/**
 * generated by fontconvert.py
 * name: bookerly_18_italic
 * size: 18
 * mode: 2-bit  compressed: true
 * Command used: /mnt/Data/Projects/github/crosspoint-reader-vi/lib/EpdFont/scripts/fontconvert.py bookerly_18_italic 18 /mnt/Data/Projects/github/crosspoint-reader-vi/lib/EpdFont/scripts/../builtinFonts/source/Bookerly/Bookerly-Italic.ttf --additional-intervals 0x0180,0x024F --additional-intervals 0x1E00,0x1EFF --2bit --compress
 */
#pragma once
#include "EpdFontData.h"

static const uint8_t bookerly_18_italicBitmaps[51865] = {
    0xA5, 0x5B, 0xBF, 0x93, 0xDD, 0xD6, 0x75, 0xBE, 0x00, 0xC4, 0x45, 0x62, 0x4C, 0x06, 0xCA, 0x0C,
    0xE5, 0x19, 0x9B, 0x13, 0xC3, 0x4D, 0x0A, 0x6B, 0xAC, 0x81, 0xFF, 0x00, 0x89, 0x80, 0x9C, 0x99,
    0xA4, 0x50, 0x21, 0x66, 0x86, 0x6B, 0xCF, 0xC8, 0x85, 0xAA, 0x34, 0x4E, 0x26, 0x6C, 0x5D, 0x88,
    0x0B, 0xD8, 0x2E, 0x52, 0xA4, 0x10, 0x8B, 0x38, 0x29, 0x54, 0xC4, 0x05, 0x8B, 0x68, 0x53, 0xD0,
    0x45, 0x0A, 0xCF, 0x84, 0xBB, 0x80, 0xC3, 0x82, 0x45, 0x0A, 0x43, 0x56, 0x32, 0x2E, 0x54, 0x08,
    0x71, 0xE8, 0x78, 0x42, 0x15, 0x42, 0x14, 0xD8, 0x7E, 0x24, 0xF1, 0x23, 0xDF, 0xF7, 0x9D, 0x8B,
    0xB7, 0xBB, 0xB4, 0x94, 0x38, 0xC9, 0xE3, 0x3E, 0xBC, 0xF7, 0xF0, 0xE3, 0xDE, 0x73, 0xCF, 0xCF,
    0xEF, 0x9C, 0x73, 0xE9, 0x9C, 0x73, 0xA7, 0x2E, 0xEF, 0xA2, 0xC9, 0x55, 0x75, 0x32, 0xB8, 0xD5,
    0xA5, 0xBD, 0x9B, 0x5C, 0xD6, 0x86, 0x3B, 0x97, 0x97, 0xD1, 0xE0, 0x0A, 0x17, 0xF5, 0xEE, 0xA6,
    0x8B, 0x5B, 0x77, 0xD7, 0xA5, 0xB5, 0x1B, 0x5D, 0x5A, 0xBA, 0xDE, 0xF9, 0x17, 0x6E, 0xAA, 0xDA,
    0x64, 0x72, 0x8D, 0x0B, 0x4A, 0xFE, 0x0E, 0xC6, 0xA4, 0x9D, 0x92, 0xBE, 0x8A, 0xC6, 0xBC, 0x9C,
    0xD2, 0xF6, 0x28, 0x1A, 0xB2, 0x72, 0x97, 0xB4, 0x37, 0xC3, 0x21, 0x73, 0xF8, 0x7C, 0x29, 0xEC,
    0x52, 0x77, 0xFE, 0x55, 0xB8, 0xAB, 0x38, 0x5E, 0x75, 0x2F, 0xE1, 0x78, 0xD3, 0xBD, 0x81, 0xE3,
    0x5D, 0xFC, 0x73, 0x20, 0x60, 0xE7, 0x82, 0xC3, 0x47, 0x87, 0x8F, 0xAE, 0x47, 0x2B, 0x5E, 0x53,
    0xCC, 0xE3, 0xCE, 0x45, 0x03, 0x68, 0x01, 0x3D, 0x51, 0xE7, 0x5C, 0xDC, 0x81, 0x24, 0x90, 0x95,
    0xE0, 0x98, 0xB4, 0xA0, 0x0C, 0xD4, 0x81, 0xB4, 0xE7, 0xEF, 0x3C, 0x6C, 0x1E, 0xD6, 0x05, 0xEF,
    0x6F, 0x9F, 0x6F, 0x8E, 0x9B, 0xE3, 0x12, 0xC3, 0x73, 0x92, 0x97, 0x30, 0x81, 0xC3, 0x14, 0x77,
    0x35, 0xC9, 0x84, 0xE3, 0x0E, 0xFF, 0x9C, 0xFB, 0x2E, 0xFE, 0xED, 0x5F, 0x1C, 0xD8, 0x05, 0x83,
    0xD3, 0x3D, 0xA2, 0x0C, 0xAF, 0xD7, 0xB1, 0xB4, 0x78, 0x9D, 0x31, 0xC1, 0xBA, 0x62, 0xF9, 0xE3,
    0x13, 0xF2, 0xE8, 0xA5, 0xBC, 0xC7, 0xE2, 0xA2, 0x5D, 0x38, 0x25, 0xED, 0x91, 0x6B, 0xA2, 0xFE,
    0x73, 0x2E, 0x6F, 0x47, 0xDC, 0x38, 0x71, 0x15, 0xEB, 0x87, 0x38, 0x64, 0x2B, 0x88, 0x0A, 0x56,
    0x4E, 0x92, 0xAE, 0x1C, 0xB8, 0x99, 0xB9, 0xE4, 0x15, 0x04, 0xA7, 0xE9, 0xE4, 0xCA, 0xB8, 0x5D,
    0xDD, 0x18, 0xF6, 0x79, 0x77, 0xE4, 0xC6, 0x64, 0xCC, 0xDB, 0x17, 0xA3, 0x29, 0x19, 0x33, 0xB7,
    0x04, 0xEB, 0x2B, 0xF5, 0xEA, 0xF2, 0xF5, 0xDF, 0xD6, 0x32, 0xC4, 0x32, 0x4A, 0x97, 0x70, 0x72,
    0x48, 0x83, 0x03, 0xD5, 0x9F, 0x44, 0x65, 0x56, 0x5E, 0xE0, 0xAC, 0x7B, 0x16, 0xEF, 0xCB, 0x3C,
    0x4F, 0x1A, 0xC0, 0xB5, 0xB4, 0x73, 0xE1, 0xBA, 0x38, 0x8A, 0x37, 0xDC, 0xA5, 0xAD, 0x8B, 0x07,
    0x17, 0xEC, 0x02, 0xF2, 0x94, 0xEC, 0x3E, 0x72, 0x11, 0x88, 0x3F, 0xC1, 0xF8, 0x10, 0xA9, 0x64,
    0x8E, 0x4B, 0x2E, 0x6D, 0x71, 0x04, 0xAB, 0xE2, 0x1E, 0x97, 0x4E, 0x30, 0xD0, 0x0E, 0x97, 0x8E,
    0x30, 0xE8, 0x91, 0xCB, 0xEA, 0xAB, 0xEE, 0x52, 0x09, 0x96, 0xB7, 0x85, 0x2B, 0xE6, 0x68, 0x48,
    0xBB, 0xBC, 0xAC, 0xD6, 0xB6, 0xB9, 0xD3, 0x65, 0x65, 0x15, 0xEE, 0x92, 0xB5, 0xD3, 0x15, 0xF7,
    0xF5, 0x32, 0x69, 0xF3, 0x32, 0xA5, 0x90, 0x70, 0x26, 0x1C, 0x38, 0x58, 0xDC, 0x71, 0xD0, 0x68,
    0x08, 0xA9, 0x5D, 0x2E, 0x1C, 0xF1, 0x0B, 0xEB, 0x0A, 0x39, 0x38, 0x2E, 0x05, 0xF8, 0xD5, 0x1A,
    0x55, 0xB8, 0x45, 0x54, 0xB9, 0x23, 0x9C, 0x84, 0x92, 0xB9, 0xF4, 0x09, 0x3E, 0x2B, 0x32, 0x78,
    0x67, 0x2B, 0x3E, 0xB8, 0x85, 0x1F, 0xF5, 0x7E, 0xD1, 0x07, 0xC6, 0x84, 0x70, 0x35, 0x0D, 0xAD,
    0xEC, 0x13, 0xDA, 0xD8, 0x4A, 0xDB, 0xCA, 0x42, 0x4A, 0xAA, 0x35, 0x91, 0xA0, 0xB8, 0x33, 0x25,
    0xD4, 0x69, 0x37, 0xC5, 0x62, 0x69, 0x3C, 0x60, 0xA2, 0xB0, 0x76, 0xD9, 0x87, 0xE4, 0x1A, 0x06,
    0xC1, 0x54, 0x98, 0x3E, 0x06, 0xEF, 0x2E, 0x35, 0x9D, 0x6B, 0x46, 0x29, 0x43, 0xFA, 0x7E, 0x1F,
    0x91, 0x9D, 0x53, 0xDE, 0x16, 0x2B, 0xB9, 0x5B, 0xBD, 0xBC, 0xBB, 0x4B, 0xC6, 0xAC, 0x11, 0x68,
    0x8F, 0x86, 0x60, 0xA6, 0xA1, 0xA4, 0x35, 0xEC, 0x4A, 0xA7, 0xA3, 0x09, 0xAA, 0x8B, 0x99, 0xE3,
    0xA9, 0xE0, 0x14, 0x2E, 0x59, 0x46, 0xC9, 0x24, 0xA1, 0x92, 0x14, 0xBD, 0xCB, 0x16, 0x52, 0xB2,
    0xDC, 0xA1, 0xBC, 0x41, 0xF7, 0xFA, 0x01, 0x35, 0x26, 0x5F, 0x77, 0x98, 0xA4, 0x74, 0xC1, 0x35,
    0xC8, 0x70, 0xB5, 0x25, 0x5E, 0xE1, 0x92, 0x6E, 0xA6, 0x3F, 0x98, 0xF2, 0xDF, 0x1B, 0x8A, 0xA8,
    0xBF, 0x19, 0xB7, 0x77, 0x93, 0x33, 0xD1, 0x47, 0x64, 0xF4, 0x20, 0x29, 0xBB, 0xAC, 0xF3, 0xEF,
    0x56, 0x33, 0xE9, 0x9D, 0xF4, 0x9A, 0x5D, 0x52, 0xA7, 0xA4, 0xC5, 0x89, 0x23, 0xF1, 0x86, 0xE2,
    0x96, 0xA8, 0xED, 0x82, 0x74, 0xD5, 0xD9, 0x49, 0xDE, 0xAD, 0x3B, 0x75, 0x57, 0xE7, 0xEF, 0xA8,
    0xB6, 0xAB, 0xE3, 0xF6, 0xA3, 0x13, 0xA7, 0xEC, 0x36, 0x3D, 0x53, 0x39, 0x9B, 0xCE, 0x7D, 0xE3,
    0xBC, 0x6A, 0x7E, 0xCF, 0x0F, 0x1D, 0x6F, 0xB7, 0x90, 0x2A, 0x8D, 0x9F, 0x6D, 0xC3, 0x9D, 0x9E,
    0x1F, 0xFB, 0xD4, 0x5F, 0x89, 0xF7, 0x64, 0xF8, 0xAB, 0x3C, 0xA1, 0x09, 0x4F, 0xBD, 0x7D, 0x6C,
    0x27, 0xA9, 0x36, 0x6E, 0xBB, 0x50, 0xF8, 0x8B, 0xE2, 0xC3, 0x39, 0x5E, 0x6C, 0x3C, 0xCA, 0xF1,
    0x2E, 0x78, 0x7E, 0xCF, 0xC6, 0x4B, 0x9C, 0x38, 0x6C, 0xE7, 0x60, 0xBA, 0xEA, 0xAA, 0x1F, 0x42,
    0x9D, 0xDE, 0x6A, 0x93, 0x75, 0xCC, 0x1E, 0x4F, 0xD5, 0x0F, 0x83, 0xEC, 0x5E, 0x17, 0xB6, 0x93,
    0x46, 0xFD, 0xD4, 0xF6, 0xC0, 0x89, 0x9F, 0x21, 0xE9, 0xFC, 0xD4, 0xE7, 0x4E, 0xD0, 0x15, 0xBD,
    0x89, 0xF7, 0xBF, 0x1C, 0x56, 0xDF, 0xB9, 0xFE, 0xB1, 0x77, 0xD8, 0x09, 0xBE, 0xBE, 0xE0, 0x8A,
    0x2E, 0x1D, 0xA1, 0x3A, 0x95, 0xCB, 0x61, 0x59, 0x69, 0x97, 0xF4, 0x69, 0xCF, 0x3B, 0xDC, 0x73,
    0x87, 0xB0, 0xAE, 0x05, 0x7F, 0xC5, 0x3A, 0x1F, 0x7C, 0x79, 0xAE, 0xDE, 0x9B, 0xAA, 0x6F, 0xDE,
    0xF2, 0xA4, 0xDA, 0xAA, 0x8C, 0x89, 0xE2, 0xBA, 0xC6, 0x13, 0x5F, 0x4C, 0xD1, 0x4F, 0x9D, 0xE7,
    0x82, 0xF9, 0x10, 0xF2, 0xE1, 0x7F, 0x7A, 0xE4, 0xE8, 0xE3, 0x1E, 0x21, 0x21, 0xF1, 0xC5, 0x47,
    0xEC, 0xEE, 0xF9, 0xE2, 0x23, 0x9F, 0xDD, 0xF8, 0x42, 0xFF, 0x13, 0x34, 0xD4, 0xEC, 0x86, 0x2E,
    0xAC, 0x5A, 0xD6, 0xC1, 0x65, 0x63, 0xB0, 0xD2, 0x2A, 0xE2, 0x09, 0xB1, 0x06, 0xEB, 0x85, 0x04,
    0xC2, 0x39, 0xDA, 0x51, 0x0C, 0xB4, 0xBB, 0x39, 0xC5, 0xD8, 0xF9, 0x3B, 0x33, 0xBF, 0xD2, 0x6A,
    0xF3, 0x7B, 0x74, 0x15, 0x53, 0x45, 0x2B, 0xB9, 0x4F, 0xFF, 0x3A, 0x36, 0x18, 0xBD, 0xE1, 0x5D,
    0xE9, 0x80, 0x01, 0x02, 0x3D, 0x50, 0xB4, 0x74, 0x93, 0x63, 0x82, 0xA8, 0xB1, 0x20, 0x22, 0xE1,
    0x2F, 0x82, 0x07, 0x1D, 0x60, 0x40, 0x0D, 0x1E, 0x5F, 0x69, 0xA8, 0x01, 0x0F, 0xCE, 0x5D, 0xDF,
    0x6B, 0x21, 0xD6, 0x94, 0xD1, 0xCD, 0xEE, 0x70, 0xBD, 0x73, 0x87, 0x9C, 0x7C, 0x32, 0xA5, 0x80,
    0xFA, 0x42, 0x06, 0xB2, 0x23, 0xEA, 0xC5, 0x62, 0x6A, 0x48, 0x1E, 0x34, 0xA4, 0xC5, 0x6E, 0xAA,
    0x4A, 0xBB, 0xFF, 0xEC, 0xA6, 0x78, 0xC4, 0x62, 0x1F, 0x95, 0x90, 0x75, 0x82, 0x90, 0xB5, 0xAD,
    0x1F, 0x4B, 0x27, 0xC1, 0x9C, 0x1D, 0xEB, 0x1F, 0x5D, 0x86, 0xF9, 0xDA, 0x68, 0xE6, 0xFA, 0x31,
    0x4F, 0xD1, 0xC2, 0x99, 0x63, 0xC8, 0xDF, 0xB0, 0x51, 0x5C, 0x42, 0xC3, 0x72, 0x32, 0xF5, 0x82,
    0xEC, 0x4E, 0x26, 0xB9, 0x33, 0x8D, 0xC3, 0xEB, 0x39, 0x39, 0x9F, 0xF2, 0x64, 0xC4, 0xE5, 0x04,
    0x1C, 0xDB, 0x5F, 0xA1, 0x60, 0x52, 0xCA, 0x24, 0xB6, 0x67, 0x8E, 0x8F, 0x8F, 0xEB, 0x8A, 0x61,
    0x33, 0x61, 0x30, 0x2C, 0xA9, 0x87, 0xFD, 0x46, 0x54, 0x2C, 0xFF, 0x89, 0x10, 0x89, 0x03, 0x38,
    0x44, 0x99, 0x94, 0x58, 0x2E, 0x60, 0xC0, 0xC0, 0x65, 0x7C, 0x09, 0xCC, 0xDF, 0xD3, 0x41, 0x7E,
    0x3B, 0xCE, 0x13, 0xF2, 0x70, 0xC5, 0xA4, 0x49, 0x93, 0xA1, 0x48, 0x3F, 0x75, 0xA8, 0xC8, 0x96,
    0xEE, 0x44, 0x8C, 0xC8, 0x26, 0x31, 0xD9, 0x9E, 0x18, 0xD1, 0x9A, 0x4D, 0xD4, 0x83, 0xC9, 0x7D,
    0xFA, 0x0E, 0xF8, 0xA2, 0x28, 0x0A, 0x77, 0x06, 0x89, 0x5E, 0xBA, 0xE6, 0x65, 0x11, 0xC8, 0x77,
    0x4D, 0x1A, 0x84, 0xDE, 0xBC, 0xD2, 0xA3, 0x1C, 0x2F, 0x5A, 0xB9, 0xE2, 0xA5, 0xE1, 0xC8, 0x6F,
    0xD2, 0x21, 0xF7, 0x98, 0x35, 0xDA, 0x51, 0x18, 0x2B, 0xF9, 0x5F, 0xB4, 0x45, 0x0D, 0x21, 0x40,
    0x40, 0x78, 0xBC, 0x20, 0xC9, 0xB0, 0x7F, 0xD0, 0xD0, 0x50, 0x7C, 0x69, 0x1F, 0x2E, 0x87, 0x87,
    0xCB, 0x75, 0xB2, 0x01, 0x1E, 0x15, 0xAF, 0xF9, 0xF9, 0xE3, 0x63, 0xE0, 0x03, 0x0E, 0xA1, 0x00,
    0xC1, 0xB5, 0x25, 0x72, 0xFB, 0x8D, 0x0C, 0xA9, 0xDF, 0xD4, 0x39, 0x50, 0xE4, 0x6D, 0xA8, 0x1A,
    0xE0, 0xDC, 0x60, 0xCA, 0xAF, 0x3B, 0xED, 0x49, 0xF1, 0xA7, 0x92, 0x81, 0x3C, 0x10, 0xAD, 0x0F,
    0xC8, 0x55, 0x12, 0xFF, 0x15, 0x45, 0xFC, 0x58, 0x92, 0x29, 0x86, 0x6D, 0x5D, 0xEE, 0x8C, 0x39,
    0xE9, 0xFE, 0x64, 0x34, 0x6F, 0xD2, 0x8D, 0x78, 0xB8, 0x82, 0xC3, 0x6B, 0xF4, 0xF3, 0x95, 0xA1,
    0x8D, 0x07, 0xE7, 0xF5, 0xF5, 0x39, 0xD9, 0xD2, 0x4E, 0x94, 0xB5, 0x38, 0x3C, 0x22, 0xCD, 0x9C,
    0xA9, 0xD8, 0xED, 0x55, 0xE2, 0x4C, 0x4F, 0xB2, 0xB3, 0x89, 0x1B, 0x2E, 0x04, 0x4C, 0x5F, 0x31,
    0xD3, 0x77, 0x20, 0x04, 0xD0, 0x50, 0x75, 0x58, 0x44, 0xB8, 0x70, 0xF9, 0xE9, 0xC0, 0x45, 0xAD,
    0x0A, 0xAE, 0xFA, 0xBA, 0xF0, 0x6B, 0xD6, 0xC5, 0xC6, 0x50, 0x30, 0xB2, 0x84, 0xA6, 0x41, 0xED,
    0xD2, 0xE5, 0x06, 0x63, 0xAF, 0xAC, 0xA8, 0x59, 0x4A, 0xAF, 0x48, 0x1C, 0x77, 0x47, 0xD5, 0xFA,
    0x88, 0xDC, 0x7D, 0xF3, 0xA7, 0x87, 0x5F, 0x65, 0x7C, 0xCB, 0x7F, 0x30, 0x42, 0x83, 0x80, 0xCC,
    0xB2, 0xEE, 0x77, 0x64, 0x1A, 0xB6, 0x66, 0x92, 0x97, 0x28, 0x58, 0xD4, 0x9E, 0x38, 0xF2, 0x43,
    0xAA, 0x96, 0xED, 0xAF, 0x2B, 0xB2, 0xB4, 0x9E, 0x37, 0x76, 0xBA, 0xF4, 0x3A, 0x4D, 0x47, 0xAD,
    0x9B, 0x24, 0x82, 0xA0, 0x3E, 0xE7, 0x65, 0x42, 0x32, 0x3D, 0xA1, 0xB4, 0xD2, 0xF9, 0xF5, 0x89,
    0xAA, 0xD7, 0xD4, 0x52, 0x00, 0xDC, 0x8A, 0xBF, 0x99, 0x02, 0x83, 0xA2, 0x34, 0x24, 0xA4, 0x01,
    0xAC, 0xA2, 0x56, 0x17, 0x3F, 0xC7, 0xC8, 0x0A, 0xE2, 0x08, 0xBC, 0x62, 0x14, 0x22, 0xF4, 0xFA,
    0xCA, 0x22, 0xCE, 0xF4, 0x81, 0x4C, 0x74, 0xE1, 0xF4, 0x64, 0x48, 0x0F, 0x52, 0xE3, 0x11, 0x4F,
    0x87, 0x13, 0x28, 0x87, 0xAA, 0x37, 0x2D, 0x0E, 0xE9, 0xF2, 0xD6, 0x4A, 0x81, 0x2C, 0x9C, 0x9C,
    0x12, 0xB9, 0x64, 0xAE, 0xEF, 0xBA, 0x34, 0x88, 0x2B, 0x90, 0x27, 0x28, 0x1E, 0x37, 0x03, 0x69,
    0x02, 0xA0, 0x9B, 0xC5, 0xD6, 0x1A, 0x2B, 0x07, 0x79, 0xF8, 0xB5, 0x72, 0x59, 0xE9, 0xFE, 0x6B,
    0xAB, 0x19, 0xB8, 0xE4, 0x82, 0xB8, 0x3A, 0x06, 0x26, 0x7A, 0xF4, 0xDA, 0xCA, 0x61, 0xA0, 0x83,
    0xA1, 0x77, 0x2B, 0x64, 0x9F, 0xD7, 0x22, 0x33, 0x53, 0x99, 0x0C, 0x55, 0x37, 0x27, 0x63, 0x72,
    0x9E, 0xBC, 0xB1, 0x4A, 0x1F, 0x4B, 0xDA, 0x29, 0x69, 0xFA, 0x23, 0xCF, 0xAC, 0xA4, 0x4B, 0x76,
    0x11, 0x20, 0x66, 0x59, 0x3C, 0x85, 0x17, 0xED, 0xF5, 0x19, 0x50, 0x93, 0x8D, 0xC9, 0x04, 0x37,
    0xFA, 0x99, 0x7D, 0x70, 0x03, 0xBB, 0xA0, 0x03, 0x98, 0xCB, 0x54, 0xFF, 0x93, 0x5E, 0x5F, 0x90,
    0xA8, 0xF0, 0x07, 0xB5, 0xAA, 0x14, 0x75, 0x26, 0x3A, 0x4E, 0x04, 0x19, 0xAC, 0xF7, 0xE4, 0xFC,
    0x9D, 0x71, 0x6D, 0xA2, 0xAD, 0xC8, 0x49, 0xE2, 0xA9, 0x5A, 0xF8, 0x87, 0x48, 0xAB, 0xA0, 0x8D,
    0x73, 0x01, 0xC0, 0x59, 0x98, 0x98, 0x90, 0x45, 0x88, 0x68, 0x76, 0xBA, 0xD5, 0xC5, 0xB3, 0x61,
    0x5A, 0xBC, 0x60, 0xCA, 0xC7, 0xAF, 0x82, 0x31, 0xFF, 0xAA, 0xDC, 0xE0, 0xE9, 0x17, 0x4E, 0x2E,
    0x5B, 0xEC, 0x35, 0x14, 0x88, 0x49, 0xC3, 0xC5, 0x8F, 0x1C, 0x73, 0xE4, 0xEC, 0x6C, 0x64, 0xE2,
    0x52, 0x21, 0xB1, 0x41, 0xD7, 0x39, 0x31, 0xE7, 0x05, 0x2B, 0x35, 0x6B, 0xD3, 0x19, 0x3C, 0x08,
    0xB6, 0xD1, 0x9B, 0x1E, 0x13, 0x20, 0x24, 0x0F, 0xD9, 0x07, 0x4B, 0xC8, 0xD0, 0x60, 0x80, 0x95,
    0x41, 0x10, 0x8C, 0xCD, 0x6B, 0xFE, 0x41, 0x63, 0x28, 0x68, 0xFD, 0xE1, 0x27, 0x22, 0x6E, 0x84,
    0x61, 0xA9, 0x09, 0xFD, 0x39, 0x3A, 0x71, 0x05, 0xAC, 0x80, 0xDA, 0xD3, 0x9B, 0x5D, 0xF6, 0x27,
    0xFF, 0x78, 0xB9, 0x65, 0x38, 0x76, 0x95, 0x13, 0x50, 0xFA, 0x43, 0x60, 0x86, 0x5F, 0x07, 0x20,
    0x53, 0x4E, 0x92, 0x6B, 0xA9, 0xBC, 0x57, 0x92, 0xBF, 0xC5, 0x3C, 0xB1, 0x62, 0x72, 0x40, 0xBD,
    0x85, 0x26, 0xB7, 0x69, 0x8B, 0xD1, 0xD7, 0x65, 0xE7, 0x4E, 0xE8, 0x14, 0xFF, 0x0A, 0x3E, 0xBE,
    0x03, 0x2C, 0xED, 0xF0, 0xC0, 0x89, 0x12, 0xBC, 0xAB, 0x2E, 0xF9, 0x91, 0x47, 0xDD, 0x30, 0x5B,
    0x00, 0x0D, 0xA4, 0x78, 0xF7, 0x06, 0xC2, 0x71, 0x00, 0x7F, 0x60, 0x7C, 0xC2, 0xFF, 0xFC, 0x15,
    0xA6, 0x02, 0x05, 0x52, 0x41, 0xA4, 0x89, 0xB4, 0xA9, 0x39, 0xE9, 0xC2, 0x1D, 0x74, 0x3F, 0xAF,
    0x79, 0xE2, 0x08, 0x4E, 0x23, 0xE9, 0x11, 0xAB, 0xF3, 0xAF, 0x4E, 0x10, 0x79, 0xBA, 0xBE, 0x03,
    0x63, 0xC0, 0x6C, 0xCD, 0x90, 0x52, 0x89, 0xCB, 0xE0, 0x36, 0x3D, 0xD7, 0x5E, 0x71, 0xB2, 0x6E,
    0x13, 0xCF, 0xA6, 0x0A, 0x94, 0x67, 0xE2, 0xB5, 0xF6, 0x8A, 0x00, 0xE1, 0xEA, 0xD5, 0x1C, 0x8E,
    0x4B, 0xEA, 0x0D, 0x5D, 0x7E, 0xF0, 0x49, 0x3A, 0xF7, 0x3D, 0x0B, 0x1F, 0xB3, 0x1F, 0xD4, 0x5C,
    0x42, 0x33, 0x58, 0x72, 0x39, 0xD9, 0x47, 0x65, 0x33, 0xBF, 0xAA, 0xA9, 0xD3, 0x7B, 0x3B, 0x33,
    0x03, 0xA1, 0x81, 0x68, 0x50, 0x66, 0x10, 0x8E, 0x82, 0x96, 0xC8, 0x87, 0x66, 0xC3, 0x34, 0x32,
    0x8E, 0x23, 0x13, 0x54, 0x61, 0xAE, 0x2A, 0xAF, 0x15, 0x22, 0xE8, 0xF0, 0xA4, 0x94, 0xAB, 0xB4,
    0xF1, 0xF1, 0xF1, 0xB1, 0x87, 0x07, 0x90, 0x76, 0xE0, 0xF1, 0xC0, 0x6C, 0x50, 0xA2, 0xB1, 0xE0,
    0x59, 0x58, 0x3C, 0x64, 0x38, 0x4F, 0x96, 0x97, 0x19, 0x22, 0xAA, 0x75, 0x47, 0x71, 0x2A, 0x80,
    0xBE, 0x76, 0x7C, 0x4B, 0x4B, 0x86, 0x9B, 0xD2, 0xBA, 0x7F, 0xF3, 0x46, 0x0B, 0x84, 0x00, 0xF9,
    0x61, 0x20, 0x70, 0x0D, 0xFC, 0x42, 0xE4, 0x91, 0x41, 0x81, 0x36, 0x8C, 0x2A, 0xA7, 0x26, 0xA5,
    0x2A, 0xF1, 0x0B, 0xE7, 0xE8, 0x97, 0xA4, 0xFF, 0xB9, 0x8E, 0xCB, 0x21, 0x82, 0x02, 0xE8, 0xC9,
    0x46, 0x01, 0x9C, 0x9E, 0x54, 0x14, 0x2D, 0xC9, 0x51, 0x66, 0x1F, 0x69, 0x6D, 0x69, 0x4F, 0x52,
    0x2B, 0x86, 0x7C, 0xCC, 0xC1, 0x80, 0xD0, 0x1E, 0xAC, 0xC7, 0x77, 0x26, 0x06, 0xBD, 0xB5, 0xE6,
    0xDA, 0x6E, 0x9D, 0xB1, 0xF8, 0xEB, 0xB7, 0x4D, 0x28, 0x35, 0x01, 0xC3, 0x0A, 0xAF, 0xF7, 0xD3,
    0xAF, 0x21, 0x20, 0xC0, 0x46, 0x76, 0xC1, 0xA2, 0xAC, 0x8E, 0x80, 0x4D, 0xF2, 0xDC, 0x51, 0xFD,
    0xC2, 0x5A, 0x41, 0xCE, 0x38, 0x69, 0xA1, 0x55, 0x27, 0x9C, 0x31, 0x7C, 0x77, 0xA6, 0x05, 0x72,
    0x63, 0xC1, 0xB2, 0x0F, 0xFD, 0xE6, 0xD2, 0x0C, 0xF7, 0x28, 0x8A, 0xFD, 0x16, 0x90, 0x12, 0x64,
    0x83, 0x6C, 0x2E, 0x68, 0x5A, 0x63, 0x0F, 0x2D, 0xA2, 0xF6, 0x00, 0xC4, 0x3B, 0xDB, 0xCF, 0x1E,
    0xDF, 0x56, 0xB2, 0xBD, 0x1A, 0x28, 0x91, 0xF2, 0xFC, 0x6E, 0xE3, 0x5E, 0x17, 0xEC, 0x82, 0x19,
    0x18, 0x38, 0x2B, 0x4C, 0x2E, 0x70, 0xC2, 0x5C, 0xBA, 0x37, 0x37, 0x38, 0xF8, 0x48, 0xF0, 0x52,
    0x74, 0x45, 0x72, 0x57, 0xFC, 0x50, 0x86, 0x24, 0x5E, 0xF3, 0x83, 0x64, 0xE1, 0x3A, 0x95, 0x01,
    0x0B, 0x24, 0xED, 0x84, 0x4A, 0xAD, 0xE8, 0x15, 0x44, 0xED, 0x28, 0x0F, 0x6F, 0xEE, 0x64, 0x04,
    0xC4, 0x45, 0xC7, 0xDC, 0x18, 0x2E, 0x5A, 0xE5, 0x3E, 0xC8, 0xDF, 0xD5, 0x94, 0xBB, 0x97, 0x6A,
    0x3F, 0x3A, 0xA7, 0xC5, 0x97, 0x0E, 0xF1, 0xD2, 0x12, 0x16, 0x7F, 0x74, 0xCD, 0xF1, 0xF1, 0xAC,
    0x67, 0xDF, 0x10, 0xF9, 0x6F, 0x88, 0xFA, 0x6F, 0x88, 0xAD, 0xD7, 0x44, 0xFB, 0xC6, 0x34, 0xE3,
    0xA8, 0xF2, 0x24, 0xAA, 0xE3, 0xF7, 0xA5, 0x9B, 0x93, 0x2F, 0x56, 0x78, 0x57, 0x63, 0xFC, 0xB6,
    0x24, 0xD8, 0xA7, 0xC2, 0xC8, 0xB7, 0x75, 0x84, 0x2B, 0x26, 0x0A, 0x90, 0x72, 0x03, 0xEA, 0x13,
    0x92, 0x83, 0x56, 0xA2, 0x05, 0x92, 0x3A, 0x93, 0x52, 0x8E, 0x46, 0x0A, 0xAF, 0xE9, 0x54, 0x27,
    0x25, 0x81, 0x8F, 0x7B, 0x78, 0x2C, 0xA5, 0x0A, 0xA5, 0x43, 0x49, 0x4D, 0x3D, 0x7D, 0x41, 0x90,
    0x68, 0xA3, 0xCF, 0x8B, 0xB3, 0xDE, 0xC3, 0xA5, 0xF8, 0xD1, 0x6B, 0xB7, 0xA5, 0xA7, 0xBD, 0xDC,
    0xF3, 0x45, 0x6D, 0x10, 0xFE, 0xF2, 0x0F, 0xF6, 0xFB, 0x07, 0x7F, 0x45, 0x8D, 0x0E, 0xD6, 0xBF,
    0x10, 0x04, 0xB2, 0x70, 0xDF, 0x7A, 0x15, 0x7D, 0xDB, 0x34, 0x60, 0x27, 0xD8, 0xB6, 0xE0, 0xCA,
    0x77, 0x6E, 0x48, 0x47, 0x31, 0x2F, 0xB5, 0x4C, 0x71, 0xDC, 0x4D, 0x62, 0xD8, 0x28, 0x1F, 0x79,
    0xCB, 0x88, 0x3B, 0xCF, 0x98, 0xA2, 0x3D, 0x23, 0x17, 0xC7, 0xE0, 0xF0, 0x10, 0x8F, 0x62, 0x0E,
    0xB0, 0x07, 0x09, 0x3F, 0x87, 0x49, 0xC6, 0x42, 0xF9, 0x65, 0xA1, 0x24, 0xBB, 0x50, 0x0A, 0x49,
    0x40, 0x9E, 0x76, 0x84, 0x5F, 0x59, 0xCB, 0x08, 0x52, 0xB5, 0xA1, 0x6A, 0x4F, 0xE2, 0x15, 0x4B,
    0x37, 0x32, 0x25, 0x01, 0x5D, 0xF0, 0x50, 0x6F, 0xC2, 0xC4, 0x48, 0x96, 0x84, 0xFB, 0xA9, 0xB5,
    0x44, 0x40, 0x8A, 0x4C, 0xAB, 0xC7, 0x94, 0x24, 0x22, 0x6F, 0xCF, 0xB2, 0x54, 0x92, 0x4C, 0x5E,
    0x91, 0x3D, 0xE2, 0xC8, 0xEA, 0x19, 0xE6, 0xF5, 0xEE, 0xEC, 0xC6, 0xD5, 0xFC, 0x92, 0x68, 0x30,
    0xF8, 0x21, 0x46, 0xEF, 0x6F, 0xCC, 0xFC, 0x8D, 0xE4, 0xA8, 0xAC, 0x75, 0xF2, 0x69, 0xDF, 0xF2,
    0xD4, 0x88, 0x4F, 0xDF, 0x48, 0xDE, 0xF1, 0xE6, 0x03, 0xAC, 0x27, 0xC4, 0x3B, 0x03, 0x9B, 0xA1,
    0x62, 0x5C, 0x60, 0x19, 0x4B, 0x10, 0x7E, 0x69, 0xB6, 0xAC, 0x70, 0xA3, 0x92, 0xE3, 0x91, 0xBA,
    0x6D, 0xB2, 0x8B, 0x27, 0x87, 0xA7, 0x4E, 0x7A, 0xE3, 0xB2, 0x93, 0xCB, 0x53, 0x27, 0x23, 0x3F,
    0x7D, 0x66, 0xD3, 0x4A, 0x50, 0xD4, 0x4A, 0x67, 0xF3, 0x67, 0x5A, 0xB0, 0xF9, 0x13, 0xAB, 0xE4,
    0x98, 0x5C, 0xD7, 0xA7, 0xFD, 0xCE, 0xAF, 0xA9, 0x69, 0xDE, 0x61, 0x8D, 0x4F, 0x3D, 0x18, 0x9D,
    0x7B, 0x50, 0xE9, 0x83, 0x65, 0xCD, 0xC9, 0xF0, 0xF1, 0x23, 0xE1, 0xC4, 0xE7, 0x39, 0x57, 0x34,
    0xDE, 0x20, 0x47, 0x0D, 0x6D, 0x0A, 0x90, 0x54, 0xBB, 0x0B, 0x1E, 0xE0, 0xBA, 0xF3, 0xAA, 0x61,
    0x26, 0x56, 0xE7, 0xB8, 0x89, 0x5C, 0xA4, 0x1B, 0x5B, 0x2D, 0xB7, 0x2A, 0x6A, 0xAD, 0x2E, 0xED,
    0xC4, 0xDD, 0x78, 0xD4, 0x47, 0x38, 0xF9, 0xFC, 0xC2, 0x3E, 0x8A, 0x3F, 0xD3, 0xB0, 0xE9, 0x8F,
    0xCD, 0x21, 0xAC, 0xA3, 0xE1, 0x08, 0x0B, 0x85, 0x6B, 0x63, 0xDA, 0xFD, 0xA6, 0x29, 0xFF, 0x3B,
    0xAB, 0x11, 0xAA, 0xD4, 0x11, 0xE3, 0xCC, 0xB6, 0x6A, 0xA2, 0x6F, 0xCC, 0xA5, 0xD4, 0x13, 0x0B,
    0x5F, 0xAD, 0xA4, 0x94, 0x99, 0xA3, 0xA4, 0x3F, 0xA5, 0x0D, 0x22, 0x5C, 0x43, 0x0E, 0x40, 0xD2,
    0xBD, 0xCC, 0x30, 0xB3, 0x09, 0x08, 0x7C, 0xA9, 0x07, 0xB4, 0xC3, 0x81, 0x22, 0x79, 0xB4, 0x41,
    0x7E, 0x13, 0xC3, 0x59, 0x7E, 0x65, 0x2C, 0x35, 0x29, 0x88, 0xDD, 0x26, 0x21, 0x05, 0xDE, 0xF8,
    0x5C, 0x42, 0x36, 0xEC, 0x25, 0x71, 0xEE, 0x81, 0x7C, 0x7B, 0xE0, 0x8B, 0x64, 0x70, 0xC4, 0x64,
    0xC5, 0x4D, 0xCA, 0x5B, 0x88, 0x9F, 0xA3, 0x51, 0x0E, 0xCC, 0x40, 0x93, 0xF7, 0x5F, 0x64, 0xAE,
    0x0E, 0xAA, 0xA3, 0xA9, 0x10, 0xDA, 0xD0, 0x01, 0xD1, 0x8F, 0x30, 0xCF, 0x54, 0x19, 0x2E, 0x55,
    0xA2, 0x54, 0x1A, 0x30, 0xCC, 0x69, 0x88, 0x39, 0xCC, 0xFE, 0x48, 0x16, 0x89, 0x79, 0x26, 0x7D,
    0xC9, 0x01, 0x8A, 0xF8, 0xE5, 0x34, 0x6B, 0x23, 0x56, 0x0A, 0xDD, 0x0C, 0xC3, 0x67, 0xE9, 0xC2,
    0x4D, 0xF0, 0x03, 0x6D, 0x43, 0x18, 0xC1, 0x62, 0xE8, 0x42, 0x58, 0x91, 0xF6, 0x57, 0x55, 0x3E,
    0x00, 0x48, 0xBA, 0xAB, 0x12, 0xC1, 0x10, 0x0F, 0x3B, 0x7E, 0x49, 0xFA, 0xF8, 0xA3, 0x41, 0x01,
    0xA9, 0x8B, 0x9E, 0x74, 0xFA, 0x82, 0x08, 0xD7, 0xF2, 0x4B, 0x0E, 0xE7, 0x50, 0x52, 0xA9, 0x0A,
    0xE6, 0x29, 0xFA, 0xC2, 0x63, 0x60, 0x95, 0x4F, 0x0B, 0x5C, 0xC0, 0xD6, 0xB7, 0xF8, 0x25, 0x50,
    0x22, 0x16, 0x2F, 0xC8, 0xEE, 0x07, 0xCB, 0x60, 0x1A, 0x7D, 0xA1, 0x57, 0xB9, 0x74, 0xDD, 0xD4,
    0x2A, 0x67, 0x79, 0x12, 0x3C, 0xC8, 0xB4, 0xBA, 0xDE, 0x50, 0x12, 0x4B, 0x42, 0x14, 0x2C, 0x61,
    0x39, 0xCF, 0x4D, 0x1E, 0x04, 0x4F, 0x96, 0x4A, 0x71, 0xB2, 0xF0, 0x97, 0x93, 0xEA, 0x7C, 0xD1,
    0x7F, 0xCC, 0xAA, 0xF5, 0x44, 0xC3, 0x2A, 0x94, 0x1B, 0x0F, 0x0D, 0xFB, 0x02, 0x58, 0x42, 0xD1,
    0xC6, 0x2A, 0x2C, 0xE7, 0x2D, 0x0B, 0x49, 0x69, 0x9B, 0xF6, 0xF2, 0x43, 0xC8, 0x6C, 0x58, 0x5D,
    0xCA, 0xEA, 0x88, 0x75, 0x66, 0xAE, 0x67, 0xCA, 0xE8, 0x55, 0xCA, 0x60, 0x66, 0x31, 0x89, 0x49,
    0x7A, 0x61, 0x9F, 0x55, 0x65, 0x75, 0x23, 0x56, 0x50, 0x49, 0x52, 0xBE, 0x98, 0x76, 0x30, 0x01,
    0xE0, 0xD2, 0x92, 0x99, 0xD7, 0x06, 0xD9, 0x1C, 0x17, 0x16, 0x7A, 0x2D, 0x73, 0xE5, 0x19, 0x32,
    0xB1, 0x58, 0xC0, 0x38, 0x35, 0xB2, 0x6E, 0x10, 0x60, 0xE5, 0x19, 0x01, 0xBC, 0x52, 0x46, 0xC4,
    0x5F, 0xF9, 0xD4, 0x96, 0x2A, 0x16, 0x4D, 0xB1, 0xD2, 0xA3, 0x8E, 0xA7, 0xC2, 0x59, 0x98, 0x39,
    0xFB, 0x89, 0x8A, 0x0E, 0x8B, 0x55, 0x2D, 0xDE, 0x55, 0xE5, 0x44, 0xBE, 0xDE, 0x15, 0xF7, 0x77,
    0xB2, 0x76, 0xD9, 0x78, 0x25, 0xAB, 0x4A, 0x06, 0x5D, 0x59, 0x7C, 0x32, 0xAA, 0x60, 0xB0, 0x0B,
    0x55, 0x5B, 0xB2, 0x74, 0xA6, 0x65, 0xA4, 0x47, 0x44, 0x88, 0xD6, 0x7F, 0x67, 0xDD, 0x29, 0x31,
    0x1F, 0x6C, 0x8E, 0x89, 0x45, 0x5C, 0xBE, 0x5E, 0x3B, 0xBE, 0xF6, 0x34, 0xE0, 0x4B, 0x14, 0x48,
    0x61, 0x26, 0x86, 0x32, 0xC0, 0x44, 0x42, 0x32, 0xAA, 0x7D, 0x28, 0x64, 0x92, 0xAA, 0xFC, 0xA0,
    0xF4, 0x15, 0xDC, 0x81, 0xB2, 0xC3, 0x40, 0x40, 0x49, 0x2E, 0xA4, 0xA8, 0x30, 0x13, 0x09, 0xFC,
    0x64, 0x0F, 0xAF, 0xFD, 0x7F, 0x03, 0xE9, 0x6D, 0xC3, 0xCA, 0xDE, 0xBB, 0x2A, 0xEB, 0x54, 0x2D,
    0x23, 0x97, 0x33, 0x18, 0xAD, 0xC4, 0x40, 0x07, 0x61, 0x6E, 0x49, 0xDF, 0xE5, 0x37, 0x08, 0x43,
    0x77, 0x86, 0xDE, 0x64, 0xB3, 0x00, 0x45, 0x62, 0x30, 0x3E, 0x65, 0xAD, 0x59, 0x67, 0xD3, 0x7A,
    0xB0, 0xC4, 0x93, 0xC6, 0xE6, 0xD6, 0xBC, 0x68, 0x51, 0xDB, 0x67, 0x55, 0xDA, 0xE7, 0x6A, 0xF8,
    0x90, 0x0E, 0xAF, 0xF0, 0xD5, 0x02, 0x85, 0xDD, 0xD1, 0xCA, 0x00, 0x74, 0x59, 0x9C, 0x87, 0x30,
    0x11, 0x29, 0x44, 0x2C, 0x91, 0xAE, 0x0F, 0x55, 0x10, 0xA1, 0x2E, 0xB4, 0xB6, 0x0C, 0x73, 0xB1,
    0xD1, 0xEA, 0x73, 0xDD, 0xC6, 0x17, 0x5A, 0x13, 0x9F, 0x28, 0xF8, 0x9A, 0x20, 0xEF, 0x7C, 0x6C,
    0xFD, 0xAB, 0x2D, 0xF7, 0x48, 0xB6, 0x94, 0xF2, 0x86, 0x6F, 0x25, 0x28, 0x35, 0x93, 0xEC, 0xE2,
    0x8D, 0xE3, 0xBC, 0xE3, 0x2F, 0xA7, 0xC0, 0x38, 0xA1, 0x3A, 0x60, 0xAD, 0x8A, 0xA0, 0xF0, 0x3A,
    0x44, 0x04, 0xFC, 0x6D, 0x80, 0x1D, 0x82, 0x14, 0xFD, 0x35, 0x1D, 0x76, 0xD6, 0x85, 0xE6, 0x08,
    0xE8, 0x20, 0x16, 0x15, 0x47, 0x6D, 0x2E, 0x33, 0xE1, 0x4C, 0x89, 0x49, 0xA2, 0xBC, 0x04, 0x2E,
    0x79, 0xE7, 0x7C, 0x45, 0x06, 0xE6, 0xC3, 0x29, 0x90, 0xB6, 0x2D, 0x12, 0x63, 0x21, 0x2C, 0x8F,
    0xB4, 0x9C, 0x11, 0xB1, 0xEA, 0x19, 0x13, 0xE3, 0xF5, 0x15, 0x2E, 0xBC, 0xB0, 0xEC, 0x07, 0x94,
    0x7E, 0xF6, 0x6D, 0x21, 0x81, 0x91, 0x81, 0x1A, 0xB8, 0xBF, 0x8B, 0xD5, 0xA8, 0x9B, 0xA0, 0x43,
    0xC8, 0x74, 0xE0, 0x3C, 0x46, 0x7A, 0x90, 0x3E, 0x9C, 0xF7, 0xB5, 0x3B, 0xA1, 0x6A, 0xC5, 0x25,
    0xA5, 0xC6, 0xB1, 0xD6, 0x4E, 0x4D, 0xB6, 0x5A, 0x5C, 0x28, 0xB6, 0x56, 0xED, 0x67, 0x28, 0x83,
    0x97, 0x48, 0xEB, 0x91, 0x3F, 0xE4, 0xF4, 0x7B, 0x45, 0x8D, 0xF0, 0xB2, 0xBA, 0xE6, 0xD1, 0xD7,
    0x66, 0x82, 0x3C, 0xD5, 0x2B, 0x4A, 0x43, 0xE9, 0xCF, 0x11, 0xE0, 0x5E, 0x13, 0x18, 0xB9, 0xA7,
    0x63, 0xF6, 0xF0, 0xCE, 0xE3, 0xE3, 0xE9, 0x04, 0xCF, 0x44, 0x3F, 0x19, 0x98, 0xED, 0xBC, 0xDA,
    0x42, 0xAF, 0xDF, 0x78, 0x01, 0x23, 0x05, 0xC3, 0xB3, 0x24, 0x73, 0x8B, 0x08, 0x69, 0xB7, 0x8F,
    0xB4, 0x9F, 0x04, 0x2B, 0xFF, 0xBB, 0x60, 0x5F, 0xB9, 0x8B, 0x0F, 0x06, 0xCD, 0x03, 0x69, 0x08,
    0xA3, 0x99, 0x69, 0x37, 0x7D, 0x24, 0xDE, 0x85, 0x5C, 0xE4, 0x54, 0xB0, 0x44, 0xBB, 0x8E, 0x0A,
    0xB4, 0x8B, 0x59, 0xCD, 0x6C, 0xCF, 0x4F, 0xDB, 0x07, 0x87, 0x0F, 0x94, 0x64, 0xD1, 0x3F, 0x0A,
    0x1C, 0x8D, 0x06, 0x50, 0x06, 0xCB, 0x15, 0x2C, 0xC3, 0x8F, 0x7B, 0xEB, 0xB8, 0x74, 0x5B, 0x03,
    0x26, 0xB7, 0xFE, 0x43, 0xE1, 0x3F, 0x88, 0x6C, 0x6A, 0x83, 0x7A, 0xA5, 0xDB, 0x1C, 0xA2, 0xB9,
    0x66, 0x9F, 0x4B, 0xC2, 0x96, 0x68, 0x53, 0xC0, 0xB1, 0x42, 0x99, 0x82, 0x95, 0xA4, 0x7A, 0x71,
    0xBE, 0x5A, 0xC5, 0xF5, 0x5C, 0x77, 0xE7, 0xD7, 0x80, 0x7C, 0x90, 0x6B, 0xD8, 0x11, 0x63, 0x44,
    0xEC, 0x1C, 0xD9, 0x1A, 0x14, 0x2A, 0x0C, 0xCC, 0x98, 0xFA, 0xB8, 0xD5, 0x38, 0xBB, 0x1A, 0x27,
    0x1B, 0x63, 0x54, 0x65, 0xA1, 0xB6, 0x2A, 0x7D, 0x17, 0x47, 0x8C, 0x2C, 0x6A, 0x31, 0xB8, 0xA8,
    0x25, 0x09, 0x38, 0x1D, 0x99, 0x71, 0x5B, 0x58, 0x5F, 0xE0, 0xD4, 0xFA, 0x0F, 0xC6, 0xE0, 0x1F,
    0x99, 0xC4, 0xDE, 0x95, 0x40, 0x92, 0x0F, 0x7A, 0xB3, 0xA4, 0xD6, 0xED, 0xEB, 0xA1, 0x66, 0xA8,
    0x5B, 0xDD, 0xEA, 0x62, 0x3D, 0xE9, 0xB9, 0xC3, 0xEB, 0xF6, 0xF1, 0x87, 0x94, 0xCB, 0x55, 0x6A,
    0xCF, 0xFD, 0x55, 0x91, 0x30, 0x59, 0x67, 0x5A, 0x59, 0x2A, 0xB2, 0x69, 0x49, 0x74, 0x3A, 0xA3,
    0x32, 0x64, 0xD5, 0xCC, 0xC8, 0x2F, 0x02, 0x10, 0xCB, 0xB9, 0x56, 0x09, 0x03, 0x2B, 0x66, 0x8D,
    0x07, 0x54, 0xD2, 0x58, 0x1A, 0xAD, 0x28, 0x6B, 0x83, 0x69, 0xD1, 0xB2, 0xAB, 0x32, 0x7D, 0x77,
    0xC7, 0xE5, 0xB2, 0xD7, 0x92, 0xF4, 0x4A, 0xFB, 0x46, 0xB6, 0x09, 0xAD, 0x3F, 0x94, 0xB6, 0x95,
    0x22, 0x63, 0x51, 0x9E, 0x04, 0x93, 0x9A, 0x1D, 0x73, 0x84, 0xC8, 0xCD, 0xE8, 0x15, 0xED, 0xD8,
    0xCD, 0x94, 0x49, 0xF4, 0xB0, 0x29, 0x75, 0x10, 0xF3, 0x3F, 0x47, 0x04, 0x57, 0xE7, 0xE3, 0xB4,
    0x70, 0xD1, 0xCF, 0xE9, 0x64, 0xC2, 0xC7, 0xA0, 0xEF, 0xFD, 0xD6, 0x59, 0x59, 0x29, 0x37, 0xC4,
    0x33, 0x6D, 0xA5, 0x89, 0xAA, 0xF7, 0x95, 0x7B, 0xF2, 0x3F, 0xDE, 0xA7, 0x71, 0x59, 0x7F, 0xB1,
    0xB8, 0x81, 0x14, 0x04, 0xEC, 0xB8, 0x06, 0xFF, 0x30, 0xA6, 0xCA, 0x6A, 0xE0, 0x09, 0x30, 0x1A,
    0xA3, 0x22, 0xED, 0x01, 0xAB, 0x56, 0xC7, 0x6D, 0x31, 0x3E, 0xA6, 0x83, 0xE1, 0xA4, 0xAA, 0x36,
    0x78, 0x34, 0x25, 0x1E, 0xE5, 0x79, 0xEC, 0x67, 0x65, 0x90, 0xD8, 0xBB, 0xFA, 0x62, 0xF4, 0x9D,
    0x52, 0x9B, 0xAA, 0x1A, 0xBC, 0x1F, 0x94, 0x59, 0x45, 0x1F, 0xD9, 0x33, 0xB3, 0x0F, 0x20, 0xA5,
    0x2F, 0x8E, 0x6B, 0x1E, 0x70, 0x56, 0x13, 0x34, 0xA6, 0x2C, 0x50, 0x87, 0x2D, 0x47, 0x80, 0x26,
    0x1D, 0x60, 0x59, 0x80, 0x23, 0xB1, 0x95, 0x11, 0x4A, 0x3A, 0x1F, 0xBE, 0x9F, 0x13, 0xBC, 0xBD,
    0x01, 0x27, 0xD5, 0xAC, 0x3F, 0x5B, 0xD9, 0x75, 0xE9, 0x33, 0x86, 0xEB, 0xDA, 0xFC, 0x22, 0x97,
    0x83, 0x31, 0xD3, 0xCD, 0x67, 0x4A, 0x44, 0xB5, 0x40, 0xC5, 0x60, 0x3D, 0x3E, 0x09, 0xA1, 0xF8,
    0x36, 0x89, 0x4E, 0x3E, 0x52, 0xF5, 0x77, 0x99, 0xCE, 0x6A, 0x3C, 0xB1, 0xA9, 0x93, 0x39, 0x73,
    0xB9, 0x0A, 0xEB, 0x58, 0xF9, 0x78, 0x67, 0xC8, 0xF8, 0xC2, 0x65, 0x9F, 0x0B, 0x3F, 0x2A, 0xF7,
    0x00, 0xC2, 0x17, 0x9B, 0x2C, 0xD1, 0x25, 0x6A, 0xEC, 0xB4, 0xF5, 0xA0, 0xCE, 0x1E, 0x1E, 0xFF,
    0xED, 0x24, 0x70, 0xD2, 0x21, 0xD5, 0x85, 0xF7, 0x45, 0xAE, 0x0C, 0x41, 0xBD, 0xE0, 0x5D, 0xA6,
    0x79, 0x23, 0x03, 0xD2, 0x62, 0xA9, 0x20, 0x76, 0x6C, 0xDD, 0x85, 0x76, 0x3F, 0xB9, 0x41, 0x5C,
    0xCD, 0xA0, 0x2A, 0xB6, 0xA5, 0x29, 0x00, 0x0D, 0x41, 0xCF, 0x87, 0x13, 0xE2, 0x56, 0xE8, 0x3C,
    0xB8, 0x17, 0x8E, 0x89, 0x9A, 0x4D, 0xEA, 0x59, 0x28, 0xD7, 0x1E, 0x23, 0xCB, 0x28, 0xB7, 0x3D,
    0x13, 0x93, 0x0A, 0xA7, 0xEE, 0xF4, 0xBA, 0x75, 0xDF, 0x7C, 0x06, 0x47, 0xA8, 0x66, 0x30, 0xCD,
    0xDE, 0x84, 0x66, 0x49, 0xE7, 0x3B, 0x9E, 0x82, 0x63, 0xD6, 0xCB, 0x2B, 0x7C, 0x97, 0xAE, 0xF2,
    0x8D, 0xC1, 0x13, 0x77, 0x36, 0xCC, 0xAF, 0x31, 0x84, 0x86, 0x01, 0x72, 0x28, 0x66, 0xA3, 0xE4,
    0xB2, 0x3D, 0x1A, 0xFA, 0xDB, 0x05, 0xF8, 0x4A, 0xDB, 0x92, 0xC0, 0x11, 0xFD, 0x68, 0x89, 0x7F,
    0xBA, 0xB0, 0x09, 0x39, 0x91, 0x4E, 0xFB, 0xC1, 0x0B, 0xDF, 0x3E, 0x9C, 0x6C, 0xFE, 0xF3, 0x03,
    0x15, 0x67, 0xA4, 0xF1, 0x89, 0x83, 0xFA, 0x8C, 0x01, 0x9F, 0xF6, 0xE4, 0xFE, 0x6F, 0x56, 0x7D,
    0xF4, 0x7F, 0x5B, 0x75, 0x7E, 0x71, 0x98, 0xE7, 0x4E, 0xCF, 0x18, 0xE0, 0x85, 0x52, 0x7B, 0x43,
    0xD6, 0x56, 0x0B, 0xA6, 0x18, 0xBF, 0xA0, 0x41, 0x40, 0x0B, 0x63, 0xB8, 0x09, 0x37, 0x41, 0x97,
    0xB3, 0xB6, 0xC0, 0x3C, 0x70, 0x35, 0x05, 0xBE, 0x26, 0xDC, 0x64, 0x33, 0x03, 0x43, 0xE3, 0x8E,
    0x02, 0xB3, 0x47, 0x23, 0x86, 0xCD, 0xEE, 0xF7, 0xBE, 0xA1, 0x2A, 0x89, 0xEB, 0xF5, 0xF0, 0x18,
    0xAF, 0x67, 0xDC, 0x8B, 0x30, 0xB7, 0xA6, 0x2E, 0xBA, 0x74, 0x80, 0x0D, 0xDE, 0x25, 0xD7, 0xF3,
    0xFA, 0x32, 0x1B, 0x31, 0x85, 0x30, 0x0B, 0xE2, 0xEE, 0xCB, 0xF0, 0x76, 0x82, 0xA1, 0x8D, 0x76,
    0xE5, 0xF8, 0x86, 0x47, 0xC1, 0x25, 0x64, 0xEC, 0x35, 0x24, 0x6A, 0x85, 0x8C, 0x16, 0xCD, 0xD4,
    0x28, 0xC3, 0xD4, 0x6B, 0x0B, 0xF3, 0xFA, 0xFB, 0xFE, 0xB7, 0x67, 0x77, 0x32, 0x7E, 0xB1, 0x6A,
    0xA7, 0x9B, 0x45, 0xBA, 0xCE, 0xD9, 0x1A, 0xAE, 0x33, 0xFC, 0x75, 0x21, 0xF0, 0x7C, 0xCD, 0x3D,
    0xE3, 0xE1, 0x84, 0xDA, 0x4D, 0x6A, 0xB4, 0x04, 0x5F, 0xDD, 0x6D, 0xA9, 0xB1, 0x0C, 0x53, 0x01,
    0x42, 0xCD, 0x64, 0xC5, 0x08, 0xF5, 0x96, 0xB3, 0xF6, 0x0A, 0x0C, 0xE5, 0x9B, 0x70, 0xE5, 0xF9,
    0x1F, 0x10, 0x7D, 0x64, 0xEF, 0xE1, 0x70, 0x13, 0x60, 0xE3, 0x88, 0x0D, 0xEE, 0xA6, 0x07, 0x21,
    0xCA, 0x77, 0xE0, 0xE1, 0x67, 0x46, 0xA9, 0x49, 0xF5, 0x4D, 0x01, 0x5E, 0x36, 0xF3, 0x06, 0x0C,
    0x9C, 0xB0, 0x21, 0x85, 0x94, 0x8E, 0xF5, 0xCE, 0x94, 0x76, 0x92, 0x2D, 0x5F, 0x9B, 0xAC, 0x7E,
    0x54, 0xDC, 0x80, 0xA9, 0x3C, 0x63, 0x90, 0xFA, 0x06, 0x4B, 0x02, 0x3D, 0xC2, 0x45, 0x9B, 0xFF,
    0xF3, 0x29, 0x4C, 0xE1, 0x59, 0xCE, 0x7F, 0x6A, 0xA4, 0xE5, 0xE7, 0xFA, 0xB7, 0xF2, 0xFB, 0x0A,
    0x87, 0xEC, 0xD4, 0xC2, 0x86, 0xDF, 0x28, 0xBA, 0xA4, 0x67, 0x67, 0x96, 0x23, 0x72, 0x5D, 0x97,
    0xF7, 0xED, 0x7F, 0x38, 0xB2, 0x8E, 0x62, 0xE0, 0x12, 0xBF, 0x72, 0xAE, 0xD7, 0x77, 0xD6, 0x35,
    0x3F, 0xEB, 0x7E, 0x57, 0x34, 0xBE, 0x9C, 0xB5, 0x22, 0x44, 0x3C, 0xBF, 0x47, 0x28, 0x63, 0xD9,
    0x10, 0x1E, 0x82, 0x95, 0xC2, 0x9A, 0x80, 0xA0, 0x0B, 0xB5, 0xD5, 0x46, 0x79, 0x9C, 0x9A, 0x23,
    0x6C, 0x10, 0x94, 0x42, 0x05, 0x82, 0x0D, 0xDC, 0xF5, 0xC2, 0x2B, 0xC9, 0x69, 0x90, 0x75, 0xC9,
    0xFB, 0x5F, 0xBE, 0x3F, 0xA5, 0xF7, 0xDF, 0x1D, 0xD6, 0xF5, 0x9D, 0x75, 0xC8, 0xD7, 0xAE, 0x82,
    0x0F, 0xA8, 0xE1, 0x22, 0x2E, 0x59, 0xEA, 0x73, 0x03, 0xE0, 0x8F, 0x70, 0xE5, 0x03, 0x70, 0xD3,
    0x2D, 0x50, 0xE0, 0x53, 0x8C, 0xB1, 0x24, 0x5D, 0x38, 0x21, 0xF9, 0x1A, 0x73, 0xE8, 0x49, 0xF1,
    0xFB, 0x90, 0x1F, 0xE4, 0x55, 0xB1, 0x1D, 0x73, 0x6B, 0x1F, 0xDD, 0x9F, 0x05, 0x03, 0xFE, 0x8E,
    0xAD, 0x27, 0x30, 0xB1, 0x63, 0xF9, 0x26, 0x62, 0x69, 0xFD, 0xF2, 0x85, 0xA8, 0xE3, 0x23, 0xB5,
    0xB0, 0x9B, 0x4B, 0x1F, 0x2F, 0xB6, 0x83, 0x60, 0xD8, 0x64, 0x6D, 0xC6, 0xB0, 0x61, 0x2F, 0x0F,
    0xBE, 0xBC, 0x3F, 0x0D, 0xD6, 0xC3, 0xD2, 0x8A, 0x4F, 0x5B, 0x3D, 0x6E, 0xCB, 0x47, 0x6C, 0xC7,
    0xC8, 0x86, 0xE6, 0x2C, 0xCD, 0xF7, 0x95, 0x13, 0xEF, 0xA4, 0x2F, 0x0E, 0xEB, 0xA7, 0x32, 0x2F,
    0xEE, 0x87, 0x88, 0x2E, 0x0E, 0xE1, 0xCE, 0x0F, 0xD1, 0xBB, 0x33, 0x50, 0xF8, 0x14, 0x65, 0xE7,
    0xCE, 0x19, 0x92, 0x49, 0x3B, 0x4D, 0x5F, 0x18, 0x79, 0xB6, 0x4E, 0x2A, 0xE4, 0xD6, 0x7B, 0x79,
    0x1B, 0x8B, 0x08, 0x54, 0x4E, 0x0E, 0xD6, 0x3B, 0xD0, 0x5F, 0x68, 0xCC, 0x74, 0x6D, 0xEB, 0x0A,
    0x9C, 0xCA, 0x37, 0x14, 0x92, 0x3F, 0xF4, 0x4C, 0xFB, 0x98, 0xE4, 0x51, 0x66, 0xAB, 0xDC, 0xBD,
    0xD3, 0x88, 0x85, 0x16, 0x89, 0x0D, 0x9E, 0x3E, 0x38, 0xA3, 0xDA, 0x68, 0x0A, 0x6D, 0xCA, 0x42,
    0xC0, 0xBB, 0x51, 0x1F, 0x61, 0x79, 0x1D, 0xC6, 0x90, 0xEC, 0x5C, 0x6E, 0x09, 0xC3, 0x5A, 0x73,
    0xB1, 0xA9, 0x2A, 0x04, 0x56, 0xA1, 0x07, 0x11, 0x88, 0xFB, 0x07, 0x8B, 0x35, 0xB6, 0xF6, 0xB9,
    0xE5, 0x15, 0xAB, 0xD4, 0x6B, 0xF7, 0x5D, 0x63, 0x79, 0x30, 0x31, 0x94, 0x75, 0x08, 0xBB, 0x6D,
    0xC6, 0xE0, 0xDC, 0x36, 0x90, 0x72, 0x33, 0xD0, 0x78, 0x08, 0xBE, 0x0F, 0xB1, 0x10, 0x10, 0xCC,
    0x09, 0x88, 0x28, 0xD2, 0x5F, 0xCC, 0x2E, 0xFB, 0x47, 0x30, 0x27, 0xF9, 0x80, 0x5B, 0xB5, 0x9E,
    0x74, 0x78, 0x16, 0x76, 0x35, 0x31, 0xA3, 0x58, 0xE8, 0x59, 0x70, 0x65, 0x07, 0x91, 0xB0, 0x32,
    0xDE, 0x33, 0xA7, 0x19, 0x69, 0x4F, 0x42, 0x03, 0x55, 0x00, 0xFB, 0xCC, 0xBF, 0x75, 0x0F, 0xD0,
    0xEB, 0x67, 0xC3, 0x44, 0xBB, 0xA9, 0x08, 0xC4, 0xD8, 0x07, 0xEB, 0x37, 0xF2, 0x28, 0x0A, 0xC0,
    0x8D, 0x94, 0x99, 0x88, 0xD1, 0xB2, 0xBD, 0x5E, 0xAB, 0x81, 0x3B, 0x56, 0x0D, 0x98, 0xB2, 0x73,
    0xCF, 0x94, 0x17, 0x49, 0x94, 0x90, 0x40, 0x6F, 0x8D, 0x0E, 0x7E, 0xBE, 0x1C, 0x4C, 0x9F, 0x4B,
    0x3E, 0x1A, 0xF3, 0xB5, 0x6E, 0xD8, 0x7F, 0x72, 0xE7, 0x1A, 0x98, 0x5A, 0x2A, 0x23, 0x6F, 0xB4,
    0x6F, 0x36, 0x7F, 0x7C, 0x7F, 0xD3, 0x7D, 0xFA, 0xBB, 0x1E, 0x92, 0xAA, 0x2D, 0x2A, 0xC6, 0x88,
    0x45, 0x52, 0xE0, 0x65, 0x33, 0x6C, 0x31, 0xA8, 0xDA, 0xD4, 0x56, 0xA3, 0x17, 0x1B, 0x1F, 0x93,
    0x61, 0xD3, 0xB4, 0x79, 0xFF, 0xF0, 0xC7, 0xFF, 0x22, 0x0C, 0xAD, 0x41, 0x47, 0xF6, 0xD6, 0xCE,
    0x09, 0xB9, 0x69, 0x33, 0xA0, 0x85, 0x7E, 0x95, 0x03, 0xE2, 0x3D, 0x21, 0x5F, 0x99, 0x7E, 0xE5,
    0x69, 0x99, 0x80, 0x0C, 0xE0, 0x54, 0x64, 0x1D, 0x3C, 0x70, 0xE9, 0x3F, 0x40, 0x4E, 0x55, 0xF1,
    0xE1, 0x10, 0x3E, 0x19, 0xE1, 0xD4, 0x17, 0x90, 0x58, 0xF4, 0x21, 0xDD, 0x74, 0x4A, 0x47, 0xBE,
    0xE0, 0x61, 0xF0, 0x7B, 0xBA, 0x32, 0x33, 0x80, 0xB0, 0x5F, 0xD3, 0x11, 0x92, 0x22, 0x59, 0x65,
    0xC5, 0x2A, 0x65, 0xDD, 0xA3, 0x08, 0x58, 0x52, 0x82, 0x02, 0x22, 0x1C, 0xAC, 0x0F, 0x80, 0xF0,
    0xD7, 0x91, 0x4D, 0x95, 0xDA, 0x3C, 0x7C, 0x50, 0xE6, 0x6B, 0xBC, 0x0E, 0x87, 0x6A, 0x15, 0xCD,
    0x4C, 0x36, 0xD9, 0xAB, 0x56, 0xC8, 0x8A, 0xA9, 0xE5, 0x69, 0x67, 0x5B, 0x43, 0xFD, 0xD9, 0x8A,
    0x2B, 0x5C, 0xB6, 0xB3, 0x5F, 0xDE, 0xBD, 0x58, 0xFC, 0xF5, 0xBD, 0x75, 0x28, 0x26, 0x80, 0x24,
    0x38, 0xAA, 0xE0, 0x6D, 0x97, 0xDC, 0x72, 0x7F, 0x5A, 0x16, 0x00, 0x7D, 0x03, 0x52, 0xC7, 0x6A,
    0xC5, 0x64, 0x70, 0xD4, 0xEE, 0x28, 0xFD, 0xD9, 0x58, 0xDD, 0xE9, 0x41, 0x59, 0x38, 0x4E, 0x9C,
    0x68, 0x8A, 0x7E, 0x39, 0x60, 0x90, 0x65, 0x88, 0x9E, 0x10, 0x80, 0x13, 0x79, 0x11, 0xAB, 0xAF,
    0x35, 0x70, 0x9D, 0x74, 0x26, 0xA1, 0xED, 0x01, 0x3D, 0xA5, 0x83, 0x75, 0xE3, 0xF0, 0x50, 0xA5,
    0x5E, 0x4C, 0x4B, 0x7B, 0x54, 0x17, 0x66, 0x36, 0x55, 0x71, 0xD3, 0x33, 0x2C, 0x95, 0x60, 0x8D,
    0x2F, 0x64, 0xAD, 0x54, 0x68, 0xD6, 0x4D, 0x08, 0x5B, 0x60, 0xEC, 0xC2, 0x9D, 0x81, 0xBC, 0x69,
    0x83, 0xDF, 0xDC, 0x26, 0x49, 0x3A, 0xC1, 0x8C, 0x21, 0x59, 0x6B, 0x92, 0x88, 0xBC, 0xA1, 0x5F,
    0x80, 0xDC, 0x4E, 0x0B, 0xBA, 0xE4, 0xF7, 0x99, 0xEE, 0x2C, 0x03, 0x78, 0x9C, 0x32, 0x9E, 0x72,
    0xEB, 0x92, 0xB2, 0xB1, 0x8A, 0x60, 0x8E, 0x9D, 0xED, 0xD6, 0x2A, 0x32, 0xD2, 0xDB, 0x40, 0x94,
    0xE5, 0x75, 0x09, 0xFE, 0x8F, 0x2F, 0x32, 0xB2, 0xBF, 0xFE, 0x03, 0x1A, 0xC3, 0x40, 0x5F, 0x3F,
    0x31, 0xAA, 0x2D, 0xFB, 0x2D, 0x5B, 0x37, 0x1E, 0x58, 0x55, 0x4E, 0x3D, 0xFD, 0xBC, 0x4F, 0x99,
    0x71, 0xA6, 0x03, 0xD7, 0xD0, 0xB2, 0x61, 0x84, 0x9B, 0xC3, 0x29, 0x27, 0xB4, 0x5E, 0xB8, 0x07,
    0x8A, 0x79, 0x1B, 0xE2, 0x57, 0x44, 0xB3, 0xCA, 0x30, 0xA6, 0x5B, 0x62, 0x66, 0x39, 0xE4, 0x43,
    0x5D, 0xB4, 0xCC, 0xEB, 0xFF, 0x0D, 0xAA, 0x24, 0x87, 0xAB, 0x8A, 0x82, 0xA6, 0xC0, 0xC2, 0x38,
    0x31, 0xA2, 0x39, 0xE8, 0x5D, 0x12, 0x5E, 0x3C, 0xCA, 0xDF, 0xC2, 0xC3, 0x27, 0x27, 0x04, 0xA5,
    0xF3, 0xA8, 0xAE, 0x60, 0x47, 0xA5, 0x5E, 0xEB, 0x40, 0x9B, 0x1A, 0x70, 0x26, 0x14, 0x40, 0xB0,
    0x96, 0x98, 0x21, 0x06, 0x45, 0x62, 0x2A, 0x00, 0xA6, 0xC3, 0x92, 0xF3, 0xD6, 0x97, 0x38, 0xD2,
    0x9E, 0xAA, 0x8C, 0x98, 0xBC, 0xDB, 0x9A, 0x3A, 0x8A, 0xCA, 0xD0, 0xB1, 0x6B, 0x7B, 0xFF, 0xAC,
    0x4D, 0x61, 0xDE, 0xDA, 0xCD, 0x2D, 0xFB, 0xF2, 0xCA, 0x6D, 0xE7, 0x77, 0x10, 0xB9, 0xE7, 0x8F,
    0xFF, 0xC6, 0x2A, 0x2D, 0x00, 0x34, 0x31, 0xD5, 0x51, 0x81, 0xA3, 0xAA, 0x9B, 0x51, 0x5E, 0x87,
    0xCD, 0xA5, 0x9E, 0x93, 0x77, 0x98, 0x35, 0xA5, 0x38, 0xB2, 0x56, 0xFD, 0x75, 0xEE, 0x9E, 0xE2,
    0x2E, 0x86, 0x86, 0x86, 0xBA, 0x52, 0x22, 0xB4, 0x07, 0x1A, 0x45, 0x99, 0x9F, 0x00, 0x7B, 0x4F,
    0x50, 0x1A, 0x0E, 0x97, 0xAF, 0xEF, 0x60, 0x08, 0x46, 0x49, 0x77, 0x4D, 0x7B, 0xD6, 0xCE, 0x70,
    0xCB, 0x39, 0xF0, 0x32, 0xF8, 0x9D, 0x6A, 0x09, 0x63, 0xD7, 0xC1, 0xF1, 0x31, 0xB9, 0xF7, 0x8D,
    0x62, 0x8D, 0x96, 0x62, 0x4D, 0x31, 0x24, 0x32, 0xB8, 0xA3, 0xE2, 0xBA, 0x3B, 0xC1, 0x20, 0xF3,
    0x60, 0x85, 0x12, 0xD9, 0xB3, 0x35, 0x6E, 0xD4, 0x44, 0xDC, 0xD9, 0x50, 0xDB, 0xEE, 0xCB, 0xD4,
    0xEF, 0xBC, 0xA4, 0x63, 0x31, 0x5F, 0x04, 0x9C, 0x92, 0x2B, 0xAB, 0x00, 0xE9, 0x37, 0x41, 0xCE,
    0xE7, 0x19, 0xB5, 0x78, 0x59, 0xF5, 0xB4, 0xCE, 0xB0, 0x23, 0x13, 0x44, 0x6E, 0xE5, 0xE0, 0xB9,
    0xEA, 0xE5, 0xD2, 0xCD, 0x59, 0x19, 0x0D, 0x4D, 0x99, 0x7D, 0x6B, 0x7D, 0x38, 0xB1, 0x69, 0x14,
    0x32, 0x5C, 0x5C, 0xF6, 0xDB, 0x5F, 0xEE, 0xCA, 0x53, 0x71, 0x65, 0x98, 0x21, 0x7E, 0x74, 0x08,
    0x29, 0x3C, 0x61, 0x5C, 0x58, 0x6C, 0x7A, 0xA5, 0xBC, 0x72, 0x61, 0xAC, 0x92, 0x8F, 0x92, 0x09,
    0x49, 0x3C, 0xB5, 0xCB, 0xB3, 0xFB, 0x52, 0xD6, 0x66, 0x2F, 0xCF, 0xC9, 0xC0, 0x0A, 0xA5, 0x0A,
    0x48, 0xA5, 0x0C, 0xF7, 0x18, 0x11, 0x84, 0xF3, 0xA4, 0x03, 0x7D, 0x93, 0xFC, 0x72, 0xE6, 0xFD,
    0xB1, 0xF0, 0x8C, 0x9D, 0xF2, 0x76, 0xC6, 0x11, 0x73, 0x9A, 0xD8, 0x76, 0x2A, 0x9C, 0xFC, 0x16,
    0xAC, 0x53, 0xFA, 0x7A, 0x00, 0x9F, 0x0F, 0x69, 0x10, 0x27, 0xBB, 0x2F, 0xA6, 0x7D, 0x9E, 0xBD,
    0xD9, 0x12, 0xD2, 0x8C, 0x88, 0x37, 0xB4, 0x27, 0x01, 0xCC, 0xCB, 0xAC, 0xF5, 0x04, 0xDF, 0x75,
    0x71, 0x07, 0x3D, 0x2D, 0x7E, 0xCC, 0x2D, 0x12, 0x75, 0xD5, 0x06, 0xAC, 0x7A, 0x45, 0x23, 0x4D,
    0xAA, 0x93, 0x03, 0x4A, 0xE9, 0xE8, 0xB8, 0x2B, 0x12, 0x84, 0x54, 0xCC, 0x08, 0xA9, 0x98, 0x59,
    0x6D, 0xB5, 0x87, 0x82, 0x41, 0x79, 0x3A, 0x62, 0xD1, 0x9A, 0x22, 0x58, 0xB7, 0x9D, 0x72, 0xCD,
    0x7E, 0xA3, 0x34, 0xBF, 0xDC, 0x76, 0x80, 0xA4, 0x27, 0x40, 0xE7, 0x29, 0x7C, 0xD7, 0xFD, 0x95,
    0xEA, 0x9B, 0x8E, 0xDC, 0x87, 0xD7, 0x12, 0x91, 0x72, 0x6D, 0x15, 0xCB, 0x73, 0x74, 0x7C, 0x90,
    0x66, 0x53, 0xCB, 0xE7, 0xC9, 0xC1, 0xE6, 0x2D, 0x96, 0xC2, 0x75, 0x61, 0xE8, 0x82, 0x9D, 0xC4,
    0x0F, 0x5B, 0x16, 0x6D, 0x82, 0x8F, 0xC6, 0x94, 0xD6, 0x30, 0x9D, 0x60, 0xFE, 0x70, 0x7C, 0x23,
    0xFB, 0x36, 0x24, 0x77, 0x72, 0x35, 0xFE, 0x09, 0x2B, 0x75, 0x95, 0x7B, 0xA4, 0x8D, 0x26, 0x4A,
    0xB5, 0xE1, 0x6F, 0xB4, 0x47, 0xAE, 0xB2, 0x9A, 0x4A, 0x5A, 0xBA, 0xF1, 0x5C, 0x50, 0x42, 0x56,
    0x73, 0xD0, 0xB3, 0xBA, 0xB6, 0x76, 0xE0, 0x78, 0xBA, 0x96, 0x6F, 0xAF, 0x6E, 0xFD, 0x13, 0xC4,
    0x7C, 0x6A, 0x48, 0xB4, 0x63, 0x32, 0x95, 0xFC, 0xE7, 0xB0, 0x95, 0xE1, 0x7C, 0xEE, 0xAE, 0x18,
    0x6F, 0x49, 0x6D, 0x3A, 0xED, 0xAB, 0x9B, 0xF1, 0x7B, 0xBC, 0xEF, 0xAA, 0x36, 0xD2, 0x0E, 0x10,
    0xFB, 0xE7, 0x91, 0xBC, 0x07, 0xE5, 0x8A, 0x80, 0x09, 0xDF, 0x56, 0xC3, 0x03, 0x63, 0xED, 0x70,
    0xAB, 0x97, 0x6C, 0x2F, 0x0B, 0x58, 0x12, 0xF6, 0x2C, 0x4F, 0x90, 0x0B, 0xAA, 0xAD, 0x04, 0x4D,
    0xA9, 0x6D, 0x75, 0xB5, 0x0A, 0x50, 0xAD, 0x2F, 0x9B, 0xEC, 0xD4, 0x75, 0x52, 0x3F, 0xD9, 0x4A,
    0xFF, 0x91, 0xF6, 0x11, 0x27, 0x9A, 0x85, 0x7B, 0xD2, 0xA3, 0x21, 0x97, 0x3D, 0x5D, 0xD5, 0xF1,
    0xAE, 0x8E, 0xAA, 0x83, 0x88, 0xEC, 0xE8, 0x97, 0xED, 0xBE, 0x0C, 0x1B, 0x9D, 0x6B, 0xF8, 0x1B,
    0xF2, 0x4B, 0xDB, 0x3D, 0x9E, 0x53, 0x85, 0xED, 0xEA, 0x1D, 0x45, 0x58, 0x05, 0xA5, 0xC2, 0x52,
    0x66, 0xDB, 0x8E, 0xF0, 0xF5, 0x32, 0x44, 0x34, 0xA9, 0x4F, 0xE2, 0x75, 0x7D, 0xB5, 0x3B, 0x6D,
    0xD6, 0x5D, 0x5A, 0x5F, 0x59, 0xC0, 0xC8, 0xBC, 0x3D, 0x30, 0x03, 0x9E, 0x7C, 0xD4, 0xD6, 0x66,
    0xE1, 0x71, 0xDB, 0xC4, 0xEC, 0xF7, 0x2C, 0xFB, 0x5A, 0xAA, 0x1B, 0x8A, 0xE5, 0x5A, 0xFE, 0x0A,
    0xF3, 0xEA, 0x19, 0x39, 0x76, 0xD2, 0xDE, 0x50, 0xF3, 0xD2, 0x87, 0x03, 0x5A, 0x34, 0xCC, 0x30,
    0xFF, 0x27, 0x19, 0xCA, 0xB4, 0xB7, 0xAF, 0xBC, 0x54, 0x8E, 0xB8, 0x7D, 0x98, 0xEB, 0x28, 0x94,
    0x2C, 0x9A, 0xE7, 0x94, 0x21, 0xAF, 0xFE, 0x7C, 0x79, 0xEE, 0xB2, 0xF5, 0x76, 0xCC, 0x0A, 0xED,
    0xF2, 0x91, 0xE5, 0x97, 0x27, 0x06, 0x5B, 0x1B, 0xD6, 0x92, 0x5B, 0x6E, 0x0B, 0x55, 0xA2, 0x15,
    0x2A, 0x96, 0x14, 0x6C, 0xF4, 0xC4, 0x1D, 0x27, 0x9A, 0x54, 0x4F, 0xAC, 0xDD, 0x4D, 0xE6, 0xD8,
    0xBA, 0x14, 0x9C, 0xBB, 0xD4, 0x33, 0x3D, 0x3D, 0xF1, 0x97, 0xAE, 0xF2, 0x12, 0xB7, 0x1C, 0x6F,
    0x97, 0x4A, 0x5C, 0x8A, 0xFC, 0x25, 0x77, 0x7B, 0xFB, 0x3F, 0x1B, 0xEA, 0x03, 0x01, 0x09, 0xCD,
    0x06, 0x6F, 0x48, 0x23, 0x73, 0xDC, 0x13, 0xA3, 0x2E, 0x3D, 0xFB, 0x7A, 0xFE, 0xAC, 0xCF, 0xD2,
    0x57, 0x5F, 0xB3, 0xDA, 0x89, 0x70, 0xF2, 0x88, 0x69, 0xF1, 0x74, 0xF1, 0x26, 0xE6, 0xEA, 0x7E,
    0xD0, 0x23, 0xCB, 0xAD, 0x79, 0xE5, 0x48, 0xFB, 0x7B, 0xB8, 0xAB, 0x8A, 0x7B, 0xBC, 0xF8, 0xDF,
    0x13, 0xC2, 0x47, 0x2E, 0x7C, 0x19, 0xE1, 0xEF, 0x26, 0xA0, 0x78, 0xFA, 0xDE, 0xD8, 0xAC, 0xD3,
    0x5D, 0xC0, 0xA4, 0xA8, 0xB6, 0x1A, 0x8A, 0x73, 0xFF, 0x05, 0xDD, 0x5B, 0x3D, 0x90, 0xDD, 0xD6,
    0x75, 0xBE, 0x00, 0xB8, 0x0B, 0x67, 0x10, 0x19, 0xCC, 0x0C, 0xE9, 0x58, 0x61, 0x22, 0xA4, 0xC9,
    0x8C, 0xAD, 0x48, 0x44, 0x0A, 0x17, 0x29, 0x48, 0x02, 0x96, 0x67, 0xA2, 0xC2, 0x85, 0x58, 0x70,
    0xE5, 0x19, 0xB3, 0x50, 0x8A, 0x14, 0xB1, 0x26, 0x33, 0x4C, 0x91, 0x82, 0x05, 0x49, 0x40, 0x6A,
    0x54, 0xA4, 0xE0, 0x16, 0x89, 0x53, 0xB8, 0x08, 0x0B, 0x16, 0xF6, 0x6A, 0x26, 0x72, 0x66, 0x58,
    0x70, 0x26, 0xDC, 0x05, 0x24, 0x16, 0x2C, 0x54, 0x18, 0x32, 0xC7, 0xE3, 0x52, 0x90, 0x25, 0x67,
    0xC6, 0x51, 0x41, 0x48, 0x41, 0x4C, 0xAC, 0x04, 0xE0, 0xE6, 0xFB, 0xCE, 0xB9, 0xEF, 0xBD, 0x7D,
    0xDC, 0xA5, 0xCB, 0x28, 0xE2, 0x9B, 0x5D, 0xBC, 0x5D, 0x3C, 0xE0, 0xE2, 0xFC, 0xDD, 0xEF, 0x7C,
    0xE7, 0xDC, 0xFB, 0x8C, 0x31, 0x26, 0xAE, 0x8D, 0x35, 0xE1, 0x68, 0x92, 0xD6, 0x7C, 0xD3, 0xE8,
    0xCB, 0xCB, 0xCD, 0x69, 0x63, 0x7A, 0x13, 0x34, 0x26, 0x31, 0xE6, 0x8A, 0xF1, 0x3B, 0x5E, 0x75,
    0xCE, 0x78, 0xBD, 0x89, 0x1A, 0x93, 0x19, 0x6F, 0x34, 0x51, 0x67, 0xB2, 0xD2, 0x4C, 0xF2, 0x5E,
    0x9B, 0xD9, 0x44, 0x3D, 0xFF, 0xBF, 0x69, 0x16, 0x2F, 0x5C, 0x6F, 0xCC, 0x80, 0xDF, 0x24, 0x37,
    0xBC, 0xDF, 0xE0, 0x36, 0x63, 0x82, 0x16, 0x87, 0xB3, 0x3C, 0xBB, 0x6F, 0x4C, 0x61, 0x27, 0x93,
    0x5A, 0xDB, 0xC6, 0xFB, 0x9F, 0xCD, 0xC1, 0x98, 0x78, 0x75, 0xE5, 0xF1, 0x39, 0xA7, 0x8D, 0x3F,
    0xE0, 0xC1, 0x59, 0x7E, 0xC6, 0x84, 0x5D, 0x58, 0x9B, 0xCA, 0xDC, 0x36, 0x51, 0x1B, 0xE7, 0x78,
    0x08, 0x3E, 0xEE, 0x20, 0x50, 0xE5, 0xB7, 0x26, 0x1C, 0xCE, 0x99, 0x7F, 0xC8, 0xEE, 0x37, 0xE9,
    0x0B, 0x76, 0xBA, 0xD4, 0xC6, 0xD6, 0xF6, 0x18, 0x0B, 0xCF, 0x4B, 0x3F, 0xC2, 0xE8, 0x7C, 0x1C,
    0xAE, 0xD3, 0xE7, 0x9E, 0xE3, 0x73, 0x1B, 0x43, 0x3D, 0x8C, 0x89, 0x16, 0x62, 0x2D, 0x5E, 0x1B,
    0x3C, 0xF8, 0xB8, 0x1B, 0xB7, 0xDA, 0x11, 0xC7, 0xEA, 0xCD, 0xD9, 0x50, 0x41, 0x8B, 0xBB, 0x3A,
    0x3C, 0x1C, 0xCF, 0x36, 0xD7, 0x44, 0x9F, 0xCB, 0x18, 0x94, 0xB7, 0x53, 0x51, 0x1E, 0x73, 0x1E,
    0x2B, 0x19, 0xC5, 0xF2, 0x50, 0x58, 0x0E, 0x60, 0x2D, 0xC5, 0xF8, 0xDE, 0xB4, 0x75, 0x1E, 0x03,
    0x70, 0x40, 0x13, 0xC8, 0xF3, 0x42, 0x3E, 0x82, 0xE6, 0xA2, 0x71, 0x68, 0x06, 0x37, 0x58, 0xCA,
    0xC1, 0x9E, 0x2E, 0x8C, 0xF9, 0x5A, 0x9D, 0xE1, 0x5E, 0xAB, 0xC7, 0x32, 0x6B, 0x2F, 0x5A, 0x4B,
    0x2F, 0x98, 0xF3, 0x2A, 0xE8, 0x71, 0xC3, 0x9B, 0x6E, 0xFB, 0x43, 0x34, 0xBF, 0x30, 0x98, 0xBD,
    0xCA, 0x3E, 0x80, 0x73, 0xE6, 0xB7, 0x66, 0x8E, 0xE6, 0xE3, 0x39, 0x49, 0x69, 0x46, 0x31, 0xF2,
    0x28, 0x2A, 0xE3, 0x78, 0x55, 0x8E, 0xBB, 0xC6, 0x1B, 0x78, 0x84, 0x32, 0xA6, 0x90, 0x27, 0xDB,
    0xF7, 0xAA, 0xC6, 0x44, 0x96, 0x26, 0xCB, 0x5E, 0xB4, 0xED, 0x2E, 0x2E, 0x3C, 0x89, 0x5B, 0x8E,
    0x63, 0xF8, 0x63, 0x26, 0xB3, 0xA3, 0x67, 0xED, 0x75, 0x3B, 0x9B, 0x0A, 0xD7, 0xED, 0x9B, 0x4D,
    0x5B, 0xC2, 0xB5, 0xB8, 0xD3, 0x9B, 0x45, 0x65, 0x38, 0x1B, 0xEA, 0x43, 0x99, 0x14, 0xD2, 0xCF,
    0xA2, 0x43, 0x5A, 0xC7, 0x0D, 0xF5, 0x13, 0xAD, 0x66, 0x6A, 0x98, 0xDA, 0x7B, 0x30, 0x42, 0x64,
    0x1F, 0xD2, 0x20, 0x5B, 0xD5, 0xFE, 0x05, 0x6A, 0x4B, 0x5B, 0x9C, 0x84, 0x5D, 0x70, 0x37, 0x9E,
    0xDD, 0x19, 0x4F, 0x2D, 0xE5, 0xCC, 0xA0, 0x86, 0x51, 0x83, 0x61, 0xDC, 0x95, 0x81, 0x8B, 0x5F,
    0x8B, 0x83, 0x2C, 0x06, 0xF7, 0xAC, 0xF8, 0xC9, 0xF8, 0x3D, 0xDD, 0x91, 0xD1, 0x91, 0x61, 0x63,
    0x52, 0xAA, 0x09, 0xED, 0xE2, 0x12, 0x8A, 0x68, 0xA4, 0x66, 0x4B, 0xAB, 0x1D, 0x78, 0xF9, 0x37,
    0xD6, 0x83, 0x98, 0x77, 0xB5, 0x0C, 0x4F, 0xB1, 0x8D, 0x7C, 0xB4, 0x8A, 0xDF, 0x68, 0xA6, 0x16,
    0x9D, 0x29, 0x2E, 0xCE, 0x18, 0x35, 0x2B, 0x0B, 0x13, 0xB6, 0x50, 0xBD, 0x3B, 0xDD, 0x9B, 0xE3,
    0x31, 0x9C, 0x15, 0xDE, 0x85, 0x02, 0x1D, 0xFE, 0xB8, 0x43, 0x53, 0xE0, 0x82, 0xB0, 0x81, 0x9B,
    0x47, 0x78, 0x33, 0x69, 0xFC, 0xDE, 0x9F, 0x30, 0x7E, 0xDA, 0x46, 0xB5, 0x67, 0xF1, 0xB4, 0xB8,
    0x43, 0xC4, 0xCF, 0x31, 0x1C, 0xF5, 0x4B, 0xA8, 0xBA, 0xDF, 0x1D, 0x37, 0xC9, 0x70, 0x05, 0xAA,
    0x66, 0xB9, 0x37, 0xC5, 0x9D, 0x99, 0x7D, 0xFB, 0xF2, 0x0C, 0xBB, 0xCF, 0xD0, 0x72, 0x15, 0x99,
    0x61, 0x17, 0x7D, 0x38, 0x46, 0x93, 0x0D, 0xE6, 0x2C, 0xD7, 0x18, 0x33, 0x9B, 0x7B, 0xDB, 0x46,
    0x8C, 0x40, 0xF3, 0xC4, 0xF3, 0x56, 0x05, 0x93, 0x14, 0xA5, 0x81, 0xF3, 0x3D, 0x9A, 0xAD, 0xD0,
    0xD9, 0x15, 0xD7, 0x50, 0xE5, 0xDF, 0xB6, 0x83, 0x36, 0x81, 0x03, 0x3A, 0xBF, 0x3B, 0x67, 0xB2,
    0x1F, 0x76, 0x66, 0x38, 0x0B, 0xE1, 0x3A, 0x73, 0xE7, 0x0A, 0xE4, 0xF9, 0xA9, 0xB9, 0x72, 0x5B,
    0x66, 0xC6, 0xD9, 0x21, 0x90, 0x09, 0x32, 0xC8, 0x8D, 0xAB, 0x37, 0xF9, 0xEC, 0xB6, 0xBE, 0x5D,
    0x61, 0xF4, 0x98, 0x2B, 0x67, 0x8D, 0xCD, 0xBF, 0x6E, 0xEE, 0x64, 0x08, 0xF2, 0xC1, 0x0C, 0x49,
    0x1E, 0xD9, 0xD6, 0xEF, 0xF0, 0xA0, 0x2D, 0x78, 0x40, 0x2E, 0xD4, 0xF0, 0x83, 0x10, 0x12, 0x1E,
    0x03, 0x2D, 0xF8, 0xC3, 0x8A, 0xB3, 0xAE, 0x12, 0x71, 0xCD, 0xC6, 0x0E, 0xBD, 0xB9, 0x79, 0xE3,
    0x3C, 0x4E, 0x94, 0xF1, 0xC7, 0xA3, 0xD9, 0x0D, 0xBA, 0x00, 0xB3, 0x3A, 0xC5, 0xB4, 0x1C, 0xFC,
    0x2E, 0x68, 0xE2, 0x32, 0xC9, 0x27, 0x73, 0x35, 0xEA, 0x5F, 0x9B, 0x3E, 0x7F, 0x3F, 0xB0, 0xD7,
    0x87, 0x70, 0x90, 0xA9, 0x21, 0xAE, 0xDB, 0xD9, 0xE9, 0x30, 0x2D, 0x5E, 0xB3, 0x96, 0x0E, 0xDA,
    0xF6, 0x4A, 0x3C, 0x67, 0x17, 0x71, 0x97, 0x95, 0xC0, 0x83, 0x36, 0x18, 0xA3, 0xC1, 0xB3, 0x3E,
    0x6C, 0x58, 0x57, 0x08, 0x56, 0x98, 0xB4, 0xA8, 0x6D, 0xEE, 0x4F, 0x01, 0x51, 0x0A, 0xA1, 0x99,
    0x96, 0x70, 0xF6, 0x1D, 0x04, 0x8B, 0xDF, 0x04, 0x12, 0x6B, 0xE6, 0xE4, 0xD6, 0xD6, 0x16, 0x20,
    0xC3, 0x7E, 0xC8, 0x10, 0xC4, 0xDF, 0x7B, 0xB4, 0x5B, 0xE9, 0xE0, 0x69, 0x70, 0x98, 0x11, 0x97,
    0x27, 0xB7, 0xF2, 0xC2, 0xCE, 0xF8, 0xC9, 0x80, 0x54, 0xE6, 0x04, 0xCE, 0x9D, 0x62, 0x00, 0xC2,
    0xF2, 0xBC, 0x32, 0xAA, 0x71, 0x8B, 0xD7, 0x9D, 0x8E, 0xE6, 0xFC, 0xF6, 0x99, 0xE8, 0xE3, 0xE6,
    0xCC, 0xE5, 0xE0, 0x9D, 0xF6, 0xF9, 0x5B, 0x38, 0xC4, 0x5D, 0x70, 0xAF, 0xC6, 0xC1, 0xC2, 0xF5,
    0xC1, 0xCF, 0x4C, 0x7C, 0x8B, 0xFF, 0xE2, 0xD3, 0xEE, 0x99, 0x33, 0x71, 0xBF, 0x7B, 0xE6, 0xF4,
    0xC6, 0xF9, 0x13, 0x97, 0x81, 0x67, 0x5E, 0xC7, 0x51, 0x1A, 0x19, 0xCF, 0x24, 0x12, 0xDA, 0x5B,
    0x8C, 0x3A, 0x0B, 0xD1, 0xEE, 0x73, 0x86, 0x6C, 0xF0, 0x74, 0x19, 0xC2, 0x80, 0x53, 0xD8, 0xA7,
    0x26, 0x46, 0xCC, 0x8D, 0xE7, 0x4C, 0x84, 0x37, 0x38, 0x22, 0x7E, 0x67, 0xF4, 0x7B, 0x5C, 0x89,
    0xC8, 0x29, 0xCD, 0xAB, 0xB9, 0xB3, 0xD4, 0x2E, 0x11, 0x05, 0xFF, 0x60, 0x58, 0x4E, 0x93, 0xE5,
    0x89, 0xAD, 0x8B, 0xBF, 0xBE, 0x40, 0x60, 0xB9, 0x6E, 0x39, 0x93, 0x8E, 0xBA, 0x62, 0x75, 0xE2,
    0xC0, 0xEB, 0xD9, 0x9D, 0x9D, 0x9D, 0xEB, 0x0B, 0x43, 0xC9, 0x99, 0x14, 0x90, 0x0F, 0x6B, 0x14,
    0xFF, 0x32, 0xC2, 0x7F, 0x5D, 0x8C, 0x70, 0x3B, 0x46, 0x78, 0x64, 0x0C, 0x60, 0xBE, 0x06, 0x84,
    0x8A, 0x5C, 0xB0, 0xAE, 0x52, 0x98, 0x9B, 0xA8, 0x83, 0x6D, 0x2B, 0x40, 0x5A, 0xE5, 0x86, 0xF0,
    0x10, 0xB8, 0x08, 0x82, 0xE4, 0xE7, 0xA3, 0xDF, 0xC6, 0xF5, 0x57, 0x18, 0x37, 0x98, 0x85, 0x80,
    0xD9, 0x53, 0x98, 0x99, 0xB6, 0x36, 0x3F, 0xB0, 0x6E, 0x3C, 0xCE, 0x02, 0xE3, 0x4D, 0xB8, 0xA1,
    0x2C, 0x6C, 0x1B, 0x40, 0xF0, 0x0D, 0x15, 0xEB, 0x5B, 0x66, 0xF4, 0xC7, 0xA8, 0x4F, 0xDA, 0xAC,
    0xDC, 0x35, 0xB7, 0x64, 0xCC, 0x1B, 0x66, 0xB3, 0x34, 0x74, 0x76, 0x2D, 0x00, 0x50, 0x12, 0x56,
    0x20, 0x50, 0x2A, 0x60, 0x90, 0x96, 0x12, 0x98, 0xB9, 0xD9, 0x93, 0x51, 0x27, 0x89, 0xD3, 0x71,
    0x71, 0xDC, 0x93, 0xF9, 0x33, 0x09, 0x4E, 0x4F, 0xA2, 0xC2, 0x44, 0x0D, 0xF0, 0xE0, 0xB8, 0x37,
    0x08, 0xAB, 0x14, 0x89, 0xD0, 0xE6, 0x77, 0xC6, 0xE7, 0x03, 0xFB, 0x71, 0x6F, 0xC7, 0xE0, 0x81,
    0x6D, 0x6D, 0x1F, 0xBE, 0x6B, 0xF3, 0xA2, 0x8E, 0xEA, 0x0B, 0xC0, 0x4C, 0xC9, 0x75, 0x6B, 0x47,
    0x07, 0xED, 0x87, 0xB2, 0xC5, 0xB9, 0x75, 0xF3, 0x7A, 0x5B, 0x40, 0xC6, 0x4D, 0x49, 0x1B, 0x05,
    0x0D, 0xEC, 0x23, 0xDA, 0x0C, 0xED, 0x7B, 0x8E, 0x56, 0x1B, 0x01, 0x1B, 0x80, 0xE3, 0x33, 0x9C,
    0x43, 0x00, 0x0C, 0x64, 0x96, 0xE1, 0x36, 0x8F, 0xFD, 0xC0, 0x63, 0xD7, 0xCB, 0xB1, 0xE3, 0xF1,
    0x03, 0x39, 0xFE, 0xBC, 0xE5, 0x95, 0xF7, 0x5B, 0xDE, 0x75, 0x17, 0xCE, 0x8C, 0xED, 0x5D, 0x08,
    0xE0, 0xFD, 0xE8, 0x0D, 0x8A, 0x11, 0x7F, 0x97, 0x62, 0xC4, 0x2F, 0xF1, 0x98, 0xC4, 0xB9, 0x1C,
    0x29, 0xC2, 0x69, 0xE6, 0x49, 0x73, 0x96, 0x89, 0xC6, 0x9C, 0x61, 0x66, 0x36, 0x57, 0x98, 0x27,
    0xCD, 0x40, 0x5F, 0x79, 0x9F, 0x72, 0x6A, 0x07, 0x16, 0x83, 0xDD, 0x8A, 0x99, 0xE3, 0xAC, 0x65,
    0x96, 0x28, 0x86, 0x65, 0xE6, 0x64, 0xAA, 0xCC, 0xDE, 0x1D, 0xED, 0x3D, 0x81, 0x6F, 0x53, 0xE5,
    0x59, 0x67, 0x08, 0x7E, 0x49, 0x99, 0xD6, 0x45, 0x79, 0x9A, 0xCF, 0xC9, 0xBD, 0xBD, 0x4D, 0xDB,
    0x54, 0xA3, 0x79, 0xA5, 0x06, 0x96, 0xA4, 0x25, 0x62, 0x2C, 0xA3, 0x7F, 0xAF, 0x31, 0xE2, 0x46,
    0x1A, 0x6C, 0x34, 0x97, 0x9A, 0xC2, 0xBE, 0x4B, 0x03, 0xFC, 0x18, 0x36, 0xE8, 0x8C, 0xAD, 0xEA,
    0x34, 0x1F, 0xC3, 0x36, 0x6A, 0xEE, 0x98, 0x3B, 0x04, 0x34, 0x40, 0x6B, 0x52, 0x26, 0x25, 0xA0,
    0x29, 0x7E, 0x6F, 0x82, 0x92, 0xB9, 0x6F, 0x17, 0xD8, 0xE0, 0x01, 0x1B, 0x60, 0xBC, 0xC8, 0xCE,
    0xB9, 0x29, 0x81, 0x0C, 0x61, 0x83, 0x11, 0xE3, 0x26, 0x61, 0x1C, 0xC0, 0x01, 0x04, 0x09, 0x00,
    0x03, 0x70, 0xB2, 0x2A, 0xAD, 0x11, 0x50, 0x48, 0xDB, 0xAC, 0xF1, 0xE7, 0x60, 0x32, 0x49, 0x93,
    0xD5, 0x1E, 0xCF, 0x24, 0xBC, 0x68, 0xF0, 0xFA, 0x43, 0x39, 0x43, 0x92, 0x22, 0x88, 0x90, 0xF1,
    0xF6, 0x8C, 0xA2, 0xDB, 0x29, 0x9B, 0x2B, 0x97, 0x61, 0xA4, 0xAA, 0x5B, 0xC3, 0xCE, 0xA5, 0x71,
    0x6F, 0x99, 0xCE, 0x76, 0x17, 0x91, 0x90, 0xB9, 0x89, 0x25, 0xFF, 0x85, 0x84, 0x17, 0x46, 0xB6,
    0x20, 0x26, 0xAF, 0xC6, 0x1F, 0x78, 0x2A, 0xAE, 0xC6, 0x51, 0x92, 0x06, 0xE1, 0xC7, 0xB7, 0x72,
    0xF5, 0x88, 0x3F, 0x6A, 0x5E, 0x79, 0xC7, 0xF8, 0x0F, 0xBB, 0x4D, 0xA8, 0x77, 0x15, 0x97, 0x0D,
    0x09, 0xEC, 0xC3, 0x24, 0x76, 0x35, 0x84, 0xBD, 0x40, 0xC5, 0x00, 0x0C, 0x32, 0x81, 0xBD, 0x41,
    0x1E, 0x98, 0x94, 0xDE, 0xE0, 0xF2, 0x80, 0x37, 0x8A, 0x40, 0xE4, 0x77, 0x44, 0x13, 0xC9, 0x7A,
    0x32, 0x8D, 0x45, 0x60, 0x5E, 0x2D, 0x72, 0xF0, 0x6A, 0x06, 0x3D, 0x65, 0x00, 0xF5, 0xE2, 0x68,
    0x77, 0xDC, 0xAF, 0x39, 0xE0, 0x67, 0xF7, 0x3A, 0xC6, 0x43, 0xEE, 0xF8, 0xD5, 0xA9, 0x56, 0x55,
    0xDC, 0x64, 0x84, 0x70, 0x72, 0x89, 0x51, 0x24, 0x1B, 0x25, 0x8B, 0xE1, 0x91, 0x18, 0xD4, 0x02,
    0xC4, 0x18, 0xFE, 0x23, 0x36, 0xC9, 0x8C, 0x63, 0x84, 0xA3, 0xFB, 0x43, 0x91, 0xE7, 0x9A, 0x18,
    0x09, 0xF8, 0xB0, 0x4B, 0x01, 0x43, 0x4C, 0x0C, 0x7C, 0x9E, 0x9A, 0xE4, 0xB3, 0x59, 0x09, 0x4D,
    0x96, 0x17, 0xFC, 0x63, 0x30, 0x67, 0x4C, 0x06, 0x8B, 0xE0, 0x01, 0x27, 0xCC, 0xB5, 0xC2, 0xD6,
    0x42, 0xEB, 0xC6, 0x02, 0xA0, 0x52, 0x3A, 0x65, 0xB2, 0x05, 0xCD, 0x1A, 0xDD, 0x14, 0xE4, 0x03,
    0x30, 0xA5, 0xD5, 0x0B, 0xD1, 0xC2, 0x02, 0xE9, 0x42, 0x20, 0x49, 0x52, 0xD0, 0x20, 0x98, 0x77,
    0x6E, 0x8A, 0x06, 0x11, 0xC9, 0x06, 0x35, 0x08, 0x89, 0x98, 0x61, 0xB3, 0x30, 0x40, 0x79, 0x28,
    0x3E, 0x3C, 0x9A, 0x03, 0xD4, 0x15, 0xA9, 0x59, 0x0C, 0xDF, 0x10, 0xC4, 0x5B, 0x1D, 0xCE, 0xDB,
    0xA7, 0x21, 0x68, 0xF0, 0x88, 0x59, 0x48, 0xC4, 0x3A, 0x46, 0x99, 0x02, 0xA5, 0x83, 0x8D, 0x13,
    0x41, 0xAE, 0x15, 0x5B, 0x14, 0x8D, 0x0B, 0x1D, 0xB1, 0x25, 0x03, 0x09, 0xEC, 0xB0, 0xA6, 0xD4,
    0xF4, 0x4F, 0x26, 0x3F, 0x69, 0xE3, 0x38, 0x0F, 0x42, 0x85, 0x83, 0x03, 0x3E, 0xD3, 0x51, 0x90,
    0x77, 0x60, 0xAC, 0x98, 0x57, 0x06, 0x0E, 0x91, 0xBC, 0x84, 0x84, 0x99, 0xC3, 0x91, 0x08, 0x16,
    0xCE, 0x61, 0xE8, 0x90, 0xBC, 0xD0, 0x29, 0x0C, 0xB9, 0x68, 0xC1, 0x10, 0x49, 0x79, 0xCE, 0x05,
    0x90, 0x86, 0x0B, 0x0E, 0x4C, 0x8D, 0x6A, 0x1F, 0x8D, 0x17, 0x75, 0x12, 0x0F, 0x51, 0xBB, 0x20,
    0xF1, 0x85, 0x71, 0xDC, 0x5E, 0x9C, 0x2C, 0xD1, 0x92, 0x2C, 0x92, 0x90, 0xF9, 0xCA, 0x41, 0x13,
    0xC1, 0x37, 0xD1, 0x60, 0x30, 0xDD, 0xC8, 0x92, 0x9F, 0x59, 0x42, 0xDF, 0x79, 0x0A, 0x4F, 0x8B,
    0xBD, 0x3C, 0x88, 0xDF, 0x0B, 0x91, 0x1F, 0x3F, 0x55, 0xCE, 0xDC, 0x51, 0xA8, 0xAE, 0x39, 0xA5,
    0xE0, 0x03, 0xC9, 0x6D, 0xCB, 0xBF, 0x83, 0x53, 0x72, 0x50, 0xE4, 0x18, 0xDA, 0x3C, 0x9B, 0x1F,
    0x7C, 0xC8, 0x5F, 0x98, 0x03, 0x94, 0x91, 0xB8, 0x2D, 0x6C, 0xD2, 0x81, 0x44, 0xEA, 0x68, 0x55,
    0xA5, 0x9F, 0x7A, 0xA5, 0x39, 0xE2, 0xF5, 0x9C, 0xBE, 0x15, 0x7A, 0x4D, 0xD6, 0xEA, 0x9D, 0xCA,
    0x47, 0x05, 0xFB, 0xF0, 0xF6, 0xBE, 0x00, 0x7A, 0x78, 0x5F, 0x86, 0x0F, 0xBA, 0x59, 0xC9, 0xA8,
    0x02, 0xFC, 0xA8, 0x0C, 0x76, 0x57, 0xBD, 0x78, 0x4D, 0x07, 0xCA, 0x24, 0x1A, 0x60, 0xE3, 0x60,
    0x31, 0x13, 0xD5, 0x88, 0xCC, 0x0C, 0x81, 0x30, 0x70, 0x52, 0x5B, 0xB2, 0x0B, 0x6F, 0xDE, 0xD9,
    0xA9, 0x4A, 0xC9, 0x4D, 0xB1, 0x30, 0x75, 0xE1, 0xC2, 0xD4, 0xA7, 0xD2, 0x44, 0x02, 0x9F, 0x0B,
    0x86, 0x0C, 0xA2, 0x9D, 0x6F, 0xB7, 0x91, 0x12, 0x91, 0x24, 0xC0, 0x4D, 0xC4, 0x61, 0x6B, 0xD6,
    0x00, 0xC5, 0x13, 0x45, 0x27, 0x65, 0x4F, 0xFA, 0x61, 0x68, 0x35, 0x41, 0xA9, 0x51, 0xA2, 0x7D,
    0xBD, 0x64, 0xDB, 0x3C, 0xE9, 0xC6, 0xD8, 0x75, 0xCE, 0xD7, 0x19, 0x5C, 0xA9, 0x12, 0x55, 0x21,
    0xD2, 0x57, 0x5A, 0x9B, 0x59, 0xC5, 0xA3, 0x6B, 0x26, 0x2C, 0x9F, 0x50, 0x63, 0xFC, 0x40, 0x71,
    0xAB, 0x6A, 0x24, 0xB9, 0x17, 0x93, 0xE2, 0xEF, 0x5B, 0xF2, 0x61, 0xFC, 0x1D, 0x89, 0x0C, 0xAF,
    0x4E, 0x8F, 0x9C, 0x18, 0x47, 0x85, 0x94, 0x71, 0x33, 0xAB, 0xD2, 0xB4, 0x9F, 0xA9, 0x31, 0x32,
    0x01, 0x05, 0xE0, 0x8E, 0x98, 0x3A, 0xBE, 0x3B, 0x28, 0xC4, 0xCD, 0x6A, 0x13, 0x61, 0x43, 0x7E,
    0x1F, 0x6A, 0xEE, 0xD3, 0x81, 0x46, 0x9D, 0xB1, 0xD7, 0x14, 0xAA, 0x33, 0xAD, 0xFF, 0x20, 0x46,
    0x25, 0xA6, 0xB5, 0x4C, 0x2B, 0x5A, 0xA8, 0x9A, 0xF0, 0xB3, 0x9D, 0x9D, 0x59, 0x61, 0x13, 0x75,
    0x18, 0x4D, 0x49, 0x63, 0x60, 0x10, 0xD6, 0xBE, 0x95, 0x4E, 0x6E, 0x2A, 0x95, 0xB4, 0x26, 0xE3,
    0x5D, 0xF3, 0xB7, 0xC1, 0x38, 0x59, 0xAD, 0x10, 0xBD, 0x85, 0xBF, 0x83, 0x23, 0xFA, 0x8C, 0xF6,
    0x60, 0x92, 0xA7, 0x78, 0xF6, 0xDB, 0xA2, 0x7D, 0x51, 0x57, 0xB5, 0x96, 0x4D, 0xBF, 0x43, 0x7B,
    0x5F, 0xEB, 0x86, 0xD0, 0xE1, 0xCA, 0xEC, 0xE6, 0x95, 0x9E, 0xB5, 0x6A, 0x84, 0x49, 0x8D, 0x70,
    0x55, 0x31, 0x28, 0xD3, 0x1A, 0x3F, 0xFD, 0xCE, 0xA0, 0xAC, 0xB0, 0x52, 0x5B, 0x08, 0x3B, 0x08,
    0x5B, 0x19, 0x28, 0x20, 0x55, 0x12, 0xC0, 0x95, 0x38, 0x19, 0x45, 0x23, 0x24, 0x02, 0x5F, 0x52,
    0x96, 0x15, 0xCF, 0xA5, 0x6A, 0x84, 0xE4, 0xBF, 0x76, 0xDE, 0x1C, 0x34, 0xB5, 0x28, 0xE2, 0xD3,
    0x08, 0xB4, 0x05, 0x42, 0x8B, 0x97, 0x83, 0x3B, 0x68, 0xF9, 0x55, 0x1A, 0xB9, 0x6B, 0x9F, 0x45,
    0x83, 0x27, 0xBC, 0xBD, 0x34, 0xAE, 0x6A, 0x36, 0x1A, 0xBF, 0xA1, 0x0A, 0x1F, 0xA9, 0xD4, 0x41,
    0x2B, 0xD3, 0xC3, 0xEB, 0x54, 0xFB, 0x3B, 0xD2, 0x28, 0x31, 0xA9, 0xA7, 0x1F, 0xFE, 0x56, 0x81,
    0xB3, 0x50, 0xCD, 0x36, 0x6F, 0xAE, 0xD9, 0x24, 0xD2, 0xB7, 0x44, 0xE7, 0x55, 0x3C, 0xB8, 0x61,
    0x1D, 0xF2, 0x8A, 0x69, 0x82, 0x87, 0x32, 0x8E, 0xD7, 0x6B, 0xD4, 0x8C, 0x3A, 0x1F, 0x76, 0xD5,
    0x34, 0x99, 0xE8, 0x89, 0xC4, 0xA3, 0xA9, 0xA4, 0x4C, 0x94, 0x26, 0x49, 0x62, 0x44, 0xB6, 0x9B,
    0xD5, 0x42, 0xD0, 0x93, 0xA4, 0x44, 0xA6, 0x90, 0xCE, 0x07, 0xD0, 0x3F, 0x31, 0x4D, 0xB1, 0xB3,
    0xF3, 0x56, 0xAB, 0x55, 0xC7, 0xA8, 0x7C, 0xC3, 0xBA, 0xE4, 0x5B, 0xCB, 0xE5, 0x91, 0xA6, 0x6F,
    0x6F, 0x96, 0xDC, 0x63, 0xAA, 0x8F, 0x12, 0xCC, 0x87, 0x50, 0x7B, 0x1B, 0x81, 0x58, 0x15, 0xDC,
    0x06, 0xC5, 0xDF, 0x96, 0x71, 0xC1, 0x26, 0x39, 0x9B, 0x5D, 0x09, 0xB5, 0x57, 0x68, 0xFF, 0xF9,
    0x55, 0xED, 0xDF, 0x58, 0x69, 0x32, 0xE0, 0x8F, 0xCF, 0x3B, 0x6D, 0x20, 0xF9, 0xBF, 0x05, 0x39,
    0x6B, 0xC4, 0x77, 0xB3, 0x6B, 0x35, 0x8C, 0x2E, 0xF5, 0x80, 0xA8, 0xD6, 0x0E, 0x77, 0x74, 0xDA,
    0xC3, 0xA3, 0xAE, 0xAB, 0x81, 0xA9, 0x6B, 0xDF, 0xB4, 0xCA, 0x77, 0x32, 0x6B, 0x95, 0x79, 0xA0,
    0x38, 0xAA, 0xC5, 0x0A, 0xEE, 0xEA, 0x44, 0xAA, 0x01, 0x95, 0x48, 0x3D, 0x15, 0xFF, 0x62, 0x4B,
    0x13, 0x17, 0x74, 0xC3, 0xD8, 0xBE, 0xC0, 0x04, 0xFD, 0xDE, 0x32, 0x10, 0x08, 0x1F, 0xAA, 0xE8,
    0xCC, 0x2C, 0xEC, 0x0A, 0xB0, 0xC2, 0x84, 0x53, 0xCE, 0x9A, 0x02, 0xB5, 0xB6, 0xED, 0x09, 0x24,
    0xB6, 0x21, 0x9B, 0xB2, 0xCA, 0x04, 0x8D, 0x79, 0xF5, 0xA6, 0x36, 0xAC, 0x4A, 0x3E, 0xD0, 0xD6,
    0x9E, 0xFD, 0xF5, 0x45, 0x29, 0x74, 0xFC, 0x81, 0x7D, 0x9E, 0xA8, 0x61, 0x28, 0xA6, 0x82, 0x49,
    0x03, 0x63, 0xD5, 0x2F, 0xB3, 0x7A, 0x39, 0xFB, 0x55, 0x52, 0x39, 0xA1, 0xB4, 0x49, 0x41, 0x54,
    0x03, 0xA1, 0xA0, 0x5A, 0xDE, 0xBC, 0x6A, 0xE6, 0xC4, 0x7A, 0xB5, 0x7C, 0xC8, 0x99, 0xF6, 0x94,
    0x81, 0xC2, 0x3E, 0x64, 0x6A, 0xBD, 0xAA, 0x26, 0xD2, 0x8D, 0x02, 0x74, 0x25, 0xFD, 0xCA, 0x8B,
    0x36, 0x56, 0xE0, 0xAD, 0xC3, 0xC4, 0xF2, 0xD0, 0x3F, 0x1C, 0x9C, 0x09, 0x16, 0xDC, 0x43, 0x71,
    0x44, 0xCC, 0x19, 0x6E, 0x1F, 0xA6, 0x02, 0x1A, 0x71, 0x0A, 0x7E, 0xB6, 0x5D, 0xB1, 0x00, 0x5F,
    0x3F, 0xF8, 0xFA, 0xFA, 0xFC, 0xD6, 0x38, 0xA0, 0x29, 0x66, 0x77, 0x34, 0xD5, 0xCE, 0x8E, 0x52,
    0x96, 0x2B, 0xA2, 0xE5, 0x15, 0x19, 0xF2, 0xB2, 0x98, 0xE0, 0xBC, 0x4E, 0xD1, 0xB5, 0xF6, 0x9E,
    0xF2, 0x39, 0xA0, 0xD4, 0x6D, 0x81, 0xAC, 0x51, 0x1C, 0xD8, 0x2F, 0x5B, 0x7D, 0xCD, 0xAA, 0x1E,
    0x5C, 0x56, 0x85, 0xBE, 0xF6, 0x4A, 0x4A, 0x3A, 0x2C, 0x16, 0xCC, 0x03, 0x45, 0xB6, 0x8C, 0x8E,
    0x4D, 0xFA, 0x49, 0xDC, 0x37, 0x49, 0xB4, 0x8F, 0x87, 0x80, 0x58, 0x91, 0x28, 0x15, 0xDA, 0x2E,
    0x1E, 0xD5, 0xB4, 0x2E, 0xDD, 0x4F, 0xF3, 0xB4, 0xF9, 0xD2, 0x6A, 0xB7, 0xBB, 0x22, 0x2C, 0x5A,
    0x60, 0xA5, 0xEF, 0x77, 0x8B, 0x3C, 0x1D, 0x48, 0x35, 0x00, 0x68, 0xB8, 0xFC, 0xA5, 0xD3, 0xEE,
    0x6F, 0xD9, 0x59, 0xD4, 0xC4, 0x13, 0x4E, 0x21, 0xC4, 0x08, 0xC7, 0x88, 0x45, 0x40, 0x17, 0xB4,
    0x47, 0x64, 0x9B, 0x2F, 0x89, 0xBF, 0xBE, 0xE5, 0x8A, 0x3A, 0x42, 0xBF, 0x50, 0x6D, 0xE1, 0x44,
    0xC4, 0xAA, 0x83, 0x0C, 0x7B, 0x6B, 0xEB, 0x3C, 0xEE, 0x45, 0x8D, 0x2D, 0xDD, 0xF9, 0x46, 0x01,
    0x41, 0xA4, 0x9C, 0x1C, 0xA9, 0xA2, 0x08, 0xEB, 0x27, 0xCD, 0xFA, 0x49, 0x81, 0x9D, 0x6A, 0x71,
    0xB2, 0x7D, 0xE4, 0x24, 0x81, 0xE8, 0xD2, 0x3E, 0x81, 0xBB, 0x33, 0xD5, 0x81, 0x0E, 0xAA, 0xF9,
    0x63, 0x57, 0x02, 0xB2, 0x97, 0x4B, 0xF2, 0xEB, 0x13, 0x07, 0x58, 0x5E, 0x6D, 0xE6, 0xEB, 0xC6,
    0xD6, 0x7B, 0x45, 0x40, 0xF6, 0xBA, 0x05, 0xF6, 0xC4, 0x52, 0x93, 0x33, 0x96, 0x66, 0xE4, 0xDA,
    0x89, 0xB8, 0xAC, 0xF9, 0xAB, 0x05, 0xBC, 0xCD, 0x07, 0xAF, 0x4B, 0x97, 0xD7, 0x95, 0x6E, 0x9E,
    0x2E, 0xAE, 0xDB, 0xB4, 0xDB, 0x4C, 0x40, 0xF5, 0x9A, 0x98, 0x52, 0x1B, 0x57, 0x42, 0x74, 0x1A,
    0xE5, 0xA5, 0x11, 0x79, 0x63, 0x05, 0xC3, 0x23, 0xD4, 0xFF, 0xD2, 0xAC, 0x5B, 0x52, 0x6E, 0x17,
    0x49, 0x05, 0xC8, 0xE4, 0xE9, 0x92, 0x55, 0xA7, 0x05, 0x28, 0x88, 0x43, 0xED, 0x22, 0x12, 0x04,
    0x30, 0x69, 0x4F, 0x11, 0x6D, 0x79, 0xB9, 0x18, 0x4F, 0x70, 0x5C, 0x2E, 0x9F, 0x17, 0x97, 0x4B,
    0x64, 0x54, 0x8B, 0x60, 0x82, 0x55, 0x19, 0x7F, 0xC6, 0xC9, 0xEB, 0xDD, 0xF0, 0x6E, 0xC0, 0x83,
    0x80, 0x72, 0x52, 0xA7, 0x70, 0x0C, 0x47, 0x26, 0x8A, 0xFA, 0x70, 0xF0, 0x1A, 0x71, 0xB8, 0x27,
    0xA0, 0x4E, 0x8F, 0x3F, 0x2A, 0x4E, 0xFE, 0xA8, 0x38, 0x2A, 0x7D, 0x77, 0x48, 0xFA, 0xA5, 0x38,
    0x7A, 0x79, 0x7B, 0x48, 0x7A, 0xFA, 0x84, 0x56, 0x15, 0x07, 0x46, 0x9A, 0x53, 0xCD, 0x1F, 0xED,
    0xDC, 0xD4, 0x44, 0x4A, 0x83, 0x66, 0x1A, 0xB0, 0x7F, 0x56, 0x99, 0x57, 0xAC, 0x50, 0x66, 0xCF,
    0xCA, 0xC2, 0x85, 0xC9, 0x94, 0x3E, 0x82, 0x32, 0x4B, 0xB5, 0x3F, 0xC8, 0x33, 0xA0, 0x12, 0x35,
    0xC7, 0xAF, 0x03, 0x1C, 0x4E, 0xA4, 0x60, 0xF4, 0x2E, 0xFE, 0xCF, 0x16, 0xDE, 0x48, 0x45, 0xF3,
    0x60, 0x94, 0xF2, 0x18, 0x9F, 0x53, 0x1E, 0x98, 0x9C, 0x42, 0x42, 0x18, 0x17, 0xB0, 0x8E, 0x90,
    0x53, 0x4C, 0x5D, 0x2A, 0xA1, 0x36, 0xD0, 0x98, 0x1C, 0xA4, 0xD2, 0xB9, 0x62, 0xC5, 0xDF, 0x9B,
    0x76, 0xE7, 0x2D, 0x2B, 0x39, 0xD8, 0x4A, 0xDF, 0xCE, 0xEE, 0xAF, 0xB7, 0x06, 0x6F, 0x78, 0x1A,
    0x1E, 0x53, 0x24, 0x4A, 0xA5, 0x36, 0xD1, 0x3E, 0x62, 0xA5, 0x39, 0xED, 0x6C, 0xAC, 0xEC, 0xE0,
    0x1B, 0x41, 0xFF, 0x3B, 0x48, 0xFB, 0xC6, 0x05, 0x3A, 0xE4, 0x02, 0xEE, 0x26, 0x02, 0x70, 0x12,
    0x62, 0x72, 0xF3, 0x79, 0xB4, 0x14, 0x5B, 0x5A, 0x8B, 0x1E, 0x83, 0xD5, 0x12, 0x5B, 0x72, 0x09,
    0xF9, 0x24, 0x1C, 0x4E, 0xB3, 0xF8, 0x0F, 0x47, 0x69, 0x09, 0x05, 0x9F, 0x4C, 0xD2, 0x40, 0x09,
    0x3A, 0xAB, 0x3D, 0x91, 0xAE, 0x62, 0xF3, 0x05, 0x4C, 0x24, 0xAB, 0xD9, 0x4F, 0x89, 0x9B, 0xB4,
    0x66, 0x6F, 0x00, 0x2C, 0xBA, 0x8D, 0xA5, 0x81, 0x11, 0x71, 0x75, 0x40, 0xCA, 0x1B, 0x6D, 0xB3,
    0x04, 0x23, 0xE5, 0xE7, 0x92, 0x47, 0xAA, 0xED, 0x1F, 0xEB, 0xDA, 0x40, 0x45, 0xA1, 0x7D, 0x9F,
    0xCC, 0x6A, 0x17, 0x24, 0x9D, 0x35, 0x1E, 0x62, 0x29, 0x7D, 0x72, 0x18, 0x80, 0x9F, 0x75, 0xE2,
    0x97, 0xCA, 0x76, 0x0E, 0xEC, 0x96, 0x74, 0x56, 0x5F, 0x4F, 0x19, 0xB7, 0x2E, 0xB4, 0xAA, 0xD0,
    0x5C, 0x87, 0xD0, 0x11, 0xD2, 0x48, 0x27, 0xDC, 0xE6, 0x61, 0x13, 0x09, 0x13, 0xF2, 0xB4, 0xCF,
    0x51, 0x09, 0x48, 0x16, 0xBD, 0x87, 0xC8, 0x49, 0x7A, 0x36, 0x28, 0xC2, 0x51, 0x7C, 0x66, 0xA5,
    0x50, 0x10, 0x04, 0x18, 0xB9, 0xB8, 0x01, 0x17, 0x5B, 0x21, 0x13, 0x09, 0x9F, 0x95, 0xFC, 0x4A,
    0x0A, 0x8A, 0x59, 0x28, 0x51, 0x72, 0x7F, 0x94, 0x4F, 0x84, 0x08, 0x65, 0xF7, 0x06, 0x99, 0x4C,
    0x52, 0xF2, 0x15, 0x6F, 0x0C, 0x12, 0xB7, 0xF2, 0xC9, 0x1C, 0x0A, 0x56, 0x34, 0x99, 0x54, 0x6E,
    0xFE, 0x2C, 0x5C, 0x26, 0x61, 0x7D, 0x57, 0x33, 0x3A, 0x52, 0x28, 0x6C, 0x7F, 0x53, 0x69, 0x1F,
    0x4A, 0x60, 0x48, 0x8E, 0x6C, 0x9B, 0xAC, 0xBD, 0xFE, 0xC4, 0xAC, 0xD6, 0x13, 0xA3, 0x79, 0x55,
    0xE6, 0xFB, 0xCA, 0x79, 0x0A, 0x41, 0x7A, 0x3F, 0x7F, 0xC2, 0xD4, 0xD6, 0x4E, 0x53, 0x34, 0xAD,
    0xD6, 0x6E, 0x5D, 0x41, 0xAF, 0xF2, 0x45, 0x9D, 0x10, 0xFF, 0xC1, 0x7C, 0xF5, 0x09, 0x51, 0xFB,
    0x9B, 0xDA, 0x71, 0x1D, 0x62, 0xA9, 0x46, 0x3E, 0x94, 0x32, 0xB1, 0xA2, 0xB7, 0xA3, 0xD7, 0xC5,
    0xDB, 0x7F, 0x1F, 0xB5, 0x8F, 0x01, 0x80, 0x4D, 0x59, 0x76, 0x4B, 0x04, 0x19, 0x05, 0xBE, 0x10,
    0x1F, 0x79, 0x32, 0xE1, 0xF1, 0x39, 0x9F, 0x4A, 0xA3, 0xA1, 0x44, 0xE0, 0x8C, 0x1E, 0x03, 0x4D,
    0x72, 0x94, 0xD7, 0x9F, 0x04, 0x9A, 0xD3, 0xF7, 0x66, 0xD1, 0x54, 0x40, 0x39, 0xF9, 0x50, 0xD4,
    0x9E, 0x44, 0xED, 0xF4, 0x97, 0x4E, 0x53, 0x55, 0x5B, 0x4A, 0xB6, 0x41, 0xFE, 0xA9, 0xC4, 0x60,
    0x71, 0xCB, 0x91, 0x7D, 0xAD, 0xB4, 0x8B, 0x32, 0x85, 0x78, 0x49, 0x47, 0xB2, 0xCE, 0x9C, 0x31,
    0x49, 0xDB, 0x32, 0x9B, 0x7F, 0x44, 0xD9, 0x2B, 0x41, 0x69, 0xCF, 0xD5, 0x63, 0x27, 0x97, 0xE0,
    0x77, 0x83, 0x63, 0x95, 0x95, 0xD0, 0x0B, 0x69, 0xE7, 0x59, 0xE1, 0xFA, 0x48, 0x38, 0xCD, 0x63,
    0x54, 0xFD, 0x92, 0x46, 0x34, 0x58, 0xCA, 0x4F, 0x33, 0xA0, 0x5A, 0x52, 0x87, 0x5D, 0xD8, 0x25,
    0xB5, 0x3F, 0x02, 0x10, 0xAB, 0x49, 0xC9, 0xBD, 0x8C, 0x83, 0x54, 0x3A, 0x55, 0xC8, 0x34, 0x69,
    0x9D, 0x34, 0x51, 0x97, 0xE5, 0xFE, 0xF8, 0xBC, 0xD1, 0x55, 0x2F, 0x75, 0xB0, 0x2F, 0x0B, 0x93,
    0xB6, 0xBC, 0xA3, 0x2E, 0xBE, 0x44, 0x1F, 0x9F, 0x4F, 0xA1, 0xB9, 0x38, 0xB9, 0x37, 0xCE, 0xCB,
    0x92, 0x6E, 0x33, 0x4D, 0x70, 0x31, 0x4C, 0x0F, 0xE9, 0x83, 0x4F, 0x27, 0x39, 0x3B, 0x26, 0x8D,
    0x2C, 0xEF, 0xE3, 0x00, 0x5F, 0x27, 0x35, 0xD7, 0x54, 0x81, 0xF1, 0xC8, 0xB3, 0x59, 0x89, 0x34,
    0x90, 0x36, 0x30, 0x55, 0xC1, 0x1B, 0x8B, 0x92, 0xCB, 0x6A, 0x75, 0xD8, 0x87, 0xDC, 0x81, 0x61,
    0x8A, 0xD7, 0x07, 0x66, 0xB5, 0x70, 0xD8, 0x93, 0xDC, 0x57, 0x3C, 0x28, 0x49, 0x4B, 0x02, 0xAB,
    0x0B, 0xD3, 0x2C, 0xB8, 0x92, 0xCE, 0x38, 0xB7, 0x9B, 0x8C, 0x9F, 0xF0, 0xD1, 0xE2, 0xF8, 0xA0,
    0xD7, 0xFC, 0x7C, 0x16, 0x1E, 0xDB, 0x16, 0x34, 0x3F, 0xB9, 0xDE, 0x71, 0x51, 0x0A, 0x19, 0x6A,
    0x60, 0x47, 0x0A, 0xFA, 0xA1, 0x82, 0xB9, 0xA7, 0xC1, 0x22, 0xD6, 0x31, 0xE6, 0x88, 0xB5, 0x7E,
    0xA6, 0x3C, 0xFC, 0x66, 0x92, 0xF1, 0xC6, 0x0C, 0xB1, 0x90, 0xD8, 0x5E, 0xAA, 0xC9, 0x59, 0xC9,
    0xC3, 0xA4, 0x69, 0x64, 0x5C, 0xBC, 0x09, 0xA1, 0x1C, 0x24, 0xDB, 0x23, 0xDD, 0x91, 0x47, 0xE1,
    0xCF, 0x48, 0x57, 0x6A, 0x62, 0xF7, 0xD6, 0x8A, 0x34, 0x0C, 0xBF, 0x48, 0x0A, 0x71, 0xB7, 0xDA,
    0x28, 0x6D, 0x72, 0xF7, 0x56, 0xCA, 0x0A, 0x07, 0xDF, 0x90, 0xE4, 0x16, 0xF9, 0x4D, 0x33, 0xAD,
    0x6B, 0x5A, 0x81, 0x3C, 0x31, 0xEC, 0xE0, 0x15, 0x04, 0x86, 0x74, 0x1D, 0xB4, 0xDF, 0x27, 0xD0,
    0x5D, 0x29, 0x68, 0x7B, 0x17, 0x1E, 0x51, 0x27, 0x70, 0x6D, 0xEC, 0x5A, 0x95, 0xD7, 0xFD, 0x12,
    0x9A, 0xDE, 0x8A, 0xE9, 0x60, 0x3B, 0x6E, 0xDB, 0x3C, 0xD9, 0x96, 0xD0, 0xB5, 0x86, 0x45, 0xAF,
    0x29, 0x53, 0x06, 0x34, 0x4B, 0x77, 0x24, 0x1C, 0x14, 0xA5, 0x1A, 0xE1, 0xD3, 0x98, 0x24, 0xF5,
    0x13, 0x69, 0x09, 0xBF, 0xDC, 0x94, 0x15, 0xDC, 0x4E, 0x62, 0x3F, 0xEB, 0x32, 0x79, 0x6B, 0x33,
    0xED, 0x25, 0xA7, 0xF9, 0x63, 0x68, 0xE0, 0x13, 0x15, 0x05, 0xDA, 0xA4, 0xD7, 0x2E, 0x54, 0xA2,
    0xEB, 0x87, 0xD3, 0x6A, 0x2E, 0x28, 0xFB, 0xFB, 0x3D, 0xF3, 0xE8, 0x4A, 0xFB, 0x56, 0xBE, 0xB1,
    0xF5, 0x32, 0xCA, 0x84, 0x88, 0x3B, 0x3A, 0x3A, 0xDF, 0xCE, 0x44, 0x47, 0x3C, 0x9B, 0x8D, 0x54,
    0x51, 0x91, 0xAA, 0x5B, 0x11, 0x0A, 0x5A, 0x4C, 0xD2, 0x4F, 0x17, 0x86, 0x2C, 0xE5, 0x53, 0x52,
    0xCB, 0xF6, 0xB5, 0x41, 0xBA, 0x7C, 0x95, 0x34, 0xCA, 0x93, 0x07, 0xF5, 0xAA, 0xD3, 0xA9, 0x44,
    0x4B, 0x79, 0x98, 0xF6, 0x66, 0x3C, 0xB7, 0xD0, 0x60, 0x56, 0xCD, 0xB2, 0x83, 0x1F, 0x2B, 0x8D,
    0xF5, 0xED, 0x3F, 0x2D, 0xD3, 0x73, 0xBC, 0xEA, 0x49, 0x4A, 0x6F, 0x6E, 0x90, 0x6C, 0x96, 0x2F,
    0x27, 0xBE, 0xF6, 0xD4, 0xF6, 0x73, 0xED, 0x0D, 0xE6, 0x52, 0x3A, 0xA0, 0xA8, 0x1D, 0x37, 0x71,
    0xC4, 0xC8, 0x55, 0x49, 0x0B, 0x5B, 0xE7, 0x44, 0x14, 0x53, 0x5A, 0x93, 0xA4, 0xDC, 0x9C, 0x87,
    0xD3, 0xF0, 0x1F, 0x7E, 0x04, 0xBD, 0x21, 0x53, 0x20, 0x17, 0x55, 0xB8, 0xF1, 0x73, 0x3E, 0x87,
    0x9B, 0x8F, 0x90, 0xF6, 0x7E, 0x92, 0x2F, 0x9B, 0x7B, 0x54, 0x70, 0x93, 0x0F, 0xF1, 0xA4, 0x3C,
    0x89, 0x0E, 0xAC, 0xA9, 0x3C, 0xBB, 0xAD, 0x30, 0x64, 0x55, 0x01, 0xE9, 0x3E, 0x21, 0xD3, 0xCF,
    0xAA, 0xB3, 0x68, 0x3A, 0xE9, 0x30, 0x95, 0x2E, 0x27, 0x67, 0xB9, 0x2C, 0x0F, 0xEA, 0x0E, 0x2B,
    0x4A, 0xC6, 0x66, 0x2A, 0x3E, 0x11, 0x16, 0x87, 0x04, 0xE4, 0x96, 0x43, 0xC4, 0xA6, 0xBA, 0x92,
    0x1B, 0x69, 0x5F, 0x24, 0x18, 0x74, 0x39, 0x7A, 0xD2, 0x95, 0xBB, 0x42, 0xD7, 0xF5, 0x92, 0xDA,
    0x5B, 0xAC, 0x95, 0x74, 0x12, 0x97, 0x64, 0x13, 0x74, 0x18, 0x27, 0x41, 0xA1, 0x95, 0x63, 0xEA,
    0xBA, 0xC1, 0xAD, 0xAC, 0x26, 0x04, 0xFD, 0x37, 0xA4, 0xCC, 0x46, 0x09, 0xC2, 0x7C, 0x52, 0x44,
    0xD3, 0x45, 0xB6, 0x37, 0xDF, 0x16, 0xD5, 0xE2, 0x36, 0xA1, 0xDD, 0x31, 0xCE, 0xC9, 0x95, 0xD7,
    0xC4, 0xF3, 0x8B, 0xF5, 0x44, 0x2F, 0xD7, 0x96, 0x6E, 0xEF, 0xBA, 0x8F, 0x1A, 0x95, 0xB1, 0x0B,
    0xCE, 0x6A, 0x6D, 0xD9, 0x20, 0x59, 0xFA, 0x39, 0xD0, 0x98, 0x94, 0x7E, 0xFF, 0xB0, 0x1C, 0x4B,
    0xFB, 0x3D, 0x7F, 0xBA, 0x1E, 0x9C, 0x7B, 0xEC, 0xE1, 0xD8, 0x61, 0x64, 0x75, 0xCF, 0x6E, 0x75,
    0xC8, 0x2A, 0x13, 0xB7, 0xC2, 0x45, 0x51, 0xEB, 0x49, 0x11, 0x3A, 0xCB, 0x5A, 0x09, 0xF5, 0xA3,
    0x4F, 0xCB, 0x98, 0x13, 0x4F, 0xA7, 0xA4, 0x24, 0xF4, 0x82, 0xA9, 0x15, 0xDC, 0xE1, 0x41, 0xF9,
    0x62, 0xEF, 0x3F, 0x6C, 0xFE, 0xDD, 0x06, 0x9F, 0xF4, 0x9C, 0xE7, 0x05, 0x6A, 0xD6, 0x1E, 0x74,
    0xCF, 0x32, 0xA1, 0x7B, 0xB9, 0x6E, 0x67, 0xD0, 0xD7, 0x5F, 0x2F, 0x56, 0xE0, 0xD5, 0x65, 0x0E,
    0x3D, 0x17, 0x07, 0x51, 0x35, 0xA8, 0x8F, 0xC0, 0x92, 0xB4, 0x3C, 0x01, 0xCF, 0xCE, 0x99, 0x74,
    0xCA, 0x4B, 0xB6, 0x02, 0x1A, 0x23, 0x84, 0x47, 0xBC, 0x5D, 0xD0, 0x13, 0xDC, 0x71, 0x21, 0x0B,
    0xD0, 0xA8, 0x02, 0xA1, 0x41, 0x20, 0x40, 0x22, 0x10, 0xC3, 0xBA, 0x8F, 0x41, 0x68, 0x41, 0x76,
    0xCC, 0x7F, 0xB4, 0x7F, 0x30, 0x99, 0xDD, 0xFE, 0xB9, 0xA2, 0x1E, 0xAF, 0x66, 0xB1, 0x9D, 0x12,
    0xEB, 0x5B, 0xEA, 0x9E, 0x09, 0x4D, 0x3B, 0xAF, 0x5B, 0x0D, 0xF4, 0x28, 0x22, 0x66, 0xBA, 0x49,
    0x93, 0x87, 0xEB, 0x5C, 0x13, 0x79, 0x7B, 0x74, 0xF3, 0x32, 0xAE, 0xC3, 0x9A, 0x3D, 0xA7, 0xFC,
    0x8B, 0xB6, 0x6A, 0xDC, 0x7D, 0x95, 0x81, 0xC1, 0x15, 0x6F, 0xFB, 0x79, 0xCB, 0x6A, 0x19, 0x71,
    0x76, 0x0B, 0x04, 0x14, 0x5A, 0x9C, 0x3F, 0x62, 0x55, 0x69, 0xC0, 0xCD, 0x11, 0xF9, 0x7C, 0x42,
    0xDA, 0x1A, 0x73, 0xCC, 0x98, 0x34, 0x99, 0x53, 0xB7, 0x84, 0x85, 0x62, 0x6E, 0x2A, 0x0C, 0x28,
    0x0D, 0xE4, 0xAD, 0xA8, 0x12, 0x4D, 0x9B, 0x0B, 0xD0, 0x0A, 0x12, 0xE3, 0x74, 0x4C, 0x39, 0xA3,
    0x3D, 0x0F, 0x99, 0xEF, 0xFD, 0x17, 0xEE, 0x8D, 0xF1, 0xBD, 0xFB, 0x9D, 0xB5, 0xEF, 0xD9, 0x0E,
    0x04, 0xB0, 0xE8, 0x03, 0x21, 0xF7, 0x1B, 0x07, 0x8A, 0x65, 0xEE, 0xA0, 0x60, 0xC2, 0xA8, 0xF9,
    0x38, 0x2E, 0x1F, 0x3C, 0xB6, 0x7F, 0x10, 0xB5, 0x1B, 0x34, 0xF7, 0xF5, 0x9A, 0x40, 0xC3, 0x55,
    0xB5, 0xA2, 0x27, 0xF5, 0x1B, 0x69, 0xAB, 0x3D, 0xDD, 0x5E, 0x45, 0x83, 0x51, 0x90, 0xB0, 0xF3,
    0xA5, 0x4F, 0x30, 0x8B, 0xF7, 0xB9, 0x7E, 0x2F, 0x49, 0x00, 0x1A, 0x64, 0x14, 0xF1, 0xF4, 0x70,
    0xAC, 0xC8, 0xD3, 0xAB, 0x51, 0xD2, 0x65, 0xC9, 0x4B, 0x77, 0xAD, 0x7D, 0xD1, 0xD6, 0x15, 0xE3,
    0x26, 0xE6, 0x96, 0x3D, 0x73, 0xC2, 0x78, 0xAB, 0xAD, 0x36, 0x82, 0xA6, 0xD2, 0x61, 0x1C, 0x09,
    0x0F, 0x57, 0x39, 0x5F, 0x12, 0x6E, 0xC9, 0x8B, 0xEA, 0xB3, 0x4C, 0x49, 0xB2, 0x87, 0x82, 0x58,
    0x14, 0x3C, 0xB2, 0xE2, 0xFD, 0x7F, 0x1C, 0x96, 0xA7, 0x5A, 0x73, 0xA9, 0xE4, 0x7E, 0x2D, 0x44,
    0x82, 0xA4, 0xAD, 0x37, 0x31, 0x4A, 0x9B, 0x4C, 0xB2, 0x71, 0x98, 0x1E, 0xC3, 0xA8, 0x71, 0xE3,
    0x8D, 0x82, 0xB9, 0xC1, 0x40, 0xB0, 0xCA, 0xE3, 0x4E, 0xB6, 0xA6, 0x56, 0xDC, 0x96, 0x54, 0xA1,
    0x58, 0xCF, 0xB8, 0x34, 0xD7, 0x91, 0xAB, 0x10, 0x7E, 0x33, 0xA8, 0xB4, 0x2D, 0x20, 0xA7, 0x2D,
    0x50, 0xE9, 0x83, 0x14, 0xF9, 0x55, 0xCB, 0x7D, 0xA6, 0x6F, 0x0F, 0x55, 0x9E, 0xB4, 0x99, 0xE5,
    0x4E, 0xA7, 0x32, 0xB5, 0x75, 0x8A, 0x22, 0x02, 0xD6, 0x8B, 0xE0, 0x17, 0x16, 0x12, 0x92, 0x20,
    0x2F, 0x6D, 0x23, 0x8C, 0x5A, 0x00, 0x72, 0x9D, 0xFE, 0x62, 0x0F, 0x72, 0x1C, 0x67, 0xE3, 0x65,
    0x4F, 0x49, 0x93, 0x6E, 0xD6, 0x95, 0x7C, 0xCE, 0xE9, 0x8D, 0x2A, 0x86, 0x69, 0x9F, 0x9B, 0xDC,
    0x50, 0xF7, 0x5C, 0xC9, 0x9A, 0xA8, 0xE5, 0x36, 0x4D, 0xBA, 0x99, 0xE9, 0xE0, 0x84, 0x0B, 0x00,
    0x96, 0x0E, 0x9D, 0x2E, 0xAD, 0xB9, 0x1D, 0x3A, 0xA9, 0xEE, 0xED, 0x3C, 0xBD, 0x68, 0xC0, 0x70,
    0xB9, 0x30, 0xEC, 0x94, 0xDF, 0x0B, 0xE0, 0x59, 0x07, 0x25, 0x61, 0xBD, 0xBE, 0x55, 0xE6, 0x12,
    0x66, 0x03, 0xD9, 0xC7, 0xC7, 0x93, 0xB9, 0x66, 0x66, 0x50, 0x8B, 0x3D, 0x88, 0x35, 0x47, 0x8D,
    0x3F, 0xC6, 0x75, 0xD4, 0xA7, 0x65, 0xD6, 0x64, 0x7F, 0x05, 0x13, 0x57, 0x70, 0x15, 0x1C, 0x5B,
    0x6C, 0x6B, 0xD3, 0x12, 0xBF, 0xC7, 0x21, 0xEB, 0xAD, 0x0C, 0x1E, 0x4B, 0x91, 0x1E, 0xB9, 0xDD,
    0x31, 0xB0, 0x1F, 0x2D, 0x25, 0x24, 0x46, 0xE5, 0xAB, 0xAD, 0x3D, 0xC2, 0x68, 0x5C, 0x1B, 0x89,
    0x2D, 0x25, 0xD7, 0x1D, 0x31, 0x6B, 0x62, 0x40, 0x4B, 0x5C, 0x58, 0x35, 0xDE, 0x10, 0x0C, 0x94,
    0x83, 0x08, 0x50, 0xCA, 0x66, 0x52, 0xD4, 0x39, 0x14, 0x24, 0x7E, 0xAF, 0x6A, 0x82, 0xCF, 0x6D,
    0xE9, 0xB1, 0x50, 0xA3, 0x24, 0x6E, 0x07, 0x8F, 0x87, 0x47, 0xF8, 0x0D, 0x45, 0x91, 0xAD, 0x41,
    0x74, 0x5D, 0x4C, 0x8F, 0x9D, 0x58, 0x16, 0x21, 0x6C, 0xC9, 0x0A, 0x3D, 0x67, 0xF1, 0x39, 0x62,
    0xBE, 0x4E, 0x98, 0xA9, 0x13, 0x1E, 0xB2, 0x8B, 0xCC, 0xF7, 0xF4, 0xC1, 0x8D, 0x54, 0xCC, 0x1A,
    0xB4, 0x47, 0xF8, 0x99, 0xCD, 0xC3, 0x36, 0x6E, 0xC3, 0xD6, 0xE7, 0xB6, 0xDB, 0x19, 0x9A, 0x54,
    0x10, 0xA8, 0xCA, 0xF7, 0x0C, 0xAC, 0x01, 0x8B, 0xC4, 0x0F, 0x66, 0xE0, 0x57, 0x2F, 0x9D, 0x30,
    0x47, 0x44, 0xCC, 0x31, 0xF8, 0x2D, 0xCA, 0x2D, 0x44, 0xA6, 0x4D, 0x02, 0xB2, 0x80, 0x8C, 0x1F,
    0x2F, 0x11, 0xA6, 0x42, 0x54, 0x27, 0x5D, 0x8A, 0x58, 0xE0, 0x26, 0xB7, 0xA3, 0x97, 0xF5, 0x37,
    0x19, 0x0E, 0xEC, 0xD2, 0xC2, 0x14, 0x74, 0x09, 0x88, 0x1A, 0xA6, 0x04, 0x44, 0x90, 0x8D, 0xB5,
    0x74, 0x0A, 0x24, 0xC2, 0x9C, 0x81, 0x0C, 0x34, 0x86, 0xB8, 0x25, 0xDC, 0x77, 0xCD, 0x64, 0x5A,
    0x83, 0x41, 0x74, 0x2B, 0x20, 0x2C, 0x51, 0x0A, 0x31, 0x87, 0xB8, 0x46, 0x76, 0x43, 0xE5, 0xE6,
    0x2C, 0x2F, 0x2A, 0xCA, 0x60, 0x72, 0x4D, 0xD1, 0x2B, 0x8B, 0x45, 0x81, 0xEF, 0x97, 0xC5, 0xCC,
    0xDC, 0x89, 0x0F, 0x08, 0xC5, 0x59, 0x89, 0xA0, 0x2C, 0x88, 0x78, 0x33, 0x26, 0x8C, 0x3B, 0x71,
    0xBC, 0x08, 0xFF, 0xF1, 0xD3, 0xBE, 0xC2, 0xE4, 0x2A, 0x91, 0x40, 0xF3, 0xA5, 0xA7, 0x03, 0xD9,
    0x25, 0x47, 0x37, 0xEB, 0x0F, 0x7C, 0xFC, 0xFC, 0x41, 0x9A, 0xFB, 0x63, 0xEE, 0x97, 0xE5, 0xE0,
    0x0C, 0x74, 0xDD, 0x17, 0x90, 0xC9, 0xAE, 0xD0, 0x50, 0xFB, 0x86, 0xBA, 0x85, 0x3D, 0x15, 0xBE,
    0x84, 0xA7, 0x78, 0xE3, 0x33, 0xE0, 0x72, 0x79, 0x6A, 0xCB, 0x88, 0xEE, 0x76, 0xB9, 0x86, 0x69,
    0x83, 0x0D, 0x12, 0xD0, 0x8C, 0x9E, 0x5E, 0x9C, 0xE2, 0x1A, 0x3E, 0xDC, 0x35, 0x67, 0x57, 0x1E,
    0xFC, 0xDA, 0x0D, 0x53, 0xCC, 0xB2, 0xF1, 0x16, 0x63, 0x07, 0x07, 0xC7, 0x4E, 0x64, 0xED, 0x59,
    0x77, 0x92, 0x2E, 0x1F, 0x9F, 0x87, 0xDD, 0x65, 0x7F, 0xDC, 0x05, 0x3C, 0x71, 0x56, 0x73, 0xAE,
    0x1C, 0x5F, 0x3A, 0x0A, 0x7E, 0xFA, 0x15, 0xDC, 0x74, 0xD8, 0x4B, 0xDF, 0x2F, 0xF9, 0x0C, 0x61,
    0x19, 0x93, 0x90, 0x27, 0x5F, 0xB6, 0x40, 0xE9, 0x0A, 0xAF, 0xF2, 0xB4, 0x59, 0xF2, 0xF4, 0xF2,
    0xFC, 0x71, 0x53, 0x84, 0x65, 0xF4, 0x69, 0xCF, 0xE7, 0xB0, 0x3C, 0x24, 0xF7, 0x58, 0x81, 0x64,
    0xC7, 0x5C, 0xD3, 0x81, 0x7A, 0xC5, 0x5C, 0x94, 0x97, 0xEE, 0x31, 0x7B, 0x1E, 0xB2, 0x89, 0x21,
    0x7B, 0x05, 0xF9, 0xB3, 0x85, 0xF8, 0x9E, 0x4C, 0x1B, 0x9A, 0xEE, 0xCF, 0x3F, 0xE0, 0x66, 0xDC,
    0x87, 0x2D, 0xE1, 0xB4, 0x4E, 0x7A, 0x54, 0xDE, 0xEC, 0xA1, 0x44, 0x4C, 0x3A, 0x34, 0xE1, 0x3B,
    0xDC, 0x6E, 0x06, 0x2B, 0xFA, 0x5C, 0xF7, 0x8E, 0x3E, 0xA0, 0x08, 0xDF, 0x65, 0x23, 0x01, 0xB6,
    0x0D, 0x3B, 0xEA, 0xFD, 0x02, 0x73, 0x16, 0x02, 0x35, 0x6E, 0x90, 0xA5, 0xA0, 0xF7, 0x7E, 0xD1,
    0x2A, 0xCD, 0x4C, 0xC9, 0x75, 0xBD, 0x95, 0x5C, 0xC1, 0xC8, 0xF2, 0xD6, 0x76, 0x77, 0xF8, 0xD1,
    0x83, 0xD2, 0x25, 0xCD, 0xE7, 0xB8, 0x48, 0x66, 0xF2, 0x8D, 0xC3, 0x81, 0xEB, 0xFD, 0x84, 0xD8,
    0x4D, 0x1E, 0x5F, 0x16, 0x56, 0xE6, 0x50, 0x3B, 0x43, 0xD3, 0xBD, 0x8C, 0xB9, 0xF0, 0xFD, 0x1A,
    0x0E, 0x98, 0x3B, 0x20, 0x7E, 0x2C, 0xBD, 0x0B, 0xCB, 0xE8, 0x62, 0x9F, 0x8B, 0xE8, 0x04, 0x10,
    0xCE, 0x6A, 0xDD, 0xDB, 0x1B, 0x93, 0x04, 0xF3, 0x06, 0xE0, 0x72, 0x99, 0x73, 0xD3, 0xEF, 0x19,
    0x26, 0xB4, 0x57, 0x40, 0x29, 0x30, 0x34, 0x5C, 0x91, 0x11, 0xB9, 0x75, 0x9F, 0xC7, 0xC6, 0x82,
    0x85, 0xC8, 0xA6, 0x08, 0x5D, 0x84, 0x68, 0x16, 0xD4, 0xAE, 0x58, 0xEC, 0x1F, 0xD4, 0xAD, 0xBD,
    0x6B, 0xC4, 0xEE, 0xD4, 0xBE, 0x94, 0x32, 0xD2, 0x8D, 0x32, 0x11, 0x67, 0x13, 0xE6, 0xC3, 0xC8,
    0x85, 0x83, 0x2E, 0x23, 0x31, 0x67, 0x84, 0xC8, 0xFE, 0x0D, 0x78, 0x2F, 0xEA, 0x48, 0x60, 0xDF,
    0xE0, 0xDE, 0xE3, 0x84, 0x26, 0x64, 0x92, 0x7E, 0x8D, 0xB9, 0x09, 0x97, 0x27, 0xAD, 0x90, 0x82,
    0x74, 0xBF, 0xEA, 0x8E, 0x36, 0xA1, 0x09, 0x17, 0x5C, 0x4E, 0xF7, 0xCF, 0x34, 0x6E, 0x89, 0x44,
    0x48, 0xDC, 0x74, 0x34, 0x91, 0xBB, 0xF4, 0x91, 0xAE, 0x08, 0xF8, 0x5C, 0x1E, 0x49, 0xDB, 0x98,
    0xE5, 0x20, 0x12, 0x14, 0x4D, 0x44, 0x89, 0x39, 0xD3, 0x46, 0xD9, 0x48, 0xC1, 0xE7, 0xDD, 0xE5,
    0xAE, 0x77, 0x24, 0x8E, 0xA0, 0x2F, 0x1C, 0xEF, 0x9A, 0x89, 0x41, 0xBC, 0xBC, 0x28, 0x85, 0x13,
    0x54, 0xFF, 0x69, 0xB9, 0xCD, 0x94, 0xED, 0xA0, 0x79, 0xB5, 0x67, 0xF4, 0xD8, 0x42, 0xA4, 0x4C,
    0x36, 0x26, 0x31, 0x97, 0x80, 0xB9, 0x79, 0xDC, 0x22, 0x21, 0xC4, 0x6D, 0x54, 0x58, 0xC8, 0xBF,
    0x08, 0xA3, 0x55, 0xA6, 0x55, 0xAA, 0x56, 0xD9, 0x4A, 0x83, 0x0E, 0x98, 0x9A, 0x1F, 0x45, 0xD4,
    0xB8, 0xF5, 0xD6, 0x10, 0x65, 0x01, 0x74, 0xB5, 0x8F, 0x34, 0x89, 0x54, 0x8C, 0xD9, 0x00, 0x4E,
    0x39, 0xC6, 0x2C, 0xB3, 0x16, 0xF3, 0xA1, 0x5A, 0xCC, 0x87, 0xF8, 0x03, 0xCA, 0xF5, 0x62, 0xA7,
    0x9A, 0xC6, 0x2D, 0x37, 0x35, 0xE2, 0xF2, 0x70, 0x10, 0xFE, 0x19, 0xCD, 0x97, 0x46, 0x52, 0x86,
    0x52, 0xD2, 0xF7, 0x5A, 0xF7, 0x8A, 0xF4, 0xC1, 0x9F, 0xB9, 0xEC, 0x34, 0x71, 0x25, 0xEA, 0xB1,
    0xDC, 0x8C, 0xCE, 0x13, 0x23, 0xA5, 0xB2, 0x9A, 0x88, 0xA4, 0x25, 0xDE, 0x13, 0x2B, 0x89, 0x48,
    0xF0, 0x7C, 0xD4, 0x89, 0xFB, 0xC4, 0x4C, 0x94, 0x89, 0x52, 0xC4, 0x0D, 0xFD, 0x57, 0xCB, 0x97,
    0x34, 0x44, 0x28, 0x4C, 0x91, 0xD9, 0x91, 0x3A, 0x1A, 0x4A, 0xA4, 0xD2, 0x6F, 0xA1, 0x6C, 0x2C,
    0x3B, 0x6B, 0xD6, 0xC5, 0x7A, 0xD2, 0x2D, 0xD6, 0x95, 0x57, 0xAF, 0xC5, 0x57, 0x0A, 0x3E, 0xD8,
    0xDA, 0xDA, 0x3A, 0x50, 0xA5, 0x5F, 0x3D, 0x70, 0x8B, 0xB4, 0x47, 0xFF, 0xE6, 0x60, 0xEA, 0xDB,
    0xFE, 0x7D, 0x86, 0xDE, 0x70, 0x55, 0x7C, 0x3C, 0x70, 0x87, 0xBD, 0x6D, 0x5D, 0x25, 0x0E, 0x0B,
    0x32, 0x9B, 0xD5, 0xAC, 0xAA, 0xB3, 0x9C, 0x15, 0x76, 0x65, 0xAE, 0xB1, 0x84, 0xF5, 0xD8, 0xDE,
    0x99, 0xA2, 0x06, 0x02, 0x4F, 0x69, 0xCE, 0x65, 0x24, 0xD2, 0x5E, 0x2E, 0x57, 0x71, 0x9F, 0x53,
    0xA9, 0xB5, 0x7B, 0x28, 0x7B, 0xA7, 0x13, 0xAE, 0x04, 0x32, 0x1C, 0xB3, 0x4B, 0xF4, 0xFB, 0x19,
    0xB1, 0xF2, 0x71, 0x97, 0xA6, 0x05, 0xE1, 0x75, 0x3A, 0x54, 0xAB, 0x75, 0x21, 0xDD, 0x9D, 0x62,
    0x57, 0xEB, 0xE7, 0x52, 0x85, 0x1E, 0x60, 0x19, 0xB2, 0xAC, 0x78, 0x03, 0x5C, 0x2B, 0x45, 0x88,
    0x00, 0x75, 0x7A, 0x4A, 0x4A, 0x29, 0xA4, 0x9C, 0xAD, 0x95, 0x64, 0xCA, 0x29, 0x7E, 0x83, 0xA0,
    0x63, 0x1A, 0x28, 0x8C, 0x14, 0x1A, 0xCB, 0x53, 0x69, 0xAD, 0x2D, 0xD4, 0x48, 0x54, 0x9C, 0x48,
    0x8A, 0x63, 0x50, 0xF6, 0xD7, 0xEB, 0xD9, 0xFF, 0x64, 0x18, 0x85, 0x67, 0xE6, 0x95, 0xCD, 0x99,
    0xD0, 0xC9, 0xD9, 0xD7, 0x8B, 0xB5, 0xA7, 0x56, 0xDD, 0xAF, 0x6A, 0xB9, 0x82, 0xAF, 0xA2, 0xCE,
    0xC6, 0x2D, 0xC3, 0xEB, 0x8E, 0xA4, 0x47, 0xD1, 0x72, 0xC7, 0x98, 0x93, 0x5C, 0x22, 0xC1, 0xF4,
    0xB1, 0xFC, 0x0A, 0x5D, 0x20, 0x0B, 0x96, 0x2A, 0x1C, 0xAB, 0x0C, 0x3D, 0x15, 0xBB, 0x6F, 0xF5,
    0xA9, 0x36, 0x7B, 0xCB, 0x53, 0xDA, 0x49, 0xC8, 0x78, 0x2A, 0x26, 0xA1, 0x45, 0x29, 0x04, 0xB4,
    0xDC, 0x1D, 0x9E, 0x8B, 0xDB, 0x34, 0xB9, 0x5E, 0xB3, 0xD0, 0xE8, 0xC1, 0x80, 0x09, 0xB6, 0xC2,
    0x8E, 0x17, 0x5C, 0x7E, 0x63, 0xB9, 0xF3, 0x47, 0x97, 0xE1, 0x64, 0x07, 0x59, 0xF2, 0x33, 0x2E,
    0xDD, 0x77, 0xC4, 0xA9, 0x89, 0x94, 0x0D, 0xF5, 0x43, 0xCE, 0xE9, 0x7F, 0xFE, 0xFF, 0x87, 0x95,
    0xA3, 0x96, 0x49, 0x96, 0x94, 0x89, 0xDF, 0x10, 0x60, 0xBE, 0x7D, 0x6C, 0x69, 0xF4, 0x45, 0x86,
    0x82, 0x5B, 0xD4, 0x52, 0xBA, 0x20, 0xE9, 0xC7, 0x05, 0xEE, 0x78, 0xE0, 0xFB, 0x85, 0x12, 0xBE,
    0xCF, 0x1C, 0x29, 0xBB, 0x77, 0x93, 0x3B, 0xC7, 0xD2, 0x89, 0x13, 0x33, 0xB3, 0xBC, 0xCD, 0xAB,
    0x72, 0xE5, 0x10, 0xD2, 0x90, 0xAB, 0x3D, 0x29, 0xAB, 0x3D, 0xD9, 0x6E, 0xE8, 0xCB, 0x9E, 0x11,
    0x5D, 0xE9, 0x65, 0x29, 0x16, 0x76, 0x91, 0xEC, 0xEB, 0x97, 0x2F, 0x4B, 0x91, 0x4C, 0xE0, 0x28,
    0xDF, 0xAF, 0x64, 0xFA, 0xC6, 0x91, 0x06, 0xF3, 0xFF, 0x5B, 0xBE, 0x55, 0xF0, 0x50, 0xBB, 0x63,
    0xF9, 0x72, 0xBF, 0xE4, 0x61, 0x01, 0xB3, 0x65, 0x23, 0xEC, 0xDC, 0x5B, 0xD2, 0xC7, 0xD4, 0x3D,
    0x71, 0xD2, 0x38, 0x49, 0xB7, 0x97, 0x5F, 0x45, 0x5D, 0x34, 0xBB, 0x25, 0xB3, 0x78, 0xDF, 0x3B,
    0xB0, 0x11, 0x2C, 0x5B, 0x35, 0xDA, 0x74, 0x05, 0x4C, 0x37, 0xE1, 0x8D, 0xBA, 0x3F, 0x6C, 0x93,
    0xDD, 0x9F, 0xD7, 0x98, 0x75, 0x26, 0x7E, 0x69, 0x22, 0xF8, 0x64, 0x62, 0xC3, 0xEB, 0x5F, 0xB9,
    0xA8, 0x74, 0xAD, 0x27, 0x99, 0x17, 0x76, 0x20, 0x71, 0x4D, 0x04, 0x28, 0x72, 0x4F, 0xDA, 0x7F,
    0x51, 0xEF, 0xBE, 0xD4, 0x2A, 0xDF, 0x6F, 0xD5, 0x49, 0x01, 0x7F, 0x8A, 0x1F, 0xF9, 0x5D, 0xC1,
    0x81, 0x3F, 0xC4, 0xAA, 0xF9, 0xE2, 0xE8, 0xF6, 0xD0, 0xF9, 0xFB, 0xB2, 0xB9, 0xA6, 0x39, 0xB1,
    0x2E, 0x93, 0x2E, 0x5E, 0xA8, 0xA7, 0x26, 0xDD, 0xDC, 0x77, 0x63, 0xF1, 0x5D, 0xC6, 0xCD, 0x9D,
    0x9D, 0xB5, 0x9E, 0x66, 0x27, 0xCB, 0xE7, 0x1D, 0x5B, 0x5A, 0x28, 0x93, 0xDD, 0x92, 0xFA, 0x63,
    0xD7, 0xF5, 0xBF, 0x54, 0x4E, 0xFC, 0x5F, 0xE5, 0x5C, 0x3D, 0x8C, 0xE5, 0xD6, 0x79, 0xBD, 0x24,
    0x77, 0x86, 0xB6, 0x18, 0x84, 0x6B, 0x40, 0x32, 0x6C, 0x6D, 0x2C, 0xAA, 0x70, 0x00, 0x27, 0x90,
    0xCD, 0x14, 0x29, 0x52, 0x48, 0x4B, 0x4A, 0x02, 0x9C, 0xC2, 0x85, 0xA6, 0xD8, 0x51, 0x61, 0x15,
    0x72, 0x19, 0x38, 0x80, 0x27, 0xA5, 0x0A, 0x69, 0x49, 0xAF, 0x0A, 0x17, 0x2E, 0xBC, 0x85, 0x37,
    0x29, 0x52, 0x58, 0x85, 0x0D, 0xD8, 0x63, 0x20, 0xEB, 0x00, 0x2E, 0x8C, 0x44, 0x33, 0xA4, 0x2D,
    0x04, 0x2E, 0x54, 0x84, 0x82, 0x0B, 0x95, 0x22, 0xA2, 0x15, 0x04, 0x5B, 0xC5, 0x52, 0x0A, 0x0D,
    0x71, 0x57, 0x24, 0x6F, 0xBE, 0x73, 0xBE, 0xCB, 0xF7, 0xDE, 0xBC, 0x99, 0x95, 0x7F, 0x60, 0xC5,
    0x5A, 0x79, 0xA0, 0x1D, 0x8E, 0xDE, 0x23, 0x2F, 0xEF, 0x3D, 0xDF, 0xFF, 0xCF, 0xBD, 0xC6, 0x18,
    0xFF, 0xF0, 0xF0, 0xAA, 0x91, 0x8B, 0xB5, 0x83, 0x5C, 0x4C, 0x65, 0x27, 0x5C, 0x76, 0xF6, 0xF7,
    0xCD, 0x9D, 0x7F, 0x22, 0xBD, 0x24, 0x0D, 0x2F, 0xF1, 0xA0, 0x1F, 0x5A, 0x5E, 0x02, 0x5B, 0xF3,
    0xF2, 0x6E, 0x87, 0x8B, 0xD7, 0x73, 0x38, 0x33, 0x66, 0x25, 0x2E, 0x47, 0x71, 0x8B, 0x4B, 0xE6,
    0x8F, 0xB8, 0xA4, 0x79, 0xC1, 0x61, 0x4A, 0x0E, 0x14, 0xD7, 0x41, 0x2F, 0x97, 0xB0, 0x35, 0x33,
    0x9E, 0xEF, 0x4C, 0x26, 0x03, 0xF9, 0x83, 0x89, 0x30, 0x90, 0xB5, 0x9C, 0x57, 0x25, 0xD7, 0xDC,
    0x98, 0xE2, 0xF0, 0xF0, 0xBA, 0x0C, 0x94, 0xE5, 0x26, 0x90, 0x81, 0x12, 0xB9, 0x4F, 0xDE, 0x1D,
    0xCB, 0x20, 0x69, 0xCD, 0xDB, 0xA3, 0x1E, 0xCF, 0x1B, 0x6F, 0x36, 0x01, 0x9F, 0xBA, 0x91, 0xC8,
    0xE2, 0x42, 0x6B, 0xBF, 0x65, 0xE5, 0x13, 0x6B, 0x1B, 0x8C, 0x37, 0x60, 0x34, 0x79, 0x53, 0xC2,
    0x11, 0xCF, 0xFC, 0x39, 0x36, 0x7B, 0x82, 0xCB, 0x30, 0xE2, 0x51, 0x0C, 0x15, 0xDA, 0x5C, 0xDE,
    0x57, 0xD4, 0x32, 0xFB, 0xA8, 0xF5, 0x46, 0x23, 0xF3, 0x95, 0x01, 0x46, 0x93, 0xC9, 0x8C, 0xF0,
    0xEA, 0xB4, 0x94, 0xE5, 0xC5, 0x8D, 0x7C, 0x2C, 0x93, 0x18, 0x31, 0xB7, 0x42, 0x5E, 0x27, 0xF3,
    0xF3, 0x6F, 0x96, 0x7F, 0xDF, 0xFB, 0xEF, 0x36, 0xFF, 0x6E, 0x83, 0xB7, 0xFB, 0x31, 0xB3, 0x7D,
    0x31, 0x46, 0xB6, 0x4F, 0x26, 0x63, 0x5B, 0xB9, 0xC9, 0xCB, 0xCD, 0x79, 0x62, 0x55, 0x9A, 0x07,
    0x09, 0x99, 0x79, 0x88, 0x94, 0x30, 0x17, 0x89, 0xCE, 0x6D, 0xAB, 0xB0, 0x2A, 0xBC, 0xE9, 0xAC,
    0x73, 0xBB, 0x74, 0xE6, 0x8C, 0x7F, 0xC4, 0xDF, 0x9E, 0x62, 0x6E, 0x2C, 0x31, 0x37, 0x15, 0x29,
    0x61, 0xB2, 0x51, 0x2F, 0x85, 0xD2, 0xEE, 0x09, 0x12, 0x2F, 0x7E, 0x89, 0xC4, 0x8B, 0x1A, 0x0E,
    0x1B, 0x74, 0x29, 0x88, 0xE7, 0xF7, 0x21, 0x1E, 0xF1, 0x06, 0x1D, 0x68, 0x04, 0xD0, 0xC6, 0x5C,
    0x36, 0x24, 0x5E, 0x46, 0xCC, 0x65, 0xAD, 0x32, 0x41, 0x79, 0xDE, 0x12, 0xCE, 0x48, 0x2E, 0x42,
    0xBC, 0xF0, 0xF6, 0xE1, 0xA1, 0x0C, 0x04, 0x3A, 0x0A, 0xF1, 0x04, 0x21, 0x13, 0xCB, 0x40, 0x32,
    0x08, 0xE8, 0x8D, 0xDB, 0xAB, 0x1C, 0x60, 0x99, 0xA4, 0x35, 0x19, 0x9E, 0x9A, 0x1F, 0xB5, 0x32,
    0xC7, 0xC2, 0x0E, 0xD6, 0xCA, 0x27, 0xD6, 0x4D, 0x5B, 0x96, 0x1F, 0x80, 0x2B, 0x82, 0xDA, 0x84,
    0x43, 0xD4, 0x82, 0x58, 0x2D, 0xE8, 0x84, 0xB7, 0x57, 0xE5, 0xE9, 0x45, 0xFB, 0x83, 0x20, 0x18,
    0xD9, 0xD7, 0x3B, 0xD0, 0x72, 0x30, 0x31, 0x80, 0x8D, 0x3B, 0xCF, 0x82, 0x0A, 0x69, 0x29, 0x4B,
    0x11, 0x92, 0x0C, 0x60, 0x88, 0x11, 0x53, 0xAA, 0x40, 0x57, 0xE1, 0xC6, 0x2C, 0x17, 0x86, 0x49,
    0x6B, 0xF9, 0x58, 0xEE, 0x1D, 0x4D, 0x0C, 0x62, 0x45, 0xC7, 0x5E, 0xD2, 0x44, 0xAF, 0x3D, 0xF6,
    0xF3, 0x31, 0xFE, 0xF9, 0x2F, 0x3A, 0x6B, 0x5F, 0xB1, 0x5D, 0x6A, 0x9B, 0xA2, 0x0F, 0x6C, 0x29,
    0x0B, 0xD9, 0x31, 0x26, 0xFF, 0xC8, 0xA1, 0x1D, 0xB6, 0x2A, 0xBC, 0x2A, 0xCA, 0xA1, 0x5E, 0x02,
    0x5D, 0x83, 0x71, 0x2B, 0xCB, 0x6E, 0x73, 0xDD, 0xA1, 0x4A, 0xB6, 0x29, 0x4A, 0x4C, 0xE8, 0x5E,
    0x19, 0x7F, 0xCE, 0x8C, 0x67, 0x31, 0xA8, 0x7D, 0x54, 0xE6, 0x25, 0x9C, 0xDE, 0xC9, 0x7B, 0x45,
    0x64, 0x0B, 0x3C, 0x0A, 0x8C, 0x45, 0xA8, 0x85, 0xFD, 0x85, 0x0E, 0x51, 0x0B, 0x12, 0xF4, 0xF2,
    0xB1, 0x4F, 0x79, 0x81, 0x54, 0x18, 0x5B, 0xCB, 0xCA, 0xFF, 0xB3, 0xFD, 0xC4, 0x64, 0x8E, 0xFA,
    0x87, 0x8A, 0x7A, 0x7C, 0x2E, 0x8B, 0xED, 0x94, 0x58, 0xDF, 0x42, 0xD2, 0xB2, 0x01, 0x42, 0xBD,
    0x67, 0x62, 0xBC, 0x9B, 0xBF, 0x22, 0xBC, 0x3E, 0x68, 0x89, 0x15, 0xE7, 0x71, 0x8D, 0x90, 0xE4,
    0xBA, 0xD2, 0xD5, 0x4F, 0x58, 0xAA, 0xF4, 0x60, 0xE5, 0x23, 0x25, 0x07, 0x8B, 0x2A, 0xB0, 0x96,
    0x80, 0xB8, 0x7F, 0x7C, 0x9B, 0x81, 0x76, 0x0F, 0x73, 0xAC, 0x4E, 0x78, 0x07, 0xAB, 0x19, 0x4D,
    0x32, 0xEF, 0x57, 0xAD, 0x2F, 0x03, 0xA7, 0xA5, 0x60, 0x67, 0x8E, 0x30, 0x11, 0xBF, 0x03, 0xB8,
    0x71, 0x59, 0xC8, 0xAD, 0x9F, 0x23, 0x4D, 0x9C, 0xFA, 0xE3, 0x8B, 0xF4, 0x03, 0xA7, 0xDC, 0xCA,
    0x15, 0x53, 0x84, 0x9C, 0x67, 0xA2, 0x1F, 0x13, 0x3C, 0x95, 0x65, 0x7E, 0x19, 0xE1, 0x99, 0x46,
    0xF8, 0x4E, 0xF4, 0xA0, 0x48, 0xF5, 0x05, 0xC1, 0x45, 0xDE, 0x2E, 0x5A, 0x84, 0xBA, 0x29, 0x52,
    0xFA, 0x6C, 0x88, 0x79, 0x90, 0x83, 0x57, 0x74, 0x68, 0x6F, 0x76, 0x63, 0x1D, 0x93, 0x55, 0x8C,
    0xF9, 0xCC, 0xF6, 0x9A, 0x0E, 0xAE, 0xCA, 0x62, 0x66, 0xA8, 0xF5, 0xDA, 0x9F, 0x9E, 0x82, 0xB6,
    0x3A, 0x6F, 0x46, 0xF7, 0x00, 0x98, 0x02, 0xAC, 0x87, 0xF9, 0x06, 0x6E, 0x44, 0x83, 0x85, 0x61,
    0x45, 0x61, 0x6F, 0x3C, 0x19, 0x3E, 0xAC, 0xB3, 0x26, 0x6A, 0x23, 0xB0, 0x0A, 0xFE, 0xC5, 0xE0,
    0xEE, 0x7B, 0x37, 0x5F, 0xA0, 0x8C, 0x53, 0xB4, 0x64, 0x0C, 0xFC, 0x2E, 0xAE, 0xE3, 0xE9, 0x01,
    0x03, 0x17, 0x79, 0x9A, 0x83, 0x89, 0x1E, 0xBE, 0xDB, 0x70, 0xDE, 0x93, 0x09, 0x00, 0x5E, 0x70,
    0x3A, 0x44, 0x6C, 0x94, 0xB7, 0x4E, 0xA2, 0x27, 0x26, 0xE1, 0xB8, 0x23, 0xD1, 0xC7, 0x9F, 0x86,
    0x12, 0x58, 0x7E, 0xBC, 0xE3, 0x5C, 0x56, 0x33, 0x40, 0x1C, 0x4D, 0xF4, 0xEB, 0x03, 0x68, 0x9A,
    0x1C, 0x92, 0xE3, 0x0F, 0x14, 0x63, 0x9D, 0x32, 0x66, 0x19, 0x2B, 0xAC, 0x27, 0x70, 0x3E, 0x27,
    0x73, 0x4E, 0x8C, 0xCD, 0xD3, 0x52, 0xE6, 0x51, 0x06, 0x10, 0xA2, 0x6C, 0xD6, 0x19, 0x98, 0xE5,
    0xA2, 0xEB, 0xA4, 0xD4, 0x05, 0x5C, 0x50, 0x4C, 0xB9, 0xBC, 0xFF, 0x4C, 0xD5, 0xEF, 0xC1, 0x8C,
    0x7B, 0x30, 0x54, 0x22, 0xE2, 0x32, 0xA3, 0xD0, 0x5E, 0x3B, 0x18, 0x4C, 0xD5, 0x88, 0xE8, 0x01,
    0x9E, 0x34, 0x07, 0x30, 0x2F, 0x02, 0xC0, 0xA0, 0x05, 0xA2, 0xF7, 0x28, 0x46, 0x98, 0x97, 0x72,
    0xC3, 0x02, 0xDA, 0xB0, 0x7E, 0x35, 0xE6, 0xAA, 0xBC, 0xE6, 0x20, 0xD6, 0x09, 0x38, 0x88, 0x73,
    0xBA, 0x0D, 0xF2, 0xEB, 0x6F, 0x31, 0xBB, 0xA8, 0x89, 0x6C, 0xB9, 0x6B, 0xA9, 0xA3, 0x3A, 0x60,
    0x32, 0xD3, 0xA9, 0xC0, 0x4D, 0xF7, 0xA9, 0x9A, 0x2E, 0xF9, 0x24, 0x9E, 0x80, 0xC7, 0x80, 0x57,
    0x9E, 0x3F, 0xB9, 0x02, 0xC1, 0xB3, 0xB0, 0x25, 0xE0, 0xAC, 0x9E, 0x1C, 0x80, 0x66, 0xA6, 0x60,
    0x8A, 0x12, 0x01, 0x96, 0x98, 0x19, 0xA0, 0x94, 0x59, 0x01, 0x49, 0xCC, 0x1C, 0x40, 0x16, 0xA5,
    0xD7, 0x09, 0x8E, 0x57, 0x84, 0x9C, 0x01, 0xA1, 0x6C, 0x1D, 0x7C, 0x62, 0x15, 0xEE, 0x85, 0xD6,
    0xC0, 0xCD, 0x51, 0x87, 0xDB, 0x83, 0x01, 0x2B, 0xF7, 0x66, 0xF2, 0x52, 0x45, 0x5E, 0xCA, 0xB8,
    0xA2, 0xB8, 0xDE, 0x86, 0xF3, 0xAB, 0xDF, 0x35, 0xF4, 0x0D, 0x5A, 0xC7, 0xAB, 0x0A, 0x67, 0xDA,
    0x53, 0xBD, 0x95, 0x10, 0x44, 0x32, 0xAB, 0xE2, 0x89, 0xB1, 0xFD, 0x52, 0xC1, 0x51, 0x6E, 0x55,
    0x40, 0x15, 0x28, 0x75, 0x7D, 0xF4, 0x37, 0x11, 0xA5, 0x06, 0x5D, 0x7E, 0x67, 0x9B, 0x77, 0xEA,
    0xB3, 0x1D, 0x84, 0x5D, 0x19, 0x56, 0x31, 0x0D, 0x38, 0x05, 0x78, 0x3F, 0xED, 0x8A, 0x63, 0xEF,
    0xD3, 0x25, 0x7A, 0x57, 0x4D, 0x0A, 0xF3, 0x70, 0x04, 0xA5, 0x3F, 0x8A, 0x52, 0x0D, 0x6E, 0x8D,
    0xCE, 0x09, 0x23, 0xE3, 0xC7, 0xCD, 0x29, 0x4E, 0xB9, 0x70, 0xC3, 0x90, 0x6F, 0x65, 0xBC, 0x8E,
    0x8C, 0x2B, 0xFA, 0xFA, 0x9C, 0xEA, 0xFC, 0xB4, 0x74, 0xAC, 0x4B, 0xA7, 0x8B, 0x53, 0x9E, 0x16,
    0x26, 0xE1, 0xC2, 0x30, 0x7F, 0xE0, 0x99, 0x93, 0x7D, 0xE3, 0x5E, 0xD0, 0x48, 0xC9, 0xBB, 0x18,
    0x8F, 0x0C, 0xEC, 0x04, 0xE4, 0x41, 0xFD, 0x63, 0x50, 0x24, 0x26, 0xFA, 0x74, 0xA6, 0x52, 0xE6,
    0xCA, 0x5E, 0x23, 0x77, 0x25, 0x6A, 0x31, 0x23, 0xF5, 0x68, 0xFC, 0xFE, 0x34, 0x4F, 0xDF, 0x7F,
    0xE8, 0xA8, 0x00, 0x15, 0x9E, 0x29, 0x08, 0x7F, 0x59, 0x99, 0xA7, 0xC1, 0x55, 0x95, 0x4A, 0xE9,
    0xAC, 0x24, 0x94, 0x29, 0xC5, 0x3D, 0x6D, 0x60, 0x34, 0xD0, 0xFE, 0x85, 0xF4, 0xBF, 0xF0, 0x0F,
    0xEF, 0x0C, 0xE8, 0xAC, 0xE1, 0x02, 0x5B, 0x2B, 0x97, 0x48, 0x2F, 0x20, 0x99, 0x7C, 0x0F, 0x6E,
    0x97, 0x35, 0x62, 0x85, 0xF0, 0x19, 0x6A, 0x32, 0x3A, 0x2E, 0x69, 0x43, 0x10, 0x84, 0x3A, 0xB8,
    0x58, 0xAE, 0x1F, 0x5A, 0xA5, 0x52, 0x1E, 0x96, 0x0F, 0x44, 0xC0, 0x76, 0xED, 0xE1, 0x75, 0xAB,
    0x52, 0xD7, 0x92, 0x48, 0xB7, 0xB6, 0xD7, 0xF1, 0x15, 0xBD, 0x8C, 0x1B, 0x97, 0x1D, 0xCC, 0xD5,
    0x5C, 0xB0, 0x8F, 0x61, 0xD9, 0x99, 0x7D, 0x1C, 0x78, 0xDF, 0x57, 0x3D, 0xAE, 0x62, 0x17, 0x90,
    0x1B, 0x2A, 0xB5, 0x64, 0xC7, 0xDE, 0xA6, 0x2D, 0xD6, 0x31, 0x3C, 0xF5, 0x9F, 0xAF, 0x0C, 0x14,
    0xC1, 0xDB, 0x83, 0xFA, 0x06, 0x1C, 0xAA, 0x29, 0xE8, 0x2F, 0xC3, 0x16, 0x1B, 0x3A, 0xAA, 0x34,
    0xE7, 0x60, 0x03, 0xF9, 0x13, 0x7C, 0x4E, 0x93, 0x4C, 0xAF, 0x39, 0xA5, 0x21, 0xA7, 0xBF, 0x21,
    0xFF, 0x2A, 0xB5, 0x0C, 0x10, 0xE8, 0x42, 0xF5, 0x0D, 0x1D, 0x22, 0x6A, 0xF3, 0xE7, 0xC4, 0xE3,
    0xA7, 0x81, 0xC6, 0x5C, 0xC5, 0x7B, 0x95, 0xE7, 0xE0, 0x17, 0xC9, 0x60, 0xB3, 0xB2, 0xEE, 0x9E,
    0x70, 0xD0, 0x07, 0x43, 0x31, 0xEF, 0xA9, 0x5F, 0xEF, 0xCB, 0x05, 0x3E, 0x8F, 0x78, 0xDF, 0xD0,
    0x2E, 0x1F, 0x3C, 0xC5, 0xC8, 0xBA, 0x07, 0xF4, 0x18, 0x08, 0xEA, 0xCE, 0x01, 0xA5, 0x88, 0xBE,
    0x1C, 0x43, 0x97, 0x94, 0x8A, 0x8D, 0x31, 0x89, 0xB7, 0x3F, 0x41, 0xDB, 0xD0, 0x87, 0xDB, 0x03,
    0xA2, 0xC5, 0x70, 0x4C, 0x17, 0x4D, 0x1E, 0xAC, 0xDE, 0x92, 0x05, 0x47, 0x3D, 0x54, 0x5E, 0x61,
    0xD4, 0x01, 0xA2, 0xD3, 0x09, 0x9C, 0x27, 0xAC, 0x3D, 0x84, 0x67, 0xE4, 0x68, 0x40, 0xD7, 0x88,
    0xEE, 0xA8, 0xFA, 0x46, 0x0A, 0xBF, 0x47, 0xE7, 0x28, 0xA4, 0x43, 0x4A, 0xEF, 0xC8, 0x21, 0xAF,
    0xEE, 0xD1, 0xCA, 0x25, 0x3D, 0x04, 0xEE, 0x1A, 0xC3, 0xF9, 0xCA, 0x08, 0xFB, 0xFB, 0x7B, 0x67,
    0x58, 0x09, 0x89, 0xEB, 0x24, 0xB2, 0x03, 0x7D, 0x66, 0xF7, 0xDB, 0x54, 0x87, 0x87, 0x13, 0x81,
    0x79, 0x96, 0xB4, 0x79, 0x96, 0xA4, 0x79, 0x86, 0x52, 0xBE, 0xA7, 0xAB, 0x75, 0x66, 0x57, 0x85,
    0x97, 0x41, 0x1A, 0x7C, 0xCF, 0x9F, 0x70, 0x95, 0xE3, 0xC2, 0x79, 0x6A, 0x31, 0x36, 0xB5, 0x5F,
    0xBA, 0x68, 0x3F, 0x9F, 0xBF, 0x85, 0x9B, 0x85, 0x16, 0x31, 0x3D, 0x59, 0x71, 0x0F, 0x2C, 0xB8,
    0x6D, 0xD7, 0x82, 0x9E, 0x05, 0xA3, 0xBB, 0x4A, 0xB9, 0x25, 0x82, 0x6D, 0xC6, 0x5F, 0xB1, 0xB5,
    0xF5, 0x19, 0x2B, 0xD8, 0x85, 0xCB, 0x2B, 0x5F, 0x8B, 0x16, 0x6F, 0xC4, 0xF5, 0x91, 0x65, 0x94,
    0xE2, 0x5C, 0x76, 0xF2, 0xC7, 0x91, 0xBC, 0x31, 0xAE, 0x05, 0xEE, 0x41, 0x08, 0x9E, 0x7D, 0x51,
    0xD8, 0xE5, 0x3D, 0xFA, 0xBB, 0x62, 0xA5, 0x6F, 0x39, 0xEA, 0x09, 0xDE, 0x1E, 0x66, 0xF1, 0xE3,
    0x00, 0x81, 0x40, 0x0A, 0x2E, 0x85, 0xB5, 0x0A, 0xEC, 0x0D, 0x9A, 0x0B, 0x95, 0xD5, 0x8F, 0x2D,
    0x31, 0x98, 0x2C, 0x7E, 0x80, 0x4D, 0xBD, 0xAE, 0x11, 0x68, 0xBD, 0x0A, 0xBF, 0xBC, 0xBD, 0xBB,
    0x0D, 0x55, 0xFE, 0x3C, 0x63, 0x76, 0x45, 0xFA, 0x7D, 0x59, 0xF3, 0xA3, 0x23, 0xDE, 0x22, 0xE1,
    0x01, 0xC4, 0xB4, 0x38, 0x65, 0x22, 0x0E, 0x10, 0x5C, 0xCB, 0x7A, 0x93, 0xB7, 0x26, 0xF1, 0xF3,
    0xE2, 0x56, 0xBC, 0x9F, 0x63, 0x38, 0xF3, 0x6D, 0xD4, 0xC8, 0xD4, 0x05, 0x3A, 0x71, 0x5B, 0x32,
    0x89, 0x73, 0x0F, 0x84, 0x0F, 0x2B, 0x44, 0xD6, 0x32, 0xD3, 0xE2, 0xAA, 0x13, 0x02, 0xC1, 0xF9,
    0xBC, 0x88, 0x66, 0x24, 0x0E, 0x47, 0xD4, 0xF9, 0x98, 0x43, 0x8C, 0xD8, 0x35, 0x9B, 0xF3, 0xB5,
    0x07, 0x49, 0xC3, 0xEF, 0xAB, 0xEF, 0x46, 0x44, 0xA3, 0xB5, 0xAB, 0x66, 0xFC, 0xAB, 0xE6, 0xAE,
    0xE4, 0x5C, 0x7A, 0x38, 0xB0, 0x28, 0x30, 0xE0, 0x59, 0xAB, 0xC3, 0x9C, 0x3B, 0x0D, 0x2D, 0xB8,
    0x17, 0xC8, 0x0A, 0xF3, 0x02, 0x58, 0xF0, 0x2E, 0x70, 0x05, 0xEB, 0x02, 0x56, 0x70, 0x2E, 0x50,
    0x05, 0xE3, 0x02, 0xD4, 0xC2, 0x61, 0x0A, 0xB6, 0x05, 0xA4, 0xE0, 0x5A, 0x20, 0x4A, 0xA6, 0xBD,
    0xF7, 0x2E, 0xE1, 0xBE, 0x40, 0x47, 0xA2, 0x88, 0x31, 0xAD, 0x21, 0xD2, 0x8A, 0x1F, 0xB5, 0xFD,
    0xD5, 0x2F, 0xCD, 0x12, 0xA2, 0x21, 0x77, 0xF3, 0x87, 0x45, 0x49, 0xDE, 0xFF, 0x49, 0x21, 0x48,
    0x58, 0x6B, 0x18, 0x99, 0xBA, 0x00, 0x28, 0x7B, 0x03, 0x76, 0x6A, 0x71, 0x6C, 0x4B, 0xF3, 0xA9,
    0x95, 0xB7, 0x92, 0xE5, 0xF8, 0x1D, 0xF5, 0x34, 0x6C, 0x96, 0x5E, 0x1A, 0xC3, 0x1F, 0xD1, 0x04,
    0xA5, 0xE6, 0xAB, 0xB6, 0x68, 0x0A, 0xFC, 0xF7, 0xB8, 0xE2, 0x61, 0x21, 0x40, 0xFA, 0xAB, 0x43,
    0x89, 0x49, 0x85, 0x19, 0xE4, 0xB5, 0x82, 0xB1, 0xD7, 0x39, 0x0A, 0x00, 0xAE, 0x7B, 0x17, 0x18,
    0xD5, 0x61, 0x54, 0x12, 0x38, 0xFB, 0x5E, 0x1C, 0xFE, 0xB0, 0xA4, 0x79, 0xE9, 0x16, 0x1A, 0xE8,
    0xD7, 0x2E, 0xC9, 0x50, 0x99, 0x35, 0x11, 0x40, 0x9C, 0x92, 0x5F, 0x2B, 0x61, 0x2F, 0x1A, 0x47,
    0x05, 0x99, 0xB7, 0xD8, 0xF8, 0x03, 0xF8, 0xE1, 0xF0, 0x5D, 0x65, 0x90, 0x85, 0x0C, 0xBF, 0x9F,
    0xBB, 0x38, 0xA8, 0xC2, 0x95, 0x00, 0xAF, 0xA7, 0x36, 0x10, 0x92, 0xA4, 0x25, 0x35, 0xAE, 0xF8,
    0xA7, 0x1D, 0xD5, 0x41, 0xD4, 0x8A, 0x2D, 0x07, 0x49, 0xCC, 0x2C, 0x16, 0x95, 0xFA, 0x20, 0xB9,
    0xE1, 0x74, 0x2E, 0x4C, 0x7C, 0x4E, 0x85, 0x10, 0x77, 0xF2, 0x56, 0x2A, 0xDD, 0x0C, 0xE3, 0x51,
    0x23, 0xEC, 0x9C, 0xC8, 0xE4, 0xA8, 0x33, 0xAE, 0x8E, 0x39, 0xA3, 0x11, 0xC2, 0x1F, 0x8C, 0x60,
    0xC1, 0xB8, 0x45, 0xC8, 0x99, 0xE6, 0xDE, 0xF6, 0x14, 0xBF, 0xFA, 0x3D, 0xB5, 0xC8, 0x3D, 0x5D,
    0xF5, 0x59, 0x38, 0xF8, 0x9A, 0xD8, 0x6E, 0x71, 0xD5, 0x05, 0x53, 0xE4, 0x8B, 0x46, 0x46, 0x30,
    0x03, 0x19, 0x5E, 0x73, 0x2D, 0x57, 0xDF, 0xDF, 0x55, 0x47, 0x80, 0xB1, 0xBF, 0x5F, 0x20, 0xA9,
    0x34, 0xF3, 0xF7, 0x08, 0xB7, 0x37, 0xEA, 0x30, 0x97, 0xA8, 0xCB, 0x18, 0x39, 0x67, 0x9C, 0x11,
    0x24, 0x3D, 0x66, 0x6C, 0x99, 0xD4, 0x11, 0x8C, 0x4D, 0xED, 0x5B, 0x26, 0x44, 0x2A, 0x72, 0x81,
    0xC8, 0x12, 0x74, 0xD9, 0x7D, 0x7B, 0x1B, 0x6E, 0x85, 0x0B, 0x53, 0x75, 0x91, 0xCA, 0x57, 0xD1,
    0xAB, 0x98, 0x4E, 0xD4, 0x1E, 0xF3, 0x37, 0x7C, 0xB4, 0xB0, 0x25, 0x14, 0x57, 0x99, 0x10, 0x3C,
    0x11, 0x23, 0xFD, 0xDB, 0xF7, 0xF6, 0x19, 0x43, 0xC3, 0xAA, 0xCD, 0x95, 0xD0, 0x2D, 0xEC, 0x83,
    0xB7, 0x19, 0x6C, 0x4F, 0x0C, 0x96, 0x84, 0xFE, 0x42, 0x11, 0x90, 0x31, 0xA3, 0x4B, 0x2F, 0xFA,
    0x1E, 0xF4, 0xEB, 0xE9, 0x31, 0xDA, 0x2F, 0x8E, 0xF4, 0xCE, 0x06, 0x32, 0x33, 0x85, 0x3E, 0xA1,
    0xB2, 0x65, 0xCA, 0x89, 0x6E, 0xE1, 0xA2, 0x8A, 0x19, 0xFE, 0x42, 0x96, 0x65, 0xA4, 0xE4, 0x56,
    0x21, 0xC4, 0x48, 0x5B, 0xE4, 0xB6, 0x04, 0xAD, 0x60, 0x26, 0xEF, 0x65, 0xCC, 0xD7, 0xCA, 0x5F,
    0x96, 0xAE, 0x98, 0xE0, 0x2D, 0x9C, 0x12, 0x50, 0x08, 0x94, 0x1A, 0x22, 0xC6, 0x73, 0xBE, 0x4E,
    0x6C, 0x46, 0xB5, 0xE9, 0x48, 0x45, 0xE6, 0xA2, 0xAA, 0x7A, 0x95, 0xD3, 0xAC, 0xFA, 0x35, 0x38,
    0x77, 0x25, 0x5D, 0x35, 0x0B, 0x6E, 0x0C, 0x84, 0xA8, 0x81, 0xA8, 0xFB, 0xD3, 0x2E, 0xD6, 0x54,
    0x10, 0xE8, 0x48, 0x81, 0x3E, 0x68, 0xCF, 0x4E, 0x32, 0xEF, 0xFE, 0xC7, 0xB5, 0x4B, 0xF4, 0x98,
    0x27, 0xE6, 0x7A, 0x2D, 0xA6, 0x1F, 0xFF, 0xD7, 0x92, 0x0E, 0x17, 0xEF, 0xF0, 0x48, 0x93, 0xE1,
    0x4A, 0x57, 0xA8, 0x27, 0xFA, 0xF4, 0x71, 0xC3, 0x48, 0x66, 0xBA, 0x40, 0x93, 0x6B, 0x35, 0x0D,
    0xC3, 0x75, 0x5F, 0xCE, 0x37, 0xD4, 0x89, 0xEA, 0x8B, 0xDE, 0xAC, 0xF2, 0x60, 0x17, 0x34, 0x81,
    0xFE, 0x06, 0xE3, 0xC9, 0xD2, 0x17, 0x06, 0x52, 0xCF, 0x58, 0xBD, 0x65, 0xF2, 0x4D, 0xC9, 0xA4,
    0x7A, 0x03, 0x47, 0xF9, 0xA0, 0x65, 0x3C, 0xAF, 0x4E, 0x32, 0x42, 0xE7, 0xCA, 0x79, 0xCA, 0xEA,
    0x2C, 0x45, 0x0A, 0x77, 0xBF, 0x0E, 0xA4, 0x33, 0xAE, 0xF2, 0x9E, 0x3B, 0x64, 0xD4, 0xEF, 0x1A,
    0x8A, 0x7E, 0xDA, 0xAC, 0xDF, 0xA4, 0xCB, 0x53, 0xD7, 0xC4, 0xA9, 0xE1, 0x73, 0x77, 0x28, 0x18,
    0xDC, 0xFF, 0x2B, 0x38, 0xDD, 0x05, 0x99, 0xBF, 0x78, 0x8B, 0x3A, 0x33, 0xCF, 0xEE, 0x05, 0xC9,
    0x58, 0x9C, 0x28, 0x11, 0xE3, 0x0A, 0x09, 0x27, 0xA5, 0x28, 0xA3, 0x39, 0x44, 0x0C, 0x59, 0x0E,
    0xC9, 0x8B, 0xFB, 0x83, 0x9A, 0x19, 0x9C, 0x92, 0x32, 0xCA, 0xD4, 0xCB, 0xAD, 0xB5, 0x75, 0xD6,
    0x90, 0x0F, 0x44, 0x59, 0x65, 0x3D, 0x0F, 0x18, 0x7F, 0xD8, 0x7F, 0x11, 0x63, 0xE1, 0x03, 0x4C,
    0x5A, 0xF6, 0x8C, 0xF5, 0x93, 0x40, 0xD3, 0xC8, 0x33, 0x6D, 0x4C, 0x91, 0xFB, 0x36, 0xF7, 0xAA,
    0x92, 0x01, 0x59, 0x89, 0x00, 0x01, 0x8F, 0xEF, 0xC2, 0x7F, 0xB8, 0xEB, 0xE4, 0x2C, 0x53, 0x14,
    0x36, 0x52, 0x2A, 0xAA, 0xBB, 0x8A, 0xB5, 0x11, 0x75, 0xDE, 0xCC, 0x62, 0xA5, 0xC3, 0x7A, 0x9D,
    0xAE, 0xD4, 0xDF, 0x9A, 0xDE, 0xF6, 0x4F, 0xD8, 0xDD, 0x7C, 0xAD, 0x9A, 0xC3, 0xD1, 0x55, 0x7F,
    0xB6, 0x7F, 0xFE, 0xF1, 0x07, 0xFB, 0x39, 0x31, 0x6A, 0x10, 0x14, 0x08, 0xEA, 0xC2, 0x0E, 0xE3,
    0xDE, 0x92, 0xB2, 0x3F, 0x66, 0x12, 0x3D, 0xE3, 0xEB, 0x85, 0xC8, 0x23, 0xDF, 0x73, 0xCC, 0x37,
    0x60, 0x72, 0xD9, 0x2B, 0x15, 0x65, 0x74, 0x5E, 0xBB, 0x3A, 0x21, 0x09, 0xA0, 0x26, 0x37, 0xD4,
    0x39, 0x69, 0x2D, 0x2A, 0xC3, 0xD7, 0x5E, 0xC5, 0x24, 0xFF, 0xFC, 0x34, 0x62, 0x48, 0x51, 0xEC,
    0x9A, 0xB4, 0xB0, 0x25, 0xD3, 0x60, 0x54, 0xF7, 0xF2, 0x17, 0x12, 0xFF, 0x13, 0x54, 0x36, 0xC2,
    0x22, 0xBB, 0x80, 0x36, 0x51, 0xD0, 0x4F, 0xB9, 0xD1, 0xCF, 0xB9, 0x6B, 0xE5, 0x2C, 0x68, 0xE1,
    0x72, 0x0A, 0x55, 0xA1, 0x81, 0x56, 0xF5, 0xB8, 0xE3, 0xB1, 0x5C, 0x51, 0xBE, 0x6C, 0x82, 0x33,
    0xCA, 0x2D, 0x8C, 0x2C, 0xD5, 0xE1, 0x19, 0x68, 0xC8, 0x61, 0x4F, 0x62, 0xBC, 0x33, 0x6D, 0x68,
    0x25, 0xC8, 0x73, 0xA1, 0x66, 0x56, 0xD4, 0xD9, 0x9C, 0x9C, 0xA7, 0x07, 0x94, 0x41, 0x34, 0xB0,
    0x0C, 0x4D, 0x7A, 0xA7, 0x3A, 0xC4, 0x05, 0xFC, 0x1B, 0x37, 0x5A, 0xE5, 0xD1, 0xD4, 0x6A, 0x26,
    0x01, 0x4A, 0xC8, 0x6E, 0xDC, 0xE8, 0x2D, 0x37, 0x56, 0x6E, 0xD4, 0x54, 0x33, 0x1A, 0x34, 0x4C,
    0xD1, 0xFB, 0xDD, 0x08, 0xEE, 0xC3, 0xCD, 0x07, 0x22, 0x5A, 0xE9, 0x2D, 0x50, 0xB3, 0x65, 0x08,
    0x08, 0xB0, 0x0B, 0xF5, 0x55, 0xFF, 0x9A, 0xD8, 0x30, 0xDB, 0x85, 0xFF, 0x2F, 0x60, 0xAA, 0x8A,
    0xE7, 0x07, 0x3C, 0x5F, 0x80, 0xC0, 0xE1, 0x49, 0x50, 0xF6, 0x96, 0xB0, 0x30, 0x85, 0x17, 0xB5,
    0xF3, 0x74, 0xBB, 0xB0, 0xA0, 0x4A, 0x2C, 0x19, 0x93, 0x79, 0x35, 0x12, 0x9A, 0xBC, 0x27, 0xDF,
    0x7C, 0x0D, 0x89, 0x1D, 0x79, 0x6F, 0xF6, 0x18, 0x02, 0xA4, 0x97, 0xA6, 0x2A, 0x0F, 0xDF, 0xE9,
    0xE3, 0xC6, 0xBF, 0xDD, 0x83, 0x6B, 0x60, 0xAE, 0x25, 0xC2, 0xAF, 0xE0, 0x26, 0x64, 0x65, 0x08,
    0x83, 0x2E, 0x12, 0x2E, 0x98, 0x5A, 0xB0, 0xAD, 0x40, 0x38, 0x01, 0xBF, 0x0C, 0x4B, 0x4D, 0xEA,
    0xC7, 0x07, 0xB1, 0x08, 0x3F, 0x9A, 0x8C, 0x7F, 0x6B, 0x44, 0xFE, 0x66, 0x12, 0x1C, 0xB2, 0x49,
    0x6C, 0x44, 0x34, 0xB8, 0xE9, 0xA1, 0x98, 0x8B, 0x7F, 0xA1, 0x66, 0x9A, 0x6B, 0xEA, 0x18, 0xE0,
    0x8A, 0x08, 0xCC, 0x5F, 0x4A, 0x09, 0x85, 0x59, 0x11, 0xE7, 0x9E, 0xEB, 0xB7, 0x0F, 0x0F, 0xAF,
    0xDF, 0xBE, 0x0A, 0x6B, 0x4E, 0x07, 0xF2, 0x87, 0xF3, 0xE1, 0xE1, 0xE1, 0xFC, 0x7D, 0xBD, 0x71,
    0x49, 0x6B, 0x53, 0x90, 0x1B, 0xC5, 0x3C, 0xD4, 0xFB, 0xA8, 0x5B, 0xC8, 0x7E, 0x7C, 0x70, 0xE3,
    0xC6, 0xA4, 0x59, 0x13, 0x87, 0xE9, 0xD2, 0xD1, 0x01, 0x34, 0x6F, 0x8D, 0xB8, 0x7D, 0x23, 0xA8,
    0x88, 0x9B, 0x77, 0x85, 0x9F, 0x7D, 0xF9, 0x97, 0x08, 0x8F, 0xC3, 0xB1, 0x47, 0xFC, 0x1A, 0x32,
    0x28, 0xA7, 0x2D, 0xAA, 0x06, 0x96, 0x87, 0xA1, 0x2D, 0x8A, 0x15, 0xD8, 0x60, 0x42, 0x4D, 0x89,
    0x57, 0x60, 0xA7, 0x9D, 0xE2, 0x5A, 0xEE, 0x72, 0xBD, 0xF2, 0x8D, 0x04, 0x42, 0x03, 0xE4, 0x6D,
    0x0A, 0x41, 0x06, 0x64, 0x55, 0x93, 0x97, 0xBB, 0x22, 0x8F, 0xDE, 0x14, 0x0F, 0xCC, 0x7F, 0xB7,
    0x05, 0xD8, 0xF0, 0x57, 0x33, 0x38, 0xBA, 0x62, 0x03, 0xB2, 0x5C, 0xF0, 0x4C, 0x6A, 0xCD, 0x1D,
    0xCE, 0xA0, 0xB0, 0xB0, 0xD3, 0x08, 0xB4, 0x0A, 0x4F, 0xE6, 0x9B, 0x5E, 0x79, 0xA9, 0x37, 0xF1,
    0x9B, 0xDD, 0x88, 0x94, 0x51, 0x01, 0xF7, 0x49, 0x68, 0x9E, 0xB6, 0x8B, 0xA9, 0xFC, 0x2B, 0x93,
    0x9B, 0x64, 0x88, 0x05, 0xA7, 0x5F, 0x08, 0x79, 0x2B, 0x59, 0xC2, 0x15, 0x99, 0xFA, 0x3F, 0x45,
    0xED, 0x19, 0xB2, 0x25, 0xBE, 0x80, 0x33, 0x03, 0x28, 0x6B, 0x51, 0xD5, 0xCE, 0x6E, 0x45, 0x64,
    0x67, 0xB0, 0x2F, 0xA5, 0x05, 0x90, 0x91, 0xD3, 0x8A, 0xC5, 0x16, 0x5B, 0x17, 0x17, 0xAC, 0xEE,
    0xF3, 0x57, 0xF7, 0x0D, 0x4E, 0x00, 0x56, 0xF7, 0x41, 0x02, 0xC0, 0xF1, 0x91, 0x75, 0x95, 0xCB,
    0xA4, 0x7D, 0x28, 0xB4, 0x8F, 0x37, 0x76, 0x1E, 0x93, 0x2F, 0xD9, 0xB2, 0x85, 0x29, 0xDF, 0xAC,
    0x32, 0xEF, 0x7C, 0x9F, 0x85, 0x1E, 0xA0, 0x89, 0xA9, 0x8C, 0x7C, 0x01, 0x86, 0x15, 0xE5, 0x07,
    0xA0, 0x2B, 0x7D, 0xF5, 0xB4, 0xFE, 0xFC, 0x51, 0xF9, 0xFC, 0x19, 0x53, 0x21, 0x8B, 0xDD, 0x82,
    0x40, 0x50, 0xAC, 0x34, 0x9D, 0xEC, 0x39, 0x28, 0x68, 0x6A, 0xE4, 0x9B, 0xFB, 0xF6, 0x2F, 0x7D,
    0x48, 0x50, 0x40, 0xEE, 0x49, 0x22, 0xA5, 0xD3, 0x99, 0xA7, 0x2F, 0x8B, 0x69, 0x02, 0xDB, 0xE9,
    0xFA, 0x84, 0x83, 0x68, 0x69, 0x4B, 0xBE, 0xB7, 0xD0, 0xD1, 0x14, 0x96, 0xD5, 0xE7, 0xE7, 0x4D,
    0x11, 0x96, 0xD1, 0x3B, 0x12, 0x7B, 0x61, 0x95, 0xB0, 0x6C, 0x9A, 0xAA, 0x13, 0x5F, 0xF8, 0xBC,
    0xC4, 0xC1, 0x3E, 0xD2, 0x7B, 0xA9, 0xE6, 0x96, 0x58, 0x25, 0xF1, 0xE9, 0xC2, 0x9D, 0x00, 0x02,
    0xB8, 0x78, 0xD0, 0x4D, 0x6A, 0x34, 0x00, 0x03, 0x17, 0xAC, 0x85, 0x61, 0x97, 0x88, 0x77, 0x99,
    0xFA, 0xDA, 0xC1, 0x43, 0x20, 0xE8, 0xC7, 0x57, 0x66, 0xF3, 0x76, 0xAC, 0xD9, 0x3F, 0x99, 0xD8,
    0x9F, 0x97, 0xC4, 0x3E, 0x0D, 0x38, 0xB0, 0xB8, 0x30, 0xA3, 0xA0, 0xC5, 0xD2, 0xD8, 0xBC, 0xCA,
    0x18, 0x21, 0x61, 0x64, 0x1F, 0x45, 0xFE, 0x35, 0x47, 0x4A, 0xA8, 0xB8, 0xFA, 0xC1, 0xB0, 0x84,
    0xD3, 0x4F, 0xAA, 0x9B, 0x98, 0x19, 0xB2, 0x5B, 0xD5, 0x33, 0x4E, 0xFF, 0xC4, 0x87, 0xDD, 0xD6,
    0x87, 0x2E, 0x1B, 0xAC, 0x1F, 0xCE, 0x5B, 0x1F, 0x06, 0x4E, 0x87, 0x24, 0xAA, 0x3B, 0x4A, 0xCD,
    0x46, 0x20, 0x17, 0x91, 0xBA, 0x02, 0x10, 0x4D, 0xB0, 0xFD, 0x3E, 0x14, 0xB9, 0x53, 0x8B, 0xEA,
    0x25, 0x44, 0xEC, 0x0E, 0x90, 0x00, 0xF7, 0xA4, 0xB4, 0x7A, 0x5F, 0x45, 0x05, 0x23, 0xB3, 0x4C,
    0xDE, 0x66, 0x5C, 0xEC, 0xEC, 0xD2, 0xBA, 0xFE, 0xE8, 0xB2, 0xBD, 0xF2, 0x62, 0xB6, 0x84, 0xE4,
    0xC9, 0x4F, 0xDB, 0xF4, 0xE5, 0x26, 0xB5, 0x65, 0x4A, 0x65, 0x22, 0x31, 0x50, 0x5C, 0x9A, 0x84,
    0xEF, 0x97, 0xFF, 0xB2, 0x6B, 0xA8, 0x9D, 0x30, 0xF3, 0x01, 0x7D, 0x4D, 0xBA, 0x92, 0xF3, 0xD1,
    0xF7, 0x80, 0x05, 0xBD, 0xB0, 0x15, 0x05, 0xEE, 0xEF, 0xE7, 0xE4, 0x0C, 0x3A, 0xFE, 0x95, 0x33,
    0x6B, 0x27, 0xCA, 0xB9, 0x95, 0xD9, 0xFA, 0x70, 0xDC, 0xFA, 0x70, 0x05, 0xE9, 0xAA, 0x4A, 0xD9,
    0x9E, 0xC4, 0xD9, 0xAB, 0x6E, 0x90, 0x22, 0x3E, 0x64, 0x74, 0xE7, 0xFB, 0x89, 0xFD, 0x96, 0x6D,
    0x65, 0x24, 0x24, 0x4E, 0xB3, 0x12, 0xE1, 0x87, 0xDC, 0x38, 0x33, 0x59, 0x12, 0xCB, 0xE7, 0x9F,
    0x18, 0x1F, 0xA8, 0xD2, 0x03, 0xFB, 0x4D, 0xFB, 0x75, 0x4B, 0x82, 0x82, 0x9E, 0xEA, 0x24, 0x8C,
    0x0B, 0x59, 0x13, 0xE7, 0x23, 0x2C, 0xC5, 0xEB, 0xD0, 0x65, 0x37, 0x12, 0x67, 0x47, 0x9C, 0x89,
    0x5E, 0x14, 0x7E, 0xEC, 0x3C, 0x09, 0xE7, 0x34, 0x2C, 0x8E, 0xC4, 0xE2, 0x5C, 0x2C, 0x7E, 0xC4,
    0x74, 0x72, 0xB0, 0xC5, 0xB5, 0x70, 0x86, 0x6A, 0x71, 0x41, 0x16, 0xAB, 0xE2, 0x8C, 0x9C, 0xEF,
    0x5C, 0x83, 0xC5, 0x01, 0x71, 0xC6, 0x07, 0x1F, 0x81, 0x47, 0xE4, 0x23, 0xC2, 0x2B, 0x1F, 0x91,
    0x55, 0x1C, 0x2F, 0x84, 0xAE, 0x2D, 0x42, 0xFD, 0xCE, 0x07, 0x35, 0x8F, 0xE6, 0xF7, 0x1A, 0xD9,
    0xC5, 0xAE, 0x41, 0x27, 0xB3, 0xCA, 0x25, 0xE9, 0x70, 0x86, 0xEB, 0x04, 0x9B, 0x20, 0x41, 0x97,
    0x8C, 0x4E, 0x96, 0x1A, 0x51, 0xF1, 0x13, 0x3D, 0x7B, 0xAC, 0x45, 0xFC, 0x33, 0x7F, 0x44, 0xF5,
    0xDC, 0x2F, 0xD0, 0xE1, 0x3F, 0x91, 0xB3, 0x8A, 0x96, 0x07, 0x75, 0x84, 0x1A, 0x98, 0x55, 0x74,
    0x38, 0x07, 0x50, 0x37, 0x46, 0xA5, 0x17, 0xEB, 0xCB, 0x4A, 0x4C, 0x6C, 0xC2, 0x72, 0x43, 0xC6,
    0x8D, 0x29, 0x1A, 0x96, 0x0C, 0x83, 0x76, 0x79, 0x50, 0x44, 0x30, 0xA9, 0xBD, 0xF1, 0x01, 0x79,
    0x56, 0xD4, 0x53, 0x80, 0xFA, 0x5D, 0x89, 0x91, 0xD0, 0xB5, 0xE1, 0x69, 0x08, 0x91, 0x3B, 0x9F,
    0xB4, 0x58, 0xBB, 0xC9, 0x90, 0x8F, 0x5D, 0x95, 0xA9, 0xEB, 0x6A, 0x54, 0x19, 0x51, 0x02, 0x10,
    0x7F, 0xAB, 0x78, 0xE2, 0x3C, 0x6D, 0xAD, 0x1A, 0x6B, 0x60, 0x7A, 0x9B, 0x45, 0x44, 0xB6, 0x06,
    0x84, 0x3D, 0x82, 0xA0, 0xD3, 0xBD, 0x01, 0xAE, 0xE3, 0xCC, 0x59, 0x74, 0x3A, 0x7D, 0xAE, 0xF2,
    0xBC, 0x04, 0xB1, 0xA7, 0x52, 0x66, 0x77, 0xC8, 0x89, 0x9D, 0xF9, 0x75, 0xB6, 0xF9, 0x75, 0xFF,
    0xBE, 0x5F, 0x87, 0x27, 0xC2, 0xAD, 0x0D, 0x82, 0x6B, 0xB8, 0x13, 0xAD, 0x67, 0xA0, 0x1C, 0x90,
    0x7D, 0x71, 0x22, 0xF9, 0xA9, 0x7E, 0x9D, 0x7B, 0xBF, 0x4D, 0xFB, 0x7B, 0x57, 0x2F, 0x61, 0xB5,
    0xD3, 0x27, 0x70, 0x05, 0xA5, 0xEE, 0xA7, 0x0C, 0x14, 0x10, 0x3A, 0x4C, 0xE6, 0x11, 0x80, 0xEC,
    0x9D, 0x0C, 0x9E, 0x3F, 0xF9, 0x82, 0x51, 0x8D, 0xE4, 0x6A, 0x51, 0x0A, 0x87, 0xB2, 0x62, 0xB5,
    0x9E, 0xF5, 0xB4, 0x2A, 0x63, 0xBB, 0xDA, 0x60, 0xB9, 0x5A, 0x69, 0x76, 0xE7, 0x07, 0x68, 0x29,
    0x94, 0xC2, 0x0C, 0xA3, 0xF4, 0xAE, 0xE3, 0x55, 0x58, 0x82, 0x05, 0xFA, 0x25, 0xBE, 0xBA, 0x7C,
    0xC0, 0xD2, 0x33, 0xED, 0xE7, 0xBC, 0xA6, 0xCD, 0x8E, 0xD8, 0x28, 0xE7, 0x59, 0x0A, 0xCD, 0x20,
    0xE5, 0xA9, 0x90, 0x1C, 0xFA, 0x9B, 0x05, 0x32, 0x70, 0x14, 0xE0, 0xF3, 0xD4, 0x74, 0xFB, 0x5A,
    0x4C, 0xE6, 0xC5, 0x1F, 0x35, 0x03, 0x6D, 0xF5, 0x92, 0x7D, 0x43, 0xF9, 0xEC, 0x55, 0x0D, 0xDE,
    0x74, 0xA9, 0xBE, 0x2B, 0x5D, 0x58, 0x17, 0xEF, 0x7D, 0x4B, 0xC3, 0xCE, 0x57, 0xAC, 0x12, 0x82,
    0xEE, 0x95, 0x8C, 0x33, 0x69, 0x26, 0x99, 0x51, 0x4C, 0x56, 0x32, 0x52, 0x17, 0x5A, 0x31, 0xA7,
    0xD9, 0xB1, 0x07, 0x08, 0x4D, 0x76, 0xF2, 0xBF, 0xBB, 0xF6, 0xDB, 0x26, 0x9D, 0xD8, 0xF1, 0x27,
    0xE6, 0x96, 0x85, 0xA6, 0x64, 0x3C, 0xDD, 0x4E, 0xE7, 0x44, 0x51, 0x8B, 0xF1, 0x4E, 0x2B, 0x2F,
    0xFC, 0xB0, 0xA8, 0x82, 0xE2, 0xC4, 0xE5, 0xF3, 0x4E, 0x2D, 0xEF, 0xB9, 0x26, 0xA9, 0x0C, 0x8B,
    0x7F, 0x72, 0x5C, 0x00, 0x4D, 0x97, 0x3A, 0x3A, 0x9D, 0x7F, 0x62, 0x7E, 0x4C, 0xEA, 0xEC, 0xDE,
    0x30, 0xF1, 0xCF, 0x10, 0x78, 0x64, 0x37, 0x3B, 0xFF, 0xBD, 0x5E, 0x62, 0x60, 0x59, 0x85, 0x28,
    0x04, 0x1F, 0xC5, 0xBD, 0x18, 0xDD, 0x51, 0xB3, 0x3C, 0x2C, 0xCB, 0x1C, 0x2F, 0x4C, 0x86, 0x3D,
    0x22, 0x09, 0x04, 0xE3, 0x18, 0x8D, 0x8F, 0x43, 0x01, 0x44, 0x91, 0x71, 0x17, 0x8C, 0xBD, 0x51,
    0x3C, 0xD9, 0xA8, 0x0D, 0xEC, 0x8D, 0x2C, 0x17, 0x36, 0x11, 0x0B, 0x44, 0x9F, 0x6E, 0x6F, 0x43,
    0x6F, 0xA5, 0xAB, 0xF2, 0x3D, 0xDD, 0x80, 0xD6, 0x31, 0x06, 0xA7, 0xF4, 0x05, 0x4C, 0xFE, 0x07,
    0x66, 0xB7, 0x15, 0xBC, 0xAB, 0x37, 0x6D, 0x17, 0x8B, 0xBA, 0x29, 0xED, 0x8B, 0xE6, 0x48, 0x98,
    0x20, 0xE8, 0xA0, 0x8B, 0x5F, 0x96, 0x49, 0x5F, 0x7C, 0x56, 0xEE, 0x7A, 0x8F, 0xFD, 0x67, 0xB9,
    0xCB, 0xCF, 0xCE, 0xE8, 0xC3, 0x78, 0x1B, 0x6A, 0xF7, 0x79, 0x64, 0xB8, 0xA3, 0xCE, 0x0B, 0xBA,
    0xA4, 0xF9, 0x4C, 0x52, 0x67, 0xAF, 0x74, 0xB2, 0x10, 0x7B, 0x45, 0x62, 0x98, 0x11, 0xDA, 0xA5,
    0x34, 0x27, 0xBA, 0x3D, 0xFE, 0x62, 0xC5, 0x87, 0x94, 0x07, 0x82, 0xA6, 0x1E, 0x10, 0xE3, 0xAE,
    0xDD, 0xFC, 0x0C, 0xDD, 0x40, 0x8D, 0x2C, 0x00, 0xDC, 0x5A, 0x11, 0xC5, 0x6E, 0x73, 0xF3, 0xC2,
    0xB2, 0x4E, 0xD6, 0x82, 0x6D, 0xC6, 0xAE, 0xD6, 0x2A, 0x64, 0xDE, 0x7A, 0x20, 0x5D, 0x1E, 0x78,
    0x88, 0xFE, 0x5B, 0x03, 0x2D, 0xC0, 0x66, 0xC1, 0xA4, 0x96, 0x07, 0x84, 0x54, 0x88, 0x67, 0x18,
    0xE5, 0xB4, 0x9B, 0x25, 0xB5, 0x87, 0x08, 0xAC, 0x30, 0x15, 0xB4, 0xA8, 0x2D, 0xBD, 0x5F, 0x6E,
    0xCA, 0xBC, 0x4F, 0x0B, 0x2D, 0x21, 0xE1, 0xCA, 0x3D, 0xF4, 0x4E, 0xB8, 0x48, 0xC0, 0xBE, 0x50,
    0x5A, 0xA8, 0x57, 0xE9, 0xBD, 0x8F, 0x07, 0xC5, 0xAF, 0xCF, 0x09, 0xD0, 0x35, 0x52, 0xF6, 0x99,
    0x65, 0xD2, 0x3E, 0x75, 0xBD, 0x2E, 0x1F, 0x5E, 0x80, 0x36, 0x2D, 0x27, 0xB9, 0x20, 0xDC, 0x7E,
    0xE7, 0xB8, 0xD6, 0x51, 0xA5, 0x03, 0x2E, 0x45, 0xFD, 0xC8, 0xEC, 0xDB, 0x33, 0x3C, 0x2A, 0xC1,
    0x4C, 0x8B, 0xE6, 0x82, 0xA6, 0x76, 0x32, 0xA4, 0xB5, 0xB6, 0x73, 0x02, 0xCA, 0xC5, 0x07, 0x63,
    0xAB, 0xE7, 0x39, 0x7F, 0x78, 0x58, 0xB0, 0x12, 0x2B, 0x25, 0x50, 0xC1, 0x9F, 0xDB, 0x73, 0x53,
    0x11, 0x70, 0x42, 0x8E, 0xA4, 0x1D, 0x11, 0x19, 0x0B, 0x33, 0xFC, 0xD1, 0xAC, 0xA6, 0xA6, 0xB2,
    0x72, 0x78, 0x59, 0xC8, 0x6E, 0x58, 0xB1, 0x68, 0x85, 0xBD, 0x91, 0xE6, 0x78, 0x70, 0x64, 0xE2,
    0xBB, 0xA1, 0x3D, 0xA5, 0x82, 0xFD, 0xEC, 0x9D, 0x1B, 0xD4, 0xF2, 0x95, 0xDE, 0x88, 0x36, 0xFA,
    0xA6, 0xE6, 0xED, 0xB6, 0xAB, 0xCA, 0xAC, 0x90, 0xC5, 0x83, 0x0C, 0x2C, 0x63, 0xDA, 0xEC, 0xC2,
    0x10, 0x5A, 0x0F, 0x80, 0xD6, 0xC8, 0x89, 0xCC, 0xBE, 0x4B, 0x84, 0x68, 0x17, 0x23, 0x4C, 0xAD,
    0xE8, 0x8A, 0x1D, 0x33, 0x09, 0xAB, 0x89, 0x1E, 0x18, 0x93, 0x72, 0xDF, 0x86, 0xB2, 0xA2, 0x2B,
    0xC0, 0x07, 0x48, 0x9D, 0xDB, 0x70, 0x86, 0xF3, 0xB5, 0x9B, 0x4B, 0x95, 0x3F, 0x39, 0xDC, 0x93,
    0x7A, 0x9D, 0x33, 0xE1, 0x87, 0xC5, 0x56, 0x7F, 0x20, 0x49, 0x54, 0x78, 0x90, 0xF2, 0x1A, 0x31,
    0xAE, 0x1A, 0x7E, 0xFC, 0x03, 0xFF, 0xA9, 0xBD, 0x52, 0xF3, 0xCD, 0x0C, 0x8A, 0xA7, 0x59, 0x3B,
    0x2A, 0x9C, 0x13, 0x3D, 0x65, 0xCD, 0x2A, 0xD3, 0xA6, 0x2C, 0x25, 0x8B, 0x13, 0x2F, 0x58, 0x88,
    0x87, 0x28, 0x1C, 0x49, 0x2C, 0xF8, 0x2B, 0x2C, 0x31, 0x54, 0x27, 0x1E, 0xDC, 0xC0, 0xD7, 0x5F,
    0xE1, 0xFB, 0x23, 0x65, 0x43, 0x98, 0x71, 0xE6, 0x41, 0x90, 0x31, 0x81, 0x4F, 0x44, 0x3E, 0x64,
    0xDD, 0x6B, 0x40, 0xCF, 0x88, 0x4B, 0x10, 0xF8, 0x0C, 0xA3, 0x3A, 0x95, 0x45, 0x7A, 0x96, 0x8D,
    0x2E, 0x9C, 0x05, 0xBF, 0x52, 0xD1, 0xC9, 0xDC, 0xDA, 0x35, 0x69, 0x77, 0xDE, 0x8C, 0xFE, 0xE8,
    0x8D, 0xE1, 0xE4, 0x8F, 0xD1, 0x18, 0x0C, 0x61, 0x2F, 0x84, 0xC8, 0x43, 0xE7, 0x30, 0x2E, 0x43,
    0xC4, 0xCC, 0x3B, 0xE5, 0x44, 0x26, 0xFB, 0x4E, 0x4D, 0xAD, 0x88, 0xD6, 0x5F, 0x00, 0xB3, 0xF3,
    0xFB, 0xAA, 0x2E, 0x04, 0x7A, 0xC3, 0xE5, 0xC5, 0x97, 0x54, 0x1F, 0x4A, 0xBB, 0x9F, 0xE1, 0x7A,
    0x55, 0x24, 0xE6, 0x4D, 0xC4, 0xC1, 0x57, 0x36, 0x24, 0x73, 0xFC, 0x5D, 0x24, 0xF3, 0xB7, 0xD4,
    0x4D, 0x1F, 0x33, 0xD1, 0x7B, 0x12, 0xDE, 0x0D, 0x26, 0x9E, 0x60, 0xD3, 0x61, 0x43, 0xC5, 0x4F,
    0xCC, 0xAA, 0xDC, 0xFF, 0xC6, 0x6F, 0xAF, 0x9B, 0xCE, 0xD8, 0x38, 0xE0, 0xD2, 0xAD, 0x72, 0x9B,
    0x5E, 0x53, 0x6B, 0xD6, 0x35, 0x27, 0xB4, 0xE9, 0xE6, 0x1B, 0x45, 0x86, 0x53, 0x8D, 0x00, 0x97,
    0xD4, 0xED, 0xC0, 0x43, 0x31, 0xD3, 0x8F, 0xB9, 0x46, 0xE6, 0x30, 0x79, 0xC7, 0xAE, 0x61, 0xF2,
    0xC8, 0x41, 0x46, 0x76, 0xEC, 0x78, 0xF5, 0x2D, 0xFD, 0x64, 0xE3, 0xBF, 0x3B, 0x92, 0xFF, 0x83,
    0xB7, 0x27, 0xA3, 0xBE, 0xA8, 0xE5, 0x6A, 0xC3, 0xAE, 0x62, 0xFB, 0x66, 0xD4, 0x66, 0x75, 0x48,
    0xF2, 0xA6, 0x35, 0x2B, 0x2D, 0x12, 0xDF, 0x28, 0xA9, 0xA3, 0x8E, 0xE4, 0x2E, 0x83, 0x01, 0xD7,
    0xB4, 0x0C, 0xC6, 0x84, 0x9C, 0xE3, 0x4D, 0xA9, 0x72, 0x8F, 0x75, 0x5C, 0x54, 0x14, 0xEA, 0x46,
    0x64, 0xAE, 0x45, 0x97, 0xE9, 0x41, 0xE0, 0xC4, 0xD6, 0xDD, 0x9C, 0x25, 0xB6, 0x0C, 0x7D, 0x27,
    0xA3, 0x36, 0xE1, 0xF9, 0xE3, 0xA6, 0xFE, 0x71, 0x3F, 0x9F, 0x5B, 0x2B, 0x4E, 0xBB, 0x76, 0x1F,
    0xFB, 0x95, 0xEB, 0x4A, 0x95, 0x19, 0x9C, 0xD1, 0x22, 0x23, 0x96, 0x1C, 0xAE, 0x40, 0x17, 0xD9,
    0xB2, 0xB0, 0xA8, 0xDC, 0x86, 0xED, 0x2C, 0xBE, 0xD1, 0x71, 0x86, 0x28, 0xE1, 0xB5, 0x5A, 0xB8,
    0x7E, 0xEE, 0x7C, 0xD2, 0x54, 0x1C, 0x33, 0x5B, 0x8A, 0x84, 0xA7, 0x1D, 0xFA, 0x93, 0x26, 0xE8,
    0xC3, 0x0C, 0xE5, 0x89, 0x90, 0xF1, 0x45, 0xC5, 0xB0, 0x02, 0xED, 0x49, 0xB9, 0x78, 0x1F, 0xFD,
    0xC3, 0xC8, 0x2B, 0x3E, 0xFD, 0x53, 0x24, 0xB8, 0x3A, 0x74, 0x2C, 0x8D, 0xD0, 0xC6, 0xF3, 0x52,
    0xBA, 0xFB, 0x53, 0xA1, 0x8A, 0xEB, 0x3D, 0x5F, 0x9A, 0x8B, 0xD7, 0xED, 0xFF, 0x8B, 0x83, 0xE8,
    0x2F, 0xDF, 0xBB, 0x60, 0x71, 0x69, 0x2D, 0xFD, 0xC2, 0x1F, 0x8F, 0x36, 0x1B, 0xFD, 0x95, 0x64,
    0xA2, 0x4D, 0x83, 0xDE, 0xAF, 0x3C, 0x5E, 0xB6, 0x35, 0xF8, 0xAE, 0x34, 0xF0, 0x31, 0x27, 0x7C,
    0x97, 0x5D, 0xD2, 0x23, 0xCB, 0x35, 0x06, 0x4A, 0x6B, 0x75, 0x80, 0xE3, 0x77, 0x75, 0x99, 0xA1,
    0x8B, 0x76, 0xFD, 0x65, 0x13, 0xCD, 0xD1, 0x9F, 0xA4, 0xC8, 0x3E, 0x08, 0x69, 0x8D, 0x73, 0x26,
    0xC1, 0x58, 0xFF, 0x69, 0x68, 0x47, 0x31, 0x36, 0xFB, 0x91, 0xDD, 0x1E, 0xA9, 0xEA, 0xAC, 0x9A,
    0xE1, 0x55, 0xF4, 0x56, 0x59, 0x51, 0xAC, 0x62, 0x9F, 0x90, 0x61, 0xBB, 0x1C, 0xBF, 0x39, 0x9A,
    0xE8, 0xF5, 0x4E, 0x48, 0x3A, 0x8D, 0xA0, 0xF2, 0x4D, 0x04, 0x10, 0x16, 0x7B, 0x58, 0x12, 0x51,
    0xBE, 0x12, 0xBA, 0xD0, 0x4E, 0x36, 0xF2, 0x58, 0xC0, 0xB0, 0x9F, 0x79, 0x68, 0x56, 0x02, 0x44,
    0x93, 0xFB, 0xC3, 0x39, 0xF9, 0x28, 0x7B, 0x1C, 0xBC, 0xF0, 0x6B, 0x34, 0x78, 0x64, 0xD6, 0x47,
    0x59, 0xBE, 0x46, 0x92, 0xAA, 0x35, 0x66, 0x53, 0x27, 0x3B, 0x2D, 0x9C, 0xB9, 0x2D, 0x20, 0xAE,
    0xB5, 0x74, 0x3E, 0xF1, 0xA5, 0xBA, 0x28, 0x4B, 0x5F, 0x88, 0xCB, 0x80, 0x04, 0x1D, 0xF9, 0xD8,
    0xEF, 0x63, 0x5B, 0x0B, 0x50, 0xBD, 0x9B, 0xB9, 0xC8, 0x46, 0xF6, 0x1D, 0xDC, 0x41, 0x76, 0xE6,
    0xE6, 0x17, 0xA0, 0xAA, 0x0B, 0x40, 0x4B, 0x29, 0x93, 0xB2, 0xE4, 0x6A, 0xC1, 0xA2, 0xD6, 0x7B,
    0x1A, 0x32, 0x40, 0xAC, 0x15, 0x6E, 0x65, 0x6E, 0x80, 0x1B, 0x6A, 0xC2, 0x57, 0x96, 0x43, 0x73,
    0x34, 0xC5, 0x34, 0xD7, 0xD9, 0xD3, 0xDC, 0xE0, 0x25, 0xAF, 0x35, 0xBA, 0x2A, 0xD2, 0xC8, 0xE5,
    0xAF, 0x3F, 0x58, 0x35, 0x54, 0xFC, 0x8E, 0x9C, 0xE6, 0x3B, 0x4E, 0x33, 0x13, 0x4B, 0xBC, 0xB2,
    0xE0, 0x3B, 0x70, 0x5A, 0xB2, 0xC5, 0x69, 0x48, 0x89, 0x6E, 0x72, 0x9A, 0xD7, 0x6F, 0x36, 0xC7,
    0x2C, 0xAD, 0x54, 0x26, 0x57, 0x37, 0xD5, 0xEF, 0x95, 0x50, 0x2E, 0xF3, 0x20, 0x57, 0xA7, 0x7F,
    0x4E, 0x94, 0xFF, 0x48, 0x2E, 0x32, 0x99, 0x6A, 0x1D, 0xF2, 0x18, 0xA9, 0x44, 0x16, 0x9B, 0x91,
    0xCB, 0x03, 0x87, 0x91, 0x38, 0x64, 0x30, 0x68, 0x1C, 0x74, 0xB7, 0xC7, 0x68, 0x6E, 0x8F, 0x1B,
    0xB2, 0x17, 0xF4, 0x4D, 0x0D, 0xEE, 0x2A, 0x41, 0x0A, 0x14, 0xAD, 0x0B, 0xDD, 0x99, 0xC4, 0xEE,
    0x55, 0xE7, 0x27, 0x52, 0xFF, 0xE9, 0x4E, 0x3E, 0x99, 0xF0, 0x0B, 0x70, 0x0D, 0xA6, 0x0A, 0x45,
    0xE7, 0x19, 0x68, 0x0F, 0xAB, 0xBE, 0x77, 0xB7, 0xEF, 0xB0, 0x60, 0x26, 0x89, 0x75, 0x00, 0x73,
    0x46, 0x25, 0xE0, 0xC4, 0xD6, 0x11, 0xF8, 0xE2, 0xA5, 0x6E, 0x7F, 0x42, 0xA2, 0x3A, 0x4F, 0xE0,
    0x92, 0xE4, 0xD4, 0x90, 0xD8, 0xAF, 0xC1, 0x06, 0xFC, 0x50, 0xD3, 0x0A, 0x59, 0x8D, 0xB7, 0xF8,
    0x13, 0x63, 0x99, 0xF4, 0x15, 0xCD, 0x58, 0x90, 0x97, 0x93, 0xD7, 0xD9, 0x09, 0x35, 0x51, 0x13,
    0xA6, 0xAF, 0x72, 0xB6, 0x23, 0xA7, 0x94, 0xFD, 0x9C, 0xB3, 0x1E, 0xF8, 0x3F, 0x15, 0xE3, 0x94,
    0xB8, 0xC5, 0xC8, 0xFE, 0xC4, 0x31, 0x0B, 0x44, 0xE2, 0x26, 0xC1, 0xCE, 0x32, 0x10, 0x49, 0x34,
    0x82, 0xCF, 0xBE, 0xC6, 0x7F, 0x05, 0x4F, 0xB9, 0xFE, 0x08, 0x4D, 0x5C, 0xB9, 0x1D, 0x0F, 0xDC,
    0x65, 0xC8, 0xA5, 0xDD, 0x69, 0x93, 0xE1, 0x85, 0x5B, 0xAE, 0x0B, 0xA6, 0x42, 0x56, 0x1A, 0x7D,
    0xAB, 0x85, 0xA8, 0x28, 0xF4, 0x37, 0xA3, 0x4C, 0x9E, 0xD6, 0x68, 0x5C, 0x8E, 0xA0, 0x6C, 0x44,
    0xFB, 0x46, 0x1D, 0x54, 0xD0, 0x37, 0x50, 0x96, 0x17, 0xE4, 0x85, 0x21, 0xE5, 0xFF, 0xBE, 0x8E,
    0xA6, 0x61, 0x28, 0x86, 0x96, 0x1B, 0xDE, 0xD2, 0x5B, 0xE2, 0x21, 0x66, 0xEC, 0x3F, 0x03, 0x50,
    0xCE, 0x7F, 0x2A, 0x19, 0x79, 0x5F, 0x34, 0x21, 0x69, 0x42, 0x36, 0xCA, 0xDE, 0x9A, 0xCC, 0x6A,
    0x7B, 0x46, 0xA8, 0xF2, 0xB3, 0x93, 0x7F, 0x44, 0x50, 0x77, 0x7B, 0xF3, 0xFE, 0x0C, 0xA6, 0xFA,
    0x61, 0x99, 0x00, 0x38, 0x92, 0x0E, 0x78, 0xC1, 0x75, 0xDC, 0x3A, 0x4D, 0x86, 0x83, 0x1B, 0x8E,
    0x0C, 0x29, 0xE2, 0x85, 0xAA, 0xCC, 0x1A, 0x0F, 0x9D, 0x13, 0xA4, 0x83, 0xAC, 0x45, 0x44, 0xBB,
    0x41, 0xBA, 0x09, 0xBA, 0x87, 0x84, 0x10, 0x7E, 0x97, 0x39, 0x22, 0x4D, 0x5A, 0x40, 0x2D, 0x31,
    0xE9, 0x5A, 0xE4, 0x4C, 0x8C, 0x7B, 0x68, 0x88, 0x97, 0x79, 0x92, 0x14, 0xB1, 0xB6, 0x5B, 0x0C,
    0x1B, 0x76, 0x78, 0x0F, 0x01, 0x23, 0x64, 0xF9, 0x45, 0x2C, 0xB4, 0xD7, 0x25, 0x76, 0x09, 0x55,
    0x50, 0x0D, 0xFF, 0x3E, 0x9A, 0xE8, 0x15, 0x27, 0x2D, 0x5D, 0xBD, 0xCF, 0x98, 0xE8, 0x0C, 0xC6,
    0xE1, 0xE6, 0x14, 0x47, 0x17, 0x60, 0x80, 0x3E, 0x01, 0x12, 0x06, 0xB5, 0x05, 0x76, 0x9B, 0x93,
    0x32, 0x5A, 0xD6, 0xAD, 0x1D, 0x69, 0x08, 0x6D, 0xDA, 0x28, 0x6D, 0x1A, 0xB6, 0x3A, 0x24, 0xAD,
    0x12, 0xA7, 0x25, 0x59, 0x92, 0x46, 0xA9, 0xD3, 0x28, 0x5D, 0xEA, 0xE5, 0x92, 0x93, 0x0A, 0x4A,
    0x1F, 0x15, 0x5E, 0xCD, 0xB5, 0x49, 0x44, 0x80, 0x07, 0x64, 0x5C, 0xA5, 0x10, 0x4B, 0x15, 0xF2,
    0x85, 0x23, 0x51, 0x60, 0x7F, 0xC9, 0x2D, 0x36, 0x4A, 0x23, 0x93, 0xB8, 0x0D, 0x87, 0xF7, 0x2D,
    0x0D, 0x44, 0xE7, 0xD8, 0x54, 0x82, 0xBC, 0x3F, 0x26, 0x58, 0x5C, 0x01, 0x77, 0xFF, 0x14, 0x9B,
    0x03, 0xE0, 0x62, 0xD0, 0xCF, 0x88, 0xCB, 0x47, 0xA0, 0xE8, 0x4E, 0x76, 0x86, 0x79, 0xD5, 0x55,
    0x47, 0xAC, 0x88, 0x1B, 0x8D, 0x20, 0x34, 0x21, 0x1A, 0x21, 0x48, 0xAD, 0x80, 0xA9, 0x02, 0xF6,
    0xFB, 0xA3, 0x19, 0xB2, 0x26, 0xB9, 0x90, 0xC5, 0x1A, 0x10, 0x15, 0x4D, 0x1E, 0x83, 0x6A, 0xD2,
    0x2B, 0xE1, 0xEE, 0x4F, 0x88, 0x8E, 0x6E, 0x96, 0x20, 0xC1, 0x02, 0xEA, 0x21, 0x0A, 0xCF, 0xD2,
    0xAB, 0x7C, 0x1F, 0xBA, 0x3B, 0x2F, 0xB9, 0x0A, 0x37, 0x5B, 0x7A, 0xDC, 0x1F, 0xB2, 0xBE, 0x27,
    0xE7, 0xC3, 0xC3, 0x11, 0x8A, 0x1B, 0x4E, 0xE0, 0x00, 0x43, 0x0A, 0xB7, 0xA0, 0x47, 0x3C, 0x8B,
    0x3F, 0x3A, 0x5F, 0x9B, 0x34, 0x0C, 0x7B, 0x36, 0xA8, 0x13, 0x23, 0x57, 0xBD, 0x58, 0x95, 0xB8,
    0x19, 0x26, 0xC7, 0x4B, 0x0D, 0x2F, 0xBE, 0x7D, 0xD8, 0xEB, 0x1F, 0x20, 0x2A, 0xB0, 0x4E, 0x58,
    0xE6, 0x71, 0xB5, 0x8E, 0x55, 0x07, 0x03, 0x3F, 0xA1, 0x47, 0x86, 0x3F, 0x94, 0x42, 0xBA, 0x49,
    0x6A, 0x87, 0xDF, 0x23, 0x34, 0x23, 0x55, 0x00, 0x25, 0x3B, 0x98, 0x66, 0x86, 0xC9, 0x33, 0x67,
    0x2A, 0x8E, 0x83, 0x7D, 0xE3, 0x29, 0x5D, 0x8D, 0x5D, 0x96, 0x95, 0xB8, 0x52, 0xBF, 0xAC, 0x78,
    0x51, 0xC2, 0x07, 0x2F, 0x98, 0x7B, 0x28, 0x3B, 0x65, 0xCA, 0x32, 0xD0, 0x50, 0xFC, 0x70, 0xF0,
    0x67, 0x63, 0x0B, 0x53, 0x41, 0x3E, 0x2C, 0xA9, 0x44, 0xB3, 0x0E, 0x0D, 0x56, 0x86, 0x1D, 0x8B,
    0x0D, 0xCC, 0xF3, 0x47, 0x5D, 0x34, 0xC8, 0x12, 0xFD, 0x21, 0xED, 0xB1, 0x6E, 0x81, 0x95, 0x81,
    0x3A, 0x0A, 0xA1, 0xDA, 0x51, 0x25, 0x2A, 0x2C, 0xD6, 0x0A, 0x7F, 0xA4, 0x09, 0x0A, 0x61, 0x60,
    0xF3, 0x13, 0xE1, 0x52, 0x2B, 0xA8, 0x45, 0xF3, 0xC1, 0x6D, 0xB4, 0x11, 0xC8, 0x2B, 0x33, 0xD6,
    0x66, 0x5B, 0x1F, 0xCD, 0x4A, 0x3B, 0xDB, 0x5D, 0x82, 0x5E, 0xBD, 0x4E, 0x12, 0xE8, 0x36, 0xA2,
    0xC4, 0xAE, 0x37, 0x49, 0x6B, 0xE3, 0xD6, 0xEE, 0x29, 0xF9, 0xD9, 0x39, 0xFC, 0x9E, 0x59, 0xBA,
    0xB4, 0xB4, 0x23, 0xEA, 0xE3, 0x07, 0x35, 0x6E, 0x8E, 0xD1, 0x5F, 0x81, 0xE1, 0xB4, 0xAE, 0x14,
    0xB2, 0xB8, 0xEB, 0xC2, 0x62, 0x0D, 0x76, 0x33, 0xC6, 0xC7, 0xA8, 0x61, 0x4D, 0x84, 0xB7, 0xE0,
    0x06, 0xC8, 0xF4, 0x2D, 0x70, 0x0D, 0x85, 0xDD, 0xF5, 0x34, 0x7A, 0x13, 0x63, 0xFB, 0x4A, 0x37,
    0x8B, 0xD4, 0x5A, 0x5E, 0x63, 0x8E, 0x85, 0xFB, 0xC6, 0x64, 0x4C, 0x3C, 0x5D, 0xD1, 0x47, 0xC7,
    0x56, 0x95, 0x16, 0x75, 0xE8, 0x70, 0xD6, 0x9A, 0x5E, 0x5F, 0x91, 0xBB, 0xCC, 0x09, 0xF7, 0x3D,
    0x74, 0x21, 0x05, 0xAB, 0x63, 0x93, 0x0B, 0x3B, 0x96, 0x7F, 0x0F, 0x9F, 0x0A, 0x00, 0x9F, 0x11,
    0x17, 0xC9, 0x3E, 0x6F, 0x3B, 0xC1, 0x7D, 0xAC, 0x7A, 0x73, 0x39, 0x13, 0x97, 0x48, 0x7C, 0x8E,
    0xF8, 0x35, 0x17, 0x74, 0x63, 0xAA, 0xE0, 0x98, 0xA5, 0x5D, 0x07, 0x18, 0x7A, 0xA7, 0xF6, 0x2C,
    0x76, 0x1B, 0xFD, 0x3B, 0xC6, 0x7C, 0xF9, 0x70, 0x6F, 0x69, 0x3D, 0x75, 0x6D, 0x9E, 0xFF, 0x3C,
    0x7A, 0x9A, 0xE6, 0x8F, 0xBB, 0xA5, 0xEE, 0xA4, 0xFE, 0x68, 0x48, 0x6F, 0xD4, 0x1F, 0x5D, 0x65,
    0x3C, 0x60, 0x55, 0x1C, 0xD3, 0x4E, 0xD0, 0xC7, 0x22, 0x5F, 0xA3, 0x3C, 0xE4, 0xCF, 0x4C, 0x65,
    0xE8, 0xC1, 0x03, 0x19, 0xB3, 0x5A, 0x09, 0x77, 0x46, 0x53, 0xD5, 0xAA, 0x61, 0xC3, 0xD3, 0x9C,
    0x52, 0x8E, 0x57, 0x24, 0x4C, 0xE3, 0xC9, 0x98, 0x02, 0x18, 0x36, 0x08, 0xCD, 0xAC, 0xD6, 0x15,
    0x6D, 0xC2, 0xFD, 0x8E, 0x5F, 0x82, 0xF2, 0xD6, 0x36, 0xC4, 0xB5, 0x93, 0xEB, 0xB6, 0x95, 0xD9,
    0x8D, 0x32, 0x8F, 0xAB, 0xE0, 0xF4, 0xEB, 0x68, 0xCD, 0xC5, 0x74, 0x37, 0x9C, 0x43, 0x1E, 0x96,
    0x99, 0x0D, 0xE6, 0x00, 0xE8, 0x99, 0x22, 0x15, 0x46, 0x78, 0xFD, 0xD7, 0xB9, 0x39, 0x1A, 0x14,
    0x3E, 0xC3, 0x7E, 0x24, 0xEE, 0x0B, 0x31, 0x8A, 0xDF, 0xAA, 0x0B, 0x81, 0x82, 0x5D, 0x2D, 0x89,
    0x9D, 0xC9, 0xA5, 0xD6, 0xB4, 0x48, 0x94, 0x6F, 0x57, 0xC8, 0xAC, 0x59, 0xEF, 0x97, 0x60, 0x90,
    0xA5, 0xEE, 0x30, 0xFE, 0x27, 0x5F, 0x9A, 0x0C, 0x4B, 0xE3, 0x12, 0x81, 0xC1, 0xC0, 0x51, 0x8A,
    0xC7, 0x58, 0xD0, 0x7F, 0x57, 0x0B, 0x27, 0xE3, 0x6A, 0x8B, 0xF3, 0x2A, 0x28, 0xBD, 0x6B, 0x99,
    0xDC, 0xC7, 0xE6, 0x89, 0x01, 0x55, 0x4B, 0x04, 0x2A, 0xC7, 0xD0, 0xD8, 0xEF, 0x0C, 0x4E, 0x90,
    0x6D, 0xBD, 0x2E, 0xBD, 0x6E, 0x84, 0x4D, 0x1F, 0x34, 0x95, 0xCC, 0xDF, 0x2D, 0xA1, 0x32, 0x31,
    0x56, 0x23, 0xEB, 0x46, 0xDD, 0xDE, 0x43, 0x7E, 0xFF, 0x0F, 0xDC, 0xBE, 0xAB, 0x18, 0xBA, 0x34,
    0x6B, 0xC2, 0x51, 0x23, 0xF4, 0x09, 0xDB, 0xFA, 0x47, 0x71, 0xE1, 0x65, 0x1C, 0xAF, 0x65, 0xDD,
    0xCB, 0xD3, 0xBE, 0xF6, 0x66, 0x29, 0x13, 0xB2, 0xD3, 0x53, 0xC3, 0x68, 0x9A, 0xCB, 0xD8, 0xD2,
    0x33, 0xA3, 0x92, 0xAF, 0x3F, 0x0D, 0xFB, 0xF0, 0x08, 0xE4, 0xE2, 0xB2, 0xFB, 0x95, 0xD6, 0xA8,
    0xF9, 0x96, 0x15, 0x8C, 0x7B, 0x75, 0xEB, 0xA9, 0x49, 0xF7, 0x0A, 0xA8, 0x27, 0xB7, 0xE1, 0xC1,
    0xDD, 0x51, 0x5D, 0x1C, 0x9D, 0x56, 0x17, 0xDC, 0x2C, 0xEE, 0x5B, 0xAD, 0x30, 0x05, 0x7D, 0xD8,
    0x08, 0x37, 0x3D, 0xC8, 0x60, 0x89, 0x05, 0xDB, 0x71, 0x41, 0x73, 0x76, 0x19, 0x48, 0x96, 0x76,
    0x0B, 0xD6, 0x72, 0xC5, 0xC3, 0x9C, 0x24, 0x3E, 0xC9, 0x4C, 0x95, 0x27, 0x65, 0x3A, 0x5F, 0xAF,
    0x03, 0x6D, 0x1F, 0xC9, 0x4F, 0x6E, 0x16, 0xBF, 0xBC, 0x6C, 0x9E, 0xE0, 0x3A, 0x93, 0xB7, 0xC0,
    0x73, 0x57, 0x46, 0x4C, 0xEA, 0xE8, 0x54, 0x29, 0xF8, 0x43, 0x05, 0xE5, 0x9E, 0x22, 0x18, 0xD0,
    0x8D, 0x43, 0x8E, 0x59, 0x0C, 0x28, 0x82, 0xEA, 0xD1, 0xC7, 0xBE, 0x87, 0x87, 0xCD, 0xA7, 0x36,
    0x5B, 0x81, 0xB1, 0x7F, 0x39, 0xE2, 0xC4, 0xC5, 0x38, 0x36, 0x49, 0x2E, 0x62, 0x5E, 0x52, 0xBF,
    0x80, 0xD9, 0xE0, 0x1B, 0x51, 0xF3, 0x66, 0x83, 0x9B, 0x53, 0xB2, 0x70, 0x67, 0xD2, 0xEC, 0x18,
    0xC0, 0x2E, 0xA3, 0x62, 0xBB, 0x4B, 0x75, 0xBB, 0xD2, 0x66, 0x82, 0x6A, 0x5A, 0x14, 0xD9, 0x87,
    0x8D, 0xBD, 0xE2, 0x7E, 0x91, 0x8A, 0xDD, 0x71, 0x89, 0xFB, 0xA8, 0x4F, 0xE3, 0xD5, 0x19, 0x1D,
    0x3F, 0x59, 0x18, 0x2B, 0x95, 0xB8, 0x52, 0xF8, 0x2A, 0xCB, 0x9F, 0x03, 0x5B, 0x45, 0x6E, 0x5B,
    0x14, 0x1D, 0xD4, 0x46, 0xC3, 0x70, 0xF0, 0x14, 0x34, 0x0C, 0x3E, 0x2B, 0x1E, 0x15, 0x8E, 0x4A,
    0x24, 0xD4, 0x16, 0x86, 0xBA, 0x62, 0x7F, 0x35, 0x06, 0x6C, 0x40, 0xE9, 0x57, 0xEC, 0x04, 0x2B,
    0x50, 0x75, 0x2A, 0xB2, 0x17, 0x95, 0xC5, 0x33, 0xD6, 0x65, 0xDC, 0xAE, 0xA2, 0x3D, 0x28, 0x93,
    0x17, 0x0D, 0x9D, 0xBB, 0xA4, 0x71, 0x1B, 0xBE, 0x79, 0x32, 0x41, 0xC4, 0x35, 0xF3, 0xD7, 0xD6,
    0x6E, 0x6F, 0xEE, 0x9C, 0x8F, 0xE0, 0xA5, 0x12, 0xDE, 0xB8, 0xD7, 0xA3, 0x43, 0x12, 0x34, 0xE0,
    0x87, 0x2D, 0xF1, 0x05, 0x09, 0x9F, 0xD1, 0x8A, 0x86, 0x76, 0x07, 0xAB, 0x4B, 0x3B, 0xAF, 0xF6,
    0x51, 0xE8, 0x5E, 0xE6, 0x6A, 0x5C, 0x1D, 0x80, 0x93, 0x8E, 0x4A, 0x0C, 0x42, 0x1C, 0x8B, 0x45,
    0xEC, 0x85, 0x1D, 0x3C, 0x9C, 0x23, 0xA0, 0xAE, 0x69, 0x86, 0xB0, 0x26, 0xAB, 0x23, 0x7B, 0xAD,
    0x6A, 0xE0, 0x22, 0xD7, 0x0E, 0x64, 0xDD, 0x5A, 0xB8, 0xAD, 0x0E, 0xDB, 0xDF, 0xA4, 0x0E, 0xCD,
    0xEE, 0x2D, 0xDD, 0x69, 0xC0, 0x2A, 0x31, 0x64, 0x32, 0x29, 0x7D, 0xB5, 0x6E, 0x69, 0xED, 0xB8,
    0x22, 0x66, 0xC1, 0x67, 0x58, 0xEA, 0x08, 0x94, 0x47, 0xAD, 0x95, 0x43, 0x8C, 0xCD, 0x73, 0x48,
    0x62, 0xF4, 0x32, 0x41, 0x30, 0x20, 0xE5, 0x38, 0x62, 0x70, 0x95, 0x3B, 0x1F, 0x78, 0x8F, 0x0E,
    0xE2, 0x4B, 0xFC, 0x9D, 0xFC, 0xEA, 0xFA, 0xED, 0xC3, 0xF1, 0x08, 0x7B, 0x05, 0xFE, 0x07, 0x45,
    0xEA, 0xF8, 0x89, 0x5A, 0x0C, 0xC9, 0xB3, 0x9F, 0x97, 0x97, 0x79, 0xDD, 0x79, 0x30, 0xE7, 0xFB,
    0x15, 0x7D, 0x56, 0x1D, 0x15, 0xD3, 0x3A, 0xA7, 0x74, 0xEA, 0x04, 0x82, 0x64, 0x6B, 0xCB, 0xAD,
    0x3E, 0x88, 0xA6, 0x24, 0x84, 0x14, 0x14, 0x4A, 0xBB, 0x85, 0x82, 0x2B, 0x2D, 0xD2, 0xB0, 0x3F,
    0xBD, 0x5D, 0x82, 0x63, 0xD9, 0x5D, 0x89, 0xF7, 0x40, 0xBE, 0xDA, 0x96, 0x1D, 0x71, 0x43, 0x05,
    0xED, 0x27, 0x8F, 0x16, 0xB8, 0xB6, 0x27, 0xB4, 0x78, 0x19, 0xBE, 0x27, 0x66, 0xA8, 0x8D, 0xFA,
    0x7C, 0xF4, 0x78, 0x7D, 0xFE, 0x40, 0xA6, 0x43, 0x46, 0x7A, 0x02, 0x91, 0xDC, 0xF4, 0x37, 0xE2,
    0xCF, 0x34, 0x49, 0x23, 0xC1, 0x91, 0x10, 0x80, 0x6D, 0x8B, 0xCD, 0xCA, 0x03, 0xA9, 0x72, 0xB5,
    0x72, 0x6E, 0xA8, 0x54, 0x7B, 0x8F, 0x70, 0x82, 0xC0, 0x8D, 0x35, 0xC3, 0xEA, 0x19, 0x05, 0xE4,
    0x58, 0x93, 0xB1, 0xA8, 0x53, 0x1D, 0xD4, 0x2B, 0x13, 0xAF, 0xCD, 0x88, 0xE3, 0x76, 0x07, 0x98,
    0xFC, 0xB0, 0x2D, 0x7A, 0x84, 0x79, 0xB7, 0x6F, 0xCF, 0x87, 0xF6, 0xF0, 0xFA, 0xCB, 0xC8, 0x12,
    0x5E, 0x4C, 0x21, 0x87, 0xFD, 0x28, 0xA8, 0x87, 0x3F, 0xC3, 0x86, 0xCD, 0xC4, 0x03, 0x3F, 0x9F,
    0x3F, 0x89, 0xFA, 0x1D, 0xCE, 0x7D, 0x38, 0x13, 0xF5, 0x13, 0x67, 0x6D, 0x6C, 0x93, 0x0B, 0x5D,
    0x83, 0xBA, 0x6B, 0x17, 0x8E, 0xC6, 0x7A, 0x8A, 0xCF, 0x3A, 0x6B, 0xE3, 0x1A, 0x7D, 0xC5, 0x11,
    0xF3, 0x9E, 0x6F, 0x4D, 0xF4, 0x92, 0x38, 0xFE, 0x2F, 0x95, 0xC6, 0x25, 0xC7, 0x80, 0x38, 0x54,
    0x0C, 0x83, 0x44, 0x97, 0x08, 0x5B, 0x3D, 0x31, 0xB8, 0x3E, 0x6E, 0x6D, 0x18, 0xE2, 0x9B, 0xA3,
    0xA5, 0xEE, 0xD6, 0x04, 0x42, 0x96, 0x24, 0x07, 0xEA, 0x09, 0xB7, 0x98, 0x76, 0x8C, 0x20, 0x00,
    0xFB, 0x1F, 0x86, 0x5B, 0x9F, 0x9C, 0x2E, 0xB9, 0x10, 0x13, 0xCB, 0x2A, 0xFF, 0x60, 0xDC, 0xFA,
    0xBB, 0x30, 0x5D, 0xC5, 0xDD, 0x06, 0x5F, 0x82, 0x56, 0x2A, 0x7E, 0x07, 0xA6, 0xFB, 0x07, 0x26,
    0x7E, 0x02, 0x1B, 0xF0, 0x58, 0x2D, 0xFB, 0x32, 0x75, 0xD5, 0x4D, 0xB2, 0x51, 0x42, 0x90, 0xCC,
    0xC7, 0x97, 0xAA, 0xC5, 0x19, 0xDB, 0x6C, 0x2F, 0xE1, 0x9F, 0xF6, 0xF5, 0xE3, 0xA8, 0x2A, 0xB9,
    0xF4, 0xCC, 0x09, 0xCF, 0x8B, 0x13, 0xC1, 0x05, 0x8E, 0xCB, 0x85, 0x91, 0x03, 0x4B, 0xF3, 0x20,
    0x18, 0xDB, 0xF0, 0x7A, 0x2D, 0x27, 0x77, 0x1A, 0x59, 0x74, 0xDA, 0x59, 0xD8, 0xEA, 0x19, 0x04,
    0xCD, 0xD2, 0xEE, 0x97, 0xEA, 0x51, 0x04, 0x99, 0xBB, 0x94, 0x2C, 0x40, 0xB0, 0xA9, 0x2F, 0x5F,
    0x8A, 0xB1, 0x85, 0xE6, 0x6C, 0xDD, 0xE1, 0x46, 0x59, 0x43, 0x01, 0x4F, 0x59, 0x12, 0xE1, 0x8E,
    0x00, 0xDD, 0x42, 0xA6, 0x27, 0x4B, 0x68, 0x1D, 0xC2, 0xDB, 0xCC, 0x1F, 0xFA, 0x13, 0xAA, 0x63,
    0x55, 0xF7, 0x2C, 0xD4, 0xF3, 0x4D, 0x51, 0xB0, 0x1D, 0x76, 0x9A, 0x3D, 0xB0, 0x55, 0x17, 0xD9,
    0xB4, 0x03, 0xC2, 0x3B, 0x30, 0x36, 0x71, 0x87, 0x06, 0x1E, 0x76, 0xDA, 0x09, 0x5D, 0x0B, 0x17,
    0xC7, 0xA4, 0xA5, 0x7E, 0x84, 0x04, 0xA8, 0xDB, 0xBB, 0x2F, 0x6B, 0x38, 0x5E, 0x7D, 0xA4, 0x49,
    0xEB, 0x0C, 0x1F, 0xC5, 0x6C, 0xD8, 0xBF, 0x89, 0xDA, 0xCC, 0xD1, 0xF0, 0x50, 0xDC, 0xA6, 0xC9,
    0xB7, 0x6A, 0x9C, 0x26, 0xD5, 0x8B, 0x86, 0x46, 0x69, 0x87, 0x7B, 0xF7, 0xEF, 0x35, 0x3C, 0xD8,
    0xE1, 0x9E, 0xC3, 0x43, 0xDD, 0x61, 0xAA, 0xA6, 0x49, 0x2F, 0xDE, 0x1D, 0x8F, 0x5F, 0xFB, 0x68,
    0xD0, 0x87, 0x31, 0x5F, 0xC2, 0x3B, 0xAC, 0x1D, 0xEE, 0xB4, 0x9B, 0xEA, 0x05, 0xB1, 0x86, 0xF0,
    0x25, 0x2D, 0x3A, 0xDF, 0x10, 0x98, 0xE4, 0xDE, 0xE4, 0x60, 0xE7, 0x31, 0x53, 0xFC, 0x48, 0x16,
    0x1C, 0x30, 0xDA, 0x2C, 0xDC, 0x71, 0x17, 0xCB, 0x47, 0xE8, 0xCC, 0xE7, 0x51, 0x1F, 0x2D, 0x34,
    0xE8, 0x64, 0xBE, 0x80, 0xCA, 0x48, 0xF4, 0xDA, 0x95, 0x7A, 0xF6, 0xDF, 0x1E, 0x46, 0x9E, 0xA5,
    0x90, 0x57, 0x36, 0x87, 0x7B, 0x82, 0x1C, 0xA6, 0x3B, 0x85, 0xCD, 0xD7, 0x8B, 0x2C, 0x99, 0x65,
    0x9B, 0x96, 0xBB, 0x87, 0xE2, 0x59, 0x5B, 0x57, 0x74, 0x2D, 0x6E, 0xE7, 0xE4, 0x19, 0x2C, 0xF4,
    0x11, 0x12, 0x9E, 0x30, 0x37, 0x57, 0x31, 0xC3, 0xCF, 0x03, 0x04, 0x9E, 0xB0, 0xC7, 0xFD, 0x37,
    0xB4, 0x48, 0x67, 0xA5, 0x50, 0xFF, 0x38, 0xC2, 0xB3, 0xA4, 0xB8, 0x53, 0x17, 0xE5, 0x4F, 0x5A,
    0x28, 0xD1, 0xD2, 0x78, 0x9B, 0xF0, 0xD2, 0xE8, 0xA5, 0xA5, 0x83, 0xE8, 0xDF, 0x9A, 0x36, 0x3B,
    0x0D, 0xEE, 0x2F, 0x3F, 0x6A, 0xB4, 0x3B, 0xBF, 0x82, 0x23, 0x86, 0x41, 0xF0, 0x7B, 0x2C, 0xFB,
    0x22, 0x92, 0xFE, 0x41, 0x83, 0x46, 0xF7, 0x47, 0x02, 0x1E, 0x08, 0xF3, 0xA2, 0x59, 0xD2, 0x9C,
    0x55, 0xF3, 0x21, 0x20, 0xA3, 0x29, 0x79, 0x46, 0x4E, 0xD8, 0xB0, 0x3A, 0x91, 0x76, 0xDC, 0xBA,
    0x64, 0xDB, 0x8C, 0x31, 0xF7, 0xA3, 0xDC, 0x83, 0x3C, 0x44, 0xDA, 0xD1, 0xCF, 0xC4, 0xF5, 0xDF,
    0x99, 0x3F, 0xFF, 0x88, 0xCA, 0x5E, 0xB9, 0xC3, 0x2C, 0xD0, 0xE0, 0xB2, 0x60, 0x9E, 0xC5, 0xA3,
    0x59, 0x6D, 0xDD, 0xCE, 0x49, 0x6F, 0xC4, 0x0C, 0x53, 0x7C, 0x6F, 0x4A, 0xEF, 0x8F, 0xAD, 0x2E,
    0xEF, 0x0A, 0xCC, 0x35, 0x6B, 0xE5, 0xD2, 0x56, 0xD3, 0x26, 0xE6, 0xC5, 0xE6, 0x91, 0x4A, 0xAE,
    0xBC, 0xEA, 0xAA, 0xAB, 0x2E, 0xC0, 0x0A, 0xE7, 0x17, 0xCC, 0xAA, 0xD1, 0xDD, 0x45, 0xB6, 0xFF,
    0xAF, 0x22, 0x82, 0xD3, 0x22, 0xE8, 0xC6, 0x19, 0xF5, 0xD7, 0x55, 0xA3, 0xAD, 0x36, 0x73, 0x86,
    0xB7, 0xA0, 0xFF, 0x78, 0xD6, 0xA4, 0x37, 0x6F, 0x25, 0xBA, 0xFD, 0x55, 0x74, 0x94, 0x2D, 0x7F,
    0x05, 0xAB, 0x88, 0x29, 0xBB, 0xE9, 0xF6, 0xB2, 0xE8, 0xD9, 0x0A, 0x7A, 0x1C, 0x99, 0x3B, 0xD8,
    0x42, 0x3C, 0xF5, 0xCF, 0x9F, 0x6D, 0x91, 0xD1, 0x11, 0xA9, 0x17, 0x64, 0x5C, 0x05, 0xAA, 0xD4,
    0x8E, 0x70, 0x3F, 0x85, 0x4A, 0x95, 0x6D, 0x90, 0x5D, 0xB4, 0x5A, 0xCA, 0xAF, 0xB5, 0x8A, 0xAD,
    0x27, 0x82, 0xB0, 0x59, 0xC2, 0xB5, 0x60, 0xB3, 0x90, 0xC6, 0xED, 0xCB, 0x2C, 0xCF, 0x60, 0x0B,
    0x2A, 0x98, 0x41, 0x02, 0xCE, 0xF7, 0x38, 0x8C, 0x00, 0x96, 0xFC, 0x77, 0x6B, 0xF4, 0x78, 0xB7,
    0x29, 0xC3, 0x99, 0x7A, 0x02, 0x6E, 0xD8, 0x1D, 0xBB, 0x53, 0xAA, 0xB2, 0xC7, 0x46, 0xA3, 0x19,
    0xE9, 0x31, 0x64, 0xD3, 0x7C, 0xD0, 0x47, 0x4D, 0x52, 0x67, 0xF4, 0xDD, 0x33, 0x53, 0x30, 0xDD,
    0x9B, 0x5D, 0xE9, 0xCD, 0xC8, 0x20, 0x7F, 0x8E, 0xEB, 0xA0, 0x7B, 0x8E, 0x79, 0xDE, 0x23, 0x13,
    0xFF, 0x82, 0xC7, 0x2C, 0xBC, 0x2E, 0xF3, 0x7B, 0x1A, 0xCB, 0x48, 0xAF, 0x0B, 0xEB, 0x8F, 0xAE,
    0x5F, 0xDF, 0xD7, 0x1D, 0x07, 0x8C, 0x7A, 0x97, 0xFD, 0x0B, 0x5A, 0x40, 0x88, 0xB5, 0xAA, 0xA5,
    0x51, 0xD0, 0xD2, 0x1D, 0xB1, 0xF9, 0xE3, 0xFA, 0x9A, 0x97, 0x1E, 0x36, 0x05, 0x56, 0x4F, 0x97,
    0x33, 0x97, 0xDD, 0xEE, 0x64, 0xE5, 0xA7, 0x62, 0x69, 0x76, 0xA5, 0x49, 0xDA, 0x35, 0xDE, 0xE9,
    0x8A, 0xEB, 0x55, 0xF3, 0x35, 0x21, 0x40, 0x86, 0x2C, 0x8F, 0x67, 0x13, 0x5B, 0xA2, 0xB4, 0xD5,
    0x24, 0xC8, 0xD9, 0x86, 0xC8, 0xF2, 0xA4, 0xE8, 0x9A, 0x28, 0xF2, 0xA8, 0x47, 0x6F, 0x68, 0xEB,
    0xCF, 0x48, 0x89, 0x0B, 0x9B, 0x94, 0x22, 0xB5, 0x95, 0x20, 0x4D, 0xD1, 0x4E, 0x01, 0x51, 0xD0,
    0xC5, 0x15, 0xC2, 0xAF, 0x31, 0x7C, 0xB9, 0xC1, 0xA9, 0x5D, 0x8F, 0xBF, 0xD3, 0xA3, 0x81, 0xF5,
    0x95, 0xEE, 0x72, 0x8C, 0xD3, 0xEB, 0x86, 0xE4, 0x9B, 0xB2, 0xA4, 0xE7, 0xC6, 0xE0, 0xCD, 0x86,
    0x99, 0x1C, 0xAC, 0x3E, 0x9C, 0xD8, 0x0A, 0xE2, 0x4D, 0x9A, 0xC6, 0x79, 0xC4, 0x31, 0xDA, 0x6F,
    0xDC, 0xDD, 0xF1, 0x9E, 0x76, 0xF5, 0xEB, 0xA1, 0x29, 0x67, 0xEE, 0xEE, 0x00, 0xDF, 0xEC, 0xEC,
    0x3F, 0x69, 0xD1, 0xF7, 0x34, 0x17, 0xB6, 0xF3, 0xED, 0x8C, 0xC2, 0x01, 0xCB, 0x76, 0xD0, 0x09,
    0x42, 0x6B, 0x28, 0x08, 0xBB, 0xE4, 0xA1, 0x27, 0xC6, 0xF2, 0x6C, 0xD7, 0x60, 0x4C, 0xA5, 0x04,
    0x0E, 0x06, 0x82, 0x59, 0xB1, 0x9D, 0x3E, 0xB9, 0x59, 0xAF, 0x72, 0x2D, 0xEE, 0x04, 0xA3, 0x3B,
    0x6F, 0xDF, 0x38, 0xB5, 0xBB, 0xC3, 0x6D, 0xDD, 0xB1, 0xDF, 0x5E, 0x95, 0x51, 0x63, 0x57, 0x43,
    0x5E, 0x52, 0x6E, 0xEE, 0x48, 0x49, 0xA5, 0x17, 0x57, 0x3B, 0x15, 0x94, 0x0D, 0xCC, 0x21, 0x6A,
    0x63, 0x1E, 0x9D, 0x16, 0x95, 0xC8, 0x04, 0x6F, 0x51, 0xD1, 0xFB, 0xAE, 0xF1, 0x5B, 0xB4, 0x84,
    0x87, 0xDA, 0x0A, 0x29, 0x8C, 0x5F, 0xE5, 0xBA, 0x2F, 0x90, 0x9A, 0x89, 0x7D, 0x2F, 0x49, 0xAD,
    0xD1, 0x1F, 0x4F, 0x04, 0x68, 0xB5, 0xB3, 0x04, 0xAA, 0x47, 0x98, 0x1A, 0xC6, 0xA1, 0xC3, 0xF8,
    0x41, 0x97, 0x32, 0x8B, 0x7B, 0xD1, 0x2C, 0x16, 0x3B, 0xE8, 0x30, 0x7B, 0xFF, 0x7F, 0xC1, 0x4C,
    0xC1, 0xBB, 0xF5, 0xAA, 0x83, 0x52, 0x43, 0x9A, 0x60, 0xA3, 0xD5, 0x58, 0x53, 0x5C, 0xD9, 0x6A,
    0xAD, 0x17, 0x79, 0x86, 0x55, 0x46, 0x8B, 0xCF, 0xDD, 0xE5, 0x26, 0x75, 0xFD, 0x21, 0xF7, 0xF3,
    0x3C, 0xC9, 0x84, 0x9B, 0x29, 0xE2, 0x11, 0xC9, 0xED, 0x60, 0x0A, 0x34, 0x53, 0x7C, 0x66, 0x2F,
    0xD7, 0x7D, 0xDC, 0xF1, 0x71, 0x80, 0x43, 0x1A, 0xED, 0x9B, 0x16, 0xC7, 0x91, 0xB5, 0x90, 0x93,
    0xA2, 0xD4, 0x22, 0x0F, 0x82, 0xE7, 0xB4, 0x76, 0x87, 0x98, 0xF9, 0x7A, 0x12, 0x49, 0x51, 0x32,
    0x6C, 0xEF, 0xB8, 0x1D, 0x77, 0x64, 0x63, 0x5C, 0xF6, 0x3C, 0xAB, 0xA1, 0xEF, 0xF0, 0x24, 0x92,
    0x59, 0x51, 0xE6, 0xEF, 0x70, 0xDA, 0xD8, 0x66, 0x51, 0x6C, 0x1E, 0x4B, 0xD2, 0xAD, 0xD7, 0x78,
    0xE2, 0x6B, 0x77, 0x30, 0x11, 0x34, 0xA1, 0xA7, 0xC1, 0x84, 0xB5, 0x27, 0xA3, 0xDB, 0x87, 0x56,
    0x1A, 0xDD, 0x5B, 0x1F, 0xE2, 0xA5, 0xA7, 0x65, 0x64, 0xCC, 0xC2, 0x5C, 0x3D, 0xE3, 0x40, 0x1F,
    0x36, 0x3C, 0x4C, 0xAC, 0x9D, 0x0C, 0xDE, 0x7C, 0x78, 0x58, 0xA1, 0xDF, 0xC7, 0x9F, 0xA0, 0x82,
    0x05, 0xAA, 0x01, 0x9A, 0xC0, 0x6F, 0x98, 0xD6, 0x5D, 0xBA, 0x79, 0x3B, 0x97, 0xEF, 0x31, 0x6E,
    0xE7, 0x35, 0x4B, 0xE5, 0xE1, 0x46, 0xB7, 0xFD, 0xB8, 0xDA, 0x56, 0xA2, 0x47, 0x5F, 0xD1, 0x95,
    0x41, 0x6A, 0xEE, 0x01, 0x3E, 0xFC, 0x22, 0x0B, 0x33, 0x38, 0x49, 0x47, 0xCC, 0x9A, 0x8C, 0xE3,
    0x8D, 0xAC, 0x39, 0x77, 0xAC, 0xCC, 0xE6, 0xD9, 0xA9, 0xA6, 0x7A, 0x2D, 0x7F, 0x66, 0xEE, 0xD5,
    0x1C, 0xB2, 0x70, 0x95, 0x3B, 0xAA, 0xC1, 0x47, 0x4E, 0xB5, 0x0D, 0xE4, 0xBE, 0x0C, 0x53, 0x1E,
    0xC9, 0xB0, 0x4F, 0x34, 0xC7, 0x95, 0x1D, 0xE2, 0xF2, 0xC2, 0x2C, 0x86, 0x25, 0xAD, 0x77, 0x09,
    0x2F, 0x85, 0xA6, 0x70, 0x88, 0x53, 0x50, 0xA6, 0xA5, 0x6F, 0xBC, 0x71, 0x89, 0x0E, 0x41, 0xAE,
    0xCB, 0xE6, 0xBD, 0xF4, 0x4B, 0xA8, 0x15, 0x4F, 0x85, 0xB5, 0x51, 0x7D, 0xC0, 0x6D, 0xEF, 0xF9,
    0x3A, 0x22, 0xB2, 0xEB, 0x6E, 0x32, 0xB5, 0x3C, 0xDA, 0xFB, 0xF2, 0xDD, 0xB3, 0xB9, 0x49, 0x54,
    0x03, 0x9B, 0xDA, 0xF3, 0x98, 0xC7, 0x17, 0xE0, 0x68, 0x6F, 0x74, 0x40, 0xE2, 0x50, 0x21, 0x9E,
    0x7B, 0x70, 0x91, 0xAB, 0xFA, 0xF1, 0x69, 0x20, 0x99, 0x8D, 0xD5, 0x6D, 0x9A, 0x2B, 0x20, 0x17,
    0x2A, 0xD8, 0x55, 0x96, 0x5A, 0x09, 0xA2, 0xD2, 0x2C, 0x5A, 0x3C, 0x24, 0x9B, 0xA6, 0x1C, 0x07,
    0x9D, 0x03, 0xE2, 0x63, 0x60, 0x9C, 0x82, 0x0D, 0xE3, 0x8A, 0x77, 0x13, 0xBB, 0xAD, 0xEB, 0xCE,
    0x8C, 0x96, 0xAE, 0x27, 0x0E, 0xBA, 0x91, 0x82, 0xC1, 0x64, 0xD8, 0x76, 0x55, 0x79, 0xF7, 0xBB,
    0xE6, 0xB3, 0x81, 0x1D, 0xA2, 0x46, 0xEC, 0xE1, 0x14, 0xBD, 0x25, 0x3A, 0x65, 0xF0, 0xAA, 0x36,
    0x86, 0xE0, 0x7F, 0x45, 0x0B, 0x00, 0x2E, 0x6D, 0xAB, 0x20, 0x2F, 0x98, 0xAE, 0x40, 0xD6, 0x0D,
    0x98, 0x71, 0x60, 0xDF, 0xF0, 0x7B, 0x74, 0x69, 0x3F, 0xF1, 0xAA, 0x50, 0xFE, 0xC5, 0x5D, 0x92,
    0xFC, 0x12, 0xBB, 0x11, 0xC4, 0xE3, 0x42, 0xA9, 0xA5, 0x44, 0x73, 0x16, 0x8F, 0x80, 0x60, 0x7B,
    0xC0, 0x9B, 0xDC, 0xC1, 0x4B, 0x84, 0x35, 0x08, 0xCA, 0xF2, 0xBB, 0x8C, 0x97, 0x7D, 0xEC, 0x89,
    0x76, 0xB9, 0xEE, 0xD2, 0x1C, 0x47, 0x4B, 0xAE, 0xDB, 0xDE, 0x29, 0xD7, 0xFD, 0x41, 0x43, 0xBD,
    0xB6, 0x75, 0xCA, 0xB8, 0x15, 0x2F, 0xF1, 0xED, 0x59, 0xF7, 0xC6, 0x75, 0xEB, 0xE6, 0xDE, 0xB4,
    0xDC, 0x38, 0x42, 0xC4, 0x7D, 0xA6, 0xDA, 0xCA, 0x9D, 0x1E, 0xA2, 0x45, 0xE6, 0xA5, 0xE0, 0xA0,
    0xFE, 0xA6, 0xEB, 0x1C, 0x55, 0x73, 0xE4, 0xC8, 0xE5, 0xCC, 0x55, 0x78, 0x62, 0xD8, 0x79, 0x73,
    0x08, 0x37, 0xAC, 0x1A, 0x34, 0x77, 0x64, 0x98, 0x6B, 0xCA, 0xCC, 0x36, 0xFB, 0x8F, 0xA3, 0x6E,
    0x63, 0xC7, 0xA2, 0x9B, 0x59, 0x78, 0x7A, 0xB6, 0x74, 0xAC, 0x84, 0xF9, 0xF9, 0xFA, 0x4C, 0x53,
    0x30, 0xAE, 0x47, 0xAD, 0xD2, 0x89, 0xFD, 0x1F, 0xE5, 0x7D, 0x3B, 0xAC, 0x24, 0xD7, 0x99, 0xDE,
    0xA9, 0x2E, 0xCE, 0xB4, 0xA5, 0xDA, 0xDD, 0x9A, 0x60, 0x46, 0x5E, 0x71, 0xB4, 0x2A, 0x06, 0x5A,
    0x40, 0x10, 0x48, 0x96, 0x03, 0x07, 0x6B, 0x80, 0x9C, 0x2A, 0x92, 0x80, 0x18, 0x6C, 0xA0, 0x6B,
    0x63, 0x46, 0x02, 0xCC, 0x80, 0x0A, 0x14, 0xD1, 0x80, 0xAE, 0x82, 0x0D, 0x14, 0x90, 0xB7, 0x5A,
    0x54, 0xA0, 0x40, 0x01, 0xC7, 0xF0, 0xCA, 0x81, 0x15, 0x88, 0x81, 0x04, 0x88, 0x57, 0xC0, 0x0E,
    0x0D, 0x28, 0xA0, 0x17, 0x9C, 0x5B, 0x45, 0x31, 0x50, 0xC0, 0x60, 0x8B, 0xD6, 0x0A, 0x0A, 0x36,
    0x60, 0x4B, 0x1A, 0xED, 0xDA, 0x64, 0xC0, 0x92, 0xB6, 0x69, 0xF6, 0x1D, 0xD6, 0xC3, 0xFF, 0xF7,
    0xFD, 0xFF, 0xA9, 0xAA, 0xBE, 0xF7, 0x0E, 0xAD, 0xB5, 0x6C, 0xF1, 0xB1, 0x0D, 0xB2, 0x7B, 0x6E,
    0x77, 0xD5, 0xA9, 0x73, 0xCE, 0xFF, 0x7E, 0x1E, 0xE7, 0xF6, 0x9C, 0x73, 0xE5, 0xD6, 0xB9, 0xC5,
    0x20, 0x6F, 0xC1, 0x17, 0xE4, 0xCD, 0x85, 0x1B, 0xBC, 0x35, 0xCE, 0x2D, 0x07, 0xF9, 0x32, 0x1A,
    0x86, 0x8D, 0x0B, 0x1E, 0xFF, 0x95, 0x5C, 0x18, 0x57, 0xF2, 0x43, 0x52, 0x05, 0xF2, 0xB6, 0x2A,
    0xD7, 0x2E, 0x7D, 0x44, 0x7E, 0xCE, 0xE2, 0xA1, 0x75, 0x59, 0xF6, 0x48, 0xE7, 0x0E, 0xDA, 0xA0,
    0x73, 0x65, 0xE3, 0x3A, 0x37, 0x54, 0x78, 0xCB, 0x5D, 0x17, 0x0C, 0x2E, 0x68, 0x17, 0x9D, 0x5B,
    0xB4, 0x8B, 0xD6, 0x85, 0xDB, 0x70, 0x2B, 0x63, 0xCB, 0xC0, 0x51, 0x13, 0x35, 0x2E, 0xAE, 0xE3,
    0xB5, 0xCB, 0x56, 0xF2, 0x36, 0xB8, 0xA4, 0x7F, 0xAC, 0x75, 0xE9, 0x30, 0xC8, 0x17, 0xFB, 0x72,
    0xDF, 0x5D, 0x01, 0x66, 0xE5, 0xFE, 0xFD, 0xE1, 0x75, 0x17, 0x94, 0x98, 0x43, 0x36, 0x0C, 0x43,
    0x1B, 0xF6, 0xFB, 0x55, 0xD2, 0xA6, 0xF5, 0xE0, 0xE2, 0xA6, 0x93, 0xA1, 0x92, 0x57, 0x9B, 0xB8,
    0x76, 0x59, 0xEE, 0x0A, 0x17, 0xE0, 0x11, 0x0E, 0x83, 0x62, 0x48, 0xF9, 0x4F, 0xFE, 0x92, 0x29,
    0x64, 0x95, 0x2E, 0x01, 0x43, 0xCB, 0xFB, 0x70, 0xAD, 0xC4, 0x04, 0x5C, 0x22, 0xFF, 0xD5, 0x2E,
    0x59, 0xBB, 0xD2, 0xC9, 0x25, 0xB8, 0x74, 0xC0, 0x8D, 0x61, 0x8B, 0xC1, 0xE2, 0x75, 0x20, 0x5F,
    0x14, 0xB9, 0x0C, 0x86, 0x2F, 0x2A, 0x57, 0x54, 0xE7, 0x87, 0xC3, 0x1B, 0x6D, 0x20, 0x53, 0x18,
    0x56, 0xB2, 0x19, 0xC3, 0x75, 0x37, 0x7F, 0x7D, 0x79, 0xC5, 0x8F, 0x6C, 0xE0, 0x47, 0xFC, 0x46,
    0x83, 0x8F, 0x45, 0xF3, 0x87, 0xFC, 0xF3, 0x8A, 0x5E, 0xB3, 0xAC, 0xF1, 0xFE, 0xC4, 0x77, 0x5F,
    0x94, 0x77, 0x8C, 0x83, 0x6D, 0x1C, 0x38, 0x25, 0x57, 0x1E, 0x7F, 0x61, 0x90, 0x11, 0xD2, 0x0D,
    0x77, 0x7D, 0x89, 0xB9, 0xE6, 0x98, 0x8F, 0x0C, 0x81, 0xC9, 0x71, 0x88, 0xA5, 0xFC, 0xB2, 0x58,
    0xF1, 0x5B, 0x3E, 0x83, 0xA3, 0x61, 0xC1, 0xFA, 0xE4, 0x8A, 0x1F, 0xE1, 0xD6, 0xFE, 0xD4, 0xF9,
    0xE0, 0x1E, 0xBC, 0x0A, 0xFB, 0x73, 0xBB, 0x7B, 0xB1, 0xBF, 0xD7, 0x86, 0xC2, 0xC8, 0xFF, 0x5A,
    0x46, 0x6E, 0xF5, 0xF1, 0xB2, 0x4D, 0xFB, 0xF2, 0xF8, 0x10, 0xBB, 0x2E, 0xBF, 0xC8, 0xA2, 0x7B,
    0xC7, 0x4F, 0x7E, 0x38, 0x85, 0x0E, 0x5E, 0x97, 0xB9, 0x17, 0x5C, 0x48, 0xC8, 0x4B, 0xE3, 0x57,
    0xF1, 0x9E, 0xE4, 0xCF, 0x63, 0xF0, 0x69, 0x0B, 0xF6, 0x3B, 0xCC, 0x81, 0x57, 0xA4, 0x7C, 0x2F,
    0x3F, 0x0F, 0x6C, 0x6B, 0xDD, 0x05, 0x45, 0x34, 0x19, 0x7B, 0xCD, 0xA5, 0x71, 0x7A, 0x69, 0x35,
    0x2D, 0x44, 0x20, 0x82, 0x55, 0x9C, 0xF5, 0x7E, 0x01, 0xAB, 0x0B, 0xB0, 0x4D, 0x35, 0xEE, 0x16,
    0x18, 0xCB, 0x1D, 0x31, 0xE7, 0x18, 0x0E, 0x1C, 0xEE, 0xA2, 0xCE, 0xF2, 0xEE, 0xC3, 0xEF, 0x62,
    0x52, 0xB2, 0x9A, 0xDA, 0x29, 0x2A, 0x39, 0xF7, 0xA7, 0xA5, 0x7B, 0x7C, 0xC0, 0x52, 0x05, 0x20,
    0xF2, 0x38, 0xB9, 0x29, 0x6B, 0x80, 0x32, 0x2E, 0xDE, 0x60, 0x5E, 0x2E, 0xDA, 0x72, 0x83, 0x97,
    0x2D, 0xF7, 0x2A, 0x6C, 0xB9, 0xBF, 0xF8, 0xD8, 0xE0, 0x23, 0x78, 0xEC, 0xAD, 0x6B, 0xF2, 0x01,
    0x6C, 0xC8, 0xC3, 0x36, 0x96, 0x0F, 0xFC, 0x2E, 0x38, 0x84, 0x7D, 0x17, 0xDC, 0x02, 0x2A, 0x62,
    0x15, 0xB1, 0x7E, 0xA4, 0x35, 0x57, 0x23, 0x9B, 0x9F, 0x29, 0x18, 0x65, 0xF6, 0x61, 0x87, 0x87,
    0xBB, 0x78, 0xCB, 0x2F, 0xCA, 0xDA, 0x01, 0xCB, 0xF0, 0xD3, 0x00, 0x32, 0x70, 0x82, 0xF6, 0xC7,
    0x73, 0x34, 0x03, 0x2D, 0xC8, 0x3E, 0x12, 0xFD, 0x00, 0x17, 0xD9, 0xF3, 0xF8, 0x18, 0x6B, 0x90,
    0xC1, 0xB9, 0x86, 0x2C, 0xE7, 0x1A, 0x92, 0xDF, 0x7A, 0x0D, 0x6E, 0xD9, 0xF0, 0x23, 0xD2, 0x8F,
    0xB8, 0x71, 0xE3, 0x1A, 0xB6, 0x7E, 0x0D, 0xC9, 0x1D, 0xD7, 0x90, 0x9F, 0x5A, 0x43, 0x60, 0x6B,
    0xE8, 0xEF, 0xB4, 0x86, 0x73, 0xD7, 0xE4, 0x05, 0x82, 0x14, 0x02, 0x58, 0x0C, 0x84, 0x46, 0x7F,
    0x78, 0x28, 0x97, 0x1F, 0x70, 0x43, 0x12, 0x02, 0x7E, 0xB9, 0xE2, 0x4C, 0x72, 0x8F, 0xCF, 0x9D,
    0x9B, 0x60, 0xAE, 0x78, 0x81, 0x9F, 0xA3, 0xE1, 0x8D, 0x2D, 0xF1, 0xB3, 0x53, 0x4A, 0x72, 0xBB,
    0x3F, 0x7B, 0x6A, 0x10, 0xB6, 0x00, 0x1C, 0x90, 0x29, 0xEA, 0xE0, 0xF1, 0x8A, 0x74, 0xBE, 0xC6,
    0xCF, 0xC1, 0x96, 0x3F, 0x63, 0xAA, 0x7F, 0x09, 0xDC, 0x11, 0xEC, 0x89, 0x75, 0x52, 0xCE, 0x7D,
    0xEC, 0x39, 0xC5, 0xFA, 0x15, 0xA9, 0x55, 0x58, 0xC5, 0x5B, 0x01, 0x59, 0x9A, 0x2B, 0xAB, 0xB0,
    0xC2, 0xE2, 0xEF, 0x92, 0xB1, 0xFB, 0x89, 0x90, 0x22, 0x3E, 0x33, 0xAD, 0xC7, 0xA9, 0x06, 0x9D,
    0xD2, 0xE0, 0x47, 0x0F, 0x0F, 0x0F, 0xCB, 0xAA, 0xC4, 0xB8, 0x04, 0x5A, 0x8B, 0x39, 0x26, 0x35,
    0x6E, 0x2D, 0x09, 0x85, 0x2D, 0x76, 0x38, 0xAD, 0x0A, 0x8C, 0x07, 0x90, 0x25, 0x8D, 0x7C, 0x1D,
    0x0C, 0xDC, 0x74, 0xD9, 0xFE, 0xE3, 0xC7, 0x7A, 0x22, 0x76, 0x0D, 0xF4, 0xDD, 0xCC, 0x48, 0x0F,
    0x5B, 0x99, 0x2B, 0x32, 0x37, 0x40, 0x7A, 0x65, 0x26, 0xC9, 0xEB, 0x87, 0x24, 0x34, 0xB9, 0x33,
    0x27, 0x83, 0x58, 0x92, 0xD3, 0xB8, 0x60, 0xAD, 0xF4, 0x74, 0x01, 0xD7, 0x28, 0xC9, 0xEB, 0x94,
    0x47, 0x26, 0xD2, 0x1B, 0x3F, 0xF8, 0xD6, 0xE1, 0x4A, 0x49, 0xA5, 0xD1, 0x1D, 0xD8, 0xCC, 0x98,
    0x85, 0xBF, 0x86, 0xB0, 0x38, 0x31, 0xCE, 0x3F, 0xE5, 0x1A, 0x05, 0x29, 0xA0, 0x32, 0x92, 0xF9,
    0x42, 0x81, 0x17, 0x6E, 0xF6, 0x79, 0xC7, 0xA0, 0xE4, 0x9B, 0xE9, 0x47, 0x38, 0xAC, 0xDC, 0xD9,
    0xAF, 0xE5, 0x90, 0xEB, 0xE5, 0xF8, 0x88, 0x6F, 0xF3, 0xE1, 0x47, 0xAE, 0x71, 0x9E, 0xA9, 0xB8,
    0x74, 0x35, 0x7B, 0xE2, 0xB2, 0x99, 0xA1, 0x49, 0x30, 0x60, 0xFF, 0x16, 0x8A, 0x3B, 0x89, 0x6E,
    0x9F, 0x4D, 0x69, 0xB1, 0x9D, 0xB3, 0x59, 0x5D, 0x4A, 0xD0, 0xCE, 0x57, 0xB2, 0x33, 0xAC, 0x3D,
    0x2A, 0xA9, 0x66, 0xAB, 0x0A, 0x77, 0x87, 0x70, 0xF3, 0x21, 0xD6, 0x73, 0x36, 0xBD, 0x3B, 0xB3,
    0xD9, 0x77, 0x2B, 0x7E, 0x17, 0xD7, 0x7C, 0x7C, 0xA6, 0xD3, 0xD3, 0x75, 0xBA, 0x72, 0x3D, 0xDB,
    0x02, 0xE5, 0xC0, 0xB2, 0x13, 0x36, 0x6C, 0xB9, 0xD2, 0x39, 0x7D, 0x42, 0x27, 0xA5, 0x70, 0x70,
    0x10, 0x3C, 0xEE, 0xFC, 0xE1, 0x7F, 0x6A, 0x78, 0x29, 0x19, 0x25, 0xC8, 0x06, 0x1B, 0x96, 0xF4,
    0xD7, 0x4A, 0xC8, 0x17, 0x19, 0x1B, 0xD3, 0x15, 0xA9, 0xC8, 0xF9, 0xE2, 0xA7, 0x56, 0xA9, 0x29,
    0xAC, 0x15, 0xAB, 0x3F, 0x32, 0x81, 0xD0, 0x00, 0xEB, 0x61, 0xE8, 0xBF, 0x8E, 0xD7, 0x23, 0x4C,
    0x03, 0x21, 0xF5, 0xA0, 0x57, 0x76, 0x0F, 0x59, 0x54, 0x0C, 0x94, 0xB8, 0x4E, 0x94, 0x01, 0x0A,
    0x21, 0x2C, 0x6F, 0x50, 0x68, 0x80, 0x8B, 0xE0, 0x79, 0x51, 0xAB, 0xAA, 0x07, 0xA4, 0x10, 0x76,
    0x33, 0xE9, 0x41, 0x09, 0xC4, 0x7F, 0xCA, 0x0C, 0x63, 0xE0, 0x40, 0x4B, 0x7D, 0xFC, 0xA5, 0xDC,
    0xF3, 0x15, 0x2C, 0xAA, 0x0A, 0xB0, 0xAE, 0x05, 0x39, 0x82, 0x6D, 0x30, 0x16, 0x44, 0xE1, 0xD9,
    0xEE, 0x7E, 0x19, 0x3C, 0x76, 0xBC, 0x17, 0x60, 0xD0, 0x12, 0x5B, 0x80, 0x2F, 0x8D, 0xDF, 0xE9,
    0x95, 0xBD, 0xDB, 0xFD, 0x12, 0xCB, 0x3B, 0x2F, 0x7C, 0x57, 0x26, 0xA0, 0x5C, 0x41, 0x1E, 0x79,
    0x55, 0xB6, 0x7E, 0x25, 0xAB, 0xDA, 0xCA, 0xA3, 0xF5, 0xC9, 0xA5, 0xEC, 0xA0, 0xB0, 0x80, 0xF8,
    0xAD, 0x8E, 0x24, 0xD7, 0x07, 0x64, 0x33, 0x58, 0xB3, 0x3C, 0x92, 0xD3, 0x92, 0x5D, 0x24, 0xF2,
    0x2D, 0x5A, 0xDD, 0xB0, 0xB8, 0x31, 0x19, 0xF7, 0x0D, 0xE3, 0x75, 0xCA, 0xE6, 0x96, 0x83, 0xCA,
    0xEE, 0x74, 0x50, 0x94, 0x1A, 0x0C, 0xA6, 0x5B, 0x65, 0x73, 0xC9, 0xAB, 0xFA, 0x59, 0x2E, 0x7A,
    0xA5, 0x60, 0xEE, 0x9F, 0xEC, 0xFD, 0xB2, 0xD5, 0xBD, 0xC7, 0x3E, 0x82, 0x03, 0xC5, 0xAD, 0x62,
    0x6C, 0xD2, 0xAA, 0xE0, 0x4F, 0xB8, 0x0C, 0x61, 0x76, 0x1D, 0xD8, 0xDA, 0xC6, 0xA5, 0x3D, 0x56,
    0xA3, 0xDF, 0x73, 0x1F, 0x73, 0x8F, 0x54, 0xC0, 0xB0, 0x42, 0x7E, 0x89, 0xDF, 0x10, 0x61, 0xD1,
    0x44, 0x39, 0x38, 0x34, 0x65, 0x73, 0x80, 0x89, 0x42, 0x43, 0x20, 0xD2, 0x17, 0xC1, 0x91, 0xA0,
    0xB3, 0x6C, 0x63, 0x57, 0x94, 0x75, 0xFC, 0xDA, 0x4A, 0xD4, 0xBD, 0x3A, 0xAE, 0x93, 0xC6, 0x41,
    0xE5, 0x4B, 0x57, 0x32, 0x93, 0x26, 0x6C, 0x64, 0x56, 0x07, 0x97, 0xF9, 0xA4, 0xDC, 0x61, 0xB7,
    0xE3, 0x9F, 0x35, 0x42, 0x0A, 0xB2, 0xF0, 0xF4, 0xA5, 0x5E, 0x48, 0x4D, 0x44, 0x55, 0x96, 0x67,
    0xEB, 0xB0, 0x09, 0x86, 0x5F, 0x15, 0xB2, 0xF4, 0x37, 0xD6, 0x3A, 0x9F, 0x73, 0xF2, 0xB0, 0x3C,
    0x1A, 0xAA, 0x62, 0x08, 0xBE, 0xD0, 0x52, 0xAD, 0xCB, 0x03, 0xCA, 0x2A, 0xB9, 0xB3, 0xC3, 0xE3,
    0x05, 0x43, 0x8E, 0x04, 0x5D, 0x20, 0x82, 0x87, 0x7E, 0x71, 0xFA, 0x12, 0x30, 0xC1, 0x2A, 0x3F,
    0x8A, 0xC3, 0x63, 0x91, 0xCF, 0x55, 0x26, 0xB0, 0x5E, 0xB9, 0xBD, 0x13, 0xFC, 0xC3, 0x73, 0xBF,
    0xF4, 0x84, 0x56, 0xB4, 0x02, 0xB1, 0xE4, 0xC0, 0x7D, 0x01, 0xF9, 0xD3, 0x1D, 0x51, 0x0E, 0x8C,
    0x42, 0xF8, 0x4D, 0x42, 0xA1, 0x90, 0x83, 0x3B, 0x8B, 0x66, 0x28, 0xC0, 0x51, 0x79, 0x65, 0x32,
    0x96, 0xFA, 0xE2, 0x8A, 0x58, 0x4E, 0x39, 0x94, 0xD6, 0x14, 0x13, 0xF2, 0xC6, 0x47, 0x24, 0xEB,
    0xD0, 0x60, 0x43, 0x3D, 0x2C, 0xAD, 0xA9, 0x96, 0xC9, 0x77, 0xD4, 0xD2, 0xB2, 0x8A, 0x4A, 0x9B,
    0x7C, 0xC7, 0x3F, 0x4B, 0x55, 0xDA, 0x64, 0x5D, 0x78, 0x8E, 0x8C, 0xC8, 0x7B, 0xE5, 0xA7, 0x74,
    0x0D, 0x39, 0x41, 0xDA, 0x00, 0xC8, 0xA3, 0x4E, 0xF5, 0xB7, 0xAC, 0xFF, 0x36, 0x11, 0xA6, 0x54,
    0xF2, 0x08, 0x46, 0x2A, 0x99, 0x78, 0x45, 0x35, 0x8A, 0x26, 0x12, 0x30, 0x06, 0xDC, 0xBF, 0x25,
    0x48, 0x97, 0xE1, 0xDA, 0x14, 0x4C, 0x3F, 0xDA, 0x0A, 0x36, 0x01, 0x77, 0xA8, 0x47, 0x53, 0x0E,
    0x45, 0x0D, 0x25, 0x1F, 0x56, 0x20, 0xF0, 0xDC, 0xE2, 0x9F, 0x54, 0x93, 0x31, 0xD9, 0x4E, 0x74,
    0x6F, 0xF9, 0x41, 0xF6, 0x5A, 0x7E, 0x90, 0x81, 0x4A, 0x43, 0x79, 0x59, 0x4A, 0x2B, 0x33, 0xF8,
    0xF6, 0x60, 0x62, 0x54, 0x06, 0x5F, 0x29, 0x50, 0xEF, 0xA0, 0xD7, 0x47, 0x2D, 0xD4, 0x98, 0x68,
    0x03, 0xBD, 0x3E, 0xFE, 0x39, 0xF5, 0xFA, 0x0A, 0x63, 0xF7, 0x8E, 0x86, 0x03, 0xE6, 0x11, 0x53,
    0x01, 0x29, 0xF1, 0x50, 0x79, 0xB4, 0x3C, 0x12, 0x5B, 0x51, 0x25, 0x5B, 0x72, 0xB2, 0x1C, 0xCA,
    0x00, 0xD8, 0xD7, 0xEB, 0x80, 0x71, 0x31, 0x01, 0x57, 0x59, 0x12, 0xE9, 0x4C, 0x57, 0xAE, 0x2C,
    0x9C, 0xFB, 0x0F, 0x62, 0xC0, 0x3E, 0x6D, 0x67, 0x3C, 0x65, 0x47, 0xB2, 0x64, 0xDC, 0xD0, 0x5E,
    0x14, 0x1B, 0xC1, 0x34, 0xC8, 0xD2, 0xE5, 0x4C, 0x4B, 0x55, 0x86, 0x9F, 0xCE, 0xB4, 0xD4, 0x8C,
    0x7F, 0x65, 0x01, 0x84, 0x67, 0x11, 0x61, 0xD8, 0xA3, 0xF4, 0xDB, 0x30, 0x44, 0x9E, 0xC2, 0x4E,
    0x77, 0x9B, 0x05, 0xF6, 0xA4, 0x0E, 0xF0, 0xBE, 0x92, 0x77, 0x81, 0x1A, 0x16, 0xA7, 0x4B, 0xE4,
    0x2A, 0x97, 0x34, 0x4F, 0x96, 0xDC, 0x73, 0x5A, 0x48, 0x98, 0x3E, 0xF4, 0x96, 0x9A, 0x0A, 0xD2,
    0x1A, 0xC8, 0x24, 0xA6, 0xD2, 0xD6, 0xEB, 0x04, 0xD9, 0x3E, 0x59, 0x55, 0x30, 0xAE, 0x59, 0x48,
    0x62, 0x7A, 0x57, 0xD9, 0xA2, 0x0A, 0xCA, 0xF0, 0x5D, 0x2E, 0x07, 0x5F, 0x7D, 0xE6, 0xF0, 0xFB,
    0x14, 0x47, 0x2B, 0x8A, 0x05, 0x59, 0x0B, 0x88, 0x5A, 0x16, 0xB0, 0x3C, 0xBE, 0x26, 0xA3, 0xBE,
    0x03, 0x9D, 0xAA, 0x57, 0xD6, 0xA9, 0x7C, 0x18, 0xE2, 0x50, 0xF6, 0x0F, 0x9C, 0x39, 0x53, 0xBE,
    0x7D, 0xA4, 0x3F, 0x77, 0xEE, 0x2B, 0x71, 0x95, 0x7C, 0xAD, 0x8B, 0x36, 0x60, 0x8C, 0x82, 0x3D,
    0xCB, 0xE1, 0xC0, 0x9D, 0x83, 0xB4, 0x78, 0x52, 0xC7, 0xDD, 0x04, 0x55, 0xE6, 0x0E, 0x92, 0x1A,
    0x5B, 0x51, 0xC8, 0x98, 0x87, 0x78, 0xAC, 0x28, 0x2E, 0x57, 0x69, 0x4B, 0x51, 0x6D, 0x1E, 0xDA,
    0xEC, 0xF6, 0x8D, 0xDB, 0x87, 0x6D, 0x56, 0xC9, 0x4A, 0xB7, 0x45, 0xCE, 0x77, 0xC1, 0xCE, 0xA0,
    0xB9, 0x5F, 0x16, 0x0E, 0xE5, 0x5E, 0x96, 0x9F, 0x9F, 0x65, 0x0C, 0xA8, 0xE8, 0x19, 0x66, 0x5A,
    0x47, 0x37, 0x49, 0x59, 0x85, 0xBD, 0xD2, 0xB3, 0xCA, 0x62, 0xB5, 0x87, 0x54, 0xD0, 0x2A, 0x0A,
    0xA8, 0xA2, 0xB8, 0x7F, 0xAC, 0x12, 0xA5, 0xA2, 0x16, 0x55, 0x8D, 0x08, 0x50, 0x6C, 0x14, 0xFC,
    0xF1, 0x1B, 0x42, 0x5E, 0x1B, 0xD1, 0x4A, 0x61, 0xC7, 0x44, 0xB5, 0x6D, 0x68, 0x02, 0x1A, 0xC7,
    0x88, 0xC5, 0xB7, 0xF6, 0xA8, 0x43, 0x90, 0xE8, 0x88, 0x6B, 0x9D, 0x67, 0x95, 0xAD, 0x61, 0x07,
    0x9F, 0x9F, 0x8D, 0x3C, 0xD3, 0xAB, 0x00, 0xBC, 0xAE, 0x0E, 0xE5, 0xBA, 0x00, 0xEA, 0x76, 0xA9,
    0x04, 0x1B, 0x13, 0x77, 0x30, 0x32, 0x60, 0x7A, 0x09, 0x6A, 0xDE, 0x1E, 0xB6, 0x69, 0x78, 0x99,
    0xEF, 0xC9, 0xEB, 0xD8, 0xAC, 0x9B, 0xB2, 0x1D, 0xE1, 0x2F, 0x1A, 0x59, 0x76, 0xFC, 0x0C, 0x78,
    0xC6, 0x93, 0xF7, 0x71, 0xAF, 0x2E, 0xC0, 0x98, 0xF1, 0xEB, 0x8D, 0x27, 0x65, 0xD4, 0x08, 0xA1,
    0x99, 0xD4, 0x8E, 0x6E, 0xDA, 0x0B, 0x65, 0x7D, 0xC3, 0xB4, 0x51, 0x2A, 0xDA, 0xDF, 0x8D, 0x82,
    0xE6, 0x37, 0x96, 0x7A, 0x1D, 0xAC, 0xD3, 0x65, 0x93, 0xE2, 0x6A, 0x33, 0xF2, 0x70, 0x53, 0xDA,
    0xEF, 0x8A, 0x95, 0x3B, 0xB0, 0xDD, 0xD1, 0x90, 0x5D, 0x41, 0xA7, 0xBD, 0xB6, 0xDF, 0x64, 0x32,
    0x46, 0x22, 0x7C, 0x41, 0xC8, 0x3A, 0x10, 0x0B, 0x82, 0x2C, 0xB4, 0xD7, 0x99, 0xC9, 0xB2, 0x78,
    0x79, 0xAB, 0x77, 0xCB, 0x46, 0x87, 0x6A, 0x48, 0x72, 0x87, 0x65, 0xBB, 0x01, 0x67, 0xA0, 0x6A,
    0xA9, 0x7A, 0x17, 0xF5, 0x97, 0x46, 0x31, 0xE4, 0x40, 0x77, 0x45, 0x80, 0x48, 0xD8, 0x74, 0xD3,
    0x10, 0x36, 0x22, 0x65, 0xFE, 0x8A, 0x23, 0x02, 0xB8, 0x18, 0x31, 0x53, 0xD3, 0x19, 0x10, 0x13,
    0x96, 0x81, 0xFB, 0x20, 0x6D, 0x0B, 0xB5, 0xD8, 0x21, 0x03, 0x9C, 0x29, 0x27, 0xE1, 0x49, 0x1B,
    0xF9, 0xEA, 0xB4, 0xDE, 0x74, 0xA6, 0x33, 0x29, 0x1E, 0x8A, 0x05, 0x29, 0xC4, 0x70, 0x59, 0x0C,
    0x48, 0x61, 0x6A, 0x9B, 0x50, 0x84, 0x31, 0x76, 0xB9, 0x53, 0x4D, 0x89, 0x2B, 0x94, 0xA9, 0x95,
    0x4E, 0x85, 0x1A, 0xD6, 0x13, 0xF3, 0xE1, 0xD8, 0xF9, 0x52, 0x09, 0x32, 0xA7, 0x9D, 0xC7, 0x8B,
    0xE4, 0xDB, 0x8C, 0x64, 0xAA, 0x16, 0xEC, 0xFD, 0xDB, 0xBB, 0xE4, 0xE7, 0xF4, 0x20, 0x92, 0xBB,
    0xD3, 0xE4, 0x99, 0x4A, 0x66, 0xF6, 0xA8, 0x3C, 0x46, 0xD4, 0x13, 0xE0, 0x57, 0x4F, 0xD6, 0x77,
    0x11, 0x88, 0x22, 0x5A, 0x8C, 0x0B, 0xFE, 0x9B, 0x83, 0xFB, 0x46, 0xAC, 0x13, 0x11, 0xC0, 0xBD,
    0x2C, 0x6C, 0x79, 0x03, 0x5E, 0x1C, 0xB1, 0x20, 0xF1, 0xAC, 0xA4, 0xC6, 0x0E, 0x15, 0xB0, 0x2C,
    0x1D, 0x38, 0xB3, 0xCC, 0x0F, 0xAB, 0x48, 0xAA, 0x92, 0x06, 0x0C, 0x76, 0x63, 0x8B, 0x89, 0xAB,
    0x9A, 0x5A, 0xE0, 0xC6, 0x45, 0x0B, 0xEA, 0x92, 0x2F, 0x2A, 0x4C, 0xB5, 0xC7, 0x15, 0x00, 0x87,
    0x30, 0xEA, 0x1A, 0x50, 0x28, 0x00, 0x12, 0xF5, 0xB8, 0x44, 0x1B, 0xD8, 0xA9, 0x49, 0x03, 0xCD,
    0x33, 0xA3, 0xA5, 0x51, 0x70, 0xEF, 0x0A, 0x15, 0x15, 0x39, 0xF1, 0x1F, 0x6A, 0xD6, 0xF5, 0x12,
    0x3B, 0x5C, 0xB6, 0x85, 0xD0, 0x46, 0x38, 0xB4, 0x4B, 0x4C, 0xEF, 0x7F, 0x51, 0x85, 0xCA, 0xAA,
    0xE7, 0x03, 0x35, 0x41, 0xA1, 0x71, 0x75, 0xC4, 0x47, 0x3A, 0xAF, 0x8A, 0x15, 0x69, 0x2C, 0xAB,
    0x12, 0xF5, 0x58, 0x65, 0x8A, 0xC8, 0x2A, 0x00, 0x7E, 0xA3, 0x0C, 0xE1, 0x1D, 0x35, 0x14, 0x07,
    0x33, 0x07, 0xF2, 0x19, 0x27, 0x51, 0x3C, 0xF7, 0x1A, 0xBB, 0xE1, 0xA7, 0x69, 0x07, 0xA6, 0xDA,
    0x9B, 0x7F, 0xC5, 0x1B, 0x04, 0xC7, 0xB9, 0x6A, 0xD6, 0xD4, 0xF6, 0x4E, 0xC8, 0x92, 0x1D, 0x5B,
    0x05, 0x08, 0xA3, 0x6A, 0xBE, 0xD9, 0x2B, 0x78, 0x66, 0x33, 0x1F, 0xCB, 0xDB, 0x0B, 0xA3, 0x21,
    0x32, 0xDA, 0x11, 0x46, 0x96, 0x77, 0xE7, 0xBA, 0xC8, 0x08, 0x2A, 0x7B, 0x65, 0xBE, 0xA7, 0x03,
    0x6A, 0xF8, 0x9D, 0xFE, 0x42, 0x89, 0xE9, 0xAD, 0xE1, 0x03, 0x33, 0x4F, 0xF4, 0x17, 0x41, 0x0D,
    0xFD, 0x45, 0x1E, 0x7B, 0x64, 0x4F, 0x31, 0x0B, 0x66, 0xD9, 0x98, 0x0D, 0x13, 0x57, 0x37, 0x6D,
    0x22, 0xF6, 0x8B, 0x6B, 0x93, 0x95, 0xD9, 0x3A, 0x5E, 0xD3, 0xFF, 0xB1, 0xA9, 0xFA, 0xA9, 0x9F,
    0x6C, 0x67, 0x0E, 0xA7, 0xD1, 0x5A, 0x8B, 0x5B, 0xB7, 0xE3, 0x64, 0x52, 0xD5, 0x7C, 0x6E, 0x26,
    0x78, 0x6B, 0x91, 0x1A, 0x0D, 0xBE, 0xFF, 0x81, 0x5D, 0x91, 0x79, 0x46, 0x6C, 0x9A, 0xB0, 0x5B,
    0x1C, 0xEF, 0x78, 0x11, 0xF6, 0xC0, 0x6F, 0x87, 0x9A, 0x26, 0xF5, 0x4A, 0x8C, 0xDE, 0x1F, 0xB4,
    0x58, 0x4B, 0x5A, 0x2F, 0x1A, 0x27, 0x4A, 0xB1, 0x58, 0xF9, 0xA2, 0x82, 0xDC, 0xA7, 0xC6, 0x83,
    0xF1, 0x3D, 0xFD, 0x27, 0x47, 0x83, 0x36, 0x7D, 0xE9, 0xB1, 0xEE, 0x2A, 0x8D, 0xBF, 0x86, 0xB6,
    0xF3, 0xCA, 0x14, 0x02, 0xD5, 0xA4, 0x69, 0xC7, 0xAB, 0x79, 0x0F, 0x35, 0x0B, 0xFE, 0x49, 0x17,
    0x55, 0x18, 0xE7, 0x0A, 0xFC, 0x1E, 0x8B, 0x8D, 0x60, 0xAE, 0xEC, 0x27, 0x3C, 0x07, 0x03, 0x25,
    0xD9, 0x86, 0x13, 0xF1, 0xB2, 0xE3, 0x89, 0x7C, 0x91, 0x67, 0xC3, 0xEA, 0xA6, 0x60, 0xC3, 0xE7,
    0xEA, 0xA3, 0x72, 0xD8, 0xC6, 0x2B, 0xD1, 0x7F, 0x85, 0x5B, 0x54, 0xE7, 0x09, 0x62, 0x62, 0x55,
    0xA1, 0x7A, 0x5A, 0x0C, 0x69, 0x4B, 0x6C, 0x03, 0x01, 0x01, 0xCC, 0x44, 0x2F, 0x79, 0x76, 0x93,
    0xF5, 0x7B, 0xE9, 0x9F, 0x63, 0xF0, 0x4E, 0x1E, 0x14, 0x55, 0xFB, 0x18, 0x1F, 0x44, 0x11, 0x70,
    0xFD, 0x29, 0xE7, 0xCE, 0xC7, 0x2E, 0x6F, 0x63, 0xFD, 0x02, 0x20, 0x59, 0xC2, 0x8B, 0xC0, 0xD2,
    0x05, 0xF4, 0x2F, 0x17, 0xE5, 0x8A, 0xB7, 0x66, 0x71, 0x4C, 0xFF, 0xE4, 0xC2, 0x62, 0x42, 0x49,
    0xF7, 0x39, 0x50, 0x88, 0x0D, 0x13, 0x8C, 0x96, 0x73, 0x49, 0x90, 0xC7, 0xBC, 0xFF, 0x45, 0xAA,
    0xAF, 0xF4, 0xF4, 0xC4, 0x5B, 0x72, 0xBF, 0xFE, 0x86, 0x52, 0x2E, 0xD5, 0xE4, 0xE3, 0x19, 0xCF,
    0xBB, 0x44, 0xDD, 0x6A, 0x4B, 0xED, 0xB9, 0x92, 0xEB, 0x4A, 0xB9, 0x5E, 0xD8, 0x0B, 0xA0, 0x92,
    0x56, 0x54, 0x6D, 0x00, 0xA8, 0xD6, 0x7D, 0xDA, 0x1E, 0x4A, 0x29, 0x45, 0x00, 0xF0, 0x91, 0x44,
    0x0F, 0xD9, 0xEE, 0xE0, 0xDA, 0x63, 0xC7, 0x57, 0xD5, 0x4C, 0xFD, 0xCC, 0x8D, 0xFE, 0x30, 0xA7,
    0xB6, 0xAB, 0x64, 0x38, 0x7B, 0xEB, 0xEC, 0xED, 0x59, 0x4C, 0xFD, 0x49, 0xAC, 0x2E, 0xA3, 0x9A,
    0xF4, 0x12, 0x94, 0x98, 0x35, 0x76, 0xA8, 0xC9, 0xBC, 0xB6, 0xE1, 0x11, 0x10, 0xFC, 0xAF, 0x35,
    0xCD, 0x72, 0x54, 0xB8, 0xE4, 0xB1, 0x02, 0x00, 0x21, 0x81, 0x94, 0x2E, 0x2E, 0xFA, 0x95, 0xC1,
    0x5A, 0x7A, 0x30, 0xD5, 0xF9, 0xE5, 0x42, 0x14, 0xB8, 0x83, 0x97, 0x0B, 0x2D, 0xE1, 0x0E, 0x5E,
    0x9E, 0xE9, 0xC8, 0x18, 0x9B, 0x97, 0xCF, 0x5C, 0xDE, 0x78, 0xC6, 0xD2, 0xFB, 0xBD, 0xD7, 0x7C,
    0x12, 0x9F, 0xC5, 0xA7, 0xF1, 0x79, 0x7C, 0x22, 0x9F, 0xC9, 0xA7, 0xF2, 0xB9, 0x7C, 0x72, 0x77,
    0xE6, 0x70, 0x21, 0x86, 0x5B, 0x62, 0xB8, 0x68, 0x1C, 0x2E, 0xC6, 0x70, 0x09, 0x86, 0x4B, 0xC7,
    0xE1, 0x32, 0x65, 0x19, 0x41, 0x4E, 0xAD, 0x8D, 0xD6, 0x75, 0x45, 0xEC, 0x03, 0x6F, 0x01, 0xBE,
    0x65, 0x8A, 0x90, 0x14, 0x70, 0x22, 0x6D, 0x87, 0x1E, 0x4E, 0x9F, 0x4B, 0xC5, 0x4F, 0x29, 0x5F,
    0x40, 0xFE, 0x09, 0x19, 0xB9, 0x60, 0x78, 0x9B, 0x80, 0xBD, 0x15, 0x8A, 0x4C, 0x31, 0xAF, 0xD7,
    0x5B, 0x1B, 0x95, 0x9C, 0x9D, 0x6A, 0x06, 0x26, 0xD4, 0xE5, 0x71, 0x69, 0x4D, 0xCB, 0x46, 0x7E,
    0xA7, 0x7B, 0x5D, 0x70, 0xB4, 0x92, 0xA7, 0xA6, 0xB9, 0x8C, 0x9A, 0xC1, 0x09, 0xF7, 0x14, 0xDC,
    0x53, 0x2F, 0x82, 0x5C, 0x45, 0x12, 0xE4, 0x6E, 0xF4, 0x6A, 0xC8, 0x45, 0x85, 0x18, 0x04, 0xD0,
    0x66, 0x66, 0xAA, 0x43, 0xE0, 0x66, 0xE6, 0x5B, 0x92, 0x7B, 0x77, 0x37, 0x59, 0x5B, 0x3C, 0x79,
    0x44, 0xBC, 0x4D, 0xAD, 0xBC, 0xA8, 0xEB, 0x66, 0x03, 0x78, 0x66, 0xA2, 0x26, 0xEE, 0x9C, 0x45,
    0xA7, 0xB9, 0x7B, 0xB7, 0x97, 0xFA, 0x8F, 0xA9, 0xB9, 0x7A, 0x27, 0x44, 0x44, 0x6C, 0x32, 0x5F,
    0x72, 0x4C, 0x1C, 0x35, 0x8F, 0x72, 0x2C, 0xEC, 0xA8, 0xF3, 0x7E, 0x65, 0xA1, 0x4A, 0x30, 0x0B,
    0xF5, 0x2E, 0xA7, 0xCA, 0xE8, 0xD4, 0x3F, 0x9B, 0xD2, 0x7C, 0x34, 0x2F, 0xED, 0x7D, 0xEA, 0xF1,
    0x57, 0x5F, 0xAD, 0xF3, 0xDE, 0x5A, 0x45, 0xF0, 0x78, 0xE3, 0xBC, 0xDF, 0x56, 0x59, 0x93, 0x79,
    0x6F, 0x95, 0x91, 0x99, 0x0F, 0x57, 0xD9, 0x95, 0xF7, 0x55, 0xE8, 0x7D, 0xEA, 0xCF, 0x55, 0xFE,
    0x67, 0x9E, 0x69, 0x65, 0xC5, 0xDE, 0xAD, 0x51, 0xE6, 0xC6, 0x13, 0xE2, 0xC6, 0xB8, 0x82, 0xF9,
    0x79, 0x95, 0xFC, 0xCD, 0xDB, 0x2B, 0x2C, 0xD0, 0x35, 0xDE, 0x6F, 0x0D, 0x3D, 0xA3, 0xF1, 0x9E,
    0x5F, 0xF9, 0x3B, 0x5C, 0x9B, 0xFF, 0x17, 0xC4, 0x27, 0x8A, 0x95, 0x7A, 0xB2, 0x23, 0x90, 0x7E,
    0x65, 0xFE, 0xEC, 0x84, 0x4C, 0xCA, 0x3C, 0xC2, 0xFC, 0x63, 0x65, 0x7E, 0xE1, 0x78, 0xF0, 0x9E,
    0xDB, 0xD3, 0xAF, 0x3D, 0xF7, 0xA9, 0x11, 0x6E, 0x4D, 0xD0, 0x8E, 0xFF, 0xDE, 0x2E, 0x9B, 0xF1,
    0x9A, 0x16, 0xA8, 0xA9, 0xB0, 0x71, 0x47, 0xD9, 0xE4, 0x1F, 0xCA, 0xBA, 0xD1, 0xCB, 0x0F, 0x3E,
    0x35, 0xBA, 0xFA, 0x89, 0x25, 0xE6, 0xEF, 0xF7, 0xE2, 0x27, 0xF3, 0xC3, 0x75, 0x5E, 0x3C, 0x38,
    0x0F, 0x94, 0x8F, 0x5E, 0x77, 0xCF, 0x7A, 0x98, 0x14, 0x7D, 0x3E, 0x3A, 0xD1, 0x87, 0xE1, 0x17,
    0xA3, 0x27, 0xBD, 0x2F, 0xA1, 0x93, 0x68, 0x48, 0x40, 0x38, 0x5C, 0x6D, 0xF0, 0x10, 0xBB, 0x45,
    0x88, 0xC3, 0xC0, 0xB1, 0xE2, 0xD8, 0x06, 0x0D, 0x52, 0xA0, 0x01, 0x03, 0x9F, 0x1E, 0x16, 0xD8,
    0x5F, 0x03, 0x05, 0xA5, 0xA2, 0x41, 0x82, 0x7C, 0xDB, 0x00, 0x41, 0xF5, 0xC0, 0xE0, 0x40, 0x22,
    0x9B, 0x1C, 0xF0, 0xB9, 0x41, 0x01, 0xA6, 0xE5, 0xDA, 0x80, 0xB0, 0x1C, 0xBE, 0xB7, 0x6C, 0x66,
    0x30, 0x68, 0x3C, 0x08, 0x5E, 0x91, 0x5D, 0xF2, 0x10, 0xC8, 0x8B, 0x21, 0x9F, 0x6F, 0xBA, 0xBD,
    0xFE, 0x85, 0xFB, 0xA8, 0x71, 0x8D, 0x98, 0xDA, 0x42, 0x50, 0x82, 0xE3, 0x50, 0x6F, 0x00, 0x0F,
    0xED, 0xA8, 0x8F, 0x5C, 0x12, 0xFC, 0x49, 0xFE, 0xA6, 0x36, 0x53, 0x38, 0x54, 0x9D, 0x07, 0x93,
    0x2C, 0xD6, 0x5E, 0x79, 0x31, 0x8D, 0x66, 0x22, 0xC2, 0x6C, 0x46, 0xB4, 0xF6, 0x8F, 0x23, 0x61,
    0x3D, 0xB2, 0xD5, 0x5F, 0x12, 0x71, 0x7C, 0x5B, 0xB4, 0x96, 0xA1, 0xCE, 0xD4, 0xAF, 0x2F, 0x14,
    0x96, 0x56, 0x61, 0xB7, 0x1C, 0x5C, 0x78, 0x1B, 0xB2, 0xBE, 0x05, 0xBD, 0x6C, 0x64, 0x8F, 0x11,
    0xE8, 0x5B, 0xBB, 0x07, 0x94, 0xA5, 0xC8, 0x7E, 0x7E, 0x04, 0xFF, 0x3A, 0x52, 0xBB, 0x0C, 0xFA,
    0xF2, 0x68, 0x63, 0x29, 0x63, 0xA6, 0x2D, 0xBD, 0x56, 0xCD, 0x9F, 0xB0, 0xC2, 0xA4, 0xF0, 0xBF,
    0x02, 0x14, 0x00, 0x2B, 0xE4, 0x89, 0xFA, 0x2F, 0xE1, 0x50, 0x6F, 0xAE, 0x72, 0x01, 0xCE, 0x5D,
    0xCB, 0xCD, 0xE2, 0xED, 0xFA, 0x79, 0xF9, 0x57, 0xF8, 0xB5, 0x21, 0xFC, 0xF5, 0x46, 0x8C, 0x11,
    0xD9, 0xCE, 0x6C, 0xD8, 0x14, 0x2D, 0xA3, 0x62, 0xD1, 0xB0, 0x49, 0x3A, 0xD7, 0xC2, 0x7F, 0x38,
    0xC0, 0xA9, 0x73, 0x25, 0x28, 0x7B, 0xEC, 0x17, 0x3C, 0xEC, 0xEE, 0xAA, 0xFA, 0x24, 0xE1, 0xA5,
    0xDF, 0x13, 0x75, 0xB6, 0x75, 0xDE, 0x3D, 0x79, 0x1D, 0xA0, 0xE8, 0xE6, 0x1A, 0xC6, 0xE0, 0x75,
    0x49, 0xE5, 0x67, 0x44, 0x81, 0xDA, 0x4B, 0x63, 0xCA, 0x45, 0x5A, 0x23, 0xAD, 0xD7, 0x02, 0x55,
    0x9B, 0x29, 0xBC, 0x45, 0xBC, 0x68, 0xFD, 0xF6, 0xD2, 0x09, 0x35, 0x9A, 0x78, 0xE9, 0xE8, 0xE9,
    0x19, 0xBC, 0xC5, 0x36, 0x3D, 0x20, 0x19, 0x1F, 0x50, 0xBA, 0x9D, 0x07, 0xD0, 0xC0, 0x12, 0xE0,
    0x3D, 0xAF, 0xD6, 0x93, 0x58, 0x42, 0xD8, 0x6C, 0x8E, 0x93, 0x69, 0xD8, 0x05, 0xAE, 0x3B, 0x8F,
    0x8F, 0x71, 0x8D, 0x1F, 0xCE, 0x93, 0x88, 0xF1, 0x83, 0x06, 0xA5, 0x80, 0xA8, 0xAA, 0x0D, 0x8D,
    0x50, 0x1F, 0xF5, 0x5A, 0xEF, 0xF4, 0x76, 0xF7, 0x78, 0x93, 0x2F, 0xDC, 0xEC, 0x1B, 0xEB, 0x8E,
    0x07, 0xAF, 0x0C, 0x9A, 0xD7, 0x1F, 0xFF, 0xDA, 0xBE, 0x2B, 0x5B, 0x9E, 0x70, 0x48, 0xEC, 0x44,
    0x86, 0x43, 0xA2, 0x96, 0x3E, 0x5A, 0x07, 0xCB, 0xAC, 0x18, 0x6E, 0xA9, 0xCD, 0x17, 0x79, 0xB6,
    0x9F, 0x55, 0x27, 0xD4, 0xCE, 0xD0, 0xFF, 0xC2, 0x1D, 0xB9, 0xFB, 0xBA, 0x6E, 0x48, 0x3C, 0x98,
    0x45, 0x58, 0x0C, 0xC6, 0x33, 0xCC, 0xE0, 0x52, 0xD7, 0x71, 0x6B, 0x8E, 0x08, 0x5D, 0x55, 0x6B,
    0xC3, 0x2E, 0x8D, 0x6E, 0xBD, 0x09, 0x3A, 0x9A, 0x97, 0xA3, 0x31, 0x4A, 0x22, 0x91, 0x81, 0xEE,
    0x35, 0xBB, 0xCE, 0x6D, 0xF0, 0x57, 0x01, 0x15, 0xDE, 0x8C, 0xDA, 0x42, 0xAD, 0x23, 0xB9, 0x03,
    0x8E, 0x22, 0x68, 0xB8, 0x10, 0x6C, 0x05, 0x85, 0x4B, 0x96, 0x33, 0x62, 0x36, 0xB1, 0xC2, 0x51,
    0xE4, 0x59, 0xA8, 0xC5, 0x4D, 0xBF, 0xA8, 0x64, 0x0B, 0xC7, 0x00, 0xCB, 0x77, 0x1A, 0x6F, 0x78,
    0xE4, 0xA6, 0xA1, 0xEF, 0x6A, 0xD5, 0x94, 0xB2, 0x11, 0xA4, 0x55, 0x85, 0x25, 0x0F, 0x0F, 0x7D,
    0x41, 0x2C, 0x4D, 0xBA, 0x00, 0xD3, 0x46, 0xF5, 0x9A, 0x60, 0x16, 0xE5, 0x9A, 0x79, 0x10, 0x44,
    0x90, 0xCB, 0xA6, 0x89, 0xF8, 0x1D, 0xE0, 0x8B, 0x95, 0x7B, 0x65, 0xAD, 0xF0, 0xC4, 0x56, 0x20,
    0xB8, 0x02, 0x53, 0xC3, 0xB2, 0xE8, 0x9A, 0x5D, 0x72, 0xA4, 0xB4, 0xC2, 0x48, 0x47, 0x46, 0x88,
    0x32, 0x52, 0x4C, 0x34, 0x29, 0x30, 0x92, 0x6C, 0x72, 0x52, 0xE5, 0x32, 0xF9, 0xA3, 0x18, 0xEA,
    0xC1, 0x31, 0x94, 0x1E, 0x19, 0x58, 0x46, 0xCA, 0x18, 0x97, 0x2F, 0xE1, 0x32, 0x13, 0x16, 0x65,
    0xB3, 0xC8, 0xC7, 0x25, 0x53, 0x6B, 0x26, 0xCD, 0xA7, 0xDF, 0xDE, 0xF8, 0x65, 0xEA, 0x1A, 0xCD,
    0xE2, 0x38, 0x47, 0x82, 0xBC, 0x0A, 0x1C, 0x59, 0x40, 0x5B, 0x95, 0x8D, 0x85, 0x8B, 0x21, 0x86,
    0xB4, 0x1E, 0x6E, 0x2D, 0x71, 0x43, 0xA4, 0xAC, 0x80, 0x34, 0x09, 0xD5, 0xE0, 0xC8, 0xA8, 0x61,
    0x98, 0xFC, 0x05, 0x43, 0x33, 0xBA, 0x1D, 0xE0, 0x04, 0x36, 0xBF, 0xC1, 0xE2, 0x76, 0xAB, 0x0E,
    0x34, 0x10, 0xC5, 0xE3, 0xEB, 0xD1, 0x05, 0xD1, 0x0C, 0x93, 0x1B, 0x42, 0xBE, 0x30, 0x57, 0xC4,
    0x72, 0x9D, 0x55, 0xDE, 0x1D, 0x71, 0x24, 0xE4, 0x73, 0xA0, 0x80, 0x14, 0xF5, 0xAD, 0xC1, 0x63,
    0x3A, 0x62, 0x54, 0x99, 0x8F, 0xAE, 0x09, 0x31, 0xAF, 0xF5, 0x31, 0xF2, 0x88, 0xB4, 0x32, 0x17,
    0x85, 0x68, 0x2B, 0x7D, 0xA2, 0x0E, 0x39, 0xB0, 0xB3, 0xDF, 0x6C, 0x8C, 0x21, 0xC8, 0x47, 0xA1,
    0x50, 0x82, 0x3F, 0x76, 0xB0, 0x00, 0xCB, 0x01, 0xA6, 0xAB, 0x8F, 0x81, 0xFB, 0x4A, 0x88, 0x0B,
    0x8F, 0x09, 0xFA, 0x1C, 0x30, 0xC6, 0x63, 0x16, 0x83, 0x0A, 0x76, 0x3C, 0x06, 0x26, 0xF6, 0xA2,
    0x9D, 0x08, 0xF5, 0xAE, 0x31, 0x36, 0xB5, 0x43, 0x38, 0x3E, 0x5E, 0xC7, 0xD7, 0xCD, 0xCB, 0x23,
    0x99, 0xC6, 0x33, 0x79, 0x3E, 0x4C, 0x51, 0xBB, 0xC5, 0x89, 0x94, 0x89, 0xB3, 0x5F, 0x47, 0x93,
    0x3A, 0xD6, 0x38, 0x50, 0xB3, 0x80, 0x4B, 0xF8, 0x72, 0x3A, 0xA8, 0x53, 0x49, 0x54, 0x17, 0xC0,
    0x74, 0xE8, 0x73, 0xF8, 0x66, 0xCA, 0xCA, 0x7B, 0x3C, 0xA3, 0x6E, 0x8C, 0xA9, 0x61, 0xC9, 0x37,
    0x6D, 0x22, 0xDE, 0x4B, 0x1B, 0xC0, 0x0E, 0x69, 0xDD, 0xB9, 0xEF, 0xCB, 0xB0, 0x37, 0xA0, 0x90,
    0x2D, 0x45, 0x50, 0x85, 0x6F, 0x21, 0xF4, 0x40, 0x59, 0x96, 0xC5, 0xC4, 0x4C, 0x41, 0xA2, 0xB0,
    0x29, 0xA0, 0x9A, 0x02, 0xC6, 0x07, 0xC8, 0xFC, 0x20, 0xC5, 0x46, 0xEB, 0xA4, 0x5E, 0xAE, 0x9D,
    0xA6, 0x93, 0x0C, 0x18, 0x9D, 0x58, 0x1B, 0x6D, 0x70, 0xC3, 0x06, 0x17, 0x67, 0xAB, 0x96, 0x7B,
    0x9F, 0xAC, 0x16, 0xAD, 0x3C, 0x52, 0xB6, 0x4B, 0xE6, 0x17, 0xFF, 0x7C, 0xCB, 0x05, 0x01, 0x6F,
    0x53, 0x1B, 0xDD, 0x2D, 0xDF, 0xD6, 0xD1, 0x0B, 0xB5, 0xD8, 0x65, 0x74, 0x19, 0x19, 0xCE, 0x62,
    0xF0, 0x17, 0x19, 0x39, 0xEE, 0x79, 0x43, 0x22, 0x7C, 0xAB, 0xE0, 0x0D, 0xE9, 0xC0, 0x1C, 0x14,
    0x44, 0x02, 0x06, 0x15, 0xFA, 0x9E, 0xEA, 0xF3, 0xB9, 0x50, 0x1D, 0xD9, 0xE0, 0xC4, 0xD0, 0xFC,
    0xE6, 0xC8, 0xEB, 0x8B, 0xA3, 0xF3, 0x00, 0xD1, 0x1C, 0xAF, 0x0A, 0x8F, 0x70, 0x4A, 0x26, 0x30,
    0x15, 0xD7, 0xDF, 0x85, 0xC7, 0x06, 0xFE, 0x8E, 0x68, 0x34, 0xEB, 0x3D, 0x07, 0x3A, 0xF8, 0x2D,
    0x80, 0x0B, 0x46, 0x21, 0xFB, 0x71, 0xF7, 0x4A, 0x48, 0x3A, 0xED, 0x61, 0x7E, 0x16, 0x03, 0x32,
    0x46, 0x20, 0x35, 0xB7, 0xE0, 0x50, 0xC2, 0x0C, 0xA3, 0x5F, 0xC2, 0x01, 0x01, 0x37, 0x3F, 0x39,
    0xA1, 0xEC, 0x69, 0xDF, 0x2C, 0xA8, 0xD4, 0x84, 0x03, 0x1C, 0xC3, 0x08, 0x65, 0x6D, 0xC9, 0x90,
    0x56, 0x02, 0xFF, 0x80, 0x20, 0x11, 0x05, 0x48, 0x80, 0x2F, 0x7B, 0xA5, 0x60, 0x94, 0xFB, 0x85,
    0x14, 0xC8, 0x63, 0x16, 0x74, 0x97, 0x85, 0xF4, 0xAC, 0xA5, 0x2B, 0xA8, 0x31, 0xF0, 0x99, 0xC5,
    0x48, 0x16, 0x92, 0x01, 0xDF, 0x6A, 0x65, 0xE4, 0x25, 0xAC, 0x7F, 0x70, 0x5F, 0xD8, 0x6F, 0x2D,
    0x9E, 0x09, 0xAD, 0x76, 0x65, 0xC2, 0x69, 0x6F, 0x72, 0xBB, 0x9C, 0x76, 0xC8, 0x58, 0xC0, 0xC8,
    0x23, 0x6D, 0x76, 0xA3, 0xD9, 0xDD, 0x58, 0x92, 0xDF, 0x8E, 0xE7, 0x62, 0x21, 0xA0, 0x70, 0x5E,
    0x63, 0xC6, 0x93, 0x4A, 0xF5, 0x35, 0xA8, 0xEB, 0xB5, 0x53, 0xD2, 0xCA, 0xF4, 0x63, 0xD9, 0xBF,
    0xDB, 0xCE, 0xDE, 0xEB, 0x66, 0x39, 0x11, 0x1E, 0x0C, 0x69, 0x3B, 0x22, 0x3E, 0x3E, 0x5E, 0xE3,
    0x04, 0x97, 0x3F, 0x51, 0x6F, 0x50, 0xA3, 0x91, 0xC2, 0x8D, 0x92, 0x75, 0xAB, 0x2C, 0xF4, 0xA6,
    0xB2, 0xCF, 0x03, 0x33, 0xBF, 0x75, 0xB5, 0xC9, 0x8A, 0x7A, 0x82, 0xAC, 0x6F, 0x50, 0x25, 0x0A,
    0x74, 0x0E, 0x8D, 0x67, 0xA3, 0xC1, 0x72, 0xB2, 0x8E, 0xC3, 0xC3, 0x52, 0xED, 0xBD, 0x98, 0xCA,
    0x13, 0x71, 0x34, 0x63, 0x2E, 0x8D, 0xD7, 0x5B, 0xB1, 0x3F, 0x62, 0x45, 0xC4, 0xBC, 0xEB, 0x7A,
    0x21, 0x4C, 0x27, 0x19, 0x7A, 0x44, 0xB1, 0x63, 0x72, 0xE7, 0x7B, 0x60, 0xFA, 0x3F, 0x48, 0xBA,
    0xAB, 0x32, 0x78, 0x54, 0xE8, 0x3E, 0xC4, 0x5B, 0xA4, 0xA1, 0xE9, 0xD5, 0xE4, 0x1D, 0x3E, 0xC9,
    0x24, 0xF6, 0x90, 0xA9, 0xD6, 0x82, 0x22, 0x7A, 0x07, 0xF5, 0x30, 0xA7, 0x66, 0x48, 0xA5, 0x30,
    0xA0, 0x3E, 0xD8, 0x93, 0x2A, 0x31, 0x31, 0x5A, 0xC2, 0xB4, 0x8E, 0x55, 0xED, 0xA3, 0xC6, 0x47,
    0x65, 0x8F, 0x7A, 0xDE, 0xA3, 0x50, 0xF1, 0xFE, 0x2B, 0xB5, 0x3B, 0x2A, 0x76, 0xAA, 0xD3, 0x51,
    0x9D, 0x53, 0x4D, 0x2E, 0xC0, 0x4C, 0xE3, 0x8A, 0xC1, 0x45, 0xB9, 0x7D, 0xB9, 0x61, 0xB0, 0x1A,
    0x1B, 0x43, 0xDB, 0xA2, 0x68, 0x2C, 0x12, 0xB0, 0x93, 0xE2, 0xE2, 0x54, 0x05, 0x49, 0x34, 0xBB,
    0x2B, 0xF7, 0x2A, 0x58, 0xEF, 0xA5, 0x26, 0x99, 0xFC, 0x62, 0xF2, 0x5F, 0x8C, 0x09, 0x77, 0x64,
    0xB4, 0x04, 0xCD, 0x68, 0xB2, 0xA9, 0x62, 0xC2, 0x8D, 0xE0, 0x1B, 0xE1, 0xC7, 0x37, 0xC2, 0xAC,
    0xF4, 0x7A, 0x1C, 0x82, 0xD3, 0xAA, 0x68, 0x96, 0xCC, 0xE2, 0xCB, 0x83, 0xEB, 0xA9, 0x2C, 0xFD,
    0xE6, 0x62, 0x1B, 0x88, 0x91, 0x24, 0xC8, 0x8E, 0x20, 0x35, 0x29, 0x37, 0xDE, 0xF1, 0x4C, 0x06,
    0x4F, 0x38, 0x04, 0x66, 0xC2, 0x61, 0x72, 0x06, 0xDC, 0xD9, 0xB8, 0x1F, 0xFF, 0x79, 0x97, 0x4C,
    0xF5, 0xAB, 0x2E, 0x7D, 0xA5, 0x06, 0xF5, 0x2E, 0x04, 0xB6, 0x30, 0x5A, 0x03, 0x6F, 0xA4, 0x7F,
    0x8A, 0x32, 0x8C, 0x89, 0x43, 0x6B, 0xAE, 0xA6, 0x78, 0xB8, 0xA5, 0x28, 0x2E, 0x9D, 0x29, 0x57,
    0xCE, 0x9B, 0x5D, 0x93, 0x5D, 0x37, 0xBD, 0x9E, 0xF8, 0xAE, 0xF3, 0x31, 0x39, 0x78, 0xC8, 0x20,
    0xDB, 0xA0, 0xF4, 0x23, 0x67, 0x6F, 0x31, 0xF0, 0x49, 0x62, 0xE7, 0x50, 0x39, 0xAE, 0xA0, 0x78,
    0x85, 0x2D, 0x8D, 0x55, 0x25, 0xA3, 0x45, 0xC7, 0x68, 0x7B, 0xF2, 0x0B, 0x06, 0x59, 0x7B, 0xF5,
    0x28, 0xFD, 0x44, 0x9F, 0xAE, 0x11, 0xD6, 0x1F, 0x6B, 0xBC, 0x95, 0xBB, 0x57, 0x30, 0xEA, 0x1E,
    0x35, 0xFC, 0xA5, 0x5F, 0xAA, 0x79, 0xCD, 0xD4, 0x84, 0x2D, 0xAC, 0x61, 0xF8, 0xAB, 0x34, 0xC6,
    0x2B, 0xFA, 0x40, 0x0A, 0x81, 0xFA, 0x3F, 0xCB, 0x96, 0x86, 0x7F, 0xE7, 0x4C, 0x8D, 0x1F, 0xD3,
    0x71, 0x88, 0xCF, 0x1B, 0x6C, 0x52, 0x0B, 0x50, 0xDE, 0xE4, 0x5E, 0xC2, 0xF6, 0x60, 0x04, 0x04,
    0xE9, 0x51, 0x3B, 0x62, 0xD4, 0xBF, 0xF6, 0x6F, 0x91, 0xB6, 0x18, 0xCD, 0x93, 0xC7, 0xAC, 0x32,
    0x44, 0x8B, 0xE3, 0x86, 0xE1, 0x4E, 0x06, 0x5E, 0x65, 0x9C, 0xA8, 0x61, 0xDC, 0x55, 0x36, 0x5E,
    0xDE, 0x10, 0x76, 0x85, 0xC6, 0x58, 0x17, 0x74, 0x40, 0x02, 0x1E, 0x0C, 0xBA, 0x66, 0xAB, 0xA0,
    0xD7, 0x98, 0x6B, 0x7A, 0x5C, 0xD2, 0xA5, 0xB9, 0xD2, 0x7C, 0x4E, 0x8B, 0xB8, 0x9E, 0x53, 0xDB,
    0x2E, 0xCD, 0x89, 0x68, 0x49, 0xA5, 0x49, 0x09, 0x6B, 0x6E, 0xC3, 0xF2, 0xB8, 0x53, 0x19, 0xAD,
    0xB2, 0x63, 0xA8, 0x4F, 0x18, 0x6A, 0x13, 0x6A, 0x5F, 0xC5, 0xFF, 0x16, 0x9B, 0x11, 0x82, 0x41,
    0x46, 0x92, 0x85, 0x66, 0x88, 0xD3, 0x9D, 0x8F, 0xCC, 0xD8, 0x07, 0x03, 0x33, 0x74, 0x98, 0x81,
    0x6F, 0x5A, 0x5C, 0x26, 0xD2, 0x78, 0x8C, 0x85, 0x65, 0x68, 0x09, 0xAF, 0x7D, 0x54, 0x26, 0x51,
    0xE3, 0xC7, 0x82, 0x32, 0x99, 0x7D, 0x68, 0x4C, 0xC6, 0xF4, 0x1E, 0x0B, 0xC9, 0x00, 0x64, 0x47,
    0x63, 0x44, 0x26, 0x53, 0x8F, 0x85, 0x05, 0x64, 0x62, 0x75, 0xC5, 0xFA, 0x78, 0x4C, 0xA9, 0xD6,
    0x84, 0x77, 0x4D, 0x5E, 0x70, 0x1F, 0x97, 0x67, 0x31, 0x3A, 0x00, 0x09, 0x20, 0x4F, 0x07, 0x07,
    0xCF, 0xF6, 0x57, 0x8E, 0x92, 0xD8, 0x7B, 0xAD, 0xB3, 0xB3, 0x24, 0xD8, 0xB3, 0x02, 0xEE, 0x14,
    0x59, 0x0C, 0x16, 0xAF, 0xC9, 0xF2, 0x80, 0x69, 0x06, 0x0C, 0xD5, 0x2C, 0xB6, 0x16, 0xAC, 0xF1,
    0xC9, 0x09, 0x0C, 0xE3, 0x44, 0xD3, 0x57, 0x29, 0xBE, 0x0A, 0xF9, 0x15, 0x8D, 0xA3, 0xFB, 0xB7,
    0x77, 0xC5, 0x75, 0xF4, 0xDA, 0xD3, 0x55, 0xBF, 0xF8, 0xF5, 0xB6, 0x8D, 0x87, 0x2E, 0x19, 0x72,
    0xC6, 0x68, 0xC2, 0x61, 0x05, 0xE7, 0xA7, 0xDA, 0x92, 0x6A, 0xD7, 0x80, 0xDB, 0x59, 0x42, 0x16,
    0x56, 0x13, 0x1C, 0x1E, 0x9E, 0xCE, 0x88, 0x8A, 0x2B, 0xB2, 0xA2, 0xAC, 0x2E, 0xC8, 0x29, 0xAA,
    0x52, 0x19, 0x46, 0xA1, 0x6A, 0xDC, 0x5D, 0x1F, 0x4E, 0x70, 0x5A, 0x64, 0x45, 0x93, 0x0D, 0x7B,
    0xFE, 0xB3, 0x3E, 0x4B, 0x87, 0x11, 0x5A, 0x0C, 0x5B, 0xF0, 0xBF, 0xA2, 0x1A, 0xA0, 0x39, 0x47,
    0xCD, 0x9D, 0xD4, 0x94, 0xF7, 0x02, 0xC8, 0xD3, 0x6B, 0x27, 0x10, 0x54, 0x68, 0x2A, 0xB1, 0x2A,
    0x68, 0xCB, 0x5B, 0x9E, 0xC1, 0x2A, 0xAC, 0xF3, 0x09, 0xD6, 0x45, 0x55, 0xAA, 0x5C, 0x28, 0x15,
    0xD6, 0x17, 0x3F, 0x8C, 0x40, 0x96, 0x09, 0x55, 0xA3, 0x95, 0xC0, 0x78, 0x11, 0x15, 0x51, 0xF5,
    0x5B, 0xAA, 0x68, 0xC9, 0x4D, 0x33, 0x86, 0xFB, 0x1B, 0xC1, 0x02, 0xF0, 0xDD, 0x72, 0x25, 0xB0,
    0x5C, 0x36, 0xF1, 0xFA, 0x7D, 0x05, 0xEF, 0x9C, 0xD3, 0x0C, 0x1B, 0x02, 0x7A, 0xB1, 0xD5, 0x1C,
    0x92, 0xFE, 0x68, 0xEE, 0xF4, 0x48, 0xD6, 0xB3, 0x9C, 0xAC, 0x7F, 0x6E, 0xF0, 0x86, 0xD9, 0xC9,
    0x04, 0xC8, 0x23, 0x4C, 0x3E, 0xDC, 0x40, 0x8D, 0x4A, 0xDE, 0x04, 0x65, 0x97, 0x93, 0x59, 0x7F,
    0x6E, 0xB2, 0x17, 0xDF, 0xE7, 0xF0, 0x0E, 0x8C, 0x4F, 0x59, 0x74, 0xB5, 0x19, 0xED, 0xD6, 0x59,
    0xE0, 0x39, 0xA9, 0x76, 0x79, 0xF9, 0x3F, 0x23, 0x78, 0x7F, 0x71, 0xA4, 0x5E, 0x05, 0x6C, 0xC2,
    0x0D, 0xA2, 0xFC, 0xB2, 0x24, 0x6B, 0xAA, 0x26, 0xD1, 0x07, 0x05, 0xDE, 0xC1, 0x51, 0x8E, 0x04,
    0x18, 0x28, 0xB1, 0xCB, 0xED, 0xB2, 0x8D, 0xAA, 0xA0, 0x3B, 0xAF, 0x06, 0x40, 0xAF, 0x2B, 0xDA,
    0xEF, 0x99, 0x26, 0x52, 0xDE, 0xEA, 0x96, 0xBD, 0x28, 0xE8, 0xEB, 0xC5, 0x36, 0xCB, 0xC3, 0xE6,
    0x88, 0x09, 0x0A, 0x69, 0x25, 0x3F, 0xE4, 0xE5, 0xA3, 0x08, 0x2E, 0x01, 0x9C, 0xF9, 0x2C, 0xE5,
    0x7B, 0x4F, 0xFD, 0x2A, 0x9D, 0x7A, 0x49, 0x07, 0xCD, 0xE9, 0x3D, 0xCC, 0xCF, 0xB2, 0x92, 0xA8,
    0xC5, 0x50, 0xD8, 0x81, 0x5B, 0x32, 0xEC, 0x13, 0xD9, 0x2E, 0xED, 0xB9, 0x33, 0xA3, 0x5D, 0xCF,
    0xCF, 0x33, 0x1F, 0x9C, 0x79, 0x05, 0x4A, 0xC5, 0xD5, 0x4C, 0x15, 0xF5, 0x4C, 0x9D, 0x0A, 0xC9,
    0xE7, 0x28, 0x63, 0xE3, 0x97, 0xC9, 0xA9, 0xA2, 0x5A, 0x61, 0xD4, 0x68, 0x74, 0x99, 0x79, 0x23,
    0x82, 0x63, 0x3A, 0x50, 0xAB, 0x8E, 0xBA, 0x03, 0xB5, 0x66, 0x32, 0x0B, 0x62, 0xAD, 0xCC, 0xCF,
    0x3A, 0x46, 0xD2, 0x50, 0xF9, 0x72, 0x9B, 0xA5, 0x00, 0xCC, 0x32, 0x53, 0x14, 0x8A, 0xB5, 0x1E,
    0x63, 0xD1, 0x2A, 0x7F, 0x2F, 0x35, 0xC0, 0x8A, 0xE4, 0x42, 0xDC, 0xD5, 0x3F, 0x04, 0x25, 0xB7,
    0x18, 0xB6, 0x2C, 0x1A, 0x1A, 0x23, 0xBB, 0xE9, 0x40, 0xA7, 0x9E, 0x0C, 0xBC, 0x18, 0x86, 0xD3,
    0x42, 0x3E, 0x5A, 0x0B, 0x32, 0x13, 0x73, 0x16, 0x3D, 0x13, 0x79, 0x26, 0x97, 0xD6, 0x7B, 0x6A,
    0x69, 0xCA, 0x32, 0x0F, 0x59, 0xE0, 0x11, 0x68, 0xD8, 0x0A, 0x5E, 0x5F, 0xB3, 0x27, 0x77, 0x80,
    0xF5, 0xEC, 0x8E, 0x2F, 0xC6, 0x02, 0x59, 0xE6, 0x01, 0x30, 0xBE, 0xE2, 0xCE, 0xF6, 0xB5, 0x7D,
    0x38, 0xC0, 0x9B, 0xE0, 0x5B, 0x6A, 0xC1, 0xC1, 0xB0, 0x13, 0xCE, 0x35, 0x71, 0x10, 0x8F, 0x8A,
    0x41, 0x38, 0x29, 0x06, 0xE7, 0xDE, 0x07, 0xE0, 0x95, 0xD7, 0xA1, 0x46, 0x2A, 0x4D, 0x53, 0x1D,
    0x91, 0xD5, 0x4D, 0x5A, 0xFE, 0xBB, 0xBE, 0x2E, 0x31, 0xFC, 0xAC, 0x94, 0xAF, 0xBE, 0xD5, 0xA5,
    0x2F, 0x57, 0x41, 0x0E, 0xFF, 0x0F, 0x34, 0xA7, 0x51, 0x06, 0x64, 0xAE, 0x7F, 0xFC, 0x66, 0xA5,
    0x69, 0x67, 0xD1, 0xDF, 0x89, 0x21, 0x49, 0x13, 0xE2, 0x97, 0x5B, 0xF5, 0xF4, 0x87, 0x8D, 0xED,
    0x66, 0xD8, 0x98, 0x93, 0x70, 0xB1, 0xF1, 0x99, 0x78, 0x5B, 0x43, 0xA2, 0xA0, 0x0D, 0xFB, 0x1B,
    0xAD, 0x82, 0xD8, 0x98, 0x76, 0xE7, 0x71, 0xF2, 0xA6, 0xF7, 0xCC, 0x14, 0x9E, 0xC2, 0x32, 0x2B,
    0x9F, 0x70, 0xD9, 0xB5, 0xCF, 0x77, 0x3E, 0x28, 0x51, 0x20, 0x8C, 0x08, 0x64, 0x80, 0xFD, 0xBA,
    0x02, 0x73, 0x45, 0xE9, 0x4D, 0x6D, 0x29, 0x7B, 0x0B, 0x66, 0xB7, 0x06, 0x4C, 0xAC, 0x48, 0xDE,
    0x62, 0xF0, 0x48, 0x2C, 0xD8, 0xA1, 0x66, 0xEC, 0x28, 0x4F, 0x86, 0x66, 0x4C, 0xA9, 0x31, 0x3A,
    0x0E, 0xAD, 0x16, 0xE5, 0x2C, 0xAA, 0xDE, 0x7D, 0x5D, 0x5E, 0xBB, 0x7D, 0x98, 0xBF, 0x7D, 0x04,
    0x8E, 0x2F, 0xA3, 0xFC, 0x40, 0xA0, 0xB8, 0x4E, 0x3A, 0x79, 0xD2, 0x00, 0x9E, 0x8E, 0x44, 0x8A,
    0xB8, 0x0E, 0x60, 0xA9, 0x27, 0x55, 0xB8, 0x85, 0x8F, 0x2B, 0x8F, 0x11, 0xDC, 0xCC, 0x44, 0xE6,
    0x40, 0x2C, 0x44, 0x3D, 0x73, 0x9F, 0x87, 0x86, 0x51, 0x97, 0x9E, 0x88, 0x4D, 0x07, 0x8B, 0x8B,
    0x3B, 0x7A, 0x56, 0x69, 0xD5, 0x17, 0xF9, 0x53, 0x83, 0x0B, 0x9A, 0xE2, 0xA5, 0x6D, 0x99, 0x27,
    0xEB, 0x8C, 0xF1, 0xD5, 0x55, 0x3A, 0x54, 0xA9, 0x20, 0x6B, 0x0C, 0x06, 0xBF, 0x26, 0xE7, 0x56,
    0x19, 0xF7, 0xC4, 0x73, 0x0A, 0xAF, 0x5E, 0x63, 0xB1, 0xF2, 0xC8, 0x1E, 0xB5, 0x88, 0x29, 0x53,
    0xA8, 0xB5, 0xE4, 0x82, 0x71, 0x80, 0x4A, 0xEB, 0x2D, 0x18, 0x41, 0xBA, 0xAE, 0x09, 0x67, 0x46,
    0xB2, 0xE5, 0x2C, 0x84, 0xA5, 0x7C, 0x1C, 0xB2, 0xFC, 0xD2, 0xB5, 0x7F, 0xAB, 0x35, 0x16, 0x62,
    0xCA, 0x2F, 0x87, 0x4E, 0x0B, 0x2C, 0x34, 0x39, 0xC0, 0xA9, 0x5F, 0x21, 0x43, 0x4E, 0xE9, 0xF0,
    0xCD, 0x96, 0xFE, 0xB8, 0x81, 0xA4, 0xA7, 0x75, 0x15, 0x0B, 0xDD, 0x60, 0x0B, 0x9A, 0x97, 0x5A,
    0xA9, 0x65, 0x15, 0x15, 0xE7, 0xFF, 0x1A, 0xA8, 0xA6, 0xB5, 0x4F, 0x2E, 0xB9, 0x0D, 0xB8, 0xCB,
    0x34, 0x5A, 0x56, 0x80, 0x52, 0x18, 0x1F, 0x31, 0x96, 0x10, 0x36, 0x9A, 0xB6, 0x54, 0x51, 0xDC,
    0x64, 0x3E, 0xAF, 0xB5, 0xA0, 0x43, 0xF3, 0xB2, 0xD6, 0x9A, 0xF4, 0x6A, 0xA1, 0xD5, 0x33, 0x1B,
    0x66, 0xB7, 0xE6, 0xA5, 0x99, 0x69, 0xBD, 0x97, 0x89, 0x61, 0xCB, 0x8E, 0x5E, 0x40, 0x11, 0xCF,
    0x03, 0x23, 0x49, 0x22, 0xE4, 0x89, 0xEA, 0x43, 0xC3, 0xF4, 0x81, 0x61, 0x05, 0x2F, 0xBD, 0x3C,
    0x3F, 0xDA, 0x50, 0x9A, 0xC6, 0xFD, 0x7F, 0x41, 0xBD, 0x82, 0x39, 0x66, 0x82, 0xF2, 0xD8, 0xBB,
    0x5B, 0xF7, 0xE8, 0x94, 0xA7, 0x6B, 0x8B, 0xD1, 0x0F, 0x66, 0x86, 0xA8, 0xA7, 0x35, 0xB0, 0x7A,
    0x9F, 0xFA, 0xEC, 0xEC, 0x8F, 0x27, 0xBE, 0xA7, 0xD4, 0xB9, 0x31, 0xC4, 0x8C, 0x86, 0x6F, 0xED,
    0x77, 0x06, 0x2D, 0xE8, 0x62, 0x2D, 0xF5, 0x92, 0x2D, 0x37, 0x5A, 0x39, 0xE2, 0x75, 0x25, 0x1C,
    0x0D, 0xAD, 0x5A, 0xFD, 0xE2, 0xAC, 0x8A, 0x51, 0xC0, 0x23, 0x34, 0x2E, 0xEF, 0x22, 0xF7, 0xF9,
    0x4E, 0x17, 0x94, 0xFA, 0x9E, 0x64, 0x5E, 0x74, 0x96, 0x65, 0x8C, 0xBE, 0x52, 0x5D, 0xAA, 0xB5,
    0x04, 0x06, 0xDB, 0x50, 0x68, 0xA9, 0x1C, 0xCA, 0x4B, 0xB0, 0x97, 0x91, 0x96, 0x9F, 0x5E, 0x52,
    0x9D, 0xE0, 0x8F, 0x19, 0xA7, 0x8F, 0xA9, 0xA5, 0x2D, 0xD7, 0x54, 0x21, 0x5B, 0xBA, 0xA6, 0x53,
    0xC6, 0xE5, 0x2D, 0x26, 0x5F, 0xD4, 0xB3, 0xBA, 0xA3, 0x53, 0xAF, 0xE0, 0xAF, 0xBE, 0x77, 0x4D,
    0x79, 0x89, 0xA0, 0x50, 0x5F, 0xCA, 0x96, 0x2F, 0x37, 0xE1, 0xAF, 0x73, 0x00, 0xB7, 0xA3, 0x96,
    0x88, 0xED, 0x69, 0xCD, 0x3D, 0x88, 0x9D, 0x8F, 0x91, 0xC5, 0x23, 0xFC, 0x51, 0x83, 0x62, 0x9F,
    0xD5, 0xCA, 0x9C, 0xED, 0x94, 0x60, 0x93, 0x5C, 0x9F, 0xC2, 0x92, 0xAA, 0xD5, 0x9A, 0xAA, 0xCB,
    0x9F, 0xCF, 0x2B, 0x4E, 0x1D, 0x23, 0xD2, 0x28, 0x66, 0x5C, 0x49, 0x1D, 0x4B, 0x98, 0x35, 0x7D,
    0x8E, 0x95, 0xA5, 0x47, 0x0C, 0x8C, 0x89, 0xCB, 0x7E, 0x5F, 0xDE, 0xD2, 0xF9, 0xBC, 0x35, 0x68,
    0x40, 0x75, 0xCA, 0xCD, 0x8F, 0xB3, 0x50, 0x3F, 0x8D, 0x96, 0x49, 0xA9, 0xA7, 0x31, 0xE8, 0x2C,
    0x38, 0xF8, 0x5A, 0x33, 0xF7, 0xC1, 0x67, 0xCD, 0x1C, 0xE1, 0x76, 0x5E, 0xC2, 0x77, 0xCF, 0x31,
    0x46, 0xBF, 0x15, 0x5D, 0x0E, 0xCB, 0x20, 0xBD, 0xC3, 0x81, 0xBD, 0xA1, 0x84, 0x4A, 0x34, 0x70,
    0x9E, 0x28, 0x62, 0x33, 0x6C, 0x5F, 0xE4, 0xA9, 0x3A, 0x65, 0x09, 0xDF, 0xB8, 0xD1, 0xC4, 0xC1,
    0xAD, 0xD6, 0xD9, 0x5A, 0x05, 0x8F, 0x65, 0x55, 0x58, 0x01, 0x4F, 0xFC, 0xCE, 0x76, 0x56, 0xBF,
    0x13, 0x74, 0xA6, 0xDF, 0xFA, 0x94, 0x9B, 0xAC, 0x9E, 0xAA, 0x77, 0xE4, 0x59, 0xD0, 0x7B, 0x7D,
    0xF1, 0x8E, 0x25, 0xAB, 0x58, 0xED, 0xCE, 0xFE, 0xB1, 0xB0, 0xA3, 0xDA, 0x97, 0xEE, 0x20, 0x29,
    0xD6, 0xA7, 0xB2, 0x8C, 0x29, 0xD6, 0xCF, 0x23, 0x03, 0x10, 0xD8, 0x1E, 0x57, 0x48, 0x88, 0xFC,
    0x26, 0x36, 0x15, 0x66, 0x25, 0x53, 0x32, 0x86, 0x9D, 0x1C, 0x0F, 0x24, 0xE9, 0x15, 0xAD, 0x45,
    0x4A, 0xCF, 0xED, 0x57, 0x16, 0x33, 0x62, 0x88, 0x83, 0x5E, 0xE2, 0xCC, 0x7B, 0x68, 0x35, 0x95,
    0x36, 0xFF, 0x72, 0xEE, 0x5A, 0xD1, 0xA4, 0x97, 0xFF, 0xD8, 0x0F, 0x2E, 0x2D, 0x1F, 0x6A, 0x5D,
    0xB9, 0x5E, 0x36, 0x02, 0xB9, 0x14, 0x9A, 0x2F, 0xC4, 0x61, 0x2C, 0x8A, 0x2C, 0xD2, 0x2F, 0x5F,
    0x12, 0xB2, 0x82, 0xAF, 0x3F, 0x00, 0x41, 0x46, 0xBF, 0x84, 0xC8, 0xFF, 0x06, 0x84, 0x3D, 0x42,
    0xDB, 0x4D, 0x02, 0x3D, 0x5B, 0x20, 0x7B, 0xE4, 0xB2, 0xFE, 0x91, 0x8D, 0x5C, 0xF7, 0x39, 0x11,
    0x54, 0xA3, 0xA7, 0xF2, 0xBD, 0xF5, 0xFE, 0x56, 0xEF, 0xEE, 0xFD, 0xDD, 0x9E, 0xF2, 0xFE, 0x76,
    0xB3, 0x28, 0x8D, 0x85, 0x1B, 0x37, 0xB3, 0x4A, 0xBE, 0xC5, 0xF0, 0x7D, 0x2F, 0x94, 0xC7, 0xF2,
    0x50, 0x3A, 0x7D, 0x11, 0xCF, 0x5C, 0x40, 0xD3, 0x4B, 0xD7, 0xF1, 0x86, 0x3E, 0x5F, 0x98, 0x21,
    0xD5, 0xA0, 0x55, 0xA1, 0x8B, 0x96, 0x2E, 0x5F, 0x20, 0xE2, 0xCB, 0x48, 0x1E, 0x4B, 0x10, 0x6A,
    0x84, 0xC7, 0xF7, 0xA5, 0x16, 0x53, 0xDD, 0xA8, 0x26, 0x5F, 0xAC, 0xB2, 0x4A, 0x56, 0x5F, 0xFE,
    0xBD, 0xE0, 0x00, 0x37, 0xAC, 0x64, 0x61, 0x1A, 0xC1, 0xB7, 0xB2, 0x92, 0xBF, 0xB0, 0xF6, 0x35,
    0x80, 0xC5, 0xB7, 0x3C, 0x01, 0x32, 0x24, 0x61, 0xDA, 0xA6, 0x4A, 0x74, 0xF3, 0x2A, 0x5E, 0xBA,
    0x76, 0xF5, 0x0E, 0x12, 0xF5, 0x3C, 0x6D, 0x0C, 0xEA, 0x5E, 0xD4, 0xE7, 0x72, 0x16, 0x42, 0x75,
    0xBE, 0x0E, 0x4A, 0xCB, 0xA0, 0xB4, 0x0A, 0xCA, 0x8A, 0xA0, 0xB4, 0x06, 0x4A, 0x4B, 0xA0, 0x5E,
    0xD5, 0x0A, 0x28, 0x2D, 0x80, 0xFA, 0xA5, 0xD6, 0x3F, 0x69, 0xF9, 0xD3, 0xCF, 0x0C, 0x1E, 0x0A,
    0x1C, 0xAD, 0x7D, 0xD2, 0xD2, 0x27, 0xAB, 0x7C, 0x62, 0xE1, 0x53, 0x6B, 0x75, 0x4F, 0x5A, 0xF6,
    0x64, 0x55, 0x4F, 0x56, 0xF4, 0x84, 0x9A, 0xA7, 0x95, 0x2F, 0x79, 0xF2, 0x15, 0x4F, 0x96, 0x68,
    0xBF, 0x9E, 0xCA, 0x5F, 0xAC, 0x0E, 0xD2, 0xC2, 0x77, 0xE9, 0xED, 0xD5, 0x94, 0x5B, 0x6C, 0x29,
    0x02, 0xD6, 0xE8, 0x00, 0x71, 0xAA, 0xE1, 0x4C, 0x55, 0xEC, 0xF2, 0xB1, 0xF9, 0xEA, 0x4B, 0xA4,
    0xBB, 0xA0, 0x4A, 0xAA, 0x58, 0x85, 0x2D, 0x5D, 0xF5, 0x19, 0x92, 0x38, 0x91, 0x88, 0x15, 0x21,
    0x78, 0x4E, 0x4F, 0x3D, 0x02, 0xCB, 0xDF, 0x80, 0xB8, 0x40, 0x90, 0x17, 0x6A, 0x56, 0xF6, 0x35,
    0x98, 0xE2, 0x64, 0x25, 0x71, 0x83, 0x72, 0x30, 0xF8, 0xE9, 0x33, 0x32, 0x1B, 0x6C, 0x7E, 0x70,
    0xA0, 0xA1, 0x41, 0xAB, 0x15, 0xD8, 0xF8, 0x9E, 0x01, 0xC9, 0xAF, 0x72, 0xCD, 0x67, 0x33, 0xEC,
    0xF9, 0x1D, 0xA4, 0x9A, 0xE6, 0x0D, 0x47, 0xCC, 0x8B, 0x8B, 0xF9, 0x9E, 0xBC, 0x7E, 0x78, 0xA3,
    0xB1, 0xC4, 0xE1, 0x94, 0xEC, 0xE1, 0x7E, 0x6A, 0xF0, 0xF7, 0xF9, 0x7A, 0xE6, 0x79, 0x85, 0x07,
    0xF9, 0xF8, 0x76, 0x4A, 0x1D, 0x8E, 0x95, 0xB9, 0x26, 0xDB, 0x29, 0x35, 0x5E, 0xB7, 0x52, 0x4D,
    0xF6, 0xC0, 0x13, 0x88, 0x26, 0x0F, 0xA7, 0x54, 0x3F, 0x32, 0xD6, 0xCA, 0x89, 0xB9, 0x02, 0x9A,
    0x62, 0xF6, 0x70, 0x4C, 0x73, 0x47, 0x33, 0xA3, 0xDC, 0xB9, 0x3D, 0x4B, 0x47, 0x09, 0xAE, 0x63,
    0x1F, 0x40, 0x43, 0x37, 0x17, 0xAC, 0xEE, 0x60, 0x19, 0xCD, 0x5B, 0x2D, 0x35, 0x89, 0x6A, 0x74,
    0xD2, 0xC7, 0xF5, 0x59, 0xE2, 0x6C, 0x4C, 0x8F, 0x5E, 0x33, 0x3D, 0x1A, 0x21, 0x0F, 0xD4, 0xB3,
    0x53, 0x12, 0xBF, 0xC0, 0xF4, 0xE8, 0xCA, 0x92, 0xBD, 0xCF, 0x4C, 0x8F, 0xD6, 0x98, 0x54, 0x72,
    0xAC, 0x8A, 0x3A, 0xDE, 0x6F, 0x68, 0x62, 0xF4, 0xAC, 0xDC, 0x5B, 0x13, 0x7C, 0xF4, 0xF1, 0x59,
    0x3E, 0xAF, 0x2C, 0xBB, 0x07, 0x8F, 0x59, 0x30, 0x5F, 0x40, 0x80, 0x03, 0x63, 0x66, 0xB3, 0xD4,
    0x9A, 0xFE, 0xB5, 0x2F, 0xBF, 0x3A, 0xFF, 0x9C, 0x0F, 0xE1, 0x7F, 0x09, 0x94, 0xAA, 0x72, 0xB5,
    0xB7, 0x44, 0x38, 0xC1, 0xD7, 0x23, 0x32, 0x0E, 0x55, 0x79, 0xEF, 0x24, 0xB6, 0x50, 0x43, 0x47,
    0xCB, 0x9E, 0x57, 0x0C, 0xB3, 0xAA, 0x9C, 0x64, 0x82, 0xD9, 0xBC, 0x0E, 0x28, 0x9B, 0xC2, 0x6D,
    0xAA, 0x07, 0xA8, 0x78, 0x6E, 0x4F, 0x96, 0xF3, 0xCC, 0xDC, 0x2D, 0xC9, 0xE4, 0x6E, 0xBD, 0xC3,
    0x17, 0xB8, 0xE5, 0xA3, 0xD4, 0xE6, 0x0E, 0x90, 0xC5, 0x45, 0xD1, 0x69, 0x85, 0xC8, 0xBE, 0xDD,
    0x84, 0x66, 0x67, 0x9E, 0x63, 0xB1, 0x7A, 0x41, 0xCE, 0x31, 0xCB, 0xDC, 0xAF, 0xB4, 0x91, 0xC1,
    0xEA, 0x23, 0xFB, 0xD5, 0xBF, 0x04, 0x8F, 0x67, 0x1E, 0xBF, 0xC9, 0xBC, 0x23, 0xBA, 0x90, 0x98,
    0x6E, 0x5E, 0x21, 0x59, 0xBC, 0xD3, 0x95, 0x0C, 0xB9, 0x26, 0xF7, 0x33, 0x0D, 0xB9, 0x77, 0x0F,
    0xD0, 0x14, 0x1E, 0xF3, 0x66, 0xC1, 0x6F, 0xFC, 0xFF, 0x63, 0xB9, 0x2F, 0x95, 0xAB, 0x8D, 0xA9,
    0x9D, 0x83, 0x31, 0x40, 0x9F, 0x36, 0x4B, 0x8C, 0xF6, 0x79, 0x97, 0x45, 0x35, 0xDD, 0x36, 0xC6,
    0x66, 0x83, 0x6E, 0x96, 0x9A, 0x8E, 0xBC, 0xA5, 0xCE, 0x6F, 0x30, 0xA8, 0xA6, 0x36, 0xE4, 0x41,
    0x8B, 0x93, 0xDE, 0xAB, 0xE6, 0xD0, 0x1B, 0xD6, 0x48, 0xC4, 0xB4, 0x64, 0x4D, 0xE4, 0xA2, 0xAC,
    0xB4, 0xA8, 0x86, 0xCF, 0x39, 0x20, 0x7D, 0x09, 0x15, 0x0D, 0x2C, 0xE4, 0xC0, 0x38, 0x1B, 0xA7,
    0x35, 0x05, 0xB3, 0x1E, 0x10, 0x5A, 0x5A, 0xA0, 0x1D, 0x08, 0x86, 0x8D, 0xF5, 0x1D, 0xD9, 0x29,
    0x34, 0xD8, 0x4D, 0x4F, 0xF6, 0x26, 0x99, 0x67, 0x5F, 0xF3, 0x4B, 0x6D, 0x87, 0x7D, 0xCD, 0xF6,
    0x98, 0x01, 0xAB, 0xFB, 0x3B, 0xA5, 0x8D, 0xF9, 0x7B, 0x75, 0x77, 0x35, 0x2B, 0x53, 0x37, 0x77,
    0xE8, 0xCC, 0x43, 0x18, 0x37, 0x32, 0x95, 0xC7, 0x2B, 0xDB, 0xDA, 0xEC, 0x06, 0xF3, 0x41, 0xB9,
    0x6F, 0x9B, 0x29, 0xFF, 0x35, 0xAC, 0x80, 0x49, 0xBA, 0xAF, 0x4C, 0xCF, 0x1C, 0xA1, 0x71, 0x34,
    0xED, 0x6A, 0xD4, 0xCC, 0x52, 0x91, 0xA7, 0x3D, 0xF5, 0x55, 0xD8, 0x8B, 0x4E, 0x15, 0x12, 0xDB,
    0xD1, 0xE5, 0x2C, 0xFB, 0xB5, 0x30, 0x92, 0x93, 0xFD, 0x44, 0xAA, 0xA6, 0xDF, 0x4E, 0xC1, 0xE9,
    0x07, 0x6C, 0x37, 0xC3, 0xE1, 0x57, 0x63, 0xF2, 0x2B, 0xEC, 0xE5, 0x97, 0xCC, 0x66, 0x46, 0xC2,
    0xA6, 0xDF, 0xCA, 0xF5, 0xE5, 0x61, 0xA6, 0x12, 0x5F, 0x75, 0x3B, 0xAE, 0x82, 0x7D, 0xEF, 0x71,
    0x18, 0x93, 0xE5, 0x44, 0x47, 0xAA, 0x4F, 0x25, 0xD7, 0x2C, 0xDA, 0xC9, 0xB3, 0xE4, 0x4E, 0x24,
    0xE4, 0x79, 0xD9, 0x33, 0xA3, 0x61, 0xB8, 0xFA, 0x83, 0xE7, 0xA0, 0xB4, 0x97, 0xFD, 0x11, 0x52,
    0x6F, 0x0E, 0xC0, 0x01, 0x37, 0xC2, 0xA8, 0xC4, 0x38, 0x1F, 0x1E, 0x42, 0x2D, 0x07, 0x92, 0xFE,
    0x20, 0xE4, 0x52, 0x64, 0x74, 0xD0, 0x43, 0xF9, 0x02, 0xCC, 0x54, 0x9A, 0xCB, 0x40, 0x22, 0xA4,
    0xAA, 0x28, 0xB4, 0x5A, 0x5F, 0xC6, 0xA6, 0xC5, 0x08, 0xCE, 0xF2, 0x58, 0x72, 0xAB, 0x58, 0xB0,
    0x40, 0xBE, 0x81, 0xAD, 0x27, 0xFD, 0x0E, 0xBA, 0xBD, 0x85, 0x8B, 0x8E, 0x02, 0xEC, 0xB7, 0x8C,
    0x77, 0x73, 0x73, 0x2F, 0x12, 0x64, 0x1F, 0x6D, 0xE3, 0x1F, 0xFF, 0xA4, 0x29, 0x8F, 0xF7, 0x0E,
    0xE8, 0xD4, 0x84, 0x39, 0xB0, 0x4D, 0x87, 0xBA, 0xD8, 0xA4, 0xDF, 0x14, 0x72, 0xCD, 0xA0, 0x74,
    0x3D, 0xB0, 0x10, 0x58, 0x9F, 0xD3, 0x08, 0xCB, 0xB9, 0xD3, 0x81, 0x19, 0xCB, 0x2A, 0xAD, 0x2D,
    0x97, 0xD0, 0xC4, 0x96, 0xD3, 0xD4, 0xAF, 0x3D, 0xF7, 0x41, 0x35, 0xB1, 0xFC, 0xEB, 0xD3, 0xAA,
    0x47, 0xAC, 0x26, 0xFB, 0x3B, 0x9E, 0xD5, 0x92, 0x2A, 0x80, 0xAD, 0x5A, 0xEA, 0x4E, 0xBE, 0xE8,
    0xFF, 0xF0, 0x9C, 0x70, 0x41, 0x35, 0xAA, 0x83, 0xE1, 0x86, 0xB0, 0x78, 0xB3, 0xA9, 0xD5, 0x8B,
    0xA6, 0x26, 0x75, 0xE6, 0x6B, 0x34, 0x5A, 0x0E, 0x77, 0x34, 0x1A, 0xD4, 0xD9, 0xAB, 0xE5, 0x64,
    0x4F, 0x17, 0xDD, 0x64, 0x4E, 0x2B, 0x83, 0x5F, 0x5A, 0xAC, 0x50, 0xEB, 0x90, 0xD5, 0x10, 0xA6,
    0xDF, 0xAD, 0x7F, 0x1C, 0x40, 0xDF, 0x02, 0x9B, 0x94, 0x4C, 0xAC, 0x26, 0xA0, 0x23, 0x21, 0xC2,
    0x17, 0xD7, 0x41, 0x99, 0x3A, 0xDF, 0xFB, 0x86, 0x10, 0xA6, 0xE2, 0x5E, 0x3E, 0x99, 0xB3, 0xB7,
    0xDC, 0x4D, 0x7D, 0x82, 0x4A, 0xAE, 0x7F, 0x7B, 0x6F, 0x92, 0x67, 0x1E, 0xFB, 0x3E, 0x63, 0xEC,
    0xAC, 0xAE, 0x1D, 0x96, 0x8A, 0x39, 0x66, 0xF5, 0x25, 0x54, 0x02, 0xD6, 0xEA, 0x91, 0x3C, 0x32,
    0x9F, 0x26, 0x72, 0xF8, 0xF0, 0x5D, 0x6B, 0x41, 0xF9, 0x56, 0xBB, 0x53, 0x01, 0xDD, 0x17, 0x6F,
    0xB7, 0x54, 0xE3, 0xC2, 0x5F, 0x77, 0xAC, 0xD1, 0x64, 0x9E, 0x25, 0x33, 0x1E, 0x4B, 0x26, 0xEF,
    0x45, 0x6B, 0xD1, 0x8A, 0x49, 0x0C, 0x69, 0x15, 0xA9, 0x47, 0x65, 0xCD, 0xBC, 0xE9, 0x2A, 0x62,
    0xFE, 0x3A, 0xF2, 0x9B, 0xF0, 0x99, 0x8A, 0xF2, 0x06, 0x60, 0x22, 0x1C, 0x90, 0x6A, 0x00, 0x63,
    0xC8, 0xA6, 0x24, 0x4A, 0xE8, 0xF4, 0xEC, 0xE8, 0x74, 0x64, 0x39, 0x1C, 0x9D, 0x2E, 0x14, 0x69,
    0x93, 0x11, 0xCB, 0x0B, 0x2C, 0x33, 0xCF, 0xF2, 0x25, 0x7D, 0x52, 0x9E, 0x9B, 0x47, 0x7A, 0xFA,
    0xA9, 0xE6, 0xAC, 0x98, 0x82, 0x19, 0xA6, 0x3C, 0xAC, 0x34, 0x6F, 0xE4, 0x54, 0x8A, 0x9C, 0x3C,
    0xB5, 0xDC, 0x2E, 0x51, 0xB3, 0x54, 0xB9, 0x83, 0xF8, 0x1F, 0x5A, 0xCB, 0x8A, 0xEB, 0x98, 0x0E,
    0xFB, 0x26, 0x28, 0x5C, 0xA4, 0xE7, 0x56, 0x13, 0xE1, 0x60, 0x12, 0x35, 0x90, 0x93, 0x47, 0x6C,
    0xE0, 0x53, 0x6B, 0xEE, 0x9B, 0xB6, 0xED, 0x41, 0x82, 0xE3, 0x5D, 0xC8, 0xA5, 0x7B, 0xE4, 0x25,
    0xA6, 0xBB, 0xC9, 0x57, 0xD9, 0xB0, 0x80, 0x39, 0x8D, 0x8C, 0xAB, 0x6C, 0x3D, 0xA7, 0x4A, 0x9D,
    0xF8, 0xA2, 0x99, 0xE7, 0xF7, 0xA5, 0xDD, 0x3C, 0x1A, 0xF9, 0xD1, 0x5D, 0x65, 0xD2, 0x9A, 0x4A,
    0x95, 0x7A, 0xE9, 0xC1, 0xFE, 0x6A, 0x56, 0x2C, 0x18, 0xE7, 0x74, 0x40, 0x86, 0xB5, 0xE6, 0x50,
    0x6C, 0x55, 0xF5, 0xCE, 0xDE, 0xAC, 0x66, 0xD5, 0x96, 0xBA, 0x1F, 0xF2, 0xAD, 0x59, 0x4B, 0x1A,
    0xF9, 0x8C, 0xBF, 0xA3, 0xDE, 0x82, 0x97, 0x95, 0xA4, 0xEA, 0xD6, 0x1C, 0xCF, 0xD4, 0xB0, 0x36,
    0xCA, 0x60, 0x5B, 0x55, 0x62, 0x5E, 0x54, 0x8D, 0xE6, 0x8A, 0xB7, 0x54, 0xA9, 0xEB, 0x24, 0x93,
    0xE3, 0xB9, 0x52, 0x43, 0x05, 0xC2, 0xE8, 0xF6, 0x21, 0x7A, 0xE2, 0xD0, 0xF1, 0xBC, 0xFA, 0xBF,
    0x74, 0x3C, 0x7F, 0xD1, 0x2B, 0x4F, 0x4B, 0x6D, 0x16, 0x03, 0x9F, 0xD7, 0xB1, 0x4F, 0x9C, 0xD6,
    0xE8, 0x1E, 0xF5, 0x60, 0x36, 0x39, 0x48, 0xBE, 0x0E, 0x34, 0xAC, 0x9E, 0x82, 0x84, 0x49, 0xB0,
    0x01, 0x11, 0xD0, 0xED, 0x51, 0x44, 0xD5, 0xA8, 0xD5, 0x15, 0xBB, 0xEC, 0x61, 0xB1, 0x0D, 0xC0,
    0xAC, 0x7E, 0xD9, 0x68, 0x13, 0x9A, 0x18, 0x9E, 0x63, 0x0A, 0x00, 0x74, 0x90, 0x42, 0x0C, 0x34,
    0x06, 0xB8, 0xE1, 0xB6, 0xC4, 0x14, 0x4A, 0x60, 0x24, 0x6B, 0xBB, 0x18, 0x94, 0x23, 0x73, 0x07,
    0x62, 0xB4, 0xCA, 0xD3, 0x93, 0x3A, 0x7A, 0xED, 0xE1, 0x1F, 0x93, 0x95, 0x0F, 0xC3, 0xAB, 0x43,
    0x43, 0x0E, 0xAE, 0xA1, 0xA9, 0x73, 0xEE, 0xAC, 0xB0, 0xCF, 0x27, 0x46, 0x88, 0xE6, 0xB3, 0xD6,
    0x1F, 0x1A, 0x63, 0x68, 0x3C, 0x5D, 0xDB, 0x37, 0x8B, 0xDE, 0x5F, 0xF3, 0xA5, 0x3B, 0xFA, 0x5E,
    0x59, 0xAF, 0xAE, 0xF6, 0x94, 0xB9, 0x8D, 0xE9, 0xB2, 0x53, 0xA7, 0xC8, 0xF1, 0xE7, 0x6F, 0x54,
    0xC6, 0x9E, 0x14, 0xD7, 0xB2, 0xD2, 0x3A, 0xD3, 0xA4, 0xC2, 0x33, 0xEE, 0xE3, 0xD5, 0xCF, 0xAC,
    0xCD, 0x91, 0xFF, 0xB2, 0x67, 0x2F, 0x2F, 0x19, 0x79, 0x45, 0x75, 0xE9, 0x25, 0xAD, 0x25, 0xF2,
    0x2F, 0x9B, 0xF8, 0x76, 0xA9, 0xCD, 0x7E, 0x42, 0x75, 0x19, 0x84, 0x1B, 0x8B, 0x9F, 0x08, 0x6B,
    0x28, 0x7D, 0x42, 0xA6, 0xEF, 0xA2, 0x62, 0x4D, 0x85, 0x5C, 0x77, 0xED, 0xB1, 0x8D, 0xF9, 0x21,
    0x01, 0xD4, 0x7B, 0x48, 0xE4, 0x25, 0x8C, 0x1F, 0x66, 0x9D, 0xAE, 0x10, 0x8A, 0xCC, 0xC8, 0xE4,
    0x23, 0xE6, 0x8C, 0x5A, 0xB3, 0x89, 0xBF, 0xA5, 0x8F, 0x6C, 0x8B, 0xF4, 0xF2, 0x94, 0x89, 0x90,
    0x85, 0x48, 0xEA, 0x53, 0x15, 0x4C, 0xE1, 0x6A, 0xAE, 0x0D, 0x58, 0x9B, 0x1C, 0x9B, 0xEF, 0x30,
    0x57, 0x19, 0xCC, 0x3C, 0x5D, 0xAE, 0x3E, 0x50, 0x7E, 0xEC, 0xC9, 0xCC, 0xAA, 0x77, 0x32, 0xC2,
    0x0D, 0x6B, 0x0A, 0xE3, 0x1D, 0x96, 0xC5, 0x6A, 0x92, 0xE1, 0x53, 0x77, 0x72, 0x2A, 0x2C, 0xD4,
    0xE5, 0xBB, 0x7A, 0x51, 0xA9, 0x75, 0x1F, 0x7E, 0x85, 0xBD, 0x94, 0xE2, 0x31, 0xA7, 0x2A, 0x30,
    0x6B, 0xB0, 0x92, 0x69, 0xB9, 0x0E, 0xF2, 0x07, 0x85, 0xFB, 0x84, 0xBF, 0xD1, 0x06, 0x2B, 0x6D,
    0xC2, 0x06, 0x2B, 0x99, 0x36, 0x58, 0x41, 0x62, 0x1B, 0xFB, 0x9A, 0xA1, 0xC1, 0x0A, 0xCA, 0x05,
    0xD8, 0x60, 0xA5, 0xD0, 0x06, 0x2B, 0x60, 0x80, 0xD5, 0x72, 0x23, 0xFB, 0x8E, 0xEF, 0x9E, 0xDE,
    0x6A, 0x83, 0x95, 0x23, 0xF2, 0x83, 0xE2, 0x4D, 0x36, 0x0E, 0x22, 0xAA, 0xA3, 0xAB, 0xC8, 0x76,
    0xA7, 0xC1, 0x4A, 0xD6, 0xD1, 0x14, 0x8B, 0x07, 0x36, 0x58, 0x09, 0x37, 0xEA, 0x16, 0x7F, 0xD0,
    0xAC, 0xD6, 0x7C, 0xD6, 0x60, 0x65, 0x26, 0x28, 0xE3, 0x99, 0x82, 0x52, 0x4E, 0x36, 0x62, 0x38,
    0x33, 0x1D, 0xE3, 0x3B, 0x38, 0x64, 0xCB, 0xEB, 0x7F, 0x80, 0xA7, 0x6D, 0x9F, 0xA2, 0xB1, 0x84,
    0x50, 0x25, 0xA4, 0xE1, 0x92, 0xD2, 0x3A, 0x66, 0x20, 0x3A, 0xAB, 0xC0, 0x48, 0xB3, 0x3C, 0x79,
    0x13, 0x51, 0xEC, 0x03, 0x59, 0x7A, 0x1F, 0x6C, 0xE5, 0xBD, 0x8B, 0x6A, 0x59, 0xB7, 0x08, 0x34,
    0x88, 0x35, 0xF0, 0x04, 0x50, 0x31, 0xBC, 0xFD, 0x2B, 0x2D, 0xB9, 0x97, 0x31, 0x16, 0x74, 0x6C,
    0x45, 0x03, 0xDC, 0x46, 0xD9, 0x3E, 0xB0, 0xE2, 0x01, 0x80, 0xD8, 0x5D, 0xF0, 0x69, 0x05, 0xB9,
    0x66, 0x2B, 0x6C, 0x42, 0x33, 0x6F, 0xAD, 0xBA, 0x48, 0x57, 0x32, 0x8C, 0x8D, 0x8B, 0xF8, 0x67,
    0xA7, 0xCB, 0x59, 0x4E, 0x7C, 0xE4, 0xC3, 0x95, 0xA7, 0xCC, 0x3E, 0x6F, 0x6C, 0x6B, 0xD1, 0x51,
    0x69, 0xF8, 0x3A, 0x34, 0xAA, 0xE6, 0xC8, 0xBB, 0xD9, 0x93, 0xA7, 0x71, 0xDF, 0xFA, 0x41, 0x56,
    0x34, 0xBD, 0xB7, 0xE1, 0xC5, 0xF3, 0xFF, 0xC3, 0x22, 0x8A, 0x6A, 0xDD, 0x6B, 0x10, 0x39, 0xFB,
    0x8F, 0xDA, 0x18, 0x4D, 0xB7, 0x2C, 0xD4, 0x36, 0x70, 0x77, 0x7A, 0x7D, 0xF0, 0x03, 0xC4, 0x17,
    0xC9, 0xEF, 0x29, 0x68, 0x51, 0x9A, 0x8A, 0xB6, 0x3D, 0x21, 0x8B, 0xAC, 0x50, 0x6A, 0x2C, 0x7C,
    0xFE, 0x0F, 0x4F, 0x2F, 0xFA, 0xF7, 0x2C, 0x7D, 0x2F, 0xF0, 0x5D, 0x49, 0x4B, 0x69, 0x67, 0x30,
    0x87, 0xE9, 0x30, 0x52, 0x55, 0xB8, 0x21, 0xB4, 0xBE, 0x12, 0x54, 0x27, 0xF2, 0x35, 0xD1, 0x3C,
    0x31, 0xA1, 0x58, 0xD5, 0x77, 0x57, 0x52, 0xB3, 0x19, 0xD8, 0x6E, 0xA7, 0xE7, 0xBB, 0xFC, 0xF9,
    0x55, 0x82, 0x70, 0xEF, 0x8C, 0x0E, 0x38, 0x46, 0xAB, 0xB7, 0x0F, 0x5F, 0xE0, 0xA6, 0x6B, 0xDD,
    0xF2, 0xC6, 0x5B, 0x33, 0x73, 0xB3, 0x6A, 0xEC, 0xBF, 0xB9, 0xE0, 0xBB, 0xC8, 0x28, 0x24, 0x1D,
    0x13, 0x6A, 0xA2, 0x8C, 0xC1, 0xA4, 0xB6, 0xB2, 0xBF, 0x82, 0x94, 0x56, 0x6A, 0xAD, 0xED, 0x5D,
    0xB2, 0xB8, 0x2B, 0xB2, 0xB4, 0x02, 0xC5, 0x5F, 0xE8, 0xC2, 0xF5, 0x48, 0x43, 0x0A, 0x89, 0x2B,
    0xC1, 0xE7, 0xEA, 0x49, 0xC1, 0xD5, 0x99, 0xBA, 0xBB, 0xBF, 0x66, 0xC3, 0xD0, 0xE4, 0x0D, 0xD4,
    0x40, 0x09, 0xF3, 0x72, 0x47, 0xB2, 0x9B, 0x7D, 0x54, 0xA3, 0x86, 0x26, 0xDA, 0xA4, 0xAB, 0xAC,
    0xCE, 0x3E, 0x3B, 0xE4, 0x59, 0xB9, 0x65, 0x2C, 0xA5, 0xB8, 0xAE, 0x36, 0xB7, 0xFC, 0x7F, 0x41,
    0xA6, 0xF2, 0xC3, 0x4C, 0xB4, 0xF9, 0x54, 0xDB, 0x27, 0xC8, 0x30, 0xB7, 0x7C, 0xA3, 0xCF, 0xE0,
    0xAF, 0x27, 0x1A, 0x50, 0xE5, 0xEF, 0x18, 0x56, 0x4A, 0xC8, 0xB0, 0xD2, 0x1D, 0xD0, 0xFF, 0xFD,
    0xBF, 0xAF, 0x44, 0x9D, 0xF3, 0x9A, 0xD1, 0x92, 0xBB, 0xF2, 0x4D, 0xF4, 0x7A, 0x48, 0xAB, 0x05,
    0x1C, 0x00, 0x17, 0xDC, 0xF9, 0x53, 0x39, 0xE5, 0x6B, 0x6D, 0xEB, 0x80, 0x9D, 0x5D, 0xAE, 0xE3,
    0x35, 0xB6, 0x96, 0xD1, 0x65, 0xEC, 0x2D, 0x8B, 0xCB, 0xB0, 0xB9, 0xE1, 0x66, 0x7F, 0xE3, 0xB0,
    0xBB, 0xEC, 0x35, 0x87, 0xED, 0x5D, 0x5A, 0x73, 0xA2, 0x0B, 0x88, 0x2F, 0xE4, 0xD8, 0xE0, 0x05,
    0xE6, 0xC0, 0x8A, 0xAE, 0x0C, 0x9A, 0xDF, 0x45, 0x2F, 0x1C, 0x5E, 0x40, 0x7F, 0x09, 0x11, 0x0B,
    0xF1, 0x06, 0x25, 0x59, 0xEC, 0x1C, 0x2A, 0x78, 0x7B, 0x53, 0x54, 0xAE, 0x1D, 0x39, 0xE0, 0x6B,
    0x5F, 0x19, 0x1B, 0x4C, 0xEB, 0xA9, 0x04, 0x9A, 0xEE, 0x22, 0xF0, 0x72, 0xEF, 0x77, 0x9B, 0xBE,
    0x74, 0xBB, 0x5F, 0x5A, 0x47, 0x17, 0xFB, 0x72, 0x7D, 0xE2, 0x4B, 0x10, 0xCB, 0xFE, 0x31, 0x34,
    0xBC, 0x46, 0xCB, 0x1E, 0x04, 0x01, 0x37, 0xB1, 0xB0, 0xE7, 0xE4, 0x47, 0xAD, 0xE0, 0xDE, 0x41,
    0x54, 0xB7, 0xF1, 0xAA, 0xF9, 0xA4, 0x47, 0xBB, 0xE0, 0x09, 0x57, 0xF4, 0xA8, 0x74, 0x80, 0x51,
    0xE4, 0xCE, 0x68, 0x18, 0x67, 0x9F, 0x77, 0x2D, 0x9B, 0xAF, 0xA6, 0xAF, 0xD4, 0x65, 0xBF, 0x18,
    0x10, 0x93, 0xA3, 0x34, 0x3C, 0x7F, 0x0C, 0xD0, 0x6E, 0xB5, 0xC7, 0xD8, 0xD1, 0x67, 0x7B, 0x51,
    0x11, 0x05, 0xC9, 0x2B, 0xF7, 0xC0, 0x29, 0xF5, 0x77, 0x8F, 0xD5, 0x1F, 0xEC, 0x07, 0x48, 0xB1,
    0x4F, 0x27, 0x41, 0x6F, 0x22, 0x9F, 0x53, 0xA7, 0xA0, 0xF2, 0x65, 0xDD, 0xDA, 0xAC, 0xC6, 0xBB,
    0x11, 0x06, 0xF3, 0x2D, 0x8C, 0xD7, 0x8D, 0xE5, 0xDF, 0xDC, 0x22, 0xF5, 0x67, 0xD8, 0x75, 0xE8,
    0x5B, 0x85, 0xED, 0xD5, 0xF6, 0x6A, 0x82, 0x22, 0x97, 0xA1, 0x97, 0x6E, 0xD2, 0x37, 0x86, 0x24,
    0x4F, 0x5F, 0x71, 0xE1, 0xCF, 0x2D, 0xAF, 0xCE, 0x7B, 0x8B, 0x11, 0x1B, 0x18, 0xB4, 0xC0, 0x2C,
    0xA6, 0x17, 0x08, 0x43, 0xAA, 0x8B, 0x4D, 0xEB, 0xCA, 0xB4, 0x76, 0x93, 0x35, 0xF1, 0x0F, 0xB9,
    0xE4, 0xA5, 0x75, 0xF4, 0x9B, 0x0D, 0x8C, 0x6E, 0xC1, 0x91, 0xA4, 0x31, 0xDB, 0x41, 0x55, 0x83,
    0xFB, 0xDD, 0x0B, 0x6E, 0x64, 0x53, 0x69, 0xAD, 0x25, 0x2E, 0xD6, 0x90, 0x83, 0xCB, 0x8D, 0xD6,
    0x0C, 0x7F, 0x7D, 0xC2, 0x7D, 0xE5, 0xC3, 0x51, 0xDD, 0x01, 0x2D, 0x20, 0x59, 0x34, 0xAA, 0x04,
    0x20, 0x57, 0x4F, 0x75, 0x80, 0x18, 0x06, 0x2A, 0x55, 0x80, 0xFB, 0xC1, 0xD0, 0x77, 0x35, 0x80,
    0xFF, 0xA7, 0xE1, 0xA2, 0x61, 0x27, 0x5C, 0xB4, 0xF2, 0x86, 0x27, 0xD1, 0x52, 0x11, 0xD3, 0x59,
    0xFB, 0x3B, 0x22, 0xA7, 0x53, 0xF4, 0x74, 0x67, 0x20, 0xE8, 0xFB, 0x23, 0xA2, 0xD7, 0xFD, 0x1F,
    0x22, 0x7A, 0xD5, 0xC9, 0x88, 0xDE, 0xA5, 0x29, 0x2F, 0x18, 0xD9, 0x2B, 0xBA, 0xB3, 0xD9, 0x1B,
    0x9D, 0xCA, 0xF7, 0x3F, 0x42, 0xAC, 0xEC, 0x1E, 0xB4, 0x27, 0x3D, 0xB1, 0x48, 0xB0, 0x2D, 0x76,
    0xA0, 0x41, 0xC3, 0x61, 0x51, 0xA2, 0xC5, 0xBE, 0x11, 0xE4, 0xEA, 0x15, 0x4F, 0x59, 0x4E, 0x93,
    0xFE, 0x08, 0xDA, 0x45, 0x8C, 0x80, 0x0D, 0x08, 0xE3, 0xE7, 0x00, 0xC4, 0xA3, 0x28, 0x72, 0x67,
    0xBA, 0x12, 0x6B, 0x6B, 0x7A, 0x59, 0x02, 0x55, 0xB7, 0xA8, 0xDF, 0x6F, 0xB5, 0xB4, 0x86, 0x0A,
    0xB3, 0x7A, 0x4F, 0x02, 0xCE, 0x69, 0xB1, 0x8E, 0x56, 0xA3, 0x48, 0xCF, 0x6A, 0x16, 0x20, 0x2B,
    0x2D, 0xA8, 0x64, 0x5F, 0x6C, 0xD8, 0x39, 0xEE, 0x34, 0x45, 0x9C, 0x3B, 0xFC, 0x9E, 0x7A, 0xED,
    0x37, 0xEA, 0xA7, 0x5E, 0xC1, 0x55, 0x9F, 0x68, 0xEE, 0xC1, 0x40, 0xB2, 0xC7, 0x26, 0xFB, 0xBE,
    0x60, 0xC1, 0x4E, 0x5F, 0x30, 0xE6, 0x51, 0xA5, 0x4C, 0xA2, 0x4A, 0x19, 0x11, 0x81, 0x67, 0x41,
    0xE8, 0x7F, 0xED, 0x74, 0x96, 0xBA, 0x4B, 0xF2, 0xB3, 0xF6, 0xBD, 0x58, 0x58, 0x88, 0x7B, 0xE5,
    0xD3, 0x25, 0x64, 0xB2, 0x03, 0xFD, 0x1A, 0xB8, 0xBB, 0x64, 0xC2, 0x1C, 0x9A, 0x3B, 0xAF, 0xC1,
    0x5A, 0x96, 0x3D, 0xD9, 0x6A, 0xB1, 0x41, 0x96, 0x81, 0xC6, 0xA1, 0xA0, 0xC3, 0x40, 0xC4, 0x3F,
    0xB9, 0xAC, 0x48, 0x08, 0x47, 0xB1, 0x8A, 0x7A, 0x88, 0xF9, 0x58, 0xA8, 0x20, 0x5A, 0x09, 0x0D,
    0x4F, 0x1E, 0xAD, 0xE0, 0x39, 0xF7, 0xD5, 0x6C, 0x08, 0x45, 0x99, 0x16, 0x23, 0xB2, 0x48, 0x45,
    0xCC, 0x67, 0x57, 0xDD, 0x4D, 0xF0, 0x9C, 0x46, 0xBD, 0xC4, 0x0C, 0x6D, 0x68, 0x5C, 0x4D, 0x1B,
    0x89, 0xA9, 0x0C, 0x62, 0xF7, 0x30, 0xF5, 0x66, 0x3B, 0xED, 0x8D, 0x3C, 0x7A, 0xD4, 0x2F, 0xDF,
    0xD2, 0xA0, 0x1C, 0x2B, 0x04, 0xE9, 0x96, 0x57, 0x6C, 0x7F, 0x90, 0xA1, 0xC2, 0x3F, 0x70, 0x61,
    0x75, 0x26, 0xAE, 0x7F, 0xEC, 0xF0, 0x2F, 0xC7, 0x5C, 0x26, 0x15, 0xF0, 0x7F, 0x5A, 0x32, 0x27,
    0x46, 0xAC, 0x28, 0xF5, 0x91, 0x97, 0xDC, 0x8C, 0xA4, 0x9E, 0xB5, 0x58, 0xD3, 0x1A, 0x68, 0xAD,
    0x9B, 0x2E, 0xE9, 0x03, 0x28, 0xE1, 0x3D, 0x62, 0xAB, 0xA4, 0xF2, 0x06, 0x1B, 0x46, 0xD1, 0xBF,
    0xA1, 0xED, 0xEE, 0x96, 0xB4, 0x58, 0xB4, 0xF5, 0x99, 0x76, 0x3D, 0x93, 0xBB, 0xB5, 0x97, 0x83,
    0xF5, 0x98, 0x90, 0xBB, 0x21, 0x72, 0xB4, 0xD9, 0xF7, 0xB0, 0x0A, 0xCA, 0x5B, 0x2E, 0xD9, 0x6A,
    0x57, 0x88, 0xFF, 0xCE, 0x2E, 0x54, 0xAD, 0xF5, 0x25, 0x52, 0x71, 0x0F, 0x24, 0x87, 0x8F, 0x11,
    0x38, 0x9E, 0xE5, 0xD9, 0x0A, 0x28, 0xBE, 0x38, 0x99, 0xDA, 0x79, 0xF7, 0xF5, 0xE5, 0x6A, 0x68,
    0xE3, 0x2D, 0xB7, 0x38, 0x79, 0x65, 0xC8, 0x97, 0xBF, 0x7C, 0x2B, 0x5F, 0xBC, 0xBD, 0xD6, 0x3D,
    0x86, 0x6F, 0x0D, 0xCF, 0x03, 0xEB, 0x5B, 0xF4, 0xB3, 0x80, 0x18, 0x76, 0x35, 0x3A, 0x53, 0xEC,
    0xD6, 0x13, 0x46, 0xBB, 0x65, 0x95, 0xA8, 0x7B, 0x9B, 0x54, 0xBE, 0xDC, 0x92, 0xF7, 0x2E, 0x7A,
    0x0D, 0x01, 0x97, 0x0F, 0x6B, 0xA2, 0x76, 0x55, 0xA8, 0xCF, 0xE3, 0x8F, 0x3E, 0x9C, 0xD5, 0x45,
    0x60, 0xFC, 0xEE, 0x41, 0x38, 0x73, 0x23, 0xB6, 0x8E, 0x03, 0xBA, 0x5B, 0xD6, 0x64, 0x0A, 0x2F,
    0x9F, 0xB6, 0x45, 0x5B, 0x56, 0x2F, 0x9C, 0x36, 0x00, 0xDF, 0x9B, 0xBA, 0x12, 0xA5, 0x10, 0x2B,
    0x42, 0x36, 0xCD, 0x20, 0xF9, 0x29, 0x33, 0xE9, 0xEF, 0xD7, 0xF8, 0xED, 0xA7, 0xAC, 0x4C, 0xC6,
    0x7D, 0x48, 0xEB, 0xFB, 0x14, 0x79, 0xE9, 0x87, 0xCA, 0xD8, 0x19, 0xFD, 0x36, 0x4A, 0x21, 0xD1,
    0x50, 0x03, 0x1D, 0x63, 0xA8, 0x79, 0x9F, 0xCE, 0x8F, 0x46, 0x2F, 0xC6, 0x4B, 0x28, 0x80, 0x14,
    0xE1, 0x2C, 0x20, 0xEB, 0x8D, 0x1B, 0x14, 0x76, 0xA6, 0x84, 0x70, 0x17, 0x7E, 0x45, 0xC5, 0x51,
    0x59, 0x44, 0xAA, 0xCD, 0x87, 0x47, 0x5D, 0x52, 0x5B, 0x30, 0x1E, 0x81, 0x8C, 0xE3, 0x1A, 0x2D,
    0x64, 0x3A, 0xE1, 0x75, 0xF7, 0x6A, 0xFF, 0x45, 0xD8, 0x82, 0x1B, 0xB1, 0xD9, 0xE3, 0xCE, 0x31,
    0x8E, 0x66, 0xCD, 0x17, 0xDD, 0xDD, 0xCF, 0xD1, 0x55, 0xB1, 0xD1, 0x24, 0x88, 0xAC, 0x5E, 0xB2,
    0xE3, 0x55, 0x0B, 0xB7, 0xE4, 0x16, 0x8D, 0x7C, 0xD8, 0x05, 0x64, 0xCD, 0xA4, 0x0A, 0x4D, 0xF8,
    0xA6, 0x2C, 0x2C, 0xB6, 0xDE, 0x05, 0xAD, 0x91, 0x76, 0xFA, 0xE0, 0xE9, 0x4D, 0x59, 0x0C, 0x5A,
    0x2C, 0xF2, 0x71, 0x68, 0x3A, 0x0F, 0xC2, 0xF2, 0x38, 0xB0, 0xB7, 0x14, 0xFD, 0x1A, 0xB3, 0x55,
    0x09, 0x86, 0x56, 0x1E, 0x3F, 0xD6, 0x69, 0xAB, 0x5F, 0x9A, 0x13, 0xB3, 0xEE, 0x9C, 0x14, 0x51,
    0xF1, 0x58, 0x84, 0xAC, 0x95, 0xC8, 0xB5, 0x4F, 0x66, 0x62, 0x92, 0x93, 0xE6, 0x6F, 0xEE, 0x5F,
    0x97, 0x01, 0x10, 0xC2, 0x5F, 0x65, 0xF9, 0x53, 0x82, 0x01, 0xF7, 0xF0, 0xF4, 0x85, 0xCA, 0xDC,
    0x75, 0xDA, 0x63, 0x82, 0x9E, 0x03, 0x08, 0x24, 0x7C, 0x57, 0x3C, 0x24, 0x68, 0x9D, 0xE4, 0x61,
    0x53, 0xE6, 0xC9, 0xD3, 0xC3, 0xEB, 0xE8, 0xA0, 0x53, 0xB1, 0xDE, 0xF4, 0xE2, 0xF4, 0x64, 0xA0,
    0xC3, 0x60, 0x6D, 0xC9, 0x34, 0x04, 0x84, 0x51, 0xFF, 0x8D, 0xFB, 0x6D, 0x9A, 0xA0, 0x7E, 0xEE,
    0xF7, 0xD0, 0x04, 0x95, 0x5E, 0x8D, 0xF2, 0x16, 0x31, 0xAE, 0x3D, 0x2B, 0x0F, 0xD9, 0x46, 0x5A,
    0x8F, 0xF1, 0x91, 0x9D, 0x76, 0xC3, 0x53, 0x78, 0xF0, 0x93, 0x53, 0x74, 0xEC, 0x77, 0x6D, 0xBF,
    0xFB, 0xAF, 0x92, 0x2A, 0x79, 0xA8, 0x8B, 0x1A, 0xA8, 0xAB, 0x42, 0xF3, 0xE8, 0x30, 0x79, 0x6E,
    0x6C, 0x1C, 0x10, 0x6B, 0x5B, 0x10, 0xBB, 0x01, 0xCD, 0x67, 0xE4, 0x5F, 0x3F, 0x9C, 0xB4, 0x3F,
    0x36, 0xDB, 0xA4, 0x53, 0xBC, 0xB8, 0x1E, 0xB5, 0x0C, 0x2C, 0xA1, 0x49, 0x42, 0x52, 0x87, 0x6B,
    0x10, 0x33, 0x4F, 0x90, 0xF8, 0x63, 0x4B, 0x25, 0xB1, 0xF6, 0xD4, 0x3E, 0x97, 0x14, 0x09, 0x46,
    0x0B, 0x00, 0xFA, 0x32, 0xF4, 0x64, 0x4A, 0xD6, 0x6C, 0x1B, 0xD1, 0x1B, 0x35, 0x8C, 0x99, 0x6E,
    0x6C, 0xBB, 0xA3, 0x9B, 0x37, 0x4C, 0x63, 0xD4, 0x7E, 0x8F, 0x98, 0x94, 0x89, 0x0A, 0xC7, 0xF3,
    0xB2, 0x91, 0x4F, 0x58, 0xE6, 0xD5, 0x75, 0x19, 0x76, 0x76, 0x62, 0x04, 0xD8, 0x59, 0xA4, 0x8F,
    0x68, 0xD1, 0x91, 0x54, 0xAC, 0x11, 0xF4, 0x0E, 0x84, 0xBF, 0x7B, 0x09, 0x06, 0x19, 0xE8, 0xF8,
    0xD6, 0xD7, 0xCB, 0xB2, 0x39, 0xC0, 0xED, 0xE0, 0xC0, 0xBD, 0xAC, 0x28, 0x2E, 0xAA, 0xFD, 0xAD,
    0xB4, 0xF1, 0xD3, 0x87, 0xB1, 0x42, 0x8A, 0x8A, 0xFD, 0x57, 0xFC, 0x0B, 0xA6, 0x80, 0xB6, 0x9A,
    0xDF, 0xE0, 0xC6, 0xFC, 0xFC, 0x0D, 0xA4, 0x68, 0x63, 0x2A, 0xA9, 0x4D, 0xC7, 0x0A, 0xDB, 0xB1,
    0x89, 0x85, 0x39, 0xBE, 0x4B, 0xCD, 0x70, 0xB5, 0xB0, 0x84, 0xD5, 0xB7, 0x8F, 0x07, 0xC1, 0x78,
    0xAD, 0x69, 0x96, 0x2C, 0x70, 0xCA, 0x54, 0x54, 0x13, 0x79, 0xEB, 0x32, 0x33, 0x93, 0x63, 0xDF,
    0x1B, 0x2A, 0x5D, 0x4F, 0x0D, 0x9D, 0xC6, 0xF6, 0x4C, 0xD6, 0x25, 0x7F, 0x6C, 0xFE, 0xE4, 0x5B,
    0x39, 0x59, 0x63, 0xA6, 0xA9, 0x49, 0xDC, 0x78, 0xA1, 0x85, 0x5E, 0x52, 0xAB, 0x13, 0x60, 0xB4,
    0x62, 0x76, 0x61, 0xE0, 0x2F, 0x2C, 0x67, 0x06, 0x79, 0x62, 0xA6, 0x76, 0xF4, 0x6E, 0x17, 0x66,
    0xA6, 0x98, 0xED, 0xEB, 0x0E, 0x05, 0x9A, 0x6C, 0x05, 0x33, 0x7C, 0xA3, 0x6D, 0x08, 0xF4, 0xF5,
    0x27, 0xEC, 0x7F, 0x87, 0xAE, 0x84, 0xC1, 0x06, 0xE3, 0x66, 0xA0, 0xEC, 0x88, 0x91, 0xC0, 0xC1,
    0xA7, 0xD4, 0xCC, 0x7B, 0xFC, 0x5D, 0x74, 0xD6, 0x00, 0x22, 0xC2, 0x34, 0xF5, 0x2C, 0x22, 0x25,
    0xD3, 0x62, 0x4C, 0x40, 0xA2, 0x61, 0xA3, 0x2E, 0x17, 0x2D, 0x94, 0x41, 0x1B, 0xFE, 0x74, 0x55,
    0x80, 0xF1, 0x8A, 0x44, 0x0C, 0x9B, 0x61, 0xBF, 0x0E, 0xDA, 0x9B, 0x72, 0xC5, 0xD1, 0x4D, 0xB9,
    0x22, 0xBD, 0x89, 0x70, 0x07, 0xA2, 0x03, 0x21, 0x9A, 0x10, 0x06, 0xEC, 0xCA, 0xC3, 0x56, 0x42,
    0xCA, 0xAF, 0x21, 0x72, 0x97, 0x1B, 0x6D, 0xF2, 0xB0, 0x6C, 0x2E, 0x20, 0x6A, 0x7A, 0xAF, 0x10,
    0xE3, 0x51, 0x01, 0xD1, 0x34, 0x3C, 0x8A, 0x5A, 0xFA, 0x87, 0xB7, 0x96, 0xDB, 0x73, 0x71, 0x56,
    0x68, 0x72, 0x7E, 0xA8, 0xA7, 0xE4, 0x10, 0x2B, 0x7A, 0x50, 0x40, 0x2B, 0x2F, 0xD1, 0x00, 0x90,
    0xF5, 0x63, 0x69, 0xC7, 0x9F, 0xB5, 0xD6, 0x33, 0x1A, 0xDE, 0x50, 0x70, 0x40, 0x40, 0x6D, 0x12,
    0xFA, 0x3A, 0x21, 0x69, 0x55, 0xD6, 0x68, 0xAE, 0xC7, 0x82, 0x6E, 0x47, 0x4B, 0xF2, 0x28, 0x34,
    0x10, 0xBD, 0xB2, 0x4E, 0x35, 0x69, 0x75, 0x37, 0x94, 0xEE, 0x26, 0x7D, 0x0B, 0x2A, 0x65, 0x5A,
    0x14, 0x62, 0x3C, 0x25, 0xD1, 0x6B, 0x75, 0xF4, 0xE6, 0xE7, 0x1E, 0x7E, 0xBB, 0x8D, 0x7F, 0xFC,
    0x46, 0xB5, 0x11, 0x80, 0x0F, 0x75, 0x2B, 0x6C, 0x3A, 0xBD, 0xDD, 0x89, 0x8E, 0x60, 0xA9, 0x1B,
    0x14, 0x1E, 0x1A, 0x69, 0xB3, 0xE8, 0x83, 0xC5, 0xAB, 0xAE, 0xBB, 0xDF, 0xA9, 0xB1, 0x6A, 0x34,
    0x36, 0x56, 0xB5, 0xCC, 0xAF, 0x62, 0x4A, 0xB0, 0xBB, 0x63, 0x63, 0x55, 0x7F, 0xB3, 0x8D, 0x93,
    0x8F, 0xE3, 0xB0, 0x51, 0xDD, 0xAC, 0xB1, 0x6A, 0x33, 0x45, 0x8C, 0xE7, 0x2C, 0x7A, 0x16, 0x63,
    0xE7, 0x66, 0x7F, 0xDC, 0xFD, 0xF6, 0xBD, 0x57, 0x35, 0x63, 0xDE, 0x67, 0x85, 0x9D, 0xEC, 0xBD,
    0xBA, 0x41, 0xEF, 0xD5, 0x6F, 0xC2, 0xFB, 0x86, 0xDE, 0xAB, 0xAF, 0x54, 0x65, 0x27, 0x3F, 0x5C,
    0x84, 0xE2, 0x14, 0x34, 0x96, 0xA2, 0x89, 0xEC, 0x4C, 0xA4, 0x75, 0x27, 0xBD, 0x9B, 0xD2, 0xA6,
    0x66, 0xB1, 0x74, 0x5F, 0xDC, 0x69, 0x6E, 0xF4, 0x7A, 0x5E, 0xEB, 0xB0, 0x78, 0xD7, 0x6E, 0x48,
    0x1F, 0x7C, 0x3F, 0xFC, 0x97, 0xC6, 0x98, 0x17, 0x63, 0x3E, 0x4C, 0x14, 0x51, 0x4A, 0xB8, 0x70,
    0xC6, 0x7A, 0xA3, 0xF5, 0x39, 0xB0, 0xA8, 0x67, 0x2A, 0xCD, 0x92, 0xCC, 0xEA, 0x62, 0x63, 0xAD,
    0x2C, 0x40, 0xA0, 0x88, 0xDA, 0xE5, 0xCC, 0x67, 0x67, 0xD7, 0xD5, 0x05, 0xB3, 0x3F, 0x98, 0xDF,
    0x84, 0xD6, 0x4A, 0xAA, 0x47, 0x42, 0xF9, 0x82, 0x1F, 0x5E, 0x94, 0xE4, 0x22, 0x4F, 0x9F, 0x8A,
    0x92, 0x26, 0x4B, 0x3E, 0xF7, 0x32, 0xBA, 0x5E, 0x57, 0xE5, 0xF0, 0xD0, 0x50, 0x6B, 0xCF, 0x6B,
    0xDF, 0xF2, 0xFA, 0xFD, 0xEF, 0xEE, 0x9D, 0xBD, 0x54, 0xC6, 0x68, 0x04, 0xFB, 0xF1, 0x7A, 0x8A,
    0x2B, 0x6A, 0x7E, 0x39, 0x25, 0x8E, 0x12, 0x5C, 0x74, 0xFD, 0xFF, 0x9F, 0x5B, 0x9D, 0xD3, 0x60,
    0xCE, 0x60, 0xA2, 0x3A, 0x3B, 0x73, 0x8B, 0x8F, 0xAC, 0x33, 0xFA, 0x6A, 0x56, 0x9C, 0x9A, 0x7A,
    0xBF, 0xC3, 0x86, 0x69, 0x89, 0x87, 0x27, 0x61, 0xBD, 0x6C, 0xA8, 0x64, 0x0E, 0xE4, 0xA7, 0x02,
    0x26, 0xFA, 0x44, 0xB9, 0xC5, 0xC1, 0xE9, 0x0E, 0x15, 0x1F, 0x54, 0x27, 0x95, 0x5A, 0x25, 0x9D,
    0x55, 0xEA, 0x96, 0xA7, 0x60, 0x8A, 0x86, 0xDB, 0x1B, 0x2D, 0x42, 0x8D, 0x70, 0xFC, 0xC9, 0x9D,
    0xAB, 0x97, 0x7F, 0x6F, 0xFD, 0x61, 0x82, 0xC3, 0xC3, 0x67, 0xB5, 0x8E, 0x6F, 0x75, 0x76, 0x89,
    0x5D, 0x52, 0x5D, 0x64, 0xFA, 0xCB, 0x23, 0xF5, 0x58, 0x81, 0x1C, 0x3F, 0x4A, 0xB4, 0xFC, 0xE2,
    0x19, 0x75, 0x45, 0x1F, 0x48, 0x2F, 0x2F, 0xFD, 0x39, 0x85, 0xBA, 0x6C, 0x4F, 0x17, 0x05, 0x97,
    0xAB, 0xE7, 0xA1, 0xF2, 0x22, 0xB3, 0xF4, 0x1D, 0x01, 0xD9, 0xAB, 0xD0, 0x2B, 0x57, 0x34, 0xAC,
    0x2F, 0xBD, 0x87, 0x70, 0xF3, 0x29, 0x5C, 0x1A, 0x62, 0x8F, 0xB7, 0x33, 0x99, 0xA3, 0x02, 0xD6,
    0x7D, 0xDF, 0x7D, 0xB8, 0x3C, 0xC0, 0x5F, 0xF2, 0x5A, 0x02, 0x44, 0x0B, 0x7B, 0x27, 0x90, 0x2B,
    0x07, 0x67, 0x65, 0x51, 0xA8, 0x0B, 0x20, 0xA2, 0x62, 0x2A, 0x30, 0x60, 0x02, 0x05, 0x9C, 0x7A,
    0xA8, 0x01, 0x68, 0x09, 0x02, 0x70, 0x62, 0x48, 0xCF, 0x12, 0x0D, 0xFA, 0xB6, 0x80, 0x00, 0x8E,
    0x2F, 0x2C, 0x78, 0x9C, 0x4D, 0x52, 0xD3, 0x5B, 0x2A, 0x00, 0x18, 0x78, 0x48, 0xC1, 0xB7, 0xC1,
    0x13, 0x45, 0x40, 0xE9, 0xFE, 0x5F, 0xF4, 0x74, 0x73, 0x7D, 0xAC, 0xC5, 0xB7, 0x1E, 0x3D, 0x97,
    0xD8, 0xF9, 0x75, 0x37, 0x6D, 0xD4, 0xCE, 0xA4, 0x1B, 0x66, 0xE5, 0x68, 0x76, 0x9A, 0xC0, 0x39,
    0xF7, 0x61, 0x62, 0x7B, 0xB4, 0x29, 0x4B, 0x25, 0xA4, 0x6E, 0x67, 0x51, 0x7B, 0x7E, 0xC9, 0x4C,
    0x2F, 0x8C, 0xB7, 0xDE, 0x32, 0x0E, 0xF2, 0xF7, 0x90, 0x7C, 0x3E, 0x43, 0x09, 0xA5, 0xC7, 0xBE,
    0x18, 0xF4, 0x2C, 0x7D, 0xED, 0x0C, 0x6B, 0x2D, 0xB8, 0x76, 0x4D, 0x78, 0xB9, 0x58, 0x94, 0xDF,
    0xE1, 0xB9, 0x61, 0x2B, 0xB1, 0x84, 0x39, 0x2D, 0xEF, 0x1F, 0x2B, 0x9D, 0x1D, 0x59, 0x14, 0xB1,
    0x2A, 0x16, 0x19, 0x49, 0x2B, 0x7F, 0x02, 0xC5, 0x52, 0x7B, 0x27, 0xF7, 0xEA, 0x4E, 0x79, 0x85,
    0x15, 0x12, 0x7A, 0xFC, 0x84, 0x55, 0xD1, 0x6C, 0x26, 0xFD, 0x22, 0x38, 0x6D, 0x4C, 0x9C, 0x3C,
    0xD2, 0x70, 0x2C, 0x07, 0x2E, 0x7F, 0x35, 0xB6, 0x3F, 0x0A, 0x7D, 0x3D, 0xFC, 0x78, 0x96, 0x4D,
    0xED, 0xFF, 0x7D, 0x87, 0x57, 0xF0, 0x5D, 0x9C, 0x14, 0x90, 0x76, 0x00, 0xB0, 0x18, 0xAD, 0xC8,
    0x26, 0x29, 0x73, 0x75, 0x7C, 0xD3, 0xEB, 0xC6, 0x0E, 0x8B, 0x49, 0x15, 0xB0, 0xD4, 0x68, 0x41,
    0x0D, 0x47, 0x33, 0x6C, 0x51, 0xA7, 0x24, 0x92, 0x1C, 0x9C, 0xBB, 0x41, 0x1E, 0x6B, 0xC8, 0x0C,
    0x99, 0xB0, 0xB9, 0xC2, 0x77, 0xD6, 0x9D, 0x35, 0x34, 0xFE, 0xFF, 0x91, 0xC9, 0x79, 0x6F, 0x57,
    0x63, 0x76, 0x70, 0x78, 0xEA, 0xCC, 0x44, 0x4B, 0x93, 0x1A, 0x1D, 0x2D, 0x57, 0xD8, 0x48, 0x31,
    0xD3, 0xD3, 0x09, 0xD4, 0x68, 0xB8, 0xEE, 0x09, 0xA5, 0x84, 0x95, 0x5C, 0xE1, 0x38, 0x30, 0xEF,
    0x10, 0xB1, 0x76, 0xA7, 0x47, 0xA7, 0xFC, 0x25, 0x2C, 0x5F, 0xF5, 0x3F, 0x9F, 0x70, 0xA7, 0x04,
    0xCF, 0x66, 0xF9, 0xF0, 0x72, 0x93, 0xDD, 0xCC, 0xA2, 0x97, 0x7F, 0xF2, 0xEB, 0xE6, 0xC1, 0xEC,
    0xCA, 0xF2, 0xE5, 0xA1, 0x6A, 0x13, 0x31, 0xE0, 0x4B, 0x98, 0x3E, 0xE8, 0x2D, 0xCD, 0xBC, 0xBC,
    0x1F, 0x22, 0x69, 0x80, 0x91, 0x0C, 0xC8, 0x38, 0xC0, 0x7E, 0xED, 0x2C, 0x33, 0xD7, 0x25, 0x5F,
    0x3F, 0x66, 0x7A, 0x70, 0xC6, 0x23, 0x61, 0xDE, 0x46, 0x37, 0x7E, 0xA6, 0xE7, 0x56, 0x74, 0xBC,
    0x53, 0xF4, 0xAC, 0x30, 0xC3, 0x48, 0x5B, 0xE1, 0x31, 0x47, 0x17, 0x4A, 0x66, 0xB8, 0x09, 0xAE,
    0xD3, 0xDE, 0xCC, 0xD6, 0x68, 0xFB, 0x1F, 0xBE, 0x51, 0x09, 0xF6, 0xB4, 0x57, 0xE2, 0x47, 0x44,
    0xA8, 0xFC, 0xBA, 0x79, 0x00, 0x0D, 0xFC, 0xFF, 0xE6, 0x61, 0x46, 0x00, 0xDB, 0x84, 0x39, 0x6A,
    0x7F, 0xDF, 0xB2, 0x30, 0x43, 0xE1, 0xA8, 0x20, 0xB6, 0x3E, 0x32, 0xF7, 0xEF, 0xD8, 0x0B, 0x95,
    0xF9, 0x94, 0x52, 0xB5, 0x37, 0x91, 0x5E, 0x48, 0x2C, 0xBC, 0xF6, 0xB0, 0xB0, 0x10, 0xE6, 0xD9,
    0xF7, 0xA7, 0xFB, 0xFF, 0xAF, 0xC7, 0x3E, 0x7F, 0xCB, 0xE6, 0xFC, 0x2A, 0x15, 0x81, 0xD6, 0x45,
    0x6F, 0x7E, 0x7D, 0xF3, 0xE4, 0x95, 0xF8, 0x27, 0xF5, 0x36, 0xFB, 0x72, 0x58, 0x97, 0x4D, 0xE6,
    0x86, 0xBF, 0x43, 0x56, 0x65, 0x8E, 0xD5, 0xC3, 0x04, 0x92, 0xCD, 0x41, 0x22, 0xC5, 0x22, 0xB7,
    0xA0, 0x3A, 0xB3, 0xFD, 0x69, 0x08, 0x8F, 0xC6, 0xD5, 0x18, 0xAE, 0xDF, 0x98, 0xF1, 0x5B, 0x98,
    0xCA, 0x1A, 0x6B, 0xD1, 0xB8, 0x5E, 0x69, 0x3D, 0xA6, 0xF5, 0x90, 0xBE, 0xC6, 0xAA, 0xF3, 0xBA,
    0x13, 0x57, 0x0B, 0xFC, 0x3E, 0x0D, 0x6F, 0xEC, 0xB7, 0xB7, 0x8C, 0x73, 0xB2, 0xC2, 0x2D, 0x39,
    0xA5, 0x71, 0xDC, 0x67, 0x5A, 0x8A, 0x12, 0x80, 0xE6, 0x56, 0x27, 0x3F, 0xB3, 0xE2, 0xDB, 0xB5,
    0x52, 0x85, 0xB1, 0x60, 0xD5, 0xE1, 0xDF, 0xD6, 0xD2, 0xFA, 0x8D, 0x0A, 0xFA, 0x56, 0x1D, 0x82,
    0x37, 0xED, 0xA4, 0x23, 0x3D, 0x47, 0x2F, 0x7D, 0x84, 0xEC, 0x3A, 0xF9, 0x1A, 0xD9, 0x5C, 0x5C,
    0xBD, 0x43, 0x8E, 0xB9, 0x7E, 0x91, 0xC7, 0xCB, 0x0A, 0xD6, 0x54, 0xB4, 0xE6, 0x23, 0x3B, 0x02,
    0xA8, 0x53, 0x55, 0x07, 0x58, 0x5E, 0xFC, 0xE0, 0xF5, 0x1B, 0xD8, 0xD8, 0x87, 0x9B, 0x90, 0x28,
    0xC7, 0x30, 0x5B, 0x5C, 0xBF, 0xA8, 0x07, 0xA8, 0x3D, 0x08, 0xF1, 0x15, 0x36, 0xF7, 0x83, 0x41,
    0x84, 0x9D, 0x18, 0xE1, 0xE5, 0x2D, 0xB0, 0x7A, 0x21, 0xE2, 0x67, 0x04, 0xC8, 0x8C, 0xE2, 0x2E,
    0x6C, 0x7D, 0xA6, 0x85, 0x59, 0x29, 0xD5, 0x93, 0xEE, 0x4E, 0x02, 0xC3, 0x56, 0xFF, 0x22, 0x65,
    0xC7, 0x43, 0x9B, 0xA9, 0x70, 0x5F, 0x3D, 0xE5, 0xC5, 0xF1, 0xE7, 0xC9, 0xF7, 0x72, 0x18, 0x93,
    0x38, 0x61, 0x0C, 0x29, 0xF7, 0x90, 0x8B, 0x5A, 0xC2, 0x74, 0x85, 0xEA, 0xC3, 0x8B, 0x3C, 0x8B,
    0x03, 0xD5, 0xAB, 0x08, 0x53, 0xD4, 0xA4, 0x46, 0xD2, 0x76, 0xCB, 0x83, 0xAF, 0x84, 0xF7, 0x50,
    0x7A, 0xE8, 0x51, 0x31, 0xCB, 0x4D, 0xA4, 0x41, 0xA1, 0x54, 0x0D, 0x90, 0x17, 0x35, 0xDB, 0x53,
    0x99, 0x98, 0x4A, 0x05, 0x3B, 0x05, 0xC6, 0x0E, 0x16, 0x86, 0xF1, 0xB0, 0x80, 0xEE, 0x74, 0x8C,
    0x73, 0x85, 0xAD, 0x3F, 0x78, 0xAA, 0xC7, 0x0A, 0x3F, 0x08, 0xAA, 0x83, 0xDF, 0x3E, 0x98, 0x73,
    0xDE, 0x45, 0xED, 0x5D, 0x14, 0x70, 0x59, 0x32, 0xB2, 0x87, 0x65, 0xEE, 0xF3, 0xAC, 0x11, 0x08,
    0x61, 0x0C, 0xF0, 0x33, 0xD0, 0xCE, 0x27, 0x2F, 0x08, 0x70, 0xD0, 0xF8, 0x77, 0x09, 0xD7, 0x89,
    0x60, 0x67, 0xFA, 0x35, 0x44, 0xC0, 0x62, 0x40, 0x49, 0xEE, 0x4D, 0x5E, 0xC6, 0x16, 0xDC, 0x07,
    0x9C, 0xE3, 0x81, 0xD6, 0x79, 0x80, 0x5A, 0xEA, 0x27, 0x45, 0x7F, 0x10, 0xA2, 0x2E, 0xD5, 0x07,
    0x0A, 0xB2, 0x96, 0xE5, 0x3D, 0x70, 0x51, 0x51, 0x5B, 0x9F, 0xFB, 0x55, 0xFF, 0xDC, 0x8F, 0xF8,
    0x3C, 0x21, 0xA7, 0xB9, 0x26, 0x76, 0xD8, 0x89, 0xFA, 0x2A, 0x86, 0xC9, 0xFF, 0x30, 0x9D, 0xAB,
    0xB7, 0x98, 0x39, 0x3E, 0xB6, 0xBE, 0x24, 0x08, 0x67, 0x4E, 0x9A, 0x82, 0x19, 0xA9, 0xAC, 0xE9,
    0x4F, 0xDC, 0x90, 0xFA, 0x1B, 0xEE, 0xD5, 0xDE, 0xEB, 0x4B, 0xF6, 0x17, 0x2E, 0x79, 0xC0, 0x05,
    0x3A, 0xD9, 0xD2, 0x58, 0x64, 0x27, 0x84, 0xF5, 0x19, 0xB6, 0x62, 0xB8, 0x93, 0xC5, 0x1F, 0x34,
    0x6A, 0xEA, 0x6A, 0xFD, 0x3C, 0xCF, 0x5E, 0xD4, 0x5D, 0x2F, 0x0E, 0xCB, 0xD7, 0xE5, 0xE9, 0xA9,
    0x18, 0xD5, 0x4F, 0x0A, 0x4D, 0x55, 0xE1, 0xF6, 0xC1, 0x2B, 0xB2, 0x53, 0x41, 0x77, 0x25, 0xC6,
    0x5E, 0x97, 0xA9, 0xAC, 0xF9, 0x2E, 0x97, 0xBE, 0x46, 0x47, 0x86, 0x55, 0x2E, 0x5B, 0x69, 0xC7,
    0xE8, 0xCD, 0xA8, 0xE6, 0x59, 0xCD, 0x66, 0xBC, 0x98, 0xAB, 0xCB, 0xB2, 0x9B, 0x17, 0x83, 0xF9,
    0x3F, 0x2C, 0xF3, 0x79, 0x3D, 0x35, 0x00, 0x10, 0xA6, 0xA9, 0xD7, 0x3C, 0xA9, 0x32, 0xEC, 0x41,
    0x1D, 0xE7, 0x0A, 0x0F, 0x62, 0xD3, 0xC8, 0x04, 0x3F, 0xDA, 0xB1, 0x6C, 0xD7, 0x87, 0xAC, 0x94,
    0xAE, 0x3D, 0xFB, 0x9B, 0xE9, 0x0B, 0xFF, 0xD4, 0x78, 0x44, 0x79, 0x46, 0x3C, 0x02, 0x1C, 0x2C,
    0xFA, 0x5B, 0xE5, 0x21, 0x57, 0x8C, 0x9A, 0xE0, 0x79, 0xDD, 0x26, 0xB4, 0xA8, 0x11, 0x6C, 0x41,
    0x2B, 0xDF, 0xDF, 0xC1, 0xC1, 0xB4, 0x9E, 0x1C, 0x4C, 0xE4, 0x7B, 0xCA, 0x3A, 0x72, 0xEB, 0xF6,
    0x4B, 0x15, 0x40, 0xB6, 0xE2, 0x02, 0x02, 0x1A, 0x88, 0x67, 0xA0, 0xCD, 0x8A, 0x70, 0xC0, 0xE1,
    0x21, 0x04, 0xE0, 0x59, 0x25, 0x53, 0x6B, 0x8F, 0x7A, 0x3D, 0x0A, 0xBA, 0x18, 0x34, 0x1F, 0x49,
    0xE6, 0x86, 0x94, 0x81, 0x2D, 0xC6, 0x8D, 0x99, 0xD5, 0x23, 0x18, 0xA5, 0xA5, 0x20, 0xA7, 0x8F,
    0x45, 0x87, 0x78, 0x0F, 0x4E, 0x1D, 0x8B, 0xDE, 0xCF, 0x8E, 0x45, 0xAF, 0xC6, 0x63, 0xD1, 0x7F,
    0xD0, 0x7F, 0xDF, 0x01, 0xDB, 0x84, 0x8B, 0xDD, 0x5D, 0x1E, 0xE6, 0xF3, 0x63, 0xD1, 0xB7, 0xEF,
    0x7E, 0x2C, 0xFA, 0x25, 0xD1, 0xA1, 0xE4, 0xFF, 0x50, 0xCF, 0x3C, 0xA8, 0xE0, 0xD5, 0x5E, 0xE2,
    0x98, 0x23, 0xEB, 0x80, 0xE5, 0x4F, 0x68, 0xB3, 0x38, 0xA0, 0xC6, 0xA5, 0x9D, 0x0F, 0x27, 0x2A,
    0xD7, 0x5F, 0x9B, 0x9F, 0x39, 0x1F, 0x4F, 0x7B, 0xB3, 0x88, 0xE2, 0xA5, 0xE2, 0xA7, 0xD7, 0xAE,
    0xED, 0xFF, 0x54, 0xB1, 0x79, 0xE8, 0x14, 0xB9, 0xD1, 0x10, 0xE1, 0x0E, 0x83, 0xAD, 0x2D, 0xBA,
    0xB4, 0xD2, 0x93, 0x6E, 0x7A, 0x15, 0x33, 0xA1, 0x9D, 0x30, 0x1B, 0x6B, 0x07, 0x91, 0xF1, 0x2C,
    0xB7, 0xCC, 0xD2, 0xF9, 0x33, 0xAB, 0x15, 0x48, 0xAD, 0xAF, 0xCD, 0xAC, 0x13, 0xA1, 0x29, 0xAC,
    0x0F, 0xAA, 0xA8, 0x59, 0xB1, 0xE2, 0xA1, 0x31, 0x57, 0x12, 0xF7, 0x62, 0xED, 0x3D, 0x4A, 0x76,
    0x6E, 0x76, 0xAF, 0x79, 0xEB, 0x35, 0x13, 0x1E, 0x3A, 0x97, 0xEC, 0x61, 0xE5, 0xA1, 0x26, 0x81,
    0xBD, 0x40, 0x54, 0x48, 0x48, 0x3E, 0x4C, 0x0A, 0x2D, 0x0E, 0x4D, 0xEB, 0x6F, 0x9D, 0x1D, 0x6B,
    0x29, 0x4B, 0x78, 0x52, 0xB3, 0x38, 0xF0, 0xE0, 0xF4, 0x47, 0x0C, 0xC3, 0xB7, 0xCC, 0xEB, 0xC9,
    0x9E, 0x41, 0x06, 0x7D, 0x78, 0xDC, 0x80, 0x57, 0x15, 0x4F, 0x81, 0x3E, 0xA2, 0x77, 0x56, 0xD0,
    0xD4, 0x90, 0x39, 0xA0, 0x87, 0x85, 0x37, 0xE6, 0x5C, 0x32, 0x9E, 0x6B, 0x4A, 0x83, 0x91, 0x90,
    0x92, 0xE3, 0xC9, 0xE0, 0x3D, 0x9C, 0x74, 0x7F, 0x61, 0xE2, 0x67, 0xAD, 0xD5, 0x7D, 0xA1, 0x86,
    0x1A, 0x16, 0x8C, 0x53, 0x74, 0xEE, 0xE0, 0xDE, 0x3E, 0xD8, 0x3E, 0x70, 0x14, 0x36, 0x7F, 0xD1,
    0x47, 0xF5, 0x6F, 0xDA, 0xF8, 0xA5, 0x37, 0x36, 0xE9, 0xD3, 0x43, 0x9D, 0x3D, 0x3A, 0x73, 0x2D,
    0xFD, 0x95, 0x4C, 0xE9, 0x5E, 0xF9, 0xFF, 0xCF, 0xDC, 0x85, 0xE2, 0x87, 0xEE, 0x87, 0x59, 0x33,
    0xB9, 0x96, 0x96, 0xC3, 0x2D, 0x17, 0x5D, 0x55, 0x36, 0xFB, 0x27, 0x8E, 0x1A, 0x85, 0xFB, 0xB3,
    0xA9, 0x1A, 0x8A, 0x2A, 0xF8, 0x92, 0xB3, 0x55, 0x0B, 0xDD, 0xEA, 0xA6, 0xDE, 0x2D, 0x52, 0x37,
    0x2B, 0x52, 0x27, 0x3F, 0xBA, 0xA4, 0xFD, 0x0E, 0x70, 0xBB, 0x29, 0xF6, 0xD9, 0xA9, 0xFA, 0xE6,
    0xE9, 0xC6, 0x70, 0x76, 0xCE, 0xA1, 0x1E, 0xDF, 0x7D, 0xF2, 0xBC, 0x83, 0x9D, 0x58, 0xDE, 0xCA,
    0x0E, 0xB0, 0xD0, 0xD3, 0xAA, 0xF5, 0xE0, 0x0A, 0x3D, 0xB4, 0xA2, 0x38, 0xE3, 0xC0, 0x0A, 0xEA,
    0xFC, 0x70, 0x8D, 0x53, 0xF9, 0xD5, 0xB8, 0xD3, 0xD9, 0x21, 0xF8, 0x8F, 0x3D, 0x6B, 0xA5, 0x93,
    0x08, 0x42, 0x5B, 0xC1, 0x51, 0xE3, 0x9D, 0x7D, 0xBD, 0x4D, 0x3C, 0x78, 0xFC, 0xA7, 0x56, 0x49,
    0xAE, 0xE1, 0x83, 0xDA, 0x8B, 0x97, 0xD6, 0x4F, 0x90, 0x13, 0xEE, 0x76, 0x6E, 0x3E, 0xFD, 0x17,
    0x72, 0xCF, 0xD0, 0x45, 0x0F, 0x8A, 0x15, 0x53, 0x6A, 0xA8, 0x59, 0x05, 0xFD, 0xBC, 0x3A, 0x73,
    0xC9, 0x43, 0x62, 0x54, 0x8B, 0xC0, 0x29, 0xD1, 0x0D, 0x2B, 0x6B, 0x35, 0x5F, 0xA8, 0xD7, 0x2A,
    0x6C, 0x9E, 0x91, 0xCB, 0xF3, 0x5F, 0xD5, 0x40, 0x13, 0xA0, 0x58, 0xB0, 0x48, 0x43, 0x45, 0x1A,
    0x28, 0xD2, 0x12, 0xDE, 0xD9, 0xCF, 0x1D, 0xA3, 0x81, 0x05, 0xC7, 0x10, 0x62, 0xD8, 0xCE, 0xF2,
    0x9D, 0x32, 0x26, 0x34, 0x21, 0x92, 0x57, 0x90, 0x3B, 0xA6, 0x6C, 0x0F, 0x92, 0x52, 0xE4, 0x43,
    0x7E, 0xA4, 0xA6, 0x6B, 0x6D, 0xCB, 0x79, 0xB4, 0x45, 0xAB, 0x1F, 0x79, 0x0C, 0xA5, 0x2B, 0x29,
    0x02, 0x13, 0x3B, 0x95, 0xB1, 0x9F, 0x15, 0xA4, 0x5C, 0xE5, 0x0E, 0x5C, 0xD4, 0xC4, 0x7C, 0x26,
    0x7C, 0xD3, 0xDB, 0x4C, 0xFB, 0x1E, 0xB9, 0x16, 0xCC, 0xF7, 0xA6, 0xB3, 0x39, 0x3E, 0x75, 0x90,
    0x56, 0xC9, 0x12, 0x41, 0x64, 0x65, 0xE0, 0x10, 0x43, 0x31, 0x88, 0x8B, 0x3C, 0x7D, 0x51, 0x98,
    0x60, 0x0B, 0xE3, 0x69, 0x23, 0x33, 0x1C, 0x5E, 0x15, 0xB5, 0xBE, 0xC7, 0xB3, 0xF7, 0x54, 0x49,
    0x5A, 0x8F, 0x31, 0x75, 0xB6, 0x2C, 0xA8, 0xEE, 0xC1, 0x1B, 0x4C, 0x82, 0x77, 0xB6, 0xBE, 0x37,
    0xCD, 0x51, 0x0E, 0x6E, 0xBE, 0xE7, 0xDB, 0xEF, 0x58, 0xAB, 0x9B, 0xFF, 0xDC, 0xD2, 0xB1, 0x31,
    0x68, 0xDD, 0x0B, 0x4B, 0x37, 0x94, 0xA1, 0xF3, 0x48, 0x63, 0xE3, 0xE8, 0xC6, 0x57, 0xE4, 0xE7,
    0x0E, 0xB8, 0x0C, 0x6F, 0xD7, 0xB2, 0x81, 0x24, 0xF9, 0x42, 0x5F, 0xF6, 0x56, 0x38, 0x62, 0x87,
    0xB3, 0xD9, 0x81, 0xF3, 0x9A, 0xCA, 0xC3, 0xAC, 0x42, 0x0F, 0xA0, 0x4C, 0xCF, 0x38, 0x46, 0x72,
    0x1C, 0xCD, 0xD6, 0x35, 0xCF, 0xA1, 0xED, 0xD9, 0x4F, 0xBC, 0x58, 0x27, 0xA4, 0xD5, 0x3F, 0x07,
    0xF8, 0xAD, 0x85, 0xCE, 0x9E, 0xC8, 0xBF, 0x4F, 0xCA, 0xD4, 0xB3, 0xF5, 0xD0, 0x66, 0x5B, 0xA6,
    0x75, 0x25, 0xCF, 0xFC, 0xD4, 0x45, 0x7F, 0xB7, 0x52, 0x33, 0xAF, 0xAF, 0xE9, 0x98, 0x11, 0x22,
    0xDF, 0xF2, 0x0C, 0x9F, 0xD0, 0x9F, 0xA6, 0x7D, 0xD2, 0x2A, 0x98, 0x0C, 0x80, 0x5C, 0x55, 0xAB,
    0x4B, 0xD7, 0xFE, 0x9D, 0xCC, 0x35, 0x1A, 0xFA, 0x44, 0xAD, 0x6B, 0x88, 0xC3, 0xC2, 0x27, 0x60,
    0x2D, 0x35, 0x35, 0x95, 0xE6, 0x35, 0x4B, 0x75, 0x87, 0x35, 0x9B, 0xA0, 0xF5, 0xC1, 0xB5, 0xE1,
    0x1A, 0xCE, 0x71, 0xD7, 0xDA, 0x4E, 0x97, 0x7D, 0x5D, 0x63, 0xCE, 0x2C, 0x27, 0x4C, 0xB4, 0xE2,
    0x50, 0xF5, 0x7E, 0xEB, 0x40, 0xA4, 0x7A, 0xBE, 0x1D, 0xDD, 0x68, 0xC7, 0x47, 0x34, 0xB3, 0xDA,
    0x2C, 0x65, 0x01, 0x66, 0x62, 0x1B, 0x6A, 0xF5, 0x7B, 0xA3, 0x37, 0xC6, 0xDB, 0xD8, 0x6A, 0x39,
    0xA3, 0x17, 0x69, 0xA2, 0x07, 0x6D, 0x30, 0x15, 0xB9, 0x36, 0x8B, 0xC6, 0xD6, 0xB6, 0x54, 0x6D,
    0x20, 0xD1, 0x2C, 0xDF, 0x9B, 0x1C, 0x3D, 0xD4, 0x6A, 0x67, 0xD9, 0xD1, 0xC8, 0x17, 0xC8, 0xB5,
    0xEC, 0xFA, 0xA1, 0x26, 0xB4, 0xE0, 0x87, 0xAA, 0x8B, 0x54, 0xAF, 0x5D, 0x7B, 0xC5, 0x8D, 0x56,
    0xB4, 0x8B, 0x5F, 0x9B, 0x57, 0x4C, 0xAA, 0x26, 0x66, 0x3E, 0x24, 0x6B, 0xC7, 0xD6, 0xCE, 0xEA,
    0x8E, 0x94, 0x15, 0xDE, 0x2E, 0xAB, 0xC9, 0xE6, 0xF1, 0x5D, 0x68, 0x54, 0x4C, 0xFF, 0x6F, 0xED,
    0x7D, 0x3D, 0xAC, 0xE5, 0xE6, 0x79, 0xE6, 0x47, 0x52, 0x73, 0x69, 0x89, 0x70, 0xA8, 0x05, 0x46,
    0x8B, 0x58, 0x83, 0x98, 0x2E, 0xBC, 0x80, 0x6D, 0x48, 0xA1, 0xCB, 0x14, 0xD6, 0x90, 0xB2, 0x80,
    0xB8, 0x48, 0xA1, 0xBB, 0x80, 0xC6, 0x0B, 0x58, 0x85, 0x5C, 0xB8, 0xC8, 0xBA, 0xC8, 0x6C, 0x91,
    0x42, 0x0B, 0x68, 0x86, 0xB4, 0x5D, 0xB8, 0x70, 0xE1, 0x5B, 0xC4, 0x29, 0xD6, 0x85, 0x55, 0xC8,
    0xD8, 0xF5, 0x35, 0xB0, 0x4A, 0xA1, 0x42, 0xC0, 0xEA, 0x0E, 0xE9, 0xB8, 0x50, 0xA1, 0x22, 0x94,
    0x85, 0x85, 0x8A, 0x2D, 0xC4, 0x8D, 0x15, 0x18, 0x90, 0x0A, 0xD1, 0x0A, 0xB3, 0xE2, 0x68, 0x48,
    0x7E, 0xFB, 0x3E, 0xCF, 0xFB, 0x91, 0xE7, 0xE7, 0xDE, 0x2B, 0x09, 0xD8, 0x8D, 0xAD, 0x3B, 0xF2,
    0x01, 0xE6, 0x9C, 0x3B, 0xE7, 0xF0, 0xE7, 0xFB, 0xDE, 0xFF, 0x7F, 0x1A, 0xB3, 0x79, 0xFD, 0x1D,
    0xDF, 0xBD, 0x49, 0xFF, 0x67, 0x4B, 0x7E, 0x54, 0x1D, 0x3F, 0xB2, 0x51, 0x3F, 0x0A, 0x7E, 0x24,
    0x8F, 0x37, 0xF8, 0x88, 0x7F, 0x39, 0xE0, 0x23, 0x6A, 0x66, 0x7C, 0x04, 0x5D, 0x5A, 0xCB, 0x87,
    0xDF, 0x87, 0x38, 0xC5, 0x1B, 0xF4, 0x42, 0xA3, 0xC9, 0x72, 0xF9, 0xB8, 0x69, 0xE2, 0x16, 0xE7,
    0x9B, 0x00, 0x17, 0x4A, 0x4B, 0x53, 0xE1, 0x7C, 0x6B, 0xAD, 0x5C, 0x28, 0x92, 0x8F, 0xDE, 0x98,
    0xF0, 0xFD, 0xE3, 0x63, 0xB9, 0x50, 0x20, 0x7F, 0x66, 0xB5, 0xF1, 0xE4, 0xB8, 0x58, 0x2E, 0x24,
    0x17, 0xF1, 0xE5, 0x4F, 0x1C, 0x5E, 0xE5, 0x72, 0xBE, 0xDC, 0xBC, 0x35, 0x19, 0xCE, 0x9A, 0x1F,
    0xB5, 0xB2, 0xC6, 0xC2, 0x0E, 0xD6, 0xCA, 0x37, 0x76, 0x32, 0xFB, 0xAF, 0xA4, 0xE5, 0x47, 0x6A,
    0xF5, 0x7F, 0x5F, 0xE3, 0x9A, 0xA3, 0x92, 0x6B, 0xF6, 0xDB, 0x47, 0xF8, 0xED, 0x49, 0xCA, 0x8F,
    0x58, 0x8F, 0x31, 0xB7, 0xF4, 0x23, 0x2D, 0x2F, 0xCB, 0xED, 0xE6, 0xCC, 0x78, 0x16, 0xF7, 0xB0,
    0x8F, 0xCA, 0x32, 0xAD, 0x49, 0x3A, 0x59, 0x86, 0x3F, 0x98, 0x02, 0xAB, 0xCA, 0x4A, 0x59, 0x4C,
    0x5C, 0x9B, 0xA4, 0x8E, 0x3A, 0x13, 0xB5, 0xC1, 0x80, 0x85, 0x4F, 0x58, 0xAB, 0xAC, 0x51, 0x8E,
    0xAD, 0x8D, 0xAD, 0x05, 0x10, 0xFF, 0xA3, 0xFD, 0x37, 0x93, 0x39, 0xE9, 0x1F, 0x2A, 0xEA, 0xF1,
    0x46, 0x16, 0xDB, 0x29, 0xB1, 0xBE, 0x9D, 0x42, 0x9B, 0x67, 0x83, 0x1C, 0x64, 0x0E, 0xCD, 0x3D,
    0x6E, 0xAD, 0x1E, 0x40, 0xE8, 0xCB, 0x46, 0x8C, 0xD7, 0x3D, 0x23, 0x7F, 0xBE, 0x18, 0xCB, 0xDB,
    0xD5, 0x50, 0x00, 0x1A, 0xFD, 0x12, 0xDB, 0xB0, 0x1D, 0x01, 0xED, 0x0E, 0x06, 0x44, 0x4D, 0x01,
    0x04, 0x05, 0x5C, 0x78, 0xC2, 0x3D, 0x15, 0x00, 0xBF, 0xF9, 0x4B, 0x73, 0xC6, 0xCB, 0xFB, 0xF6,
    0x71, 0xCE, 0xCD, 0xB4, 0x04, 0x7A, 0x67, 0xFE, 0x5D, 0x65, 0x8A, 0xD6, 0xC8, 0xAA, 0x05, 0xD4,
    0x82, 0x99, 0x42, 0x40, 0x9B, 0x0B, 0xC2, 0x04, 0xEA, 0x61, 0x6F, 0x64, 0x47, 0x82, 0x4A, 0xD9,
    0xE1, 0x8C, 0x9D, 0xCA, 0xFF, 0xE4, 0x3B, 0xB9, 0x4F, 0x82, 0xD3, 0x4D, 0x85, 0xF7, 0xE0, 0xF6,
    0xD7, 0x71, 0xA9, 0xC6, 0x14, 0x0D, 0xC0, 0x51, 0x94, 0xC0, 0x91, 0xC5, 0xA1, 0x82, 0x5F, 0x39,
    0x51, 0x30, 0x27, 0xF8, 0xC8, 0x4A, 0x81, 0x80, 0x5C, 0x35, 0xE5, 0x3D, 0xAC, 0x2C, 0xC0, 0x5C,
    0x99, 0x8F, 0xAB, 0x2E, 0x94, 0x25, 0xCC, 0x82, 0x17, 0x3B, 0xE7, 0xEB, 0x0A, 0x1F, 0x24, 0xB1,
    0x95, 0x0B, 0xE1, 0x59, 0xFC, 0x32, 0x9F, 0xB1, 0x93, 0x43, 0x1C, 0x36, 0x00, 0x56, 0xF2, 0xE6,
    0xFD, 0x07, 0x6C, 0x1C, 0x14, 0x23, 0xD4, 0x27, 0x6F, 0xA4, 0xBC, 0x08, 0xF0, 0x8A, 0x01, 0xAA,
    0x18, 0x00, 0x49, 0xEA, 0x2B, 0xA5, 0x49, 0xBE, 0x23, 0x7B, 0x4E, 0xBF, 0x66, 0x65, 0x71, 0xC9,
    0xFF, 0x92, 0xB7, 0x1B, 0xFE, 0x64, 0x6E, 0xF6, 0xB2, 0xB4, 0xAA, 0x95, 0x85, 0xDA, 0x1A, 0x6F,
    0xB2, 0x7F, 0xC1, 0x82, 0x37, 0x7A, 0xC0, 0xA2, 0xEC, 0x27, 0x18, 0xE4, 0xC2, 0x41, 0x27, 0x17,
    0x8E, 0x3A, 0xD9, 0x58, 0x52, 0xCB, 0x1E, 0xB2, 0x92, 0x1B, 0x49, 0xE6, 0x27, 0x47, 0xAC, 0x5F,
    0xBE, 0xB8, 0x2E, 0x2B, 0xBD, 0xC7, 0xC3, 0xAA, 0xCC, 0x37, 0x8E, 0x8F, 0x04, 0x14, 0x56, 0x16,
    0x16, 0xC8, 0x06, 0x47, 0x73, 0xEF, 0xF5, 0x1A, 0x88, 0x99, 0x01, 0x0D, 0x81, 0x74, 0xD2, 0x10,
    0x60, 0xB9, 0x00, 0x8C, 0xB7, 0x00, 0xB4, 0x78, 0x49, 0x01, 0xBD, 0xFC, 0x4F, 0xBE, 0x13, 0x5C,
    0x84, 0x38, 0x1D, 0x97, 0xC6, 0x89, 0xD7, 0x2A, 0x52, 0x55, 0xD2, 0x83, 0x9C, 0x84, 0x9A, 0x2B,
    0x70, 0x86, 0x42, 0x5A, 0x4E, 0x0C, 0xC8, 0x5A, 0x71, 0x0B, 0x4E, 0x29, 0xF2, 0xA8, 0x73, 0xD8,
    0x2C, 0xEA, 0x03, 0x7B, 0xFC, 0xFC, 0x08, 0x64, 0xDB, 0x12, 0xAC, 0x75, 0x74, 0x16, 0x41, 0xDC,
    0x47, 0xC8, 0x13, 0xCA, 0x11, 0x39, 0x27, 0x23, 0x9F, 0x57, 0xF9, 0x02, 0xE3, 0x8F, 0x35, 0xA4,
    0x77, 0xB7, 0x91, 0xE1, 0xE6, 0x55, 0xBD, 0x90, 0x4E, 0xB5, 0xF9, 0xF9, 0x22, 0x61, 0x44, 0xA5,
    0x2D, 0xC4, 0x58, 0x40, 0x71, 0x28, 0x07, 0xD6, 0x17, 0x05, 0x0D, 0x2A, 0x66, 0x45, 0x44, 0x64,
    0xEB, 0xDB, 0xE6, 0x15, 0x52, 0x91, 0x10, 0x2B, 0xC9, 0x48, 0x91, 0x85, 0xA5, 0x16, 0xA0, 0xBA,
    0x80, 0x1C, 0x7E, 0xEF, 0xFE, 0xA5, 0x0E, 0x44, 0x58, 0x29, 0xDC, 0x3D, 0xA2, 0x2D, 0x11, 0xB8,
    0xB7, 0xBE, 0xDC, 0x37, 0x2D, 0x21, 0xD3, 0x4F, 0x20, 0x8C, 0xFC, 0x0E, 0xDA, 0x21, 0x2E, 0x05,
    0x7B, 0xE6, 0x0B, 0x54, 0x2A, 0x40, 0xE7, 0x72, 0x23, 0xFD, 0x82, 0x2A, 0x07, 0xE8, 0x5C, 0xB4,
    0x5A, 0x38, 0x6C, 0xF4, 0x02, 0xA9, 0xC6, 0x70, 0xA5, 0x01, 0x7F, 0x8C, 0x70, 0x4E, 0x13, 0xCB,
    0x7B, 0x9A, 0xA7, 0xB3, 0xB9, 0x32, 0x62, 0x23, 0x02, 0x29, 0x45, 0x7D, 0xA4, 0x0A, 0xE6, 0x89,
    0x7D, 0xF5, 0xC2, 0xCD, 0x78, 0x94, 0xC5, 0x46, 0xEF, 0x41, 0x46, 0xA2, 0x9E, 0x4C, 0xF8, 0xE7,
    0x7F, 0xDE, 0x86, 0x85, 0x43, 0x1C, 0xD6, 0x27, 0x18, 0xD1, 0x65, 0x2D, 0xFF, 0xBE, 0xB2, 0x0F,
    0x87, 0xEB, 0x47, 0x02, 0x80, 0x59, 0x30, 0x6F, 0x6B, 0x7F, 0x7A, 0x12, 0x64, 0x75, 0xBF, 0x19,
    0x9D, 0x96, 0x82, 0x26, 0x84, 0xBE, 0xC5, 0x1E, 0x41, 0x0F, 0xBC, 0x12, 0x80, 0x01, 0x28, 0x88,
    0xBC, 0xF6, 0x04, 0xB5, 0x61, 0x9D, 0x35, 0x51, 0x1B, 0x01, 0x6D, 0x2A, 0xF9, 0x65, 0x95, 0x97,
    0xDD, 0xB5, 0x23, 0x68, 0x5C, 0x4B, 0x72, 0xD1, 0x25, 0xF9, 0xF2, 0x85, 0x28, 0x37, 0xC2, 0xC8,
    0x6F, 0xDD, 0x51, 0xEE, 0x68, 0x65, 0x29, 0x8F, 0xE2, 0xC2, 0xA9, 0x1C, 0xE3, 0x3B, 0xE9, 0xFC,
    0xDC, 0xB9, 0xC4, 0xFC, 0xE0, 0x31, 0x7E, 0x4B, 0x54, 0xC9, 0x67, 0xC4, 0x24, 0xF4, 0xCE, 0x53,
    0xB8, 0x4C, 0x25, 0x57, 0xAB, 0x29, 0xE1, 0x33, 0x55, 0xF2, 0x71, 0x4F, 0x95, 0x1F, 0x0D, 0x54,
    0xF7, 0xE1, 0x48, 0x10, 0x05, 0x20, 0x4A, 0xFD, 0xE8, 0xF9, 0x11, 0x2A, 0xEC, 0x22, 0xFD, 0x00,
    0x05, 0xC8, 0xEF, 0x00, 0x81, 0xEC, 0x18, 0x1B, 0x57, 0xCD, 0x85, 0x1F, 0xF0, 0x91, 0x36, 0x44,
    0x7E, 0x46, 0x5D, 0x06, 0x54, 0x0B, 0x7C, 0x80, 0x6B, 0xD9, 0x4E, 0x3C, 0xF0, 0x8B, 0xAA, 0x31,
    0xE0, 0x4D, 0x4B, 0x29, 0xE1, 0xB4, 0xDB, 0xED, 0xDD, 0x5D, 0x28, 0x2C, 0xB2, 0x66, 0x05, 0x40,
    0xA4, 0xB4, 0xD5, 0x9C, 0xB9, 0xE7, 0x4B, 0xC4, 0x1B, 0x69, 0x1B, 0x4C, 0x6C, 0x2E, 0x5D, 0x6F,
    0x56, 0x72, 0xF0, 0x79, 0x62, 0xA4, 0xD7, 0xCB, 0xD5, 0x38, 0x72, 0x04, 0xE3, 0x0F, 0x62, 0x12,
    0x89, 0xC5, 0x71, 0x8B, 0x46, 0x91, 0x9C, 0x28, 0x26, 0x87, 0x28, 0xCD, 0xCE, 0xC3, 0x1A, 0x81,
    0x16, 0xC1, 0x90, 0xDC, 0x31, 0x85, 0xD1, 0x21, 0x67, 0x79, 0x84, 0x84, 0x5C, 0x09, 0x5F, 0xE4,
    0x6A, 0x76, 0xE0, 0x88, 0x4E, 0xED, 0x0E, 0xB9, 0x5D, 0x74, 0xCB, 0xF3, 0x68, 0x78, 0x84, 0x63,
    0xFC, 0xF2, 0x6B, 0x1D, 0x2D, 0x0F, 0xA1, 0xE4, 0xA6, 0xE8, 0x8D, 0x9A, 0x1E, 0xB2, 0xD0, 0xFC,
    0xEE, 0x41, 0xD2, 0x69, 0xD5, 0xE6, 0xF8, 0x1B, 0x27, 0x93, 0x4D, 0xDD, 0xFF, 0xF2, 0x6D, 0xB2,
    0x56, 0x74, 0x1D, 0x60, 0xE7, 0x8A, 0xAD, 0xAF, 0x4F, 0x2B, 0xB2, 0x68, 0xCB, 0x12, 0x57, 0x94,
    0xB6, 0x8A, 0xAA, 0xC2, 0x61, 0x2A, 0xB2, 0x6F, 0xB7, 0x8A, 0xA8, 0xB8, 0x4F, 0x46, 0xC5, 0x13,
    0x76, 0x55, 0x12, 0x4D, 0x8A, 0x2E, 0x62, 0xA9, 0x00, 0xB3, 0x12, 0x49, 0xC0, 0x5E, 0x4D, 0x1C,
    0xC9, 0xD7, 0xF1, 0xA8, 0x28, 0x4A, 0x9A, 0xE8, 0x8D, 0xAF, 0xBE, 0x4C, 0x0C, 0x59, 0xFB, 0xAA,
    0xED, 0x88, 0xA0, 0xC0, 0x96, 0x02, 0x9A, 0x05, 0x3F, 0xAB, 0x05, 0xF7, 0xEC, 0xCA, 0x73, 0xD4,
    0x72, 0x45, 0xB3, 0x47, 0x84, 0x77, 0x1F, 0x22, 0x57, 0xBD, 0x42, 0x25, 0xBF, 0x7E, 0x5C, 0x38,
    0xD4, 0x29, 0x01, 0x42, 0x89, 0x14, 0x56, 0xCD, 0xE8, 0xBB, 0x8D, 0xF3, 0x12, 0xF5, 0x15, 0x33,
    0x25, 0xC7, 0xC4, 0x7D, 0xD4, 0xCE, 0x97, 0x32, 0x2B, 0x66, 0x1C, 0x2E, 0x36, 0xFA, 0xE5, 0x62,
    0x60, 0x91, 0x7E, 0x57, 0x38, 0xAE, 0xF6, 0x02, 0x2D, 0x0A, 0xDA, 0x5A, 0xFC, 0x85, 0x6F, 0x41,
    0x79, 0x97, 0x72, 0xA1, 0xC3, 0x66, 0xD1, 0xA9, 0x09, 0xA0, 0x2A, 0xEB, 0xB6, 0xBA, 0x9D, 0x2D,
    0xD5, 0x58, 0x91, 0xC7, 0xD8, 0xFC, 0xD3, 0xE6, 0xE0, 0xC2, 0xB1, 0x66, 0xA0, 0x06, 0x69, 0x89,
    0x37, 0x02, 0xBD, 0xC2, 0x5B, 0x44, 0xCF, 0x58, 0x7E, 0x7A, 0xD6, 0x7C, 0x6A, 0xEB, 0xE0, 0x3F,
    0xDB, 0xB2, 0x85, 0x54, 0xAD, 0x24, 0xDC, 0x84, 0x47, 0xAB, 0x52, 0x6C, 0xB3, 0xF5, 0xAA, 0x04,
    0x6B, 0x04, 0x3F, 0x1B, 0x66, 0xEC, 0xAE, 0xA5, 0x70, 0xE9, 0x9A, 0xBC, 0x48, 0x21, 0xB3, 0x7B,
    0x37, 0xD5, 0xF1, 0xF1, 0x44, 0xD4, 0x3C, 0x43, 0xEA, 0x78, 0x86, 0xC4, 0xF1, 0x34, 0x4D, 0xBA,
    0x43, 0x67, 0x35, 0xA8, 0x41, 0x1B, 0xF0, 0x4E, 0x0A, 0xBA, 0xF0, 0xFD, 0xE3, 0x17, 0x79, 0x93,
    0x71, 0xB1, 0x19, 0xD4, 0xDC, 0x55, 0x7C, 0x11, 0xD0, 0xEE, 0x5D, 0x08, 0xC1, 0xE7, 0xBB, 0x58,
    0xE2, 0x42, 0x0D, 0x31, 0x83, 0x2F, 0x69, 0x8E, 0x1B, 0x66, 0x82, 0x27, 0x79, 0x91, 0x12, 0x26,
    0x10, 0x02, 0xF1, 0x0B, 0x10, 0xF5, 0x8B, 0x39, 0x09, 0xDB, 0x12, 0xD8, 0x06, 0xE1, 0xD1, 0xF2,
    0x0C, 0xB6, 0x6C, 0x23, 0x6C, 0x11, 0xE7, 0xEC, 0x99, 0xFC, 0xEE, 0x75, 0x65, 0x00, 0x0F, 0x88,
    0x39, 0xF2, 0x7C, 0x6F, 0x6E, 0xCA, 0xCE, 0x6E, 0x0A, 0xD2, 0x32, 0x59, 0x66, 0x2A, 0xBE, 0x51,
    0x5C, 0x47, 0x7D, 0xD4, 0xC6, 0x7D, 0xD0, 0x5F, 0xEF, 0xCD, 0x2C, 0xF0, 0x2A, 0x84, 0x45, 0x92,
    0x37, 0xD5, 0x1C, 0x02, 0x57, 0xE4, 0x72, 0xF7, 0x17, 0xE2, 0x4E, 0x3C, 0x13, 0x2C, 0x2D, 0x93,
    0x9B, 0x04, 0xF6, 0x4D, 0x67, 0x60, 0x6D, 0x5E, 0x4F, 0x6F, 0x80, 0x93, 0x12, 0x38, 0x80, 0xBC,
    0xF1, 0xF7, 0xE9, 0xF9, 0xA2, 0x63, 0x44, 0x71, 0x72, 0xC3, 0x79, 0x1D, 0xF0, 0xD8, 0x7D, 0x10,
    0xAD, 0x55, 0x86, 0x37, 0x5E, 0xB3, 0xE7, 0x88, 0x05, 0xD8, 0xE9, 0xD9, 0x48, 0x31, 0x07, 0x08,
    0xB2, 0xC9, 0x55, 0xBD, 0x59, 0x88, 0x18, 0x68, 0x49, 0xCA, 0xA8, 0x15, 0x1E, 0x9A, 0xC5, 0xB1,
    0x4A, 0x6B, 0xE0, 0xC5, 0x1F, 0x44, 0x62, 0x64, 0x7F, 0x6E, 0xF3, 0xE0, 0x0E, 0x23, 0x6C, 0xB9,
    0x30, 0xBC, 0xE3, 0x60, 0x04, 0x74, 0xB0, 0xE4, 0x17, 0x64, 0xFB, 0x15, 0x6E, 0xD5, 0x18, 0xDC,
    0x8A, 0xA8, 0x61, 0x58, 0xEA, 0x42, 0x00, 0x73, 0xFF, 0x55, 0xA8, 0x6C, 0xC3, 0xE5, 0x42, 0x46,
    0xDA, 0x92, 0xDF, 0xE0, 0xC0, 0xE2, 0xD1, 0x89, 0x6E, 0xDA, 0x4D, 0x6A, 0xAC, 0x3F, 0xFE, 0xD7,
    0x07, 0xDE, 0x26, 0x0E, 0x80, 0xDD, 0x41, 0x35, 0xC8, 0xCF, 0xFE, 0x24, 0xA7, 0x54, 0xC2, 0x12,
    0x69, 0x1D, 0xD5, 0xFE, 0x91, 0xF9, 0xFC, 0xC5, 0x04, 0x72, 0xDC, 0x00, 0x80, 0x45, 0x8F, 0xB8,
    0xAB, 0x9D, 0x4F, 0x20, 0x36, 0x2B, 0x1C, 0xD8, 0x31, 0xF2, 0x74, 0x78, 0x5F, 0xF9, 0xBB, 0x90,
    0x18, 0x49, 0xF3, 0x05, 0x93, 0x8C, 0x71, 0x1E, 0xDB, 0x37, 0xEA, 0xF0, 0x57, 0xB6, 0xF5, 0x70,
    0xF7, 0xCB, 0xBE, 0x06, 0x64, 0xBE, 0x09, 0x69, 0xEF, 0xF5, 0xE6, 0x21, 0xBA, 0x6A, 0x88, 0xB6,
    0xD8, 0xE7, 0x3B, 0x9A, 0x6E, 0x00, 0x41, 0x4A, 0xDB, 0x7B, 0x3F, 0xF0, 0x71, 0xC1, 0x30, 0xA1,
    0xFE, 0x8F, 0x3A, 0x43, 0x4F, 0x69, 0x0C, 0xBF, 0xDE, 0x18, 0x69, 0xD5, 0x26, 0x46, 0x12, 0x1D,
    0x6D, 0x89, 0xD8, 0x03, 0x39, 0xCA, 0x17, 0x5A, 0x7D, 0x74, 0xC4, 0x0A, 0x73, 0x01, 0x6D, 0xE3,
    0x1C, 0x90, 0xDD, 0x70, 0x45, 0xAB, 0xC8, 0x4B, 0xDE, 0x9E, 0x4C, 0xD8, 0xC6, 0xAD, 0xE8, 0xC5,
    0x5B, 0x08, 0x92, 0xB7, 0x51, 0x23, 0xDB, 0x16, 0x92, 0xCF, 0x05, 0x99, 0x0D, 0xD1, 0x97, 0x55,
    0x83, 0x70, 0x9A, 0xEC, 0xB2, 0x38, 0x72, 0x11, 0x13, 0xE1, 0x8F, 0xFB, 0x11, 0x7A, 0xCE, 0xB3,
    0x3A, 0xEA, 0x88, 0xC0, 0x98, 0xB1, 0x24, 0x84, 0x88, 0x2F, 0x6F, 0x2F, 0x9F, 0x31, 0x24, 0xDA,
    0x96, 0xCC, 0x24, 0xE4, 0x6A, 0x4F, 0x70, 0xD5, 0x2F, 0x6E, 0xC5, 0x88, 0x1D, 0xFC, 0xB8, 0x55,
    0x8D, 0x58, 0x50, 0x81, 0x69, 0x9C, 0x79, 0xFF, 0xF5, 0x80, 0x20, 0x31, 0x67, 0x7C, 0x2E, 0x0F,
    0x09, 0x3B, 0x41, 0xE2, 0xCF, 0x19, 0xCB, 0x8E, 0x18, 0xBA, 0xFE, 0x53, 0x3A, 0xEC, 0x2F, 0x80,
    0xCA, 0x84, 0x4F, 0xA3, 0x6E, 0xE3, 0x5F, 0xCE, 0x1B, 0x14, 0x26, 0xFF, 0xF4, 0xED, 0x23, 0x1A,
    0x53, 0x25, 0xC4, 0xEF, 0xB8, 0xAC, 0x00, 0x4A, 0x74, 0x71, 0xFD, 0xBB, 0xD5, 0x7A, 0xD4, 0x13,
    0xC3, 0x7E, 0x83, 0x57, 0xAE, 0xF1, 0xCA, 0x7C, 0x48, 0x05, 0xD5, 0xBA, 0x78, 0x9A, 0xB3, 0x3F,
    0xD5, 0xB6, 0x54, 0xB7, 0x21, 0xD4, 0x44, 0x47, 0xDA, 0x6D, 0x9B, 0xD5, 0xE7, 0xBF, 0x42, 0x3D,
    0x4B, 0x7D, 0x8E, 0xF8, 0xFD, 0x59, 0xB3, 0x1C, 0xDD, 0x12, 0x40, 0x5C, 0xED, 0x73, 0xBD, 0x6A,
    0xE8, 0xBE, 0xAB, 0x55, 0x20, 0x5E, 0xCB, 0xA9, 0xE3, 0xAD, 0x9A, 0xB4, 0xC3, 0xC6, 0xFC, 0xF1,
    0x07, 0xB3, 0x15, 0x04, 0xD1, 0x60, 0x86, 0xA7, 0xC4, 0x16, 0x9D, 0x71, 0x59, 0x77, 0x2B, 0xE7,
    0x11, 0xE8, 0x25, 0x82, 0xDD, 0x4B, 0x98, 0xED, 0x4B, 0xA8, 0x7B, 0x90, 0x9D, 0xB5, 0xB2, 0xAD,
    0xEF, 0x4A, 0x7E, 0x17, 0x37, 0x99, 0x3A, 0x86, 0xC3, 0x66, 0x9F, 0x88, 0x72, 0x2E, 0xA1, 0xC4,
    0xE3, 0x92, 0x1C, 0xD5, 0xF0, 0x5D, 0x16, 0xE0, 0x5D, 0xBB, 0x96, 0x9F, 0x09, 0xA9, 0x6F, 0xFF,
    0x54, 0x95, 0x67, 0xCF, 0xA8, 0xE3, 0x2C, 0xA4, 0xFE, 0xA3, 0xEB, 0x93, 0x49, 0x7B, 0xDC, 0x0D,
    0x89, 0x89, 0x91, 0x39, 0x9A, 0x81, 0xBC, 0xAB, 0x39, 0xAE, 0x23, 0x25, 0xA9, 0x6D, 0x1E, 0xCD,
    0xEA, 0xCD, 0xCA, 0x05, 0xF3, 0x72, 0x33, 0x79, 0x8F, 0xEC, 0xCC, 0xF7, 0x11, 0xB4, 0x10, 0x75,
    0x08, 0x16, 0x46, 0x5D, 0xC6, 0xE0, 0x1D, 0x5C, 0x26, 0x11, 0x6F, 0x08, 0x65, 0x32, 0xF4, 0x98,
    0xD4, 0x11, 0xB4, 0x46, 0xED, 0x33, 0x58, 0x0C, 0x6A, 0x9A, 0x29, 0x16, 0xC0, 0x8E, 0x0F, 0xA8,
    0xEC, 0x29, 0x18, 0x89, 0x54, 0x7F, 0x78, 0x09, 0x12, 0x9F, 0xF3, 0xF2, 0xFE, 0xFB, 0x4F, 0xAF,
    0x91, 0x9E, 0xA0, 0x85, 0xE6, 0x4A, 0x8E, 0x0D, 0xFB, 0xE0, 0xB7, 0x39, 0xF0, 0x31, 0x11, 0x89,
    0x60, 0x9F, 0x91, 0x38, 0xC8, 0x88, 0x24, 0xE1, 0x73, 0x98, 0xC1, 0x3D, 0x11, 0x61, 0xFF, 0x9C,
    0xAC, 0x46, 0xC0, 0x7A, 0x56, 0x69, 0xFC, 0x68, 0x83, 0x6F, 0xC5, 0xA6, 0x66, 0x0F, 0x0C, 0x7F,
    0x3E, 0x20, 0x98, 0x93, 0xDB, 0x85, 0x10, 0x4C, 0xDA, 0x22, 0x75, 0x28, 0x40, 0x09, 0x66, 0x32,
    0x42, 0x56, 0x07, 0x2A, 0xD4, 0x2C, 0xC9, 0x5E, 0xC0, 0x7A, 0x45, 0xA3, 0xF2, 0x83, 0x03, 0xBA,
    0xC8, 0x8F, 0x35, 0x1D, 0xE4, 0x84, 0xEC, 0x92, 0x8A, 0x5C, 0x72, 0x91, 0x48, 0x59, 0x99, 0x4D,
    0x60, 0x55, 0x76, 0xF0, 0xEC, 0x07, 0x91, 0x3E, 0x30, 0xED, 0x29, 0x63, 0xB7, 0x54, 0xB4, 0x05,
    0x13, 0x85, 0xBD, 0xCA, 0x91, 0x4A, 0xBD, 0x24, 0x6E, 0x03, 0x0B, 0xA4, 0x7F, 0xD5, 0x2B, 0x5D,
    0xF2, 0xC6, 0xB3, 0x23, 0x55, 0x20, 0x0D, 0x07, 0x2E, 0xD1, 0xD6, 0x78, 0xFB, 0x40, 0xAB, 0xE2,
    0x82, 0xC2, 0x16, 0x08, 0x81, 0xCB, 0x67, 0xB7, 0x0E, 0x0C, 0xDD, 0x81, 0x10, 0x00, 0xBC, 0x6A,
    0xE5, 0x98, 0x16, 0x24, 0x92, 0x7E, 0xD0, 0x81, 0x56, 0x0F, 0xF6, 0x2A, 0x51, 0x61, 0xF2, 0x4F,
    0x90, 0x58, 0x06, 0x08, 0x04, 0x0B, 0x8C, 0x3D, 0xDA, 0xB1, 0x9A, 0xE9, 0x63, 0xCA, 0x2C, 0x63,
    0x06, 0xA0, 0xDF, 0x70, 0xD5, 0x1E, 0x20, 0x72, 0x97, 0x43, 0x90, 0x65, 0x82, 0x8E, 0x18, 0xAD,
    0x26, 0xE3, 0x69, 0xAA, 0x76, 0x5C, 0x53, 0x9F, 0xC4, 0x2C, 0x55, 0x42, 0xD8, 0x79, 0x2F, 0x0A,
    0x85, 0x84, 0x48, 0x15, 0x44, 0x02, 0xB3, 0x2C, 0xFE, 0x3F, 0x93, 0x49, 0x5E, 0x11, 0x66, 0x8B,
    0xDE, 0x6E, 0x84, 0x4C, 0xEE, 0x34, 0x72, 0xAE, 0x6D, 0x91, 0xEF, 0x84, 0xF5, 0x23, 0x18, 0x91,
    0x5F, 0x06, 0x81, 0x26, 0x84, 0x66, 0x2B, 0xDF, 0x08, 0x88, 0x04, 0x72, 0xB0, 0x5A, 0x4C, 0xE1,
    0xC9, 0x2E, 0xD3, 0xEF, 0xFE, 0x52, 0xC4, 0xFB, 0x6F, 0x3A, 0x68, 0xE5, 0xBE, 0x00, 0xC5, 0x08,
    0x2F, 0xA7, 0xAD, 0x5B, 0x9E, 0xE8, 0x51, 0xFE, 0x5B, 0xB6, 0xE9, 0x31, 0xEF, 0x2A, 0xE4, 0x84,
    0x28, 0x39, 0xC3, 0x5E, 0x76, 0x1F, 0x70, 0x8D, 0x59, 0xBC, 0xE0, 0x33, 0x01, 0xB7, 0xB8, 0xC1,
    0x9B, 0x03, 0xAD, 0xE6, 0x99, 0xFD, 0x05, 0x67, 0xD6, 0xAA, 0x68, 0x5B, 0x0E, 0x4C, 0x9A, 0x0D,
    0x25, 0xE0, 0xAA, 0xBC, 0xE2, 0xB8, 0x45, 0x09, 0xE7, 0x1D, 0xC8, 0x68, 0xFE, 0x08, 0xFA, 0x3F,
    0x92, 0xAB, 0x1F, 0x09, 0xCB, 0xCC, 0xD4, 0x5E, 0x91, 0xEA, 0x93, 0x0F, 0xE2, 0xD0, 0x55, 0x1F,
    0x39, 0x79, 0x0E, 0x27, 0x56, 0xE5, 0xDD, 0x92, 0xFC, 0xDC, 0x8E, 0x77, 0x5D, 0x0C, 0x5C, 0x6E,
    0xBD, 0x9E, 0x5B, 0x77, 0xC0, 0xFC, 0x5C, 0xD6, 0x6D, 0x24, 0xF9, 0x12, 0xD6, 0x64, 0x60, 0x53,
    0x50, 0xEC, 0x3B, 0x41, 0x52, 0xAA, 0x04, 0xCF, 0x6A, 0x4D, 0x67, 0x47, 0xCD, 0x39, 0x91, 0xF6,
    0xD5, 0xFE, 0xBA, 0xEB, 0xE9, 0x26, 0xCD, 0x53, 0x88, 0x3C, 0x51, 0x15, 0xF1, 0x20, 0xA2, 0xC2,
    0x1F, 0xB1, 0xEC, 0xCB, 0x1B, 0xAB, 0xE8, 0x0F, 0x3C, 0xFE, 0x31, 0xE5, 0xF1, 0x85, 0x75, 0x5D,
    0x0D, 0x8D, 0x39, 0x18, 0xB7, 0xFD, 0xCD, 0x55, 0x91, 0xAE, 0x96, 0x8E, 0x0A, 0x73, 0x14, 0x7E,
    0x98, 0x8B, 0xC5, 0xEC, 0x51, 0xBF, 0xB1, 0xB2, 0x9B, 0xC5, 0xDE, 0x63, 0x58, 0x8C, 0x86, 0x2F,
    0x8D, 0x73, 0xFF, 0xCD, 0x4F, 0x0A, 0xBF, 0x9E, 0xF5, 0x7A, 0xD8, 0xF8, 0xB9, 0xBA, 0x5B, 0x41,
    0xAD, 0x29, 0x67, 0x67, 0x27, 0xAB, 0x2A, 0x87, 0x71, 0xEA, 0x6C, 0x9B, 0xE2, 0xE8, 0x22, 0xA1,
    0xDE, 0x47, 0x64, 0x2A, 0x68, 0xCC, 0x7F, 0x82, 0x1D, 0x29, 0xAE, 0x6E, 0xF6, 0xD6, 0xB4, 0xE4,
    0xCA, 0xAB, 0x69, 0xE3, 0x2F, 0x5F, 0xBB, 0x76, 0x68, 0x08, 0x21, 0x5A, 0x93, 0x14, 0xF5, 0xB4,
    0x9D, 0x49, 0xF8, 0xD3, 0xE2, 0x09, 0xD1, 0x84, 0xB6, 0x8B, 0x15, 0xC3, 0xCD, 0x16, 0x0B, 0x0D,
    0xAD, 0x87, 0x13, 0xF7, 0x04, 0x1E, 0x0F, 0x9F, 0x97, 0xC3, 0x69, 0x85, 0x57, 0x8B, 0x73, 0x7D,
    0xFD, 0x36, 0x5D, 0x16, 0x40, 0xEF, 0x94, 0x45, 0x74, 0xD3, 0x34, 0xB2, 0xC4, 0x50, 0xF6, 0x68,
    0x0B, 0xE3, 0xF7, 0x02, 0xA8, 0xE8, 0x51, 0xA1, 0xC2, 0x4F, 0x79, 0x6B, 0x2A, 0x1B, 0x46, 0x30,
    0xD2, 0xBC, 0x50, 0xC6, 0x30, 0xAB, 0xA2, 0xF6, 0x8C, 0x8A, 0x2A, 0xDC, 0xA0, 0x14, 0x83, 0xAF,
    0x54, 0x14, 0x64, 0xEE, 0xF6, 0xB3, 0xEE, 0xC8, 0x73, 0xB4, 0xC2, 0x58, 0x7E, 0xAF, 0x2B, 0xA6,
    0xAD, 0xD7, 0xE4, 0x26, 0xF9, 0x85, 0x80, 0xF6, 0x95, 0x46, 0xEC, 0xDE, 0x92, 0x61, 0x05, 0x98,
    0xB3, 0xDE, 0x96, 0xCB, 0xD6, 0x7D, 0xDA, 0xA4, 0x63, 0x62, 0x8A, 0xB9, 0x30, 0x2F, 0x65, 0x93,
    0x79, 0x21, 0x19, 0xCC, 0xE7, 0x0E, 0x36, 0x0E, 0xB9, 0xD7, 0x3A, 0x50, 0xC0, 0xF6, 0xF6, 0x58,
    0x41, 0xE7, 0xD6, 0xE7, 0xF5, 0x7E, 0xA7, 0x9A, 0xA2, 0x12, 0x35, 0x4A, 0x45, 0xE1, 0xE5, 0x0B,
    0xAA, 0x1E, 0xB8, 0xF6, 0x84, 0xA1, 0xE5, 0x18, 0xDA, 0xD9, 0xF9, 0xD2, 0x04, 0x95, 0x16, 0xE6,
    0xE5, 0xDB, 0x90, 0xCD, 0x56, 0xC8, 0xF6, 0x8B, 0xA1, 0xBF, 0x42, 0x96, 0x87, 0xC3, 0x26, 0x26,
    0x5A, 0xA2, 0x15, 0x8B, 0xF3, 0x29, 0x2C, 0x5E, 0x11, 0x7B, 0x3E, 0xD4, 0x0A, 0x8A, 0xB5, 0x92,
    0xEB, 0x21, 0x2E, 0x16, 0x8C, 0x2E, 0x06, 0x81, 0xD8, 0x3C, 0x90, 0x1C, 0x1A, 0x44, 0x1F, 0x83,
    0x3E, 0xAB, 0xAB, 0xEF, 0x8F, 0xB1, 0x10, 0xDA, 0xAD, 0x3D, 0x60, 0x7F, 0x43, 0x5C, 0xA2, 0x59,
    0x59, 0x64, 0x22, 0xAD, 0xE3, 0xDE, 0x72, 0x57, 0x2C, 0xAF, 0xD0, 0x45, 0xCC, 0x24, 0x98, 0xF5,
    0xFB, 0xFB, 0x4D, 0x11, 0x96, 0xD1, 0xBB, 0xBD, 0xA9, 0xE0, 0xC8, 0x95, 0xAC, 0x8D, 0xDB, 0x73,
    0xFB, 0x42, 0xFD, 0x7F, 0xEC, 0xAA, 0x04, 0x95, 0x4C, 0x0A, 0x15, 0xD1, 0x95, 0xFB, 0x9F, 0x9A,
    0x1E, 0xF7, 0x9E, 0xC1, 0xD0, 0xE2, 0x57, 0x5C, 0x12, 0xA2, 0x2E, 0xEC, 0x10, 0x0B, 0xB5, 0x0B,
    0x59, 0xFB, 0xD8, 0x64, 0xDA, 0x90, 0x5E, 0x90, 0x88, 0xD7, 0x3C, 0x0D, 0x8B, 0x44, 0x26, 0x06,
    0x69, 0x05, 0x68, 0xFC, 0x48, 0x6B, 0x82, 0x37, 0xA6, 0x07, 0x28, 0xC7, 0xB8, 0xDA, 0x91, 0x42,
    0x8B, 0xFA, 0xD4, 0xFA, 0x49, 0x55, 0x98, 0xC4, 0x77, 0x34, 0x44, 0x34, 0x58, 0x75, 0x87, 0xD4,
    0xEF, 0xA9, 0x34, 0x0D, 0x2C, 0xD7, 0x61, 0x0E, 0xB8, 0x65, 0x66, 0x4A, 0xEE, 0x05, 0x13, 0x4B,
    0x70, 0x48, 0x0B, 0xD2, 0xE5, 0x9A, 0xE4, 0x16, 0x88, 0x97, 0x5C, 0xBF, 0x9D, 0xFB, 0x74, 0x1B,
    0x7A, 0xD0, 0x5B, 0x85, 0xF8, 0xA5, 0x93, 0x56, 0x97, 0x56, 0xA0, 0x44, 0xB9, 0x13, 0xC0, 0xD8,
    0x7B, 0x22, 0x3F, 0x33, 0x78, 0x16, 0xEF, 0xD6, 0x2A, 0xE1, 0xF0, 0x04, 0x8B, 0x01, 0x87, 0x7B,
    0x4F, 0x76, 0x0B, 0x75, 0xDC, 0x5A, 0x68, 0x85, 0x72, 0xA8, 0x58, 0x22, 0x04, 0x71, 0x73, 0xE5,
    0xC8, 0x64, 0x91, 0xDC, 0x7A, 0xB4, 0x55, 0x1D, 0xBD, 0xD3, 0x14, 0x02, 0x67, 0xE1, 0x0C, 0x8B,
    0xA0, 0x29, 0x2A, 0x25, 0x45, 0xF4, 0x20, 0x48, 0x54, 0x95, 0x41, 0x77, 0xBD, 0x17, 0x04, 0xCF,
    0x0A, 0x01, 0x7F, 0x00, 0x9A, 0xFF, 0x37, 0x90, 0xF9, 0x98, 0xBC, 0x8D, 0x21, 0xB2, 0x60, 0x42,
    0xED, 0x69, 0x19, 0xDB, 0x23, 0x44, 0x86, 0x5E, 0x13, 0xCA, 0x99, 0x55, 0x0C, 0x5D, 0x12, 0xB2,
    0x76, 0x0A, 0x45, 0x5D, 0xA3, 0x32, 0x15, 0x3A, 0x81, 0x88, 0x01, 0x28, 0xAD, 0x26, 0x2F, 0xB2,
    0x92, 0xCE, 0x7B, 0xDC, 0xF8, 0x2A, 0x6C, 0xF8, 0x21, 0xFC, 0xA1, 0x39, 0x3D, 0xFD, 0xC8, 0xBE,
    0x4F, 0x60, 0xC7, 0xAF, 0x6B, 0x40, 0x4E, 0x1D, 0x5E, 0xDF, 0x85, 0xD0, 0xAC, 0xAA, 0xE6, 0xEC,
    0x87, 0xEA, 0xF1, 0xBF, 0x6A, 0x35, 0xD4, 0x41, 0x59, 0x28, 0xD7, 0x99, 0x34, 0xA4, 0x43, 0x93,
    0x35, 0x2B, 0x59, 0x21, 0x22, 0xF2, 0x08, 0x30, 0x46, 0x21, 0x95, 0x66, 0xF5, 0x00, 0xF2, 0x03,
    0xFB, 0x37, 0x26, 0x9D, 0x98, 0x02, 0xF6, 0x6D, 0x4B, 0xEF, 0x3D, 0x71, 0x46, 0xC1, 0x13, 0xE7,
    0x56, 0x32, 0xC4, 0xDD, 0xB6, 0x67, 0xE0, 0xCA, 0x6F, 0x16, 0xE3, 0x42, 0xDD, 0x02, 0x8F, 0x61,
    0x23, 0x20, 0x1C, 0x9B, 0xFE, 0xFA, 0xB8, 0xA8, 0x89, 0x74, 0x91, 0xAF, 0xC1, 0x1E, 0xAA, 0x0E,
    0xDE, 0x34, 0xF1, 0xDF, 0xCB, 0x16, 0x8B, 0xEC, 0x9D, 0xCE, 0xBF, 0xD3, 0x27, 0xB5, 0x80, 0xB3,
    0x10, 0x3F, 0xD2, 0x47, 0x71, 0x48, 0x8C, 0xCA, 0xD5, 0x59, 0x4E, 0x96, 0xED, 0x8D, 0x57, 0x26,
    0xB8, 0xE9, 0xA5, 0xAC, 0x59, 0xA8, 0xED, 0x96, 0xC8, 0x09, 0xA1, 0x58, 0x40, 0x12, 0xC1, 0x39,
    0x81, 0xAD, 0x37, 0xFA, 0x36, 0x17, 0x6C, 0xDA, 0x37, 0xB3, 0x5C, 0x94, 0xC4, 0xA8, 0x89, 0x09,
    0x73, 0xB8, 0xBF, 0x0D, 0xBB, 0x54, 0xCE, 0xA4, 0xDD, 0x4E, 0xD8, 0xEA, 0x2E, 0x46, 0x9F, 0xE3,
    0x2B, 0xEB, 0x62, 0x90, 0xAA, 0xE8, 0x5D, 0x4C, 0xF6, 0x63, 0x8D, 0xB0, 0xA5, 0x12, 0x91, 0x85,
    0x88, 0xBA, 0x7E, 0xD8, 0x6C, 0xAA, 0x3D, 0xE4, 0xBA, 0xB7, 0x17, 0x93, 0x4F, 0x89, 0x50, 0x25,
    0xE8, 0xB4, 0x86, 0xC2, 0x34, 0xD8, 0xE9, 0xA4, 0xDB, 0x6A, 0xA1, 0xA8, 0xDB, 0x57, 0x6D, 0x08,
    0x7A, 0xDE, 0x3B, 0x21, 0x5D, 0x4E, 0x78, 0x88, 0x22, 0xBC, 0x81, 0x32, 0x41, 0x9E, 0x04, 0x85,
    0x88, 0x1D, 0x20, 0x00, 0x33, 0x8E, 0xC6, 0x5D, 0x7B, 0x5E, 0x92, 0xE1, 0x4B, 0x66, 0x89, 0x83,
    0xF8, 0x94, 0xA3, 0xA4, 0x35, 0x75, 0x2C, 0x95, 0x4F, 0x0E, 0x7D, 0xDB, 0x89, 0x6C, 0xBB, 0x66,
    0x99, 0x43, 0x47, 0xED, 0xB2, 0xDC, 0x1B, 0x65, 0x8E, 0xB0, 0x7A, 0x42, 0xE4, 0x9A, 0x65, 0x1F,
    0x01, 0xCB, 0xA8, 0xAA, 0xB3, 0x0F, 0xB9, 0x3F, 0xFD, 0x5E, 0x3D, 0x17, 0x81, 0xED, 0x62, 0x0B,
    0x4B, 0x68, 0x71, 0xC2, 0xBE, 0x08, 0x12, 0x91, 0xDB, 0x55, 0xB5, 0x8B, 0x61, 0x1A, 0xFF, 0x58,
    0x8B, 0x4F, 0x35, 0x7E, 0xD7, 0xAA, 0xFE, 0x3D, 0x4B, 0x8F, 0x1C, 0x3A, 0x4B, 0xC5, 0xD3, 0x28,
    0x1F, 0x43, 0xF4, 0x5B, 0x10, 0xA2, 0x19, 0xA4, 0x91, 0x30, 0x85, 0xD0, 0xB8, 0x7A, 0x0C, 0x1A,
    0x77, 0x2E, 0x36, 0x51, 0xD7, 0x0D, 0x3A, 0xB6, 0x4E, 0xF0, 0x97, 0x13, 0x7C, 0x08, 0x5B, 0xF3,
    0x08, 0xB3, 0x06, 0xA8, 0x5A, 0x87, 0x20, 0x06, 0x72, 0xAE, 0xA3, 0x22, 0x1C, 0x39, 0x83, 0x39,
    0x72, 0xD1, 0xAB, 0xFD, 0x97, 0xC6, 0xD9, 0x14, 0xA4, 0x0A, 0x5D, 0x5E, 0xBD, 0x59, 0x63, 0x75,
    0x5F, 0x3A, 0x3E, 0x66, 0x78, 0x75, 0xA1, 0xF2, 0xD3, 0xF1, 0x27, 0xE4, 0x7A, 0x10, 0x17, 0x7C,
    0xA0, 0xD8, 0x2E, 0x5A, 0x1C, 0xB7, 0x2C, 0x6E, 0x6C, 0x34, 0x70, 0xA9, 0x1C, 0x2D, 0x71, 0xCC,
    0x55, 0x9F, 0xB0, 0x40, 0x6E, 0xB1, 0xCF, 0xF1, 0x65, 0x52, 0xBB, 0x70, 0xDD, 0xE0, 0xE8, 0x8E,
    0x6D, 0x01, 0x75, 0x2E, 0xA6, 0x85, 0x10, 0xCA, 0x6D, 0x94, 0xE3, 0x8E, 0xDA, 0xB2, 0x10, 0x0D,
    0x67, 0xC8, 0x22, 0x00, 0x17, 0x3C, 0xEE, 0xDB, 0x3D, 0x49, 0x74, 0x11, 0x48, 0x5C, 0x85, 0x1B,
    0x58, 0x9B, 0xCE, 0x8D, 0x93, 0x2E, 0x02, 0xE1, 0xD4, 0x32, 0x77, 0x29, 0xA4, 0xCD, 0xD5, 0x4E,
    0x04, 0xD3, 0x96, 0x9D, 0x94, 0xE9, 0xFA, 0x6E, 0x29, 0xA0, 0xC7, 0xFD, 0x9F, 0x77, 0xCC, 0x28,
    0xFD, 0x39, 0xF7, 0x87, 0xAF, 0x98, 0xEC, 0x27, 0x82, 0xD4, 0x0E, 0xC0, 0x84, 0x71, 0x70, 0x69,
    0x4F, 0x44, 0x20, 0xB0, 0x0E, 0x73, 0xE2, 0x82, 0x00, 0x4F, 0x5D, 0xA5, 0x4D, 0x75, 0xE6, 0x8C,
    0x45, 0x64, 0x25, 0x4C, 0x70, 0x24, 0x71, 0xBD, 0x37, 0x5D, 0xBD, 0xC7, 0x65, 0xED, 0x1A, 0x01,
    0xBD, 0x02, 0x9E, 0xE7, 0xD9, 0xF4, 0xA0, 0x56, 0x2C, 0x3B, 0x6A, 0x9D, 0xF7, 0xE9, 0xC2, 0xC9,
    0x69, 0xED, 0x7C, 0xC8, 0x5C, 0xE9, 0x6B, 0xCB, 0x2D, 0x30, 0xF4, 0x35, 0xEF, 0x31, 0x00, 0x2D,
    0x28, 0x35, 0x60, 0xFE, 0xB7, 0x56, 0xCB, 0x6B, 0x21, 0xD4, 0xFB, 0xD5, 0x65, 0x4E, 0x26, 0x2E,
    0xC1, 0x93, 0x55, 0x86, 0x7D, 0xDC, 0x24, 0x4D, 0xD8, 0x7C, 0xC6, 0xB9, 0x91, 0x5B, 0xAF, 0x3F,
    0xD9, 0xCE, 0x19, 0x2B, 0x75, 0x2C, 0xBB, 0x9D, 0x96, 0x2A, 0x0D, 0xC7, 0x93, 0xC1, 0x62, 0x86,
    0xFB, 0xF9, 0x39, 0x94, 0x05, 0x2C, 0xE2, 0xCD, 0x83, 0x40, 0xA2, 0x45, 0x0B, 0xEF, 0x93, 0xB5,
    0x31, 0x68, 0x91, 0x81, 0x25, 0x2D, 0x7F, 0xE4, 0xFC, 0x27, 0x88, 0x16, 0xAA, 0xC3, 0xFE, 0x52,
    0x31, 0x61, 0x6F, 0xD2, 0x67, 0x97, 0x5D, 0x8F, 0xFC, 0x23, 0xAD, 0x3D, 0x68, 0x1D, 0x73, 0x4B,
    0x2C, 0xBC, 0x0E, 0x2B, 0x9B, 0x92, 0x3A, 0x6C, 0xF0, 0xC7, 0x18, 0x8B, 0x2B, 0x8A, 0xC0, 0xF6,
    0x10, 0x37, 0x69, 0x3E, 0xA3, 0xF0, 0x38, 0x6E, 0xAF, 0x02, 0x3E, 0x41, 0x17, 0x75, 0x2F, 0xE1,
    0x8F, 0xB0, 0x0B, 0xBB, 0x01, 0x7F, 0x44, 0x6D, 0xF8, 0x2E, 0x53, 0x15, 0x71, 0x13, 0xDC, 0x69,
    0xD4, 0xF6, 0x0F, 0x58, 0xBC, 0x8E, 0xAA, 0x20, 0x9B, 0x03, 0x21, 0x99, 0xA8, 0x62, 0x62, 0x26,
    0x63, 0x7A, 0x6E, 0x24, 0xC8, 0xB5, 0xA2, 0x4A, 0x68, 0xFD, 0x08, 0x7F, 0x78, 0x4C, 0x2C, 0x84,
    0x73, 0x9E, 0x11, 0x12, 0x15, 0x08, 0x44, 0x13, 0xBB, 0xBB, 0xA1, 0xC5, 0x4F, 0xEF, 0x85, 0x65,
    0x5C, 0xB5, 0xA8, 0xE7, 0xC0, 0xB6, 0xC4, 0xD6, 0xE3, 0x76, 0xA7, 0xEA, 0x4D, 0x7C, 0xFB, 0x0F,
    0xC8, 0x41, 0xFC, 0x0C, 0xA9, 0xD4, 0xBF, 0x92, 0x3B, 0x9B, 0xAA, 0xF3, 0x6D, 0x5D, 0x58, 0xA1,
    0xBC, 0x44, 0xD4, 0xC1, 0xCD, 0xF8, 0x37, 0x7D, 0xF1, 0x7C, 0x2B, 0x0A, 0xDA, 0xEF, 0x47, 0xB9,
    0xE2, 0x34, 0x06, 0xEF, 0x75, 0x42, 0x44, 0x73, 0x17, 0xDC, 0xA9, 0x85, 0x90, 0x6C, 0x13, 0xA0,
    0x8B, 0xC8, 0xB3, 0x65, 0x08, 0xBB, 0x57, 0xF6, 0x18, 0xA1, 0xBB, 0x40, 0x4C, 0x15, 0x21, 0x76,
    0xB6, 0x51, 0xA1, 0x6D, 0x87, 0x35, 0x60, 0xB5, 0x6C, 0x54, 0x8B, 0xC0, 0xA6, 0x45, 0x51, 0xDD,
    0x23, 0x57, 0x02, 0x3C, 0x1E, 0x4E, 0x6A, 0x2A, 0xB0, 0x89, 0x07, 0xF9, 0x16, 0x65, 0x56, 0x28,
    0x28, 0x6F, 0xA9, 0xCD, 0x5C, 0x41, 0xF7, 0x5A, 0xBA, 0xB4, 0x72, 0x77, 0x51, 0x2E, 0x11, 0x2C,
    0xA7, 0x0C, 0x3C, 0x5B, 0xEE, 0xC5, 0xB4, 0xCE, 0xEE, 0x33, 0xFA, 0xC4, 0xD3, 0x92, 0xEF, 0xE0,
    0xE4, 0x6C, 0x76, 0xD7, 0x56, 0xE3, 0x32, 0x34, 0x9B, 0xAA, 0xE4, 0xB5, 0xEF, 0xEB, 0x62, 0xD3,
    0xCC, 0x27, 0x5B, 0x5C, 0x9C, 0x36, 0x93, 0x16, 0x26, 0x59, 0xF2, 0x93, 0x2B, 0xFA, 0xB7, 0xFE,
    0xA8, 0x77, 0xF2, 0x39, 0x17, 0x4A, 0x3E, 0xEC, 0xBE, 0xBE, 0xB0, 0x88, 0x06, 0xB3, 0xE3, 0x97,
    0x2E, 0x4A, 0xC6, 0x1F, 0xCE, 0xEC, 0x8D, 0x58, 0x33, 0xE5, 0x9B, 0x0A, 0x92, 0x45, 0xC8, 0x2C,
    0x32, 0xE6, 0x8B, 0x1F, 0x04, 0xE3, 0x4B, 0x4F, 0xA8, 0xCF, 0x08, 0xFD, 0x1C, 0xA3, 0x37, 0x88,
    0xE4, 0xD5, 0xEA, 0xD9, 0xB7, 0xDC, 0xD5, 0x4E, 0x5C, 0x21, 0x20, 0x94, 0x2D, 0x50, 0x37, 0x6A,
    0xFB, 0x14, 0xF5, 0xF7, 0x7B, 0x23, 0x97, 0x16, 0xFC, 0x76, 0x62, 0xCB, 0x4B, 0xD0, 0x59, 0xA7,
    0xC7, 0xAB, 0x3C, 0xA0, 0x2E, 0x17, 0x6D, 0x4B, 0x7D, 0x9E, 0xD6, 0xD4, 0xEB, 0x75, 0xDC, 0xAA,
    0x6E, 0x47, 0x05, 0x12, 0x84, 0x7E, 0x30, 0xE0, 0x53, 0x08, 0x6A, 0x4C, 0xA8, 0xE3, 0xBD, 0x29,
    0xD5, 0xF0, 0x9F, 0x75, 0x61, 0xC0, 0xA2, 0x60, 0x90, 0x51, 0x5C, 0x3B, 0x35, 0x64, 0x53, 0xA7,
    0xFB, 0x61, 0x78, 0x80, 0xB6, 0x10, 0xB6, 0x03, 0x69, 0xC1, 0x92, 0x07, 0x65, 0xF9, 0x8B, 0xA9,
    0xA2, 0xD0, 0xFE, 0xD6, 0x6A, 0x5B, 0x6B, 0xA9, 0x07, 0xBD, 0x52, 0x35, 0xF5, 0xCF, 0x92, 0x1A,
    0x0F, 0x1E, 0xA1, 0xCA, 0x46, 0xC8, 0x67, 0x10, 0xF3, 0x0F, 0xE5, 0x37, 0x42, 0x39, 0xA3, 0x89,
    0x7E, 0xDD, 0x09, 0x4A, 0xA7, 0x11, 0x65, 0xB1, 0xEF, 0xC0, 0xAD, 0x11, 0x7A, 0x19, 0xD0, 0x27,
    0x4A, 0xFA, 0x17, 0xA3, 0x25, 0x6B, 0xE4, 0xB4, 0x60, 0x74, 0x0D, 0x70, 0x2C, 0x2F, 0x96, 0x13,
    0x04, 0xF7, 0x03, 0x69, 0xE3, 0xB1, 0x5F, 0x88, 0x6D, 0xF2, 0x2F, 0xA3, 0x7C, 0x95, 0x59, 0x54,
    0xDE, 0xDA, 0x5A, 0x36, 0xA7, 0x42, 0xEC, 0xF0, 0x93, 0x80, 0x84, 0xFD, 0xD7, 0x73, 0x5B, 0xF5,
    0xC2, 0x9B, 0xAA, 0x87, 0x35, 0x5B, 0xAB, 0xD6, 0xEE, 0x12, 0x16, 0x07, 0x53, 0x8B, 0x83, 0xDD,
    0x89, 0xFC, 0x03, 0x3F, 0x8B, 0xDB, 0xD8, 0xCE, 0x82, 0xC5, 0x5B, 0x19, 0xB0, 0xF1, 0x46, 0x0D,
    0x38, 0x77, 0xB2, 0xFD, 0x18, 0x5D, 0xC4, 0xC2, 0xC0, 0x82, 0x5B, 0xF1, 0x1C, 0x0B, 0x94, 0x69,
    0xCB, 0x66, 0x33, 0xB0, 0xA9, 0xB0, 0x6D, 0x0C, 0x17, 0xD4, 0x23, 0x1B, 0xA7, 0x65, 0x2E, 0x5E,
    0x69, 0xFF, 0x15, 0x60, 0xE3, 0xA9, 0x5F, 0xD0, 0x68, 0x44, 0xF5, 0xF3, 0x88, 0x76, 0xBD, 0x79,
    0x47, 0x71, 0x6F, 0xE5, 0x94, 0x5D, 0xBD, 0x3A, 0x43, 0x8D, 0xC3, 0x56, 0x6F, 0xF3, 0x27, 0x83,
    0x89, 0xCE, 0x11, 0xD0, 0x5A, 0x68, 0xE2, 0x3A, 0x2C, 0xD7, 0xA0, 0xCC, 0xEF, 0x1B, 0x5F, 0x9B,
    0xA5, 0xB0, 0x64, 0x57, 0x8B, 0x95, 0x3F, 0x81, 0x48, 0x9A, 0x16, 0x50, 0xB8, 0xB8, 0xA7, 0x53,
    0x0C, 0xC5, 0x4F, 0xB4, 0xF7, 0x60, 0x76, 0xA5, 0x92, 0xBD, 0x19, 0x5C, 0x5F, 0xE9, 0x37, 0x3F,
    0x06, 0xC8, 0xD3, 0x96, 0x06, 0x6B, 0x5C, 0x87, 0xAE, 0xA9, 0x50, 0x57, 0x99, 0xD6, 0x08, 0xB9,
    0xB5, 0x7E, 0x07, 0xC9, 0x71, 0xEF, 0xF6, 0xA6, 0xBD, 0x97, 0x94, 0x10, 0xEB, 0x4D, 0x90, 0x52,
    0xFB, 0x81, 0x9D, 0x6C, 0xFF, 0x16, 0x45, 0x48, 0xD6, 0x7D, 0x85, 0x57, 0x7D, 0x1B, 0x87, 0x75,
    0x05, 0xAE, 0x7B, 0xE0, 0x9D, 0x9E, 0x70, 0xC0, 0x46, 0x59, 0x44, 0x8F, 0x4A, 0x9D, 0xA2, 0x80,
    0x7C, 0x4B, 0x2E, 0x6E, 0x23, 0x14, 0x37, 0x76, 0x59, 0x83, 0x58, 0x58, 0x5D, 0xA4, 0xB1, 0xD2,
    0xAC, 0x86, 0x65, 0xEF, 0x4F, 0xB4, 0x4E, 0xD3, 0x57, 0x19, 0x41, 0x9F, 0xB9, 0x81, 0xE4, 0xD7,
    0x23, 0xA3, 0x46, 0x34, 0x4F, 0xD2, 0xD7, 0xD9, 0x65, 0x3C, 0xD2, 0x0D, 0xC8, 0x5E, 0xEE, 0x99,
    0xC2, 0xE5, 0x7F, 0x2A, 0xA6, 0x72, 0xE3, 0x16, 0x57, 0xF6, 0x27, 0x5E, 0xB3, 0x40, 0xD0, 0x51,
    0x2C, 0x1E, 0xD8, 0x01, 0x22, 0x73, 0x04, 0xE5, 0x3E, 0xEB, 0x36, 0x7F, 0x8C, 0x2D, 0x56, 0xB4,
    0x99, 0x3C, 0x67, 0x39, 0x3D, 0xB0, 0x43, 0xF0, 0xB9, 0x0B, 0xDC, 0xE8, 0xCA, 0x5A, 0x67, 0x39,
    0x20, 0xA7, 0xE1, 0xE1, 0x8E, 0x6B, 0x42, 0x2C, 0x1A, 0x22, 0xB9, 0x50, 0xFF, 0x88, 0x60, 0xE2,
    0x8E, 0x58, 0x33, 0x5F, 0x93, 0xEB, 0xFE, 0x19, 0x43, 0xB4, 0x97, 0x4E, 0x51, 0xD1, 0x95, 0xDB,
    0xE4, 0x1E, 0xDE, 0x57, 0xCE, 0x13, 0x1C, 0x17, 0x42, 0xBC, 0x88, 0xE3, 0x21, 0xD9, 0x92, 0xD6,
    0x28, 0xEC, 0x8C, 0x40, 0x86, 0x62, 0x78, 0x46, 0x1D, 0x88, 0xF3, 0xFB, 0x3D, 0x6D, 0x4D, 0x61,
    0x0A, 0x41, 0x58, 0xF6, 0x9D, 0x49, 0xAB, 0x2B, 0x92, 0x96, 0xCD, 0x27, 0xE9, 0xED, 0x0A, 0x55,
    0xF4, 0xC8, 0xEB, 0x00, 0xC2, 0xDE, 0xD2, 0x3C, 0x78, 0xC8, 0x70, 0x13, 0x3C, 0xFC, 0x60, 0x62,
    0x84, 0x29, 0x83, 0x85, 0x6A, 0xBC, 0x67, 0x57, 0x03, 0x10, 0x4E, 0x3E, 0x0F, 0xD7, 0x7A, 0x67,
    0xAD, 0x3F, 0x34, 0x3D, 0xB3, 0x4B, 0x07, 0xA7, 0xD2, 0x5B, 0x17, 0x15, 0x91, 0x9F, 0x41, 0x4D,
    0x7C, 0xDA, 0x60, 0x84, 0x44, 0x9F, 0x82, 0xCB, 0x01, 0x8C, 0x17, 0xCD, 0x8E, 0xE1, 0xE7, 0xCF,
    0x7E, 0x2D, 0x17, 0x6A, 0xD0, 0xD3, 0x3A, 0x0B, 0xC4, 0x6F, 0x20, 0x7D, 0xF4, 0x47, 0x1A, 0x40,
    0x7C, 0xE0, 0x0C, 0x19, 0x70, 0xFD, 0x4D, 0x57, 0x71, 0xED, 0x23, 0x84, 0xE3, 0xCF, 0x68, 0x53,
    0x67, 0xBF, 0xFE, 0x0C, 0x42, 0x61, 0x3B, 0xAC, 0x08, 0x9F, 0xB4, 0x96, 0xCD, 0x8A, 0x98, 0x6A,
    0x81, 0x2F, 0xB9, 0xF4, 0x0C, 0xE6, 0xC8, 0xF2, 0x02, 0x78, 0x49, 0x50, 0xB2, 0xAB, 0x53, 0x2C,
    0x66, 0xC4, 0x51, 0x44, 0xCA, 0xC9, 0x6E, 0xE6, 0xEB, 0xA3, 0x6B, 0xC2, 0x8B, 0x54, 0xBA, 0xEE,
    0x16, 0xA7, 0x6F, 0xD7, 0x1B, 0x6A, 0x57, 0xCF, 0x52, 0x6C, 0x78, 0xBA, 0xC2, 0x36, 0x26, 0x9A,
    0x3C, 0x0D, 0x31, 0xE9, 0x7F, 0xEE, 0x06, 0x6C, 0xC2, 0xC8, 0xF7, 0xBA, 0x35, 0xD5, 0xDE, 0x2D,
    0x5E, 0x2B, 0x53, 0x98, 0xCC, 0xEB, 0x1D, 0xEC, 0xC4, 0xD2, 0xB4, 0x33, 0x7D, 0x38, 0xDD, 0x4F,
    0xB3, 0x70, 0x40, 0x75, 0xA4, 0xD2, 0x9F, 0x6D, 0x37, 0x55, 0x99, 0x35, 0x44, 0x86, 0xB0, 0x0D,
    0x32, 0x36, 0xBE, 0x38, 0x76, 0x82, 0x22, 0xD4, 0xAE, 0x63, 0x8A, 0x4C, 0x25, 0xFF, 0x0B, 0x06,
    0x44, 0xA6, 0x5F, 0x85, 0x4B, 0x16, 0x62, 0x76, 0x42, 0x82, 0xE6, 0x2E, 0xA6, 0x7E, 0x30, 0x7B,
    0xC5, 0xB7, 0x3F, 0xB6, 0xAA, 0x1A, 0x55, 0xCE, 0x5E, 0xDE, 0x6B, 0x53, 0xDB, 0x2A, 0x3E, 0xD6,
    0x08, 0x58, 0x60, 0xCB, 0xB5, 0xFE, 0x7A, 0x3B, 0xBD, 0x7E, 0xB7, 0xE2, 0xCF, 0xB9, 0x69, 0x2F,
    0xAD, 0x89, 0xFA, 0xD1, 0xA1, 0x91, 0xC1, 0x1B, 0x06, 0xAF, 0x82, 0xF2, 0x54, 0x53, 0x14, 0x73,
    0x13, 0xE1, 0xB9, 0xAE, 0x2D, 0xD8, 0x91, 0x12, 0x35, 0x05, 0x4F, 0x02, 0x89, 0xE4, 0x46, 0x8A,
    0xD4, 0x18, 0x83, 0x22, 0x88, 0x45, 0x32, 0x23, 0x65, 0x2A, 0xE7, 0x5F, 0x00, 0x8D, 0x0D, 0x79,
    0x11, 0x42, 0x15, 0x23, 0x1A, 0x2A, 0x4D, 0xE1, 0x91, 0x15, 0x29, 0x55, 0x09, 0x76, 0x45, 0xE4,
    0x2E, 0x27, 0x7E, 0x76, 0xD3, 0x29, 0xCF, 0x96, 0x43, 0x86, 0x0E, 0xB4, 0xFA, 0x58, 0xCD, 0xD8,
    0xCF, 0xEF, 0x3B, 0x84, 0xC7, 0x3F, 0xD5, 0x9A, 0x9F, 0xD2, 0xCD, 0x6B, 0xF8, 0xDB, 0x11, 0x99,
    0x70, 0x59, 0x1C, 0xE6, 0x05, 0xB9, 0x19, 0x36, 0xDA, 0x46, 0x09, 0xED, 0xCE, 0xBE, 0x48, 0xCB,
    0xEF, 0x06, 0xCE, 0xFB, 0x70, 0x03, 0x40, 0x42, 0xC4, 0x00, 0x00, 0x29, 0xED, 0xBE, 0xE0, 0x3C,
    0x21, 0x6F, 0xFE, 0xE9, 0x4A, 0x53, 0xE9, 0x56, 0xB9, 0xFF, 0x70, 0xE6, 0xB4, 0x89, 0xEB, 0xB7,
    0xF3, 0x85, 0x68, 0xAA, 0xBD, 0xE8, 0xB3, 0xEA, 0x05, 0xAD, 0xD2, 0x38, 0x35, 0x7D, 0xC2, 0xB5,
    0x84, 0x74, 0x9B, 0x59, 0x19, 0x67, 0x04, 0x84, 0x60, 0x82, 0x58, 0x04, 0x72, 0x8B, 0x39, 0x02,
    0xD4, 0x6E, 0xA6, 0x3F, 0x96, 0xD3, 0x4E, 0x4E, 0x70, 0xEB, 0xA9, 0xE7, 0x04, 0x92, 0x06, 0x46,
    0x9F, 0x2D, 0x11, 0xD5, 0xB0, 0xB8, 0xA8, 0xAF, 0x63, 0x01, 0xD8, 0x4E, 0xAA, 0xE3, 0x89, 0x38,
    0xD9, 0xC3, 0x01, 0x22, 0x22, 0x2C, 0x74, 0xF7, 0x71, 0x8B, 0x10, 0x67, 0x32, 0x3F, 0xA9, 0xB5,
    0xD8, 0xA8, 0xD6, 0xBE, 0xCE, 0x62, 0x66, 0x56, 0xEF, 0x64, 0xAE, 0x68, 0x66, 0xE3, 0x43, 0x4C,
    0x9B, 0x56, 0xDE, 0xC8, 0x3E, 0x67, 0x1C, 0xB4, 0xCC, 0x97, 0x8E, 0xFF, 0xDB, 0xB6, 0x17, 0xA4,
    0x29, 0x2A, 0xBB, 0x71, 0x93, 0x74, 0xCF, 0xE7, 0xCC, 0x27, 0xFA, 0xD9, 0xA9, 0xF9, 0x44, 0xD4,
    0x28, 0xAC, 0xA8, 0x70, 0x23, 0x59, 0x0C, 0x03, 0x37, 0x0E, 0x6D, 0xB4, 0xDD, 0xE4, 0xBB, 0x99,
    0x9B, 0x64, 0x27, 0x6C, 0x52, 0x63, 0x1B, 0x3A, 0xD8, 0x88, 0xC9, 0x91, 0x98, 0x25, 0xD9, 0xC5,
    0xCF, 0xF2, 0xFF, 0xC7, 0x06, 0x8C, 0x6F, 0x6D, 0x90, 0x1C, 0x6D, 0xBF, 0x77, 0x1F, 0x18, 0xC3,
    0xBB, 0x80, 0x28, 0x53, 0x70, 0xA8, 0x99, 0xEB, 0x3B, 0xF1, 0x49, 0xD8, 0xDC, 0x57, 0x9E, 0xBD,
    0xCD, 0x7F, 0x7B, 0xFC, 0x37, 0x5A, 0x04, 0xCF, 0x7C, 0x14, 0x2C, 0x25, 0x0C, 0x96, 0x6A, 0x58,
    0xEE, 0xAF, 0x1D, 0x30, 0x95, 0x71, 0xD8, 0xD1, 0x99, 0x15, 0x98, 0x66, 0xA1, 0x49, 0x27, 0xCD,
    0x53, 0x09, 0x8F, 0xCA, 0x4D, 0xAB, 0x12, 0xF6, 0x12, 0x39, 0xE7, 0x79, 0xD6, 0x53, 0xB1, 0x60,
    0x28, 0x26, 0x17, 0x85, 0x3D, 0xF0, 0xE5, 0x8F, 0x84, 0x76, 0xA5, 0x39, 0xC0, 0x52, 0x0B, 0x03,
    0x71, 0x8B, 0x10, 0xAA, 0x85, 0x29, 0x5A, 0xED, 0x6E, 0x16, 0x68, 0x56, 0x6F, 0x9A, 0x64, 0x08,
    0x59, 0x5C, 0xF8, 0x2B, 0xD0, 0x92, 0x73, 0xD2, 0xA1, 0x30, 0x0E, 0x72, 0x0D, 0xAD, 0x40, 0xB1,
    0x71, 0x99, 0xE5, 0x7E, 0x50, 0x45, 0x10, 0xF7, 0x74, 0x66, 0x83, 0x39, 0xB3, 0xF1, 0x6C, 0x8A,
    0x74, 0x32, 0x37, 0xB3, 0x27, 0xCC, 0x89, 0x5C, 0x7B, 0xEA, 0x74, 0xD8, 0x8B, 0xAC, 0x0F, 0x32,
    0x19, 0x09, 0x9B, 0xC0, 0xE5, 0x82, 0x98, 0x03, 0x5A, 0xEB, 0xBB, 0xB6, 0x72, 0x40, 0x04, 0xEA,
    0x37, 0x8E, 0x0F, 0x97, 0x1E, 0x0C, 0xD7, 0xEF, 0xF0, 0xB7, 0xA3, 0xA7, 0xC5, 0x0D, 0x50, 0x18,
    0x19, 0x67, 0x67, 0x29, 0x56, 0xC3, 0xCE, 0x65, 0xE5, 0x34, 0x15, 0x17, 0x10, 0x52, 0xC8, 0x5F,
    0x27, 0x8D, 0xAF, 0x81, 0x4E, 0x04, 0x40, 0xE7, 0x6A, 0x5E, 0x06, 0x0A, 0x18, 0x0D, 0x51, 0x26,
    0x9C, 0xC0, 0x46, 0x39, 0xEC, 0xCA, 0x83, 0xE5, 0x6C, 0xE6, 0x55, 0x73, 0xDC, 0x22, 0xA9, 0x71,
    0xB6, 0x5C, 0x33, 0xE3, 0x8C, 0x22, 0xC1, 0x2F, 0x2A, 0x18, 0x8B, 0x16, 0x69, 0xE7, 0xD0, 0xFE,
    0x05, 0x84, 0xA6, 0x8B, 0x4F, 0xEE, 0x57, 0x01, 0x28, 0xB3, 0x2A, 0x0D, 0xE8, 0x21, 0x3A, 0x6A,
    0x2C, 0xD8, 0x80, 0xD4, 0x7C, 0x3B, 0xFF, 0xAC, 0xF8, 0x48, 0x59, 0x6B, 0xC7, 0x6C, 0x20, 0xC4,
    0x92, 0x1F, 0xFE, 0x4F, 0x13, 0xBD, 0x51, 0x9A, 0xE0, 0xBD, 0x5A, 0x41, 0x96, 0xB5, 0x1A, 0x12,
    0x8D, 0x06, 0x77, 0xE6, 0xEC, 0xEC, 0xAA, 0xF4, 0xCC, 0x5C, 0xF0, 0xBE, 0x59, 0xFF, 0x45, 0x27,
    0x3B, 0xD8, 0x25, 0x33, 0x9A, 0x8D, 0x17, 0x09, 0xC2, 0x3C, 0x76, 0xB3, 0x82, 0x5A, 0xA3, 0xD6,
    0xC8, 0x79, 0x79, 0x76, 0x27, 0x63, 0x20, 0xA0, 0x55, 0x32, 0xC0, 0x90, 0x78, 0xB2, 0x43, 0x88,
    0x0D, 0x95, 0x48, 0xEC, 0xCB, 0x07, 0xD4, 0x39, 0x06, 0xCD, 0x30, 0x2C, 0xEA, 0x82, 0xA6, 0xD4,
    0x75, 0xFC, 0xB9, 0xE7, 0x58, 0xA7, 0x81, 0x46, 0x26, 0x0C, 0xC9, 0xF7, 0xD9, 0x33, 0xAE, 0xDE,
    0xBA, 0xE6, 0x61, 0x8B, 0xC7, 0x06, 0x6E, 0xAB, 0x22, 0x3A, 0xB8, 0xB5, 0x81, 0xCB, 0xE5, 0x28,
    0x29, 0xB4, 0xA7, 0x0F, 0xDC, 0xB5, 0xE5, 0x88, 0x34, 0x21, 0xD9, 0x2B, 0x73, 0xEE, 0xC1, 0x71,
    0x15, 0xF7, 0x7E, 0xA2, 0xC0, 0x51, 0x9F, 0x77, 0xAF, 0x8C, 0x5E, 0xA7, 0x7F, 0x2C, 0xA1, 0x56,
    0x3D, 0x44, 0xCD, 0xD3, 0x78, 0x0B, 0x6F, 0x5C, 0x49, 0x41, 0x9C, 0x9E, 0xA5, 0xCE, 0x0F, 0x9E,
    0xF3, 0x5A, 0x71, 0xA9, 0x6D, 0x49, 0x44, 0x25, 0xAF, 0x88, 0x61, 0x3D, 0x4C, 0x87, 0x26, 0x15,
    0x31, 0x41, 0x4C, 0x65, 0xBD, 0x63, 0x7D, 0xA0, 0x9B, 0x6E, 0x8D, 0x75, 0xC9, 0x2E, 0xA2, 0x06,
    0xB8, 0x22, 0x65, 0x01, 0x3F, 0x61, 0xE7, 0x90, 0x75, 0xBA, 0x38, 0xFF, 0xBE, 0xA5, 0xAE, 0x10,
    0xE5, 0x68, 0xF1, 0x68, 0xF6, 0x06, 0x72, 0x5D, 0x5C, 0x5E, 0x70, 0x56, 0xAF, 0x6B, 0x86, 0xAB,
    0x57, 0xCC, 0x83, 0x01, 0x0C, 0x39, 0xC0, 0x10, 0xB2, 0xE4, 0x01, 0x32, 0x01, 0xB9, 0x40, 0x81,
    0xAB, 0x73, 0xA2, 0xD4, 0x9E, 0xE6, 0xCC, 0xAE, 0x61, 0xE5, 0xA2, 0x79, 0x77, 0x3A, 0x42, 0xBC,
    0x4E, 0x47, 0xD0, 0x4A, 0x92, 0xCA, 0x9C, 0xC5, 0x13, 0xDB, 0xCD, 0xDE, 0xEA, 0x5E, 0xFA, 0x4B,
    0xE9, 0xC5, 0xE5, 0xE5, 0xA2, 0xD4, 0xBD, 0xFA, 0x36, 0xAE, 0x34, 0xB4, 0x17, 0x29, 0xFC, 0x99,
    0x0B, 0x8A, 0xC5, 0xEC, 0xE2, 0x6F, 0xC2, 0x51, 0xE3, 0x20, 0x13, 0xE6, 0x37, 0x8E, 0xA8, 0x27,
    0x95, 0xB7, 0x96, 0x15, 0x34, 0x4A, 0x7C, 0x3A, 0xBB, 0x8B, 0xF5, 0xB6, 0x96, 0x8C, 0x87, 0xD5,
    0x56, 0x6A, 0x48, 0xAF, 0x71, 0x8D, 0xA2, 0xFE, 0x0C, 0xC4, 0xEC, 0x23, 0x40, 0xC6, 0x4D, 0xF7,
    0x46, 0x9E, 0xC8, 0xCA, 0x0A, 0x82, 0xBF, 0xBA, 0xFD, 0xE4, 0x84, 0x95, 0x77, 0xB8, 0x77, 0xBE,
    0x38, 0xF2, 0x07, 0x25, 0x13, 0x8F, 0x20, 0x41, 0x78, 0x60, 0x10, 0xCD, 0xBB, 0x79, 0x07, 0xEF,
    0x96, 0x18, 0x92, 0x36, 0x47, 0x95, 0xE0, 0xE4, 0xF5, 0x61, 0x6B, 0x4A, 0x0E, 0x4D, 0xD2, 0xA5,
    0x05, 0x24, 0xA9, 0x92, 0x2B, 0xF0, 0x9C, 0x8C, 0xF6, 0xA6, 0x4B, 0x02, 0xC9, 0x1B, 0x26, 0xFE,
    0x7B, 0x11, 0xE3, 0x91, 0xFD, 0x79, 0xA7, 0xC5, 0xDA, 0x8D, 0xC3, 0xED, 0xC7, 0x69, 0xF3, 0x1B,
    0x2E, 0x2D, 0x17, 0x12, 0xD9, 0x78, 0x60, 0x34, 0x9C, 0xD4, 0x4C, 0xBE, 0x7E, 0x84, 0x29, 0x4E,
    0xA8, 0xEF, 0xCA, 0xF2, 0x1B, 0xDE, 0x60, 0x3E, 0x07, 0xA3, 0x12, 0x74, 0x53, 0x38, 0x59, 0xCB,
    0x81, 0x1E, 0x9D, 0x8A, 0x07, 0x7C, 0x57, 0x3C, 0x9A, 0x9B, 0x29, 0xC9, 0x83, 0xAE, 0xCA, 0x93,
    0xEF, 0xDA, 0xB7, 0x46, 0xED, 0x21, 0xEB, 0x77, 0xFC, 0xA7, 0x07, 0x35, 0xC7, 0x0D, 0x0D, 0x8A,
    0xF0, 0xCB, 0x66, 0xEC, 0xE2, 0x1E, 0x29, 0xCD, 0x1B, 0x52, 0x42, 0xE4, 0xCD, 0xEF, 0x5D, 0xDD,
    0x2C, 0x0B, 0x0C, 0x12, 0x64, 0xCD, 0xD2, 0xA3, 0x8F, 0x2D, 0x79, 0x5D, 0x72, 0x96, 0x1F, 0x1C,
    0xAE, 0x4A, 0xE9, 0xC6, 0x5C, 0x7E, 0x58, 0x59, 0xCF, 0x39, 0x59, 0x4E, 0x06, 0xE9, 0xA0, 0x85,
    0xCF, 0x6D, 0x7B, 0x41, 0x47, 0x86, 0xF5, 0xF4, 0x22, 0x66, 0x84, 0xF2, 0x00, 0x76, 0x7F, 0xE9,
    0x44, 0xB0, 0x6E, 0xD5, 0xD9, 0xA0, 0x51, 0x40, 0x5A, 0x31, 0x05, 0x9B, 0x07, 0x2E, 0x8B, 0x24,
    0x13, 0xE2, 0xAB, 0x05, 0xF2, 0x65, 0xF5, 0x7E, 0xC5, 0x8E, 0x74, 0x52, 0xDF, 0xE5, 0x4D, 0x0A,
    0xF8, 0xD6, 0x6A, 0x79, 0xD2, 0x42, 0x7B, 0x81, 0x79, 0x35, 0x81, 0xEB, 0x23, 0x30, 0xC5, 0xB2,
    0xA7, 0x6A, 0xB7, 0x71, 0xFA, 0x87, 0x7B, 0x0C, 0xFC, 0xB1, 0x22, 0xDF, 0xC5, 0xEA, 0x64, 0x22,
    0x84, 0xB5, 0x9E, 0x8D, 0x3A, 0xA4, 0x41, 0x19, 0xD6, 0xE6, 0x25, 0x01, 0x57, 0xD8, 0x62, 0xF0,
    0xCD, 0xF5, 0x52, 0x49, 0x94, 0xF2, 0xEF, 0x4B, 0x3B, 0x84, 0x7F, 0xDB, 0x10, 0xC8, 0xAC, 0x5D,
    0x14, 0x28, 0x9B, 0xA4, 0xF4, 0x35, 0x89, 0x08, 0xF2, 0xD6, 0x11, 0x24, 0xAC, 0xF5, 0x1A, 0x5C,
    0x47, 0x0D, 0x21, 0x1D, 0x6A, 0xAD, 0xA6, 0x87, 0x21, 0x68, 0x80, 0x75, 0x04, 0xEC, 0x00, 0xD8,
    0xA0, 0x73, 0x85, 0xF6, 0x1A, 0xB6, 0xBB, 0x98, 0x62, 0xF1, 0xA3, 0x4A, 0x86, 0xDF, 0xB9, 0xF8,
    0x5C, 0x2D, 0x44, 0x10, 0x27, 0x56, 0x83, 0x4B, 0x0C, 0xBB, 0xB2, 0x43, 0x87, 0x09, 0x70, 0xBD,
    0x5A, 0x42, 0xA2, 0x2A, 0xEF, 0xA0, 0x3C, 0xB3, 0x5E, 0x44, 0x5E, 0x8F, 0xB1, 0x59, 0x07, 0xE6,
    0x99, 0x1D, 0x8B, 0xE3, 0xEA, 0xAD, 0x9F, 0xBF, 0xDB, 0x63, 0x5C, 0xE7, 0x0F, 0x50, 0xBA, 0xF8,
    0x48, 0x06, 0x4C, 0x77, 0x2F, 0xC8, 0x9A, 0xC3, 0x1A, 0x03, 0x3A, 0xEF, 0x59, 0x47, 0x3C, 0xE6,
    0x6B, 0xF4, 0xEE, 0xBC, 0xE6, 0xFC, 0x7A, 0xCF, 0x5B, 0xDF, 0x6A, 0xCE, 0xF7, 0xC6, 0xBD, 0x13,
    0x61, 0x11, 0x38, 0x7D, 0x1A, 0x6F, 0xEA, 0x21, 0xE5, 0x12, 0x1C, 0xA4, 0x54, 0x93, 0x78, 0x37,
    0x49, 0x6A, 0xAF, 0x64, 0xD0, 0x25, 0xAE, 0xD9, 0xF1, 0x94, 0x61, 0xDE, 0xC7, 0x35, 0xC1, 0xE2,
    0x1D, 0x18, 0x9A, 0xF3, 0x4E, 0xB5, 0xDD, 0x70, 0x4E, 0x31, 0xDE, 0x64, 0xBE, 0x2C, 0x16, 0xE5,
    0xA3, 0x53, 0xD4, 0x25, 0x72, 0x0E, 0x0D, 0x91, 0x1C, 0x58, 0xC5, 0x58, 0x82, 0x6B, 0x87, 0x84,
    0xC8, 0x2F, 0xF9, 0x9E, 0xBC, 0xF5, 0xFC, 0xFB, 0xC7, 0xE3, 0x89, 0x5C, 0x25, 0xF8, 0x47, 0x44,
    0x37, 0xE3, 0xC7, 0x6B, 0x91, 0x13, 0xCF, 0x3C, 0x2C, 0x64, 0xE4, 0x75, 0xF7, 0x83, 0x46, 0x97,
    0xE8, 0x84, 0xDA, 0x65, 0x5B, 0xB3, 0x07, 0xE2, 0x2D, 0xD7, 0x77, 0x6B, 0x4E, 0xE5, 0x96, 0xEB,
    0xBB, 0x1D, 0xD6, 0xD8, 0x9A, 0x57, 0xC8, 0x13, 0xD9, 0x85, 0xAC, 0x61, 0x8D, 0xB3, 0x4B, 0x3C,
    0x3F, 0xD2, 0x44, 0xD9, 0x7F, 0x3D, 0x48, 0x2D, 0x71, 0x96, 0x23, 0xEE, 0x05, 0x91, 0x03, 0xBB,
    0x8E, 0x1B, 0xE0, 0x88, 0x8E, 0x27, 0x94, 0xA4, 0xF4, 0x5D, 0xC1, 0x98, 0xE6, 0x42, 0x03, 0x43,
    0x0A, 0x4A, 0xE8, 0x95, 0xB2, 0x14, 0x8E, 0xF7, 0x00, 0x28, 0xF9, 0x02, 0x2B, 0xB5, 0xBC, 0x34,
    0x88, 0x58, 0x6D, 0x55, 0x40, 0xCD, 0x1B, 0xB7, 0x5A, 0xE9, 0xE7, 0xF4, 0x64, 0x0F, 0xF5, 0xA6,
    0x15, 0xCE, 0x4A, 0x5D, 0x8A, 0x84, 0xEB, 0xB7, 0xD7, 0xB2, 0xF0, 0xF8, 0x03, 0xBB, 0xC6, 0x2A,
    0xD7, 0xBE, 0x36, 0x99, 0x4D, 0x48, 0x09, 0x31, 0xD8, 0xA8, 0x76, 0x95, 0xB2, 0x4B, 0xFD, 0x6B,
    0xF1, 0xA3, 0x43, 0x8C, 0x0E, 0x89, 0x70, 0xE8, 0x5E, 0x51, 0xAC, 0x86, 0x9D, 0xCE, 0xFE, 0xB2,
    0xE7, 0x97, 0x5F, 0x16, 0x6C, 0xDF, 0x90, 0xFD, 0x57, 0x30, 0xCC, 0x73, 0xC3, 0x11, 0x75, 0xD3,
    0x69, 0xFB, 0x37, 0xD2, 0xF2, 0xDE, 0x5E, 0xDB, 0x47, 0xC8, 0xAC, 0xDA, 0x59, 0x57, 0xB3, 0xE7,
    0xBD, 0x53, 0xA0, 0x46, 0x28, 0x33, 0xB8, 0xEA, 0x93, 0x38, 0xF3, 0x51, 0xE0, 0x16, 0xD6, 0x0A,
    0x55, 0x0F, 0x20, 0xB8, 0x7F, 0x2D, 0xA2, 0xD3, 0x78, 0x84, 0x82, 0x55, 0x69, 0x50, 0x61, 0xB3,
    0xFB, 0xB3, 0x39, 0xFB, 0x67, 0xEF, 0xBC, 0x9F, 0xAF, 0xB0, 0x72, 0x47, 0x41, 0x75, 0xCE, 0xF4,
    0xA3, 0xF5, 0xE2, 0xEA, 0x22, 0x29, 0x54, 0x67, 0x6D, 0x78, 0x62, 0x47, 0xFF, 0x4C, 0x18, 0x3D,
    0x8D, 0xCE, 0xB6, 0x85, 0x66, 0x19, 0x53, 0x45, 0x04, 0xDC, 0x5B, 0xFD, 0x9F, 0xDB, 0xD7, 0x28,
    0xA9, 0x09, 0x71, 0x33, 0x2F, 0x0C, 0xB7, 0x8C, 0x26, 0xA1, 0xDA, 0x62, 0x7E, 0xA8, 0x77, 0x30,
    0x0F, 0x97, 0xE9, 0x59, 0x3C, 0x0E, 0x40, 0x17, 0x3A, 0x16, 0x57, 0x13, 0x65, 0x17, 0xB8, 0x04,
    0x16, 0xCB, 0x51, 0x1D, 0x3B, 0xD1, 0xD0, 0xB0, 0x77, 0x0D, 0x5E, 0xA8, 0x44, 0x4D, 0x5E, 0x13,
    0x25, 0xDA, 0x27, 0x18, 0x37, 0x7C, 0xC3, 0xB0, 0x10, 0x14, 0xD9, 0x61, 0xF9, 0x97, 0x31, 0x39,
    0x3C, 0x62, 0xB2, 0x41, 0x62, 0x7B, 0x56, 0x2B, 0xCE, 0xCB, 0x64, 0x59, 0x52, 0xE5, 0xB8, 0x7C,
    0x70, 0x83, 0x8C, 0x2B, 0x61, 0x89, 0x6C, 0x69, 0xEC, 0xB5, 0x92, 0xBA, 0xD3, 0xB1, 0x06, 0x9D,
    0x76, 0x50, 0x72, 0xB4, 0x37, 0x54, 0x78, 0xA2, 0x7D, 0x95, 0xF4, 0xD3, 0x6B, 0xED, 0xB2, 0xD4,
    0xC1, 0x72, 0x49, 0xA9, 0x0D, 0x9A, 0xF9, 0xD2, 0xFB, 0x56, 0x68, 0x52, 0xDA, 0x4D, 0x6E, 0x17,
    0x33, 0x12, 0xA2, 0x3F, 0xED, 0xD5, 0x69, 0xB7, 0x8B, 0xBF, 0x34, 0x2B, 0x59, 0x53, 0xF6, 0x7A,
    0x67, 0xB9, 0xE9, 0x87, 0x24, 0xBB, 0x70, 0x08, 0x35, 0xE0, 0xCB, 0x90, 0x6F, 0xDC, 0x33, 0x23,
    0xA3, 0xD9, 0xE9, 0x55, 0xEA, 0x1E, 0x8B, 0x7C, 0x84, 0x21, 0x1B, 0x77, 0x68, 0xA1, 0x98, 0x5D,
    0x94, 0xA9, 0x70, 0x1E, 0x23, 0xEB, 0x98, 0xE4, 0x2B, 0x57, 0xE7, 0xC4, 0xDA, 0x7E, 0x94, 0x38,
    0x2D, 0x5F, 0xF9, 0xFC, 0x2A, 0xC3, 0x57, 0x31, 0x8A, 0x60, 0xFC, 0x77, 0x90, 0xF6, 0x3D, 0x19,
    0x1E, 0x8A, 0xDB, 0x34, 0xF9, 0x61, 0x8D, 0xB9, 0x71, 0xBD, 0x58, 0x23, 0xC8, 0x1A, 0x73, 0x5C,
    0xEA, 0xE5, 0x9D, 0x0C, 0x02, 0xD0, 0x74, 0x0F, 0xA8, 0x91, 0x11, 0x2D, 0x74, 0xAC, 0xC7, 0x3D,
    0xE0, 0x77, 0xD3, 0x4C, 0xDB, 0x7D, 0x2D, 0x77, 0x19, 0x6E, 0x0A, 0xC3, 0x62, 0x6C, 0xFB, 0x0B,
    0x76, 0xF1, 0xDB, 0xF7, 0xE8, 0xC7, 0xBE, 0x46, 0x3E, 0x62, 0x03, 0x25, 0xBA, 0x41, 0xFF, 0xE3,
    0xC7, 0x00, 0x37, 0x61, 0x77, 0x2F, 0x4D, 0x2E, 0x78, 0x41, 0x73, 0xC1, 0x35, 0xCA, 0xA6, 0x5E,
    0x44, 0xC8, 0xC6, 0xA3, 0xDE, 0xBE, 0x0B, 0x71, 0xE3, 0xAA, 0xED, 0xA2, 0xD9, 0x45, 0x05, 0xA8,
    0xBB, 0x2A, 0x56, 0x91, 0x05, 0x1A, 0x3A, 0x8D, 0x3B, 0xBF, 0xD3, 0x36, 0xBF, 0xA3, 0xDF, 0x3F,
    0x8A, 0xD4, 0xCE, 0x8A, 0xD5, 0x12, 0x67, 0xA8, 0x89, 0xF1, 0xD2, 0x1A, 0x6A, 0x1E, 0x95, 0xF8,
    0x9B, 0xC9, 0x8B, 0xDE, 0x32, 0x03, 0x41, 0x13, 0x7B, 0xBA, 0x2F, 0x35, 0xEC, 0xE6, 0xED, 0xCC,
    0x9E, 0xF7, 0x2C, 0xFF, 0x88, 0xA7, 0x50, 0x73, 0x77, 0x3F, 0xC1, 0xC7, 0x9F, 0xE8, 0x73, 0x1D,
    0x3E, 0x75, 0x46, 0x2D, 0xE2, 0xDD, 0x44, 0x02, 0xF7, 0x6D, 0x12, 0x48, 0x3A, 0x24, 0xB7, 0x5B,
    0x72, 0x2E, 0xDA, 0xD9, 0xF6, 0xC8, 0x5E, 0x06, 0xB4, 0x2A, 0xFF, 0x1A, 0xFE, 0x7A, 0x8C, 0x41,
    0x55, 0xE8, 0x30, 0xBD, 0x8A, 0x9C, 0x7C, 0x50, 0x17, 0xCD, 0x39, 0x61, 0xAF, 0x07, 0x9F, 0x35,
    0xDE, 0x61, 0x0A, 0xDB, 0x00, 0x6D, 0x13, 0x2C, 0x21, 0x15, 0x18, 0x29, 0x4D, 0x70, 0x3A, 0xB5,
    0x56, 0x95, 0x2E, 0x9D, 0x53, 0x4A, 0x44, 0x9B, 0xAF, 0xD0, 0x4D, 0x6E, 0xB4, 0xC5, 0x9C, 0xC5,
    0xB8, 0x7F, 0x8A, 0x12, 0xC3, 0xE8, 0x8D, 0xEF, 0xD6, 0xB3, 0xFF, 0xDB, 0x61, 0xE4, 0x68, 0xEA,
    0x5C, 0x1C, 0x13, 0x84, 0x35, 0x90, 0x55, 0x15, 0x7F, 0x0D, 0x8E, 0x8B, 0xDF, 0x71, 0x4A, 0x6C,
    0x34, 0x50, 0xB5, 0x8B, 0x0E, 0x50, 0x22, 0xD6, 0x86, 0x90, 0xFC, 0x20, 0x3F, 0x3B, 0x14, 0xB6,
    0xEA, 0xFD, 0xAD, 0x9E, 0xE3, 0xBB, 0x0B, 0xE7, 0xF7, 0x40, 0xF3, 0x84, 0x3D, 0x96, 0x61, 0x1F,
    0x45, 0xF0, 0x8F, 0x5D, 0x8C, 0x93, 0x37, 0x7C, 0x94, 0x9A, 0xB2, 0x33, 0x27, 0xD0, 0xFC, 0x3E,
    0xB0, 0x6B, 0xFE, 0x92, 0x6E, 0x79, 0x60, 0x03, 0x15, 0x04, 0xAF, 0x00, 0xAD, 0xC9, 0x3B, 0xB4,
    0x86, 0x13, 0x9D, 0x59, 0xF6, 0x69, 0x6F, 0x3C, 0x77, 0xE8, 0x8B, 0x43, 0x24, 0xA7, 0xFC, 0x21,
    0x2A, 0x93, 0xD9, 0x16, 0xE2, 0xC0, 0x53, 0x44, 0xB2, 0x86, 0x5B, 0x8D, 0x2F, 0x8D, 0xF5, 0x32,
    0xD9, 0xD4, 0xF0, 0x23, 0x53, 0x9F, 0xB7, 0x50, 0xFB, 0x91, 0xE1, 0x6E, 0xD6, 0x85, 0xA3, 0x76,
    0x5A, 0xAD, 0xB6, 0x50, 0x5B, 0xDA, 0x63, 0xED, 0xD5, 0xA6, 0x13, 0x91, 0xD6, 0x74, 0x03, 0x92,
    0xFA, 0x96, 0xCE, 0x70, 0x50, 0xC7, 0xE8, 0x57, 0xEA, 0x69, 0xBD, 0xA6, 0x06, 0xFE, 0xDB, 0xAD,
    0x5A, 0xC9, 0xB5, 0x0A, 0xAA, 0x7C, 0xAB, 0x15, 0x27, 0x98, 0x76, 0xFA, 0x47, 0xB6, 0x8D, 0xEA,
    0xFE, 0x8F, 0xF0, 0x6C, 0x97, 0x67, 0xE4, 0xC8, 0x3B, 0x02, 0x4A, 0x24, 0xBB, 0xFF, 0x1A, 0xFD,
    0x8B, 0xF9, 0xA9, 0x0A, 0xC1, 0x07, 0x8D, 0xB9, 0x21, 0xD2, 0x2C, 0x98, 0x8A, 0x49, 0x78, 0x22,
    0x14, 0x12, 0x6E, 0x11, 0xC4, 0xCE, 0x51, 0xE5, 0x8B, 0xB5, 0x6B, 0xFF, 0xA7, 0x3F, 0xB0, 0x49,
    0x91, 0xB1, 0x73, 0x14, 0xEC, 0x82, 0x2A, 0x46, 0xA1, 0xC1, 0xA0, 0x3B, 0x91, 0x95, 0xBE, 0x8C,
    0x58, 0x61, 0xE1, 0xC2, 0x27, 0x2C, 0xC1, 0xA1, 0x66, 0x48, 0xEE, 0x3E, 0xB8, 0xEE, 0x78, 0x84,
    0x9B, 0x34, 0x49, 0xB6, 0xFB, 0x51, 0x6F, 0x17, 0xE2, 0x3F, 0x6B, 0xC2, 0x06, 0x8D, 0x6E, 0xAF,
    0x5B, 0x4C, 0x4F, 0x28, 0x90, 0x4B, 0xAE, 0x74, 0x12, 0x5A, 0xDC, 0xC8, 0x8E, 0x31, 0xC7, 0x10,
    0x03, 0xD3, 0xCA, 0x18, 0xF4, 0x5E, 0x70, 0x5E, 0x81, 0x80, 0x55, 0x18, 0x9B, 0xCB, 0xCE, 0x10,
    0xEF, 0x1A, 0x31, 0x28, 0x14, 0x66, 0x11, 0xCB, 0x01, 0xD3, 0x25, 0x47, 0xE2, 0x75, 0x67, 0x2F,
    0x2B, 0xAB, 0xDD, 0x23, 0x05, 0xA2, 0x75, 0xA4, 0xE1, 0xE9, 0xA4, 0xD5, 0xFA, 0x6D, 0xBC, 0xFE,
    0x55, 0xAC, 0x7F, 0xAD, 0x69, 0x1E, 0x6F, 0x93, 0xF0, 0xB9, 0xBE, 0xFE, 0x7A, 0x70, 0x5E, 0x6E,
    0x5A, 0x27, 0xE0, 0xC9, 0x07, 0x92, 0x1E, 0x41, 0x2B, 0xB2, 0x72, 0x2C, 0x2C, 0x1B, 0x05, 0x2A,
    0xDB, 0xC0, 0xD6, 0xA6, 0x58, 0xE1, 0xC3, 0x4F, 0xD8, 0x31, 0x41, 0xFC, 0x76, 0x2E, 0x35, 0x8D,
    0x3E, 0x68, 0x16, 0x7D, 0xB0, 0x34, 0xA3, 0xA2, 0x03, 0x56, 0x4C, 0x24, 0x0A, 0x81, 0xD7, 0x1D,
    0x5E, 0x46, 0x80, 0x96, 0xFC, 0x03, 0x1E, 0x34, 0x02, 0xA1, 0x39, 0x29, 0xEA, 0x93, 0x26, 0xEC,
    0x6E, 0xA9, 0xF8, 0xCB, 0xB3, 0xAF, 0x8E, 0x46, 0xB3, 0x62, 0x63, 0xD8, 0x01, 0x72, 0x41, 0x1F,
    0x35, 0x42, 0xB1, 0xF4, 0x8F, 0x32, 0x53, 0x30, 0xB2, 0x9C, 0x7D, 0xB7, 0x27, 0xED, 0x0A, 0x35,
    0xC5, 0x75, 0xD0, 0xDD, 0xA0, 0x95, 0x73, 0xE2, 0xE8, 0x22, 0xFA, 0xB5, 0xAC, 0xEF, 0x29, 0x36,
    0xA4, 0x3E, 0x2F, 0x82, 0x48, 0xEB, 0x45, 0x06, 0x14, 0x9A, 0x19, 0x9D, 0xE4, 0x4A, 0x14, 0x70,
    0x8A, 0x96, 0x96, 0x73, 0x81, 0x02, 0x5C, 0x1E, 0xB3, 0x5C, 0x3B, 0xBA, 0xB6, 0x5E, 0x2E, 0x56,
    0xF6, 0x8C, 0x33, 0x4F, 0x34, 0x40, 0x15, 0xF7, 0x3B, 0x2D, 0x0E, 0xEE, 0x81, 0x52, 0x8B, 0x91,
    0x1F, 0xBB, 0x28, 0xD6, 0xE9, 0x60, 0xD6, 0xC1, 0x91, 0xF9, 0x2B, 0xE3, 0xF7, 0x19, 0x62, 0x87,
    0x9E, 0x4D, 0x6C, 0x89, 0xCA, 0xA7, 0x46, 0x34, 0x98, 0x45, 0xF3, 0x3A, 0xE6, 0xAB, 0x60, 0x8A,
    0x75, 0x1E, 0xF5, 0x42, 0x48, 0x42, 0x56, 0x33, 0xB2, 0x52, 0x03, 0xA7, 0x22, 0xA0, 0x52, 0xA6,
    0xA3, 0xA0, 0x4D, 0x01, 0xA2, 0xA0, 0x8B, 0x2B, 0xD4, 0xF8, 0x8E, 0xE1, 0x2B, 0x02, 0x17, 0x93,
    0x3D, 0xF6, 0x6E, 0x2F, 0x3A, 0x24, 0x7A, 0xB5, 0xBB, 0x29, 0x37, 0xF7, 0xFB, 0x21, 0xF9, 0x81,
    0x6C, 0xE9, 0xC6, 0x18, 0xFC, 0xA6, 0xE1, 0x60, 0x4C, 0xEC, 0x3E, 0x9C, 0x18, 0x8C, 0xF3, 0x26,
    0x0D, 0x71, 0x3D, 0x82, 0xE9, 0x2C, 0xE7, 0x31, 0xC7, 0x86, 0xA4, 0x56, 0x2A, 0x1B, 0xD7, 0x52,
    0xE9, 0x76, 0xAF, 0x8D, 0x70, 0x31, 0xB8, 0xCE, 0xAE, 0x5F, 0xFE, 0x03, 0x69, 0x9D, 0x4B, 0x5A,
    0xFB, 0xBC, 0x3C, 0xEE, 0x74, 0xD2, 0xB9, 0x26, 0x43, 0x0D, 0x85, 0x2C, 0x89, 0x3E, 0xF7, 0x11,
    0x9F, 0x7F, 0xAD, 0xE7, 0xCC, 0x95, 0xD2, 0x9C, 0x88, 0x46, 0x10, 0x1A, 0x2D, 0x5E, 0xB6, 0x28,
    0x07, 0x89, 0xFB, 0x10, 0x99, 0x6C, 0x3C, 0xE4, 0x07, 0x30, 0x2C, 0x90, 0x29, 0x9D, 0x74, 0xC4,
    0x46, 0x05, 0x38, 0xDD, 0xD2, 0x71, 0x01, 0x69, 0x1D, 0x8F, 0xD4, 0x12, 0xB2, 0x0F, 0x3C, 0x4D,
    0x24, 0x78, 0xA7, 0x86, 0x5D, 0xE2, 0xBD, 0xDB, 0xC7, 0x00, 0xFF, 0x78, 0x22, 0x50, 0xF3, 0xFB,
    0x67, 0x92, 0xEF, 0x09, 0x01, 0x9C, 0x5C, 0x0D, 0xFF, 0x11, 0x00, 0x2E, 0xCC, 0x6D, 0x7D, 0x5E,
    0x4C, 0xC6, 0x88, 0x44, 0x4E, 0xBF, 0xBC, 0x50, 0xC9, 0x1E, 0xE7, 0xA6, 0xDF, 0x6F, 0x96, 0x78,
    0x6E, 0xE9, 0x82, 0x5B, 0xFA, 0xE0, 0xAA, 0xBA, 0xAA, 0x1D, 0x5D, 0x2D, 0x0D, 0x42, 0x41, 0x1B,
    0xB6, 0x1F, 0xD6, 0x43, 0xE8, 0x72, 0xF9, 0x0F, 0x5C, 0xFB, 0xF7, 0x30, 0x65, 0xAE, 0x22, 0x28,
    0xFB, 0xB2, 0x65, 0x23, 0x57, 0x64, 0x27, 0xC8, 0xCE, 0x98, 0x4A, 0x08, 0x51, 0x37, 0xC1, 0x00,
    0xBC, 0x13, 0x0D, 0xFD, 0xA5, 0xF5, 0x32, 0xFA, 0x44, 0x47, 0xDF, 0x5B, 0xDA, 0x6D, 0xF0, 0x5A,
    0x04, 0x8B, 0x19, 0x47, 0xB8, 0x66, 0x15, 0xF5, 0x53, 0x22, 0xAC, 0x38, 0x53, 0x89, 0x15, 0x79,
    0xFC, 0x1A, 0x1F, 0xEE, 0x26, 0x00, 0x2C, 0xA2, 0x96, 0x0D, 0xBE, 0x7D, 0xD0, 0x63, 0xAA, 0x33,
    0xA7, 0x73, 0xD6, 0x05, 0xAB, 0xED, 0xB3, 0xFC, 0x44, 0x64, 0x3F, 0xB6, 0x35, 0x05, 0xA2, 0x68,
    0xE1, 0x98, 0x04, 0x43, 0x9A, 0xAB, 0xF2, 0x8A, 0x5B, 0xC1, 0x40, 0x48, 0x0D, 0xF7, 0x83, 0x46,
    0xC8, 0x93, 0x29, 0x9E, 0xCC, 0x04, 0xFF, 0xC2, 0xAE, 0xF9, 0xF7, 0x7B, 0x54, 0xA4, 0x3B, 0x3F,
    0x26, 0xD5, 0x86, 0xE8, 0x71, 0x19, 0x0F, 0x56, 0xB4, 0x4B, 0xBF, 0x95, 0x5D, 0x9A, 0x37, 0x00,
    0xDE, 0xE4, 0x3C, 0x18, 0x4D, 0x2E, 0x3D, 0x5C, 0xAA, 0xD5, 0xDB, 0x90, 0x02, 0xA3, 0x36, 0xFE,
    0x90, 0x1E, 0x35, 0xF1, 0xD0, 0x0F, 0x84, 0x2D, 0x1F, 0xB3, 0xB5, 0x68, 0xCF, 0xE4, 0xB7, 0xA2,
    0xE3, 0x8B, 0x32, 0x10, 0x50, 0x02, 0x72, 0x45, 0x9E, 0x22, 0xBA, 0x94, 0x20, 0xA8, 0x5C, 0xE5,
    0x3A, 0x52, 0x02, 0x4F, 0x1D, 0x12, 0xA5, 0x37, 0xB0, 0x87, 0x2C, 0xB0, 0x74, 0x07, 0xC5, 0xB7,
    0x86, 0x5D, 0x6B, 0xEE, 0x80, 0xC1, 0xE2, 0xFA, 0x99, 0x93, 0x00, 0xFD, 0xD7, 0x59, 0xFA, 0x55,
    0xD9, 0xE5, 0x49, 0x12, 0xB6, 0x30, 0x65, 0x1F, 0xFF, 0xCE, 0xF0, 0x92, 0xEC, 0xE3, 0x8D, 0xFA,
    0xEA, 0x0D, 0x72, 0x0D, 0x73, 0x37, 0x45, 0x43, 0xE4, 0x8B, 0x0D, 0xCF, 0x44, 0x4C, 0xA3, 0x9E,
    0xC9, 0x4E, 0xF8, 0xC7, 0xEC, 0xF6, 0x4F, 0xAE, 0x0F, 0x70, 0xD9, 0x34, 0x98, 0x2D, 0x85, 0x80,
    0x9B, 0xA0, 0xF3, 0x87, 0xB4, 0xA1, 0x1E, 0xEA, 0xC7, 0xD7, 0x60, 0x55, 0x0F, 0x88, 0x63, 0x22,
    0xE2, 0x06, 0xFB, 0xD6, 0xF6, 0x28, 0xFF, 0x10, 0x42, 0xD1, 0xE7, 0x2A, 0x78, 0x6A, 0xCD, 0xA0,
    0x9C, 0x59, 0x9F, 0x38, 0x68, 0x59, 0x83, 0x28, 0x84, 0x00, 0xF1, 0x64, 0x69, 0xD7, 0x33, 0x5E,
    0x97, 0xB3, 0xA3, 0xB0, 0x36, 0x33, 0x2F, 0x83, 0xE2, 0xC1, 0x7F, 0x46, 0x63, 0x15, 0x1F, 0x18,
    0xF6, 0x38, 0x9F, 0xFE, 0x15, 0x8A, 0xDD, 0x90, 0xD2, 0xD4, 0x11, 0xC2, 0x69, 0x2A, 0x86, 0x00,
    0x45, 0x36, 0x09, 0xE8, 0x18, 0x73, 0xC5, 0x33, 0x12, 0x41, 0x55, 0x81, 0xB0, 0x5C, 0x52, 0x9F,
    0x90, 0x70, 0x4E, 0x4C, 0x46, 0xAA, 0xCA, 0xBE, 0xD7, 0x99, 0x31, 0xC1, 0xBE, 0x6E, 0xA5, 0x79,
    0xD0, 0x8F, 0x94, 0x4D, 0xB2, 0xBE, 0xD7, 0x19, 0x67, 0x79, 0xBB, 0x71, 0xCF, 0x60, 0x4C, 0x50,
    0xEA, 0xD6, 0xBB, 0x32, 0x49, 0xCD, 0x2F, 0x21, 0xC3, 0xA2, 0x2D, 0x63, 0xE0, 0x07, 0xED, 0x41,
    0x84, 0x0E, 0x28, 0x4E, 0x29, 0x28, 0x4F, 0xAD, 0x22, 0x7F, 0xF7, 0x51, 0x8F, 0xAE, 0x1F, 0x6F,
    0x69, 0x6F, 0xCE, 0x2F, 0x1C, 0x09, 0xFD, 0x41, 0x5A, 0x24, 0x1F, 0x2A, 0x51, 0x37, 0x36, 0xF1,
    0x76, 0x33, 0xEA, 0x16, 0x6F, 0x8D, 0xA7, 0x7E, 0x5C, 0x4A, 0x05, 0x3E, 0xD6, 0x3A, 0xE7, 0x54,
    0xA6, 0x74, 0x49, 0x3E, 0x6E, 0x06, 0x26, 0xE5, 0xDB, 0xA6, 0xDD, 0x16, 0x33, 0x38, 0xA8, 0x8C,
    0x3B, 0x5D, 0xA9, 0x4B, 0x87, 0x9F, 0x1B, 0xC9, 0xE8, 0x1F, 0x7D, 0x90, 0x92, 0x3A, 0x14, 0x83,
    0x87, 0xD5, 0xA6, 0xF0, 0xB2, 0x2B, 0x4C, 0x06, 0x1A, 0x28, 0xB8, 0x96, 0xA1, 0x81, 0x93, 0x1A,
    0x8F, 0xBC, 0xB5, 0x55, 0x06, 0x0B, 0x87, 0x65, 0x0C, 0x46, 0xA5, 0x29, 0x0D, 0xB5, 0xFF, 0xE3,
    0xF7, 0xDC, 0x5C, 0xEF, 0x71, 0xA7, 0x15, 0xCA, 0x4D, 0x87, 0x75, 0x7E, 0x8F, 0xE7, 0x66, 0xDA,
    0x65, 0x2E, 0xF7, 0xE1, 0x9E, 0xBF, 0xDA, 0x47, 0x6E, 0x6E, 0x06, 0xEF, 0x43, 0x3E, 0x34, 0xAE,
    0x56, 0x96, 0x51, 0x06, 0x37, 0xCC, 0x18, 0x00, 0xBC, 0x8E, 0x52, 0xB6, 0x37, 0x31, 0xBD, 0x4C,
    0x96, 0xDB, 0x63, 0xE5, 0x5A, 0x2B, 0xAB, 0xA1, 0x24, 0x35, 0x4D, 0xB4, 0xC8, 0x55, 0x7B, 0x3E,
    0xAB, 0xF3, 0x25, 0x82, 0x38, 0xA6, 0x57, 0xCA, 0x08, 0xA5, 0xF9, 0x39, 0xFC, 0xC6, 0xC9, 0xFF,
    0xAF, 0x63, 0x30, 0xFD, 0x9D, 0x6C, 0x1D, 0xD9, 0xE5, 0xB8, 0x65, 0x02, 0xFF, 0x1F, 0xB0, 0x4E,
    0x7D, 0x84, 0xAC, 0x5A, 0x51, 0x5B, 0x75, 0xD4, 0x74, 0xC6, 0xD4, 0xB8, 0x4A, 0xE8, 0xBB, 0xB0,
    0x11, 0x3C, 0xAE, 0xE5, 0x90, 0x72, 0xF2, 0xC7, 0x4B, 0x81, 0x6D, 0x43, 0x3B, 0xC6, 0x18, 0xFF,
    0xD6, 0x64, 0x0D, 0x4C, 0xAE, 0xCB, 0x4B, 0xCD, 0xE6, 0x7D, 0x39, 0xE5, 0x7F, 0xA0, 0x15, 0xF3,
    0x82, 0x39, 0xDA, 0x18, 0xE1, 0xA8, 0x2B, 0xBF, 0xBA, 0x8E, 0xD1, 0x3C, 0xD3, 0x4E, 0x05, 0xDA,
    0x8C, 0xC5, 0xE6, 0x31, 0x21, 0x0E, 0x53, 0xD1, 0x4A, 0x22, 0xDD, 0x8D, 0x7B, 0x06, 0x8F, 0xCB,
    0x32, 0x95, 0xDA, 0x3A, 0x57, 0xA4, 0x55, 0xBA, 0x09, 0x3C, 0x91, 0x1B, 0x23, 0xE5, 0x86, 0x4B,
    0x15, 0x0E, 0x39, 0xCA, 0x30, 0x59, 0xEF, 0x0C, 0x1D, 0x47, 0x4F, 0x6E, 0xF6, 0xB9, 0x0A, 0xD9,
    0xE0, 0x5D, 0x3D, 0x67, 0x5A, 0x12, 0xD7, 0x3A, 0xF0, 0xA4, 0x0D, 0xDC, 0xB0, 0x4C, 0xDE, 0xA0,
    0x52, 0x07, 0x3A, 0xA9, 0xD7, 0xC9, 0x93, 0x82, 0xD1, 0x03, 0xCE, 0xF0, 0xC6, 0x9C, 0x49, 0x3C,
    0x43, 0x32, 0x47, 0x26, 0xCE, 0x75, 0x31, 0x2A, 0x9D, 0xD2, 0x24, 0x66, 0x07, 0x4E, 0x8A, 0x01,
    0x80, 0xA6, 0x38, 0xA3, 0xCD, 0xE8, 0x63, 0x80, 0xB3, 0x4B, 0x5B, 0x3A, 0x46, 0x65, 0x8D, 0xE3,
    0x4F, 0xBB, 0x69, 0x5D, 0x3D, 0x23, 0xE0, 0x03, 0x74, 0x3D, 0x29, 0x0A, 0x3C, 0xB5, 0xB7, 0xE5,
    0x5D, 0xF8, 0x0B, 0x8A, 0x2E, 0x69, 0x5D, 0x15, 0x71, 0xD2, 0xB8, 0x47, 0xCF, 0x6A, 0x85, 0x31,
    0x84, 0x71, 0xD2, 0xB2, 0xF7, 0x71, 0xA4, 0x95, 0x54, 0x18, 0x15, 0xB7, 0x3A, 0x36, 0x8C, 0x70,
    0x29, 0x14, 0xF0, 0x3A, 0x58, 0xCF, 0x6E, 0x0A, 0xD6, 0x5D, 0x02, 0x5C, 0xB3, 0xB6, 0x4E, 0x26,
    0x58, 0xB3, 0xFF, 0xB3, 0x12, 0x40, 0x84, 0x62, 0x71, 0x1D, 0xF1, 0xB4, 0x3C, 0x9F, 0x6C, 0xD1,
    0xAD, 0x6A, 0xBF, 0x28, 0xDB, 0x66, 0xDD, 0x76, 0xD7, 0xFB, 0x39, 0xD6, 0xBC, 0xDF, 0x42, 0xC6,
    0x43, 0x98, 0x52, 0x41, 0x79, 0x55, 0xAE, 0x75, 0xD2, 0x0C, 0x0F, 0xD6, 0x4E, 0xF7, 0x0C, 0x9C,
    0x81, 0xD6, 0x2F, 0x41, 0x72, 0x51, 0x3B, 0x08, 0x3F, 0x76, 0x9A, 0x0F, 0x86, 0x3B, 0x1A, 0x74,
    0x29, 0x43, 0xC1, 0x57, 0xF9, 0xCE, 0x56, 0x90, 0x8E, 0xCA, 0xE4, 0x9F, 0x39, 0xF1, 0x9F, 0x95,
    0x88, 0x2A, 0x53, 0xD4, 0x0A, 0x0F, 0xB6, 0x4A, 0x1F, 0x34, 0xC0, 0x90, 0xAD, 0xFB, 0xBE, 0xCA,
    0x87, 0x5F, 0x70, 0xBE, 0xA5, 0xF3, 0x01, 0xF7, 0xAA, 0xBB, 0xB2, 0x0D, 0xF6, 0xD8, 0x00, 0x1A,
    0xF0, 0xE9, 0x02, 0x68, 0xA2, 0x13, 0xE9, 0x86, 0xB5, 0xA6, 0xB9, 0x5F, 0x9F, 0x2A, 0xF1, 0x60,
    0x47, 0xCD, 0xC4, 0x5E, 0x8D, 0xC1, 0x9B, 0x8F, 0x8F, 0x2B, 0x34, 0x9F, 0x8A, 0xCE, 0x48, 0x39,
    0x33, 0x7E, 0x00, 0x9D, 0xF9, 0x8D, 0xB3, 0x5E, 0xB6, 0x9E, 0xDB, 0x40, 0x37, 0x29, 0xD2, 0xE7,
    0x1C, 0x97, 0x6B, 0x7B, 0xB3, 0x0E, 0x11, 0xD2, 0x3F, 0x9B, 0xD5, 0xA2, 0xA1, 0x16, 0x84, 0x35,
    0xF7, 0x59, 0x9E, 0xFC, 0x12, 0xAE, 0x13, 0xB4, 0x70, 0xE6, 0xD3, 0x5C, 0xAE, 0xE3, 0x8D, 0xA1,
    0x66, 0xAC, 0x39, 0xB3, 0x3D, 0xDB, 0x9D, 0x15, 0x74, 0xE8, 0x6E, 0x9B, 0x0E, 0x1A, 0x74, 0x82,
    0xBE, 0x17, 0x25, 0x2D, 0x52, 0x54, 0x34, 0x96, 0x00, 0xBD, 0x33, 0x7F, 0xBC, 0xED, 0xFE, 0x1E,
    0x3C, 0x67, 0x3E, 0x1F, 0xD8, 0x21, 0x6A, 0xC4, 0xCB, 0x9D, 0xA2, 0xB7, 0x85, 0x39, 0x07, 0xAF,
    0x6A, 0x63, 0x20, 0xEF, 0x9B, 0x94, 0x9A, 0x10, 0xEB, 0xCB, 0x03, 0x4A, 0x28, 0x5B, 0x38, 0xE6,
    0xAA, 0x5F, 0xD2, 0xF1, 0xE4, 0x37, 0x13, 0x07, 0xF6, 0x9F, 0xFC, 0x1E, 0x53, 0x8B, 0x1E, 0x7F,
    0x5D, 0x16, 0xF6, 0xD2, 0x01, 0x57, 0xF4, 0x84, 0xD6, 0x2E, 0x1C, 0x72, 0xB8, 0x3C, 0x6A, 0xFE,
    0xE4, 0xEA, 0xC9, 0x5B, 0xC7, 0x3F, 0x1F, 0xD9, 0x6A, 0xDB, 0xF8, 0x1D, 0x8A, 0xD0, 0x05, 0xEB,
    0xB2, 0xDD, 0x87, 0x5D, 0x8C, 0x22, 0xDE, 0x80, 0x4D, 0x5B, 0xD2, 0xA9, 0xBE, 0xC2, 0xCD, 0xE3,
    0xA1, 0x83, 0x2D, 0xB0, 0x4D, 0xEB, 0xA0, 0x01, 0xE5, 0x6D, 0x81, 0xB9, 0x47, 0x8E, 0x8A, 0x30,
    0x50, 0x49, 0xA4, 0x27, 0x26, 0x31, 0xF6, 0xB8, 0x4E, 0x52, 0x63, 0x3C, 0x98, 0xE5, 0xB4, 0xFB,
    0x3E, 0x38, 0x67, 0x48, 0x98, 0xD3, 0x91, 0x7A, 0x9B, 0x53, 0x6D, 0x1F, 0xAE, 0x54, 0xDC, 0x17,
    0x78, 0x97, 0x27, 0x02, 0xFF, 0xC7, 0x9B, 0x5B, 0x95, 0x1D, 0xE2, 0xF2, 0xCA, 0x2C, 0x9A, 0x3C,
    0xAD, 0x0F, 0x48, 0x84, 0x8E, 0x59, 0x1D, 0xD4, 0x56, 0x20, 0x2D, 0x50, 0xD3, 0x5A, 0x5E, 0xD3,
    0x65, 0xF3, 0x61, 0xFA, 0x17, 0x58, 0xCA, 0x24, 0xCB, 0x8A, 0xEA, 0xEB, 0x1C, 0x50, 0x97, 0xEF,
    0x95, 0xAD, 0xA7, 0x4B, 0x47, 0x69, 0xB1, 0x00, 0x7C, 0xAD, 0x06, 0xB9, 0x30, 0x10, 0xDD, 0x2A,
    0x39, 0xB6, 0x5B, 0xB5, 0x37, 0xBF, 0x2B, 0x30, 0xBA, 0xF6, 0x38, 0x76, 0xCA, 0x69, 0x63, 0xD3,
    0xC5, 0x9A, 0x3E, 0x6F, 0x96, 0x62, 0x10, 0x0A, 0x67, 0x37, 0x2A, 0xED, 0x45, 0xF3, 0x42, 0xD4,
    0xC7, 0xA2, 0x22, 0xAB, 0xDA, 0xFA, 0x93, 0x77, 0xB4, 0x65, 0xD9, 0x7D, 0x53, 0x4B, 0x6B, 0x32,
    0x2D, 0xF4, 0xA0, 0x95, 0xFF, 0xA3, 0x43, 0x21, 0x95, 0x57, 0x28, 0xB0, 0x4A, 0x82, 0x31, 0xE8,
    0x14, 0xAC, 0xB7, 0x14, 0x90, 0xFA, 0xE8, 0x0C, 0x7D, 0x8C, 0x5F, 0xAB, 0xBB, 0x9E, 0xCC, 0x97,
    0xC3, 0x2E, 0x6C, 0x50, 0x50, 0x53, 0x50, 0x49, 0x6B, 0x74, 0xF6, 0x70, 0xDB, 0xAB, 0x72, 0x3A,
    0x2F, 0xD0, 0x52, 0xAA, 0xA0, 0xD3, 0x56, 0x9D, 0x5E, 0x23, 0x8A, 0xCF, 0x04, 0xDA, 0x28, 0xA6,
    0x26, 0x6E, 0xD8, 0x3A, 0x25, 0xA4, 0x06, 0x69, 0x3C, 0x5D, 0xAC, 0x58, 0x50, 0xBE, 0x69, 0x1A,
    0xD1, 0xB4, 0xED, 0x90, 0x31, 0xB9, 0x07, 0x0F, 0x37, 0x68, 0x13, 0xB3, 0xE8, 0x2C, 0xBF, 0xBF,
    0x69, 0xD6, 0xE7, 0x0B, 0x16, 0xED, 0x45, 0xD7, 0x8F, 0x7E, 0x6E, 0x36, 0x66, 0xC4, 0xE2, 0x89,
    0x2C, 0x91, 0xBF, 0x97, 0x76, 0xFE, 0x37, 0x6C, 0x1F, 0xE9, 0x1E, 0xA1, 0x79, 0xDA, 0x72, 0x4D,
    0xCB, 0xCB, 0x3A, 0x62, 0x40, 0x9F, 0xC9, 0xA2, 0x0D, 0x0F, 0x78, 0x9C, 0xAF, 0x61, 0x77, 0xAC,
    0x71, 0x59, 0x39, 0xB6, 0x8A, 0xE9, 0xD8, 0xF2, 0x58, 0xD3, 0x8F, 0xAE, 0x19, 0x09, 0x96, 0x9D,
    0x76, 0xD1, 0xE1, 0x5F, 0xA5, 0x3B, 0xD1, 0x01, 0x88, 0x81, 0x7E, 0x44, 0xB7, 0x3C, 0xCE, 0x28,
    0xBE, 0x11, 0x41, 0xB2, 0x8D, 0x37, 0x10, 0x6F, 0xB6, 0x6C, 0x59, 0xD7, 0xE7, 0x06, 0x9B, 0x78,
    0x56, 0x31, 0x77, 0xB8, 0x69, 0x99, 0xFA, 0xFF, 0xF0, 0x64, 0xA2, 0xEA, 0xA3, 0x3D, 0x99, 0x68,
    0xF7, 0x11, 0x42, 0x6A, 0xDA, 0x3A, 0xA9, 0xEE, 0x32, 0x23, 0xC5, 0xB6, 0x1B, 0xE7, 0x82, 0x18,
    0x3B, 0x4F, 0x26, 0xDA, 0x7D, 0x84, 0xD0, 0xBC, 0x7D, 0x89, 0x8F, 0xFC, 0x64, 0xA2, 0x6E, 0xDB,
    0x87, 0xFC, 0x90, 0x27, 0x13, 0x45, 0x1F, 0xF8, 0x64, 0x22, 0xE3, 0x1D, 0xAB, 0xBE, 0xD4, 0xDE,
    0x56, 0xC5, 0xA8, 0xCD, 0x61, 0x77, 0xC0, 0xA2, 0xA5, 0x21, 0xCB, 0x1A, 0x49, 0x46, 0xA0, 0xD8,
    0x4D, 0x58, 0xBA, 0xB6, 0x55, 0x37, 0xA9, 0x74, 0x71, 0xF1, 0x66, 0x7D, 0x86, 0x77, 0xCF, 0x38,
    0x8E, 0xB0, 0x38, 0xA4, 0x4D, 0xC5, 0x00, 0x3E, 0xE6, 0x7F, 0xA3, 0xA5, 0xB2, 0xA5, 0x37, 0xCA,
    0x71, 0x84, 0xB5, 0xEB, 0xB3, 0x72, 0x7A, 0x22, 0x2B, 0xD9, 0x5D, 0x38, 0x09, 0x22, 0xD3, 0x3A,
    0xEC, 0x32, 0xDC, 0x21, 0xA9, 0x31, 0x44, 0xCA, 0xB7, 0x81, 0xFD, 0x2F, 0xD6, 0x60, 0xBE, 0xB5,
    0xED, 0x42, 0xDB, 0xB8, 0x07, 0xA0, 0x9B, 0x6B, 0xC6, 0xFC, 0x5F, 0xED, 0x5C, 0x3D, 0xAC, 0x1C,
    0xD7, 0x79, 0xBD, 0x33, 0x43, 0x72, 0x25, 0x0D, 0xA4, 0x61, 0x00, 0x0A, 0x50, 0x44, 0xC0, 0xA3,
    0xC2, 0x85, 0x03, 0xC8, 0x5A, 0x17, 0x29, 0x5C, 0x58, 0x9C, 0xB1, 0x04, 0x84, 0xA5, 0x58, 0x90,
    0x46, 0x80, 0x14, 0x51, 0x29, 0xA8, 0x79, 0x2E, 0x52, 0xB0, 0xA0, 0xB8, 0x2B, 0xA9, 0x50, 0x29,
    0x16, 0xE9, 0x5C, 0x58, 0x85, 0x10, 0x18, 0x2F, 0x40, 0xC4, 0x00, 0x2A, 0x1C, 0x98, 0x8F, 0x3B,
    0x8E, 0x0A, 0x15, 0x2E, 0xB2, 0x82, 0x0A, 0x17, 0x29, 0xB4, 0xB0, 0x94, 0x18, 0x89, 0x0A, 0x8D,
    0x93, 0x81, 0xB4, 0xA4, 0x67, 0xE7, 0xE6, 0x3B, 0xE7, 0xDC, 0x99, 0x9D, 0xDD, 0xF7, 0x14, 0xC4,
    0x08, 0x10, 0x8A, 0x64, 0x1E, 0xA4, 0x1D, 0xBE, 0xD9, 0xF9, 0xB9, 0xF7, 0x9E, 0xEF, 0xE7, 0x7C,
    0x3F, 0xF7, 0x39, 0xB7, 0xFD, 0xB9, 0xC9, 0xCF, 0x68, 0xA3, 0xDF, 0xFC, 0x9C, 0x87, 0x45, 0xCD,
    0x43, 0xD1, 0xEA, 0x30, 0xE3, 0x21, 0x7F, 0x69, 0x89, 0x43, 0xF6, 0xC1, 0x1A, 0x87, 0x74, 0xD9,
    0xE1, 0x90, 0xD4, 0xD3, 0xCA, 0x0E, 0x71, 0x33, 0xC1, 0x2D, 0xD1, 0x5A, 0x0F, 0x6A, 0x5D, 0x51,
    0xDA, 0xE1, 0xBA, 0xCB, 0x56, 0xB8, 0xDF, 0x25, 0x78, 0xD0, 0x74, 0xEE, 0x16, 0xB8, 0xDF, 0x7B,
    0x6F, 0x0F, 0x4A, 0xED, 0xD0, 0x38, 0x37, 0xB9, 0x7B, 0x78, 0x68, 0x0F, 0x4A, 0xEC, 0x9F, 0x45,
    0xE5, 0x22, 0xBB, 0x2E, 0xB3, 0x07, 0xD9, 0x43, 0x62, 0xFB, 0x27, 0x2E, 0x5F, 0x94, 0x76, 0xBF,
    0xBD, 0x7C, 0xE5, 0x0A, 0xDC, 0xD5, 0xFD, 0xD0, 0xDB, 0x18, 0x67, 0x7E, 0xED, 0xBD, 0x9D, 0xF1,
    0x1B, 0xF7, 0x35, 0x3F, 0xD1, 0x3B, 0x3A, 0xF8, 0x30, 0xAF, 0x4A, 0x33, 0x59, 0xF1, 0x90, 0x69,
    0x7A, 0xEE, 0x92, 0x0E, 0xD3, 0xF9, 0x39, 0x7B, 0x4F, 0x57, 0xD8, 0xD5, 0x78, 0xB8, 0xFF, 0xA1,
    0x8D, 0xCF, 0xBB, 0xBC, 0xB6, 0xF7, 0xC7, 0x6B, 0x37, 0xC3, 0x70, 0x8A, 0xB9, 0x8D, 0x22, 0xAB,
    0x5C, 0x5E, 0xA5, 0xB5, 0x4B, 0x57, 0xC9, 0x1A, 0x23, 0xDE, 0x60, 0x90, 0x36, 0x38, 0xBB, 0xB6,
    0xB2, 0x37, 0xD8, 0x0A, 0xFC, 0x62, 0xF5, 0x47, 0x1B, 0x77, 0xD4, 0x3C, 0x3B, 0xAB, 0xDA, 0xD7,
    0x8A, 0xCC, 0x6F, 0x72, 0x1F, 0xFB, 0xCD, 0xC4, 0x97, 0xC5, 0xDA, 0x2E, 0xB2, 0xD7, 0x9D, 0xDA,
    0x19, 0xE3, 0xD3, 0x7C, 0x39, 0x86, 0x94, 0x61, 0x49, 0x27, 0x9C, 0xCC, 0x89, 0x33, 0x8A, 0x85,
    0xCB, 0x04, 0x2B, 0x86, 0x35, 0xBF, 0xCD, 0xB3, 0x4D, 0xCE, 0xB3, 0x4F, 0x65, 0x9A, 0x5C, 0xBE,
    0xD4, 0x1C, 0x05, 0x61, 0x5E, 0xF2, 0x90, 0xE8, 0x3B, 0x57, 0xEE, 0x3E, 0x4F, 0x67, 0x27, 0x8D,
    0xAE, 0xE9, 0xC2, 0x4B, 0x74, 0xD6, 0x6B, 0x75, 0x36, 0x02, 0xFF, 0x35, 0x22, 0xE9, 0x0A, 0x22,
    0xE9, 0xA6, 0x2F, 0x12, 0xFC, 0xAC, 0x5A, 0x48, 0x06, 0x72, 0xDC, 0x32, 0x59, 0xF1, 0x41, 0x49,
    0xCD, 0xC1, 0x47, 0x6B, 0x0D, 0xA1, 0xD5, 0x32, 0xDF, 0x26, 0x92, 0x06, 0x95, 0xF7, 0xF6, 0xA0,
    0xA9, 0xC0, 0xCF, 0xFF, 0xFD, 0xF0, 0x6F, 0xED, 0x41, 0xD9, 0x12, 0x8B, 0xE7, 0x20, 0x3A, 0x06,
    0x3E, 0x64, 0xC0, 0x56, 0x17, 0x97, 0xC7, 0x1B, 0xDC, 0xEF, 0xDC, 0xCC, 0xD0, 0xC0, 0x5D, 0x77,
    0x26, 0xBE, 0x03, 0x3A, 0x9F, 0x12, 0x1F, 0xAE, 0xC2, 0xED, 0x12, 0x23, 0x6E, 0x20, 0xBA, 0xC0,
    0xB8, 0xC5, 0x22, 0x3C, 0x3F, 0x59, 0x69, 0x1C, 0x61, 0x6A, 0x29, 0xFF, 0xC5, 0x81, 0x73, 0xA6,
    0xE7, 0x76, 0x57, 0x35, 0x5D, 0x9D, 0xC6, 0x88, 0xDE, 0xAE, 0x4C, 0x9E, 0x20, 0x4D, 0xCB, 0x59,
    0x63, 0xE3, 0x98, 0xB4, 0xCE, 0x44, 0xFA, 0x36, 0x30, 0x2D, 0x4A, 0x9B, 0x75, 0x56, 0xD9, 0x03,
    0x27, 0xB5, 0x0D, 0xCB, 0x84, 0xA1, 0xA3, 0x30, 0x94, 0x26, 0x19, 0xF6, 0xBE, 0x02, 0x90, 0x17,
    0xB5, 0x09, 0xED, 0x73, 0xEB, 0x53, 0xB3, 0x72, 0xFA, 0x5A, 0x9A, 0xD7, 0x45, 0xFE, 0xD2, 0x07,
    0xDE, 0x5F, 0xF4, 0xD5, 0x02, 0x62, 0x94, 0x75, 0x98, 0xD8, 0x39, 0x17, 0x1D, 0x03, 0x54, 0x58,
    0xB9, 0xBC, 0xDA, 0x51, 0x3F, 0x2D, 0xB2, 0x73, 0x47, 0xFC, 0x9C, 0xBD, 0x58, 0x09, 0x75, 0x89,
    0xCD, 0x4C, 0xB2, 0x3C, 0x09, 0xE8, 0xCF, 0x24, 0x2A, 0xC9, 0xCA, 0xAD, 0x76, 0x67, 0xE5, 0x76,
    0x1F, 0xB9, 0x76, 0x63, 0x95, 0x4E, 0x7A, 0x4D, 0x90, 0x4E, 0x47, 0x8D, 0x2E, 0x0B, 0x4A, 0xED,
    0x8E, 0x34, 0x82, 0xA0, 0xD5, 0x6E, 0x5A, 0xF2, 0xB2, 0x5E, 0xAD, 0x6D, 0x29, 0xB8, 0x8E, 0x41,
    0xAF, 0x6D, 0x5D, 0x8A, 0x6A, 0xAB, 0xD8, 0x06, 0x0C, 0xF5, 0x31, 0x68, 0xB6, 0x9B, 0x1D, 0x1E,
    0xBE, 0xB7, 0x1A, 0x54, 0x9B, 0x53, 0xF5, 0x6E, 0xD0, 0x6D, 0x60, 0x93, 0xE2, 0x2B, 0x29, 0x77,
    0x82, 0x3B, 0x17, 0x9F, 0x45, 0x41, 0xBB, 0x33, 0xC3, 0x3B, 0xA1, 0xA8, 0x0C, 0x3F, 0xDF, 0x77,
    0x83, 0x7A, 0xC4, 0xFC, 0x9C, 0xAC, 0xB7, 0x4B, 0x36, 0xA5, 0x90, 0x3E, 0x8F, 0xEF, 0x6E, 0x9D,
    0xE5, 0x18, 0x78, 0x96, 0x6A, 0xB3, 0xF8, 0x4B, 0x8C, 0x62, 0x03, 0x29, 0xCB, 0x9A, 0xD8, 0x3E,
    0x27, 0x73, 0x37, 0xDF, 0xC3, 0x83, 0x26, 0x20, 0xF6, 0x6B, 0x1B, 0x58, 0xEE, 0xBD, 0x3D, 0x98,
    0xC2, 0x20, 0x2B, 0x60, 0xA3, 0x4D, 0x57, 0x10, 0x52, 0x13, 0x57, 0xCA, 0x83, 0x0C, 0x01, 0xA4,
    0xC4, 0x66, 0x0E, 0xCB, 0x50, 0x4A, 0x24, 0x64, 0x0B, 0x0C, 0x98, 0x84, 0x9F, 0xE9, 0xED, 0xC8,
    0x51, 0x2A, 0x1C, 0xCD, 0x81, 0xA9, 0x40, 0x33, 0x33, 0xD9, 0xF2, 0x78, 0xB2, 0x04, 0xE3, 0x98,
    0x45, 0x70, 0x51, 0xC0, 0x52, 0xBA, 0xA7, 0xE5, 0xD5, 0x12, 0xF2, 0x57, 0x7E, 0x1E, 0x48, 0xA7,
    0x67, 0xF5, 0x58, 0x2A, 0x66, 0xE9, 0x4A, 0x42, 0x41, 0xD1, 0xB9, 0xE0, 0x9E, 0xD8, 0x79, 0xEC,
    0x03, 0x62, 0xE4, 0x69, 0xB6, 0x62, 0x8E, 0x6C, 0x56, 0xF6, 0xFA, 0xED, 0x3A, 0x89, 0x26, 0x3E,
    0xD7, 0xC0, 0xFF, 0xF1, 0x60, 0xCA, 0x62, 0xE0, 0x18, 0x6F, 0xCC, 0x86, 0xC4, 0x00, 0xDF, 0x24,
    0xEC, 0x96, 0x73, 0x57, 0xDD, 0x23, 0xF7, 0xDA, 0x06, 0x9C, 0x2E, 0x83, 0x6B, 0x0A, 0x66, 0xFB,
    0x3D, 0xFD, 0xFE, 0xFE, 0xF3, 0xFA, 0xFA, 0x85, 0xE0, 0x9C, 0x84, 0xC7, 0xD3, 0xC9, 0x52, 0x6A,
    0x9B, 0x09, 0xA5, 0x60, 0x03, 0x9A, 0x80, 0x7A, 0x79, 0x24, 0x7C, 0x5C, 0xFD, 0x80, 0xDB, 0x80,
    0x52, 0x96, 0x90, 0xA8, 0xD3, 0x41, 0x25, 0x2B, 0xCA, 0xED, 0x4D, 0xE9, 0x84, 0xF4, 0x7F, 0x51,
    0x4A, 0xF8, 0xED, 0xE7, 0x72, 0xC6, 0x25, 0x9E, 0xF3, 0x73, 0xCD, 0xB5, 0x80, 0xC8, 0x50, 0x12,
    0xF0, 0x6E, 0x13, 0x05, 0x93, 0x85, 0x47, 0xF7, 0xED, 0x32, 0xC5, 0x41, 0xF2, 0x20, 0x81, 0x08,
    0x86, 0x80, 0x22, 0x21, 0x99, 0x90, 0x50, 0x04, 0x4B, 0x40, 0xB1, 0x70, 0x92, 0x0B, 0x09, 0x46,
    0x30, 0x05, 0x14, 0x0D, 0x47, 0xD9, 0x70, 0x12, 0x8E, 0x60, 0x0B, 0x28, 0x1E, 0x55, 0x42, 0xF9,
    0x70, 0x14, 0x90, 0xDE, 0x18, 0x6C, 0x45, 0xE4, 0xC9, 0x60, 0x94, 0x56, 0x3F, 0xA0, 0x80, 0xF8,
    0x03, 0x0E, 0xED, 0x2D, 0xCD, 0xA6, 0x9A, 0xED, 0x18, 0xAF, 0xE0, 0xD3, 0x66, 0x82, 0x74, 0x26,
    0x65, 0x5E, 0x08, 0xBA, 0x45, 0x1C, 0xA0, 0xFA, 0xC1, 0x03, 0x68, 0x0D, 0x26, 0x4D, 0x52, 0x9A,
    0x44, 0xBC, 0x61, 0x72, 0xF3, 0x7B, 0x20, 0xDC, 0x4C, 0xED, 0xF6, 0xA7, 0xA2, 0xF5, 0x60, 0x4A,
    0xC1, 0xEE, 0xD2, 0x8E, 0x02, 0x63, 0x43, 0x4A, 0xBF, 0xDC, 0x40, 0xE0, 0x6C, 0xE8, 0xD9, 0xCA,
    0x50, 0x33, 0x07, 0xFC, 0xCC, 0x71, 0x0F, 0x70, 0x0F, 0x48, 0x60, 0xF0, 0xF5, 0x6E, 0x21, 0x39,
    0x5F, 0x04, 0x00, 0x85, 0xE7, 0x22, 0xE1, 0x74, 0xBC, 0x2C, 0xFF, 0x75, 0x78, 0xAE, 0xE3, 0x3F,
    0xCF, 0x06, 0x09, 0x28, 0xC7, 0x14, 0x77, 0xAA, 0xE7, 0x64, 0xB2, 0x13, 0xD9, 0x27, 0x62, 0x12,
    0x1F, 0x07, 0xFE, 0x48, 0x1C, 0xE3, 0x46, 0x54, 0xB1, 0x95, 0x19, 0x3D, 0x8A, 0x5A, 0xBD, 0x84,
    0x0F, 0x2A, 0x48, 0xCE, 0x5C, 0x3E, 0xE7, 0x08, 0x6C, 0xD2, 0x9E, 0xDA, 0x01, 0x15, 0x80, 0x52,
    0x02, 0xC7, 0x58, 0xBA, 0x1E, 0x75, 0x87, 0x87, 0x8B, 0x39, 0x01, 0x04, 0x8E, 0xB6, 0x52, 0x80,
    0x1E, 0xC2, 0xB0, 0xA0, 0xC6, 0xB8, 0xE9, 0x92, 0xD6, 0xD9, 0xDC, 0x75, 0xC6, 0xBB, 0x6E, 0xCC,
    0x0C, 0x8F, 0xDC, 0x77, 0x85, 0xA1, 0x96, 0x91, 0x15, 0x9E, 0xFC, 0xF3, 0xCA, 0x8E, 0x64, 0x17,
    0xF5, 0xD8, 0x94, 0x25, 0xED, 0x8E, 0xF4, 0x6B, 0x4D, 0x69, 0x88, 0x8A, 0x86, 0x0A, 0x8C, 0x8F,
    0xB7, 0xC1, 0x34, 0x7F, 0x09, 0x97, 0x5E, 0x15, 0x98, 0xC3, 0xC4, 0xA4, 0x6D, 0xBE, 0xC7, 0x84,
    0x6F, 0x1B, 0x20, 0xF4, 0xFB, 0x13, 0x0F, 0x73, 0x03, 0x9C, 0xEC, 0xD9, 0xB3, 0x8A, 0x4E, 0xDF,
    0x56, 0xC4, 0x10, 0xEE, 0x28, 0xDC, 0x98, 0x19, 0x3D, 0x3E, 0x14, 0x7F, 0x69, 0xA7, 0x6D, 0xD5,
    0x5A, 0x8C, 0x83, 0xEE, 0x3E, 0xAF, 0xE2, 0x2F, 0xE6, 0x17, 0x9B, 0xF8, 0xAB, 0xE5, 0xDF, 0xFB,
    0xE4, 0x77, 0x4D, 0x4B, 0x5F, 0x9F, 0xFA, 0x26, 0xDF, 0x38, 0xBF, 0xB2, 0x8B, 0xA2, 0xD2, 0x9D,
    0x3D, 0x3E, 0x39, 0x2C, 0x9B, 0x00, 0xCB, 0x9B, 0x91, 0x9B, 0xDF, 0xFD, 0x49, 0x84, 0xB9, 0x54,
    0x59, 0x64, 0x1A, 0x8B, 0x2E, 0xAB, 0x28, 0x65, 0x78, 0xFF, 0x3B, 0x8F, 0x89, 0x1E, 0x64, 0x98,
    0x5C, 0x76, 0xE7, 0x3D, 0x99, 0x3D, 0x99, 0xF9, 0x3C, 0xAC, 0xF0, 0x65, 0xF7, 0x20, 0x52, 0x02,
    0xF7, 0xBD, 0x81, 0x18, 0x71, 0x40, 0xF9, 0xAA, 0xFF, 0xA0, 0xFC, 0x82, 0x31, 0x44, 0x4B, 0xF7,
    0x6D, 0x0C, 0xED, 0xBB, 0x78, 0xD5, 0x8C, 0x23, 0xA0, 0xA3, 0x82, 0x42, 0xDC, 0x39, 0x61, 0xC1,
    0xEF, 0x59, 0x58, 0xB0, 0xC7, 0xFD, 0x04, 0x9B, 0xC2, 0x17, 0x57, 0xDE, 0x12, 0xD2, 0x8F, 0x3E,
    0xB4, 0x48, 0x3F, 0x45, 0x8C, 0x07, 0xAE, 0x27, 0xCB, 0xC8, 0x71, 0x4F, 0x38, 0xFB, 0x77, 0xEE,
    0x07, 0xA4, 0x2F, 0x8F, 0x23, 0xED, 0xE8, 0xCB, 0x66, 0xCC, 0xFC, 0x4E, 0x4D, 0x75, 0xCD, 0x75,
    0x1D, 0x74, 0xF2, 0xB1, 0x27, 0x22, 0x4D, 0x51, 0xA6, 0xBF, 0x3B, 0x10, 0x27, 0x13, 0x2B, 0x8A,
    0xF6, 0x8C, 0xE7, 0x03, 0x82, 0x34, 0x4D, 0x38, 0xE3, 0x9A, 0x02, 0x50, 0xA7, 0x64, 0xC4, 0x11,
    0x4E, 0x9E, 0x69, 0x14, 0xF1, 0x86, 0x80, 0xFE, 0xE6, 0xD9, 0x47, 0xB0, 0x4E, 0x29, 0x94, 0xDD,
    0xD0, 0x4A, 0xA8, 0x07, 0x05, 0x3E, 0xA2, 0xEE, 0x04, 0xB7, 0x12, 0xAF, 0xCD, 0x0C, 0xA7, 0xFE,
    0xD3, 0x5A, 0x31, 0x5E, 0x06, 0xEB, 0x9C, 0xD5, 0x91, 0x87, 0x29, 0x9F, 0xCE, 0x19, 0xE0, 0xC1,
    0xA7, 0xC3, 0xAE, 0xDB, 0xE0, 0x17, 0x70, 0x0E, 0x8C, 0xEE, 0xCC, 0x92, 0x4C, 0x21, 0x03, 0x19,
    0x90, 0xCE, 0x5A, 0x85, 0x76, 0xF9, 0x32, 0xFD, 0xE4, 0x85, 0x0F, 0xDB, 0xEC, 0xC3, 0x8F, 0x6B,
    0xEF, 0x3F, 0xF2, 0x35, 0xE3, 0xBA, 0xC4, 0xCF, 0x6D, 0xCA, 0xA7, 0xFB, 0x74, 0x4B, 0xF0, 0xF4,
    0x33, 0xF1, 0xB8, 0x59, 0xC7, 0xB5, 0x9F, 0x66, 0x44, 0x6D, 0x52, 0x2E, 0xC6, 0x43, 0x7C, 0xC7,
    0x3D, 0x26, 0xD0, 0xA5, 0xD8, 0xFF, 0x72, 0x30, 0x27, 0x51, 0x17, 0x86, 0xC5, 0x03, 0xAA, 0xD8,
    0x14, 0xED, 0x74, 0x9D, 0xE1, 0xC9, 0x17, 0x8D, 0x2D, 0xFF, 0xD6, 0x98, 0x7D, 0x5C, 0x23, 0xB0,
    0x7D, 0x66, 0xD2, 0x27, 0x35, 0x26, 0xA0, 0x4C, 0x16, 0x04, 0xFD, 0x15, 0x26, 0x7A, 0xCB, 0xE9,
    0xC6, 0x84, 0xC2, 0x92, 0x7F, 0x76, 0x82, 0x4E, 0xFF, 0x5F, 0xF3, 0x38, 0x63, 0x14, 0xCF, 0x48,
    0x3C, 0xC9, 0xC3, 0x16, 0x0A, 0x3F, 0xF2, 0xBB, 0x5E, 0x91, 0x96, 0xF8, 0xD7, 0xB4, 0x73, 0x27,
    0x01, 0xF8, 0xFF, 0x29, 0xD8, 0x3E, 0x05, 0x1B, 0x88, 0x6C, 0x42, 0xC6, 0x69, 0x92, 0xB0, 0x46,
    0x3A, 0x83, 0xF1, 0x57, 0x8E, 0x0F, 0x31, 0xA5, 0x7B, 0xAD, 0xCE, 0xE3, 0x79, 0xC5, 0xDD, 0x80,
    0xD5, 0x6C, 0xD9, 0xB3, 0x8D, 0x10, 0xDF, 0x5F, 0xB1, 0x1F, 0x8C, 0xC9, 0x08, 0xA5, 0x3E, 0xDD,
    0xE2, 0xF0, 0x70, 0xC3, 0xC8, 0xF7, 0x1A, 0xA3, 0xC4, 0x6B, 0x5C, 0xDE, 0xAB, 0x84, 0xFC, 0x52,
    0xA0, 0x74, 0x62, 0xB4, 0xF2, 0x6A, 0x22, 0x82, 0x86, 0xCB, 0xCF, 0x09, 0x52, 0x4B, 0xC4, 0x9A,
    0x3E, 0xD7, 0xA5, 0x3C, 0x6F, 0x08, 0xCE, 0xAB, 0x90, 0xF2, 0x8D, 0xF9, 0x69, 0x4E, 0xC2, 0xD8,
    0x7B, 0x46, 0x94, 0x2D, 0x24, 0xF6, 0x00, 0xFE, 0x8C, 0x0D, 0xC1, 0xC3, 0xC1, 0x19, 0x52, 0x0B,
    0xCF, 0xA7, 0x9D, 0xF0, 0xF3, 0x27, 0xC2, 0x48, 0x42, 0x3B, 0xFA, 0x6C, 0x47, 0x28, 0x1D, 0x58,
    0xA8, 0x65, 0xB7, 0xE7, 0x9F, 0x6F, 0x4C, 0xAC, 0x3A, 0x8B, 0xB4, 0x6E, 0xDB, 0x2A, 0x76, 0xE9,
    0x32, 0x6E, 0xB3, 0x2A, 0x6D, 0xA6, 0xF3, 0x62, 0x59, 0xFC, 0x99, 0xA9, 0xC7, 0xC2, 0xD4, 0xCC,
    0x0C, 0xD6, 0xEC, 0x86, 0xDC, 0xB3, 0xFD, 0x7F, 0xD6, 0x06, 0xF5, 0x7E, 0x61, 0xDA, 0x36, 0x35,
    0xB9, 0xB3, 0xA9, 0xD8, 0x63, 0x3E, 0xDB, 0xCD, 0xC6, 0x7E, 0x47, 0x72, 0x82, 0x97, 0x22, 0x1B,
    0x1D, 0xAF, 0x4F, 0x4C, 0x80, 0xE7, 0x74, 0x7B, 0x05, 0x53, 0x5D, 0xCA, 0xF5, 0x86, 0xDC, 0x37,
    0x43, 0x16, 0xAD, 0xDD, 0x64, 0xB9, 0x4D, 0x7B, 0x47, 0xF7, 0x13, 0x26, 0x67, 0x90, 0x10, 0x37,
    0x25, 0xC9, 0x3E, 0x6F, 0x6C, 0x12, 0x47, 0x2E, 0xAA, 0x0B, 0x69, 0x2C, 0x1F, 0x88, 0x50, 0x0D,
    0x0A, 0x9D, 0x62, 0x1D, 0xC6, 0xCA, 0x70, 0x7E, 0x2D, 0x97, 0x37, 0x7B, 0xAF, 0x01, 0x2A, 0xF6,
    0xBF, 0x01, 0x61, 0xA3, 0x9A, 0x96, 0x69, 0x0D, 0x58, 0xD2, 0x55, 0xD6, 0x24, 0xCD, 0x81, 0x85,
    0x31, 0xA6, 0x48, 0xC0, 0x05, 0x56, 0x13, 0x96, 0x02, 0x8A, 0x5E, 0x02, 0x98, 0xCC, 0xA8, 0x4D,
    0x8C, 0x91, 0x14, 0x36, 0x0E, 0x22, 0x73, 0x3A, 0xD4, 0x27, 0xCA, 0x67, 0x18, 0x98, 0x5E, 0x03,
    0x38, 0x8D, 0x5D, 0x9E, 0xDC, 0xC5, 0x8C, 0x93, 0x25, 0x12, 0x30, 0x51, 0x35, 0x3D, 0x29, 0x18,
    0xBD, 0x4F, 0x84, 0x3F, 0x5F, 0x3D, 0x6B, 0x11, 0xDF, 0x8B, 0xE6, 0x1A, 0x3A, 0x13, 0xE8, 0x8B,
    0x26, 0x5D, 0x35, 0x0B, 0x31, 0xC7, 0x0C, 0xF4, 0xC1, 0x4A, 0xCB, 0x0B, 0xA1, 0x9F, 0xAC, 0xB2,
    0x15, 0xA4, 0x1E, 0xDE, 0x63, 0x05, 0xB1, 0x37, 0xCB, 0xB2, 0x28, 0x21, 0xF7, 0x5C, 0x60, 0x08,
    0x3E, 0x2B, 0x34, 0x90, 0x7C, 0xDA, 0x62, 0x88, 0xFE, 0xC4, 0x22, 0xC5, 0x12, 0xB2, 0xCF, 0x25,
    0x86, 0xF0, 0xBB, 0x02, 0xE4, 0xE4, 0xDC, 0xFE, 0x9B, 0xBE, 0x3B, 0x4E, 0xFB, 0x05, 0x67, 0xA0,
    0x15, 0x31, 0x43, 0xCF, 0x53, 0xD9, 0xA8, 0x1A, 0x90, 0xCB, 0x9C, 0x2A, 0xED, 0x1B, 0xB5, 0x49,
    0xB3, 0x5F, 0x0A, 0x10, 0x10, 0x3D, 0x06, 0xE1, 0x10, 0xB0, 0x08, 0x60, 0x04, 0x34, 0x04, 0x47,
    0xC0, 0xA3, 0x0F, 0x30, 0x83, 0xE2, 0x87, 0x01, 0x84, 0xC8, 0x54, 0xA0, 0x04, 0x54, 0x02, 0x2C,
    0x7D, 0xCD, 0x22, 0x54, 0x9F, 0x84, 0x49, 0x7F, 0x10, 0x36, 0x01, 0x9C, 0x80, 0x4E, 0x80, 0x47,
    0xF8, 0x04, 0x80, 0x02, 0x42, 0xC7, 0xED, 0xD3, 0xB3, 0xAA, 0x78, 0x0C, 0xB6, 0x89, 0x21, 0x3E,
    0xF3, 0x15, 0xCA, 0x56, 0x3C, 0x07, 0x0D, 0x58, 0x96, 0x21, 0x35, 0x18, 0xD1, 0x19, 0xCD, 0xFE,
    0xC9, 0xBE, 0x37, 0x22, 0x3E, 0x47, 0xCA, 0x61, 0x0D, 0xD3, 0x76, 0x66, 0x77, 0xA5, 0xCF, 0x74,
    0xB4, 0x6F, 0x2D, 0x68, 0x22, 0xD2, 0x2E, 0x50, 0x1B, 0xF3, 0x3B, 0xB6, 0x94, 0xB0, 0x67, 0xC8,
    0xC8, 0x20, 0x4B, 0x64, 0xBA, 0x63, 0x76, 0x08, 0x39, 0x49, 0x58, 0x35, 0x24, 0x99, 0x30, 0x05,
    0xBC, 0x46, 0xB1, 0xC4, 0x2C, 0x0C, 0x2D, 0xE2, 0xC4, 0xDE, 0xC7, 0x8A, 0x2D, 0x58, 0xE0, 0x42,
    0x51, 0x0B, 0x1A, 0x42, 0x55, 0x42, 0xE4, 0xBF, 0xF3, 0x73, 0x75, 0x94, 0xC9, 0x0F, 0x4E, 0x30,
    0xA4, 0x5F, 0x31, 0xB5, 0xF3, 0x15, 0x4E, 0xE5, 0xED, 0x16, 0xE2, 0xFC, 0x1F, 0xD7, 0xAC, 0x13,
    0x61, 0xC9, 0xB2, 0x79, 0xD2, 0xEB, 0x5C, 0x04, 0x78, 0x4B, 0x70, 0x1C, 0xAA, 0x35, 0x6B, 0x16,
    0x02, 0xD7, 0x96, 0x28, 0x27, 0x2A, 0x13, 0x96, 0xD4, 0xA2, 0x55, 0x8F, 0xEC, 0x62, 0x54, 0x52,
    0x08, 0x29, 0xDE, 0x46, 0xB9, 0x84, 0xC3, 0xBF, 0x73, 0x5C, 0x7B, 0xB2, 0x67, 0x8C, 0x5F, 0x5F,
    0xAB, 0x3C, 0x18, 0x04, 0x62, 0x31, 0x02, 0xD4, 0xBE, 0xB6, 0xC7, 0xE2, 0xEB, 0x35, 0xBF, 0x3E,
    0x0A, 0x68, 0x46, 0xC0, 0xAF, 0x9A, 0x60, 0x50, 0x4B, 0x64, 0x87, 0x7C, 0xBD, 0x53, 0xD7, 0xE0,
    0x0C, 0xF9, 0x7E, 0xDA, 0xEB, 0xD9, 0x10, 0xEC, 0x5C, 0x03, 0x88, 0x2F, 0x1B, 0x7C, 0x78, 0x35,
    0xD7, 0x0F, 0x93, 0x30, 0x04, 0xA3, 0xCE, 0xE8, 0x54, 0x7C, 0xC3, 0xBD, 0x3C, 0x76, 0xBF, 0xE0,
    0x02, 0x50, 0xC9, 0xC9, 0x5D, 0x03, 0x03, 0xD8, 0x4D, 0x56, 0xE6, 0x2F, 0xA0, 0x93, 0x71, 0xC3,
    0xB8, 0xCC, 0x80, 0xBB, 0xED, 0x7C, 0x49, 0xA5, 0xCC, 0xBE, 0xE8, 0x84, 0x1A, 0x23, 0x02, 0x4A,
    0x92, 0xF1, 0xBB, 0x53, 0x82, 0xCC, 0x1B, 0xD0, 0x54, 0x4B, 0x46, 0x0E, 0xC2, 0xEB, 0xD2, 0x4E,
    0xFE, 0xB0, 0xC7, 0xC2, 0x5D, 0x3F, 0x1A, 0x87, 0x6A, 0x67, 0x6F, 0xB9, 0xAD, 0x60, 0xBE, 0x42,
    0xCA, 0x1E, 0x32, 0xF4, 0x59, 0xD0, 0xCB, 0x97, 0x28, 0xA3, 0x9B, 0xB8, 0xD9, 0x4F, 0xCF, 0xDF,
    0xEF, 0x7A, 0x19, 0x6D, 0xDD, 0x31, 0xC3, 0x92, 0xB8, 0x06, 0x84, 0x93, 0xD7, 0x9B, 0x41, 0x86,
    0xCF, 0xAC, 0xFB, 0x48, 0xFD, 0xF4, 0x1C, 0xC3, 0xA2, 0xD3, 0xD6, 0xBA, 0x00, 0x57, 0x1B, 0x58,
    0x01, 0x38, 0x10, 0xE0, 0xC6, 0x73, 0xF7, 0xCE, 0x1E, 0x69, 0x54, 0x4E, 0x0C, 0x57, 0x13, 0x5F,
    0x29, 0x27, 0x11, 0x26, 0xC4, 0x8E, 0x18, 0x0B, 0x64, 0xA2, 0xEC, 0x08, 0xB3, 0x70, 0x96, 0x7A,
    0x2A, 0xF6, 0x13, 0x36, 0xC4, 0x5A, 0x60, 0x13, 0x6D, 0x47, 0xB8, 0x43, 0xA4, 0x28, 0xC0, 0x07,
    0xC4, 0x55, 0x97, 0x51, 0xD2, 0x7D, 0xB6, 0x01, 0xC2, 0x3F, 0x9F, 0x61, 0x2A, 0x3F, 0xCE, 0x47,
    0x05, 0x56, 0x5E, 0x3C, 0x09, 0xFA, 0x39, 0xA4, 0xDA, 0xE3, 0x16, 0x26, 0x7A, 0xB2, 0xEA, 0xAB,
    0xED, 0xF7, 0x8B, 0x1B, 0x34, 0xC7, 0x6F, 0x8C, 0xD8, 0x1C, 0x4B, 0x74, 0xD7, 0xCE, 0xA5, 0xAF,
    0x1B, 0x54, 0x8F, 0xBA, 0x7F, 0x18, 0xCF, 0xB5, 0xA0, 0x21, 0x43, 0x81, 0xFE, 0xA7, 0xB5, 0xD9,
    0x53, 0xA3, 0xB9, 0xB3, 0x32, 0x2F, 0x0D, 0xB5, 0x6F, 0xEF, 0x7B, 0xC9, 0xCC, 0xAE, 0xA2, 0x3D,
    0xCD, 0xE7, 0xA6, 0xB8, 0x70, 0x93, 0x59, 0x65, 0x53, 0x39, 0x22, 0xD9, 0x8E, 0x37, 0xA0, 0x25,
    0x4B, 0xB7, 0x39, 0xBF, 0x91, 0x25, 0x25, 0x95, 0x83, 0xA3, 0xA4, 0x1D, 0xA7, 0x19, 0xB5, 0x39,
    0x7D, 0xD7, 0xC1, 0x53, 0x62, 0x88, 0xA5, 0x6C, 0xA8, 0xBF, 0x73, 0xAC, 0x6C, 0x7F, 0x24, 0x01,
    0x54, 0x25, 0x88, 0xA5, 0xA7, 0x4F, 0xEA, 0x3E, 0x55, 0x9E, 0xC0, 0x25, 0x23, 0x65, 0x76, 0xF5,
    0x7E, 0x24, 0x25, 0x7F, 0x38, 0x23, 0xA7, 0x61, 0xD8, 0x84, 0x5A, 0x22, 0xC6, 0xD3, 0xDA, 0x6B,
    0x36, 0x06, 0xD2, 0x26, 0xC2, 0xCA, 0x5F, 0x70, 0x7F, 0xDC, 0x73, 0xB9, 0x5E, 0xB7, 0xE0, 0xF6,
    0xA0, 0x58, 0xE0, 0x32, 0xD0, 0x2A, 0x78, 0x3C, 0xAA, 0x14, 0xA8, 0x0C, 0xF4, 0x09, 0xCE, 0x0E,
    0xCA, 0x04, 0x26, 0x43, 0x4D, 0x9A, 0x05, 0x35, 0x22, 0x91, 0x81, 0x0E, 0xC1, 0xC5, 0x51, 0x81,
    0xC8, 0x63, 0xC6, 0x01, 0x9C, 0x09, 0x13, 0x75, 0x83, 0x23, 0x85, 0x89, 0x18, 0x51, 0xC4, 0xB3,
    0xB2, 0x1A, 0x89, 0x47, 0xB4, 0x6D, 0xCF, 0x6C, 0xCC, 0x56, 0x3C, 0x82, 0xA8, 0x09, 0x8B, 0x07,
    0x76, 0x8B, 0x86, 0x15, 0xEA, 0xCF, 0xA5, 0x01, 0x34, 0x24, 0xE5, 0x2B, 0x96, 0x03, 0xE3, 0x60,
    0x1D, 0x79, 0x25, 0xEE, 0x82, 0xF3, 0x21, 0x4C, 0x3B, 0x27, 0xEB, 0xBD, 0x93, 0x78, 0x76, 0xDA,
    0x9F, 0xEC, 0xF6, 0x4E, 0x62, 0x25, 0xCF, 0xF8, 0x1B, 0x90, 0x08, 0x60, 0x3A, 0xA7, 0xE5, 0x32,
    0x3B, 0x95, 0x7D, 0x5E, 0x4F, 0xAA, 0xA3, 0x68, 0x55, 0x70, 0xFC, 0xF6, 0xDF, 0x0C, 0xF9, 0x02,
    0x32, 0xEF, 0xC1, 0xFB, 0xBE, 0x6A, 0x43, 0x5B, 0x61, 0x2E, 0xAC, 0xF8, 0x11, 0x75, 0x13, 0x05,
    0xB8, 0x5B, 0xC5, 0xCC, 0xF6, 0x1E, 0x1B, 0x90, 0xBD, 0x05, 0xE2, 0xB3, 0x31, 0x77, 0x33, 0x99,
    0x4F, 0x7F, 0xB5, 0x4C, 0xFD, 0x2A, 0x86, 0xBB, 0xAE, 0x64, 0x45, 0xEF, 0xC1, 0x0C, 0xF7, 0xDB,
    0x8F, 0x40, 0x7A, 0x51, 0x52, 0x61, 0xEF, 0x51, 0xB7, 0x4D, 0x59, 0x69, 0xEA, 0x35, 0xC2, 0x63,
    0x30, 0xA0, 0xDB, 0x7B, 0x24, 0xFF, 0x67, 0xF6, 0xC8, 0x79, 0xE6, 0x39, 0x63, 0x37, 0x9E, 0xB1,
    0x8A, 0xA1, 0x78, 0x92, 0xD9, 0xF8, 0x7E, 0x51, 0xCE, 0x46, 0xED, 0xB7, 0xCC, 0x4E, 0x96, 0x53,
    0x3F, 0x4F, 0xFD, 0x1C, 0x71, 0xDE, 0xA9, 0x51, 0x2C, 0x8D, 0x48, 0x1A, 0xF9, 0x84, 0xE5, 0x28,
    0x86, 0x7E, 0xF5, 0x5D, 0xA5, 0xB5, 0xD7, 0xE2, 0x25, 0xE0, 0xD4, 0x0D, 0xD8, 0x41, 0x6E, 0x94,
    0xCC, 0x53, 0xC4, 0x32, 0x26, 0x61, 0x6C, 0x29, 0xE1, 0x51, 0x92, 0x96, 0xBD, 0x20, 0xD3, 0xA5,
    0x67, 0x73, 0x88, 0x6A, 0x00, 0xBF, 0x69, 0xC9, 0x6D, 0xC8, 0x37, 0xF2, 0x8F, 0x5B, 0x17, 0x7A,
    0x01, 0x6C, 0x64, 0x1F, 0xAE, 0xA9, 0x47, 0x22, 0x21, 0x6F, 0xAD, 0xC9, 0x28, 0xF9, 0x4D, 0x47,
    0xC3, 0x3E, 0x5D, 0x16, 0x2C, 0x57, 0x61, 0x60, 0x11, 0x53, 0x47, 0x40, 0xCC, 0x0C, 0x9B, 0xAD,
    0x47, 0xE2, 0xFF, 0x0D, 0x15, 0xBA, 0x54, 0x55, 0xEE, 0x5C, 0xC9, 0x8F, 0xE8, 0xD2, 0x71, 0xED,
    0x7D, 0x77, 0x4C, 0xB6, 0xDA, 0x51, 0x02, 0x24, 0x70, 0xBE, 0x60, 0xD3, 0x0E, 0x3E, 0x83, 0x25,
    0x69, 0xE1, 0x96, 0x5A, 0x03, 0x23, 0x6B, 0xCC, 0x2F, 0x66, 0xB5, 0xAD, 0x5A, 0x51, 0x79, 0xD8,
    0x34, 0x9B, 0x6F, 0x6B, 0xCB, 0x98, 0xA2, 0x62, 0x37, 0xFD, 0xC0, 0xD6, 0xA1, 0x33, 0x6C, 0xA9,
    0x3F, 0x2C, 0x6C, 0x75, 0x50, 0x4A, 0x5C, 0x3E, 0x9B, 0x33, 0x6F, 0xBD, 0xF8, 0x57, 0x7B, 0x89,
    0xB8, 0x20, 0xC0, 0x3C, 0xBD, 0x33, 0xA4, 0xC7, 0xFA, 0x64, 0x0C, 0xC7, 0xC3, 0x3C, 0xCC, 0x0E,
    0xAE, 0x67, 0x47, 0x79, 0xA7, 0x82, 0xC2, 0x92, 0x7E, 0xC4, 0x91, 0xAF, 0xE9, 0xD6, 0x63, 0x55,
    0xA0, 0x42, 0x64, 0xA2, 0x3B, 0x33, 0x89, 0x54, 0xE3, 0x76, 0xA3, 0xED, 0xFB, 0x16, 0xC1, 0xDB,
    0x6C, 0x51, 0x33, 0x76, 0xB2, 0x21, 0xC7, 0x68, 0xFB, 0x34, 0x43, 0xD1, 0xB3, 0x61, 0xE4, 0x6C,
    0x79, 0x86, 0x9C, 0xEF, 0xDC, 0x2E, 0x73, 0xB9, 0x81, 0x75, 0xAB, 0xF1, 0x68, 0x73, 0x61, 0xE6,
    0xED, 0x6C, 0x4A, 0x45, 0x65, 0x7A, 0xE1, 0x4D, 0x0F, 0xE3, 0x96, 0xF6, 0x00, 0x5E, 0x00, 0xC9,
    0xBB, 0x85, 0xFD, 0x96, 0xAC, 0xE1, 0x19, 0xB0, 0xC4, 0x33, 0xB4, 0xA7, 0xAC, 0x73, 0xE4, 0xA5,
    0xC8, 0x79, 0x31, 0xE4, 0xD8, 0xFF, 0x04, 0x79, 0x12, 0xD3, 0x31, 0xF6, 0xB1, 0x8C, 0xDE, 0x15,
    0x0A, 0x89, 0xEF, 0xEB, 0xAD, 0x3B, 0x7C, 0x30, 0x70, 0x3E, 0x9A, 0xDD, 0xB8, 0x21, 0x57, 0xCD,
    0x84, 0x57, 0x21, 0xFE, 0xBE, 0x51, 0xC3, 0x5E, 0xC3, 0x88, 0xD2, 0xFC, 0x73, 0xB5, 0x0F, 0x19,
    0x6C, 0xC5, 0x7C, 0xC0, 0xCC, 0xA2, 0xAA, 0x7C, 0xE3, 0x02, 0x68, 0xAC, 0xC4, 0x22, 0xA5, 0x4A,
    0xD4, 0xE8, 0x87, 0x4C, 0xE8, 0x04, 0x1B, 0xA5, 0x7A, 0xBA, 0x0C, 0xD5, 0xB7, 0x50, 0x89, 0x13,
    0x70, 0x4B, 0xF5, 0x87, 0x2C, 0x85, 0x5C, 0xD5, 0x1F, 0x08, 0xDD, 0x9C, 0xBF, 0x2D, 0x9C, 0xB0,
    0xE3, 0x0B, 0xCC, 0x0E, 0x0A, 0x3C, 0xDA, 0x26, 0x83, 0x2E, 0xA0, 0x97, 0x6E, 0x38, 0x86, 0x00,
    0x1F, 0xC6, 0xB7, 0xDC, 0xE2, 0xD7, 0x77, 0x4C, 0xFC, 0xEF, 0x9A, 0xC5, 0xAA, 0xBE, 0x59, 0x2C,
    0xFE, 0xEF, 0x9B, 0xC5, 0xA0, 0xB4, 0x21, 0xB5, 0x3B, 0x25, 0x91, 0x04, 0xD8, 0x8E, 0x9A, 0x0B,
    0x20, 0x32, 0xA4, 0x16, 0x61, 0x7F, 0xE5, 0x01, 0xA8, 0xBE, 0x30, 0x8F, 0xF8, 0x64, 0xDF, 0x08,
    0x60, 0x5F, 0xC2, 0xAF, 0x1A, 0x18, 0x33, 0x5A, 0xCE, 0x99, 0xDA, 0xC7, 0x80, 0x7D, 0xDF, 0x6A,
    0x72, 0x07, 0x8A, 0x98, 0x11, 0x0C, 0x09, 0xC0, 0x9E, 0x36, 0x2B, 0x44, 0x18, 0x12, 0x8F, 0x8B,
    0x90, 0x12, 0x55, 0xBE, 0x40, 0xF9, 0x60, 0x06, 0xCF, 0xAA, 0x14, 0x09, 0x7E, 0x0A, 0x5B, 0x8F,
    0x7E, 0x3B, 0xEE, 0x0A, 0x39, 0x73, 0x58, 0x0E, 0xD8, 0xA7, 0x6C, 0xD5, 0x14, 0xF4, 0xA8, 0x30,
    0x99, 0xD2, 0x08, 0x79, 0x80, 0x3C, 0x69, 0x03, 0xF0, 0x80, 0x2C, 0xDE, 0x08, 0xF7, 0x8F, 0x3A,
    0x2A, 0xAA, 0x60, 0xFF, 0x94, 0x5A, 0xBB, 0x11, 0xEA, 0xBF, 0x0E, 0x8A, 0x2A, 0xAD, 0x6D, 0x08,
    0x84, 0x30, 0x27, 0x20, 0xD9, 0x4A, 0x90, 0x27, 0x6A, 0xF6, 0x14, 0xE2, 0xB0, 0x51, 0xB6, 0x04,
    0x01, 0xF0, 0xA2, 0xFB, 0x09, 0x97, 0x98, 0x78, 0x47, 0xA1, 0x1D, 0xE8, 0xC9, 0x63, 0xCD, 0x4E,
    0x14, 0x79, 0xF2, 0x30, 0x66, 0x07, 0xA4, 0x0F, 0x6D, 0x68, 0x07, 0x8A, 0x6F, 0x3D, 0x1A, 0x50,
    0x26, 0xC8, 0xC0, 0x98, 0x10, 0xA7, 0x40, 0x78, 0x1F, 0x60, 0xA0, 0x4B, 0x70, 0x89, 0x2D, 0xA0,
    0x25, 0xB2, 0x04, 0x96, 0xB8, 0x12, 0x56, 0xA2, 0x4A, 0x50, 0x89, 0x29, 0x21, 0x25, 0xA2, 0x04,
    0x94, 0x78, 0x12, 0x4E, 0x95, 0x13, 0x01, 0x26, 0xB1, 0x14, 0x94, 0xA7, 0x77, 0x5B, 0xC1, 0x42,
    0x27, 0x58, 0xF6, 0x53, 0x8E, 0xE3, 0xEA, 0x05, 0x29, 0xB6, 0xFC, 0xC4, 0x81, 0x9A, 0xC0, 0xD8,
    0x6A, 0xE5, 0xD3, 0x6D, 0x0B, 0x58, 0xB2, 0x5E, 0xA8, 0x48, 0x7C, 0x5B, 0xBD, 0x01, 0x37, 0x47,
    0x86, 0xE8, 0xF0, 0xC6, 0xD6, 0xF6, 0x4E, 0x69, 0xE7, 0x82, 0x1E, 0x9B, 0x8F, 0x4D, 0xDB, 0xDE,
    0xF8, 0xB2, 0x1F, 0xAB, 0x0E, 0x68, 0x52, 0x71, 0x17, 0xA5, 0xAC, 0x2F, 0xA1, 0x99, 0xAC, 0x83,
    0x16, 0x7B, 0xB5, 0xA2, 0xB6, 0x5B, 0xC3, 0x9C, 0xC9, 0xD6, 0x16, 0xBF, 0x64, 0xBB, 0x6F, 0x37,
    0x91, 0xFD, 0xE5, 0x57, 0x36, 0x75, 0xE9, 0xB0, 0xE7, 0xBD, 0xC1, 0x00, 0xE3, 0x8D, 0xA6, 0xC6,
    0x01, 0xD1, 0xCC, 0xFF, 0x0D, 0xA8, 0x7D, 0xB0, 0xC0, 0x93, 0xD0, 0x01, 0xB2, 0x85, 0xF4, 0x7F,
    0xD4, 0xEA, 0x35, 0xDB, 0xB6, 0x7A, 0xFD, 0x79, 0x36, 0xAC, 0xE1, 0x1F, 0xD2, 0xEA, 0x75, 0xFE,
    0x8E, 0x56, 0xB3, 0x96, 0x35, 0x71, 0x41, 0x8D, 0x4D, 0x0C, 0xD9, 0xBF, 0x42, 0x3B, 0x57, 0xB0,
    0xCB, 0x53, 0x7A, 0xAC, 0xD6, 0x64, 0x08, 0xD6, 0x42, 0xAC, 0x6F, 0x1E, 0x14, 0x39, 0x67, 0x9F,
    0x17, 0x4D, 0x38, 0xBC, 0x63, 0xDC, 0xF6, 0x9A, 0xCC, 0x62, 0x84, 0xA3, 0x21, 0xC7, 0x8B, 0x3A,
    0x37, 0xA8, 0xF2, 0x90, 0x14, 0x92, 0x24, 0x4C, 0x5A, 0x22, 0xEB, 0xBF, 0xC4, 0x58, 0x9E, 0x63,
    0x5C, 0x19, 0x55, 0xC5, 0x48, 0x2A, 0x83, 0x7F, 0xD2, 0x4A, 0xCD, 0x68, 0xD0, 0xF2, 0x5F, 0xD7,
    0x5A, 0xF6, 0x39, 0x5B, 0xAE, 0x6F, 0x3E, 0x10, 0xBA, 0x9C, 0xAF, 0x1E, 0xB7, 0x7B, 0xD7, 0x53,
    0x73, 0x06, 0x58, 0x2E, 0xB6, 0x74, 0xBD, 0x3C, 0x94, 0x02, 0x99, 0x9D, 0x9D, 0x74, 0x7D, 0x63,
    0xEF, 0xE2, 0x60, 0x89, 0xC0, 0xBB, 0x56, 0x43, 0x57, 0x5A, 0xDE, 0x3B, 0x35, 0x1E, 0x35, 0xDC,
    0xA7, 0xF2, 0x39, 0x6A, 0xD4, 0x57, 0x17, 0x97, 0x48, 0x4D, 0x5A, 0xA3, 0x2F, 0xDD, 0x90, 0x7A,
    0xE2, 0x18, 0x57, 0x7C, 0x68, 0xD8, 0x2E, 0x79, 0xBF, 0x64, 0x8E, 0x9D, 0x60, 0xC8, 0xD3, 0xBE,
    0x6D, 0x9E, 0xB3, 0xCD, 0x2B, 0xF5, 0x68, 0xB5, 0xE6, 0xD4, 0xF6, 0x5A, 0xB4, 0xA0, 0xA6, 0xC4,
    0x11, 0x3A, 0x9A, 0x22, 0x1F, 0x0B, 0x05, 0x25, 0x8C, 0xD4, 0x4E, 0x64, 0xA7, 0xA8, 0x9A, 0x44,
    0x11, 0x7A, 0xF9, 0x56, 0x23, 0x9E, 0x33, 0xA9, 0x01, 0xE2, 0xEB, 0xD0, 0x48, 0xBB, 0x3C, 0x5F,
    0x51, 0x1D, 0x89, 0x21, 0x75, 0x91, 0x32, 0xB4, 0x9B, 0x9D, 0x8D, 0xE7, 0xA1, 0xDF, 0x8C, 0x01,
    0x2C, 0x5B, 0xCD, 0x4E, 0x2C, 0x72, 0xFC, 0xD8, 0x8D, 0x77, 0x5A, 0x4C, 0xE5, 0x74, 0xF3, 0xD0,
    0x6A, 0xA7, 0x30, 0x2B, 0xEE, 0x18, 0xFF, 0x58, 0x00, 0xDE, 0x67, 0xEE, 0x86, 0x66, 0xEE, 0xB5,
    0x20, 0xF7, 0xC2, 0x7C, 0xBA, 0x54, 0x7A, 0xAD, 0x16, 0xEA, 0xEB, 0x81, 0x6D, 0x05, 0xDC, 0x03,
    0xF0, 0x4E, 0xC8, 0xBB, 0x00, 0xBD, 0x13, 0xF6, 0x7D, 0xBB, 0x53, 0x2C, 0xF4, 0x5D, 0x60, 0x5C,
    0x89, 0xF0, 0x77, 0x81, 0x6B, 0x4D, 0x24, 0x01, 0x21, 0xEB, 0x3A, 0x0F, 0xF6, 0xBA, 0x27, 0x5D,
    0x41, 0x0A, 0x7A, 0xD6, 0x15, 0xE4, 0xA0, 0x17, 0x84, 0x20, 0x09, 0x03, 0xEF, 0x0A, 0xB2, 0x30,
    0x10, 0xAF, 0x3D, 0x69, 0x58, 0x0E, 0x16, 0x5A, 0xC9, 0xE3, 0x6E, 0x2F, 0x69, 0xCF, 0xA5, 0xFA,
    0x96, 0x3B, 0x5F, 0x0D, 0x91, 0x04, 0x7D, 0x36, 0x06, 0x7C, 0xF0, 0x99, 0x8D, 0x8F, 0xE9, 0xE7,
    0x29, 0x56, 0x83, 0x50, 0xDB, 0x25, 0x88, 0x85, 0x60, 0x8B, 0x45, 0xA9, 0x80, 0xB6, 0x18, 0x95,
    0x0C, 0x31, 0xB5, 0x16, 0xAF, 0xDA, 0x80, 0x49, 0x4D, 0x2B, 0x59, 0x61, 0xEA, 0x2D, 0x31, 0x97,
    0xE2, 0x46, 0x34, 0xC1, 0x8A, 0x80, 0xB5, 0x27, 0x60, 0x8F, 0x4B, 0x7D, 0xCF, 0x8D, 0xB9, 0x54,
    0xB0, 0xB3, 0xE8, 0xCB, 0x1D, 0x03, 0x8C, 0x45, 0xA2, 0x59, 0x7C, 0xEA, 0xE1, 0x80, 0xB4, 0x1C,
    0xAA, 0x52, 0xCA, 0xA5, 0xD2, 0x98, 0x69, 0xAF, 0x90, 0x3A, 0x46, 0x95, 0xEA, 0xBA, 0x16, 0xC1,
    0xC1, 0xCE, 0xF3, 0xE5, 0x00, 0xA9, 0xBD, 0xF6, 0x4C, 0x77, 0xB1, 0x81, 0xDA, 0x6E, 0xD8, 0x25,
    0x1A, 0x5C, 0xAB, 0x5D, 0xD2, 0x05, 0x82, 0x8C, 0x53, 0xF2, 0xAB, 0x6A, 0x32, 0xA0, 0xF2, 0x22,
    0x99, 0xD0, 0xC9, 0xA9, 0x2A, 0x8F, 0x40, 0x23, 0xCC, 0x10, 0x57, 0x56, 0x98, 0x9D, 0x99, 0x2E,
    0x27, 0x35, 0x5E, 0xB0, 0xBB, 0x5F, 0xEE, 0xF4, 0xD2, 0x98, 0x39, 0xF4, 0x9B, 0xA5, 0x22, 0x2F,
    0xF8, 0x8A, 0x8B, 0x1C, 0x6C, 0xB2, 0x14, 0xAF, 0xEA, 0x77, 0x4B, 0xF5, 0x7B, 0x9F, 0x02, 0xB6,
    0xAF, 0x69, 0x3A, 0x16, 0x10, 0x71, 0xE1, 0xCF, 0x3E, 0xE0, 0xD8, 0x32, 0x47, 0xCF, 0xBC, 0xAE,
    0xEB, 0x10, 0xD3, 0xE6, 0x2F, 0x60, 0x27, 0x15, 0x2B, 0xCE, 0x8A, 0x6F, 0x25, 0xE1, 0xDD, 0xD0,
    0x88, 0x18, 0xD7, 0x80, 0xF9, 0x11, 0xF7, 0x0D, 0x80, 0xF9, 0xDD, 0x38, 0x34, 0x4C, 0x5F, 0xD3,
    0xCC, 0x5E, 0xA2, 0x5C, 0xDE, 0xD5, 0x35, 0x17, 0xD4, 0xF1, 0x8C, 0xEA, 0x74, 0xAF, 0xA4, 0xA1,
    0xE6, 0xD1, 0xB7, 0x0C, 0xC3, 0x6A, 0x1B, 0x45, 0x82, 0x67, 0x32, 0x8E, 0xF4, 0xC6, 0x46, 0x24,
    0xC9, 0x8B, 0x24, 0x9B, 0xE8, 0x04, 0x9A, 0xD4, 0x47, 0xBB, 0x22, 0x4A, 0xC1, 0x6B, 0x55, 0x4E,
    0x54, 0xC9, 0x85, 0x78, 0x37, 0x12, 0x59, 0xEA, 0x5B, 0x4F, 0x13, 0xD1, 0xA5, 0xB0, 0x23, 0x62,
    0x39, 0x00, 0x19, 0x70, 0x15, 0x65, 0x72, 0x21, 0xE6, 0x0D, 0xA4, 0xA9, 0x0F, 0x7A, 0x03, 0x6D,
    0xEA, 0xA3, 0xDE, 0x40, 0x9C, 0x7A, 0xE6, 0xD4, 0x53, 0xA7, 0x3E, 0xEE, 0xED, 0xC9, 0xD3, 0x6E,
    0x24, 0x84, 0xAA, 0xB6, 0xCA, 0xDA, 0xCE, 0x77, 0x88, 0xDB, 0x51, 0xD8, 0x0E, 0x95, 0x6D, 0x77,
    0xF9, 0x9B, 0x66, 0x74, 0xB7, 0xB5, 0xC5, 0x87, 0x08, 0xA2, 0x6D, 0x36, 0xAE, 0xDC, 0x99, 0x72,
    0xE8, 0x8E, 0xCA, 0xFA, 0x5F, 0x03, 0xEF, 0xDF, 0xD2, 0x93, 0x6F, 0x1C, 0x7A, 0xF1, 0x7C, 0x68,
    0xEE, 0x62, 0x6F, 0xBE, 0x3C, 0xC3, 0x88, 0x2F, 0x9D, 0xBE, 0x72, 0x19, 0xFF, 0xA3, 0xAB, 0x24,
    0xF7, 0xE8, 0x88, 0xB7, 0x43, 0x43, 0x38, 0x3A, 0x4D, 0x44, 0xB1, 0x92, 0x6B, 0xFB, 0x03, 0xC6,
    0x17, 0xB1, 0x19, 0x0F, 0x89, 0x0C, 0x0C, 0x51, 0x6D, 0xF6, 0x8E, 0xCD, 0x5A, 0x3A, 0xAC, 0x68,
    0x9F, 0xE0, 0xA8, 0x53, 0x46, 0x5E, 0x2E, 0x93, 0x53, 0xD6, 0x7E, 0x1B, 0x1E, 0x90, 0x00, 0xE7,
    0xBE, 0x3C, 0x10, 0x11, 0x18, 0xAF, 0x82, 0xA8, 0x21, 0x65, 0x19, 0xFA, 0xDB, 0xCC, 0x48, 0x01,
    0xDA, 0x69, 0x43, 0x29, 0x42, 0x37, 0x9C, 0x76, 0x35, 0x70, 0x06, 0x0B, 0x36, 0x9C, 0xB9, 0xE8,
    0xF2, 0xD7, 0xB7, 0xB4, 0xA5, 0xEB, 0x31, 0x58, 0x79, 0x33, 0xCE, 0xBD, 0x45, 0x21, 0x06, 0x37,
    0xDC, 0x11, 0x05, 0x18, 0x4B, 0x35, 0x61, 0xED, 0x30, 0x93, 0x1C, 0x39, 0x1F, 0xEC, 0x2B, 0x40,
    0x7B, 0x9A, 0x4E, 0xD9, 0xE0, 0x0B, 0x8C, 0x68, 0x52, 0xAB, 0xE5, 0xB8, 0x3F, 0x15, 0xF3, 0x54,
    0x81, 0x53, 0xF6, 0x92, 0x6C, 0x19, 0x7F, 0x31, 0x2F, 0x37, 0xEE, 0x68, 0xFD, 0x6C, 0xB6, 0x9A,
    0xE6, 0x6F, 0x57, 0xE8, 0x50, 0x6B, 0x52, 0xDF, 0x64, 0x26, 0xC7, 0x8C, 0x0C, 0x8E, 0xB5, 0x92,
    0x3F, 0xBD, 0x1D, 0x26, 0xC1, 0xCB, 0xB6, 0x6C, 0x6C, 0x37, 0xCE, 0x76, 0xB9, 0x1C, 0x83, 0x1A,
    0x15, 0xA3, 0x35, 0x3D, 0x40, 0x2C, 0x47, 0xE0, 0x2E, 0x5D, 0x1F, 0xFB, 0xC8, 0x7E, 0x7F, 0xB1,
    0xEE, 0x7E, 0xCE, 0x8D, 0x5B, 0x5C, 0x1F, 0x20, 0xBC, 0xAF, 0xD3, 0xED, 0xE2, 0xAB, 0xEC, 0x9F,
    0xEB, 0x7E, 0x2D, 0x9E, 0x4B, 0xEA, 0xA1, 0xF6, 0x58, 0x0C, 0xA9, 0x26, 0x9D, 0xBC, 0x70, 0xC2,
    0x06, 0xEB, 0xA7, 0xDF, 0x31, 0x57, 0x8B, 0x4C, 0xB2, 0x4F, 0x20, 0x04, 0xA6, 0x54, 0xA5, 0x2D,
    0x81, 0x60, 0x66, 0x23, 0x2A, 0x4F, 0xD9, 0x8A, 0xD8, 0x23, 0x98, 0x05, 0xD4, 0x26, 0xD3, 0xFE,
    0xD4, 0x14, 0xA7, 0x12, 0x9E, 0xB2, 0xA1, 0x6E, 0xD0, 0x5E, 0x9E, 0x2D, 0xD3, 0x4F, 0xDE, 0xA8,
    0xBA, 0xF8, 0x77, 0xEB, 0x96, 0xBD, 0xA8, 0xE5, 0xC2, 0x97, 0xA8, 0xC3, 0x21, 0x92, 0x3F, 0xB6,
    0xBB, 0xE4, 0xFB, 0x3B, 0x66, 0x35, 0xB4, 0x30, 0xA4, 0xFD, 0x26, 0xF2, 0x65, 0xDF, 0x67, 0x8A,
    0xEF, 0x1F, 0x3D, 0x6E, 0x85, 0xD7, 0x44, 0xF2, 0x47, 0x3E, 0x51, 0x6D, 0xAA, 0x12, 0x94, 0x37,
    0xC8, 0x5E, 0xB2, 0x55, 0x8F, 0x65, 0x0F, 0x43, 0x00, 0x53, 0x38, 0x54, 0x3D, 0x9A, 0x64, 0x2F,
    0x36, 0x9D, 0x00, 0xA7, 0xEA, 0x55, 0xAE, 0xC7, 0x93, 0x99, 0xD9, 0x23, 0xD7, 0x03, 0x3A, 0x3C,
    0x42, 0x4F, 0x0C, 0x72, 0xD1, 0x43, 0x8A, 0x27, 0xE2, 0x11, 0x01, 0xD3, 0xA4, 0xD5, 0x7D, 0x01,
    0xD4, 0xD8, 0x97, 0xB4, 0xBE, 0x01, 0x55, 0x98, 0xC3, 0xD5, 0x08, 0x56, 0xF7, 0xE4, 0x5E, 0xFF,
    0xCD, 0x9F, 0x8E, 0x84, 0x58, 0x13, 0x96, 0x5C, 0x4B, 0x7D, 0xF5, 0xC9, 0xFC, 0x28, 0xB6, 0x88,
    0x4D, 0x47, 0x82, 0x2F, 0xC2, 0x98, 0xB4, 0x50, 0xED, 0xF3, 0x6D, 0x6A, 0xAB, 0x58, 0x34, 0x01,
    0x5C, 0x9B, 0x0E, 0xBE, 0x25, 0x8A, 0x42, 0x38, 0xE0, 0x0B, 0x7D, 0xAE, 0x82, 0x82, 0x0B, 0x77,
    0x41, 0x8C, 0xB3, 0x0B, 0x17, 0x74, 0x1C, 0xCD, 0x2B, 0x6C, 0xB8, 0xC5, 0x26, 0xC1, 0xA2, 0x9C,
    0x5E, 0x4F, 0x9D, 0xD4, 0x9C, 0x9B, 0x04, 0x97, 0x8E, 0x40, 0x1F, 0xDF, 0x24, 0x38, 0x34, 0x4E,
    0x8E, 0x76, 0x89, 0xB8, 0x45, 0x20, 0xB7, 0xC1, 0x7F, 0x04, 0xE5, 0x86, 0xB7, 0xE2, 0x5C, 0x4F,
    0x3F, 0x1C, 0x58, 0xCB, 0x28, 0x69, 0xC7, 0xAC, 0x42, 0x95, 0x38, 0xC4, 0x02, 0xCB, 0x91, 0xCF,
    0x55, 0xF8, 0x1E, 0xD7, 0x4C, 0x10, 0x9E, 0x0B, 0x19, 0xC5, 0x20, 0x0C, 0xF5, 0x99, 0x9F, 0x99,
    0x7B, 0xAD, 0xA9, 0xC1, 0x4B, 0xB4, 0x24, 0xD9, 0xC5, 0x32, 0xE1, 0x11, 0x0D, 0x38, 0xC0, 0xD4,
    0x3A, 0x6C, 0x9C, 0x4C, 0x36, 0xC0, 0xCC, 0xAB, 0xA0, 0xC7, 0xD0, 0x62, 0xEE, 0x6B, 0x8D, 0x35,
    0x01, 0xEF, 0x82, 0x2A, 0xDB, 0xD9, 0x5F, 0xAC, 0xCE, 0x3A, 0xDA, 0x72, 0xBB, 0xFB, 0xD6, 0xF5,
    0xC2, 0x49, 0x9B, 0x63, 0xBF, 0x49, 0xEC, 0x65, 0x32, 0xE7, 0xDB, 0x4D, 0x82, 0xFD, 0x56, 0xE1,
    0xE5, 0xC8, 0x48, 0xBB, 0xFC, 0xCD, 0x7A, 0x6C, 0xA5, 0x4F, 0x07, 0xF0, 0x83, 0x99, 0xEE, 0xFB,
    0xC8, 0x55, 0x95, 0x76, 0xF1, 0x4A, 0x4B, 0x7E, 0xEA, 0x41, 0xD7, 0x6F, 0xDA, 0x6D, 0x25, 0x80,
    0xDD, 0x86, 0xC9, 0xF1, 0x5B, 0x0C, 0xF5, 0x82, 0xE9, 0x56, 0xF5, 0x32, 0xF4, 0x08, 0x87, 0x6D,
    0x90, 0x4E, 0x7B, 0xC6, 0x51, 0x2E, 0x39, 0x15, 0x4E, 0x86, 0xD5, 0xF3, 0xEE, 0xD5, 0xB9, 0x3B,
    0xE3, 0xE9, 0xC1, 0x37, 0x0E, 0x1D, 0x62, 0x54, 0x5D, 0x7C, 0x9B, 0x53, 0x75, 0x55, 0xD8, 0x41,
    0x94, 0xB3, 0x74, 0xB2, 0xD9, 0xA6, 0xFE, 0xD1, 0xB0, 0x47, 0x18, 0x22, 0x51, 0x06, 0x4B, 0x1E,
    0xE9, 0x2F, 0x61, 0xD0, 0x95, 0xDB, 0x59, 0xFC, 0x59, 0x00, 0x19, 0xF3, 0x64, 0x9D, 0x7E, 0xF8,
    0xA9, 0x05, 0x49, 0xF0, 0xE6, 0xD8, 0xD2, 0x53, 0x20, 0x96, 0x62, 0x66, 0x76, 0x68, 0x39, 0x7F,
    0x45, 0x0C, 0xB0, 0xA8, 0x55, 0xCB, 0xF3, 0xBF, 0x22, 0xB3, 0xEC, 0xD4, 0x32, 0x92, 0x2B, 0x49,
    0xEE, 0x6E, 0xE4, 0xCB, 0x3D, 0xB5, 0x1E, 0xF2, 0x13, 0xF3, 0x2B, 0x57, 0x4A, 0x77, 0xE5, 0xA0,
    0x0E, 0x4E, 0xD9, 0x10, 0x2F, 0x23, 0x7F, 0xC7, 0x05, 0xAF, 0x4C, 0x69, 0x1F, 0xE1, 0x33, 0x1D,
    0xE1, 0x13, 0xF6, 0x70, 0x1A, 0x53, 0x09, 0x8E, 0x99, 0x25, 0xA6, 0xC2, 0xF5, 0x9E, 0x99, 0x64,
    0xE2, 0xBA, 0xEB, 0x5D, 0x33, 0xEB, 0x90, 0x5B, 0xA1, 0x49, 0xC6, 0x42, 0x33, 0xE7, 0x13, 0x01,
    0x40, 0xF0, 0xCE, 0xC0, 0x15, 0x5A, 0x12, 0xDC, 0x33, 0x3A, 0x0C, 0x00, 0x7E, 0xF0, 0xCF, 0x2E,
    0xB4, 0xC4, 0xF4, 0x0E, 0x3A, 0x0D, 0x81, 0xFC, 0x1E, 0x23, 0x4B, 0x9B, 0x8C, 0x5F, 0x62, 0xF7,
    0xD7, 0xC4, 0xFF, 0x9E, 0xAE, 0x7A, 0x01, 0x0C, 0xAF, 0x86, 0x3D, 0xA2, 0x97, 0xE2, 0x7A, 0x84,
    0xA8, 0xD4, 0xBB, 0xA8, 0xE0, 0x99, 0x17, 0xD5, 0x02, 0x3D, 0x7F, 0xA5, 0xA8, 0x19, 0x8B, 0x71,
    0x65, 0x70, 0xCE, 0xE2, 0x67, 0x62, 0x67, 0x18, 0x6E, 0xDB, 0x57, 0xE9, 0xC4, 0xDA, 0x44, 0xD0,
    0x9C, 0x2E, 0xA2, 0x8B, 0xB6, 0xB3, 0xC8, 0x16, 0x8A, 0xA3, 0x25, 0x4D, 0xFC, 0xD5, 0xEA, 0xA6,
    0xA3, 0x97, 0xE6, 0xDF, 0x7B, 0xD8, 0x38, 0xD1, 0x34, 0xED, 0x02, 0x3D, 0xEE, 0xA8, 0x8F, 0x39,
    0xDF, 0x87, 0x01, 0xB9, 0x1D, 0x92, 0x3A, 0xB0, 0xE9, 0x3E, 0x04, 0x0A, 0x74, 0xBA, 0x27, 0xAB,
    0x63, 0x77, 0xF7, 0xCD, 0x77, 0xC7, 0x48, 0xAD, 0xCC, 0xB7, 0x93, 0x0A, 0x7F, 0x59, 0x47, 0x6A,
    0x5A, 0x9C, 0xB4, 0x87, 0x45, 0x05, 0x40, 0xAD, 0x80, 0x36, 0xB9, 0x68, 0xE7, 0x76, 0xA8, 0x09,
    0xAA, 0x6C, 0xBD, 0x5F, 0xBC, 0x8A, 0x4C, 0x36, 0x4E, 0x5F, 0xF9, 0x91, 0xC5, 0x7C, 0xB6, 0xC2,
    0x33, 0x5F, 0xC7, 0xBE, 0x43, 0x48, 0xCC, 0x7E, 0x03, 0x20, 0x36, 0x69, 0x38, 0x75, 0xDF, 0x1B,
    0xA4, 0x0D, 0x1F, 0x74, 0x9B, 0x76, 0x4D, 0xED, 0x5C, 0x05, 0x6D, 0x21, 0x33, 0x3B, 0x0B, 0x95,
    0x4E, 0xBF, 0xA8, 0xB6, 0x7F, 0x19, 0x62, 0x36, 0x62, 0x44, 0xC1, 0x2C, 0xEE, 0x34, 0x01, 0x57,
    0xFB, 0x5F, 0x4B, 0x6A, 0x63, 0xFF, 0xD7, 0x43, 0xE1, 0x29, 0x1B, 0xFE, 0x78, 0x0B, 0x67, 0x18,
    0xAF, 0xC6, 0x98, 0x8D, 0x3C, 0xB2, 0x36, 0xC1, 0xE9, 0xCF, 0xE0, 0x68, 0xEB, 0xC6, 0x7E, 0xB9,
    0x3D, 0x7A, 0x17, 0x77, 0x4F, 0x37, 0x88, 0xB5, 0x0B, 0x8F, 0xBB, 0xA3, 0x45, 0x19, 0x8A, 0x6C,
    0xF4, 0x29, 0x11, 0x75, 0x34, 0xE2, 0xDF, 0x13, 0x8A, 0xD9, 0x93, 0x07, 0x21, 0x4F, 0x57, 0x28,
    0x9A, 0x4E, 0x6A, 0x18, 0xF7, 0xA4, 0x46, 0xA3, 0x4A, 0x52, 0x4F, 0x69, 0xF5, 0x2F, 0xF0, 0xF3,
    0x16, 0x3F, 0x31, 0xA0, 0xF8, 0x3F, 0x19, 0xBE, 0x7E, 0xA5, 0x05, 0x28, 0x07, 0xD8, 0x34, 0x4E,
    0xF1, 0x07, 0x25, 0x0D, 0x8B, 0x61, 0xAE, 0x17, 0xDE, 0xAB, 0x87, 0x2E, 0x99, 0x82, 0x06, 0x66,
    0x7A, 0x83, 0xDE, 0xC8, 0x3C, 0xEB, 0x95, 0x2B, 0x07, 0xE6, 0xA8, 0x17, 0xFE, 0xB7, 0xF6, 0x39,
    0xF5, 0x2B, 0xC8, 0xF3, 0x50, 0x53, 0x9C, 0xA9, 0x2B, 0xAA, 0xA7, 0x0A, 0x19, 0xEB, 0x8D, 0x50,
    0xA8, 0xAC, 0xD6, 0x9E, 0x0C, 0x3A, 0xA5, 0xE2, 0x4D, 0xFE, 0xF5, 0xA2, 0xFF, 0x60, 0x31, 0xB3,
    0x6B, 0xB7, 0xFB, 0xC0, 0xF4, 0x27, 0xA2, 0x82, 0x6A, 0xCC, 0x46, 0x4B, 0xA7, 0x51, 0x06, 0x62,
    0x33, 0xFE, 0x3A, 0x34, 0x25, 0xDE, 0x29, 0x87, 0x0A, 0x93, 0xFF, 0xBA, 0x1D, 0x5B, 0x0A, 0x6E,
    0xC3, 0x76, 0x2D, 0x09, 0x82, 0x36, 0x6B, 0x85, 0x22, 0xCE, 0xA5, 0x6F, 0x1E, 0x1C, 0x68, 0x1F,
    0x33, 0x5B, 0xBC, 0x06, 0x1C, 0xD9, 0x1A, 0x70, 0xE4, 0x4D, 0x41, 0x46, 0x26, 0x38, 0x06, 0xFB,
    0x21, 0xA5, 0x2A, 0xD4, 0x2F, 0xFA, 0x22, 0x2B, 0xA7, 0x73, 0x9E, 0x62, 0xFD, 0x3C, 0x6C, 0xA7,
    0x0F, 0xB6, 0x77, 0x3D, 0x8A, 0x6F, 0xB7, 0xDA, 0x7D, 0x3F, 0x21, 0xAB, 0x0E, 0x6C, 0x35, 0x0A,
    0x74, 0xBC, 0xBA, 0x61, 0x4D, 0xA6, 0x0E, 0xB5, 0xF3, 0xED, 0x64, 0xC7, 0x0D, 0x31, 0x39, 0xEF,
    0x7D, 0xC4, 0xDD, 0xC7, 0xEA, 0x67, 0x5F, 0xDF, 0x38, 0xCD, 0xE7, 0x24, 0x8C, 0xF0, 0x7F, 0x53,
    0x0F, 0x6C, 0xE9, 0x16, 0xA3, 0xE0, 0xC7, 0xA3, 0x13, 0x9B, 0x6D, 0xD1, 0x89, 0xF9, 0xE4, 0x95,
    0xBF, 0x30, 0x86, 0x39, 0xF5, 0x77, 0xEC, 0x33, 0xF5, 0x6B, 0x00, 0x62, 0x84, 0xD8, 0x73, 0x8D,
    0x72, 0xF5, 0x72, 0xF6, 0x8E, 0x03, 0x3E, 0x35, 0x67, 0x4B, 0xBA, 0xF9, 0x1F, 0x26, 0x05, 0xD9,
    0x6A, 0x92, 0xAD, 0x36, 0x1C, 0x20, 0x45, 0x6A, 0xB6, 0xD8, 0xFE, 0xFD, 0x8D, 0x68, 0xEC, 0x00,
    0x82, 0xFB, 0xAA, 0x47, 0x12, 0xE7, 0xDD, 0xFE, 0xD7, 0x9A, 0x76, 0xDA, 0x5D, 0x62, 0x53, 0x7B,
    0x27, 0xDE, 0x3B, 0x8A, 0x64, 0xA3, 0x2E, 0x22, 0xED, 0x79, 0x93, 0x8D, 0xD7, 0x5F, 0x80, 0x0C,
    0xBC, 0x05, 0xE1, 0xCE, 0x62, 0xFF, 0xF5, 0x1B, 0x4D, 0xEF, 0x2B, 0x28, 0xFF, 0x0B, 0xC5, 0x57,
    0x3B, 0x6F, 0xDD, 0x36, 0x14, 0x3E, 0x12, 0x6D, 0xAB, 0x88, 0x00, 0xD3, 0x83, 0xBD, 0x14, 0x49,
    0x14, 0xA0, 0x1D, 0x52, 0xC0, 0xAE, 0x96, 0x0C, 0x19, 0x9C, 0x4B, 0x01, 0xF9, 0x01, 0xF5, 0x90,
    0xEC, 0x1D, 0x3C, 0x05, 0xE8, 0x96, 0xC1, 0x40, 0x63, 0x4B, 0x6D, 0x97, 0x8E, 0xDE, 0xBA, 0x7A,
    0xC8, 0xD0, 0x38, 0xCB, 0x1D, 0x32, 0x18, 0xA8, 0xED, 0x4B, 0x24, 0x43, 0x57, 0xFE, 0x04, 0x2D,
    0xED, 0xD0, 0xA0, 0x28, 0x07, 0x01, 0x51, 0x02, 0x4A, 0xEC, 0x77, 0x28, 0x5D, 0xDB, 0x79, 0x0C,
    0x29, 0x90, 0xA4, 0xB4, 0x29, 0x51, 0xE4, 0x79, 0xF3, 0xF0, 0x3B, 0xBC, 0x8F, 0x7F, 0x7B, 0xAD,
    0xD1, 0xCA, 0xC2, 0xFD, 0x2B, 0xB7, 0x76, 0x64, 0x9D, 0x98, 0xAC, 0xF9, 0xFE, 0xEF, 0x2F, 0x7E,
    0x16, 0xD5, 0x7F, 0xFD, 0x23, 0xA2, 0x45, 0xF4, 0x1D, 0xA2, 0xA8, 0x26, 0x4A, 0x34, 0x91, 0x8C,
    0x0F, 0x0F, 0x9D, 0xF2, 0xFE, 0x59, 0x41, 0xF6, 0x06, 0xDD, 0x14, 0xC5, 0x55, 0xBA, 0x91, 0x54,
    0xA2, 0xD8, 0xA2, 0x1B, 0x44, 0xA2, 0xA0, 0x0F, 0xF7, 0x8A, 0x68, 0xD0, 0x1E, 0x1B, 0xA2, 0x27,
    0x44, 0xB7, 0xA0, 0x1B, 0x6B, 0xAF, 0x0E, 0x7F, 0x85, 0x76, 0x3D, 0xA5, 0xCB, 0xB1, 0x89, 0x74,
    0x5A, 0x5C, 0xA6, 0x8D, 0x48, 0xD3, 0xD6, 0x65, 0xD0, 0xC3, 0xBA, 0x0F, 0xFA, 0x5A, 0x58, 0xBB,
    0x5B, 0x94, 0xBE, 0xC7, 0xBF, 0xF2, 0xDD, 0xC5, 0x31, 0x1B, 0x26, 0xBD, 0xF7, 0x3D, 0xBA, 0xFF,
    0xE3, 0x2E, 0x1A, 0xCF, 0x08, 0x3F, 0x6F, 0x7F, 0x1D, 0xA2, 0xD1, 0xBC, 0x49, 0xFF, 0x56, 0x7B,
    0x75, 0x38, 0x6F, 0xEF, 0x47, 0xB5, 0x46, 0x6B, 0xD2, 0x64, 0xCF, 0x9A, 0xC4, 0x76, 0x91, 0x53,
    0x45, 0xF9, 0x09, 0x3F, 0x9E, 0x1E, 0xC4, 0x07, 0xEF, 0xE7, 0x1D, 0xC7, 0xE1, 0x0E, 0x66, 0x36,
    0xC8, 0xC5, 0x90, 0x20, 0x4D, 0xAE, 0x95, 0x2E, 0xAB, 0x52, 0x97, 0x46, 0x71, 0x22, 0xDD, 0x11,
    0xBD, 0xF0, 0x91, 0x8F, 0xFA, 0xC8, 0xC5, 0xAD, 0xB0, 0x69, 0x2D, 0x2B, 0x45, 0xD7, 0x89, 0xB6,
    0x45, 0x87, 0x95, 0x2E, 0x76, 0xC2, 0x09, 0xE6, 0xD3, 0x79, 0xB1, 0x4B, 0x5F, 0x82, 0x41, 0xDD,
    0xF6, 0xB2, 0x51, 0xBA, 0x17, 0x2D, 0xCF, 0x66, 0xA0, 0x9E, 0x8C, 0x4A, 0x37, 0x68, 0x93, 0x5C,
    0xD4, 0xC6, 0x8D, 0xB0, 0xAC, 0x08, 0x66, 0x6A, 0x28, 0xAB, 0xA0, 0xAE, 0x28, 0xAB, 0x59, 0x51,
    0x6A, 0x5F, 0x94, 0xC6, 0x63, 0xA6, 0x2C, 0xE6, 0x76, 0x46, 0xAC, 0xA0, 0x4F, 0xBA, 0xD8, 0x8B,
    0x2E, 0x82, 0xBA, 0xA8, 0x13, 0x0E, 0x33, 0x2D, 0xAB, 0x0C, 0x32, 0xA0, 0x20, 0x2F, 0x14, 0xD2,
    0xEC, 0x68, 0x60, 0xD8, 0xA6, 0x03, 0xD1, 0xA5, 0xCC, 0xE3, 0xC4, 0x40, 0x1B, 0x0C, 0x7C, 0x93,
    0x7E, 0x97, 0x8E, 0x61, 0xEC, 0xB7, 0x81, 0x45, 0x15, 0x7B, 0xC2, 0x8B, 0x5E, 0x36, 0xB9, 0x55,
    0x7A, 0x56, 0xC0, 0xD1, 0x41, 0xFE, 0x40, 0xCD, 0x0E, 0xB0, 0x0B, 0x13, 0x7A, 0x30, 0x68, 0x80,
    0xA2, 0xD8, 0x0D, 0x5D, 0xB4, 0xE8, 0x76, 0xEC, 0x35, 0xA9, 0x5F, 0xFE, 0x3C, 0x99, 0x79, 0xDF,
    0xA1, 0xBB, 0x87, 0xA9, 0xDE, 0x26, 0x89, 0x00, 0x4A, 0xF8, 0x92, 0xA1, 0xE7, 0xAC, 0x69, 0xEC,
    0x7B, 0xE8, 0xA7, 0xE8, 0x9C, 0x92, 0x10, 0x13, 0xB1, 0xB8, 0x76, 0x10, 0x47, 0xC1, 0xF5, 0xB4,
    0x1A, 0x14, 0x50, 0xAE, 0xC7, 0x69, 0x66, 0x63, 0x35, 0x1C, 0x4C, 0xD6, 0x93, 0x62, 0xEB, 0x0C,
    0x2B, 0xBA, 0x54, 0xB8, 0xA5, 0x82, 0xA4, 0x1E, 0x19, 0x78, 0xCF, 0x02, 0x03, 0xC7, 0x30, 0xB1,
    0x83, 0xB2, 0xD5, 0xC4, 0xAC, 0xA6, 0x7D, 0xEF, 0x35, 0x98, 0x9C, 0x7C, 0xF9, 0x72, 0x56, 0x05,
    0xB3, 0xE2, 0x26, 0x78, 0x3F, 0x0A, 0x2E, 0x59, 0xAF, 0x1D, 0x2D, 0xA3, 0xAD, 0xD8, 0xFF, 0xE0,
    0xAD, 0xEF, 0x94, 0xFF, 0xC6, 0x3F, 0xF5, 0x75, 0x8E, 0xD3, 0x4C, 0x0B, 0x90, 0x08, 0x96, 0xB2,
    0xA6, 0xC4, 0xD7, 0x54, 0xFA, 0x3A, 0xF1, 0xBE, 0x2E, 0xBD, 0xFF, 0x1D, 0x52, 0x4B, 0xDF, 0x25,
    0x38, 0x62, 0x65, 0x47, 0x49, 0x17, 0x4E, 0x3D, 0xB7, 0xA5, 0xDB, 0x7D, 0xF9, 0xC2, 0x2B, 0xB3,
    0x75, 0xA9, 0x88, 0x0E, 0x3C, 0xE5, 0xFF, 0xB8, 0xC8, 0xCF, 0x6C, 0xD2, 0x79, 0xCA, 0xEA, 0x2D,
    0x5A, 0xA5, 0xA5, 0x8A, 0xE2, 0x7D, 0xA2, 0x87, 0x79, 0x4D, 0xD2, 0x52, 0xE2, 0x54, 0x4D, 0x79,
    0x43, 0xD2, 0x95, 0x86, 0x72, 0x4B, 0xB2, 0x85, 0x33, 0x50, 0x2C, 0xED, 0x5A, 0x40, 0x94, 0xA8,
    0xC8, 0x9E, 0x41, 0x5E, 0x9F, 0x57, 0xEF, 0x80, 0xB7, 0xEA, 0x9E, 0xDB, 0x4C, 0xFE, 0x3F, 0x78,
    0xDB, 0xBF, 0xAE, 0x3A, 0xF1, 0x69, 0xE0, 0x8D, 0x0F, 0xDF, 0x29, 0xC5, 0xBE, 0x4A, 0xBF, 0xAB,
    0x37, 0xD6, 0x77, 0xEE, 0xAF, 0x5F, 0xD9, 0x5A, 0x5F, 0xA4, 0x75, 0xFA, 0xC0, 0xFF, 0x68, 0x2B,
    0x2B, 0x44, 0x9B, 0x1B, 0xF0, 0x30, 0x2D, 0x48, 0x3C, 0x85, 0xC3, 0xCD, 0x93, 0x7B, 0x87, 0x6E,
    0x63, 0xE6, 0xDD, 0xC6, 0x94, 0xEC, 0x93, 0x29, 0xE6, 0xA6, 0x58, 0x9B, 0x82, 0x66, 0x0A, 0xDA,
    0x29, 0x58, 0x3E, 0x56, 0x0F, 0x6D, 0x01, 0x09, 0xB8, 0xB3, 0x89, 0x4D, 0x47, 0xAE, 0xFC, 0xA4,
    0xE9, 0x2A, 0x22, 0xBF, 0xA3, 0x0E, 0x1F, 0xED, 0x28, 0xDF, 0x63, 0xBC, 0x8C, 0xB9, 0x65, 0xAC,
    0x2D, 0x83, 0x66, 0x19, 0xB4, 0xCB, 0xE0, 0xF8, 0x98, 0x7D, 0x6C, 0x2B, 0xE3, 0x7B, 0x0B, 0x7D,
    0x44, 0x88, 0xAC, 0x1F, 0xCF, 0x36, 0xDA, 0xCC, 0x57, 0xC3, 0x79, 0xE4, 0x23, 0x8E, 0x53, 0x1A,
    0x8E, 0x24, 0x92, 0xB6, 0x4E, 0xEA, 0x70, 0x68, 0x19, 0x8B, 0x35, 0xC6, 0x6A, 0x80, 0xBC, 0xBC,
    0x00, 0x8E, 0x9C, 0x0E, 0xAC, 0x0A, 0x98, 0x12, 0xB5, 0xF3, 0x71, 0x52, 0x8B, 0x81, 0x15, 0x07,
    0x3A, 0x35, 0xA9, 0x99, 0x8F, 0x19, 0xA3, 0xE6, 0xE3, 0xAC, 0x9A, 0xD0, 0x22, 0x04, 0xAD, 0x01,
    0x25, 0x14, 0x90, 0xC5, 0x37, 0x28, 0x00, 0x46, 0x51, 0x07, 0x64, 0xF7, 0x8E, 0x32, 0x6F, 0xF3,
    0xE7, 0x0D, 0xAE, 0x15, 0xFA, 0x94, 0xCA, 0xB8, 0x4D, 0x3D, 0x00, 0x4E, 0x05, 0x42, 0x17, 0x3D,
    0x02, 0x40, 0x9D, 0x90, 0x02, 0x24, 0x30, 0x8A, 0x9C, 0xE0, 0x99, 0x43, 0xDF, 0x31, 0x72, 0xAE,
    0x8D, 0x1A, 0x52, 0x89, 0xE1, 0xB1, 0xB0, 0xB1, 0x25, 0x95, 0x6A, 0xA6, 0x49, 0x0D, 0xD6, 0x27,
    0x70, 0x01, 0x16, 0xE6, 0x15, 0xC6, 0xBB, 0x52, 0x47, 0x8C, 0x0E, 0x8C, 0x26, 0x4E, 0x6A, 0xB6,
    0xD6, 0x31, 0x47, 0x23, 0x35, 0xAC, 0x85, 0xE0, 0x08, 0x05, 0x21, 0xA9, 0x33, 0x1D, 0x50, 0xC6,
    0xCF, 0xB4, 0xE8, 0x3D, 0x62, 0x85, 0x18, 0x28, 0xC4, 0xCB, 0xB7, 0x03, 0x4C, 0x2E, 0x01, 0x0F,
    0x3E, 0x67, 0x6C, 0xA2, 0x8B, 0xED, 0x88, 0x7A, 0xA0, 0xBF, 0x4B, 0x5A, 0x69, 0x65, 0x8D, 0x9A,
    0x01, 0xFC, 0xBE, 0x79, 0xBE, 0x66, 0xA9, 0x8F, 0x1D, 0xAF, 0x33, 0x45, 0xA0, 0xB1, 0x59, 0x2D,
    0x6B, 0x85, 0xEA, 0x52, 0x02, 0xEB, 0x4F, 0x41, 0xED, 0x40, 0x3F, 0xBD, 0x20, 0x30, 0xAE, 0x85,
    0x96, 0x55, 0x90, 0x85, 0xDA, 0xE3, 0xE3, 0x6E, 0x10, 0x9E, 0x81, 0x69, 0x56, 0xF9, 0x20, 0x8B,
    0x3F, 0x0D, 0x4B, 0xE8, 0x51, 0x19, 0xD9, 0x74, 0xC3, 0x35, 0x6E, 0x19, 0x67, 0xE3, 0xFE, 0x99,
    0x98, 0xAF, 0x69, 0x46, 0xB3, 0x42, 0x69, 0x65, 0x64, 0x9D, 0x5A, 0xEC, 0xB3, 0x83, 0xAE, 0xF5,
    0xF9, 0x5A, 0x86, 0xD5, 0xB2, 0x40, 0x61, 0x43, 0x89, 0x63, 0x1A, 0x36, 0x4A, 0xDA, 0xD4, 0x26,
    0x8D, 0x68, 0x01, 0xD6, 0x0E, 0x39, 0xB2, 0x8B, 0x9D, 0x5A, 0xA7, 0x2B, 0x74, 0x41, 0x62, 0x36,
    0xF2, 0xA9, 0xEA, 0x8C, 0x53, 0xE7, 0x26, 0x70, 0xDB, 0xC0, 0xDF, 0x0C, 0x12, 0x58, 0x46, 0x34,
    0x48, 0x39, 0x0D, 0x72, 0x54, 0x90, 0x74, 0x96, 0x9A, 0xD5, 0x50, 0x5C, 0xC8, 0x23, 0xC2, 0x1D,
    0x06, 0x0E, 0xA1, 0xC6, 0xFD, 0x00, 0xE4, 0x99, 0x3E, 0x21, 0x4E, 0xAC, 0x7D, 0x8C, 0x60, 0x87,
    0xD2, 0xC2, 0x51, 0xC9, 0x0F, 0x80, 0x6D, 0xA9, 0xE1, 0x10, 0xF4, 0x73, 0x12, 0x1E, 0x07, 0x88,
    0x0B, 0xA2, 0xB0, 0xFF, 0xD2, 0x70, 0xC2, 0xA2, 0x20, 0x29, 0x90, 0x54, 0x71, 0x47, 0x79, 0x1D,
    0xF7, 0x94, 0x99, 0x88, 0x05, 0x52, 0x7B, 0x7E, 0x18, 0x16, 0x76, 0xF8, 0xB9, 0x39, 0x61, 0xAC,
    0x6C, 0x65, 0x21, 0x8D, 0xA8, 0x05, 0xC7, 0xA7, 0xA2, 0x06, 0xB7, 0x0B, 0x60, 0x66, 0x54, 0x40,
    0x72, 0x46, 0xC8, 0x25, 0x80, 0x37, 0xC3, 0x77, 0x64, 0x33, 0x66, 0x39, 0xC6, 0xF9, 0x49, 0x4C,
    0x8E, 0x84, 0x81, 0x97, 0x26, 0x33, 0x29, 0xFB, 0x6B, 0xE2, 0x6A, 0xD2, 0xA2, 0xC2, 0x51, 0xCB,
    0xD7, 0x08, 0x51, 0x73, 0x4D, 0x4D, 0x2B, 0x61, 0x38, 0x54, 0x84, 0x7C, 0x3B, 0x4E, 0xAA, 0x5B,
    0x10, 0x25, 0xEB, 0x0C, 0xC2, 0x70, 0x69, 0xD6, 0xFC, 0x8E, 0x6C, 0x38, 0x8A, 0xC7, 0x37, 0xF8,
    0xB9, 0x7E, 0x31, 0x93, 0x50, 0x67, 0xE1, 0x74, 0x47, 0xB2, 0x26, 0x4F, 0x69, 0x43, 0x65, 0xC5,
    0x7E, 0x6B, 0xEA, 0xB9, 0x02, 0x95, 0x7C, 0x54, 0x73, 0x4E, 0x6F, 0x2C, 0xE3, 0xA3, 0x41, 0x66,
    0xE3, 0x03, 0xE9, 0xBB, 0xC7, 0x59, 0x9D, 0x17, 0xFC, 0xA1, 0x11, 0x6A, 0x7C, 0x20, 0x59, 0x5B,
    0xAE, 0x3D, 0xAC, 0x1C, 0xCE, 0xCC, 0x3F, 0x22, 0xCB, 0xA5, 0xF5, 0x88, 0x70, 0x09, 0xFF, 0x8A,
    0xDE, 0x6C, 0x29, 0x4B, 0x4D, 0x10, 0x71, 0x13, 0xA3, 0x04, 0x5A, 0x84, 0x19, 0xFA, 0x16, 0xF9,
    0xD2, 0x42, 0xAF, 0xDF, 0x21, 0xF5, 0xDA, 0x9D, 0xCC, 0xBF, 0xF0, 0xCE, 0xF7, 0x81, 0x2F, 0x60,
    0x43, 0xA2, 0x69, 0x2C, 0xD7, 0xE1, 0xB2, 0x30, 0x1C, 0x9D, 0x61, 0x8B, 0x79, 0x6F, 0xE6, 0x85,
    0x7B, 0x40, 0x09, 0x15, 0x7C, 0x6D, 0x02, 0x59, 0x75, 0x46, 0x96, 0x06, 0x8E, 0xDD, 0x40, 0x56,
    0x9F, 0x93, 0x05, 0x8E, 0x2C, 0x28, 0x69, 0x07, 0x40, 0xA2, 0x80, 0x01, 0x01, 0xA7, 0xCE, 0xC8,
    0x06, 0xC1, 0x5C, 0x7C, 0xC3, 0x85, 0x65, 0x4E, 0x16, 0xA4, 0xD1, 0xB5, 0xD7, 0x62, 0x0C, 0xCC,
    0x4B, 0x11, 0x50, 0xC0, 0x8F, 0xF2, 0x26, 0x03, 0xF2, 0x94, 0xDE, 0x66, 0xCF, 0x7B, 0x2A, 0x1F,
    0xB7, 0x9F, 0x21, 0x02, 0xD7, 0x98, 0x5F, 0x0D, 0x46, 0x8D, 0xAF, 0xBD, 0xE1, 0xD5, 0x05, 0xA3,
    0xD9, 0x3D, 0x84, 0x0A, 0xFF, 0x63, 0xBA, 0x71, 0x3E, 0x22, 0x12, 0xD8, 0x29, 0x86, 0x52, 0xEC,
    0x8D, 0xAC, 0x83, 0x25, 0x6C, 0xCC, 0xDE, 0xB9, 0x28, 0x70, 0x43, 0x65, 0x8E, 0xE1, 0xCC, 0x0E,
    0x24, 0x9A, 0xDE, 0x6E, 0x0B, 0x83, 0x13, 0x10, 0x89, 0x5C, 0x8F, 0x00, 0x41, 0xB8, 0x0D, 0xC5,
    0x3E, 0x4C, 0x20, 0x2F, 0x70, 0x2B, 0x19, 0xB0, 0xFC, 0xBC, 0x9D, 0xB2, 0x3F, 0x71, 0xC7, 0xEE,
    0x08, 0xC7, 0xDE, 0x24, 0x2D, 0x3B, 0x93, 0x5A, 0xF6, 0x05, 0x59, 0x03, 0xFD, 0xAC, 0x4C, 0x85,
    0x5D, 0xD8, 0x0B, 0xDB, 0xD2, 0xB1, 0x0A, 0xB8, 0x81, 0x8C, 0x81, 0x17, 0xB0, 0x0F, 0x4E, 0xA8,
    0xE0, 0xC3, 0x24, 0xB8, 0xB0, 0x1B, 0x38, 0x1E, 0x04, 0x43, 0x8E, 0x83, 0xFD, 0x47, 0xC1, 0xFC,
    0xC1, 0xFA, 0x26, 0xAC, 0xD6, 0x6F, 0x59, 0xBE, 0x12, 0xA4, 0xF2, 0x59, 0xE5, 0x24, 0x82, 0xD9,
    0xA9, 0x63, 0xAB, 0x01, 0xA7, 0xAB, 0x7C, 0x3B, 0xBA, 0x90, 0xE2, 0x14, 0x7C, 0xC9, 0x38, 0x20,
    0x40, 0x7D, 0x64, 0x5D, 0x25, 0x91, 0x4A, 0xB9, 0x16, 0xAF, 0x66, 0x38, 0x5B, 0xB4, 0x8F, 0x0B,
    0x71, 0x1B, 0x12, 0xC6, 0x85, 0x9D, 0x2F, 0xC3, 0x6E, 0xB2, 0x31, 0x89, 0xE5, 0xCA, 0x22, 0x2C,
    0x6F, 0x76, 0x12, 0x6A, 0x01, 0x9E, 0x93, 0xF0, 0x44, 0x82, 0xA0, 0x78, 0x25, 0xA1, 0x84, 0x21,
    0x65, 0x98, 0xA2, 0x0D, 0x30, 0x82, 0x3B, 0x50, 0xE9, 0x38, 0xEB, 0x65, 0xC7, 0x69, 0x1F, 0x75,
    0xEF, 0x08, 0x3A, 0x87, 0x41, 0xF0, 0x15, 0x8F, 0x44, 0x17, 0xA2, 0x3D, 0x04, 0x1C, 0x17, 0x3C,
    0xA4, 0x3F, 0x9F, 0x6E, 0xBA, 0x57, 0x00, 0xF3, 0x95, 0xDF, 0xA7, 0x07, 0xF8, 0x6D, 0x62, 0xF2,
    0x1F, 0x5B, 0x5C, 0x2E, 0x2D, 0x0E, 0x17, 0x0A, 0x03, 0x64, 0x6E, 0x9F, 0x0B, 0xAA, 0x64, 0xB8,
    0x8B, 0x03, 0xF2, 0x45, 0x33, 0x22, 0x76, 0x31, 0xD6, 0x86, 0xDC, 0x30, 0x96, 0xE3, 0xE3, 0xE2,
    0x3C, 0x88, 0x02, 0x8A, 0xE3, 0x5A, 0x8F, 0x5F, 0x2F, 0x19, 0x00, 0x7F, 0x97, 0x7F, 0xEA, 0x00,
    0x94, 0xAA, 0x14, 0x78, 0xB9, 0x79, 0x26, 0xF9, 0x5F, 0x5D, 0x53, 0x31, 0x92, 0xD4, 0x40, 0x0C,
    0xEC, 0xF1, 0xD4, 0xED, 0x06, 0x0E, 0x9C, 0x00, 0x55, 0x14, 0x81, 0x7F, 0xC0, 0xFE, 0x00, 0xCF,
    0x13, 0x2E, 0x38, 0xA2, 0x0D, 0x78, 0x01, 0x75, 0x29, 0xD1, 0x79, 0xEB, 0xF8, 0x00, 0x01, 0x4F,
    0x20, 0xBA, 0xFB, 0x02, 0x94, 0xF7, 0x09, 0x7E, 0xC2, 0x04, 0x4B, 0x42, 0x82, 0x03, 0x53, 0x65,
    0xAE, 0x6C, 0x8B, 0x96, 0x66, 0x7C, 0x01, 0x13, 0x74, 0x69, 0x25, 0xAD, 0xD4, 0x6A, 0xC9, 0x28,
    0x45, 0x64, 0x46, 0x65, 0xB8, 0xEB, 0x14, 0xD1, 0x04, 0x37, 0x01, 0x6D, 0xC0, 0x08, 0x74, 0xC0,
    0x00, 0x08, 0xD0, 0x03, 0x2B, 0xF4, 0x2D, 0x0A, 0x6E, 0x56, 0x2C, 0x0C, 0xBD, 0xC8, 0x62, 0xC8,
    0x5F, 0xFB, 0xA7, 0x87, 0x6F, 0x40, 0x39, 0xA8, 0x3F, 0x61, 0x15, 0x35, 0xFD, 0xC3, 0xCF, 0x6B,
    0x06, 0x45, 0xE8, 0xDA, 0x75, 0xBF, 0xBE, 0xD0, 0xD5, 0x9C, 0x35, 0xDA, 0x9C, 0x0C, 0x83, 0xE6,
    0xC8, 0x57, 0xE2, 0x41, 0x44, 0x1D, 0x86, 0xFA, 0xAE, 0xAC, 0x8F, 0x90, 0x09, 0x6A, 0x6D, 0x80,
    0xEE, 0x71, 0xB5, 0xF6, 0x4C, 0xF0, 0x83, 0xD2, 0x2B, 0x23, 0xEE, 0xD8, 0xE6, 0x8C, 0x4F, 0xFC,
    0xF7, 0xFF, 0x45, 0x99, 0xF0, 0xD2, 0xCA, 0x91, 0x61, 0x6B, 0x0C, 0xDD, 0xF2, 0xCC, 0xDC, 0x71,
    0xE8, 0x89, 0xC5, 0x95, 0x96, 0x3B, 0xFE, 0x79, 0x7F, 0xFD, 0xCC, 0xB9, 0x57, 0xAC, 0xAD, 0xD8,
    0x41, 0x8B, 0xBD, 0x6E, 0x81, 0x57, 0x67, 0x96, 0x11, 0xD9, 0x30, 0x1E, 0x65, 0xC5, 0x5B, 0xC6,
    0xAC, 0xCD, 0x0D, 0xB6, 0x77, 0x2B, 0x72, 0xCA, 0xA6, 0x66, 0x66, 0xDB, 0xFF, 0x1E, 0xDF, 0xAC,
    0x5B, 0x4A, 0x87, 0x6A, 0xC8, 0x26, 0xD5, 0x69, 0x43, 0xB6, 0x57, 0xF8, 0x29, 0x9B, 0x75, 0xCF,
    0x21, 0x4A, 0x64, 0xA5, 0xFD, 0x58, 0xA4, 0x7C, 0x8E, 0xD7, 0x86, 0x77, 0xA9, 0xE0, 0x44, 0xAE,
    0xFB, 0x98, 0xFA, 0x04, 0xB7, 0xEC, 0xE4, 0x01, 0x87, 0x19, 0xFB, 0x11, 0xED, 0x67, 0xCE, 0x53,
    0x4B, 0x64, 0x9B, 0xDB, 0xD8, 0xCA, 0xEC, 0xE3, 0x47, 0x94, 0x4F, 0x1C, 0xB4, 0x3E, 0xE1, 0x3B,
    0xD9, 0xDA, 0xCC, 0xA3, 0x0A, 0x86, 0x6A, 0xA5, 0xE4, 0x07, 0x5B, 0xB2, 0x2D, 0x94, 0x82, 0xFA,
    0x25, 0xAB, 0xD8, 0x90, 0xC5, 0x04, 0xAF, 0x6E, 0x6D, 0xD3, 0xC4, 0x24, 0xEB, 0x0F, 0xE3, 0xEF,
    0x75, 0x1F, 0x5A, 0x81, 0x46, 0xAB, 0x14, 0x66, 0x7F, 0x8F, 0x3A, 0x98, 0x7A, 0xD5, 0x79, 0x1E,
    0xDD, 0x50, 0x88, 0x2E, 0x79, 0xED, 0xAA, 0xCB, 0x1D, 0x2F, 0x83, 0x05, 0x2A, 0xE9, 0xA9, 0x46,
    0xA7, 0x8B, 0x40, 0x1B, 0x0B, 0xE9, 0xF3, 0xA8, 0xDB, 0xF4, 0xB8, 0x0A, 0x49, 0xBE, 0x0B, 0x6C,
    0x55, 0x8C, 0x37, 0xEB, 0xE3, 0x6C, 0x2C, 0xD8, 0x49, 0x89, 0x4C, 0x76, 0x88, 0x75, 0x50, 0x82,
    0x2E, 0xEA, 0xAC, 0x49, 0xB6, 0xB4, 0x32, 0x77, 0xB3, 0x29, 0xBE, 0xB7, 0x8D, 0x6E, 0x6A, 0xE6,
    0xE3, 0x4A, 0x97, 0x6D, 0x71, 0x77, 0xFC, 0xAB, 0xBB, 0xCE, 0xCA, 0x6F, 0x69, 0xB6, 0xED, 0x22,
    0x57, 0x63, 0xE9, 0x17, 0x1C, 0xF4, 0xA2, 0x47, 0x40, 0xFE, 0x7A, 0x7F, 0xFC, 0x50, 0x34, 0x58,
    0x1A, 0x42, 0xBB, 0xFD, 0x03, 0x6D, 0x56, 0xB1, 0x6E, 0xD4, 0x40, 0x10, 0x5D, 0xDB, 0x17, 0x1C,
    0xC9, 0x85, 0x53, 0x00, 0x05, 0x29, 0xFC, 0x09, 0xFE, 0x01, 0x24, 0xBB, 0x82, 0x36, 0x45, 0xAE,
    0x81, 0x22, 0xFC, 0x08, 0xF8, 0x3E, 0x81, 0x3F, 0xA0, 0x49, 0x83, 0x28, 0x68, 0x52, 0x42, 0xF6,
    0x7A, 0x1A, 0x37, 0x54, 0x34, 0x6E, 0x10, 0x45, 0x1A, 0x0B, 0x39, 0x92, 0x09, 0xB6, 0x97, 0x99,
    0x79, 0xB3, 0xB6, 0xEF, 0x84, 0xA5, 0xBB, 0x1B, 0xFB, 0x6E, 0x77, 0xDE, 0xBC, 0x37, 0x6F, 0xF6,
    0x8C, 0x39, 0xB8, 0x9E, 0xBE, 0x37, 0xB6, 0xE1, 0x20, 0x74, 0xEE, 0xA5, 0x1B, 0x38, 0x4A, 0x9D,
    0x73, 0x77, 0x12, 0x15, 0x65, 0xE6, 0xCC, 0x0D, 0x47, 0xA3, 0x09, 0x47, 0xF9, 0x7D, 0x40, 0x5F,
    0xC8, 0x77, 0x26, 0xEA, 0x4C, 0xD8, 0x23, 0x6A, 0xF9, 0x86, 0xAF, 0x78, 0x8E, 0xB2, 0xFB, 0xED,
    0xEB, 0xFB, 0x4B, 0x7E, 0xE4, 0xF8, 0x1A, 0x75, 0x5F, 0x87, 0x14, 0xF9, 0xDE, 0xA4, 0xB5, 0xFC,
    0x2E, 0xDF, 0x99, 0x74, 0x2F, 0x51, 0xB1, 0x33, 0x99, 0x46, 0x25, 0x3F, 0xE6, 0xAB, 0x92, 0x1B,
    0x1F, 0x01, 0xF1, 0xAD, 0xDC, 0x00, 0x94, 0xB1, 0x88, 0x06, 0x79, 0xAC, 0xF0, 0x00, 0x34, 0x5C,
    0x80, 0xF6, 0xF2, 0x58, 0x21, 0x0F, 0x33, 0xE4, 0xFE, 0x08, 0x72, 0xD2, 0xF0, 0x8D, 0x30, 0xB0,
    0x44, 0x35, 0x3F, 0x96, 0x82, 0xD6, 0x90, 0x8F, 0x80, 0x9E, 0x9A, 0x6A, 0x0F, 0x50, 0x45, 0xE9,
    0xC6, 0x17, 0xE0, 0xCE, 0xFD, 0x75, 0xAE, 0x45, 0x54, 0x5B, 0x27, 0x55, 0x24, 0x93, 0x09, 0x2E,
    0x16, 0xEE, 0xCF, 0x27, 0x3C, 0x75, 0x4E, 0xB6, 0x73, 0x9F, 0xDC, 0x4E, 0x52, 0x06, 0x13, 0xDF,
    0x7E, 0x35, 0x41, 0x0B, 0x7C, 0x81, 0xE6, 0xF2, 0xA5, 0xCA, 0x22, 0xE0, 0x33, 0xD5, 0xF7, 0xED,
    0x47, 0xFA, 0xB0, 0x60, 0x56, 0xC8, 0x6E, 0x41, 0x70, 0xBE, 0x07, 0x59, 0x13, 0x0A, 0x97, 0x22,
    0xA9, 0x02, 0x81, 0x5E, 0x81, 0x39, 0x22, 0x43, 0x58, 0xA0, 0x12, 0x45, 0x04, 0xCA, 0x61, 0x91,
    0x43, 0x1E, 0x53, 0x6A, 0x29, 0x39, 0xD7, 0xE2, 0x26, 0x5A, 0xB0, 0x91, 0xCD, 0xD2, 0x86, 0x92,
    0xD0, 0x92, 0xE2, 0x6A, 0xCF, 0x9B, 0x05, 0x9C, 0x9B, 0x9A, 0x21, 0xE6, 0x42, 0x88, 0xBC, 0xB4,
    0xC3, 0x66, 0x1B, 0x55, 0x44, 0xD9, 0x35, 0x4B, 0x1D, 0x67, 0x78, 0x1C, 0x75, 0x59, 0x8D, 0x96,
    0x9B, 0x8C, 0x52, 0x05, 0x8A, 0xFB, 0x83, 0x26, 0xDD, 0x28, 0x5D, 0x82, 0x22, 0xA0, 0x12, 0x65,
    0xCD, 0xC3, 0xE7, 0x09, 0x1B, 0x7A, 0xBE, 0x44, 0x79, 0xDA, 0x58, 0xF6, 0xF6, 0x5A, 0x7B, 0xA5,
    0x13, 0xD5, 0x39, 0xBB, 0xBF, 0x64, 0x6D, 0x89, 0xF4, 0x81, 0x3F, 0x33, 0xE7, 0x7A, 0x81, 0xE6,
    0x5B, 0xD2, 0x37, 0x24, 0xE1, 0xCC, 0xF4, 0x33, 0x57, 0xCA, 0x0A, 0x96, 0xC7, 0x6A, 0x09, 0xBE,
    0x0D, 0x7D, 0x13, 0x0E, 0x60, 0xDA, 0x37, 0xA0, 0x6F, 0x3F, 0x69, 0xBE, 0x8D, 0xBA, 0xE5, 0x39,
    0xE0, 0xFC, 0x19, 0xD0, 0x76, 0xAC, 0x14, 0xE5, 0x8E, 0x94, 0xB5, 0x70, 0x82, 0x42, 0xE6, 0x02,
    0xED, 0xE6, 0x9B, 0x6D, 0x45, 0xDB, 0xA9, 0xB6, 0x7E, 0x51, 0x8E, 0xCA, 0x57, 0x7F, 0xC0, 0x5B,
    0x32, 0x1D, 0x5A, 0xFB, 0x5C, 0x3A, 0x8A, 0xBD, 0x5D, 0x3A, 0xD7, 0xA9, 0xB9, 0x7F, 0x4D, 0x76,
    0x76, 0xF7, 0x2E, 0x1A, 0xD4, 0xDE, 0xC4, 0x69, 0x77, 0xE0, 0x6F, 0x86, 0xEC, 0xC5, 0x5B, 0x1C,
    0xBE, 0xF2, 0x0B, 0x3C, 0xBE, 0x7D, 0xB5, 0xF3, 0x26, 0x77, 0x8C, 0x22, 0x5D, 0x42, 0xE5, 0x54,
    0x4A, 0x01, 0xAD, 0x60, 0x54, 0xFC, 0x23, 0x85, 0xC1, 0x40, 0x52, 0x1B, 0xAC, 0x5E, 0x2C, 0x5E,
    0xB7, 0x8B, 0xD9, 0xA7, 0x85, 0xE8, 0x71, 0xB6, 0xBB, 0x60, 0x03, 0xDD, 0x22, 0x34, 0x18, 0x17,
    0xAD, 0xE1, 0xF8, 0xA8, 0x3B, 0xF3, 0x6D, 0x10, 0xB7, 0x37, 0xBE, 0x13, 0x92, 0xDF, 0xAD, 0x2F,
    0x22, 0x65, 0x90, 0x70, 0x7D, 0xCA, 0x06, 0x85, 0xED, 0x93, 0x7E, 0xF6, 0x7D, 0x50, 0x1E, 0x18,
    0x7F, 0xE5, 0xFC, 0x65, 0x46, 0x2D, 0xDE, 0x5F, 0x99, 0x7F, 0xE5, 0xFE, 0x95, 0xFD, 0x8F, 0xFD,
    0x8F, 0x4B, 0xDC, 0x6D, 0x4E, 0xAE, 0x49, 0x82, 0x1F, 0x92, 0x27, 0x77, 0x5D, 0xAA, 0x6A, 0x15,
    0xCE, 0x7D, 0x78, 0x58, 0xA9, 0x65, 0x9C, 0xE6, 0xB6, 0x4A, 0x20, 0x83, 0x53, 0x7C, 0xF4, 0xE6,
    0xB5, 0x81, 0x5C, 0x2B, 0x82, 0x84, 0xCC, 0xC0, 0x6D, 0xB7, 0x76, 0x5B, 0x72, 0x17, 0x67, 0x22,
    0x51, 0x97, 0xCE, 0x7A, 0x89, 0x17, 0xD4, 0x23, 0x60, 0xB3, 0x5F, 0xA6, 0xEA, 0xB4, 0x0C, 0x62,
    0x94, 0x2D, 0x06, 0x01, 0x2F, 0xB1, 0xCE, 0x28, 0x4A, 0x29, 0xA7, 0x41, 0x88, 0x61, 0xBB, 0x52,
    0x0C, 0xEB, 0x16, 0xF2, 0xB0, 0x2E, 0xF1, 0xF9, 0xDA, 0xB5, 0x64, 0x66, 0xDC, 0xCC, 0xEB, 0xAA,
    0xB8, 0x94, 0x75, 0xDC, 0x2E, 0xDF, 0xEA, 0x79, 0x9D, 0x6B, 0xBC, 0x66, 0x21, 0x87, 0xBA, 0xAE,
    0xAA, 0xB1, 0xEE, 0x56, 0xF9, 0x5C, 0x0E, 0x8E, 0xB5, 0x68, 0xCB, 0x34, 0xDF, 0xC5, 0x83, 0x1F,
    0xF1, 0x63, 0xE4, 0xEE, 0xCF, 0xDB, 0x63, 0xD5, 0x52, 0xD7, 0xE5, 0x6A, 0x2A, 0x63, 0x6B, 0xF3,
    0xC4, 0xFC, 0xE7, 0x0A, 0xFC, 0x0F, 0x52, 0xA7, 0x8E, 0x28, 0xEE, 0x7A, 0x7F, 0x48, 0xB5, 0xF3,
    0xB8, 0x7E, 0x63, 0xC0, 0x4B, 0xD8, 0xAA, 0xAB, 0xA2, 0x56, 0x8D, 0x14, 0x37, 0x3A, 0xCA, 0x81,
    0x8A, 0xFC, 0x74, 0xF5, 0xF3, 0x52, 0x66, 0x13, 0xC6, 0xB9, 0xCA, 0x04, 0x27, 0xC9, 0xF4, 0x99,
    0xED, 0x32, 0x9B, 0x85, 0x83, 0xCA, 0x1F, 0x91, 0x38, 0x0E, 0xAD, 0x3F, 0x0D, 0x6F, 0xFD, 0x61,
    0x38, 0x7A, 0x53, 0xEB, 0x70, 0xE4, 0x77, 0x9C, 0x84, 0xFE, 0x08, 0xE0, 0x77, 0x82, 0x56, 0xEB,
    0x59, 0xC1, 0xC8, 0x08, 0x66, 0xDC, 0xF1, 0xEC, 0x93, 0x59, 0xC5, 0x2D, 0x2C, 0xC3, 0x6A, 0xC4,
    0x01, 0x89, 0xE2, 0xB9, 0x83, 0x1E, 0x9B, 0xD5, 0xBC, 0x9A, 0x07, 0x96, 0xE7, 0xDF, 0x8F, 0xAC,
    0x79, 0x66, 0xCD, 0x43, 0x6B, 0x9E, 0x5A, 0x87, 0x63, 0xCB, 0x6C, 0xAF, 0x75, 0x66, 0xC9, 0x96,
    0x16, 0xD3, 0x3E, 0x69, 0x02, 0x59, 0xF5, 0x16, 0x5C, 0x11, 0x97, 0xB2, 0x3F, 0x75, 0x22, 0x97,
    0xF1, 0xCC, 0x9A, 0x84, 0xFE, 0x6D, 0x24, 0xD4, 0xC7, 0xCC, 0x17, 0x89, 0x58, 0xD1, 0xF2, 0xB4,
    0x49, 0x76, 0x31, 0xB1, 0xF7, 0x0E, 0xF8, 0xA4, 0x3F, 0x2D, 0x8E, 0x4E, 0xAE, 0x39, 0xEB, 0x80,
    0xBF, 0xE8, 0xF0, 0xDF, 0xA2, 0xD0, 0xFF, 0x09, 0xF9, 0x80, 0x1C, 0x59, 0x8F, 0x1C, 0x59, 0x0B,
    0x16, 0xB3, 0x9A, 0x3B, 0xE6, 0x82, 0x9D, 0xB8, 0x7F, 0x14, 0xD7, 0x94, 0xD8, 0x9A, 0x2F, 0x79,
    0x1D, 0x37, 0xD1, 0x90, 0x35, 0xF6, 0xC1, 0xB2, 0x6E, 0x9C, 0x9A, 0x64, 0x6B, 0x8C, 0x1D, 0x71,
    0x8A, 0x9D, 0x18, 0x79, 0xFD, 0x03, 0x4D, 0x90, 0xB1, 0x11, 0x83, 0x30, 0x10, 0x04, 0x0F, 0x12,
    0x02, 0x02, 0x27, 0xCE, 0x95, 0x3A, 0xA3, 0x04, 0xA8, 0xC2, 0xDD, 0x78, 0xAC, 0x2E, 0x5C, 0x83,
    0x9B, 0x30, 0x94, 0x80, 0x3B, 0x50, 0xEE, 0xC4, 0x01, 0x01, 0x01, 0xD2, 0xF9, 0x4F, 0x82, 0x19,
    0x2B, 0x78, 0xED, 0xCC, 0xAF, 0x4E, 0xD2, 0x03, 0x7F, 0xEB, 0x72, 0xC0, 0x6B, 0xDF, 0x6B, 0xFA,
    0x02, 0x2D, 0x43, 0x81, 0x8E, 0xEB, 0xAE, 0x5C, 0x53, 0x51, 0x02, 0xBA, 0x2C, 0xB5, 0x13, 0x9A,
    0x2C, 0x75, 0x13, 0xAA, 0x2C, 0x8D, 0xEF, 0x67, 0x4E, 0xAA, 0x49, 0xCE, 0xBD, 0x57, 0x0A, 0xF9,
    0xED, 0x82, 0x52, 0xC8, 0xD5, 0x99, 0x34, 0x1A, 0x6C, 0xA7, 0x94, 0x15, 0x03, 0x7A, 0x29, 0x5C,
    0x1C, 0x83, 0x94, 0x34, 0x38, 0xAE, 0x77, 0x03, 0x8F, 0x9E, 0xD1, 0x51, 0x77, 0x5B, 0xB7, 0x11,
    0x58, 0x99, 0x2B, 0x81, 0x45, 0x0C, 0xB8, 0x73, 0xB3, 0x93, 0x11, 0x70, 0x4A, 0xE1, 0x02, 0xEB,
    0x47, 0x83, 0x19, 0xA8, 0x98, 0x9C, 0x14, 0x40, 0x49, 0x51, 0x0F, 0x73, 0xFC, 0x48, 0x91, 0x04,
    0x29, 0x26, 0x25, 0x64, 0xC5, 0x24, 0xC4, 0xF2, 0x41, 0xF7, 0x58, 0x0A, 0x34, 0x45, 0x51, 0xD2,
    0xB0, 0xCF, 0xE5, 0x76, 0x0C, 0xEA, 0xAC, 0xF2, 0x03,
};

static const EpdGlyph bookerly_18_italicGlyphs[] = {
    { 0, 0, 0, 0, 0, 0, 0 }, // U+0000
    { 0, 0, 0, 0, 0, 0, 0 }, // U+0008
    { 0, 0, 129, 0, 0, 0, 0 }, // U+0009
    { 0, 0, 129, 0, 0, 0, 0 }, // U+000D
    { 0, 0, 0, 0, 0, 0, 0 }, // U+001D
    { 0, 0, 129, 0, 0, 0, 0 }, // U+0020
    { 10, 30, 182, 2, 29, 75, 0 }, // !
    { 13, 13, 226, 2, 28, 43, 75 }, // "
    { 24, 24, 374, 0, 22, 144, 118 }, // #
    { 21, 39, 374, 1, 31, 205, 262 }, // $
    { 33, 30, 581, 2, 28, 248, 467 }, // %
    { 31, 30, 543, 2, 28, 233, 715 }, // &
    { 6, 13, 122, 2, 28, 20, 948 }, // '
    { 17, 39, 236, 1, 31, 166, 968 }, // (
    { 17, 39, 236, -3, 31, 166, 1134 }, // )
    { 13, 13, 228, 2, 28, 43, 1300 }, // *
    { 17, 18, 374, 3, 22, 77, 1343 }, // +
    { 9, 12, 182, -1, 5, 27, 1420 }, // ,
    { 12, 4, 224, 1, 12, 12, 1447 }, // -
    { 6, 6, 182, 2, 5, 9, 1459 }, // .
    { 21, 30, 299, -1, 28, 158, 1468 }, // /
    { 22, 28, 374, 1, 27, 154, 1626 }, // 0
    { 15, 27, 374, 3, 27, 102, 1780 }, // 1
    { 22, 27, 374, 0, 27, 149, 1882 }, // 2
    { 21, 28, 374, 0, 27, 147, 2031 }, // 3
    { 22, 27, 374, 0, 27, 149, 2178 }, // 4
    { 21, 27, 374, 1, 26, 142, 2327 }, // 5
    { 22, 28, 374, 2, 27, 154, 2469 }, // 6
    { 19, 27, 374, 5, 26, 129, 2623 }, // 7
    { 21, 28, 374, 1, 27, 147, 2752 }, // 8
    { 22, 28, 374, 0, 27, 154, 2899 }, // 9
    { 9, 21, 182, 2, 20, 48, 3053 }, // :
    { 12, 27, 182, -1, 20, 81, 3101 }, // ;
    { 17, 18, 374, 3, 22, 77, 3182 }, // <
    { 17, 10, 374, 3, 18, 43, 3259 }, // =
    { 17, 18, 374, 3, 22, 77, 3302 }, // >
    { 13, 29, 249, 3, 28, 95, 3379 }, // ?
    { 34, 34, 583, 2, 26, 289, 3474 }, // @
    { 29, 28, 439, -3, 28, 203, 3763 }, // A
    { 23, 28, 372, -1, 27, 161, 3966 }, // B
    { 23, 28, 386, 1, 27, 161, 4127 }, // C
    { 28, 28, 436, -1, 27, 196, 4288 }, // D
    { 24, 27, 368, -1, 27, 162, 4484 }, // E
    { 23, 27, 332, -1, 27, 156, 4646 }, // F
    { 24, 28, 426, 1, 27, 168, 4802 }, // G
    { 33, 27, 481, -1, 27, 223, 4970 }, // H
    { 17, 27, 224, -1, 27, 115, 5193 }, // I
    { 23, 35, 212, -7, 27, 202, 5308 }, // J
    { 29, 28, 420, -1, 27, 203, 5510 }, // K
    { 22, 27, 347, -1, 27, 149, 5713 }, // L
    { 36, 27, 544, -2, 27, 243, 5862 }, // M
    { 32, 28, 458, -1, 27, 224, 6105 }, // N
    { 26, 28, 443, 1, 27, 182, 6329 }, // O
    { 23, 27, 355, -1, 27, 156, 6511 }, // P
    { 32, 36, 443, 1, 27, 288, 6667 }, // Q
    { 25, 28, 389, -1, 27, 175, 6955 }, // R
    { 20, 28, 320, 0, 27, 140, 7130 }, // S
    { 23, 27, 383, 3, 27, 156, 7270 }, // T
    { 28, 28, 460, 3, 27, 196, 7426 }, // U
    { 28, 28, 425, 2, 27, 196, 7622 }, // V
    { 39, 28, 625, 3, 27, 273, 7818 }, // W
    { 30, 27, 403, -3, 27, 203, 8091 }, // X
    { 25, 27, 388, 2, 27, 169, 8294 }, // Y
    { 23, 28, 350, -1, 27, 161, 8463 }, // Z
    { 16, 36, 189, -2, 30, 144, 8624 }, // [
    { 15, 30, 299, 2, 28, 113, 8768 }, // <backslash>
    { 16, 36, 189, -2, 30, 144, 8881 }, // ]
    { 18, 18, 374, 3, 25, 81, 9025 }, // ^
    { 19, 4, 300, 0, -1, 19, 9106 }, // _
    { 8, 9, 370, 8, 31, 18, 9125 }, // `
    { 21, 21, 350, 1, 20, 111, 9143 }, // a
    { 20, 31, 332, 0, 30, 155, 9254 }, // b
    { 15, 21, 266, 1, 20, 79, 9409 }, // c
    { 21, 31, 352, 1, 30, 163, 9488 }, // d
    { 16, 21, 283, 1, 20, 84, 9651 }, // e
    { 27, 39, 247, -7, 30, 264, 9735 }, // f
    { 25, 29, 296, -4, 20, 182, 9999 }, // g
    { 21, 31, 358, 1, 30, 163, 10181 }, // h
    { 11, 31, 195, 2, 30, 86, 10344 }, // i
    { 19, 39, 172, -7, 30, 186, 10430 }, // j
    { 19, 31, 318, 1, 30, 148, 10616 }, // k
    { 10, 31, 184, 1, 30, 78, 10764 }, // l
    { 32, 21, 535, 1, 20, 168, 10842 }, // m
    { 22, 21, 370, 1, 20, 116, 11010 }, // n
    { 19, 21, 326, 1, 20, 100, 11126 }, // o
    { 24, 29, 344, -3, 20, 174, 11226 }, // p
    { 20, 29, 332, 1, 20, 145, 11400 }, // q
    { 16, 20, 257, 1, 20, 80, 11545 }, // r
    { 15, 21, 248, 0, 20, 79, 11625 }, // s
    { 14, 26, 235, 1, 25, 91, 11704 }, // t
    { 22, 21, 367, 1, 20, 116, 11795 }, // u
    { 19, 21, 310, 0, 20, 100, 11911 }, // v
    { 29, 21, 464, 0, 20, 153, 12011 }, // w
    { 23, 21, 335, -1, 20, 121, 12164 }, // x
    { 24, 29, 321, -4, 20, 174, 12285 }, // y
    { 18, 21, 283, 0, 20, 95, 12459 }, // z
    { 14, 38, 236, 2, 31, 133, 12554 }, // {
    { 11, 34, 173, 0, 29, 94, 12687 }, // |
    { 15, 38, 236, -2, 31, 143, 12781 }, // }
    { 18, 7, 374, 3, 16, 32, 12924 }, // ~
    { 0, 0, 129, 0, 0, 0, 0 }, // U+00A0
    { 11, 30, 182, -1, 21, 83, 0 }, // U+00A1
    { 18, 38, 374, 3, 30, 171, 83 }, // U+00A2
    { 24, 28, 374, -1, 27, 168, 254 }, // U+00A3
    { 24, 18, 374, 0, 22, 108, 422 }, // U+00A4
    { 25, 26, 374, 1, 26, 163, 530 }, // U+00A5
    { 11, 34, 173, 0, 29, 94, 693 }, // U+00A6
    { 17, 31, 298, 0, 27, 132, 787 }, // U+00A7
    { 13, 6, 370, 5, 29, 20, 919 }, // U+00A8
    { 28, 28, 469, 1, 27, 196, 939 }, // U+00A9
    { 15, 18, 259, 1, 27, 68, 1135 }, // U+00AA
    { 18, 15, 309, 1, 17, 68, 1203 }, // U+00AB
    { 17, 9, 374, 3, 18, 39, 1271 }, // U+00AC
    { 12, 4, 224, 1, 12, 12, 1310 }, // U+00AD
    { 20, 21, 349, 1, 30, 105, 1322 }, // U+00AE
    { 13, 3, 370, 5, 27, 10, 1427 }, // U+00AF
    { 14, 13, 317, 3, 27, 46, 1437 }, // U+00B0
    { 17, 23, 374, 3, 23, 98, 1483 }, // U+00B1
    { 15, 18, 268, 1, 32, 68, 1581 }, // U+00B2
    { 14, 19, 268, 1, 32, 67, 1649 }, // U+00B3
    { 8, 10, 370, 8, 32, 20, 1716 }, // U+00B4
    { 24, 30, 358, -1, 20, 180, 1736 }, // U+00B5
    { 24, 33, 353, -1, 27, 198, 1916 }, // U+00B6
    { 6, 7, 182, 3, 14, 11, 2114 }, // U+00B7
    { 9, 9, 370, 7, -1, 21, 2125 }, // U+00B8
    { 10, 18, 268, 3, 32, 45, 2146 }, // U+00B9
    { 14, 18, 265, 2, 27, 63, 2191 }, // U+00BA
    { 19, 15, 309, 0, 17, 72, 2254 }, // U+00BB
    { 37, 30, 646, 3, 28, 278, 2326 }, // U+00BC
    { 36, 30, 646, 3, 28, 270, 2604 }, // U+00BD
    { 39, 30, 646, 1, 28, 293, 2874 }, // U+00BE
    { 13, 29, 249, 0, 21, 95, 3167 }, // U+00BF
    { 29, 37, 439, -3, 37, 269, 3262 }, // U+00C0
    { 29, 37, 439, -3, 37, 269, 3531 }, // U+00C1
    { 29, 37, 439, -3, 37, 269, 3800 }, // U+00C2
    { 29, 36, 439, -3, 36, 261, 4069 }, // U+00C3
    { 29, 35, 439, -3, 35, 254, 4330 }, // U+00C4
    { 29, 38, 439, -3, 38, 276, 4584 }, // U+00C5
    { 37, 27, 539, -3, 27, 250, 4860 }, // U+00C6
    { 23, 37, 386, 1, 27, 213, 5110 }, // U+00C7
    { 24, 37, 368, -1, 37, 222, 5323 }, // U+00C8
    { 24, 37, 368, -1, 37, 222, 5545 }, // U+00C9
    { 24, 37, 368, -1, 37, 222, 5767 }, // U+00CA
    { 24, 35, 368, -1, 35, 210, 5989 }, // U+00CB
    { 17, 37, 224, -1, 37, 158, 6199 }, // U+00CC
    { 18, 37, 224, -1, 37, 167, 6357 }, // U+00CD
    { 19, 37, 224, -1, 37, 176, 6524 }, // U+00CE
    { 19, 35, 224, -1, 35, 167, 6700 }, // U+00CF
    { 28, 28, 436, -1, 27, 196, 6867 }, // U+00D0
    { 32, 37, 458, -1, 36, 296, 7063 }, // U+00D1
    { 26, 38, 443, 1, 37, 247, 7359 }, // U+00D2
    { 26, 38, 443, 1, 37, 247, 7606 }, // U+00D3
    { 26, 38, 443, 1, 37, 247, 7853 }, // U+00D4
    { 26, 37, 443, 1, 36, 241, 8100 }, // U+00D5
    { 26, 36, 443, 1, 35, 234, 8341 }, // U+00D6
    { 16, 16, 374, 4, 21, 64, 8575 }, // U+00D7
    { 30, 28, 443, -1, 27, 210, 8639 }, // U+00D8
    { 28, 38, 460, 3, 37, 266, 8849 }, // U+00D9
    { 28, 38, 460, 3, 37, 266, 9115 }, // U+00DA
    { 28, 38, 460, 3, 37, 266, 9381 }, // U+00DB
    { 28, 36, 460, 3, 35, 252, 9647 }, // U+00DC
    { 25, 37, 388, 2, 37, 232, 9899 }, // U+00DD
    { 23, 27, 355, -1, 27, 156, 10131 }, // U+00DE
    { 29, 39, 385, -6, 30, 283, 10287 }, // U+00DF
    { 21, 32, 350, 1, 31, 168, 10570 }, // U+00E0
    { 21, 33, 350, 1, 32, 174, 10738 }, // U+00E1
    { 21, 32, 350, 1, 31, 168, 10912 }, // U+00E2
    { 21, 31, 350, 1, 30, 163, 11080 }, // U+00E3
    { 21, 30, 350, 1, 29, 158, 11243 }, // U+00E4
    { 21, 33, 350, 1, 32, 174, 11401 }, // U+00E5
    { 28, 21, 463, 1, 20, 147, 11575 }, // U+00E6
    { 15, 30, 266, 1, 20, 113, 11722 }, // U+00E7
    { 16, 32, 283, 1, 31, 128, 11835 }, // U+00E8
    { 17, 33, 283, 1, 32, 141, 11963 }, // U+00E9
    { 17, 32, 283, 1, 31, 136, 12104 }, // U+00EA
    { 18, 30, 283, 1, 29, 135, 12240 }, // U+00EB
    { 10, 32, 199, 2, 31, 80, 12375 }, // U+00EC
    { 13, 33, 199, 2, 32, 108, 12455 }, // U+00ED
    { 13, 32, 199, 2, 31, 104, 12563 }, // U+00EE
    { 14, 30, 199, 2, 29, 105, 12667 }, // U+00EF
    { 19, 32, 326, 1, 31, 152, 12772 }, // U+00F0
    { 22, 31, 370, 1, 30, 171, 12924 }, // U+00F1
    { 19, 32, 326, 1, 31, 152, 13095 }, // U+00F2
    { 19, 33, 326, 1, 32, 157, 13247 }, // U+00F3
    { 19, 32, 326, 1, 31, 152, 13404 }, // U+00F4
    { 19, 31, 326, 1, 30, 148, 13556 }, // U+00F5
    { 20, 30, 326, 1, 29, 150, 13704 }, // U+00F6
    { 17, 18, 374, 3, 22, 77, 13854 }, // U+00F7
    { 24, 22, 326, -2, 21, 132, 13931 }, // U+00F8
    { 22, 32, 367, 1, 31, 176, 14063 }, // U+00F9
    { 22, 33, 367, 1, 32, 182, 14239 }, // U+00FA
    { 22, 32, 367, 1, 31, 176, 14421 }, // U+00FB
    { 22, 30, 367, 1, 29, 165, 14597 }, // U+00FC
    { 24, 41, 321, -4, 32, 246, 14762 }, // U+00FD
    { 23, 39, 332, -3, 30, 225, 15008 }, // U+00FE
    { 24, 38, 321, -4, 29, 228, 15233 }, // U+00FF
    { 29, 34, 439, -3, 34, 247, 0 }, // U+0100
    { 21, 28, 350, 1, 27, 147, 247 }, // U+0101
    { 29, 36, 439, -3, 36, 261, 394 }, // U+0102
    { 21, 31, 350, 1, 30, 163, 655 }, // U+0103
    { 29, 36, 439, -3, 28, 261, 818 }, // U+0104
    { 21, 28, 350, 1, 20, 147, 1079 }, // U+0105
    { 23, 38, 386, 1, 37, 219, 1226 }, // U+0106
    { 17, 33, 266, 1, 32, 141, 1445 }, // U+0107
    { 23, 38, 386, 1, 37, 219, 1586 }, // U+0108
    { 17, 32, 266, 1, 31, 136, 1805 }, // U+0109
    { 23, 37, 386, 1, 36, 213, 1941 }, // U+010A
    { 15, 30, 266, 1, 29, 113, 2154 }, // U+010B
    { 24, 38, 386, 1, 37, 228, 2267 }, // U+010C
    { 19, 32, 266, 1, 31, 152, 2495 }, // U+010D
    { 28, 38, 436, -1, 37, 266, 2647 }, // U+010E
    { 28, 34, 367, 1, 33, 238, 2913 }, // U+010F
    { 28, 28, 436, -1, 27, 196, 3151 }, // U+0110
    { 23, 31, 352, 1, 30, 179, 3347 }, // U+0111
    { 24, 34, 368, -1, 34, 204, 3526 }, // U+0112
    { 18, 28, 283, 1, 27, 126, 3730 }, // U+0113
    { 24, 36, 368, -1, 36, 216, 3856 }, // U+0114
    { 18, 31, 283, 1, 30, 140, 4072 }, // U+0115
    { 24, 36, 368, -1, 36, 216, 4212 }, // U+0116
    { 16, 30, 283, 1, 29, 120, 4428 }, // U+0117
    { 24, 35, 368, -1, 27, 210, 4548 }, // U+0118
    { 16, 28, 283, 1, 20, 112, 4758 }, // U+0119
    { 25, 37, 368, -1, 37, 232, 4870 }, // U+011A
    { 19, 32, 283, 1, 31, 152, 5102 }, // U+011B
    { 24, 38, 426, 2, 37, 228, 5254 }, // U+011C
    { 25, 40, 296, -4, 31, 250, 5482 }, // U+011D
    { 24, 37, 426, 2, 36, 222, 5732 }, // U+011E
    { 25, 39, 296, -4, 30, 244, 5954 }, // U+011F
    { 24, 37, 426, 2, 36, 222, 6198 }, // U+0120
    { 25, 38, 296, -4, 29, 238, 6420 }, // U+0121
    { 24, 37, 426, 2, 27, 222, 6658 }, // U+0122
    { 25, 41, 296, -4, 32, 257, 6880 }, // U+0123
    { 33, 37, 481, -1, 37, 306, 7137 }, // U+0124
    { 21, 40, 358, 1, 39, 210, 7443 }, // U+0125
    { 33, 27, 481, -1, 27, 223, 7653 }, // U+0126
    { 21, 31, 358, 1, 30, 163, 7876 }, // U+0127
    { 18, 36, 224, -1, 36, 162, 8039 }, // U+0128
    { 14, 31, 199, 2, 30, 109, 8201 }, // U+0129
    { 18, 34, 224, -1, 34, 153, 8310 }, // U+012A
    { 14, 28, 199, 2, 27, 98, 8463 }, // U+012B
    { 19, 36, 224, -1, 36, 171, 8561 }, // U+012C
    { 14, 31, 199, 2, 30, 109, 8732 }, // U+012D
    { 17, 35, 224, -1, 27, 149, 8841 }, // U+012E
    { 12, 38, 195, 1, 30, 114, 8990 }, // U+012F
    { 17, 36, 224, -1, 36, 153, 9104 }, // U+0130
    { 9, 21, 195, 2, 20, 48, 9257 }, // U+0131
    { 31, 35, 436, -1, 27, 272, 9305 }, // U+0132
    { 23, 39, 367, 2, 30, 225, 9577 }, // U+0133
    { 25, 45, 212, -7, 37, 282, 9802 }, // U+0134
    { 22, 40, 172, -7, 31, 220, 10084 }, // U+0135
    { 29, 37, 420, -1, 27, 269, 10304 }, // U+0136
    { 19, 40, 318, 1, 30, 190, 10573 }, // U+0137
    { 19, 21, 325, 1, 20, 100, 10763 }, // U+0138
    { 22, 37, 347, -1, 37, 204, 10863 }, // U+0139
    { 14, 40, 184, 1, 39, 140, 11067 }, // U+013A
    { 22, 37, 347, -1, 27, 204, 11207 }, // U+013B
    { 12, 40, 184, -1, 30, 120, 11411 }, // U+013C
    { 23, 30, 347, -1, 30, 173, 11531 }, // U+013D
    { 17, 34, 202, 1, 33, 145, 11704 }, // U+013E
    { 23, 27, 351, -1, 27, 156, 11849 }, // U+013F
    { 16, 31, 244, 1, 30, 124, 12005 }, // U+0140
    { 22, 27, 347, -1, 27, 149, 12129 }, // U+0141
    { 14, 31, 184, -1, 30, 109, 12278 }, // U+0142
    { 32, 38, 458, -1, 37, 304, 12387 }, // U+0143
    { 22, 33, 370, 1, 32, 182, 12691 }, // U+0144
    { 32, 37, 458, -1, 27, 296, 12873 }, // U+0145
    { 22, 30, 370, 1, 20, 165, 13169 }, // U+0146
    { 32, 38, 458, -1, 37, 304, 13334 }, // U+0147
    { 22, 32, 370, 1, 31, 176, 13638 }, // U+0148
    { 29, 30, 496, 2, 29, 218, 13814 }, // U+0149
    { 32, 35, 458, -1, 27, 280, 14032 }, // U+014A
    { 20, 29, 348, 1, 20, 145, 14312 }, // U+014B
    { 26, 35, 443, 1, 34, 228, 14457 }, // U+014C
    { 19, 28, 326, 1, 27, 133, 14685 }, // U+014D
    { 26, 37, 443, 1, 36, 241, 14818 }, // U+014E
    { 20, 31, 326, 1, 30, 155, 15059 }, // U+014F
    { 28, 38, 443, 1, 37, 266, 15214 }, // U+0150
    { 21, 32, 326, 1, 31, 168, 15480 }, // U+0151
    { 36, 28, 580, 1, 27, 252, 15648 }, // U+0152
    { 29, 21, 490, 1, 20, 153, 15900 }, // U+0153
    { 25, 38, 389, -1, 37, 238, 16053 }, // U+0154
    { 17, 32, 257, 1, 32, 136, 16291 }, // U+0155
    { 25, 37, 389, -1, 27, 232, 16427 }, // U+0156
    { 18, 30, 257, -1, 20, 135, 16659 }, // U+0157
    { 25, 38, 389, -1, 37, 238, 16794 }, // U+0158
    { 18, 31, 257, 1, 31, 140, 17032 }, // U+0159
    { 20, 38, 320, 0, 37, 190, 17172 }, // U+015A
    { 17, 33, 248, 0, 32, 141, 17362 }, // U+015B
    { 20, 38, 320, 0, 37, 190, 17503 }, // U+015C
    { 17, 32, 248, 0, 31, 136, 17693 }, // U+015D
    { 20, 37, 320, 0, 27, 185, 17829 }, // U+015E
    { 15, 30, 248, 0, 20, 113, 18014 }, // U+015F
    { 21, 38, 320, 0, 37, 200, 18127 }, // U+0160
    { 18, 32, 248, 0, 31, 144, 18327 }, // U+0161
    { 23, 37, 383, 3, 27, 213, 18471 }, // U+0162
    { 15, 35, 235, 0, 25, 132, 18684 }, // U+0163
    { 23, 37, 383, 3, 37, 213, 18816 }, // U+0164
    { 16, 32, 235, 1, 31, 128, 19029 }, // U+0165
    { 23, 27, 383, 3, 27, 156, 19157 }, // U+0166
    { 15, 26, 235, 0, 25, 98, 19313 }, // U+0167
    { 28, 37, 460, 3, 36, 259, 19411 }, // U+0168
    { 22, 31, 367, 1, 30, 171, 19670 }, // U+0169
    { 28, 35, 460, 3, 34, 245, 19841 }, // U+016A
    { 22, 28, 367, 1, 27, 154, 20086 }, // U+016B
    { 28, 37, 460, 3, 36, 259, 20240 }, // U+016C
    { 22, 31, 367, 1, 30, 171, 20499 }, // U+016D
    { 28, 39, 460, 3, 38, 273, 20670 }, // U+016E
    { 22, 33, 367, 1, 32, 182, 20943 }, // U+016F
    { 28, 38, 460, 3, 37, 266, 21125 }, // U+0170
    { 22, 32, 367, 1, 31, 176, 21391 }, // U+0171
    { 28, 35, 460, 3, 27, 245, 21567 }, // U+0172
    { 22, 28, 367, 1, 20, 154, 21812 }, // U+0173
    { 39, 38, 625, 3, 37, 371, 21966 }, // U+0174
    { 29, 32, 464, 0, 31, 232, 22337 }, // U+0175
    { 25, 37, 388, 2, 37, 232, 22569 }, // U+0176
    { 24, 40, 321, -4, 31, 240, 22801 }, // U+0177
    { 25, 35, 388, 2, 35, 219, 23041 }, // U+0178
    { 23, 38, 350, -1, 37, 219, 23260 }, // U+0179
    { 18, 33, 283, 0, 32, 149, 23479 }, // U+017A
    { 23, 37, 350, -1, 36, 213, 23628 }, // U+017B
    { 18, 30, 283, 0, 29, 135, 23841 }, // U+017C
    { 23, 38, 350, -1, 37, 219, 23976 }, // U+017D
    { 18, 32, 283, 0, 31, 144, 24195 }, // U+017E
    { 27, 39, 247, -7, 30, 264, 24339 }, // U+017F
    { 20, 31, 332, 0, 30, 155, 0 }, // U+0180
    { 23, 28, 404, 1, 27, 161, 155 }, // U+0181
    { 30, 34, 386, 1, 33, 255, 316 }, // U+0187
    { 24, 28, 266, 1, 27, 168, 571 }, // U+0188
    { 28, 28, 436, -1, 27, 196, 739 }, // U+0189
    { 28, 28, 467, 1, 27, 196, 935 }, // U+018A
    { 25, 27, 356, -1, 27, 169, 1131 }, // U+018E
    { 23, 28, 377, 0, 27, 161, 1300 }, // U+018F
    { 29, 35, 337, -7, 27, 254, 1461 }, // U+0191
    { 27, 39, 247, -7, 30, 264, 1715 }, // U+0192
    { 31, 34, 426, 1, 33, 264, 1979 }, // U+0193
    { 17, 27, 224, -1, 27, 115, 2243 }, // U+0197
    { 31, 28, 420, -1, 27, 217, 2358 }, // U+0198
    { 18, 31, 310, 1, 30, 140, 2575 }, // U+0199
    { 11, 31, 184, 1, 30, 86, 2715 }, // U+019A
    { 30, 33, 443, 1, 32, 248, 2801 }, // U+01A0
    { 22, 25, 326, 1, 24, 138, 3049 }, // U+01A1
    { 23, 27, 387, 1, 27, 156, 3187 }, // U+01A4
    { 24, 39, 344, -3, 30, 234, 3343 }, // U+01A5
    { 14, 34, 235, 1, 25, 119, 3577 }, // U+01AB
    { 24, 27, 383, 2, 27, 162, 3696 }, // U+01AC
    { 18, 31, 235, 1, 30, 140, 3858 }, // U+01AD
    { 23, 35, 383, 3, 27, 202, 3998 }, // U+01AE
    { 30, 33, 460, 3, 32, 248, 4200 }, // U+01AF
    { 25, 25, 367, 1, 24, 157, 4448 }, // U+01B0
    { 23, 28, 425, 2, 27, 161, 4605 }, // U+01B2
    { 28, 27, 388, 2, 27, 189, 4766 }, // U+01B3
    { 35, 39, 365, -4, 30, 342, 4955 }, // U+01B4
    { 23, 28, 350, -1, 27, 161, 5297 }, // U+01B5
    { 18, 21, 283, 0, 20, 95, 5458 }, // U+01B6
    { 23, 28, 343, -1, 27, 161, 5553 }, // U+01B7
    { 21, 31, 364, -1, 30, 163, 5714 }, // U+01BB
    { 12, 30, 190, 0, 30, 90, 5877 }, // U+01C0
    { 20, 30, 314, 0, 30, 150, 5967 }, // U+01C1
    { 15, 30, 209, -1, 30, 113, 6117 }, // U+01C2
    { 10, 30, 182, 2, 29, 75, 6230 }, // U+01C3
    { 52, 38, 813, -1, 37, 494, 6305 }, // U+01C4
    { 48, 32, 740, -1, 31, 384, 6799 }, // U+01C5
    { 41, 32, 665, 1, 31, 328, 7183 }, // U+01C6
    { 39, 35, 562, -1, 27, 342, 7511 }, // U+01C7
    { 35, 39, 512, -1, 30, 342, 7853 }, // U+01C8
    { 23, 39, 356, 1, 30, 225, 8195 }, // U+01C9
    { 46, 35, 673, -1, 27, 403, 8420 }, // U+01CA
    { 42, 39, 632, -1, 30, 410, 8823 }, // U+01CB
    { 35, 39, 541, 1, 30, 342, 9233 }, // U+01CC
    { 29, 37, 439, -3, 37, 269, 9575 }, // U+01CD
    { 21, 32, 350, 1, 31, 168, 9844 }, // U+01CE
    { 20, 37, 224, -1, 37, 185, 10012 }, // U+01CF
    { 15, 32, 199, 2, 31, 120, 10197 }, // U+01D0
    { 26, 38, 443, 1, 37, 247, 10317 }, // U+01D1
    { 20, 32, 326, 1, 31, 160, 10564 }, // U+01D2
    { 28, 38, 460, 3, 37, 266, 10724 }, // U+01D3
    { 22, 32, 367, 1, 31, 176, 10990 }, // U+01D4
    { 28, 41, 460, 3, 40, 287, 11166 }, // U+01D5
    { 22, 36, 367, 1, 35, 198, 11453 }, // U+01D6
    { 28, 41, 460, 3, 40, 287, 11651 }, // U+01D7
    { 22, 38, 367, 1, 37, 209, 11938 }, // U+01D8
    { 28, 41, 460, 3, 40, 287, 12147 }, // U+01D9
    { 22, 38, 367, 1, 37, 209, 12434 }, // U+01DA
    { 28, 41, 460, 3, 40, 287, 12643 }, // U+01DB
    { 22, 38, 367, 1, 37, 209, 12930 }, // U+01DC
    { 16, 21, 289, 1, 20, 84, 13139 }, // U+01DD
    { 29, 40, 439, -3, 40, 290, 13223 }, // U+01DE
    { 21, 36, 350, 1, 35, 189, 13513 }, // U+01DF
    { 29, 40, 439, -3, 40, 290, 13702 }, // U+01E0
    { 21, 36, 350, 1, 35, 189, 13992 }, // U+01E1
    { 37, 34, 539, -3, 34, 315, 14181 }, // U+01E2
    { 28, 28, 463, 1, 27, 196, 14496 }, // U+01E3
    { 25, 28, 426, 1, 27, 175, 14692 }, // U+01E4
    { 27, 29, 296, -6, 20, 196, 14867 }, // U+01E5
    { 24, 38, 426, 2, 37, 228, 15063 }, // U+01E6
    { 25, 40, 296, -4, 31, 250, 15291 }, // U+01E7
    { 29, 38, 420, -1, 37, 276, 15541 }, // U+01E8
    { 19, 41, 318, 1, 40, 195, 15817 }, // U+01E9
    { 26, 35, 443, 1, 27, 228, 16012 }, // U+01EA
    { 19, 28, 326, 1, 20, 133, 16240 }, // U+01EB
    { 26, 42, 443, 1, 34, 273, 16373 }, // U+01EC
    { 19, 35, 326, 1, 27, 167, 16646 }, // U+01ED
    { 24, 38, 343, -1, 37, 228, 16813 }, // U+01EE
    { 23, 40, 309, -3, 31, 230, 17041 }, // U+01EF
    { 23, 40, 172, -7, 31, 230, 17271 }, // U+01F0
    { 51, 28, 791, -1, 27, 357, 17501 }, // U+01F1
    { 47, 28, 721, -1, 27, 329, 17858 }, // U+01F2
    { 39, 31, 635, 1, 30, 303, 18187 }, // U+01F3
    { 24, 38, 426, 2, 37, 228, 18490 }, // U+01F4
    { 25, 41, 296, -4, 32, 257, 18718 }, // U+01F5
    { 32, 38, 458, -1, 37, 304, 18975 }, // U+01F8
    { 22, 32, 370, 1, 31, 176, 19279 }, // U+01F9
    { 29, 40, 439, -3, 40, 290, 19455 }, // U+01FA
    { 21, 39, 350, 1, 38, 205, 19745 }, // U+01FB
    { 37, 37, 539, -3, 37, 343, 19950 }, // U+01FC
    { 28, 33, 463, 1, 32, 231, 20293 }, // U+01FD
    { 30, 38, 467, -1, 37, 285, 20524 }, // U+01FE
    { 24, 33, 326, -2, 32, 198, 20809 }, // U+01FF
    { 29, 37, 439, -3, 37, 269, 21007 }, // U+0200
    { 21, 32, 350, 1, 31, 168, 21276 }, // U+0201
    { 29, 36, 439, -3, 36, 261, 21444 }, // U+0202
    { 21, 31, 350, 1, 30, 163, 21705 }, // U+0203
    { 24, 37, 368, -1, 37, 222, 21868 }, // U+0204
    { 16, 32, 283, 1, 31, 128, 22090 }, // U+0205
    { 24, 36, 368, -1, 36, 216, 22218 }, // U+0206
    { 18, 31, 283, 1, 30, 140, 22434 }, // U+0207
    { 17, 37, 224, -1, 37, 158, 22574 }, // U+0208
    { 11, 32, 199, 2, 31, 88, 22732 }, // U+0209
    { 18, 36, 224, -1, 36, 162, 22820 }, // U+020A
    { 13, 31, 199, 2, 30, 101, 22982 }, // U+020B
    { 26, 38, 443, 1, 37, 247, 23083 }, // U+020C
    { 19, 32, 326, 1, 31, 152, 23330 }, // U+020D
    { 26, 37, 443, 1, 36, 241, 23482 }, // U+020E
    { 19, 31, 326, 1, 30, 148, 23723 }, // U+020F
    { 25, 38, 389, -1, 37, 238, 23871 }, // U+0210
    { 16, 31, 257, 1, 31, 124, 24109 }, // U+0211
    { 25, 37, 389, -1, 36, 232, 24233 }, // U+0212
    { 17, 30, 257, 1, 30, 128, 24465 }, // U+0213
    { 28, 38, 460, 3, 37, 266, 24593 }, // U+0214
    { 22, 32, 367, 1, 31, 176, 24859 }, // U+0215
    { 28, 37, 460, 3, 36, 259, 25035 }, // U+0216
    { 22, 31, 367, 1, 30, 171, 25294 }, // U+0217
    { 20, 37, 320, 0, 27, 185, 25465 }, // U+0218
    { 15, 30, 248, 0, 20, 113, 25650 }, // U+0219
    { 23, 37, 383, 3, 27, 213, 25763 }, // U+021A
    { 14, 35, 235, 1, 25, 123, 25976 }, // U+021B
    { 21, 32, 343, -1, 27, 168, 26099 }, // U+021C
    { 19, 29, 283, -2, 20, 138, 26267 }, // U+021D
    { 33, 37, 481, -1, 37, 306, 26405 }, // U+021E
    { 21, 41, 358, 1, 40, 216, 26711 }, // U+021F
    { 25, 35, 421, 1, 30, 219, 26927 }, // U+0221
    { 23, 34, 350, -1, 27, 196, 27146 }, // U+0224
    { 18, 28, 283, 0, 20, 126, 27342 }, // U+0225
    { 29, 36, 439, -3, 36, 261, 27468 }, // U+0226
    { 21, 30, 350, 1, 29, 158, 27729 }, // U+0227
    { 24, 37, 368, -1, 27, 222, 27887 }, // U+0228
    { 16, 30, 283, 1, 20, 120, 28109 }, // U+0229
    { 26, 41, 443, 1, 40, 267, 28229 }, // U+022A
    { 20, 36, 326, 1, 35, 180, 28496 }, // U+022B
    { 26, 40, 443, 1, 39, 260, 28676 }, // U+022C
    { 20, 36, 326, 1, 35, 180, 28936 }, // U+022D
    { 26, 37, 443, 1, 36, 241, 29116 }, // U+022E
    { 19, 30, 326, 1, 29, 143, 29357 }, // U+022F
    { 26, 41, 443, 1, 40, 267, 29500 }, // U+0230
    { 20, 36, 326, 1, 35, 180, 29767 }, // U+0231
    { 25, 34, 388, 2, 34, 213, 29947 }, // U+0232
    { 24, 36, 321, -4, 27, 216, 30160 }, // U+0233
    { 14, 35, 257, 2, 30, 123, 30376 }, // U+0234
    { 27, 25, 443, 1, 20, 169, 30499 }, // U+0235
    { 15, 30, 260, 1, 25, 113, 30668 }, // U+0236
    { 17, 29, 172, -7, 20, 124, 30781 }, // U+0237
    { 29, 35, 439, -3, 30, 254, 30905 }, // U+023A
    { 28, 31, 386, -1, 30, 217, 31159 }, // U+023B
    { 19, 32, 266, -1, 26, 152, 31376 }, // U+023C
    { 22, 27, 347, -1, 27, 149, 31528 }, // U+023D
    { 29, 36, 383, -2, 31, 261, 31677 }, // U+023E
    { 15, 29, 248, 0, 20, 109, 31938 }, // U+023F
    { 18, 29, 283, 0, 20, 131, 32047 }, // U+0240
    { 23, 28, 372, -1, 27, 161, 32178 }, // U+0243
    { 31, 28, 460, 0, 27, 217, 32339 }, // U+0244
    { 26, 35, 368, -1, 30, 228, 32556 }, // U+0246
    { 16, 32, 283, 1, 26, 128, 32784 }, // U+0247
    { 23, 35, 212, -7, 27, 202, 32912 }, // U+0248
    { 19, 39, 172, -7, 30, 186, 33114 }, // U+0249
    { 25, 35, 421, 1, 27, 219, 33300 }, // U+024A
    { 20, 29, 332, 1, 20, 145, 33519 }, // U+024B
    { 25, 28, 389, -1, 27, 175, 33664 }, // U+024C
    { 17, 20, 257, 0, 20, 85, 33839 }, // U+024D
    { 26, 27, 388, 1, 27, 176, 33924 }, // U+024E
    { 27, 29, 321, -4, 20, 196, 34100 }, // U+024F
    { 29, 38, 439, -3, 28, 276, 0 }, // U+1E00
    { 21, 30, 350, 1, 20, 158, 276 }, // U+1E01
    { 23, 37, 372, -1, 36, 213, 434 }, // U+1E02
    { 20, 39, 332, 0, 38, 195, 647 }, // U+1E03
    { 23, 36, 372, -1, 27, 207, 842 }, // U+1E04
    { 20, 39, 332, 0, 30, 195, 1049 }, // U+1E05
    { 23, 34, 372, -1, 27, 196, 1244 }, // U+1E06
    { 20, 37, 332, 0, 30, 185, 1440 }, // U+1E07
    { 23, 47, 386, 1, 37, 271, 1625 }, // U+1E08
    { 17, 42, 266, 1, 32, 179, 1896 }, // U+1E09
    { 28, 37, 436, -1, 36, 259, 2075 }, // U+1E0A
    { 23, 39, 352, 1, 38, 225, 2334 }, // U+1E0B
    { 28, 36, 436, -1, 27, 252, 2559 }, // U+1E0C
    { 21, 39, 352, 1, 30, 205, 2811 }, // U+1E0D
    { 28, 34, 436, -1, 27, 238, 3016 }, // U+1E0E
    { 21, 37, 352, 1, 30, 195, 3254 }, // U+1E0F
    { 28, 37, 436, -1, 27, 259, 3449 }, // U+1E10
    { 21, 40, 352, 1, 30, 210, 3708 }, // U+1E11
    { 28, 37, 436, -1, 27, 259, 3918 }, // U+1E12
    { 21, 40, 352, 1, 30, 210, 4177 }, // U+1E13
    { 24, 40, 368, -1, 40, 240, 4387 }, // U+1E14
    { 17, 38, 283, 1, 37, 162, 4627 }, // U+1E15
    { 24, 40, 368, -1, 40, 240, 4789 }, // U+1E16
    { 18, 38, 283, 1, 37, 171, 5029 }, // U+1E17
    { 24, 37, 368, -1, 27, 222, 5200 }, // U+1E18
    { 18, 30, 283, -1, 20, 135, 5422 }, // U+1E19
    { 24, 36, 368, -1, 27, 216, 5557 }, // U+1E1A
    { 17, 29, 283, 0, 20, 124, 5773 }, // U+1E1B
    { 24, 46, 368, -1, 36, 276, 5897 }, // U+1E1C
    { 18, 40, 283, 1, 30, 180, 6173 }, // U+1E1D
    { 23, 36, 332, -1, 36, 207, 6353 }, // U+1E1E
    { 27, 47, 247, -7, 38, 318, 6560 }, // U+1E1F
    { 24, 35, 426, 2, 34, 210, 6878 }, // U+1E20
    { 25, 36, 296, -4, 27, 225, 7088 }, // U+1E21
    { 33, 36, 481, -1, 36, 297, 7313 }, // U+1E22
    { 21, 39, 358, 1, 38, 205, 7610 }, // U+1E23
    { 33, 36, 481, -1, 27, 297, 7815 }, // U+1E24
    { 21, 39, 358, 1, 30, 205, 8112 }, // U+1E25
    { 33, 35, 481, -1, 35, 289, 8317 }, // U+1E26
    { 21, 39, 358, 1, 38, 205, 8606 }, // U+1E27
    { 33, 37, 481, -1, 27, 306, 8811 }, // U+1E28
    { 21, 40, 358, 1, 30, 210, 9117 }, // U+1E29
    { 33, 36, 481, -1, 27, 297, 9327 }, // U+1E2A
    { 21, 39, 358, 1, 30, 205, 9624 }, // U+1E2B
    { 19, 36, 224, -3, 27, 171, 9829 }, // U+1E2C
    { 16, 39, 195, -3, 30, 156, 10000 }, // U+1E2D
    { 19, 40, 224, -1, 40, 190, 10156 }, // U+1E2E
    { 14, 38, 199, 2, 37, 133, 10346 }, // U+1E2F
    { 29, 38, 420, -1, 37, 276, 10479 }, // U+1E30
    { 19, 40, 318, 1, 39, 190, 10755 }, // U+1E31
    { 29, 36, 420, -1, 27, 261, 10945 }, // U+1E32
    { 19, 39, 318, 1, 30, 186, 11206 }, // U+1E33
    { 29, 34, 420, -1, 27, 247, 11392 }, // U+1E34
    { 19, 37, 318, 1, 30, 176, 11639 }, // U+1E35
    { 22, 36, 347, -1, 27, 198, 11815 }, // U+1E36
    { 11, 39, 184, 0, 30, 108, 12013 }, // U+1E37
    { 22, 43, 347, -1, 34, 237, 12121 }, // U+1E38
    { 17, 46, 184, 0, 37, 196, 12358 }, // U+1E39
    { 22, 34, 347, -1, 27, 187, 12554 }, // U+1E3A
    { 14, 37, 184, -3, 30, 130, 12741 }, // U+1E3B
    { 22, 37, 347, -1, 27, 204, 12871 }, // U+1E3C
    { 16, 40, 184, -5, 30, 160, 13075 }, // U+1E3D
    { 36, 37, 544, -2, 37, 333, 13235 }, // U+1E3E
    { 32, 33, 535, 1, 32, 264, 13568 }, // U+1E3F
    { 36, 36, 544, -2, 36, 324, 13832 }, // U+1E40
    { 32, 30, 535, 1, 29, 240, 14156 }, // U+1E41
    { 36, 36, 544, -2, 27, 324, 14396 }, // U+1E42
    { 32, 29, 535, 1, 20, 232, 14720 }, // U+1E43
    { 32, 37, 458, -1, 36, 296, 14952 }, // U+1E44
    { 22, 30, 370, 1, 29, 165, 15248 }, // U+1E45
    { 32, 36, 458, -1, 27, 288, 15413 }, // U+1E46
    { 22, 29, 370, 1, 20, 160, 15701 }, // U+1E47
    { 32, 34, 458, -1, 27, 272, 15861 }, // U+1E48
    { 22, 27, 370, 1, 20, 149, 16133 }, // U+1E49
    { 32, 37, 458, -1, 27, 296, 16282 }, // U+1E4A
    { 22, 30, 370, 1, 20, 165, 16578 }, // U+1E4B
    { 26, 41, 443, 1, 40, 267, 16743 }, // U+1E4C
    { 19, 40, 326, 1, 39, 190, 17010 }, // U+1E4D
    { 26, 41, 443, 1, 40, 267, 17200 }, // U+1E4E
    { 21, 37, 326, 1, 36, 195, 17467 }, // U+1E4F
    { 26, 41, 443, 1, 40, 267, 17662 }, // U+1E50
    { 19, 38, 326, 1, 37, 181, 17929 }, // U+1E51
    { 26, 41, 443, 1, 40, 267, 18110 }, // U+1E52
    { 20, 38, 326, 1, 37, 190, 18377 }, // U+1E53
    { 23, 37, 355, -1, 37, 213, 18567 }, // U+1E54
    { 24, 41, 344, -3, 32, 246, 18780 }, // U+1E55
    { 23, 36, 355, -1, 36, 207, 19026 }, // U+1E56
    { 24, 38, 344, -3, 29, 228, 19233 }, // U+1E57
    { 25, 37, 389, -1, 36, 232, 19461 }, // U+1E58
    { 16, 29, 257, 1, 29, 116, 19693 }, // U+1E59
    { 25, 36, 389, -1, 27, 225, 19809 }, // U+1E5A
    { 17, 29, 257, 0, 20, 124, 20034 }, // U+1E5B
    { 25, 43, 389, -1, 34, 269, 20158 }, // U+1E5C
    { 18, 36, 257, 0, 27, 162, 20427 }, // U+1E5D
    { 25, 34, 389, -1, 27, 213, 20589 }, // U+1E5E
    { 21, 27, 257, -4, 20, 142, 20802 }, // U+1E5F
    { 20, 37, 320, 0, 36, 185, 20944 }, // U+1E60
    { 15, 30, 248, 0, 29, 113, 21129 }, // U+1E61
    { 20, 36, 320, 0, 27, 180, 21242 }, // U+1E62
    { 15, 29, 248, 0, 20, 109, 21422 }, // U+1E63
    { 20, 41, 320, 0, 40, 205, 21531 }, // U+1E64
    { 16, 36, 248, 0, 35, 144, 21736 }, // U+1E65
    { 20, 41, 320, 0, 40, 205, 21880 }, // U+1E66
    { 18, 36, 248, 0, 35, 162, 22085 }, // U+1E67
    { 20, 45, 320, 0, 36, 225, 22247 }, // U+1E68
    { 15, 38, 248, 0, 29, 143, 22472 }, // U+1E69
    { 23, 36, 383, 3, 36, 207, 22615 }, // U+1E6A
    { 14, 34, 235, 1, 33, 119, 22822 }, // U+1E6B
    { 23, 36, 383, 3, 27, 207, 22941 }, // U+1E6C
    { 14, 34, 235, 1, 25, 119, 23148 }, // U+1E6D
    { 24, 34, 383, 2, 27, 204, 23267 }, // U+1E6E
    { 17, 32, 235, -2, 25, 136, 23471 }, // U+1E6F
    { 25, 37, 383, 1, 27, 232, 23607 }, // U+1E70
    { 18, 35, 235, -3, 25, 158, 23839 }, // U+1E71
    { 28, 36, 460, 3, 27, 252, 23997 }, // U+1E72
    { 22, 29, 367, 1, 20, 160, 24249 }, // U+1E73
    { 28, 36, 460, 3, 27, 252, 24409 }, // U+1E74
    { 22, 29, 367, 1, 20, 160, 24661 }, // U+1E75
    { 28, 37, 460, 3, 27, 259, 24821 }, // U+1E76
    { 22, 30, 367, 1, 20, 165, 25080 }, // U+1E77
    { 28, 41, 460, 3, 40, 287, 25245 }, // U+1E78
    { 22, 40, 367, 1, 39, 220, 25532 }, // U+1E79
    { 28, 40, 460, 3, 39, 280, 25752 }, // U+1E7A
    { 22, 36, 367, 1, 35, 198, 26032 }, // U+1E7B
    { 28, 37, 425, 2, 36, 259, 26230 }, // U+1E7C
    { 19, 31, 310, 0, 30, 148, 26489 }, // U+1E7D
    { 28, 36, 425, 2, 27, 252, 26637 }, // U+1E7E
    { 19, 29, 310, 0, 20, 138, 26889 }, // U+1E7F
    { 39, 38, 625, 3, 37, 371, 27027 }, // U+1E80
    { 29, 32, 464, 0, 31, 232, 27398 }, // U+1E81
    { 39, 38, 625, 3, 37, 371, 27630 }, // U+1E82
    { 29, 33, 464, 0, 32, 240, 28001 }, // U+1E83
    { 39, 36, 625, 3, 35, 351, 28241 }, // U+1E84
    { 29, 30, 464, 0, 29, 218, 28592 }, // U+1E85
    { 39, 37, 625, 3, 36, 361, 28810 }, // U+1E86
    { 29, 30, 464, 0, 29, 218, 29171 }, // U+1E87
    { 39, 36, 625, 3, 27, 351, 29389 }, // U+1E88
    { 29, 29, 464, 0, 20, 211, 29740 }, // U+1E89
    { 30, 36, 403, -3, 36, 270, 29951 }, // U+1E8A
    { 23, 30, 335, -1, 29, 173, 30221 }, // U+1E8B
    { 30, 35, 403, -3, 35, 263, 30394 }, // U+1E8C
    { 23, 30, 335, -1, 29, 173, 30657 }, // U+1E8D
    { 25, 36, 388, 2, 36, 225, 30830 }, // U+1E8E
    { 24, 38, 321, -4, 29, 228, 31055 }, // U+1E8F
    { 23, 38, 350, -1, 37, 219, 31283 }, // U+1E90
    { 18, 32, 283, 0, 31, 144, 31502 }, // U+1E91
    { 23, 36, 350, -1, 27, 207, 31646 }, // U+1E92
    { 18, 29, 283, 0, 20, 131, 31853 }, // U+1E93
    { 23, 34, 350, -1, 27, 196, 31984 }, // U+1E94
    { 18, 27, 283, 0, 20, 122, 32180 }, // U+1E95
    { 21, 37, 358, 1, 30, 195, 32302 }, // U+1E96
    { 15, 33, 235, 1, 32, 124, 32497 }, // U+1E97
    { 29, 33, 464, 0, 32, 240, 32621 }, // U+1E98
    { 24, 41, 321, -4, 32, 246, 32861 }, // U+1E99
    { 28, 33, 350, 1, 32, 231, 33107 }, // U+1E9A
    { 27, 47, 244, -7, 38, 318, 33338 }, // U+1E9B
    { 27, 28, 423, -2, 27, 189, 33656 }, // U+1E9E
    { 29, 37, 439, -3, 28, 269, 0 }, // U+1EA0
    { 21, 29, 350, 1, 20, 153, 269 }, // U+1EA1
    { 29, 39, 439, -3, 39, 283, 422 }, // U+1EA2
    { 21, 34, 350, 1, 33, 179, 705 }, // U+1EA3
    { 31, 40, 439, -3, 40, 310, 884 }, // U+1EA4
    { 24, 38, 350, 1, 37, 228, 1194 }, // U+1EA5
    { 29, 40, 439, -3, 40, 290, 1422 }, // U+1EA6
    { 21, 38, 350, 1, 37, 200, 1712 }, // U+1EA7
    { 31, 40, 439, -3, 40, 310, 1912 }, // U+1EA8
    { 25, 38, 350, 1, 37, 238, 2222 }, // U+1EA9
    { 29, 40, 439, -3, 40, 290, 2460 }, // U+1EAA
    { 21, 37, 350, 1, 36, 195, 2750 }, // U+1EAB
    { 29, 46, 439, -3, 37, 334, 2945 }, // U+1EAC
    { 21, 40, 350, 1, 31, 210, 3279 }, // U+1EAD
    { 29, 40, 439, -3, 40, 290, 3489 }, // U+1EAE
    { 21, 38, 350, 1, 37, 200, 3779 }, // U+1EAF
    { 29, 40, 439, -3, 40, 290, 3979 }, // U+1EB0
    { 21, 38, 350, 1, 37, 200, 4269 }, // U+1EB1
    { 29, 40, 439, -3, 40, 290, 4469 }, // U+1EB2
    { 21, 39, 350, 1, 38, 205, 4759 }, // U+1EB3
    { 29, 40, 439, -3, 40, 290, 4964 }, // U+1EB4
    { 21, 37, 350, 1, 36, 195, 5254 }, // U+1EB5
    { 29, 45, 439, -3, 36, 327, 5449 }, // U+1EB6
    { 21, 39, 350, 1, 30, 205, 5776 }, // U+1EB7
    { 24, 36, 368, -1, 27, 216, 5981 }, // U+1EB8
    { 16, 29, 283, 1, 20, 116, 6197 }, // U+1EB9
    { 24, 39, 368, -1, 39, 234, 6313 }, // U+1EBA
    { 17, 34, 283, 1, 33, 145, 6547 }, // U+1EBB
    { 24, 36, 368, -1, 36, 216, 6692 }, // U+1EBC
    { 18, 31, 283, 1, 30, 140, 6908 }, // U+1EBD
    { 28, 40, 368, -1, 40, 280, 7048 }, // U+1EBE
    { 22, 38, 283, 1, 37, 209, 7328 }, // U+1EBF
    { 25, 40, 368, -1, 40, 250, 7537 }, // U+1EC0
    { 19, 38, 283, 1, 37, 181, 7787 }, // U+1EC1
    { 28, 40, 368, -1, 40, 280, 7968 }, // U+1EC2
    { 23, 38, 283, 1, 37, 219, 8248 }, // U+1EC3
    { 24, 40, 368, -1, 40, 240, 8467 }, // U+1EC4
    { 19, 37, 283, 1, 36, 176, 8707 }, // U+1EC5
    { 24, 46, 368, -1, 37, 276, 8883 }, // U+1EC6
    { 17, 40, 283, 1, 31, 170, 9159 }, // U+1EC7
    { 17, 39, 224, -1, 39, 166, 9329 }, // U+1EC8
    { 13, 34, 199, 2, 33, 111, 9495 }, // U+1EC9
    { 17, 36, 224, -1, 27, 153, 9606 }, // U+1ECA
    { 13, 39, 195, 0, 30, 127, 9759 }, // U+1ECB
    { 26, 36, 443, 1, 27, 234, 9886 }, // U+1ECC
    { 19, 29, 326, 1, 20, 138, 10120 }, // U+1ECD
    { 26, 40, 443, 1, 39, 260, 10258 }, // U+1ECE
    { 19, 34, 326, 1, 33, 162, 10518 }, // U+1ECF
    { 28, 41, 443, 1, 40, 287, 10680 }, // U+1ED0
    { 24, 38, 326, 1, 37, 228, 10967 }, // U+1ED1
    { 26, 41, 443, 1, 40, 267, 11195 }, // U+1ED2
    { 20, 38, 326, 1, 37, 190, 11462 }, // U+1ED3
    { 27, 41, 443, 1, 40, 277, 11652 }, // U+1ED4
    { 25, 38, 326, 1, 37, 238, 11929 }, // U+1ED5
    { 26, 41, 443, 1, 40, 267, 12167 }, // U+1ED6
    { 20, 37, 326, 1, 36, 185, 12434 }, // U+1ED7
    { 26, 46, 443, 1, 37, 299, 12619 }, // U+1ED8
    { 19, 40, 326, 1, 31, 190, 12918 }, // U+1ED9
    { 30, 38, 443, 1, 37, 285, 13108 }, // U+1EDA
    { 22, 33, 357, 1, 32, 182, 13393 }, // U+1EDB
    { 30, 38, 443, 1, 37, 285, 13575 }, // U+1EDC
    { 22, 32, 357, 1, 31, 176, 13860 }, // U+1EDD
    { 30, 40, 443, 1, 39, 300, 14036 }, // U+1EDE
    { 22, 34, 357, 1, 33, 187, 14336 }, // U+1EDF
    { 30, 37, 443, 1, 36, 278, 14523 }, // U+1EE0
    { 22, 31, 357, 1, 30, 171, 14801 }, // U+1EE1
    { 30, 41, 443, 1, 32, 308, 14972 }, // U+1EE2
    { 22, 33, 326, 1, 24, 182, 15280 }, // U+1EE3
    { 28, 36, 460, 3, 27, 252, 15462 }, // U+1EE4
    { 22, 29, 367, 1, 20, 160, 15714 }, // U+1EE5
    { 28, 40, 460, 3, 39, 280, 15874 }, // U+1EE6
    { 22, 34, 367, 1, 33, 187, 16154 }, // U+1EE7
    { 30, 38, 460, 3, 37, 285, 16341 }, // U+1EE8
    { 25, 33, 390, 1, 32, 207, 16626 }, // U+1EE9
    { 30, 38, 460, 3, 37, 285, 16833 }, // U+1EEA
    { 25, 32, 390, 1, 31, 200, 17118 }, // U+1EEB
    { 30, 40, 460, 3, 39, 300, 17318 }, // U+1EEC
    { 25, 34, 390, 1, 33, 213, 17618 }, // U+1EED
    { 30, 37, 460, 3, 36, 278, 17831 }, // U+1EEE
    { 25, 31, 390, 1, 30, 194, 18109 }, // U+1EEF
    { 30, 41, 460, 3, 32, 308, 18303 }, // U+1EF0
    { 25, 33, 367, 1, 24, 207, 18611 }, // U+1EF1
    { 25, 37, 388, 2, 37, 232, 18818 }, // U+1EF2
    { 24, 40, 321, -4, 31, 240, 19050 }, // U+1EF3
    { 25, 36, 388, 2, 27, 225, 19290 }, // U+1EF4
    { 24, 29, 321, -4, 20, 174, 19515 }, // U+1EF5
    { 25, 39, 388, 2, 39, 244, 19689 }, // U+1EF6
    { 24, 42, 321, -4, 33, 252, 19933 }, // U+1EF7
    { 25, 36, 388, 2, 36, 225, 20185 }, // U+1EF8
    { 24, 39, 321, -4, 30, 234, 20410 }, // U+1EF9
    { 0, 0, 300, 0, 0, 0, 0 }, // U+2000
    { 0, 0, 600, 0, 0, 0, 0 }, // U+2001
    { 0, 0, 300, 0, 0, 0, 0 }, // U+2002
    { 0, 0, 600, 0, 0, 0, 0 }, // U+2003
    { 0, 0, 200, 0, 0, 0, 0 }, // U+2004
    { 0, 0, 150, 0, 0, 0, 0 }, // U+2005
    { 0, 0, 100, 0, 0, 0, 0 }, // U+2006
    { 0, 0, 374, 0, 0, 0, 0 }, // U+2007
    { 0, 0, 164, 0, 0, 0, 0 }, // U+2008
    { 0, 0, 120, 0, 0, 0, 0 }, // U+2009
    { 0, 0, 30, 0, 0, 0, 0 }, // U+200A
    { 0, 0, 0, 0, 0, 0, 0 }, // U+200B
    { 2, 31, 0, -1, 22, 16, 0 }, // U+200C
    { 8, 34, 0, -4, 25, 68, 16 }, // U+200D
    { 14, 36, 0, -7, 27, 126, 84 }, // U+200E
    { 14, 36, 0, -7, 27, 126, 210 }, // U+200F
    { 12, 4, 224, 1, 12, 12, 336 }, // U+2010
    { 12, 4, 224, 1, 12, 12, 348 }, // U+2011
    { 18, 4, 374, 3, 15, 18, 360 }, // U+2012
    { 19, 4, 300, 0, 12, 19, 378 }, // U+2013
    { 38, 4, 600, 0, 12, 38, 397 }, // U+2014
    { 38, 4, 600, 0, 12, 38, 435 }, // U+2015
    { 13, 39, 300, 3, 30, 127, 473 }, // U+2016
    { 19, 9, 300, 0, -1, 43, 600 }, // U+2017
    { 8, 13, 181, 3, 29, 26, 643 }, // U+2018
    { 8, 12, 181, 2, 29, 24, 669 }, // U+2019
    { 8, 12, 181, 1, 5, 24, 693 }, // U+201A
    { 7, 13, 142, 1, 29, 23, 717 }, // U+201B
    { 16, 13, 301, 3, 29, 52, 740 }, // U+201C
    { 16, 13, 301, 2, 29, 52, 792 }, // U+201D
    { 16, 12, 301, 1, 5, 48, 844 }, // U+201E
    { 15, 13, 262, 1, 29, 49, 892 }, // U+201F
    { 16, 25, 280, 2, 27, 100, 941 }, // U+2020
    { 18, 29, 280, 0, 27, 131, 1041 }, // U+2021
    { 9, 9, 180, 1, 14, 21, 1172 }, // U+2022
    { 14, 14, 374, 5, 20, 49, 1193 }, // U+2023
    { 6, 6, 164, 2, 5, 9, 1242 }, // U+2024
    { 15, 6, 300, 2, 5, 23, 1251 }, // U+2025
    { 32, 6, 600, 3, 5, 48, 1274 }, // U+2026
    { 6, 6, 164, 2, 13, 9, 1322 }, // U+2027
    { 0, 0, 0, 0, 0, 0, 1331 }, // U+2028
    { 0, 0, 0, 0, 0, 0, 1331 }, // U+2029
    { 14, 36, 0, -7, 27, 126, 1331 }, // U+202A
    { 14, 36, 0, -7, 27, 126, 1457 }, // U+202B
    { 12, 35, 0, -6, 26, 105, 1583 }, // U+202C
    { 16, 36, 0, -8, 27, 144, 1688 }, // U+202D
    { 16, 36, 0, -8, 27, 144, 1832 }, // U+202E
    { 0, 0, 64, 0, 0, 0, 1976 }, // U+202F
    { 48, 30, 818, 2, 28, 360, 1976 }, // U+2030
    { 8, 13, 157, 1, 27, 26, 2336 }, // U+2032
    { 16, 13, 274, 1, 27, 52, 2362 }, // U+2033
    { 23, 13, 391, 1, 27, 75, 2414 }, // U+2034
    { 8, 13, 157, 1, 27, 26, 2489 }, // U+2035
    { 16, 13, 288, 1, 27, 52, 2515 }, // U+2036
    { 24, 13, 419, 1, 27, 78, 2567 }, // U+2037
    { 17, 8, 299, 1, 0, 34, 2645 }, // U+2038
    { 11, 15, 189, 1, 17, 42, 2679 }, // U+2039
    { 11, 15, 189, 0, 17, 42, 2721 }, // U+203A
    { 24, 26, 374, 0, 25, 156, 2763 }, // U+203B
    { 21, 30, 346, 2, 29, 158, 2919 }, // U+203C
    { 19, 3, 300, 0, 31, 15, 3077 }, // U+203E
    { 9, 4, 180, 1, 12, 9, 3092 }, // U+2043
    { 23, 30, 141, -7, 28, 173, 3101 }, // U+2044
    { 28, 29, 488, 3, 28, 203, 3274 }, // U+2047
    { 24, 30, 419, 3, 29, 180, 3477 }, // U+2048
    { 25, 30, 431, 2, 29, 188, 3657 }, // U+2049
    { 22, 6, 600, 8, 14, 33, 3845 }, // U+2053
    { 30, 13, 508, 1, 27, 98, 3878 }, // U+2057
    { 0, 0, 133, 0, 0, 0, 3976 }, // U+205F
    { 0, 0, 0, 0, 0, 0, 3976 }, // U+2060
    { 0, 0, 0, 0, 0, 0, 3976 }, // U+2061
    { 0, 0, 0, 0, 0, 0, 3976 }, // U+2062
    { 0, 0, 0, 0, 0, 0, 3976 }, // U+2063
    { 0, 0, 0, 0, 0, 0, 3976 }, // U+2064
    { 24, 26, 374, 0, 26, 156, 0 }, // U+20A3
    { 24, 28, 374, -1, 27, 168, 156 }, // U+20A4
    { 46, 28, 750, 0, 27, 322, 324 }, // U+20A7
    { 26, 28, 374, -1, 27, 182, 646 }, // U+20AC
    { 40, 39, 443, -7, 30, 390, 0 }, // U+FB00
    { 31, 38, 391, -7, 29, 295, 390 }, // U+FB01
    { 32, 39, 405, -7, 30, 312, 685 }, // U+FB02
    { 44, 38, 587, -7, 29, 418, 997 }, // U+FB03
    { 45, 39, 601, -7, 30, 439, 1415 }, // U+FB04
    { 36, 39, 441, -7, 30, 351, 1854 }, // U+FB05
    { 31, 28, 481, 0, 27, 217, 2205 }, // U+FB06
    { 36, 36, 600, 1, 32, 324, 0 }, // U+FFFD
};

static const EpdUnicodeInterval bookerly_18_italicIntervals[] = {
    { 0x0, 0x0, 0x0 },
    { 0x8, 0x9, 0x1 },
    { 0xD, 0xD, 0x3 },
    { 0x1D, 0x1D, 0x4 },
    { 0x20, 0x7E, 0x5 },
    { 0xA0, 0xFF, 0x64 },
    { 0x100, 0x17F, 0xC4 },
    { 0x180, 0x181, 0x144 },
    { 0x187, 0x18A, 0x146 },
    { 0x18E, 0x18F, 0x14A },
    { 0x191, 0x193, 0x14C },
    { 0x197, 0x19A, 0x14F },
    { 0x1A0, 0x1A1, 0x153 },
    { 0x1A4, 0x1A5, 0x155 },
    { 0x1AB, 0x1B0, 0x157 },
    { 0x1B2, 0x1B7, 0x15D },
    { 0x1BB, 0x1BB, 0x163 },
    { 0x1C0, 0x1F5, 0x164 },
    { 0x1F8, 0x21F, 0x19A },
    { 0x221, 0x221, 0x1C2 },
    { 0x224, 0x237, 0x1C3 },
    { 0x23A, 0x240, 0x1D7 },
    { 0x243, 0x244, 0x1DE },
    { 0x246, 0x24F, 0x1E0 },
    { 0x1E00, 0x1E9B, 0x1EA },
    { 0x1E9E, 0x1E9E, 0x286 },
    { 0x1EA0, 0x1EF9, 0x287 },
    { 0x2000, 0x2030, 0x2E1 },
    { 0x2032, 0x203C, 0x312 },
    { 0x203E, 0x203E, 0x31D },
    { 0x2043, 0x2044, 0x31E },
    { 0x2047, 0x2049, 0x320 },
    { 0x2053, 0x2053, 0x323 },
    { 0x2057, 0x2057, 0x324 },
    { 0x205F, 0x2064, 0x325 },
    { 0x20A3, 0x20A4, 0x32B },
    { 0x20A7, 0x20A7, 0x32D },
    { 0x20AC, 0x20AC, 0x32E },
    { 0xFB00, 0xFB06, 0x32F },
    { 0xFFFD, 0xFFFD, 0x336 },
};

static const EpdFontGroup bookerly_18_italicGroups[] = {
    { 0, 6138, 12956, 100, 0 },
    { 6138, 6093, 15461, 96, 100 },
    { 12231, 8497, 24603, 128, 196 },
    { 20728, 12375, 34296, 166, 324 },
    { 33103, 9692, 33845, 157, 490 },
    { 42795, 5779, 20644, 90, 647 },
    { 48574, 1723, 3976, 74, 737 },
    { 50297, 444, 828, 4, 811 },
    { 50741, 945, 2422, 7, 815 },
    { 51686, 179, 324, 1, 822 },
};

static const EpdKernClassEntry bookerly_18_italicKernLeftClasses[] = {
    { 0x0028, 1 }, // (
    { 0x002A, 2 }, // *
    { 0x002C, 3 }, // ,
    { 0x002D, 4 }, // -
    { 0x002E, 3 }, // .
    { 0x002F, 5 }, // /
    { 0x0041, 6 }, // A
    { 0x0042, 7 }, // B
    { 0x0043, 8 }, // C
    { 0x0044, 9 }, // D
    { 0x0045, 10 }, // E
    { 0x0046, 11 }, // F
    { 0x0047, 12 }, // G
    { 0x0048, 13 }, // H
    { 0x0049, 13 }, // I
    { 0x004A, 14 }, // J
    { 0x004B, 15 }, // K
    { 0x004C, 16 }, // L
    { 0x004D, 17 }, // M
    { 0x004E, 18 }, // N
    { 0x004F, 9 }, // O
    { 0x0050, 19 }, // P
    { 0x0051, 20 }, // Q
    { 0x0052, 21 }, // R
    { 0x0053, 22 }, // S
    { 0x0054, 23 }, // T
    { 0x0055, 24 }, // U
    { 0x0056, 25 }, // V
    { 0x0057, 25 }, // W
    { 0x0058, 26 }, // X
    { 0x0059, 27 }, // Y
    { 0x005A, 28 }, // Z
    { 0x005B, 29 }, // [
    { 0x005C, 30 }, // <backslash>
    { 0x0061, 31 }, // a
    { 0x0062, 32 }, // b
    { 0x0063, 33 }, // c
    { 0x0065, 34 }, // e
    { 0x0066, 35 }, // f
    { 0x0067, 36 }, // g
    { 0x0068, 37 }, // h
    { 0x006A, 38 }, // j
    { 0x006B, 39 }, // k
    { 0x006D, 37 }, // m
    { 0x006E, 37 }, // n
    { 0x006F, 32 }, // o
    { 0x0070, 32 }, // p
    { 0x0071, 40 }, // q
    { 0x0072, 41 }, // r
    { 0x0073, 42 }, // s
    { 0x0074, 43 }, // t
    { 0x0075, 31 }, // u
    { 0x0076, 44 }, // v
    { 0x0077, 44 }, // w
    { 0x0078, 45 }, // x
    { 0x0079, 44 }, // y
    { 0x007A, 46 }, // z
    { 0x007B, 47 }, // {
    { 0x00A1, 48 }, // U+00A1
    { 0x00AB, 49 }, // U+00AB
    { 0x00AD, 4 }, // U+00AD
    { 0x00BB, 50 }, // U+00BB
    { 0x00BF, 51 }, // U+00BF
    { 0x00C0, 6 }, // U+00C0
    { 0x00C1, 6 }, // U+00C1
    { 0x00C2, 6 }, // U+00C2
    { 0x00C3, 6 }, // U+00C3
    { 0x00C4, 6 }, // U+00C4
    { 0x00C5, 6 }, // U+00C5
    { 0x00C6, 10 }, // U+00C6
    { 0x00C7, 8 }, // U+00C7
    { 0x00C8, 10 }, // U+00C8
    { 0x00C9, 10 }, // U+00C9
    { 0x00CA, 10 }, // U+00CA
    { 0x00CB, 10 }, // U+00CB
    { 0x00CC, 13 }, // U+00CC
    { 0x00CD, 13 }, // U+00CD
    { 0x00CE, 13 }, // U+00CE
    { 0x00CF, 13 }, // U+00CF
    { 0x00D0, 9 }, // U+00D0
    { 0x00D1, 18 }, // U+00D1
    { 0x00D2, 9 }, // U+00D2
    { 0x00D3, 9 }, // U+00D3
    { 0x00D4, 9 }, // U+00D4
    { 0x00D5, 9 }, // U+00D5
    { 0x00D6, 9 }, // U+00D6
    { 0x00D8, 9 }, // U+00D8
    { 0x00D9, 24 }, // U+00D9
    { 0x00DA, 24 }, // U+00DA
    { 0x00DB, 24 }, // U+00DB
    { 0x00DC, 24 }, // U+00DC
    { 0x00DD, 27 }, // U+00DD
    { 0x00DE, 52 }, // U+00DE
    { 0x00DF, 53 }, // U+00DF
    { 0x00E0, 31 }, // U+00E0
    { 0x00E1, 31 }, // U+00E1
    { 0x00E2, 31 }, // U+00E2
    { 0x00E3, 31 }, // U+00E3
    { 0x00E4, 31 }, // U+00E4
    { 0x00E5, 31 }, // U+00E5
    { 0x00E6, 34 }, // U+00E6
    { 0x00E7, 54 }, // U+00E7
    { 0x00E8, 34 }, // U+00E8
    { 0x00E9, 34 }, // U+00E9
    { 0x00EA, 34 }, // U+00EA
    { 0x00EB, 34 }, // U+00EB
    { 0x00EE, 55 }, // U+00EE
    { 0x00EF, 55 }, // U+00EF
    { 0x00F0, 32 }, // U+00F0
    { 0x00F1, 37 }, // U+00F1
    { 0x00F2, 32 }, // U+00F2
    { 0x00F3, 32 }, // U+00F3
    { 0x00F4, 32 }, // U+00F4
    { 0x00F5, 32 }, // U+00F5
    { 0x00F6, 32 }, // U+00F6
    { 0x00F8, 56 }, // U+00F8
    { 0x00F9, 31 }, // U+00F9
    { 0x00FA, 31 }, // U+00FA
    { 0x00FB, 31 }, // U+00FB
    { 0x00FC, 31 }, // U+00FC
    { 0x00FD, 44 }, // U+00FD
    { 0x00FE, 32 }, // U+00FE
    { 0x00FF, 44 }, // U+00FF
    { 0x0100, 6 }, // U+0100
    { 0x0101, 31 }, // U+0101
    { 0x0102, 6 }, // U+0102
    { 0x0103, 31 }, // U+0103
    { 0x0104, 57 }, // U+0104
    { 0x0105, 58 }, // U+0105
    { 0x0106, 8 }, // U+0106
    { 0x0107, 33 }, // U+0107
    { 0x0108, 8 }, // U+0108
    { 0x0109, 33 }, // U+0109
    { 0x010A, 8 }, // U+010A
    { 0x010B, 33 }, // U+010B
    { 0x010C, 8 }, // U+010C
    { 0x010D, 33 }, // U+010D
    { 0x010E, 9 }, // U+010E
    { 0x010F, 59 }, // U+010F
    { 0x0110, 9 }, // U+0110
    { 0x0112, 10 }, // U+0112
    { 0x0113, 34 }, // U+0113
    { 0x0114, 10 }, // U+0114
    { 0x0115, 34 }, // U+0115
    { 0x0116, 10 }, // U+0116
    { 0x0117, 34 }, // U+0117
    { 0x0118, 60 }, // U+0118
    { 0x0119, 61 }, // U+0119
    { 0x011A, 10 }, // U+011A
    { 0x011B, 34 }, // U+011B
    { 0x011C, 12 }, // U+011C
    { 0x011D, 36 }, // U+011D
    { 0x011E, 12 }, // U+011E
    { 0x011F, 36 }, // U+011F
    { 0x0120, 12 }, // U+0120
    { 0x0121, 36 }, // U+0121
    { 0x0122, 12 }, // U+0122
    { 0x0123, 36 }, // U+0123
    { 0x0124, 13 }, // U+0124
    { 0x0125, 37 }, // U+0125
    { 0x0126, 13 }, // U+0126
    { 0x0127, 37 }, // U+0127
    { 0x0128, 13 }, // U+0128
    { 0x0129, 62 }, // U+0129
    { 0x012A, 13 }, // U+012A
    { 0x012B, 55 }, // U+012B
    { 0x012C, 13 }, // U+012C
    { 0x012D, 55 }, // U+012D
    { 0x012E, 63 }, // U+012E
    { 0x012F, 64 }, // U+012F
    { 0x0130, 13 }, // U+0130
    { 0x0131, 31 }, // U+0131
    { 0x0132, 14 }, // U+0132
    { 0x0133, 38 }, // U+0133
    { 0x0134, 14 }, // U+0134
    { 0x0135, 65 }, // U+0135
    { 0x0136, 15 }, // U+0136
    { 0x0137, 39 }, // U+0137
    { 0x0138, 66 }, // U+0138
    { 0x0139, 16 }, // U+0139
    { 0x013B, 16 }, // U+013B
    { 0x013C, 67 }, // U+013C
    { 0x013E, 59 }, // U+013E
    { 0x0141, 16 }, // U+0141
    { 0x0142, 68 }, // U+0142
    { 0x0143, 18 }, // U+0143
    { 0x0144, 37 }, // U+0144
    { 0x0145, 18 }, // U+0145
    { 0x0146, 37 }, // U+0146
    { 0x0147, 18 }, // U+0147
    { 0x0148, 37 }, // U+0148
    { 0x0149, 37 }, // U+0149
    { 0x014A, 18 }, // U+014A
    { 0x014B, 69 }, // U+014B
    { 0x014C, 9 }, // U+014C
    { 0x014D, 32 }, // U+014D
    { 0x014E, 9 }, // U+014E
    { 0x014F, 32 }, // U+014F
    { 0x0150, 9 }, // U+0150
    { 0x0151, 32 }, // U+0151
    { 0x0152, 10 }, // U+0152
    { 0x0153, 34 }, // U+0153
    { 0x0154, 21 }, // U+0154
    { 0x0155, 41 }, // U+0155
    { 0x0156, 21 }, // U+0156
    { 0x0157, 41 }, // U+0157
    { 0x0158, 21 }, // U+0158
    { 0x0159, 41 }, // U+0159
    { 0x015A, 22 }, // U+015A
    { 0x015B, 42 }, // U+015B
    { 0x015C, 22 }, // U+015C
    { 0x015D, 42 }, // U+015D
    { 0x015E, 22 }, // U+015E
    { 0x015F, 70 }, // U+015F
    { 0x0160, 22 }, // U+0160
    { 0x0161, 42 }, // U+0161
    { 0x0162, 23 }, // U+0162
    { 0x0163, 71 }, // U+0163
    { 0x0164, 23 }, // U+0164
    { 0x0166, 23 }, // U+0166
    { 0x0167, 43 }, // U+0167
    { 0x0168, 24 }, // U+0168
    { 0x0169, 31 }, // U+0169
    { 0x016A, 24 }, // U+016A
    { 0x016B, 31 }, // U+016B
    { 0x016C, 24 }, // U+016C
    { 0x016D, 31 }, // U+016D
    { 0x016E, 24 }, // U+016E
    { 0x016F, 31 }, // U+016F
    { 0x0170, 24 }, // U+0170
    { 0x0171, 31 }, // U+0171
    { 0x0172, 24 }, // U+0172
    { 0x0173, 72 }, // U+0173
    { 0x0174, 25 }, // U+0174
    { 0x0175, 44 }, // U+0175
    { 0x0176, 27 }, // U+0176
    { 0x0177, 44 }, // U+0177
    { 0x0178, 27 }, // U+0178
    { 0x0179, 28 }, // U+0179
    { 0x017A, 46 }, // U+017A
    { 0x017B, 28 }, // U+017B
    { 0x017C, 46 }, // U+017C
    { 0x017D, 28 }, // U+017D
    { 0x017E, 46 }, // U+017E
    { 0x0180, 32 }, // U+0180
    { 0x0181, 7 }, // U+0181
    { 0x0187, 8 }, // U+0187
    { 0x0188, 33 }, // U+0188
    { 0x0189, 9 }, // U+0189
    { 0x018A, 9 }, // U+018A
    { 0x018E, 13 }, // U+018E
    { 0x018F, 9 }, // U+018F
    { 0x0191, 11 }, // U+0191
    { 0x0192, 35 }, // U+0192
    { 0x0193, 12 }, // U+0193
    { 0x0197, 13 }, // U+0197
    { 0x0198, 73 }, // U+0198
    { 0x0199, 39 }, // U+0199
    { 0x019A, 68 }, // U+019A
    { 0x01A0, 74 }, // U+01A0
    { 0x01A1, 75 }, // U+01A1
    { 0x01A4, 19 }, // U+01A4
    { 0x01A5, 32 }, // U+01A5
    { 0x01AB, 43 }, // U+01AB
    { 0x01AC, 23 }, // U+01AC
    { 0x01AD, 43 }, // U+01AD
    { 0x01AE, 23 }, // U+01AE
    { 0x01AF, 76 }, // U+01AF
    { 0x01B0, 77 }, // U+01B0
    { 0x01B3, 78 }, // U+01B3
    { 0x01B4, 79 }, // U+01B4
    { 0x01B5, 28 }, // U+01B5
    { 0x01B6, 46 }, // U+01B6
    { 0x01B7, 80 }, // U+01B7
    { 0x01BB, 81 }, // U+01BB
    { 0x01C2, 82 }, // U+01C2
    { 0x01C4, 28 }, // U+01C4
    { 0x01C5, 46 }, // U+01C5
    { 0x01C6, 46 }, // U+01C6
    { 0x01C7, 14 }, // U+01C7
    { 0x01C8, 38 }, // U+01C8
    { 0x01C9, 38 }, // U+01C9
    { 0x01CA, 14 }, // U+01CA
    { 0x01CB, 38 }, // U+01CB
    { 0x01CC, 38 }, // U+01CC
    { 0x01CD, 6 }, // U+01CD
    { 0x01CE, 31 }, // U+01CE
    { 0x01CF, 13 }, // U+01CF
    { 0x01D0, 55 }, // U+01D0
    { 0x01D1, 9 }, // U+01D1
    { 0x01D2, 32 }, // U+01D2
    { 0x01D3, 24 }, // U+01D3
    { 0x01D4, 31 }, // U+01D4
    { 0x01D5, 24 }, // U+01D5
    { 0x01D6, 31 }, // U+01D6
    { 0x01D7, 24 }, // U+01D7
    { 0x01D8, 31 }, // U+01D8
    { 0x01D9, 24 }, // U+01D9
    { 0x01DA, 31 }, // U+01DA
    { 0x01DB, 24 }, // U+01DB
    { 0x01DC, 31 }, // U+01DC
    { 0x01DD, 32 }, // U+01DD
    { 0x01DE, 6 }, // U+01DE
    { 0x01DF, 31 }, // U+01DF
    { 0x01E0, 6 }, // U+01E0
    { 0x01E1, 31 }, // U+01E1
    { 0x01E2, 10 }, // U+01E2
    { 0x01E3, 34 }, // U+01E3
    { 0x01E4, 12 }, // U+01E4
    { 0x01E5, 83 }, // U+01E5
    { 0x01E6, 12 }, // U+01E6
    { 0x01E7, 36 }, // U+01E7
    { 0x01E8, 15 }, // U+01E8
    { 0x01E9, 39 }, // U+01E9
    { 0x01EA, 9 }, // U+01EA
    { 0x01EB, 32 }, // U+01EB
    { 0x01EC, 9 }, // U+01EC
    { 0x01ED, 32 }, // U+01ED
    { 0x01EE, 80 }, // U+01EE
    { 0x01EF, 84 }, // U+01EF
    { 0x01F0, 65 }, // U+01F0
    { 0x01F1, 28 }, // U+01F1
    { 0x01F2, 46 }, // U+01F2
    { 0x01F3, 46 }, // U+01F3
    { 0x01F4, 12 }, // U+01F4
    { 0x01F5, 36 }, // U+01F5
    { 0x01F8, 18 }, // U+01F8
    { 0x01F9, 37 }, // U+01F9
    { 0x01FA, 6 }, // U+01FA
    { 0x01FB, 31 }, // U+01FB
    { 0x01FC, 10 }, // U+01FC
    { 0x01FD, 34 }, // U+01FD
    { 0x01FE, 9 }, // U+01FE
    { 0x01FF, 56 }, // U+01FF
    { 0x0200, 6 }, // U+0200
    { 0x0201, 31 }, // U+0201
    { 0x0202, 6 }, // U+0202
    { 0x0203, 31 }, // U+0203
    { 0x0204, 10 }, // U+0204
    { 0x0205, 34 }, // U+0205
    { 0x0206, 10 }, // U+0206
    { 0x0207, 34 }, // U+0207
    { 0x0208, 13 }, // U+0208
    { 0x0209, 55 }, // U+0209
    { 0x020A, 13 }, // U+020A
    { 0x020B, 55 }, // U+020B
    { 0x020C, 9 }, // U+020C
    { 0x020D, 32 }, // U+020D
    { 0x020E, 9 }, // U+020E
    { 0x020F, 32 }, // U+020F
    { 0x0210, 21 }, // U+0210
    { 0x0211, 41 }, // U+0211
    { 0x0212, 21 }, // U+0212
    { 0x0213, 41 }, // U+0213
    { 0x0214, 24 }, // U+0214
    { 0x0215, 31 }, // U+0215
    { 0x0216, 24 }, // U+0216
    { 0x0217, 31 }, // U+0217
    { 0x0218, 22 }, // U+0218
    { 0x0219, 42 }, // U+0219
    { 0x021A, 23 }, // U+021A
    { 0x021B, 43 }, // U+021B
    { 0x021C, 7 }, // U+021C
    { 0x021D, 85 }, // U+021D
    { 0x021E, 13 }, // U+021E
    { 0x021F, 37 }, // U+021F
    { 0x0221, 86 }, // U+0221
    { 0x0224, 28 }, // U+0224
    { 0x0225, 46 }, // U+0225
    { 0x0226, 6 }, // U+0226
    { 0x0227, 31 }, // U+0227
    { 0x0228, 10 }, // U+0228
    { 0x0229, 34 }, // U+0229
    { 0x022A, 9 }, // U+022A
    { 0x022B, 32 }, // U+022B
    { 0x022C, 9 }, // U+022C
    { 0x022D, 32 }, // U+022D
    { 0x022E, 9 }, // U+022E
    { 0x022F, 32 }, // U+022F
    { 0x0230, 9 }, // U+0230
    { 0x0231, 32 }, // U+0231
    { 0x0232, 27 }, // U+0232
    { 0x0233, 44 }, // U+0233
    { 0x0234, 86 }, // U+0234
    { 0x0235, 86 }, // U+0235
    { 0x0236, 86 }, // U+0236
    { 0x0237, 38 }, // U+0237
    { 0x023A, 6 }, // U+023A
    { 0x023B, 8 }, // U+023B
    { 0x023C, 33 }, // U+023C
    { 0x023D, 16 }, // U+023D
    { 0x023E, 23 }, // U+023E
    { 0x023F, 42 }, // U+023F
    { 0x0240, 87 }, // U+0240
    { 0x0243, 7 }, // U+0243
    { 0x0244, 24 }, // U+0244
    { 0x0246, 10 }, // U+0246
    { 0x0247, 34 }, // U+0247
    { 0x0248, 14 }, // U+0248
    { 0x0249, 38 }, // U+0249
    { 0x024A, 88 }, // U+024A
    { 0x024B, 89 }, // U+024B
    { 0x024C, 21 }, // U+024C
    { 0x024D, 41 }, // U+024D
    { 0x024E, 90 }, // U+024E
    { 0x024F, 91 }, // U+024F
    { 0x1E00, 6 }, // U+1E00
    { 0x1E01, 31 }, // U+1E01
    { 0x1E02, 7 }, // U+1E02
    { 0x1E03, 32 }, // U+1E03
    { 0x1E04, 7 }, // U+1E04
    { 0x1E05, 32 }, // U+1E05
    { 0x1E06, 7 }, // U+1E06
    { 0x1E07, 32 }, // U+1E07
    { 0x1E08, 8 }, // U+1E08
    { 0x1E09, 33 }, // U+1E09
    { 0x1E0A, 9 }, // U+1E0A
    { 0x1E0C, 9 }, // U+1E0C
    { 0x1E0E, 9 }, // U+1E0E
    { 0x1E10, 9 }, // U+1E10
    { 0x1E12, 9 }, // U+1E12
    { 0x1E14, 10 }, // U+1E14
    { 0x1E15, 34 }, // U+1E15
    { 0x1E16, 10 }, // U+1E16
    { 0x1E17, 34 }, // U+1E17
    { 0x1E18, 10 }, // U+1E18
    { 0x1E19, 34 }, // U+1E19
    { 0x1E1A, 10 }, // U+1E1A
    { 0x1E1B, 34 }, // U+1E1B
    { 0x1E1C, 10 }, // U+1E1C
    { 0x1E1D, 34 }, // U+1E1D
    { 0x1E1E, 11 }, // U+1E1E
    { 0x1E1F, 35 }, // U+1E1F
    { 0x1E20, 12 }, // U+1E20
    { 0x1E21, 36 }, // U+1E21
    { 0x1E22, 13 }, // U+1E22
    { 0x1E23, 37 }, // U+1E23
    { 0x1E24, 13 }, // U+1E24
    { 0x1E25, 37 }, // U+1E25
    { 0x1E26, 13 }, // U+1E26
    { 0x1E27, 37 }, // U+1E27
    { 0x1E28, 13 }, // U+1E28
    { 0x1E29, 37 }, // U+1E29
    { 0x1E2A, 13 }, // U+1E2A
    { 0x1E2B, 37 }, // U+1E2B
    { 0x1E2C, 13 }, // U+1E2C
    { 0x1E2E, 13 }, // U+1E2E
    { 0x1E2F, 55 }, // U+1E2F
    { 0x1E30, 15 }, // U+1E30
    { 0x1E31, 39 }, // U+1E31
    { 0x1E32, 15 }, // U+1E32
    { 0x1E33, 39 }, // U+1E33
    { 0x1E34, 15 }, // U+1E34
    { 0x1E35, 39 }, // U+1E35
    { 0x1E36, 16 }, // U+1E36
    { 0x1E38, 16 }, // U+1E38
    { 0x1E3A, 16 }, // U+1E3A
    { 0x1E3C, 16 }, // U+1E3C
    { 0x1E3E, 17 }, // U+1E3E
    { 0x1E3F, 37 }, // U+1E3F
    { 0x1E40, 17 }, // U+1E40
    { 0x1E41, 37 }, // U+1E41
    { 0x1E42, 17 }, // U+1E42
    { 0x1E43, 37 }, // U+1E43
    { 0x1E44, 18 }, // U+1E44
    { 0x1E45, 37 }, // U+1E45
    { 0x1E46, 18 }, // U+1E46
    { 0x1E47, 37 }, // U+1E47
    { 0x1E48, 18 }, // U+1E48
    { 0x1E49, 37 }, // U+1E49
    { 0x1E4A, 18 }, // U+1E4A
    { 0x1E4B, 37 }, // U+1E4B
    { 0x1E4C, 9 }, // U+1E4C
    { 0x1E4D, 32 }, // U+1E4D
    { 0x1E4E, 9 }, // U+1E4E
    { 0x1E4F, 32 }, // U+1E4F
    { 0x1E50, 9 }, // U+1E50
    { 0x1E51, 32 }, // U+1E51
    { 0x1E52, 9 }, // U+1E52
    { 0x1E53, 32 }, // U+1E53
    { 0x1E54, 19 }, // U+1E54
    { 0x1E55, 32 }, // U+1E55
    { 0x1E56, 19 }, // U+1E56
    { 0x1E57, 32 }, // U+1E57
    { 0x1E58, 21 }, // U+1E58
    { 0x1E59, 41 }, // U+1E59
    { 0x1E5A, 21 }, // U+1E5A
    { 0x1E5B, 41 }, // U+1E5B
    { 0x1E5C, 21 }, // U+1E5C
    { 0x1E5D, 41 }, // U+1E5D
    { 0x1E5E, 21 }, // U+1E5E
    { 0x1E5F, 41 }, // U+1E5F
    { 0x1E60, 22 }, // U+1E60
    { 0x1E61, 42 }, // U+1E61
    { 0x1E62, 22 }, // U+1E62
    { 0x1E63, 42 }, // U+1E63
    { 0x1E64, 22 }, // U+1E64
    { 0x1E65, 42 }, // U+1E65
    { 0x1E66, 22 }, // U+1E66
    { 0x1E67, 42 }, // U+1E67
    { 0x1E68, 22 }, // U+1E68
    { 0x1E69, 42 }, // U+1E69
    { 0x1E6A, 23 }, // U+1E6A
    { 0x1E6B, 43 }, // U+1E6B
    { 0x1E6C, 23 }, // U+1E6C
    { 0x1E6D, 43 }, // U+1E6D
    { 0x1E6E, 23 }, // U+1E6E
    { 0x1E6F, 43 }, // U+1E6F
    { 0x1E70, 23 }, // U+1E70
    { 0x1E71, 43 }, // U+1E71
    { 0x1E72, 24 }, // U+1E72
    { 0x1E73, 31 }, // U+1E73
    { 0x1E74, 24 }, // U+1E74
    { 0x1E75, 31 }, // U+1E75
    { 0x1E76, 24 }, // U+1E76
    { 0x1E77, 31 }, // U+1E77
    { 0x1E78, 24 }, // U+1E78
    { 0x1E79, 31 }, // U+1E79
    { 0x1E7A, 24 }, // U+1E7A
    { 0x1E7B, 31 }, // U+1E7B
    { 0x1E7C, 25 }, // U+1E7C
    { 0x1E7D, 44 }, // U+1E7D
    { 0x1E7E, 25 }, // U+1E7E
    { 0x1E7F, 44 }, // U+1E7F
    { 0x1E80, 25 }, // U+1E80
    { 0x1E81, 44 }, // U+1E81
    { 0x1E82, 25 }, // U+1E82
    { 0x1E83, 44 }, // U+1E83
    { 0x1E84, 25 }, // U+1E84
    { 0x1E85, 44 }, // U+1E85
    { 0x1E86, 25 }, // U+1E86
    { 0x1E87, 44 }, // U+1E87
    { 0x1E88, 25 }, // U+1E88
    { 0x1E89, 44 }, // U+1E89
    { 0x1E8A, 26 }, // U+1E8A
    { 0x1E8B, 45 }, // U+1E8B
    { 0x1E8C, 26 }, // U+1E8C
    { 0x1E8D, 45 }, // U+1E8D
    { 0x1E8E, 27 }, // U+1E8E
    { 0x1E8F, 44 }, // U+1E8F
    { 0x1E90, 28 }, // U+1E90
    { 0x1E91, 46 }, // U+1E91
    { 0x1E92, 28 }, // U+1E92
    { 0x1E93, 46 }, // U+1E93
    { 0x1E94, 28 }, // U+1E94
    { 0x1E95, 46 }, // U+1E95
    { 0x1E96, 37 }, // U+1E96
    { 0x1E97, 43 }, // U+1E97
    { 0x1E98, 44 }, // U+1E98
    { 0x1E99, 44 }, // U+1E99
    { 0x1E9A, 31 }, // U+1E9A
    { 0x1EA0, 6 }, // U+1EA0
    { 0x1EA1, 31 }, // U+1EA1
    { 0x1EA2, 6 }, // U+1EA2
    { 0x1EA3, 31 }, // U+1EA3
    { 0x1EA4, 6 }, // U+1EA4
    { 0x1EA5, 31 }, // U+1EA5
    { 0x1EA6, 6 }, // U+1EA6
    { 0x1EA7, 31 }, // U+1EA7
    { 0x1EA8, 6 }, // U+1EA8
    { 0x1EA9, 31 }, // U+1EA9
    { 0x1EAA, 6 }, // U+1EAA
    { 0x1EAB, 31 }, // U+1EAB
    { 0x1EAC, 6 }, // U+1EAC
    { 0x1EAD, 31 }, // U+1EAD
    { 0x1EAE, 6 }, // U+1EAE
    { 0x1EAF, 31 }, // U+1EAF
    { 0x1EB0, 6 }, // U+1EB0
    { 0x1EB1, 31 }, // U+1EB1
    { 0x1EB2, 6 }, // U+1EB2
    { 0x1EB3, 31 }, // U+1EB3
    { 0x1EB4, 6 }, // U+1EB4
    { 0x1EB5, 31 }, // U+1EB5
    { 0x1EB6, 6 }, // U+1EB6
    { 0x1EB7, 31 }, // U+1EB7
    { 0x1EB8, 10 }, // U+1EB8
    { 0x1EB9, 34 }, // U+1EB9
    { 0x1EBA, 10 }, // U+1EBA
    { 0x1EBB, 34 }, // U+1EBB
    { 0x1EBC, 10 }, // U+1EBC
    { 0x1EBD, 34 }, // U+1EBD
    { 0x1EBE, 10 }, // U+1EBE
    { 0x1EBF, 34 }, // U+1EBF
    { 0x1EC0, 10 }, // U+1EC0
    { 0x1EC1, 34 }, // U+1EC1
    { 0x1EC2, 10 }, // U+1EC2
    { 0x1EC3, 34 }, // U+1EC3
    { 0x1EC4, 10 }, // U+1EC4
    { 0x1EC5, 34 }, // U+1EC5
    { 0x1EC6, 10 }, // U+1EC6
    { 0x1EC7, 34 }, // U+1EC7
    { 0x1EC8, 13 }, // U+1EC8
    { 0x1EC9, 55 }, // U+1EC9
    { 0x1ECA, 13 }, // U+1ECA
    { 0x1ECC, 9 }, // U+1ECC
    { 0x1ECD, 32 }, // U+1ECD
    { 0x1ECE, 9 }, // U+1ECE
    { 0x1ECF, 32 }, // U+1ECF
    { 0x1ED0, 9 }, // U+1ED0
    { 0x1ED1, 32 }, // U+1ED1
    { 0x1ED2, 9 }, // U+1ED2
    { 0x1ED3, 32 }, // U+1ED3
    { 0x1ED4, 9 }, // U+1ED4
    { 0x1ED5, 32 }, // U+1ED5
    { 0x1ED6, 9 }, // U+1ED6
    { 0x1ED7, 32 }, // U+1ED7
    { 0x1ED8, 9 }, // U+1ED8
    { 0x1ED9, 32 }, // U+1ED9
    { 0x1EDA, 74 }, // U+1EDA
    { 0x1EDB, 75 }, // U+1EDB
    { 0x1EDC, 74 }, // U+1EDC
    { 0x1EDD, 75 }, // U+1EDD
    { 0x1EDE, 74 }, // U+1EDE
    { 0x1EDF, 75 }, // U+1EDF
    { 0x1EE0, 74 }, // U+1EE0
    { 0x1EE1, 75 }, // U+1EE1
    { 0x1EE2, 74 }, // U+1EE2
    { 0x1EE3, 75 }, // U+1EE3
    { 0x1EE4, 24 }, // U+1EE4
    { 0x1EE5, 31 }, // U+1EE5
    { 0x1EE6, 24 }, // U+1EE6
    { 0x1EE7, 31 }, // U+1EE7
    { 0x1EE8, 76 }, // U+1EE8
    { 0x1EE9, 77 }, // U+1EE9
    { 0x1EEA, 76 }, // U+1EEA
    { 0x1EEB, 77 }, // U+1EEB
    { 0x1EEC, 76 }, // U+1EEC
    { 0x1EED, 77 }, // U+1EED
    { 0x1EEE, 76 }, // U+1EEE
    { 0x1EEF, 77 }, // U+1EEF
    { 0x1EF0, 76 }, // U+1EF0
    { 0x1EF1, 77 }, // U+1EF1
    { 0x1EF2, 27 }, // U+1EF2
    { 0x1EF3, 44 }, // U+1EF3
    { 0x1EF4, 27 }, // U+1EF4
    { 0x1EF5, 44 }, // U+1EF5
    { 0x1EF6, 27 }, // U+1EF6
    { 0x1EF7, 44 }, // U+1EF7
    { 0x1EF8, 27 }, // U+1EF8
    { 0x1EF9, 44 }, // U+1EF9
    { 0x2010, 4 }, // U+2010
    { 0x2011, 4 }, // U+2011
    { 0x2013, 4 }, // U+2013
    { 0x2014, 4 }, // U+2014
    { 0x2015, 4 }, // U+2015
    { 0x2018, 92 }, // U+2018
    { 0x2019, 93 }, // U+2019
    { 0x201A, 94 }, // U+201A
    { 0x201B, 92 }, // U+201B
    { 0x201C, 92 }, // U+201C
    { 0x201D, 93 }, // U+201D
    { 0x201E, 3 }, // U+201E
    { 0x2025, 3 }, // U+2025
    { 0x2026, 3 }, // U+2026
    { 0x2039, 49 }, // U+2039
    { 0x203A, 50 }, // U+203A
    { 0xFB00, 35 }, // U+FB00
    { 0xFB05, 43 }, // U+FB05
    { 0xFB06, 43 }, // U+FB06
};

static const EpdKernClassEntry bookerly_18_italicKernRightClasses[] = {
    { 0x0021, 1 }, // !
    { 0x0022, 2 }, // "
    { 0x0027, 2 }, // '
    { 0x0029, 3 }, // )
    { 0x002A, 4 }, // *
    { 0x002C, 5 }, // ,
    { 0x002D, 6 }, // -
    { 0x002E, 7 }, // .
    { 0x002F, 8 }, // /
    { 0x003A, 9 }, // :
    { 0x003B, 10 }, // ;
    { 0x003F, 11 }, // ?
    { 0x0041, 12 }, // A
    { 0x0042, 13 }, // B
    { 0x0043, 14 }, // C
    { 0x0044, 13 }, // D
    { 0x0045, 15 }, // E
    { 0x0046, 15 }, // F
    { 0x0047, 14 }, // G
    { 0x0048, 15 }, // H
    { 0x0049, 15 }, // I
    { 0x004A, 16 }, // J
    { 0x004B, 15 }, // K
    { 0x004C, 15 }, // L
    { 0x004D, 17 }, // M
    { 0x004E, 15 }, // N
    { 0x004F, 14 }, // O
    { 0x0050, 13 }, // P
    { 0x0051, 14 }, // Q
    { 0x0052, 13 }, // R
    { 0x0053, 18 }, // S
    { 0x0054, 19 }, // T
    { 0x0055, 20 }, // U
    { 0x0056, 21 }, // V
    { 0x0057, 21 }, // W
    { 0x0058, 22 }, // X
    { 0x0059, 23 }, // Y
    { 0x005A, 24 }, // Z
    { 0x005C, 25 }, // <backslash>
    { 0x005D, 26 }, // ]
    { 0x0061, 27 }, // a
    { 0x0062, 28 }, // b
    { 0x0063, 27 }, // c
    { 0x0064, 27 }, // d
    { 0x0065, 27 }, // e
    { 0x0066, 29 }, // f
    { 0x0067, 30 }, // g
    { 0x0068, 28 }, // h
    { 0x0069, 31 }, // i
    { 0x006A, 32 }, // j
    { 0x006B, 28 }, // k
    { 0x006C, 28 }, // l
    { 0x006D, 33 }, // m
    { 0x006E, 33 }, // n
    { 0x006F, 27 }, // o
    { 0x0070, 34 }, // p
    { 0x0071, 27 }, // q
    { 0x0072, 33 }, // r
    { 0x0073, 35 }, // s
    { 0x0074, 36 }, // t
    { 0x0075, 37 }, // u
    { 0x0076, 38 }, // v
    { 0x0077, 38 }, // w
    { 0x0078, 39 }, // x
    { 0x0079, 40 }, // y
    { 0x007A, 41 }, // z
    { 0x007D, 42 }, // }
    { 0x00AB, 43 }, // U+00AB
    { 0x00AD, 6 }, // U+00AD
    { 0x00BB, 44 }, // U+00BB
    { 0x00BF, 45 }, // U+00BF
    { 0x00C0, 12 }, // U+00C0
    { 0x00C1, 12 }, // U+00C1
    { 0x00C2, 12 }, // U+00C2
    { 0x00C3, 12 }, // U+00C3
    { 0x00C4, 12 }, // U+00C4
    { 0x00C5, 12 }, // U+00C5
    { 0x00C6, 46 }, // U+00C6
    { 0x00C7, 14 }, // U+00C7
    { 0x00C8, 15 }, // U+00C8
    { 0x00C9, 15 }, // U+00C9
    { 0x00CA, 15 }, // U+00CA
    { 0x00CB, 15 }, // U+00CB
    { 0x00CC, 15 }, // U+00CC
    { 0x00CD, 15 }, // U+00CD
    { 0x00CE, 15 }, // U+00CE
    { 0x00CF, 15 }, // U+00CF
    { 0x00D0, 13 }, // U+00D0
    { 0x00D1, 15 }, // U+00D1
    { 0x00D2, 14 }, // U+00D2
    { 0x00D3, 14 }, // U+00D3
    { 0x00D4, 14 }, // U+00D4
    { 0x00D5, 14 }, // U+00D5
    { 0x00D6, 14 }, // U+00D6
    { 0x00D8, 14 }, // U+00D8
    { 0x00D9, 20 }, // U+00D9
    { 0x00DA, 20 }, // U+00DA
    { 0x00DB, 20 }, // U+00DB
    { 0x00DC, 20 }, // U+00DC
    { 0x00DD, 23 }, // U+00DD
    { 0x00DE, 15 }, // U+00DE
    { 0x00DF, 47 }, // U+00DF
    { 0x00E0, 27 }, // U+00E0
    { 0x00E1, 27 }, // U+00E1
    { 0x00E2, 27 }, // U+00E2
    { 0x00E3, 27 }, // U+00E3
    { 0x00E4, 48 }, // U+00E4
    { 0x00E5, 27 }, // U+00E5
    { 0x00E6, 27 }, // U+00E6
    { 0x00E7, 27 }, // U+00E7
    { 0x00E8, 27 }, // U+00E8
    { 0x00E9, 27 }, // U+00E9
    { 0x00EA, 27 }, // U+00EA
    { 0x00EB, 27 }, // U+00EB
    { 0x00EC, 49 }, // U+00EC
    { 0x00ED, 31 }, // U+00ED
    { 0x00EE, 50 }, // U+00EE
    { 0x00EF, 50 }, // U+00EF
    { 0x00F0, 27 }, // U+00F0
    { 0x00F1, 33 }, // U+00F1
    { 0x00F2, 27 }, // U+00F2
    { 0x00F3, 27 }, // U+00F3
    { 0x00F4, 27 }, // U+00F4
    { 0x00F5, 27 }, // U+00F5
    { 0x00F6, 27 }, // U+00F6
    { 0x00F8, 51 }, // U+00F8
    { 0x00F9, 37 }, // U+00F9
    { 0x00FA, 37 }, // U+00FA
    { 0x00FB, 37 }, // U+00FB
    { 0x00FC, 37 }, // U+00FC
    { 0x00FD, 38 }, // U+00FD
    { 0x00FE, 52 }, // U+00FE
    { 0x00FF, 38 }, // U+00FF
    { 0x0100, 12 }, // U+0100
    { 0x0101, 27 }, // U+0101
    { 0x0102, 12 }, // U+0102
    { 0x0103, 27 }, // U+0103
    { 0x0104, 12 }, // U+0104
    { 0x0105, 27 }, // U+0105
    { 0x0106, 14 }, // U+0106
    { 0x0107, 27 }, // U+0107
    { 0x0108, 14 }, // U+0108
    { 0x0109, 27 }, // U+0109
    { 0x010A, 14 }, // U+010A
    { 0x010B, 27 }, // U+010B
    { 0x010C, 14 }, // U+010C
    { 0x010D, 53 }, // U+010D
    { 0x010E, 13 }, // U+010E
    { 0x010F, 27 }, // U+010F
    { 0x0110, 13 }, // U+0110
    { 0x0111, 27 }, // U+0111
    { 0x0112, 15 }, // U+0112
    { 0x0113, 27 }, // U+0113
    { 0x0114, 15 }, // U+0114
    { 0x0115, 27 }, // U+0115
    { 0x0116, 15 }, // U+0116
    { 0x0117, 27 }, // U+0117
    { 0x0118, 15 }, // U+0118
    { 0x0119, 27 }, // U+0119
    { 0x011A, 15 }, // U+011A
    { 0x011B, 27 }, // U+011B
    { 0x011C, 14 }, // U+011C
    { 0x011D, 30 }, // U+011D
    { 0x011E, 14 }, // U+011E
    { 0x011F, 30 }, // U+011F
    { 0x0120, 14 }, // U+0120
    { 0x0121, 30 }, // U+0121
    { 0x0122, 14 }, // U+0122
    { 0x0123, 30 }, // U+0123
    { 0x0124, 15 }, // U+0124
    { 0x0125, 28 }, // U+0125
    { 0x0126, 15 }, // U+0126
    { 0x0127, 54 }, // U+0127
    { 0x0128, 15 }, // U+0128
    { 0x0129, 55 }, // U+0129
    { 0x012A, 15 }, // U+012A
    { 0x012B, 50 }, // U+012B
    { 0x012C, 15 }, // U+012C
    { 0x012D, 50 }, // U+012D
    { 0x012E, 15 }, // U+012E
    { 0x012F, 31 }, // U+012F
    { 0x0130, 15 }, // U+0130
    { 0x0131, 33 }, // U+0131
    { 0x0132, 15 }, // U+0132
    { 0x0133, 31 }, // U+0133
    { 0x0134, 16 }, // U+0134
    { 0x0135, 56 }, // U+0135
    { 0x0136, 15 }, // U+0136
    { 0x0137, 28 }, // U+0137
    { 0x0138, 33 }, // U+0138
    { 0x0139, 15 }, // U+0139
    { 0x013A, 28 }, // U+013A
    { 0x013B, 15 }, // U+013B
    { 0x013C, 28 }, // U+013C
    { 0x013D, 15 }, // U+013D
    { 0x013E, 28 }, // U+013E
    { 0x013F, 15 }, // U+013F
    { 0x0140, 28 }, // U+0140
    { 0x0141, 15 }, // U+0141
    { 0x0142, 57 }, // U+0142
    { 0x0143, 15 }, // U+0143
    { 0x0144, 33 }, // U+0144
    { 0x0145, 15 }, // U+0145
    { 0x0146, 33 }, // U+0146
    { 0x0147, 15 }, // U+0147
    { 0x0148, 33 }, // U+0148
    { 0x0149, 33 }, // U+0149
    { 0x014A, 15 }, // U+014A
    { 0x014B, 33 }, // U+014B
    { 0x014C, 14 }, // U+014C
    { 0x014D, 27 }, // U+014D
    { 0x014E, 14 }, // U+014E
    { 0x014F, 27 }, // U+014F
    { 0x0150, 14 }, // U+0150
    { 0x0151, 27 }, // U+0151
    { 0x0152, 14 }, // U+0152
    { 0x0153, 27 }, // U+0153
    { 0x0154, 13 }, // U+0154
    { 0x0155, 33 }, // U+0155
    { 0x0156, 13 }, // U+0156
    { 0x0157, 33 }, // U+0157
    { 0x0158, 13 }, // U+0158
    { 0x0159, 33 }, // U+0159
    { 0x015A, 18 }, // U+015A
    { 0x015B, 35 }, // U+015B
    { 0x015C, 18 }, // U+015C
    { 0x015D, 35 }, // U+015D
    { 0x015E, 18 }, // U+015E
    { 0x015F, 35 }, // U+015F
    { 0x0160, 18 }, // U+0160
    { 0x0161, 58 }, // U+0161
    { 0x0162, 19 }, // U+0162
    { 0x0163, 36 }, // U+0163
    { 0x0164, 19 }, // U+0164
    { 0x0165, 36 }, // U+0165
    { 0x0166, 19 }, // U+0166
    { 0x0167, 36 }, // U+0167
    { 0x0168, 20 }, // U+0168
    { 0x0169, 37 }, // U+0169
    { 0x016A, 20 }, // U+016A
    { 0x016B, 37 }, // U+016B
    { 0x016C, 20 }, // U+016C
    { 0x016D, 37 }, // U+016D
    { 0x016E, 20 }, // U+016E
    { 0x016F, 37 }, // U+016F
    { 0x0170, 20 }, // U+0170
    { 0x0171, 37 }, // U+0171
    { 0x0172, 20 }, // U+0172
    { 0x0173, 37 }, // U+0173
    { 0x0174, 21 }, // U+0174
    { 0x0175, 38 }, // U+0175
    { 0x0176, 23 }, // U+0176
    { 0x0177, 38 }, // U+0177
    { 0x0178, 23 }, // U+0178
    { 0x0179, 24 }, // U+0179
    { 0x017A, 41 }, // U+017A
    { 0x017B, 24 }, // U+017B
    { 0x017C, 41 }, // U+017C
    { 0x017D, 24 }, // U+017D
    { 0x017E, 59 }, // U+017E
    { 0x017F, 47 }, // U+017F
    { 0x0180, 28 }, // U+0180
    { 0x0187, 14 }, // U+0187
    { 0x0188, 27 }, // U+0188
    { 0x0189, 13 }, // U+0189
    { 0x018E, 60 }, // U+018E
    { 0x018F, 61 }, // U+018F
    { 0x0191, 15 }, // U+0191
    { 0x0192, 29 }, // U+0192
    { 0x0193, 14 }, // U+0193
    { 0x0197, 15 }, // U+0197
    { 0x0198, 15 }, // U+0198
    { 0x0199, 47 }, // U+0199
    { 0x019A, 28 }, // U+019A
    { 0x01A0, 14 }, // U+01A0
    { 0x01A1, 27 }, // U+01A1
    { 0x01A5, 47 }, // U+01A5
    { 0x01AB, 36 }, // U+01AB
    { 0x01AD, 36 }, // U+01AD
    { 0x01AE, 19 }, // U+01AE
    { 0x01AF, 20 }, // U+01AF
    { 0x01B0, 37 }, // U+01B0
    { 0x01B2, 20 }, // U+01B2
    { 0x01B3, 23 }, // U+01B3
    { 0x01B4, 38 }, // U+01B4
    { 0x01B5, 24 }, // U+01B5
    { 0x01B6, 41 }, // U+01B6
    { 0x01B7, 62 }, // U+01B7
    { 0x01BB, 63 }, // U+01BB
    { 0x01C2, 64 }, // U+01C2
    { 0x01C3, 65 }, // U+01C3
    { 0x01C4, 13 }, // U+01C4
    { 0x01C5, 13 }, // U+01C5
    { 0x01C6, 27 }, // U+01C6
    { 0x01C7, 15 }, // U+01C7
    { 0x01C8, 15 }, // U+01C8
    { 0x01C9, 28 }, // U+01C9
    { 0x01CA, 15 }, // U+01CA
    { 0x01CB, 15 }, // U+01CB
    { 0x01CC, 33 }, // U+01CC
    { 0x01CD, 12 }, // U+01CD
    { 0x01CE, 27 }, // U+01CE
    { 0x01CF, 15 }, // U+01CF
    { 0x01D0, 50 }, // U+01D0
    { 0x01D1, 14 }, // U+01D1
    { 0x01D2, 27 }, // U+01D2
    { 0x01D3, 20 }, // U+01D3
    { 0x01D4, 37 }, // U+01D4
    { 0x01D5, 20 }, // U+01D5
    { 0x01D6, 37 }, // U+01D6
    { 0x01D7, 20 }, // U+01D7
    { 0x01D8, 37 }, // U+01D8
    { 0x01D9, 20 }, // U+01D9
    { 0x01DA, 37 }, // U+01DA
    { 0x01DB, 20 }, // U+01DB
    { 0x01DC, 37 }, // U+01DC
    { 0x01DD, 66 }, // U+01DD
    { 0x01DE, 12 }, // U+01DE
    { 0x01DF, 27 }, // U+01DF
    { 0x01E0, 12 }, // U+01E0
    { 0x01E1, 27 }, // U+01E1
    { 0x01E2, 46 }, // U+01E2
    { 0x01E3, 27 }, // U+01E3
    { 0x01E4, 14 }, // U+01E4
    { 0x01E5, 67 }, // U+01E5
    { 0x01E6, 14 }, // U+01E6
    { 0x01E7, 30 }, // U+01E7
    { 0x01E8, 15 }, // U+01E8
    { 0x01E9, 28 }, // U+01E9
    { 0x01EA, 14 }, // U+01EA
    { 0x01EB, 27 }, // U+01EB
    { 0x01EC, 14 }, // U+01EC
    { 0x01ED, 27 }, // U+01ED
    { 0x01EE, 62 }, // U+01EE
    { 0x01EF, 68 }, // U+01EF
    { 0x01F0, 56 }, // U+01F0
    { 0x01F1, 13 }, // U+01F1
    { 0x01F2, 13 }, // U+01F2
    { 0x01F3, 27 }, // U+01F3
    { 0x01F4, 14 }, // U+01F4
    { 0x01F5, 30 }, // U+01F5
    { 0x01F8, 15 }, // U+01F8
    { 0x01F9, 33 }, // U+01F9
    { 0x01FA, 12 }, // U+01FA
    { 0x01FB, 27 }, // U+01FB
    { 0x01FC, 46 }, // U+01FC
    { 0x01FD, 27 }, // U+01FD
    { 0x01FE, 14 }, // U+01FE
    { 0x01FF, 51 }, // U+01FF
    { 0x0200, 12 }, // U+0200
    { 0x0201, 27 }, // U+0201
    { 0x0202, 12 }, // U+0202
    { 0x0203, 27 }, // U+0203
    { 0x0204, 15 }, // U+0204
    { 0x0205, 27 }, // U+0205
    { 0x0206, 15 }, // U+0206
    { 0x0207, 27 }, // U+0207
    { 0x0208, 15 }, // U+0208
    { 0x0209, 50 }, // U+0209
    { 0x020A, 15 }, // U+020A
    { 0x020B, 50 }, // U+020B
    { 0x020C, 14 }, // U+020C
    { 0x020D, 27 }, // U+020D
    { 0x020E, 14 }, // U+020E
    { 0x020F, 27 }, // U+020F
    { 0x0210, 13 }, // U+0210
    { 0x0211, 33 }, // U+0211
    { 0x0212, 13 }, // U+0212
    { 0x0213, 33 }, // U+0213
    { 0x0214, 20 }, // U+0214
    { 0x0215, 37 }, // U+0215
    { 0x0216, 20 }, // U+0216
    { 0x0217, 37 }, // U+0217
    { 0x0218, 18 }, // U+0218
    { 0x0219, 35 }, // U+0219
    { 0x021A, 19 }, // U+021A
    { 0x021B, 36 }, // U+021B
    { 0x021C, 69 }, // U+021C
    { 0x021D, 70 }, // U+021D
    { 0x021E, 15 }, // U+021E
    { 0x021F, 28 }, // U+021F
    { 0x0221, 27 }, // U+0221
    { 0x0224, 24 }, // U+0224
    { 0x0225, 41 }, // U+0225
    { 0x0226, 12 }, // U+0226
    { 0x0227, 27 }, // U+0227
    { 0x0228, 15 }, // U+0228
    { 0x0229, 27 }, // U+0229
    { 0x022A, 14 }, // U+022A
    { 0x022B, 27 }, // U+022B
    { 0x022C, 14 }, // U+022C
    { 0x022D, 27 }, // U+022D
    { 0x022E, 14 }, // U+022E
    { 0x022F, 27 }, // U+022F
    { 0x0230, 14 }, // U+0230
    { 0x0231, 27 }, // U+0231
    { 0x0232, 23 }, // U+0232
    { 0x0233, 38 }, // U+0233
    { 0x0234, 71 }, // U+0234
    { 0x0235, 33 }, // U+0235
    { 0x0236, 36 }, // U+0236
    { 0x0237, 32 }, // U+0237
    { 0x023A, 12 }, // U+023A
    { 0x023B, 14 }, // U+023B
    { 0x023C, 27 }, // U+023C
    { 0x023D, 15 }, // U+023D
    { 0x023E, 19 }, // U+023E
    { 0x023F, 35 }, // U+023F
    { 0x0240, 41 }, // U+0240
    { 0x0243, 13 }, // U+0243
    { 0x0244, 20 }, // U+0244
    { 0x0246, 15 }, // U+0246
    { 0x0247, 27 }, // U+0247
    { 0x0248, 16 }, // U+0248
    { 0x0249, 32 }, // U+0249
    { 0x024A, 14 }, // U+024A
    { 0x024B, 27 }, // U+024B
    { 0x024C, 13 }, // U+024C
    { 0x024D, 33 }, // U+024D
    { 0x024E, 72 }, // U+024E
    { 0x024F, 38 }, // U+024F
    { 0x1E00, 12 }, // U+1E00
    { 0x1E01, 27 }, // U+1E01
    { 0x1E02, 13 }, // U+1E02
    { 0x1E03, 28 }, // U+1E03
    { 0x1E04, 13 }, // U+1E04
    { 0x1E05, 28 }, // U+1E05
    { 0x1E06, 13 }, // U+1E06
    { 0x1E07, 28 }, // U+1E07
    { 0x1E08, 14 }, // U+1E08
    { 0x1E09, 27 }, // U+1E09
    { 0x1E0A, 13 }, // U+1E0A
    { 0x1E0B, 27 }, // U+1E0B
    { 0x1E0C, 13 }, // U+1E0C
    { 0x1E0D, 27 }, // U+1E0D
    { 0x1E0E, 13 }, // U+1E0E
    { 0x1E0F, 27 }, // U+1E0F
    { 0x1E10, 13 }, // U+1E10
    { 0x1E11, 27 }, // U+1E11
    { 0x1E12, 13 }, // U+1E12
    { 0x1E13, 27 }, // U+1E13
    { 0x1E14, 15 }, // U+1E14
    { 0x1E15, 27 }, // U+1E15
    { 0x1E16, 15 }, // U+1E16
    { 0x1E17, 27 }, // U+1E17
    { 0x1E18, 15 }, // U+1E18
    { 0x1E19, 27 }, // U+1E19
    { 0x1E1A, 15 }, // U+1E1A
    { 0x1E1B, 27 }, // U+1E1B
    { 0x1E1C, 15 }, // U+1E1C
    { 0x1E1D, 27 }, // U+1E1D
    { 0x1E1E, 15 }, // U+1E1E
    { 0x1E1F, 29 }, // U+1E1F
    { 0x1E20, 14 }, // U+1E20
    { 0x1E21, 30 }, // U+1E21
    { 0x1E22, 15 }, // U+1E22
    { 0x1E23, 28 }, // U+1E23
    { 0x1E24, 15 }, // U+1E24
    { 0x1E25, 28 }, // U+1E25
    { 0x1E26, 15 }, // U+1E26
    { 0x1E27, 28 }, // U+1E27
    { 0x1E28, 15 }, // U+1E28
    { 0x1E29, 28 }, // U+1E29
    { 0x1E2A, 15 }, // U+1E2A
    { 0x1E2B, 28 }, // U+1E2B
    { 0x1E2C, 15 }, // U+1E2C
    { 0x1E2D, 31 }, // U+1E2D
    { 0x1E2E, 15 }, // U+1E2E
    { 0x1E2F, 50 }, // U+1E2F
    { 0x1E30, 15 }, // U+1E30
    { 0x1E31, 28 }, // U+1E31
    { 0x1E32, 15 }, // U+1E32
    { 0x1E33, 28 }, // U+1E33
    { 0x1E34, 15 }, // U+1E34
    { 0x1E35, 28 }, // U+1E35
    { 0x1E36, 15 }, // U+1E36
    { 0x1E37, 28 }, // U+1E37
    { 0x1E38, 15 }, // U+1E38
    { 0x1E39, 28 }, // U+1E39
    { 0x1E3A, 15 }, // U+1E3A
    { 0x1E3B, 28 }, // U+1E3B
    { 0x1E3C, 15 }, // U+1E3C
    { 0x1E3D, 28 }, // U+1E3D
    { 0x1E3E, 17 }, // U+1E3E
    { 0x1E3F, 33 }, // U+1E3F
    { 0x1E40, 17 }, // U+1E40
    { 0x1E41, 33 }, // U+1E41
    { 0x1E42, 17 }, // U+1E42
    { 0x1E43, 33 }, // U+1E43
    { 0x1E44, 15 }, // U+1E44
    { 0x1E45, 33 }, // U+1E45
    { 0x1E46, 15 }, // U+1E46
    { 0x1E47, 33 }, // U+1E47
    { 0x1E48, 15 }, // U+1E48
    { 0x1E49, 33 }, // U+1E49
    { 0x1E4A, 15 }, // U+1E4A
    { 0x1E4B, 33 }, // U+1E4B
    { 0x1E4C, 14 }, // U+1E4C
    { 0x1E4D, 27 }, // U+1E4D
    { 0x1E4E, 14 }, // U+1E4E
    { 0x1E4F, 27 }, // U+1E4F
    { 0x1E50, 14 }, // U+1E50
    { 0x1E51, 27 }, // U+1E51
    { 0x1E52, 14 }, // U+1E52
    { 0x1E53, 27 }, // U+1E53
    { 0x1E54, 13 }, // U+1E54
    { 0x1E55, 33 }, // U+1E55
    { 0x1E56, 13 }, // U+1E56
    { 0x1E57, 33 }, // U+1E57
    { 0x1E58, 13 }, // U+1E58
    { 0x1E59, 33 }, // U+1E59
    { 0x1E5A, 13 }, // U+1E5A
    { 0x1E5B, 33 }, // U+1E5B
    { 0x1E5C, 13 }, // U+1E5C
    { 0x1E5D, 33 }, // U+1E5D
    { 0x1E5E, 13 }, // U+1E5E
    { 0x1E5F, 33 }, // U+1E5F
    { 0x1E60, 18 }, // U+1E60
    { 0x1E61, 35 }, // U+1E61
    { 0x1E62, 18 }, // U+1E62
    { 0x1E63, 35 }, // U+1E63
    { 0x1E64, 18 }, // U+1E64
    { 0x1E65, 35 }, // U+1E65
    { 0x1E66, 18 }, // U+1E66
    { 0x1E67, 35 }, // U+1E67
    { 0x1E68, 18 }, // U+1E68
    { 0x1E69, 35 }, // U+1E69
    { 0x1E6A, 19 }, // U+1E6A
    { 0x1E6B, 36 }, // U+1E6B
    { 0x1E6C, 19 }, // U+1E6C
    { 0x1E6D, 36 }, // U+1E6D
    { 0x1E6E, 19 }, // U+1E6E
    { 0x1E6F, 36 }, // U+1E6F
    { 0x1E70, 19 }, // U+1E70
    { 0x1E71, 36 }, // U+1E71
    { 0x1E72, 20 }, // U+1E72
    { 0x1E73, 37 }, // U+1E73
    { 0x1E74, 20 }, // U+1E74
    { 0x1E75, 37 }, // U+1E75
    { 0x1E76, 20 }, // U+1E76
    { 0x1E77, 37 }, // U+1E77
    { 0x1E78, 20 }, // U+1E78
    { 0x1E79, 37 }, // U+1E79
    { 0x1E7A, 20 }, // U+1E7A
    { 0x1E7B, 37 }, // U+1E7B
    { 0x1E7C, 21 }, // U+1E7C
    { 0x1E7D, 38 }, // U+1E7D
    { 0x1E7E, 21 }, // U+1E7E
    { 0x1E7F, 38 }, // U+1E7F
    { 0x1E80, 21 }, // U+1E80
    { 0x1E81, 38 }, // U+1E81
    { 0x1E82, 21 }, // U+1E82
    { 0x1E83, 38 }, // U+1E83
    { 0x1E84, 21 }, // U+1E84
    { 0x1E85, 38 }, // U+1E85
    { 0x1E86, 21 }, // U+1E86
    { 0x1E87, 38 }, // U+1E87
    { 0x1E88, 21 }, // U+1E88
    { 0x1E89, 38 }, // U+1E89
    { 0x1E8A, 22 }, // U+1E8A
    { 0x1E8B, 39 }, // U+1E8B
    { 0x1E8C, 22 }, // U+1E8C
    { 0x1E8D, 39 }, // U+1E8D
    { 0x1E8E, 23 }, // U+1E8E
    { 0x1E8F, 38 }, // U+1E8F
    { 0x1E90, 24 }, // U+1E90
    { 0x1E91, 41 }, // U+1E91
    { 0x1E92, 24 }, // U+1E92
    { 0x1E93, 41 }, // U+1E93
    { 0x1E94, 24 }, // U+1E94
    { 0x1E95, 41 }, // U+1E95
    { 0x1E96, 28 }, // U+1E96
    { 0x1E97, 36 }, // U+1E97
    { 0x1E98, 38 }, // U+1E98
    { 0x1E99, 38 }, // U+1E99
    { 0x1E9A, 27 }, // U+1E9A
    { 0x1E9B, 47 }, // U+1E9B
    { 0x1EA0, 12 }, // U+1EA0
    { 0x1EA1, 27 }, // U+1EA1
    { 0x1EA2, 12 }, // U+1EA2
    { 0x1EA3, 27 }, // U+1EA3
    { 0x1EA4, 12 }, // U+1EA4
    { 0x1EA5, 27 }, // U+1EA5
    { 0x1EA6, 12 }, // U+1EA6
    { 0x1EA7, 27 }, // U+1EA7
    { 0x1EA8, 12 }, // U+1EA8
    { 0x1EA9, 27 }, // U+1EA9
    { 0x1EAA, 12 }, // U+1EAA
    { 0x1EAB, 27 }, // U+1EAB
    { 0x1EAC, 12 }, // U+1EAC
    { 0x1EAD, 27 }, // U+1EAD
    { 0x1EAE, 12 }, // U+1EAE
    { 0x1EAF, 27 }, // U+1EAF
    { 0x1EB0, 12 }, // U+1EB0
    { 0x1EB1, 27 }, // U+1EB1
    { 0x1EB2, 12 }, // U+1EB2
    { 0x1EB3, 27 }, // U+1EB3
    { 0x1EB4, 12 }, // U+1EB4
    { 0x1EB5, 27 }, // U+1EB5
    { 0x1EB6, 12 }, // U+1EB6
    { 0x1EB7, 27 }, // U+1EB7
    { 0x1EB8, 15 }, // U+1EB8
    { 0x1EB9, 27 }, // U+1EB9
    { 0x1EBA, 15 }, // U+1EBA
    { 0x1EBB, 27 }, // U+1EBB
    { 0x1EBC, 15 }, // U+1EBC
    { 0x1EBD, 27 }, // U+1EBD
    { 0x1EBE, 15 }, // U+1EBE
    { 0x1EBF, 27 }, // U+1EBF
    { 0x1EC0, 15 }, // U+1EC0
    { 0x1EC1, 27 }, // U+1EC1
    { 0x1EC2, 15 }, // U+1EC2
    { 0x1EC3, 27 }, // U+1EC3
    { 0x1EC4, 15 }, // U+1EC4
    { 0x1EC5, 27 }, // U+1EC5
    { 0x1EC6, 15 }, // U+1EC6
    { 0x1EC7, 27 }, // U+1EC7
    { 0x1EC8, 15 }, // U+1EC8
    { 0x1EC9, 50 }, // U+1EC9
    { 0x1ECA, 15 }, // U+1ECA
    { 0x1ECB, 31 }, // U+1ECB
    { 0x1ECC, 14 }, // U+1ECC
    { 0x1ECD, 27 }, // U+1ECD
    { 0x1ECE, 14 }, // U+1ECE
    { 0x1ECF, 27 }, // U+1ECF
    { 0x1ED0, 14 }, // U+1ED0
    { 0x1ED1, 27 }, // U+1ED1
    { 0x1ED2, 14 }, // U+1ED2
    { 0x1ED3, 27 }, // U+1ED3
    { 0x1ED4, 14 }, // U+1ED4
    { 0x1ED5, 27 }, // U+1ED5
    { 0x1ED6, 14 }, // U+1ED6
    { 0x1ED7, 27 }, // U+1ED7
    { 0x1ED8, 14 }, // U+1ED8
    { 0x1ED9, 27 }, // U+1ED9
    { 0x1EDA, 14 }, // U+1EDA
    { 0x1EDB, 27 }, // U+1EDB
    { 0x1EDC, 14 }, // U+1EDC
    { 0x1EDD, 27 }, // U+1EDD
    { 0x1EDE, 14 }, // U+1EDE
    { 0x1EDF, 27 }, // U+1EDF
    { 0x1EE0, 14 }, // U+1EE0
    { 0x1EE1, 27 }, // U+1EE1
    { 0x1EE2, 14 }, // U+1EE2
    { 0x1EE3, 27 }, // U+1EE3
    { 0x1EE4, 20 }, // U+1EE4
    { 0x1EE5, 37 }, // U+1EE5
    { 0x1EE6, 20 }, // U+1EE6
    { 0x1EE7, 37 }, // U+1EE7
    { 0x1EE8, 20 }, // U+1EE8
    { 0x1EE9, 37 }, // U+1EE9
    { 0x1EEA, 20 }, // U+1EEA
    { 0x1EEB, 37 }, // U+1EEB
    { 0x1EEC, 20 }, // U+1EEC
    { 0x1EED, 37 }, // U+1EED
    { 0x1EEE, 20 }, // U+1EEE
    { 0x1EEF, 37 }, // U+1EEF
    { 0x1EF0, 20 }, // U+1EF0
    { 0x1EF1, 37 }, // U+1EF1
    { 0x1EF2, 23 }, // U+1EF2
    { 0x1EF3, 38 }, // U+1EF3
    { 0x1EF4, 23 }, // U+1EF4
    { 0x1EF5, 38 }, // U+1EF5
    { 0x1EF6, 23 }, // U+1EF6
    { 0x1EF7, 38 }, // U+1EF7
    { 0x1EF8, 23 }, // U+1EF8
    { 0x1EF9, 38 }, // U+1EF9
    { 0x2010, 6 }, // U+2010
    { 0x2011, 6 }, // U+2011
    { 0x2013, 6 }, // U+2013
    { 0x2014, 6 }, // U+2014
    { 0x2015, 6 }, // U+2015
    { 0x2018, 73 }, // U+2018
    { 0x2019, 74 }, // U+2019
    { 0x201A, 75 }, // U+201A
    { 0x201B, 73 }, // U+201B
    { 0x201C, 73 }, // U+201C
    { 0x201D, 74 }, // U+201D
    { 0x201E, 7 }, // U+201E
    { 0x2025, 7 }, // U+2025
    { 0x2026, 7 }, // U+2026
    { 0x2039, 43 }, // U+2039
    { 0x203A, 44 }, // U+203A
    { 0x203C, 1 }, // U+203C
    { 0x2047, 11 }, // U+2047
    { 0x2048, 11 }, // U+2048
    { 0x2049, 1 }, // U+2049
    { 0xFB00, 29 }, // U+FB00
    { 0xFB01, 29 }, // U+FB01
    { 0xFB02, 29 }, // U+FB02
    { 0xFB03, 29 }, // U+FB03
    { 0xFB04, 29 }, // U+FB04
    { 0xFB05, 29 }, // U+FB05
    { 0xFB06, 35 }, // U+FB06
};

static const int8_t bookerly_18_italicKernMatrix[] = {
       0,    0,    0,    0,    0,    0,    0,    0,    0,    0,    0,    0,    0,  -15,    0,   60,    0,    0,    0,    0,    0,    0,   18,    0,    0,    0,  -30,   36,   90,   39,    0,   90,    0,    0,    0,    0,    0,    0,    0,   48,    0,    0,    0,    0,    0,    0,    0,  -30,    0,    0,  -30,   36,  -30,   36,    0,    0,   36,    0,    0,    0,    0,    0,    0,    0,    0,    0,   69,    0,    0,    0,   36,   18,    0,    0,    0,
       0,    0,    0,    0,    0,    0,    0,    0,    0,    0,    0,  -60,    0,    0,    0,    0,    0,    0,    0,    0,    0,    0,    0,    0,    0,    0,    0,    0,    0,    0,    0,    0,    0,    0,    0,    0,    0,    0,    0,    0,    0,    0,    0,    0,    0,  -54,    0,    0,    0,    0,    0,    0,    0,    0,    0,    0,    0,    0,    0,    0,    0,    0,    0,    0,    0,    0,    0,    0,    0,    0,    0,    0,    0,    0,    0,
       0,    0,    0,    0,    0,    0,    0,    0,    0,    0,    0,   24,    0,  -18,    0,   42,    0,    0,  -30,  -36,  -60,   24,  -36,    0,    0,    0,  -12,    0,   18,   12,    0,   51,  -12,  -12,    0,  -12,  -12,  -36,    0,  -36,    0,    0,    0,    0,    0,   18,    0,  -12,    0,    0,  -12,    0,  -12,    0,    0,    0,    0,    0,    0,    0,    0,    0,    0,    0,    0,    0,   12,    0,    0,    0,    0,  -36,  -60,  -60,    0,
       0,    0,    0,    0,  -18,    0,  -18,    0,    0,    0,    0,    0,    0,    0,    0,    0,    0,    0,    0,    0,    0,    0,  -18,    0,    0,    0,    0,    0,    0,    0,    0,    0,    0,    0,    0,    0,    0,    0,    0,    0,    0,    0,    0,    0,    0,    0,    0,    0,    0,    0,    0,    0,    0,    0,    0,    0,    0,    0,    0,    0,    0,    0,    0,    0,    0,    0,    0,    0,    0,    0,    0,  -18,    0,    0,  -18,
       0,    0,    0,    0,    0,    0,    0,    0,    0,    0,    0,  -54,    0,  -24,    0,    0,  -30,    0,    0,    0,    0,    0,    0,    0,    0,    0,  -60,    0,  -30,  -60,    0,    0,  -12,  -12,  -54,  -18,  -24,    0,  -30,    0,  -36,    0,    0,    0,    0,  -78,    0,  -60,    0,    0,  -60,    0,  -60,    0,    0,    0,    0,  -54,  -36,    0,    0,    0,    0,    0,    0,    0,  -60,    0,    0,    0,    0,    0,    0,    0,    0,
       0,    0,    0,  -54,    0,  -12,    0,    0,    0,    0,  -18,   18,    0,  -24,    0,    0,    0,    0,  -36,  -42,  -72,   22,  -60,    0,  -96,    0,  -12,    0,    0,   12,  -12,    0,  -12,  -12,    0,  -15,  -15,  -36,    0,  -36,    0,    0,  -18,    0,    0,   12,    0,  -12,  -12,  -12,   -6,    0,  -12,    0,  -12,    0,    0,    0,    0,    0,    0,    0,    0,    0,    0,    0,   12,  -12,  -12,  -18,  -18,  -60,  -60,  -48,    0,
       0,    0,    0,    0,  -24,    0,  -24,    0,  -24,  -24,  -12,  -12,    0,    6,    0,    0,    0,    0,  -24,  -18,  -36,    0,  -27,    0,  -24,    0,    0,   -6,   -9,    0,   -6,    0,    0,    0,    0,    0,    0,    0,    0,    0,    0,    0,    0,    0,    0,  -12,    0,    0,   -6,    0,    0,   -6,    0,   -6,    0,    0,   -6,    0,    0,    0,    0,    0,    0,    0,    0,    0,    0,    0,  -18,    0,   -6,  -27,    0,    0,  -24,
       0,    0,    0,    0,   -6,    0,   -6,    0,  -12,  -12,    0,    0,    0,   -9,    0,    0,    0,    0,    0,   -8,  -12,    0,    0,    0,    0,    0,   -6,    0,    0,    0,    0,    0,    0,    0,    0,    0,    0,    0,    0,    0,    0,    0,    0,    0,    0,    0,    0,   -6,    0,    0,   -6,    0,   -6,    0,    0,    0,    0,    0,    0,    0,    0,    0,    0,    0,    0,    0,    0,    0,    0,    0,    0,    0,    0,    0,   -6,
       0,    0,    0,    0,  -36,    0,  -36,  -12,  -24,  -24,    0,  -18,    0,    9,   -6,  -15,   -9,    0,  -12,  -10,  -18,   -6,  -18,    0,  -30,    0,    0,    0,    0,    0,    0,    0,    0,    0,    0,    0,    0,    0,    0,    0,    0,    0,    0,    0,    0,  -18,  -12,    0,    0,    0,    0,    0,    0,    0,    0,    0,    0,    0,    0,    0,    0,    0,    0,    0,    0,    0,    0,    0,    0,    0,    0,  -18,    0,    0,  -36,
       0,    0,    0,   18,    0,    0,    0,    0,  -18,  -18,    0,    0,    0,   -9,    0,    0,    0,    0,    0,   -6,    0,    0,    0,    0,    0,    0,  -12,    0,    0,    0,    0,    0,    0,    0,    0,    0,    0,    0,    0,    0,    0,    0,    0,    0,    0,    0,    0,  -12,    0,    0,  -12,    0,  -12,    0,    0,    0,    0,    0,    0,    0,    0,    0,    0,    0,    0,    0,    0,    0,   -6,    0,    0,    0,    0,    0,    0,
       0,    0,    0,    0,  -54,    0,  -54,  -42,  -36,  -36,    0,  -54,    0,    0,    0,    0,   -6,    0,    0,    0,    0,    0,    0,    0,    0,    0,  -14,    0,   -8,  -18,    0,    0,    0,    0,  -18,    0,    0,    0,    0,    0,    0,    0,  -12,    0,    0,  -57,    0,  -14,    0,   12,  -14,    0,  -14,    0,   12,    0,    0,  -18,    0,    0,    0,    0,    0,    0,    0,  -12,  -18,    0,    0,    0,    0,    0,    0,   15,  -54,
       0,    0,    0,    0,  -30,    0,  -30,    0,    0,    0,    0,  -12,    0,    0,    0,    0,    0,    0,  -18,  -12,  -24,    0,  -18,    0,  -18,    0,    0,    0,    0,    0,    0,    0,    0,    0,    0,    0,    0,    0,    0,    0,    0,    0,    0,    0,    0,    0,    0,    0,    0,    0,    0,    0,    0,    0,    0,    0,    0,    0,    0,    0,    0,    0,    0,    0,    0,    0,    0,    0,  -12,    0,    0,  -18,  -24,    0,  -30,
       0,    0,    0,    0,  -30,    0,  -30,    0,  -24,  -24,    0,    0,    0,   -9,    0,    0,    0,    0,    0,    0,    0,    0,    0,    0,    0,    0,  -12,    0,    0,    0,    0,    0,   -6,   -6,   -9,  -12,  -12,   -6,   -8,   -6,    0,    0,  -24,  -12,    0,    0,    0,  -12,    0,    0,  -12,    0,  -12,    0,    0,    0,    0,   -9,    0,    0,    0,    0,    0,    0,    0,  -12,    0,  -12,    0,    0,    0,    0,  -12,    0,  -30,
       0,    0,    0,   12,  -36,    0,  -36,  -18,  -24,  -24,    0,  -18,    0,   -6,    0,    0,    0,    0,    0,    0,    0,    0,    6,    0,    0,    0,   -9,    0,    0,    0,    0,    0,    0,    0,   -6,    0,    0,    0,    0,    0,    0,    0,    0,    0,    0,  -12,    0,   -9,    0,   12,   -9,    0,   -9,    0,   12,    0,    0,   -6,    0,    0,    0,    0,    0,    0,    0,    0,    0,    0,    0,    0,    0,    6,    0,    0,  -36,
       0,    0,    0,   18,   -6,  -18,   -6,    0,  -18,  -18,    0,   12,    0,  -21,    0,    0,    0,    0,    0,    0,    0,   27,    0,    0,    0,    0,  -12,    0,    0,    0,    0,    0,  -12,  -12,  -12,   -6,  -18,  -12,    0,  -12,    0,    0,  -24,    0,    0,   20,    0,  -12,    0,    0,  -12,    0,  -12,    0,    0,    0,    0,  -12,    0,    0,    0,    0,    0,    0,    0,    0,    0,  -18,    0,    0,    0,    0,    0,    0,   -6,
       0,    0,    0,  -33,    0,    0,    0,    0,    0,    0,    0,    0,    0,    0,    0,    0,    0,    0,  -27,  -18,  -42,   18,  -36,    0,  -54,    0,    0,    0,    0,    0,    0,    0,    0,    0,    0,    0,    0,  -18,    0,  -18,    0,    0,    0,    0,    0,    0,    0,    0,    0,    0,    0,    0,    0,    0,    0,    0,    0,    0,    0,    0,    0,    0,    0,    0,    0,    0,    0,    0,    0,    0,    0,  -36,  -36,  -12,    0,
       0,    0,    0,    0,    0,    0,    0,    0,    0,    0,    0,    0,    0,   -9,    0,    0,    0,    0,  -12,  -12,  -18,   12,    0,    0,  -18,    0,    0,    0,    0,    0,    0,    0,    0,    0,    0,    0,   -6,   -6,    0,   -6,    0,    0,  -12,    0,    0,    0,    0,    0,    0,    0,    0,    0,    0,    0,    0,    0,    0,    0,    0,    0,    0,    0,    0,    0,    0,    0,    0,    0,    0,    0,    0,    0,  -18,    0,    0,
       0,    0,    0,    0,  -42,    0,  -42,  -36,    0,    0,    0,  -24,    0,   -9,    0,    0,    0,    0,    0,    0,    0,    0,    0,    0,    0,    0,  -12,    0,    0,  -12,    0,    0,    0,    0,  -12,    0,   -6,    0,  -12,    0,   -8,    0,  -12,  -12,    0,  -24,    0,  -12,    0,    0,  -12,    0,  -12,    0,    0,    0,    0,  -12,   -8,    0,    0,    0,    0,    0,    0,    0,  -12,    0,    0,    0,    0,    0,    0,    0,  -42,
       0,    0,    0,    0,  -72,    0,  -72,  -42,  -42,  -42,    0,  -57,  -12,    0,  -18,  -12,  -21,    0,    0,  -18,  -12,  -18,  -12,    0,  -18,    0,  -24,   -6,    0,  -14,    0,    0,    0,    0,  -12,    0,    0,    0,    0,    0,    0,    0,    0,    0,    0,  -75,    0,  -24,    0,    0,  -24,   -6,  -24,   -6,    0,    0,   -6,  -12,    0,    0,    0,   -6,    0,    0,    0,    0,  -14,    0,  -12,    0,   -6,  -12,    0,    0,  -72,
       0,    0,  127,    0,   77,    0,  -36,  -12,  -24,   89,    0,  -24,    0,    9,   -6,   45,   -9,    0,  -12,  -10,  -18,   -6,  -18,    0,  -30,  127,    0,    0,   28,   50,    0,   39,    0,   13,    0,    0,    0,    0,    0,    0,    0,  127,    0,    0,    0,  -18,  -12,    0,    0,    0,    0,   25,    0,    0,    0,    0,    0,    0,    0,    0,    0,    0,    0,    0,    0,    0,   50,    0,    0,    0,  -17,  -18,    0,    0,  -36,
       0,    0,    0,  -18,    0,  -24,    0,    0,    0,    0,    0,   24,    0,  -24,    6,    0,   18,    0,  -36,  -33,  -48,   36,  -54,    6,  -57,    0,   -6,    0,  -12,    0,    0,    0,    0,    0,    0,    0,  -12,  -12,    0,  -12,    0,    0,  -24,    0,    0,   24,    0,   -6,    0,    0,   -6,    0,   -6,    0,    0,    0,    0,    0,    0,    0,    0,    0,    0,    0,    0,    0,    0,  -18,    0,  -12,    0,  -54,  -33,  -30,    0,
       0,    0,    0,    0,  -24,    0,  -24,    0,  -18,  -18,    0,    0,    0,    0,    0,    0,    0,    0,  -12,  -12,   -9,    0,   -9,    0,  -12,    0,    0,    0,    0,    0,    0,    0,    0,    0,    0,    0,    0,    0,    0,    0,    0,    0,    0,    0,    0,    0,    0,    0,    0,    0,    0,    0,    0,    0,    0,    0,    0,    0,    0,    0,    0,    0,    0,    0,    0,    0,    0,  -12,  -12,  -12,    0,   -9,    0,    0,  -24,
       0,    0,    0,   36,  -60,    0,  -60,  -42,  -36,  -36,    0,  -54,    0,    0,    0,    0,   -6,    0,    0,    0,    0,    0,    0,    0,    0,    0,  -24,    6,    0,  -12,    0,    0,    0,    0,  -18,    0,    0,    0,    0,    0,    0,    0,  -18,    0,    0,  -54,    0,  -24,    0,    0,  -24,    6,  -24,   18,    0,    0,    6,  -18,    0,    0,    0,    0,    0,    0,    0,    0,  -12,  -18,    0,    0,    6,    0,   18,   30,  -60,
       0,    0,    0,    0,  -48,  -12,  -48,  -42,  -30,  -30,    0,  -36,    0,  -12,    0,    0,   -6,   -6,    0,    0,    0,    0,    0,    0,    0,    0,  -24,    0,    0,  -18,    0,    0,    0,    0,  -18,    0,    0,    0,  -12,    0,   -6,    0,    0,    0,    0,  -36,  -30,  -24,    0,    0,  -24,    0,  -24,    0,    0,    0,    0,  -18,   -6,    0,    0,    0,    0,    0,    0,    0,  -18,    0,    0,    0,    0,    0,    0,    0,  -48,
       0,    0,    0,   18,  -78,  -18,  -78,  -54,  -42,  -42,    0,  -66,    0,  -18,    0,    0,  -12,   -6,    0,    0,    0,    0,    9,    0,   12,    0,  -36,    0,    0,  -36,    0,    0,    0,    0,  -30,    0,   -6,    0,  -12,    0,   -6,    0,  -18,  -18,    0,  -78,    0,  -36,    0,   12,  -36,    0,  -36,    0,   12,    0,    0,  -30,   -6,    0,    0,    0,    0,    0,    0,  -24,  -36,    0,    0,    0,    0,    9,    0,   12,  -78,
       0,    0,    0,    0,  -12,  -12,  -12,    0,  -18,  -18,    0,   15,    0,  -18,    0,    0,   12,    0,    0,    0,    0,   30,    0,    0,    0,    0,  -12,    0,    0,    0,    0,    0,    0,    0,    0,    0,  -12,  -12,    0,  -12,    0,    0,  -12,    0,    0,   18,    0,  -12,    0,    0,   -3,    0,  -12,    0,    0,    0,    0,    0,    0,    0,    0,    0,    0,    0,    0,    0,    0,  -12,    0,  -12,    0,    0,    0,    0,  -12,
       0,    0,    0,   33,  -60,  -30,  -60,  -60,  -30,  -30,    0,  -63,    0,  -18,    0,    0,    0,   -6,    0,    0,    0,    6,   12,    0,   12,    0,  -36,    0,  -18,  -30,    0,    0,   -6,   -6,  -36,   -6,  -18,    0,  -24,    0,  -12,    0,  -18,  -18,    0,  -60,    0,  -36,    0,   18,  -36,    0,  -36,   24,   18,    0,    0,  -36,  -12,    0,    0,    0,    0,    0,    0,  -18,  -30,  -24,    0,  -18,    0,   12,    0,   12,  -60,
       0,    0,    0,    0,    0,    0,    0,    0,  -12,  -12,    0,    0,    0,    0,    0,    0,    0,    0,   -6,   -9,  -14,    0,   -6,    0,  -12,    0,    0,    0,    0,    0,    0,    0,    0,    0,    0,    0,    0,    0,    0,    0,    0,    0,    0,    0,    0,    0,    0,    0,    0,    0,    0,    0,    0,    0,    0,    0,    0,    0,    0,    0,    0,    0,    0,    0,    0,    0,    0,    0,    0,    0,    0,   -6,    0,    0,    0,
       0,    0,    0,    0,    0,    0,    0,    0,    0,    0,    0,    0,    0,    0,    0,   30,    0,    0,    0,    0,    0,    0,    0,    0,    0,    0,  -24,    0,   42,    0,    0,   24,    0,    0,    0,    0,    0,    0,    0,    0,    0,    0,    0,    0,    0,    0,    0,  -24,    0,    0,  -24,    0,  -24,    0,    0,    0,    0,    0,    0,    0,    0,    0,    0,    0,    0,    0,    0,    0,    0,    0,    0,    0,    0,    0,    0,
       0,    0,    0,    0,    0,    0,    0,    0,    0,    0,    0,   18,    0,  -12,    0,    0,   12,    0,  -33,  -30,  -60,   36,  -52,    0,    0,    0,    0,    0,    0,   48,    0,    0,    0,    0,    0,    0,    0,  -30,   18,  -30,   12,    0,    0,    0,    0,   18,    0,    0,    0,    0,    0,    0,    0,    0,    0,    0,    0,    0,   12,    0,    0,    0,    0,    0,    0,    0,   48,    0,    0,    0,    0,  -52,    0,    0,    0,
       0,    0,    0,  -18,    0,    0,    0,    0,    0,    0,    0,    0,    0,    0,    0,    0,    0,    0,    0,    0,    0,    0,    0,    0,  -36,    0,    0,    0,    0,    0,    0,    0,    0,    0,    0,    0,    0,    0,    0,    0,    0,    0,    0,    0,    0,    0,    0,    0,    0,    0,    0,    0,    0,    0,    0,    0,    0,    0,    0,    0,    0,    0,    0,    0,    0,    0,    0,   -6,    0,    0,    0,    0,  -18,    0,    0,
       0,    0,    0,  -18,  -30,    0,  -30,    0,  -12,  -12,    0,    0,    0,    0,    0,    0,    0,    0,    0,    0,    0,    0,    0,    0,  -48,    0,    0,   -6,    0,    0,    0,    0,    0,    0,    0,    0,    0,    0,   -6,    0,    0,    0,    0,    0,    0,    0,    0,    0,    0,    0,    0,   -6,    0,   -6,    0,    0,    6,    0,    0,    0,    0,    0,    0,    0,    0,    0,    0,   -6,    0,    0,   -6,    0,  -18,    0,  -30,
       0,    0,    0,    0,    0,    0,    0,    0,    0,    0,    0,    0,    0,    0,    0,    0,    0,    0,    0,    0,    0,    0,    0,    0,  -30,    0,   -6,    0,    0,    0,    0,    0,    0,    0,    0,    0,    0,    0,    0,    0,    0,    0,    0,    0,    0,    0,    0,   -6,    0,    0,   -6,    0,   -6,    0,    0,    0,    0,    0,    0,    0,    0,    0,    0,    0,    0,    0,    0,   -6,    0,    0,    0,    0,    0,    6,    0,
       0,    0,    0,    0,    0,    0,    0,    0,    0,    0,    0,    0,    0,    0,    0,    0,    0,    0,    0,    0,    0,    0,    0,    0,  -36,    0,    0,  -12,    0,    0,    0,    0,    0,    0,    0,    0,    0,    0,    0,    0,    0,    0,    0,    0,    0,    0,    0,    0,    0,    0,    0,  -12,    0,  -12,    0,    0,  -12,    0,    0,    0,    0,    0,    0,    0,    0,    0,    0,    0,    0,    0,  -12,    0,    0,    0,    0,
       0,    0,   24,   42,  -36,    0,  -36,  -24,    0,    0,   24,    0,    0,    0,    0,    0,    0,    0,    0,    0,    0,    0,    0,    0,   42,    0,  -12,   30,    0,  -18,    0,    0,  -12,  -12,   -6,    0,    0,   12,    0,   12,    0,    0,    0,    0,    0,    0,    0,  -12,   18,   30,  -12,   30,  -12,   30,   66,   18,   30,   -6,    0,    0,    0,    0,    0,    0,    0,    0,  -18,    0,    0,    0,   30,    0,   18,   36,  -36,
       0,    0,    0,   24,  -24,    0,  -18,    0,    0,    0,    0,    0,    0,    0,    0,    0,    0,    0,    0,    0,    0,    0,    0,    0,    0,   18,    0,    0,   48,   18,    0,   60,   18,   18,    0,   24,   18,   30,   12,   30,    0,   12,    0,    0,    0,    0,    0,    0,    0,    0,    0,    0,    0,    0,    0,    0,    0,    0,    0,    0,    0,    0,    0,    0,    0,    0,   18,    0,    0,    0,    0,    0,   30,   36,  -18,
       0,    0,    0,  -24,    0,    0,    0,    0,  -12,  -12,    0,    0,    0,    0,    0,    0,    0,    0,    0,    0,    0,    0,    0,    0,  -54,    0,    0,    0,    0,    0,    0,    0,    0,    0,    0,    0,    0,   -9,    0,   -9,    0,    0,    0,    0,    0,    0,    0,    0,    0,    0,    0,    0,    0,    0,    0,    0,    0,    0,    0,    0,    0,    0,    0,    0,    0,    0,    0,  -12,    0,    0,    0,    0,  -18,    0,    0,
       0,    0,    0,    0,    0,    0,    0,    0,  -24,  -24,    0,    0,    0,    0,    0,    0,    0,    0,    0,    0,    0,    0,    0,    0,    0,    0,    0,    0,    0,    0,    0,    0,    0,    0,    0,    0,    0,    0,    0,    0,    0,    0,    0,    0,    0,    0,    0,    0,    0,    0,    0,    0,    0,    0,    0,    0,    0,    0,    0,    0,    0,    0,    0,    0,    0,    0,    0,    0,    0,    0,    0,    0,    0,    0,    0,
       0,    0,    0,    0,    0,    0,    0,    0,    0,    0,    0,    0,    0,    0,    0,    0,    0,    0,    0,    0,    0,    0,    0,    0,  -48,    0,    0,    0,    0,   24,    0,    0,    0,    0,    0,    0,    0,    0,    0,    0,    6,    0,    0,    0,    0,    0,    0,    0,    0,    0,   24,    0,    0,    0,    0,    0,    0,    0,    6,    0,    0,    0,    0,    0,    0,    0,   24,    0,    0,    0,    0,    0,    0,    0,    0,
       0,    0,   30,    0,  -18,    0,  -18,    0,    0,    0,    0,    0,    0,    0,    0,    0,    0,    0,    0,    0,    0,    0,    0,    0,  -30,    0,    0,   -6,   42,   21,    0,   47,    0,    0,    0,    0,    0,    0,    0,    0,    0,    0,    0,    0,    0,    0,    0,    0,    0,    0,    0,   -6,    0,   -6,    0,    0,   -6,    0,    0,    0,    0,    0,    0,    0,    0,    0,   21,    0,    0,    0,   -6,    0,    0,    0,  -18,
       0,    0,    0,    0,  -48,    0,  -48,  -30,    0,    0,    0,    0,    0,    0,    0,    0,    0,    0,    0,    0,    0,    0,    0,    0,  -18,    0,  -12,    0,    0,  -12,    0,    0,    0,    0,   -6,    0,    0,   24,    0,   24,    0,    0,    0,    0,    0,    0,    0,  -12,    0,    0,  -12,    0,  -12,    0,    0,    0,    0,   -6,    0,    0,    0,    0,    0,   30,    0,    0,  -12,    0,    0,    0,    0,    0,    0,   18,  -48,
       0,    0,    0,    0,  -12,    0,  -12,    0,  -12,  -12,    0,    0,    0,    0,    0,    0,    0,    0,    0,    0,    0,    0,    0,    0,  -24,    0,    0,    0,    0,    0,    0,    0,    0,    0,    0,    0,    0,    0,    0,    0,    0,    0,    0,    0,    0,    0,    0,    0,    0,    0,    0,    0,    0,    0,    0,    0,    0,    0,    0,    0,    0,    0,    0,    0,    0,    0,    0,    0,    0,    0,    0,    0,    0,    0,  -12,
       0,    0,    0,    0,    0,    0,    0,    0,    0,    0,    0,    0,    0,    0,    0,    0,    0,    0,    0,    0,    0,    0,    0,    0,  -18,    0,    0,    0,    0,    0,    0,    0,    0,    0,    0,    0,    0,    0,    0,    0,    0,    0,    0,    0,    0,    0,    0,    0,    0,    0,    0,    0,    0,    0,    0,    0,    0,    0,    0,    0,    0,    0,    0,    0,    0,    0,    0,    0,    0,    0,    0,    0,    0,   12,    0,
       0,    0,    0,    0,  -42,    0,  -42,    0,  -24,  -24,    0,    0,    0,    0,    0,    0,    0,    0,    0,    0,    0,    0,    0,    0,  -30,    0,    0,    0,    0,   -7,    0,    0,    0,    0,    0,    0,    0,    0,    0,    0,    0,    0,    0,    0,    0,    0,    0,    0,    0,    0,    0,    0,    0,    0,    0,    0,    0,    0,    0,    0,    0,    0,    0,    0,    0,    0,   -7,    0,    0,    0,    0,    0,    0,    0,  -42,
       0,    0,    0,    0,    0,    0,    0,    0,    0,    0,    0,    0,    0,    0,    0,    0,    0,    0,    0,    0,    0,    0,    0,    0,  -38,    0,    0,    0,    0,    0,    0,    0,    0,    0,    0,    0,    0,    6,    0,    6,    0,    0,    0,    0,    0,    0,    0,    0,    0,    0,   18,    0,    0,    0,    0,    0,    0,    0,    0,    0,    0,    0,    0,    0,    0,    0,    0,    0,    0,    0,    0,    0,    0,   18,    0,
       0,    0,  -17,    0,    0,    0,    0,    0,    0,    0,    0,    0,    0,    0,    0,    0,    0,    0,    0,    0,    0,    0,    0,    0,  -36,    0,    0,    0,    0,   12,    0,    0,    0,    0,    0,    0,    0,   12,    0,   12,    0,    0,    0,    0,    0,    0,    0,    0,    0,    0,   18,    0,    0,    0,    0,    0,    0,    0,    0,    0,    0,    0,    0,    0,    0,    0,   12,    0,    0,    0,    0,    0,    0,    0,    0,
       0,    0,    0,    0,    0,    0,    0,    0,    0,    0,    0,    0,    0,    0,    0,   24,    0,    0,    0,    0,    0,    0,    0,    0,    0,    0,  -24,    0,   30,    0,    0,   36,  -12,  -12,  -12,    0,    0,    0,    0,    0,    0,    0,    0,    0,    0,  -15,    0,  -24,    0,    0,  -24,    0,  -24,    0,    0,    0,    0,  -12,    0,    0,    0,    0,    0,    0,    0,    0,   18,    0,    0,    0,    0,    0,    0,    0,    0,
       0,    0,    0,    0,    0,    0,    0,    0,    0,    0,    0,    0,    0,    0,    0,   48,    0,    0,    0,    0,  -27,    0,  -15,    0,    0,    0,    0,  -18,   30,    0,    0,   42,    0,    0,    0,    0,    0,    0,    0,    0,    0,    0,    0,    0,    0,    0,    0,    0,    0,    0,    0,  -18,    0,  -18,    0,    0,  -18,    0,    0,    0,    0,    0,    0,    0,    0,    0,    0,    0,    0,    0,  -18,  -15,    0,    0,    0,
       0,    0,    0,    0,    0,    0,    0,    0,    0,    0,    0,    0,    0,    0,    0,    0,    0,    0,    0,    0,  -12,    0,  -12,    0,    0,    0,    0,    0,    0,    0,    0,    0,    0,    0,    0,    0,    0,    0,    0,    0,    0,    0,    0,    0,    0,    0,    0,    0,    0,    0,    0,    0,    0,    0,    0,    0,    0,    0,    0,    0,    0,    0,    0,    0,    0,    0,    0,    0,    0,    0,    0,  -12,    0,    0,    0,
       0,    0,    0,    0,  -24,    0,  -24,    0,    0,    0,    0,    0,    0,    0,    0,    0,    0,    0,  -18,    0,  -12,    0,  -12,    0,    0,    0,    0,    0,    0,    0,    0,    0,    0,    0,    0,    0,    0,    0,    0,    0,    0,    0,    0,    0,    0,    0,    0,    0,    0,    0,    0,    0,    0,    0,    0,    0,    0,    0,    0,    0,    0,    0,    0,    0,    0,    0,    0,    0,    0,    0,    0,  -12,    0,    0,  -24,
       0,    0,    0,    0,    0,    0,    0,    0,    0,    0,    0,    0,    0,    0,    0,   60,    0,    0,    0,  -18,  -24,    0,  -24,    0,    0,    0,  -18,  -18,   42,   12,    0,   48,    0,    0,    0,    0,    0,    0,    0,    0,    0,    0,    0,    0,    0,    0,    0,  -18,    0,    0,  -18,  -18,  -18,  -18,    0,    0,  -18,    0,    0,    0,    0,    0,    0,    0,    0,    0,   12,    0,    0,    0,  -18,  -24,    0,    0,    0,
       0,    0,  -33,    0,  -66,    0,  -66,  -36,    0,    0,    0,  -36,  -18,    0,  -18,  -12,  -18,    0,  -24,  -12,  -30,  -30,  -36,    0,  -49,    0,    0,    0,    0,    0,    0,    0,    0,    0,    0,    0,    0,    0,    0,    0,    0,    0,    0,    0,    0,  -36,    0,    0,    0,    0,    0,    0,    0,    0,    0,    0,    0,    0,    0,    0,    0,    0,    0,    0,    0,    0,    0,    0,    0,    0,    0,  -60,    0,    0,  -66,
       0,    0,    0,    0,    0,    0,    0,    0,    0,    0,    0,    0,    0,    0,    0,    0,    0,    0,    0,    0,    0,    0,    0,    0,    0,    0,    0,    0,    0,    0,    0,    0,    0,    0,    0,    0,    0,    0,    0,    0,    0,    0,    0,    0,    0,    0,    0,    0,    0,    0,    0,    0,    0,    0,    0,    0,    0,    0,    0,    0,    0,    0,    0,    0,    0,    0,    0,    0,    0,    0,    0,    0,  -18,    0,    0,
       0,    0,    0,    0,    0,    0,    0,    0,    0,    0,    0,    0,    0,    0,    0,    0,    0,    0,    0,    0,    0,    0,    0,    0,  -30,    0,   -6,    0,   18,    0,    0,   24,    0,    0,    0,    0,    0,    0,    0,    0,    0,    0,    0,    0,    0,    0,    0,   -6,    0,    0,   -6,    0,   -6,    0,    0,    0,    0,    0,    0,    0,    0,    0,    0,    0,    0,    0,    0,   -6,    0,    0,    0,    0,    0,    6,    0,
       0,    0,   18,   36,    0,    0,    0,    0,    0,    0,    0,    0,    0,    0,    0,    0,    0,    0,    0,    0,    0,    0,    0,    0,   36,    0,    0,   36,    0,    0,    0,    0,    0,    0,    0,    0,    0,    0,    0,    0,    0,    0,    0,    0,    0,    0,    0,    0,    0,   24,    0,   36,    0,   36,   24,    0,   36,    0,    0,    0,    0,    0,    0,    0,    0,    0,    0,    0,    0,    0,   36,    0,    0,   18,    0,
       0,    0,    0,  -18,  -30,    0,  -30,    0,  -12,  -12,    0,    0,    0,    0,    0,    0,    0,    0,    0,    0,    0,    0,    0,    0,  -48,    0,    0,   -6,    0,    0,    0,    0,    0,    0,    0,   18,    0,   24,   -6,   24,    0,    0,    0,    0,    0,    0,    0,    0,    0,    0,    0,   -6,    0,   -6,    0,    0,    6,    0,    0,    0,    0,    0,    0,    0,    0,    0,    0,   -6,    0,    0,   -6,    0,  -18,    0,  -30,
       0,    0,    0,  -54,    0,  -12,    0,    0,    0,    0,  -18,   18,    0,  -24,    0,   72,    0,    0,  -36,  -42,  -72,   22,  -60,    0,  -96,    0,  -12,    0,   66,   42,  -12,   78,  -12,  -12,    0,  -15,  -15,  -36,    0,  -36,    0,    0,  -18,    0,    0,   12,    0,  -12,  -12,  -12,   -6,    0,  -12,    0,  -12,    0,    0,    0,    0,    0,    0,    0,    0,    0,    0,    0,   42,  -12,  -12,  -18,  -18,  -60,  -60,  -48,    0,
       0,    0,    0,  -18,    0,    0,    0,    0,    0,    0,    0,    0,    0,    0,    0,    0,    0,    0,    0,    0,    0,    0,    0,    0,  -36,    0,    0,    0,   72,   24,    0,   84,    0,    0,    0,    0,    0,    0,    0,    0,    0,    0,    0,    0,    0,    0,    0,    0,    0,    0,    0,    0,    0,    0,    0,    0,    0,    0,    0,    0,    0,    0,    0,    0,    0,    0,   24,   -6,    0,    0,    0,    0,  -18,    0,    0,
       0,    0,   65,   68,    0,    0,    0,    0,    0,    0,   36,    0,    0,    0,    0,    0,    0,    0,    0,    0,    0,    0,    0,    0,   60,   30,    0,   66,   18,    0,   30,   30,   24,   24,    0,   24,   24,   30,    6,   30,   18,   30,    0,    0,    0,    0,    0,   12,   30,    0,    0,   66,   24,   66,    0,    0,   66,   24,   48,    0,    0,    0,    0,    0,   18,    0,    0,    0,    0,    0,   66,    0,   36,   60,    0,
       0,    0,    0,   18,    0,    0,    0,    0,  -18,  -18,    0,    0,    0,   -9,    0,   42,    0,    0,    0,   -6,    0,    0,    0,    0,    0,    0,  -12,    0,   42,    0,    0,   51,    0,    0,    0,    0,    0,    0,    0,    0,    0,    0,    0,    0,    0,    0,    0,  -12,    0,    0,  -12,    0,  -12,    0,    0,    0,    0,    0,    0,    0,    0,    0,    0,    0,    0,    0,    0,    0,   -6,    0,    0,    0,    0,    0,    0,
       0,    0,    0,    0,    0,    0,    0,    0,    0,    0,    0,    0,    0,    0,    0,    0,    0,    0,    0,    0,    0,    0,    0,    0,  -36,    0,    0,  -12,   36,    0,    0,   45,    0,    0,    0,    0,    0,    0,    0,    0,    0,    0,    0,    0,    0,    0,    0,    0,    0,    0,    0,  -12,    0,  -12,    0,    0,  -12,    0,    0,    0,    0,    0,    0,    0,    0,    0,    0,    0,    0,    0,  -12,    0,    0,    0,    0,
       0,    0,   18,   66,    0,    0,    0,    0,    0,    0,    0,    0,    0,    0,    0,    0,    0,    0,    0,    0,    0,    0,    0,    0,   36,    0,    0,   66,    0,    0,    0,    0,    0,    0,    0,    0,    0,    0,    0,    0,    0,    0,    0,    0,    0,    0,    0,    0,    0,   24,    0,   66,    0,   66,   24,    0,   66,    0,    0,    0,    0,    0,    0,    0,    0,    0,    0,    0,    0,    0,   66,    0,    0,   18,    0,
       0,    0,    0,    0,  -30,    0,  -30,    0,  -24,  -24,    0,    0,    0,   -9,    0,   51,    0,    0,    0,    0,    0,    0,    0,    0,    0,    0,  -12,    0,   51,    0,    0,   51,   -6,   -6,   -9,  -12,  -12,   -6,   -8,   -6,    0,    0,  -24,  -12,    0,    0,    0,  -12,    0,    0,  -12,    0,  -12,    0,    0,    0,    0,   -9,    0,    0,    0,    0,    0,    0,    0,  -12,    0,  -12,    0,    0,    0,    0,  -12,    0,  -30,
       0,    0,    0,    0,    0,    0,    0,    0,    0,    0,    0,    0,    0,    0,    0,    0,    0,    0,    0,    0,    0,    0,    0,    0,    0,    0,    0,    0,   60,   12,    0,   60,    0,    0,    0,    0,    0,    0,    0,    0,    0,    0,    0,    0,    0,    0,    0,    0,    0,    0,    0,    0,    0,    0,    0,    0,    0,    0,    0,    0,    0,    0,    0,    0,    0,    0,   12,    0,    0,    0,    0,    0,    0,    0,    0,
       0,    0,    0,    0,    0,    0,    0,    0,    0,    0,    0,    0,    0,    0,    0,    0,    0,    0,    0,    0,    0,    0,    0,    0,    0,    0,    0,   30,    0,    0,    0,    0,    0,    0,    0,    0,    0,    0,    0,    0,    0,    0,    0,    0,    0,    0,    0,    0,    0,    0,    0,   30,    0,   30,    0,    0,   30,    0,    0,    0,    0,    0,    0,    0,    0,    0,    0,    0,    0,    0,   30,    0,    0,   30,    0,
       0,    0,    0,    0,    0,    0,    0,    0,    0,    0,    0,    0,    0,    0,    0,    0,    0,    0,    0,    0,    0,    0,    0,    0,  -33,    0,   -6,    0,    0,    0,    0,    0,    0,    0,    0,    0,    0,    0,    0,    0,    0,    0,    0,    0,    0,    0,    0,   -6,    0,    0,   -6,    0,   -6,    0,    0,    0,    0,    0,    0,    0,    0,    0,    0,    0,    0,    0,    0,   -6,    0,    0,    0,    0,    0,    0,    0,
       0,    0,    0,    0,    0,    0,    0,    0,    0,    0,    0,    0,    0,    0,    0,    0,    0,    0,    0,    0,    0,    0,    0,    0,    0,    0,    0,    0,   18,    0,    0,   24,    0,    0,    0,    0,    0,    0,    0,    0,    0,    0,    0,    0,    0,    0,    0,    0,    0,    0,    0,    0,    0,    0,    0,    0,    0,    0,    0,    0,    0,    0,    0,    0,    0,    0,    0,    0,    0,    0,    0,    0,    0,    0,    0,
       0,    0,    0,    0,    0,    0,    0,    0,    0,    0,    0,    0,    0,    0,    0,    0,    0,    0,    0,    0,    0,    0,    0,    0,    0,    0,    0,    0,    0,    0,    0,   12,   12,   12,    0,   18,   12,   30,    0,   30,    0,    0,    0,    0,    0,    0,    0,    0,    0,    0,    0,    0,    0,    0,    0,    0,    0,    0,    0,    0,    0,    0,    0,    0,    0,    0,    0,    0,    0,    0,    0,    0,    0,    0,    0,
       0,    0,    0,    0,    0,    0,    0,    0,  -24,  -24,    0,    0,    0,    0,    0,    0,    0,    0,    0,    0,    0,    0,    0,    0,  -48,    0,    0,    0,    0,    0,    0,    0,    0,    0,    0,    0,    0,    0,    0,    0,    0,    0,    0,    0,    0,    0,    0,    0,    0,    0,    0,    0,    0,    0,    0,    0,    0,    0,    0,    0,    0,    0,    0,    0,    0,    0,    0,    0,    0,    0,    0,    0,    0,    0,    0,
       0,    0,    0,    0,  -12,    0,  -12,    0,  -12,  -12,    0,    0,    0,    0,    0,    0,    0,    0,    0,    0,    0,    0,    0,    0,  -24,    0,    0,    0,   24,    0,    0,   24,    0,    0,    0,    0,    0,    0,    0,    0,    0,    0,    0,    0,    0,    0,    0,    0,    0,    0,    0,    0,    0,    0,    0,    0,    0,    0,    0,    0,    0,    0,    0,    0,    0,    0,    0,    0,    0,    0,    0,    0,    0,    0,  -12,
       0,    0,    0,    0,    0,    0,    0,    0,    0,    0,    0,    0,    0,    0,    0,    0,    0,    0,    0,    0,    0,    0,    0,    0,  -18,    0,    0,    0,   24,    0,    0,   24,    0,    0,    0,    0,    0,    0,    0,    0,    0,    0,    0,    0,    0,    0,    0,    0,    0,    0,    0,    0,    0,    0,    0,    0,    0,    0,    0,    0,    0,    0,    0,    0,    0,    0,    0,    0,    0,    0,    0,    0,    0,   12,    0,
       0,    0,    0,  -18,    0,    0,    0,    0,    0,    0,    0,    0,    0,    0,    0,    0,    0,    0,    0,    0,    0,    0,    0,    0,  -36,    0,    0,    0,   69,   24,    0,   78,    0,    0,    0,    0,    0,    0,    0,    0,    0,    0,    0,    0,    0,    0,    0,    0,    0,    0,    0,    0,    0,    0,    0,    0,    0,    0,    0,    0,    0,    0,    0,    0,    0,    0,   24,   -6,    0,    0,    0,    0,  -18,    0,    0,
       0,    0,    0,   30,    0,    0,    0,    0,    0,    0,    0,   18,    0,    0,   12,   18,   18,    0,   18,   12,   24,   33,   30,   24,    0,    0,    0,    0,    0,    0,    0,    0,    0,    0,    0,    0,    0,    0,    0,    0,    0,    0,    0,    0,    0,    0,    0,    0,    0,    0,    0,    0,    0,    0,    0,    0,    0,    0,    0,   24,    0,    0,   30,    0,    0,    0,    0,    0,    0,    0,    0,   30,    0,    0,    0,
       0,    0,    0,    0,  -30,    0,  -30,  -24,  -12,  -12,    0,  -18,    0,    9,    0,    0,    0,    0,    0,    0,   15,    0,   12,    0,   12,    0,    0,    6,    0,    0,    0,    0,    0,    0,    0,    0,    0,    0,    0,    0,    0,    0,    0,    0,    0,    0,    0,    0,    0,    0,    0,    6,    0,    6,    0,    0,    6,    0,    0,    0,    0,    0,    0,    0,    0,    0,    0,    0,    0,    0,    6,   12,    0,    0,  -30,
       0,    0,    0,   24,  -30,    0,  -30,    0,    0,    0,    0,    0,    0,    0,    0,    0,    0,    0,    0,    0,    0,    0,    0,    0,    0,    0,    0,    0,    0,    0,    0,    0,    0,    0,    0,    0,    0,   18,    0,   18,    0,    0,    0,    0,    0,    0,    0,    0,    0,    0,    0,    0,    0,    0,    0,    0,    0,    0,    0,    0,    0,    0,    0,    0,    0,    0,    0,    0,    0,    0,    0,    0,   12,   18,  -30,
       0,    0,   12,    0,  -60,  -12,  -60,  -42,  -36,  -36,    0,  -36,    0,    0,    0,    0,   -6,    0,    0,    0,    0,    0,    0,    0,   18,    0,  -24,   18,    0,  -18,    0,    0,    0,    0,  -18,    0,    0,    0,  -12,    0,   -6,    0,    0,    0,    0,    0,    0,  -24,    0,    0,  -24,   18,  -24,   18,    0,    0,   18,  -18,   -6,    0,    0,    0,    0,    0,    0,    0,  -18,    0,    0,    0,   18,    0,    0,    0,  -60,
       0,    0,    0,   24,    0,    0,    0,    0,    0,    0,    0,    0,    0,    0,    0,    0,    0,    0,    0,    0,    0,    0,    0,    0,    0,    0,    0,    0,    0,    0,    0,    0,    0,    0,    0,    0,    0,   18,    0,   18,    0,    0,    0,    0,    0,    0,    0,    0,    0,    0,    0,    0,    0,    0,    0,    0,    0,    0,    0,    0,    0,    0,    0,    0,    0,    0,    0,    0,    0,    0,    0,    0,   18,   18,    0,
       0,   66,    0,   65,  -42,    0,  -42,  -24,  -18,  -18,   30,  -30,    0,   18,   33,   33,   12,   36,   54,   48,   54,   54,   60,   48,   51,    0,  -12,    0,    0,    0,    0,    0,    0,    0,    0,    0,    0,    0,    0,    0,    0,    0,    0,    0,    0,  -42,    0,  -12,    0,    0,  -12,    0,  -12,    0,    0,    0,    0,    0,    0,   42,   30,   30,   42,    0,    0,    0,    0,    0,    0,    0,    0,   60,   30,   30,  -42,
       0,    0,    0,   84,    0,    0,    0,    0,    0,    0,    0,  -24,    0,    0,    0,    0,    0,    0,    0,    0,    0,    0,    0,    0,    0,    0,    0,  -23,    0,    0,    0,    0,    0,    0,    0,    0,    0,    0,    0,    0,    0,    0,    0,    0,    0,    0,    0,    0,    0,    0,    0,  -23,    0,  -23,    0,    0,  -23,    0,    0,    0,    0,    0,    0,    0,    0,    0,    0,    0,    0,    0,  -23,    0,   36,   78,    0,
       0,    0,    0,    0,  -18,    0,  -18,    0,    0,    0,    0,  -18,    0,    0,    0,    0,    0,    0,    0,    0,    0,    0,    0,    0,    0,    0,    0,    0,    0,    0,    0,    0,    0,    0,    0,    0,    0,    0,    0,    0,    0,    0,    0,    0,    0,  -12,    0,    0,    0,    0,    0,    0,    0,    0,    0,    0,    0,    0,    0,    0,    0,    0,    0,    0,    0,    0,    0,    0,    0,    0,    0,    0,    0,    0,  -18,
       0,    0,    0,    0,    0,    0,    0,    0,    0,    0,    0,    0,    0,    0,    0,    0,    0,    0,    0,    0,    0,    0,    0,    0,    0,    0,  -18,    0,    0,    0,    0,    0,    0,    0,    0,    0,    0,    0,    0,    0,    0,    0,    0,    0,    0,    0,    0,  -18,    0,    0,  -18,    0,  -18,    0,    0,    0,    0,    0,    0,    0,    0,    0,    0,    0,    0,    0,    0,    0,    0,    0,    0,    0,    0,    0,    0,
       0,    0,    0,    0,    0,    0,    0,    0,    0,    0,    0,  -24,    0,    0,    0,    0,    0,    0,    0,    0,    0,    0,    0,    0,    0,    0,    0,    0,    0,    0,    0,    0,    0,    0,    0,    0,    0,   12,    0,   12,    0,    0,    0,    0,    0,    0,    0,    0,    0,    0,    0,    0,    0,    0,    0,    0,    0,    0,    0,    0,    0,    0,    0,    0,    0,    0,    0,    0,    0,    0,    0,    0,    0,    0,    0,
       0,    0,    0,   24,  -12,    0,  -18,    0,    0,    0,    0,    0,    0,    0,    0,    0,    0,    0,    0,    0,    0,    0,    0,    0,    0,   18,    0,    0,   48,   18,    0,   60,   18,   18,    0,   24,   18,   30,   12,   30,    0,   12,    0,    0,    0,    0,    0,    0,    0,    0,    0,    0,    0,    0,    0,    0,    0,    0,    0,    0,    0,    0,    0,    0,    0,    0,   18,    0,    0,    0,    0,    0,   30,   36,  -18,
       0,    0,    0,    0,    0,    0,    0,    0,    0,    0,    0,    0,    0,    0,    0,    0,    0,    0,    0,    0,    0,    0,    0,    0,    0,    0,    0,    0,    0,    0,    0,   30,    0,    0,    0,    0,    0,    0,    0,    0,    0,    0,    0,    0,    0,    0,    0,    0,    0,    0,    0,    0,    0,    0,    0,    0,    0,    0,    0,    0,    0,    0,    0,    0,    0,    0,    0,    0,    0,    0,    0,    0,    0,    0,    0,
       0,    0,    0,    0,    0,    0,    0,    0,    0,    0,    0,    0,    0,    0,    0,    0,    0,    0,    0,    0,    0,    0,    0,    0,    0,    0,    0,    0,    0,    0,    0,   36,    0,    0,    0,    0,    0,    0,    0,    0,    0,    0,    0,    0,    0,    0,    0,    0,    0,    0,    0,    0,    0,    0,    0,    0,    0,    0,    0,    0,    0,    0,    0,    0,    0,    0,    0,    0,    0,    0,    0,    0,    0,    0,    0,
       0,  -24,    0,  -36,    0,    0,    0,    0,    0,    0,    0,    0,    0,    0,    0,    0,    0,    0,    0,    0,    0,    0,    0,    0,    0,    0,    0,    0,    0,    0,    0,    0,    0,    0,    0,    0,    0,    0,    0,    0,    0,    0,    0,    0,    0,    0,    0,    0,    0,    0,    0,    0,    0,    0,    0,    0,    0,    0,    0,    0,    0,    0,    0,    0,    0,    0,    0,    0,    0,    0,    0,    0,  -30,    0,    0,
       0,    0,  -17,    0,    0,    0,    0,    0,    0,    0,    0,    0,    0,    0,    0,    0,    0,    0,    0,    0,    0,    0,    0,    0,  -36,    0,    0,    0,   30,   12,    0,    0,    0,    0,    0,    0,    0,   12,    0,   12,    0,    0,    0,    0,    0,    0,    0,    0,    0,    0,   18,    0,    0,    0,    0,    0,    0,    0,    0,    0,    0,    0,    0,    0,    0,    0,   12,    0,    0,    0,    0,    0,    0,    0,    0,
       0,    0,   18,    0,    0,    0,    0,    0,    0,    0,    0,    0,    0,  -18,  -12,   90,   -6,  -12,  -24,  -30,  -36,    0,  -24,    0,    0,    0,    0,    0,    0,    0,    0,    0,    0,    0,    0,    0,    0,    0,    0,    0,    0,    0,    0,    0,    0,    0,    0,    0,    0,    0,    0,    0,    0,    0,    0,    0,    0,    0,    0,    0,    0,  -30,    0,    0,    0,    0,    0,    0,    0,    0,    0,  -24,    0,    0,    0,
       0,    0,   41,    0,    0,    0,    0,    0,    0,    0,    0,    0,    0,    0,    0,    0,    0,    0,    0,    0,    0,    0,    0,    0,    0,   18,    0,    0,   34,    0,    0,    0,    0,    0,    0,    0,    0,    0,    0,    0,    0,   18,    0,    0,    0,    0,    0,    0,    0,    0,    0,    0,    0,    0,    0,    0,    0,    0,    0,    0,    0,    0,    0,    0,    0,    0,    0,    0,    0,    0,    0,    0,    0,    0,  -18,
       0,    0,    0,   33,  -60,  -30,  -60,  -60,  -30,  -30,    0,  -63,    0,  -18,    0,    0,    0,   -6,    0,    0,    0,    6,   12,    0,   12,    0,  -36,    0,  -18,  -30,    0,    0,   -6,   -6,  -36,   -6,  -18,   18,  -24,   18,  -12,    0,  -18,  -18,    0,  -60,    0,  -36,    0,   18,  -36,    0,  -36,   24,   18,    0,    0,  -36,  -12,    0,    0,    0,    0,    0,    0,  -18,  -30,  -24,    0,  -18,    0,   12,    0,   12,  -60,
       0,    0,    0,    0,  -42,   24,  -42,    0,  -24,  -24,    0,    0,    0,    0,    0,    0,    0,    0,    0,    0,    0,    0,    0,    0,  -30,    0,   24,    0,    0,   -7,    0,    0,    0,    0,    0,    0,    0,    0,    0,    0,    0,    0,   30,    0,    0,    0,    0,   24,    0,    0,   24,    0,   24,    0,    0,    0,    0,    0,    0,    0,    0,    0,    0,   60,    0,    0,   -7,    0,    0,    0,    0,    0,    0,    0,  -42,
     -18,    0,    0,    0,  -60,    0,  -60,    0,    0,    0,    0,  -66,  -18,  -12,  -24,    0,  -24,  -12,    0,  -18,  -18,    0,    0,    0,    0,    0,  -48,    0,  -18,  -51,    0,    0,   -6,   -6,  -42,    0,    0,    0,  -18,    0,  -18,    0,    0,    0,  -60,  -66,    0,  -48,    0,    0,  -48,    0,  -48,    0,    0,    0,    0,  -42,  -18,    0,    0,    0,    0,    0,  -18,    0,  -51,  -18,    0,    0,    0,    0,    0,    0,  -60,
     -42,    0,    0,    0,  -84,    0,  -84,    0,    0,    0,  -24,  -90,  -24,  -36,  -30,  -30,  -36,  -24,  -18,  -30,  -18,  -18,  -12,  -12,    0,    0,  -60,  -12,  -36,  -69,  -18,    0,  -12,  -12,  -54,    0,  -18,    0,  -24,    0,  -18,    0,    0,    0,    0,  -90,    0,  -60,  -18,    0,  -60,  -12,  -60,  -12,    0,    0,  -12,  -54,  -18,    0,    0,  -27,    0,    0,  -42,    0,  -69,    0,    0,    0,  -12,  -12,    0,    0,  -84,
       0,    0,    0,    0,    0,    0,    0,    0,    0,    0,    0,   24,    0,  -18,    0,   42,    0,    0,  -30,  -36,  -60,   24,  -36,    0,    0,    0,  -12,    0,   60,   12,    0,   51,  -12,  -12,    0,  -12,  -12,  -36,    0,  -30,    0,    0,    0,    0,    0,   18,    0,  -12,    0,    0,  -12,    0,  -12,    0,    0,    0,    0,    0,    0,    0,    0,    0,    0,    0,    0,    0,   54,    0,    0,    0,    0,  -36,  -60,  -60,    0,
};

static const EpdLigaturePair bookerly_18_italicLigaturePairs[] = {
    { 0x00660066, 0xFB00 }, // f f -> U+FB00
    { 0x00660069, 0xFB01 }, // f i -> U+FB01
    { 0x0066006C, 0xFB02 }, // f l -> U+FB02
    { 0xFB000069, 0xFB03 }, // U+FB00 i -> U+FB03
    { 0xFB00006C, 0xFB04 }, // U+FB00 l -> U+FB04
};

static const EpdFontData bookerly_18_italic = {
    bookerly_18_italicBitmaps,
    bookerly_18_italicGlyphs,
    bookerly_18_italicIntervals,
    40,
    49,
    40,
    -10,
    true,
    bookerly_18_italicGroups,
    10,
    bookerly_18_italicKernLeftClasses,
    bookerly_18_italicKernRightClasses,
    bookerly_18_italicKernMatrix,
    659,
    694,
    94,
    75,
    bookerly_18_italicLigaturePairs,
    5,
};
