/**
 * generated by fontconvert.py
 * name: bookerly_12_italic
 * size: 12
 * mode: 2-bit
 * Command used: scripts/fontconvert.py bookerly_12_italic 12 scripts/../builtinFonts/source/Bookerly/Bookerly-Italic.ttf --additional-intervals 0x0180,0x024F --additional-intervals 0x1E00,0x1EFF --2bit
 */
#pragma once
#include "EpdFontData.h"

static const uint8_t bookerly_12_italicBitmaps[89044] = {
    0x00, 0x14, 0x03, 0xD0, 0x1F, 0x00, 0xF8, 0x03, 0xD0, 0x0F, 0x00, 0x7C, 0x02, 0xD0, 0x0B, 0x00,
    0x3C, 0x00, 0xE0, 0x03, 0x80, 0x1D, 0x00, 0x70, 0x00, 0x00, 0x00, 0x00, 0x1D, 0x01, 0xF8, 0x07,
    0xC0, 0x04, 0x00, 0x0A, 0x07, 0x0B, 0x87, 0xC3, 0xD2, 0xE0, 0xF0, 0xB4, 0x38, 0x3C, 0x0D, 0x0E,
    0x07, 0x03, 0x41, 0x40, 0x40, 0x00, 0x0E, 0x02, 0xC0, 0x00, 0x0D, 0x03, 0x80, 0x00, 0x1D, 0x03,
    0x40, 0x00, 0x2C, 0x0B, 0x00, 0x0F, 0xFF, 0xFF, 0xFC, 0x05, 0xB9, 0x5F, 0x54, 0x00, 0x74, 0x0D,
    0x00, 0x00, 0xB0, 0x1C, 0x00, 0x00, 0xF0, 0x2C, 0x00, 0x15, 0xF5, 0x7D, 0x50, 0x7F, 0xFF, 0xFF,
    0xE0, 0x02, 0xC0, 0x74, 0x00, 0x03, 0xC0, 0xB0, 0x00, 0x03, 0x80, 0xF0, 0x00, 0x07, 0x40, 0xE0,
    0x00, 0x00, 0x00, 0x0D, 0x00, 0x00, 0x00, 0x70, 0x00, 0x00, 0x02, 0xC0, 0x00, 0x00, 0x6F, 0x40,
    0x00, 0x2F, 0xFF, 0xD0, 0x02, 0xE1, 0xDF, 0xC0, 0x0F, 0x0B, 0x0F, 0x40, 0x7C, 0x38, 0x3C, 0x01,
    0xF0, 0xD0, 0x00, 0x03, 0xF7, 0x00, 0x00, 0x0B, 0xFC, 0x00, 0x00, 0x07, 0xFD, 0x00, 0x00, 0x03,
    0xFD, 0x00, 0x00, 0x1D, 0xFC, 0x00, 0x40, 0xB0, 0xF8, 0x0F, 0x03, 0x83, 0xE0, 0x3D, 0x0D, 0x0F,
    0x80, 0xFC, 0x70, 0xBC, 0x01, 0xFF, 0xEF, 0xD0, 0x00, 0xBF, 0xF8, 0x00, 0x00, 0x38, 0x00, 0x00,
    0x01, 0xC0, 0x00, 0x00, 0x0F, 0x00, 0x00, 0x00, 0x3C, 0x00, 0x00, 0x00, 0x90, 0x00, 0x00, 0x00,
    0x00, 0x00, 0x00, 0x00, 0x00, 0x01, 0x00, 0x00, 0x07, 0x00, 0x01, 0xFF, 0x40, 0x00, 0xF0, 0x00,
    0xB8, 0x7C, 0x00, 0x3D, 0x00, 0x0F, 0x02, 0xC0, 0x0B, 0x80, 0x02, 0xC0, 0x2D, 0x01, 0xF0, 0x00,
    0x3C, 0x02, 0xC0, 0x3C, 0x00, 0x03, 0x80, 0x3C, 0x0B, 0x40, 0x00, 0x78, 0x03, 0x81, 0xE0, 0x00,
    0x03, 0xC0, 0xF0, 0x3C, 0x0B, 0xF4, 0x3E, 0x7D, 0x0F, 0x03, 0xD7, 0xC0, 0xFF, 0x42, 0xD0, 0xF0,
    0x2D, 0x00, 0x00, 0x78, 0x1D, 0x01, 0xD0, 0x00, 0x0F, 0x03, 0xC0, 0x1D, 0x00, 0x03, 0xC0, 0x3C,
    0x02, 0xC0, 0x00, 0xB8, 0x03, 0xC0, 0x3C, 0x00, 0x1F, 0x00, 0x3C, 0x0B, 0x40, 0x03, 0xC0, 0x03,
    0xD1, 0xF0, 0x00, 0xF4, 0x00, 0x0F, 0xF8, 0x00, 0x0A, 0x00, 0x00, 0x14, 0x00, 0x00, 0x00, 0x00,
    0x00, 0x00, 0x00, 0x00, 0x00, 0x00, 0x00, 0x00, 0x00, 0x00, 0x2F, 0xE0, 0x00, 0x00, 0x00, 0x3E,
    0xBC, 0x00, 0x00, 0x00, 0x2D, 0x0B, 0x40, 0x00, 0x00, 0x0F, 0x02, 0xC0, 0x00, 0x00, 0x07, 0x81,
    0xE0, 0x00, 0x00, 0x02, 0xE1, 0xF0, 0x00, 0x10, 0x00, 0xBB, 0xE0, 0x00, 0x1C, 0x00, 0x3F, 0x80,
    0x00, 0x6F, 0x00, 0x7F, 0x80, 0x1B, 0xFE, 0x00, 0x79, 0xF0, 0x3F, 0xF4, 0x00, 0x38, 0x3D, 0x1E,
    0x74, 0x00, 0x3C, 0x07, 0xC0, 0x2C, 0x00, 0x0F, 0x00, 0xF8, 0x0F, 0x00, 0x03, 0x80, 0x0F, 0x8B,
    0x40, 0x00, 0xF0, 0x01, 0xFF, 0x80, 0x00, 0x3E, 0x00, 0x2F, 0xC0, 0x00, 0x07, 0xFE, 0xFF, 0xFE,
    0x00, 0x00, 0x7F, 0xFE, 0x0F, 0xF9, 0x00, 0x00, 0x00, 0x00, 0x7F, 0xE0, 0x00, 0x00, 0x00, 0x00,
    0x00, 0x00, 0x0A, 0x2E, 0x3D, 0x3C, 0x38, 0x34, 0x70, 0x50, 0x00, 0x00, 0x20, 0x00, 0x0B, 0xC0,
    0x00, 0xF8, 0x00, 0x0F, 0x40, 0x00, 0xF4, 0x00, 0x0B, 0x80, 0x00, 0x7C, 0x00, 0x03, 0xC0, 0x00,
    0x1E, 0x00, 0x00, 0xF4, 0x00, 0x03, 0xC0, 0x00, 0x1E, 0x00, 0x00, 0xB8, 0x00, 0x02, 0xD0, 0x00,
    0x0B, 0x40, 0x00, 0x2D, 0x00, 0x00, 0xB8, 0x00, 0x01, 0xF0, 0x00, 0x03, 0xC0, 0x00, 0x0B, 0x40,
    0x00, 0x0F, 0x00, 0x00, 0x2D, 0x00, 0x00, 0x3D, 0x00, 0x00, 0x3C, 0x00, 0x00, 0x20, 0x00, 0x00,
    0x20, 0x00, 0x01, 0xF0, 0x00, 0x01, 0xF0, 0x00, 0x02, 0xD0, 0x00, 0x03, 0xC0, 0x00, 0x0B, 0x80,
    0x00, 0x0F, 0x00, 0x00, 0x3C, 0x00, 0x00, 0xB4, 0x00, 0x02, 0xE0, 0x00, 0x0B, 0x80, 0x00, 0x2E,
    0x00, 0x00, 0xB4, 0x00, 0x03, 0xC0, 0x00, 0x0F, 0x00, 0x00, 0x78, 0x00, 0x03, 0xC0, 0x00, 0x1E,
    0x00, 0x00, 0xF0, 0x00, 0x0B, 0x40, 0x00, 0xB8, 0x00, 0x0B, 0x80, 0x00, 0xB8, 0x00, 0x0F, 0x40,
    0x00, 0x60, 0x00, 0x00, 0x00, 0x00, 0x00, 0x2D, 0x03, 0x8B, 0x01, 0xFB, 0x80, 0x07, 0xEF, 0x42,
    0xFA, 0xD7, 0xDE, 0x00, 0x92, 0xC0, 0x00, 0xB0, 0x00, 0x00, 0x38, 0x00, 0x00, 0xF0, 0x00, 0x03,
    0xC0, 0x00, 0x0F, 0x00, 0x15, 0x7D, 0x55, 0xFF, 0xFF, 0xF1, 0x57, 0xD5, 0x40, 0x0F, 0x00, 0x00,
    0x3C, 0x00, 0x00, 0xF0, 0x00, 0x03, 0x80, 0x00, 0x00, 0x00, 0x3E, 0x03, 0xF0, 0x2E, 0x03, 0xD0,
    0x78, 0x1F, 0x07, 0x80, 0x00, 0x00, 0x55, 0x54, 0xFF, 0xFD, 0xAA, 0xA8, 0x00, 0x2E, 0x7F, 0x7D,
    0x10, 0x00, 0x00, 0x01, 0xE0, 0x00, 0x00, 0x3C, 0x00, 0x00, 0x0B, 0x40, 0x00, 0x00, 0xF0, 0x00,
    0x00, 0x3D, 0x00, 0x00, 0x07, 0x80, 0x00, 0x00, 0xF0, 0x00, 0x00, 0x2D, 0x00, 0x00, 0x03, 0xC0,
    0x00, 0x00, 0xF4, 0x00, 0x00, 0x1E, 0x00, 0x00, 0x03, 0xC0, 0x00, 0x00, 0xB8, 0x00, 0x00, 0x0F,
    0x00, 0x00, 0x02, 0xD0, 0x00, 0x00, 0x78, 0x00, 0x00, 0x0F, 0x00, 0x00, 0x02, 0xE0, 0x00, 0x00,
    0x3C, 0x00, 0x00, 0x00, 0x00, 0x00, 0x00, 0x00, 0x00, 0x14, 0x00, 0x00, 0x1F, 0xFF, 0x00, 0x02,
    0xFE, 0xFF, 0x00, 0x3F, 0x00, 0xBD, 0x02, 0xF0, 0x00, 0xF8, 0x0F, 0x40, 0x03, 0xF0, 0xBC, 0x00,
    0x0F, 0xC3, 0xD0, 0x00, 0x3E, 0x2F, 0x00, 0x00, 0xF8, 0xFC, 0x00, 0x03, 0xD3, 0xE0, 0x00, 0x1F,
    0x0F, 0x40, 0x00, 0xFC, 0x3D, 0x00, 0x03, 0xD0, 0xF4, 0x00, 0x2F, 0x03, 0xE0, 0x01, 0xF0, 0x0F,
    0xD0, 0x2F, 0x40, 0x1F, 0xFF, 0xF4, 0x00, 0x1F, 0xFE, 0x00, 0x00, 0x00, 0x00, 0x00, 0x00, 0x00,
    0x00, 0x00, 0x01, 0xBC, 0x02, 0xFF, 0xC0, 0x3F, 0xF8, 0x00, 0x0F, 0x40, 0x00, 0xF4, 0x00, 0x1F,
    0x00, 0x02, 0xF0, 0x00, 0x3E, 0x00, 0x03, 0xD0, 0x00, 0x3C, 0x00, 0x07, 0xC0, 0x00, 0xBC, 0x00,
    0x0F, 0x80, 0x00, 0xF4, 0x00, 0x1F, 0x00, 0x1B, 0xFE, 0x0B, 0xFF, 0xF4, 0x00, 0x00, 0x10, 0x00,
    0x00, 0xBF, 0xF4, 0x00, 0xBF, 0xBF, 0xD0, 0x1F, 0x80, 0x7F, 0x03, 0xD0, 0x03, 0xF0, 0x18, 0x00,
    0x3F, 0x00, 0x00, 0x03, 0xE0, 0x00, 0x00, 0xFC, 0x00, 0x00, 0x2F, 0x40, 0x00, 0x0B, 0xD0, 0x00,
    0x02, 0xF4, 0x00, 0x00, 0xBD, 0x00, 0x00, 0x3F, 0x00, 0x00, 0x1F, 0x80, 0x00, 0x0B, 0xD0, 0x00,
    0x02, 0xF9, 0x55, 0x50, 0xBF, 0xFF, 0xFF, 0x4B, 0xFF, 0xFF, 0xE0, 0x00, 0x00, 0x50, 0x00, 0x01,
    0xFF, 0xF0, 0x00, 0xBF, 0xBF, 0xC0, 0x1F, 0x40, 0x7D, 0x02, 0xC0, 0x03, 0xD0, 0x04, 0x00, 0x7C,
    0x00, 0x00, 0x0F, 0x80, 0x00, 0x07, 0xE0, 0x00, 0x07, 0xF4, 0x00, 0x07, 0xFF, 0xD0, 0x00, 0x25,
    0xBF, 0x00, 0x00, 0x01, 0xF4, 0x00, 0x00, 0x1F, 0x40, 0x00, 0x02, 0xF0, 0x00, 0x00, 0xBE, 0x00,
    0x00, 0x7F, 0xC0, 0x6B, 0xFF, 0xE0, 0x03, 0xFF, 0xE0, 0x00, 0x00, 0x00, 0x00, 0x00, 0x00, 0x00,
    0x00, 0x40, 0x00, 0x00, 0x1F, 0x80, 0x00, 0x01, 0xFD, 0x00, 0x00, 0x1F, 0xF0, 0x00, 0x00, 0xF7,
    0xC0, 0x00, 0x0F, 0x5F, 0x00, 0x00, 0xF4, 0xB8, 0x00, 0x0F, 0x43, 0xD0, 0x00, 0xF4, 0x0F, 0x00,
    0x0F, 0x80, 0x7C, 0x00, 0xF8, 0x02, 0xE0, 0x0F, 0x80, 0x0F, 0x80, 0xBF, 0xFF, 0xFF, 0xF1, 0xFF,
    0xFF, 0xFF, 0x80, 0x00, 0x0B, 0xC0, 0x00, 0x00, 0x2E, 0x00, 0x00, 0x00, 0xF4, 0x00, 0x00, 0x03,
    0xC0, 0x00, 0x00, 0x00, 0x00, 0x00, 0x07, 0xFF, 0xFC, 0x00, 0xBF, 0xFF, 0xC0, 0x0F, 0x40, 0x00,
    0x01, 0xF0, 0x00, 0x00, 0x2E, 0x00, 0x00, 0x03, 0xF4, 0x00, 0x00, 0x3F, 0xF8, 0x00, 0x01, 0x6F,
    0xF0, 0x00, 0x00, 0x2F, 0x80, 0x00, 0x00, 0xFC, 0x00, 0x00, 0x0B, 0xC0, 0x00, 0x00, 0xBC, 0x00,
    0x00, 0x0F, 0x80, 0x00, 0x03, 0xF0, 0x00, 0x02, 0xFC, 0x00, 0xAB, 0xFF, 0x00, 0x0B, 0xFE, 0x40,
    0x00, 0x00, 0x00, 0x00, 0x00, 0x00, 0x00, 0x00, 0x40, 0x00, 0x01, 0xFF, 0xC0, 0x00, 0x7F, 0xE4,
    0x00, 0x0B, 0xF4, 0x00, 0x00, 0xBE, 0x00, 0x00, 0x0B, 0xD0, 0x00, 0x00, 0x7E, 0x00, 0x00, 0x03,
    0xFA, 0xA4, 0x00, 0x1F, 0xFF, 0xF8, 0x00, 0xF8, 0x06, 0xF8, 0x03, 0xD0, 0x03, 0xF0, 0x1F, 0x00,
    0x0B, 0xC0, 0x7C, 0x00, 0x2F, 0x01, 0xF0, 0x00, 0xBC, 0x07, 0xD0, 0x03, 0xD0, 0x0F, 0xC0, 0x3F,
    0x00, 0x1F, 0xEB, 0xF0, 0x00, 0x1F, 0xFE, 0x00, 0x00, 0x00, 0x00, 0x00, 0x00, 0x00, 0x00, 0x00,
    0x07, 0xFF, 0xFF, 0xE3, 0xFF, 0xFF, 0xF8, 0xF0, 0x00, 0xBC, 0x78, 0x00, 0x7C, 0x1C, 0x00, 0x7C,
    0x00, 0x00, 0x3D, 0x00, 0x00, 0x3E, 0x00, 0x00, 0x2F, 0x00, 0x00, 0x1F, 0x00, 0x00, 0x0F, 0x40,
    0x00, 0x0F, 0xC0, 0x00, 0x0B, 0xC0, 0x00, 0x03, 0xE0, 0x00, 0x03, 0xF0, 0x00, 0x00, 0xF8, 0x00,
    0x00, 0xBC, 0x00, 0x00, 0x2E, 0x00, 0x00, 0x01, 0x00, 0x00, 0x00, 0x00, 0x00, 0x50, 0x00, 0x01,
    0xFF, 0xE0, 0x00, 0xBE, 0x6F, 0xC0, 0x2F, 0x00, 0x7C, 0x03, 0xD0, 0x03, 0xC0, 0x3D, 0x00, 0x7C,
    0x03, 0xE0, 0x0F, 0x40, 0x2F, 0x87, 0xD0, 0x00, 0xBF, 0xF0, 0x00, 0x0B, 0xFE, 0x00, 0x07, 0xE3,
    0xF8, 0x01, 0xF0, 0x0B, 0xD0, 0x3D, 0x00, 0x3F, 0x0B, 0xC0, 0x03, 0xF0, 0xBC, 0x00, 0x3E, 0x0B,
    0xD0, 0x0F, 0xC0, 0x3F, 0xEF, 0xF0, 0x00, 0xBF, 0xF8, 0x00, 0x00, 0x00, 0x00, 0x00, 0x00, 0x00,
    0x50, 0x00, 0x00, 0x7F, 0xFC, 0x00, 0x07, 0xFA, 0xFC, 0x00, 0x7E, 0x01, 0xF8, 0x03, 0xE0, 0x02,
    0xF0, 0x0F, 0x40, 0x0B, 0xC0, 0x7C, 0x00, 0x2F, 0x01, 0xF0, 0x00, 0xBC, 0x07, 0xE0, 0x03, 0xE0,
    0x0F, 0xE4, 0x5F, 0x40, 0x0F, 0xFF, 0xFC, 0x00, 0x06, 0xAB, 0xD0, 0x00, 0x00, 0x3F, 0x00, 0x00,
    0x03, 0xF0, 0x00, 0x00, 0x3F, 0x00, 0x00, 0x0B, 0xF0, 0x00, 0x16, 0xFE, 0x00, 0x01, 0xFF, 0x80,
    0x00, 0x00, 0x40, 0x00, 0x00, 0x00, 0x00, 0x50, 0x0F, 0xC0, 0x3F, 0x00, 0xF0, 0x00, 0x00, 0x00,
    0x00, 0x00, 0x00, 0x00, 0x00, 0x00, 0x00, 0x02, 0xE0, 0x1F, 0xC0, 0x7D, 0x00, 0x40, 0x00, 0x00,
    0x05, 0x00, 0x0F, 0xC0, 0x03, 0xF0, 0x00, 0xF4, 0x00, 0x00, 0x00, 0x00, 0x00, 0x00, 0x00, 0x00,
    0x00, 0x00, 0x00, 0x00, 0x00, 0x00, 0x3E, 0x00, 0x0F, 0xC0, 0x02, 0xE0, 0x00, 0xF4, 0x00, 0x78,
    0x00, 0x7C, 0x00, 0x78, 0x00, 0x00, 0x00, 0x00, 0x00, 0x00, 0x00, 0x00, 0x00, 0x74, 0x00, 0x07,
    0xF8, 0x00, 0x7F, 0xD0, 0x07, 0xFD, 0x00, 0x3F, 0x80, 0x00, 0x7E, 0x00, 0x00, 0x1F, 0xE0, 0x00,
    0x01, 0xFE, 0x00, 0x00, 0x2F, 0xE0, 0x00, 0x02, 0xFC, 0x00, 0x00, 0x24, 0x00, 0x00, 0x00, 0x2A,
    0xAA, 0xA9, 0xFF, 0xFF, 0xF0, 0x00, 0x00, 0x00, 0x00, 0x00, 0x00, 0x00, 0x01, 0xFF, 0xFF, 0xF2,
    0xAA, 0xAA, 0x80, 0x00, 0x00, 0x00, 0x34, 0x00, 0x00, 0x7F, 0x40, 0x00, 0x1F, 0xF4, 0x00, 0x01,
    0xFF, 0x40, 0x00, 0x1F, 0xE0, 0x00, 0x01, 0xFC, 0x00, 0x07, 0xF8, 0x00, 0x7F, 0x80, 0x0B, 0xF8,
    0x00, 0x3F, 0x80, 0x00, 0x28, 0x00, 0x00, 0x00, 0x00, 0x00, 0x0B, 0xE0, 0x3F, 0xFC, 0x3E, 0xBE,
    0x10, 0x0F, 0x00, 0x0F, 0x00, 0x1E, 0x00, 0x7C, 0x01, 0xF0, 0x07, 0xC0, 0x1F, 0x00, 0x3C, 0x00,
    0x7E, 0x40, 0x3F, 0x40, 0x04, 0x00, 0x00, 0x00, 0x28, 0x00, 0xBC, 0x00, 0xFC, 0x00, 0x10, 0x00,
    0x00, 0x00, 0x00, 0x00, 0x00, 0x00, 0x00, 0x00, 0x2F, 0xFF, 0x80, 0x00, 0x00, 0x1F, 0xFF, 0xFF,
    0xE0, 0x00, 0x03, 0xF9, 0x00, 0x07, 0xF0, 0x00, 0x7E, 0x00, 0x00, 0x03, 0xD0, 0x07, 0xD0, 0x00,
    0x00, 0x07, 0xC0, 0x3D, 0x00, 0xBE, 0x28, 0x0F, 0x02, 0xD0, 0x0F, 0xFF, 0xD0, 0x2D, 0x0F, 0x00,
    0xF4, 0x1F, 0x00, 0xB4, 0xB4, 0x07, 0x80, 0x3C, 0x03, 0xC3, 0xC0, 0x3C, 0x01, 0xD0, 0x0F, 0x0F,
    0x00, 0xF0, 0x0B, 0x00, 0x78, 0x78, 0x07, 0x80, 0x3C, 0x03, 0xC1, 0xE0, 0x2E, 0x03, 0xF0, 0x2E,
    0x07, 0x80, 0x7C, 0x3B, 0xC2, 0xF0, 0x1E, 0x01, 0xFF, 0xCF, 0xFE, 0x00, 0x7C, 0x02, 0xF8, 0x1F,
    0x90, 0x00, 0xF4, 0x00, 0x00, 0x00, 0x00, 0x02, 0xF0, 0x00, 0x00, 0x00, 0x00, 0x03, 0xF0, 0x00,
    0x00, 0x80, 0x00, 0x03, 0xF9, 0x41, 0x6F, 0x00, 0x00, 0x02, 0xFF, 0xFF, 0xE0, 0x00, 0x00, 0x00,
    0x6A, 0x90, 0x00, 0x00, 0x00, 0x00, 0x00, 0x00, 0x60, 0x00, 0x00, 0x00, 0x0B, 0xC0, 0x00, 0x00,
    0x00, 0x3F, 0x40, 0x00, 0x00, 0x03, 0xFE, 0x00, 0x00, 0x00, 0x1D, 0xB8, 0x00, 0x00, 0x00, 0xF1,
    0xF0, 0x00, 0x00, 0x07, 0x43, 0xC0, 0x00, 0x00, 0x3C, 0x0F, 0x40, 0x00, 0x02, 0xD0, 0x3D, 0x00,
    0x00, 0x0F, 0x00, 0xB8, 0x00, 0x00, 0xF9, 0x56, 0xF0, 0x00, 0x07, 0xFF, 0xFF, 0xC0, 0x00, 0x3D,
    0x55, 0x6F, 0x40, 0x02, 0xE0, 0x00, 0x3D, 0x00, 0x0F, 0x00, 0x00, 0xF8, 0x00, 0xB8, 0x00, 0x03,
    0xF0, 0x0B, 0xE4, 0x00, 0x1F, 0xE4, 0xFF, 0xF0, 0x03, 0xFF, 0xF0, 0x00, 0x06, 0xA9, 0x00, 0x01,
    0xFF, 0xFF, 0xE0, 0x01, 0x9F, 0x42, 0xF8, 0x00, 0x1F, 0x00, 0xBC, 0x00, 0x2F, 0x00, 0x7C, 0x00,
    0x2E, 0x00, 0x7C, 0x00, 0x3D, 0x00, 0xF8, 0x00, 0x3C, 0x02, 0xF0, 0x00, 0x7F, 0xFF, 0x80, 0x00,
    0xBE, 0xBF, 0xE0, 0x00, 0xF8, 0x02, 0xF4, 0x00, 0xF4, 0x00, 0xF8, 0x00, 0xF0, 0x00, 0xB8, 0x01,
    0xF0, 0x00, 0xF8, 0x02, 0xE0, 0x01, 0xF4, 0x03, 0xD0, 0x03, 0xE0, 0x1B, 0xFA, 0xBF, 0x80, 0x7F,
    0xFF, 0xF8, 0x00, 0x00, 0x00, 0x00, 0x00, 0x00, 0x01, 0x69, 0x40, 0x00, 0xBF, 0xFF, 0xD0, 0x0F,
    0xE5, 0xBF, 0x80, 0xFC, 0x00, 0x2D, 0x0F, 0xC0, 0x00, 0xB0, 0x7C, 0x00, 0x02, 0x83, 0xE0, 0x00,
    0x00, 0x1F, 0x00, 0x00, 0x00, 0xBC, 0x00, 0x00, 0x03, 0xE0, 0x00, 0x00, 0x0F, 0x80, 0x00, 0x00,
    0x3E, 0x00, 0x00, 0x00, 0xFC, 0x00, 0x00, 0x02, 0xF0, 0x00, 0x00, 0x07, 0xE0, 0x00, 0x0C, 0x0F,
    0xF4, 0x06, 0xF0, 0x0F, 0xFF, 0xFF, 0x00, 0x0B, 0xFF, 0xD0, 0x00, 0x00, 0x00, 0x00, 0x00, 0x00,
    0x05, 0xA9, 0x40, 0x00, 0x03, 0xFF, 0xFF, 0xE0, 0x00, 0x19, 0xF4, 0x5F, 0xF4, 0x00, 0x07, 0xC0,
    0x07, 0xF0, 0x00, 0x2F, 0x00, 0x07, 0xE0, 0x00, 0xB8, 0x00, 0x0F, 0xC0, 0x03, 0xD0, 0x00, 0x2F,
    0x00, 0x0F, 0x00, 0x00, 0x7C, 0x00, 0x7C, 0x00, 0x02, 0xF0, 0x02, 0xF0, 0x00, 0x0B, 0xC0, 0x0F,
    0x80, 0x00, 0x3E, 0x00, 0x3D, 0x00, 0x00, 0xF4, 0x00, 0xF0, 0x00, 0x0B, 0xC0, 0x07, 0xC0, 0x00,
    0x7D, 0x00, 0x2F, 0x00, 0x03, 0xE0, 0x00, 0xF8, 0x00, 0xBE, 0x00, 0x1B, 0xFA, 0xBF, 0xD0, 0x01,
    0xFF, 0xFF, 0xE4, 0x00, 0x00, 0x00, 0x00, 0x00, 0x00, 0x00, 0x00, 0x55, 0x55, 0x55, 0x00, 0x3F,
    0xFF, 0xFF, 0xC0, 0x01, 0xFA, 0xAA, 0xF0, 0x00, 0x7C, 0x00, 0x38, 0x00, 0x2F, 0x00, 0x0C, 0x00,
    0x0B, 0x80, 0x00, 0x00, 0x03, 0xD0, 0x00, 0x00, 0x00, 0xF0, 0x00, 0x00, 0x00, 0x7E, 0xAA, 0x80,
    0x00, 0x2F, 0xFF, 0xE0, 0x00, 0x0F, 0x80, 0x00, 0x00, 0x03, 0xD0, 0x00, 0x00, 0x00, 0xF0, 0x00,
    0x00, 0x00, 0x7C, 0x00, 0x1C, 0x00, 0x2F, 0x00, 0x0F, 0x00, 0x0F, 0x80, 0x07, 0x80, 0x1B, 0xFF,
    0xFF, 0xD0, 0x1F, 0xFF, 0xFF, 0xF0, 0x00, 0x00, 0x55, 0x55, 0x54, 0x00, 0xFF, 0xFF, 0xFC, 0x00,
    0x1F, 0xAA, 0xBC, 0x00, 0x1F, 0x00, 0x38, 0x00, 0x2F, 0x00, 0x34, 0x00, 0x2E, 0x00, 0x00, 0x00,
    0x3D, 0x00, 0x00, 0x00, 0x3D, 0x00, 0x00, 0x00, 0x7E, 0xAA, 0x40, 0x00, 0xBF, 0xFF, 0x40, 0x00,
    0xF8, 0x00, 0x00, 0x00, 0xF4, 0x00, 0x00, 0x00, 0xF0, 0x00, 0x00, 0x01, 0xF0, 0x00, 0x00, 0x02,
    0xF0, 0x00, 0x00, 0x03, 0xE0, 0x00, 0x00, 0x1B, 0xF9, 0x00, 0x00, 0x7F, 0xFF, 0x00, 0x00, 0x00,
    0x01, 0x69, 0x40, 0x00, 0x2F, 0xFF, 0xFC, 0x00, 0xFE, 0x5A, 0xFC, 0x03, 0xF0, 0x00, 0x3C, 0x0F,
    0xC0, 0x00, 0x38, 0x1F, 0x00, 0x00, 0x30, 0x3E, 0x00, 0x00, 0x00, 0x7C, 0x00, 0x00, 0x00, 0xBC,
    0x00, 0x00, 0x00, 0xF8, 0x00, 0x00, 0x00, 0xF8, 0x00, 0x3F, 0xFD, 0xF8, 0x00, 0x06, 0xF8, 0xFC,
    0x00, 0x00, 0xF0, 0xBC, 0x00, 0x01, 0xF0, 0x7F, 0x00, 0x02, 0xE0, 0x3F, 0xC0, 0x03, 0xE0, 0x0F,
    0xFF, 0xFF, 0xD0, 0x01, 0xFF, 0xFE, 0x00, 0x00, 0x00, 0x00, 0x00, 0x00, 0x55, 0x54, 0x01, 0x55,
    0x40, 0x0F, 0xFF, 0x40, 0x7F, 0xFD, 0x00, 0x1F, 0x80, 0x00, 0xBD, 0x00, 0x01, 0xF0, 0x00, 0x0B,
    0xC0, 0x00, 0x2F, 0x00, 0x00, 0xF8, 0x00, 0x02, 0xE0, 0x00, 0x0F, 0x40, 0x00, 0x3D, 0x00, 0x00,
    0xF0, 0x00, 0x03, 0xD0, 0x00, 0x1F, 0x00, 0x00, 0x7F, 0xFF, 0xFF, 0xF0, 0x00, 0x0B, 0xFF, 0xFF,
    0xFE, 0x00, 0x00, 0xF8, 0x00, 0x03, 0xD0, 0x00, 0x0F, 0x40, 0x00, 0x7C, 0x00, 0x00, 0xF0, 0x00,
    0x0B, 0xC0, 0x00, 0x1F, 0x00, 0x00, 0xB8, 0x00, 0x02, 0xF0, 0x00, 0x0F, 0x40, 0x00, 0x3E, 0x00,
    0x00, 0xF4, 0x00, 0x1B, 0xF8, 0x00, 0x7F, 0x90, 0x07, 0xFF, 0xD0, 0x2F, 0xFF, 0x00, 0x00, 0x55,
    0x54, 0x03, 0xFF, 0xE0, 0x01, 0xF8, 0x00, 0x07, 0xC0, 0x00, 0x2F, 0x00, 0x00, 0xB8, 0x00, 0x03,
    0xD0, 0x00, 0x0F, 0x40, 0x00, 0x7C, 0x00, 0x02, 0xF0, 0x00, 0x0F, 0x80, 0x00, 0x3D, 0x00, 0x00,
    0xF0, 0x00, 0x07, 0xC0, 0x00, 0x2F, 0x00, 0x00, 0xF8, 0x00, 0x1B, 0xF8, 0x01, 0xFF, 0xF4, 0x00,
    0x00, 0x00, 0x55, 0x54, 0x00, 0x00, 0xFF, 0xF8, 0x00, 0x00, 0x1F, 0x80, 0x00, 0x00, 0x0F, 0x40,
    0x00, 0x00, 0x1F, 0x00, 0x00, 0x00, 0x2F, 0x00, 0x00, 0x00, 0x2E, 0x00, 0x00, 0x00, 0x3D, 0x00,
    0x00, 0x00, 0x3D, 0x00, 0x00, 0x00, 0x7C, 0x00, 0x00, 0x00, 0xBC, 0x00, 0x00, 0x00, 0xF8, 0x00,
    0x00, 0x00, 0xF4, 0x00, 0x00, 0x00, 0xF0, 0x00, 0x00, 0x01, 0xF0, 0x00, 0x00, 0x02, 0xF0, 0x00,
    0x00, 0x03, 0xE0, 0x00, 0x00, 0x03, 0xC0, 0x00, 0x00, 0x07, 0xC0, 0x00, 0x00, 0x0F, 0x40, 0x00,
    0x3E, 0xBE, 0x00, 0x00, 0x3F, 0xF8, 0x00, 0x00, 0x0A, 0x90, 0x00, 0x00, 0x00, 0x55, 0x50, 0x15,
    0x54, 0x00, 0xFF, 0xF4, 0x3F, 0xFC, 0x00, 0x1F, 0x80, 0x0F, 0xD0, 0x00, 0x1F, 0x00, 0x3E, 0x00,
    0x00, 0x2F, 0x01, 0xF4, 0x00, 0x00, 0x2E, 0x07, 0xD0, 0x00, 0x00, 0x3D, 0x2F, 0x00, 0x00, 0x00,
    0x3D, 0xBC, 0x00, 0x00, 0x00, 0x7F, 0xE0, 0x00, 0x00, 0x00, 0xBF, 0xE0, 0x00, 0x00, 0x00, 0xF9,
    0xF4, 0x00, 0x00, 0x00, 0xF4, 0xBC, 0x00, 0x00, 0x00, 0xF0, 0x3F, 0x00, 0x00, 0x01, 0xF0, 0x1F,
    0x80, 0x00, 0x02, 0xF0, 0x0B, 0xE0, 0x00, 0x03, 0xE0, 0x03, 0xF8, 0x00, 0x1B, 0xF9, 0x00, 0xFF,
    0x00, 0x7F, 0xFE, 0x00, 0x3F, 0xC0, 0x00, 0x00, 0x00, 0x00, 0x00, 0x00, 0x55, 0x54, 0x00, 0x03,
    0xFF, 0xE0, 0x00, 0x01, 0xF8, 0x00, 0x00, 0x07, 0xC0, 0x00, 0x00, 0x2F, 0x00, 0x00, 0x00, 0xB8,
    0x00, 0x00, 0x03, 0xD0, 0x00, 0x00, 0x0F, 0x40, 0x00, 0x00, 0x7C, 0x00, 0x00, 0x02, 0xF0, 0x00,
    0x00, 0x0F, 0x80, 0x00, 0x00, 0x3D, 0x00, 0x00, 0x00, 0xF0, 0x00, 0x00, 0x07, 0xC0, 0x00, 0xD0,
    0x2F, 0x00, 0x0B, 0x00, 0xF8, 0x00, 0x7C, 0x1B, 0xFF, 0xFF, 0xD1, 0xFF, 0xFF, 0xFF, 0x00, 0x00,
    0x05, 0x54, 0x00, 0x01, 0x55, 0x00, 0x07, 0xFF, 0x00, 0x01, 0xFF, 0xC0, 0x00, 0x2F, 0xD0, 0x00,
    0xFF, 0x40, 0x00, 0x0F, 0xF4, 0x00, 0xBF, 0xC0, 0x00, 0x03, 0xEE, 0x00, 0x3D, 0xF0, 0x00, 0x01,
    0xEB, 0x80, 0x2D, 0xBC, 0x00, 0x00, 0xB5, 0xF0, 0x0F, 0x2E, 0x00, 0x00, 0x3C, 0x7C, 0x0B, 0x0B,
    0x80, 0x00, 0x1E, 0x0F, 0x03, 0x82, 0xE0, 0x00, 0x0B, 0x43, 0xD3, 0xC0, 0xF4, 0x00, 0x03, 0xC0,
    0xF9, 0xE0, 0x3D, 0x00, 0x00, 0xF0, 0x2E, 0xF0, 0x0F, 0x40, 0x00, 0xB8, 0x07, 0xF4, 0x03, 0xD0,
    0x00, 0x3D, 0x00, 0xFC, 0x00, 0xF0, 0x00, 0x0F, 0x00, 0x3D, 0x00, 0x3C, 0x00, 0x07, 0x80, 0x0A,
    0x00, 0x1F, 0x00, 0x07, 0xF4, 0x00, 0x00, 0x1F, 0xE4, 0x0F, 0xFF, 0x00, 0x00, 0x2F, 0xFF, 0x00,
    0x00, 0x55, 0x00, 0x01, 0x55, 0x40, 0x3F, 0xD0, 0x01, 0xFF, 0xE0, 0x02, 0xF8, 0x00, 0x0B, 0x80,
    0x00, 0x7F, 0x00, 0x02, 0xD0, 0x00, 0x2F, 0xE0, 0x00, 0xF0, 0x00, 0x0F, 0xBC, 0x00, 0x3C, 0x00,
    0x03, 0xCF, 0x80, 0x1E, 0x00, 0x00, 0xF2, 0xF0, 0x0B, 0x40, 0x00, 0x78, 0x3D, 0x03, 0xD0, 0x00,
    0x2D, 0x0B, 0xC0, 0xF0, 0x00, 0x0F, 0x00, 0xF4, 0x3C, 0x00, 0x03, 0xC0, 0x3E, 0x1E, 0x00, 0x01,
    0xF0, 0x07, 0xCB, 0x40, 0x00, 0x78, 0x00, 0xFB, 0xC0, 0x00, 0x2D, 0x00, 0x1F, 0xF0, 0x00, 0x0F,
    0x00, 0x03, 0xFC, 0x00, 0x0B, 0xE4, 0x00, 0x7E, 0x00, 0x1F, 0xFF, 0x00, 0x0F, 0x40, 0x00, 0x00,
    0x00, 0x00, 0x00, 0x00, 0x00, 0x00, 0x69, 0x00, 0x00, 0x07, 0xFF, 0xF8, 0x00, 0x0F, 0xE5, 0x6F,
    0xC0, 0x0F, 0xC0, 0x01, 0xF8, 0x0F, 0xC0, 0x00, 0x3F, 0x07, 0xC0, 0x00, 0x07, 0xD3, 0xE0, 0x00,
    0x00, 0xF5, 0xF0, 0x00, 0x00, 0x3D, 0xBC, 0x00, 0x00, 0x0F, 0x7E, 0x00, 0x00, 0x07, 0xCF, 0x80,
    0x00, 0x02, 0xF3, 0xE0, 0x00, 0x00, 0xF8, 0xF8, 0x00, 0x00, 0x7C, 0x3F, 0x00, 0x00, 0x3E, 0x07,
    0xD0, 0x00, 0x2F, 0x00, 0xFD, 0x00, 0x7F, 0x00, 0x0F, 0xFA, 0xFF, 0x00, 0x00, 0xBF, 0xF9, 0x00,
    0x00, 0x00, 0x00, 0x00, 0x00, 0x00, 0x05, 0xA9, 0x00, 0x01, 0xFF, 0xFF, 0xE0, 0x01, 0x9F, 0x42,
    0xF8, 0x00, 0x1F, 0x00, 0x7C, 0x00, 0x2F, 0x00, 0x3D, 0x00, 0x2E, 0x00, 0x3D, 0x00, 0x3D, 0x00,
    0x7C, 0x00, 0x3C, 0x00, 0xF8, 0x00, 0x7C, 0x03, 0xF0, 0x00, 0xBD, 0xAF, 0x80, 0x00, 0xFF, 0xF9,
    0x00, 0x00, 0xF4, 0x00, 0x00, 0x00, 0xF0, 0x00, 0x00, 0x01, 0xF0, 0x00, 0x00, 0x02, 0xF0, 0x00,
    0x00, 0x03, 0xE0, 0x00, 0x00, 0x1B, 0xF9, 0x00, 0x00, 0x7F, 0xFF, 0x00, 0x00, 0x00, 0x01, 0x69,
    0x00, 0x00, 0x00, 0x07, 0xFF, 0xF8, 0x00, 0x00, 0x0F, 0xE5, 0x6F, 0xC0, 0x00, 0x0F, 0xC0, 0x01,
    0xF8, 0x00, 0x0F, 0xC0, 0x00, 0x3F, 0x00, 0x07, 0xC0, 0x00, 0x07, 0xC0, 0x03, 0xE0, 0x00, 0x01,
    0xF4, 0x01, 0xF0, 0x00, 0x00, 0x3D, 0x00, 0xBC, 0x00, 0x00, 0x0F, 0x40, 0x3E, 0x00, 0x00, 0x07,
    0xC0, 0x0F, 0x80, 0x00, 0x02, 0xF0, 0x03, 0xE0, 0x00, 0x00, 0xF8, 0x00, 0xF8, 0x00, 0x00, 0x7C,
    0x00, 0x2F, 0x00, 0x00, 0x3E, 0x00, 0x07, 0xD0, 0x00, 0x3F, 0x00, 0x00, 0xFD, 0x00, 0x7F, 0x00,
    0x00, 0x0F, 0xFA, 0xFE, 0x00, 0x00, 0x00, 0xFF, 0xF8, 0x00, 0x00, 0x00, 0x0B, 0xF4, 0x00, 0x00,
    0x00, 0x00, 0x2F, 0xD0, 0x00, 0x00, 0x00, 0x01, 0xFF, 0x90, 0x00, 0x00, 0x00, 0x07, 0xFF, 0xFE,
    0xC0, 0x00, 0x00, 0x0B, 0xFF, 0xE0, 0x00, 0x00, 0x00, 0x05, 0x40, 0x00, 0x05, 0xA9, 0x00, 0x00,
    0x7F, 0xFF, 0xF8, 0x00, 0x19, 0xF4, 0x6F, 0x40, 0x00, 0x7C, 0x03, 0xF0, 0x00, 0x2F, 0x00, 0x7C,
    0x00, 0x0B, 0x80, 0x1F, 0x00, 0x03, 0xD0, 0x0F, 0x80, 0x00, 0xF0, 0x0B, 0xC0, 0x00, 0x7C, 0x1F,
    0xD0, 0x00, 0x2F, 0xFF, 0x80, 0x00, 0x0F, 0xEF, 0x40, 0x00, 0x03, 0xD2, 0xF0, 0x00, 0x00, 0xF0,
    0x3D, 0x00, 0x00, 0x7C, 0x0B, 0xC0, 0x00, 0x2E, 0x00, 0xF8, 0x00, 0x0F, 0x80, 0x1F, 0x80, 0x1B,
    0xF9, 0x02, 0xFC, 0x1F, 0xFF, 0x80, 0x1F, 0xC0, 0x00, 0x00, 0x00, 0x00, 0x00, 0x06, 0x94, 0x00,
    0x2F, 0xFF, 0xD0, 0x2F, 0x45, 0xF4, 0x1F, 0x00, 0x2D, 0x0B, 0xC0, 0x0B, 0x02, 0xF0, 0x01, 0x40,
    0xBD, 0x00, 0x00, 0x0F, 0xE0, 0x00, 0x01, 0xFF, 0x40, 0x00, 0x0F, 0xF8, 0x00, 0x00, 0x7F, 0x80,
    0x00, 0x03, 0xF0, 0x20, 0x00, 0x7D, 0x1D, 0x00, 0x0F, 0x4B, 0x40, 0x07, 0xC2, 0xF0, 0x03, 0xE0,
    0xBF, 0xAB, 0xF0, 0x07, 0xFF, 0xD0, 0x00, 0x00, 0x00, 0x00, 0x15, 0x55, 0x55, 0x51, 0xFF, 0xFF,
    0xFF, 0xEB, 0xAA, 0xFE, 0xAF, 0x7C, 0x03, 0xD0, 0x2C, 0xF0, 0x1F, 0x00, 0xB2, 0x40, 0xBC, 0x02,
    0x40, 0x02, 0xE0, 0x00, 0x00, 0x0F, 0x40, 0x00, 0x00, 0x3C, 0x00, 0x00, 0x01, 0xF0, 0x00, 0x00,
    0x0B, 0xC0, 0x00, 0x00, 0x3E, 0x00, 0x00, 0x00, 0xF4, 0x00, 0x00, 0x03, 0xC0, 0x00, 0x00, 0x1F,
    0x00, 0x00, 0x00, 0xBC, 0x00, 0x00, 0x1B, 0xF9, 0x00, 0x01, 0xFF, 0xFC, 0x00, 0x00, 0x15, 0x54,
    0x00, 0x55, 0x57, 0xFF, 0xC0, 0x1F, 0xFE, 0x1B, 0xD0, 0x00, 0x7E, 0x00, 0xB8, 0x00, 0x03, 0xD0,
    0x0F, 0x80, 0x00, 0x3C, 0x00, 0xF4, 0x00, 0x03, 0xC0, 0x1F, 0x00, 0x00, 0x78, 0x02, 0xF0, 0x00,
    0x0B, 0x40, 0x2E, 0x00, 0x00, 0xF0, 0x03, 0xD0, 0x00, 0x0F, 0x00, 0x3D, 0x00, 0x00, 0xF0, 0x07,
    0xC0, 0x00, 0x1E, 0x00, 0x7C, 0x00, 0x02, 0xD0, 0x0B, 0xC0, 0x00, 0x3C, 0x00, 0x7C, 0x00, 0x0F,
    0x80, 0x03, 0xF0, 0x03, 0xF0, 0x00, 0x2F, 0xFF, 0xFC, 0x00, 0x00, 0x7F, 0xFD, 0x00, 0x00, 0x00,
    0x00, 0x00, 0x00, 0x00, 0x15, 0x55, 0x00, 0x55, 0x50, 0xFF, 0xF8, 0x0B, 0xFF, 0xC0, 0xBE, 0x00,
    0x07, 0xF4, 0x01, 0xF4, 0x00, 0x0F, 0x00, 0x03, 0xD0, 0x00, 0xB8, 0x00, 0x0F, 0x80, 0x03, 0xC0,
    0x00, 0x3E, 0x00, 0x2E, 0x00, 0x00, 0xBC, 0x00, 0xF0, 0x00, 0x02, 0xF0, 0x0F, 0x40, 0x00, 0x07,
    0xC0, 0x7C, 0x00, 0x00, 0x0F, 0x03, 0xD0, 0x00, 0x00, 0x3D, 0x1F, 0x00, 0x00, 0x00, 0xF4, 0xF0,
    0x00, 0x00, 0x02, 0xD7, 0x80, 0x00, 0x00, 0x0B, 0xBC, 0x00, 0x00, 0x00, 0x1F, 0xE0, 0x00, 0x00,
    0x00, 0x3F, 0x00, 0x00, 0x00, 0x00, 0xF4, 0x00, 0x00, 0x00, 0x00, 0x00, 0x00, 0x00, 0x00, 0x15,
    0x54, 0x00, 0x00, 0x01, 0x55, 0x4B, 0xFF, 0xC0, 0x1E, 0x00, 0x7F, 0xFC, 0x1F, 0xD0, 0x03, 0xF0,
    0x00, 0xBD, 0x00, 0xF8, 0x00, 0x7F, 0x00, 0x0F, 0x40, 0x0F, 0x80, 0x0B, 0xF0, 0x01, 0xF0, 0x00,
    0xF8, 0x00, 0xFF, 0x00, 0x3D, 0x00, 0x0F, 0x80, 0x2E, 0xF0, 0x03, 0xC0, 0x00, 0xB8, 0x03, 0xCF,
    0x00, 0xB4, 0x00, 0x0B, 0xC0, 0xB4, 0xF4, 0x0F, 0x00, 0x00, 0xBC, 0x0F, 0x0F, 0x42, 0xD0, 0x00,
    0x07, 0xC2, 0xD0, 0xF4, 0x3C, 0x00, 0x00, 0x7C, 0x3C, 0x0B, 0x87, 0x40, 0x00, 0x07, 0xCB, 0x40,
    0xB8, 0xF0, 0x00, 0x00, 0x3C, 0xF0, 0x07, 0x9D, 0x00, 0x00, 0x03, 0xED, 0x00, 0x7F, 0xC0, 0x00,
    0x00, 0x3F, 0xC0, 0x07, 0xF8, 0x00, 0x00, 0x03, 0xF4, 0x00, 0x3F, 0x00, 0x00, 0x00, 0x3F, 0x00,
    0x03, 0xE0, 0x00, 0x00, 0x00, 0x00, 0x00, 0x00, 0x00, 0x00, 0x00, 0x00, 0x15, 0x54, 0x05, 0x54,
    0x00, 0xFF, 0xF8, 0x2F, 0xFD, 0x00, 0x2F, 0x80, 0x07, 0xE0, 0x00, 0x0F, 0xC0, 0x0F, 0x80, 0x00,
    0x07, 0xD0, 0x2E, 0x00, 0x00, 0x03, 0xE0, 0xB8, 0x00, 0x00, 0x00, 0xF1, 0xF0, 0x00, 0x00, 0x00,
    0xBF, 0xC0, 0x00, 0x00, 0x00, 0x3F, 0x00, 0x00, 0x00, 0x00, 0x7F, 0x00, 0x00, 0x00, 0x01, 0xFF,
    0x40, 0x00, 0x00, 0x03, 0xCB, 0xC0, 0x00, 0x00, 0x0F, 0x03, 0xD0, 0x00, 0x00, 0x3D, 0x02, 0xF0,
    0x00, 0x00, 0xF4, 0x00, 0xF4, 0x00, 0x02, 0xE0, 0x00, 0xBC, 0x00, 0x1F, 0xE4, 0x01, 0xFF, 0x80,
    0xFF, 0xFC, 0x0B, 0xFF, 0xD0, 0x15, 0x54, 0x01, 0x55, 0x1F, 0xFF, 0x42, 0xFF, 0xD1, 0xFD, 0x00,
    0x1F, 0x80, 0x2F, 0x00, 0x0B, 0x80, 0x03, 0xD0, 0x07, 0xC0, 0x00, 0xBC, 0x03, 0xC0, 0x00, 0x1F,
    0x03, 0xD0, 0x00, 0x03, 0xE2, 0xE0, 0x00, 0x00, 0xBC, 0xF0, 0x00, 0x00, 0x0F, 0xF0, 0x00, 0x00,
    0x02, 0xF4, 0x00, 0x00, 0x00, 0xBC, 0x00, 0x00, 0x00, 0x3E, 0x00, 0x00, 0x00, 0x0F, 0x40, 0x00,
    0x00, 0x03, 0xC0, 0x00, 0x00, 0x01, 0xF0, 0x00, 0x00, 0x02, 0xFE, 0x80, 0x00, 0x03, 0xFF, 0xF0,
    0x00, 0x00, 0x00, 0x55, 0x55, 0x54, 0x01, 0xFF, 0xFF, 0xFC, 0x02, 0xFA, 0xAA, 0xFC, 0x03, 0xC0,
    0x02, 0xF0, 0x03, 0xC0, 0x07, 0xD0, 0x01, 0x00, 0x0F, 0x40, 0x00, 0x00, 0x3E, 0x00, 0x00, 0x00,
    0xFC, 0x00, 0x00, 0x02, 0xF0, 0x00, 0x00, 0x0B, 0xC0, 0x00, 0x00, 0x1F, 0x40, 0x00, 0x00, 0x7D,
    0x00, 0x00, 0x00, 0xF8, 0x00, 0x00, 0x03, 0xF0, 0x00, 0xB0, 0x0F, 0xC0, 0x00, 0xF0, 0x2F, 0x00,
    0x02, 0xE0, 0x7F, 0xFF, 0xFF, 0xD0, 0x3F, 0xFF, 0xFF, 0xC0, 0x00, 0x00, 0x00, 0x00, 0x00, 0x1A,
    0x90, 0x02, 0xFD, 0x00, 0x3C, 0x00, 0x03, 0xC0, 0x00, 0x78, 0x00, 0x0B, 0x40, 0x00, 0xF0, 0x00,
    0x0F, 0x00, 0x01, 0xE0, 0x00, 0x2D, 0x00, 0x03, 0xC0, 0x00, 0x3C, 0x00, 0x03, 0xC0, 0x00, 0x78,
    0x00, 0x0B, 0x40, 0x00, 0xF0, 0x00, 0x0F, 0x00, 0x01, 0xE0, 0x00, 0x2D, 0x00, 0x03, 0xC0, 0x00,
    0x3C, 0x00, 0x07, 0x80, 0x00, 0xBE, 0x40, 0x0B, 0xF4, 0x00, 0x3C, 0x00, 0x02, 0xC0, 0x00, 0x1E,
    0x00, 0x00, 0xF0, 0x00, 0x0B, 0x40, 0x00, 0x38, 0x00, 0x03, 0xC0, 0x00, 0x2D, 0x00, 0x00, 0xF0,
    0x00, 0x0F, 0x00, 0x00, 0x78, 0x00, 0x03, 0xC0, 0x00, 0x2D, 0x00, 0x01, 0xE0, 0x00, 0x0F, 0x00,
    0x00, 0xB4, 0x00, 0x03, 0xC0, 0x00, 0x3C, 0x00, 0x01, 0xE0, 0x00, 0x00, 0x00, 0x1A, 0x90, 0x02,
    0xFD, 0x00, 0x02, 0xC0, 0x00, 0x3C, 0x00, 0x03, 0xC0, 0x00, 0x78, 0x00, 0x0B, 0x40, 0x00, 0xF0,
    0x00, 0x0F, 0x00, 0x01, 0xE0, 0x00, 0x2D, 0x00, 0x03, 0xC0, 0x00, 0x3C, 0x00, 0x07, 0x80, 0x00,
    0xB4, 0x00, 0x0B, 0x00, 0x00, 0xF0, 0x00, 0x0F, 0x00, 0x01, 0xE0, 0x00, 0x2D, 0x00, 0x03, 0xC0,
    0x00, 0x3C, 0x00, 0x6B, 0x80, 0x0B, 0xF4, 0x00, 0x00, 0x7C, 0x00, 0x00, 0xFD, 0x00, 0x00, 0xFF,
    0x00, 0x02, 0xDF, 0x00, 0x03, 0xC7, 0x80, 0x07, 0x83, 0xC0, 0x0F, 0x02, 0xD0, 0x1F, 0x00, 0xF0,
    0x2D, 0x00, 0xF4, 0x3C, 0x00, 0x78, 0xB8, 0x00, 0x3C, 0x10, 0x00, 0x04, 0xFF, 0xFF, 0xFF, 0x7F,
    0xFF, 0xFF, 0xD0, 0x00, 0x0D, 0x0B, 0xC0, 0xF8, 0x0F, 0x40, 0xF0, 0x00, 0x00, 0x00, 0x00, 0x00,
    0x1B, 0xE1, 0xD0, 0x2F, 0xFF, 0xF0, 0x1F, 0x42, 0xF8, 0x0F, 0x00, 0x3D, 0x0F, 0x80, 0x0F, 0x03,
    0xC0, 0x07, 0xC1, 0xE0, 0x02, 0xE0, 0xB4, 0x01, 0xF4, 0x3D, 0x00, 0xFC, 0x0F, 0x40, 0xBF, 0x07,
    0xF0, 0xB3, 0xCF, 0xBF, 0xF4, 0xFF, 0x0F, 0xF0, 0x3F, 0x00, 0x00, 0x00, 0x00, 0x00, 0x10, 0x00,
    0x02, 0xFF, 0x00, 0x00, 0x6B, 0xC0, 0x00, 0x01, 0xF0, 0x00, 0x00, 0xB8, 0x00, 0x00, 0x3D, 0x00,
    0x00, 0x0F, 0x00, 0x00, 0x07, 0xC2, 0xF8, 0x02, 0xD3, 0xFF, 0x40, 0xB7, 0xC3, 0xE0, 0x3E, 0xC0,
    0xBC, 0x0F, 0xC0, 0x2F, 0x07, 0xD0, 0x0B, 0x82, 0xF0, 0x03, 0xD0, 0xF4, 0x00, 0xF0, 0x3C, 0x00,
    0x7C, 0x1F, 0x00, 0x3D, 0x0B, 0x80, 0x3E, 0x03, 0xFE, 0xBE, 0x01, 0xFB, 0xFD, 0x00, 0x00, 0x00,
    0x00, 0x00, 0x00, 0x00, 0x00, 0x07, 0xFC, 0x02, 0xFF, 0xD0, 0xB8, 0x18, 0x1E, 0x00, 0x03, 0xC0,
    0x00, 0x7C, 0x00, 0x0B, 0x80, 0x00, 0xF4, 0x00, 0x0F, 0x40, 0x00, 0xF8, 0x00, 0x4B, 0xC0, 0x78,
    0x7F, 0xFF, 0x02, 0xFF, 0x40, 0x00, 0x00, 0x00, 0x00, 0x00, 0x01, 0x40, 0x00, 0x07, 0xFC, 0x00,
    0x00, 0x6B, 0xC0, 0x00, 0x00, 0x7C, 0x00, 0x00, 0x0B, 0x80, 0x00, 0x00, 0xF4, 0x00, 0x00, 0x0F,
    0x00, 0x02, 0xF9, 0xF0, 0x01, 0xFF, 0xFE, 0x00, 0x7D, 0x0B, 0xD0, 0x0F, 0x00, 0x3C, 0x02, 0xE0,
    0x03, 0xC0, 0x3C, 0x00, 0x78, 0x07, 0x80, 0x0B, 0x80, 0xB4, 0x01, 0xF4, 0x0F, 0x40, 0x3F, 0x00,
    0xF4, 0x0B, 0xF0, 0x4F, 0xC2, 0xCF, 0x3C, 0xBF, 0xF4, 0xFF, 0x03, 0xFC, 0x0F, 0xC0, 0x00, 0x00,
    0x00, 0x00, 0x00, 0x00, 0x00, 0x01, 0xBF, 0x00, 0x2E, 0xBF, 0x02, 0xD0, 0x7C, 0x1E, 0x01, 0xF0,
    0xF0, 0x0F, 0x47, 0x82, 0xF4, 0x2E, 0xBF, 0x00, 0xFF, 0x90, 0x03, 0xD0, 0x00, 0x0F, 0x40, 0x04,
    0x3F, 0x01, 0xF0, 0x7F, 0xFF, 0x40, 0xBF, 0xE0, 0x00, 0x00, 0x00, 0x00, 0x00, 0x00, 0x00, 0x00,
    0x00, 0x00, 0x00, 0x07, 0xFD, 0x00, 0x00, 0x01, 0xFB, 0xF0, 0x00, 0x00, 0x3C, 0x08, 0x00, 0x00,
    0x07, 0x80, 0x00, 0x00, 0x00, 0xF4, 0x00, 0x00, 0x00, 0x0F, 0x00, 0x00, 0x00, 0x0B, 0xFF, 0xD0,
    0x00, 0x03, 0xFF, 0xFC, 0x00, 0x00, 0x03, 0xD0, 0x00, 0x00, 0x00, 0x3C, 0x00, 0x00, 0x00, 0x03,
    0xC0, 0x00, 0x00, 0x00, 0x7C, 0x00, 0x00, 0x00, 0x0B, 0x80, 0x00, 0x00, 0x00, 0xF4, 0x00, 0x00,
    0x00, 0x0F, 0x00, 0x00, 0x00, 0x01, 0xF0, 0x00, 0x00, 0x00, 0x1F, 0x00, 0x00, 0x00, 0x02, 0xE0,
    0x00, 0x00, 0x00, 0x3D, 0x00, 0x00, 0x00, 0x03, 0xC0, 0x00, 0x00, 0x00, 0x7C, 0x00, 0x00, 0x00,
    0x0F, 0x40, 0x00, 0x02, 0xC1, 0xF0, 0x00, 0x00, 0x3F, 0xFC, 0x00, 0x00, 0x01, 0xFE, 0x00, 0x00,
    0x00, 0x00, 0x00, 0x00, 0x00, 0x00, 0x00, 0x2F, 0xFE, 0xD0, 0x00, 0x7E, 0xBF, 0xF0, 0x00, 0x7C,
    0x07, 0x80, 0x00, 0x3D, 0x01, 0xF0, 0x00, 0x0F, 0x00, 0x78, 0x00, 0x03, 0xC0, 0x3C, 0x00, 0x00,
    0xF4, 0x3D, 0x00, 0x00, 0x1F, 0xFD, 0x00, 0x00, 0x01, 0xF4, 0x00, 0x00, 0x01, 0xE0, 0x00, 0x00,
    0x00, 0xBC, 0x00, 0x00, 0x00, 0x2F, 0xE4, 0x00, 0x00, 0xBE, 0xBF, 0xC0, 0x01, 0xF4, 0x02, 0xFC,
    0x00, 0xF4, 0x00, 0x1F, 0x40, 0x3D, 0x00, 0x03, 0xD0, 0x0F, 0xD0, 0x07, 0xE0, 0x00, 0xFF, 0xFF,
    0xE0, 0x00, 0x06, 0xFE, 0x40, 0x00, 0x00, 0x10, 0x00, 0x00, 0x2F, 0xF0, 0x00, 0x00, 0x6B, 0xC0,
    0x00, 0x00, 0x1F, 0x00, 0x00, 0x00, 0xB8, 0x00, 0x00, 0x03, 0xC0, 0x00, 0x00, 0x0F, 0x00, 0x00,
    0x00, 0x78, 0x1F, 0xD0, 0x02, 0xD2, 0xFF, 0x80, 0x0F, 0x2E, 0x2F, 0x00, 0x3D, 0xD0, 0xB8, 0x01,
    0xFD, 0x03, 0xD0, 0x0B, 0xF0, 0x0F, 0x00, 0x2F, 0x00, 0x7C, 0x00, 0xF8, 0x02, 0xE0, 0x03, 0xC0,
    0x0F, 0x40, 0x1F, 0x00, 0x3C, 0x10, 0xB8, 0x00, 0xF3, 0xC3, 0xD0, 0x07, 0xFD, 0x0F, 0x00, 0x0F,
    0xC0, 0x00, 0x00, 0x00, 0x00, 0x00, 0x00, 0x02, 0xF0, 0x1F, 0xC0, 0x7D, 0x00, 0x00, 0x00, 0x00,
    0x00, 0x0B, 0xF0, 0x7F, 0xC0, 0x0F, 0x00, 0x7C, 0x02, 0xE0, 0x0F, 0x40, 0x7C, 0x02, 0xF0, 0x0F,
    0x40, 0x3C, 0x11, 0xF3, 0xCB, 0xFC, 0x1F, 0x80, 0x00, 0x00, 0x00, 0x00, 0x00, 0x00, 0x00, 0x03,
    0xE0, 0x00, 0x01, 0xF8, 0x00, 0x00, 0x7C, 0x00, 0x00, 0x00, 0x00, 0x00, 0x00, 0x00, 0x00, 0x00,
    0x00, 0x00, 0x0B, 0xF0, 0x00, 0x0B, 0xFC, 0x00, 0x00, 0x1F, 0x00, 0x00, 0x07, 0xC0, 0x00, 0x02,
    0xE0, 0x00, 0x00, 0xF4, 0x00, 0x00, 0x3C, 0x00, 0x00, 0x1F, 0x00, 0x00, 0x0B, 0x80, 0x00, 0x03,
    0xD0, 0x00, 0x00, 0xF0, 0x00, 0x00, 0x7C, 0x00, 0x00, 0x2E, 0x00, 0x00, 0x0F, 0x40, 0x00, 0x07,
    0xC0, 0x00, 0x03, 0xD0, 0x00, 0xE6, 0xF0, 0x00, 0x7F, 0xF0, 0x00, 0x0B, 0xD0, 0x00, 0x00, 0x00,
    0x10, 0x00, 0x0F, 0xF4, 0x00, 0x1A, 0xF4, 0x00, 0x00, 0xF0, 0x00, 0x01, 0xF0, 0x00, 0x02, 0xE0,
    0x00, 0x03, 0xD0, 0x00, 0x03, 0xC2, 0xF8, 0x03, 0xDF, 0xBD, 0x07, 0xF4, 0x2D, 0x0B, 0xD0, 0x3D,
    0x0F, 0x80, 0xB8, 0x0F, 0x07, 0xF0, 0x1F, 0xBF, 0x40, 0x2F, 0xF8, 0x00, 0x3D, 0x7C, 0x00, 0x3C,
    0x3E, 0x00, 0x7C, 0x1F, 0x80, 0x78, 0x0B, 0xF9, 0xB4, 0x01, 0xFD, 0x00, 0x00, 0x00, 0x00, 0x50,
    0x7F, 0xC1, 0xAF, 0x00, 0x7C, 0x02, 0xE0, 0x0F, 0x40, 0x3C, 0x01, 0xF0, 0x0B, 0x80, 0x2D, 0x00,
    0xF4, 0x03, 0xC0, 0x1F, 0x00, 0xB8, 0x03, 0xD0, 0x0F, 0x00, 0x7C, 0x12, 0xE7, 0x8F, 0xFC, 0x2F,
    0x80, 0x00, 0x00, 0x00, 0x00, 0x00, 0x00, 0x00, 0x1B, 0xE0, 0x2F, 0x40, 0xBE, 0x0B, 0xFC, 0x3F,
    0xF0, 0xFF, 0xC0, 0x1E, 0x3D, 0x7C, 0xF5, 0xF0, 0x0B, 0xBC, 0x1E, 0xF0, 0x3C, 0x03, 0xFC, 0x0B,
    0xF0, 0x1F, 0x00, 0xFD, 0x03, 0xF4, 0x0B, 0x80, 0x3E, 0x00, 0xFC, 0x03, 0xD0, 0x1F, 0x00, 0x3D,
    0x00, 0xF0, 0x0B, 0x80, 0x1F, 0x00, 0x78, 0x03, 0xD0, 0x0B, 0x40, 0x2D, 0x10, 0xF0, 0x03, 0xC0,
    0x0F, 0x6D, 0x7C, 0x00, 0xF0, 0x03, 0xFE, 0x2E, 0x00, 0x78, 0x00, 0xFD, 0x00, 0x00, 0x00, 0x00,
    0x00, 0x00, 0x00, 0x00, 0x00, 0x06, 0xF8, 0x0B, 0xE0, 0xBF, 0xC3, 0xFF, 0x00, 0x78, 0xF4, 0xF4,
    0x0B, 0xBC, 0x0F, 0x00, 0xFF, 0x01, 0xF0, 0x0F, 0xD0, 0x2E, 0x00, 0xF8, 0x03, 0xD0, 0x1F, 0x00,
    0x3C, 0x02, 0xE0, 0x07, 0xC0, 0x3D, 0x00, 0xB8, 0x43, 0xC0, 0x0F, 0x5D, 0x7C, 0x00, 0xFF, 0x8B,
    0x80, 0x0F, 0xE0, 0x00, 0x00, 0x00, 0x00, 0x00, 0x00, 0x00, 0x00, 0x6F, 0xE0, 0x02, 0xFF, 0xF8,
    0x0F, 0xC0, 0x7C, 0x2F, 0x00, 0x3D, 0x3D, 0x00, 0x3E, 0x7C, 0x00, 0x3D, 0xB8, 0x00, 0x3D, 0xF4,
    0x00, 0x3C, 0xF4, 0x00, 0xB8, 0xF8, 0x00, 0xF0, 0xBC, 0x03, 0xE0, 0x7F, 0xAF, 0x80, 0x1F, 0xFD,
    0x00, 0x00, 0x00, 0x00, 0x00, 0x00, 0x00, 0x00, 0x01, 0xBE, 0x07, 0xF0, 0x02, 0xFE, 0x2F, 0xFC,
    0x00, 0x1E, 0x78, 0xBC, 0x00, 0x2E, 0xD0, 0x3D, 0x00, 0x3F, 0x80, 0x3C, 0x00, 0x3F, 0x00, 0x3C,
    0x00, 0x3D, 0x00, 0x7C, 0x00, 0x7C, 0x00, 0xB8, 0x00, 0xB8, 0x00, 0xF4, 0x00, 0xF4, 0x02, 0xE0,
    0x00, 0xF4, 0x07, 0xC0, 0x01, 0xFF, 0xBF, 0x00, 0x02, 0xEF, 0xF8, 0x00, 0x02, 0xD0, 0x00, 0x00,
    0x03, 0xC0, 0x00, 0x00, 0x03, 0xC0, 0x00, 0x00, 0x07, 0x80, 0x00, 0x00, 0x2F, 0xFD, 0x00, 0x00,
    0x2A, 0xA9, 0x00, 0x00, 0x00, 0x00, 0x00, 0x00, 0x1F, 0xE1, 0xD0, 0x2F, 0xFF, 0xF0, 0x2F, 0x02,
    0xF8, 0x1F, 0x00, 0x3D, 0x0F, 0x40, 0x0F, 0x03, 0xC0, 0x07, 0xC2, 0xE0, 0x02, 0xD0, 0xF4, 0x01,
    0xF4, 0x3D, 0x00, 0xFC, 0x0F, 0x40, 0xBF, 0x03, 0xF0, 0xB7, 0x80, 0xBF, 0xF5, 0xD0, 0x0F, 0xF0,
    0xB4, 0x00, 0x00, 0x3C, 0x00, 0x00, 0x0F, 0x00, 0x00, 0x07, 0xC0, 0x00, 0x01, 0xF0, 0x00, 0x0B,
    0xFF, 0x00, 0x02, 0xAA, 0x80, 0x00, 0x00, 0x00, 0xBE, 0x0B, 0xCB, 0xFC, 0xBF, 0x01, 0xE7, 0xE8,
    0x07, 0xB8, 0x00, 0x2E, 0xC0, 0x00, 0xFD, 0x00, 0x03, 0xE0, 0x00, 0x1F, 0x40, 0x00, 0xBC, 0x00,
    0x03, 0xD0, 0x00, 0x0F, 0x00, 0x00, 0x3C, 0x00, 0x01, 0xE0, 0x00, 0x00, 0x00, 0x00, 0x00, 0x06,
    0xFD, 0x02, 0xFF, 0xE0, 0x78, 0x09, 0x0F, 0x40, 0x00, 0xBC, 0x00, 0x03, 0xF4, 0x00, 0x1F, 0xE0,
    0x00, 0x3F, 0x40, 0x00, 0xFC, 0x20, 0x07, 0xCB, 0x80, 0xB4, 0xBF, 0xAE, 0x02, 0xFF, 0x40, 0x00,
    0x00, 0x00, 0x00, 0x00, 0x00, 0x03, 0x80, 0x00, 0xB4, 0x00, 0x0F, 0x00, 0x0A, 0xFF, 0xE3, 0xFF,
    0xFD, 0x02, 0xE0, 0x00, 0x3D, 0x00, 0x03, 0xC0, 0x00, 0x7C, 0x00, 0x07, 0x80, 0x00, 0xB8, 0x00,
    0x0F, 0x40, 0x00, 0xF0, 0x18, 0x0F, 0x0B, 0x80, 0xFF, 0xF0, 0x0B, 0xF4, 0x00, 0x00, 0x00, 0x2F,
    0xC0, 0x07, 0x8B, 0xFC, 0x00, 0xF4, 0x03, 0xC0, 0x0F, 0x00, 0x7C, 0x01, 0xF0, 0x0B, 0x80, 0x1E,
    0x00, 0xF4, 0x03, 0xD0, 0x0F, 0x00, 0x3C, 0x02, 0xE0, 0x0B, 0xC0, 0x3D, 0x01, 0xF8, 0x03, 0xD0,
    0x3B, 0x80, 0x3D, 0x0F, 0x79, 0xD3, 0xFF, 0xC7, 0xFC, 0x1F, 0xE0, 0x3E, 0x00, 0x00, 0x00, 0x00,
    0x00, 0x00, 0x00, 0x0B, 0xD0, 0x0F, 0xCB, 0xFC, 0x02, 0xF0, 0x1F, 0x00, 0x7C, 0x03, 0xD0, 0x0F,
    0x00, 0xB8, 0x07, 0x80, 0x2E, 0x03, 0xD0, 0x07, 0xC0, 0xF0, 0x00, 0xF0, 0xF0, 0x00, 0x3C, 0x78,
    0x00, 0x0F, 0x3C, 0x00, 0x03, 0xFC, 0x00, 0x00, 0xFC, 0x00, 0x00, 0x2C, 0x00, 0x00, 0x00, 0x00,
    0x00, 0x00, 0x00, 0x00, 0x00, 0x00, 0xBD, 0x00, 0xF0, 0x07, 0xDB, 0xFC, 0x03, 0xE0, 0x0F, 0x80,
    0xF4, 0x0B, 0xC0, 0x3E, 0x03, 0xD0, 0x2F, 0x00, 0xF4, 0x0B, 0x80, 0xBD, 0x03, 0xC0, 0x1F, 0x03,
    0xF4, 0x0F, 0x00, 0x3C, 0x1F, 0xE0, 0xB4, 0x00, 0xF0, 0xF7, 0x83, 0xC0, 0x03, 0xC7, 0x4F, 0x2D,
    0x00, 0x0F, 0x3C, 0x3C, 0xE0, 0x00, 0x2F, 0xC0, 0xFF, 0x00, 0x00, 0xBD, 0x03, 0xF0, 0x00, 0x02,
    0xD0, 0x0F, 0x00, 0x00, 0x00, 0x00, 0x00, 0x00, 0x00, 0x00, 0x00, 0x00, 0x00, 0x01, 0xB8, 0x00,
    0xFC, 0x0B, 0xFC, 0x03, 0xFC, 0x00, 0x3E, 0x0F, 0x44, 0x00, 0x1F, 0x2D, 0x00, 0x00, 0x0F, 0xB8,
    0x00, 0x00, 0x0B, 0xF0, 0x00, 0x00, 0x03, 0xD0, 0x00, 0x00, 0x0B, 0xE0, 0x00, 0x00, 0x1E, 0xF0,
    0x00, 0x00, 0x78, 0xF4, 0x00, 0x10, 0xF0, 0xBC, 0x00, 0x3F, 0xC0, 0x3F, 0xF0, 0x3F, 0x40, 0x3F,
    0x80, 0x00, 0x00, 0x00, 0x00, 0x00, 0x00, 0x00, 0x00, 0x00, 0x7E, 0x00, 0x7C, 0x01, 0xFF, 0x00,
    0x3E, 0x00, 0x0F, 0x80, 0x2E, 0x00, 0x0B, 0xC0, 0x2D, 0x00, 0x03, 0xC0, 0x3C, 0x00, 0x03, 0xD0,
    0x3C, 0x00, 0x02, 0xD0, 0x74, 0x00, 0x02, 0xE0, 0xF0, 0x00, 0x01, 0xE1, 0xD0, 0x00, 0x01, 0xE3,
    0xC0, 0x00, 0x00, 0xEB, 0x00, 0x00, 0x01, 0xED, 0x00, 0x00, 0x01, 0xF8, 0x00, 0x00, 0x02, 0xF0,
    0x00, 0x00, 0x03, 0xC0, 0x00, 0x00, 0x1F, 0x00, 0x00, 0x25, 0xBC, 0x00, 0x00, 0x3F, 0xE0, 0x00,
    0x00, 0x2E, 0x40, 0x00, 0x00, 0x07, 0xE4, 0x1C, 0x0F, 0xFF, 0x7D, 0x2D, 0x5F, 0xF8, 0x2C, 0x02,
    0xE0, 0x00, 0x07, 0xC0, 0x00, 0x1F, 0x00, 0x00, 0x7C, 0x00, 0x01, 0xF0, 0x00, 0x03, 0xC0, 0x00,
    0x0F, 0x00, 0x10, 0x3F, 0x50, 0x38, 0xFF, 0xFF, 0xF8, 0xF0, 0xBF, 0xF0, 0x00, 0x00, 0x00, 0x00,
    0x06, 0xD0, 0x02, 0xFC, 0x00, 0x7C, 0x00, 0x0B, 0x40, 0x00, 0xF0, 0x00, 0x0F, 0x00, 0x00, 0xF0,
    0x00, 0x0E, 0x00, 0x01, 0xE0, 0x00, 0x2D, 0x00, 0x07, 0xC0, 0x02, 0xE0, 0x00, 0x1F, 0x00, 0x00,
    0xB4, 0x00, 0x0B, 0x40, 0x00, 0xF0, 0x00, 0x1F, 0x00, 0x02, 0xD0, 0x00, 0x3C, 0x00, 0x07, 0x80,
    0x00, 0x78, 0x00, 0x07, 0x80, 0x00, 0x7E, 0x40, 0x02, 0xF8, 0x00, 0x00, 0x00, 0x00, 0x00, 0x00,
    0x00, 0xE0, 0x07, 0x40, 0x2D, 0x00, 0xF0, 0x03, 0xC0, 0x0E, 0x00, 0x74, 0x02, 0xD0, 0x0F, 0x00,
    0x3C, 0x00, 0xE0, 0x07, 0x40, 0x2C, 0x00, 0xF0, 0x03, 0xC0, 0x1E, 0x00, 0x74, 0x02, 0xC0, 0x0F,
    0x00, 0x3C, 0x01, 0xE0, 0x0B, 0x40, 0x00, 0x00, 0x2E, 0x40, 0x03, 0xFC, 0x00, 0x03, 0xD0, 0x00,
    0x2D, 0x00, 0x03, 0xC0, 0x00, 0x3C, 0x00, 0x07, 0x80, 0x00, 0xF0, 0x00, 0x0F, 0x00, 0x01, 0xE0,
    0x00, 0x1E, 0x00, 0x00, 0xF8, 0x00, 0x0F, 0x80, 0x03, 0xD0, 0x00, 0xB4, 0x00, 0x0B, 0x00, 0x00,
    0xF0, 0x00, 0x0F, 0x00, 0x00, 0xF0, 0x00, 0x0F, 0x00, 0x00, 0xF0, 0x00, 0x2D, 0x00, 0x2B, 0xC0,
    0x0B, 0xE0, 0x00, 0x00, 0x00, 0x00, 0x05, 0x00, 0x04, 0x3F, 0xF0, 0x1D, 0xBE, 0xFE, 0xBC, 0xF0,
    0x2F, 0xF4, 0x00, 0x01, 0x40, 0x00, 0x00, 0x00, 0x7C, 0x00, 0xFC, 0x00, 0xF4, 0x00, 0x00, 0x00,
    0x00, 0x00, 0x70, 0x00, 0xB0, 0x00, 0xE0, 0x00, 0xE0, 0x01, 0xD0, 0x02, 0xD0, 0x03, 0xC0, 0x03,
    0xC0, 0x07, 0xC0, 0x0F, 0x80, 0x0F, 0x40, 0x1F, 0x00, 0x3E, 0x00, 0x28, 0x00, 0x00, 0x00, 0x00,
    0x00, 0x00, 0xE0, 0x00, 0x01, 0xD0, 0x00, 0x02, 0xC0, 0x00, 0x03, 0xC0, 0x00, 0x03, 0xD0, 0x00,
    0x7F, 0xFD, 0x03, 0xFF, 0xFE, 0x0F, 0x8B, 0x08, 0x2E, 0x0E, 0x00, 0x3C, 0x0D, 0x00, 0xB8, 0x1C,
    0x00, 0xF4, 0x1C, 0x00, 0xF4, 0x28, 0x00, 0xF4, 0x38, 0x00, 0xBC, 0x34, 0x08, 0x7E, 0xB0, 0xB8,
    0x2F, 0xFF, 0xE0, 0x0B, 0xFE, 0x40, 0x00, 0xD0, 0x00, 0x01, 0xC0, 0x00, 0x02, 0xC0, 0x00, 0x03,
    0x80, 0x00, 0x03, 0x80, 0x00, 0x02, 0x00, 0x00, 0x00, 0x00, 0x00, 0x40, 0x00, 0x00, 0x07, 0xFF,
    0x40, 0x00, 0x07, 0xEB, 0xF0, 0x00, 0x03, 0xC0, 0x7C, 0x00, 0x03, 0xD0, 0x0F, 0x00, 0x01, 0xF0,
    0x01, 0x00, 0x00, 0xB8, 0x00, 0x00, 0x00, 0x3D, 0x00, 0x00, 0x00, 0x1F, 0x00, 0x40, 0x00, 0xFF,
    0xFF, 0xF0, 0x00, 0x17, 0xF5, 0x50, 0x00, 0x00, 0xF4, 0x00, 0x00, 0x00, 0x7C, 0x00, 0x00, 0x00,
    0x2E, 0x00, 0x00, 0x00, 0x0F, 0x40, 0x00, 0x00, 0x47, 0xC0, 0x01, 0x40, 0x3F, 0xFF, 0xFF, 0xF0,
    0x0F, 0xD6, 0xFF, 0xF8, 0x01, 0x40, 0x00, 0x00, 0x00, 0x00, 0x00, 0x00, 0x00, 0x06, 0x00, 0x00,
    0x2C, 0x07, 0x8B, 0xFD, 0xB4, 0x01, 0xFE, 0xBF, 0xC0, 0x00, 0xF0, 0x0B, 0x80, 0x02, 0xD0, 0x07,
    0x80, 0x03, 0xC0, 0x07, 0x40, 0x03, 0xC0, 0x0F, 0x00, 0x03, 0xC0, 0x2E, 0x00, 0x0B, 0xF5, 0xFE,
    0x00, 0x3D, 0xBF, 0xE7, 0x80, 0x70, 0x04, 0x02, 0x80, 0x00, 0x00, 0x00, 0x00, 0x00, 0x00, 0x00,
    0x00, 0x2F, 0xFF, 0x03, 0xFF, 0xC7, 0xFE, 0x00, 0x7F, 0x80, 0x3E, 0x00, 0x0F, 0x40, 0x0B, 0xC0,
    0x0B, 0x80, 0x01, 0xF0, 0x07, 0xC0, 0x00, 0x3E, 0x03, 0xC0, 0x00, 0x07, 0xC3, 0xD0, 0x00, 0x3F,
    0xF6, 0xFF, 0x40, 0x06, 0xBF, 0xFA, 0x80, 0x00, 0x03, 0xF0, 0x00, 0x00, 0xBF, 0xFF, 0xF8, 0x00,
    0x1A, 0xFE, 0xA8, 0x00, 0x00, 0x1F, 0x00, 0x00, 0x00, 0x0B, 0x80, 0x00, 0x00, 0x03, 0xE0, 0x00,
    0x00, 0x06, 0xFE, 0x40, 0x00, 0x0B, 0xFF, 0xE0, 0x00, 0x00, 0x00, 0x00, 0x00, 0xE0, 0x07, 0x40,
    0x2D, 0x00, 0xF0, 0x03, 0xC0, 0x0E, 0x00, 0x74, 0x02, 0xC0, 0x0A, 0x00, 0x00, 0x00, 0x00, 0x00,
    0x00, 0x00, 0x00, 0xA0, 0x03, 0xC0, 0x1E, 0x00, 0x74, 0x02, 0xC0, 0x0F, 0x00, 0x3C, 0x01, 0xE0,
    0x0B, 0x40, 0x00, 0x00, 0x00, 0x00, 0x00, 0x2F, 0xF0, 0x01, 0xFA, 0xFC, 0x07, 0xC0, 0x3C, 0x0F,
    0x80, 0x38, 0x2E, 0xC0, 0x00, 0x38, 0xF0, 0x00, 0x38, 0x7C, 0x00, 0x38, 0x0F, 0x40, 0x3C, 0x03,
    0xD0, 0x1F, 0x40, 0xF0, 0x07, 0xD0, 0x78, 0x01, 0xF8, 0x38, 0x00, 0x3D, 0x38, 0x00, 0x0F, 0x38,
    0x10, 0x03, 0xF4, 0xB0, 0x03, 0xF0, 0xF8, 0x07, 0xC0, 0xBE, 0xAF, 0x40, 0x2F, 0xF8, 0x00, 0x00,
    0x00, 0x00, 0x08, 0x02, 0x0F, 0x83, 0xE7, 0xD1, 0xF4, 0x40, 0x10, 0x00, 0x01, 0xA9, 0x00, 0x00,
    0x00, 0xBF, 0xFF, 0xD0, 0x00, 0x1F, 0x40, 0x02, 0xE0, 0x00, 0xF0, 0x00, 0x01, 0xE0, 0x0F, 0x00,
    0x6A, 0x01, 0xD0, 0x74, 0x0F, 0xFE, 0x02, 0xC3, 0xC0, 0xF0, 0x38, 0x07, 0x4E, 0x07, 0x40, 0x50,
    0x0E, 0x34, 0x2C, 0x00, 0x00, 0x38, 0xD0, 0xB0, 0x00, 0x00, 0xF3, 0x42, 0xC0, 0x00, 0x03, 0x8E,
    0x07, 0x80, 0x00, 0x0E, 0x2C, 0x0F, 0x95, 0x80, 0x74, 0x74, 0x0F, 0xFE, 0x03, 0xC0, 0xF0, 0x01,
    0x40, 0x2D, 0x00, 0xF0, 0x00, 0x02, 0xE0, 0x00, 0xF9, 0x00, 0x7D, 0x00, 0x00, 0x7F, 0xFF, 0x80,
    0x00, 0x00, 0x05, 0x50, 0x00, 0x00, 0x00, 0x61, 0x40, 0x7F, 0xF4, 0x0F, 0x0F, 0x02, 0xC0, 0xF0,
    0x3C, 0x0D, 0x03, 0x82, 0xC0, 0x78, 0x7C, 0x83, 0xFD, 0xFC, 0x2E, 0x0E, 0x00, 0x00, 0x00, 0x2A,
    0xAB, 0x0F, 0xFF, 0xE0, 0x00, 0x2C, 0x0B, 0x00, 0x3D, 0x0F, 0x40, 0x3D, 0x0F, 0x40, 0x7E, 0x1F,
    0x80, 0x3E, 0x0F, 0x80, 0x0F, 0xC3, 0xF0, 0x00, 0xF4, 0x3D, 0x00, 0x0F, 0x03, 0xC0, 0x00, 0xE0,
    0x38, 0x00, 0x00, 0x00, 0x00, 0x15, 0x55, 0x55, 0xFF, 0xFF, 0xF1, 0x55, 0x57, 0xC0, 0x00, 0x0F,
    0x00, 0x00, 0x3C, 0x00, 0x00, 0xF0, 0x00, 0x00, 0x00, 0x55, 0x54, 0xFF, 0xFD, 0xAA, 0xA8, 0x00,
    0x05, 0x00, 0x00, 0x0B, 0xFF, 0x80, 0x07, 0x80, 0x1F, 0x00, 0xD1, 0x50, 0x38, 0x28, 0x7E, 0xD0,
    0xC3, 0x43, 0x8E, 0x0E, 0x30, 0x39, 0xD0, 0xA3, 0x03, 0xF8, 0x0B, 0x30, 0x39, 0xD0, 0xA3, 0x83,
    0xCB, 0x4D, 0x1C, 0x54, 0x16, 0xC0, 0xB0, 0x00, 0x74, 0x02, 0xE5, 0xBD, 0x00, 0x01, 0xA9, 0x00,
    0x2A, 0xAA, 0x0F, 0xFF, 0xD0, 0x00, 0x00, 0x00, 0x50, 0x02, 0xFF, 0x43, 0xE5, 0xF1, 0xE0, 0x1E,
    0x74, 0x03, 0x9E, 0x01, 0xE3, 0xD0, 0xF0, 0x7F, 0xF4, 0x01, 0x90, 0x00, 0x00, 0x24, 0x00, 0x00,
    0xF0, 0x00, 0x03, 0xC0, 0x00, 0x0F, 0x00, 0x00, 0x3C, 0x01, 0xFF, 0xFF, 0xF2, 0xAB, 0xEA, 0x80,
    0x0F, 0x00, 0x00, 0x3C, 0x00, 0x00, 0xF0, 0x00, 0x03, 0xC0, 0x00, 0x00, 0x00, 0x00, 0x00, 0x01,
    0xFF, 0xFF, 0xE7, 0xFF, 0xFF, 0xC0, 0x00, 0x19, 0x00, 0x1F, 0xFD, 0x03, 0xD2, 0xF0, 0x70, 0x0F,
    0x00, 0x02, 0xD0, 0x00, 0x7C, 0x00, 0x1F, 0x00, 0x0B, 0x80, 0x03, 0xD0, 0x00, 0xF4, 0x00, 0x3F,
    0xFF, 0xC2, 0xAA, 0xA4, 0x00, 0x64, 0x01, 0xFF, 0xC0, 0xE0, 0xF0, 0x10, 0x2C, 0x00, 0x1E, 0x00,
    0xBE, 0x00, 0x7F, 0xC0, 0x00, 0xB8, 0x00, 0x2E, 0x00, 0x1F, 0x06, 0xBF, 0x42, 0xFE, 0x00, 0x00,
    0x00, 0x3C, 0x0F, 0xC2, 0xF0, 0x7C, 0x0A, 0x00, 0x00, 0x00, 0x00, 0x00, 0x00, 0x00, 0x00, 0x78,
    0x00, 0xB0, 0x00, 0xF4, 0x01, 0xF0, 0x00, 0xF0, 0x02, 0xE0, 0x00, 0xF0, 0x03, 0xD0, 0x01, 0xF0,
    0x03, 0xC0, 0x02, 0xE0, 0x03, 0xC0, 0x03, 0xD0, 0x07, 0xC0, 0x03, 0xC0, 0x0B, 0x80, 0x03, 0xC0,
    0x0F, 0x40, 0x07, 0xC0, 0x2F, 0x40, 0x07, 0xE0, 0x7B, 0x85, 0x0B, 0xFF, 0xE3, 0xFD, 0x0F, 0xBF,
    0x82, 0xF4, 0x0E, 0x00, 0x00, 0x00, 0x1E, 0x00, 0x00, 0x00, 0x2E, 0x00, 0x00, 0x00, 0x2D, 0x00,
    0x00, 0x00, 0x3D, 0x00, 0x00, 0x00, 0x38, 0x00, 0x00, 0x00, 0x00, 0x00, 0x00, 0x00, 0x00, 0x00,
    0x05, 0x54, 0x00, 0x07, 0xFF, 0xFE, 0x00, 0x2F, 0xFA, 0xE4, 0x00, 0xBF, 0xF5, 0xC0, 0x01, 0xFF,
    0xF2, 0xC0, 0x03, 0xFF, 0xF3, 0x80, 0x03, 0xFF, 0xF3, 0x80, 0x03, 0xFF, 0xE3, 0x40, 0x03, 0xFF,
    0xD7, 0x00, 0x03, 0xFF, 0xCB, 0x00, 0x01, 0xFF, 0xCE, 0x00, 0x00, 0x6B, 0xCE, 0x00, 0x00, 0x03,
    0x8D, 0x00, 0x00, 0x03, 0x5C, 0x00, 0x00, 0x07, 0x2C, 0x00, 0x00, 0x0B, 0x38, 0x00, 0x00, 0x0E,
    0x34, 0x00, 0x00, 0x0D, 0xB0, 0x00, 0x00, 0x2D, 0xD0, 0x00, 0x60, 0xBF, 0x40, 0x00, 0xBF, 0xD0,
    0x00, 0x00, 0x19, 0x00, 0x00, 0x00, 0x18, 0xBD, 0xFC, 0xB4, 0x0A, 0x41, 0xFC, 0x03, 0xC0, 0xB4,
    0x3E, 0x01, 0x00, 0x00, 0x20, 0x2F, 0xC1, 0xBF, 0x00, 0x78, 0x01, 0xE0, 0x0B, 0x40, 0x3C, 0x00,
    0xF0, 0x07, 0x80, 0x2D, 0x06, 0xFE, 0x2A, 0xA8, 0x00, 0x19, 0x00, 0x2F, 0xF4, 0x07, 0x83, 0xC0,
    0xF0, 0x3C, 0x1E, 0x03, 0xC2, 0xD0, 0x78, 0x1D, 0x0F, 0x00, 0xFB, 0xD0, 0x07, 0xE4, 0x00, 0x00,
    0x00, 0x2A, 0xAB, 0x47, 0xFF, 0xE0, 0x0A, 0x02, 0x80, 0x03, 0x80, 0xE0, 0x02, 0xE0, 0xB8, 0x00,
    0xF8, 0x3E, 0x00, 0xFC, 0x3F, 0x02, 0xF4, 0xBD, 0x07, 0xC1, 0xF0, 0x1F, 0x07, 0xC0, 0x38, 0x0E,
    0x00, 0x00, 0x00, 0x00, 0x00, 0x00, 0x00, 0x00, 0x00, 0x00, 0x00, 0x10, 0x00, 0x00, 0x0D, 0x00,
    0x06, 0xF0, 0x00, 0x00, 0x3D, 0x00, 0x1F, 0xF0, 0x00, 0x00, 0x78, 0x00, 0x00, 0xF0, 0x00, 0x00,
    0xF0, 0x00, 0x01, 0xE0, 0x00, 0x03, 0xC0, 0x00, 0x02, 0xD0, 0x00, 0x0B, 0x40, 0x00, 0x03, 0xC0,
    0x00, 0x1E, 0x00, 0x00, 0x03, 0xC0, 0x00, 0x3C, 0x00, 0x3D, 0x07, 0x80, 0x00, 0xB0, 0x00, 0xFC,
    0x07, 0x40, 0x01, 0xD0, 0x03, 0xFC, 0x1F, 0x90, 0x03, 0x80, 0x0F, 0x38, 0xBF, 0xF0, 0x0F, 0x00,
    0x3C, 0x74, 0x00, 0x00, 0x2D, 0x00, 0xF0, 0xB4, 0x00, 0x00, 0x78, 0x03, 0xC0, 0xF0, 0x00, 0x00,
    0xF0, 0x0B, 0xFF, 0xFE, 0x00, 0x03, 0xC0, 0x01, 0x56, 0xE4, 0x00, 0x0B, 0x40, 0x00, 0x01, 0xD0,
    0x00, 0x1F, 0x00, 0x00, 0x02, 0xC0, 0x00, 0x1C, 0x00, 0x00, 0x00, 0x00, 0x00, 0x00, 0x00, 0x00,
    0x00, 0x00, 0x00, 0x00, 0x00, 0x00, 0x00, 0x00, 0x00, 0x10, 0x00, 0x00, 0x34, 0x00, 0x06, 0xF0,
    0x00, 0x00, 0xB4, 0x00, 0x1F, 0xF0, 0x00, 0x01, 0xE0, 0x00, 0x00, 0xF0, 0x00, 0x03, 0xC0, 0x00,
    0x01, 0xE0, 0x00, 0x0F, 0x00, 0x00, 0x02, 0xD0, 0x00, 0x2D, 0x00, 0x00, 0x03, 0xC0, 0x00, 0x78,
    0x00, 0x00, 0x03, 0xC0, 0x00, 0xF0, 0x0F, 0xF8, 0x07, 0x80, 0x02, 0xC0, 0x7E, 0xBD, 0x07, 0x40,
    0x07, 0x40, 0xB0, 0x1E, 0x1F, 0x90, 0x0E, 0x00, 0x10, 0x2D, 0xBF, 0xF0, 0x3C, 0x00, 0x00, 0x7C,
    0x00, 0x00, 0xB4, 0x00, 0x01, 0xF0, 0x00, 0x01, 0xE0, 0x00, 0x0B, 0xC0, 0x00, 0x03, 0xC0, 0x00,
    0x2E, 0x00, 0x00, 0x0F, 0x00, 0x00, 0xF4, 0x00, 0x00, 0x2E, 0x00, 0x03, 0xFA, 0xA8, 0x00, 0x7C,
    0x00, 0x03, 0xFF, 0xF4, 0x00, 0x70, 0x00, 0x00, 0x00, 0x00, 0x00, 0x00, 0x00, 0x00, 0x00, 0x00,
    0x00, 0x00, 0x00, 0x00, 0x00, 0x00, 0x00, 0x04, 0x00, 0x00, 0x01, 0xC0, 0x00, 0x3F, 0xE0, 0x00,
    0x00, 0xF0, 0x00, 0x3D, 0x7C, 0x00, 0x00, 0xF4, 0x00, 0x08, 0x0B, 0x00, 0x00, 0xB8, 0x00, 0x00,
    0x03, 0xC0, 0x00, 0x7C, 0x00, 0x00, 0x1B, 0xC0, 0x00, 0x3C, 0x00, 0x00, 0x1F, 0xF0, 0x00, 0x2D,
    0x00, 0x00, 0x00, 0x2E, 0x00, 0x1E, 0x00, 0x0F, 0x40, 0x07, 0x80, 0x0F, 0x00, 0x0F, 0xC0, 0x03,
    0xD0, 0x0F, 0x00, 0x0F, 0xF1, 0x5B, 0xE0, 0x0B, 0x40, 0x0F, 0x38, 0xFF, 0xD0, 0x07, 0x80, 0x0F,
    0x1D, 0x00, 0x00, 0x03, 0xC0, 0x0F, 0x0B, 0x40, 0x00, 0x03, 0xC0, 0x0F, 0x03, 0xC0, 0x00, 0x02,
    0xE0, 0x0B, 0xFF, 0xFE, 0x00, 0x01, 0xF0, 0x00, 0x55, 0xB9, 0x00, 0x00, 0xF0, 0x00, 0x00, 0x1D,
    0x00, 0x00, 0xF4, 0x00, 0x00, 0x0B, 0x00, 0x00, 0x28, 0x00, 0x00, 0x00, 0x00, 0x00, 0x00, 0x00,
    0x00, 0x00, 0x00, 0x00, 0x00, 0x00, 0x00, 0x07, 0xC0, 0x03, 0xF0, 0x00, 0xB4, 0x00, 0x00, 0x00,
    0x00, 0x00, 0x0F, 0xD0, 0x06, 0xF8, 0x00, 0x1E, 0x00, 0x1F, 0x00, 0x1F, 0x00, 0x2F, 0x00, 0x1F,
    0x00, 0x0F, 0x00, 0x07, 0x80, 0x01, 0xE0, 0x00, 0x7E, 0x6D, 0x0B, 0xFF, 0x40, 0xBF, 0x40, 0x00,
    0x00, 0x00, 0x00, 0x04, 0x00, 0x00, 0x00, 0x00, 0x3D, 0x00, 0x00, 0x00, 0x00, 0xFD, 0x00, 0x00,
    0x00, 0x00, 0xBD, 0x00, 0x00, 0x00, 0x00, 0x14, 0x00, 0x00, 0x00, 0x00, 0x00, 0x00, 0x00, 0x00,
    0x06, 0x00, 0x00, 0x00, 0x00, 0xBC, 0x00, 0x00, 0x00, 0x03, 0xF4, 0x00, 0x00, 0x00, 0x3F, 0xE0,
    0x00, 0x00, 0x01, 0xDB, 0x80, 0x00, 0x00, 0x0F, 0x1F, 0x00, 0x00, 0x00, 0x74, 0x3C, 0x00, 0x00,
    0x03, 0xC0, 0xF4, 0x00, 0x00, 0x2D, 0x03, 0xD0, 0x00, 0x00, 0xF0, 0x0B, 0x80, 0x00, 0x0F, 0x95,
    0x6F, 0x00, 0x00, 0x7F, 0xFF, 0xFC, 0x00, 0x03, 0xD5, 0x56, 0xF4, 0x00, 0x2E, 0x00, 0x03, 0xD0,
    0x00, 0xF0, 0x00, 0x0F, 0x80, 0x0B, 0x80, 0x00, 0x3F, 0x00, 0xBE, 0x40, 0x01, 0xFE, 0x4F, 0xFF,
    0x00, 0x3F, 0xFF, 0x00, 0x00, 0x00, 0x01, 0x40, 0x00, 0x00, 0x00, 0x2F, 0x00, 0x00, 0x00, 0x0B,
    0xF8, 0x00, 0x00, 0x00, 0xFF, 0x40, 0x00, 0x00, 0x02, 0x40, 0x00, 0x00, 0x00, 0x00, 0x00, 0x00,
    0x00, 0x00, 0x06, 0x00, 0x00, 0x00, 0x00, 0xBC, 0x00, 0x00, 0x00, 0x03, 0xF4, 0x00, 0x00, 0x00,
    0x3F, 0xE0, 0x00, 0x00, 0x01, 0xDB, 0x80, 0x00, 0x00, 0x0F, 0x1F, 0x00, 0x00, 0x00, 0x74, 0x3C,
    0x00, 0x00, 0x03, 0xC0, 0xF4, 0x00, 0x00, 0x2D, 0x03, 0xD0, 0x00, 0x00, 0xF0, 0x0B, 0x80, 0x00,
    0x0F, 0x95, 0x6F, 0x00, 0x00, 0x7F, 0xFF, 0xFC, 0x00, 0x03, 0xD5, 0x56, 0xF4, 0x00, 0x2E, 0x00,
    0x03, 0xD0, 0x00, 0xF0, 0x00, 0x0F, 0x80, 0x0B, 0x80, 0x00, 0x3F, 0x00, 0xBE, 0x40, 0x01, 0xFE,
    0x4F, 0xFF, 0x00, 0x3F, 0xFF, 0x00, 0x00, 0x00, 0x24, 0x00, 0x00, 0x00, 0x03, 0xF4, 0x00, 0x00,
    0x00, 0x3E, 0xF4, 0x00, 0x00, 0x07, 0xD1, 0xF0, 0x00, 0x00, 0x3C, 0x01, 0xC0, 0x00, 0x00, 0x00,
    0x00, 0x00, 0x00, 0x00, 0x06, 0x00, 0x00, 0x00, 0x00, 0xBC, 0x00, 0x00, 0x00, 0x03, 0xF4, 0x00,
    0x00, 0x00, 0x3F, 0xE0, 0x00, 0x00, 0x01, 0xDB, 0x80, 0x00, 0x00, 0x0F, 0x1F, 0x00, 0x00, 0x00,
    0x74, 0x3C, 0x00, 0x00, 0x03, 0xC0, 0xF4, 0x00, 0x00, 0x2D, 0x03, 0xD0, 0x00, 0x00, 0xF0, 0x0B,
    0x80, 0x00, 0x0F, 0x95, 0x6F, 0x00, 0x00, 0x7F, 0xFF, 0xFC, 0x00, 0x03, 0xD5, 0x56, 0xF4, 0x00,
    0x2E, 0x00, 0x03, 0xD0, 0x00, 0xF0, 0x00, 0x0F, 0x80, 0x0B, 0x80, 0x00, 0x3F, 0x00, 0xBE, 0x40,
    0x01, 0xFE, 0x4F, 0xFF, 0x00, 0x3F, 0xFF, 0x00, 0x00, 0x01, 0x40, 0x00, 0x00, 0x00, 0x3F, 0x8B,
    0x00, 0x00, 0x02, 0xEF, 0xFC, 0x00, 0x00, 0x0A, 0x0F, 0xC0, 0x00, 0x00, 0x00, 0x00, 0x00, 0x00,
    0x00, 0x00, 0x00, 0x00, 0x00, 0x00, 0x06, 0x00, 0x00, 0x00, 0x00, 0xBC, 0x00, 0x00, 0x00, 0x03,
    0xF4, 0x00, 0x00, 0x00, 0x3F, 0xE0, 0x00, 0x00, 0x01, 0xDB, 0x80, 0x00, 0x00, 0x0F, 0x1F, 0x00,
    0x00, 0x00, 0x74, 0x3C, 0x00, 0x00, 0x03, 0xC0, 0xF4, 0x00, 0x00, 0x2D, 0x03, 0xD0, 0x00, 0x00,
    0xF0, 0x0B, 0x80, 0x00, 0x0F, 0x95, 0x6F, 0x00, 0x00, 0x7F, 0xFF, 0xFC, 0x00, 0x03, 0xD5, 0x56,
    0xF4, 0x00, 0x2E, 0x00, 0x03, 0xD0, 0x00, 0xF0, 0x00, 0x0F, 0x80, 0x0B, 0x80, 0x00, 0x3F, 0x00,
    0xBE, 0x40, 0x01, 0xFE, 0x4F, 0xFF, 0x00, 0x3F, 0xFF, 0x00, 0x00, 0x0A, 0x02, 0xC0, 0x00, 0x00,
    0xFC, 0x2F, 0x40, 0x00, 0x03, 0xE0, 0xFC, 0x00, 0x00, 0x00, 0x00, 0x00, 0x00, 0x00, 0x00, 0x00,
    0x00, 0x00, 0x00, 0x01, 0x80, 0x00, 0x00, 0x00, 0x2F, 0x00, 0x00, 0x00, 0x00, 0xFD, 0x00, 0x00,
    0x00, 0x0F, 0xF8, 0x00, 0x00, 0x00, 0x76, 0xE0, 0x00, 0x00, 0x03, 0xC7, 0xC0, 0x00, 0x00, 0x1D,
    0x0F, 0x00, 0x00, 0x00, 0xF0, 0x3D, 0x00, 0x00, 0x0B, 0x40, 0xF4, 0x00, 0x00, 0x3C, 0x02, 0xE0,
    0x00, 0x03, 0xE5, 0x5B, 0xC0, 0x00, 0x1F, 0xFF, 0xFF, 0x00, 0x00, 0xF5, 0x55, 0xBD, 0x00, 0x0B,
    0x80, 0x00, 0xF4, 0x00, 0x3C, 0x00, 0x03, 0xE0, 0x02, 0xE0, 0x00, 0x0F, 0xC0, 0x2F, 0x90, 0x00,
    0x7F, 0x93, 0xFF, 0xC0, 0x0F, 0xFF, 0xC0, 0x00, 0x00, 0x00, 0x64, 0x00, 0x00, 0x00, 0x0F, 0xF8,
    0x00, 0x00, 0x00, 0xB0, 0xB0, 0x00, 0x00, 0x03, 0xC1, 0xC0, 0x00, 0x00, 0x0B, 0x0F, 0x00, 0x00,
    0x00, 0x0F, 0xF0, 0x00, 0x00, 0x00, 0x05, 0x00, 0x00, 0x00, 0x00, 0x18, 0x00, 0x00, 0x00, 0x02,
    0xF0, 0x00, 0x00, 0x00, 0x0F, 0xD0, 0x00, 0x00, 0x00, 0xFF, 0x80, 0x00, 0x00, 0x07, 0x6E, 0x00,
    0x00, 0x00, 0x3C, 0x7C, 0x00, 0x00, 0x01, 0xD0, 0xF0, 0x00, 0x00, 0x0F, 0x03, 0xD0, 0x00, 0x00,
    0xB4, 0x0F, 0x40, 0x00, 0x03, 0xC0, 0x2E, 0x00, 0x00, 0x3E, 0x55, 0xBC, 0x00, 0x01, 0xFF, 0xFF,
    0xF0, 0x00, 0x0F, 0x55, 0x5B, 0xD0, 0x00, 0xB8, 0x00, 0x0F, 0x40, 0x03, 0xC0, 0x00, 0x3E, 0x00,
    0x2E, 0x00, 0x00, 0xFC, 0x02, 0xF9, 0x00, 0x07, 0xF9, 0x3F, 0xFC, 0x00, 0xFF, 0xFC, 0x00, 0x00,
    0x00, 0x55, 0x55, 0x55, 0x00, 0x00, 0x00, 0xBF, 0xFF, 0xFF, 0xC0, 0x00, 0x00, 0x03, 0xFE, 0xAA,
    0xF0, 0x00, 0x00, 0x03, 0xFE, 0x00, 0x38, 0x00, 0x00, 0x02, 0xDF, 0x40, 0x0D, 0x00, 0x00, 0x01,
    0xE3, 0xC0, 0x00, 0x00, 0x00, 0x00, 0xF1, 0xF0, 0x00, 0x00, 0x00, 0x00, 0xF0, 0xBC, 0x00, 0x00,
    0x00, 0x00, 0xB4, 0x3F, 0xAB, 0xC0, 0x00, 0x00, 0x78, 0x0F, 0xFF, 0xE0, 0x00, 0x00, 0x3D, 0x57,
    0xC0, 0x00, 0x00, 0x00, 0x3F, 0xFF, 0xF0, 0x00, 0x00, 0x00, 0x3D, 0x55, 0xF8, 0x00, 0x00, 0x00,
    0x2E, 0x00, 0x3E, 0x00, 0x0C, 0x00, 0x1E, 0x00, 0x0F, 0x40, 0x0F, 0x00, 0x0F, 0x00, 0x07, 0xC0,
    0x07, 0x80, 0x1F, 0xE0, 0x07, 0xFF, 0xFF, 0xD0, 0x2F, 0xFC, 0x0F, 0xFF, 0xFF, 0xF0, 0x00, 0x00,
    0x01, 0x69, 0x40, 0x00, 0xBF, 0xFF, 0xD0, 0x0F, 0xE5, 0xBF, 0x80, 0xFC, 0x00, 0x2D, 0x0F, 0xC0,
    0x00, 0xB0, 0x7C, 0x00, 0x02, 0x83, 0xE0, 0x00, 0x00, 0x1F, 0x00, 0x00, 0x00, 0xBC, 0x00, 0x00,
    0x03, 0xE0, 0x00, 0x00, 0x0F, 0x80, 0x00, 0x00, 0x3E, 0x00, 0x00, 0x00, 0xFC, 0x00, 0x00, 0x02,
    0xF0, 0x00, 0x00, 0x07, 0xE0, 0x00, 0x0C, 0x0F, 0xF4, 0x06, 0xF0, 0x0F, 0xFF, 0xFF, 0x00, 0x0B,
    0xFF, 0xD0, 0x00, 0x00, 0x00, 0x00, 0x00, 0x06, 0x80, 0x00, 0x00, 0x3F, 0x80, 0x00, 0x00, 0x2D,
    0x00, 0x00, 0x00, 0xF0, 0x00, 0x00, 0x2F, 0x00, 0x00, 0x00, 0x50, 0x00, 0x00, 0x00, 0x00, 0x10,
    0x00, 0x00, 0x00, 0x2E, 0x00, 0x00, 0x00, 0x0B, 0xE0, 0x00, 0x00, 0x00, 0xBF, 0x00, 0x00, 0x00,
    0x01, 0x80, 0x00, 0x00, 0x00, 0x00, 0x00, 0x05, 0x55, 0x55, 0x50, 0x03, 0xFF, 0xFF, 0xFC, 0x00,
    0x1F, 0xAA, 0xAF, 0x00, 0x07, 0xC0, 0x03, 0x80, 0x02, 0xF0, 0x00, 0xC0, 0x00, 0xB8, 0x00, 0x00,
    0x00, 0x3D, 0x00, 0x00, 0x00, 0x0F, 0x00, 0x00, 0x00, 0x07, 0xEA, 0xA8, 0x00, 0x02, 0xFF, 0xFE,
    0x00, 0x00, 0xF8, 0x00, 0x00, 0x00, 0x3D, 0x00, 0x00, 0x00, 0x0F, 0x00, 0x00, 0x00, 0x07, 0xC0,
    0x01, 0xC0, 0x02, 0xF0, 0x00, 0xF0, 0x00, 0xF8, 0x00, 0x78, 0x01, 0xBF, 0xFF, 0xFD, 0x01, 0xFF,
    0xFF, 0xFF, 0x00, 0x00, 0x00, 0x00, 0x08, 0x00, 0x00, 0x00, 0x2F, 0x00, 0x00, 0x00, 0x7F, 0xC0,
    0x00, 0x00, 0xBF, 0x80, 0x00, 0x00, 0x24, 0x00, 0x00, 0x00, 0x00, 0x00, 0x00, 0x05, 0x55, 0x55,
    0x50, 0x03, 0xFF, 0xFF, 0xFC, 0x00, 0x1F, 0xAA, 0xAF, 0x00, 0x07, 0xC0, 0x03, 0x80, 0x02, 0xF0,
    0x00, 0xC0, 0x00, 0xB8, 0x00, 0x00, 0x00, 0x3D, 0x00, 0x00, 0x00, 0x0F, 0x00, 0x00, 0x00, 0x07,
    0xEA, 0xA8, 0x00, 0x02, 0xFF, 0xFE, 0x00, 0x00, 0xF8, 0x00, 0x00, 0x00, 0x3D, 0x00, 0x00, 0x00,
    0x0F, 0x00, 0x00, 0x00, 0x07, 0xC0, 0x01, 0xC0, 0x02, 0xF0, 0x00, 0xF0, 0x00, 0xF8, 0x00, 0x78,
    0x01, 0xBF, 0xFF, 0xFD, 0x01, 0xFF, 0xFF, 0xFF, 0x00, 0x00, 0x00, 0x02, 0x80, 0x00, 0x00, 0x02,
    0xFC, 0x00, 0x00, 0x02, 0xEF, 0x80, 0x00, 0x03, 0xE0, 0xF4, 0x00, 0x02, 0xD0, 0x0C, 0x00, 0x00,
    0x00, 0x00, 0x00, 0x05, 0x55, 0x55, 0x50, 0x03, 0xFF, 0xFF, 0xFC, 0x00, 0x1F, 0xAA, 0xAF, 0x00,
    0x07, 0xC0, 0x03, 0x80, 0x02, 0xF0, 0x00, 0xC0, 0x00, 0xB8, 0x00, 0x00, 0x00, 0x3D, 0x00, 0x00,
    0x00, 0x0F, 0x00, 0x00, 0x00, 0x07, 0xEA, 0xA8, 0x00, 0x02, 0xFF, 0xFE, 0x00, 0x00, 0xF8, 0x00,
    0x00, 0x00, 0x3D, 0x00, 0x00, 0x00, 0x0F, 0x00, 0x00, 0x00, 0x07, 0xC0, 0x01, 0xC0, 0x02, 0xF0,
    0x00, 0xF0, 0x00, 0xF8, 0x00, 0x78, 0x01, 0xBF, 0xFF, 0xFD, 0x01, 0xFF, 0xFF, 0xFF, 0x00, 0x00,
    0x00, 0xB0, 0x2D, 0x00, 0x00, 0xBD, 0x1F, 0x80, 0x00, 0x2F, 0x07, 0xD0, 0x00, 0x00, 0x00, 0x00,
    0x00, 0x00, 0x00, 0x00, 0x00, 0x15, 0x55, 0x55, 0x40, 0x0F, 0xFF, 0xFF, 0xF0, 0x00, 0x7E, 0xAA,
    0xBC, 0x00, 0x1F, 0x00, 0x0E, 0x00, 0x0B, 0xC0, 0x03, 0x00, 0x02, 0xE0, 0x00, 0x00, 0x00, 0xF4,
    0x00, 0x00, 0x00, 0x3C, 0x00, 0x00, 0x00, 0x1F, 0xAA, 0xA0, 0x00, 0x0B, 0xFF, 0xF8, 0x00, 0x03,
    0xE0, 0x00, 0x00, 0x00, 0xF4, 0x00, 0x00, 0x00, 0x3C, 0x00, 0x00, 0x00, 0x1F, 0x00, 0x07, 0x00,
    0x0B, 0xC0, 0x03, 0xC0, 0x03, 0xE0, 0x01, 0xE0, 0x06, 0xFF, 0xFF, 0xF4, 0x07, 0xFF, 0xFF, 0xFC,
    0x00, 0x00, 0x14, 0x00, 0x00, 0xF4, 0x00, 0x03, 0xF8, 0x00, 0x02, 0xF8, 0x00, 0x00, 0x60, 0x00,
    0x00, 0x00, 0x05, 0x55, 0x40, 0x3F, 0xFE, 0x00, 0x1F, 0x80, 0x00, 0x7C, 0x00, 0x02, 0xF0, 0x00,
    0x0B, 0x80, 0x00, 0x3D, 0x00, 0x00, 0xF4, 0x00, 0x07, 0xC0, 0x00, 0x2F, 0x00, 0x00, 0xF8, 0x00,
    0x03, 0xD0, 0x00, 0x0F, 0x00, 0x00, 0x7C, 0x00, 0x02, 0xF0, 0x00, 0x0F, 0x80, 0x01, 0xBF, 0x80,
    0x1F, 0xFF, 0x40, 0x00, 0x00, 0x06, 0x00, 0x00, 0x2F, 0x00, 0x01, 0xFE, 0x00, 0x0B, 0xF4, 0x00,
    0x09, 0x00, 0x00, 0x00, 0x00, 0x00, 0x55, 0x54, 0x00, 0xFF, 0xF8, 0x00, 0x1F, 0x80, 0x00, 0x1F,
    0x00, 0x00, 0x2F, 0x00, 0x00, 0x2E, 0x00, 0x00, 0x3D, 0x00, 0x00, 0x3D, 0x00, 0x00, 0x7C, 0x00,
    0x00, 0xBC, 0x00, 0x00, 0xF8, 0x00, 0x00, 0xF4, 0x00, 0x00, 0xF0, 0x00, 0x01, 0xF0, 0x00, 0x02,
    0xF0, 0x00, 0x03, 0xE0, 0x00, 0x1B, 0xF8, 0x00, 0x7F, 0xFD, 0x00, 0x00, 0x00, 0xA0, 0x00, 0x00,
    0xFE, 0x00, 0x00, 0xFB, 0xD0, 0x00, 0xF4, 0x7C, 0x00, 0xF4, 0x07, 0x00, 0x00, 0x00, 0x00, 0x05,
    0x55, 0x40, 0x03, 0xFF, 0xE0, 0x00, 0x1F, 0x80, 0x00, 0x07, 0xC0, 0x00, 0x02, 0xF0, 0x00, 0x00,
    0xB8, 0x00, 0x00, 0x3D, 0x00, 0x00, 0x0F, 0x40, 0x00, 0x07, 0xC0, 0x00, 0x02, 0xF0, 0x00, 0x00,
    0xF8, 0x00, 0x00, 0x3D, 0x00, 0x00, 0x0F, 0x00, 0x00, 0x07, 0xC0, 0x00, 0x02, 0xF0, 0x00, 0x00,
    0xF8, 0x00, 0x01, 0xBF, 0x80, 0x01, 0xFF, 0xF4, 0x00, 0x00, 0x2C, 0x0B, 0x00, 0x3F, 0x4B, 0xD0,
    0x0F, 0xC2, 0xF0, 0x00, 0x00, 0x00, 0x00, 0x00, 0x00, 0x00, 0x15, 0x55, 0x00, 0x0F, 0xFF, 0x80,
    0x00, 0x7E, 0x00, 0x00, 0x1F, 0x00, 0x00, 0x0B, 0xC0, 0x00, 0x02, 0xE0, 0x00, 0x00, 0xF4, 0x00,
    0x00, 0x3D, 0x00, 0x00, 0x1F, 0x00, 0x00, 0x0B, 0xC0, 0x00, 0x03, 0xE0, 0x00, 0x00, 0xF4, 0x00,
    0x00, 0x3C, 0x00, 0x00, 0x1F, 0x00, 0x00, 0x0B, 0xC0, 0x00, 0x03, 0xE0, 0x00, 0x06, 0xFE, 0x00,
    0x07, 0xFF, 0xD0, 0x00, 0x00, 0x05, 0xA9, 0x40, 0x00, 0x03, 0xFF, 0xFF, 0xE0, 0x00, 0x19, 0xF4,
    0x5F, 0xF4, 0x00, 0x07, 0xC0, 0x07, 0xF0, 0x00, 0x2F, 0x00, 0x07, 0xE0, 0x00, 0xB8, 0x00, 0x0F,
    0xC0, 0x03, 0xD0, 0x00, 0x2F, 0x00, 0x0F, 0x00, 0x00, 0x7C, 0x05, 0xBD, 0x54, 0x02, 0xF0, 0x3F,
    0xFF, 0xF0, 0x0B, 0xC0, 0x0F, 0x80, 0x00, 0x3E, 0x00, 0x3D, 0x00, 0x00, 0xF4, 0x00, 0xF0, 0x00,
    0x0B, 0xC0, 0x07, 0xC0, 0x00, 0x7D, 0x00, 0x2F, 0x00, 0x03, 0xE0, 0x00, 0xF8, 0x00, 0xBE, 0x00,
    0x1B, 0xFA, 0xBF, 0xD0, 0x01, 0xFF, 0xFF, 0xE4, 0x00, 0x00, 0x00, 0x00, 0x00, 0x00, 0x00, 0x00,
    0x00, 0x01, 0x00, 0x00, 0x00, 0x00, 0x07, 0xF0, 0xE0, 0x00, 0x00, 0x03, 0xEF, 0xF4, 0x00, 0x00,
    0x00, 0xD2, 0xF8, 0x00, 0x00, 0x00, 0x00, 0x00, 0x00, 0x00, 0x00, 0x00, 0x00, 0x00, 0x00, 0x05,
    0x50, 0x00, 0x15, 0x54, 0x03, 0xFD, 0x00, 0x1F, 0xFE, 0x00, 0x2F, 0x80, 0x00, 0xB8, 0x00, 0x07,
    0xF0, 0x00, 0x2D, 0x00, 0x02, 0xFE, 0x00, 0x0F, 0x00, 0x00, 0xFB, 0xC0, 0x03, 0xC0, 0x00, 0x3C,
    0xF8, 0x01, 0xE0, 0x00, 0x0F, 0x2F, 0x00, 0xB4, 0x00, 0x07, 0x83, 0xD0, 0x3D, 0x00, 0x02, 0xD0,
    0xBC, 0x0F, 0x00, 0x00, 0xF0, 0x0F, 0x43, 0xC0, 0x00, 0x3C, 0x03, 0xE1, 0xE0, 0x00, 0x1F, 0x00,
    0x7C, 0xB4, 0x00, 0x07, 0x80, 0x0F, 0xBC, 0x00, 0x02, 0xD0, 0x01, 0xFF, 0x00, 0x00, 0xF0, 0x00,
    0x3F, 0xC0, 0x00, 0xBE, 0x40, 0x07, 0xE0, 0x01, 0xFF, 0xF0, 0x00, 0xF4, 0x00, 0x00, 0x00, 0x00,
    0x00, 0x00, 0x00, 0x00, 0x01, 0x40, 0x00, 0x00, 0x00, 0xF4, 0x00, 0x00, 0x00, 0x3F, 0x80, 0x00,
    0x00, 0x02, 0xF8, 0x00, 0x00, 0x00, 0x06, 0x00, 0x00, 0x00, 0x00, 0x00, 0x00, 0x00, 0x06, 0x90,
    0x00, 0x00, 0x7F, 0xFF, 0x80, 0x00, 0xFE, 0x56, 0xFC, 0x00, 0xFC, 0x00, 0x1F, 0x80, 0xFC, 0x00,
    0x03, 0xF0, 0x7C, 0x00, 0x00, 0x7D, 0x3E, 0x00, 0x00, 0x0F, 0x5F, 0x00, 0x00, 0x03, 0xDB, 0xC0,
    0x00, 0x00, 0xF7, 0xE0, 0x00, 0x00, 0x7C, 0xF8, 0x00, 0x00, 0x2F, 0x3E, 0x00, 0x00, 0x0F, 0x8F,
    0x80, 0x00, 0x07, 0xC3, 0xF0, 0x00, 0x03, 0xE0, 0x7D, 0x00, 0x02, 0xF0, 0x0F, 0xD0, 0x07, 0xF0,
    0x00, 0xFF, 0xAF, 0xF0, 0x00, 0x0B, 0xFF, 0x90, 0x00, 0x00, 0x00, 0x00, 0x00, 0x00, 0x00, 0x00,
    0x00, 0x60, 0x00, 0x00, 0x00, 0xBC, 0x00, 0x00, 0x01, 0xFE, 0x00, 0x00, 0x02, 0xFD, 0x00, 0x00,
    0x00, 0x90, 0x00, 0x00, 0x00, 0x00, 0x00, 0x00, 0x00, 0x06, 0x90, 0x00, 0x00, 0x7F, 0xFF, 0x80,
    0x00, 0xFE, 0x56, 0xFC, 0x00, 0xFC, 0x00, 0x1F, 0x80, 0xFC, 0x00, 0x03, 0xF0, 0x7C, 0x00, 0x00,
    0x7D, 0x3E, 0x00, 0x00, 0x0F, 0x5F, 0x00, 0x00, 0x03, 0xDB, 0xC0, 0x00, 0x00, 0xF7, 0xE0, 0x00,
    0x00, 0x7C, 0xF8, 0x00, 0x00, 0x2F, 0x3E, 0x00, 0x00, 0x0F, 0x8F, 0x80, 0x00, 0x07, 0xC3, 0xF0,
    0x00, 0x03, 0xE0, 0x7D, 0x00, 0x02, 0xF0, 0x0F, 0xD0, 0x07, 0xF0, 0x00, 0xFF, 0xAF, 0xF0, 0x00,
    0x0B, 0xFF, 0x90, 0x00, 0x00, 0x00, 0x00, 0x00, 0x00, 0x00, 0x00, 0x0A, 0x00, 0x00, 0x00, 0x0F,
    0xE0, 0x00, 0x00, 0x0F, 0xBD, 0x00, 0x00, 0x0F, 0x47, 0xC0, 0x00, 0x0F, 0x40, 0x70, 0x00, 0x00,
    0x00, 0x00, 0x00, 0x00, 0x06, 0x90, 0x00, 0x00, 0x7F, 0xFF, 0x80, 0x00, 0xFE, 0x56, 0xFC, 0x00,
    0xFC, 0x00, 0x1F, 0x80, 0xFC, 0x00, 0x03, 0xF0, 0x7C, 0x00, 0x00, 0x7D, 0x3E, 0x00, 0x00, 0x0F,
    0x5F, 0x00, 0x00, 0x03, 0xDB, 0xC0, 0x00, 0x00, 0xF7, 0xE0, 0x00, 0x00, 0x7C, 0xF8, 0x00, 0x00,
    0x2F, 0x3E, 0x00, 0x00, 0x0F, 0x8F, 0x80, 0x00, 0x07, 0xC3, 0xF0, 0x00, 0x03, 0xE0, 0x7D, 0x00,
    0x02, 0xF0, 0x0F, 0xD0, 0x07, 0xF0, 0x00, 0xFF, 0xAF, 0xF0, 0x00, 0x0B, 0xFF, 0x90, 0x00, 0x00,
    0x00, 0x00, 0x00, 0x00, 0x00, 0x00, 0x50, 0x10, 0x00, 0x00, 0xFE, 0x1C, 0x00, 0x00, 0x7F, 0xFF,
    0x00, 0x00, 0x2C, 0x3F, 0x40, 0x00, 0x00, 0x01, 0x00, 0x00, 0x00, 0x00, 0x00, 0x00, 0x00, 0x06,
    0x90, 0x00, 0x00, 0x7F, 0xFF, 0x80, 0x00, 0xFE, 0x56, 0xFC, 0x00, 0xFC, 0x00, 0x1F, 0x80, 0xFC,
    0x00, 0x03, 0xF0, 0x7C, 0x00, 0x00, 0x7D, 0x3E, 0x00, 0x00, 0x0F, 0x5F, 0x00, 0x00, 0x03, 0xDB,
    0xC0, 0x00, 0x00, 0xF7, 0xE0, 0x00, 0x00, 0x7C, 0xF8, 0x00, 0x00, 0x2F, 0x3E, 0x00, 0x00, 0x0F,
    0x8F, 0x80, 0x00, 0x07, 0xC3, 0xF0, 0x00, 0x03, 0xE0, 0x7D, 0x00, 0x02, 0xF0, 0x0F, 0xD0, 0x07,
    0xF0, 0x00, 0xFF, 0xAF, 0xF0, 0x00, 0x0B, 0xFF, 0x90, 0x00, 0x00, 0x00, 0x00, 0x00, 0x00, 0x00,
    0x02, 0xC0, 0xB0, 0x00, 0x03, 0xF4, 0xBD, 0x00, 0x00, 0xFC, 0x2F, 0x00, 0x00, 0x00, 0x00, 0x00,
    0x00, 0x00, 0x00, 0x00, 0x00, 0x00, 0x1A, 0x40, 0x00, 0x01, 0xFF, 0xFE, 0x00, 0x03, 0xF9, 0x5B,
    0xF0, 0x03, 0xF0, 0x00, 0x7E, 0x03, 0xF0, 0x00, 0x0F, 0xC1, 0xF0, 0x00, 0x01, 0xF4, 0xF8, 0x00,
    0x00, 0x3D, 0x7C, 0x00, 0x00, 0x0F, 0x6F, 0x00, 0x00, 0x03, 0xDF, 0x80, 0x00, 0x01, 0xF3, 0xE0,
    0x00, 0x00, 0xBC, 0xF8, 0x00, 0x00, 0x3E, 0x3E, 0x00, 0x00, 0x1F, 0x0F, 0xC0, 0x00, 0x0F, 0x81,
    0xF4, 0x00, 0x0B, 0xC0, 0x3F, 0x40, 0x1F, 0xC0, 0x03, 0xFE, 0xBF, 0xC0, 0x00, 0x2F, 0xFE, 0x40,
    0x00, 0x00, 0x00, 0x00, 0x00, 0x00, 0x00, 0x0B, 0x00, 0x1C, 0x7C, 0x07, 0xC1, 0xF1, 0xF0, 0x07,
    0xFC, 0x00, 0x2F, 0x00, 0x07, 0xFC, 0x01, 0xF1, 0xF0, 0x7C, 0x07, 0xCB, 0x00, 0x2D, 0x00, 0x00,
    0x00, 0x00, 0x00, 0x06, 0x90, 0x04, 0x00, 0x01, 0xFF, 0xFE, 0x2D, 0x00, 0x0F, 0xE5, 0x6F, 0xF4,
    0x00, 0x3F, 0x00, 0x07, 0xE0, 0x00, 0xFC, 0x00, 0x0F, 0xF0, 0x01, 0xF0, 0x00, 0x3E, 0xF4, 0x03,
    0xE0, 0x00, 0xF4, 0xF4, 0x07, 0xC0, 0x03, 0xC0, 0xF4, 0x0B, 0xC0, 0x0F, 0x00, 0xF4, 0x0F, 0x80,
    0x3C, 0x01, 0xF0, 0x0F, 0x80, 0xF0, 0x02, 0xF0, 0x0F, 0x83, 0xC0, 0x03, 0xE0, 0x0F, 0x9F, 0x00,
    0x07, 0xC0, 0x0F, 0xFC, 0x00, 0x0F, 0x80, 0x07, 0xF0, 0x00, 0x3F, 0x00, 0x07, 0xF4, 0x01, 0xFC,
    0x00, 0x1E, 0xFF, 0xAF, 0xE0, 0x00, 0x38, 0x2F, 0xFE, 0x40, 0x00, 0x00, 0x00, 0x00, 0x00, 0x00,
    0x00, 0x01, 0x00, 0x00, 0x00, 0x00, 0x3D, 0x00, 0x00, 0x00, 0x03, 0xF4, 0x00, 0x00, 0x00, 0x0B,
    0xD0, 0x00, 0x00, 0x00, 0x05, 0x00, 0x00, 0x00, 0x00, 0x00, 0x00, 0x15, 0x54, 0x00, 0x55, 0x57,
    0xFF, 0xC0, 0x1F, 0xFE, 0x1B, 0xD0, 0x00, 0x7E, 0x00, 0xB8, 0x00, 0x03, 0xD0, 0x0F, 0x80, 0x00,
    0x3C, 0x00, 0xF4, 0x00, 0x03, 0xC0, 0x1F, 0x00, 0x00, 0x78, 0x02, 0xF0, 0x00, 0x0B, 0x40, 0x2E,
    0x00, 0x00, 0xF0, 0x03, 0xD0, 0x00, 0x0F, 0x00, 0x3D, 0x00, 0x00, 0xF0, 0x07, 0xC0, 0x00, 0x1E,
    0x00, 0x7C, 0x00, 0x02, 0xD0, 0x0B, 0xC0, 0x00, 0x3C, 0x00, 0x7C, 0x00, 0x0F, 0x80, 0x03, 0xF0,
    0x03, 0xF0, 0x00, 0x2F, 0xFF, 0xFC, 0x00, 0x00, 0x7F, 0xFD, 0x00, 0x00, 0x00, 0x00, 0x00, 0x00,
    0x00, 0x00, 0x00, 0x00, 0x50, 0x00, 0x00, 0x00, 0x2F, 0x00, 0x00, 0x00, 0x2F, 0xE0, 0x00, 0x00,
    0x0F, 0xF4, 0x00, 0x00, 0x00, 0x90, 0x00, 0x00, 0x00, 0x00, 0x00, 0x00, 0x15, 0x54, 0x00, 0x55,
    0x57, 0xFF, 0xC0, 0x1F, 0xFE, 0x1B, 0xD0, 0x00, 0x7E, 0x00, 0xB8, 0x00, 0x03, 0xD0, 0x0F, 0x80,
    0x00, 0x3C, 0x00, 0xF4, 0x00, 0x03, 0xC0, 0x1F, 0x00, 0x00, 0x78, 0x02, 0xF0, 0x00, 0x0B, 0x40,
    0x2E, 0x00, 0x00, 0xF0, 0x03, 0xD0, 0x00, 0x0F, 0x00, 0x3D, 0x00, 0x00, 0xF0, 0x07, 0xC0, 0x00,
    0x1E, 0x00, 0x7C, 0x00, 0x02, 0xD0, 0x0B, 0xC0, 0x00, 0x3C, 0x00, 0x7C, 0x00, 0x0F, 0x80, 0x03,
    0xF0, 0x03, 0xF0, 0x00, 0x2F, 0xFF, 0xFC, 0x00, 0x00, 0x7F, 0xFD, 0x00, 0x00, 0x00, 0x00, 0x00,
    0x00, 0x00, 0x00, 0x00, 0x09, 0x00, 0x00, 0x00, 0x03, 0xF4, 0x00, 0x00, 0x00, 0xFB, 0xD0, 0x00,
    0x00, 0x7D, 0x1F, 0x00, 0x00, 0x0F, 0x00, 0x70, 0x00, 0x00, 0x00, 0x00, 0x00, 0x15, 0x54, 0x00,
    0x55, 0x57, 0xFF, 0xC0, 0x1F, 0xFE, 0x1B, 0xD0, 0x00, 0x7E, 0x00, 0xB8, 0x00, 0x03, 0xD0, 0x0F,
    0x80, 0x00, 0x3C, 0x00, 0xF4, 0x00, 0x03, 0xC0, 0x1F, 0x00, 0x00, 0x78, 0x02, 0xF0, 0x00, 0x0B,
    0x40, 0x2E, 0x00, 0x00, 0xF0, 0x03, 0xD0, 0x00, 0x0F, 0x00, 0x3D, 0x00, 0x00, 0xF0, 0x07, 0xC0,
    0x00, 0x1E, 0x00, 0x7C, 0x00, 0x02, 0xD0, 0x0B, 0xC0, 0x00, 0x3C, 0x00, 0x7C, 0x00, 0x0F, 0x80,
    0x03, 0xF0, 0x03, 0xF0, 0x00, 0x2F, 0xFF, 0xFC, 0x00, 0x00, 0x7F, 0xFD, 0x00, 0x00, 0x00, 0x00,
    0x00, 0x00, 0x00, 0x00, 0x02, 0x80, 0xB0, 0x00, 0x00, 0xFC, 0x2F, 0x40, 0x00, 0x0F, 0x83, 0xF0,
    0x00, 0x00, 0x00, 0x00, 0x00, 0x00, 0x00, 0x00, 0x00, 0x01, 0x55, 0x40, 0x05, 0x55, 0x7F, 0xFC,
    0x01, 0xFF, 0xE1, 0xBD, 0x00, 0x07, 0xE0, 0x0B, 0x80, 0x00, 0x3D, 0x00, 0xF8, 0x00, 0x03, 0xC0,
    0x0F, 0x40, 0x00, 0x3C, 0x01, 0xF0, 0x00, 0x07, 0x80, 0x2F, 0x00, 0x00, 0xB4, 0x02, 0xE0, 0x00,
    0x0F, 0x00, 0x3D, 0x00, 0x00, 0xF0, 0x03, 0xD0, 0x00, 0x0F, 0x00, 0x7C, 0x00, 0x01, 0xE0, 0x07,
    0xC0, 0x00, 0x2D, 0x00, 0xBC, 0x00, 0x03, 0xC0, 0x07, 0xC0, 0x00, 0xF8, 0x00, 0x3F, 0x00, 0x3F,
    0x00, 0x02, 0xFF, 0xFF, 0xC0, 0x00, 0x07, 0xFF, 0xD0, 0x00, 0x00, 0x00, 0x00, 0x00, 0x00, 0x00,
    0x00, 0x00, 0x80, 0x00, 0x00, 0x01, 0xF4, 0x00, 0x00, 0x03, 0xFC, 0x00, 0x00, 0x07, 0xF8, 0x00,
    0x00, 0x01, 0x90, 0x00, 0x00, 0x00, 0x00, 0x00, 0x01, 0x55, 0x40, 0x15, 0x51, 0xFF, 0xF4, 0x2F,
    0xFD, 0x1F, 0xD0, 0x01, 0xF8, 0x02, 0xF0, 0x00, 0xB8, 0x00, 0x3D, 0x00, 0x7C, 0x00, 0x0B, 0xC0,
    0x3C, 0x00, 0x01, 0xF0, 0x3D, 0x00, 0x00, 0x3E, 0x2E, 0x00, 0x00, 0x0B, 0xCF, 0x00, 0x00, 0x00,
    0xFF, 0x00, 0x00, 0x00, 0x2F, 0x40, 0x00, 0x00, 0x0B, 0xC0, 0x00, 0x00, 0x03, 0xE0, 0x00, 0x00,
    0x00, 0xF4, 0x00, 0x00, 0x00, 0x3C, 0x00, 0x00, 0x00, 0x1F, 0x00, 0x00, 0x00, 0x2F, 0xE8, 0x00,
    0x00, 0x3F, 0xFF, 0x00, 0x00, 0x00, 0x55, 0x50, 0x00, 0x03, 0xFF, 0xD0, 0x00, 0x01, 0xF4, 0x00,
    0x00, 0x07, 0xC0, 0x00, 0x00, 0x2F, 0xFF, 0x40, 0x00, 0xBE, 0xBF, 0xC0, 0x03, 0xD0, 0x1F, 0x80,
    0x0F, 0x00, 0x2F, 0x00, 0x7C, 0x00, 0xBC, 0x02, 0xE0, 0x02, 0xE0, 0x0F, 0x80, 0x0F, 0x40, 0x3D,
    0x00, 0xFC, 0x00, 0xF0, 0x2F, 0xC0, 0x07, 0xFF, 0xF4, 0x00, 0x2F, 0x94, 0x00, 0x00, 0xF4, 0x00,
    0x00, 0x1B, 0xE4, 0x00, 0x01, 0xFF, 0xF0, 0x00, 0x00, 0x00, 0x00, 0x00, 0x06, 0x40, 0x00, 0x00,
    0x00, 0xFF, 0xF0, 0x00, 0x00, 0x03, 0xE5, 0xFC, 0x00, 0x00, 0x0F, 0x40, 0x7C, 0x00, 0x00, 0x1F,
    0x00, 0x3C, 0x00, 0x00, 0x3D, 0x00, 0x74, 0x00, 0x00, 0x3C, 0x00, 0xF0, 0x00, 0x00, 0x7C, 0x02,
    0xC0, 0x00, 0x00, 0xB8, 0x07, 0x40, 0x00, 0x00, 0xB4, 0x0E, 0x00, 0x00, 0x00, 0xF4, 0x1E, 0x00,
    0x00, 0x00, 0xF0, 0x1F, 0x40, 0x00, 0x01, 0xF0, 0x0B, 0xD0, 0x00, 0x02, 0xE0, 0x03, 0xF0, 0x00,
    0x03, 0xD0, 0x00, 0xF8, 0x00, 0x03, 0xC0, 0x00, 0x7C, 0x00, 0x07, 0xC0, 0x00, 0x7C, 0x00, 0x07,
    0xCB, 0x00, 0xB4, 0x00, 0x0B, 0x8F, 0xEA, 0xE0, 0x00, 0x0F, 0x43, 0xFF, 0x40, 0x00, 0x0F, 0x00,
    0x00, 0x00, 0x00, 0x1F, 0x00, 0x00, 0x00, 0x00, 0x3D, 0x00, 0x00, 0x00, 0x74, 0x7C, 0x00, 0x00,
    0x00, 0xBF, 0xF0, 0x00, 0x00, 0x00, 0x2F, 0x80, 0x00, 0x00, 0x00, 0x00, 0x00, 0x00, 0x00, 0x07,
    0x00, 0x00, 0x03, 0xD0, 0x00, 0x00, 0xBC, 0x00, 0x00, 0x0B, 0xC0, 0x00, 0x00, 0x74, 0x00, 0x00,
    0x00, 0x00, 0x00, 0x00, 0x00, 0x00, 0x6F, 0x87, 0x40, 0xBF, 0xFF, 0xC0, 0x7D, 0x0B, 0xE0, 0x3C,
    0x00, 0xF4, 0x3E, 0x00, 0x3C, 0x0F, 0x00, 0x1F, 0x07, 0x80, 0x0B, 0x82, 0xD0, 0x07, 0xD0, 0xF4,
    0x03, 0xF0, 0x3D, 0x02, 0xFC, 0x1F, 0xC2, 0xCF, 0x3E, 0xFF, 0xD3, 0xFC, 0x3F, 0xC0, 0xFC, 0x00,
    0x00, 0x00, 0x00, 0x00, 0x00, 0x00, 0x00, 0x00, 0x0B, 0x40, 0x00, 0x07, 0xD0, 0x00, 0x03, 0xD0,
    0x00, 0x03, 0xD0, 0x00, 0x00, 0xD0, 0x00, 0x00, 0x00, 0x00, 0x00, 0x00, 0x00, 0x00, 0x6F, 0x87,
    0x40, 0xBF, 0xFF, 0xC0, 0x7D, 0x0B, 0xE0, 0x3C, 0x00, 0xF4, 0x3E, 0x00, 0x3C, 0x0F, 0x00, 0x1F,
    0x07, 0x80, 0x0B, 0x82, 0xD0, 0x07, 0xD0, 0xF4, 0x03, 0xF0, 0x3D, 0x02, 0xFC, 0x1F, 0xC2, 0xCF,
    0x3E, 0xFF, 0xD3, 0xFC, 0x3F, 0xC0, 0xFC, 0x00, 0x00, 0x00, 0x00, 0x00, 0x00, 0x00, 0x00, 0x00,
    0x7C, 0x00, 0x00, 0x7F, 0x80, 0x00, 0x3D, 0xF0, 0x00, 0x3C, 0x2D, 0x00, 0x3D, 0x03, 0x80, 0x00,
    0x00, 0x00, 0x00, 0x00, 0x00, 0x00, 0x6F, 0x87, 0x40, 0xBF, 0xFF, 0xC0, 0x7D, 0x0B, 0xE0, 0x3C,
    0x00, 0xF4, 0x3E, 0x00, 0x3C, 0x0F, 0x00, 0x1F, 0x07, 0x80, 0x0B, 0x82, 0xD0, 0x07, 0xD0, 0xF4,
    0x03, 0xF0, 0x3D, 0x02, 0xFC, 0x1F, 0xC2, 0xCF, 0x3E, 0xFF, 0xD3, 0xFC, 0x3F, 0xC0, 0xFC, 0x00,
    0x00, 0x00, 0x00, 0x00, 0x00, 0x00, 0x00, 0x0B, 0xD1, 0xC0, 0x07, 0xFE, 0xF0, 0x02, 0xC3, 0xF4,
    0x00, 0x10, 0x10, 0x00, 0x00, 0x00, 0x00, 0x00, 0x00, 0x00, 0x01, 0xBE, 0x1D, 0x02, 0xFF, 0xFF,
    0x01, 0xF4, 0x2F, 0x80, 0xF0, 0x03, 0xD0, 0xF8, 0x00, 0xF0, 0x3C, 0x00, 0x7C, 0x1E, 0x00, 0x2E,
    0x0B, 0x40, 0x1F, 0x43, 0xD0, 0x0F, 0xC0, 0xF4, 0x0B, 0xF0, 0x7F, 0x0B, 0x3C, 0xFB, 0xFF, 0x4F,
    0xF0, 0xFF, 0x03, 0xF0, 0x00, 0x00, 0x00, 0x00, 0x00, 0x14, 0x05, 0x00, 0x2F, 0x4B, 0xD0, 0x0B,
    0xC2, 0xF0, 0x00, 0x40, 0x10, 0x00, 0x00, 0x00, 0x00, 0x00, 0x00, 0x00, 0x06, 0xF8, 0x74, 0x0B,
    0xFF, 0xFC, 0x07, 0xD0, 0xBE, 0x03, 0xC0, 0x0F, 0x43, 0xE0, 0x03, 0xC0, 0xF0, 0x01, 0xF0, 0x78,
    0x00, 0xB8, 0x2D, 0x00, 0x7D, 0x0F, 0x40, 0x3F, 0x03, 0xD0, 0x2F, 0xC1, 0xFC, 0x2C, 0xF3, 0xEF,
    0xFD, 0x3F, 0xC3, 0xFC, 0x0F, 0xC0, 0x00, 0x00, 0x00, 0x00, 0x01, 0x90, 0x00, 0x02, 0xFE, 0x00,
    0x01, 0xD2, 0xC0, 0x00, 0xB0, 0x70, 0x00, 0x2C, 0x2C, 0x00, 0x07, 0xFD, 0x00, 0x00, 0x68, 0x00,
    0x00, 0x00, 0x00, 0x00, 0x6F, 0x87, 0x40, 0xBF, 0xFF, 0xC0, 0x7D, 0x0B, 0xE0, 0x3C, 0x00, 0xF4,
    0x3E, 0x00, 0x3C, 0x0F, 0x00, 0x1F, 0x07, 0x80, 0x0B, 0x82, 0xD0, 0x07, 0xD0, 0xF4, 0x03, 0xF0,
    0x3D, 0x02, 0xFC, 0x1F, 0xC2, 0xCF, 0x3E, 0xFF, 0xD3, 0xFC, 0x3F, 0xC0, 0xFC, 0x00, 0x00, 0x00,
    0x00, 0x00, 0x00, 0x00, 0x00, 0x00, 0x02, 0xFD, 0x0B, 0xF8, 0x01, 0xFF, 0xFF, 0xEB, 0xD0, 0x7D,
    0x02, 0xF0, 0x2E, 0x0F, 0x40, 0x3C, 0x03, 0xD2, 0xE0, 0x07, 0x80, 0xBC, 0x3C, 0x00, 0xF4, 0x3F,
    0x07, 0x80, 0x1F, 0x7F, 0x80, 0xB4, 0x03, 0xFF, 0x40, 0x0F, 0x40, 0xBF, 0x00, 0x00, 0xF4, 0x0F,
    0xF0, 0x00, 0x4F, 0x83, 0xCF, 0x40, 0xB8, 0xBF, 0xF0, 0xFF, 0xFE, 0x03, 0xF8, 0x03, 0xFF, 0x40,
    0x00, 0x00, 0x00, 0x00, 0x00, 0x00, 0x00, 0x00, 0x07, 0xFC, 0x02, 0xFF, 0xD0, 0xB8, 0x18, 0x1E,
    0x00, 0x03, 0xC0, 0x00, 0x7C, 0x00, 0x0B, 0x80, 0x00, 0xF4, 0x00, 0x0F, 0x40, 0x00, 0xF8, 0x00,
    0x4B, 0xC0, 0x78, 0x7F, 0xFF, 0x02, 0xFF, 0x40, 0x00, 0x00, 0x00, 0x68, 0x00, 0x0B, 0xE0, 0x00,
    0x1E, 0x00, 0x03, 0xC0, 0x01, 0xF0, 0x00, 0x14, 0x00, 0x00, 0x00, 0x00, 0x00, 0x01, 0xC0, 0x00,
    0x0F, 0x40, 0x00, 0x2F, 0x00, 0x00, 0x2F, 0x00, 0x00, 0x1D, 0x00, 0x00, 0x00, 0x00, 0x00, 0x00,
    0x00, 0x6F, 0xC0, 0x0B, 0xAF, 0xC0, 0xB4, 0x1F, 0x07, 0x80, 0x7C, 0x3C, 0x03, 0xD1, 0xE0, 0xBD,
    0x0B, 0xAF, 0xC0, 0x3F, 0xE4, 0x00, 0xF4, 0x00, 0x03, 0xD0, 0x01, 0x0F, 0xC0, 0x7C, 0x1F, 0xFF,
    0xD0, 0x2F, 0xF8, 0x00, 0x00, 0x00, 0x00, 0x00, 0x00, 0x00, 0x00, 0x02, 0xD0, 0x00, 0x1F, 0x40,
    0x00, 0xF4, 0x00, 0x0F, 0x40, 0x00, 0x34, 0x00, 0x00, 0x00, 0x00, 0x00, 0x00, 0x00, 0x6F, 0xC0,
    0x0B, 0xAF, 0xC0, 0xB4, 0x1F, 0x07, 0x80, 0x7C, 0x3C, 0x03, 0xD1, 0xE0, 0xBD, 0x0B, 0xAF, 0xC0,
    0x3F, 0xE4, 0x00, 0xF4, 0x00, 0x03, 0xD0, 0x01, 0x0F, 0xC0, 0x7C, 0x1F, 0xFF, 0xD0, 0x2F, 0xF8,
    0x00, 0x00, 0x00, 0x00, 0x00, 0x00, 0x00, 0x00, 0x1F, 0x00, 0x01, 0xFE, 0x00, 0x0F, 0x7C, 0x00,
    0xF0, 0xB4, 0x0F, 0x40, 0xE0, 0x00, 0x00, 0x00, 0x00, 0x00, 0x00, 0x6F, 0xC0, 0x0B, 0xAF, 0xC0,
    0xB4, 0x1F, 0x07, 0x80, 0x7C, 0x3C, 0x03, 0xD1, 0xE0, 0xBD, 0x0B, 0xAF, 0xC0, 0x3F, 0xE4, 0x00,
    0xF4, 0x00, 0x03, 0xD0, 0x01, 0x0F, 0xC0, 0x7C, 0x1F, 0xFF, 0xD0, 0x2F, 0xF8, 0x00, 0x00, 0x00,
    0x00, 0x00, 0x50, 0x14, 0x02, 0xF4, 0xBD, 0x02, 0xF0, 0xBC, 0x00, 0x40, 0x10, 0x00, 0x00, 0x00,
    0x00, 0x00, 0x00, 0x00, 0x6F, 0xC0, 0x02, 0xEB, 0xF0, 0x0B, 0x41, 0xF0, 0x1E, 0x01, 0xF0, 0x3C,
    0x03, 0xD0, 0x78, 0x2F, 0x40, 0xBA, 0xFC, 0x00, 0xFF, 0x90, 0x00, 0xF4, 0x00, 0x00, 0xF4, 0x00,
    0x40, 0xFC, 0x07, 0xC0, 0x7F, 0xFF, 0x40, 0x2F, 0xF8, 0x00, 0x00, 0x00, 0x00, 0x00, 0x00, 0x1C,
    0x00, 0xF4, 0x02, 0xF0, 0x02, 0xF0, 0x01, 0xD0, 0x00, 0x00, 0x00, 0x2F, 0xC1, 0xFF, 0x00, 0x3C,
    0x01, 0xF0, 0x0B, 0x80, 0x3D, 0x01, 0xF0, 0x0B, 0xC0, 0x3D, 0x00, 0xF0, 0x47, 0xCF, 0x2F, 0xF0,
    0x7E, 0x00, 0x00, 0x00, 0x00, 0x00, 0x00, 0x02, 0xD0, 0x01, 0xF4, 0x00, 0xF4, 0x00, 0xF4, 0x00,
    0x34, 0x00, 0x00, 0x00, 0x00, 0x00, 0x2F, 0xC0, 0x1F, 0xF0, 0x00, 0x3C, 0x00, 0x1F, 0x00, 0x0B,
    0x80, 0x03, 0xD0, 0x01, 0xF0, 0x00, 0xBC, 0x00, 0x3D, 0x00, 0x0F, 0x04, 0x07, 0xCF, 0x02, 0xFF,
    0x00, 0x7E, 0x00, 0x00, 0x00, 0x00, 0x00, 0x00, 0x00, 0x1F, 0x00, 0x1F, 0xE0, 0x0F, 0x7C, 0x0F,
    0x0B, 0x4F, 0x40, 0xE0, 0x00, 0x00, 0x00, 0x00, 0x2F, 0xC0, 0x1F, 0xF0, 0x00, 0x3C, 0x00, 0x1F,
    0x00, 0x0B, 0x80, 0x03, 0xD0, 0x01, 0xF0, 0x00, 0xBC, 0x00, 0x3D, 0x00, 0x0F, 0x04, 0x07, 0xCF,
    0x02, 0xFF, 0x00, 0x7E, 0x00, 0x00, 0x00, 0x00, 0x05, 0x01, 0x42, 0xF4, 0xBD, 0x2F, 0x0B, 0xC0,
    0x40, 0x10, 0x00, 0x00, 0x00, 0x00, 0x00, 0x2F, 0xC0, 0x07, 0xFC, 0x00, 0x03, 0xC0, 0x00, 0x7C,
    0x00, 0x0B, 0x80, 0x00, 0xF4, 0x00, 0x1F, 0x00, 0x02, 0xF0, 0x00, 0x3D, 0x00, 0x03, 0xC1, 0x00,
    0x7C, 0xF0, 0x0B, 0xFC, 0x00, 0x7E, 0x00, 0x00, 0x00, 0x00, 0x00, 0x06, 0x01, 0x00, 0x03, 0xF2,
    0xD0, 0x00, 0x3F, 0xC0, 0x00, 0x0B, 0xD0, 0x00, 0x0F, 0x7C, 0x00, 0x02, 0x0B, 0x80, 0x00, 0x00,
    0xF0, 0x00, 0xBF, 0xAC, 0x01, 0xFE, 0xFF, 0x40, 0xF4, 0x0B, 0xE0, 0xF8, 0x00, 0xF8, 0x7C, 0x00,
    0x3E, 0x2E, 0x00, 0x0F, 0x4F, 0x40, 0x03, 0xC3, 0xD0, 0x00, 0xF0, 0xF4, 0x00, 0xB8, 0x3D, 0x00,
    0x3C, 0x0F, 0xC0, 0x3D, 0x01, 0xFE, 0xBE, 0x00, 0x1F, 0xFD, 0x00, 0x00, 0x00, 0x00, 0x00, 0x00,
    0x00, 0x00, 0x00, 0x02, 0xF4, 0x70, 0x00, 0x7F, 0xEF, 0x00, 0x0B, 0x1F, 0xD0, 0x00, 0x10, 0x50,
    0x00, 0x00, 0x00, 0x00, 0x00, 0x00, 0x00, 0x06, 0xF8, 0x0B, 0xE0, 0xBF, 0xC3, 0xFF, 0x00, 0x78,
    0xF4, 0xF4, 0x0B, 0xBC, 0x0F, 0x00, 0xFF, 0x01, 0xF0, 0x0F, 0xD0, 0x2E, 0x00, 0xF8, 0x03, 0xD0,
    0x1F, 0x00, 0x3C, 0x02, 0xE0, 0x07, 0xC0, 0x3D, 0x00, 0xB8, 0x43, 0xC0, 0x0F, 0x5D, 0x7C, 0x00,
    0xFF, 0x8B, 0x80, 0x0F, 0xE0, 0x00, 0x00, 0x00, 0x00, 0x00, 0x00, 0x00, 0x00, 0x1C, 0x00, 0x00,
    0x3E, 0x00, 0x00, 0x2F, 0x00, 0x00, 0x0B, 0xC0, 0x00, 0x01, 0xD0, 0x00, 0x00, 0x00, 0x00, 0x00,
    0x00, 0x00, 0x6F, 0xE0, 0x02, 0xFF, 0xF8, 0x0F, 0xC0, 0x7C, 0x2F, 0x00, 0x3D, 0x3D, 0x00, 0x3E,
    0x7C, 0x00, 0x3D, 0xB8, 0x00, 0x3D, 0xF4, 0x00, 0x3C, 0xF4, 0x00, 0xB8, 0xF8, 0x00, 0xF0, 0xBC,
    0x03, 0xE0, 0x7F, 0xAF, 0x80, 0x1F, 0xFD, 0x00, 0x00, 0x00, 0x00, 0x00, 0x00, 0x00, 0x00, 0x00,
    0x2D, 0x00, 0x00, 0x7D, 0x00, 0x00, 0xF4, 0x00, 0x03, 0xD0, 0x00, 0x03, 0x40, 0x00, 0x00, 0x00,
    0x00, 0x00, 0x00, 0x00, 0x6F, 0xE0, 0x02, 0xFF, 0xF8, 0x0F, 0xC0, 0x7C, 0x2F, 0x00, 0x3D, 0x3D,
    0x00, 0x3E, 0x7C, 0x00, 0x3D, 0xB8, 0x00, 0x3D, 0xF4, 0x00, 0x3C, 0xF4, 0x00, 0xB8, 0xF8, 0x00,
    0xF0, 0xBC, 0x03, 0xE0, 0x7F, 0xAF, 0x80, 0x1F, 0xFD, 0x00, 0x00, 0x00, 0x00, 0x00, 0x00, 0x00,
    0x00, 0x01, 0xF0, 0x00, 0x03, 0xF8, 0x00, 0x0F, 0x7C, 0x00, 0x3D, 0x2D, 0x00, 0xF4, 0x0E, 0x00,
    0x00, 0x00, 0x00, 0x00, 0x00, 0x00, 0x6F, 0xE0, 0x02, 0xFF, 0xF8, 0x0F, 0xC0, 0x7C, 0x2F, 0x00,
    0x3D, 0x3D, 0x00, 0x3E, 0x7C, 0x00, 0x3D, 0xB8, 0x00, 0x3D, 0xF4, 0x00, 0x3C, 0xF4, 0x00, 0xB8,
    0xF8, 0x00, 0xF0, 0xBC, 0x03, 0xE0, 0x7F, 0xAF, 0x80, 0x1F, 0xFD, 0x00, 0x00, 0x00, 0x00, 0x00,
    0x00, 0x00, 0x00, 0x0B, 0xE1, 0xC0, 0x07, 0xFE, 0xF0, 0x02, 0xC3, 0xF4, 0x00, 0x10, 0x10, 0x00,
    0x00, 0x00, 0x00, 0x00, 0x00, 0x00, 0x01, 0xBF, 0x80, 0x02, 0xFF, 0xF8, 0x03, 0xF0, 0x1F, 0x02,
    0xF0, 0x03, 0xD0, 0xF4, 0x00, 0xF8, 0x7C, 0x00, 0x3D, 0x2E, 0x00, 0x0F, 0x4F, 0x40, 0x03, 0xC3,
    0xD0, 0x02, 0xE0, 0xF8, 0x00, 0xF0, 0x2F, 0x00, 0xF8, 0x07, 0xFA, 0xF8, 0x00, 0x7F, 0xF4, 0x00,
    0x00, 0x00, 0x00, 0x00, 0x00, 0x14, 0x05, 0x00, 0x2F, 0x4B, 0xD0, 0x0B, 0xC2, 0xF0, 0x00, 0x40,
    0x10, 0x00, 0x00, 0x00, 0x00, 0x00, 0x00, 0x00, 0x06, 0xFE, 0x00, 0x0B, 0xFF, 0xE0, 0x0F, 0xC0,
    0x7C, 0x0B, 0xC0, 0x0F, 0x43, 0xD0, 0x03, 0xE1, 0xF0, 0x00, 0xF4, 0xB8, 0x00, 0x3D, 0x3D, 0x00,
    0x0F, 0x0F, 0x40, 0x0B, 0x83, 0xE0, 0x03, 0xC0, 0xBC, 0x03, 0xE0, 0x1F, 0xEB, 0xE0, 0x01, 0xFF,
    0xD0, 0x00, 0x00, 0x00, 0x00, 0x00, 0x00, 0x00, 0x01, 0xF0, 0x00, 0x0B, 0xD0, 0x00, 0x1E, 0x00,
    0x00, 0x00, 0x00, 0x55, 0x55, 0x57, 0xFF, 0xFF, 0xC5, 0x55, 0x55, 0x00, 0x00, 0x00, 0x00, 0xE0,
    0x00, 0x0B, 0xD0, 0x00, 0x2F, 0x00, 0x00, 0x00, 0x00, 0x00, 0x00, 0x00, 0x00, 0x00, 0x06, 0xFE,
    0x1C, 0x00, 0x2F, 0xFF, 0xF8, 0x00, 0xFC, 0x07, 0xE0, 0x02, 0xF0, 0x0B, 0xD0, 0x03, 0xD0, 0x3F,
    0xE0, 0x07, 0xC0, 0xF3, 0xE0, 0x0B, 0x87, 0xC3, 0xD0, 0x0F, 0x5E, 0x03, 0xC0, 0x0F, 0xF8, 0x0B,
    0x80, 0x0F, 0xD0, 0x0F, 0x00, 0x0F, 0xC0, 0x3E, 0x00, 0x3F, 0xFA, 0xF8, 0x00, 0xB1, 0xFF, 0xD0,
    0x00, 0x00, 0x00, 0x00, 0x00, 0x00, 0x00, 0x00, 0x00, 0x01, 0xC0, 0x00, 0x00, 0x3E, 0x00, 0x00,
    0x01, 0xF4, 0x00, 0x00, 0x07, 0xC0, 0x00, 0x00, 0x1D, 0x00, 0x00, 0x00, 0x00, 0x00, 0x00, 0x00,
    0x00, 0x2F, 0xC0, 0x07, 0x8B, 0xFC, 0x00, 0xF4, 0x03, 0xC0, 0x0F, 0x00, 0x7C, 0x01, 0xF0, 0x0B,
    0x80, 0x1E, 0x00, 0xF4, 0x03, 0xD0, 0x0F, 0x00, 0x3C, 0x02, 0xE0, 0x0B, 0xC0, 0x3D, 0x01, 0xF8,
    0x03, 0xD0, 0x3B, 0x80, 0x3D, 0x0F, 0x79, 0xD3, 0xFF, 0xC7, 0xFC, 0x1F, 0xE0, 0x3E, 0x00, 0x00,
    0x00, 0x00, 0x00, 0x00, 0x00, 0x00, 0x00, 0x01, 0xD0, 0x00, 0x00, 0x3D, 0x00, 0x00, 0x0F, 0x80,
    0x00, 0x02, 0xE0, 0x00, 0x00, 0x34, 0x00, 0x00, 0x00, 0x00, 0x00, 0x00, 0x00, 0x00, 0x2F, 0xC0,
    0x07, 0x8B, 0xFC, 0x00, 0xF4, 0x03, 0xC0, 0x0F, 0x00, 0x7C, 0x01, 0xF0, 0x0B, 0x80, 0x1E, 0x00,
    0xF4, 0x03, 0xD0, 0x0F, 0x00, 0x3C, 0x02, 0xE0, 0x0B, 0xC0, 0x3D, 0x01, 0xF8, 0x03, 0xD0, 0x3B,
    0x80, 0x3D, 0x0F, 0x79, 0xD3, 0xFF, 0xC7, 0xFC, 0x1F, 0xE0, 0x3E, 0x00, 0x00, 0x00, 0x00, 0x00,
    0x00, 0x00, 0x00, 0x00, 0x1F, 0x00, 0x00, 0x03, 0xFC, 0x00, 0x00, 0xF7, 0xD0, 0x00, 0x2D, 0x1E,
    0x00, 0x0B, 0x40, 0xE0, 0x00, 0x00, 0x00, 0x00, 0x00, 0x00, 0x00, 0x2F, 0xC0, 0x07, 0x8B, 0xFC,
    0x00, 0xF4, 0x03, 0xC0, 0x0F, 0x00, 0x7C, 0x01, 0xF0, 0x0B, 0x80, 0x1E, 0x00, 0xF4, 0x03, 0xD0,
    0x0F, 0x00, 0x3C, 0x02, 0xE0, 0x0B, 0xC0, 0x3D, 0x01, 0xF8, 0x03, 0xD0, 0x3B, 0x80, 0x3D, 0x0F,
    0x79, 0xD3, 0xFF, 0xC7, 0xFC, 0x1F, 0xE0, 0x3E, 0x00, 0x00, 0x00, 0x00, 0x00, 0x18, 0x06, 0x00,
    0x07, 0xD1, 0xF4, 0x00, 0xBC, 0x2F, 0x00, 0x01, 0x00, 0x40, 0x00, 0x00, 0x00, 0x00, 0x00, 0x00,
    0x00, 0x2F, 0xC0, 0x07, 0x8B, 0xFC, 0x00, 0xF4, 0x03, 0xC0, 0x0F, 0x00, 0x7C, 0x01, 0xF0, 0x0B,
    0x80, 0x1E, 0x00, 0xF4, 0x03, 0xD0, 0x0F, 0x00, 0x3C, 0x02, 0xE0, 0x0B, 0xC0, 0x3D, 0x01, 0xF8,
    0x03, 0xD0, 0x3B, 0x80, 0x3D, 0x0F, 0x79, 0xD3, 0xFF, 0xC7, 0xFC, 0x1F, 0xE0, 0x3E, 0x00, 0x00,
    0x00, 0x00, 0x00, 0x00, 0x00, 0x00, 0x00, 0x00, 0x00, 0xF0, 0x00, 0x00, 0x03, 0xE0, 0x00, 0x00,
    0x0B, 0xC0, 0x00, 0x00, 0x1F, 0x00, 0x00, 0x00, 0x28, 0x00, 0x00, 0x00, 0x00, 0x00, 0x00, 0x00,
    0x00, 0x00, 0x00, 0x7E, 0x00, 0x7C, 0x01, 0xFF, 0x00, 0x3E, 0x00, 0x0F, 0x80, 0x2E, 0x00, 0x0B,
    0xC0, 0x2D, 0x00, 0x03, 0xC0, 0x3C, 0x00, 0x03, 0xD0, 0x3C, 0x00, 0x02, 0xD0, 0x74, 0x00, 0x02,
    0xE0, 0xF0, 0x00, 0x01, 0xE1, 0xD0, 0x00, 0x01, 0xE3, 0xC0, 0x00, 0x00, 0xEB, 0x00, 0x00, 0x01,
    0xED, 0x00, 0x00, 0x01, 0xF8, 0x00, 0x00, 0x02, 0xF0, 0x00, 0x00, 0x03, 0xC0, 0x00, 0x00, 0x1F,
    0x00, 0x00, 0x25, 0xBC, 0x00, 0x00, 0x3F, 0xE0, 0x00, 0x00, 0x2E, 0x40, 0x00, 0x00, 0x00, 0x01,
    0x00, 0x00, 0x02, 0xFF, 0x00, 0x00, 0x06, 0xBC, 0x00, 0x00, 0x01, 0xF0, 0x00, 0x00, 0x0B, 0x80,
    0x00, 0x00, 0x3D, 0x00, 0x00, 0x00, 0xF0, 0x00, 0x00, 0x07, 0x82, 0xF8, 0x00, 0x2D, 0x3F, 0xF4,
    0x00, 0xF7, 0xC3, 0xE0, 0x03, 0xEC, 0x0B, 0xC0, 0x0F, 0xC0, 0x2E, 0x00, 0x7D, 0x00, 0xB8, 0x02,
    0xF0, 0x03, 0xD0, 0x0F, 0x40, 0x0F, 0x00, 0x3C, 0x00, 0xB8, 0x01, 0xF0, 0x03, 0xC0, 0x0B, 0x80,
    0x3E, 0x00, 0x3F, 0xEB, 0xE0, 0x00, 0xFB, 0xFD, 0x00, 0x07, 0xC0, 0x00, 0x00, 0x1E, 0x00, 0x00,
    0x00, 0xB4, 0x00, 0x00, 0x03, 0xC0, 0x00, 0x00, 0x7F, 0xF8, 0x00, 0x02, 0xAA, 0xA0, 0x00, 0x00,
    0x00, 0x00, 0x80, 0x20, 0x00, 0x03, 0xE0, 0xF8, 0x00, 0x07, 0xD1, 0xF4, 0x00, 0x01, 0x00, 0x40,
    0x00, 0x00, 0x00, 0x00, 0x00, 0x00, 0x00, 0x00, 0x00, 0x7E, 0x00, 0x7C, 0x01, 0xFF, 0x00, 0x3E,
    0x00, 0x0F, 0x80, 0x2E, 0x00, 0x0B, 0xC0, 0x2D, 0x00, 0x03, 0xC0, 0x3C, 0x00, 0x03, 0xD0, 0x3C,
    0x00, 0x02, 0xD0, 0x74, 0x00, 0x02, 0xE0, 0xF0, 0x00, 0x01, 0xE1, 0xD0, 0x00, 0x01, 0xE3, 0xC0,
    0x00, 0x00, 0xEB, 0x00, 0x00, 0x01, 0xED, 0x00, 0x00, 0x01, 0xF8, 0x00, 0x00, 0x02, 0xF0, 0x00,
    0x00, 0x03, 0xC0, 0x00, 0x00, 0x1F, 0x00, 0x00, 0x25, 0xBC, 0x00, 0x00, 0x3F, 0xE0, 0x00, 0x00,
    0x2E, 0x40, 0x00, 0x00, 0x00, 0x00, 0x00, 0x00, 0x00, 0x00, 0x00, 0x7F, 0xFF, 0x00, 0x00, 0x01,
    0xFF, 0xF8, 0x00, 0x00, 0x00, 0x00, 0x00, 0x00, 0x00, 0x00, 0x00, 0x00, 0x00, 0x00, 0x01, 0x80,
    0x00, 0x00, 0x00, 0x2F, 0x00, 0x00, 0x00, 0x00, 0xFD, 0x00, 0x00, 0x00, 0x0F, 0xF8, 0x00, 0x00,
    0x00, 0x76, 0xE0, 0x00, 0x00, 0x03, 0xC7, 0xC0, 0x00, 0x00, 0x1D, 0x0F, 0x00, 0x00, 0x00, 0xF0,
    0x3D, 0x00, 0x00, 0x0B, 0x40, 0xF4, 0x00, 0x00, 0x3C, 0x02, 0xE0, 0x00, 0x03, 0xE5, 0x5B, 0xC0,
    0x00, 0x1F, 0xFF, 0xFF, 0x00, 0x00, 0xF5, 0x55, 0xBD, 0x00, 0x0B, 0x80, 0x00, 0xF4, 0x00, 0x3C,
    0x00, 0x03, 0xE0, 0x02, 0xE0, 0x00, 0x0F, 0xC0, 0x2F, 0x90, 0x00, 0x7F, 0x93, 0xFF, 0xC0, 0x0F,
    0xFF, 0xC0, 0x00, 0x2A, 0xAA, 0x00, 0x1F, 0xFF, 0xC0, 0x00, 0x00, 0x00, 0x00, 0x00, 0x00, 0x00,
    0x00, 0x00, 0x00, 0x1B, 0xE1, 0xD0, 0x2F, 0xFF, 0xF0, 0x1F, 0x42, 0xF8, 0x0F, 0x00, 0x3D, 0x0F,
    0x80, 0x0F, 0x03, 0xC0, 0x07, 0xC1, 0xE0, 0x02, 0xE0, 0xB4, 0x01, 0xF4, 0x3D, 0x00, 0xFC, 0x0F,
    0x40, 0xBF, 0x07, 0xF0, 0xB3, 0xCF, 0xBF, 0xF4, 0xFF, 0x0F, 0xF0, 0x3F, 0x00, 0x00, 0x00, 0x00,
    0x00, 0x00, 0x04, 0x00, 0x00, 0x00, 0x00, 0x78, 0x07, 0x00, 0x00, 0x01, 0xF9, 0xB8, 0x00, 0x00,
    0x02, 0xFF, 0x80, 0x00, 0x00, 0x01, 0x50, 0x00, 0x00, 0x00, 0x00, 0x00, 0x00, 0x00, 0x00, 0x06,
    0x00, 0x00, 0x00, 0x00, 0xBC, 0x00, 0x00, 0x00, 0x03, 0xF4, 0x00, 0x00, 0x00, 0x3F, 0xE0, 0x00,
    0x00, 0x01, 0xDB, 0x80, 0x00, 0x00, 0x0F, 0x1F, 0x00, 0x00, 0x00, 0x74, 0x3C, 0x00, 0x00, 0x03,
    0xC0, 0xF4, 0x00, 0x00, 0x2D, 0x03, 0xD0, 0x00, 0x00, 0xF0, 0x0B, 0x80, 0x00, 0x0F, 0x95, 0x6F,
    0x00, 0x00, 0x7F, 0xFF, 0xFC, 0x00, 0x03, 0xD5, 0x56, 0xF4, 0x00, 0x2E, 0x00, 0x03, 0xD0, 0x00,
    0xF0, 0x00, 0x0F, 0x80, 0x0B, 0x80, 0x00, 0x3F, 0x00, 0xBE, 0x40, 0x01, 0xFE, 0x4F, 0xFF, 0x00,
    0x3F, 0xFF, 0x00, 0x00, 0x00, 0x00, 0x0D, 0x00, 0x80, 0x07, 0xD1, 0xF0, 0x00, 0xFF, 0xF0, 0x00,
    0x0B, 0xE0, 0x00, 0x00, 0x00, 0x00, 0x00, 0x00, 0x00, 0x01, 0xBE, 0x1D, 0x02, 0xFF, 0xFF, 0x01,
    0xF4, 0x2F, 0x80, 0xF0, 0x03, 0xD0, 0xF8, 0x00, 0xF0, 0x3C, 0x00, 0x7C, 0x1E, 0x00, 0x2E, 0x0B,
    0x40, 0x1F, 0x43, 0xD0, 0x0F, 0xC0, 0xF4, 0x0B, 0xF0, 0x7F, 0x0B, 0x3C, 0xFB, 0xFF, 0x4F, 0xF0,
    0xFF, 0x03, 0xF0, 0x00, 0x00, 0x00, 0x00, 0x00, 0x00, 0x00, 0x60, 0x00, 0x00, 0x00, 0x0B, 0xC0,
    0x00, 0x00, 0x00, 0x3F, 0x40, 0x00, 0x00, 0x03, 0xFE, 0x00, 0x00, 0x00, 0x1D, 0xB8, 0x00, 0x00,
    0x00, 0xF1, 0xF0, 0x00, 0x00, 0x07, 0x43, 0xC0, 0x00, 0x00, 0x3C, 0x0F, 0x40, 0x00, 0x02, 0xD0,
    0x3D, 0x00, 0x00, 0x0F, 0x00, 0xB8, 0x00, 0x00, 0xF9, 0x56, 0xF0, 0x00, 0x07, 0xFF, 0xFF, 0xC0,
    0x00, 0x3D, 0x55, 0x6F, 0x40, 0x02, 0xE0, 0x00, 0x3D, 0x00, 0x0F, 0x00, 0x00, 0xF8, 0x00, 0xB8,
    0x00, 0x03, 0xF0, 0x0B, 0xE4, 0x00, 0x1F, 0xE4, 0xFF, 0xF0, 0x03, 0xFF, 0xF0, 0x00, 0x00, 0x00,
    0x78, 0x00, 0x00, 0x00, 0x07, 0x80, 0x00, 0x00, 0x00, 0x2D, 0x00, 0x00, 0x00, 0x00, 0xBE, 0x40,
    0x00, 0x00, 0x01, 0xFE, 0x00, 0x00, 0x00, 0x00, 0x00, 0x00, 0x00, 0x00, 0x00, 0x1B, 0xE1, 0xD0,
    0x2F, 0xFF, 0xF0, 0x1F, 0x42, 0xF8, 0x0F, 0x00, 0x3D, 0x0F, 0x80, 0x0F, 0x03, 0xC0, 0x07, 0xC1,
    0xE0, 0x02, 0xE0, 0xB4, 0x01, 0xF4, 0x3D, 0x00, 0xFC, 0x0F, 0x40, 0xBF, 0x07, 0xF0, 0xB3, 0xCF,
    0xBF, 0xF4, 0xFF, 0x0F, 0xF0, 0x3F, 0x00, 0x00, 0x07, 0x00, 0x00, 0x03, 0x40, 0x00, 0x02, 0xC0,
    0x00, 0x00, 0xB9, 0x40, 0x00, 0x1F, 0xE0, 0x00, 0x00, 0x00, 0x00, 0x00, 0x00, 0x20, 0x00, 0x00,
    0x0B, 0xC0, 0x00, 0x01, 0xFF, 0x00, 0x00, 0x2F, 0xD0, 0x00, 0x00, 0x90, 0x00, 0x00, 0x00, 0x00,
    0x00, 0x00, 0x16, 0x94, 0x00, 0x0B, 0xFF, 0xFD, 0x00, 0xFE, 0x5B, 0xF8, 0x0F, 0xC0, 0x02, 0xD0,
    0xFC, 0x00, 0x0B, 0x07, 0xC0, 0x00, 0x28, 0x3E, 0x00, 0x00, 0x01, 0xF0, 0x00, 0x00, 0x0B, 0xC0,
    0x00, 0x00, 0x3E, 0x00, 0x00, 0x00, 0xF8, 0x00, 0x00, 0x03, 0xE0, 0x00, 0x00, 0x0F, 0xC0, 0x00,
    0x00, 0x2F, 0x00, 0x00, 0x00, 0x7E, 0x00, 0x00, 0xC0, 0xFF, 0x40, 0x6F, 0x00, 0xFF, 0xFF, 0xF0,
    0x00, 0xBF, 0xFD, 0x00, 0x00, 0x00, 0x00, 0x00, 0x00, 0x00, 0x00, 0x00, 0x02, 0xD0, 0x00, 0x1F,
    0x40, 0x00, 0xF4, 0x00, 0x0F, 0x40, 0x00, 0x34, 0x00, 0x00, 0x00, 0x00, 0x00, 0x00, 0x00, 0x7F,
    0xC0, 0x0B, 0xFF, 0x40, 0xB8, 0x18, 0x07, 0x80, 0x00, 0x3C, 0x00, 0x01, 0xF0, 0x00, 0x0B, 0x80,
    0x00, 0x3D, 0x00, 0x00, 0xF4, 0x00, 0x03, 0xE0, 0x01, 0x0B, 0xC0, 0x78, 0x1F, 0xFF, 0xC0, 0x2F,
    0xF4, 0x00, 0x00, 0x00, 0x00, 0x00, 0x00, 0x0A, 0x00, 0x00, 0x00, 0xFE, 0x00, 0x00, 0x0F, 0xBE,
    0x00, 0x00, 0xF8, 0x3C, 0x00, 0x0B, 0x40, 0x30, 0x00, 0x00, 0x00, 0x00, 0x00, 0x16, 0x94, 0x00,
    0x0B, 0xFF, 0xFD, 0x00, 0xFE, 0x5B, 0xF8, 0x0F, 0xC0, 0x02, 0xD0, 0xFC, 0x00, 0x0B, 0x07, 0xC0,
    0x00, 0x28, 0x3E, 0x00, 0x00, 0x01, 0xF0, 0x00, 0x00, 0x0B, 0xC0, 0x00, 0x00, 0x3E, 0x00, 0x00,
    0x00, 0xF8, 0x00, 0x00, 0x03, 0xE0, 0x00, 0x00, 0x0F, 0xC0, 0x00, 0x00, 0x2F, 0x00, 0x00, 0x00,
    0x7E, 0x00, 0x00, 0xC0, 0xFF, 0x40, 0x6F, 0x00, 0xFF, 0xFF, 0xF0, 0x00, 0xBF, 0xFD, 0x00, 0x00,
    0x00, 0x00, 0x00, 0x00, 0x00, 0x00, 0x00, 0x1F, 0x00, 0x01, 0xFE, 0x00, 0x0F, 0x7C, 0x00, 0xF0,
    0xB4, 0x0F, 0x40, 0xE0, 0x00, 0x00, 0x00, 0x00, 0x00, 0x00, 0x7F, 0xC0, 0x0B, 0xFF, 0x40, 0xB8,
    0x18, 0x07, 0x80, 0x00, 0x3C, 0x00, 0x01, 0xF0, 0x00, 0x0B, 0x80, 0x00, 0x3D, 0x00, 0x00, 0xF4,
    0x00, 0x03, 0xE0, 0x01, 0x0B, 0xC0, 0x78, 0x1F, 0xFF, 0xC0, 0x2F, 0xF4, 0x00, 0x00, 0x00, 0x00,
    0x00, 0x00, 0x00, 0x00, 0x00, 0x00, 0xBC, 0x00, 0x00, 0x03, 0xF0, 0x00, 0x00, 0x0F, 0x40, 0x00,
    0x00, 0x00, 0x00, 0x00, 0x00, 0x00, 0x00, 0x00, 0x16, 0x94, 0x00, 0x0B, 0xFF, 0xFD, 0x00, 0xFE,
    0x5B, 0xF8, 0x0F, 0xC0, 0x02, 0xD0, 0xFC, 0x00, 0x0B, 0x07, 0xC0, 0x00, 0x28, 0x3E, 0x00, 0x00,
    0x01, 0xF0, 0x00, 0x00, 0x0B, 0xC0, 0x00, 0x00, 0x3E, 0x00, 0x00, 0x00, 0xF8, 0x00, 0x00, 0x03,
    0xE0, 0x00, 0x00, 0x0F, 0xC0, 0x00, 0x00, 0x2F, 0x00, 0x00, 0x00, 0x7E, 0x00, 0x00, 0xC0, 0xFF,
    0x40, 0x6F, 0x00, 0xFF, 0xFF, 0xF0, 0x00, 0xBF, 0xFD, 0x00, 0x00, 0x00, 0x00, 0x00, 0x00, 0x07,
    0x40, 0x00, 0xFC, 0x00, 0x1F, 0x80, 0x00, 0x50, 0x00, 0x00, 0x00, 0x00, 0x00, 0x00, 0x7F, 0xC0,
    0x2F, 0xFD, 0x0B, 0x81, 0x81, 0xE0, 0x00, 0x3C, 0x00, 0x07, 0xC0, 0x00, 0xB8, 0x00, 0x0F, 0x40,
    0x00, 0xF4, 0x00, 0x0F, 0x80, 0x04, 0xBC, 0x07, 0x87, 0xFF, 0xF0, 0x2F, 0xF4, 0x00, 0x00, 0x00,
    0x00, 0x00, 0x00, 0x00, 0x00, 0x07, 0x00, 0x3C, 0x00, 0x07, 0xC1, 0xF0, 0x00, 0x03, 0xF7, 0xC0,
    0x00, 0x00, 0xFF, 0x00, 0x00, 0x00, 0x7C, 0x00, 0x00, 0x00, 0x00, 0x00, 0x00, 0x01, 0x69, 0x40,
    0x00, 0x2F, 0xFF, 0xF4, 0x00, 0xFE, 0x5B, 0xF8, 0x03, 0xF0, 0x00, 0xB4, 0x0F, 0xC0, 0x00, 0xB0,
    0x1F, 0x00, 0x00, 0xA0, 0x3E, 0x00, 0x00, 0x00, 0x7C, 0x00, 0x00, 0x00, 0xBC, 0x00, 0x00, 0x00,
    0xF8, 0x00, 0x00, 0x00, 0xF8, 0x00, 0x00, 0x00, 0xF8, 0x00, 0x00, 0x00, 0xFC, 0x00, 0x00, 0x00,
    0xBC, 0x00, 0x00, 0x00, 0x7E, 0x00, 0x00, 0xC0, 0x3F, 0xD0, 0x1B, 0xC0, 0x0F, 0xFF, 0xFF, 0x00,
    0x02, 0xFF, 0xF4, 0x00, 0x00, 0x00, 0x00, 0x00, 0x00, 0x00, 0x00, 0x00, 0xE0, 0x2D, 0x00, 0xF0,
    0xB4, 0x00, 0xBA, 0xE0, 0x00, 0x3F, 0x80, 0x00, 0x1F, 0x00, 0x00, 0x00, 0x00, 0x00, 0x00, 0x00,
    0x00, 0x7F, 0xC0, 0x02, 0xFF, 0xD0, 0x0B, 0x81, 0x80, 0x1E, 0x00, 0x00, 0x3C, 0x00, 0x00, 0x7C,
    0x00, 0x00, 0xB8, 0x00, 0x00, 0xF4, 0x00, 0x00, 0xF4, 0x00, 0x00, 0xF8, 0x00, 0x40, 0xBC, 0x07,
    0x80, 0x7F, 0xFF, 0x00, 0x2F, 0xF4, 0x00, 0x00, 0x00, 0x00, 0x00, 0x00, 0x00, 0x00, 0x00, 0x00,
    0x02, 0xC0, 0x2E, 0x00, 0x00, 0x0F, 0x82, 0xE0, 0x00, 0x00, 0x1F, 0x6E, 0x00, 0x00, 0x00, 0x2F,
    0xE0, 0x00, 0x00, 0x00, 0x2E, 0x00, 0x00, 0x00, 0x00, 0x00, 0x00, 0x00, 0x01, 0x6A, 0x50, 0x00,
    0x00, 0xFF, 0xFF, 0xF8, 0x00, 0x06, 0x7D, 0x17, 0xFD, 0x00, 0x01, 0xF0, 0x01, 0xFC, 0x00, 0x0B,
    0xC0, 0x01, 0xF8, 0x00, 0x2E, 0x00, 0x03, 0xF0, 0x00, 0xF4, 0x00, 0x0B, 0xC0, 0x03, 0xC0, 0x00,
    0x1F, 0x00, 0x1F, 0x00, 0x00, 0xBC, 0x00, 0xBC, 0x00, 0x02, 0xF0, 0x03, 0xE0, 0x00, 0x0F, 0x80,
    0x0F, 0x40, 0x00, 0x3D, 0x00, 0x3C, 0x00, 0x02, 0xF0, 0x01, 0xF0, 0x00, 0x1F, 0x40, 0x0B, 0xC0,
    0x00, 0xF8, 0x00, 0x3E, 0x00, 0x2F, 0x80, 0x06, 0xFE, 0xAF, 0xF4, 0x00, 0x7F, 0xFF, 0xF9, 0x00,
    0x00, 0x00, 0x00, 0x00, 0x00, 0x00, 0x00, 0x00, 0x00, 0x00, 0x40, 0x00, 0x00, 0x00, 0x2D, 0x00,
    0x00, 0x01, 0x42, 0xD0, 0x00, 0x07, 0xFC, 0x3C, 0x00, 0x00, 0x6B, 0xC3, 0x80, 0x00, 0x00, 0x7C,
    0x70, 0x00, 0x00, 0x0B, 0x81, 0x00, 0x00, 0x00, 0xF4, 0x00, 0x00, 0x00, 0x0F, 0x00, 0x00, 0x02,
    0xF9, 0xF0, 0x00, 0x01, 0xFF, 0xFE, 0x00, 0x00, 0x7D, 0x0B, 0xD0, 0x00, 0x0F, 0x00, 0x3C, 0x00,
    0x02, 0xE0, 0x03, 0xC0, 0x00, 0x3C, 0x00, 0x78, 0x00, 0x07, 0x80, 0x0B, 0x80, 0x00, 0xB4, 0x01,
    0xF4, 0x00, 0x0F, 0x40, 0x3F, 0x00, 0x00, 0xF4, 0x0B, 0xF0, 0x40, 0x0F, 0xC2, 0xCF, 0x3C, 0x00,
    0xBF, 0xF4, 0xFF, 0x00, 0x03, 0xFC, 0x0F, 0xC0, 0x00, 0x00, 0x00, 0x00, 0x00, 0x00, 0x00, 0x05,
    0xA9, 0x40, 0x00, 0x03, 0xFF, 0xFF, 0xE0, 0x00, 0x19, 0xF4, 0x5F, 0xF4, 0x00, 0x07, 0xC0, 0x07,
    0xF0, 0x00, 0x2F, 0x00, 0x07, 0xE0, 0x00, 0xB8, 0x00, 0x0F, 0xC0, 0x03, 0xD0, 0x00, 0x2F, 0x00,
    0x0F, 0x00, 0x00, 0x7C, 0x05, 0xBD, 0x54, 0x02, 0xF0, 0x3F, 0xFF, 0xF0, 0x0B, 0xC0, 0x0F, 0x80,
    0x00, 0x3E, 0x00, 0x3D, 0x00, 0x00, 0xF4, 0x00, 0xF0, 0x00, 0x0B, 0xC0, 0x07, 0xC0, 0x00, 0x7D,
    0x00, 0x2F, 0x00, 0x03, 0xE0, 0x00, 0xF8, 0x00, 0xBE, 0x00, 0x1B, 0xFA, 0xBF, 0xD0, 0x01, 0xFF,
    0xFF, 0xE4, 0x00, 0x00, 0x00, 0x00, 0x00, 0x00, 0x00, 0x00, 0x00, 0x01, 0x40, 0x00, 0x01, 0xFF,
    0x00, 0x00, 0x06, 0xBC, 0x00, 0x00, 0x01, 0xF0, 0x00, 0x02, 0xAF, 0xE4, 0x00, 0x0A, 0xBF, 0x80,
    0x00, 0x00, 0xF0, 0x00, 0x06, 0x93, 0xC0, 0x00, 0xFF, 0xFE, 0x00, 0x0F, 0x87, 0xF4, 0x00, 0xF4,
    0x03, 0xC0, 0x0B, 0x80, 0x0F, 0x00, 0x3C, 0x00, 0x78, 0x01, 0xE0, 0x02, 0xE0, 0x0B, 0x40, 0x1F,
    0x40, 0x3D, 0x00, 0xFC, 0x00, 0xF4, 0x0B, 0xF0, 0x43, 0xF0, 0xB3, 0xCF, 0x0B, 0xFF, 0x4F, 0xF0,
    0x0F, 0xF0, 0x3F, 0x00, 0x00, 0x00, 0x00, 0x00, 0x00, 0x00, 0x00, 0x00, 0x00, 0x00, 0x3F, 0xFF,
    0x00, 0x00, 0x0F, 0xFF, 0xC0, 0x00, 0x00, 0x00, 0x00, 0x00, 0x00, 0x00, 0x00, 0x00, 0x15, 0x55,
    0x55, 0x40, 0x0F, 0xFF, 0xFF, 0xF0, 0x00, 0x7E, 0xAA, 0xBC, 0x00, 0x1F, 0x00, 0x0E, 0x00, 0x0B,
    0xC0, 0x03, 0x00, 0x02, 0xE0, 0x00, 0x00, 0x00, 0xF4, 0x00, 0x00, 0x00, 0x3C, 0x00, 0x00, 0x00,
    0x1F, 0xAA, 0xA0, 0x00, 0x0B, 0xFF, 0xF8, 0x00, 0x03, 0xE0, 0x00, 0x00, 0x00, 0xF4, 0x00, 0x00,
    0x00, 0x3C, 0x00, 0x00, 0x00, 0x1F, 0x00, 0x07, 0x00, 0x0B, 0xC0, 0x03, 0xC0, 0x03, 0xE0, 0x01,
    0xE0, 0x06, 0xFF, 0xFF, 0xF4, 0x07, 0xFF, 0xFF, 0xFC, 0x00, 0x00, 0xAA, 0xA8, 0x01, 0xFF, 0xFC,
    0x00, 0x00, 0x00, 0x00, 0x00, 0x00, 0x00, 0x00, 0x00, 0x00, 0x6F, 0xC0, 0x02, 0xEB, 0xF0, 0x0B,
    0x41, 0xF0, 0x1E, 0x01, 0xF0, 0x3C, 0x03, 0xD0, 0x78, 0x2F, 0x40, 0xBA, 0xFC, 0x00, 0xFF, 0x90,
    0x00, 0xF4, 0x00, 0x00, 0xF4, 0x00, 0x40, 0xFC, 0x07, 0xC0, 0x7F, 0xFF, 0x40, 0x2F, 0xF8, 0x00,
    0x00, 0x00, 0x00, 0x00, 0x00, 0x10, 0x00, 0x00, 0x00, 0x3C, 0x02, 0x40, 0x00, 0x0F, 0xDB, 0xC0,
    0x00, 0x01, 0xFF, 0xC0, 0x00, 0x00, 0x05, 0x40, 0x00, 0x00, 0x00, 0x00, 0x00, 0x05, 0x55, 0x55,
    0x50, 0x03, 0xFF, 0xFF, 0xFC, 0x00, 0x1F, 0xAA, 0xAF, 0x00, 0x07, 0xC0, 0x03, 0x80, 0x02, 0xF0,
    0x00, 0xC0, 0x00, 0xB8, 0x00, 0x00, 0x00, 0x3D, 0x00, 0x00, 0x00, 0x0F, 0x00, 0x00, 0x00, 0x07,
    0xEA, 0xA8, 0x00, 0x02, 0xFF, 0xFE, 0x00, 0x00, 0xF8, 0x00, 0x00, 0x00, 0x3D, 0x00, 0x00, 0x00,
    0x0F, 0x00, 0x00, 0x00, 0x07, 0xC0, 0x01, 0xC0, 0x02, 0xF0, 0x00, 0xF0, 0x00, 0xF8, 0x00, 0x78,
    0x01, 0xBF, 0xFF, 0xFD, 0x01, 0xFF, 0xFF, 0xFF, 0x00, 0x00, 0x00, 0x00, 0x00, 0xD0, 0x08, 0x01,
    0xF4, 0x7C, 0x00, 0xFF, 0xF0, 0x00, 0x2F, 0x80, 0x00, 0x00, 0x00, 0x00, 0x00, 0x00, 0x00, 0x6F,
    0xC0, 0x02, 0xEB, 0xF0, 0x0B, 0x41, 0xF0, 0x1E, 0x01, 0xF0, 0x3C, 0x03, 0xD0, 0x78, 0x2F, 0x40,
    0xBA, 0xFC, 0x00, 0xFF, 0x90, 0x00, 0xF4, 0x00, 0x00, 0xF4, 0x00, 0x40, 0xFC, 0x07, 0xC0, 0x7F,
    0xFF, 0x40, 0x2F, 0xF8, 0x00, 0x00, 0x00, 0x00, 0x00, 0x00, 0x00, 0x00, 0x00, 0x00, 0x02, 0xF0,
    0x00, 0x00, 0x00, 0xFC, 0x00, 0x00, 0x00, 0x3D, 0x00, 0x00, 0x00, 0x00, 0x00, 0x00, 0x00, 0x00,
    0x00, 0x00, 0x05, 0x55, 0x55, 0x50, 0x03, 0xFF, 0xFF, 0xFC, 0x00, 0x1F, 0xAA, 0xAF, 0x00, 0x07,
    0xC0, 0x03, 0x80, 0x02, 0xF0, 0x00, 0xC0, 0x00, 0xB8, 0x00, 0x00, 0x00, 0x3D, 0x00, 0x00, 0x00,
    0x0F, 0x00, 0x00, 0x00, 0x07, 0xEA, 0xA8, 0x00, 0x02, 0xFF, 0xFE, 0x00, 0x00, 0xF8, 0x00, 0x00,
    0x00, 0x3D, 0x00, 0x00, 0x00, 0x0F, 0x00, 0x00, 0x00, 0x07, 0xC0, 0x01, 0xC0, 0x02, 0xF0, 0x00,
    0xF0, 0x00, 0xF8, 0x00, 0x78, 0x01, 0xBF, 0xFF, 0xFD, 0x01, 0xFF, 0xFF, 0xFF, 0x00, 0x00, 0x07,
    0x40, 0x00, 0x3F, 0x00, 0x01, 0xF8, 0x00, 0x01, 0x40, 0x00, 0x00, 0x00, 0x00, 0x00, 0x00, 0x06,
    0xFC, 0x00, 0xBA, 0xFC, 0x0B, 0x41, 0xF0, 0x78, 0x07, 0xC3, 0xC0, 0x3D, 0x1E, 0x0B, 0xD0, 0xBA,
    0xFC, 0x03, 0xFE, 0x40, 0x0F, 0x40, 0x00, 0x3D, 0x00, 0x10, 0xFC, 0x07, 0xC1, 0xFF, 0xFD, 0x02,
    0xFF, 0x80, 0x00, 0x00, 0x00, 0x00, 0x55, 0x55, 0x55, 0x00, 0x3F, 0xFF, 0xFF, 0xC0, 0x01, 0xFA,
    0xAA, 0xF0, 0x00, 0x7C, 0x00, 0x38, 0x00, 0x2F, 0x00, 0x0C, 0x00, 0x0B, 0x80, 0x00, 0x00, 0x03,
    0xD0, 0x00, 0x00, 0x00, 0xF0, 0x00, 0x00, 0x00, 0x7E, 0xAA, 0x80, 0x00, 0x2F, 0xFF, 0xE0, 0x00,
    0x0F, 0x80, 0x00, 0x00, 0x03, 0xD0, 0x00, 0x00, 0x00, 0xF0, 0x00, 0x00, 0x00, 0x7C, 0x00, 0x1C,
    0x00, 0x2F, 0x00, 0x0F, 0x00, 0x0F, 0x80, 0x07, 0x80, 0x1B, 0xFF, 0xFF, 0xD0, 0x1F, 0xFF, 0xFF,
    0xF0, 0x00, 0x00, 0x00, 0xE0, 0x00, 0x00, 0x00, 0xE0, 0x00, 0x00, 0x00, 0xB4, 0x00, 0x00, 0x00,
    0x2F, 0x90, 0x00, 0x00, 0x03, 0xFC, 0x00, 0x00, 0x00, 0x00, 0x00, 0x00, 0x00, 0x00, 0x01, 0xBF,
    0x00, 0x2E, 0xBF, 0x02, 0xD0, 0x7C, 0x1E, 0x01, 0xF0, 0xF0, 0x0F, 0x47, 0x82, 0xF4, 0x2E, 0xBF,
    0x00, 0xFF, 0x90, 0x03, 0xD0, 0x00, 0x0F, 0x40, 0x04, 0x3F, 0x01, 0xF0, 0x7F, 0xFF, 0x40, 0xBF,
    0xF0, 0x00, 0x0B, 0x00, 0x00, 0x74, 0x00, 0x03, 0xC0, 0x00, 0x0F, 0x90, 0x00, 0x2F, 0xD0, 0x00,
    0x00, 0x00, 0x00, 0x00, 0x00, 0x00, 0x00, 0x00, 0x74, 0x03, 0xC0, 0x00, 0x1F, 0x07, 0xD0, 0x00,
    0x03, 0xF7, 0xC0, 0x00, 0x00, 0x3F, 0xC0, 0x00, 0x00, 0x03, 0xC0, 0x00, 0x00, 0x00, 0x00, 0x00,
    0x01, 0x55, 0x55, 0x54, 0x00, 0xFF, 0xFF, 0xFF, 0x00, 0x07, 0xEA, 0xAB, 0xC0, 0x01, 0xF0, 0x00,
    0xE0, 0x00, 0xBC, 0x00, 0x30, 0x00, 0x2E, 0x00, 0x00, 0x00, 0x0F, 0x40, 0x00, 0x00, 0x03, 0xC0,
    0x00, 0x00, 0x01, 0xFA, 0xAA, 0x00, 0x00, 0xBF, 0xFF, 0x80, 0x00, 0x3E, 0x00, 0x00, 0x00, 0x0F,
    0x40, 0x00, 0x00, 0x03, 0xC0, 0x00, 0x00, 0x01, 0xF0, 0x00, 0x70, 0x00, 0xBC, 0x00, 0x3C, 0x00,
    0x3E, 0x00, 0x1E, 0x00, 0x6F, 0xFF, 0xFF, 0x40, 0x7F, 0xFF, 0xFF, 0xC0, 0x00, 0x00, 0x00, 0x00,
    0x00, 0xE0, 0x2D, 0x00, 0xF0, 0xB4, 0x00, 0xBA, 0xE0, 0x00, 0x3F, 0x80, 0x00, 0x1F, 0x00, 0x00,
    0x00, 0x00, 0x00, 0x00, 0x00, 0x00, 0x6F, 0xC0, 0x02, 0xEB, 0xF0, 0x0B, 0x41, 0xF0, 0x1E, 0x01,
    0xF0, 0x3C, 0x03, 0xD0, 0x78, 0x2F, 0x40, 0xBA, 0xFC, 0x00, 0xFF, 0x90, 0x00, 0xF4, 0x00, 0x00,
    0xF4, 0x00, 0x40, 0xFC, 0x07, 0xC0, 0x7F, 0xFF, 0x40, 0x2F, 0xF8, 0x00, 0x00, 0x00, 0x00, 0x00,
    0x00, 0x06, 0x00, 0x00, 0x00, 0x0B, 0xF0, 0x00, 0x00, 0x0B, 0xFF, 0x00, 0x00, 0x0B, 0xC3, 0xD0,
    0x00, 0x07, 0x80, 0x34, 0x00, 0x00, 0x00, 0x00, 0x00, 0x00, 0x06, 0xA4, 0x00, 0x00, 0x2F, 0xFF,
    0xF8, 0x00, 0x7F, 0x96, 0xFE, 0x00, 0x7E, 0x00, 0x0B, 0x80, 0x7D, 0x00, 0x02, 0xD0, 0x3E, 0x00,
    0x00, 0xA0, 0x1F, 0x00, 0x00, 0x00, 0x0B, 0x80, 0x00, 0x00, 0x03, 0xD0, 0x00, 0x00, 0x00, 0xF4,
    0x00, 0x00, 0x00, 0x7C, 0x00, 0x1F, 0xFF, 0x1F, 0x00, 0x01, 0x7F, 0x03, 0xD0, 0x00, 0x0B, 0x80,
    0xF8, 0x00, 0x03, 0xE0, 0x2F, 0x40, 0x00, 0xF4, 0x03, 0xF8, 0x00, 0x7C, 0x00, 0x7F, 0xFF, 0xFF,
    0x00, 0x02, 0xFF, 0xF9, 0x00, 0x00, 0x00, 0x00, 0x00, 0x00, 0x00, 0x00, 0x00, 0x00, 0x00, 0x00,
    0x00, 0xBC, 0x00, 0x00, 0x00, 0x7F, 0x40, 0x00, 0x00, 0x3D, 0xF0, 0x00, 0x00, 0x3C, 0x3D, 0x00,
    0x00, 0x3C, 0x03, 0x40, 0x00, 0x00, 0x00, 0x00, 0x00, 0x00, 0x00, 0x00, 0x00, 0x00, 0xBF, 0xFB,
    0x40, 0x01, 0xFA, 0xFF, 0xC0, 0x01, 0xF0, 0x1E, 0x00, 0x00, 0xF4, 0x07, 0xC0, 0x00, 0x3C, 0x01,
    0xE0, 0x00, 0x0F, 0x00, 0xF0, 0x00, 0x03, 0xD0, 0xF4, 0x00, 0x00, 0x7F, 0xF4, 0x00, 0x00, 0x07,
    0xD0, 0x00, 0x00, 0x07, 0x80, 0x00, 0x00, 0x02, 0xF0, 0x00, 0x00, 0x00, 0xBF, 0x90, 0x00, 0x02,
    0xFA, 0xFF, 0x00, 0x07, 0xD0, 0x0B, 0xF0, 0x03, 0xD0, 0x00, 0x7D, 0x00, 0xF4, 0x00, 0x0F, 0x40,
    0x3F, 0x40, 0x1F, 0x80, 0x03, 0xFF, 0xFF, 0x80, 0x00, 0x1B, 0xF9, 0x00, 0x00, 0x00, 0x00, 0x40,
    0x04, 0x00, 0x00, 0xF0, 0x0A, 0x00, 0x00, 0x3F, 0xAF, 0x00, 0x00, 0x07, 0xFF, 0x00, 0x00, 0x00,
    0x15, 0x00, 0x00, 0x00, 0x00, 0x00, 0x00, 0x00, 0x06, 0xA4, 0x00, 0x00, 0x2F, 0xFF, 0xF8, 0x00,
    0x7F, 0x96, 0xFE, 0x00, 0x7E, 0x00, 0x0B, 0x80, 0x7D, 0x00, 0x02, 0xD0, 0x3E, 0x00, 0x00, 0xA0,
    0x1F, 0x00, 0x00, 0x00, 0x0B, 0x80, 0x00, 0x00, 0x03, 0xD0, 0x00, 0x00, 0x00, 0xF4, 0x00, 0x00,
    0x00, 0x7C, 0x00, 0x1F, 0xFF, 0x1F, 0x00, 0x01, 0x7F, 0x03, 0xD0, 0x00, 0x0B, 0x80, 0xF8, 0x00,
    0x03, 0xE0, 0x2F, 0x40, 0x00, 0xF4, 0x03, 0xF8, 0x00, 0x7C, 0x00, 0x7F, 0xFF, 0xFF, 0x00, 0x02,
    0xFF, 0xF9, 0x00, 0x00, 0x00, 0x00, 0x00, 0x00, 0x00, 0x00, 0x00, 0x00, 0x00, 0x00, 0x0D, 0x00,
    0xC0, 0x00, 0x07, 0xD1, 0xE0, 0x00, 0x00, 0xFF, 0xF0, 0x00, 0x00, 0x0B, 0x90, 0x00, 0x00, 0x00,
    0x00, 0x00, 0x00, 0x00, 0x00, 0x00, 0x00, 0x02, 0xFF, 0xED, 0x00, 0x07, 0xEB, 0xFF, 0x00, 0x07,
    0xC0, 0x78, 0x00, 0x03, 0xD0, 0x1F, 0x00, 0x00, 0xF0, 0x07, 0x80, 0x00, 0x3C, 0x03, 0xC0, 0x00,
    0x0F, 0x43, 0xD0, 0x00, 0x01, 0xFF, 0xD0, 0x00, 0x00, 0x1F, 0x40, 0x00, 0x00, 0x1E, 0x00, 0x00,
    0x00, 0x0B, 0xC0, 0x00, 0x00, 0x02, 0xFE, 0x40, 0x00, 0x0B, 0xEB, 0xFC, 0x00, 0x1F, 0x40, 0x2F,
    0xC0, 0x0F, 0x40, 0x01, 0xF4, 0x03, 0xD0, 0x00, 0x3D, 0x00, 0xFD, 0x00, 0x7E, 0x00, 0x0F, 0xFF,
    0xFE, 0x00, 0x00, 0x6F, 0xE4, 0x00, 0x00, 0x00, 0x00, 0x00, 0x00, 0x00, 0x00, 0x07, 0xD0, 0x00,
    0x00, 0x03, 0xF4, 0x00, 0x00, 0x00, 0xF8, 0x00, 0x00, 0x00, 0x00, 0x00, 0x00, 0x00, 0x00, 0x00,
    0x00, 0x00, 0x06, 0xA4, 0x00, 0x00, 0x2F, 0xFF, 0xF8, 0x00, 0x7F, 0x96, 0xFE, 0x00, 0x7E, 0x00,
    0x0B, 0x80, 0x7D, 0x00, 0x02, 0xD0, 0x3E, 0x00, 0x00, 0xA0, 0x1F, 0x00, 0x00, 0x00, 0x0B, 0x80,
    0x00, 0x00, 0x03, 0xD0, 0x00, 0x00, 0x00, 0xF4, 0x00, 0x00, 0x00, 0x7C, 0x00, 0x1F, 0xFF, 0x1F,
    0x00, 0x01, 0x7F, 0x03, 0xD0, 0x00, 0x0B, 0x80, 0xF8, 0x00, 0x03, 0xE0, 0x2F, 0x40, 0x00, 0xF4,
    0x03, 0xF8, 0x00, 0x7C, 0x00, 0x7F, 0xFF, 0xFF, 0x00, 0x02, 0xFF, 0xF9, 0x00, 0x00, 0x00, 0x00,
    0x00, 0x00, 0x00, 0x00, 0x02, 0xD0, 0x00, 0x00, 0x01, 0xF8, 0x00, 0x00, 0x00, 0xBD, 0x00, 0x00,
    0x00, 0x04, 0x00, 0x00, 0x00, 0x00, 0x00, 0x00, 0x00, 0x00, 0x00, 0x00, 0x00, 0x0B, 0xFF, 0xB4,
    0x00, 0x1F, 0xAF, 0xFC, 0x00, 0x1F, 0x01, 0xE0, 0x00, 0x0F, 0x40, 0x7C, 0x00, 0x03, 0xC0, 0x1E,
    0x00, 0x00, 0xF0, 0x0F, 0x00, 0x00, 0x3D, 0x0F, 0x40, 0x00, 0x07, 0xFF, 0x40, 0x00, 0x00, 0x7D,
    0x00, 0x00, 0x00, 0x78, 0x00, 0x00, 0x00, 0x2F, 0x00, 0x00, 0x00, 0x0B, 0xF9, 0x00, 0x00, 0x2F,
    0xAF, 0xF0, 0x00, 0x7D, 0x00, 0xBF, 0x00, 0x3D, 0x00, 0x07, 0xD0, 0x0F, 0x40, 0x00, 0xF4, 0x03,
    0xF4, 0x01, 0xF8, 0x00, 0x3F, 0xFF, 0xF8, 0x00, 0x01, 0xBF, 0x90, 0x00, 0x00, 0x00, 0x00, 0x6A,
    0x40, 0x00, 0x02, 0xFF, 0xFF, 0x80, 0x07, 0xF9, 0x6F, 0xE0, 0x07, 0xE0, 0x00, 0xB8, 0x07, 0xD0,
    0x00, 0x2D, 0x03, 0xE0, 0x00, 0x0A, 0x01, 0xF0, 0x00, 0x00, 0x00, 0xB8, 0x00, 0x00, 0x00, 0x3D,
    0x00, 0x00, 0x00, 0x0F, 0x40, 0x00, 0x00, 0x07, 0xC0, 0x01, 0xFF, 0xF1, 0xF0, 0x00, 0x17, 0xF0,
    0x3D, 0x00, 0x00, 0xB8, 0x0F, 0x80, 0x00, 0x3E, 0x02, 0xF4, 0x00, 0x0F, 0x40, 0x3F, 0x80, 0x07,
    0xC0, 0x07, 0xFF, 0xFF, 0xF0, 0x00, 0x2F, 0xFF, 0x90, 0x00, 0x00, 0x00, 0x00, 0x00, 0x00, 0x28,
    0x00, 0x00, 0x00, 0x0F, 0x80, 0x00, 0x00, 0x03, 0xE0, 0x00, 0x00, 0x00, 0xF0, 0x00, 0x00, 0x00,
    0xF0, 0x00, 0x00, 0x00, 0x10, 0x00, 0x00, 0x00, 0x00, 0x00, 0x00, 0x00, 0x00, 0x00, 0x00, 0x2C,
    0x00, 0x00, 0x00, 0x2D, 0x00, 0x00, 0x00, 0x0E, 0x00, 0x00, 0x00, 0x0B, 0x40, 0x00, 0x00, 0x03,
    0xD0, 0x00, 0x00, 0x00, 0xFC, 0x00, 0x00, 0x00, 0x18, 0x00, 0x00, 0x00, 0x00, 0x00, 0x00, 0x00,
    0x2F, 0xFE, 0xD0, 0x00, 0x7E, 0xBF, 0xF0, 0x00, 0x7C, 0x07, 0x80, 0x00, 0x3D, 0x01, 0xF0, 0x00,
    0x0F, 0x00, 0x78, 0x00, 0x03, 0xC0, 0x3C, 0x00, 0x00, 0xF4, 0x3D, 0x00, 0x00, 0x1F, 0xFD, 0x00,
    0x00, 0x01, 0xF4, 0x00, 0x00, 0x01, 0xE0, 0x00, 0x00, 0x00, 0xBC, 0x00, 0x00, 0x00, 0x2F, 0xE4,
    0x00, 0x00, 0xBE, 0xBF, 0xC0, 0x01, 0xF4, 0x02, 0xFC, 0x00, 0xF4, 0x00, 0x1F, 0x40, 0x3D, 0x00,
    0x03, 0xD0, 0x0F, 0xD0, 0x07, 0xE0, 0x00, 0xFF, 0xFF, 0xE0, 0x00, 0x06, 0xFE, 0x40, 0x00, 0x00,
    0x00, 0x00, 0x18, 0x00, 0x00, 0x00, 0x00, 0x0B, 0xF0, 0x00, 0x00, 0x00, 0x02, 0xFF, 0xC0, 0x00,
    0x00, 0x00, 0xB8, 0x3D, 0x00, 0x00, 0x00, 0x2E, 0x00, 0xD0, 0x00, 0x00, 0x00, 0x00, 0x00, 0x00,
    0x00, 0x55, 0x54, 0x01, 0x55, 0x40, 0x0F, 0xFF, 0x40, 0x7F, 0xFD, 0x00, 0x1F, 0x80, 0x00, 0xBD,
    0x00, 0x01, 0xF0, 0x00, 0x0B, 0xC0, 0x00, 0x2F, 0x00, 0x00, 0xF8, 0x00, 0x02, 0xE0, 0x00, 0x0F,
    0x40, 0x00, 0x3D, 0x00, 0x00, 0xF0, 0x00, 0x03, 0xD0, 0x00, 0x1F, 0x00, 0x00, 0x7F, 0xFF, 0xFF,
    0xF0, 0x00, 0x0B, 0xFF, 0xFF, 0xFE, 0x00, 0x00, 0xF8, 0x00, 0x03, 0xD0, 0x00, 0x0F, 0x40, 0x00,
    0x7C, 0x00, 0x00, 0xF0, 0x00, 0x0B, 0xC0, 0x00, 0x1F, 0x00, 0x00, 0xB8, 0x00, 0x02, 0xF0, 0x00,
    0x0F, 0x40, 0x00, 0x3E, 0x00, 0x00, 0xF4, 0x00, 0x1B, 0xF8, 0x00, 0x7F, 0x90, 0x07, 0xFF, 0xD0,
    0x2F, 0xFF, 0x00, 0x00, 0x01, 0x00, 0x00, 0x00, 0x7F, 0x00, 0x00, 0x07, 0xFE, 0x00, 0x00, 0x7C,
    0x3D, 0x00, 0x07, 0x80, 0x34, 0x00, 0x00, 0x00, 0x00, 0x00, 0x01, 0x00, 0x00, 0x02, 0xFF, 0x00,
    0x00, 0x06, 0xBC, 0x00, 0x00, 0x01, 0xF0, 0x00, 0x00, 0x0B, 0x80, 0x00, 0x00, 0x3C, 0x00, 0x00,
    0x00, 0xF0, 0x00, 0x00, 0x07, 0x81, 0xFD, 0x00, 0x2D, 0x2F, 0xF8, 0x00, 0xF2, 0xE2, 0xF0, 0x03,
    0xDD, 0x0B, 0x80, 0x1F, 0xD0, 0x3D, 0x00, 0xBF, 0x00, 0xF0, 0x02, 0xF0, 0x07, 0xC0, 0x0F, 0x80,
    0x2E, 0x00, 0x3C, 0x00, 0xF4, 0x01, 0xF0, 0x03, 0xC1, 0x0B, 0x80, 0x0F, 0x3C, 0x3D, 0x00, 0x7F,
    0xD0, 0xF0, 0x00, 0xFC, 0x00, 0x00, 0x00, 0x00, 0x00, 0x00, 0x55, 0x54, 0x01, 0x55, 0x40, 0x0F,
    0xFF, 0x40, 0x7F, 0xFD, 0x00, 0x1F, 0x80, 0x00, 0xBD, 0x00, 0x01, 0xF0, 0x00, 0x0B, 0xC0, 0x02,
    0xBF, 0xAA, 0xAA, 0xFE, 0x80, 0x3F, 0xFF, 0xFF, 0xFF, 0xFC, 0x00, 0x3D, 0x00, 0x00, 0xF0, 0x00,
    0x03, 0xD0, 0x00, 0x1F, 0x00, 0x00, 0x7F, 0xFF, 0xFF, 0xE0, 0x00, 0x0B, 0xFF, 0xFF, 0xFE, 0x00,
    0x00, 0xF8, 0x00, 0x03, 0xD0, 0x00, 0x0F, 0x40, 0x00, 0x7C, 0x00, 0x00, 0xF0, 0x00, 0x0B, 0xC0,
    0x00, 0x1F, 0x00, 0x00, 0xB8, 0x00, 0x02, 0xF0, 0x00, 0x0F, 0x40, 0x00, 0x3E, 0x00, 0x00, 0xF4,
    0x00, 0x1B, 0xF8, 0x00, 0x7F, 0x90, 0x07, 0xFF, 0xD0, 0x2F, 0xFF, 0x00, 0x00, 0x10, 0x00, 0x00,
    0x2F, 0xF0, 0x00, 0x00, 0x6B, 0xC0, 0x00, 0x00, 0x1F, 0x00, 0x00, 0x0A, 0xFE, 0x90, 0x00, 0x6B,
    0xFA, 0x40, 0x00, 0x0F, 0x00, 0x00, 0x00, 0x78, 0x0A, 0x80, 0x02, 0xD1, 0xFF, 0x80, 0x0F, 0x2F,
    0x7E, 0x00, 0x3D, 0xE0, 0xB8, 0x01, 0xFE, 0x03, 0xD0, 0x0B, 0xF0, 0x0F, 0x00, 0x2F, 0x00, 0x7C,
    0x00, 0xF8, 0x02, 0xE0, 0x03, 0xC0, 0x0F, 0x40, 0x1F, 0x00, 0x3C, 0x10, 0xB8, 0x00, 0xF3, 0xC3,
    0xD0, 0x07, 0xFD, 0x0F, 0x00, 0x0F, 0xC0, 0x00, 0x00, 0x00, 0x00, 0x00, 0x05, 0x01, 0x00, 0x0F,
    0xE1, 0xC0, 0x07, 0xFF, 0xF0, 0x02, 0xC3, 0xF4, 0x00, 0x00, 0x10, 0x00, 0x00, 0x00, 0x00, 0x05,
    0x55, 0x40, 0x03, 0xFF, 0xE0, 0x00, 0x1F, 0x80, 0x00, 0x07, 0xC0, 0x00, 0x02, 0xF0, 0x00, 0x00,
    0xB8, 0x00, 0x00, 0x3D, 0x00, 0x00, 0x0F, 0x40, 0x00, 0x07, 0xC0, 0x00, 0x02, 0xF0, 0x00, 0x00,
    0xF8, 0x00, 0x00, 0x3D, 0x00, 0x00, 0x0F, 0x00, 0x00, 0x07, 0xC0, 0x00, 0x02, 0xF0, 0x00, 0x00,
    0xF8, 0x00, 0x01, 0xBF, 0x80, 0x01, 0xFF, 0xF4, 0x00, 0x00, 0x00, 0x00, 0xBD, 0x1C, 0x1F, 0xFB,
    0xC2, 0xC3, 0xF4, 0x04, 0x04, 0x00, 0x00, 0x00, 0x00, 0x00, 0x02, 0xFC, 0x00, 0x7F, 0xC0, 0x00,
    0x3C, 0x00, 0x07, 0xC0, 0x00, 0xB8, 0x00, 0x0F, 0x40, 0x01, 0xF0, 0x00, 0x2F, 0x00, 0x03, 0xD0,
    0x00, 0x3C, 0x10, 0x07, 0xCF, 0x00, 0xBF, 0xC0, 0x07, 0xE0, 0x00, 0x00, 0x00, 0x00, 0x00, 0x00,
    0x00, 0x00, 0x1F, 0xFF, 0xC0, 0x07, 0xFF, 0xE0, 0x00, 0x00, 0x00, 0x00, 0x00, 0x00, 0x00, 0x15,
    0x55, 0x00, 0x0F, 0xFF, 0x80, 0x00, 0x7E, 0x00, 0x00, 0x1F, 0x00, 0x00, 0x0B, 0xC0, 0x00, 0x02,
    0xE0, 0x00, 0x00, 0xF4, 0x00, 0x00, 0x3D, 0x00, 0x00, 0x1F, 0x00, 0x00, 0x0B, 0xC0, 0x00, 0x03,
    0xE0, 0x00, 0x00, 0xF4, 0x00, 0x00, 0x3C, 0x00, 0x00, 0x1F, 0x00, 0x00, 0x0B, 0xC0, 0x00, 0x03,
    0xE0, 0x00, 0x06, 0xFE, 0x00, 0x07, 0xFF, 0xD0, 0x00, 0x0A, 0xAA, 0x81, 0xFF, 0xFC, 0x00, 0x00,
    0x00, 0x00, 0x00, 0x00, 0x00, 0x02, 0xFC, 0x00, 0x7F, 0xC0, 0x00, 0x3C, 0x00, 0x07, 0xC0, 0x00,
    0xB8, 0x00, 0x0F, 0x40, 0x01, 0xF0, 0x00, 0x2F, 0x00, 0x03, 0xD0, 0x00, 0x3C, 0x10, 0x07, 0xCF,
    0x00, 0xBF, 0xC0, 0x07, 0xE0, 0x00, 0x00, 0x00, 0x00, 0x00, 0x10, 0x00, 0x00, 0x0E, 0x00, 0xC0,
    0x03, 0xE6, 0xE0, 0x00, 0xBF, 0xE0, 0x00, 0x01, 0x40, 0x00, 0x00, 0x00, 0x00, 0x05, 0x55, 0x40,
    0x03, 0xFF, 0xE0, 0x00, 0x1F, 0x80, 0x00, 0x07, 0xC0, 0x00, 0x02, 0xF0, 0x00, 0x00, 0xB8, 0x00,
    0x00, 0x3D, 0x00, 0x00, 0x0F, 0x40, 0x00, 0x07, 0xC0, 0x00, 0x02, 0xF0, 0x00, 0x00, 0xF8, 0x00,
    0x00, 0x3D, 0x00, 0x00, 0x0F, 0x00, 0x00, 0x07, 0xC0, 0x00, 0x02, 0xF0, 0x00, 0x00, 0xF8, 0x00,
    0x01, 0xBF, 0x80, 0x01, 0xFF, 0xF4, 0x00, 0x00, 0x00, 0x00, 0xD0, 0x08, 0x1F, 0x47, 0xC0, 0xFF,
    0xF0, 0x02, 0xF8, 0x00, 0x00, 0x00, 0x00, 0x00, 0x02, 0xFC, 0x00, 0x7F, 0xC0, 0x00, 0x3C, 0x00,
    0x07, 0xC0, 0x00, 0xB8, 0x00, 0x0F, 0x40, 0x01, 0xF0, 0x00, 0x2F, 0x00, 0x03, 0xD0, 0x00, 0x3C,
    0x10, 0x07, 0xCF, 0x00, 0xBF, 0xC0, 0x07, 0xE0, 0x00, 0x00, 0x00, 0x00, 0x00, 0x55, 0x54, 0x03,
    0xFF, 0xE0, 0x01, 0xF8, 0x00, 0x07, 0xC0, 0x00, 0x2F, 0x00, 0x00, 0xB8, 0x00, 0x03, 0xD0, 0x00,
    0x0F, 0x40, 0x00, 0x7C, 0x00, 0x02, 0xF0, 0x00, 0x0F, 0x80, 0x00, 0x3D, 0x00, 0x00, 0xF0, 0x00,
    0x07, 0xC0, 0x00, 0x2F, 0x00, 0x00, 0xF8, 0x00, 0x1B, 0xF8, 0x01, 0xFF, 0xF4, 0x00, 0x0B, 0x40,
    0x00, 0xB0, 0x00, 0x03, 0xC0, 0x00, 0x0F, 0x94, 0x00, 0x2F, 0xD0, 0x00, 0x00, 0x00, 0x00, 0x00,
    0x02, 0xF0, 0x1F, 0xC0, 0x7D, 0x00, 0x00, 0x00, 0x00, 0x00, 0x0B, 0xF0, 0x7F, 0xC0, 0x0F, 0x00,
    0x7C, 0x02, 0xE0, 0x0F, 0x40, 0x7C, 0x02, 0xF0, 0x0F, 0x40, 0x3C, 0x11, 0xF3, 0xCB, 0xFC, 0x1F,
    0xC0, 0x2C, 0x00, 0xD0, 0x0B, 0x00, 0x3E, 0x50, 0x7F, 0x40, 0x00, 0x00, 0x00, 0x00, 0x40, 0x00,
    0x0F, 0xC0, 0x00, 0x7F, 0x00, 0x00, 0xF4, 0x00, 0x00, 0x00, 0x00, 0x00, 0x00, 0x05, 0x55, 0x40,
    0x3F, 0xFE, 0x00, 0x1F, 0x80, 0x00, 0x7C, 0x00, 0x02, 0xF0, 0x00, 0x0B, 0x80, 0x00, 0x3D, 0x00,
    0x00, 0xF4, 0x00, 0x07, 0xC0, 0x00, 0x2F, 0x00, 0x00, 0xF8, 0x00, 0x03, 0xD0, 0x00, 0x0F, 0x00,
    0x00, 0x7C, 0x00, 0x02, 0xF0, 0x00, 0x0F, 0x80, 0x01, 0xBF, 0x80, 0x1F, 0xFF, 0x40, 0x2F, 0xC7,
    0xFC, 0x03, 0xC0, 0x7C, 0x0B, 0x80, 0xF4, 0x1F, 0x02, 0xF0, 0x3D, 0x03, 0xC1, 0x7C, 0xFB, 0xFC,
    0x7E, 0x00, 0x00, 0x00, 0x55, 0x54, 0x05, 0x55, 0x00, 0x3F, 0xFE, 0x0B, 0xFF, 0xC0, 0x01, 0xF8,
    0x00, 0x7F, 0x40, 0x00, 0x7C, 0x00, 0x0F, 0x80, 0x00, 0x2F, 0x00, 0x03, 0xD0, 0x00, 0x0B, 0x80,
    0x00, 0xF0, 0x00, 0x03, 0xD0, 0x00, 0x7C, 0x00, 0x00, 0xF4, 0x00, 0x2F, 0x00, 0x00, 0x7C, 0x00,
    0x0F, 0x80, 0x00, 0x2F, 0x00, 0x03, 0xD0, 0x00, 0x0F, 0x80, 0x01, 0xF0, 0x00, 0x03, 0xD0, 0x00,
    0x7C, 0x00, 0x00, 0xF0, 0x00, 0x2F, 0x00, 0x00, 0x7C, 0x00, 0x0F, 0x80, 0x00, 0x2F, 0x00, 0x03,
    0xD0, 0x00, 0x0F, 0x80, 0x01, 0xF0, 0x00, 0x1B, 0xF8, 0x00, 0xBC, 0x00, 0x1F, 0xFF, 0x40, 0x3E,
    0x00, 0x00, 0x00, 0x00, 0x0F, 0x00, 0x00, 0x00, 0x04, 0x0B, 0x80, 0x00, 0x00, 0x0B, 0x9F, 0xC0,
    0x00, 0x00, 0x02, 0xFF, 0xC0, 0x00, 0x00, 0x00, 0x2A, 0x40, 0x00, 0x00, 0x00, 0x00, 0x00, 0x00,
    0x02, 0xF0, 0x02, 0xE0, 0x1F, 0xC0, 0x1F, 0xC0, 0x7D, 0x00, 0x7D, 0x00, 0x00, 0x00, 0x00, 0x00,
    0x00, 0x00, 0x00, 0x00, 0x00, 0x00, 0x0B, 0xF0, 0x0B, 0xF0, 0x7F, 0xC0, 0x7F, 0xC0, 0x0F, 0x00,
    0x0F, 0x00, 0x7C, 0x00, 0x7C, 0x02, 0xE0, 0x02, 0xE0, 0x0F, 0x40, 0x0B, 0x40, 0x7C, 0x00, 0x3D,
    0x02, 0xF0, 0x00, 0xF0, 0x0F, 0x40, 0x07, 0xC0, 0x3C, 0x10, 0x2E, 0x01, 0xF3, 0xC0, 0xF4, 0x0B,
    0xFC, 0x03, 0xC0, 0x1F, 0x80, 0x2F, 0x00, 0x00, 0x00, 0xF4, 0x00, 0x00, 0x03, 0xC0, 0x00, 0x00,
    0x2E, 0x00, 0x00, 0xE6, 0xF0, 0x00, 0x03, 0xFF, 0x00, 0x00, 0x0B, 0xE0, 0x00, 0x00, 0x00, 0x00,
    0x00, 0xA0, 0x00, 0x00, 0x00, 0xFF, 0x00, 0x00, 0x00, 0xFB, 0xE0, 0x00, 0x00, 0xF8, 0x3C, 0x00,
    0x00, 0xB4, 0x03, 0x00, 0x00, 0x00, 0x00, 0x00, 0x00, 0x05, 0x55, 0x40, 0x00, 0x03, 0xFF, 0xE0,
    0x00, 0x00, 0x1F, 0x80, 0x00, 0x00, 0x03, 0xD0, 0x00, 0x00, 0x01, 0xF0, 0x00, 0x00, 0x00, 0xBC,
    0x00, 0x00, 0x00, 0x2E, 0x00, 0x00, 0x00, 0x0F, 0x40, 0x00, 0x00, 0x03, 0xD0, 0x00, 0x00, 0x01,
    0xF0, 0x00, 0x00, 0x00, 0xBC, 0x00, 0x00, 0x00, 0x3E, 0x00, 0x00, 0x00, 0x0F, 0x40, 0x00, 0x00,
    0x03, 0xC0, 0x00, 0x00, 0x01, 0xF0, 0x00, 0x00, 0x00, 0xBC, 0x00, 0x00, 0x00, 0x3E, 0x00, 0x00,
    0x00, 0x0F, 0x00, 0x00, 0x00, 0x07, 0xC0, 0x00, 0x00, 0x03, 0xD0, 0x00, 0x03, 0xEB, 0xE0, 0x00,
    0x00, 0xFF, 0xE0, 0x00, 0x00, 0x0A, 0x90, 0x00, 0x00, 0x00, 0x00, 0x00, 0x00, 0x00, 0x00, 0x00,
    0x2F, 0x00, 0x00, 0x01, 0xFD, 0x00, 0x00, 0x0F, 0x7C, 0x00, 0x00, 0xF0, 0xF4, 0x00, 0x0F, 0x00,
    0xD0, 0x00, 0x00, 0x00, 0x00, 0x00, 0x00, 0x00, 0x00, 0x02, 0xFC, 0x00, 0x00, 0x2F, 0xF0, 0x00,
    0x00, 0x07, 0xC0, 0x00, 0x00, 0x1F, 0x00, 0x00, 0x00, 0xB8, 0x00, 0x00, 0x03, 0xD0, 0x00, 0x00,
    0x0F, 0x00, 0x00, 0x00, 0x7C, 0x00, 0x00, 0x02, 0xE0, 0x00, 0x00, 0x0F, 0x40, 0x00, 0x00, 0x3C,
    0x00, 0x00, 0x01, 0xF0, 0x00, 0x00, 0x0B, 0x80, 0x00, 0x00, 0x3D, 0x00, 0x00, 0x01, 0xF0, 0x00,
    0x00, 0x0F, 0x40, 0x00, 0x39, 0xBC, 0x00, 0x01, 0xFF, 0xC0, 0x00, 0x02, 0xF4, 0x00, 0x00, 0x00,
    0x00, 0x55, 0x50, 0x15, 0x54, 0x00, 0xFF, 0xF4, 0x3F, 0xFC, 0x00, 0x1F, 0x80, 0x0F, 0xD0, 0x00,
    0x1F, 0x00, 0x3E, 0x00, 0x00, 0x2F, 0x01, 0xF4, 0x00, 0x00, 0x2E, 0x07, 0xD0, 0x00, 0x00, 0x3D,
    0x2F, 0x00, 0x00, 0x00, 0x3D, 0xBC, 0x00, 0x00, 0x00, 0x7F, 0xE0, 0x00, 0x00, 0x00, 0xBF, 0xE0,
    0x00, 0x00, 0x00, 0xF9, 0xF4, 0x00, 0x00, 0x00, 0xF4, 0xBC, 0x00, 0x00, 0x00, 0xF0, 0x3F, 0x00,
    0x00, 0x01, 0xF0, 0x1F, 0x80, 0x00, 0x02, 0xF0, 0x0B, 0xE0, 0x00, 0x03, 0xE0, 0x03, 0xF8, 0x00,
    0x1B, 0xF9, 0x00, 0xFF, 0x00, 0x7F, 0xFE, 0x00, 0x3F, 0xC0, 0x00, 0x00, 0x00, 0x00, 0x00, 0x00,
    0x00, 0xA0, 0x00, 0x00, 0x00, 0x01, 0xF4, 0x00, 0x00, 0x00, 0x00, 0xF4, 0x00, 0x00, 0x00, 0x01,
    0xE0, 0x00, 0x00, 0x00, 0x03, 0xC0, 0x00, 0x00, 0x00, 0x05, 0x00, 0x00, 0x00, 0x00, 0x10, 0x00,
    0x0F, 0xF4, 0x00, 0x1A, 0xF4, 0x00, 0x00, 0xF0, 0x00, 0x01, 0xF0, 0x00, 0x02, 0xE0, 0x00, 0x03,
    0xD0, 0x00, 0x03, 0xC2, 0xF8, 0x03, 0xDF, 0xBD, 0x07, 0xF4, 0x2D, 0x0B, 0xD0, 0x3D, 0x0F, 0x80,
    0xB8, 0x0F, 0x07, 0xF0, 0x1F, 0xBF, 0x40, 0x2F, 0xF8, 0x00, 0x3D, 0x7C, 0x00, 0x3C, 0x3E, 0x00,
    0x7C, 0x1F, 0x80, 0x78, 0x0B, 0xF9, 0xB4, 0x01, 0xFD, 0x00, 0x00, 0x00, 0x00, 0xA0, 0x00, 0x00,
    0xF4, 0x00, 0x00, 0xF4, 0x00, 0x00, 0xF0, 0x00, 0x03, 0xC0, 0x00, 0x01, 0x00, 0x00, 0x00, 0x00,
    0x00, 0x6F, 0x80, 0x7E, 0xBF, 0xC1, 0xFF, 0x07, 0x87, 0xD5, 0x0B, 0x5E, 0x00, 0x0F, 0x78, 0x00,
    0x0F, 0xF0, 0x00, 0x0F, 0xF0, 0x00, 0x1F, 0xB4, 0x00, 0x2E, 0x7C, 0x00, 0x3C, 0x3D, 0x01, 0x3C,
    0x1F, 0x4E, 0x7C, 0x0F, 0xFC, 0xB4, 0x03, 0xF4, 0x00, 0x00, 0x00, 0x00, 0x00, 0x06, 0x00, 0x00,
    0x00, 0xBC, 0x00, 0x00, 0x1F, 0xE0, 0x00, 0x02, 0xFD, 0x00, 0x00, 0x09, 0x00, 0x00, 0x00, 0x00,
    0x00, 0x00, 0x05, 0x55, 0x40, 0x00, 0x3F, 0xFE, 0x00, 0x00, 0x1F, 0x80, 0x00, 0x00, 0x7C, 0x00,
    0x00, 0x02, 0xF0, 0x00, 0x00, 0x0B, 0x80, 0x00, 0x00, 0x3D, 0x00, 0x00, 0x00, 0xF4, 0x00, 0x00,
    0x07, 0xC0, 0x00, 0x00, 0x2F, 0x00, 0x00, 0x00, 0xF8, 0x00, 0x00, 0x03, 0xD0, 0x00, 0x00, 0x0F,
    0x00, 0x00, 0x00, 0x7C, 0x00, 0x0D, 0x02, 0xF0, 0x00, 0xB0, 0x0F, 0x80, 0x07, 0xC1, 0xBF, 0xFF,
    0xFD, 0x1F, 0xFF, 0xFF, 0xF0, 0x00, 0x00, 0x00, 0x01, 0xD0, 0x07, 0xF4, 0x1F, 0xF8, 0x0E, 0x90,
    0x00, 0x00, 0x00, 0x05, 0x00, 0x7F, 0xC0, 0x1A, 0xF0, 0x00, 0x7C, 0x00, 0x2E, 0x00, 0x0F, 0x40,
    0x03, 0xC0, 0x01, 0xF0, 0x00, 0xB8, 0x00, 0x2D, 0x00, 0x0F, 0x40, 0x03, 0xC0, 0x01, 0xF0, 0x00,
    0xB8, 0x00, 0x3D, 0x00, 0x0F, 0x00, 0x07, 0xC1, 0x02, 0xE7, 0x80, 0xFF, 0xC0, 0x2F, 0x80, 0x00,
    0x00, 0x00, 0x00, 0x55, 0x54, 0x00, 0x03, 0xFF, 0xE0, 0x00, 0x01, 0xF8, 0x00, 0x00, 0x07, 0xC0,
    0x00, 0x00, 0x2F, 0x00, 0x00, 0x00, 0xB8, 0x00, 0x00, 0x03, 0xD0, 0x00, 0x00, 0x0F, 0x40, 0x00,
    0x00, 0x7C, 0x00, 0x00, 0x02, 0xF0, 0x00, 0x00, 0x0F, 0x80, 0x00, 0x00, 0x3D, 0x00, 0x00, 0x00,
    0xF0, 0x00, 0x00, 0x07, 0xC0, 0x00, 0xD0, 0x2F, 0x00, 0x0B, 0x00, 0xF8, 0x00, 0x7C, 0x1B, 0xFF,
    0xFF, 0xD1, 0xFF, 0xFF, 0xFF, 0x00, 0x00, 0x00, 0x00, 0x00, 0x02, 0x80, 0x00, 0x00, 0x0F, 0x80,
    0x00, 0x00, 0x3D, 0x00, 0x00, 0x00, 0xF0, 0x00, 0x00, 0x0F, 0x00, 0x00, 0x00, 0x10, 0x00, 0x00,
    0x00, 0x05, 0x00, 0x7F, 0xC0, 0x1A, 0xF0, 0x00, 0x7C, 0x00, 0x2E, 0x00, 0x0F, 0x40, 0x03, 0xC0,
    0x01, 0xF0, 0x00, 0xB8, 0x00, 0x2D, 0x00, 0x0F, 0x40, 0x03, 0xC0, 0x01, 0xF0, 0x00, 0xB8, 0x00,
    0x3D, 0x00, 0x0F, 0x00, 0x07, 0xC1, 0x02, 0xE7, 0x80, 0xFF, 0xC0, 0x2F, 0x80, 0x00, 0x00, 0x01,
    0x80, 0x00, 0xF8, 0x00, 0x3D, 0x00, 0x0F, 0x00, 0x0F, 0x00, 0x01, 0x00, 0x00, 0x00, 0x00, 0x00,
    0x00, 0x00, 0x00, 0x00, 0x3C, 0x00, 0x55, 0x54, 0x3C, 0x00, 0xFF, 0xF8, 0x78, 0x00, 0x1F, 0x80,
    0xB0, 0x00, 0x1F, 0x00, 0xE0, 0x00, 0x2F, 0x00, 0x40, 0x00, 0x2E, 0x00, 0x00, 0x00, 0x3D, 0x00,
    0x00, 0x00, 0x3D, 0x00, 0x00, 0x00, 0x7C, 0x00, 0x00, 0x00, 0xBC, 0x00, 0x00, 0x00, 0xF8, 0x00,
    0x00, 0x00, 0xF4, 0x00, 0x00, 0x00, 0xF0, 0x00, 0x00, 0x01, 0xF0, 0x00, 0x34, 0x02, 0xF0, 0x00,
    0xB0, 0x03, 0xE0, 0x01, 0xF0, 0x1B, 0xFF, 0xFF, 0xD0, 0x7F, 0xFF, 0xFF, 0xC0, 0x00, 0x00, 0x10,
    0x00, 0x01, 0xE0, 0x05, 0x0B, 0x47, 0xFC, 0x3C, 0x1A, 0xF0, 0xE0, 0x07, 0xC7, 0x00, 0x2E, 0x04,
    0x00, 0xF4, 0x00, 0x03, 0xC0, 0x00, 0x1F, 0x00, 0x00, 0xB8, 0x00, 0x02, 0xD0, 0x00, 0x0F, 0x40,
    0x00, 0x3C, 0x00, 0x01, 0xF0, 0x00, 0x0B, 0x80, 0x00, 0x3D, 0x00, 0x00, 0xF0, 0x00, 0x07, 0xC1,
    0x00, 0x2E, 0x78, 0x00, 0xFF, 0xC0, 0x02, 0xF8, 0x00, 0x00, 0x00, 0x00, 0x00, 0x00, 0x55, 0x54,
    0x00, 0x00, 0xFF, 0xF8, 0x00, 0x00, 0x1F, 0x80, 0x00, 0x00, 0x1F, 0x00, 0x00, 0x00, 0x2F, 0x00,
    0x00, 0x00, 0x2E, 0x00, 0x00, 0x00, 0x3D, 0x00, 0x68, 0x00, 0x3D, 0x00, 0xFC, 0x00, 0x7C, 0x01,
    0xFC, 0x00, 0xBC, 0x00, 0x90, 0x00, 0xF8, 0x00, 0x00, 0x00, 0xF4, 0x00, 0x00, 0x00, 0xF0, 0x00,
    0x00, 0x01, 0xF0, 0x00, 0x34, 0x02, 0xF0, 0x00, 0xB0, 0x03, 0xE0, 0x01, 0xF0, 0x1B, 0xFF, 0xFF,
    0xD0, 0x7F, 0xFF, 0xFF, 0xC0, 0x00, 0x50, 0x01, 0xFF, 0x00, 0x1A, 0xF0, 0x00, 0x1F, 0x00, 0x02,
    0xE0, 0x00, 0x3D, 0x00, 0x03, 0xC0, 0x00, 0x7C, 0x00, 0x0B, 0x80, 0x00, 0xB4, 0x1D, 0x0F, 0x47,
    0xF0, 0xF0, 0x7D, 0x1F, 0x01, 0x02, 0xE0, 0x00, 0x3D, 0x00, 0x03, 0xC0, 0x00, 0x7C, 0x10, 0x0B,
    0x9E, 0x00, 0xFF, 0xC0, 0x0B, 0xE0, 0x00, 0x00, 0x00, 0x00, 0x00, 0x55, 0x54, 0x00, 0x03, 0xFF,
    0xE0, 0x00, 0x01, 0xF8, 0x00, 0x00, 0x07, 0xC0, 0x00, 0x00, 0x2F, 0x00, 0x00, 0x00, 0xB8, 0x00,
    0x00, 0x03, 0xD0, 0x00, 0x00, 0x0F, 0xBE, 0x00, 0x00, 0x7F, 0xD0, 0x00, 0x07, 0xF4, 0x00, 0x01,
    0xFF, 0x80, 0x00, 0x0A, 0x3D, 0x00, 0x00, 0x00, 0xF0, 0x00, 0x00, 0x07, 0xC0, 0x00, 0xD0, 0x2F,
    0x00, 0x0B, 0x00, 0xF8, 0x00, 0x7C, 0x1B, 0xFF, 0xFF, 0xD1, 0xFF, 0xFF, 0xFF, 0x00, 0x00, 0x05,
    0x00, 0x1F, 0xF0, 0x01, 0xAF, 0x00, 0x01, 0xF0, 0x00, 0x2E, 0x00, 0x03, 0xD0, 0x00, 0x3C, 0x00,
    0x07, 0xC0, 0x00, 0xBE, 0xC0, 0x0B, 0xF4, 0x01, 0xF8, 0x00, 0xBF, 0x00, 0x3E, 0xF0, 0x00, 0x2E,
    0x00, 0x03, 0xD0, 0x00, 0x3C, 0x00, 0x07, 0xC1, 0x00, 0xB9, 0xE0, 0x0F, 0xFC, 0x00, 0xBE, 0x00,
    0x00, 0x00, 0x00, 0x00, 0x00, 0x00, 0x02, 0x00, 0x00, 0x00, 0x00, 0x07, 0xD0, 0x00, 0x00, 0x00,
    0x0F, 0xF0, 0x00, 0x00, 0x00, 0x1F, 0xE0, 0x00, 0x00, 0x00, 0x06, 0x00, 0x00, 0x00, 0x00, 0x00,
    0x00, 0x00, 0x00, 0x05, 0x50, 0x00, 0x15, 0x54, 0x03, 0xFD, 0x00, 0x1F, 0xFE, 0x00, 0x2F, 0x80,
    0x00, 0xB8, 0x00, 0x07, 0xF0, 0x00, 0x2D, 0x00, 0x02, 0xFE, 0x00, 0x0F, 0x00, 0x00, 0xFB, 0xC0,
    0x03, 0xC0, 0x00, 0x3C, 0xF8, 0x01, 0xE0, 0x00, 0x0F, 0x2F, 0x00, 0xB4, 0x00, 0x07, 0x83, 0xD0,
    0x3D, 0x00, 0x02, 0xD0, 0xBC, 0x0F, 0x00, 0x00, 0xF0, 0x0F, 0x43, 0xC0, 0x00, 0x3C, 0x03, 0xE1,
    0xE0, 0x00, 0x1F, 0x00, 0x7C, 0xB4, 0x00, 0x07, 0x80, 0x0F, 0xBC, 0x00, 0x02, 0xD0, 0x01, 0xFF,
    0x00, 0x00, 0xF0, 0x00, 0x3F, 0xC0, 0x00, 0xBE, 0x40, 0x07, 0xE0, 0x01, 0xFF, 0xF0, 0x00, 0xF4,
    0x00, 0x00, 0x00, 0x00, 0x00, 0x00, 0x00, 0x00, 0x00, 0x00, 0x00, 0x00, 0x02, 0xD0, 0x00, 0x00,
    0x7D, 0x00, 0x00, 0x0F, 0x40, 0x00, 0x03, 0xD0, 0x00, 0x00, 0x34, 0x00, 0x00, 0x00, 0x00, 0x00,
    0x00, 0x00, 0x00, 0x6F, 0x80, 0xBE, 0x0B, 0xFC, 0x3F, 0xF0, 0x07, 0x8F, 0x4F, 0x40, 0xBB, 0xC0,
    0xF0, 0x0F, 0xF0, 0x1F, 0x00, 0xFD, 0x02, 0xE0, 0x0F, 0x80, 0x3D, 0x01, 0xF0, 0x03, 0xC0, 0x2E,
    0x00, 0x7C, 0x03, 0xD0, 0x0B, 0x84, 0x3C, 0x00, 0xF5, 0xD7, 0xC0, 0x0F, 0xF8, 0xB8, 0x00, 0xFE,
    0x00, 0x00, 0x00, 0x00, 0x00, 0x55, 0x00, 0x01, 0x55, 0x40, 0x3F, 0xD0, 0x01, 0xFF, 0xE0, 0x02,
    0xF8, 0x00, 0x0B, 0x80, 0x00, 0x7F, 0x00, 0x02, 0xD0, 0x00, 0x2F, 0xE0, 0x00, 0xF0, 0x00, 0x0F,
    0xBC, 0x00, 0x3C, 0x00, 0x03, 0xCF, 0x80, 0x1E, 0x00, 0x00, 0xF2, 0xF0, 0x0B, 0x40, 0x00, 0x78,
    0x3D, 0x03, 0xD0, 0x00, 0x2D, 0x0B, 0xC0, 0xF0, 0x00, 0x0F, 0x00, 0xF4, 0x3C, 0x00, 0x03, 0xC0,
    0x3E, 0x1E, 0x00, 0x01, 0xF0, 0x07, 0xCB, 0x40, 0x00, 0x78, 0x00, 0xFB, 0xC0, 0x00, 0x2D, 0x00,
    0x1F, 0xF0, 0x00, 0x0F, 0x00, 0x03, 0xFC, 0x00, 0x0B, 0xE4, 0x00, 0x7E, 0x00, 0x1F, 0xFF, 0x00,
    0x0F, 0x40, 0x00, 0x00, 0x00, 0x00, 0x00, 0x00, 0x00, 0x02, 0x80, 0x00, 0x00, 0x00, 0x00, 0xF4,
    0x00, 0x00, 0x00, 0x00, 0x3D, 0x00, 0x00, 0x00, 0x00, 0x1F, 0x00, 0x00, 0x00, 0x00, 0x0F, 0x00,
    0x00, 0x00, 0x00, 0x01, 0x00, 0x00, 0x00, 0x00, 0x00, 0x00, 0x00, 0x06, 0xF8, 0x0B, 0xE0, 0xBF,
    0xC3, 0xFF, 0x00, 0x78, 0xF4, 0xF4, 0x0B, 0xBC, 0x0F, 0x00, 0xFF, 0x01, 0xF0, 0x0F, 0xD0, 0x2E,
    0x00, 0xF8, 0x03, 0xD0, 0x1F, 0x00, 0x3C, 0x02, 0xE0, 0x07, 0xC0, 0x3D, 0x00, 0xB8, 0x43, 0xC0,
    0x0F, 0x5D, 0x7C, 0x00, 0xFF, 0x8B, 0x80, 0x0F, 0xE0, 0x00, 0x00, 0x00, 0x00, 0x06, 0x40, 0x00,
    0x00, 0xBC, 0x00, 0x00, 0x07, 0xC0, 0x00, 0x00, 0xF4, 0x00, 0x00, 0x2D, 0x00, 0x00, 0x01, 0x00,
    0x00, 0x00, 0x00, 0x00, 0x00, 0x00, 0x00, 0x00, 0x00, 0x0D, 0x00, 0xF0, 0x00, 0x00, 0x03, 0xC0,
    0xF4, 0x00, 0x00, 0x00, 0xBD, 0xF4, 0x00, 0x00, 0x00, 0x0F, 0xF4, 0x00, 0x00, 0x00, 0x00, 0xF4,
    0x00, 0x00, 0x00, 0x00, 0x00, 0x00, 0x00, 0x01, 0x54, 0x00, 0x05, 0x55, 0x00, 0xFF, 0x40, 0x07,
    0xFF, 0x80, 0x0B, 0xE0, 0x00, 0x2E, 0x00, 0x01, 0xFC, 0x00, 0x0B, 0x40, 0x00, 0xBF, 0x80, 0x03,
    0xC0, 0x00, 0x3E, 0xF0, 0x00, 0xF0, 0x00, 0x0F, 0x3E, 0x00, 0x78, 0x00, 0x03, 0xCB, 0xC0, 0x2D,
    0x00, 0x01, 0xE0, 0xF4, 0x0F, 0x40, 0x00, 0xB4, 0x2F, 0x03, 0xC0, 0x00, 0x3C, 0x03, 0xD0, 0xF0,
    0x00, 0x0F, 0x00, 0xF8, 0x78, 0x00, 0x07, 0xC0, 0x1F, 0x2D, 0x00, 0x01, 0xE0, 0x03, 0xEF, 0x00,
    0x00, 0xB4, 0x00, 0x7F, 0xC0, 0x00, 0x3C, 0x00, 0x0F, 0xF0, 0x00, 0x2F, 0x90, 0x01, 0xF8, 0x00,
    0x7F, 0xFC, 0x00, 0x3D, 0x00, 0x00, 0x00, 0x00, 0x00, 0x00, 0x00, 0x00, 0x00, 0x00, 0x00, 0x03,
    0x40, 0xB4, 0x00, 0x3C, 0x2D, 0x00, 0x02, 0xEB, 0x80, 0x00, 0x0F, 0xE0, 0x00, 0x00, 0x7C, 0x00,
    0x00, 0x00, 0x00, 0x00, 0x00, 0x00, 0x00, 0x6F, 0x80, 0xBE, 0x0B, 0xFC, 0x3F, 0xF0, 0x07, 0x8F,
    0x4F, 0x40, 0xBB, 0xC0, 0xF0, 0x0F, 0xF0, 0x1F, 0x00, 0xFD, 0x02, 0xE0, 0x0F, 0x80, 0x3D, 0x01,
    0xF0, 0x03, 0xC0, 0x2E, 0x00, 0x7C, 0x03, 0xD0, 0x0B, 0x84, 0x3C, 0x00, 0xF5, 0xD7, 0xC0, 0x0F,
    0xF8, 0xB8, 0x00, 0xFE, 0x00, 0x00, 0x00, 0x00, 0x01, 0x40, 0x00, 0x00, 0x00, 0x2F, 0x40, 0x00,
    0x00, 0x00, 0x7D, 0x00, 0x00, 0x00, 0x01, 0xF0, 0x00, 0x00, 0x00, 0x0B, 0x80, 0x00, 0x00, 0x00,
    0x3C, 0x00, 0x00, 0x00, 0x02, 0xD0, 0xBF, 0x01, 0xFC, 0x0D, 0x07, 0xFC, 0x3F, 0xF4, 0x00, 0x00,
    0xF3, 0xD3, 0xE0, 0x00, 0x07, 0xAC, 0x0F, 0x40, 0x00, 0x2F, 0xC0, 0x3C, 0x00, 0x00, 0xFE, 0x01,
    0xF0, 0x00, 0x03, 0xF0, 0x0B, 0x80, 0x00, 0x0F, 0x40, 0x3D, 0x00, 0x00, 0x7C, 0x00, 0xF0, 0x00,
    0x02, 0xE0, 0x07, 0xC1, 0x00, 0x0F, 0x40, 0x2E, 0x78, 0x00, 0x3C, 0x00, 0xBF, 0xC0, 0x01, 0xF0,
    0x02, 0xF8, 0x00, 0x00, 0x00, 0x00, 0x00, 0x00, 0x55, 0x00, 0x01, 0x55, 0x40, 0x3F, 0xD0, 0x01,
    0xFF, 0xE0, 0x02, 0xF8, 0x00, 0x0B, 0x80, 0x00, 0x7F, 0x00, 0x02, 0xD0, 0x00, 0x2F, 0xE0, 0x00,
    0xF0, 0x00, 0x0F, 0xBC, 0x00, 0x3C, 0x00, 0x03, 0xCF, 0x80, 0x1E, 0x00, 0x00, 0xF2, 0xF0, 0x0B,
    0x40, 0x00, 0x78, 0x3D, 0x03, 0xD0, 0x00, 0x2D, 0x0B, 0xC0, 0xF0, 0x00, 0x0F, 0x00, 0xF4, 0x3C,
    0x00, 0x03, 0xC0, 0x2E, 0x1E, 0x00, 0x01, 0xF0, 0x03, 0xCB, 0x40, 0x00, 0x78, 0x00, 0xFB, 0xC0,
    0x00, 0x2D, 0x00, 0x1F, 0xF0, 0x00, 0x0F, 0x00, 0x03, 0xFC, 0x00, 0x0B, 0xE4, 0x00, 0x7D, 0x00,
    0x1F, 0xFF, 0x00, 0x0F, 0x00, 0x00, 0x00, 0x00, 0x03, 0xC0, 0x00, 0x00, 0x00, 0x02, 0xD0, 0x00,
    0x00, 0x00, 0xF6, 0xE0, 0x00, 0x00, 0x00, 0x7F, 0xE0, 0x00, 0x00, 0x00, 0x06, 0x90, 0x00, 0x00,
    0x00, 0x00, 0x00, 0x1B, 0xE0, 0x2F, 0x8B, 0xFC, 0x3F, 0xF0, 0x1E, 0x3D, 0x3D, 0x0B, 0xBC, 0x0F,
    0x03, 0xFC, 0x07, 0xC0, 0xFD, 0x02, 0xE0, 0x3E, 0x00, 0xF4, 0x1F, 0x00, 0x3C, 0x0B, 0x80, 0x1F,
    0x03, 0xD0, 0x0B, 0x80, 0xF0, 0x03, 0xD0, 0x7C, 0x00, 0xF0, 0x2E, 0x00, 0x7C, 0x00, 0x00, 0x2E,
    0x00, 0x00, 0x0F, 0x00, 0x00, 0x0B, 0x80, 0x03, 0xDB, 0xC0, 0x00, 0xFF, 0xC0, 0x00, 0x1F, 0x80,
    0x00, 0x00, 0x00, 0x00, 0x00, 0x00, 0x01, 0xFF, 0xFC, 0x00, 0x00, 0x7F, 0xFE, 0x00, 0x00, 0x00,
    0x00, 0x00, 0x00, 0x00, 0x00, 0x00, 0x00, 0x00, 0x1A, 0x40, 0x00, 0x01, 0xFF, 0xFE, 0x00, 0x03,
    0xF9, 0x5B, 0xF0, 0x03, 0xF0, 0x00, 0x7E, 0x03, 0xF0, 0x00, 0x0F, 0xC1, 0xF0, 0x00, 0x01, 0xF4,
    0xF8, 0x00, 0x00, 0x3D, 0x7C, 0x00, 0x00, 0x0F, 0x6F, 0x00, 0x00, 0x03, 0xDF, 0x80, 0x00, 0x01,
    0xF3, 0xE0, 0x00, 0x00, 0xBC, 0xF8, 0x00, 0x00, 0x3E, 0x3E, 0x00, 0x00, 0x1F, 0x0F, 0xC0, 0x00,
    0x0F, 0x81, 0xF4, 0x00, 0x0B, 0xC0, 0x3F, 0x40, 0x1F, 0xC0, 0x03, 0xFE, 0xBF, 0xC0, 0x00, 0x2F,
    0xFE, 0x40, 0x00, 0x00, 0x00, 0x00, 0x00, 0x00, 0x2A, 0xAA, 0x00, 0x1F, 0xFF, 0xC0, 0x00, 0x00,
    0x00, 0x00, 0x00, 0x00, 0x00, 0x00, 0x00, 0x00, 0x1B, 0xF8, 0x00, 0x2F, 0xFF, 0x80, 0x3F, 0x01,
    0xF0, 0x2F, 0x00, 0x3D, 0x0F, 0x40, 0x0F, 0x87, 0xC0, 0x03, 0xD2, 0xE0, 0x00, 0xF4, 0xF4, 0x00,
    0x3C, 0x3D, 0x00, 0x2E, 0x0F, 0x80, 0x0F, 0x02, 0xF0, 0x0F, 0x80, 0x7F, 0xAF, 0x80, 0x07, 0xFF,
    0x40, 0x00, 0x00, 0x00, 0x00, 0x00, 0x01, 0x00, 0x00, 0x00, 0x00, 0xE0, 0x0C, 0x00, 0x00, 0x3E,
    0x6E, 0x00, 0x00, 0x0B, 0xFE, 0x00, 0x00, 0x00, 0x14, 0x00, 0x00, 0x00, 0x00, 0x00, 0x00, 0x00,
    0x06, 0x90, 0x00, 0x00, 0x7F, 0xFF, 0x80, 0x00, 0xFE, 0x56, 0xFC, 0x00, 0xFC, 0x00, 0x1F, 0x80,
    0xFC, 0x00, 0x03, 0xF0, 0x7C, 0x00, 0x00, 0x7D, 0x3E, 0x00, 0x00, 0x0F, 0x5F, 0x00, 0x00, 0x03,
    0xDB, 0xC0, 0x00, 0x00, 0xF7, 0xE0, 0x00, 0x00, 0x7C, 0xF8, 0x00, 0x00, 0x2F, 0x3E, 0x00, 0x00,
    0x0F, 0x8F, 0x80, 0x00, 0x07, 0xC3, 0xF0, 0x00, 0x03, 0xE0, 0x7D, 0x00, 0x02, 0xF0, 0x0F, 0xD0,
    0x07, 0xF0, 0x00, 0xFF, 0xAF, 0xF0, 0x00, 0x0B, 0xFF, 0x90, 0x00, 0x00, 0x00, 0x00, 0x00, 0x00,
    0x00, 0x00, 0x00, 0x00, 0x0D, 0x00, 0x80, 0x03, 0xD1, 0xF0, 0x00, 0xFF, 0xF0, 0x00, 0x0B, 0xE0,
    0x00, 0x00, 0x00, 0x00, 0x00, 0x00, 0x00, 0x01, 0xBF, 0x80, 0x02, 0xFF, 0xF8, 0x03, 0xF0, 0x1F,
    0x02, 0xF0, 0x03, 0xD0, 0xF4, 0x00, 0xF8, 0x7C, 0x00, 0x3D, 0x2E, 0x00, 0x0F, 0x4F, 0x40, 0x03,
    0xC3, 0xD0, 0x02, 0xE0, 0xF8, 0x00, 0xF0, 0x2F, 0x00, 0xF8, 0x07, 0xFA, 0xF8, 0x00, 0x7F, 0xF4,
    0x00, 0x00, 0x00, 0x00, 0x00, 0x00, 0x00, 0x00, 0x00, 0x00, 0x00, 0x00, 0xD0, 0x1C, 0x00, 0x00,
    0x7F, 0x0B, 0xE0, 0x00, 0x2F, 0xC3, 0xFC, 0x00, 0x0F, 0xD0, 0xFD, 0x00, 0x00, 0xD0, 0x0D, 0x00,
    0x00, 0x00, 0x00, 0x00, 0x00, 0x00, 0x06, 0x90, 0x00, 0x00, 0x1F, 0xFF, 0xE0, 0x00, 0x0F, 0xE5,
    0x6F, 0xC0, 0x03, 0xF0, 0x00, 0x7E, 0x00, 0xFC, 0x00, 0x03, 0xF0, 0x1F, 0x00, 0x00, 0x1F, 0x43,
    0xE0, 0x00, 0x00, 0xF4, 0x7C, 0x00, 0x00, 0x0F, 0x4B, 0xC0, 0x00, 0x00, 0xF4, 0xF8, 0x00, 0x00,
    0x1F, 0x0F, 0x80, 0x00, 0x02, 0xF0, 0xF8, 0x00, 0x00, 0x3E, 0x0F, 0x80, 0x00, 0x07, 0xC0, 0xFC,
    0x00, 0x00, 0xF8, 0x07, 0xD0, 0x00, 0x2F, 0x00, 0x3F, 0x40, 0x1F, 0xC0, 0x00, 0xFF, 0xAF, 0xF0,
    0x00, 0x02, 0xFF, 0xE4, 0x00, 0x00, 0x00, 0x00, 0x00, 0x00, 0x00, 0x00, 0x00, 0x00, 0x00, 0x34,
    0x2C, 0x00, 0x0F, 0xC7, 0xD0, 0x02, 0xF0, 0xF8, 0x00, 0x3D, 0x2E, 0x00, 0x0B, 0x03, 0x80, 0x00,
    0x00, 0x00, 0x00, 0x00, 0x00, 0x00, 0x00, 0x6F, 0xE0, 0x00, 0x2F, 0xFF, 0x80, 0x0F, 0xC0, 0x7C,
    0x02, 0xF0, 0x03, 0xD0, 0x3D, 0x00, 0x3E, 0x07, 0xC0, 0x03, 0xD0, 0xB8, 0x00, 0x3D, 0x0F, 0x40,
    0x03, 0xC0, 0xF4, 0x00, 0xB8, 0x0F, 0x80, 0x0F, 0x00, 0xBC, 0x03, 0xE0, 0x07, 0xFA, 0xF8, 0x00,
    0x1F, 0xFD, 0x00, 0x00, 0x00, 0x00, 0x00, 0x00, 0x00, 0x55, 0x55, 0x55, 0x54, 0x00, 0x2F, 0xFF,
    0xFF, 0xFF, 0xE0, 0x0B, 0xFA, 0x5B, 0xEA, 0xAF, 0x80, 0xBE, 0x00, 0x1F, 0x00, 0x1D, 0x0B, 0xD0,
    0x00, 0xB8, 0x00, 0x70, 0x7D, 0x00, 0x03, 0xD0, 0x00, 0x03, 0xE0, 0x00, 0x0F, 0x40, 0x00, 0x1F,
    0x00, 0x00, 0x7C, 0x00, 0x00, 0xBC, 0x00, 0x02, 0xFA, 0xA9, 0x03, 0xE0, 0x00, 0x0B, 0xFF, 0xF4,
    0x0F, 0x80, 0x00, 0x3E, 0x00, 0x00, 0x3E, 0x00, 0x00, 0xF4, 0x00, 0x00, 0xF8, 0x00, 0x07, 0xC0,
    0x00, 0x03, 0xF0, 0x00, 0x2F, 0x00, 0x06, 0x07, 0xD0, 0x00, 0xF8, 0x00, 0x38, 0x0F, 0xD0, 0x03,
    0xD0, 0x02, 0xD0, 0x0F, 0xFA, 0xBF, 0xFF, 0xFF, 0x00, 0x0B, 0xFF, 0xFF, 0xFF, 0xF8, 0x00, 0x00,
    0x00, 0x00, 0x00, 0x00, 0x00, 0x00, 0x00, 0x00, 0x00, 0x00, 0x01, 0xBF, 0x40, 0x7F, 0x80, 0x2F,
    0xFF, 0x8F, 0xAF, 0x43, 0xF0, 0x1F, 0xF0, 0x2E, 0x2F, 0x00, 0x3F, 0x00, 0xF4, 0xF4, 0x00, 0xF8,
    0x0B, 0xC7, 0xC0, 0x03, 0xD0, 0xBC, 0x2E, 0x00, 0x0F, 0xBF, 0x80, 0xF4, 0x00, 0x3F, 0xE0, 0x03,
    0xD0, 0x02, 0xF0, 0x00, 0x0F, 0x80, 0x0F, 0xC0, 0x01, 0x2F, 0x00, 0xFF, 0x40, 0xB8, 0x7F, 0xAF,
    0xBF, 0xFF, 0xC0, 0x7F, 0xF4, 0x3F, 0xF4, 0x00, 0x00, 0x00, 0x00, 0x00, 0x00, 0x00, 0x00, 0x00,
    0x50, 0x00, 0x00, 0x00, 0xBC, 0x00, 0x00, 0x01, 0xFE, 0x00, 0x00, 0x03, 0xFD, 0x00, 0x00, 0x00,
    0x90, 0x00, 0x00, 0x00, 0x00, 0x00, 0x00, 0x00, 0x5A, 0x90, 0x00, 0x07, 0xFF, 0xFF, 0x80, 0x01,
    0x9F, 0x46, 0xF4, 0x00, 0x07, 0xC0, 0x3F, 0x00, 0x02, 0xF0, 0x07, 0xC0, 0x00, 0xB8, 0x01, 0xF0,
    0x00, 0x3D, 0x00, 0xF8, 0x00, 0x0F, 0x00, 0xBC, 0x00, 0x07, 0xC1, 0xFD, 0x00, 0x02, 0xFF, 0xF8,
    0x00, 0x00, 0xFE, 0xF4, 0x00, 0x00, 0x3D, 0x2F, 0x00, 0x00, 0x0F, 0x03, 0xD0, 0x00, 0x07, 0xC0,
    0xBC, 0x00, 0x02, 0xE0, 0x0F, 0x80, 0x00, 0xF8, 0x01, 0xF8, 0x01, 0xBF, 0x90, 0x2F, 0xC1, 0xFF,
    0xF8, 0x01, 0xFC, 0x00, 0x00, 0x00, 0x00, 0x00, 0x00, 0x00, 0x00, 0x00, 0x03, 0xC0, 0x00, 0x2F,
    0x00, 0x01, 0xF0, 0x00, 0x0F, 0x00, 0x00, 0x70, 0x00, 0x00, 0x00, 0x00, 0x00, 0x00, 0x2F, 0x82,
    0xF2, 0xFF, 0x2F, 0xC0, 0x79, 0xFA, 0x01, 0xEE, 0x00, 0x0B, 0xB0, 0x00, 0x3F, 0x40, 0x00, 0xF8,
    0x00, 0x07, 0xD0, 0x00, 0x2F, 0x00, 0x00, 0xF4, 0x00, 0x03, 0xC0, 0x00, 0x0F, 0x00, 0x00, 0x78,
    0x00, 0x00, 0x00, 0x05, 0xA9, 0x00, 0x00, 0x7F, 0xFF, 0xF8, 0x00, 0x19, 0xF4, 0x6F, 0x40, 0x00,
    0x7C, 0x03, 0xF0, 0x00, 0x2F, 0x00, 0x7C, 0x00, 0x0B, 0x80, 0x1F, 0x00, 0x03, 0xD0, 0x0F, 0x80,
    0x00, 0xF0, 0x0B, 0xC0, 0x00, 0x7C, 0x1F, 0xD0, 0x00, 0x2F, 0xFF, 0x80, 0x00, 0x0F, 0xEF, 0x40,
    0x00, 0x03, 0xD2, 0xF0, 0x00, 0x00, 0xF0, 0x3D, 0x00, 0x00, 0x7C, 0x0B, 0xC0, 0x00, 0x2E, 0x00,
    0xF8, 0x00, 0x0F, 0x80, 0x1F, 0x80, 0x1B, 0xF9, 0x02, 0xFC, 0x1F, 0xFF, 0x80, 0x1F, 0xC0, 0x00,
    0x00, 0x00, 0x00, 0x00, 0x0A, 0x00, 0x00, 0x00, 0x03, 0xE0, 0x00, 0x00, 0x00, 0xF4, 0x00, 0x00,
    0x00, 0x3C, 0x00, 0x00, 0x00, 0x3C, 0x00, 0x00, 0x00, 0x04, 0x00, 0x00, 0x00, 0x00, 0x00, 0x00,
    0x00, 0xBE, 0x0B, 0xC0, 0xBF, 0xCB, 0xF0, 0x01, 0xE7, 0xE8, 0x00, 0x7B, 0x80, 0x00, 0x2E, 0xC0,
    0x00, 0x0F, 0xD0, 0x00, 0x03, 0xE0, 0x00, 0x01, 0xF4, 0x00, 0x00, 0xBC, 0x00, 0x00, 0x3D, 0x00,
    0x00, 0x0F, 0x00, 0x00, 0x03, 0xC0, 0x00, 0x01, 0xE0, 0x00, 0x00, 0x00, 0x00, 0x00, 0x28, 0x00,
    0x00, 0x0F, 0x40, 0x00, 0x03, 0xD0, 0x00, 0x00, 0xF0, 0x00, 0x00, 0xF0, 0x00, 0x00, 0x10, 0x00,
    0x00, 0x00, 0x00, 0x00, 0x00, 0x00, 0x00, 0x02, 0xC0, 0x1E, 0x00, 0x00, 0xBC, 0x1F, 0x00, 0x00,
    0x0F, 0xAF, 0x00, 0x00, 0x01, 0xFF, 0x00, 0x00, 0x00, 0x1E, 0x00, 0x00, 0x00, 0x00, 0x00, 0x00,
    0x00, 0x16, 0xA4, 0x00, 0x01, 0xFF, 0xFF, 0xE0, 0x00, 0x67, 0xD1, 0xBD, 0x00, 0x01, 0xF0, 0x0F,
    0xC0, 0x00, 0xBC, 0x01, 0xF0, 0x00, 0x2E, 0x00, 0x7C, 0x00, 0x0F, 0x40, 0x3E, 0x00, 0x03, 0xC0,
    0x2F, 0x00, 0x01, 0xF0, 0x7F, 0x40, 0x00, 0xBF, 0xFE, 0x00, 0x00, 0x3F, 0xBD, 0x00, 0x00, 0x0F,
    0x4B, 0xC0, 0x00, 0x03, 0xC0, 0xF4, 0x00, 0x01, 0xF0, 0x2F, 0x00, 0x00, 0xB8, 0x03, 0xE0, 0x00,
    0x3E, 0x00, 0x7E, 0x00, 0x6F, 0xE4, 0x0B, 0xF0, 0x7F, 0xFE, 0x00, 0x7F, 0x00, 0x00, 0x00, 0x00,
    0x00, 0x00, 0x00, 0x00, 0x01, 0xC0, 0x3C, 0x01, 0xE0, 0xF0, 0x00, 0xF7, 0xD0, 0x00, 0x7F, 0x40,
    0x00, 0x2E, 0x00, 0x00, 0x00, 0x00, 0x00, 0x00, 0x00, 0x2F, 0x82, 0xF0, 0xBF, 0xCB, 0xF0, 0x07,
    0x9F, 0xA0, 0x07, 0xB8, 0x00, 0x0B, 0xB0, 0x00, 0x0F, 0xD0, 0x00, 0x0F, 0x80, 0x00, 0x1F, 0x40,
    0x00, 0x2F, 0x00, 0x00, 0x3D, 0x00, 0x00, 0x3C, 0x00, 0x00, 0x3C, 0x00, 0x00, 0x78, 0x00, 0x00,
    0x00, 0x00, 0x02, 0x00, 0x00, 0x07, 0xD0, 0x00, 0x0B, 0xF0, 0x00, 0x0F, 0xE0, 0x00, 0x06, 0x40,
    0x00, 0x00, 0x00, 0x00, 0x00, 0x69, 0x40, 0x02, 0xFF, 0xFD, 0x02, 0xF4, 0x5F, 0x41, 0xF0, 0x02,
    0xD0, 0xBC, 0x00, 0xB0, 0x2F, 0x00, 0x14, 0x0B, 0xD0, 0x00, 0x00, 0xFE, 0x00, 0x00, 0x1F, 0xF4,
    0x00, 0x00, 0xFF, 0x80, 0x00, 0x07, 0xF8, 0x00, 0x00, 0x3F, 0x02, 0x00, 0x07, 0xD1, 0xD0, 0x00,
    0xF4, 0xB4, 0x00, 0x7C, 0x2F, 0x00, 0x3E, 0x0B, 0xFA, 0xBF, 0x00, 0x7F, 0xFD, 0x00, 0x00, 0x00,
    0x00, 0x00, 0x00, 0x00, 0x00, 0x00, 0x01, 0xD0, 0x00, 0x0F, 0x40, 0x00, 0xF8, 0x00, 0x0B, 0x80,
    0x00, 0x34, 0x00, 0x00, 0x00, 0x00, 0x00, 0x00, 0x00, 0x6F, 0xD0, 0x0B, 0xFF, 0x80, 0x78, 0x09,
    0x03, 0xD0, 0x00, 0x0B, 0xC0, 0x00, 0x0F, 0xD0, 0x00, 0x1F, 0xE0, 0x00, 0x0F, 0xD0, 0x00, 0x0F,
    0xC0, 0x80, 0x1F, 0x0B, 0x80, 0xB4, 0x2F, 0xEB, 0x80, 0x2F, 0xF4, 0x00, 0x00, 0x00, 0x00, 0x00,
    0x00, 0x60, 0x00, 0x00, 0x7F, 0x00, 0x00, 0x7E, 0xF0, 0x00, 0xBC, 0x2E, 0x00, 0x78, 0x02, 0x40,
    0x00, 0x00, 0x00, 0x00, 0x69, 0x40, 0x02, 0xFF, 0xFD, 0x02, 0xF4, 0x5F, 0x41, 0xF0, 0x02, 0xD0,
    0xBC, 0x00, 0xB0, 0x2F, 0x00, 0x14, 0x0B, 0xD0, 0x00, 0x00, 0xFE, 0x00, 0x00, 0x1F, 0xF4, 0x00,
    0x00, 0xFF, 0x80, 0x00, 0x07, 0xF8, 0x00, 0x00, 0x3F, 0x02, 0x00, 0x07, 0xD1, 0xD0, 0x00, 0xF4,
    0xB4, 0x00, 0x7C, 0x2F, 0x00, 0x3E, 0x0B, 0xFA, 0xBF, 0x00, 0x7F, 0xFD, 0x00, 0x00, 0x00, 0x00,
    0x00, 0x00, 0x00, 0x00, 0x00, 0x1F, 0x00, 0x00, 0xFE, 0x00, 0x0F, 0x7C, 0x00, 0xF4, 0x78, 0x0B,
    0x40, 0xE0, 0x00, 0x00, 0x00, 0x00, 0x00, 0x00, 0x6F, 0xD0, 0x0B, 0xFF, 0x80, 0x78, 0x09, 0x03,
    0xD0, 0x00, 0x0B, 0xC0, 0x00, 0x0F, 0xD0, 0x00, 0x1F, 0xE0, 0x00, 0x0F, 0xD0, 0x00, 0x0F, 0xC0,
    0x80, 0x1F, 0x0B, 0x80, 0xB4, 0x2F, 0xEB, 0x80, 0x2F, 0xF4, 0x00, 0x00, 0x00, 0x00, 0x00, 0x06,
    0x94, 0x00, 0x2F, 0xFF, 0xD0, 0x2F, 0x45, 0xF4, 0x1F, 0x00, 0x2D, 0x0B, 0xC0, 0x0B, 0x02, 0xF0,
    0x01, 0x40, 0xBD, 0x00, 0x00, 0x0F, 0xE0, 0x00, 0x01, 0xFF, 0x40, 0x00, 0x0F, 0xF8, 0x00, 0x00,
    0x7F, 0x80, 0x00, 0x03, 0xF0, 0x20, 0x00, 0x7D, 0x1D, 0x00, 0x0F, 0x4B, 0x40, 0x07, 0xC2, 0xF0,
    0x03, 0xE0, 0xBF, 0xAB, 0xF0, 0x07, 0xFF, 0xD0, 0x00, 0x00, 0x00, 0x00, 0x02, 0x90, 0x00, 0x01,
    0xFC, 0x00, 0x00, 0x0F, 0x00, 0x00, 0x07, 0x80, 0x00, 0x0B, 0x80, 0x00, 0x01, 0x00, 0x00, 0x00,
    0x00, 0x00, 0x00, 0x06, 0xFD, 0x02, 0xFF, 0xE0, 0x78, 0x09, 0x0F, 0x40, 0x00, 0xBC, 0x00, 0x03,
    0xF4, 0x00, 0x1F, 0xE0, 0x00, 0x3F, 0x40, 0x00, 0xFC, 0x20, 0x07, 0xCB, 0x80, 0xB4, 0xBF, 0xAE,
    0x02, 0xFF, 0x40, 0x00, 0x00, 0x00, 0x28, 0x00, 0x0B, 0xF0, 0x00, 0x0E, 0x00, 0x03, 0xC0, 0x01,
    0xF4, 0x00, 0x14, 0x00, 0x00, 0x00, 0x00, 0x00, 0x00, 0x03, 0x80, 0x2D, 0x00, 0x3D, 0x0F, 0x80,
    0x01, 0xF7, 0xD0, 0x00, 0x0B, 0xF4, 0x00, 0x00, 0x3D, 0x00, 0x00, 0x00, 0x00, 0x00, 0x00, 0x69,
    0x40, 0x00, 0xBF, 0xFF, 0x40, 0x2F, 0x45, 0xF4, 0x07, 0xC0, 0x0B, 0x40, 0xBC, 0x00, 0xB0, 0x0B,
    0xC0, 0x05, 0x00, 0xBD, 0x00, 0x00, 0x03, 0xF8, 0x00, 0x00, 0x1F, 0xF4, 0x00, 0x00, 0x3F, 0xE0,
    0x00, 0x00, 0x7F, 0x80, 0x00, 0x00, 0xFC, 0x02, 0x00, 0x07, 0xD0, 0x74, 0x00, 0x3D, 0x0B, 0x40,
    0x07, 0xC0, 0xBC, 0x00, 0xF8, 0x0B, 0xFA, 0xBF, 0x00, 0x1F, 0xFF, 0x40, 0x00, 0x00, 0x00, 0x00,
    0x00, 0x00, 0x00, 0x00, 0xE0, 0x2D, 0x00, 0xF0, 0xB8, 0x00, 0x79, 0xE0, 0x00, 0x3F, 0xC0, 0x00,
    0x1F, 0x00, 0x00, 0x00, 0x00, 0x00, 0x00, 0x00, 0x00, 0x6F, 0xD0, 0x02, 0xFF, 0xE0, 0x07, 0x80,
    0x90, 0x0F, 0x40, 0x00, 0x0B, 0xC0, 0x00, 0x03, 0xF4, 0x00, 0x01, 0xFE, 0x00, 0x00, 0x3F, 0x40,
    0x00, 0x0F, 0xC0, 0x20, 0x07, 0xC0, 0xB8, 0x0B, 0x40, 0xBF, 0xAE, 0x00, 0x2F, 0xF4, 0x00, 0x00,
    0x00, 0x00, 0x15, 0x55, 0x55, 0x51, 0xFF, 0xFF, 0xFF, 0xEB, 0xAA, 0xFE, 0xAF, 0x7C, 0x03, 0xD0,
    0x2C, 0xF0, 0x1F, 0x00, 0xB2, 0x40, 0xBC, 0x02, 0x40, 0x02, 0xE0, 0x00, 0x00, 0x0F, 0x40, 0x00,
    0x00, 0x3C, 0x00, 0x00, 0x01, 0xF0, 0x00, 0x00, 0x0B, 0xC0, 0x00, 0x00, 0x3E, 0x00, 0x00, 0x00,
    0xF4, 0x00, 0x00, 0x03, 0xC0, 0x00, 0x00, 0x1F, 0x00, 0x00, 0x00, 0xBC, 0x00, 0x00, 0x1B, 0xF9,
    0x00, 0x01, 0xFF, 0xFC, 0x00, 0x00, 0x00, 0x00, 0x00, 0x01, 0xA0, 0x00, 0x00, 0x0F, 0xE0, 0x00,
    0x00, 0x0B, 0x40, 0x00, 0x00, 0x3C, 0x00, 0x00, 0x0B, 0xC0, 0x00, 0x00, 0x14, 0x00, 0x00, 0x00,
    0x00, 0x00, 0x00, 0x03, 0x80, 0x00, 0xB4, 0x00, 0x0F, 0x00, 0x0A, 0xFF, 0xE3, 0xFF, 0xFD, 0x02,
    0xE0, 0x00, 0x3D, 0x00, 0x03, 0xC0, 0x00, 0x7C, 0x00, 0x07, 0x80, 0x00, 0xB8, 0x00, 0x0F, 0x40,
    0x00, 0xF0, 0x18, 0x0F, 0x0B, 0x80, 0xFF, 0xF0, 0x0B, 0xF4, 0x00, 0x00, 0x00, 0x06, 0x80, 0x00,
    0xBD, 0x00, 0x02, 0xD0, 0x00, 0x7C, 0x00, 0x2F, 0x00, 0x01, 0x40, 0x00, 0x00, 0x00, 0x00, 0x00,
    0x00, 0xD0, 0x0B, 0x00, 0x03, 0xC0, 0xF4, 0x00, 0x0B, 0xDF, 0x40, 0x00, 0x0F, 0xF4, 0x00, 0x00,
    0x0F, 0x40, 0x00, 0x00, 0x00, 0x00, 0x05, 0x55, 0x55, 0x54, 0x7F, 0xFF, 0xFF, 0xFA, 0xEA, 0xBF,
    0xAB, 0xDF, 0x00, 0xF4, 0x0B, 0x3C, 0x07, 0xC0, 0x2C, 0x90, 0x2F, 0x00, 0x90, 0x00, 0xB8, 0x00,
    0x00, 0x03, 0xD0, 0x00, 0x00, 0x0F, 0x00, 0x00, 0x00, 0x7C, 0x00, 0x00, 0x02, 0xF0, 0x00, 0x00,
    0x0F, 0x80, 0x00, 0x00, 0x3D, 0x00, 0x00, 0x00, 0xF0, 0x00, 0x00, 0x07, 0xC0, 0x00, 0x00, 0x2F,
    0x00, 0x00, 0x06, 0xFE, 0x40, 0x00, 0x7F, 0xFF, 0x00, 0x00, 0x00, 0x00, 0x34, 0x00, 0x01, 0xE0,
    0x00, 0x0B, 0x40, 0x00, 0x3C, 0x00, 0x38, 0xD0, 0x02, 0xD2, 0x00, 0x0F, 0x00, 0x02, 0xBF, 0xF8,
    0x3F, 0xFF, 0xD0, 0x0B, 0x80, 0x00, 0x3D, 0x00, 0x00, 0xF0, 0x00, 0x07, 0xC0, 0x00, 0x1E, 0x00,
    0x00, 0xB8, 0x00, 0x03, 0xD0, 0x00, 0x0F, 0x01, 0x80, 0x3C, 0x2E, 0x00, 0xFF, 0xF0, 0x02, 0xFD,
    0x00, 0x00, 0x00, 0x00, 0x15, 0x55, 0x55, 0x51, 0xFF, 0xFF, 0xFF, 0xEB, 0xAA, 0xFE, 0xAF, 0x7C,
    0x03, 0xD0, 0x2C, 0xF0, 0x1F, 0x00, 0xB2, 0x40, 0xBC, 0x02, 0x40, 0x02, 0xE0, 0x00, 0x00, 0x0F,
    0x40, 0x00, 0x05, 0x7E, 0x50, 0x00, 0x3F, 0xFF, 0x80, 0x00, 0x0B, 0xC0, 0x00, 0x00, 0x3E, 0x00,
    0x00, 0x00, 0xF4, 0x00, 0x00, 0x03, 0xC0, 0x00, 0x00, 0x1F, 0x00, 0x00, 0x00, 0xBC, 0x00, 0x00,
    0x1B, 0xF9, 0x00, 0x01, 0xFF, 0xFC, 0x00, 0x00, 0x00, 0x00, 0x00, 0x03, 0x80, 0x00, 0xB4, 0x00,
    0x0F, 0x00, 0x0A, 0xFF, 0xE3, 0xFF, 0xFD, 0x02, 0xE0, 0x00, 0x3D, 0x00, 0x03, 0xC0, 0x0B, 0xFF,
    0xF8, 0x6F, 0xEA, 0x40, 0xB8, 0x00, 0x0F, 0x40, 0x00, 0xF0, 0x18, 0x0F, 0x0B, 0x80, 0xFF, 0xF0,
    0x0B, 0xF4, 0x00, 0x00, 0x00, 0x00, 0x00, 0x50, 0x00, 0x00, 0x00, 0x3F, 0x8B, 0x00, 0x00, 0x0B,
    0xBF, 0xF0, 0x00, 0x00, 0xA0, 0xFC, 0x00, 0x00, 0x00, 0x00, 0x00, 0x00, 0x00, 0x00, 0x00, 0x00,
    0x15, 0x54, 0x00, 0x55, 0x57, 0xFF, 0xC0, 0x1F, 0xFE, 0x1B, 0xD0, 0x00, 0x7E, 0x00, 0xB8, 0x00,
    0x03, 0xD0, 0x0F, 0x80, 0x00, 0x3C, 0x00, 0xF4, 0x00, 0x03, 0xC0, 0x1F, 0x00, 0x00, 0x78, 0x02,
    0xF0, 0x00, 0x0B, 0x40, 0x2E, 0x00, 0x00, 0xF0, 0x03, 0xD0, 0x00, 0x0F, 0x00, 0x3D, 0x00, 0x00,
    0xF0, 0x07, 0xC0, 0x00, 0x1E, 0x00, 0x7C, 0x00, 0x02, 0xD0, 0x0B, 0xC0, 0x00, 0x3C, 0x00, 0x7C,
    0x00, 0x0F, 0x80, 0x03, 0xF0, 0x03, 0xF0, 0x00, 0x2F, 0xFF, 0xFC, 0x00, 0x00, 0x7F, 0xFD, 0x00,
    0x00, 0x00, 0x00, 0x00, 0x00, 0x00, 0x00, 0x00, 0x00, 0x00, 0x01, 0xF8, 0x30, 0x00, 0x3F, 0xEF,
    0x00, 0x07, 0x0F, 0xE0, 0x00, 0x10, 0x14, 0x00, 0x00, 0x00, 0x00, 0x00, 0x00, 0x00, 0x02, 0xFC,
    0x00, 0x78, 0xBF, 0xC0, 0x0F, 0x40, 0x3C, 0x00, 0xF0, 0x07, 0xC0, 0x1F, 0x00, 0xB8, 0x01, 0xE0,
    0x0F, 0x40, 0x3D, 0x00, 0xF0, 0x03, 0xC0, 0x2E, 0x00, 0xBC, 0x03, 0xD0, 0x1F, 0x80, 0x3D, 0x03,
    0xB8, 0x03, 0xD0, 0xF7, 0x9D, 0x3F, 0xFC, 0x7F, 0xC1, 0xFE, 0x03, 0xE0, 0x00, 0x00, 0x00, 0x00,
    0x00, 0x00, 0x00, 0x00, 0x00, 0x00, 0x7F, 0xFF, 0x00, 0x00, 0x07, 0xFF, 0xE0, 0x00, 0x00, 0x00,
    0x00, 0x00, 0x00, 0x00, 0x00, 0x00, 0x01, 0x55, 0x40, 0x05, 0x55, 0x7F, 0xFC, 0x01, 0xFF, 0xE1,
    0xBD, 0x00, 0x07, 0xE0, 0x0B, 0x80, 0x00, 0x3D, 0x00, 0xF8, 0x00, 0x03, 0xC0, 0x0F, 0x40, 0x00,
    0x3C, 0x01, 0xF0, 0x00, 0x07, 0x80, 0x2F, 0x00, 0x00, 0xB4, 0x02, 0xE0, 0x00, 0x0F, 0x00, 0x3D,
    0x00, 0x00, 0xF0, 0x03, 0xD0, 0x00, 0x0F, 0x00, 0x7C, 0x00, 0x01, 0xE0, 0x07, 0xC0, 0x00, 0x2D,
    0x00, 0xBC, 0x00, 0x03, 0xC0, 0x07, 0xC0, 0x00, 0xF8, 0x00, 0x3F, 0x00, 0x3F, 0x00, 0x02, 0xFF,
    0xFF, 0xC0, 0x00, 0x07, 0xFF, 0xD0, 0x00, 0x00, 0x00, 0x00, 0x00, 0x00, 0x00, 0x2A, 0xAA, 0x00,
    0x07, 0xFF, 0xF0, 0x00, 0x00, 0x00, 0x00, 0x00, 0x00, 0x00, 0x00, 0x00, 0x00, 0x02, 0xFC, 0x00,
    0x78, 0xBF, 0xC0, 0x0F, 0x40, 0x3C, 0x00, 0xF0, 0x07, 0xC0, 0x1F, 0x00, 0xB8, 0x01, 0xE0, 0x0F,
    0x40, 0x3D, 0x00, 0xF0, 0x03, 0xC0, 0x2E, 0x00, 0xBC, 0x03, 0xD0, 0x1F, 0x80, 0x3D, 0x03, 0xB8,
    0x03, 0xD0, 0xF7, 0x9D, 0x3F, 0xFC, 0x7F, 0xC1, 0xFE, 0x03, 0xE0, 0x00, 0x00, 0x00, 0x00, 0x00,
    0x01, 0x00, 0x00, 0x00, 0x00, 0x78, 0x07, 0x00, 0x00, 0x07, 0xE6, 0xE0, 0x00, 0x00, 0x2F, 0xF8,
    0x00, 0x00, 0x00, 0x54, 0x00, 0x00, 0x00, 0x00, 0x00, 0x00, 0x15, 0x54, 0x00, 0x55, 0x57, 0xFF,
    0xC0, 0x1F, 0xFE, 0x1B, 0xD0, 0x00, 0x7E, 0x00, 0xB8, 0x00, 0x03, 0xD0, 0x0F, 0x80, 0x00, 0x3C,
    0x00, 0xF4, 0x00, 0x03, 0xC0, 0x1F, 0x00, 0x00, 0x78, 0x02, 0xF0, 0x00, 0x0B, 0x40, 0x2E, 0x00,
    0x00, 0xF0, 0x03, 0xD0, 0x00, 0x0F, 0x00, 0x3D, 0x00, 0x00, 0xF0, 0x07, 0xC0, 0x00, 0x1E, 0x00,
    0x7C, 0x00, 0x02, 0xD0, 0x0B, 0xC0, 0x00, 0x3C, 0x00, 0x7C, 0x00, 0x0F, 0x80, 0x03, 0xF0, 0x03,
    0xF0, 0x00, 0x2F, 0xFF, 0xFC, 0x00, 0x00, 0x7F, 0xFD, 0x00, 0x00, 0x00, 0x00, 0x00, 0x00, 0x00,
    0x00, 0x00, 0x00, 0x00, 0x03, 0x80, 0x24, 0x00, 0x3D, 0x1B, 0x00, 0x02, 0xFF, 0xD0, 0x00, 0x06,
    0xE0, 0x00, 0x00, 0x00, 0x00, 0x00, 0x00, 0x00, 0x02, 0xFC, 0x00, 0x78, 0xBF, 0xC0, 0x0F, 0x40,
    0x3C, 0x00, 0xF0, 0x07, 0xC0, 0x1F, 0x00, 0xB8, 0x01, 0xE0, 0x0F, 0x40, 0x3D, 0x00, 0xF0, 0x03,
    0xC0, 0x2E, 0x00, 0xBC, 0x03, 0xD0, 0x1F, 0x80, 0x3D, 0x03, 0xB8, 0x03, 0xD0, 0xF7, 0x9D, 0x3F,
    0xFC, 0x7F, 0xC1, 0xFE, 0x03, 0xE0, 0x00, 0x00, 0x00, 0x00, 0x00, 0x00, 0x19, 0x00, 0x00, 0x00,
    0x0F, 0xF8, 0x00, 0x00, 0x02, 0xC2, 0xC0, 0x00, 0x00, 0x3C, 0x1C, 0x00, 0x00, 0x02, 0xC3, 0xC0,
    0x00, 0x00, 0x0F, 0xF0, 0x00, 0x00, 0x00, 0x14, 0x00, 0x01, 0x55, 0x40, 0x05, 0x55, 0x7F, 0xFC,
    0x01, 0xFF, 0xE1, 0xBD, 0x00, 0x07, 0xE0, 0x0B, 0x80, 0x00, 0x3D, 0x00, 0xF8, 0x00, 0x03, 0xC0,
    0x0F, 0x40, 0x00, 0x3C, 0x01, 0xF0, 0x00, 0x07, 0x80, 0x2F, 0x00, 0x00, 0xB4, 0x02, 0xE0, 0x00,
    0x0F, 0x00, 0x3D, 0x00, 0x00, 0xF0, 0x03, 0xD0, 0x00, 0x0F, 0x00, 0x7C, 0x00, 0x01, 0xE0, 0x07,
    0xC0, 0x00, 0x2D, 0x00, 0xBC, 0x00, 0x03, 0xC0, 0x07, 0xC0, 0x00, 0xF8, 0x00, 0x3F, 0x00, 0x3F,
    0x00, 0x02, 0xFF, 0xFF, 0xC0, 0x00, 0x07, 0xFF, 0xD0, 0x00, 0x00, 0x00, 0x00, 0x00, 0x00, 0x00,
    0x01, 0x90, 0x00, 0x00, 0xBF, 0xC0, 0x00, 0x1E, 0x1D, 0x00, 0x02, 0xC1, 0xD0, 0x00, 0x2C, 0x2C,
    0x00, 0x00, 0xFF, 0x80, 0x00, 0x02, 0x90, 0x00, 0x00, 0x00, 0x00, 0x2F, 0xC0, 0x07, 0x8B, 0xFC,
    0x00, 0xF4, 0x03, 0xC0, 0x0F, 0x00, 0x7C, 0x01, 0xF0, 0x0B, 0x80, 0x1E, 0x00, 0xF4, 0x03, 0xD0,
    0x0F, 0x00, 0x3C, 0x02, 0xE0, 0x0B, 0xC0, 0x3D, 0x01, 0xF8, 0x03, 0xD0, 0x3B, 0x80, 0x3D, 0x0F,
    0x79, 0xD3, 0xFF, 0xC7, 0xFC, 0x1F, 0xE0, 0x3E, 0x00, 0x00, 0x00, 0x00, 0x00, 0x00, 0x00, 0x00,
    0x00, 0x00, 0x01, 0xD0, 0x1C, 0x00, 0x00, 0x7E, 0x0B, 0xD0, 0x00, 0x2F, 0xC3, 0xF8, 0x00, 0x0F,
    0xD0, 0xFD, 0x00, 0x00, 0xD0, 0x19, 0x00, 0x00, 0x00, 0x00, 0x00, 0x01, 0x55, 0x40, 0x05, 0x55,
    0x7F, 0xFC, 0x01, 0xFF, 0xE1, 0xBD, 0x00, 0x07, 0xE0, 0x0B, 0x80, 0x00, 0x3D, 0x00, 0xF8, 0x00,
    0x03, 0xC0, 0x0F, 0x40, 0x00, 0x3C, 0x01, 0xF0, 0x00, 0x07, 0x80, 0x2F, 0x00, 0x00, 0xB4, 0x02,
    0xE0, 0x00, 0x0F, 0x00, 0x3D, 0x00, 0x00, 0xF0, 0x03, 0xD0, 0x00, 0x0F, 0x00, 0x7C, 0x00, 0x01,
    0xE0, 0x07, 0xC0, 0x00, 0x2D, 0x00, 0xBC, 0x00, 0x03, 0xC0, 0x07, 0xC0, 0x00, 0xF8, 0x00, 0x3F,
    0x00, 0x3F, 0x00, 0x02, 0xFF, 0xFF, 0xC0, 0x00, 0x07, 0xFF, 0xD0, 0x00, 0x00, 0x00, 0x00, 0x00,
    0x00, 0x00, 0x00, 0x00, 0x00, 0x00, 0x38, 0x1C, 0x00, 0x0B, 0xC3, 0xD0, 0x01, 0xF4, 0xFC, 0x00,
    0x3D, 0x2F, 0x00, 0x07, 0x43, 0x80, 0x00, 0x00, 0x00, 0x00, 0x00, 0x00, 0x00, 0x2F, 0xC0, 0x07,
    0x8B, 0xFC, 0x00, 0xF4, 0x03, 0xC0, 0x0F, 0x00, 0x7C, 0x01, 0xF0, 0x0B, 0x80, 0x1E, 0x00, 0xF4,
    0x03, 0xD0, 0x0F, 0x00, 0x3C, 0x02, 0xE0, 0x0B, 0xC0, 0x3D, 0x01, 0xF8, 0x03, 0xD0, 0x3B, 0x80,
    0x3D, 0x0F, 0x79, 0xD3, 0xFF, 0xC7, 0xFC, 0x1F, 0xE0, 0x3E, 0x00, 0x00, 0x00, 0x00, 0x15, 0x54,
    0x00, 0x55, 0x57, 0xFF, 0xC0, 0x1F, 0xFE, 0x1B, 0xD0, 0x00, 0x7E, 0x00, 0xB8, 0x00, 0x03, 0xD0,
    0x0F, 0x80, 0x00, 0x3C, 0x00, 0xF4, 0x00, 0x03, 0xC0, 0x1F, 0x00, 0x00, 0x78, 0x02, 0xF0, 0x00,
    0x0B, 0x40, 0x2E, 0x00, 0x00, 0xF0, 0x03, 0xD0, 0x00, 0x0F, 0x00, 0x3D, 0x00, 0x00, 0xF0, 0x07,
    0xC0, 0x00, 0x1E, 0x00, 0x7C, 0x00, 0x02, 0xD0, 0x0B, 0xC0, 0x00, 0x3C, 0x00, 0x7C, 0x00, 0x0F,
    0x40, 0x03, 0xF0, 0x03, 0xF0, 0x00, 0x2F, 0xFF, 0xFC, 0x00, 0x00, 0x7F, 0xFD, 0x00, 0x00, 0x00,
    0x2E, 0x00, 0x00, 0x00, 0x03, 0x80, 0x00, 0x00, 0x00, 0xB4, 0x00, 0x00, 0x00, 0x0B, 0xE4, 0x00,
    0x00, 0x00, 0x3F, 0xC0, 0x00, 0x00, 0x00, 0x00, 0x00, 0x00, 0x2F, 0xC0, 0x07, 0x8B, 0xFC, 0x00,
    0xF4, 0x03, 0xC0, 0x0F, 0x00, 0x7C, 0x01, 0xF0, 0x0B, 0x80, 0x1E, 0x00, 0xF4, 0x03, 0xD0, 0x0F,
    0x00, 0x3C, 0x02, 0xE0, 0x0B, 0xC0, 0x3D, 0x01, 0xF8, 0x03, 0xD0, 0x3B, 0x80, 0x3D, 0x0F, 0x79,
    0xD3, 0xFF, 0xC7, 0xFC, 0x1F, 0xE0, 0x3F, 0x00, 0x00, 0x02, 0xC0, 0x00, 0x00, 0xB0, 0x00, 0x00,
    0x0F, 0x00, 0x00, 0x00, 0xF5, 0x00, 0x00, 0x0B, 0xF0, 0x00, 0x00, 0x00, 0x00, 0x00, 0x00, 0x00,
    0x18, 0x00, 0x00, 0x00, 0x00, 0x00, 0x0B, 0xF0, 0x00, 0x00, 0x00, 0x00, 0x02, 0xFF, 0x80, 0x00,
    0x00, 0x00, 0x00, 0xB8, 0x3D, 0x00, 0x00, 0x00, 0x00, 0x2E, 0x00, 0xD0, 0x00, 0x00, 0x00, 0x00,
    0x00, 0x00, 0x00, 0x00, 0x15, 0x54, 0x00, 0x00, 0x01, 0x55, 0x4B, 0xFF, 0xC0, 0x1E, 0x00, 0x7F,
    0xFC, 0x1F, 0xD0, 0x03, 0xF0, 0x00, 0xBD, 0x00, 0xF8, 0x00, 0x7F, 0x00, 0x0F, 0x40, 0x0F, 0x80,
    0x0B, 0xF0, 0x01, 0xF0, 0x00, 0xF8, 0x00, 0xFF, 0x00, 0x3D, 0x00, 0x0F, 0x80, 0x2E, 0xF0, 0x03,
    0xC0, 0x00, 0xB8, 0x03, 0xCF, 0x00, 0xB4, 0x00, 0x0B, 0xC0, 0xB4, 0xF4, 0x0F, 0x00, 0x00, 0xBC,
    0x0F, 0x0F, 0x42, 0xD0, 0x00, 0x07, 0xC2, 0xD0, 0xF4, 0x3C, 0x00, 0x00, 0x7C, 0x3C, 0x0B, 0x87,
    0x40, 0x00, 0x07, 0xCB, 0x40, 0xB8, 0xF0, 0x00, 0x00, 0x3C, 0xF0, 0x07, 0x9D, 0x00, 0x00, 0x03,
    0xED, 0x00, 0x7F, 0xC0, 0x00, 0x00, 0x3F, 0xC0, 0x07, 0xF8, 0x00, 0x00, 0x03, 0xF4, 0x00, 0x3F,
    0x00, 0x00, 0x00, 0x3F, 0x00, 0x03, 0xE0, 0x00, 0x00, 0x00, 0x00, 0x00, 0x00, 0x00, 0x00, 0x00,
    0x00, 0x00, 0x00, 0x00, 0x00, 0x00, 0x00, 0x3D, 0x00, 0x00, 0x00, 0x03, 0xFC, 0x00, 0x00, 0x00,
    0x2D, 0xF4, 0x00, 0x00, 0x02, 0xE1, 0xF0, 0x00, 0x00, 0x1E, 0x02, 0xC0, 0x00, 0x00, 0x00, 0x00,
    0x00, 0x00, 0x00, 0x00, 0x00, 0x00, 0x2F, 0x40, 0x3C, 0x01, 0xF6, 0xFF, 0x00, 0xF8, 0x03, 0xE0,
    0x3D, 0x02, 0xF0, 0x0F, 0x80, 0xF4, 0x0B, 0xC0, 0x3D, 0x02, 0xE0, 0x2F, 0x40, 0xF0, 0x07, 0xC0,
    0xFD, 0x03, 0xC0, 0x0F, 0x07, 0xF8, 0x2D, 0x00, 0x3C, 0x3D, 0xE0, 0xF0, 0x00, 0xF1, 0xD3, 0xCB,
    0x40, 0x03, 0xCF, 0x0F, 0x38, 0x00, 0x0B, 0xF0, 0x3F, 0xC0, 0x00, 0x2F, 0x40, 0xFC, 0x00, 0x00,
    0xB4, 0x03, 0xC0, 0x00, 0x00, 0x00, 0x00, 0x00, 0x00, 0x00, 0x00, 0x18, 0x00, 0x00, 0x00, 0x2F,
    0xC0, 0x00, 0x00, 0x2F, 0xFC, 0x00, 0x00, 0x2F, 0x0B, 0x80, 0x00, 0x1E, 0x00, 0xD0, 0x00, 0x00,
    0x00, 0x00, 0x01, 0x55, 0x40, 0x15, 0x51, 0xFF, 0xF4, 0x2F, 0xFD, 0x1F, 0xD0, 0x01, 0xF8, 0x02,
    0xF0, 0x00, 0xB8, 0x00, 0x3D, 0x00, 0x7C, 0x00, 0x0B, 0xC0, 0x3C, 0x00, 0x01, 0xF0, 0x3D, 0x00,
    0x00, 0x3E, 0x2E, 0x00, 0x00, 0x0B, 0xCF, 0x00, 0x00, 0x00, 0xFF, 0x00, 0x00, 0x00, 0x2F, 0x40,
    0x00, 0x00, 0x0B, 0xC0, 0x00, 0x00, 0x03, 0xE0, 0x00, 0x00, 0x00, 0xF4, 0x00, 0x00, 0x00, 0x3C,
    0x00, 0x00, 0x00, 0x1F, 0x00, 0x00, 0x00, 0x2F, 0xE8, 0x00, 0x00, 0x3F, 0xFF, 0x00, 0x00, 0x00,
    0x00, 0x00, 0x00, 0x00, 0x00, 0x0F, 0x40, 0x00, 0x00, 0x3F, 0xC0, 0x00, 0x00, 0xBB, 0xE0, 0x00,
    0x01, 0xE0, 0xF0, 0x00, 0x07, 0x80, 0xB0, 0x00, 0x00, 0x00, 0x00, 0x00, 0x00, 0x00, 0x00, 0x00,
    0x7E, 0x00, 0x7C, 0x01, 0xFF, 0x00, 0x3E, 0x00, 0x0F, 0x80, 0x2E, 0x00, 0x0B, 0xC0, 0x2D, 0x00,
    0x03, 0xC0, 0x3C, 0x00, 0x03, 0xD0, 0x3C, 0x00, 0x02, 0xD0, 0x74, 0x00, 0x02, 0xE0, 0xF0, 0x00,
    0x01, 0xE1, 0xD0, 0x00, 0x01, 0xE3, 0xC0, 0x00, 0x00, 0xEB, 0x00, 0x00, 0x01, 0xED, 0x00, 0x00,
    0x01, 0xF8, 0x00, 0x00, 0x02, 0xF0, 0x00, 0x00, 0x03, 0xC0, 0x00, 0x00, 0x1F, 0x00, 0x00, 0x25,
    0xBC, 0x00, 0x00, 0x3F, 0xE0, 0x00, 0x00, 0x2E, 0x40, 0x00, 0x00, 0x00, 0x0B, 0x41, 0xE0, 0x00,
    0x07, 0xE0, 0xFC, 0x00, 0x01, 0xF4, 0x3D, 0x00, 0x00, 0x00, 0x00, 0x00, 0x00, 0x00, 0x00, 0x00,
    0x05, 0x55, 0x00, 0x55, 0x47, 0xFF, 0xD0, 0xBF, 0xF4, 0x7F, 0x40, 0x07, 0xE0, 0x0B, 0xC0, 0x02,
    0xE0, 0x00, 0xF4, 0x01, 0xF0, 0x00, 0x2F, 0x00, 0xF0, 0x00, 0x07, 0xC0, 0xF4, 0x00, 0x00, 0xF8,
    0xB8, 0x00, 0x00, 0x2F, 0x3C, 0x00, 0x00, 0x03, 0xFC, 0x00, 0x00, 0x00, 0xBD, 0x00, 0x00, 0x00,
    0x2F, 0x00, 0x00, 0x00, 0x0F, 0x80, 0x00, 0x00, 0x03, 0xD0, 0x00, 0x00, 0x00, 0xF0, 0x00, 0x00,
    0x00, 0x7C, 0x00, 0x00, 0x00, 0xBF, 0xA0, 0x00, 0x00, 0xFF, 0xFC, 0x00, 0x00, 0x00, 0x00, 0x00,
    0x50, 0x00, 0x00, 0x07, 0xE0, 0x00, 0x00, 0x2F, 0xD0, 0x00, 0x00, 0xFE, 0x00, 0x00, 0x00, 0x90,
    0x00, 0x00, 0x00, 0x00, 0x00, 0x00, 0x55, 0x55, 0x54, 0x01, 0xFF, 0xFF, 0xFC, 0x02, 0xFA, 0xAA,
    0xFC, 0x03, 0xC0, 0x02, 0xF0, 0x03, 0xC0, 0x07, 0xD0, 0x01, 0x00, 0x0F, 0x40, 0x00, 0x00, 0x3E,
    0x00, 0x00, 0x00, 0xFC, 0x00, 0x00, 0x02, 0xF0, 0x00, 0x00, 0x0B, 0xC0, 0x00, 0x00, 0x1F, 0x40,
    0x00, 0x00, 0x7D, 0x00, 0x00, 0x00, 0xF8, 0x00, 0x00, 0x03, 0xF0, 0x00, 0xB0, 0x0F, 0xC0, 0x00,
    0xF0, 0x2F, 0x00, 0x02, 0xE0, 0x7F, 0xFF, 0xFF, 0xD0, 0x3F, 0xFF, 0xFF, 0xC0, 0x00, 0x00, 0x00,
    0x00, 0x00, 0x00, 0x00, 0x00, 0x00, 0x74, 0x00, 0x00, 0xF4, 0x00, 0x03, 0xE0, 0x00, 0x0B, 0x80,
    0x00, 0x0D, 0x00, 0x00, 0x00, 0x00, 0x00, 0x00, 0x00, 0x07, 0xE4, 0x1C, 0x0F, 0xFF, 0x7D, 0x2D,
    0x5F, 0xF8, 0x2C, 0x02, 0xE0, 0x00, 0x07, 0xC0, 0x00, 0x1F, 0x00, 0x00, 0x7C, 0x00, 0x01, 0xF0,
    0x00, 0x03, 0xC0, 0x00, 0x0F, 0x00, 0x10, 0x3F, 0x50, 0x38, 0xFF, 0xFF, 0xF8, 0xF0, 0xBF, 0xF0,
    0x00, 0x00, 0x00, 0x00, 0x00, 0x04, 0x00, 0x00, 0x00, 0x3E, 0x00, 0x00, 0x00, 0xBE, 0x00, 0x00,
    0x00, 0xBC, 0x00, 0x00, 0x00, 0x00, 0x00, 0x00, 0x00, 0x00, 0x00, 0x00, 0x55, 0x55, 0x54, 0x01,
    0xFF, 0xFF, 0xFC, 0x02, 0xFA, 0xAA, 0xFC, 0x03, 0xC0, 0x02, 0xF0, 0x03, 0xC0, 0x07, 0xD0, 0x01,
    0x00, 0x0F, 0x40, 0x00, 0x00, 0x3E, 0x00, 0x00, 0x00, 0xFC, 0x00, 0x00, 0x02, 0xF0, 0x00, 0x00,
    0x0B, 0xC0, 0x00, 0x00, 0x1F, 0x40, 0x00, 0x00, 0x7D, 0x00, 0x00, 0x00, 0xF8, 0x00, 0x00, 0x03,
    0xF0, 0x00, 0xB0, 0x0F, 0xC0, 0x00, 0xF0, 0x2F, 0x00, 0x02, 0xE0, 0x7F, 0xFF, 0xFF, 0xD0, 0x3F,
    0xFF, 0xFF, 0xC0, 0x00, 0x00, 0x00, 0x00, 0x00, 0x07, 0x80, 0x00, 0x0F, 0xC0, 0x00, 0x0F, 0x80,
    0x00, 0x05, 0x00, 0x00, 0x00, 0x00, 0x00, 0x00, 0x00, 0x07, 0xE4, 0x1C, 0x0F, 0xFF, 0x7D, 0x2D,
    0x5F, 0xF8, 0x2C, 0x02, 0xE0, 0x00, 0x07, 0xC0, 0x00, 0x1F, 0x00, 0x00, 0x7C, 0x00, 0x01, 0xF0,
    0x00, 0x03, 0xC0, 0x00, 0x0F, 0x00, 0x10, 0x3F, 0x50, 0x38, 0xFF, 0xFF, 0xF8, 0xF0, 0xBF, 0xF0,
    0x00, 0x00, 0x00, 0x00, 0x00, 0x00, 0x00, 0x00, 0x0E, 0x00, 0xB4, 0x00, 0x0F, 0x42, 0xE0, 0x00,
    0x07, 0xDF, 0x80, 0x00, 0x02, 0xFE, 0x00, 0x00, 0x00, 0xB8, 0x00, 0x00, 0x00, 0x00, 0x00, 0x00,
    0x55, 0x55, 0x54, 0x01, 0xFF, 0xFF, 0xFC, 0x02, 0xFA, 0xAA, 0xFC, 0x03, 0xC0, 0x02, 0xF0, 0x03,
    0xC0, 0x07, 0xD0, 0x01, 0x00, 0x0F, 0x40, 0x00, 0x00, 0x3E, 0x00, 0x00, 0x00, 0xFC, 0x00, 0x00,
    0x02, 0xF0, 0x00, 0x00, 0x0B, 0xC0, 0x00, 0x00, 0x1F, 0x40, 0x00, 0x00, 0x7D, 0x00, 0x00, 0x00,
    0xF8, 0x00, 0x00, 0x03, 0xF0, 0x00, 0xB0, 0x0F, 0xC0, 0x00, 0xF0, 0x2F, 0x00, 0x02, 0xE0, 0x7F,
    0xFF, 0xFF, 0xD0, 0x3F, 0xFF, 0xFF, 0xC0, 0x00, 0x00, 0x00, 0x00, 0x00, 0x00, 0x00, 0x00, 0xE0,
    0x2D, 0x00, 0xF0, 0xB8, 0x00, 0x79, 0xE0, 0x00, 0x3F, 0xC0, 0x00, 0x1F, 0x00, 0x00, 0x00, 0x00,
    0x00, 0x00, 0x00, 0x07, 0xE4, 0x1C, 0x0F, 0xFF, 0x7D, 0x2D, 0x5F, 0xF8, 0x2C, 0x02, 0xE0, 0x00,
    0x07, 0xC0, 0x00, 0x1F, 0x00, 0x00, 0x7C, 0x00, 0x01, 0xF0, 0x00, 0x03, 0xC0, 0x00, 0x0F, 0x00,
    0x10, 0x3F, 0x50, 0x38, 0xFF, 0xFF, 0xF8, 0xF0, 0xBF, 0xF0, 0x00, 0x00, 0x00, 0x00, 0x00, 0x00,
    0x00, 0x00, 0x00, 0x00, 0x03, 0xFD, 0x00, 0x00, 0x00, 0xFB, 0xF0, 0x00, 0x00, 0x3C, 0x09, 0x00,
    0x00, 0x07, 0x80, 0x00, 0x00, 0x00, 0xF4, 0x00, 0x00, 0x00, 0x0F, 0x00, 0x00, 0x00, 0x01, 0xF0,
    0x00, 0x00, 0x00, 0x2E, 0x00, 0x00, 0x00, 0x02, 0xD0, 0x00, 0x00, 0x00, 0x3D, 0x00, 0x00, 0x00,
    0x03, 0xC0, 0x00, 0x00, 0x00, 0x7C, 0x00, 0x00, 0x00, 0x0B, 0x80, 0x00, 0x00, 0x00, 0xF4, 0x00,
    0x00, 0x00, 0x0F, 0x00, 0x00, 0x00, 0x00, 0xF0, 0x00, 0x00, 0x00, 0x1F, 0x00, 0x00, 0x00, 0x02,
    0xE0, 0x00, 0x00, 0x00, 0x3D, 0x00, 0x00, 0x00, 0x03, 0xC0, 0x00, 0x00, 0x00, 0x7C, 0x00, 0x00,
    0x00, 0x0F, 0x40, 0x00, 0x02, 0xD1, 0xF0, 0x00, 0x00, 0x3F, 0xFC, 0x00, 0x00, 0x01, 0xBE, 0x00,
    0x00, 0x00, 0x00, 0x10, 0x00, 0x02, 0xFF, 0x00, 0x00, 0x6B, 0xC0, 0x00, 0x01, 0xF0, 0x00, 0x0A,
    0xFE, 0x90, 0x06, 0xBF, 0xA4, 0x00, 0x0F, 0x00, 0x00, 0x07, 0xC1, 0xA4, 0x02, 0xD2, 0xFF, 0x00,
    0xB7, 0xE7, 0xE0, 0x3E, 0xC0, 0xB8, 0x0F, 0xC0, 0x2F, 0x07, 0xE0, 0x0B, 0x82, 0xF0, 0x03, 0xE0,
    0xF8, 0x00, 0xF4, 0x3C, 0x00, 0x7C, 0x1F, 0x00, 0x3D, 0x0B, 0x80, 0x3E, 0x03, 0xFE, 0xBE, 0x01,
    0xFB, 0xFD, 0x00, 0x00, 0x00, 0x00, 0x00, 0x00, 0x05, 0xA9, 0x00, 0x02, 0xFF, 0xFF, 0xF0, 0x0F,
    0xDF, 0x81, 0xFC, 0x2F, 0x0F, 0x40, 0x7D, 0x1D, 0x0F, 0x00, 0x3D, 0x00, 0x1F, 0x00, 0x3D, 0x00,
    0x2E, 0x00, 0x7C, 0x00, 0x3E, 0x01, 0xF0, 0x00, 0x3F, 0xFF, 0xC0, 0x00, 0x7E, 0xAF, 0xF0, 0x00,
    0x7C, 0x01, 0xF8, 0x00, 0xB8, 0x00, 0xBC, 0x00, 0xF4, 0x00, 0x7C, 0x00, 0xF0, 0x00, 0x7C, 0x01,
    0xF0, 0x00, 0xF8, 0x02, 0xF0, 0x02, 0xF0, 0x0B, 0xFA, 0xAF, 0xC0, 0x3F, 0xFF, 0xF9, 0x00, 0x00,
    0x00, 0x00, 0x00, 0x00, 0x00, 0x00, 0x00, 0x64, 0x00, 0x00, 0x00, 0x07, 0xFD, 0x00, 0x00, 0x00,
    0x0E, 0x1C, 0x00, 0x00, 0x00, 0x2C, 0x00, 0x00, 0x01, 0x69, 0x3C, 0x00, 0x00, 0x2F, 0xFF, 0xF8,
    0x00, 0x00, 0xFE, 0x9B, 0xF8, 0x00, 0x03, 0xF0, 0x00, 0xB4, 0x00, 0x0F, 0xC0, 0x00, 0xB0, 0x00,
    0x1F, 0x00, 0x00, 0xA0, 0x00, 0x3E, 0x00, 0x00, 0x00, 0x00, 0x7C, 0x00, 0x00, 0x00, 0x00, 0xBC,
    0x00, 0x00, 0x00, 0x00, 0xF8, 0x00, 0x00, 0x00, 0x00, 0xF8, 0x00, 0x00, 0x00, 0x00, 0xF8, 0x00,
    0x00, 0x00, 0x00, 0xFC, 0x00, 0x00, 0x00, 0x00, 0xBC, 0x00, 0x00, 0x00, 0x00, 0x7E, 0x00, 0x00,
    0xC0, 0x00, 0x3F, 0xD0, 0x0B, 0xC0, 0x00, 0x0F, 0xFF, 0xFF, 0x00, 0x00, 0x02, 0xFF, 0xF4, 0x00,
    0x00, 0x00, 0x00, 0x00, 0x00, 0x00, 0x00, 0x00, 0x01, 0x90, 0x00, 0x00, 0x3F, 0xE0, 0x00, 0x03,
    0xDB, 0x80, 0x00, 0x1D, 0x08, 0x00, 0x00, 0xF0, 0x00, 0x01, 0xFF, 0x80, 0x00, 0x2F, 0xFD, 0x00,
    0x02, 0xE0, 0x60, 0x00, 0x1E, 0x00, 0x00, 0x00, 0xF0, 0x00, 0x00, 0x07, 0xC0, 0x00, 0x00, 0x2E,
    0x00, 0x00, 0x00, 0xF4, 0x00, 0x00, 0x03, 0xD0, 0x00, 0x00, 0x0F, 0x80, 0x04, 0x00, 0x2F, 0x01,
    0xE0, 0x00, 0x7F, 0xFF, 0x00, 0x00, 0xBF, 0xD0, 0x00, 0x00, 0x00, 0x00, 0x00, 0x00, 0x00, 0x05,
    0xA9, 0x40, 0x00, 0x03, 0xFF, 0xFF, 0xE0, 0x00, 0x19, 0xF4, 0x5F, 0xF4, 0x00, 0x07, 0xC0, 0x07,
    0xF0, 0x00, 0x2F, 0x00, 0x07, 0xE0, 0x00, 0xB8, 0x00, 0x0F, 0xC0, 0x03, 0xD0, 0x00, 0x2F, 0x00,
    0x0F, 0x00, 0x00, 0x7C, 0x05, 0xBD, 0x54, 0x02, 0xF0, 0x3F, 0xFF, 0xF0, 0x0B, 0xC0, 0x0F, 0x80,
    0x00, 0x3E, 0x00, 0x3D, 0x00, 0x00, 0xF4, 0x00, 0xF0, 0x00, 0x0B, 0xC0, 0x07, 0xC0, 0x00, 0x7D,
    0x00, 0x2F, 0x00, 0x03, 0xE0, 0x00, 0xF8, 0x00, 0xBE, 0x00, 0x1B, 0xFA, 0xBF, 0xD0, 0x01, 0xFF,
    0xFF, 0xE4, 0x00, 0x00, 0x00, 0x00, 0x00, 0x00, 0x00, 0x00, 0x05, 0xA9, 0x40, 0x00, 0x0B, 0xFF,
    0xFF, 0xE0, 0x00, 0xFD, 0xF8, 0x1B, 0xF8, 0x0B, 0xC3, 0xD0, 0x03, 0xF4, 0x1D, 0x0F, 0x00, 0x03,
    0xF0, 0x00, 0x7C, 0x00, 0x0B, 0xC0, 0x02, 0xF0, 0x00, 0x1F, 0x40, 0x0F, 0x80, 0x00, 0x3D, 0x00,
    0x3D, 0x00, 0x00, 0xF4, 0x00, 0xF0, 0x00, 0x07, 0xD0, 0x07, 0xC0, 0x00, 0x2F, 0x00, 0x2E, 0x00,
    0x00, 0xF8, 0x00, 0xF8, 0x00, 0x07, 0xD0, 0x03, 0xD0, 0x00, 0x3E, 0x00, 0x1F, 0x00, 0x03, 0xF0,
    0x00, 0xBC, 0x00, 0x7F, 0x00, 0x0B, 0xFA, 0xBF, 0xE0, 0x00, 0xFF, 0xFF, 0xE4, 0x00, 0x00, 0x00,
    0x00, 0x00, 0x00, 0x00, 0x00, 0x15, 0x55, 0x55, 0x00, 0x3F, 0xFF, 0xFF, 0xC0, 0x1F, 0xAA, 0xBF,
    0x40, 0x0B, 0x00, 0x0F, 0x80, 0x02, 0x80, 0x03, 0xD0, 0x00, 0x00, 0x00, 0xF0, 0x00, 0x00, 0x00,
    0x7C, 0x00, 0x00, 0x00, 0x2F, 0x00, 0x00, 0x7E, 0xAF, 0x80, 0x00, 0x3F, 0xFF, 0xD0, 0x00, 0x00,
    0x01, 0xF0, 0x00, 0x00, 0x00, 0x7C, 0x00, 0x00, 0x00, 0x2E, 0x00, 0x07, 0x00, 0x0F, 0x80, 0x03,
    0xC0, 0x03, 0xD0, 0x00, 0xE0, 0x01, 0xF0, 0x00, 0x7F, 0xFF, 0xFE, 0x80, 0x2F, 0xFF, 0xFF, 0xF0,
    0x00, 0x00, 0x06, 0xA4, 0x00, 0x02, 0xFF, 0xFD, 0x00, 0x3F, 0x56, 0xFC, 0x02, 0xD0, 0x00, 0xFC,
    0x01, 0x00, 0x01, 0xF4, 0x00, 0x00, 0x03, 0xE0, 0x00, 0x00, 0x0F, 0x80, 0x00, 0x00, 0x3E, 0x00,
    0x00, 0x00, 0xF8, 0x3F, 0xFF, 0xFF, 0xE3, 0xFF, 0xFF, 0xFF, 0x0F, 0x00, 0x00, 0xBC, 0x7C, 0x00,
    0x03, 0xD2, 0xF0, 0x00, 0x2F, 0x0B, 0xC0, 0x01, 0xF4, 0x1F, 0x00, 0x2F, 0x40, 0x3F, 0xAB, 0xF4,
    0x00, 0x2F, 0xFD, 0x00, 0x00, 0x00, 0x00, 0x00, 0x00, 0x00, 0x00, 0x15, 0x55, 0x54, 0x00, 0x00,
    0xFF, 0xFF, 0xFD, 0x00, 0x00, 0x1F, 0xEA, 0xBC, 0x00, 0x00, 0x0F, 0x40, 0x3C, 0x00, 0x00, 0x1F,
    0x00, 0x38, 0x00, 0x00, 0x2F, 0x00, 0x00, 0x00, 0x00, 0x2E, 0x00, 0x00, 0x00, 0x00, 0x3D, 0x00,
    0x00, 0x00, 0x00, 0x3E, 0x6A, 0x80, 0x00, 0x00, 0x7F, 0xFF, 0x80, 0x00, 0x00, 0xBC, 0x00, 0x00,
    0x00, 0x00, 0xF8, 0x00, 0x00, 0x00, 0x00, 0xF4, 0x00, 0x00, 0x00, 0x00, 0xF0, 0x00, 0x00, 0x00,
    0x01, 0xF0, 0x00, 0x00, 0x00, 0x02, 0xF0, 0x00, 0x00, 0x00, 0x03, 0xE0, 0x00, 0x00, 0x00, 0x03,
    0xD0, 0x00, 0x00, 0x00, 0x07, 0xC0, 0x00, 0x00, 0x00, 0x0F, 0x40, 0x00, 0x00, 0x3E, 0xBF, 0x00,
    0x00, 0x00, 0x3F, 0xFC, 0x00, 0x00, 0x00, 0x0A, 0x90, 0x00, 0x00, 0x00, 0x00, 0x00, 0x00, 0x00,
    0x00, 0x00, 0x00, 0x07, 0xFD, 0x00, 0x00, 0x01, 0xFB, 0xF0, 0x00, 0x00, 0x3C, 0x08, 0x00, 0x00,
    0x07, 0x80, 0x00, 0x00, 0x00, 0xF4, 0x00, 0x00, 0x00, 0x0F, 0x00, 0x00, 0x00, 0x0B, 0xFF, 0xD0,
    0x00, 0x03, 0xFF, 0xFC, 0x00, 0x00, 0x03, 0xD0, 0x00, 0x00, 0x00, 0x3C, 0x00, 0x00, 0x00, 0x03,
    0xC0, 0x00, 0x00, 0x00, 0x7C, 0x00, 0x00, 0x00, 0x0B, 0x80, 0x00, 0x00, 0x00, 0xF4, 0x00, 0x00,
    0x00, 0x0F, 0x00, 0x00, 0x00, 0x01, 0xF0, 0x00, 0x00, 0x00, 0x1F, 0x00, 0x00, 0x00, 0x02, 0xE0,
    0x00, 0x00, 0x00, 0x3D, 0x00, 0x00, 0x00, 0x03, 0xC0, 0x00, 0x00, 0x00, 0x7C, 0x00, 0x00, 0x00,
    0x0F, 0x40, 0x00, 0x02, 0xC1, 0xF0, 0x00, 0x00, 0x3F, 0xFC, 0x00, 0x00, 0x01, 0xFE, 0x00, 0x00,
    0x00, 0x00, 0x00, 0x00, 0x00, 0x68, 0x00, 0x00, 0x00, 0x03, 0xFF, 0x00, 0x00, 0x00, 0x0B, 0x09,
    0x00, 0x00, 0x00, 0x0E, 0x00, 0x00, 0x01, 0x69, 0x5D, 0x00, 0x00, 0x1F, 0xFF, 0xFC, 0x00, 0x00,
    0xFE, 0x5A, 0xFC, 0x00, 0x03, 0xF0, 0x00, 0x3C, 0x00, 0x0F, 0xC0, 0x00, 0x38, 0x00, 0x1F, 0x00,
    0x00, 0x30, 0x00, 0x3E, 0x00, 0x00, 0x00, 0x00, 0x7C, 0x00, 0x00, 0x00, 0x00, 0xBC, 0x00, 0x00,
    0x00, 0x00, 0xF8, 0x00, 0x00, 0x00, 0x00, 0xF8, 0x00, 0x3F, 0xFD, 0x00, 0xF8, 0x00, 0x06, 0xF8,
    0x00, 0xFC, 0x00, 0x00, 0xF0, 0x00, 0xBC, 0x00, 0x01, 0xF0, 0x00, 0x7F, 0x00, 0x02, 0xE0, 0x00,
    0x3F, 0xC0, 0x03, 0xE0, 0x00, 0x0F, 0xFF, 0xFF, 0xD0, 0x00, 0x01, 0xFF, 0xFE, 0x00, 0x00, 0x00,
    0x00, 0x00, 0x00, 0x00, 0x00, 0x55, 0x54, 0x03, 0xFF, 0xE0, 0x01, 0xF8, 0x00, 0x07, 0xC0, 0x00,
    0x2F, 0x00, 0x00, 0xB8, 0x00, 0x03, 0xD0, 0x00, 0x0F, 0x40, 0x05, 0xBD, 0x40, 0x3F, 0xFF, 0x40,
    0x0F, 0x80, 0x00, 0x3D, 0x00, 0x00, 0xF0, 0x00, 0x07, 0xC0, 0x00, 0x2F, 0x00, 0x00, 0xF8, 0x00,
    0x1B, 0xF8, 0x01, 0xFF, 0xF4, 0x00, 0x00, 0x55, 0x50, 0x00, 0x29, 0x00, 0x3F, 0xFD, 0x00, 0xBF,
    0xC0, 0x01, 0xF8, 0x00, 0xBD, 0xF4, 0x00, 0x7C, 0x00, 0xF8, 0x14, 0x00, 0x2F, 0x01, 0xF4, 0x00,
    0x00, 0x0B, 0x81, 0xF4, 0x00, 0x00, 0x03, 0xD2, 0xF0, 0x00, 0x00, 0x00, 0xF6, 0xF0, 0x00, 0x00,
    0x00, 0x7F, 0xE0, 0x00, 0x00, 0x00, 0x2F, 0xF8, 0x00, 0x00, 0x00, 0x0F, 0x9F, 0x40, 0x00, 0x00,
    0x03, 0xD2, 0xF0, 0x00, 0x00, 0x00, 0xF0, 0x3F, 0x00, 0x00, 0x00, 0x7C, 0x07, 0xE0, 0x00, 0x00,
    0x2F, 0x00, 0xBE, 0x00, 0x00, 0x0F, 0x80, 0x0F, 0xE0, 0x00, 0x1B, 0xF9, 0x00, 0xFF, 0x00, 0x1F,
    0xFF, 0x80, 0x0F, 0xF0, 0x00, 0x00, 0x00, 0x00, 0x00, 0x00, 0x00, 0x00, 0x00, 0x00, 0x00, 0xFF,
    0x40, 0x00, 0xFB, 0xF0, 0x00, 0xF0, 0x20, 0x00, 0x78, 0x00, 0x00, 0x2D, 0x00, 0x00, 0x0F, 0x00,
    0x00, 0x07, 0x87, 0xF4, 0x02, 0xDB, 0xAF, 0x00, 0xFF, 0x03, 0xC0, 0x3F, 0x00, 0xF0, 0x1F, 0x00,
    0xF4, 0x07, 0x81, 0xF4, 0x02, 0xFB, 0xF4, 0x00, 0xFF, 0xD0, 0x00, 0x3C, 0xF8, 0x00, 0x1F, 0x1F,
    0x40, 0x0B, 0x82, 0xF4, 0x03, 0xD0, 0x3F, 0xE0, 0xF0, 0x02, 0xFC, 0x00, 0x00, 0x00, 0x00, 0x00,
    0x14, 0x07, 0xFC, 0x06, 0xBC, 0x00, 0x7C, 0x00, 0xB8, 0x00, 0xF4, 0x00, 0xF0, 0x01, 0xF0, 0x02,
    0xE0, 0x2B, 0xF9, 0x3F, 0xFE, 0x03, 0xC0, 0x07, 0xC0, 0x0B, 0x80, 0x0F, 0x40, 0x0F, 0x00, 0x1F,
    0x04, 0x2E, 0x78, 0x3F, 0xF0, 0x2F, 0x80, 0x00, 0x00, 0x00, 0x00, 0x00, 0x00, 0x14, 0x00, 0x00,
    0x00, 0x02, 0xF0, 0x00, 0x00, 0x00, 0x0F, 0x80, 0x00, 0x1A, 0x40, 0x7C, 0x00, 0x1F, 0xFF, 0xE7,
    0xD0, 0x03, 0xF9, 0x5B, 0xFC, 0x00, 0x3F, 0x00, 0x07, 0xE0, 0x03, 0xF0, 0x00, 0x0F, 0xC0, 0x1F,
    0x00, 0x00, 0x1F, 0x40, 0xF8, 0x00, 0x00, 0x3D, 0x07, 0xC0, 0x00, 0x00, 0xF4, 0x2F, 0x00, 0x00,
    0x03, 0xD0, 0xF8, 0x00, 0x00, 0x1F, 0x03, 0xE0, 0x00, 0x00, 0xBC, 0x0F, 0x80, 0x00, 0x03, 0xE0,
    0x3E, 0x00, 0x00, 0x1F, 0x00, 0xFC, 0x00, 0x00, 0xF8, 0x01, 0xF4, 0x00, 0x0B, 0xC0, 0x03, 0xF4,
    0x01, 0xFC, 0x00, 0x03, 0xFE, 0xBF, 0xC0, 0x00, 0x02, 0xFF, 0xE4, 0x00, 0x00, 0x00, 0x00, 0x00,
    0x00, 0x00, 0x00, 0x00, 0x01, 0x90, 0x00, 0x00, 0x2E, 0x00, 0x00, 0x03, 0xD0, 0x06, 0xFE, 0xB8,
    0x02, 0xFF, 0xFD, 0x00, 0xFC, 0x07, 0xC0, 0x2F, 0x00, 0x3D, 0x03, 0xD0, 0x03, 0xE0, 0x7C, 0x00,
    0x3E, 0x0B, 0x80, 0x03, 0xD0, 0xF4, 0x00, 0x7C, 0x0F, 0x40, 0x0B, 0x80, 0xF8, 0x00, 0xF0, 0x0B,
    0xC0, 0x3E, 0x00, 0x7F, 0xAF, 0x80, 0x01, 0xFF, 0xD0, 0x00, 0x00, 0x00, 0x00, 0x00, 0x00, 0x05,
    0xA9, 0x00, 0x02, 0xFF, 0xFF, 0xF0, 0x0F, 0xDF, 0x81, 0xFC, 0x2F, 0x0F, 0x40, 0x3E, 0x1D, 0x0F,
    0x00, 0x3E, 0x00, 0x1F, 0x00, 0x3E, 0x00, 0x2F, 0x00, 0x3D, 0x00, 0x3E, 0x00, 0xBC, 0x00, 0x3D,
    0x02, 0xF0, 0x00, 0x3E, 0xAF, 0xC0, 0x00, 0x7F, 0xFD, 0x00, 0x00, 0xBC, 0x00, 0x00, 0x00, 0xF8,
    0x00, 0x00, 0x00, 0xF4, 0x00, 0x00, 0x01, 0xF0, 0x00, 0x00, 0x02, 0xF0, 0x00, 0x00, 0x0B, 0xFA,
    0x00, 0x00, 0x3F, 0xFF, 0x00, 0x00, 0x00, 0x00, 0x00, 0x00, 0x00, 0x00, 0x2F, 0xE0, 0x00, 0x00,
    0xFA, 0xF0, 0x00, 0x03, 0xD0, 0x50, 0x00, 0x07, 0xC0, 0x00, 0x00, 0x0B, 0x40, 0x00, 0x00, 0x0F,
    0x00, 0x00, 0x00, 0x0F, 0x07, 0xF0, 0x00, 0x1F, 0x2F, 0xFC, 0x00, 0x2E, 0x78, 0xBC, 0x00, 0x2E,
    0xD0, 0x3D, 0x00, 0x3F, 0x80, 0x3C, 0x00, 0x3F, 0x00, 0x3C, 0x00, 0x7D, 0x00, 0x7C, 0x00, 0xBC,
    0x00, 0xB8, 0x00, 0xF8, 0x00, 0xF0, 0x00, 0xF4, 0x02, 0xE0, 0x00, 0xF4, 0x07, 0xC0, 0x01, 0xFF,
    0xBF, 0x00, 0x02, 0xEF, 0xF8, 0x00, 0x03, 0xD0, 0x00, 0x00, 0x03, 0xC0, 0x00, 0x00, 0x03, 0xC0,
    0x00, 0x00, 0x07, 0x80, 0x00, 0x00, 0x2F, 0xFD, 0x00, 0x00, 0x2A, 0xA9, 0x00, 0x00, 0x00, 0x00,
    0x00, 0x03, 0x80, 0x00, 0xB4, 0x00, 0x0F, 0x00, 0x0A, 0xFF, 0xE3, 0xFF, 0xFD, 0x02, 0xE0, 0x00,
    0x3D, 0x00, 0x03, 0xC0, 0x00, 0x7C, 0x00, 0x07, 0x80, 0x00, 0xB8, 0x00, 0x0F, 0x40, 0x00, 0xF0,
    0x18, 0x0F, 0x0B, 0xC0, 0xFF, 0xF8, 0x0B, 0xFB, 0x40, 0x00, 0xB0, 0x00, 0x0F, 0x00, 0x01, 0xD0,
    0x3C, 0x7C, 0x03, 0xFF, 0x00, 0x1A, 0x80, 0x00, 0x00, 0x15, 0x55, 0x54, 0x0B, 0xFF, 0xFF, 0xFE,
    0x3F, 0xAB, 0xFA, 0xBD, 0x3D, 0x03, 0xD0, 0x2C, 0x3C, 0x07, 0xC0, 0x2C, 0x14, 0x0B, 0xC0, 0x24,
    0x00, 0x0B, 0x80, 0x00, 0x00, 0x0F, 0x40, 0x00, 0x00, 0x0F, 0x00, 0x00, 0x00, 0x1F, 0x00, 0x00,
    0x00, 0x2F, 0x00, 0x00, 0x00, 0x3E, 0x00, 0x00, 0x00, 0x3D, 0x00, 0x00, 0x00, 0x3C, 0x00, 0x00,
    0x00, 0x7C, 0x00, 0x00, 0x00, 0xBC, 0x00, 0x00, 0x06, 0xFE, 0x40, 0x00, 0x1F, 0xFF, 0xC0, 0x00,
    0x00, 0x00, 0x00, 0x00, 0x00, 0xBF, 0x80, 0x00, 0xFA, 0xF0, 0x00, 0xB4, 0x14, 0x00, 0x3C, 0x00,
    0x00, 0x2D, 0x00, 0x00, 0x0F, 0x00, 0x00, 0x2B, 0xFF, 0x80, 0x3F, 0xFF, 0xD0, 0x00, 0xB8, 0x00,
    0x00, 0x3D, 0x00, 0x00, 0x0F, 0x00, 0x00, 0x07, 0xC0, 0x00, 0x01, 0xE0, 0x00, 0x00, 0xB8, 0x00,
    0x00, 0x3D, 0x00, 0x00, 0x0F, 0x01, 0x80, 0x03, 0xC2, 0xE0, 0x00, 0xFF, 0xF0, 0x00, 0x2F, 0xE0,
    0x00, 0x00, 0x00, 0x00, 0x00, 0x15, 0x55, 0x55, 0x51, 0xFF, 0xFF, 0xFF, 0xEB, 0xAA, 0xFE, 0xAF,
    0x7C, 0x03, 0xD0, 0x2C, 0xF0, 0x1F, 0x00, 0xB2, 0x40, 0xBC, 0x02, 0x40, 0x02, 0xE0, 0x00, 0x00,
    0x0F, 0x40, 0x00, 0x00, 0x3C, 0x00, 0x00, 0x01, 0xF0, 0x00, 0x00, 0x0B, 0xC0, 0x00, 0x00, 0x3E,
    0x00, 0x00, 0x00, 0xF4, 0x00, 0x00, 0x03, 0xC0, 0x00, 0x00, 0x1F, 0x00, 0x00, 0x00, 0xBC, 0x00,
    0x00, 0x03, 0xE0, 0x00, 0x00, 0x0F, 0x40, 0x00, 0x00, 0x3C, 0x00, 0x00, 0x00, 0xF0, 0x20, 0x00,
    0x03, 0xE6, 0xC0, 0x00, 0x07, 0xFF, 0x00, 0x00, 0x07, 0xE0, 0x00, 0x00, 0x00, 0x00, 0x00, 0x00,
    0x14, 0x00, 0x00, 0x00, 0x00, 0x7C, 0x00, 0x00, 0x00, 0x00, 0x7C, 0x15, 0x54, 0x00, 0x56, 0xF4,
    0x7F, 0xFC, 0x01, 0xFF, 0xD0, 0x1B, 0xD0, 0x00, 0x7E, 0x00, 0x0B, 0x80, 0x00, 0x3D, 0x00, 0x0F,
    0x80, 0x00, 0x3C, 0x00, 0x0F, 0x40, 0x00, 0x3C, 0x00, 0x1F, 0x00, 0x00, 0x78, 0x00, 0x2F, 0x00,
    0x00, 0xB4, 0x00, 0x2E, 0x00, 0x00, 0xF0, 0x00, 0x3D, 0x00, 0x00, 0xF0, 0x00, 0x3D, 0x00, 0x00,
    0xF0, 0x00, 0x7C, 0x00, 0x01, 0xE0, 0x00, 0x7C, 0x00, 0x02, 0xD0, 0x00, 0xBC, 0x00, 0x03, 0xC0,
    0x00, 0x7C, 0x00, 0x0F, 0x80, 0x00, 0x3F, 0x00, 0x3F, 0x00, 0x00, 0x2F, 0xFF, 0xFC, 0x00, 0x00,
    0x07, 0xFF, 0xD0, 0x00, 0x00, 0x00, 0x00, 0x00, 0x00, 0x00, 0x00, 0x00, 0x00, 0x19, 0x00, 0x00,
    0x00, 0x2E, 0x00, 0x00, 0x00, 0x7D, 0x2F, 0xC0, 0x07, 0xF4, 0xBF, 0xC0, 0x0F, 0x80, 0x03, 0xC0,
    0x0F, 0x40, 0x07, 0xC0, 0x1F, 0x00, 0x0B, 0x80, 0x1E, 0x00, 0x0F, 0x40, 0x3D, 0x00, 0x0F, 0x00,
    0x3C, 0x00, 0x2E, 0x00, 0xBC, 0x00, 0x3D, 0x01, 0xF8, 0x00, 0x3D, 0x03, 0xB8, 0x00, 0x3D, 0x0F,
    0x79, 0xD0, 0x3F, 0xFC, 0x7F, 0xC0, 0x1F, 0xE0, 0x3E, 0x00, 0x00, 0x00, 0x00, 0x00, 0x15, 0x40,
    0x06, 0x80, 0x3F, 0xD0, 0x2F, 0xF4, 0x07, 0xD0, 0x2A, 0xFC, 0x07, 0xC0, 0x00, 0xBC, 0x0B, 0xC0,
    0x00, 0x7C, 0x0B, 0x80, 0x00, 0x7C, 0x0F, 0x40, 0x00, 0x7C, 0x0F, 0x00, 0x00, 0xB8, 0x1F, 0x00,
    0x00, 0xF4, 0x2F, 0x00, 0x00, 0xF0, 0x3E, 0x00, 0x02, 0xE0, 0x3D, 0x00, 0x03, 0xD0, 0x3C, 0x00,
    0x0B, 0xC0, 0x7C, 0x00, 0x1F, 0x00, 0x7C, 0x00, 0x3D, 0x00, 0x7E, 0x02, 0xF8, 0x00, 0x3F, 0xFF,
    0xD0, 0x00, 0x0F, 0xFE, 0x00, 0x00, 0x00, 0x00, 0x00, 0x00, 0x15, 0x54, 0x00, 0x06, 0x81, 0xFF,
    0xF4, 0x00, 0xBF, 0xC1, 0xFD, 0x00, 0x0B, 0xEF, 0x02, 0xF0, 0x00, 0xBC, 0x10, 0x03, 0xD0, 0x07,
    0xC0, 0x00, 0x0B, 0xC0, 0x3C, 0x00, 0x00, 0x1F, 0x03, 0xD0, 0x00, 0x00, 0x3E, 0x2E, 0x00, 0x00,
    0x00, 0xBC, 0xF0, 0x00, 0x00, 0x00, 0xFF, 0x00, 0x00, 0x00, 0x02, 0xF4, 0x00, 0x00, 0x00, 0x0B,
    0xC0, 0x00, 0x00, 0x00, 0x3E, 0x00, 0x00, 0x00, 0x00, 0xF4, 0x00, 0x00, 0x00, 0x03, 0xC0, 0x00,
    0x00, 0x00, 0x1F, 0x00, 0x00, 0x00, 0x02, 0xFE, 0x80, 0x00, 0x00, 0x3F, 0xFF, 0x00, 0x00, 0x00,
    0x00, 0x00, 0x00, 0x00, 0x00, 0x00, 0x00, 0x00, 0x00, 0x00, 0x0B, 0xF8, 0x00, 0x00, 0x00, 0x00,
    0x3E, 0xBC, 0x00, 0x00, 0x00, 0x00, 0xF4, 0x14, 0x00, 0x00, 0x00, 0x02, 0xE0, 0x00, 0x00, 0x00,
    0x00, 0x03, 0xC0, 0x00, 0x00, 0x00, 0x00, 0x07, 0x80, 0x00, 0x00, 0x7E, 0x00, 0x0B, 0x40, 0x00,
    0x01, 0xFF, 0x00, 0x0F, 0x00, 0x00, 0x00, 0x0F, 0x80, 0x1E, 0x00, 0x00, 0x00, 0x0B, 0xC0, 0x3C,
    0x00, 0x00, 0x00, 0x03, 0xC0, 0x3C, 0x00, 0x00, 0x00, 0x03, 0xD0, 0x78, 0x00, 0x00, 0x00, 0x02,
    0xD0, 0xF0, 0x00, 0x00, 0x00, 0x02, 0xE1, 0xE0, 0x00, 0x00, 0x00, 0x01, 0xE2, 0xD0, 0x00, 0x00,
    0x00, 0x01, 0xE3, 0xC0, 0x00, 0x00, 0x00, 0x00, 0xEB, 0x40, 0x00, 0x00, 0x00, 0x01, 0xEE, 0x00,
    0x00, 0x00, 0x00, 0x01, 0xFC, 0x00, 0x00, 0x00, 0x00, 0x02, 0xF4, 0x00, 0x00, 0x00, 0x00, 0x03,
    0xD0, 0x00, 0x00, 0x00, 0x00, 0x1F, 0x40, 0x00, 0x00, 0x00, 0x25, 0xBD, 0x00, 0x00, 0x00, 0x00,
    0x3F, 0xF0, 0x00, 0x00, 0x00, 0x00, 0x2E, 0x40, 0x00, 0x00, 0x00, 0x00, 0x00, 0x55, 0x55, 0x54,
    0x01, 0xFF, 0xFF, 0xFC, 0x02, 0xFA, 0xAA, 0xFC, 0x03, 0xC0, 0x02, 0xF0, 0x03, 0xC0, 0x07, 0xD0,
    0x01, 0x00, 0x1F, 0x40, 0x00, 0x00, 0x3E, 0x00, 0x00, 0x00, 0xFC, 0x00, 0x01, 0x57, 0xF9, 0x40,
    0x03, 0xFF, 0xFF, 0x80, 0x00, 0x2F, 0x40, 0x00, 0x00, 0x7D, 0x00, 0x00, 0x00, 0xF8, 0x00, 0x00,
    0x03, 0xF0, 0x00, 0xB0, 0x0F, 0xC0, 0x00, 0xF0, 0x2F, 0x00, 0x02, 0xE0, 0x7F, 0xFF, 0xFF, 0xD0,
    0x3F, 0xFF, 0xFF, 0xC0, 0x00, 0x00, 0x00, 0x00, 0x07, 0xE4, 0x1C, 0x0F, 0xFF, 0x7D, 0x2D, 0x5F,
    0xF8, 0x2C, 0x02, 0xE0, 0x00, 0x07, 0xC0, 0x00, 0x1F, 0x00, 0x1F, 0xFF, 0xF0, 0x01, 0xF4, 0x00,
    0x03, 0xC0, 0x00, 0x0F, 0x00, 0x10, 0x3F, 0x50, 0x38, 0xFF, 0xFF, 0xF8, 0xF0, 0xBF, 0xF0, 0x00,
    0x00, 0x00, 0x00, 0x15, 0x55, 0x54, 0x00, 0xBF, 0xFF, 0xFD, 0x00, 0xFA, 0xAA, 0xFC, 0x00, 0xF0,
    0x02, 0xF0, 0x00, 0xD0, 0x0B, 0xC0, 0x00, 0x80, 0x2F, 0x00, 0x00, 0x00, 0xBC, 0x00, 0x00, 0x02,
    0xF0, 0x00, 0x00, 0x03, 0xFD, 0x00, 0x00, 0x01, 0xBF, 0x40, 0x00, 0x00, 0x0F, 0xC0, 0x00, 0x00,
    0x07, 0xC0, 0x00, 0x00, 0x07, 0xC0, 0x08, 0x00, 0x0B, 0xC0, 0x3C, 0x00, 0x0F, 0x80, 0x3F, 0x00,
    0x7F, 0x00, 0x2F, 0xEB, 0xFC, 0x00, 0x0B, 0xFF, 0xD0, 0x00, 0x00, 0x00, 0x00, 0x00, 0x00, 0x00,
    0x10, 0x00, 0x00, 0x2F, 0xFD, 0x00, 0x07, 0xFA, 0xFC, 0x00, 0x7E, 0x00, 0xF8, 0x03, 0xE0, 0x03,
    0xE0, 0x0B, 0x00, 0x0F, 0x40, 0x00, 0x00, 0x7C, 0x00, 0x00, 0x03, 0xE0, 0x00, 0x00, 0x2F, 0x00,
    0x00, 0x01, 0xF4, 0x00, 0x1F, 0xFF, 0xFF, 0x00, 0x15, 0xF9, 0x50, 0x00, 0x0F, 0xC0, 0x00, 0x00,
    0xFC, 0x00, 0x00, 0x0B, 0xC0, 0x00, 0x00, 0xBC, 0x00, 0x34, 0x0B, 0xC0, 0x01, 0xD0, 0x7D, 0x00,
    0x0F, 0x03, 0xFF, 0xFF, 0xFC, 0x0F, 0xFF, 0xFF, 0xD0, 0x00, 0x00, 0x00, 0x00, 0x00, 0x04, 0x00,
    0x3D, 0x00, 0x3C, 0x00, 0x7C, 0x00, 0xB8, 0x00, 0xF4, 0x00, 0xF0, 0x01, 0xF0, 0x02, 0xE0, 0x03,
    0xD0, 0x03, 0xC0, 0x07, 0xC0, 0x0B, 0x80, 0x0F, 0x40, 0x0F, 0x00, 0x1F, 0x00, 0x2E, 0x00, 0x3D,
    0x00, 0x3C, 0x00, 0x7C, 0x00, 0x00, 0x04, 0x01, 0x00, 0x0F, 0x43, 0xD0, 0x03, 0xC0, 0xF0, 0x01,
    0xF0, 0x7C, 0x00, 0xB8, 0x2E, 0x00, 0x3D, 0x0F, 0x40, 0x0F, 0x03, 0xC0, 0x07, 0xC1, 0xF0, 0x02,
    0xE0, 0xB8, 0x00, 0xF4, 0x3D, 0x00, 0x3C, 0x0F, 0x00, 0x1F, 0x07, 0xC0, 0x0B, 0x82, 0xE0, 0x03,
    0xD0, 0xF4, 0x00, 0xF0, 0x3C, 0x00, 0x7C, 0x1F, 0x00, 0x2E, 0x0B, 0x80, 0x0F, 0x43, 0xD0, 0x03,
    0xC0, 0xF0, 0x01, 0xF0, 0x7C, 0x00, 0x00, 0x00, 0x40, 0x00, 0x2E, 0x00, 0x00, 0xF4, 0x00, 0x03,
    0xC0, 0x00, 0x1F, 0x00, 0x00, 0xB8, 0x00, 0x03, 0xD0, 0x01, 0x5F, 0x94, 0x0F, 0xFF, 0xF0, 0x02,
    0xE0, 0x00, 0x0F, 0x40, 0x00, 0x3C, 0x00, 0x3F, 0xFF, 0xC0, 0x5F, 0xD5, 0x00, 0x3D, 0x00, 0x00,
    0xF0, 0x00, 0x07, 0xC0, 0x00, 0x2E, 0x00, 0x00, 0xF4, 0x00, 0x03, 0xC0, 0x00, 0x00, 0x14, 0x03,
    0xD0, 0x1F, 0x00, 0xF8, 0x03, 0xD0, 0x0F, 0x00, 0x7C, 0x02, 0xD0, 0x0B, 0x00, 0x3C, 0x00, 0xE0,
    0x03, 0x80, 0x1D, 0x00, 0x70, 0x00, 0x00, 0x00, 0x00, 0x1D, 0x01, 0xF8, 0x07, 0xC0, 0x04, 0x00,
    0x00, 0x00, 0x00, 0x00, 0x00, 0x00, 0x00, 0x00, 0x00, 0x00, 0x00, 0x00, 0x00, 0x00, 0x00, 0xB0,
    0x07, 0x80, 0x00, 0x00, 0x00, 0x00, 0x00, 0x03, 0xE0, 0xBC, 0x00, 0x00, 0x00, 0x00, 0x00, 0x00,
    0x03, 0xDB, 0x80, 0x00, 0x00, 0x00, 0x00, 0x00, 0x00, 0x07, 0xF8, 0x00, 0x00, 0x00, 0x00, 0x00,
    0x00, 0x00, 0x0B, 0x80, 0x00, 0x00, 0x00, 0x00, 0x00, 0x00, 0x00, 0x00, 0x00, 0x00, 0x01, 0x6A,
    0x50, 0x00, 0x00, 0x55, 0x55, 0x54, 0x00, 0xFF, 0xFF, 0xF8, 0x00, 0x03, 0xFF, 0xFF, 0xF4, 0x06,
    0x7D, 0x17, 0xFD, 0x00, 0x1F, 0xAA, 0xAF, 0xC0, 0x01, 0xF0, 0x01, 0xFC, 0x00, 0xB4, 0x00, 0x7D,
    0x00, 0x0B, 0xC0, 0x01, 0xF8, 0x03, 0xC0, 0x07, 0xD0, 0x00, 0x2E, 0x00, 0x03, 0xF0, 0x05, 0x00,
    0x3E, 0x00, 0x00, 0xF4, 0x00, 0x0B, 0xC0, 0x00, 0x03, 0xF0, 0x00, 0x03, 0xC0, 0x00, 0x1F, 0x00,
    0x00, 0x3F, 0x00, 0x00, 0x1F, 0x00, 0x00, 0xBC, 0x00, 0x02, 0xF0, 0x00, 0x00, 0xBC, 0x00, 0x02,
    0xF0, 0x00, 0x1F, 0x40, 0x00, 0x03, 0xE0, 0x00, 0x0F, 0x80, 0x01, 0xF4, 0x00, 0x00, 0x0F, 0x40,
    0x00, 0x3D, 0x00, 0x0F, 0x80, 0x00, 0x00, 0x3C, 0x00, 0x02, 0xF0, 0x00, 0xF8, 0x00, 0x10, 0x01,
    0xF0, 0x00, 0x1F, 0x40, 0x0F, 0xC0, 0x01, 0xC0, 0x0B, 0xC0, 0x00, 0xF8, 0x00, 0xBC, 0x00, 0x0F,
    0x00, 0x3E, 0x00, 0x2F, 0x80, 0x07, 0xD0, 0x00, 0x7C, 0x06, 0xFE, 0xAF, 0xF4, 0x00, 0x3F, 0xFF,
    0xFF, 0xD0, 0x7F, 0xFF, 0xF9, 0x00, 0x00, 0xFF, 0xFF, 0xFF, 0x00, 0x00, 0x00, 0x00, 0x00, 0x00,
    0x00, 0x00, 0x00, 0x00, 0x00, 0x00, 0x00, 0x00, 0x00, 0x00, 0x00, 0x00, 0x00, 0x00, 0x00, 0x00,
    0x00, 0x00, 0xD0, 0x3C, 0x00, 0x00, 0x00, 0x00, 0x00, 0x00, 0xF0, 0xF4, 0x00, 0x05, 0xA9, 0x40,
    0x00, 0x00, 0xB6, 0xD0, 0x00, 0xFF, 0xFF, 0xF8, 0x00, 0x00, 0x3F, 0x80, 0x01, 0x9F, 0x45, 0xFF,
    0x40, 0x00, 0x2E, 0x00, 0x00, 0x1F, 0x00, 0x1F, 0xC0, 0x00, 0x00, 0x00, 0x00, 0x2F, 0x00, 0x07,
    0xE0, 0x00, 0x00, 0x00, 0x00, 0x2E, 0x00, 0x03, 0xF0, 0x0B, 0xE0, 0x2C, 0x00, 0x3D, 0x00, 0x02,
    0xF0, 0x2F, 0xFE, 0x7C, 0x00, 0x3C, 0x00, 0x01, 0xF0, 0x3D, 0x6F, 0xF4, 0x00, 0x7C, 0x00, 0x02,
    0xF0, 0x38, 0x03, 0xD0, 0x00, 0xBC, 0x00, 0x02, 0xF0, 0x00, 0x0B, 0x80, 0x00, 0xF8, 0x00, 0x03,
    0xE0, 0x00, 0x2E, 0x00, 0x00, 0xF4, 0x00, 0x03, 0xD0, 0x00, 0xB8, 0x00, 0x00, 0xF0, 0x00, 0x0B,
    0xC0, 0x02, 0xE0, 0x00, 0x01, 0xF0, 0x00, 0x1F, 0x40, 0x07, 0xC0, 0x00, 0x02, 0xF0, 0x00, 0x3E,
    0x00, 0x1F, 0x00, 0x10, 0x03, 0xE0, 0x02, 0xF8, 0x00, 0x7E, 0x40, 0x74, 0x1B, 0xFA, 0xBF, 0xD0,
    0x00, 0xFF, 0xFF, 0xF4, 0x7F, 0xFF, 0xF9, 0x00, 0x00, 0xE1, 0xBF, 0xE0, 0x00, 0x00, 0x00, 0x00,
    0x00, 0x00, 0x00, 0x00, 0x00, 0x00, 0x00, 0x00, 0x00, 0x00, 0x00, 0x00, 0x00, 0x05, 0x00, 0x1C,
    0x03, 0xC0, 0x00, 0x07, 0xFC, 0x00, 0x78, 0x3C, 0x00, 0x00, 0x1A, 0xF0, 0x00, 0xF7, 0xD0, 0x00,
    0x00, 0x07, 0xC0, 0x01, 0xFD, 0x00, 0x00, 0x00, 0x2E, 0x00, 0x02, 0xE0, 0x00, 0x00, 0x00, 0xF4,
    0x00, 0x00, 0x00, 0x00, 0x00, 0x03, 0xC0, 0x00, 0x00, 0x00, 0x00, 0x2F, 0x9F, 0x00, 0x2F, 0x80,
    0xE0, 0x07, 0xFF, 0xF8, 0x02, 0xFF, 0xE7, 0xC0, 0x7D, 0x0B, 0xD0, 0x0F, 0x5B, 0xFC, 0x03, 0xC0,
    0x0F, 0x00, 0x34, 0x03, 0xD0, 0x2E, 0x00, 0x3C, 0x00, 0x00, 0x3D, 0x00, 0xF0, 0x01, 0xE0, 0x00,
    0x03, 0xD0, 0x07, 0x80, 0x0B, 0x80, 0x00, 0x2E, 0x00, 0x2D, 0x00, 0x7D, 0x00, 0x02, 0xE0, 0x00,
    0xF4, 0x03, 0xF0, 0x00, 0x2E, 0x00, 0x03, 0xD0, 0x2F, 0xC1, 0x02, 0xF0, 0x01, 0x0F, 0xC2, 0xCF,
    0x3C, 0x1F, 0x90, 0x1D, 0x2F, 0xFD, 0x3F, 0xC1, 0xFF, 0xFF, 0xF0, 0x3F, 0xC0, 0xFC, 0x03, 0x86,
    0xFF, 0x80, 0x00, 0x00, 0x00, 0x00, 0x00, 0x00, 0x00, 0x00, 0x55, 0x54, 0x00, 0x01, 0x55, 0x40,
    0x0F, 0xFF, 0x80, 0x00, 0x7F, 0xFD, 0x00, 0x1F, 0x80, 0x00, 0x01, 0xBD, 0x00, 0x01, 0xF0, 0x00,
    0x00, 0x0B, 0xC0, 0x00, 0x2F, 0x00, 0x00, 0x00, 0xF8, 0x00, 0x02, 0xE0, 0x00, 0x00, 0x0F, 0x40,
    0x00, 0x3D, 0x00, 0x00, 0x00, 0xF0, 0x00, 0x03, 0xD0, 0x00, 0x00, 0x1F, 0x00, 0x00, 0x7C, 0x00,
    0x00, 0x02, 0xF0, 0x00, 0x0B, 0xC0, 0x00, 0x00, 0x3E, 0x00, 0x00, 0xF8, 0x00, 0x00, 0x03, 0xD0,
    0x00, 0x0F, 0x40, 0x00, 0x00, 0x7C, 0x00, 0x00, 0xF0, 0x00, 0x00, 0x07, 0xC0, 0x00, 0x1F, 0x00,
    0x03, 0x40, 0xBC, 0x00, 0x02, 0xF0, 0x00, 0xB0, 0x0F, 0x80, 0x00, 0x3E, 0x00, 0x1F, 0x00, 0xF4,
    0x00, 0x1B, 0xFF, 0xFF, 0xD0, 0x1F, 0x00, 0x07, 0xFF, 0xFF, 0xFC, 0x02, 0xF0, 0x00, 0x00, 0x00,
    0x00, 0x00, 0x3D, 0x00, 0x00, 0x00, 0x00, 0x04, 0x0B, 0xC0, 0x00, 0x00, 0x00, 0x01, 0xF6, 0xF4,
    0x00, 0x00, 0x00, 0x00, 0x1F, 0xFD, 0x00, 0x00, 0x00, 0x00, 0x00, 0x69, 0x00, 0x00, 0x00, 0x00,
    0x00, 0x00, 0x00, 0x00, 0x00, 0x00, 0x00, 0x00, 0x00, 0x02, 0xF0, 0x05, 0x55, 0x40, 0x00, 0x1F,
    0xC0, 0x3F, 0xFE, 0x00, 0x00, 0x7D, 0x00, 0x1F, 0x80, 0x00, 0x00, 0x00, 0x00, 0x7C, 0x00, 0x00,
    0x00, 0x00, 0x02, 0xF0, 0x00, 0x00, 0x00, 0x00, 0x0B, 0x80, 0x00, 0x0B, 0xF0, 0x00, 0x3D, 0x00,
    0x00, 0x7F, 0xD0, 0x00, 0xF4, 0x00, 0x00, 0x0F, 0x00, 0x07, 0xC0, 0x00, 0x00, 0x7C, 0x00, 0x2F,
    0x00, 0x00, 0x01, 0xE0, 0x00, 0xF8, 0x00, 0x00, 0x0B, 0x80, 0x03, 0xD0, 0x00, 0x00, 0x3D, 0x00,
    0x0F, 0x00, 0x00, 0x00, 0xF0, 0x00, 0x7C, 0x00, 0x0D, 0x07, 0xC0, 0x02, 0xF0, 0x00, 0xB0, 0x2E,
    0x00, 0x0F, 0x80, 0x07, 0xC0, 0xF4, 0x01, 0xBF, 0xFF, 0xFD, 0x03, 0xC0, 0x1F, 0xFF, 0xFF, 0xF0,
    0x1F, 0x00, 0x00, 0x00, 0x00, 0x00, 0xF4, 0x00, 0x00, 0x00, 0x00, 0x03, 0xC0, 0x00, 0x00, 0x00,
    0x00, 0x2E, 0x00, 0x00, 0x00, 0x00, 0xF6, 0xF0, 0x00, 0x00, 0x00, 0x03, 0xFF, 0x00, 0x00, 0x00,
    0x00, 0x0B, 0xE0, 0x00, 0x00, 0x00, 0x50, 0x00, 0x00, 0x7F, 0xC0, 0x07, 0xD1, 0xAF, 0x00, 0x3F,
    0x40, 0x7C, 0x00, 0xFC, 0x02, 0xE0, 0x00, 0x00, 0x0F, 0x40, 0x00, 0x00, 0x3C, 0x00, 0x00, 0x01,
    0xF0, 0x1B, 0xE0, 0x0B, 0x80, 0xFF, 0xC0, 0x2D, 0x00, 0x2E, 0x00, 0xF4, 0x00, 0xF4, 0x03, 0xC0,
    0x03, 0xC0, 0x1F, 0x00, 0x0F, 0x00, 0xB8, 0x00, 0x7C, 0x03, 0xD0, 0x02, 0xE0, 0x0F, 0x00, 0x0F,
    0x40, 0x7C, 0x10, 0x3C, 0x02, 0xE7, 0x81, 0xF0, 0x0F, 0xFC, 0x0B, 0x80, 0x2F, 0x80, 0x3D, 0x00,
    0x00, 0x01, 0xF0, 0x00, 0x00, 0x0B, 0x80, 0x00, 0x00, 0x3C, 0x00, 0x01, 0xE7, 0xD0, 0x00, 0x0B,
    0xFE, 0x00, 0x00, 0x0B, 0x90, 0x00, 0x00, 0x00, 0x55, 0x00, 0x01, 0x55, 0x40, 0x55, 0x50, 0x03,
    0xFD, 0x00, 0x1F, 0xFE, 0x0F, 0xFF, 0xC0, 0x01, 0xFC, 0x00, 0x0B, 0x80, 0x07, 0xF4, 0x00, 0x07,
    0xF4, 0x00, 0x2D, 0x00, 0x0F, 0x80, 0x00, 0x1F, 0xE0, 0x00, 0xF0, 0x00, 0x3D, 0x00, 0x00, 0xBB,
    0xC0, 0x03, 0xC0, 0x01, 0xF0, 0x00, 0x03, 0xCF, 0x80, 0x1F, 0x00, 0x0B, 0xC0, 0x00, 0x0F, 0x1F,
    0x00, 0x78, 0x00, 0x2E, 0x00, 0x00, 0x78, 0x3D, 0x02, 0xD0, 0x00, 0xF4, 0x00, 0x02, 0xE0, 0xBC,
    0x0F, 0x00, 0x03, 0xD0, 0x00, 0x0B, 0x40, 0xF4, 0x3C, 0x00, 0x1F, 0x00, 0x00, 0x3C, 0x02, 0xF1,
    0xE0, 0x00, 0xBC, 0x00, 0x00, 0xF0, 0x03, 0xD7, 0x80, 0x03, 0xE0, 0x00, 0x07, 0x80, 0x0F, 0xAD,
    0x00, 0x0F, 0x40, 0x00, 0x2D, 0x00, 0x1F, 0xF0, 0x00, 0x3C, 0x00, 0x00, 0xF4, 0x00, 0x3F, 0xC0,
    0x01, 0xF0, 0x00, 0x0B, 0xE4, 0x00, 0x7E, 0x00, 0x0B, 0x80, 0x00, 0xFF, 0xF0, 0x00, 0xF4, 0x00,
    0x3D, 0x00, 0x00, 0x00, 0x00, 0x00, 0x00, 0x01, 0xF0, 0x00, 0x00, 0x00, 0x00, 0x00, 0x00, 0x0F,
    0x80, 0x00, 0x00, 0x00, 0x00, 0x00, 0xBA, 0xFC, 0x00, 0x00, 0x00, 0x00, 0x00, 0x03, 0xFF, 0xC0,
    0x00, 0x00, 0x00, 0x00, 0x00, 0x02, 0xA4, 0x00, 0x00, 0x00, 0x00, 0x00, 0x00, 0x00, 0x00, 0x00,
    0x00, 0x00, 0x00, 0x00, 0x00, 0x00, 0x00, 0x2F, 0x00, 0x55, 0x00, 0x01, 0x55, 0x40, 0x3F, 0x00,
    0xFF, 0x40, 0x07, 0xFF, 0x80, 0x3D, 0x00, 0x1F, 0xC0, 0x00, 0xB8, 0x00, 0x00, 0x00, 0x1F, 0xD0,
    0x00, 0xB4, 0x00, 0x00, 0x00, 0x1F, 0xE0, 0x00, 0xF0, 0x00, 0x00, 0x00, 0x2E, 0xF0, 0x00, 0xF0,
    0x0B, 0xF0, 0x00, 0x3C, 0xF8, 0x01, 0xF0, 0x1F, 0xF4, 0x00, 0x3C, 0x7C, 0x01, 0xE0, 0x00, 0xF0,
    0x00, 0x78, 0x3D, 0x02, 0xD0, 0x00, 0xF0, 0x00, 0xB8, 0x2F, 0x03, 0xC0, 0x01, 0xF0, 0x00, 0xB4,
    0x0F, 0x43, 0xC0, 0x02, 0xE0, 0x00, 0xF0, 0x0B, 0xC7, 0x80, 0x03, 0xD0, 0x00, 0xF0, 0x03, 0xD7,
    0x80, 0x03, 0xC0, 0x01, 0xE0, 0x03, 0xEB, 0x40, 0x07, 0xC0, 0x02, 0xD0, 0x01, 0xFF, 0x00, 0x0B,
    0x80, 0x03, 0xD0, 0x00, 0xFF, 0x00, 0x0F, 0x40, 0x0B, 0xE4, 0x00, 0x7E, 0x00, 0x0F, 0x00, 0x3F,
    0xFC, 0x00, 0x3D, 0x00, 0x1F, 0x00, 0x00, 0x00, 0x00, 0x00, 0x00, 0x3D, 0x00, 0x00, 0x00, 0x00,
    0x00, 0x00, 0x3C, 0x00, 0x00, 0x00, 0x00, 0x00, 0x00, 0xB8, 0x00, 0x00, 0x00, 0x00, 0x00, 0xF6,
    0xF0, 0x00, 0x00, 0x00, 0x00, 0x00, 0xFF, 0xC0, 0x00, 0x00, 0x00, 0x00, 0x00, 0x7E, 0x00, 0x00,
    0x00, 0x00, 0x00, 0x00, 0x00, 0x00, 0x00, 0x00, 0x00, 0x00, 0x07, 0xC0, 0x00, 0x00, 0x00, 0x00,
    0x3F, 0x00, 0x00, 0x00, 0x00, 0x00, 0xF8, 0x00, 0x00, 0x00, 0x00, 0x00, 0x00, 0x00, 0x00, 0x00,
    0x00, 0x00, 0x00, 0x00, 0x00, 0x00, 0x00, 0x00, 0x1B, 0xE0, 0x2F, 0x80, 0x1B, 0xD0, 0xBF, 0xC3,
    0xFF, 0x00, 0xFF, 0x40, 0x1E, 0x3D, 0x3D, 0x00, 0x3D, 0x00, 0xBB, 0xC0, 0xF0, 0x00, 0xF0, 0x03,
    0xFC, 0x07, 0xC0, 0x03, 0xC0, 0x0F, 0xD0, 0x2E, 0x00, 0x1F, 0x00, 0x3E, 0x00, 0xF4, 0x00, 0xB8,
    0x01, 0xF0, 0x03, 0xC0, 0x03, 0xD0, 0x0B, 0x80, 0x1F, 0x00, 0x0F, 0x00, 0x3D, 0x00, 0xB8, 0x40,
    0x7C, 0x00, 0xF0, 0x03, 0xD7, 0x42, 0xE0, 0x07, 0xC0, 0x0F, 0xF8, 0x0F, 0x40, 0x2E, 0x00, 0x3F,
    0x80, 0x3C, 0x00, 0x00, 0x00, 0x00, 0x02, 0xE0, 0x00, 0x00, 0x00, 0x00, 0x0F, 0x40, 0x00, 0x00,
    0x00, 0x00, 0x7C, 0x00, 0x00, 0x00, 0x02, 0xDB, 0xC0, 0x00, 0x00, 0x00, 0x0F, 0xFD, 0x00, 0x00,
    0x00, 0x00, 0x1F, 0x80, 0x00, 0x00, 0x00, 0x00, 0x00, 0x00, 0x00, 0x00, 0x00, 0xB0, 0x07, 0x80,
    0x00, 0x02, 0xE0, 0xBC, 0x00, 0x00, 0x03, 0xEB, 0x80, 0x00, 0x00, 0x07, 0xF8, 0x00, 0x00, 0x00,
    0x0B, 0x80, 0x00, 0x00, 0x00, 0x00, 0x00, 0x00, 0x00, 0x00, 0x18, 0x00, 0x00, 0x00, 0x02, 0xF0,
    0x00, 0x00, 0x00, 0x0F, 0xD0, 0x00, 0x00, 0x00, 0xFF, 0x80, 0x00, 0x00, 0x07, 0x6E, 0x00, 0x00,
    0x00, 0x3C, 0x7C, 0x00, 0x00, 0x01, 0xD0, 0xF0, 0x00, 0x00, 0x0F, 0x03, 0xD0, 0x00, 0x00, 0xB4,
    0x0F, 0x40, 0x00, 0x03, 0xC0, 0x2E, 0x00, 0x00, 0x3E, 0x55, 0xBC, 0x00, 0x01, 0xFF, 0xFF, 0xF0,
    0x00, 0x0F, 0x55, 0x5B, 0xD0, 0x00, 0xB8, 0x00, 0x0F, 0x40, 0x03, 0xC0, 0x00, 0x3E, 0x00, 0x2E,
    0x00, 0x00, 0xFC, 0x02, 0xF9, 0x00, 0x07, 0xF9, 0x3F, 0xFC, 0x00, 0xFF, 0xFC, 0x00, 0x00, 0x00,
    0x00, 0x0E, 0x02, 0xD0, 0x03, 0xC2, 0xD0, 0x00, 0xBA, 0xE0, 0x00, 0x0F, 0xE0, 0x00, 0x01, 0xF0,
    0x00, 0x00, 0x00, 0x00, 0x00, 0x00, 0x00, 0x00, 0x6F, 0x87, 0x40, 0xBF, 0xFF, 0xC0, 0x7D, 0x0B,
    0xE0, 0x3C, 0x00, 0xF4, 0x3E, 0x00, 0x3C, 0x0F, 0x00, 0x1F, 0x07, 0x80, 0x0B, 0x82, 0xD0, 0x07,
    0xD0, 0xF4, 0x03, 0xF0, 0x3D, 0x02, 0xFC, 0x1F, 0xC2, 0xCF, 0x3E, 0xFF, 0xD3, 0xFC, 0x3F, 0xC0,
    0xFC, 0x00, 0x00, 0x00, 0x00, 0x00, 0x00, 0x00, 0x00, 0x07, 0x00, 0x78, 0x00, 0xBC, 0x1F, 0x00,
    0x03, 0xEB, 0xC0, 0x00, 0x1F, 0xF0, 0x00, 0x00, 0x7C, 0x00, 0x00, 0x00, 0x00, 0x00, 0x05, 0x55,
    0x40, 0x00, 0xFF, 0xF8, 0x00, 0x01, 0xF8, 0x00, 0x00, 0x1F, 0x00, 0x00, 0x02, 0xF0, 0x00, 0x00,
    0x2E, 0x00, 0x00, 0x03, 0xD0, 0x00, 0x00, 0x3D, 0x00, 0x00, 0x07, 0xC0, 0x00, 0x00, 0xBC, 0x00,
    0x00, 0x0F, 0x80, 0x00, 0x00, 0xF4, 0x00, 0x00, 0x0F, 0x00, 0x00, 0x01, 0xF0, 0x00, 0x00, 0x2F,
    0x00, 0x00, 0x03, 0xE0, 0x00, 0x01, 0xBF, 0x80, 0x00, 0x7F, 0xFD, 0x00, 0x00, 0x00, 0x00, 0x00,
    0xE0, 0x2D, 0x0F, 0x0B, 0x40, 0xBA, 0xE0, 0x03, 0xF8, 0x00, 0x1F, 0x00, 0x00, 0x00, 0x00, 0x00,
    0x00, 0x2F, 0xC0, 0x07, 0xFC, 0x00, 0x03, 0xC0, 0x00, 0x7C, 0x00, 0x0B, 0x80, 0x00, 0xF4, 0x00,
    0x1F, 0x00, 0x02, 0xF0, 0x00, 0x3D, 0x00, 0x03, 0xC1, 0x00, 0x7C, 0xF0, 0x0B, 0xFC, 0x00, 0x7E,
    0x00, 0x00, 0x00, 0x00, 0x00, 0x00, 0x00, 0x00, 0x00, 0x01, 0xC0, 0x1E, 0x00, 0x00, 0xBC, 0x1F,
    0x00, 0x00, 0x0F, 0xAF, 0x00, 0x00, 0x01, 0xFF, 0x00, 0x00, 0x00, 0x1F, 0x00, 0x00, 0x00, 0x00,
    0x00, 0x00, 0x00, 0x01, 0xA4, 0x00, 0x00, 0x1F, 0xFF, 0xE0, 0x00, 0x3F, 0x95, 0xBF, 0x00, 0x3F,
    0x00, 0x07, 0xE0, 0x3F, 0x00, 0x00, 0xFC, 0x1F, 0x00, 0x00, 0x1F, 0x4F, 0x80, 0x00, 0x03, 0xD7,
    0xC0, 0x00, 0x00, 0xF6, 0xF0, 0x00, 0x00, 0x3D, 0xF8, 0x00, 0x00, 0x1F, 0x3E, 0x00, 0x00, 0x0B,
    0xCF, 0x80, 0x00, 0x03, 0xE3, 0xE0, 0x00, 0x01, 0xF0, 0xFC, 0x00, 0x00, 0xF8, 0x1F, 0x40, 0x00,
    0xBC, 0x03, 0xF4, 0x01, 0xFC, 0x00, 0x3F, 0xEB, 0xFC, 0x00, 0x02, 0xFF, 0xE4, 0x00, 0x00, 0x00,
    0x00, 0x00, 0x00, 0x00, 0x00, 0x00, 0x00, 0x0E, 0x02, 0xD0, 0x03, 0xC2, 0xE0, 0x00, 0xBA, 0xE0,
    0x00, 0x0F, 0xE0, 0x00, 0x01, 0xF0, 0x00, 0x00, 0x00, 0x00, 0x00, 0x00, 0x00, 0x00, 0x6F, 0xE0,
    0x00, 0xBF, 0xFE, 0x00, 0xFC, 0x07, 0xC0, 0xBC, 0x00, 0xF4, 0x3D, 0x00, 0x3E, 0x1F, 0x00, 0x0F,
    0x4B, 0x80, 0x03, 0xD3, 0xD0, 0x00, 0xF0, 0xF4, 0x00, 0xB8, 0x3E, 0x00, 0x3C, 0x0B, 0xC0, 0x3E,
    0x01, 0xFE, 0xBE, 0x00, 0x1F, 0xFD, 0x00, 0x00, 0x00, 0x00, 0x00, 0x00, 0x00, 0x00, 0x00, 0x00,
    0x00, 0xB0, 0x07, 0x80, 0x00, 0x0B, 0x82, 0xF0, 0x00, 0x00, 0x3E, 0xB8, 0x00, 0x00, 0x01, 0xFE,
    0x00, 0x00, 0x00, 0x0B, 0x80, 0x00, 0x00, 0x00, 0x00, 0x00, 0x01, 0x55, 0x40, 0x05, 0x55, 0x7F,
    0xFC, 0x01, 0xFF, 0xE1, 0xBD, 0x00, 0x07, 0xE0, 0x0B, 0x80, 0x00, 0x3D, 0x00, 0xF8, 0x00, 0x03,
    0xC0, 0x0F, 0x40, 0x00, 0x3C, 0x01, 0xF0, 0x00, 0x07, 0x80, 0x2F, 0x00, 0x00, 0xB4, 0x02, 0xE0,
    0x00, 0x0F, 0x00, 0x3D, 0x00, 0x00, 0xF0, 0x03, 0xD0, 0x00, 0x0F, 0x00, 0x7C, 0x00, 0x01, 0xE0,
    0x07, 0xC0, 0x00, 0x2D, 0x00, 0xBC, 0x00, 0x03, 0xC0, 0x07, 0xC0, 0x00, 0xF8, 0x00, 0x3F, 0x00,
    0x3F, 0x00, 0x02, 0xFF, 0xFF, 0xC0, 0x00, 0x07, 0xFF, 0xD0, 0x00, 0x00, 0x00, 0x00, 0x00, 0x00,
    0x00, 0x00, 0x00, 0x00, 0x03, 0x80, 0xB8, 0x00, 0x3C, 0x2E, 0x00, 0x01, 0xE7, 0x80, 0x00, 0x0F,
    0xF0, 0x00, 0x00, 0x7C, 0x00, 0x00, 0x00, 0x00, 0x00, 0x00, 0x00, 0x00, 0x2F, 0xC0, 0x07, 0x8B,
    0xFC, 0x00, 0xF4, 0x03, 0xC0, 0x0F, 0x00, 0x7C, 0x01, 0xF0, 0x0B, 0x80, 0x1E, 0x00, 0xF4, 0x03,
    0xD0, 0x0F, 0x00, 0x3C, 0x02, 0xE0, 0x0B, 0xC0, 0x3D, 0x01, 0xF8, 0x03, 0xD0, 0x3B, 0x80, 0x3D,
    0x0F, 0x79, 0xD3, 0xFF, 0xC7, 0xFC, 0x1F, 0xE0, 0x3E, 0x00, 0x00, 0x00, 0x00, 0x00, 0x03, 0xFF,
    0xF0, 0x00, 0x00, 0x3F, 0xFF, 0x00, 0x00, 0x00, 0x00, 0x00, 0x00, 0x00, 0x10, 0x04, 0x00, 0x00,
    0x0F, 0xC3, 0xF0, 0x00, 0x00, 0xF8, 0x3E, 0x00, 0x00, 0x05, 0x01, 0x40, 0x00, 0x00, 0x00, 0x00,
    0x00, 0x15, 0x54, 0x00, 0x55, 0x57, 0xFF, 0xC0, 0x1F, 0xFE, 0x1B, 0xD0, 0x00, 0x7E, 0x00, 0xB8,
    0x00, 0x03, 0xD0, 0x0F, 0x80, 0x00, 0x3C, 0x00, 0xF4, 0x00, 0x03, 0xC0, 0x1F, 0x00, 0x00, 0x78,
    0x02, 0xF0, 0x00, 0x0B, 0x40, 0x2E, 0x00, 0x00, 0xF0, 0x03, 0xD0, 0x00, 0x0F, 0x00, 0x3D, 0x00,
    0x00, 0xF0, 0x07, 0xC0, 0x00, 0x1E, 0x00, 0x7C, 0x00, 0x02, 0xD0, 0x0B, 0xC0, 0x00, 0x3C, 0x00,
    0x7C, 0x00, 0x0F, 0x80, 0x03, 0xF0, 0x03, 0xF0, 0x00, 0x2F, 0xFF, 0xFC, 0x00, 0x00, 0x7F, 0xFD,
    0x00, 0x00, 0x00, 0x00, 0x00, 0x00, 0x00, 0x00, 0x05, 0x55, 0x00, 0x03, 0xFF, 0xF8, 0x00, 0x1A,
    0xAA, 0x00, 0x00, 0x00, 0x00, 0x00, 0x14, 0x05, 0x00, 0x0F, 0xC3, 0xF0, 0x00, 0xF8, 0x3E, 0x00,
    0x01, 0x00, 0x40, 0x00, 0x00, 0x00, 0x00, 0x00, 0x00, 0x00, 0x2F, 0xC0, 0x07, 0x8B, 0xFC, 0x00,
    0xF4, 0x03, 0xC0, 0x0F, 0x00, 0x7C, 0x01, 0xF0, 0x0B, 0x80, 0x1E, 0x00, 0xF4, 0x03, 0xD0, 0x0F,
    0x00, 0x3C, 0x02, 0xE0, 0x0B, 0xC0, 0x3D, 0x01, 0xF8, 0x03, 0xD0, 0x3B, 0x80, 0x3D, 0x0F, 0x79,
    0xD3, 0xFF, 0xC7, 0xFC, 0x1F, 0xE0, 0x3E, 0x00, 0x00, 0x00, 0x00, 0x00, 0x00, 0x00, 0x24, 0x00,
    0x00, 0x00, 0x1F, 0x80, 0x00, 0x00, 0x0B, 0xE0, 0x00, 0x00, 0x01, 0x90, 0x00, 0x00, 0x06, 0x41,
    0x90, 0x00, 0x00, 0xF8, 0x3E, 0x00, 0x00, 0x0F, 0x43, 0xD0, 0x00, 0x00, 0x00, 0x00, 0x00, 0x15,
    0x54, 0x00, 0x55, 0x57, 0xFF, 0xC0, 0x1F, 0xFE, 0x1B, 0xD0, 0x00, 0x7E, 0x00, 0xB8, 0x00, 0x03,
    0xD0, 0x0F, 0x80, 0x00, 0x3C, 0x00, 0xF4, 0x00, 0x03, 0xC0, 0x1F, 0x00, 0x00, 0x78, 0x02, 0xF0,
    0x00, 0x0B, 0x40, 0x2E, 0x00, 0x00, 0xF0, 0x03, 0xD0, 0x00, 0x0F, 0x00, 0x3D, 0x00, 0x00, 0xF0,
    0x07, 0xC0, 0x00, 0x1E, 0x00, 0x7C, 0x00, 0x02, 0xD0, 0x0B, 0xC0, 0x00, 0x3C, 0x00, 0x7C, 0x00,
    0x0F, 0x80, 0x03, 0xF0, 0x03, 0xF0, 0x00, 0x2F, 0xFF, 0xFC, 0x00, 0x00, 0x7F, 0xFD, 0x00, 0x00,
    0x00, 0x00, 0x00, 0x00, 0x00, 0x00, 0x00, 0x02, 0x00, 0x00, 0x00, 0xF8, 0x00, 0x00, 0x3F, 0x00,
    0x00, 0x0F, 0xC0, 0x00, 0x01, 0xD0, 0x00, 0x02, 0x40, 0x90, 0x00, 0xFC, 0x3F, 0x00, 0x0F, 0x83,
    0xE0, 0x00, 0x50, 0x14, 0x00, 0x00, 0x00, 0x00, 0x00, 0x00, 0x00, 0x02, 0xFC, 0x00, 0x78, 0xBF,
    0xC0, 0x0F, 0x40, 0x3C, 0x00, 0xF0, 0x07, 0xC0, 0x1F, 0x00, 0xB8, 0x01, 0xE0, 0x0F, 0x40, 0x3D,
    0x00, 0xF0, 0x03, 0xC0, 0x2E, 0x00, 0xBC, 0x03, 0xD0, 0x1F, 0x80, 0x3D, 0x03, 0xB8, 0x03, 0xD0,
    0xF7, 0x9D, 0x3F, 0xFC, 0x7F, 0xC1, 0xFE, 0x03, 0xE0, 0x00, 0x00, 0x00, 0x00, 0x00, 0x01, 0xC0,
    0xB0, 0x00, 0x00, 0x1E, 0x3D, 0x00, 0x00, 0x00, 0xBF, 0x40, 0x00, 0x00, 0x03, 0xD0, 0x00, 0x00,
    0x06, 0x41, 0x90, 0x00, 0x00, 0xF8, 0x3E, 0x00, 0x00, 0x0F, 0x43, 0xD0, 0x00, 0x00, 0x00, 0x00,
    0x00, 0x15, 0x54, 0x00, 0x55, 0x57, 0xFF, 0xC0, 0x1F, 0xFE, 0x1B, 0xD0, 0x00, 0x7E, 0x00, 0xB8,
    0x00, 0x03, 0xD0, 0x0F, 0x80, 0x00, 0x3C, 0x00, 0xF4, 0x00, 0x03, 0xC0, 0x1F, 0x00, 0x00, 0x78,
    0x02, 0xF0, 0x00, 0x0B, 0x40, 0x2E, 0x00, 0x00, 0xF0, 0x03, 0xD0, 0x00, 0x0F, 0x00, 0x3D, 0x00,
    0x00, 0xF0, 0x07, 0xC0, 0x00, 0x1E, 0x00, 0x7C, 0x00, 0x02, 0xD0, 0x0B, 0xC0, 0x00, 0x3C, 0x00,
    0x7C, 0x00, 0x0F, 0x80, 0x03, 0xF0, 0x03, 0xF0, 0x00, 0x2F, 0xFF, 0xFC, 0x00, 0x00, 0x7F, 0xFD,
    0x00, 0x00, 0x00, 0x00, 0x00, 0x00, 0x00, 0x00, 0x28, 0x03, 0x80, 0x03, 0xD1, 0xF4, 0x00, 0x0F,
    0xBC, 0x00, 0x00, 0x7F, 0x00, 0x00, 0x01, 0x40, 0x00, 0x02, 0x40, 0x90, 0x00, 0xFC, 0x3F, 0x00,
    0x0F, 0x83, 0xE0, 0x00, 0x50, 0x14, 0x00, 0x00, 0x00, 0x00, 0x00, 0x00, 0x00, 0x02, 0xFC, 0x00,
    0x78, 0xBF, 0xC0, 0x0F, 0x40, 0x3C, 0x00, 0xF0, 0x07, 0xC0, 0x1F, 0x00, 0xB8, 0x01, 0xE0, 0x0F,
    0x40, 0x3D, 0x00, 0xF0, 0x03, 0xC0, 0x2E, 0x00, 0xBC, 0x03, 0xD0, 0x1F, 0x80, 0x3D, 0x03, 0xB8,
    0x03, 0xD0, 0xF7, 0x9D, 0x3F, 0xFC, 0x7F, 0xC1, 0xFE, 0x03, 0xE0, 0x00, 0x00, 0x00, 0x00, 0x00,
    0x02, 0x40, 0x00, 0x00, 0x00, 0x7D, 0x00, 0x00, 0x00, 0x02, 0xF8, 0x00, 0x00, 0x00, 0x02, 0xC0,
    0x00, 0x00, 0x06, 0x41, 0x90, 0x00, 0x00, 0xF8, 0x3E, 0x00, 0x00, 0x0F, 0x43, 0xD0, 0x00, 0x00,
    0x00, 0x00, 0x00, 0x15, 0x54, 0x00, 0x55, 0x57, 0xFF, 0xC0, 0x1F, 0xFE, 0x1B, 0xD0, 0x00, 0x7E,
    0x00, 0xB8, 0x00, 0x03, 0xD0, 0x0F, 0x80, 0x00, 0x3C, 0x00, 0xF4, 0x00, 0x03, 0xC0, 0x1F, 0x00,
    0x00, 0x78, 0x02, 0xF0, 0x00, 0x0B, 0x40, 0x2E, 0x00, 0x00, 0xF0, 0x03, 0xD0, 0x00, 0x0F, 0x00,
    0x3D, 0x00, 0x00, 0xF0, 0x07, 0xC0, 0x00, 0x1E, 0x00, 0x7C, 0x00, 0x02, 0xD0, 0x0B, 0xC0, 0x00,
    0x3C, 0x00, 0x7C, 0x00, 0x0F, 0x80, 0x03, 0xF0, 0x03, 0xF0, 0x00, 0x2F, 0xFF, 0xFC, 0x00, 0x00,
    0x7F, 0xFD, 0x00, 0x00, 0x00, 0x00, 0x00, 0x00, 0x00, 0x00, 0x00, 0x00, 0x00, 0x03, 0x40, 0x00,
    0x00, 0x7C, 0x00, 0x00, 0x03, 0xF0, 0x00, 0x00, 0x0B, 0xC0, 0x00, 0x00, 0x1C, 0x00, 0x00, 0x24,
    0x09, 0x00, 0x0F, 0xC3, 0xF0, 0x00, 0xF8, 0x3E, 0x00, 0x05, 0x01, 0x40, 0x00, 0x00, 0x00, 0x00,
    0x00, 0x00, 0x00, 0x2F, 0xC0, 0x07, 0x8B, 0xFC, 0x00, 0xF4, 0x03, 0xC0, 0x0F, 0x00, 0x7C, 0x01,
    0xF0, 0x0B, 0x80, 0x1E, 0x00, 0xF4, 0x03, 0xD0, 0x0F, 0x00, 0x3C, 0x02, 0xE0, 0x0B, 0xC0, 0x3D,
    0x01, 0xF8, 0x03, 0xD0, 0x3B, 0x80, 0x3D, 0x0F, 0x79, 0xD3, 0xFF, 0xC7, 0xFC, 0x1F, 0xE0, 0x3E,
    0x00, 0x00, 0x00, 0x00, 0x00, 0x00, 0x00, 0x01, 0xFF, 0x40, 0x3F, 0xFF, 0x02, 0xD0, 0x3E, 0x04,
    0x00, 0x7C, 0x00, 0x01, 0xF0, 0x00, 0xBF, 0xC0, 0x2F, 0xAF, 0x0B, 0xD0, 0xB8, 0xBC, 0x03, 0xC3,
    0xC0, 0x2E, 0x0F, 0x02, 0xF0, 0x3E, 0x7F, 0x00, 0x7F, 0xE0, 0x00, 0x00, 0x00, 0x00, 0x00, 0x00,
    0x0F, 0xFF, 0xC0, 0x00, 0x00, 0x3F, 0xFF, 0x00, 0x00, 0x00, 0x00, 0x00, 0x00, 0x00, 0x01, 0x00,
    0x40, 0x00, 0x00, 0x3F, 0x0F, 0xC0, 0x00, 0x00, 0xF8, 0x3E, 0x00, 0x00, 0x01, 0x40, 0x50, 0x00,
    0x00, 0x00, 0x00, 0x00, 0x00, 0x00, 0x00, 0x60, 0x00, 0x00, 0x00, 0x0B, 0xC0, 0x00, 0x00, 0x00,
    0x3F, 0x40, 0x00, 0x00, 0x03, 0xFE, 0x00, 0x00, 0x00, 0x1D, 0xB8, 0x00, 0x00, 0x00, 0xF1, 0xF0,
    0x00, 0x00, 0x07, 0x43, 0xC0, 0x00, 0x00, 0x3C, 0x0F, 0x40, 0x00, 0x02, 0xD0, 0x3D, 0x00, 0x00,
    0x0F, 0x00, 0xB8, 0x00, 0x00, 0xF9, 0x56, 0xF0, 0x00, 0x07, 0xFF, 0xFF, 0xC0, 0x00, 0x3D, 0x55,
    0x6F, 0x40, 0x02, 0xE0, 0x00, 0x3D, 0x00, 0x0F, 0x00, 0x00, 0xF8, 0x00, 0xB8, 0x00, 0x03, 0xF0,
    0x0B, 0xE4, 0x00, 0x1F, 0xE4, 0xFF, 0xF0, 0x03, 0xFF, 0xF0, 0x00, 0x15, 0x55, 0x00, 0x0F, 0xFF,
    0xD0, 0x01, 0xAA, 0xA0, 0x00, 0x00, 0x00, 0x00, 0x24, 0x09, 0x00, 0x3F, 0x0F, 0xC0, 0x0F, 0x83,
    0xE0, 0x01, 0x40, 0x50, 0x00, 0x00, 0x00, 0x00, 0x00, 0x00, 0x00, 0x06, 0xF8, 0x74, 0x0B, 0xFF,
    0xFC, 0x07, 0xD0, 0xBE, 0x03, 0xC0, 0x0F, 0x43, 0xE0, 0x03, 0xC0, 0xF0, 0x01, 0xF0, 0x78, 0x00,
    0xB8, 0x2D, 0x00, 0x7D, 0x0F, 0x40, 0x3F, 0x03, 0xD0, 0x2F, 0xC1, 0xFC, 0x2C, 0xF3, 0xEF, 0xFD,
    0x3F, 0xC3, 0xFC, 0x0F, 0xC0, 0x00, 0x00, 0x00, 0x00, 0x00, 0x0F, 0xFF, 0xC0, 0x00, 0x00, 0x7F,
    0xFF, 0x00, 0x00, 0x00, 0x00, 0x00, 0x00, 0x00, 0x00, 0x28, 0x00, 0x00, 0x00, 0x02, 0xF4, 0x00,
    0x00, 0x00, 0x0F, 0xC0, 0x00, 0x00, 0x00, 0x18, 0x00, 0x00, 0x00, 0x00, 0x00, 0x00, 0x00, 0x00,
    0x00, 0x60, 0x00, 0x00, 0x00, 0x0B, 0xC0, 0x00, 0x00, 0x00, 0x3F, 0x40, 0x00, 0x00, 0x03, 0xFE,
    0x00, 0x00, 0x00, 0x1D, 0xB8, 0x00, 0x00, 0x00, 0xF1, 0xF0, 0x00, 0x00, 0x07, 0x43, 0xC0, 0x00,
    0x00, 0x3C, 0x0F, 0x40, 0x00, 0x02, 0xD0, 0x3D, 0x00, 0x00, 0x0F, 0x00, 0xB8, 0x00, 0x00, 0xF9,
    0x56, 0xF0, 0x00, 0x07, 0xFF, 0xFF, 0xC0, 0x00, 0x3D, 0x55, 0x6F, 0x40, 0x02, 0xE0, 0x00, 0x3D,
    0x00, 0x0F, 0x00, 0x00, 0xF8, 0x00, 0xB8, 0x00, 0x03, 0xF0, 0x0B, 0xE4, 0x00, 0x1F, 0xE4, 0xFF,
    0xF0, 0x03, 0xFF, 0xF0, 0x00, 0x1A, 0xAA, 0x40, 0x0F, 0xFF, 0xE0, 0x01, 0x55, 0x50, 0x00, 0x00,
    0x00, 0x00, 0x01, 0x80, 0x00, 0x01, 0xF4, 0x00, 0x00, 0xBC, 0x00, 0x00, 0x08, 0x00, 0x00, 0x00,
    0x00, 0x00, 0x00, 0x00, 0x00, 0x06, 0xF8, 0x74, 0x0B, 0xFF, 0xFC, 0x07, 0xD0, 0xBE, 0x03, 0xC0,
    0x0F, 0x43, 0xE0, 0x03, 0xC0, 0xF0, 0x01, 0xF0, 0x78, 0x00, 0xB8, 0x2D, 0x00, 0x7D, 0x0F, 0x40,
    0x3F, 0x03, 0xD0, 0x2F, 0xC1, 0xFC, 0x2C, 0xF3, 0xEF, 0xFD, 0x3F, 0xC3, 0xFC, 0x0F, 0xC0, 0x00,
    0x00, 0x00, 0x00, 0x00, 0x00, 0x00, 0x00, 0x00, 0x00, 0x00, 0x00, 0x00, 0xBF, 0xFF, 0x00, 0x00,
    0x00, 0x00, 0x1F, 0xFF, 0x80, 0x00, 0x00, 0x00, 0x00, 0x00, 0x00, 0x00, 0x00, 0x00, 0x00, 0x00,
    0x00, 0x00, 0x00, 0x00, 0x15, 0x55, 0x55, 0x40, 0x00, 0x00, 0x2F, 0xFF, 0xFF, 0xF0, 0x00, 0x00,
    0x00, 0xFF, 0xAA, 0xBC, 0x00, 0x00, 0x00, 0xFF, 0x80, 0x0E, 0x00, 0x00, 0x00, 0xB7, 0xD0, 0x03,
    0x40, 0x00, 0x00, 0x78, 0xF0, 0x00, 0x00, 0x00, 0x00, 0x3C, 0x7C, 0x00, 0x00, 0x00, 0x00, 0x3C,
    0x2F, 0x00, 0x00, 0x00, 0x00, 0x2D, 0x0F, 0xEA, 0xF0, 0x00, 0x00, 0x1E, 0x03, 0xFF, 0xF8, 0x00,
    0x00, 0x0F, 0x55, 0xF0, 0x00, 0x00, 0x00, 0x0F, 0xFF, 0xFC, 0x00, 0x00, 0x00, 0x0F, 0x55, 0x7E,
    0x00, 0x00, 0x00, 0x0B, 0x80, 0x0F, 0x80, 0x03, 0x00, 0x07, 0x80, 0x03, 0xD0, 0x03, 0xC0, 0x03,
    0xC0, 0x01, 0xF0, 0x01, 0xE0, 0x07, 0xF8, 0x01, 0xFF, 0xFF, 0xF4, 0x0B, 0xFF, 0x03, 0xFF, 0xFF,
    0xFC, 0x00, 0x00, 0x02, 0xAA, 0xA0, 0x00, 0x00, 0x3F, 0xFF, 0x40, 0x00, 0x00, 0x00, 0x00, 0x00,
    0x00, 0x00, 0x00, 0x00, 0x00, 0x00, 0x00, 0x00, 0x00, 0x02, 0xFD, 0x0B, 0xF8, 0x01, 0xFF, 0xFF,
    0xEB, 0xD0, 0x7D, 0x02, 0xF0, 0x2E, 0x0F, 0x40, 0x3C, 0x03, 0xD2, 0xE0, 0x07, 0x80, 0xBC, 0x3C,
    0x00, 0xF4, 0x3F, 0x07, 0x80, 0x1F, 0x7F, 0x80, 0xB4, 0x03, 0xFF, 0x40, 0x0F, 0x40, 0xBF, 0x00,
    0x00, 0xF4, 0x0F, 0xF0, 0x00, 0x4F, 0x83, 0xCF, 0x40, 0xB8, 0xBF, 0xF0, 0xFF, 0xFE, 0x03, 0xF8,
    0x03, 0xFF, 0x40, 0x00, 0x00, 0x00, 0x00, 0x00, 0x00, 0x01, 0x69, 0x40, 0x00, 0x0B, 0xFF, 0xFF,
    0x00, 0x0F, 0xE5, 0xAF, 0xC0, 0x0F, 0xC0, 0x00, 0xF0, 0x0F, 0xC0, 0x00, 0x38, 0x07, 0xC0, 0x00,
    0x0C, 0x03, 0xE0, 0x00, 0x00, 0x01, 0xF0, 0x00, 0x00, 0x00, 0xBC, 0x00, 0x00, 0x00, 0x3E, 0x00,
    0x00, 0x00, 0x0F, 0x80, 0x03, 0xFF, 0xD3, 0xE0, 0x00, 0x1B, 0xE0, 0xFC, 0x00, 0x01, 0xF4, 0x2F,
    0x00, 0x0F, 0xFF, 0xC7, 0xF0, 0x00, 0x2F, 0x00, 0xFF, 0x00, 0x0F, 0x80, 0x0F, 0xFF, 0xFF, 0xD0,
    0x00, 0x7F, 0xFF, 0x80, 0x00, 0x00, 0x00, 0x00, 0x00, 0x00, 0x00, 0x00, 0x00, 0x00, 0x00, 0x02,
    0xFF, 0xAD, 0x00, 0x01, 0xFA, 0xFF, 0xC0, 0x00, 0x7C, 0x07, 0x80, 0x00, 0x0F, 0x40, 0x7C, 0x00,
    0x00, 0xF0, 0x07, 0x80, 0x00, 0x0F, 0x00, 0xF0, 0x00, 0x00, 0xF4, 0x3D, 0x00, 0x00, 0x07, 0xFF,
    0x40, 0x00, 0x00, 0x1F, 0x40, 0x00, 0x00, 0x07, 0x80, 0x00, 0x00, 0x00, 0xBC, 0x00, 0x00, 0x00,
    0x0B, 0xF8, 0x00, 0x00, 0x0B, 0xDB, 0xF8, 0x00, 0x07, 0xC0, 0x0B, 0xF0, 0x06, 0xFE, 0xAA, 0xBF,
    0xE0, 0x5F, 0x95, 0x55, 0xF9, 0x00, 0xF8, 0x00, 0x2E, 0x00, 0x03, 0xFE, 0xFF, 0x80, 0x00, 0x06,
    0xFE, 0x40, 0x00, 0x00, 0x00, 0x00, 0x00, 0x00, 0x00, 0xD0, 0x0F, 0x00, 0x00, 0x3C, 0x0F, 0x40,
    0x00, 0x0B, 0xDF, 0x40, 0x00, 0x00, 0xFF, 0x40, 0x00, 0x00, 0x0F, 0x40, 0x00, 0x00, 0x00, 0x00,
    0x00, 0x00, 0x01, 0xA9, 0x00, 0x00, 0x0B, 0xFF, 0xFE, 0x00, 0x1F, 0xE5, 0xBF, 0x80, 0x1F, 0x80,
    0x02, 0xE0, 0x1F, 0x40, 0x00, 0xB4, 0x0F, 0x80, 0x00, 0x28, 0x07, 0xC0, 0x00, 0x00, 0x02, 0xE0,
    0x00, 0x00, 0x00, 0xF4, 0x00, 0x00, 0x00, 0x3D, 0x00, 0x00, 0x00, 0x1F, 0x00, 0x07, 0xFF, 0xC7,
    0xC0, 0x00, 0x5F, 0xC0, 0xF4, 0x00, 0x02, 0xE0, 0x3E, 0x00, 0x00, 0xF8, 0x0B, 0xD0, 0x00, 0x3D,
    0x00, 0xFE, 0x00, 0x1F, 0x00, 0x1F, 0xFF, 0xFF, 0xC0, 0x00, 0xBF, 0xFE, 0x40, 0x00, 0x00, 0x00,
    0x00, 0x00, 0x00, 0x00, 0x00, 0x00, 0x00, 0x00, 0x0D, 0x03, 0xC0, 0x00, 0x03, 0xC3, 0xD0, 0x00,
    0x00, 0xF6, 0xD0, 0x00, 0x00, 0x0F, 0xE0, 0x00, 0x00, 0x02, 0xE0, 0x00, 0x00, 0x00, 0x00, 0x00,
    0x00, 0x00, 0x00, 0x00, 0x00, 0x00, 0xBF, 0xFB, 0x40, 0x01, 0xFA, 0xFF, 0xC0, 0x01, 0xF0, 0x1E,
    0x00, 0x00, 0xF4, 0x07, 0xC0, 0x00, 0x3C, 0x01, 0xE0, 0x00, 0x0F, 0x00, 0xF0, 0x00, 0x03, 0xD0,
    0xF4, 0x00, 0x00, 0x7F, 0xF4, 0x00, 0x00, 0x07, 0xD0, 0x00, 0x00, 0x07, 0x80, 0x00, 0x00, 0x02,
    0xF0, 0x00, 0x00, 0x00, 0xBF, 0x90, 0x00, 0x02, 0xFA, 0xFF, 0x00, 0x07, 0xD0, 0x0B, 0xF0, 0x03,
    0xD0, 0x00, 0x7D, 0x00, 0xF4, 0x00, 0x0F, 0x40, 0x3F, 0x40, 0x1F, 0x80, 0x03, 0xFF, 0xFF, 0x80,
    0x00, 0x1B, 0xF9, 0x00, 0x00, 0x00, 0x00, 0x00, 0x00, 0x00, 0x00, 0x00, 0xB0, 0x07, 0x80, 0x00,
    0x00, 0xBC, 0x1F, 0x00, 0x00, 0x00, 0x3E, 0xBC, 0x00, 0x00, 0x00, 0x1F, 0xF0, 0x00, 0x00, 0x00,
    0x07, 0x80, 0x00, 0x00, 0x00, 0x00, 0x00, 0x00, 0x00, 0x55, 0x50, 0x15, 0x54, 0x00, 0xFF, 0xF4,
    0x3F, 0xFC, 0x00, 0x1F, 0x80, 0x0F, 0xD0, 0x00, 0x1F, 0x00, 0x3E, 0x00, 0x00, 0x2F, 0x01, 0xF4,
    0x00, 0x00, 0x2E, 0x07, 0xD0, 0x00, 0x00, 0x3D, 0x2F, 0x00, 0x00, 0x00, 0x3D, 0xBC, 0x00, 0x00,
    0x00, 0x7F, 0xE0, 0x00, 0x00, 0x00, 0xBF, 0xE0, 0x00, 0x00, 0x00, 0xF9, 0xF4, 0x00, 0x00, 0x00,
    0xF4, 0xBC, 0x00, 0x00, 0x00, 0xF0, 0x3F, 0x00, 0x00, 0x01, 0xF0, 0x1F, 0x80, 0x00, 0x02, 0xF0,
    0x0B, 0xE0, 0x00, 0x03, 0xE0, 0x03, 0xF8, 0x00, 0x1B, 0xF9, 0x00, 0xFF, 0x00, 0x7F, 0xFE, 0x00,
    0x3F, 0xC0, 0x00, 0x00, 0x00, 0x00, 0x00, 0x02, 0x00, 0x60, 0x03, 0x81, 0xE0, 0x03, 0xC7, 0x80,
    0x01, 0xFE, 0x00, 0x00, 0xBC, 0x00, 0x00, 0x00, 0x00, 0x00, 0x10, 0x00, 0x0F, 0xF4, 0x00, 0x1A,
    0xF4, 0x00, 0x00, 0xF0, 0x00, 0x01, 0xF0, 0x00, 0x02, 0xE0, 0x00, 0x03, 0xD0, 0x00, 0x03, 0xC2,
    0xF8, 0x03, 0xDF, 0xBD, 0x07, 0xF4, 0x2D, 0x0B, 0xD0, 0x3D, 0x0F, 0x80, 0xB8, 0x0F, 0x07, 0xF0,
    0x1F, 0xBF, 0x40, 0x2F, 0xF8, 0x00, 0x3D, 0x7C, 0x00, 0x3C, 0x3E, 0x00, 0x7C, 0x1F, 0x80, 0x78,
    0x0B, 0xF9, 0xB4, 0x01, 0xFD, 0x00, 0x00, 0x00, 0x00, 0x00, 0x69, 0x00, 0x00, 0x07, 0xFF, 0xF8,
    0x00, 0x0F, 0xE5, 0x6F, 0xC0, 0x0F, 0xC0, 0x01, 0xF8, 0x0F, 0xC0, 0x00, 0x3F, 0x07, 0xC0, 0x00,
    0x07, 0xD3, 0xE0, 0x00, 0x00, 0xF5, 0xF0, 0x00, 0x00, 0x3D, 0xBC, 0x00, 0x00, 0x0F, 0x7E, 0x00,
    0x00, 0x07, 0xCF, 0x80, 0x00, 0x02, 0xF3, 0xE0, 0x00, 0x00, 0xF8, 0xF8, 0x00, 0x00, 0x7C, 0x3F,
    0x00, 0x00, 0x3E, 0x07, 0xD0, 0x00, 0x2F, 0x00, 0xFD, 0x00, 0x7F, 0x00, 0x0F, 0xFA, 0xFE, 0x00,
    0x00, 0xBF, 0xFD, 0x00, 0x00, 0x01, 0xF0, 0x00, 0x00, 0x00, 0xF0, 0x00, 0x00, 0x00, 0x78, 0x00,
    0x00, 0x00, 0x1F, 0x90, 0x00, 0x00, 0x03, 0xFC, 0x00, 0x00, 0x00, 0x00, 0x00, 0x00, 0x00, 0x00,
    0x00, 0x00, 0x6F, 0xE0, 0x02, 0xFF, 0xF8, 0x0F, 0xC0, 0x7C, 0x2F, 0x00, 0x3D, 0x3D, 0x00, 0x3E,
    0x7C, 0x00, 0x3D, 0xB8, 0x00, 0x3D, 0xF4, 0x00, 0x3C, 0xF4, 0x00, 0xB8, 0xF8, 0x00, 0xF0, 0xBC,
    0x03, 0xD0, 0x7F, 0xAF, 0x80, 0x1F, 0xFE, 0x00, 0x00, 0x74, 0x00, 0x00, 0xE0, 0x00, 0x02, 0xC0,
    0x00, 0x02, 0xE5, 0x00, 0x01, 0xFE, 0x00, 0x00, 0x00, 0x00, 0x00, 0x00, 0x00, 0x00, 0x00, 0x01,
    0xFF, 0xFC, 0x00, 0x00, 0x7F, 0xFE, 0x00, 0x00, 0x00, 0x00, 0x00, 0x00, 0x00, 0x00, 0x00, 0x00,
    0x00, 0x1A, 0x40, 0x00, 0x01, 0xFF, 0xFE, 0x00, 0x03, 0xF9, 0x5B, 0xF0, 0x03, 0xF0, 0x00, 0x7E,
    0x03, 0xF0, 0x00, 0x0F, 0xC1, 0xF0, 0x00, 0x01, 0xF4, 0xF8, 0x00, 0x00, 0x3D, 0x7C, 0x00, 0x00,
    0x0F, 0x6F, 0x00, 0x00, 0x03, 0xDF, 0x80, 0x00, 0x01, 0xF3, 0xE0, 0x00, 0x00, 0xBC, 0xF8, 0x00,
    0x00, 0x3E, 0x3E, 0x00, 0x00, 0x1F, 0x0F, 0xC0, 0x00, 0x0F, 0x81, 0xF4, 0x00, 0x0B, 0xC0, 0x3F,
    0x40, 0x1F, 0xC0, 0x03, 0xFE, 0xBF, 0x80, 0x00, 0x2F, 0xFF, 0x40, 0x00, 0x00, 0x7C, 0x00, 0x00,
    0x00, 0x3C, 0x00, 0x00, 0x00, 0x1E, 0x00, 0x00, 0x00, 0x07, 0xE4, 0x00, 0x00, 0x00, 0xFF, 0x00,
    0x00, 0x00, 0x00, 0x00, 0x00, 0x00, 0x00, 0x2A, 0xAA, 0x00, 0x1F, 0xFF, 0xC0, 0x00, 0x00, 0x00,
    0x00, 0x00, 0x00, 0x00, 0x00, 0x00, 0x00, 0x1B, 0xF8, 0x00, 0x2F, 0xFF, 0x80, 0x3F, 0x01, 0xF0,
    0x2F, 0x00, 0x3D, 0x0F, 0x40, 0x0F, 0x87, 0xC0, 0x03, 0xD2, 0xE0, 0x00, 0xF4, 0xF4, 0x00, 0x3C,
    0x3D, 0x00, 0x2E, 0x0F, 0x80, 0x0F, 0x02, 0xF0, 0x0F, 0x40, 0x7F, 0xAF, 0x80, 0x07, 0xFF, 0x80,
    0x00, 0x07, 0x40, 0x00, 0x03, 0x80, 0x00, 0x02, 0xC0, 0x00, 0x00, 0xB9, 0x40, 0x00, 0x1F, 0xE0,
    0x00, 0x00, 0x00, 0x00, 0x00, 0x00, 0x00, 0x00, 0x00, 0x03, 0x40, 0x2C, 0x00, 0x03, 0xC0, 0xF4,
    0x00, 0x02, 0xF7, 0xD0, 0x00, 0x00, 0xFF, 0x40, 0x00, 0x00, 0x3D, 0x00, 0x00, 0x00, 0x00, 0x00,
    0x00, 0x15, 0x55, 0x54, 0x00, 0xBF, 0xFF, 0xFD, 0x00, 0xFA, 0xAA, 0xFC, 0x00, 0xF0, 0x02, 0xF0,
    0x00, 0xD0, 0x0B, 0xC0, 0x00, 0x80, 0x2F, 0x00, 0x00, 0x00, 0xBC, 0x00, 0x00, 0x02, 0xF0, 0x00,
    0x00, 0x03, 0xFD, 0x00, 0x00, 0x01, 0xBF, 0x40, 0x00, 0x00, 0x0F, 0xC0, 0x00, 0x00, 0x07, 0xC0,
    0x00, 0x00, 0x07, 0xC0, 0x08, 0x00, 0x0B, 0xC0, 0x3C, 0x00, 0x0F, 0x80, 0x3F, 0x00, 0x7F, 0x00,
    0x2F, 0xEB, 0xFC, 0x00, 0x0B, 0xFF, 0xD0, 0x00, 0x00, 0x00, 0x00, 0x00, 0x00, 0x00, 0x00, 0x00,
    0x00, 0x0D, 0x02, 0xD0, 0x00, 0x3C, 0x2D, 0x00, 0x00, 0xB6, 0xD0, 0x00, 0x00, 0xFE, 0x00, 0x00,
    0x02, 0xE0, 0x00, 0x00, 0x00, 0x00, 0x00, 0x00, 0x00, 0x00, 0x00, 0xFF, 0xFF, 0xF0, 0x0B, 0xFF,
    0xFF, 0xC0, 0x3C, 0x00, 0x7D, 0x00, 0xD0, 0x03, 0xD0, 0x01, 0x00, 0x3D, 0x00, 0x00, 0x03, 0xD0,
    0x00, 0x00, 0x3E, 0x00, 0x00, 0x02, 0xE0, 0x00, 0x00, 0x1F, 0xF4, 0x00, 0x00, 0x1B, 0xF4, 0x00,
    0x00, 0x03, 0xF0, 0x00, 0x00, 0x07, 0xC0, 0x00, 0x00, 0x0F, 0x00, 0x00, 0x00, 0x7C, 0x01, 0x00,
    0x02, 0xE0, 0x0E, 0x00, 0x1F, 0x00, 0x7E, 0x02, 0xF8, 0x00, 0xBF, 0xFF, 0x40, 0x00, 0x2A, 0x90,
    0x00, 0x00, 0x00, 0x00, 0x00, 0x00, 0x00, 0x00, 0xD0, 0x3C, 0x00, 0x00, 0xF0, 0xF4, 0x00, 0x00,
    0xF6, 0xD0, 0x00, 0x00, 0x3F, 0x80, 0x00, 0x00, 0x2E, 0x00, 0x00, 0x00, 0x00, 0x00, 0x00, 0x00,
    0x00, 0x00, 0x00, 0x02, 0xFC, 0x00, 0x00, 0x0B, 0xFC, 0x00, 0x00, 0x00, 0x7C, 0x00, 0x00, 0x00,
    0x7C, 0x00, 0x00, 0x00, 0xB8, 0x00, 0x00, 0x00, 0xF4, 0x00, 0x00, 0x00, 0xF0, 0x00, 0x00, 0x01,
    0xF0, 0x00, 0x00, 0x02, 0xE0, 0x00, 0x00, 0x03, 0xD0, 0x00, 0x00, 0x03, 0xC0, 0x00, 0x00, 0x07,
    0xC0, 0x00, 0x00, 0x0B, 0x80, 0x00, 0x00, 0x0F, 0x40, 0x00, 0x00, 0x1F, 0x00, 0x00, 0x00, 0x3D,
    0x00, 0x00, 0x39, 0xBC, 0x00, 0x00, 0x7F, 0xF0, 0x00, 0x00, 0x2F, 0x40, 0x00, 0x00, 0x00, 0x05,
    0xA9, 0x40, 0x00, 0x01, 0x55, 0x55, 0x40, 0x0F, 0xFF, 0xFF, 0x80, 0x00, 0xFF, 0xFF, 0xFE, 0x01,
    0x9F, 0x45, 0xFF, 0x40, 0x0F, 0xAA, 0xAF, 0xD0, 0x01, 0xF0, 0x01, 0xFC, 0x01, 0xE0, 0x00, 0xF8,
    0x00, 0x2F, 0x00, 0x07, 0xE0, 0x2C, 0x00, 0x3E, 0x00, 0x02, 0xE0, 0x00, 0x3F, 0x00, 0x40, 0x0F,
    0xC0, 0x00, 0x3D, 0x00, 0x02, 0xF0, 0x00, 0x02, 0xF0, 0x00, 0x03, 0xC0, 0x00, 0x1F, 0x00, 0x00,
    0xBC, 0x00, 0x00, 0x7C, 0x00, 0x02, 0xF0, 0x00, 0x1F, 0x40, 0x00, 0x0B, 0xC0, 0x00, 0x2F, 0x00,
    0x03, 0xE0, 0x00, 0x00, 0xF8, 0x00, 0x03, 0xE0, 0x00, 0xF8, 0x00, 0x00, 0x0F, 0x40, 0x00, 0x3D,
    0x00, 0x3F, 0x00, 0x00, 0x00, 0xF0, 0x00, 0x0B, 0xC0, 0x0B, 0xC0, 0x01, 0x00, 0x1F, 0x00, 0x01,
    0xF4, 0x02, 0xF0, 0x00, 0x34, 0x02, 0xF0, 0x00, 0x3E, 0x00, 0x7D, 0x00, 0x0B, 0x40, 0x3E, 0x00,
    0x2F, 0x80, 0x1F, 0x40, 0x00, 0xF0, 0x1B, 0xFA, 0xBF, 0xD0, 0x03, 0xFF, 0xFF, 0xFE, 0x07, 0xFF,
    0xFF, 0x90, 0x00, 0x3F, 0xFF, 0xFF, 0xD0, 0x00, 0x00, 0x00, 0x00, 0x00, 0x00, 0x00, 0x00, 0x00,
    0x00, 0x05, 0xA9, 0x40, 0x00, 0x00, 0x00, 0x00, 0x03, 0xFF, 0xFF, 0xE0, 0x00, 0x00, 0x00, 0x00,
    0x19, 0xF4, 0x5F, 0xF4, 0x00, 0x00, 0x00, 0x00, 0x07, 0xC0, 0x07, 0xF0, 0x00, 0x00, 0x00, 0x00,
    0x2F, 0x00, 0x07, 0xE0, 0x00, 0x00, 0x00, 0x00, 0xB8, 0x00, 0x0F, 0xC0, 0x7F, 0x40, 0xD0, 0x03,
    0xD0, 0x00, 0x2F, 0x03, 0xFF, 0xDB, 0x80, 0x0F, 0x00, 0x00, 0x7C, 0x1E, 0x5B, 0xFC, 0x00, 0x7C,
    0x00, 0x02, 0xF0, 0x70, 0x07, 0xC0, 0x02, 0xF0, 0x00, 0x0B, 0xC0, 0x00, 0x7C, 0x00, 0x0F, 0x80,
    0x00, 0x3E, 0x00, 0x03, 0xC0, 0x00, 0x3D, 0x00, 0x00, 0xF4, 0x00, 0x3C, 0x00, 0x00, 0xF0, 0x00,
    0x0B, 0xC0, 0x03, 0xD0, 0x00, 0x07, 0xC0, 0x00, 0x7D, 0x00, 0x3D, 0x00, 0x00, 0x2F, 0x00, 0x03,
    0xE0, 0x03, 0xD0, 0x00, 0x00, 0xF8, 0x00, 0xBE, 0x00, 0x3F, 0x90, 0x3C, 0x1B, 0xFA, 0xBF, 0xD0,
    0x02, 0xFF, 0xFF, 0xF1, 0xFF, 0xFF, 0xE4, 0x00, 0x0B, 0x0B, 0xFF, 0x40, 0x00, 0x00, 0x00, 0x00,
    0x00, 0x00, 0x00, 0x00, 0x00, 0x00, 0x01, 0x40, 0x00, 0x00, 0x00, 0x00, 0x07, 0xFC, 0x00, 0x00,
    0x00, 0x00, 0x00, 0x6B, 0xC0, 0x00, 0x00, 0x00, 0x00, 0x00, 0x7C, 0x00, 0x00, 0x00, 0x00, 0x00,
    0x0B, 0x80, 0x00, 0x00, 0x00, 0x00, 0x00, 0xF4, 0x00, 0x00, 0x00, 0x00, 0x00, 0x0F, 0x00, 0x00,
    0x00, 0x00, 0x02, 0xF9, 0xF0, 0x0B, 0xE0, 0x2C, 0x01, 0xFF, 0xFE, 0x02, 0xFF, 0xE7, 0xC0, 0x7D,
    0x0B, 0xD0, 0x3D, 0x6F, 0xF4, 0x0F, 0x00, 0x3C, 0x03, 0x40, 0x3D, 0x02, 0xE0, 0x03, 0xC0, 0x00,
    0x0F, 0x40, 0x3C, 0x00, 0x78, 0x00, 0x02, 0xE0, 0x07, 0x80, 0x0B, 0x80, 0x00, 0xB8, 0x00, 0xB4,
    0x01, 0xF4, 0x00, 0x2E, 0x00, 0x0F, 0x40, 0x3F, 0x00, 0x0B, 0xC0, 0x00, 0xF4, 0x0B, 0xF0, 0x41,
    0xF0, 0x01, 0x0F, 0xC2, 0xCF, 0x3C, 0x7E, 0x40, 0x74, 0xBF, 0xF4, 0xFF, 0x0F, 0xFF, 0xFF, 0x43,
    0xFC, 0x0F, 0xC0, 0xE1, 0xBF, 0xE0, 0x00, 0x00, 0x00, 0x00, 0x00, 0x00, 0x00, 0x00, 0x00, 0x00,
    0x20, 0x00, 0x00, 0x00, 0x7D, 0x00, 0x00, 0x00, 0xFF, 0x00, 0x00, 0x01, 0xFE, 0x00, 0x00, 0x00,
    0x60, 0x00, 0x00, 0x00, 0x00, 0x00, 0x00, 0x00, 0x06, 0xA4, 0x00, 0x00, 0x2F, 0xFF, 0xF8, 0x00,
    0x7F, 0x96, 0xFE, 0x00, 0x7E, 0x00, 0x0B, 0x80, 0x7D, 0x00, 0x02, 0xD0, 0x3E, 0x00, 0x00, 0xA0,
    0x1F, 0x00, 0x00, 0x00, 0x0B, 0x80, 0x00, 0x00, 0x03, 0xD0, 0x00, 0x00, 0x00, 0xF4, 0x00, 0x00,
    0x00, 0x7C, 0x00, 0x1F, 0xFF, 0x1F, 0x00, 0x01, 0x7F, 0x03, 0xD0, 0x00, 0x0B, 0x80, 0xF8, 0x00,
    0x03, 0xE0, 0x2F, 0x40, 0x00, 0xF4, 0x03, 0xF8, 0x00, 0x7C, 0x00, 0x7F, 0xFF, 0xFF, 0x00, 0x02,
    0xFF, 0xF9, 0x00, 0x00, 0x00, 0x00, 0x00, 0x00, 0x00, 0x00, 0x00, 0x00, 0x00, 0x00, 0x00, 0x0B,
    0x00, 0x00, 0x00, 0x07, 0xC0, 0x00, 0x00, 0x03, 0xD0, 0x00, 0x00, 0x03, 0xD0, 0x00, 0x00, 0x00,
    0xC0, 0x00, 0x00, 0x00, 0x00, 0x00, 0x00, 0x00, 0x00, 0x00, 0x00, 0x00, 0xBF, 0xFB, 0x40, 0x01,
    0xFA, 0xFF, 0xC0, 0x01, 0xF0, 0x1E, 0x00, 0x00, 0xF4, 0x07, 0xC0, 0x00, 0x3C, 0x01, 0xE0, 0x00,
    0x0F, 0x00, 0xF0, 0x00, 0x03, 0xD0, 0xF4, 0x00, 0x00, 0x7F, 0xF4, 0x00, 0x00, 0x07, 0xD0, 0x00,
    0x00, 0x07, 0x80, 0x00, 0x00, 0x02, 0xF0, 0x00, 0x00, 0x00, 0xBF, 0x90, 0x00, 0x02, 0xFA, 0xFF,
    0x00, 0x07, 0xD0, 0x0B, 0xF0, 0x03, 0xD0, 0x00, 0x7D, 0x00, 0xF4, 0x00, 0x0F, 0x40, 0x3F, 0x40,
    0x1F, 0x80, 0x03, 0xFF, 0xFF, 0x80, 0x00, 0x1B, 0xF9, 0x00, 0x00, 0x00, 0x00, 0x04, 0x00, 0x00,
    0x00, 0x00, 0x0B, 0x80, 0x00, 0x00, 0x00, 0x02, 0xFC, 0x00, 0x00, 0x00, 0x00, 0x1F, 0xC0, 0x00,
    0x00, 0x00, 0x00, 0x60, 0x00, 0x00, 0x00, 0x00, 0x00, 0x00, 0x00, 0x05, 0x50, 0x00, 0x15, 0x54,
    0x03, 0xFD, 0x00, 0x1F, 0xFE, 0x00, 0x2F, 0x80, 0x00, 0xB8, 0x00, 0x07, 0xF0, 0x00, 0x2D, 0x00,
    0x02, 0xFE, 0x00, 0x0F, 0x00, 0x00, 0xFB, 0xC0, 0x03, 0xC0, 0x00, 0x3C, 0xF8, 0x01, 0xE0, 0x00,
    0x0F, 0x2F, 0x00, 0xB4, 0x00, 0x07, 0x83, 0xD0, 0x3D, 0x00, 0x02, 0xD0, 0xBC, 0x0F, 0x00, 0x00,
    0xF0, 0x0F, 0x43, 0xC0, 0x00, 0x3C, 0x03, 0xE1, 0xE0, 0x00, 0x1F, 0x00, 0x7C, 0xB4, 0x00, 0x07,
    0x80, 0x0F, 0xBC, 0x00, 0x02, 0xD0, 0x01, 0xFF, 0x00, 0x00, 0xF0, 0x00, 0x3F, 0xC0, 0x00, 0xBE,
    0x40, 0x07, 0xE0, 0x01, 0xFF, 0xF0, 0x00, 0xF4, 0x00, 0x00, 0x00, 0x00, 0x00, 0x00, 0x00, 0x00,
    0x00, 0x00, 0x00, 0x02, 0x80, 0x00, 0x00, 0x3D, 0x00, 0x00, 0x02, 0xF0, 0x00, 0x00, 0x0B, 0xC0,
    0x00, 0x00, 0x1C, 0x00, 0x00, 0x00, 0x00, 0x00, 0x00, 0x00, 0x00, 0x6F, 0x80, 0xBE, 0x0B, 0xFC,
    0x3F, 0xF0, 0x07, 0x8F, 0x4F, 0x40, 0xBB, 0xC0, 0xF0, 0x0F, 0xF0, 0x1F, 0x00, 0xFD, 0x02, 0xE0,
    0x0F, 0x80, 0x3D, 0x01, 0xF0, 0x03, 0xC0, 0x2E, 0x00, 0x7C, 0x03, 0xD0, 0x0B, 0x84, 0x3C, 0x00,
    0xF5, 0xD7, 0xC0, 0x0F, 0xF8, 0xB8, 0x00, 0xFE, 0x00, 0x00, 0x00, 0x00, 0x00, 0x00, 0x00, 0x00,
    0x00, 0x00, 0x00, 0x00, 0x19, 0x00, 0x00, 0x00, 0x07, 0xF4, 0x00, 0x00, 0x00, 0xBF, 0x40, 0x00,
    0x00, 0x01, 0x40, 0x00, 0x00, 0x00, 0x02, 0x90, 0x00, 0x00, 0x00, 0x7F, 0xD0, 0x00, 0x00, 0x03,
    0xC3, 0x80, 0x00, 0x00, 0x0D, 0x0E, 0x00, 0x00, 0x00, 0x38, 0x74, 0x00, 0x00, 0x00, 0xFF, 0xC0,
    0x00, 0x00, 0x00, 0xFC, 0x00, 0x00, 0x00, 0x0B, 0xF0, 0x00, 0x00, 0x00, 0x3A, 0xD0, 0x00, 0x00,
    0x03, 0xC7, 0x80, 0x00, 0x00, 0x1D, 0x1F, 0x00, 0x00, 0x00, 0xF0, 0x3C, 0x00, 0x00, 0x0B, 0x40,
    0xF4, 0x00, 0x00, 0x3C, 0x03, 0xD0, 0x00, 0x02, 0xD0, 0x0B, 0x80, 0x00, 0x1F, 0xFF, 0xFF, 0x00,
    0x00, 0xFA, 0xAA, 0xBC, 0x00, 0x07, 0x80, 0x00, 0xF4, 0x00, 0x3C, 0x00, 0x03, 0xE0, 0x02, 0xE0,
    0x00, 0x0F, 0xC0, 0x2F, 0x90, 0x00, 0x7F, 0x93, 0xFF, 0xC0, 0x0F, 0xFF, 0xC0, 0x00, 0x00, 0x09,
    0x00, 0x00, 0x2F, 0x80, 0x00, 0x7F, 0x80, 0x00, 0x14, 0x00, 0x00, 0x01, 0x90, 0x00, 0x03, 0xFD,
    0x00, 0x02, 0xC3, 0xC0, 0x00, 0xE0, 0xB0, 0x00, 0x3C, 0x38, 0x00, 0x0B, 0xFC, 0x00, 0x00, 0x68,
    0x00, 0x00, 0x00, 0x00, 0x00, 0x6F, 0x87, 0x40, 0xBF, 0xFF, 0xC0, 0x7D, 0x0B, 0xE0, 0x3C, 0x00,
    0xF4, 0x3E, 0x00, 0x3C, 0x0F, 0x00, 0x1F, 0x07, 0x80, 0x0B, 0x82, 0xD0, 0x07, 0xD0, 0xF4, 0x03,
    0xF0, 0x3D, 0x02, 0xFC, 0x1F, 0xC2, 0xCF, 0x3E, 0xFF, 0xD3, 0xFC, 0x3F, 0xC0, 0xFC, 0x00, 0x00,
    0x00, 0x00, 0x00, 0x00, 0x00, 0x00, 0x00, 0x14, 0x00, 0x00, 0x00, 0x00, 0x00, 0x3E, 0x00, 0x00,
    0x00, 0x00, 0x00, 0xBF, 0x40, 0x00, 0x00, 0x00, 0x00, 0xFE, 0x40, 0x00, 0x00, 0x00, 0x00, 0x24,
    0x00, 0x00, 0x00, 0x00, 0x00, 0x00, 0x00, 0x00, 0x00, 0x00, 0x05, 0x55, 0x55, 0x50, 0x00, 0x00,
    0x0B, 0xFF, 0xFF, 0xFC, 0x00, 0x00, 0x00, 0x3F, 0xEA, 0xAF, 0x00, 0x00, 0x00, 0x3F, 0xE0, 0x03,
    0x80, 0x00, 0x00, 0x2D, 0xF4, 0x00, 0xD0, 0x00, 0x00, 0x1E, 0x3C, 0x00, 0x00, 0x00, 0x00, 0x0F,
    0x1F, 0x00, 0x00, 0x00, 0x00, 0x0F, 0x0B, 0xC0, 0x00, 0x00, 0x00, 0x0B, 0x43, 0xFA, 0xBC, 0x00,
    0x00, 0x07, 0x80, 0xFF, 0xFE, 0x00, 0x00, 0x03, 0xD5, 0x7C, 0x00, 0x00, 0x00, 0x03, 0xFF, 0xFF,
    0x00, 0x00, 0x00, 0x03, 0xD5, 0x5F, 0x80, 0x00, 0x00, 0x02, 0xE0, 0x03, 0xE0, 0x00, 0xC0, 0x01,
    0xE0, 0x00, 0xF4, 0x00, 0xF0, 0x00, 0xF0, 0x00, 0x7C, 0x00, 0x78, 0x01, 0xFE, 0x00, 0x7F, 0xFF,
    0xFD, 0x02, 0xFF, 0xC0, 0xFF, 0xFF, 0xFF, 0x00, 0x00, 0x00, 0x00, 0x00, 0x00, 0x00, 0x00, 0x0E,
    0x00, 0x00, 0x00, 0x03, 0xE0, 0x00, 0x00, 0x00, 0xBC, 0x00, 0x00, 0x00, 0x1E, 0x00, 0x00, 0x00,
    0x02, 0x80, 0x00, 0x00, 0x00, 0x00, 0x00, 0x00, 0x00, 0x00, 0x00, 0x00, 0x00, 0x2F, 0xD0, 0xBF,
    0x80, 0x1F, 0xFF, 0xFE, 0xBD, 0x07, 0xD0, 0x2F, 0x02, 0xE0, 0xF4, 0x03, 0xC0, 0x3D, 0x2E, 0x00,
    0x78, 0x0B, 0xC3, 0xC0, 0x0F, 0x43, 0xF0, 0x78, 0x01, 0xF7, 0xF8, 0x0B, 0x40, 0x3F, 0xF4, 0x00,
    0xF4, 0x0B, 0xF0, 0x00, 0x0F, 0x40, 0xFF, 0x00, 0x04, 0xF8, 0x3C, 0xF4, 0x0B, 0x8B, 0xFF, 0x0F,
    0xFF, 0xE0, 0x3F, 0x80, 0x3F, 0xF4, 0x00, 0x00, 0x00, 0x00, 0x00, 0x00, 0x00, 0x00, 0x06, 0x00,
    0x00, 0x00, 0x00, 0x2F, 0x00, 0x00, 0x00, 0x01, 0xFE, 0x00, 0x00, 0x00, 0x0B, 0xF4, 0x00, 0x00,
    0x00, 0x09, 0x00, 0x00, 0x00, 0x00, 0x00, 0x00, 0x00, 0x00, 0x00, 0x06, 0x90, 0x04, 0x00, 0x01,
    0xFF, 0xFE, 0x2D, 0x00, 0x0F, 0xE5, 0x6F, 0xF4, 0x00, 0x3F, 0x00, 0x07, 0xE0, 0x00, 0xFC, 0x00,
    0x0F, 0xF0, 0x01, 0xF0, 0x00, 0x3E, 0xF4, 0x03, 0xE0, 0x00, 0xF4, 0xF4, 0x07, 0xC0, 0x03, 0xC0,
    0xF4, 0x0B, 0xC0, 0x0F, 0x00, 0xF4, 0x0F, 0x80, 0x3C, 0x01, 0xF0, 0x0F, 0x80, 0xF0, 0x02, 0xF0,
    0x0F, 0x83, 0xC0, 0x03, 0xE0, 0x0F, 0x9F, 0x00, 0x07, 0xC0, 0x0F, 0xFC, 0x00, 0x0F, 0x80, 0x07,
    0xF0, 0x00, 0x3F, 0x00, 0x07, 0xF4, 0x01, 0xFC, 0x00, 0x1E, 0xFF, 0xAF, 0xE0, 0x00, 0x38, 0x2F,
    0xFE, 0x40, 0x00, 0x00, 0x00, 0x00, 0x00, 0x00, 0x00, 0x00, 0x00, 0x00, 0x00, 0x00, 0x02, 0xD0,
    0x00, 0x00, 0x07, 0xD0, 0x00, 0x00, 0x0F, 0x40, 0x00, 0x00, 0x3D, 0x00, 0x00, 0x00, 0x34, 0x00,
    0x00, 0x00, 0x00, 0x00, 0x00, 0x00, 0x00, 0x00, 0x00, 0x06, 0xFE, 0x1C, 0x00, 0x2F, 0xFF, 0xF8,
    0x00, 0xFC, 0x07, 0xE0, 0x02, 0xF0, 0x0B, 0xD0, 0x03, 0xD0, 0x3F, 0xE0, 0x07, 0xC0, 0xF3, 0xE0,
    0x0B, 0x87, 0xC3, 0xD0, 0x0F, 0x5E, 0x03, 0xC0, 0x0F, 0xF8, 0x0B, 0x80, 0x0F, 0xD0, 0x0F, 0x00,
    0x0F, 0xC0, 0x3E, 0x00, 0x3F, 0xFA, 0xF8, 0x00, 0xB1, 0xFF, 0xD0, 0x00, 0x00, 0x00, 0x00, 0x00,
    0x00, 0x00, 0x00, 0x00, 0x00, 0x00, 0x06, 0x03, 0x40, 0x00, 0x00, 0x3E, 0x0F, 0x00, 0x00, 0x00,
    0x7D, 0x2F, 0x00, 0x00, 0x00, 0x7D, 0x2F, 0x00, 0x00, 0x00, 0x24, 0x1C, 0x00, 0x00, 0x00, 0x00,
    0x00, 0x00, 0x00, 0x00, 0x18, 0x00, 0x00, 0x00, 0x02, 0xF0, 0x00, 0x00, 0x00, 0x0F, 0xD0, 0x00,
    0x00, 0x00, 0xFF, 0x80, 0x00, 0x00, 0x07, 0x6E, 0x00, 0x00, 0x00, 0x3C, 0x7C, 0x00, 0x00, 0x01,
    0xD0, 0xF0, 0x00, 0x00, 0x0F, 0x03, 0xD0, 0x00, 0x00, 0xB4, 0x0F, 0x40, 0x00, 0x03, 0xC0, 0x2E,
    0x00, 0x00, 0x3E, 0x55, 0xBC, 0x00, 0x01, 0xFF, 0xFF, 0xF0, 0x00, 0x0F, 0x55, 0x5B, 0xD0, 0x00,
    0xB8, 0x00, 0x0F, 0x40, 0x03, 0xC0, 0x00, 0x3E, 0x00, 0x2E, 0x00, 0x00, 0xFC, 0x02, 0xF9, 0x00,
    0x07, 0xF9, 0x3F, 0xFC, 0x00, 0xFF, 0xFC, 0x00, 0x00, 0x00, 0x00, 0x28, 0x34, 0x00, 0x1F, 0x1E,
    0x00, 0x03, 0xC3, 0xC0, 0x00, 0xB4, 0xB4, 0x00, 0x0E, 0x0D, 0x00, 0x00, 0x00, 0x00, 0x00, 0x00,
    0x00, 0x00, 0x6F, 0x87, 0x40, 0xBF, 0xFF, 0xC0, 0x7D, 0x0B, 0xE0, 0x3C, 0x00, 0xF4, 0x3E, 0x00,
    0x3C, 0x0F, 0x00, 0x1F, 0x07, 0x80, 0x0B, 0x82, 0xD0, 0x07, 0xD0, 0xF4, 0x03, 0xF0, 0x3D, 0x02,
    0xFC, 0x1F, 0xC2, 0xCF, 0x3E, 0xFF, 0xD3, 0xFC, 0x3F, 0xC0, 0xFC, 0x00, 0x00, 0x00, 0x00, 0x00,
    0x00, 0x00, 0x64, 0x00, 0x00, 0x00, 0x2F, 0xFD, 0x00, 0x00, 0x02, 0xF6, 0xF8, 0x00, 0x00, 0x0D,
    0x01, 0xE0, 0x00, 0x00, 0x00, 0x01, 0x00, 0x00, 0x00, 0x00, 0x00, 0x00, 0x00, 0x00, 0x06, 0x00,
    0x00, 0x00, 0x00, 0xBC, 0x00, 0x00, 0x00, 0x03, 0xF4, 0x00, 0x00, 0x00, 0x3F, 0xE0, 0x00, 0x00,
    0x01, 0xDB, 0x80, 0x00, 0x00, 0x0F, 0x1F, 0x00, 0x00, 0x00, 0x74, 0x3C, 0x00, 0x00, 0x03, 0xC0,
    0xF4, 0x00, 0x00, 0x2D, 0x03, 0xD0, 0x00, 0x00, 0xF0, 0x0B, 0x80, 0x00, 0x0F, 0x95, 0x6F, 0x00,
    0x00, 0x7F, 0xFF, 0xFC, 0x00, 0x03, 0xD5, 0x56, 0xF4, 0x00, 0x2E, 0x00, 0x03, 0xD0, 0x00, 0xF0,
    0x00, 0x0F, 0x80, 0x0B, 0x80, 0x00, 0x3F, 0x00, 0xBE, 0x40, 0x01, 0xFE, 0x4F, 0xFF, 0x00, 0x3F,
    0xFF, 0x00, 0x00, 0x00, 0x00, 0x02, 0xFF, 0x00, 0x03, 0xFB, 0xE0, 0x02, 0xC0, 0x78, 0x00, 0x40,
    0x08, 0x00, 0x00, 0x00, 0x00, 0x00, 0x00, 0x00, 0x01, 0xBE, 0x1D, 0x02, 0xFF, 0xFF, 0x01, 0xF4,
    0x2F, 0x80, 0xF0, 0x03, 0xD0, 0xF8, 0x00, 0xF0, 0x3C, 0x00, 0x7C, 0x1E, 0x00, 0x2E, 0x0B, 0x40,
    0x1F, 0x43, 0xD0, 0x0F, 0xC0, 0xF4, 0x0B, 0xF0, 0x7F, 0x0B, 0x3C, 0xFB, 0xFF, 0x4F, 0xF0, 0xFF,
    0x03, 0xF0, 0x00, 0x00, 0x00, 0x00, 0x00, 0x00, 0x00, 0x00, 0x00, 0x03, 0x01, 0x80, 0x00, 0x01,
    0xF0, 0xF8, 0x00, 0x00, 0x3F, 0x1F, 0x40, 0x00, 0x03, 0xE1, 0xF0, 0x00, 0x00, 0x28, 0x0C, 0x00,
    0x00, 0x00, 0x00, 0x00, 0x01, 0x55, 0x55, 0x54, 0x00, 0xFF, 0xFF, 0xFF, 0x00, 0x07, 0xEA, 0xAB,
    0xC0, 0x01, 0xF0, 0x00, 0xE0, 0x00, 0xBC, 0x00, 0x30, 0x00, 0x2E, 0x00, 0x00, 0x00, 0x0F, 0x40,
    0x00, 0x00, 0x03, 0xC0, 0x00, 0x00, 0x01, 0xFA, 0xAA, 0x00, 0x00, 0xBF, 0xFF, 0x80, 0x00, 0x3E,
    0x00, 0x00, 0x00, 0x0F, 0x40, 0x00, 0x00, 0x03, 0xC0, 0x00, 0x00, 0x01, 0xF0, 0x00, 0x70, 0x00,
    0xBC, 0x00, 0x3C, 0x00, 0x3E, 0x00, 0x1E, 0x00, 0x6F, 0xFF, 0xFF, 0x40, 0x7F, 0xFF, 0xFF, 0xC0,
    0x00, 0x00, 0x00, 0x00, 0x0A, 0x0D, 0x00, 0x7C, 0x78, 0x00, 0xF0, 0xF0, 0x02, 0xD2, 0xD0, 0x03,
    0x83, 0x40, 0x00, 0x00, 0x00, 0x00, 0x00, 0x00, 0x6F, 0xC0, 0x0B, 0xAF, 0xC0, 0xB4, 0x1F, 0x07,
    0x80, 0x7C, 0x3C, 0x03, 0xD1, 0xE0, 0xBD, 0x0B, 0xAF, 0xC0, 0x3F, 0xE4, 0x00, 0xF4, 0x00, 0x03,
    0xD0, 0x01, 0x0F, 0xC0, 0x7C, 0x1F, 0xFF, 0xD0, 0x2F, 0xF8, 0x00, 0x00, 0x00, 0x00, 0x00, 0x00,
    0x06, 0x90, 0x00, 0x00, 0x1F, 0xFE, 0x00, 0x00, 0x0F, 0x9F, 0xC0, 0x00, 0x0A, 0x00, 0xF0, 0x00,
    0x00, 0x00, 0x00, 0x00, 0x00, 0x00, 0x00, 0x00, 0x05, 0x55, 0x55, 0x50, 0x03, 0xFF, 0xFF, 0xFC,
    0x00, 0x1F, 0xAA, 0xAF, 0x00, 0x07, 0xC0, 0x03, 0x80, 0x02, 0xF0, 0x00, 0xC0, 0x00, 0xB8, 0x00,
    0x00, 0x00, 0x3D, 0x00, 0x00, 0x00, 0x0F, 0x00, 0x00, 0x00, 0x07, 0xEA, 0xA8, 0x00, 0x02, 0xFF,
    0xFE, 0x00, 0x00, 0xF8, 0x00, 0x00, 0x00, 0x3D, 0x00, 0x00, 0x00, 0x0F, 0x00, 0x00, 0x00, 0x07,
    0xC0, 0x01, 0xC0, 0x02, 0xF0, 0x00, 0xF0, 0x00, 0xF8, 0x00, 0x78, 0x01, 0xBF, 0xFF, 0xFD, 0x01,
    0xFF, 0xFF, 0xFF, 0x00, 0x00, 0x00, 0x00, 0x00, 0xBF, 0xC0, 0x0F, 0xEF, 0x80, 0xB0, 0x1E, 0x01,
    0x00, 0x20, 0x00, 0x00, 0x00, 0x00, 0x00, 0x00, 0x1B, 0xF0, 0x02, 0xEB, 0xF0, 0x2D, 0x07, 0xC1,
    0xE0, 0x1F, 0x0F, 0x00, 0xF4, 0x78, 0x2F, 0x42, 0xEB, 0xF0, 0x0F, 0xF9, 0x00, 0x3D, 0x00, 0x00,
    0xF4, 0x00, 0x43, 0xF0, 0x1F, 0x07, 0xFF, 0xF4, 0x0B, 0xFE, 0x00, 0x00, 0x00, 0x00, 0x00, 0x00,
    0x00, 0x07, 0x02, 0x40, 0x0B, 0x83, 0xD0, 0x03, 0xE2, 0xF0, 0x00, 0xF4, 0x7C, 0x00, 0x24, 0x1C,
    0x00, 0x00, 0x00, 0x00, 0x55, 0x54, 0x00, 0xFF, 0xF8, 0x00, 0x1F, 0x80, 0x00, 0x1F, 0x00, 0x00,
    0x2F, 0x00, 0x00, 0x2E, 0x00, 0x00, 0x3D, 0x00, 0x00, 0x3D, 0x00, 0x00, 0x7C, 0x00, 0x00, 0xBC,
    0x00, 0x00, 0xF8, 0x00, 0x00, 0xF4, 0x00, 0x00, 0xF0, 0x00, 0x01, 0xF0, 0x00, 0x02, 0xF0, 0x00,
    0x03, 0xE0, 0x00, 0x1B, 0xF8, 0x00, 0x7F, 0xFD, 0x00, 0x00, 0x00, 0x28, 0x34, 0x7C, 0x78, 0x3C,
    0x3C, 0x2D, 0x2D, 0x0E, 0x0D, 0x00, 0x00, 0x00, 0x00, 0x2F, 0xC0, 0x7F, 0xC0, 0x03, 0xC0, 0x07,
    0xC0, 0x0B, 0x80, 0x0F, 0x40, 0x1F, 0x00, 0x2F, 0x00, 0x3D, 0x00, 0x3C, 0x10, 0x7C, 0xF0, 0xBF,
    0xC0, 0x7E, 0x00, 0x00, 0x00, 0x00, 0x01, 0x90, 0x00, 0x1F, 0xFD, 0x00, 0x7E, 0x7F, 0x00, 0x90,
    0x0F, 0x00, 0x00, 0x04, 0x00, 0x00, 0x00, 0x00, 0x55, 0x54, 0x00, 0xFF, 0xF8, 0x00, 0x1F, 0x80,
    0x00, 0x1F, 0x00, 0x00, 0x2F, 0x00, 0x00, 0x2E, 0x00, 0x00, 0x3D, 0x00, 0x00, 0x3D, 0x00, 0x00,
    0x7C, 0x00, 0x00, 0xBC, 0x00, 0x00, 0xF8, 0x00, 0x00, 0xF4, 0x00, 0x00, 0xF0, 0x00, 0x01, 0xF0,
    0x00, 0x02, 0xF0, 0x00, 0x03, 0xE0, 0x00, 0x1B, 0xF8, 0x00, 0x7F, 0xFD, 0x00, 0x00, 0x00, 0x00,
    0xBF, 0xC0, 0xFE, 0xF8, 0xB0, 0x1E, 0x10, 0x02, 0x00, 0x00, 0x00, 0x00, 0x00, 0xBF, 0x00, 0x7F,
    0xC0, 0x00, 0xF0, 0x00, 0x7C, 0x00, 0x2E, 0x00, 0x0F, 0x40, 0x07, 0xC0, 0x02, 0xF0, 0x00, 0xF4,
    0x00, 0x3C, 0x10, 0x1F, 0x3C, 0x0B, 0xFC, 0x01, 0xF8, 0x00, 0x00, 0x00, 0x00, 0x00, 0x00, 0x00,
    0x00, 0x00, 0x1C, 0x09, 0x00, 0x00, 0x0B, 0x83, 0xD0, 0x00, 0x00, 0xF8, 0xBC, 0x00, 0x00, 0x0F,
    0x47, 0xC0, 0x00, 0x00, 0x90, 0x70, 0x00, 0x00, 0x00, 0x00, 0x00, 0x00, 0x01, 0xA4, 0x00, 0x00,
    0x1F, 0xFF, 0xE0, 0x00, 0x3F, 0x95, 0xBF, 0x00, 0x3F, 0x00, 0x07, 0xE0, 0x3F, 0x00, 0x00, 0xFC,
    0x1F, 0x00, 0x00, 0x1F, 0x4F, 0x80, 0x00, 0x03, 0xD7, 0xC0, 0x00, 0x00, 0xF6, 0xF0, 0x00, 0x00,
    0x3D, 0xF8, 0x00, 0x00, 0x1F, 0x3E, 0x00, 0x00, 0x0B, 0xCF, 0x80, 0x00, 0x03, 0xE3, 0xE0, 0x00,
    0x01, 0xF0, 0xFC, 0x00, 0x00, 0xF8, 0x1F, 0x40, 0x00, 0xBC, 0x03, 0xF4, 0x01, 0xFC, 0x00, 0x3F,
    0xEB, 0xFC, 0x00, 0x02, 0xFF, 0xE4, 0x00, 0x00, 0x00, 0x00, 0x00, 0x00, 0x00, 0x00, 0x00, 0x00,
    0xA0, 0xD0, 0x00, 0xF1, 0xE0, 0x00, 0xF0, 0xF0, 0x00, 0x78, 0xB4, 0x00, 0x38, 0x34, 0x00, 0x00,
    0x00, 0x00, 0x00, 0x00, 0x00, 0x6F, 0xE0, 0x02, 0xFF, 0xF8, 0x0F, 0xC0, 0x7C, 0x2F, 0x00, 0x3D,
    0x3D, 0x00, 0x3E, 0x7C, 0x00, 0x3D, 0xB8, 0x00, 0x3D, 0xF4, 0x00, 0x3C, 0xF4, 0x00, 0xB8, 0xF8,
    0x00, 0xF0, 0xBC, 0x03, 0xE0, 0x7F, 0xAF, 0x80, 0x1F, 0xFD, 0x00, 0x00, 0x00, 0x00, 0x00, 0x00,
    0x19, 0x00, 0x00, 0x00, 0x7F, 0xF4, 0x00, 0x00, 0x7E, 0x7F, 0x00, 0x00, 0x24, 0x03, 0xC0, 0x00,
    0x00, 0x00, 0x40, 0x00, 0x00, 0x00, 0x00, 0x00, 0x00, 0x06, 0x90, 0x00, 0x00, 0x7F, 0xFF, 0x80,
    0x00, 0xFE, 0x56, 0xFC, 0x00, 0xFC, 0x00, 0x1F, 0x80, 0xFC, 0x00, 0x03, 0xF0, 0x7C, 0x00, 0x00,
    0x7D, 0x3E, 0x00, 0x00, 0x0F, 0x5F, 0x00, 0x00, 0x03, 0xDB, 0xC0, 0x00, 0x00, 0xF7, 0xE0, 0x00,
    0x00, 0x7C, 0xF8, 0x00, 0x00, 0x2F, 0x3E, 0x00, 0x00, 0x0F, 0x8F, 0x80, 0x00, 0x07, 0xC3, 0xF0,
    0x00, 0x03, 0xE0, 0x7D, 0x00, 0x02, 0xF0, 0x0F, 0xD0, 0x07, 0xF0, 0x00, 0xFF, 0xAF, 0xF0, 0x00,
    0x0B, 0xFF, 0x90, 0x00, 0x00, 0x00, 0x00, 0x00, 0x00, 0x00, 0x00, 0x00, 0x00, 0x0B, 0xFC, 0x00,
    0x3F, 0xBE, 0x00, 0xB0, 0x1F, 0x00, 0x40, 0x08, 0x00, 0x00, 0x00, 0x00, 0x00, 0x00, 0x00, 0x6F,
    0xE0, 0x02, 0xFF, 0xF8, 0x0F, 0xC0, 0x7C, 0x2F, 0x00, 0x3D, 0x3D, 0x00, 0x3E, 0x7C, 0x00, 0x3D,
    0xB8, 0x00, 0x3D, 0xF4, 0x00, 0x3C, 0xF4, 0x00, 0xB8, 0xF8, 0x00, 0xF0, 0xBC, 0x03, 0xE0, 0x7F,
    0xAF, 0x80, 0x1F, 0xFD, 0x00, 0x00, 0x00, 0x00, 0x00, 0x00, 0x00, 0x00, 0x00, 0x1C, 0x09, 0x00,
    0x00, 0x0B, 0x83, 0xD0, 0x00, 0x00, 0xF8, 0xBC, 0x00, 0x00, 0x0F, 0x4B, 0xC0, 0x00, 0x00, 0x90,
    0x70, 0x00, 0x00, 0x00, 0x00, 0x00, 0x00, 0x16, 0xA4, 0x00, 0x01, 0xFF, 0xFF, 0xE0, 0x00, 0x67,
    0xD1, 0xBD, 0x00, 0x01, 0xF0, 0x0F, 0xC0, 0x00, 0xBC, 0x01, 0xF0, 0x00, 0x2E, 0x00, 0x7C, 0x00,
    0x0F, 0x40, 0x3E, 0x00, 0x03, 0xC0, 0x2F, 0x00, 0x01, 0xF0, 0x7F, 0x40, 0x00, 0xBF, 0xFE, 0x00,
    0x00, 0x3F, 0xBD, 0x00, 0x00, 0x0F, 0x4B, 0xC0, 0x00, 0x03, 0xC0, 0xF4, 0x00, 0x01, 0xF0, 0x2F,
    0x00, 0x00, 0xB8, 0x03, 0xE0, 0x00, 0x3E, 0x00, 0x7E, 0x00, 0x6F, 0xE4, 0x0B, 0xF0, 0x7F, 0xFE,
    0x00, 0x7F, 0x00, 0x00, 0x00, 0x00, 0x00, 0x00, 0x00, 0x00, 0x0D, 0x1C, 0x00, 0xB8, 0xF4, 0x01,
    0xF2, 0xE0, 0x03, 0xC3, 0xC0, 0x03, 0x47, 0x00, 0x00, 0x00, 0x00, 0x00, 0x00, 0x2F, 0x82, 0xF2,
    0xFF, 0x2F, 0xC0, 0x79, 0xFA, 0x01, 0xEE, 0x00, 0x0B, 0xB0, 0x00, 0x3F, 0x40, 0x00, 0xF8, 0x00,
    0x07, 0xD0, 0x00, 0x2F, 0x00, 0x00, 0xF4, 0x00, 0x03, 0xC0, 0x00, 0x0F, 0x00, 0x00, 0x78, 0x00,
    0x00, 0x00, 0x00, 0x19, 0x00, 0x00, 0x00, 0x7F, 0xF4, 0x00, 0x00, 0x7D, 0xBF, 0x00, 0x00, 0x34,
    0x03, 0x80, 0x00, 0x00, 0x00, 0x40, 0x00, 0x00, 0x00, 0x00, 0x00, 0x00, 0x5A, 0x90, 0x00, 0x07,
    0xFF, 0xFF, 0x80, 0x01, 0x9F, 0x46, 0xF4, 0x00, 0x07, 0xC0, 0x3F, 0x00, 0x02, 0xF0, 0x07, 0xC0,
    0x00, 0xB8, 0x01, 0xF0, 0x00, 0x3D, 0x00, 0xF8, 0x00, 0x0F, 0x00, 0xBC, 0x00, 0x07, 0xC1, 0xFD,
    0x00, 0x02, 0xFF, 0xF8, 0x00, 0x00, 0xFE, 0xF4, 0x00, 0x00, 0x3D, 0x2F, 0x00, 0x00, 0x0F, 0x03,
    0xD0, 0x00, 0x07, 0xC0, 0xBC, 0x00, 0x02, 0xE0, 0x0F, 0x80, 0x00, 0xF8, 0x01, 0xF8, 0x01, 0xBF,
    0x90, 0x2F, 0xC1, 0xFF, 0xF8, 0x01, 0xFC, 0x00, 0x00, 0x00, 0x00, 0x00, 0x00, 0x01, 0x00, 0x01,
    0xFF, 0x80, 0x1F, 0xBF, 0x40, 0xE0, 0x2D, 0x01, 0x00, 0x20, 0x00, 0x00, 0x00, 0x00, 0x00, 0x0B,
    0xE0, 0xBC, 0xBF, 0xCB, 0xF0, 0x1E, 0x7E, 0x80, 0x7B, 0x80, 0x02, 0xEC, 0x00, 0x0F, 0xD0, 0x00,
    0x3E, 0x00, 0x01, 0xF4, 0x00, 0x0B, 0xC0, 0x00, 0x3D, 0x00, 0x00, 0xF0, 0x00, 0x03, 0xC0, 0x00,
    0x1E, 0x00, 0x00, 0x00, 0x00, 0x00, 0x00, 0x00, 0x06, 0x03, 0x40, 0x00, 0x00, 0xF8, 0x3C, 0x00,
    0x00, 0x07, 0xD2, 0xF0, 0x00, 0x00, 0x1F, 0x4B, 0xC0, 0x00, 0x00, 0x24, 0x1C, 0x00, 0x00, 0x00,
    0x00, 0x00, 0x01, 0x55, 0x40, 0x05, 0x55, 0x7F, 0xFC, 0x01, 0xFF, 0xE1, 0xBD, 0x00, 0x07, 0xE0,
    0x0B, 0x80, 0x00, 0x3D, 0x00, 0xF8, 0x00, 0x03, 0xC0, 0x0F, 0x40, 0x00, 0x3C, 0x01, 0xF0, 0x00,
    0x07, 0x80, 0x2F, 0x00, 0x00, 0xB4, 0x02, 0xE0, 0x00, 0x0F, 0x00, 0x3D, 0x00, 0x00, 0xF0, 0x03,
    0xD0, 0x00, 0x0F, 0x00, 0x7C, 0x00, 0x01, 0xE0, 0x07, 0xC0, 0x00, 0x2D, 0x00, 0xBC, 0x00, 0x03,
    0xC0, 0x07, 0xC0, 0x00, 0xF8, 0x00, 0x3F, 0x00, 0x3F, 0x00, 0x02, 0xFF, 0xFF, 0xC0, 0x00, 0x07,
    0xFF, 0xD0, 0x00, 0x00, 0x00, 0x00, 0x00, 0x00, 0x00, 0x00, 0x00, 0x00, 0x0A, 0x0A, 0x00, 0x00,
    0xF1, 0xF0, 0x00, 0x0F, 0x4F, 0x00, 0x00, 0x78, 0xB4, 0x00, 0x02, 0xC3, 0x80, 0x00, 0x00, 0x00,
    0x00, 0x00, 0x00, 0x00, 0x2F, 0xC0, 0x07, 0x8B, 0xFC, 0x00, 0xF4, 0x03, 0xC0, 0x0F, 0x00, 0x7C,
    0x01, 0xF0, 0x0B, 0x80, 0x1E, 0x00, 0xF4, 0x03, 0xD0, 0x0F, 0x00, 0x3C, 0x02, 0xE0, 0x0B, 0xC0,
    0x3D, 0x01, 0xF8, 0x03, 0xD0, 0x3B, 0x80, 0x3D, 0x0F, 0x79, 0xD3, 0xFF, 0xC7, 0xFC, 0x1F, 0xE0,
    0x3E, 0x00, 0x00, 0x00, 0x00, 0x00, 0x00, 0x19, 0x00, 0x00, 0x00, 0x2F, 0xFD, 0x00, 0x00, 0x0B,
    0xDB, 0xE0, 0x00, 0x00, 0xD0, 0x1E, 0x00, 0x00, 0x00, 0x00, 0x40, 0x00, 0x00, 0x00, 0x00, 0x00,
    0x15, 0x54, 0x00, 0x55, 0x57, 0xFF, 0xC0, 0x1F, 0xFE, 0x1B, 0xD0, 0x00, 0x7E, 0x00, 0xB8, 0x00,
    0x03, 0xD0, 0x0F, 0x80, 0x00, 0x3C, 0x00, 0xF4, 0x00, 0x03, 0xC0, 0x1F, 0x00, 0x00, 0x78, 0x02,
    0xF0, 0x00, 0x0B, 0x40, 0x2E, 0x00, 0x00, 0xF0, 0x03, 0xD0, 0x00, 0x0F, 0x00, 0x3D, 0x00, 0x00,
    0xF0, 0x07, 0xC0, 0x00, 0x1E, 0x00, 0x7C, 0x00, 0x02, 0xD0, 0x0B, 0xC0, 0x00, 0x3C, 0x00, 0x7C,
    0x00, 0x0F, 0x80, 0x03, 0xF0, 0x03, 0xF0, 0x00, 0x2F, 0xFF, 0xFC, 0x00, 0x00, 0x7F, 0xFD, 0x00,
    0x00, 0x00, 0x00, 0x00, 0x00, 0x00, 0x00, 0x00, 0x00, 0x00, 0x00, 0xBF, 0xC0, 0x00, 0x3F, 0xBF,
    0x00, 0x0B, 0x00, 0xF0, 0x00, 0x40, 0x09, 0x00, 0x00, 0x00, 0x00, 0x00, 0x00, 0x00, 0x02, 0xFC,
    0x00, 0x78, 0xBF, 0xC0, 0x0F, 0x40, 0x3C, 0x00, 0xF0, 0x07, 0xC0, 0x1F, 0x00, 0xB8, 0x01, 0xE0,
    0x0F, 0x40, 0x3D, 0x00, 0xF0, 0x03, 0xC0, 0x2E, 0x00, 0xBC, 0x03, 0xD0, 0x1F, 0x80, 0x3D, 0x03,
    0xB8, 0x03, 0xD0, 0xF7, 0x9D, 0x3F, 0xFC, 0x7F, 0xC1, 0xFE, 0x03, 0xE0, 0x00, 0x00, 0x00, 0x00,
    0x00, 0x06, 0x94, 0x00, 0x2F, 0xFF, 0xD0, 0x2F, 0x45, 0xF4, 0x1F, 0x00, 0x2D, 0x0B, 0xC0, 0x0B,
    0x02, 0xF0, 0x01, 0x40, 0xBD, 0x00, 0x00, 0x0F, 0xE0, 0x00, 0x01, 0xFF, 0x40, 0x00, 0x0F, 0xF8,
    0x00, 0x00, 0x7F, 0x80, 0x00, 0x03, 0xF0, 0x20, 0x00, 0x7D, 0x1D, 0x00, 0x0F, 0x4B, 0x40, 0x07,
    0xC2, 0xF0, 0x03, 0xE0, 0xBF, 0xAB, 0xF0, 0x07, 0xFF, 0xD0, 0x00, 0x00, 0x00, 0x00, 0x02, 0x80,
    0x00, 0x00, 0xF8, 0x00, 0x00, 0x3D, 0x00, 0x00, 0x0F, 0x00, 0x00, 0x0F, 0x00, 0x00, 0x01, 0x00,
    0x00, 0x00, 0x00, 0x00, 0x00, 0x06, 0xFD, 0x02, 0xFF, 0xE0, 0x78, 0x09, 0x0F, 0x40, 0x00, 0xBC,
    0x00, 0x03, 0xF4, 0x00, 0x1F, 0xE0, 0x00, 0x3F, 0x40, 0x00, 0xFC, 0x20, 0x07, 0xCB, 0x80, 0xB4,
    0xBF, 0xAE, 0x02, 0xFF, 0x40, 0x00, 0x00, 0x00, 0x28, 0x00, 0x07, 0xC0, 0x00, 0x3C, 0x00, 0x0B,
    0x80, 0x01, 0xE0, 0x00, 0x14, 0x00, 0x00, 0x15, 0x55, 0x55, 0x51, 0xFF, 0xFF, 0xFF, 0xEB, 0xAA,
    0xFE, 0xAF, 0x7C, 0x03, 0xD0, 0x2C, 0xF0, 0x1F, 0x00, 0xB2, 0x40, 0xBC, 0x02, 0x40, 0x02, 0xE0,
    0x00, 0x00, 0x0F, 0x40, 0x00, 0x00, 0x3C, 0x00, 0x00, 0x01, 0xF0, 0x00, 0x00, 0x0B, 0xC0, 0x00,
    0x00, 0x3E, 0x00, 0x00, 0x00, 0xF4, 0x00, 0x00, 0x03, 0xC0, 0x00, 0x00, 0x1F, 0x00, 0x00, 0x00,
    0xBC, 0x00, 0x00, 0x1B, 0xF9, 0x00, 0x01, 0xFF, 0xFC, 0x00, 0x00, 0x00, 0x00, 0x00, 0x01, 0x90,
    0x00, 0x00, 0x0F, 0xC0, 0x00, 0x00, 0x2F, 0x00, 0x00, 0x00, 0xF4, 0x00, 0x00, 0x0B, 0x40, 0x00,
    0x00, 0x10, 0x00, 0x00, 0x00, 0x00, 0x00, 0x00, 0x03, 0x80, 0x00, 0xB4, 0x00, 0x0F, 0x00, 0x0A,
    0xFF, 0xE3, 0xFF, 0xFD, 0x02, 0xE0, 0x00, 0x3D, 0x00, 0x03, 0xC0, 0x00, 0x7C, 0x00, 0x07, 0x80,
    0x00, 0xB8, 0x00, 0x0F, 0x40, 0x00, 0xF0, 0x18, 0x0F, 0x0B, 0x80, 0xFF, 0xF0, 0x0B, 0xF4, 0x00,
    0x00, 0x00, 0x06, 0x40, 0x00, 0xFC, 0x00, 0x0B, 0x80, 0x00, 0xF0, 0x00, 0x2D, 0x00, 0x01, 0x00,
    0x00, 0x00, 0x01, 0xA9, 0x00, 0x07, 0xFF, 0xFC, 0x00, 0xF9, 0x1B, 0xE0, 0x0F, 0x00, 0x3F, 0x01,
    0xD0, 0x02, 0xE0, 0x0C, 0x00, 0x3E, 0x00, 0x00, 0x07, 0xC0, 0x00, 0x01, 0xF8, 0x00, 0x00, 0xBE,
    0x00, 0x00, 0xBF, 0xD0, 0x01, 0xFF, 0xBF, 0x40, 0x0A, 0x40, 0xFC, 0x00, 0x00, 0x0B, 0xC0, 0x00,
    0x00, 0xBC, 0x00, 0x00, 0x0F, 0xC0, 0x00, 0x01, 0xF4, 0x00, 0x00, 0x3F, 0x00, 0x00, 0x1F, 0xC0,
    0x00, 0x6F, 0xF0, 0x07, 0xFF, 0xF8, 0x00, 0x2F, 0xA4, 0x00, 0x00, 0x00, 0x00, 0x00, 0x00, 0x02,
    0xFE, 0x00, 0x07, 0xFF, 0xF0, 0x03, 0xD0, 0x3D, 0x01, 0xE0, 0x0B, 0x80, 0x20, 0x03, 0xD0, 0x00,
    0x00, 0xF0, 0x00, 0x00, 0xFC, 0x00, 0x00, 0xFC, 0x00, 0x06, 0xFD, 0x00, 0x0F, 0xFF, 0xD0, 0x00,
    0x00, 0xFC, 0x00, 0x00, 0x2F, 0x00, 0x00, 0x0B, 0xC0, 0x00, 0x03, 0xE0, 0x00, 0x02, 0xF0, 0x00,
    0x02, 0xF4, 0x00, 0x07, 0xF8, 0x02, 0xFF, 0xF4, 0x00, 0xBF, 0x90, 0x00, 0x00, 0x00, 0x00, 0x00,
    0x00, 0x00, 0x00, 0x00, 0xD0, 0x0F, 0x00, 0x00, 0x00, 0x0F, 0x03, 0xD0, 0x00, 0x00, 0x00, 0xBD,
    0xF4, 0x00, 0x00, 0x00, 0x03, 0xFC, 0x00, 0x00, 0x00, 0x00, 0x0F, 0x00, 0x00, 0x00, 0x00, 0x00,
    0x00, 0x00, 0x00, 0x05, 0x55, 0x40, 0x15, 0x54, 0x00, 0xFF, 0xF4, 0x07, 0xFF, 0xD0, 0x01, 0xF8,
    0x00, 0x0B, 0xD0, 0x00, 0x1F, 0x00, 0x00, 0xBC, 0x00, 0x02, 0xF0, 0x00, 0x0F, 0x80, 0x00, 0x2E,
    0x00, 0x00, 0xF4, 0x00, 0x03, 0xD0, 0x00, 0x0F, 0x00, 0x00, 0x3D, 0x00, 0x01, 0xF0, 0x00, 0x07,
    0xFF, 0xFF, 0xFF, 0x00, 0x00, 0xBF, 0xFF, 0xFF, 0xE0, 0x00, 0x0F, 0x80, 0x00, 0x3D, 0x00, 0x00,
    0xF4, 0x00, 0x07, 0xC0, 0x00, 0x0F, 0x00, 0x00, 0xBC, 0x00, 0x01, 0xF0, 0x00, 0x0B, 0x80, 0x00,
    0x2F, 0x00, 0x00, 0xF4, 0x00, 0x03, 0xE0, 0x00, 0x0F, 0x40, 0x01, 0xBF, 0x80, 0x07, 0xF9, 0x00,
    0x7F, 0xFD, 0x02, 0xFF, 0xF0, 0x00, 0x00, 0x80, 0x28, 0x00, 0x07, 0x43, 0xD0, 0x00, 0x0F, 0x2D,
    0x00, 0x00, 0x2F, 0xD0, 0x00, 0x00, 0x3E, 0x00, 0x00, 0x00, 0x00, 0x00, 0x00, 0x01, 0x00, 0x00,
    0x02, 0xFF, 0x00, 0x00, 0x06, 0xBC, 0x00, 0x00, 0x01, 0xF0, 0x00, 0x00, 0x0B, 0x80, 0x00, 0x00,
    0x3C, 0x00, 0x00, 0x00, 0xF0, 0x00, 0x00, 0x07, 0x81, 0xFD, 0x00, 0x2D, 0x2F, 0xF8, 0x00, 0xF2,
    0xE2, 0xF0, 0x03, 0xDD, 0x0B, 0x80, 0x1F, 0xD0, 0x3D, 0x00, 0xBF, 0x00, 0xF0, 0x02, 0xF0, 0x07,
    0xC0, 0x0F, 0x80, 0x2E, 0x00, 0x3C, 0x00, 0xF4, 0x01, 0xF0, 0x03, 0xC1, 0x0B, 0x80, 0x0F, 0x3C,
    0x3D, 0x00, 0x7F, 0xD0, 0xF0, 0x00, 0xFC, 0x00, 0x00, 0x00, 0x00, 0x00, 0x00, 0x00, 0x01, 0x40,
    0x00, 0x00, 0x2F, 0xF0, 0x00, 0x00, 0x06, 0xBC, 0x00, 0x00, 0x00, 0x1F, 0x00, 0x00, 0x00, 0x0B,
    0x80, 0x00, 0x00, 0x03, 0xD0, 0x00, 0x00, 0x00, 0xF0, 0x00, 0x00, 0xBE, 0x7C, 0x00, 0x01, 0xFF,
    0xFE, 0x00, 0x01, 0xF4, 0x2F, 0x40, 0x00, 0xF0, 0x03, 0xC0, 0x00, 0xB8, 0x00, 0xF0, 0x00, 0x3C,
    0x00, 0x78, 0x00, 0x1E, 0x00, 0x2D, 0x00, 0x0B, 0x40, 0x1F, 0x02, 0x83, 0xD0, 0x0F, 0xC3, 0xFC,
    0xF4, 0x0B, 0xF3, 0xCB, 0x3F, 0x0B, 0x3D, 0xC3, 0xCB, 0xFF, 0x4F, 0xE2, 0xD0, 0xFF, 0x00, 0xFF,
    0xE0, 0x00, 0x00, 0x3E, 0x80, 0x00, 0x00, 0x0D, 0x00, 0x00, 0x00, 0x03, 0x00, 0x00, 0x00, 0x00,
    0x00, 0x00, 0x00, 0x55, 0x55, 0x54, 0x01, 0xFF, 0xFF, 0xFC, 0x02, 0xFA, 0xAA, 0xFC, 0x03, 0xC0,
    0x02, 0xF0, 0x03, 0xC0, 0x07, 0xD0, 0x01, 0x00, 0x0F, 0x40, 0x00, 0x00, 0x3E, 0x00, 0x00, 0x00,
    0xFC, 0x00, 0x00, 0x02, 0xF0, 0x00, 0x00, 0x0B, 0xC0, 0x00, 0x00, 0x1F, 0x40, 0x00, 0x00, 0x7D,
    0x00, 0x00, 0x00, 0xF8, 0x00, 0x00, 0x03, 0xF0, 0x00, 0x00, 0x0F, 0xC0, 0x00, 0x00, 0x2F, 0x00,
    0x00, 0x00, 0x7F, 0xFF, 0xFF, 0x40, 0x3F, 0xFF, 0xFF, 0xD0, 0x00, 0x00, 0x03, 0xE0, 0x00, 0x00,
    0x03, 0xD0, 0x00, 0x00, 0x07, 0xC0, 0x00, 0x00, 0x1F, 0x00, 0x00, 0x00, 0x04, 0x00, 0x07, 0xE4,
    0x1C, 0x0F, 0xFF, 0x7D, 0x2D, 0x5F, 0xF8, 0x2C, 0x02, 0xE0, 0x00, 0x07, 0xC0, 0x00, 0x1F, 0x00,
    0x00, 0x7C, 0x00, 0x01, 0xF0, 0x00, 0x03, 0xC0, 0x00, 0x0F, 0x00, 0x14, 0x3F, 0x50, 0x3C, 0xFF,
    0xFF, 0xFC, 0xF1, 0xFF, 0xFC, 0x00, 0x00, 0x3C, 0x00, 0x00, 0x34, 0x00, 0x10, 0xF0, 0x00, 0x3F,
    0xC0, 0x00, 0x19, 0x00, 0x00, 0x00, 0x00, 0x10, 0x00, 0x00, 0x00, 0x03, 0xE0, 0x00, 0x00, 0x00,
    0x1F, 0xC0, 0x00, 0x00, 0x00, 0x7C, 0x00, 0x00, 0x00, 0x00, 0x00, 0x00, 0x00, 0x00, 0x00, 0x00,
    0x00, 0x00, 0x00, 0x06, 0x00, 0x00, 0x00, 0x00, 0xBC, 0x00, 0x00, 0x00, 0x03, 0xF4, 0x00, 0x00,
    0x00, 0x3F, 0xE0, 0x00, 0x00, 0x01, 0xDB, 0x80, 0x00, 0x00, 0x0F, 0x1F, 0x00, 0x00, 0x00, 0x74,
    0x3C, 0x00, 0x00, 0x03, 0xC0, 0xF4, 0x00, 0x00, 0x2D, 0x03, 0xD0, 0x00, 0x00, 0xF0, 0x0B, 0x80,
    0x00, 0x0F, 0x95, 0x6F, 0x00, 0x00, 0x7F, 0xFF, 0xFC, 0x00, 0x03, 0xD5, 0x56, 0xF4, 0x00, 0x2E,
    0x00, 0x03, 0xD0, 0x00, 0xF0, 0x00, 0x0F, 0x80, 0x0B, 0x80, 0x00, 0x3F, 0x00, 0xBE, 0x40, 0x01,
    0xFE, 0x4F, 0xFF, 0x00, 0x3F, 0xFF, 0x00, 0x01, 0xD0, 0x00, 0x00, 0xFC, 0x00, 0x00, 0x7E, 0x00,
    0x00, 0x05, 0x00, 0x00, 0x00, 0x00, 0x00, 0x00, 0x00, 0x00, 0x06, 0xF8, 0x74, 0x0B, 0xFF, 0xFC,
    0x07, 0xD0, 0xBE, 0x03, 0xC0, 0x0F, 0x43, 0xE0, 0x03, 0xC0, 0xF0, 0x01, 0xF0, 0x78, 0x00, 0xB8,
    0x2D, 0x00, 0x7D, 0x0F, 0x40, 0x3F, 0x03, 0xD0, 0x2F, 0xC1, 0xFC, 0x2C, 0xF3, 0xEF, 0xFD, 0x3F,
    0xC3, 0xFC, 0x0F, 0xC0, 0x00, 0x00, 0x00, 0x00, 0x55, 0x55, 0x55, 0x00, 0x3F, 0xFF, 0xFF, 0xC0,
    0x01, 0xFA, 0xAA, 0xF0, 0x00, 0x7C, 0x00, 0x38, 0x00, 0x2F, 0x00, 0x0C, 0x00, 0x0B, 0x80, 0x00,
    0x00, 0x03, 0xD0, 0x00, 0x00, 0x00, 0xF0, 0x00, 0x00, 0x00, 0x7E, 0xAA, 0x80, 0x00, 0x2F, 0xFF,
    0xE0, 0x00, 0x0F, 0x80, 0x00, 0x00, 0x03, 0xD0, 0x00, 0x00, 0x00, 0xF0, 0x00, 0x00, 0x00, 0x7C,
    0x00, 0x1C, 0x00, 0x2F, 0x00, 0x0F, 0x00, 0x0F, 0x80, 0x07, 0x80, 0x1B, 0xFF, 0xFF, 0xD0, 0x1F,
    0xFF, 0xFF, 0xF0, 0x00, 0x00, 0x00, 0x00, 0x00, 0x00, 0x29, 0x00, 0x00, 0x00, 0x1F, 0xC0, 0x00,
    0x00, 0x00, 0xF0, 0x00, 0x00, 0x00, 0xB4, 0x00, 0x00, 0x01, 0xF8, 0x00, 0x00, 0x00, 0x10, 0x00,
    0x00, 0x00, 0x00, 0x00, 0x00, 0x01, 0xBF, 0x00, 0x2E, 0xBF, 0x02, 0xD0, 0x7C, 0x1E, 0x01, 0xF0,
    0xF0, 0x0F, 0x47, 0x82, 0xF4, 0x2E, 0xBF, 0x00, 0xFF, 0x90, 0x03, 0xD0, 0x00, 0x0F, 0x40, 0x04,
    0x3F, 0x01, 0xF0, 0x7F, 0xFF, 0x40, 0xBF, 0xE0, 0x00, 0x00, 0x00, 0x01, 0xA0, 0x00, 0x0B, 0xE0,
    0x00, 0x07, 0x80, 0x00, 0x3C, 0x00, 0x07, 0xC0, 0x00, 0x14, 0x00, 0x00, 0x00, 0x03, 0xFF, 0xF4,
    0x00, 0x00, 0xFF, 0xFD, 0x00, 0x00, 0x00, 0x00, 0x00, 0x00, 0x04, 0x01, 0x00, 0x00, 0x0F, 0xC3,
    0xF0, 0x00, 0x03, 0xE0, 0xF8, 0x00, 0x00, 0x50, 0x14, 0x00, 0x00, 0x00, 0x00, 0x00, 0x00, 0x00,
    0x69, 0x00, 0x00, 0x07, 0xFF, 0xF8, 0x00, 0x0F, 0xE5, 0x6F, 0xC0, 0x0F, 0xC0, 0x01, 0xF8, 0x0F,
    0xC0, 0x00, 0x3F, 0x07, 0xC0, 0x00, 0x07, 0xD3, 0xE0, 0x00, 0x00, 0xF5, 0xF0, 0x00, 0x00, 0x3D,
    0xBC, 0x00, 0x00, 0x0F, 0x7E, 0x00, 0x00, 0x07, 0xCF, 0x80, 0x00, 0x02, 0xF3, 0xE0, 0x00, 0x00,
    0xF8, 0xF8, 0x00, 0x00, 0x7C, 0x3F, 0x00, 0x00, 0x3E, 0x07, 0xD0, 0x00, 0x2F, 0x00, 0xFD, 0x00,
    0x7F, 0x00, 0x0F, 0xFA, 0xFF, 0x00, 0x00, 0xBF, 0xF9, 0x00, 0x00, 0x00, 0x00, 0x00, 0x00, 0x00,
    0x15, 0x55, 0x00, 0x0F, 0xFF, 0xD0, 0x01, 0xAA, 0xA0, 0x00, 0x00, 0x00, 0x00, 0x24, 0x09, 0x00,
    0x3F, 0x0F, 0xC0, 0x0F, 0x83, 0xE0, 0x01, 0x40, 0x50, 0x00, 0x00, 0x00, 0x00, 0x00, 0x00, 0x00,
    0x06, 0xFE, 0x00, 0x0B, 0xFF, 0xE0, 0x0F, 0xC0, 0x7C, 0x0B, 0xC0, 0x0F, 0x43, 0xD0, 0x03, 0xE1,
    0xF0, 0x00, 0xF4, 0xB8, 0x00, 0x3D, 0x3D, 0x00, 0x0F, 0x0F, 0x40, 0x0B, 0x83, 0xE0, 0x03, 0xC0,
    0xBC, 0x03, 0xE0, 0x1F, 0xEB, 0xE0, 0x01, 0xFF, 0xD0, 0x00, 0x00, 0x00, 0x00, 0x00, 0x01, 0x55,
    0x50, 0x00, 0x00, 0xFF, 0xFD, 0x00, 0x00, 0x15, 0x55, 0x00, 0x00, 0x01, 0x00, 0x00, 0x00, 0x07,
    0xF4, 0xA0, 0x00, 0x03, 0xEF, 0xF8, 0x00, 0x00, 0x50, 0xB8, 0x00, 0x00, 0x00, 0x00, 0x00, 0x00,
    0x00, 0x69, 0x00, 0x00, 0x07, 0xFF, 0xF8, 0x00, 0x0F, 0xE5, 0x6F, 0xC0, 0x0F, 0xC0, 0x01, 0xF8,
    0x0F, 0xC0, 0x00, 0x3F, 0x07, 0xC0, 0x00, 0x07, 0xD3, 0xE0, 0x00, 0x00, 0xF5, 0xF0, 0x00, 0x00,
    0x3D, 0xBC, 0x00, 0x00, 0x0F, 0x7E, 0x00, 0x00, 0x07, 0xCF, 0x80, 0x00, 0x02, 0xF3, 0xE0, 0x00,
    0x00, 0xF8, 0xF8, 0x00, 0x00, 0x7C, 0x3F, 0x00, 0x00, 0x3E, 0x07, 0xD0, 0x00, 0x2F, 0x00, 0xFD,
    0x00, 0x7F, 0x00, 0x0F, 0xFA, 0xFF, 0x00, 0x00, 0xBF, 0xF9, 0x00, 0x00, 0x00, 0x00, 0x00, 0x00,
    0x00, 0x2F, 0xFF, 0x80, 0x0B, 0xFF, 0xE0, 0x00, 0x00, 0x00, 0x00, 0x00, 0x00, 0x00, 0x3F, 0x0A,
    0x00, 0x3F, 0xFB, 0x80, 0x0E, 0x2F, 0xD0, 0x00, 0x01, 0x40, 0x00, 0x00, 0x00, 0x00, 0x00, 0x00,
    0x00, 0x06, 0xFE, 0x00, 0x0B, 0xFF, 0xE0, 0x0F, 0xC0, 0x7C, 0x0B, 0xC0, 0x0F, 0x43, 0xD0, 0x03,
    0xE1, 0xF0, 0x00, 0xF4, 0xB8, 0x00, 0x3D, 0x3D, 0x00, 0x0F, 0x0F, 0x40, 0x0B, 0x83, 0xE0, 0x03,
    0xC0, 0xBC, 0x03, 0xE0, 0x1F, 0xEB, 0xE0, 0x01, 0xFF, 0xD0, 0x00, 0x00, 0x00, 0x00, 0x00, 0x00,
    0x04, 0x00, 0x00, 0x00, 0x0F, 0xC0, 0x00, 0x00, 0x07, 0xF0, 0x00, 0x00, 0x00, 0xF4, 0x00, 0x00,
    0x00, 0x00, 0x00, 0x00, 0x00, 0x00, 0x00, 0x00, 0x00, 0x06, 0x90, 0x00, 0x00, 0x7F, 0xFF, 0x80,
    0x00, 0xFE, 0x56, 0xFC, 0x00, 0xFC, 0x00, 0x1F, 0x80, 0xFC, 0x00, 0x03, 0xF0, 0x7C, 0x00, 0x00,
    0x7D, 0x3E, 0x00, 0x00, 0x0F, 0x5F, 0x00, 0x00, 0x03, 0xDB, 0xC0, 0x00, 0x00, 0xF7, 0xE0, 0x00,
    0x00, 0x7C, 0xF8, 0x00, 0x00, 0x2F, 0x3E, 0x00, 0x00, 0x0F, 0x8F, 0x80, 0x00, 0x07, 0xC3, 0xF0,
    0x00, 0x03, 0xE0, 0x7D, 0x00, 0x02, 0xF0, 0x0F, 0xD0, 0x07, 0xF0, 0x00, 0xFF, 0xAF, 0xF0, 0x00,
    0x0B, 0xFF, 0x90, 0x00, 0x00, 0x00, 0x00, 0x00, 0x00, 0x00, 0x01, 0xD0, 0x00, 0x03, 0xF0, 0x00,
    0x07, 0xE0, 0x00, 0x01, 0x40, 0x00, 0x00, 0x00, 0x00, 0x00, 0x00, 0x00, 0x6F, 0xE0, 0x02, 0xFF,
    0xF8, 0x0F, 0xC0, 0x7C, 0x2F, 0x00, 0x3D, 0x3D, 0x00, 0x3E, 0x7C, 0x00, 0x3D, 0xB8, 0x00, 0x3D,
    0xF4, 0x00, 0x3C, 0xF4, 0x00, 0xB8, 0xF8, 0x00, 0xF0, 0xBC, 0x03, 0xE0, 0x7F, 0xAF, 0x80, 0x1F,
    0xFD, 0x00, 0x00, 0x00, 0x00, 0x00, 0x03, 0xFF, 0xF0, 0x00, 0x00, 0xFF, 0xFC, 0x00, 0x00, 0x00,
    0x00, 0x00, 0x00, 0x00, 0xA0, 0x00, 0x00, 0x00, 0xBE, 0x00, 0x00, 0x00, 0x3F, 0x40, 0x00, 0x00,
    0x06, 0x40, 0x00, 0x00, 0x00, 0x00, 0x00, 0x00, 0x00, 0x69, 0x00, 0x00, 0x07, 0xFF, 0xF8, 0x00,
    0x0F, 0xE5, 0x6F, 0xC0, 0x0F, 0xC0, 0x01, 0xF8, 0x0F, 0xC0, 0x00, 0x3F, 0x07, 0xC0, 0x00, 0x07,
    0xD3, 0xE0, 0x00, 0x00, 0xF5, 0xF0, 0x00, 0x00, 0x3D, 0xBC, 0x00, 0x00, 0x0F, 0x7E, 0x00, 0x00,
    0x07, 0xCF, 0x80, 0x00, 0x02, 0xF3, 0xE0, 0x00, 0x00, 0xF8, 0xF8, 0x00, 0x00, 0x7C, 0x3F, 0x00,
    0x00, 0x3E, 0x07, 0xD0, 0x00, 0x2F, 0x00, 0xFD, 0x00, 0x7F, 0x00, 0x0F, 0xFA, 0xFF, 0x00, 0x00,
    0xBF, 0xF9, 0x00, 0x00, 0x00, 0x00, 0x00, 0x00, 0x00, 0x1A, 0xAA, 0x40, 0x0F, 0xFF, 0xE0, 0x01,
    0x55, 0x50, 0x00, 0x00, 0x00, 0x00, 0x01, 0x80, 0x00, 0x01, 0xF4, 0x00, 0x00, 0xBC, 0x00, 0x00,
    0x09, 0x00, 0x00, 0x00, 0x00, 0x00, 0x00, 0x00, 0x00, 0x06, 0xFE, 0x00, 0x0B, 0xFF, 0xE0, 0x0F,
    0xC0, 0x7C, 0x0B, 0xC0, 0x0F, 0x43, 0xD0, 0x03, 0xE1, 0xF0, 0x00, 0xF4, 0xB8, 0x00, 0x3D, 0x3D,
    0x00, 0x0F, 0x0F, 0x40, 0x0B, 0x83, 0xE0, 0x03, 0xC0, 0xBC, 0x03, 0xE0, 0x1F, 0xEB, 0xE0, 0x01,
    0xFF, 0xD0, 0x00, 0x00, 0x00, 0x00, 0x00, 0x00, 0x00, 0x00, 0x00, 0x03, 0xFF, 0xF4, 0x00, 0x00,
    0xBF, 0xFC, 0x00, 0x00, 0x00, 0x00, 0x00, 0x00, 0x00, 0x00, 0x00, 0x05, 0x55, 0x00, 0x55, 0x47,
    0xFF, 0xD0, 0xBF, 0xF4, 0x7F, 0x40, 0x07, 0xE0, 0x0B, 0xC0, 0x02, 0xE0, 0x00, 0xF4, 0x01, 0xF0,
    0x00, 0x2F, 0x00, 0xF0, 0x00, 0x07, 0xC0, 0xF4, 0x00, 0x00, 0xF8, 0xB8, 0x00, 0x00, 0x2F, 0x3C,
    0x00, 0x00, 0x03, 0xFC, 0x00, 0x00, 0x00, 0xBD, 0x00, 0x00, 0x00, 0x2F, 0x00, 0x00, 0x00, 0x0F,
    0x80, 0x00, 0x00, 0x03, 0xD0, 0x00, 0x00, 0x00, 0xF0, 0x00, 0x00, 0x00, 0x7C, 0x00, 0x00, 0x00,
    0xBF, 0xA0, 0x00, 0x00, 0xFF, 0xFC, 0x00, 0x00, 0x00, 0x02, 0xAA, 0xA0, 0x00, 0x03, 0xFF, 0xF4,
    0x00, 0x00, 0x00, 0x00, 0x00, 0x00, 0x00, 0x00, 0x00, 0x00, 0x00, 0x00, 0x00, 0x7E, 0x00, 0x7C,
    0x01, 0xFF, 0x00, 0x3E, 0x00, 0x0F, 0x80, 0x2E, 0x00, 0x0B, 0xC0, 0x2D, 0x00, 0x03, 0xC0, 0x3C,
    0x00, 0x03, 0xD0, 0x3C, 0x00, 0x02, 0xD0, 0x74, 0x00, 0x02, 0xE0, 0xF0, 0x00, 0x01, 0xE1, 0xD0,
    0x00, 0x01, 0xE3, 0xC0, 0x00, 0x00, 0xEB, 0x00, 0x00, 0x01, 0xED, 0x00, 0x00, 0x01, 0xF8, 0x00,
    0x00, 0x02, 0xF0, 0x00, 0x00, 0x03, 0xC0, 0x00, 0x00, 0x1F, 0x00, 0x00, 0x25, 0xBC, 0x00, 0x00,
    0x3F, 0xE0, 0x00, 0x00, 0x2E, 0x40, 0x00, 0x00, 0x00, 0x50, 0x01, 0xFF, 0x00, 0x1A, 0xF0, 0x00,
    0x1F, 0x00, 0x02, 0xE0, 0x00, 0x3D, 0x00, 0x03, 0xC0, 0x00, 0x7C, 0x00, 0x07, 0x80, 0x00, 0xB4,
    0x00, 0x0F, 0x40, 0x00, 0xF0, 0x00, 0x1F, 0x00, 0x02, 0xE0, 0x00, 0x3D, 0x06, 0x43, 0xC3, 0xFC,
    0x3C, 0xB1, 0xC3, 0xCD, 0x2C, 0x3F, 0xC7, 0x81, 0xFF, 0xF0, 0x0B, 0xA4, 0x00, 0xD0, 0x00, 0x0C,
    0x00, 0x00, 0x00, 0x00, 0x00, 0x00, 0x00, 0x00, 0x1B, 0xE0, 0x2F, 0x80, 0x0B, 0xFC, 0x3F, 0xF0,
    0x00, 0x1E, 0x3D, 0x3D, 0x00, 0x0B, 0xBC, 0x0F, 0x00, 0x03, 0xFC, 0x07, 0xC0, 0x00, 0xFD, 0x02,
    0xE0, 0x00, 0x3E, 0x00, 0xF4, 0x00, 0x1F, 0x00, 0x3C, 0x0A, 0x0B, 0x80, 0x0F, 0x0F, 0xF3, 0xD0,
    0x07, 0xCF, 0x2C, 0xF0, 0x01, 0xF7, 0x0F, 0x7C, 0x00, 0x3F, 0x8B, 0x6E, 0x00, 0x07, 0xFF, 0x80,
    0x00, 0x00, 0xFA, 0x40, 0x00, 0x00, 0x34, 0x00, 0x00, 0x00, 0x0C, 0x00, 0x00, 0x00, 0x00, 0x00,
    0x00, 0x00, 0x00, 0x00, 0x00, 0xE0, 0x00, 0x0B, 0x40, 0x00, 0x3C, 0x00, 0x0A, 0xFF, 0xE0, 0xFF,
    0xFF, 0x40, 0x2E, 0x00, 0x00, 0xF4, 0x00, 0x03, 0xC0, 0x00, 0x1F, 0x00, 0x00, 0xB8, 0x00, 0x02,
    0xE0, 0x64, 0x0F, 0x4B, 0xF0, 0x3C, 0x71, 0xD0, 0xF7, 0x8B, 0x02, 0xFC, 0x78, 0x03, 0xFF, 0xC0,
    0x07, 0xA4, 0x00, 0x38, 0x00, 0x00, 0xD0, 0x00, 0x00, 0x00, 0x00, 0x00, 0x02, 0xFC, 0x00, 0x0B,
    0xFC, 0x00, 0x00, 0x7C, 0x00, 0x00, 0x7C, 0x00, 0x00, 0xB8, 0x00, 0x00, 0xF4, 0x00, 0x00, 0xF0,
    0x00, 0x01, 0xF0, 0x00, 0x02, 0xE0, 0x00, 0x03, 0xD0, 0x00, 0x03, 0xC0, 0x00, 0x07, 0xC0, 0x00,
    0x0B, 0x80, 0x00, 0x0F, 0x40, 0x00, 0x1F, 0x00, 0x00, 0x3D, 0x00, 0x39, 0xBC, 0x00, 0x7F, 0xF0,
    0x00, 0x2F, 0x40, 0x00, 0x00, 0x00, 0x00, 0x00, 0x00, 0x00, 0x00, 0x00, 0x03, 0x40, 0x00, 0x00,
    0x06, 0x2C, 0x00, 0x00, 0x00, 0xBD, 0xD0, 0x00, 0x00, 0x03, 0xFF, 0x00, 0x00, 0x00, 0x3F, 0xF4,
    0x00, 0x00, 0x01, 0xDB, 0xC0, 0x00, 0x00, 0x0F, 0x1F, 0x00, 0x00, 0x00, 0x74, 0xFC, 0x00, 0x00,
    0x03, 0xC7, 0xF4, 0x00, 0x00, 0x2D, 0x3F, 0xD0, 0x00, 0x00, 0xF1, 0xDF, 0x80, 0x00, 0x0F, 0x9F,
    0x6F, 0x00, 0x00, 0x7F, 0xFF, 0xFC, 0x00, 0x03, 0xD7, 0xD6, 0xF0, 0x00, 0x2E, 0x1C, 0x03, 0xD0,
    0x00, 0xF0, 0xE0, 0x0F, 0x80, 0x0B, 0x87, 0x00, 0x3F, 0x00, 0xBE, 0x78, 0x01, 0xFE, 0x4F, 0xFF,
    0xC0, 0x3F, 0xFF, 0x00, 0x0E, 0x00, 0x00, 0x00, 0x00, 0x70, 0x00, 0x00, 0x00, 0x02, 0x80, 0x00,
    0x00, 0x00, 0x00, 0x00, 0x00, 0x00, 0x00, 0x00, 0x00, 0x00, 0x00, 0x00, 0x00, 0x00, 0x00, 0xD0,
    0x00, 0x01, 0x69, 0x0E, 0x00, 0x00, 0xBF, 0xFF, 0xF0, 0x00, 0x0F, 0xE5, 0xBF, 0x80, 0x00, 0xFC,
    0x00, 0xBD, 0x00, 0x0F, 0xC0, 0x0B, 0xF0, 0x00, 0x7C, 0x00, 0xB6, 0x80, 0x03, 0xE0, 0x07, 0x40,
    0x00, 0x1F, 0x00, 0x74, 0x00, 0x00, 0xBC, 0x03, 0x80, 0x00, 0x03, 0xE0, 0x38, 0x00, 0x00, 0x0F,
    0x83, 0xC0, 0x00, 0x00, 0x3E, 0x3C, 0x00, 0x00, 0x00, 0xFE, 0xC0, 0x00, 0x00, 0x02, 0xFC, 0x00,
    0x00, 0x00, 0x07, 0xF0, 0x00, 0x0C, 0x00, 0x1F, 0xF4, 0x06, 0xF0, 0x01, 0xEF, 0xFF, 0xFF, 0x00,
    0x0E, 0x0B, 0xFF, 0xD0, 0x00, 0x00, 0x00, 0x00, 0x00, 0x00, 0x00, 0x00, 0x01, 0x00, 0x00, 0x00,
    0xC0, 0x00, 0x00, 0xA0, 0x00, 0x00, 0x70, 0x00, 0x07, 0xFC, 0x00, 0x0B, 0xFF, 0x40, 0x0B, 0x8E,
    0x80, 0x07, 0x87, 0x00, 0x03, 0xC3, 0x40, 0x01, 0xE1, 0xC0, 0x00, 0xB4, 0xD0, 0x00, 0x3D, 0xB0,
    0x00, 0x0F, 0x74, 0x00, 0x03, 0xF8, 0x01, 0x00, 0xFD, 0x07, 0x80, 0x1F, 0xFF, 0xC0, 0x03, 0xFF,
    0x40, 0x02, 0x80, 0x00, 0x00, 0xC0, 0x00, 0x00, 0xA0, 0x00, 0x00, 0x20, 0x00, 0x00, 0x00, 0x00,
    0x55, 0x54, 0x00, 0x03, 0xFF, 0xE0, 0x00, 0x01, 0xF8, 0x00, 0x00, 0x07, 0xC0, 0x00, 0x00, 0x2F,
    0x00, 0x00, 0x00, 0xB8, 0x00, 0x00, 0x03, 0xD0, 0x00, 0x00, 0x0F, 0x40, 0x00, 0x05, 0xBD, 0x50,
    0x00, 0x3F, 0xFF, 0x80, 0x00, 0x0F, 0x80, 0x00, 0x00, 0x3D, 0x00, 0x00, 0x00, 0xF0, 0x00, 0x00,
    0x07, 0xC0, 0x00, 0xD0, 0x2F, 0x00, 0x0B, 0x00, 0xF8, 0x00, 0x7C, 0x1B, 0xFF, 0xFF, 0xD1, 0xFF,
    0xFF, 0xFF, 0x00, 0x00, 0x00, 0x00, 0x00, 0x08, 0x00, 0x00, 0x00, 0x00, 0x3C, 0x00, 0x15, 0x55,
    0x55, 0xB4, 0x00, 0x7F, 0xFF, 0xFF, 0xF8, 0x00, 0xBA, 0xAF, 0xEB, 0xF4, 0x00, 0xF0, 0x0F, 0x4E,
    0xB0, 0x00, 0xF0, 0x1F, 0x2C, 0xB0, 0x00, 0x90, 0x2F, 0xB0, 0x90, 0x00, 0x00, 0x2F, 0xD0, 0x00,
    0x00, 0x00, 0x3F, 0x80, 0x00, 0x00, 0x00, 0x3F, 0x00, 0x00, 0x00, 0x00, 0x7C, 0x00, 0x00, 0x00,
    0x00, 0xBC, 0x00, 0x00, 0x00, 0x00, 0xF8, 0x00, 0x00, 0x00, 0x03, 0xF4, 0x00, 0x00, 0x00, 0x0F,
    0xF0, 0x00, 0x00, 0x00, 0x2E, 0xF0, 0x00, 0x00, 0x00, 0x76, 0xF0, 0x00, 0x00, 0x00, 0xFB, 0xF9,
    0x00, 0x00, 0x03, 0xFF, 0xFF, 0x00, 0x00, 0x0B, 0x00, 0x00, 0x00, 0x00, 0x1C, 0x00, 0x00, 0x00,
    0x00, 0x24, 0x00, 0x00, 0x00, 0x00, 0x00, 0x00, 0x00, 0x06, 0xFD, 0x02, 0xFF, 0xE0, 0xB8, 0x09,
    0x0F, 0x40, 0x00, 0xBC, 0x00, 0x03, 0xF4, 0x00, 0x1F, 0xE0, 0x00, 0x3F, 0x40, 0x00, 0xFC, 0x20,
    0x07, 0xCB, 0x80, 0xB4, 0xBF, 0xAE, 0x03, 0xFF, 0x40, 0x1D, 0x00, 0x00, 0xE0, 0x00, 0x0B, 0x00,
    0x00, 0x3C, 0x24, 0x02, 0xFF, 0x40, 0x06, 0x90, 0x07, 0xE4, 0x1C, 0x0F, 0xFF, 0x7D, 0x2D, 0x5F,
    0xF8, 0x2C, 0x02, 0xE0, 0x00, 0x07, 0xC0, 0x00, 0x1F, 0x00, 0x00, 0x7C, 0x00, 0x01, 0xF0, 0x00,
    0x03, 0xC0, 0x00, 0x0F, 0x40, 0x00, 0x3D, 0x00, 0x00, 0xF8, 0x00, 0x00, 0xBD, 0x00, 0x00, 0x2F,
    0x40, 0x00, 0x0B, 0xC0, 0x2C, 0x03, 0xE0, 0x2D, 0x00, 0xF8, 0x3D, 0x00, 0x7F, 0xF8, 0x00, 0x0A,
    0x90, 0x00, 0x06, 0xA9, 0x00, 0x01, 0xFF, 0xFF, 0xE0, 0x01, 0x9F, 0x42, 0xF8, 0x00, 0x1F, 0x00,
    0xBC, 0x00, 0x2F, 0x00, 0x7C, 0x00, 0x2E, 0x00, 0x7C, 0x00, 0x3D, 0x00, 0xF8, 0x00, 0x3C, 0x02,
    0xF0, 0x00, 0x7F, 0xFF, 0x80, 0x00, 0xBE, 0xBF, 0xE0, 0x00, 0xF8, 0x02, 0xF4, 0x00, 0xF4, 0x00,
    0xF8, 0x1F, 0xFF, 0x80, 0xB8, 0x1B, 0xFA, 0x80, 0xF8, 0x02, 0xE0, 0x01, 0xF4, 0x03, 0xD0, 0x03,
    0xE0, 0x1B, 0xFA, 0xBF, 0x80, 0x7F, 0xFF, 0xF8, 0x00, 0x00, 0x00, 0x00, 0x00, 0x01, 0x55, 0x40,
    0x05, 0x55, 0x07, 0xFF, 0xC0, 0x1F, 0xFE, 0x01, 0xBD, 0x00, 0x07, 0xE0, 0x00, 0xB8, 0x00, 0x03,
    0xD0, 0x00, 0xF8, 0x00, 0x03, 0xC0, 0x00, 0xF4, 0x00, 0x03, 0xC0, 0x01, 0xF0, 0x00, 0x07, 0x80,
    0x02, 0xF0, 0x00, 0x0B, 0x40, 0x17, 0xF5, 0x55, 0x5F, 0x94, 0x7F, 0xFF, 0xFF, 0xFF, 0xF8, 0x03,
    0xD0, 0x00, 0x1F, 0x00, 0x07, 0xC0, 0x00, 0x1E, 0x00, 0x07, 0xC0, 0x00, 0x2D, 0x00, 0x0B, 0xC0,
    0x00, 0x3C, 0x00, 0x07, 0xC0, 0x00, 0xF8, 0x00, 0x03, 0xF0, 0x03, 0xF0, 0x00, 0x02, 0xFF, 0xFF,
    0xC0, 0x00, 0x00, 0x7F, 0xFD, 0x00, 0x00, 0x00, 0x00, 0x00, 0x00, 0x00, 0x00, 0x00, 0x00, 0x00,
    0x40, 0x00, 0x00, 0x00, 0x2C, 0x00, 0x55, 0x55, 0x57, 0x40, 0x0F, 0xFF, 0xFF, 0xF0, 0x00, 0x1F,
    0xAA, 0xBF, 0x00, 0x01, 0xF0, 0x03, 0xE0, 0x00, 0x2F, 0x00, 0xBC, 0x00, 0x02, 0xE0, 0x1C, 0x00,
    0x00, 0x3D, 0x03, 0x80, 0x00, 0x03, 0xC0, 0xB0, 0x00, 0x00, 0x7E, 0xAF, 0x80, 0x00, 0x0B, 0xFF,
    0xF8, 0x00, 0x00, 0xF8, 0x70, 0x00, 0x00, 0x0F, 0x4E, 0x00, 0x00, 0x00, 0xF2, 0xC0, 0x00, 0x00,
    0x1F, 0x34, 0x07, 0x00, 0x02, 0xFE, 0x00, 0xF0, 0x00, 0x3F, 0xC0, 0x1E, 0x00, 0x1B, 0xFF, 0xFF,
    0xD0, 0x07, 0xFF, 0xFF, 0xFC, 0x00, 0x01, 0xC0, 0x00, 0x00, 0x00, 0x38, 0x00, 0x00, 0x00, 0x02,
    0x00, 0x00, 0x00, 0x00, 0x00, 0x00, 0x20, 0x00, 0x00, 0x70, 0x00, 0x00, 0xA0, 0x00, 0x00, 0xC0,
    0x00, 0x1B, 0xF0, 0x00, 0xBF, 0xFC, 0x02, 0xD7, 0x7C, 0x07, 0x8D, 0x7C, 0x0F, 0x0D, 0xF4, 0x1E,
    0x2F, 0xD0, 0x2E, 0xBF, 0x00, 0x3F, 0xF4, 0x00, 0x3D, 0xD0, 0x00, 0x3D, 0xC0, 0x10, 0x3F, 0x81,
    0xF0, 0x1F, 0xFF, 0xD0, 0x0B, 0xFE, 0x00, 0x0D, 0x00, 0x00, 0x0C, 0x00, 0x00, 0x28, 0x00, 0x00,
    0x20, 0x00, 0x00, 0x00, 0x00, 0x55, 0x54, 0x00, 0x00, 0xFF, 0xF8, 0x00, 0x00, 0x1F, 0x80, 0x00,
    0x00, 0x0F, 0x40, 0x00, 0x00, 0x1F, 0x00, 0x00, 0x00, 0x2F, 0x00, 0x00, 0x00, 0x2E, 0x00, 0x00,
    0x00, 0x3D, 0x00, 0x00, 0x05, 0x7E, 0x50, 0x00, 0x0F, 0xFF, 0xE0, 0x00, 0x00, 0xBC, 0x00, 0x00,
    0x00, 0xF8, 0x00, 0x00, 0x00, 0xF4, 0x00, 0x00, 0x00, 0xF0, 0x00, 0x00, 0x01, 0xF0, 0x00, 0x00,
    0x02, 0xF0, 0x00, 0x00, 0x03, 0xE0, 0x00, 0x00, 0x03, 0xC0, 0x00, 0x00, 0x07, 0xC0, 0x00, 0x00,
    0x0F, 0x40, 0x00, 0x3E, 0xBE, 0x00, 0x00, 0x3F, 0xF8, 0x00, 0x00, 0x0A, 0x90, 0x00, 0x00, 0x00,
    0x00, 0x00, 0x00, 0x00, 0x03, 0xE0, 0x00, 0x01, 0xF8, 0x00, 0x00, 0x7C, 0x00, 0x00, 0x00, 0x00,
    0x00, 0x00, 0x00, 0x00, 0x00, 0x00, 0x00, 0x0B, 0xF0, 0x00, 0x0B, 0xFC, 0x00, 0x00, 0x1F, 0x00,
    0x00, 0x07, 0x80, 0x00, 0x02, 0xE0, 0x00, 0x05, 0xF9, 0x00, 0x07, 0xFF, 0xD0, 0x00, 0x1F, 0x00,
    0x00, 0x0B, 0x80, 0x00, 0x03, 0xD0, 0x00, 0x00, 0xF0, 0x00, 0x00, 0x7C, 0x00, 0x00, 0x2E, 0x00,
    0x00, 0x0F, 0x40, 0x00, 0x07, 0xC0, 0x00, 0x03, 0xD0, 0x00, 0xE6, 0xF0, 0x00, 0x7F, 0xF0, 0x00,
    0x0B, 0xD0, 0x00, 0x00, 0x00, 0x01, 0x69, 0x40, 0x00, 0x1F, 0xFF, 0xF8, 0x00, 0xFE, 0x5B, 0xFC,
    0x03, 0xE0, 0x00, 0xF8, 0x0F, 0x80, 0x00, 0xF4, 0x1F, 0x00, 0x01, 0xF0, 0x3D, 0x00, 0x01, 0xF0,
    0x7C, 0x00, 0x02, 0xE0, 0xBC, 0x00, 0x03, 0xE0, 0xF8, 0x00, 0x03, 0xD0, 0xF8, 0x00, 0x07, 0xC0,
    0xF8, 0x00, 0x0B, 0xC0, 0xFC, 0x00, 0x0B, 0x80, 0xBC, 0x00, 0x0F, 0x40, 0x7E, 0x00, 0x0F, 0x00,
    0x3F, 0x40, 0x2F, 0x00, 0x0F, 0xFF, 0xFF, 0x00, 0x02, 0xFF, 0x7E, 0x00, 0x00, 0x00, 0x3D, 0x00,
    0x00, 0x00, 0x3D, 0x04, 0x00, 0x00, 0x3E, 0x2D, 0x00, 0x00, 0x1F, 0xFC, 0x00, 0x00, 0x06, 0xE4,
    0x00, 0x00, 0x00, 0x00, 0x1B, 0xE1, 0xD0, 0x2F, 0xFF, 0xF0, 0x1F, 0x42, 0xF8, 0x0F, 0x00, 0x3D,
    0x0F, 0x80, 0x0F, 0x03, 0xC0, 0x07, 0xC1, 0xE0, 0x02, 0xE0, 0xB4, 0x01, 0xF4, 0x3D, 0x00, 0xFC,
    0x0F, 0x40, 0xBE, 0x03, 0xF0, 0xB7, 0x40, 0xBF, 0xF6, 0xC0, 0x0F, 0xF0, 0xF0, 0x00, 0x00, 0x38,
    0x00, 0x00, 0x1E, 0x00, 0x00, 0x0B, 0x40, 0x00, 0x02, 0xD2, 0x80, 0x00, 0x7F, 0xE0, 0x00, 0x0B,
    0xE0, 0x00, 0x05, 0xA9, 0x00, 0x00, 0x7F, 0xFF, 0xF8, 0x00, 0x19, 0xF4, 0x6F, 0x40, 0x00, 0x7C,
    0x03, 0xF0, 0x00, 0x2F, 0x00, 0x7C, 0x00, 0x0F, 0x80, 0x1F, 0x00, 0x03, 0xD0, 0x0F, 0x80, 0x00,
    0xF0, 0x0B, 0xC0, 0x00, 0x7C, 0x1F, 0xD0, 0x03, 0xFF, 0xFF, 0x80, 0x00, 0xAF, 0xEF, 0x40, 0x00,
    0x03, 0xD2, 0xF0, 0x00, 0x00, 0xF0, 0x3D, 0x00, 0x00, 0x7C, 0x0B, 0xC0, 0x00, 0x2E, 0x00, 0xF8,
    0x00, 0x0F, 0x80, 0x1F, 0x80, 0x1B, 0xF9, 0x02, 0xFC, 0x1F, 0xFF, 0x80, 0x1F, 0xC0, 0x00, 0x00,
    0x00, 0x00, 0x00, 0x00, 0x00, 0x0B, 0xE0, 0xBC, 0x2F, 0xF2, 0xFC, 0x01, 0xE7, 0xE8, 0x01, 0xEE,
    0x00, 0x02, 0xEC, 0x00, 0x03, 0xF8, 0x00, 0x7F, 0xFF, 0xC0, 0x07, 0xD0, 0x00, 0x0B, 0xC0, 0x00,
    0x0F, 0x40, 0x00, 0x0F, 0x00, 0x00, 0x0F, 0x00, 0x00, 0x1E, 0x00, 0x00, 0x15, 0x54, 0x01, 0x55,
    0x1F, 0xFF, 0x42, 0xFF, 0xD1, 0xFD, 0x00, 0x1F, 0x80, 0x2F, 0x00, 0x0B, 0x80, 0x03, 0xD0, 0x07,
    0xC0, 0x2F, 0xFF, 0xFF, 0xFF, 0x45, 0x6F, 0x97, 0xE5, 0x40, 0x03, 0xD2, 0xE0, 0x00, 0x00, 0xBC,
    0xF0, 0x00, 0x00, 0x0F, 0xF0, 0x00, 0x00, 0x02, 0xF4, 0x00, 0x00, 0x00, 0xBC, 0x00, 0x00, 0x00,
    0x3E, 0x00, 0x00, 0x00, 0x0F, 0x40, 0x00, 0x00, 0x03, 0xC0, 0x00, 0x00, 0x01, 0xF0, 0x00, 0x00,
    0x02, 0xFE, 0x80, 0x00, 0x03, 0xFF, 0xF0, 0x00, 0x00, 0x00, 0x00, 0x00, 0x00, 0x00, 0x07, 0xE0,
    0x07, 0xC0, 0x01, 0xFF, 0x00, 0x3E, 0x00, 0x00, 0xF8, 0x02, 0xE0, 0x00, 0x0B, 0xC0, 0x2D, 0x00,
    0x00, 0x3C, 0x03, 0xC0, 0x00, 0x57, 0xE5, 0x7D, 0x40, 0x2F, 0xFF, 0xFF, 0xFD, 0x00, 0x01, 0xE0,
    0xF0, 0x00, 0x00, 0x1E, 0x1D, 0x00, 0x00, 0x01, 0xE3, 0xC0, 0x00, 0x00, 0x0E, 0xB4, 0x00, 0x00,
    0x01, 0xEE, 0x00, 0x00, 0x00, 0x1F, 0xC0, 0x00, 0x00, 0x02, 0xF0, 0x00, 0x00, 0x00, 0x3C, 0x00,
    0x00, 0x00, 0x1F, 0x00, 0x00, 0x02, 0x5B, 0xC0, 0x00, 0x00, 0x3F, 0xE0, 0x00, 0x00, 0x02, 0xE4,
    0x00, 0x00, 0x00, 0x00, 0x02, 0x80, 0x7C, 0x03, 0xF0, 0x0F, 0x80, 0x2C, 0x00, 0x00, 0x00, 0x00,
    0x3C, 0x0B, 0xC1, 0xF0, 0x3C, 0x07, 0x00, 0x00, 0x00, 0x00, 0x00, 0x00, 0x2F, 0x00, 0x1F, 0xD0,
    0x1F, 0xBC, 0x0F, 0x0F, 0x0F, 0x01, 0xD0, 0x00, 0x00, 0x00, 0x00, 0x3F, 0x4A, 0xBF, 0xEE, 0xE1,
    0xFC, 0x00, 0x50, 0x6A, 0xA9, 0xBF, 0xFE, 0x00, 0x00, 0x00, 0x00, 0x70, 0x03, 0xBD, 0x1E, 0x3F,
    0xFC, 0x0B, 0x90, 0x2D, 0x7E, 0xBD, 0x10, 0x05, 0x01, 0x43, 0xF0, 0xFC, 0x3E, 0x0F, 0x80, 0x40,
    0x10, 0x06, 0x80, 0xFF, 0xCB, 0x0F, 0x18, 0x3C, 0x03, 0xC0, 0x7C, 0x01, 0xC0, 0x00, 0x00, 0x01,
    0x90, 0x0F, 0xF4, 0x2C, 0x3C, 0x38, 0x2C, 0x3C, 0x38, 0x2F, 0xF0, 0x06, 0x80, 0x00, 0x00, 0x00,
    0x74, 0x38, 0x0F, 0x8B, 0xC3, 0xF1, 0xF4, 0xBC, 0x3D, 0x0E, 0x07, 0x40, 0x00, 0x00, 0x00, 0x00,
    0x00, 0x1D, 0x03, 0xC7, 0x83, 0xD0, 0xF7, 0xD0, 0x1F, 0xD0, 0x02, 0xE0, 0x00, 0x00, 0x00, 0x34,
    0x70, 0xB8, 0xB4, 0x7C, 0x78, 0x3C, 0x3C, 0x0D, 0x1C, 0x00, 0x00, 0x00, 0x10, 0x01, 0xFF, 0x81,
    0xFB, 0xF4, 0xE0, 0x2D, 0x10, 0x02, 0x00, 0x00, 0x00, 0x2C, 0x0B, 0x41, 0xE0, 0x3D, 0x03, 0xD0,
    0x3F, 0x01, 0x80, 0x0A, 0x07, 0xE0, 0xF8, 0x3D, 0x1F, 0x0F, 0x0B, 0x00, 0x09, 0x0F, 0xCB, 0xC2,
    0xD0, 0x74, 0x0E, 0x01, 0xC0, 0x04, 0x2D, 0x3C, 0x3C, 0x74, 0xB0, 0x00, 0x06, 0x80, 0x7C, 0x0F,
    0x81, 0xF0, 0x38, 0x00, 0x00, 0x2D, 0x7E, 0xBD, 0x10, 0x09, 0x02, 0x43, 0xF0, 0xFC, 0x3E, 0x0F,
    0x80, 0x40, 0x10, 0x0A, 0x43, 0xED, 0x70, 0xEB, 0x0D, 0x3F, 0xC0, 0x50, 0x06, 0x43, 0xE0, 0xB8,
    0x3C, 0x2D, 0x04, 0x00, 0x0A, 0x80, 0xBD, 0x02, 0xD0, 0x78, 0x2E, 0x01, 0x40, 0x01, 0x00, 0xD0,
    0x3C, 0x07, 0x40, 0x7D, 0x43, 0xFC, 0x00, 0x00, 0x0A, 0x03, 0xC1, 0xE0, 0xB4, 0x3C, 0x05, 0x00,
    0x00, 0x00, 0x00, 0x3F, 0x00, 0x3F, 0xE0, 0x3E, 0x3D, 0x3D, 0x03, 0x84, 0x00, 0x00, 0x10, 0x00,
    0xF0, 0x0A, 0xFD, 0x7C, 0x7F, 0xF4, 0x06, 0x40, 0x00, 0x00, 0x2F, 0x06, 0xBF, 0xDF, 0xF2, 0xFD,
    0x50, 0xA4, 0x15, 0x54, 0xBF, 0xFE, 0x6A, 0xA9, 0x00, 0x10, 0x01, 0xFF, 0x81, 0xFB, 0xF4, 0xE0,
    0x2D, 0x10, 0x02, 0x00, 0x00, 0x03, 0x00, 0x02, 0xE0, 0x01, 0xF0, 0x00, 0xF4, 0x00, 0xB4, 0x00,
    0x10, 0x02, 0x80, 0x62, 0xF4, 0xBD, 0xFC, 0x2F, 0x04, 0x01, 0x00, 0x04, 0x0F, 0x03, 0xC0, 0xF9,
    0x3F, 0x00, 0x00, 0x00, 0x10, 0x00, 0x00, 0x00, 0x2E, 0x00, 0x00, 0x00, 0x0B, 0xE0, 0x00, 0x00,
    0x00, 0xBF, 0x00, 0x00, 0x00, 0x01, 0x80, 0x00, 0x00, 0x00, 0x00, 0x00, 0x05, 0x55, 0x55, 0x50,
    0x03, 0xFF, 0xFF, 0xFC, 0x00, 0x1F, 0xAA, 0xAF, 0x00, 0x07, 0xC0, 0x03, 0x80, 0x02, 0xF0, 0x00,
    0xC0, 0x00, 0xB8, 0x00, 0x00, 0x00, 0x3D, 0x00, 0x00, 0x00, 0x0F, 0x00, 0x00, 0x00, 0x07, 0xEA,
    0xA8, 0x00, 0x02, 0xFF, 0xFE, 0x00, 0x00, 0xF8, 0x00, 0x00, 0x00, 0x3D, 0x00, 0x00, 0x00, 0x0F,
    0x00, 0x00, 0x00, 0x07, 0xC0, 0x01, 0xC0, 0x02, 0xF0, 0x00, 0xF0, 0x00, 0xF8, 0x00, 0x78, 0x01,
    0xBF, 0xFF, 0xFD, 0x01, 0xFF, 0xFF, 0xFF, 0x00, 0x00, 0x00, 0xB0, 0x2D, 0x00, 0x00, 0xBD, 0x1F,
    0x80, 0x00, 0x2F, 0x07, 0xD0, 0x00, 0x00, 0x00, 0x00, 0x00, 0x00, 0x00, 0x00, 0x00, 0x15, 0x55,
    0x55, 0x40, 0x0F, 0xFF, 0xFF, 0xF0, 0x00, 0x7E, 0xAA, 0xBC, 0x00, 0x1F, 0x00, 0x0E, 0x00, 0x0B,
    0xC0, 0x03, 0x00, 0x02, 0xE0, 0x00, 0x00, 0x00, 0xF4, 0x00, 0x00, 0x00, 0x3C, 0x00, 0x00, 0x00,
    0x1F, 0xAA, 0xA0, 0x00, 0x0B, 0xFF, 0xF8, 0x00, 0x03, 0xE0, 0x00, 0x00, 0x00, 0xF4, 0x00, 0x00,
    0x00, 0x3C, 0x00, 0x00, 0x00, 0x1F, 0x00, 0x07, 0x00, 0x0B, 0xC0, 0x03, 0xC0, 0x03, 0xE0, 0x01,
    0xE0, 0x06, 0xFF, 0xFF, 0xF4, 0x07, 0xFF, 0xFF, 0xFC, 0x00, 0x15, 0x55, 0x55, 0x50, 0x7F, 0xFF,
    0xFF, 0xF8, 0xBA, 0xAF, 0xAA, 0xF4, 0xF0, 0x1F, 0x00, 0xB0, 0xE0, 0x2F, 0x00, 0xF0, 0x40, 0x3E,
    0x00, 0x40, 0x00, 0x3D, 0x00, 0x00, 0x00, 0x3C, 0x00, 0x00, 0x00, 0x7E, 0xFF, 0xC0, 0x00, 0xBF,
    0xFF, 0xF0, 0x00, 0xF8, 0x02, 0xF8, 0x00, 0xF4, 0x00, 0xFC, 0x01, 0xF0, 0x00, 0xBC, 0x01, 0xF0,
    0x00, 0x7C, 0x02, 0xF0, 0x00, 0x7C, 0x03, 0xE0, 0x00, 0xBC, 0x1B, 0xF8, 0x00, 0xF8, 0xBF, 0xFC,
    0x00, 0xF4, 0x00, 0x00, 0x02, 0xF0, 0x00, 0x00, 0x03, 0xD0, 0x00, 0x34, 0x1F, 0x80, 0x00, 0x3F,
    0xFD, 0x00, 0x00, 0x2F, 0xE0, 0x00, 0x00, 0x00, 0x00, 0x00, 0x00, 0x00, 0x00, 0x08, 0x00, 0x00,
    0x00, 0xBC, 0x00, 0x00, 0x07, 0xFC, 0x00, 0x00, 0x2F, 0xD0, 0x00, 0x00, 0x24, 0x00, 0x00, 0x00,
    0x00, 0x00, 0x00, 0x55, 0x55, 0x55, 0x00, 0xFF, 0xFF, 0xFF, 0x00, 0x1F, 0xAA, 0xBE, 0x00, 0x1F,
    0x00, 0x2E, 0x00, 0x2F, 0x00, 0x2D, 0x00, 0x2E, 0x00, 0x2C, 0x00, 0x3D, 0x00, 0x00, 0x00, 0x3D,
    0x00, 0x00, 0x00, 0x7C, 0x00, 0x00, 0x00, 0xBC, 0x00, 0x00, 0x00, 0xF8, 0x00, 0x00, 0x00, 0xF4,
    0x00, 0x00, 0x00, 0xF0, 0x00, 0x00, 0x01, 0xF0, 0x00, 0x00, 0x02, 0xF0, 0x00, 0x00, 0x03, 0xE0,
    0x00, 0x00, 0x1B, 0xF9, 0x00, 0x00, 0x7F, 0xFE, 0x00, 0x00, 0x00, 0x01, 0x69, 0x00, 0x00, 0x7F,
    0xFF, 0xD0, 0x0F, 0xE5, 0xBF, 0x80, 0xFC, 0x00, 0x2D, 0x0F, 0xC0, 0x00, 0xB0, 0x7C, 0x00, 0x02,
    0x83, 0xD0, 0x00, 0x00, 0x1F, 0x00, 0x00, 0x00, 0xBE, 0xAB, 0xE0, 0x03, 0xFF, 0xFF, 0x40, 0x0F,
    0x80, 0x00, 0x00, 0x3E, 0x00, 0x00, 0x00, 0xFC, 0x00, 0x00, 0x02, 0xF0, 0x00, 0x06, 0x07, 0xE0,
    0x00, 0x3C, 0x0F, 0xE0, 0x07, 0xF0, 0x0F, 0xFF, 0xFF, 0x40, 0x0B, 0xFF, 0xE0, 0x00, 0x00, 0x00,
    0x00, 0x00, 0x00, 0x06, 0x94, 0x00, 0x2F, 0xFF, 0xD0, 0x2F, 0x45, 0xF4, 0x1F, 0x00, 0x2D, 0x0B,
    0xC0, 0x0B, 0x02, 0xF0, 0x01, 0x40, 0xBD, 0x00, 0x00, 0x0F, 0xE0, 0x00, 0x01, 0xFF, 0x40, 0x00,
    0x0F, 0xF8, 0x00, 0x00, 0x7F, 0x80, 0x00, 0x03, 0xF0, 0x20, 0x00, 0x7D, 0x1D, 0x00, 0x0F, 0x4B,
    0x40, 0x07, 0xC2, 0xF0, 0x03, 0xE0, 0xBF, 0xAB, 0xF0, 0x07, 0xFF, 0xD0, 0x00, 0x00, 0x00, 0x00,
    0x00, 0x55, 0x54, 0x03, 0xFF, 0xE0, 0x01, 0xF8, 0x00, 0x07, 0xC0, 0x00, 0x2F, 0x00, 0x00, 0xB8,
    0x00, 0x03, 0xD0, 0x00, 0x0F, 0x40, 0x00, 0x7C, 0x00, 0x02, 0xF0, 0x00, 0x0F, 0x80, 0x00, 0x3D,
    0x00, 0x00, 0xF0, 0x00, 0x07, 0xC0, 0x00, 0x2F, 0x00, 0x00, 0xF8, 0x00, 0x1B, 0xF8, 0x01, 0xFF,
    0xF4, 0x00, 0x00, 0x2C, 0x0B, 0x00, 0x3F, 0x4B, 0xD0, 0x0F, 0xC2, 0xF0, 0x00, 0x00, 0x00, 0x00,
    0x00, 0x00, 0x00, 0x15, 0x55, 0x00, 0x0F, 0xFF, 0x80, 0x00, 0x7E, 0x00, 0x00, 0x1F, 0x00, 0x00,
    0x0B, 0xC0, 0x00, 0x02, 0xE0, 0x00, 0x00, 0xF4, 0x00, 0x00, 0x3D, 0x00, 0x00, 0x1F, 0x00, 0x00,
    0x0B, 0xC0, 0x00, 0x03, 0xE0, 0x00, 0x00, 0xF4, 0x00, 0x00, 0x3C, 0x00, 0x00, 0x1F, 0x00, 0x00,
    0x0B, 0xC0, 0x00, 0x03, 0xE0, 0x00, 0x06, 0xFE, 0x00, 0x07, 0xFF, 0xD0, 0x00, 0x00, 0x00, 0x55,
    0x54, 0x00, 0x00, 0xFF, 0xF8, 0x00, 0x00, 0x1F, 0x80, 0x00, 0x00, 0x0F, 0x40, 0x00, 0x00, 0x1F,
    0x00, 0x00, 0x00, 0x2F, 0x00, 0x00, 0x00, 0x2E, 0x00, 0x00, 0x00, 0x3D, 0x00, 0x00, 0x00, 0x3D,
    0x00, 0x00, 0x00, 0x7C, 0x00, 0x00, 0x00, 0xBC, 0x00, 0x00, 0x00, 0xF8, 0x00, 0x00, 0x00, 0xF4,
    0x00, 0x00, 0x00, 0xF0, 0x00, 0x00, 0x01, 0xF0, 0x00, 0x00, 0x02, 0xF0, 0x00, 0x00, 0x03, 0xE0,
    0x00, 0x00, 0x03, 0xC0, 0x00, 0x00, 0x07, 0xC0, 0x00, 0x00, 0x0F, 0x40, 0x00, 0x3E, 0xBE, 0x00,
    0x00, 0x3F, 0xF8, 0x00, 0x00, 0x0A, 0x90, 0x00, 0x00, 0x00, 0x00, 0x55, 0x55, 0x55, 0x00, 0x00,
    0x02, 0xFF, 0xFF, 0xFE, 0x00, 0x00, 0x00, 0x7E, 0x5B, 0xD0, 0x00, 0x00, 0x00, 0x3C, 0x07, 0xC0,
    0x00, 0x00, 0x00, 0x3C, 0x0B, 0xC0, 0x00, 0x00, 0x00, 0x78, 0x0F, 0x80, 0x00, 0x00, 0x00, 0xB0,
    0x0F, 0x40, 0x00, 0x00, 0x00, 0xF0, 0x0F, 0x00, 0x00, 0x00, 0x01, 0xE0, 0x1F, 0xFF, 0x80, 0x00,
    0x02, 0xC0, 0x2F, 0xAF, 0xF4, 0x00, 0x03, 0xC0, 0x3E, 0x00, 0xFC, 0x00, 0x0B, 0x40, 0x3D, 0x00,
    0x7C, 0x00, 0x0F, 0x00, 0x3C, 0x00, 0x3C, 0x00, 0x2D, 0x00, 0x7C, 0x00, 0x7C, 0x00, 0x7C, 0x00,
    0xB8, 0x00, 0xB8, 0x35, 0xF4, 0x00, 0xF8, 0x02, 0xF0, 0x3F, 0xE0, 0x06, 0xFF, 0xBF, 0xC0, 0x3F,
    0x40, 0x1F, 0xFF, 0xF9, 0x00, 0x00, 0x00, 0x00, 0x00, 0x00, 0x00, 0x00, 0x55, 0x50, 0x05, 0x55,
    0x00, 0x00, 0xFF, 0xF4, 0x2F, 0xFE, 0x00, 0x00, 0x1F, 0x80, 0x07, 0xE0, 0x00, 0x00, 0x1F, 0x00,
    0x03, 0xC0, 0x00, 0x00, 0x2F, 0x00, 0x07, 0xC0, 0x00, 0x00, 0x2E, 0x00, 0x0B, 0xC0, 0x00, 0x00,
    0x3D, 0x00, 0x0B, 0x80, 0x00, 0x00, 0x3D, 0x00, 0x0F, 0x40, 0x00, 0x00, 0x7F, 0xFF, 0xFF, 0xFF,
    0x80, 0x00, 0xBF, 0xFF, 0xFF, 0xAF, 0xF4, 0x00, 0xF8, 0x00, 0x2E, 0x00, 0xFC, 0x00, 0xF4, 0x00,
    0x3E, 0x00, 0x3D, 0x00, 0xF0, 0x00, 0x3D, 0x00, 0x3D, 0x01, 0xF0, 0x00, 0x3C, 0x00, 0x3C, 0x02,
    0xF0, 0x00, 0x7C, 0x00, 0xBC, 0x03, 0xE0, 0x00, 0xB8, 0x01, 0xF4, 0x1B, 0xF8, 0x02, 0xFF, 0xBF,
    0xD0, 0x7F, 0xFC, 0x0F, 0xFF, 0xFD, 0x00, 0x00, 0x00, 0x00, 0x00, 0x00, 0x00, 0x15, 0x55, 0x55,
    0x50, 0x7F, 0xFF, 0xFF, 0xF8, 0xBA, 0xAF, 0xAA, 0xF4, 0xF0, 0x1F, 0x00, 0xB0, 0xE0, 0x2F, 0x00,
    0xF0, 0x40, 0x3E, 0x00, 0x40, 0x00, 0x3D, 0x00, 0x00, 0x00, 0x3C, 0x15, 0x00, 0x00, 0x7E, 0xFF,
    0xF0, 0x00, 0xBF, 0xEB, 0xF8, 0x00, 0xFC, 0x00, 0xFC, 0x00, 0xF4, 0x00, 0xBC, 0x01, 0xF0, 0x00,
    0xB8, 0x01, 0xF0, 0x00, 0xF8, 0x02, 0xF0, 0x00, 0xF4, 0x03, 0xE0, 0x01, 0xF0, 0x1B, 0xF8, 0x07,
    0xF9, 0xBF, 0xFC, 0x1F, 0xFE, 0x00, 0x00, 0x00, 0x02, 0x00, 0x00, 0x00, 0x00, 0x7D, 0x00, 0x00,
    0x00, 0x0F, 0xF0, 0x00, 0x00, 0x01, 0xFE, 0x00, 0x00, 0x00, 0x06, 0x00, 0x00, 0x00, 0x00, 0x00,
    0x00, 0x00, 0x05, 0x55, 0x00, 0x1A, 0x00, 0x3F, 0xFD, 0x02, 0xFD, 0x00, 0x1F, 0x80, 0x3F, 0xF0,
    0x00, 0x7C, 0x02, 0xE0, 0x00, 0x02, 0xF0, 0x2E, 0x00, 0x00, 0x0B, 0x81, 0xF0, 0x00, 0x00, 0x3D,
    0x0F, 0x00, 0x00, 0x00, 0xF4, 0xB0, 0x00, 0x00, 0x07, 0xEF, 0x80, 0x00, 0x00, 0x2F, 0xBF, 0x00,
    0x00, 0x00, 0xF8, 0x3D, 0x00, 0x00, 0x03, 0xD0, 0xBC, 0x00, 0x00, 0x0F, 0x01, 0xF4, 0x00, 0x00,
    0x7C, 0x03, 0xF0, 0x00, 0x02, 0xF0, 0x07, 0xD0, 0x00, 0x0F, 0x80, 0x0F, 0xC0, 0x01, 0xBF, 0x90,
    0x1F, 0xC0, 0x1F, 0xFF, 0x80, 0x2F, 0xC0, 0x00, 0x00, 0x00, 0x00, 0x00, 0x00, 0x00, 0x04, 0x00,
    0x00, 0x00, 0x00, 0x00, 0xF0, 0x00, 0x00, 0x00, 0x00, 0x0F, 0xD0, 0x00, 0x00, 0x00, 0x00, 0x7F,
    0x40, 0x00, 0x00, 0x00, 0x00, 0x24, 0x00, 0x00, 0x00, 0x00, 0x00, 0x00, 0x00, 0x00, 0x55, 0x54,
    0x01, 0x55, 0x40, 0x0F, 0xFF, 0x40, 0x7F, 0xFD, 0x00, 0x1F, 0x80, 0x00, 0xBD, 0x00, 0x01, 0xF0,
    0x00, 0x0F, 0xC0, 0x00, 0x2F, 0x00, 0x03, 0xF8, 0x00, 0x02, 0xE0, 0x00, 0xFF, 0x40, 0x00, 0x3D,
    0x00, 0x3D, 0xF0, 0x00, 0x03, 0xD0, 0x0F, 0x1F, 0x00, 0x00, 0x7C, 0x03, 0xC2, 0xF0, 0x00, 0x0B,
    0xC1, 0xF0, 0x3E, 0x00, 0x00, 0xF8, 0x78, 0x03, 0xD0, 0x00, 0x0F, 0x5E, 0x00, 0x7C, 0x00, 0x00,
    0xFB, 0x80, 0x0B, 0xC0, 0x00, 0x1F, 0xE0, 0x00, 0xB8, 0x00, 0x02, 0xF4, 0x00, 0x0F, 0x40, 0x00,
    0x3E, 0x00, 0x00, 0xF4, 0x00, 0x1B, 0xF8, 0x00, 0x7F, 0x90, 0x07, 0xFF, 0xD0, 0x2F, 0xFF, 0x00,
    0x00, 0x00, 0x00, 0x00, 0x00, 0x00, 0x20, 0x03, 0x40, 0x00, 0x0F, 0x40, 0x70, 0x00, 0x00, 0xF8,
    0x2E, 0x00, 0x00, 0x07, 0xFF, 0x80, 0x00, 0x00, 0x05, 0x40, 0x00, 0x00, 0x00, 0x00, 0x00, 0x00,
    0x55, 0x50, 0x05, 0x55, 0x2F, 0xFF, 0x02, 0xFF, 0xE0, 0x7F, 0x40, 0x07, 0xE0, 0x02, 0xF0, 0x00,
    0x7C, 0x00, 0x1F, 0x00, 0x0F, 0x40, 0x00, 0xF4, 0x01, 0xE0, 0x00, 0x0F, 0x80, 0x3C, 0x00, 0x00,
    0xBC, 0x0B, 0x40, 0x00, 0x07, 0xC1, 0xE0, 0x00, 0x00, 0x3D, 0x3C, 0x00, 0x00, 0x02, 0xEB, 0x40,
    0x00, 0x00, 0x1F, 0xE0, 0x00, 0x00, 0x00, 0xFC, 0x00, 0x00, 0x00, 0x0F, 0x40, 0x00, 0x00, 0x01,
    0xE0, 0x00, 0x00, 0x28, 0x7C, 0x00, 0x00, 0x03, 0xFF, 0x00, 0x00, 0x00, 0x3F, 0x80, 0x00, 0x00,
    0x00, 0x00, 0x00, 0x00, 0x00, 0x00, 0x55, 0x54, 0x05, 0x55, 0x00, 0x3F, 0xFD, 0x07, 0xFF, 0xC0,
    0x01, 0xF8, 0x00, 0x7F, 0x40, 0x00, 0x7C, 0x00, 0x0F, 0x80, 0x00, 0x2F, 0x00, 0x03, 0xD0, 0x00,
    0x0B, 0x80, 0x00, 0xF0, 0x00, 0x03, 0xD0, 0x00, 0x7C, 0x00, 0x00, 0xF4, 0x00, 0x2F, 0x00, 0x00,
    0x7C, 0x00, 0x0F, 0x80, 0x00, 0x2F, 0x00, 0x03, 0xD0, 0x00, 0x0F, 0x80, 0x01, 0xF0, 0x00, 0x03,
    0xD0, 0x00, 0x7C, 0x00, 0x00, 0xF0, 0x00, 0x2E, 0x00, 0x00, 0x7C, 0x00, 0x0F, 0x40, 0x00, 0x2F,
    0x00, 0x03, 0xD0, 0x00, 0x0F, 0x80, 0x01, 0xF0, 0x00, 0x1B, 0xFF, 0xFF, 0xFE, 0x40, 0x1F, 0xFF,
    0xFF, 0xFF, 0xF0, 0x00, 0x00, 0x3E, 0x00, 0x00, 0x00, 0x00, 0x0F, 0x40, 0x00, 0x00, 0x00, 0x03,
    0xC0, 0x00, 0x00, 0x00, 0x00, 0xE0, 0x00, 0x00, 0x00, 0x00, 0x34, 0x00, 0x00, 0x00, 0x00, 0x04,
    0x00, 0x00, 0x00, 0x00, 0x00, 0x00, 0x60, 0x00, 0x00, 0x00, 0x0B, 0xC0, 0x00, 0x00, 0x00, 0x3F,
    0x40, 0x00, 0x00, 0x03, 0xFE, 0x00, 0x00, 0x00, 0x1D, 0xB8, 0x00, 0x00, 0x00, 0xF1, 0xF0, 0x00,
    0x00, 0x07, 0x43, 0xC0, 0x00, 0x00, 0x3C, 0x0F, 0x40, 0x00, 0x02, 0xD0, 0x3D, 0x00, 0x00, 0x0F,
    0x00, 0xB8, 0x00, 0x00, 0xF9, 0x56, 0xF0, 0x00, 0x07, 0xFF, 0xFF, 0xC0, 0x00, 0x3D, 0x55, 0x6F,
    0x40, 0x02, 0xE0, 0x00, 0x3D, 0x00, 0x0F, 0x00, 0x00, 0xF8, 0x00, 0xB8, 0x00, 0x03, 0xF0, 0x0B,
    0xE4, 0x00, 0x1F, 0xE4, 0xFF, 0xF0, 0x03, 0xFF, 0xF0, 0x00, 0x55, 0x55, 0x54, 0x00, 0xFF, 0xFF,
    0xFD, 0x00, 0x1F, 0xAA, 0xBC, 0x00, 0x1F, 0x00, 0x3C, 0x00, 0x2F, 0x00, 0x38, 0x00, 0x2E, 0x00,
    0x10, 0x00, 0x3D, 0x00, 0x00, 0x00, 0x3D, 0x00, 0x00, 0x00, 0x7F, 0xFF, 0x40, 0x00, 0xBE, 0xAF,
    0xE0, 0x00, 0xF8, 0x02, 0xF4, 0x00, 0xF4, 0x00, 0xF8, 0x00, 0xF0, 0x00, 0xB8, 0x01, 0xF0, 0x00,
    0xF8, 0x02, 0xF0, 0x00, 0xF4, 0x03, 0xE0, 0x03, 0xE0, 0x1B, 0xFE, 0xBF, 0x80, 0x7F, 0xFF, 0xF8,
    0x00, 0x00, 0x00, 0x00, 0x00, 0x00, 0x06, 0xA9, 0x00, 0x01, 0xFF, 0xFF, 0xE0, 0x01, 0x9F, 0x42,
    0xF8, 0x00, 0x1F, 0x00, 0xBC, 0x00, 0x2F, 0x00, 0x7C, 0x00, 0x2E, 0x00, 0x7C, 0x00, 0x3D, 0x00,
    0xF8, 0x00, 0x3C, 0x02, 0xF0, 0x00, 0x7F, 0xFF, 0x80, 0x00, 0xBE, 0xBF, 0xE0, 0x00, 0xF8, 0x02,
    0xF4, 0x00, 0xF4, 0x00, 0xF8, 0x00, 0xF0, 0x00, 0xB8, 0x01, 0xF0, 0x00, 0xF8, 0x02, 0xE0, 0x01,
    0xF4, 0x03, 0xD0, 0x03, 0xE0, 0x1B, 0xFA, 0xBF, 0x80, 0x7F, 0xFF, 0xF8, 0x00, 0x00, 0x00, 0x00,
    0x00, 0x00, 0x55, 0x55, 0x55, 0x00, 0xFF, 0xFF, 0xFF, 0x00, 0x1F, 0xAA, 0xBE, 0x00, 0x1F, 0x00,
    0x2E, 0x00, 0x2F, 0x00, 0x2D, 0x00, 0x2E, 0x00, 0x2C, 0x00, 0x3D, 0x00, 0x00, 0x00, 0x3D, 0x00,
    0x00, 0x00, 0x7C, 0x00, 0x00, 0x00, 0xBC, 0x00, 0x00, 0x00, 0xF8, 0x00, 0x00, 0x00, 0xF4, 0x00,
    0x00, 0x00, 0xF0, 0x00, 0x00, 0x01, 0xF0, 0x00, 0x00, 0x02, 0xF0, 0x00, 0x00, 0x03, 0xE0, 0x00,
    0x00, 0x1B, 0xF9, 0x00, 0x00, 0x7F, 0xFE, 0x00, 0x00, 0x00, 0x00, 0x55, 0x55, 0x55, 0x00, 0x00,
    0x7F, 0xFF, 0xFF, 0xC0, 0x00, 0x06, 0xF5, 0x7F, 0x40, 0x00, 0x00, 0xB4, 0x0B, 0x80, 0x00, 0x00,
    0x3C, 0x03, 0xD0, 0x00, 0x00, 0x0F, 0x00, 0xF0, 0x00, 0x00, 0x07, 0x40, 0x7C, 0x00, 0x00, 0x03,
    0xC0, 0x2F, 0x00, 0x00, 0x00, 0xE0, 0x0B, 0x80, 0x00, 0x00, 0xB4, 0x03, 0xD0, 0x00, 0x00, 0x3C,
    0x00, 0xF0, 0x00, 0x00, 0x2D, 0x00, 0x7C, 0x00, 0x00, 0x0F, 0x00, 0x2E, 0x00, 0x00, 0x0B, 0x40,
    0x0F, 0x40, 0x00, 0x07, 0x80, 0x03, 0xD0, 0x00, 0x07, 0xC0, 0x00, 0xF0, 0x00, 0x1F, 0xFF, 0xFF,
    0xFF, 0x80, 0x0F, 0xFF, 0xFF, 0xFF, 0xF4, 0x03, 0xC0, 0x00, 0x00, 0x7C, 0x01, 0xF0, 0x00, 0x00,
    0x1F, 0x00, 0x78, 0x00, 0x00, 0x0B, 0x40, 0x1D, 0x00, 0x00, 0x02, 0xC0, 0x07, 0x00, 0x00, 0x00,
    0xA0, 0x00, 0x00, 0x00, 0x00, 0x00, 0x00, 0x00, 0x55, 0x55, 0x55, 0x00, 0x3F, 0xFF, 0xFF, 0xC0,
    0x01, 0xFA, 0xAA, 0xF0, 0x00, 0x7C, 0x00, 0x38, 0x00, 0x2F, 0x00, 0x0C, 0x00, 0x0B, 0x80, 0x00,
    0x00, 0x03, 0xD0, 0x00, 0x00, 0x00, 0xF0, 0x00, 0x00, 0x00, 0x7E, 0xAA, 0x80, 0x00, 0x2F, 0xFF,
    0xE0, 0x00, 0x0F, 0x80, 0x00, 0x00, 0x03, 0xD0, 0x00, 0x00, 0x00, 0xF0, 0x00, 0x00, 0x00, 0x7C,
    0x00, 0x1C, 0x00, 0x2F, 0x00, 0x0F, 0x00, 0x0F, 0x80, 0x07, 0x80, 0x1B, 0xFF, 0xFF, 0xD0, 0x1F,
    0xFF, 0xFF, 0xF0, 0x00, 0x00, 0x28, 0x00, 0x15, 0x50, 0x01, 0xA0, 0x03, 0xFD, 0x03, 0xFF, 0xC0,
    0x3F, 0xC0, 0x0B, 0xFC, 0x01, 0xF4, 0x03, 0xFF, 0x00, 0x00, 0xB4, 0x03, 0xC0, 0x3E, 0x00, 0x00,
    0x00, 0xF0, 0x1F, 0x02, 0xD0, 0x00, 0x00, 0x02, 0xC0, 0xB8, 0x1E, 0x00, 0x00, 0x00, 0x03, 0x83,
    0xD0, 0xF0, 0x00, 0x00, 0x00, 0x0B, 0x0F, 0x0F, 0x00, 0x00, 0x00, 0x00, 0x3F, 0xBE, 0xF4, 0x00,
    0x00, 0x00, 0x03, 0xFB, 0xFB, 0xE0, 0x00, 0x00, 0x00, 0x2F, 0x0B, 0x87, 0xC0, 0x00, 0x00, 0x01,
    0xF4, 0x3D, 0x0F, 0x80, 0x00, 0x00, 0x1F, 0x80, 0xF0, 0x1F, 0x00, 0x00, 0x00, 0xFC, 0x07, 0xC0,
    0x3E, 0x00, 0x00, 0x0F, 0xC0, 0x2E, 0x00, 0xBC, 0x00, 0x00, 0xFD, 0x00, 0xB4, 0x00, 0xFC, 0x00,
    0x1F, 0xD0, 0x0B, 0xF4, 0x02, 0xF8, 0x01, 0xFD, 0x00, 0xFF, 0xF0, 0x02, 0xF8, 0x00, 0x00, 0x00,
    0x00, 0x00, 0x00, 0x00, 0x00, 0x00, 0x16, 0x90, 0x00, 0xBF, 0xFF, 0x40, 0x3E, 0x57, 0xF0, 0x0F,
    0x00, 0x3D, 0x07, 0x40, 0x0F, 0x40, 0x80, 0x03, 0xC0, 0x00, 0x01, 0xF0, 0x00, 0x01, 0xF0, 0x00,
    0x6B, 0xF4, 0x00, 0x2F, 0xFE, 0x00, 0x00, 0x0B, 0xD0, 0x00, 0x00, 0xFC, 0x00, 0x00, 0x2F, 0x08,
    0x00, 0x0F, 0x8B, 0x40, 0x07, 0xD3, 0xF0, 0x07, 0xF0, 0x7F, 0xEF, 0xF0, 0x07, 0xFF, 0xD0, 0x00,
    0x00, 0x00, 0x00, 0x00, 0x55, 0x54, 0x01, 0x55, 0x40, 0x0F, 0xFF, 0x40, 0x7F, 0xFD, 0x00, 0x1F,
    0x80, 0x00, 0xBD, 0x00, 0x01, 0xF0, 0x00, 0x0F, 0xC0, 0x00, 0x2F, 0x00, 0x03, 0xF8, 0x00, 0x02,
    0xE0, 0x00, 0xFF, 0x40, 0x00, 0x3D, 0x00, 0x3D, 0xF0, 0x00, 0x03, 0xD0, 0x0F, 0x1F, 0x00, 0x00,
    0x7C, 0x03, 0xC2, 0xF0, 0x00, 0x0B, 0xC1, 0xF0, 0x3E, 0x00, 0x00, 0xF8, 0x78, 0x03, 0xD0, 0x00,
    0x0F, 0x5E, 0x00, 0x7C, 0x00, 0x00, 0xFB, 0x80, 0x0B, 0xC0, 0x00, 0x1F, 0xE0, 0x00, 0xB8, 0x00,
    0x02, 0xF4, 0x00, 0x0F, 0x40, 0x00, 0x3E, 0x00, 0x00, 0xF4, 0x00, 0x1B, 0xF8, 0x00, 0x7F, 0x90,
    0x07, 0xFF, 0xD0, 0x2F, 0xFF, 0x00, 0x00, 0x00, 0x00, 0x00, 0x00, 0x00, 0x00, 0x00, 0x80, 0x0D,
    0x00, 0x00, 0x00, 0x3C, 0x01, 0xC0, 0x00, 0x00, 0x03, 0xE0, 0xB8, 0x00, 0x00, 0x00, 0x1F, 0xFE,
    0x00, 0x00, 0x00, 0x00, 0x15, 0x00, 0x00, 0x00, 0x00, 0x00, 0x00, 0x00, 0x00, 0x05, 0x55, 0x40,
    0x15, 0x54, 0x00, 0xFF, 0xF4, 0x07, 0xFF, 0xD0, 0x01, 0xF8, 0x00, 0x0B, 0xD0, 0x00, 0x1F, 0x00,
    0x00, 0xFC, 0x00, 0x02, 0xF0, 0x00, 0x3F, 0x80, 0x00, 0x2E, 0x00, 0x0F, 0xF4, 0x00, 0x03, 0xD0,
    0x03, 0xDF, 0x00, 0x00, 0x3D, 0x00, 0xF1, 0xF0, 0x00, 0x07, 0xC0, 0x3C, 0x2F, 0x00, 0x00, 0xBC,
    0x1F, 0x03, 0xE0, 0x00, 0x0F, 0x87, 0x80, 0x3D, 0x00, 0x00, 0xF5, 0xE0, 0x07, 0xC0, 0x00, 0x0F,
    0xB8, 0x00, 0xBC, 0x00, 0x01, 0xFE, 0x00, 0x0B, 0x80, 0x00, 0x2F, 0x40, 0x00, 0xF4, 0x00, 0x03,
    0xE0, 0x00, 0x0F, 0x40, 0x01, 0xBF, 0x80, 0x07, 0xF9, 0x00, 0x7F, 0xFD, 0x02, 0xFF, 0xF0, 0x00,
    0x00, 0x55, 0x50, 0x01, 0xA0, 0x03, 0xFF, 0xD0, 0x2F, 0xD0, 0x01, 0xF8, 0x03, 0xFF, 0x00, 0x07,
    0xC0, 0x2E, 0x00, 0x00, 0x2F, 0x02, 0xE0, 0x00, 0x00, 0xB8, 0x1F, 0x00, 0x00, 0x03, 0xD0, 0xF0,
    0x00, 0x00, 0x0F, 0x4B, 0x00, 0x00, 0x00, 0x7E, 0xF8, 0x00, 0x00, 0x02, 0xFB, 0xF0, 0x00, 0x00,
    0x0F, 0x83, 0xD0, 0x00, 0x00, 0x3D, 0x0B, 0xC0, 0x00, 0x00, 0xF0, 0x1F, 0x40, 0x00, 0x07, 0xC0,
    0x3F, 0x00, 0x00, 0x2F, 0x00, 0x7D, 0x00, 0x00, 0xF8, 0x00, 0xFC, 0x00, 0x1B, 0xF9, 0x01, 0xFC,
    0x01, 0xFF, 0xF8, 0x02, 0xFC, 0x00, 0x00, 0x00, 0x00, 0x00, 0x00, 0x00, 0x00, 0x55, 0x55, 0x55,
    0x00, 0x02, 0xFF, 0xFF, 0xFE, 0x00, 0x00, 0x7E, 0x5B, 0xE0, 0x00, 0x00, 0x3C, 0x07, 0xC0, 0x00,
    0x00, 0x3C, 0x0B, 0xC0, 0x00, 0x00, 0x78, 0x0F, 0x80, 0x00, 0x00, 0xB0, 0x0F, 0x40, 0x00, 0x00,
    0xF0, 0x0F, 0x00, 0x00, 0x01, 0xE0, 0x1F, 0x00, 0x00, 0x02, 0xC0, 0x2F, 0x00, 0x00, 0x03, 0xC0,
    0x3E, 0x00, 0x00, 0x0B, 0x40, 0x3D, 0x00, 0x00, 0x0F, 0x00, 0x3C, 0x00, 0x00, 0x2D, 0x00, 0x7C,
    0x00, 0x00, 0x7C, 0x00, 0xBC, 0x00, 0x35, 0xF4, 0x00, 0xF8, 0x00, 0x3F, 0xE0, 0x06, 0xFE, 0x00,
    0x3F, 0x40, 0x1F, 0xFF, 0x40, 0x00, 0x00, 0x00, 0x00, 0x00, 0x00, 0x05, 0x54, 0x00, 0x01, 0x55,
    0x00, 0x07, 0xFF, 0x00, 0x01, 0xFF, 0xC0, 0x00, 0x2F, 0xD0, 0x00, 0xFF, 0x40, 0x00, 0x0F, 0xF4,
    0x00, 0xBF, 0xC0, 0x00, 0x03, 0xEE, 0x00, 0x3D, 0xF0, 0x00, 0x01, 0xEB, 0x80, 0x2D, 0xBC, 0x00,
    0x00, 0xB5, 0xF0, 0x0F, 0x2E, 0x00, 0x00, 0x3C, 0x7C, 0x0B, 0x0B, 0x80, 0x00, 0x1E, 0x0F, 0x03,
    0x82, 0xE0, 0x00, 0x0B, 0x43, 0xD3, 0xC0, 0xF4, 0x00, 0x03, 0xC0, 0xF9, 0xE0, 0x3D, 0x00, 0x00,
    0xF0, 0x2E, 0xF0, 0x0F, 0x40, 0x00, 0xB8, 0x07, 0xF4, 0x03, 0xD0, 0x00, 0x3D, 0x00, 0xFC, 0x00,
    0xF0, 0x00, 0x0F, 0x00, 0x3D, 0x00, 0x3C, 0x00, 0x07, 0x80, 0x0A, 0x00, 0x1F, 0x00, 0x07, 0xF4,
    0x00, 0x00, 0x1F, 0xE4, 0x0F, 0xFF, 0x00, 0x00, 0x2F, 0xFF, 0x00, 0x00, 0x55, 0x54, 0x01, 0x55,
    0x40, 0x0F, 0xFF, 0x40, 0x7F, 0xFD, 0x00, 0x1F, 0x80, 0x00, 0xBD, 0x00, 0x01, 0xF0, 0x00, 0x0B,
    0xC0, 0x00, 0x2F, 0x00, 0x00, 0xF8, 0x00, 0x02, 0xE0, 0x00, 0x0F, 0x40, 0x00, 0x3D, 0x00, 0x00,
    0xF0, 0x00, 0x03, 0xD0, 0x00, 0x1F, 0x00, 0x00, 0x7F, 0xFF, 0xFF, 0xF0, 0x00, 0x0B, 0xFF, 0xFF,
    0xFE, 0x00, 0x00, 0xF8, 0x00, 0x03, 0xD0, 0x00, 0x0F, 0x40, 0x00, 0x7C, 0x00, 0x00, 0xF0, 0x00,
    0x0B, 0xC0, 0x00, 0x1F, 0x00, 0x00, 0xB8, 0x00, 0x02, 0xF0, 0x00, 0x0F, 0x40, 0x00, 0x3E, 0x00,
    0x00, 0xF4, 0x00, 0x1B, 0xF8, 0x00, 0x7F, 0x90, 0x07, 0xFF, 0xD0, 0x2F, 0xFF, 0x00, 0x00, 0x00,
    0x69, 0x00, 0x00, 0x07, 0xFF, 0xF8, 0x00, 0x0F, 0xE5, 0x6F, 0xC0, 0x0F, 0xC0, 0x01, 0xF8, 0x0F,
    0xC0, 0x00, 0x3F, 0x07, 0xC0, 0x00, 0x07, 0xD3, 0xE0, 0x00, 0x00, 0xF5, 0xF0, 0x00, 0x00, 0x3D,
    0xBC, 0x00, 0x00, 0x0F, 0x7E, 0x00, 0x00, 0x07, 0xCF, 0x80, 0x00, 0x02, 0xF3, 0xE0, 0x00, 0x00,
    0xF8, 0xF8, 0x00, 0x00, 0x7C, 0x3F, 0x00, 0x00, 0x3E, 0x07, 0xD0, 0x00, 0x2F, 0x00, 0xFD, 0x00,
    0x7F, 0x00, 0x0F, 0xFA, 0xFF, 0x00, 0x00, 0xBF, 0xF9, 0x00, 0x00, 0x00, 0x00, 0x00, 0x00, 0x00,
    0x55, 0x55, 0x55, 0x55, 0x00, 0x3F, 0xFF, 0xFF, 0xFF, 0xC0, 0x01, 0xFE, 0xAA, 0xBF, 0x40, 0x00,
    0x7C, 0x00, 0x0B, 0x80, 0x00, 0x2F, 0x00, 0x03, 0xE0, 0x00, 0x0B, 0x80, 0x00, 0xF4, 0x00, 0x03,
    0xD0, 0x00, 0x7C, 0x00, 0x00, 0xF4, 0x00, 0x2F, 0x00, 0x00, 0x7C, 0x00, 0x0F, 0x80, 0x00, 0x2F,
    0x00, 0x03, 0xD0, 0x00, 0x0F, 0x80, 0x00, 0xF0, 0x00, 0x03, 0xD0, 0x00, 0x7C, 0x00, 0x00, 0xF0,
    0x00, 0x2F, 0x00, 0x00, 0x7C, 0x00, 0x0F, 0x80, 0x00, 0x2F, 0x00, 0x03, 0xD0, 0x00, 0x0F, 0x80,
    0x00, 0xF0, 0x00, 0x1B, 0xF8, 0x01, 0xFE, 0x40, 0x1F, 0xFF, 0x42, 0xFF, 0xF0, 0x00, 0x00, 0x05,
    0xA9, 0x00, 0x01, 0xFF, 0xFF, 0xE0, 0x01, 0x9F, 0x42, 0xF8, 0x00, 0x1F, 0x00, 0x7C, 0x00, 0x2F,
    0x00, 0x3D, 0x00, 0x2E, 0x00, 0x3D, 0x00, 0x3D, 0x00, 0x7C, 0x00, 0x3C, 0x00, 0xF8, 0x00, 0x7C,
    0x03, 0xF0, 0x00, 0xBD, 0xAF, 0x80, 0x00, 0xFF, 0xF9, 0x00, 0x00, 0xF4, 0x00, 0x00, 0x00, 0xF0,
    0x00, 0x00, 0x01, 0xF0, 0x00, 0x00, 0x02, 0xF0, 0x00, 0x00, 0x03, 0xE0, 0x00, 0x00, 0x1B, 0xF9,
    0x00, 0x00, 0x7F, 0xFF, 0x00, 0x00, 0x00, 0x01, 0x69, 0x40, 0x00, 0xBF, 0xFF, 0xD0, 0x0F, 0xE5,
    0xBF, 0x80, 0xFC, 0x00, 0x2D, 0x0F, 0xC0, 0x00, 0xB0, 0x7C, 0x00, 0x02, 0x83, 0xE0, 0x00, 0x00,
    0x1F, 0x00, 0x00, 0x00, 0xBC, 0x00, 0x00, 0x03, 0xE0, 0x00, 0x00, 0x0F, 0x80, 0x00, 0x00, 0x3E,
    0x00, 0x00, 0x00, 0xFC, 0x00, 0x00, 0x02, 0xF0, 0x00, 0x00, 0x07, 0xE0, 0x00, 0x0C, 0x0F, 0xF4,
    0x06, 0xF0, 0x0F, 0xFF, 0xFF, 0x00, 0x0B, 0xFF, 0xD0, 0x00, 0x00, 0x00, 0x00, 0x00, 0x15, 0x55,
    0x55, 0x51, 0xFF, 0xFF, 0xFF, 0xEB, 0xAA, 0xFE, 0xAF, 0x7C, 0x03, 0xD0, 0x2C, 0xF0, 0x1F, 0x00,
    0xB2, 0x40, 0xBC, 0x02, 0x40, 0x02, 0xE0, 0x00, 0x00, 0x0F, 0x40, 0x00, 0x00, 0x3C, 0x00, 0x00,
    0x01, 0xF0, 0x00, 0x00, 0x0B, 0xC0, 0x00, 0x00, 0x3E, 0x00, 0x00, 0x00, 0xF4, 0x00, 0x00, 0x03,
    0xC0, 0x00, 0x00, 0x1F, 0x00, 0x00, 0x00, 0xBC, 0x00, 0x00, 0x1B, 0xF9, 0x00, 0x01, 0xFF, 0xFC,
    0x00, 0x00, 0x05, 0x55, 0x00, 0x55, 0x52, 0xFF, 0xF0, 0x2F, 0xFE, 0x07, 0xF4, 0x00, 0x7E, 0x00,
    0x2F, 0x00, 0x07, 0xC0, 0x01, 0xF0, 0x00, 0xF4, 0x00, 0x0F, 0x40, 0x1E, 0x00, 0x00, 0xF8, 0x03,
    0xC0, 0x00, 0x0B, 0xC0, 0xB4, 0x00, 0x00, 0x7C, 0x1E, 0x00, 0x00, 0x03, 0xD3, 0xC0, 0x00, 0x00,
    0x2E, 0xB4, 0x00, 0x00, 0x01, 0xFE, 0x00, 0x00, 0x00, 0x0F, 0xC0, 0x00, 0x00, 0x00, 0xF4, 0x00,
    0x00, 0x00, 0x1E, 0x00, 0x00, 0x02, 0x87, 0xC0, 0x00, 0x00, 0x3F, 0xF0, 0x00, 0x00, 0x03, 0xF8,
    0x00, 0x00, 0x00, 0x00, 0x00, 0x00, 0x00, 0x00, 0x00, 0x01, 0xFF, 0xF0, 0x00, 0x00, 0x06, 0xF4,
    0x00, 0x00, 0x00, 0x2E, 0x00, 0x00, 0x01, 0xBF, 0xFE, 0x40, 0x00, 0xFF, 0xBE, 0xFF, 0x00, 0x7E,
    0x03, 0xC0, 0xFC, 0x0F, 0x40, 0x78, 0x07, 0xD2, 0xF0, 0x0B, 0x80, 0x3D, 0x3D, 0x00, 0xF4, 0x03,
    0xD3, 0xC0, 0x0F, 0x00, 0x3D, 0x3C, 0x01, 0xF0, 0x07, 0xC3, 0xD0, 0x1E, 0x00, 0xF8, 0x3F, 0x02,
    0xD0, 0x7E, 0x00, 0xFE, 0xBE, 0xBF, 0x80, 0x02, 0xFF, 0xFF, 0x80, 0x00, 0x00, 0x7C, 0x00, 0x00,
    0x00, 0x0B, 0x80, 0x00, 0x00, 0x0B, 0xFF, 0x40, 0x00, 0x00, 0x55, 0x50, 0x00, 0x00, 0x00, 0x15,
    0x54, 0x05, 0x54, 0x00, 0xFF, 0xF8, 0x2F, 0xFD, 0x00, 0x2F, 0x80, 0x07, 0xE0, 0x00, 0x0F, 0xC0,
    0x0F, 0x80, 0x00, 0x07, 0xD0, 0x2E, 0x00, 0x00, 0x03, 0xE0, 0xB8, 0x00, 0x00, 0x00, 0xF1, 0xF0,
    0x00, 0x00, 0x00, 0xBF, 0xC0, 0x00, 0x00, 0x00, 0x3F, 0x00, 0x00, 0x00, 0x00, 0x7F, 0x00, 0x00,
    0x00, 0x01, 0xFF, 0x40, 0x00, 0x00, 0x03, 0xCB, 0xC0, 0x00, 0x00, 0x0F, 0x03, 0xD0, 0x00, 0x00,
    0x3D, 0x02, 0xF0, 0x00, 0x00, 0xF4, 0x00, 0xF4, 0x00, 0x02, 0xE0, 0x00, 0xBC, 0x00, 0x1F, 0xE4,
    0x01, 0xFF, 0x80, 0xFF, 0xFC, 0x0B, 0xFF, 0xD0, 0x00, 0x55, 0x54, 0x05, 0x55, 0x00, 0x3F, 0xFD,
    0x07, 0xFF, 0xC0, 0x01, 0xF8, 0x00, 0x7F, 0x40, 0x00, 0x7C, 0x00, 0x0F, 0x80, 0x00, 0x2F, 0x00,
    0x03, 0xD0, 0x00, 0x0B, 0x80, 0x00, 0xF0, 0x00, 0x03, 0xD0, 0x00, 0x7C, 0x00, 0x00, 0xF4, 0x00,
    0x2F, 0x00, 0x00, 0x7C, 0x00, 0x0F, 0x80, 0x00, 0x2F, 0x00, 0x03, 0xD0, 0x00, 0x0F, 0x80, 0x01,
    0xF0, 0x00, 0x03, 0xD0, 0x00, 0xBC, 0x00, 0x00, 0xF0, 0x00, 0x2E, 0x00, 0x00, 0x7C, 0x00, 0x0F,
    0x40, 0x00, 0x2F, 0x00, 0x03, 0xD0, 0x00, 0x0F, 0x80, 0x01, 0xF0, 0x00, 0x1B, 0xFF, 0xFF, 0xFF,
    0x80, 0x1F, 0xFF, 0xFF, 0xFF, 0xF4, 0x00, 0x00, 0x00, 0x00, 0x7C, 0x00, 0x00, 0x00, 0x00, 0x1F,
    0x00, 0x00, 0x00, 0x00, 0x0B, 0x40, 0x00, 0x00, 0x00, 0x02, 0xC0, 0x00, 0x00, 0x00, 0x00, 0xA0,
    0x00, 0x00, 0x00, 0x00, 0x00, 0x00, 0x15, 0x54, 0x05, 0x55, 0x1F, 0xFF, 0x03, 0xFF, 0xD0, 0xBD,
    0x00, 0x2F, 0x40, 0x2F, 0x00, 0x0B, 0xC0, 0x0F, 0x80, 0x03, 0xE0, 0x03, 0xD0, 0x00, 0xF4, 0x00,
    0xF0, 0x00, 0x3C, 0x00, 0x3D, 0x00, 0x1F, 0x00, 0x0F, 0x80, 0x0B, 0xC0, 0x02, 0xFF, 0xFF, 0xE0,
    0x00, 0x2F, 0xFE, 0xF4, 0x00, 0x00, 0x00, 0x7C, 0x00, 0x00, 0x00, 0x2F, 0x00, 0x00, 0x00, 0x0B,
    0x80, 0x00, 0x00, 0x03, 0xD0, 0x00, 0x00, 0x00, 0xF4, 0x00, 0x00, 0x01, 0xFE, 0x40, 0x00, 0x03,
    0xFF, 0xF0, 0x00, 0x00, 0x55, 0x50, 0x15, 0x50, 0x55, 0x50, 0x03, 0xFF, 0xC3, 0xFF, 0xC3, 0xFF,
    0xC0, 0x01, 0xF8, 0x02, 0xF4, 0x03, 0xF4, 0x00, 0x07, 0xC0, 0x0B, 0xC0, 0x0F, 0x80, 0x00, 0x2F,
    0x00, 0x2E, 0x00, 0x3D, 0x00, 0x00, 0xB8, 0x00, 0xF4, 0x00, 0xF0, 0x00, 0x03, 0xD0, 0x03, 0xC0,
    0x07, 0xC0, 0x00, 0x0F, 0x00, 0x1F, 0x00, 0x2E, 0x00, 0x00, 0x7C, 0x00, 0xBC, 0x00, 0xF8, 0x00,
    0x02, 0xF0, 0x03, 0xE0, 0x03, 0xD0, 0x00, 0x0F, 0x80, 0x0F, 0x40, 0x0F, 0x00, 0x00, 0x3D, 0x00,
    0x3C, 0x00, 0x7C, 0x00, 0x00, 0xF0, 0x01, 0xF0, 0x02, 0xE0, 0x00, 0x07, 0xC0, 0x0B, 0x80, 0x0F,
    0x40, 0x00, 0x2E, 0x00, 0x3E, 0x00, 0x3D, 0x00, 0x00, 0xF8, 0x00, 0xF4, 0x01, 0xF0, 0x00, 0x1B,
    0xFF, 0xAF, 0xFA, 0xFF, 0xE4, 0x01, 0xFF, 0xFF, 0xFF, 0xFF, 0xFF, 0xF0, 0x00, 0x00, 0x55, 0x50,
    0x15, 0x50, 0x55, 0x50, 0x03, 0xFF, 0xC3, 0xFF, 0xC3, 0xFF, 0xC0, 0x01, 0xF8, 0x02, 0xF4, 0x03,
    0xF4, 0x00, 0x07, 0xC0, 0x0B, 0xC0, 0x0F, 0x80, 0x00, 0x2F, 0x00, 0x2E, 0x00, 0x3D, 0x00, 0x00,
    0xB8, 0x00, 0xF4, 0x00, 0xF0, 0x00, 0x03, 0xD0, 0x03, 0xC0, 0x07, 0xC0, 0x00, 0x0F, 0x00, 0x1F,
    0x00, 0x2E, 0x00, 0x00, 0x7C, 0x00, 0xBC, 0x00, 0xF8, 0x00, 0x02, 0xF0, 0x03, 0xE0, 0x03, 0xD0,
    0x00, 0x0F, 0x80, 0x0F, 0x40, 0x0F, 0x00, 0x00, 0x3D, 0x00, 0x3C, 0x00, 0x7C, 0x00, 0x00, 0xF0,
    0x01, 0xF0, 0x02, 0xE0, 0x00, 0x07, 0xC0, 0x0B, 0x80, 0x0F, 0x40, 0x00, 0x2E, 0x00, 0x3E, 0x00,
    0x3D, 0x00, 0x00, 0xF8, 0x00, 0xF4, 0x01, 0xF0, 0x00, 0x1B, 0xFF, 0xAF, 0xFA, 0xFF, 0xE8, 0x01,
    0xFF, 0xFF, 0xFF, 0xFF, 0xFF, 0xF4, 0x00, 0x00, 0x00, 0x00, 0x00, 0x07, 0xC0, 0x00, 0x00, 0x00,
    0x00, 0x00, 0x1F, 0x00, 0x00, 0x00, 0x00, 0x00, 0x00, 0xB4, 0x00, 0x00, 0x00, 0x00, 0x00, 0x02,
    0xC0, 0x00, 0x00, 0x00, 0x00, 0x00, 0x0A, 0x00, 0x00, 0x00, 0x00, 0x00, 0x00, 0x00, 0x00, 0x15,
    0x55, 0x54, 0x01, 0xFF, 0xFF, 0xE0, 0x0B, 0xAA, 0xF8, 0x00, 0x3C, 0x07, 0xC0, 0x00, 0xF0, 0x1F,
    0x00, 0x02, 0x40, 0xB8, 0x00, 0x00, 0x03, 0xD0, 0x00, 0x00, 0x0F, 0x40, 0x00, 0x00, 0x7F, 0xFE,
    0x40, 0x02, 0xFA, 0xFF, 0x80, 0x0B, 0x80, 0x2F, 0x00, 0x3D, 0x00, 0x3D, 0x00, 0xF0, 0x00, 0xF4,
    0x07, 0xC0, 0x03, 0xD0, 0x2F, 0x00, 0x1F, 0x00, 0xF8, 0x01, 0xF4, 0x1B, 0xFE, 0xFF, 0x41, 0xFF,
    0xFF, 0xE0, 0x00, 0x00, 0x00, 0x00, 0x00, 0x00, 0x55, 0x54, 0x00, 0x05, 0x55, 0x00, 0x3F, 0xFE,
    0x00, 0x0B, 0xFF, 0xC0, 0x01, 0xF8, 0x00, 0x00, 0x7F, 0x40, 0x00, 0x7C, 0x00, 0x00, 0x0F, 0x80,
    0x00, 0x2F, 0x00, 0x00, 0x03, 0xD0, 0x00, 0x0B, 0x80, 0x00, 0x01, 0xF0, 0x00, 0x03, 0xD0, 0x00,
    0x00, 0xBC, 0x00, 0x00, 0xF4, 0x00, 0x00, 0x2E, 0x00, 0x00, 0x7F, 0xFE, 0x00, 0x0F, 0x40, 0x00,
    0x2F, 0xAF, 0xF4, 0x03, 0xC0, 0x00, 0x0F, 0x80, 0x3F, 0x01, 0xF0, 0x00, 0x03, 0xD0, 0x07, 0xC0,
    0xBC, 0x00, 0x00, 0xF0, 0x00, 0xF4, 0x3E, 0x00, 0x00, 0x7C, 0x00, 0x7C, 0x0F, 0x40, 0x00, 0x2F,
    0x00, 0x2F, 0x03, 0xC0, 0x00, 0x0F, 0x80, 0x2F, 0x01, 0xF0, 0x00, 0x1B, 0xFE, 0xFF, 0x42, 0xFE,
    0x40, 0x1F, 0xFF, 0xF9, 0x03, 0xFF, 0xE0, 0x00, 0x00, 0x00, 0x00, 0x00, 0x00, 0x00, 0x00, 0x55,
    0x54, 0x00, 0x03, 0xFF, 0xE0, 0x00, 0x01, 0xF8, 0x00, 0x00, 0x07, 0xC0, 0x00, 0x00, 0x2F, 0x00,
    0x00, 0x00, 0xB8, 0x00, 0x00, 0x03, 0xD0, 0x00, 0x00, 0x0F, 0x40, 0x00, 0x00, 0x7F, 0xFF, 0x40,
    0x02, 0xFA, 0xBF, 0x80, 0x0F, 0x80, 0x2F, 0x40, 0x3D, 0x00, 0x3E, 0x00, 0xF0, 0x00, 0xB8, 0x07,
    0xC0, 0x03, 0xE0, 0x2F, 0x00, 0x0F, 0x40, 0xF8, 0x00, 0xF8, 0x1B, 0xFE, 0xBF, 0x81, 0xFF, 0xFF,
    0xE0, 0x00, 0x00, 0x00, 0x00, 0x00, 0x00, 0x16, 0xA4, 0x00, 0x0B, 0xFF, 0xFC, 0x00, 0x3E, 0x96,
    0xFC, 0x00, 0xF0, 0x01, 0xF8, 0x07, 0x80, 0x02, 0xF0, 0x0C, 0x00, 0x07, 0xD0, 0x00, 0x00, 0x0F,
    0x40, 0x00, 0x00, 0x3D, 0x00, 0x2A, 0xAA, 0xF4, 0x00, 0xFF, 0xFF, 0xC0, 0x00, 0x00, 0x2F, 0x00,
    0x00, 0x00, 0xF8, 0x00, 0x00, 0x07, 0xC0, 0x80, 0x00, 0x3E, 0x0B, 0x40, 0x03, 0xF0, 0x3F, 0x00,
    0x7F, 0x40, 0x7F, 0xEF, 0xF0, 0x00, 0x7F, 0xFD, 0x00, 0x00, 0x00, 0x00, 0x00, 0x00, 0x00, 0x55,
    0x54, 0x00, 0x1A, 0x40, 0x00, 0x0F, 0xFF, 0x80, 0x2F, 0xFF, 0x80, 0x00, 0x1F, 0x80, 0x1F, 0xD6,
    0xFE, 0x00, 0x01, 0xF0, 0x07, 0xD0, 0x03, 0xF4, 0x00, 0x2F, 0x00, 0xF4, 0x00, 0x0F, 0x80, 0x02,
    0xE0, 0x2E, 0x00, 0x00, 0xFC, 0x00, 0x3D, 0x03, 0xC0, 0x00, 0x0B, 0xC0, 0x03, 0xD0, 0x7C, 0x00,
    0x00, 0x7C, 0x00, 0x7F, 0xFF, 0x80, 0x00, 0x07, 0xC0, 0x0B, 0xFF, 0xF4, 0x00, 0x00, 0xBC, 0x00,
    0xF8, 0x0F, 0x40, 0x00, 0x0B, 0x80, 0x0F, 0x40, 0xF4, 0x00, 0x00, 0xF4, 0x00, 0xF0, 0x0F, 0x80,
    0x00, 0x1F, 0x00, 0x1F, 0x00, 0xFC, 0x00, 0x03, 0xD0, 0x02, 0xF0, 0x0B, 0xD0, 0x00, 0xB8, 0x00,
    0x3E, 0x00, 0x3F, 0x40, 0x3F, 0x00, 0x1B, 0xF8, 0x01, 0xFF, 0xBF, 0x80, 0x07, 0xFF, 0xD0, 0x07,
    0xFF, 0x90, 0x00, 0x00, 0x00, 0x00, 0x00, 0x00, 0x00, 0x00, 0x00, 0x00, 0x01, 0x55, 0x50, 0x00,
    0x01, 0xFF, 0xFF, 0xC0, 0x00, 0x3F, 0xEA, 0xF4, 0x00, 0x02, 0xF4, 0x07, 0xC0, 0x00, 0x1F, 0x00,
    0x2E, 0x00, 0x00, 0xBC, 0x00, 0xF4, 0x00, 0x02, 0xE0, 0x03, 0xC0, 0x00, 0x07, 0xC0, 0x1F, 0x00,
    0x00, 0x0F, 0xD0, 0xB8, 0x00, 0x00, 0x0F, 0xFF, 0xE0, 0x00, 0x00, 0x1F, 0xAF, 0x40, 0x00, 0x00,
    0xF0, 0x3C, 0x00, 0x00, 0x0B, 0x81, 0xF0, 0x00, 0x00, 0x7C, 0x0B, 0x80, 0x00, 0x07, 0xC0, 0x3D,
    0x00, 0x00, 0xBD, 0x00, 0xF0, 0x00, 0x7F, 0xE0, 0x1B, 0xE4, 0x00, 0xFD, 0x02, 0xFF, 0xF0, 0x00,
    0x00, 0x00, 0x00, 0x00, 0x00, 0x00, 0x00, 0x00, 0x00, 0x1B, 0xE1, 0xD0, 0x2F, 0xFF, 0xF0, 0x1F,
    0x42, 0xF8, 0x0F, 0x00, 0x3D, 0x0F, 0x80, 0x0F, 0x03, 0xC0, 0x07, 0xC1, 0xE0, 0x02, 0xE0, 0xB4,
    0x01, 0xF4, 0x3D, 0x00, 0xFC, 0x0F, 0x40, 0xBF, 0x07, 0xF0, 0xB3, 0xCF, 0xBF, 0xF4, 0xFF, 0x0F,
    0xF0, 0x3F, 0x00, 0x00, 0x00, 0x00, 0x00, 0x00, 0x00, 0x50, 0x00, 0x00, 0xBD, 0x00, 0x01, 0xFF,
    0xC0, 0x01, 0xFF, 0xE0, 0x00, 0x7D, 0x00, 0x00, 0x1E, 0x00, 0x00, 0x03, 0xC0, 0x00, 0x00, 0xB4,
    0x00, 0x00, 0x0F, 0x2F, 0xF0, 0x02, 0xFF, 0xAF, 0xC0, 0x3F, 0x80, 0x7C, 0x03, 0xE0, 0x03, 0xD0,
    0x7C, 0x00, 0x3D, 0x0B, 0xC0, 0x03, 0xD0, 0xB8, 0x00, 0x3C, 0x0B, 0x80, 0x0B, 0xC0, 0xB8, 0x00,
    0xF4, 0x07, 0xC0, 0x3E, 0x00, 0x3F, 0xAF, 0x80, 0x00, 0xFF, 0xD0, 0x00, 0x00, 0x00, 0x00, 0x00,
    0x00, 0x00, 0x00, 0x00, 0xBF, 0x80, 0x1F, 0xAF, 0x82, 0xE0, 0x2E, 0x1E, 0x00, 0xB8, 0xF0, 0x07,
    0xC7, 0xC1, 0xFC, 0x2F, 0xFF, 0xF8, 0xF8, 0x01, 0xF7, 0xD0, 0x03, 0xDF, 0x40, 0x0F, 0x3E, 0x00,
    0xF8, 0x7E, 0x6F, 0x80, 0xBF, 0xF4, 0x00, 0x00, 0x00, 0x00, 0x00, 0x00, 0x00, 0x06, 0xFE, 0x00,
    0xBF, 0xFE, 0x03, 0x80, 0x7C, 0x04, 0x01, 0xF0, 0x00, 0x1F, 0x40, 0x02, 0xF4, 0x00, 0x7E, 0x00,
    0x0B, 0xD0, 0x00, 0xBC, 0x00, 0x03, 0xD0, 0x05, 0x0F, 0x40, 0x78, 0x3F, 0xEF, 0xC0, 0x3F, 0xF4,
    0x00, 0x00, 0x00, 0x00, 0x00, 0x04, 0x00, 0x01, 0xFF, 0xD0, 0x0B, 0x97, 0xF4, 0x04, 0x00, 0xBC,
    0x00, 0x00, 0x3D, 0x00, 0x00, 0x3E, 0x00, 0x00, 0x2E, 0x00, 0x2A, 0xAE, 0x02, 0xFF, 0xFE, 0x0B,
    0x80, 0x7E, 0x2F, 0x00, 0x2E, 0x3C, 0x00, 0x3D, 0x7C, 0x00, 0x3D, 0xB8, 0x00, 0x3C, 0xF4, 0x00,
    0xB8, 0xF4, 0x00, 0xF0, 0xF8, 0x01, 0xE0, 0xBC, 0x07, 0xC0, 0x7F, 0xAF, 0x00, 0x1F, 0xF8, 0x00,
    0x00, 0x00, 0x00, 0x00, 0x00, 0x00, 0x01, 0xBF, 0x00, 0x2E, 0xBF, 0x02, 0xD0, 0x7C, 0x1E, 0x01,
    0xF0, 0xF0, 0x0F, 0x47, 0x82, 0xF4, 0x2E, 0xBF, 0x00, 0xFF, 0x90, 0x03, 0xD0, 0x00, 0x0F, 0x40,
    0x04, 0x3F, 0x01, 0xF0, 0x7F, 0xFF, 0x40, 0xBF, 0xE0, 0x00, 0x00, 0x00, 0x00, 0x00, 0x00, 0x00,
    0x00, 0x00, 0x00, 0x1F, 0xC0, 0x1C, 0x00, 0xBE, 0x07, 0xFF, 0x03, 0xC0, 0x3F, 0xF0, 0xE0, 0xF0,
    0x7C, 0x0F, 0x45, 0x08, 0x0B, 0x0F, 0x82, 0xC0, 0x00, 0x00, 0xB6, 0xF4, 0xB8, 0x00, 0x00, 0x0B,
    0xBB, 0x1F, 0x00, 0x00, 0x00, 0xBC, 0xF3, 0xE0, 0x00, 0x00, 0x0F, 0x4E, 0xDE, 0x00, 0x00, 0x01,
    0xE1, 0xF9, 0xE0, 0x00, 0x00, 0x38, 0x2F, 0x1E, 0x00, 0x44, 0x0F, 0x03, 0xD0, 0xF0, 0x78, 0xFF,
    0xC0, 0x3C, 0x0F, 0xFF, 0x0B, 0xF0, 0x07, 0x40, 0x7F, 0x80, 0x00, 0x00, 0x00, 0x00, 0x00, 0x00,
    0x00, 0x00, 0x00, 0x02, 0xFE, 0x00, 0x7F, 0xBF, 0x03, 0x80, 0x3D, 0x04, 0x00, 0xF0, 0x00, 0x07,
    0x80, 0x05, 0xB8, 0x00, 0x3F, 0xE0, 0x00, 0x07, 0xE0, 0x00, 0x0B, 0xC2, 0x00, 0x2F, 0x3C, 0x01,
    0xF4, 0xFE, 0xAF, 0x80, 0xFF, 0xF4, 0x00, 0x00, 0x00, 0x00, 0x2F, 0xC0, 0x07, 0x8B, 0xFC, 0x00,
    0xF4, 0x03, 0xC0, 0x0F, 0x00, 0x7C, 0x01, 0xF0, 0x0B, 0x80, 0x1E, 0x00, 0xF4, 0x03, 0xD0, 0x0F,
    0x00, 0x3C, 0x02, 0xE0, 0x0B, 0xC0, 0x3D, 0x01, 0xF8, 0x03, 0xD0, 0x3B, 0x80, 0x3D, 0x0F, 0x79,
    0xD3, 0xFF, 0xC7, 0xFC, 0x1F, 0xE0, 0x3E, 0x00, 0x00, 0x00, 0x00, 0x00, 0x00, 0x00, 0x40, 0x02,
    0x80, 0x28, 0x00, 0x7C, 0x07, 0x40, 0x07, 0xD6, 0xE0, 0x00, 0x2F, 0xF8, 0x00, 0x00, 0x00, 0x00,
    0x00, 0x00, 0x00, 0x02, 0xFC, 0x00, 0x78, 0xBF, 0xC0, 0x0F, 0x40, 0x3C, 0x00, 0xF0, 0x07, 0xC0,
    0x1F, 0x00, 0xB8, 0x01, 0xE0, 0x0F, 0x40, 0x3D, 0x00, 0xF0, 0x03, 0xC0, 0x2E, 0x00, 0xBC, 0x03,
    0xD0, 0x1F, 0x80, 0x3D, 0x03, 0xB8, 0x03, 0xD0, 0xF7, 0x9D, 0x3F, 0xFC, 0x7F, 0xC1, 0xFE, 0x03,
    0xE0, 0x00, 0x00, 0x00, 0x00, 0x00, 0x00, 0x00, 0x1B, 0xE0, 0x0B, 0xCB, 0xFC, 0x0F, 0xF0, 0x1E,
    0x0F, 0x58, 0x0B, 0x4F, 0x00, 0x03, 0xCB, 0x00, 0x00, 0xF7, 0x40, 0x00, 0x3B, 0xD0, 0x00, 0x1F,
    0x7C, 0x00, 0x0B, 0x8F, 0x40, 0x03, 0xC1, 0xF0, 0x10, 0xF0, 0x3D, 0x38, 0x7C, 0x0B, 0xFC, 0x2D,
    0x00, 0xFD, 0x00, 0x00, 0x00, 0x00, 0x00, 0x00, 0x00, 0x00, 0x00, 0x00, 0x2F, 0xF4, 0x00, 0x00,
    0xFF, 0xF0, 0x00, 0x03, 0xC1, 0xF0, 0x00, 0x07, 0x42, 0xE0, 0x00, 0x0B, 0x03, 0xD0, 0x00, 0x0E,
    0x03, 0xC0, 0x00, 0x1D, 0x03, 0xC0, 0x00, 0x3C, 0x07, 0xC0, 0x00, 0x38, 0x0B, 0x80, 0x00, 0xB4,
    0x0F, 0x44, 0x25, 0xF0, 0x0F, 0x2C, 0x3F, 0xD0, 0x0F, 0xF4, 0x3F, 0x40, 0x0F, 0xD0, 0x00, 0x00,
    0x00, 0x00, 0x00, 0x00, 0x00, 0x00, 0x00, 0x06, 0xF8, 0x00, 0x1F, 0x80, 0x3F, 0xF4, 0x01, 0xFD,
    0x00, 0x0F, 0xF0, 0x0F, 0xF0, 0x00, 0x37, 0xC0, 0x77, 0x80, 0x00, 0xDB, 0x43, 0x9D, 0x00, 0x07,
    0x1D, 0x2C, 0xB4, 0x00, 0x2C, 0x78, 0xD3, 0xC0, 0x00, 0xE0, 0xEB, 0x0F, 0x00, 0x03, 0x43, 0xF4,
    0x3C, 0x00, 0x1C, 0x0F, 0xC1, 0xE0, 0x54, 0xE0, 0x3D, 0x07, 0x9E, 0xFF, 0x40, 0xF0, 0x1F, 0xF2,
    0xF4, 0x02, 0x00, 0x7E, 0x00, 0x00, 0x00, 0x00, 0x00, 0x00, 0x2F, 0xC0, 0x07, 0x4B, 0xFC, 0x00,
    0xF4, 0x07, 0xC0, 0x0F, 0x00, 0xB8, 0x00, 0xF0, 0x0F, 0x40, 0x1F, 0x00, 0xF5, 0x56, 0xE0, 0x0F,
    0xFF, 0xFD, 0x01, 0xF5, 0x57, 0xC0, 0x2E, 0x00, 0x7C, 0x03, 0xD0, 0x0B, 0x80, 0x3C, 0x00, 0xB9,
    0xD7, 0xC0, 0x0F, 0xF8, 0xB8, 0x00, 0xBE, 0x00, 0x00, 0x00, 0x00, 0x00, 0x00, 0x00, 0x00, 0x6F,
    0xE0, 0x02, 0xFF, 0xF8, 0x0F, 0xC0, 0x7C, 0x2F, 0x00, 0x3D, 0x3D, 0x00, 0x3E, 0x7C, 0x00, 0x3D,
    0xB8, 0x00, 0x3D, 0xF4, 0x00, 0x3C, 0xF4, 0x00, 0xB8, 0xF8, 0x00, 0xF0, 0xBC, 0x03, 0xE0, 0x7F,
    0xAF, 0x80, 0x1F, 0xFD, 0x00, 0x00, 0x00, 0x00, 0x00, 0x00, 0x00, 0x06, 0xF8, 0x0B, 0xE0, 0xBF,
    0xC3, 0xFF, 0x00, 0x78, 0xF4, 0xF4, 0x0B, 0xBC, 0x0F, 0x00, 0xFF, 0x01, 0xF0, 0x0F, 0xD0, 0x2E,
    0x00, 0xF8, 0x03, 0xD0, 0x1F, 0x00, 0x3C, 0x02, 0xE0, 0x07, 0xC0, 0x3D, 0x00, 0xB8, 0x43, 0xC0,
    0x0F, 0x5D, 0x7C, 0x00, 0xFF, 0x8B, 0x80, 0x0F, 0xE0, 0x00, 0x00, 0x00, 0x00, 0x00, 0x00, 0x00,
    0x00, 0x01, 0xBE, 0x07, 0xF0, 0x02, 0xFE, 0x2F, 0xFC, 0x00, 0x1E, 0x78, 0xBC, 0x00, 0x2E, 0xD0,
    0x3D, 0x00, 0x3F, 0x80, 0x3C, 0x00, 0x3F, 0x00, 0x3C, 0x00, 0x3D, 0x00, 0x7C, 0x00, 0x7C, 0x00,
    0xB8, 0x00, 0xB8, 0x00, 0xF4, 0x00, 0xF4, 0x02, 0xE0, 0x00, 0xF4, 0x07, 0xC0, 0x01, 0xFF, 0xBF,
    0x00, 0x02, 0xEF, 0xF8, 0x00, 0x02, 0xD0, 0x00, 0x00, 0x03, 0xC0, 0x00, 0x00, 0x03, 0xC0, 0x00,
    0x00, 0x07, 0x80, 0x00, 0x00, 0x2F, 0xFD, 0x00, 0x00, 0x2A, 0xA9, 0x00, 0x00, 0x00, 0x00, 0x00,
    0x07, 0xFC, 0x02, 0xFF, 0xD0, 0xB8, 0x18, 0x1E, 0x00, 0x03, 0xC0, 0x00, 0x7C, 0x00, 0x0B, 0x80,
    0x00, 0xF4, 0x00, 0x0F, 0x40, 0x00, 0xF8, 0x00, 0x4B, 0xC0, 0x78, 0x7F, 0xFF, 0x02, 0xFF, 0x40,
    0x00, 0x00, 0x00, 0x00, 0x00, 0x00, 0x00, 0x00, 0x1B, 0xE0, 0x2F, 0x40, 0xBE, 0x0B, 0xFC, 0x3F,
    0xF0, 0xFF, 0xC0, 0x1E, 0x3D, 0x7C, 0xF5, 0xF0, 0x0B, 0xBC, 0x1E, 0xF0, 0x3C, 0x03, 0xFC, 0x0B,
    0xF0, 0x1F, 0x00, 0xFD, 0x03, 0xF4, 0x0B, 0x80, 0x3E, 0x00, 0xFC, 0x03, 0xD0, 0x1F, 0x00, 0x3D,
    0x00, 0xF0, 0x0B, 0x80, 0x1F, 0x00, 0x78, 0x03, 0xD0, 0x0B, 0x40, 0x2D, 0x10, 0xF0, 0x03, 0xC0,
    0x0F, 0x6D, 0x7C, 0x00, 0xF0, 0x03, 0xFE, 0x2E, 0x00, 0x78, 0x00, 0xFD, 0x00, 0x00, 0x00, 0x00,
    0x00, 0x00, 0x00, 0x00, 0x00, 0x00, 0x00, 0x7E, 0x00, 0x7C, 0x01, 0xFF, 0x00, 0x3E, 0x00, 0x0F,
    0x80, 0x2E, 0x00, 0x0B, 0xC0, 0x2D, 0x00, 0x03, 0xC0, 0x3C, 0x00, 0x03, 0xD0, 0x3C, 0x00, 0x02,
    0xD0, 0x74, 0x00, 0x02, 0xE0, 0xF0, 0x00, 0x01, 0xE1, 0xD0, 0x00, 0x01, 0xE3, 0xC0, 0x00, 0x00,
    0xEB, 0x00, 0x00, 0x01, 0xED, 0x00, 0x00, 0x01, 0xF8, 0x00, 0x00, 0x02, 0xF0, 0x00, 0x00, 0x03,
    0xC0, 0x00, 0x00, 0x1F, 0x00, 0x00, 0x25, 0xBC, 0x00, 0x00, 0x3F, 0xE0, 0x00, 0x00, 0x2E, 0x40,
    0x00, 0x00, 0x00, 0x00, 0x00, 0x00, 0x00, 0x00, 0x07, 0xFC, 0x00, 0x00, 0x2E, 0xBC, 0x00, 0x00,
    0x78, 0x04, 0x00, 0x00, 0xF0, 0x00, 0x00, 0x00, 0xF0, 0x00, 0x00, 0x01, 0xE0, 0x00, 0x00, 0x1B,
    0xFE, 0x40, 0x01, 0xFF, 0xFF, 0xE0, 0x0B, 0xD3, 0xD1, 0xF8, 0x2F, 0x03, 0xC0, 0xBC, 0x3C, 0x03,
    0xC0, 0x3C, 0xB8, 0x03, 0xC0, 0x3C, 0xF4, 0x07, 0x80, 0x3C, 0xF4, 0x0B, 0x40, 0x7C, 0xF4, 0x0B,
    0x40, 0xB8, 0xB8, 0x0F, 0x01, 0xF0, 0x7D, 0x0F, 0x0B, 0xC0, 0x2F, 0xEF, 0xFF, 0x00, 0x06, 0xFF,
    0xE4, 0x00, 0x00, 0x1E, 0x00, 0x00, 0x00, 0x2D, 0x00, 0x00, 0x00, 0x3C, 0x00, 0x00, 0x60, 0xB4,
    0x00, 0x00, 0xBF, 0xE0, 0x00, 0x00, 0x2E, 0x40, 0x00, 0x00, 0x00, 0x00, 0x00, 0x00, 0x01, 0xB8,
    0x00, 0xFC, 0x0B, 0xFC, 0x03, 0xFC, 0x00, 0x3E, 0x0F, 0x44, 0x00, 0x1F, 0x2D, 0x00, 0x00, 0x0F,
    0xB8, 0x00, 0x00, 0x0B, 0xF0, 0x00, 0x00, 0x03, 0xD0, 0x00, 0x00, 0x0B, 0xE0, 0x00, 0x00, 0x1E,
    0xF0, 0x00, 0x00, 0x78, 0xF4, 0x00, 0x10, 0xF0, 0xBC, 0x00, 0x3F, 0xC0, 0x3F, 0xF0, 0x3F, 0x40,
    0x3F, 0x80, 0x00, 0x00, 0x00, 0x00, 0x2F, 0xC0, 0x07, 0x8B, 0xFC, 0x00, 0xF4, 0x03, 0xC0, 0x0F,
    0x00, 0x7C, 0x01, 0xF0, 0x0B, 0x80, 0x1E, 0x00, 0xF4, 0x03, 0xD0, 0x0F, 0x00, 0x3C, 0x02, 0xE0,
    0x0B, 0xC0, 0x3D, 0x01, 0xF8, 0x03, 0xD0, 0x3B, 0x89, 0x3D, 0x0F, 0x7A, 0xD3, 0xFF, 0xC7, 0xFC,
    0x1F, 0xE0, 0x3A, 0xC0, 0x00, 0x00, 0x3C, 0x00, 0x00, 0x03, 0xC0, 0x00, 0x00, 0x3C, 0x00, 0x00,
    0x0F, 0x40, 0x00, 0x01, 0x90, 0x6F, 0x80, 0x0B, 0x3F, 0xE0, 0x07, 0xC0, 0xB8, 0x02, 0xE0, 0x2D,
    0x00, 0xF4, 0x0F, 0x00, 0x3C, 0x03, 0xC0, 0x3F, 0x00, 0xFD, 0xBF, 0x80, 0x1F, 0xFB, 0xD0, 0x00,
    0x00, 0xF0, 0x00, 0x00, 0x3C, 0x10, 0x00, 0x1F, 0x3C, 0x00, 0x0B, 0xFC, 0x00, 0x01, 0xFC, 0x00,
    0x00, 0x00, 0x00, 0x2F, 0xC0, 0x0B, 0x00, 0xB4, 0xBF, 0xC0, 0x2F, 0x00, 0xF4, 0x03, 0xC0, 0x3E,
    0x01, 0xF0, 0x07, 0xC0, 0x3C, 0x02, 0xE0, 0x0B, 0x80, 0x3C, 0x02, 0xD0, 0x0F, 0x00, 0x78, 0x03,
    0xC0, 0x1F, 0x00, 0xF4, 0x07, 0xC0, 0x2E, 0x01, 0xF0, 0x0F, 0x80, 0x3D, 0x03, 0xF0, 0x1F, 0x80,
    0x3C, 0x0B, 0xE0, 0x3B, 0x44, 0x3C, 0x2D, 0xF0, 0xEB, 0x5C, 0x3F, 0xF5, 0xFF, 0xCB, 0xF8, 0x2F,
    0xC0, 0xFE, 0x07, 0xE0, 0x00, 0x00, 0x00, 0x00, 0x00, 0x2F, 0xC0, 0x0B, 0x00, 0xB4, 0xBF, 0xC0,
    0x2F, 0x00, 0xF4, 0x03, 0xC0, 0x3E, 0x01, 0xF0, 0x07, 0xC0, 0x3C, 0x02, 0xE0, 0x0B, 0x80, 0x3C,
    0x02, 0xD0, 0x0F, 0x00, 0x78, 0x03, 0xC0, 0x1F, 0x00, 0xF4, 0x07, 0xC0, 0x2E, 0x01, 0xF0, 0x0F,
    0x80, 0x3D, 0x03, 0xF0, 0x1F, 0x80, 0x3C, 0x0B, 0xE0, 0x3B, 0x48, 0x3C, 0x2D, 0xF0, 0xEB, 0x6C,
    0x3F, 0xF5, 0xFF, 0xCB, 0xFC, 0x2F, 0xC0, 0xFE, 0x07, 0xA8, 0x00, 0x00, 0x00, 0x00, 0x3C, 0x00,
    0x00, 0x00, 0x00, 0x3C, 0x00, 0x00, 0x00, 0x00, 0x38, 0x00, 0x00, 0x00, 0x01, 0xF0, 0x00, 0x00,
    0x00, 0x01, 0x80, 0x00, 0x00, 0x00, 0x02, 0xFF, 0xBF, 0x42, 0xFF, 0xFF, 0xD0, 0xE0, 0x07, 0x80,
    0x3C, 0x0B, 0x40, 0x05, 0x0B, 0x40, 0x00, 0x07, 0xFF, 0x80, 0x03, 0xEA, 0xFC, 0x01, 0xD0, 0x0F,
    0x00, 0xF4, 0x03, 0xD0, 0x3C, 0x00, 0xF0, 0x0F, 0x40, 0xB8, 0x01, 0xF5, 0xBC, 0x00, 0x2F, 0xF8,
    0x00, 0x00, 0x00, 0x00, 0x1B, 0xE0, 0x00, 0x03, 0x83, 0xFE, 0x00, 0x00, 0x78, 0x02, 0xD0, 0x00,
    0x0B, 0x80, 0x3C, 0x00, 0x00, 0xF4, 0x03, 0xC0, 0x00, 0x0F, 0x00, 0x7F, 0xFE, 0x01, 0xF0, 0x0B,
    0xEA, 0xF8, 0x2E, 0x00, 0xF0, 0x0B, 0xC3, 0xD0, 0x0F, 0x00, 0x7C, 0x3C, 0x00, 0xF0, 0x0B, 0x83,
    0xC1, 0x0F, 0x00, 0xF0, 0x7C, 0xE0, 0xF9, 0xBD, 0x0B, 0xFC, 0x03, 0xFF, 0x40, 0x7E, 0x00, 0x00,
    0x00, 0x00, 0x00, 0x1B, 0xD0, 0x00, 0xFF, 0x80, 0x00, 0x3D, 0x00, 0x00, 0xF0, 0x00, 0x07, 0x80,
    0x00, 0x2F, 0xFF, 0x80, 0xFE, 0x6F, 0x83, 0xC0, 0x1F, 0x1F, 0x00, 0x3C, 0x78, 0x01, 0xF1, 0xF0,
    0x0F, 0x43, 0xE6, 0xF8, 0x07, 0xFF, 0x40, 0x00, 0x00, 0x00, 0x00, 0x00, 0x00, 0x02, 0xFE, 0x00,
    0x7F, 0xFF, 0x03, 0xC0, 0x3E, 0x08, 0x00, 0xBC, 0x00, 0x01, 0xF0, 0x05, 0x5B, 0xC0, 0x3F, 0xFF,
    0x00, 0x50, 0xB8, 0x00, 0x03, 0xD2, 0x00, 0x1F, 0x2D, 0x00, 0xF4, 0xBE, 0x6F, 0x80, 0xBF, 0xF4,
    0x00, 0x00, 0x00, 0x00, 0x00, 0x00, 0x00, 0x00, 0x06, 0xFC, 0x00, 0x2F, 0xE0, 0xBF, 0xC0, 0x2F,
    0xFF, 0x80, 0x7C, 0x0B, 0xD0, 0x7C, 0x0B, 0x81, 0xF0, 0x03, 0xD0, 0xF4, 0x3E, 0x00, 0x3E, 0x0F,
    0x47, 0xC0, 0x03, 0xD1, 0xFF, 0xFC, 0x00, 0x3D, 0x1F, 0x5F, 0x80, 0x03, 0xC2, 0xD0, 0xF8, 0x00,
    0xB8, 0x3D, 0x0B, 0x80, 0x0F, 0x03, 0xC0, 0xBC, 0x03, 0xD0, 0x7C, 0x03, 0xFA, 0xF8, 0x0B, 0x80,
    0x1F, 0xFD, 0x00, 0x00, 0x00, 0x00, 0x00, 0x00, 0x00, 0x06, 0xFF, 0xC0, 0x02, 0xFE, 0xFC, 0x00,
    0xB8, 0x07, 0x80, 0x0F, 0x00, 0xB4, 0x00, 0xF0, 0x0F, 0x00, 0x0F, 0x40, 0xF0, 0x00, 0xBF, 0xFF,
    0x00, 0x01, 0xFB, 0xE0, 0x00, 0x3C, 0x3D, 0x00, 0x0B, 0x83, 0xC1, 0x11, 0xF0, 0x3C, 0xE3, 0xFD,
    0x07, 0xFC, 0x3F, 0x40, 0x3E, 0x00, 0x00, 0x00, 0x00, 0x00, 0x00, 0x00, 0x01, 0xC0, 0x00, 0x0F,
    0x40, 0x00, 0x2F, 0x00, 0x00, 0x2F, 0x00, 0x00, 0x1D, 0x00, 0x00, 0x00, 0x00, 0x00, 0x00, 0x00,
    0x6F, 0xC0, 0x0B, 0xAF, 0xC0, 0xB4, 0x1F, 0x07, 0x80, 0x7C, 0x3C, 0x03, 0xD1, 0xE0, 0xBD, 0x0B,
    0xAF, 0xC0, 0x3F, 0xE4, 0x00, 0xF4, 0x00, 0x03, 0xD0, 0x01, 0x0F, 0xC0, 0x7C, 0x1F, 0xFF, 0xD0,
    0x2F, 0xF8, 0x00, 0x00, 0x00, 0x00, 0x00, 0x50, 0x14, 0x02, 0xF4, 0xBD, 0x02, 0xF0, 0xBC, 0x00,
    0x40, 0x10, 0x00, 0x00, 0x00, 0x00, 0x00, 0x00, 0x00, 0x6F, 0xC0, 0x02, 0xEB, 0xF0, 0x0B, 0x41,
    0xF0, 0x1E, 0x01, 0xF0, 0x3C, 0x03, 0xD0, 0x78, 0x2F, 0x40, 0xBA, 0xFC, 0x00, 0xFF, 0x90, 0x00,
    0xF4, 0x00, 0x00, 0xF4, 0x00, 0x40, 0xFC, 0x07, 0xC0, 0x7F, 0xFF, 0x40, 0x2F, 0xF8, 0x00, 0x00,
    0x00, 0x00, 0x00, 0x10, 0x00, 0x02, 0xFF, 0x00, 0x00, 0x6B, 0xC0, 0x00, 0x01, 0xF0, 0x00, 0x0A,
    0xFE, 0xBC, 0x03, 0xFF, 0xFE, 0x00, 0x0F, 0x00, 0x00, 0x07, 0x80, 0x00, 0x02, 0xD0, 0xBD, 0x00,
    0xF1, 0xFF, 0xC0, 0x3D, 0xF5, 0xF4, 0x1F, 0xE0, 0x3E, 0x0B, 0xF0, 0x0F, 0x82, 0xF0, 0x03, 0xD0,
    0xF8, 0x00, 0xF4, 0x3C, 0x00, 0x3D, 0x1F, 0x00, 0x1F, 0x0B, 0x80, 0x0B, 0xC3, 0xD0, 0x03, 0xE0,
    0xF0, 0x00, 0xF0, 0x00, 0x00, 0xB8, 0x00, 0x00, 0x3C, 0x00, 0x00, 0x2E, 0x00, 0x1C, 0x1F, 0x00,
    0x0B, 0xFF, 0x00, 0x00, 0xB9, 0x00, 0x00, 0x00, 0x00, 0x00, 0x00, 0x02, 0xD0, 0x00, 0x1F, 0x00,
    0x00, 0xF4, 0x00, 0x0F, 0x40, 0x00, 0x30, 0x00, 0x00, 0x00, 0x00, 0x00, 0x00, 0x01, 0xBF, 0x80,
    0x2F, 0xFF, 0x80, 0xD0, 0x2F, 0x00, 0x00, 0x7C, 0x00, 0x07, 0xD0, 0x00, 0xBD, 0x00, 0x1F, 0x80,
    0x02, 0xF0, 0x00, 0x2F, 0x00, 0x00, 0xF0, 0x01, 0x43, 0xD0, 0x1E, 0x0F, 0xFB, 0xF0, 0x0F, 0xFD,
    0x00, 0x00, 0x00, 0x00, 0x00, 0x00, 0x00, 0x01, 0xBF, 0x40, 0x2F, 0xFF, 0x02, 0xE0, 0x28, 0x1E,
    0x00, 0x00, 0xF0, 0x00, 0x07, 0xD5, 0x90, 0x2F, 0xFF, 0x80, 0xF4, 0x00, 0x03, 0xD0, 0x00, 0x0F,
    0x80, 0x04, 0x3F, 0x01, 0xF0, 0x7F, 0xFF, 0x40, 0xBF, 0xE0, 0x00, 0x00, 0x00, 0x00, 0x00, 0x00,
    0x00, 0x06, 0xFD, 0x02, 0xFF, 0xE0, 0x78, 0x09, 0x0F, 0x40, 0x00, 0xBC, 0x00, 0x03, 0xF4, 0x00,
    0x1F, 0xE0, 0x00, 0x3F, 0x40, 0x00, 0xFC, 0x20, 0x07, 0xCB, 0x80, 0xB4, 0xBF, 0xAE, 0x02, 0xFF,
    0x40, 0x00, 0x00, 0x00, 0x00, 0x00, 0x02, 0xF0, 0x1F, 0xC0, 0x7D, 0x00, 0x00, 0x00, 0x00, 0x00,
    0x0B, 0xF0, 0x7F, 0xC0, 0x0F, 0x00, 0x7C, 0x02, 0xE0, 0x0F, 0x40, 0x7C, 0x02, 0xF0, 0x0F, 0x40,
    0x3C, 0x11, 0xF3, 0xCB, 0xFC, 0x1F, 0x80, 0x00, 0x00, 0x05, 0x01, 0x42, 0xF4, 0xBD, 0x2F, 0x0B,
    0xC0, 0x40, 0x10, 0x00, 0x00, 0x00, 0x00, 0x00, 0x2F, 0xC0, 0x07, 0xFC, 0x00, 0x03, 0xC0, 0x00,
    0x7C, 0x00, 0x0B, 0x80, 0x00, 0xF4, 0x00, 0x1F, 0x00, 0x02, 0xF0, 0x00, 0x3D, 0x00, 0x03, 0xC1,
    0x00, 0x7C, 0xF0, 0x0B, 0xFC, 0x00, 0x7E, 0x00, 0x00, 0x00, 0x00, 0x00, 0x00, 0x00, 0x00, 0x00,
    0x03, 0xE0, 0x00, 0x01, 0xF8, 0x00, 0x00, 0x7C, 0x00, 0x00, 0x00, 0x00, 0x00, 0x00, 0x00, 0x00,
    0x00, 0x00, 0x00, 0x0B, 0xF0, 0x00, 0x0B, 0xFC, 0x00, 0x00, 0x1F, 0x00, 0x00, 0x07, 0xC0, 0x00,
    0x02, 0xE0, 0x00, 0x00, 0xF4, 0x00, 0x00, 0x3C, 0x00, 0x00, 0x1F, 0x00, 0x00, 0x0B, 0x80, 0x00,
    0x03, 0xD0, 0x00, 0x00, 0xF0, 0x00, 0x00, 0x7C, 0x00, 0x00, 0x2E, 0x00, 0x00, 0x0F, 0x40, 0x00,
    0x07, 0xC0, 0x00, 0x03, 0xD0, 0x00, 0xE6, 0xF0, 0x00, 0x7F, 0xF0, 0x00, 0x0B, 0xD0, 0x00, 0x00,
    0x00, 0x00, 0x00, 0x00, 0x00, 0x00, 0x00, 0xBF, 0xD0, 0x00, 0x00, 0x0F, 0xFF, 0x00, 0x00, 0x00,
    0xF0, 0x78, 0x00, 0x00, 0x07, 0x42, 0xD0, 0x00, 0x00, 0x2C, 0x0F, 0x00, 0x00, 0x00, 0xE0, 0x3E,
    0xA8, 0x00, 0x07, 0x41, 0xFF, 0xFC, 0x00, 0x3C, 0x0B, 0x40, 0xF4, 0x00, 0xE0, 0x3C, 0x02, 0xE0,
    0x0B, 0x40, 0xF0, 0x0B, 0x49, 0x7C, 0x03, 0xD0, 0x3C, 0x3F, 0xD0, 0x0B, 0xD7, 0xD0, 0xFD, 0x00,
    0x0B, 0xFD, 0x00, 0x00, 0x00, 0x00, 0x00, 0x00, 0x2F, 0xC0, 0x1C, 0x00, 0xBF, 0xC0, 0x3D, 0x00,
    0x07, 0xC0, 0x3C, 0x00, 0x0B, 0x80, 0x3C, 0x00, 0x0F, 0x40, 0x78, 0x00, 0x0F, 0x55, 0xBA, 0xA4,
    0x0F, 0xFF, 0xFF, 0xFD, 0x1F, 0x55, 0xF0, 0x2F, 0x2E, 0x01, 0xF0, 0x0F, 0x3D, 0x01, 0xE0, 0x1F,
    0x3C, 0x01, 0xF0, 0x2D, 0x7C, 0x00, 0xF9, 0xBC, 0xB8, 0x00, 0x7F, 0xE0, 0x00, 0x00, 0x00, 0x00,
    0x00, 0x10, 0x00, 0x00, 0x2F, 0xF0, 0x00, 0x00, 0x6B, 0xC0, 0x00, 0x00, 0x1F, 0x00, 0x00, 0x0A,
    0xFE, 0xBC, 0x00, 0x3F, 0xFF, 0xE0, 0x00, 0x0F, 0x00, 0x00, 0x00, 0x78, 0x00, 0x00, 0x02, 0xD0,
    0x7F, 0x00, 0x0F, 0x0B, 0xFE, 0x00, 0x3C, 0xF4, 0xB8, 0x01, 0xEB, 0x03, 0xD0, 0x0B, 0xF4, 0x0F,
    0x00, 0x2F, 0x80, 0x3C, 0x00, 0xFC, 0x02, 0xE0, 0x03, 0xD0, 0x0F, 0x40, 0x1F, 0x00, 0x3C, 0x10,
    0xB8, 0x01, 0xF3, 0xC3, 0xD0, 0x07, 0xFD, 0x0F, 0x00, 0x0F, 0xC0, 0x00, 0x00, 0x00, 0x00, 0x00,
    0x00, 0x00, 0x00, 0x00, 0x0F, 0x00, 0x00, 0x0F, 0xC0, 0x00, 0x0B, 0xC0, 0x00, 0x07, 0xC0, 0x00,
    0x02, 0x80, 0x00, 0x00, 0x00, 0x00, 0x00, 0x00, 0x00, 0x6F, 0x80, 0x2F, 0x2F, 0xF0, 0x3F, 0xC0,
    0x78, 0x3D, 0x60, 0x2D, 0x3C, 0x00, 0x0F, 0x2C, 0x00, 0x03, 0xDD, 0x00, 0x00, 0xEF, 0x40, 0x00,
    0x7D, 0xF0, 0x00, 0x2E, 0x3D, 0x00, 0x0F, 0x07, 0xC0, 0x43, 0xC0, 0xF4, 0xE1, 0xF0, 0x2F, 0xF0,
    0xB4, 0x03, 0xF4, 0x00, 0x00, 0x00, 0x00, 0x00, 0x00, 0x00, 0x00, 0x01, 0xC0, 0x00, 0x00, 0x3E,
    0x00, 0x00, 0x01, 0xF4, 0x00, 0x00, 0x07, 0xC0, 0x00, 0x00, 0x1D, 0x00, 0x00, 0x00, 0x00, 0x00,
    0x00, 0x00, 0x00, 0x2F, 0xC0, 0x07, 0x8B, 0xFC, 0x00, 0xF4, 0x03, 0xC0, 0x0F, 0x00, 0x7C, 0x01,
    0xF0, 0x0B, 0x80, 0x1E, 0x00, 0xF4, 0x03, 0xD0, 0x0F, 0x00, 0x3C, 0x02, 0xE0, 0x0B, 0xC0, 0x3D,
    0x01, 0xF8, 0x03, 0xD0, 0x3B, 0x80, 0x3D, 0x0F, 0x79, 0xD3, 0xFF, 0xC7, 0xFC, 0x1F, 0xE0, 0x3E,
    0x00, 0x00, 0x00, 0x00, 0x00, 0x00, 0x00, 0x04, 0x00, 0x01, 0xC0, 0x1C, 0x00, 0x03, 0xC0, 0x38,
    0x00, 0x03, 0xE5, 0xF0, 0x00, 0x01, 0xFF, 0x80, 0x00, 0x00, 0x00, 0x00, 0x00, 0x00, 0x00, 0x00,
    0x00, 0x7E, 0x00, 0x7C, 0x01, 0xFF, 0x00, 0x3E, 0x00, 0x0F, 0x80, 0x2E, 0x00, 0x0B, 0xC0, 0x2D,
    0x00, 0x03, 0xC0, 0x3C, 0x00, 0x03, 0xD0, 0x3C, 0x00, 0x02, 0xD0, 0x74, 0x00, 0x02, 0xE0, 0xF0,
    0x00, 0x01, 0xE1, 0xD0, 0x00, 0x01, 0xE3, 0xC0, 0x00, 0x00, 0xEB, 0x00, 0x00, 0x01, 0xED, 0x00,
    0x00, 0x01, 0xF8, 0x00, 0x00, 0x02, 0xF0, 0x00, 0x00, 0x03, 0xC0, 0x00, 0x00, 0x1F, 0x00, 0x00,
    0x25, 0xBC, 0x00, 0x00, 0x3F, 0xE0, 0x00, 0x00, 0x2E, 0x40, 0x00, 0x00, 0x2F, 0xC0, 0x07, 0x8B,
    0xFC, 0x00, 0xF4, 0x03, 0xC0, 0x0F, 0x00, 0x7C, 0x01, 0xF0, 0x0B, 0x80, 0x1E, 0x00, 0xF4, 0x03,
    0xD0, 0x0F, 0x00, 0x3C, 0x02, 0xE0, 0x0B, 0xC0, 0x3D, 0x01, 0xF8, 0x03, 0xD0, 0x3B, 0x80, 0x3D,
    0x0F, 0x79, 0xD3, 0xFF, 0xC7, 0xFC, 0x1F, 0xE2, 0x3E, 0x00, 0x00, 0xA0, 0x00, 0x00, 0x0E, 0x00,
    0x00, 0x00, 0xE0, 0x00, 0x00, 0x7C, 0x00, 0x00, 0x0A, 0x00, 0x00, 0x00, 0x2A, 0xA8, 0x00, 0x01,
    0xFF, 0xE0, 0x00, 0x00, 0xB8, 0x00, 0x00, 0x03, 0xD0, 0x00, 0x2F, 0xFF, 0xFF, 0xE0, 0xFE, 0xFE,
    0xBF, 0x83, 0x81, 0xF0, 0x1D, 0x0D, 0x0B, 0x80, 0xB0, 0x10, 0x3E, 0x00, 0x00, 0x00, 0xF4, 0x00,
    0x00, 0x07, 0xFF, 0xA0, 0x00, 0x1F, 0xFF, 0xF8, 0x00, 0xB8, 0x02, 0xF4, 0x03, 0xE0, 0x03, 0xF0,
    0x0F, 0x40, 0x0B, 0xC0, 0x7C, 0x00, 0x2E, 0x01, 0xF0, 0x00, 0xF4, 0x0B, 0x80, 0x0F, 0x81, 0xBF,
    0xEB, 0xF8, 0x0F, 0xFF, 0xFE, 0x00, 0x00, 0x00, 0x00, 0x00, 0x00, 0x00, 0x00, 0x00, 0x1B, 0xE0,
    0x2F, 0x00, 0x0B, 0xFC, 0x7F, 0xE0, 0x00, 0x1E, 0x38, 0xB8, 0x00, 0x0B, 0xB8, 0x2D, 0x00, 0x03,
    0xFC, 0x0F, 0x00, 0x00, 0xFC, 0x03, 0xEA, 0x80, 0x3E, 0x01, 0xFF, 0xFC, 0x1F, 0x00, 0xB4, 0x0F,
    0x4B, 0x80, 0x3D, 0x02, 0xE3, 0xD0, 0x0F, 0x00, 0xB4, 0xF0, 0x03, 0xD0, 0x3C, 0x7C, 0x00, 0xBD,
    0x7D, 0x2E, 0x00, 0x0B, 0xFD, 0x00, 0x00, 0x00, 0x00, 0x00, 0x00, 0x00, 0x69, 0x00, 0x00, 0x07,
    0xFF, 0xF8, 0x00, 0x0F, 0xE5, 0x6F, 0xC0, 0x0F, 0xC0, 0x01, 0xF8, 0x0F, 0xC0, 0x00, 0x2F, 0x07,
    0xC0, 0x00, 0x07, 0xD3, 0xE0, 0x00, 0x00, 0xF5, 0xF0, 0x00, 0x00, 0x3D, 0xBE, 0xAA, 0xAA, 0xAF,
    0x7F, 0xFF, 0xFF, 0xFF, 0xCF, 0x80, 0x00, 0x01, 0xF3, 0xE0, 0x00, 0x00, 0xF8, 0xF8, 0x00, 0x00,
    0x7C, 0x3F, 0x00, 0x00, 0x3E, 0x07, 0xD0, 0x00, 0x2F, 0x00, 0xFD, 0x00, 0x7F, 0x00, 0x0F, 0xFA,
    0xFE, 0x00, 0x00, 0xBF, 0xF9, 0x00, 0x00, 0x00, 0x00, 0x00, 0x00, 0x00, 0x00, 0x00, 0x00, 0x6F,
    0xE0, 0x02, 0xFE, 0xFC, 0x0B, 0xC0, 0x3D, 0x1F, 0x00, 0x2E, 0x3C, 0x00, 0x1F, 0x7C, 0x00, 0x2E,
    0xBF, 0xFF, 0xFE, 0xF4, 0x00, 0x3D, 0xF0, 0x00, 0x7C, 0xF4, 0x00, 0xF4, 0xB8, 0x02, 0xF0, 0x3F,
    0xAF, 0x80, 0x1F, 0xFD, 0x00, 0x00, 0x00, 0x00, 0x15, 0x54, 0x00, 0x06, 0x8F, 0xFF, 0xC0, 0x03,
    0xFC, 0x2F, 0x90, 0x00, 0xBF, 0xC0, 0xF8, 0x00, 0x1F, 0x00, 0x0F, 0x80, 0x03, 0xD0, 0x00, 0xBC,
    0x00, 0x7C, 0x00, 0x0B, 0xC0, 0x0F, 0x00, 0x00, 0x7C, 0x01, 0xE0, 0x00, 0x07, 0xC0, 0x3C, 0x00,
    0x00, 0x3D, 0x07, 0x80, 0x00, 0x03, 0xD0, 0xF0, 0x00, 0x00, 0x3D, 0x0E, 0x00, 0x00, 0x02, 0xE2,
    0xC0, 0x00, 0x00, 0x1E, 0x38, 0x00, 0x00, 0x01, 0xFB, 0x00, 0x00, 0x00, 0x0F, 0xE0, 0x00, 0x00,
    0x00, 0xFC, 0x00, 0x00, 0x00, 0x0F, 0x80, 0x00, 0x00, 0x00, 0x00, 0x00, 0x00, 0x00, 0x00, 0x00,
    0x00, 0x00, 0x6F, 0x00, 0x03, 0xEB, 0xFC, 0x00, 0x3F, 0xC0, 0xF4, 0x03, 0xE5, 0x03, 0xD0, 0x2E,
    0x00, 0x0F, 0x40, 0xE0, 0x00, 0x2D, 0x0F, 0x00, 0x00, 0xB4, 0x74, 0x00, 0x02, 0xD3, 0x80, 0x00,
    0x0B, 0x6C, 0x00, 0x00, 0x2E, 0xD0, 0x00, 0x00, 0x7E, 0x00, 0x00, 0x01, 0xF0, 0x00, 0x00, 0x07,
    0x80, 0x00, 0x00, 0x00, 0x00, 0x00, 0x00, 0x00, 0x00, 0x00, 0x00, 0x00, 0x00, 0x00, 0x00, 0x80,
    0x0D, 0x00, 0x00, 0x00, 0x3C, 0x01, 0xC0, 0x00, 0x00, 0x03, 0xE0, 0xB8, 0x00, 0x00, 0x00, 0x1F,
    0xFE, 0x00, 0x00, 0x00, 0x00, 0x15, 0x00, 0x00, 0x00, 0x00, 0x00, 0x00, 0x00, 0x00, 0x05, 0x55,
    0x40, 0x15, 0x54, 0x00, 0xFF, 0xF4, 0x07, 0xFF, 0xD0, 0x01, 0xF8, 0x00, 0x0B, 0xD0, 0x00, 0x1F,
    0x00, 0x00, 0xFC, 0x00, 0x02, 0xF0, 0x00, 0x3F, 0x80, 0x00, 0x2E, 0x00, 0x0F, 0xF4, 0x00, 0x03,
    0xD0, 0x03, 0xDF, 0x00, 0x00, 0x3D, 0x00, 0xF1, 0xF0, 0x00, 0x07, 0xC0, 0x3C, 0x2F, 0x00, 0x00,
    0xBC, 0x1F, 0x03, 0xE0, 0x00, 0x0F, 0x87, 0x80, 0x3D, 0x00, 0x00, 0xF5, 0xE0, 0x07, 0xC0, 0x00,
    0x0F, 0xB8, 0x00, 0xBC, 0x00, 0x01, 0xFE, 0x00, 0x0B, 0x80, 0x00, 0x2F, 0x40, 0x00, 0xF4, 0x00,
    0x03, 0xE0, 0x00, 0x0F, 0x40, 0x01, 0xBF, 0x80, 0x07, 0xFE, 0x00, 0x7F, 0xFD, 0x02, 0xFF, 0xF0,
    0x00, 0x00, 0x00, 0x00, 0x3E, 0x00, 0x00, 0x00, 0x00, 0x07, 0xC0, 0x00, 0x00, 0x00, 0x00, 0xF4,
    0x00, 0x00, 0x00, 0x00, 0x2D, 0x00, 0x00, 0x00, 0x00, 0x03, 0x40, 0x00, 0x00, 0x00, 0x00, 0x00,
    0x00, 0x00, 0x00, 0x00, 0x00, 0x40, 0x02, 0x80, 0x28, 0x00, 0x7C, 0x07, 0x40, 0x07, 0xD6, 0xE0,
    0x00, 0x2F, 0xF8, 0x00, 0x00, 0x00, 0x00, 0x00, 0x00, 0x00, 0x02, 0xFC, 0x00, 0x78, 0xBF, 0xC0,
    0x0F, 0x40, 0x3C, 0x00, 0xF0, 0x07, 0xC0, 0x1F, 0x00, 0xB8, 0x01, 0xE0, 0x0F, 0x00, 0x3D, 0x00,
    0xF0, 0x03, 0xC0, 0x1E, 0x00, 0xBC, 0x03, 0xD0, 0x1F, 0x80, 0x3D, 0x03, 0xB8, 0x53, 0xD0, 0xF7,
    0x9E, 0x3F, 0xFC, 0x7F, 0xD1, 0xFE, 0x03, 0xFC, 0x00, 0x00, 0x03, 0x80, 0x00, 0x00, 0xB0, 0x00,
    0x00, 0x0E, 0x00, 0x00, 0x03, 0xC0, 0x00, 0x00, 0x10, 0x00, 0x00, 0x55, 0x54, 0x00, 0x03, 0xFF,
    0xE0, 0x00, 0x01, 0xF8, 0x00, 0x00, 0x07, 0xC0, 0x00, 0x01, 0xBF, 0xA8, 0x00, 0x0F, 0xFF, 0xF0,
    0x00, 0x03, 0xD0, 0x00, 0x00, 0x0F, 0x40, 0x00, 0x00, 0x7F, 0xFF, 0x40, 0x02, 0xFA, 0xBF, 0x80,
    0x0F, 0x80, 0x2F, 0x40, 0x3D, 0x00, 0x3E, 0x00, 0xF0, 0x00, 0xB8, 0x07, 0xC0, 0x03, 0xE0, 0x2F,
    0x00, 0x0F, 0x40, 0xF8, 0x00, 0xF8, 0x1B, 0xFE, 0xBF, 0x81, 0xFF, 0xFF, 0xE0, 0x00, 0x00, 0x00,
    0x00, 0x00, 0x06, 0xB0, 0x00, 0x7F, 0xD0, 0x00, 0x0F, 0x00, 0x00, 0x7C, 0x00, 0x02, 0xD0, 0x00,
    0xFF, 0xF8, 0x06, 0xFE, 0x90, 0x01, 0xE0, 0x00, 0x0F, 0x00, 0x00, 0x3C, 0x00, 0x01, 0xFB, 0xFC,
    0x0B, 0xEA, 0xFC, 0x3D, 0x00, 0xF0, 0xF0, 0x03, 0xD3, 0xC0, 0x0F, 0x0F, 0x00, 0xB8, 0x2F, 0x5F,
    0xC0, 0x3F, 0xF8, 0x00, 0x00, 0x00, 0x00, 0x00, 0x05, 0xA9, 0x00, 0x01, 0xFF, 0xFF, 0xE0, 0x01,
    0x9F, 0x42, 0xF8, 0x00, 0x1F, 0x00, 0x7C, 0x00, 0x2F, 0x00, 0x3D, 0x00, 0x2E, 0x00, 0x3C, 0x00,
    0x3D, 0x10, 0x7C, 0x00, 0x3C, 0x38, 0xF8, 0x00, 0x7C, 0x2F, 0xF0, 0x00, 0xBD, 0xBF, 0x80, 0x00,
    0xFF, 0xFF, 0x00, 0x00, 0xF4, 0x03, 0x80, 0x00, 0xF0, 0x02, 0xC0, 0x01, 0xF0, 0x00, 0x00, 0x02,
    0xF0, 0x00, 0x00, 0x03, 0xE0, 0x00, 0x00, 0x1B, 0xF9, 0x00, 0x00, 0x7F, 0xFF, 0x00, 0x00, 0x00,
    0x00, 0x00, 0x00, 0x01, 0xBE, 0x07, 0xF0, 0x02, 0xFE, 0x2F, 0xFC, 0x00, 0x1E, 0x78, 0xBC, 0x00,
    0x2E, 0xD0, 0x3D, 0x00, 0x3F, 0x80, 0x3D, 0x00, 0x3F, 0x00, 0x3C, 0x00, 0x3D, 0x00, 0x7C, 0x00,
    0x7C, 0x00, 0xB8, 0x00, 0xB8, 0xB0, 0xF4, 0x00, 0xF4, 0x76, 0xE0, 0x00, 0xF4, 0x3F, 0xC0, 0x01,
    0xFF, 0xBF, 0x00, 0x02, 0xEF, 0xFF, 0x00, 0x02, 0xD0, 0x0B, 0x00, 0x03, 0xC0, 0x03, 0x40, 0x03,
    0xC0, 0x00, 0x00, 0x07, 0x80, 0x00, 0x00, 0x2F, 0xFD, 0x00, 0x00, 0x2A, 0xA9, 0x00, 0x00, 0x00,
    0x00, 0x00, 0x02, 0x00, 0x00, 0x00, 0x00, 0xD0, 0x00, 0x00, 0x00, 0xB4, 0x01, 0x55, 0x55, 0x7C,
    0x00, 0xFF, 0xFF, 0xFE, 0x00, 0x07, 0xEA, 0xAA, 0x40, 0x01, 0xF0, 0x00, 0x00, 0x00, 0xBC, 0x00,
    0x00, 0x00, 0x2E, 0x00, 0x00, 0x00, 0x0F, 0x40, 0x00, 0x00, 0x03, 0xD0, 0x00, 0x00, 0x01, 0xF0,
    0x00, 0x00, 0x00, 0xBC, 0x00, 0x00, 0x00, 0x3E, 0x00, 0x00, 0x00, 0x0F, 0x40, 0x00, 0x00, 0x03,
    0xC0, 0x00, 0x00, 0x01, 0xF0, 0x00, 0x00, 0x00, 0xBC, 0x00, 0x00, 0x00, 0x3E, 0x00, 0x00, 0x00,
    0x6F, 0xE4, 0x00, 0x00, 0x7F, 0xFF, 0x00, 0x00, 0x00, 0x00, 0x00, 0x00, 0x00, 0x00, 0x03, 0xC0,
    0x00, 0x00, 0xF0, 0x00, 0x00, 0x3C, 0x02, 0xBF, 0xFD, 0x01, 0xFF, 0xF8, 0x00, 0x03, 0xC0, 0x00,
    0x01, 0xE0, 0x00, 0x00, 0x78, 0x00, 0x00, 0x2D, 0x00, 0x00, 0x0F, 0x40, 0x00, 0x03, 0xC0, 0x00,
    0x00, 0xF0, 0x00, 0x00, 0x78, 0x00, 0x00, 0x2D, 0x00, 0x02, 0xEF, 0x00, 0x00, 0xBF, 0x00, 0x00,
    0x00, 0x00, 0x00, 0x00, 0x00, 0x55, 0x55, 0x55, 0x00, 0xFF, 0xFF, 0xFF, 0x00, 0x1F, 0xAA, 0xBE,
    0x00, 0x1F, 0x00, 0x2E, 0x00, 0x2F, 0x00, 0x2D, 0x00, 0x2E, 0x00, 0x2C, 0x00, 0x3D, 0x00, 0x00,
    0x00, 0x3D, 0x00, 0x00, 0x05, 0xBD, 0x54, 0x00, 0x1F, 0xFF, 0xFC, 0x00, 0x00, 0xF8, 0x00, 0x00,
    0x00, 0xF4, 0x00, 0x00, 0x00, 0xF0, 0x00, 0x00, 0x01, 0xF0, 0x00, 0x00, 0x02, 0xF0, 0x00, 0x00,
    0x03, 0xE0, 0x00, 0x00, 0x1B, 0xF9, 0x00, 0x00, 0x7F, 0xFE, 0x00, 0x00, 0x00, 0x00, 0x00, 0x06,
    0xFE, 0x00, 0xBF, 0xFE, 0x03, 0x80, 0x7C, 0x04, 0x01, 0xF0, 0x08, 0x0F, 0x40, 0x3E, 0xF4, 0x00,
    0x7F, 0x00, 0x0B, 0xEE, 0x00, 0xBC, 0x14, 0x03, 0xD0, 0x05, 0x0F, 0x40, 0x78, 0x3F, 0xEF, 0xC0,
    0x3F, 0xF4, 0x00, 0x00, 0x00, 0x00, 0x00, 0x55, 0x55, 0x54, 0x00, 0xFF, 0xFF, 0xFD, 0x00, 0x1F,
    0xAA, 0xBC, 0x00, 0x1F, 0x00, 0x3C, 0x00, 0x2F, 0x00, 0x38, 0x00, 0x2E, 0x00, 0x10, 0x00, 0x3D,
    0x00, 0x00, 0x00, 0x3D, 0x00, 0x00, 0x00, 0x7E, 0xFF, 0xD0, 0x00, 0xBF, 0xFF, 0xF4, 0x00, 0xF8,
    0x01, 0xFC, 0x00, 0xF4, 0x00, 0xBC, 0x00, 0xF0, 0x00, 0x7C, 0x01, 0xF0, 0x00, 0x7C, 0x02, 0xF0,
    0x00, 0x7C, 0x03, 0xE0, 0x00, 0xBC, 0x1B, 0xF8, 0x00, 0xB8, 0x7F, 0xFD, 0x00, 0xF4, 0x00, 0x00,
    0x02, 0xF0, 0x00, 0x00, 0x03, 0xD0, 0x00, 0x24, 0x1F, 0x80, 0x00, 0x3F, 0xFE, 0x00, 0x00, 0x2F,
    0xE0, 0x00, 0x00, 0x00, 0x00, 0x00, 0x3F, 0xFF, 0xF8, 0x3F, 0xFF, 0xF4, 0x07, 0xC0, 0xB0, 0x0B,
    0x80, 0x60, 0x0F, 0x40, 0x00, 0x0F, 0x00, 0x00, 0x0F, 0x6F, 0xE0, 0x1F, 0xFF, 0xF8, 0x2F, 0x40,
    0xFC, 0x3D, 0x00, 0x3D, 0x3C, 0x00, 0x3D, 0x3C, 0x00, 0x3D, 0x78, 0x00, 0x3C, 0x00, 0x00, 0x7C,
    0x00, 0x00, 0xB8, 0x00, 0x01, 0xF0, 0x0A, 0x07, 0xD0, 0x0F, 0xFF, 0x40, 0x07, 0xE4, 0x00, 0x00,
    0x28, 0x00, 0x15, 0x50, 0x01, 0xA0, 0x03, 0xFD, 0x03, 0xFF, 0xC0, 0x3F, 0xC0, 0x0B, 0xFC, 0x01,
    0xF4, 0x03, 0xFF, 0x00, 0x00, 0xB4, 0x03, 0xC0, 0x3E, 0x00, 0x00, 0x00, 0xF0, 0x1F, 0x02, 0xD0,
    0x00, 0x00, 0x02, 0xC0, 0xB8, 0x1E, 0x00, 0x00, 0x00, 0x03, 0x83, 0xD0, 0xF0, 0x00, 0x00, 0x00,
    0x0B, 0x0F, 0x0F, 0x00, 0x00, 0x00, 0x00, 0x3F, 0xBE, 0xF4, 0x00, 0x00, 0x00, 0x03, 0xFB, 0xFB,
    0xE0, 0x00, 0x00, 0x00, 0x2F, 0x0B, 0x87, 0xC0, 0x00, 0x00, 0x01, 0xF4, 0x3D, 0x0F, 0x80, 0x00,
    0x00, 0x1F, 0x80, 0xF0, 0x1F, 0x00, 0x00, 0x00, 0xFC, 0x07, 0xC0, 0x3E, 0x00, 0x00, 0x0F, 0xC0,
    0x2E, 0x00, 0xBC, 0x00, 0x00, 0xFD, 0x00, 0xB4, 0x00, 0xFC, 0x00, 0x1F, 0xD0, 0x0B, 0xF4, 0x02,
    0xFC, 0x01, 0xFD, 0x00, 0xFF, 0xF0, 0x02, 0xFD, 0x00, 0x00, 0x00, 0x00, 0x00, 0x01, 0xF4, 0x00,
    0x00, 0x00, 0x00, 0x00, 0x07, 0xC0, 0x00, 0x00, 0x00, 0x00, 0x00, 0x1E, 0x00, 0x00, 0x00, 0x00,
    0x00, 0x00, 0xB0, 0x00, 0x00, 0x00, 0x00, 0x00, 0x02, 0x80, 0x00, 0x00, 0x00, 0x00, 0x00, 0x00,
    0x00, 0x00, 0x00, 0x00, 0x00, 0x00, 0x00, 0x1F, 0xC0, 0x1C, 0x00, 0xBE, 0x07, 0xFF, 0x03, 0xC0,
    0x3F, 0xF0, 0xE0, 0xF0, 0x7C, 0x0F, 0x45, 0x08, 0x0B, 0x0F, 0x82, 0xC0, 0x00, 0x00, 0xB6, 0xF4,
    0xB8, 0x00, 0x00, 0x0B, 0xBB, 0x1F, 0x00, 0x00, 0x00, 0xBC, 0xF3, 0xE0, 0x00, 0x00, 0x0F, 0x4E,
    0xDE, 0x00, 0x00, 0x01, 0xE1, 0xF9, 0xE0, 0x00, 0x00, 0x38, 0x2F, 0x1E, 0x01, 0x84, 0x0F, 0x03,
    0xD0, 0xF0, 0x78, 0xFF, 0xC0, 0x3C, 0x0F, 0xFF, 0x4B, 0xF0, 0x07, 0x40, 0x7F, 0x70, 0x00, 0x00,
    0x00, 0x00, 0x07, 0x40, 0x00, 0x00, 0x00, 0x00, 0xB4, 0x00, 0x00, 0x00, 0x00, 0x0B, 0x40, 0x00,
    0x00, 0x00, 0x02, 0xE0, 0x00, 0x00, 0x00, 0x00, 0x24, 0x00, 0x00, 0x16, 0x90, 0x00, 0xBF, 0xFF,
    0x40, 0x3E, 0x57, 0xF0, 0x0F, 0x00, 0x3D, 0x07, 0x40, 0x0F, 0x40, 0x80, 0x03, 0xC0, 0x00, 0x01,
    0xF0, 0x00, 0x01, 0xF0, 0x00, 0x6B, 0xF4, 0x00, 0x2F, 0xFE, 0x00, 0x00, 0x0B, 0xD0, 0x00, 0x00,
    0xFC, 0x00, 0x00, 0x2F, 0x08, 0x00, 0x0F, 0x8B, 0x40, 0x07, 0xD3, 0xF0, 0x07, 0xF0, 0x7F, 0xEF,
    0xF0, 0x07, 0xFF, 0xD0, 0x00, 0x02, 0xC0, 0x00, 0x00, 0x70, 0x00, 0x00, 0x2C, 0x00, 0x03, 0xFE,
    0x00, 0x00, 0xFE, 0x00, 0x00, 0x00, 0x00, 0x00, 0x00, 0x00, 0x00, 0x02, 0xFE, 0x00, 0x7F, 0xBF,
    0x03, 0x80, 0x3D, 0x04, 0x00, 0xF0, 0x00, 0x07, 0x80, 0x05, 0xB8, 0x00, 0x3F, 0xE0, 0x00, 0x07,
    0xE0, 0x00, 0x0B, 0xC2, 0x00, 0x2F, 0x3C, 0x01, 0xF4, 0xFE, 0xAF, 0x80, 0xFF, 0xE4, 0x00, 0x0B,
    0x00, 0x00, 0x2C, 0x00, 0x14, 0xF0, 0x00, 0xBF, 0x40, 0x00, 0xA0, 0x00, 0x00, 0x00, 0x55, 0x50,
    0x01, 0xA0, 0x03, 0xFF, 0xD0, 0x2F, 0xD0, 0x01, 0xF8, 0x03, 0xFF, 0x00, 0x07, 0xC0, 0x2E, 0x00,
    0x00, 0x2F, 0x02, 0xE0, 0x00, 0x00, 0xB8, 0x1F, 0x00, 0x00, 0x03, 0xD0, 0xF0, 0x00, 0x00, 0x0F,
    0x4B, 0x00, 0x00, 0x00, 0x7E, 0xF8, 0x00, 0x00, 0x02, 0xFB, 0xF0, 0x00, 0x00, 0x0F, 0x83, 0xD0,
    0x00, 0x00, 0x3D, 0x0B, 0xC0, 0x00, 0x00, 0xF0, 0x1F, 0x00, 0x00, 0x07, 0xC0, 0x3F, 0x00, 0x00,
    0x2F, 0x00, 0x7D, 0x00, 0x00, 0xF8, 0x00, 0xFC, 0x00, 0x1B, 0xF9, 0x01, 0xFD, 0x01, 0xFF, 0xF8,
    0x02, 0xFD, 0x00, 0x00, 0x00, 0x01, 0xF4, 0x00, 0x00, 0x00, 0x07, 0xC0, 0x00, 0x00, 0x00, 0x1E,
    0x00, 0x00, 0x00, 0x00, 0xB0, 0x00, 0x00, 0x00, 0x02, 0xC0, 0x00, 0x00, 0x00, 0x00, 0x00, 0x00,
    0x00, 0x00, 0x1B, 0xE0, 0x0B, 0xCB, 0xFC, 0x0F, 0xF0, 0x1E, 0x0F, 0x58, 0x0B, 0x4F, 0x00, 0x03,
    0xCB, 0x00, 0x00, 0xF7, 0x40, 0x00, 0x3F, 0xD0, 0x00, 0x1F, 0xBC, 0x00, 0x0B, 0x8F, 0x00, 0x03,
    0xC2, 0xF0, 0x20, 0xF0, 0x3D, 0x2C, 0x7C, 0x0B, 0xFF, 0x2D, 0x00, 0xFE, 0xC0, 0x00, 0x00, 0xF0,
    0x00, 0x00, 0x3C, 0x00, 0x00, 0x0F, 0x00, 0x00, 0x1F, 0x40, 0x00, 0x06, 0x40, 0x00, 0x55, 0x50,
    0x00, 0x29, 0x00, 0xFF, 0xF4, 0x01, 0xFF, 0x00, 0x1F, 0x40, 0x07, 0xFE, 0x00, 0x1F, 0x00, 0x0F,
    0x00, 0x00, 0x2F, 0x00, 0x3C, 0x00, 0x00, 0x2E, 0x70, 0xB0, 0x00, 0x00, 0x3D, 0xB1, 0xD0, 0x00,
    0x00, 0x3C, 0xE3, 0x80, 0x00, 0x00, 0x7E, 0xFF, 0x00, 0x00, 0x00, 0xBE, 0xFF, 0x00, 0x00, 0x00,
    0xF9, 0xCB, 0x80, 0x00, 0x00, 0xF6, 0xC3, 0xC0, 0x00, 0x00, 0xF2, 0x83, 0xE0, 0x00, 0x01, 0xF0,
    0x01, 0xF0, 0x00, 0x02, 0xE0, 0x00, 0xFC, 0x00, 0x03, 0xD0, 0x00, 0x7D, 0x00, 0x1B, 0xF9, 0x00,
    0x3F, 0x40, 0x7F, 0xFE, 0x00, 0x0F, 0xC0, 0x00, 0x00, 0x00, 0x00, 0x00, 0x00, 0x00, 0x00, 0x06,
    0xF8, 0x00, 0x7E, 0xBF, 0xC0, 0x1F, 0xE0, 0x78, 0x03, 0xD5, 0x0B, 0x50, 0xF0, 0x00, 0xF7, 0x2C,
    0x00, 0x0F, 0x77, 0x00, 0x00, 0xFF, 0xF0, 0x00, 0x1E, 0xAB, 0x40, 0x02, 0xDD, 0x3C, 0x00, 0x3C,
    0x43, 0xD0, 0x03, 0xC0, 0x1F, 0x0D, 0x7C, 0x00, 0xFF, 0xCB, 0x40, 0x03, 0xF0, 0x00, 0x00, 0x00,
    0x00, 0x00, 0x55, 0x50, 0x01, 0xA0, 0x03, 0xFF, 0xD0, 0x2F, 0xD0, 0x01, 0xF8, 0x03, 0xFF, 0x00,
    0x07, 0xC0, 0x2E, 0x00, 0x02, 0xBF, 0x92, 0xE0, 0x00, 0x0F, 0xFF, 0x5F, 0x00, 0x00, 0x03, 0xD0,
    0xF0, 0x00, 0x00, 0x0F, 0x4B, 0x00, 0x00, 0x00, 0x7E, 0xF8, 0x00, 0x00, 0x02, 0xFB, 0xF0, 0x00,
    0x00, 0x0F, 0x83, 0xD0, 0x00, 0x00, 0x3D, 0x0B, 0xC0, 0x00, 0x00, 0xF0, 0x1F, 0x40, 0x00, 0x07,
    0xC0, 0x3F, 0x00, 0x00, 0x2F, 0x00, 0x7D, 0x00, 0x00, 0xF8, 0x00, 0xFC, 0x00, 0x1B, 0xF9, 0x01,
    0xFC, 0x01, 0xFF, 0xF8, 0x02, 0xFC, 0x00, 0x00, 0x00, 0x00, 0x00, 0x00, 0x06, 0xE0, 0x00, 0x0B,
    0xFC, 0x00, 0x00, 0x1E, 0x00, 0x00, 0x07, 0x80, 0x00, 0x02, 0xD0, 0x00, 0x0F, 0xFE, 0x0B, 0xC2,
    0xBE, 0x4B, 0xF0, 0x1E, 0x0F, 0x58, 0x0B, 0x4B, 0x00, 0x03, 0xCB, 0x00, 0x00, 0xF7, 0x40, 0x00,
    0x3F, 0xD0, 0x00, 0x1F, 0x7C, 0x00, 0x0B, 0x8F, 0x40, 0x03, 0xC1, 0xF0, 0x10, 0xF0, 0x3D, 0x38,
    0x7C, 0x07, 0xFC, 0x2D, 0x00, 0xBD, 0x00, 0x00, 0x00, 0x00, 0x15, 0x55, 0x50, 0x01, 0xA1, 0xFF,
    0xFF, 0xD0, 0x2F, 0xDB, 0xAA, 0xF8, 0x03, 0xFF, 0x3C, 0x07, 0xC0, 0x2E, 0x00, 0xF0, 0x2F, 0x02,
    0xE0, 0x02, 0x40, 0xB8, 0x1F, 0x00, 0x00, 0x03, 0xD0, 0xF0, 0x00, 0x00, 0x0F, 0x4B, 0x00, 0x00,
    0x00, 0x7E, 0xF8, 0x00, 0x00, 0x02, 0xFB, 0xF0, 0x00, 0x00, 0x0F, 0x83, 0xD0, 0x00, 0x00, 0x3D,
    0x0B, 0xC0, 0x00, 0x00, 0xF0, 0x1F, 0x40, 0x00, 0x07, 0xC0, 0x3F, 0x00, 0x00, 0x2F, 0x00, 0x7D,
    0x00, 0x00, 0xF8, 0x00, 0xFC, 0x00, 0x1B, 0xF9, 0x01, 0xFC, 0x01, 0xFF, 0xF8, 0x02, 0xFC, 0x00,
    0x00, 0x00, 0x00, 0x00, 0x00, 0x00, 0x00, 0x00, 0x00, 0x2F, 0xF8, 0x03, 0xE2, 0xFF, 0xE0, 0x7F,
    0xCE, 0x07, 0x47, 0xD5, 0x3C, 0x2C, 0x3C, 0x00, 0x50, 0xF3, 0xC0, 0x00, 0x03, 0xAC, 0x00, 0x00,
    0x1E, 0xF4, 0x00, 0x00, 0xBE, 0xE0, 0x00, 0x03, 0xD3, 0xC0, 0x00, 0x0F, 0x0B, 0x80, 0x00, 0x7C,
    0x0F, 0x4D, 0x02, 0xE0, 0x2F, 0xF0, 0x0F, 0x40, 0x3F, 0x00, 0x00, 0x00, 0x00, 0x00, 0x00, 0x55,
    0x54, 0x01, 0x55, 0x40, 0x0F, 0xFF, 0x40, 0x7F, 0xFD, 0x00, 0x1F, 0x80, 0x00, 0xBD, 0x00, 0x01,
    0xF0, 0x00, 0x0B, 0xC0, 0x00, 0x2F, 0x00, 0x00, 0xF8, 0x00, 0x02, 0xE0, 0x00, 0x0F, 0x40, 0x00,
    0x3D, 0x00, 0x00, 0xF0, 0x00, 0x03, 0xD0, 0x00, 0x1F, 0x00, 0x00, 0x7F, 0xFF, 0xFF, 0xF0, 0x00,
    0x0B, 0xFF, 0xFF, 0xFE, 0x00, 0x00, 0xF8, 0x00, 0x03, 0xD0, 0x00, 0x0F, 0x40, 0x00, 0x7C, 0x00,
    0x00, 0xF0, 0x00, 0x0B, 0xC0, 0x00, 0x1F, 0x00, 0x00, 0xB8, 0x00, 0x02, 0xF0, 0x00, 0x0F, 0x40,
    0x00, 0x3E, 0x00, 0x00, 0xF4, 0x00, 0x1B, 0xF8, 0x00, 0x7F, 0xE4, 0x07, 0xFF, 0xD0, 0x2F, 0xFF,
    0x80, 0x00, 0x00, 0x00, 0x00, 0xF4, 0x00, 0x00, 0x00, 0x00, 0x0F, 0x00, 0x00, 0x00, 0x00, 0x01,
    0xE0, 0x00, 0x00, 0x00, 0x00, 0x1D, 0x00, 0x00, 0x00, 0x00, 0x01, 0xC0, 0x00, 0x00, 0x00, 0x00,
    0x00, 0x00, 0x2F, 0xC0, 0x07, 0x4B, 0xFC, 0x00, 0xF4, 0x07, 0xC0, 0x0F, 0x00, 0xB8, 0x00, 0xF0,
    0x0F, 0x40, 0x1F, 0x00, 0xF5, 0x56, 0xE0, 0x0F, 0xFF, 0xFD, 0x01, 0xF5, 0x57, 0xC0, 0x2E, 0x00,
    0x7C, 0x03, 0xD0, 0x0B, 0x85, 0x3C, 0x00, 0xB5, 0xE7, 0xC0, 0x0F, 0xFC, 0xB8, 0x00, 0xBD, 0xC0,
    0x00, 0x00, 0x2C, 0x00, 0x00, 0x02, 0xD0, 0x00, 0x00, 0x3C, 0x00, 0x00, 0x0B, 0x80, 0x00, 0x00,
    0x90, 0x00, 0x55, 0x54, 0x01, 0x55, 0x55, 0x00, 0x3F, 0xFD, 0x01, 0xFF, 0xFF, 0xE0, 0x01, 0xF8,
    0x00, 0x0B, 0xEA, 0xF4, 0x00, 0x7C, 0x00, 0x02, 0xF0, 0x2D, 0x00, 0x2F, 0x00, 0x00, 0xF8, 0x0B,
    0x00, 0x0B, 0x80, 0x00, 0x3D, 0x02, 0x40, 0x03, 0xD0, 0x00, 0x0F, 0x00, 0x00, 0x00, 0xF4, 0x00,
    0x07, 0xC0, 0x00, 0x00, 0x7F, 0xFF, 0xFF, 0xF0, 0x00, 0x00, 0x2F, 0xFF, 0xFF, 0xF8, 0x00, 0x00,
    0x0F, 0x80, 0x00, 0x3D, 0x00, 0x00, 0x03, 0xD0, 0x00, 0x1F, 0x00, 0x00, 0x00, 0xF0, 0x00, 0x0B,
    0xC0, 0x00, 0x00, 0x7C, 0x00, 0x02, 0xE0, 0x00, 0x00, 0x2F, 0x00, 0x00, 0xF4, 0x00, 0x00, 0x0F,
    0x80, 0x00, 0x3D, 0x00, 0x00, 0x1B, 0xF8, 0x00, 0x7F, 0x90, 0x00, 0x1F, 0xFF, 0x40, 0xBF, 0xFC,
    0x00, 0x00, 0x2F, 0xC0, 0x07, 0xFE, 0x6F, 0xF0, 0x03, 0xFF, 0xF0, 0x7C, 0x00, 0xF0, 0x3C, 0x2E,
    0x00, 0x3C, 0x3D, 0x0F, 0x40, 0x1F, 0x09, 0x03, 0xD5, 0x5B, 0x80, 0x00, 0xFF, 0xFF, 0xD0, 0x00,
    0x7D, 0x55, 0xF0, 0x00, 0x2E, 0x00, 0x7C, 0x00, 0x0F, 0x40, 0x2E, 0x00, 0x03, 0xC0, 0x0B, 0x9D,
    0x01, 0xF0, 0x03, 0xFE, 0x00, 0xB8, 0x00, 0xBE, 0x00, 0x00, 0x00, 0x00, 0x00, 0x00, 0x00, 0x55,
    0x55, 0x55, 0x55, 0x00, 0x00, 0x0F, 0xFF, 0xFF, 0xFF, 0xF0, 0x00, 0x00, 0x1F, 0xAA, 0xAB, 0xF0,
    0x00, 0x00, 0x01, 0xF0, 0x00, 0x3D, 0x00, 0x00, 0x00, 0x2F, 0x00, 0x03, 0xC0, 0x00, 0x00, 0x02,
    0xE0, 0x00, 0x7C, 0x00, 0x00, 0x00, 0x3D, 0x00, 0x0B, 0xC0, 0x00, 0x00, 0x03, 0xC0, 0x00, 0xF8,
    0x00, 0x00, 0x00, 0x7C, 0x00, 0x0F, 0x5F, 0xFD, 0x00, 0x0B, 0xC0, 0x00, 0xFF, 0xFF, 0xF4, 0x00,
    0xF8, 0x00, 0x1F, 0x80, 0x1F, 0xC0, 0x0F, 0x40, 0x02, 0xE0, 0x00, 0xBC, 0x00, 0xF0, 0x00, 0x3E,
    0x00, 0x07, 0xD0, 0x1F, 0x00, 0x03, 0xD0, 0x00, 0x3D, 0x02, 0xF0, 0x00, 0x7C, 0x00, 0x07, 0xC0,
    0x3E, 0x00, 0x0B, 0xC0, 0x00, 0x7C, 0x1B, 0xF8, 0x02, 0xFE, 0x40, 0x0B, 0xC7, 0xFF, 0xC0, 0xFF,
    0xF8, 0x00, 0xF8, 0x00, 0x00, 0x00, 0x00, 0x00, 0x1F, 0x00, 0x00, 0x00, 0x00, 0x00, 0x03, 0xD0,
    0x00, 0x00, 0x00, 0x02, 0x81, 0xF8, 0x00, 0x00, 0x00, 0x00, 0x3F, 0xFE, 0x00, 0x00, 0x00, 0x00,
    0x02, 0xFE, 0x00, 0x00, 0x00, 0x00, 0x00, 0x00, 0x00, 0x00, 0x00, 0x00, 0x00, 0x00, 0x00, 0x6F,
    0x80, 0xBE, 0x00, 0x00, 0xBF, 0xC3, 0xFF, 0x00, 0x00, 0x07, 0x8F, 0x4F, 0x40, 0x00, 0x0B, 0xBC,
    0x0F, 0x00, 0x00, 0x0F, 0xF0, 0x1F, 0x00, 0x00, 0x0F, 0xD0, 0x2F, 0xBF, 0xD0, 0x0F, 0x80, 0x2F,
    0xFF, 0xF4, 0x1F, 0x00, 0x3E, 0x01, 0xFC, 0x2E, 0x00, 0x3C, 0x00, 0xBC, 0x3D, 0x00, 0x7C, 0x00,
    0x7C, 0x3C, 0x00, 0xB8, 0x00, 0x7C, 0x7C, 0x00, 0xF4, 0x00, 0x7C, 0xB8, 0x00, 0xF0, 0x00, 0x7C,
    0x00, 0x00, 0x00, 0x00, 0xB8, 0x00, 0x00, 0x00, 0x00, 0xF0, 0x00, 0x00, 0x00, 0x02, 0xE0, 0x00,
    0x00, 0x0D, 0x0B, 0xC0, 0x00, 0x00, 0x1F, 0xFE, 0x00, 0x00, 0x00, 0x0B, 0xE0, 0x00, 0x00, 0x01,
    0xA8, 0x00, 0x00, 0x00, 0xBF, 0xA0, 0x00, 0x00, 0x1F, 0xD0, 0x1B, 0xD0, 0x01, 0xF8, 0x02, 0xFB,
    0xE0, 0x0F, 0x80, 0x3E, 0x07, 0xD0, 0xBC, 0x01, 0xF0, 0x0F, 0x83, 0xD0, 0x0F, 0x40, 0x3E, 0x1F,
    0x00, 0x7C, 0x00, 0xF8, 0xFC, 0x02, 0xF0, 0x03, 0xE3, 0xE0, 0x0B, 0xC0, 0x0F, 0x4F, 0x80, 0x3E,
    0x00, 0xBC, 0x3E, 0x00, 0xBC, 0x03, 0xE0, 0xFC, 0x02, 0xF0, 0x1F, 0x02, 0xF0, 0x07, 0xC0, 0xF4,
    0x03, 0xE0, 0x0F, 0x8F, 0x80, 0x0B, 0xE0, 0x0F, 0xF8, 0x00, 0x0B, 0xFA, 0xBF, 0xD0, 0x60, 0x07,
    0xFF, 0xEB, 0xFF, 0x40, 0x00, 0x00, 0x00, 0x40, 0x00, 0x00, 0x00, 0x00, 0x00, 0x01, 0xFE, 0x00,
    0x00, 0x3E, 0x07, 0xF4, 0x03, 0xD0, 0xB9, 0xF4, 0x2E, 0x07, 0x81, 0xE0, 0xF0, 0x3D, 0x07, 0xCB,
    0x80, 0xF0, 0x1F, 0x3D, 0x07, 0xC0, 0xB8, 0xF4, 0x1F, 0x03, 0xC3, 0xD0, 0x7C, 0x1E, 0x0F, 0x80,
    0xF0, 0xF0, 0x1F, 0x02, 0xEF, 0x40, 0x3F, 0x97, 0xF4, 0x10, 0x2F, 0xFE, 0xFF, 0x80, 0x00, 0x00,
    0x00, 0x00, 0x00, 0x01, 0x69, 0x00, 0x00, 0x7F, 0xFF, 0xD0, 0x0F, 0xE5, 0xBF, 0x80, 0xFC, 0x00,
    0x2D, 0x0F, 0xC0, 0x00, 0xB0, 0x7C, 0x00, 0x02, 0x83, 0xE0, 0x00, 0x00, 0x1F, 0x00, 0x00, 0x00,
    0xBC, 0x00, 0x00, 0x03, 0xE0, 0x00, 0x00, 0x0F, 0x80, 0x00, 0x00, 0x3E, 0x00, 0x00, 0x00, 0xFC,
    0x00, 0x00, 0x02, 0xF0, 0x00, 0x00, 0x07, 0xE0, 0x00, 0x0C, 0x0F, 0xF4, 0x06, 0xF0, 0x0F, 0xFF,
    0xFF, 0x00, 0x0B, 0xFF, 0xD0, 0x00, 0x00, 0xF0, 0x00, 0x00, 0x03, 0xC0, 0x00, 0x00, 0x0E, 0x00,
    0x00, 0x1F, 0xF0, 0x00, 0x00, 0x7F, 0x40, 0x00, 0x00, 0x00, 0x00, 0x00, 0x00, 0x00, 0x00, 0x07,
    0xFC, 0x02, 0xFF, 0xD0, 0xB8, 0x18, 0x1E, 0x00, 0x03, 0xC0, 0x00, 0x7C, 0x00, 0x0B, 0x80, 0x00,
    0xF4, 0x00, 0x0F, 0x40, 0x00, 0xF8, 0x00, 0x4B, 0xC0, 0x78, 0x7F, 0xFF, 0x02, 0xFF, 0x40, 0x00,
    0xE0, 0x00, 0x0E, 0x00, 0x10, 0xE0, 0x03, 0xFC, 0x00, 0x1A, 0x00, 0x00, 0x15, 0x55, 0x55, 0x51,
    0xFF, 0xFF, 0xFF, 0xEB, 0xAA, 0xFE, 0xAF, 0x7C, 0x03, 0xD0, 0x2C, 0xF0, 0x1F, 0x00, 0xB2, 0x40,
    0xBC, 0x02, 0x40, 0x02, 0xE0, 0x00, 0x00, 0x0F, 0x40, 0x00, 0x00, 0x3C, 0x00, 0x00, 0x01, 0xF0,
    0x00, 0x00, 0x0B, 0xC0, 0x00, 0x00, 0x3E, 0x00, 0x00, 0x00, 0xF4, 0x00, 0x00, 0x03, 0xC0, 0x00,
    0x00, 0x1F, 0x00, 0x00, 0x00, 0xBC, 0x00, 0x00, 0x1B, 0xFE, 0x00, 0x01, 0xFF, 0xFD, 0x00, 0x00,
    0x01, 0xF0, 0x00, 0x00, 0x07, 0xC0, 0x00, 0x00, 0x2D, 0x00, 0x00, 0x00, 0xB0, 0x00, 0x00, 0x02,
    0x80, 0x00, 0x00, 0x00, 0x00, 0x00, 0x00, 0x00, 0x00, 0x00, 0x00, 0x1B, 0xE0, 0x2F, 0x40, 0xBE,
    0x0B, 0xFC, 0x3F, 0xF0, 0xFF, 0xC0, 0x1E, 0x3D, 0x7C, 0xF5, 0xF0, 0x0B, 0xBC, 0x1E, 0xF0, 0x3C,
    0x03, 0xFC, 0x0B, 0xF0, 0x1F, 0x00, 0xFD, 0x03, 0xF4, 0x0B, 0x80, 0x3E, 0x00, 0xFC, 0x03, 0xD0,
    0x1F, 0x00, 0x7D, 0x00, 0xF0, 0x0B, 0x80, 0x1F, 0x00, 0x78, 0x03, 0xD0, 0x0B, 0x40, 0x2D, 0x24,
    0xF0, 0x03, 0xC0, 0x0F, 0x5D, 0x7C, 0x00, 0xF0, 0x03, 0xFF, 0x2E, 0x00, 0x78, 0x00, 0xFE, 0xC0,
    0x00, 0x00, 0x00, 0x00, 0xF0, 0x00, 0x00, 0x00, 0x00, 0x3C, 0x00, 0x00, 0x00, 0x00, 0x0F, 0x00,
    0x00, 0x00, 0x00, 0x0F, 0x40, 0x00, 0x00, 0x00, 0x06, 0x40, 0x15, 0x54, 0x01, 0x55, 0x1F, 0xFF,
    0x42, 0xFF, 0xD1, 0xFD, 0x00, 0x1F, 0x80, 0x2F, 0x00, 0x0B, 0x80, 0x03, 0xD0, 0x07, 0xC0, 0x00,
    0xBC, 0x03, 0xC0, 0x00, 0x1F, 0x03, 0xD0, 0x00, 0x03, 0xE2, 0xE0, 0x00, 0x00, 0xBC, 0xF0, 0x00,
    0x00, 0x0F, 0xF0, 0x00, 0x00, 0x02, 0xF4, 0x00, 0x00, 0x00, 0xBC, 0x00, 0x00, 0x00, 0x3E, 0x00,
    0x00, 0x00, 0x0F, 0x40, 0x00, 0x00, 0x03, 0xC0, 0x00, 0x00, 0x01, 0xF0, 0x00, 0x00, 0x02, 0xFE,
    0x80, 0x00, 0x03, 0xFF, 0xF0, 0x00, 0x00, 0x00, 0x00, 0x00, 0x0B, 0xD0, 0x0F, 0xCB, 0xFC, 0x02,
    0xF0, 0x1F, 0x00, 0x7C, 0x03, 0xD0, 0x0F, 0x00, 0xB8, 0x07, 0x80, 0x2E, 0x03, 0xD0, 0x07, 0xC0,
    0xF0, 0x00, 0xF0, 0xF4, 0x00, 0x3C, 0x78, 0x00, 0x0F, 0x3C, 0x00, 0x03, 0xFC, 0x00, 0x00, 0xFC,
    0x00, 0x00, 0x3D, 0x00, 0x00, 0x0F, 0x00, 0x00, 0x07, 0xC0, 0x00, 0x01, 0xE0, 0x00, 0x00, 0xB4,
    0x00, 0x01, 0xFF, 0x80, 0x00, 0xAA, 0xA0, 0x00, 0x15, 0x54, 0x01, 0x55, 0x1F, 0xFF, 0x42, 0xFF,
    0xD1, 0xFD, 0x00, 0x1F, 0x80, 0x2F, 0x00, 0x0B, 0x80, 0x03, 0xD0, 0x07, 0xC0, 0x00, 0xBC, 0x03,
    0xC0, 0x00, 0x1F, 0x03, 0xD0, 0x00, 0x03, 0xE2, 0xE0, 0x00, 0x00, 0xBD, 0xF0, 0x00, 0x00, 0x0F,
    0xF0, 0x00, 0x00, 0x17, 0xF9, 0x40, 0x00, 0x2F, 0xFF, 0xF0, 0x00, 0x00, 0x3E, 0x00, 0x00, 0x00,
    0x0F, 0x40, 0x00, 0x00, 0x03, 0xC0, 0x00, 0x00, 0x01, 0xF0, 0x00, 0x00, 0x02, 0xFE, 0x80, 0x00,
    0x03, 0xFF, 0xF0, 0x00, 0x00, 0x00, 0x00, 0x00, 0x0B, 0xD0, 0x0F, 0xCB, 0xFC, 0x02, 0xF0, 0x1F,
    0x00, 0x7C, 0x03, 0xD0, 0x0F, 0x00, 0xB8, 0x07, 0x80, 0x2E, 0x03, 0xD0, 0x07, 0xC0, 0xF0, 0x00,
    0xF0, 0xF4, 0x00, 0x3C, 0x78, 0x00, 0x0F, 0x3C, 0x00, 0x03, 0xFC, 0x00, 0x00, 0xFD, 0x00, 0x07,
    0xFF, 0xF4, 0x00, 0x5F, 0x54, 0x00, 0x07, 0xC0, 0x00, 0x02, 0xE0, 0x00, 0x00, 0xB4, 0x00, 0x01,
    0xFF, 0x80, 0x00, 0xAA, 0xA0, 0x00, 0x00, 0x15, 0x54, 0x05, 0x54, 0x00, 0xFF, 0xF8, 0x2F, 0xFD,
    0x00, 0x2F, 0x80, 0x07, 0xE0, 0x00, 0x0F, 0xC0, 0x0F, 0x80, 0x00, 0x07, 0xD0, 0x2E, 0x00, 0x00,
    0x03, 0xE0, 0xB8, 0x00, 0x00, 0x00, 0xF1, 0xF0, 0x00, 0x00, 0x00, 0xBF, 0xC0, 0x00, 0x00, 0x00,
    0x3F, 0x00, 0x00, 0x00, 0x00, 0x7F, 0x00, 0x00, 0x00, 0x01, 0xFF, 0x40, 0x00, 0x00, 0x03, 0xCB,
    0xC0, 0x00, 0x00, 0x0F, 0x03, 0xD0, 0x00, 0x00, 0x3D, 0x02, 0xF0, 0x00, 0x00, 0xF4, 0x00, 0xF4,
    0x00, 0x02, 0xE0, 0x00, 0xBC, 0x00, 0x1F, 0xE4, 0x01, 0xFF, 0x90, 0xFF, 0xFC, 0x0B, 0xFF, 0xE0,
    0x00, 0x00, 0x00, 0x03, 0xD0, 0x00, 0x00, 0x00, 0x07, 0xC0, 0x00, 0x00, 0x00, 0x07, 0x80, 0x00,
    0x00, 0x00, 0x0B, 0x00, 0x00, 0x00, 0x00, 0x0B, 0x00, 0x00, 0x00, 0x00, 0x00, 0x00, 0x00, 0x00,
    0x00, 0x00, 0x01, 0xB8, 0x00, 0xFC, 0x0B, 0xFC, 0x03, 0xFC, 0x00, 0x3E, 0x0F, 0x44, 0x00, 0x1F,
    0x2D, 0x00, 0x00, 0x0F, 0xB8, 0x00, 0x00, 0x0B, 0xF0, 0x00, 0x00, 0x03, 0xD0, 0x00, 0x00, 0x0B,
    0xE0, 0x00, 0x00, 0x1E, 0xF0, 0x00, 0x00, 0x78, 0xF4, 0x30, 0x10, 0xF0, 0xBD, 0xF0, 0x3F, 0xC0,
    0x3F, 0xF0, 0x3F, 0x40, 0x2E, 0xB0, 0x00, 0x00, 0x00, 0xF0, 0x00, 0x00, 0x00, 0xF0, 0x00, 0x00,
    0x00, 0xF0, 0x00, 0x00, 0x07, 0xD0, 0x00, 0x00, 0x06, 0x00, 0x05, 0x55, 0x55, 0x01, 0x55, 0x07,
    0xFF, 0xFF, 0xD3, 0xFF, 0xD2, 0xE6, 0xF6, 0xF0, 0x1F, 0x40, 0xF0, 0xB8, 0x3C, 0x07, 0xC0, 0x38,
    0x3D, 0x0F, 0x02, 0xE0, 0x09, 0x0F, 0x03, 0x00, 0xB8, 0x00, 0x07, 0xC0, 0x00, 0x3D, 0x00, 0x01,
    0xF0, 0x00, 0x0F, 0x00, 0x00, 0xB8, 0x00, 0x07, 0xC0, 0x00, 0x3D, 0x00, 0x02, 0xE0, 0x00, 0x0F,
    0x00, 0x00, 0xF4, 0x00, 0x07, 0xC0, 0x00, 0x3D, 0x00, 0x02, 0xE0, 0x00, 0x0F, 0x00, 0x00, 0xB8,
    0x00, 0x07, 0xC0, 0x00, 0x3D, 0x00, 0x02, 0xE0, 0x00, 0x0F, 0x00, 0x00, 0xF4, 0x00, 0x1F, 0xFF,
    0xFF, 0xFF, 0x90, 0x3F, 0xFF, 0xFF, 0xFF, 0xFC, 0x00, 0x00, 0x00, 0x00, 0x3D, 0x00, 0x00, 0x00,
    0x00, 0x0F, 0x00, 0x00, 0x00, 0x00, 0x03, 0xC0, 0x00, 0x00, 0x00, 0x01, 0xD0, 0x00, 0x00, 0x00,
    0x00, 0x70, 0x00, 0x00, 0x00, 0x00, 0x00, 0x00, 0x00, 0x2A, 0xAA, 0x00, 0x07, 0xFF, 0xF0, 0x00,
    0x00, 0x00, 0x00, 0x00, 0x00, 0x00, 0x00, 0x00, 0x00, 0x02, 0xFC, 0x00, 0x78, 0xBF, 0xC0, 0x0F,
    0x40, 0x3C, 0x00, 0xF0, 0x07, 0xC0, 0x1F, 0x00, 0xB8, 0x01, 0xE0, 0x0F, 0x40, 0x3D, 0x00, 0xF0,
    0x03, 0xC0, 0x2E, 0x00, 0xBC, 0x03, 0xD0, 0x1F, 0x80, 0x3D, 0x03, 0xB8, 0x93, 0xD0, 0xF7, 0xAD,
    0x3F, 0xFC, 0x7F, 0xC1, 0xFE, 0x03, 0xAC, 0x00, 0x00, 0x03, 0xC0, 0x00, 0x00, 0x3C, 0x00, 0x00,
    0x03, 0xC0, 0x00, 0x00, 0xF4, 0x00, 0x00, 0x19, 0x00, 0x15, 0x54, 0x05, 0x55, 0x1F, 0xFF, 0x03,
    0xFF, 0xD0, 0xBD, 0x00, 0x2F, 0x40, 0x2F, 0x00, 0x0B, 0xC0, 0x0F, 0x80, 0x03, 0xE0, 0x03, 0xD0,
    0x00, 0xF4, 0x00, 0xF0, 0x00, 0x3C, 0x00, 0x3D, 0x00, 0x1F, 0x00, 0x0F, 0x80, 0x0B, 0xC0, 0x02,
    0xFF, 0xFF, 0xE0, 0x00, 0x2F, 0xFE, 0xF4, 0x00, 0x00, 0x00, 0x7C, 0x00, 0x00, 0x00, 0x2F, 0x00,
    0x00, 0x00, 0x0B, 0x80, 0x00, 0x00, 0x03, 0xD0, 0x00, 0x00, 0x00, 0xF4, 0x00, 0x00, 0x01, 0xFF,
    0x90, 0x00, 0x03, 0xFF, 0xF8, 0x00, 0x00, 0x00, 0x3D, 0x00, 0x00, 0x00, 0x0F, 0x00, 0x00, 0x00,
    0x07, 0x80, 0x00, 0x00, 0x01, 0xD0, 0x00, 0x00, 0x00, 0x70, 0x00, 0x00, 0x00, 0x00, 0x00, 0x6F,
    0x80, 0x0B, 0x0F, 0xF8, 0x01, 0xF0, 0x0B, 0x80, 0x2E, 0x00, 0xB4, 0x03, 0xD0, 0x0F, 0x00, 0x3C,
    0x00, 0xF0, 0x0F, 0xC0, 0x0F, 0xDB, 0xF8, 0x00, 0x7F, 0xEF, 0x40, 0x00, 0x00, 0xF0, 0x00, 0x00,
    0x0F, 0x08, 0x00, 0x01, 0xF3, 0xC0, 0x00, 0x2F, 0xF8, 0x00, 0x01, 0xF7, 0x40, 0x00, 0x00, 0x38,
    0x00, 0x00, 0x07, 0x80, 0x00, 0x00, 0x78, 0x00, 0x00, 0x1F, 0x00, 0x00, 0x02, 0x80, 0x15, 0x54,
    0x05, 0x55, 0x1F, 0xFF, 0x03, 0xFF, 0xD0, 0xBD, 0x00, 0x2F, 0x40, 0x2F, 0x00, 0x0B, 0xC0, 0x0F,
    0x80, 0x03, 0xE0, 0x03, 0xD0, 0x00, 0xF4, 0x00, 0xF0, 0x70, 0x3C, 0x00, 0x3D, 0x2C, 0x1F, 0x00,
    0x0F, 0x8E, 0x0B, 0xC0, 0x02, 0xFF, 0xFF, 0xE0, 0x00, 0x2F, 0xFE, 0xF4, 0x00, 0x00, 0xB0, 0x7C,
    0x00, 0x00, 0x2C, 0x2F, 0x00, 0x00, 0x0E, 0x0B, 0x80, 0x00, 0x00, 0x03, 0xD0, 0x00, 0x00, 0x00,
    0xF4, 0x00, 0x00, 0x01, 0xFE, 0x40, 0x00, 0x03, 0xFF, 0xF0, 0x00, 0x6F, 0x80, 0x0B, 0x3F, 0xE0,
    0x07, 0xC0, 0xB8, 0x02, 0xE0, 0x2D, 0x00, 0xF4, 0x0F, 0x04, 0x3C, 0x03, 0xCA, 0x3F, 0x00, 0xFF,
    0xFF, 0x80, 0x1F, 0xFB, 0xD0, 0x00, 0x70, 0xF0, 0x00, 0x1C, 0x3C, 0x10, 0x01, 0x1F, 0x3C, 0x00,
    0x0B, 0xFC, 0x00, 0x01, 0xFC, 0x00, 0x00, 0x00, 0x00, 0x00, 0x55, 0x54, 0x00, 0x00, 0xFF, 0xF8,
    0x00, 0x00, 0x1F, 0x80, 0x00, 0x00, 0x1F, 0x00, 0x00, 0x00, 0x2F, 0x00, 0x00, 0x00, 0x2E, 0x00,
    0x00, 0x00, 0x3D, 0x00, 0x00, 0x00, 0x3D, 0xBF, 0xD0, 0x00, 0x7F, 0xFF, 0xF8, 0x00, 0xBE, 0x00,
    0xFC, 0x00, 0xF8, 0x00, 0xBC, 0x00, 0xF4, 0x00, 0x7C, 0x00, 0xF0, 0x00, 0xB8, 0x01, 0xF0, 0x00,
    0xF8, 0x02, 0xF0, 0x00, 0xF4, 0x03, 0xE0, 0x00, 0xF0, 0x1B, 0xF8, 0x07, 0xF9, 0x7F, 0xFC, 0x1F,
    0xFE, 0x00, 0x10, 0x00, 0x00, 0x2F, 0xF0, 0x00, 0x00, 0x6B, 0xC0, 0x00, 0x00, 0x1F, 0x00, 0x00,
    0x00, 0xB8, 0x00, 0x00, 0x03, 0xC0, 0x00, 0x00, 0x0F, 0x00, 0x00, 0x00, 0x78, 0x1F, 0xD0, 0x02,
    0xD2, 0xFF, 0x80, 0x0F, 0x2E, 0x2F, 0x00, 0x3D, 0xD0, 0xB8, 0x01, 0xFD, 0x03, 0xD0, 0x0B, 0xF0,
    0x0F, 0x00, 0x2F, 0x00, 0x7C, 0x00, 0xF8, 0x02, 0xE0, 0x03, 0xC0, 0x0F, 0x40, 0x1F, 0x00, 0x3C,
    0x10, 0xB8, 0x00, 0xF3, 0xC3, 0xD0, 0x07, 0xFD, 0x0F, 0x00, 0x0F, 0xC0, 0x00, 0x00, 0x00, 0x00,
    0x00, 0x00, 0x01, 0xA4, 0x00, 0x00, 0x02, 0xFF, 0xF4, 0x00, 0x01, 0xFD, 0x5F, 0xD0, 0x80, 0x7D,
    0x00, 0x3E, 0x78, 0x0F, 0x40, 0x03, 0xFB, 0x42, 0xE0, 0x00, 0x2F, 0xF4, 0x3C, 0x00, 0x03, 0xEB,
    0xDB, 0xC0, 0x00, 0x3D, 0x2F, 0xFF, 0xFF, 0xFF, 0xC0, 0x2F, 0xEA, 0xAA, 0xA8, 0x01, 0xF0, 0x00,
    0x00, 0x00, 0x1F, 0x00, 0x00, 0x00, 0x01, 0xF0, 0x00, 0x00, 0x00, 0x1F, 0x40, 0x00, 0x00, 0x00,
    0xFC, 0x00, 0x07, 0x40, 0x0F, 0xE0, 0x07, 0xF0, 0x00, 0x3F, 0xFF, 0xF8, 0x00, 0x00, 0xBF, 0xF8,
    0x00, 0x00, 0x00, 0x00, 0x00, 0x00, 0x00, 0x00, 0x00, 0x00, 0x00, 0x07, 0xF8, 0x00, 0x03, 0xEB,
    0xD0, 0x00, 0xF0, 0x2E, 0x14, 0x3C, 0x03, 0xD3, 0x87, 0x80, 0xBC, 0x74, 0xF4, 0x2F, 0x07, 0xDF,
    0xBF, 0x80, 0x2F, 0xFF, 0x80, 0x00, 0x2F, 0x00, 0x00, 0x01, 0xF0, 0x00, 0x40, 0x0F, 0x40, 0xB8,
    0x00, 0xFF, 0xFF, 0x00, 0x03, 0xFF, 0x40, 0x00, 0x00, 0x00, 0x00, 0x00, 0x00, 0x01, 0xA4, 0x00,
    0x00, 0x02, 0xFF, 0xF4, 0x00, 0x01, 0xFD, 0x5F, 0xD0, 0x80, 0x7D, 0x00, 0x3E, 0x78, 0x0F, 0x40,
    0x03, 0xFB, 0x42, 0xF0, 0x00, 0x2F, 0xF4, 0x3D, 0x00, 0x03, 0xEB, 0xDB, 0xC0, 0x00, 0x3D, 0x2F,
    0xFF, 0xFF, 0xFF, 0xC0, 0x2F, 0xEA, 0xAA, 0xA8, 0x01, 0xF0, 0x00, 0x00, 0x00, 0x1F, 0x00, 0x00,
    0x00, 0x01, 0xF0, 0x00, 0x00, 0x00, 0x1F, 0x40, 0x00, 0x00, 0x00, 0xFC, 0x00, 0x07, 0x40, 0x0F,
    0xE0, 0x07, 0xF0, 0x00, 0x3F, 0xFF, 0xF8, 0x00, 0x00, 0xBF, 0xF8, 0x00, 0x00, 0x00, 0xF8, 0x00,
    0x00, 0x00, 0x0F, 0x40, 0x00, 0x00, 0x00, 0xF0, 0x00, 0x00, 0x00, 0x0E, 0x00, 0x00, 0x00, 0x00,
    0xD0, 0x00, 0x00, 0x00, 0x04, 0x00, 0x00, 0x00, 0x00, 0x00, 0x00, 0x00, 0x07, 0xF8, 0x00, 0x03,
    0xEB, 0xD0, 0x00, 0xF0, 0x2E, 0x14, 0x3C, 0x03, 0xD3, 0x87, 0x80, 0xBC, 0x74, 0xF4, 0x2F, 0x07,
    0xDF, 0xBF, 0x80, 0x2F, 0xFF, 0x80, 0x00, 0x2F, 0x00, 0x00, 0x01, 0xF0, 0x00, 0x40, 0x0F, 0x40,
    0xB8, 0x00, 0xBF, 0xFE, 0x00, 0x03, 0xFF, 0x40, 0x00, 0x03, 0xC0, 0x00, 0x00, 0x38, 0x00, 0x00,
    0x03, 0x40, 0x00, 0x00, 0x34, 0x00, 0x00, 0x03, 0x00, 0x00, 0x00, 0x55, 0x54, 0x03, 0xFF, 0xE0,
    0x01, 0xF8, 0x00, 0x07, 0xC0, 0x00, 0x2F, 0x00, 0x00, 0xB8, 0x00, 0x03, 0xD0, 0x00, 0x0F, 0x40,
    0x00, 0x7C, 0x00, 0x02, 0xF0, 0x00, 0x0F, 0x80, 0x00, 0x3D, 0x00, 0x00, 0xF0, 0x00, 0x07, 0xC0,
    0x00, 0x2F, 0x00, 0x00, 0xF8, 0x00, 0x1B, 0xF8, 0x01, 0xFF, 0xF4, 0x00, 0x00, 0x00, 0x00, 0x00,
    0x00, 0x00, 0x00, 0x00, 0x00, 0x00, 0x90, 0x0A, 0x00, 0x00, 0x00, 0x00, 0x0B, 0x40, 0x34, 0x00,
    0x00, 0x00, 0x00, 0x2F, 0x07, 0xC0, 0x00, 0x00, 0x00, 0x00, 0x3F, 0xF8, 0x00, 0x00, 0x00, 0x00,
    0x00, 0x15, 0x00, 0x00, 0x00, 0x00, 0x00, 0x00, 0x00, 0x00, 0x00, 0x00, 0x0A, 0x00, 0x05, 0x54,
    0x00, 0x68, 0x00, 0xFF, 0x40, 0xFF, 0xF0, 0x0F, 0xF0, 0x02, 0xFF, 0x00, 0x7D, 0x00, 0xFF, 0xC0,
    0x00, 0x2D, 0x00, 0xF0, 0x0F, 0x80, 0x00, 0x00, 0x3C, 0x07, 0xC0, 0xB4, 0x00, 0x00, 0x00, 0xB0,
    0x2E, 0x07, 0x80, 0x00, 0x00, 0x00, 0xE0, 0xF4, 0x3C, 0x00, 0x00, 0x00, 0x02, 0xC3, 0xC3, 0xC0,
    0x00, 0x00, 0x00, 0x0F, 0xEF, 0xBD, 0x00, 0x00, 0x00, 0x00, 0xFE, 0xFE, 0xF8, 0x00, 0x00, 0x00,
    0x0B, 0xC2, 0xE1, 0xF0, 0x00, 0x00, 0x00, 0x7D, 0x0F, 0x43, 0xE0, 0x00, 0x00, 0x07, 0xE0, 0x3C,
    0x07, 0xC0, 0x00, 0x00, 0x3F, 0x01, 0xF0, 0x0F, 0x80, 0x00, 0x03, 0xF0, 0x0B, 0x80, 0x2F, 0x00,
    0x00, 0x3F, 0x40, 0x2D, 0x00, 0x3F, 0x00, 0x07, 0xF4, 0x02, 0xFD, 0x00, 0xBE, 0x00, 0x7F, 0x40,
    0x3F, 0xFC, 0x00, 0xBE, 0x00, 0x00, 0x00, 0x00, 0x00, 0x00, 0x00, 0x00, 0x00, 0x00, 0x00, 0x00,
    0x40, 0x00, 0x00, 0x00, 0x90, 0x0C, 0x00, 0x00, 0x00, 0x3D, 0x02, 0xC0, 0x00, 0x00, 0x02, 0xF5,
    0xF4, 0x00, 0x00, 0x00, 0x0F, 0xFD, 0x00, 0x00, 0x00, 0x00, 0x00, 0x00, 0x00, 0x00, 0x00, 0x00,
    0x00, 0x00, 0x00, 0x1F, 0xC0, 0x1C, 0x00, 0xBE, 0x07, 0xFF, 0x03, 0xC0, 0x3F, 0xF0, 0xE0, 0xF0,
    0x7C, 0x0F, 0x45, 0x08, 0x0B, 0x0F, 0x82, 0xC0, 0x00, 0x00, 0xB6, 0xF4, 0xB8, 0x00, 0x00, 0x0B,
    0xBB, 0x1F, 0x00, 0x00, 0x00, 0xBC, 0xF3, 0xE0, 0x00, 0x00, 0x0F, 0x4E, 0xDE, 0x00, 0x00, 0x01,
    0xE1, 0xF9, 0xE0, 0x00, 0x00, 0x38, 0x2F, 0x1E, 0x00, 0x44, 0x0F, 0x03, 0xD0, 0xF0, 0x78, 0xFF,
    0xC0, 0x3C, 0x0F, 0xFF, 0x0B, 0xF0, 0x07, 0x40, 0x7F, 0x80, 0x00, 0x00, 0x00, 0x00, 0x00, 0x00,
    0x00, 0x55, 0x50, 0x01, 0xA0, 0x03, 0xFF, 0xD0, 0x2F, 0xD0, 0x01, 0xF8, 0x03, 0xFF, 0x00, 0x07,
    0xC0, 0x2E, 0x00, 0x00, 0x2F, 0x02, 0xF0, 0x00, 0x00, 0xB8, 0x1F, 0x00, 0x00, 0x03, 0xD0, 0xF0,
    0x00, 0x00, 0x0F, 0x4B, 0x40, 0x00, 0x00, 0x7F, 0xFF, 0x40, 0x00, 0x02, 0xFA, 0xFF, 0xC0, 0x00,
    0x0F, 0x80, 0x2F, 0x80, 0x00, 0x3D, 0x00, 0x3F, 0x00, 0x00, 0xF0, 0x00, 0x7D, 0x00, 0x07, 0xC0,
    0x00, 0xF4, 0x00, 0x2F, 0x00, 0x03, 0xD0, 0x00, 0xF8, 0x00, 0x0F, 0x40, 0x1B, 0xF9, 0x00, 0x7C,
    0x01, 0xFF, 0xF8, 0x02, 0xF0, 0x00, 0x00, 0x00, 0x0F, 0x40, 0x00, 0x00, 0x00, 0xBC, 0x00, 0x00,
    0x0C, 0x0B, 0xC0, 0x00, 0x00, 0xBF, 0xFC, 0x00, 0x00, 0x00, 0xFF, 0x40, 0x00, 0x00, 0x00, 0x00,
    0x00, 0x00, 0x00, 0x00, 0x00, 0x6F, 0x80, 0x2E, 0xBF, 0xC0, 0xFF, 0x07, 0x82, 0xD5, 0x0B, 0x47,
    0x40, 0x0F, 0x0F, 0x00, 0x0F, 0x1D, 0x00, 0x0F, 0xBF, 0x80, 0x1F, 0xEF, 0xF0, 0x2D, 0x00, 0xF8,
    0x3C, 0x00, 0xBC, 0x3C, 0x00, 0x7C, 0x7C, 0x00, 0x3C, 0xB4, 0x00, 0x7C, 0x00, 0x00, 0xB8, 0x00,
    0x00, 0xF4, 0x00, 0x01, 0xF0, 0x0D, 0x0B, 0xC0, 0x1F, 0xFF, 0x00, 0x0B, 0xE4, 0x00, 0x00, 0x00,
    0x55, 0x55, 0x55, 0x00, 0x02, 0xFF, 0xFF, 0xFE, 0x00, 0x00, 0x7E, 0x5B, 0xE0, 0x00, 0x00, 0x3C,
    0x07, 0xC0, 0x00, 0x00, 0x3C, 0x0B, 0xC0, 0x00, 0x00, 0x78, 0x0F, 0x80, 0x00, 0x00, 0xB0, 0x0F,
    0x40, 0x00, 0x00, 0xF0, 0x0F, 0x00, 0x00, 0x01, 0xE0, 0x1F, 0x00, 0x00, 0x02, 0xC0, 0x2F, 0x00,
    0x00, 0x03, 0xC0, 0x3E, 0x00, 0x00, 0x0B, 0x40, 0x3D, 0x00, 0x00, 0x0F, 0x00, 0x3C, 0x00, 0x00,
    0x2D, 0x00, 0x7C, 0x00, 0x00, 0x7C, 0x00, 0xBC, 0x00, 0x35, 0xF4, 0x00, 0xF8, 0x00, 0x3F, 0xE0,
    0x06, 0xFE, 0x00, 0x3F, 0x40, 0x1F, 0xFF, 0x40, 0x00, 0x00, 0x00, 0x2F, 0x00, 0x00, 0x00, 0x00,
    0x3D, 0x00, 0x00, 0x00, 0x00, 0xB8, 0x00, 0x00, 0x00, 0x01, 0xE0, 0x00, 0x00, 0x00, 0x03, 0x80,
    0x00, 0x00, 0x00, 0x00, 0x00, 0x00, 0x00, 0x00, 0x00, 0x00, 0x00, 0x00, 0x2F, 0xF4, 0x00, 0x00,
    0xFF, 0xF0, 0x00, 0x03, 0xC1, 0xF0, 0x00, 0x07, 0x42, 0xE0, 0x00, 0x0B, 0x03, 0xD0, 0x00, 0x0E,
    0x03, 0xC0, 0x00, 0x1D, 0x03, 0xC0, 0x00, 0x3C, 0x07, 0xC0, 0x00, 0x38, 0x0B, 0x80, 0x00, 0xB4,
    0x0F, 0x48, 0x25, 0xF0, 0x0F, 0x2D, 0x3F, 0xD0, 0x0F, 0xFC, 0x3F, 0x40, 0x0F, 0xBC, 0x00, 0x00,
    0x00, 0x74, 0x00, 0x00, 0x00, 0xF0, 0x00, 0x00, 0x01, 0xD0, 0x00, 0x00, 0x03, 0x80, 0x00, 0x00,
    0x01, 0x00, 0x00, 0x55, 0x54, 0x01, 0x55, 0x40, 0x0F, 0xFF, 0x40, 0x7F, 0xFD, 0x00, 0x1F, 0x80,
    0x00, 0xBD, 0x00, 0x01, 0xF0, 0x00, 0x0B, 0xC0, 0x00, 0x2F, 0x00, 0x00, 0xF8, 0x00, 0x02, 0xE0,
    0x00, 0x0F, 0x40, 0x00, 0x3D, 0x00, 0x00, 0xF0, 0x00, 0x03, 0xD0, 0x00, 0x1F, 0x00, 0x00, 0x7F,
    0xFF, 0xFF, 0xF0, 0x00, 0x0B, 0xFF, 0xFF, 0xFE, 0x00, 0x00, 0xF8, 0x00, 0x03, 0xD0, 0x00, 0x0F,
    0x40, 0x00, 0x7C, 0x00, 0x00, 0xF0, 0x00, 0x0B, 0xC0, 0x00, 0x1F, 0x00, 0x00, 0xB8, 0x00, 0x02,
    0xF0, 0x00, 0x0F, 0x80, 0x00, 0x3E, 0x00, 0x00, 0xF4, 0x00, 0x1B, 0xF8, 0x00, 0x1F, 0x00, 0x07,
    0xFF, 0xD0, 0x02, 0xF0, 0x00, 0x00, 0x00, 0x00, 0x3D, 0x00, 0x00, 0x00, 0x00, 0x07, 0xC0, 0x00,
    0x00, 0x00, 0xD0, 0xF4, 0x00, 0x00, 0x00, 0x2F, 0xFE, 0x00, 0x00, 0x00, 0x00, 0xFF, 0x40, 0x00,
    0x00, 0x00, 0x00, 0x00, 0x00, 0x00, 0x2F, 0xC0, 0x07, 0x6F, 0xF0, 0x03, 0xD0, 0x7C, 0x00, 0xF0,
    0x2E, 0x00, 0x3C, 0x0F, 0x40, 0x1F, 0x03, 0xD5, 0x5B, 0x80, 0xFF, 0xFF, 0xD0, 0x7D, 0x55, 0xF0,
    0x2E, 0x00, 0x3C, 0x0F, 0x40, 0x1E, 0x03, 0xC0, 0x0B, 0x41, 0xF0, 0x03, 0xC0, 0xB8, 0x00, 0xF0,
    0x00, 0x00, 0x78, 0x00, 0x00, 0x2D, 0x00, 0x00, 0x0F, 0x00, 0x03, 0xDF, 0x40, 0x00, 0xFF, 0xC0,
    0x00, 0x1F, 0x40, 0x00, 0x00, 0x55, 0x54, 0x01, 0x55, 0x40, 0x0F, 0xFF, 0x40, 0x7F, 0xFD, 0x00,
    0x1F, 0x80, 0x00, 0xBD, 0x00, 0x01, 0xF0, 0x00, 0x0B, 0xC0, 0x00, 0x2F, 0x00, 0x00, 0xF8, 0x00,
    0x02, 0xE0, 0x00, 0x0F, 0x40, 0x00, 0x3D, 0x00, 0x00, 0xF0, 0x00, 0x03, 0xD0, 0x00, 0x1F, 0x00,
    0x00, 0x7F, 0xFF, 0xFF, 0xF0, 0x00, 0x0B, 0xFF, 0xFF, 0xFE, 0x00, 0x00, 0xF8, 0x00, 0x03, 0xD0,
    0x00, 0x0F, 0x40, 0x00, 0x7C, 0x00, 0x00, 0xF0, 0x00, 0x0B, 0xC0, 0x00, 0x1F, 0x00, 0x00, 0xB8,
    0x00, 0x02, 0xF0, 0x00, 0x0F, 0x40, 0x00, 0x3E, 0x00, 0x00, 0xF4, 0x00, 0x1B, 0xF8, 0x00, 0x7F,
    0xE0, 0x07, 0xFF, 0xD0, 0x2F, 0xFF, 0x00, 0x00, 0x00, 0x00, 0x03, 0xE0, 0x00, 0x00, 0x00, 0x00,
    0x7C, 0x00, 0x00, 0x00, 0x00, 0x0F, 0x40, 0x00, 0x00, 0x00, 0x02, 0xD0, 0x00, 0x00, 0x00, 0x00,
    0x34, 0x00, 0x00, 0x00, 0x00, 0x00, 0x00, 0x00, 0x2F, 0xC0, 0x07, 0x4B, 0xFC, 0x00, 0xF4, 0x07,
    0xC0, 0x0F, 0x00, 0xB8, 0x00, 0xF0, 0x0F, 0x40, 0x1F, 0x00, 0xF5, 0x56, 0xE0, 0x0F, 0xFF, 0xFD,
    0x01, 0xF5, 0x57, 0xC0, 0x2E, 0x00, 0x7C, 0x03, 0xD0, 0x0B, 0x89, 0x3C, 0x00, 0xB9, 0xE7, 0xC0,
    0x0B, 0xFD, 0xB8, 0x00, 0x7F, 0xC0, 0x00, 0x00, 0x38, 0x00, 0x00, 0x0B, 0x00, 0x00, 0x00, 0xE0,
    0x00, 0x00, 0x2C, 0x00, 0x00, 0x01, 0x00, 0x15, 0x54, 0x05, 0x55, 0x1F, 0xFF, 0x03, 0xFF, 0xD0,
    0xBD, 0x00, 0x2F, 0x40, 0x2F, 0x00, 0x0B, 0xC0, 0x0F, 0x80, 0x03, 0xE0, 0x03, 0xD0, 0x00, 0xF4,
    0x00, 0xF0, 0x00, 0x3C, 0x00, 0x3D, 0x00, 0x1F, 0x00, 0x0F, 0x80, 0x0B, 0xC0, 0x02, 0xFF, 0xFF,
    0xE0, 0x00, 0x2F, 0xFE, 0xF4, 0x00, 0x00, 0x00, 0x7C, 0x00, 0x00, 0x00, 0x2F, 0x00, 0x00, 0x00,
    0x0B, 0x80, 0x00, 0x00, 0x03, 0xD0, 0x00, 0x00, 0x00, 0xF4, 0x00, 0x00, 0x01, 0xFE, 0x40, 0x00,
    0x07, 0xFF, 0xF0, 0x00, 0x01, 0xF0, 0x00, 0x00, 0x00, 0x78, 0x00, 0x00, 0x00, 0x2D, 0x00, 0x00,
    0x00, 0x0B, 0x00, 0x00, 0x00, 0x01, 0x80, 0x00, 0x00, 0x00, 0x00, 0x00, 0x00, 0x6F, 0x80, 0x0B,
    0x3F, 0xE0, 0x07, 0xC0, 0xB8, 0x02, 0xE0, 0x2D, 0x00, 0xF4, 0x0F, 0x00, 0x3C, 0x03, 0xC0, 0x3F,
    0x00, 0xFD, 0xBF, 0x80, 0x1F, 0xFB, 0xD0, 0x00, 0x00, 0xF0, 0x00, 0x00, 0x3C, 0x00, 0x00, 0x1F,
    0x00, 0x00, 0x0B, 0x80, 0x00, 0x2F, 0xE0, 0x00, 0x0F, 0x40, 0x00, 0x07, 0x80, 0x00, 0x01, 0xD0,
    0x00, 0x00, 0x70, 0x00, 0x00, 0x14, 0x00, 0x00, 0x00, 0x05, 0x54, 0x00, 0x01, 0x55, 0x00, 0x07,
    0xFF, 0x00, 0x01, 0xFF, 0xC0, 0x00, 0x2F, 0xD0, 0x00, 0xFF, 0x40, 0x00, 0x0F, 0xF4, 0x00, 0xBF,
    0xC0, 0x00, 0x03, 0xEE, 0x00, 0x3D, 0xF0, 0x00, 0x01, 0xEB, 0x80, 0x2D, 0xBC, 0x00, 0x00, 0xB5,
    0xF0, 0x0F, 0x2E, 0x00, 0x00, 0x3C, 0x7C, 0x0B, 0x0B, 0x80, 0x00, 0x1E, 0x0F, 0x03, 0x82, 0xE0,
    0x00, 0x0B, 0x43, 0xD3, 0xC0, 0xF4, 0x00, 0x03, 0xC0, 0xF9, 0xE0, 0x3D, 0x00, 0x00, 0xF0, 0x2E,
    0xF0, 0x0F, 0x40, 0x00, 0xB8, 0x07, 0xF4, 0x03, 0xD0, 0x00, 0x3D, 0x00, 0xFC, 0x00, 0xF0, 0x00,
    0x0F, 0x00, 0x3D, 0x00, 0x3C, 0x00, 0x07, 0x80, 0x0A, 0x00, 0x1F, 0x00, 0x07, 0xF4, 0x00, 0x00,
    0x1F, 0xE8, 0x0F, 0xFF, 0x00, 0x00, 0x2F, 0xFF, 0x00, 0x00, 0x00, 0x00, 0x00, 0x0F, 0x80, 0x00,
    0x00, 0x00, 0x00, 0x07, 0xC0, 0x00, 0x00, 0x00, 0x00, 0x03, 0xD0, 0x00, 0x00, 0x00, 0x00, 0x02,
    0xD0, 0x00, 0x00, 0x00, 0x00, 0x00, 0xD0, 0x00, 0x00, 0x00, 0x00, 0x00, 0x00, 0x00, 0x00, 0x00,
    0x00, 0x00, 0x00, 0x06, 0xF8, 0x00, 0x1F, 0x80, 0x3F, 0xF4, 0x01, 0xFD, 0x00, 0x0F, 0xF0, 0x0F,
    0xF0, 0x00, 0x37, 0xC0, 0x77, 0x80, 0x00, 0xDB, 0x43, 0x9D, 0x00, 0x07, 0x1D, 0x2C, 0xB4, 0x00,
    0x2C, 0x78, 0xD3, 0xC0, 0x00, 0xE0, 0xEB, 0x0F, 0x00, 0x03, 0x43, 0xF4, 0x3C, 0x00, 0x1C, 0x0F,
    0xC1, 0xE1, 0x94, 0xE0, 0x3D, 0x07, 0x8F, 0xFF, 0x40, 0xF0, 0x1F, 0xFA, 0xF4, 0x02, 0x00, 0x3F,
    0xD0, 0x00, 0x00, 0x00, 0x0F, 0x00, 0x00, 0x00, 0x00, 0x74, 0x00, 0x00, 0x00, 0x03, 0xC0, 0x00,
    0x00, 0x00, 0x1C, 0x00, 0x00, 0x00, 0x00, 0x40, 0x00, 0x00, 0x00, 0x00, 0x03, 0xFF, 0xE0, 0x06,
    0xF9, 0x00, 0x03, 0xC0, 0x00, 0x1F, 0x00, 0x00, 0xB8, 0x00, 0x03, 0xD0, 0x00, 0x0F, 0x40, 0x00,
    0x3C, 0x00, 0x01, 0xF0, 0x00, 0x0B, 0x80, 0x00, 0x3E, 0x00, 0x00, 0xF4, 0x00, 0x03, 0xC0, 0x00,
    0x1F, 0x00, 0x00, 0xB8, 0x00, 0x03, 0xE0, 0x00, 0x0F, 0x40, 0x01, 0xBE, 0x40, 0x2F, 0xFF, 0x00,
    0x00, 0x00, 0x00, 0x00, 0x00, 0x00, 0x00, 0x20, 0x02, 0x40, 0x00, 0x03, 0xD0, 0x1D, 0x00, 0x00,
    0x0F, 0x81, 0xE0, 0x00, 0x00, 0x1F, 0xFE, 0x00, 0x00, 0x00, 0x05, 0x40, 0x00, 0x00, 0x00, 0x00,
    0x00, 0x00, 0x00, 0x00, 0x18, 0x00, 0x00, 0x00, 0x02, 0xF0, 0x00, 0x00, 0x00, 0x0F, 0xD0, 0x00,
    0x00, 0x00, 0xFF, 0x80, 0x00, 0x00, 0x07, 0x6E, 0x00, 0x00, 0x00, 0x3C, 0x7C, 0x00, 0x00, 0x01,
    0xD0, 0xF0, 0x00, 0x00, 0x0F, 0x03, 0xD0, 0x00, 0x00, 0xB4, 0x0F, 0x40, 0x00, 0x03, 0xC0, 0x2E,
    0x00, 0x00, 0x3E, 0x55, 0xBC, 0x00, 0x01, 0xFF, 0xFF, 0xF0, 0x00, 0x0F, 0x55, 0x5B, 0xD0, 0x00,
    0xB8, 0x00, 0x0F, 0x40, 0x03, 0xC0, 0x00, 0x3E, 0x00, 0x2E, 0x00, 0x00, 0xFC, 0x02, 0xF9, 0x00,
    0x07, 0xF9, 0x3F, 0xFC, 0x00, 0xFF, 0xFC, 0x00, 0x00, 0x00, 0x00, 0x09, 0x00, 0x90, 0x0B, 0x80,
    0x70, 0x02, 0xF5, 0xB8, 0x00, 0x2F, 0xF4, 0x00, 0x00, 0x00, 0x00, 0x00, 0x00, 0x00, 0x01, 0xBE,
    0x1D, 0x02, 0xFF, 0xFF, 0x01, 0xF4, 0x2F, 0x80, 0xF0, 0x03, 0xD0, 0xF8, 0x00, 0xF0, 0x3C, 0x00,
    0x7C, 0x1E, 0x00, 0x2E, 0x0B, 0x40, 0x1F, 0x43, 0xD0, 0x0F, 0xC0, 0xF4, 0x0B, 0xF0, 0x7F, 0x0B,
    0x3C, 0xFB, 0xFF, 0x4F, 0xF0, 0xFF, 0x03, 0xF0, 0x00, 0x00, 0x00, 0x00, 0x00, 0x00, 0x0A, 0x02,
    0xC0, 0x00, 0x00, 0xFC, 0x2F, 0x40, 0x00, 0x03, 0xE0, 0xFC, 0x00, 0x00, 0x00, 0x00, 0x00, 0x00,
    0x00, 0x00, 0x00, 0x00, 0x00, 0x00, 0x01, 0x80, 0x00, 0x00, 0x00, 0x2F, 0x00, 0x00, 0x00, 0x00,
    0xFD, 0x00, 0x00, 0x00, 0x0F, 0xF8, 0x00, 0x00, 0x00, 0x76, 0xE0, 0x00, 0x00, 0x03, 0xC7, 0xC0,
    0x00, 0x00, 0x1D, 0x0F, 0x00, 0x00, 0x00, 0xF0, 0x3D, 0x00, 0x00, 0x0B, 0x40, 0xF4, 0x00, 0x00,
    0x3C, 0x02, 0xE0, 0x00, 0x03, 0xE5, 0x5B, 0xC0, 0x00, 0x1F, 0xFF, 0xFF, 0x00, 0x00, 0xF5, 0x55,
    0xBD, 0x00, 0x0B, 0x80, 0x00, 0xF4, 0x00, 0x3C, 0x00, 0x03, 0xE0, 0x02, 0xE0, 0x00, 0x0F, 0xC0,
    0x2F, 0x90, 0x00, 0x7F, 0x93, 0xFF, 0xC0, 0x0F, 0xFF, 0xC0, 0x00, 0x14, 0x05, 0x00, 0x2F, 0x4B,
    0xD0, 0x0B, 0xC2, 0xF0, 0x00, 0x40, 0x10, 0x00, 0x00, 0x00, 0x00, 0x00, 0x00, 0x00, 0x06, 0xF8,
    0x74, 0x0B, 0xFF, 0xFC, 0x07, 0xD0, 0xBE, 0x03, 0xC0, 0x0F, 0x43, 0xE0, 0x03, 0xC0, 0xF0, 0x01,
    0xF0, 0x78, 0x00, 0xB8, 0x2D, 0x00, 0x7D, 0x0F, 0x40, 0x3F, 0x03, 0xD0, 0x2F, 0xC1, 0xFC, 0x2C,
    0xF3, 0xEF, 0xFD, 0x3F, 0xC3, 0xFC, 0x0F, 0xC0, 0x00, 0x00, 0x00, 0x00, 0x00, 0x00, 0x55, 0x55,
    0x55, 0x00, 0x00, 0x00, 0xBF, 0xFF, 0xFF, 0xC0, 0x00, 0x00, 0x03, 0xFE, 0xAA, 0xF0, 0x00, 0x00,
    0x03, 0xFE, 0x00, 0x38, 0x00, 0x00, 0x02, 0xDF, 0x40, 0x0D, 0x00, 0x00, 0x01, 0xE3, 0xC0, 0x00,
    0x00, 0x00, 0x00, 0xF1, 0xF0, 0x00, 0x00, 0x00, 0x00, 0xF0, 0xBC, 0x00, 0x00, 0x00, 0x00, 0xB4,
    0x3F, 0xAB, 0xC0, 0x00, 0x00, 0x78, 0x0F, 0xFF, 0xE0, 0x00, 0x00, 0x3D, 0x57, 0xC0, 0x00, 0x00,
    0x00, 0x3F, 0xFF, 0xF0, 0x00, 0x00, 0x00, 0x3D, 0x55, 0xF8, 0x00, 0x00, 0x00, 0x2E, 0x00, 0x3E,
    0x00, 0x0C, 0x00, 0x1E, 0x00, 0x0F, 0x40, 0x0F, 0x00, 0x0F, 0x00, 0x07, 0xC0, 0x07, 0x80, 0x1F,
    0xE0, 0x07, 0xFF, 0xFF, 0xD0, 0x2F, 0xFC, 0x0F, 0xFF, 0xFF, 0xF0, 0x00, 0x00, 0x00, 0x00, 0x00,
    0x00, 0x02, 0xFD, 0x0B, 0xF8, 0x01, 0xFF, 0xFF, 0xEB, 0xD0, 0x7D, 0x02, 0xF0, 0x2E, 0x0F, 0x40,
    0x3C, 0x03, 0xD2, 0xE0, 0x07, 0x80, 0xBC, 0x3C, 0x00, 0xF4, 0x3F, 0x07, 0x80, 0x1F, 0x7F, 0x80,
    0xB4, 0x03, 0xFF, 0x40, 0x0F, 0x40, 0xBF, 0x00, 0x00, 0xF4, 0x0F, 0xF0, 0x00, 0x4F, 0x83, 0xCF,
    0x40, 0xB8, 0xBF, 0xF0, 0xFF, 0xFE, 0x03, 0xF8, 0x03, 0xFF, 0x40, 0x00, 0x00, 0x00, 0x00, 0x00,
    0x00, 0x00, 0x00, 0x00, 0x00, 0x00, 0x14, 0x01, 0x80, 0x00, 0x1E, 0x00, 0xE0, 0x00, 0x07, 0xC1,
    0xF0, 0x00, 0x00, 0xFF, 0xF0, 0x00, 0x00, 0x05, 0x40, 0x00, 0x00, 0x00, 0x00, 0x00, 0x01, 0x55,
    0x55, 0x54, 0x00, 0xFF, 0xFF, 0xFF, 0x00, 0x07, 0xEA, 0xAB, 0xC0, 0x01, 0xF0, 0x00, 0xE0, 0x00,
    0xBC, 0x00, 0x30, 0x00, 0x2E, 0x00, 0x00, 0x00, 0x0F, 0x40, 0x00, 0x00, 0x03, 0xC0, 0x00, 0x00,
    0x01, 0xFA, 0xAA, 0x00, 0x00, 0xBF, 0xFF, 0x80, 0x00, 0x3E, 0x00, 0x00, 0x00, 0x0F, 0x40, 0x00,
    0x00, 0x03, 0xC0, 0x00, 0x00, 0x01, 0xF0, 0x00, 0x70, 0x00, 0xBC, 0x00, 0x3C, 0x00, 0x3E, 0x00,
    0x1E, 0x00, 0x6F, 0xFF, 0xFF, 0x40, 0x7F, 0xFF, 0xFF, 0xC0, 0x00, 0x00, 0x00, 0x00, 0x00, 0x90,
    0x09, 0x02, 0xE0, 0x1C, 0x02, 0xF5, 0xB8, 0x00, 0xBF, 0xD0, 0x00, 0x00, 0x00, 0x00, 0x00, 0x00,
    0x00, 0x6F, 0xC0, 0x02, 0xEB, 0xF0, 0x0B, 0x41, 0xF0, 0x1E, 0x01, 0xF0, 0x3C, 0x03, 0xD0, 0x78,
    0x2F, 0x40, 0xBA, 0xFC, 0x00, 0xFF, 0x90, 0x00, 0xF4, 0x00, 0x00, 0xF4, 0x00, 0x40, 0xFC, 0x07,
    0xC0, 0x7F, 0xFF, 0x40, 0x2F, 0xF8, 0x00, 0x00, 0x00, 0x00, 0x00, 0x06, 0xA4, 0x00, 0x02, 0xFF,
    0xFD, 0x00, 0x3F, 0x56, 0xFC, 0x02, 0xD0, 0x00, 0xFC, 0x01, 0x00, 0x01, 0xF4, 0x00, 0x00, 0x03,
    0xE0, 0x00, 0x00, 0x0F, 0x80, 0x00, 0x00, 0x3E, 0x00, 0x00, 0x00, 0xF8, 0x3F, 0xFF, 0xFF, 0xE3,
    0xFF, 0xFF, 0xFF, 0x0F, 0x00, 0x00, 0xBC, 0x7C, 0x00, 0x03, 0xD2, 0xF0, 0x00, 0x2F, 0x0B, 0xC0,
    0x01, 0xF4, 0x1F, 0x00, 0x2F, 0x40, 0x3F, 0xAB, 0xF4, 0x00, 0x2F, 0xFD, 0x00, 0x00, 0x00, 0x00,
    0x00, 0x00, 0x00, 0x00, 0x00, 0x01, 0xFF, 0x40, 0x3F, 0xFF, 0x02, 0xD0, 0x3E, 0x04, 0x00, 0x7C,
    0x00, 0x01, 0xF0, 0x00, 0xBF, 0xC0, 0x2F, 0xAF, 0x0B, 0xD0, 0xB8, 0xBC, 0x03, 0xC3, 0xC0, 0x2E,
    0x0F, 0x02, 0xF0, 0x3E, 0x7F, 0x00, 0x7F, 0xE0, 0x00, 0x00, 0x00, 0x00, 0x00, 0x0B, 0x02, 0xC0,
    0x00, 0xBD, 0x2F, 0x40, 0x03, 0xF0, 0xBC, 0x00, 0x00, 0x00, 0x00, 0x00, 0x00, 0x00, 0x00, 0x00,
    0x1A, 0x90, 0x00, 0x0B, 0xFF, 0xF4, 0x00, 0xFD, 0x5B, 0xF0, 0x0B, 0x40, 0x03, 0xF0, 0x04, 0x00,
    0x07, 0xD0, 0x00, 0x00, 0x0F, 0x80, 0x00, 0x00, 0x3E, 0x00, 0x00, 0x00, 0xF8, 0x00, 0x00, 0x03,
    0xE0, 0xFF, 0xFF, 0xFF, 0x8F, 0xFF, 0xFF, 0xFC, 0x3C, 0x00, 0x02, 0xF1, 0xF0, 0x00, 0x0F, 0x4B,
    0xC0, 0x00, 0xBC, 0x2F, 0x00, 0x07, 0xD0, 0x7C, 0x00, 0xBD, 0x00, 0xFE, 0xAF, 0xD0, 0x00, 0xBF,
    0xF4, 0x00, 0x00, 0x00, 0x00, 0x00, 0x00, 0x60, 0x18, 0x01, 0xF4, 0x7D, 0x02, 0xF0, 0xBC, 0x00,
    0x40, 0x10, 0x00, 0x00, 0x00, 0x00, 0x00, 0x00, 0x00, 0x7F, 0xD0, 0x03, 0xFF, 0xF0, 0x0B, 0x40,
    0xF8, 0x04, 0x00, 0x7C, 0x00, 0x00, 0x7C, 0x00, 0x0B, 0xFC, 0x00, 0xBE, 0xBC, 0x0B, 0xD0, 0xB8,
    0x2F, 0x00, 0xF0, 0x3C, 0x02, 0xE0, 0x3C, 0x0B, 0xC0, 0x3E, 0x7F, 0x00, 0x1F, 0xF8, 0x00, 0x00,
    0x00, 0x00, 0x00, 0x00, 0x00, 0x2C, 0x0B, 0x00, 0x00, 0x00, 0x00, 0x03, 0xF4, 0xBD, 0x00, 0x00,
    0x00, 0x00, 0x0F, 0xC2, 0xF0, 0x00, 0x00, 0x00, 0x00, 0x00, 0x00, 0x00, 0x00, 0x00, 0x00, 0x00,
    0x00, 0x00, 0x00, 0x00, 0x00, 0xA0, 0x00, 0x55, 0x40, 0x06, 0x80, 0x0F, 0xF4, 0x0F, 0xFF, 0x00,
    0xFF, 0x00, 0x2F, 0xF0, 0x07, 0xD0, 0x0F, 0xFC, 0x00, 0x02, 0xD0, 0x0F, 0x00, 0xF8, 0x00, 0x00,
    0x03, 0xC0, 0x7C, 0x0B, 0x40, 0x00, 0x00, 0x0B, 0x02, 0xE0, 0x78, 0x00, 0x00, 0x00, 0x0E, 0x0F,
    0x43, 0xC0, 0x00, 0x00, 0x00, 0x2C, 0x3C, 0x3C, 0x00, 0x00, 0x00, 0x00, 0xFE, 0xFB, 0xD0, 0x00,
    0x00, 0x00, 0x0F, 0xEF, 0xEF, 0x80, 0x00, 0x00, 0x00, 0xBC, 0x2E, 0x1F, 0x00, 0x00, 0x00, 0x07,
    0xD0, 0xF4, 0x3E, 0x00, 0x00, 0x00, 0x7E, 0x03, 0xC0, 0x7C, 0x00, 0x00, 0x03, 0xF0, 0x1F, 0x00,
    0xF8, 0x00, 0x00, 0x3F, 0x00, 0xB8, 0x02, 0xF0, 0x00, 0x03, 0xF4, 0x02, 0xD0, 0x03, 0xF0, 0x00,
    0x7F, 0x40, 0x2F, 0xD0, 0x0B, 0xE0, 0x07, 0xF4, 0x03, 0xFF, 0xC0, 0x0B, 0xE0, 0x00, 0x00, 0x00,
    0x00, 0x00, 0x00, 0x00, 0x00, 0x00, 0x05, 0x01, 0x40, 0x00, 0x00, 0x02, 0xF0, 0xBC, 0x00, 0x00,
    0x00, 0x3F, 0x0F, 0xC0, 0x00, 0x00, 0x00, 0x40, 0x10, 0x00, 0x00, 0x00, 0x00, 0x00, 0x00, 0x00,
    0x00, 0x00, 0x00, 0x00, 0x00, 0x01, 0xFC, 0x01, 0xC0, 0x0B, 0xE0, 0x7F, 0xF0, 0x3C, 0x03, 0xFF,
    0x0E, 0x0F, 0x07, 0xC0, 0xF4, 0x50, 0x80, 0xB0, 0xF8, 0x2C, 0x00, 0x00, 0x0B, 0x6F, 0x4B, 0x80,
    0x00, 0x00, 0xBB, 0xB1, 0xF0, 0x00, 0x00, 0x0B, 0xCF, 0x3E, 0x00, 0x00, 0x00, 0xF4, 0xED, 0xE0,
    0x00, 0x00, 0x1E, 0x1F, 0x9E, 0x00, 0x00, 0x03, 0x82, 0xF1, 0xE0, 0x04, 0x40, 0xF0, 0x3D, 0x0F,
    0x07, 0x8F, 0xFC, 0x03, 0xC0, 0xFF, 0xF0, 0xBF, 0x00, 0x74, 0x07, 0xF8, 0x00, 0x00, 0x00, 0x00,
    0x00, 0x00, 0x00, 0x2C, 0x0B, 0x40, 0x2F, 0x47, 0xE0, 0x0B, 0xC2, 0xF0, 0x00, 0x00, 0x00, 0x00,
    0x00, 0x00, 0x00, 0x05, 0xA4, 0x00, 0x2F, 0xFF, 0xD0, 0x0F, 0x95, 0xFC, 0x03, 0xC0, 0x0F, 0x41,
    0xD0, 0x03, 0xD0, 0x20, 0x00, 0xF0, 0x00, 0x00, 0x7C, 0x00, 0x00, 0x7C, 0x00, 0x1A, 0xFD, 0x00,
    0x0B, 0xFF, 0x80, 0x00, 0x02, 0xF4, 0x00, 0x00, 0x3F, 0x00, 0x00, 0x0B, 0xC2, 0x00, 0x03, 0xE2,
    0xD0, 0x01, 0xF4, 0xFC, 0x01, 0xFC, 0x1F, 0xFB, 0xFC, 0x01, 0xFF, 0xF4, 0x00, 0x00, 0x00, 0x00,
    0x00, 0x50, 0x14, 0x02, 0xF4, 0xBD, 0x02, 0xF0, 0xBC, 0x00, 0x40, 0x10, 0x00, 0x00, 0x00, 0x00,
    0x00, 0x00, 0x00, 0xBF, 0x80, 0x07, 0xFB, 0xF0, 0x0E, 0x00, 0xF4, 0x04, 0x00, 0xF0, 0x00, 0x01,
    0xE0, 0x00, 0x5B, 0x80, 0x00, 0xFF, 0x80, 0x00, 0x07, 0xE0, 0x00, 0x02, 0xF0, 0x20, 0x02, 0xF0,
    0xF0, 0x07, 0xD0, 0xFE, 0xAF, 0x80, 0x3F, 0xFD, 0x00, 0x00, 0x00, 0x00, 0x00, 0x15, 0x55, 0x54,
    0x00, 0xBF, 0xFF, 0xFD, 0x00, 0xFA, 0xAA, 0xFC, 0x00, 0xF0, 0x02, 0xF0, 0x00, 0xD0, 0x0B, 0xC0,
    0x00, 0x80, 0x2F, 0x00, 0x00, 0x00, 0xBC, 0x00, 0x00, 0x02, 0xF0, 0x00, 0x00, 0x03, 0xFD, 0x00,
    0x00, 0x01, 0xBF, 0x40, 0x00, 0x00, 0x0F, 0xC0, 0x00, 0x00, 0x07, 0xC0, 0x00, 0x00, 0x07, 0xC0,
    0x08, 0x00, 0x0B, 0xC0, 0x3C, 0x00, 0x0F, 0x80, 0x3F, 0x00, 0x7F, 0x00, 0x2F, 0xEB, 0xFC, 0x00,
    0x0B, 0xFF, 0xD0, 0x00, 0x00, 0x00, 0x00, 0x00, 0x00, 0xFF, 0xFF, 0xF0, 0x0B, 0xFF, 0xFF, 0xC0,
    0x3C, 0x00, 0x7D, 0x00, 0xD0, 0x03, 0xD0, 0x01, 0x00, 0x3D, 0x00, 0x00, 0x03, 0xD0, 0x00, 0x00,
    0x3E, 0x00, 0x00, 0x02, 0xE0, 0x00, 0x00, 0x1F, 0xF4, 0x00, 0x00, 0x1B, 0xF4, 0x00, 0x00, 0x03,
    0xF0, 0x00, 0x00, 0x07, 0xC0, 0x00, 0x00, 0x0F, 0x00, 0x00, 0x00, 0x7C, 0x01, 0x00, 0x02, 0xE0,
    0x0E, 0x00, 0x1F, 0x00, 0x7E, 0x02, 0xF8, 0x00, 0xBF, 0xFF, 0x40, 0x00, 0x2A, 0x90, 0x00, 0x00,
    0x00, 0x00, 0x00, 0x00, 0x00, 0x00, 0x00, 0x02, 0xFF, 0xF8, 0x00, 0x00, 0x00, 0x1F, 0xFF, 0x40,
    0x00, 0x00, 0x00, 0x00, 0x00, 0x00, 0x00, 0x00, 0x00, 0x00, 0x00, 0x00, 0x05, 0x55, 0x40, 0x15,
    0x54, 0x00, 0xFF, 0xF4, 0x07, 0xFF, 0xD0, 0x01, 0xF8, 0x00, 0x0B, 0xD0, 0x00, 0x1F, 0x00, 0x00,
    0xFC, 0x00, 0x02, 0xF0, 0x00, 0x3F, 0x80, 0x00, 0x2E, 0x00, 0x0F, 0xF4, 0x00, 0x03, 0xD0, 0x03,
    0xDF, 0x00, 0x00, 0x3D, 0x00, 0xF1, 0xF0, 0x00, 0x07, 0xC0, 0x3C, 0x2F, 0x00, 0x00, 0xBC, 0x1F,
    0x03, 0xE0, 0x00, 0x0F, 0x87, 0x80, 0x3D, 0x00, 0x00, 0xF5, 0xE0, 0x07, 0xC0, 0x00, 0x0F, 0xB8,
    0x00, 0xBC, 0x00, 0x01, 0xFE, 0x00, 0x0B, 0x80, 0x00, 0x2F, 0x40, 0x00, 0xF4, 0x00, 0x03, 0xE0,
    0x00, 0x0F, 0x40, 0x01, 0xBF, 0x80, 0x07, 0xF9, 0x00, 0x7F, 0xFD, 0x02, 0xFF, 0xF0, 0x00, 0x00,
    0x2A, 0xAA, 0x00, 0x07, 0xFF, 0xF0, 0x00, 0x00, 0x00, 0x00, 0x00, 0x00, 0x00, 0x00, 0x00, 0x00,
    0x02, 0xFC, 0x00, 0x78, 0xBF, 0xC0, 0x0F, 0x40, 0x3C, 0x00, 0xF0, 0x07, 0xC0, 0x1F, 0x00, 0xB8,
    0x01, 0xE0, 0x0F, 0x40, 0x3D, 0x00, 0xF0, 0x03, 0xC0, 0x2E, 0x00, 0xBC, 0x03, 0xD0, 0x1F, 0x80,
    0x3D, 0x03, 0xB8, 0x03, 0xD0, 0xF7, 0x9D, 0x3F, 0xFC, 0x7F, 0xC1, 0xFE, 0x03, 0xE0, 0x00, 0x00,
    0x00, 0x00, 0x00, 0x00, 0x1E, 0x02, 0x80, 0x00, 0x00, 0x03, 0xF0, 0xFC, 0x00, 0x00, 0x00, 0x3E,
    0x0F, 0xC0, 0x00, 0x00, 0x00, 0x00, 0x00, 0x00, 0x00, 0x00, 0x00, 0x00, 0x00, 0x00, 0x05, 0x55,
    0x40, 0x15, 0x54, 0x00, 0xFF, 0xF4, 0x07, 0xFF, 0xD0, 0x01, 0xF8, 0x00, 0x0B, 0xD0, 0x00, 0x1F,
    0x00, 0x00, 0xFC, 0x00, 0x02, 0xF0, 0x00, 0x3F, 0x80, 0x00, 0x2E, 0x00, 0x0F, 0xF4, 0x00, 0x03,
    0xD0, 0x03, 0xDF, 0x00, 0x00, 0x3D, 0x00, 0xF1, 0xF0, 0x00, 0x07, 0xC0, 0x3C, 0x2F, 0x00, 0x00,
    0xBC, 0x1F, 0x03, 0xE0, 0x00, 0x0F, 0x87, 0x80, 0x3D, 0x00, 0x00, 0xF5, 0xE0, 0x07, 0xC0, 0x00,
    0x0F, 0xB8, 0x00, 0xBC, 0x00, 0x01, 0xFE, 0x00, 0x0B, 0x80, 0x00, 0x2F, 0x40, 0x00, 0xF4, 0x00,
    0x03, 0xE0, 0x00, 0x0F, 0x40, 0x01, 0xBF, 0x80, 0x07, 0xF9, 0x00, 0x7F, 0xFD, 0x02, 0xFF, 0xF0,
    0x00, 0x00, 0x18, 0x06, 0x00, 0x07, 0xD1, 0xF4, 0x00, 0xBC, 0x2F, 0x00, 0x01, 0x00, 0x40, 0x00,
    0x00, 0x00, 0x00, 0x00, 0x00, 0x00, 0x2F, 0xC0, 0x07, 0x8B, 0xFC, 0x00, 0xF4, 0x03, 0xC0, 0x0F,
    0x00, 0x7C, 0x01, 0xF0, 0x0B, 0x80, 0x1E, 0x00, 0xF4, 0x03, 0xD0, 0x0F, 0x00, 0x3C, 0x02, 0xE0,
    0x0B, 0xC0, 0x3D, 0x01, 0xF8, 0x03, 0xD0, 0x3B, 0x80, 0x3D, 0x0F, 0x79, 0xD3, 0xFF, 0xC7, 0xFC,
    0x1F, 0xE0, 0x3E, 0x00, 0x00, 0x00, 0x00, 0x00, 0x02, 0xC0, 0xB0, 0x00, 0x03, 0xF4, 0xBD, 0x00,
    0x00, 0xFC, 0x2F, 0x00, 0x00, 0x00, 0x00, 0x00, 0x00, 0x00, 0x00, 0x00, 0x00, 0x00, 0x1A, 0x40,
    0x00, 0x01, 0xFF, 0xFE, 0x00, 0x03, 0xF9, 0x5B, 0xF0, 0x03, 0xF0, 0x00, 0x7E, 0x03, 0xF0, 0x00,
    0x0F, 0xC1, 0xF0, 0x00, 0x01, 0xF4, 0xF8, 0x00, 0x00, 0x3D, 0x7C, 0x00, 0x00, 0x0F, 0x6F, 0x00,
    0x00, 0x03, 0xDF, 0x80, 0x00, 0x01, 0xF3, 0xE0, 0x00, 0x00, 0xBC, 0xF8, 0x00, 0x00, 0x3E, 0x3E,
    0x00, 0x00, 0x1F, 0x0F, 0xC0, 0x00, 0x0F, 0x81, 0xF4, 0x00, 0x0B, 0xC0, 0x3F, 0x40, 0x1F, 0xC0,
    0x03, 0xFE, 0xBF, 0xC0, 0x00, 0x2F, 0xFE, 0x40, 0x00, 0x00, 0x00, 0x00, 0x00, 0x00, 0x14, 0x05,
    0x00, 0x2F, 0x4B, 0xD0, 0x0B, 0xC2, 0xF0, 0x00, 0x40, 0x10, 0x00, 0x00, 0x00, 0x00, 0x00, 0x00,
    0x00, 0x06, 0xFE, 0x00, 0x0B, 0xFF, 0xE0, 0x0F, 0xC0, 0x7C, 0x0B, 0xC0, 0x0F, 0x43, 0xD0, 0x03,
    0xE1, 0xF0, 0x00, 0xF4, 0xB8, 0x00, 0x3D, 0x3D, 0x00, 0x0F, 0x0F, 0x40, 0x0B, 0x83, 0xE0, 0x03,
    0xC0, 0xBC, 0x03, 0xE0, 0x1F, 0xEB, 0xE0, 0x01, 0xFF, 0xD0, 0x00, 0x00, 0x00, 0x00, 0x00, 0x00,
    0x69, 0x00, 0x00, 0x07, 0xFF, 0xF8, 0x00, 0x0F, 0xE5, 0x6F, 0xC0, 0x0F, 0xC0, 0x01, 0xF8, 0x0F,
    0xC0, 0x00, 0x2F, 0x07, 0xC0, 0x00, 0x07, 0xD3, 0xE0, 0x00, 0x00, 0xF5, 0xF0, 0x00, 0x00, 0x3D,
    0xBE, 0xAA, 0xAA, 0xAF, 0x7F, 0xFF, 0xFF, 0xFF, 0xCF, 0x80, 0x00, 0x01, 0xF3, 0xE0, 0x00, 0x00,
    0xF8, 0xF8, 0x00, 0x00, 0x7C, 0x3F, 0x00, 0x00, 0x3E, 0x07, 0xD0, 0x00, 0x2F, 0x00, 0xFD, 0x00,
    0x7F, 0x00, 0x0F, 0xFA, 0xFE, 0x00, 0x00, 0xBF, 0xF9, 0x00, 0x00, 0x00, 0x00, 0x00, 0x00, 0x00,
    0x00, 0x00, 0x00, 0x6F, 0xE0, 0x02, 0xFE, 0xFC, 0x0B, 0xC0, 0x3D, 0x1F, 0x00, 0x2E, 0x3C, 0x00,
    0x1F, 0x7C, 0x00, 0x2E, 0xBF, 0xFF, 0xFE, 0xF4, 0x00, 0x3D, 0xF0, 0x00, 0x7C, 0xF4, 0x00, 0xF4,
    0xB8, 0x02, 0xF0, 0x3F, 0xAF, 0x80, 0x1F, 0xFD, 0x00, 0x00, 0x00, 0x00, 0x00, 0x02, 0xC0, 0xB0,
    0x00, 0x03, 0xF4, 0xBD, 0x00, 0x00, 0xFC, 0x2F, 0x00, 0x00, 0x00, 0x00, 0x00, 0x00, 0x00, 0x00,
    0x00, 0x00, 0x00, 0x1A, 0x40, 0x00, 0x01, 0xFF, 0xFE, 0x00, 0x03, 0xF9, 0x5B, 0xF0, 0x03, 0xF0,
    0x00, 0x7E, 0x03, 0xF0, 0x00, 0x0B, 0xC1, 0xF0, 0x00, 0x01, 0xF4, 0xF8, 0x00, 0x00, 0x3D, 0x7C,
    0x00, 0x00, 0x0F, 0x6F, 0xAA, 0xAA, 0xAB, 0xDF, 0xFF, 0xFF, 0xFF, 0xF3, 0xE0, 0x00, 0x00, 0x7C,
    0xF8, 0x00, 0x00, 0x3E, 0x3E, 0x00, 0x00, 0x1F, 0x0F, 0xC0, 0x00, 0x0F, 0x81, 0xF4, 0x00, 0x0B,
    0xC0, 0x3F, 0x40, 0x1F, 0xC0, 0x03, 0xFE, 0xBF, 0x80, 0x00, 0x2F, 0xFE, 0x40, 0x00, 0x00, 0x00,
    0x00, 0x00, 0x00, 0x18, 0x06, 0x00, 0x1F, 0x47, 0xD0, 0x0B, 0xC2, 0xF0, 0x00, 0x40, 0x10, 0x00,
    0x00, 0x00, 0x00, 0x00, 0x00, 0x00, 0x06, 0xFE, 0x00, 0x0B, 0xFB, 0xF0, 0x0B, 0xC0, 0x3D, 0x07,
    0xC0, 0x0B, 0x83, 0xC0, 0x01, 0xF1, 0xF0, 0x00, 0xB8, 0xBF, 0xFF, 0xFE, 0x3D, 0x00, 0x0F, 0x4F,
    0x00, 0x07, 0xC3, 0xD0, 0x03, 0xD0, 0xB8, 0x02, 0xF0, 0x0F, 0xEB, 0xE0, 0x01, 0xFF, 0xD0, 0x00,
    0x00, 0x00, 0x00, 0x00, 0x1E, 0x02, 0x80, 0x00, 0xFC, 0x3F, 0x00, 0x03, 0xE0, 0xFC, 0x00, 0x00,
    0x00, 0x00, 0x00, 0x00, 0x00, 0x00, 0x00, 0x5A, 0x90, 0x00, 0x2F, 0xFF, 0xF0, 0x00, 0xFA, 0x5B,
    0xF0, 0x03, 0xC0, 0x07, 0xE0, 0x1E, 0x00, 0x0B, 0xC0, 0x30, 0x00, 0x1F, 0x40, 0x00, 0x00, 0x3D,
    0x00, 0x00, 0x00, 0xF4, 0x00, 0xAA, 0xAB, 0xD0, 0x03, 0xFF, 0xFF, 0x00, 0x00, 0x00, 0xBC, 0x00,
    0x00, 0x03, 0xE0, 0x00, 0x00, 0x1F, 0x02, 0x00, 0x00, 0xF8, 0x2D, 0x00, 0x0F, 0xC0, 0xFC, 0x01,
    0xFD, 0x01, 0xFF, 0xBF, 0xC0, 0x01, 0xFF, 0xF4, 0x00, 0x00, 0x00, 0x00, 0x00, 0x00, 0x50, 0x14,
    0x02, 0xF0, 0xBC, 0x03, 0xF0, 0xFC, 0x00, 0x40, 0x10, 0x00, 0x00, 0x00, 0x00, 0x00, 0x00, 0x00,
    0xBF, 0x80, 0x07, 0xFF, 0xF0, 0x0F, 0x00, 0xF8, 0x08, 0x00, 0xBC, 0x00, 0x00, 0x7C, 0x00, 0x55,
    0xBC, 0x00, 0xFF, 0xFC, 0x00, 0x50, 0xB8, 0x00, 0x00, 0xF4, 0x20, 0x01, 0xF0, 0xB4, 0x03, 0xD0,
    0xBE, 0x6F, 0x80, 0x2F, 0xFD, 0x00, 0x00, 0x00, 0x00, 0x00, 0x00, 0x00, 0x00, 0x00, 0x00, 0xBF,
    0xFF, 0x00, 0x00, 0x07, 0xFF, 0xE0, 0x00, 0x00, 0x00, 0x00, 0x00, 0x00, 0x00, 0x00, 0x00, 0x00,
    0x55, 0x50, 0x05, 0x55, 0x2F, 0xFF, 0x02, 0xFF, 0xE0, 0x7F, 0x40, 0x07, 0xE0, 0x02, 0xF0, 0x00,
    0x7C, 0x00, 0x1F, 0x00, 0x0F, 0x40, 0x00, 0xF4, 0x01, 0xE0, 0x00, 0x0F, 0x80, 0x3C, 0x00, 0x00,
    0xBC, 0x0B, 0x40, 0x00, 0x07, 0xC1, 0xE0, 0x00, 0x00, 0x3D, 0x3C, 0x00, 0x00, 0x02, 0xEB, 0x40,
    0x00, 0x00, 0x1F, 0xE0, 0x00, 0x00, 0x00, 0xFC, 0x00, 0x00, 0x00, 0x0F, 0x40, 0x00, 0x00, 0x01,
    0xE0, 0x00, 0x00, 0x28, 0x7C, 0x00, 0x00, 0x03, 0xFF, 0x00, 0x00, 0x00, 0x3F, 0x80, 0x00, 0x00,
    0x00, 0x00, 0x00, 0x00, 0x00, 0x00, 0x02, 0xAA, 0xA0, 0x00, 0x03, 0xFF, 0xF4, 0x00, 0x00, 0x00,
    0x00, 0x00, 0x00, 0x00, 0x00, 0x00, 0x00, 0x00, 0x00, 0x00, 0x7E, 0x00, 0x7C, 0x01, 0xFF, 0x00,
    0x3E, 0x00, 0x0F, 0x80, 0x2E, 0x00, 0x0B, 0xC0, 0x2D, 0x00, 0x03, 0xC0, 0x3C, 0x00, 0x03, 0xD0,
    0x3C, 0x00, 0x02, 0xD0, 0x74, 0x00, 0x02, 0xE0, 0xF0, 0x00, 0x01, 0xE1, 0xD0, 0x00, 0x01, 0xE3,
    0xC0, 0x00, 0x00, 0xEB, 0x00, 0x00, 0x01, 0xED, 0x00, 0x00, 0x01, 0xF8, 0x00, 0x00, 0x02, 0xF0,
    0x00, 0x00, 0x03, 0xC0, 0x00, 0x00, 0x1F, 0x00, 0x00, 0x25, 0xBC, 0x00, 0x00, 0x3F, 0xE0, 0x00,
    0x00, 0x2E, 0x40, 0x00, 0x00, 0x00, 0x07, 0x80, 0xB0, 0x00, 0x00, 0xFC, 0x3F, 0x00, 0x00, 0x0F,
    0x83, 0xF0, 0x00, 0x00, 0x00, 0x00, 0x00, 0x00, 0x00, 0x00, 0x00, 0x00, 0x55, 0x50, 0x05, 0x55,
    0x2F, 0xFF, 0x02, 0xFF, 0xE0, 0x7F, 0x40, 0x07, 0xE0, 0x02, 0xF0, 0x00, 0x7C, 0x00, 0x1F, 0x00,
    0x0F, 0x40, 0x00, 0xF4, 0x01, 0xE0, 0x00, 0x0F, 0x80, 0x3C, 0x00, 0x00, 0xBC, 0x0B, 0x40, 0x00,
    0x07, 0xC1, 0xE0, 0x00, 0x00, 0x3D, 0x3C, 0x00, 0x00, 0x02, 0xEB, 0x40, 0x00, 0x00, 0x1F, 0xE0,
    0x00, 0x00, 0x00, 0xFC, 0x00, 0x00, 0x00, 0x0F, 0x40, 0x00, 0x00, 0x01, 0xE0, 0x00, 0x00, 0x28,
    0x7C, 0x00, 0x00, 0x03, 0xFF, 0x00, 0x00, 0x00, 0x3F, 0x80, 0x00, 0x00, 0x00, 0x00, 0x00, 0x00,
    0x00, 0x00, 0x00, 0x80, 0x20, 0x00, 0x03, 0xE0, 0xF8, 0x00, 0x07, 0xD1, 0xF4, 0x00, 0x01, 0x00,
    0x40, 0x00, 0x00, 0x00, 0x00, 0x00, 0x00, 0x00, 0x00, 0x00, 0x7E, 0x00, 0x7C, 0x01, 0xFF, 0x00,
    0x3E, 0x00, 0x0F, 0x80, 0x2E, 0x00, 0x0B, 0xC0, 0x2D, 0x00, 0x03, 0xC0, 0x3C, 0x00, 0x03, 0xD0,
    0x3C, 0x00, 0x02, 0xD0, 0x74, 0x00, 0x02, 0xE0, 0xF0, 0x00, 0x01, 0xE1, 0xD0, 0x00, 0x01, 0xE3,
    0xC0, 0x00, 0x00, 0xEB, 0x00, 0x00, 0x01, 0xED, 0x00, 0x00, 0x01, 0xF8, 0x00, 0x00, 0x02, 0xF0,
    0x00, 0x00, 0x03, 0xC0, 0x00, 0x00, 0x1F, 0x00, 0x00, 0x25, 0xBC, 0x00, 0x00, 0x3F, 0xE0, 0x00,
    0x00, 0x2E, 0x40, 0x00, 0x00, 0x00, 0x00, 0x00, 0x00, 0x00, 0x00, 0x01, 0xD0, 0x1C, 0x00, 0x00,
    0xBE, 0x0B, 0xD0, 0x00, 0x2F, 0xC3, 0xF8, 0x00, 0x0F, 0xD0, 0xFC, 0x00, 0x00, 0xD0, 0x19, 0x00,
    0x00, 0x00, 0x00, 0x00, 0x00, 0x55, 0x50, 0x05, 0x55, 0x2F, 0xFF, 0x02, 0xFF, 0xE0, 0x7F, 0x40,
    0x07, 0xE0, 0x02, 0xF0, 0x00, 0x7C, 0x00, 0x1F, 0x00, 0x0F, 0x40, 0x00, 0xF4, 0x01, 0xE0, 0x00,
    0x0F, 0x80, 0x3C, 0x00, 0x00, 0xBC, 0x0B, 0x40, 0x00, 0x07, 0xC1, 0xE0, 0x00, 0x00, 0x3D, 0x3C,
    0x00, 0x00, 0x02, 0xEB, 0x40, 0x00, 0x00, 0x1F, 0xE0, 0x00, 0x00, 0x00, 0xFC, 0x00, 0x00, 0x00,
    0x0F, 0x40, 0x00, 0x00, 0x01, 0xE0, 0x00, 0x00, 0x28, 0x7C, 0x00, 0x00, 0x03, 0xFF, 0x00, 0x00,
    0x00, 0x3F, 0x80, 0x00, 0x00, 0x00, 0x00, 0x00, 0x00, 0x00, 0x00, 0x00, 0x00, 0x00, 0x00, 0x00,
    0x2C, 0x0D, 0x00, 0x00, 0x7C, 0x3E, 0x00, 0x00, 0xF8, 0xBC, 0x00, 0x03, 0xE1, 0xF0, 0x00, 0x03,
    0x82, 0xC0, 0x00, 0x00, 0x00, 0x00, 0x00, 0x00, 0x00, 0x00, 0x00, 0x7E, 0x00, 0x7C, 0x01, 0xFF,
    0x00, 0x3E, 0x00, 0x0F, 0x80, 0x2E, 0x00, 0x0B, 0xC0, 0x2D, 0x00, 0x03, 0xC0, 0x3C, 0x00, 0x03,
    0xD0, 0x3C, 0x00, 0x02, 0xD0, 0x74, 0x00, 0x02, 0xE0, 0xF0, 0x00, 0x01, 0xE1, 0xD0, 0x00, 0x01,
    0xE3, 0xC0, 0x00, 0x00, 0xEB, 0x00, 0x00, 0x01, 0xED, 0x00, 0x00, 0x01, 0xF8, 0x00, 0x00, 0x02,
    0xF0, 0x00, 0x00, 0x03, 0xC0, 0x00, 0x00, 0x1F, 0x00, 0x00, 0x25, 0xBC, 0x00, 0x00, 0x3F, 0xE0,
    0x00, 0x00, 0x2E, 0x40, 0x00, 0x00, 0x00, 0x0B, 0x02, 0xD0, 0x00, 0x0B, 0xD1, 0xF8, 0x00, 0x02,
    0xF0, 0x7D, 0x00, 0x00, 0x00, 0x00, 0x00, 0x00, 0x00, 0x00, 0x00, 0x05, 0x55, 0x01, 0x55, 0x47,
    0xFF, 0xC0, 0xFF, 0xF4, 0x2F, 0x40, 0x0B, 0xD0, 0x0B, 0xC0, 0x02, 0xF0, 0x03, 0xE0, 0x00, 0xF8,
    0x00, 0xF4, 0x00, 0x3D, 0x00, 0x3C, 0x00, 0x0F, 0x00, 0x0F, 0x40, 0x07, 0xC0, 0x03, 0xE0, 0x02,
    0xF0, 0x00, 0xBF, 0xFF, 0xF8, 0x00, 0x0B, 0xFF, 0xBD, 0x00, 0x00, 0x00, 0x1F, 0x00, 0x00, 0x00,
    0x0B, 0xC0, 0x00, 0x00, 0x02, 0xE0, 0x00, 0x00, 0x00, 0xF4, 0x00, 0x00, 0x00, 0x3D, 0x00, 0x00,
    0x00, 0x7F, 0x90, 0x00, 0x00, 0xFF, 0xFC, 0x00, 0x00, 0x24, 0x09, 0x00, 0x3F, 0x0F, 0xC0, 0x0F,
    0x83, 0xE0, 0x00, 0x40, 0x10, 0x00, 0x00, 0x00, 0x00, 0x00, 0x00, 0x06, 0xF8, 0x00, 0xB3, 0xFE,
    0x00, 0x7C, 0x0B, 0x80, 0x2E, 0x02, 0xD0, 0x0F, 0x40, 0xF0, 0x03, 0xC0, 0x3C, 0x03, 0xF0, 0x0F,
    0xDB, 0xF8, 0x01, 0xFF, 0xBD, 0x00, 0x00, 0x0F, 0x00, 0x00, 0x03, 0xC1, 0x00, 0x01, 0xF3, 0xC0,
    0x00, 0xBF, 0xC0, 0x00, 0x1F, 0xC0, 0x00, 0x00, 0x00, 0x00, 0x55, 0x55, 0x55, 0x00, 0xFF, 0xFF,
    0xFF, 0x00, 0x1F, 0xAA, 0xBE, 0x00, 0x1F, 0x00, 0x2E, 0x00, 0x2F, 0x00, 0x2D, 0x00, 0x2E, 0x00,
    0x2C, 0x00, 0x3D, 0x00, 0x00, 0x00, 0x3D, 0x00, 0x00, 0x00, 0x7C, 0x00, 0x00, 0x00, 0xBC, 0x00,
    0x00, 0x00, 0xF8, 0x00, 0x00, 0x00, 0xF4, 0x00, 0x00, 0x00, 0xF0, 0x00, 0x00, 0x01, 0xF0, 0x00,
    0x00, 0x02, 0xF0, 0x00, 0x00, 0x03, 0xE0, 0x00, 0x00, 0x1B, 0xFA, 0x00, 0x00, 0x7F, 0xFF, 0x00,
    0x00, 0x00, 0x2F, 0x00, 0x00, 0x00, 0x2E, 0x00, 0x00, 0x00, 0x2D, 0x00, 0x00, 0x00, 0x3C, 0x00,
    0x00, 0x00, 0x34, 0x00, 0x00, 0x00, 0x00, 0x00, 0x00, 0x00, 0x00, 0x00, 0x06, 0xFE, 0x00, 0xBF,
    0xFE, 0x03, 0x80, 0x7C, 0x04, 0x01, 0xF0, 0x00, 0x1F, 0x40, 0x02, 0xF4, 0x00, 0x7E, 0x00, 0x0B,
    0xD0, 0x00, 0xBC, 0x00, 0x03, 0xD0, 0x08, 0x0F, 0x40, 0xF0, 0x3F, 0xAF, 0x80, 0x7F, 0xDD, 0x00,
    0x00, 0x38, 0x00, 0x01, 0xE0, 0x00, 0x07, 0x80, 0x00, 0x7C, 0x00, 0x02, 0x80, 0x00, 0x00, 0x00,
    0x02, 0xD0, 0x74, 0x00, 0x00, 0x00, 0x01, 0xF8, 0x3F, 0x00, 0x00, 0x00, 0x00, 0x7D, 0x1F, 0x40,
    0x00, 0x00, 0x00, 0x00, 0x00, 0x00, 0x00, 0x00, 0x00, 0x00, 0x00, 0x00, 0x00, 0x00, 0x15, 0x55,
    0x00, 0x01, 0x55, 0x40, 0x0F, 0xFF, 0x80, 0x02, 0xFF, 0xF0, 0x00, 0x7E, 0x00, 0x00, 0x1F, 0xD0,
    0x00, 0x1F, 0x00, 0x00, 0x03, 0xE0, 0x00, 0x0B, 0xC0, 0x00, 0x00, 0xF4, 0x00, 0x02, 0xE0, 0x00,
    0x00, 0x7C, 0x00, 0x00, 0xF4, 0x00, 0x00, 0x2F, 0x00, 0x00, 0x3D, 0x00, 0x00, 0x0B, 0x80, 0x00,
    0x1F, 0xFF, 0x80, 0x03, 0xD0, 0x00, 0x0B, 0xEB, 0xFD, 0x00, 0xF0, 0x00, 0x03, 0xE0, 0x0F, 0xC0,
    0x7C, 0x00, 0x00, 0xF4, 0x01, 0xF0, 0x2F, 0x00, 0x00, 0x3C, 0x00, 0x3D, 0x0F, 0x80, 0x00, 0x1F,
    0x00, 0x1F, 0x03, 0xD0, 0x00, 0x0B, 0xC0, 0x0B, 0xC0, 0xF0, 0x00, 0x03, 0xE0, 0x0B, 0xC0, 0x7C,
    0x00, 0x06, 0xFF, 0xBF, 0xD0, 0xBF, 0x90, 0x07, 0xFF, 0xFE, 0x40, 0xFF, 0xF8, 0x00, 0x00, 0x00,
    0x00, 0x00, 0x00, 0x00, 0x00, 0x00, 0x90, 0x24, 0x00, 0x00, 0x3F, 0x0F, 0xC0, 0x00, 0x03, 0xE0,
    0xF8, 0x00, 0x00, 0x04, 0x01, 0x00, 0x00, 0x00, 0x00, 0x00, 0x00, 0x00, 0x00, 0x00, 0x00, 0x1B,
    0xE0, 0x00, 0x03, 0x83, 0xFE, 0x00, 0x00, 0x78, 0x02, 0xD0, 0x00, 0x0B, 0x80, 0x3C, 0x00, 0x00,
    0xF4, 0x03, 0xC0, 0x00, 0x0F, 0x00, 0x7F, 0xFE, 0x01, 0xF0, 0x0B, 0xEA, 0xF8, 0x2E, 0x00, 0xF0,
    0x0B, 0xC3, 0xD0, 0x0F, 0x00, 0x7C, 0x3C, 0x00, 0xF0, 0x0B, 0x83, 0xC1, 0x0F, 0x00, 0xF0, 0x7C,
    0xE0, 0xF9, 0xBD, 0x0B, 0xFC, 0x03, 0xFF, 0x40, 0x7E, 0x00, 0x00, 0x00, 0x00, 0x00, 0x00, 0x55,
    0x55, 0x55, 0x00, 0xFF, 0xFF, 0xFF, 0x00, 0x1F, 0xAA, 0xBE, 0x00, 0x1F, 0x00, 0x2E, 0x00, 0x2F,
    0x00, 0x2D, 0x00, 0x2E, 0x00, 0x2C, 0x00, 0x3D, 0x00, 0x00, 0x00, 0x3D, 0x00, 0x00, 0x05, 0xBD,
    0x54, 0x00, 0x1F, 0xFF, 0xFC, 0x00, 0x00, 0xF8, 0x00, 0x00, 0x00, 0xF4, 0x00, 0x00, 0x00, 0xF0,
    0x00, 0x00, 0x01, 0xF0, 0x00, 0x00, 0x02, 0xF0, 0x00, 0x00, 0x03, 0xE0, 0x00, 0x00, 0x1B, 0xF9,
    0x00, 0x00, 0x7F, 0xFF, 0x80, 0x00, 0x00, 0x03, 0xC0, 0x00, 0x00, 0x03, 0x80, 0x00, 0x00, 0x07,
    0x40, 0x00, 0x01, 0xFF, 0x00, 0x00, 0x01, 0xFC, 0x00, 0x00, 0x00, 0x00, 0x00, 0x00, 0x00, 0x00,
    0x00, 0x06, 0xFE, 0x00, 0xBF, 0xFE, 0x03, 0x80, 0x7C, 0x04, 0x01, 0xF0, 0x08, 0x0F, 0x40, 0x3E,
    0xF4, 0x00, 0x7F, 0x00, 0x0B, 0xEE, 0x00, 0xBC, 0x14, 0x03, 0xD0, 0x00, 0x0F, 0x40, 0x74, 0x3F,
    0xEF, 0xE0, 0x3F, 0xF7, 0x80, 0x00, 0x0D, 0x00, 0x00, 0x70, 0x00, 0x47, 0xC0, 0x03, 0xFC, 0x00,
    0x0A, 0x40, 0x00, 0x00, 0x15, 0x54, 0x05, 0x54, 0x00, 0xFF, 0xF8, 0x2F, 0xFD, 0x00, 0x2F, 0x80,
    0x07, 0xE0, 0x00, 0x0F, 0xC0, 0x0F, 0x80, 0x00, 0x07, 0xD0, 0x2E, 0x00, 0x00, 0x03, 0xE0, 0xB8,
    0x00, 0x00, 0x00, 0xF1, 0xF0, 0x00, 0x00, 0x00, 0xBF, 0xC0, 0x00, 0x00, 0x00, 0x3F, 0x00, 0x00,
    0x00, 0x00, 0x7F, 0x00, 0x00, 0x00, 0x01, 0xFF, 0x40, 0x00, 0x00, 0x03, 0xCB, 0xC0, 0x00, 0x00,
    0x0F, 0x03, 0xD0, 0x00, 0x00, 0x3D, 0x02, 0xF0, 0x00, 0x00, 0xF4, 0x00, 0xF4, 0x00, 0x02, 0xE0,
    0x00, 0xBC, 0x00, 0x1F, 0xE4, 0x00, 0x7C, 0x00, 0xFF, 0xFC, 0x00, 0x3C, 0x00, 0x00, 0x00, 0x00,
    0x3C, 0x00, 0x00, 0x00, 0x00, 0x3C, 0x00, 0x00, 0x00, 0xD0, 0xB4, 0x00, 0x00, 0x01, 0xFF, 0xE0,
    0x00, 0x00, 0x00, 0xBF, 0x40, 0x00, 0x00, 0x00, 0x00, 0x00, 0x00, 0x00, 0x00, 0x00, 0x00, 0x01,
    0xB8, 0x00, 0xFC, 0x0B, 0xFC, 0x03, 0xFC, 0x00, 0x3E, 0x0F, 0x44, 0x00, 0x1F, 0x2D, 0x00, 0x00,
    0x0F, 0xB8, 0x00, 0x00, 0x0B, 0xF0, 0x00, 0x00, 0x03, 0xD0, 0x00, 0x00, 0x0B, 0xE0, 0x00, 0x00,
    0x1E, 0xF0, 0x00, 0x00, 0x78, 0xF4, 0x00, 0x10, 0xF0, 0xBC, 0x00, 0x3F, 0xC0, 0x3C, 0x00, 0x3F,
    0x40, 0x3D, 0x00, 0x00, 0x00, 0x2E, 0x00, 0x00, 0x00, 0x2E, 0x00, 0x00, 0x00, 0x2D, 0x00, 0x00,
    0x38, 0x3C, 0x00, 0x00, 0x3F, 0xF4, 0x00, 0x00, 0x1F, 0x80, 0x00, 0x00, 0x15, 0x54, 0x05, 0x54,
    0x00, 0xFF, 0xF8, 0x2F, 0xFD, 0x00, 0x2F, 0x80, 0x07, 0xE0, 0x00, 0x0F, 0xC0, 0x0F, 0x80, 0x00,
    0x07, 0xD0, 0x2E, 0x00, 0x00, 0x03, 0xE0, 0xB8, 0x00, 0x00, 0x01, 0xF1, 0xF0, 0x00, 0x00, 0x00,
    0xFF, 0xC0, 0x00, 0x00, 0x2A, 0xBF, 0xAA, 0x00, 0x00, 0x7F, 0xFF, 0xFF, 0x00, 0x00, 0x01, 0xFF,
    0x40, 0x00, 0x00, 0x03, 0xCB, 0xC0, 0x00, 0x00, 0x0F, 0x03, 0xD0, 0x00, 0x00, 0x3D, 0x02, 0xF0,
    0x00, 0x00, 0xF4, 0x00, 0xF4, 0x00, 0x02, 0xE0, 0x00, 0xBC, 0x00, 0x1F, 0xE4, 0x01, 0xFF, 0x80,
    0xFF, 0xFC, 0x0B, 0xFF, 0xD0, 0x00, 0x00, 0x00, 0x00, 0x01, 0xB8, 0x00, 0xFC, 0x0B, 0xFC, 0x03,
    0xFC, 0x00, 0x3E, 0x0F, 0x44, 0x00, 0x1F, 0x2D, 0x00, 0x00, 0x0F, 0xB8, 0x00, 0x00, 0x0B, 0xF0,
    0x00, 0x03, 0xFF, 0xFF, 0xC0, 0x00, 0x0F, 0xE0, 0x00, 0x00, 0x1E, 0xF0, 0x00, 0x00, 0x78, 0xF4,
    0x00, 0x10, 0xF0, 0xBC, 0x00, 0x3F, 0xC0, 0x3F, 0xF0, 0x3F, 0x40, 0x3F, 0x80, 0x00, 0x00, 0x00,
    0x00, 0x00, 0x00, 0x00, 0x60, 0x00, 0x00, 0x00, 0x0B, 0xC0, 0x00, 0x00, 0x00, 0x3F, 0x40, 0x00,
    0x00, 0x03, 0xFE, 0x00, 0x00, 0x00, 0x1D, 0xB8, 0x00, 0x00, 0x00, 0xF1, 0xF0, 0x00, 0x00, 0x07,
    0x43, 0xC0, 0x00, 0x00, 0x3C, 0x0F, 0x40, 0x00, 0x02, 0xD0, 0x3D, 0x00, 0x00, 0x0F, 0x00, 0xB8,
    0x00, 0x00, 0xF9, 0x56, 0xF0, 0x00, 0x07, 0xFF, 0xFF, 0xC0, 0x00, 0x3D, 0x55, 0x6F, 0x40, 0x02,
    0xE0, 0x00, 0x3D, 0x00, 0x0F, 0x00, 0x00, 0xF8, 0x00, 0xB8, 0x00, 0x03, 0xF0, 0x0B, 0xE4, 0x00,
    0x1F, 0xE4, 0xFF, 0xF0, 0x03, 0xFF, 0xF0, 0x00, 0x00, 0x00, 0x00, 0x00, 0x00, 0x29, 0x00, 0x00,
    0x00, 0x07, 0xBD, 0x00, 0x00, 0x00, 0x2C, 0x38, 0x00, 0x00, 0x00, 0xF0, 0xD0, 0x00, 0x00, 0x01,
    0xFE, 0x00, 0x00, 0x00, 0x01, 0x50, 0x00, 0x00, 0x00, 0x00, 0x00, 0x00, 0x1B, 0xE1, 0xD0, 0x2F,
    0xFF, 0xF0, 0x1F, 0x42, 0xF8, 0x0F, 0x00, 0x3D, 0x0F, 0x80, 0x0F, 0x03, 0xC0, 0x07, 0xC1, 0xE0,
    0x02, 0xE0, 0xB4, 0x01, 0xF4, 0x3D, 0x00, 0xFC, 0x0F, 0x40, 0xBF, 0x07, 0xF0, 0xB3, 0xCF, 0xBF,
    0xF4, 0xFF, 0x0F, 0xF0, 0x3F, 0x00, 0x00, 0x00, 0x00, 0x06, 0x80, 0x00, 0x0B, 0xB8, 0x00, 0x03,
    0x4B, 0x00, 0x00, 0xD2, 0xC0, 0x00, 0x3F, 0xD0, 0x00, 0x01, 0x40, 0x00, 0x00, 0x00, 0x00, 0x04,
    0x00, 0x00, 0x00, 0x3F, 0x00, 0x00, 0x00, 0x7F, 0x00, 0x00, 0x00, 0x3D, 0x00, 0x00, 0x00, 0x00,
    0x00, 0x00, 0x00, 0x00, 0x00, 0x00, 0x06, 0xA9, 0x00, 0x01, 0xFF, 0xFF, 0xE0, 0x01, 0x9F, 0x42,
    0xF8, 0x00, 0x1F, 0x00, 0xBC, 0x00, 0x2F, 0x00, 0x7C, 0x00, 0x2E, 0x00, 0x7C, 0x00, 0x3D, 0x00,
    0xF8, 0x00, 0x3C, 0x02, 0xF0, 0x00, 0x7F, 0xFF, 0x80, 0x00, 0xBE, 0xBF, 0xE0, 0x00, 0xF8, 0x02,
    0xF4, 0x00, 0xF4, 0x00, 0xF8, 0x00, 0xF0, 0x00, 0xB8, 0x01, 0xF0, 0x00, 0xF8, 0x02, 0xE0, 0x01,
    0xF4, 0x03, 0xD0, 0x03, 0xE0, 0x1B, 0xFA, 0xBF, 0x80, 0x7F, 0xFF, 0xF8, 0x00, 0x00, 0x00, 0x00,
    0x00, 0x00, 0x0B, 0x00, 0x00, 0x0B, 0xD0, 0x00, 0x03, 0xF0, 0x00, 0x00, 0x10, 0x00, 0x00, 0x00,
    0x00, 0x00, 0x04, 0x00, 0x00, 0xBF, 0xC0, 0x00, 0x1A, 0xF0, 0x00, 0x00, 0x7C, 0x00, 0x00, 0x2E,
    0x00, 0x00, 0x0F, 0x40, 0x00, 0x03, 0xC0, 0x00, 0x01, 0xF0, 0xBE, 0x00, 0xB4, 0xFF, 0xD0, 0x2D,
    0xF0, 0xF8, 0x0F, 0xB0, 0x2F, 0x03, 0xF0, 0x0B, 0xC1, 0xF4, 0x02, 0xE0, 0xBC, 0x00, 0xF4, 0x3D,
    0x00, 0x3C, 0x0F, 0x00, 0x1F, 0x07, 0xC0, 0x0F, 0x42, 0xE0, 0x0F, 0x80, 0xFF, 0xAF, 0x80, 0x7E,
    0xFF, 0x40, 0x00, 0x00, 0x00, 0x00, 0x00, 0x06, 0xA9, 0x00, 0x01, 0xFF, 0xFF, 0xE0, 0x01, 0x9F,
    0x42, 0xF8, 0x00, 0x1F, 0x00, 0xBC, 0x00, 0x2F, 0x00, 0x7C, 0x00, 0x2E, 0x00, 0x7C, 0x00, 0x3D,
    0x00, 0xF8, 0x00, 0x3C, 0x02, 0xF0, 0x00, 0x7F, 0xFF, 0x80, 0x00, 0xBE, 0xBF, 0xE0, 0x00, 0xF8,
    0x02, 0xF4, 0x00, 0xF4, 0x00, 0xF8, 0x00, 0xF0, 0x00, 0xB8, 0x01, 0xF0, 0x00, 0xF8, 0x02, 0xE0,
    0x01, 0xF4, 0x03, 0xD0, 0x03, 0xE0, 0x1B, 0xFA, 0xBF, 0x80, 0x7F, 0xFF, 0xF8, 0x00, 0x00, 0x00,
    0x00, 0x00, 0x00, 0x00, 0x00, 0x00, 0x00, 0x2D, 0x00, 0x00, 0x00, 0x7F, 0x00, 0x00, 0x00, 0xBD,
    0x00, 0x00, 0x00, 0x14, 0x00, 0x00, 0x00, 0x10, 0x00, 0x02, 0xFF, 0x00, 0x00, 0x6B, 0xC0, 0x00,
    0x01, 0xF0, 0x00, 0x00, 0xB8, 0x00, 0x00, 0x3D, 0x00, 0x00, 0x0F, 0x00, 0x00, 0x07, 0xC2, 0xF8,
    0x02, 0xD3, 0xFF, 0x40, 0xB7, 0xC3, 0xE0, 0x3E, 0xC0, 0xBC, 0x0F, 0xC0, 0x2F, 0x07, 0xD0, 0x0B,
    0x82, 0xF0, 0x03, 0xD0, 0xF4, 0x00, 0xF0, 0x3C, 0x00, 0x7C, 0x1F, 0x00, 0x3D, 0x0B, 0x80, 0x3E,
    0x03, 0xFE, 0xBE, 0x01, 0xFB, 0xFD, 0x00, 0x00, 0x00, 0x00, 0x00, 0x00, 0x00, 0x00, 0x1E, 0x00,
    0x00, 0x0F, 0xC0, 0x00, 0x03, 0xE0, 0x00, 0x00, 0x50, 0x00, 0x00, 0x00, 0x06, 0xA9, 0x00, 0x01,
    0xFF, 0xFF, 0xE0, 0x01, 0x9F, 0x42, 0xF8, 0x00, 0x1F, 0x00, 0xBC, 0x00, 0x2F, 0x00, 0x7C, 0x00,
    0x2E, 0x00, 0x7C, 0x00, 0x3D, 0x00, 0xF8, 0x00, 0x3C, 0x02, 0xF0, 0x00, 0x7F, 0xFF, 0x80, 0x00,
    0xBE, 0xBF, 0xE0, 0x00, 0xF8, 0x02, 0xF4, 0x00, 0xF4, 0x00, 0xF8, 0x00, 0xF0, 0x00, 0xB8, 0x01,
    0xF0, 0x00, 0xF8, 0x02, 0xE0, 0x01, 0xF4, 0x03, 0xD0, 0x03, 0xE0, 0x1B, 0xFA, 0xBF, 0x80, 0x7F,
    0xFF, 0xF8, 0x00, 0x00, 0x00, 0x00, 0x00, 0x00, 0x00, 0x00, 0x00, 0x01, 0x55, 0x50, 0x00, 0x0B,
    0xFF, 0xF0, 0x00, 0x02, 0xAA, 0x90, 0x00, 0x00, 0x10, 0x00, 0x02, 0xFF, 0x00, 0x00, 0x6B, 0xC0,
    0x00, 0x01, 0xF0, 0x00, 0x00, 0xB8, 0x00, 0x00, 0x3D, 0x00, 0x00, 0x0F, 0x00, 0x00, 0x07, 0xC2,
    0xF8, 0x02, 0xD3, 0xFF, 0x40, 0xB7, 0xC3, 0xE0, 0x3E, 0xC0, 0xBC, 0x0F, 0xC0, 0x2F, 0x07, 0xD0,
    0x0B, 0x82, 0xF0, 0x03, 0xD0, 0xF4, 0x00, 0xF0, 0x3C, 0x00, 0x7C, 0x1F, 0x00, 0x3D, 0x0B, 0x80,
    0x3E, 0x03, 0xFE, 0xBE, 0x01, 0xFB, 0xFD, 0x00, 0x00, 0x00, 0x00, 0x00, 0x00, 0x00, 0x01, 0x55,
    0x50, 0x01, 0xFF, 0xFC, 0x00, 0x2A, 0xA9, 0x00, 0x00, 0x00, 0x00, 0x00, 0x20, 0x00, 0x00, 0x0B,
    0xC0, 0x00, 0x01, 0xFF, 0x00, 0x00, 0x2F, 0xD0, 0x00, 0x00, 0x90, 0x00, 0x00, 0x00, 0x00, 0x00,
    0x00, 0x16, 0x94, 0x00, 0x0B, 0xFF, 0xFD, 0x00, 0xFE, 0x5B, 0xF8, 0x0F, 0xC0, 0x02, 0xD0, 0xFC,
    0x00, 0x0B, 0x07, 0xC0, 0x00, 0x28, 0x3E, 0x00, 0x00, 0x01, 0xF0, 0x00, 0x00, 0x0B, 0xC0, 0x00,
    0x00, 0x3E, 0x00, 0x00, 0x00, 0xF8, 0x00, 0x00, 0x03, 0xE0, 0x00, 0x00, 0x0F, 0xC0, 0x00, 0x00,
    0x2F, 0x00, 0x00, 0x00, 0x7E, 0x00, 0x00, 0xC0, 0xFF, 0x40, 0x6F, 0x00, 0xFF, 0xFF, 0xF0, 0x00,
    0xBF, 0xFD, 0x00, 0x00, 0x00, 0x00, 0x00, 0x00, 0x68, 0x00, 0x00, 0x03, 0xF8, 0x00, 0x00, 0x02,
    0xD0, 0x00, 0x00, 0x0F, 0x00, 0x00, 0x02, 0xF0, 0x00, 0x00, 0x05, 0x00, 0x00, 0x00, 0x00, 0x00,
    0x00, 0x00, 0x03, 0xC0, 0x00, 0x2F, 0x00, 0x01, 0xF0, 0x00, 0x0F, 0x00, 0x00, 0x70, 0x00, 0x00,
    0x00, 0x00, 0x00, 0x00, 0x00, 0x7F, 0xC0, 0x0B, 0xFF, 0x40, 0xB8, 0x18, 0x07, 0x80, 0x00, 0x3C,
    0x00, 0x01, 0xF0, 0x00, 0x0B, 0x80, 0x00, 0x3D, 0x00, 0x00, 0xF4, 0x00, 0x03, 0xE0, 0x01, 0x0B,
    0xC0, 0x78, 0x1F, 0xFF, 0xC0, 0x2F, 0xF4, 0x00, 0x00, 0x00, 0x00, 0x68, 0x00, 0x02, 0xF8, 0x00,
    0x01, 0xE0, 0x00, 0x0F, 0x00, 0x01, 0xF0, 0x00, 0x05, 0x00, 0x00, 0x00, 0x00, 0x00, 0x40, 0x00,
    0x00, 0x00, 0x0F, 0x80, 0x00, 0x00, 0x00, 0xBE, 0x00, 0x00, 0x00, 0x01, 0xF0, 0x00, 0x00, 0x00,
    0x00, 0x00, 0x00, 0x00, 0x00, 0x00, 0x00, 0x00, 0x00, 0x5A, 0x94, 0x00, 0x00, 0x3F, 0xFF, 0xFE,
    0x00, 0x01, 0x9F, 0x45, 0xFF, 0x40, 0x00, 0x7C, 0x00, 0x7F, 0x00, 0x02, 0xF0, 0x00, 0x7E, 0x00,
    0x0B, 0x80, 0x00, 0xFC, 0x00, 0x3D, 0x00, 0x02, 0xF0, 0x00, 0xF0, 0x00, 0x07, 0xC0, 0x07, 0xC0,
    0x00, 0x2F, 0x00, 0x2F, 0x00, 0x00, 0xBC, 0x00, 0xF8, 0x00, 0x03, 0xE0, 0x03, 0xD0, 0x00, 0x0F,
    0x40, 0x0F, 0x00, 0x00, 0xBC, 0x00, 0x7C, 0x00, 0x07, 0xD0, 0x02, 0xF0, 0x00, 0x3E, 0x00, 0x0F,
    0x80, 0x0B, 0xE0, 0x01, 0xBF, 0xAB, 0xFD, 0x00, 0x1F, 0xFF, 0xFE, 0x40, 0x00, 0x00, 0x00, 0x00,
    0x00, 0x00, 0x00, 0x00, 0x00, 0xB0, 0x00, 0x00, 0x0B, 0xD0, 0x00, 0x00, 0x3F, 0x00, 0x00, 0x00,
    0x10, 0x00, 0x00, 0x00, 0x00, 0x00, 0x00, 0x05, 0x00, 0x00, 0x07, 0xFC, 0x00, 0x00, 0x1A, 0xF0,
    0x00, 0x00, 0x07, 0xC0, 0x00, 0x00, 0x2E, 0x00, 0x00, 0x00, 0xF4, 0x00, 0x00, 0x03, 0xC0, 0x00,
    0x2F, 0x9F, 0x00, 0x07, 0xFF, 0xF8, 0x00, 0x7D, 0x0B, 0xD0, 0x03, 0xC0, 0x0F, 0x00, 0x2E, 0x00,
    0x3C, 0x00, 0xF0, 0x01, 0xE0, 0x07, 0x80, 0x0B, 0x80, 0x2D, 0x00, 0x7D, 0x00, 0xF4, 0x03, 0xF0,
    0x03, 0xD0, 0x2F, 0xC1, 0x0F, 0xC2, 0xCF, 0x3C, 0x2F, 0xFD, 0x3F, 0xC0, 0x3F, 0xC0, 0xFC, 0x00,
    0x00, 0x00, 0x00, 0x00, 0x00, 0x05, 0xA9, 0x40, 0x00, 0x03, 0xFF, 0xFF, 0xE0, 0x00, 0x19, 0xF4,
    0x5F, 0xF4, 0x00, 0x07, 0xC0, 0x07, 0xF0, 0x00, 0x2F, 0x00, 0x07, 0xE0, 0x00, 0xB8, 0x00, 0x0F,
    0xC0, 0x03, 0xD0, 0x00, 0x2F, 0x00, 0x0F, 0x00, 0x00, 0x7C, 0x00, 0x7C, 0x00, 0x02, 0xF0, 0x02,
    0xF0, 0x00, 0x0B, 0xC0, 0x0F, 0x80, 0x00, 0x3E, 0x00, 0x3D, 0x00, 0x00, 0xF4, 0x00, 0xF0, 0x00,
    0x0B, 0xC0, 0x07, 0xC0, 0x00, 0x7D, 0x00, 0x2F, 0x00, 0x03, 0xE0, 0x00, 0xF8, 0x00, 0xBE, 0x00,
    0x1B, 0xFA, 0xBF, 0xD0, 0x01, 0xFF, 0xFF, 0xE4, 0x00, 0x00, 0x00, 0x00, 0x00, 0x00, 0x00, 0x00,
    0x00, 0x00, 0x00, 0x00, 0x07, 0x80, 0x00, 0x00, 0x00, 0x3F, 0x00, 0x00, 0x00, 0x01, 0xF8, 0x00,
    0x00, 0x00, 0x01, 0x40, 0x00, 0x00, 0x00, 0x00, 0x01, 0x40, 0x00, 0x07, 0xFC, 0x00, 0x00, 0x6B,
    0xC0, 0x00, 0x00, 0x7C, 0x00, 0x00, 0x0B, 0x80, 0x00, 0x00, 0xF4, 0x00, 0x00, 0x0F, 0x00, 0x02,
    0xF9, 0xF0, 0x01, 0xFF, 0xFE, 0x00, 0x7D, 0x0B, 0xD0, 0x0F, 0x00, 0x3C, 0x02, 0xE0, 0x03, 0xC0,
    0x3C, 0x00, 0x78, 0x07, 0x80, 0x0B, 0x80, 0xB4, 0x01, 0xF4, 0x0F, 0x40, 0x3F, 0x00, 0xF4, 0x0B,
    0xF0, 0x4F, 0xC2, 0xCF, 0x3C, 0xBF, 0xF4, 0xFF, 0x03, 0xFC, 0x0F, 0xC0, 0x00, 0x00, 0x00, 0x00,
    0x00, 0x00, 0x00, 0x01, 0xE0, 0x00, 0x00, 0x3F, 0x00, 0x00, 0x03, 0xE0, 0x00, 0x00, 0x14, 0x00,
    0x00, 0x00, 0x05, 0xA9, 0x40, 0x00, 0x03, 0xFF, 0xFF, 0xE0, 0x00, 0x19, 0xF4, 0x5F, 0xF4, 0x00,
    0x07, 0xC0, 0x07, 0xF0, 0x00, 0x2F, 0x00, 0x07, 0xE0, 0x00, 0xB8, 0x00, 0x0F, 0xC0, 0x03, 0xD0,
    0x00, 0x2F, 0x00, 0x0F, 0x00, 0x00, 0x7C, 0x00, 0x7C, 0x00, 0x02, 0xF0, 0x02, 0xF0, 0x00, 0x0B,
    0xC0, 0x0F, 0x80, 0x00, 0x3E, 0x00, 0x3D, 0x00, 0x00, 0xF4, 0x00, 0xF0, 0x00, 0x0B, 0xC0, 0x07,
    0xC0, 0x00, 0x7D, 0x00, 0x2F, 0x00, 0x03, 0xE0, 0x00, 0xF8, 0x00, 0xBE, 0x00, 0x1B, 0xFA, 0xBF,
    0xD0, 0x01, 0xFF, 0xFF, 0xE4, 0x00, 0x00, 0x00, 0x00, 0x00, 0x00, 0x00, 0x00, 0x00, 0x00, 0x00,
    0x00, 0x55, 0x54, 0x00, 0x00, 0x07, 0xFF, 0xF0, 0x00, 0x00, 0x0A, 0xAA, 0x80, 0x00, 0x00, 0x00,
    0x00, 0x01, 0x40, 0x00, 0x07, 0xFC, 0x00, 0x00, 0x6B, 0xC0, 0x00, 0x00, 0x7C, 0x00, 0x00, 0x0B,
    0x80, 0x00, 0x00, 0xF4, 0x00, 0x00, 0x0F, 0x00, 0x02, 0xF9, 0xF0, 0x01, 0xFF, 0xFE, 0x00, 0x7D,
    0x0B, 0xD0, 0x0F, 0x00, 0x3C, 0x02, 0xE0, 0x03, 0xC0, 0x3C, 0x00, 0x78, 0x07, 0x80, 0x0B, 0x80,
    0xB4, 0x01, 0xF4, 0x0F, 0x40, 0x3F, 0x00, 0xF4, 0x0B, 0xF0, 0x4F, 0xC2, 0xCF, 0x3C, 0xBF, 0xF4,
    0xFF, 0x03, 0xFC, 0x0F, 0xC0, 0x00, 0x00, 0x00, 0x00, 0x00, 0x00, 0x00, 0x15, 0x55, 0x00, 0x07,
    0xFF, 0xF0, 0x00, 0x2A, 0xA9, 0x00, 0x00, 0x00, 0x05, 0xA9, 0x40, 0x00, 0x03, 0xFF, 0xFF, 0xE0,
    0x00, 0x19, 0xF4, 0x5F, 0xF4, 0x00, 0x07, 0xC0, 0x07, 0xF0, 0x00, 0x2F, 0x00, 0x07, 0xE0, 0x00,
    0xB8, 0x00, 0x0F, 0xC0, 0x03, 0xD0, 0x00, 0x2F, 0x00, 0x0F, 0x00, 0x00, 0x7C, 0x00, 0x7C, 0x00,
    0x02, 0xF0, 0x02, 0xF0, 0x00, 0x0B, 0xC0, 0x0F, 0x80, 0x00, 0x3E, 0x00, 0x3D, 0x00, 0x00, 0xF4,
    0x00, 0xF0, 0x00, 0x0B, 0xC0, 0x07, 0xC0, 0x00, 0x7D, 0x00, 0x2F, 0x00, 0x03, 0xE0, 0x00, 0xF8,
    0x00, 0xBE, 0x00, 0x1B, 0xFA, 0xBF, 0xD0, 0x01, 0xFF, 0xFF, 0xE4, 0x00, 0x00, 0x00, 0x00, 0x00,
    0x00, 0x00, 0x00, 0xA0, 0x00, 0x00, 0x00, 0x0B, 0xC0, 0x00, 0x00, 0x00, 0x1F, 0x00, 0x00, 0x00,
    0x00, 0xB4, 0x00, 0x00, 0x00, 0x07, 0x80, 0x00, 0x00, 0x00, 0x14, 0x00, 0x00, 0x00, 0x00, 0x00,
    0x01, 0x40, 0x00, 0x07, 0xFC, 0x00, 0x00, 0x6B, 0xC0, 0x00, 0x00, 0x7C, 0x00, 0x00, 0x0B, 0x80,
    0x00, 0x00, 0xF4, 0x00, 0x00, 0x0F, 0x00, 0x02, 0xF9, 0xF0, 0x01, 0xFF, 0xFE, 0x00, 0x7D, 0x0B,
    0xD0, 0x0F, 0x00, 0x3C, 0x02, 0xE0, 0x03, 0xC0, 0x3C, 0x00, 0x78, 0x07, 0x80, 0x0B, 0x80, 0xB4,
    0x01, 0xF4, 0x0F, 0x40, 0x3F, 0x00, 0xF4, 0x0B, 0xF0, 0x4F, 0xC2, 0xCF, 0x3C, 0xBF, 0xF4, 0xFF,
    0x03, 0xFC, 0x0F, 0xC0, 0x00, 0x00, 0x00, 0x00, 0x0A, 0x00, 0x00, 0x02, 0xF0, 0x00, 0x00, 0x1F,
    0x00, 0x00, 0x02, 0xD0, 0x00, 0x00, 0x78, 0x00, 0x00, 0x05, 0x00, 0x00, 0x00, 0x00, 0x05, 0xA9,
    0x40, 0x00, 0x03, 0xFF, 0xFF, 0xE0, 0x00, 0x19, 0xF4, 0x5F, 0xF4, 0x00, 0x07, 0xC0, 0x07, 0xF0,
    0x00, 0x2F, 0x00, 0x07, 0xE0, 0x00, 0xB8, 0x00, 0x0F, 0xC0, 0x03, 0xD0, 0x00, 0x2F, 0x00, 0x0F,
    0x00, 0x00, 0x7C, 0x00, 0x7C, 0x00, 0x02, 0xF0, 0x02, 0xF0, 0x00, 0x0B, 0xC0, 0x0F, 0x80, 0x00,
    0x3E, 0x00, 0x3D, 0x00, 0x00, 0xF4, 0x00, 0xF0, 0x00, 0x0B, 0xC0, 0x07, 0xC0, 0x00, 0x7D, 0x00,
    0x2F, 0x00, 0x03, 0xE0, 0x00, 0xF8, 0x00, 0xBE, 0x00, 0x1B, 0xFA, 0xBF, 0xD0, 0x01, 0xFF, 0xFF,
    0xE4, 0x00, 0x00, 0x00, 0x00, 0x00, 0x00, 0x00, 0x00, 0x00, 0x00, 0x00, 0x00, 0x07, 0xD0, 0x00,
    0x00, 0x00, 0x7F, 0xC0, 0x00, 0x00, 0x07, 0xCB, 0xC0, 0x00, 0x00, 0xBC, 0x0B, 0x40, 0x00, 0x01,
    0x40, 0x04, 0x00, 0x00, 0x00, 0x00, 0x00, 0x50, 0x00, 0x00, 0x7F, 0xC0, 0x00, 0x01, 0xAF, 0x00,
    0x00, 0x00, 0x7C, 0x00, 0x00, 0x02, 0xE0, 0x00, 0x00, 0x0F, 0x40, 0x00, 0x00, 0x3C, 0x00, 0x02,
    0xF9, 0xF0, 0x00, 0x7F, 0xFF, 0x80, 0x07, 0xD0, 0xBD, 0x00, 0x3C, 0x00, 0xF0, 0x02, 0xE0, 0x03,
    0xC0, 0x0F, 0x00, 0x1E, 0x00, 0x78, 0x00, 0xB8, 0x02, 0xD0, 0x07, 0xD0, 0x0F, 0x40, 0x3F, 0x00,
    0x3D, 0x02, 0xFC, 0x10, 0xFC, 0x2C, 0xF3, 0xC2, 0xFF, 0xD3, 0xFC, 0x03, 0xFC, 0x0F, 0xC0, 0x00,
    0x00, 0x00, 0x00, 0x00, 0x00, 0x00, 0x00, 0x0B, 0xD0, 0x00, 0x00, 0xBF, 0xC0, 0x00, 0x0B, 0xCB,
    0xC0, 0x00, 0xB8, 0x0F, 0x00, 0x01, 0x40, 0x00, 0x00, 0x00, 0x00, 0x00, 0x20, 0x00, 0x00, 0x00,
    0x1F, 0x00, 0x00, 0x00, 0x02, 0xF4, 0x00, 0x00, 0x00, 0x09, 0x00, 0x00, 0x00, 0x00, 0x00, 0x00,
    0x00, 0xBF, 0xFE, 0x00, 0x00, 0x2F, 0xFF, 0x40, 0x00, 0x00, 0x00, 0x00, 0x00, 0x55, 0x55, 0x55,
    0x00, 0x3F, 0xFF, 0xFF, 0xC0, 0x01, 0xFA, 0xAA, 0xF0, 0x00, 0x7C, 0x00, 0x38, 0x00, 0x2F, 0x00,
    0x0C, 0x00, 0x0B, 0x80, 0x00, 0x00, 0x03, 0xD0, 0x00, 0x00, 0x00, 0xF0, 0x00, 0x00, 0x00, 0x7E,
    0xAA, 0x80, 0x00, 0x2F, 0xFF, 0xE0, 0x00, 0x0F, 0x80, 0x00, 0x00, 0x03, 0xD0, 0x00, 0x00, 0x00,
    0xF0, 0x00, 0x00, 0x00, 0x7C, 0x00, 0x1C, 0x00, 0x2F, 0x00, 0x0F, 0x00, 0x0F, 0x80, 0x07, 0x80,
    0x1B, 0xFF, 0xFF, 0xD0, 0x1F, 0xFF, 0xFF, 0xF0, 0x00, 0x00, 0x00, 0x00, 0x02, 0x80, 0x00, 0x0F,
    0x80, 0x00, 0x1F, 0x80, 0x00, 0x1F, 0x40, 0x00, 0x09, 0x00, 0x00, 0x00, 0x00, 0xAA, 0xA8, 0x03,
    0xFF, 0xF0, 0x00, 0x00, 0x00, 0x00, 0x00, 0x00, 0x00, 0x00, 0x00, 0x6F, 0xC0, 0x0B, 0xAF, 0xC0,
    0xB4, 0x1F, 0x07, 0x80, 0x7C, 0x3C, 0x03, 0xD1, 0xE0, 0xBD, 0x0B, 0xAF, 0xC0, 0x3F, 0xE4, 0x00,
    0xF4, 0x00, 0x03, 0xD0, 0x01, 0x0F, 0xC0, 0x7C, 0x1F, 0xFF, 0xD0, 0x2F, 0xF8, 0x00, 0x00, 0x00,
    0x00, 0x00, 0x00, 0x00, 0x08, 0x00, 0x00, 0x00, 0x1F, 0x40, 0x00, 0x00, 0x3F, 0x80, 0x00, 0x00,
    0x19, 0x00, 0x00, 0x00, 0x00, 0x00, 0x00, 0x00, 0xBF, 0xFE, 0x00, 0x00, 0x2F, 0xFF, 0x40, 0x00,
    0x00, 0x00, 0x00, 0x00, 0x55, 0x55, 0x55, 0x00, 0x3F, 0xFF, 0xFF, 0xC0, 0x01, 0xFA, 0xAA, 0xF0,
    0x00, 0x7C, 0x00, 0x38, 0x00, 0x2F, 0x00, 0x0C, 0x00, 0x0B, 0x80, 0x00, 0x00, 0x03, 0xD0, 0x00,
    0x00, 0x00, 0xF0, 0x00, 0x00, 0x00, 0x7E, 0xAA, 0x80, 0x00, 0x2F, 0xFF, 0xE0, 0x00, 0x0F, 0x80,
    0x00, 0x00, 0x03, 0xD0, 0x00, 0x00, 0x00, 0xF0, 0x00, 0x00, 0x00, 0x7C, 0x00, 0x1C, 0x00, 0x2F,
    0x00, 0x0F, 0x00, 0x0F, 0x80, 0x07, 0x80, 0x1B, 0xFF, 0xFF, 0xD0, 0x1F, 0xFF, 0xFF, 0xF0, 0x00,
    0x00, 0x00, 0x00, 0x00, 0x00, 0x1C, 0x00, 0x00, 0xBC, 0x00, 0x02, 0xF8, 0x00, 0x0F, 0xD0, 0x00,
    0x09, 0x00, 0x00, 0x00, 0x00, 0x02, 0xAA, 0xA0, 0x03, 0xFF, 0xF0, 0x00, 0x00, 0x00, 0x00, 0x00,
    0x00, 0x00, 0x00, 0x00, 0x00, 0x6F, 0xC0, 0x02, 0xEB, 0xF0, 0x0B, 0x41, 0xF0, 0x1E, 0x01, 0xF0,
    0x3C, 0x03, 0xD0, 0x78, 0x2F, 0x40, 0xBA, 0xFC, 0x00, 0xFF, 0x90, 0x00, 0xF4, 0x00, 0x00, 0xF4,
    0x00, 0x40, 0xFC, 0x07, 0xC0, 0x7F, 0xFF, 0x40, 0x2F, 0xF8, 0x00, 0x00, 0x00, 0x00, 0x00, 0x55,
    0x55, 0x55, 0x00, 0x3F, 0xFF, 0xFF, 0xC0, 0x01, 0xFA, 0xAA, 0xF0, 0x00, 0x7C, 0x00, 0x38, 0x00,
    0x2F, 0x00, 0x0C, 0x00, 0x0B, 0x80, 0x00, 0x00, 0x03, 0xD0, 0x00, 0x00, 0x00, 0xF0, 0x00, 0x00,
    0x00, 0x7E, 0xAA, 0x80, 0x00, 0x2F, 0xFF, 0xE0, 0x00, 0x0F, 0x80, 0x00, 0x00, 0x03, 0xD0, 0x00,
    0x00, 0x00, 0xF0, 0x00, 0x00, 0x00, 0x7C, 0x00, 0x1C, 0x00, 0x2F, 0x00, 0x0F, 0x00, 0x0F, 0x80,
    0x07, 0x80, 0x1B, 0xFF, 0xFF, 0xD0, 0x1F, 0xFF, 0xFF, 0xF0, 0x00, 0x00, 0x00, 0x00, 0x00, 0x00,
    0x00, 0x00, 0x00, 0x00, 0x0F, 0x80, 0x00, 0x00, 0x0F, 0xF4, 0x00, 0x00, 0x0F, 0x5F, 0x00, 0x00,
    0x1F, 0x41, 0xE0, 0x00, 0x01, 0x00, 0x10, 0x00, 0x00, 0x00, 0x00, 0x00, 0x00, 0x01, 0xBF, 0x00,
    0x02, 0xEB, 0xF0, 0x02, 0xD0, 0x7C, 0x01, 0xE0, 0x1F, 0x00, 0xF0, 0x0F, 0x40, 0x78, 0x2F, 0x40,
    0x2E, 0xBF, 0x00, 0x0F, 0xF9, 0x00, 0x03, 0xD0, 0x00, 0x00, 0xF4, 0x00, 0x40, 0x3F, 0x01, 0xF0,
    0x07, 0xFF, 0xF4, 0x00, 0xBF, 0xE0, 0x00, 0x00, 0x00, 0x00, 0x00, 0x00, 0x00, 0x00, 0xBC, 0x00,
    0x00, 0xBF, 0xC0, 0x00, 0xBC, 0xB8, 0x00, 0xB8, 0x0F, 0x00, 0x10, 0x00, 0x00, 0x00, 0x00, 0x55,
    0x55, 0x55, 0x00, 0x3F, 0xFF, 0xFF, 0xC0, 0x01, 0xFA, 0xAA, 0xF0, 0x00, 0x7C, 0x00, 0x38, 0x00,
    0x2F, 0x00, 0x0C, 0x00, 0x0B, 0x80, 0x00, 0x00, 0x03, 0xD0, 0x00, 0x00, 0x00, 0xF0, 0x00, 0x00,
    0x00, 0x7E, 0xAA, 0x80, 0x00, 0x2F, 0xFF, 0xE0, 0x00, 0x0F, 0x80, 0x00, 0x00, 0x03, 0xD0, 0x00,
    0x00, 0x00, 0xF0, 0x00, 0x00, 0x00, 0x7C, 0x00, 0x1C, 0x00, 0x2F, 0x00, 0x0F, 0x00, 0x0F, 0x80,
    0x07, 0x80, 0x1B, 0xFF, 0xFF, 0xD0, 0x1F, 0xFF, 0xFF, 0xF0, 0x00, 0x00, 0x00, 0x00, 0x00, 0x00,
    0x00, 0x00, 0x00, 0x00, 0xF8, 0x34, 0x00, 0x00, 0xFF, 0xAD, 0x00, 0x00, 0x38, 0xFF, 0x00, 0x00,
    0x08, 0x0A, 0x00, 0x00, 0x00, 0x00, 0x00, 0x00, 0x1B, 0xF0, 0x00, 0xBA, 0xFC, 0x02, 0xD0, 0x7C,
    0x07, 0x80, 0x7C, 0x0F, 0x00, 0xF4, 0x1E, 0x0B, 0xD0, 0x2E, 0xBF, 0x00, 0x3F, 0xE4, 0x00, 0x3D,
    0x00, 0x00, 0x3D, 0x00, 0x10, 0x3F, 0x01, 0xF0, 0x1F, 0xFF, 0xD0, 0x0B, 0xFE, 0x00, 0x00, 0x00,
    0x00, 0x00, 0x00, 0x00, 0x1F, 0x43, 0x00, 0x7F, 0xDF, 0x00, 0xB1, 0xFE, 0x00, 0x10, 0x64, 0x00,
    0x00, 0x00, 0x10, 0x00, 0x00, 0x00, 0x3C, 0x02, 0x40, 0x00, 0x0F, 0xDB, 0xC0, 0x00, 0x01, 0xFF,
    0xC0, 0x00, 0x00, 0x05, 0x40, 0x00, 0x00, 0x00, 0x00, 0x00, 0x05, 0x55, 0x55, 0x50, 0x03, 0xFF,
    0xFF, 0xFC, 0x00, 0x1F, 0xAA, 0xAF, 0x00, 0x07, 0xC0, 0x03, 0x80, 0x02, 0xF0, 0x00, 0xC0, 0x00,
    0xB8, 0x00, 0x00, 0x00, 0x3D, 0x00, 0x00, 0x00, 0x0F, 0x00, 0x00, 0x00, 0x07, 0xEA, 0xA8, 0x00,
    0x02, 0xFF, 0xFE, 0x00, 0x00, 0xF8, 0x00, 0x00, 0x00, 0x3D, 0x00, 0x00, 0x00, 0x0F, 0x00, 0x00,
    0x00, 0x07, 0xC0, 0x01, 0xC0, 0x02, 0xF0, 0x00, 0xF0, 0x00, 0xF8, 0x00, 0x78, 0x01, 0xBF, 0xFF,
    0xFD, 0x01, 0xFF, 0xFF, 0xFF, 0x00, 0x00, 0x00, 0x00, 0x00, 0x00, 0x02, 0x90, 0x00, 0x00, 0x01,
    0xFC, 0x00, 0x00, 0x00, 0x0F, 0x00, 0x00, 0x00, 0x0B, 0x40, 0x00, 0x00, 0x1F, 0x80, 0x00, 0x00,
    0x01, 0x00, 0x00, 0x00, 0x00, 0x00, 0x00, 0x00, 0xD0, 0x08, 0x01, 0xF4, 0x7C, 0x00, 0xFF, 0xF0,
    0x00, 0x2F, 0x80, 0x00, 0x00, 0x00, 0x00, 0x00, 0x00, 0x00, 0x6F, 0xC0, 0x02, 0xEB, 0xF0, 0x0B,
    0x41, 0xF0, 0x1E, 0x01, 0xF0, 0x3C, 0x03, 0xD0, 0x78, 0x2F, 0x40, 0xBA, 0xFC, 0x00, 0xFF, 0x90,
    0x00, 0xF4, 0x00, 0x00, 0xF4, 0x00, 0x40, 0xFC, 0x07, 0xC0, 0x7F, 0xFF, 0x40, 0x2F, 0xF8, 0x00,
    0x00, 0x00, 0x00, 0x06, 0x80, 0x00, 0x0B, 0xE0, 0x00, 0x01, 0xE0, 0x00, 0x03, 0xC0, 0x00, 0x1F,
    0x00, 0x00, 0x14, 0x00, 0x00, 0x00, 0x00, 0x01, 0x00, 0x00, 0x00, 0x0F, 0x80, 0x00, 0x00, 0x2F,
    0x80, 0x00, 0x00, 0x1F, 0x00, 0x00, 0x00, 0x00, 0x00, 0x00, 0x00, 0x00, 0x00, 0x00, 0x55, 0x55,
    0x54, 0x00, 0xFF, 0xFF, 0xFC, 0x00, 0x1F, 0xAA, 0xBC, 0x00, 0x1F, 0x00, 0x38, 0x00, 0x2F, 0x00,
    0x34, 0x00, 0x2E, 0x00, 0x00, 0x00, 0x3D, 0x00, 0x00, 0x00, 0x3D, 0x00, 0x00, 0x00, 0x7E, 0xAA,
    0x40, 0x00, 0xBF, 0xFF, 0x40, 0x00, 0xF8, 0x00, 0x00, 0x00, 0xF4, 0x00, 0x00, 0x00, 0xF0, 0x00,
    0x00, 0x01, 0xF0, 0x00, 0x00, 0x02, 0xF0, 0x00, 0x00, 0x03, 0xE0, 0x00, 0x00, 0x1B, 0xF9, 0x00,
    0x00, 0x7F, 0xFF, 0x00, 0x00, 0x00, 0x00, 0x00, 0x07, 0x80, 0x00, 0x00, 0x00, 0xFC, 0x00, 0x00,
    0x00, 0x0F, 0x80, 0x00, 0x00, 0x00, 0x50, 0x00, 0x00, 0x00, 0x00, 0x00, 0x00, 0x00, 0x00, 0x00,
    0x00, 0x00, 0x00, 0x7F, 0xD0, 0x00, 0x00, 0x1F, 0xBF, 0x00, 0x00, 0x03, 0xC0, 0x80, 0x00, 0x00,
    0x78, 0x00, 0x00, 0x00, 0x0F, 0x40, 0x00, 0x00, 0x00, 0xF0, 0x00, 0x00, 0x00, 0xBF, 0xFD, 0x00,
    0x00, 0x3F, 0xFF, 0xC0, 0x00, 0x00, 0x3D, 0x00, 0x00, 0x00, 0x03, 0xC0, 0x00, 0x00, 0x00, 0x3C,
    0x00, 0x00, 0x00, 0x07, 0xC0, 0x00, 0x00, 0x00, 0xB8, 0x00, 0x00, 0x00, 0x0F, 0x40, 0x00, 0x00,
    0x00, 0xF0, 0x00, 0x00, 0x00, 0x1F, 0x00, 0x00, 0x00, 0x01, 0xF0, 0x00, 0x00, 0x00, 0x2E, 0x00,
    0x00, 0x00, 0x03, 0xD0, 0x00, 0x00, 0x00, 0x3C, 0x00, 0x00, 0x00, 0x07, 0xC0, 0x00, 0x00, 0x00,
    0xF4, 0x00, 0x00, 0x2C, 0x1F, 0x00, 0x00, 0x03, 0xFF, 0xC0, 0x00, 0x00, 0x1F, 0xE0, 0x00, 0x00,
    0x00, 0x00, 0x00, 0x00, 0x00, 0x00, 0x00, 0xFF, 0xFD, 0x00, 0x00, 0x2F, 0xFF, 0x00, 0x00, 0x00,
    0x00, 0x00, 0x00, 0x00, 0x00, 0x00, 0x00, 0x00, 0x1A, 0x90, 0x00, 0x00, 0xBF, 0xFF, 0xE0, 0x01,
    0xFE, 0x5B, 0xF8, 0x01, 0xF8, 0x00, 0x2E, 0x01, 0xF4, 0x00, 0x0B, 0x40, 0xF8, 0x00, 0x02, 0x80,
    0x7C, 0x00, 0x00, 0x00, 0x2E, 0x00, 0x00, 0x00, 0x0F, 0x40, 0x00, 0x00, 0x03, 0xD0, 0x00, 0x00,
    0x01, 0xF0, 0x00, 0x7F, 0xFC, 0x7C, 0x00, 0x05, 0xFC, 0x0F, 0x40, 0x00, 0x2E, 0x03, 0xE0, 0x00,
    0x0F, 0x80, 0xBD, 0x00, 0x03, 0xD0, 0x0F, 0xE0, 0x01, 0xF0, 0x01, 0xFF, 0xFF, 0xFC, 0x00, 0x0B,
    0xFF, 0xE4, 0x00, 0x00, 0x00, 0x00, 0x00, 0x00, 0x00, 0x6A, 0xA9, 0x00, 0x00, 0x2F, 0xFF, 0x80,
    0x00, 0x00, 0x00, 0x00, 0x00, 0x00, 0x00, 0x00, 0x00, 0x00, 0x00, 0x00, 0x00, 0x00, 0x2F, 0xFE,
    0xD0, 0x00, 0x7E, 0xBF, 0xF0, 0x00, 0x7C, 0x07, 0x80, 0x00, 0x3D, 0x01, 0xF0, 0x00, 0x0F, 0x00,
    0x78, 0x00, 0x03, 0xC0, 0x3C, 0x00, 0x00, 0xF4, 0x3D, 0x00, 0x00, 0x1F, 0xFD, 0x00, 0x00, 0x01,
    0xF4, 0x00, 0x00, 0x01, 0xE0, 0x00, 0x00, 0x00, 0xBC, 0x00, 0x00, 0x00, 0x2F, 0xE4, 0x00, 0x00,
    0xBE, 0xBF, 0xC0, 0x01, 0xF4, 0x02, 0xFC, 0x00, 0xF4, 0x00, 0x1F, 0x40, 0x3D, 0x00, 0x03, 0xD0,
    0x0F, 0xD0, 0x07, 0xE0, 0x00, 0xFF, 0xFF, 0xE0, 0x00, 0x06, 0xFE, 0x40, 0x00, 0x00, 0x00, 0x00,
    0x00, 0x00, 0x00, 0x00, 0x00, 0x0B, 0xC0, 0x00, 0x00, 0x00, 0x00, 0xFC, 0x00, 0x00, 0x00, 0x00,
    0x0F, 0x80, 0x00, 0x00, 0x00, 0x00, 0x00, 0x00, 0x00, 0x00, 0x00, 0x00, 0x00, 0x00, 0x00, 0x55,
    0x54, 0x01, 0x55, 0x40, 0x0F, 0xFF, 0x40, 0x7F, 0xFD, 0x00, 0x1F, 0x80, 0x00, 0xBD, 0x00, 0x01,
    0xF0, 0x00, 0x0B, 0xC0, 0x00, 0x2F, 0x00, 0x00, 0xF8, 0x00, 0x02, 0xE0, 0x00, 0x0F, 0x40, 0x00,
    0x3D, 0x00, 0x00, 0xF0, 0x00, 0x03, 0xD0, 0x00, 0x1F, 0x00, 0x00, 0x7F, 0xFF, 0xFF, 0xF0, 0x00,
    0x0B, 0xFF, 0xFF, 0xFE, 0x00, 0x00, 0xF8, 0x00, 0x03, 0xD0, 0x00, 0x0F, 0x40, 0x00, 0x7C, 0x00,
    0x00, 0xF0, 0x00, 0x0B, 0xC0, 0x00, 0x1F, 0x00, 0x00, 0xB8, 0x00, 0x02, 0xF0, 0x00, 0x0F, 0x40,
    0x00, 0x3E, 0x00, 0x00, 0xF4, 0x00, 0x1B, 0xF8, 0x00, 0x7F, 0x90, 0x07, 0xFF, 0xD0, 0x2F, 0xFF,
    0x00, 0x00, 0x0B, 0x00, 0x00, 0x00, 0xBD, 0x00, 0x00, 0x03, 0xF0, 0x00, 0x00, 0x01, 0x00, 0x00,
    0x00, 0x00, 0x00, 0x00, 0x00, 0x40, 0x00, 0x00, 0xBF, 0xC0, 0x00, 0x01, 0xAF, 0x00, 0x00, 0x00,
    0x7C, 0x00, 0x00, 0x02, 0xE0, 0x00, 0x00, 0x0F, 0x00, 0x00, 0x00, 0x3C, 0x00, 0x00, 0x01, 0xE0,
    0x7F, 0x40, 0x0B, 0x4B, 0xFE, 0x00, 0x3C, 0xB8, 0xBC, 0x00, 0xF7, 0x42, 0xE0, 0x07, 0xF4, 0x0F,
    0x40, 0x2F, 0xC0, 0x3C, 0x00, 0xBC, 0x01, 0xF0, 0x03, 0xE0, 0x0B, 0x80, 0x0F, 0x00, 0x3D, 0x00,
    0x7C, 0x00, 0xF0, 0x42, 0xE0, 0x03, 0xCF, 0x0F, 0x40, 0x1F, 0xF4, 0x3C, 0x00, 0x3F, 0x00, 0x00,
    0x00, 0x00, 0x00, 0x00, 0x55, 0x54, 0x01, 0x55, 0x40, 0x0F, 0xFF, 0x40, 0x7F, 0xFD, 0x00, 0x1F,
    0x80, 0x00, 0xBD, 0x00, 0x01, 0xF0, 0x00, 0x0B, 0xC0, 0x00, 0x2F, 0x00, 0x00, 0xF8, 0x00, 0x02,
    0xE0, 0x00, 0x0F, 0x40, 0x00, 0x3D, 0x00, 0x00, 0xF0, 0x00, 0x03, 0xD0, 0x00, 0x1F, 0x00, 0x00,
    0x7F, 0xFF, 0xFF, 0xF0, 0x00, 0x0B, 0xFF, 0xFF, 0xFE, 0x00, 0x00, 0xF8, 0x00, 0x03, 0xD0, 0x00,
    0x0F, 0x40, 0x00, 0x7C, 0x00, 0x00, 0xF0, 0x00, 0x0B, 0xC0, 0x00, 0x1F, 0x00, 0x00, 0xB8, 0x00,
    0x02, 0xF0, 0x00, 0x0F, 0x40, 0x00, 0x3E, 0x00, 0x00, 0xF4, 0x00, 0x1B, 0xF8, 0x00, 0x7F, 0x90,
    0x07, 0xFF, 0xD0, 0x2F, 0xFF, 0x00, 0x00, 0x00, 0x00, 0x00, 0x00, 0x00, 0x00, 0x00, 0x00, 0x00,
    0x00, 0x00, 0x01, 0xE0, 0x00, 0x00, 0x00, 0x00, 0x3F, 0x00, 0x00, 0x00, 0x00, 0x03, 0xF0, 0x00,
    0x00, 0x00, 0x00, 0x14, 0x00, 0x00, 0x00, 0x00, 0x10, 0x00, 0x00, 0x2F, 0xF0, 0x00, 0x00, 0x6B,
    0xC0, 0x00, 0x00, 0x1F, 0x00, 0x00, 0x00, 0xB8, 0x00, 0x00, 0x03, 0xC0, 0x00, 0x00, 0x0F, 0x00,
    0x00, 0x00, 0x78, 0x1F, 0xD0, 0x02, 0xD2, 0xFF, 0x80, 0x0F, 0x2E, 0x2F, 0x00, 0x3D, 0xD0, 0xB8,
    0x01, 0xFD, 0x03, 0xD0, 0x0B, 0xF0, 0x0F, 0x00, 0x2F, 0x00, 0x7C, 0x00, 0xF8, 0x02, 0xE0, 0x03,
    0xC0, 0x0F, 0x40, 0x1F, 0x00, 0x3C, 0x10, 0xB8, 0x00, 0xF3, 0xC3, 0xD0, 0x07, 0xFD, 0x0F, 0x00,
    0x0F, 0xC0, 0x00, 0x00, 0x00, 0x00, 0x00, 0x00, 0x00, 0x00, 0x02, 0xC0, 0x00, 0x00, 0x2F, 0x40,
    0x00, 0x00, 0xFC, 0x00, 0x00, 0x00, 0x40, 0x00, 0x00, 0x00, 0x00, 0x0B, 0x41, 0xD0, 0x00, 0x00,
    0x01, 0xF8, 0x7E, 0x00, 0x00, 0x00, 0x2F, 0x07, 0xD0, 0x00, 0x00, 0x00, 0x00, 0x00, 0x00, 0x00,
    0x00, 0x00, 0x00, 0x00, 0x00, 0x05, 0x55, 0x40, 0x15, 0x54, 0x00, 0xFF, 0xF4, 0x07, 0xFF, 0xD0,
    0x01, 0xF8, 0x00, 0x0B, 0xD0, 0x00, 0x1F, 0x00, 0x00, 0xBC, 0x00, 0x02, 0xF0, 0x00, 0x0F, 0x80,
    0x00, 0x2E, 0x00, 0x00, 0xF4, 0x00, 0x03, 0xD0, 0x00, 0x0F, 0x00, 0x00, 0x3D, 0x00, 0x01, 0xF0,
    0x00, 0x07, 0xFF, 0xFF, 0xFF, 0x00, 0x00, 0xBF, 0xFF, 0xFF, 0xE0, 0x00, 0x0F, 0x80, 0x00, 0x3D,
    0x00, 0x00, 0xF4, 0x00, 0x07, 0xC0, 0x00, 0x0F, 0x00, 0x00, 0xBC, 0x00, 0x01, 0xF0, 0x00, 0x0B,
    0x80, 0x00, 0x2F, 0x00, 0x00, 0xF4, 0x00, 0x03, 0xE0, 0x00, 0x0F, 0x40, 0x01, 0xBF, 0x80, 0x07,
    0xF9, 0x00, 0x7F, 0xFD, 0x02, 0xFF, 0xF0, 0x00, 0x00, 0x40, 0x10, 0x00, 0x0F, 0x83, 0xE0, 0x00,
    0x3E, 0x0F, 0x80, 0x00, 0x90, 0x24, 0x00, 0x00, 0x00, 0x00, 0x00, 0x00, 0x40, 0x00, 0x00, 0xBF,
    0xC0, 0x00, 0x01, 0xAF, 0x00, 0x00, 0x00, 0x7C, 0x00, 0x00, 0x02, 0xE0, 0x00, 0x00, 0x0F, 0x00,
    0x00, 0x00, 0x3C, 0x00, 0x00, 0x01, 0xE0, 0x7F, 0x40, 0x0B, 0x4B, 0xFE, 0x00, 0x3C, 0xB8, 0xBC,
    0x00, 0xF7, 0x42, 0xE0, 0x07, 0xF4, 0x0F, 0x40, 0x2F, 0xC0, 0x3C, 0x00, 0xBC, 0x01, 0xF0, 0x03,
    0xE0, 0x0B, 0x80, 0x0F, 0x00, 0x3D, 0x00, 0x7C, 0x00, 0xF0, 0x42, 0xE0, 0x03, 0xCF, 0x0F, 0x40,
    0x1F, 0xF4, 0x3C, 0x00, 0x3F, 0x00, 0x00, 0x00, 0x00, 0x00, 0x00, 0x55, 0x54, 0x01, 0x55, 0x40,
    0x0F, 0xFF, 0x40, 0x7F, 0xFD, 0x00, 0x1F, 0x80, 0x00, 0xBD, 0x00, 0x01, 0xF0, 0x00, 0x0B, 0xC0,
    0x00, 0x2F, 0x00, 0x00, 0xF8, 0x00, 0x02, 0xE0, 0x00, 0x0F, 0x40, 0x00, 0x3D, 0x00, 0x00, 0xF0,
    0x00, 0x03, 0xD0, 0x00, 0x1F, 0x00, 0x00, 0x7F, 0xFF, 0xFF, 0xF0, 0x00, 0x0B, 0xFF, 0xFF, 0xFE,
    0x00, 0x00, 0xF8, 0x00, 0x03, 0xD0, 0x00, 0x0F, 0x40, 0x00, 0x7C, 0x00, 0x00, 0xF0, 0x00, 0x0B,
    0xC0, 0x00, 0x1F, 0x00, 0x00, 0xB8, 0x00, 0x02, 0xF0, 0x00, 0x0F, 0x40, 0x00, 0x3E, 0x00, 0x00,
    0xF4, 0x00, 0x1B, 0xF8, 0x00, 0x7F, 0x90, 0x07, 0xFF, 0xD0, 0x2F, 0xFF, 0x00, 0x00, 0x00, 0x00,
    0x00, 0x00, 0x00, 0x00, 0x1A, 0x00, 0x00, 0x00, 0x00, 0x02, 0xFC, 0x00, 0x00, 0x00, 0x00, 0x07,
    0xC0, 0x00, 0x00, 0x00, 0x00, 0xF4, 0x00, 0x00, 0x00, 0x00, 0x7D, 0x00, 0x00, 0x00, 0x00, 0x05,
    0x00, 0x00, 0x00, 0x00, 0x00, 0x10, 0x00, 0x00, 0x2F, 0xF0, 0x00, 0x00, 0x6B, 0xC0, 0x00, 0x00,
    0x1F, 0x00, 0x00, 0x00, 0xB8, 0x00, 0x00, 0x03, 0xC0, 0x00, 0x00, 0x0F, 0x00, 0x00, 0x00, 0x78,
    0x1F, 0xD0, 0x02, 0xD2, 0xFF, 0x80, 0x0F, 0x2E, 0x2F, 0x00, 0x3D, 0xD0, 0xB8, 0x01, 0xFD, 0x03,
    0xD0, 0x0B, 0xF0, 0x0F, 0x00, 0x2F, 0x00, 0x7C, 0x00, 0xF8, 0x02, 0xE0, 0x03, 0xC0, 0x0F, 0x40,
    0x1F, 0x00, 0x3C, 0x10, 0xB8, 0x00, 0xF3, 0xC3, 0xD0, 0x07, 0xFD, 0x0F, 0x00, 0x0F, 0xC0, 0x00,
    0x00, 0x00, 0x00, 0x00, 0xA4, 0x00, 0x00, 0x07, 0xF0, 0x00, 0x00, 0x03, 0xC0, 0x00, 0x00, 0x2D,
    0x00, 0x00, 0x03, 0xE0, 0x00, 0x00, 0x04, 0x00, 0x00, 0x00, 0x00, 0x55, 0x54, 0x01, 0x55, 0x40,
    0x0F, 0xFF, 0x40, 0x7F, 0xFD, 0x00, 0x1F, 0x80, 0x00, 0xBD, 0x00, 0x01, 0xF0, 0x00, 0x0B, 0xC0,
    0x00, 0x2F, 0x00, 0x00, 0xF8, 0x00, 0x02, 0xE0, 0x00, 0x0F, 0x40, 0x00, 0x3D, 0x00, 0x00, 0xF0,
    0x00, 0x03, 0xD0, 0x00, 0x1F, 0x00, 0x00, 0x7F, 0xFF, 0xFF, 0xF0, 0x00, 0x0B, 0xFF, 0xFF, 0xFE,
    0x00, 0x00, 0xF8, 0x00, 0x03, 0xD0, 0x00, 0x0F, 0x40, 0x00, 0x7C, 0x00, 0x00, 0xF0, 0x00, 0x0B,
    0xC0, 0x00, 0x1F, 0x00, 0x00, 0xB8, 0x00, 0x02, 0xF0, 0x00, 0x0F, 0x40, 0x00, 0x3E, 0x00, 0x00,
    0xF4, 0x00, 0x1B, 0xF8, 0x00, 0x7F, 0x90, 0x07, 0xFF, 0xD0, 0x2F, 0xFF, 0x00, 0x00, 0x00, 0x00,
    0x00, 0x00, 0x00, 0x00, 0x00, 0x00, 0x00, 0x00, 0x00, 0x38, 0x02, 0x40, 0x00, 0x00, 0x03, 0xD1,
    0xB0, 0x00, 0x00, 0x00, 0x3F, 0xFD, 0x00, 0x00, 0x00, 0x00, 0xBE, 0x00, 0x00, 0x00, 0x00, 0x10,
    0x00, 0x00, 0x2F, 0xF0, 0x00, 0x00, 0x6B, 0xC0, 0x00, 0x00, 0x1F, 0x00, 0x00, 0x00, 0xB8, 0x00,
    0x00, 0x03, 0xC0, 0x00, 0x00, 0x0F, 0x00, 0x00, 0x00, 0x78, 0x1F, 0xD0, 0x02, 0xD2, 0xFF, 0x80,
    0x0F, 0x2E, 0x2F, 0x00, 0x3D, 0xD0, 0xB8, 0x01, 0xFD, 0x03, 0xD0, 0x0B, 0xF0, 0x0F, 0x00, 0x2F,
    0x00, 0x7C, 0x00, 0xF8, 0x02, 0xE0, 0x03, 0xC0, 0x0F, 0x40, 0x1F, 0x00, 0x3C, 0x10, 0xB8, 0x00,
    0xF3, 0xC3, 0xD0, 0x07, 0xFD, 0x0F, 0x00, 0x0F, 0xC0, 0x00, 0x00, 0x00, 0x00, 0x00, 0x00, 0x00,
    0x00, 0xE0, 0x0D, 0x00, 0x03, 0xE6, 0xF0, 0x00, 0x0B, 0xFF, 0x00, 0x00, 0x02, 0x90, 0x00, 0x00,
    0x00, 0x15, 0x55, 0x00, 0x3F, 0xFE, 0x00, 0x07, 0xE0, 0x00, 0x07, 0xC0, 0x00, 0x0B, 0xC0, 0x00,
    0x0B, 0x80, 0x00, 0x0F, 0x40, 0x00, 0x0F, 0x40, 0x00, 0x1F, 0x00, 0x00, 0x2F, 0x00, 0x00, 0x3E,
    0x00, 0x00, 0x3D, 0x00, 0x00, 0x3C, 0x00, 0x00, 0x7C, 0x00, 0x00, 0xBC, 0x00, 0x00, 0xF8, 0x00,
    0x06, 0xFE, 0x00, 0x1F, 0xFF, 0x40, 0x00, 0x00, 0x00, 0x00, 0x00, 0x00, 0x2F, 0x06, 0x00, 0x7F,
    0xDF, 0x00, 0xF2, 0xFD, 0x00, 0x50, 0xA4, 0x00, 0x00, 0x00, 0x00, 0x00, 0x2F, 0x00, 0x07, 0xF0,
    0x00, 0x7D, 0x00, 0x00, 0x00, 0x00, 0x00, 0x00, 0x00, 0x00, 0x0B, 0xF0, 0x01, 0xFF, 0x00, 0x00,
    0xF0, 0x00, 0x1F, 0x00, 0x02, 0xE0, 0x00, 0x3D, 0x00, 0x07, 0xC0, 0x00, 0xBC, 0x00, 0x0F, 0x40,
    0x00, 0xF0, 0x40, 0x1F, 0x3C, 0x02, 0xFF, 0x00, 0x1F, 0x80, 0x00, 0x00, 0x00, 0x00, 0x00, 0x2F,
    0x06, 0x07, 0xFD, 0xF0, 0xB2, 0xFD, 0x05, 0x0A, 0x40, 0x00, 0x00, 0x01, 0x40, 0x00, 0x07, 0xE0,
    0x00, 0x0B, 0xF0, 0x00, 0x02, 0x40, 0x00, 0x64, 0x19, 0x00, 0x3F, 0x0F, 0xC0, 0x0F, 0x43, 0xD0,
    0x00, 0x00, 0x00, 0x00, 0x55, 0x54, 0x00, 0x3F, 0xFE, 0x00, 0x01, 0xF8, 0x00, 0x00, 0x7C, 0x00,
    0x00, 0x2F, 0x00, 0x00, 0x0B, 0x80, 0x00, 0x03, 0xD0, 0x00, 0x00, 0xF4, 0x00, 0x00, 0x7C, 0x00,
    0x00, 0x2F, 0x00, 0x00, 0x0F, 0x80, 0x00, 0x03, 0xD0, 0x00, 0x00, 0xF0, 0x00, 0x00, 0x7C, 0x00,
    0x00, 0x2F, 0x00, 0x00, 0x0F, 0x80, 0x00, 0x1B, 0xF8, 0x00, 0x1F, 0xFF, 0x40, 0x00, 0x00, 0x00,
    0x80, 0x00, 0x3D, 0x00, 0x0F, 0xC0, 0x03, 0xE0, 0x00, 0xB0, 0x00, 0x80, 0x20, 0x3E, 0x0F, 0x87,
    0xD1, 0xF4, 0x10, 0x04, 0x00, 0x00, 0x00, 0x00, 0x00, 0x02, 0xFC, 0x00, 0x7F, 0xC0, 0x00, 0x3C,
    0x00, 0x07, 0xC0, 0x00, 0xB8, 0x00, 0x0F, 0x40, 0x01, 0xF0, 0x00, 0x2F, 0x00, 0x03, 0xD0, 0x00,
    0x3C, 0x10, 0x07, 0xCF, 0x00, 0xBF, 0xC0, 0x07, 0xE0, 0x00, 0x00, 0x00, 0x00, 0x00, 0x00, 0x00,
    0x05, 0x00, 0x00, 0x00, 0x00, 0x2F, 0x00, 0x00, 0x00, 0x01, 0xFE, 0x00, 0x00, 0x00, 0x0F, 0xF4,
    0x00, 0x00, 0x00, 0x09, 0x00, 0x00, 0x00, 0x00, 0x00, 0x00, 0x00, 0x00, 0x55, 0x50, 0x15, 0x54,
    0x00, 0xFF, 0xF4, 0x3F, 0xFC, 0x00, 0x1F, 0x80, 0x0F, 0xD0, 0x00, 0x1F, 0x00, 0x3E, 0x00, 0x00,
    0x2F, 0x01, 0xF4, 0x00, 0x00, 0x2E, 0x07, 0xD0, 0x00, 0x00, 0x3D, 0x2F, 0x00, 0x00, 0x00, 0x3D,
    0xBC, 0x00, 0x00, 0x00, 0x7F, 0xE0, 0x00, 0x00, 0x00, 0xBF, 0xE0, 0x00, 0x00, 0x00, 0xF9, 0xF4,
    0x00, 0x00, 0x00, 0xF4, 0xBC, 0x00, 0x00, 0x00, 0xF0, 0x3F, 0x00, 0x00, 0x01, 0xF0, 0x1F, 0x80,
    0x00, 0x02, 0xF0, 0x0B, 0xE0, 0x00, 0x03, 0xE0, 0x03, 0xF8, 0x00, 0x1B, 0xF9, 0x00, 0xFF, 0x00,
    0x7F, 0xFE, 0x00, 0x3F, 0xC0, 0x00, 0x00, 0x00, 0x00, 0x00, 0x00, 0x00, 0x00, 0x00, 0x07, 0x40,
    0x00, 0x7F, 0x80, 0x03, 0xFF, 0x00, 0x0B, 0x90, 0x00, 0x00, 0x00, 0x00, 0x00, 0x10, 0x00, 0x0F,
    0xF4, 0x00, 0x1A, 0xF4, 0x00, 0x00, 0xF0, 0x00, 0x01, 0xF0, 0x00, 0x02, 0xE0, 0x00, 0x03, 0xD0,
    0x00, 0x03, 0xC2, 0xF8, 0x03, 0xDF, 0xBD, 0x07, 0xF4, 0x2D, 0x0B, 0xD0, 0x3D, 0x0F, 0x80, 0xB8,
    0x0F, 0x07, 0xF0, 0x1F, 0xBF, 0x40, 0x2F, 0xF8, 0x00, 0x3D, 0x7C, 0x00, 0x3C, 0x3E, 0x00, 0x7C,
    0x1F, 0x80, 0x78, 0x0B, 0xF9, 0xB4, 0x01, 0xFD, 0x00, 0x00, 0x00, 0x00, 0x55, 0x50, 0x15, 0x54,
    0x00, 0xFF, 0xF4, 0x3F, 0xFC, 0x00, 0x1F, 0x80, 0x0F, 0xD0, 0x00, 0x1F, 0x00, 0x3E, 0x00, 0x00,
    0x2F, 0x01, 0xF4, 0x00, 0x00, 0x2E, 0x07, 0xD0, 0x00, 0x00, 0x3D, 0x2F, 0x00, 0x00, 0x00, 0x3D,
    0xBC, 0x00, 0x00, 0x00, 0x7F, 0xE0, 0x00, 0x00, 0x00, 0xBF, 0xE0, 0x00, 0x00, 0x00, 0xF9, 0xF4,
    0x00, 0x00, 0x00, 0xF4, 0xBC, 0x00, 0x00, 0x00, 0xF0, 0x3F, 0x00, 0x00, 0x01, 0xF0, 0x1F, 0x80,
    0x00, 0x02, 0xF0, 0x0B, 0xE0, 0x00, 0x03, 0xE0, 0x03, 0xF8, 0x00, 0x1B, 0xF9, 0x00, 0xFF, 0x00,
    0x7F, 0xFE, 0x00, 0x3F, 0xC0, 0x00, 0x00, 0x00, 0x00, 0x00, 0x00, 0x00, 0x00, 0x00, 0x00, 0x00,
    0x00, 0xB0, 0x00, 0x00, 0x00, 0x03, 0xF4, 0x00, 0x00, 0x00, 0x03, 0xF0, 0x00, 0x00, 0x00, 0x01,
    0x40, 0x00, 0x00, 0x00, 0x10, 0x00, 0x0F, 0xF4, 0x00, 0x1A, 0xF4, 0x00, 0x00, 0xF0, 0x00, 0x01,
    0xF0, 0x00, 0x02, 0xE0, 0x00, 0x03, 0xD0, 0x00, 0x03, 0xC2, 0xF8, 0x03, 0xDF, 0xBD, 0x07, 0xF4,
    0x2D, 0x0B, 0xD0, 0x3D, 0x0F, 0x80, 0xB8, 0x0F, 0x07, 0xF0, 0x1F, 0xBF, 0x40, 0x2F, 0xF8, 0x00,
    0x3D, 0x7C, 0x00, 0x3C, 0x3E, 0x00, 0x7C, 0x1F, 0x80, 0x78, 0x0B, 0xF9, 0xB4, 0x01, 0xFD, 0x00,
    0x00, 0x00, 0x00, 0x00, 0x00, 0x00, 0xB0, 0x00, 0x02, 0xF4, 0x00, 0x03, 0xF0, 0x00, 0x00, 0x40,
    0x00, 0x00, 0x55, 0x50, 0x15, 0x54, 0x00, 0xFF, 0xF4, 0x3F, 0xFC, 0x00, 0x1F, 0x80, 0x0F, 0xD0,
    0x00, 0x1F, 0x00, 0x3E, 0x00, 0x00, 0x2F, 0x01, 0xF4, 0x00, 0x00, 0x2E, 0x07, 0xD0, 0x00, 0x00,
    0x3D, 0x2F, 0x00, 0x00, 0x00, 0x3D, 0xBC, 0x00, 0x00, 0x00, 0x7F, 0xE0, 0x00, 0x00, 0x00, 0xBF,
    0xE0, 0x00, 0x00, 0x00, 0xF9, 0xF4, 0x00, 0x00, 0x00, 0xF4, 0xBC, 0x00, 0x00, 0x00, 0xF0, 0x3F,
    0x00, 0x00, 0x01, 0xF0, 0x1F, 0x80, 0x00, 0x02, 0xF0, 0x0B, 0xE0, 0x00, 0x03, 0xE0, 0x03, 0xF8,
    0x00, 0x1B, 0xF9, 0x00, 0xFF, 0x00, 0x7F, 0xFE, 0x00, 0x3F, 0xC0, 0x00, 0x00, 0x00, 0x00, 0x00,
    0x00, 0x00, 0x00, 0x00, 0x00, 0x00, 0x15, 0x55, 0x00, 0x00, 0x00, 0x3F, 0xFF, 0x40, 0x00, 0x00,
    0x2A, 0xAA, 0x00, 0x00, 0x00, 0x10, 0x00, 0x0F, 0xF4, 0x00, 0x1A, 0xF4, 0x00, 0x00, 0xF0, 0x00,
    0x01, 0xF0, 0x00, 0x02, 0xE0, 0x00, 0x03, 0xD0, 0x00, 0x03, 0xC2, 0xF8, 0x03, 0xDF, 0xBD, 0x07,
    0xF4, 0x2D, 0x0B, 0xD0, 0x3D, 0x0F, 0x80, 0xB8, 0x0F, 0x07, 0xF0, 0x1F, 0xBF, 0x40, 0x2F, 0xF8,
    0x00, 0x3D, 0x7C, 0x00, 0x3C, 0x3E, 0x00, 0x7C, 0x1F, 0x80, 0x78, 0x0B, 0xF9, 0xB4, 0x01, 0xFD,
    0x00, 0x00, 0x00, 0x00, 0x00, 0x00, 0x05, 0x55, 0x00, 0x3F, 0xFF, 0x40, 0x1A, 0xAA, 0x00, 0x00,
    0x55, 0x54, 0x00, 0x03, 0xFF, 0xE0, 0x00, 0x01, 0xF8, 0x00, 0x00, 0x07, 0xC0, 0x00, 0x00, 0x2F,
    0x00, 0x00, 0x00, 0xB8, 0x00, 0x00, 0x03, 0xD0, 0x00, 0x00, 0x0F, 0x40, 0x00, 0x00, 0x7C, 0x00,
    0x00, 0x02, 0xF0, 0x00, 0x00, 0x0F, 0x80, 0x00, 0x00, 0x3D, 0x00, 0x00, 0x00, 0xF0, 0x00, 0x00,
    0x07, 0xC0, 0x00, 0xD0, 0x2F, 0x00, 0x0B, 0x00, 0xF8, 0x00, 0x7C, 0x1B, 0xFF, 0xFF, 0xD1, 0xFF,
    0xFF, 0xFF, 0x00, 0x00, 0x00, 0x00, 0x00, 0x00, 0x00, 0x00, 0x00, 0x0B, 0x00, 0x00, 0x00, 0xBD,
    0x00, 0x00, 0x03, 0xF0, 0x00, 0x00, 0x02, 0x00, 0x00, 0x00, 0x14, 0x07, 0xFC, 0x06, 0xBC, 0x00,
    0x7C, 0x00, 0xB8, 0x00, 0xF4, 0x00, 0xF0, 0x01, 0xF0, 0x02, 0xE0, 0x02, 0xD0, 0x03, 0xD0, 0x03,
    0xC0, 0x07, 0xC0, 0x0B, 0x80, 0x0F, 0x40, 0x0F, 0x00, 0x1F, 0x04, 0x2E, 0x78, 0x3F, 0xF0, 0x2F,
    0x80, 0x00, 0x00, 0x00, 0x00, 0x2C, 0x00, 0xBD, 0x00, 0xFC, 0x00, 0x10, 0x00, 0x00, 0x00, 0x00,
    0x00, 0x01, 0xFF, 0xFC, 0x00, 0x07, 0xFF, 0xE0, 0x00, 0x00, 0x00, 0x00, 0x00, 0x00, 0x00, 0x00,
    0x01, 0x55, 0x50, 0x00, 0x0F, 0xFF, 0x80, 0x00, 0x07, 0xE0, 0x00, 0x00, 0x1F, 0x00, 0x00, 0x00,
    0xBC, 0x00, 0x00, 0x02, 0xE0, 0x00, 0x00, 0x0F, 0x40, 0x00, 0x00, 0x3D, 0x00, 0x00, 0x01, 0xF0,
    0x00, 0x00, 0x0B, 0xC0, 0x00, 0x00, 0x3E, 0x00, 0x00, 0x00, 0xF4, 0x00, 0x00, 0x03, 0xC0, 0x00,
    0x00, 0x1F, 0x00, 0x03, 0x40, 0xBC, 0x00, 0x2C, 0x03, 0xE0, 0x01, 0xF0, 0x6F, 0xFF, 0xFF, 0x47,
    0xFF, 0xFF, 0xFC, 0x00, 0x00, 0x00, 0x00, 0x00, 0x00, 0x00, 0x00, 0x00, 0x2C, 0x00, 0x00, 0x02,
    0xF4, 0x00, 0x00, 0x0F, 0xC0, 0x00, 0x00, 0x08, 0x00, 0x00, 0x00, 0x00, 0x00, 0x0B, 0xFF, 0xE0,
    0x1A, 0xAA, 0x40, 0x00, 0x00, 0x00, 0x00, 0x00, 0x00, 0x50, 0x00, 0x7F, 0xC0, 0x01, 0xAF, 0x00,
    0x00, 0x7C, 0x00, 0x02, 0xE0, 0x00, 0x0F, 0x40, 0x00, 0x3C, 0x00, 0x01, 0xF0, 0x00, 0x0B, 0x80,
    0x00, 0x2D, 0x00, 0x00, 0xF4, 0x00, 0x03, 0xC0, 0x00, 0x1F, 0x00, 0x00, 0xB8, 0x00, 0x03, 0xD0,
    0x00, 0x0F, 0x00, 0x00, 0x7C, 0x10, 0x02, 0xE7, 0x80, 0x0F, 0xFC, 0x00, 0x2F, 0x80, 0x00, 0x00,
    0x00, 0x00, 0x00, 0x00, 0x0B, 0x00, 0x00, 0xBD, 0x00, 0x03, 0xF0, 0x00, 0x01, 0x00, 0x00, 0x00,
    0x00, 0x55, 0x54, 0x00, 0x03, 0xFF, 0xE0, 0x00, 0x01, 0xF8, 0x00, 0x00, 0x07, 0xC0, 0x00, 0x00,
    0x2F, 0x00, 0x00, 0x00, 0xB8, 0x00, 0x00, 0x03, 0xD0, 0x00, 0x00, 0x0F, 0x40, 0x00, 0x00, 0x7C,
    0x00, 0x00, 0x02, 0xF0, 0x00, 0x00, 0x0F, 0x80, 0x00, 0x00, 0x3D, 0x00, 0x00, 0x00, 0xF0, 0x00,
    0x00, 0x07, 0xC0, 0x00, 0xD0, 0x2F, 0x00, 0x0B, 0x00, 0xF8, 0x00, 0x7C, 0x1B, 0xFF, 0xFF, 0xD1,
    0xFF, 0xFF, 0xFF, 0x00, 0x00, 0x00, 0x00, 0x00, 0x00, 0x00, 0x00, 0x00, 0x55, 0x50, 0x00, 0x0F,
    0xFF, 0xE0, 0x00, 0x1A, 0xAA, 0x00, 0x00, 0x00, 0x01, 0x40, 0x07, 0xFC, 0x00, 0x6B, 0xC0, 0x00,
    0x7C, 0x00, 0x0B, 0x80, 0x00, 0xF4, 0x00, 0x0F, 0x00, 0x01, 0xF0, 0x00, 0x2E, 0x00, 0x02, 0xD0,
    0x00, 0x3D, 0x00, 0x03, 0xC0, 0x00, 0x7C, 0x00, 0x0B, 0x80, 0x00, 0xF4, 0x00, 0x0F, 0x00, 0x01,
    0xF0, 0x40, 0x2E, 0x78, 0x03, 0xFF, 0x00, 0x2F, 0x80, 0x00, 0x00, 0x00, 0x00, 0x00, 0x15, 0x54,
    0x0F, 0xFF, 0xE0, 0x6A, 0xA8, 0x00, 0x00, 0x55, 0x54, 0x00, 0x03, 0xFF, 0xE0, 0x00, 0x01, 0xF8,
    0x00, 0x00, 0x07, 0xC0, 0x00, 0x00, 0x2F, 0x00, 0x00, 0x00, 0xB8, 0x00, 0x00, 0x03, 0xD0, 0x00,
    0x00, 0x0F, 0x40, 0x00, 0x00, 0x7C, 0x00, 0x00, 0x02, 0xF0, 0x00, 0x00, 0x0F, 0x80, 0x00, 0x00,
    0x3D, 0x00, 0x00, 0x00, 0xF0, 0x00, 0x00, 0x07, 0xC0, 0x00, 0xD0, 0x2F, 0x00, 0x0B, 0x00, 0xF8,
    0x00, 0x7C, 0x1B, 0xFF, 0xFF, 0xD1, 0xFF, 0xFF, 0xFF, 0x00, 0x00, 0x00, 0x00, 0x00, 0x00, 0x00,
    0x00, 0x00, 0x0F, 0x80, 0x00, 0x00, 0xFF, 0x80, 0x00, 0x0F, 0x9F, 0x40, 0x00, 0xF4, 0x0E, 0x00,
    0x01, 0x00, 0x10, 0x00, 0x00, 0x00, 0x50, 0x00, 0x7F, 0xC0, 0x01, 0xAF, 0x00, 0x00, 0x7C, 0x00,
    0x02, 0xE0, 0x00, 0x0F, 0x40, 0x00, 0x3C, 0x00, 0x01, 0xF0, 0x00, 0x0B, 0x80, 0x00, 0x2D, 0x00,
    0x00, 0xF4, 0x00, 0x03, 0xC0, 0x00, 0x1F, 0x00, 0x00, 0xB8, 0x00, 0x03, 0xD0, 0x00, 0x0F, 0x00,
    0x00, 0x7C, 0x10, 0x02, 0xE7, 0x80, 0x0F, 0xFC, 0x00, 0x2F, 0x80, 0x00, 0x00, 0x00, 0x00, 0x00,
    0x00, 0x0F, 0xC0, 0x00, 0xFF, 0x80, 0x0F, 0x4F, 0x00, 0xF4, 0x1E, 0x01, 0x00, 0x10, 0x00, 0x00,
    0x00, 0x00, 0x00, 0x08, 0x00, 0x00, 0x00, 0x00, 0x00, 0x2F, 0x00, 0x00, 0x00, 0x00, 0x00, 0x7F,
    0x80, 0x00, 0x00, 0x00, 0x00, 0xBF, 0x40, 0x00, 0x00, 0x00, 0x00, 0x24, 0x00, 0x00, 0x00, 0x00,
    0x00, 0x00, 0x00, 0x00, 0x00, 0x00, 0x55, 0x40, 0x00, 0x15, 0x50, 0x00, 0x7F, 0xF0, 0x00, 0x1F,
    0xFC, 0x00, 0x02, 0xFD, 0x00, 0x0F, 0xF4, 0x00, 0x00, 0xFF, 0x40, 0x0B, 0xFC, 0x00, 0x00, 0x3E,
    0xE0, 0x03, 0xDF, 0x00, 0x00, 0x1E, 0xB8, 0x02, 0xDB, 0xC0, 0x00, 0x0B, 0x5F, 0x00, 0xF2, 0xE0,
    0x00, 0x03, 0xC7, 0xC0, 0xB0, 0xB8, 0x00, 0x01, 0xE0, 0xF0, 0x38, 0x2E, 0x00, 0x00, 0xB4, 0x3D,
    0x3C, 0x0F, 0x40, 0x00, 0x3C, 0x0F, 0x9E, 0x03, 0xD0, 0x00, 0x0F, 0x02, 0xEF, 0x00, 0xF4, 0x00,
    0x0B, 0x80, 0x7F, 0x40, 0x3D, 0x00, 0x03, 0xD0, 0x0F, 0xC0, 0x0F, 0x00, 0x00, 0xF0, 0x03, 0xD0,
    0x03, 0xC0, 0x00, 0x78, 0x00, 0xA0, 0x01, 0xF0, 0x00, 0x7F, 0x40, 0x00, 0x01, 0xFE, 0x40, 0xFF,
    0xF0, 0x00, 0x02, 0xFF, 0xF0, 0x00, 0x00, 0x00, 0x00, 0x00, 0x00, 0x00, 0x00, 0x07, 0x80, 0x00,
    0x00, 0x00, 0x03, 0xD0, 0x00, 0x00, 0x00, 0x03, 0xE0, 0x00, 0x00, 0x00, 0x02, 0xE0, 0x00, 0x00,
    0x00, 0x00, 0xD0, 0x00, 0x00, 0x00, 0x00, 0x00, 0x00, 0x00, 0x00, 0x00, 0x00, 0x00, 0x00, 0x6F,
    0x80, 0xBD, 0x02, 0xF8, 0x2F, 0xF0, 0xFF, 0xC3, 0xFF, 0x00, 0x78, 0xF5, 0xF3, 0xD7, 0xC0, 0x2E,
    0xF0, 0x7B, 0xC0, 0xF0, 0x0F, 0xF0, 0x2F, 0xC0, 0x7C, 0x03, 0xF4, 0x0F, 0xD0, 0x2E, 0x00, 0xF8,
    0x03, 0xF0, 0x0F, 0x40, 0x7C, 0x00, 0xF4, 0x03, 0xC0, 0x2E, 0x00, 0x7C, 0x01, 0xE0, 0x0F, 0x40,
    0x2D, 0x00, 0xB4, 0x43, 0xC0, 0x0F, 0x00, 0x3D, 0xB5, 0xF0, 0x03, 0xC0, 0x0F, 0xF8, 0xB8, 0x01,
    0xE0, 0x03, 0xF4, 0x00, 0x00, 0x00, 0x00, 0x00, 0x00, 0x00, 0x00, 0x00, 0x01, 0x00, 0x00, 0x00,
    0x00, 0x00, 0x03, 0xF0, 0x00, 0x00, 0x00, 0x00, 0x01, 0xFC, 0x00, 0x00, 0x00, 0x00, 0x00, 0x3D,
    0x00, 0x00, 0x00, 0x00, 0x00, 0x00, 0x00, 0x00, 0x00, 0x00, 0x00, 0x00, 0x00, 0x00, 0x00, 0x00,
    0x55, 0x40, 0x00, 0x15, 0x50, 0x00, 0x7F, 0xF0, 0x00, 0x1F, 0xFC, 0x00, 0x02, 0xFD, 0x00, 0x0F,
    0xF4, 0x00, 0x00, 0xFF, 0x40, 0x0B, 0xFC, 0x00, 0x00, 0x3E, 0xE0, 0x03, 0xDF, 0x00, 0x00, 0x1E,
    0xB8, 0x02, 0xDB, 0xC0, 0x00, 0x0B, 0x5F, 0x00, 0xF2, 0xE0, 0x00, 0x03, 0xC7, 0xC0, 0xB0, 0xB8,
    0x00, 0x01, 0xE0, 0xF0, 0x38, 0x2E, 0x00, 0x00, 0xB4, 0x3D, 0x3C, 0x0F, 0x40, 0x00, 0x3C, 0x0F,
    0x9E, 0x03, 0xD0, 0x00, 0x0F, 0x02, 0xEF, 0x00, 0xF4, 0x00, 0x0B, 0x80, 0x7F, 0x40, 0x3D, 0x00,
    0x03, 0xD0, 0x0F, 0xC0, 0x0F, 0x00, 0x00, 0xF0, 0x03, 0xD0, 0x03, 0xC0, 0x00, 0x78, 0x00, 0xA0,
    0x01, 0xF0, 0x00, 0x7F, 0x40, 0x00, 0x01, 0xFE, 0x40, 0xFF, 0xF0, 0x00, 0x02, 0xFF, 0xF0, 0x00,
    0x00, 0x00, 0xE0, 0x00, 0x00, 0x00, 0x00, 0xFC, 0x00, 0x00, 0x00, 0x00, 0x3E, 0x00, 0x00, 0x00,
    0x00, 0x05, 0x00, 0x00, 0x00, 0x00, 0x00, 0x00, 0x00, 0x00, 0x00, 0x00, 0x00, 0x00, 0x06, 0xF8,
    0x0B, 0xD0, 0x2F, 0x82, 0xFF, 0x0F, 0xFC, 0x3F, 0xF0, 0x07, 0x8F, 0x5F, 0x3D, 0x7C, 0x02, 0xEF,
    0x07, 0xBC, 0x0F, 0x00, 0xFF, 0x02, 0xFC, 0x07, 0xC0, 0x3F, 0x40, 0xFD, 0x02, 0xE0, 0x0F, 0x80,
    0x3F, 0x00, 0xF4, 0x07, 0xC0, 0x0F, 0x40, 0x3C, 0x02, 0xE0, 0x07, 0xC0, 0x1E, 0x00, 0xF4, 0x02,
    0xD0, 0x0B, 0x44, 0x3C, 0x00, 0xF0, 0x03, 0xDB, 0x5F, 0x00, 0x3C, 0x00, 0xFF, 0x8B, 0x80, 0x1E,
    0x00, 0x3F, 0x40, 0x00, 0x00, 0x00, 0x00, 0x00, 0x00, 0x05, 0x54, 0x00, 0x01, 0x55, 0x00, 0x07,
    0xFF, 0x00, 0x01, 0xFF, 0xC0, 0x00, 0x2F, 0xD0, 0x00, 0xFF, 0x40, 0x00, 0x0F, 0xF4, 0x00, 0xBF,
    0xC0, 0x00, 0x03, 0xEE, 0x00, 0x3D, 0xF0, 0x00, 0x01, 0xEB, 0x80, 0x2D, 0xBC, 0x00, 0x00, 0xB5,
    0xF0, 0x0F, 0x2E, 0x00, 0x00, 0x3C, 0x7C, 0x0B, 0x0B, 0x80, 0x00, 0x1E, 0x0F, 0x03, 0x82, 0xE0,
    0x00, 0x0B, 0x43, 0xD3, 0xC0, 0xF4, 0x00, 0x03, 0xC0, 0xF9, 0xE0, 0x3D, 0x00, 0x00, 0xF0, 0x2E,
    0xF0, 0x0F, 0x40, 0x00, 0xB8, 0x07, 0xF4, 0x03, 0xD0, 0x00, 0x3D, 0x00, 0xFC, 0x00, 0xF0, 0x00,
    0x0F, 0x00, 0x3D, 0x00, 0x3C, 0x00, 0x07, 0x80, 0x0A, 0x00, 0x1F, 0x00, 0x07, 0xF4, 0x00, 0x00,
    0x1F, 0xE4, 0x0F, 0xFF, 0x00, 0x00, 0x2F, 0xFF, 0x00, 0x00, 0x00, 0x00, 0x00, 0x00, 0x00, 0x00,
    0x00, 0x00, 0x00, 0x00, 0x00, 0x00, 0x00, 0x0B, 0x00, 0x00, 0x00, 0x00, 0x00, 0x0B, 0xE0, 0x00,
    0x00, 0x00, 0x00, 0x03, 0xF0, 0x00, 0x00, 0x00, 0x00, 0x00, 0x20, 0x00, 0x00, 0x00, 0x00, 0x00,
    0x00, 0x00, 0x00, 0x1B, 0xE0, 0x2F, 0x40, 0xBE, 0x0B, 0xFC, 0x3F, 0xF0, 0xFF, 0xC0, 0x1E, 0x3D,
    0x7C, 0xF5, 0xF0, 0x0B, 0xBC, 0x1E, 0xF0, 0x3C, 0x03, 0xFC, 0x0B, 0xF0, 0x1F, 0x00, 0xFD, 0x03,
    0xF4, 0x0B, 0x80, 0x3E, 0x00, 0xFC, 0x03, 0xD0, 0x1F, 0x00, 0x3D, 0x00, 0xF0, 0x0B, 0x80, 0x1F,
    0x00, 0x78, 0x03, 0xD0, 0x0B, 0x40, 0x2D, 0x10, 0xF0, 0x03, 0xC0, 0x0F, 0x6D, 0x7C, 0x00, 0xF0,
    0x03, 0xFE, 0x2E, 0x00, 0x78, 0x00, 0xFD, 0x00, 0x00, 0x00, 0x00, 0x00, 0x00, 0x00, 0x00, 0x00,
    0x00, 0x00, 0x00, 0x00, 0xE0, 0x00, 0x00, 0x00, 0x00, 0xFC, 0x00, 0x00, 0x00, 0x00, 0x3F, 0x00,
    0x00, 0x00, 0x00, 0x01, 0x00, 0x00, 0x00, 0x00, 0x00, 0x00, 0x00, 0x00, 0x00, 0x00, 0x00, 0x7D,
    0x00, 0x00, 0x00, 0x00, 0x3F, 0x40, 0x00, 0x00, 0x00, 0x0F, 0x80, 0x00, 0x00, 0x00, 0x00, 0x00,
    0x00, 0x00, 0x00, 0x00, 0x00, 0x00, 0x00, 0x05, 0x50, 0x00, 0x15, 0x54, 0x03, 0xFD, 0x00, 0x1F,
    0xFE, 0x00, 0x2F, 0x80, 0x00, 0xB8, 0x00, 0x07, 0xF0, 0x00, 0x2D, 0x00, 0x02, 0xFE, 0x00, 0x0F,
    0x00, 0x00, 0xFB, 0xC0, 0x03, 0xC0, 0x00, 0x3C, 0xF8, 0x01, 0xE0, 0x00, 0x0F, 0x2F, 0x00, 0xB4,
    0x00, 0x07, 0x83, 0xD0, 0x3D, 0x00, 0x02, 0xD0, 0xBC, 0x0F, 0x00, 0x00, 0xF0, 0x0F, 0x43, 0xC0,
    0x00, 0x3C, 0x03, 0xE1, 0xE0, 0x00, 0x1F, 0x00, 0x7C, 0xB4, 0x00, 0x07, 0x80, 0x0F, 0xBC, 0x00,
    0x02, 0xD0, 0x01, 0xFF, 0x00, 0x00, 0xF0, 0x00, 0x3F, 0xC0, 0x00, 0xBE, 0x40, 0x07, 0xE0, 0x01,
    0xFF, 0xF0, 0x00, 0xF4, 0x00, 0x00, 0x00, 0x00, 0x00, 0x00, 0x00, 0x00, 0x01, 0xD0, 0x00, 0x00,
    0x3F, 0x00, 0x00, 0x07, 0xD0, 0x00, 0x00, 0x14, 0x00, 0x00, 0x00, 0x00, 0x00, 0x00, 0x00, 0x00,
    0x6F, 0x80, 0xBE, 0x0B, 0xFC, 0x3F, 0xF0, 0x07, 0x8F, 0x4F, 0x40, 0xBB, 0xC0, 0xF0, 0x0F, 0xF0,
    0x1F, 0x00, 0xFD, 0x02, 0xE0, 0x0F, 0x80, 0x3D, 0x01, 0xF0, 0x03, 0xC0, 0x2E, 0x00, 0x7C, 0x03,
    0xD0, 0x0B, 0x84, 0x3C, 0x00, 0xF5, 0xD7, 0xC0, 0x0F, 0xF8, 0xB8, 0x00, 0xFE, 0x00, 0x00, 0x00,
    0x00, 0x00, 0x55, 0x00, 0x01, 0x55, 0x40, 0x3F, 0xD0, 0x01, 0xFF, 0xE0, 0x02, 0xF8, 0x00, 0x0B,
    0x80, 0x00, 0x7F, 0x00, 0x02, 0xD0, 0x00, 0x2F, 0xE0, 0x00, 0xF0, 0x00, 0x0F, 0xBC, 0x00, 0x3C,
    0x00, 0x03, 0xCF, 0x80, 0x1E, 0x00, 0x00, 0xF2, 0xF0, 0x0B, 0x40, 0x00, 0x78, 0x3D, 0x03, 0xD0,
    0x00, 0x2D, 0x0B, 0xC0, 0xF0, 0x00, 0x0F, 0x00, 0xF4, 0x3C, 0x00, 0x03, 0xC0, 0x3E, 0x1E, 0x00,
    0x01, 0xF0, 0x07, 0xCB, 0x40, 0x00, 0x78, 0x00, 0xFB, 0xC0, 0x00, 0x2D, 0x00, 0x1F, 0xF0, 0x00,
    0x0F, 0x00, 0x03, 0xFC, 0x00, 0x0B, 0xE4, 0x00, 0x7E, 0x00, 0x1F, 0xFF, 0x00, 0x0F, 0x40, 0x00,
    0x00, 0x00, 0x00, 0x00, 0x00, 0x00, 0x00, 0x00, 0x00, 0x00, 0x00, 0x00, 0xB0, 0x00, 0x00, 0x00,
    0x00, 0xFD, 0x00, 0x00, 0x00, 0x00, 0x3F, 0x00, 0x00, 0x00, 0x00, 0x05, 0x00, 0x00, 0x00, 0x00,
    0x00, 0x00, 0x06, 0xF8, 0x0B, 0xE0, 0xBF, 0xC3, 0xFF, 0x00, 0x78, 0xF4, 0xF4, 0x0B, 0xBC, 0x0F,
    0x00, 0xFF, 0x01, 0xF0, 0x0F, 0xD0, 0x2E, 0x00, 0xF8, 0x03, 0xD0, 0x1F, 0x00, 0x3C, 0x02, 0xE0,
    0x07, 0xC0, 0x3D, 0x00, 0xB8, 0x43, 0xC0, 0x0F, 0x5D, 0x7C, 0x00, 0xFF, 0x8B, 0x80, 0x0F, 0xE0,
    0x00, 0x00, 0x00, 0x00, 0x00, 0x00, 0x00, 0x00, 0x74, 0x00, 0x00, 0x1F, 0xC0, 0x00, 0x01, 0xF4,
    0x00, 0x00, 0x04, 0x00, 0x00, 0x00, 0x55, 0x00, 0x01, 0x55, 0x40, 0x3F, 0xD0, 0x01, 0xFF, 0xE0,
    0x02, 0xF8, 0x00, 0x0B, 0x80, 0x00, 0x7F, 0x00, 0x02, 0xD0, 0x00, 0x2F, 0xE0, 0x00, 0xF0, 0x00,
    0x0F, 0xBC, 0x00, 0x3C, 0x00, 0x03, 0xCF, 0x80, 0x1E, 0x00, 0x00, 0xF2, 0xF0, 0x0B, 0x40, 0x00,
    0x78, 0x3D, 0x03, 0xD0, 0x00, 0x2D, 0x0B, 0xC0, 0xF0, 0x00, 0x0F, 0x00, 0xF4, 0x3C, 0x00, 0x03,
    0xC0, 0x3E, 0x1E, 0x00, 0x01, 0xF0, 0x07, 0xCB, 0x40, 0x00, 0x78, 0x00, 0xFB, 0xC0, 0x00, 0x2D,
    0x00, 0x1F, 0xF0, 0x00, 0x0F, 0x00, 0x03, 0xFC, 0x00, 0x0B, 0xE4, 0x00, 0x7E, 0x00, 0x1F, 0xFF,
    0x00, 0x0F, 0x40, 0x00, 0x00, 0x00, 0x00, 0x00, 0x00, 0x00, 0x00, 0x00, 0x00, 0x00, 0x00, 0x15,
    0x55, 0x00, 0x00, 0x00, 0x0F, 0xFF, 0xD0, 0x00, 0x00, 0x01, 0xAA, 0xA0, 0x00, 0x00, 0x00, 0x00,
    0x00, 0x06, 0xF8, 0x0B, 0xE0, 0xBF, 0xC3, 0xFF, 0x00, 0x78, 0xF4, 0xF4, 0x0B, 0xBC, 0x0F, 0x00,
    0xFF, 0x01, 0xF0, 0x0F, 0xD0, 0x2E, 0x00, 0xF8, 0x03, 0xD0, 0x1F, 0x00, 0x3C, 0x02, 0xE0, 0x07,
    0xC0, 0x3D, 0x00, 0xB8, 0x43, 0xC0, 0x0F, 0x5D, 0x7C, 0x00, 0xFF, 0x8B, 0x80, 0x0F, 0xE0, 0x00,
    0x00, 0x00, 0x00, 0x00, 0x00, 0x00, 0x05, 0x55, 0x00, 0x01, 0xFF, 0xFC, 0x00, 0x0A, 0xAA, 0x40,
    0x00, 0x00, 0x55, 0x00, 0x01, 0x55, 0x40, 0x3F, 0xD0, 0x01, 0xFF, 0xE0, 0x02, 0xF8, 0x00, 0x0B,
    0x80, 0x00, 0x7F, 0x00, 0x02, 0xD0, 0x00, 0x2F, 0xE0, 0x00, 0xF0, 0x00, 0x0F, 0xBC, 0x00, 0x3C,
    0x00, 0x03, 0xCF, 0x80, 0x1E, 0x00, 0x00, 0xF2, 0xF0, 0x0B, 0x40, 0x00, 0x78, 0x3D, 0x03, 0xD0,
    0x00, 0x2D, 0x0B, 0xC0, 0xF0, 0x00, 0x0F, 0x00, 0xF4, 0x3C, 0x00, 0x03, 0xC0, 0x3E, 0x1E, 0x00,
    0x01, 0xF0, 0x07, 0xCB, 0x40, 0x00, 0x78, 0x00, 0xFB, 0xC0, 0x00, 0x2D, 0x00, 0x1F, 0xF0, 0x00,
    0x0F, 0x00, 0x03, 0xFC, 0x00, 0x0B, 0xE4, 0x00, 0x7E, 0x00, 0x1F, 0xFF, 0x00, 0x0F, 0x40, 0x00,
    0x00, 0x00, 0x00, 0x00, 0x00, 0x00, 0x00, 0x00, 0x00, 0x00, 0x00, 0x00, 0xF8, 0x00, 0x00, 0x00,
    0x00, 0xFF, 0x40, 0x00, 0x00, 0x00, 0xF5, 0xF0, 0x00, 0x00, 0x01, 0xF4, 0x1E, 0x00, 0x00, 0x00,
    0x10, 0x01, 0x00, 0x00, 0x00, 0x00, 0x00, 0x00, 0x06, 0xF8, 0x0B, 0xE0, 0xBF, 0xC3, 0xFF, 0x00,
    0x78, 0xF4, 0xF4, 0x0B, 0xBC, 0x0F, 0x00, 0xFF, 0x01, 0xF0, 0x0F, 0xD0, 0x2E, 0x00, 0xF8, 0x03,
    0xD0, 0x1F, 0x00, 0x3C, 0x02, 0xE0, 0x07, 0xC0, 0x3D, 0x00, 0xB8, 0x43, 0xC0, 0x0F, 0x5D, 0x7C,
    0x00, 0xFF, 0x8B, 0x80, 0x0F, 0xE0, 0x00, 0x00, 0x00, 0x00, 0x00, 0x00, 0x00, 0x00, 0xBC, 0x00,
    0x00, 0x2F, 0xF0, 0x00, 0x0B, 0xCF, 0x80, 0x02, 0xE0, 0x3C, 0x00, 0x10, 0x00, 0x00, 0x00, 0x00,
    0x00, 0x01, 0x90, 0x00, 0x00, 0x0B, 0xF4, 0x00, 0x00, 0x1F, 0x90, 0x00, 0x00, 0x00, 0x00, 0x00,
    0x00, 0x03, 0xF0, 0x90, 0x00, 0x02, 0xDF, 0xB4, 0x00, 0x00, 0x50, 0xB8, 0x00, 0x00, 0x00, 0x00,
    0x00, 0x00, 0x00, 0x69, 0x00, 0x00, 0x07, 0xFF, 0xF8, 0x00, 0x0F, 0xE5, 0x6F, 0xC0, 0x0F, 0xC0,
    0x01, 0xF8, 0x0F, 0xC0, 0x00, 0x3F, 0x07, 0xC0, 0x00, 0x07, 0xD3, 0xE0, 0x00, 0x00, 0xF5, 0xF0,
    0x00, 0x00, 0x3D, 0xBC, 0x00, 0x00, 0x0F, 0x7E, 0x00, 0x00, 0x07, 0xCF, 0x80, 0x00, 0x02, 0xF3,
    0xE0, 0x00, 0x00, 0xF8, 0xF8, 0x00, 0x00, 0x7C, 0x3F, 0x00, 0x00, 0x3E, 0x07, 0xD0, 0x00, 0x2F,
    0x00, 0xFD, 0x00, 0x7F, 0x00, 0x0F, 0xFA, 0xFF, 0x00, 0x00, 0xBF, 0xF9, 0x00, 0x00, 0x00, 0x00,
    0x00, 0x00, 0x00, 0x00, 0x00, 0x00, 0x00, 0x0C, 0x00, 0x00, 0x3E, 0x00, 0x00, 0xFC, 0x00, 0x03,
    0xE0, 0x00, 0x06, 0x00, 0x00, 0x00, 0x00, 0x00, 0x3F, 0x0A, 0x00, 0xFF, 0xEE, 0x00, 0xE2, 0xFD,
    0x00, 0x00, 0x50, 0x00, 0x00, 0x00, 0x00, 0x00, 0x00, 0x00, 0x6F, 0xE0, 0x02, 0xFF, 0xF8, 0x0F,
    0xC0, 0x7C, 0x2F, 0x00, 0x3D, 0x3D, 0x00, 0x3E, 0x7C, 0x00, 0x3D, 0xB8, 0x00, 0x3D, 0xF4, 0x00,
    0x3C, 0xF4, 0x00, 0xB8, 0xF8, 0x00, 0xF0, 0xBC, 0x03, 0xE0, 0x7F, 0xAF, 0x80, 0x1F, 0xFD, 0x00,
    0x00, 0x00, 0x00, 0x00, 0x02, 0xE0, 0xB4, 0x00, 0x00, 0xF8, 0x3D, 0x00, 0x00, 0x28, 0x0A, 0x00,
    0x00, 0x01, 0x00, 0x00, 0x00, 0x07, 0xF4, 0xA0, 0x00, 0x03, 0xEF, 0xF8, 0x00, 0x00, 0x50, 0xB8,
    0x00, 0x00, 0x00, 0x00, 0x00, 0x00, 0x00, 0x69, 0x00, 0x00, 0x07, 0xFF, 0xF8, 0x00, 0x0F, 0xE5,
    0x6F, 0xC0, 0x0F, 0xC0, 0x01, 0xF8, 0x0F, 0xC0, 0x00, 0x3F, 0x07, 0xC0, 0x00, 0x07, 0xD3, 0xE0,
    0x00, 0x00, 0xF5, 0xF0, 0x00, 0x00, 0x3D, 0xBC, 0x00, 0x00, 0x0F, 0x7E, 0x00, 0x00, 0x07, 0xCF,
    0x80, 0x00, 0x02, 0xF3, 0xE0, 0x00, 0x00, 0xF8, 0xF8, 0x00, 0x00, 0x7C, 0x3F, 0x00, 0x00, 0x3E,
    0x07, 0xD0, 0x00, 0x2F, 0x00, 0xFD, 0x00, 0x7F, 0x00, 0x0F, 0xFA, 0xFF, 0x00, 0x00, 0xBF, 0xF9,
    0x00, 0x00, 0x00, 0x00, 0x00, 0x00, 0x00, 0x04, 0x01, 0x00, 0x0F, 0xC3, 0xF0, 0x03, 0xE0, 0xF8,
    0x00, 0x50, 0x14, 0x00, 0x00, 0x00, 0x00, 0x0F, 0xC2, 0x80, 0x0F, 0xFE, 0xE0, 0x03, 0x8B, 0xF4,
    0x00, 0x00, 0x50, 0x00, 0x00, 0x00, 0x00, 0x00, 0x00, 0x00, 0x01, 0xBF, 0x80, 0x02, 0xFF, 0xF8,
    0x03, 0xF0, 0x1F, 0x02, 0xF0, 0x03, 0xD0, 0xF4, 0x00, 0xF8, 0x7C, 0x00, 0x3D, 0x2E, 0x00, 0x0F,
    0x4F, 0x40, 0x03, 0xC3, 0xD0, 0x02, 0xE0, 0xF8, 0x00, 0xF0, 0x2F, 0x00, 0xF8, 0x07, 0xFA, 0xF8,
    0x00, 0x7F, 0xF4, 0x00, 0x00, 0x00, 0x00, 0x00, 0x00, 0x01, 0x80, 0x00, 0x00, 0x00, 0xBC, 0x00,
    0x00, 0x00, 0x0F, 0xC0, 0x00, 0x00, 0x00, 0x60, 0x00, 0x00, 0x00, 0x00, 0x00, 0x00, 0x03, 0xFF,
    0xF4, 0x00, 0x00, 0xBF, 0xFD, 0x00, 0x00, 0x00, 0x00, 0x00, 0x00, 0x00, 0x69, 0x00, 0x00, 0x07,
    0xFF, 0xF8, 0x00, 0x0F, 0xE5, 0x6F, 0xC0, 0x0F, 0xC0, 0x01, 0xF8, 0x0F, 0xC0, 0x00, 0x3F, 0x07,
    0xC0, 0x00, 0x07, 0xD3, 0xE0, 0x00, 0x00, 0xF5, 0xF0, 0x00, 0x00, 0x3D, 0xBC, 0x00, 0x00, 0x0F,
    0x7E, 0x00, 0x00, 0x07, 0xCF, 0x80, 0x00, 0x02, 0xF3, 0xE0, 0x00, 0x00, 0xF8, 0xF8, 0x00, 0x00,
    0x7C, 0x3F, 0x00, 0x00, 0x3E, 0x07, 0xD0, 0x00, 0x2F, 0x00, 0xFD, 0x00, 0x7F, 0x00, 0x0F, 0xFA,
    0xFF, 0x00, 0x00, 0xBF, 0xF9, 0x00, 0x00, 0x00, 0x00, 0x00, 0x00, 0x00, 0x00, 0x00, 0x00, 0x28,
    0x00, 0x00, 0x3E, 0x00, 0x00, 0x1F, 0x80, 0x00, 0x03, 0xD0, 0x00, 0x00, 0x90, 0x00, 0x00, 0x00,
    0x00, 0xAA, 0xA8, 0x00, 0xFF, 0xFC, 0x00, 0x00, 0x00, 0x00, 0x00, 0x00, 0x00, 0x00, 0x00, 0x00,
    0x6F, 0xE0, 0x02, 0xFF, 0xF8, 0x0F, 0xC0, 0x7C, 0x2F, 0x00, 0x3D, 0x3D, 0x00, 0x3E, 0x7C, 0x00,
    0x3D, 0xB8, 0x00, 0x3D, 0xF4, 0x00, 0x3C, 0xF4, 0x00, 0xB8, 0xF8, 0x00, 0xF0, 0xBC, 0x03, 0xE0,
    0x7F, 0xAF, 0x80, 0x1F, 0xFD, 0x00, 0x00, 0x00, 0x00, 0x00, 0x00, 0x00, 0x20, 0x00, 0x00, 0x00,
    0xBC, 0x00, 0x00, 0x01, 0xFE, 0x00, 0x00, 0x00, 0xA4, 0x00, 0x00, 0x00, 0x00, 0x00, 0x00, 0x03,
    0xFF, 0xF4, 0x00, 0x00, 0xBF, 0xFD, 0x00, 0x00, 0x00, 0x00, 0x00, 0x00, 0x00, 0x69, 0x00, 0x00,
    0x07, 0xFF, 0xF8, 0x00, 0x0F, 0xE5, 0x6F, 0xC0, 0x0F, 0xC0, 0x01, 0xF8, 0x0F, 0xC0, 0x00, 0x3F,
    0x07, 0xC0, 0x00, 0x07, 0xD3, 0xE0, 0x00, 0x00, 0xF5, 0xF0, 0x00, 0x00, 0x3D, 0xBC, 0x00, 0x00,
    0x0F, 0x7E, 0x00, 0x00, 0x07, 0xCF, 0x80, 0x00, 0x02, 0xF3, 0xE0, 0x00, 0x00, 0xF8, 0xF8, 0x00,
    0x00, 0x7C, 0x3F, 0x00, 0x00, 0x3E, 0x07, 0xD0, 0x00, 0x2F, 0x00, 0xFD, 0x00, 0x7F, 0x00, 0x0F,
    0xFA, 0xFF, 0x00, 0x00, 0xBF, 0xF9, 0x00, 0x00, 0x00, 0x00, 0x00, 0x00, 0x00, 0x00, 0x00, 0x00,
    0x00, 0x01, 0xC0, 0x00, 0x02, 0xF0, 0x00, 0x02, 0xF8, 0x00, 0x03, 0xF4, 0x00, 0x00, 0x90, 0x00,
    0x00, 0x00, 0x00, 0x02, 0xAA, 0xA0, 0x00, 0xFF, 0xFC, 0x00, 0x00, 0x00, 0x00, 0x00, 0x00, 0x00,
    0x00, 0x00, 0x00, 0x00, 0x6F, 0xE0, 0x00, 0xBF, 0xFE, 0x00, 0xFC, 0x07, 0xC0, 0xBC, 0x00, 0xF4,
    0x3D, 0x00, 0x3E, 0x1F, 0x00, 0x0F, 0x4B, 0x80, 0x03, 0xD3, 0xD0, 0x00, 0xF0, 0xF4, 0x00, 0xB8,
    0x3E, 0x00, 0x3C, 0x0B, 0xC0, 0x3E, 0x01, 0xFE, 0xBE, 0x00, 0x1F, 0xFD, 0x00, 0x00, 0x00, 0x00,
    0x00, 0x00, 0x00, 0x00, 0x20, 0x00, 0x00, 0x02, 0xF0, 0x00, 0x00, 0x1F, 0xF0, 0x00, 0x00, 0xBF,
    0x40, 0x00, 0x00, 0x90, 0x00, 0x00, 0x00, 0x00, 0x00, 0x00, 0x05, 0xA9, 0x00, 0x01, 0xFF, 0xFF,
    0xE0, 0x01, 0x9F, 0x42, 0xF8, 0x00, 0x1F, 0x00, 0x7C, 0x00, 0x2F, 0x00, 0x3D, 0x00, 0x2E, 0x00,
    0x3D, 0x00, 0x3D, 0x00, 0x7C, 0x00, 0x3C, 0x00, 0xF8, 0x00, 0x7C, 0x03, 0xF0, 0x00, 0xBD, 0xAF,
    0x80, 0x00, 0xFF, 0xF9, 0x00, 0x00, 0xF4, 0x00, 0x00, 0x00, 0xF0, 0x00, 0x00, 0x01, 0xF0, 0x00,
    0x00, 0x02, 0xF0, 0x00, 0x00, 0x03, 0xE0, 0x00, 0x00, 0x1B, 0xF9, 0x00, 0x00, 0x7F, 0xFF, 0x00,
    0x00, 0x00, 0x00, 0x00, 0x00, 0x00, 0x00, 0x00, 0xB0, 0x00, 0x00, 0x02, 0xF0, 0x00, 0x00, 0x07,
    0xD0, 0x00, 0x00, 0x0F, 0x40, 0x00, 0x00, 0x0C, 0x00, 0x00, 0x00, 0x00, 0x00, 0x00, 0x00, 0x00,
    0x00, 0x01, 0xBE, 0x07, 0xF0, 0x02, 0xFE, 0x2F, 0xFC, 0x00, 0x1E, 0x78, 0xBC, 0x00, 0x2E, 0xD0,
    0x3D, 0x00, 0x3F, 0x80, 0x3C, 0x00, 0x3F, 0x00, 0x3C, 0x00, 0x3D, 0x00, 0x7C, 0x00, 0x7C, 0x00,
    0xB8, 0x00, 0xB8, 0x00, 0xF4, 0x00, 0xF4, 0x02, 0xE0, 0x00, 0xF4, 0x07, 0xC0, 0x01, 0xFF, 0xBF,
    0x00, 0x02, 0xEF, 0xF8, 0x00, 0x02, 0xD0, 0x00, 0x00, 0x03, 0xC0, 0x00, 0x00, 0x03, 0xC0, 0x00,
    0x00, 0x07, 0x80, 0x00, 0x00, 0x2F, 0xFD, 0x00, 0x00, 0x2A, 0xA9, 0x00, 0x00, 0x00, 0x00, 0x00,
    0x00, 0x00, 0x00, 0x2F, 0x00, 0x00, 0x00, 0x3F, 0x00, 0x00, 0x00, 0x3D, 0x00, 0x00, 0x00, 0x00,
    0x00, 0x00, 0x00, 0x00, 0x00, 0x00, 0x05, 0xA9, 0x00, 0x01, 0xFF, 0xFF, 0xE0, 0x01, 0x9F, 0x42,
    0xF8, 0x00, 0x1F, 0x00, 0x7C, 0x00, 0x2F, 0x00, 0x3D, 0x00, 0x2E, 0x00, 0x3D, 0x00, 0x3D, 0x00,
    0x7C, 0x00, 0x3C, 0x00, 0xF8, 0x00, 0x7C, 0x03, 0xF0, 0x00, 0xBD, 0xAF, 0x80, 0x00, 0xFF, 0xF9,
    0x00, 0x00, 0xF4, 0x00, 0x00, 0x00, 0xF0, 0x00, 0x00, 0x01, 0xF0, 0x00, 0x00, 0x02, 0xF0, 0x00,
    0x00, 0x03, 0xE0, 0x00, 0x00, 0x1B, 0xF9, 0x00, 0x00, 0x7F, 0xFF, 0x00, 0x00, 0x00, 0x00, 0x0B,
    0x40, 0x00, 0x00, 0x1F, 0x80, 0x00, 0x00, 0x2F, 0x40, 0x00, 0x00, 0x04, 0x00, 0x00, 0x00, 0x00,
    0x00, 0x00, 0x00, 0x00, 0x00, 0x01, 0xBE, 0x07, 0xF0, 0x02, 0xFE, 0x2F, 0xFC, 0x00, 0x1E, 0x78,
    0xBC, 0x00, 0x2E, 0xD0, 0x3D, 0x00, 0x3F, 0x80, 0x3C, 0x00, 0x3F, 0x00, 0x3C, 0x00, 0x3D, 0x00,
    0x7C, 0x00, 0x7C, 0x00, 0xB8, 0x00, 0xB8, 0x00, 0xF4, 0x00, 0xF4, 0x02, 0xE0, 0x00, 0xF4, 0x07,
    0xC0, 0x01, 0xFF, 0xBF, 0x00, 0x02, 0xEF, 0xF8, 0x00, 0x02, 0xD0, 0x00, 0x00, 0x03, 0xC0, 0x00,
    0x00, 0x03, 0xC0, 0x00, 0x00, 0x07, 0x80, 0x00, 0x00, 0x2F, 0xFD, 0x00, 0x00, 0x2A, 0xA9, 0x00,
    0x00, 0x00, 0x00, 0x04, 0x00, 0x00, 0x00, 0x0F, 0xC0, 0x00, 0x00, 0x07, 0xF0, 0x00, 0x00, 0x01,
    0xF4, 0x00, 0x00, 0x00, 0x00, 0x00, 0x00, 0x00, 0x00, 0x00, 0x00, 0x00, 0x5A, 0x90, 0x00, 0x07,
    0xFF, 0xFF, 0x80, 0x01, 0x9F, 0x46, 0xF4, 0x00, 0x07, 0xC0, 0x3F, 0x00, 0x02, 0xF0, 0x07, 0xC0,
    0x00, 0xB8, 0x01, 0xF0, 0x00, 0x3D, 0x00, 0xF8, 0x00, 0x0F, 0x00, 0xBC, 0x00, 0x07, 0xC1, 0xFD,
    0x00, 0x02, 0xFF, 0xF8, 0x00, 0x00, 0xFE, 0xF4, 0x00, 0x00, 0x3D, 0x2F, 0x00, 0x00, 0x0F, 0x03,
    0xD0, 0x00, 0x07, 0xC0, 0xBC, 0x00, 0x02, 0xE0, 0x0F, 0x80, 0x00, 0xF8, 0x01, 0xF8, 0x01, 0xBF,
    0x90, 0x2F, 0xC1, 0xFF, 0xF8, 0x01, 0xFC, 0x00, 0x00, 0x00, 0x00, 0x00, 0x00, 0x0B, 0x40, 0x00,
    0x7E, 0x00, 0x02, 0xF0, 0x00, 0x01, 0x00, 0x00, 0x00, 0x00, 0x00, 0x00, 0x02, 0xF8, 0x2F, 0x2F,
    0xF2, 0xFC, 0x07, 0x9F, 0xA0, 0x1E, 0xE0, 0x00, 0xBB, 0x00, 0x03, 0xF4, 0x00, 0x0F, 0x80, 0x00,
    0x7D, 0x00, 0x02, 0xF0, 0x00, 0x0F, 0x40, 0x00, 0x3C, 0x00, 0x00, 0xF0, 0x00, 0x07, 0x80, 0x00,
    0x00, 0x00, 0x05, 0xA9, 0x00, 0x00, 0x7F, 0xFF, 0xF8, 0x00, 0x19, 0xF4, 0x6F, 0x40, 0x00, 0x7C,
    0x03, 0xF0, 0x00, 0x2F, 0x00, 0x7C, 0x00, 0x0B, 0x80, 0x1F, 0x00, 0x03, 0xD0, 0x0F, 0x80, 0x00,
    0xF0, 0x0B, 0xC0, 0x00, 0x7C, 0x1F, 0xD0, 0x00, 0x2F, 0xFF, 0x80, 0x00, 0x0F, 0xEF, 0x40, 0x00,
    0x03, 0xD2, 0xF0, 0x00, 0x00, 0xF0, 0x3D, 0x00, 0x00, 0x7C, 0x0B, 0xC0, 0x00, 0x2E, 0x00, 0xF8,
    0x00, 0x0F, 0x80, 0x1F, 0x80, 0x1B, 0xF9, 0x02, 0xFC, 0x1F, 0xFF, 0x80, 0x1F, 0xC0, 0x00, 0x00,
    0x00, 0x00, 0x00, 0x00, 0x00, 0x00, 0x00, 0x02, 0xC0, 0x00, 0x00, 0x02, 0xF4, 0x00, 0x00, 0x00,
    0xFC, 0x00, 0x00, 0x00, 0x14, 0x00, 0x00, 0x00, 0x00, 0x00, 0x0B, 0xE0, 0xBC, 0x2F, 0xF2, 0xFC,
    0x01, 0xE7, 0xE8, 0x01, 0xEE, 0x00, 0x02, 0xEC, 0x00, 0x03, 0xF4, 0x00, 0x03, 0xE0, 0x00, 0x07,
    0xD0, 0x00, 0x0B, 0xC0, 0x00, 0x0F, 0x40, 0x00, 0x0F, 0x00, 0x00, 0x0F, 0x00, 0x00, 0x1E, 0x00,
    0x00, 0x00, 0x00, 0x00, 0x00, 0x00, 0x00, 0x2C, 0x00, 0x00, 0xBD, 0x00, 0x00, 0xFC, 0x00, 0x00,
    0x10, 0x00, 0x00, 0x00, 0x00, 0x00, 0x00, 0x00, 0x01, 0xFF, 0xFC, 0x00, 0x00, 0x7F, 0xFE, 0x00,
    0x00, 0x00, 0x00, 0x00, 0x00, 0x00, 0x00, 0x00, 0x00, 0x01, 0x6A, 0x40, 0x00, 0x1F, 0xFF, 0xFE,
    0x00, 0x06, 0x7D, 0x1B, 0xD0, 0x00, 0x1F, 0x00, 0xFC, 0x00, 0x0B, 0xC0, 0x1F, 0x00, 0x02, 0xE0,
    0x07, 0xC0, 0x00, 0xF4, 0x03, 0xE0, 0x00, 0x3C, 0x02, 0xF0, 0x00, 0x1F, 0x07, 0xF4, 0x00, 0x0B,
    0xFF, 0xE0, 0x00, 0x03, 0xFB, 0xD0, 0x00, 0x00, 0xF4, 0xBC, 0x00, 0x00, 0x3C, 0x0F, 0x40, 0x00,
    0x1F, 0x02, 0xF0, 0x00, 0x0B, 0x80, 0x3E, 0x00, 0x03, 0xE0, 0x07, 0xE0, 0x06, 0xFE, 0x40, 0xBF,
    0x07, 0xFF, 0xE0, 0x07, 0xF0, 0x00, 0x00, 0x00, 0x00, 0x00, 0x00, 0x00, 0x00, 0x00, 0x00, 0xB0,
    0x00, 0x00, 0x00, 0xBD, 0x00, 0x00, 0x00, 0x3F, 0x00, 0x00, 0x00, 0x05, 0x00, 0x00, 0x00, 0x00,
    0x6A, 0xA9, 0x00, 0xBF, 0xFE, 0x00, 0x00, 0x00, 0x00, 0x00, 0x00, 0x00, 0x00, 0x00, 0x0B, 0xE0,
    0xBC, 0x2F, 0xF2, 0xFC, 0x01, 0xE7, 0xE8, 0x01, 0xEE, 0x00, 0x02, 0xEC, 0x00, 0x03, 0xF4, 0x00,
    0x03, 0xE0, 0x00, 0x07, 0xD0, 0x00, 0x0B, 0xC0, 0x00, 0x0F, 0x40, 0x00, 0x0F, 0x00, 0x00, 0x0F,
    0x00, 0x00, 0x1E, 0x00, 0x00, 0x00, 0x00, 0x00, 0x00, 0x00, 0x00, 0x2C, 0x00, 0x00, 0xBD, 0x00,
    0x00, 0xFC, 0x00, 0x00, 0x10, 0x00, 0x00, 0x00, 0x05, 0xA9, 0x00, 0x00, 0x7F, 0xFF, 0xF8, 0x00,
    0x19, 0xF4, 0x6F, 0x40, 0x00, 0x7C, 0x03, 0xF0, 0x00, 0x2F, 0x00, 0x7C, 0x00, 0x0B, 0x80, 0x1F,
    0x00, 0x03, 0xD0, 0x0F, 0x80, 0x00, 0xF0, 0x0B, 0xC0, 0x00, 0x7C, 0x1F, 0xD0, 0x00, 0x2F, 0xFF,
    0x80, 0x00, 0x0F, 0xEF, 0x40, 0x00, 0x03, 0xD2, 0xF0, 0x00, 0x00, 0xF0, 0x3D, 0x00, 0x00, 0x7C,
    0x0B, 0xC0, 0x00, 0x2E, 0x00, 0xF8, 0x00, 0x0F, 0x80, 0x1F, 0x80, 0x1B, 0xF9, 0x02, 0xFC, 0x1F,
    0xFF, 0x80, 0x1F, 0xC0, 0x00, 0x00, 0x00, 0x00, 0x00, 0x00, 0x00, 0x00, 0x00, 0x55, 0x54, 0x00,
    0x00, 0x3F, 0xFF, 0x80, 0x00, 0x06, 0xAA, 0x80, 0x00, 0x00, 0x00, 0x00, 0x00, 0x0B, 0xE0, 0xBC,
    0x02, 0xFF, 0x2F, 0xC0, 0x01, 0xE7, 0xE8, 0x00, 0x1E, 0xE0, 0x00, 0x02, 0xEC, 0x00, 0x00, 0x3F,
    0x40, 0x00, 0x03, 0xE0, 0x00, 0x00, 0x7D, 0x00, 0x00, 0x0B, 0xC0, 0x00, 0x00, 0xF4, 0x00, 0x00,
    0x0F, 0x00, 0x00, 0x00, 0xF0, 0x00, 0x00, 0x1E, 0x00, 0x00, 0x00, 0x00, 0x00, 0x00, 0x00, 0x00,
    0x00, 0x15, 0x54, 0x00, 0x0F, 0xFF, 0xD0, 0x00, 0x6A, 0xA8, 0x00, 0x00, 0x00, 0x00, 0x10, 0x00,
    0x00, 0x7D, 0x00, 0x00, 0x3F, 0x40, 0x00, 0x0B, 0x80, 0x00, 0x00, 0x00, 0x00, 0x00, 0x00, 0x00,
    0x00, 0x69, 0x40, 0x02, 0xFF, 0xFD, 0x02, 0xF4, 0x5F, 0x41, 0xF0, 0x02, 0xD0, 0xBC, 0x00, 0xB0,
    0x2F, 0x00, 0x14, 0x0B, 0xD0, 0x00, 0x00, 0xFE, 0x00, 0x00, 0x1F, 0xF4, 0x00, 0x00, 0xFF, 0x80,
    0x00, 0x07, 0xF8, 0x00, 0x00, 0x3F, 0x02, 0x00, 0x07, 0xD1, 0xD0, 0x00, 0xF4, 0xB4, 0x00, 0x7C,
    0x2F, 0x00, 0x3E, 0x0B, 0xFA, 0xBF, 0x00, 0x7F, 0xFD, 0x00, 0x00, 0x00, 0x00, 0x00, 0x00, 0x07,
    0x80, 0x00, 0xFC, 0x00, 0x0F, 0x80, 0x00, 0x50, 0x00, 0x00, 0x00, 0x00, 0x00, 0x00, 0x6F, 0xD0,
    0x2F, 0xFE, 0x07, 0x80, 0x90, 0xF4, 0x00, 0x0B, 0xC0, 0x00, 0x3F, 0x40, 0x01, 0xFE, 0x00, 0x03,
    0xF4, 0x00, 0x0F, 0xC2, 0x00, 0x7C, 0xB8, 0x0B, 0x4B, 0xFA, 0xE0, 0x2F, 0xF4, 0x00, 0x00, 0x00,
    0x00, 0x06, 0x94, 0x00, 0x2F, 0xFF, 0xD0, 0x2F, 0x45, 0xF4, 0x1F, 0x00, 0x2D, 0x0B, 0xC0, 0x0B,
    0x02, 0xF0, 0x01, 0x40, 0xBD, 0x00, 0x00, 0x0F, 0xE0, 0x00, 0x01, 0xFF, 0x40, 0x00, 0x0F, 0xF8,
    0x00, 0x00, 0x7F, 0x80, 0x00, 0x03, 0xF0, 0x20, 0x00, 0x7D, 0x1D, 0x00, 0x0F, 0x4B, 0x40, 0x07,
    0xC2, 0xF0, 0x03, 0xE0, 0xBF, 0xAB, 0xF0, 0x07, 0xFF, 0xD0, 0x00, 0x00, 0x00, 0x00, 0x00, 0x00,
    0x00, 0x00, 0xB0, 0x00, 0x00, 0xBE, 0x00, 0x00, 0x3F, 0x00, 0x00, 0x02, 0x00, 0x00, 0x00, 0x00,
    0x00, 0x06, 0xFD, 0x02, 0xFF, 0xE0, 0x78, 0x09, 0x0F, 0x40, 0x00, 0xBC, 0x00, 0x03, 0xF4, 0x00,
    0x1F, 0xE0, 0x00, 0x3F, 0x40, 0x00, 0xFC, 0x20, 0x07, 0xCB, 0x80, 0xB4, 0xBF, 0xAE, 0x02, 0xFF,
    0x40, 0x00, 0x00, 0x00, 0x00, 0x00, 0x07, 0x80, 0x00, 0xFC, 0x00, 0x0F, 0x80, 0x00, 0x50, 0x00,
    0x00, 0x00, 0xF0, 0x00, 0x00, 0xBD, 0x00, 0x00, 0x3F, 0x00, 0x00, 0x01, 0x1C, 0x00, 0x00, 0x7F,
    0x00, 0x00, 0xFF, 0x80, 0x00, 0xF9, 0x00, 0x00, 0x00, 0x00, 0x00, 0x06, 0x94, 0x00, 0x2F, 0xFF,
    0xD0, 0x2F, 0x45, 0xF4, 0x1F, 0x00, 0x2D, 0x0B, 0xC0, 0x0B, 0x02, 0xF0, 0x01, 0x40, 0xBD, 0x00,
    0x00, 0x0F, 0xE0, 0x00, 0x01, 0xFF, 0x40, 0x00, 0x0F, 0xF8, 0x00, 0x00, 0x7F, 0x80, 0x00, 0x03,
    0xF0, 0x20, 0x00, 0x7D, 0x1D, 0x00, 0x0F, 0x4B, 0x40, 0x07, 0xC2, 0xF0, 0x03, 0xE0, 0xBF, 0xAB,
    0xF0, 0x07, 0xFF, 0xD0, 0x00, 0x00, 0x00, 0x00, 0x00, 0x06, 0x00, 0x00, 0x7D, 0x00, 0x02, 0xF0,
    0x00, 0x02, 0x0C, 0x00, 0x00, 0xF4, 0x00, 0x0F, 0xC0, 0x00, 0xF8, 0x00, 0x07, 0x40, 0x00, 0x00,
    0x00, 0x00, 0x00, 0x00, 0x06, 0xFD, 0x00, 0xBF, 0xF8, 0x07, 0x80, 0x90, 0x3D, 0x00, 0x00, 0xBC,
    0x00, 0x00, 0xFD, 0x00, 0x01, 0xFE, 0x00, 0x00, 0xFD, 0x00, 0x00, 0xFC, 0x08, 0x01, 0xF0, 0xB8,
    0x0B, 0x42, 0xFE, 0xB8, 0x02, 0xFF, 0x40, 0x00, 0x00, 0x00, 0x00, 0x00, 0xB0, 0x00, 0x00, 0x3D,
    0x00, 0x00, 0x0E, 0x00, 0x00, 0x30, 0x2C, 0x00, 0x0F, 0x3D, 0x00, 0x01, 0xFC, 0x00, 0x00, 0x18,
    0x00, 0x00, 0x00, 0x00, 0x00, 0x06, 0x94, 0x00, 0x2F, 0xFF, 0xD0, 0x2F, 0x45, 0xF4, 0x1F, 0x00,
    0x2D, 0x0B, 0xC0, 0x0B, 0x02, 0xF0, 0x01, 0x40, 0xBD, 0x00, 0x00, 0x0F, 0xE0, 0x00, 0x01, 0xFF,
    0x40, 0x00, 0x0F, 0xF8, 0x00, 0x00, 0x7F, 0x80, 0x00, 0x03, 0xF0, 0x20, 0x00, 0x7D, 0x1D, 0x00,
    0x0F, 0x4B, 0x40, 0x07, 0xC2, 0xF0, 0x03, 0xE0, 0xBF, 0xAB, 0xF0, 0x07, 0xFF, 0xD0, 0x00, 0x00,
    0x00, 0x00, 0x00, 0x01, 0x80, 0x00, 0x03, 0xD0, 0x00, 0x07, 0xC0, 0x00, 0x01, 0x00, 0x00, 0xA0,
    0x2C, 0x00, 0xB4, 0xF4, 0x00, 0x3F, 0xD0, 0x00, 0x1F, 0x40, 0x00, 0x04, 0x00, 0x00, 0x00, 0x00,
    0x00, 0x6F, 0xD0, 0x02, 0xFF, 0xE0, 0x07, 0x80, 0x90, 0x0F, 0x40, 0x00, 0x0B, 0xC0, 0x00, 0x03,
    0xF4, 0x00, 0x01, 0xFE, 0x00, 0x00, 0x3F, 0x40, 0x00, 0x0F, 0xC0, 0x20, 0x07, 0xC0, 0xB8, 0x0B,
    0x40, 0xBF, 0xAE, 0x00, 0x2F, 0xF4, 0x00, 0x00, 0x00, 0x00, 0x00, 0x00, 0x10, 0x00, 0x00, 0x7D,
    0x00, 0x00, 0x3F, 0x40, 0x00, 0x0B, 0x80, 0x00, 0x00, 0x00, 0x00, 0x00, 0x00, 0x00, 0x00, 0x69,
    0x40, 0x02, 0xFF, 0xFD, 0x02, 0xF4, 0x5F, 0x41, 0xF0, 0x02, 0xD0, 0xBC, 0x00, 0xB0, 0x2F, 0x00,
    0x14, 0x0B, 0xD0, 0x00, 0x00, 0xFE, 0x00, 0x00, 0x1F, 0xF4, 0x00, 0x00, 0xFF, 0x80, 0x00, 0x07,
    0xF8, 0x00, 0x00, 0x3F, 0x02, 0x00, 0x07, 0xD1, 0xD0, 0x00, 0xF4, 0xB4, 0x00, 0x7C, 0x2F, 0x00,
    0x3E, 0x0B, 0xFA, 0xBF, 0x00, 0x7F, 0xFD, 0x00, 0x00, 0x00, 0x00, 0x00, 0x00, 0x00, 0x00, 0x0B,
    0x00, 0x00, 0x0B, 0xE0, 0x00, 0x03, 0xF0, 0x00, 0x00, 0x20, 0x00, 0x00, 0x00, 0x07, 0x80, 0x00,
    0xFC, 0x00, 0x0F, 0x80, 0x00, 0x50, 0x00, 0x00, 0x00, 0x00, 0x00, 0x00, 0x6F, 0xD0, 0x2F, 0xFE,
    0x07, 0x80, 0x90, 0xF4, 0x00, 0x0B, 0xC0, 0x00, 0x3F, 0x40, 0x01, 0xFE, 0x00, 0x03, 0xF4, 0x00,
    0x0F, 0xC2, 0x00, 0x7C, 0xB8, 0x0B, 0x4B, 0xFA, 0xE0, 0x2F, 0xF4, 0x00, 0x00, 0x00, 0x00, 0x00,
    0x00, 0x78, 0x00, 0x0F, 0xC0, 0x00, 0xF8, 0x00, 0x05, 0x00, 0x00, 0x00, 0x00, 0x00, 0x00, 0x00,
    0x07, 0xD0, 0x00, 0x00, 0x3F, 0x40, 0x00, 0x00, 0xF8, 0x00, 0x00, 0x00, 0x00, 0x00, 0x00, 0x00,
    0x00, 0x01, 0x55, 0x55, 0x55, 0x1F, 0xFF, 0xFF, 0xFE, 0xBA, 0xAF, 0xEA, 0xF7, 0xC0, 0x3D, 0x02,
    0xCF, 0x01, 0xF0, 0x0B, 0x24, 0x0B, 0xC0, 0x24, 0x00, 0x2E, 0x00, 0x00, 0x00, 0xF4, 0x00, 0x00,
    0x03, 0xC0, 0x00, 0x00, 0x1F, 0x00, 0x00, 0x00, 0xBC, 0x00, 0x00, 0x03, 0xE0, 0x00, 0x00, 0x0F,
    0x40, 0x00, 0x00, 0x3C, 0x00, 0x00, 0x01, 0xF0, 0x00, 0x00, 0x0B, 0xC0, 0x00, 0x01, 0xBF, 0x90,
    0x00, 0x1F, 0xFF, 0xC0, 0x00, 0x00, 0x00, 0x00, 0x02, 0xF0, 0x00, 0x3F, 0x00, 0x03, 0xD0, 0x00,
    0x00, 0x00, 0x00, 0x00, 0x00, 0x38, 0x00, 0x0B, 0x40, 0x00, 0xF0, 0x00, 0xAF, 0xFE, 0x3F, 0xFF,
    0xD0, 0x2E, 0x00, 0x03, 0xD0, 0x00, 0x3C, 0x00, 0x07, 0xC0, 0x00, 0x78, 0x00, 0x0B, 0x80, 0x00,
    0xF4, 0x00, 0x0F, 0x01, 0x80, 0xF0, 0xB8, 0x0F, 0xFF, 0x00, 0xBF, 0x40, 0x00, 0x00, 0x00, 0x15,
    0x55, 0x55, 0x51, 0xFF, 0xFF, 0xFF, 0xEB, 0xAA, 0xFE, 0xAF, 0x7C, 0x03, 0xD0, 0x2C, 0xF0, 0x1F,
    0x00, 0xB2, 0x40, 0xBC, 0x02, 0x40, 0x02, 0xE0, 0x00, 0x00, 0x0F, 0x40, 0x00, 0x00, 0x3C, 0x00,
    0x00, 0x01, 0xF0, 0x00, 0x00, 0x0B, 0xC0, 0x00, 0x00, 0x3E, 0x00, 0x00, 0x00, 0xF4, 0x00, 0x00,
    0x03, 0xC0, 0x00, 0x00, 0x1F, 0x00, 0x00, 0x00, 0xBC, 0x00, 0x00, 0x1B, 0xF9, 0x00, 0x01, 0xFF,
    0xFC, 0x00, 0x00, 0x00, 0x00, 0x00, 0x00, 0x00, 0x00, 0x00, 0x07, 0x40, 0x00, 0x00, 0x7F, 0x00,
    0x00, 0x02, 0xF8, 0x00, 0x00, 0x01, 0x40, 0x00, 0x00, 0x00, 0x00, 0x00, 0x03, 0x80, 0x00, 0xB4,
    0x00, 0x0F, 0x00, 0x0A, 0xFF, 0xE3, 0xFF, 0xFD, 0x02, 0xE0, 0x00, 0x3D, 0x00, 0x03, 0xC0, 0x00,
    0x7C, 0x00, 0x07, 0x80, 0x00, 0xB8, 0x00, 0x0F, 0x40, 0x00, 0xF0, 0x18, 0x0F, 0x0B, 0x80, 0xFF,
    0xF0, 0x0B, 0xF4, 0x00, 0x00, 0x00, 0x00, 0x00, 0x00, 0xB4, 0x00, 0x1F, 0x80, 0x02, 0xF4, 0x00,
    0x04, 0x00, 0x00, 0x05, 0x55, 0x55, 0x54, 0x1F, 0xFF, 0xFF, 0xFE, 0x2E, 0xAB, 0xFA, 0xBD, 0x3C,
    0x03, 0xD0, 0x2C, 0x3C, 0x07, 0xC0, 0x2C, 0x24, 0x0B, 0xC0, 0x24, 0x00, 0x0B, 0x80, 0x00, 0x00,
    0x0F, 0x40, 0x00, 0x00, 0x0F, 0x00, 0x00, 0x00, 0x1F, 0x00, 0x00, 0x00, 0x2F, 0x00, 0x00, 0x00,
    0x3E, 0x00, 0x00, 0x00, 0x3D, 0x00, 0x00, 0x00, 0x3C, 0x00, 0x00, 0x00, 0x7C, 0x00, 0x00, 0x00,
    0xBC, 0x00, 0x00, 0x06, 0xFE, 0x40, 0x00, 0x1F, 0xFF, 0xC0, 0x00, 0x00, 0x00, 0x00, 0x00, 0x00,
    0x00, 0x00, 0x00, 0x15, 0x55, 0x00, 0x00, 0x7F, 0xFF, 0x00, 0x00, 0x2A, 0xA9, 0x00, 0x00, 0x00,
    0x00, 0x00, 0x00, 0x38, 0x00, 0x02, 0xD0, 0x00, 0x0F, 0x00, 0x02, 0xBF, 0xF8, 0x3F, 0xFF, 0xD0,
    0x0B, 0x80, 0x00, 0x3D, 0x00, 0x00, 0xF0, 0x00, 0x07, 0xC0, 0x00, 0x1E, 0x00, 0x00, 0xB8, 0x00,
    0x03, 0xD0, 0x00, 0x0F, 0x01, 0x80, 0x3C, 0x2E, 0x00, 0xFF, 0xF0, 0x02, 0xFD, 0x00, 0x00, 0x00,
    0x00, 0x00, 0x00, 0x05, 0x55, 0x00, 0xBF, 0xFF, 0x00, 0xAA, 0xA4, 0x00, 0x01, 0x55, 0x55, 0x55,
    0x01, 0xFF, 0xFF, 0xFF, 0xE0, 0xBA, 0xAF, 0xEA, 0xF4, 0x3C, 0x03, 0xD0, 0x2C, 0x0F, 0x01, 0xF0,
    0x0B, 0x02, 0x40, 0xBC, 0x02, 0x40, 0x00, 0x2E, 0x00, 0x00, 0x00, 0x0F, 0x40, 0x00, 0x00, 0x03,
    0xC0, 0x00, 0x00, 0x01, 0xF0, 0x00, 0x00, 0x00, 0xBC, 0x00, 0x00, 0x00, 0x3E, 0x00, 0x00, 0x00,
    0x0F, 0x40, 0x00, 0x00, 0x03, 0xC0, 0x00, 0x00, 0x01, 0xF0, 0x00, 0x00, 0x00, 0xBC, 0x00, 0x00,
    0x01, 0xBF, 0x90, 0x00, 0x01, 0xFF, 0xFC, 0x00, 0x00, 0x00, 0x00, 0x00, 0x00, 0x00, 0x00, 0x00,
    0x00, 0x00, 0xBC, 0x00, 0x00, 0x00, 0xBF, 0xC0, 0x00, 0x00, 0xBC, 0xF8, 0x00, 0x00, 0xB8, 0x0F,
    0x00, 0x00, 0x14, 0x00, 0x40, 0x00, 0x00, 0x00, 0x00, 0x00, 0x00, 0x03, 0x80, 0x00, 0x0B, 0x40,
    0x00, 0x0F, 0x00, 0x00, 0xAF, 0xFE, 0x03, 0xFF, 0xFD, 0x00, 0x2E, 0x00, 0x00, 0x3D, 0x00, 0x00,
    0x3C, 0x00, 0x00, 0x7C, 0x00, 0x00, 0x78, 0x00, 0x00, 0xB8, 0x00, 0x00, 0xF4, 0x00, 0x00, 0xF0,
    0x18, 0x00, 0xF0, 0xB8, 0x00, 0xFF, 0xF0, 0x00, 0xBF, 0x40, 0x00, 0x00, 0x00, 0x00, 0x00, 0x00,
    0x00, 0xFC, 0x00, 0x03, 0xFF, 0x00, 0x0F, 0x8F, 0x40, 0x3D, 0x03, 0xC0, 0x10, 0x00, 0x00, 0x15,
    0x54, 0x00, 0x55, 0x57, 0xFF, 0xC0, 0x1F, 0xFE, 0x1B, 0xD0, 0x00, 0x7E, 0x00, 0xB8, 0x00, 0x03,
    0xD0, 0x0F, 0x80, 0x00, 0x3C, 0x00, 0xF4, 0x00, 0x03, 0xC0, 0x1F, 0x00, 0x00, 0x78, 0x02, 0xF0,
    0x00, 0x0B, 0x40, 0x2E, 0x00, 0x00, 0xF0, 0x03, 0xD0, 0x00, 0x0F, 0x00, 0x3D, 0x00, 0x00, 0xF0,
    0x07, 0xC0, 0x00, 0x1E, 0x00, 0x7C, 0x00, 0x02, 0xD0, 0x0B, 0xC0, 0x00, 0x3C, 0x00, 0x7C, 0x00,
    0x0F, 0x80, 0x03, 0xF0, 0x03, 0xF0, 0x00, 0x2F, 0xFF, 0xFC, 0x00, 0x00, 0x7F, 0xFD, 0x00, 0x00,
    0x00, 0x00, 0x00, 0x00, 0x00, 0x00, 0x00, 0x00, 0x00, 0x0A, 0x01, 0x80, 0x00, 0x02, 0xF4, 0x7E,
    0x00, 0x00, 0x3F, 0x0B, 0xC0, 0x00, 0x00, 0x40, 0x10, 0x00, 0x00, 0x2F, 0xC0, 0x07, 0x8B, 0xFC,
    0x00, 0xF4, 0x03, 0xC0, 0x0F, 0x00, 0x7C, 0x01, 0xF0, 0x0B, 0x80, 0x1E, 0x00, 0xF4, 0x03, 0xD0,
    0x0F, 0x00, 0x3C, 0x02, 0xE0, 0x0B, 0xC0, 0x3D, 0x01, 0xF8, 0x03, 0xD0, 0x3B, 0x80, 0x3D, 0x0F,
    0x79, 0xD3, 0xFF, 0xC7, 0xFC, 0x1F, 0xE0, 0x3E, 0x00, 0x00, 0x00, 0x00, 0x00, 0x00, 0x00, 0x00,
    0x90, 0x24, 0x00, 0x2F, 0x0B, 0xC0, 0x03, 0xE0, 0xF8, 0x00, 0x04, 0x01, 0x00, 0x00, 0x15, 0x54,
    0x00, 0x55, 0x57, 0xFF, 0xC0, 0x1F, 0xFE, 0x1B, 0xD0, 0x00, 0x7E, 0x00, 0xB8, 0x00, 0x03, 0xD0,
    0x0F, 0x80, 0x00, 0x3C, 0x00, 0xF4, 0x00, 0x03, 0xC0, 0x1F, 0x00, 0x00, 0x78, 0x02, 0xF0, 0x00,
    0x0B, 0x40, 0x2E, 0x00, 0x00, 0xF0, 0x03, 0xD0, 0x00, 0x0F, 0x00, 0x3D, 0x00, 0x00, 0xF0, 0x07,
    0xC0, 0x00, 0x1E, 0x00, 0x7C, 0x00, 0x02, 0xD0, 0x0B, 0xC0, 0x00, 0x3C, 0x00, 0x7C, 0x00, 0x0F,
    0x80, 0x03, 0xF0, 0x03, 0xF0, 0x00, 0x2F, 0xFF, 0xFC, 0x00, 0x00, 0x7F, 0xFD, 0x00, 0x00, 0x00,
    0x00, 0x00, 0x00, 0x00, 0x00, 0x00, 0x00, 0x00, 0x07, 0xD0, 0xC0, 0x00, 0x00, 0xFF, 0x7C, 0x00,
    0x00, 0x2D, 0x7F, 0x80, 0x00, 0x00, 0x41, 0x90, 0x00, 0x00, 0x2F, 0xC0, 0x07, 0x8B, 0xFC, 0x00,
    0xF4, 0x03, 0xC0, 0x0F, 0x00, 0x7C, 0x01, 0xF0, 0x0B, 0x80, 0x1E, 0x00, 0xF4, 0x03, 0xD0, 0x0F,
    0x00, 0x3C, 0x02, 0xE0, 0x0B, 0xC0, 0x3D, 0x01, 0xF8, 0x03, 0xD0, 0x3B, 0x80, 0x3D, 0x0F, 0x79,
    0xD3, 0xFF, 0xC7, 0xFC, 0x1F, 0xE0, 0x3E, 0x00, 0x00, 0x00, 0x00, 0x00, 0x00, 0x00, 0x00, 0xBC,
    0x18, 0x00, 0x1F, 0xF7, 0xC0, 0x02, 0xCB, 0xF4, 0x00, 0x14, 0x29, 0x00, 0x00, 0x15, 0x54, 0x00,
    0x55, 0x57, 0xFF, 0xC0, 0x1F, 0xFE, 0x1B, 0xD0, 0x00, 0x7E, 0x00, 0xB8, 0x00, 0x03, 0xD0, 0x0F,
    0x80, 0x00, 0x3C, 0x00, 0xF4, 0x00, 0x03, 0xC0, 0x1F, 0x00, 0x00, 0x78, 0x02, 0xF0, 0x00, 0x0B,
    0x40, 0x2E, 0x00, 0x00, 0xF0, 0x03, 0xD0, 0x00, 0x0F, 0x00, 0x3D, 0x00, 0x00, 0xF0, 0x07, 0xC0,
    0x00, 0x1E, 0x00, 0x7C, 0x00, 0x02, 0xD0, 0x0B, 0xC0, 0x00, 0x3C, 0x00, 0x7C, 0x00, 0x0F, 0x80,
    0x03, 0xF0, 0x03, 0xF0, 0x00, 0x2F, 0xFF, 0xFC, 0x00, 0x00, 0x7F, 0xFD, 0x00, 0x00, 0x00, 0x00,
    0x00, 0x00, 0x00, 0x00, 0x00, 0x00, 0x00, 0x00, 0x7D, 0x00, 0x00, 0x00, 0x1F, 0xF0, 0x00, 0x00,
    0x07, 0xCB, 0xC0, 0x00, 0x02, 0xF0, 0x2C, 0x00, 0x00, 0x14, 0x00, 0x40, 0x00, 0x00, 0x2F, 0xC0,
    0x07, 0x8B, 0xFC, 0x00, 0xF4, 0x03, 0xC0, 0x0F, 0x00, 0x7C, 0x01, 0xF0, 0x0B, 0x80, 0x1E, 0x00,
    0xF4, 0x03, 0xD0, 0x0F, 0x00, 0x3C, 0x02, 0xE0, 0x0B, 0xC0, 0x3D, 0x01, 0xF8, 0x03, 0xD0, 0x3B,
    0x80, 0x3D, 0x0F, 0x79, 0xD3, 0xFF, 0xC7, 0xFC, 0x1F, 0xE0, 0x3E, 0x00, 0x00, 0x00, 0x00, 0x00,
    0x00, 0x00, 0x00, 0x0F, 0xC0, 0x00, 0x03, 0xFF, 0x00, 0x00, 0xF8, 0xF4, 0x00, 0x3D, 0x03, 0xC0,
    0x01, 0x00, 0x00, 0x00, 0x00, 0x00, 0x01, 0x90, 0x00, 0x00, 0x06, 0xFD, 0x00, 0x00, 0x02, 0xF9,
    0x00, 0x00, 0x00, 0x00, 0x00, 0x00, 0x00, 0x03, 0xF0, 0xD0, 0x00, 0x00, 0xBB, 0xFD, 0x00, 0x00,
    0x05, 0x1F, 0x40, 0x00, 0x00, 0x00, 0x00, 0x00, 0x15, 0x54, 0x00, 0x55, 0x57, 0xFF, 0xC0, 0x1F,
    0xFE, 0x1B, 0xD0, 0x00, 0x7E, 0x00, 0xB8, 0x00, 0x03, 0xD0, 0x0F, 0x80, 0x00, 0x3C, 0x00, 0xF4,
    0x00, 0x03, 0xC0, 0x1F, 0x00, 0x00, 0x78, 0x02, 0xF0, 0x00, 0x0B, 0x40, 0x2E, 0x00, 0x00, 0xF0,
    0x03, 0xD0, 0x00, 0x0F, 0x00, 0x3D, 0x00, 0x00, 0xF0, 0x07, 0xC0, 0x00, 0x1E, 0x00, 0x7C, 0x00,
    0x02, 0xD0, 0x0B, 0xC0, 0x00, 0x3C, 0x00, 0x7C, 0x00, 0x0F, 0x80, 0x03, 0xF0, 0x03, 0xF0, 0x00,
    0x2F, 0xFF, 0xFC, 0x00, 0x00, 0x7F, 0xFD, 0x00, 0x00, 0x00, 0x00, 0x00, 0x00, 0x00, 0x00, 0x00,
    0x00, 0x00, 0x00, 0x00, 0xD0, 0x00, 0x00, 0x3E, 0x00, 0x00, 0x0F, 0xD0, 0x00, 0x03, 0xF0, 0x00,
    0x00, 0x34, 0x00, 0x00, 0x00, 0x00, 0x00, 0x03, 0xF4, 0xB0, 0x00, 0xBF, 0xEF, 0x00, 0x0F, 0x1F,
    0xD0, 0x00, 0x00, 0x50, 0x00, 0x00, 0x00, 0x00, 0x00, 0x00, 0x00, 0x02, 0xFC, 0x00, 0x78, 0xBF,
    0xC0, 0x0F, 0x40, 0x3C, 0x00, 0xF0, 0x07, 0xC0, 0x1F, 0x00, 0xB8, 0x01, 0xE0, 0x0F, 0x40, 0x3D,
    0x00, 0xF0, 0x03, 0xC0, 0x2E, 0x00, 0xBC, 0x03, 0xD0, 0x1F, 0x80, 0x3D, 0x03, 0xB8, 0x03, 0xD0,
    0xF7, 0x9D, 0x3F, 0xFC, 0x7F, 0xC1, 0xFE, 0x03, 0xE0, 0x00, 0x00, 0x00, 0x00, 0x00, 0x01, 0x80,
    0x60, 0x00, 0x00, 0x7E, 0x1F, 0x80, 0x00, 0x07, 0xC1, 0xF0, 0x00, 0x00, 0x10, 0x04, 0x00, 0x00,
    0x00, 0x00, 0x00, 0x00, 0x00, 0xFF, 0xFC, 0x00, 0x00, 0x0F, 0xFF, 0xC0, 0x00, 0x00, 0x00, 0x00,
    0x00, 0x15, 0x54, 0x00, 0x55, 0x57, 0xFF, 0xC0, 0x1F, 0xFE, 0x1B, 0xD0, 0x00, 0x7E, 0x00, 0xB8,
    0x00, 0x03, 0xD0, 0x0F, 0x80, 0x00, 0x3C, 0x00, 0xF4, 0x00, 0x03, 0xC0, 0x1F, 0x00, 0x00, 0x78,
    0x02, 0xF0, 0x00, 0x0B, 0x40, 0x2E, 0x00, 0x00, 0xF0, 0x03, 0xD0, 0x00, 0x0F, 0x00, 0x3D, 0x00,
    0x00, 0xF0, 0x07, 0xC0, 0x00, 0x1E, 0x00, 0x7C, 0x00, 0x02, 0xD0, 0x0B, 0xC0, 0x00, 0x3C, 0x00,
    0x7C, 0x00, 0x0F, 0x80, 0x03, 0xF0, 0x03, 0xF0, 0x00, 0x2F, 0xFF, 0xFC, 0x00, 0x00, 0x7F, 0xFD,
    0x00, 0x00, 0x00, 0x00, 0x00, 0x00, 0x00, 0x00, 0x09, 0x02, 0x40, 0x03, 0xF0, 0xFC, 0x00, 0x3D,
    0x0F, 0x40, 0x00, 0x00, 0x00, 0x00, 0x00, 0x00, 0x00, 0x0A, 0xAA, 0x90, 0x00, 0xFF, 0xFD, 0x00,
    0x00, 0x00, 0x00, 0x00, 0x00, 0x00, 0x00, 0x00, 0x00, 0x00, 0x2F, 0xC0, 0x07, 0x8B, 0xFC, 0x00,
    0xF4, 0x03, 0xC0, 0x0F, 0x00, 0x7C, 0x01, 0xF0, 0x0B, 0x80, 0x1E, 0x00, 0xF4, 0x03, 0xD0, 0x0F,
    0x00, 0x3C, 0x02, 0xE0, 0x0B, 0xC0, 0x3D, 0x01, 0xF8, 0x03, 0xD0, 0x3B, 0x80, 0x3D, 0x0F, 0x79,
    0xD3, 0xFF, 0xC7, 0xFC, 0x1F, 0xE0, 0x3E, 0x00, 0x00, 0x00, 0x00, 0x00, 0x00, 0x50, 0x10, 0x00,
    0x00, 0x0B, 0xF0, 0xD0, 0x00, 0x00, 0x7F, 0xFF, 0x00, 0x00, 0x01, 0xC3, 0xF4, 0x00, 0x00, 0x00,
    0x01, 0x00, 0x00, 0x00, 0x00, 0x00, 0x00, 0x01, 0x55, 0x50, 0x05, 0x55, 0x0F, 0xFF, 0x80, 0xBF,
    0xFC, 0x0B, 0xE0, 0x00, 0x7F, 0x40, 0x1F, 0x40, 0x00, 0xF0, 0x00, 0x3D, 0x00, 0x0B, 0x80, 0x00,
    0xF8, 0x00, 0x3C, 0x00, 0x03, 0xE0, 0x02, 0xE0, 0x00, 0x0B, 0xC0, 0x0F, 0x00, 0x00, 0x2F, 0x00,
    0xF4, 0x00, 0x00, 0x7C, 0x07, 0xC0, 0x00, 0x00, 0xF0, 0x3D, 0x00, 0x00, 0x03, 0xD1, 0xF0, 0x00,
    0x00, 0x0F, 0x4F, 0x00, 0x00, 0x00, 0x2D, 0x78, 0x00, 0x00, 0x00, 0xBB, 0xC0, 0x00, 0x00, 0x01,
    0xFE, 0x00, 0x00, 0x00, 0x03, 0xF0, 0x00, 0x00, 0x00, 0x0F, 0x40, 0x00, 0x00, 0x00, 0x00, 0x00,
    0x00, 0x00, 0x00, 0x00, 0x00, 0x00, 0x2F, 0x83, 0x00, 0x0F, 0xFB, 0xC0, 0x07, 0x0F, 0xE0, 0x00,
    0x40, 0x50, 0x00, 0x00, 0x00, 0x00, 0x00, 0x00, 0x00, 0xBD, 0x00, 0xFC, 0xBF, 0xC0, 0x2F, 0x01,
    0xF0, 0x07, 0xC0, 0x3D, 0x00, 0xF0, 0x0B, 0x80, 0x78, 0x02, 0xE0, 0x3D, 0x00, 0x7C, 0x0F, 0x00,
    0x0F, 0x0F, 0x00, 0x03, 0xC7, 0x80, 0x00, 0xF3, 0xC0, 0x00, 0x3F, 0xC0, 0x00, 0x0F, 0xC0, 0x00,
    0x02, 0xC0, 0x00, 0x00, 0x00, 0x00, 0x00, 0x15, 0x55, 0x00, 0x55, 0x50, 0xFF, 0xF8, 0x0B, 0xFF,
    0xC0, 0xBE, 0x00, 0x07, 0xF4, 0x01, 0xF4, 0x00, 0x0F, 0x00, 0x03, 0xD0, 0x00, 0xB8, 0x00, 0x0F,
    0x80, 0x03, 0xC0, 0x00, 0x3E, 0x00, 0x2E, 0x00, 0x00, 0xBC, 0x00, 0xF0, 0x00, 0x02, 0xF0, 0x0F,
    0x40, 0x00, 0x07, 0xC0, 0x7C, 0x00, 0x00, 0x0F, 0x03, 0xD0, 0x00, 0x00, 0x3D, 0x1F, 0x00, 0x00,
    0x00, 0xF4, 0xF0, 0x00, 0x00, 0x02, 0xD7, 0x80, 0x00, 0x00, 0x0B, 0xBC, 0x00, 0x00, 0x00, 0x1F,
    0xE0, 0x00, 0x00, 0x00, 0x3F, 0x00, 0x00, 0x00, 0x00, 0xF4, 0x00, 0x00, 0x00, 0x00, 0x00, 0x00,
    0x00, 0x00, 0x00, 0x00, 0x00, 0x00, 0x00, 0x78, 0x00, 0x00, 0x00, 0x03, 0xF0, 0x00, 0x00, 0x00,
    0x1F, 0x80, 0x00, 0x00, 0x00, 0x14, 0x00, 0x00, 0x00, 0x00, 0x00, 0x00, 0x0B, 0xD0, 0x0F, 0xCB,
    0xFC, 0x02, 0xF0, 0x1F, 0x00, 0x7C, 0x03, 0xD0, 0x0F, 0x00, 0xB8, 0x07, 0x80, 0x2E, 0x03, 0xD0,
    0x07, 0xC0, 0xF0, 0x00, 0xF0, 0xF0, 0x00, 0x3C, 0x78, 0x00, 0x0F, 0x3C, 0x00, 0x03, 0xFC, 0x00,
    0x00, 0xFC, 0x00, 0x00, 0x2C, 0x00, 0x00, 0x00, 0x00, 0x00, 0x00, 0x00, 0x00, 0x01, 0xE0, 0x00,
    0x00, 0xFC, 0x00, 0x00, 0x3E, 0x00, 0x00, 0x05, 0x00, 0x00, 0x00, 0x00, 0x01, 0x00, 0x00, 0x00,
    0x00, 0x00, 0x00, 0xB8, 0x00, 0x00, 0x00, 0x00, 0x00, 0x0B, 0xF0, 0x00, 0x00, 0x00, 0x00, 0x00,
    0x2F, 0xC0, 0x00, 0x00, 0x00, 0x00, 0x00, 0x18, 0x00, 0x00, 0x00, 0x00, 0x00, 0x00, 0x00, 0x00,
    0x00, 0x15, 0x54, 0x00, 0x00, 0x01, 0x55, 0x4B, 0xFF, 0xC0, 0x1E, 0x00, 0x7F, 0xFC, 0x1F, 0xD0,
    0x03, 0xF0, 0x00, 0xBD, 0x00, 0xF8, 0x00, 0x7F, 0x00, 0x0F, 0x40, 0x0F, 0x80, 0x0B, 0xF0, 0x01,
    0xF0, 0x00, 0xF8, 0x00, 0xFF, 0x00, 0x3D, 0x00, 0x0F, 0x80, 0x2E, 0xF0, 0x03, 0xC0, 0x00, 0xB8,
    0x03, 0xCF, 0x00, 0xB4, 0x00, 0x0B, 0xC0, 0xB4, 0xF4, 0x0F, 0x00, 0x00, 0xBC, 0x0F, 0x0F, 0x42,
    0xD0, 0x00, 0x07, 0xC2, 0xD0, 0xF4, 0x3C, 0x00, 0x00, 0x7C, 0x3C, 0x0B, 0x87, 0x40, 0x00, 0x07,
    0xCB, 0x40, 0xB8, 0xF0, 0x00, 0x00, 0x3C, 0xF0, 0x07, 0x9D, 0x00, 0x00, 0x03, 0xED, 0x00, 0x7F,
    0xC0, 0x00, 0x00, 0x3F, 0xC0, 0x07, 0xF8, 0x00, 0x00, 0x03, 0xF4, 0x00, 0x3F, 0x00, 0x00, 0x00,
    0x3F, 0x00, 0x03, 0xE0, 0x00, 0x00, 0x00, 0x00, 0x00, 0x00, 0x00, 0x00, 0x00, 0x00, 0x00, 0x00,
    0x00, 0x00, 0x00, 0x03, 0x00, 0x00, 0x00, 0x00, 0x2F, 0x00, 0x00, 0x00, 0x00, 0x7E, 0x00, 0x00,
    0x00, 0x00, 0x7C, 0x00, 0x00, 0x00, 0x00, 0x38, 0x00, 0x00, 0x00, 0x00, 0x00, 0x00, 0x00, 0x00,
    0x00, 0x00, 0x00, 0x2F, 0x40, 0x3C, 0x01, 0xF6, 0xFF, 0x00, 0xF8, 0x03, 0xE0, 0x3D, 0x02, 0xF0,
    0x0F, 0x80, 0xF4, 0x0B, 0xC0, 0x3D, 0x02, 0xE0, 0x2F, 0x40, 0xF0, 0x07, 0xC0, 0xFD, 0x03, 0xC0,
    0x0F, 0x07, 0xF8, 0x2D, 0x00, 0x3C, 0x3D, 0xE0, 0xF0, 0x00, 0xF1, 0xD3, 0xCB, 0x40, 0x03, 0xCF,
    0x0F, 0x38, 0x00, 0x0B, 0xF0, 0x3F, 0xC0, 0x00, 0x2F, 0x40, 0xFC, 0x00, 0x00, 0xB4, 0x03, 0xC0,
    0x00, 0x00, 0x00, 0x00, 0x00, 0x00, 0x00, 0x00, 0x00, 0x00, 0x80, 0x00, 0x00, 0x00, 0x00, 0x00,
    0x7C, 0x00, 0x00, 0x00, 0x00, 0x00, 0x3F, 0xC0, 0x00, 0x00, 0x00, 0x00, 0x1F, 0xE0, 0x00, 0x00,
    0x00, 0x00, 0x01, 0x40, 0x00, 0x00, 0x00, 0x00, 0x00, 0x00, 0x00, 0x00, 0x00, 0x15, 0x54, 0x00,
    0x00, 0x01, 0x55, 0x4B, 0xFF, 0xC0, 0x1E, 0x00, 0x7F, 0xFC, 0x1F, 0xD0, 0x03, 0xF0, 0x00, 0xBD,
    0x00, 0xF8, 0x00, 0x7F, 0x00, 0x0F, 0x40, 0x0F, 0x80, 0x0B, 0xF0, 0x01, 0xF0, 0x00, 0xF8, 0x00,
    0xFF, 0x00, 0x3D, 0x00, 0x0F, 0x80, 0x2E, 0xF0, 0x03, 0xC0, 0x00, 0xB8, 0x03, 0xCF, 0x00, 0xB4,
    0x00, 0x0B, 0xC0, 0xB4, 0xF4, 0x0F, 0x00, 0x00, 0xBC, 0x0F, 0x0F, 0x42, 0xD0, 0x00, 0x07, 0xC2,
    0xD0, 0xF4, 0x3C, 0x00, 0x00, 0x7C, 0x3C, 0x0B, 0x87, 0x40, 0x00, 0x07, 0xCB, 0x40, 0xB8, 0xF0,
    0x00, 0x00, 0x3C, 0xF0, 0x07, 0x9D, 0x00, 0x00, 0x03, 0xED, 0x00, 0x7F, 0xC0, 0x00, 0x00, 0x3F,
    0xC0, 0x07, 0xF8, 0x00, 0x00, 0x03, 0xF4, 0x00, 0x3F, 0x00, 0x00, 0x00, 0x3F, 0x00, 0x03, 0xE0,
    0x00, 0x00, 0x00, 0x00, 0x00, 0x00, 0x00, 0x00, 0x00, 0x00, 0x00, 0x00, 0x00, 0x00, 0x00, 0x00,
    0x03, 0x80, 0x00, 0x00, 0x00, 0x3E, 0x00, 0x00, 0x00, 0x02, 0xF0, 0x00, 0x00, 0x00, 0x1E, 0x00,
    0x00, 0x00, 0x00, 0xA0, 0x00, 0x00, 0x00, 0x00, 0x00, 0x00, 0x00, 0x00, 0x00, 0x00, 0x00, 0x2F,
    0x40, 0x3C, 0x01, 0xF6, 0xFF, 0x00, 0xF8, 0x03, 0xE0, 0x3D, 0x02, 0xF0, 0x0F, 0x80, 0xF4, 0x0B,
    0xC0, 0x3D, 0x02, 0xE0, 0x2F, 0x40, 0xF0, 0x07, 0xC0, 0xFD, 0x03, 0xC0, 0x0F, 0x07, 0xF8, 0x2D,
    0x00, 0x3C, 0x3D, 0xE0, 0xF0, 0x00, 0xF1, 0xD3, 0xCB, 0x40, 0x03, 0xCF, 0x0F, 0x38, 0x00, 0x0B,
    0xF0, 0x3F, 0xC0, 0x00, 0x2F, 0x40, 0xFC, 0x00, 0x00, 0xB4, 0x03, 0xC0, 0x00, 0x00, 0x00, 0x00,
    0x00, 0x00, 0x00, 0x00, 0x0B, 0x41, 0xD0, 0x00, 0x00, 0x00, 0x01, 0xF8, 0x7E, 0x00, 0x00, 0x00,
    0x00, 0x2F, 0x07, 0xD0, 0x00, 0x00, 0x00, 0x00, 0x00, 0x00, 0x00, 0x00, 0x00, 0x00, 0x00, 0x00,
    0x00, 0x00, 0x01, 0x55, 0x40, 0x00, 0x00, 0x15, 0x54, 0xBF, 0xFC, 0x01, 0xE0, 0x07, 0xFF, 0xC1,
    0xFD, 0x00, 0x3F, 0x00, 0x0B, 0xD0, 0x0F, 0x80, 0x07, 0xF0, 0x00, 0xF4, 0x00, 0xF8, 0x00, 0xBF,
    0x00, 0x1F, 0x00, 0x0F, 0x80, 0x0F, 0xF0, 0x03, 0xD0, 0x00, 0xF8, 0x02, 0xEF, 0x00, 0x3C, 0x00,
    0x0B, 0x80, 0x3C, 0xF0, 0x0B, 0x40, 0x00, 0xBC, 0x0B, 0x4F, 0x40, 0xF0, 0x00, 0x0B, 0xC0, 0xF0,
    0xF4, 0x2D, 0x00, 0x00, 0x7C, 0x2D, 0x0F, 0x43, 0xC0, 0x00, 0x07, 0xC3, 0xC0, 0xB8, 0x74, 0x00,
    0x00, 0x7C, 0xB4, 0x0B, 0x8F, 0x00, 0x00, 0x03, 0xCF, 0x00, 0x79, 0xD0, 0x00, 0x00, 0x3E, 0xD0,
    0x07, 0xFC, 0x00, 0x00, 0x03, 0xFC, 0x00, 0x7F, 0x80, 0x00, 0x00, 0x3F, 0x40, 0x03, 0xF0, 0x00,
    0x00, 0x03, 0xF0, 0x00, 0x3E, 0x00, 0x00, 0x00, 0x00, 0x00, 0x00, 0x00, 0x00, 0x00, 0x00, 0x01,
    0x80, 0x60, 0x00, 0x00, 0x0F, 0x83, 0xE0, 0x00, 0x00, 0x7D, 0x1F, 0x40, 0x00, 0x00, 0x40, 0x10,
    0x00, 0x00, 0x00, 0x00, 0x00, 0x00, 0x00, 0x00, 0x00, 0x00, 0x02, 0xF4, 0x03, 0xC0, 0x1F, 0x6F,
    0xF0, 0x0F, 0x80, 0x3E, 0x03, 0xD0, 0x2F, 0x00, 0xF8, 0x0F, 0x40, 0xBC, 0x03, 0xD0, 0x2E, 0x02,
    0xF4, 0x0F, 0x00, 0x7C, 0x0F, 0xD0, 0x3C, 0x00, 0xF0, 0x7F, 0x82, 0xD0, 0x03, 0xC3, 0xDE, 0x0F,
    0x00, 0x0F, 0x1D, 0x3C, 0xB4, 0x00, 0x3C, 0xF0, 0xF3, 0x80, 0x00, 0xBF, 0x03, 0xFC, 0x00, 0x02,
    0xF4, 0x0F, 0xC0, 0x00, 0x0B, 0x40, 0x3C, 0x00, 0x00, 0x00, 0x00, 0x00, 0x00, 0x00, 0x00, 0x00,
    0x00, 0x00, 0x00, 0x00, 0x00, 0x00, 0x0B, 0xC0, 0x00, 0x00, 0x00, 0x00, 0x00, 0xFC, 0x00, 0x00,
    0x00, 0x00, 0x00, 0x0F, 0x80, 0x00, 0x00, 0x00, 0x00, 0x00, 0x00, 0x00, 0x00, 0x00, 0x00, 0x00,
    0x00, 0x00, 0x00, 0x00, 0x15, 0x54, 0x00, 0x00, 0x01, 0x55, 0x4B, 0xFF, 0xC0, 0x1E, 0x00, 0x7F,
    0xFC, 0x1F, 0xD0, 0x03, 0xF0, 0x00, 0xBD, 0x00, 0xF8, 0x00, 0x7F, 0x00, 0x0F, 0x40, 0x0F, 0x80,
    0x0B, 0xF0, 0x01, 0xF0, 0x00, 0xF8, 0x00, 0xFF, 0x00, 0x3D, 0x00, 0x0F, 0x80, 0x2E, 0xF0, 0x03,
    0xC0, 0x00, 0xB8, 0x03, 0xCF, 0x00, 0xB4, 0x00, 0x0B, 0xC0, 0xB4, 0xF4, 0x0F, 0x00, 0x00, 0xBC,
    0x0F, 0x0F, 0x42, 0xD0, 0x00, 0x07, 0xC2, 0xD0, 0xF4, 0x3C, 0x00, 0x00, 0x7C, 0x3C, 0x0B, 0x87,
    0x40, 0x00, 0x07, 0xCB, 0x40, 0xB8, 0xF0, 0x00, 0x00, 0x3C, 0xF0, 0x07, 0x9D, 0x00, 0x00, 0x03,
    0xED, 0x00, 0x7F, 0xC0, 0x00, 0x00, 0x3F, 0xC0, 0x07, 0xF8, 0x00, 0x00, 0x03, 0xF4, 0x00, 0x3F,
    0x00, 0x00, 0x00, 0x3F, 0x00, 0x03, 0xE0, 0x00, 0x00, 0x00, 0x00, 0x00, 0x00, 0x00, 0x00, 0x00,
    0x00, 0x00, 0x0A, 0x00, 0x00, 0x00, 0x00, 0xFC, 0x00, 0x00, 0x00, 0x03, 0xF0, 0x00, 0x00, 0x00,
    0x01, 0x00, 0x00, 0x00, 0x00, 0x00, 0x00, 0x00, 0x00, 0x00, 0x00, 0x00, 0x02, 0xF4, 0x03, 0xC0,
    0x1F, 0x6F, 0xF0, 0x0F, 0x80, 0x3E, 0x03, 0xD0, 0x2F, 0x00, 0xF8, 0x0F, 0x40, 0xBC, 0x03, 0xD0,
    0x2E, 0x02, 0xF4, 0x0F, 0x00, 0x7C, 0x0F, 0xD0, 0x3C, 0x00, 0xF0, 0x7F, 0x82, 0xD0, 0x03, 0xC3,
    0xDE, 0x0F, 0x00, 0x0F, 0x1D, 0x3C, 0xB4, 0x00, 0x3C, 0xF0, 0xF3, 0x80, 0x00, 0xBF, 0x03, 0xFC,
    0x00, 0x02, 0xF4, 0x0F, 0xC0, 0x00, 0x0B, 0x40, 0x3C, 0x00, 0x00, 0x00, 0x00, 0x00, 0x00, 0x15,
    0x54, 0x00, 0x00, 0x01, 0x55, 0x4B, 0xFF, 0xC0, 0x1E, 0x00, 0x7F, 0xFC, 0x1F, 0xD0, 0x03, 0xF0,
    0x00, 0xBD, 0x00, 0xF8, 0x00, 0x7F, 0x00, 0x0F, 0x40, 0x0F, 0x80, 0x0B, 0xF0, 0x01, 0xF0, 0x00,
    0xF8, 0x00, 0xFF, 0x00, 0x3D, 0x00, 0x0F, 0x80, 0x2E, 0xF0, 0x03, 0xC0, 0x00, 0xB8, 0x03, 0xCF,
    0x00, 0xB4, 0x00, 0x0B, 0xC0, 0xB4, 0xF4, 0x0F, 0x00, 0x00, 0xBC, 0x0F, 0x0F, 0x42, 0xD0, 0x00,
    0x07, 0xC2, 0xD0, 0xF4, 0x3C, 0x00, 0x00, 0x7C, 0x3C, 0x0B, 0x87, 0x40, 0x00, 0x07, 0xCB, 0x40,
    0xB8, 0xF0, 0x00, 0x00, 0x3C, 0xF0, 0x07, 0x9D, 0x00, 0x00, 0x03, 0xED, 0x00, 0x7F, 0xC0, 0x00,
    0x00, 0x3F, 0xC0, 0x07, 0xF8, 0x00, 0x00, 0x03, 0xF4, 0x00, 0x3F, 0x00, 0x00, 0x00, 0x3F, 0x00,
    0x03, 0xE0, 0x00, 0x00, 0x00, 0x00, 0x00, 0x00, 0x00, 0x00, 0x00, 0x00, 0x00, 0x00, 0x00, 0x00,
    0x00, 0x00, 0x00, 0xB4, 0x00, 0x00, 0x00, 0x00, 0x00, 0x2F, 0x80, 0x00, 0x00, 0x00, 0x00, 0x03,
    0xF4, 0x00, 0x00, 0x00, 0x00, 0x00, 0x08, 0x00, 0x00, 0x00, 0x00, 0x00, 0x00, 0x00, 0x00, 0x00,
    0xBD, 0x00, 0xF0, 0x07, 0xDB, 0xFC, 0x03, 0xE0, 0x0F, 0x80, 0xF4, 0x0B, 0xC0, 0x3E, 0x03, 0xD0,
    0x2F, 0x00, 0xF4, 0x0B, 0x80, 0xBD, 0x03, 0xC0, 0x1F, 0x03, 0xF4, 0x0F, 0x00, 0x3C, 0x1F, 0xE0,
    0xB4, 0x00, 0xF0, 0xF7, 0x83, 0xC0, 0x03, 0xC7, 0x4F, 0x2D, 0x00, 0x0F, 0x3C, 0x3C, 0xE0, 0x00,
    0x2F, 0xC0, 0xFF, 0x00, 0x00, 0xBD, 0x03, 0xF0, 0x00, 0x02, 0xD0, 0x0F, 0x00, 0x00, 0x00, 0x00,
    0x00, 0x00, 0x00, 0x00, 0x00, 0x00, 0x00, 0x00, 0x02, 0xD0, 0x00, 0x00, 0x00, 0x1F, 0x80, 0x00,
    0x00, 0x00, 0x7D, 0x00, 0x00, 0x00, 0x00, 0x40, 0x00, 0x00, 0x00, 0x00, 0x00, 0x00, 0x00, 0x00,
    0x00, 0x02, 0xF0, 0x00, 0x00, 0x00, 0x03, 0xF0, 0x00, 0x00, 0x00, 0x03, 0xD0, 0x00, 0x00, 0x00,
    0x00, 0x00, 0x00, 0x00, 0x00, 0x00, 0x00, 0x00, 0x00, 0x15, 0x54, 0x05, 0x54, 0x00, 0xFF, 0xF8,
    0x2F, 0xFD, 0x00, 0x2F, 0x80, 0x07, 0xE0, 0x00, 0x0F, 0xC0, 0x0F, 0x80, 0x00, 0x07, 0xD0, 0x2E,
    0x00, 0x00, 0x03, 0xE0, 0xB8, 0x00, 0x00, 0x00, 0xF1, 0xF0, 0x00, 0x00, 0x00, 0xBF, 0xC0, 0x00,
    0x00, 0x00, 0x3F, 0x00, 0x00, 0x00, 0x00, 0x7F, 0x00, 0x00, 0x00, 0x01, 0xFF, 0x40, 0x00, 0x00,
    0x03, 0xCB, 0xC0, 0x00, 0x00, 0x0F, 0x03, 0xD0, 0x00, 0x00, 0x3D, 0x02, 0xF0, 0x00, 0x00, 0xF4,
    0x00, 0xF4, 0x00, 0x02, 0xE0, 0x00, 0xBC, 0x00, 0x1F, 0xE4, 0x01, 0xFF, 0x80, 0xFF, 0xFC, 0x0B,
    0xFF, 0xD0, 0x00, 0x00, 0x2C, 0x00, 0x00, 0x00, 0xBE, 0x00, 0x00, 0x00, 0xBC, 0x00, 0x00, 0x00,
    0x10, 0x00, 0x00, 0x00, 0x00, 0x00, 0x00, 0x00, 0x00, 0x00, 0x01, 0xB8, 0x00, 0xFC, 0x0B, 0xFC,
    0x03, 0xFC, 0x00, 0x3E, 0x0F, 0x44, 0x00, 0x1F, 0x2D, 0x00, 0x00, 0x0F, 0xB8, 0x00, 0x00, 0x0B,
    0xF0, 0x00, 0x00, 0x03, 0xD0, 0x00, 0x00, 0x0B, 0xE0, 0x00, 0x00, 0x1E, 0xF0, 0x00, 0x00, 0x78,
    0xF4, 0x00, 0x10, 0xF0, 0xBC, 0x00, 0x3F, 0xC0, 0x3F, 0xF0, 0x3F, 0x40, 0x3F, 0x80, 0x00, 0x00,
    0x00, 0x00, 0x00, 0x00, 0x2C, 0x0B, 0x40, 0x00, 0x00, 0xBD, 0x1F, 0x80, 0x00, 0x00, 0xBC, 0x2F,
    0x00, 0x00, 0x00, 0x00, 0x00, 0x00, 0x00, 0x00, 0x00, 0x00, 0x00, 0x00, 0x15, 0x54, 0x05, 0x54,
    0x00, 0xFF, 0xF8, 0x2F, 0xFD, 0x00, 0x2F, 0x80, 0x07, 0xE0, 0x00, 0x0F, 0xC0, 0x0F, 0x80, 0x00,
    0x07, 0xD0, 0x2E, 0x00, 0x00, 0x03, 0xE0, 0xB8, 0x00, 0x00, 0x00, 0xF1, 0xF0, 0x00, 0x00, 0x00,
    0xBF, 0xC0, 0x00, 0x00, 0x00, 0x3F, 0x00, 0x00, 0x00, 0x00, 0x7F, 0x00, 0x00, 0x00, 0x01, 0xFF,
    0x40, 0x00, 0x00, 0x03, 0xCB, 0xC0, 0x00, 0x00, 0x0F, 0x03, 0xD0, 0x00, 0x00, 0x3D, 0x02, 0xF0,
    0x00, 0x00, 0xF4, 0x00, 0xF4, 0x00, 0x02, 0xE0, 0x00, 0xBC, 0x00, 0x1F, 0xE4, 0x01, 0xFF, 0x80,
    0xFF, 0xFC, 0x0B, 0xFF, 0xD0, 0x00, 0x02, 0x40, 0x90, 0x00, 0x0F, 0xC3, 0xF0, 0x00, 0x0F, 0x83,
    0xE0, 0x00, 0x05, 0x01, 0x40, 0x00, 0x00, 0x00, 0x00, 0x00, 0x00, 0x00, 0x00, 0x01, 0xB8, 0x00,
    0xFC, 0x0B, 0xFC, 0x03, 0xFC, 0x00, 0x3E, 0x0F, 0x44, 0x00, 0x1F, 0x2D, 0x00, 0x00, 0x0F, 0xB8,
    0x00, 0x00, 0x0B, 0xF0, 0x00, 0x00, 0x03, 0xD0, 0x00, 0x00, 0x0B, 0xE0, 0x00, 0x00, 0x1E, 0xF0,
    0x00, 0x00, 0x78, 0xF4, 0x00, 0x10, 0xF0, 0xBC, 0x00, 0x3F, 0xC0, 0x3F, 0xF0, 0x3F, 0x40, 0x3F,
    0x80, 0x00, 0x00, 0x00, 0x00, 0x00, 0x00, 0x00, 0x00, 0x00, 0x00, 0x1F, 0x40, 0x00, 0x00, 0x0F,
    0xD0, 0x00, 0x00, 0x03, 0xE0, 0x00, 0x00, 0x00, 0x00, 0x00, 0x00, 0x00, 0x00, 0x00, 0x01, 0x55,
    0x40, 0x15, 0x51, 0xFF, 0xF4, 0x2F, 0xFD, 0x1F, 0xD0, 0x01, 0xF8, 0x02, 0xF0, 0x00, 0xB8, 0x00,
    0x3D, 0x00, 0x7C, 0x00, 0x0B, 0xC0, 0x3C, 0x00, 0x01, 0xF0, 0x3D, 0x00, 0x00, 0x3E, 0x2E, 0x00,
    0x00, 0x0B, 0xCF, 0x00, 0x00, 0x00, 0xFF, 0x00, 0x00, 0x00, 0x2F, 0x40, 0x00, 0x00, 0x0B, 0xC0,
    0x00, 0x00, 0x03, 0xE0, 0x00, 0x00, 0x00, 0xF4, 0x00, 0x00, 0x00, 0x3C, 0x00, 0x00, 0x00, 0x1F,
    0x00, 0x00, 0x00, 0x2F, 0xE8, 0x00, 0x00, 0x3F, 0xFF, 0x00, 0x00, 0x00, 0x00, 0x0A, 0x00, 0x00,
    0x00, 0x3F, 0x40, 0x00, 0x00, 0x3F, 0x00, 0x00, 0x00, 0x04, 0x00, 0x00, 0x00, 0x00, 0x00, 0x00,
    0x00, 0x00, 0x00, 0x00, 0x7E, 0x00, 0x7C, 0x01, 0xFF, 0x00, 0x3E, 0x00, 0x0F, 0x80, 0x2E, 0x00,
    0x0B, 0xC0, 0x2D, 0x00, 0x03, 0xC0, 0x3C, 0x00, 0x03, 0xD0, 0x3C, 0x00, 0x02, 0xD0, 0x74, 0x00,
    0x02, 0xE0, 0xF0, 0x00, 0x01, 0xE1, 0xD0, 0x00, 0x01, 0xE3, 0xC0, 0x00, 0x00, 0xEB, 0x00, 0x00,
    0x01, 0xED, 0x00, 0x00, 0x01, 0xF8, 0x00, 0x00, 0x02, 0xF0, 0x00, 0x00, 0x03, 0xC0, 0x00, 0x00,
    0x1F, 0x00, 0x00, 0x25, 0xBC, 0x00, 0x00, 0x3F, 0xE0, 0x00, 0x00, 0x2E, 0x40, 0x00, 0x00, 0x00,
    0x00, 0x19, 0x00, 0x00, 0x00, 0x7F, 0x40, 0x00, 0x01, 0xFB, 0xC0, 0x00, 0x07, 0xC2, 0xE0, 0x00,
    0x0E, 0x00, 0xA0, 0x00, 0x00, 0x00, 0x00, 0x00, 0x55, 0x55, 0x54, 0x01, 0xFF, 0xFF, 0xFC, 0x02,
    0xFA, 0xAA, 0xFC, 0x03, 0xC0, 0x02, 0xF0, 0x03, 0xC0, 0x07, 0xD0, 0x01, 0x00, 0x0F, 0x40, 0x00,
    0x00, 0x3E, 0x00, 0x00, 0x00, 0xFC, 0x00, 0x00, 0x02, 0xF0, 0x00, 0x00, 0x0B, 0xC0, 0x00, 0x00,
    0x1F, 0x40, 0x00, 0x00, 0x7D, 0x00, 0x00, 0x00, 0xF8, 0x00, 0x00, 0x03, 0xF0, 0x00, 0xB0, 0x0F,
    0xC0, 0x00, 0xF0, 0x2F, 0x00, 0x02, 0xE0, 0x7F, 0xFF, 0xFF, 0xD0, 0x3F, 0xFF, 0xFF, 0xC0, 0x00,
    0x00, 0x00, 0x00, 0x00, 0x00, 0x00, 0x00, 0x07, 0xC0, 0x00, 0x0F, 0xF0, 0x00, 0x3D, 0xF0, 0x00,
    0xB4, 0x78, 0x02, 0xD0, 0x38, 0x00, 0x00, 0x00, 0x00, 0x00, 0x00, 0x07, 0xE4, 0x1C, 0x0F, 0xFF,
    0x7D, 0x2D, 0x5F, 0xF8, 0x2C, 0x02, 0xE0, 0x00, 0x07, 0xC0, 0x00, 0x1F, 0x00, 0x00, 0x7C, 0x00,
    0x01, 0xF0, 0x00, 0x03, 0xC0, 0x00, 0x0F, 0x00, 0x10, 0x3F, 0x50, 0x38, 0xFF, 0xFF, 0xF8, 0xF0,
    0xBF, 0xF0, 0x00, 0x00, 0x00, 0x00, 0x55, 0x55, 0x54, 0x01, 0xFF, 0xFF, 0xFC, 0x02, 0xFA, 0xAA,
    0xFC, 0x03, 0xC0, 0x02, 0xF0, 0x03, 0xC0, 0x07, 0xD0, 0x01, 0x00, 0x0F, 0x40, 0x00, 0x00, 0x3E,
    0x00, 0x00, 0x00, 0xFC, 0x00, 0x00, 0x02, 0xF0, 0x00, 0x00, 0x0B, 0xC0, 0x00, 0x00, 0x1F, 0x40,
    0x00, 0x00, 0x7D, 0x00, 0x00, 0x00, 0xF8, 0x00, 0x00, 0x03, 0xF0, 0x00, 0xB0, 0x0F, 0xC0, 0x00,
    0xF0, 0x2F, 0x00, 0x02, 0xE0, 0x7F, 0xFF, 0xFF, 0xD0, 0x3F, 0xFF, 0xFF, 0xC0, 0x00, 0x00, 0x00,
    0x00, 0x00, 0x00, 0x00, 0x00, 0x00, 0x0B, 0x00, 0x00, 0x00, 0x3F, 0x40, 0x00, 0x00, 0x3F, 0x00,
    0x00, 0x00, 0x14, 0x00, 0x00, 0x07, 0xE4, 0x1C, 0x0F, 0xFF, 0x7D, 0x2D, 0x5F, 0xF8, 0x2C, 0x02,
    0xE0, 0x00, 0x07, 0xC0, 0x00, 0x1F, 0x00, 0x00, 0x7C, 0x00, 0x01, 0xF0, 0x00, 0x03, 0xC0, 0x00,
    0x0F, 0x00, 0x10, 0x3F, 0x50, 0x38, 0xFF, 0xFF, 0xF8, 0xF0, 0xBF, 0xF0, 0x00, 0x00, 0x00, 0x00,
    0x00, 0x00, 0x00, 0xB0, 0x00, 0x02, 0xF4, 0x00, 0x03, 0xF0, 0x00, 0x00, 0x40, 0x00, 0x00, 0x55,
    0x55, 0x54, 0x01, 0xFF, 0xFF, 0xFC, 0x02, 0xFA, 0xAA, 0xFC, 0x03, 0xC0, 0x02, 0xF0, 0x03, 0xC0,
    0x07, 0xD0, 0x01, 0x00, 0x0F, 0x40, 0x00, 0x00, 0x3E, 0x00, 0x00, 0x00, 0xFC, 0x00, 0x00, 0x02,
    0xF0, 0x00, 0x00, 0x0B, 0xC0, 0x00, 0x00, 0x1F, 0x40, 0x00, 0x00, 0x7D, 0x00, 0x00, 0x00, 0xF8,
    0x00, 0x00, 0x03, 0xF0, 0x00, 0xB0, 0x0F, 0xC0, 0x00, 0xF0, 0x2F, 0x00, 0x02, 0xE0, 0x7F, 0xFF,
    0xFF, 0xD0, 0x3F, 0xFF, 0xFF, 0xC0, 0x00, 0x00, 0x00, 0x00, 0x00, 0x00, 0x00, 0x00, 0x01, 0x55,
    0x50, 0x00, 0x03, 0xFF, 0xF4, 0x00, 0x02, 0xAA, 0xA0, 0x00, 0x07, 0xE4, 0x1C, 0x0F, 0xFF, 0x7D,
    0x2D, 0x5F, 0xF8, 0x2C, 0x02, 0xE0, 0x00, 0x07, 0xC0, 0x00, 0x1F, 0x00, 0x00, 0x7C, 0x00, 0x01,
    0xF0, 0x00, 0x03, 0xC0, 0x00, 0x0F, 0x00, 0x10, 0x3F, 0x50, 0x38, 0xFF, 0xFF, 0xF8, 0xF0, 0xBF,
    0xF0, 0x00, 0x00, 0x00, 0x00, 0x00, 0x00, 0x05, 0x55, 0x00, 0x3F, 0xFF, 0x40, 0x1A, 0xAA, 0x00,
    0x00, 0x10, 0x00, 0x00, 0x2F, 0xF0, 0x00, 0x00, 0x6B, 0xC0, 0x00, 0x00, 0x1F, 0x00, 0x00, 0x00,
    0xB8, 0x00, 0x00, 0x03, 0xC0, 0x00, 0x00, 0x0F, 0x00, 0x00, 0x00, 0x78, 0x1F, 0xD0, 0x02, 0xD2,
    0xFF, 0x80, 0x0F, 0x2E, 0x2F, 0x00, 0x3D, 0xD0, 0xB8, 0x01, 0xFD, 0x03, 0xD0, 0x0B, 0xF0, 0x0F,
    0x00, 0x2F, 0x00, 0x7C, 0x00, 0xF8, 0x02, 0xE0, 0x03, 0xC0, 0x0F, 0x40, 0x1F, 0x00, 0x3C, 0x10,
    0xB8, 0x00, 0xF3, 0xC3, 0xD0, 0x07, 0xFD, 0x0F, 0x00, 0x0F, 0xC0, 0x00, 0x00, 0x00, 0x00, 0x00,
    0x00, 0x00, 0x00, 0x15, 0x54, 0x00, 0x03, 0xFF, 0xF4, 0x00, 0x06, 0xAA, 0x80, 0x00, 0x02, 0xD0,
    0xB4, 0x1F, 0x47, 0xD0, 0x7C, 0x1F, 0x00, 0x00, 0x00, 0x00, 0x00, 0x00, 0x00, 0xE0, 0x00, 0x0B,
    0x40, 0x00, 0x3C, 0x00, 0x0A, 0xFF, 0xE0, 0xFF, 0xFF, 0x40, 0x2E, 0x00, 0x00, 0xF4, 0x00, 0x03,
    0xC0, 0x00, 0x1F, 0x00, 0x00, 0x78, 0x00, 0x02, 0xE0, 0x00, 0x0F, 0x40, 0x00, 0x3C, 0x06, 0x00,
    0xF0, 0xB8, 0x03, 0xFF, 0xC0, 0x0B, 0xF4, 0x00, 0x00, 0x00, 0x00, 0x00, 0x00, 0x09, 0x00, 0x00,
    0x00, 0x01, 0xFF, 0x00, 0x00, 0x00, 0x0E, 0x1E, 0x00, 0x00, 0x00, 0x74, 0x38, 0x00, 0x00, 0x01,
    0xD1, 0xD0, 0x00, 0x00, 0x03, 0xFE, 0x00, 0x00, 0x00, 0x02, 0x90, 0x00, 0x00, 0x00, 0x00, 0x00,
    0x00, 0x2F, 0x40, 0x3C, 0x01, 0xF6, 0xFF, 0x00, 0xF8, 0x03, 0xE0, 0x3D, 0x02, 0xF0, 0x0F, 0x80,
    0xF4, 0x0B, 0xC0, 0x3D, 0x02, 0xE0, 0x2F, 0x40, 0xF0, 0x07, 0xC0, 0xFD, 0x03, 0xC0, 0x0F, 0x07,
    0xF8, 0x2D, 0x00, 0x3C, 0x3D, 0xE0, 0xF0, 0x00, 0xF1, 0xD3, 0xCB, 0x40, 0x03, 0xCF, 0x0F, 0x38,
    0x00, 0x0B, 0xF0, 0x3F, 0xC0, 0x00, 0x2F, 0x40, 0xFC, 0x00, 0x00, 0xB4, 0x03, 0xC0, 0x00, 0x00,
    0x00, 0x00, 0x00, 0x00, 0x00, 0x00, 0x0A, 0x00, 0x00, 0x00, 0x7F, 0xC0, 0x00, 0x00, 0xF0, 0xE0,
    0x00, 0x01, 0xD0, 0xE0, 0x00, 0x01, 0xE1, 0xD0, 0x00, 0x00, 0xFF, 0xC0, 0x00, 0x00, 0x29, 0x00,
    0x00, 0x00, 0x00, 0x00, 0x00, 0x7E, 0x00, 0x7C, 0x01, 0xFF, 0x00, 0x3E, 0x00, 0x0F, 0x80, 0x2E,
    0x00, 0x0B, 0xC0, 0x2D, 0x00, 0x03, 0xC0, 0x3C, 0x00, 0x03, 0xD0, 0x3C, 0x00, 0x02, 0xD0, 0x74,
    0x00, 0x02, 0xE0, 0xF0, 0x00, 0x01, 0xE1, 0xD0, 0x00, 0x01, 0xE3, 0xC0, 0x00, 0x00, 0xEB, 0x00,
    0x00, 0x01, 0xED, 0x00, 0x00, 0x01, 0xF8, 0x00, 0x00, 0x02, 0xF0, 0x00, 0x00, 0x03, 0xC0, 0x00,
    0x00, 0x1F, 0x00, 0x00, 0x25, 0xBC, 0x00, 0x00, 0x3F, 0xE0, 0x00, 0x00, 0x2E, 0x40, 0x00, 0x00,
    0x00, 0x00, 0x00, 0x06, 0x00, 0x00, 0x00, 0x00, 0x7C, 0x00, 0x00, 0x00, 0x01, 0xD0, 0x00, 0x00,
    0x00, 0x1D, 0x00, 0x00, 0x00, 0x03, 0xC0, 0x00, 0x00, 0x01, 0xF4, 0x00, 0x00, 0x00, 0x18, 0x00,
    0x00, 0x00, 0x00, 0x00, 0x00, 0x6F, 0x87, 0x40, 0x00, 0x2F, 0xFF, 0xF0, 0x00, 0x07, 0xD0, 0xBE,
    0x00, 0x00, 0xF0, 0x03, 0xD0, 0x00, 0x3E, 0x00, 0x3C, 0x00, 0x03, 0xC0, 0x07, 0xC0, 0x00, 0x78,
    0x00, 0xB8, 0x00, 0x0B, 0x40, 0x1F, 0x40, 0x00, 0xF4, 0x03, 0xF0, 0x00, 0x0F, 0x40, 0xBF, 0x04,
    0x00, 0xFC, 0x2C, 0xF3, 0xC0, 0x0B, 0xFF, 0x4F, 0xF0, 0x00, 0x3F, 0xC0, 0xFC, 0x00, 0x00, 0x00,
    0x00, 0x00, 0x00, 0x00, 0x00, 0x00, 0x07, 0x80, 0x00, 0x00, 0x00, 0xFC, 0x00, 0x00, 0x00, 0x0F,
    0x80, 0x00, 0x00, 0x00, 0x50, 0x00, 0x00, 0x00, 0x00, 0x00, 0x00, 0x00, 0x00, 0x00, 0x00, 0x00,
    0x00, 0x3F, 0xD0, 0x00, 0x00, 0x0F, 0xBF, 0x00, 0x00, 0x03, 0xC0, 0x90, 0x00, 0x00, 0x78, 0x00,
    0x00, 0x00, 0x0F, 0x40, 0x00, 0x00, 0x00, 0xF0, 0x00, 0x00, 0x00, 0x1F, 0x00, 0x00, 0x00, 0x02,
    0xE0, 0x00, 0x00, 0x00, 0x2D, 0x00, 0x00, 0x00, 0x03, 0xD0, 0x00, 0x00, 0x00, 0x3C, 0x00, 0x00,
    0x00, 0x07, 0xC0, 0x00, 0x00, 0x00, 0xB8, 0x00, 0x00, 0x00, 0x0F, 0x40, 0x00, 0x00, 0x00, 0xF0,
    0x00, 0x00, 0x00, 0x0F, 0x00, 0x00, 0x00, 0x01, 0xF0, 0x00, 0x00, 0x00, 0x2E, 0x00, 0x00, 0x00,
    0x03, 0xD0, 0x00, 0x00, 0x00, 0x3C, 0x00, 0x00, 0x00, 0x07, 0xC0, 0x00, 0x00, 0x00, 0xF4, 0x00,
    0x00, 0x2D, 0x1F, 0x00, 0x00, 0x03, 0xFF, 0xC0, 0x00, 0x00, 0x1B, 0xE0, 0x00, 0x00, 0x00, 0x00,
    0x00, 0x01, 0xA4, 0x00, 0x00, 0x02, 0xFF, 0xF4, 0x00, 0x00, 0xF9, 0x1F, 0xD0, 0x00, 0x3D, 0x00,
    0x3E, 0x00, 0x0B, 0x80, 0x0B, 0x80, 0x00, 0xF4, 0x01, 0xF0, 0x00, 0x1F, 0x00, 0x7C, 0x00, 0x02,
    0xE0, 0x0F, 0x00, 0x00, 0x3D, 0x03, 0xF4, 0x00, 0x03, 0xD0, 0x1F, 0xF0, 0x00, 0x3C, 0x00, 0x2F,
    0xC0, 0x07, 0xC0, 0x00, 0x7E, 0x00, 0xB8, 0x00, 0x02, 0xF0, 0x0F, 0x46, 0x00, 0x1F, 0x00, 0xF0,
    0xF0, 0x02, 0xE0, 0x1F, 0x0F, 0x00, 0x7C, 0x07, 0xF0, 0xFE, 0xBF, 0x43, 0xFE, 0x07, 0xFF, 0xD0,
    0x00, 0x00, 0x00, 0x00, 0x00, 0x00, 0x00, 0x00, 0x60, 0x00, 0x00, 0x00, 0x0B, 0xC0, 0x00, 0x00,
    0x00, 0x3F, 0x40, 0x00, 0x00, 0x03, 0xFE, 0x00, 0x00, 0x00, 0x1D, 0xB8, 0x00, 0x00, 0x00, 0xF1,
    0xF0, 0x00, 0x00, 0x07, 0x43, 0xC0, 0x00, 0x00, 0x3C, 0x0F, 0x40, 0x00, 0x02, 0xD0, 0x3D, 0x00,
    0x00, 0x0F, 0x00, 0xB8, 0x00, 0x00, 0xF9, 0x56, 0xF0, 0x00, 0x07, 0xFF, 0xFF, 0xC0, 0x00, 0x3D,
    0x55, 0x6F, 0x40, 0x02, 0xE0, 0x00, 0x3D, 0x00, 0x0F, 0x00, 0x00, 0xF8, 0x00, 0xB8, 0x00, 0x03,
    0xF0, 0x0B, 0xE4, 0x00, 0x1F, 0xE4, 0xFF, 0xF0, 0x03, 0xFF, 0xF0, 0x00, 0x00, 0x00, 0x00, 0x00,
    0x00, 0x00, 0x00, 0x00, 0x00, 0x00, 0xB0, 0x00, 0x00, 0x00, 0x0B, 0xD0, 0x00, 0x00, 0x00, 0x3F,
    0x00, 0x00, 0x00, 0x00, 0x20, 0x00, 0x00, 0x00, 0x00, 0x00, 0x00, 0x1B, 0xE1, 0xD0, 0x2F, 0xFF,
    0xF0, 0x1F, 0x42, 0xF8, 0x0F, 0x00, 0x3D, 0x0F, 0x80, 0x0F, 0x03, 0xC0, 0x07, 0xC1, 0xE0, 0x02,
    0xE0, 0xB4, 0x01, 0xF4, 0x3D, 0x00, 0xFC, 0x0F, 0x40, 0xBF, 0x07, 0xF0, 0xB3, 0xCF, 0xBF, 0xF4,
    0xFF, 0x0F, 0xF0, 0x3F, 0x00, 0x00, 0x00, 0x00, 0x00, 0x00, 0x00, 0x01, 0xE0, 0x00, 0x00, 0xFC,
    0x00, 0x00, 0x3E, 0x00, 0x00, 0x05, 0x00, 0x00, 0x00, 0x00, 0x00, 0x00, 0x00, 0x00, 0x00, 0x07,
    0xF8, 0x00, 0x00, 0x00, 0x79, 0xF4, 0x00, 0x00, 0x01, 0xC3, 0xC0, 0x00, 0x00, 0x00, 0x3D, 0x00,
    0x00, 0x00, 0x07, 0xC0, 0x00, 0x00, 0x00, 0x0D, 0x00, 0x00, 0x00, 0x00, 0x00, 0x00, 0x00, 0x00,
    0x00, 0x60, 0x00, 0x00, 0x00, 0x0B, 0xC0, 0x00, 0x00, 0x00, 0x3F, 0x40, 0x00, 0x00, 0x03, 0xFE,
    0x00, 0x00, 0x00, 0x1D, 0xB8, 0x00, 0x00, 0x00, 0xF1, 0xF0, 0x00, 0x00, 0x07, 0x43, 0xC0, 0x00,
    0x00, 0x3C, 0x0F, 0x40, 0x00, 0x02, 0xD0, 0x3D, 0x00, 0x00, 0x0F, 0x00, 0xB8, 0x00, 0x00, 0xF9,
    0x56, 0xF0, 0x00, 0x07, 0xFF, 0xFF, 0xC0, 0x00, 0x3D, 0x55, 0x6F, 0x40, 0x02, 0xE0, 0x00, 0x3D,
    0x00, 0x0F, 0x00, 0x00, 0xF8, 0x00, 0xB8, 0x00, 0x03, 0xF0, 0x0B, 0xE4, 0x00, 0x1F, 0xE4, 0xFF,
    0xF0, 0x03, 0xFF, 0xF0, 0x00, 0x01, 0xA0, 0x00, 0x02, 0xFF, 0x00, 0x01, 0xD2, 0xD0, 0x00, 0x20,
    0xF0, 0x00, 0x00, 0xF4, 0x00, 0x00, 0xF4, 0x00, 0x00, 0x34, 0x00, 0x00, 0x00, 0x00, 0x00, 0x00,
    0x00, 0x00, 0x1B, 0xE1, 0xD0, 0x2F, 0xFF, 0xF0, 0x1F, 0x42, 0xF8, 0x0F, 0x00, 0x3D, 0x0F, 0x80,
    0x0F, 0x03, 0xC0, 0x07, 0xC1, 0xE0, 0x02, 0xE0, 0xB4, 0x01, 0xF4, 0x3D, 0x00, 0xFC, 0x0F, 0x40,
    0xBF, 0x07, 0xF0, 0xB3, 0xCF, 0xBF, 0xF4, 0xFF, 0x0F, 0xF0, 0x3F, 0x00, 0x00, 0x00, 0x00, 0x00,
    0x00, 0x00, 0x00, 0x02, 0x00, 0x00, 0x00, 0x00, 0x03, 0xC0, 0x00, 0x00, 0x00, 0x02, 0xE0, 0x00,
    0x00, 0x00, 0x41, 0xD0, 0x00, 0x00, 0x01, 0xFC, 0x00, 0x00, 0x00, 0x01, 0xFB, 0xC0, 0x00, 0x00,
    0x01, 0xF0, 0x78, 0x00, 0x00, 0x00, 0x60, 0x04, 0x00, 0x00, 0x00, 0x00, 0x60, 0x00, 0x00, 0x00,
    0x00, 0xBC, 0x00, 0x00, 0x00, 0x00, 0x3F, 0x40, 0x00, 0x00, 0x00, 0x3F, 0xE0, 0x00, 0x00, 0x00,
    0x1D, 0xB8, 0x00, 0x00, 0x00, 0x0F, 0x1F, 0x00, 0x00, 0x00, 0x07, 0x43, 0xC0, 0x00, 0x00, 0x03,
    0xC0, 0xF4, 0x00, 0x00, 0x02, 0xD0, 0x3D, 0x00, 0x00, 0x00, 0xF0, 0x0B, 0x80, 0x00, 0x00, 0xF9,
    0x56, 0xF0, 0x00, 0x00, 0x7F, 0xFF, 0xFC, 0x00, 0x00, 0x3D, 0x55, 0x6F, 0x40, 0x00, 0x2E, 0x00,
    0x03, 0xD0, 0x00, 0x0F, 0x00, 0x00, 0xF8, 0x00, 0x0B, 0x80, 0x00, 0x3F, 0x00, 0x0B, 0xE4, 0x00,
    0x1F, 0xE4, 0x0F, 0xFF, 0x00, 0x3F, 0xFF, 0x00, 0x00, 0x00, 0x00, 0x14, 0x00, 0x00, 0x00, 0x7C,
    0x00, 0x00, 0x00, 0xF8, 0x00, 0x00, 0x02, 0xE0, 0x00, 0x00, 0x03, 0x40, 0x00, 0x03, 0xE0, 0x00,
    0x00, 0x0F, 0xF8, 0x00, 0x00, 0x7D, 0x3D, 0x00, 0x01, 0xF4, 0x1D, 0x00, 0x00, 0x40, 0x00, 0x00,
    0x00, 0x00, 0x00, 0x00, 0x00, 0x6F, 0x87, 0x40, 0x02, 0xFF, 0xFF, 0x00, 0x07, 0xD0, 0xBE, 0x00,
    0x0F, 0x00, 0x3D, 0x00, 0x3E, 0x00, 0x3C, 0x00, 0x3C, 0x00, 0x7C, 0x00, 0x78, 0x00, 0xB8, 0x00,
    0xB4, 0x01, 0xF4, 0x00, 0xF4, 0x03, 0xF0, 0x00, 0xF4, 0x0B, 0xF0, 0x40, 0xFC, 0x2C, 0xF3, 0xC0,
    0xBF, 0xF4, 0xFF, 0x00, 0x3F, 0xC0, 0xFC, 0x00, 0x00, 0x00, 0x00, 0x00, 0x00, 0x00, 0x00, 0x02,
    0x00, 0x00, 0x00, 0x00, 0x1E, 0x00, 0x00, 0x00, 0x00, 0x3D, 0x00, 0x00, 0x00, 0x04, 0x3C, 0x00,
    0x00, 0x01, 0xFC, 0x10, 0x00, 0x00, 0x1F, 0xBC, 0x00, 0x00, 0x01, 0xF0, 0x78, 0x00, 0x00, 0x06,
    0x00, 0x40, 0x00, 0x00, 0x00, 0x60, 0x00, 0x00, 0x00, 0x0B, 0xC0, 0x00, 0x00, 0x00, 0x3F, 0x40,
    0x00, 0x00, 0x03, 0xFE, 0x00, 0x00, 0x00, 0x1D, 0xB8, 0x00, 0x00, 0x00, 0xF1, 0xF0, 0x00, 0x00,
    0x07, 0x43, 0xC0, 0x00, 0x00, 0x3C, 0x0F, 0x40, 0x00, 0x02, 0xD0, 0x3D, 0x00, 0x00, 0x0F, 0x00,
    0xB8, 0x00, 0x00, 0xF9, 0x56, 0xF0, 0x00, 0x07, 0xFF, 0xFF, 0xC0, 0x00, 0x3D, 0x55, 0x6F, 0x40,
    0x02, 0xE0, 0x00, 0x3D, 0x00, 0x0F, 0x00, 0x00, 0xF8, 0x00, 0xB8, 0x00, 0x03, 0xF0, 0x0B, 0xE4,
    0x00, 0x1F, 0xE4, 0xFF, 0xF0, 0x03, 0xFF, 0xF0, 0x00, 0x00, 0x20, 0x00, 0x00, 0x1F, 0x00, 0x00,
    0x03, 0xD0, 0x00, 0x00, 0x3C, 0x00, 0x00, 0x03, 0x80, 0x00, 0xF8, 0x00, 0x00, 0xFF, 0x80, 0x00,
    0xF4, 0xF4, 0x00, 0xF4, 0x1D, 0x00, 0x10, 0x00, 0x00, 0x00, 0x00, 0x00, 0x01, 0xBE, 0x1D, 0x02,
    0xFF, 0xFF, 0x01, 0xF4, 0x2F, 0x80, 0xF0, 0x03, 0xD0, 0xF8, 0x00, 0xF0, 0x3C, 0x00, 0x7C, 0x1E,
    0x00, 0x2E, 0x0B, 0x40, 0x1F, 0x43, 0xD0, 0x0F, 0xC0, 0xF4, 0x0B, 0xF0, 0x7F, 0x0B, 0x3C, 0xFB,
    0xFF, 0x4F, 0xF0, 0xFF, 0x03, 0xF0, 0x00, 0x00, 0x00, 0x00, 0x00, 0x00, 0x00, 0x00, 0xBE, 0x00,
    0x00, 0x00, 0x00, 0x77, 0xC0, 0x00, 0x00, 0x00, 0x04, 0xF0, 0x00, 0x00, 0x00, 0x01, 0xE0, 0x00,
    0x00, 0x00, 0xFC, 0x60, 0x00, 0x00, 0x00, 0xFB, 0xC0, 0x00, 0x00, 0x01, 0xF0, 0x78, 0x00, 0x00,
    0x00, 0x60, 0x04, 0x00, 0x00, 0x00, 0x00, 0x60, 0x00, 0x00, 0x00, 0x00, 0xBC, 0x00, 0x00, 0x00,
    0x00, 0x3F, 0x40, 0x00, 0x00, 0x00, 0x3F, 0xE0, 0x00, 0x00, 0x00, 0x1D, 0xB8, 0x00, 0x00, 0x00,
    0x0F, 0x1F, 0x00, 0x00, 0x00, 0x07, 0x43, 0xC0, 0x00, 0x00, 0x03, 0xC0, 0xF4, 0x00, 0x00, 0x02,
    0xD0, 0x3D, 0x00, 0x00, 0x00, 0xF0, 0x0B, 0x80, 0x00, 0x00, 0xF9, 0x56, 0xF0, 0x00, 0x00, 0x7F,
    0xFF, 0xFC, 0x00, 0x00, 0x3D, 0x55, 0x6F, 0x40, 0x00, 0x2E, 0x00, 0x03, 0xD0, 0x00, 0x0F, 0x00,
    0x00, 0xF8, 0x00, 0x0B, 0x80, 0x00, 0x3F, 0x00, 0x0B, 0xE4, 0x00, 0x1F, 0xE4, 0x0F, 0xFF, 0x00,
    0x3F, 0xFF, 0x00, 0x00, 0x00, 0x01, 0xF8, 0x00, 0x00, 0x0B, 0xBD, 0x00, 0x00, 0x0A, 0x1D, 0x00,
    0x00, 0x00, 0x7C, 0x00, 0x00, 0x02, 0xD0, 0x00, 0x02, 0xA1, 0x80, 0x00, 0x0F, 0xF8, 0x00, 0x00,
    0x3E, 0x3D, 0x00, 0x00, 0xF4, 0x1D, 0x00, 0x00, 0x40, 0x04, 0x00, 0x00, 0x00, 0x00, 0x00, 0x00,
    0x6F, 0x87, 0x40, 0x02, 0xFF, 0xFF, 0x00, 0x07, 0xD0, 0xBE, 0x00, 0x0F, 0x00, 0x3D, 0x00, 0x3E,
    0x00, 0x3C, 0x00, 0x3C, 0x00, 0x7C, 0x00, 0x78, 0x00, 0xB8, 0x00, 0xB4, 0x01, 0xF4, 0x00, 0xF4,
    0x03, 0xF0, 0x00, 0xF4, 0x0B, 0xF0, 0x40, 0xFC, 0x2C, 0xF3, 0xC0, 0xBF, 0xF4, 0xFF, 0x00, 0x3F,
    0xC0, 0xFC, 0x00, 0x00, 0x00, 0x00, 0x00, 0x00, 0x00, 0x03, 0xE0, 0xC0, 0x00, 0x00, 0x3F, 0xFF,
    0x00, 0x00, 0x00, 0xD1, 0xF4, 0x00, 0x00, 0x00, 0x00, 0x00, 0x00, 0x00, 0x01, 0xF4, 0x00, 0x00,
    0x00, 0x1F, 0xF4, 0x00, 0x00, 0x02, 0xF0, 0xF0, 0x00, 0x00, 0x09, 0x00, 0x40, 0x00, 0x00, 0x00,
    0x60, 0x00, 0x00, 0x00, 0x0B, 0xC0, 0x00, 0x00, 0x00, 0x3F, 0x40, 0x00, 0x00, 0x03, 0xFE, 0x00,
    0x00, 0x00, 0x1D, 0xB8, 0x00, 0x00, 0x00, 0xF1, 0xF0, 0x00, 0x00, 0x07, 0x43, 0xC0, 0x00, 0x00,
    0x3C, 0x0F, 0x40, 0x00, 0x02, 0xD0, 0x3D, 0x00, 0x00, 0x0F, 0x00, 0xB8, 0x00, 0x00, 0xF9, 0x56,
    0xF0, 0x00, 0x07, 0xFF, 0xFF, 0xC0, 0x00, 0x3D, 0x55, 0x6F, 0x40, 0x02, 0xE0, 0x00, 0x3D, 0x00,
    0x0F, 0x00, 0x00, 0xF8, 0x00, 0xB8, 0x00, 0x03, 0xF0, 0x0B, 0xE4, 0x00, 0x1F, 0xE4, 0xFF, 0xF0,
    0x03, 0xFF, 0xF0, 0x00, 0x00, 0x00, 0x00, 0x07, 0xE0, 0x90, 0x03, 0xEF, 0xB8, 0x00, 0xD1, 0xFC,
    0x00, 0x00, 0x00, 0x00, 0x00, 0xA4, 0x00, 0x00, 0xFF, 0x40, 0x00, 0xF5, 0xF0, 0x01, 0xF4, 0x1D,
    0x00, 0x10, 0x01, 0x00, 0x00, 0x00, 0x00, 0x01, 0xBE, 0x1D, 0x02, 0xFF, 0xFF, 0x01, 0xF4, 0x2F,
    0x80, 0xF0, 0x03, 0xD0, 0xF8, 0x00, 0xF0, 0x3C, 0x00, 0x7C, 0x1E, 0x00, 0x2E, 0x0B, 0x40, 0x1F,
    0x43, 0xD0, 0x0F, 0xC0, 0xF4, 0x0B, 0xF0, 0x7F, 0x0B, 0x3C, 0xFB, 0xFF, 0x4F, 0xF0, 0xFF, 0x03,
    0xF0, 0x00, 0x00, 0x00, 0x00, 0x00, 0x00, 0x00, 0x24, 0x00, 0x00, 0x00, 0x03, 0xF4, 0x00, 0x00,
    0x00, 0x3E, 0xF4, 0x00, 0x00, 0x07, 0xD1, 0xF0, 0x00, 0x00, 0x3C, 0x01, 0xC0, 0x00, 0x00, 0x00,
    0x00, 0x00, 0x00, 0x00, 0x06, 0x00, 0x00, 0x00, 0x00, 0xBC, 0x00, 0x00, 0x00, 0x03, 0xF4, 0x00,
    0x00, 0x00, 0x3F, 0xE0, 0x00, 0x00, 0x01, 0xDB, 0x80, 0x00, 0x00, 0x0F, 0x1F, 0x00, 0x00, 0x00,
    0x74, 0x3C, 0x00, 0x00, 0x03, 0xC0, 0xF4, 0x00, 0x00, 0x2D, 0x03, 0xD0, 0x00, 0x00, 0xF0, 0x0B,
    0x80, 0x00, 0x0F, 0x95, 0x6F, 0x00, 0x00, 0x7F, 0xFF, 0xFC, 0x00, 0x03, 0xD5, 0x56, 0xF4, 0x00,
    0x2E, 0x00, 0x03, 0xD0, 0x00, 0xF0, 0x00, 0x0F, 0x80, 0x0B, 0x80, 0x00, 0x3F, 0x00, 0xBE, 0x40,
    0x01, 0xFE, 0x4F, 0xFF, 0x00, 0x3F, 0xFF, 0x00, 0x00, 0x00, 0x00, 0x00, 0x00, 0x00, 0x00, 0x00,
    0x00, 0x00, 0x0B, 0x00, 0x00, 0x00, 0x00, 0xBD, 0x00, 0x00, 0x00, 0x03, 0xF0, 0x00, 0x00, 0x00,
    0x02, 0x00, 0x00, 0x00, 0x00, 0x00, 0x00, 0x00, 0x00, 0x7C, 0x00, 0x00, 0x7F, 0x80, 0x00, 0x3D,
    0xF0, 0x00, 0x3C, 0x2D, 0x00, 0x3D, 0x03, 0x80, 0x00, 0x00, 0x00, 0x00, 0x00, 0x00, 0x00, 0x6F,
    0x87, 0x40, 0xBF, 0xFF, 0xC0, 0x7D, 0x0B, 0xE0, 0x3C, 0x00, 0xF4, 0x3E, 0x00, 0x3C, 0x0F, 0x00,
    0x1F, 0x07, 0x80, 0x0B, 0x82, 0xD0, 0x07, 0xD0, 0xF4, 0x03, 0xF0, 0x3D, 0x02, 0xFC, 0x1F, 0xC2,
    0xCF, 0x3E, 0xFF, 0xD3, 0xFC, 0x3F, 0xC0, 0xFC, 0x00, 0x00, 0x00, 0x00, 0x00, 0x00, 0x00, 0x07,
    0x80, 0x00, 0x03, 0xF0, 0x00, 0x00, 0xF8, 0x00, 0x00, 0x14, 0x00, 0x00, 0x00, 0x00, 0x00, 0x05,
    0x00, 0x00, 0x00, 0x00, 0x3C, 0x00, 0x00, 0x00, 0x03, 0xE0, 0x00, 0x00, 0x01, 0x1D, 0x10, 0x00,
    0x00, 0x3C, 0x02, 0x80, 0x00, 0x00, 0xBF, 0xBC, 0x00, 0x00, 0x00, 0xBF, 0x80, 0x00, 0x00, 0x00,
    0x00, 0x00, 0x00, 0x00, 0x00, 0x60, 0x00, 0x00, 0x00, 0x0B, 0xC0, 0x00, 0x00, 0x00, 0x3F, 0x40,
    0x00, 0x00, 0x03, 0xFE, 0x00, 0x00, 0x00, 0x1D, 0xB8, 0x00, 0x00, 0x00, 0xF1, 0xF0, 0x00, 0x00,
    0x07, 0x43, 0xC0, 0x00, 0x00, 0x3C, 0x0F, 0x40, 0x00, 0x02, 0xD0, 0x3D, 0x00, 0x00, 0x0F, 0x00,
    0xB8, 0x00, 0x00, 0xF9, 0x56, 0xF0, 0x00, 0x07, 0xFF, 0xFF, 0xC0, 0x00, 0x3D, 0x55, 0x6F, 0x40,
    0x02, 0xE0, 0x00, 0x3D, 0x00, 0x0F, 0x00, 0x00, 0xF8, 0x00, 0xB8, 0x00, 0x03, 0xF0, 0x0B, 0xE4,
    0x00, 0x1F, 0xE4, 0xFF, 0xF0, 0x03, 0xFF, 0xF0, 0x00, 0x00, 0x04, 0x00, 0x00, 0x0B, 0x40, 0x00,
    0x07, 0xD0, 0x00, 0x03, 0xD0, 0x00, 0x01, 0xC0, 0x00, 0x1C, 0x00, 0x80, 0x0B, 0x82, 0xD0, 0x01,
    0xFF, 0xE0, 0x00, 0x1B, 0x90, 0x00, 0x00, 0x00, 0x00, 0x00, 0x00, 0x00, 0x01, 0xBE, 0x1D, 0x02,
    0xFF, 0xFF, 0x01, 0xF4, 0x2F, 0x80, 0xF0, 0x03, 0xD0, 0xF8, 0x00, 0xF0, 0x3C, 0x00, 0x7C, 0x1E,
    0x00, 0x2E, 0x0B, 0x40, 0x1F, 0x43, 0xD0, 0x0F, 0xC0, 0xF4, 0x0B, 0xF0, 0x7F, 0x0B, 0x3C, 0xFB,
    0xFF, 0x4F, 0xF0, 0xFF, 0x03, 0xF0, 0x00, 0x00, 0x00, 0x00, 0x00, 0x00, 0x00, 0x60, 0x00, 0x00,
    0x00, 0x03, 0xC0, 0x00, 0x00, 0x00, 0x0F, 0x00, 0x00, 0x00, 0x01, 0x0D, 0x10, 0x00, 0x00, 0x3C,
    0x02, 0x80, 0x00, 0x00, 0xBF, 0xBC, 0x00, 0x00, 0x00, 0xBF, 0x80, 0x00, 0x00, 0x00, 0x00, 0x00,
    0x00, 0x00, 0x00, 0x60, 0x00, 0x00, 0x00, 0x0B, 0xC0, 0x00, 0x00, 0x00, 0x3F, 0x40, 0x00, 0x00,
    0x03, 0xFE, 0x00, 0x00, 0x00, 0x1D, 0xB8, 0x00, 0x00, 0x00, 0xF1, 0xF0, 0x00, 0x00, 0x07, 0x43,
    0xC0, 0x00, 0x00, 0x3C, 0x0F, 0x40, 0x00, 0x02, 0xD0, 0x3D, 0x00, 0x00, 0x0F, 0x00, 0xB8, 0x00,
    0x00, 0xF9, 0x56, 0xF0, 0x00, 0x07, 0xFF, 0xFF, 0xC0, 0x00, 0x3D, 0x55, 0x6F, 0x40, 0x02, 0xE0,
    0x00, 0x3D, 0x00, 0x0F, 0x00, 0x00, 0xF8, 0x00, 0xB8, 0x00, 0x03, 0xF0, 0x0B, 0xE4, 0x00, 0x1F,
    0xE4, 0xFF, 0xF0, 0x03, 0xFF, 0xF0, 0x00, 0x00, 0x40, 0x00, 0x00, 0xF0, 0x00, 0x00, 0x3C, 0x00,
    0x00, 0x07, 0x80, 0x00, 0x00, 0x90, 0x00, 0x1C, 0x00, 0x80, 0x0B, 0x82, 0xD0, 0x01, 0xFF, 0xE0,
    0x00, 0x1B, 0x90, 0x00, 0x00, 0x00, 0x00, 0x00, 0x00, 0x00, 0x01, 0xBE, 0x1D, 0x02, 0xFF, 0xFF,
    0x01, 0xF4, 0x2F, 0x80, 0xF0, 0x03, 0xD0, 0xF8, 0x00, 0xF0, 0x3C, 0x00, 0x7C, 0x1E, 0x00, 0x2E,
    0x0B, 0x40, 0x1F, 0x43, 0xD0, 0x0F, 0xC0, 0xF4, 0x0B, 0xF0, 0x7F, 0x0B, 0x3C, 0xFB, 0xFF, 0x4F,
    0xF0, 0xFF, 0x03, 0xF0, 0x00, 0x00, 0x00, 0x00, 0x00, 0x00, 0x00, 0xBE, 0x00, 0x00, 0x00, 0x07,
    0x7C, 0x00, 0x00, 0x00, 0x04, 0xF0, 0x00, 0x00, 0x00, 0x1E, 0x00, 0x00, 0x00, 0x08, 0x60, 0x00,
    0x00, 0x00, 0x78, 0x1C, 0x00, 0x00, 0x00, 0xFF, 0xD0, 0x00, 0x00, 0x00, 0x64, 0x00, 0x00, 0x00,
    0x00, 0x60, 0x00, 0x00, 0x00, 0x0B, 0xC0, 0x00, 0x00, 0x00, 0x3F, 0x40, 0x00, 0x00, 0x03, 0xFE,
    0x00, 0x00, 0x00, 0x1D, 0xB8, 0x00, 0x00, 0x00, 0xF1, 0xF0, 0x00, 0x00, 0x07, 0x43, 0xC0, 0x00,
    0x00, 0x3C, 0x0F, 0x40, 0x00, 0x02, 0xD0, 0x3D, 0x00, 0x00, 0x0F, 0x00, 0xB8, 0x00, 0x00, 0xF9,
    0x56, 0xF0, 0x00, 0x07, 0xFF, 0xFF, 0xC0, 0x00, 0x3D, 0x55, 0x6F, 0x40, 0x02, 0xE0, 0x00, 0x3D,
    0x00, 0x0F, 0x00, 0x00, 0xF8, 0x00, 0xB8, 0x00, 0x03, 0xF0, 0x0B, 0xE4, 0x00, 0x1F, 0xE4, 0xFF,
    0xF0, 0x03, 0xFF, 0xF0, 0x00, 0x00, 0x54, 0x00, 0x00, 0xFF, 0x40, 0x00, 0xB1, 0xE0, 0x00, 0x00,
    0xB0, 0x00, 0x01, 0xF0, 0x00, 0x00, 0x70, 0x00, 0x0A, 0x00, 0x20, 0x03, 0xD0, 0x74, 0x00, 0x7F,
    0xF8, 0x00, 0x06, 0xE4, 0x00, 0x00, 0x00, 0x00, 0x00, 0x00, 0x00, 0x00, 0x6F, 0x87, 0x40, 0xBF,
    0xFF, 0xC0, 0x7D, 0x0B, 0xE0, 0x3C, 0x00, 0xF4, 0x3E, 0x00, 0x3C, 0x0F, 0x00, 0x1F, 0x07, 0x80,
    0x0B, 0x82, 0xD0, 0x07, 0xD0, 0xF4, 0x03, 0xF0, 0x3D, 0x02, 0xFC, 0x1F, 0xC2, 0xCF, 0x3E, 0xFF,
    0xD3, 0xFC, 0x3F, 0xC0, 0xFC, 0x00, 0x00, 0x00, 0x00, 0x00, 0x00, 0x07, 0xD0, 0x80, 0x00, 0x00,
    0x7F, 0xEF, 0x00, 0x00, 0x01, 0xC2, 0xF0, 0x00, 0x00, 0x00, 0x00, 0x10, 0x00, 0x00, 0x38, 0x02,
    0x80, 0x00, 0x00, 0xFE, 0xBC, 0x00, 0x00, 0x00, 0xFF, 0x80, 0x00, 0x00, 0x00, 0x00, 0x00, 0x00,
    0x00, 0x00, 0x60, 0x00, 0x00, 0x00, 0x0B, 0xC0, 0x00, 0x00, 0x00, 0x3F, 0x40, 0x00, 0x00, 0x03,
    0xFE, 0x00, 0x00, 0x00, 0x1D, 0xB8, 0x00, 0x00, 0x00, 0xF1, 0xF0, 0x00, 0x00, 0x07, 0x43, 0xC0,
    0x00, 0x00, 0x3C, 0x0F, 0x40, 0x00, 0x02, 0xD0, 0x3D, 0x00, 0x00, 0x0F, 0x00, 0xB8, 0x00, 0x00,
    0xF9, 0x56, 0xF0, 0x00, 0x07, 0xFF, 0xFF, 0xC0, 0x00, 0x3D, 0x55, 0x6F, 0x40, 0x02, 0xE0, 0x00,
    0x3D, 0x00, 0x0F, 0x00, 0x00, 0xF8, 0x00, 0xB8, 0x00, 0x03, 0xF0, 0x0B, 0xE4, 0x00, 0x1F, 0xE4,
    0xFF, 0xF0, 0x03, 0xFF, 0xF0, 0x00, 0x00, 0x00, 0x00, 0x0B, 0xE0, 0xC0, 0x07, 0xFF, 0xF0, 0x01,
    0xC3, 0xF4, 0x00, 0x00, 0x00, 0x00, 0x28, 0x00, 0x80, 0x0F, 0x41, 0xE0, 0x01, 0xFF, 0xF0, 0x00,
    0x1B, 0x90, 0x00, 0x00, 0x00, 0x00, 0x00, 0x00, 0x00, 0x01, 0xBE, 0x1D, 0x02, 0xFF, 0xFF, 0x01,
    0xF4, 0x2F, 0x80, 0xF0, 0x03, 0xD0, 0xF8, 0x00, 0xF0, 0x3C, 0x00, 0x7C, 0x1E, 0x00, 0x2E, 0x0B,
    0x40, 0x1F, 0x43, 0xD0, 0x0F, 0xC0, 0xF4, 0x0B, 0xF0, 0x7F, 0x0B, 0x3C, 0xFB, 0xFF, 0x4F, 0xF0,
    0xFF, 0x03, 0xF0, 0x00, 0x00, 0x00, 0x00, 0x00, 0x00, 0x04, 0x00, 0x00, 0x00, 0x00, 0x78, 0x07,
    0x00, 0x00, 0x01, 0xF9, 0xB8, 0x00, 0x00, 0x02, 0xFF, 0x80, 0x00, 0x00, 0x01, 0x50, 0x00, 0x00,
    0x00, 0x00, 0x00, 0x00, 0x00, 0x00, 0x06, 0x00, 0x00, 0x00, 0x00, 0xBC, 0x00, 0x00, 0x00, 0x03,
    0xF4, 0x00, 0x00, 0x00, 0x3F, 0xE0, 0x00, 0x00, 0x01, 0xDB, 0x80, 0x00, 0x00, 0x0F, 0x1F, 0x00,
    0x00, 0x00, 0x74, 0x3C, 0x00, 0x00, 0x03, 0xC0, 0xF4, 0x00, 0x00, 0x2D, 0x03, 0xD0, 0x00, 0x00,
    0xF0, 0x0B, 0x80, 0x00, 0x0F, 0x95, 0x6F, 0x00, 0x00, 0x7F, 0xFF, 0xFC, 0x00, 0x03, 0xD5, 0x56,
    0xF4, 0x00, 0x2E, 0x00, 0x03, 0xD0, 0x00, 0xF0, 0x00, 0x0F, 0x80, 0x0B, 0x80, 0x00, 0x3F, 0x00,
    0xBE, 0x40, 0x01, 0xFE, 0x4F, 0xFF, 0x00, 0x3F, 0xFF, 0x00, 0x00, 0x00, 0x00, 0x00, 0x00, 0x00,
    0x00, 0x00, 0x00, 0x00, 0x0B, 0x00, 0x00, 0x00, 0x00, 0xBD, 0x00, 0x00, 0x00, 0x03, 0xF0, 0x00,
    0x00, 0x00, 0x02, 0x00, 0x00, 0x00, 0x00, 0x00, 0x00, 0x00, 0x0D, 0x00, 0x80, 0x07, 0xD1, 0xF0,
    0x00, 0xFF, 0xF0, 0x00, 0x0B, 0xE0, 0x00, 0x00, 0x00, 0x00, 0x00, 0x00, 0x00, 0x01, 0xBE, 0x1D,
    0x02, 0xFF, 0xFF, 0x01, 0xF4, 0x2F, 0x80, 0xF0, 0x03, 0xD0, 0xF8, 0x00, 0xF0, 0x3C, 0x00, 0x7C,
    0x1E, 0x00, 0x2E, 0x0B, 0x40, 0x1F, 0x43, 0xD0, 0x0F, 0xC0, 0xF4, 0x0B, 0xF0, 0x7F, 0x0B, 0x3C,
    0xFB, 0xFF, 0x4F, 0xF0, 0xFF, 0x03, 0xF0, 0x00, 0x00, 0x00, 0x00, 0x00, 0x00, 0x00, 0x1E, 0x00,
    0x00, 0x0F, 0xC0, 0x00, 0x03, 0xE0, 0x00, 0x00, 0x50, 0x00, 0x00, 0x00, 0x55, 0x55, 0x55, 0x00,
    0x3F, 0xFF, 0xFF, 0xC0, 0x01, 0xFA, 0xAA, 0xF0, 0x00, 0x7C, 0x00, 0x38, 0x00, 0x2F, 0x00, 0x0C,
    0x00, 0x0B, 0x80, 0x00, 0x00, 0x03, 0xD0, 0x00, 0x00, 0x00, 0xF0, 0x00, 0x00, 0x00, 0x7E, 0xAA,
    0x80, 0x00, 0x2F, 0xFF, 0xE0, 0x00, 0x0F, 0x80, 0x00, 0x00, 0x03, 0xD0, 0x00, 0x00, 0x00, 0xF0,
    0x00, 0x00, 0x00, 0x7C, 0x00, 0x1C, 0x00, 0x2F, 0x00, 0x0F, 0x00, 0x0F, 0x80, 0x07, 0x80, 0x1B,
    0xFF, 0xFF, 0xD0, 0x1F, 0xFF, 0xFF, 0xF0, 0x00, 0x00, 0x00, 0x00, 0x00, 0x00, 0x00, 0x00, 0x00,
    0x00, 0x0B, 0x00, 0x00, 0x00, 0x0F, 0xD0, 0x00, 0x00, 0x03, 0xF0, 0x00, 0x00, 0x00, 0x50, 0x00,
    0x00, 0x00, 0x00, 0x00, 0x01, 0xBF, 0x00, 0x2E, 0xBF, 0x02, 0xD0, 0x7C, 0x1E, 0x01, 0xF0, 0xF0,
    0x0F, 0x47, 0x82, 0xF4, 0x2E, 0xBF, 0x00, 0xFF, 0x90, 0x03, 0xD0, 0x00, 0x0F, 0x40, 0x04, 0x3F,
    0x01, 0xF0, 0x7F, 0xFF, 0x40, 0xBF, 0xE0, 0x00, 0x00, 0x00, 0x00, 0x00, 0x00, 0x07, 0x40, 0x00,
    0x3F, 0x00, 0x01, 0xF4, 0x00, 0x01, 0x00, 0x00, 0x00, 0x00, 0x00, 0x00, 0x00, 0x00, 0x03, 0xFC,
    0x00, 0x00, 0x03, 0xDB, 0x80, 0x00, 0x00, 0xD1, 0xE0, 0x00, 0x00, 0x02, 0xE0, 0x00, 0x00, 0x03,
    0xD0, 0x00, 0x00, 0x00, 0xE0, 0x00, 0x00, 0x00, 0x00, 0x00, 0x00, 0x55, 0x55, 0x55, 0x00, 0x3F,
    0xFF, 0xFF, 0xC0, 0x01, 0xFA, 0xAA, 0xF0, 0x00, 0x7C, 0x00, 0x38, 0x00, 0x2F, 0x00, 0x0C, 0x00,
    0x0B, 0x80, 0x00, 0x00, 0x03, 0xD0, 0x00, 0x00, 0x00, 0xF0, 0x00, 0x00, 0x00, 0x7E, 0xAA, 0x80,
    0x00, 0x2F, 0xFF, 0xE0, 0x00, 0x0F, 0x80, 0x00, 0x00, 0x03, 0xD0, 0x00, 0x00, 0x00, 0xF0, 0x00,
    0x00, 0x00, 0x7C, 0x00, 0x1C, 0x00, 0x2F, 0x00, 0x0F, 0x00, 0x0F, 0x80, 0x07, 0x80, 0x1B, 0xFF,
    0xFF, 0xD0, 0x1F, 0xFF, 0xFF, 0xF0, 0x00, 0x00, 0x06, 0x80, 0x00, 0xBF, 0xC0, 0x07, 0x4B, 0x40,
    0x08, 0x3C, 0x00, 0x03, 0xD0, 0x00, 0x3D, 0x00, 0x00, 0xD0, 0x00, 0x00, 0x00, 0x00, 0x00, 0x00,
    0x01, 0xBF, 0x00, 0x2E, 0xBF, 0x02, 0xD0, 0x7C, 0x1E, 0x01, 0xF0, 0xF0, 0x0F, 0x47, 0x82, 0xF4,
    0x2E, 0xBF, 0x00, 0xFF, 0x90, 0x03, 0xD0, 0x00, 0x0F, 0x40, 0x04, 0x3F, 0x01, 0xF0, 0x7F, 0xFF,
    0x40, 0xBF, 0xE0, 0x00, 0x00, 0x00, 0x00, 0x00, 0x00, 0x14, 0x04, 0x00, 0x00, 0x2F, 0xC3, 0x40,
    0x00, 0x0F, 0xFF, 0xC0, 0x00, 0x07, 0x0F, 0xD0, 0x00, 0x00, 0x00, 0x40, 0x00, 0x00, 0x00, 0x00,
    0x00, 0x05, 0x55, 0x55, 0x50, 0x03, 0xFF, 0xFF, 0xFC, 0x00, 0x1F, 0xAA, 0xAF, 0x00, 0x07, 0xC0,
    0x03, 0x80, 0x02, 0xF0, 0x00, 0xC0, 0x00, 0xB8, 0x00, 0x00, 0x00, 0x3D, 0x00, 0x00, 0x00, 0x0F,
    0x00, 0x00, 0x00, 0x07, 0xEA, 0xA8, 0x00, 0x02, 0xFF, 0xFE, 0x00, 0x00, 0xF8, 0x00, 0x00, 0x00,
    0x3D, 0x00, 0x00, 0x00, 0x0F, 0x00, 0x00, 0x00, 0x07, 0xC0, 0x01, 0xC0, 0x02, 0xF0, 0x00, 0xF0,
    0x00, 0xF8, 0x00, 0x78, 0x01, 0xBF, 0xFF, 0xFD, 0x01, 0xFF, 0xFF, 0xFF, 0x00, 0x00, 0x00, 0x00,
    0x00, 0xBD, 0x1C, 0x01, 0xFF, 0xBC, 0x02, 0xC3, 0xF4, 0x00, 0x40, 0x40, 0x00, 0x00, 0x00, 0x00,
    0x00, 0x00, 0x00, 0x6F, 0xC0, 0x02, 0xEB, 0xF0, 0x0B, 0x41, 0xF0, 0x1E, 0x01, 0xF0, 0x3C, 0x03,
    0xD0, 0x78, 0x2F, 0x40, 0xBA, 0xFC, 0x00, 0xFF, 0x90, 0x00, 0xF4, 0x00, 0x00, 0xF4, 0x00, 0x40,
    0xFC, 0x07, 0xC0, 0x7F, 0xFF, 0x40, 0x2F, 0xF8, 0x00, 0x00, 0x00, 0x00, 0x00, 0x00, 0x00, 0x00,
    0x20, 0x00, 0x00, 0x00, 0x02, 0xE0, 0x00, 0x00, 0x00, 0x1F, 0x00, 0x00, 0x00, 0x10, 0xE0, 0x00,
    0x00, 0x0F, 0xD1, 0x00, 0x00, 0x00, 0xFB, 0xD0, 0x00, 0x00, 0x0F, 0x43, 0xC0, 0x00, 0x00, 0x20,
    0x05, 0x00, 0x00, 0x55, 0x55, 0x55, 0x00, 0x03, 0xFF, 0xFF, 0xFC, 0x00, 0x01, 0xFA, 0xAA, 0xF0,
    0x00, 0x07, 0xC0, 0x03, 0x80, 0x00, 0x2F, 0x00, 0x0C, 0x00, 0x00, 0xB8, 0x00, 0x00, 0x00, 0x03,
    0xD0, 0x00, 0x00, 0x00, 0x0F, 0x00, 0x00, 0x00, 0x00, 0x7E, 0xAA, 0x80, 0x00, 0x02, 0xFF, 0xFE,
    0x00, 0x00, 0x0F, 0x80, 0x00, 0x00, 0x00, 0x3D, 0x00, 0x00, 0x00, 0x00, 0xF0, 0x00, 0x00, 0x00,
    0x07, 0xC0, 0x01, 0xC0, 0x00, 0x2F, 0x00, 0x0F, 0x00, 0x00, 0xF8, 0x00, 0x78, 0x00, 0x1B, 0xFF,
    0xFF, 0xD0, 0x01, 0xFF, 0xFF, 0xFF, 0x00, 0x00, 0x00, 0x00, 0x00, 0x50, 0x00, 0x00, 0x07, 0xC0,
    0x00, 0x00, 0x3E, 0x00, 0x00, 0x02, 0xE0, 0x00, 0x00, 0x0D, 0x00, 0x00, 0x3E, 0x00, 0x00, 0x03,
    0xFE, 0x00, 0x00, 0x7D, 0x3D, 0x00, 0x07, 0xD0, 0x74, 0x00, 0x04, 0x00, 0x00, 0x00, 0x00, 0x00,
    0x00, 0x00, 0x1B, 0xF0, 0x00, 0x02, 0xEB, 0xF0, 0x00, 0x2D, 0x07, 0xC0, 0x01, 0xE0, 0x1F, 0x00,
    0x0F, 0x00, 0xF4, 0x00, 0x78, 0x2F, 0x40, 0x02, 0xEB, 0xF0, 0x00, 0x0F, 0xF9, 0x00, 0x00, 0x3D,
    0x00, 0x00, 0x00, 0xF4, 0x00, 0x40, 0x03, 0xF0, 0x1F, 0x00, 0x07, 0xFF, 0xF4, 0x00, 0x0B, 0xFE,
    0x00, 0x00, 0x00, 0x00, 0x00, 0x00, 0x00, 0x00, 0x00, 0x24, 0x00, 0x00, 0x00, 0x0F, 0x00, 0x00,
    0x00, 0x02, 0xE0, 0x00, 0x00, 0x01, 0x2C, 0x00, 0x00, 0x0F, 0xD1, 0x00, 0x00, 0x0F, 0xBD, 0x00,
    0x00, 0x0F, 0x43, 0xC0, 0x00, 0x02, 0x00, 0x50, 0x00, 0x55, 0x55, 0x55, 0x00, 0x3F, 0xFF, 0xFF,
    0xC0, 0x01, 0xFA, 0xAA, 0xF0, 0x00, 0x7C, 0x00, 0x38, 0x00, 0x2F, 0x00, 0x0C, 0x00, 0x0B, 0x80,
    0x00, 0x00, 0x03, 0xD0, 0x00, 0x00, 0x00, 0xF0, 0x00, 0x00, 0x00, 0x7E, 0xAA, 0x80, 0x00, 0x2F,
    0xFF, 0xE0, 0x00, 0x0F, 0x80, 0x00, 0x00, 0x03, 0xD0, 0x00, 0x00, 0x00, 0xF0, 0x00, 0x00, 0x00,
    0x7C, 0x00, 0x1C, 0x00, 0x2F, 0x00, 0x0F, 0x00, 0x0F, 0x80, 0x07, 0x80, 0x1B, 0xFF, 0xFF, 0xD0,
    0x1F, 0xFF, 0xFF, 0xF0, 0x00, 0x00, 0x00, 0x80, 0x00, 0x01, 0xF0, 0x00, 0x00, 0xF4, 0x00, 0x00,
    0x3C, 0x00, 0x00, 0x0E, 0x00, 0x0F, 0x80, 0x00, 0x3F, 0xE0, 0x00, 0xF4, 0xF4, 0x03, 0xD0, 0x74,
    0x01, 0x00, 0x00, 0x00, 0x00, 0x00, 0x00, 0x6F, 0xC0, 0x02, 0xEB, 0xF0, 0x0B, 0x41, 0xF0, 0x1E,
    0x01, 0xF0, 0x3C, 0x03, 0xD0, 0x78, 0x2F, 0x40, 0xBA, 0xFC, 0x00, 0xFF, 0x90, 0x00, 0xF4, 0x00,
    0x00, 0xF4, 0x00, 0x40, 0xFC, 0x07, 0xC0, 0x7F, 0xFF, 0x40, 0x2F, 0xF8, 0x00, 0x00, 0x00, 0x00,
    0x00, 0x00, 0x00, 0x07, 0xE0, 0x00, 0x00, 0x00, 0x3A, 0xD0, 0x00, 0x00, 0x00, 0x4B, 0x00, 0x00,
    0x00, 0x00, 0xF0, 0x00, 0x00, 0x0B, 0xD3, 0x00, 0x00, 0x00, 0xBB, 0xD0, 0x00, 0x00, 0x0F, 0x43,
    0xC0, 0x00, 0x00, 0x24, 0x01, 0x00, 0x00, 0x55, 0x55, 0x55, 0x00, 0x03, 0xFF, 0xFF, 0xFC, 0x00,
    0x01, 0xFA, 0xAA, 0xF0, 0x00, 0x07, 0xC0, 0x03, 0x80, 0x00, 0x2F, 0x00, 0x0C, 0x00, 0x00, 0xB8,
    0x00, 0x00, 0x00, 0x03, 0xD0, 0x00, 0x00, 0x00, 0x0F, 0x00, 0x00, 0x00, 0x00, 0x7E, 0xAA, 0x80,
    0x00, 0x02, 0xFF, 0xFE, 0x00, 0x00, 0x0F, 0x80, 0x00, 0x00, 0x00, 0x3D, 0x00, 0x00, 0x00, 0x00,
    0xF0, 0x00, 0x00, 0x00, 0x07, 0xC0, 0x01, 0xC0, 0x00, 0x2F, 0x00, 0x0F, 0x00, 0x00, 0xF8, 0x00,
    0x78, 0x00, 0x1B, 0xFF, 0xFF, 0xD0, 0x01, 0xFF, 0xFF, 0xFF, 0x00, 0x00, 0x00, 0x00, 0x07, 0xE0,
    0x00, 0x00, 0xBB, 0xD0, 0x00, 0x02, 0x87, 0x40, 0x00, 0x00, 0x7C, 0x00, 0x00, 0x0B, 0x40, 0x00,
    0x2A, 0x18, 0x00, 0x03, 0xFE, 0x00, 0x00, 0x3E, 0x3D, 0x00, 0x03, 0xD0, 0x74, 0x00, 0x04, 0x00,
    0x40, 0x00, 0x00, 0x00, 0x00, 0x00, 0x1B, 0xF0, 0x00, 0x02, 0xEB, 0xF0, 0x00, 0x2D, 0x07, 0xC0,
    0x01, 0xE0, 0x1F, 0x00, 0x0F, 0x00, 0xF4, 0x00, 0x78, 0x2F, 0x40, 0x02, 0xEB, 0xF0, 0x00, 0x0F,
    0xF9, 0x00, 0x00, 0x3D, 0x00, 0x00, 0x00, 0xF4, 0x00, 0x40, 0x03, 0xF0, 0x1F, 0x00, 0x07, 0xFF,
    0xF4, 0x00, 0x0B, 0xFE, 0x00, 0x00, 0x00, 0x00, 0x00, 0x00, 0x00, 0x00, 0x2E, 0x09, 0x00, 0x00,
    0x1E, 0xFB, 0x40, 0x00, 0x06, 0x0F, 0x80, 0x00, 0x00, 0x00, 0x00, 0x00, 0x00, 0x0F, 0xC0, 0x00,
    0x00, 0x0F, 0xF8, 0x00, 0x00, 0x0F, 0x4B, 0x40, 0x00, 0x06, 0x00, 0x80, 0x00, 0x55, 0x55, 0x55,
    0x00, 0x3F, 0xFF, 0xFF, 0xC0, 0x01, 0xFA, 0xAA, 0xF0, 0x00, 0x7C, 0x00, 0x38, 0x00, 0x2F, 0x00,
    0x0C, 0x00, 0x0B, 0x80, 0x00, 0x00, 0x03, 0xD0, 0x00, 0x00, 0x00, 0xF0, 0x00, 0x00, 0x00, 0x7E,
    0xAA, 0x80, 0x00, 0x2F, 0xFF, 0xE0, 0x00, 0x0F, 0x80, 0x00, 0x00, 0x03, 0xD0, 0x00, 0x00, 0x00,
    0xF0, 0x00, 0x00, 0x00, 0x7C, 0x00, 0x1C, 0x00, 0x2F, 0x00, 0x0F, 0x00, 0x0F, 0x80, 0x07, 0x80,
    0x1B, 0xFF, 0xFF, 0xD0, 0x1F, 0xFF, 0xFF, 0xF0, 0x00, 0x00, 0x00, 0x00, 0x00, 0x7E, 0x09, 0x00,
    0xFB, 0xEE, 0x00, 0xD1, 0xFC, 0x00, 0x00, 0x00, 0x00, 0x0A, 0x40, 0x00, 0x3F, 0xD0, 0x00, 0xF5,
    0xF0, 0x07, 0xD0, 0x74, 0x01, 0x00, 0x10, 0x00, 0x00, 0x00, 0x00, 0x6F, 0xC0, 0x02, 0xEB, 0xF0,
    0x0B, 0x41, 0xF0, 0x1E, 0x01, 0xF0, 0x3C, 0x03, 0xD0, 0x78, 0x2F, 0x40, 0xBA, 0xFC, 0x00, 0xFF,
    0x90, 0x00, 0xF4, 0x00, 0x00, 0xF4, 0x00, 0x40, 0xFC, 0x07, 0xC0, 0x7F, 0xFF, 0x40, 0x2F, 0xF8,
    0x00, 0x00, 0x00, 0x00, 0x00, 0x00, 0x02, 0x80, 0x00, 0x00, 0x02, 0xFC, 0x00, 0x00, 0x02, 0xEF,
    0x80, 0x00, 0x03, 0xE0, 0xF4, 0x00, 0x02, 0xD0, 0x0C, 0x00, 0x00, 0x00, 0x00, 0x00, 0x05, 0x55,
    0x55, 0x50, 0x03, 0xFF, 0xFF, 0xFC, 0x00, 0x1F, 0xAA, 0xAF, 0x00, 0x07, 0xC0, 0x03, 0x80, 0x02,
    0xF0, 0x00, 0xC0, 0x00, 0xB8, 0x00, 0x00, 0x00, 0x3D, 0x00, 0x00, 0x00, 0x0F, 0x00, 0x00, 0x00,
    0x07, 0xEA, 0xA8, 0x00, 0x02, 0xFF, 0xFE, 0x00, 0x00, 0xF8, 0x00, 0x00, 0x00, 0x3D, 0x00, 0x00,
    0x00, 0x0F, 0x00, 0x00, 0x00, 0x07, 0xC0, 0x01, 0xC0, 0x02, 0xF0, 0x00, 0xF0, 0x00, 0xF8, 0x00,
    0x78, 0x01, 0xBF, 0xFF, 0xFD, 0x01, 0xFF, 0xFF, 0xFF, 0x00, 0x00, 0x00, 0x00, 0x00, 0x00, 0x00,
    0x00, 0x00, 0x00, 0x00, 0xB0, 0x00, 0x00, 0x00, 0xFD, 0x00, 0x00, 0x00, 0x3F, 0x00, 0x00, 0x00,
    0x05, 0x00, 0x00, 0x00, 0x00, 0x00, 0x00, 0x00, 0x1F, 0x00, 0x01, 0xFE, 0x00, 0x0F, 0x7C, 0x00,
    0xF0, 0xB4, 0x0F, 0x40, 0xE0, 0x00, 0x00, 0x00, 0x00, 0x00, 0x00, 0x6F, 0xC0, 0x0B, 0xAF, 0xC0,
    0xB4, 0x1F, 0x07, 0x80, 0x7C, 0x3C, 0x03, 0xD1, 0xE0, 0xBD, 0x0B, 0xAF, 0xC0, 0x3F, 0xE4, 0x00,
    0xF4, 0x00, 0x03, 0xD0, 0x01, 0x0F, 0xC0, 0x7C, 0x1F, 0xFF, 0xD0, 0x2F, 0xF8, 0x00, 0x00, 0x00,
    0x00, 0x00, 0x00, 0x01, 0xD0, 0x00, 0x0F, 0xC0, 0x00, 0x7D, 0x00, 0x00, 0x40, 0x00, 0x00, 0x00,
    0x00, 0x00, 0x00, 0x07, 0xFC, 0x00, 0x0F, 0x7D, 0x00, 0x0C, 0x2D, 0x00, 0x00, 0xB8, 0x00, 0x03,
    0xC0, 0x00, 0x03, 0x40, 0x00, 0x00, 0x00, 0x00, 0x55, 0x54, 0x00, 0xFF, 0xF8, 0x00, 0x1F, 0x80,
    0x00, 0x1F, 0x00, 0x00, 0x2F, 0x00, 0x00, 0x2E, 0x00, 0x00, 0x3D, 0x00, 0x00, 0x3D, 0x00, 0x00,
    0x7C, 0x00, 0x00, 0xBC, 0x00, 0x00, 0xF8, 0x00, 0x00, 0xF4, 0x00, 0x00, 0xF0, 0x00, 0x01, 0xF0,
    0x00, 0x02, 0xF0, 0x00, 0x03, 0xE0, 0x00, 0x1B, 0xF8, 0x00, 0x7F, 0xFD, 0x00, 0x00, 0x68, 0x00,
    0xBF, 0xC0, 0x74, 0xB4, 0x08, 0x3C, 0x00, 0x3D, 0x00, 0x3D, 0x00, 0x0D, 0x00, 0x00, 0x00, 0x00,
    0x00, 0x0B, 0xF0, 0x07, 0xFC, 0x00, 0x0F, 0x00, 0x07, 0xC0, 0x02, 0xE0, 0x00, 0xF4, 0x00, 0x7C,
    0x00, 0x2F, 0x00, 0x0F, 0x40, 0x03, 0xC1, 0x01, 0xF3, 0xC0, 0xBF, 0xC0, 0x1F, 0x80, 0x00, 0x00,
    0x00, 0x00, 0x55, 0x54, 0x03, 0xFF, 0xE0, 0x01, 0xF8, 0x00, 0x07, 0xC0, 0x00, 0x2F, 0x00, 0x00,
    0xB8, 0x00, 0x03, 0xD0, 0x00, 0x0F, 0x40, 0x00, 0x7C, 0x00, 0x02, 0xF0, 0x00, 0x0F, 0x80, 0x00,
    0x3D, 0x00, 0x00, 0xF0, 0x00, 0x07, 0xC0, 0x00, 0x2F, 0x00, 0x00, 0xF8, 0x00, 0x1B, 0xF8, 0x01,
    0xFF, 0xF4, 0x00, 0x00, 0x00, 0x00, 0x00, 0x00, 0x0B, 0x40, 0x00, 0x7E, 0x00, 0x02, 0xF4, 0x00,
    0x02, 0x40, 0x00, 0x00, 0x00, 0x00, 0x2F, 0x00, 0x7F, 0x00, 0x7D, 0x00, 0x00, 0x00, 0x00, 0x00,
    0x00, 0x0B, 0xF0, 0x1F, 0xF0, 0x00, 0xF0, 0x01, 0xF0, 0x02, 0xE0, 0x03, 0xD0, 0x07, 0xC0, 0x0B,
    0xC0, 0x0F, 0x40, 0x0F, 0x04, 0x1F, 0x3C, 0x2F, 0xF0, 0x1F, 0x80, 0x00, 0x00, 0x00, 0x00, 0x2D,
    0x00, 0x7E, 0x00, 0xBD, 0x00, 0x10, 0x00, 0x00, 0x00, 0x69, 0x00, 0x00, 0x07, 0xFF, 0xF8, 0x00,
    0x0F, 0xE5, 0x6F, 0xC0, 0x0F, 0xC0, 0x01, 0xF8, 0x0F, 0xC0, 0x00, 0x3F, 0x07, 0xC0, 0x00, 0x07,
    0xD3, 0xE0, 0x00, 0x00, 0xF5, 0xF0, 0x00, 0x00, 0x3D, 0xBC, 0x00, 0x00, 0x0F, 0x7E, 0x00, 0x00,
    0x07, 0xCF, 0x80, 0x00, 0x02, 0xF3, 0xE0, 0x00, 0x00, 0xF8, 0xF8, 0x00, 0x00, 0x7C, 0x3F, 0x00,
    0x00, 0x3E, 0x07, 0xD0, 0x00, 0x2F, 0x00, 0xFD, 0x00, 0x7F, 0x00, 0x0F, 0xFA, 0xFF, 0x00, 0x00,
    0xBF, 0xF9, 0x00, 0x00, 0x00, 0x00, 0x00, 0x00, 0x00, 0x00, 0x00, 0x00, 0x00, 0x78, 0x00, 0x00,
    0x00, 0x3F, 0x00, 0x00, 0x00, 0x1F, 0x80, 0x00, 0x00, 0x01, 0x40, 0x00, 0x00, 0x00, 0x00, 0x00,
    0x00, 0x6F, 0xE0, 0x02, 0xFF, 0xF8, 0x0F, 0xC0, 0x7C, 0x2F, 0x00, 0x3D, 0x3D, 0x00, 0x3E, 0x7C,
    0x00, 0x3D, 0xB8, 0x00, 0x3D, 0xF4, 0x00, 0x3C, 0xF4, 0x00, 0xB8, 0xF8, 0x00, 0xF0, 0xBC, 0x03,
    0xE0, 0x7F, 0xAF, 0x80, 0x1F, 0xFD, 0x00, 0x00, 0x00, 0x00, 0x00, 0x00, 0x00, 0x07, 0x40, 0x00,
    0x0F, 0xC0, 0x00, 0x1F, 0x40, 0x00, 0x04, 0x00, 0x00, 0x00, 0x00, 0x00, 0x00, 0x00, 0x00, 0x1F,
    0xF0, 0x00, 0x00, 0x0F, 0x7D, 0x00, 0x00, 0x03, 0x0B, 0x40, 0x00, 0x00, 0x0B, 0x80, 0x00, 0x00,
    0x0F, 0x00, 0x00, 0x00, 0x03, 0x40, 0x00, 0x00, 0x00, 0x00, 0x00, 0x00, 0x00, 0x69, 0x00, 0x00,
    0x07, 0xFF, 0xF8, 0x00, 0x0F, 0xE5, 0x6F, 0xC0, 0x0F, 0xC0, 0x01, 0xF8, 0x0F, 0xC0, 0x00, 0x3F,
    0x07, 0xC0, 0x00, 0x07, 0xD3, 0xE0, 0x00, 0x00, 0xF5, 0xF0, 0x00, 0x00, 0x3D, 0xBC, 0x00, 0x00,
    0x0F, 0x7E, 0x00, 0x00, 0x07, 0xCF, 0x80, 0x00, 0x02, 0xF3, 0xE0, 0x00, 0x00, 0xF8, 0xF8, 0x00,
    0x00, 0x7C, 0x3F, 0x00, 0x00, 0x3E, 0x07, 0xD0, 0x00, 0x2F, 0x00, 0xFD, 0x00, 0x7F, 0x00, 0x0F,
    0xFA, 0xFF, 0x00, 0x00, 0xBF, 0xF9, 0x00, 0x00, 0x00, 0x00, 0x00, 0x00, 0x00, 0x01, 0xA4, 0x00,
    0x0B, 0xFC, 0x00, 0x1E, 0x2D, 0x00, 0x08, 0x3C, 0x00, 0x00, 0xB4, 0x00, 0x03, 0xD0, 0x00, 0x03,
    0x40, 0x00, 0x00, 0x00, 0x00, 0x00, 0x00, 0x00, 0x6F, 0xE0, 0x02, 0xFF, 0xF8, 0x0F, 0xC0, 0x7C,
    0x2F, 0x00, 0x3D, 0x3D, 0x00, 0x3E, 0x7C, 0x00, 0x3D, 0xB8, 0x00, 0x3D, 0xF4, 0x00, 0x3C, 0xF4,
    0x00, 0xB8, 0xF8, 0x00, 0xF0, 0xBC, 0x03, 0xE0, 0x7F, 0xAF, 0x80, 0x1F, 0xFD, 0x00, 0x00, 0x00,
    0x00, 0x00, 0x00, 0x00, 0x00, 0x80, 0x00, 0x00, 0x00, 0x3D, 0x00, 0x00, 0x00, 0x0B, 0x80, 0x00,
    0x00, 0x41, 0xE0, 0x00, 0x00, 0x3F, 0x44, 0x00, 0x00, 0x0F, 0xBC, 0x00, 0x00, 0x07, 0xC1, 0xE0,
    0x00, 0x00, 0x60, 0x04, 0x00, 0x00, 0x00, 0x69, 0x00, 0x00, 0x01, 0xFF, 0xFE, 0x00, 0x00, 0xFE,
    0x56, 0xFC, 0x00, 0x3F, 0x00, 0x07, 0xE0, 0x0F, 0xC0, 0x00, 0x3F, 0x01, 0xF0, 0x00, 0x01, 0xF4,
    0x3E, 0x00, 0x00, 0x0F, 0x47, 0xC0, 0x00, 0x00, 0xF4, 0xBC, 0x00, 0x00, 0x0F, 0x4F, 0x80, 0x00,
    0x01, 0xF0, 0xF8, 0x00, 0x00, 0x2F, 0x0F, 0x80, 0x00, 0x03, 0xE0, 0xF8, 0x00, 0x00, 0x7C, 0x0F,
    0xC0, 0x00, 0x0F, 0x80, 0x7D, 0x00, 0x02, 0xF0, 0x03, 0xF4, 0x01, 0xFC, 0x00, 0x0F, 0xFA, 0xFF,
    0x00, 0x00, 0x2F, 0xFE, 0x40, 0x00, 0x00, 0x00, 0x00, 0x00, 0x00, 0x00, 0x00, 0x00, 0x14, 0x00,
    0x00, 0x00, 0x3C, 0x00, 0x00, 0x00, 0xF8, 0x00, 0x00, 0x02, 0xE0, 0x00, 0x00, 0x03, 0x40, 0x00,
    0x03, 0xE0, 0x00, 0x00, 0x0F, 0xF8, 0x00, 0x00, 0x3E, 0x3D, 0x00, 0x00, 0xF4, 0x0E, 0x00, 0x00,
    0x40, 0x00, 0x00, 0x00, 0x00, 0x00, 0x00, 0x00, 0x6F, 0xE0, 0x00, 0x02, 0xFF, 0xF8, 0x00, 0x0F,
    0xC0, 0x7C, 0x00, 0x2F, 0x00, 0x3D, 0x00, 0x3D, 0x00, 0x3E, 0x00, 0x7C, 0x00, 0x3D, 0x00, 0xB8,
    0x00, 0x3D, 0x00, 0xF4, 0x00, 0x3C, 0x00, 0xF4, 0x00, 0xB8, 0x00, 0xF8, 0x00, 0xF0, 0x00, 0xBC,
    0x03, 0xE0, 0x00, 0x7F, 0xAF, 0x80, 0x00, 0x1F, 0xFD, 0x00, 0x00, 0x00, 0x00, 0x00, 0x00, 0x00,
    0x00, 0x00, 0x80, 0x00, 0x00, 0x00, 0x7C, 0x00, 0x00, 0x00, 0x0F, 0x40, 0x00, 0x00, 0x00, 0xF0,
    0x00, 0x00, 0x3F, 0x44, 0x00, 0x00, 0x3E, 0xF0, 0x00, 0x00, 0x7C, 0x1E, 0x00, 0x00, 0x18, 0x01,
    0x00, 0x00, 0x00, 0x69, 0x00, 0x00, 0x07, 0xFF, 0xF8, 0x00, 0x0F, 0xE5, 0x6F, 0xC0, 0x0F, 0xC0,
    0x01, 0xF8, 0x0F, 0xC0, 0x00, 0x3F, 0x07, 0xC0, 0x00, 0x07, 0xD3, 0xE0, 0x00, 0x00, 0xF5, 0xF0,
    0x00, 0x00, 0x3D, 0xBC, 0x00, 0x00, 0x0F, 0x7E, 0x00, 0x00, 0x07, 0xCF, 0x80, 0x00, 0x02, 0xF3,
    0xE0, 0x00, 0x00, 0xF8, 0xF8, 0x00, 0x00, 0x7C, 0x3F, 0x00, 0x00, 0x3E, 0x07, 0xD0, 0x00, 0x2F,
    0x00, 0xFD, 0x00, 0x7F, 0x00, 0x0F, 0xFA, 0xFF, 0x00, 0x00, 0xBF, 0xF9, 0x00, 0x00, 0x00, 0x00,
    0x00, 0x00, 0x00, 0x00, 0x20, 0x00, 0x00, 0x1F, 0x00, 0x00, 0x03, 0xD0, 0x00, 0x00, 0x3C, 0x00,
    0x00, 0x03, 0x80, 0x00, 0xF8, 0x00, 0x00, 0xFF, 0x80, 0x00, 0xF8, 0xF4, 0x00, 0xF4, 0x0E, 0x00,
    0x10, 0x00, 0x00, 0x00, 0x00, 0x00, 0x01, 0xBF, 0x80, 0x02, 0xFF, 0xF8, 0x03, 0xF0, 0x1F, 0x02,
    0xF0, 0x03, 0xD0, 0xF4, 0x00, 0xF8, 0x7C, 0x00, 0x3D, 0x2E, 0x00, 0x0F, 0x4F, 0x40, 0x03, 0xC3,
    0xD0, 0x02, 0xE0, 0xF8, 0x00, 0xF0, 0x2F, 0x00, 0xF8, 0x07, 0xFA, 0xF8, 0x00, 0x7F, 0xF4, 0x00,
    0x00, 0x00, 0x00, 0x00, 0x00, 0x00, 0x00, 0x1F, 0x80, 0x00, 0x00, 0x07, 0x6C, 0x00, 0x00, 0x00,
    0x12, 0xC0, 0x00, 0x00, 0x00, 0xE0, 0x00, 0x00, 0x3F, 0x1C, 0x00, 0x00, 0x0F, 0xBC, 0x00, 0x00,
    0x03, 0xD1, 0xF0, 0x00, 0x00, 0x60, 0x05, 0x00, 0x00, 0x00, 0x69, 0x00, 0x00, 0x01, 0xFF, 0xFE,
    0x00, 0x00, 0xFE, 0x56, 0xFC, 0x00, 0x3F, 0x00, 0x07, 0xE0, 0x0F, 0xC0, 0x00, 0x3F, 0x01, 0xF0,
    0x00, 0x01, 0xF4, 0x3E, 0x00, 0x00, 0x0F, 0x47, 0xC0, 0x00, 0x00, 0xF4, 0xBC, 0x00, 0x00, 0x0F,
    0x4F, 0x80, 0x00, 0x01, 0xF0, 0xF8, 0x00, 0x00, 0x2F, 0x0F, 0x80, 0x00, 0x03, 0xE0, 0xF8, 0x00,
    0x00, 0x7C, 0x0F, 0xC0, 0x00, 0x0F, 0x80, 0x7D, 0x00, 0x02, 0xF0, 0x03, 0xF4, 0x01, 0xFC, 0x00,
    0x0F, 0xFA, 0xFF, 0x00, 0x00, 0x2F, 0xFE, 0x40, 0x00, 0x00, 0x00, 0x00, 0x00, 0x00, 0x00, 0x00,
    0x01, 0xF8, 0x00, 0x00, 0x0B, 0xBD, 0x00, 0x00, 0x0A, 0x1D, 0x00, 0x00, 0x00, 0x7C, 0x00, 0x00,
    0x02, 0xD0, 0x00, 0x02, 0xA1, 0x80, 0x00, 0x0F, 0xF8, 0x00, 0x00, 0x3E, 0x3D, 0x00, 0x00, 0xF4,
    0x1E, 0x00, 0x00, 0x40, 0x04, 0x00, 0x00, 0x00, 0x00, 0x00, 0x00, 0x6F, 0xE0, 0x00, 0x02, 0xFF,
    0xF8, 0x00, 0x0F, 0xC0, 0x7C, 0x00, 0x2F, 0x00, 0x3D, 0x00, 0x3D, 0x00, 0x3E, 0x00, 0x7C, 0x00,
    0x3D, 0x00, 0xB8, 0x00, 0x3D, 0x00, 0xF4, 0x00, 0x3C, 0x00, 0xF4, 0x00, 0xB8, 0x00, 0xF8, 0x00,
    0xF0, 0x00, 0xBC, 0x03, 0xE0, 0x00, 0x7F, 0xAF, 0x80, 0x00, 0x1F, 0xFD, 0x00, 0x00, 0x00, 0x00,
    0x00, 0x00, 0x00, 0x00, 0xB8, 0x30, 0x00, 0x00, 0xBF, 0xEC, 0x00, 0x00, 0x24, 0x7E, 0x00, 0x00,
    0x00, 0x00, 0x00, 0x00, 0x00, 0x3E, 0x00, 0x00, 0x00, 0x7F, 0xE0, 0x00, 0x00, 0x7C, 0x3C, 0x00,
    0x00, 0x28, 0x01, 0x00, 0x00, 0x00, 0x69, 0x00, 0x00, 0x07, 0xFF, 0xF8, 0x00, 0x0F, 0xE5, 0x6F,
    0xC0, 0x0F, 0xC0, 0x01, 0xF8, 0x0F, 0xC0, 0x00, 0x3F, 0x07, 0xC0, 0x00, 0x07, 0xD3, 0xE0, 0x00,
    0x00, 0xF5, 0xF0, 0x00, 0x00, 0x3D, 0xBC, 0x00, 0x00, 0x0F, 0x7E, 0x00, 0x00, 0x07, 0xCF, 0x80,
    0x00, 0x02, 0xF3, 0xE0, 0x00, 0x00, 0xF8, 0xF8, 0x00, 0x00, 0x7C, 0x3F, 0x00, 0x00, 0x3E, 0x07,
    0xD0, 0x00, 0x2F, 0x00, 0xFD, 0x00, 0x7F, 0x00, 0x0F, 0xFA, 0xFF, 0x00, 0x00, 0xBF, 0xF9, 0x00,
    0x00, 0x00, 0x00, 0x00, 0x00, 0x00, 0x00, 0x00, 0x00, 0x07, 0xE0, 0x90, 0x03, 0xEF, 0xB8, 0x00,
    0xD1, 0xFC, 0x00, 0x00, 0x00, 0x00, 0x00, 0xA4, 0x00, 0x00, 0xFF, 0x40, 0x00, 0xF5, 0xF0, 0x01,
    0xF4, 0x1D, 0x00, 0x10, 0x01, 0x00, 0x00, 0x00, 0x00, 0x01, 0xBF, 0x80, 0x02, 0xFF, 0xF8, 0x03,
    0xF0, 0x1F, 0x02, 0xF0, 0x03, 0xD0, 0xF4, 0x00, 0xF8, 0x7C, 0x00, 0x3D, 0x2E, 0x00, 0x0F, 0x4F,
    0x40, 0x03, 0xC3, 0xD0, 0x02, 0xE0, 0xF8, 0x00, 0xF0, 0x2F, 0x00, 0xF8, 0x07, 0xFA, 0xF8, 0x00,
    0x7F, 0xF4, 0x00, 0x00, 0x00, 0x00, 0x00, 0x00, 0x00, 0x0A, 0x00, 0x00, 0x00, 0x0F, 0xE0, 0x00,
    0x00, 0x0F, 0xBD, 0x00, 0x00, 0x0F, 0x47, 0xC0, 0x00, 0x0F, 0x40, 0x70, 0x00, 0x00, 0x00, 0x00,
    0x00, 0x00, 0x06, 0x90, 0x00, 0x00, 0x7F, 0xFF, 0x80, 0x00, 0xFE, 0x56, 0xFC, 0x00, 0xFC, 0x00,
    0x1F, 0x80, 0xFC, 0x00, 0x03, 0xF0, 0x7C, 0x00, 0x00, 0x7D, 0x3E, 0x00, 0x00, 0x0F, 0x5F, 0x00,
    0x00, 0x03, 0xDB, 0xC0, 0x00, 0x00, 0xF7, 0xE0, 0x00, 0x00, 0x7C, 0xF8, 0x00, 0x00, 0x2F, 0x3E,
    0x00, 0x00, 0x0F, 0x8F, 0x80, 0x00, 0x07, 0xC3, 0xF0, 0x00, 0x03, 0xE0, 0x7D, 0x00, 0x02, 0xF0,
    0x0F, 0xD0, 0x07, 0xF0, 0x00, 0xFF, 0xAF, 0xF0, 0x00, 0x0B, 0xFF, 0x90, 0x00, 0x00, 0x00, 0x00,
    0x00, 0x00, 0x00, 0x00, 0x00, 0x00, 0x07, 0x80, 0x00, 0x00, 0x03, 0xF0, 0x00, 0x00, 0x01, 0xF8,
    0x00, 0x00, 0x00, 0x14, 0x00, 0x00, 0x00, 0x00, 0x00, 0x00, 0x00, 0x01, 0xF0, 0x00, 0x03, 0xF8,
    0x00, 0x0F, 0x7C, 0x00, 0x3D, 0x2D, 0x00, 0xF4, 0x0E, 0x00, 0x00, 0x00, 0x00, 0x00, 0x00, 0x00,
    0x6F, 0xE0, 0x02, 0xFF, 0xF8, 0x0F, 0xC0, 0x7C, 0x2F, 0x00, 0x3D, 0x3D, 0x00, 0x3E, 0x7C, 0x00,
    0x3D, 0xB8, 0x00, 0x3D, 0xF4, 0x00, 0x3C, 0xF4, 0x00, 0xB8, 0xF8, 0x00, 0xF0, 0xBC, 0x03, 0xE0,
    0x7F, 0xAF, 0x80, 0x1F, 0xFD, 0x00, 0x00, 0x00, 0x00, 0x00, 0x00, 0x00, 0x07, 0x40, 0x00, 0x0F,
    0xC0, 0x00, 0x1F, 0x40, 0x00, 0x04, 0x00, 0x00, 0x00, 0x00, 0x00, 0x80, 0x00, 0x00, 0x00, 0x2F,
    0x00, 0x00, 0x00, 0x07, 0xFC, 0x00, 0x00, 0x00, 0x7F, 0x80, 0x05, 0x00, 0x02, 0x40, 0x00, 0xBC,
    0x00, 0x00, 0x00, 0x03, 0xE0, 0x00, 0x06, 0x90, 0x1F, 0x00, 0x07, 0xFF, 0xF9, 0xF4, 0x00, 0xFE,
    0x56, 0xFF, 0x00, 0x0F, 0xC0, 0x01, 0xF8, 0x00, 0xFC, 0x00, 0x03, 0xF0, 0x07, 0xC0, 0x00, 0x07,
    0xD0, 0x3E, 0x00, 0x00, 0x0F, 0x41, 0xF0, 0x00, 0x00, 0x3D, 0x0B, 0xC0, 0x00, 0x00, 0xF4, 0x3E,
    0x00, 0x00, 0x07, 0xC0, 0xF8, 0x00, 0x00, 0x2F, 0x03, 0xE0, 0x00, 0x00, 0xF8, 0x0F, 0x80, 0x00,
    0x07, 0xC0, 0x3F, 0x00, 0x00, 0x3E, 0x00, 0x7D, 0x00, 0x02, 0xF0, 0x00, 0xFD, 0x00, 0x7F, 0x00,
    0x00, 0xFF, 0xAF, 0xF0, 0x00, 0x00, 0xBF, 0xF9, 0x00, 0x00, 0x00, 0x00, 0x00, 0x00, 0x00, 0x00,
    0x00, 0x00, 0x00, 0x00, 0x0B, 0x40, 0x00, 0x01, 0xF4, 0x00, 0x00, 0x3D, 0x00, 0x00, 0x0F, 0x40,
    0x00, 0x00, 0xD0, 0x19, 0x00, 0x00, 0x02, 0xE0, 0x00, 0x00, 0x3D, 0x00, 0x6F, 0xEB, 0x80, 0x2F,
    0xFF, 0xD0, 0x0F, 0xC0, 0x7C, 0x02, 0xF0, 0x03, 0xD0, 0x3D, 0x00, 0x3E, 0x07, 0xC0, 0x03, 0xE0,
    0xB8, 0x00, 0x3D, 0x0F, 0x40, 0x07, 0xC0, 0xF4, 0x00, 0xB8, 0x0F, 0x80, 0x0F, 0x00, 0xBC, 0x03,
    0xE0, 0x07, 0xFA, 0xF8, 0x00, 0x1F, 0xFD, 0x00, 0x00, 0x00, 0x00, 0x00, 0x00, 0x01, 0x00, 0x00,
    0x00, 0x00, 0x2E, 0x00, 0x00, 0x00, 0x00, 0xBE, 0x00, 0x00, 0x00, 0x00, 0xBF, 0x00, 0x05, 0x00,
    0x00, 0x18, 0x00, 0xBC, 0x00, 0x00, 0x00, 0x03, 0xE0, 0x00, 0x06, 0x90, 0x1F, 0x00, 0x07, 0xFF,
    0xF9, 0xF4, 0x00, 0xFE, 0x56, 0xFF, 0x00, 0x0F, 0xC0, 0x01, 0xF8, 0x00, 0xFC, 0x00, 0x03, 0xF0,
    0x07, 0xC0, 0x00, 0x07, 0xD0, 0x3E, 0x00, 0x00, 0x0F, 0x41, 0xF0, 0x00, 0x00, 0x3D, 0x0B, 0xC0,
    0x00, 0x00, 0xF4, 0x3E, 0x00, 0x00, 0x07, 0xC0, 0xF8, 0x00, 0x00, 0x2F, 0x03, 0xE0, 0x00, 0x00,
    0xF8, 0x0F, 0x80, 0x00, 0x07, 0xC0, 0x3F, 0x00, 0x00, 0x3E, 0x00, 0x7D, 0x00, 0x02, 0xF0, 0x00,
    0xFD, 0x00, 0x7F, 0x00, 0x00, 0xFF, 0xAF, 0xF0, 0x00, 0x00, 0xBF, 0xF9, 0x00, 0x00, 0x00, 0x00,
    0x00, 0x00, 0x00, 0x00, 0x00, 0x00, 0x00, 0x07, 0x00, 0x00, 0x00, 0xF8, 0x00, 0x00, 0x0B, 0xC0,
    0x00, 0x00, 0x2F, 0x00, 0x00, 0x00, 0x74, 0x19, 0x00, 0x00, 0x02, 0xE0, 0x00, 0x00, 0x3D, 0x00,
    0x6F, 0xEB, 0x80, 0x2F, 0xFF, 0xD0, 0x0F, 0xC0, 0x7C, 0x02, 0xF0, 0x03, 0xD0, 0x3D, 0x00, 0x3E,
    0x07, 0xC0, 0x03, 0xE0, 0xB8, 0x00, 0x3D, 0x0F, 0x40, 0x07, 0xC0, 0xF4, 0x00, 0xB8, 0x0F, 0x80,
    0x0F, 0x00, 0xBC, 0x03, 0xE0, 0x07, 0xFA, 0xF8, 0x00, 0x1F, 0xFD, 0x00, 0x00, 0x00, 0x00, 0x00,
    0x00, 0x00, 0x00, 0x00, 0x00, 0x00, 0x03, 0xFC, 0x00, 0x00, 0x00, 0x3D, 0xB8, 0x00, 0x00, 0x00,
    0xD1, 0xE0, 0x00, 0x00, 0x00, 0x2E, 0x00, 0x00, 0x00, 0x03, 0xD0, 0x00, 0x50, 0x00, 0x0E, 0x00,
    0x0B, 0xC0, 0x00, 0x00, 0x00, 0x3E, 0x00, 0x00, 0x69, 0x01, 0xF0, 0x00, 0x7F, 0xFF, 0x9F, 0x40,
    0x0F, 0xE5, 0x6F, 0xF0, 0x00, 0xFC, 0x00, 0x1F, 0x80, 0x0F, 0xC0, 0x00, 0x3F, 0x00, 0x7C, 0x00,
    0x00, 0x7D, 0x03, 0xE0, 0x00, 0x00, 0xF4, 0x1F, 0x00, 0x00, 0x03, 0xD0, 0xBC, 0x00, 0x00, 0x0F,
    0x43, 0xE0, 0x00, 0x00, 0x7C, 0x0F, 0x80, 0x00, 0x02, 0xF0, 0x3E, 0x00, 0x00, 0x0F, 0x80, 0xF8,
    0x00, 0x00, 0x7C, 0x03, 0xF0, 0x00, 0x03, 0xE0, 0x07, 0xD0, 0x00, 0x2F, 0x00, 0x0F, 0xD0, 0x07,
    0xF0, 0x00, 0x0F, 0xFA, 0xFF, 0x00, 0x00, 0x0B, 0xFF, 0x90, 0x00, 0x00, 0x00, 0x00, 0x00, 0x00,
    0x00, 0x00, 0x06, 0x90, 0x00, 0x02, 0xFF, 0x00, 0x00, 0x78, 0xB4, 0x00, 0x02, 0x0F, 0x00, 0x00,
    0x02, 0xD0, 0x00, 0x00, 0xF4, 0x00, 0x00, 0x0D, 0x01, 0x90, 0x00, 0x00, 0x2E, 0x00, 0x00, 0x03,
    0xD0, 0x06, 0xFE, 0xB8, 0x02, 0xFF, 0xFD, 0x00, 0xFC, 0x07, 0xC0, 0x2F, 0x00, 0x3D, 0x03, 0xD0,
    0x03, 0xE0, 0x7C, 0x00, 0x3E, 0x0B, 0x80, 0x03, 0xD0, 0xF4, 0x00, 0x7C, 0x0F, 0x40, 0x0B, 0x80,
    0xF8, 0x00, 0xF0, 0x0B, 0xC0, 0x3E, 0x00, 0x7F, 0xAF, 0x80, 0x01, 0xFF, 0xD0, 0x00, 0x00, 0x00,
    0x00, 0x00, 0x00, 0x01, 0x40, 0x40, 0x00, 0x00, 0x2F, 0xC3, 0x40, 0x00, 0x00, 0xFF, 0xFC, 0x00,
    0x00, 0x07, 0x0F, 0xD0, 0x05, 0x00, 0x00, 0x00, 0x00, 0xBC, 0x00, 0x00, 0x00, 0x03, 0xE0, 0x00,
    0x06, 0x90, 0x1F, 0x00, 0x07, 0xFF, 0xF9, 0xF4, 0x00, 0xFE, 0x56, 0xFF, 0x00, 0x0F, 0xC0, 0x01,
    0xF8, 0x00, 0xFC, 0x00, 0x03, 0xF0, 0x07, 0xC0, 0x00, 0x07, 0xD0, 0x3E, 0x00, 0x00, 0x0F, 0x41,
    0xF0, 0x00, 0x00, 0x3D, 0x0B, 0xC0, 0x00, 0x00, 0xF4, 0x3E, 0x00, 0x00, 0x07, 0xC0, 0xF8, 0x00,
    0x00, 0x2F, 0x03, 0xE0, 0x00, 0x00, 0xF8, 0x0F, 0x80, 0x00, 0x07, 0xC0, 0x3F, 0x00, 0x00, 0x3E,
    0x00, 0x7D, 0x00, 0x02, 0xF0, 0x00, 0xFD, 0x00, 0x7F, 0x00, 0x00, 0xFF, 0xAF, 0xF0, 0x00, 0x00,
    0xBF, 0xF9, 0x00, 0x00, 0x00, 0x00, 0x00, 0x00, 0x00, 0x00, 0x00, 0x00, 0x00, 0x0B, 0xE1, 0xC0,
    0x01, 0xFF, 0xBC, 0x00, 0x2C, 0x3F, 0x40, 0x00, 0x40, 0x41, 0x90, 0x00, 0x00, 0x2E, 0x00, 0x00,
    0x03, 0xD0, 0x06, 0xFE, 0xB8, 0x02, 0xFF, 0xFD, 0x00, 0xFC, 0x07, 0xC0, 0x2F, 0x00, 0x3D, 0x03,
    0xD0, 0x03, 0xE0, 0x7C, 0x00, 0x3E, 0x0B, 0x80, 0x03, 0xD0, 0xF4, 0x00, 0x7C, 0x0F, 0x40, 0x0B,
    0x80, 0xF8, 0x00, 0xF0, 0x0B, 0xC0, 0x3E, 0x00, 0x7F, 0xAF, 0x80, 0x01, 0xFF, 0xD0, 0x00, 0x00,
    0x00, 0x00, 0x00, 0x00, 0x00, 0x00, 0x00, 0x14, 0x00, 0x00, 0x00, 0x02, 0xF0, 0x00, 0x00, 0x00,
    0x0F, 0x80, 0x00, 0x1A, 0x40, 0x7C, 0x00, 0x1F, 0xFF, 0xE7, 0xD0, 0x03, 0xF9, 0x5B, 0xFC, 0x00,
    0x3F, 0x00, 0x07, 0xE0, 0x03, 0xF0, 0x00, 0x0F, 0xC0, 0x1F, 0x00, 0x00, 0x1F, 0x40, 0xF8, 0x00,
    0x00, 0x3D, 0x07, 0xC0, 0x00, 0x00, 0xF4, 0x2F, 0x00, 0x00, 0x03, 0xD0, 0xF8, 0x00, 0x00, 0x1F,
    0x03, 0xE0, 0x00, 0x00, 0xBC, 0x0F, 0x80, 0x00, 0x03, 0xE0, 0x3E, 0x00, 0x00, 0x1F, 0x00, 0xFC,
    0x00, 0x00, 0xF8, 0x01, 0xF4, 0x00, 0x0B, 0xC0, 0x03, 0xF4, 0x01, 0xFC, 0x00, 0x03, 0xFE, 0xBF,
    0xC0, 0x00, 0x02, 0xFF, 0xE4, 0x00, 0x00, 0x00, 0x00, 0x00, 0x00, 0x00, 0x00, 0x00, 0x00, 0x00,
    0x00, 0x1E, 0x00, 0x00, 0x00, 0x00, 0xFC, 0x00, 0x00, 0x00, 0x07, 0xE0, 0x00, 0x00, 0x00, 0x05,
    0x00, 0x00, 0x00, 0x00, 0x00, 0x00, 0x01, 0x90, 0x00, 0x00, 0x2E, 0x00, 0x00, 0x03, 0xD0, 0x06,
    0xFE, 0xB8, 0x02, 0xFF, 0xFD, 0x00, 0xFC, 0x07, 0xC0, 0x2F, 0x00, 0x3D, 0x03, 0xD0, 0x03, 0xE0,
    0x7C, 0x00, 0x3E, 0x0B, 0x80, 0x03, 0xD0, 0xF4, 0x00, 0x7C, 0x0F, 0x40, 0x0B, 0x80, 0xF8, 0x00,
    0xF0, 0x0B, 0xC0, 0x3E, 0x00, 0x7F, 0xAF, 0x80, 0x01, 0xFF, 0xD0, 0x00, 0x00, 0x00, 0x00, 0x00,
    0x00, 0x00, 0x00, 0x07, 0x40, 0x00, 0x00, 0xFC, 0x00, 0x00, 0x1F, 0x40, 0x00, 0x00, 0x40, 0x00,
    0x00, 0x15, 0x54, 0x00, 0x55, 0x57, 0xFF, 0xC0, 0x1F, 0xFE, 0x1B, 0xD0, 0x00, 0x7E, 0x00, 0xB8,
    0x00, 0x03, 0xD0, 0x0F, 0x80, 0x00, 0x3C, 0x00, 0xF4, 0x00, 0x03, 0xC0, 0x1F, 0x00, 0x00, 0x78,
    0x02, 0xF0, 0x00, 0x0B, 0x40, 0x2E, 0x00, 0x00, 0xF0, 0x03, 0xD0, 0x00, 0x0F, 0x00, 0x3D, 0x00,
    0x00, 0xF0, 0x07, 0xC0, 0x00, 0x1E, 0x00, 0x7C, 0x00, 0x02, 0xD0, 0x0B, 0xC0, 0x00, 0x3C, 0x00,
    0x7C, 0x00, 0x0F, 0x80, 0x03, 0xF0, 0x03, 0xF0, 0x00, 0x2F, 0xFF, 0xFC, 0x00, 0x00, 0x7F, 0xFD,
    0x00, 0x00, 0x00, 0x00, 0x00, 0x00, 0x00, 0x00, 0x00, 0x00, 0x00, 0x00, 0x78, 0x00, 0x00, 0x00,
    0x0F, 0xC0, 0x00, 0x00, 0x01, 0xF8, 0x00, 0x00, 0x00, 0x05, 0x00, 0x00, 0x00, 0x2F, 0xC0, 0x07,
    0x8B, 0xFC, 0x00, 0xF4, 0x03, 0xC0, 0x0F, 0x00, 0x7C, 0x01, 0xF0, 0x0B, 0x80, 0x1E, 0x00, 0xF4,
    0x03, 0xD0, 0x0F, 0x00, 0x3C, 0x02, 0xE0, 0x0B, 0xC0, 0x3D, 0x01, 0xF8, 0x03, 0xD0, 0x3B, 0x80,
    0x3D, 0x0F, 0x79, 0xD3, 0xFF, 0xC7, 0xFC, 0x1F, 0xE0, 0x3E, 0x00, 0x00, 0x00, 0x00, 0x00, 0x00,
    0x00, 0x00, 0x0B, 0x40, 0x00, 0x01, 0xF8, 0x00, 0x00, 0x2F, 0x40, 0x00, 0x00, 0x40, 0x00, 0x00,
    0x00, 0x00, 0x00, 0x00, 0x00, 0x00, 0x07, 0xF8, 0x00, 0x00, 0x01, 0xE7, 0xD0, 0x00, 0x00, 0x1C,
    0x3C, 0x00, 0x00, 0x00, 0x0F, 0x40, 0x00, 0x00, 0x07, 0xC0, 0x00, 0x00, 0x00, 0x34, 0x00, 0x00,
    0x00, 0x00, 0x00, 0x00, 0x15, 0x54, 0x00, 0x55, 0x57, 0xFF, 0xC0, 0x1F, 0xFE, 0x1B, 0xD0, 0x00,
    0x7E, 0x00, 0xB8, 0x00, 0x03, 0xD0, 0x0F, 0x80, 0x00, 0x3C, 0x00, 0xF4, 0x00, 0x03, 0xC0, 0x1F,
    0x00, 0x00, 0x78, 0x02, 0xF0, 0x00, 0x0B, 0x40, 0x2E, 0x00, 0x00, 0xF0, 0x03, 0xD0, 0x00, 0x0F,
    0x00, 0x3D, 0x00, 0x00, 0xF0, 0x07, 0xC0, 0x00, 0x1E, 0x00, 0x7C, 0x00, 0x02, 0xD0, 0x0B, 0xC0,
    0x00, 0x3C, 0x00, 0x7C, 0x00, 0x0F, 0x80, 0x03, 0xF0, 0x03, 0xF0, 0x00, 0x2F, 0xFF, 0xFC, 0x00,
    0x00, 0x7F, 0xFD, 0x00, 0x00, 0x00, 0x00, 0x00, 0x00, 0x00, 0x00, 0x00, 0xA4, 0x00, 0x00, 0xBF,
    0xD0, 0x00, 0x0E, 0x2E, 0x00, 0x00, 0x82, 0xD0, 0x00, 0x00, 0xB8, 0x00, 0x00, 0x3D, 0x00, 0x00,
    0x03, 0x80, 0x00, 0x00, 0x00, 0x00, 0x00, 0x00, 0x00, 0x02, 0xFC, 0x00, 0x78, 0xBF, 0xC0, 0x0F,
    0x40, 0x3C, 0x00, 0xF0, 0x07, 0xC0, 0x1F, 0x00, 0xB8, 0x01, 0xE0, 0x0F, 0x40, 0x3D, 0x00, 0xF0,
    0x03, 0xC0, 0x2E, 0x00, 0xBC, 0x03, 0xD0, 0x1F, 0x80, 0x3D, 0x03, 0xB8, 0x03, 0xD0, 0xF7, 0x9D,
    0x3F, 0xFC, 0x7F, 0xC1, 0xFE, 0x03, 0xE0, 0x00, 0x00, 0x00, 0x00, 0x00, 0x00, 0x00, 0x50, 0x00,
    0x00, 0x00, 0x02, 0xF0, 0x00, 0x00, 0x00, 0x2F, 0xE0, 0x00, 0x00, 0x00, 0xFF, 0x40, 0x14, 0x00,
    0x00, 0x90, 0x00, 0x7C, 0x00, 0x00, 0x00, 0x00, 0x7C, 0x15, 0x54, 0x00, 0x56, 0xF4, 0x7F, 0xFC,
    0x01, 0xFF, 0xD0, 0x1B, 0xD0, 0x00, 0x7E, 0x00, 0x0B, 0x80, 0x00, 0x3D, 0x00, 0x0F, 0x80, 0x00,
    0x3C, 0x00, 0x0F, 0x40, 0x00, 0x3C, 0x00, 0x1F, 0x00, 0x00, 0x78, 0x00, 0x2F, 0x00, 0x00, 0xB4,
    0x00, 0x2E, 0x00, 0x00, 0xF0, 0x00, 0x3D, 0x00, 0x00, 0xF0, 0x00, 0x3D, 0x00, 0x00, 0xF0, 0x00,
    0x7C, 0x00, 0x01, 0xE0, 0x00, 0x7C, 0x00, 0x02, 0xD0, 0x00, 0xBC, 0x00, 0x03, 0xC0, 0x00, 0x7C,
    0x00, 0x0F, 0x80, 0x00, 0x3F, 0x00, 0x3F, 0x00, 0x00, 0x2F, 0xFF, 0xFC, 0x00, 0x00, 0x07, 0xFF,
    0xD0, 0x00, 0x00, 0x00, 0x00, 0x00, 0x00, 0x00, 0x00, 0x00, 0x00, 0x00, 0x00, 0x00, 0x1D, 0x00,
    0x00, 0x00, 0x3D, 0x00, 0x00, 0x00, 0xF8, 0x00, 0x00, 0x02, 0xE0, 0x00, 0x00, 0x03, 0x40, 0x19,
    0x00, 0x00, 0x00, 0x2E, 0x00, 0x00, 0x00, 0x7D, 0x2F, 0xC0, 0x07, 0xF4, 0xBF, 0xC0, 0x0F, 0x80,
    0x03, 0xC0, 0x0F, 0x40, 0x07, 0xC0, 0x1F, 0x00, 0x0B, 0x80, 0x1E, 0x00, 0x0F, 0x40, 0x3D, 0x00,
    0x0F, 0x00, 0x3C, 0x00, 0x2E, 0x00, 0xBC, 0x00, 0x3D, 0x01, 0xF8, 0x00, 0x3D, 0x03, 0xB8, 0x00,
    0x3D, 0x0F, 0x79, 0xD0, 0x3F, 0xFC, 0x7F, 0xC0, 0x1F, 0xE0, 0x3E, 0x00, 0x00, 0x00, 0x00, 0x00,
    0x00, 0x01, 0x00, 0x00, 0x00, 0x00, 0x03, 0xD0, 0x00, 0x00, 0x00, 0x03, 0xF4, 0x00, 0x00, 0x00,
    0x00, 0xBD, 0x00, 0x14, 0x00, 0x00, 0x05, 0x00, 0x7C, 0x00, 0x00, 0x00, 0x00, 0x7C, 0x15, 0x54,
    0x00, 0x56, 0xF4, 0x7F, 0xFC, 0x01, 0xFF, 0xD0, 0x1B, 0xD0, 0x00, 0x7E, 0x00, 0x0B, 0x80, 0x00,
    0x3D, 0x00, 0x0F, 0x80, 0x00, 0x3C, 0x00, 0x0F, 0x40, 0x00, 0x3C, 0x00, 0x1F, 0x00, 0x00, 0x78,
    0x00, 0x2F, 0x00, 0x00, 0xB4, 0x00, 0x2E, 0x00, 0x00, 0xF0, 0x00, 0x3D, 0x00, 0x00, 0xF0, 0x00,
    0x3D, 0x00, 0x00, 0xF0, 0x00, 0x7C, 0x00, 0x01, 0xE0, 0x00, 0x7C, 0x00, 0x02, 0xD0, 0x00, 0xBC,
    0x00, 0x03, 0xC0, 0x00, 0x7C, 0x00, 0x0F, 0x80, 0x00, 0x3F, 0x00, 0x3F, 0x00, 0x00, 0x2F, 0xFF,
    0xFC, 0x00, 0x00, 0x07, 0xFF, 0xD0, 0x00, 0x00, 0x00, 0x00, 0x00, 0x00, 0x00, 0x00, 0x00, 0x00,
    0x00, 0x00, 0x1C, 0x00, 0x00, 0x00, 0x3E, 0x00, 0x00, 0x00, 0x1F, 0x40, 0x00, 0x00, 0x07, 0xC0,
    0x00, 0x00, 0x01, 0xD0, 0x19, 0x00, 0x00, 0x00, 0x2E, 0x00, 0x00, 0x00, 0x7D, 0x2F, 0xC0, 0x07,
    0xF4, 0xBF, 0xC0, 0x0F, 0x80, 0x03, 0xC0, 0x0F, 0x40, 0x07, 0xC0, 0x1F, 0x00, 0x0B, 0x80, 0x1E,
    0x00, 0x0F, 0x40, 0x3D, 0x00, 0x0F, 0x00, 0x3C, 0x00, 0x2E, 0x00, 0xBC, 0x00, 0x3D, 0x01, 0xF8,
    0x00, 0x3D, 0x03, 0xB8, 0x00, 0x3D, 0x0F, 0x79, 0xD0, 0x3F, 0xFC, 0x7F, 0xC0, 0x1F, 0xE0, 0x3E,
    0x00, 0x00, 0x00, 0x00, 0x00, 0x00, 0x00, 0x00, 0x00, 0x00, 0x00, 0x00, 0x7F, 0x80, 0x00, 0x00,
    0x01, 0xE7, 0xD0, 0x00, 0x00, 0x01, 0xC3, 0xC0, 0x00, 0x00, 0x00, 0x0F, 0x40, 0x00, 0x00, 0x00,
    0x7C, 0x00, 0x14, 0x00, 0x00, 0x34, 0x00, 0x7C, 0x00, 0x00, 0x00, 0x00, 0x7C, 0x15, 0x54, 0x00,
    0x56, 0xF4, 0x7F, 0xFC, 0x01, 0xFF, 0xD0, 0x1B, 0xD0, 0x00, 0x7E, 0x00, 0x0B, 0x80, 0x00, 0x3D,
    0x00, 0x0F, 0x80, 0x00, 0x3C, 0x00, 0x0F, 0x40, 0x00, 0x3C, 0x00, 0x1F, 0x00, 0x00, 0x78, 0x00,
    0x2F, 0x00, 0x00, 0xB4, 0x00, 0x2E, 0x00, 0x00, 0xF0, 0x00, 0x3D, 0x00, 0x00, 0xF0, 0x00, 0x3D,
    0x00, 0x00, 0xF0, 0x00, 0x7C, 0x00, 0x01, 0xE0, 0x00, 0x7C, 0x00, 0x02, 0xD0, 0x00, 0xBC, 0x00,
    0x03, 0xC0, 0x00, 0x7C, 0x00, 0x0F, 0x80, 0x00, 0x3F, 0x00, 0x3F, 0x00, 0x00, 0x2F, 0xFF, 0xFC,
    0x00, 0x00, 0x07, 0xFF, 0xD0, 0x00, 0x00, 0x00, 0x00, 0x00, 0x00, 0x00, 0x00, 0x00, 0xA4, 0x00,
    0x00, 0x0B, 0xFD, 0x00, 0x00, 0x0E, 0x2E, 0x00, 0x00, 0x08, 0x2D, 0x00, 0x00, 0x00, 0xB8, 0x00,
    0x00, 0x03, 0xD0, 0x00, 0x00, 0x03, 0x80, 0x19, 0x00, 0x00, 0x00, 0x2E, 0x00, 0x00, 0x00, 0x7D,
    0x2F, 0xC0, 0x07, 0xF4, 0xBF, 0xC0, 0x0F, 0x80, 0x03, 0xC0, 0x0F, 0x40, 0x07, 0xC0, 0x1F, 0x00,
    0x0B, 0x80, 0x1E, 0x00, 0x0F, 0x40, 0x3D, 0x00, 0x0F, 0x00, 0x3C, 0x00, 0x2E, 0x00, 0xBC, 0x00,
    0x3D, 0x01, 0xF8, 0x00, 0x3D, 0x03, 0xB8, 0x00, 0x3D, 0x0F, 0x79, 0xD0, 0x3F, 0xFC, 0x7F, 0xC0,
    0x1F, 0xE0, 0x3E, 0x00, 0x00, 0x00, 0x00, 0x00, 0x00, 0x00, 0x50, 0x00, 0x00, 0x00, 0x03, 0xF8,
    0xB0, 0x00, 0x00, 0x0B, 0xBF, 0xF0, 0x00, 0x00, 0x0A, 0x0F, 0xC0, 0x14, 0x00, 0x00, 0x00, 0x00,
    0x7C, 0x00, 0x00, 0x00, 0x00, 0x7C, 0x15, 0x54, 0x00, 0x56, 0xF4, 0x7F, 0xFC, 0x01, 0xFF, 0xD0,
    0x1B, 0xD0, 0x00, 0x7E, 0x00, 0x0B, 0x80, 0x00, 0x3D, 0x00, 0x0F, 0x80, 0x00, 0x3C, 0x00, 0x0F,
    0x40, 0x00, 0x3C, 0x00, 0x1F, 0x00, 0x00, 0x78, 0x00, 0x2F, 0x00, 0x00, 0xB4, 0x00, 0x2E, 0x00,
    0x00, 0xF0, 0x00, 0x3D, 0x00, 0x00, 0xF0, 0x00, 0x3D, 0x00, 0x00, 0xF0, 0x00, 0x7C, 0x00, 0x01,
    0xE0, 0x00, 0x7C, 0x00, 0x02, 0xD0, 0x00, 0xBC, 0x00, 0x03, 0xC0, 0x00, 0x7C, 0x00, 0x0F, 0x80,
    0x00, 0x3F, 0x00, 0x3F, 0x00, 0x00, 0x2F, 0xFF, 0xFC, 0x00, 0x00, 0x07, 0xFF, 0xD0, 0x00, 0x00,
    0x00, 0x00, 0x00, 0x00, 0x00, 0x00, 0x00, 0x00, 0x00, 0x00, 0x1F, 0x83, 0x00, 0x00, 0x3F, 0xEF,
    0x00, 0x00, 0x70, 0xFE, 0x00, 0x00, 0x10, 0x14, 0x19, 0x00, 0x00, 0x00, 0x2E, 0x00, 0x00, 0x00,
    0x7D, 0x2F, 0xC0, 0x07, 0xF4, 0xBF, 0xC0, 0x0F, 0x80, 0x03, 0xC0, 0x0F, 0x40, 0x07, 0xC0, 0x1F,
    0x00, 0x0B, 0x80, 0x1E, 0x00, 0x0F, 0x40, 0x3D, 0x00, 0x0F, 0x00, 0x3C, 0x00, 0x2E, 0x00, 0xBC,
    0x00, 0x3D, 0x01, 0xF8, 0x00, 0x3D, 0x03, 0xB8, 0x00, 0x3D, 0x0F, 0x79, 0xD0, 0x3F, 0xFC, 0x7F,
    0xC0, 0x1F, 0xE0, 0x3E, 0x00, 0x00, 0x00, 0x00, 0x00, 0x00, 0x00, 0x00, 0x00, 0x14, 0x00, 0x00,
    0x00, 0x00, 0x7C, 0x00, 0x00, 0x00, 0x00, 0x7C, 0x15, 0x54, 0x00, 0x56, 0xF4, 0x7F, 0xFC, 0x01,
    0xFF, 0xD0, 0x1B, 0xD0, 0x00, 0x7E, 0x00, 0x0B, 0x80, 0x00, 0x3D, 0x00, 0x0F, 0x80, 0x00, 0x3C,
    0x00, 0x0F, 0x40, 0x00, 0x3C, 0x00, 0x1F, 0x00, 0x00, 0x78, 0x00, 0x2F, 0x00, 0x00, 0xB4, 0x00,
    0x2E, 0x00, 0x00, 0xF0, 0x00, 0x3D, 0x00, 0x00, 0xF0, 0x00, 0x3D, 0x00, 0x00, 0xF0, 0x00, 0x7C,
    0x00, 0x01, 0xE0, 0x00, 0x7C, 0x00, 0x02, 0xD0, 0x00, 0xBC, 0x00, 0x03, 0xC0, 0x00, 0x7C, 0x00,
    0x0F, 0x80, 0x00, 0x3F, 0x00, 0x3F, 0x00, 0x00, 0x2F, 0xFF, 0xFC, 0x00, 0x00, 0x07, 0xFF, 0xD0,
    0x00, 0x00, 0x00, 0x00, 0x00, 0x00, 0x00, 0x00, 0x00, 0x00, 0x00, 0x00, 0x00, 0x78, 0x00, 0x00,
    0x00, 0x00, 0xFC, 0x00, 0x00, 0x00, 0x01, 0xF8, 0x00, 0x00, 0x00, 0x00, 0x50, 0x00, 0x00, 0x00,
    0x00, 0x00, 0x00, 0x19, 0x00, 0x00, 0x00, 0x2E, 0x00, 0x00, 0x00, 0x7D, 0x2F, 0xC0, 0x07, 0xF4,
    0xBF, 0xC0, 0x0F, 0x80, 0x03, 0xC0, 0x0F, 0x40, 0x07, 0xC0, 0x1F, 0x00, 0x0B, 0x80, 0x1E, 0x00,
    0x0F, 0x40, 0x3D, 0x00, 0x0F, 0x00, 0x3C, 0x00, 0x2E, 0x00, 0xBC, 0x00, 0x3D, 0x01, 0xF8, 0x00,
    0x3D, 0x03, 0xB8, 0x00, 0x3D, 0x0F, 0x79, 0xD0, 0x3F, 0xFC, 0x7F, 0xC0, 0x1F, 0xE0, 0x3E, 0x00,
    0x00, 0x00, 0x00, 0x00, 0x00, 0x00, 0x00, 0x00, 0x00, 0xB4, 0x00, 0x00, 0x01, 0xF8, 0x00, 0x00,
    0x02, 0xF4, 0x00, 0x00, 0x00, 0x40, 0x00, 0x00, 0x00, 0x02, 0x00, 0x00, 0x00, 0x01, 0xF0, 0x00,
    0x00, 0x00, 0x7F, 0x00, 0x00, 0x00, 0x07, 0xF0, 0x00, 0x00, 0x00, 0x18, 0x00, 0x00, 0x00, 0x00,
    0x00, 0x01, 0x55, 0x40, 0x15, 0x51, 0xFF, 0xF4, 0x2F, 0xFD, 0x1F, 0xD0, 0x01, 0xF8, 0x02, 0xF0,
    0x00, 0xB8, 0x00, 0x3D, 0x00, 0x7C, 0x00, 0x0B, 0xC0, 0x3C, 0x00, 0x01, 0xF0, 0x3D, 0x00, 0x00,
    0x3E, 0x2E, 0x00, 0x00, 0x0B, 0xCF, 0x00, 0x00, 0x00, 0xFF, 0x00, 0x00, 0x00, 0x2F, 0x40, 0x00,
    0x00, 0x0B, 0xC0, 0x00, 0x00, 0x03, 0xE0, 0x00, 0x00, 0x00, 0xF4, 0x00, 0x00, 0x00, 0x3C, 0x00,
    0x00, 0x00, 0x1F, 0x00, 0x00, 0x00, 0x2F, 0xE8, 0x00, 0x00, 0x3F, 0xFF, 0x00, 0x00, 0x00, 0x00,
    0x00, 0x00, 0x00, 0x00, 0xC0, 0x00, 0x00, 0x02, 0xF0, 0x00, 0x00, 0x00, 0xF8, 0x00, 0x00, 0x00,
    0x7D, 0x00, 0x00, 0x00, 0x0E, 0x00, 0x00, 0x00, 0x00, 0x00, 0x00, 0x00, 0x00, 0x00, 0x00, 0x7E,
    0x00, 0x7C, 0x01, 0xFF, 0x00, 0x3E, 0x00, 0x0F, 0x80, 0x2E, 0x00, 0x0B, 0xC0, 0x2D, 0x00, 0x03,
    0xC0, 0x3C, 0x00, 0x03, 0xD0, 0x3C, 0x00, 0x02, 0xD0, 0x74, 0x00, 0x02, 0xE0, 0xF0, 0x00, 0x01,
    0xE1, 0xD0, 0x00, 0x01, 0xE3, 0xC0, 0x00, 0x00, 0xEB, 0x00, 0x00, 0x01, 0xED, 0x00, 0x00, 0x01,
    0xF8, 0x00, 0x00, 0x02, 0xF0, 0x00, 0x00, 0x03, 0xC0, 0x00, 0x00, 0x1F, 0x00, 0x00, 0x25, 0xBC,
    0x00, 0x00, 0x3F, 0xE0, 0x00, 0x00, 0x2E, 0x40, 0x00, 0x00, 0x15, 0x54, 0x01, 0x55, 0x1F, 0xFF,
    0x42, 0xFF, 0xD1, 0xFD, 0x00, 0x1F, 0x80, 0x2F, 0x00, 0x0B, 0x80, 0x03, 0xD0, 0x07, 0xC0, 0x00,
    0xBC, 0x03, 0xC0, 0x00, 0x1F, 0x03, 0xD0, 0x00, 0x03, 0xE2, 0xE0, 0x00, 0x00, 0xBC, 0xF0, 0x00,
    0x00, 0x0F, 0xF0, 0x00, 0x00, 0x02, 0xF4, 0x00, 0x00, 0x00, 0xBC, 0x00, 0x00, 0x00, 0x3E, 0x00,
    0x00, 0x00, 0x0F, 0x40, 0x00, 0x00, 0x03, 0xC0, 0x00, 0x00, 0x01, 0xF0, 0x00, 0x00, 0x02, 0xFE,
    0x80, 0x00, 0x03, 0xFF, 0xF0, 0x00, 0x00, 0x00, 0x00, 0x00, 0x00, 0x00, 0x00, 0x00, 0x00, 0x01,
    0xE0, 0x00, 0x00, 0x00, 0xFC, 0x00, 0x00, 0x00, 0x3F, 0x00, 0x00, 0x00, 0x05, 0x00, 0x00, 0x00,
    0x00, 0x00, 0x00, 0x00, 0x00, 0x7E, 0x00, 0x7C, 0x01, 0xFF, 0x00, 0x3E, 0x00, 0x0F, 0x80, 0x2E,
    0x00, 0x0B, 0xC0, 0x2D, 0x00, 0x03, 0xC0, 0x3C, 0x00, 0x03, 0xD0, 0x3C, 0x00, 0x02, 0xD0, 0x74,
    0x00, 0x02, 0xE0, 0xF0, 0x00, 0x01, 0xE1, 0xD0, 0x00, 0x01, 0xE3, 0xC0, 0x00, 0x00, 0xEB, 0x00,
    0x00, 0x01, 0xED, 0x00, 0x00, 0x01, 0xF8, 0x00, 0x00, 0x02, 0xF0, 0x00, 0x00, 0x03, 0xC0, 0x00,
    0x00, 0x1F, 0x00, 0x2C, 0x25, 0xBC, 0x00, 0xFD, 0x3F, 0xE0, 0x00, 0xFC, 0x2E, 0x40, 0x00, 0x10,
    0x00, 0x00, 0x00, 0x00, 0x00, 0x00, 0x2F, 0xD0, 0x00, 0x00, 0x2D, 0xBC, 0x00, 0x00, 0x0A, 0x0F,
    0x00, 0x00, 0x00, 0x1F, 0x00, 0x00, 0x00, 0x2D, 0x00, 0x00, 0x00, 0x0B, 0x00, 0x00, 0x00, 0x00,
    0x00, 0x00, 0x15, 0x54, 0x01, 0x55, 0x1F, 0xFF, 0x42, 0xFF, 0xD1, 0xFD, 0x00, 0x1F, 0x80, 0x2F,
    0x00, 0x0B, 0x80, 0x03, 0xD0, 0x07, 0xC0, 0x00, 0xBC, 0x03, 0xC0, 0x00, 0x1F, 0x03, 0xD0, 0x00,
    0x03, 0xE2, 0xE0, 0x00, 0x00, 0xBC, 0xF0, 0x00, 0x00, 0x0F, 0xF0, 0x00, 0x00, 0x02, 0xF4, 0x00,
    0x00, 0x00, 0xBC, 0x00, 0x00, 0x00, 0x3E, 0x00, 0x00, 0x00, 0x0F, 0x40, 0x00, 0x00, 0x03, 0xC0,
    0x00, 0x00, 0x01, 0xF0, 0x00, 0x00, 0x02, 0xFE, 0x80, 0x00, 0x03, 0xFF, 0xF0, 0x00, 0x00, 0x00,
    0x00, 0x06, 0x40, 0x00, 0x00, 0x7F, 0xE0, 0x00, 0x00, 0xF0, 0xF0, 0x00, 0x00, 0x91, 0xE0, 0x00,
    0x00, 0x07, 0xC0, 0x00, 0x00, 0x2E, 0x00, 0x00, 0x00, 0x2C, 0x00, 0x00, 0x00, 0x00, 0x00, 0x00,
    0x00, 0x00, 0x00, 0x00, 0x7E, 0x00, 0x7C, 0x01, 0xFF, 0x00, 0x3E, 0x00, 0x0F, 0x80, 0x2E, 0x00,
    0x0B, 0xC0, 0x2D, 0x00, 0x03, 0xC0, 0x3C, 0x00, 0x03, 0xD0, 0x3C, 0x00, 0x02, 0xD0, 0x74, 0x00,
    0x02, 0xE0, 0xF0, 0x00, 0x01, 0xE1, 0xD0, 0x00, 0x01, 0xE3, 0xC0, 0x00, 0x00, 0xEB, 0x00, 0x00,
    0x01, 0xED, 0x00, 0x00, 0x01, 0xF8, 0x00, 0x00, 0x02, 0xF0, 0x00, 0x00, 0x03, 0xC0, 0x00, 0x00,
    0x1F, 0x00, 0x00, 0x25, 0xBC, 0x00, 0x00, 0x3F, 0xE0, 0x00, 0x00, 0x2E, 0x40, 0x00, 0x00, 0x00,
    0x00, 0x40, 0x00, 0x00, 0x01, 0xFD, 0x38, 0x00, 0x00, 0xFB, 0xFD, 0x00, 0x00, 0x34, 0xBE, 0x00,
    0x00, 0x00, 0x00, 0x00, 0x00, 0x00, 0x00, 0x00, 0x01, 0x55, 0x40, 0x15, 0x51, 0xFF, 0xF4, 0x2F,
    0xFD, 0x1F, 0xD0, 0x01, 0xF8, 0x02, 0xF0, 0x00, 0xB8, 0x00, 0x3D, 0x00, 0x7C, 0x00, 0x0B, 0xC0,
    0x3C, 0x00, 0x01, 0xF0, 0x3D, 0x00, 0x00, 0x3E, 0x2E, 0x00, 0x00, 0x0B, 0xCF, 0x00, 0x00, 0x00,
    0xFF, 0x00, 0x00, 0x00, 0x2F, 0x40, 0x00, 0x00, 0x0B, 0xC0, 0x00, 0x00, 0x03, 0xE0, 0x00, 0x00,
    0x00, 0xF4, 0x00, 0x00, 0x00, 0x3C, 0x00, 0x00, 0x00, 0x1F, 0x00, 0x00, 0x00, 0x2F, 0xE8, 0x00,
    0x00, 0x3F, 0xFF, 0x00, 0x00, 0x00, 0x00, 0x00, 0x00, 0x00, 0x00, 0xFC, 0x34, 0x00, 0x03, 0xFF,
    0xB4, 0x00, 0x03, 0x4F, 0xF0, 0x00, 0x01, 0x01, 0x40, 0x00, 0x00, 0x00, 0x00, 0x00, 0x00, 0x00,
    0x00, 0x00, 0x7E, 0x00, 0x7C, 0x01, 0xFF, 0x00, 0x3E, 0x00, 0x0F, 0x80, 0x2E, 0x00, 0x0B, 0xC0,
    0x2D, 0x00, 0x03, 0xC0, 0x3C, 0x00, 0x03, 0xD0, 0x3C, 0x00, 0x02, 0xD0, 0x74, 0x00, 0x02, 0xE0,
    0xF0, 0x00, 0x01, 0xE1, 0xD0, 0x00, 0x01, 0xE3, 0xC0, 0x00, 0x00, 0xEB, 0x00, 0x00, 0x01, 0xED,
    0x00, 0x00, 0x01, 0xF8, 0x00, 0x00, 0x02, 0xF0, 0x00, 0x00, 0x03, 0xC0, 0x00, 0x00, 0x1F, 0x00,
    0x00, 0x25, 0xBC, 0x00, 0x00, 0x3F, 0xE0, 0x00, 0x00, 0x2E, 0x40, 0x00, 0x00, 0x06, 0x66, 0x66,
    0x66, 0x66, 0x66, 0x66, 0x66, 0x66, 0x66, 0x00, 0x00, 0x03, 0x0C, 0x2F, 0x80, 0xF0, 0x3F, 0xC1,
    0x94, 0x09, 0x00, 0x90, 0x09, 0x00, 0x90, 0x09, 0x00, 0x90, 0x09, 0x00, 0x90, 0x09, 0x00, 0x90,
    0x09, 0x00, 0x90, 0x09, 0x00, 0x90, 0x09, 0x00, 0x90, 0x00, 0x00, 0x00, 0x00, 0x00, 0xD0, 0x00,
    0x38, 0x55, 0x5E, 0xEA, 0xAF, 0xC0, 0x1C, 0xC0, 0xA0, 0xC1, 0x80, 0xC0, 0x00, 0xC0, 0x00, 0xC0,
    0x00, 0xC0, 0x00, 0xC0, 0x00, 0xC0, 0x00, 0xC0, 0x00, 0xC0, 0x00, 0xC0, 0x00, 0xC0, 0x00, 0xC0,
    0x00, 0xC0, 0x00, 0xC0, 0x00, 0xC0, 0x00, 0xC0, 0x00, 0x40, 0x00, 0x00, 0x00, 0x07, 0x00, 0x1C,
    0x00, 0xB5, 0x55, 0xFA, 0xAB, 0x34, 0x03, 0x0A, 0x03, 0x02, 0x43, 0x00, 0x03, 0x00, 0x03, 0x00,
    0x03, 0x00, 0x03, 0x00, 0x03, 0x00, 0x03, 0x00, 0x03, 0x00, 0x03, 0x00, 0x03, 0x00, 0x03, 0x00,
    0x03, 0x00, 0x03, 0x00, 0x03, 0x00, 0x03, 0x00, 0x03, 0x00, 0x01, 0x55, 0x54, 0xFF, 0xFD, 0xAA,
    0xA8, 0x55, 0x54, 0xFF, 0xFD, 0xAA, 0xA8, 0x55, 0x55, 0x54, 0xFF, 0xFF, 0xFE, 0x55, 0x55, 0x54,
    0x55, 0x55, 0x55, 0x3F, 0xFF, 0xFF, 0xE5, 0x55, 0x55, 0x50, 0x55, 0x55, 0x55, 0x55, 0x55, 0x55,
    0x7F, 0xFF, 0xFF, 0xFF, 0xFF, 0xFF, 0xF5, 0x55, 0x55, 0x55, 0x55, 0x55, 0x54, 0x55, 0x55, 0x55,
    0x55, 0x55, 0x55, 0x7F, 0xFF, 0xFF, 0xFF, 0xFF, 0xFF, 0xF5, 0x55, 0x55, 0x55, 0x55, 0x55, 0x54,
    0x14, 0x05, 0x7C, 0x1F, 0x7C, 0x1F, 0x7C, 0x1F, 0x7C, 0x1F, 0x7C, 0x1F, 0x7C, 0x1F, 0x7C, 0x1F,
    0x7C, 0x1F, 0x7C, 0x1F, 0x7C, 0x1F, 0x7C, 0x1F, 0x7C, 0x1F, 0x7C, 0x1F, 0x7C, 0x1F, 0x7C, 0x1F,
    0x7C, 0x1F, 0x7C, 0x1F, 0x7C, 0x1F, 0x7C, 0x1F, 0x7C, 0x1F, 0x7C, 0x1F, 0x7C, 0x1F, 0x7C, 0x1F,
    0x7C, 0x1F, 0x68, 0x0A, 0xFF, 0xFF, 0xFF, 0x7F, 0xFF, 0xFF, 0xD0, 0x00, 0x00, 0x02, 0xAA, 0xAA,
    0xA9, 0xFF, 0xFF, 0xFF, 0x80, 0x00, 0x00, 0x00, 0x00, 0x40, 0x38, 0x0F, 0x02, 0xD0, 0x3C, 0x0B,
    0xC0, 0xBD, 0x07, 0xC0, 0x02, 0x80, 0xBD, 0x07, 0xD0, 0x7C, 0x0B, 0x80, 0xF0, 0x2C, 0x02, 0x00,
    0x00, 0x00, 0x7D, 0x07, 0xE0, 0x3D, 0x07, 0xC0, 0xB8, 0x0F, 0x03, 0xC0, 0x10, 0x00, 0x14, 0x1F,
    0x4F, 0xC2, 0xE0, 0x7C, 0x0F, 0x01, 0xD0, 0x2C, 0x00, 0x40, 0x10, 0x0E, 0x03, 0x80, 0xF0, 0x3C,
    0x0B, 0x42, 0xD0, 0x3C, 0x0F, 0x02, 0xF0, 0xBC, 0x0B, 0xD2, 0xF4, 0x1F, 0x07, 0xC0, 0x01, 0x40,
    0x50, 0x2F, 0x4B, 0xD0, 0x7D, 0x1F, 0x41, 0xF0, 0x7C, 0x0B, 0x82, 0xE0, 0x3C, 0x0F, 0x02, 0xD0,
    0xB4, 0x0D, 0x03, 0x40, 0x00, 0x00, 0x00, 0x1F, 0x47, 0xD0, 0x7E, 0x1F, 0x80, 0xF4, 0x3D, 0x07,
    0xC1, 0xF0, 0x2E, 0x0B, 0x80, 0xF0, 0x3C, 0x0F, 0x03, 0xC0, 0x10, 0x04, 0x00, 0x14, 0x05, 0x07,
    0xD1, 0xF4, 0xFC, 0x3F, 0x0B, 0x82, 0xE0, 0x7C, 0x1F, 0x03, 0xC0, 0xF0, 0x1D, 0x07, 0x40, 0xB0,
    0x2C, 0x00, 0x19, 0x00, 0x00, 0xF8, 0x00, 0x03, 0xD0, 0x00, 0x0F, 0x00, 0x00, 0x38, 0x01, 0xFE,
    0xFF, 0xDB, 0xFF, 0xBF, 0x00, 0x2C, 0x00, 0x00, 0xF0, 0x00, 0x03, 0x80, 0x00, 0x1E, 0x00, 0x00,
    0xB4, 0x00, 0x03, 0xC0, 0x00, 0x0F, 0x00, 0x00, 0x7C, 0x00, 0x02, 0xE0, 0x00, 0x00, 0x00, 0x00,
    0x00, 0x06, 0x40, 0x00, 0x0F, 0x80, 0x00, 0x0F, 0x40, 0x00, 0x0F, 0x00, 0x00, 0x0E, 0x00, 0x1F,
    0xEF, 0xFD, 0x2F, 0xFE, 0xFC, 0x00, 0x3C, 0x00, 0x00, 0x3C, 0x00, 0x00, 0x7C, 0x00, 0x00, 0xBC,
    0x00, 0x00, 0xB4, 0x00, 0x54, 0xB0, 0x60, 0xFF, 0xFF, 0xF0, 0xE9, 0xE6, 0xE0, 0x01, 0xE0, 0x00,
    0x02, 0xD0, 0x00, 0x03, 0xD0, 0x00, 0x03, 0xD0, 0x00, 0x00, 0x00, 0x00, 0x1B, 0x47, 0xFC, 0xBF,
    0xCB, 0xFC, 0x3F, 0x00, 0x00, 0x24, 0x00, 0x1F, 0xD0, 0x07, 0xFF, 0x41, 0xFF, 0xFD, 0x7F, 0xFF,
    0xDF, 0xFF, 0x87, 0xFE, 0x01, 0xF8, 0x00, 0x10, 0x00, 0x00, 0x2E, 0x1F, 0xC3, 0xF0, 0x10, 0x00,
    0x00, 0x03, 0xD0, 0x2E, 0xBE, 0x07, 0xFB, 0xC0, 0x7D, 0x10, 0x01, 0x00, 0x00, 0x00, 0x00, 0x00,
    0x00, 0x0F, 0x80, 0x0B, 0xC0, 0x07, 0xCB, 0xE0, 0x03, 0xF0, 0x03, 0xF6, 0xF0, 0x00, 0xF4, 0x00,
    0xFC, 0x10, 0x00, 0x00, 0x00, 0x04, 0x00, 0x19, 0x0F, 0xC7, 0xF0, 0xB4, 0x00, 0x00, 0x00, 0xD0,
    0x00, 0x38, 0x40, 0x5E, 0xD0, 0xAF, 0xC0, 0x1C, 0xC0, 0xA0, 0xC1, 0x80, 0xC0, 0x00, 0xC0, 0x00,
    0xC0, 0x00, 0xC0, 0x00, 0xC0, 0x00, 0xC0, 0x00, 0xC0, 0x00, 0xC0, 0x00, 0xC0, 0x00, 0xC0, 0x00,
    0xC0, 0x00, 0xC0, 0x00, 0xC0, 0x00, 0xC0, 0x00, 0xC0, 0x00, 0x40, 0x00, 0x00, 0x00, 0x07, 0x00,
    0x1C, 0x00, 0xB5, 0x01, 0xFA, 0x07, 0x34, 0x03, 0x0A, 0x03, 0x02, 0x43, 0x00, 0x03, 0x00, 0x03,
    0x00, 0x03, 0x00, 0x03, 0x00, 0x03, 0x00, 0x03, 0x00, 0x03, 0x00, 0x03, 0x00, 0x03, 0x00, 0x03,
    0x00, 0x03, 0x00, 0x03, 0x00, 0x03, 0x00, 0x03, 0x00, 0x03, 0x00, 0x01, 0x00, 0x00, 0x02, 0x80,
    0x0B, 0xE0, 0x29, 0xA8, 0x61, 0x89, 0x01, 0x80, 0x01, 0x80, 0x01, 0x80, 0x01, 0x80, 0x01, 0x80,
    0x01, 0x80, 0x01, 0x80, 0x01, 0x80, 0x01, 0x80, 0x01, 0x80, 0x01, 0x80, 0x01, 0x80, 0x01, 0x80,
    0x01, 0x80, 0x01, 0x80, 0x01, 0x80, 0x01, 0x80, 0x01, 0x80, 0x00, 0x00, 0x01, 0x04, 0x00, 0x0A,
    0x34, 0x00, 0x0A, 0x38, 0x15, 0x5E, 0x28, 0xEA, 0xBC, 0x73, 0x01, 0xC7, 0x0C, 0x1C, 0x70, 0x30,
    0x86, 0x00, 0xC0, 0x00, 0x03, 0x00, 0x00, 0x0C, 0x00, 0x00, 0x30, 0x00, 0x00, 0xC0, 0x00, 0x03,
    0x00, 0x00, 0x0C, 0x00, 0x00, 0x30, 0x00, 0x00, 0xC0, 0x00, 0x03, 0x00, 0x00, 0x0C, 0x00, 0x00,
    0x30, 0x00, 0x00, 0xC0, 0x00, 0x03, 0x00, 0x00, 0x0C, 0x00, 0x00, 0x10, 0x00, 0x00, 0x00, 0x04,
    0x00, 0x1C, 0xA0, 0x02, 0xCA, 0x00, 0x2C, 0xB5, 0x54, 0xD3, 0xEA, 0xB0, 0xD3, 0x40, 0xC0, 0xA3,
    0x43, 0x00, 0x92, 0x0C, 0x00, 0x00, 0x30, 0x00, 0x00, 0xC0, 0x00, 0x03, 0x00, 0x00, 0x0C, 0x00,
    0x00, 0x30, 0x00, 0x00, 0xC0, 0x00, 0x03, 0x00, 0x00, 0x0C, 0x00, 0x00, 0x30, 0x00, 0x00, 0xC0,
    0x00, 0x03, 0x00, 0x00, 0x0C, 0x00, 0x00, 0x30, 0x00, 0x00, 0xC0, 0x00, 0x03, 0x00, 0x00, 0x04,
    0x00, 0x00, 0x00, 0x00, 0x00, 0x00, 0x00, 0x00, 0x00, 0x10, 0x00, 0x00, 0x70, 0x00, 0x00, 0x00,
    0x01, 0xFF, 0x40, 0x00, 0xF0, 0x00, 0x00, 0x00, 0x0B, 0x87, 0xC0, 0x03, 0xD0, 0x00, 0x00, 0x00,
    0x0F, 0x02, 0xC0, 0x0B, 0x80, 0x00, 0x00, 0x00, 0x2C, 0x02, 0xD0, 0x1F, 0x00, 0x00, 0x00, 0x00,
    0x3C, 0x02, 0xC0, 0x3C, 0x00, 0x00, 0x00, 0x00, 0x38, 0x03, 0xC0, 0xB4, 0x00, 0x00, 0x00, 0x00,
    0x78, 0x03, 0x81, 0xE0, 0x00, 0x00, 0x00, 0x00, 0x3C, 0x0F, 0x03, 0xC0, 0xBF, 0x40, 0x0F, 0xF0,
    0x3E, 0x7D, 0x0F, 0x03, 0xD7, 0xC0, 0x7D, 0xBC, 0x0F, 0xF4, 0x2D, 0x0F, 0x02, 0xD0, 0xF0, 0x2C,
    0x00, 0x00, 0x78, 0x1D, 0x01, 0xD2, 0xD0, 0x2D, 0x00, 0x00, 0xF0, 0x3C, 0x01, 0xD3, 0xC0, 0x2D,
    0x00, 0x03, 0xC0, 0x3C, 0x02, 0xC3, 0xC0, 0x3C, 0x00, 0x0B, 0x80, 0x3C, 0x03, 0xC3, 0x80, 0x3C,
    0x00, 0x1F, 0x00, 0x3C, 0x0B, 0x43, 0xC0, 0xB4, 0x00, 0x3C, 0x00, 0x3D, 0x1F, 0x03, 0xD2, 0xE0,
    0x00, 0xF4, 0x00, 0x0F, 0xF8, 0x01, 0xFF, 0x80, 0x00, 0xA0, 0x00, 0x01, 0x40, 0x00, 0x14, 0x00,
    0x00, 0x00, 0x00, 0x00, 0x00, 0x00, 0x00, 0x00, 0x00, 0x02, 0xD0, 0xF8, 0x7C, 0x3E, 0x1F, 0x0B,
    0x43, 0x80, 0x00, 0x00, 0x00, 0x00, 0x00, 0xB4, 0x2D, 0x0F, 0x83, 0xD1, 0xF0, 0xBC, 0x3E, 0x0F,
    0x87, 0xC1, 0xF0, 0xB4, 0x3D, 0x0E, 0x03, 0x80, 0x00, 0x00, 0x00, 0x00, 0x00, 0x00, 0x00, 0x2D,
    0x0B, 0x43, 0xC0, 0xF8, 0x3D, 0x1F, 0x47, 0xC2, 0xF0, 0xBC, 0x3E, 0x0F, 0x83, 0xD1, 0xF0, 0x7C,
    0x2F, 0x0B, 0x43, 0xD0, 0xF0, 0x38, 0x0E, 0x03, 0x40, 0x00, 0x00, 0x00, 0x00, 0x00, 0x03, 0xC0,
    0x3E, 0x02, 0xF0, 0x0F, 0x40, 0xBC, 0x03, 0xD0, 0x0D, 0x00, 0x00, 0x00, 0x00, 0x00, 0xF0, 0x1E,
    0x03, 0xE0, 0xBC, 0x0B, 0xC0, 0xF4, 0x0F, 0x42, 0xF0, 0x2F, 0x03, 0xD0, 0x3D, 0x07, 0xC0, 0x34,
    0x0B, 0x00, 0x00, 0x00, 0x00, 0x00, 0x00, 0x00, 0x0F, 0x01, 0xE0, 0x3C, 0x03, 0xE0, 0xBC, 0x0F,
    0x40, 0xBC, 0x0F, 0x43, 0xF0, 0x0F, 0x42, 0xF0, 0x7D, 0x02, 0xF0, 0x3D, 0x0B, 0xC0, 0x3D, 0x07,
    0xC0, 0xF0, 0x03, 0x40, 0xB0, 0x0D, 0x00, 0x00, 0x00, 0x00, 0x00, 0x00, 0x60, 0x00, 0x07, 0xE0,
    0x00, 0x7D, 0xE0, 0x07, 0xC1, 0xE0, 0x7C, 0x01, 0xE0, 0x00, 0x00, 0x00, 0x00, 0x2C, 0x00, 0xF4,
    0x03, 0xD0, 0x1F, 0x80, 0x3E, 0x00, 0x3F, 0x00, 0x0F, 0x40, 0x03, 0xC0, 0x00, 0xE0, 0x00, 0x00,
    0x0A, 0x00, 0x0E, 0x00, 0x2E, 0x00, 0x3E, 0x00, 0xFC, 0x0B, 0xD0, 0x7C, 0x07, 0xC0, 0x38, 0x00,
    0x00, 0x00, 0x00, 0x00, 0x00, 0x00, 0xA0, 0x00, 0x00, 0x0C, 0x38, 0x02, 0x40, 0x38, 0x0E, 0x07,
    0xC0, 0xE0, 0x03, 0x42, 0x43, 0x80, 0x01, 0xD0, 0x0F, 0x00, 0x00, 0x74, 0x2C, 0x00, 0x04, 0x1D,
    0xB0, 0x00, 0x1F, 0x07, 0xC1, 0xF0, 0x1F, 0x0B, 0xC0, 0xF0, 0x00, 0x1C, 0xB0, 0x00, 0x00, 0x74,
    0x2C, 0x00, 0x01, 0xD0, 0x0B, 0x00, 0x03, 0x43, 0x83, 0xC0, 0x0D, 0x07, 0xC0, 0xE0, 0x38, 0x02,
    0x40, 0x38, 0xA0, 0x00, 0x00, 0x0C, 0x00, 0x00, 0x00, 0x00, 0x00, 0x14, 0x00, 0x50, 0x0F, 0x40,
    0x3D, 0x01, 0xF0, 0x0B, 0xC0, 0x3E, 0x00, 0xF8, 0x03, 0xD0, 0x0F, 0x00, 0x3C, 0x01, 0xF0, 0x07,
    0xC0, 0x2E, 0x00, 0xB4, 0x02, 0xD0, 0x0B, 0x00, 0x3C, 0x00, 0xF0, 0x03, 0xC0, 0x0E, 0x00, 0x38,
    0x00, 0xE0, 0x07, 0x40, 0x1D, 0x00, 0x70, 0x01, 0xC0, 0x0B, 0x00, 0x00, 0x00, 0x00, 0x00, 0x00,
    0x00, 0x00, 0x1D, 0x00, 0xB0, 0x07, 0xE0, 0x1F, 0x40, 0x7C, 0x02, 0xF0, 0x01, 0x00, 0x04, 0x00,
    0x55, 0x55, 0x55, 0x3F, 0xFF, 0xFF, 0xE5, 0x55, 0x55, 0x50, 0x55, 0x4F, 0xFD, 0xAA, 0x80, 0x00,
    0x00, 0x00, 0x00, 0x00, 0x00, 0x00, 0x28, 0x00, 0x00, 0x00, 0x7C, 0x00, 0x00, 0x00, 0xF0, 0x00,
    0x00, 0x02, 0xD0, 0x00, 0x00, 0x07, 0x80, 0x00, 0x00, 0x0F, 0x00, 0x00, 0x00, 0x3C, 0x00, 0x00,
    0x00, 0xB4, 0x00, 0x00, 0x00, 0xE0, 0x00, 0x00, 0x03, 0xC0, 0x00, 0x00, 0x0B, 0x00, 0x00, 0x00,
    0x1D, 0x00, 0x00, 0x00, 0x38, 0x00, 0x00, 0x00, 0xF0, 0x00, 0x00, 0x02, 0xD0, 0x00, 0x00, 0x07,
    0x80, 0x00, 0x00, 0x0F, 0x00, 0x00, 0x00, 0x3C, 0x00, 0x00, 0x00, 0x38, 0x00, 0x00, 0x00, 0x00,
    0x00, 0x00, 0x00, 0x0B, 0xE0, 0x00, 0xBD, 0x03, 0xFF, 0xC0, 0x3F, 0xFC, 0x3E, 0xBE, 0x03, 0xEB,
    0xE1, 0x00, 0xF0, 0x10, 0x1F, 0x00, 0x0F, 0x00, 0x00, 0xF0, 0x01, 0xE0, 0x00, 0x2D, 0x00, 0x7C,
    0x00, 0x07, 0xC0, 0x1F, 0x00, 0x01, 0xF0, 0x07, 0xC0, 0x00, 0x7C, 0x01, 0xF0, 0x00, 0x1F, 0x00,
    0x3C, 0x00, 0x03, 0xC0, 0x07, 0xE4, 0x00, 0x7E, 0x40, 0x3F, 0x40, 0x03, 0xF4, 0x00, 0x40, 0x00,
    0x04, 0x00, 0x00, 0x00, 0x00, 0x00, 0x02, 0x80, 0x00, 0x28, 0x00, 0xBC, 0x00, 0x0B, 0xC0, 0x0F,
    0xC0, 0x00, 0xF8, 0x00, 0x10, 0x00, 0x01, 0x00, 0x00, 0x00, 0x00, 0x00, 0x05, 0x0B, 0xE0, 0x00,
    0x3D, 0x3F, 0xFC, 0x00, 0xBC, 0x3E, 0xBE, 0x00, 0xF8, 0x10, 0x0F, 0x00, 0xF4, 0x00, 0x0F, 0x01,
    0xF0, 0x00, 0x1E, 0x02, 0xE0, 0x00, 0x7C, 0x02, 0xD0, 0x01, 0xF0, 0x03, 0xC0, 0x07, 0xC0, 0x03,
    0xC0, 0x1F, 0x00, 0x03, 0x80, 0x3C, 0x00, 0x07, 0x40, 0x7E, 0x40, 0x07, 0x00, 0x3F, 0x40, 0x07,
    0x00, 0x04, 0x00, 0x00, 0x00, 0x00, 0x00, 0x00, 0x00, 0x28, 0x00, 0x0B, 0x00, 0xBC, 0x00, 0x1F,
    0x40, 0xFC, 0x00, 0x2F, 0x00, 0x10, 0x00, 0x04, 0x00, 0x00, 0x14, 0x00, 0x00, 0x00, 0x3D, 0x01,
    0xB9, 0x00, 0x1F, 0x00, 0xFF, 0xD0, 0x0F, 0x80, 0x7E, 0xFC, 0x03, 0xD0, 0x00, 0x0B, 0x40, 0xF0,
    0x00, 0x02, 0xD0, 0x7C, 0x00, 0x00, 0xF0, 0x2D, 0x00, 0x00, 0xB4, 0x0B, 0x00, 0x00, 0xB8, 0x03,
    0xC0, 0x00, 0xF8, 0x00, 0xE0, 0x00, 0xF8, 0x00, 0x38, 0x00, 0x78, 0x00, 0x1D, 0x00, 0x3E, 0x80,
    0x07, 0x00, 0x0B, 0xF0, 0x00, 0x00, 0x00, 0x50, 0x00, 0x00, 0x00, 0x00, 0x00, 0x1D, 0x00, 0x1D,
    0x00, 0x1F, 0x80, 0x0F, 0x80, 0x07, 0xC0, 0x03, 0xD0, 0x00, 0x40, 0x00, 0x40, 0x00, 0x00, 0x00,
    0x00, 0x00, 0x1F, 0xE0, 0x01, 0x81, 0xFB, 0xFD, 0x6F, 0x0E, 0x01, 0xBF, 0xF0, 0x10, 0x00, 0x15,
    0x00, 0x00, 0x00, 0x00, 0x00, 0x00, 0x0B, 0x42, 0xD0, 0xF0, 0x3C, 0x0F, 0x83, 0xD1, 0xF4, 0x7C,
    0x1F, 0x0B, 0xC2, 0xF0, 0xFC, 0x3E, 0x0F, 0x83, 0xD1, 0xF4, 0x7C, 0x1F, 0x0B, 0xC2, 0xE0, 0xB4,
    0x3D, 0x0F, 0x03, 0xC0, 0xE0, 0x38, 0x0D, 0x07, 0x40, 0x00, 0x00, 0x00, 0x00, 0x00, 0x00, 0x64,
    0x00, 0x3F, 0xF4, 0x0F, 0x4B, 0xC2, 0xD0, 0x3C, 0x3C, 0x03, 0xC7, 0x80, 0x3C, 0xB4, 0x07, 0x8F,
    0x00, 0xB4, 0xF0, 0x0F, 0x0B, 0x42, 0xD0, 0x7F, 0xF8, 0x01, 0xFD, 0x00, 0x00, 0x00, 0x40, 0x00,
    0x0F, 0x80, 0x00, 0xFD, 0x00, 0x0F, 0xB0, 0x00, 0xF3, 0xC0, 0x0F, 0x0E, 0x00, 0xF0, 0x74, 0x0F,
    0x96, 0xE4, 0x3F, 0xFF, 0xF0, 0x00, 0x3C, 0x00, 0x00, 0xE0, 0x00, 0x02, 0x40, 0x00, 0x55, 0x40,
    0x2F, 0xFC, 0x03, 0xD5, 0x40, 0x74, 0x00, 0x0B, 0xD0, 0x00, 0x6F, 0xC0, 0x00, 0x2E, 0x00, 0x01,
    0xF0, 0x00, 0x1E, 0x00, 0x07, 0xC0, 0x6B, 0xF0, 0x07, 0xE4, 0x00, 0x00, 0x05, 0x80, 0x07, 0xFD,
    0x02, 0xF4, 0x00, 0xB8, 0x00, 0x0F, 0x50, 0x02, 0xFF, 0xD0, 0x3C, 0x0F, 0x07, 0x80, 0xB4, 0x78,
    0x0B, 0x43, 0xC0, 0xF0, 0x2F, 0xBD, 0x00, 0xBE, 0x00, 0x05, 0x55, 0x0B, 0xFF, 0xE3, 0x95, 0xF4,
    0xC0, 0x78, 0x00, 0x38, 0x00, 0x3C, 0x00, 0x2D, 0x00, 0x1E, 0x00, 0x0F, 0x00, 0x07, 0x80, 0x03,
    0xC0, 0x00, 0xA0, 0x00, 0x00, 0x68, 0x00, 0xFF, 0xD0, 0xF0, 0x3C, 0x38, 0x0E, 0x0F, 0x0F, 0x01,
    0xFF, 0x00, 0xFB, 0xC0, 0xF0, 0x78, 0xB4, 0x0F, 0x2D, 0x07, 0xC7, 0xEB, 0xC0, 0x7F, 0x80, 0x00,
    0x19, 0x00, 0x1F, 0xFC, 0x03, 0xC2, 0xE0, 0xB0, 0x0F, 0x0F, 0x00, 0xF0, 0xF4, 0x0E, 0x07, 0xEB,
    0xD0, 0x0A, 0xBC, 0x00, 0x0F, 0x40, 0x07, 0xD0, 0x1B, 0xF4, 0x03, 0xE4, 0x00, 0x05, 0x01, 0x03,
    0xF5, 0xFC, 0x07, 0xB7, 0xC0, 0xBC, 0x3C, 0x0F, 0x47, 0x80, 0xF0, 0xB0, 0x1D, 0x0F, 0x12, 0xC0,
    0xFD, 0x2C, 0x0F, 0x40, 0x01, 0xFE, 0x00, 0x7F, 0xF8, 0x1F, 0x07, 0xC3, 0xC0, 0x3C, 0x7C, 0x03,
    0xCB, 0x40, 0x3C, 0xF0, 0x07, 0x8F, 0x00, 0xB4, 0xF0, 0x1F, 0x0B, 0x87, 0xC0, 0x3F, 0xF4, 0x00,
    0x64, 0x00, 0x00, 0x00, 0x06, 0xC1, 0xFF, 0x01, 0x7C, 0x01, 0xE0, 0x0B, 0x40, 0x3C, 0x00, 0xF0,
    0x03, 0xC0, 0x1E, 0x00, 0xB8, 0x2F, 0xFC, 0x15, 0x40, 0x00, 0x7F, 0x80, 0x2F, 0xBE, 0x07, 0x81,
    0xF0, 0x20, 0x1E, 0x00, 0x03, 0xD0, 0x00, 0xB4, 0x00, 0x3D, 0x00, 0x0F, 0x40, 0x07, 0xC0, 0x02,
    0xF5, 0x54, 0x3F, 0xFF, 0xC0, 0x15, 0x40, 0x01, 0xFD, 0x02, 0xFB, 0xC0, 0xD0, 0xB0, 0x00, 0x3C,
    0x00, 0x7D, 0x01, 0xFE, 0x00, 0x27, 0xD0, 0x00, 0x78, 0x00, 0x2D, 0x00, 0x6F, 0x0F, 0xFE, 0x01,
    0xA4, 0x00, 0x00, 0x01, 0xD0, 0x00, 0x2F, 0x40, 0x01, 0xFC, 0x00, 0x1D, 0xF0, 0x01, 0xD3, 0xC0,
    0x1E, 0x0E, 0x01, 0xE0, 0x74, 0x0F, 0xFF, 0xFC, 0x2A, 0xAF, 0x90, 0x00, 0x38, 0x00, 0x01, 0xE0,
    0x00, 0x01, 0x00, 0x01, 0xAA, 0x80, 0x3F, 0xFC, 0x03, 0x80, 0x00, 0x74, 0x00, 0x0B, 0xF4, 0x00,
    0x0B, 0xD0, 0x00, 0x1E, 0x00, 0x01, 0xE0, 0x00, 0x2D, 0x00, 0x1F, 0x80, 0xFF, 0xD0, 0x01, 0x50,
    0x00, 0x00, 0x1B, 0xD0, 0x0F, 0xE4, 0x03, 0xE0, 0x00, 0xF4, 0x00, 0x1F, 0xA4, 0x03, 0xEB, 0xF0,
    0x38, 0x0B, 0x47, 0x80, 0xB4, 0x38, 0x0B, 0x03, 0xD1, 0xE0, 0x1F, 0xF8, 0x00, 0x14, 0x00, 0x1A,
    0xAA, 0x4F, 0xFF, 0xE3, 0x40, 0xF0, 0x80, 0xB0, 0x00, 0x74, 0x00, 0x38, 0x00, 0x3C, 0x00, 0x2D,
    0x00, 0x0F, 0x00, 0x0B, 0x40, 0x03, 0xC0, 0x00, 0x50, 0x00, 0x01, 0xBE, 0x01, 0xE6, 0xE0, 0xF0,
    0x3C, 0x38, 0x1E, 0x0B, 0x9E, 0x00, 0xFE, 0x01, 0xD3, 0xD1, 0xE0, 0x3C, 0xB0, 0x0F, 0x2E, 0x0B,
    0x83, 0xFF, 0x80, 0x15, 0x00, 0x00, 0xBF, 0x40, 0x3E, 0xBC, 0x07, 0x81, 0xE0, 0xF0, 0x0F, 0x0F,
    0x00, 0xF0, 0xB8, 0x1E, 0x02, 0xFF, 0xC0, 0x00, 0x78, 0x00, 0x1F, 0x00, 0x1F, 0xC0, 0x3F, 0xE0,
    0x01, 0x50, 0x00, 0x00, 0x00, 0x00, 0x00, 0x00, 0xFF, 0xFF, 0xFC, 0x00, 0x6F, 0xFF, 0xFC, 0x00,
    0x0F, 0x00, 0x3C, 0x00, 0x1F, 0x00, 0x34, 0x00, 0x2E, 0x00, 0x10, 0x00, 0x3D, 0x00, 0x00, 0x00,
    0x3D, 0x00, 0x00, 0x00, 0x7F, 0xFF, 0x80, 0x00, 0xBF, 0xFF, 0x40, 0x00, 0xB8, 0x00, 0x00, 0x00,
    0xF4, 0x00, 0x00, 0x0A, 0xFA, 0x80, 0x00, 0x1F, 0xFF, 0xC0, 0x00, 0x02, 0xF0, 0x00, 0x00, 0x03,
    0xE0, 0x00, 0x00, 0x1B, 0xF9, 0x00, 0x00, 0x7F, 0xFF, 0x00, 0x00, 0x00, 0x00, 0x00, 0x40, 0x00,
    0x00, 0x07, 0xFF, 0x40, 0x00, 0x07, 0xEB, 0xF0, 0x00, 0x07, 0xC0, 0x7C, 0x00, 0x03, 0xD0, 0x0F,
    0x00, 0x01, 0xF0, 0x01, 0x00, 0x00, 0xB8, 0x00, 0x00, 0x00, 0x3D, 0x00, 0x00, 0x01, 0xFF, 0xFF,
    0xC0, 0x00, 0x6F, 0xEA, 0x90, 0x00, 0x03, 0xE0, 0x00, 0x00, 0x1F, 0xFF, 0xFD, 0x00, 0x01, 0xBD,
    0x55, 0x00, 0x00, 0x2E, 0x00, 0x00, 0x00, 0x0F, 0x00, 0x00, 0x00, 0x47, 0x80, 0x01, 0x40, 0x3F,
    0xFF, 0xFF, 0xF0, 0x0F, 0xD6, 0xFF, 0xF8, 0x01, 0x40, 0x00, 0x00, 0x00, 0x00, 0x01, 0x50, 0x00,
    0x00, 0x00, 0x00, 0x00, 0x1F, 0xFF, 0xF8, 0x00, 0x00, 0x00, 0x00, 0x02, 0xBF, 0x5B, 0xF0, 0x00,
    0x00, 0x00, 0x00, 0x02, 0xF0, 0x0F, 0x80, 0x00, 0x00, 0x00, 0x00, 0x3E, 0x00, 0xBC, 0x00, 0x00,
    0x00, 0x00, 0x03, 0xD0, 0x0B, 0xC0, 0xB0, 0x00, 0x00, 0x00, 0x3C, 0x00, 0xB8, 0x1E, 0x00, 0x00,
    0x00, 0x07, 0xC0, 0x0F, 0x02, 0xE5, 0x00, 0x69, 0x00, 0xB8, 0x03, 0xE3, 0xFF, 0xF0, 0x3F, 0xF0,
    0x0F, 0x96, 0xF8, 0x17, 0xD4, 0x0F, 0x01, 0x00, 0xFF, 0xF8, 0x00, 0x78, 0x00, 0xF0, 0x00, 0x1F,
    0x40, 0x00, 0x07, 0x40, 0x0F, 0x80, 0x01, 0xF0, 0x00, 0x00, 0xB4, 0x00, 0x3F, 0x00, 0x2E, 0x00,
    0x00, 0x0F, 0x00, 0x00, 0xFC, 0x03, 0xD0, 0x00, 0x00, 0xF0, 0x00, 0x03, 0xD0, 0x3D, 0x00, 0x00,
    0x1E, 0x0E, 0x70, 0x2C, 0x1F, 0xE8, 0x00, 0x01, 0xFB, 0xCB, 0xDB, 0x8B, 0xFF, 0xD0, 0x00, 0x0F,
    0xE0, 0x3F, 0xD0, 0x00, 0x00, 0x00, 0x00, 0x00, 0x00, 0x00, 0x00, 0x00, 0x00, 0x00, 0x50, 0x00,
    0x00, 0x02, 0xFF, 0xF8, 0x00, 0x01, 0xFF, 0xAF, 0xC0, 0x00, 0xBD, 0x00, 0x78, 0x00, 0x1F, 0x00,
    0x07, 0x40, 0x03, 0xD0, 0x00, 0x10, 0x00, 0xB8, 0x00, 0x00, 0x00, 0x6F, 0xAA, 0xA4, 0x00, 0x0F,
    0xFF, 0xFF, 0x00, 0x00, 0x1F, 0x00, 0x00, 0x00, 0x2F, 0xFF, 0xFE, 0x00, 0x02, 0xBF, 0xAA, 0x80,
    0x00, 0x02, 0xF0, 0x00, 0x00, 0x00, 0x1F, 0x00, 0x00, 0x00, 0x00, 0xF8, 0x00, 0x00, 0x00, 0x0B,
    0xE0, 0x01, 0xD0, 0x00, 0x2F, 0xFF, 0xFC, 0x00, 0x00, 0x7F, 0xFE, 0x00, 0x00, 0x00, 0x00, 0x00,
    0x00, 0x00, 0x00, 0x00, 0x00, 0x07, 0x80, 0x00, 0x00, 0x7C, 0x00, 0x00, 0x03, 0xC0, 0x00, 0x00,
    0x3D, 0x55, 0xAA, 0xA6, 0xFF, 0xFF, 0xFF, 0xE3, 0xD0, 0x00, 0x05, 0x03, 0xD0, 0x00, 0x00, 0x03,
    0xD0, 0x00, 0x00, 0x03, 0x40, 0x00, 0x00, 0x00, 0x00, 0x00, 0x00, 0x00, 0x10, 0x00, 0x03, 0xF0,
    0x00, 0x3F, 0xF0, 0x03, 0xDD, 0xF0, 0x3C, 0x70, 0xF0, 0x81, 0xD1, 0x80, 0x07, 0x40, 0x00, 0x1D,
    0x00, 0x00, 0x74, 0x00, 0x01, 0xD0, 0x00, 0x07, 0x40, 0x00, 0x1D, 0x00, 0x00, 0x74, 0x00, 0x01,
    0xD0, 0x00, 0x07, 0x40, 0x00, 0x1D, 0x00, 0x00, 0x00, 0x00, 0x00, 0x00, 0x00, 0x00, 0x00, 0x00,
    0xB4, 0x00, 0x00, 0x00, 0xF4, 0x00, 0x00, 0x00, 0xF0, 0x6A, 0xA9, 0x55, 0xF2, 0xFF, 0xFF, 0xFF,
    0xE1, 0x40, 0x00, 0x1F, 0x00, 0x00, 0x01, 0xF0, 0x00, 0x00, 0x1F, 0x00, 0x00, 0x00, 0x70, 0x00,
    0x00, 0x00, 0x00, 0x00, 0x00, 0x20, 0x00, 0x01, 0xD0, 0x00, 0x07, 0x40, 0x00, 0x1D, 0x00, 0x00,
    0x74, 0x00, 0x01, 0xD0, 0x00, 0x07, 0x40, 0x00, 0x1D, 0x00, 0x00, 0x74, 0x00, 0x01, 0xD0, 0x00,
    0x07, 0x40, 0x0D, 0x1D, 0x2C, 0x2D, 0x71, 0xE0, 0x2E, 0xEE, 0x00, 0x2F, 0xE0, 0x00, 0x2E, 0x00,
    0x00, 0x00, 0x00, 0x00, 0x00, 0x00, 0x00, 0x0B, 0x40, 0x74, 0x00, 0x78, 0x00, 0xB4, 0x07, 0x80,
    0x00, 0xB4, 0x7D, 0x55, 0x55, 0xF7, 0xFF, 0xFF, 0xFF, 0xF3, 0xC0, 0x00, 0x0F, 0x03, 0xC0, 0x00,
    0xF0, 0x03, 0xC0, 0x0F, 0x00, 0x07, 0x00, 0x30, 0x00, 0x00, 0x00, 0x00, 0x00, 0x00, 0x20, 0x00,
    0x03, 0xF0, 0x00, 0x7F, 0xF4, 0x07, 0xDD, 0xF4, 0x3C, 0x74, 0xF0, 0x41, 0xD0, 0x40, 0x07, 0x40,
    0x00, 0x1D, 0x00, 0x00, 0x74, 0x00, 0x01, 0xD0, 0x00, 0x07, 0x40, 0x09, 0x1D, 0x18, 0x3C, 0x74,
    0xF0, 0x3D, 0xDF, 0x00, 0x3F, 0xF0, 0x00, 0x3F, 0x00, 0x00, 0x10, 0x00, 0x00, 0x20, 0x00, 0x03,
    0xF0, 0x00, 0x3F, 0xF0, 0x03, 0xDD, 0xF0, 0x3C, 0x74, 0xF0, 0x41, 0xD0, 0x40, 0x07, 0x40, 0x00,
    0x1D, 0x00, 0x00, 0x74, 0x00, 0x41, 0xD0, 0x43, 0xC7, 0x4F, 0x03, 0xDD, 0xF0, 0x03, 0xFF, 0x00,
    0x03, 0xF0, 0x01, 0x5B, 0x95, 0x2F, 0xFF, 0xFE, 0x15, 0x55, 0x50, 0x00, 0x00, 0x50, 0x00, 0x02,
    0xD0, 0x00, 0x0B, 0x40, 0x00, 0x2D, 0x00, 0x00, 0xB4, 0x00, 0x02, 0xC0, 0x00, 0x0B, 0x00, 0x3C,
    0x2C, 0x03, 0xC0, 0xB0, 0x3C, 0x02, 0xC3, 0xE5, 0x5B, 0x1F, 0xFF, 0xFC, 0x2E, 0x00, 0x00, 0x2D,
    0x00, 0x00, 0x2D, 0x00, 0x00, 0x28, 0x00, 0x00, 0x00, 0x00, 0x14, 0x00, 0x01, 0xE0, 0x00, 0x07,
    0x80, 0x00, 0x1E, 0x00, 0x00, 0x78, 0x00, 0x01, 0xE0, 0x00, 0x03, 0x80, 0x00, 0x0E, 0x0F, 0x00,
    0x38, 0x0F, 0x00, 0xE0, 0x0F, 0x03, 0x95, 0x6F, 0x0F, 0xFF, 0xFD, 0x00, 0x02, 0xE0, 0x00, 0x1E,
    0x00, 0x02, 0xE0, 0x00, 0x0A, 0x00, 0x00, 0x00, 0x00, 0x00, 0x00, 0x01, 0x00, 0x00, 0x00, 0xF0,
    0x04, 0x00, 0x3C, 0x0F, 0x00, 0x0F, 0x0F, 0x40, 0x03, 0xCF, 0x40, 0x00, 0xFB, 0xEA, 0xAA, 0xBF,
    0xFF, 0xFF, 0xFE, 0x3C, 0x00, 0x00, 0x03, 0xC0, 0x00, 0x00, 0x3C, 0x00, 0x00, 0x02, 0x00, 0x00,
    0x00, 0x60, 0x00, 0x00, 0x07, 0xC0, 0x00, 0x00, 0x3C, 0x00, 0x15, 0x03, 0xFF, 0xFF, 0xFE, 0x3E,
    0xAA, 0xAA, 0xA6, 0xD0, 0x00, 0x00, 0x03, 0xFF, 0xFF, 0xFF, 0x43, 0xFF, 0xFF, 0xFE, 0x03, 0xC0,
    0x00, 0x00, 0x03, 0xC0, 0x00, 0x00, 0x01, 0x00, 0x00, 0x00, 0x00, 0x20, 0x00, 0x03, 0xF0, 0x00,
    0x3C, 0xF0, 0x07, 0xE2, 0xF4, 0x7B, 0x8B, 0xB5, 0xCE, 0x2C, 0xD0, 0x38, 0xB0, 0x00, 0xE2, 0xC0,
    0x03, 0x8B, 0x00, 0x0E, 0x2C, 0x00, 0x38, 0xB0, 0x00, 0xE2, 0xC0, 0x03, 0x8B, 0x00, 0x0E, 0x2C,
    0x00, 0x14, 0x50, 0x00, 0x00, 0x00, 0x24, 0x00, 0x00, 0x00, 0xF0, 0x01, 0x50, 0x00, 0xF0, 0x2F,
    0xFF, 0xFF, 0xF0, 0x6A, 0xAA, 0xAA, 0xF0, 0x00, 0x00, 0x01, 0xE7, 0xFF, 0xFF, 0xFF, 0x2F, 0xFF,
    0xFF, 0xF0, 0x00, 0x00, 0x0F, 0x00, 0x00, 0x00, 0xF0, 0x00, 0x00, 0x01, 0x00, 0x00, 0x03, 0x8B,
    0x00, 0x0E, 0x2C, 0x00, 0x38, 0xB0, 0x00, 0xE2, 0xC0, 0x03, 0x8B, 0x00, 0x0E, 0x2C, 0x00, 0x38,
    0xB0, 0x00, 0xE2, 0xC0, 0x03, 0x8B, 0x02, 0xCE, 0x2C, 0xE3, 0xF8, 0xBF, 0x03, 0xE2, 0xF0, 0x03,
    0xDF, 0x00, 0x03, 0xF0, 0x00, 0x01, 0x00, 0x00, 0x00, 0x90, 0x18, 0x00, 0x0B, 0x80, 0xB8, 0x00,
    0xB4, 0x00, 0xB8, 0x0B, 0xFF, 0xFF, 0xF8, 0x7A, 0xAA, 0xAA, 0xB7, 0xC0, 0x00, 0x00, 0xF3, 0xFF,
    0xFF, 0xFF, 0x07, 0xFF, 0xFF, 0xF4, 0x07, 0x80, 0x0B, 0x40, 0x07, 0x80, 0xB4, 0x00, 0x04, 0x00,
    0x40, 0x00, 0x14, 0x00, 0x00, 0x05, 0x1F, 0x80, 0x00, 0x03, 0xD3, 0xF0, 0x00, 0x02, 0xF0, 0xBD,
    0x00, 0x00, 0xF4, 0x0F, 0x80, 0x00, 0x7C, 0x02, 0xF0, 0x00, 0x2E, 0x00, 0x7F, 0xFF, 0xFF, 0x00,
    0x0F, 0xFF, 0xFF, 0xC0, 0x02, 0xF0, 0x03, 0xD0, 0x00, 0x3E, 0x00, 0xF0, 0x00, 0x0F, 0xC0, 0xB8,
    0x00, 0x01, 0xF0, 0x3C, 0x00, 0x00, 0x3E, 0x1E, 0x00, 0x00, 0x0B, 0xCB, 0x40, 0x00, 0x00, 0xF7,
    0xC0, 0x00, 0x00, 0x3F, 0xD0, 0x00, 0x00, 0x07, 0xF0, 0x00, 0x00, 0x00, 0xF4, 0x00, 0x00, 0x00,
    0x00, 0x00, 0x00, 0x00, 0x01, 0x00, 0x00, 0x2F, 0xFD, 0x00, 0x2E, 0x5F, 0xD0, 0x04, 0x00, 0xFC,
    0x00, 0x00, 0x1F, 0x00, 0x00, 0x03, 0xD0, 0x00, 0x00, 0xF8, 0x00, 0x6E, 0x7E, 0x00, 0xBF, 0xFF,
    0x80, 0xF8, 0x07, 0xE0, 0xB8, 0x00, 0xF8, 0x3C, 0x00, 0x3D, 0x2E, 0x00, 0x0F, 0x0F, 0x40, 0x07,
    0xC3, 0xD0, 0x02, 0xE0, 0xF4, 0x00, 0xF0, 0x3D, 0x00, 0xB8, 0x0F, 0xC0, 0x7C, 0x01, 0xFE, 0xFC,
    0x00, 0x1F, 0xF8, 0x00, 0x00, 0x00, 0x00, 0x00, 0x15, 0x55, 0x53, 0xFF, 0xFF, 0xFB, 0xAA, 0xAF,
    0xC0, 0x00, 0x2F, 0x00, 0x00, 0xBC, 0x00, 0x02, 0xF0, 0x00, 0x0B, 0xC0, 0x00, 0x2F, 0x7A, 0xAA,
    0xFD, 0xFF, 0xFF, 0xF0, 0x00, 0x0B, 0xC0, 0x00, 0x2F, 0x00, 0x00, 0xBC, 0x00, 0x02, 0xF0, 0x00,
    0x0B, 0xC0, 0x00, 0x2F, 0xFF, 0xFF, 0xFF, 0xFF, 0xFF, 0xE0, 0x00, 0x00, 0x00, 0x00, 0x00, 0x00,
    0x06, 0xA4, 0x01, 0xC0, 0x02, 0xFF, 0xFF, 0x4F, 0x00, 0x3F, 0xE5, 0xBF, 0xF0, 0x03, 0xF4, 0x00,
    0x2F, 0x80, 0x2F, 0x00, 0x00, 0xFF, 0x00, 0xF4, 0x00, 0x0F, 0x7D, 0x0B, 0xC0, 0x00, 0xF4, 0xB8,
    0x3E, 0x00, 0x0F, 0x41, 0xF0, 0xF4, 0x00, 0xF4, 0x07, 0xC3, 0xD0, 0x0F, 0x80, 0x1F, 0x0F, 0x40,
    0xB8, 0x00, 0x7C, 0x3E, 0x0B, 0x80, 0x02, 0xF0, 0xBC, 0xB8, 0x00, 0x0F, 0x81, 0xFB, 0x80, 0x00,
    0x7C, 0x03, 0xFC, 0x00, 0x07, 0xE0, 0x0B, 0xF0, 0x00, 0x7F, 0x00, 0x7F, 0xFE, 0xBF, 0xE0, 0x07,
    0xC2, 0xFF, 0xFD, 0x00, 0x08, 0x00, 0x15, 0x00, 0x00, 0x00, 0x00, 0x50, 0x00, 0x00, 0x03, 0xF0,
    0x00, 0x00, 0x07, 0xF4, 0x00, 0x00, 0x0B, 0xFC, 0x00, 0x00, 0x0F, 0x7C, 0x00, 0x00, 0x2D, 0x3D,
    0x00, 0x00, 0x3C, 0x2F, 0x00, 0x00, 0x78, 0x1F, 0x00, 0x00, 0xB4, 0x0F, 0x80, 0x00, 0xF0, 0x0B,
    0xC0, 0x02, 0xE0, 0x07, 0xD0, 0x03, 0xC0, 0x03, 0xE0, 0x07, 0xC0, 0x02, 0xF0, 0x0F, 0x40, 0x01,
    0xF4, 0x0F, 0x00, 0x00, 0xF8, 0x2E, 0x00, 0x00, 0xBC, 0x3F, 0xFF, 0xFF, 0xFD, 0x3F, 0xFF, 0xFF,
    0xFE, 0x05, 0x55, 0x55, 0x54, 0x0F, 0xFF, 0xFF, 0xFF, 0xC3, 0xFA, 0x55, 0x6B, 0xF0, 0xBD, 0x00,
    0x00, 0xF4, 0x0F, 0x80, 0x00, 0x7C, 0x03, 0xF0, 0x00, 0x2E, 0x00, 0x7D, 0x00, 0x0F, 0x00, 0x0F,
    0xC0, 0x07, 0xC0, 0x02, 0xF0, 0x03, 0xD0, 0x00, 0x3E, 0x00, 0xF0, 0x00, 0x0F, 0xC0, 0xB8, 0x00,
    0x01, 0xF4, 0x3C, 0x00, 0x00, 0x3E, 0x1E, 0x00, 0x00, 0x0B, 0xCB, 0x40, 0x00, 0x00, 0xF7, 0xC0,
    0x00, 0x00, 0x3F, 0xD0, 0x00, 0x00, 0x07, 0xF0, 0x00, 0x00, 0x00, 0xF4, 0x00, 0x00, 0x00, 0x00,
    0x00, 0x00, 0x00, 0x00, 0x15, 0x55, 0x00, 0x07, 0xFF, 0xFF, 0xD0, 0x1F, 0xFA, 0xAA, 0xA0, 0x1F,
    0xC0, 0x00, 0x00, 0x0F, 0x80, 0x00, 0x00, 0x0B, 0xC0, 0x00, 0x00, 0x03, 0xE0, 0x00, 0x00, 0x00,
    0xF0, 0x00, 0x00, 0x00, 0x3E, 0xAA, 0xAA, 0xAA, 0x1F, 0xFF, 0xFF, 0xFF, 0xC3, 0xD0, 0x55, 0x55,
    0x50, 0xF4, 0x00, 0x00, 0x00, 0x3E, 0x00, 0x00, 0x00, 0x07, 0xC0, 0x00, 0x00, 0x00, 0xFC, 0x00,
    0x00, 0x00, 0x0F, 0xE0, 0x00, 0x00, 0x00, 0xBF, 0xFF, 0xFF, 0x40, 0x02, 0xFF, 0xFF, 0xD0, 0x00,
    0x00, 0x00, 0xF0, 0x00, 0x00, 0x05, 0x7D, 0x40, 0x01, 0xFF, 0xFF, 0xF4, 0x07, 0xFE, 0xAF, 0xA8,
    0x07, 0xF0, 0x03, 0xC0, 0x03, 0xE0, 0x01, 0xE0, 0x02, 0xF0, 0x00, 0xF4, 0x00, 0xF8, 0x00, 0x3C,
    0x00, 0x3C, 0x00, 0x1E, 0x00, 0x0F, 0xAA, 0xAF, 0xEA, 0x87, 0xFF, 0xFF, 0xFF, 0xF0, 0xF4, 0x16,
    0xE5, 0x54, 0x3D, 0x00, 0xB4, 0x00, 0x0F, 0x80, 0x3C, 0x00, 0x01, 0xF0, 0x1E, 0x00, 0x00, 0x3F,
    0x0B, 0x40, 0x00, 0x03, 0xFB, 0xC0, 0x00, 0x00, 0x2F, 0xFF, 0xFF, 0xD0, 0x00, 0xFF, 0xFF, 0xF4,
    0x00, 0x3C, 0x00, 0x00, 0x00, 0x1E, 0x00, 0x00, 0x00, 0x00, 0x00, 0x00, 0x00, 0x00, 0x05, 0x55,
    0x55, 0x00, 0x2F, 0xFF, 0xFF, 0xD0, 0x7F, 0xEA, 0xAA, 0xA0, 0x7E, 0x00, 0x00, 0x00, 0x3F, 0x00,
    0x00, 0x00, 0x0F, 0x40, 0x00, 0x00, 0x03, 0xEA, 0xAA, 0xAF, 0xD1, 0xFF, 0xFF, 0xFF, 0xF8, 0x3D,
    0x00, 0x00, 0x00, 0x0F, 0x80, 0x00, 0x00, 0x02, 0xF4, 0x00, 0x00, 0x00, 0x3F, 0x90, 0x00, 0x00,
    0x02, 0xFF, 0xFF, 0xFF, 0x40, 0x0B, 0xFF, 0xFF, 0xD0, 0x15, 0x55, 0x00, 0x00, 0x1F, 0xFF, 0xFF,
    0x40, 0x02, 0xAA, 0xAB, 0xFD, 0x00, 0x00, 0x00, 0x0F, 0xD0, 0x00, 0x00, 0x00, 0xBC, 0x00, 0x00,
    0x00, 0x0F, 0x80, 0x00, 0x00, 0x02, 0xF0, 0x00, 0x00, 0x00, 0x3C, 0x2A, 0xAA, 0xAA, 0xAF, 0x0F,
    0xFF, 0xFF, 0xFF, 0xD1, 0x55, 0x55, 0x41, 0xF0, 0x00, 0x00, 0x00, 0x7C, 0x00, 0x00, 0x00, 0x2F,
    0x00, 0x00, 0x00, 0x0F, 0x40, 0x00, 0x00, 0x0F, 0xC0, 0x00, 0x00, 0x2F, 0xC0, 0x7F, 0xFF, 0xFF,
    0x80, 0x1F, 0xFF, 0xFE, 0x00, 0x00, 0x03, 0xC0, 0x00, 0x00, 0x05, 0xF5, 0x40, 0x00, 0x07, 0xFF,
    0xFF, 0xD0, 0x00, 0xAB, 0xEA, 0xFF, 0x40, 0x00, 0xF0, 0x03, 0xF4, 0x00, 0x2D, 0x00, 0x2F, 0x00,
    0x07, 0xC0, 0x03, 0xE0, 0x00, 0xF0, 0x00, 0xBC, 0x00, 0x2D, 0x00, 0x0F, 0x0A, 0xAF, 0xEA, 0xAB,
    0xC3, 0xFF, 0xFF, 0xFF, 0xF4, 0x55, 0x6E, 0x50, 0x7C, 0x00, 0x07, 0x80, 0x1F, 0x00, 0x00, 0xF0,
    0x0B, 0xC0, 0x00, 0x2D, 0x03, 0xD0, 0x00, 0x07, 0x83, 0xF0, 0x00, 0x00, 0xFB, 0xF0, 0x1F, 0xFF,
    0xFF, 0xE0, 0x07, 0xFF, 0xFF, 0xC0, 0x00, 0x00, 0x00, 0xF0, 0x00, 0x00, 0x00, 0x2D, 0x00, 0x00,
    0x00, 0x00, 0x00, 0x00, 0x15, 0x55, 0x54, 0x00, 0x1F, 0xFF, 0xFF, 0xE0, 0x02, 0xAA, 0xAA, 0xFF,
    0x40, 0x00, 0x00, 0x02, 0xF0, 0x00, 0x00, 0x00, 0x3F, 0x00, 0x00, 0x00, 0x07, 0xC1, 0xFE, 0xAA,
    0xAA, 0xF0, 0xBF, 0xFF, 0xFF, 0xFD, 0x00, 0x00, 0x00, 0x1F, 0x00, 0x00, 0x00, 0x0B, 0xC0, 0x00,
    0x00, 0x07, 0xE0, 0x00, 0x00, 0x1B, 0xF0, 0x7F, 0xFF, 0xFF, 0xE0, 0x1F, 0xFF, 0xFF, 0x80, 0x00,
    0x55, 0x55, 0x55, 0x55, 0x53, 0xFF, 0xFF, 0xFF, 0xFF, 0xC1, 0xFE, 0xAA, 0xAB, 0xF4, 0x02, 0xF0,
    0x00, 0x0B, 0xC0, 0x0B, 0xC0, 0x00, 0x2F, 0x00, 0x2F, 0x00, 0x00, 0xBC, 0x00, 0xBC, 0x00, 0x02,
    0xF0, 0x02, 0xF0, 0x00, 0x0B, 0xC0, 0x0B, 0xC0, 0x00, 0x2F, 0x00, 0x2F, 0x00, 0x00, 0xBC, 0x00,
    0xBC, 0x00, 0x02, 0xF0, 0x02, 0xF0, 0x00, 0x0B, 0xC0, 0x0B, 0xC0, 0x00, 0x2F, 0x00, 0x2F, 0x00,
    0x00, 0xBC, 0x00, 0xBC, 0x00, 0x02, 0xF0, 0x02, 0xF0, 0x00, 0x0B, 0xC0, 0x0B, 0xC0, 0x00, 0x2F,
    0x00, 0x2F, 0x00, 0x00, 0xBC, 0x00, 0xBC, 0x00, 0x02, 0xF0, 0x02, 0xF0, 0x00, 0x0B, 0xC0, 0x6F,
    0xF8, 0x01, 0xBF, 0xE3, 0xFF, 0xF0, 0x0F, 0xFF, 0xC0, 0x05, 0x55, 0x55, 0x50, 0xBF, 0xFF, 0xFF,
    0xD2, 0xFE, 0xAA, 0xAF, 0x43, 0xF4, 0x00, 0x2E, 0x07, 0xF0, 0x00, 0x38, 0x0B, 0xE0, 0x00, 0x80,
    0x0B, 0xD0, 0x00, 0x00, 0x0F, 0xC0, 0x00, 0x00, 0x1F, 0xC0, 0x00, 0x00, 0x2F, 0x80, 0x00, 0x00,
    0x3F, 0x00, 0x00, 0x00, 0xF8, 0x00, 0x00, 0x0B, 0xC0, 0x00, 0x00, 0x7C, 0x00, 0x00, 0x03, 0xD0,
    0x00, 0x00, 0x3E, 0x00, 0x00, 0x02, 0xF0, 0x00, 0x14, 0x1F, 0x00, 0x00, 0xF0, 0xF4, 0x00, 0x07,
    0xCF, 0xD5, 0x55, 0xBE, 0x7F, 0xFF, 0xFF, 0xF4, 0xFF, 0xFF, 0xFF, 0xC0, 0x00, 0x00, 0x00, 0x00,
    0x15, 0x55, 0x55, 0xFF, 0xFF, 0xF1, 0x55, 0x55, 0x40, 0x00, 0x00, 0x01, 0xE0, 0x00, 0x00, 0x3C,
    0x00, 0x00, 0x0B, 0x40, 0x00, 0x00, 0xF0, 0x00, 0x00, 0x3D, 0x00, 0x00, 0x07, 0x80, 0x00, 0x00,
    0xF0, 0x00, 0x00, 0x2D, 0x00, 0x00, 0x03, 0xC0, 0x00, 0x00, 0xF4, 0x00, 0x00, 0x1E, 0x00, 0x00,
    0x03, 0xC0, 0x00, 0x00, 0xB8, 0x00, 0x00, 0x0F, 0x00, 0x00, 0x02, 0xD0, 0x00, 0x00, 0x78, 0x00,
    0x00, 0x0F, 0x00, 0x00, 0x02, 0xE0, 0x00, 0x00, 0x3C, 0x00, 0x00, 0x00, 0x00, 0x00, 0x00, 0x3C,
    0x00, 0x02, 0xC0, 0x00, 0x1E, 0x00, 0x00, 0xF0, 0x00, 0x0B, 0x40, 0x00, 0x38, 0x00, 0x03, 0xC0,
    0x00, 0x1D, 0x00, 0x00, 0xF0, 0x00, 0x0B, 0x00, 0x00, 0x78, 0x00, 0x03, 0xC0, 0x00, 0x2D, 0x00,
    0x00, 0xE0, 0x00, 0x0F, 0x00, 0x00, 0xB4, 0x00, 0x03, 0xC0, 0x00, 0x3C, 0x00, 0x01, 0xE0, 0x00,
    0x00, 0x00, 0x00, 0x00, 0x00, 0x38, 0x00, 0x00, 0x38, 0x00, 0x24, 0x38, 0x24, 0x7E, 0x39, 0xFC,
    0x0B, 0xFF, 0xD0, 0x00, 0xFE, 0x00, 0x07, 0xFF, 0xD0, 0x3F, 0x39, 0xF8, 0x34, 0x38, 0x28, 0x00,
    0x38, 0x00, 0x00, 0x38, 0x00, 0x00, 0x00, 0x00, 0x00, 0x40, 0x02, 0xFF, 0x42, 0xE5, 0xF4, 0xF0,
    0x1E, 0x78, 0x03, 0xCE, 0x00, 0xE3, 0xD0, 0xB4, 0x7F, 0xF8, 0x01, 0xA0, 0x00, 0x14, 0xFD, 0xFD,
    0x78, 0x00, 0x00, 0x00, 0x00, 0x00, 0x00, 0x00, 0x3C, 0x00, 0x00, 0x00, 0x7C, 0x00, 0x00, 0x00,
    0xB8, 0x00, 0x00, 0x00, 0xF4, 0x00, 0x00, 0x01, 0xF0, 0x00, 0x00, 0x02, 0xE0, 0x00, 0x00, 0x03,
    0xD0, 0x00, 0x00, 0x03, 0xC0, 0x00, 0x00, 0x07, 0x80, 0xAA, 0x80, 0x0B, 0x40, 0xFF, 0xC0, 0x0F,
    0x00, 0x57, 0xD0, 0x1F, 0x00, 0x03, 0xE0, 0x2D, 0x00, 0x01, 0xF0, 0x3C, 0x00, 0x00, 0xF4, 0x3C,
    0x00, 0x00, 0xF8, 0xB8, 0x00, 0x00, 0xBC, 0xF0, 0x00, 0x00, 0x3C, 0xF0, 0x00, 0x00, 0x3F, 0xE0,
    0x00, 0x00, 0x2F, 0xD0, 0x00, 0x00, 0x1F, 0xC0, 0x00, 0x00, 0x0F, 0x80, 0x00, 0x00, 0x0B, 0x40,
    0x00, 0x00, 0x00, 0x00, 0x01, 0xFD, 0x02, 0xD1, 0xFF, 0xE2, 0xE0, 0xF0, 0x2E, 0xD0, 0x38, 0x03,
    0xE0, 0x0E, 0x00, 0xB8, 0x03, 0xC0, 0x7B, 0x40, 0xBE, 0xF8, 0xF8, 0x0B, 0xF4, 0x0B, 0x40, 0x00,
    0x00, 0x00, 0x0B, 0xE0, 0x0B, 0xE0, 0x2F, 0xFC, 0x3F, 0xF8, 0x38, 0x0F, 0xF0, 0x3C, 0x74, 0x07,
    0xC0, 0x2C, 0x74, 0x07, 0xC0, 0x2C, 0x78, 0x0E, 0xF0, 0x3C, 0x3E, 0xBC, 0x7E, 0xF4, 0x0F, 0xE0,
    0x1F, 0xE0, 0x00, 0x00, 0x00, 0x00, 0x14, 0x00, 0x00, 0x00, 0x3C, 0x00, 0x00, 0x00, 0x3C, 0x00,
    0x00, 0x00, 0x3C, 0x00, 0x00, 0x00, 0x3C, 0x00, 0x00, 0x00, 0x3C, 0x00, 0x00, 0x00, 0x3C, 0x00,
    0x00, 0x00, 0x3C, 0x00, 0x00, 0x00, 0x3C, 0x00, 0x00, 0x00, 0x3C, 0x00, 0x00, 0x00, 0x3C, 0x00,
    0x00, 0x00, 0x3C, 0x00, 0x00, 0x00, 0x3C, 0x00, 0x00, 0x00, 0x3C, 0x00, 0x00, 0x00, 0x3C, 0x00,
    0x00, 0x00, 0x3D, 0x55, 0x55, 0x54, 0x3F, 0xFF, 0xFF, 0xFF, 0x3F, 0xFF, 0xFF, 0xFF, 0x00, 0x00,
    0x00, 0x00, 0x00, 0x00, 0x00, 0x03, 0x80, 0x00, 0x00, 0x00, 0xBC, 0x00, 0x00, 0x00, 0x1F, 0x40,
    0x00, 0x00, 0x07, 0xE0, 0x00, 0x00, 0x00, 0xFC, 0x00, 0x00, 0x00, 0x3F, 0x00, 0x00, 0x00, 0x0B,
    0xD0, 0x00, 0x00, 0x01, 0xF8, 0x00, 0x00, 0x00, 0x3F, 0x00, 0x00, 0x00, 0x0F, 0xC0, 0x00, 0x00,
    0x02, 0xF0, 0x00, 0x00, 0x00, 0x7D, 0x00, 0x00, 0x00, 0x0F, 0x80, 0x00, 0x00, 0x03, 0xF0, 0x00,
    0x00, 0x00, 0xBD, 0x55, 0x55, 0x54, 0x2F, 0xFF, 0xFF, 0xFF, 0xC7, 0xFF, 0xFF, 0xFF, 0xFC, 0x53,
    0xDF, 0x7D, 0xF7, 0xDF, 0x7D, 0xF7, 0xDF, 0x7D, 0xF7, 0xDF, 0x7D, 0xF7, 0xDF, 0x7D, 0xF7, 0xDF,
    0x7D, 0xF6, 0x80, 0x14, 0x04, 0x3C, 0x2E, 0x3C, 0x2E, 0x3C, 0x2E, 0x3C, 0x2E, 0x3C, 0x2E, 0x3C,
    0x2E, 0x3C, 0x2E, 0x3C, 0x2E, 0x3C, 0x2E, 0x3C, 0x2E, 0x3C, 0x2E, 0x3C, 0x2E, 0x3C, 0x2E, 0x3C,
    0x2E, 0x3C, 0x2E, 0x3C, 0x2E, 0x3C, 0x2E, 0x3C, 0x2E, 0x3C, 0x2E, 0x3C, 0x2E, 0x3C, 0x2E, 0x3C,
    0x2E, 0x3C, 0x2E, 0x3C, 0x2E, 0x28, 0x19, 0x00, 0x00, 0x50, 0x00, 0x00, 0x00, 0xFC, 0x00, 0x00,
    0x00, 0x3F, 0x40, 0x00, 0x00, 0x2F, 0xF0, 0x00, 0x00, 0x0F, 0x3C, 0x00, 0x00, 0x07, 0xCB, 0x80,
    0x00, 0x02, 0xD1, 0xF0, 0x00, 0x00, 0xF0, 0x3D, 0x00, 0x00, 0x78, 0x0B, 0x80, 0x00, 0x3D, 0x00,
    0xF0, 0x00, 0x0F, 0x00, 0x3D, 0x00, 0x0B, 0x80, 0x07, 0xC0, 0x03, 0xC0, 0x00, 0xF0, 0x01, 0xF0,
    0x00, 0x2E, 0x00, 0xF8, 0x00, 0x07, 0xC0, 0x3C, 0x00, 0x00, 0xF4, 0x2F, 0x00, 0x00, 0x2F, 0x0F,
    0x40, 0x00, 0x03, 0xC0, 0x14, 0x00, 0x00, 0x05, 0x0F, 0x80, 0x00, 0x07, 0xC1, 0xF0, 0x00, 0x02,
    0xE0, 0x3D, 0x00, 0x00, 0xF4, 0x0B, 0x80, 0x00, 0x7C, 0x01, 0xF0, 0x00, 0x3D, 0x00, 0x3D, 0x00,
    0x0F, 0x00, 0x07, 0x80, 0x0B, 0x80, 0x00, 0xF0, 0x03, 0xD0, 0x00, 0x2D, 0x01, 0xF0, 0x00, 0x07,
    0xC0, 0xB8, 0x00, 0x00, 0xF0, 0x3C, 0x00, 0x00, 0x2E, 0x1F, 0x00, 0x00, 0x03, 0xCF, 0x40, 0x00,
    0x00, 0xF7, 0xC0, 0x00, 0x00, 0x1F, 0xE0, 0x00, 0x00, 0x03, 0xF4, 0x00, 0x00, 0x00, 0xBC, 0x00,
    0x00, 0x00, 0x6A, 0xA4, 0x00, 0x0F, 0xFF, 0xFC, 0x00, 0xFE, 0x56, 0xFC, 0x0B, 0xC0, 0x00, 0xF8,
    0x3D, 0x00, 0x01, 0xF1, 0xF0, 0x00, 0x03, 0xD7, 0xC0, 0x00, 0x0F, 0x5F, 0x00, 0x00, 0x3D, 0x7C,
    0x00, 0x00, 0xF5, 0xF0, 0x00, 0x03, 0xD7, 0xC0, 0x00, 0x0F, 0x5F, 0x00, 0x00, 0x3D, 0x7C, 0x00,
    0x00, 0xF5, 0xF0, 0x00, 0x03, 0xD7, 0xC0, 0x00, 0x0F, 0x5F, 0x00, 0x00, 0x3D, 0x7C, 0x00, 0x00,
    0xF5, 0xF0, 0x00, 0x03, 0xD0, 0x14, 0x00, 0x00, 0x51, 0xF0, 0x00, 0x03, 0xD7, 0xC0, 0x00, 0x0F,
    0x5F, 0x00, 0x00, 0x3D, 0x7C, 0x00, 0x00, 0xF5, 0xF0, 0x00, 0x03, 0xD7, 0xC0, 0x00, 0x0F, 0x5F,
    0x00, 0x00, 0x3D, 0x7C, 0x00, 0x00, 0xF5, 0xF0, 0x00, 0x03, 0xD7, 0xC0, 0x00, 0x0F, 0x5F, 0x00,
    0x00, 0x3D, 0x7C, 0x00, 0x00, 0xF4, 0xF0, 0x00, 0x03, 0xC3, 0xE0, 0x00, 0x2F, 0x0B, 0xD0, 0x01,
    0xF8, 0x0B, 0xFA, 0xBF, 0x80, 0x07, 0xFF, 0xF4, 0x00, 0x00, 0x54, 0x00, 0x00, 0x00, 0x00, 0x14,
    0x00, 0x00, 0x2F, 0xF8, 0x00, 0x07, 0xDB, 0xC0, 0x00, 0xF4, 0x24, 0x00, 0x1F, 0x00, 0x00, 0x01,
    0xF0, 0x00, 0x00, 0x1F, 0x00, 0x00, 0x01, 0xF0, 0x00, 0x00, 0x1F, 0x00, 0x00, 0x01, 0xF0, 0x00,
    0x00, 0x1F, 0x00, 0x00, 0x01, 0xF0, 0x00, 0x00, 0x1F, 0x00, 0x00, 0x01, 0xF0, 0x00, 0x00, 0x1F,
    0x00, 0x00, 0x01, 0xF0, 0x00, 0x00, 0x1F, 0x00, 0x00, 0x01, 0xF0, 0x00, 0x00, 0x1F, 0x00, 0x00,
    0x01, 0xF0, 0x00, 0x00, 0x1F, 0x00, 0x00, 0x02, 0xF0, 0x00, 0x10, 0x2E, 0x00, 0x07, 0xC7, 0xC0,
    0x00, 0x7F, 0xF4, 0x00, 0x01, 0xA9, 0x00, 0x00, 0x00, 0x00, 0x00, 0x00, 0x00, 0x0F, 0xC0, 0x00,
    0x00, 0x0F, 0xD0, 0x00, 0x00, 0x0F, 0xC0, 0x00, 0x00, 0x00, 0x00, 0x00, 0x00, 0x00, 0x00, 0x00,
    0x00, 0x00, 0x00, 0x00, 0x00, 0x00, 0x00, 0x00, 0x00, 0x00, 0x00, 0x00, 0x00, 0x00, 0x00, 0x00,
    0x00, 0x00, 0x00, 0x00, 0x7C, 0x00, 0x00, 0xF8, 0xFE, 0x00, 0x01, 0xFC, 0xFD, 0x00, 0x01, 0xFC,
    0x10, 0x00, 0x00, 0x10, 0x00, 0x00, 0x00, 0x00, 0xBD, 0x00, 0x00, 0xFC, 0xFE, 0x00, 0x01, 0xFC,
    0xBC, 0x00, 0x00, 0xF8, 0x00, 0x00, 0x00, 0x00, 0x00, 0x00, 0x00, 0x00, 0x00, 0x00, 0x00, 0x00,
    0x00, 0x00, 0x00, 0x00, 0x00, 0x00, 0x00, 0x00, 0x00, 0x00, 0x00, 0x00, 0x00, 0x00, 0x00, 0x00,
    0x00, 0x0B, 0xC0, 0x00, 0x00, 0x0F, 0xD0, 0x00, 0x00, 0x0F, 0xC0, 0x00, 0x00, 0x01, 0x00, 0x00,
    0x07, 0x83, 0xF1, 0xF8, 0x14, 0x00, 0x00, 0x00, 0x00, 0x00, 0x00, 0x05, 0x0B, 0xD3, 0xF4, 0xB8,
    0x00, 0x00, 0x00, 0x00, 0x00, 0xBD, 0x00, 0x00, 0xFC, 0xFE, 0x00, 0x01, 0xFC, 0xBC, 0x00, 0x00,
    0xF8, 0x00, 0x00, 0x00, 0x00, 0x00, 0x00, 0x00, 0x00, 0x00, 0x00, 0x00, 0x00, 0x00, 0x00, 0x00,
    0x00, 0x00, 0x00, 0x00, 0x00, 0x00, 0x00, 0x00, 0x00, 0x00, 0x00, 0x00, 0x00, 0x7C, 0x00, 0x00,
    0xF8, 0xFE, 0x00, 0x01, 0xFC, 0xFD, 0x00, 0x01, 0xFC, 0x10, 0x00, 0x00, 0x10, 0x00, 0x00, 0x00,
    0x00, 0x1F, 0xE0, 0x01, 0x81, 0xFB, 0xFD, 0x6F, 0x0E, 0x01, 0xBF, 0xF0, 0x10, 0x00, 0x15, 0x00,
    0x00, 0x50, 0x00, 0x00, 0x3F, 0xF8, 0x02, 0xC3, 0xE5, 0xFF, 0xBD, 0x0D, 0x00, 0x6F, 0xD0, 0x00,
    0x00, 0x00, 0x00, 0x00, 0x00, 0x00, 0x01, 0x55, 0x55, 0x55, 0x0F, 0xFF, 0xFF, 0xFC, 0x15, 0x55,
    0x55, 0x50, 0x00, 0x00, 0x00, 0x00, 0x00, 0x00, 0x00, 0x0F, 0xFF, 0xFF, 0xFC, 0x3F, 0xFF, 0xFF,
    0xF0, 0x0A, 0x40, 0x04, 0x3F, 0xF4, 0x2D, 0xB9, 0xBF, 0xFC, 0xB0, 0x1F, 0xF4, 0x00, 0x00, 0x40,
    0x2F, 0xE0, 0x1D, 0x7F, 0xFE, 0x7C, 0xF0, 0x2F, 0xF8, 0x10, 0x02, 0x90, 0x24, 0x00, 0x00, 0x60,
    0xFF, 0xFF, 0xFF, 0xC0, 0x6B, 0xFF, 0xA4, 0x00, 0x00, 0x00, 0x00, 0x00, 0x00, 0x00, 0x00, 0x1A,
    0xFF, 0xE9, 0x03, 0xFF, 0xFF, 0xFF, 0x09, 0x00, 0x00, 0x18, 0x00, 0x00, 0x40, 0x00, 0x07, 0x42,
    0xAA, 0xBE, 0x9F, 0xFF, 0xFF, 0x00, 0x2D, 0x00, 0x00, 0xE0, 0x00, 0x0B, 0x00, 0x1F, 0xFF, 0xFF,
    0x2B, 0xEA, 0xA8, 0x2C, 0x00, 0x00, 0x50, 0x00, 0x00, 0x2A, 0xAA, 0xAA, 0xA0, 0xFF, 0xFF, 0xFF,
    0xC0, 0x00, 0x00, 0x00, 0x00, 0x00, 0x00, 0x00, 0x15, 0x55, 0x55, 0x50, 0xFF, 0xFF, 0xFF, 0xC1,
    0x55, 0x55, 0x55, 0x00, 0x00, 0x00, 0x00, 0x00, 0x00, 0x00, 0x00, 0xFF, 0xFF, 0xFF, 0xC3, 0xFF,
    0xFF, 0xFF, 0x00, 0x00, 0x00, 0x20, 0x00, 0x02, 0xF8, 0x00, 0x2F, 0xE0, 0x02, 0xFE, 0x00, 0x2F,
    0xD0, 0x00, 0x7E, 0x00, 0x00, 0x2F, 0xD0, 0x00, 0x02, 0xFD, 0x00, 0x00, 0x7F, 0xD0, 0x00, 0x07,
    0xF8, 0x00, 0x00, 0x78, 0x00, 0x00, 0x00, 0x00, 0x00, 0x00, 0x7F, 0xFF, 0xF8, 0x7F, 0xFF, 0xFC,
    0x20, 0x00, 0x00, 0x3E, 0x00, 0x00, 0x2F, 0xE0, 0x00, 0x02, 0xFE, 0x00, 0x00, 0x2F, 0xD0, 0x00,
    0x02, 0xFC, 0x00, 0x02, 0xFC, 0x00, 0x2F, 0xD0, 0x06, 0xFD, 0x00, 0x3F, 0xD0, 0x00, 0x3D, 0x00,
    0x00, 0x00, 0x00, 0x00, 0x00, 0x00, 0x00, 0x7F, 0xFF, 0xF8, 0x7F, 0xFF, 0xFC, 0x00, 0x00, 0x00,
    0x00, 0x00, 0x00, 0x00, 0x09, 0x00, 0x02, 0x80, 0x00, 0x2F, 0xC0, 0x0B, 0xF0, 0x00, 0xBF, 0x40,
    0x2F, 0xD0, 0x02, 0xFD, 0x00, 0xBF, 0x40, 0x0B, 0xF4, 0x02, 0xFD, 0x00, 0x07, 0xF0, 0x00, 0xFC,
    0x00, 0x00, 0x7F, 0x80, 0x1F, 0xE0, 0x00, 0x01, 0xFE, 0x00, 0x7F, 0x80, 0x00, 0x07, 0xF8, 0x01,
    0xFE, 0x00, 0x00, 0x2F, 0xC0, 0x07, 0xF0, 0x00, 0x00, 0xA0, 0x00, 0x28, 0x00, 0x00, 0x00, 0x00,
    0x00, 0x00, 0x00, 0x00, 0x00, 0x00, 0x00, 0x0A, 0x00, 0x01, 0x80, 0x00, 0x03, 0xF8, 0x00, 0xFE,
    0x00, 0x00, 0x1F, 0xE0, 0x07, 0xF8, 0x00, 0x00, 0x7F, 0x80, 0x1F, 0xE0, 0x00, 0x01, 0xFE, 0x00,
    0x7F, 0x80, 0x00, 0x0F, 0xC0, 0x03, 0xF4, 0x00, 0x2F, 0xD0, 0x0B, 0xF4, 0x00, 0xBF, 0x40, 0x2F,
    0xD0, 0x02, 0xFD, 0x00, 0xBF, 0x40, 0x03, 0xF4, 0x00, 0xFE, 0x00, 0x00, 0xA0, 0x00, 0x28, 0x00,
    0x00, 0x00, 0x00, 0x00, 0x00, 0x00, 0x00, 0x15, 0x55, 0x50, 0x00, 0x1F, 0xFF, 0xFF, 0xE0, 0x02,
    0xAA, 0xAA, 0xFF, 0x40, 0x00, 0x00, 0x03, 0xF0, 0x00, 0x00, 0x00, 0x3E, 0x00, 0x00, 0x00, 0x07,
    0xC0, 0x00, 0x00, 0x00, 0xF0, 0x00, 0x00, 0x00, 0x3D, 0x00, 0x00, 0x00, 0x0F, 0x00, 0x00, 0x00,
    0x0B, 0xC0, 0x00, 0x00, 0x03, 0xE0, 0x00, 0x00, 0x07, 0xF0, 0x7F, 0xFF, 0xFF, 0xF0, 0x1F, 0xFF,
    0xFF, 0x90, 0x00, 0x00, 0x00, 0x00, 0x00, 0x00, 0x00, 0x00, 0x00, 0x00, 0x00, 0x00, 0x7C, 0x00,
    0x00, 0x00, 0x2D, 0x00, 0x00, 0x00, 0x0F, 0x00, 0x00, 0x01, 0x57, 0xD5, 0x00, 0x2F, 0xFF, 0xFF,
    0xD0, 0x7F, 0xEA, 0xFA, 0xA0, 0x3F, 0x00, 0x3C, 0x00, 0x2F, 0x00, 0x2E, 0x00, 0x0F, 0x40, 0x0F,
    0x00, 0x03, 0xC0, 0x03, 0xC0, 0x01, 0xF0, 0x01, 0xE0, 0x00, 0x3C, 0x00, 0xF4, 0x00, 0x0F, 0x80,
    0x3C, 0x00, 0x02, 0xF0, 0x1E, 0x00, 0x00, 0x3F, 0x4F, 0x40, 0x00, 0x03, 0xFF, 0xFF, 0xFF, 0x40,
    0x1B, 0xFF, 0xFF, 0xD0, 0x00, 0xB4, 0x00, 0x00, 0x00, 0x3C, 0x00, 0x00, 0x00, 0x1E, 0x00, 0x00,
    0x00, 0x0B, 0x40, 0x00, 0x00, 0x00, 0x00, 0x00, 0x00, 0x00, 0x00, 0x00, 0x00, 0x00, 0x00, 0x0B,
    0x40, 0x00, 0x00, 0x03, 0xC0, 0x00, 0x00, 0x00, 0xF0, 0x00, 0x15, 0x55, 0xB8, 0x00, 0x1F, 0xFF,
    0xFF, 0xE0, 0x02, 0xAA, 0xBF, 0xFF, 0x40, 0x00, 0x07, 0x83, 0xF0, 0x00, 0x03, 0xC0, 0x3E, 0x00,
    0x00, 0xF0, 0x07, 0xC0, 0x00, 0x78, 0x00, 0xF0, 0x00, 0x3D, 0x00, 0x3D, 0x00, 0x0F, 0x00, 0x0F,
    0x00, 0x07, 0x80, 0x0B, 0xC0, 0x02, 0xD0, 0x03, 0xE0, 0x00, 0xF0, 0x07, 0xF0, 0x7F, 0xFF, 0xFF,
    0xF0, 0x1F, 0xFF, 0xFF, 0x90, 0x00, 0x0F, 0x00, 0x00, 0x00, 0x07, 0x80, 0x00, 0x00, 0x02, 0xD0,
    0x00, 0x00, 0x00, 0xF0, 0x00, 0x00, 0x00, 0x00, 0x00, 0x00, 0x00, 0x00, 0x01, 0x55, 0x55, 0x00,
    0x2F, 0xFF, 0xFF, 0xD0, 0x7F, 0xEA, 0xAA, 0xA0, 0x3F, 0x00, 0x00, 0x00, 0x2F, 0x00, 0x00, 0x00,
    0x0F, 0x40, 0x00, 0x00, 0x03, 0xC0, 0x00, 0x00, 0x01, 0xF0, 0x00, 0x00, 0x00, 0x3C, 0x00, 0x00,
    0x00, 0x0F, 0x80, 0x00, 0x00, 0x02, 0xF0, 0x00, 0x00, 0x00, 0x3F, 0x40, 0x00, 0x00, 0x03, 0xFF,
    0xFF, 0xFF, 0x40, 0x1B, 0xFF, 0xFF, 0xD0, 0x00, 0x00, 0x00, 0x00, 0x00, 0x00, 0x00, 0x00, 0x2F,
    0xFF, 0xFF, 0xFF, 0x4B, 0xFF, 0xFF, 0xFF, 0xD0, 0x15, 0x55, 0x50, 0x00, 0x1F, 0xFF, 0xFF, 0xE0,
    0x02, 0xAA, 0xAA, 0xFF, 0x40, 0x00, 0x00, 0x03, 0xF0, 0x00, 0x00, 0x00, 0x3E, 0x00, 0x00, 0x00,
    0x07, 0xC0, 0x00, 0x00, 0x00, 0xF0, 0x00, 0x00, 0x00, 0x3D, 0x00, 0x00, 0x00, 0x0F, 0x00, 0x00,
    0x00, 0x0B, 0xC0, 0x00, 0x00, 0x03, 0xE0, 0x00, 0x00, 0x07, 0xF0, 0x7F, 0xFF, 0xFF, 0xF0, 0x1F,
    0xFF, 0xFF, 0x90, 0x00, 0x00, 0x00, 0x00, 0x00, 0x00, 0x00, 0x00, 0x00, 0x7F, 0xFF, 0xFF, 0xFE,
    0x1F, 0xFF, 0xFF, 0xFF, 0x80, 0x00, 0x01, 0xA9, 0x00, 0x00, 0x00, 0xFF, 0xFF, 0xC0, 0x00, 0x1F,
    0x47, 0x47, 0xD0, 0x01, 0xE0, 0x1D, 0x02, 0xD0, 0x0E, 0x00, 0x74, 0x02, 0xC0, 0xB0, 0x01, 0xD0,
    0x03, 0x83, 0x80, 0x07, 0x40, 0x0B, 0x1C, 0x00, 0x1D, 0x00, 0x1D, 0x75, 0x55, 0xB9, 0x55, 0x76,
    0xFF, 0xFF, 0xFF, 0xFF, 0xE7, 0x40, 0x07, 0x40, 0x07, 0x5D, 0x00, 0x1D, 0x00, 0x1D, 0x38, 0x00,
    0x74, 0x00, 0xB0, 0xB0, 0x01, 0xD0, 0x03, 0x80, 0xE0, 0x07, 0x40, 0x3C, 0x01, 0xE0, 0x1D, 0x03,
    0xD0, 0x01, 0xF8, 0x74, 0xBD, 0x00, 0x00, 0xBF, 0xFF, 0x80, 0x00, 0x00, 0x05, 0x40, 0x00, 0x00,
    0x00, 0x01, 0xA9, 0x00, 0x00, 0x00, 0xFF, 0xFF, 0xC0, 0x00, 0x1F, 0x40, 0x07, 0xD0, 0x01, 0xE0,
    0x00, 0x02, 0xD0, 0x0E, 0x00, 0x00, 0x02, 0xC0, 0xB0, 0x00, 0x00, 0x03, 0x83, 0x80, 0x00, 0x00,
    0x0B, 0x1C, 0x00, 0x00, 0x00, 0x1D, 0x75, 0x55, 0x55, 0x55, 0x76, 0xFF, 0xFF, 0xFF, 0xFF, 0xE7,
    0x40, 0x00, 0x00, 0x07, 0x5D, 0x00, 0x00, 0x00, 0x1D, 0x38, 0x00, 0x00, 0x00, 0xB0, 0xB0, 0x00,
    0x00, 0x03, 0x80, 0xF0, 0x00, 0x00, 0x3C, 0x01, 0xE0, 0x00, 0x03, 0xD0, 0x01, 0xF8, 0x00, 0xBD,
    0x00, 0x00, 0xBF, 0xFF, 0x80, 0x00, 0x00, 0x05, 0x40, 0x00, 0x00, 0x00, 0x01, 0xA9, 0x00, 0x00,
    0x00, 0xFF, 0xFF, 0xC0, 0x00, 0x1F, 0x40, 0x07, 0xD0, 0x01, 0xF0, 0x00, 0x03, 0xD0, 0x0F, 0xE0,
    0x00, 0x2F, 0xC0, 0xB2, 0xE0, 0x02, 0xD3, 0x83, 0x82, 0xE0, 0x2D, 0x0B, 0x1C, 0x02, 0xE2, 0xD0,
    0x1D, 0x70, 0x02, 0xFD, 0x00, 0x36, 0xC0, 0x03, 0xF0, 0x00, 0xE7, 0x00, 0x2E, 0xE0, 0x03, 0x5D,
    0x02, 0xD2, 0xE0, 0x1D, 0x38, 0x2D, 0x02, 0xE0, 0xB0, 0xB2, 0xD0, 0x02, 0xE3, 0x80, 0xFD, 0x00,
    0x02, 0xFC, 0x01, 0xF0, 0x00, 0x03, 0xD0, 0x01, 0xF8, 0x00, 0xBD, 0x00, 0x00, 0xBF, 0xFF, 0x80,
    0x00, 0x00, 0x05, 0x40, 0x00, 0x00, 0x00, 0x01, 0xA9, 0x00, 0x00, 0x00, 0xFF, 0xFF, 0xC0, 0x00,
    0x1F, 0x40, 0x07, 0xD0, 0x01, 0xE0, 0x00, 0x03, 0xD0, 0x0E, 0x00, 0x00, 0x2F, 0xC0, 0xB0, 0x00,
    0x02, 0xD3, 0x83, 0x80, 0x00, 0x2D, 0x0B, 0x1D, 0x00, 0x02, 0xD0, 0x1D, 0x70, 0x00, 0x2D, 0x00,
    0x36, 0xC0, 0x02, 0xD0, 0x00, 0xE7, 0x00, 0x2D, 0x00, 0x03, 0x5D, 0x02, 0xD0, 0x00, 0x1D, 0x38,
    0x2D, 0x00, 0x00, 0xB0, 0xB2, 0xD0, 0x00, 0x03, 0x80, 0xFD, 0x00, 0x00, 0x3C, 0x01, 0xF0, 0x00,
    0x03, 0xD0, 0x01, 0xF8, 0x00, 0xBD, 0x00, 0x00, 0xBF, 0xFF, 0x80, 0x00, 0x00, 0x05, 0x40, 0x00,
    0x00, 0x00, 0x01, 0x00, 0x00, 0x00, 0x2E, 0x00, 0x00, 0x00, 0xB8, 0x00, 0x00, 0x02, 0xE0, 0x00,
    0x00, 0x0B, 0x80, 0x00, 0x00, 0x2E, 0x00, 0x00, 0x00, 0xB8, 0x00, 0x00, 0x02, 0xE0, 0x00, 0x00,
    0x0B, 0x80, 0x00, 0x00, 0x2E, 0x00, 0x00, 0x00, 0xB8, 0x00, 0x00, 0x02, 0xE0, 0x00, 0x00, 0x0B,
    0x80, 0x00, 0x00, 0x2E, 0x00, 0x00, 0x00, 0xB8, 0x00, 0x05, 0x56, 0xE5, 0x54, 0xBF, 0xFF, 0xFF,
    0xFA, 0xFF, 0xFF, 0xFF, 0xE0, 0x10, 0xBD, 0xFE, 0xBC, 0x04, 0x00, 0x04, 0x00, 0x05, 0x1F, 0xC0,
    0x0F, 0xC0, 0x0B, 0xDB, 0xF0, 0x03, 0xF0, 0x03, 0xF8, 0xF4, 0x00, 0xF8, 0x00, 0x7C, 0x00, 0x00,
    0x00, 0x40, 0x00, 0x00, 0x00, 0x00, 0x00, 0x78, 0x00, 0x00, 0x00, 0x00, 0x00, 0x7F, 0x80, 0x00,
    0x00, 0x00, 0x00, 0x7F, 0xF8, 0x00, 0x00, 0x00, 0x00, 0x74, 0x1F, 0x80, 0x00, 0x00, 0x00, 0x74,
    0x00, 0x78, 0x00, 0x00, 0x00, 0x7D, 0x04, 0x0B, 0x80, 0x00, 0x00, 0x7F, 0xFF, 0xE0, 0xF8, 0x00,
    0x00, 0x7F, 0xFF, 0xFD, 0x2F, 0x80, 0x00, 0x7F, 0xFF, 0xFF, 0x87, 0xF8, 0x00, 0x7F, 0xFF, 0xFF,
    0xE1, 0xFF, 0x80, 0x7F, 0xFF, 0xFF, 0x80, 0xBF, 0xF8, 0x2F, 0xFF, 0xF8, 0x00, 0x3F, 0xFE, 0x02,
    0xFF, 0xFC, 0x00, 0xBF, 0xFE, 0x00, 0x2F, 0xFF, 0x42, 0xFF, 0xFE, 0x00, 0x02, 0xFF, 0xE2, 0xFF,
    0xFE, 0x00, 0x00, 0x2F, 0xFC, 0xBF, 0xFE, 0x00, 0x00, 0x02, 0xFF, 0xFF, 0xFE, 0x00, 0x00, 0x00,
    0x2F, 0xD2, 0xFE, 0x00, 0x00, 0x00, 0x02, 0xF0, 0x3E, 0x00, 0x00, 0x00, 0x00, 0x2D, 0x2E, 0x00,
    0x00, 0x00, 0x00, 0x02, 0xFE, 0x00, 0x00, 0x00, 0x00, 0x00, 0x2E, 0x00, 0x00, 0x00, 0x00, 0x00,
    0x01, 0x00, 0x00, 0x00,
};

static const EpdGlyph bookerly_12_italicGlyphs[] = {
    { 0, 0, 0, 0, 0, 0, 0 }, //  
    { 0, 0, 0, 0, 0, 0, 0 }, // 
    { 0, 0, 5, 0, 0, 0, 0 }, // 	
    { 0, 0, 5, 0, 0, 0, 0 }, // 
    { 0, 0, 0, 0, 0, 0, 0 }, // 
    { 0, 0, 5, 0, 0, 0, 0 }, //  
    { 7, 20, 8, 1, 19, 35, 0 }, // !
    { 9, 8, 9, 1, 18, 18, 35 }, // "
    { 16, 15, 16, 0, 14, 60, 53 }, // #
    { 15, 25, 16, 0, 20, 94, 113 }, // $
    { 22, 21, 24, 1, 19, 116, 207 }, // %
    { 21, 21, 23, 1, 19, 111, 323 }, // &
    { 4, 8, 5, 1, 18, 8, 434 }, // '
    { 11, 25, 10, 1, 20, 69, 442 }, // (
    { 11, 25, 10, -2, 20, 69, 511 }, // )
    { 9, 9, 10, 1, 19, 21, 580 }, // *
    { 11, 11, 16, 2, 14, 31, 601 }, // +
    { 6, 9, 8, -1, 4, 14, 632 }, // ,
    { 8, 3, 9, 1, 8, 6, 646 }, // -
    { 4, 5, 8, 1, 4, 5, 652 }, // .
    { 14, 20, 12, -1, 18, 70, 657 }, // /
    { 15, 19, 16, 0, 18, 72, 727 }, // 0
    { 10, 18, 16, 2, 18, 45, 799 }, // 1
    { 14, 18, 16, 0, 18, 63, 844 }, // 2
    { 14, 19, 16, 0, 18, 67, 907 }, // 3
    { 15, 18, 16, 0, 18, 68, 974 }, // 4
    { 14, 19, 16, 1, 18, 67, 1042 }, // 5
    { 15, 19, 16, 1, 18, 72, 1109 }, // 6
    { 13, 19, 16, 3, 18, 62, 1181 }, // 7
    { 14, 19, 16, 1, 18, 67, 1243 }, // 8
    { 15, 19, 16, 0, 18, 72, 1310 }, // 9
    { 7, 14, 8, 1, 13, 25, 1382 }, // :
    { 9, 18, 8, -1, 13, 41, 1407 }, // ;
    { 12, 13, 16, 2, 15, 39, 1448 }, // <
    { 11, 7, 16, 2, 12, 20, 1487 }, // =
    { 12, 13, 16, 2, 15, 39, 1507 }, // >
    { 8, 19, 10, 2, 18, 38, 1546 }, // ?
    { 23, 23, 24, 1, 18, 133, 1584 }, // @
    { 19, 18, 18, -2, 18, 86, 1717 }, // A
    { 16, 19, 16, -1, 18, 76, 1803 }, // B
    { 15, 19, 16, 1, 18, 72, 1879 }, // C
    { 19, 19, 18, -1, 18, 91, 1951 }, // D
    { 17, 18, 15, -1, 18, 77, 2042 }, // E
    { 16, 18, 14, -1, 18, 72, 2119 }, // F
    { 16, 19, 18, 1, 18, 76, 2191 }, // G
    { 22, 18, 20, -1, 18, 99, 2267 }, // H
    { 11, 18, 9, -1, 18, 50, 2366 }, // I
    { 16, 23, 9, -5, 18, 92, 2416 }, // J
    { 20, 19, 18, -1, 18, 95, 2508 }, // K
    { 15, 18, 14, -1, 18, 68, 2603 }, // L
    { 25, 18, 23, -2, 18, 113, 2671 }, // M
    { 21, 19, 19, -1, 18, 100, 2784 }, // N
    { 17, 19, 18, 1, 18, 81, 2884 }, // O
    { 16, 18, 15, -1, 18, 72, 2965 }, // P
    { 21, 24, 18, 1, 18, 126, 3037 }, // Q
    { 17, 19, 16, -1, 18, 81, 3163 }, // R
    { 13, 19, 13, 0, 18, 62, 3244 }, // S
    { 15, 18, 16, 2, 18, 68, 3306 }, // T
    { 18, 19, 19, 2, 18, 86, 3374 }, // U
    { 19, 19, 18, 1, 18, 91, 3460 }, // V
    { 26, 19, 26, 2, 18, 124, 3551 }, // W
    { 20, 18, 17, -2, 18, 90, 3675 }, // X
    { 17, 18, 16, 1, 18, 77, 3765 }, // Y
    { 16, 19, 15, -1, 18, 76, 3842 }, // Z
    { 10, 24, 8, -1, 20, 60, 3918 }, // [
    { 10, 20, 12, 1, 18, 50, 3978 }, // <backslash>
    { 10, 24, 8, -1, 20, 60, 4028 }, // ]
    { 12, 12, 16, 2, 16, 36, 4088 }, // ^
    { 13, 2, 13, 0, -1, 7, 4124 }, // _
    { 5, 7, 15, 5, 21, 9, 4131 }, // `
    { 13, 15, 15, 1, 14, 49, 4140 }, // a
    { 13, 21, 14, 0, 20, 69, 4189 }, // b
    { 10, 15, 11, 1, 14, 38, 4258 }, // c
    { 14, 21, 15, 1, 20, 74, 4296 }, // d
    { 11, 15, 12, 1, 14, 42, 4370 }, // e
    { 18, 26, 10, -5, 20, 117, 4412 }, // f
    { 17, 20, 12, -3, 14, 85, 4529 }, // g
    { 15, 21, 15, 0, 20, 79, 4614 }, // h
    { 7, 21, 8, 1, 20, 37, 4693 }, // i
    { 13, 26, 7, -5, 20, 85, 4730 }, // j
    { 12, 21, 13, 1, 20, 63, 4815 }, // k
    { 7, 21, 8, 1, 20, 37, 4878 }, // l
    { 21, 15, 22, 1, 14, 79, 4915 }, // m
    { 14, 15, 15, 1, 14, 53, 4994 }, // n
    { 12, 15, 14, 1, 14, 45, 5047 }, // o
    { 16, 20, 14, -2, 14, 80, 5092 }, // p
    { 13, 20, 14, 1, 14, 65, 5172 }, // q
    { 11, 14, 11, 1, 14, 39, 5237 }, // r
    { 10, 15, 10, 0, 14, 38, 5276 }, // s
    { 10, 18, 10, 0, 17, 45, 5314 }, // t
    { 14, 14, 15, 1, 13, 49, 5359 }, // u
    { 13, 15, 13, 0, 14, 49, 5408 }, // v
    { 19, 15, 19, 0, 14, 72, 5457 }, // w
    { 16, 15, 14, -1, 14, 60, 5529 }, // x
    { 16, 20, 13, -3, 14, 80, 5589 }, // y
    { 12, 14, 12, 0, 13, 42, 5669 }, // z
    { 10, 25, 10, 1, 20, 63, 5711 }, // {
    { 7, 23, 7, 0, 20, 41, 5774 }, // |
    { 10, 25, 10, -1, 20, 63, 5815 }, // }
    { 12, 5, 16, 2, 11, 15, 5878 }, // ~
    { 0, 0, 5, 0, 0, 0, 5893 }, //  
    { 8, 20, 8, -1, 14, 40, 5893 }, // ¡
    { 12, 25, 16, 2, 20, 75, 5933 }, // ¢
    { 17, 19, 16, -1, 18, 81, 6008 }, // £
    { 16, 13, 16, 0, 15, 52, 6089 }, // ¤
    { 17, 18, 16, 1, 18, 77, 6141 }, // ¥
    { 7, 23, 7, 0, 20, 41, 6218 }, // ¦
    { 12, 21, 12, 0, 18, 63, 6259 }, // §
    { 9, 4, 15, 3, 19, 9, 6322 }, // ¨
    { 19, 19, 20, 0, 18, 91, 6331 }, // ©
    { 10, 12, 11, 1, 18, 30, 6422 }, // ª
    { 13, 10, 13, 0, 11, 33, 6452 }, // «
    { 11, 7, 16, 2, 12, 20, 6485 }, // ¬
    { 8, 3, 9, 1, 8, 6, 6505 }, // ­
    { 14, 14, 15, 0, 20, 49, 6511 }, // ®
    { 9, 3, 15, 3, 18, 7, 6560 }, // ¯
    { 9, 9, 13, 2, 18, 21, 6567 }, // °
    { 11, 15, 16, 2, 15, 42, 6588 }, // ±
    { 10, 12, 11, 0, 21, 30, 6630 }, // ²
    { 9, 12, 11, 1, 21, 27, 6660 }, // ³
    { 6, 7, 15, 5, 21, 11, 6687 }, // ´
    { 16, 21, 15, -1, 14, 84, 6698 }, // µ
    { 16, 22, 15, -1, 18, 88, 6782 }, // ¶
    { 4, 4, 8, 2, 9, 4, 6870 }, // ·
    { 6, 6, 15, 5, -1, 9, 6874 }, // ¸
    { 7, 12, 11, 2, 21, 21, 6883 }, // ¹
    { 10, 12, 11, 1, 18, 30, 6904 }, // º
    { 12, 10, 13, 0, 11, 30, 6934 }, // »
    { 24, 21, 27, 2, 19, 126, 6964 }, // ¼
    { 24, 21, 27, 2, 19, 126, 7090 }, // ½
    { 25, 21, 27, 1, 19, 132, 7216 }, // ¾
    { 9, 20, 10, 0, 14, 45, 7348 }, // ¿
    { 19, 24, 18, -2, 24, 114, 7393 }, // À
    { 19, 24, 18, -2, 24, 114, 7507 }, // Á
    { 19, 24, 18, -2, 24, 114, 7621 }, // Â
    { 19, 24, 18, -2, 24, 114, 7735 }, // Ã
    { 19, 23, 18, -2, 23, 110, 7849 }, // Ä
    { 19, 25, 18, -2, 25, 119, 7959 }, // Å
    { 25, 18, 22, -2, 18, 113, 8078 }, // Æ
    { 15, 25, 16, 1, 18, 94, 8191 }, // Ç
    { 17, 24, 15, -1, 24, 102, 8285 }, // È
    { 17, 24, 15, -1, 24, 102, 8387 }, // É
    { 17, 24, 15, -1, 24, 102, 8489 }, // Ê
    { 17, 23, 15, -1, 23, 98, 8591 }, // Ë
    { 11, 24, 9, -1, 24, 66, 8689 }, // Ì
    { 12, 24, 9, -1, 24, 72, 8755 }, // Í
    { 13, 24, 9, -1, 24, 78, 8827 }, // Î
    { 13, 23, 9, -1, 23, 75, 8905 }, // Ï
    { 19, 19, 18, -1, 18, 91, 8980 }, // Ð
    { 21, 25, 19, -1, 24, 132, 9071 }, // Ñ
    { 17, 25, 18, 1, 24, 107, 9203 }, // Ò
    { 17, 25, 18, 1, 24, 107, 9310 }, // Ó
    { 17, 25, 18, 1, 24, 107, 9417 }, // Ô
    { 17, 25, 18, 1, 24, 107, 9524 }, // Õ
    { 17, 24, 18, 1, 23, 102, 9631 }, // Ö
    { 10, 11, 16, 3, 14, 28, 9733 }, // ×
    { 20, 19, 18, -1, 18, 95, 9761 }, // Ø
    { 18, 25, 19, 2, 24, 113, 9856 }, // Ù
    { 18, 25, 19, 2, 24, 113, 9969 }, // Ú
    { 18, 25, 19, 2, 24, 113, 10082 }, // Û
    { 18, 24, 19, 2, 23, 108, 10195 }, // Ü
    { 17, 24, 16, 1, 24, 102, 10303 }, // Ý
    { 15, 18, 15, -1, 18, 68, 10405 }, // Þ
    { 20, 26, 16, -4, 20, 130, 10473 }, // ß
    { 13, 22, 15, 1, 21, 72, 10603 }, // à
    { 13, 22, 15, 1, 21, 72, 10675 }, // á
    { 13, 22, 15, 1, 21, 72, 10747 }, // â
    { 13, 21, 15, 1, 20, 69, 10819 }, // ã
    { 13, 20, 15, 1, 19, 65, 10888 }, // ä
    { 13, 22, 15, 1, 21, 72, 10953 }, // å
    { 18, 15, 19, 1, 14, 68, 11025 }, // æ
    { 10, 21, 11, 1, 14, 53, 11093 }, // ç
    { 11, 22, 12, 1, 21, 61, 11146 }, // è
    { 11, 22, 12, 1, 21, 61, 11207 }, // é
    { 11, 22, 12, 1, 21, 61, 11268 }, // ê
    { 12, 20, 12, 1, 19, 60, 11329 }, // ë
    { 7, 22, 8, 1, 21, 39, 11389 }, // ì
    { 9, 22, 8, 1, 21, 50, 11428 }, // í
    { 9, 22, 8, 1, 21, 50, 11478 }, // î
    { 10, 20, 8, 1, 19, 50, 11528 }, // ï
    { 13, 21, 14, 0, 20, 69, 11578 }, // ð
    { 14, 21, 15, 1, 20, 74, 11647 }, // ñ
    { 12, 22, 14, 1, 21, 66, 11721 }, // ò
    { 12, 22, 14, 1, 21, 66, 11787 }, // ó
    { 12, 22, 14, 1, 21, 66, 11853 }, // ô
    { 13, 21, 14, 1, 20, 69, 11919 }, // õ
    { 13, 20, 14, 1, 19, 65, 11988 }, // ö
    { 11, 13, 16, 2, 15, 36, 12053 }, // ÷
    { 16, 15, 14, -1, 14, 60, 12089 }, // ø
    { 14, 22, 15, 1, 21, 77, 12149 }, // ù
    { 14, 22, 15, 1, 21, 77, 12226 }, // ú
    { 14, 22, 15, 1, 21, 77, 12303 }, // û
    { 14, 20, 15, 1, 19, 70, 12380 }, // ü
    { 16, 27, 13, -3, 21, 108, 12450 }, // ý
    { 15, 26, 14, -2, 20, 98, 12558 }, // þ
    { 16, 25, 13, -3, 19, 100, 12656 }, // ÿ
    { 19, 23, 18, -2, 23, 110, 12756 }, // Ā
    { 13, 19, 15, 1, 18, 62, 12866 }, // ā
    { 19, 24, 18, -2, 24, 114, 12928 }, // Ă
    { 13, 21, 15, 1, 20, 69, 13042 }, // ă
    { 19, 24, 18, -2, 18, 114, 13111 }, // Ą
    { 13, 20, 15, 1, 14, 65, 13225 }, // ą
    { 15, 25, 16, 1, 24, 94, 13290 }, // Ć
    { 11, 22, 11, 1, 21, 61, 13384 }, // ć
    { 15, 25, 16, 1, 24, 94, 13445 }, // Ĉ
    { 11, 22, 11, 1, 21, 61, 13539 }, // ĉ
    { 15, 25, 16, 1, 24, 94, 13600 }, // Ċ
    { 10, 20, 11, 1, 19, 50, 13694 }, // ċ
    { 16, 26, 16, 1, 25, 104, 13744 }, // Č
    { 12, 22, 11, 1, 21, 66, 13848 }, // č
    { 19, 26, 18, -1, 25, 124, 13914 }, // Ď
    { 18, 23, 15, 1, 22, 104, 14038 }, // ď
    { 19, 19, 18, -1, 18, 91, 14142 }, // Đ
    { 15, 21, 15, 1, 20, 79, 14233 }, // đ
    { 17, 23, 15, -1, 23, 98, 14312 }, // Ē
    { 12, 19, 12, 1, 18, 57, 14410 }, // ē
    { 17, 24, 15, -1, 24, 102, 14467 }, // Ĕ
    { 12, 21, 12, 1, 20, 63, 14569 }, // ĕ
    { 17, 24, 15, -1, 24, 102, 14632 }, // Ė
    { 11, 20, 12, 1, 19, 55, 14734 }, // ė
    { 17, 24, 15, -1, 18, 102, 14789 }, // Ę
    { 11, 20, 12, 1, 14, 55, 14891 }, // ę
    { 17, 25, 15, -1, 25, 107, 14946 }, // Ě
    { 12, 22, 12, 1, 21, 66, 15053 }, // ě
    { 17, 25, 18, 1, 24, 107, 15119 }, // Ĝ
    { 17, 27, 12, -3, 21, 115, 15226 }, // ĝ
    { 17, 25, 18, 1, 24, 107, 15341 }, // Ğ
    { 17, 26, 12, -3, 20, 111, 15448 }, // ğ
    { 17, 25, 18, 1, 24, 107, 15559 }, // Ġ
    { 17, 25, 12, -3, 19, 107, 15666 }, // ġ
    { 17, 25, 18, 1, 18, 107, 15773 }, // Ģ
    { 17, 28, 12, -3, 22, 119, 15880 }, // ģ
    { 22, 24, 20, -1, 24, 132, 15999 }, // Ĥ
    { 15, 27, 15, 0, 26, 102, 16131 }, // ĥ
    { 22, 18, 20, -1, 18, 99, 16233 }, // Ħ
    { 15, 21, 15, 0, 20, 79, 16332 }, // ħ
    { 13, 24, 9, -1, 24, 78, 16411 }, // Ĩ
    { 10, 21, 8, 1, 20, 53, 16489 }, // ĩ
    { 13, 23, 9, -1, 23, 75, 16542 }, // Ī
    { 10, 19, 8, 1, 18, 48, 16617 }, // ī
    { 13, 24, 9, -1, 24, 78, 16665 }, // Ĭ
    { 10, 21, 8, 1, 20, 53, 16743 }, // ĭ
    { 11, 24, 9, -1, 18, 66, 16796 }, // Į
    { 7, 26, 8, 1, 20, 46, 16862 }, // į
    { 11, 24, 9, -1, 24, 66, 16908 }, // İ
    { 6, 14, 8, 1, 13, 21, 16974 }, // ı
    { 21, 23, 18, -1, 18, 121, 16995 }, // Ĳ
    { 15, 26, 15, 1, 20, 98, 17116 }, // ĳ
    { 17, 29, 9, -5, 24, 124, 17214 }, // Ĵ
    { 15, 27, 7, -5, 21, 102, 17338 }, // ĵ
    { 20, 25, 18, -1, 18, 125, 17440 }, // Ķ
    { 12, 27, 13, 1, 20, 81, 17565 }, // ķ
    { 12, 15, 14, 1, 14, 45, 17646 }, // ĸ
    { 15, 24, 14, -1, 24, 90, 17691 }, // Ĺ
    { 9, 27, 8, 1, 26, 61, 17781 }, // ĺ
    { 15, 25, 14, -1, 18, 94, 17842 }, // Ļ
    { 9, 27, 8, -1, 20, 61, 17936 }, // ļ
    { 16, 20, 14, -1, 20, 80, 17997 }, // Ľ
    { 11, 23, 8, 1, 22, 64, 18077 }, // ľ
    { 16, 18, 15, -1, 18, 72, 18141 }, // Ŀ
    { 10, 21, 10, 1, 20, 53, 18213 }, // ŀ
    { 15, 18, 14, -1, 18, 68, 18266 }, // Ł
    { 10, 21, 8, -1, 20, 53, 18334 }, // ł
    { 21, 25, 19, -1, 24, 132, 18387 }, // Ń
    { 14, 22, 15, 1, 21, 77, 18519 }, // ń
    { 21, 25, 19, -1, 18, 132, 18596 }, // Ņ
    { 14, 21, 15, 1, 14, 74, 18728 }, // ņ
    { 21, 26, 19, -1, 25, 137, 18802 }, // Ň
    { 14, 22, 15, 1, 21, 77, 18939 }, // ň
    { 19, 20, 21, 1, 19, 95, 19016 }, // ŉ
    { 21, 23, 19, -1, 18, 121, 19111 }, // Ŋ
    { 13, 20, 15, 1, 14, 65, 19232 }, // ŋ
    { 17, 24, 18, 1, 23, 102, 19297 }, // Ō
    { 13, 19, 14, 1, 18, 62, 19399 }, // ō
    { 17, 25, 18, 1, 24, 107, 19461 }, // Ŏ
    { 13, 21, 14, 1, 20, 69, 19568 }, // ŏ
    { 18, 26, 18, 1, 25, 117, 19637 }, // Ő
    { 14, 22, 14, 1, 21, 77, 19754 }, // ő
    { 23, 19, 24, 1, 18, 110, 19831 }, // Œ
    { 19, 15, 20, 1, 14, 72, 19941 }, // œ
    { 17, 25, 16, -1, 24, 107, 20013 }, // Ŕ
    { 11, 21, 11, 1, 21, 58, 20120 }, // ŕ
    { 17, 25, 16, -1, 18, 107, 20178 }, // Ŗ
    { 13, 21, 11, -1, 14, 69, 20285 }, // ŗ
    { 17, 26, 16, -1, 25, 111, 20354 }, // Ř
    { 12, 21, 11, 1, 21, 63, 20465 }, // ř
    { 13, 25, 13, 0, 24, 82, 20528 }, // Ś
    { 11, 22, 10, 0, 21, 61, 20610 }, // ś
    { 13, 25, 13, 0, 24, 82, 20671 }, // Ŝ
    { 11, 22, 10, 0, 21, 61, 20753 }, // ŝ
    { 13, 25, 13, 0, 18, 82, 20814 }, // Ş
    { 10, 21, 10, 0, 14, 53, 20896 }, // ş
    { 14, 26, 13, 0, 25, 91, 20949 }, // Š
    { 12, 22, 10, 0, 21, 66, 21040 }, // š
    { 15, 25, 16, 2, 18, 94, 21106 }, // Ţ
    { 10, 24, 10, 0, 17, 60, 21200 }, // ţ
    { 15, 25, 16, 2, 25, 94, 21260 }, // Ť
    { 11, 21, 10, 0, 20, 58, 21354 }, // ť
    { 15, 18, 16, 2, 18, 68, 21412 }, // Ŧ
    { 10, 18, 10, 0, 17, 45, 21480 }, // ŧ
    { 18, 25, 19, 2, 24, 113, 21525 }, // Ũ
    { 14, 21, 15, 1, 20, 74, 21638 }, // ũ
    { 18, 24, 19, 2, 23, 108, 21712 }, // Ū
    { 14, 19, 15, 1, 18, 67, 21820 }, // ū
    { 18, 25, 19, 2, 24, 113, 21887 }, // Ŭ
    { 14, 21, 15, 1, 20, 74, 22000 }, // ŭ
    { 18, 26, 19, 2, 25, 117, 22074 }, // Ů
    { 14, 22, 15, 1, 21, 77, 22191 }, // ů
    { 18, 26, 19, 2, 25, 117, 22268 }, // Ű
    { 14, 22, 15, 1, 21, 77, 22385 }, // ű
    { 18, 24, 19, 2, 18, 108, 22462 }, // Ų
    { 14, 19, 15, 1, 13, 67, 22570 }, // ų
    { 26, 25, 26, 2, 24, 163, 22637 }, // Ŵ
    { 19, 22, 19, 0, 21, 105, 22800 }, // ŵ
    { 17, 24, 16, 1, 24, 102, 22905 }, // Ŷ
    { 16, 27, 13, -3, 21, 108, 23007 }, // ŷ
    { 17, 23, 16, 1, 23, 98, 23115 }, // Ÿ
    { 16, 25, 15, -1, 24, 100, 23213 }, // Ź
    { 12, 22, 12, 0, 21, 66, 23313 }, // ź
    { 16, 25, 15, -1, 24, 100, 23379 }, // Ż
    { 12, 20, 12, 0, 19, 60, 23479 }, // ż
    { 16, 26, 15, -1, 25, 104, 23539 }, // Ž
    { 12, 22, 12, 0, 21, 66, 23643 }, // ž
    { 18, 26, 10, -5, 20, 117, 23709 }, // ſ
    { 13, 21, 14, 0, 20, 69, 23826 }, // ƀ
    { 16, 19, 17, 0, 18, 76, 23895 }, // Ɓ
    { 20, 23, 16, 1, 22, 115, 23971 }, // Ƈ
    { 15, 19, 11, 1, 18, 72, 24086 }, // ƈ
    { 19, 19, 18, -1, 18, 91, 24158 }, // Ɖ
    { 19, 19, 19, 0, 18, 91, 24249 }, // Ɗ
    { 17, 18, 15, -1, 18, 77, 24340 }, // Ǝ
    { 15, 19, 16, 0, 18, 72, 24417 }, // Ə
    { 20, 23, 14, -5, 18, 115, 24489 }, // Ƒ
    { 18, 26, 10, -5, 20, 117, 24604 }, // ƒ
    { 20, 23, 18, 1, 22, 115, 24721 }, // Ɠ
    { 11, 18, 9, -1, 18, 50, 24836 }, // Ɨ
    { 21, 19, 18, -1, 18, 100, 24886 }, // Ƙ
    { 13, 21, 13, 0, 20, 69, 24986 }, // ƙ
    { 8, 21, 8, 0, 20, 42, 25055 }, // ƚ
    { 19, 22, 18, 1, 21, 105, 25097 }, // Ơ
    { 14, 17, 14, 1, 16, 60, 25202 }, // ơ
    { 16, 18, 16, 0, 18, 72, 25262 }, // Ƥ
    { 16, 26, 14, -2, 20, 104, 25334 }, // ƥ
    { 10, 23, 10, 0, 17, 58, 25438 }, // ƫ
    { 16, 18, 16, 1, 18, 72, 25496 }, // Ƭ
    { 13, 21, 10, 0, 20, 69, 25568 }, // ƭ
    { 15, 23, 16, 2, 18, 87, 25637 }, // Ʈ
    { 20, 22, 19, 2, 21, 110, 25724 }, // Ư
    { 16, 17, 15, 1, 16, 68, 25834 }, // ư
    { 16, 19, 18, 1, 18, 76, 25902 }, // Ʋ
    { 19, 18, 16, 1, 18, 86, 25978 }, // Ƴ
    { 24, 26, 15, -3, 20, 156, 26064 }, // ƴ
    { 16, 19, 15, -1, 18, 76, 26220 }, // Ƶ
    { 12, 14, 12, 0, 13, 42, 26296 }, // ƶ
    { 16, 19, 14, -1, 18, 76, 26338 }, // Ʒ
    { 15, 21, 15, -1, 20, 79, 26414 }, // ƻ
    { 8, 20, 8, 0, 20, 40, 26493 }, // ǀ
    { 13, 20, 13, 0, 20, 65, 26533 }, // ǁ
    { 11, 20, 9, -1, 20, 55, 26598 }, // ǂ
    { 7, 20, 8, 1, 19, 35, 26653 }, // ǃ
    { 35, 26, 34, -1, 25, 228, 26688 }, // Ǆ
    { 32, 22, 31, -1, 21, 176, 26916 }, // ǅ
    { 27, 22, 28, 1, 21, 149, 27092 }, // ǆ
    { 26, 23, 23, -1, 18, 150, 27241 }, // Ǉ
    { 23, 26, 21, -1, 20, 150, 27391 }, // ǈ
    { 15, 26, 15, 1, 20, 98, 27541 }, // ǉ
    { 31, 23, 28, -1, 18, 179, 27639 }, // Ǌ
    { 28, 26, 26, -1, 20, 182, 27818 }, // ǋ
    { 23, 26, 23, 1, 20, 150, 28000 }, // ǌ
    { 19, 25, 18, -2, 25, 119, 28150 }, // Ǎ
    { 13, 22, 15, 1, 21, 72, 28269 }, // ǎ
    { 14, 25, 9, -1, 25, 88, 28341 }, // Ǐ
    { 10, 22, 8, 1, 21, 55, 28429 }, // ǐ
    { 17, 26, 18, 1, 25, 111, 28484 }, // Ǒ
    { 13, 22, 14, 1, 21, 72, 28595 }, // ǒ
    { 18, 26, 19, 2, 25, 117, 28667 }, // Ǔ
    { 14, 22, 15, 1, 21, 77, 28784 }, // ǔ
    { 18, 27, 19, 2, 26, 122, 28861 }, // Ǖ
    { 14, 24, 15, 1, 23, 84, 28983 }, // ǖ
    { 18, 27, 19, 2, 26, 122, 29067 }, // Ǘ
    { 14, 25, 15, 1, 24, 88, 29189 }, // ǘ
    { 18, 27, 19, 2, 26, 122, 29277 }, // Ǚ
    { 14, 25, 15, 1, 24, 88, 29399 }, // ǚ
    { 18, 27, 19, 2, 26, 122, 29487 }, // Ǜ
    { 14, 26, 15, 1, 25, 91, 29609 }, // ǜ
    { 11, 15, 12, 0, 14, 42, 29700 }, // ǝ
    { 19, 26, 18, -2, 26, 124, 29742 }, // Ǟ
    { 13, 24, 15, 1, 23, 78, 29866 }, // ǟ
    { 19, 26, 18, -2, 26, 124, 29944 }, // Ǡ
    { 13, 24, 15, 1, 23, 78, 30068 }, // ǡ
    { 25, 23, 22, -2, 23, 144, 30146 }, // Ǣ
    { 18, 19, 19, 1, 18, 86, 30290 }, // ǣ
    { 17, 19, 18, 1, 18, 81, 30376 }, // Ǥ
    { 18, 20, 12, -4, 14, 90, 30457 }, // ǥ
    { 17, 26, 18, 1, 25, 111, 30547 }, // Ǧ
    { 17, 27, 12, -3, 21, 115, 30658 }, // ǧ
    { 20, 26, 18, -1, 25, 130, 30773 }, // Ǩ
    { 12, 27, 13, 1, 26, 81, 30903 }, // ǩ
    { 17, 24, 18, 1, 18, 102, 30984 }, // Ǫ
    { 12, 20, 14, 1, 14, 60, 31086 }, // ǫ
    { 17, 29, 18, 1, 23, 124, 31146 }, // Ǭ
    { 13, 24, 14, 1, 18, 78, 31270 }, // ǭ
    { 16, 26, 14, -1, 25, 104, 31348 }, // Ǯ
    { 15, 27, 13, -2, 21, 102, 31452 }, // ǯ
    { 16, 27, 7, -5, 21, 108, 31554 }, // ǰ
    { 34, 19, 33, -1, 18, 162, 31662 }, // Ǳ
    { 31, 19, 30, -1, 18, 148, 31824 }, // ǲ
    { 26, 21, 26, 1, 20, 137, 31972 }, // ǳ
    { 17, 25, 18, 1, 24, 107, 32109 }, // Ǵ
    { 17, 27, 12, -3, 21, 115, 32216 }, // ǵ
    { 21, 25, 19, -1, 24, 132, 32331 }, // Ǹ
    { 14, 22, 15, 1, 21, 77, 32463 }, // ǹ
    { 19, 27, 18, -2, 27, 129, 32540 }, // Ǻ
    { 13, 26, 15, 1, 25, 85, 32669 }, // ǻ
    { 25, 24, 22, -2, 24, 150, 32754 }, // Ǽ
    { 18, 22, 19, 1, 21, 99, 32904 }, // ǽ
    { 20, 25, 19, -1, 24, 125, 33003 }, // Ǿ
    { 16, 22, 14, -1, 21, 88, 33128 }, // ǿ
    { 19, 25, 18, -2, 25, 119, 33216 }, // Ȁ
    { 13, 22, 15, 1, 21, 72, 33335 }, // ȁ
    { 19, 24, 18, -2, 24, 114, 33407 }, // Ȃ
    { 13, 21, 15, 1, 20, 69, 33521 }, // ȃ
    { 17, 25, 15, -1, 25, 107, 33590 }, // Ȅ
    { 11, 22, 12, 1, 21, 61, 33697 }, // ȅ
    { 17, 24, 15, -1, 24, 102, 33758 }, // Ȇ
    { 11, 21, 12, 1, 20, 58, 33860 }, // ȇ
    { 12, 25, 9, -1, 25, 75, 33918 }, // Ȉ
    { 8, 22, 8, 1, 21, 44, 33993 }, // ȉ
    { 12, 24, 9, -1, 24, 72, 34037 }, // Ȋ
    { 9, 21, 8, 1, 20, 48, 34109 }, // ȋ
    { 17, 26, 18, 1, 25, 111, 34157 }, // Ȍ
    { 12, 22, 14, 1, 21, 66, 34268 }, // ȍ
    { 17, 25, 18, 1, 24, 107, 34334 }, // Ȏ
    { 12, 21, 14, 1, 20, 63, 34441 }, // ȏ
    { 17, 26, 16, -1, 25, 111, 34504 }, // Ȑ
    { 11, 21, 11, 1, 21, 58, 34615 }, // ȑ
    { 17, 25, 16, -1, 24, 107, 34673 }, // Ȓ
    { 11, 20, 11, 1, 20, 55, 34780 }, // ȓ
    { 18, 26, 19, 2, 25, 117, 34835 }, // Ȕ
    { 14, 22, 15, 1, 21, 77, 34952 }, // ȕ
    { 18, 25, 19, 2, 24, 113, 35029 }, // Ȗ
    { 14, 21, 15, 1, 20, 74, 35142 }, // ȗ
    { 13, 25, 13, 0, 18, 82, 35216 }, // Ș
    { 10, 21, 10, 0, 14, 53, 35298 }, // ș
    { 15, 25, 16, 2, 18, 94, 35351 }, // Ț
    { 10, 24, 10, 0, 17, 60, 35445 }, // ț
    { 14, 21, 14, -1, 18, 74, 35505 }, // Ȝ
    { 13, 20, 12, -2, 14, 65, 35579 }, // ȝ
    { 22, 25, 20, -1, 25, 138, 35644 }, // Ȟ
    { 15, 27, 15, 0, 26, 102, 35782 }, // ȟ
    { 17, 24, 18, 1, 20, 102, 35884 }, // ȡ
    { 16, 23, 15, -1, 18, 92, 35986 }, // Ȥ
    { 12, 18, 12, 0, 13, 54, 36078 }, // ȥ
    { 19, 24, 18, -2, 24, 114, 36132 }, // Ȧ
    { 13, 20, 15, 1, 19, 65, 36246 }, // ȧ
    { 17, 25, 15, -1, 18, 107, 36311 }, // Ȩ
    { 11, 21, 12, 1, 14, 58, 36418 }, // ȩ
    { 17, 27, 18, 1, 26, 115, 36476 }, // Ȫ
    { 13, 24, 14, 1, 23, 78, 36591 }, // ȫ
    { 17, 27, 18, 1, 26, 115, 36669 }, // Ȭ
    { 13, 24, 14, 1, 23, 78, 36784 }, // ȭ
    { 17, 25, 18, 1, 24, 107, 36862 }, // Ȯ
    { 12, 20, 14, 1, 19, 60, 36969 }, // ȯ
    { 17, 27, 18, 1, 26, 115, 37029 }, // Ȱ
    { 13, 24, 14, 1, 23, 78, 37144 }, // ȱ
    { 17, 23, 16, 1, 23, 98, 37222 }, // Ȳ
    { 16, 24, 13, -3, 18, 96, 37320 }, // ȳ
    { 10, 24, 11, 1, 20, 60, 37416 }, // ȴ
    { 17, 18, 18, 1, 14, 77, 37476 }, // ȵ
    { 11, 21, 11, 0, 17, 58, 37553 }, // ȶ
    { 12, 19, 7, -5, 13, 57, 37611 }, // ȷ
    { 19, 24, 18, -2, 20, 114, 37668 }, // Ⱥ
    { 19, 21, 16, -1, 20, 100, 37782 }, // Ȼ
    { 13, 21, 11, -1, 17, 69, 37882 }, // ȼ
    { 15, 18, 14, -1, 18, 68, 37951 }, // Ƚ
    { 20, 23, 16, -2, 20, 115, 38019 }, // Ⱦ
    { 10, 20, 10, 0, 14, 50, 38134 }, // ȿ
    { 12, 19, 12, 0, 13, 57, 38184 }, // ɀ
    { 16, 19, 16, -1, 18, 76, 38241 }, // Ƀ
    { 20, 19, 19, 0, 18, 95, 38317 }, // Ʉ
    { 18, 23, 15, -1, 20, 104, 38412 }, // Ɇ
    { 12, 21, 12, 0, 17, 63, 38516 }, // ɇ
    { 16, 23, 9, -5, 18, 92, 38579 }, // Ɉ
    { 13, 26, 7, -5, 20, 85, 38671 }, // ɉ
    { 16, 23, 18, 1, 18, 92, 38756 }, // Ɋ
    { 13, 20, 14, 1, 14, 65, 38848 }, // ɋ
    { 17, 19, 16, -1, 18, 81, 38913 }, // Ɍ
    { 12, 14, 11, 0, 14, 42, 38994 }, // ɍ
    { 17, 18, 16, 1, 18, 77, 39036 }, // Ɏ
    { 18, 20, 13, -3, 14, 90, 39113 }, // ɏ
    { 6, 7, 0, -4, 21, 11, 39203 }, // ̀
    { 6, 7, 0, -2, 21, 11, 39214 }, // ́
    { 9, 7, 0, -5, 21, 16, 39225 }, // ̂
    { 8, 5, 0, -4, 20, 10, 39241 }, // ̃
    { 8, 3, 0, -4, 18, 6, 39251 }, // ̄
    { 8, 5, 0, -4, 20, 10, 39257 }, // ̆
    { 4, 4, 0, -2, 19, 4, 39267 }, // ̇
    { 10, 4, 0, -5, 19, 10, 39271 }, // ̈
    { 7, 8, 0, -3, 22, 14, 39281 }, // ̉
    { 8, 7, 0, -4, 21, 14, 39295 }, // ̊
    { 10, 7, 0, -4, 21, 18, 39309 }, // ̋
    { 9, 6, 0, -4, 21, 14, 39327 }, // ̌
    { 8, 7, 0, -5, 21, 14, 39341 }, // ̏
    { 9, 5, 0, -5, 20, 12, 39355 }, // ̑
    { 6, 8, 0, -3, 22, 12, 39367 }, // ̒
    { 5, 7, 0, -2, 22, 9, 39379 }, // ̓
    { 5, 7, 0, -3, 22, 9, 39388 }, // ̔
    { 4, 7, 0, -2, 22, 7, 39397 }, // ̕
    { 6, 6, 0, -3, 16, 9, 39404 }, // ̛
    { 4, 4, 0, -2, -2, 4, 39413 }, // ̣
    { 10, 4, 0, -5, -2, 10, 39417 }, // ̤
    { 6, 6, 0, -3, -1, 9, 39427 }, // ̥
    { 5, 6, 0, -3, -1, 8, 39436 }, // ̦
    { 6, 6, 0, -3, -1, 9, 39444 }, // ̧
    { 6, 7, 0, -3, 1, 11, 39453 }, // ̨
    { 5, 6, 7, -1, -1, 8, 39464 }, // ̩
    { 9, 6, 0, -5, -1, 14, 39472 }, // ̭
    { 8, 5, 0, -4, -1, 10, 39486 }, // ̮
    { 8, 5, 0, -4, -1, 10, 39496 }, // ̰
    { 8, 3, 0, -4, -2, 6, 39506 }, // ̱
    { 9, 5, 0, -5, 20, 12, 39512 }, // ͂
    { 9, 10, 0, -5, 25, 23, 39524 }, // ̈́
    { 5, 5, 0, -2, -1, 7, 39547 }, // ͅ
    { 17, 24, 15, -1, 24, 102, 39554 }, // Ѐ
    { 17, 23, 15, -1, 23, 98, 39656 }, // Ё
    { 16, 24, 19, 2, 18, 96, 39754 }, // Ђ
    { 16, 24, 14, -1, 24, 96, 39850 }, // Ѓ
    { 15, 19, 16, 1, 18, 72, 39946 }, // Є
    { 13, 19, 13, 0, 18, 62, 40018 }, // Ѕ
    { 11, 18, 9, -1, 18, 50, 40080 }, // І
    { 13, 23, 9, -1, 23, 75, 40130 }, // Ї
    { 16, 23, 9, -5, 18, 92, 40205 }, // Ј
    { 24, 19, 22, -2, 18, 114, 40297 }, // Љ
    { 24, 19, 23, -1, 18, 114, 40411 }, // Њ
    { 16, 18, 20, 2, 18, 72, 40525 }, // Ћ
    { 19, 25, 17, -1, 24, 119, 40597 }, // Ќ
    { 22, 24, 20, -1, 24, 132, 40716 }, // Ѝ
    { 18, 26, 16, 0, 25, 117, 40848 }, // Ў
    { 21, 24, 19, -1, 18, 126, 40965 }, // Џ
    { 19, 18, 18, -2, 18, 86, 41091 }, // А
    { 16, 19, 15, -1, 18, 76, 41177 }, // Б
    { 16, 19, 16, -1, 18, 76, 41253 }, // В
    { 16, 18, 14, -1, 18, 72, 41329 }, // Г
    { 21, 24, 18, -2, 18, 126, 41401 }, // Д
    { 17, 18, 15, -1, 18, 77, 41527 }, // Е
    { 27, 19, 24, -2, 18, 129, 41604 }, // Ж
    { 13, 19, 14, 0, 18, 62, 41733 }, // З
    { 22, 18, 20, -1, 18, 99, 41795 }, // И
    { 22, 25, 20, -1, 25, 138, 41894 }, // Й
    { 19, 19, 17, -1, 18, 91, 42032 }, // К
    { 20, 19, 17, -2, 18, 95, 42123 }, // Л
    { 25, 18, 23, -2, 18, 113, 42218 }, // М
    { 22, 18, 20, -1, 18, 99, 42331 }, // Н
    { 17, 19, 18, 1, 18, 81, 42430 }, // О
    { 21, 18, 19, -1, 18, 95, 42511 }, // П
    { 16, 18, 15, -1, 18, 72, 42606 }, // Р
    { 15, 19, 16, 1, 18, 72, 42678 }, // С
    { 15, 18, 16, 2, 18, 68, 42750 }, // Т
    { 18, 19, 16, 0, 18, 86, 42818 }, // У
    { 18, 19, 18, 0, 18, 86, 42904 }, // Ф
    { 20, 18, 17, -2, 18, 90, 42990 }, // Х
    { 21, 24, 19, -1, 18, 126, 43080 }, // Ц
    { 17, 18, 17, 1, 18, 77, 43206 }, // Ч
    { 27, 18, 25, -1, 18, 122, 43283 }, // Ш
    { 27, 24, 25, -1, 18, 162, 43405 }, // Щ
    { 15, 19, 17, 2, 18, 72, 43567 }, // Ъ
    { 25, 19, 23, -1, 18, 119, 43639 }, // Ы
    { 15, 19, 15, -1, 18, 72, 43758 }, // Ь
    { 15, 19, 15, 0, 18, 72, 43830 }, // Э
    { 26, 19, 25, -1, 18, 124, 43902 }, // Ю
    { 19, 19, 16, -2, 18, 91, 44026 }, // Я
    { 13, 15, 15, 1, 14, 49, 44117 }, // а
    { 14, 21, 14, 1, 20, 74, 44166 }, // б
    { 11, 15, 13, 1, 14, 42, 44240 }, // в
    { 11, 15, 11, 0, 14, 42, 44282 }, // г
    { 12, 21, 14, 1, 20, 63, 44324 }, // д
    { 11, 15, 12, 1, 14, 42, 44387 }, // е
    { 22, 15, 22, 0, 14, 83, 44429 }, // ж
    { 11, 15, 11, 0, 14, 42, 44512 }, // з
    { 14, 14, 15, 1, 13, 49, 44554 }, // и
    { 14, 21, 15, 1, 20, 74, 44603 }, // й
    { 13, 15, 14, 1, 14, 49, 44677 }, // к
    { 16, 15, 15, -1, 14, 60, 44726 }, // л
    { 19, 15, 19, 0, 14, 72, 44786 }, // м
    { 14, 14, 15, 1, 13, 49, 44858 }, // н
    { 12, 15, 14, 1, 14, 45, 44907 }, // о
    { 14, 15, 15, 1, 14, 53, 44952 }, // п
    { 16, 20, 14, -2, 14, 80, 45005 }, // р
    { 10, 15, 11, 1, 14, 38, 45085 }, // с
    { 21, 15, 22, 1, 14, 79, 45123 }, // т
    { 16, 20, 13, -3, 14, 80, 45202 }, // у
    { 16, 26, 17, 1, 20, 104, 45282 }, // ф
    { 16, 15, 14, -1, 14, 60, 45386 }, // х
    { 14, 18, 15, 1, 13, 63, 45446 }, // ц
    { 13, 14, 15, 1, 13, 46, 45509 }, // ч
    { 20, 14, 21, 1, 13, 70, 45555 }, // ш
    { 20, 18, 21, 1, 13, 90, 45625 }, // щ
    { 13, 15, 13, 0, 14, 49, 45715 }, // ъ
    { 18, 14, 19, 0, 13, 63, 45764 }, // ы
    { 11, 14, 12, 0, 13, 39, 45827 }, // ь
    { 11, 15, 12, 0, 14, 42, 45866 }, // э
    { 18, 15, 20, 1, 14, 68, 45908 }, // ю
    { 14, 14, 14, -1, 13, 49, 45976 }, // я
    { 11, 22, 12, 1, 21, 61, 46025 }, // ѐ
    { 12, 20, 12, 1, 19, 60, 46086 }, // ё
    { 13, 26, 14, 0, 20, 85, 46146 }, // ђ
    { 11, 22, 11, 0, 21, 61, 46231 }, // ѓ
    { 11, 15, 12, 1, 14, 42, 46292 }, // є
    { 10, 15, 10, 0, 14, 38, 46334 }, // ѕ
    { 7, 21, 8, 1, 20, 37, 46372 }, // і
    { 10, 20, 8, 1, 19, 50, 46409 }, // ї
    { 13, 26, 7, -5, 20, 85, 46459 }, // ј
    { 19, 15, 18, -1, 14, 72, 46544 }, // љ
    { 16, 14, 18, 1, 13, 56, 46616 }, // њ
    { 15, 21, 15, 0, 20, 79, 46672 }, // ћ
    { 13, 22, 14, 1, 21, 72, 46751 }, // ќ
    { 14, 22, 15, 1, 21, 77, 46823 }, // ѝ
    { 16, 26, 13, -3, 20, 104, 46900 }, // ў
    { 14, 18, 15, 1, 13, 63, 47004 }, // џ
    { 15, 21, 17, 1, 20, 79, 47067 }, // Ѣ
    { 17, 15, 18, 1, 14, 64, 47146 }, // ѣ
    { 17, 19, 18, 1, 18, 81, 47210 }, // Ѳ
    { 12, 15, 14, 1, 14, 45, 47291 }, // ѳ
    { 18, 19, 18, 2, 18, 86, 47336 }, // Ѵ
    { 15, 15, 14, 0, 14, 57, 47422 }, // ѵ
    { 22, 31, 20, -1, 25, 171, 47479 }, // Ҋ
    { 14, 25, 15, 1, 20, 88, 47650 }, // ҋ
    { 15, 19, 15, -1, 18, 72, 47738 }, // Ҍ
    { 11, 19, 12, 1, 18, 53, 47810 }, // ҍ
    { 16, 18, 15, -1, 18, 72, 47863 }, // Ҏ
    { 16, 20, 14, -2, 14, 80, 47935 }, // ҏ
    { 17, 21, 14, -1, 21, 90, 48015 }, // Ґ
    { 13, 18, 11, 0, 17, 59, 48105 }, // ґ
    { 16, 18, 14, -1, 18, 72, 48164 }, // Ғ
    { 11, 15, 11, 0, 14, 42, 48236 }, // ғ
    { 16, 24, 15, -1, 18, 96, 48278 }, // Ҕ
    { 12, 19, 13, 1, 13, 57, 48374 }, // ҕ
    { 27, 24, 24, -2, 18, 162, 48431 }, // Җ
    { 22, 19, 22, 0, 14, 105, 48593 }, // җ
    { 13, 24, 14, 0, 18, 78, 48698 }, // Ҙ
    { 11, 19, 11, 0, 14, 53, 48776 }, // ҙ
    { 19, 24, 17, -1, 18, 114, 48829 }, // Қ
    { 13, 19, 14, 1, 14, 62, 48943 }, // қ
    { 20, 19, 18, -1, 18, 95, 49005 }, // Ҝ
    { 14, 15, 15, 1, 14, 53, 49100 }, // ҝ
    { 19, 19, 17, -1, 18, 91, 49153 }, // Ҟ
    { 13, 19, 14, 1, 18, 62, 49244 }, // ҟ
    { 19, 19, 20, 2, 18, 91, 49306 }, // Ҡ
    { 15, 15, 15, 0, 14, 57, 49397 }, // ҡ
    { 22, 24, 20, -1, 18, 132, 49454 }, // Ң
    { 14, 18, 16, 1, 13, 63, 49586 }, // ң
    { 25, 18, 23, -1, 18, 113, 49649 }, // Ҥ
    { 17, 14, 18, 1, 13, 60, 49762 }, // ҥ
    { 26, 24, 26, -1, 18, 156, 49822 }, // Ҧ
    { 20, 20, 21, 1, 14, 100, 49978 }, // ҧ
    { 19, 19, 20, 1, 18, 91, 50078 }, // Ҩ
    { 15, 15, 16, 1, 14, 57, 50169 }, // ҩ
    { 15, 24, 16, 1, 18, 90, 50226 }, // Ҫ
    { 10, 19, 11, 1, 14, 48, 50316 }, // ҫ
    { 15, 24, 16, 2, 18, 90, 50364 }, // Ҭ
    { 21, 19, 22, 1, 14, 100, 50454 }, // ҭ
    { 17, 18, 16, 1, 18, 77, 50554 }, // Ү
    { 13, 20, 13, 0, 14, 65, 50631 }, // ү
    { 17, 18, 16, 1, 18, 77, 50696 }, // Ұ
    { 13, 20, 13, 0, 14, 65, 50773 }, // ұ
    { 20, 24, 17, -2, 18, 120, 50838 }, // Ҳ
    { 16, 19, 14, -1, 14, 76, 50958 }, // ҳ
    { 21, 24, 21, 1, 18, 126, 51034 }, // Ҵ
    { 14, 23, 15, 1, 18, 81, 51160 }, // ҵ
    { 17, 24, 17, 1, 18, 102, 51241 }, // Ҷ
    { 14, 18, 15, 1, 13, 63, 51343 }, // ҷ
    { 17, 18, 17, 1, 18, 77, 51406 }, // Ҹ
    { 13, 14, 15, 1, 13, 46, 51483 }, // ҹ
    { 16, 18, 17, -1, 18, 72, 51529 }, // Һ
    { 15, 21, 15, 0, 20, 79, 51601 }, // һ
    { 18, 19, 20, 1, 18, 86, 51680 }, // Ҽ
    { 14, 15, 14, 0, 14, 53, 51766 }, // ҽ
    { 18, 24, 20, 1, 18, 108, 51819 }, // Ҿ
    { 14, 19, 14, 0, 14, 67, 51927 }, // ҿ
    { 11, 18, 9, -1, 18, 50, 51994 }, // Ӏ
    { 27, 26, 24, -2, 25, 176, 52044 }, // Ӂ
    { 22, 21, 22, 0, 20, 116, 52220 }, // ӂ
    { 19, 24, 17, -1, 18, 114, 52336 }, // Ӄ
    { 12, 20, 14, 1, 14, 60, 52450 }, // ӄ
    { 20, 24, 17, -2, 18, 120, 52510 }, // Ӆ
    { 16, 19, 15, -1, 14, 76, 52630 }, // ӆ
    { 22, 24, 20, -1, 18, 132, 52706 }, // Ӈ
    { 13, 19, 14, 1, 13, 62, 52838 }, // ӈ
    { 22, 24, 20, -1, 18, 132, 52900 }, // Ӊ
    { 14, 18, 16, 1, 13, 63, 53032 }, // ӊ
    { 17, 24, 17, 1, 18, 102, 53095 }, // Ӌ
    { 13, 18, 14, 1, 13, 59, 53197 }, // ӌ
    { 25, 24, 23, -2, 18, 150, 53256 }, // Ӎ
    { 19, 19, 19, 0, 14, 91, 53406 }, // ӎ
    { 11, 20, 8, -1, 20, 55, 53497 }, // ӏ
    { 19, 25, 18, -2, 25, 119, 53552 }, // Ӑ
    { 13, 21, 15, 1, 20, 69, 53671 }, // ӑ
    { 19, 23, 18, -2, 23, 110, 53740 }, // Ӓ
    { 13, 20, 15, 1, 19, 65, 53850 }, // ӓ
    { 25, 18, 22, -2, 18, 113, 53915 }, // Ӕ
    { 18, 15, 19, 1, 14, 68, 54028 }, // ӕ
    { 17, 25, 15, -1, 25, 107, 54096 }, // Ӗ
    { 12, 21, 12, 1, 20, 63, 54203 }, // ӗ
    { 15, 19, 16, 0, 18, 72, 54266 }, // Ә
    { 11, 15, 12, 0, 14, 42, 54338 }, // ә
    { 15, 24, 16, 0, 23, 90, 54380 }, // Ӛ
    { 12, 20, 12, 0, 19, 60, 54470 }, // ӛ
    { 27, 24, 24, -2, 23, 162, 54530 }, // Ӝ
    { 22, 20, 22, 0, 19, 110, 54692 }, // ӝ
    { 13, 24, 14, 0, 23, 78, 54802 }, // Ӟ
    { 12, 20, 11, 0, 19, 60, 54880 }, // ӟ
    { 16, 19, 14, -1, 18, 76, 54940 }, // Ӡ
    { 15, 19, 13, -2, 13, 72, 55016 }, // ӡ
    { 22, 23, 20, -1, 23, 127, 55088 }, // Ӣ
    { 14, 19, 15, 1, 18, 67, 55215 }, // ӣ
    { 22, 23, 20, -1, 23, 127, 55282 }, // Ӥ
    { 14, 20, 15, 1, 19, 70, 55409 }, // ӥ
    { 17, 24, 18, 1, 23, 102, 55479 }, // Ӧ
    { 13, 20, 14, 1, 19, 65, 55581 }, // ӧ
    { 17, 19, 18, 1, 18, 81, 55646 }, // Ө
    { 12, 15, 14, 1, 14, 45, 55727 }, // ө
    { 17, 24, 18, 1, 23, 102, 55772 }, // Ӫ
    { 13, 20, 14, 1, 19, 65, 55874 }, // ӫ
    { 15, 24, 15, 0, 23, 90, 55939 }, // Ӭ
    { 12, 20, 12, 0, 19, 60, 56029 }, // ӭ
    { 18, 24, 16, 0, 23, 108, 56089 }, // Ӯ
    { 16, 24, 13, -3, 18, 96, 56197 }, // ӯ
    { 18, 24, 16, 0, 23, 108, 56293 }, // Ӱ
    { 16, 25, 13, -3, 19, 100, 56401 }, // ӱ
    { 18, 26, 16, 0, 25, 117, 56501 }, // Ӳ
    { 16, 27, 13, -3, 21, 108, 56618 }, // ӳ
    { 17, 23, 17, 1, 23, 98, 56726 }, // Ӵ
    { 13, 20, 15, 1, 19, 65, 56824 }, // ӵ
    { 16, 24, 14, -1, 18, 96, 56889 }, // Ӷ
    { 11, 19, 11, 0, 14, 53, 56985 }, // ӷ
    { 25, 24, 23, -1, 23, 150, 57038 }, // Ӹ
    { 18, 20, 19, 0, 19, 90, 57188 }, // ӹ
    { 16, 24, 14, -1, 18, 96, 57278 }, // Ӻ
    { 11, 19, 11, 0, 14, 53, 57374 }, // ӻ
    { 20, 24, 17, -2, 18, 120, 57427 }, // Ӽ
    { 16, 20, 14, -1, 14, 80, 57547 }, // ӽ
    { 20, 18, 17, -2, 18, 90, 57627 }, // Ӿ
    { 16, 15, 14, -1, 14, 60, 57717 }, // ӿ
    { 19, 25, 18, -2, 18, 119, 57777 }, // Ḁ
    { 13, 21, 15, 1, 14, 69, 57896 }, // ḁ
    { 16, 25, 16, -1, 24, 100, 57965 }, // Ḃ
    { 13, 26, 14, 0, 25, 85, 58065 }, // ḃ
    { 16, 24, 16, -1, 18, 96, 58150 }, // Ḅ
    { 13, 26, 14, 0, 20, 85, 58246 }, // ḅ
    { 16, 23, 16, -1, 18, 92, 58331 }, // Ḇ
    { 13, 25, 14, 0, 20, 82, 58423 }, // ḇ
    { 15, 31, 16, 1, 24, 117, 58505 }, // Ḉ
    { 11, 28, 11, 1, 21, 77, 58622 }, // ḉ
    { 19, 25, 18, -1, 24, 119, 58699 }, // Ḋ
    { 15, 26, 15, 1, 25, 98, 58818 }, // ḋ
    { 19, 24, 18, -1, 18, 114, 58916 }, // Ḍ
    { 14, 26, 15, 1, 20, 91, 59030 }, // ḍ
    { 19, 23, 18, -1, 18, 110, 59121 }, // Ḏ
    { 14, 25, 15, 1, 20, 88, 59231 }, // ḏ
    { 19, 25, 18, -1, 18, 119, 59319 }, // Ḑ
    { 14, 27, 15, 1, 20, 95, 59438 }, // ḑ
    { 19, 25, 18, -1, 18, 119, 59533 }, // Ḓ
    { 15, 27, 15, 0, 20, 102, 59652 }, // ḓ
    { 17, 26, 15, -1, 26, 111, 59754 }, // Ḕ
    { 11, 26, 12, 1, 25, 72, 59865 }, // ḕ
    { 17, 26, 15, -1, 26, 111, 59937 }, // Ḗ
    { 12, 26, 12, 1, 25, 78, 60048 }, // ḗ
    { 17, 25, 15, -1, 18, 107, 60126 }, // Ḙ
    { 13, 21, 12, -1, 14, 69, 60233 }, // ḙ
    { 17, 24, 15, -1, 18, 102, 60302 }, // Ḛ
    { 12, 20, 12, 0, 14, 60, 60404 }, // ḛ
    { 17, 31, 15, -1, 24, 132, 60464 }, // Ḝ
    { 12, 27, 12, 1, 20, 81, 60596 }, // ḝ
    { 16, 24, 14, -1, 24, 96, 60677 }, // Ḟ
    { 18, 31, 10, -5, 25, 140, 60773 }, // ḟ
    { 17, 24, 18, 1, 23, 102, 60913 }, // Ḡ
    { 17, 24, 12, -3, 18, 102, 61015 }, // ḡ
    { 22, 24, 20, -1, 24, 132, 61117 }, // Ḣ
    { 15, 26, 15, 0, 25, 98, 61249 }, // ḣ
    { 22, 24, 20, -1, 18, 132, 61347 }, // Ḥ
    { 15, 26, 15, 0, 20, 98, 61479 }, // ḥ
    { 22, 23, 20, -1, 23, 127, 61577 }, // Ḧ
    { 15, 26, 15, 0, 25, 98, 61704 }, // ḧ
    { 22, 25, 20, -1, 18, 138, 61802 }, // Ḩ
    { 15, 27, 15, 0, 20, 102, 61940 }, // ḩ
    { 22, 24, 20, -1, 18, 132, 62042 }, // Ḫ
    { 15, 26, 15, 0, 20, 98, 62174 }, // ḫ
    { 12, 24, 9, -2, 18, 72, 62272 }, // Ḭ
    { 10, 26, 8, -2, 20, 65, 62344 }, // ḭ
    { 13, 26, 9, -1, 26, 85, 62409 }, // Ḯ
    { 10, 25, 8, 1, 24, 63, 62494 }, // ḯ
    { 20, 25, 18, -1, 24, 125, 62557 }, // Ḱ
    { 12, 27, 13, 1, 26, 81, 62682 }, // ḱ
    { 20, 24, 18, -1, 18, 120, 62763 }, // Ḳ
    { 12, 26, 13, 1, 20, 78, 62883 }, // ḳ
    { 20, 23, 18, -1, 18, 115, 62961 }, // Ḵ
    { 12, 25, 13, 1, 20, 75, 63076 }, // ḵ
    { 15, 24, 14, -1, 18, 90, 63151 }, // Ḷ
    { 8, 26, 8, 0, 20, 52, 63241 }, // ḷ
    { 15, 29, 14, -1, 23, 109, 63293 }, // Ḹ
    { 11, 31, 8, 0, 25, 86, 63402 }, // ḹ
    { 15, 23, 14, -1, 18, 87, 63488 }, // Ḻ
    { 10, 25, 8, -2, 20, 63, 63575 }, // ḻ
    { 15, 25, 14, -1, 18, 94, 63638 }, // Ḽ
    { 11, 27, 8, -3, 20, 75, 63732 }, // ḽ
    { 25, 24, 23, -2, 24, 150, 63807 }, // Ḿ
    { 21, 22, 22, 1, 21, 116, 63957 }, // ḿ
    { 25, 24, 23, -2, 24, 150, 64073 }, // Ṁ
    { 21, 20, 22, 1, 19, 105, 64223 }, // ṁ
    { 25, 24, 23, -2, 18, 150, 64328 }, // Ṃ
    { 21, 20, 22, 1, 14, 105, 64478 }, // ṃ
    { 21, 25, 19, -1, 24, 132, 64583 }, // Ṅ
    { 14, 20, 15, 1, 19, 70, 64715 }, // ṅ
    { 21, 24, 19, -1, 18, 126, 64785 }, // Ṇ
    { 14, 20, 15, 1, 14, 70, 64911 }, // ṇ
    { 21, 23, 19, -1, 18, 121, 64981 }, // Ṉ
    { 14, 19, 15, 1, 14, 67, 65102 }, // ṉ
    { 21, 25, 19, -1, 18, 132, 65169 }, // Ṋ
    { 14, 21, 15, 1, 14, 74, 65301 }, // ṋ
    { 17, 27, 18, 1, 26, 115, 65375 }, // Ṍ
    { 12, 27, 14, 1, 26, 81, 65490 }, // ṍ
    { 17, 27, 18, 1, 26, 115, 65571 }, // Ṏ
    { 13, 25, 14, 1, 24, 82, 65686 }, // ṏ
    { 17, 27, 18, 1, 26, 115, 65768 }, // Ṑ
    { 12, 26, 14, 1, 25, 78, 65883 }, // ṑ
    { 17, 27, 18, 1, 26, 115, 65961 }, // Ṓ
    { 13, 26, 14, 1, 25, 85, 66076 }, // ṓ
    { 16, 24, 15, -1, 24, 96, 66161 }, // Ṕ
    { 16, 27, 14, -2, 21, 108, 66257 }, // ṕ
    { 16, 24, 15, -1, 24, 96, 66365 }, // Ṗ
    { 16, 25, 14, -2, 19, 100, 66461 }, // ṗ
    { 17, 25, 16, -1, 24, 107, 66561 }, // Ṙ
    { 11, 19, 11, 1, 19, 53, 66668 }, // ṙ
    { 17, 24, 16, -1, 18, 102, 66721 }, // Ṛ
    { 12, 20, 11, 0, 14, 60, 66823 }, // ṛ
    { 17, 29, 16, -1, 23, 124, 66883 }, // Ṝ
    { 12, 24, 11, 0, 18, 72, 67007 }, // ṝ
    { 17, 23, 16, -1, 18, 98, 67079 }, // Ṟ
    { 14, 19, 11, -2, 14, 67, 67177 }, // ṟ
    { 13, 25, 13, 0, 24, 82, 67244 }, // Ṡ
    { 10, 20, 10, 0, 19, 50, 67326 }, // ṡ
    { 13, 24, 13, 0, 18, 78, 67376 }, // Ṣ
    { 10, 20, 10, 0, 14, 50, 67454 }, // ṣ
    { 13, 27, 13, 0, 26, 88, 67504 }, // Ṥ
    { 11, 24, 10, 0, 23, 66, 67592 }, // ṥ
    { 13, 27, 13, 0, 26, 88, 67658 }, // Ṧ
    { 12, 24, 10, 0, 23, 72, 67746 }, // ṧ
    { 13, 30, 13, 0, 24, 98, 67818 }, // Ṩ
    { 10, 25, 10, 0, 19, 63, 67916 }, // ṩ
    { 15, 24, 16, 2, 24, 90, 67979 }, // Ṫ
    { 10, 23, 10, 0, 22, 58, 68069 }, // ṫ
    { 15, 24, 16, 2, 18, 90, 68127 }, // Ṭ
    { 10, 23, 10, 0, 17, 58, 68217 }, // ṭ
    { 16, 23, 16, 1, 18, 92, 68275 }, // Ṯ
    { 11, 22, 10, -1, 17, 61, 68367 }, // ṯ
    { 17, 25, 16, 0, 18, 107, 68428 }, // Ṱ
    { 12, 24, 10, -2, 17, 72, 68535 }, // ṱ
    { 18, 24, 19, 2, 18, 108, 68607 }, // Ṳ
    { 14, 19, 15, 1, 13, 67, 68715 }, // ṳ
    { 18, 24, 19, 2, 18, 108, 68782 }, // Ṵ
    { 14, 19, 15, 1, 13, 67, 68890 }, // ṵ
    { 18, 25, 19, 2, 18, 113, 68957 }, // Ṷ
    { 14, 20, 15, 1, 13, 70, 69070 }, // ṷ
    { 18, 27, 19, 2, 26, 122, 69140 }, // Ṹ
    { 14, 27, 15, 1, 26, 95, 69262 }, // ṹ
    { 18, 27, 19, 2, 26, 122, 69357 }, // Ṻ
    { 14, 24, 15, 1, 23, 84, 69479 }, // ṻ
    { 19, 25, 18, 1, 24, 119, 69563 }, // Ṽ
    { 13, 21, 13, 0, 20, 69, 69682 }, // ṽ
    { 19, 24, 18, 1, 18, 114, 69751 }, // Ṿ
    { 13, 20, 13, 0, 14, 65, 69865 }, // ṿ
    { 26, 25, 26, 2, 24, 163, 69930 }, // Ẁ
    { 19, 22, 19, 0, 21, 105, 70093 }, // ẁ
    { 26, 25, 26, 2, 24, 163, 70198 }, // Ẃ
    { 19, 22, 19, 0, 21, 105, 70361 }, // ẃ
    { 26, 24, 26, 2, 23, 156, 70466 }, // Ẅ
    { 19, 20, 19, 0, 19, 95, 70622 }, // ẅ
    { 26, 25, 26, 2, 24, 163, 70717 }, // Ẇ
    { 19, 20, 19, 0, 19, 95, 70880 }, // ẇ
    { 26, 24, 26, 2, 18, 156, 70975 }, // Ẉ
    { 19, 20, 19, 0, 14, 95, 71131 }, // ẉ
    { 20, 24, 17, -2, 24, 120, 71226 }, // Ẋ
    { 16, 20, 14, -1, 19, 80, 71346 }, // ẋ
    { 20, 23, 17, -2, 23, 115, 71426 }, // Ẍ
    { 16, 20, 14, -1, 19, 80, 71541 }, // ẍ
    { 17, 24, 16, 1, 24, 102, 71621 }, // Ẏ
    { 16, 25, 13, -3, 19, 100, 71723 }, // ẏ
    { 16, 25, 15, -1, 24, 100, 71823 }, // Ẑ
    { 12, 22, 12, 0, 21, 66, 71923 }, // ẑ
    { 16, 24, 15, -1, 18, 96, 71989 }, // Ẓ
    { 12, 19, 12, 0, 13, 57, 72085 }, // ẓ
    { 16, 23, 15, -1, 18, 92, 72142 }, // Ẕ
    { 12, 18, 12, 0, 13, 54, 72234 }, // ẕ
    { 15, 25, 15, 0, 20, 94, 72288 }, // ẖ
    { 11, 22, 10, 0, 21, 61, 72382 }, // ẗ
    { 19, 22, 19, 0, 21, 105, 72443 }, // ẘ
    { 16, 27, 13, -3, 21, 108, 72548 }, // ẙ
    { 18, 22, 15, 1, 21, 99, 72656 }, // ẚ
    { 18, 31, 10, -5, 25, 140, 72755 }, // ẛ
    { 18, 19, 18, -2, 18, 86, 72895 }, // ẞ
    { 19, 24, 18, -2, 18, 114, 72981 }, // Ạ
    { 13, 20, 15, 1, 14, 65, 73095 }, // ạ
    { 19, 26, 18, -2, 26, 124, 73160 }, // Ả
    { 13, 23, 15, 1, 22, 75, 73284 }, // ả
    { 21, 26, 18, -2, 26, 137, 73359 }, // Ấ
    { 16, 25, 15, 1, 24, 100, 73496 }, // ấ
    { 19, 26, 18, -2, 26, 124, 73596 }, // Ầ
    { 13, 25, 15, 1, 24, 82, 73720 }, // ầ
    { 21, 26, 18, -2, 26, 137, 73802 }, // Ẩ
    { 16, 25, 15, 1, 24, 100, 73939 }, // ẩ
    { 19, 26, 18, -2, 26, 124, 74039 }, // Ẫ
    { 13, 25, 15, 1, 24, 82, 74163 }, // ẫ
    { 19, 30, 18, -2, 24, 143, 74245 }, // Ậ
    { 13, 27, 15, 1, 21, 88, 74388 }, // ậ
    { 19, 26, 18, -2, 26, 124, 74476 }, // Ắ
    { 13, 25, 15, 1, 24, 82, 74600 }, // ắ
    { 19, 26, 18, -2, 26, 124, 74682 }, // Ằ
    { 13, 25, 15, 1, 24, 82, 74806 }, // ằ
    { 19, 26, 18, -2, 26, 124, 74888 }, // Ẳ
    { 13, 26, 15, 1, 25, 85, 75012 }, // ẳ
    { 19, 26, 18, -2, 26, 124, 75097 }, // Ẵ
    { 13, 25, 15, 1, 24, 82, 75221 }, // ẵ
    { 19, 30, 18, -2, 24, 143, 75303 }, // Ặ
    { 13, 26, 15, 1, 20, 85, 75446 }, // ặ
    { 17, 24, 15, -1, 18, 102, 75531 }, // Ẹ
    { 11, 20, 12, 1, 14, 55, 75633 }, // ẹ
    { 17, 26, 15, -1, 26, 111, 75688 }, // Ẻ
    { 11, 23, 12, 1, 22, 64, 75799 }, // ẻ
    { 17, 24, 15, -1, 24, 102, 75863 }, // Ẽ
    { 12, 21, 12, 1, 20, 63, 75965 }, // ẽ
    { 19, 26, 15, -1, 26, 124, 76028 }, // Ế
    { 15, 25, 12, 1, 24, 94, 76152 }, // ế
    { 17, 26, 15, -1, 26, 111, 76246 }, // Ề
    { 12, 25, 12, 1, 24, 75, 76357 }, // ề
    { 19, 26, 15, -1, 26, 124, 76432 }, // Ể
    { 15, 25, 12, 1, 24, 94, 76556 }, // ể
    { 17, 26, 15, -1, 26, 111, 76650 }, // Ễ
    { 12, 25, 12, 1, 24, 75, 76761 }, // ễ
    { 17, 30, 15, -1, 24, 128, 76836 }, // Ệ
    { 11, 27, 12, 1, 21, 75, 76964 }, // ệ
    { 12, 26, 9, -1, 26, 78, 77039 }, // Ỉ
    { 9, 23, 8, 1, 22, 52, 77117 }, // ỉ
    { 11, 24, 9, -1, 18, 66, 77169 }, // Ị
    { 8, 26, 8, 0, 20, 52, 77235 }, // ị
    { 17, 24, 18, 1, 18, 102, 77287 }, // Ọ
    { 12, 20, 14, 1, 14, 60, 77389 }, // ọ
    { 17, 27, 18, 1, 26, 115, 77449 }, // Ỏ
    { 12, 23, 14, 1, 22, 69, 77564 }, // ỏ
    { 18, 27, 18, 1, 26, 122, 77633 }, // Ố
    { 16, 25, 14, 1, 24, 100, 77755 }, // ố
    { 17, 27, 18, 1, 26, 115, 77855 }, // Ồ
    { 13, 25, 14, 1, 24, 82, 77970 }, // ồ
    { 18, 27, 18, 1, 26, 122, 78052 }, // Ổ
    { 16, 25, 14, 1, 24, 100, 78174 }, // ổ
    { 17, 27, 18, 1, 26, 115, 78274 }, // Ỗ
    { 13, 25, 14, 1, 24, 82, 78389 }, // ỗ
    { 17, 30, 18, 1, 24, 128, 78471 }, // Ộ
    { 12, 27, 14, 1, 21, 81, 78599 }, // ộ
    { 19, 25, 18, 1, 24, 119, 78680 }, // Ớ
    { 14, 22, 15, 1, 21, 77, 78799 }, // ớ
    { 19, 25, 18, 1, 24, 119, 78876 }, // Ờ
    { 14, 22, 15, 1, 21, 77, 78995 }, // ờ
    { 19, 27, 18, 1, 26, 129, 79072 }, // Ở
    { 14, 23, 15, 1, 22, 81, 79201 }, // ở
    { 19, 25, 18, 1, 24, 119, 79282 }, // Ỡ
    { 14, 21, 15, 1, 20, 74, 79401 }, // ỡ
    { 19, 27, 18, 1, 21, 129, 79475 }, // Ợ
    { 14, 22, 14, 1, 16, 77, 79604 }, // ợ
    { 18, 24, 19, 2, 18, 108, 79681 }, // Ụ
    { 14, 19, 15, 1, 13, 67, 79789 }, // ụ
    { 18, 27, 19, 2, 26, 122, 79856 }, // Ủ
    { 14, 23, 15, 1, 22, 81, 79978 }, // ủ
    { 20, 25, 19, 2, 24, 125, 80059 }, // Ứ
    { 16, 22, 16, 1, 21, 88, 80184 }, // ứ
    { 20, 25, 19, 2, 24, 125, 80272 }, // Ừ
    { 16, 22, 16, 1, 21, 88, 80397 }, // ừ
    { 20, 27, 19, 2, 26, 135, 80485 }, // Ử
    { 16, 23, 16, 1, 22, 92, 80620 }, // ử
    { 20, 25, 19, 2, 24, 125, 80712 }, // Ữ
    { 16, 21, 16, 1, 20, 84, 80837 }, // ữ
    { 20, 27, 19, 2, 21, 135, 80921 }, // Ự
    { 16, 22, 15, 1, 16, 88, 81056 }, // ự
    { 17, 24, 16, 1, 24, 102, 81144 }, // Ỳ
    { 16, 27, 13, -3, 21, 108, 81246 }, // ỳ
    { 17, 24, 16, 1, 18, 102, 81354 }, // Ỵ
    { 16, 20, 13, -3, 14, 80, 81456 }, // ỵ
    { 17, 26, 16, 1, 26, 111, 81536 }, // Ỷ
    { 16, 28, 13, -3, 22, 112, 81647 }, // ỷ
    { 17, 24, 16, 1, 24, 102, 81759 }, // Ỹ
    { 16, 26, 13, -3, 20, 104, 81861 }, // ỹ
    { 0, 0, 13, 0, 0, 0, 81965 }, //  
    { 0, 0, 25, 0, 0, 0, 81965 }, //  
    { 0, 0, 13, 0, 0, 0, 81965 }, //  
    { 0, 0, 25, 0, 0, 0, 81965 }, //  
    { 0, 0, 8, 0, 0, 0, 81965 }, //  
    { 0, 0, 6, 0, 0, 0, 81965 }, //  
    { 0, 0, 4, 0, 0, 0, 81965 }, //  
    { 0, 0, 16, 0, 0, 0, 81965 }, //  
    { 0, 0, 7, 0, 0, 0, 81965 }, //  
    { 0, 0, 5, 0, 0, 0, 81965 }, //  
    { 0, 0, 1, 0, 0, 0, 81965 }, //  
    { 0, 0, 0, 0, 0, 0, 81965 }, // ​
    { 2, 21, 0, -1, 15, 11, 81965 }, // ‌
    { 6, 23, 0, -3, 17, 35, 81976 }, // ‍
    { 8, 24, 0, -4, 18, 48, 82011 }, // ‎
    { 8, 24, 0, -4, 18, 48, 82059 }, // ‏
    { 8, 3, 9, 1, 8, 6, 82107 }, // ‐
    { 8, 3, 9, 1, 8, 6, 82113 }, // ‑
    { 12, 3, 16, 2, 10, 9, 82119 }, // ‒
    { 13, 3, 13, 0, 8, 10, 82128 }, // –
    { 25, 3, 25, 0, 8, 19, 82138 }, // —
    { 25, 3, 25, 0, 8, 19, 82157 }, // ―
    { 8, 26, 13, 2, 20, 52, 82176 }, // ‖
    { 13, 6, 13, 0, -1, 20, 82228 }, // ‗
    { 6, 8, 8, 2, 19, 12, 82248 }, // ‘
    { 6, 8, 8, 1, 19, 12, 82260 }, // ’
    { 6, 9, 8, 0, 4, 14, 82272 }, // ‚
    { 5, 8, 6, 1, 19, 10, 82286 }, // ‛
    { 11, 8, 13, 2, 19, 22, 82296 }, // “
    { 11, 8, 13, 1, 19, 22, 82318 }, // ”
    { 11, 9, 13, 0, 4, 25, 82340 }, // „
    { 10, 8, 11, 1, 19, 20, 82365 }, // ‟
    { 11, 17, 12, 1, 18, 47, 82385 }, // †
    { 12, 20, 12, 0, 18, 60, 82432 }, // ‡
    { 6, 6, 8, 1, 9, 9, 82492 }, // •
    { 9, 9, 16, 3, 13, 21, 82501 }, // ‣
    { 5, 4, 7, 1, 3, 5, 82522 }, // ․
    { 10, 5, 13, 1, 4, 13, 82527 }, // ‥
    { 21, 5, 25, 2, 4, 27, 82540 }, // …
    { 5, 4, 7, 1, 9, 5, 82567 }, // ‧
    { 0, 0, 0, 0, 0, 0, 82572 }, //  
    { 0, 0, 0, 0, 0, 0, 82572 }, //  
    { 8, 24, 0, -4, 18, 48, 82572 }, // ‪
    { 8, 24, 0, -4, 18, 48, 82620 }, // ‫
    { 8, 24, 0, -4, 18, 48, 82668 }, // ‬
    { 11, 24, 0, -5, 18, 66, 82716 }, // ‭
    { 11, 24, 0, -5, 18, 66, 82782 }, // ‮
    { 0, 0, 3, 0, 0, 0, 82848 }, //  
    { 32, 21, 34, 1, 19, 168, 82848 }, // ‰
    { 5, 9, 7, 1, 18, 12, 83016 }, // ′
    { 10, 9, 11, 1, 18, 23, 83028 }, // ″
    { 15, 9, 16, 1, 18, 34, 83051 }, // ‴
    { 6, 9, 7, 0, 18, 14, 83085 }, // ‵
    { 11, 9, 12, 0, 18, 25, 83099 }, // ‶
    { 17, 9, 17, 0, 18, 39, 83124 }, // ‷
    { 11, 6, 12, 1, 0, 17, 83163 }, // ‸
    { 8, 10, 8, 0, 11, 20, 83180 }, // ‹
    { 7, 10, 8, 0, 11, 18, 83200 }, // ›
    { 16, 18, 16, 0, 17, 72, 83218 }, // ※
    { 14, 20, 14, 1, 19, 70, 83290 }, // ‼
    { 13, 3, 13, 0, 21, 10, 83360 }, // ‾
    { 6, 3, 8, 1, 8, 5, 83370 }, // ⁃
    { 16, 21, 6, -5, 19, 84, 83375 }, // ⁄
    { 18, 19, 20, 2, 18, 86, 83459 }, // ⁇
    { 16, 20, 17, 2, 19, 80, 83545 }, // ⁈
    { 17, 20, 18, 1, 19, 85, 83625 }, // ⁉
    { 15, 5, 25, 5, 10, 19, 83710 }, // ⁓
    { 20, 9, 21, 1, 18, 45, 83729 }, // ⁗
    { 0, 0, 6, 0, 0, 0, 83774 }, //  
    { 0, 0, 0, 0, 0, 0, 83774 }, // ⁠
    { 0, 0, 0, 0, 0, 0, 83774 }, // ⁡
    { 0, 0, 0, 0, 0, 0, 83774 }, // ⁢
    { 0, 0, 0, 0, 0, 0, 83774 }, // ⁣
    { 0, 0, 0, 0, 0, 0, 83774 }, // ⁤
    { 10, 12, 11, 1, 21, 30, 83774 }, // ⁰
    { 11, 12, 11, 0, 21, 33, 83804 }, // ⁴
    { 10, 12, 11, 1, 21, 30, 83837 }, // ⁵
    { 10, 12, 11, 1, 21, 30, 83867 }, // ⁶
    { 9, 12, 11, 2, 21, 27, 83897 }, // ⁷
    { 9, 12, 11, 1, 21, 27, 83924 }, // ⁸
    { 10, 12, 11, 0, 21, 30, 83951 }, // ⁹
    { 10, 9, 14, 2, 18, 23, 83981 }, // ⁿ
    { 10, 12, 11, 1, 8, 30, 84004 }, // ₀
    { 7, 13, 11, 2, 9, 23, 84034 }, // ₁
    { 10, 12, 11, 0, 8, 30, 84057 }, // ₂
    { 9, 12, 11, 1, 8, 27, 84087 }, // ₃
    { 11, 12, 11, 0, 8, 33, 84114 }, // ₄
    { 10, 12, 11, 1, 8, 30, 84147 }, // ₅
    { 10, 12, 11, 1, 8, 30, 84177 }, // ₆
    { 9, 12, 11, 2, 8, 27, 84207 }, // ₇
    { 9, 12, 11, 1, 8, 27, 84234 }, // ₈
    { 10, 12, 11, 0, 8, 30, 84261 }, // ₉
    { 16, 18, 16, 0, 18, 72, 84291 }, // ₣
    { 17, 19, 16, -1, 18, 81, 84363 }, // ₤
    { 30, 19, 31, 0, 18, 143, 84444 }, // ₧
    { 18, 19, 16, -1, 18, 86, 84587 }, // €
    { 15, 11, 25, 5, 14, 42, 84673 }, // ←
    { 11, 17, 25, 7, 17, 47, 84715 }, // ↑
    { 15, 11, 25, 5, 14, 42, 84762 }, // →
    { 11, 17, 25, 7, 17, 47, 84804 }, // ↓
    { 15, 11, 25, 5, 14, 42, 84851 }, // ↔
    { 11, 17, 25, 7, 17, 47, 84893 }, // ↕
    { 11, 17, 25, 7, 17, 47, 84940 }, // ↨
    { 11, 17, 25, 7, 17, 47, 84987 }, // ↲
    { 11, 17, 25, 7, 17, 47, 85034 }, // ↳
    { 13, 12, 25, 6, 15, 39, 85081 }, // ↵
    { 15, 11, 25, 5, 14, 42, 85120 }, // ⇐
    { 11, 15, 25, 7, 16, 42, 85162 }, // ⇑
    { 15, 11, 25, 5, 14, 42, 85204 }, // ⇒
    { 11, 15, 25, 7, 16, 42, 85246 }, // ⇓
    { 15, 11, 25, 5, 14, 42, 85288 }, // ⇔
    { 17, 19, 25, 4, 18, 81, 85330 }, // ∀
    { 13, 21, 16, 1, 20, 69, 85411 }, // ∂
    { 11, 18, 25, 7, 18, 50, 85480 }, // ∃
    { 19, 20, 25, 3, 19, 95, 85530 }, // ∅
    { 16, 18, 16, 0, 18, 72, 85625 }, // ∆
    { 17, 19, 25, 4, 18, 81, 85697 }, // ∇
    { 17, 18, 25, 4, 18, 77, 85778 }, // ∈
    { 17, 22, 25, 4, 19, 94, 85855 }, // ∉
    { 17, 14, 25, 4, 16, 60, 85949 }, // ∊
    { 17, 18, 25, 4, 18, 77, 86009 }, // ∋
    { 17, 22, 25, 4, 19, 94, 86086 }, // ∌
    { 17, 14, 25, 4, 16, 60, 86180 }, // ∍
    { 19, 22, 20, 1, 18, 105, 86240 }, // ∏
    { 15, 23, 15, 0, 18, 87, 86345 }, // ∑
    { 11, 3, 16, 2, 10, 9, 86432 }, // −
    { 14, 20, 12, -1, 18, 70, 86441 }, // ∕
    { 10, 20, 12, 1, 18, 50, 86511 }, // ∖
    { 12, 13, 16, 2, 15, 39, 86561 }, // ∗
    { 9, 9, 16, 3, 13, 21, 86600 }, // ∘
    { 4, 4, 16, 6, 9, 4, 86621 }, // ∙
    { 16, 24, 16, 0, 21, 96, 86625 }, // √
    { 13, 10, 16, 1, 13, 33, 86721 }, // ∝
    { 16, 9, 16, 0, 12, 36, 86754 }, // ∞
    { 16, 18, 25, 4, 18, 72, 86790 }, // ∟
    { 18, 18, 25, 3, 18, 81, 86862 }, // ∠
    { 3, 26, 13, 5, 20, 20, 86943 }, // ∣
    { 8, 26, 13, 2, 20, 52, 86963 }, // ∥
    { 17, 18, 25, 4, 18, 77, 87015 }, // ∧
    { 17, 18, 25, 4, 18, 77, 87092 }, // ∨
    { 15, 18, 25, 5, 18, 68, 87169 }, // ∩
    { 15, 19, 25, 5, 18, 72, 87237 }, // ∪
    { 14, 26, 16, 1, 20, 91, 87309 }, // ∫
    { 16, 15, 25, 5, 14, 60, 87400 }, // ∴
    { 16, 15, 25, 5, 14, 60, 87460 }, // ∵
    { 5, 13, 8, 1, 15, 17, 87520 }, // ∶
    { 16, 15, 25, 5, 14, 60, 87537 }, // ∷
    { 15, 5, 25, 5, 10, 19, 87597 }, // ∼
    { 15, 13, 25, 5, 15, 49, 87616 }, // ≅
    { 12, 9, 16, 2, 13, 27, 87665 }, // ≈
    { 15, 8, 25, 5, 11, 30, 87692 }, // ≍
    { 11, 11, 16, 2, 14, 31, 87722 }, // ≠
    { 15, 11, 25, 5, 13, 42, 87753 }, // ≡
    { 12, 15, 16, 2, 15, 45, 87795 }, // ≤
    { 12, 15, 16, 2, 15, 45, 87840 }, // ≥
    { 21, 13, 25, 2, 15, 69, 87885 }, // ≪
    { 21, 13, 25, 2, 15, 69, 87954 }, // ≫
    { 17, 15, 25, 4, 16, 64, 88023 }, // ⊃
    { 17, 23, 25, 4, 20, 98, 88087 }, // ⊄
    { 17, 23, 25, 4, 20, 98, 88185 }, // ⊅
    { 17, 18, 25, 4, 18, 77, 88283 }, // ⊆
    { 17, 18, 25, 4, 18, 77, 88360 }, // ⊇
    { 19, 19, 25, 3, 18, 91, 88437 }, // ⊕
    { 19, 19, 25, 3, 18, 91, 88528 }, // ⊖
    { 19, 19, 25, 3, 18, 91, 88619 }, // ⊗
    { 19, 19, 25, 3, 18, 91, 88710 }, // ⊘
    { 15, 18, 25, 5, 18, 68, 88801 }, // ⊥
    { 4, 4, 16, 6, 9, 4, 88869 }, // ⋅
    { 21, 4, 25, 2, 9, 21, 88873 }, // ⋯
    { 25, 24, 25, 0, 21, 150, 88894 }, // �
};

static const EpdUnicodeInterval bookerly_12_italicIntervals[] = {
    { 0x0, 0x0, 0x0 },
    { 0x8, 0x9, 0x1 },
    { 0xD, 0xD, 0x3 },
    { 0x1D, 0x1D, 0x4 },
    { 0x20, 0x7E, 0x5 },
    { 0xA0, 0xFF, 0x64 },
    { 0x100, 0x17F, 0xC4 },
    { 0x180, 0x181, 0x144 },
    { 0x187, 0x18A, 0x146 },
    { 0x18E, 0x18F, 0x14A },
    { 0x191, 0x193, 0x14C },
    { 0x197, 0x19A, 0x14F },
    { 0x1A0, 0x1A1, 0x153 },
    { 0x1A4, 0x1A5, 0x155 },
    { 0x1AB, 0x1B0, 0x157 },
    { 0x1B2, 0x1B7, 0x15D },
    { 0x1BB, 0x1BB, 0x163 },
    { 0x1C0, 0x1F5, 0x164 },
    { 0x1F8, 0x21F, 0x19A },
    { 0x221, 0x221, 0x1C2 },
    { 0x224, 0x237, 0x1C3 },
    { 0x23A, 0x240, 0x1D7 },
    { 0x243, 0x244, 0x1DE },
    { 0x246, 0x24F, 0x1E0 },
    { 0x300, 0x304, 0x1EA },
    { 0x306, 0x30C, 0x1EF },
    { 0x30F, 0x30F, 0x1F6 },
    { 0x311, 0x315, 0x1F7 },
    { 0x31B, 0x31B, 0x1FC },
    { 0x323, 0x329, 0x1FD },
    { 0x32D, 0x32E, 0x204 },
    { 0x330, 0x331, 0x206 },
    { 0x342, 0x342, 0x208 },
    { 0x344, 0x345, 0x209 },
    { 0x400, 0x45F, 0x20B },
    { 0x462, 0x463, 0x26B },
    { 0x472, 0x475, 0x26D },
    { 0x48A, 0x4FF, 0x271 },
    { 0x1E00, 0x1E9B, 0x2E7 },
    { 0x1E9E, 0x1E9E, 0x383 },
    { 0x1EA0, 0x1EF9, 0x384 },
    { 0x2000, 0x2030, 0x3DE },
    { 0x2032, 0x203C, 0x40F },
    { 0x203E, 0x203E, 0x41A },
    { 0x2043, 0x2044, 0x41B },
    { 0x2047, 0x2049, 0x41D },
    { 0x2053, 0x2053, 0x420 },
    { 0x2057, 0x2057, 0x421 },
    { 0x205F, 0x2064, 0x422 },
    { 0x2070, 0x2070, 0x428 },
    { 0x2074, 0x2079, 0x429 },
    { 0x207F, 0x2089, 0x42F },
    { 0x20A3, 0x20A4, 0x43A },
    { 0x20A7, 0x20A7, 0x43C },
    { 0x20AC, 0x20AC, 0x43D },
    { 0x2190, 0x2195, 0x43E },
    { 0x21A8, 0x21A8, 0x444 },
    { 0x21B2, 0x21B3, 0x445 },
    { 0x21B5, 0x21B5, 0x447 },
    { 0x21D0, 0x21D4, 0x448 },
    { 0x2200, 0x2200, 0x44D },
    { 0x2202, 0x2203, 0x44E },
    { 0x2205, 0x220D, 0x450 },
    { 0x220F, 0x220F, 0x459 },
    { 0x2211, 0x2212, 0x45A },
    { 0x2215, 0x221A, 0x45C },
    { 0x221D, 0x2220, 0x462 },
    { 0x2223, 0x2223, 0x466 },
    { 0x2225, 0x2225, 0x467 },
    { 0x2227, 0x222B, 0x468 },
    { 0x2234, 0x2237, 0x46D },
    { 0x223C, 0x223C, 0x471 },
    { 0x2245, 0x2245, 0x472 },
    { 0x2248, 0x2248, 0x473 },
    { 0x224D, 0x224D, 0x474 },
    { 0x2260, 0x2261, 0x475 },
    { 0x2264, 0x2265, 0x477 },
    { 0x226A, 0x226B, 0x479 },
    { 0x2283, 0x2287, 0x47B },
    { 0x2295, 0x2298, 0x480 },
    { 0x22A5, 0x22A5, 0x484 },
    { 0x22C5, 0x22C5, 0x485 },
    { 0x22EF, 0x22EF, 0x486 },
    { 0xFFFD, 0xFFFD, 0x487 },
};

static const EpdFontData bookerly_12_italic = {
    bookerly_12_italicBitmaps,
    bookerly_12_italicGlyphs,
    bookerly_12_italicIntervals,
    84,
    33,
    27,
    -7,
    true,
};
