/**
 * generated by fontconvert.py
 * name: bookerly_18_regular
 * size: 18
 * mode: 2-bit  compressed: true
 * Command used: /mnt/Data/Projects/github/crosspoint-reader-vi/lib/EpdFont/scripts/fontconvert.py bookerly_18_regular 18 /mnt/Data/Projects/github/crosspoint-reader-vi/lib/EpdFont/scripts/../builtinFonts/source/Bookerly/Bookerly-Regular.ttf --additional-intervals 0x0180,0x024F --additional-intervals 0x1E00,0x1EFF --2bit --compress
 */
#pragma once
#include "EpdFontData.h"

static const uint8_t bookerly_18_regularBitmaps[46258] = {
    0xB5, 0x5A, 0xBF, 0x93, 0xDD, 0xD6, 0x75, 0xBE, 0x78, 0xD0, 0x2E, 0x26, 0xC2, 0x4C, 0xE0, 0x42,
    0x9B, 0x4C, 0xC8, 0x02, 0x4D, 0x9A, 0x78, 0x32, 0xC6, 0x3F, 0x20, 0x0B, 0x90, 0x59, 0xA8, 0x70,
    0xC1, 0x2D, 0xB8, 0xF2, 0x58, 0x2A, 0x92, 0x22, 0x2E, 0x64, 0xCF, 0x64, 0x5B, 0x17, 0x12, 0x01,
    0x0F, 0x0B, 0x17, 0x29, 0xB4, 0x05, 0x9D, 0xD2, 0xE3, 0x42, 0x9E, 0xB1, 0x56, 0x33, 0xD9, 0x56,
    0x05, 0x45, 0xC0, 0x64, 0xC1, 0x42, 0x85, 0x9E, 0xCD, 0xCC, 0xB8, 0x48, 0x61, 0x38, 0xA6, 0xE3,
    0x98, 0x2A, 0x0C, 0xD9, 0x90, 0x84, 0x47, 0x01, 0xB8, 0xFE, 0xBE, 0xEF, 0xE0, 0xED, 0x2E, 0x29,
    0x31, 0xB2, 0x24, 0xE7, 0x2D, 0x16, 0x3F, 0x2E, 0x80, 0x7B, 0xCF, 0x3D, 0x3F, 0xBF, 0x73, 0x2E,
    0x76, 0x2E, 0x0D, 0xF5, 0xE5, 0xDE, 0x27, 0x9D, 0x6D, 0x73, 0xD2, 0xDE, 0x8C, 0xB9, 0x5D, 0x8D,
    0xDA, 0xAB, 0x61, 0xFB, 0x4C, 0xE0, 0xF0, 0x7B, 0x22, 0x1C, 0xEB, 0x77, 0xC6, 0xFA, 0xA7, 0x47,
    0x38, 0x4F, 0x8B, 0x1B, 0xF9, 0xB3, 0x63, 0xFE, 0x35, 0x6D, 0x01, 0xB6, 0xE1, 0x74, 0xCB, 0x5C,
    0xFF, 0x15, 0xD7, 0xBB, 0xB3, 0x5F, 0xEE, 0x9E, 0xC1, 0xFE, 0x19, 0xF7, 0x55, 0xEC, 0x5F, 0x71,
    0x2F, 0x63, 0x7F, 0x03, 0x7F, 0xCE, 0x8D, 0x6E, 0x70, 0xC1, 0xC1, 0xE6, 0x60, 0x73, 0x25, 0xF4,
    0xF8, 0x8D, 0x11, 0xF7, 0x83, 0x0B, 0xBB, 0xB0, 0x75, 0x2E, 0x6C, 0xC3, 0xB5, 0x73, 0xD1, 0x3A,
    0x6A, 0xB0, 0x6F, 0x62, 0xEC, 0xE3, 0x26, 0xA9, 0x9C, 0x4B, 0xAA, 0xA4, 0x70, 0x5F, 0x3E, 0xB9,
    0x5F, 0xDF, 0xAF, 0x72, 0x3E, 0xDF, 0x7C, 0xB9, 0x3E, 0xAE, 0x8F, 0x0B, 0x74, 0xCF, 0x41, 0xBE,
    0x8A, 0x01, 0x1C, 0x86, 0xB8, 0xA1, 0x41, 0x46, 0xEC, 0x07, 0xFC, 0x39, 0xF7, 0x23, 0xFC, 0x2D,
    0xBF, 0xB0, 0xD1, 0x13, 0xEC, 0xF5, 0xDC, 0xC9, 0xAE, 0x6F, 0x1D, 0xC6, 0x6F, 0x57, 0x7E, 0xF6,
    0x55, 0xF9, 0xFD, 0xDB, 0x63, 0xD2, 0x7E, 0x37, 0x59, 0x8F, 0x51, 0x75, 0x23, 0x6D, 0xBE, 0x1B,
    0x7F, 0x6F, 0x8C, 0x2B, 0x97, 0xB4, 0x6F, 0x3A, 0xE7, 0xFF, 0xAD, 0x72, 0xA1, 0xC7, 0xEC, 0x52,
    0x0F, 0xF2, 0x32, 0xBC, 0x85, 0x33, 0xBC, 0xFF, 0x91, 0x07, 0x69, 0xF1, 0xF8, 0x84, 0xEB, 0xB2,
    0x5B, 0xEB, 0xC4, 0x4D, 0xCF, 0xB8, 0x2E, 0xF9, 0x45, 0x97, 0xB8, 0xB1, 0x2E, 0xBA, 0xEC, 0xCE,
    0x94, 0x44, 0x7D, 0xFE, 0xE0, 0xA3, 0xD9, 0x81, 0xE0, 0x22, 0xA8, 0x7D, 0x81, 0x57, 0x31, 0xF0,
    0xAA, 0x73, 0x8F, 0x9C, 0x84, 0x9D, 0x38, 0x75, 0xEE, 0x47, 0xCE, 0x07, 0x78, 0x9E, 0x1C, 0x4D,
    0xF8, 0xE2, 0x5B, 0x1C, 0x11, 0x73, 0xBA, 0x8A, 0xEB, 0x75, 0x4D, 0xEE, 0xBA, 0x78, 0x1D, 0xB7,
    0x2E, 0xAD, 0xF8, 0xF6, 0xE8, 0x92, 0xC6, 0x05, 0x03, 0x5A, 0x63, 0xD0, 0x77, 0x13, 0x8F, 0x90,
    0x99, 0x59, 0x11, 0xF6, 0x1C, 0x03, 0x6D, 0x13, 0x3B, 0x5A, 0xF1, 0x01, 0xF2, 0x08, 0x0F, 0x34,
    0x2F, 0xBB, 0x6F, 0x17, 0x69, 0x13, 0x43, 0xC8, 0x7E, 0x0C, 0x87, 0xB0, 0x4B, 0x03, 0x70, 0xB5,
    0x7C, 0xB7, 0x4F, 0x8A, 0x29, 0x1C, 0x22, 0xDF, 0xC7, 0xCD, 0x5B, 0xAE, 0x74, 0x59, 0x1B, 0xAD,
    0x73, 0x74, 0x47, 0xC9, 0xA4, 0xCD, 0x0A, 0x9D, 0x04, 0x5D, 0xD4, 0xA2, 0x03, 0xB0, 0x18, 0xDD,
    0x65, 0x15, 0x19, 0x7E, 0x53, 0xA3, 0xBE, 0xE2, 0xD2, 0x26, 0xEC, 0x49, 0x59, 0x44, 0x82, 0x30,
    0x3A, 0x46, 0x25, 0xB9, 0x8D, 0xCB, 0x9A, 0x52, 0x47, 0x08, 0xBC, 0x70, 0x11, 0x29, 0xC3, 0x51,
    0xB3, 0xFF, 0x16, 0xFE, 0x9F, 0xDA, 0x4E, 0x7A, 0x77, 0x5F, 0x53, 0xF7, 0x33, 0x0F, 0xB1, 0xF7,
    0x15, 0x35, 0x6E, 0x9D, 0x53, 0x60, 0x79, 0x91, 0xF0, 0x50, 0x8A, 0x14, 0x57, 0x3B, 0x5D, 0x9D,
    0x1E, 0xB2, 0x42, 0x87, 0xAB, 0x7C, 0xAF, 0x7C, 0x76, 0x90, 0xF6, 0x55, 0xAD, 0x0E, 0x8D, 0x75,
    0xD9, 0x62, 0x76, 0x55, 0xE4, 0xBB, 0x15, 0x0E, 0xE9, 0x6F, 0xC7, 0xE0, 0xE4, 0x7E, 0x91, 0xDF,
    0x9A, 0x49, 0x77, 0xE9, 0x7C, 0x81, 0x43, 0xED, 0xF2, 0x75, 0xB4, 0x76, 0xDE, 0x25, 0x3D, 0x0E,
    0xB3, 0x8B, 0xE6, 0x98, 0x57, 0xCE, 0xBF, 0xD3, 0xF0, 0x90, 0x43, 0xDA, 0x65, 0x05, 0xA2, 0x2A,
    0x97, 0xB7, 0x6E, 0x05, 0x55, 0x48, 0xE7, 0xE2, 0xD0, 0xFB, 0x23, 0x6A, 0xEF, 0x6F, 0x41, 0x71,
    0x8D, 0xFF, 0xC3, 0xD1, 0x05, 0x2F, 0x15, 0x2E, 0x38, 0x72, 0xD1, 0xDD, 0x7E, 0xCA, 0x2F, 0xDF,
    0xEE, 0xC6, 0x3C, 0xB9, 0xD5, 0xBD, 0xB9, 0x4C, 0xEF, 0x69, 0x07, 0x86, 0x84, 0x83, 0xA3, 0xD4,
    0x1A, 0x0A, 0x70, 0x76, 0xC1, 0xC8, 0x06, 0xF0, 0x0B, 0x6D, 0x98, 0x59, 0x4A, 0x56, 0x81, 0x74,
    0x6D, 0xC5, 0xB9, 0xCD, 0x5A, 0x74, 0x37, 0x5D, 0x43, 0x25, 0x5D, 0xD2, 0xB9, 0xA8, 0x77, 0x21,
    0x06, 0x04, 0xB3, 0xBC, 0xE6, 0x99, 0xB6, 0x2E, 0x1E, 0xDC, 0x6A, 0x76, 0x32, 0x06, 0x53, 0x79,
    0x3C, 0xC0, 0x5B, 0x3C, 0x94, 0x0D, 0x6F, 0xF3, 0x59, 0x3C, 0xA8, 0x86, 0x8A, 0xBD, 0xAC, 0xF8,
    0x04, 0xB5, 0x5C, 0x6D, 0x50, 0x2C, 0x0C, 0x11, 0x5B, 0xF3, 0x72, 0x81, 0x3B, 0x3D, 0x29, 0x07,
    0xA7, 0x28, 0x6F, 0x90, 0x89, 0xFB, 0x68, 0xE2, 0x23, 0x23, 0x27, 0xC1, 0x07, 0x4B, 0x6D, 0xA9,
    0x29, 0xAE, 0xDB, 0xC1, 0xE0, 0x7D, 0xD8, 0x8C, 0xAB, 0xF1, 0x15, 0x57, 0xFF, 0x10, 0xEC, 0xFA,
    0x4E, 0x93, 0xF8, 0x2E, 0xFB, 0x60, 0xAC, 0x7F, 0x18, 0x64, 0x77, 0x9A, 0xF0, 0xA7, 0x83, 0x14,
    0xF8, 0xC9, 0xAD, 0xE0, 0xDF, 0x72, 0x52, 0x17, 0xA9, 0x11, 0x75, 0xEC, 0x7C, 0x03, 0xCD, 0xFD,
    0x55, 0xFC, 0xFF, 0xEA, 0xA0, 0xFC, 0xC1, 0x95, 0x4F, 0x7C, 0xC2, 0x1A, 0xF8, 0xFB, 0xE7, 0x68,
    0x0C, 0x27, 0xFC, 0x41, 0xA1, 0xA3, 0x3E, 0xE9, 0x92, 0x26, 0xAF, 0xAE, 0xBA, 0xEF, 0xBA, 0xBD,
    0x83, 0xA2, 0xF4, 0x33, 0xB6, 0xDC, 0x4F, 0x3B, 0x97, 0xA6, 0xF2, 0x43, 0x9F, 0xAF, 0xA9, 0x6A,
    0x7B, 0xD4, 0xAF, 0xC6, 0x99, 0x7A, 0x77, 0xB2, 0x0F, 0x4D, 0x49, 0x8A, 0x04, 0xB6, 0x7F, 0xF2,
    0xCD, 0x9B, 0xF2, 0x6D, 0x67, 0x37, 0xA3, 0x6E, 0xA1, 0xE0, 0x71, 0x37, 0xC3, 0x47, 0x6F, 0x5E,
    0xA8, 0x4E, 0x6D, 0xDC, 0xD1, 0x2B, 0x40, 0x37, 0x47, 0x30, 0x09, 0xF6, 0x17, 0xF8, 0x22, 0x1D,
    0xA5, 0x76, 0x45, 0x5D, 0xB8, 0xAC, 0x93, 0xEC, 0x20, 0x2F, 0x57, 0x7F, 0x9D, 0xCE, 0xE7, 0xD7,
    0xE8, 0x25, 0x1A, 0x71, 0xDB, 0x79, 0x2A, 0x76, 0xFE, 0x0E, 0x7A, 0x4F, 0x3E, 0x44, 0x63, 0x38,
    0x9D, 0x36, 0x96, 0x6C, 0xD4, 0x93, 0x71, 0x8F, 0xBE, 0xC3, 0x31, 0xC3, 0xEB, 0x3E, 0xA2, 0x3C,
    0x0B, 0x6A, 0x6F, 0x93, 0x0E, 0xAE, 0x5C, 0xAF, 0xFC, 0x7D, 0x78, 0xB2, 0xCC, 0x63, 0x17, 0xC8,
    0xD0, 0x82, 0x6F, 0x6D, 0x8D, 0x70, 0x0D, 0x52, 0xAA, 0x5D, 0xA8, 0x73, 0x0E, 0x7F, 0xE3, 0xE9,
    0xEA, 0xA0, 0x29, 0x54, 0xB3, 0x68, 0x90, 0xEE, 0x7C, 0x9E, 0x4B, 0x38, 0xBF, 0x7B, 0xA5, 0xF7,
    0x7F, 0xE0, 0x1C, 0xCD, 0xE0, 0x4B, 0x8C, 0x9C, 0x7A, 0xDA, 0x25, 0x08, 0x81, 0x1E, 0xFA, 0x06,
    0x5A, 0xE4, 0x2F, 0x21, 0x0E, 0x4C, 0xD4, 0xB0, 0x01, 0xB2, 0xCD, 0xD6, 0x4F, 0x90, 0x11, 0x4E,
    0x9A, 0xE9, 0x38, 0x0D, 0x72, 0x06, 0x06, 0xCA, 0x13, 0x90, 0x4C, 0x75, 0x76, 0x35, 0x4F, 0xC6,
    0xED, 0xC9, 0x69, 0x0B, 0x9F, 0x01, 0x07, 0x5D, 0x32, 0x1F, 0x1F, 0xBF, 0x4E, 0x15, 0x1A, 0x6B,
    0xEA, 0x10, 0x43, 0x07, 0xEE, 0xEC, 0xD3, 0x99, 0xB6, 0xA0, 0x01, 0x6C, 0x7E, 0x50, 0x77, 0xE5,
    0x3A, 0x9C, 0xA0, 0xE9, 0xE5, 0xB5, 0x06, 0x76, 0xF0, 0x25, 0x5A, 0xA4, 0x0B, 0x26, 0x1B, 0x2D,
    0xA0, 0xA3, 0xC2, 0x7F, 0x8A, 0xFF, 0x1C, 0x52, 0x4A, 0x38, 0x01, 0xCA, 0xC8, 0x28, 0x23, 0x51,
    0x1C, 0x74, 0x35, 0x2D, 0x0D, 0x35, 0xA6, 0x57, 0x93, 0xA7, 0xED, 0xCE, 0xA1, 0x6F, 0xC9, 0x5F,
    0xF9, 0xBC, 0x0B, 0xD7, 0xCF, 0x5C, 0x7B, 0x46, 0x0F, 0x96, 0x91, 0xC0, 0x94, 0x6F, 0xC9, 0xBB,
    0x27, 0x0C, 0x2B, 0xF1, 0x47, 0x68, 0x8C, 0x36, 0x13, 0x27, 0x5C, 0x62, 0xD8, 0x11, 0xA6, 0x1E,
    0x4C, 0x30, 0x73, 0x37, 0x93, 0x1C, 0xEF, 0xD0, 0x58, 0xD3, 0xFE, 0xCB, 0x02, 0x8D, 0x79, 0x85,
    0x46, 0x52, 0x5D, 0xA4, 0xBF, 0x39, 0x38, 0xFC, 0xCD, 0x73, 0x8A, 0xA2, 0xDC, 0xCD, 0x29, 0xF7,
    0x15, 0x5D, 0x27, 0xA3, 0x1C, 0x07, 0xD2, 0x6C, 0xF8, 0xFA, 0xF9, 0x46, 0xF7, 0x13, 0x4A, 0xC1,
    0xB7, 0x70, 0xB4, 0x74, 0x5F, 0xBE, 0x4D, 0xC8, 0x61, 0xFA, 0x5E, 0xF9, 0xD8, 0x69, 0x7B, 0x32,
    0xD3, 0x10, 0xFC, 0x3D, 0xEA, 0x49, 0x47, 0x91, 0xAD, 0xDD, 0x5E, 0x4D, 0x26, 0x96, 0x62, 0x76,
    0x43, 0xE5, 0xA3, 0x5E, 0xAF, 0xB7, 0x27, 0x8C, 0xDC, 0xE3, 0x22, 0xA2, 0x1C, 0xBA, 0x98, 0x4D,
    0x7C, 0xA1, 0xC8, 0xA5, 0xDE, 0x68, 0x0C, 0x7E, 0x6C, 0x7C, 0x80, 0x93, 0x70, 0x17, 0xBD, 0x82,
    0x42, 0xE5, 0x6A, 0x8C, 0x12, 0x93, 0x13, 0x62, 0x04, 0x5F, 0x2F, 0xB7, 0x3D, 0xA7, 0x12, 0x3C,
    0x8C, 0x05, 0x0F, 0x6E, 0xA8, 0xB2, 0x88, 0xA7, 0xF7, 0x6B, 0x0F, 0xA5, 0x88, 0x67, 0x28, 0x4E,
    0x3C, 0x62, 0xC4, 0xA4, 0x07, 0x45, 0x19, 0x95, 0xBE, 0x7C, 0xB5, 0x83, 0xC2, 0x41, 0x2E, 0xD1,
    0x80, 0x1E, 0xB2, 0x35, 0xFA, 0xF6, 0x10, 0x60, 0x3C, 0x84, 0xFE, 0x7F, 0x7C, 0x13, 0x2E, 0x96,
    0x86, 0x81, 0x5E, 0x28, 0xD8, 0x97, 0x6F, 0xC9, 0xAC, 0xBB, 0xDC, 0x5D, 0xBE, 0x7F, 0xFC, 0xC6,
    0x98, 0x53, 0x3E, 0xF4, 0x6A, 0x80, 0x21, 0x49, 0x17, 0x1B, 0xD3, 0x4C, 0xFF, 0x9A, 0x85, 0x3B,
    0x31, 0xE3, 0x16, 0xD4, 0xDA, 0x9A, 0xD3, 0xAD, 0x5A, 0x52, 0x6B, 0x4C, 0xB6, 0xBC, 0x8A, 0x1E,
    0xBA, 0xD2, 0x3D, 0x3D, 0x29, 0x19, 0x8C, 0xF2, 0x55, 0x62, 0x02, 0x5D, 0x50, 0x66, 0x20, 0xA4,
    0x73, 0xE5, 0xFD, 0xBA, 0x43, 0xA7, 0x79, 0x0B, 0x21, 0xE5, 0xB2, 0x07, 0x5C, 0x85, 0x23, 0x26,
    0x99, 0xB4, 0x69, 0xC7, 0x10, 0xD5, 0x43, 0xB1, 0xF3, 0x8D, 0x74, 0xB1, 0x63, 0x50, 0x22, 0x2A,
    0x01, 0xC7, 0xCA, 0x5B, 0xBE, 0xC5, 0x88, 0xBE, 0x05, 0x2B, 0xEA, 0x5B, 0xD4, 0x15, 0x71, 0x81,
    0xDE, 0x63, 0xA0, 0xC3, 0xFF, 0x35, 0x9A, 0xEA, 0x68, 0x82, 0xAA, 0x26, 0xFE, 0x79, 0x0F, 0x5F,
    0x0C, 0x2E, 0x44, 0xE2, 0xC2, 0x4B, 0x85, 0x99, 0x83, 0xFC, 0x50, 0x2A, 0x11, 0xFD, 0x1E, 0x0F,
    0xF4, 0x2B, 0xD8, 0x63, 0x11, 0xF8, 0x4B, 0x18, 0x1F, 0xA0, 0x10, 0x02, 0x65, 0xB4, 0x78, 0x0F,
    0xD3, 0xCF, 0x7F, 0x41, 0x4F, 0x72, 0x19, 0x11, 0x62, 0x42, 0x20, 0x8C, 0xFB, 0xB2, 0x25, 0xA9,
    0x9B, 0xE7, 0x3D, 0x55, 0x68, 0x94, 0x42, 0xB9, 0x9D, 0x03, 0xB1, 0x60, 0x5C, 0xD4, 0x62, 0xC5,
    0xAB, 0x8C, 0x8E, 0x50, 0x16, 0x02, 0xDD, 0x3B, 0xA4, 0x87, 0xC3, 0x83, 0x21, 0x11, 0x8D, 0x3C,
    0xCF, 0xC5, 0x6B, 0x73, 0xF9, 0xE1, 0x6C, 0xD1, 0xFA, 0xF4, 0x77, 0xEA, 0xAB, 0x57, 0x7D, 0x3C,
    0x26, 0x53, 0x32, 0x8A, 0xAB, 0x8F, 0xFE, 0x1E, 0xE3, 0xF4, 0x97, 0x5F, 0x44, 0x43, 0xC0, 0xD8,
    0x25, 0x42, 0x25, 0xA2, 0x76, 0x04, 0x96, 0xA5, 0xB3, 0x29, 0x2F, 0xE8, 0x77, 0x09, 0x35, 0x8C,
    0x24, 0xAD, 0xA4, 0x78, 0x24, 0xB0, 0x9C, 0x9C, 0x1E, 0x75, 0x91, 0xB4, 0x4F, 0xBD, 0x7C, 0xF9,
    0xF8, 0xF8, 0xF8, 0x32, 0x74, 0xE4, 0xD7, 0x82, 0xAA, 0x8F, 0xFE, 0x68, 0x74, 0xDB, 0x30, 0x25,
    0xD4, 0x11, 0x62, 0x50, 0x06, 0x62, 0xF5, 0x1C, 0xB1, 0xE7, 0xF4, 0xAC, 0xE7, 0xCE, 0x89, 0x0A,
    0xD9, 0x06, 0xEE, 0x73, 0x60, 0x8E, 0x0B, 0x33, 0xD1, 0xA8, 0xF0, 0x1E, 0x0E, 0x58, 0xD7, 0xA2,
    0x43, 0x70, 0x1D, 0x8D, 0x40, 0x6D, 0xBE, 0xA7, 0x9C, 0xBF, 0xF2, 0x0D, 0x6F, 0x9A, 0x45, 0xD8,
    0x73, 0xD3, 0xC2, 0x52, 0xAE, 0x18, 0x03, 0x17, 0x8B, 0x61, 0x32, 0x0F, 0xE0, 0x36, 0xBB, 0x72,
    0x96, 0xE1, 0xE4, 0x06, 0x30, 0x39, 0x81, 0xE2, 0x3C, 0xAE, 0xA4, 0x77, 0xC6, 0xD8, 0xA1, 0x37,
    0xA1, 0xFC, 0x8B, 0x79, 0xFD, 0xFA, 0x77, 0xE6, 0x9C, 0x30, 0x95, 0xC2, 0x8E, 0xF2, 0x94, 0x40,
    0x39, 0xEE, 0x10, 0x9D, 0xC5, 0xB3, 0xC9, 0x50, 0xB2, 0xA4, 0x6D, 0xD2, 0x00, 0xD8, 0x95, 0x9C,
    0x06, 0x48, 0x80, 0xA6, 0xEE, 0x32, 0xBC, 0x54, 0x65, 0x01, 0x52, 0xE1, 0xBC, 0x92, 0x2E, 0x98,
    0x5F, 0xEC, 0x41, 0xEA, 0x84, 0x50, 0x0A, 0x84, 0x31, 0x01, 0x3E, 0x76, 0xC0, 0x0C, 0xC9, 0xCF,
    0x47, 0x98, 0x3E, 0xE2, 0xE3, 0x94, 0x33, 0xEC, 0xA0, 0xE1, 0x2E, 0x66, 0x7D, 0xC1, 0xB3, 0x81,
    0x26, 0x89, 0x86, 0xDB, 0x78, 0x6D, 0x73, 0xD8, 0x20, 0xBF, 0x00, 0x80, 0xC5, 0x13, 0xD9, 0x25,
    0x68, 0x3D, 0x5E, 0x89, 0xBA, 0xBC, 0x8A, 0xD8, 0xC7, 0x44, 0x2B, 0xA9, 0xEA, 0xF7, 0xEB, 0x2A,
    0xA3, 0x49, 0xD7, 0x08, 0x23, 0xA0, 0xC4, 0x5F, 0x03, 0xFF, 0x60, 0x2C, 0x17, 0xAA, 0x60, 0xDF,
    0x2C, 0x54, 0xB2, 0x98, 0x97, 0xA9, 0x27, 0x5B, 0xC1, 0xE5, 0xF4, 0x7E, 0x7F, 0x4D, 0xB9, 0x6D,
    0xA0, 0x8A, 0x8C, 0xDE, 0x9C, 0x2C, 0x85, 0xCD, 0x13, 0x3D, 0x1E, 0x1C, 0xC2, 0xE1, 0x3D, 0xF4,
    0xDB, 0xB5, 0xC3, 0xD2, 0xAB, 0x5F, 0x60, 0xE5, 0x5A, 0x23, 0x2C, 0x42, 0xA7, 0x64, 0xC1, 0xA9,
    0x5F, 0xC8, 0xB9, 0x26, 0xB7, 0x65, 0xE5, 0xE9, 0x35, 0x1D, 0xF2, 0xC5, 0x03, 0xCB, 0x1B, 0x00,
    0xBB, 0xE8, 0x30, 0xAA, 0x37, 0x82, 0xF2, 0x46, 0x20, 0x21, 0x33, 0xBC, 0x40, 0x3F, 0x01, 0x0B,
    0x65, 0x6F, 0x3C, 0xA0, 0xB7, 0x8C, 0x9E, 0x49, 0x88, 0x44, 0xB8, 0xCD, 0x74, 0x6B, 0xE6, 0xF8,
    0xE4, 0x1F, 0x03, 0xCF, 0xCA, 0x22, 0x60, 0x34, 0x31, 0x5A, 0xDD, 0xAB, 0xF1, 0xAE, 0xB2, 0xA4,
    0x8E, 0xF6, 0x18, 0xBC, 0x50, 0xBF, 0x46, 0x6B, 0x87, 0x1E, 0x95, 0x6A, 0x4B, 0x81, 0x82, 0xE1,
    0x15, 0x69, 0xA0, 0xE0, 0x56, 0x46, 0x98, 0x0B, 0xF2, 0xE8, 0x65, 0xCE, 0x4E, 0x53, 0xA2, 0x5E,
    0xB8, 0xAD, 0x84, 0x6E, 0xC7, 0x29, 0x6C, 0x27, 0x8A, 0x2A, 0xFE, 0xB8, 0x9E, 0xF5, 0x5A, 0xCF,
    0x49, 0xD4, 0x0D, 0x4E, 0x43, 0x21, 0x96, 0xAC, 0x31, 0x34, 0x29, 0x30, 0x7A, 0xDA, 0xEA, 0x2B,
    0x9C, 0x96, 0xDD, 0x2E, 0x5E, 0x9B, 0x94, 0xEE, 0x91, 0x86, 0xF9, 0x8C, 0xAB, 0x37, 0xAF, 0x0B,
    0xE9, 0xF7, 0xDC, 0xF9, 0x6A, 0xE5, 0x7F, 0x70, 0x38, 0x30, 0xA6, 0xE4, 0x15, 0xB8, 0xB0, 0x1A,
    0x38, 0xDD, 0xB4, 0x62, 0x1C, 0x87, 0x61, 0x3B, 0xF7, 0x57, 0xC1, 0x7C, 0x1A, 0x40, 0xC3, 0xF1,
    0x14, 0xDE, 0x3F, 0xE6, 0x54, 0x1C, 0xA7, 0x8D, 0x2F, 0x4A, 0x9B, 0x4A, 0xFE, 0x12, 0x99, 0xEC,
    0x0F, 0xBA, 0x76, 0xE4, 0xFE, 0x95, 0x6E, 0xCB, 0xAF, 0x03, 0xBF, 0x04, 0x06, 0xBE, 0xF4, 0x02,
    0x8C, 0xEE, 0x85, 0xFA, 0x75, 0x27, 0xA6, 0xC1, 0x32, 0x4B, 0x3B, 0xA4, 0xDD, 0x4E, 0x6D, 0x60,
    0xBB, 0x14, 0x5F, 0x5C, 0xDD, 0xF2, 0x02, 0x9D, 0xF3, 0x02, 0xDA, 0xE5, 0xDD, 0xC2, 0x90, 0x65,
    0xEE, 0x70, 0x7E, 0xBC, 0x80, 0xB0, 0xE4, 0x00, 0xDB, 0xC7, 0x5D, 0xD8, 0x63, 0xCB, 0x3B, 0xA5,
    0x3A, 0x88, 0x7B, 0x03, 0x1F, 0xEA, 0x3A, 0x57, 0x22, 0x92, 0x4A, 0xB7, 0xE1, 0xBB, 0x76, 0x81,
    0x98, 0x7C, 0x11, 0x9E, 0xD2, 0x36, 0x9F, 0x5A, 0xF7, 0xDE, 0x01, 0x7E, 0x96, 0x4E, 0x8B, 0xE6,
    0x2A, 0x7D, 0x70, 0xFC, 0x86, 0xE8, 0x4A, 0x29, 0x06, 0xA7, 0xD3, 0xA4, 0xE0, 0xE9, 0xBE, 0xA9,
    0x60, 0x22, 0x95, 0x3D, 0x7F, 0x7A, 0x42, 0x1B, 0x52, 0xD7, 0xD2, 0x95, 0x8F, 0x3F, 0xB0, 0x3D,
    0x7D, 0x8A, 0xA7, 0xA1, 0x48, 0x7F, 0x85, 0xA7, 0xB1, 0x4E, 0xA7, 0x5D, 0x0E, 0x7C, 0x5B, 0x89,
    0xBD, 0xD1, 0x40, 0xA2, 0xAE, 0xF0, 0x74, 0xD2, 0x2E, 0xF0, 0xC7, 0x6F, 0x4C, 0x7C, 0x5E, 0x46,
    0xA0, 0x37, 0x9F, 0xE6, 0xEE, 0xEF, 0xAD, 0xE7, 0x47, 0x77, 0x07, 0x07, 0x47, 0x4E, 0x5E, 0xD5,
    0x76, 0xC7, 0xC7, 0xD5, 0x27, 0x3F, 0xF7, 0xF1, 0xDD, 0xAE, 0xFF, 0x1D, 0x23, 0xA4, 0xF1, 0x48,
    0xD6, 0x7A, 0xF2, 0x3B, 0x21, 0x19, 0xAA, 0x5F, 0x2E, 0x8D, 0x2E, 0x37, 0x07, 0x30, 0x7F, 0x44,
    0x30, 0xA8, 0x2D, 0xE1, 0x46, 0x29, 0xCD, 0x49, 0x2A, 0x2A, 0x98, 0xCD, 0xCC, 0xED, 0x5B, 0xC8,
    0x11, 0xBE, 0x5B, 0x3A, 0x5F, 0x72, 0x4A, 0x63, 0x07, 0x15, 0x6E, 0xEF, 0xE0, 0x8A, 0x97, 0xC7,
    0xC4, 0x0D, 0xA8, 0xF1, 0x65, 0x58, 0xEC, 0x4E, 0x7D, 0x6D, 0x16, 0xD8, 0x22, 0x3E, 0x8A, 0xFA,
    0x94, 0x79, 0xF3, 0xA4, 0xF0, 0x57, 0x16, 0x25, 0x91, 0xFC, 0x3A, 0xA6, 0xDB, 0xEF, 0xA1, 0x7D,
    0x0F, 0xA0, 0x73, 0x8B, 0xA2, 0x19, 0x6D, 0x6E, 0xEF, 0xC7, 0x05, 0xFB, 0x74, 0xC1, 0xC1, 0xC1,
    0x73, 0x8C, 0xEE, 0x35, 0x59, 0x39, 0xB0, 0xEB, 0x82, 0x1D, 0xED, 0x7A, 0x23, 0x24, 0x55, 0x16,
    0xB8, 0x4D, 0x00, 0x3F, 0xC3, 0xA5, 0x17, 0x2F, 0x13, 0x6F, 0xCE, 0x6E, 0x7B, 0xF9, 0xB9, 0xBA,
    0x7A, 0xE8, 0x72, 0xD7, 0xBF, 0x86, 0xF9, 0x3D, 0xB8, 0xE4, 0x05, 0xAD, 0x41, 0xF3, 0x24, 0xB8,
    0x0C, 0x05, 0x50, 0xF6, 0x35, 0x10, 0x4B, 0x1B, 0xED, 0x9F, 0x6B, 0xDB, 0xF5, 0xF7, 0x20, 0x36,
    0x74, 0xE5, 0xA0, 0x50, 0x60, 0x46, 0x97, 0x41, 0xF5, 0x77, 0xBC, 0x39, 0x45, 0xD9, 0x49, 0xA3,
    0x27, 0xFF, 0x42, 0x97, 0x9C, 0x1F, 0xD3, 0x08, 0x82, 0x28, 0x26, 0xBF, 0x48, 0xDA, 0x3D, 0x71,
    0xBD, 0x0B, 0xFE, 0x57, 0xA6, 0x76, 0x05, 0x64, 0x3C, 0xEB, 0x19, 0x71, 0xFD, 0xF7, 0xA1, 0xE6,
    0x31, 0xDD, 0xEB, 0x5A, 0xD1, 0xC6, 0xCB, 0xED, 0x10, 0xBA, 0x4D, 0xEA, 0x8D, 0x18, 0x28, 0x6F,
    0xE4, 0x9A, 0xBC, 0xC1, 0xDA, 0x51, 0xD8, 0x28, 0xE9, 0x14, 0x4D, 0xF2, 0xB7, 0xCD, 0x31, 0xD1,
    0xCD, 0x21, 0x88, 0xC8, 0x83, 0x25, 0x76, 0xC8, 0xDF, 0xD1, 0xC1, 0x27, 0xA3, 0x54, 0x2D, 0xB1,
    0xB7, 0x94, 0x7D, 0x20, 0x8F, 0xB3, 0x0E, 0x79, 0x40, 0xDF, 0xA9, 0x8D, 0xC5, 0x03, 0x6B, 0x01,
    0x26, 0x0D, 0xA0, 0x0E, 0xBA, 0xFD, 0x94, 0x14, 0x02, 0xCF, 0x9A, 0xFA, 0xEE, 0x1E, 0x41, 0x22,
    0xCE, 0x10, 0x27, 0xE4, 0xB4, 0x71, 0xF2, 0x2D, 0x8F, 0xB1, 0xF2, 0x2F, 0x7E, 0xFA, 0xF4, 0x99,
    0x9F, 0x90, 0xC9, 0x27, 0x3C, 0x0D, 0xC6, 0x47, 0xFD, 0x44, 0x11, 0x80, 0xA3, 0xCE, 0x61, 0xC7,
    0xCC, 0x10, 0x06, 0xDA, 0x86, 0xD4, 0xCE, 0x50, 0x6E, 0x99, 0xCE, 0x76, 0x30, 0x10, 0xC5, 0x74,
    0x29, 0xF8, 0x08, 0x17, 0xFC, 0x4F, 0x09, 0xF1, 0xC1, 0xC4, 0xD5, 0x07, 0x60, 0xF6, 0x1F, 0xD0,
    0x90, 0x21, 0x84, 0x3D, 0x03, 0xA4, 0x1E, 0x76, 0xDE, 0xC5, 0xB7, 0x18, 0x33, 0x81, 0xD6, 0xC7,
    0x94, 0x0D, 0x79, 0x91, 0x7C, 0x8F, 0x0D, 0xE1, 0xB0, 0xEA, 0xD4, 0x90, 0x36, 0x39, 0x93, 0x9C,
    0xAB, 0x6E, 0x8A, 0xD6, 0x78, 0x2D, 0x42, 0xFE, 0x73, 0xC3, 0x1A, 0xCA, 0xA4, 0x02, 0xAC, 0x89,
    0xD7, 0xE1, 0xFB, 0x3D, 0xC3, 0xEC, 0x5B, 0x2E, 0x3B, 0x51, 0xCD, 0x65, 0x4D, 0xF1, 0x7B, 0x06,
    0x6E, 0xC0, 0x46, 0x74, 0x0C, 0x18, 0x06, 0xFB, 0xAE, 0xD9, 0x00, 0x37, 0x61, 0x0D, 0x08, 0xD2,
    0xA5, 0xDB, 0x9D, 0xF7, 0x83, 0x1F, 0x41, 0x08, 0xCF, 0x29, 0x0F, 0x83, 0x9E, 0xD6, 0x0C, 0xE3,
    0x84, 0x70, 0x7B, 0xE0, 0xBC, 0xEC, 0xBA, 0x27, 0xEF, 0x47, 0x96, 0x95, 0x08, 0xC4, 0x09, 0x49,
    0x65, 0x50, 0x68, 0x66, 0x29, 0xC8, 0x1B, 0xC0, 0xA3, 0xE3, 0xE2, 0xE5, 0x2F, 0x07, 0x5D, 0x4E,
    0xB9, 0xCA, 0x31, 0xC9, 0xCF, 0xBC, 0x5D, 0xC6, 0x83, 0xD5, 0x8D, 0xA0, 0x60, 0xBC, 0x44, 0xB8,
    0xD0, 0x25, 0x9A, 0x79, 0x09, 0xBD, 0x8B, 0x8D, 0x68, 0xBB, 0x8C, 0x47, 0x2B, 0x32, 0xE5, 0xAD,
    0x2E, 0x9D, 0xB7, 0xCB, 0x68, 0xB4, 0xCB, 0xFC, 0x5D, 0x5D, 0x3A, 0x72, 0x7D, 0xA2, 0x7A, 0xD8,
    0x65, 0x46, 0x4D, 0x3A, 0x42, 0x33, 0xE4, 0x41, 0x62, 0x67, 0x92, 0xBD, 0x64, 0xE3, 0x4B, 0xEA,
    0xF0, 0xA4, 0xB0, 0x52, 0x64, 0xCE, 0xAB, 0x96, 0x27, 0x4B, 0xE6, 0x82, 0xC2, 0xD2, 0xEC, 0x94,
    0xCE, 0x45, 0xA6, 0xF9, 0xF1, 0x24, 0x38, 0x96, 0x8C, 0x52, 0x92, 0xAC, 0xAB, 0x55, 0xDB, 0xBB,
    0xAB, 0xB0, 0xEE, 0x5F, 0xED, 0x05, 0xD7, 0xE4, 0x5E, 0xE3, 0x41, 0x0A, 0x94, 0xFD, 0x51, 0x06,
    0x50, 0xEB, 0xD6, 0x6A, 0xA6, 0x25, 0x31, 0xD7, 0x93, 0xD9, 0xFC, 0xDC, 0x0B, 0x82, 0xC9, 0x94,
    0x90, 0xD8, 0x0C, 0x32, 0x0A, 0xE6, 0xD5, 0x18, 0x42, 0x79, 0x27, 0x5C, 0x7B, 0xAF, 0xE4, 0xBD,
    0x9E, 0x0F, 0x6A, 0xF1, 0x5B, 0x81, 0x40, 0x45, 0x0F, 0xBC, 0x79, 0x8C, 0x59, 0x09, 0x1B, 0x31,
    0x5F, 0xEE, 0xE5, 0x82, 0x2B, 0x74, 0x56, 0x32, 0x4A, 0x02, 0x1C, 0x83, 0x0C, 0x05, 0xE6, 0xB8,
    0xB7, 0x2A, 0x1B, 0xE3, 0x7E, 0xC1, 0x12, 0x1C, 0x1B, 0x13, 0xE2, 0x5D, 0x66, 0x5C, 0x04, 0x51,
    0x79, 0x73, 0x51, 0x9E, 0x6E, 0xA2, 0x84, 0x59, 0x62, 0x3B, 0x2E, 0x96, 0x20, 0xA1, 0x59, 0x1A,
    0x26, 0xF1, 0xA7, 0x91, 0xE3, 0xAC, 0x71, 0xD7, 0xBF, 0xEE, 0xAC, 0xA2, 0x60, 0xC6, 0x48, 0x3C,
    0x74, 0xB4, 0xD4, 0x3E, 0x7B, 0x3B, 0x78, 0xC1, 0xD3, 0x7B, 0x17, 0x49, 0xB2, 0x12, 0x05, 0x03,
    0xED, 0xD9, 0x68, 0xE9, 0x15, 0x92, 0x05, 0x96, 0x3B, 0x42, 0x03, 0x0A, 0xB8, 0x15, 0x58, 0xFC,
    0x2B, 0x24, 0x9F, 0x64, 0x30, 0x10, 0xE4, 0xAB, 0x85, 0xA7, 0x46, 0x4A, 0xDD, 0x6C, 0x2F, 0x75,
    0xB7, 0xAE, 0x16, 0xB6, 0x1A, 0x52, 0xF6, 0x62, 0x9E, 0x40, 0xA2, 0x78, 0xEE, 0x16, 0xCE, 0x5A,
    0x62, 0x32, 0x28, 0x89, 0xE3, 0x2D, 0xAA, 0x2C, 0xD5, 0xB4, 0x9C, 0xFF, 0x5D, 0xB4, 0x1B, 0x54,
    0x65, 0xA5, 0xC7, 0xAA, 0x71, 0xF9, 0xA2, 0x21, 0xF5, 0xDA, 0x9D, 0xC3, 0xCA, 0x78, 0xDD, 0x80,
    0x75, 0xBC, 0x24, 0x52, 0xB1, 0x37, 0x2C, 0x1D, 0x1B, 0x03, 0x5C, 0x70, 0xC5, 0x84, 0xB2, 0x20,
    0x56, 0x09, 0xAD, 0x37, 0x72, 0xC8, 0x02, 0xA5, 0x2D, 0x89, 0xE1, 0x12, 0x95, 0xC9, 0x9C, 0x44,
    0xA4, 0x8B, 0xDA, 0x2E, 0xEC, 0xCE, 0x6C, 0xAE, 0x57, 0x6E, 0x9D, 0x4A, 0x91, 0x7C, 0x50, 0xAB,
    0x46, 0xE3, 0xAD, 0xE6, 0x62, 0x6C, 0x0A, 0xCD, 0xA1, 0x2E, 0xA5, 0x25, 0xAA, 0x15, 0x04, 0x6B,
    0x95, 0x1F, 0xBA, 0x44, 0x82, 0xDF, 0x65, 0x50, 0x75, 0x0D, 0xAB, 0xA7, 0x57, 0x2D, 0x87, 0x50,
    0x85, 0xAB, 0x9E, 0xB1, 0x28, 0x34, 0xF2, 0x77, 0x8F, 0xA4, 0x50, 0x2B, 0xAF, 0x9A, 0x99, 0x5F,
    0xE7, 0xFD, 0xDF, 0x4E, 0x20, 0x2B, 0x59, 0x63, 0xA0, 0x89, 0xBE, 0xE3, 0xA7, 0x20, 0xE8, 0x06,
    0x12, 0xD1, 0x1D, 0x31, 0x4D, 0x89, 0x66, 0xAE, 0x9A, 0xDD, 0x4C, 0x01, 0xB3, 0x60, 0xE6, 0x65,
    0x75, 0x4A, 0x18, 0xF9, 0xC4, 0xBC, 0x43, 0xF5, 0x67, 0xED, 0x0E, 0x89, 0x5C, 0xF2, 0x47, 0xE5,
    0xF3, 0x95, 0xCB, 0xEE, 0xD2, 0x90, 0xF3, 0xCD, 0x37, 0xFC, 0x25, 0x0E, 0x13, 0x33, 0xD6, 0x72,
    0x60, 0x41, 0x3F, 0xC1, 0x2C, 0xC3, 0x59, 0xD8, 0x1F, 0x9F, 0x3C, 0x38, 0x9E, 0xAE, 0x32, 0xF9,
    0x9D, 0xDE, 0xE2, 0x7E, 0x7C, 0x99, 0xFB, 0x1B, 0xDA, 0xBF, 0xF9, 0x14, 0xF7, 0x5F, 0xB2, 0xD4,
    0xF8, 0xFF, 0x67, 0x5F, 0x3E, 0x38, 0x12, 0xDA, 0xEA, 0x64, 0x71, 0xDD, 0x16, 0xD1, 0x80, 0xF5,
    0x55, 0xA0, 0x44, 0xBA, 0x82, 0x6C, 0x5B, 0xE6, 0xD8, 0x41, 0x6D, 0xA0, 0x8E, 0xBE, 0xC9, 0x32,
    0x21, 0x29, 0xF3, 0x64, 0x46, 0x92, 0x17, 0x7F, 0x99, 0x9B, 0x51, 0x2F, 0x3D, 0x41, 0xC2, 0x24,
    0x30, 0x57, 0x5A, 0xA1, 0x90, 0x05, 0x75, 0xA2, 0xF7, 0x56, 0x91, 0x3B, 0xB1, 0x94, 0x9C, 0x99,
    0x42, 0xE2, 0xEF, 0xD7, 0xA3, 0xA9, 0xF5, 0x60, 0xDE, 0x4D, 0x6A, 0xBD, 0xC3, 0x82, 0x09, 0xE3,
    0xE7, 0xCE, 0xC1, 0x15, 0xB8, 0x3A, 0xC8, 0x70, 0x22, 0xCE, 0x49, 0xFD, 0xB0, 0xAB, 0xE2, 0x46,
    0x65, 0x55, 0x40, 0xAB, 0x7E, 0xCD, 0xCA, 0x94, 0x83, 0xB3, 0x1A, 0x7C, 0x66, 0xB5, 0x74, 0x8C,
    0xC8, 0xBA, 0xB0, 0xEA, 0x3A, 0x02, 0x19, 0xAA, 0x31, 0x8F, 0x2A, 0x1A, 0x2B, 0xB3, 0x55, 0xC5,
    0x8E, 0x05, 0x68, 0x02, 0x06, 0x19, 0x91, 0x2A, 0x4F, 0x70, 0x40, 0x06, 0x0B, 0xBE, 0xA7, 0x43,
    0x76, 0x5B, 0x24, 0xA5, 0x77, 0xC5, 0xEF, 0xE4, 0xDD, 0xD6, 0xEC, 0x68, 0xC9, 0x49, 0x1B, 0x3B,
    0x54, 0x66, 0x7C, 0xEE, 0x1C, 0x7E, 0xDD, 0xE6, 0x0A, 0xBA, 0x73, 0x70, 0x70, 0x89, 0x53, 0xDB,
    0x61, 0x49, 0x69, 0xCA, 0xA9, 0x88, 0xCA, 0x83, 0x2A, 0x02, 0x09, 0xE2, 0x60, 0x18, 0x15, 0x9C,
    0xF4, 0xC2, 0x1C, 0xFA, 0x1C, 0x7A, 0x87, 0x59, 0x49, 0x49, 0x44, 0xC8, 0xBA, 0x56, 0x32, 0x8A,
    0xE8, 0xCC, 0x14, 0x14, 0x13, 0x63, 0xE8, 0xE2, 0x04, 0x80, 0x95, 0x1E, 0x8C, 0x9A, 0x6D, 0x82,
    0xCC, 0xF6, 0x9F, 0xB8, 0xC0, 0xC2, 0xEC, 0x99, 0x81, 0x99, 0x93, 0xE6, 0x34, 0x61, 0xA9, 0x56,
    0x30, 0x8C, 0xD7, 0x65, 0xC1, 0xB9, 0x63, 0xD2, 0x63, 0x38, 0xA8, 0xD0, 0x9E, 0xB4, 0x49, 0x93,
    0x35, 0xC6, 0x82, 0x60, 0x00, 0x76, 0xEE, 0x54, 0x79, 0xCB, 0x71, 0x43, 0x0C, 0xC9, 0x2F, 0xC1,
    0x36, 0x63, 0x25, 0x82, 0xC3, 0x55, 0x70, 0xD3, 0x18, 0xF2, 0x36, 0xC6, 0x7E, 0xB5, 0x51, 0xC1,
    0x93, 0x62, 0x1E, 0x0C, 0x4A, 0x55, 0x44, 0x6E, 0x6E, 0xA9, 0xC6, 0x98, 0x9B, 0x89, 0xE8, 0x45,
    0xE6, 0x53, 0x3F, 0x55, 0xAE, 0xB7, 0x20, 0xDF, 0x3C, 0xE4, 0x59, 0x05, 0x4A, 0x92, 0xDE, 0x87,
    0x02, 0x57, 0xB9, 0xEF, 0x53, 0xB0, 0x27, 0x83, 0xE5, 0x23, 0xF1, 0xE3, 0xB3, 0xE0, 0x84, 0x8A,
    0x31, 0x96, 0x0D, 0x46, 0xAA, 0xC6, 0xD2, 0x35, 0xAA, 0xC6, 0xE7, 0x2B, 0xCB, 0xF8, 0xEF, 0x8A,
    0x88, 0xEC, 0x23, 0x93, 0xD1, 0x56, 0x2A, 0x4A, 0xD9, 0x56, 0x76, 0x88, 0xAC, 0x31, 0x31, 0xCA,
    0x32, 0x85, 0x3A, 0x57, 0xCA, 0xBD, 0xBB, 0x69, 0xB5, 0x94, 0x0F, 0x55, 0xEF, 0xEE, 0x44, 0x28,
    0x17, 0x89, 0x3A, 0x5B, 0xB4, 0x19, 0x25, 0x52, 0x16, 0xF6, 0xFC, 0x3E, 0xFA, 0x79, 0x8D, 0x69,
    0x42, 0xED, 0xA7, 0x5A, 0x4E, 0x68, 0x34, 0x8C, 0xFA, 0x75, 0x56, 0x76, 0x85, 0xBF, 0x71, 0xAB,
    0x39, 0x34, 0x44, 0x8B, 0xEE, 0x22, 0x13, 0xE7, 0x2C, 0x0E, 0xA4, 0xF2, 0x93, 0x94, 0x16, 0xC0,
    0x43, 0x2D, 0xA1, 0x50, 0x27, 0x83, 0xD9, 0x84, 0xD1, 0xE5, 0xE2, 0xD4, 0xDB, 0x4A, 0xA6, 0xA7,
    0x05, 0xA1, 0x8A, 0xF8, 0xD2, 0xB2, 0xA0, 0xE9, 0x5C, 0x62, 0xB4, 0xB0, 0xF0, 0xD3, 0x2E, 0x2E,
    0xFA, 0xEB, 0xA7, 0xC1, 0x38, 0x94, 0x5B, 0xDE, 0xA1, 0x0B, 0x53, 0x1C, 0xFE, 0x9A, 0x72, 0x92,
    0xFA, 0xFE, 0xF1, 0x49, 0x9F, 0x55, 0x0C, 0xEE, 0x88, 0x90, 0x23, 0x54, 0x00, 0xE3, 0xBC, 0x69,
    0x05, 0x9D, 0xE0, 0x5C, 0xB2, 0x57, 0x2C, 0x75, 0x68, 0x21, 0x0C, 0xA1, 0x6D, 0x83, 0x27, 0xF2,
    0x43, 0x5A, 0x2D, 0x50, 0x08, 0x8B, 0xC7, 0x85, 0x84, 0xA7, 0xD9, 0x43, 0xFA, 0x35, 0x62, 0x2B,
    0x22, 0x29, 0xA8, 0x24, 0x8B, 0xED, 0x04, 0x2E, 0x5E, 0x65, 0xAF, 0x4B, 0xDE, 0x2F, 0x41, 0xC9,
    0xE5, 0x33, 0xFE, 0x0E, 0x72, 0xF7, 0x05, 0xFE, 0xAE, 0xB0, 0x0F, 0xAE, 0x78, 0x24, 0xCD, 0xB2,
    0x14, 0x54, 0x2E, 0x95, 0xF5, 0x60, 0x58, 0xD6, 0x83, 0xE2, 0x76, 0x29, 0x0A, 0x73, 0x41, 0x2B,
    0xEA, 0x96, 0xE2, 0xBB, 0xBC, 0x41, 0xB7, 0x2C, 0x1B, 0xF1, 0x65, 0xC9, 0xE2, 0xF4, 0xE5, 0xC5,
    0xC3, 0x9D, 0x7B, 0xB9, 0x5A, 0x9E, 0x3F, 0x7D, 0xB9, 0x5F, 0x96, 0xB2, 0x9E, 0xAC, 0x40, 0x83,
    0xDF, 0xAB, 0xF1, 0xF2, 0xE7, 0xFE, 0xDB, 0xAB, 0x73, 0x9F, 0x2F, 0xFE, 0x83, 0xF6, 0x6D, 0x25,
    0x7E, 0x95, 0xAA, 0x40, 0xD9, 0x07, 0x54, 0x2B, 0x8C, 0x19, 0xB5, 0x5C, 0x14, 0xD4, 0x02, 0x67,
    0xEE, 0x56, 0x7D, 0x68, 0x75, 0x3B, 0x5C, 0x8F, 0x04, 0xA0, 0x2D, 0x97, 0x3D, 0x57, 0x3D, 0x08,
    0xC3, 0xAC, 0xD3, 0x3B, 0xED, 0x52, 0x09, 0x57, 0x29, 0x43, 0xBF, 0xFB, 0xC7, 0xF8, 0xB1, 0x7C,
    0x1A, 0xF6, 0xC2, 0x21, 0x10, 0x54, 0xD6, 0xB2, 0x44, 0x78, 0x6A, 0x90, 0x5C, 0x80, 0x75, 0x74,
    0x58, 0xD1, 0x7C, 0xC2, 0xF2, 0x15, 0xEC, 0x30, 0xE5, 0x72, 0x2D, 0xF8, 0x03, 0xA0, 0xFA, 0x48,
    0x71, 0x60, 0xB7, 0xF6, 0xC4, 0x23, 0x40, 0xA0, 0xC8, 0xB2, 0x19, 0xD1, 0x85, 0xEA, 0x3C, 0xE9,
    0xDF, 0x9E, 0xAD, 0x81, 0x27, 0xB2, 0xCD, 0xA1, 0xBF, 0x8F, 0xB8, 0x94, 0xCF, 0xA1, 0x67, 0xAA,
    0xFE, 0xCD, 0x22, 0xB0, 0xD5, 0x09, 0xC2, 0xAC, 0x6D, 0x5D, 0x2F, 0x36, 0x8D, 0xA8, 0x65, 0xB8,
    0x22, 0x3B, 0x36, 0x7B, 0xFD, 0x78, 0x33, 0x20, 0xB3, 0xCB, 0xEE, 0x10, 0x06, 0xD7, 0x1C, 0x7C,
    0xE5, 0xDF, 0x87, 0xFF, 0x89, 0x27, 0x6E, 0xF0, 0xA8, 0x89, 0x0C, 0x2C, 0xED, 0xB4, 0xF0, 0xDA,
    0x18, 0x5A, 0xC9, 0x14, 0x1E, 0x6A, 0x5A, 0xDA, 0x23, 0xCD, 0xD1, 0x60, 0xCB, 0xB0, 0x2B, 0x99,
    0x6A, 0xCC, 0xE2, 0x9D, 0x63, 0xF4, 0x2F, 0x0C, 0x6F, 0x05, 0x06, 0xBA, 0x77, 0x5E, 0x3F, 0xAD,
    0x01, 0xD1, 0x13, 0xDB, 0xAA, 0xD3, 0xC8, 0x8A, 0xD2, 0x35, 0x30, 0xE9, 0x57, 0x88, 0x87, 0x3D,
    0x7A, 0x79, 0x8D, 0x72, 0xD3, 0xA2, 0x64, 0xBF, 0x2C, 0x09, 0x31, 0xFF, 0x4C, 0xDB, 0xC5, 0x30,
    0xB5, 0x9E, 0xD5, 0x5B, 0xCC, 0xD8, 0xAF, 0xFD, 0xC9, 0xA8, 0x85, 0xA1, 0x43, 0x5A, 0xE6, 0x0B,
    0xFB, 0xA7, 0x60, 0xDF, 0x70, 0x5C, 0x6E, 0x46, 0x27, 0xB3, 0xB7, 0xC5, 0x24, 0xAD, 0x2B, 0x99,
    0xEB, 0x0B, 0x1E, 0x69, 0x3E, 0x54, 0x46, 0x40, 0x13, 0x0F, 0x44, 0x34, 0x38, 0x70, 0xB8, 0xE6,
    0x70, 0x65, 0x81, 0xE9, 0xD9, 0x2A, 0x56, 0xA4, 0x82, 0x57, 0xBA, 0xE6, 0x4A, 0x09, 0x82, 0x41,
    0xCB, 0x66, 0x50, 0x17, 0xF5, 0xCC, 0x8A, 0xD2, 0x75, 0xA4, 0x66, 0x26, 0x8E, 0x93, 0x22, 0x4F,
    0x4F, 0x83, 0xCF, 0x90, 0xDA, 0x54, 0xF0, 0xA5, 0x5C, 0xCB, 0xF4, 0xD7, 0x31, 0xE3, 0x0F, 0x7D,
    0x0F, 0x28, 0x45, 0x49, 0x7D, 0xB3, 0xD8, 0xD9, 0x72, 0xA4, 0xDE, 0x10, 0x44, 0x0E, 0x2E, 0x7B,
    0x50, 0xB7, 0x1C, 0xA5, 0x00, 0x66, 0x1B, 0xA8, 0x88, 0xB7, 0x19, 0xB3, 0xC0, 0x92, 0xF4, 0xCE,
    0x36, 0x09, 0xBD, 0xF3, 0xE0, 0xF8, 0xF8, 0x27, 0x9C, 0x82, 0x68, 0xCF, 0xB7, 0x4B, 0x3C, 0xF4,
    0xB6, 0x9C, 0xF6, 0x53, 0x50, 0xA3, 0xBA, 0xCA, 0x38, 0x05, 0xC6, 0x7C, 0xF7, 0x37, 0x74, 0x60,
    0x5C, 0xCD, 0x0A, 0x96, 0xE2, 0x0D, 0xFC, 0xE5, 0x73, 0xE0, 0x77, 0xBB, 0x6A, 0x61, 0x31, 0x81,
    0xAD, 0xFA, 0x24, 0xDB, 0x55, 0x1F, 0x71, 0x25, 0xDE, 0x1C, 0x14, 0x44, 0xF5, 0x2C, 0x40, 0x8D,
    0xEE, 0xF9, 0xF9, 0xA0, 0xB0, 0xB1, 0xC4, 0xBD, 0xD3, 0xA7, 0x3E, 0x43, 0x53, 0xB9, 0xB1, 0x65,
    0x1B, 0x77, 0xBE, 0xAA, 0x9A, 0xCD, 0x2F, 0x4E, 0xB6, 0xB8, 0x15, 0xCF, 0x27, 0xF3, 0x84, 0xA7,
    0xD3, 0x96, 0x29, 0x40, 0x4D, 0x97, 0xC0, 0xA5, 0x43, 0x7E, 0x54, 0x10, 0xD2, 0x0E, 0x39, 0xC9,
    0x92, 0xC1, 0x8C, 0x58, 0x64, 0xF3, 0xE2, 0x24, 0xBC, 0x2D, 0x61, 0x55, 0x70, 0x4F, 0x7B, 0x8B,
    0x8B, 0x31, 0x4F, 0x62, 0x9E, 0x95, 0xC6, 0x7A, 0x4F, 0x29, 0x53, 0x17, 0x28, 0x6F, 0x07, 0x3D,
    0x17, 0xB9, 0x52, 0x09, 0x86, 0xB2, 0x12, 0x31, 0x90, 0x6D, 0xF9, 0x25, 0x82, 0x81, 0x16, 0xDA,
    0xC4, 0xD5, 0x6C, 0x2F, 0x98, 0xCC, 0x3A, 0xE5, 0x8A, 0xC2, 0x30, 0xD3, 0x5A, 0xC9, 0x9E, 0x96,
    0x9A, 0x79, 0x3D, 0xFE, 0x1F, 0xE5, 0xB5, 0x8F, 0xDD, 0xA0, 0x7D, 0x85, 0x10, 0x18, 0xA3, 0x39,
    0x0D, 0x0C, 0xCC, 0x7C, 0x16, 0x38, 0x9D, 0x39, 0xF9, 0xA8, 0x37, 0xFC, 0xF6, 0x93, 0x88, 0x5C,
    0xDF, 0x32, 0x58, 0x5D, 0x7A, 0xF9, 0xBC, 0x41, 0x95, 0xEA, 0x3F, 0xEF, 0x46, 0x34, 0x17, 0x81,
    0xBF, 0x9E, 0x79, 0xC2, 0xFD, 0xCB, 0x5C, 0x75, 0xDC, 0xBA, 0x80, 0x80, 0x10, 0xB6, 0x09, 0xB8,
    0x6C, 0xF9, 0x10, 0x5A, 0x08, 0xBE, 0x53, 0x64, 0x5C, 0xE8, 0x54, 0x55, 0xAA, 0xFC, 0xB3, 0xB6,
    0xC0, 0xDF, 0x63, 0xE1, 0xD0, 0x84, 0x07, 0x2D, 0x47, 0x48, 0xB7, 0x2D, 0xEA, 0x1F, 0x5E, 0x7E,
    0x78, 0x33, 0xF0, 0xE3, 0x0A, 0x3A, 0x73, 0x51, 0x04, 0xFF, 0xB9, 0xDB, 0x70, 0xB6, 0x45, 0x02,
    0xC7, 0x08, 0x8C, 0xBE, 0x41, 0x16, 0x99, 0x03, 0x6D, 0x1E, 0x3D, 0xD6, 0xCB, 0xF9, 0x33, 0xDE,
    0x9B, 0x1C, 0xF2, 0x8F, 0x37, 0x13, 0x1A, 0xE5, 0x0D, 0xD7, 0xC4, 0x3D, 0x2C, 0x7C, 0x8D, 0xE6,
    0xAC, 0x5D, 0xD2, 0xA7, 0x5C, 0x09, 0xA6, 0x32, 0xF3, 0x90, 0x0B, 0x87, 0x2E, 0xF9, 0x48, 0x06,
    0xA5, 0x75, 0x12, 0xAF, 0x95, 0xE2, 0x91, 0xFB, 0xA4, 0x63, 0xC4, 0xCE, 0x9B, 0x5A, 0xE8, 0xA3,
    0x96, 0x13, 0x64, 0x9D, 0xAA, 0xE3, 0xBE, 0xFC, 0x4F, 0xC7, 0x05, 0x74, 0x20, 0x99, 0x4E, 0xA5,
    0x5F, 0xA1, 0xDB, 0x97, 0x48, 0x32, 0xC9, 0x87, 0x73, 0xF4, 0x12, 0xDB, 0x17, 0xDE, 0x24, 0x62,
    0x7E, 0x1C, 0x72, 0x8E, 0xD9, 0xED, 0xC5, 0xD9, 0x56, 0x0A, 0x7D, 0xE2, 0x27, 0x20, 0x12, 0x70,
    0xE7, 0x43, 0x7D, 0xBD, 0x30, 0xBA, 0x0B, 0x9E, 0x25, 0xEE, 0x67, 0xAD, 0x14, 0x82, 0x34, 0x8E,
    0x58, 0x02, 0x53, 0xC4, 0x74, 0xE0, 0xB4, 0xEC, 0x93, 0x1C, 0x2B, 0x15, 0x50, 0x9B, 0xEC, 0x2B,
    0x9D, 0xD5, 0x5F, 0xBC, 0x89, 0xDE, 0xA8, 0x84, 0x15, 0x6E, 0xF8, 0xCD, 0x56, 0xEE, 0xBB, 0xC4,
    0x8F, 0x19, 0xFC, 0xBD, 0x9F, 0x83, 0x2D, 0x70, 0x01, 0xBE, 0xAA, 0x0E, 0xE9, 0x70, 0xDF, 0x13,
    0xF3, 0x26, 0x7A, 0xDF, 0x0B, 0x7E, 0x26, 0xDD, 0xA9, 0xF0, 0x2A, 0x74, 0x0D, 0x66, 0x4F, 0x47,
    0x62, 0xAA, 0x08, 0x0B, 0x4E, 0xE5, 0x58, 0xB1, 0x05, 0x9F, 0xED, 0x06, 0x52, 0x85, 0x95, 0x3F,
    0x2A, 0x7D, 0x17, 0xFB, 0x59, 0x64, 0xF8, 0x65, 0xE9, 0x2D, 0xA8, 0x55, 0xC1, 0xD3, 0xB2, 0x2B,
    0x1A, 0xA1, 0x1A, 0x25, 0x8B, 0x29, 0xA1, 0x67, 0x27, 0x39, 0xBF, 0x62, 0x8B, 0xE9, 0x2E, 0x02,
    0x4F, 0x27, 0x99, 0xDF, 0x21, 0x96, 0x7E, 0x6F, 0xDE, 0xEA, 0x8C, 0x27, 0x7C, 0x93, 0x4F, 0x49,
    0x5A, 0x98, 0x13, 0xC2, 0x2A, 0xF0, 0x1F, 0x4C, 0x91, 0x1C, 0x2E, 0x37, 0x17, 0x89, 0x79, 0xFD,
    0x64, 0xAE, 0xDD, 0xB9, 0x6F, 0x1F, 0x6D, 0x65, 0x77, 0xA1, 0x39, 0xDC, 0x40, 0xA3, 0xA1, 0x38,
    0xB1, 0xFF, 0x25, 0x9C, 0xD4, 0x45, 0xBF, 0xB9, 0xE8, 0x0B, 0xB3, 0x29, 0xBF, 0xAC, 0xB5, 0x84,
    0x93, 0x7D, 0x06, 0x95, 0x74, 0x4B, 0x61, 0x47, 0xA7, 0xEE, 0xEC, 0x34, 0x98, 0x4E, 0x57, 0xB4,
    0xC2, 0xC1, 0x4A, 0x0B, 0x8B, 0xED, 0xDC, 0x3F, 0xD1, 0x37, 0x20, 0xAA, 0x9B, 0x33, 0x27, 0x6A,
    0xBF, 0xB4, 0x7C, 0x15, 0xB0, 0x2C, 0x84, 0x3E, 0x5A, 0x01, 0xAD, 0x19, 0x2E, 0xA5, 0x5C, 0xBB,
    0x5C, 0xBB, 0xD8, 0xFE, 0x0E, 0x59, 0x2A, 0xCF, 0xC9, 0x19, 0x7A, 0x52, 0x2A, 0x11, 0xD1, 0x49,
    0x61, 0xA1, 0x2F, 0xEA, 0x29, 0x65, 0x15, 0x9B, 0xA2, 0xDE, 0x02, 0xA2, 0x42, 0x61, 0xF4, 0xE8,
    0xA9, 0x3D, 0xC0, 0xB5, 0xFD, 0x02, 0xCC, 0x61, 0x0F, 0x30, 0x6D, 0xC5, 0x97, 0x9E, 0x45, 0x47,
    0x8A, 0x69, 0x7E, 0x0E, 0x96, 0xF7, 0x84, 0xC5, 0x65, 0x73, 0x29, 0x9F, 0x78, 0x7A, 0x91, 0x5C,
    0x8C, 0x85, 0xC5, 0xBF, 0x7D, 0xFC, 0x93, 0x45, 0x7F, 0xB2, 0x9F, 0xF9, 0xAE, 0x1E, 0xF9, 0xE5,
    0xCC, 0x05, 0x5F, 0x22, 0x23, 0x9C, 0x5D, 0x15, 0x2D, 0x75, 0x4A, 0xBD, 0x9A, 0x3E, 0x04, 0x25,
    0x1E, 0xD7, 0x90, 0xCE, 0x47, 0xCE, 0x32, 0xE5, 0x45, 0x35, 0x03, 0xBF, 0xC1, 0xC5, 0x1C, 0x6E,
    0x0E, 0xC7, 0xAC, 0x88, 0x01, 0x18, 0x93, 0x6B, 0x9D, 0xFB, 0x47, 0xA9, 0x00, 0x8B, 0x74, 0xCC,
    0x26, 0x55, 0x1B, 0x58, 0xEB, 0x63, 0xCB, 0x5D, 0x7F, 0x0B, 0x58, 0xE7, 0x2B, 0xE8, 0xF3, 0x86,
    0x4A, 0xBC, 0xD9, 0xDB, 0xC3, 0x6A, 0x82, 0xCB, 0x84, 0x6B, 0x98, 0x80, 0x7B, 0xD0, 0xDF, 0xDF,
    0x19, 0x32, 0x56, 0x07, 0x96, 0x74, 0x47, 0x1B, 0x2E, 0x9C, 0x78, 0xC6, 0xD8, 0xE7, 0xFD, 0xC1,
    0x7E, 0xF8, 0xF0, 0xDD, 0x4F, 0xB9, 0xA4, 0xC2, 0xCD, 0x6F, 0x34, 0x18, 0x42, 0x1F, 0x66, 0xEC,
    0x5E, 0x77, 0xC1, 0x7F, 0xD0, 0xB3, 0xA7, 0xFC, 0x7E, 0xB0, 0x8D, 0x55, 0xF8, 0x71, 0x2F, 0x0E,
    0x6E, 0xF7, 0x8B, 0x58, 0x4F, 0xB5, 0x7C, 0xC6, 0x67, 0x0E, 0x83, 0x22, 0xF4, 0x05, 0xD3, 0xE9,
    0x6C, 0x3E, 0xF4, 0x1B, 0xAE, 0xED, 0xFD, 0x51, 0x22, 0x5C, 0x33, 0x30, 0xBE, 0xC4, 0xE4, 0x7C,
    0xEF, 0x60, 0x1F, 0x0E, 0x57, 0xD6, 0xFE, 0xDF, 0x98, 0xF8, 0xE1, 0x1C, 0xA8, 0x94, 0xBE, 0xD2,
    0x67, 0x79, 0xD1, 0xB0, 0x2C, 0xD5, 0xA6, 0xFA, 0x3C, 0xF0, 0xA6, 0x96, 0x1B, 0xF8, 0x29, 0x81,
    0xD2, 0x80, 0xD9, 0x29, 0xAF, 0x65, 0x5E, 0x11, 0x75, 0xCC, 0x30, 0x92, 0x56, 0xA8, 0x86, 0xF8,
    0xDB, 0xE5, 0xE5, 0x02, 0x1A, 0xB7, 0xC8, 0x2E, 0xF4, 0x67, 0xE0, 0xCD, 0xEA, 0x04, 0xFB, 0xC0,
    0x7D, 0x7B, 0x64, 0xA8, 0x4B, 0xC0, 0x01, 0x58, 0xD6, 0x9A, 0x4B, 0xF2, 0x08, 0xFC, 0xF6, 0x39,
    0x22, 0x17, 0x36, 0xA0, 0xBF, 0x10, 0x01, 0x54, 0x17, 0xE9, 0xA0, 0xAA, 0x2E, 0x70, 0xD1, 0x91,
    0x4A, 0x71, 0x5E, 0xB5, 0x68, 0xA8, 0xF5, 0x49, 0xC3, 0xEF, 0x3F, 0xC7, 0xD5, 0x7B, 0x23, 0x33,
    0x17, 0xA4, 0xF6, 0x49, 0x4B, 0x5A, 0xA6, 0x68, 0x5D, 0x87, 0x2A, 0xC0, 0xDC, 0x88, 0x3A, 0x7E,
    0x01, 0x5B, 0x27, 0x55, 0xFE, 0x7D, 0x46, 0x88, 0xF7, 0x61, 0x05, 0xCA, 0x71, 0x4E, 0x5C, 0xF2,
    0xCB, 0x4A, 0xDF, 0x70, 0xAA, 0x3C, 0xCE, 0x38, 0x1F, 0x99, 0x6D, 0x35, 0x56, 0x64, 0x8C, 0x86,
    0x05, 0x7A, 0x9F, 0x91, 0x8C, 0x9C, 0x9D, 0x5F, 0xB3, 0xFA, 0x5B, 0xE0, 0x15, 0x78, 0x88, 0x27,
    0x4B, 0xAB, 0x3E, 0xD0, 0x56, 0x08, 0x69, 0x6A, 0x7D, 0xB1, 0xE7, 0x53, 0x9A, 0xA4, 0x15, 0x22,
    0xA5, 0x9D, 0xCB, 0x4A, 0xB1, 0x0C, 0x7A, 0x56, 0xA5, 0x90, 0x5F, 0xD3, 0xE8, 0x7B, 0x03, 0x90,
    0xA8, 0x8F, 0xE8, 0x98, 0x21, 0xB3, 0x64, 0xB3, 0x09, 0x3D, 0xB2, 0x73, 0x9F, 0xB2, 0x2C, 0x30,
    0x7E, 0x76, 0xF1, 0x74, 0x0F, 0x89, 0x67, 0xF5, 0x31, 0xF1, 0xA4, 0x8F, 0x8A, 0xC7, 0x2D, 0x80,
    0xE9, 0x4C, 0x3C, 0x96, 0x7A, 0x4C, 0x67, 0x1E, 0x47, 0x2B, 0x48, 0x5C, 0x0F, 0x0A, 0x5E, 0xB4,
    0x22, 0xA3, 0x32, 0x41, 0xBD, 0x97, 0xDD, 0xDB, 0x2E, 0x10, 0xC7, 0xCB, 0xBA, 0x4B, 0x3F, 0x15,
    0xF1, 0xF0, 0x0C, 0xF2, 0xB8, 0xA4, 0x08, 0xC7, 0xB0, 0xA1, 0x0E, 0xAE, 0xB6, 0xD6, 0xED, 0xB7,
    0xFF, 0x56, 0xD2, 0x62, 0x62, 0xCD, 0x4F, 0x8B, 0x5E, 0x26, 0xA4, 0x42, 0x0A, 0x93, 0xFE, 0xFE,
    0xC1, 0x71, 0xFD, 0x2E, 0xFA, 0x78, 0x5F, 0xCB, 0xE6, 0xA7, 0xB9, 0x19, 0x1C, 0xF3, 0x18, 0xF8,
    0xFD, 0x50, 0x75, 0x9F, 0xB3, 0x6D, 0xA0, 0x8E, 0x43, 0x42, 0x14, 0xFC, 0xB4, 0x6C, 0xFC, 0x10,
    0x64, 0x60, 0xD4, 0xC4, 0x96, 0x58, 0xD4, 0xDC, 0xDE, 0x0A, 0xF4, 0xF0, 0x82, 0x5B, 0xCE, 0xF7,
    0x33, 0xEA, 0x6B, 0x3C, 0xC4, 0x14, 0xD6, 0xA6, 0xF6, 0xAF, 0x7E, 0xDA, 0xEF, 0x1F, 0x94, 0xCA,
    0x24, 0xBE, 0xD9, 0xA3, 0xF8, 0x0B, 0x30, 0x1A, 0xDD, 0x42, 0x25, 0x61, 0xE8, 0x33, 0xFB, 0x4B,
    0x09, 0x88, 0x49, 0x47, 0x6B, 0x9F, 0xD1, 0x71, 0xB6, 0xBE, 0x02, 0x0F, 0xF2, 0x36, 0x98, 0x96,
    0x07, 0xF5, 0x40, 0xA4, 0x2F, 0x23, 0xF4, 0xDA, 0xB6, 0x07, 0x42, 0x6A, 0x44, 0x5D, 0xAE, 0x0A,
    0x22, 0x29, 0x5A, 0x6D, 0xDC, 0xAA, 0x00, 0x23, 0x5E, 0xC9, 0xFD, 0x90, 0xFC, 0x57, 0x5F, 0xFB,
    0xF1, 0x06, 0x7C, 0x58, 0x58, 0x89, 0x77, 0xF8, 0xFD, 0x09, 0xDD, 0x5B, 0x3D, 0xAC, 0xDD, 0xD6,
    0x7D, 0x3F, 0x24, 0xFD, 0x1E, 0x13, 0x11, 0x2D, 0x3D, 0xD8, 0xA9, 0x6B, 0xB5, 0x66, 0x87, 0x0E,
    0x71, 0x9B, 0x88, 0x6B, 0x07, 0x49, 0xA4, 0x63, 0xA0, 0x1D, 0x32, 0x44, 0x83, 0x6E, 0x8A, 0xDA,
    0x83, 0x33, 0x64, 0xC8, 0x07, 0xD0, 0x97, 0xA1, 0x83, 0x07, 0xD9, 0xBC, 0x89, 0x87, 0x0C, 0x19,
    0xFC, 0x0A, 0x38, 0x01, 0x8A, 0x0C, 0xCD, 0xE0, 0x02, 0xCD, 0x13, 0x12, 0x79, 0xF0, 0xE0, 0x02,
    0xD2, 0x23, 0x2D, 0xA1, 0xD0, 0xE0, 0xC1, 0x74, 0xDC, 0x22, 0x43, 0x06, 0xD3, 0xB5, 0x9C, 0x14,
    0xF6, 0x60, 0xB6, 0x61, 0x60, 0x3E, 0x89, 0xE4, 0xE9, 0xEF, 0xF7, 0x3B, 0xBC, 0xF7, 0x5D, 0x49,
    0x4F, 0x6D, 0x6A, 0xC7, 0x71, 0xEC, 0x8B, 0xF7, 0x78, 0xF9, 0x71, 0x78, 0xCE, 0xFF, 0xFB, 0xF3,
    0x5C, 0x13, 0xF4, 0xE5, 0xCB, 0x43, 0x79, 0xB9, 0x31, 0xFC, 0x3C, 0x9F, 0x3C, 0xD4, 0x27, 0xDF,
    0x1C, 0x92, 0x17, 0x0F, 0xFF, 0xD2, 0xCB, 0x63, 0xFA, 0xEA, 0x98, 0xBD, 0x3A, 0x64, 0x57, 0xDD,
    0x18, 0xE3, 0xB5, 0x38, 0xA4, 0xF8, 0xF7, 0xD7, 0x27, 0x7C, 0x72, 0x62, 0x3E, 0xF1, 0xCA, 0xFF,
    0x34, 0xBE, 0xB5, 0xBD, 0xB1, 0xD6, 0xD6, 0xD9, 0x95, 0x9F, 0x4C, 0x51, 0x7B, 0x2A, 0x6A, 0x86,
    0xA0, 0x3A, 0x97, 0x2E, 0x4F, 0xFA, 0x41, 0x17, 0x54, 0x26, 0xCB, 0x4F, 0x9A, 0xB0, 0xC5, 0x49,
    0x61, 0x56, 0x27, 0xBC, 0xD3, 0xF3, 0x51, 0x75, 0xD2, 0x04, 0x23, 0x4E, 0x92, 0xEE, 0x9C, 0xB9,
    0xDB, 0xDE, 0x78, 0xB1, 0x0C, 0x30, 0x4F, 0x13, 0x71, 0xC2, 0x6D, 0x7B, 0xCD, 0x98, 0xA8, 0xC2,
    0x3A, 0x2F, 0xE0, 0x3F, 0x5A, 0xDE, 0x7A, 0x12, 0xF3, 0xA4, 0x37, 0xAB, 0xCF, 0x16, 0x0F, 0xE5,
    0x84, 0x83, 0xB5, 0x80, 0xD4, 0x7E, 0x1F, 0xA7, 0x25, 0x16, 0xC0, 0xF2, 0x61, 0x6B, 0xD2, 0x0A,
    0x43, 0xE3, 0xC6, 0xFC, 0x85, 0x09, 0x3A, 0x22, 0x35, 0x68, 0x34, 0x0F, 0x29, 0x57, 0x88, 0xF1,
    0x06, 0x57, 0xEE, 0x88, 0xC6, 0x60, 0xEE, 0x2D, 0xBF, 0xBB, 0x30, 0x26, 0xE1, 0x93, 0x88, 0x58,
    0xFB, 0x1A, 0xCE, 0xB9, 0x31, 0x9B, 0xD9, 0x7C, 0xC2, 0xD9, 0xEE, 0xCA, 0xF0, 0x92, 0x8D, 0x79,
    0xB8, 0x3C, 0x9D, 0x07, 0xF8, 0xA7, 0x8C, 0xF9, 0xE2, 0xEE, 0x5D, 0x5C, 0x86, 0xC0, 0x06, 0x3F,
    0xE9, 0x8F, 0x4F, 0x0F, 0x77, 0xE9, 0x3B, 0xF6, 0x46, 0xEB, 0xD9, 0x9F, 0xDB, 0x06, 0x4B, 0x86,
    0x9D, 0x89, 0x2B, 0xF3, 0xA4, 0x09, 0x1A, 0x7C, 0x7B, 0xBD, 0x09, 0x5A, 0x5C, 0x98, 0xC1, 0x24,
    0x4B, 0x93, 0xF1, 0x02, 0xDF, 0x13, 0x47, 0x64, 0xBF, 0xDA, 0xE9, 0x4D, 0x81, 0x89, 0xAB, 0x32,
    0xB2, 0xAF, 0x0C, 0x19, 0xD7, 0xFE, 0x16, 0xC1, 0x58, 0x16, 0x40, 0x32, 0xB3, 0x3B, 0x00, 0x36,
    0xB1, 0xAF, 0x90, 0x52, 0xC5, 0x32, 0xEE, 0x09, 0x99, 0x67, 0x81, 0x4E, 0x6D, 0xD2, 0x06, 0xA4,
    0x36, 0xC1, 0x20, 0x08, 0x8B, 0x25, 0x11, 0x8E, 0x3B, 0x43, 0x3C, 0x2C, 0x97, 0x32, 0x69, 0x8D,
    0xC9, 0x7C, 0x3B, 0xA4, 0x36, 0xC7, 0x02, 0x5F, 0xB0, 0x95, 0xD9, 0x7A, 0xEC, 0xC6, 0xBF, 0x13,
    0x39, 0x4B, 0xF6, 0x2E, 0x8A, 0x5F, 0x81, 0x02, 0x44, 0x2C, 0x37, 0x11, 0xD7, 0x27, 0xEA, 0x24,
    0x38, 0x89, 0x48, 0xBC, 0x1D, 0xE1, 0x45, 0x92, 0xF9, 0xC1, 0xCE, 0xF5, 0x5C, 0x44, 0xC4, 0x13,
    0xCF, 0x5A, 0x3C, 0x79, 0x72, 0xF3, 0x73, 0x8F, 0xE3, 0xD2, 0x83, 0x9B, 0xF7, 0x1E, 0x74, 0xF7,
    0xCA, 0x86, 0x12, 0x94, 0x07, 0x07, 0x3B, 0x6D, 0xD0, 0x7A, 0x83, 0xDF, 0x43, 0xCA, 0x46, 0x13,
    0x9A, 0x12, 0xD3, 0x66, 0x80, 0x3E, 0xC6, 0x49, 0xF8, 0xB3, 0x11, 0x92, 0x58, 0xB6, 0xE6, 0x89,
    0xD0, 0x2E, 0xE3, 0x65, 0xDA, 0x83, 0x48, 0x76, 0x59, 0xE4, 0x61, 0x17, 0x81, 0x40, 0xC6, 0xD6,
    0x61, 0x1D, 0x59, 0xB0, 0xB8, 0xE8, 0x4E, 0x63, 0xB2, 0xA7, 0x97, 0x26, 0x7E, 0x17, 0x70, 0x96,
    0x78, 0x3B, 0x1A, 0x12, 0xC0, 0x09, 0x8A, 0x64, 0x20, 0x46, 0xBA, 0xB4, 0x75, 0xBA, 0x4C, 0xAC,
    0x5D, 0x9A, 0x12, 0x98, 0x79, 0x67, 0x8D, 0x43, 0x06, 0x6A, 0x51, 0x95, 0x2F, 0x0D, 0xD1, 0x50,
    0xE4, 0x0E, 0x19, 0xB3, 0xBD, 0xBF, 0x6B, 0x56, 0x88, 0x98, 0x78, 0x5A, 0x00, 0x48, 0x90, 0x91,
    0x92, 0x20, 0xD9, 0x29, 0xC8, 0x3A, 0x3C, 0xA8, 0xC0, 0xA4, 0x1F, 0xEF, 0x06, 0x4D, 0x02, 0x2A,
    0xB5, 0x7E, 0x7B, 0xDA, 0x64, 0xDF, 0x6B, 0x4D, 0x7F, 0x0A, 0x84, 0x6E, 0xCD, 0xC5, 0x73, 0x5E,
    0x67, 0x9E, 0x33, 0xE7, 0x5E, 0x90, 0xE6, 0x9C, 0x22, 0xC8, 0xC6, 0x9C, 0xEE, 0xF5, 0xE2, 0xE1,
    0x97, 0x9E, 0xBD, 0xE0, 0xBE, 0xCE, 0x79, 0x24, 0xEB, 0xB9, 0x53, 0xC6, 0xE6, 0xF7, 0x99, 0x8B,
    0x19, 0x18, 0xD3, 0x9B, 0x3E, 0xC9, 0x23, 0xDB, 0xF8, 0x2D, 0x16, 0x5A, 0x98, 0xB0, 0xD6, 0x40,
    0x88, 0x87, 0x03, 0x82, 0xA4, 0x0F, 0xF1, 0x4E, 0x34, 0x7D, 0xAF, 0xAC, 0x49, 0x4A, 0x81, 0x6B,
    0xB6, 0xF6, 0xC8, 0xC8, 0xAF, 0xE5, 0xBE, 0x05, 0x66, 0x85, 0x19, 0xA2, 0xFA, 0x84, 0x0F, 0x52,
    0x5C, 0x32, 0x3B, 0x36, 0x2F, 0x2F, 0xD4, 0x85, 0xDF, 0xA5, 0xF9, 0xA5, 0xB0, 0x2D, 0x76, 0x81,
    0x5E, 0xDC, 0x3F, 0x39, 0x6B, 0xD0, 0xDE, 0xDE, 0x50, 0xD8, 0x29, 0xB1, 0xD7, 0x21, 0x18, 0xB9,
    0xF9, 0x12, 0x24, 0x31, 0x6A, 0x20, 0x43, 0xFB, 0x50, 0xD7, 0xB8, 0x05, 0x99, 0x2D, 0x38, 0x92,
    0x74, 0xD1, 0x00, 0xC2, 0xA7, 0x35, 0x88, 0x59, 0x54, 0x90, 0xB8, 0xA2, 0x8A, 0x3A, 0x40, 0x01,
    0x65, 0xC8, 0x96, 0xD4, 0x33, 0x2A, 0x5B, 0xE2, 0x88, 0x63, 0xCC, 0xBD, 0x8B, 0xC5, 0x82, 0x7A,
    0xF1, 0x06, 0xFE, 0x7B, 0x9C, 0xEF, 0xCF, 0x6A, 0xAB, 0xC7, 0x44, 0xF5, 0xB4, 0x6E, 0xDC, 0xBB,
    0xC8, 0xB1, 0x30, 0xFE, 0x32, 0x3B, 0x1A, 0x43, 0x49, 0x39, 0x0E, 0x4D, 0x34, 0x20, 0x3A, 0x47,
    0x46, 0x15, 0x5E, 0xF1, 0xDA, 0x13, 0xD1, 0x94, 0xBF, 0x70, 0x32, 0x7A, 0xBB, 0x3E, 0xF9, 0x78,
    0x70, 0xB9, 0xF9, 0xEC, 0xF3, 0x38, 0xC4, 0x6D, 0x70, 0xB5, 0xC2, 0xC1, 0x42, 0x7F, 0x83, 0x97,
    0x4D, 0xFC, 0x3C, 0x2F, 0xF1, 0xB4, 0x7D, 0xE0, 0x64, 0xDC, 0x5D, 0x3A, 0x79, 0x62, 0xEB, 0xCC,
    0x3D, 0x8F, 0xC7, 0xE0, 0x72, 0xCB, 0x59, 0x6A, 0xCD, 0x07, 0x6D, 0xA1, 0xFE, 0x2F, 0x04, 0x1E,
    0x40, 0xFB, 0xA5, 0xB5, 0x07, 0x16, 0xAB, 0x6E, 0xF1, 0xC9, 0x32, 0x04, 0xF9, 0xC6, 0xB0, 0x4B,
    0x4D, 0x7C, 0xA5, 0x35, 0xC3, 0x69, 0x13, 0xE1, 0x0B, 0x6C, 0x88, 0x2F, 0x0F, 0x7E, 0x87, 0xC1,
    0xD0, 0x87, 0x25, 0xA8, 0x3A, 0x93, 0xEB, 0x12, 0xB5, 0x08, 0x17, 0x98, 0xD9, 0x90, 0xBA, 0xAB,
    0x1B, 0x8B, 0x47, 0xDF, 0x3C, 0x4B, 0xC5, 0x79, 0x9A, 0x96, 0xEC, 0xC8, 0x11, 0x87, 0x37, 0x36,
    0x3E, 0x7F, 0xB6, 0xB7, 0xB7, 0xF7, 0xF4, 0x8A, 0x56, 0xBC, 0x91, 0xD8, 0x3C, 0xB6, 0x63, 0x30,
    0x3E, 0xD6, 0x42, 0x10, 0xFE, 0xAA, 0x09, 0xBA, 0x13, 0xE0, 0x88, 0xAC, 0xCE, 0x28, 0xBE, 0x43,
    0x11, 0xA1, 0x85, 0x1E, 0x18, 0x5E, 0xE4, 0xB4, 0x48, 0x21, 0x2C, 0x17, 0x4C, 0xC5, 0x65, 0x5A,
    0xB1, 0xBB, 0x60, 0x97, 0x7B, 0x28, 0x55, 0x35, 0x85, 0xDD, 0x29, 0xB3, 0xEF, 0x71, 0x55, 0x0C,
    0x49, 0x2B, 0xDF, 0xD6, 0x06, 0x48, 0x3E, 0xB8, 0xD3, 0x48, 0x8E, 0x33, 0xD9, 0xB2, 0xA4, 0xF6,
    0x8A, 0xB6, 0xB0, 0x4D, 0x6C, 0x77, 0x8D, 0xD3, 0x88, 0x2F, 0x99, 0x21, 0x18, 0xC3, 0x21, 0x6E,
    0xB3, 0x8A, 0x46, 0x1B, 0xEA, 0xB0, 0x6B, 0xBC, 0xE7, 0x60, 0x34, 0x68, 0x29, 0x33, 0x77, 0xAC,
    0xDE, 0xC7, 0xB1, 0x36, 0x09, 0x8E, 0x8D, 0xC9, 0x5A, 0xFD, 0x41, 0x82, 0x06, 0x33, 0x0D, 0xA0,
    0xEF, 0xF7, 0x07, 0xFB, 0x0F, 0x59, 0x69, 0x5B, 0x3B, 0x66, 0x89, 0xAD, 0xB2, 0x3E, 0x7B, 0xE8,
    0x59, 0xB3, 0x9D, 0xCB, 0xE8, 0xCE, 0x66, 0x66, 0x3E, 0x56, 0x47, 0x1F, 0x1F, 0x5C, 0x79, 0x83,
    0xC5, 0x59, 0xDA, 0xAD, 0x01, 0x1A, 0x61, 0xBB, 0xC0, 0x4E, 0x25, 0x98, 0x3D, 0x9E, 0x06, 0x4D,
    0x71, 0x48, 0x79, 0xC8, 0xEE, 0x74, 0x48, 0xD7, 0xE3, 0x22, 0x1E, 0x02, 0x1E, 0x4C, 0xC9, 0xC3,
    0xB1, 0x53, 0x14, 0xD7, 0xF7, 0x70, 0x38, 0xC5, 0x03, 0xC5, 0x9A, 0x27, 0x22, 0xA7, 0xB9, 0x1B,
    0x84, 0xBF, 0x32, 0x15, 0xEF, 0x4E, 0x29, 0xD1, 0x49, 0x9B, 0xAC, 0xFF, 0x83, 0xC1, 0x1B, 0x82,
    0x3E, 0x6A, 0xD3, 0xEA, 0xB4, 0xDC, 0xEE, 0x0B, 0x5E, 0xD9, 0xA6, 0x76, 0xB9, 0x33, 0x19, 0x18,
    0xC4, 0x08, 0x82, 0xB4, 0x84, 0x26, 0xDE, 0x76, 0x5A, 0xFC, 0x5B, 0x46, 0x01, 0xAE, 0xCD, 0xD7,
    0x76, 0x01, 0x7E, 0x15, 0xFF, 0xDC, 0x06, 0x6D, 0xD0, 0x3D, 0x69, 0xD2, 0x97, 0x1A, 0x6F, 0xB8,
    0x64, 0xE2, 0x97, 0x1A, 0x33, 0xEC, 0x9B, 0xE4, 0x6A, 0xEB, 0x77, 0x60, 0x25, 0xCC, 0x19, 0x24,
    0x00, 0xCA, 0x97, 0xCF, 0x0A, 0xDF, 0xC2, 0x14, 0x7A, 0x76, 0x5A, 0xDE, 0x47, 0x8D, 0x87, 0xA3,
    0x84, 0x3B, 0xAA, 0x21, 0x17, 0x90, 0xAB, 0x92, 0xC6, 0x1D, 0xFC, 0x86, 0x92, 0x77, 0x26, 0x6D,
    0x83, 0x11, 0x1C, 0xC3, 0x21, 0x6B, 0xA8, 0xFF, 0x79, 0xD2, 0xFA, 0x38, 0xA7, 0xEA, 0x4F, 0x10,
    0x20, 0xB8, 0x98, 0xD3, 0x30, 0x4D, 0xE6, 0xA8, 0x0F, 0xE3, 0x84, 0x6D, 0x67, 0x2A, 0xE1, 0x22,
    0x28, 0xD8, 0x14, 0x7E, 0xF9, 0x69, 0x9A, 0xB2, 0x63, 0x34, 0xF2, 0xB2, 0x8F, 0xD1, 0xCA, 0x26,
    0xF8, 0x3C, 0xC8, 0xE1, 0xD2, 0x5C, 0x3C, 0x21, 0x1F, 0xBD, 0x94, 0xA8, 0xBA, 0x41, 0x49, 0x3E,
    0x0F, 0x82, 0x59, 0x48, 0x35, 0x28, 0xA4, 0x64, 0x73, 0x10, 0xF4, 0x1C, 0x72, 0x85, 0x41, 0x98,
    0x31, 0x1E, 0x34, 0x08, 0x8E, 0xD6, 0xC2, 0x8C, 0xEF, 0x9A, 0x8B, 0x26, 0x7A, 0xAD, 0x8A, 0x21,
    0xFB, 0x4F, 0x98, 0xF0, 0x8D, 0x16, 0xCA, 0x92, 0x83, 0xB9, 0xAD, 0xD6, 0x81, 0xBD, 0x6A, 0x35,
    0x7D, 0xBC, 0x84, 0x9E, 0xCB, 0xB7, 0xC3, 0x29, 0xCB, 0xD2, 0x62, 0x46, 0xAB, 0x78, 0x02, 0x57,
    0x29, 0xE5, 0xC9, 0xC0, 0xA6, 0xFB, 0x7B, 0x17, 0xDE, 0x9A, 0x61, 0xD4, 0x20, 0xAA, 0xB5, 0xAE,
    0x34, 0x49, 0x36, 0x2B, 0xB9, 0xD9, 0x06, 0xD4, 0xE1, 0xF2, 0x48, 0xAA, 0xAC, 0x6C, 0x88, 0x39,
    0xB7, 0x22, 0x0F, 0xDF, 0x12, 0x79, 0x60, 0xDB, 0x1D, 0x79, 0x08, 0x88, 0xC8, 0x13, 0x36, 0x33,
    0xE6, 0x5A, 0x8C, 0x48, 0x79, 0xDD, 0x8A, 0x3C, 0xC3, 0x8A, 0x3C, 0x17, 0x57, 0xE4, 0x91, 0xF4,
    0x70, 0x50, 0x6A, 0x8E, 0x4F, 0x1A, 0x14, 0xE7, 0x29, 0x30, 0xC0, 0xA0, 0xA8, 0x4A, 0x7F, 0x6E,
    0x39, 0x28, 0xA8, 0x93, 0x2A, 0xA9, 0x30, 0x28, 0x68, 0xC2, 0x06, 0x3E, 0xD7, 0xEE, 0x22, 0xCA,
    0x43, 0x74, 0x40, 0xF2, 0x10, 0x86, 0x92, 0xE4, 0xB9, 0xB8, 0x8A, 0x76, 0x4E, 0xAF, 0xB4, 0x2E,
    0x5D, 0x9D, 0x90, 0x05, 0x3A, 0x21, 0x8C, 0x3A, 0x21, 0xF7, 0x8B, 0x7C, 0x26, 0x88, 0x4E, 0x68,
    0xDF, 0x0A, 0x05, 0x0E, 0x0C, 0x4B, 0x44, 0xC3, 0x41, 0xF1, 0x01, 0xEE, 0xAF, 0x3C, 0x8E, 0x89,
    0xCC, 0x1D, 0x3F, 0xDE, 0x99, 0x39, 0xC2, 0xDC, 0xB6, 0x33, 0x7D, 0x7C, 0xCD, 0x46, 0xF1, 0xC9,
    0x1E, 0x1A, 0x1D, 0xEE, 0x41, 0x45, 0x94, 0x09, 0xD7, 0x5D, 0xE4, 0x82, 0x73, 0x3B, 0x8C, 0xCE,
    0x44, 0x17, 0xDA, 0x4A, 0x49, 0x4B, 0x3A, 0xCE, 0xC4, 0x0B, 0x68, 0x5A, 0x25, 0x52, 0xB4, 0x80,
    0x10, 0xA0, 0xE3, 0x4B, 0xBA, 0x51, 0x60, 0x4F, 0x2F, 0x8A, 0x21, 0xC0, 0xD5, 0xEA, 0x16, 0x02,
    0xCF, 0x8C, 0x80, 0xD7, 0xA0, 0x4B, 0x84, 0x5B, 0x3B, 0x08, 0x1E, 0x8C, 0x37, 0xF6, 0x74, 0x11,
    0x40, 0x36, 0x4B, 0x96, 0xD9, 0x44, 0xD4, 0xE2, 0x57, 0x7A, 0xDA, 0xCC, 0x04, 0x24, 0x27, 0xE7,
    0x08, 0x42, 0x21, 0x2F, 0x0E, 0x8E, 0xC4, 0x95, 0x6E, 0x41, 0xAA, 0x18, 0x1C, 0x6B, 0xFE, 0x84,
    0xCE, 0x46, 0x20, 0x7C, 0x6D, 0x6F, 0x5A, 0x3A, 0x02, 0x8A, 0xE5, 0x72, 0x07, 0x7A, 0x51, 0x42,
    0xC4, 0x5B, 0xC4, 0xD4, 0x78, 0xCF, 0xE2, 0xF0, 0xF8, 0x91, 0x14, 0x02, 0x99, 0x21, 0xE4, 0x06,
    0x44, 0x61, 0xE4, 0x77, 0xE2, 0xA6, 0x67, 0x51, 0x2E, 0xBA, 0x63, 0x7A, 0xA8, 0x33, 0x8C, 0xBE,
    0x6F, 0x47, 0x2A, 0x7F, 0x66, 0x77, 0xA3, 0x59, 0x28, 0x1C, 0x91, 0xB8, 0x46, 0xE1, 0xC2, 0xB9,
    0xA4, 0xF3, 0xF3, 0xD2, 0x0E, 0xA4, 0x72, 0x08, 0x41, 0x0F, 0xA7, 0x9B, 0x26, 0xFC, 0x3B, 0xF7,
    0x65, 0xE7, 0x2F, 0xA7, 0xEC, 0x85, 0x8B, 0x02, 0xE1, 0xA9, 0x5C, 0x20, 0x57, 0x39, 0xCE, 0xE5,
    0x47, 0x00, 0xBB, 0x3D, 0xC3, 0xEC, 0xF4, 0x41, 0xF1, 0x24, 0xD4, 0x52, 0xD3, 0x04, 0xD6, 0x85,
    0x94, 0x14, 0x11, 0x40, 0xF4, 0x53, 0x09, 0x77, 0x7C, 0xC5, 0xA9, 0xE6, 0x53, 0xFA, 0xCA, 0xBC,
    0x51, 0x6F, 0xBB, 0xF5, 0x2F, 0xB9, 0xAF, 0x41, 0xB3, 0x41, 0x8A, 0x69, 0xFA, 0x61, 0x83, 0x60,
    0xAD, 0x18, 0xF3, 0x26, 0x8D, 0x3C, 0x3B, 0x67, 0x8B, 0x15, 0xD2, 0x9B, 0xF4, 0xAD, 0xBD, 0xF3,
    0x83, 0x84, 0x19, 0x51, 0x0B, 0xD1, 0xF5, 0x27, 0x85, 0xAE, 0x08, 0x95, 0x15, 0xCC, 0xD9, 0x5C,
    0x01, 0x7E, 0xB9, 0x0C, 0xC7, 0x1C, 0xC4, 0xBA, 0x56, 0x2A, 0xB6, 0xD6, 0x14, 0x90, 0xE0, 0xDB,
    0x88, 0xE0, 0xB2, 0x01, 0x93, 0xB8, 0xAF, 0xB2, 0x77, 0xC0, 0x0B, 0x95, 0xE8, 0xC0, 0x21, 0x7B,
    0x14, 0x05, 0x3E, 0xDA, 0x24, 0xB8, 0xE4, 0x58, 0x6B, 0x05, 0x7C, 0xE8, 0xC0, 0x8D, 0xDF, 0x16,
    0xEE, 0xD9, 0xB7, 0x46, 0x97, 0x0B, 0x14, 0x46, 0xA6, 0xE9, 0x81, 0x8F, 0x19, 0xEE, 0xF7, 0xE7,
    0xF7, 0xB8, 0x34, 0x45, 0xEE, 0xDB, 0x0E, 0xB4, 0xBB, 0xDE, 0xA4, 0x48, 0xDB, 0x6B, 0x33, 0x01,
    0xF8, 0x9C, 0x92, 0xC1, 0x3B, 0x7C, 0x3E, 0xCA, 0xB8, 0x7F, 0xD9, 0x7C, 0x85, 0x12, 0x3F, 0x31,
    0xAB, 0x04, 0x98, 0xFE, 0xC6, 0x17, 0xDE, 0x1F, 0x3F, 0x9E, 0x48, 0x1B, 0x97, 0xAC, 0x06, 0x4E,
    0xD8, 0x63, 0x07, 0x6E, 0x26, 0x07, 0x62, 0x4E, 0x3B, 0xDF, 0x3B, 0x7F, 0x65, 0x0A, 0x5D, 0x4C,
    0xFA, 0xB6, 0xD3, 0x87, 0x19, 0xCD, 0x7F, 0xF9, 0xF8, 0x50, 0x62, 0x0B, 0x59, 0xDB, 0xE2, 0x8C,
    0x32, 0x4B, 0x57, 0x05, 0xF0, 0xF8, 0x2D, 0x20, 0x0A, 0x8B, 0x84, 0x91, 0xD0, 0xBF, 0xDB, 0x3B,
    0xE7, 0x9A, 0xFC, 0x63, 0xE3, 0xEA, 0x35, 0x43, 0xA1, 0xC8, 0xCC, 0x44, 0xAF, 0x60, 0xA9, 0x3F,
    0x21, 0x12, 0xA1, 0x73, 0x14, 0x7E, 0x97, 0xB8, 0xC4, 0x30, 0xA9, 0x66, 0x72, 0x8C, 0x9E, 0x73,
    0x33, 0x61, 0x13, 0x4E, 0x8A, 0x7A, 0x32, 0xBA, 0xC8, 0x5E, 0xC8, 0x15, 0x72, 0x9A, 0x71, 0x35,
    0x0F, 0x29, 0xE7, 0xBC, 0x28, 0x54, 0x5E, 0xC5, 0xA1, 0x7B, 0x7B, 0x0C, 0x8F, 0x88, 0x09, 0x87,
    0x7C, 0x82, 0x65, 0x0F, 0x2E, 0x74, 0x8E, 0xC1, 0x2B, 0x16, 0x62, 0x24, 0x2C, 0xBA, 0x27, 0x15,
    0x62, 0x14, 0x0E, 0xD9, 0xF7, 0xA7, 0x9C, 0xF3, 0xDB, 0xBE, 0x54, 0x91, 0xC9, 0xDA, 0x57, 0xAD,
    0x5D, 0x66, 0x33, 0x46, 0xDB, 0xFB, 0xCF, 0x18, 0x26, 0x0D, 0x9D, 0x2A, 0x1E, 0x70, 0xDA, 0xDF,
    0x45, 0x40, 0x06, 0x9F, 0x96, 0x2D, 0x31, 0x99, 0xDF, 0x93, 0x82, 0xC9, 0xB2, 0x84, 0x69, 0xEF,
    0x58, 0x2E, 0xFA, 0xA4, 0x03, 0x8B, 0xA4, 0x17, 0x71, 0xE7, 0x0C, 0xE4, 0x0E, 0xA7, 0x62, 0x62,
    0x46, 0xB0, 0xA5, 0x3B, 0x26, 0xE9, 0xD7, 0x6E, 0x34, 0x94, 0x98, 0xA5, 0x08, 0x51, 0xFF, 0x56,
    0x54, 0xAE, 0x3D, 0xD5, 0xA0, 0x7C, 0x17, 0x29, 0x3C, 0xF2, 0xCC, 0x5A, 0x90, 0x84, 0x6C, 0xAC,
    0xD7, 0x1F, 0x6B, 0x9D, 0x50, 0xCC, 0xA5, 0x2B, 0xE3, 0x6B, 0x7E, 0xC2, 0xE6, 0xEA, 0x63, 0xEE,
    0xA3, 0x41, 0x49, 0xBD, 0xB6, 0xDB, 0xB1, 0xFC, 0x74, 0x2A, 0xB8, 0x93, 0x6E, 0x43, 0x36, 0xE7,
    0x0F, 0xD3, 0xF5, 0x05, 0xC9, 0x6B, 0x7B, 0xD6, 0x9C, 0xEC, 0x32, 0xB9, 0xBE, 0x77, 0x9E, 0x79,
    0x3F, 0xF0, 0xE6, 0x32, 0x3A, 0x8D, 0x73, 0x9E, 0x9E, 0x71, 0x82, 0xA8, 0xC5, 0x6F, 0x3A, 0xBD,
    0x60, 0x3B, 0x09, 0x5F, 0xEE, 0xE2, 0xE6, 0xDB, 0x07, 0xAC, 0x4E, 0xEF, 0xE1, 0x69, 0x50, 0xF3,
    0xF4, 0x09, 0x9E, 0x46, 0x3A, 0x1D, 0xB7, 0xB9, 0xF0, 0x15, 0x1E, 0x06, 0x07, 0xC3, 0x1A, 0xBA,
    0xE7, 0xE6, 0x98, 0x07, 0x18, 0x74, 0x0A, 0x3A, 0x88, 0xAC, 0x9E, 0x0B, 0xAD, 0x4F, 0x9A, 0x8F,
    0x02, 0x2E, 0xC7, 0x15, 0x23, 0x5A, 0xE7, 0x48, 0x28, 0x12, 0xAF, 0xB5, 0x8C, 0x53, 0x21, 0x24,
    0xBE, 0xCC, 0x69, 0x8A, 0x90, 0x76, 0x33, 0x08, 0x96, 0xFA, 0xE9, 0xE5, 0x6F, 0x0B, 0x17, 0xCF,
    0x52, 0xE8, 0x31, 0xBB, 0xE7, 0x10, 0x10, 0x2E, 0x1D, 0x4F, 0xB7, 0xEE, 0x04, 0xDF, 0xF5, 0x19,
    0x01, 0x87, 0x8B, 0xB9, 0x13, 0xB2, 0x8C, 0xDB, 0x78, 0x7A, 0x8A, 0xA7, 0xA1, 0x10, 0x90, 0xB5,
    0x89, 0xEB, 0x1D, 0x22, 0x20, 0x25, 0xB9, 0x2A, 0x18, 0xCC, 0xFD, 0xE6, 0x58, 0x6E, 0xC2, 0x81,
    0x42, 0x5D, 0xD6, 0x05, 0x94, 0x5E, 0xA7, 0x69, 0x9E, 0xDE, 0x9E, 0xEC, 0xFC, 0xAE, 0x8A, 0xD4,
    0x67, 0x64, 0x14, 0x0B, 0x58, 0xBB, 0xD1, 0x85, 0xF7, 0xB5, 0xF1, 0x96, 0x6B, 0x90, 0x55, 0x8D,
    0x02, 0xAD, 0x73, 0xE3, 0xE8, 0xF5, 0x9E, 0xFE, 0xB6, 0xED, 0x35, 0x10, 0xAD, 0x70, 0x15, 0x39,
    0x2C, 0x08, 0x43, 0x8E, 0xD8, 0xBB, 0x18, 0x3C, 0xDB, 0x80, 0x5C, 0x7E, 0x6E, 0x3E, 0xA8, 0xE5,
    0x60, 0x01, 0x28, 0x61, 0x25, 0x32, 0x96, 0xD7, 0x5A, 0xC8, 0xD6, 0xE5, 0xC1, 0x4C, 0xA9, 0xF1,
    0x57, 0xF9, 0xF9, 0x62, 0x71, 0x16, 0x26, 0xF0, 0x9B, 0x34, 0xA2, 0x45, 0x2D, 0x23, 0x05, 0xE9,
    0x7B, 0x9F, 0x5F, 0xC7, 0xED, 0x2E, 0x38, 0xF4, 0x22, 0xB8, 0x7C, 0x2C, 0x3F, 0xF6, 0xF0, 0x10,
    0x4C, 0x45, 0x9D, 0xBD, 0x3B, 0x06, 0x53, 0xBA, 0x4C, 0x36, 0x64, 0x02, 0xCE, 0xE4, 0x21, 0x0C,
    0x49, 0x98, 0x42, 0x8D, 0xBF, 0x89, 0x65, 0xF1, 0xE5, 0x95, 0x07, 0x10, 0x8B, 0x81, 0x25, 0x5D,
    0xEF, 0x91, 0xF2, 0x87, 0xCE, 0x3D, 0xA8, 0xA6, 0xAD, 0xAF, 0xA4, 0xDD, 0xA2, 0x5B, 0xB1, 0xCA,
    0x55, 0x28, 0x0D, 0x65, 0xC3, 0x0B, 0xDF, 0xEA, 0x22, 0x96, 0xF8, 0xC1, 0xC6, 0xAB, 0xFE, 0x3F,
    0xE8, 0x22, 0x93, 0xD0, 0xF8, 0xD3, 0xC2, 0xC2, 0xEF, 0xA5, 0xEF, 0x70, 0x16, 0x7F, 0x92, 0xFA,
    0xA4, 0x8D, 0x7B, 0xB2, 0x31, 0x6C, 0x7E, 0xA7, 0xD0, 0x04, 0x91, 0xF4, 0xD0, 0x73, 0x53, 0x67,
    0xB5, 0x84, 0xBC, 0xE3, 0x45, 0x32, 0x81, 0x3B, 0x6F, 0xB1, 0xC4, 0xBD, 0x86, 0x6D, 0xDA, 0xC8,
    0x10, 0x8E, 0x2D, 0xEF, 0x72, 0x7E, 0xCD, 0x73, 0xE2, 0x3C, 0x3A, 0xBB, 0xFE, 0x8E, 0x8B, 0x0A,
    0xFA, 0x54, 0xB6, 0x3D, 0x74, 0xA6, 0xEF, 0xE8, 0x54, 0x99, 0x1E, 0xFA, 0xDE, 0xC5, 0xD9, 0x02,
    0x73, 0x87, 0x14, 0x75, 0xFA, 0x7A, 0xDB, 0x79, 0x74, 0x93, 0x70, 0x5D, 0x32, 0xFB, 0xFB, 0xCE,
    0xE0, 0x44, 0xBC, 0x6C, 0x75, 0x39, 0x42, 0xEC, 0x79, 0xF9, 0xEA, 0xE0, 0x2E, 0x5D, 0xE5, 0x24,
    0xAE, 0xCB, 0xA5, 0x2E, 0x21, 0xA3, 0xBA, 0x4C, 0x5A, 0x5D, 0xC2, 0xFB, 0xE8, 0x12, 0xB7, 0x75,
    0x99, 0xB4, 0xBA, 0x04, 0xED, 0x74, 0x19, 0x4C, 0xEE, 0x32, 0x6E, 0x75, 0x69, 0x8A, 0x97, 0x74,
    0x19, 0x4C, 0xEE, 0x92, 0x31, 0x54, 0xCC, 0x54, 0x73, 0xD2, 0x25, 0x6B, 0x50, 0x3B, 0x07, 0xAC,
    0xAB, 0x23, 0xDA, 0x20, 0xB0, 0x4D, 0xC8, 0xE0, 0xC2, 0x9F, 0x36, 0x5A, 0x39, 0xF3, 0xC7, 0xC5,
    0x0B, 0x73, 0x78, 0x9D, 0xBA, 0x30, 0xA2, 0x70, 0x99, 0x97, 0x23, 0x0C, 0xAC, 0x8F, 0x99, 0x6B,
    0x96, 0xB7, 0x7D, 0x2E, 0x88, 0xCC, 0x85, 0xE2, 0x85, 0xC8, 0x45, 0x44, 0xF6, 0x9A, 0x47, 0x73,
    0xC2, 0x45, 0x5B, 0x25, 0xAC, 0x45, 0x1B, 0x2A, 0x04, 0xAA, 0xE5, 0x9D, 0x6D, 0x65, 0xE5, 0xA3,
    0x35, 0x69, 0x30, 0xEA, 0x5E, 0xDC, 0xCB, 0xC1, 0x64, 0x6F, 0xB8, 0xA6, 0xD1, 0xD3, 0x72, 0xB8,
    0x56, 0x7E, 0x3D, 0x72, 0x8F, 0xD2, 0x37, 0x04, 0x8A, 0xFD, 0x42, 0xAF, 0xB7, 0x52, 0x45, 0x43,
    0x6D, 0x51, 0xC9, 0x69, 0xD3, 0xDE, 0x04, 0x48, 0xAB, 0x59, 0x33, 0x69, 0x02, 0x27, 0x7C, 0x21,
    0xAE, 0x52, 0xC6, 0x19, 0x6F, 0x3E, 0xEA, 0x78, 0x46, 0x9E, 0xCC, 0x1E, 0xDF, 0xDC, 0xFF, 0xC3,
    0x9B, 0xB1, 0x70, 0x24, 0x50, 0x9F, 0x6A, 0x76, 0x1D, 0x33, 0x05, 0x62, 0xE7, 0x1D, 0x8B, 0x5D,
    0xDD, 0xDB, 0x35, 0x1F, 0x37, 0x02, 0x3C, 0xE1, 0x42, 0xC3, 0xB9, 0xC9, 0xA4, 0xAF, 0xE0, 0xBA,
    0xEB, 0xC2, 0xBD, 0xA8, 0x02, 0xE2, 0xA0, 0x20, 0x36, 0x5E, 0x9A, 0xDB, 0xB3, 0xAF, 0x3F, 0xB7,
    0xBB, 0x0A, 0x12, 0x14, 0x4B, 0x5A, 0x4D, 0x9C, 0x1D, 0x98, 0x62, 0x14, 0x05, 0x91, 0xBA, 0x13,
    0xC4, 0x64, 0x50, 0x5A, 0x93, 0x76, 0xB1, 0xEA, 0x2E, 0xAD, 0x30, 0x2A, 0x2F, 0xDB, 0x0D, 0x54,
    0xA6, 0xAC, 0x76, 0x04, 0x10, 0x0B, 0x66, 0x02, 0xBC, 0x2C, 0x02, 0xB8, 0x47, 0x33, 0x01, 0xB2,
    0x57, 0x05, 0x97, 0xFD, 0x3C, 0x47, 0x84, 0x43, 0xD2, 0xBA, 0xAA, 0xAE, 0x28, 0x6A, 0xD8, 0x9A,
    0xA1, 0xA9, 0xA9, 0x68, 0x6A, 0x18, 0xFA, 0x47, 0xB0, 0xFF, 0xF6, 0xE0, 0x8B, 0x38, 0x73, 0xB1,
    0x9E, 0x82, 0x5B, 0x95, 0x0C, 0xD5, 0xB8, 0x99, 0x33, 0x4E, 0xCF, 0x56, 0xEA, 0x73, 0xDA, 0x9F,
    0x72, 0xB6, 0xA2, 0x14, 0xB7, 0xBB, 0x8C, 0x24, 0xF2, 0xAA, 0xB4, 0xBE, 0x93, 0x35, 0xF8, 0x48,
    0x63, 0xFE, 0x15, 0xF3, 0x69, 0xA9, 0xB4, 0x62, 0xE7, 0xAC, 0x55, 0xA4, 0x57, 0x56, 0x12, 0xA4,
    0x71, 0xAE, 0x41, 0x1C, 0xF1, 0x39, 0xC6, 0x06, 0x28, 0xA5, 0x68, 0x9A, 0x33, 0x95, 0x1C, 0xA6,
    0x25, 0x67, 0x59, 0xCA, 0xB2, 0x2F, 0x22, 0x13, 0x81, 0x2F, 0x4E, 0x13, 0xC1, 0x2B, 0x11, 0xAF,
    0x41, 0xB1, 0x43, 0xDA, 0xAA, 0x66, 0xB5, 0xC2, 0xE1, 0xE9, 0xCE, 0x61, 0x3E, 0x4B, 0xB6, 0x30,
    0xFF, 0xE5, 0x2C, 0xF4, 0xDD, 0x21, 0xE6, 0x71, 0x27, 0x56, 0x64, 0x3F, 0x51, 0x1A, 0x6C, 0xA5,
    0x3E, 0x51, 0xEF, 0x48, 0x59, 0x11, 0x64, 0x2C, 0x91, 0xB5, 0x9C, 0xDD, 0x14, 0x9D, 0xA1, 0xE0,
    0x97, 0xD3, 0xA2, 0x74, 0xF5, 0x50, 0x91, 0x5D, 0x89, 0x8D, 0xF1, 0xF6, 0x66, 0x95, 0xFD, 0x23,
    0x04, 0xB7, 0x19, 0x02, 0xC0, 0xA4, 0x0A, 0xDB, 0xB0, 0x4D, 0x2A, 0x7F, 0x28, 0xD8, 0x72, 0x70,
    0x81, 0x2E, 0x09, 0x0A, 0x75, 0xF7, 0xC6, 0xD2, 0x84, 0x5D, 0x5A, 0x25, 0x35, 0x3C, 0x3A, 0xB2,
    0xB6, 0xCF, 0x1A, 0xF3, 0xBC, 0x7B, 0xDB, 0x87, 0x07, 0xDC, 0x72, 0x0C, 0x0F, 0x6B, 0xCE, 0x4D,
    0x79, 0x21, 0xC7, 0xAD, 0x9A, 0x2B, 0x1E, 0x6B, 0xBF, 0x62, 0xB9, 0xA6, 0x8A, 0x6C, 0x4E, 0x40,
    0x23, 0xDB, 0x92, 0xC4, 0xD1, 0x8D, 0x81, 0xF9, 0x48, 0xD4, 0xDA, 0x9C, 0xDE, 0xA0, 0xCD, 0x1A,
    0x20, 0x18, 0xB5, 0x71, 0x0F, 0xEA, 0x44, 0xAD, 0x3F, 0x61, 0x4C, 0x44, 0x2B, 0xA1, 0xAA, 0x31,
    0xB8, 0xCA, 0x72, 0x2B, 0x30, 0xED, 0x58, 0x43, 0x1E, 0x65, 0xF3, 0x11, 0x7C, 0xDB, 0x97, 0xD8,
    0x1B, 0xAD, 0xD2, 0x1B, 0x2C, 0xC5, 0x36, 0xCA, 0x69, 0xF1, 0x7A, 0xE9, 0xFC, 0x2B, 0x0D, 0x0D,
    0xC8, 0x1F, 0x39, 0xDE, 0xC3, 0x06, 0x7D, 0x77, 0x07, 0x5F, 0xAF, 0xBB, 0x14, 0xA7, 0x51, 0xB6,
    0x65, 0xEE, 0x5E, 0x71, 0x7F, 0xFE, 0x04, 0x2E, 0x66, 0xF0, 0xE6, 0xF2, 0x42, 0xD1, 0xCC, 0xDD,
    0xBA, 0x7C, 0xA3, 0xE0, 0x66, 0xBC, 0xB9, 0x30, 0xE7, 0x2D, 0x6F, 0x77, 0x87, 0x8B, 0x1C, 0xEE,
    0xF0, 0x0C, 0x35, 0x20, 0x61, 0x53, 0xB1, 0x37, 0xAC, 0xDA, 0x22, 0xD8, 0x31, 0xC7, 0x5D, 0x10,
    0x40, 0x87, 0x35, 0xB8, 0xF2, 0x36, 0x67, 0x61, 0x73, 0xD8, 0x25, 0xD2, 0xBF, 0x99, 0x87, 0xF0,
    0xD4, 0x4C, 0xC5, 0xD8, 0x70, 0x73, 0x89, 0x79, 0xD4, 0xAB, 0x6A, 0x28, 0x90, 0x27, 0x97, 0x07,
    0x5A, 0xB1, 0x42, 0x79, 0x99, 0x9D, 0xCE, 0x53, 0x41, 0xE2, 0x39, 0x34, 0x2D, 0x9C, 0x42, 0x98,
    0x2F, 0x3E, 0x73, 0x33, 0x5A, 0x73, 0x62, 0x10, 0xBA, 0xBE, 0x61, 0x34, 0xCE, 0xA5, 0x57, 0xE7,
    0x1C, 0x9C, 0x8D, 0x74, 0x49, 0xDD, 0x61, 0x6C, 0xF9, 0xB1, 0xA5, 0xC9, 0x71, 0xC7, 0xF4, 0x78,
    0x30, 0x1B, 0x75, 0x97, 0xF8, 0xDD, 0xB9, 0xEA, 0xEF, 0xF4, 0x57, 0xD9, 0x3F, 0xEB, 0xF1, 0x27,
    0x6F, 0x25, 0x06, 0xE2, 0x50, 0x86, 0xC1, 0x0F, 0x2B, 0x04, 0xB6, 0x3D, 0xBF, 0x12, 0x17, 0x7F,
    0x9B, 0x9D, 0xE6, 0x37, 0x8B, 0xF6, 0x91, 0x0F, 0x21, 0xD8, 0x4A, 0xD8, 0x0B, 0xB3, 0xA6, 0x49,
    0xA3, 0x18, 0x87, 0x96, 0x84, 0xA5, 0x78, 0xE0, 0xCC, 0xB7, 0x11, 0xE0, 0xD0, 0xF9, 0x05, 0xF6,
    0xFA, 0x05, 0x85, 0x9C, 0xCE, 0xBE, 0x79, 0xB3, 0x97, 0xF4, 0x1E, 0x39, 0x23, 0x6C, 0x94, 0x8D,
    0xD1, 0x4E, 0xC4, 0x9D, 0xE4, 0x42, 0xFE, 0xD2, 0xB7, 0x9E, 0x73, 0xCC, 0x47, 0x25, 0x65, 0xAB,
    0xC4, 0xE3, 0x2C, 0xC5, 0x22, 0x66, 0xE4, 0xAC, 0xB6, 0xF3, 0x12, 0xC4, 0x68, 0x18, 0x98, 0x7B,
    0x08, 0x01, 0x3F, 0x08, 0x19, 0xB8, 0xF9, 0x21, 0x04, 0x19, 0x11, 0xB3, 0xFA, 0x13, 0x2B, 0x62,
    0x2C, 0x15, 0xE6, 0xD0, 0x4C, 0xB1, 0xB9, 0x3D, 0xB9, 0xAC, 0x0E, 0x86, 0x93, 0xD5, 0x92, 0xD8,
    0xBE, 0x55, 0xAA, 0x64, 0xE5, 0xCA, 0x40, 0xA1, 0x2C, 0x07, 0x78, 0xF9, 0xD5, 0x9B, 0x84, 0xFD,
    0x81, 0x8D, 0x70, 0xD1, 0xC5, 0x4A, 0xBE, 0x0B, 0xA3, 0xDD, 0xE8, 0xF4, 0xDA, 0xD1, 0xA1, 0x12,
    0x69, 0xB1, 0x58, 0x7C, 0xDE, 0xB2, 0x07, 0xCE, 0x5C, 0x0C, 0x4E, 0xA4, 0xDA, 0xE9, 0x94, 0x63,
    0x80, 0x2C, 0xA1, 0xE3, 0x8C, 0x93, 0x52, 0x76, 0x97, 0xAC, 0x76, 0xD5, 0x44, 0xEA, 0x92, 0x62,
    0x0C, 0x23, 0x5B, 0x6F, 0x52, 0xDF, 0x32, 0x76, 0x8D, 0xC4, 0xEC, 0x25, 0x95, 0x7A, 0xC6, 0x61,
    0xC3, 0x70, 0x15, 0x0E, 0x28, 0xA7, 0xB7, 0xAE, 0x5B, 0xED, 0x2A, 0x44, 0xFF, 0xE7, 0xC5, 0x71,
    0xFB, 0xCC, 0xDA, 0x6B, 0x04, 0xE2, 0x3E, 0xE1, 0xA5, 0xC5, 0xCF, 0x71, 0xCD, 0x10, 0xCF, 0x0D,
    0x17, 0xBE, 0xD9, 0xBF, 0xE6, 0xD2, 0x9B, 0x6B, 0xDA, 0xD0, 0x84, 0x2C, 0x64, 0xB1, 0xC3, 0x56,
    0xAD, 0x4B, 0x72, 0xE2, 0x2E, 0x50, 0xB1, 0xCC, 0x72, 0x6A, 0xF5, 0xE2, 0x71, 0x33, 0xE8, 0xD7,
    0x37, 0xAD, 0x46, 0x22, 0x33, 0x47, 0xEC, 0x11, 0x4C, 0x17, 0x80, 0xBB, 0x52, 0x95, 0xEC, 0xAD,
    0x67, 0xE7, 0x64, 0x5B, 0x0B, 0x49, 0xB4, 0x62, 0xEB, 0x02, 0x37, 0xC5, 0x21, 0x5B, 0x3F, 0x14,
    0xA5, 0x15, 0xE2, 0x51, 0x90, 0x02, 0x24, 0xDD, 0x78, 0xAD, 0x72, 0x75, 0x46, 0xBC, 0x24, 0x7F,
    0x42, 0x01, 0x48, 0x2B, 0x9A, 0xF5, 0x89, 0x57, 0x91, 0xB6, 0x65, 0x69, 0x9B, 0x16, 0xD8, 0x0D,
    0x5B, 0xB0, 0x2F, 0xAD, 0xA5, 0xE3, 0xAC, 0x48, 0xE5, 0x92, 0x46, 0xC3, 0xE7, 0x76, 0x13, 0xDE,
    0xB6, 0x6C, 0xF2, 0xF2, 0x58, 0x02, 0x31, 0xB8, 0x48, 0x2C, 0x57, 0x45, 0x74, 0x6F, 0x4B, 0x4C,
    0x82, 0x75, 0x4A, 0x9A, 0x13, 0x56, 0x33, 0x43, 0xE4, 0xBC, 0x8F, 0x83, 0x4D, 0xE9, 0x95, 0xD6,
    0x4C, 0x9E, 0x85, 0xB3, 0x6A, 0x0B, 0xE6, 0x87, 0x0F, 0xDB, 0x36, 0x55, 0xE1, 0x70, 0x6B, 0x6D,
    0x58, 0xBF, 0xB1, 0xDA, 0x0A, 0xE6, 0x4F, 0xEB, 0x22, 0x19, 0x4D, 0xA2, 0x44, 0x70, 0xEE, 0xF3,
    0x1C, 0xD1, 0x7B, 0x53, 0xD5, 0x89, 0xF2, 0x17, 0x4E, 0x17, 0x88, 0x1A, 0xE4, 0x37, 0xA9, 0xDD,
    0x86, 0xAD, 0x89, 0x5D, 0x5F, 0xBB, 0x66, 0x06, 0x0E, 0xDB, 0x25, 0x68, 0x80, 0x98, 0x04, 0x6F,
    0x5D, 0xB7, 0xB4, 0xD0, 0xA2, 0xB1, 0x65, 0xDB, 0x74, 0x75, 0x56, 0x43, 0x52, 0xD3, 0x83, 0x1D,
    0xFB, 0x16, 0x68, 0x9A, 0x4D, 0x81, 0xED, 0x30, 0xEA, 0x6F, 0x72, 0x6F, 0x6D, 0xF8, 0xF3, 0x55,
    0x7B, 0x5C, 0x60, 0x29, 0x04, 0xA1, 0xAA, 0xA8, 0x00, 0xE9, 0x8C, 0x5C, 0xFD, 0x61, 0x02, 0x79,
    0xF7, 0x4A, 0x2E, 0x22, 0x2B, 0x8F, 0xC4, 0x66, 0xFD, 0x05, 0x36, 0xF9, 0xC9, 0x9E, 0x01, 0x00,
    0xE2, 0xAF, 0xA7, 0x9F, 0x3E, 0xF3, 0xE1, 0x11, 0xD1, 0xE6, 0xCF, 0xB1, 0x47, 0xD7, 0xE3, 0x70,
    0x03, 0xAE, 0xEF, 0x75, 0xAC, 0x1B, 0x54, 0xD4, 0xC8, 0xFC, 0x88, 0x5E, 0xDD, 0x6F, 0x15, 0x34,
    0x6E, 0x3E, 0x43, 0x84, 0xC4, 0x18, 0x89, 0x87, 0xB0, 0x0B, 0xFA, 0xA3, 0xED, 0xF5, 0x6F, 0x0F,
    0x2A, 0xF2, 0x29, 0x52, 0x31, 0x9E, 0x4B, 0x5E, 0x62, 0xAB, 0x98, 0xA1, 0xA5, 0xE9, 0x29, 0x67,
    0x03, 0xCF, 0xF6, 0xD5, 0xF8, 0xA7, 0xBA, 0x27, 0xE3, 0x87, 0xA9, 0x1A, 0xAE, 0xB5, 0xCD, 0x9A,
    0xC6, 0x04, 0x53, 0x64, 0x92, 0xEB, 0xE5, 0xCF, 0xA6, 0x12, 0x36, 0x0D, 0x46, 0xDF, 0x9F, 0xE0,
    0x60, 0xB8, 0xB9, 0xA8, 0x1A, 0x18, 0x87, 0x46, 0xED, 0xFD, 0x2A, 0x17, 0x8D, 0x5A, 0x7A, 0x8B,
    0x7E, 0xB7, 0x78, 0x87, 0xD6, 0x6B, 0x47, 0xED, 0x0E, 0xE6, 0x0E, 0xFF, 0xC4, 0xAD, 0x8E, 0xBB,
    0x04, 0x2E, 0x9C, 0x3B, 0x2B, 0x83, 0xF3, 0x24, 0x93, 0x53, 0x35, 0xDC, 0xA2, 0x71, 0x80, 0x9B,
    0x65, 0x19, 0xE3, 0x73, 0xF6, 0x7B, 0x78, 0xE7, 0x42, 0x9B, 0xD9, 0x09, 0xB0, 0xF5, 0x81, 0x3D,
    0x80, 0xD3, 0xE8, 0xCC, 0xA7, 0xCE, 0x18, 0x6F, 0xED, 0x92, 0x10, 0xAA, 0xC2, 0x28, 0x02, 0x07,
    0xCB, 0x84, 0xC6, 0x3E, 0x05, 0x48, 0x5E, 0x87, 0x2F, 0xEC, 0x60, 0xAB, 0x9E, 0xE5, 0xB6, 0x09,
    0x3A, 0x0E, 0xC6, 0x73, 0x82, 0x8A, 0x1D, 0x11, 0xB6, 0x47, 0x82, 0x61, 0x2E, 0x69, 0x2B, 0x93,
    0x00, 0x3D, 0xCF, 0x94, 0xF6, 0xC2, 0x10, 0xD1, 0xF9, 0xEF, 0xD0, 0xF6, 0xCF, 0x6E, 0x5F, 0x01,
    0x14, 0xED, 0xA1, 0x79, 0xB4, 0x9B, 0x37, 0x82, 0x94, 0x73, 0x81, 0x9C, 0xC8, 0xAD, 0xB6, 0x03,
    0xF8, 0xD5, 0xBC, 0x53, 0x44, 0xD1, 0x01, 0xF3, 0x31, 0x35, 0x20, 0x94, 0xB3, 0x68, 0x2B, 0xE7,
    0x67, 0x6F, 0x97, 0xB3, 0x5D, 0xDA, 0xF5, 0xA5, 0x6F, 0xCF, 0x4F, 0xDC, 0xFA, 0xD7, 0x61, 0x58,
    0xF6, 0x4D, 0x5A, 0x71, 0x80, 0x9C, 0x5E, 0x81, 0x26, 0xAB, 0x8C, 0x7A, 0x55, 0xF5, 0xD4, 0xBD,
    0xBD, 0xBD, 0x6F, 0x77, 0xF3, 0xB2, 0x41, 0x3F, 0x7B, 0x2C, 0xAD, 0x00, 0xC1, 0xF0, 0xF2, 0xD2,
    0x9E, 0xE7, 0x36, 0x34, 0x9B, 0xCB, 0x51, 0x1C, 0x12, 0xC6, 0xFC, 0xDE, 0xCA, 0x74, 0xD1, 0x90,
    0xD1, 0xAC, 0xC9, 0x2F, 0x12, 0x70, 0xD2, 0xE4, 0xF6, 0x7C, 0xFE, 0x83, 0x06, 0x8A, 0x15, 0x38,
    0x11, 0x9F, 0xF2, 0xCB, 0xD4, 0x2B, 0x7E, 0x8D, 0x8E, 0x11, 0x93, 0x97, 0x20, 0x6D, 0x5C, 0x41,
    0xE8, 0xBF, 0x34, 0xB7, 0x05, 0x67, 0xD6, 0x1E, 0x18, 0x6D, 0xCF, 0x4C, 0xAF, 0x97, 0x0D, 0x58,
    0x68, 0xF3, 0x09, 0xC3, 0xE1, 0xB5, 0x32, 0xC0, 0xE2, 0x13, 0xA8, 0xE4, 0xEA, 0xAA, 0xE0, 0x7C,
    0xF5, 0xFA, 0xDE, 0xDE, 0x3F, 0x13, 0x16, 0x85, 0xEE, 0xD9, 0x72, 0x66, 0x31, 0x93, 0x32, 0xA6,
    0xC4, 0xF7, 0x40, 0xFA, 0xCB, 0x65, 0x4A, 0xA5, 0x29, 0xC8, 0xDF, 0x4F, 0xCD, 0xEE, 0x29, 0xA9,
    0x13, 0x48, 0x0E, 0xE4, 0x1F, 0x49, 0x19, 0xF4, 0xC8, 0x3B, 0xB2, 0xD9, 0xFA, 0x41, 0x83, 0xF1,
    0xFB, 0x8A, 0xDA, 0xB8, 0x8B, 0xBA, 0xA5, 0x16, 0xD1, 0x4F, 0x22, 0x50, 0x8B, 0x37, 0x12, 0x8B,
    0xAF, 0xE7, 0xA9, 0xCD, 0x61, 0x0A, 0xB6, 0x58, 0xD8, 0xFC, 0xB5, 0xFE, 0x3C, 0x7B, 0x0D, 0xCB,
    0x64, 0x73, 0x61, 0xFC, 0x07, 0x94, 0x5D, 0x16, 0x1B, 0x95, 0x9F, 0x52, 0xC7, 0x6E, 0xF2, 0xB9,
    0xEF, 0x6B, 0x7E, 0x4F, 0xFD, 0x39, 0x64, 0x09, 0xC8, 0x10, 0xA2, 0x77, 0xFB, 0xA0, 0x2B, 0x1E,
    0xEE, 0xC2, 0xFF, 0xEE, 0xCD, 0xC5, 0x3F, 0x35, 0x9F, 0x58, 0xE5, 0x02, 0x3F, 0x42, 0x60, 0x95,
    0xC7, 0x20, 0xC0, 0x63, 0x9D, 0xF4, 0x90, 0x9B, 0x29, 0x6B, 0xD2, 0xE8, 0x7F, 0xBD, 0xC0, 0x1A,
    0x91, 0x9A, 0x0A, 0x8A, 0xF3, 0x10, 0x77, 0x64, 0x75, 0xF6, 0x8B, 0x91, 0xA5, 0x83, 0xB4, 0xBA,
    0x25, 0xD9, 0xF8, 0x91, 0x92, 0x5F, 0x90, 0xD4, 0x83, 0xF5, 0xE0, 0x3C, 0xC9, 0xAF, 0xFD, 0x55,
    0xD0, 0xA6, 0x0C, 0xF1, 0xBA, 0x0B, 0x16, 0xE7, 0x09, 0x53, 0xEC, 0x89, 0xE1, 0x6F, 0x37, 0x37,
    0x93, 0x3D, 0x6D, 0x8A, 0x62, 0x90, 0x9B, 0xB1, 0x63, 0xFC, 0x99, 0x9B, 0xB7, 0xA9, 0xFB, 0xFB,
    0x50, 0x94, 0xD4, 0xFE, 0xA2, 0x55, 0x07, 0x28, 0x60, 0xFF, 0x21, 0x66, 0xF5, 0x0F, 0x0B, 0x04,
    0x63, 0xCA, 0x92, 0x2B, 0x75, 0x63, 0xA2, 0x34, 0xD8, 0x62, 0x75, 0x98, 0xDC, 0x41, 0x0F, 0x70,
    0x18, 0x11, 0x71, 0xF8, 0x43, 0x4A, 0x7D, 0x20, 0x29, 0x61, 0x2B, 0xFF, 0xBE, 0xAC, 0xFD, 0xB9,
    0x92, 0xCD, 0xDD, 0x68, 0x1B, 0xC9, 0x7B, 0x5A, 0xFF, 0xB1, 0xD2, 0xD1, 0x48, 0xC9, 0xDB, 0xDB,
    0xDA, 0x38, 0xA7, 0x78, 0xFD, 0x79, 0xE5, 0x6A, 0x77, 0x99, 0x2F, 0x1F, 0xBD, 0x5B, 0xA0, 0x39,
    0xCE, 0xD9, 0x06, 0xCE, 0x97, 0x59, 0x66, 0x7B, 0xF0, 0x0D, 0xBB, 0xF0, 0xCF, 0x48, 0x66, 0x5C,
    0x70, 0x4A, 0xDB, 0xE0, 0x18, 0xE0, 0x78, 0x30, 0xB3, 0xC1, 0xB1, 0xE5, 0xFF, 0xF1, 0x80, 0x85,
    0xC7, 0xF2, 0x5A, 0xA2, 0x7D, 0x4E, 0xDF, 0x81, 0xCB, 0x98, 0x7B, 0xC9, 0x73, 0xD1, 0x41, 0x26,
    0xC9, 0xF5, 0x13, 0xB3, 0x76, 0x9D, 0x42, 0x30, 0x3B, 0x9B, 0xAB, 0x11, 0xD1, 0x11, 0x45, 0xF8,
    0x6D, 0xAB, 0xF4, 0x04, 0x4C, 0x4E, 0x68, 0xA4, 0xE3, 0x0E, 0xEA, 0xC4, 0x58, 0x7B, 0xA0, 0xA2,
    0xD9, 0xCF, 0x0D, 0x2B, 0x96, 0x0D, 0xA2, 0x32, 0xAD, 0x4C, 0x76, 0x95, 0x6F, 0xFC, 0x17, 0x73,
    0xBB, 0x81, 0x64, 0xB6, 0xEA, 0x18, 0x3C, 0xC5, 0x8A, 0x4F, 0x55, 0x22, 0x2A, 0x6F, 0x44, 0x67,
    0xC8, 0x18, 0x72, 0x10, 0x69, 0xA4, 0x27, 0x30, 0x37, 0x09, 0x6D, 0xEE, 0x33, 0xF3, 0xFE, 0x3B,
    0x67, 0xD9, 0x65, 0xD0, 0x83, 0xF5, 0xC1, 0xFD, 0xC0, 0xE1, 0xA4, 0xF9, 0xF0, 0xA1, 0xF5, 0xD6,
    0x4D, 0xE8, 0x78, 0x94, 0x21, 0x67, 0xEA, 0xC7, 0x4C, 0x3D, 0xE8, 0x20, 0xA4, 0x7E, 0x1F, 0xAA,
    0x97, 0x79, 0xD1, 0x98, 0x4F, 0xDF, 0x54, 0xF7, 0x67, 0xD6, 0xD3, 0x28, 0x9B, 0x50, 0xBF, 0x04,
    0x62, 0x51, 0x83, 0x75, 0x32, 0x44, 0x92, 0x5D, 0x3A, 0xE6, 0xF2, 0x29, 0x6E, 0x5B, 0x6B, 0x1D,
    0x60, 0xB7, 0x40, 0xCB, 0x4E, 0xE0, 0x20, 0xD9, 0x26, 0x79, 0x4A, 0x5A, 0xFF, 0x6C, 0xA9, 0x70,
    0x40, 0xE2, 0xCB, 0x2A, 0x61, 0x2D, 0x8F, 0x02, 0x8A, 0xAC, 0xEB, 0xED, 0x61, 0x0F, 0x29, 0x08,
    0xED, 0x8B, 0x2D, 0xBC, 0xC5, 0x04, 0x68, 0x2F, 0xA6, 0x78, 0xED, 0x01, 0x55, 0xAE, 0xCD, 0x1F,
    0x1E, 0x41, 0xCB, 0x1D, 0x17, 0xED, 0x8C, 0x2A, 0x66, 0x36, 0xDC, 0x17, 0x3B, 0x2A, 0x8B, 0xAA,
    0xB8, 0x35, 0xAF, 0x93, 0x7A, 0xD1, 0xC7, 0x16, 0x57, 0x36, 0x08, 0x78, 0x08, 0x27, 0x7F, 0x92,
    0xD1, 0x12, 0xCE, 0x5E, 0x0A, 0x16, 0x29, 0xC5, 0xB4, 0x0C, 0x7B, 0x92, 0xE9, 0x2F, 0x6D, 0xEE,
    0x34, 0x2C, 0x91, 0x99, 0xBC, 0xFF, 0xD9, 0xB5, 0x82, 0x55, 0x40, 0x3F, 0x66, 0xB1, 0x31, 0x98,
    0x02, 0xE5, 0x4E, 0xE5, 0x9D, 0xBA, 0x42, 0xE5, 0x34, 0xEF, 0xB7, 0x64, 0x79, 0x7D, 0x09, 0x13,
    0x5B, 0x30, 0xFB, 0x0B, 0x2C, 0x25, 0x39, 0xAB, 0x4B, 0x46, 0x10, 0xDC, 0x17, 0x61, 0xE3, 0x5B,
    0x79, 0x2C, 0x10, 0xC9, 0x63, 0xEE, 0x44, 0x89, 0x1B, 0xFE, 0x04, 0xA4, 0x95, 0xFA, 0x43, 0x1D,
    0xB8, 0xEF, 0xFF, 0xE0, 0xB8, 0x2A, 0x79, 0xA3, 0x73, 0x3D, 0x86, 0x7B, 0x8F, 0xE7, 0xA8, 0xD1,
    0x35, 0xC3, 0x66, 0x8F, 0x7E, 0xCB, 0x06, 0xF7, 0xD5, 0x9E, 0xF8, 0xD7, 0x17, 0x8B, 0xC5, 0xD9,
    0xC3, 0xDB, 0x4F, 0x6C, 0xBC, 0x22, 0x21, 0xFE, 0xF2, 0x86, 0x04, 0xD4, 0xF7, 0x51, 0x54, 0x7F,
    0x0A, 0xD6, 0xBF, 0x63, 0xB9, 0xEF, 0x38, 0xB2, 0xCE, 0x17, 0xB1, 0x76, 0x60, 0xF3, 0x12, 0x6C,
    0xEA, 0x01, 0xFD, 0x7E, 0x56, 0x8D, 0x26, 0x7D, 0x0A, 0x46, 0x2D, 0x6A, 0xB2, 0x17, 0x47, 0x6E,
    0xD5, 0x48, 0xEA, 0x7D, 0x36, 0x09, 0xD2, 0x65, 0x30, 0xC4, 0x37, 0x10, 0x2A, 0x2C, 0x59, 0xF0,
    0x6A, 0x23, 0xED, 0x7E, 0xC9, 0xF8, 0x0B, 0x1C, 0xD8, 0xE4, 0xA4, 0x73, 0xE5, 0xF1, 0x13, 0xA2,
    0x71, 0xBE, 0xBD, 0xD1, 0x76, 0xF9, 0x86, 0x59, 0xEF, 0xAF, 0x70, 0xDA, 0xAF, 0x86, 0xE5, 0x2A,
    0x3B, 0x74, 0x70, 0xAE, 0xB6, 0xA2, 0x7B, 0xCD, 0xD1, 0xE4, 0xFF, 0x31, 0x7D, 0x97, 0x7E, 0x54,
    0xD0, 0x44, 0xB6, 0x61, 0xD3, 0xE5, 0xD1, 0xDE, 0x6C, 0xBF, 0x17, 0x9B, 0xB5, 0x7A, 0xB0, 0xE4,
    0x5D, 0xE0, 0x8B, 0xBB, 0x81, 0x7C, 0xA6, 0x61, 0x0C, 0x83, 0x9C, 0x7A, 0xDA, 0xB1, 0x07, 0x6C,
    0x2E, 0xFE, 0x92, 0x5D, 0x4A, 0x5B, 0xB3, 0x4E, 0xF2, 0x55, 0xB3, 0xB5, 0x61, 0x2C, 0x94, 0x42,
    0xBA, 0x9D, 0xD5, 0xAB, 0xC2, 0xA9, 0x2B, 0x4A, 0x94, 0xCB, 0xC3, 0xBD, 0x49, 0x6E, 0x97, 0x7D,
    0x9C, 0xFF, 0x2E, 0xA3, 0x93, 0x1F, 0x16, 0x47, 0x7C, 0x79, 0x45, 0xCF, 0x6D, 0x0A, 0x9A, 0xA4,
    0x05, 0xA5, 0xC2, 0xF5, 0x42, 0xFB, 0xD2, 0x32, 0xFD, 0xD2, 0x64, 0xFB, 0xB6, 0xDD, 0xA8, 0xDB,
    0x2F, 0xD0, 0x25, 0x23, 0x82, 0x07, 0x2E, 0x29, 0xD1, 0xA9, 0xBD, 0x9D, 0xC6, 0x1C, 0x7F, 0xEF,
    0x1E, 0x65, 0xFE, 0x05, 0x46, 0xE6, 0xD0, 0x61, 0x8D, 0x85, 0xB8, 0x30, 0x2F, 0x2A, 0x0F, 0x4A,
    0xFB, 0x26, 0x05, 0xF8, 0x65, 0x4B, 0x83, 0xF3, 0x39, 0x38, 0x69, 0xEF, 0x59, 0x73, 0xEF, 0x9A,
    0x29, 0x4A, 0xF5, 0x7C, 0xB7, 0x9B, 0xAE, 0xA4, 0x29, 0xC5, 0x0C, 0x71, 0x73, 0xE7, 0x3D, 0x75,
    0xE6, 0xEB, 0x4B, 0xF3, 0x08, 0x74, 0x01, 0xD4, 0x47, 0x00, 0xDB, 0xB3, 0xA7, 0xF3, 0x29, 0x04,
    0x39, 0xEF, 0xC7, 0x33, 0x3A, 0xEA, 0xF7, 0xBA, 0x6B, 0x25, 0x14, 0x59, 0xAD, 0x3E, 0x8D, 0xFD,
    0xBE, 0x9D, 0xCE, 0xB0, 0xB3, 0x6E, 0xA9, 0xEB, 0x5D, 0xAA, 0x7D, 0x90, 0xDE, 0x46, 0x06, 0xFF,
    0x03, 0x29, 0x42, 0x7B, 0xB8, 0xC5, 0xC9, 0x6D, 0x2B, 0x6A, 0xD6, 0x3F, 0x0B, 0x53, 0xC5, 0xE2,
    0x96, 0x6D, 0xC9, 0xEB, 0x72, 0xDB, 0x99, 0xAD, 0xC5, 0x42, 0xFB, 0x91, 0xFF, 0x03, 0xF3, 0xEF,
    0x4C, 0xEE, 0x47, 0x6B, 0xAC, 0x03, 0x16, 0x4C, 0xBE, 0x02, 0x95, 0xA4, 0xF5, 0xCB, 0x14, 0xE6,
    0x2E, 0x59, 0xC5, 0xA2, 0x50, 0xA9, 0xD2, 0xDB, 0xA4, 0xFE, 0xF1, 0xC0, 0x85, 0xC3, 0x96, 0xDB,
    0xEC, 0xE3, 0x86, 0xD2, 0x90, 0xE8, 0xE7, 0x8A, 0x59, 0x71, 0xD8, 0x20, 0x50, 0x4D, 0xD8, 0xF9,
    0x6F, 0x57, 0x32, 0x77, 0x81, 0xD9, 0x78, 0xB8, 0x6F, 0x44, 0xDB, 0xA5, 0xB8, 0x8B, 0xD7, 0x7B,
    0xD4, 0xC5, 0x50, 0xA3, 0xCA, 0x17, 0xD5, 0x61, 0x9D, 0x50, 0x0E, 0x29, 0x1D, 0xD6, 0x5B, 0xF4,
    0x22, 0x57, 0x68, 0x2E, 0x0F, 0x77, 0x01, 0xBB, 0x4A, 0x63, 0x7A, 0xFB, 0x6D, 0x36, 0xA7, 0xD3,
    0xAB, 0x6C, 0xF7, 0x94, 0xCC, 0x70, 0x7D, 0xFB, 0xAB, 0xC4, 0xAA, 0x03, 0x32, 0x28, 0x24, 0x55,
    0xE9, 0x30, 0x69, 0x7D, 0xED, 0x63, 0xE0, 0x24, 0x96, 0x93, 0x40, 0xB0, 0x4B, 0x42, 0x77, 0x78,
    0x7B, 0xE2, 0x6D, 0xC0, 0x5F, 0xF2, 0x86, 0xAF, 0x48, 0x08, 0xB7, 0x61, 0x2B, 0xD3, 0xE9, 0xBC,
    0x55, 0xAF, 0x8B, 0xBE, 0x0A, 0xB9, 0x27, 0x6E, 0xDF, 0x73, 0x34, 0x24, 0x6B, 0x00, 0x43, 0x21,
    0xA8, 0xAE, 0x9B, 0xBF, 0xB7, 0xB7, 0x51, 0x03, 0x9D, 0xF8, 0x42, 0x38, 0xD0, 0xC4, 0x25, 0x2D,
    0x7B, 0x08, 0xF0, 0x94, 0xD5, 0x9D, 0x64, 0x70, 0xB1, 0xC8, 0xEF, 0x5D, 0xFC, 0xB5, 0x22, 0xA7,
    0xEF, 0xD8, 0xCE, 0x2B, 0xFB, 0x50, 0x1B, 0x0C, 0xA3, 0x8E, 0x31, 0x07, 0x77, 0x1B, 0x34, 0x73,
    0x10, 0x5F, 0xE4, 0xB4, 0x37, 0x96, 0x31, 0x0A, 0x40, 0xD1, 0x26, 0x73, 0x55, 0x4D, 0x5B, 0xB2,
    0x31, 0xA9, 0xD8, 0xCC, 0xCB, 0x9E, 0x92, 0xBE, 0x6A, 0x8F, 0x88, 0x6A, 0xA5, 0xFA, 0x71, 0xCA,
    0xCC, 0x35, 0x57, 0xDC, 0x57, 0xE4, 0xE0, 0x10, 0x72, 0x0E, 0x45, 0x90, 0xB9, 0xFD, 0x6E, 0xAC,
    0xDF, 0x6C, 0xED, 0xB8, 0x8E, 0x9A, 0xF2, 0x3D, 0xBD, 0x57, 0x0A, 0xB3, 0xFF, 0x01, 0xDD, 0x5C,
    0x3F, 0xAC, 0x1D, 0xD5, 0x99, 0x3F, 0x33, 0xC3, 0x7B, 0xD7, 0x64, 0xB4, 0x0C, 0x85, 0x1D, 0x12,
    0x5B, 0x61, 0x28, 0x28, 0x56, 0xDA, 0x84, 0x69, 0x52, 0xA4, 0x20, 0x9E, 0x01, 0xA4, 0xA5, 0xA0,
    0xC8, 0x5B, 0xC9, 0x8F, 0x55, 0x70, 0x41, 0x8A, 0x14, 0x21, 0x48, 0x79, 0x4D, 0x8A, 0x14, 0x90,
    0x19, 0x44, 0x41, 0xC9, 0x5B, 0xC9, 0x6C, 0xBB, 0x14, 0x44, 0x5A, 0x9E, 0xB5, 0x71, 0x0A, 0x0A,
    0x56, 0x32, 0x9E, 0xC1, 0x68, 0x95, 0xC2, 0x85, 0x27, 0x61, 0xA5, 0x14, 0x29, 0xB8, 0xD9, 0x98,
    0x5D, 0x61, 0x0A, 0x06, 0x7C, 0x49, 0xE6, 0x3D, 0x66, 0xE6, 0xEC, 0xF7, 0xFB, 0x7D, 0x67, 0xEE,
    0xBD, 0xEF, 0xF9, 0x19, 0xFC, 0x97, 0xD8, 0x3C, 0xD9, 0x77, 0xEE, 0xB9, 0xF7, 0xCE, 0x99, 0xEF,
    0x7C, 0xFF, 0xFF, 0x9D, 0x63, 0x4C, 0x69, 0x07, 0x63, 0x8C, 0x67, 0xC7, 0x4B, 0x2F, 0x17, 0xB3,
    0xBE, 0x7E, 0xCC, 0x5C, 0xF1, 0x6F, 0x55, 0x2F, 0x79, 0xC1, 0x8B, 0xAD, 0x0C, 0x6F, 0xAC, 0x71,
    0x09, 0xEC, 0x54, 0x2F, 0x0D, 0x2E, 0xE1, 0x1F, 0x66, 0xB8, 0x44, 0xEF, 0x74, 0xB8, 0xC4, 0x2F,
    0xF2, 0x92, 0x7A, 0x7C, 0x42, 0x6E, 0x2C, 0x2E, 0x6F, 0xE9, 0xA5, 0xE3, 0x6C, 0x7E, 0x6B, 0x52,
    0x99, 0x2D, 0x98, 0x99, 0x44, 0x66, 0x9B, 0x34, 0x26, 0x96, 0xD9, 0x22, 0x6B, 0x31, 0x1B, 0x2E,
    0x32, 0x5B, 0x72, 0x71, 0xEB, 0xA4, 0x4C, 0x93, 0x66, 0x26, 0xE8, 0x30, 0x89, 0xF1, 0x05, 0xEC,
    0x01, 0xCF, 0x37, 0x1E, 0xA6, 0xB7, 0x99, 0x8F, 0x4B, 0x59, 0x4C, 0xFA, 0xCC, 0xF8, 0xF6, 0x42,
    0x29, 0xF7, 0xA6, 0x96, 0x53, 0xE4, 0x96, 0x8F, 0x12, 0xE0, 0x6C, 0x87, 0x97, 0xD6, 0x4C, 0x38,
    0xE5, 0x7E, 0x7F, 0xA1, 0x15, 0x70, 0xF0, 0xED, 0x64, 0x38, 0xD5, 0x99, 0xA8, 0xF1, 0x7B, 0x13,
    0xD7, 0xF2, 0x9C, 0xA8, 0x92, 0x97, 0xD5, 0x42, 0x81, 0x1E, 0x5F, 0x56, 0x4B, 0x79, 0x78, 0x29,
    0xB3, 0x87, 0x76, 0xC7, 0x9A, 0x78, 0x26, 0x9F, 0xC9, 0x32, 0xE4, 0xA5, 0x98, 0xBF, 0xAB, 0x03,
    0x6B, 0x92, 0xED, 0x0D, 0x7B, 0x51, 0x96, 0x91, 0x0E, 0x81, 0x9D, 0xC9, 0xAF, 0x7E, 0x98, 0x79,
    0x72, 0xFF, 0x9A, 0xB9, 0x0B, 0xE8, 0x6B, 0xCC, 0x3D, 0x72, 0x91, 0xC7, 0x1C, 0xE5, 0xA4, 0x17,
    0x89, 0xAA, 0x5C, 0xC1, 0x3B, 0xA2, 0x28, 0x36, 0xC7, 0xBE, 0x82, 0xC4, 0xF0, 0x2B, 0xF3, 0x20,
    0x26, 0xFF, 0x85, 0x09, 0x7A, 0x7F, 0x26, 0x3F, 0xC2, 0xF4, 0x25, 0x96, 0x11, 0x6E, 0xFF, 0x2D,
    0xC9, 0x72, 0xA7, 0xE3, 0x35, 0xCF, 0x88, 0xDD, 0x96, 0x83, 0x49, 0xA3, 0xD8, 0xD3, 0x4B, 0x34,
    0x73, 0xB8, 0x9C, 0xE9, 0x2A, 0x74, 0x58, 0xD6, 0x5F, 0x26, 0x8A, 0x23, 0xE0, 0x33, 0x55, 0xDC,
    0xC8, 0x1F, 0x91, 0x35, 0x70, 0xD2, 0x0F, 0x00, 0x3C, 0xDE, 0x86, 0xED, 0x82, 0xEC, 0x5C, 0x04,
    0xE0, 0xF4, 0x01, 0x9D, 0x47, 0xC4, 0x97, 0xED, 0x7C, 0x2D, 0x9B, 0x7B, 0x65, 0xE2, 0xCC, 0x09,
    0x2C, 0x44, 0x16, 0x21, 0x2F, 0xB6, 0xF0, 0xED, 0x2B, 0x1B, 0xAD, 0x29, 0x2B, 0x01, 0x4B, 0x70,
    0xED, 0xB7, 0x40, 0x6A, 0x5C, 0x94, 0x82, 0xA1, 0x59, 0x24, 0x33, 0xDD, 0xED, 0xF1, 0xC9, 0xA0,
    0x06, 0xF1, 0x6D, 0x48, 0x9F, 0x2B, 0xBD, 0x25, 0xA8, 0xE9, 0x94, 0xB0, 0x90, 0xE0, 0x04, 0x93,
    0x8C, 0x31, 0x01, 0x70, 0x26, 0xB1, 0x9B, 0xE6, 0x67, 0xC2, 0xC2, 0xD6, 0xD6, 0xA2, 0x4D, 0x45,
    0xD5, 0xF8, 0xAA, 0x53, 0x9F, 0x3A, 0x31, 0x82, 0xF7, 0x5D, 0xFC, 0x4A, 0x9E, 0x4E, 0xC2, 0xCF,
    0xF4, 0x3F, 0x56, 0x17, 0x60, 0x31, 0x7B, 0x15, 0x92, 0x2F, 0xCC, 0x26, 0xAB, 0xC8, 0x04, 0x7D,
    0x4D, 0xD4, 0x04, 0x83, 0x40, 0x9C, 0xBE, 0x34, 0x33, 0xD1, 0xEF, 0x65, 0xE2, 0x4D, 0x00, 0x9E,
    0x62, 0xA6, 0x5A, 0x67, 0xE0, 0x4A, 0xC0, 0x64, 0x58, 0x17, 0x41, 0x05, 0x59, 0xA3, 0xC1, 0x78,
    0x8F, 0xDA, 0xA1, 0x6C, 0x12, 0x51, 0x7A, 0x42, 0xAE, 0x99, 0xF1, 0x9E, 0x01, 0x7B, 0x78, 0x6F,
    0x72, 0x2D, 0x40, 0x66, 0x04, 0x06, 0xF7, 0x7B, 0xAC, 0xA8, 0xC4, 0x6A, 0x93, 0x2A, 0xAA, 0x8D,
    0xDF, 0x98, 0xEF, 0xEF, 0x06, 0xE6, 0xD9, 0x0F, 0x32, 0x48, 0xA7, 0xCD, 0xF0, 0xD2, 0x0A, 0x5D,
    0x9F, 0xB4, 0x45, 0x28, 0xCA, 0xB4, 0xC5, 0x83, 0x93, 0x42, 0x30, 0xE4, 0xB5, 0x21, 0x56, 0x94,
    0x61, 0xA6, 0xCD, 0x78, 0xAA, 0x3A, 0xED, 0x0B, 0x50, 0xAA, 0x6F, 0x89, 0x7E, 0xA5, 0x44, 0x43,
    0x59, 0x03, 0x32, 0x23, 0x15, 0xA3, 0x96, 0x88, 0xD8, 0x36, 0xAB, 0x53, 0x10, 0x54, 0x38, 0x52,
    0x5E, 0x2B, 0xC1, 0x34, 0xD0, 0xBE, 0xF2, 0x3A, 0xD6, 0x72, 0x97, 0x9B, 0x2D, 0x91, 0x9F, 0xC6,
    0x02, 0x5F, 0xF4, 0xC7, 0xC6, 0x84, 0x53, 0x2B, 0xAC, 0x1F, 0xD5, 0x41, 0x63, 0x5A, 0xF3, 0x23,
    0x73, 0x70, 0xB7, 0x1E, 0x49, 0x64, 0x1E, 0x11, 0x9A, 0x2A, 0xAD, 0xA2, 0x56, 0xEE, 0x1C, 0x04,
    0x87, 0xE9, 0x13, 0x8D, 0xF9, 0xDA, 0x63, 0xAD, 0x63, 0xC8, 0x7C, 0x44, 0x6C, 0xEB, 0x10, 0x8B,
    0xF9, 0x41, 0x2B, 0x5F, 0xE6, 0x37, 0x69, 0x6B, 0x56, 0xC0, 0xF5, 0x95, 0x60, 0x62, 0xBA, 0x0A,
    0x48, 0x56, 0x7E, 0x65, 0xA8, 0xCF, 0xC7, 0xC5, 0x4C, 0xB8, 0x98, 0x12, 0x38, 0x98, 0x70, 0x19,
    0x87, 0xB3, 0xFD, 0x14, 0xF8, 0xED, 0x8B, 0xD3, 0x9F, 0xE0, 0x67, 0x95, 0x72, 0x48, 0xD4, 0x39,
    0x24, 0x5C, 0xF6, 0x27, 0x72, 0x28, 0x1C, 0x5E, 0xC3, 0xAA, 0xCA, 0x53, 0xAD, 0xE8, 0xBF, 0xE8,
    0x4F, 0xBD, 0xF0, 0x72, 0x69, 0xCC, 0x6B, 0x29, 0x58, 0x71, 0xE4, 0xCD, 0xDE, 0xF1, 0x26, 0x56,
    0x10, 0xA8, 0x1A, 0x13, 0xB8, 0xC0, 0xF7, 0x02, 0xD6, 0x5A, 0x69, 0x4F, 0x75, 0x21, 0x9C, 0x90,
    0x0D, 0x48, 0xCB, 0x53, 0x6B, 0xE3, 0xF4, 0xA7, 0x85, 0x8C, 0xA2, 0xB9, 0xA0, 0xF0, 0xD2, 0xAA,
    0xC4, 0x5D, 0x1B, 0xF5, 0xA8, 0xB5, 0x74, 0x25, 0x49, 0x76, 0x87, 0x48, 0xFF, 0x9A, 0xF9, 0x7B,
    0x51, 0x77, 0x49, 0x11, 0x57, 0x49, 0xE5, 0x77, 0xB1, 0x40, 0x74, 0xBE, 0x56, 0x63, 0x92, 0x37,
    0x73, 0x25, 0xFD, 0xA5, 0x30, 0x29, 0x15, 0xFF, 0x94, 0x98, 0x4B, 0x0B, 0x60, 0xC1, 0x1B, 0xB8,
    0xCA, 0x49, 0xAF, 0xAB, 0x52, 0x73, 0x97, 0x2B, 0x44, 0xDD, 0x5E, 0x8A, 0x7B, 0x4F, 0x95, 0xAF,
    0x63, 0xBD, 0x16, 0x4C, 0x9B, 0xEB, 0x25, 0x6E, 0x56, 0xCA, 0x81, 0x36, 0x41, 0x18, 0x0B, 0x33,
    0x0A, 0xDF, 0x5B, 0x62, 0x09, 0x83, 0xA8, 0xA5, 0xC9, 0x28, 0x2B, 0xEA, 0xA5, 0x8E, 0x83, 0xB4,
    0xC6, 0x40, 0x2C, 0x1B, 0x06, 0xC9, 0xF4, 0x4A, 0x03, 0xFD, 0x99, 0xBB, 0x27, 0xE7, 0x04, 0x21,
    0xEC, 0x0C, 0x8C, 0x21, 0x06, 0xC2, 0xE3, 0x32, 0x10, 0xA3, 0x22, 0x83, 0x58, 0x2C, 0x94, 0xBD,
    0x28, 0xE0, 0x04, 0x73, 0xD8, 0x86, 0x5D, 0xCC, 0x41, 0xAE, 0x9A, 0xD8, 0xEC, 0x34, 0x39, 0x08,
    0x9C, 0x99, 0xD8, 0xAC, 0xA7, 0x71, 0xA1, 0x45, 0xCA, 0xB3, 0x4E, 0x07, 0xB8, 0x2B, 0x7F, 0xA4,
    0xE1, 0xE0, 0x7E, 0xB5, 0xA7, 0x85, 0xCC, 0x6D, 0xC9, 0xAD, 0x98, 0xDA, 0x53, 0x4B, 0x9D, 0x4E,
    0x3D, 0xE1, 0x24, 0xC1, 0xB7, 0x70, 0x38, 0xD0, 0x2F, 0xE4, 0x48, 0x2A, 0x0C, 0x68, 0xB8, 0x33,
    0x18, 0x42, 0x19, 0x80, 0x38, 0x32, 0xC8, 0x2F, 0x1F, 0x8C, 0x3F, 0xAB, 0x31, 0x00, 0x4B, 0xC9,
    0x6C, 0xC2, 0x53, 0xA9, 0x4C, 0x5D, 0xEE, 0x94, 0xF6, 0x7D, 0x3C, 0xED, 0xAF, 0xE4, 0xE4, 0x36,
    0x91, 0x6F, 0x57, 0x4E, 0xC0, 0x09, 0xBC, 0xB9, 0xF8, 0x5F, 0xB7, 0xEB, 0x6B, 0x26, 0xF9, 0x08,
    0xB3, 0xF8, 0x03, 0x57, 0x75, 0x6B, 0xF1, 0xAF, 0x4E, 0x54, 0x0A, 0xF6, 0x34, 0xCF, 0xF6, 0x73,
    0xCB, 0x4E, 0x2E, 0x36, 0x8C, 0x42, 0x26, 0xD0, 0x83, 0x66, 0xE5, 0xF8, 0xF6, 0xDA, 0xF8, 0xF1,
    0x5A, 0x9E, 0x39, 0x41, 0xCA, 0x55, 0xAE, 0x4F, 0xCA, 0x24, 0x79, 0x2D, 0xD8, 0x12, 0xC0, 0x3C,
    0x7A, 0x28, 0x13, 0x02, 0x15, 0xD7, 0x01, 0xD1, 0x2B, 0x92, 0x2E, 0x1F, 0x13, 0xC7, 0x20, 0x4B,
    0x5C, 0x2B, 0xD6, 0xE3, 0x06, 0x1F, 0xA7, 0xA4, 0x10, 0xA4, 0x4B, 0x64, 0xB4, 0x08, 0x00, 0xAE,
    0x00, 0x7D, 0x42, 0x51, 0xED, 0xDB, 0x21, 0x14, 0xF6, 0xFF, 0x61, 0xB6, 0x02, 0xC9, 0x82, 0x4A,
    0x64, 0xBC, 0x00, 0x29, 0x2C, 0x8C, 0xB7, 0xBE, 0xBE, 0x76, 0x99, 0x02, 0x94, 0x0F, 0xE5, 0x63,
    0xD2, 0xE1, 0x25, 0xBC, 0xB4, 0x9E, 0xDD, 0xDA, 0x2A, 0x21, 0x56, 0x1E, 0xD1, 0x1E, 0x51, 0xC2,
    0x08, 0xDE, 0x0A, 0x51, 0xE6, 0xFC, 0xA7, 0xE5, 0xB7, 0x3B, 0x40, 0x17, 0x91, 0x0F, 0x17, 0x70,
    0x9F, 0x1F, 0x8C, 0x6F, 0xBD, 0x0C, 0x6F, 0xBF, 0x8F, 0xB7, 0x13, 0x52, 0x86, 0xBE, 0x65, 0x54,
    0x6F, 0x40, 0xD9, 0xD0, 0x07, 0xFC, 0x2D, 0x61, 0x50, 0x4F, 0x4F, 0xA4, 0x9E, 0x11, 0x5D, 0x62,
    0x5D, 0x08, 0xB1, 0x57, 0xC3, 0x6C, 0x02, 0xD9, 0xA2, 0x22, 0x4F, 0x0E, 0x82, 0x9D, 0x68, 0x16,
    0x4D, 0x4D, 0xFA, 0x82, 0xD8, 0x9E, 0x4E, 0xF8, 0x36, 0x79, 0xA7, 0x15, 0x6F, 0x33, 0x77, 0x33,
    0x76, 0xF9, 0xD6, 0xD6, 0xD6, 0x4B, 0x33, 0xA7, 0x71, 0x80, 0x64, 0x6A, 0x1A, 0x6A, 0xC1, 0xB8,
    0x17, 0xB0, 0x4A, 0x7B, 0xB2, 0xF5, 0x41, 0xF5, 0x09, 0xD4, 0x0C, 0x1D, 0x8C, 0x03, 0xC6, 0x64,
    0x50, 0x33, 0xDF, 0x86, 0x96, 0x09, 0x81, 0xC8, 0x93, 0x2D, 0x81, 0xA2, 0x9E, 0x04, 0xFD, 0x0F,
    0xDD, 0x29, 0x88, 0x34, 0xA6, 0x12, 0x5F, 0xFA, 0x3B, 0x26, 0xBE, 0x20, 0x6A, 0x1B, 0x9F, 0x06,
    0x60, 0xD4, 0xD5, 0xE1, 0x4B, 0xC6, 0xA8, 0xAC, 0x7B, 0x6E, 0x90, 0x72, 0x58, 0xA1, 0x90, 0x10,
    0xE4, 0x90, 0x11, 0xEF, 0x35, 0x73, 0xA7, 0xB0, 0xE6, 0x4F, 0x9C, 0x43, 0x12, 0x58, 0xE7, 0x7F,
    0x6A, 0xB4, 0x74, 0xB9, 0x6B, 0xB1, 0x0D, 0x81, 0x17, 0x9F, 0x68, 0xA7, 0x9C, 0x42, 0x62, 0xB3,
    0x41, 0xF0, 0x04, 0xBB, 0x29, 0x88, 0xF4, 0x81, 0xD1, 0x58, 0x11, 0x89, 0xA9, 0x77, 0xB6, 0xB6,
    0xFE, 0x1D, 0x88, 0xA4, 0x32, 0x81, 0xDF, 0x41, 0x2C, 0xE1, 0x29, 0x50, 0x38, 0x07, 0xC5, 0x0A,
    0x96, 0x45, 0x82, 0x55, 0xE4, 0x50, 0x23, 0x5F, 0x3F, 0x61, 0x0E, 0x01, 0x37, 0x54, 0xA2, 0x2D,
    0x11, 0x54, 0xC4, 0x3B, 0x5B, 0x27, 0x89, 0x95, 0x98, 0x58, 0x51, 0x04, 0x71, 0x4D, 0x6B, 0x57,
    0x5A, 0xF4, 0x29, 0x87, 0x15, 0x22, 0xA8, 0xB9, 0x12, 0x06, 0xE5, 0xED, 0x41, 0xBC, 0x0D, 0x88,
    0x95, 0xE7, 0xF1, 0x36, 0xE4, 0xDB, 0x7E, 0x15, 0x0F, 0x7E, 0xC7, 0x8E, 0x8B, 0xA0, 0x07, 0xF1,
    0x4B, 0xE3, 0x9C, 0x7A, 0x38, 0x3E, 0x63, 0x58, 0xE4, 0xA6, 0xB3, 0x34, 0x5F, 0x78, 0x3F, 0x8F,
    0x8E, 0x6F, 0x21, 0x8E, 0xE0, 0x6D, 0xC1, 0x2C, 0xFA, 0x33, 0x17, 0xAC, 0x29, 0x93, 0xEE, 0xC0,
    0xFA, 0xB5, 0x1A, 0x94, 0x2A, 0xD3, 0x57, 0xE6, 0x8C, 0x00, 0x02, 0xCB, 0x17, 0x74, 0x08, 0x32,
    0xA3, 0xBF, 0x74, 0x54, 0xF1, 0x73, 0xDF, 0x28, 0xD8, 0x1D, 0xD5, 0xDC, 0x9E, 0xA8, 0x87, 0x7B,
    0x96, 0x08, 0xBF, 0x7A, 0x9D, 0x0F, 0x13, 0x2A, 0x61, 0x77, 0xFA, 0xB2, 0x38, 0xDF, 0x30, 0xF3,
    0x74, 0xE5, 0xE3, 0xEA, 0x4B, 0xE5, 0x4F, 0xF9, 0xFB, 0x99, 0x99, 0x07, 0x68, 0x0E, 0x9B, 0xE9,
    0x7B, 0x18, 0x24, 0x15, 0x55, 0x28, 0x62, 0x34, 0x20, 0xBF, 0xB9, 0x2C, 0xA4, 0xD8, 0x59, 0x53,
    0xFF, 0xA0, 0x70, 0x89, 0x85, 0x78, 0x58, 0x3F, 0xDE, 0xD1, 0x59, 0x2D, 0xC5, 0x53, 0xC0, 0x52,
    0x68, 0xD4, 0xA7, 0x21, 0x23, 0x4E, 0x42, 0x72, 0xD0, 0x79, 0xF7, 0x65, 0x36, 0xF7, 0x76, 0x1D,
    0x26, 0x55, 0xDD, 0x50, 0x47, 0xAC, 0xAF, 0xCB, 0x17, 0xE2, 0x55, 0x9F, 0x6F, 0x60, 0x8E, 0xDF,
    0x15, 0x40, 0xBD, 0x8D, 0x29, 0xB8, 0x76, 0x32, 0xE3, 0x4A, 0xFA, 0x89, 0xFA, 0xA4, 0x20, 0x7A,
    0x5C, 0x8B, 0x16, 0x93, 0x2F, 0x7C, 0x59, 0x93, 0x0F, 0x13, 0x34, 0x94, 0x36, 0x83, 0xDB, 0x24,
    0x5F, 0x2A, 0x6C, 0x66, 0xE5, 0x19, 0x5A, 0x53, 0x6F, 0xF1, 0x14, 0x66, 0x56, 0x10, 0xBF, 0x99,
    0x80, 0x3C, 0x74, 0x26, 0x22, 0xB4, 0xC8, 0x84, 0x20, 0x88, 0x33, 0xDF, 0x50, 0x0D, 0xB8, 0xF8,
    0x4B, 0x86, 0xE3, 0x34, 0x6F, 0x76, 0x1A, 0x0E, 0xA7, 0x86, 0x1E, 0xBE, 0xC0, 0x14, 0x31, 0x53,
    0x09, 0x9E, 0x13, 0x5C, 0xCB, 0x9D, 0x69, 0x26, 0x6F, 0xE5, 0x9F, 0x20, 0x3D, 0x07, 0x24, 0x32,
    0x65, 0xB4, 0x7D, 0x5C, 0x7D, 0x89, 0x0C, 0x08, 0x12, 0xBB, 0xDE, 0x1E, 0x1A, 0x85, 0x4E, 0x59,
    0x55, 0x23, 0x27, 0x99, 0xF6, 0x02, 0xE3, 0xA2, 0x86, 0x70, 0x67, 0x42, 0xBF, 0x23, 0x1D, 0x1C,
    0x92, 0x14, 0xC9, 0x9E, 0xA0, 0x05, 0x19, 0xD3, 0xC7, 0x10, 0x4F, 0x4C, 0x25, 0x8E, 0x89, 0x3B,
    0xB0, 0xE2, 0x80, 0xDB, 0xC4, 0xEB, 0xF1, 0x4B, 0x4A, 0xE8, 0x03, 0x5C, 0xDD, 0x51, 0xE4, 0xB9,
    0x4C, 0x34, 0xF5, 0xA9, 0xF4, 0x4E, 0x52, 0x8C, 0xE0, 0x54, 0x18, 0x5F, 0xB3, 0x2F, 0x2B, 0x97,
    0x47, 0x86, 0x77, 0x18, 0x0D, 0x5D, 0x2E, 0xEF, 0xBB, 0xD0, 0x5F, 0xA1, 0xB8, 0x5D, 0x48, 0xE6,
    0xC1, 0x67, 0xA2, 0xD6, 0x42, 0xCE, 0xA6, 0xDC, 0xDC, 0x47, 0xC1, 0xFB, 0xF6, 0xFD, 0xB2, 0xF6,
    0x89, 0xB5, 0xF2, 0xA2, 0xFD, 0xA8, 0x8E, 0x6B, 0x6F, 0x38, 0x20, 0xB0, 0x8A, 0x12, 0x11, 0x62,
    0xE4, 0x23, 0xE1, 0x48, 0xC3, 0x16, 0x11, 0x52, 0x42, 0x6F, 0xD3, 0xBE, 0x52, 0xD6, 0x2E, 0x79,
    0x4B, 0x7B, 0x12, 0xBF, 0xB0, 0x36, 0x27, 0x5C, 0xB6, 0x08, 0xD3, 0x40, 0x07, 0x02, 0x4B, 0x1A,
    0xCE, 0xE0, 0xA2, 0x97, 0x6F, 0xF7, 0x40, 0x06, 0x50, 0x93, 0xBE, 0xD8, 0xE2, 0x26, 0xC4, 0xD7,
    0x83, 0x8F, 0x55, 0x55, 0xC0, 0xF3, 0x14, 0xB7, 0x5D, 0x30, 0xE6, 0x1F, 0xAC, 0xC2, 0xAB, 0x49,
    0x03, 0x45, 0xA5, 0x06, 0x7B, 0x6A, 0x72, 0x3D, 0xFA, 0x2F, 0x57, 0x08, 0xE9, 0xEF, 0x3C, 0xF2,
    0x1D, 0xE6, 0xCA, 0xBA, 0x79, 0xAA, 0x33, 0xEA, 0x16, 0x49, 0xC4, 0x7D, 0xFF, 0x6E, 0x77, 0xB9,
    0xF3, 0x4E, 0x7D, 0xA0, 0xFE, 0xFB, 0x40, 0x46, 0x90, 0x45, 0xE5, 0xDB, 0xEB, 0x1B, 0x0D, 0xBC,
    0x26, 0xBF, 0x63, 0x56, 0x23, 0xD7, 0x50, 0xB9, 0x40, 0xE4, 0xAF, 0xE6, 0xC1, 0xAC, 0x4D, 0x48,
    0x61, 0xCD, 0xAE, 0xA8, 0x05, 0xB9, 0x8C, 0x0C, 0x87, 0xD6, 0x8F, 0x59, 0xB8, 0xAF, 0x56, 0xC9,
    0xF0, 0x03, 0x01, 0x7B, 0xA5, 0x7C, 0x91, 0xF6, 0xA1, 0x2E, 0x2B, 0x60, 0x3B, 0x66, 0xB2, 0x23,
    0x00, 0x83, 0xE4, 0x59, 0x3E, 0xC3, 0x17, 0xA1, 0x20, 0x5C, 0x08, 0x5D, 0x4A, 0x28, 0xDE, 0x8F,
    0x81, 0x9B, 0xC2, 0x66, 0x0E, 0xFD, 0x6A, 0x09, 0xC9, 0x11, 0x93, 0xB0, 0x13, 0x47, 0xED, 0x6C,
    0x9E, 0x98, 0x70, 0xA9, 0x5B, 0xC5, 0x91, 0x4B, 0xEA, 0xBE, 0xA1, 0xA9, 0x5D, 0x80, 0xE7, 0xF1,
    0x13, 0xA6, 0x53, 0xD5, 0x67, 0xE0, 0x02, 0x68, 0xAF, 0xD4, 0xB3, 0x8A, 0x9B, 0x39, 0x65, 0xF7,
    0x98, 0xE2, 0x3B, 0x40, 0x04, 0x63, 0x4D, 0xC1, 0x07, 0xCE, 0xDD, 0xB0, 0x8A, 0x9D, 0xF4, 0xA3,
    0x46, 0x09, 0xC3, 0x0C, 0xBD, 0x00, 0xCC, 0x8F, 0x8F, 0x9A, 0xA0, 0xDA, 0xC7, 0x09, 0xCE, 0x40,
    0x36, 0x18, 0xD6, 0x90, 0x4E, 0x68, 0x21, 0x94, 0x98, 0x51, 0x82, 0x37, 0xD4, 0x73, 0xF0, 0x34,
    0x74, 0x46, 0x6A, 0xEA, 0xDA, 0x86, 0x96, 0x88, 0x03, 0xFF, 0x01, 0xEE, 0xF9, 0xF0, 0x7A, 0xA6,
    0xDA, 0x3D, 0xDC, 0x10, 0x2F, 0x6B, 0x62, 0x5F, 0x4B, 0x65, 0xBA, 0x09, 0x61, 0x16, 0xAC, 0xCB,
    0xCA, 0x57, 0xC9, 0x13, 0x81, 0x63, 0x50, 0xA2, 0x3B, 0xD1, 0xEC, 0x53, 0x53, 0x32, 0x57, 0x43,
    0xE6, 0x48, 0x85, 0xAD, 0x0D, 0x82, 0xAF, 0xE5, 0xBF, 0x83, 0x4A, 0xED, 0x6A, 0x81, 0xC3, 0x50,
    0x07, 0x4E, 0xB9, 0xA4, 0x5F, 0x38, 0x60, 0x69, 0x20, 0xFD, 0x2D, 0x98, 0x37, 0x18, 0x5C, 0x50,
    0xFC, 0x48, 0x89, 0x14, 0x56, 0x86, 0xA8, 0x45, 0x7E, 0x26, 0x8B, 0xC0, 0x3D, 0x3A, 0x08, 0x75,
    0x50, 0x5E, 0xDF, 0x20, 0x17, 0x0D, 0xB0, 0x2D, 0x31, 0xD0, 0x34, 0xB2, 0x7D, 0x24, 0x58, 0x10,
    0x11, 0x16, 0x1A, 0x82, 0x98, 0x8F, 0x03, 0x19, 0x25, 0xDC, 0xAA, 0x96, 0x99, 0x71, 0xC8, 0xDB,
    0xAA, 0xDD, 0x8B, 0xC8, 0x2D, 0x89, 0x74, 0xB6, 0xCA, 0x9D, 0x7F, 0x23, 0x69, 0xEC, 0xE0, 0x86,
    0x9B, 0x57, 0xC2, 0xFA, 0x1E, 0x02, 0xBA, 0xE1, 0x8D, 0xB0, 0x86, 0x0E, 0x57, 0xAD, 0x84, 0x65,
    0xF9, 0xCE, 0x63, 0x98, 0x2E, 0x07, 0xCC, 0x3D, 0x1E, 0x52, 0xA9, 0x1B, 0xA3, 0xD4, 0x70, 0x75,
    0xA4, 0x93, 0xDD, 0x5E, 0xAD, 0x13, 0x68, 0xF8, 0xC9, 0xA8, 0xCB, 0x1C, 0xB2, 0xEB, 0xD9, 0xB2,
    0x3A, 0x82, 0xB8, 0x75, 0x47, 0x40, 0x7B, 0x8B, 0x24, 0xA1, 0x53, 0x72, 0x91, 0xF8, 0xD2, 0x08,
    0x4E, 0x91, 0x9D, 0x71, 0x64, 0x50, 0xB2, 0xC8, 0x3F, 0xBF, 0x1B, 0x71, 0x0B, 0x05, 0x56, 0x39,
    0x74, 0x7F, 0xC1, 0x17, 0x13, 0xC8, 0xEF, 0x89, 0xC4, 0xB6, 0x02, 0xCC, 0x0F, 0x94, 0x0C, 0x5F,
    0x2B, 0x0E, 0x44, 0xFD, 0xE4, 0x9C, 0x7D, 0xF7, 0xD2, 0x8E, 0xED, 0xBA, 0x78, 0xF8, 0xBB, 0xE5,
    0xBC, 0xF0, 0x0A, 0xE9, 0xF3, 0x27, 0x26, 0x1E, 0xB2, 0xCB, 0x58, 0xE2, 0x5A, 0x07, 0x5E, 0xB9,
    0x2D, 0xCF, 0xFD, 0x58, 0xF1, 0x10, 0xB6, 0xC1, 0xE3, 0xF6, 0x85, 0x4B, 0x76, 0xE8, 0x24, 0x9A,
    0x7C, 0xC8, 0xB7, 0x8F, 0x98, 0x6F, 0x2E, 0xB1, 0xF7, 0xD7, 0xDF, 0x30, 0x25, 0x72, 0xA5, 0x99,
    0x97, 0x33, 0x19, 0x04, 0xC5, 0x27, 0x76, 0x23, 0xFE, 0x82, 0xC1, 0xC4, 0x6E, 0x8A, 0x2E, 0x87,
    0x31, 0x12, 0x05, 0x75, 0x56, 0x03, 0xD5, 0x6A, 0x77, 0x96, 0x67, 0x7D, 0xFD, 0x98, 0x7C, 0xF7,
    0x02, 0x29, 0x58, 0x13, 0xB0, 0xB4, 0xBA, 0xD1, 0xCB, 0x11, 0xBB, 0x29, 0xCF, 0x7C, 0x5B, 0x17,
    0x26, 0xB3, 0x9F, 0xB7, 0xF6, 0xD2, 0x98, 0x6C, 0x98, 0xEB, 0xAD, 0x67, 0xB3, 0x10, 0x79, 0xF5,
    0x99, 0xB9, 0xEF, 0xEA, 0xD6, 0xE2, 0x06, 0xF9, 0x36, 0xAA, 0xA8, 0x32, 0xDB, 0x01, 0x63, 0x1E,
    0x9B, 0x9A, 0x6F, 0xA7, 0xC5, 0xE4, 0xAC, 0x3D, 0xD9, 0x45, 0x54, 0xC2, 0xC5, 0x92, 0x03, 0x7D,
    0xCB, 0x17, 0xF6, 0x2D, 0xE3, 0x9D, 0xAF, 0xCD, 0xA5, 0x01, 0x49, 0x8F, 0x7E, 0x82, 0x1A, 0x43,
    0x7B, 0x33, 0x29, 0x26, 0x61, 0x64, 0x6E, 0x87, 0x1C, 0x59, 0x8D, 0xCC, 0x28, 0xBF, 0x5F, 0xD7,
    0xBF, 0x55, 0x7B, 0x41, 0xA8, 0x2E, 0x53, 0x89, 0xEF, 0xEA, 0xD3, 0xC6, 0x09, 0xFB, 0x87, 0x48,
    0x33, 0xCE, 0x80, 0x7D, 0x66, 0x57, 0x44, 0x3A, 0x3C, 0x5B, 0x88, 0x85, 0x42, 0x0D, 0xA5, 0xDC,
    0x4B, 0xA7, 0xC4, 0x66, 0xB2, 0x8E, 0x15, 0xA4, 0x3C, 0xAF, 0xEA, 0x9F, 0x67, 0x2F, 0xC0, 0x83,
    0x90, 0x27, 0x86, 0xB4, 0xAD, 0xBF, 0xA4, 0xC9, 0x46, 0xFA, 0xF7, 0x22, 0x02, 0xBD, 0xB0, 0x85,
    0xB6, 0x86, 0x41, 0x2C, 0xF0, 0x38, 0x99, 0xF6, 0x99, 0x5D, 0xC1, 0xF3, 0xCD, 0x5D, 0xF5, 0x8D,
    0xC0, 0x2F, 0xC0, 0xA8, 0xC4, 0x4F, 0xAD, 0xED, 0x05, 0x26, 0x0A, 0xD2, 0x6C, 0x54, 0xC7, 0xAA,
    0x06, 0x9D, 0x52, 0xFC, 0xD2, 0x07, 0xAB, 0x70, 0x22, 0xA7, 0x01, 0xBC, 0xC8, 0xDE, 0x80, 0xBA,
    0xEA, 0x4A, 0xED, 0x32, 0x6A, 0xF4, 0xBE, 0xA9, 0x2C, 0xE7, 0x25, 0xF0, 0x52, 0xAD, 0xAA, 0x9A,
    0xD8, 0xFF, 0x5C, 0x38, 0xBC, 0x2C, 0x20, 0x49, 0xAC, 0x3F, 0x9B, 0x58, 0x13, 0xF5, 0x4C, 0x1C,
    0xEB, 0x87, 0xFB, 0xFA, 0xC7, 0xC2, 0xDC, 0x87, 0x1B, 0x61, 0x6F, 0x28, 0x94, 0x2C, 0xB7, 0xC2,
    0xE2, 0x5E, 0x59, 0x4D, 0x90, 0x25, 0x17, 0x60, 0x04, 0x84, 0x1C, 0xB4, 0x43, 0x35, 0xE7, 0x5A,
    0x3F, 0x14, 0xF6, 0x0F, 0x3A, 0x41, 0xBE, 0xA1, 0x08, 0x70, 0x15, 0x74, 0x4E, 0x99, 0x9B, 0x51,
    0x4D, 0x4C, 0xF6, 0x84, 0x2F, 0xCA, 0x17, 0x1F, 0x36, 0x82, 0x2F, 0xE6, 0x68, 0xA6, 0x45, 0x5F,
    0xE4, 0xDD, 0x50, 0xF1, 0x4D, 0xDE, 0x6B, 0x50, 0xEE, 0x15, 0x35, 0xDF, 0xEF, 0xAA, 0xF5, 0x8A,
    0x62, 0x10, 0x15, 0xD2, 0xF9, 0x70, 0xC3, 0xEE, 0xEB, 0x15, 0x65, 0xB7, 0xEA, 0x3F, 0x5C, 0x6E,
    0x96, 0x37, 0xB5, 0x96, 0x00, 0x7E, 0x8F, 0xB5, 0x8A, 0x61, 0xEE, 0x27, 0x6A, 0xEF, 0x45, 0xE0,
    0xCC, 0xCC, 0xC0, 0x44, 0x16, 0x91, 0xE6, 0x15, 0xFC, 0xFF, 0xB8, 0x4A, 0xC5, 0xE1, 0x7B, 0xDE,
    0x2B, 0xCC, 0x5C, 0x53, 0x7B, 0xBF, 0x96, 0x9B, 0xC5, 0x6F, 0x15, 0x6B, 0xEA, 0x61, 0xDD, 0x56,
    0xE7, 0xE7, 0xBC, 0x57, 0x3D, 0x9C, 0x6A, 0x6E, 0x66, 0x50, 0x7C, 0x22, 0xE4, 0xB0, 0xDA, 0x89,
    0x00, 0x6C, 0xA1, 0x6B, 0xA8, 0x32, 0x93, 0x0B, 0x0C, 0x02, 0x04, 0x49, 0x8F, 0x88, 0x96, 0x9B,
    0x30, 0xB3, 0x5A, 0x84, 0xA2, 0xEF, 0xA0, 0x43, 0x95, 0x05, 0xD3, 0x29, 0x66, 0x83, 0x97, 0x86,
    0x6A, 0x3D, 0xE2, 0x96, 0x4A, 0x0B, 0x9E, 0x0C, 0x3C, 0x82, 0x8E, 0x0E, 0xBE, 0xF3, 0x5C, 0xD3,
    0x73, 0x5A, 0x42, 0x64, 0xD0, 0x17, 0xA8, 0x63, 0x16, 0xE9, 0x25, 0x3D, 0xAF, 0x01, 0x19, 0x83,
    0xB1, 0xA0, 0x8B, 0xF4, 0xAE, 0x98, 0xB9, 0xB5, 0x2A, 0xD6, 0x09, 0x63, 0x45, 0x63, 0xAC, 0xCF,
    0xC2, 0x45, 0x96, 0x13, 0xAB, 0xDF, 0x11, 0xDB, 0x0C, 0x7A, 0x38, 0x06, 0x84, 0xB5, 0x4C, 0xAA,
    0xD5, 0xD1, 0x45, 0x1C, 0xEE, 0x02, 0x09, 0xD7, 0x0F, 0x92, 0x4C, 0x97, 0x1A, 0x5E, 0x3C, 0x15,
    0x92, 0xD0, 0x7D, 0xA6, 0x3F, 0xE7, 0x80, 0xE6, 0x23, 0xE9, 0xE6, 0x7E, 0x8B, 0x73, 0x22, 0xED,
    0x42, 0xB4, 0x34, 0x56, 0x4A, 0x2F, 0xFF, 0x58, 0x34, 0x85, 0x7C, 0x8C, 0xC4, 0x87, 0x35, 0x1B,
    0x62, 0xD9, 0x3A, 0x3C, 0x33, 0x6A, 0x02, 0x02, 0x4D, 0x2A, 0x4C, 0xB8, 0x1A, 0x36, 0x30, 0x7C,
    0xC6, 0x3C, 0x19, 0xF3, 0x41, 0x16, 0x28, 0x94, 0x88, 0xA1, 0x26, 0xD2, 0x2A, 0x16, 0x82, 0x49,
    0xB3, 0x92, 0x66, 0x07, 0x6B, 0x6B, 0xF0, 0x9A, 0xFF, 0xB7, 0x70, 0x89, 0xB8, 0x2A, 0x06, 0xD6,
    0x6F, 0xAA, 0xB9, 0xA4, 0x85, 0xE6, 0x0C, 0x9A, 0x45, 0x24, 0xA4, 0xC0, 0x51, 0x4E, 0x7C, 0x05,
    0x8E, 0x1F, 0x9C, 0xE1, 0xEF, 0x6A, 0xAA, 0xF4, 0x43, 0xEB, 0x6B, 0xA2, 0x15, 0x25, 0x4E, 0x10,
    0xF9, 0x4D, 0xEC, 0x54, 0x74, 0xE3, 0xA4, 0x77, 0x25, 0x24, 0x84, 0x75, 0x05, 0xEA, 0x83, 0xEC,
    0xB6, 0x78, 0x1C, 0x58, 0xCC, 0x37, 0xA6, 0xEC, 0xD7, 0x02, 0xF2, 0x72, 0xEA, 0x91, 0xFC, 0x69,
    0xA6, 0xF6, 0x9F, 0x60, 0x34, 0xFE, 0x98, 0x06, 0x83, 0x10, 0xC2, 0x3C, 0x43, 0x71, 0x2F, 0xCF,
    0xD0, 0x94, 0x21, 0xA2, 0x0C, 0xBF, 0x43, 0x96, 0x30, 0x4B, 0xE4, 0x95, 0x58, 0x35, 0xDE, 0xE6,
    0x22, 0x9D, 0x32, 0xC6, 0x6F, 0x6C, 0x22, 0xC8, 0x99, 0x30, 0x1C, 0xE6, 0xFE, 0xFF, 0x83, 0x7B,
    0x54, 0x8E, 0xE8, 0x62, 0xA6, 0x1C, 0x00, 0xA0, 0x45, 0x10, 0x1C, 0xCF, 0xAE, 0x94, 0x13, 0xBD,
    0xF1, 0xB7, 0x0F, 0x2F, 0xB2, 0xAA, 0x2E, 0xCD, 0x0F, 0xA5, 0xDB, 0xED, 0xCD, 0xAA, 0x66, 0x2E,
    0x54, 0x15, 0x11, 0xCA, 0xBB, 0x89, 0x9D, 0x09, 0x4B, 0xDE, 0x3F, 0x67, 0xC0, 0x15, 0x61, 0x1E,
    0x98, 0x3B, 0x54, 0x36, 0xCB, 0x9B, 0xF0, 0x8F, 0x8E, 0xAA, 0x58, 0xC6, 0xE1, 0xF6, 0xC5, 0x84,
    0xFB, 0xD3, 0x5A, 0xBF, 0x2D, 0xF6, 0x74, 0x17, 0xB4, 0x73, 0x61, 0x63, 0x22, 0xC0, 0x9B, 0xDE,
    0x52, 0x2C, 0x39, 0x58, 0xCE, 0x30, 0xD3, 0x20, 0x0C, 0x2D, 0x8A, 0x4F, 0x5C, 0x91, 0x33, 0x28,
    0xF8, 0xAB, 0xA8, 0x3B, 0xC3, 0xA7, 0x99, 0x07, 0x94, 0x3E, 0x53, 0xB1, 0x64, 0x36, 0x10, 0x13,
    0x64, 0x37, 0x53, 0x64, 0xC0, 0x02, 0x4A, 0xDE, 0x73, 0x40, 0xC6, 0xA4, 0xC0, 0xDB, 0x07, 0x6E,
    0x12, 0x66, 0x83, 0x6A, 0x5E, 0x4A, 0x72, 0xE9, 0x7A, 0x5A, 0xF6, 0x6A, 0x4F, 0x29, 0x69, 0x26,
    0xC8, 0x11, 0x1F, 0xD9, 0xB4, 0x82, 0x1E, 0xB1, 0x89, 0x02, 0x78, 0xE9, 0xE1, 0x7F, 0x2B, 0xFF,
    0xC5, 0xB2, 0xC9, 0x2A, 0x4A, 0x11, 0xA2, 0xD2, 0x53, 0x8F, 0xED, 0x06, 0xFF, 0x0B, 0xDE, 0x90,
    0x41, 0xA3, 0x27, 0x71, 0x5D, 0x0C, 0x16, 0xA2, 0x29, 0x2E, 0x60, 0xD5, 0x3C, 0x6F, 0xE6, 0x6F,
    0x35, 0x9D, 0x72, 0xEF, 0xCD, 0x60, 0x30, 0xA8, 0xE6, 0xB2, 0xD1, 0x52, 0x81, 0xAF, 0x3D, 0x72,
    0x63, 0xEA, 0xE8, 0x8B, 0xDF, 0xAC, 0xC9, 0x9B, 0xB4, 0x0A, 0x9B, 0xC9, 0x20, 0x6F, 0xF2, 0x3A,
    0x6C, 0x84, 0x31, 0x4B, 0x30, 0xDF, 0x55, 0xDC, 0x2E, 0x81, 0x3A, 0x51, 0x33, 0x81, 0xDA, 0xD5,
    0x1A, 0xB9, 0x22, 0x07, 0x9C, 0x32, 0xC7, 0x4E, 0xD4, 0x7C, 0xFE, 0xEB, 0xDD, 0x7C, 0x65, 0xD1,
    0xE9, 0xB3, 0x9E, 0x56, 0xB0, 0x1E, 0x7B, 0x7C, 0x3C, 0x2C, 0x4B, 0x0C, 0x59, 0x33, 0x2F, 0x81,
    0x7C, 0x6B, 0xEF, 0x0C, 0x0F, 0x1B, 0x65, 0x19, 0x45, 0x93, 0xF2, 0x0C, 0xF1, 0x64, 0xC8, 0x34,
    0xEC, 0x48, 0xE8, 0x26, 0xCA, 0x35, 0x5E, 0x06, 0x5D, 0x0B, 0x0F, 0xA8, 0x64, 0xAF, 0x1B, 0x8D,
    0xC0, 0xDE, 0x4B, 0xE6, 0x77, 0xDF, 0x17, 0x0F, 0xA9, 0x06, 0x26, 0x93, 0x96, 0x3A, 0x57, 0xEC,
    0x8D, 0x28, 0xE1, 0xC4, 0x56, 0xC1, 0x27, 0x9D, 0xF9, 0xC6, 0x15, 0xEE, 0x93, 0x90, 0x79, 0x2D,
    0x64, 0x58, 0xB5, 0x1C, 0xEC, 0xB8, 0xB4, 0xD4, 0x58, 0xE8, 0x74, 0xDD, 0x96, 0x79, 0xE7, 0x92,
    0xA9, 0xAA, 0x15, 0xDC, 0x97, 0x0F, 0xEE, 0xE3, 0x4F, 0x1E, 0x5A, 0x37, 0x9A, 0xFB, 0x80, 0xF1,
    0x80, 0x0C, 0x54, 0x40, 0x6E, 0x16, 0x0F, 0x2E, 0xE9, 0x30, 0xA3, 0xB1, 0x66, 0x1B, 0xDF, 0x19,
    0x2D, 0x14, 0x62, 0xF8, 0x5E, 0xCB, 0x61, 0x8F, 0x88, 0x5E, 0x86, 0xBF, 0xB3, 0x3A, 0x14, 0x6D,
    0x8C, 0x61, 0x2D, 0x16, 0x15, 0x43, 0x71, 0x7F, 0x39, 0x94, 0x8F, 0x31, 0x14, 0x8F, 0x85, 0x43,
    0xF9, 0x98, 0xC3, 0xB0, 0xE3, 0x50, 0xBC, 0x9A, 0x33, 0x1A, 0xA6, 0xE8, 0x70, 0xD2, 0xE9, 0x30,
    0xFD, 0x90, 0x43, 0x03, 0x85, 0x82, 0x6C, 0xB3, 0xD5, 0x61, 0x02, 0x1F, 0x64, 0x13, 0x7E, 0x5B,
    0x80, 0xC4, 0xC4, 0x04, 0x82, 0xD3, 0xCD, 0xBD, 0x0C, 0xB3, 0x1C, 0x60, 0xBF, 0xBA, 0xE4, 0x64,
    0xA8, 0x65, 0x66, 0x87, 0x95, 0xB3, 0xD5, 0xD1, 0x74, 0xE1, 0x89, 0x2C, 0xEB, 0xA5, 0xE5, 0xBF,
    0x9F, 0x79, 0x25, 0x02, 0x43, 0xA4, 0xF6, 0x02, 0xFB, 0x57, 0x90, 0xF8, 0x59, 0xBB, 0x3D, 0xB1,
    0x2C, 0x92, 0xC3, 0x1F, 0x9A, 0xC2, 0xC5, 0xD4, 0x40, 0x72, 0x0C, 0x92, 0x19, 0x4E, 0xBA, 0x88,
    0xF2, 0x1A, 0xBE, 0xC8, 0x25, 0x2C, 0x1C, 0xC4, 0xF1, 0xAB, 0xC4, 0xCF, 0x28, 0x6D, 0x13, 0xC1,
    0xD8, 0x7C, 0x75, 0x29, 0x33, 0x26, 0x8B, 0x73, 0xE5, 0x5E, 0x97, 0x77, 0xD4, 0x9E, 0x9C, 0xD1,
    0x75, 0x72, 0x09, 0xDF, 0xB9, 0xB3, 0xE8, 0x12, 0xD3, 0xFA, 0x77, 0xA4, 0xD8, 0x10, 0x04, 0x22,
    0x83, 0x23, 0xFE, 0x58, 0x8F, 0x56, 0x94, 0xC3, 0x56, 0xD0, 0x57, 0x21, 0x13, 0x20, 0xD2, 0x29,
    0xCE, 0xBF, 0x7F, 0xC3, 0x24, 0xD1, 0x2F, 0xC4, 0xF5, 0xF5, 0xED, 0x66, 0x6E, 0x9B, 0xD0, 0x0E,
    0x09, 0xE5, 0x7D, 0x4F, 0x60, 0x16, 0x2E, 0x47, 0x7F, 0x5A, 0x62, 0x71, 0xE9, 0xF6, 0x66, 0xE1,
    0x0C, 0x3B, 0xBF, 0xF7, 0x8D, 0x5D, 0xA5, 0x0E, 0xFD, 0xCE, 0xEF, 0xD4, 0x61, 0x8C, 0x1A, 0xE5,
    0xD1, 0x9C, 0x7A, 0x88, 0x31, 0x87, 0xF6, 0x51, 0x67, 0x4B, 0x29, 0xFC, 0xAF, 0xBC, 0xF0, 0x8A,
    0x4D, 0xFD, 0xB1, 0x41, 0xA5, 0x3E, 0x27, 0x03, 0xE4, 0x6C, 0xE3, 0x22, 0x23, 0x94, 0x49, 0x31,
    0x36, 0x14, 0x8F, 0x7D, 0xF3, 0xD1, 0xFE, 0x62, 0xEB, 0xBD, 0xB9, 0x2A, 0x2A, 0x3E, 0xB6, 0xB1,
    0x3C, 0x3D, 0xB2, 0xEF, 0xA1, 0x65, 0xF2, 0x94, 0xBD, 0x20, 0x11, 0x0D, 0x93, 0x1E, 0x0C, 0x45,
    0x92, 0xEB, 0x67, 0x88, 0xE5, 0x2F, 0x50, 0x62, 0x4F, 0x44, 0x21, 0x48, 0xC8, 0x60, 0xFF, 0x07,
    0xED, 0x94, 0x0B, 0xDD, 0x3C, 0xB6, 0x5D, 0x06, 0xD6, 0xEC, 0xE2, 0x75, 0x67, 0x5A, 0x16, 0x5C,
    0x3E, 0xCF, 0xFA, 0x38, 0x76, 0x77, 0x31, 0x03, 0x19, 0xEB, 0x48, 0xB6, 0xB1, 0x2D, 0x01, 0x86,
    0xC7, 0xC4, 0xA7, 0x84, 0xD2, 0x76, 0x5B, 0xBB, 0x3E, 0x8F, 0xD8, 0x5E, 0x73, 0xBC, 0x62, 0x40,
    0xA8, 0xCD, 0x84, 0x4A, 0xE4, 0x40, 0x94, 0x98, 0xC8, 0x83, 0x65, 0xA6, 0xD2, 0x94, 0xD4, 0xDA,
    0x19, 0x10, 0x6A, 0xB6, 0x8B, 0x3F, 0xC8, 0xAF, 0xEB, 0x07, 0xB1, 0x40, 0x02, 0xDA, 0xA9, 0x28,
    0xA0, 0x3E, 0x00, 0x61, 0xC8, 0xAE, 0x91, 0x07, 0x07, 0xC7, 0x83, 0xB3, 0xDD, 0x3C, 0x38, 0xE8,
    0x50, 0x42, 0x46, 0xE5, 0xC1, 0x4A, 0x79, 0x70, 0x70, 0x3C, 0x38, 0x73, 0x3C, 0x58, 0xED, 0xE6,
    0xC1, 0x99, 0xE3, 0xC1, 0x6A, 0x37, 0x0F, 0xCE, 0x1C, 0x0F, 0x9E, 0x73, 0x3C, 0x78, 0x66, 0x7F,
    0x1E, 0xAC, 0x95, 0x07, 0x7B, 0xC7, 0x83, 0x4E, 0xBE, 0x1C, 0x55, 0xB4, 0x29, 0xE3, 0x61, 0x95,
    0xDE, 0x70, 0xAA, 0x15, 0x4B, 0xAB, 0xA1, 0x5F, 0x68, 0x77, 0x99, 0xD7, 0xA5, 0x6E, 0xB3, 0xD5,
    0xE9, 0x11, 0x59, 0x3A, 0x18, 0x4F, 0xCD, 0x85, 0x2A, 0x25, 0x61, 0xF3, 0xA0, 0x53, 0xAE, 0x53,
    0xE6, 0x21, 0x3B, 0x5D, 0xF3, 0x5B, 0x30, 0x5B, 0xFC, 0x3B, 0x81, 0xD9, 0xEB, 0x11, 0xD5, 0x91,
    0x38, 0x6A, 0xF7, 0x93, 0xA5, 0x76, 0xE2, 0x62, 0x8C, 0xBC, 0xD9, 0x5B, 0x32, 0x21, 0x97, 0x10,
    0x6C, 0xAA, 0x51, 0xDD, 0x94, 0xA5, 0x9D, 0x87, 0xC8, 0x0F, 0xD7, 0x63, 0x7C, 0xB7, 0xFF, 0x9F,
    0x16, 0x3D, 0x3D, 0x2D, 0xE9, 0x26, 0xAC, 0xEF, 0x0A, 0x0F, 0x30, 0x5F, 0x22, 0x2E, 0x90, 0xAD,
    0x7C, 0xF6, 0x6B, 0x56, 0x60, 0x41, 0xDF, 0x66, 0xF8, 0x51, 0x60, 0x09, 0x47, 0xD8, 0xB1, 0x31,
    0x3C, 0x9A, 0x51, 0x5B, 0xA6, 0x7F, 0x26, 0x98, 0xF6, 0x65, 0x7C, 0xE6, 0x0F, 0xD4, 0x73, 0x61,
    0x47, 0xC1, 0x48, 0xF4, 0xAB, 0xF2, 0xE5, 0x19, 0xED, 0x00, 0x0D, 0x74, 0x34, 0x63, 0x92, 0x29,
    0x7F, 0xDB, 0xF2, 0xE7, 0x2C, 0xD0, 0x45, 0x4D, 0xD8, 0x33, 0xB4, 0x41, 0xB6, 0x22, 0xD4, 0xC4,
    0x84, 0x38, 0x3B, 0x89, 0x7D, 0x45, 0x0C, 0x81, 0xEB, 0x31, 0xD7, 0xE6, 0x6C, 0xF9, 0xFB, 0xE9,
    0xA2, 0x65, 0x8D, 0x6B, 0x0C, 0xE1, 0x34, 0xFA, 0xD6, 0x76, 0x57, 0xDA, 0x78, 0x66, 0xB5, 0x7F,
    0xB0, 0xD6, 0xE2, 0x69, 0x34, 0x13, 0x54, 0xA3, 0xB6, 0xD1, 0x81, 0xF1, 0xED, 0xA3, 0xD4, 0x50,
    0xE8, 0x1F, 0x45, 0xEB, 0x8D, 0xB1, 0xE8, 0x33, 0x4F, 0x7F, 0x8B, 0x3B, 0x3E, 0x1E, 0x98, 0x56,
    0x40, 0xCE, 0x80, 0x09, 0x9F, 0x17, 0x7B, 0xD0, 0x42, 0x80, 0x8F, 0xA6, 0x11, 0xF6, 0xB8, 0x78,
    0xF6, 0xC2, 0xC6, 0xCC, 0xB0, 0xFB, 0xC6, 0x23, 0xEF, 0x78, 0x5B, 0x99, 0xA6, 0x9E, 0x3C, 0x4D,
    0x08, 0x3C, 0x4C, 0xA3, 0xC7, 0x0C, 0x42, 0xBA, 0x43, 0xB9, 0xCD, 0x55, 0x83, 0x68, 0x1B, 0xE3,
    0x7E, 0xFD, 0x1B, 0xAE, 0x7C, 0x19, 0xD3, 0x0D, 0xF4, 0xD9, 0x61, 0x6F, 0xD2, 0x6D, 0x93, 0xF7,
    0xD4, 0x34, 0xA2, 0xE4, 0x80, 0xF8, 0xB8, 0x63, 0xEA, 0x31, 0x99, 0x45, 0x2C, 0xDB, 0xA9, 0x65,
    0x29, 0xCF, 0x6A, 0xE3, 0xD4, 0x0F, 0x5A, 0x56, 0x3D, 0x59, 0x12, 0x8F, 0x5A, 0x47, 0x05, 0xA2,
    0xA6, 0x3C, 0xEF, 0x08, 0x54, 0x53, 0xA5, 0x10, 0x86, 0xF4, 0x5D, 0xDD, 0x3F, 0xF3, 0x04, 0x3B,
    0x98, 0x3B, 0x6A, 0x9B, 0x64, 0x4A, 0x3A, 0x59, 0xDD, 0x05, 0xD2, 0x52, 0x1B, 0x97, 0x15, 0xF8,
    0x33, 0x84, 0xB5, 0xDC, 0x7E, 0x12, 0x7D, 0x85, 0x56, 0xF1, 0x5D, 0x6A, 0x88, 0xBA, 0xBA, 0x35,
    0x5F, 0xCA, 0x3D, 0xC6, 0x54, 0x50, 0x6E, 0x42, 0x92, 0xC1, 0x63, 0xB1, 0x8F, 0xD2, 0x49, 0xBD,
    0xD6, 0xEE, 0x43, 0x9D, 0x0D, 0xDD, 0x39, 0xD4, 0x73, 0x4A, 0x31, 0xF7, 0x59, 0xCC, 0xA8, 0xCD,
    0x56, 0x39, 0x3A, 0xA4, 0xE1, 0x1F, 0x0F, 0x30, 0x04, 0xF9, 0x3B, 0x4B, 0x24, 0x59, 0xD0, 0x89,
    0xC9, 0x38, 0xCB, 0xEA, 0x7E, 0x2D, 0x3A, 0x17, 0xBD, 0x08, 0x03, 0x00, 0xB6, 0x26, 0x1E, 0xFE,
    0x11, 0x05, 0x46, 0xAD, 0x99, 0x63, 0x91, 0x87, 0x95, 0x6D, 0x0E, 0xA0, 0xC1, 0x14, 0xB5, 0xEF,
    0xD3, 0xF4, 0x15, 0x21, 0x4C, 0x62, 0x38, 0x2C, 0x37, 0x81, 0x80, 0xFB, 0x84, 0xE9, 0x01, 0x51,
    0xAC, 0xB5, 0xFD, 0xEF, 0x99, 0xEF, 0x5C, 0x0E, 0xF2, 0xA9, 0x41, 0x69, 0x09, 0x9A, 0x87, 0xDA,
    0xD1, 0x6D, 0x2F, 0xA0, 0xE3, 0x0B, 0xF7, 0x4B, 0x90, 0x06, 0xFE, 0xCE, 0x1B, 0xA6, 0xEB, 0xCA,
    0x5A, 0x71, 0xC9, 0xD6, 0x2B, 0xDF, 0xB2, 0x57, 0x62, 0x94, 0x03, 0x47, 0x01, 0x47, 0x1C, 0x95,
    0x1E, 0xAB, 0xD2, 0xA3, 0x5F, 0x39, 0xE9, 0x71, 0x24, 0xED, 0x29, 0x73, 0x31, 0x53, 0x59, 0xA6,
    0x2C, 0x28, 0x8E, 0x9D, 0xF6, 0xEB, 0x4F, 0x03, 0x6D, 0xDA, 0x9E, 0xC8, 0x28, 0x41, 0x05, 0xE2,
    0xFD, 0xE3, 0x36, 0x63, 0xC7, 0x00, 0x45, 0x57, 0x37, 0x67, 0x1E, 0x7E, 0x9D, 0xC0, 0x3F, 0xE0,
    0x61, 0xFF, 0x44, 0x06, 0x6C, 0x4E, 0x4B, 0x18, 0x06, 0x54, 0x61, 0x5A, 0xC6, 0x21, 0xD0, 0x9F,
    0x30, 0xFC, 0xE6, 0x39, 0x78, 0xCC, 0x77, 0x21, 0x87, 0xBA, 0xEC, 0x94, 0x61, 0xB9, 0xA9, 0x6B,
    0xD0, 0x6E, 0xC5, 0x63, 0x90, 0xA7, 0xA1, 0x50, 0xD8, 0x88, 0xAA, 0x0A, 0x7A, 0x44, 0x75, 0x25,
    0x0A, 0xF3, 0x71, 0xB3, 0x97, 0x46, 0x24, 0x9C, 0x1D, 0xAB, 0xF7, 0x03, 0x30, 0x5E, 0xB2, 0xF2,
    0x5B, 0x88, 0x9A, 0x49, 0xAB, 0x89, 0xFD, 0x97, 0x12, 0x95, 0x59, 0xED, 0x2E, 0x91, 0xDB, 0x56,
    0x5F, 0x77, 0xE9, 0xE4, 0x75, 0x94, 0xE0, 0xB9, 0x2B, 0x02, 0x4F, 0x4D, 0x78, 0x45, 0x23, 0xC4,
    0xFB, 0x4F, 0xEF, 0x6C, 0x9D, 0x9C, 0x21, 0xBD, 0x25, 0x6A, 0x3D, 0xAC, 0x27, 0x6A, 0x15, 0xE3,
    0x0C, 0x2C, 0xD0, 0x43, 0xAD, 0x0F, 0x9A, 0x1C, 0x5E, 0x03, 0x09, 0xA9, 0xF9, 0x01, 0x0D, 0x04,
    0x10, 0x5F, 0xB3, 0x4F, 0xC3, 0x35, 0xA4, 0xBB, 0xDD, 0x3F, 0x9F, 0x59, 0x6D, 0x54, 0x97, 0x47,
    0x21, 0x80, 0xA5, 0xE0, 0x55, 0xBB, 0x7F, 0x52, 0xBB, 0xD6, 0x0A, 0xCE, 0x32, 0xB8, 0x59, 0x40,
    0x62, 0xFC, 0xE4, 0x20, 0x04, 0x11, 0x3F, 0x69, 0x10, 0xB3, 0xCA, 0x4F, 0x26, 0x75, 0x42, 0x1F,
    0x55, 0xAC, 0x7E, 0xDA, 0xD3, 0xF8, 0x22, 0x00, 0x7C, 0x3F, 0xD7, 0x9E, 0x1E, 0x2D, 0x2E, 0x57,
    0x66, 0xD5, 0xAD, 0x48, 0x5D, 0xBD, 0x5D, 0x1A, 0xAB, 0xA6, 0xF9, 0xC9, 0xE1, 0x08, 0xB0, 0x19,
    0xDB, 0x3E, 0x31, 0x94, 0x33, 0x79, 0x5C, 0xF9, 0x51, 0x3D, 0xE9, 0x90, 0xB2, 0xB5, 0x99, 0xD7,
    0xC7, 0xD0, 0x7D, 0x82, 0x51, 0x50, 0x10, 0xC6, 0x58, 0xF4, 0x17, 0x7C, 0x6D, 0x2B, 0xAB, 0xC5,
    0x0A, 0x70, 0xC5, 0xAD, 0x03, 0xAE, 0xC3, 0xD6, 0xD6, 0xEB, 0xB8, 0x76, 0xEA, 0xAB, 0x10, 0x7C,
    0x77, 0x1F, 0x72, 0xCD, 0xF4, 0x63, 0x84, 0xC1, 0x98, 0x97, 0x45, 0xBD, 0x42, 0xB8, 0xF9, 0xAE,
    0xD0, 0xFE, 0x93, 0x3D, 0x65, 0x3F, 0xEC, 0xD1, 0x22, 0x13, 0x42, 0xDE, 0xD9, 0xFF, 0x20, 0x6C,
    0x00, 0x0A, 0xAD, 0xBC, 0xB2, 0x64, 0x48, 0xD4, 0xA7, 0x71, 0x7D, 0x48, 0xB4, 0xA2, 0xA9, 0x76,
    0x90, 0x0C, 0x4B, 0x3D, 0x18, 0x97, 0x07, 0xA8, 0xDE, 0x53, 0xE5, 0x6B, 0xDA, 0xEF, 0xD4, 0x52,
    0x9E, 0x20, 0x49, 0x71, 0xC3, 0xAA, 0x83, 0xD5, 0x72, 0x83, 0x36, 0x5A, 0x58, 0xE2, 0x3E, 0x62,
    0x79, 0xCD, 0xE8, 0x76, 0x87, 0x88, 0xE5, 0x36, 0x0C, 0x06, 0xCD, 0x97, 0x33, 0xB5, 0x8B, 0x7D,
    0x41, 0xD1, 0x5F, 0x4A, 0xDA, 0x12, 0xAB, 0xD9, 0x00, 0xD5, 0x8A, 0x81, 0x66, 0xC1, 0x13, 0x55,
    0x6C, 0x96, 0x7B, 0xDD, 0x18, 0x97, 0x70, 0xFF, 0x21, 0x26, 0x28, 0xDD, 0x43, 0x39, 0x75, 0xD4,
    0x33, 0x15, 0x9E, 0xA3, 0x7E, 0x2D, 0xE8, 0x9F, 0xE5, 0x6C, 0x14, 0xAA, 0x76, 0x65, 0xC2, 0x6B,
    0x97, 0xFA, 0x65, 0x6A, 0xB9, 0x56, 0x37, 0x97, 0x7B, 0xF3, 0x6A, 0xCD, 0x06, 0xEF, 0x0E, 0x35,
    0x4D, 0xF9, 0xB8, 0x3D, 0x6B, 0x2F, 0xD9, 0x4F, 0x6C, 0xF7, 0x6C, 0x8F, 0x7C, 0x50, 0xEB, 0xB3,
    0xAE, 0xC9, 0x1D, 0x38, 0xBB, 0xB6, 0xE4, 0xCC, 0x3E, 0xEF, 0x83, 0x7C, 0x27, 0xA3, 0xA5, 0x43,
    0x75, 0xFF, 0x8E, 0xC6, 0x1E, 0x36, 0xA9, 0x2D, 0x05, 0x87, 0x2E, 0x46, 0x18, 0x96, 0x02, 0x45,
    0x57, 0x67, 0xD0, 0x00, 0x3F, 0x2C, 0x16, 0xB1, 0x61, 0xF2, 0x3B, 0xDB, 0x94, 0x9D, 0xED, 0x4A,
    0x7B, 0xD8, 0xE6, 0xB6, 0x10, 0x1E, 0x2B, 0x26, 0xC3, 0xB8, 0x8B, 0xF1, 0xAA, 0xB0, 0x88, 0x0F,
    0xE2, 0x61, 0x13, 0xF2, 0xCE, 0x7D, 0x52, 0x0B, 0x86, 0xD4, 0x0D, 0xB2, 0xAA, 0x1F, 0xE8, 0xC2,
    0x0F, 0xAE, 0x45, 0x0A, 0xEE, 0xFB, 0xFD, 0xEE, 0x47, 0x00, 0x91, 0x3F, 0x55, 0x07, 0x0E, 0x66,
    0x8A, 0x9B, 0x53, 0x3E, 0xD4, 0x74, 0x5E, 0xAF, 0x81, 0x41, 0xB1, 0x1C, 0xDD, 0xDE, 0xE9, 0x3C,
    0x2F, 0x46, 0xE3, 0x47, 0x1E, 0xFC, 0xF4, 0x54, 0x02, 0x9A, 0x10, 0x5D, 0xCE, 0x36, 0x45, 0x37,
    0x5E, 0xA1, 0xC1, 0x5A, 0x5C, 0xEF, 0x8D, 0xD1, 0xFC, 0x3E, 0xB6, 0xA1, 0x3D, 0x6F, 0xCF, 0xD9,
    0x8F, 0x4F, 0xFD, 0x15, 0x55, 0xE7, 0xE9, 0x01, 0xEE, 0x3D, 0x80, 0x84, 0x7C, 0x31, 0x71, 0xC6,
    0x0F, 0x3C, 0xFB, 0x01, 0xDD, 0xBB, 0x60, 0xC9, 0xBB, 0x0B, 0x0A, 0x47, 0x1A, 0xFA, 0x25, 0x9D,
    0xAA, 0x1A, 0x36, 0xB6, 0xEF, 0x52, 0x30, 0xDE, 0xD6, 0x26, 0xB4, 0x60, 0x0B, 0x51, 0xA9, 0xD3,
    0xD9, 0x7D, 0xBD, 0xE0, 0x31, 0xAA, 0x2D, 0xC2, 0x10, 0x89, 0x14, 0xDE, 0x16, 0x0C, 0x9E, 0x16,
    0x6F, 0x67, 0xC5, 0xA8, 0x67, 0x99, 0xB9, 0x56, 0x69, 0x78, 0x0A, 0xBE, 0xEE, 0x26, 0xA2, 0xDB,
    0x32, 0x73, 0x4E, 0x76, 0x38, 0xAC, 0x08, 0x93, 0x5E, 0x42, 0x45, 0x51, 0xB8, 0x21, 0xBA, 0x84,
    0x52, 0x31, 0xF6, 0x66, 0xBC, 0x8B, 0x58, 0x39, 0xDD, 0xFE, 0x67, 0xFB, 0x18, 0x1E, 0x13, 0x32,
    0x93, 0xB9, 0x35, 0xF2, 0xF8, 0x8F, 0xB4, 0x7C, 0xC4, 0xFA, 0xA4, 0x19, 0x89, 0x8A, 0xC8, 0xF1,
    0xFE, 0xDD, 0xD8, 0xCA, 0x07, 0xEC, 0xD3, 0x2D, 0x86, 0xE3, 0x36, 0xAC, 0xFD, 0x36, 0x35, 0xC1,
    0xB4, 0x33, 0x21, 0xD2, 0xFA, 0x11, 0x9D, 0x5F, 0xEC, 0xE7, 0x9B, 0xCA, 0x75, 0x46, 0x78, 0xBC,
    0xB2, 0xD9, 0x94, 0xE0, 0xA7, 0x30, 0xF9, 0x86, 0x58, 0xEB, 0x33, 0x26, 0xFC, 0x64, 0x30, 0xE5,
    0x13, 0xB2, 0x50, 0x34, 0x35, 0x79, 0x3F, 0x85, 0xDF, 0xF0, 0xBC, 0xEB, 0x3A, 0xE5, 0x26, 0xC1,
    0x41, 0xD8, 0x39, 0x7D, 0x41, 0xDC, 0xDE, 0xE9, 0x04, 0xBD, 0xD0, 0xF7, 0x2C, 0x3D, 0x17, 0x1E,
    0x81, 0x58, 0xD5, 0x42, 0x1E, 0x2E, 0x3A, 0xFE, 0x91, 0xBC, 0x16, 0x1E, 0xEB, 0xC1, 0x09, 0xB5,
    0x20, 0xA0, 0x43, 0xFA, 0x0B, 0x3E, 0xFA, 0x1A, 0x2B, 0x88, 0xE5, 0xCC, 0x95, 0xEE, 0x22, 0x4C,
    0x9A, 0x70, 0xFB, 0x21, 0x0B, 0x53, 0xAC, 0x51, 0xF1, 0x17, 0xD3, 0x35, 0x41, 0xDD, 0x51, 0xC5,
    0x0E, 0xD1, 0x14, 0xFF, 0x19, 0x46, 0x50, 0x96, 0x5F, 0xBE, 0x63, 0x5F, 0xC9, 0x67, 0x29, 0xD8,
    0x93, 0x21, 0x8A, 0xBA, 0x22, 0x6A, 0x4D, 0xC1, 0x7D, 0x82, 0x7A, 0xAF, 0xB7, 0x12, 0x28, 0xF6,
    0x46, 0x7C, 0xC6, 0x89, 0xC4, 0xC2, 0x77, 0x1B, 0x3F, 0x5B, 0x38, 0xF9, 0x9B, 0x60, 0xC9, 0xF4,
    0x5F, 0xED, 0x59, 0xE1, 0x40, 0x89, 0x9F, 0x05, 0x45, 0x7E, 0x35, 0x68, 0xF2, 0x64, 0xC2, 0x8D,
    0xCE, 0x2D, 0xE9, 0xE5, 0x81, 0x66, 0x1B, 0xDD, 0x83, 0x26, 0xFA, 0x44, 0xF0, 0xF5, 0x47, 0xF1,
    0x4D, 0x92, 0xC2, 0xEF, 0xCA, 0x22, 0xF9, 0xBD, 0x18, 0x30, 0xEC, 0x36, 0x35, 0x4F, 0x6D, 0xDE,
    0x16, 0x8C, 0x01, 0x91, 0xA4, 0x68, 0xDD, 0xD7, 0xB9, 0xF8, 0x8E, 0x45, 0x9C, 0xD2, 0xB5, 0xB2,
    0x8E, 0xF9, 0x4A, 0xCF, 0x6E, 0xCB, 0xC3, 0x87, 0x60, 0x7B, 0xA3, 0x4B, 0xB2, 0x50, 0x98, 0x22,
    0x7A, 0xB1, 0x31, 0xDF, 0x66, 0xB5, 0x79, 0xA6, 0xDB, 0xDD, 0x4B, 0x61, 0x8E, 0x9C, 0x81, 0x4D,
    0x2D, 0xC2, 0x7B, 0x36, 0x33, 0xF6, 0x21, 0xC1, 0xE4, 0x69, 0x13, 0x7C, 0x22, 0x26, 0xFC, 0x5C,
    0xEB, 0x4B, 0x28, 0x89, 0xDA, 0x66, 0x6F, 0x56, 0x5E, 0x77, 0xB8, 0x9C, 0x69, 0xB2, 0x7F, 0x43,
    0x4B, 0xD6, 0x9E, 0x56, 0xAF, 0xA1, 0x3A, 0xC3, 0x11, 0xB8, 0xA3, 0xC6, 0x9F, 0x05, 0xD8, 0x4B,
    0x11, 0x23, 0xB0, 0x40, 0xBE, 0x8A, 0xC9, 0x2A, 0xE4, 0x45, 0xE7, 0xC9, 0x8B, 0xBF, 0xBD, 0x84,
    0x1D, 0x10, 0x06, 0xE9, 0x4C, 0xEA, 0xB7, 0x81, 0x00, 0x9B, 0x14, 0x93, 0x4F, 0x3B, 0xFA, 0x2E,
    0x08, 0x23, 0xC3, 0xDD, 0x3B, 0x1B, 0x6E, 0x2E, 0xFB, 0x70, 0x13, 0xCA, 0x31, 0x96, 0x4E, 0x7A,
    0xF7, 0xBA, 0x75, 0x6A, 0x67, 0xAB, 0xFF, 0x25, 0x32, 0x35, 0xFD, 0x5B, 0x78, 0xED, 0x9E, 0xC3,
    0xEB, 0x69, 0xBE, 0xBE, 0x79, 0x10, 0xAF, 0xF7, 0x8E, 0x59, 0xE9, 0x5B, 0xF1, 0x9A, 0xEF, 0x6C,
    0x32, 0x60, 0x6C, 0x28, 0xCC, 0x7B, 0x77, 0x75, 0xA8, 0x61, 0x4D, 0xA9, 0x3D, 0xC9, 0x6D, 0x2E,
    0x33, 0xA5, 0xF9, 0x84, 0x70, 0xD1, 0x3E, 0x6D, 0x1E, 0xC2, 0xCB, 0x37, 0xD5, 0xEE, 0x2E, 0x75,
    0x34, 0x4C, 0xB6, 0xD1, 0xA8, 0x63, 0x45, 0x78, 0xBB, 0x27, 0xED, 0xFA, 0x5A, 0xD0, 0x5E, 0xD6,
    0xEF, 0xF0, 0x39, 0x43, 0xB0, 0xD7, 0x70, 0xB2, 0x42, 0xE3, 0x09, 0x54, 0xC6, 0xEA, 0x09, 0x33,
    0x36, 0xCE, 0xA0, 0xAF, 0x60, 0xB5, 0xD7, 0x5C, 0x31, 0xB2, 0x31, 0xBD, 0x9A, 0x86, 0x37, 0xE7,
    0x80, 0x3F, 0xC4, 0x0D, 0x44, 0xBA, 0xCF, 0x98, 0x9C, 0xE8, 0xB6, 0x19, 0xBB, 0xCC, 0xA9, 0xEE,
    0x32, 0xDE, 0x9B, 0x36, 0xBD, 0x53, 0xA8, 0x93, 0xA8, 0xEF, 0x88, 0x15, 0x42, 0xA4, 0x52, 0xE3,
    0x6D, 0xCE, 0x4C, 0xF2, 0x62, 0x65, 0x86, 0x7B, 0xE6, 0x38, 0xCC, 0x5F, 0xC1, 0x42, 0x2E, 0xC9,
    0x22, 0xFE, 0x6B, 0xE3, 0xD3, 0xF5, 0xAB, 0x44, 0xF8, 0x38, 0x84, 0x67, 0x70, 0xF1, 0x34, 0x3A,
    0xFA, 0x28, 0x6B, 0xCF, 0x64, 0x37, 0x0D, 0x33, 0x2B, 0x4F, 0x7F, 0xBA, 0x36, 0xAE, 0x48, 0x5F,
    0x6F, 0x16, 0x66, 0xAE, 0x83, 0xF7, 0x10, 0x95, 0xE0, 0x66, 0xEF, 0x2A, 0x79, 0xCF, 0x7F, 0xD5,
    0xD3, 0xBD, 0xDC, 0x1E, 0x9B, 0x9F, 0xEC, 0xA7, 0xE4, 0xA5, 0x41, 0x1D, 0xA6, 0xA3, 0x54, 0x52,
    0x66, 0x72, 0xE5, 0x0D, 0x0C, 0x68, 0x45, 0x91, 0xB8, 0xD4, 0xB5, 0xE5, 0xB6, 0x96, 0x66, 0xB9,
    0xD5, 0x96, 0xF0, 0xE9, 0x78, 0x3E, 0x0B, 0xF3, 0x06, 0xBD, 0x0A, 0x58, 0xCA, 0x5E, 0x3B, 0xCD,
    0x62, 0xDE, 0x84, 0x2F, 0xC5, 0x25, 0x62, 0xE0, 0x96, 0x6B, 0x1C, 0x2A, 0x72, 0x03, 0xF1, 0x16,
    0x7D, 0xC7, 0x0E, 0x98, 0x96, 0xBD, 0x01, 0x3C, 0x87, 0xA3, 0x67, 0x7E, 0x30, 0xB0, 0x3B, 0xA7,
    0xAC, 0xEB, 0xA7, 0x5F, 0x3A, 0xA5, 0xC9, 0x7B, 0x6A, 0xB9, 0x58, 0x63, 0xB3, 0xDF, 0xB0, 0x29,
    0xFC, 0x28, 0x7F, 0x08, 0xDF, 0x37, 0x7E, 0x09, 0x86, 0x3D, 0xA8, 0xB8, 0x55, 0xF4, 0x5E, 0x6F,
    0x6D, 0x5F, 0x54, 0x1C, 0x9E, 0x9A, 0xAF, 0xBF, 0x81, 0x0D, 0x7D, 0x62, 0x86, 0xCA, 0x01, 0xF1,
    0xE8, 0x8A, 0xDC, 0xBB, 0x71, 0x03, 0x89, 0xF7, 0x96, 0x9F, 0xEA, 0x6E, 0x78, 0xE4, 0x15, 0x6A,
    0x24, 0x3A, 0x73, 0xEC, 0x6F, 0xFF, 0x5F, 0x6B, 0x4F, 0x60, 0x11, 0x29, 0x12, 0x3A, 0x3D, 0xD4,
    0xBC, 0x84, 0x11, 0xC7, 0x8C, 0xDB, 0x68, 0x4D, 0x87, 0xB7, 0x59, 0x34, 0x3E, 0x7F, 0xDE, 0x29,
    0x54, 0x28, 0x32, 0xAF, 0xAC, 0x1F, 0x73, 0xFD, 0xF1, 0x2F, 0x5B, 0x74, 0xD3, 0xB0, 0xF5, 0x10,
    0x9B, 0x72, 0x6F, 0x05, 0xC5, 0xF6, 0x7C, 0x29, 0x4B, 0x75, 0xC7, 0xF7, 0x40, 0xF3, 0x8A, 0xF5,
    0xE5, 0x6E, 0xC8, 0xD2, 0x05, 0x91, 0x05, 0xB2, 0x6D, 0xB8, 0x1B, 0xD1, 0x40, 0xCE, 0x6C, 0xCB,
    0x96, 0x6D, 0x74, 0x67, 0xCB, 0x74, 0x91, 0xD1, 0x35, 0x87, 0x7E, 0xB5, 0x54, 0x6B, 0xA3, 0x67,
    0xEC, 0xCE, 0xE1, 0xCA, 0xF7, 0x34, 0x8C, 0xEC, 0x71, 0xCA, 0x7F, 0x8D, 0x0E, 0x25, 0xF1, 0x27,
    0xC5, 0xE8, 0x85, 0x74, 0xF1, 0xCD, 0xF1, 0x16, 0x4A, 0xF8, 0xFA, 0x2B, 0x69, 0x05, 0x3E, 0x15,
    0xA1, 0xD3, 0x33, 0x09, 0x98, 0x7C, 0xC8, 0x98, 0x84, 0x1A, 0x36, 0xEC, 0x36, 0xF6, 0xF3, 0x5F,
    0xC2, 0xC1, 0x00, 0xB6, 0x86, 0x9B, 0xFE, 0x8C, 0xE6, 0x3B, 0x0F, 0xE8, 0x0E, 0x83, 0xA8, 0x30,
    0xBF, 0xD1, 0xE6, 0x95, 0xD3, 0x7A, 0x74, 0x95, 0x6E, 0x58, 0x75, 0xFD, 0x25, 0xA5, 0x46, 0x85,
    0xFB, 0xF0, 0xDE, 0x57, 0x50, 0x04, 0x79, 0x98, 0x15, 0x98, 0xE1, 0x21, 0xDA, 0x62, 0x1C, 0xAF,
    0x11, 0x2A, 0x63, 0xF3, 0x44, 0x2B, 0x61, 0xCD, 0xEC, 0xF6, 0x15, 0xC1, 0xB1, 0x31, 0x3C, 0x71,
    0xFD, 0xB1, 0x1A, 0x30, 0xC6, 0x8F, 0xCE, 0x74, 0x8B, 0xEF, 0x51, 0xED, 0xA1, 0xE3, 0xC6, 0x12,
    0x73, 0x5A, 0xD3, 0x22, 0xF1, 0x87, 0x5A, 0x3A, 0x75, 0x47, 0x48, 0x1D, 0x79, 0xF5, 0x2B, 0x2A,
    0x9F, 0x9E, 0x56, 0x8B, 0x1D, 0x63, 0xB3, 0x48, 0x53, 0x33, 0xFF, 0x3B, 0x8D, 0xF1, 0x4D, 0x4B,
    0x6C, 0xA4, 0x1E, 0x8F, 0xA4, 0x99, 0x76, 0xE4, 0x0E, 0x4D, 0x9A, 0xF5, 0xB7, 0xA5, 0xE0, 0x1A,
    0x5F, 0x57, 0x14, 0x70, 0x3F, 0x2A, 0x72, 0xCF, 0x2C, 0x41, 0x0D, 0x3C, 0x7A, 0x60, 0x32, 0xB0,
    0x92, 0x3D, 0xE9, 0x99, 0xEB, 0x0B, 0x5A, 0xDD, 0x0C, 0x37, 0x35, 0x3F, 0xBF, 0xC2, 0xB6, 0xAA,
    0x35, 0x6D, 0x31, 0x1D, 0x52, 0xFA, 0xDE, 0x03, 0xBB, 0xE5, 0x8F, 0xB4, 0xB7, 0x52, 0x70, 0xC7,
    0x2F, 0x65, 0xF5, 0xA3, 0xE0, 0x3A, 0x4A, 0xB7, 0xF4, 0x89, 0x59, 0x52, 0x19, 0xB4, 0x89, 0xC4,
    0x32, 0x60, 0xE1, 0xB9, 0x47, 0x76, 0x38, 0x09, 0x96, 0x8E, 0xDC, 0x36, 0xFB, 0x51, 0xC3, 0x3E,
    0x79, 0xC2, 0xF5, 0x22, 0x3E, 0x40, 0x8C, 0x24, 0xF4, 0xAB, 0x59, 0xB0, 0x1E, 0xE8, 0x53, 0x97,
    0xBA, 0xE9, 0xFD, 0x51, 0xC6, 0x77, 0x3C, 0x1E, 0x26, 0x2A, 0x9E, 0x63, 0xD0, 0x7B, 0xD7, 0xDE,
    0xEA, 0xD4, 0x9B, 0x66, 0xE5, 0x3F, 0x20, 0xC2, 0x42, 0xDF, 0x04, 0x24, 0xAE, 0x3D, 0x51, 0x64,
    0x47, 0x6E, 0xA0, 0x76, 0x3D, 0x8C, 0x67, 0xC8, 0xC4, 0x6C, 0xB4, 0x13, 0x11, 0x16, 0xFA, 0xB2,
    0xA2, 0xB6, 0x8D, 0xB3, 0x61, 0x22, 0xEC, 0x1B, 0x41, 0xC2, 0xFD, 0x51, 0xF4, 0x3C, 0xBF, 0x66,
    0x0E, 0x19, 0xB7, 0x43, 0x0A, 0x39, 0x08, 0x11, 0xB7, 0x3F, 0x5B, 0x06, 0x95, 0x53, 0xA4, 0xD5,
    0xBD, 0xB2, 0xB8, 0x95, 0xE2, 0xE6, 0xBE, 0x14, 0xB8, 0x47, 0x71, 0x1B, 0x55, 0x6B, 0xC1, 0xB0,
    0x18, 0x8E, 0xA2, 0x20, 0x15, 0x3C, 0xC5, 0xAA, 0xC1, 0x8C, 0x69, 0x8D, 0xC8, 0x5E, 0x2C, 0x3B,
    0xDD, 0xE1, 0xC4, 0xAA, 0x95, 0x2B, 0x0B, 0xAE, 0x6C, 0xD4, 0xCB, 0xAD, 0x14, 0x2E, 0xF3, 0x36,
    0xF6, 0xA2, 0xB8, 0x3A, 0xBD, 0xD3, 0x4F, 0x13, 0xE7, 0x89, 0x43, 0x77, 0xFF, 0x0D, 0xA5, 0x2B,
    0xA7, 0x74, 0x29, 0x88, 0xC1, 0x74, 0xD1, 0x6E, 0xEC, 0xCA, 0xD4, 0xB9, 0x53, 0x20, 0x9B, 0x0B,
    0x6D, 0xA9, 0x25, 0x34, 0x6F, 0xB1, 0x1B, 0x33, 0x9F, 0x27, 0x18, 0xA3, 0x79, 0xEB, 0x4A, 0xB0,
    0x33, 0xDF, 0x5A, 0x35, 0x4C, 0xC6, 0x9A, 0x1B, 0xBA, 0xDF, 0xE7, 0x47, 0x38, 0x7D, 0xEF, 0x8A,
    0x3E, 0x82, 0xDB, 0xC4, 0x74, 0x08, 0x4A, 0x58, 0x20, 0x3E, 0x06, 0xE5, 0xF6, 0x2E, 0x77, 0xB5,
    0xE1, 0x94, 0xAF, 0x16, 0x55, 0x40, 0x10, 0x09, 0xFB, 0x5C, 0xBA, 0xB9, 0xB0, 0xE4, 0x95, 0x66,
    0x2E, 0xA7, 0x5C, 0x6B, 0xAE, 0xBD, 0x06, 0xC9, 0x54, 0xCF, 0xA2, 0xAA, 0x74, 0x57, 0x59, 0xA7,
    0x0E, 0x7A, 0x63, 0xE2, 0x53, 0x15, 0xB3, 0xA9, 0x62, 0x49, 0x3E, 0xED, 0x19, 0xAC, 0x0B, 0x8C,
    0xA9, 0x7C, 0xA1, 0xE7, 0x50, 0x05, 0x4D, 0xA9, 0x29, 0xF4, 0xCE, 0xBC, 0x35, 0x99, 0x31, 0x21,
    0x1B, 0xD7, 0x51, 0x95, 0x16, 0xCC, 0x17, 0x0F, 0xA6, 0xF3, 0x3B, 0x22, 0x2C, 0x6A, 0xE2, 0x22,
    0xAE, 0xB9, 0x7B, 0xB5, 0x14, 0xAC, 0x0D, 0xEC, 0xC8, 0x08, 0x66, 0xA9, 0xCC, 0xC8, 0xC3, 0x01,
    0xD3, 0x97, 0xC4, 0x41, 0x60, 0xBE, 0xC2, 0xEF, 0x4E, 0xCB, 0xB3, 0xF5, 0x9C, 0xC5, 0xF7, 0xB0,
    0x7D, 0x81, 0x78, 0x12, 0xC5, 0xE3, 0xB9, 0xA3, 0x18, 0xB9, 0xAF, 0xD8, 0x8C, 0x51, 0xA5, 0x3B,
    0xA6, 0x71, 0x98, 0x77, 0xD6, 0x25, 0xF5, 0xD8, 0x60, 0xB6, 0xEB, 0x6F, 0xAC, 0x8E, 0xB9, 0xB3,
    0x1E, 0x9D, 0xA2, 0x5F, 0xD8, 0x35, 0x6C, 0x3A, 0xD0, 0x2F, 0xA6, 0x83, 0x6B, 0x09, 0x71, 0xD4,
    0x4D, 0x0D, 0x0D, 0x80, 0x59, 0xDE, 0x87, 0xB0, 0x9B, 0x06, 0xA2, 0x58, 0x3C, 0x44, 0x6B, 0xC8,
    0xD8, 0xE5, 0xF6, 0x2C, 0xF6, 0x40, 0x55, 0x32, 0xAF, 0xF8, 0x18, 0xD0, 0x54, 0x1D, 0x8D, 0xF3,
    0xD4, 0x24, 0x85, 0x07, 0x3B, 0xE9, 0x84, 0xAB, 0x6C, 0x28, 0x39, 0xE0, 0x83, 0x10, 0xAC, 0xE7,
    0xED, 0x70, 0x77, 0x6B, 0x5A, 0x25, 0x71, 0x15, 0x57, 0x7C, 0xFA, 0xC0, 0x80, 0xB3, 0x7E, 0x3E,
    0x6C, 0x52, 0x6A, 0xAA, 0x2A, 0x0F, 0xE8, 0xBC, 0xB4, 0x41, 0x8B, 0x9C, 0x61, 0xFA, 0x74, 0x96,
    0x9C, 0x87, 0xB0, 0xEE, 0x48, 0x48, 0xD8, 0x6A, 0xF9, 0x26, 0xA2, 0xBE, 0x83, 0xBD, 0x6B, 0x74,
    0xAF, 0xB7, 0x16, 0x73, 0xF2, 0x42, 0xDB, 0x12, 0x16, 0x40, 0xCF, 0x96, 0xD8, 0x51, 0x59, 0xD1,
    0xB1, 0xA1, 0xB2, 0xA0, 0xB2, 0x9F, 0x3C, 0xEE, 0x17, 0x97, 0xDB, 0x03, 0xB1, 0xF8, 0x25, 0x37,
    0x09, 0xFE, 0x1F, 0xF7, 0x44, 0x74, 0xAB, 0x96, 0x47, 0x58, 0xC2, 0xD8, 0xE6, 0x64, 0x2E, 0xD5,
    0x01, 0x9E, 0xEE, 0xBC, 0x00, 0xEF, 0x94, 0x45, 0xA8, 0xC7, 0x4B, 0xF5, 0xDC, 0x36, 0x49, 0xD6,
    0xB0, 0x81, 0x9A, 0x25, 0xB6, 0xE3, 0x27, 0xEF, 0x55, 0x8B, 0xBD, 0xAE, 0x13, 0xB7, 0x3B, 0xB2,
    0xBE, 0xA6, 0x7D, 0xAB, 0x84, 0xAE, 0xDC, 0xCE, 0xE6, 0x15, 0xD4, 0x54, 0xCD, 0xBB, 0xB7, 0xD0,
    0x27, 0x3A, 0x71, 0x3A, 0xB0, 0xB1, 0x86, 0xA0, 0x9C, 0xC5, 0x6D, 0x3D, 0xC3, 0x58, 0x16, 0xFE,
    0xBF, 0x29, 0x56, 0x73, 0xB7, 0xFB, 0x7A, 0xCC, 0xC3, 0x4E, 0xAC, 0x26, 0x42, 0x23, 0x60, 0x76,
    0xC4, 0x16, 0x90, 0x9D, 0x19, 0xEB, 0x97, 0x95, 0xC7, 0xF3, 0x3A, 0xE5, 0xC9, 0xC2, 0xCB, 0xA2,
    0x3A, 0x12, 0x36, 0x47, 0xB3, 0x3B, 0x14, 0xCC, 0x9D, 0x16, 0x5C, 0x39, 0xEB, 0x0E, 0x1D, 0xDA,
    0xD2, 0x82, 0x16, 0x54, 0x9C, 0x7C, 0xCC, 0x13, 0x2D, 0xB9, 0x5E, 0x6D, 0x59, 0x49, 0x17, 0xDB,
    0xB6, 0xB5, 0x81, 0x44, 0x13, 0x62, 0xBA, 0xC1, 0xBA, 0x9B, 0xEF, 0x0E, 0x27, 0xF0, 0x4F, 0xBA,
    0x0A, 0x71, 0xB6, 0xE7, 0x84, 0x18, 0xEF, 0x55, 0xEF, 0x55, 0xEE, 0x04, 0x02, 0x0F, 0x47, 0x9D,
    0x76, 0x67, 0x70, 0x10, 0x34, 0xFE, 0xFE, 0xA7, 0xDF, 0xEA, 0xEE, 0x96, 0x27, 0x2C, 0xF6, 0xDE,
    0x62, 0xA3, 0x19, 0xBC, 0xD7, 0x8D, 0x19, 0xF1, 0x29, 0xEC, 0x30, 0x51, 0x0F, 0x59, 0x0D, 0x6C,
    0xCC, 0xC2, 0x05, 0xC4, 0x58, 0x8C, 0x2F, 0xB3, 0x9E, 0x3C, 0x94, 0xC4, 0x1B, 0x58, 0xF3, 0x89,
    0xC8, 0x9D, 0x6C, 0xF0, 0x01, 0x5E, 0xDD, 0xDE, 0x96, 0x6C, 0x91, 0xF5, 0x71, 0x35, 0xA3, 0xAB,
    0x23, 0xA1, 0x1B, 0x1C, 0xB1, 0x27, 0xD8, 0x78, 0xC1, 0xD0, 0xD6, 0x79, 0xE1, 0x4B, 0xC7, 0x84,
    0xD2, 0x74, 0x27, 0xED, 0x58, 0xB8, 0xE4, 0x31, 0x87, 0xAC, 0xD2, 0xDF, 0xBD, 0x37, 0x80, 0x14,
    0x7E, 0x65, 0xD5, 0x06, 0xE5, 0xE8, 0x21, 0x1C, 0xB6, 0xB6, 0xEC, 0xA3, 0x38, 0x9D, 0xA1, 0x40,
    0xE9, 0xBF, 0x4A, 0xC1, 0x65, 0x61, 0xA1, 0xB7, 0x32, 0xCD, 0x11, 0x35, 0x63, 0xC7, 0x4E, 0xD8,
    0x8D, 0x9B, 0xF4, 0x09, 0xBF, 0x3F, 0xCC, 0xB7, 0x90, 0xA9, 0x88, 0x15, 0xE3, 0xF6, 0x2B, 0x94,
    0x65, 0x2B, 0x99, 0xC1, 0xE3, 0xD1, 0x0C, 0x6F, 0x61, 0x9A, 0x14, 0x33, 0x24, 0xE7, 0x90, 0xB7,
    0xF9, 0x84, 0xCD, 0xC8, 0xA9, 0xDD, 0xDB, 0xEF, 0x72, 0x2D, 0xE5, 0x48, 0x24, 0x83, 0x42, 0xD7,
    0x07, 0x3E, 0xEB, 0xB3, 0xB0, 0x3D, 0x2A, 0x80, 0x45, 0x59, 0xD0, 0x05, 0x15, 0x60, 0xF3, 0xC7,
    0x6A, 0x9A, 0x1D, 0xFF, 0x67, 0x6A, 0x92, 0x65, 0xEE, 0xA9, 0x40, 0xF7, 0x1C, 0xD4, 0x0F, 0x7A,
    0xEC, 0x3E, 0xDA, 0xD9, 0x2A, 0x3F, 0x94, 0x39, 0x3E, 0x5D, 0x82, 0xE6, 0xE0, 0x5C, 0xD4, 0xE2,
    0x6E, 0x2E, 0x22, 0x5C, 0xDC, 0x3E, 0xA7, 0x5E, 0xF0, 0xA4, 0x29, 0x3D, 0x5A, 0x02, 0x65, 0xFE,
    0x36, 0xD9, 0xD9, 0x3A, 0xD9, 0x8B, 0xF6, 0xF2, 0x87, 0x00, 0x69, 0x67, 0x30, 0xBF, 0xCD, 0x1E,
    0x72, 0xF7, 0xE7, 0xD5, 0x48, 0x4D, 0x4E, 0x9F, 0xCC, 0x53, 0x4F, 0x8A, 0xDE, 0x76, 0x17, 0x7A,
    0xA9, 0xA6, 0xFC, 0xF1, 0xC4, 0xD9, 0x88, 0x2C, 0x88, 0x93, 0x16, 0xFC, 0x19, 0xA6, 0xE1, 0xAE,
    0xA0, 0x92, 0x1D, 0x05, 0x44, 0x6A, 0xAD, 0xC7, 0xE0, 0x3A, 0xA0, 0x5E, 0x75, 0x84, 0x01, 0x35,
    0x12, 0xB5, 0x4F, 0xFB, 0xC5, 0xA1, 0xEB, 0x8F, 0x5A, 0xEE, 0x98, 0xB5, 0x7D, 0xBA, 0xE6, 0x0F,
    0x91, 0xF8, 0x4E, 0x01, 0xBA, 0xF2, 0x9B, 0x05, 0xBA, 0x0A, 0x85, 0x37, 0x5D, 0x26, 0x49, 0x63,
    0xBE, 0x07, 0x23, 0x08, 0xC7, 0xEC, 0x9C, 0xF8, 0x0D, 0x9F, 0x0D, 0x5B, 0xA7, 0x76, 0xC6, 0xA4,
    0xDC, 0x1C, 0x2D, 0xC6, 0x3C, 0xC7, 0x33, 0x7E, 0xB1, 0x79, 0x2F, 0x40, 0x5E, 0x5D, 0x8B, 0x8B,
    0x7A, 0x7E, 0x65, 0xDA, 0x2E, 0xAA, 0xA3, 0xB7, 0x31, 0x5F, 0x4A, 0xB0, 0xF0, 0x63, 0x57, 0x32,
    0xCC, 0x0D, 0x2D, 0xCE, 0xE7, 0x96, 0x0C, 0x91, 0x9E, 0x04, 0xEC, 0xF0, 0xB4, 0xDF, 0xFD, 0x54,
    0x70, 0x85, 0xDE, 0x47, 0x34, 0xE6, 0x47, 0x04, 0x33, 0x74, 0xB5, 0xF2, 0xF9, 0x26, 0xC0, 0x91,
    0x4F, 0x45, 0x8F, 0x14, 0xD6, 0x78, 0x68, 0x02, 0xEA, 0x44, 0x8B, 0xE6, 0xE5, 0xC5, 0x2D, 0x7B,
    0x4A, 0xE6, 0xF8, 0xC3, 0x82, 0xA2, 0x48, 0xFD, 0xC5, 0x7A, 0xB0, 0xA7, 0xE8, 0xD8, 0xC7, 0x3B,
    0x9C, 0x2B, 0x07, 0x03, 0x72, 0x2F, 0x5D, 0x0E, 0x88, 0x3E, 0xF5, 0x24, 0x20, 0xBA, 0xA9, 0x6F,
    0xF2, 0x6D, 0xF6, 0xCA, 0xF0, 0x40, 0x3D, 0xF3, 0xFF, 0xED, 0x7D, 0x3F, 0xB0, 0xE5, 0x56, 0x99,
    0xE7, 0x91, 0xC4, 0x7B, 0xD7, 0x63, 0x55, 0x8D, 0x3A, 0xE8, 0x36, 0x8B, 0x7B, 0x40, 0x04, 0x1B,
    0xEC, 0x32, 0x80, 0x52, 0x82, 0x76, 0x4B, 0xB6, 0xAB, 0x86, 0x80, 0xC0, 0x2F, 0xF0, 0x33, 0x05,
    0x1D, 0x78, 0x02, 0xB6, 0x6A, 0x6C, 0xAA, 0xE6, 0x4D, 0xB0, 0x01, 0x81, 0x6D, 0x5D, 0x43, 0xE0,
    0xC0, 0x01, 0x6F, 0xAA, 0x4C, 0x6D, 0x40, 0x30, 0x0E, 0x9A, 0x2A, 0xFC, 0xBA, 0x96, 0xDE, 0x80,
    0xC0, 0xBB, 0xD5, 0xFD, 0x24, 0xD3, 0x35, 0xEB, 0x80, 0xA0, 0xAF, 0x99, 0x99, 0x22, 0x20, 0x40,
    0xE0, 0x36, 0x0C, 0xED, 0xA0, 0x65, 0x2C, 0xE0, 0xBE, 0x87, 0xAE, 0xCE, 0x7E, 0xBF, 0xDF, 0x77,
    0x8E, 0xEE, 0xBD, 0xEF, 0xBD, 0x6E, 0x1B, 0x63, 0xF0, 0x9F, 0xD9, 0xDB, 0xAF, 0x75, 0xAF, 0xA4,
    0x23, 0xE9, 0x9C, 0xEF, 0x7C, 0xFF, 0xFF, 0x1C, 0x99, 0x0D, 0x23, 0x9F, 0xAC, 0x97, 0x4D, 0x64,
    0x5B, 0xD9, 0xDE, 0x5D, 0xD5, 0x38, 0x52, 0x61, 0x13, 0xEA, 0x61, 0x2B, 0x5F, 0x89, 0xC5, 0xD9,
    0x33, 0x76, 0xBB, 0x70, 0x87, 0x4D, 0xDC, 0x1A, 0xF9, 0x9D, 0xBD, 0x64, 0x17, 0xD2, 0x3A, 0xB3,
    0x83, 0x09, 0xAD, 0x95, 0xDF, 0xB1, 0x9D, 0xCA, 0xDD, 0xB2, 0xD6, 0xA4, 0x1D, 0x6E, 0x92, 0xB5,
    0x68, 0x5D, 0xD6, 0xD2, 0xDA, 0x58, 0x93, 0xD5, 0x26, 0xEA, 0x71, 0x38, 0xE1, 0xE1, 0x7C, 0xE5,
    0xF0, 0x9C, 0xAD, 0x6B, 0x1C, 0xB6, 0xB8, 0x77, 0xDA, 0x9A, 0xFC, 0xE0, 0x8B, 0xB6, 0x30, 0x72,
    0xD7, 0xCE, 0x04, 0x56, 0x1E, 0x60, 0xCC, 0xC6, 0x0B, 0xF2, 0x48, 0x13, 0xEC, 0x0D, 0xBB, 0xC6,
    0xEC, 0xC8, 0x89, 0x29, 0xCE, 0x4A, 0xF7, 0xEC, 0xB3, 0x5D, 0x60, 0xEB, 0xEA, 0x81, 0x85, 0x49,
    0xBA, 0xBC, 0xAE, 0x8A, 0x60, 0x88, 0xDB, 0x6C, 0x66, 0xF2, 0xE9, 0x95, 0xB8, 0x33, 0x49, 0x63,
    0xC2, 0x05, 0x1E, 0x60, 0xAA, 0xC2, 0xC8, 0xED, 0xE5, 0x84, 0x3C, 0x4A, 0x4E, 0x94, 0x86, 0x7D,
    0x96, 0x5B, 0x56, 0xD6, 0xCA, 0xE9, 0xEC, 0xE6, 0x65, 0x5B, 0xE3, 0x44, 0x3A, 0xC7, 0x15, 0x81,
    0xE5, 0x15, 0xD2, 0x5C, 0xFE, 0x26, 0x1D, 0x4E, 0x04, 0x0B, 0x9C, 0xC0, 0x51, 0xF9, 0xCB, 0x6B,
    0x9E, 0x6B, 0x71, 0x22, 0x93, 0xD3, 0x76, 0x4F, 0x3A, 0x9A, 0xB3, 0xBB, 0x02, 0x2D, 0xBB, 0x6B,
    0x56, 0x3E, 0x67, 0x9F, 0xE7, 0x97, 0x25, 0xE4, 0x22, 0xFD, 0x8A, 0x67, 0x9F, 0xC6, 0x57, 0x32,
    0xE5, 0xA9, 0x14, 0x23, 0xDB, 0xFC, 0x3F, 0x3B, 0xF8, 0xAA, 0xD8, 0xA9, 0x58, 0xFB, 0x96, 0x1D,
    0x3C, 0xC2, 0x2E, 0xD6, 0x32, 0x1C, 0x13, 0x08, 0x14, 0xB2, 0x02, 0x40, 0xC4, 0x05, 0xF2, 0x60,
    0x93, 0x00, 0x98, 0xC6, 0xFC, 0x85, 0x1C, 0x68, 0x78, 0x23, 0xE9, 0x13, 0x3E, 0x79, 0xFD, 0xB6,
    0xBF, 0xDC, 0x05, 0xEE, 0xF2, 0x56, 0xBB, 0x33, 0xE7, 0x57, 0xB2, 0xE0, 0xD7, 0xC4, 0xB2, 0x93,
    0xA1, 0x3D, 0x30, 0x9B, 0x0D, 0xFB, 0x67, 0xE5, 0xA2, 0x54, 0xBE, 0x6A, 0xC2, 0x90, 0xAD, 0x74,
    0x72, 0xE4, 0xF3, 0xD7, 0x1C, 0x7A, 0x65, 0x75, 0x28, 0xB8, 0x5F, 0xFE, 0x00, 0x46, 0x9C, 0x4E,
    0x3F, 0x83, 0x7B, 0xF1, 0x71, 0x41, 0x07, 0x08, 0xF0, 0xC2, 0x8C, 0xC3, 0x14, 0xC0, 0x35, 0xE8,
    0x52, 0x32, 0x67, 0xC7, 0x64, 0x9C, 0xA9, 0x4C, 0x60, 0x01, 0x54, 0xB8, 0xBB, 0xE0, 0xEC, 0xC9,
    0x47, 0x7B, 0x53, 0xF2, 0x39, 0x29, 0xEF, 0x33, 0xE1, 0x09, 0x80, 0x65, 0x1C, 0x50, 0xD2, 0x69,
    0x5F, 0xD9, 0x2A, 0x9F, 0x9B, 0x0D, 0x3C, 0xE8, 0x10, 0x3D, 0xAD, 0xF8, 0x8C, 0x4D, 0x76, 0xDE,
    0x6C, 0x7C, 0x07, 0x17, 0x7E, 0xB9, 0x7A, 0x01, 0xC3, 0x23, 0xA8, 0x4B, 0xFD, 0x4A, 0xDB, 0x8D,
    0x6A, 0x00, 0x16, 0x9A, 0x72, 0x4E, 0xD8, 0x56, 0x0D, 0x76, 0x42, 0xCB, 0x1D, 0xE9, 0x9F, 0xC5,
    0xB8, 0x6A, 0xEC, 0xC8, 0x3C, 0x58, 0x42, 0x10, 0x3B, 0xE1, 0xB0, 0x6D, 0xB7, 0xB7, 0x4C, 0x76,
    0x0B, 0x77, 0x09, 0x07, 0x22, 0x42, 0xD6, 0xE8, 0x99, 0x95, 0x66, 0xEE, 0x9A, 0x92, 0x37, 0x90,
    0x19, 0x94, 0x9D, 0x40, 0x6F, 0x2D, 0x13, 0x21, 0x3B, 0x42, 0x37, 0xB2, 0x93, 0x0E, 0xD2, 0xCF,
    0x9B, 0x72, 0xA3, 0x68, 0xEC, 0xDB, 0x50, 0x8C, 0xE8, 0x14, 0xEC, 0x1D, 0x5E, 0x34, 0x4A, 0x02,
    0x32, 0x58, 0xB4, 0x90, 0x81, 0x81, 0x08, 0x2A, 0x6B, 0x40, 0x05, 0x81, 0x6D, 0x41, 0x06, 0x32,
    0x30, 0xD2, 0x81, 0x29, 0x67, 0x57, 0x88, 0x2B, 0x3D, 0xD1, 0xD7, 0x21, 0x36, 0x9E, 0x87, 0x93,
    0xF1, 0x9C, 0x88, 0x24, 0x47, 0x71, 0x52, 0x3A, 0xC6, 0x93, 0x42, 0x7F, 0x38, 0x39, 0xE9, 0xD7,
    0x4E, 0x56, 0xD3, 0xD5, 0x2B, 0x13, 0xE2, 0x3E, 0xE6, 0x00, 0x27, 0x81, 0x94, 0x72, 0x32, 0x1A,
    0x88, 0x83, 0xF8, 0x92, 0x93, 0x67, 0xF1, 0x25, 0x94, 0xB1, 0xE0, 0x0C, 0x83, 0xCA, 0xD6, 0x69,
    0x63, 0x63, 0x5B, 0x3E, 0x0F, 0x60, 0x00, 0x8B, 0x0C, 0xDB, 0xAF, 0x0F, 0x7B, 0x7B, 0x16, 0x28,
    0x2E, 0x1C, 0x82, 0xBC, 0x21, 0xE5, 0x63, 0xB6, 0x38, 0x1F, 0x8A, 0xEA, 0x47, 0x7F, 0xEE, 0xED,
    0x5D, 0x6E, 0x89, 0x8B, 0xE0, 0x12, 0x82, 0x6E, 0x1B, 0x5B, 0x27, 0xB4, 0x0D, 0x0A, 0xFC, 0x7C,
    0x02, 0x3F, 0xE3, 0x1A, 0x3F, 0x9F, 0xC2, 0xCF, 0x09, 0x1F, 0x81, 0x8E, 0x1D, 0x3E, 0xB8, 0xEC,
    0x43, 0x6D, 0xC2, 0x0A, 0x68, 0x55, 0x02, 0x51, 0x22, 0xF6, 0x5A, 0xE8, 0x60, 0x67, 0xE0, 0xB0,
    0x6C, 0x91, 0xE3, 0xAE, 0xF5, 0xA7, 0x47, 0x92, 0x49, 0xDB, 0x25, 0xD6, 0xC5, 0x44, 0xC7, 0x89,
    0x92, 0xB9, 0xDB, 0x9E, 0x91, 0x11, 0x5E, 0xE8, 0x73, 0x72, 0x2A, 0xB7, 0xFD, 0xB7, 0xED, 0xED,
    0x2F, 0xF6, 0x42, 0xCE, 0x02, 0x3A, 0x6C, 0xE3, 0x0E, 0x98, 0x9B, 0xB4, 0xD8, 0xA6, 0x0D, 0xE8,
    0x31, 0x9F, 0xE1, 0xAE, 0xD5, 0x14, 0x33, 0x66, 0x65, 0x1A, 0xBF, 0xB5, 0xD3, 0x73, 0x74, 0x8D,
    0x27, 0x97, 0x60, 0x0F, 0x30, 0xC4, 0xAD, 0x1F, 0x26, 0xDE, 0x2E, 0xDC, 0x36, 0xB0, 0x7B, 0x97,
    0x16, 0x1C, 0xF5, 0x55, 0x6E, 0x9F, 0xE4, 0xF6, 0x1C, 0xB7, 0xFF, 0xD9, 0x41, 0xE3, 0xA4, 0xED,
    0xF6, 0xF6, 0x2E, 0x11, 0xA9, 0x19, 0xB7, 0x7B, 0x7B, 0xD3, 0x3B, 0xB4, 0x7F, 0xDB, 0xDB, 0x61,
    0xDC, 0x7E, 0x3C, 0x00, 0x40, 0xF2, 0x07, 0x7B, 0x82, 0x16, 0xE0, 0xCA, 0x49, 0x88, 0xA9, 0x52,
    0xEA, 0x96, 0xC7, 0x6D, 0xD2, 0x25, 0x07, 0x29, 0x93, 0x0A, 0xDA, 0xFE, 0x3C, 0xE4, 0x4F, 0x13,
    0x4A, 0xA7, 0x4A, 0x13, 0x18, 0xC7, 0x0B, 0x92, 0x66, 0x64, 0x05, 0x01, 0xD9, 0x42, 0x7C, 0x20,
    0xB2, 0x09, 0x3C, 0x93, 0x98, 0x26, 0x97, 0x3C, 0x32, 0x40, 0x58, 0x4D, 0xBA, 0x25, 0xB3, 0x58,
    0x69, 0xFD, 0x2E, 0x1E, 0xCE, 0x46, 0x81, 0x79, 0x0A, 0x53, 0x1E, 0x34, 0xE8, 0x5A, 0xD2, 0x54,
    0x1C, 0x60, 0xC7, 0xC1, 0xE2, 0x92, 0x7B, 0x97, 0x48, 0x1F, 0x7C, 0x4F, 0x49, 0x59, 0xF9, 0xA6,
    0x03, 0x83, 0x30, 0x46, 0xCA, 0x03, 0xD3, 0x6B, 0x23, 0xCA, 0x85, 0xE0, 0xF2, 0x77, 0xE6, 0x46,
    0x19, 0xD4, 0xD4, 0x38, 0x5C, 0x14, 0xE0, 0xBC, 0xB6, 0x2D, 0x84, 0x68, 0x4A, 0x11, 0x6C, 0x73,
    0xC5, 0xBF, 0x74, 0xAA, 0xE8, 0xA6, 0x42, 0xCE, 0x24, 0x85, 0x62, 0xFF, 0x96, 0xE7, 0x8C, 0x5E,
    0x2A, 0x44, 0xEE, 0xE6, 0x8E, 0xF5, 0xAF, 0xEC, 0x06, 0xDB, 0xDB, 0x05, 0x29, 0x58, 0x40, 0x27,
    0xBB, 0x31, 0x58, 0x0F, 0x78, 0xC5, 0x4E, 0x43, 0x34, 0x87, 0xE4, 0xB3, 0x0A, 0x83, 0xB4, 0xD3,
    0xF1, 0x53, 0x04, 0x88, 0x64, 0x94, 0xD1, 0x61, 0x37, 0xB3, 0x94, 0x95, 0x72, 0x83, 0x43, 0x4B,
    0x26, 0xA3, 0x42, 0xC2, 0x61, 0xAD, 0x4C, 0xC7, 0x77, 0x14, 0x61, 0x65, 0x52, 0x9F, 0x91, 0xD1,
    0x4C, 0x14, 0x4B, 0xE5, 0x51, 0xD2, 0xD3, 0xA8, 0x5F, 0xDF, 0x11, 0x46, 0x2A, 0x73, 0x78, 0x5D,
    0xA8, 0xF9, 0xE8, 0x99, 0xB5, 0x9D, 0x4D, 0x7B, 0x43, 0xB8, 0xC9, 0xCB, 0xF2, 0x80, 0x33, 0x42,
    0x06, 0xE6, 0xEF, 0xEF, 0x07, 0x78, 0x52, 0x1C, 0x98, 0x02, 0x81, 0x4A, 0xE9, 0xEB, 0x6F, 0x16,
    0x72, 0x85, 0x00, 0xA1, 0x91, 0xE6, 0x10, 0x90, 0xC2, 0x09, 0xC8, 0x8A, 0xC9, 0x7D, 0xE5, 0x94,
    0x25, 0x14, 0xB8, 0x93, 0xB4, 0xC4, 0xD8, 0xFC, 0xBA, 0xF2, 0x0D, 0x4E, 0x9A, 0x13, 0xD5, 0x89,
    0x7E, 0xE5, 0xD7, 0xF9, 0x65, 0x93, 0x5E, 0xAF, 0xEA, 0x79, 0x55, 0x4A, 0xB4, 0xAE, 0xF9, 0x25,
    0xFC, 0xAA, 0x27, 0x58, 0xD3, 0x05, 0x19, 0x10, 0xBE, 0xA4, 0xBB, 0xE4, 0xE6, 0x17, 0x81, 0xE9,
    0xDA, 0xC3, 0x67, 0x00, 0x9A, 0x44, 0x09, 0x64, 0x53, 0xF0, 0x62, 0xF3, 0x39, 0x4E, 0x32, 0x39,
    0x2C, 0x1E, 0x35, 0x39, 0xC0, 0xA4, 0xE6, 0xD3, 0x78, 0x0A, 0x65, 0xEB, 0x23, 0x1E, 0xDB, 0xF3,
    0xE9, 0x31, 0x8C, 0xDC, 0x00, 0xFD, 0x17, 0x95, 0xED, 0xE4, 0x70, 0x25, 0x50, 0x15, 0xAD, 0x46,
    0x46, 0x3D, 0x03, 0x1F, 0x92, 0xC3, 0x98, 0x19, 0x30, 0xA6, 0x49, 0xC7, 0xB9, 0xBB, 0xD5, 0x12,
    0x1B, 0x6B, 0xDC, 0x04, 0x6A, 0x9E, 0x1C, 0x9E, 0xE2, 0x26, 0xD8, 0x96, 0x85, 0x6C, 0x83, 0x45,
    0x20, 0xDB, 0x49, 0x17, 0xCA, 0x36, 0x9D, 0x85, 0x00, 0xE3, 0x6E, 0x68, 0xEB, 0xD2, 0xB6, 0xA1,
    0xFD, 0x91, 0x30, 0xC6, 0xD0, 0x12, 0x6F, 0xBE, 0x22, 0x7C, 0x5B, 0x30, 0x44, 0x10, 0x57, 0x66,
    0x9D, 0xA8, 0x7F, 0xFB, 0xBF, 0xDC, 0x2E, 0xE4, 0xEF, 0x8C, 0x7D, 0xF8, 0xCE, 0xCD, 0x02, 0xFB,
    0x9C, 0xE8, 0x90, 0xA5, 0x1D, 0x56, 0xB5, 0x26, 0x47, 0x71, 0x23, 0x9A, 0x2A, 0xC0, 0x4C, 0x29,
    0x50, 0xA9, 0x0E, 0x08, 0x57, 0x01, 0xA7, 0xB4, 0x01, 0xD7, 0xBE, 0x25, 0xDA, 0xC2, 0x01, 0x07,
    0x97, 0xB7, 0x72, 0xB7, 0x9A, 0x8A, 0x8C, 0x4C, 0x06, 0x00, 0x29, 0xBA, 0x00, 0xD4, 0x0A, 0x39,
    0xC3, 0x3B, 0xC5, 0x3D, 0x51, 0xD9, 0xD8, 0x82, 0x6A, 0x4D, 0x4E, 0x8E, 0x2B, 0x82, 0x9D, 0x58,
    0x10, 0x0E, 0xFA, 0xB4, 0xAA, 0x66, 0x9B, 0x4C, 0x4F, 0xC6, 0x73, 0xF2, 0xF7, 0x68, 0x11, 0x0D,
    0x7A, 0x25, 0xB5, 0xE4, 0xB2, 0x26, 0xEF, 0xCF, 0x1A, 0x1E, 0x95, 0xCB, 0xAB, 0x19, 0x15, 0x04,
    0x20, 0x46, 0x0C, 0x86, 0x3D, 0x33, 0x31, 0x29, 0xE3, 0x5B, 0x3B, 0x8E, 0x22, 0xF8, 0x78, 0x0A,
    0x6D, 0x99, 0xF4, 0x3D, 0x2F, 0xD0, 0x93, 0xFA, 0x88, 0x54, 0x03, 0xBA, 0xCC, 0xD3, 0x5A, 0xE8,
    0xFD, 0xF7, 0x5D, 0x40, 0xBE, 0x9E, 0xCF, 0x84, 0xCE, 0xE4, 0x64, 0xD2, 0x63, 0xFE, 0xF3, 0x99,
    0x30, 0x1D, 0xE9, 0x29, 0xA9, 0x1F, 0x58, 0x61, 0xA1, 0x07, 0x25, 0x6D, 0xB9, 0xF2, 0x13, 0x52,
    0x2E, 0x22, 0xE7, 0x94, 0x11, 0x84, 0x1C, 0x72, 0x0E, 0x79, 0x22, 0x37, 0x29, 0x0F, 0xCE, 0x2E,
    0x9C, 0xEA, 0x3B, 0x21, 0x63, 0x09, 0xD8, 0x95, 0x8D, 0x4B, 0x37, 0xB7, 0xD8, 0xCB, 0xA1, 0x48,
    0xA9, 0x52, 0xE4, 0x3F, 0x17, 0xB1, 0x32, 0x87, 0x42, 0x11, 0xF7, 0x16, 0x3A, 0xF4, 0x50, 0x41,
    0x2F, 0x1E, 0xB2, 0x90, 0xC4, 0x8B, 0xED, 0x40, 0x4D, 0x99, 0x5B, 0xFD, 0x8B, 0xA8, 0x63, 0x08,
    0xB4, 0xC2, 0x45, 0x20, 0x8A, 0x53, 0x48, 0xCE, 0x15, 0x92, 0x6F, 0x85, 0xC3, 0x0B, 0x00, 0x30,
    0xF1, 0xF7, 0xED, 0x6C, 0x63, 0x7B, 0x91, 0x84, 0xB8, 0x18, 0xB7, 0x4A, 0x28, 0x29, 0xE0, 0x17,
    0x43, 0x4E, 0xAB, 0x6C, 0x20, 0x9D, 0x88, 0x9E, 0x78, 0xCA, 0x49, 0x1B, 0x12, 0x8B, 0x92, 0x09,
    0x11, 0x28, 0x58, 0x40, 0x7F, 0x4D, 0x7F, 0x2C, 0xE3, 0x0D, 0x06, 0xDC, 0x28, 0xB5, 0xFF, 0x58,
    0x09, 0x1F, 0x10, 0xEC, 0x9E, 0x0A, 0x4F, 0x88, 0x15, 0xA4, 0xB5, 0xB4, 0x8D, 0xF8, 0x33, 0x9B,
    0xC9, 0x4F, 0xE9, 0xFE, 0xF8, 0x73, 0xA5, 0xC1, 0x1C, 0x3F, 0xCB, 0x42, 0x7E, 0x0A, 0x27, 0x59,
    0x40, 0xD2, 0xA7, 0xC3, 0x25, 0xB9, 0x2F, 0x99, 0x5D, 0x8A, 0x8D, 0xD0, 0xD0, 0xF2, 0xC1, 0xE6,
    0x84, 0x9F, 0x67, 0x9D, 0x16, 0x54, 0x43, 0x75, 0xF9, 0x2E, 0x0E, 0x7F, 0xCC, 0x90, 0x91, 0xA3,
    0xDF, 0x98, 0xCC, 0x01, 0x0C, 0x60, 0xFB, 0xF3, 0x72, 0x4B, 0x08, 0xB2, 0x47, 0x44, 0xA9, 0x8C,
    0xD6, 0xCF, 0xBE, 0xC5, 0x2E, 0x26, 0x7D, 0xB8, 0x54, 0x0B, 0x55, 0x08, 0xEA, 0x09, 0x97, 0xFC,
    0x1F, 0x2A, 0x20, 0xA0, 0xF2, 0x84, 0x9D, 0xF9, 0x87, 0xA4, 0x8E, 0xDA, 0x7D, 0xE9, 0x6B, 0x0B,
    0xFA, 0xA5, 0x58, 0xA2, 0x12, 0x16, 0x40, 0xAB, 0xB7, 0x3F, 0xA0, 0x32, 0xF9, 0x86, 0xBD, 0x59,
    0x1D, 0x5E, 0xEA, 0xAB, 0x42, 0x34, 0xB8, 0x3C, 0xAF, 0x31, 0xA1, 0x3F, 0x14, 0x73, 0xAE, 0x88,
    0x7E, 0x66, 0xC1, 0xE3, 0xBB, 0xAC, 0x91, 0x13, 0xA7, 0x4D, 0xA1, 0xF3, 0x44, 0x91, 0xE3, 0x45,
    0x4C, 0xDC, 0x2D, 0x27, 0xF0, 0x8F, 0x3C, 0xB1, 0x03, 0x33, 0x2F, 0x54, 0xCB, 0x4F, 0x05, 0xA0,
    0xD9, 0xBC, 0x08, 0xD0, 0x75, 0x40, 0xDB, 0xDA, 0xD8, 0xBF, 0x59, 0xC0, 0x84, 0x9C, 0x4E, 0x30,
    0xF5, 0x95, 0x9F, 0xF8, 0xC1, 0xFD, 0x08, 0x86, 0xED, 0x2D, 0xC8, 0x4D, 0x5C, 0xDA, 0x6E, 0xEC,
    0xFC, 0x66, 0x7B, 0x79, 0xEA, 0x0F, 0xFB, 0x01, 0xBA, 0x04, 0x3C, 0xC9, 0x9A, 0x43, 0xF4, 0x06,
    0x2A, 0x0A, 0x54, 0xAF, 0xED, 0x87, 0x69, 0x32, 0x2C, 0xDC, 0x76, 0xEF, 0xF2, 0xE1, 0xDE, 0xE2,
    0x29, 0x70, 0x9C, 0xC5, 0x55, 0x6C, 0xFB, 0x27, 0xB0, 0xBD, 0xC2, 0xED, 0x8B, 0xA7, 0xB1, 0x3D,
    0xE5, 0xB5, 0xC5, 0x77, 0x77, 0x9B, 0xDC, 0x71, 0x1B, 0x73, 0x3B, 0x69, 0xE3, 0x02, 0xA8, 0x92,
    0xD6, 0xE4, 0x44, 0x35, 0x45, 0x4D, 0x4D, 0x6A, 0xA2, 0x4A, 0xB2, 0x65, 0xD6, 0x3F, 0x79, 0xB1,
    0xC6, 0x73, 0x3D, 0x0B, 0x4E, 0xDA, 0x6D, 0xB1, 0x71, 0x36, 0xB6, 0xED, 0x83, 0x10, 0xEB, 0xA2,
    0xC6, 0x25, 0x02, 0x90, 0x80, 0xFF, 0xE5, 0x82, 0x9D, 0x99, 0x36, 0xCC, 0x9D, 0xFE, 0xA1, 0xD2,
    0xCF, 0x44, 0x9D, 0x83, 0xE2, 0xBB, 0x79, 0x5A, 0xC9, 0x13, 0x03, 0x53, 0xAC, 0x49, 0xC1, 0x11,
    0x55, 0x11, 0x83, 0xFE, 0x4D, 0xA2, 0x50, 0x5B, 0xD2, 0x64, 0x42, 0xA8, 0x03, 0x15, 0xAD, 0x3D,
    0x35, 0x47, 0x15, 0xA7, 0x94, 0x5E, 0x69, 0x05, 0x8E, 0xA3, 0x7F, 0x6A, 0x45, 0xEE, 0xA8, 0x8C,
    0x15, 0xEA, 0xFF, 0x9E, 0x31, 0x17, 0x16, 0xA9, 0x48, 0x57, 0xBB, 0x88, 0x6D, 0x13, 0x08, 0xFE,
    0x5D, 0x98, 0x9B, 0xCD, 0x85, 0x51, 0x5E, 0x80, 0x3F, 0xA8, 0x45, 0x74, 0x12, 0x4C, 0xE8, 0x24,
    0x78, 0xCB, 0x13, 0x10, 0xAF, 0xC0, 0x2E, 0x39, 0x2A, 0x63, 0x82, 0xA2, 0x65, 0x0B, 0x28, 0x52,
    0xD9, 0xB0, 0x63, 0x0F, 0x60, 0xF3, 0xBD, 0x09, 0xE3, 0xD1, 0xCE, 0x2A, 0x19, 0xC9, 0x63, 0x66,
    0xA3, 0x10, 0x74, 0x13, 0xFD, 0xA6, 0x48, 0x80, 0xF5, 0x3D, 0x1C, 0x35, 0x32, 0x77, 0x32, 0xCA,
    0xCC, 0xC2, 0x7E, 0x0C, 0x23, 0xCB, 0x61, 0xAA, 0x52, 0x33, 0xE9, 0x08, 0x25, 0x67, 0x72, 0x4E,
    0x69, 0x59, 0xD0, 0x0A, 0x8D, 0xE6, 0xB7, 0x3B, 0xC1, 0x2B, 0x02, 0xB5, 0x4B, 0x2B, 0xBD, 0xD5,
    0x94, 0xB6, 0xEE, 0x0C, 0x54, 0x29, 0xF8, 0x03, 0x53, 0x12, 0xC6, 0x2C, 0x3A, 0x3B, 0x71, 0xFD,
    0xA5, 0x06, 0x97, 0x0D, 0x30, 0x95, 0x23, 0xEB, 0x0C, 0x79, 0x6A, 0xE6, 0x00, 0x26, 0xF5, 0xB1,
    0xCD, 0x1B, 0x19, 0xA8, 0x36, 0xA1, 0x42, 0x26, 0x5F, 0xF3, 0xB3, 0xB8, 0xDB, 0x81, 0x74, 0x00,
    0x3A, 0x46, 0x02, 0xE4, 0xC5, 0x2C, 0x89, 0xF0, 0x54, 0xCB, 0xA0, 0xA6, 0x7D, 0x1F, 0xCF, 0xD5,
    0xF9, 0x64, 0x15, 0x05, 0xD3, 0x26, 0x9B, 0xAA, 0xB6, 0x45, 0x21, 0x99, 0xFF, 0x90, 0x9A, 0x50,
    0xFC, 0x3B, 0x75, 0x53, 0xA8, 0x24, 0xA5, 0xD2, 0x45, 0xF1, 0xBC, 0x86, 0xB3, 0x4E, 0xC9, 0x55,
    0x2A, 0x38, 0xAA, 0x44, 0xAC, 0x9F, 0x3C, 0x6B, 0x9F, 0x33, 0xA3, 0xE3, 0x05, 0xF8, 0x31, 0xF3,
    0x08, 0xF1, 0x29, 0xA5, 0x83, 0x58, 0x35, 0x1F, 0xE7, 0xD5, 0x30, 0x93, 0x43, 0xE7, 0x71, 0x98,
    0xB6, 0xA3, 0xA3, 0x4C, 0x51, 0x54, 0x35, 0x14, 0x47, 0x34, 0xDD, 0x28, 0xDF, 0x45, 0xBD, 0x36,
    0x66, 0x1F, 0x28, 0x27, 0xE0, 0x6B, 0x01, 0xAB, 0x19, 0x79, 0x32, 0x08, 0x78, 0xA1, 0x1C, 0x6F,
    0xD2, 0xAA, 0x6E, 0x93, 0x15, 0xDA, 0xCB, 0x5E, 0xC5, 0x46, 0xDC, 0x68, 0xE7, 0x73, 0xA5, 0xE5,
    0x40, 0xAD, 0x9F, 0x99, 0x82, 0x23, 0xAB, 0xF5, 0x51, 0x65, 0xA8, 0x8F, 0x1A, 0xF4, 0x70, 0xD0,
    0x5F, 0xD5, 0x0E, 0x38, 0x30, 0xC5, 0xEA, 0xBF, 0xA1, 0x62, 0xB2, 0xE2, 0xEB, 0x71, 0x9E, 0x94,
    0x63, 0xDD, 0x77, 0x20, 0x52, 0xC6, 0x4C, 0x65, 0x0A, 0xAA, 0x7B, 0xD5, 0x3B, 0x08, 0x28, 0xCD,
    0xA8, 0x4A, 0x2C, 0x34, 0x57, 0x2C, 0x2D, 0xF9, 0x87, 0xE9, 0x49, 0xA1, 0x39, 0xDF, 0x54, 0x37,
    0xF7, 0x2E, 0x77, 0x32, 0x77, 0xA2, 0x3A, 0xD5, 0x82, 0x34, 0x32, 0x68, 0x99, 0x9E, 0x17, 0xE9,
    0x17, 0xA0, 0x07, 0xC2, 0x3D, 0x46, 0xBD, 0x44, 0x00, 0x50, 0xF9, 0x6F, 0x74, 0xF6, 0xB5, 0xCE,
    0x7C, 0x23, 0x6B, 0xA3, 0xD6, 0x45, 0xDD, 0x2D, 0xEE, 0xDD, 0x1C, 0x9E, 0xC3, 0x2C, 0xA7, 0x0F,
    0xC8, 0xC5, 0xF1, 0x2B, 0xB2, 0x89, 0x5A, 0xB9, 0x43, 0xD8, 0x53, 0x78, 0xD1, 0x7A, 0x7F, 0x50,
    0x4D, 0x78, 0xE3, 0xCC, 0x63, 0x58, 0x84, 0xD7, 0xE0, 0x27, 0x59, 0x14, 0x93, 0xF9, 0x79, 0xE0,
    0x51, 0x11, 0xF6, 0x51, 0x0D, 0x8C, 0xA3, 0x4C, 0x1E, 0x68, 0x55, 0x19, 0x5E, 0x83, 0xBE, 0x94,
    0xFA, 0xBF, 0x11, 0x61, 0xFA, 0x84, 0xE0, 0x48, 0x2E, 0x8A, 0x56, 0x7A, 0xEB, 0x70, 0xAF, 0x7A,
    0x5D, 0x5A, 0xFC, 0xC6, 0x69, 0x70, 0x3A, 0xD8, 0x2D, 0x28, 0x49, 0x3D, 0x37, 0xD9, 0xE1, 0xDE,
    0xE5, 0xB9, 0x8C, 0x55, 0x90, 0x15, 0xC4, 0x9D, 0xE1, 0xB6, 0x9F, 0x50, 0x8C, 0x23, 0x82, 0x11,
    0xD9, 0x68, 0x6A, 0xC0, 0xF5, 0x41, 0x45, 0x3F, 0x52, 0xC5, 0x8B, 0xB6, 0x11, 0x7D, 0x6E, 0x1C,
    0xE5, 0xC4, 0x8F, 0xD2, 0x6F, 0x3E, 0x09, 0x82, 0xB8, 0x42, 0xE3, 0x64, 0x2A, 0x06, 0x5F, 0x35,
    0x5C, 0xB0, 0x10, 0xEC, 0x03, 0x24, 0xA0, 0xC0, 0xE6, 0x5E, 0x68, 0x54, 0xC1, 0x0B, 0x8E, 0xA5,
    0x0B, 0xE0, 0xEA, 0x68, 0xB8, 0x5F, 0x5A, 0xCC, 0x64, 0x2C, 0x42, 0x56, 0x03, 0xF8, 0x0B, 0xE0,
    0x9F, 0x34, 0x99, 0xB2, 0x74, 0x52, 0x1A, 0x25, 0x42, 0xEE, 0x3D, 0xB9, 0x32, 0xEB, 0x70, 0x4B,
    0x50, 0x3D, 0x0D, 0xB6, 0xAB, 0x6F, 0x6D, 0xE9, 0xB3, 0xB3, 0xDA, 0x41, 0x68, 0x14, 0x82, 0xBC,
    0x4C, 0xF0, 0xED, 0x73, 0x82, 0xD7, 0x01, 0xD4, 0xCE, 0xE4, 0x5A, 0x4F, 0xDF, 0xAF, 0x68, 0x77,
    0x80, 0xFF, 0x2B, 0x96, 0xD6, 0x37, 0xE1, 0x93, 0xFD, 0xF0, 0xD7, 0x7D, 0xF5, 0x16, 0x9B, 0x7A,
    0xC3, 0x6C, 0x54, 0xC6, 0xFE, 0x29, 0xFE, 0x4C, 0x50, 0x9C, 0x64, 0x30, 0xAE, 0xED, 0xA8, 0x7E,
    0xF5, 0xCF, 0x8F, 0xFE, 0x66, 0x6B, 0xF5, 0x0C, 0xDC, 0xDD, 0x18, 0xC6, 0xC9, 0xD7, 0x2C, 0x77,
    0x36, 0x1E, 0x9C, 0x57, 0x0F, 0x75, 0x56, 0xE6, 0x85, 0x7F, 0x43, 0xD2, 0xEC, 0xC7, 0xF8, 0x7B,
    0x6A, 0xD2, 0x3C, 0x15, 0x35, 0xE7, 0xA1, 0x03, 0x9A, 0x8F, 0x44, 0x7D, 0x75, 0xBD, 0xAF, 0x5E,
    0xDA, 0x35, 0x27, 0x7C, 0xCE, 0x8F, 0xEC, 0x01, 0x20, 0xF6, 0xDC, 0x09, 0x7A, 0xCB, 0xF2, 0xB7,
    0x49, 0x7F, 0xB7, 0xFC, 0xED, 0x29, 0x6E, 0x95, 0xE3, 0xE9, 0x89, 0xDE, 0xDC, 0xFE, 0x73, 0xE6,
    0xD2, 0x21, 0x1E, 0x0F, 0x6D, 0xE5, 0x7E, 0x67, 0x92, 0x63, 0xB6, 0x7B, 0xE7, 0xEC, 0x4C, 0x38,
    0x67, 0x65, 0x7D, 0x8F, 0xF0, 0xEE, 0x08, 0xBE, 0x37, 0xC8, 0x10, 0x51, 0x97, 0x03, 0xBA, 0xE7,
    0xD1, 0x93, 0x6C, 0x0E, 0xA1, 0xA8, 0xBE, 0x49, 0x31, 0x22, 0xD2, 0x02, 0xE8, 0x4A, 0x19, 0xD1,
    0x44, 0x35, 0xA8, 0x94, 0x7E, 0xCC, 0x5E, 0x89, 0x35, 0xEA, 0x3D, 0xAE, 0xCC, 0x8D, 0xF3, 0x79,
    0x2A, 0x52, 0xE3, 0x02, 0x1C, 0x8B, 0xD4, 0x2E, 0xA6, 0xA8, 0x8E, 0x9C, 0xB2, 0x0A, 0xAF, 0x22,
    0x2D, 0x32, 0x4B, 0x63, 0xCA, 0x5D, 0xE8, 0x2E, 0x00, 0x4D, 0x52, 0x48, 0x2D, 0xC8, 0x26, 0xC6,
    0x27, 0x94, 0x9E, 0xA4, 0xE4, 0x07, 0x4D, 0x34, 0x0A, 0xFA, 0x19, 0xAE, 0x0F, 0xE8, 0x67, 0x4D,
    0x19, 0x43, 0x30, 0x14, 0x7A, 0xD2, 0x33, 0x70, 0x92, 0xF3, 0xDE, 0xBF, 0x0A, 0x67, 0x3F, 0x04,
    0x60, 0x39, 0x67, 0xCF, 0x93, 0xD9, 0xCE, 0x70, 0x59, 0xC8, 0x89, 0xBE, 0xD6, 0xD6, 0x41, 0xC9,
    0x3A, 0x28, 0x81, 0xBF, 0x01, 0xC5, 0x87, 0x13, 0xC1, 0x3B, 0x85, 0x57, 0xCD, 0x31, 0x55, 0x67,
    0xC7, 0x81, 0x29, 0xCE, 0x57, 0xE7, 0x76, 0x70, 0x6E, 0x66, 0xE9, 0xEB, 0xA3, 0xB5, 0xF3, 0x35,
    0xCB, 0x80, 0x5B, 0xEF, 0x70, 0xA6, 0x91, 0xE8, 0xBC, 0xCE, 0x24, 0x3B, 0x75, 0x3D, 0x8F, 0xF2,
    0xA9, 0x6A, 0x46, 0xB6, 0x1C, 0xDA, 0xE5, 0x61, 0x19, 0x05, 0xB8, 0x90, 0x77, 0x47, 0x43, 0x43,
    0x56, 0xFF, 0xB2, 0x1A, 0x9A, 0x0A, 0xFD, 0x6C, 0xD7, 0x39, 0x97, 0xC3, 0x21, 0x6C, 0xDD, 0x2C,
    0x0A, 0x8C, 0x3E, 0x0B, 0xD8, 0xEA, 0xE1, 0x60, 0x06, 0x6E, 0xEC, 0x41, 0xAF, 0xC8, 0xCD, 0xE9,
    0x49, 0xDA, 0x71, 0x0A, 0x43, 0x37, 0x6B, 0x74, 0x10, 0x4D, 0x47, 0xB8, 0x03, 0xBE, 0xCE, 0x8B,
    0xED, 0xA7, 0x85, 0xF7, 0x2A, 0xC2, 0xDA, 0xF9, 0xB3, 0x65, 0x42, 0xEE, 0x73, 0x40, 0x17, 0xB3,
    0x74, 0x32, 0x53, 0xCF, 0x36, 0x1A, 0xF5, 0xEA, 0xDE, 0x36, 0xF9, 0xCD, 0x3D, 0xF2, 0x67, 0xF9,
    0x19, 0xAD, 0x40, 0x3C, 0x57, 0xC8, 0x1C, 0xF9, 0x84, 0x85, 0x61, 0x20, 0xE5, 0x34, 0x64, 0xE8,
    0x82, 0x3E, 0x93, 0x42, 0xB4, 0x05, 0xAA, 0xEA, 0xF0, 0xA8, 0xD0, 0xE9, 0x16, 0x82, 0x31, 0x0E,
    0x94, 0x8B, 0xE0, 0x5F, 0xCE, 0xBD, 0x28, 0x3C, 0x3D, 0x50, 0x29, 0x08, 0xE5, 0x4E, 0x7D, 0x76,
    0x93, 0x71, 0x92, 0x82, 0xC5, 0xF8, 0x0C, 0x27, 0x13, 0x45, 0x25, 0x90, 0x3B, 0x12, 0xC0, 0xB9,
    0x75, 0x81, 0x1D, 0x4C, 0xD8, 0x82, 0x24, 0x53, 0xE7, 0x4D, 0x50, 0x15, 0x72, 0x7D, 0x3E, 0xCB,
    0xA1, 0xE1, 0x05, 0xD0, 0x8E, 0x52, 0xEA, 0x73, 0x50, 0xF7, 0x85, 0x53, 0xCA, 0x1D, 0xFF, 0x12,
    0xEC, 0xA4, 0xD7, 0x3B, 0xCA, 0xC0, 0x35, 0xA4, 0xC1, 0xC0, 0xD3, 0x94, 0x8F, 0x96, 0x29, 0x90,
    0x4B, 0xF0, 0x68, 0xA1, 0x90, 0x09, 0x3D, 0x36, 0x80, 0x63, 0xA0, 0x0D, 0x23, 0x55, 0x7F, 0x27,
    0xB0, 0xA4, 0xCD, 0xE4, 0x21, 0x0D, 0x3E, 0x89, 0xB4, 0xFA, 0x39, 0xBD, 0xF7, 0x02, 0xC2, 0x60,
    0x5E, 0x36, 0x70, 0xC2, 0xC9, 0xBE, 0xA8, 0xA5, 0x97, 0xEC, 0xB0, 0x65, 0x6F, 0x5E, 0x82, 0x24,
    0x5B, 0xC0, 0xE5, 0x22, 0x7D, 0x8C, 0xED, 0x3C, 0xB3, 0x31, 0xFD, 0x6F, 0xF7, 0x6C, 0x39, 0x05,
    0xFF, 0x0C, 0xF4, 0x10, 0x0C, 0x8B, 0x92, 0x4C, 0x4E, 0xFE, 0x92, 0xDE, 0x78, 0xC4, 0xEF, 0x4A,
    0x46, 0x45, 0x10, 0x71, 0x73, 0xEA, 0x92, 0xF2, 0xA1, 0xA4, 0x75, 0x4A, 0x12, 0xA4, 0xA1, 0x77,
    0x54, 0xFC, 0x39, 0x9A, 0xB4, 0xAE, 0x49, 0x34, 0x73, 0x4D, 0xB2, 0xC2, 0x35, 0x59, 0xB8, 0x26,
    0x13, 0x34, 0xD9, 0xA4, 0xBC, 0x57, 0x7E, 0x6E, 0x81, 0xEB, 0xA4, 0x30, 0x02, 0x79, 0x7D, 0x6A,
    0x9D, 0xAA, 0x67, 0xC6, 0x33, 0x23, 0x9F, 0x2D, 0x1D, 0x81, 0xA5, 0x83, 0xE7, 0xB4, 0xEE, 0x40,
    0x70, 0xE3, 0x18, 0x0A, 0x3A, 0xF4, 0x88, 0xAC, 0xA8, 0x00, 0x98, 0x57, 0x20, 0x2C, 0xFA, 0xFC,
    0x86, 0xB5, 0x37, 0x78, 0x3A, 0xED, 0xD6, 0x14, 0xCC, 0xE3, 0x06, 0x14, 0x1D, 0xC0, 0x3C, 0x1D,
    0x58, 0x0D, 0x26, 0x25, 0x56, 0xF9, 0x7F, 0x50, 0x4D, 0xBD, 0xFF, 0x87, 0x57, 0x47, 0x73, 0xE7,
    0x14, 0x72, 0xE2, 0x21, 0x7F, 0x3B, 0xA7, 0xCF, 0xB9, 0xD3, 0x9D, 0x9E, 0x8E, 0x67, 0x7A, 0x3A,
    0x2F, 0x78, 0x5A, 0xF8, 0xFA, 0x40, 0x4B, 0xBF, 0x8D, 0xE6, 0x0C, 0x46, 0xD4, 0xC9, 0xCF, 0xAC,
    0x7A, 0x98, 0x1C, 0x54, 0x1C, 0x0C, 0x3C, 0x6D, 0x64, 0xEB, 0xC3, 0x48, 0xD6, 0x74, 0x42, 0x0D,
    0x1C, 0x03, 0x1A, 0x7A, 0xF1, 0x04, 0x20, 0xD8, 0x20, 0x0D, 0xCA, 0x04, 0x5D, 0x13, 0x16, 0x97,
    0x75, 0xA2, 0x36, 0xC6, 0x83, 0x10, 0x69, 0x68, 0x8B, 0x0C, 0x31, 0x4C, 0x6A, 0x11, 0xAA, 0x71,
    0x56, 0xE3, 0x03, 0xE4, 0xE0, 0xBD, 0x08, 0x09, 0x5B, 0x44, 0x87, 0x4B, 0x44, 0x84, 0x83, 0x0A,
    0xC1, 0xE1, 0x18, 0x07, 0xC3, 0x5E, 0x7D, 0x84, 0xD2, 0x32, 0xFB, 0x43, 0x0F, 0x4E, 0x86, 0xAD,
    0xB0, 0x07, 0x76, 0x57, 0xA2, 0xA8, 0x4D, 0xFD, 0xB3, 0xFC, 0x74, 0x0C, 0xA3, 0xCB, 0x81, 0xE2,
    0xA4, 0xA2, 0xBF, 0x7A, 0x86, 0xEE, 0xCF, 0x54, 0x43, 0x82, 0xD9, 0x05, 0xCF, 0x38, 0x08, 0x86,
    0xBC, 0x04, 0xF4, 0xF4, 0x26, 0x48, 0x47, 0x4C, 0x5F, 0xB9, 0x6D, 0x01, 0x3E, 0x2D, 0xA4, 0x4B,
    0xB2, 0x01, 0x49, 0xD3, 0x44, 0x62, 0x24, 0x5D, 0xD4, 0x41, 0xA0, 0x2B, 0x7E, 0xEE, 0x2B, 0x4E,
    0x3B, 0x7F, 0x3D, 0xE8, 0x15, 0x1E, 0x76, 0x6D, 0xDA, 0xC9, 0x93, 0x5D, 0xD3, 0x99, 0xB0, 0x56,
    0xD7, 0xB4, 0x10, 0x1E, 0xEA, 0x9A, 0x0A, 0xA5, 0xFB, 0xA6, 0x42, 0xFE, 0xBE, 0xA9, 0x70, 0x07,
    0xDF, 0x74, 0xD2, 0xFB, 0xA6, 0x22, 0xCC, 0x7C, 0x53, 0x91, 0x0E, 0xBE, 0xA9, 0x6C, 0x7D, 0x53,
    0x93, 0xFE, 0xDA, 0x37, 0x35, 0xF9, 0xEB, 0xBE, 0xA9, 0xF0, 0x36, 0xDF, 0xD4, 0x94, 0x83, 0x6F,
    0x6A, 0x2A, 0x36, 0xDD, 0x04, 0x7B, 0xB0, 0x8D, 0x2A, 0x4C, 0x2D, 0x79, 0x28, 0x49, 0x4C, 0xAD,
    0x6D, 0x87, 0x34, 0x41, 0xB1, 0xCA, 0x41, 0xE3, 0x76, 0xE9, 0x45, 0xF0, 0x12, 0x71, 0xB4, 0xCD,
    0x56, 0xC8, 0xCD, 0xFB, 0x1E, 0xD6, 0x48, 0x4E, 0x7E, 0xFE, 0xFB, 0x89, 0x92, 0xD6, 0x53, 0x2D,
    0x49, 0xAF, 0x00, 0x0F, 0xDB, 0x02, 0xF1, 0xD1, 0x85, 0x59, 0xE7, 0x2D, 0xA8, 0x30, 0x45, 0x18,
    0xAC, 0x00, 0x15, 0x6B, 0xD8, 0x23, 0x5F, 0xA8, 0x63, 0x4D, 0x03, 0xEF, 0x6A, 0x48, 0xE1, 0x17,
    0x2D, 0xCA, 0xE4, 0xA7, 0x73, 0xCC, 0x0C, 0x48, 0xF1, 0xA1, 0x56, 0x9A, 0x81, 0x18, 0x17, 0x22,
    0xD1, 0xE2, 0x46, 0x6C, 0xFC, 0xA8, 0x13, 0x61, 0x98, 0x4D, 0x41, 0x90, 0x60, 0xF0, 0xFB, 0xA4,
    0xB9, 0xA2, 0xAC, 0xE5, 0x6E, 0x42, 0x56, 0x0B, 0x11, 0x82, 0x72, 0x37, 0x21, 0x2C, 0x31, 0xBF,
    0x0B, 0xB9, 0x9B, 0x90, 0x16, 0xA4, 0xA8, 0x6B, 0x16, 0x5A, 0xDF, 0x2C, 0x1A, 0x7C, 0xB3, 0xA8,
    0x77, 0xCD, 0x84, 0xD7, 0xBB, 0x66, 0x26, 0x39, 0x74, 0xCD, 0xC0, 0x00, 0xB4, 0x99, 0x0C, 0xC1,
    0x35, 0x13, 0xD3, 0xDA, 0x80, 0x54, 0x6F, 0x30, 0x86, 0x0D, 0x62, 0xED, 0x09, 0x39, 0x90, 0x2B,
    0x43, 0x83, 0x1E, 0xF6, 0x5B, 0x23, 0xC9, 0xFA, 0x68, 0xF8, 0x4A, 0xBC, 0x67, 0x49, 0xB8, 0x3E,
    0x36, 0xC9, 0x43, 0x7E, 0x56, 0xB2, 0x7E, 0x84, 0xA9, 0x3F, 0x34, 0x39, 0xCE, 0xF2, 0xC2, 0xA3,
    0x7C, 0x32, 0x1E, 0x8E, 0x1C, 0x08, 0xE7, 0xE6, 0xAD, 0x3F, 0x7F, 0x1F, 0x54, 0x32, 0xC0, 0x0B,
    0x2F, 0xD9, 0x37, 0x20, 0x91, 0x2A, 0x91, 0x51, 0xC2, 0x3A, 0x8B, 0xC4, 0xBE, 0x72, 0xD9, 0xDE,
    0x10, 0x75, 0xF6, 0xEC, 0x02, 0xB7, 0x63, 0x52, 0x85, 0x06, 0x94, 0xC3, 0x85, 0x73, 0xA0, 0xC8,
    0x01, 0x9F, 0x7A, 0xF1, 0x6E, 0x1E, 0x48, 0xE1, 0x03, 0xDF, 0x0D, 0x17, 0x62, 0x92, 0x87, 0xE0,
    0x0D, 0x3F, 0x00, 0x1E, 0xD9, 0xF9, 0x38, 0x5A, 0xCF, 0xF9, 0xC6, 0x03, 0x1E, 0x99, 0x3D, 0x94,
    0x03, 0x0F, 0xDA, 0xD2, 0x9B, 0xFD, 0xEE, 0x44, 0xEA, 0x71, 0x7D, 0x5F, 0xBF, 0x3E, 0x02, 0x08,
    0xCF, 0x68, 0xC1, 0xCB, 0x7C, 0x0F, 0xAA, 0xE4, 0xB3, 0x6D, 0xF5, 0x53, 0x42, 0x30, 0x53, 0xF0,
    0xC7, 0xF6, 0x0E, 0xFA, 0xFC, 0xE6, 0x1A, 0x19, 0xE8, 0x05, 0x81, 0xDA, 0xE2, 0x91, 0x12, 0x8F,
    0x26, 0xF0, 0x98, 0xF8, 0xC7, 0xE4, 0xD1, 0x34, 0xCE, 0xA4, 0x2F, 0xDF, 0x50, 0xD9, 0xA0, 0xF4,
    0x59, 0x2A, 0x3A, 0x5C, 0xD5, 0xAF, 0x9E, 0x77, 0x93, 0xC9, 0x73, 0x6E, 0x36, 0xE7, 0x4E, 0x63,
    0x9C, 0x8C, 0x96, 0x38, 0xBF, 0x3A, 0x64, 0xC6, 0xEC, 0x5D, 0xA2, 0x0C, 0x21, 0xDF, 0x2C, 0x55,
    0x3F, 0x1C, 0x08, 0x01, 0x76, 0x56, 0xB8, 0x95, 0xEA, 0xF1, 0x93, 0x85, 0x18, 0xE3, 0xF6, 0x46,
    0xA5, 0x56, 0xBC, 0x55, 0x1D, 0x57, 0xB8, 0xC3, 0x57, 0x44, 0xF7, 0x03, 0x51, 0x20, 0xE2, 0x1E,
    0xD2, 0x95, 0x63, 0xC1, 0x62, 0xF2, 0xC1, 0x3B, 0x25, 0x96, 0xAA, 0xD8, 0xF2, 0x43, 0xAF, 0x05,
    0x9E, 0x3F, 0x19, 0x2E, 0x23, 0x6E, 0x21, 0x73, 0x27, 0x13, 0x37, 0x40, 0xCD, 0x1E, 0xCC, 0xE6,
    0xD4, 0xAC, 0x38, 0x11, 0x04, 0x3C, 0x95, 0xF4, 0x45, 0x04, 0x1B, 0x73, 0x3D, 0xA0, 0x6F, 0xD2,
    0x84, 0xB3, 0xA0, 0x12, 0xFF, 0x6B, 0x16, 0x89, 0x60, 0x39, 0xD8, 0xB1, 0x37, 0x65, 0x54, 0xF9,
    0x10, 0xD9, 0x4E, 0x5A, 0x7D, 0xA9, 0xA0, 0xA5, 0x76, 0xBF, 0x8C, 0xFA, 0x59, 0x79, 0x40, 0xD2,
    0x65, 0xB3, 0xE4, 0xB7, 0x0B, 0xD5, 0x26, 0x17, 0x8E, 0x67, 0xE8, 0x47, 0xBD, 0x1B, 0x4D, 0xEA,
    0x7C, 0x9D, 0x34, 0x2B, 0x5A, 0x45, 0x0A, 0x6B, 0xFE, 0xA8, 0xDD, 0xB3, 0x76, 0x57, 0x54, 0xDF,
    0x16, 0x02, 0xEA, 0x2E, 0x13, 0x3E, 0xD8, 0x06, 0x7D, 0x3E, 0xCD, 0x8B, 0x45, 0xD2, 0x4C, 0x7E,
    0xDB, 0x6B, 0x80, 0x6D, 0x66, 0xA2, 0x35, 0x9C, 0xD8, 0xF8, 0x9F, 0x32, 0xCC, 0x19, 0xE2, 0xC7,
    0x41, 0x39, 0x53, 0x2D, 0xF7, 0x6D, 0x7F, 0x95, 0x07, 0x70, 0x64, 0x27, 0xD6, 0x4E, 0x47, 0x38,
    0x4F, 0x91, 0x2C, 0xE0, 0xB5, 0x8B, 0x52, 0x03, 0x5F, 0xE5, 0x4F, 0x89, 0x4C, 0xA5, 0xA2, 0x64,
    0xD9, 0x3A, 0x13, 0xE7, 0xF8, 0xE7, 0x32, 0x1D, 0x40, 0x25, 0xA3, 0xBC, 0xB1, 0x4B, 0x48, 0xB9,
    0x01, 0x1F, 0x29, 0xE6, 0x55, 0xAE, 0x83, 0xD1, 0x56, 0xB6, 0x74, 0x6C, 0x54, 0x33, 0x3A, 0x9E,
    0x2C, 0x9F, 0x10, 0x5A, 0x75, 0xE9, 0x2C, 0x78, 0x2C, 0x99, 0xAB, 0xE7, 0xED, 0x55, 0x55, 0x0C,
    0xBE, 0x49, 0x25, 0xC1, 0x92, 0xE2, 0x62, 0x3D, 0x95, 0xBD, 0x4A, 0x0C, 0xB6, 0x0F, 0xCD, 0x79,
    0x15, 0x7D, 0x26, 0x69, 0xAB, 0x72, 0x7B, 0xCA, 0xE8, 0x78, 0xCF, 0x9C, 0x1F, 0x31, 0x4B, 0xD5,
    0x50, 0xA2, 0x3F, 0x15, 0x79, 0x59, 0xAF, 0x5D, 0x50, 0x29, 0x61, 0xDB, 0x65, 0xB2, 0x12, 0x1D,
    0x27, 0xE6, 0x93, 0xC8, 0x9B, 0xA2, 0xDD, 0x16, 0xB7, 0xE0, 0xB9, 0x60, 0xD7, 0x26, 0xFD, 0x31,
    0xBC, 0xCB, 0xA4, 0xA5, 0x6C, 0xBE, 0x4A, 0xFF, 0x6B, 0x09, 0x5D, 0xCC, 0x56, 0x72, 0x99, 0x39,
    0x73, 0x0D, 0xCF, 0x41, 0x6E, 0xB6, 0xD4, 0xDC, 0x21, 0x01, 0xAB, 0x6F, 0x30, 0x3A, 0x47, 0x1B,
    0x97, 0x71, 0x39, 0x90, 0x55, 0xFE, 0x32, 0xDC, 0xD2, 0x6F, 0x10, 0x07, 0x30, 0xB8, 0x01, 0xFA,
    0x54, 0xA5, 0xB1, 0xB9, 0x1C, 0x66, 0xF5, 0xC4, 0xFE, 0xA3, 0xCC, 0x76, 0x05, 0xDB, 0x43, 0x43,
    0x73, 0x9B, 0x2F, 0xAC, 0x3C, 0x35, 0x53, 0x4E, 0x4B, 0x5D, 0xC7, 0xB8, 0xF8, 0xDE, 0xE8, 0x24,
    0xF0, 0xFE, 0x01, 0x97, 0xB3, 0x65, 0x16, 0xC7, 0x3A, 0x0D, 0x4D, 0x46, 0x54, 0x9A, 0x2D, 0x0D,
    0x42, 0x0F, 0xC2, 0xEC, 0xE4, 0x21, 0xAA, 0xF8, 0x9F, 0x9D, 0x7B, 0x9F, 0xBB, 0xF7, 0xB1, 0x3B,
    0x97, 0xBB, 0x63, 0x0D, 0xEF, 0xCE, 0xC9, 0xB2, 0xF0, 0xAE, 0x7A, 0xC7, 0x6A, 0x20, 0x93, 0xC2,
    0x5E, 0x39, 0xE9, 0xA0, 0x7E, 0x49, 0xE8, 0xAC, 0x08, 0xA8, 0x01, 0x64, 0xC3, 0x25, 0xF0, 0xB9,
    0xC4, 0x05, 0x7F, 0x4A, 0x67, 0x12, 0x3E, 0x42, 0x5F, 0xED, 0x86, 0x09, 0x90, 0x40, 0x33, 0x23,
    0x44, 0x7A, 0x02, 0x24, 0x7B, 0x49, 0x9D, 0x66, 0x1C, 0x39, 0x79, 0x8B, 0x89, 0xEC, 0x9A, 0x51,
    0x77, 0x94, 0xA7, 0xBE, 0x08, 0x52, 0x12, 0x9D, 0x47, 0xC4, 0x6E, 0x06, 0xFF, 0xFE, 0x0C, 0xF9,
    0x0E, 0x67, 0xDF, 0xB6, 0x1B, 0xFF, 0xF8, 0x89, 0x81, 0x27, 0x72, 0xF5, 0xEF, 0xB7, 0x74, 0x89,
    0x2C, 0x28, 0x0F, 0xAA, 0x83, 0xCA, 0xBE, 0x86, 0xA1, 0x5C, 0xB7, 0x98, 0xDF, 0x07, 0xA0, 0x4B,
    0x5D, 0x34, 0x67, 0x80, 0x8A, 0x7B, 0x8C, 0xBE, 0x6A, 0x86, 0xA5, 0x4B, 0xB7, 0x44, 0x68, 0xF0,
    0x85, 0xE3, 0xFD, 0x0D, 0x55, 0x3A, 0x05, 0x96, 0xD1, 0x16, 0x21, 0x55, 0x4A, 0x9E, 0xA4, 0x55,
    0xB3, 0x60, 0xCB, 0x1C, 0x0D, 0xE2, 0xC0, 0x4F, 0x09, 0xCE, 0xE5, 0x82, 0x35, 0x73, 0x7C, 0xA5,
    0x76, 0xAE, 0xB1, 0x9A, 0xE6, 0xDD, 0x9D, 0xDB, 0x13, 0x4F, 0xBA, 0x84, 0x49, 0x88, 0x0C, 0x3F,
    0xF1, 0x0D, 0x15, 0x44, 0x1F, 0xA2, 0xB1, 0x9A, 0xB8, 0xE2, 0x22, 0x34, 0x91, 0x3D, 0xBC, 0x6C,
    0x97, 0x01, 0x9A, 0xC0, 0x11, 0xEB, 0x4A, 0x7C, 0xC6, 0x03, 0xC8, 0x25, 0x84, 0x96, 0x27, 0x79,
    0x09, 0x34, 0x7C, 0x05, 0xF5, 0x28, 0x6B, 0x33, 0x3A, 0xA7, 0x62, 0xF5, 0xF6, 0x0E, 0x77, 0xD0,
    0x4E, 0xDE, 0x17, 0xA8, 0xB0, 0xA4, 0xD4, 0x76, 0x55, 0xF5, 0x98, 0x58, 0xB3, 0xA2, 0x1E, 0x78,
    0xD7, 0x52, 0xE1, 0x54, 0x0C, 0x2A, 0x19, 0x65, 0x4D, 0x27, 0x58, 0xDA, 0xD1, 0xFC, 0x8C, 0x7A,
    0xE5, 0x0C, 0xA7, 0xE5, 0xDF, 0x87, 0x14, 0x15, 0x02, 0x33, 0xA6, 0x91, 0x7A, 0x05, 0x58, 0x25,
    0x9A, 0xCB, 0x5F, 0x9E, 0x2E, 0x83, 0x98, 0x9F, 0x58, 0x5E, 0x10, 0xC1, 0x2A, 0x16, 0x21, 0x10,
    0xAA, 0xD3, 0x0C, 0x6D, 0xD3, 0x59, 0xD2, 0xDC, 0x01, 0x2F, 0xBE, 0x3A, 0x35, 0x5F, 0x16, 0xE6,
    0xDE, 0x88, 0x79, 0x10, 0x0A, 0xBF, 0x2C, 0x17, 0xE6, 0x1E, 0x51, 0x00, 0xAA, 0x77, 0x14, 0xF5,
    0xD3, 0x13, 0x1A, 0xF5, 0x9B, 0x6B, 0x0E, 0x15, 0x1D, 0x9C, 0xF9, 0x8C, 0xA9, 0x22, 0xF6, 0xDB,
    0x76, 0xD8, 0x32, 0xF0, 0x3F, 0x23, 0x8D, 0xBA, 0x83, 0xE4, 0xBF, 0xB7, 0xA0, 0xDF, 0x66, 0x83,
    0x46, 0xB5, 0x99, 0x34, 0x6A, 0x5A, 0x0D, 0xFA, 0x95, 0xBE, 0xDE, 0x2A, 0xDF, 0x6F, 0xD7, 0xFC,
    0x1B, 0x5B, 0xFF, 0xA1, 0xF1, 0x82, 0x70, 0xAA, 0x03, 0xCA, 0x15, 0xEA, 0xBC, 0xF9, 0x2B, 0xD8,
    0x46, 0xC3, 0x8A, 0x50, 0x08, 0x15, 0x5F, 0x56, 0x28, 0xEE, 0x03, 0x8A, 0x17, 0xDE, 0xB3, 0xA5,
    0xAC, 0x60, 0xE2, 0x23, 0x9C, 0xCD, 0x9A, 0x71, 0xED, 0x4D, 0xC1, 0x53, 0xFF, 0x81, 0xF1, 0x22,
    0xD4, 0x59, 0x6E, 0x56, 0x1C, 0x82, 0x9A, 0xF6, 0xEE, 0x60, 0x46, 0x35, 0xD2, 0x9B, 0xB1, 0xE9,
    0x87, 0x01, 0x2F, 0xC4, 0x0A, 0x83, 0xA8, 0x94, 0x7E, 0xBC, 0x2E, 0x66, 0x6D, 0x31, 0x19, 0xA2,
    0xA9, 0xC2, 0xBC, 0x9C, 0x9A, 0x65, 0x80, 0x4F, 0xD5, 0xA6, 0x6B, 0x3E, 0x20, 0xF4, 0xF2, 0xA1,
    0xD8, 0x79, 0xF2, 0xD8, 0xEC, 0x65, 0x3C, 0x51, 0x44, 0x57, 0x29, 0x2D, 0x93, 0x26, 0xED, 0x04,
    0x4C, 0xA5, 0x26, 0x58, 0xCB, 0xD5, 0x8F, 0x01, 0xDD, 0x1E, 0x57, 0xFD, 0x64, 0x1D, 0xDA, 0x2E,
    0x9F, 0x69, 0xFD, 0xB3, 0xA0, 0x26, 0x1A, 0x29, 0x0C, 0xDD, 0x57, 0xB0, 0x50, 0x0F, 0xCD, 0x29,
    0x87, 0x95, 0x1F, 0x16, 0x53, 0x77, 0xA9, 0xA1, 0x4C, 0x2C, 0xB5, 0x6B, 0x7B, 0xCC, 0xAE, 0x8D,
    0xE6, 0xD1, 0x5C, 0x55, 0x12, 0x6E, 0x26, 0x5D, 0x74, 0x1B, 0xE7, 0xC9, 0x9F, 0xCF, 0xFC, 0xDD,
    0x66, 0x50, 0xE0, 0xCE, 0x73, 0xF9, 0x77, 0x0E, 0xAB, 0xCC, 0x8A, 0x56, 0xED, 0xBE, 0x7C, 0x50,
    0xEA, 0x2B, 0xE6, 0xC3, 0x3C, 0x97, 0x91, 0xB5, 0xED, 0xDA, 0xC8, 0xB6, 0xBC, 0x1B, 0x39, 0x1E,
    0x37, 0xE4, 0x26, 0xC1, 0xEE, 0x7B, 0xEA, 0xCA, 0xC0, 0x04, 0x3A, 0x43, 0xD0, 0xF7, 0x38, 0xF7,
    0xC6, 0x3E, 0xAA, 0x05, 0xEE, 0xF8, 0x09, 0x98, 0xD5, 0xA6, 0x45, 0x39, 0x7A, 0x75, 0xE9, 0xD3,
    0x29, 0x52, 0x7B, 0x73, 0x8F, 0x0E, 0xFB, 0xC5, 0xA0, 0xB9, 0x29, 0x93, 0x5F, 0xCE, 0x4D, 0xC8,
    0x4C, 0x02, 0x24, 0x51, 0x82, 0x99, 0x74, 0x32, 0x2F, 0x77, 0xE1, 0xC1, 0x2F, 0x39, 0x4D, 0xFB,
    0xAA, 0x73, 0x95, 0x4D, 0x5A, 0x57, 0x9C, 0x94, 0x17, 0x8A, 0x08, 0x81, 0x08, 0x92, 0xCB, 0xE8,
    0x54, 0x82, 0x80, 0xE8, 0x40, 0xB9, 0x94, 0x72, 0xCE, 0xA2, 0xD6, 0xE1, 0x4A, 0xE6, 0x42, 0xAE,
    0x81, 0x26, 0xBD, 0x4B, 0xD3, 0x9B, 0x7B, 0x97, 0x1B, 0x97, 0x5D, 0x83, 0x14, 0x60, 0x4C, 0x3D,
    0x63, 0x65, 0xE0, 0x64, 0x78, 0x50, 0x0F, 0x46, 0x03, 0x76, 0xD9, 0x82, 0x43, 0x23, 0x93, 0x66,
    0x5A, 0xED, 0xD2, 0xF0, 0x1F, 0x32, 0x70, 0x63, 0x20, 0x85, 0x70, 0xC4, 0x64, 0x99, 0x20, 0xA2,
    0xCA, 0xF5, 0x9A, 0xDD, 0x75, 0xBB, 0x40, 0xEF, 0xDA, 0x64, 0x16, 0x98, 0x4F, 0x31, 0x9F, 0x91,
    0xCD, 0x53, 0xDE, 0xB4, 0x3B, 0x87, 0xC2, 0x62, 0xEB, 0xD8, 0xD6, 0x31, 0xB2, 0x91, 0x91, 0x48,
    0x22, 0xA3, 0x10, 0x5B, 0x36, 0xAB, 0xFF, 0x0E, 0x3C, 0x17, 0xBE, 0x2D, 0x41, 0x94, 0x7B, 0x98,
    0x03, 0x8C, 0x14, 0x23, 0x4D, 0xB5, 0xAC, 0x65, 0xC0, 0x87, 0xDF, 0x82, 0xA3, 0x97, 0x25, 0x11,
    0x69, 0xA3, 0x42, 0xB0, 0x25, 0x63, 0x16, 0xA6, 0x40, 0xD8, 0x59, 0x4D, 0xAC, 0x03, 0xC7, 0x17,
    0x09, 0x10, 0x0F, 0x17, 0xE4, 0x9A, 0xAA, 0x16, 0x88, 0xE4, 0x1C, 0xC9, 0x8D, 0x10, 0x9E, 0x82,
    0x2F, 0x15, 0x5A, 0xCD, 0x64, 0x82, 0xCB, 0xBF, 0x2A, 0xC6, 0x94, 0x7B, 0xC6, 0x00, 0x51, 0x3B,
    0xF2, 0x88, 0xD5, 0x5A, 0x01, 0xE6, 0x6E, 0x81, 0x52, 0x98, 0xFA, 0x35, 0xA5, 0x74, 0xBD, 0xCF,
    0x17, 0x0A, 0x28, 0xD0, 0x5D, 0x16, 0xA6, 0x53, 0x25, 0x9D, 0xC3, 0xD3, 0x8E, 0x01, 0x2C, 0xD1,
    0x03, 0xE4, 0x54, 0x88, 0xD4, 0xE0, 0x1A, 0x5F, 0x8C, 0xCE, 0x0B, 0x07, 0xA3, 0x1B, 0x6F, 0x06,
    0x12, 0xD8, 0xAB, 0x6E, 0xA6, 0x0C, 0xA4, 0xF7, 0x79, 0x67, 0xEE, 0xBE, 0x74, 0xF8, 0x7C, 0xD9,
    0x51, 0xB0, 0x57, 0x2A, 0xD2, 0x5C, 0x71, 0x40, 0xA9, 0xC8, 0x95, 0x2A, 0xAB, 0x09, 0xBE, 0xBC,
    0x82, 0x95, 0xA1, 0x7D, 0xAD, 0x9A, 0x31, 0x6D, 0x58, 0x6E, 0x5A, 0xDD, 0x44, 0x5E, 0x77, 0x3A,
    0x0B, 0x86, 0xBB, 0xF0, 0x7C, 0xA8, 0xBD, 0x39, 0xE5, 0x22, 0x3C, 0xEA, 0x1D, 0x77, 0x72, 0x16,
    0x87, 0x21, 0x77, 0x2A, 0xD3, 0xE0, 0xB6, 0xFD, 0x16, 0xC2, 0x38, 0x8E, 0xF3, 0x2A, 0xEA, 0x64,
    0x4F, 0x93, 0x56, 0x57, 0x7D, 0x58, 0x2E, 0x1C, 0x91, 0x69, 0xB4, 0xB9, 0x62, 0xE2, 0x4A, 0x7A,
    0x8B, 0x14, 0x4A, 0xC7, 0xDC, 0x99, 0xC5, 0xF6, 0xF6, 0x23, 0x8B, 0xCF, 0xDB, 0x65, 0x7E, 0xA7,
    0x9D, 0xC1, 0xA2, 0xDC, 0x27, 0x88, 0x44, 0x5D, 0x48, 0x86, 0x3D, 0x07, 0x64, 0x3C, 0xE7, 0xAF,
    0x57, 0xCB, 0xFD, 0xAE, 0xD0, 0x6D, 0xC8, 0x00, 0x94, 0xF4, 0x5A, 0x93, 0x6D, 0x7E, 0xD2, 0x2E,
    0x39, 0x5D, 0xDE, 0xAD, 0x9A, 0x71, 0x2B, 0x9F, 0x7B, 0x87, 0xE7, 0xFC, 0xEC, 0x31, 0x16, 0xEE,
    0x26, 0x0F, 0xEA, 0x4D, 0x56, 0xEB, 0xDC, 0x69, 0x95, 0x87, 0x9B, 0x3A, 0x4B, 0xD3, 0xC0, 0x91,
    0xCB, 0x6C, 0x39, 0x71, 0xCE, 0x59, 0x68, 0x57, 0x6A, 0x3B, 0x1E, 0xE2, 0xB4, 0xBD, 0xC9, 0x02,
    0x8F, 0x0E, 0xB3, 0x76, 0x61, 0xAE, 0x65, 0x1D, 0xE4, 0x5B, 0xE5, 0xFD, 0x2C, 0xB7, 0x99, 0xE5,
    0xAC, 0x15, 0x70, 0x15, 0x1D, 0x15, 0x2B, 0x1D, 0x63, 0x2B, 0x84, 0x3A, 0xE3, 0x8C, 0x75, 0x1E,
    0xB3, 0x74, 0xC2, 0x4E, 0x9B, 0xBB, 0x11, 0x5E, 0x84, 0xD2, 0x54, 0x22, 0xEC, 0x16, 0xF6, 0xC8,
    0x2D, 0x4D, 0xDE, 0xEC, 0xBC, 0x9E, 0xAD, 0x41, 0xC2, 0x49, 0x7B, 0x12, 0x0D, 0x65, 0xC3, 0x85,
    0x05, 0x99, 0x4C, 0x13, 0x0F, 0x97, 0x07, 0xE4, 0x5A, 0xA7, 0x0D, 0x32, 0x32, 0x2A, 0xC0, 0x05,
    0x71, 0x75, 0xCC, 0xAC, 0xCE, 0x32, 0xD4, 0x10, 0xE6, 0x94, 0x8B, 0x0D, 0x7D, 0x70, 0x61, 0xE1,
    0x8C, 0x7E, 0x3A, 0x30, 0x83, 0xF9, 0x19, 0x6F, 0xE5, 0x29, 0x38, 0xA9, 0xD4, 0x01, 0x76, 0x37,
    0x58, 0x11, 0xD6, 0xB2, 0x0A, 0xA5, 0x10, 0x84, 0x39, 0xDB, 0x23, 0xF6, 0x9E, 0x5F, 0xA3, 0xEE,
    0x88, 0x89, 0x64, 0x1D, 0x52, 0xDA, 0x64, 0x1D, 0x52, 0x69, 0x88, 0x6D, 0x11, 0x71, 0x01, 0x95,
    0x05, 0xA3, 0xD3, 0x3E, 0x61, 0xC1, 0xA8, 0x3C, 0x80, 0xEC, 0xAB, 0x7A, 0x5A, 0xE3, 0x85, 0xFF,
    0x44, 0x2E, 0x54, 0x29, 0x9F, 0xA8, 0xDA, 0xD5, 0x8C, 0xBF, 0x75, 0x5F, 0xDB, 0xC6, 0xF6, 0xC3,
    0x70, 0xEA, 0x0A, 0xD5, 0xC8, 0x1F, 0xCB, 0x33, 0x16, 0xF4, 0x71, 0x21, 0x97, 0xC8, 0xC5, 0xD9,
    0x90, 0x68, 0x42, 0x64, 0x8C, 0x7A, 0x25, 0x4B, 0xF5, 0x94, 0xE6, 0xB5, 0xE6, 0xB7, 0x90, 0x07,
    0x44, 0x3D, 0xAD, 0xD9, 0xE4, 0xF7, 0x3A, 0x44, 0xE5, 0x5D, 0xCA, 0xC2, 0xA2, 0x9E, 0x5F, 0x49,
    0xCB, 0xAF, 0xBC, 0xE6, 0x97, 0x25, 0xE0, 0x91, 0x07, 0x52, 0x6B, 0xC1, 0x0B, 0x73, 0x43, 0x29,
    0x74, 0x2D, 0x65, 0x2F, 0x92, 0x0C, 0x64, 0x1E, 0x77, 0x0E, 0x8B, 0x00, 0x09, 0xBC, 0x48, 0x84,
    0x97, 0x1E, 0x42, 0xBD, 0xD4, 0xC1, 0x3C, 0x66, 0xFE, 0x8B, 0x41, 0xB6, 0xF0, 0x3E, 0x73, 0x11,
    0xCB, 0x02, 0x16, 0x43, 0xF6, 0x0A, 0xA5, 0xDC, 0xEF, 0xD5, 0x31, 0x3B, 0x5B, 0xDA, 0xD8, 0x1B,
    0xAB, 0x83, 0x2E, 0x5C, 0xEC, 0x17, 0xC2, 0xA7, 0x5E, 0xA6, 0x4D, 0xE6, 0x6F, 0x6B, 0x8B, 0xA4,
    0xD1, 0xBC, 0xCE, 0x59, 0x80, 0x74, 0x16, 0x29, 0x17, 0x35, 0x43, 0x8C, 0x35, 0x7C, 0xA4, 0x72,
    0x1C, 0xA3, 0x78, 0x89, 0x2A, 0xFE, 0xCB, 0x2C, 0xE6, 0xB8, 0xC5, 0x18, 0x2D, 0x75, 0x88, 0xFC,
    0x3A, 0x91, 0xEE, 0x1A, 0xED, 0x3D, 0x6D, 0x43, 0x5D, 0x3D, 0xAF, 0x33, 0x52, 0x73, 0xC2, 0x5C,
    0x8A, 0x08, 0xDE, 0xDA, 0x7F, 0x15, 0xF3, 0x28, 0x96, 0xD9, 0xCE, 0x7B, 0x64, 0x2E, 0x27, 0x2A,
    0x62, 0x2E, 0x1A, 0x73, 0x37, 0xC3, 0xF7, 0x4E, 0x18, 0x55, 0x9A, 0x1B, 0x85, 0x3A, 0x88, 0xC2,
    0x90, 0x89, 0x52, 0xBE, 0x4F, 0x2C, 0x0D, 0x85, 0x58, 0xAB, 0x40, 0x12, 0x2D, 0x1B, 0xCA, 0x5A,
    0x7A, 0x1C, 0xF2, 0x7F, 0xD1, 0xCA, 0x90, 0x6F, 0xD2, 0x9E, 0x1A, 0xBC, 0xE7, 0x9A, 0xB8, 0xFE,
    0xA6, 0x73, 0x6A, 0x77, 0xB4, 0x3D, 0xB5, 0xDA, 0xA4, 0xD3, 0xDA, 0x93, 0x1F, 0x51, 0x1B, 0xB6,
    0x9C, 0xF4, 0x78, 0xAE, 0x55, 0x2A, 0x75, 0xD6, 0x31, 0x39, 0x2A, 0x6F, 0x99, 0x1A, 0x28, 0x1C,
    0x14, 0x1A, 0x56, 0x35, 0x6C, 0x03, 0xD7, 0x4A, 0xCD, 0xB1, 0xCB, 0x34, 0x45, 0x35, 0xB8, 0xA4,
    0x02, 0x96, 0x39, 0xA3, 0xDE, 0x7E, 0x71, 0xF6, 0x89, 0xE7, 0xDE, 0x76, 0xD5, 0x39, 0x5C, 0x8D,
    0x7C, 0x2A, 0x70, 0x99, 0xBB, 0x9D, 0x56, 0x97, 0x09, 0x0E, 0x96, 0x1D, 0x63, 0xD7, 0x5A, 0x60,
    0x82, 0x12, 0x69, 0x10, 0x4A, 0x60, 0x93, 0xA5, 0xDF, 0x7A, 0xC5, 0x99, 0xDD, 0x3A, 0x6A, 0x4A,
    0x1A, 0x8B, 0x22, 0xDD, 0x0C, 0xB9, 0xBC, 0xA2, 0x94, 0xA0, 0xBC, 0x1B, 0xD5, 0x25, 0xB1, 0x55,
    0x3E, 0x8F, 0x1E, 0xED, 0x00, 0x4C, 0x8C, 0xA4, 0x90, 0x17, 0x68, 0x2F, 0x35, 0xF6, 0x7F, 0x38,
    0xF5, 0x5C, 0x51, 0xD3, 0x26, 0x2A, 0x82, 0xDF, 0xC9, 0x62, 0x97, 0x9E, 0xAD, 0x29, 0x2B, 0x27,
    0x7E, 0x94, 0x58, 0x03, 0xF5, 0x0F, 0x67, 0x56, 0xEB, 0x35, 0x77, 0x27, 0xF2, 0xA5, 0x45, 0x40,
    0x21, 0x33, 0x92, 0x6A, 0x57, 0x03, 0xA4, 0x25, 0x74, 0x4E, 0x65, 0xD3, 0x9C, 0x4B, 0x37, 0x0B,
    0x2E, 0xB4, 0xA0, 0x51, 0x07, 0x37, 0x77, 0xBD, 0xCE, 0x9D, 0x9E, 0xD2, 0xB9, 0xF3, 0xB1, 0x8A,
    0x4E, 0xAB, 0x7F, 0x88, 0x68, 0xE1, 0xE0, 0x8A, 0x7F, 0x62, 0x96, 0xA9, 0x4C, 0x5D, 0xED, 0x4F,
    0xAA, 0xE9, 0x6A, 0x19, 0x2B, 0x37, 0x7D, 0xA5, 0xB4, 0xAF, 0xFC, 0x79, 0x5C, 0x59, 0x47, 0x3C,
    0x5B, 0x09, 0x12, 0x3A, 0x2B, 0xC0, 0x4B, 0x5E, 0xA5, 0x1B, 0x17, 0x7D, 0xC9, 0x6E, 0x2C, 0x03,
    0xE6, 0x34, 0xFC, 0x2C, 0xB9, 0xF9, 0xED, 0xD2, 0xFE, 0x36, 0x5D, 0x81, 0x09, 0x0B, 0x52, 0x04,
    0xC7, 0x3B, 0xA1, 0x79, 0x96, 0x0E, 0x41, 0x11, 0xB1, 0x28, 0xC5, 0xCE, 0x1A, 0xD4, 0x98, 0xB0,
    0x02, 0x75, 0x35, 0x2C, 0xA1, 0xD3, 0x8B, 0xA0, 0x14, 0xA3, 0x53, 0xDF, 0x40, 0x82, 0x37, 0xE8,
    0x28, 0x69, 0x58, 0x37, 0x24, 0x1A, 0xF2, 0x0E, 0xB2, 0xD2, 0x55, 0x10, 0x40, 0x0E, 0x10, 0x0E,
    0x8C, 0xA6, 0xA7, 0xB5, 0x9F, 0x63, 0x97, 0xDA, 0x71, 0x73, 0xE4, 0x01, 0x1A, 0x1D, 0x0D, 0xE0,
    0xD3, 0x4C, 0x51, 0xDF, 0x2F, 0xB6, 0xB0, 0x7D, 0x00, 0x38, 0xF6, 0x93, 0x4E, 0xD3, 0xB6, 0x50,
    0x54, 0xBB, 0x0C, 0x96, 0x9A, 0xF7, 0x5F, 0x82, 0xED, 0xAE, 0xF0, 0xC3, 0x5C, 0xB4, 0x98, 0xA0,
    0x97, 0x59, 0x62, 0x92, 0x59, 0xFE, 0x4F, 0x22, 0x55, 0x71, 0x7E, 0x32, 0xAC, 0x44, 0x8A, 0x57,
    0x62, 0x85, 0xE4, 0xFC, 0xF6, 0x25, 0xD6, 0x14, 0xEF, 0x9A, 0xEA, 0xEB, 0x30, 0x4F, 0x3E, 0x2B,
    0x2A, 0x5D, 0x30, 0xA3, 0xB3, 0x52, 0x59, 0xBD, 0x03, 0x16, 0x48, 0x21, 0xBD, 0x81, 0x1E, 0x23,
    0x2F, 0x11, 0x77, 0xBD, 0x07, 0xBD, 0x26, 0x54, 0x12, 0x97, 0x19, 0xAF, 0x0A, 0x0B, 0x84, 0x3C,
    0x65, 0x3F, 0x55, 0xC4, 0xFE, 0xAF, 0x04, 0xB8, 0xDF, 0x40, 0x9A, 0x63, 0x7E, 0xE3, 0xEC, 0x82,
    0xF5, 0x5C, 0x8C, 0x19, 0xA1, 0xB0, 0x4C, 0x38, 0xF1, 0xF3, 0x99, 0x74, 0xB9, 0x14, 0xB0, 0x5A,
    0x21, 0xBB, 0x21, 0x67, 0xB2, 0x3C, 0x64, 0xC1, 0x91, 0xF0, 0x72, 0xF0, 0x3D, 0x32, 0x87, 0x18,
    0x5E, 0xE8, 0xEA, 0x9D, 0x06, 0x33, 0xD7, 0x8B, 0x91, 0xD2, 0x99, 0x86, 0x71, 0xE6, 0x34, 0xF8,
    0xB2, 0x9E, 0xE9, 0x05, 0x48, 0x2C, 0x70, 0x79, 0x90, 0x1B, 0x1E, 0x3E, 0x3A, 0x4D, 0x2C, 0xE1,
    0x1C, 0x2B, 0xD9, 0x45, 0x00, 0x06, 0x3B, 0x50, 0xAF, 0x45, 0xDD, 0xEF, 0x5D, 0x2A, 0x64, 0x5A,
    0x3B, 0xF9, 0x18, 0x8A, 0x0C, 0x6D, 0x00, 0x8B, 0x84, 0xBC, 0x31, 0x20, 0x6B, 0x44, 0x0F, 0x84,
    0x08, 0xCF, 0x19, 0x9F, 0xC8, 0x48, 0xB4, 0xB4, 0xC5, 0x08, 0x65, 0x48, 0x2A, 0x9F, 0x43, 0x0A,
    0x0E, 0xEE, 0x93, 0x4E, 0x9D, 0xF8, 0x75, 0x99, 0x8F, 0xCD, 0x32, 0xE9, 0x34, 0x6B, 0xCD, 0x5A,
    0x1A, 0xA4, 0xBF, 0x80, 0xD9, 0x4F, 0x2E, 0x27, 0x32, 0xEE, 0x97, 0xF3, 0x38, 0xF1, 0x88, 0xE8,
    0x8A, 0x23, 0x78, 0x41, 0xC8, 0x7C, 0x3D, 0xF3, 0x71, 0x97, 0x16, 0x89, 0xCE, 0x25, 0xAC, 0xBA,
    0x80, 0x4C, 0x11, 0xAD, 0x15, 0xB5, 0x17, 0x50, 0xEE, 0x51, 0x1F, 0x87, 0x2C, 0x55, 0x14, 0xA9,
    0xA1, 0xE7, 0x0B, 0x9F, 0x19, 0x09, 0x68, 0x24, 0x0A, 0xA5, 0xC4, 0x43, 0xE9, 0x86, 0xAE, 0x59,
    0x61, 0xD7, 0x5C, 0x50, 0x3E, 0xBD, 0xD4, 0x8C, 0x4B, 0x19, 0xA8, 0x4E, 0xB2, 0xF2, 0xDB, 0xA7,
    0x97, 0x3A, 0xBD, 0xF0, 0xFF, 0xA7, 0x97, 0x1E, 0x0F, 0x1C, 0x8D, 0x0E, 0xD5, 0x31, 0x7D, 0x43,
    0x9A, 0x15, 0xA3, 0xCD, 0x37, 0x26, 0xD4, 0xDC, 0x31, 0x6B, 0x74, 0xAC, 0x59, 0x3D, 0xB9, 0xE1,
    0x0E, 0xAC, 0xBF, 0x6D, 0x84, 0x61, 0x29, 0xAC, 0x98, 0x72, 0x6F, 0xC7, 0xF4, 0x52, 0x3B, 0xDD,
    0xA4, 0x5F, 0x40, 0x44, 0x15, 0xAC, 0x9C, 0x89, 0x98, 0x4D, 0x53, 0x96, 0x0A, 0x09, 0xEB, 0x2C,
    0xEB, 0x8C, 0xC9, 0xA0, 0x9F, 0xD3, 0x32, 0x1F, 0x75, 0x6D, 0xD7, 0x91, 0x66, 0x8D, 0x0A, 0x20,
    0x5C, 0xD6, 0x28, 0xA0, 0xEC, 0xD2, 0x4B, 0xD3, 0xD6, 0xA7, 0x97, 0x02, 0x43, 0xB5, 0x61, 0xA2,
    0xB5, 0x54, 0xD2, 0x50, 0x80, 0xFA, 0xF1, 0x5C, 0xD7, 0x35, 0x91, 0xA9, 0x7A, 0x96, 0x55, 0x9B,
    0x48, 0x43, 0xFD, 0x99, 0xA8, 0x02, 0xB6, 0x60, 0x62, 0x58, 0x36, 0x5C, 0xB6, 0x07, 0x0F, 0x5A,
    0x21, 0x43, 0x01, 0xDD, 0xEF, 0x60, 0x3B, 0xB3, 0xA2, 0xB0, 0xA9, 0xFA, 0x8C, 0x12, 0xF7, 0x4B,
    0xC5, 0xC6, 0x51, 0x18, 0xC6, 0x2B, 0x20, 0xC8, 0x38, 0xFC, 0x52, 0xC5, 0xC1, 0x7C, 0xE9, 0x72,
    0xFD, 0x0B, 0xF3, 0x01, 0x37, 0x7C, 0xBC, 0x23, 0xAF, 0x18, 0xA3, 0xEC, 0x34, 0x0F, 0xD4, 0xA4,
    0x24, 0xC6, 0x10, 0x00, 0x6A, 0x91, 0xDC, 0x77, 0xA2, 0xDE, 0x02, 0x23, 0x57, 0x6D, 0x5C, 0x9A,
    0xB8, 0xB4, 0x70, 0xD5, 0xC0, 0xA5, 0x7D, 0xEB, 0x0C, 0x1F, 0xDA, 0x40, 0x34, 0x6E, 0xD5, 0xB6,
    0xA5, 0x69, 0x3B, 0x71, 0x9C, 0x12, 0x7C, 0x16, 0x76, 0xAD, 0x33, 0x7C, 0x8A, 0xB1, 0x07, 0xF0,
    0x80, 0xB3, 0x20, 0xD5, 0x52, 0xEF, 0xE8, 0xE0, 0x53, 0xAE, 0x5E, 0x5A, 0xF8, 0x94, 0x83, 0x1C,
    0x79, 0x09, 0x11, 0x56, 0x9C, 0x08, 0x86, 0x10, 0x81, 0x76, 0xD2, 0x76, 0x83, 0xCB, 0x6E, 0x1C,
    0x31, 0x64, 0x4D, 0x34, 0x5D, 0xC3, 0xEE, 0x89, 0xE3, 0x20, 0xB9, 0x43, 0xE7, 0xCA, 0x71, 0x91,
    0xD2, 0xC9, 0xBF, 0xFF, 0x74, 0x42, 0xF9, 0x81, 0x26, 0x50, 0x7E, 0x1E, 0x7D, 0x2E, 0xB1, 0xFE,
    0x05, 0x94, 0x69, 0x3B, 0xE6, 0xE8, 0xB9, 0x9C, 0x49, 0x2A, 0x0A, 0xFB, 0xAA, 0xAB, 0x62, 0x57,
    0x53, 0xF3, 0x7C, 0x9A, 0x64, 0x82, 0x3A, 0x1F, 0xEC, 0x62, 0xA5, 0x12, 0xD9, 0x75, 0x19, 0x79,
    0x2E, 0x33, 0x32, 0x41, 0xB1, 0xFB, 0x3E, 0x93, 0x82, 0x67, 0xDC, 0xD5, 0x44, 0x3C, 0x97, 0x0C,
    0x89, 0x98, 0x42, 0xC3, 0x5D, 0x63, 0x75, 0x97, 0xF9, 0x77, 0x2E, 0xFF, 0x11, 0x39, 0x1F, 0xD0,
    0x38, 0x91, 0x82, 0x6D, 0x75, 0x37, 0x1B, 0x7C, 0xCA, 0x63, 0x44, 0xF7, 0xC9, 0x80, 0x6E, 0x2B,
    0xF3, 0x5A, 0x63, 0x12, 0xC2, 0xD7, 0x97, 0xA5, 0xDB, 0x2E, 0x8A, 0xE0, 0xF2, 0xCB, 0x15, 0x2A,
    0xCA, 0x3A, 0x5C, 0x2E, 0xE4, 0x13, 0x77, 0x48, 0x89, 0x9B, 0xB0, 0x3E, 0x2E, 0x12, 0x0A, 0x13,
    0x68, 0x7C, 0xD5, 0x1E, 0x4C, 0xD4, 0x5D, 0x83, 0xF2, 0xF6, 0x06, 0x64, 0xFA, 0x8E, 0x03, 0xD0,
    0xAB, 0x27, 0xC4, 0x88, 0x88, 0x87, 0xFB, 0x2D, 0x74, 0x9B, 0x79, 0x65, 0xDB, 0x64, 0xD5, 0xCB,
    0x15, 0xAC, 0xC5, 0x0F, 0xD5, 0xA0, 0x8D, 0x94, 0xDF, 0xB9, 0x8C, 0xE8, 0x74, 0xBA, 0x3E, 0xA9,
    0x0E, 0x89, 0x75, 0xB9, 0x1D, 0x35, 0x1A, 0xD3, 0x07, 0xE6, 0x9A, 0xA1, 0xB2, 0xF6, 0x55, 0x74,
    0x2B, 0x81, 0x4A, 0xC7, 0x43, 0x43, 0xEF, 0xFD, 0xD5, 0xBA, 0xD4, 0x1F, 0x6B, 0xA9, 0xEA, 0xB5,
    0xF9, 0x71, 0xB7, 0x6F, 0xAE, 0x81, 0xDD, 0xA5, 0xDB, 0x17, 0xCE, 0xAD, 0xA5, 0xDB, 0xB7, 0x1E,
    0xDD, 0xBE, 0xF1, 0x31, 0xB7, 0xEF, 0x7C, 0xCD, 0xED, 0xBB, 0x58, 0x77, 0xFB, 0x9A, 0x3B, 0xBB,
    0x7D, 0x37, 0x3D, 0xCA, 0x87, 0x6A, 0x56, 0xF8, 0x44, 0xC7, 0x53, 0x23, 0x06, 0xC4, 0x5A, 0x4D,
    0x2A, 0x67, 0xAF, 0x02, 0x01, 0x7A, 0xAC, 0x69, 0x34, 0x8F, 0x66, 0xEE, 0xD7, 0x3E, 0x8E, 0x51,
    0x74, 0xA4, 0x8B, 0xF7, 0xCC, 0x0B, 0xBC, 0xCA, 0x6D, 0xEA, 0x23, 0x42, 0x2A, 0x5E, 0xF8, 0x04,
    0xC6, 0xD6, 0x7B, 0x63, 0xBC, 0x6A, 0x50, 0x8C, 0x85, 0x16, 0x27, 0x7F, 0xE0, 0x1F, 0xDE, 0xD6,
    0x45, 0x0C, 0x46, 0x23, 0x4D, 0x1D, 0xA8, 0x13, 0x2B, 0x3A, 0x3A, 0x2D, 0x61, 0xE1, 0xCB, 0x70,
    0xB2, 0x05, 0x07, 0x03, 0x7C, 0x61, 0x32, 0x2D, 0x2F, 0x3B, 0x47, 0xF1, 0x55, 0x99, 0xAB, 0x90,
    0x9E, 0x38, 0x17, 0x0E, 0xC8, 0xEE, 0x1F, 0x5C, 0xC6, 0xA3, 0x73, 0x14, 0x27, 0x33, 0xE7, 0x28,
    0x7E, 0xCA, 0x94, 0xAF, 0x53, 0x09, 0x6E, 0xBD, 0x75, 0x37, 0x9D, 0xA8, 0xB7, 0xB0, 0x77, 0x0B,
    0x5D, 0xC5, 0x2E, 0x2B, 0x88, 0x4B, 0x23, 0x11, 0xA1, 0x0E, 0xF7, 0xD4, 0x1A, 0x4E, 0x49, 0x39,
    0x66, 0x0A, 0xB2, 0x86, 0x2C, 0x84, 0x23, 0x0E, 0xCC, 0x26, 0x07, 0x4A, 0xC8, 0x83, 0xA8, 0xC6,
    0x93, 0xB8, 0x1A, 0xB1, 0xAC, 0xC8, 0x29, 0x9F, 0x05, 0x27, 0x86, 0xAA, 0x95, 0xDB, 0x79, 0xE4,
    0x47, 0xE4, 0x3F, 0x77, 0x3B, 0x66, 0xD8, 0xAE, 0x7A, 0x0E, 0x9D, 0xAA, 0xE4, 0x73, 0x40, 0xED,
    0x5A, 0xE1, 0xE7, 0x27, 0x3E, 0x88, 0xCE, 0xE3, 0xA3, 0x5C, 0xDF, 0xB1, 0x2E, 0x57, 0x33, 0xEA,
    0xA2, 0xC9, 0xB9, 0x63, 0x08, 0x37, 0xEE, 0x80, 0x26, 0x90, 0x21, 0xBA, 0x90, 0xC4, 0xF4, 0x49,
    0x5D, 0x15, 0xAE, 0x54, 0xB3, 0xDC, 0x32, 0x62, 0x24, 0x77, 0x72, 0x76, 0x39, 0x81, 0x27, 0x1C,
    0x10, 0xF3, 0x58, 0x69, 0x0D, 0x73, 0x55, 0xD1, 0x65, 0x53, 0x25, 0x1D, 0xCC, 0xB5, 0x2A, 0x1A,
    0x58, 0xF7, 0x25, 0x2D, 0xB8, 0xCE, 0x48, 0xD6, 0xD0, 0x45, 0x18, 0xC3, 0xF3, 0xB2, 0xAF, 0x4B,
    0x75, 0xEC, 0x33, 0xFD, 0x0F, 0x2E, 0xAA, 0x7C, 0x46, 0x4E, 0x2F, 0x57, 0x82, 0xC3, 0x4F, 0xFA,
    0xD0, 0xEE, 0x53, 0xD3, 0x64, 0x97, 0xAD, 0x66, 0xCF, 0x60, 0xC5, 0xB8, 0x9A, 0x06, 0x02, 0x85,
    0x3C, 0xD2, 0x6F, 0x0E, 0x1E, 0x11, 0x20, 0xEC, 0xAB, 0x85, 0xFE, 0x59, 0xAD, 0x00, 0x16, 0x0A,
    0x7A, 0xFC, 0xE2, 0xAA, 0x7E, 0x5D, 0x8F, 0x8E, 0x63, 0xD6, 0xC4, 0xEA, 0xA4, 0xAB, 0x9B, 0xA0,
    0x1B, 0x13, 0x76, 0x93, 0x13, 0x03, 0x2A, 0xD5, 0x22, 0xC0, 0x2A, 0x75, 0x8B, 0x27, 0x4D, 0x39,
    0xA0, 0xDA, 0xA2, 0x13, 0x06, 0x4B, 0x37, 0x0B, 0xDD, 0xE1, 0x9D, 0x00, 0x39, 0xB3, 0xD3, 0xC1,
    0xC4, 0xAF, 0xF6, 0xC9, 0x2C, 0x9C, 0xE7, 0x22, 0xA7, 0xF7, 0xA3, 0x3E, 0x9D, 0x65, 0x53, 0xF9,
    0x19, 0x37, 0xF2, 0xF3, 0xE7, 0x60, 0x78, 0x32, 0x94, 0x68, 0x9E, 0xC0, 0x42, 0x85, 0xBA, 0x9E,
    0x60, 0xC1, 0x11, 0x58, 0xD2, 0x22, 0x02, 0x0B, 0xBA, 0x3D, 0xC2, 0x9F, 0x41, 0x84, 0x7F, 0xC4,
    0x3C, 0xBE, 0xCB, 0x9A, 0xB4, 0xBF, 0xC5, 0xDC, 0xB4, 0x46, 0x33, 0x25, 0x19, 0x69, 0x85, 0xFB,
    0x43, 0x4B, 0x1C, 0x72, 0x7A, 0x5B, 0xE6, 0x54, 0x7F, 0xC2, 0x5E, 0xC3, 0xB0, 0x9F, 0x76, 0xD2,
    0xEC, 0xC3, 0x12, 0xBA, 0xDB, 0x30, 0x9F, 0x74, 0x32, 0x28, 0xFF, 0x3A, 0xEE, 0x82, 0x78, 0x14,
    0xED, 0xF6, 0x09, 0xCA, 0x56, 0x43, 0x54, 0xC4, 0x9A, 0x17, 0xC1, 0xAF, 0x4F, 0x99, 0xE2, 0x3D,
    0x62, 0xD0, 0xFF, 0xCD, 0x51, 0x95, 0x46, 0xB4, 0x5C, 0xEC, 0xE9, 0xDB, 0x9C, 0xAA, 0x4E, 0x53,
    0xC4, 0x67, 0xAA, 0x3B, 0xDE, 0x26, 0x73, 0xF1, 0x83, 0x1D, 0x56, 0x15, 0xC5, 0x82, 0x61, 0x17,
    0x2E, 0x10, 0x23, 0xCA, 0x6E, 0x03, 0xF3, 0x6D, 0x2A, 0x13, 0x26, 0xE2, 0xE1, 0x6F, 0xDF, 0xB3,
    0xE8, 0xE9, 0x69, 0x44, 0x2F, 0x27, 0x4D, 0xC8, 0xFA, 0x0A, 0x69, 0x1A, 0x41, 0x41, 0x36, 0x69,
    0xCF, 0x45, 0x7C, 0x5A, 0x78, 0x28, 0x4B, 0x96, 0x10, 0xFD, 0x77, 0xF3, 0xE9, 0x75, 0x1D, 0x57,
    0x3E, 0x34, 0xBC, 0xE7, 0x34, 0xB9, 0xA7, 0x29, 0x25, 0x11, 0x58, 0x1D, 0x4D, 0x66, 0xFE, 0x4C,
    0x50, 0xBC, 0x66, 0xB6, 0x6E, 0xB7, 0x8C, 0xDD, 0x65, 0xB7, 0x6A, 0xA4, 0x2B, 0x81, 0x3F, 0x69,
    0x9D, 0x3B, 0xFD, 0x79, 0x5A, 0x4B, 0xE2, 0xF0, 0xF3, 0x49, 0x57, 0xDF, 0xD5, 0xD2, 0x67, 0xE0,
    0xEA, 0xDC, 0x5D, 0x65, 0xEF, 0x34, 0xC4, 0x58, 0xE6, 0x13, 0xA8, 0x84, 0xB0, 0x1C, 0xA8, 0x47,
    0xA2, 0xB8, 0xA2, 0x96, 0xB1, 0x2C, 0x64, 0x5A, 0xA3, 0x59, 0x8A, 0x18, 0xC7, 0x6A, 0xC6, 0x28,
    0x9C, 0xA9, 0xF0, 0xD8, 0x66, 0x87, 0x55, 0x33, 0xE9, 0x58, 0x41, 0xCE, 0xF5, 0x42, 0x72, 0xD1,
    0xCD, 0x42, 0x38, 0x0B, 0xD3, 0x97, 0x57, 0x12, 0x45, 0xF6, 0xBE, 0x5B, 0xFA, 0xE5, 0xD5, 0xF2,
    0x31, 0xA5, 0xA4, 0x55, 0x2C, 0x3C, 0x2D, 0xB0, 0xAF, 0xA6, 0xF4, 0x14, 0x32, 0xAE, 0x70, 0x0F,
    0x32, 0x76, 0xEF, 0x61, 0x16, 0x37, 0x70, 0x34, 0xA1, 0x39, 0x3E, 0x3C, 0xDA, 0xA3, 0x24, 0x17,
    0xBE, 0x9D, 0xDA, 0xBC, 0x78, 0x72, 0x28, 0x7A, 0x8B, 0x83, 0x79, 0x86, 0xB0, 0x0D, 0xEC, 0xDE,
    0x1E, 0x0B, 0xE4, 0x02, 0x05, 0x28, 0x61, 0xCB, 0xF5, 0x13, 0x37, 0x6E, 0x07, 0xAF, 0x43, 0xEB,
    0x17, 0x10, 0x4D, 0xE8, 0x36, 0xBF, 0xED, 0x1A, 0x82, 0x01, 0x67, 0x87, 0x86, 0x25, 0xBD, 0x08,
    0x4A, 0x13, 0xC9, 0x6C, 0x67, 0x5C, 0xB4, 0x8F, 0x2E, 0xAA, 0xF9, 0xB2, 0xCE, 0x23, 0xD7, 0x9B,
    0xD6, 0x01, 0x6C, 0xD2, 0xCF, 0x60, 0x55, 0xCB, 0x95, 0x52, 0xE0, 0x11, 0x6F, 0x19, 0x7E, 0x9E,
    0x86, 0xF6, 0x92, 0x98, 0x11, 0x85, 0x48, 0x26, 0x51, 0xEB, 0x9F, 0x46, 0x31, 0xA3, 0x40, 0x2C,
    0xBB, 0x06, 0x4D, 0xA4, 0x74, 0xB7, 0xEE, 0xCB, 0xBD, 0xBD, 0xBD, 0x67, 0x3A, 0xA7, 0xA4, 0x45,
    0x73, 0x27, 0x5F, 0x74, 0xCD, 0x35, 0xD1, 0xE5, 0x8B, 0xCA, 0x5E, 0x9A, 0x7B, 0x17, 0xDF, 0xCC,
    0x04, 0x8F, 0x15, 0x62, 0x6D, 0xDD, 0x25, 0x84, 0x13, 0x22, 0x5E, 0x0E, 0x8C, 0xC6, 0x22, 0x57,
    0xC0, 0x54, 0x41, 0x54, 0x21, 0x61, 0xE0, 0xE9, 0x1A, 0x9A, 0xA2, 0x5C, 0x31, 0x70, 0x89, 0xDF,
    0x32, 0xC8, 0x85, 0x77, 0x2B, 0xF6, 0x7F, 0x82, 0x1F, 0x01, 0x30, 0x09, 0xEA, 0xA1, 0x96, 0x34,
    0x6C, 0x4D, 0x66, 0xB9, 0x88, 0xF2, 0x0E, 0x08, 0x08, 0x56, 0x3C, 0x88, 0x35, 0xDF, 0x66, 0xD3,
    0x44, 0x26, 0x7D, 0x6B, 0x54, 0x56, 0x83, 0xAF, 0x16, 0x21, 0xFD, 0x20, 0x85, 0x79, 0xB4, 0x23,
    0x14, 0x26, 0x6F, 0xFB, 0x4B, 0x98, 0x89, 0xE0, 0x5A, 0xA4, 0x85, 0xAE, 0x40, 0x31, 0x99, 0x98,
    0x07, 0x86, 0x0B, 0x7D, 0x6E, 0xD2, 0x6B, 0xF5, 0x9A, 0xED, 0xA5, 0x7E, 0xC7, 0xA7, 0x99, 0xD3,
    0xA6, 0x45, 0x15, 0x79, 0xFD, 0xC7, 0x7E, 0x9D, 0xB5, 0xBB, 0x09, 0x5D, 0xBD, 0x1A, 0xD7, 0x10,
    0x3C, 0xC5, 0x4E, 0x7F, 0xD5, 0x54, 0xE7, 0x4C, 0xFC, 0xCF, 0xF0, 0x1E, 0x8F, 0x9F, 0x7B, 0xBE,
    0x0F, 0xBD, 0x43, 0xC6, 0x88, 0xB2, 0x0D, 0xB5, 0xD2, 0x9C, 0x7D, 0x76, 0xC7, 0x9D, 0x89, 0xDD,
    0xCD, 0xE8, 0x0A, 0x9C, 0x0A, 0x92, 0x7D, 0x92, 0x4B, 0x05, 0x32, 0x95, 0x4D, 0x57, 0x89, 0x14,
    0xE3, 0x24, 0x5F, 0xF9, 0xCA, 0x1B, 0x3A, 0x5E, 0xD2, 0x19, 0xF5, 0xB7, 0x18, 0x6C, 0xF5, 0xC3,
    0x54, 0xB2, 0x31, 0x45, 0xBC, 0x71, 0x8E, 0x74, 0x93, 0x4A, 0xB5, 0x78, 0x5C, 0xD9, 0xD3, 0x01,
    0xFD, 0x34, 0xFC, 0xC0, 0x2D, 0x6C, 0xD5, 0xFB, 0xC0, 0xC2, 0x83, 0x23, 0xB9, 0x65, 0x7F, 0xEE,
    0x92, 0x8D, 0x2F, 0x99, 0x65, 0x69, 0xD7, 0x44, 0xC3, 0xB5, 0xF9, 0x2F, 0x18, 0x93, 0xD0, 0x15,
    0x6E, 0x64, 0x62, 0x3A, 0x17, 0x67, 0x3E, 0x51, 0x85, 0xA6, 0x6D, 0x35, 0x37, 0x6E, 0x5D, 0x65,
    0xAE, 0x6E, 0xB7, 0x50, 0x05, 0xBA, 0x77, 0x8B, 0xDB, 0x51, 0x0F, 0xCD, 0x3A, 0xB7, 0xB6, 0x1D,
    0x21, 0x5F, 0xFD, 0xC0, 0xAE, 0x80, 0xDC, 0xC5, 0x1A, 0x5D, 0x18, 0xD2, 0x4D, 0xD4, 0xF5, 0x76,
    0x19, 0x86, 0x74, 0x13, 0xE5, 0x83, 0x97, 0x5F, 0xD0, 0x24, 0x26, 0xB7, 0xAA, 0x9D, 0xCE, 0xBC,
    0x5F, 0xD4, 0x4E, 0xF5, 0x66, 0xB7, 0xA6, 0x5D, 0xA8, 0x6A, 0xB3, 0x5F, 0xD2, 0xCE, 0xAD, 0x9B,
    0xB3, 0x5C, 0xD1, 0x4E, 0x7D, 0x43, 0xBA, 0xCE, 0x14, 0x9B, 0x5C, 0x45, 0xD8, 0xE7, 0x33, 0x48,
    0x13, 0xDA, 0x58, 0xA3, 0x08, 0x33, 0x3A, 0x46, 0xA7, 0xBA, 0xC8, 0x9B, 0x7A, 0xDA, 0x6C, 0x91,
    0x2E, 0xE8, 0xF1, 0xAA, 0xE9, 0xB4, 0xE4, 0x6A, 0x77, 0x4C, 0xEA, 0xB9, 0x76, 0x34, 0x0E, 0xC9,
    0x19, 0xEA, 0xDD, 0xEA, 0x8D, 0xD1, 0x9C, 0x6B, 0xDD, 0x01, 0x4B, 0x07, 0x9A, 0x52, 0xC2, 0x1A,
    0xFE, 0x46, 0xD4, 0x11, 0x5D, 0xD7, 0x97, 0x66, 0xE2, 0xBD, 0xA2, 0xD8, 0xDF, 0xC5, 0x2C, 0x25,
    0x91, 0xCB, 0x4F, 0x72, 0xB8, 0xB4, 0xE8, 0x92, 0x7E, 0x32, 0x2C, 0xBF, 0xE2, 0x9E, 0x51, 0x3D,
    0x97, 0x42, 0x1C, 0x34, 0xE6, 0x7F, 0x1D, 0xAB, 0xAC, 0x78, 0x7C, 0xD8, 0x55, 0x77, 0xFB, 0x5C,
    0x8D, 0x60, 0x5D, 0x58, 0x37, 0xD3, 0x50, 0x7E, 0xD2, 0x8F, 0xF5, 0xEC, 0x63, 0x94, 0x9F, 0x8B,
    0xE3, 0xF6, 0xDE, 0xD9, 0x1D, 0xBB, 0x53, 0x74, 0x77, 0x47, 0xBA, 0x68, 0x24, 0x21, 0xFD, 0xDB,
    0x6A, 0x61, 0x1C, 0x9E, 0x1A, 0xE3, 0x72, 0x93, 0xFC, 0x02, 0x95, 0xF4, 0x42, 0x09, 0x13, 0xD5,
    0x89, 0xC1, 0x6D, 0xE5, 0xAA, 0x72, 0x36, 0xAE, 0x3D, 0x08, 0xF5, 0x46, 0x9F, 0x25, 0x5F, 0x67,
    0x87, 0xDD, 0x80, 0x5E, 0x2C, 0xAC, 0x58, 0x95, 0x72, 0xB1, 0x6C, 0x1F, 0xDE, 0x87, 0x7E, 0x1C,
    0xD7, 0x4F, 0xC2, 0xC7, 0x5B, 0x33, 0xC9, 0x20, 0x15, 0xE5, 0x38, 0x00, 0x15, 0x65, 0x53, 0xE9,
    0x61, 0x93, 0xAC, 0x6B, 0xC6, 0xC1, 0x8B, 0xA8, 0x92, 0x8C, 0xED, 0x75, 0xFB, 0x43, 0xFB, 0xC6,
    0xE5, 0xDF, 0x41, 0x14, 0x37, 0x77, 0xD1, 0x27, 0x02, 0xF0, 0x4F, 0xDC, 0x7A, 0xA0, 0x94, 0x5C,
    0xF0, 0x7C, 0xDE, 0xF6, 0x40, 0x60, 0x7F, 0xC5, 0xE0, 0xA5, 0x8B, 0xEF, 0x7E, 0x49, 0x17, 0x66,
    0x70, 0x4B, 0x2E, 0x11, 0xEC, 0x07, 0x8C, 0x15, 0xF7, 0x74, 0x67, 0x26, 0xEA, 0x98, 0x3A, 0x75,
    0xE2, 0x9A, 0x26, 0x85, 0x86, 0x37, 0xA6, 0x3E, 0xE0, 0xE1, 0x40, 0x2F, 0x70, 0xC8, 0x5B, 0xBF,
    0xB6, 0x80, 0x16, 0x5D, 0x38, 0xC8, 0xBB, 0xB5, 0x8A, 0x75, 0xB9, 0x4A, 0x9C, 0x69, 0x3C, 0xE0,
    0x11, 0xD8, 0x94, 0xDB, 0xD9, 0xAF, 0x3A, 0xD5, 0x64, 0x36, 0xC2, 0x5D, 0x57, 0xE4, 0x35, 0x36,
    0xD4, 0x08, 0x6F, 0x32, 0x1F, 0xC1, 0x8E, 0xAC, 0x8A, 0x82, 0x56, 0xA5, 0x7B, 0x68, 0xE7, 0xA1,
    0xBE, 0x73, 0x28, 0x12, 0x7A, 0x8A, 0xE1, 0xA4, 0xF6, 0xF3, 0xF4, 0xAB, 0xF6, 0x0E, 0xE8, 0x2E,
    0x3E, 0xB3, 0x6B, 0x90, 0x7E, 0x20, 0x60, 0x98, 0x41, 0xEB, 0x15, 0xD4, 0x3A, 0x2F, 0x93, 0xB1,
    0x79, 0x44, 0xBB, 0x6F, 0xE2, 0xAE, 0xEC, 0x33, 0x9B, 0xDB, 0xCC, 0xFE, 0xDF, 0xEA, 0xA7, 0xB6,
    0x91, 0x5B, 0x7E, 0x92, 0x25, 0x51, 0x40, 0xFA, 0x3B, 0xC2, 0x78, 0xED, 0xC0, 0xC4, 0x5E, 0x44,
    0xBC, 0xB6, 0xD6, 0x4C, 0xC0, 0xD3, 0x8A, 0xF6, 0x69, 0x91, 0x28, 0x8F, 0xD6, 0x35, 0x07, 0xC4,
    0xB4, 0x9E, 0xA9, 0x45, 0xA8, 0x91, 0x6E, 0xAD, 0x29, 0x9A, 0xB8, 0x3A, 0xD8, 0x8F, 0x3B, 0x97,
    0xFE, 0x87, 0xB5, 0x8A, 0xEC, 0xB4, 0xC1, 0xB1, 0x8C, 0x75, 0x24, 0x09, 0x92, 0x1E, 0xE4, 0x11,
    0xF4, 0x2F, 0x95, 0x5F, 0x27, 0x2F, 0xE4, 0xEA, 0x9A, 0x62, 0x92, 0x53, 0x96, 0x4E, 0xCF, 0xD1,
    0x20, 0x0B, 0xDE, 0x97, 0xA5, 0x43, 0xF7, 0x14, 0xAB, 0x0B, 0x94, 0xB9, 0x4C, 0x03, 0xFB, 0x6D,
    0xAB, 0x6B, 0x0D, 0x31, 0x3E, 0xFF, 0x97, 0x06, 0x8B, 0x28, 0x9B, 0xE0, 0x04, 0x81, 0xF3, 0x21,
    0xAC, 0x02, 0x51, 0x1B, 0xD3, 0xAD, 0x4A, 0xA7, 0xAB, 0x66, 0x27, 0x53, 0x32, 0xAC, 0x29, 0x3D,
    0x23, 0xD3, 0x93, 0xE2, 0x15, 0x90, 0x10, 0xA2, 0x45, 0x7E, 0x1F, 0x1E, 0x33, 0x99, 0xD1, 0x0A,
    0x93, 0x5A, 0x6C, 0x54, 0x53, 0x2C, 0x6D, 0xF8, 0x0E, 0x72, 0xF7, 0xF5, 0x84, 0xE6, 0xEE, 0xBB,
    0x49, 0xA5, 0x38, 0x90, 0x19, 0x65, 0x5A, 0xCF, 0x2F, 0xAC, 0x7D, 0x0E, 0x83, 0xC8, 0x21, 0xA4,
    0x16, 0xC8, 0x96, 0xDA, 0xDC, 0x35, 0x0F, 0xEB, 0xF2, 0xDE, 0x5C, 0x34, 0x95, 0x79, 0x87, 0xDD,
    0x47, 0x17, 0x78, 0x8F, 0x01, 0x0C, 0xB9, 0x85, 0xF0, 0x2D, 0xA6, 0xD7, 0x5E, 0x11, 0x21, 0xBD,
    0x61, 0x34, 0xAB, 0x84, 0x01, 0x4D, 0xA3, 0xA1, 0x0C, 0x2E, 0x50, 0xC9, 0x04, 0x88, 0x09, 0xF3,
    0x13, 0xD8, 0x62, 0xD8, 0x40, 0x16, 0x12, 0xC8, 0x22, 0x47, 0x86, 0x1E, 0xDC, 0xA1, 0xB0, 0x40,
    0xFE, 0x05, 0x41, 0x12, 0xBC, 0x65, 0x01, 0x6B, 0xA6, 0xCD, 0x62, 0x4C, 0xBA, 0xAE, 0x2B, 0xEE,
    0x17, 0x83, 0x23, 0x45, 0x31, 0xE8, 0x5D, 0x79, 0x87, 0xE0, 0xC2, 0x65, 0x7C, 0x84, 0x33, 0xEF,
    0x43, 0x3E, 0x00, 0xF3, 0x8E, 0x0E, 0x76, 0xFA, 0xAC, 0x88, 0x1B, 0x11, 0x7D, 0xDF, 0x68, 0xCD,
    0xA7, 0xA9, 0x8F, 0x75, 0xBA, 0x9C, 0x44, 0x05, 0xB7, 0x15, 0x93, 0x51, 0x66, 0x66, 0xD3, 0xFE,
    0x40, 0x66, 0xFF, 0xB3, 0x02, 0x8F, 0x2B, 0x26, 0xFA, 0xB5, 0x98, 0x9A, 0x3F, 0x14, 0xF3, 0x49,
    0xE6, 0xA6, 0xC9, 0xA4, 0xC7, 0x1B, 0x2E, 0x88, 0x3D, 0x69, 0x34, 0x54, 0xE8, 0x33, 0x0A, 0x3A,
    0x4D, 0x2F, 0xE9, 0x39, 0x73, 0xEF, 0xAB, 0x85, 0x37, 0x75, 0x5B, 0x62, 0x85, 0xAD, 0x94, 0x2C,
    0x36, 0x3B, 0x9A, 0x24, 0xEE, 0x17, 0xD5, 0x5B, 0x5D, 0x24, 0x5E, 0xE3, 0xC2, 0xEA, 0x5E, 0xD5,
    0xB3, 0x4C, 0xA1, 0x31, 0x78, 0x3B, 0xC2, 0x9F, 0x74, 0x2D, 0xD8, 0x46, 0xD7, 0xCF, 0xD5, 0x5C,
    0x1B, 0x68, 0x3D, 0x13, 0xDF, 0xBA, 0xD0, 0x87, 0xC2, 0x2D, 0x06, 0x65, 0x6C, 0xD0, 0xFA, 0x4A,
    0xE8, 0xC9, 0x62, 0x29, 0x96, 0xB3, 0x7D, 0xD9, 0x8F, 0xC1, 0x8A, 0xAE, 0xC8, 0x74, 0x4E, 0x50,
    0x2D, 0x7D, 0xDA, 0xAD, 0xC9, 0xD9, 0xB8, 0x84, 0x94, 0x72, 0xAA, 0xD6, 0x7F, 0x6C, 0xF5, 0xB5,
    0x0E, 0xB0, 0xFD, 0x23, 0x3B, 0xB3, 0x75, 0xB6, 0xAB, 0x09, 0x8D, 0x3E, 0x73, 0xC5, 0x29, 0x2D,
    0xCB, 0x5C, 0x0B, 0xE2, 0x18, 0x84, 0x07, 0x8A, 0xAD, 0x05, 0x5F, 0x1E, 0xB7, 0xF0, 0x90, 0xC3,
    0x45, 0x3E, 0x14, 0x6B, 0x8E, 0xD4, 0xB9, 0x72, 0xB5, 0xF2, 0x26, 0x12, 0xBA, 0xC2, 0x21, 0x84,
    0x27, 0x28, 0x83, 0x53, 0x07, 0xAF, 0xF8, 0x08, 0xB4, 0x08, 0x30, 0xAD, 0x9D, 0xF1, 0x5C, 0xB9,
    0x28, 0x2C, 0x88, 0x03, 0xF2, 0x36, 0xB3, 0x3B, 0x5D, 0x38, 0x14, 0xD5, 0x89, 0x36, 0x6B, 0x3C,
    0xF7, 0x69, 0x1D, 0x8D, 0xFA, 0xBB, 0x63, 0x56, 0xE5, 0xD7, 0x41, 0xC5, 0xB8, 0x28, 0x9C, 0x54,
    0xAB, 0x2A, 0xAB, 0xAB, 0x97, 0x1F, 0x97, 0xE1, 0x51, 0xED, 0x6C, 0x5C, 0xAB, 0xAD, 0xB4, 0x6B,
    0x4B, 0xE4, 0x9C, 0x90, 0xE7, 0xCB, 0xE5, 0x31, 0x19, 0x15, 0x25, 0x17, 0xEF, 0xE1, 0x74, 0xC1,
    0x82, 0xEB, 0xF0, 0x30, 0x6D, 0x3A, 0x37, 0x45, 0xDA, 0x28, 0x5F, 0x1C, 0xFE, 0xD0, 0x5D, 0xCD,
    0x0E, 0x61, 0xC2, 0xC8, 0xCA, 0xEE, 0x3B, 0xBA, 0xD5, 0xDA, 0x2E, 0x16, 0x30, 0x17, 0x54, 0x77,
    0x12, 0xA2, 0x2F, 0x75, 0x25, 0xAC, 0x5A, 0x33, 0x45, 0xE3, 0x26, 0x54, 0xDF, 0xC5, 0x3E, 0x93,
    0xC8, 0x35, 0x1B, 0x8C, 0xB9, 0xA2, 0x54, 0xCB, 0xC6, 0x64, 0xD1, 0xF5, 0x0A, 0xE5, 0xD3, 0x2B,
    0x61, 0x44, 0xF7, 0x4E, 0x14, 0xDD, 0x71, 0x71, 0xFC, 0xFC, 0x2D, 0x77, 0xE8, 0x19, 0xCC, 0x5F,
    0x56, 0x7F, 0x12, 0xB5, 0xCA, 0xDC, 0xDE, 0x5F, 0xF1, 0x35, 0x0D, 0xE1, 0x09, 0xEB, 0xF6, 0xC5,
    0xBA, 0x53, 0xBD, 0xB3, 0x9D, 0xF2, 0x86, 0x49, 0x0F, 0x8A, 0x0A, 0xA1, 0x93, 0x05, 0x02, 0xA8,
    0xAE, 0x8A, 0x60, 0xCB, 0x29, 0x76, 0x85, 0x7A, 0x5D, 0x3B, 0x67, 0xF6, 0x15, 0x6B, 0x39, 0x20,
    0xE5, 0x5B, 0xEF, 0x6E, 0xAA, 0xCC, 0x8E, 0x34, 0x35, 0x45, 0xD3, 0x42, 0x80, 0x92, 0x01, 0x57,
    0xF4, 0xEF, 0x54, 0xC3, 0x1B, 0x5C, 0xBE, 0x47, 0xED, 0x03, 0x43, 0xDC, 0xCD, 0x35, 0xE3, 0xC3,
    0x25, 0x79, 0xF8, 0x04, 0x10, 0xDD, 0xBD, 0x77, 0xCA, 0xDD, 0xC4, 0x22, 0x50, 0x54, 0x3E, 0xF8,
    0xDB, 0x9E, 0x59, 0x1F, 0xF3, 0x09, 0x32, 0x4F, 0xAB, 0x7D, 0xF3, 0x24, 0xBC, 0x45, 0xB6, 0x8E,
    0xEB, 0xEA, 0xB0, 0xBA, 0xD5, 0x85, 0x48, 0xF5, 0x40, 0xA2, 0x87, 0xCC, 0x04, 0x02, 0x61, 0x33,
    0xB3, 0xF1, 0x9C, 0x39, 0xEF, 0xDE, 0x4F, 0xE0, 0xC2, 0x88, 0x5F, 0x5B, 0xCF, 0xD2, 0x7B, 0x98,
    0xF1, 0xB2, 0xA7, 0xE9, 0xDF, 0x2D, 0x6F, 0x22, 0x4D, 0xAF, 0x46, 0xE8, 0x1D, 0x81, 0xF6, 0x90,
    0x6B, 0x7E, 0x3E, 0xA1, 0x5E, 0xAC, 0x60, 0xB9, 0xDC, 0x27, 0xF5, 0xB0, 0x6A, 0xCC, 0x0D, 0xCC,
    0xC7, 0x14, 0xBD, 0x95, 0x35, 0x3F, 0xC7, 0x72, 0x1A, 0xCD, 0xA7, 0x1A, 0x7C, 0xC8, 0x2D, 0x58,
    0xB9, 0x83, 0xE5, 0x7A, 0x1C, 0x7E, 0xCD, 0x4F, 0x06, 0x21, 0x17, 0x23, 0x38, 0x99, 0x83, 0xA1,
    0x6B, 0x3D, 0x2D, 0x57, 0x71, 0xF8, 0x0A, 0xC5, 0x07, 0xAE, 0xC4, 0x40, 0x6D, 0x97, 0xFC, 0xAB,
    0x20, 0xE6, 0x79, 0x3C, 0x08, 0xE9, 0xC6, 0x51, 0xAD, 0x59, 0x76, 0x8D, 0x5B, 0x40, 0xC8, 0xBD,
    0x23, 0xC0, 0x8B, 0xC0, 0xA9, 0xEB, 0xD1, 0xC8, 0x3B, 0x98, 0x8E, 0x67, 0xF7, 0xF6, 0x2E, 0xC2,
    0x89, 0x32, 0x4F, 0x9D, 0x83, 0x90, 0x57, 0x91, 0x02, 0x4A, 0x9F, 0xED, 0xCA, 0xBD, 0xAF, 0x8D,
    0x28, 0xEF, 0xA3, 0x86, 0x27, 0x97, 0x51, 0x7D, 0xF7, 0x4E, 0x55, 0xEA, 0x1F, 0x5C, 0xB7, 0x7F,
    0xF0, 0xBC, 0x9F, 0xD1, 0x95, 0x7A, 0xA9, 0xB9, 0x79, 0x6F, 0x6B, 0xDF, 0xDE, 0x97, 0xAE, 0xFB,
    0x55, 0x40, 0x28, 0x42, 0x73, 0x4E, 0xC9, 0x07, 0x9C, 0x38, 0x29, 0xC7, 0xAC, 0x23, 0x5D, 0xD5,
    0xE9, 0x7F, 0xFF, 0xB9, 0x9C, 0xF8, 0x3E, 0x8D, 0x8B, 0xEC, 0xEE, 0xA3, 0xBE, 0x8C, 0x34, 0xF2,
    0x79, 0x91, 0xF0, 0xED, 0xE9, 0x0B, 0x9E, 0xB4, 0x3E, 0x74, 0x99, 0xC9, 0x8D, 0xBE, 0x7E, 0x6A,
    0x6F, 0xEF, 0xD8, 0x4C, 0x27, 0x5A, 0x4E, 0x5B, 0xB1, 0xE0, 0xC1, 0x15, 0xDA, 0x4E, 0xE6, 0x24,
    0xD9, 0xE0, 0x24, 0x4B, 0xE5, 0x03, 0xEF, 0x19, 0x7B, 0x8B, 0x14, 0x6E, 0x75, 0x39, 0x59, 0xB8,
    0x47, 0x73, 0x3C, 0x27, 0x6E, 0xE3, 0xF6, 0x36, 0x44, 0xF2, 0x67, 0x76, 0x68, 0xEE, 0xF9, 0x19,
    0x9D, 0x2F, 0x73, 0xF3, 0xD7, 0x3F, 0xFB, 0x8C, 0xDD, 0xC5, 0xF6, 0x41, 0xAD, 0xCC, 0x20, 0xBE,
    0xB6, 0x4C, 0x00, 0x0C, 0xA6, 0xD9, 0x71, 0x37, 0xF4, 0xFB, 0xBC, 0xE4, 0xA2, 0x60, 0xC9, 0x45,
    0x77, 0xAC, 0xE4, 0x82, 0x16, 0x52, 0x8E, 0x43, 0x99, 0xBE, 0xC6, 0xC5, 0x9E, 0x30, 0x41, 0xFB,
    0x70, 0x72, 0xDA, 0xF6, 0x1C, 0xAE, 0xDE, 0x91, 0x96, 0xC8, 0x70, 0x9B, 0x14, 0x40, 0x18, 0xB3,
    0x59, 0xBC, 0xF7, 0xCB, 0x09, 0x9D, 0x5E, 0x5D, 0x30, 0x40, 0x13, 0x35, 0x8D, 0xCF, 0xCE, 0x52,
    0x34, 0x7C, 0xFE, 0xB6, 0x32, 0xE8, 0x03, 0x4D, 0x81, 0xFF, 0xD5, 0x78, 0x85, 0x43, 0x5F, 0xE2,
    0x33, 0x8C, 0xB5, 0x28, 0x27, 0x67, 0x6F, 0xFC, 0x89, 0x6A, 0x64, 0xCA, 0xA3, 0x35, 0x32, 0x4C,
    0xDC, 0x70, 0x85, 0xD8, 0x77, 0x62, 0x9A, 0xC1, 0xF3, 0x66, 0x69, 0x4E, 0x1A, 0x2F, 0xF9, 0x8B,
    0x95, 0xD9, 0x3C, 0x09, 0xBD, 0x3E, 0x1C, 0x4C, 0x33, 0x71, 0x4C, 0x73, 0x5D, 0x69, 0xD0, 0x9A,
    0xB3, 0xC5, 0xA8, 0x0F, 0xB9, 0x12, 0x1D, 0xEC, 0x3F, 0xFC, 0x9E, 0x33, 0x4D, 0xD7, 0xDB, 0x9C,
    0xA6, 0x82, 0xAB, 0x49, 0xBD, 0x5D, 0x3D, 0x93, 0xAB, 0x18, 0xAC, 0x68, 0x59, 0xFC, 0x52, 0xEE,
    0x11, 0xDB, 0x7E, 0x53, 0x57, 0x9A, 0x4B, 0xE6, 0x5A, 0xF5, 0x8C, 0x52, 0x1C, 0xFF, 0xBE, 0x84,
    0xA4, 0xD5, 0x55, 0x3A, 0xA7, 0x5A, 0x66, 0x4A, 0xC7, 0x8C, 0x7B, 0x59, 0x82, 0x8D, 0x34, 0x6A,
    0xC0, 0x8A, 0x9A, 0xEC, 0xA7, 0x6A, 0x5F, 0x75, 0x2B, 0x2B, 0x09, 0x69, 0x22, 0xF6, 0xDB, 0xB6,
    0xB2, 0x94, 0x14, 0x0E, 0x8A, 0x31, 0x16, 0xB7, 0xFA, 0x82, 0x04, 0x28, 0x5E, 0xCB, 0x97, 0x84,
    0xCE, 0x6E, 0x47, 0x4A, 0x67, 0xB6, 0xB7, 0x36, 0xB0, 0xEA, 0x70, 0x9D, 0xDB, 0x9F, 0x5B, 0xBC,
    0x4D, 0x8F, 0xF5, 0x10, 0x7C, 0xC1, 0x44, 0x09, 0x3D, 0x30, 0xA2, 0xEB, 0x18, 0xA9, 0x7B, 0x33,
    0x5D, 0xD9, 0x14, 0x63, 0xA8, 0xA8, 0x39, 0x0F, 0x18, 0x5B, 0xD8, 0xA3, 0x78, 0x6C, 0xD2, 0xA2,
    0xD2, 0x2D, 0x69, 0x48, 0x1F, 0x2F, 0x33, 0x1A, 0x52, 0x2E, 0x33, 0x91, 0xB5, 0x24, 0xD2, 0x2E,
    0x2D, 0x2B, 0x2D, 0xCC, 0x59, 0x2C, 0x75, 0x31, 0x8A, 0x24, 0xAC, 0x9D, 0x1E, 0x5C, 0x50, 0xD7,
    0x19, 0xA1, 0xC6, 0xEB, 0x5C, 0x91, 0xD5, 0x86, 0x5F, 0x68, 0x29, 0x57, 0x9E, 0x3F, 0xF2, 0x87,
    0x77, 0x7F, 0x73, 0xAF, 0x48, 0x18, 0x44, 0x5D, 0xAB, 0xC9, 0x2F, 0x7A, 0x53, 0xA5, 0xC5, 0x15,
    0x53, 0x5E, 0x35, 0x57, 0xB0, 0xDC, 0x27, 0x28, 0x52, 0x60, 0x42, 0x84, 0x67, 0xE8, 0x70, 0x72,
    0xEB, 0x80, 0x7E, 0x07, 0x43, 0x6B, 0x7B, 0x5D, 0x2F, 0x3A, 0x3B, 0xDD, 0x61, 0x90, 0x4A, 0xD7,
    0xD5, 0xC4, 0x5B, 0xE5, 0x74, 0x92, 0xEE, 0xB5, 0x78, 0x15, 0x80, 0x26, 0x24, 0x73, 0xF4, 0xEE,
    0x3D, 0x8D, 0xDE, 0x45, 0xE9, 0x03, 0xCC, 0xC6, 0xB9, 0x29, 0x8D, 0x8F, 0x3B, 0x1F, 0x69, 0xB0,
    0xF9, 0xBC, 0x36, 0x48, 0xF8, 0x7A, 0xB1, 0x60, 0x91, 0xFC, 0xA4, 0x25, 0xFB, 0xFB, 0xE6, 0xF4,
    0x49, 0x96, 0x14, 0xDC, 0x9A, 0x26, 0x78, 0x1F, 0x52, 0x24, 0x46, 0x24, 0xD6, 0xD4, 0x34, 0x65,
    0x13, 0xB7, 0x25, 0x14, 0x61, 0x8B, 0x35, 0x49, 0xFA, 0xD1, 0x17, 0xED, 0xED, 0xC8, 0x71, 0x7D,
    0x95, 0xF5, 0xC8, 0xF4, 0xC7, 0xBC, 0xB1, 0x44, 0x7D, 0x90, 0x6E, 0x77, 0x70, 0x91, 0xC9, 0xC1,
    0x76, 0xC1, 0xD7, 0xF8, 0xF0, 0xAD, 0x10, 0x70, 0x80, 0xA9, 0x3D, 0xB7, 0xDE, 0xEA, 0xD8, 0xA1,
    0x4F, 0x15, 0xD1, 0x5C, 0x8C, 0x88, 0xA4, 0x19, 0xCA, 0x42, 0x7A, 0x7A, 0xDE, 0xD8, 0x2B, 0x66,
    0x1E, 0xA2, 0x8B, 0x13, 0x2C, 0x46, 0x1C, 0xBB, 0x9C, 0x90, 0x42, 0x3A, 0xD5, 0x68, 0x9C, 0x29,
    0x9A, 0x2E, 0xFD, 0xF9, 0x13, 0xDB, 0x66, 0xB6, 0xDE, 0x24, 0xAB, 0x4E, 0x5A, 0xB5, 0x21, 0xEE,
    0xF8, 0x73, 0x8A, 0xF7, 0x48, 0xA0, 0x36, 0x0C, 0xC9, 0xFB, 0x3D, 0xDE, 0x08, 0x26, 0x8C, 0xAE,
    0x4D, 0xC4, 0x1A, 0x59, 0x8B, 0x75, 0x86, 0x9A, 0xDC, 0x1A, 0x11, 0x0E, 0x9B, 0x6A, 0x50, 0x97,
    0xCF, 0xF2, 0xC1, 0xF6, 0x3A, 0x27, 0xD6, 0xDE, 0x52, 0x8E, 0xAE, 0x19, 0xAD, 0xEA, 0x51, 0x8A,
    0xFF, 0x65, 0xBE, 0x6A, 0xCB, 0x7D, 0x5D, 0x6D, 0x39, 0xCD, 0x43, 0x2D, 0x15, 0xDD, 0xAF, 0xEA,
    0xDA, 0x60, 0x7D, 0xA2, 0xB6, 0x5C, 0xAA, 0x4A, 0xF9, 0x79, 0xC6, 0x81, 0xDA, 0x73, 0x7C, 0x21,
    0xE1, 0xE1, 0x70, 0x79, 0xC5, 0x96, 0x7B, 0xFD, 0x90, 0xB6, 0xDC, 0x83, 0x0D, 0x5F, 0xCF, 0x1B,
    0xD5, 0xB0, 0x77, 0x87, 0x18, 0x23, 0x0A, 0xFA, 0x04, 0xF1, 0x95, 0xB0, 0x4F, 0x61, 0x67, 0x4E,
    0x16, 0x4F, 0x09, 0xE9, 0xDF, 0xE0, 0x5B, 0x01, 0x35, 0xE5, 0x97, 0x29, 0x5C, 0xDD, 0xDA, 0x2A,
    0x65, 0xAB, 0xA3, 0xE2, 0xAA, 0x7C, 0x6B, 0x1F, 0x4D, 0x42, 0xB9, 0xEA, 0x5F, 0x66, 0x98, 0x39,
    0x2E, 0x2E, 0x70, 0x8F, 0x07, 0x26, 0xBA, 0x36, 0x08, 0x25, 0x4A, 0xC7, 0x11, 0xF7, 0x35, 0xD1,
    0x9B, 0xE8, 0x52, 0xFC, 0xA3, 0x99, 0x80, 0x33, 0x7D, 0x1A, 0x18, 0x97, 0xD3, 0x8C, 0xD7, 0x40,
    0x5D, 0xC7, 0x0A, 0xE9, 0x86, 0xD1, 0xB8, 0x29, 0x03, 0x74, 0x24, 0x6D, 0x66, 0x19, 0xBF, 0x41,
    0xBF, 0xC1, 0xEF, 0x9A, 0x95, 0xE2, 0xE3, 0x65, 0xD1, 0x82, 0x82, 0x49, 0xB3, 0xDA, 0x13, 0xD4,
    0x47, 0xBC, 0x98, 0xF1, 0xED, 0xA9, 0x4F, 0x31, 0xC9, 0xE0, 0x09, 0x8A, 0x9C, 0x53, 0x3E, 0x7E,
    0x70, 0xCA, 0x65, 0x73, 0x62, 0x82, 0xE8, 0xE7, 0x6E, 0xD5, 0x7C, 0xE7, 0x5A, 0x9C, 0x78, 0xE5,
    0x0E, 0x6A, 0x75, 0xC4, 0xDE, 0xB6, 0xC1, 0x9B, 0xF3, 0xB2, 0xF8, 0xFE, 0x22, 0xAB, 0xCF, 0x7D,
    0x2C, 0x69, 0x3E, 0x21, 0x10, 0x4F, 0x8A, 0x60, 0x11, 0xD5, 0xA6, 0x7C, 0xA0, 0x11, 0x9A, 0x81,
    0xE7, 0xFF, 0x09, 0x03, 0x77, 0xB7, 0xC9, 0x6F, 0x39, 0xDF, 0x96, 0x8C, 0xF1, 0x74, 0x66, 0x7F,
    0xCF, 0xB7, 0x6D, 0x4C, 0x21, 0x86, 0x52, 0x31, 0xAB, 0x40, 0xD8, 0x72, 0x95, 0xC2, 0xF3, 0xFB,
    0x23, 0xC8, 0xBC, 0xAC, 0xD0, 0x15, 0x2A, 0x4A, 0x7B, 0x30, 0x96, 0xC9, 0xDE, 0x36, 0x8F, 0xE9,
    0xF8, 0x4F, 0xBE, 0x93, 0x76, 0x34, 0x4F, 0xBB, 0x3B, 0xB5, 0x3D, 0xB7, 0xB4, 0x4F, 0x5D, 0xFA,
    0x13, 0x17, 0x0C, 0x3F, 0x6A, 0x9F, 0xAE, 0xEA, 0x17, 0x9F, 0xE3, 0xF6, 0x49, 0x6E, 0xE7, 0x30,
    0xA6, 0x1F, 0xE9, 0x8E, 0x7A, 0xE6, 0x2B, 0xC1, 0xA0, 0xA4, 0x39, 0x7F, 0xF5, 0x2A, 0xD8, 0xF6,
    0x95, 0x27, 0x4C, 0xF2, 0xB3, 0x0E, 0xDB, 0x57, 0x9B, 0xAF, 0x9D, 0x36, 0xC9, 0xEB, 0xF5, 0x29,
    0xCC, 0x47, 0xC1, 0x59, 0x59, 0x66, 0x1B, 0x27, 0xF3, 0x65, 0xF7, 0xB4, 0x9A, 0x59, 0xB7, 0x5A,
    0x85, 0xA1, 0xAB, 0x0E, 0x93, 0xD7, 0x85, 0xDC, 0x46, 0xB7, 0x38, 0xE9, 0xD7, 0xB1, 0x4D, 0x1F,
    0xC2, 0xF6, 0x3C, 0xDB, 0x5F, 0xDD, 0x39, 0xDC, 0x75, 0x2F, 0x85, 0x8D, 0xB8, 0x8D, 0x6B, 0x0D,
    0x80, 0x2E, 0xD7, 0x81, 0x38, 0x37, 0xD6, 0xFA, 0xBF, 0xAB, 0xE1, 0x8C, 0x1C, 0x2B, 0x51, 0xBF,
    0xA0, 0xE9, 0xEF, 0x73, 0x5D, 0xA6, 0x4E, 0x70, 0x77, 0x1A, 0x1D, 0xA4, 0x8C, 0xCD, 0xA0, 0xD8,
    0x24, 0x78, 0xE1, 0xDD, 0xF7, 0x45, 0x0D, 0xDE, 0xE5, 0x45, 0x40, 0x41, 0xAF, 0x87, 0x4F, 0x39,
    0x99, 0x8A, 0x04, 0xC8, 0x8A, 0x14, 0x2F, 0xF2, 0x48, 0xB1, 0x58, 0x78, 0x32, 0xEC, 0x50, 0x9B,
    0x02, 0x6A, 0xB5, 0x7C, 0x7F, 0x4C, 0xF0, 0xE5, 0xEA, 0xA2, 0x4B, 0x66, 0xD0, 0xB5, 0x39, 0xD2,
    0x06, 0xC5, 0x0F, 0x03, 0x1E, 0x82, 0xAC, 0x00, 0xF8, 0x5E, 0x84, 0xE9, 0x27, 0xAC, 0x91, 0xF1,
    0x3F, 0xD3, 0x7A, 0xE4, 0x7A, 0x95, 0xD1, 0x37, 0xE8, 0x68, 0x90, 0xD5, 0xEE, 0x89, 0xDE, 0x8C,
    0xCB, 0x98, 0xC9, 0x5A, 0xD5, 0x50, 0x5A, 0xFA, 0x3D, 0xBB, 0x37, 0xCD, 0xAE, 0xCB, 0x60, 0x43,
    0xFC, 0x14, 0x9D, 0x8B, 0x47, 0xD1, 0x00, 0x6C, 0xDA, 0x94, 0xED, 0xA6, 0x5C, 0xB6, 0x88, 0xAC,
    0x7B, 0xCF, 0xC2, 0xB0, 0xEE, 0x2A, 0x8F, 0x5C, 0x60, 0xD2, 0x47, 0x9B, 0xE9, 0x2A, 0x1F, 0xC6,
    0x17, 0x83, 0xF9, 0xF7, 0x85, 0xFD, 0x21, 0xBB, 0x42, 0x19, 0xDB, 0xDB, 0x8F, 0xBE, 0xF6, 0x90,
    0xD5, 0x45, 0x3E, 0xF4, 0x8B, 0x95, 0xD2, 0x47, 0x1B, 0x07, 0x8B, 0x31, 0x2A, 0xC9, 0x97, 0x21,
    0xBB, 0x32, 0x45, 0x38, 0x61, 0x5D, 0x74, 0xD2, 0x85, 0x9C, 0x51, 0xDA, 0x52, 0xD2, 0x71, 0x76,
    0x93, 0x6F, 0x4B, 0xF2, 0x2F, 0x1A, 0xF3, 0x31, 0xE7, 0x33, 0xEB, 0x89, 0xF6, 0x7F, 0xB5, 0x5C,
    0x94, 0xEC, 0x09, 0xE0, 0xC2, 0xA3, 0xCF, 0xAC, 0x7B, 0xA2, 0x2E, 0xCF, 0x47, 0xF0, 0x64, 0xF8,
    0x19, 0xFD, 0xA4, 0x90, 0x9F, 0x57, 0x4E, 0xC1, 0x11, 0x56, 0xE0, 0x95, 0xB8, 0x2D, 0x44, 0xDD,
    0x7D, 0x7C, 0x8F, 0x57, 0x7D, 0x82, 0x27, 0xAA, 0x01, 0x19, 0x0D, 0x10, 0xB7, 0x42, 0x6E, 0xF8,
    0x89, 0x54, 0x38, 0x91, 0xD7, 0xF0, 0x44, 0x21, 0x03, 0x14, 0xAB, 0x1F, 0x3C, 0x09, 0xAD, 0x29,
    0x9E, 0x81, 0xE2, 0x8E, 0x7B, 0xA2, 0xB8, 0xB0, 0x1C, 0x4B, 0x37, 0x34, 0x17, 0x79, 0x52, 0x1F,
    0x5B, 0xCD, 0xAA, 0x76, 0xD5, 0x4D, 0x54, 0x4E, 0x5A, 0x95, 0xEE, 0xB1, 0xCC, 0x95, 0xE6, 0x3D,
    0x5E, 0x46, 0xDE, 0xA3, 0xA0, 0x76, 0x93, 0xE4, 0x4F, 0xF7, 0xE1, 0xAB, 0x7D, 0x3E, 0x3D, 0x97,
    0x5D, 0x9B, 0x4F, 0x5E, 0x5A, 0xC9, 0x7B, 0xBC, 0x74, 0xB8, 0xF7, 0x4C, 0x77, 0x1F, 0x5C, 0xD3,
    0x78, 0x0B, 0xFC, 0x8B, 0x58, 0xCC, 0x41, 0xDF, 0x8E, 0xC2, 0x52, 0xCE, 0x65, 0xDE, 0x23, 0x95,
    0xCB, 0x37, 0x1E, 0x2B, 0xCC, 0x67, 0xBD, 0xAC, 0x19, 0x1F, 0xFB, 0x0F, 0xAB, 0xF9, 0x7D, 0xF0,
    0xAA, 0x84, 0xA8, 0x65, 0xFB, 0xA8, 0x7B, 0x27, 0xF5, 0x1D, 0xFE, 0x07, 0x5F, 0x5C, 0xC0, 0x7D,
    0xDD, 0x53, 0x7D, 0x7D, 0x8B, 0xB6, 0xC7, 0xFE, 0xC3, 0x79, 0x19, 0x3B, 0x86, 0x9A, 0xCF, 0xB8,
    0x32, 0x7E, 0xEA, 0x4A, 0x6B, 0x3F, 0xE1, 0x65, 0x20, 0x4C, 0x07, 0x81, 0x2F, 0xA4, 0x0F, 0x38,
    0x5B, 0x3A, 0x3B, 0x69, 0xBD, 0xB8, 0x12, 0x05, 0x11, 0xBD, 0xAE, 0x93, 0x70, 0xBC, 0xC6, 0xBA,
    0x64, 0x89, 0x68, 0x7B, 0xA7, 0x0A, 0xEC, 0x23, 0xF1, 0x42, 0x2E, 0x97, 0xA1, 0xCB, 0xF3, 0xB7,
    0x14, 0x82, 0xC8, 0x12, 0xD0, 0x55, 0x4D, 0x36, 0xF7, 0x9F, 0x73, 0xB5, 0x33, 0x0B, 0x57, 0x2C,
    0xCC, 0x04, 0xBB, 0xD7, 0x2E, 0xB0, 0x12, 0x43, 0xB1, 0x3D, 0x6D, 0xD7, 0x1E, 0xE2, 0x0A, 0x72,
    0x13, 0x2D, 0xC6, 0x0D, 0xDC, 0x7B, 0x7A, 0x32, 0xCA, 0x60, 0x75, 0xCE, 0x5B, 0xE3, 0x72, 0x62,
    0xC6, 0x32, 0x5D, 0x57, 0x16, 0x7D, 0xF4, 0xEC, 0xE0, 0x76, 0xF5, 0x5A, 0xFF, 0xCA, 0x9F, 0x64,
    0xEE, 0x8A, 0x81, 0xDD, 0x68, 0xAC, 0xBE, 0xDF, 0x2F, 0x43, 0x11, 0xA3, 0x73, 0x0C, 0xB5, 0xAE,
    0xEA, 0x59, 0x2D, 0xAA, 0x67, 0x59, 0x73, 0xF1, 0x58, 0xE1, 0x5F, 0xC5, 0xE1, 0x5F, 0xB8, 0x31,
    0xFD, 0x9C, 0x3A, 0xD0, 0x34, 0xA6, 0xEA, 0x4B, 0xDC, 0xDC, 0xDB, 0x95, 0x8D, 0x37, 0x1B, 0x1F,
    0x5E, 0x31, 0x05, 0x7F, 0xB5, 0x8C, 0xB7, 0x94, 0x5A, 0x8D, 0x3E, 0x20, 0x6F, 0xC3, 0xF0, 0x9D,
    0x2E, 0x3E, 0xD8, 0xA2, 0x2F, 0x73, 0x71, 0xEF, 0x62, 0x71, 0x6F, 0x71, 0x71, 0x91, 0x16, 0x57,
    0x5F, 0xAB, 0xF1, 0x16, 0xFF, 0xDE, 0x96, 0xDE, 0x57, 0xDA, 0xF2, 0x0D, 0x85, 0x9A, 0x76, 0xA4,
    0x6F, 0x6A, 0x31, 0xD5, 0x21, 0xD3, 0x33, 0x84, 0x2B, 0xE8, 0xAB, 0x7E, 0x99, 0xF0, 0x7B, 0xCF,
    0x96, 0x43, 0x0B, 0x37, 0x9E, 0x61, 0x75, 0x3D, 0x88, 0x98, 0xAF, 0x6D, 0x74, 0x6F, 0xB6, 0xE1,
    0xDB, 0xE3, 0xF8, 0xA5, 0x0A, 0xE4, 0x45, 0xE5, 0xDB, 0x3E, 0x0B, 0x4D, 0x4B, 0x55, 0x65, 0xFE,
    0x42, 0x4D, 0x02, 0x8B, 0xEC, 0x98, 0x84, 0xA6, 0xEB, 0x06, 0xAE, 0xE4, 0x40, 0x15, 0x3E, 0x07,
    0xCD, 0xF2, 0x81, 0xAA, 0xCE, 0xCA, 0x8E, 0xB0, 0xEC, 0x8D, 0x47, 0x99, 0x82, 0xB6, 0x2C, 0x3C,
    0x27, 0xF4, 0xDC, 0x5A, 0x0B, 0x99, 0x1A, 0xF1, 0x5C, 0xBA, 0xAB, 0x75, 0xF3, 0x9B, 0x76, 0x63,
    0x02, 0x9A, 0xF5, 0xD3, 0x97, 0x2C, 0x18, 0x30, 0x2C, 0xE7, 0x2E, 0xFF, 0xAC, 0xE4, 0x02, 0x3B,
    0x64, 0x1F, 0x9B, 0xBB, 0xCE, 0x6C, 0xC9, 0x5E, 0xB1, 0x6D, 0xD5, 0xDB, 0xBE, 0xB2, 0xF7, 0xDA,
    0x52, 0x18, 0xDE, 0x60, 0xA6, 0x13, 0xFF, 0xEE, 0x06, 0x97, 0xC5, 0x14, 0x8E, 0xEF, 0x66, 0xAB,
    0x6E, 0x97, 0xE7, 0x94, 0x0E, 0xBB, 0xB4, 0x41, 0x69, 0x63, 0x43, 0x5A, 0x6C, 0x6F, 0x7F, 0x81,
    0xE5, 0x4D, 0x83, 0x2E, 0xBA, 0x53, 0xEF, 0x28, 0x3D, 0x58, 0x86, 0x35, 0x26, 0xBD, 0xA6, 0x08,
    0xCD, 0xC0, 0xCC, 0x59, 0x49, 0xD5, 0x31, 0x54, 0x6A, 0x8B, 0xBD, 0xEA, 0xE6, 0xE5, 0x9B, 0xCF,
    0xCB, 0xBD, 0xD5, 0x08, 0xA1, 0x66, 0x69, 0xF2, 0x2F, 0xE8, 0x92, 0x16, 0xEE, 0x2D, 0xD0, 0x9A,
    0xB0, 0xD6, 0xAE, 0x94, 0x81, 0xBD, 0x3D, 0xE3, 0xD9, 0xED, 0xE8, 0x5B, 0x06, 0xD5, 0x8F, 0xA8,
    0xEF, 0x4C, 0xBC, 0x9D, 0x55, 0xCC, 0x00, 0x8B, 0x2E, 0xFB, 0x08, 0x60, 0xD6, 0xE8, 0x2D, 0xAC,
    0xE2, 0xA9, 0x58, 0xC5, 0xEC, 0xEE, 0xAB, 0xDC, 0x4E, 0xA3, 0xF9, 0x8A, 0x55, 0x3C, 0xA3, 0x55,
    0xFC, 0x0C, 0xAD, 0x20, 0xF6, 0x7E, 0xFF, 0xDD, 0xB2, 0x8A, 0xFF, 0x1F, 0xED, 0x7D, 0xBD, 0x93,
    0xE5, 0xD6, 0x75, 0xE7, 0x05, 0xB0, 0xDD, 0xCF, 0x26, 0x6A, 0x17, 0x0A, 0x48, 0xD9, 0x9C, 0xA9,
    0x15, 0x14, 0x30, 0x90, 0xBC, 0x32, 0xF1, 0x0F, 0x50, 0x04, 0x48, 0x56, 0x99, 0x81, 0x02, 0x77,
    0xD5, 0xB2, 0xE9, 0x92, 0x14, 0xD0, 0xA1, 0x28, 0x55, 0xA9, 0x15, 0x6C, 0xE0, 0x40, 0x24, 0xC0,
    0x62, 0xC0, 0xC0, 0x81, 0xDA, 0x55, 0xA4, 0xE3, 0x09, 0xC6, 0x55, 0x54, 0xD3, 0xDE, 0xD9, 0x40,
    0x81, 0xB6, 0x6A, 0x66, 0x00, 0x92, 0x01, 0x03, 0x06, 0x82, 0xCC, 0xDD, 0x52, 0xA0, 0x80, 0x28,
    0x69, 0x68, 0x97, 0x86, 0x01, 0x21, 0x12, 0x34, 0x5F, 0xB7, 0xF0, 0x70, 0x7D, 0x7E, 0xBF, 0x73,
    0x81, 0xF7, 0x5E, 0xF7, 0xEB, 0x19, 0x7E, 0x6B, 0xBA, 0xA5, 0x37, 0xD3, 0xEF, 0x3D, 0xE0, 0xE1,
    0xE3, 0xDE, 0x73, 0xCE, 0x3D, 0xDF, 0xE7, 0xC0, 0x18, 0xB3, 0x6D, 0xF8, 0xCA, 0x0B, 0x7E, 0xD8,
    0x0A, 0xEF, 0x9E, 0xAD, 0xF1, 0x11, 0xD8, 0x46, 0x3F, 0x5A, 0x7C, 0x84, 0xBF, 0xE8, 0xF0, 0x11,
    0xBD, 0xDA, 0xE3, 0x23, 0x7E, 0x96, 0x1F, 0xA9, 0xB7, 0xE0, 0xD9, 0xC6, 0xE2, 0xE3, 0x9A, 0x7E,
    0xF4, 0xBC, 0x9A, 0x3F, 0x37, 0xA9, 0x5C, 0x2D, 0xE8, 0x4C, 0x22, 0x57, 0x9B, 0xB5, 0x26, 0x96,
    0xAB, 0x45, 0xD6, 0xE2, 0x6A, 0xF8, 0x90, 0xAB, 0x25, 0x37, 0x0F, 0x5E, 0x92, 0xCB, 0xA4, 0x99,
    0x09, 0x7A, 0x5C, 0xC4, 0xF8, 0x83, 0x31, 0x03, 0xEE, 0x6F, 0x3C, 0x5C, 0xDE, 0x66, 0x3E, 0x3E,
    0xCA, 0x62, 0xB6, 0xC8, 0x8C, 0x6F, 0x6F, 0x94, 0x72, 0x6E, 0x6A, 0x79, 0x89, 0xDC, 0x5A, 0x73,
    0xEC, 0xE5, 0xEB, 0x9E, 0x48, 0xE7, 0x10, 0x3F, 0xC2, 0xC1, 0x27, 0x7E, 0xBB, 0xFA, 0xF1, 0x5C,
    0xB3, 0x72, 0x88, 0xBF, 0x98, 0xCE, 0x0D, 0xAD, 0x8C, 0x18, 0x63, 0x9A, 0x0D, 0x57, 0x7A, 0x13,
    0xB5, 0xF2, 0x53, 0x5C, 0xCB, 0x50, 0xA2, 0x4A, 0xDE, 0xB6, 0x0B, 0x9D, 0xD7, 0xF8, 0xB6, 0x5D,
    0xCA, 0xF8, 0x4A, 0x19, 0x40, 0x68, 0x8F, 0xAC, 0x89, 0x3B, 0xD9, 0x27, 0x33, 0x95, 0xB7, 0x62,
    0xFA, 0x56, 0x07, 0xD6, 0x24, 0x87, 0x7B, 0xF6, 0xA6, 0xCC, 0x34, 0x1D, 0x02, 0xDB, 0xC9, 0x51,
    0xDF, 0xCC, 0xBC, 0x71, 0xA4, 0x03, 0x07, 0x21, 0xB7, 0x4C, 0x42, 0x19, 0xC9, 0x83, 0x41, 0xED,
    0xDE, 0x92, 0x6F, 0x54, 0xF8, 0x21, 0x23, 0xF4, 0xE4, 0xF5, 0x18, 0x07, 0xDD, 0x10, 0x09, 0x04,
    0x37, 0x66, 0x11, 0xE0, 0x6C, 0x73, 0x57, 0x61, 0x4E, 0xBE, 0xEE, 0x79, 0xE9, 0x28, 0x03, 0x68,
    0x6C, 0x31, 0x03, 0x98, 0x00, 0xC8, 0x64, 0x2E, 0xD3, 0x31, 0x39, 0x46, 0x25, 0x93, 0x92, 0xAF,
    0x32, 0x2F, 0xB9, 0xD6, 0xF2, 0xAB, 0x87, 0xF9, 0xEA, 0xD8, 0xC3, 0x16, 0x98, 0xE9, 0x01, 0x09,
    0x2B, 0xA7, 0x1D, 0xBD, 0x24, 0x04, 0x20, 0xA7, 0xD9, 0x4C, 0x0E, 0x08, 0x7B, 0x9C, 0x96, 0x56,
    0xF2, 0xD5, 0xE7, 0xD7, 0x04, 0x5F, 0x83, 0xE5, 0xDE, 0x68, 0x2E, 0x5F, 0x67, 0xD6, 0xEC, 0xC9,
    0x69, 0x35, 0xB0, 0xD4, 0x62, 0x0C, 0xCD, 0x38, 0xB4, 0x27, 0xF1, 0x36, 0x23, 0xC4, 0x13, 0x12,
    0x52, 0x4E, 0x1A, 0x1B, 0xCC, 0xC6, 0xD7, 0x16, 0x8F, 0xEB, 0x27, 0xEA, 0x0B, 0x15, 0x63, 0x25,
    0xA1, 0x47, 0xCA, 0x0B, 0x15, 0xA1, 0x27, 0x77, 0x27, 0x72, 0xC9, 0xE4, 0x35, 0x2B, 0x40, 0x2C,
    0x81, 0x23, 0xDF, 0xBE, 0x1F, 0xCB, 0xCC, 0x16, 0xF8, 0x2F, 0x84, 0x28, 0xA3, 0x94, 0xA3, 0xE3,
    0x16, 0x47, 0xA7, 0x15, 0x2E, 0x62, 0x71, 0x11, 0x99, 0x87, 0xEC, 0x8E, 0x8E, 0xEF, 0x9E, 0xF1,
    0xE8, 0xA4, 0xC2, 0xEE, 0x01, 0xB7, 0x8C, 0x05, 0x52, 0x87, 0x7F, 0x23, 0xD7, 0x26, 0x01, 0x7B,
    0xD6, 0x62, 0xFC, 0x5B, 0x3F, 0x16, 0x84, 0x79, 0xDF, 0x2A, 0x2F, 0x9B, 0x19, 0x01, 0x97, 0x93,
    0x42, 0xE5, 0x1E, 0x16, 0x40, 0x9D, 0x11, 0xBE, 0x09, 0x41, 0x4D, 0xA8, 0x47, 0xCB, 0xAF, 0x31,
    0xD0, 0x12, 0x10, 0x43, 0x25, 0xA1, 0x5E, 0x71, 0x69, 0xC8, 0x69, 0x07, 0xE5, 0xC0, 0xD3, 0x40,
    0x5C, 0xA6, 0x5C, 0x82, 0x3A, 0x59, 0x22, 0x20, 0x5D, 0xEE, 0xB5, 0x05, 0x70, 0xDC, 0x6E, 0xCB,
    0x69, 0x8B, 0x80, 0x98, 0xCF, 0x75, 0x68, 0x27, 0x5E, 0x7F, 0x41, 0x20, 0xF5, 0xD3, 0x5A, 0x8F,
    0xF8, 0xB5, 0x04, 0x31, 0x79, 0x3B, 0x67, 0x12, 0xF0, 0x6B, 0xAF, 0x0B, 0xDC, 0x81, 0x05, 0xE4,
    0x68, 0x2D, 0x26, 0xAD, 0xA5, 0xD3, 0x62, 0x39, 0x23, 0x68, 0x52, 0xBE, 0x2B, 0x83, 0xC4, 0x11,
    0x05, 0x06, 0xDC, 0x9E, 0xDD, 0xA5, 0x71, 0xF2, 0x85, 0xBB, 0x63, 0x7E, 0x3D, 0x45, 0x41, 0x73,
    0xFC, 0xE7, 0x90, 0xBC, 0xA2, 0x23, 0x4F, 0x2F, 0x20, 0x0E, 0x30, 0xA1, 0x12, 0x1C, 0x31, 0x22,
    0x3A, 0xF7, 0x8F, 0x1D, 0xBF, 0x7D, 0xFD, 0x79, 0xC0, 0x41, 0x6E, 0x1B, 0x02, 0x2D, 0xBE, 0x7D,
    0x61, 0x4F, 0x46, 0x57, 0x09, 0xDA, 0x45, 0xE6, 0xF8, 0x73, 0x08, 0x97, 0xB8, 0x28, 0x65, 0x24,
    0x9D, 0xC0, 0xDF, 0xFC, 0xA9, 0x47, 0x90, 0x43, 0x2A, 0x51, 0xEE, 0x18, 0xCA, 0xA9, 0xD3, 0xBE,
    0x92, 0x8A, 0xD2, 0x66, 0x92, 0x2F, 0x31, 0x19, 0x33, 0x05, 0xE4, 0x0C, 0x83, 0x33, 0x89, 0xDD,
    0x37, 0xDF, 0xC7, 0x8C, 0x6C, 0x2D, 0x93, 0x96, 0x29, 0xF9, 0xD6, 0xE2, 0xA4, 0x6F, 0x3D, 0xBF,
    0x9C, 0x6E, 0x41, 0x7E, 0x8F, 0xAF, 0x4F, 0xB4, 0x2A, 0x2F, 0xB1, 0xA3, 0x9D, 0x64, 0x10, 0xC6,
    0x66, 0xC2, 0x25, 0x47, 0xFF, 0x3B, 0x47, 0xB3, 0x60, 0xFD, 0x71, 0xAB, 0x87, 0x02, 0xF2, 0x01,
    0x4E, 0xB9, 0x74, 0x42, 0xEE, 0x35, 0x98, 0x77, 0x26, 0x90, 0x6C, 0xA3, 0x36, 0x18, 0xC0, 0xCD,
    0x9F, 0xEB, 0x4C, 0xF4, 0xAF, 0x32, 0x94, 0x7D, 0x4C, 0x55, 0xE4, 0x2B, 0x58, 0x3D, 0x21, 0xCA,
    0xB9, 0x43, 0x3C, 0xE3, 0x92, 0x9C, 0x5C, 0x29, 0xBF, 0x44, 0x83, 0xF1, 0x1E, 0xB6, 0x43, 0xD9,
    0x26, 0x42, 0x73, 0x22, 0xDA, 0x04, 0x7F, 0x4F, 0x3A, 0xC4, 0x25, 0x8D, 0x0E, 0xDD, 0xDB, 0xAB,
    0xF5, 0xFE, 0x40, 0x38, 0xA4, 0x3E, 0x47, 0xFE, 0x53, 0xAE, 0xA9, 0x4C, 0x95, 0x06, 0x1E, 0x9F,
    0x76, 0x4A, 0xBB, 0xDC, 0x97, 0x28, 0xD5, 0xBE, 0x78, 0x0A, 0x85, 0x8B, 0xB8, 0xDA, 0x27, 0x85,
    0x43, 0xF0, 0x5A, 0x47, 0x37, 0xE6, 0xDB, 0x32, 0x1F, 0x19, 0xDD, 0x8C, 0xCB, 0xD2, 0x84, 0x5C,
    0x60, 0xB8, 0x12, 0xAE, 0xCF, 0x15, 0xE4, 0x64, 0x91, 0xAE, 0x2C, 0x4C, 0xC2, 0x72, 0x9C, 0xD8,
    0x10, 0xC9, 0x7A, 0xCA, 0x86, 0x3B, 0x4C, 0xCF, 0x99, 0xE9, 0x05, 0x4A, 0x08, 0x36, 0x00, 0xD8,
    0xF2, 0x77, 0xD9, 0xF0, 0x40, 0xBF, 0xF2, 0xDE, 0x98, 0xBD, 0xE1, 0x8A, 0x0C, 0x27, 0x9D, 0xC6,
    0x76, 0x63, 0x0D, 0xE4, 0xCD, 0x44, 0x15, 0x1E, 0x89, 0x40, 0x65, 0x72, 0xD8, 0x6E, 0x9E, 0xE7,
    0xCE, 0xA4, 0x53, 0xA5, 0x84, 0x4B, 0xB9, 0x98, 0x08, 0x9C, 0x88, 0x11, 0x18, 0x60, 0xB7, 0x77,
    0x6C, 0xF7, 0x1E, 0x56, 0x6A, 0x04, 0x6A, 0xF2, 0x38, 0x0C, 0x59, 0xA0, 0x82, 0x04, 0xD9, 0x97,
    0x67, 0xB2, 0xFA, 0xE4, 0x68, 0x2C, 0x43, 0x72, 0x9E, 0xB8, 0x0E, 0xC0, 0x2A, 0x32, 0x21, 0x77,
    0xD9, 0x2D, 0xE8, 0x9D, 0x75, 0x40, 0x74, 0x5C, 0xCF, 0xB8, 0x1B, 0x13, 0x5B, 0x88, 0x52, 0x82,
    0xA3, 0x65, 0x59, 0x24, 0x42, 0xA8, 0x85, 0x60, 0xC8, 0xB7, 0x37, 0xAD, 0x7D, 0x5E, 0x96, 0xE1,
    0x07, 0xB6, 0xF3, 0xED, 0x00, 0x46, 0xF2, 0xCD, 0x6C, 0x2B, 0x03, 0x8F, 0xFC, 0xB1, 0x51, 0x84,
    0xA8, 0x36, 0x21, 0x1F, 0x71, 0xBB, 0x25, 0xAC, 0x0E, 0xF7, 0xCA, 0xC9, 0x07, 0x4D, 0x09, 0xD5,
    0x00, 0x6B, 0x02, 0x1B, 0x94, 0xFD, 0x8E, 0x01, 0x3A, 0x5E, 0x27, 0xB7, 0xBB, 0x35, 0x42, 0xDC,
    0x86, 0x1E, 0xE6, 0xCE, 0xC9, 0x79, 0x81, 0x90, 0x73, 0xF2, 0xF4, 0xD2, 0x29, 0xD5, 0x15, 0x61,
    0xE3, 0xE0, 0xC3, 0xA2, 0x8B, 0x61, 0xCC, 0x59, 0x30, 0x8D, 0x6D, 0xC8, 0x4E, 0xA1, 0x2D, 0xD5,
    0x8F, 0x14, 0x2F, 0xAA, 0x37, 0x39, 0x1D, 0x0A, 0x57, 0x1C, 0x91, 0x72, 0x06, 0x91, 0xB3, 0xF6,
    0xFA, 0xAA, 0x99, 0x58, 0x94, 0xF2, 0xA5, 0xBC, 0x99, 0x14, 0xD5, 0x51, 0xDC, 0x9D, 0x7D, 0x54,
    0xEA, 0x4B, 0xB9, 0xAA, 0x30, 0xA8, 0x1A, 0x63, 0xB5, 0xFD, 0x59, 0x5E, 0x61, 0x27, 0x5E, 0xDE,
    0x28, 0x0B, 0x01, 0x26, 0x6B, 0x8B, 0x73, 0x81, 0x3E, 0x6F, 0x6E, 0x26, 0x36, 0x39, 0x12, 0x65,
    0xA4, 0x2C, 0x52, 0x97, 0x65, 0x4C, 0x15, 0x25, 0xE8, 0x26, 0x99, 0x77, 0x86, 0x71, 0x99, 0x14,
    0x93, 0xE6, 0xA9, 0xFA, 0x45, 0xC0, 0xD9, 0x47, 0x1C, 0xF0, 0x75, 0x0E, 0x95, 0x53, 0xBF, 0xFF,
    0xBC, 0xAC, 0xCA, 0xD8, 0xF9, 0x08, 0x74, 0xDE, 0x9C, 0x72, 0xFA, 0xFA, 0x5C, 0xF5, 0xCC, 0x9A,
    0x6A, 0xC2, 0xD3, 0x50, 0xC8, 0x8D, 0x57, 0x9C, 0xFD, 0x25, 0x4A, 0xFD, 0x6C, 0xC6, 0x61, 0xA7,
    0x6A, 0x9D, 0x13, 0xCC, 0x95, 0xE0, 0x55, 0xCC, 0x67, 0x59, 0xB9, 0xDB, 0xC5, 0x52, 0x29, 0x7D,
    0x80, 0x13, 0x98, 0x4F, 0x72, 0xC7, 0x79, 0x53, 0xCA, 0xF5, 0x4B, 0x26, 0xB0, 0x22, 0x54, 0x05,
    0x4E, 0xAD, 0x5D, 0xBD, 0x9F, 0xB7, 0x2B, 0xAF, 0x1D, 0x92, 0xC5, 0x73, 0x78, 0x9B, 0x7B, 0xF6,
    0xE0, 0xA0, 0x84, 0xE2, 0xE3, 0x91, 0x0A, 0x22, 0xEA, 0x40, 0x9C, 0xF2, 0x96, 0x5B, 0x4F, 0x76,
    0xB9, 0xB4, 0xF4, 0xEB, 0x91, 0x1D, 0x15, 0x71, 0x18, 0x2A, 0x1B, 0x0E, 0x18, 0xBF, 0x7A, 0x54,
    0x81, 0xBE, 0x8E, 0xAF, 0x33, 0x12, 0x0A, 0x7D, 0x38, 0x51, 0xBD, 0x07, 0x55, 0x96, 0xBE, 0x96,
    0xD7, 0x38, 0x06, 0xF3, 0x27, 0x40, 0x76, 0xE3, 0xB0, 0x34, 0xEB, 0x47, 0xE5, 0x2E, 0xAF, 0xDC,
    0x6A, 0xF6, 0x9A, 0x35, 0x5E, 0x3D, 0x90, 0x53, 0x9F, 0xE0, 0xD3, 0x23, 0x3C, 0x0F, 0xA1, 0xF6,
    0xCD, 0x4D, 0x72, 0x54, 0x36, 0x40, 0x5E, 0x36, 0xC8, 0x72, 0x11, 0x6E, 0x90, 0xBE, 0x3A, 0x17,
    0xC2, 0x11, 0xCD, 0x37, 0xC6, 0x5D, 0x7B, 0xC0, 0xE0, 0xB5, 0xA3, 0x83, 0x83, 0x17, 0x79, 0xCF,
    0xCE, 0x29, 0xC5, 0xC1, 0x78, 0x73, 0x00, 0xF6, 0xEE, 0xD0, 0x1E, 0x95, 0x45, 0x82, 0x99, 0xE6,
    0x10, 0x10, 0x5F, 0x5C, 0x6A, 0xDD, 0x41, 0x35, 0xE9, 0xD7, 0xC4, 0x40, 0x8E, 0x0B, 0x44, 0xCD,
    0xD9, 0x46, 0x83, 0x31, 0x18, 0x63, 0x3C, 0xF2, 0x17, 0xFA, 0x90, 0x5A, 0x87, 0x10, 0x4C, 0xF5,
    0x4B, 0xC6, 0x1D, 0xF2, 0x7B, 0x47, 0xC3, 0x3D, 0x80, 0x1F, 0x79, 0xDC, 0x9C, 0x40, 0x2C, 0xE2,
    0xA3, 0x83, 0x97, 0x08, 0xB9, 0x98, 0x90, 0x53, 0x20, 0x72, 0xDE, 0x3B, 0xA7, 0x01, 0xE6, 0x8A,
    0x83, 0x1C, 0x81, 0xD8, 0x9E, 0x06, 0x65, 0xF9, 0x7A, 0x37, 0x55, 0x78, 0x42, 0xEE, 0x29, 0x5A,
    0x0D, 0xFC, 0xBA, 0xD8, 0xC6, 0x8D, 0x5F, 0xB5, 0xE3, 0x24, 0x6C, 0x71, 0x0A, 0x1B, 0xD3, 0xA5,
    0x4D, 0x05, 0x23, 0xFD, 0x51, 0x07, 0x2A, 0x81, 0xE1, 0x3B, 0x07, 0xDF, 0xBE, 0x77, 0x62, 0x60,
    0x9F, 0x0F, 0xD5, 0xBA, 0xE5, 0x94, 0xCE, 0x61, 0xD1, 0x0A, 0x27, 0xEB, 0xE5, 0x2A, 0xE9, 0x43,
    0xBD, 0xD0, 0xC2, 0xAC, 0x36, 0x97, 0x65, 0xA2, 0x67, 0x03, 0xAE, 0xB3, 0x79, 0x90, 0xC1, 0x8E,
    0xFA, 0x21, 0xD6, 0xD5, 0x3B, 0x02, 0xCC, 0xF7, 0x41, 0x82, 0xF7, 0xD3, 0x2E, 0xCC, 0xB6, 0x3F,
    0x67, 0x88, 0x26, 0xC5, 0x57, 0x64, 0xBA, 0x81, 0x70, 0xFC, 0x85, 0xC8, 0x8B, 0x6F, 0x88, 0xA1,
    0xDE, 0x26, 0x73, 0x59, 0xB5, 0x4F, 0x1A, 0xB0, 0xB5, 0x0C, 0x7C, 0xED, 0x6B, 0xB8, 0x66, 0x08,
    0x56, 0x20, 0xB0, 0x04, 0x6C, 0xC8, 0x1B, 0x40, 0x15, 0xF7, 0xAC, 0xEB, 0x34, 0x77, 0x28, 0x57,
    0x58, 0xBE, 0xE8, 0x57, 0x55, 0x67, 0xC3, 0x45, 0x75, 0x7E, 0x65, 0xA3, 0xF2, 0xA1, 0x8A, 0x09,
    0xBD, 0x11, 0xE1, 0x28, 0xAE, 0x22, 0x63, 0x2A, 0x7F, 0x6E, 0xFE, 0xD2, 0xC4, 0x37, 0xE0, 0xE6,
    0x92, 0x8B, 0x05, 0x10, 0xE6, 0xDB, 0x27, 0xDC, 0x52, 0xA1, 0xDD, 0x87, 0xCA, 0x52, 0xF8, 0xF6,
    0xA5, 0x01, 0xE2, 0xB4, 0x13, 0x56, 0x9A, 0x3E, 0xD3, 0x0B, 0x1A, 0x04, 0x19, 0x89, 0x20, 0xCC,
    0x53, 0x3C, 0x11, 0x61, 0x07, 0x07, 0x07, 0xCF, 0x75, 0x4E, 0x58, 0x90, 0x51, 0xC1, 0x99, 0x42,
    0x07, 0x4A, 0x2C, 0x82, 0x3C, 0x2B, 0x05, 0xCA, 0x3E, 0xE8, 0x6F, 0x06, 0x75, 0x7E, 0xF2, 0x35,
    0xD0, 0x92, 0x01, 0x9B, 0xF6, 0x20, 0x56, 0xE8, 0xB5, 0xC2, 0xE0, 0xA3, 0x91, 0xC1, 0x3D, 0x85,
    0x83, 0xEE, 0x1E, 0xE1, 0x44, 0xDF, 0x90, 0x73, 0x10, 0x65, 0xA3, 0x87, 0x79, 0xDD, 0xBF, 0x20,
    0xB8, 0x7A, 0x0C, 0x83, 0x5A, 0xF0, 0x4D, 0x50, 0xF5, 0x12, 0xBD, 0x00, 0x04, 0x23, 0xE9, 0xF9,
    0x01, 0xBC, 0xDD, 0xB7, 0xEE, 0xDE, 0x1F, 0xDF, 0x76, 0x77, 0xF7, 0x0D, 0x3D, 0xD8, 0xFA, 0x76,
    0x70, 0x50, 0x6C, 0x3E, 0xEE, 0xE4, 0xDB, 0xB6, 0xFD, 0x8D, 0x13, 0x27, 0x2E, 0x4C, 0x41, 0x7F,
    0x01, 0xF5, 0x60, 0x38, 0xEB, 0x68, 0x94, 0x6E, 0xF0, 0x15, 0x78, 0xFF, 0x44, 0x43, 0x40, 0x74,
    0x41, 0xB8, 0xEE, 0x87, 0x47, 0x65, 0xD1, 0x37, 0x72, 0x66, 0x6E, 0x3C, 0x85, 0x61, 0x34, 0x8A,
    0x5F, 0xEA, 0x48, 0xE1, 0xE1, 0x6E, 0x06, 0x77, 0x17, 0x6E, 0xD4, 0x9B, 0xC7, 0x87, 0xDD, 0x4C,
    0x97, 0x06, 0x19, 0xDA, 0x74, 0xD4, 0x47, 0xD8, 0x95, 0x1F, 0xF2, 0xCE, 0x95, 0x71, 0x3E, 0x49,
    0x1D, 0x7B, 0x8A, 0x3D, 0xCE, 0x4B, 0x27, 0xC4, 0xBF, 0xB3, 0x59, 0x19, 0xDC, 0x2E, 0xFF, 0x49,
    0xCF, 0x98, 0xD3, 0x3F, 0x0A, 0x17, 0xCA, 0x5B, 0xBB, 0x65, 0x05, 0xE7, 0x48, 0xD8, 0xC2, 0x33,
    0xE4, 0xA9, 0xFE, 0xF9, 0x20, 0x55, 0xA9, 0x28, 0x03, 0x39, 0x78, 0xD0, 0xD4, 0x0C, 0xB5, 0xD1,
    0xC9, 0xE7, 0xE6, 0xAC, 0x04, 0xBA, 0xDE, 0x88, 0xF7, 0xDD, 0xDD, 0xFF, 0xD9, 0xC3, 0x5F, 0xD8,
    0xC3, 0xA9, 0x6A, 0x17, 0xB0, 0xDD, 0xBF, 0x38, 0x44, 0x80, 0x46, 0xFE, 0x30, 0xC9, 0xA9, 0xCE,
    0xE9, 0xD9, 0x8A, 0x16, 0x98, 0x0A, 0x55, 0xAD, 0x3C, 0xC3, 0xC2, 0x4D, 0x20, 0xF5, 0xDE, 0x96,
    0x35, 0x16, 0x5B, 0x5A, 0x8E, 0x3A, 0x36, 0xF3, 0xF8, 0x0B, 0xB7, 0x71, 0xAF, 0x9E, 0x8C, 0x2A,
    0xBD, 0x55, 0xE2, 0x52, 0x02, 0x93, 0xF2, 0xA6, 0x7D, 0xA7, 0x8E, 0x6B, 0x6F, 0xF8, 0x13, 0x19,
    0xAC, 0xE0, 0x2F, 0x85, 0x12, 0x2A, 0xD6, 0x8B, 0xFC, 0x97, 0xAF, 0x69, 0x26, 0x48, 0x9A, 0x39,
    0x17, 0xB2, 0xB1, 0x2F, 0x94, 0x35, 0xAE, 0xDB, 0x19, 0xAE, 0x29, 0x13, 0x3F, 0xB3, 0x33, 0x5A,
    0x3A, 0x5C, 0x8F, 0xCE, 0xAF, 0x08, 0xFD, 0xDA, 0x23, 0xC0, 0x30, 0xCC, 0x4E, 0xF0, 0xE0, 0x95,
    0x2F, 0x2F, 0x00, 0x0D, 0x80, 0x20, 0x7D, 0x76, 0x8E, 0x93, 0xE4, 0xAB, 0x37, 0xF8, 0x56, 0x0E,
    0xAC, 0x22, 0xD2, 0x62, 0x4A, 0x77, 0xD4, 0xFF, 0xB0, 0xFB, 0x4B, 0x87, 0xF0, 0x04, 0x40, 0xFA,
    0xF3, 0x00, 0x55, 0x17, 0xDC, 0x2A, 0x2B, 0xA5, 0xAD, 0x4B, 0xA7, 0x1A, 0xD6, 0x82, 0xD5, 0x4C,
    0x96, 0xCA, 0x63, 0xE0, 0x9B, 0x21, 0x17, 0x70, 0x21, 0x00, 0xEF, 0xB8, 0xA8, 0xF6, 0x54, 0x38,
    0x78, 0x6A, 0x99, 0x20, 0x84, 0xF7, 0xD1, 0x36, 0x2D, 0x01, 0x47, 0x92, 0xB0, 0x2B, 0x9B, 0x1F,
    0xE7, 0x52, 0xEB, 0x9B, 0x7B, 0x47, 0x42, 0xEE, 0xF6, 0x72, 0x2A, 0x97, 0x9B, 0x71, 0xCC, 0x02,
    0x75, 0x59, 0x06, 0xCA, 0x03, 0xA8, 0x94, 0xBA, 0x30, 0x93, 0xC6, 0x3A, 0xCC, 0xA9, 0x5E, 0xF6,
    0x2D, 0x45, 0x72, 0xB5, 0x0C, 0x74, 0x96, 0x9B, 0x29, 0xF1, 0x14, 0x12, 0x85, 0x4F, 0x3D, 0x10,
    0xCE, 0x07, 0x44, 0xD3, 0xAD, 0x9D, 0xDA, 0x87, 0x04, 0x05, 0x42, 0x8F, 0x61, 0xCF, 0x33, 0x94,
    0xC1, 0xCB, 0xE1, 0xF2, 0x3F, 0x24, 0x38, 0x7D, 0xFD, 0xA1, 0x34, 0x1A, 0x29, 0xF8, 0x70, 0x3F,
    0xCC, 0x40, 0x28, 0xCF, 0x27, 0x76, 0x2E, 0x74, 0xFB, 0xD7, 0x32, 0x6B, 0x59, 0x96, 0x82, 0x33,
    0x20, 0xEF, 0x51, 0x4C, 0xBE, 0x84, 0x94, 0x9C, 0xD3, 0x0F, 0x8C, 0x90, 0xC7, 0xB6, 0xFD, 0x84,
    0x50, 0x3E, 0x86, 0x30, 0xB7, 0xF9, 0x49, 0x48, 0x41, 0x37, 0xB7, 0xED, 0x65, 0xC1, 0xCF, 0xD1,
    0x23, 0xB8, 0x5C, 0x8E, 0x31, 0x2F, 0x70, 0x93, 0xEA, 0x54, 0xE2, 0xD4, 0x80, 0x8E, 0xB2, 0xFF,
    0x93, 0xC4, 0x9D, 0x57, 0x4B, 0xDB, 0xF2, 0x2C, 0x63, 0x72, 0xE3, 0xD4, 0xBF, 0xB3, 0xB2, 0x7E,
    0xD5, 0x81, 0xA9, 0xC1, 0x3A, 0x6F, 0xB1, 0x0A, 0x1F, 0x73, 0x17, 0xC5, 0x7B, 0x1F, 0xB8, 0x98,
    0x1E, 0xC5, 0x7F, 0xD8, 0x6B, 0xF4, 0x2B, 0xCD, 0x92, 0xE2, 0x34, 0xC8, 0x9E, 0x3B, 0xEA, 0xF1,
    0x3B, 0xBF, 0x23, 0xC0, 0x40, 0x15, 0x61, 0xCF, 0x85, 0x9F, 0x17, 0xD8, 0xF0, 0x76, 0xCC, 0x49,
    0xB9, 0xA5, 0x51, 0x0B, 0x06, 0xD2, 0xC6, 0x84, 0x00, 0x47, 0x2F, 0x4A, 0x10, 0xC1, 0xED, 0x37,
    0x10, 0x92, 0x72, 0x14, 0x93, 0xBE, 0xA3, 0x86, 0x64, 0x77, 0x71, 0xC1, 0x18, 0x48, 0xD2, 0x8E,
    0x24, 0x23, 0xE7, 0x68, 0x00, 0x10, 0xD4, 0xA0, 0x74, 0xF0, 0x71, 0x36, 0x94, 0x6A, 0x42, 0xD2,
    0x4B, 0x2D, 0xF3, 0x8F, 0x6C, 0x7F, 0x9E, 0xD7, 0x7F, 0xE8, 0x94, 0x5A, 0x27, 0x98, 0xB7, 0x9C,
    0x4B, 0x7B, 0xE6, 0xE4, 0xB4, 0xDB, 0x4C, 0x94, 0x1D, 0x68, 0x54, 0xD0, 0x45, 0xA3, 0xCE, 0x0F,
    0x1F, 0xD0, 0x69, 0x69, 0x94, 0xD1, 0x05, 0x0E, 0xFD, 0x55, 0x69, 0x56, 0xAE, 0x0C, 0xFE, 0xA9,
    0xF3, 0xB8, 0xA2, 0x4F, 0xBE, 0xBE, 0x66, 0xBC, 0x4A, 0xC9, 0xE0, 0x01, 0x0D, 0xE5, 0x90, 0xBF,
    0xF9, 0x4E, 0x7F, 0x0B, 0x9D, 0x9B, 0x23, 0x3C, 0x3C, 0x87, 0xF2, 0xA0, 0x35, 0xFF, 0x95, 0x91,
    0xE3, 0x08, 0xC1, 0xDB, 0xC3, 0x27, 0x34, 0x0A, 0xD2, 0xD0, 0x4C, 0xE5, 0x2A, 0xF8, 0x6E, 0x46,
    0x83, 0x27, 0xA6, 0x61, 0x5A, 0x80, 0xFF, 0xAF, 0x31, 0x9F, 0x8F, 0xB1, 0xB1, 0x6D, 0x6F, 0x44,
    0xD4, 0xAD, 0x96, 0x3E, 0x33, 0x91, 0x3D, 0x3F, 0x17, 0xA3, 0xDE, 0xDA, 0x32, 0x7D, 0xC2, 0xBE,
    0x5E, 0xD8, 0x3A, 0xD3, 0x38, 0x9B, 0x4C, 0x29, 0x9E, 0x23, 0xFB, 0x07, 0x1A, 0x7F, 0x72, 0x6C,
    0xFC, 0x5F, 0xFC, 0x09, 0x9C, 0xBD, 0xA9, 0x28, 0xB0, 0x39, 0xBD, 0xAF, 0x10, 0x60, 0x62, 0x7A,
    0xC4, 0xB7, 0xD9, 0x98, 0xD9, 0x7D, 0xB1, 0xE7, 0xA3, 0x55, 0xEF, 0x82, 0x3F, 0xF7, 0x9F, 0xB5,
    0xD5, 0xFB, 0x62, 0xC6, 0x5F, 0x4B, 0x6C, 0xEC, 0xDB, 0x67, 0x32, 0xA7, 0x1F, 0x80, 0x1C, 0x62,
    0xE2, 0x06, 0xAE, 0x9C, 0x41, 0x8F, 0xF5, 0xFA, 0xB4, 0x4E, 0xFF, 0x7D, 0x11, 0x0C, 0x69, 0x95,
    0x56, 0x4E, 0x04, 0x88, 0x41, 0x28, 0x10, 0x7A, 0x86, 0xE4, 0x56, 0x73, 0xC6, 0x69, 0xF5, 0x49,
    0x3F, 0x2E, 0xDA, 0x7D, 0x19, 0xE5, 0xCB, 0xD4, 0xF3, 0x7D, 0x03, 0x0F, 0x0C, 0x9D, 0xD2, 0x3D,
    0xED, 0x52, 0xB1, 0x58, 0x60, 0xB7, 0x75, 0xBA, 0x7A, 0xFD, 0xE5, 0x90, 0x8E, 0x43, 0x69, 0xEB,
    0x5F, 0x84, 0x7E, 0x6B, 0x38, 0xA1, 0x00, 0x26, 0x40, 0x22, 0xFE, 0xD0, 0x1F, 0xF9, 0x21, 0x16,
    0xFC, 0x1A, 0xA8, 0x8C, 0xA7, 0xBC, 0x51, 0x6F, 0x33, 0x53, 0xD2, 0x2E, 0x35, 0x26, 0xA1, 0x7E,
    0xCE, 0x92, 0xE6, 0x83, 0x57, 0x6C, 0xB2, 0x07, 0xB6, 0x08, 0xA6, 0x22, 0x87, 0x8F, 0x69, 0x2E,
    0xD7, 0x26, 0x3D, 0xA5, 0x5C, 0xB5, 0xB0, 0x5E, 0x41, 0xF3, 0x35, 0x88, 0x25, 0xA0, 0xAD, 0xC2,
    0x25, 0x13, 0xB5, 0x54, 0xD2, 0x52, 0x8A, 0x5F, 0x63, 0xE9, 0x00, 0x0F, 0x7A, 0x4D, 0x7D, 0xF8,
    0x9D, 0x1A, 0x3E, 0x4A, 0xD8, 0x4A, 0xDF, 0x41, 0xAF, 0xF9, 0x47, 0x2D, 0x3F, 0xD2, 0x8A, 0x1F,
    0xD6, 0xA3, 0x7D, 0xDC, 0xF3, 0x23, 0x6A, 0xF9, 0x91, 0x56, 0xB4, 0xEA, 0x2C, 0xDD, 0x3C, 0x41,
    0xAF, 0xC1, 0xF9, 0x23, 0x59, 0x32, 0x1D, 0xE6, 0xEB, 0x61, 0x84, 0x8B, 0x49, 0x4E, 0x4C, 0x3E,
    0x00, 0xBF, 0x9A, 0x5C, 0x1D, 0xF1, 0x40, 0x00, 0x74, 0x63, 0xCC, 0xC1, 0xFF, 0xCD, 0x89, 0xB5,
    0x45, 0x9F, 0x42, 0xD9, 0x4E, 0x9A, 0x40, 0x62, 0x97, 0x5C, 0x41, 0x39, 0x84, 0x32, 0x85, 0x0D,
    0xBB, 0xC1, 0x74, 0xAD, 0xCC, 0xA9, 0x95, 0x51, 0x97, 0xCC, 0x94, 0x93, 0x9B, 0xA6, 0x15, 0x78,
    0xB7, 0xA5, 0xF3, 0xAC, 0x67, 0x02, 0xC7, 0x6F, 0xE9, 0xD4, 0x7B, 0xA7, 0xE6, 0xFC, 0xE9, 0xBC,
    0xB2, 0xF4, 0x6C, 0xE0, 0x3D, 0x7D, 0x99, 0xA9, 0x0D, 0x3E, 0x8F, 0xC6, 0x7B, 0xD4, 0xC2, 0x4F,
    0x96, 0x56, 0x01, 0x6C, 0xBE, 0x9D, 0xC0, 0x16, 0xA5, 0x6D, 0x02, 0xF8, 0xDB, 0x0A, 0x0D, 0xB7,
    0x78, 0x97, 0x71, 0xD7, 0xDD, 0xDD, 0x87, 0x84, 0xE4, 0x66, 0xBA, 0xDE, 0x43, 0x24, 0x34, 0xD5,
    0x44, 0x8E, 0x25, 0xA6, 0x64, 0x94, 0x40, 0x0E, 0x92, 0x41, 0x6A, 0x8C, 0x93, 0xA3, 0xB6, 0xD4,
    0x98, 0x83, 0x9E, 0x98, 0x8A, 0x5A, 0x26, 0x7D, 0x6A, 0xD0, 0x46, 0x58, 0x1C, 0xCD, 0x52, 0xEB,
    0xF4, 0x21, 0xCD, 0x80, 0xF9, 0x99, 0x2A, 0x95, 0xD4, 0x3B, 0x83, 0x3E, 0xD2, 0xB3, 0x62, 0x45,
    0x73, 0xAC, 0x17, 0xC4, 0x87, 0x5C, 0x3B, 0xD6, 0x7B, 0xE1, 0x43, 0x40, 0x15, 0x2B, 0x63, 0x8F,
    0x6D, 0x86, 0x45, 0x11, 0x63, 0x84, 0xB5, 0xF3, 0x49, 0x99, 0xED, 0xFD, 0x13, 0xCE, 0x83, 0xFD,
    0x95, 0xB8, 0xBC, 0xAF, 0x34, 0x1C, 0x0E, 0xAB, 0xE1, 0xC2, 0xAD, 0x5B, 0x24, 0x3E, 0x7D, 0x18,
    0x54, 0x6D, 0xED, 0xEE, 0xCA, 0xEE, 0xD4, 0xC2, 0x09, 0xB1, 0x67, 0x6B, 0xD9, 0x9D, 0x80, 0x96,
    0x03, 0x8E, 0x16, 0xC7, 0xDB, 0x19, 0xA7, 0xC1, 0xC4, 0x18, 0x12, 0x6B, 0x4A, 0xA6, 0x67, 0x31,
    0x26, 0xB1, 0xC5, 0x6B, 0x42, 0x8B, 0xC4, 0x08, 0x7D, 0xDC, 0x42, 0x2B, 0x47, 0x44, 0xAD, 0xC6,
    0x2D, 0xE5, 0x3D, 0xFF, 0x7F, 0xC6, 0x36, 0xC2, 0xC1, 0x85, 0x0C, 0xE9, 0x2B, 0x6A, 0xCC, 0x49,
    0x7F, 0x94, 0x3A, 0x3D, 0xCB, 0x6A, 0x4A, 0x44, 0x50, 0x6D, 0x5E, 0x43, 0x5F, 0xA3, 0x42, 0x7E,
    0x6E, 0x70, 0xBA, 0x12, 0x5D, 0xA1, 0xBA, 0x30, 0x39, 0x5C, 0x6E, 0x93, 0xC6, 0x76, 0x56, 0xB0,
    0x69, 0x9C, 0xFB, 0xA6, 0x70, 0x99, 0x6E, 0xEA, 0xEA, 0x19, 0xBD, 0x8E, 0xC6, 0xB9, 0x94, 0x72,
    0x7B, 0x38, 0xE5, 0x20, 0x9E, 0xEA, 0xE5, 0xFD, 0x44, 0x5F, 0x1F, 0x58, 0x3A, 0xE8, 0x9D, 0x73,
    0x18, 0xAE, 0xE8, 0xFE, 0xB8, 0x83, 0x3E, 0x3B, 0x25, 0x13, 0x34, 0x3A, 0x9E, 0x09, 0xAA, 0x01,
    0xEC, 0x8C, 0x08, 0x0A, 0xE1, 0x5B, 0x24, 0x2F, 0x2C, 0x3F, 0x85, 0xFF, 0xD4, 0x71, 0x86, 0x7C,
    0x35, 0xDF, 0xF1, 0xAB, 0xB8, 0x9F, 0x07, 0x26, 0x5E, 0xA8, 0x32, 0x4B, 0xF7, 0xA3, 0x92, 0x8B,
    0xC6, 0xE4, 0xB6, 0xE0, 0x9B, 0xDA, 0xE8, 0xB2, 0xDA, 0x19, 0x8F, 0x56, 0x18, 0xAB, 0xBD, 0x7B,
    0x1B, 0x5E, 0xFD, 0x09, 0x76, 0x47, 0x46, 0x5D, 0xF1, 0xB2, 0xDB, 0xEF, 0x14, 0xD0, 0x9A, 0xB3,
    0x4E, 0x5F, 0x3C, 0xF5, 0xE2, 0xF6, 0x34, 0x48, 0x2B, 0xA8, 0x57, 0x17, 0xBD, 0x9A, 0xF3, 0x7A,
    0xEC, 0x8E, 0xAE, 0x93, 0x67, 0xD5, 0xA5, 0x5F, 0x9C, 0x90, 0x4C, 0xD0, 0x60, 0x05, 0x14, 0x58,
    0x1F, 0xD0, 0xFE, 0x93, 0x4F, 0xF3, 0x23, 0x7F, 0x4B, 0x64, 0xFB, 0x3C, 0x5E, 0xBF, 0xED, 0x5D,
    0x19, 0xB9, 0x4C, 0xDE, 0x88, 0x66, 0x3A, 0xEA, 0x0F, 0x67, 0x84, 0xA6, 0x9D, 0x5F, 0xB7, 0x63,
    0x86, 0x69, 0x06, 0xEB, 0x67, 0x25, 0x6D, 0x56, 0x00, 0x09, 0x56, 0x53, 0xAA, 0x1E, 0x9E, 0x50,
    0x03, 0xF7, 0x3F, 0xE9, 0xC6, 0x6C, 0xD8, 0x11, 0xAA, 0x3E, 0x06, 0x41, 0x40, 0xEA, 0x3D, 0x19,
    0xA6, 0xF2, 0xBD, 0xB3, 0x02, 0x3C, 0xFA, 0xA5, 0xA3, 0x81, 0x20, 0x04, 0xA3, 0x2E, 0x91, 0xFA,
    0x99, 0x54, 0xA2, 0x8F, 0x87, 0x2D, 0xCA, 0x31, 0xBE, 0xC2, 0x5A, 0x91, 0xCF, 0x11, 0x8E, 0xAA,
    0xD0, 0x47, 0xB6, 0x0E, 0xDF, 0xED, 0x67, 0x6D, 0xF2, 0x5A, 0x1B, 0xFC, 0xF6, 0x92, 0xB9, 0x6F,
    0xDD, 0x44, 0x1E, 0x01, 0xDE, 0x8D, 0xDE, 0xFA, 0xCC, 0xE5, 0x53, 0x39, 0xC4, 0x97, 0x4E, 0xE4,
    0xC4, 0x63, 0xFE, 0xE6, 0xFE, 0x29, 0x3E, 0x70, 0x94, 0x5A, 0xC8, 0x5B, 0x0E, 0x5D, 0x33, 0x85,
    0xBA, 0x35, 0xA8, 0xE4, 0xF4, 0x71, 0x25, 0x5C, 0x25, 0x66, 0x1E, 0x4A, 0x66, 0xBC, 0xDF, 0xC9,
    0x06, 0xFE, 0x62, 0x11, 0x21, 0x89, 0xC8, 0x18, 0xFF, 0x3F, 0x44, 0x2C, 0xBF, 0x0B, 0xA5, 0x3F,
    0xAA, 0xCD, 0x83, 0x08, 0x1C, 0xB7, 0xD6, 0x84, 0xAF, 0xC0, 0x36, 0x90, 0x89, 0xF5, 0x31, 0x76,
    0xA4, 0x59, 0xF4, 0x0C, 0x76, 0x04, 0x73, 0xBF, 0xE5, 0x8E, 0xB8, 0x4A, 0x11, 0xAF, 0x7F, 0xDA,
    0x2C, 0x66, 0xB5, 0x9C, 0x36, 0x6B, 0xA2, 0xE6, 0xAA, 0xEE, 0xC8, 0xA3, 0x42, 0x0C, 0x86, 0xB0,
    0x0E, 0xDE, 0xEF, 0x60, 0xC8, 0x5C, 0x33, 0xC9, 0x15, 0x58, 0x10, 0x51, 0xED, 0xB1, 0x1A, 0xC3,
    0xF4, 0xB4, 0x40, 0x5B, 0x94, 0xA6, 0x88, 0xDC, 0x2A, 0xB1, 0x43, 0x74, 0x6D, 0xDD, 0x81, 0x88,
    0x84, 0xD9, 0x1E, 0x76, 0xBC, 0x4B, 0x22, 0xAE, 0x1F, 0x25, 0x30, 0x05, 0xAA, 0xC8, 0xE7, 0xC5,
    0xB2, 0xA8, 0x8F, 0x45, 0x36, 0x26, 0x50, 0xA7, 0xEB, 0x1E, 0x87, 0x65, 0x2D, 0xCD, 0xC4, 0x07,
    0x97, 0xAA, 0x98, 0xD1, 0xD2, 0x1C, 0xBE, 0xBE, 0x64, 0x6E, 0xFB, 0xFA, 0xBE, 0x57, 0x36, 0xC8,
    0x68, 0xF2, 0x20, 0x4B, 0xEB, 0x9C, 0x05, 0x3C, 0x42, 0x80, 0x50, 0x0C, 0xBC, 0x2B, 0xB6, 0xDE,
    0xB3, 0x1D, 0x94, 0x0D, 0xE1, 0x35, 0x65, 0x07, 0x0D, 0x47, 0x66, 0x22, 0xBC, 0x07, 0x6E, 0x02,
    0x84, 0xBD, 0x69, 0x88, 0x0A, 0x6A, 0x7D, 0x35, 0x4C, 0x65, 0x57, 0xF2, 0xA9, 0xEF, 0x12, 0xED,
    0x86, 0x06, 0xF8, 0x7E, 0x6C, 0x7B, 0x81, 0x91, 0x08, 0x9F, 0x57, 0x64, 0x6C, 0x42, 0x01, 0xB1,
    0xEA, 0x4B, 0x3B, 0xC7, 0xE0, 0x10, 0x8E, 0xF2, 0xAB, 0x74, 0x56, 0xF1, 0xE8, 0x9A, 0x1E, 0x5D,
    0xD5, 0xA7, 0xFB, 0x5B, 0x33, 0xC8, 0xB3, 0x6C, 0x06, 0x73, 0x05, 0xE4, 0x45, 0xA5, 0x04, 0x36,
    0x11, 0x24, 0x6C, 0x48, 0x4D, 0x02, 0x46, 0x83, 0xFC, 0xC5, 0x62, 0x42, 0x44, 0xF2, 0xE7, 0x7D,
    0x20, 0xF4, 0xF7, 0x01, 0x28, 0x6B, 0x4F, 0x70, 0x9B, 0x08, 0xA9, 0xB5, 0x0B, 0x13, 0xFC, 0x0A,
    0x84, 0x24, 0x23, 0xBF, 0x4A, 0x52, 0x2B, 0x4D, 0xF4, 0x32, 0x29, 0xAB, 0x33, 0x73, 0x25, 0xB5,
    0x22, 0x01, 0x86, 0x52, 0xAF, 0x0F, 0x5A, 0xA5, 0xAC, 0xFA, 0x29, 0xA5, 0xAC, 0x21, 0xAC, 0xB8,
    0x63, 0xD6, 0xCE, 0x95, 0xB2, 0xD2, 0x27, 0x32, 0x92, 0x9A, 0x7F, 0xD4, 0x62, 0xC7, 0x02, 0x3A,
    0x5E, 0x44, 0x42, 0x82, 0x07, 0x09, 0x94, 0x15, 0xF6, 0x8E, 0xB2, 0xF2, 0x42, 0x77, 0xC8, 0x6D,
    0x66, 0xAD, 0xD9, 0x7B, 0x0B, 0x89, 0x5D, 0xF6, 0x46, 0x4E, 0x93, 0x17, 0x71, 0x36, 0xDA, 0x31,
    0x4C, 0xA0, 0x50, 0x87, 0xF4, 0x32, 0x31, 0x75, 0x99, 0x96, 0xBA, 0xCC, 0xC7, 0x5D, 0xA5, 0xAB,
    0x0F, 0xF1, 0xDA, 0x6E, 0x2E, 0x0E, 0xF4, 0x83, 0xC5, 0x36, 0xB2, 0x0B, 0xE1, 0xA4, 0x02, 0xBF,
    0x0F, 0xAC, 0x7D, 0x17, 0x2A, 0xC2, 0x05, 0x8B, 0x6C, 0x84, 0x87, 0x04, 0x8C, 0x22, 0xAD, 0x42,
    0x9B, 0xE1, 0x0E, 0x32, 0x58, 0x51, 0xF2, 0xE2, 0x06, 0xF8, 0x0E, 0x3E, 0x43, 0xDA, 0x99, 0x76,
    0xC1, 0x34, 0xCD, 0x6F, 0x98, 0xF8, 0xD0, 0x23, 0xED, 0xB4, 0xA2, 0x6B, 0x27, 0x20, 0xA7, 0x01,
    0xDB, 0x7F, 0x88, 0xBC, 0xE5, 0x18, 0x77, 0xBD, 0xBC, 0x9A, 0x9B, 0xB0, 0xB6, 0x88, 0xEA, 0xF5,
    0xE0, 0xE5, 0x18, 0xCC, 0x3C, 0x1F, 0x98, 0xBF, 0x1D, 0x5D, 0xDF, 0x6A, 0xA5, 0xCC, 0xA6, 0x95,
    0x92, 0x54, 0x1B, 0xDD, 0x15, 0x13, 0x47, 0x76, 0x16, 0x33, 0x2A, 0xFD, 0x54, 0xF4, 0x65, 0xB7,
    0xB4, 0xC9, 0x28, 0xED, 0x76, 0x8C, 0x46, 0x7C, 0x11, 0x44, 0x15, 0xB5, 0x00, 0x2C, 0x18, 0x11,
    0xDF, 0xC6, 0x45, 0x6D, 0x33, 0xA6, 0xAC, 0x62, 0x77, 0x88, 0xCD, 0x96, 0x9B, 0x0B, 0x04, 0xF3,
    0x65, 0xF3, 0x8D, 0x5E, 0x37, 0xE3, 0x96, 0x9B, 0xB5, 0x30, 0x2A, 0x6C, 0xCA, 0x1C, 0xB8, 0x29,
    0xBB, 0xB1, 0x69, 0xCA, 0x82, 0x9B, 0xB2, 0x9B, 0x9B, 0x71, 0xCB, 0x4D, 0xA1, 0x2B, 0x6E, 0x06,
    0x83, 0x6E, 0x46, 0x2D, 0x37, 0x4D, 0xFE, 0x3A, 0x37, 0x83, 0x41, 0x37, 0x23, 0xCB, 0x4D, 0x93,
    0x93, 0x2D, 0xB1, 0xC4, 0x65, 0xEF, 0x90, 0xDA, 0x49, 0xCA, 0xC1, 0x36, 0x33, 0x80, 0xD7, 0x1F,
    0x56, 0x89, 0xE6, 0xF2, 0x8A, 0x0F, 0x57, 0x09, 0x2D, 0xEE, 0xD6, 0x68, 0x6B, 0xE3, 0xEB, 0x62,
    0xB1, 0x87, 0xD4, 0xD2, 0xDF, 0xD2, 0xD2, 0x5B, 0x20, 0x55, 0xE0, 0x82, 0x1D, 0x40, 0x54, 0x31,
    0xD3, 0x70, 0x85, 0xFC, 0xFD, 0xC5, 0xE8, 0x97, 0x54, 0xD7, 0xA4, 0xF3, 0x4E, 0xD2, 0x5B, 0xF9,
    0x51, 0x7E, 0x10, 0x49, 0xE3, 0xDB, 0x7D, 0x11, 0x81, 0xA1, 0x1D, 0x48, 0x23, 0xB6, 0xB8, 0x67,
    0xD7, 0xA8, 0xC7, 0xBE, 0x03, 0x02, 0x7A, 0x08, 0x83, 0x19, 0x3C, 0xF6, 0x83, 0x73, 0x95, 0x77,
    0x0E, 0x01, 0x95, 0xE2, 0xC3, 0xEA, 0xE6, 0x9B, 0x73, 0x45, 0x00, 0x9C, 0xC8, 0xB2, 0xF9, 0x73,
    0xAB, 0x9B, 0xE1, 0x5C, 0x11, 0x20, 0x0B, 0x00, 0x9B, 0x9E, 0xD5, 0xCD, 0x70, 0xAE, 0x08, 0x48,
    0xEB, 0x50, 0x57, 0xBA, 0x6E, 0x86, 0xBD, 0x22, 0x20, 0x6D, 0x14, 0xE2, 0x56, 0x37, 0x67, 0xBD,
    0x6E, 0xA6, 0x6F, 0x2B, 0x02, 0xAC, 0x22, 0x60, 0xE6, 0xF0, 0x91, 0xC0, 0x09, 0x20, 0x84, 0x05,
    0x26, 0xA6, 0x0B, 0x2F, 0x07, 0x3E, 0x92, 0xC6, 0xAC, 0xD5, 0x54, 0x7C, 0xCC, 0x08, 0xEE, 0x1D,
    0x80, 0x91, 0x5B, 0xB0, 0x2F, 0xE7, 0x35, 0x5D, 0xA5, 0xAC, 0xF9, 0x8A, 0x74, 0x3F, 0xFF, 0x98,
    0x9C, 0xEC, 0xAB, 0xDE, 0x4C, 0x89, 0x41, 0xAB, 0x8E, 0x8F, 0x3B, 0x18, 0x85, 0x2B, 0x65, 0x87,
    0x6B, 0x19, 0x4D, 0x7F, 0x38, 0xC8, 0x73, 0xFA, 0x56, 0x68, 0x9D, 0x90, 0xD0, 0xE5, 0x98, 0x6B,
    0x58, 0x31, 0xAE, 0xF9, 0xB3, 0xC0, 0xB3, 0x57, 0xBF, 0x8C, 0x9F, 0xDD, 0xB9, 0xB8, 0xD4, 0x18,
    0xA8, 0xE7, 0xFC, 0x85, 0xDC, 0x18, 0x38, 0xFC, 0xEB, 0x5C, 0x8F, 0x25, 0xCD, 0x99, 0x0B, 0x8C,
    0xC4, 0xC8, 0xEB, 0x0B, 0x3A, 0x89, 0x6A, 0x39, 0x79, 0xB5, 0x6E, 0x4D, 0x72, 0x63, 0xE5, 0x77,
    0xEF, 0x32, 0x7D, 0x5E, 0x49, 0x1F, 0x32, 0x11, 0x78, 0xB8, 0x86, 0xE3, 0x5E, 0xA6, 0x11, 0xB9,
    0xAD, 0xD5, 0x1B, 0xEB, 0x2F, 0xCD, 0xBD, 0x8A, 0xAD, 0xD3, 0x7F, 0xA1, 0xF8, 0xA6, 0x87, 0x26,
    0x5F, 0xD0, 0xCB, 0x23, 0x16, 0x0D, 0xD2, 0x52, 0xE3, 0x9E, 0x25, 0x91, 0x49, 0xC7, 0x74, 0xB5,
    0xB4, 0xE5, 0x18, 0xCB, 0x57, 0x34, 0x4B, 0xF0, 0xAF, 0x19, 0x1E, 0x19, 0xE8, 0xF3, 0x8E, 0x58,
    0x4D, 0x60, 0x92, 0x5F, 0x6B, 0x2D, 0xF6, 0xCF, 0x58, 0x17, 0xAA, 0x3F, 0x85, 0x73, 0x2D, 0x3A,
    0x78, 0x83, 0x92, 0xCE, 0x7E, 0xA3, 0x27, 0x27, 0x45, 0x44, 0x41, 0x90, 0xAD, 0x09, 0x85, 0x5A,
    0xC0, 0x39, 0xA7, 0x13, 0xAF, 0x64, 0xAC, 0x24, 0x04, 0x1C, 0x0F, 0x1F, 0x47, 0x66, 0xA5, 0xD5,
    0xC5, 0x5A, 0xAA, 0xC1, 0xBF, 0x7D, 0xA0, 0x68, 0xFD, 0xF2, 0x64, 0xF4, 0xF1, 0x26, 0xF4, 0x46,
    0xE9, 0x5B, 0x3D, 0x56, 0xB2, 0xCC, 0x26, 0x02, 0x98, 0x75, 0x3E, 0x08, 0xEF, 0xA1, 0x46, 0xE6,
    0x76, 0x28, 0xA3, 0x9E, 0x43, 0x26, 0x7F, 0x0D, 0xF3, 0xF4, 0xCC, 0xBD, 0x1B, 0xD0, 0xB3, 0xA7,
    0xAD, 0x14, 0xB4, 0x5E, 0x43, 0x48, 0x26, 0x8B, 0x99, 0x73, 0x69, 0xE1, 0x48, 0x88, 0x3A, 0x38,
    0x9E, 0x06, 0x04, 0xC4, 0xF2, 0x57, 0xE7, 0x2E, 0x2C, 0xA2, 0x8E, 0x5A, 0x8B, 0x64, 0xC0, 0xF4,
    0xB5, 0x9E, 0x41, 0x11, 0xB0, 0x56, 0x19, 0x8B, 0xCF, 0x24, 0x8E, 0x01, 0x53, 0xB3, 0xA2, 0x74,
    0xFE, 0x15, 0xAA, 0x35, 0x34, 0x3F, 0x12, 0xE0, 0xB8, 0x70, 0x59, 0x75, 0xA1, 0xBB, 0x29, 0xE3,
    0x89, 0xFB, 0xB8, 0x65, 0x51, 0x42, 0x5A, 0xD1, 0x0B, 0xFE, 0x1D, 0x97, 0x42, 0xE3, 0x42, 0x87,
    0x8C, 0x74, 0x25, 0x7D, 0x74, 0xFE, 0x31, 0x4C, 0x98, 0x24, 0x35, 0x6B, 0xBA, 0x23, 0x58, 0xD4,
    0x01, 0xB5, 0xFF, 0xA7, 0xD7, 0x7D, 0xF3, 0xC5, 0x7D, 0x72, 0xDB, 0x3E, 0xC2, 0x24, 0x7F, 0x29,
    0x2C, 0xEC, 0x55, 0x81, 0x85, 0x57, 0x33, 0x69, 0xCE, 0xDB, 0xA0, 0x3A, 0x6E, 0x5B, 0xCD, 0x8B,
    0xAE, 0x01, 0x13, 0x31, 0x13, 0x45, 0x5B, 0x84, 0x67, 0x29, 0xEA, 0xE1, 0x7A, 0xB1, 0x0F, 0x93,
    0xFB, 0xC0, 0x0F, 0x8E, 0x6C, 0xE0, 0x11, 0x99, 0x2B, 0x18, 0x86, 0x5B, 0x97, 0xD5, 0x46, 0xCF,
    0x2E, 0xA0, 0xD1, 0x8A, 0x75, 0x11, 0x35, 0x51, 0xCF, 0x18, 0xDF, 0x8D, 0xBD, 0xCE, 0x24, 0xAE,
    0x66, 0x1C, 0x49, 0xA6, 0x4A, 0xA4, 0xFF, 0xC5, 0xAC, 0x54, 0x85, 0xB9, 0x4E, 0x1D, 0x4E, 0x27,
    0xD6, 0x6C, 0x7D, 0xE3, 0x5D, 0xDF, 0x54, 0x24, 0x38, 0x2C, 0x23, 0x0D, 0xD1, 0x26, 0xB3, 0xE4,
    0x2C, 0xE3, 0x95, 0x7A, 0x2E, 0xFA, 0x84, 0x38, 0x1E, 0xC8, 0x60, 0x52, 0xB8, 0xEC, 0xE0, 0xA0,
    0xF9, 0xA5, 0xF7, 0x13, 0x38, 0x2B, 0xAE, 0xC8, 0xCE, 0xD5, 0x4B, 0x96, 0x27, 0x7B, 0xA6, 0x8C,
    0x1A, 0x4E, 0x39, 0x38, 0xC7, 0x29, 0x0A, 0x0B, 0x0A, 0x21, 0x97, 0xBC, 0x43, 0xB0, 0xC9, 0x82,
    0x4B, 0xA7, 0x75, 0x89, 0xE9, 0xA4, 0x70, 0x50, 0x44, 0xC7, 0xF1, 0x4A, 0x64, 0x03, 0xAF, 0x68,
    0x0B, 0x13, 0x35, 0x70, 0xBA, 0x62, 0x0D, 0x06, 0x73, 0x01, 0xA7, 0x5C, 0x21, 0x3F, 0xBC, 0xC8,
    0xA4, 0xD2, 0x85, 0xE6, 0xF9, 0x1B, 0xF3, 0xDD, 0x35, 0xD2, 0x9A, 0x55, 0x2B, 0x89, 0x2C, 0x0C,
    0x3E, 0x8D, 0xD6, 0x8C, 0xD6, 0xCD, 0x39, 0xEE, 0xFC, 0x07, 0x81, 0x5C, 0x37, 0xD9, 0xD8, 0x68,
    0x7E, 0x8C, 0x73, 0xC6, 0x71, 0x90, 0x4C, 0x86, 0xD2, 0x7E, 0x08, 0xCD, 0x1A, 0x54, 0xEE, 0x60,
    0xE4, 0x52, 0x80, 0x30, 0xC9, 0x9D, 0x78, 0x4D, 0x18, 0xFF, 0x5E, 0x8C, 0x72, 0x77, 0xFB, 0x64,
    0xDF, 0x1A, 0xA6, 0x41, 0x67, 0xB9, 0xB6, 0xE6, 0xA8, 0x66, 0xAC, 0xF4, 0x4F, 0x5B, 0x0D, 0x79,
    0x22, 0x04, 0x85, 0x9C, 0xF1, 0xB8, 0xA1, 0xED, 0x2D, 0x3B, 0x7D, 0x15, 0x2A, 0x50, 0x6B, 0x72,
    0x76, 0xD5, 0xA8, 0x10, 0x7F, 0x47, 0x12, 0xB0, 0xC0, 0x97, 0x71, 0x94, 0xE8, 0xE8, 0xF2, 0x68,
    0xFB, 0xD9, 0x49, 0x01, 0xA2, 0xC9, 0x7C, 0x7C, 0xE7, 0x1E, 0xBA, 0x10, 0x58, 0x35, 0x82, 0xD7,
    0x80, 0xF8, 0x83, 0x89, 0x12, 0xD5, 0xD2, 0xA4, 0xB1, 0x42, 0xB4, 0xF8, 0x8B, 0x65, 0x26, 0xF7,
    0x06, 0x33, 0xDF, 0xFB, 0x67, 0x51, 0xCF, 0x7C, 0x78, 0x12, 0x8B, 0x52, 0x54, 0x26, 0xEB, 0x95,
    0xF6, 0x1F, 0xCA, 0x8E, 0x72, 0x8C, 0xDD, 0x40, 0x38, 0x78, 0x16, 0x66, 0x7A, 0x2C, 0xD2, 0xE4,
    0xBC, 0xF4, 0x6B, 0xB4, 0xFC, 0x1A, 0xD7, 0xCB, 0x26, 0x22, 0x98, 0x23, 0xCB, 0x36, 0x65, 0x24,
    0xD1, 0x70, 0xC0, 0x2C, 0x7D, 0x4D, 0xC8, 0x12, 0xA4, 0x0D, 0xDE, 0x54, 0xD9, 0x36, 0x6C, 0x8A,
    0x0E, 0x84, 0x96, 0xBA, 0x23, 0x0E, 0xFD, 0xEE, 0xC1, 0x8B, 0x2B, 0xE1, 0xD7, 0x66, 0x8C, 0x48,
    0x69, 0x70, 0x8A, 0x2A, 0xD5, 0xA6, 0xC6, 0x42, 0x8F, 0x5F, 0xF9, 0x0D, 0x89, 0x67, 0x41, 0x24,
    0x35, 0x1E, 0xA4, 0x31, 0x3B, 0x1D, 0xB1, 0xF1, 0xCF, 0x12, 0x1F, 0x79, 0x01, 0x24, 0xD5, 0x1C,
    0x6B, 0xD0, 0x6B, 0xD1, 0xA9, 0x37, 0x30, 0x85, 0x43, 0x46, 0xB2, 0xAD, 0x75, 0xA5, 0x99, 0x2E,
    0xE4, 0xF4, 0xE6, 0xFE, 0x29, 0xF8, 0x38, 0xB6, 0xD3, 0x2B, 0x6F, 0x66, 0xA0, 0xDF, 0xD6, 0x55,
    0x49, 0x8F, 0xC9, 0xEC, 0x9A, 0x5A, 0xB2, 0x0C, 0x60, 0x86, 0xDD, 0xA9, 0x49, 0xC4, 0xD5, 0xDE,
    0xA1, 0x48, 0xFE, 0xC4, 0xCE, 0x43, 0xFB, 0xA6, 0x5C, 0xE8, 0xA2, 0x3D, 0xBC, 0x68, 0x33, 0x88,
    0x9F, 0x7E, 0x42, 0x84, 0xE2, 0x64, 0x05, 0x11, 0xFC, 0x6A, 0x56, 0xD0, 0xB3, 0x58, 0x76, 0x3D,
    0x9A, 0x2B, 0x45, 0xA2, 0xF3, 0x8B, 0x68, 0x38, 0x37, 0xD1, 0x32, 0xCA, 0xE5, 0xC5, 0x0D, 0x40,
    0xC4, 0x17, 0x26, 0x44, 0x34, 0x9B, 0xC2, 0x34, 0x25, 0xAB, 0x14, 0x58, 0x65, 0x83, 0xA2, 0x92,
    0xC9, 0xA1, 0xE3, 0xBC, 0xEF, 0xAE, 0x7F, 0x95, 0x4B, 0x49, 0xE3, 0xEF, 0xFE, 0xFE, 0xE9, 0x1D,
    0x34, 0x32, 0xED, 0xA0, 0x51, 0x8C, 0xF5, 0xC4, 0xE8, 0xF9, 0xE4, 0x92, 0x04, 0xDA, 0x31, 0x47,
    0x8D, 0x58, 0x32, 0x3A, 0x68, 0xA3, 0x94, 0x64, 0x34, 0xAC, 0x8B, 0x5F, 0x1A, 0x66, 0xF2, 0x50,
    0xF3, 0x62, 0xFC, 0xC4, 0x7E, 0x0F, 0x03, 0x74, 0x0C, 0x56, 0x43, 0x68, 0x91, 0xB2, 0x49, 0xAB,
    0x9D, 0xAB, 0x5A, 0x72, 0x25, 0x6B, 0x34, 0x92, 0x4E, 0x87, 0x13, 0xFB, 0xC8, 0xF0, 0xA6, 0x7A,
    0x69, 0x39, 0x77, 0xEF, 0x28, 0x93, 0x55, 0x8C, 0x0C, 0xFD, 0xD8, 0x3E, 0xCA, 0xB2, 0x85, 0x7E,
    0xCC, 0xD1, 0x01, 0x02, 0x3D, 0xEB, 0x24, 0x18, 0xEB, 0x17, 0xE7, 0x1B, 0x5D, 0x33, 0xC9, 0xCF,
    0x6D, 0x5B, 0xF6, 0xB6, 0x2F, 0xED, 0x05, 0x9B, 0xDB, 0x42, 0x88, 0xAE, 0x98, 0x0D, 0x63, 0x13,
    0x93, 0xD5, 0xAE, 0x26, 0x8B, 0x5B, 0xED, 0x88, 0x87, 0x7D, 0xB2, 0x47, 0x1A, 0x7E, 0x6C, 0x00,
    0xE4, 0x3A, 0x00, 0xB9, 0xD6, 0x23, 0xEC, 0x01, 0xA4, 0xE9, 0x4C, 0x0E, 0x56, 0x0E, 0x70, 0x6B,
    0xB0, 0xD2, 0x0D, 0xFD, 0x65, 0xD0, 0xA9, 0x32, 0x79, 0x00, 0x1A, 0x53, 0xF4, 0x1F, 0xCC, 0x2C,
    0xD2, 0x16, 0x05, 0x5A, 0x3C, 0x66, 0x6C, 0xA0, 0xA9, 0x15, 0x89, 0x8A, 0x03, 0xCB, 0x9E, 0x2B,
    0x74, 0xF4, 0xB1, 0x67, 0x18, 0x9B, 0x09, 0xB9, 0x9B, 0xF2, 0xD2, 0xD1, 0x82, 0xF9, 0x15, 0x39,
    0xD2, 0x00, 0x65, 0x85, 0x75, 0x20, 0x90, 0x40, 0x69, 0xE1, 0x84, 0x2B, 0xCF, 0x79, 0x24, 0x34,
    0x63, 0xC6, 0x69, 0x45, 0xEA, 0x39, 0x74, 0xCE, 0xAE, 0xAD, 0xCF, 0x14, 0x86, 0x27, 0x82, 0xDB,
    0x40, 0x21, 0x56, 0x22, 0xD9, 0x48, 0x9E, 0x2D, 0xD3, 0x23, 0x8C, 0xEB, 0xCB, 0x33, 0xE6, 0x80,
    0x78, 0x9B, 0xE3, 0xF9, 0x67, 0x97, 0x92, 0x37, 0xF9, 0xBA, 0x9C, 0x37, 0x57, 0x11, 0xE2, 0xB0,
    0xE3, 0xCC, 0xEF, 0x9D, 0xA5, 0x2E, 0xC3, 0xE6, 0x4F, 0x45, 0xBC, 0xD1, 0x75, 0xFE, 0x7D, 0x53,
    0x3E, 0x2A, 0xD2, 0xE3, 0x3D, 0xFB, 0xAE, 0xED, 0xBF, 0xB7, 0x90, 0xFB, 0xE6, 0x73, 0x9F, 0x1D,
    0x3E, 0xB0, 0x4E, 0x6E, 0x8D, 0xA8, 0xB5, 0x1D, 0xF9, 0x51, 0x46, 0xED, 0xC0, 0x9E, 0x50, 0x0E,
    0x5E, 0x74, 0x8B, 0x2F, 0x75, 0x98, 0x9B, 0x8A, 0x0A, 0xCE, 0xC5, 0xFA, 0x58, 0xCD, 0x3E, 0x72,
    0xFE, 0xAA, 0x13, 0xB9, 0x15, 0x9F, 0xFD, 0xCA, 0x70, 0x5A, 0x2A, 0x94, 0xB4, 0xD5, 0x0A, 0xEC,
    0xBB, 0x8D, 0x36, 0x75, 0x62, 0x2D, 0x2C, 0x88, 0x8C, 0xC1, 0xD6, 0x93, 0x62, 0xF7, 0xC2, 0x8F,
    0x39, 0x85, 0x02, 0xCD, 0x0F, 0x02, 0xFB, 0x50, 0x5E, 0x0B, 0x88, 0x17, 0x6C, 0x4C, 0x26, 0x03,
    0xEC, 0x45, 0x45, 0x0C, 0x91, 0x37, 0xB8, 0x43, 0x09, 0x58, 0x76, 0x2E, 0x8F, 0x0A, 0x8E, 0x73,
    0x39, 0x0B, 0x06, 0xB6, 0x4A, 0x19, 0x50, 0x01, 0x8F, 0x68, 0x76, 0xE4, 0x46, 0x0F, 0xCA, 0x11,
    0xEF, 0x01, 0x47, 0x62, 0xFD, 0xC7, 0xBF, 0x86, 0xEB, 0x46, 0x28, 0xBF, 0x7C, 0xD5, 0xBE, 0x90,
    0x77, 0x29, 0xB0, 0x53, 0x42, 0x2A, 0xE1, 0xC6, 0x8C, 0x4D, 0x08, 0xC4, 0x10, 0x54, 0x89, 0xE6,
    0x9B, 0x82, 0x10, 0x9E, 0x3D, 0x94, 0x39, 0x0F, 0xC1, 0xE1, 0x5E, 0x9F, 0x64, 0x61, 0x23, 0x22,
    0xF0, 0xD9, 0xD6, 0x7C, 0x8D, 0x3A, 0x64, 0xA7, 0x8E, 0xFB, 0x52, 0xCE, 0xCF, 0x69, 0x30, 0xD6,
    0x82, 0xBA, 0x57, 0x44, 0xEE, 0xDF, 0x2F, 0xA0, 0xBB, 0xCA, 0x80, 0x56, 0xF2, 0xFA, 0xDC, 0x5F,
    0xC8, 0xEC, 0x9A, 0x44, 0xEE, 0xBA, 0x85, 0x1B, 0x7A, 0x07, 0xFB, 0x50, 0x65, 0xE7, 0x54, 0xE1,
    0xD2, 0xEE, 0xCF, 0x16, 0x42, 0x58, 0x51, 0x8D, 0x56, 0x85, 0x88, 0x50, 0xBD, 0x2C, 0xD7, 0xBB,
    0x2A, 0x50, 0xDB, 0xA2, 0x78, 0x0C, 0x35, 0xDC, 0xE8, 0x1A, 0x4F, 0xF8, 0x9A, 0x80, 0xB5, 0x70,
    0x59, 0x9E, 0x33, 0x1E, 0x31, 0x08, 0x0B, 0x4C, 0xDE, 0x6B, 0x74, 0xAA, 0x98, 0xB3, 0x37, 0xA0,
    0x4E, 0xF5, 0x0D, 0xB8, 0xDC, 0xD0, 0xA7, 0xEC, 0x11, 0xDC, 0x26, 0xC4, 0x62, 0xC6, 0x8D, 0x57,
    0x5E, 0x4F, 0x3A, 0x7E, 0x36, 0xA1, 0x87, 0x82, 0xCA, 0xCB, 0x3E, 0x93, 0x49, 0xAF, 0x34, 0x2B,
    0xDA, 0x04, 0xEC, 0x1D, 0xA7, 0x74, 0x86, 0x63, 0xA3, 0x2E, 0xF5, 0x38, 0xCF, 0x9C, 0x39, 0x30,
    0x23, 0xAF, 0x6C, 0xD1, 0x1A, 0xD3, 0x98, 0x2F, 0x65, 0x77, 0x0E, 0xF1, 0x6C, 0xA9, 0xAA, 0x83,
    0x61, 0x63, 0xF9, 0x63, 0x0A, 0x77, 0xFF, 0x77, 0xB5, 0x5A, 0x85, 0xE1, 0x20, 0x89, 0x35, 0xEF,
    0x98, 0xB2, 0x95, 0xAC, 0x4B, 0x83, 0xD8, 0xEE, 0x63, 0x75, 0xA7, 0xFF, 0x68, 0x5F, 0xE9, 0xCC,
    0xF5, 0xA8, 0x32, 0xF3, 0xD4, 0xF8, 0xD5, 0xA0, 0xC8, 0x98, 0xB1, 0xCF, 0xD9, 0x9C, 0x98, 0xF6,
    0x80, 0xED, 0xBD, 0xFE, 0x3E, 0x13, 0xBD, 0xDB, 0x98, 0xF8, 0x97, 0x8C, 0x8E, 0xFB, 0x7D, 0x59,
    0x24, 0xFF, 0x2A, 0x2A, 0x98, 0x0F, 0x9E, 0xFA, 0xAD, 0xFD, 0x95, 0xA5, 0xC6, 0x15, 0x46, 0xD7,
    0xD0, 0xFF, 0x85, 0xD1, 0x39, 0x6B, 0x4C, 0xE9, 0x41, 0x3D, 0xCD, 0x5D, 0xC2, 0x2F, 0xBD, 0x1E,
    0x4F, 0xDE, 0x39, 0xF0, 0xDB, 0x76, 0x8B, 0xCF, 0x3A, 0x7A, 0xA8, 0x39, 0x95, 0x1F, 0x98, 0x4B,
    0x41, 0x1B, 0xD6, 0x61, 0x73, 0xDD, 0x44, 0x6F, 0xB7, 0xCC, 0xBD, 0x04, 0xA3, 0xBC, 0x2B, 0xFB,
    0xCC, 0xE1, 0x77, 0x67, 0xB3, 0xAA, 0xB5, 0x44, 0x62, 0x8E, 0x30, 0xED, 0xDC, 0x98, 0x69, 0x92,
    0xDF, 0xFD, 0xFB, 0x60, 0x67, 0xB7, 0x59, 0xD9, 0xCA, 0x4F, 0xE2, 0x76, 0x59, 0xA8, 0xAA, 0x8D,
    0xF3, 0xB4, 0x63, 0xDE, 0x76, 0xB1, 0x39, 0x83, 0x64, 0xAC, 0x67, 0xD7, 0x82, 0x76, 0x79, 0x3F,
    0xB8, 0x72, 0x74, 0xB0, 0x78, 0x1A, 0xD7, 0x59, 0x5C, 0xC3, 0x7B, 0xFF, 0x43, 0xBC, 0x5F, 0xE5,
    0xFB, 0x4F, 0xEF, 0xC6, 0xFB, 0x17, 0xC6, 0xBB, 0x7C, 0x16, 0xEF, 0x39, 0x2C, 0xE7, 0x98, 0x8A,
    0x55, 0x32, 0xE6, 0xDA, 0xB1, 0xDB, 0x62, 0xC7, 0x10, 0x2C, 0x0B, 0xBF, 0x2F, 0x2F, 0x27, 0x70,
    0xAF, 0xF6, 0xB5, 0x25, 0x50, 0x0B, 0x6A, 0x09, 0xB3, 0x43, 0x94, 0x2B, 0x59, 0x94, 0xB0, 0x3F,
    0x6E, 0x77, 0x77, 0x82, 0xF5, 0x5F, 0x6F, 0xB3, 0x09, 0x3D, 0x6F, 0x78, 0xA9, 0x92, 0x3B, 0x93,
    0x8C, 0xB6, 0x9F, 0x3F, 0x23, 0x10, 0xDA, 0x9C, 0xFF, 0xBE, 0x4A, 0x0B, 0xFA, 0xAE, 0x7B, 0x48,
    0x29, 0x9F, 0x39, 0xE4, 0xA6, 0xD7, 0x65, 0xB5, 0x43, 0x45, 0x79, 0x45, 0x56, 0xAE, 0xAB, 0x37,
    0x3B, 0x9B, 0x70, 0x1D, 0x35, 0xB0, 0x76, 0x7C, 0x5F, 0x55, 0xB6, 0xEF, 0x75, 0x6D, 0xB9, 0x86,
    0xE5, 0x9F, 0x37, 0xB0, 0xB3, 0x47, 0x8B, 0x5C, 0x5E, 0xC0, 0x74, 0xF5, 0xB7, 0x0F, 0xF5, 0x47,
    0x85, 0xE4, 0xE6, 0x55, 0xD4, 0xE2, 0x10, 0xAE, 0x68, 0xE8, 0xB0, 0xC6, 0x62, 0x18, 0xD4, 0xEA,
    0xC7, 0x08, 0xEA, 0xD9, 0x84, 0xAA, 0x3A, 0x32, 0xB4, 0x6E, 0x36, 0xA7, 0x6A, 0xB4, 0x80, 0x7C,
    0x9F, 0xB1, 0xB7, 0x6A, 0x5C, 0xA3, 0x45, 0xA8, 0x30, 0xDB, 0xFD, 0xCF, 0x1F, 0xC2, 0xDE, 0x42,
    0x99, 0x7E, 0x24, 0x48, 0x4E, 0x5E, 0x6F, 0x4D, 0xEE, 0xF7, 0x68, 0xCE, 0xE5, 0x5D, 0x32, 0xF7,
    0xB9, 0xCA, 0x48, 0x2D, 0x18, 0xB2, 0xBF, 0xB6, 0xE4, 0xE4, 0x0D, 0x14, 0x10, 0xAF, 0xD4, 0xAE,
    0x1E, 0x08, 0xC1, 0x56, 0xF4, 0xA0, 0x73, 0x7E, 0x0B, 0x35, 0xA4, 0xD3, 0xEC, 0xD3, 0xF9, 0x51,
    0x94, 0x35, 0x98, 0x49, 0x5E, 0xAF, 0x8E, 0xC3, 0x5C, 0x9D, 0x57, 0x28, 0x9A, 0x6B, 0xB9, 0x30,
    0x03, 0x35, 0x98, 0x20, 0x1B, 0x63, 0x86, 0x59, 0x6E, 0xB2, 0x54, 0xD1, 0xF5, 0x76, 0x19, 0x43,
    0xEC, 0x5B, 0x4F, 0x6E, 0xB2, 0x9D, 0x5D, 0x61, 0x9B, 0x75, 0xBE, 0xA5, 0x9A, 0x66, 0x67, 0xD2,
    0x32, 0x43, 0x21, 0x98, 0xAF, 0x24, 0xBF, 0x78, 0xFF, 0xDB, 0x78, 0xDF, 0xCB, 0x62, 0xF4, 0x06,
    0x6F, 0x42, 0x9A, 0x50, 0xE6, 0xDB, 0x73, 0xB3, 0xFD, 0x49, 0x82, 0xB7, 0x05, 0x73, 0x74, 0xC7,
    0x6C, 0x2B, 0x18, 0x6F, 0x68, 0xE9, 0x92, 0x99, 0x64, 0xD8, 0xB3, 0x87, 0x70, 0xF6, 0xBD, 0x67,
    0x11, 0xDB, 0xA9, 0x31, 0x9B, 0x27, 0xCD, 0xF1, 0xAE, 0x6A, 0x5B, 0xD4, 0x13, 0xC3, 0x0E, 0xA0,
    0x09, 0x06, 0xA6, 0x06, 0xDA, 0x8C, 0x79, 0x65, 0x45, 0x5C, 0x1D, 0x2B, 0x53, 0x3F, 0x97, 0xA8,
    0xCB, 0xB3, 0xFF, 0xA5, 0x39, 0xCA, 0x89, 0xBA, 0x4B, 0xAE, 0xD0, 0xFB, 0xF9, 0x0B, 0x2E, 0xBC,
    0xA0, 0x66, 0xBF, 0x32, 0xF3, 0x65, 0xFF, 0xD2, 0x1D, 0x88, 0x3A, 0xB6, 0x77, 0x92, 0xD5, 0xF6,
    0x0C, 0x95, 0xEB, 0x43, 0x40, 0xE6, 0x1A, 0xED, 0xB1, 0x2F, 0x51, 0xED, 0xF2, 0x58, 0x97, 0x79,
    0x9E, 0x51, 0xE7, 0x04, 0xA3, 0x37, 0x3E, 0x30, 0xC1, 0xD5, 0x65, 0xAB, 0x9B, 0x67, 0xD0, 0x55,
    0x37, 0xA8, 0x79, 0x73, 0x2F, 0xB3, 0x29, 0xEE, 0x38, 0x14, 0xBA, 0xCA, 0xB3, 0x48, 0x1D, 0xD5,
    0x14, 0x8C, 0xE1, 0xBB, 0x6C, 0x06, 0xD4, 0x42, 0x4B, 0x0D, 0x5A, 0x5F, 0x9B, 0x4D, 0xBB, 0x84,
    0x7B, 0x17, 0x8F, 0xDD, 0x73, 0xD3, 0xAE, 0x35, 0x9F, 0x42, 0x5D, 0x5C, 0x47, 0x7A, 0xE9, 0x6C,
    0xAC, 0xEA, 0x61, 0x7C, 0x2A, 0xEF, 0xFE, 0xD2, 0x51, 0x35, 0xFD, 0xF4, 0x8F, 0x10, 0x52, 0x5E,
    0x95, 0x9C, 0x70, 0x77, 0xA1, 0x9C, 0xCB, 0xEC, 0xEE, 0xBA, 0x12, 0xF0, 0x39, 0x3E, 0x62, 0xF4,
    0xD5, 0x42, 0xFB, 0x99, 0xE6, 0xB3, 0xA4, 0x0F, 0xF7, 0xA3, 0x80, 0x73, 0xA2, 0x8F, 0x8C, 0x4D,
    0x49, 0xE1, 0x92, 0x42, 0x4D, 0x42, 0xAF, 0x9A, 0x13, 0xF4, 0x77, 0xC4, 0xB7, 0x17, 0x74, 0xE6,
    0x05, 0xF6, 0xE8, 0x8A, 0x4B, 0x23, 0x1A, 0x54, 0xA8, 0x2F, 0xD4, 0x6F, 0xE6, 0x7C, 0x7B, 0x1A,
    0xDA, 0x9A, 0xA9, 0x6B, 0x56, 0xCD, 0xF5, 0xC5, 0xCA, 0x3B, 0x29, 0xC3, 0xB5, 0x3C, 0x6D, 0x56,
    0xA0, 0x70, 0x9D, 0x95, 0x09, 0xB6, 0x7D, 0x80, 0x62, 0x15, 0x60, 0x4E, 0x58, 0x12, 0x37, 0x2B,
    0x34, 0xE3, 0xCC, 0xDB, 0xEC, 0x37, 0xBD, 0xD0, 0x98, 0x2F, 0xFE, 0xC4, 0x43, 0xC8, 0x6C, 0x30,
    0x25, 0xFC, 0x93, 0xD9, 0x96, 0x10, 0xF9, 0xDE, 0xC7, 0x4F, 0xC2, 0xD1, 0xA6, 0x9A, 0x66, 0xCA,
    0xC0, 0x47, 0xFD, 0x72, 0x07, 0x73, 0xDD, 0xB7, 0xFF, 0x66, 0xED, 0xF3, 0x98, 0x76, 0x8A, 0x3C,
    0x8C, 0x05, 0x46, 0x27, 0x9A, 0x2B, 0x72, 0x9B, 0xE3, 0x2C, 0x66, 0xA1, 0x6D, 0xCB, 0x08, 0xC6,
    0x6C, 0xC1, 0xA9, 0x7A, 0x4E, 0x22, 0x5D, 0x30, 0x77, 0x9D, 0x9A, 0x8A, 0x35, 0x3A, 0xCD, 0x36,
    0x05, 0x73, 0xCF, 0x1F, 0xF7, 0x10, 0x69, 0xCC, 0xB8, 0xB4, 0xAF, 0x91, 0x0F, 0xB8, 0x5F, 0xE3,
    0xFA, 0x78, 0x43, 0xCA, 0x35, 0xB5, 0x75, 0xC6, 0x8B, 0x8D, 0x24, 0x76, 0x5A, 0x76, 0xFC, 0x4F,
    0x51, 0x3B, 0x9E, 0x03, 0xF9, 0x45, 0x02, 0xFE, 0x52, 0x7B, 0xB2, 0x6E, 0x2E, 0x7E, 0x2C, 0xE4,
    0xEB, 0x0F, 0x0E, 0xF9, 0xCA, 0x5F, 0xE8, 0x70, 0x17, 0xE6, 0x82, 0x32, 0xD0, 0xF2, 0xB0, 0xB4,
    0x6F, 0x61, 0x6C, 0x3F, 0x63, 0x8B, 0x89, 0x87, 0x11, 0x93, 0xBB, 0xCC, 0x0E, 0x79, 0x17, 0x32,
    0xAD, 0xA1, 0x6E, 0xBE, 0xAE, 0xEC, 0xF0, 0x3A, 0x83, 0xA6, 0xBA, 0x42, 0x5A, 0x75, 0x97, 0xFF,
    0x9F, 0xD3, 0xDA, 0xA3, 0xB3, 0x40, 0x6A, 0x6B, 0xF7, 0x31, 0xF5, 0xA2, 0x2E, 0x50, 0xCF, 0x2D,
    0x0C, 0x60, 0x1B, 0x0C, 0x00, 0x98, 0xCE, 0xB4, 0x6F, 0x82, 0x9A, 0x2E, 0xA2, 0x6A, 0x7A, 0xCB,
    0xE2, 0x7B, 0x59, 0xA8, 0x01, 0xFD, 0xD3, 0x6C, 0x0C, 0xE2, 0x22, 0x00, 0xF4, 0x1B, 0x6A, 0x01,
    0x6B, 0xA5, 0xD5, 0xE9, 0x05, 0x17, 0x39, 0xA3, 0xB5, 0x56, 0x7B, 0xEF, 0x97, 0x1A, 0x9F, 0xCB,
    0x33, 0x4D, 0x65, 0x7C, 0x86, 0x1F, 0xC9, 0xAB, 0x6A, 0x76, 0xBD, 0xA1, 0xCD, 0x76, 0xDE, 0xD6,
    0xEE, 0x64, 0xE3, 0xB3, 0x70, 0xB4, 0xF5, 0x8B, 0x3A, 0x91, 0x5D, 0xAF, 0x7B, 0x73, 0x32, 0xE4,
    0x9E, 0xD4, 0xF0, 0x73, 0xD9, 0x9A, 0xDD, 0x9C, 0xDF, 0x96, 0x0B, 0x3D, 0xC8, 0xE7, 0xBC, 0x74,
    0x74, 0x7D, 0x64, 0xDB, 0xD9, 0xC6, 0x5A, 0x46, 0xE1, 0x7E, 0x4F, 0x30, 0x69, 0x5C, 0x98, 0xF5,
    0xB6, 0x6D, 0x40, 0x60, 0x7C, 0x22, 0x83, 0x4C, 0x0A, 0x09, 0xED, 0x85, 0x3E, 0xA5, 0xC5, 0x63,
    0x82, 0x35, 0xE6, 0x33, 0x56, 0x64, 0x45, 0x4D, 0xC4, 0x3A, 0x60, 0x4C, 0x29, 0x67, 0xF3, 0x9B,
    0x21, 0xAA, 0x20, 0x9B, 0x90, 0xE9, 0x13, 0x7C, 0xA0, 0xA1, 0x5F, 0xAE, 0xCC, 0xC5, 0xB2, 0xEA,
    0x70, 0x0A, 0xCF, 0x9C, 0x27, 0xB0, 0xAF, 0x07, 0x36, 0xA6, 0x56, 0xEF, 0xEB, 0x1F, 0x63, 0xBA,
    0xF8, 0x0E, 0xE7, 0xBE, 0x23, 0x72, 0x87, 0x39, 0xFB, 0xBF, 0x92, 0x89, 0xEF, 0x0D, 0x1E, 0x6B,
    0xE5, 0xB0, 0xD4, 0x73, 0x56, 0x21, 0xCD, 0xDD, 0x83, 0x3F, 0x62, 0xA6, 0x71, 0xA6, 0x15, 0x26,
    0x5C, 0x72, 0x6A, 0x83, 0x61, 0xD3, 0x03, 0x4C, 0x5D, 0x44, 0x25, 0xAA, 0xF8, 0x1B, 0x66, 0x38,
    0xBC, 0x86, 0x81, 0xA7, 0xF9, 0x54, 0x75, 0xA6, 0x42, 0x52, 0xEF, 0x3D, 0xEB, 0x6E, 0x61, 0xF9,
    0x33, 0xAD, 0x40, 0x2B, 0xD7, 0x34, 0x2D, 0xFA, 0x14, 0x9E, 0x60, 0xFE, 0xDB, 0x71, 0xF5, 0x63,
    0x25, 0xED, 0x7F, 0xB5, 0xE8, 0x8D, 0x14, 0x68, 0x4E, 0x94, 0x72, 0x19, 0xF3, 0xB7, 0xB7, 0xA8,
    0x4E, 0xDA, 0x75, 0xC4, 0xF8, 0x08, 0x38, 0x97, 0x28, 0x0B, 0x42, 0x12, 0x88, 0x78, 0x19, 0x3E,
    0xD0, 0xA2, 0x00, 0x05, 0x41, 0x74, 0x8B, 0x84, 0x44, 0xB5, 0xB4, 0xF2, 0xBE, 0x99, 0xFA, 0x73,
    0x81, 0x54, 0xF4, 0x55, 0xB6, 0xE4, 0x24, 0x80, 0x72, 0x39, 0xE7, 0x08, 0xE3, 0x96, 0xEE, 0x55,
    0x66, 0x84, 0x19, 0xEF, 0x88, 0xD5, 0x43, 0xE0, 0x26, 0xC9, 0x13, 0x2C, 0x2F, 0x12, 0xE2, 0x46,
    0x39, 0x0B, 0x66, 0x0B, 0x72, 0x11, 0xF6, 0xC0, 0x06, 0xAC, 0x55, 0x58, 0xE7, 0x19, 0x00, 0x2D,
    0xC4, 0xD3, 0x07, 0x73, 0x5F, 0x5B, 0x1F, 0x46, 0x55, 0x52, 0x29, 0x29, 0x79, 0x73, 0x6F, 0xC1,
    0x07, 0x61, 0x84, 0x6D, 0x2A, 0x3F, 0x10, 0xE0, 0xE9, 0x23, 0xAD, 0x29, 0x43, 0xC2, 0x7B, 0xFE,
    0xB4, 0xA0, 0x45, 0x09, 0xEB, 0x75, 0xB9, 0xF7, 0x8F, 0xA8, 0x76, 0x2C, 0xC0, 0xC5, 0x5D, 0xF3,
    0x0B, 0x14, 0x93, 0xA8, 0x0C, 0xEA, 0xC6, 0xBE, 0x11, 0x68, 0x8F, 0x11, 0xB9, 0x40, 0x5D, 0x33,
    0x56, 0x0F, 0xF8, 0x8B, 0x5B, 0xD5, 0x0E, 0x84, 0x53, 0x5E, 0xE1, 0x18, 0xED, 0xAC, 0xD7, 0x4B,
    0x10, 0xC7, 0xCE, 0x73, 0xA3, 0x6D, 0x6D, 0x56, 0x1E, 0x43, 0xF3, 0x93, 0xDB, 0x54, 0x8A, 0xC1,
    0xA6, 0xBB, 0x07, 0xFE, 0x1D, 0x13, 0x09, 0x3F, 0xEF, 0x85, 0x2D, 0x78, 0xB0, 0x77, 0x33, 0x54,
    0x05, 0x09, 0x49, 0xA2, 0xF0, 0x5F, 0x50, 0x20, 0xB7, 0x8E, 0x45, 0x65, 0x6A, 0x55, 0x70, 0x85,
    0x16, 0xAB, 0x51, 0x80, 0x68, 0x99, 0x69, 0x2C, 0x20, 0xBC, 0x52, 0x45, 0x58, 0xAF, 0xFE, 0x6F,
    0x61, 0x07, 0xCB, 0x89, 0x69, 0xD4, 0x80, 0x5C, 0x17, 0xB3, 0xBA, 0x0C, 0x28, 0xC3, 0xAE, 0xCE,
    0xDA, 0x07, 0x01, 0x87, 0xA8, 0x48, 0x9F, 0xC3, 0xD2, 0x7D, 0xBF, 0xF3, 0x7B, 0x0A, 0xC2, 0x2B,
    0x26, 0x7A, 0x13, 0xAB, 0x17, 0xF9, 0x9B, 0xCC, 0x42, 0x5A, 0xB8, 0x0E, 0x22, 0x78, 0xA8, 0x4A,
    0xA3, 0x8A, 0x8D, 0x7F, 0xAB, 0xB2, 0x8A, 0x25, 0xA5, 0x2E, 0x99, 0x7E, 0x60, 0x97, 0x24, 0x39,
    0xED, 0x5C, 0x26, 0x8F, 0x27, 0xCB, 0x27, 0x6C, 0xEC, 0x9B, 0x3F, 0xD2, 0xE9, 0xA7, 0x45, 0xA7,
    0xC6, 0xFC, 0xF9, 0x08, 0xFF, 0x11, 0xE8, 0x23, 0x81, 0x8E, 0x74, 0x39, 0x9D, 0x3C, 0x22, 0x68,
    0xB4, 0xBE, 0xBD, 0xE6, 0x1C, 0xD2, 0xA9, 0x77, 0x69, 0xEA, 0x85, 0xA9, 0xAD, 0xE2, 0xB4, 0x2C,
    0x7F, 0x2C, 0x48, 0x41, 0xA2, 0xB2, 0xDB, 0x19, 0x68, 0x43, 0xB9, 0xDB, 0xBD, 0xFE, 0x48, 0x92,
    0x1F, 0x91, 0x24, 0xF3, 0x4C, 0x75, 0x90, 0x48, 0xBB, 0x8F, 0x40, 0xC9, 0x50, 0x31, 0x1F, 0x76,
    0xB3, 0x0F, 0x03, 0x70, 0xAA, 0x4C, 0x5B, 0xA8, 0xD9, 0x46, 0x3D, 0x31, 0x1E, 0xE4, 0xF5, 0x0A,
    0x74, 0x97, 0xCA, 0xB7, 0x9D, 0x80, 0x55, 0xA0, 0xE7, 0xB1, 0x23, 0x91, 0x0C, 0x27, 0x29, 0x3C,
    0x94, 0x0F, 0x3A, 0x45, 0xBF, 0x6C, 0xA9, 0xC5, 0x63, 0x1E, 0x21, 0xAC, 0x66, 0x80, 0x95, 0x4A,
    0x4D, 0x12, 0x57, 0x31, 0x1A, 0x22, 0x04, 0xED, 0x00, 0x8C, 0x47, 0xF5, 0x53, 0x80, 0x8F, 0x41,
    0xC1, 0x6C, 0x1E, 0xD0, 0x16, 0x14, 0xCD, 0x1D, 0x1D, 0xD6, 0xD2, 0x27, 0xB2, 0xE4, 0x67, 0xD0,
    0x6E, 0x8E, 0x04, 0xE0, 0x4C, 0x38, 0x1F, 0x5C, 0x37, 0x25, 0x94, 0x01, 0xB6, 0xCA, 0xF4, 0xB5,
    0xC6, 0x35, 0x3F, 0xD9, 0x07, 0x6B, 0xA5, 0x2E, 0x23, 0x9F, 0x7E, 0x8A, 0x96, 0xAA, 0xFD, 0x52,
    0x66, 0x87, 0xFD, 0x7A, 0xEF, 0x88, 0x0F, 0x01, 0x90, 0x1D, 0x67, 0x33, 0xB1, 0xED, 0xF0, 0x63,
    0xC8, 0x7A, 0x78, 0x83, 0x09, 0x82, 0x28, 0x2F, 0x9E, 0x43, 0x15, 0x01, 0x4E, 0x44, 0x47, 0xC3,
    0xA5, 0xD3, 0x46, 0xAB, 0x19, 0x2B, 0x8D, 0x30, 0x36, 0xDA, 0xEF, 0x41, 0xDB, 0x6F, 0x25, 0x0D,
    0x75, 0x46, 0x19, 0x3B, 0x34, 0x22, 0xDB, 0x6B, 0xEC, 0x40, 0x54, 0xA1, 0x2B, 0x2C, 0x01, 0xC5,
    0x33, 0x19, 0xDF, 0x67, 0x8D, 0x28, 0xD6, 0x16, 0xCA, 0x90, 0x99, 0xD8, 0x59, 0xB1, 0x10, 0x59,
    0xD5, 0xBF, 0x6B, 0x02, 0xD9, 0x9E, 0xFE, 0x85, 0xA8, 0x4A, 0x0B, 0x56, 0x13, 0x0C, 0xA6, 0x17,
    0xE8, 0x76, 0xDA, 0x6A, 0xA6, 0x88, 0x6B, 0xD6, 0x1E, 0x60, 0x71, 0x0F, 0x6C, 0xE8, 0x17, 0x74,
    0xA9, 0x5C, 0xF1, 0x1A, 0x69, 0xE8, 0x39, 0xE1, 0x14, 0x11, 0x15, 0xA2, 0xFE, 0xAA, 0xDC, 0x5B,
    0x7B, 0xE4, 0xBC, 0x29, 0xB3, 0x78, 0x93, 0xC2, 0xD3, 0xCE, 0x47, 0x35, 0x27, 0xA4, 0xAB, 0x57,
    0xA1, 0x89, 0x30, 0x61, 0x33, 0xD6, 0x17, 0xAB, 0xA1, 0xCD, 0x25, 0x77, 0xB2, 0xC8, 0x78, 0x65,
    0xED, 0x8F, 0x2B, 0x7F, 0x5A, 0xF7, 0xEB, 0xAD, 0x04, 0xCE, 0x1F, 0x0D, 0xFE, 0x91, 0x51, 0x7D,
    0x64, 0xD9, 0xB9, 0xB1, 0x8A, 0x79, 0x49, 0x3C, 0xA7, 0x2C, 0xDF, 0x59, 0xBF, 0xE2, 0xE3, 0x3E,
    0x27, 0x1A, 0xDD, 0x2A, 0x2F, 0x0A, 0x8F, 0xAF, 0x99, 0x69, 0x11, 0xE5, 0xD9, 0xE6, 0x52, 0x65,
    0x57, 0xB1, 0xE1, 0xB2, 0x59, 0x47, 0x6B, 0x2E, 0xDB, 0x9C, 0x45, 0xB7, 0xEA, 0x18, 0xDC, 0xDA,
    0xDD, 0x41, 0x62, 0x41, 0x6A, 0xBB, 0x98, 0x0F, 0xB3, 0x68, 0xD0, 0x4F, 0x02, 0x58, 0x4B, 0x59,
    0x7A, 0x86, 0xA0, 0x3A, 0xDB, 0xC3, 0xF3, 0x39, 0x30, 0xB0, 0x75, 0x38, 0x02, 0x5B, 0xE8, 0x63,
    0x69, 0xDF, 0xD0, 0x4A, 0xAF, 0xDF, 0xA9, 0x65, 0x39, 0xDA, 0x92, 0xD9, 0x8A, 0x9A, 0x3E, 0xD3,
    0x9D, 0x91, 0xD2, 0x48, 0xF2, 0x23, 0x7D, 0x34, 0xA9, 0x22, 0x70, 0x41, 0xD3, 0x09, 0xC9, 0xBE,
    0x05, 0xF5, 0x58, 0x90, 0x0C, 0xBC, 0x83, 0x2D, 0x35, 0xF9, 0x48, 0x4B, 0xC2, 0x67, 0x48, 0x81,
    0xDF, 0x41, 0x2F, 0x6A, 0xED, 0x94, 0xB7, 0x28, 0x99, 0xC2, 0xD4, 0x8F, 0x79, 0x19, 0xFA, 0x2C,
    0x4A, 0xD2, 0x9D, 0x3E, 0xA2, 0xEB, 0x16, 0x8D, 0x0F, 0x76, 0x77, 0xB3, 0x7B, 0xB0, 0x36, 0x3D,
    0x6B, 0x43, 0xE4, 0x8C, 0xB5, 0xBE, 0x1A, 0xFE, 0x7C, 0x0E, 0xAD, 0x4C, 0x1A, 0x95, 0xD0, 0x7D,
    0x48, 0x2E, 0x4B, 0x0B, 0x9F, 0x3C, 0x4F, 0xD5, 0x6A, 0x45, 0x49, 0xCE, 0xF2, 0x05, 0x6D, 0x79,
    0xC5, 0xA8, 0x0A, 0x83, 0x72, 0x69, 0x11, 0x33, 0x8F, 0x5C, 0x58, 0xBB, 0x2C, 0xEF, 0xF4, 0x46,
    0x64, 0xBB, 0x10, 0x6D, 0x60, 0xD8, 0x8E, 0xC3, 0x7C, 0x45, 0x9F, 0x22, 0x66, 0x39, 0x52, 0x5F,
    0x03, 0x30, 0x9E, 0xE6, 0xE3, 0x99, 0x6B, 0xC7, 0x6A, 0x86, 0xCE, 0x0D, 0x6E, 0x5C, 0xD9, 0x49,
    0x89, 0x64, 0x4D, 0x30, 0xBA, 0x98, 0xD5, 0x20, 0x27, 0x9B, 0x32, 0xFE, 0x9E, 0x71, 0xE3, 0x34,
    0x06, 0xD5, 0x16, 0x1C, 0xAB, 0x71, 0xAE, 0xF7, 0xFE, 0x56, 0xDA, 0x81, 0x6B, 0xE1, 0x58, 0xB2,
    0x9B, 0xE8, 0xBF, 0xB3, 0x95, 0x5C, 0x0F, 0xC7, 0x8E, 0x70, 0x19, 0xCC, 0x33, 0xE7, 0x25, 0xD5,
    0x87, 0x49, 0x3F, 0x12, 0x19, 0x0E, 0x2A, 0xF6, 0xF5, 0x49, 0x51, 0x0B, 0x96, 0xA0, 0x50, 0x72,
    0xDB, 0x40, 0x93, 0xF1, 0x59, 0x6B, 0x95, 0xBC, 0x59, 0x2D, 0x6D, 0xB6, 0xD9, 0xEA, 0xD3, 0xF4,
    0x82, 0x8F, 0xD2, 0x39, 0xD9, 0x2B, 0x0F, 0x49, 0x6A, 0xFA, 0xBC, 0x15, 0x75, 0xFD, 0xBA, 0xC5,
    0xB2, 0x2C, 0x0D, 0x77, 0x0F, 0x6E, 0xBD, 0xCD, 0x62, 0xF9, 0x1B, 0x76, 0x6C, 0xF9, 0x7B, 0xDB,
    0x79, 0xE5, 0x9C, 0x92, 0x2A, 0x13, 0xD0, 0xCA, 0x94, 0xD0, 0xC5, 0x80, 0xB1, 0x03, 0x4C, 0x35,
    0x83, 0x78, 0xB1, 0xC4, 0x53, 0x8F, 0x1D, 0xC1, 0x1C, 0x32, 0x2A, 0x44, 0xB3, 0x0C, 0xA1, 0x19,
    0xA8, 0x1D, 0xE9, 0xB3, 0x7C, 0x96, 0x11, 0xBD, 0xD8, 0x8B, 0xDE, 0x68, 0xC3, 0x81, 0x4D, 0x7D,
    0xFA, 0xCA, 0xA5, 0xF7, 0x9E, 0x43, 0xD3, 0x3A, 0x10, 0x48, 0xDD, 0xAD, 0x3D, 0x7D, 0x64, 0x48,
    0x37, 0x86, 0xC5, 0x5D, 0x7F, 0x4D, 0xD9, 0x37, 0xF9, 0xDE, 0xF8, 0x40, 0x91, 0xE4, 0x4D, 0xB8,
    0xCE, 0x6A, 0xD6, 0x77, 0x88, 0x0A, 0x10, 0x56, 0x6B, 0xDE, 0x00, 0x3E, 0x5F, 0x84, 0x55, 0x16,
    0x35, 0x1E, 0x29, 0x3A, 0x4F, 0x8E, 0x0E, 0x5E, 0x5A, 0xC8, 0x61, 0xFE, 0x10, 0xA0, 0xFE, 0x01,
    0xBA, 0x82, 0xCD, 0xEE, 0x77, 0x75, 0x01, 0xA4, 0x0B, 0x8E, 0x43, 0x0B, 0x37, 0xDB, 0xD1, 0xA8,
    0xA3, 0x1F, 0x5E, 0xAB, 0x86, 0xFA, 0x31, 0x21, 0x99, 0x2A, 0x81, 0x3F, 0x3E, 0xA3, 0x22, 0xC2,
    0x15, 0x44, 0x6C, 0xA0, 0x9D, 0x19, 0x2E, 0xC3, 0xAE, 0x78, 0x65, 0x82, 0x1B, 0xBF, 0xCE, 0xBB,
    0xEB, 0x63, 0xB6, 0xCD, 0xB2, 0x88, 0x96, 0x4E, 0xEB, 0x56, 0x53, 0xA1, 0xD2, 0x2B, 0xB5, 0x49,
    0x5E, 0x81, 0xA7, 0x2F, 0xCD, 0xA2, 0x3A, 0x68, 0xBC, 0x62, 0x45, 0xB7, 0x45, 0x52, 0x03, 0x2E,
    0x84, 0xA6, 0x68, 0x6F, 0xBC, 0x2F, 0x94, 0x2D, 0x42, 0xAD, 0xFD, 0x3A, 0x72, 0xAD, 0x39, 0xAE,
    0xD0, 0xA5, 0x31, 0x07, 0xBD, 0xFB, 0x5B, 0xA8, 0x67, 0x4E, 0x26, 0x17, 0x14, 0xB2, 0xA6, 0x50,
    0xFD, 0xD9, 0x8B, 0x0A, 0x92, 0x97, 0x37, 0x0F, 0xEC, 0x15, 0xB9, 0xC6, 0x2F, 0xC6, 0x91, 0x6C,
    0xE1, 0xCA, 0xCC, 0x0D, 0x7F, 0x98, 0x65, 0x28, 0x72, 0xC0, 0x95, 0x4E, 0xA8, 0x34, 0x9C, 0x47,
    0x68, 0xB7, 0x1A, 0xB0, 0x88, 0xE3, 0xA7, 0x3A, 0x51, 0x6F, 0xE5, 0x89, 0x1C, 0xD9, 0x28, 0xB1,
    0xF3, 0x25, 0xA8, 0x9A, 0x35, 0x50, 0x69, 0x95, 0x55, 0xEF, 0x28, 0xF4, 0x01, 0x72, 0x04, 0x3C,
    0x5E, 0x22, 0x44, 0x51, 0x77, 0x80, 0x26, 0x9D, 0x7E, 0x0F, 0x74, 0x58, 0x02, 0x08, 0xA9, 0xA3,
    0x1B, 0x72, 0x7D, 0x11, 0xA8, 0x1D, 0x6F, 0x5E, 0x39, 0xAA, 0x70, 0x35, 0x1D, 0x3B, 0x9A, 0xEC,
    0x11, 0xBA, 0x1E, 0x5C, 0xDD, 0x22, 0x0B, 0xE7, 0x0F, 0xCA, 0x90, 0xA3, 0x2C, 0xE8, 0x83, 0x6A,
    0x82, 0xC0, 0x94, 0xE1, 0xE0, 0x46, 0x8D, 0x80, 0x83, 0x8C, 0xB9, 0x11, 0x14, 0xFF, 0x10, 0xCA,
    0xA4, 0x70, 0x88, 0xF8, 0x9D, 0xA3, 0x83, 0xF2, 0x6D, 0xB9, 0xC6, 0xFB, 0xF6, 0xC4, 0x43, 0x9D,
    0x2E, 0xB8, 0x84, 0x37, 0x4C, 0x44, 0xD3, 0xE0, 0x8A, 0x89, 0x59, 0xDF, 0xC9, 0x80, 0x33, 0x53,
    0x18, 0xCD, 0xB5, 0x59, 0x1E, 0x8F, 0xF9, 0x1C, 0x60, 0xA6, 0xA1, 0x16, 0x94, 0xD1, 0xCF, 0x97,
    0x61, 0x96, 0xF3, 0xF6, 0x24, 0x81, 0xB1, 0x1A, 0xA3, 0x60, 0x72, 0x4F, 0x63, 0xD6, 0x1E, 0x78,
    0x72, 0x21, 0xBB, 0x98, 0xA5, 0x55, 0x5A, 0xE7, 0xF8, 0x57, 0xA5, 0xD5, 0x85, 0xD5, 0x46, 0x56,
    0x08, 0x58, 0x40, 0x0E, 0xA4, 0x2B, 0x7F, 0xF9, 0x0B, 0xE8, 0x0D, 0x8C, 0x66, 0x85, 0xFD, 0x3D,
    0xE5, 0xFF, 0x7F, 0x6C, 0xED, 0xB7, 0x0F, 0xF5, 0x87, 0xB2, 0x83, 0xA3, 0x2B, 0xC8, 0x30, 0x62,
    0x3E, 0xAA, 0xD1, 0x10, 0x59, 0x66, 0x56, 0x43, 0xCB, 0x2E, 0x1F, 0x14, 0xE0, 0x7C, 0xD9, 0xA1,
    0xAC, 0x0B, 0x75, 0x76, 0x51, 0xF6, 0x43, 0xDD, 0x31, 0x1F, 0x77, 0xD4, 0xFD, 0x78, 0x8A, 0x59,
    0x8D, 0xCA, 0x9F, 0x0B, 0x7F, 0xD5, 0x0A, 0x2D, 0xB2, 0x7F, 0xB2, 0xD7, 0x41, 0x54, 0x87, 0xD5,
    0x83, 0x2C, 0xE1, 0xC7, 0xF2, 0xBB, 0x0A, 0xF3, 0xD0, 0x67, 0x0E, 0x89, 0xB6, 0x36, 0x08, 0x8E,
    0x55, 0x3A, 0x7C, 0xF4, 0x58, 0x47, 0xBB, 0x16, 0xEB, 0xF0, 0x4F, 0xC4, 0x3A, 0xE2, 0xE3, 0xB1,
    0x0E, 0xE3, 0x16, 0xCB, 0xD2, 0x80, 0x56, 0x4D, 0x6A, 0xA5, 0x2B, 0x27, 0x7B, 0xD1, 0xA2, 0xAA,
    0xCD, 0xFB, 0xB6, 0xA6, 0xF0, 0x53, 0xCB, 0xD0, 0x76, 0xCB, 0x93, 0xEB, 0x57, 0x93, 0x0D, 0x86,
    0x95, 0x68, 0x8D, 0x16, 0x05, 0xEB, 0xA3, 0x5C, 0xEA, 0xA9, 0xE8, 0x52, 0x81, 0xA4, 0xBA, 0xC7,
    0x7A, 0xE9, 0x18, 0x03, 0x5E, 0xDA, 0x90, 0x2A, 0xBF, 0x69, 0xF5, 0xF1, 0xE5, 0xB4, 0x59, 0x21,
    0xB6, 0xE8, 0xCC, 0xF8, 0xCE, 0x89, 0x0E, 0x9F, 0x17, 0xC0, 0x15, 0x2E, 0x5A, 0x66, 0xD2, 0x0F,
    0x82, 0x8A, 0xB8, 0xD3, 0x15, 0x1A, 0xF4, 0x0E, 0x36, 0x5A, 0xCC, 0x92, 0xD6, 0x98, 0x60, 0xF9,
    0x56, 0x69, 0x5F, 0x34, 0x48, 0xAE, 0x40, 0x3F, 0x0C, 0x38, 0x1B, 0xBE, 0x99, 0xB1, 0xDA, 0x1A,
    0xCF, 0xEF, 0x26, 0x0B, 0x85, 0xAC, 0xE7, 0x97, 0x93, 0xDA, 0x24, 0x32, 0x2D, 0x63, 0x7D, 0x4E,
    0x79, 0xC5, 0x27, 0x3C, 0xA5, 0x45, 0x08, 0xAD, 0xEB, 0x0B, 0x9C, 0x33, 0xAC, 0x64, 0xD6, 0x96,
    0x40, 0xD9, 0xF8, 0x54, 0xBF, 0xE0, 0xD9, 0x4E, 0x28, 0x6E, 0x75, 0x5D, 0x4F, 0xBC, 0x83, 0xCB,
    0xDA, 0xAA, 0x01, 0x85, 0x03, 0xAE, 0x50, 0x3A, 0xB4, 0x2F, 0xEC, 0x69, 0xEA, 0x2E, 0x80, 0x94,
    0x32, 0xFA, 0xC8, 0x16, 0x7C, 0xF5, 0xE4, 0x48, 0x10, 0x40, 0xA6, 0x8A, 0xC9, 0xEB, 0x84, 0x9C,
    0xA7, 0xED, 0x82, 0xF5, 0x49, 0x84, 0xFA, 0xA0, 0x02, 0x7C, 0xCC, 0xB5, 0x20, 0x48, 0x99, 0xDC,
    0xCC, 0xD6, 0xFA, 0xE4, 0x51, 0x7D, 0x80, 0xB7, 0x7B, 0x90, 0x29, 0x2B, 0x43, 0x2F, 0xF1, 0xC3,
    0x67, 0xAF, 0x79, 0xE8, 0x99, 0xFC, 0x98, 0xF3, 0xE1, 0xDC, 0x78, 0x1A, 0xB7, 0x28, 0xD9, 0x81,
    0xFD, 0x87, 0xB2, 0x49, 0x2D, 0x46, 0x58, 0xE4, 0x56, 0x9F, 0xEC, 0x86, 0xD1, 0xEF, 0x98, 0xFF,
    0x04, 0xED, 0x5C, 0x3D, 0x90, 0xDD, 0xD6, 0x75, 0xBE, 0x00, 0xB8, 0x0F, 0x23, 0x61, 0x64, 0xB0,
    0x10, 0x35, 0xF6, 0xD2, 0x36, 0x1A, 0x17, 0x9E, 0x84, 0x63, 0x34, 0x2A, 0x58, 0x50, 0x04, 0x64,
    0x17, 0x2E, 0x54, 0x78, 0x0B, 0xAE, 0x3D, 0x96, 0x0A, 0xA9, 0x48, 0x11, 0xC6, 0xC5, 0xBA, 0x60,
    0xA1, 0x42, 0x12, 0x20, 0xAB, 0x50, 0xE1, 0x22, 0xCC, 0x8C, 0xE2, 0xC6, 0x0D, 0x0B, 0x15, 0xD6,
    0x72, 0xC6, 0x54, 0xE1, 0x42, 0x85, 0x48, 0x40, 0x56, 0xC1, 0xC2, 0x85, 0x9F, 0x93, 0xC2, 0x85,
    0x0B, 0xBF, 0x89, 0x99, 0x64, 0x46, 0x2A, 0x08, 0x8F, 0x11, 0x1B, 0x4B, 0xE1, 0xE1, 0xE6, 0x7C,
    0xDF, 0xB9, 0x78, 0x0F, 0xBB, 0xA4, 0x22, 0x47, 0x96, 0xB9, 0xCB, 0xA5, 0xDF, 0xEC, 0x02, 0xD8,
    0xF7, 0xF0, 0xEE, 0xBD, 0xE7, 0x7C, 0xE7, 0xFF, 0x1E, 0xAC, 0x31, 0x66, 0x66, 0xF8, 0x2A, 0x4A,
    0x9E, 0x6C, 0x8D, 0xA3, 0x67, 0xE7, 0x38, 0x05, 0x76, 0xA1, 0xA7, 0x06, 0xA7, 0xE8, 0xD7, 0x2D,
    0x4E, 0xF1, 0xFB, 0x3D, 0x4E, 0xC9, 0x6B, 0x3C, 0x65, 0xDE, 0x92, 0xDF, 0x36, 0x16, 0xA7, 0xEB,
    0x7A, 0xEA, 0x39, 0x9A, 0xDF, 0x99, 0x4C, 0x46, 0x0B, 0x5A, 0x93, 0xCA, 0x68, 0x61, 0x63, 0x12,
    0x19, 0x2D, 0xB6, 0x16, 0xA3, 0xE1, 0x24, 0xA3, 0xA5, 0x1F, 0xEC, 0x5E, 0x95, 0x61, 0xB2, 0xDC,
    0x04, 0x3D, 0x06, 0x31, 0xFE, 0x60, 0xCC, 0x80, 0xF9, 0x8D, 0x87, 0xE1, 0x6D, 0xEE, 0xE3, 0x54,
    0x95, 0xE1, 0x32, 0x37, 0xBE, 0xBD, 0x55, 0xC9, 0x77, 0x33, 0xCB, 0x21, 0x0A, 0x6B, 0xCD, 0xC7,
    0xBC, 0x7E, 0xC2, 0xA3, 0xAF, 0x9F, 0x07, 0xFB, 0x4E, 0x18, 0x1F, 0xAF, 0x0B, 0xAB, 0x9B, 0x23,
    0x2B, 0x4B, 0xC5, 0x62, 0xC2, 0xE1, 0x5A, 0x6F, 0xE2, 0xC6, 0x5F, 0x9A, 0x64, 0x2E, 0x6B, 0x88,
    0x6B, 0x39, 0xCC, 0x4A, 0x25, 0x68, 0x3C, 0xCC, 0x2A, 0x59, 0x58, 0x25, 0x33, 0x47, 0xF6, 0x8E,
    0x35, 0x49, 0x2B, 0xEF, 0x09, 0x89, 0x72, 0x28, 0x57, 0x57, 0x73, 0x99, 0x29, 0xDD, 0xDB, 0xB1,
    0x1F, 0x08, 0x89, 0xD9, 0x10, 0xD8, 0x56, 0xEE, 0xFA, 0x6E, 0xEE, 0xDD, 0xB5, 0xC0, 0x60, 0x18,
    0x57, 0xC5, 0x2B, 0xD2, 0xE9, 0x5E, 0x27, 0xDD, 0xC2, 0x88, 0x41, 0x66, 0xC9, 0xF5, 0xE2, 0x9B,
    0x1D, 0x4E, 0x2F, 0xFB, 0x3C, 0x9D, 0x09, 0x5A, 0xBD, 0x87, 0xC0, 0x08, 0x7F, 0x08, 0x5A, 0xA7,
    0x5F, 0xD7, 0xF7, 0xCC, 0xD6, 0xBE, 0x29, 0x1F, 0x60, 0x94, 0x67, 0x7B, 0x64, 0x03, 0x60, 0xBA,
    0x26, 0x53, 0xF4, 0x91, 0x4C, 0xD0, 0x86, 0x72, 0x38, 0x19, 0x61, 0xFD, 0x29, 0x16, 0x81, 0xE5,
    0x05, 0x20, 0x23, 0x20, 0x49, 0xF9, 0x3E, 0xDA, 0xEF, 0x2B, 0xC4, 0x0A, 0x9E, 0x39, 0xA7, 0x27,
    0xB2, 0x4D, 0xA9, 0x24, 0x8F, 0xB8, 0x1C, 0x2E, 0xF1, 0x46, 0x94, 0x93, 0xE9, 0xB5, 0xAE, 0x90,
    0xBC, 0x4F, 0xDF, 0xEF, 0x94, 0xCD, 0x4B, 0xE5, 0xEF, 0xB9, 0x63, 0x82, 0xE0, 0xF8, 0x5A, 0x8C,
    0x4C, 0x08, 0x71, 0x88, 0xF1, 0x67, 0x02, 0x3A, 0x32, 0xC7, 0x31, 0xFF, 0x9D, 0x93, 0x98, 0x92,
    0x70, 0xCB, 0xFB, 0x55, 0xD2, 0x08, 0xB2, 0x61, 0x67, 0xA2, 0x56, 0x66, 0x09, 0x4B, 0xF3, 0x0F,
    0x87, 0x85, 0xAA, 0x03, 0xF5, 0xED, 0x29, 0x9A, 0x0E, 0x5B, 0x70, 0x83, 0x7C, 0x26, 0x2E, 0x37,
    0xC2, 0xF2, 0x21, 0x43, 0x35, 0x32, 0x4E, 0x07, 0x4D, 0x5A, 0x8F, 0xA0, 0x06, 0xCD, 0xCA, 0x1C,
    0xBD, 0x04, 0x54, 0x1F, 0x97, 0xF7, 0x87, 0x51, 0x89, 0xAB, 0x74, 0x21, 0xD6, 0x4E, 0x24, 0x20,
    0x6A, 0xE4, 0x16, 0x01, 0xEA, 0x85, 0xC3, 0x42, 0xD5, 0x53, 0x13, 0x99, 0xA8, 0x4F, 0xC8, 0x14,
    0xC8, 0x73, 0x09, 0x8D, 0xC7, 0x89, 0x54, 0x6F, 0x21, 0x7F, 0x2F, 0xFA, 0x0B, 0x3A, 0x94, 0x57,
    0xE7, 0x5C, 0x21, 0x61, 0x49, 0x0E, 0xA0, 0xFA, 0xD4, 0xB1, 0x41, 0x95, 0xCC, 0xA9, 0x5A, 0x38,
    0xA6, 0x1E, 0x56, 0xF5, 0xBA, 0x0C, 0x51, 0x5F, 0x1F, 0x05, 0xFF, 0x34, 0xD6, 0x2D, 0x3C, 0xF2,
    0xFE, 0x31, 0x06, 0x2F, 0x80, 0x3B, 0xE8, 0x2B, 0x9E, 0x6F, 0x84, 0x59, 0x41, 0x07, 0xD5, 0xEE,
    0x8D, 0x5F, 0x9A, 0xAF, 0x1C, 0x0E, 0xAA, 0x1B, 0x3A, 0x61, 0xB6, 0x38, 0x43, 0x2A, 0x7A, 0xC2,
    0xD2, 0x55, 0xE4, 0xEB, 0xDB, 0x89, 0x7A, 0x48, 0x4F, 0xDD, 0xC3, 0xB6, 0x0B, 0x13, 0xF8, 0x57,
    0x78, 0xDC, 0x51, 0xE5, 0x3D, 0x2F, 0xC8, 0x0A, 0xE7, 0x8D, 0x1C, 0xEE, 0xC8, 0xE1, 0x3D, 0xF9,
    0x2C, 0x28, 0x8B, 0xF9, 0xC8, 0xB5, 0x0B, 0xC6, 0x01, 0x9A, 0x80, 0xA6, 0xE2, 0xF9, 0x16, 0x80,
    0xF6, 0x00, 0x74, 0x79, 0x88, 0x80, 0x9A, 0xEB, 0x8A, 0x99, 0x2D, 0x27, 0x30, 0xC5, 0x1F, 0x12,
    0xA6, 0xEC, 0x07, 0x64, 0xE9, 0x40, 0x1B, 0xEC, 0xB5, 0xE6, 0xCB, 0xF7, 0x08, 0x06, 0x1F, 0xE2,
    0xF0, 0x16, 0x5E, 0x0B, 0x13, 0x8F, 0xA8, 0xCA, 0xA2, 0x33, 0x44, 0x50, 0x95, 0x84, 0x8D, 0x5E,
    0x2F, 0x0B, 0x97, 0x9F, 0xCE, 0x78, 0xE5, 0xFE, 0x50, 0xF1, 0x08, 0x06, 0xC4, 0xEE, 0x15, 0x94,
    0x93, 0xF8, 0x49, 0x23, 0x07, 0x32, 0x17, 0xA4, 0xBE, 0x7C, 0x82, 0xA1, 0xEF, 0x93, 0x9F, 0x53,
    0x3B, 0x75, 0x9E, 0xEB, 0xFB, 0x11, 0xC7, 0x28, 0x34, 0x82, 0x8E, 0x54, 0x82, 0x26, 0xA1, 0xFF,
    0xB1, 0x10, 0x0F, 0x12, 0x10, 0xD7, 0xA3, 0xFF, 0xC5, 0x9C, 0x5C, 0x86, 0xBA, 0x5F, 0x99, 0x93,
    0xAA, 0x2B, 0xE1, 0xF2, 0x8B, 0x26, 0xE8, 0x44, 0x47, 0x7C, 0xAE, 0xA0, 0x02, 0xA5, 0xD1, 0xDE,
    0xDD, 0xC2, 0x75, 0xDF, 0xD1, 0xF7, 0x14, 0xCD, 0x40, 0xB3, 0x96, 0xC0, 0xE5, 0x30, 0x0A, 0xFE,
    0xC9, 0xF3, 0x8A, 0xEA, 0x23, 0x0F, 0x1B, 0xAA, 0x01, 0x17, 0x55, 0x8E, 0x52, 0x1E, 0x37, 0x63,
    0xCC, 0xAC, 0x8C, 0x39, 0x7B, 0x84, 0x51, 0xBD, 0xE0, 0xEC, 0x11, 0x59, 0x1F, 0xFF, 0x86, 0xCC,
    0x8E, 0xBE, 0xC1, 0x93, 0x17, 0x2A, 0xD6, 0xA9, 0xC2, 0xF2, 0x92, 0xC6, 0xD4, 0x67, 0x1F, 0x9B,
    0xB8, 0xDA, 0xEA, 0xAA, 0x22, 0xA0, 0xE8, 0x84, 0x43, 0x7E, 0x9C, 0x50, 0x8D, 0x86, 0x31, 0xB3,
    0x79, 0x25, 0x96, 0x79, 0xCE, 0xD1, 0x90, 0x51, 0x75, 0x2B, 0xC3, 0x45, 0x68, 0xF2, 0xEE, 0x97,
    0x5B, 0x47, 0x12, 0xDA, 0x0D, 0x05, 0x23, 0x6B, 0x08, 0x58, 0xB1, 0xFC, 0x1A, 0x41, 0x2C, 0xC8,
    0xD5, 0x27, 0xE3, 0x7E, 0x12, 0x52, 0x9F, 0x54, 0x01, 0x7E, 0xD7, 0xC4, 0x39, 0x59, 0x53, 0xA9,
    0xC2, 0xF2, 0xCE, 0x44, 0xF5, 0xD6, 0x7B, 0xEB, 0xB8, 0x28, 0xEC, 0x0D, 0x73, 0x59, 0xDE, 0xAD,
    0x11, 0x55, 0xFD, 0x51, 0x0E, 0x3F, 0x97, 0xB7, 0xFD, 0xB2, 0x72, 0x51, 0x95, 0x6F, 0x44, 0x4D,
    0xA3, 0x5A, 0xB0, 0x8C, 0x5A, 0x5F, 0x30, 0xC2, 0x97, 0x3C, 0x0B, 0xC8, 0xD2, 0xEE, 0x30, 0xB1,
    0xDC, 0x32, 0xB0, 0xAC, 0x5E, 0x63, 0x60, 0x59, 0x65, 0x1A, 0xB5, 0xAC, 0x1F, 0x4C, 0x2D, 0xEB,
    0x69, 0x45, 0xE1, 0x80, 0x65, 0xFD, 0x5B, 0x54, 0x85, 0x37, 0x6A, 0x18, 0xDF, 0x06, 0x1A, 0xBA,
    0xF4, 0x8F, 0x9E, 0x4B, 0xFD, 0x84, 0x80, 0xEA, 0xD4, 0xB6, 0xBC, 0x42, 0x30, 0xA4, 0x2B, 0x70,
    0x2C, 0x93, 0x3B, 0xBB, 0x57, 0x3B, 0x4C, 0x9E, 0x94, 0xF0, 0x34, 0xBC, 0x8C, 0x73, 0x5C, 0x6E,
    0xE9, 0xBA, 0xE8, 0x7F, 0xF6, 0x5D, 0x5E, 0x13, 0x72, 0x00, 0x47, 0x6E, 0xC8, 0xD7, 0xBB, 0x6F,
    0x18, 0x2F, 0x1F, 0xC7, 0x65, 0x30, 0xC7, 0xE5, 0xCB, 0xB8, 0x8C, 0x78, 0xB9, 0x9C, 0x61, 0xE2,
    0xF7, 0x71, 0xE8, 0x75, 0x0D, 0x77, 0xB3, 0xED, 0xD1, 0x72, 0x5C, 0xB9, 0x29, 0xE8, 0xFF, 0x78,
    0xC9, 0xF8, 0x66, 0x1D, 0xB0, 0x56, 0x7B, 0x90, 0xD7, 0xCE, 0xA4, 0x77, 0xAA, 0x85, 0x38, 0x48,
    0x9B, 0x0F, 0x62, 0x34, 0xC5, 0x67, 0x66, 0x92, 0xC7, 0xF9, 0xBD, 0x30, 0x2D, 0xB9, 0x39, 0xCE,
    0x71, 0xF3, 0xCE, 0xEE, 0xEE, 0x4F, 0x8A, 0xDC, 0x39, 0x52, 0xF9, 0x48, 0x63, 0xE3, 0xB4, 0x51,
    0xC9, 0x7D, 0x5C, 0x18, 0x5E, 0x95, 0x29, 0x70, 0xA2, 0xA5, 0x7A, 0xE2, 0x8D, 0x83, 0xFC, 0xC4,
    0x9D, 0x64, 0x67, 0xD6, 0x8C, 0x85, 0x01, 0x33, 0xA6, 0xCB, 0x0C, 0xAE, 0x43, 0x8B, 0x25, 0x0E,
    0x20, 0x30, 0xAE, 0x91, 0x92, 0xBC, 0x18, 0x36, 0x63, 0x0D, 0x41, 0x05, 0x8B, 0xC1, 0x2A, 0x8B,
    0x09, 0xE6, 0x11, 0x73, 0xA4, 0xE1, 0xF0, 0xA9, 0x50, 0x72, 0xC8, 0x6E, 0x37, 0xE2, 0x8C, 0x64,
    0xE1, 0xE7, 0x44, 0xD2, 0x4D, 0x8E, 0x52, 0x1D, 0x9C, 0xD7, 0xE9, 0x96, 0x19, 0x97, 0xFC, 0x71,
    0x57, 0xAD, 0xF9, 0xAF, 0x8B, 0x89, 0x7F, 0xC5, 0xE3, 0x87, 0x2F, 0xC1, 0x95, 0x3E, 0x5F, 0x9B,
    0xE0, 0x23, 0x2B, 0x5F, 0x39, 0x0F, 0x25, 0xF3, 0xE6, 0xC9, 0xE2, 0x2E, 0x31, 0xF2, 0xC0, 0xDE,
    0x2D, 0x52, 0xF5, 0x3A, 0x99, 0xEC, 0xD9, 0xDD, 0xDD, 0x0A, 0x9C, 0xF5, 0x94, 0xB3, 0x64, 0x32,
    0xF4, 0x4C, 0xEC, 0xF5, 0xC7, 0x30, 0xEE, 0x8E, 0xE3, 0xAC, 0x32, 0xD9, 0x7C, 0x1C, 0x0A, 0xA8,
    0x2C, 0xE0, 0xF2, 0x29, 0x5C, 0x86, 0xE4, 0x2C, 0x6D, 0x5B, 0x3C, 0xDF, 0x01, 0xC1, 0xB4, 0x41,
    0x37, 0xB9, 0x06, 0xAE, 0x2C, 0xEC, 0x25, 0xA1, 0xB1, 0xCD, 0x53, 0x22, 0x3C, 0xB7, 0xE7, 0x7E,
    0x5B, 0x89, 0x6D, 0x40, 0x96, 0x7B, 0xD2, 0xCB, 0xEF, 0x32, 0x20, 0x97, 0xE1, 0x39, 0x4A, 0xDF,
    0x5E, 0x95, 0x54, 0x37, 0x8F, 0xDB, 0x78, 0x61, 0xB2, 0x57, 0x7B, 0xE1, 0x95, 0x70, 0x0C, 0xD5,
    0x45, 0x4F, 0x99, 0x49, 0xAE, 0xEE, 0xEE, 0xEE, 0xBE, 0x0E, 0x66, 0x82, 0xAB, 0x8C, 0xA6, 0xA1,
    0x31, 0x94, 0xBE, 0x64, 0x29, 0xEB, 0xAB, 0xEC, 0xD5, 0xCE, 0x87, 0xA4, 0xC8, 0x80, 0x73, 0xE3,
    0x5D, 0x9C, 0xCE, 0xD5, 0xAE, 0xD2, 0x2A, 0x0D, 0xC3, 0xAB, 0x31, 0xB5, 0x48, 0xEB, 0x05, 0xA4,
    0x9B, 0xCE, 0x1C, 0xC2, 0x9C, 0x3D, 0x03, 0x11, 0x9F, 0xCB, 0xAD, 0x22, 0x13, 0x97, 0x8E, 0x3A,
    0x9F, 0xF1, 0xBA, 0x34, 0xC6, 0xCE, 0xB4, 0x82, 0xAC, 0x41, 0x63, 0x1B, 0x41, 0xA3, 0xAF, 0x44,
    0x06, 0xBC, 0x7E, 0x02, 0x14, 0x96, 0x70, 0x32, 0xF2, 0x7E, 0xF6, 0x0B, 0xF9, 0xAA, 0x15, 0x43,
    0x2D, 0xB7, 0xBF, 0x62, 0xBC, 0x85, 0xF9, 0xFC, 0x41, 0x3C, 0x28, 0xE1, 0x04, 0x84, 0x22, 0x0E,
    0x44, 0x4A, 0xC8, 0x78, 0x0D, 0x48, 0x70, 0x48, 0x6A, 0xF0, 0xC2, 0x1D, 0x04, 0x94, 0x12, 0x80,
    0x10, 0x15, 0xCA, 0xB9, 0x1A, 0xB2, 0xB4, 0x19, 0x71, 0xA1, 0xA4, 0x13, 0x18, 0x15, 0xF5, 0x29,
    0x32, 0x1E, 0xA5, 0x9A, 0x45, 0x72, 0x35, 0xE2, 0xF1, 0x7C, 0x7C, 0x23, 0xAD, 0xDF, 0x7E, 0xA0,
    0x91, 0x39, 0x33, 0x52, 0x63, 0xC7, 0x0C, 0x87, 0xF2, 0x77, 0x5D, 0xCD, 0xA4, 0x77, 0x5D, 0xAC,
    0x64, 0xD1, 0x02, 0x94, 0xB9, 0x48, 0x7B, 0x25, 0x4B, 0x10, 0x06, 0xA4, 0x75, 0x38, 0xF7, 0xAE,
    0x98, 0xAF, 0xDE, 0x37, 0x93, 0x03, 0x23, 0x4D, 0x86, 0xB3, 0x96, 0xC2, 0x94, 0xE6, 0x67, 0x60,
    0xBE, 0xC7, 0xCD, 0x26, 0xC4, 0xED, 0x9B, 0xE5, 0x4B, 0x80, 0x21, 0x90, 0xB5, 0xC3, 0x1A, 0xED,
    0x87, 0xE1, 0xC5, 0xA3, 0x0D, 0x03, 0xCD, 0x0D, 0x37, 0x5D, 0x62, 0x31, 0xF5, 0x72, 0x3B, 0x08,
    0x78, 0x3B, 0x5B, 0xED, 0x69, 0x30, 0xC6, 0x43, 0x35, 0xFC, 0xBB, 0x21, 0xC8, 0x03, 0xF5, 0x15,
    0xFC, 0x5C, 0xB5, 0x23, 0x97, 0xD5, 0xD3, 0x4B, 0xD8, 0x09, 0x21, 0x74, 0x13, 0x85, 0xA4, 0xC9,
    0x4B, 0x02, 0x2F, 0x43, 0xAB, 0x25, 0x69, 0xCF, 0xB5, 0x4E, 0xB5, 0x44, 0xCC, 0x4A, 0xBC, 0xF0,
    0x60, 0xB8, 0x10, 0xAF, 0x55, 0x86, 0x6A, 0x92, 0xC0, 0x65, 0xC1, 0xFF, 0xF5, 0xDE, 0x20, 0x7A,
    0xA2, 0x2A, 0x92, 0xCC, 0x57, 0x56, 0x88, 0x84, 0x51, 0x51, 0x20, 0xE7, 0x5B, 0x06, 0x16, 0x4C,
    0x54, 0x10, 0xE0, 0x68, 0x4A, 0xF1, 0xEC, 0xD6, 0x2A, 0xF1, 0xB0, 0xF3, 0x27, 0xE1, 0x8B, 0x9F,
    0x11, 0x5F, 0xF0, 0x7B, 0x10, 0xF7, 0x98, 0x46, 0x70, 0xCC, 0x5C, 0x36, 0xF2, 0x55, 0x44, 0xA7,
    0x18, 0xFD, 0xF0, 0xC1, 0xC1, 0x48, 0xEE, 0xE8, 0x7C, 0x19, 0xB5, 0x39, 0x07, 0x67, 0x51, 0x7B,
    0x4D, 0xD5, 0x99, 0xC7, 0x68, 0xD4, 0x81, 0x1E, 0x68, 0x67, 0xC2, 0x2D, 0xB1, 0xA3, 0x49, 0x7F,
    0xD3, 0x9B, 0xA8, 0x49, 0x1A, 0x51, 0x94, 0x4C, 0x40, 0x91, 0xE4, 0xE4, 0xBE, 0xF9, 0x91, 0xD3,
    0xE5, 0x01, 0x0E, 0xFF, 0xB6, 0xC1, 0x16, 0xB5, 0x7C, 0x51, 0x16, 0xB3, 0x84, 0x10, 0x05, 0xF5,
    0x03, 0xE1, 0x99, 0xEF, 0x91, 0x19, 0x64, 0x0B, 0x0A, 0x20, 0xA3, 0xD1, 0xC5, 0x58, 0x57, 0x75,
    0xBB, 0x0D, 0x48, 0xA5, 0x10, 0x79, 0x28, 0x06, 0x42, 0x68, 0x2C, 0x84, 0x07, 0x9D, 0x30, 0xB5,
    0x12, 0x9F, 0x13, 0x8B, 0xB9, 0x32, 0x2F, 0x48, 0xE4, 0x75, 0x1F, 0xCD, 0xD5, 0x27, 0x46, 0xAD,
    0x27, 0x04, 0xCA, 0x45, 0x22, 0x94, 0xFF, 0xA0, 0xCF, 0xCC, 0xF2, 0x73, 0x1E, 0xCB, 0xFC, 0xC5,
    0x1C, 0x28, 0xBD, 0x68, 0xB4, 0xD4, 0x2F, 0x71, 0x69, 0x61, 0x87, 0x02, 0xB0, 0xE4, 0x46, 0x59,
    0xFB, 0xA9, 0x7E, 0x66, 0xF6, 0x96, 0xF0, 0x57, 0x86, 0x92, 0x8C, 0x2C, 0xB2, 0x4D, 0xF2, 0x61,
    0x9F, 0xE6, 0x7D, 0x6A, 0xFA, 0x0D, 0x4C, 0xDA, 0xA0, 0x77, 0xA1, 0x67, 0x2D, 0x68, 0x64, 0x90,
    0xF7, 0xBD, 0x3C, 0xB5, 0x79, 0x66, 0xF3, 0x0D, 0xF8, 0xC2, 0x3F, 0xEB, 0xC7, 0xB3, 0xB7, 0x84,
    0x05, 0x99, 0x1D, 0x3E, 0xFB, 0x35, 0xAF, 0x5E, 0x7F, 0x27, 0xEF, 0x97, 0x9E, 0xAD, 0x11, 0xA2,
    0xD9, 0x71, 0xB5, 0x15, 0xF6, 0x25, 0xDC, 0x9B, 0xD5, 0xFE, 0xB0, 0xF3, 0x2F, 0xA0, 0x62, 0xDF,
    0xA4, 0x55, 0x8D, 0xF4, 0x5A, 0x7E, 0x0A, 0x0D, 0x08, 0x1E, 0x85, 0x5D, 0x85, 0x1A, 0xD3, 0x06,
    0x33, 0x60, 0x88, 0x87, 0x3C, 0x01, 0xBD, 0x35, 0x04, 0x34, 0xEA, 0x29, 0xA7, 0x05, 0x92, 0xD1,
    0x25, 0xD3, 0xA7, 0xB8, 0xA7, 0x16, 0xA4, 0x4D, 0xC5, 0x02, 0xF1, 0xBF, 0x73, 0x7C, 0xFB, 0xCF,
    0x2D, 0xD3, 0x2B, 0x86, 0x21, 0x51, 0xA7, 0x46, 0xF6, 0x0F, 0x14, 0xEA, 0x8A, 0x1F, 0xF9, 0x43,
    0xC6, 0xF2, 0x54, 0xCB, 0xDC, 0x2C, 0xFB, 0x37, 0x1A, 0x1B, 0x1B, 0xD2, 0x05, 0x76, 0xB1, 0x1A,
    0x84, 0x94, 0x9B, 0x84, 0x94, 0x2C, 0x11, 0xB3, 0xA2, 0xE5, 0x66, 0x5A, 0x35, 0x6C, 0x63, 0xF3,
    0xB0, 0xA0, 0x3E, 0x9A, 0xD4, 0xB2, 0x2A, 0xE0, 0xED, 0x5E, 0xBE, 0x47, 0x11, 0x41, 0xDF, 0x2B,
    0x6A, 0xCD, 0xB5, 0x49, 0x5F, 0xAC, 0x12, 0x9A, 0x68, 0x39, 0x78, 0x63, 0xCD, 0x4F, 0xF8, 0x9C,
    0x80, 0x59, 0x34, 0xF2, 0x93, 0x60, 0x29, 0xD3, 0x89, 0x26, 0x04, 0x16, 0x22, 0x9D, 0xCD, 0x2B,
    0xAC, 0x4A, 0xB4, 0xC3, 0xB3, 0xD8, 0x80, 0xCE, 0x6E, 0xCA, 0xFA, 0xE2, 0xDF, 0xE3, 0x1B, 0x3D,
    0xDC, 0x97, 0xC5, 0x70, 0x19, 0x4A, 0x10, 0xF1, 0x42, 0xA6, 0x89, 0x9A, 0x14, 0xFA, 0x29, 0x5A,
    0x21, 0x23, 0x14, 0x7B, 0xA7, 0x97, 0x2B, 0x77, 0x02, 0xB2, 0xFE, 0xE9, 0xC0, 0x4A, 0x1F, 0xA5,
    0x7F, 0x6C, 0xC7, 0x0C, 0x54, 0x37, 0xA2, 0xD2, 0xFA, 0x20, 0x31, 0x09, 0xD7, 0xEF, 0x5B, 0x9E,
    0xE2, 0x5F, 0x91, 0xA1, 0xE7, 0x35, 0x5C, 0xBB, 0x14, 0x2D, 0xCC, 0x2A, 0x9E, 0x36, 0xA9, 0xFE,
    0xA1, 0x96, 0x46, 0xDB, 0x55, 0xC6, 0x72, 0x8A, 0x79, 0xF0, 0x11, 0x46, 0x2B, 0x92, 0xCF, 0x00,
    0x76, 0xC0, 0x62, 0xAE, 0x23, 0xD4, 0x4E, 0x60, 0x56, 0x3C, 0xA6, 0x8E, 0xCC, 0x80, 0x3D, 0xAB,
    0xD5, 0x41, 0x0D, 0xBD, 0x57, 0xFB, 0xB1, 0x87, 0x0F, 0xB5, 0x0A, 0x9D, 0x43, 0x4B, 0x37, 0x96,
    0xDC, 0x86, 0x04, 0x23, 0xA1, 0xA8, 0x61, 0x44, 0x5D, 0x69, 0x6D, 0x5A, 0xEB, 0x5B, 0x85, 0xAB,
    0xCD, 0xF3, 0x4B, 0x59, 0x1E, 0x4D, 0x48, 0xF9, 0x7B, 0xA4, 0x09, 0x22, 0x17, 0x98, 0x0A, 0xAE,
    0x12, 0xAB, 0xDF, 0x33, 0xC5, 0x92, 0xE6, 0x38, 0xE9, 0x69, 0x99, 0x93, 0x9E, 0xCC, 0x48, 0x5B,
    0xE5, 0x77, 0x43, 0xB0, 0xAA, 0x9F, 0xAB, 0x0F, 0xFD, 0x56, 0xA7, 0x00, 0x12, 0x25, 0x07, 0xE0,
    0xEF, 0x14, 0xC0, 0x5F, 0x36, 0x6B, 0x00, 0x05, 0xDB, 0x7C, 0x02, 0xFB, 0x33, 0x3D, 0x73, 0x4B,
    0x6A, 0x50, 0xBA, 0xA0, 0xDF, 0xB2, 0x06, 0xF5, 0x48, 0x99, 0x82, 0x5D, 0x35, 0x35, 0x1C, 0x47,
    0x24, 0xB9, 0x8D, 0xDD, 0xFB, 0x36, 0x7C, 0x37, 0x5C, 0x8D, 0x4A, 0x1A, 0x86, 0x99, 0xED, 0x4E,
    0xD1, 0xD0, 0x26, 0xA5, 0x66, 0xCC, 0x3C, 0xD4, 0x7F, 0xF0, 0xF0, 0x0A, 0x0E, 0xD8, 0x70, 0xDD,
    0x79, 0xDA, 0x68, 0x90, 0x2E, 0x4C, 0x95, 0xBB, 0x33, 0xC8, 0x56, 0x56, 0x57, 0x70, 0x56, 0xD1,
    0x1C, 0x03, 0x5C, 0x39, 0x5C, 0x70, 0xB5, 0x77, 0xC7, 0x57, 0x45, 0x8B, 0xDD, 0xA6, 0xA1, 0x86,
    0xAA, 0x99, 0xDE, 0x71, 0x5E, 0x5B, 0xE9, 0xCE, 0x3D, 0x64, 0xE0, 0x9E, 0x5D, 0xB1, 0x80, 0x4D,
    0x3B, 0x6A, 0xAB, 0xB8, 0x37, 0xE3, 0x37, 0x23, 0x5B, 0x76, 0xFC, 0x11, 0xDC, 0x6C, 0x0D, 0x6E,
    0x39, 0x82, 0xFB, 0xE8, 0xA1, 0x83, 0xEB, 0x5A, 0x78, 0x32, 0x6A, 0x69, 0xF0, 0x47, 0xAD, 0x35,
    0xB3, 0x11, 0xD0, 0x9C, 0xD0, 0x46, 0x1E, 0x54, 0xAD, 0xCC, 0xEC, 0x4A, 0xAA, 0x75, 0xC4, 0xB3,
    0x13, 0x70, 0xBF, 0x35, 0x05, 0xD7, 0x1C, 0x23, 0x70, 0x73, 0x1A, 0x72, 0x7C, 0xBD, 0x80, 0x39,
    0x8E, 0x6A, 0xDC, 0x74, 0x96, 0xA2, 0x4F, 0x6E, 0xB0, 0x5B, 0x92, 0xC8, 0x3F, 0xF1, 0xF4, 0xC2,
    0xB9, 0xDC, 0x80, 0x45, 0x7F, 0x8B, 0xA2, 0x7B, 0x5A, 0x57, 0xB9, 0x36, 0x67, 0x49, 0x2C, 0x38,
    0xDB, 0x6F, 0x21, 0x77, 0xD8, 0x44, 0x80, 0xF9, 0x12, 0xF8, 0x27, 0x22, 0xCC, 0x90, 0xA9, 0x96,
    0x8C, 0x2D, 0x58, 0x42, 0x86, 0x64, 0xE5, 0x80, 0x18, 0x86, 0x33, 0x6E, 0x08, 0x6C, 0x38, 0xB9,
    0x04, 0xBC, 0xE4, 0xD5, 0x10, 0x20, 0x23, 0xA8, 0x09, 0x32, 0x23, 0x1C, 0xC1, 0xE5, 0x5F, 0x84,
    0x58, 0xC6, 0xB2, 0x0E, 0xE5, 0xCD, 0x37, 0xCD, 0x7A, 0xDF, 0xC9, 0xD6, 0x97, 0x98, 0xC3, 0xBC,
    0x0F, 0xCE, 0x7D, 0x4D, 0xDD, 0xED, 0xF7, 0x5D, 0x47, 0x8F, 0xDE, 0xE2, 0x84, 0x81, 0xF1, 0xF9,
    0xD8, 0x29, 0x72, 0x7C, 0x51, 0x46, 0x4E, 0x18, 0xE4, 0xB2, 0xD8, 0xF7, 0x1A, 0xB9, 0x75, 0x90,
    0xB5, 0xBC, 0x93, 0x09, 0x09, 0x5F, 0xD4, 0x4A, 0x33, 0x37, 0xCE, 0x19, 0xA4, 0x92, 0x0F, 0x1A,
    0x4B, 0x80, 0xA2, 0xCA, 0x1B, 0x5C, 0xC6, 0xFE, 0x85, 0x03, 0x19, 0xFB, 0x0C, 0x8C, 0x88, 0xE1,
    0xCD, 0x89, 0x6D, 0xDC, 0xCA, 0x3A, 0xC4, 0x00, 0xC6, 0xE8, 0xD5, 0x33, 0xF6, 0xEB, 0x84, 0x76,
    0xC0, 0xD2, 0x33, 0x6A, 0xEB, 0x41, 0x15, 0x46, 0x71, 0x00, 0xF6, 0x32, 0x7B, 0x8D, 0xC0, 0x8A,
    0xF7, 0x8F, 0x17, 0x31, 0xF6, 0x3B, 0x24, 0xAE, 0xDD, 0x69, 0x15, 0x57, 0xA1, 0x65, 0x81, 0x50,
    0x41, 0x49, 0x78, 0x59, 0xA9, 0x70, 0xED, 0x77, 0x3C, 0x05, 0x77, 0xB4, 0xCA, 0xFF, 0x1E, 0xF7,
    0x2E, 0x7A, 0xEE, 0xE7, 0xC4, 0xE5, 0xD8, 0xD2, 0x6C, 0x8E, 0x97, 0x73, 0x75, 0xAF, 0x4D, 0x15,
    0x5E, 0xDD, 0x6B, 0x72, 0xF1, 0x6F, 0xD6, 0x4E, 0x42, 0x63, 0x97, 0x6C, 0xE8, 0x46, 0xC3, 0x7C,
    0xBC, 0x29, 0xC2, 0x7C, 0xE1, 0x9F, 0xD0, 0xA2, 0xD7, 0x4A, 0xAC, 0xE2, 0x77, 0x21, 0x13, 0x67,
    0x09, 0xAB, 0xBE, 0x3A, 0x89, 0x9B, 0x75, 0x27, 0x6F, 0xE1, 0x94, 0xB6, 0x00, 0xBF, 0xB2, 0x79,
    0x28, 0x99, 0x89, 0x64, 0x9B, 0x0D, 0x75, 0x16, 0x3D, 0xE4, 0xD5, 0x6B, 0x1D, 0x62, 0xEE, 0x89,
    0x2D, 0x5E, 0xA3, 0x8B, 0x0D, 0x83, 0x9E, 0x1A, 0x8B, 0x20, 0xB8, 0x82, 0x78, 0x65, 0xA5, 0x04,
    0x84, 0x59, 0xAD, 0x0A, 0x5B, 0x41, 0x62, 0x58, 0xE8, 0x31, 0xB3, 0xB7, 0x0E, 0x90, 0xF6, 0xA6,
    0xB6, 0x9D, 0x8D, 0x4A, 0x49, 0x6D, 0xBD, 0x47, 0x63, 0x0F, 0x77, 0x21, 0xD7, 0x51, 0x75, 0xA6,
    0x70, 0x17, 0x7A, 0xA3, 0xCB, 0xC9, 0x8B, 0xCB, 0x4C, 0x81, 0x1F, 0x19, 0x33, 0xFB, 0x71, 0x2B,
    0x88, 0x99, 0xF7, 0xB5, 0x01, 0xE9, 0x3D, 0x42, 0x66, 0xF4, 0x95, 0x0A, 0xCF, 0x3F, 0x6A, 0x35,
    0x66, 0x86, 0xF8, 0x72, 0xFF, 0xC8, 0x05, 0xCD, 0x8C, 0x6E, 0xAB, 0xB9, 0x8B, 0x9A, 0x39, 0x92,
    0x10, 0xA4, 0x61, 0xF3, 0x9C, 0x70, 0xC6, 0x5D, 0xAC, 0x71, 0xB3, 0x66, 0xF8, 0x55, 0xE9, 0xEA,
    0x4F, 0x2E, 0x8C, 0x8E, 0x35, 0x72, 0x0E, 0x96, 0x4A, 0x99, 0x86, 0xCE, 0x73, 0xAD, 0xE3, 0x36,
    0x2E, 0x76, 0x36, 0x56, 0xD3, 0x74, 0x17, 0x3C, 0x43, 0x22, 0xC1, 0x35, 0x17, 0x3D, 0x47, 0xF6,
    0x3F, 0x9F, 0x03, 0x4B, 0x5C, 0xF8, 0xEC, 0x5B, 0xDD, 0x17, 0xDF, 0x9F, 0x21, 0xCD, 0xD6, 0x5D,
    0x30, 0x14, 0x43, 0x8E, 0xAC, 0x84, 0x73, 0x21, 0xDC, 0x58, 0x32, 0xE7, 0x5C, 0x3C, 0x33, 0x29,
    0x75, 0x0C, 0x50, 0xE3, 0xA4, 0x0E, 0xC0, 0x02, 0x8F, 0x7A, 0x41, 0xB8, 0xA9, 0xC7, 0xEA, 0x85,
    0x85, 0xC9, 0xB2, 0x7E, 0xE2, 0x9D, 0x1D, 0xB4, 0xCE, 0x7A, 0x09, 0x4D, 0x0E, 0xE8, 0x87, 0x65,
    0x6E, 0xBF, 0x57, 0xC4, 0xA9, 0xCA, 0xEA, 0x88, 0xB5, 0x4C, 0xAD, 0x90, 0x7B, 0xFB, 0x24, 0xDA,
    0xE1, 0xE8, 0x1E, 0x4B, 0xF0, 0xDD, 0xB6, 0x9E, 0x03, 0xD2, 0xD7, 0xFD, 0x61, 0x40, 0xC1, 0x62,
    0xC6, 0xEC, 0x61, 0x40, 0x72, 0xB1, 0x4A, 0x25, 0x74, 0x22, 0x95, 0x6D, 0x6E, 0x98, 0xEB, 0xB6,
    0xB2, 0xB6, 0xF5, 0x44, 0xF9, 0x11, 0x43, 0xD2, 0xD3, 0x26, 0x00, 0x97, 0xCF, 0x9A, 0xA5, 0x26,
    0xE4, 0x2E, 0xA1, 0x0D, 0xF3, 0x1B, 0x66, 0x92, 0xD1, 0x8E, 0xFB, 0xE3, 0x9D, 0x56, 0x0B, 0x9F,
    0x52, 0x0A, 0x66, 0x63, 0x91, 0xCC, 0xC0, 0xE3, 0x20, 0xA9, 0xB5, 0x64, 0xD5, 0x42, 0xEE, 0x41,
    0x56, 0x8B, 0x6A, 0xFE, 0x2D, 0x8F, 0x45, 0x3B, 0xA6, 0xB5, 0xC4, 0x4E, 0xF0, 0xD5, 0xBC, 0x56,
    0x0B, 0x6E, 0xB6, 0x76, 0x89, 0x6D, 0xC4, 0x6D, 0x1B, 0xCD, 0x76, 0x05, 0x14, 0xB5, 0xC9, 0x8B,
    0x11, 0x49, 0xDA, 0x6B, 0xBB, 0x82, 0x39, 0x57, 0xE3, 0xAC, 0xC9, 0x2D, 0x6D, 0xBF, 0x44, 0x26,
    0x9A, 0xDD, 0xAA, 0x45, 0xAD, 0x4A, 0x97, 0xDE, 0xB2, 0xF9, 0x57, 0x66, 0x72, 0xF9, 0x2D, 0x0A,
    0xCC, 0x80, 0xDA, 0x25, 0xB8, 0xA1, 0xB6, 0x1D, 0x8C, 0x19, 0xAE, 0xD9, 0x7C, 0x6B, 0xFD, 0xB4,
    0x4D, 0x85, 0x6F, 0x26, 0x1F, 0xF6, 0x08, 0xA9, 0xB0, 0x81, 0xC1, 0x1C, 0xD7, 0x6C, 0x11, 0x45,
    0x7D, 0xC4, 0xA1, 0x5F, 0x25, 0xB9, 0x61, 0x0D, 0x4D, 0x7E, 0x7C, 0x5F, 0x5D, 0x72, 0x21, 0xA1,
    0xD4, 0xAB, 0x3D, 0xAC, 0x72, 0x95, 0xA3, 0x02, 0x3E, 0xBF, 0x2F, 0xA1, 0xD4, 0x66, 0x4E, 0x57,
    0x92, 0xF4, 0x51, 0xC9, 0xA2, 0xFF, 0xAF, 0x19, 0x1C, 0x7D, 0xA4, 0x26, 0xB6, 0xCD, 0x28, 0xA1,
    0x5F, 0xD4, 0xFE, 0x04, 0xB3, 0x2A, 0x72, 0xAE, 0xD4, 0x54, 0xA6, 0xF5, 0xAB, 0x3D, 0x68, 0x2B,
    0xFC, 0x6E, 0xC2, 0x09, 0xEC, 0xED, 0x39, 0x1D, 0xAF, 0x85, 0x3F, 0x91, 0xB5, 0xD6, 0xCE, 0xF3,
    0xB2, 0x82, 0x23, 0xEC, 0x75, 0xAE, 0x57, 0xDB, 0x50, 0x7B, 0x8D, 0x4D, 0x46, 0x65, 0x73, 0x10,
    0x39, 0xFC, 0x46, 0x35, 0xAD, 0x55, 0x4D, 0x17, 0xCE, 0xFD, 0xAA, 0x0E, 0x8F, 0xC8, 0xE7, 0x54,
    0xF0, 0xA2, 0x76, 0x0E, 0x58, 0xB5, 0xBF, 0x19, 0x3D, 0x30, 0x2C, 0x84, 0x48, 0x8A, 0x73, 0xC1,
    0xB2, 0xBC, 0x7F, 0xDD, 0x41, 0xE5, 0xC1, 0xF9, 0xE0, 0xC8, 0xAA, 0x4C, 0x4F, 0x9D, 0xB0, 0x88,
    0xE6, 0x02, 0x06, 0x2A, 0xC1, 0xC7, 0x62, 0x6A, 0xCC, 0xBB, 0x29, 0x2A, 0xC4, 0xDA, 0xBF, 0xE3,
    0x5D, 0x3E, 0x62, 0x4A, 0xB9, 0x0A, 0x00, 0x1E, 0x06, 0x68, 0x26, 0xB6, 0xE8, 0x4D, 0x33, 0x89,
    0x90, 0x8C, 0x73, 0x23, 0x2E, 0x44, 0x0A, 0x1D, 0x23, 0x56, 0xF5, 0xF5, 0xA3, 0x87, 0x99, 0x7F,
    0x45, 0xAD, 0x96, 0x7A, 0xAA, 0xF1, 0x32, 0x6A, 0xD6, 0x1D, 0x20, 0x17, 0xB0, 0x19, 0x22, 0xA1,
    0x77, 0x29, 0xEB, 0xFB, 0x1D, 0x06, 0x29, 0xEC, 0x22, 0x04, 0x7F, 0x2A, 0x6D, 0x0F, 0x12, 0x0B,
    0xE3, 0xBA, 0xA2, 0x48, 0xD2, 0x52, 0xE1, 0xCF, 0xF2, 0xCF, 0xE6, 0x43, 0x78, 0xDA, 0x96, 0x0D,
    0xB6, 0xCC, 0x0C, 0x0B, 0x35, 0x71, 0xC2, 0x14, 0x40, 0x29, 0x96, 0x0A, 0x50, 0xE2, 0xDB, 0x62,
    0x13, 0x13, 0xA6, 0x08, 0x1F, 0xF0, 0x79, 0x0A, 0xB7, 0x5D, 0x12, 0x3A, 0xEC, 0x36, 0x2E, 0xFE,
    0x9F, 0xD8, 0xE9, 0x87, 0x95, 0xD6, 0xD6, 0x5C, 0xF3, 0x5B, 0x30, 0xC1, 0xCE, 0xFB, 0x29, 0x6A,
    0xE6, 0x89, 0x2D, 0x25, 0x71, 0x8B, 0xEC, 0x02, 0xFE, 0xE7, 0xB9, 0xCE, 0xCC, 0x96, 0xAC, 0x39,
    0x69, 0x89, 0x5C, 0xC4, 0x5A, 0x7E, 0x64, 0xB5, 0x21, 0x1E, 0x4D, 0xF8, 0xE4, 0x0F, 0x4A, 0xBC,
    0x2B, 0xEB, 0x97, 0x77, 0x51, 0x85, 0x58, 0x42, 0x48, 0x69, 0xE2, 0x87, 0x1D, 0xBB, 0x97, 0x8B,
    0x3C, 0xFC, 0xC1, 0x22, 0x2F, 0x99, 0x83, 0x9A, 0x8B, 0x63, 0x9A, 0x79, 0xA0, 0x01, 0xC9, 0xC4,
    0xDD, 0xA4, 0x13, 0x4C, 0x03, 0x9A, 0xFD, 0xC5, 0x5F, 0xD7, 0x78, 0xA5, 0x7D, 0x90, 0x00, 0x8E,
    0xC2, 0xA9, 0x8D, 0x6E, 0xDA, 0x06, 0x64, 0xBC, 0x85, 0x6B, 0x56, 0x77, 0xA7, 0xAA, 0x9E, 0x96,
    0x9F, 0x22, 0x97, 0x85, 0x4D, 0xA2, 0x86, 0x63, 0x25, 0x11, 0xA7, 0x6F, 0x99, 0xF1, 0xD9, 0x2F,
    0x93, 0xDD, 0x66, 0xCF, 0x50, 0x7D, 0x83, 0xB5, 0x6F, 0x56, 0x55, 0xF5, 0x29, 0x4E, 0x57, 0x75,
    0x4D, 0xE7, 0xEB, 0x67, 0xE9, 0x5C, 0x6D, 0x7C, 0xEB, 0xA0, 0x48, 0x7D, 0xAF, 0x34, 0xCF, 0x8A,
    0x02, 0x8B, 0x88, 0x74, 0xBE, 0xCC, 0x27, 0x8C, 0x7F, 0x62, 0x10, 0xBE, 0x7C, 0x2A, 0x11, 0xD1,
    0x0F, 0x54, 0x44, 0x3A, 0xBE, 0x6B, 0x99, 0xB0, 0x64, 0x73, 0x5A, 0x2A, 0xFB, 0x63, 0x3B, 0x6C,
    0x09, 0x59, 0xBD, 0x45, 0xF9, 0xA9, 0x85, 0x6F, 0xD8, 0xCC, 0xBD, 0xFD, 0x2B, 0x3A, 0xE3, 0x92,
    0xF1, 0xD6, 0x85, 0x44, 0xEE, 0xE9, 0x04, 0xD7, 0x3A, 0xA8, 0xE2, 0xC0, 0xFD, 0x03, 0x70, 0xF2,
    0x2B, 0x6B, 0xA1, 0x8F, 0x9D, 0xFE, 0x67, 0xEF, 0x6D, 0x6F, 0xE7, 0xE6, 0xD4, 0x77, 0x96, 0x0E,
    0xED, 0x79, 0x26, 0x44, 0x85, 0xF8, 0x25, 0xDC, 0xF9, 0x08, 0xD3, 0x88, 0xDA, 0x88, 0xD3, 0x08,
    0xDB, 0x67, 0xF7, 0x31, 0x48, 0xA8, 0x72, 0x4A, 0xE9, 0x08, 0x7B, 0xD4, 0x69, 0xC2, 0xE6, 0x70,
    0x67, 0x54, 0x66, 0xCD, 0x0A, 0x78, 0x63, 0x87, 0xAB, 0x8C, 0x65, 0xC7, 0xAD, 0xD3, 0xC2, 0xC5,
    0x8B, 0x07, 0x8C, 0x41, 0xA0, 0xA5, 0xB8, 0x6E, 0x62, 0xC6, 0xF5, 0x3E, 0x7D, 0x72, 0x59, 0xDB,
    0x48, 0xB5, 0xE0, 0x1E, 0xE7, 0x5A, 0x5A, 0x76, 0x8E, 0x4E, 0xD9, 0xEA, 0xF7, 0x62, 0x1E, 0xCC,
    0x73, 0x4B, 0x9A, 0x87, 0xE5, 0xE1, 0x9B, 0x07, 0xF7, 0x08, 0xE7, 0xB8, 0x9D, 0xEA, 0x4A, 0x18,
    0xA2, 0x07, 0xB9, 0x99, 0x3E, 0x94, 0x00, 0xAB, 0xC7, 0x5B, 0x3E, 0xFF, 0x30, 0xA2, 0xFE, 0xFD,
    0xC9, 0xE3, 0xB1, 0xBA, 0xE9, 0x15, 0x3A, 0x1B, 0x39, 0x9F, 0x38, 0x6E, 0x2D, 0xC5, 0x7B, 0x8B,
    0xA3, 0x8C, 0xBA, 0x33, 0xF1, 0xAE, 0xA4, 0x38, 0xDA, 0xF8, 0xA0, 0xD3, 0xBC, 0xD5, 0x19, 0x79,
    0xF3, 0xE5, 0xF1, 0xC1, 0xE0, 0x64, 0x95, 0xE7, 0x8E, 0x1B, 0x49, 0x6C, 0x71, 0x7A, 0xC7, 0x25,
    0xBA, 0x97, 0x57, 0x51, 0x5B, 0xD0, 0xAB, 0xA1, 0x2F, 0xE6, 0x60, 0x64, 0x62, 0x97, 0x81, 0x5A,
    0xFA, 0x92, 0x2C, 0x3A, 0xFD, 0xD7, 0x44, 0xFD, 0xE0, 0xC7, 0xC2, 0x1A, 0x67, 0xF1, 0xC7, 0xC6,
    0xEB, 0xD1, 0xE4, 0x53, 0x5F, 0x07, 0xB3, 0xB2, 0xF9, 0x91, 0xCD, 0x3D, 0x6D, 0x94, 0x53, 0xA3,
    0x1F, 0xBB, 0xF6, 0xDD, 0xD1, 0xEA, 0x9B, 0x6F, 0x6B, 0x0F, 0xC2, 0x5F, 0x60, 0xF6, 0x71, 0xB1,
    0xE5, 0x84, 0xC0, 0xE9, 0x58, 0x05, 0xB3, 0xFF, 0x84, 0xFD, 0x26, 0x84, 0xC0, 0x7E, 0xFD, 0xD0,
    0xCC, 0x3E, 0xBB, 0x4F, 0xB9, 0x25, 0x92, 0x68, 0x58, 0xF0, 0x3F, 0xEA, 0xE7, 0x6F, 0xEB, 0x9E,
    0xC2, 0x79, 0xA7, 0xF9, 0x97, 0x24, 0x6C, 0xCC, 0xF2, 0x7D, 0x11, 0xFA, 0xDA, 0x00, 0x6C, 0x6F,
    0x6F, 0x99, 0x8D, 0x6D, 0xFB, 0x0D, 0xD4, 0x42, 0x0B, 0xDB, 0xC6, 0x76, 0x60, 0xA7, 0x2D, 0x43,
    0xA4, 0x9D, 0xFB, 0x81, 0xB5, 0xFB, 0x18, 0x64, 0xAF, 0xB0, 0x76, 0x06, 0x60, 0xD0, 0xA4, 0x1E,
    0xBA, 0xC9, 0xAC, 0xB3, 0xD3, 0x11, 0xD2, 0xA5, 0xDA, 0xB8, 0xCC, 0xEE, 0x92, 0xD0, 0x4C, 0x37,
    0xA7, 0x91, 0x6C, 0x10, 0x39, 0xEF, 0xD9, 0xA9, 0x4F, 0xB4, 0x39, 0x1E, 0x94, 0xB7, 0xED, 0x79,
    0xDE, 0x09, 0x31, 0x4A, 0x5E, 0xC7, 0x7D, 0x41, 0xCD, 0x2A, 0xE0, 0x49, 0x6F, 0x2B, 0x5C, 0x4C,
    0xA0, 0xD5, 0xC6, 0x86, 0xB4, 0xDE, 0x5C, 0x98, 0x8D, 0xEA, 0x57, 0x80, 0x56, 0xB4, 0x6F, 0xC0,
    0x86, 0xFA, 0x86, 0x7C, 0x77, 0xE7, 0x53, 0x41, 0xAB, 0x1F, 0x28, 0xB4, 0x03, 0x3F, 0x40, 0xC1,
    0x73, 0x0E, 0x3F, 0xCC, 0xE2, 0xCD, 0x7F, 0x59, 0xFB, 0x06, 0xA8, 0xC8, 0x6C, 0xEE, 0xC3, 0xB4,
    0xD4, 0x68, 0x46, 0x38, 0xF8, 0xA4, 0xC3, 0xC3, 0x8B, 0xE0, 0x5D, 0x3D, 0x1A, 0x5A, 0x85, 0x5C,
    0x97, 0xF4, 0xA2, 0x61, 0xBF, 0x3B, 0x5B, 0x17, 0x9C, 0x8F, 0xBE, 0xF3, 0xFE, 0x7F, 0xC4, 0xF6,
    0x93, 0xA2, 0xA6, 0x2B, 0x5B, 0xA7, 0x2E, 0x86, 0x69, 0x26, 0x15, 0x4D, 0xF7, 0xD0, 0xC8, 0xFE,
    0x7F, 0x64, 0xE0, 0xA2, 0xF8, 0xED, 0xED, 0x67, 0x44, 0x4A, 0x62, 0x36, 0x25, 0xE1, 0x11, 0x91,
    0x1D, 0xEE, 0x8E, 0x63, 0x32, 0x01, 0x0D, 0x20, 0x0D, 0x74, 0xAF, 0x48, 0x0C, 0x2C, 0x61, 0x16,
    0xDF, 0x5B, 0xB1, 0x36, 0x05, 0x9F, 0xE1, 0x0D, 0x8C, 0x99, 0xE2, 0x46, 0x7B, 0x27, 0x7E, 0xC1,
    0x7D, 0xDA, 0x65, 0x3F, 0x89, 0x35, 0xF8, 0x68, 0x84, 0xAB, 0x2D, 0xBA, 0x3A, 0xAA, 0x93, 0xD3,
    0x4F, 0xFA, 0xE3, 0xB4, 0x7D, 0x63, 0x55, 0xDB, 0x0A, 0x5C, 0xE9, 0x92, 0xAF, 0x2F, 0xAD, 0x6B,
    0xCF, 0xEA, 0xA3, 0x95, 0x4D, 0xBA, 0xD5, 0x16, 0xB7, 0xEB, 0x02, 0x6F, 0x58, 0xDF, 0x43, 0x60,
    0x4E, 0x6D, 0x6F, 0x6D, 0x6C, 0x6F, 0x5B, 0x5B, 0x67, 0xF6, 0x3F, 0x64, 0xD0, 0x9D, 0xC1, 0x63,
    0x9F, 0x1D, 0x42, 0x8B, 0x02, 0x1A, 0x89, 0x1E, 0xD0, 0x06, 0xF4, 0x0A, 0x7E, 0x37, 0xB0, 0x16,
    0x74, 0x17, 0x70, 0x3F, 0x4A, 0x58, 0xB1, 0x04, 0x9F, 0x21, 0xCD, 0x61, 0x93, 0xE6, 0x88, 0x3D,
    0x30, 0x7F, 0x72, 0x73, 0xB1, 0xFA, 0xF7, 0x0C, 0x55, 0xB7, 0x2A, 0x9F, 0x2A, 0x6C, 0x2A, 0x62,
    0x8A, 0xDA, 0x72, 0x2D, 0x91, 0x15, 0x9B, 0x48, 0xE5, 0xDB, 0xDE, 0x73, 0x7C, 0x2C, 0x87, 0xE4,
    0x25, 0xFC, 0x5E, 0x7A, 0xEB, 0x01, 0xC6, 0xE6, 0x9E, 0xC9, 0xB5, 0xEE, 0x12, 0x45, 0xCB, 0x49,
    0xFE, 0xE1, 0x82, 0xAB, 0x8D, 0x23, 0x04, 0xC8, 0xA6, 0x6E, 0xC8, 0x01, 0x90, 0xB8, 0x07, 0x20,
    0x69, 0x93, 0xB0, 0xAD, 0x4D, 0x01, 0x39, 0x50, 0x78, 0xAE, 0xA8, 0x5A, 0xAE, 0x8F, 0xAA, 0xA3,
    0xBC, 0x45, 0xAE, 0xEA, 0xAC, 0x63, 0x6B, 0x44, 0xA9, 0x5B, 0xFD, 0xEE, 0xDF, 0x34, 0x4C, 0xB6,
    0x33, 0x1F, 0x3C, 0x78, 0x77, 0x2E, 0x73, 0x64, 0x8C, 0x59, 0x5D, 0x43, 0x33, 0x69, 0x83, 0x85,
    0x45, 0x25, 0xA6, 0xDF, 0xD0, 0xCC, 0x29, 0xD1, 0x72, 0xF7, 0xAA, 0x65, 0x05, 0x11, 0xE5, 0x5D,
    0xFF, 0xEC, 0x48, 0xC8, 0xCE, 0x4F, 0x6D, 0x7F, 0xC7, 0x5A, 0x89, 0x5F, 0x7E, 0x68, 0x5B, 0xAF,
    0xEA, 0x42, 0x3E, 0x2C, 0x27, 0xD1, 0x9D, 0x04, 0x77, 0x12, 0xF3, 0xA0, 0xE9, 0xB7, 0x46, 0x58,
    0x5E, 0xE4, 0x18, 0xD6, 0xA2, 0x60, 0x26, 0xC6, 0xAD, 0x80, 0xBF, 0x20, 0x17, 0x38, 0x71, 0xC2,
    0xFF, 0xF8, 0x91, 0xBD, 0x86, 0xF5, 0x14, 0x0C, 0xCC, 0x48, 0xBB, 0xE6, 0xB3, 0x8A, 0xB4, 0xD6,
    0xB2, 0xD4, 0xD2, 0x57, 0xEB, 0xFF, 0x6F, 0x44, 0x12, 0xB5, 0xC5, 0x00, 0x1C, 0xDA, 0xD8, 0xD1,
    0x26, 0x31, 0x6D, 0x10, 0xE2, 0xBD, 0xCE, 0xA5, 0x5C, 0x64, 0x6A, 0x9F, 0xB2, 0x16, 0xED, 0x02,
    0xA9, 0xA2, 0xE2, 0x73, 0x54, 0x73, 0xDE, 0x7D, 0xC6, 0xBF, 0xB7, 0xDC, 0x7B, 0x42, 0xE1, 0xC6,
    0xF6, 0x85, 0x4A, 0x1C, 0x98, 0xB5, 0xFF, 0x2D, 0xC1, 0x67, 0x64, 0xFB, 0x99, 0xE5, 0xD3, 0x80,
    0xB0, 0x54, 0x05, 0x15, 0x42, 0x8B, 0x14, 0x1E, 0x6B, 0xE4, 0x74, 0xE4, 0x55, 0x09, 0x21, 0x0A,
    0xD8, 0x88, 0x2C, 0x6C, 0x60, 0x9F, 0x8B, 0x65, 0x67, 0x53, 0xD0, 0x53, 0xAE, 0xD2, 0xDF, 0x6A,
    0xE1, 0xB0, 0x35, 0xAB, 0x4E, 0x5F, 0xE7, 0xF5, 0xFE, 0x4C, 0x54, 0xF5, 0x0F, 0xAF, 0xDA, 0xCB,
    0x57, 0x7B, 0x41, 0x99, 0xF3, 0xAE, 0x1A, 0xE3, 0x7E, 0x89, 0xFC, 0x7B, 0x17, 0x30, 0x7F, 0x88,
    0x8D, 0xF2, 0x18, 0xC4, 0xFE, 0x8C, 0x6C, 0xCC, 0x67, 0xF9, 0x3D, 0x09, 0x15, 0x34, 0x9F, 0xB7,
    0x7D, 0x60, 0x07, 0x71, 0x65, 0x33, 0xBB, 0x40, 0x42, 0xB6, 0x84, 0xCB, 0x17, 0x09, 0x16, 0x17,
    0xC8, 0x87, 0x02, 0x85, 0x46, 0x71, 0x8A, 0x12, 0x47, 0x07, 0xE8, 0xF8, 0x46, 0xE3, 0x06, 0xEB,
    0x94, 0x31, 0x3B, 0x39, 0xA0, 0xA3, 0x05, 0x9B, 0x3E, 0x06, 0xD4, 0x45, 0xBD, 0x1E, 0xEE, 0x39,
    0xF8, 0x53, 0xB3, 0x4A, 0x52, 0x15, 0x44, 0xDD, 0x95, 0x62, 0x20, 0x36, 0x7D, 0xC2, 0x84, 0x4C,
    0x40, 0x5A, 0xC0, 0xEA, 0xB1, 0x39, 0x55, 0xF5, 0xA3, 0x66, 0x7A, 0x2C, 0xDB, 0xFA, 0xFA, 0x7C,
    0xF6, 0xFF, 0x02, 0xC5, 0x57, 0xBF, 0x6F, 0xE5, 0xC6, 0x11, 0x9E, 0xE5, 0xEA, 0x44, 0x24, 0x04,
    0xB4, 0x2A, 0x2C, 0xC0, 0x0E, 0xEE, 0xCC, 0xC2, 0x8D, 0x0B, 0xC9, 0x6C, 0xAE, 0x70, 0x21, 0x69,
    0x89, 0xDC, 0x1F, 0x10, 0x15, 0x67, 0x04, 0x41, 0x5A, 0xC7, 0x40, 0x0E, 0x70, 0x77, 0x85, 0x80,
    0xDC, 0x89, 0x8C, 0xDD, 0xB8, 0xB3, 0x02, 0xC4, 0xFD, 0x15, 0x2E, 0x1C, 0xA5, 0x88, 0x8A, 0x2B,
    0x02, 0x44, 0x7A, 0x5C, 0xF8, 0x80, 0xA4, 0x65, 0xF2, 0x17, 0x30, 0x40, 0x8C, 0x00, 0x31, 0x82,
    0xDB, 0x82, 0x80, 0x19, 0x63, 0xC9, 0xC9, 0x37, 0xCB, 0xF7, 0x74, 0x4F, 0x89, 0x0B, 0xDB, 0x38,
    0x9F, 0x57, 0x9A, 0x25, 0xB9, 0x3B, 0x3F, 0x77, 0x67, 0xBE, 0xDD, 0xF7, 0xFB, 0x3F, 0x5D, 0x6B,
    0xB4, 0xBD, 0x71, 0xFF, 0xD6, 0xC1, 0xB1, 0xE9, 0xD2, 0x36, 0xEF, 0x7F, 0xF5, 0xEF, 0xD7, 0x3E,
    0xD0, 0xF5, 0x37, 0xFD, 0x23, 0xA2, 0x1B, 0xA0, 0x63, 0x22, 0xD5, 0x11, 0xA5, 0x8E, 0xC8, 0x24,
    0x67, 0x67, 0xC1, 0x32, 0x3F, 0x29, 0xC9, 0xDF, 0xA6, 0x37, 0x75, 0xF9, 0x2A, 0xDD, 0x4E, 0x6B,
    0x5D, 0x1E, 0xD1, 0x6D, 0x22, 0x5D, 0xD2, 0xF3, 0x7B, 0x28, 0x9A, 0xAD, 0x27, 0x2D, 0xD1, 0x63,
    0xA2, 0x03, 0xD8, 0xC6, 0xDC, 0x97, 0x67, 0x9F, 0xC0, 0xBA, 0x3B, 0xA7, 0x9B, 0x49, 0xAB, 0x5C,
    0x56, 0xDE, 0xA4, 0x3D, 0xE5, 0xE8, 0xE8, 0x26, 0xF8, 0xE1, 0xDD, 0x73, 0x7D, 0x6C, 0xEC, 0xBC,
    0x55, 0x56, 0x3C, 0xE1, 0xDF, 0xF2, 0xB8, 0xFE, 0x2E, 0x8E, 0x19, 0x66, 0x9E, 0x40, 0xFC, 0xD9,
    0x5B, 0x68, 0x32, 0xA2, 0x79, 0xD5, 0xFE, 0x75, 0x86, 0x46, 0xAB, 0x66, 0xF8, 0xFF, 0xDA, 0x97,
    0x67, 0xAB, 0xF6, 0xF5, 0xB8, 0x76, 0x68, 0xC7, 0xB4, 0xF9, 0x93, 0x3E, 0xF5, 0xA3, 0x0A, 0xB6,
    0xAC, 0x5E, 0xE0, 0xC7, 0xA7, 0x8F, 0x92, 0x47, 0x5F, 0x2F, 0x3A, 0x59, 0x87, 0xBB, 0xB2, 0x5D,
    0x85, 0x1A, 0x8C, 0xAB, 0xF4, 0x60, 0x3A, 0xEB, 0x58, 0xB3, 0x1E, 0x84, 0xAF, 0xD2, 0x9C, 0x06,
    0xE3, 0x0B, 0xD7, 0xE8, 0xDE, 0xB8, 0x4B, 0xED, 0x0B, 0x0C, 0x6E, 0x96, 0xFC, 0x63, 0xD6, 0x21,
    0xC3, 0xF0, 0x42, 0xFB, 0xBC, 0x0E, 0x69, 0xFB, 0x0A, 0x86, 0xED, 0x1D, 0x36, 0xBD, 0x75, 0x93,
    0x1E, 0x52, 0x6F, 0x5C, 0x5E, 0x5B, 0x3A, 0x9C, 0x8D, 0x25, 0xAD, 0x76, 0x05, 0x59, 0x35, 0x24,
    0x32, 0xEE, 0x2A, 0xBA, 0xD4, 0x03, 0xD4, 0x75, 0xB9, 0xB3, 0xAE, 0x29, 0x39, 0x81, 0xB5, 0x74,
    0xD4, 0x43, 0xD6, 0x2F, 0x9D, 0x53, 0x21, 0x19, 0xAC, 0xAF, 0xFE, 0xCA, 0xC9, 0x64, 0xBC, 0xF1,
    0x0D, 0x4D, 0x99, 0x37, 0xED, 0x48, 0xC1, 0xB8, 0xE2, 0xBD, 0x5E, 0x7B, 0x4B, 0x0F, 0x33, 0x67,
    0x4A, 0x8A, 0xAE, 0x6C, 0xEA, 0x31, 0x0D, 0x85, 0xB7, 0x1D, 0x2B, 0x06, 0x5B, 0x27, 0xDC, 0x9D,
    0x71, 0x41, 0x05, 0x78, 0x70, 0xC7, 0xEB, 0xEE, 0x21, 0x85, 0xCD, 0xF2, 0x87, 0x51, 0xB1, 0x2D,
    0x4F, 0x10, 0xD8, 0x64, 0x7A, 0xF0, 0xC3, 0xF2, 0xA4, 0x82, 0x38, 0x02, 0x6F, 0x5B, 0xF1, 0x57,
    0x3C, 0x16, 0x9F, 0x0F, 0xE9, 0x41, 0xE4, 0xDE, 0xFC, 0x07, 0x5C, 0x9F, 0x64, 0x11, 0x60, 0x2A,
    0x47, 0x3A, 0xA7, 0x1E, 0x1F, 0x41, 0xF4, 0x90, 0x9A, 0x7E, 0xF2, 0xE7, 0xB1, 0xC1, 0xF2, 0xFD,
    0x01, 0xF4, 0xCF, 0x53, 0xAB, 0x1E, 0x93, 0x41, 0xEE, 0xE9, 0x67, 0x1C, 0xF4, 0xD5, 0x03, 0x29,
    0x82, 0x54, 0xE3, 0x9A, 0x52, 0x2A, 0xBF, 0xBD, 0xA9, 0x6B, 0x8A, 0x44, 0x33, 0x44, 0x36, 0x4B,
    0x4B, 0xEF, 0xF0, 0xD3, 0xA7, 0x53, 0x14, 0xF9, 0xCF, 0xD8, 0xFC, 0x1D, 0x3A, 0xB6, 0x67, 0xDB,
    0xEB, 0x22, 0x45, 0xB7, 0x14, 0x39, 0xD2, 0x7C, 0x87, 0x3D, 0x8F, 0x96, 0x3F, 0xE4, 0xBF, 0xB1,
    0x97, 0x71, 0xDA, 0x98, 0xE7, 0xAA, 0x8E, 0x52, 0xEE, 0xA8, 0xE2, 0x2E, 0x65, 0xEE, 0x2A, 0xE6,
    0xBF, 0x30, 0x87, 0x8A, 0xC7, 0x14, 0xC5, 0x54, 0x8D, 0x94, 0x8E, 0xB1, 0xBE, 0xE3, 0x5A, 0xDD,
    0x99, 0xAA, 0x2F, 0xD8, 0xB6, 0x47, 0x3F, 0x22, 0xF5, 0x1B, 0x26, 0xFB, 0x74, 0x54, 0xCC, 0x7D,
    0xCA, 0x8D, 0x33, 0xFD, 0x5D, 0xC0, 0xC1, 0x66, 0x49, 0xEA, 0x94, 0xD4, 0x23, 0xDB, 0x91, 0xE9,
    0x29, 0x0B, 0x95, 0xA7, 0x62, 0x20, 0x33, 0xAE, 0x9E, 0xB6, 0xA5, 0xDC, 0x63, 0x1C, 0xC0, 0xA1,
    0xC0, 0x7A, 0x94, 0x3F, 0x81, 0xBE, 0xA9, 0xA8, 0xBF, 0x02, 0xC8, 0xEA, 0x7B, 0x61, 0x3F, 0xFD,
    0xFE, 0x80, 0xEC, 0xF4, 0x75, 0x3B, 0xEA, 0x17, 0x03, 0x64, 0xF4, 0x3A, 0xD1, 0x82, 0x12, 0xAE,
    0xB3, 0x77, 0xBB, 0xBD, 0xDD, 0xE3, 0xFB, 0xBB, 0xB7, 0x8E, 0x76, 0x6F, 0xD0, 0x2E, 0x3D, 0xE7,
    0x7F, 0xB4, 0xED, 0x6D, 0xA2, 0xFD, 0x3D, 0x44, 0x98, 0x95, 0xA4, 0x3F, 0x45, 0xC0, 0xFD, 0xE3,
    0x7B, 0x67, 0x61, 0xAF, 0xE1, 0xB0, 0x77, 0x4E, 0xFE, 0xF1, 0x39, 0xC6, 0xCE, 0x31, 0x77, 0x0E,
    0x9E, 0x73, 0xF0, 0x9E, 0x43, 0xE4, 0xBB, 0xA2, 0xD8, 0x36, 0x90, 0x80, 0xC7, 0xFB, 0xD8, 0x74,
    0x4F, 0xE9, 0xFB, 0x8E, 0x5E, 0xC5, 0xCA, 0x1F, 0xDB, 0xB3, 0xDF, 0x1D, 0x5B, 0x9E, 0xF0, 0xBE,
    0x85, 0xB1, 0x2D, 0xCC, 0x6D, 0x81, 0x67, 0x0B, 0xBC, 0x5B, 0x90, 0xF8, 0x2E, 0x69, 0x89, 0x4A,
    0xAB, 0xA7, 0x14, 0x6C, 0xBF, 0x82, 0x51, 0x7C, 0x5C, 0xCE, 0xEF, 0x39, 0x03, 0x31, 0x4F, 0x96,
    0xE3, 0x6D, 0x33, 0x97, 0x3C, 0x5A, 0xD6, 0x66, 0x1D, 0xE5, 0x75, 0x7C, 0x47, 0xD1, 0x86, 0x58,
    0x8A, 0xA2, 0x67, 0x00, 0x47, 0xD6, 0xCE, 0x4C, 0x0B, 0x88, 0xE8, 0x6E, 0x7E, 0x2F, 0x4A, 0xDD,
    0x27, 0x7E, 0x25, 0x4C, 0xE3, 0xCA, 0x58, 0x22, 0x02, 0x17, 0x74, 0x25, 0xE0, 0x1E, 0xD0, 0x3D,
    0x98, 0xFF, 0x25, 0xE5, 0x2E, 0xEB, 0x0E, 0x15, 0x07, 0xA4, 0x4A, 0x0F, 0x40, 0xF3, 0x39, 0x6A,
    0xCF, 0x01, 0xF9, 0xCB, 0xEA, 0xF3, 0xDE, 0x94, 0x40, 0xD6, 0x64, 0xC8, 0x7C, 0xCA, 0x7D, 0xE6,
    0x2E, 0xA9, 0x82, 0x03, 0x13, 0x8A, 0x3F, 0x6D, 0x2D, 0x4C, 0x2E, 0x20, 0x0B, 0xAF, 0x80, 0xC4,
    0x49, 0x6F, 0xCB, 0x08, 0x29, 0x3E, 0xED, 0x68, 0x01, 0x17, 0x05, 0x7C, 0x20, 0x48, 0xC5, 0xFB,
    0x3E, 0x46, 0x72, 0x01, 0x93, 0x59, 0x3B, 0x7B, 0xFF, 0x10, 0x62, 0x1A, 0x02, 0x02, 0x28, 0x56,
    0x60, 0x25, 0x98, 0x16, 0xAC, 0xF0, 0x1C, 0xDE, 0x9E, 0xA8, 0x20, 0xC2, 0xE0, 0x2B, 0x00, 0xF5,
    0xB6, 0x5E, 0xC4, 0x77, 0x71, 0x07, 0x20, 0x82, 0x22, 0x46, 0x94, 0x05, 0x96, 0xAD, 0x02, 0xDC,
    0xC5, 0x28, 0x7F, 0x01, 0xA3, 0x1F, 0xE3, 0xF9, 0x12, 0xAD, 0xB7, 0x3F, 0xD2, 0xA4, 0x26, 0x1D,
    0xD2, 0x01, 0x27, 0x40, 0x57, 0x38, 0x40, 0x3E, 0xBD, 0xF9, 0x6C, 0xCE, 0xD3, 0x94, 0x04, 0x99,
    0x17, 0x8E, 0xC8, 0xE3, 0xF3, 0x4E, 0x0E, 0x2E, 0x70, 0x02, 0xFF, 0x16, 0xE0, 0x0E, 0xE0, 0x3F,
    0x5F, 0x53, 0x98, 0x74, 0xDA, 0x99, 0x3A, 0xEA, 0x2A, 0xAB, 0x9A, 0x93, 0x71, 0x56, 0x9E, 0x43,
    0xA8, 0xA9, 0x39, 0xEA, 0x92, 0xCF, 0x56, 0xE6, 0x27, 0xC2, 0x09, 0x94, 0xFA, 0x14, 0xC7, 0x42,
    0x51, 0x6E, 0xA1, 0x46, 0xEE, 0x5F, 0xA9, 0x79, 0x83, 0x1A, 0x6A, 0x4A, 0xEB, 0x6C, 0x6B, 0xBA,
    0xCC, 0xE3, 0x90, 0x0C, 0xB0, 0xB5, 0xBB, 0x9A, 0xCB, 0x31, 0x5B, 0x95, 0x0D, 0x0C, 0x80, 0x03,
    0x3C, 0xE2, 0x94, 0xF1, 0x58, 0x7C, 0xEC, 0x4B, 0x22, 0xCB, 0x32, 0x82, 0xFB, 0x10, 0xFC, 0xB7,
    0x68, 0x4D, 0x63, 0xBE, 0x94, 0xB3, 0xF5, 0x95, 0xA4, 0x2B, 0xDA, 0x28, 0xED, 0xA3, 0x7C, 0x1F,
    0x35, 0x04, 0xD1, 0xA1, 0x66, 0x2D, 0x8B, 0xA8, 0xC7, 0x46, 0x4D, 0x57, 0x29, 0x5A, 0x2F, 0xCF,
    0x0C, 0xC6, 0x16, 0x8D, 0x78, 0x09, 0xD8, 0x5C, 0xDC, 0x08, 0xC0, 0x9E, 0x63, 0xE7, 0x91, 0x6F,
    0x49, 0x89, 0xF9, 0x0A, 0xA7, 0x45, 0x36, 0xE0, 0xB4, 0x69, 0x1C, 0x4E, 0xDC, 0xCA, 0x29, 0x26,
    0x84, 0x61, 0x3A, 0xD9, 0x3D, 0x39, 0xF8, 0x5E, 0x26, 0xDD, 0x23, 0x35, 0xB0, 0x73, 0x48, 0x94,
    0x34, 0x50, 0xE1, 0xC1, 0x61, 0x3B, 0xD3, 0x27, 0x23, 0x22, 0xC7, 0xC6, 0xC7, 0x34, 0xDD, 0x8E,
    0x65, 0x7A, 0x2C, 0xFD, 0xFE, 0xA1, 0xD4, 0xC6, 0x60, 0x4A, 0x49, 0x61, 0x2D, 0xEB, 0x52, 0x53,
    0x6F, 0x5A, 0xDC, 0x14, 0x0E, 0x54, 0x89, 0x7C, 0xCD, 0xE3, 0x3E, 0xA7, 0x4E, 0xE0, 0x5B, 0xF9,
    0x5C, 0x44, 0x2E, 0x60, 0x28, 0x6D, 0x0B, 0x64, 0x24, 0xA2, 0x6B, 0xE1, 0x8F, 0xC4, 0xD9, 0x26,
    0xF5, 0xE1, 0x80, 0x83, 0x82, 0x06, 0xB9, 0x37, 0xE8, 0xCE, 0x20, 0x9E, 0xAC, 0xD6, 0xAD, 0x2C,
    0x91, 0xD4, 0xC0, 0x45, 0x5A, 0x1F, 0x40, 0x15, 0xEE, 0x0D, 0x50, 0x86, 0xEB, 0xB1, 0x93, 0xA7,
    0xF2, 0xF1, 0xB0, 0x7E, 0x70, 0x5B, 0xFA, 0xE5, 0x3E, 0xDC, 0x28, 0xE9, 0xAE, 0xAD, 0x93, 0xD0,
    0x94, 0x69, 0x40, 0xD6, 0x0D, 0x4C, 0x99, 0x50, 0xFF, 0x8C, 0x52, 0x2F, 0x34, 0x2D, 0x69, 0x71,
    0x8D, 0xB4, 0x3F, 0x59, 0xA3, 0xC3, 0x48, 0x89, 0xDF, 0x9E, 0xEB, 0x7E, 0x46, 0x27, 0x84, 0x6F,
    0x9D, 0x0E, 0x8D, 0x4B, 0x27, 0x06, 0x35, 0x78, 0xC7, 0x05, 0xE8, 0xF4, 0xFA, 0x3D, 0xD0, 0xED,
    0xDC, 0xCD, 0xF9, 0x0B, 0x0E, 0x2C, 0xE7, 0x7A, 0x3C, 0xE5, 0x65, 0x01, 0x62, 0x2D, 0xA9, 0x61,
    0x79, 0x1B, 0xC0, 0x2E, 0x2E, 0xEF, 0x08, 0xB9, 0x30, 0xC8, 0x70, 0x26, 0xC3, 0xB2, 0x00, 0xB1,
    0x38, 0xE2, 0x2D, 0x47, 0x6A, 0x5E, 0x96, 0x21, 0x0E, 0xAB, 0x38, 0x5C, 0xAF, 0x0F, 0xCB, 0x9D,
    0x4C, 0xF5, 0x2B, 0x95, 0x97, 0x2B, 0x95, 0xC5, 0x35, 0x4B, 0x11, 0x99, 0x9E, 0x15, 0x84, 0xFA,
    0x6D, 0x24, 0x05, 0xD0, 0x12, 0xB2, 0xDC, 0x83, 0x3C, 0xAA, 0xB4, 0x05, 0xB9, 0x37, 0x7E, 0xCA,
    0x74, 0xF8, 0x73, 0xA9, 0xD6, 0x61, 0x26, 0x51, 0x21, 0x50, 0xB1, 0x98, 0x0D, 0x88, 0x7E, 0xC9,
    0x03, 0x3B, 0x07, 0x24, 0x38, 0x80, 0xBA, 0x56, 0x88, 0x14, 0x94, 0x72, 0x4B, 0x19, 0xBB, 0x02,
    0x6A, 0x41, 0x29, 0xCB, 0xC8, 0x14, 0xEB, 0x1D, 0xA4, 0x71, 0x67, 0x90, 0x7B, 0xC3, 0x52, 0x52,
    0x82, 0x14, 0x65, 0xF9, 0xD2, 0xDF, 0x72, 0x49, 0xD7, 0x9B, 0x9A, 0x69, 0xA9, 0x9F, 0xAC, 0x8F,
    0xA4, 0x99, 0x22, 0x15, 0x7E, 0xBE, 0xCD, 0xBC, 0x4D, 0x33, 0x49, 0xDB, 0x11, 0x58, 0x21, 0xFB,
    0x6B, 0xC1, 0xE4, 0xA2, 0x43, 0x54, 0xB8, 0x76, 0xC8, 0x4F, 0x00, 0x3D, 0x66, 0x1F, 0xA1, 0x3C,
    0xE6, 0xC8, 0xAC, 0x13, 0x1F, 0x0C, 0xC4, 0xB3, 0x4E, 0x87, 0x58, 0x3C, 0x1C, 0xDD, 0xB2, 0x31,
    0x5A, 0xC0, 0x36, 0xE5, 0x5D, 0x22, 0x0B, 0xD4, 0x23, 0xF0, 0x18, 0x4F, 0x2D, 0x28, 0x9F, 0x75,
    0x72, 0x2B, 0xC2, 0xD2, 0x0A, 0xFA, 0x9F, 0xCC, 0x57, 0xBB, 0x3A, 0x8B, 0x40, 0x1A, 0x77, 0x67,
    0x88, 0xD5, 0xB1, 0x7D, 0x3D, 0x86, 0xED, 0x08, 0x71, 0x15, 0x36, 0x0E, 0xE5, 0x2D, 0x1E, 0x7B,
    0x03, 0x93, 0x59, 0x48, 0x60, 0x12, 0x05, 0x26, 0x17, 0xE8, 0x57, 0x24, 0x73, 0xC5, 0x81, 0x9A,
    0x7E, 0x46, 0xA8, 0x35, 0x0D, 0xBB, 0x5C, 0x66, 0x58, 0x3C, 0x64, 0x2D, 0x73, 0x8D, 0x9C, 0xFD,
    0xAC, 0x69, 0xC5, 0x45, 0xE3, 0xA5, 0xD7, 0x83, 0xF4, 0x14, 0xE6, 0x3E, 0xA6, 0xD9, 0x45, 0xEC,
    0x83, 0x6C, 0x53, 0x2A, 0xBD, 0x6A, 0x06, 0xF4, 0x15, 0x23, 0xAF, 0x09, 0xFB, 0x8A, 0x24, 0xC0,
    0x22, 0x48, 0x5F, 0x4B, 0x7F, 0x19, 0x53, 0xEA, 0x61, 0xEC, 0x0F, 0xA2, 0x8B, 0xFF, 0xE3, 0xF4,
    0x46, 0x5C, 0x77, 0x2C, 0x07, 0xFE, 0x1B, 0x47, 0x55, 0x2B, 0xD8, 0x82, 0xBE, 0x89, 0x23, 0xF0,
    0xF9, 0x07, 0x60, 0xC2, 0x21, 0x94, 0x20, 0x79, 0x4E, 0xE9, 0x01, 0x7E, 0x55, 0xB4, 0xC5, 0x7B,
    0xD8, 0x72, 0xF6, 0xA8, 0x54, 0xAC, 0x54, 0x4D, 0xEA, 0xED, 0x2B, 0x65, 0x59, 0x6D, 0xE2, 0xDD,
    0x1A, 0xD0, 0x8D, 0xDB, 0xFF, 0x8C, 0xBC, 0xE5, 0x12, 0xE3, 0x8B, 0x56, 0x30, 0x19, 0x1F, 0xEB,
    0xE3, 0xBD, 0xFC, 0xF0, 0xB0, 0xF1, 0x9A, 0xEE, 0x33, 0xF9, 0xB5, 0x50, 0x02, 0xD6, 0x93, 0x1E,
    0x20, 0x53, 0x67, 0xC0, 0xBD, 0xFD, 0x2B, 0xCD, 0xFF, 0x05, 0x5D, 0x52, 0xB1, 0x6E, 0xD4, 0x40,
    0x14, 0x9C, 0x3D, 0x13, 0x5C, 0x58, 0xC2, 0x15, 0x08, 0x92, 0xC2, 0x9F, 0xE0, 0x96, 0x26, 0xB1,
    0x3F, 0x21, 0x05, 0x09, 0x25, 0x9F, 0x40, 0x93, 0xDE, 0xCE, 0x1F, 0x5C, 0x43, 0x9A, 0xB4, 0x29,
    0x22, 0xA5, 0xA0, 0xA1, 0x0D, 0x6B, 0xF1, 0x03, 0x9C, 0xC4, 0x0F, 0x58, 0x88, 0x2A, 0x0D, 0x2E,
    0x5C, 0x98, 0xD3, 0x9D, 0x27, 0x6F, 0xD6, 0x7B, 0x0D, 0x2B, 0xF9, 0xE9, 0xE9, 0xBD, 0x79, 0x6F,
    0x67, 0x66, 0xDD, 0x90, 0xDC, 0xDA, 0xC7, 0xDF, 0xDE, 0x42, 0x57, 0xB5, 0x68, 0x30, 0x03, 0xBB,
    0x64, 0x42, 0xD2, 0xE7, 0x3D, 0xB2, 0xDA, 0x4A, 0x50, 0x09, 0x56, 0x02, 0xAC, 0x04, 0x54, 0xE4,
    0x00, 0xC1, 0x13, 0x72, 0x8E, 0xA5, 0x88, 0x72, 0x0F, 0xF3, 0x3D, 0x32, 0xF5, 0x8F, 0xFD, 0x53,
    0xFB, 0xDF, 0xA0, 0xF3, 0x4F, 0x35, 0x1A, 0x12, 0x2B, 0x72, 0x07, 0x9D, 0x23, 0x05, 0x2F, 0x90,
    0x46, 0xC0, 0x5B, 0x4B, 0x3D, 0xAA, 0x0E, 0x55, 0x9D, 0x0E, 0x28, 0x3A, 0x4C, 0x1A, 0x7C, 0x8F,
    0x64, 0x34, 0x88, 0x0B, 0x33, 0x8D, 0x42, 0xD9, 0x1D, 0x21, 0x15, 0x03, 0xDB, 0xA4, 0x41, 0x6D,
    0xB0, 0x19, 0xE0, 0xD5, 0xD7, 0x2D, 0xEB, 0xD0, 0x71, 0x37, 0xFB, 0x8B, 0x73, 0xE0, 0xFB, 0xA1,
    0x83, 0xBC, 0xB3, 0x90, 0x89, 0xAC, 0xB6, 0xBD, 0xA8, 0xA4, 0x3A, 0x57, 0xF8, 0x31, 0x3F, 0x90,
    0xFD, 0x29, 0x70, 0xB9, 0x06, 0x3E, 0x20, 0x9E, 0x13, 0xD3, 0x56, 0x2F, 0xA9, 0x50, 0x0B, 0x5F,
    0x93, 0xF0, 0xEF, 0x92, 0x5D, 0xCC, 0x67, 0x64, 0xB1, 0x8C, 0xA6, 0x05, 0x63, 0x5A, 0xF4, 0x28,
    0x36, 0x4B, 0x9A, 0x4E, 0x12, 0xBF, 0x8E, 0x60, 0xEC, 0x31, 0x1D, 0xC0, 0x55, 0x7D, 0x76, 0x00,
    0x97, 0x5D, 0xD1, 0x46, 0x70, 0x3E, 0x9C, 0x6C, 0xEF, 0xE1, 0xFF, 0x18, 0x38, 0x1F, 0xEC, 0x52,
    0x47, 0xB6, 0x4D, 0xFB, 0x79, 0x2C, 0xC9, 0xEB, 0x7D, 0xDA, 0x17, 0xE4, 0x88, 0xB2, 0xC5, 0x23,
    0xBE, 0x99, 0xC4, 0x5E, 0x62, 0xAA, 0xFA, 0xAD, 0xE3, 0x17, 0x60, 0x35, 0x21, 0x1B, 0xC2, 0x66,
    0x49, 0x76, 0x5C, 0x6B, 0x33, 0x04, 0x2E, 0xCD, 0x8F, 0x69, 0x51, 0xEE, 0xB8, 0x13, 0x0D, 0x81,
    0xF1, 0x52, 0x9B, 0xB1, 0xF8, 0x93, 0x0D, 0x07, 0xF0, 0x15, 0x76, 0x0B, 0x78, 0xC0, 0x29, 0x9A,
    0x94, 0x77, 0x22, 0xEE, 0xF2, 0xB6, 0xFA, 0x44, 0xA9, 0xAE, 0xF8, 0x8B, 0xFC, 0xA9, 0xAB, 0xCD,
    0xFD, 0xDE, 0xC8, 0x2D, 0x32, 0x5F, 0xD7, 0xEE, 0x22, 0x68, 0x3C, 0xD7, 0x72, 0xD2, 0x6C, 0xF3,
    0x6A, 0xE6, 0xFC, 0x6B, 0xD7, 0x71, 0xB3, 0x1A, 0x91, 0x1B, 0xBF, 0x0D, 0xBC, 0xD1, 0x41, 0x62,
    0x9E, 0x5D, 0xA1, 0x0C, 0x16, 0x31, 0x0A, 0x47, 0x78, 0x4D, 0xF3, 0xC2, 0x22, 0x02, 0xC2, 0x5C,
    0x1F, 0xA2, 0xF5, 0xAD, 0x7E, 0xB8, 0x3D, 0xF0, 0x71, 0xD6, 0x83, 0x66, 0x63, 0xF4, 0x4D, 0xEF,
    0x1A, 0x5E, 0xC2, 0x07, 0x1A, 0x81, 0xCC, 0x8A, 0x1B, 0xBC, 0xB3, 0x38, 0xFB, 0x51, 0x44, 0x54,
    0xF3, 0xD4, 0xC0, 0x9B, 0x3B, 0x3C, 0x03, 0xBD, 0x54, 0x31, 0x8E, 0xD3, 0x40, 0x14, 0xFD, 0xB6,
    0xB5, 0xEB, 0xC2, 0x85, 0xB7, 0x41, 0x48, 0x6C, 0xE1, 0x86, 0xDE, 0x37, 0x20, 0x86, 0x0B, 0x90,
    0x62, 0x0D, 0xD2, 0x52, 0xB0, 0x2D, 0x69, 0x38, 0x01, 0x72, 0x6E, 0x40, 0x8A, 0xDD, 0x1B, 0xC0,
    0x1D, 0x28, 0x56, 0xEB, 0xDC, 0x80, 0x20, 0x71, 0x00, 0x4B, 0x28, 0x05, 0x54, 0x2E, 0x5C, 0x6C,
    0x90, 0x3D, 0x9F, 0xF7, 0xFE, 0xD8, 0x09, 0x08, 0x89, 0x62, 0xA5, 0x65, 0xE4, 0xF8, 0x29, 0x33,
    0x99, 0xC9, 0xFB, 0xEF, 0xBF, 0x37, 0x22, 0x1C, 0x6F, 0xF0, 0x09, 0xEA, 0x55, 0xA6, 0xAD, 0x48,
    0xAE, 0xAE, 0xD6, 0x5E, 0x02, 0x55, 0x75, 0x71, 0x2F, 0xD1, 0x20, 0x55, 0x27, 0x9D, 0xA4, 0x2D,
    0x9F, 0x13, 0xC9, 0xD6, 0x92, 0x36, 0xF8, 0xF9, 0x0C, 0xB8, 0x21, 0x2E, 0x25, 0x23, 0x56, 0x85,
    0xE4, 0x6B, 0x60, 0x7D, 0x55, 0x56, 0xDB, 0x33, 0x9C, 0x62, 0x43, 0x66, 0x06, 0x4E, 0x1E, 0x8C,
    0xF3, 0xFB, 0xDF, 0xDD, 0x33, 0x06, 0xFA, 0x55, 0xAA, 0xEF, 0x85, 0x64, 0x3A, 0xC4, 0xAA, 0x0D,
    0x78, 0x0C, 0x09, 0x11, 0x63, 0x31, 0xC7, 0x0B, 0x93, 0x85, 0x48, 0xAA, 0x7A, 0x8B, 0x77, 0xF7,
    0x50, 0x85, 0xD5, 0x61, 0x63, 0xDC, 0x49, 0xD4, 0x48, 0xD8, 0x8B, 0x5C, 0x88, 0x38, 0x13, 0x07,
    0x27, 0x62, 0x58, 0x91, 0x92, 0xEC, 0xCA, 0x17, 0xD7, 0x52, 0x1F, 0x4A, 0x5B, 0x1F, 0xBD, 0xDD,
    0x96, 0xAF, 0x5B, 0xEE, 0xC3, 0xA6, 0x60, 0x80, 0x00, 0x13, 0x07, 0xEC, 0x48, 0xEE, 0xBE, 0x10,
    0xEB, 0x3C, 0xD0, 0x0F, 0x9E, 0xFE, 0x7B, 0xD5, 0x67, 0x9E, 0xFC, 0x62, 0x05, 0x32, 0xA1, 0xB2,
    0x4F, 0x98, 0x07, 0xCB, 0x64, 0x38, 0x06, 0xF7, 0xF8, 0x96, 0xDB, 0xA3, 0x9E, 0xDB, 0xC3, 0xC1,
    0xE8, 0xAB, 0x9D, 0x8B, 0xEE, 0xEC, 0xCF, 0x4D, 0x76, 0x67, 0x58, 0x00, 0xF7, 0x75, 0x4D, 0xEE,
    0x4D, 0x4E, 0xEE, 0xF3, 0xE4, 0x9E, 0xB9, 0x7F, 0xDE, 0x73, 0xC7, 0x38, 0xBF, 0xE4, 0xFB, 0x74,
    0x07, 0x16, 0x9D, 0x98, 0xD5, 0x2A, 0x55, 0x08, 0x9B, 0x41, 0xC9, 0xEE, 0x14, 0x94, 0xE9, 0xB6,
    0x9E, 0xAD, 0x20, 0x7F, 0x3C, 0x4F, 0x64, 0x34, 0x5C, 0xB8, 0x64, 0x79, 0x32, 0xD8, 0x31, 0x93,
    0xE7, 0xC6, 0xBF, 0x93, 0xC9, 0x76, 0xE5, 0x79, 0x1B, 0xAA, 0xFE, 0xE1, 0x3C, 0x48, 0x15, 0xBC,
    0xDA, 0x95, 0x2F, 0x5D, 0x59, 0xEA, 0x44, 0x75, 0xCF, 0xF3, 0xC0, 0xFE, 0xFE, 0xA7, 0xB2, 0xA1,
    0x88, 0xDD, 0x41, 0x96, 0xA7, 0xAA, 0xDF, 0x50, 0x7A, 0xAD, 0x2D, 0x9C, 0xE9, 0xC5, 0x79, 0x74,
    0x79, 0xE2, 0xC5, 0x01, 0x73, 0x2F, 0x4E, 0x6E, 0x8D, 0xA6, 0x38, 0xD6, 0x65, 0x8A, 0xE3, 0x78,
    0x96, 0x89, 0xB3, 0xE4, 0xF1, 0x99, 0x9D, 0x8D, 0x27, 0xFA, 0xBD, 0xE5, 0x59, 0x33, 0x91, 0xF0,
    0x1D, 0x32, 0x71, 0xD0, 0xE9, 0x51, 0x1C, 0xDF, 0x7F, 0x8C, 0xDB, 0x64, 0x12, 0xE7, 0x7F, 0x2A,
    0xF1, 0x0F, 0x71, 0x2E, 0xFF, 0x16, 0x07, 0x19, 0x3C, 0x5E, 0x99, 0x3E, 0x39, 0x4A, 0x66, 0xF3,
    0x19, 0x59, 0x7C, 0xFB, 0x62, 0xE9, 0x4C, 0x37, 0xA9, 0xE5, 0xB2, 0x0D, 0x18, 0xD8, 0x08, 0x4B,
    0xF4, 0x03, 0xCA, 0x9E, 0xF9, 0xE4, 0x42, 0x20, 0x7A, 0x25, 0x6E, 0x7D, 0x76, 0x5D, 0x59, 0x58,
    0x78, 0xB5, 0x1F, 0x2F, 0x26, 0x8B, 0xEF, 0xAE, 0x9C, 0x48, 0x8D, 0x96, 0x9E, 0x6E, 0x11, 0x6F,
    0xEA, 0xBB, 0x2E, 0x76, 0xB6, 0x18, 0x38, 0x66, 0x75, 0x2E, 0xD5, 0xCF, 0x1B, 0x54, 0xC7, 0x2B,
    0xE7, 0x39, 0xEF, 0x1E, 0xF5, 0xD5, 0x1C, 0x5D, 0xF9, 0xD6, 0x5B, 0x85, 0xA1, 0x5D, 0x4A, 0xD6,
    0x71, 0x0B, 0xCC, 0x6C, 0x5B, 0x75, 0x66, 0x6E, 0x89, 0xCD, 0xE5, 0xC3, 0xE8, 0x76, 0x1F, 0x3D,
    0x2B, 0xD5, 0x44, 0xB8, 0x1E, 0xF1, 0x9D, 0xC7, 0x4A, 0x8B, 0x40, 0xCB, 0x79, 0xC4, 0x8C, 0x23,
    0x57, 0xE9, 0xB6, 0x6E, 0x50, 0x74, 0x9B, 0x17, 0x49, 0x53, 0x62, 0x7E, 0xC6, 0x1B, 0xCE, 0x51,
    0xA1, 0x70, 0x6D, 0x48, 0x22, 0xC4, 0xCE, 0x63, 0x46, 0x66, 0xC0, 0x84, 0x42, 0x3B, 0x5E, 0xA5,
    0x60, 0xE5, 0x8C, 0xD6, 0xC6, 0x30, 0xA8, 0x5B, 0xE2, 0x63, 0xE6, 0x14, 0xF8, 0x89, 0x55, 0x3A,
    0xB2, 0x88, 0x5A, 0x7A, 0xF0, 0x86, 0xB2, 0xD0, 0x8B, 0xCB, 0x7C, 0x23, 0xF5, 0x8F, 0xEB, 0x9A,
    0xA5, 0x56, 0xDA, 0xE7, 0x34, 0x7A, 0x8E, 0x3C, 0x2E, 0x50, 0x64, 0xF0, 0x51, 0x7E, 0x01, 0x4D,
    0x90, 0xB1, 0x11, 0x83, 0x30, 0x10, 0x04, 0x0F, 0x12, 0x02, 0x02, 0x27, 0xCE, 0x95, 0x3A, 0xA3,
    0x04, 0xA8, 0xC2, 0xDD, 0x78, 0xAC, 0x2E, 0x5C, 0x83, 0x9B, 0x30, 0x94, 0x80, 0x3B, 0x50, 0xEE,
    0xC4, 0x01, 0x01, 0x01, 0xD2, 0xF9, 0x4F, 0x82, 0x19, 0x2B, 0x78, 0xED, 0xCC, 0xAF, 0x4E, 0xD2,
    0x03, 0x7F, 0xEB, 0x72, 0xC0, 0x6B, 0xDF, 0x6B, 0xFA, 0x02, 0x2D, 0x43, 0x81, 0x8E, 0xEB, 0xAE,
    0x5C, 0x53, 0x51, 0x02, 0xBA, 0x2C, 0xB5, 0x13, 0x9A, 0x2C, 0x75, 0x13, 0xAA, 0x2C, 0x8D, 0xEF,
    0x67, 0x4E, 0xAA, 0x49, 0xCE, 0xBD, 0x57, 0x0A, 0xF9, 0xED, 0x82, 0x52, 0xC8, 0xD5, 0x99, 0x34,
    0x1A, 0x6C, 0xA7, 0x94, 0x15, 0x03, 0x7A, 0x29, 0x5C, 0x1C, 0x83, 0x94, 0x34, 0x38, 0xAE, 0x77,
    0x03, 0x8F, 0x9E, 0xD1, 0x51, 0x77, 0x5B, 0xB7, 0x11, 0x58, 0x99, 0x2B, 0x81, 0x45, 0x0C, 0xB8,
    0x73, 0xB3, 0x93, 0x11, 0x70, 0x4A, 0xE1, 0x02, 0xEB, 0x47, 0x83, 0x19, 0xA8, 0x98, 0x9C, 0x14,
    0x40, 0x49, 0x51, 0x0F, 0x73, 0xFC, 0x48, 0x91, 0x04, 0x29, 0x26, 0x25, 0x64, 0xC5, 0x24, 0xC4,
    0xF2, 0x41, 0xF7, 0x58, 0x0A, 0x34, 0x45, 0x51, 0xD2, 0xB0, 0xCF, 0xE5, 0x76, 0x0C, 0xEA, 0xAC,
    0xF2, 0x03,
};

static const EpdGlyph bookerly_18_regularGlyphs[] = {
    { 0, 0, 0, 0, 0, 0, 0 }, // U+0000
    { 0, 0, 0, 0, 0, 0, 0 }, // U+0008
    { 0, 0, 129, 0, 0, 0, 0 }, // U+0009
    { 0, 0, 129, 0, 0, 0, 0 }, // U+000D
    { 0, 0, 0, 0, 0, 0, 0 }, // U+001D
    { 0, 0, 129, 0, 0, 0, 0 }, // U+0020
    { 6, 30, 164, 3, 29, 45, 0 }, // !
    { 12, 13, 221, 1, 28, 39, 45 }, // "
    { 24, 24, 374, 0, 22, 144, 84 }, // #
    { 18, 39, 374, 3, 31, 176, 228 }, // $
    { 33, 30, 581, 2, 28, 248, 404 }, // %
    { 28, 29, 482, 2, 28, 203, 652 }, // &
    { 5, 13, 118, 1, 28, 17, 855 }, // '
    { 12, 38, 219, 1, 31, 114, 872 }, // (
    { 13, 38, 219, 0, 31, 124, 986 }, // )
    { 13, 13, 223, 1, 28, 43, 1110 }, // *
    { 17, 18, 374, 3, 22, 77, 1153 }, // +
    { 8, 12, 164, 1, 5, 24, 1230 }, // ,
    { 12, 4, 224, 1, 12, 12, 1254 }, // -
    { 6, 6, 164, 2, 5, 9, 1266 }, // .
    { 17, 30, 295, 1, 28, 128, 1275 }, // /
    { 21, 28, 374, 1, 27, 147, 1403 }, // 0
    { 15, 27, 374, 4, 27, 102, 1550 }, // 1
    { 19, 27, 374, 2, 27, 129, 1652 }, // 2
    { 17, 28, 374, 3, 27, 119, 1781 }, // 3
    { 21, 28, 374, 1, 27, 147, 1900 }, // 4
    { 18, 27, 374, 2, 26, 122, 2047 }, // 5
    { 19, 28, 374, 2, 27, 133, 2169 }, // 6
    { 19, 27, 374, 3, 26, 129, 2302 }, // 7
    { 19, 28, 374, 2, 27, 133, 2431 }, // 8
    { 19, 28, 374, 2, 27, 133, 2564 }, // 9
    { 6, 20, 164, 2, 19, 30, 2697 }, // :
    { 8, 26, 164, 1, 19, 52, 2727 }, // ;
    { 17, 18, 374, 3, 22, 77, 2779 }, // <
    { 17, 10, 374, 3, 18, 43, 2856 }, // =
    { 17, 18, 374, 3, 22, 77, 2899 }, // >
    { 14, 29, 285, 2, 28, 102, 2976 }, // ?
    { 34, 34, 573, 1, 26, 289, 3078 }, // @
    { 28, 27, 445, 0, 27, 189, 3367 }, // A
    { 22, 28, 371, 1, 27, 154, 3556 }, // B
    { 22, 28, 385, 1, 27, 154, 3710 }, // C
    { 26, 28, 449, 1, 27, 182, 3864 }, // D
    { 22, 27, 378, 1, 27, 149, 4046 }, // E
    { 20, 27, 341, 1, 27, 135, 4195 }, // F
    { 25, 28, 436, 1, 27, 175, 4330 }, // G
    { 30, 27, 501, 1, 27, 203, 4505 }, // H
    { 12, 27, 226, 1, 27, 81, 4708 }, // I
    { 15, 35, 217, -2, 27, 132, 4789 }, // J
    { 27, 28, 436, 1, 27, 189, 4921 }, // K
    { 22, 27, 361, 1, 27, 149, 5110 }, // L
    { 34, 27, 536, 0, 27, 230, 5259 }, // M
    { 30, 28, 489, 1, 27, 210, 5489 }, // N
    { 27, 28, 467, 1, 27, 189, 5699 }, // O
    { 21, 27, 356, 1, 27, 142, 5888 }, // P
    { 30, 35, 467, 1, 27, 263, 6030 }, // Q
    { 26, 28, 406, 1, 27, 182, 6293 }, // R
    { 18, 28, 330, 1, 27, 126, 6475 }, // S
    { 24, 27, 411, 1, 27, 162, 6601 }, // T
    { 29, 28, 464, 0, 27, 203, 6763 }, // U
    { 28, 28, 440, 0, 27, 196, 6966 }, // V
    { 42, 28, 665, 0, 27, 294, 7162 }, // W
    { 28, 27, 436, 0, 27, 189, 7456 }, // X
    { 26, 27, 410, 0, 27, 176, 7645 }, // Y
    { 21, 28, 355, 1, 27, 147, 7821 }, // Z
    { 8, 36, 184, 2, 30, 72, 7968 }, // [
    { 17, 30, 295, 1, 28, 128, 8040 }, // <backslash>
    { 8, 36, 184, 1, 30, 72, 8168 }, // ]
    { 18, 18, 374, 3, 25, 81, 8240 }, // ^
    { 19, 4, 300, 0, -1, 19, 8321 }, // _
    { 9, 10, 403, 8, 32, 23, 8340 }, // `
    { 20, 22, 329, 1, 21, 110, 8363 }, // a
    { 23, 31, 358, -1, 30, 179, 8473 }, // b
    { 17, 22, 304, 1, 21, 94, 8652 }, // c
    { 23, 31, 374, 1, 30, 179, 8746 }, // d
    { 18, 22, 312, 1, 21, 99, 8925 }, // e
    { 19, 30, 244, 0, 30, 143, 9024 }, // f
    { 22, 30, 348, 0, 21, 165, 9167 }, // g
    { 25, 30, 397, 0, 30, 188, 9332 }, // h
    { 12, 30, 199, 0, 30, 90, 9520 }, // i
    { 12, 39, 172, -3, 30, 117, 9610 }, // j
    { 23, 31, 362, 0, 30, 179, 9727 }, // k
    { 12, 30, 195, 0, 30, 90, 9906 }, // l
    { 38, 21, 598, 0, 21, 200, 9996 }, // m
    { 25, 21, 403, 0, 21, 132, 10196 }, // n
    { 21, 22, 357, 1, 21, 116, 10328 }, // o
    { 22, 30, 368, 0, 21, 165, 10444 }, // p
    { 22, 30, 356, 1, 21, 165, 10609 }, // q
    { 17, 21, 277, 0, 21, 90, 10774 }, // r
    { 15, 22, 287, 2, 21, 83, 10864 }, // s
    { 15, 26, 246, 0, 25, 98, 10947 }, // t
    { 25, 21, 390, 0, 20, 132, 11045 }, // u
    { 23, 21, 360, 0, 20, 121, 11177 }, // v
    { 34, 21, 535, 0, 20, 179, 11298 }, // w
    { 23, 20, 356, 0, 20, 115, 11477 }, // x
    { 23, 29, 360, 0, 20, 167, 11592 }, // y
    { 17, 21, 301, 1, 20, 90, 11759 }, // z
    { 12, 38, 231, 2, 31, 114, 11849 }, // {
    { 4, 34, 163, 3, 29, 34, 11963 }, // |
    { 11, 38, 231, 1, 31, 105, 11997 }, // }
    { 18, 7, 374, 3, 16, 32, 12102 }, // ~
    { 0, 0, 129, 0, 0, 0, 0 }, // U+00A0
    { 6, 30, 164, 2, 21, 45, 0 }, // U+00A1
    { 18, 38, 374, 2, 30, 171, 45 }, // U+00A2
    { 21, 28, 374, 1, 27, 147, 216 }, // U+00A3
    { 21, 18, 374, 1, 22, 95, 363 }, // U+00A4
    { 25, 26, 374, -1, 26, 163, 458 }, // U+00A5
    { 4, 34, 163, 3, 29, 34, 621 }, // U+00A6
    { 17, 31, 305, 1, 27, 132, 655 }, // U+00A7
    { 14, 6, 403, 6, 29, 21, 787 }, // U+00A8
    { 28, 28, 469, 1, 27, 196, 808 }, // U+00A9
    { 13, 18, 268, 2, 27, 59, 1004 }, // U+00AA
    { 19, 15, 315, 1, 17, 72, 1063 }, // U+00AB
    { 17, 9, 374, 3, 18, 39, 1135 }, // U+00AC
    { 12, 4, 224, 1, 12, 12, 1174 }, // U+00AD
    { 20, 21, 349, 1, 30, 105, 1186 }, // U+00AE
    { 13, 4, 403, 6, 28, 13, 1291 }, // U+00AF
    { 14, 13, 317, 3, 27, 46, 1304 }, // U+00B0
    { 17, 23, 374, 3, 23, 98, 1350 }, // U+00B1
    { 14, 18, 268, 2, 32, 63, 1448 }, // U+00B2
    { 13, 19, 268, 2, 32, 62, 1511 }, // U+00B3
    { 8, 10, 403, 9, 32, 20, 1573 }, // U+00B4
    { 24, 29, 400, 2, 20, 174, 1593 }, // U+00B5
    { 20, 33, 327, 0, 27, 165, 1767 }, // U+00B6
    { 6, 6, 164, 2, 13, 9, 1932 }, // U+00B7
    { 8, 9, 403, 9, -1, 18, 1941 }, // U+00B8
    { 11, 18, 268, 3, 32, 50, 1959 }, // U+00B9
    { 14, 18, 272, 2, 27, 63, 2009 }, // U+00BA
    { 20, 15, 315, 1, 17, 75, 2072 }, // U+00BB
    { 37, 31, 646, 3, 28, 287, 2147 }, // U+00BC
    { 37, 31, 646, 3, 28, 287, 2434 }, // U+00BD
    { 38, 31, 646, 2, 28, 295, 2721 }, // U+00BE
    { 14, 30, 285, 2, 21, 105, 3016 }, // U+00BF
    { 28, 37, 445, 0, 37, 259, 3121 }, // U+00C0
    { 28, 37, 445, 0, 37, 259, 3380 }, // U+00C1
    { 28, 36, 445, 0, 36, 252, 3639 }, // U+00C2
    { 28, 36, 445, 0, 36, 252, 3891 }, // U+00C3
    { 28, 35, 445, 0, 35, 245, 4143 }, // U+00C4
    { 28, 38, 445, 0, 38, 266, 4388 }, // U+00C5
    { 35, 27, 558, -1, 27, 237, 4654 }, // U+00C6
    { 22, 37, 385, 1, 27, 204, 4891 }, // U+00C7
    { 22, 37, 378, 1, 37, 204, 5095 }, // U+00C8
    { 22, 37, 378, 1, 37, 204, 5299 }, // U+00C9
    { 22, 36, 378, 1, 36, 198, 5503 }, // U+00CA
    { 22, 35, 378, 1, 35, 193, 5701 }, // U+00CB
    { 12, 37, 226, 1, 37, 111, 5894 }, // U+00CC
    { 12, 37, 226, 1, 37, 111, 6005 }, // U+00CD
    { 14, 36, 226, 0, 36, 126, 6116 }, // U+00CE
    { 14, 35, 226, 0, 35, 123, 6242 }, // U+00CF
    { 26, 28, 449, 1, 27, 182, 6365 }, // U+00D0
    { 30, 37, 489, 1, 36, 278, 6547 }, // U+00D1
    { 27, 38, 467, 1, 37, 257, 6825 }, // U+00D2
    { 27, 38, 467, 1, 37, 257, 7082 }, // U+00D3
    { 27, 37, 467, 1, 36, 250, 7339 }, // U+00D4
    { 27, 37, 467, 1, 36, 250, 7589 }, // U+00D5
    { 27, 36, 467, 1, 35, 243, 7839 }, // U+00D6
    { 16, 16, 374, 4, 21, 64, 8082 }, // U+00D7
    { 29, 28, 467, 0, 27, 203, 8146 }, // U+00D8
    { 29, 38, 464, 0, 37, 276, 8349 }, // U+00D9
    { 29, 38, 464, 0, 37, 276, 8625 }, // U+00DA
    { 29, 37, 464, 0, 36, 269, 8901 }, // U+00DB
    { 29, 36, 464, 0, 35, 261, 9170 }, // U+00DC
    { 26, 37, 410, 0, 37, 241, 9431 }, // U+00DD
    { 21, 27, 373, 1, 27, 142, 9672 }, // U+00DE
    { 23, 31, 390, 1, 30, 179, 9814 }, // U+00DF
    { 20, 33, 329, 1, 32, 165, 9993 }, // U+00E0
    { 20, 33, 329, 1, 32, 165, 10158 }, // U+00E1
    { 20, 32, 329, 1, 31, 160, 10323 }, // U+00E2
    { 20, 31, 329, 1, 30, 155, 10483 }, // U+00E3
    { 20, 30, 329, 1, 29, 150, 10638 }, // U+00E4
    { 20, 33, 329, 1, 32, 165, 10788 }, // U+00E5
    { 29, 22, 488, 1, 21, 160, 10953 }, // U+00E6
    { 17, 31, 304, 1, 21, 132, 11113 }, // U+00E7
    { 18, 33, 312, 1, 32, 149, 11245 }, // U+00E8
    { 18, 33, 312, 1, 32, 149, 11394 }, // U+00E9
    { 18, 32, 312, 1, 31, 144, 11543 }, // U+00EA
    { 18, 30, 312, 1, 29, 135, 11687 }, // U+00EB
    { 12, 32, 199, 0, 32, 96, 11822 }, // U+00EC
    { 12, 32, 199, 0, 32, 96, 11918 }, // U+00ED
    { 13, 31, 199, 0, 31, 101, 12014 }, // U+00EE
    { 14, 29, 199, -1, 29, 102, 12115 }, // U+00EF
    { 20, 32, 357, 1, 31, 160, 12217 }, // U+00F0
    { 25, 30, 403, 0, 30, 188, 12377 }, // U+00F1
    { 21, 33, 357, 1, 32, 174, 12565 }, // U+00F2
    { 21, 33, 357, 1, 32, 174, 12739 }, // U+00F3
    { 21, 32, 357, 1, 31, 168, 12913 }, // U+00F4
    { 21, 31, 357, 1, 30, 163, 13081 }, // U+00F5
    { 21, 30, 357, 1, 29, 158, 13244 }, // U+00F6
    { 17, 18, 374, 3, 22, 77, 13402 }, // U+00F7
    { 22, 22, 357, 0, 21, 121, 13479 }, // U+00F8
    { 25, 33, 390, 0, 32, 207, 13600 }, // U+00F9
    { 25, 33, 390, 0, 32, 207, 13807 }, // U+00FA
    { 25, 32, 390, 0, 31, 200, 14014 }, // U+00FB
    { 25, 30, 390, 0, 29, 188, 14214 }, // U+00FC
    { 23, 41, 360, 0, 32, 236, 14402 }, // U+00FD
    { 23, 39, 373, 0, 30, 225, 14638 }, // U+00FE
    { 23, 38, 360, 0, 29, 219, 14863 }, // U+00FF
    { 28, 34, 445, 0, 34, 238, 0 }, // U+0100
    { 20, 29, 329, 1, 28, 145, 238 }, // U+0101
    { 28, 36, 445, 0, 36, 252, 383 }, // U+0102
    { 20, 31, 329, 1, 30, 155, 635 }, // U+0103
    { 28, 35, 445, 0, 27, 245, 790 }, // U+0104
    { 20, 29, 329, 1, 21, 145, 1035 }, // U+0105
    { 22, 38, 385, 1, 37, 209, 1180 }, // U+0106
    { 17, 33, 304, 1, 32, 141, 1389 }, // U+0107
    { 22, 37, 385, 1, 36, 204, 1530 }, // U+0108
    { 17, 32, 304, 1, 31, 136, 1734 }, // U+0109
    { 22, 37, 385, 1, 36, 204, 1870 }, // U+010A
    { 17, 30, 304, 1, 29, 128, 2074 }, // U+010B
    { 22, 38, 385, 1, 37, 209, 2202 }, // U+010C
    { 17, 32, 304, 1, 31, 136, 2411 }, // U+010D
    { 26, 38, 449, 1, 37, 247, 2547 }, // U+010E
    { 26, 31, 386, 1, 30, 202, 2794 }, // U+010F
    { 26, 28, 449, 1, 27, 182, 2996 }, // U+0110
    { 23, 31, 374, 1, 30, 179, 3178 }, // U+0111
    { 22, 34, 378, 1, 34, 187, 3357 }, // U+0112
    { 18, 29, 312, 1, 28, 131, 3544 }, // U+0113
    { 22, 36, 378, 1, 36, 198, 3675 }, // U+0114
    { 18, 31, 312, 1, 30, 140, 3873 }, // U+0115
    { 22, 36, 378, 1, 36, 198, 4013 }, // U+0116
    { 18, 30, 312, 1, 29, 135, 4211 }, // U+0117
    { 22, 35, 378, 1, 27, 193, 4346 }, // U+0118
    { 18, 29, 312, 1, 21, 131, 4539 }, // U+0119
    { 22, 37, 378, 1, 37, 204, 4670 }, // U+011A
    { 18, 32, 312, 1, 31, 144, 4874 }, // U+011B
    { 25, 37, 436, 1, 36, 232, 5018 }, // U+011C
    { 22, 40, 348, 0, 31, 220, 5250 }, // U+011D
    { 25, 37, 436, 1, 36, 232, 5470 }, // U+011E
    { 22, 39, 348, 0, 30, 215, 5702 }, // U+011F
    { 25, 37, 436, 1, 36, 232, 5917 }, // U+0120
    { 22, 38, 348, 0, 29, 209, 6149 }, // U+0121
    { 25, 37, 436, 1, 27, 232, 6358 }, // U+0122
    { 22, 41, 348, 0, 32, 226, 6590 }, // U+0123
    { 30, 36, 501, 1, 36, 270, 6816 }, // U+0124
    { 26, 39, 397, -1, 39, 254, 7086 }, // U+0125
    { 30, 27, 501, 1, 27, 203, 7340 }, // U+0126
    { 25, 30, 397, 0, 30, 188, 7543 }, // U+0127
    { 13, 36, 226, 1, 36, 117, 7731 }, // U+0128
    { 13, 30, 199, 0, 30, 98, 7848 }, // U+0129
    { 14, 34, 226, 0, 34, 119, 7946 }, // U+012A
    { 13, 28, 199, 0, 28, 91, 8065 }, // U+012B
    { 14, 36, 226, 0, 36, 126, 8156 }, // U+012C
    { 13, 30, 199, 0, 30, 98, 8282 }, // U+012D
    { 12, 35, 226, 1, 27, 105, 8380 }, // U+012E
    { 12, 38, 199, 0, 30, 114, 8485 }, // U+012F
    { 12, 36, 226, 1, 36, 108, 8599 }, // U+0130
    { 12, 20, 199, 0, 20, 60, 8707 }, // U+0131
    { 26, 35, 431, 1, 27, 228, 8767 }, // U+0132
    { 21, 39, 365, 0, 30, 205, 8995 }, // U+0133
    { 16, 44, 217, -2, 36, 176, 9200 }, // U+0134
    { 15, 40, 172, -3, 31, 150, 9376 }, // U+0135
    { 27, 37, 436, 1, 27, 250, 9526 }, // U+0136
    { 23, 40, 362, 0, 30, 230, 9776 }, // U+0137
    { 24, 21, 368, 0, 20, 126, 10006 }, // U+0138
    { 22, 37, 361, 1, 37, 204, 10132 }, // U+0139
    { 12, 39, 195, 0, 39, 117, 10336 }, // U+013A
    { 22, 37, 361, 1, 27, 204, 10453 }, // U+013B
    { 12, 40, 195, 0, 30, 120, 10657 }, // U+013C
    { 22, 30, 361, 1, 30, 165, 10777 }, // U+013D
    { 16, 30, 207, 0, 30, 120, 10942 }, // U+013E
    { 22, 27, 361, 1, 27, 149, 11062 }, // U+013F
    { 18, 30, 281, 0, 30, 135, 11211 }, // U+0140
    { 24, 27, 361, -1, 27, 162, 11346 }, // U+0141
    { 14, 30, 195, -1, 30, 105, 11508 }, // U+0142
    { 30, 38, 489, 1, 37, 285, 11613 }, // U+0143
    { 25, 32, 403, 0, 32, 200, 11898 }, // U+0144
    { 30, 37, 489, 1, 27, 278, 12098 }, // U+0145
    { 25, 31, 403, 0, 21, 194, 12376 }, // U+0146
    { 30, 38, 489, 1, 37, 285, 12570 }, // U+0147
    { 25, 31, 403, 0, 31, 194, 12855 }, // U+0148
    { 33, 29, 543, 1, 29, 240, 13049 }, // U+0149
    { 30, 35, 489, 1, 27, 263, 13289 }, // U+014A
    { 22, 30, 386, 0, 21, 165, 13552 }, // U+014B
    { 27, 35, 467, 1, 34, 237, 13717 }, // U+014C
    { 21, 29, 357, 1, 28, 153, 13954 }, // U+014D
    { 27, 37, 467, 1, 36, 250, 14107 }, // U+014E
    { 21, 31, 357, 1, 30, 163, 14357 }, // U+014F
    { 27, 38, 467, 1, 37, 257, 14520 }, // U+0150
    { 21, 32, 357, 1, 31, 168, 14777 }, // U+0151
    { 35, 28, 581, 1, 27, 245, 14945 }, // U+0152
    { 32, 22, 544, 1, 21, 176, 15190 }, // U+0153
    { 26, 38, 406, 1, 37, 247, 15366 }, // U+0154
    { 17, 32, 277, 0, 32, 136, 15613 }, // U+0155
    { 26, 37, 406, 1, 27, 241, 15749 }, // U+0156
    { 17, 31, 277, 0, 21, 132, 15990 }, // U+0157
    { 26, 38, 406, 1, 37, 247, 16122 }, // U+0158
    { 17, 31, 277, 0, 31, 132, 16369 }, // U+0159
    { 18, 38, 330, 1, 37, 171, 16501 }, // U+015A
    { 15, 33, 287, 2, 32, 124, 16672 }, // U+015B
    { 18, 37, 330, 1, 36, 167, 16796 }, // U+015C
    { 15, 32, 287, 2, 31, 120, 16963 }, // U+015D
    { 18, 37, 330, 1, 27, 167, 17083 }, // U+015E
    { 15, 31, 287, 2, 21, 117, 17250 }, // U+015F
    { 18, 38, 330, 1, 37, 171, 17367 }, // U+0160
    { 15, 32, 287, 2, 31, 120, 17538 }, // U+0161
    { 24, 37, 411, 1, 27, 222, 17658 }, // U+0162
    { 15, 35, 246, 0, 25, 132, 17880 }, // U+0163
    { 24, 37, 411, 1, 37, 222, 18012 }, // U+0164
    { 15, 32, 246, 0, 31, 120, 18234 }, // U+0165
    { 24, 27, 411, 1, 27, 162, 18354 }, // U+0166
    { 15, 26, 246, 0, 25, 98, 18516 }, // U+0167
    { 29, 37, 464, 0, 36, 269, 18614 }, // U+0168
    { 25, 31, 390, 0, 30, 194, 18883 }, // U+0169
    { 29, 35, 464, 0, 34, 254, 19077 }, // U+016A
    { 25, 29, 390, 0, 28, 182, 19331 }, // U+016B
    { 29, 37, 464, 0, 36, 269, 19513 }, // U+016C
    { 25, 31, 390, 0, 30, 194, 19782 }, // U+016D
    { 29, 39, 464, 0, 38, 283, 19976 }, // U+016E
    { 25, 33, 390, 0, 32, 207, 20259 }, // U+016F
    { 29, 38, 464, 0, 37, 276, 20466 }, // U+0170
    { 25, 32, 390, 0, 31, 200, 20742 }, // U+0171
    { 29, 35, 464, 0, 27, 254, 20942 }, // U+0172
    { 25, 28, 390, 0, 20, 175, 21196 }, // U+0173
    { 42, 37, 665, 0, 36, 389, 21371 }, // U+0174
    { 34, 32, 535, 0, 31, 272, 21760 }, // U+0175
    { 26, 36, 410, 0, 36, 234, 22032 }, // U+0176
    { 23, 40, 360, 0, 31, 230, 22266 }, // U+0177
    { 26, 35, 410, 0, 35, 228, 22496 }, // U+0178
    { 21, 38, 355, 1, 37, 200, 22724 }, // U+0179
    { 17, 33, 301, 1, 32, 141, 22924 }, // U+017A
    { 21, 37, 355, 1, 36, 195, 23065 }, // U+017B
    { 17, 30, 301, 1, 29, 128, 23260 }, // U+017C
    { 21, 38, 355, 1, 37, 200, 23388 }, // U+017D
    { 17, 32, 301, 1, 31, 136, 23588 }, // U+017E
    { 18, 30, 244, 1, 30, 135, 23724 }, // U+017F
    { 23, 31, 358, -1, 30, 179, 0 }, // U+0180
    { 25, 28, 407, 0, 27, 175, 179 }, // U+0181
    { 28, 34, 385, 1, 33, 238, 354 }, // U+0187
    { 25, 28, 304, 1, 27, 175, 592 }, // U+0188
    { 26, 28, 449, 1, 27, 182, 767 }, // U+0189
    { 29, 28, 485, 0, 27, 203, 949 }, // U+018A
    { 22, 27, 378, 1, 27, 149, 1152 }, // U+018E
    { 24, 28, 409, 1, 27, 168, 1301 }, // U+018F
    { 24, 35, 341, -3, 27, 210, 1469 }, // U+0191
    { 23, 39, 244, -4, 30, 225, 1679 }, // U+0192
    { 30, 34, 436, 1, 33, 255, 1904 }, // U+0193
    { 13, 27, 226, 1, 27, 88, 2159 }, // U+0197
    { 27, 28, 436, 1, 27, 189, 2247 }, // U+0198
    { 23, 31, 368, 1, 30, 179, 2436 }, // U+0199
    { 12, 30, 195, 0, 30, 90, 2615 }, // U+019A
    { 29, 33, 467, 1, 32, 240, 2705 }, // U+01A0
    { 22, 25, 357, 1, 24, 138, 2945 }, // U+01A1
    { 24, 27, 391, 0, 27, 162, 3083 }, // U+01A4
    { 22, 39, 377, 1, 30, 215, 3245 }, // U+01A5
    { 15, 34, 246, 0, 25, 128, 3460 }, // U+01AB
    { 25, 27, 406, 0, 27, 169, 3588 }, // U+01AC
    { 18, 31, 246, 0, 30, 140, 3757 }, // U+01AD
    { 24, 35, 411, 1, 27, 210, 3897 }, // U+01AE
    { 31, 33, 464, 0, 32, 256, 4107 }, // U+01AF
    { 25, 25, 390, 0, 24, 157, 4363 }, // U+01B0
    { 25, 28, 415, 0, 27, 175, 4520 }, // U+01B2
    { 29, 27, 452, 0, 27, 196, 4695 }, // U+01B3
    { 31, 39, 360, 0, 30, 303, 4891 }, // U+01B4
    { 21, 28, 355, 1, 27, 147, 5194 }, // U+01B5
    { 17, 21, 301, 1, 20, 90, 5341 }, // U+01B6
    { 20, 28, 343, 1, 27, 140, 5431 }, // U+01B7
    { 19, 31, 329, 1, 30, 148, 5571 }, // U+01BB
    { 5, 30, 195, 4, 30, 38, 5719 }, // U+01C0
    { 12, 30, 320, 4, 30, 90, 5757 }, // U+01C1
    { 13, 30, 218, 0, 30, 98, 5847 }, // U+01C2
    { 6, 30, 164, 3, 29, 45, 5945 }, // U+01C3
    { 49, 38, 805, 1, 37, 466, 5990 }, // U+01C4
    { 46, 32, 751, 1, 31, 368, 6456 }, // U+01C5
    { 41, 32, 675, 1, 31, 328, 6824 }, // U+01C6
    { 35, 35, 578, 1, 27, 307, 7152 }, // U+01C7
    { 31, 39, 533, 1, 30, 303, 7459 }, // U+01C8
    { 21, 39, 367, 0, 30, 205, 7762 }, // U+01C9
    { 43, 35, 706, 1, 27, 377, 7967 }, // U+01CA
    { 39, 39, 661, 1, 30, 381, 8344 }, // U+01CB
    { 34, 39, 575, 0, 30, 332, 8725 }, // U+01CC
    { 28, 37, 445, 0, 37, 259, 9057 }, // U+01CD
    { 20, 32, 329, 1, 31, 160, 9316 }, // U+01CE
    { 15, 37, 226, 0, 37, 139, 9476 }, // U+01CF
    { 14, 31, 199, -1, 31, 109, 9615 }, // U+01D0
    { 27, 38, 467, 1, 37, 257, 9724 }, // U+01D1
    { 21, 32, 357, 1, 31, 168, 9981 }, // U+01D2
    { 29, 38, 464, 0, 37, 276, 10149 }, // U+01D3
    { 25, 32, 390, 0, 31, 200, 10425 }, // U+01D4
    { 29, 41, 464, 0, 40, 298, 10625 }, // U+01D5
    { 25, 36, 390, 0, 35, 225, 10923 }, // U+01D6
    { 29, 41, 464, 0, 40, 298, 11148 }, // U+01D7
    { 25, 38, 390, 0, 37, 238, 11446 }, // U+01D8
    { 29, 41, 464, 0, 40, 298, 11684 }, // U+01D9
    { 25, 38, 390, 0, 37, 238, 11982 }, // U+01DA
    { 29, 41, 464, 0, 40, 298, 12220 }, // U+01DB
    { 25, 38, 390, 0, 37, 238, 12518 }, // U+01DC
    { 18, 22, 313, 1, 21, 99, 12756 }, // U+01DD
    { 28, 40, 445, 0, 40, 280, 12855 }, // U+01DE
    { 20, 36, 329, 1, 35, 180, 13135 }, // U+01DF
    { 28, 40, 445, 0, 40, 280, 13315 }, // U+01E0
    { 20, 36, 329, 1, 35, 180, 13595 }, // U+01E1
    { 35, 34, 558, -1, 34, 298, 13775 }, // U+01E2
    { 29, 29, 488, 1, 28, 211, 14073 }, // U+01E3
    { 27, 28, 436, 1, 27, 189, 14284 }, // U+01E4
    { 26, 30, 348, -2, 21, 195, 14473 }, // U+01E5
    { 25, 38, 436, 1, 37, 238, 14668 }, // U+01E6
    { 22, 40, 348, 0, 31, 220, 14906 }, // U+01E7
    { 27, 38, 436, 1, 37, 257, 15126 }, // U+01E8
    { 24, 40, 362, -1, 39, 240, 15383 }, // U+01E9
    { 27, 35, 467, 1, 27, 237, 15623 }, // U+01EA
    { 21, 29, 357, 1, 21, 153, 15860 }, // U+01EB
    { 27, 42, 467, 1, 34, 284, 16013 }, // U+01EC
    { 21, 36, 357, 1, 28, 189, 16297 }, // U+01ED
    { 20, 38, 343, 1, 37, 190, 16486 }, // U+01EE
    { 18, 40, 301, 0, 31, 180, 16676 }, // U+01EF
    { 15, 40, 172, -3, 31, 150, 16856 }, // U+01F0
    { 49, 28, 805, 1, 27, 343, 17006 }, // U+01F1
    { 46, 28, 751, 1, 27, 322, 17349 }, // U+01F2
    { 41, 31, 675, 1, 30, 318, 17671 }, // U+01F3
    { 25, 38, 436, 1, 37, 238, 17989 }, // U+01F4
    { 22, 41, 348, 0, 32, 226, 18227 }, // U+01F5
    { 30, 38, 489, 1, 37, 285, 18453 }, // U+01F8
    { 25, 32, 403, 0, 32, 200, 18738 }, // U+01F9
    { 28, 40, 445, 0, 40, 280, 18938 }, // U+01FA
    { 20, 39, 329, 1, 38, 195, 19218 }, // U+01FB
    { 35, 37, 558, -1, 37, 324, 19413 }, // U+01FC
    { 29, 33, 488, 1, 32, 240, 19737 }, // U+01FD
    { 29, 38, 467, 0, 37, 276, 19977 }, // U+01FE
    { 22, 33, 357, 0, 32, 182, 20253 }, // U+01FF
    { 28, 37, 445, 0, 37, 259, 20435 }, // U+0200
    { 20, 32, 329, 1, 31, 160, 20694 }, // U+0201
    { 28, 36, 445, 0, 36, 252, 20854 }, // U+0202
    { 20, 31, 329, 1, 30, 155, 21106 }, // U+0203
    { 22, 37, 378, 1, 37, 204, 21261 }, // U+0204
    { 18, 32, 312, 1, 31, 144, 21465 }, // U+0205
    { 22, 36, 378, 1, 36, 198, 21609 }, // U+0206
    { 18, 31, 312, 1, 30, 140, 21807 }, // U+0207
    { 18, 37, 226, -4, 37, 167, 21947 }, // U+0208
    { 14, 31, 199, -2, 31, 109, 22114 }, // U+0209
    { 14, 36, 226, 0, 36, 126, 22223 }, // U+020A
    { 13, 30, 199, 0, 30, 98, 22349 }, // U+020B
    { 27, 38, 467, 1, 37, 257, 22447 }, // U+020C
    { 21, 32, 357, 1, 31, 168, 22704 }, // U+020D
    { 27, 37, 467, 1, 36, 250, 22872 }, // U+020E
    { 21, 31, 357, 1, 30, 163, 23122 }, // U+020F
    { 27, 38, 406, 0, 37, 257, 23285 }, // U+0210
    { 17, 31, 277, 0, 31, 132, 23542 }, // U+0211
    { 26, 37, 406, 1, 36, 241, 23674 }, // U+0212
    { 17, 30, 277, 0, 30, 128, 23915 }, // U+0213
    { 29, 38, 464, 0, 37, 276, 24043 }, // U+0214
    { 25, 32, 390, 0, 31, 200, 24319 }, // U+0215
    { 29, 37, 464, 0, 36, 269, 24519 }, // U+0216
    { 25, 31, 390, 0, 30, 194, 24788 }, // U+0217
    { 18, 37, 330, 1, 27, 167, 24982 }, // U+0218
    { 15, 31, 287, 2, 21, 117, 25149 }, // U+0219
    { 24, 37, 411, 1, 27, 222, 25266 }, // U+021A
    { 15, 35, 246, 0, 25, 132, 25488 }, // U+021B
    { 18, 32, 343, 2, 27, 144, 25620 }, // U+021C
    { 18, 30, 279, 0, 21, 135, 25764 }, // U+021D
    { 30, 37, 501, 1, 37, 278, 25899 }, // U+021E
    { 26, 39, 397, -1, 39, 254, 26177 }, // U+021F
    { 30, 34, 481, 1, 30, 255, 26431 }, // U+0221
    { 21, 34, 358, 1, 27, 179, 26686 }, // U+0224
    { 19, 26, 301, 1, 20, 124, 26865 }, // U+0225
    { 28, 36, 445, 0, 36, 252, 26989 }, // U+0226
    { 20, 30, 329, 1, 29, 150, 27241 }, // U+0227
    { 22, 37, 378, 1, 27, 204, 27391 }, // U+0228
    { 18, 31, 312, 1, 21, 140, 27595 }, // U+0229
    { 27, 41, 467, 1, 40, 277, 27735 }, // U+022A
    { 21, 36, 357, 1, 35, 189, 28012 }, // U+022B
    { 27, 40, 467, 1, 39, 270, 28201 }, // U+022C
    { 21, 36, 357, 1, 35, 189, 28471 }, // U+022D
    { 27, 37, 467, 1, 36, 250, 28660 }, // U+022E
    { 21, 30, 357, 1, 29, 158, 28910 }, // U+022F
    { 27, 41, 467, 1, 40, 277, 29068 }, // U+0230
    { 21, 36, 357, 1, 35, 189, 29345 }, // U+0231
    { 26, 34, 410, 0, 34, 221, 29534 }, // U+0232
    { 23, 37, 360, 0, 28, 213, 29755 }, // U+0233
    { 20, 34, 287, -1, 30, 170, 29968 }, // U+0234
    { 33, 25, 513, 0, 21, 207, 30138 }, // U+0235
    { 19, 29, 293, 0, 25, 138, 30345 }, // U+0236
    { 11, 29, 172, -3, 20, 80, 30483 }, // U+0237
    { 28, 35, 445, 0, 30, 245, 30563 }, // U+023A
    { 24, 31, 385, 0, 30, 186, 30808 }, // U+023B
    { 17, 33, 304, 1, 26, 141, 30994 }, // U+023C
    { 22, 27, 361, 1, 27, 149, 31135 }, // U+023D
    { 24, 36, 411, 1, 31, 216, 31284 }, // U+023E
    { 15, 30, 287, 2, 21, 113, 31500 }, // U+023F
    { 19, 29, 292, 1, 20, 138, 31613 }, // U+0240
    { 22, 28, 371, 1, 27, 154, 31751 }, // U+0243
    { 30, 28, 464, 0, 27, 210, 31905 }, // U+0244
    { 22, 36, 378, 1, 31, 198, 32115 }, // U+0246
    { 18, 33, 312, 1, 26, 149, 32313 }, // U+0247
    { 16, 35, 217, -2, 27, 140, 32462 }, // U+0248
    { 15, 39, 172, -3, 30, 147, 32602 }, // U+0249
    { 30, 35, 441, 1, 27, 263, 32749 }, // U+024A
    { 27, 30, 356, 1, 21, 203, 33012 }, // U+024B
    { 26, 28, 406, 1, 27, 182, 33215 }, // U+024C
    { 17, 21, 277, 0, 21, 90, 33397 }, // U+024D
    { 26, 27, 410, 0, 27, 176, 33487 }, // U+024E
    { 23, 29, 360, 0, 20, 167, 33663 }, // U+024F
    { 28, 37, 445, 0, 27, 259, 0 }, // U+1E00
    { 20, 31, 329, 1, 21, 155, 259 }, // U+1E01
    { 22, 37, 371, 1, 36, 204, 414 }, // U+1E02
    { 23, 39, 358, -1, 38, 225, 618 }, // U+1E03
    { 22, 36, 371, 1, 27, 198, 843 }, // U+1E04
    { 23, 39, 358, -1, 30, 225, 1041 }, // U+1E05
    { 22, 35, 371, 1, 27, 193, 1266 }, // U+1E06
    { 23, 38, 358, -1, 30, 219, 1459 }, // U+1E07
    { 22, 47, 385, 1, 37, 259, 1678 }, // U+1E08
    { 17, 42, 304, 1, 32, 179, 1937 }, // U+1E09
    { 26, 37, 449, 1, 36, 241, 2116 }, // U+1E0A
    { 23, 39, 374, 1, 38, 225, 2357 }, // U+1E0B
    { 26, 36, 449, 1, 27, 234, 2582 }, // U+1E0C
    { 23, 39, 374, 1, 30, 225, 2816 }, // U+1E0D
    { 26, 35, 449, 1, 27, 228, 3041 }, // U+1E0E
    { 23, 38, 374, 1, 30, 219, 3269 }, // U+1E0F
    { 26, 37, 449, 1, 27, 241, 3488 }, // U+1E10
    { 23, 40, 374, 1, 30, 230, 3729 }, // U+1E11
    { 26, 37, 449, 1, 27, 241, 3959 }, // U+1E12
    { 23, 40, 374, 1, 30, 230, 4200 }, // U+1E13
    { 22, 40, 378, 1, 40, 220, 4430 }, // U+1E14
    { 18, 38, 312, 1, 37, 171, 4650 }, // U+1E15
    { 22, 40, 378, 1, 40, 220, 4821 }, // U+1E16
    { 18, 38, 312, 1, 37, 171, 5041 }, // U+1E17
    { 22, 37, 378, 1, 27, 204, 5212 }, // U+1E18
    { 18, 31, 312, 1, 21, 140, 5416 }, // U+1E19
    { 22, 36, 378, 1, 27, 198, 5556 }, // U+1E1A
    { 18, 30, 312, 1, 21, 135, 5754 }, // U+1E1B
    { 22, 46, 378, 1, 36, 253, 5889 }, // U+1E1C
    { 18, 40, 312, 1, 30, 180, 6142 }, // U+1E1D
    { 20, 36, 341, 1, 36, 180, 6322 }, // U+1E1E
    { 19, 38, 244, 0, 38, 181, 6502 }, // U+1E1F
    { 25, 35, 436, 1, 34, 219, 6683 }, // U+1E20
    { 22, 37, 348, 0, 28, 204, 6902 }, // U+1E21
    { 30, 36, 501, 1, 36, 270, 7106 }, // U+1E22
    { 25, 38, 397, 0, 38, 238, 7376 }, // U+1E23
    { 30, 36, 501, 1, 27, 270, 7614 }, // U+1E24
    { 25, 39, 397, 0, 30, 244, 7884 }, // U+1E25
    { 30, 35, 501, 1, 35, 263, 8128 }, // U+1E26
    { 26, 38, 397, -1, 38, 247, 8391 }, // U+1E27
    { 30, 37, 501, 1, 27, 278, 8638 }, // U+1E28
    { 25, 40, 397, 0, 30, 250, 8916 }, // U+1E29
    { 30, 36, 501, 1, 27, 270, 9166 }, // U+1E2A
    { 25, 39, 397, 0, 30, 244, 9436 }, // U+1E2B
    { 13, 36, 226, 1, 27, 117, 9680 }, // U+1E2C
    { 13, 39, 199, 0, 30, 127, 9797 }, // U+1E2D
    { 14, 40, 226, 0, 40, 140, 9924 }, // U+1E2E
    { 14, 37, 199, -1, 37, 130, 10064 }, // U+1E2F
    { 27, 38, 436, 1, 37, 257, 10194 }, // U+1E30
    { 23, 40, 362, 0, 39, 230, 10451 }, // U+1E31
    { 27, 36, 436, 1, 27, 243, 10681 }, // U+1E32
    { 23, 39, 362, 0, 30, 225, 10924 }, // U+1E33
    { 27, 35, 436, 1, 27, 237, 11149 }, // U+1E34
    { 23, 38, 362, 0, 30, 219, 11386 }, // U+1E35
    { 22, 36, 361, 1, 27, 198, 11605 }, // U+1E36
    { 12, 39, 195, 0, 30, 117, 11803 }, // U+1E37
    { 23, 43, 361, 0, 34, 248, 11920 }, // U+1E38
    { 14, 46, 195, -1, 37, 161, 12168 }, // U+1E39
    { 22, 35, 361, 1, 27, 193, 12329 }, // U+1E3A
    { 13, 38, 195, 0, 30, 124, 12522 }, // U+1E3B
    { 22, 37, 361, 1, 27, 204, 12646 }, // U+1E3C
    { 13, 40, 195, 0, 30, 130, 12850 }, // U+1E3D
    { 34, 37, 536, 0, 37, 315, 12980 }, // U+1E3E
    { 38, 32, 598, 0, 32, 304, 13295 }, // U+1E3F
    { 34, 36, 536, 0, 36, 306, 13599 }, // U+1E40
    { 38, 29, 598, 0, 29, 276, 13905 }, // U+1E41
    { 34, 36, 536, 0, 27, 306, 14181 }, // U+1E42
    { 38, 30, 598, 0, 21, 285, 14487 }, // U+1E43
    { 30, 37, 489, 1, 36, 278, 14772 }, // U+1E44
    { 25, 29, 403, 0, 29, 182, 15050 }, // U+1E45
    { 30, 36, 489, 1, 27, 270, 15232 }, // U+1E46
    { 25, 30, 403, 0, 21, 188, 15502 }, // U+1E47
    { 30, 35, 489, 1, 27, 263, 15690 }, // U+1E48
    { 25, 29, 403, 0, 21, 182, 15953 }, // U+1E49
    { 30, 37, 489, 1, 27, 278, 16135 }, // U+1E4A
    { 25, 31, 403, 0, 21, 194, 16413 }, // U+1E4B
    { 27, 41, 467, 1, 40, 277, 16607 }, // U+1E4C
    { 21, 39, 357, 1, 38, 205, 16884 }, // U+1E4D
    { 27, 41, 467, 1, 40, 277, 17089 }, // U+1E4E
    { 21, 37, 357, 1, 36, 195, 17366 }, // U+1E4F
    { 27, 41, 467, 1, 40, 277, 17561 }, // U+1E50
    { 21, 38, 357, 1, 37, 200, 17838 }, // U+1E51
    { 27, 41, 467, 1, 40, 277, 18038 }, // U+1E52
    { 21, 38, 357, 1, 37, 200, 18315 }, // U+1E53
    { 21, 37, 356, 1, 37, 195, 18515 }, // U+1E54
    { 22, 41, 368, 0, 32, 226, 18710 }, // U+1E55
    { 21, 36, 356, 1, 36, 189, 18936 }, // U+1E56
    { 22, 38, 368, 0, 29, 209, 19125 }, // U+1E57
    { 26, 37, 406, 1, 36, 241, 19334 }, // U+1E58
    { 17, 29, 277, 0, 29, 124, 19575 }, // U+1E59
    { 26, 36, 406, 1, 27, 234, 19699 }, // U+1E5A
    { 17, 30, 277, 0, 21, 128, 19933 }, // U+1E5B
    { 26, 43, 406, 1, 34, 280, 20061 }, // U+1E5C
    { 17, 37, 277, 0, 28, 158, 20341 }, // U+1E5D
    { 26, 35, 406, 1, 27, 228, 20499 }, // U+1E5E
    { 17, 29, 277, 0, 21, 124, 20727 }, // U+1E5F
    { 18, 37, 330, 1, 36, 167, 20851 }, // U+1E60
    { 15, 30, 287, 2, 29, 113, 21018 }, // U+1E61
    { 18, 36, 330, 1, 27, 162, 21131 }, // U+1E62
    { 15, 30, 287, 2, 21, 113, 21293 }, // U+1E63
    { 18, 41, 330, 1, 40, 185, 21406 }, // U+1E64
    { 15, 36, 287, 2, 35, 135, 21591 }, // U+1E65
    { 18, 41, 330, 1, 40, 185, 21726 }, // U+1E66
    { 15, 36, 287, 2, 35, 135, 21911 }, // U+1E67
    { 18, 45, 330, 1, 36, 203, 22046 }, // U+1E68
    { 15, 38, 287, 2, 29, 143, 22249 }, // U+1E69
    { 24, 36, 411, 1, 36, 216, 22392 }, // U+1E6A
    { 15, 34, 246, 0, 33, 128, 22608 }, // U+1E6B
    { 24, 36, 411, 1, 27, 216, 22736 }, // U+1E6C
    { 15, 34, 246, 0, 25, 128, 22952 }, // U+1E6D
    { 24, 35, 411, 1, 27, 210, 23080 }, // U+1E6E
    { 16, 33, 246, 0, 25, 132, 23290 }, // U+1E6F
    { 24, 37, 411, 1, 27, 222, 23422 }, // U+1E70
    { 16, 35, 246, 0, 25, 140, 23644 }, // U+1E71
    { 29, 36, 464, 0, 27, 261, 23784 }, // U+1E72
    { 25, 29, 390, 0, 20, 182, 24045 }, // U+1E73
    { 29, 36, 464, 0, 27, 261, 24227 }, // U+1E74
    { 25, 29, 390, 0, 20, 182, 24488 }, // U+1E75
    { 29, 37, 464, 0, 27, 269, 24670 }, // U+1E76
    { 25, 30, 390, 0, 20, 188, 24939 }, // U+1E77
    { 29, 41, 464, 0, 40, 298, 25127 }, // U+1E78
    { 25, 39, 390, 0, 38, 244, 25425 }, // U+1E79
    { 29, 40, 464, 0, 39, 290, 25669 }, // U+1E7A
    { 25, 36, 390, 0, 35, 225, 25959 }, // U+1E7B
    { 28, 37, 440, 0, 36, 259, 26184 }, // U+1E7C
    { 23, 31, 360, 0, 30, 179, 26443 }, // U+1E7D
    { 28, 36, 440, 0, 27, 252, 26622 }, // U+1E7E
    { 23, 29, 360, 0, 20, 167, 26874 }, // U+1E7F
    { 42, 38, 665, 0, 37, 399, 27041 }, // U+1E80
    { 34, 33, 535, 0, 32, 281, 27440 }, // U+1E81
    { 42, 38, 665, 0, 37, 399, 27721 }, // U+1E82
    { 34, 33, 535, 0, 32, 281, 28120 }, // U+1E83
    { 42, 36, 665, 0, 35, 378, 28401 }, // U+1E84
    { 34, 30, 535, 0, 29, 255, 28779 }, // U+1E85
    { 42, 37, 665, 0, 36, 389, 29034 }, // U+1E86
    { 34, 30, 535, 0, 29, 255, 29423 }, // U+1E87
    { 42, 36, 665, 0, 27, 378, 29678 }, // U+1E88
    { 34, 29, 535, 0, 20, 247, 30056 }, // U+1E89
    { 28, 36, 436, 0, 36, 252, 30303 }, // U+1E8A
    { 23, 29, 356, 0, 29, 167, 30555 }, // U+1E8B
    { 28, 35, 436, 0, 35, 245, 30722 }, // U+1E8C
    { 23, 29, 356, 0, 29, 167, 30967 }, // U+1E8D
    { 26, 36, 410, 0, 36, 234, 31134 }, // U+1E8E
    { 23, 38, 360, 0, 29, 219, 31368 }, // U+1E8F
    { 21, 37, 355, 1, 36, 195, 31587 }, // U+1E90
    { 17, 32, 301, 1, 31, 136, 31782 }, // U+1E91
    { 21, 36, 355, 1, 27, 189, 31918 }, // U+1E92
    { 17, 29, 301, 1, 20, 124, 32107 }, // U+1E93
    { 21, 35, 355, 1, 27, 184, 32231 }, // U+1E94
    { 17, 28, 301, 1, 20, 119, 32415 }, // U+1E95
    { 25, 38, 397, 0, 30, 238, 32534 }, // U+1E96
    { 16, 33, 246, -1, 32, 132, 32772 }, // U+1E97
    { 34, 33, 535, 0, 32, 281, 32904 }, // U+1E98
    { 23, 41, 360, 0, 32, 236, 33185 }, // U+1E99
    { 23, 33, 329, 1, 32, 190, 33421 }, // U+1E9A
    { 18, 38, 244, 1, 38, 171, 33611 }, // U+1E9B
    { 28, 28, 445, 0, 27, 196, 33782 }, // U+1E9E
    { 28, 36, 445, 0, 27, 252, 0 }, // U+1EA0
    { 20, 30, 329, 1, 21, 150, 252 }, // U+1EA1
    { 28, 39, 445, 0, 39, 273, 402 }, // U+1EA2
    { 20, 34, 329, 1, 33, 170, 675 }, // U+1EA3
    { 28, 40, 445, 0, 40, 280, 845 }, // U+1EA4
    { 20, 38, 329, 1, 37, 190, 1125 }, // U+1EA5
    { 28, 40, 445, 0, 40, 280, 1315 }, // U+1EA6
    { 20, 38, 329, 1, 37, 190, 1595 }, // U+1EA7
    { 28, 40, 445, 0, 40, 280, 1785 }, // U+1EA8
    { 20, 38, 329, 1, 37, 190, 2065 }, // U+1EA9
    { 28, 40, 445, 0, 40, 280, 2255 }, // U+1EAA
    { 20, 37, 329, 1, 36, 185, 2535 }, // U+1EAB
    { 28, 45, 445, 0, 36, 315, 2720 }, // U+1EAC
    { 20, 40, 329, 1, 31, 200, 3035 }, // U+1EAD
    { 28, 40, 445, 0, 40, 280, 3235 }, // U+1EAE
    { 20, 38, 329, 1, 37, 190, 3515 }, // U+1EAF
    { 28, 40, 445, 0, 40, 280, 3705 }, // U+1EB0
    { 20, 38, 329, 1, 37, 190, 3985 }, // U+1EB1
    { 28, 40, 445, 0, 40, 280, 4175 }, // U+1EB2
    { 20, 39, 329, 1, 38, 195, 4455 }, // U+1EB3
    { 28, 40, 445, 0, 40, 280, 4650 }, // U+1EB4
    { 20, 36, 329, 1, 35, 180, 4930 }, // U+1EB5
    { 28, 45, 445, 0, 36, 315, 5110 }, // U+1EB6
    { 20, 39, 329, 1, 30, 195, 5425 }, // U+1EB7
    { 22, 36, 378, 1, 27, 198, 5620 }, // U+1EB8
    { 18, 30, 312, 1, 21, 135, 5818 }, // U+1EB9
    { 22, 39, 378, 1, 39, 215, 5953 }, // U+1EBA
    { 18, 34, 312, 1, 33, 153, 6168 }, // U+1EBB
    { 22, 36, 378, 1, 36, 198, 6321 }, // U+1EBC
    { 18, 31, 312, 1, 30, 140, 6519 }, // U+1EBD
    { 22, 40, 378, 1, 40, 220, 6659 }, // U+1EBE
    { 20, 38, 312, 1, 37, 190, 6879 }, // U+1EBF
    { 22, 40, 378, 1, 40, 220, 7069 }, // U+1EC0
    { 18, 38, 312, 1, 37, 171, 7289 }, // U+1EC1
    { 22, 40, 383, 1, 40, 220, 7460 }, // U+1EC2
    { 21, 38, 312, 1, 37, 200, 7680 }, // U+1EC3
    { 22, 40, 378, 1, 40, 220, 7880 }, // U+1EC4
    { 18, 37, 312, 1, 36, 167, 8100 }, // U+1EC5
    { 22, 45, 378, 1, 36, 248, 8267 }, // U+1EC6
    { 18, 40, 312, 1, 31, 180, 8515 }, // U+1EC7
    { 12, 39, 226, 1, 39, 117, 8695 }, // U+1EC8
    { 12, 33, 199, 0, 33, 99, 8812 }, // U+1EC9
    { 12, 36, 226, 1, 27, 108, 8911 }, // U+1ECA
    { 12, 39, 199, 0, 30, 117, 9019 }, // U+1ECB
    { 27, 36, 467, 1, 27, 243, 9136 }, // U+1ECC
    { 21, 30, 357, 1, 21, 158, 9379 }, // U+1ECD
    { 27, 40, 467, 1, 39, 270, 9537 }, // U+1ECE
    { 21, 34, 357, 1, 33, 179, 9807 }, // U+1ECF
    { 27, 41, 467, 1, 40, 277, 9986 }, // U+1ED0
    { 21, 38, 357, 1, 37, 200, 10263 }, // U+1ED1
    { 27, 41, 467, 1, 40, 277, 10463 }, // U+1ED2
    { 21, 38, 357, 1, 37, 200, 10740 }, // U+1ED3
    { 27, 41, 467, 1, 40, 277, 10940 }, // U+1ED4
    { 22, 38, 357, 1, 37, 209, 11217 }, // U+1ED5
    { 27, 41, 467, 1, 40, 277, 11426 }, // U+1ED6
    { 21, 37, 357, 1, 36, 195, 11703 }, // U+1ED7
    { 27, 45, 467, 1, 36, 304, 11898 }, // U+1ED8
    { 21, 40, 357, 1, 31, 210, 12202 }, // U+1ED9
    { 29, 38, 467, 1, 37, 276, 12412 }, // U+1EDA
    { 22, 33, 357, 1, 32, 182, 12688 }, // U+1EDB
    { 29, 38, 467, 1, 37, 276, 12870 }, // U+1EDC
    { 22, 33, 357, 1, 32, 182, 13146 }, // U+1EDD
    { 29, 40, 467, 1, 39, 290, 13328 }, // U+1EDE
    { 22, 34, 357, 1, 33, 187, 13618 }, // U+1EDF
    { 29, 37, 467, 1, 36, 269, 13805 }, // U+1EE0
    { 22, 31, 357, 1, 30, 171, 14074 }, // U+1EE1
    { 29, 41, 467, 1, 32, 298, 14245 }, // U+1EE2
    { 22, 33, 357, 1, 24, 182, 14543 }, // U+1EE3
    { 29, 36, 464, 0, 27, 261, 14725 }, // U+1EE4
    { 25, 29, 390, 0, 20, 182, 14986 }, // U+1EE5
    { 29, 40, 464, 0, 39, 290, 15168 }, // U+1EE6
    { 25, 34, 390, 0, 33, 213, 15458 }, // U+1EE7
    { 31, 38, 464, 0, 37, 295, 15671 }, // U+1EE8
    { 25, 33, 390, 0, 32, 207, 15966 }, // U+1EE9
    { 31, 38, 464, 0, 37, 295, 16173 }, // U+1EEA
    { 25, 33, 390, 0, 32, 207, 16468 }, // U+1EEB
    { 31, 40, 464, 0, 39, 310, 16675 }, // U+1EEC
    { 25, 34, 390, 0, 33, 213, 16985 }, // U+1EED
    { 31, 37, 464, 0, 36, 287, 17198 }, // U+1EEE
    { 25, 31, 390, 0, 30, 194, 17485 }, // U+1EEF
    { 31, 41, 464, 0, 32, 318, 17679 }, // U+1EF0
    { 25, 33, 390, 0, 24, 207, 17997 }, // U+1EF1
    { 26, 37, 410, 0, 37, 241, 18204 }, // U+1EF2
    { 23, 41, 360, 0, 32, 236, 18445 }, // U+1EF3
    { 26, 36, 410, 0, 27, 234, 18681 }, // U+1EF4
    { 23, 29, 360, 0, 20, 167, 18915 }, // U+1EF5
    { 26, 39, 410, 0, 39, 254, 19082 }, // U+1EF6
    { 23, 42, 360, 0, 33, 242, 19336 }, // U+1EF7
    { 26, 36, 410, 0, 36, 234, 19578 }, // U+1EF8
    { 23, 39, 360, 0, 30, 225, 19812 }, // U+1EF9
    { 0, 0, 300, 0, 0, 0, 0 }, // U+2000
    { 0, 0, 600, 0, 0, 0, 0 }, // U+2001
    { 0, 0, 300, 0, 0, 0, 0 }, // U+2002
    { 0, 0, 600, 0, 0, 0, 0 }, // U+2003
    { 0, 0, 200, 0, 0, 0, 0 }, // U+2004
    { 0, 0, 150, 0, 0, 0, 0 }, // U+2005
    { 0, 0, 100, 0, 0, 0, 0 }, // U+2006
    { 0, 0, 374, 0, 0, 0, 0 }, // U+2007
    { 0, 0, 164, 0, 0, 0, 0 }, // U+2008
    { 0, 0, 120, 0, 0, 0, 0 }, // U+2009
    { 0, 0, 30, 0, 0, 0, 0 }, // U+200A
    { 0, 0, 0, 0, 0, 0, 0 }, // U+200B
    { 2, 31, 0, -1, 22, 16, 0 }, // U+200C
    { 8, 34, 0, -4, 25, 68, 16 }, // U+200D
    { 14, 36, 0, -7, 27, 126, 84 }, // U+200E
    { 14, 36, 0, -7, 27, 126, 210 }, // U+200F
    { 12, 4, 224, 1, 12, 12, 336 }, // U+2010
    { 12, 4, 224, 1, 12, 12, 348 }, // U+2011
    { 18, 4, 374, 3, 15, 18, 360 }, // U+2012
    { 19, 4, 300, 0, 12, 19, 378 }, // U+2013
    { 38, 4, 600, 0, 12, 38, 397 }, // U+2014
    { 38, 4, 600, 0, 12, 38, 435 }, // U+2015
    { 13, 39, 300, 3, 30, 127, 473 }, // U+2016
    { 19, 9, 300, 0, -1, 43, 600 }, // U+2017
    { 7, 13, 142, 1, 29, 23, 643 }, // U+2018
    { 7, 13, 142, 1, 29, 23, 666 }, // U+2019
    { 7, 12, 142, 1, 5, 21, 689 }, // U+201A
    { 7, 13, 142, 1, 29, 23, 710 }, // U+201B
    { 15, 13, 262, 1, 29, 49, 733 }, // U+201C
    { 14, 13, 262, 1, 29, 46, 782 }, // U+201D
    { 14, 12, 263, 1, 5, 42, 828 }, // U+201E
    { 15, 13, 262, 1, 29, 49, 870 }, // U+201F
    { 17, 25, 300, 1, 27, 107, 919 }, // U+2020
    { 17, 29, 300, 1, 27, 124, 1026 }, // U+2021
    { 9, 9, 180, 1, 14, 21, 1150 }, // U+2022
    { 14, 14, 374, 5, 20, 49, 1171 }, // U+2023
    { 6, 6, 164, 2, 5, 9, 1220 }, // U+2024
    { 15, 6, 300, 2, 5, 23, 1229 }, // U+2025
    { 32, 6, 600, 3, 5, 48, 1252 }, // U+2026
    { 6, 6, 164, 2, 13, 9, 1300 }, // U+2027
    { 0, 0, 0, 0, 0, 0, 1309 }, // U+2028
    { 0, 0, 0, 0, 0, 0, 1309 }, // U+2029
    { 14, 36, 0, -7, 27, 126, 1309 }, // U+202A
    { 14, 36, 0, -7, 27, 126, 1435 }, // U+202B
    { 12, 35, 0, -6, 26, 105, 1561 }, // U+202C
    { 16, 36, 0, -8, 27, 144, 1666 }, // U+202D
    { 16, 36, 0, -8, 27, 144, 1810 }, // U+202E
    { 0, 0, 64, 0, 0, 0, 1954 }, // U+202F
    { 49, 30, 826, 2, 28, 368, 1954 }, // U+2030
    { 8, 13, 157, 1, 27, 26, 2322 }, // U+2032
    { 16, 13, 274, 1, 27, 52, 2348 }, // U+2033
    { 23, 13, 391, 1, 27, 75, 2400 }, // U+2034
    { 8, 13, 157, 1, 27, 26, 2475 }, // U+2035
    { 16, 13, 288, 1, 27, 52, 2501 }, // U+2036
    { 24, 13, 419, 1, 27, 78, 2553 }, // U+2037
    { 17, 8, 299, 1, 0, 34, 2631 }, // U+2038
    { 10, 15, 193, 1, 17, 38, 2665 }, // U+2039
    { 10, 15, 193, 1, 17, 38, 2703 }, // U+203A
    { 24, 26, 374, 0, 25, 156, 2741 }, // U+203B
    { 16, 30, 328, 3, 29, 120, 2897 }, // U+203C
    { 19, 3, 300, 0, 31, 15, 3017 }, // U+203E
    { 9, 4, 180, 1, 12, 9, 3032 }, // U+2043
    { 19, 31, 109, -6, 28, 148, 3041 }, // U+2044
    { 30, 29, 536, 2, 28, 218, 3189 }, // U+2047
    { 25, 30, 449, 2, 29, 188, 3407 }, // U+2048
    { 24, 30, 449, 3, 29, 180, 3595 }, // U+2049
    { 22, 6, 600, 8, 14, 33, 3775 }, // U+2053
    { 30, 13, 508, 1, 27, 98, 3808 }, // U+2057
    { 0, 0, 133, 0, 0, 0, 3906 }, // U+205F
    { 0, 0, 0, 0, 0, 0, 3906 }, // U+2060
    { 0, 0, 0, 0, 0, 0, 3906 }, // U+2061
    { 0, 0, 0, 0, 0, 0, 3906 }, // U+2062
    { 0, 0, 0, 0, 0, 0, 3906 }, // U+2063
    { 0, 0, 0, 0, 0, 0, 3906 }, // U+2064
    { 19, 26, 374, 2, 26, 124, 0 }, // U+20A3
    { 21, 28, 374, 1, 27, 147, 124 }, // U+20A4
    { 45, 28, 750, 1, 27, 315, 271 }, // U+20A7
    { 23, 28, 374, 0, 27, 161, 586 }, // U+20AC
    { 32, 30, 446, 0, 30, 240, 0 }, // U+FB00
    { 25, 30, 401, 0, 30, 188, 240 }, // U+FB01
    { 25, 30, 403, 0, 30, 188, 428 }, // U+FB02
    { 38, 30, 604, 0, 30, 285, 616 }, // U+FB03
    { 38, 30, 605, 0, 30, 285, 901 }, // U+FB04
    { 29, 31, 462, 0, 30, 225, 1186 }, // U+FB05
    { 32, 31, 533, 2, 30, 248, 1411 }, // U+FB06
    { 36, 36, 600, 1, 32, 324, 0 }, // U+FFFD
};

static const EpdUnicodeInterval bookerly_18_regularIntervals[] = {
    { 0x0, 0x0, 0x0 },
    { 0x8, 0x9, 0x1 },
    { 0xD, 0xD, 0x3 },
    { 0x1D, 0x1D, 0x4 },
    { 0x20, 0x7E, 0x5 },
    { 0xA0, 0xFF, 0x64 },
    { 0x100, 0x17F, 0xC4 },
    { 0x180, 0x181, 0x144 },
    { 0x187, 0x18A, 0x146 },
    { 0x18E, 0x18F, 0x14A },
    { 0x191, 0x193, 0x14C },
    { 0x197, 0x19A, 0x14F },
    { 0x1A0, 0x1A1, 0x153 },
    { 0x1A4, 0x1A5, 0x155 },
    { 0x1AB, 0x1B0, 0x157 },
    { 0x1B2, 0x1B7, 0x15D },
    { 0x1BB, 0x1BB, 0x163 },
    { 0x1C0, 0x1F5, 0x164 },
    { 0x1F8, 0x21F, 0x19A },
    { 0x221, 0x221, 0x1C2 },
    { 0x224, 0x237, 0x1C3 },
    { 0x23A, 0x240, 0x1D7 },
    { 0x243, 0x244, 0x1DE },
    { 0x246, 0x24F, 0x1E0 },
    { 0x1E00, 0x1E9B, 0x1EA },
    { 0x1E9E, 0x1E9E, 0x286 },
    { 0x1EA0, 0x1EF9, 0x287 },
    { 0x2000, 0x2030, 0x2E1 },
    { 0x2032, 0x203C, 0x312 },
    { 0x203E, 0x203E, 0x31D },
    { 0x2043, 0x2044, 0x31E },
    { 0x2047, 0x2049, 0x320 },
    { 0x2053, 0x2053, 0x323 },
    { 0x2057, 0x2057, 0x324 },
    { 0x205F, 0x2064, 0x325 },
    { 0x20A3, 0x20A4, 0x32B },
    { 0x20A7, 0x20A7, 0x32D },
    { 0x20AC, 0x20AC, 0x32E },
    { 0xFB00, 0xFB06, 0x32F },
    { 0xFFFD, 0xFFFD, 0x336 },
};

static const EpdFontGroup bookerly_18_regularGroups[] = {
    { 0, 5530, 12134, 100, 0 },
    { 5530, 5572, 15082, 96, 100 },
    { 11102, 7515, 23859, 128, 196 },
    { 18617, 11427, 33830, 166, 324 },
    { 30044, 8677, 33978, 157, 490 },
    { 38721, 4626, 20037, 90, 647 },
    { 43347, 1687, 3906, 74, 737 },
    { 45034, 429, 747, 4, 811 },
    { 45463, 616, 1659, 7, 815 },
    { 46079, 179, 324, 1, 822 },
};

static const EpdKernClassEntry bookerly_18_regularKernLeftClasses[] = {
    { 0x0022, 1 }, // "
    { 0x0027, 1 }, // '
    { 0x0028, 2 }, // (
    { 0x002A, 3 }, // *
    { 0x002C, 4 }, // ,
    { 0x002D, 5 }, // -
    { 0x002E, 4 }, // .
    { 0x002F, 6 }, // /
    { 0x003A, 7 }, // :
    { 0x003B, 7 }, // ;
    { 0x0040, 8 }, // @
    { 0x0041, 9 }, // A
    { 0x0042, 10 }, // B
    { 0x0043, 11 }, // C
    { 0x0044, 12 }, // D
    { 0x0045, 13 }, // E
    { 0x0046, 14 }, // F
    { 0x0047, 15 }, // G
    { 0x0048, 16 }, // H
    { 0x0049, 16 }, // I
    { 0x004A, 17 }, // J
    { 0x004B, 18 }, // K
    { 0x004C, 19 }, // L
    { 0x004D, 20 }, // M
    { 0x004E, 21 }, // N
    { 0x004F, 12 }, // O
    { 0x0050, 22 }, // P
    { 0x0051, 23 }, // Q
    { 0x0052, 24 }, // R
    { 0x0053, 25 }, // S
    { 0x0054, 26 }, // T
    { 0x0055, 27 }, // U
    { 0x0056, 28 }, // V
    { 0x0057, 28 }, // W
    { 0x0058, 29 }, // X
    { 0x0059, 30 }, // Y
    { 0x005A, 31 }, // Z
    { 0x005B, 32 }, // [
    { 0x005C, 33 }, // <backslash>
    { 0x0061, 34 }, // a
    { 0x0062, 35 }, // b
    { 0x0063, 36 }, // c
    { 0x0064, 37 }, // d
    { 0x0065, 38 }, // e
    { 0x0066, 39 }, // f
    { 0x0067, 40 }, // g
    { 0x0068, 41 }, // h
    { 0x0069, 42 }, // i
    { 0x006A, 43 }, // j
    { 0x006B, 44 }, // k
    { 0x006C, 45 }, // l
    { 0x006D, 41 }, // m
    { 0x006E, 41 }, // n
    { 0x006F, 35 }, // o
    { 0x0070, 35 }, // p
    { 0x0071, 46 }, // q
    { 0x0072, 47 }, // r
    { 0x0073, 48 }, // s
    { 0x0074, 49 }, // t
    { 0x0075, 50 }, // u
    { 0x0076, 51 }, // v
    { 0x0077, 51 }, // w
    { 0x0078, 52 }, // x
    { 0x0079, 51 }, // y
    { 0x007A, 53 }, // z
    { 0x007B, 54 }, // {
    { 0x00A1, 55 }, // U+00A1
    { 0x00AB, 56 }, // U+00AB
    { 0x00AD, 5 }, // U+00AD
    { 0x00BB, 57 }, // U+00BB
    { 0x00BF, 58 }, // U+00BF
    { 0x00C0, 9 }, // U+00C0
    { 0x00C1, 9 }, // U+00C1
    { 0x00C2, 9 }, // U+00C2
    { 0x00C3, 9 }, // U+00C3
    { 0x00C4, 9 }, // U+00C4
    { 0x00C5, 9 }, // U+00C5
    { 0x00C6, 13 }, // U+00C6
    { 0x00C7, 11 }, // U+00C7
    { 0x00C8, 13 }, // U+00C8
    { 0x00C9, 13 }, // U+00C9
    { 0x00CA, 13 }, // U+00CA
    { 0x00CB, 13 }, // U+00CB
    { 0x00CC, 16 }, // U+00CC
    { 0x00CD, 16 }, // U+00CD
    { 0x00CE, 16 }, // U+00CE
    { 0x00CF, 16 }, // U+00CF
    { 0x00D0, 12 }, // U+00D0
    { 0x00D1, 21 }, // U+00D1
    { 0x00D2, 12 }, // U+00D2
    { 0x00D3, 12 }, // U+00D3
    { 0x00D4, 12 }, // U+00D4
    { 0x00D5, 12 }, // U+00D5
    { 0x00D6, 12 }, // U+00D6
    { 0x00D8, 59 }, // U+00D8
    { 0x00D9, 27 }, // U+00D9
    { 0x00DA, 27 }, // U+00DA
    { 0x00DB, 27 }, // U+00DB
    { 0x00DC, 27 }, // U+00DC
    { 0x00DD, 30 }, // U+00DD
    { 0x00DE, 60 }, // U+00DE
    { 0x00DF, 61 }, // U+00DF
    { 0x00E0, 34 }, // U+00E0
    { 0x00E1, 34 }, // U+00E1
    { 0x00E2, 34 }, // U+00E2
    { 0x00E3, 34 }, // U+00E3
    { 0x00E4, 34 }, // U+00E4
    { 0x00E5, 34 }, // U+00E5
    { 0x00E6, 38 }, // U+00E6
    { 0x00E7, 36 }, // U+00E7
    { 0x00E8, 38 }, // U+00E8
    { 0x00E9, 38 }, // U+00E9
    { 0x00EA, 38 }, // U+00EA
    { 0x00EB, 38 }, // U+00EB
    { 0x00EC, 42 }, // U+00EC
    { 0x00ED, 42 }, // U+00ED
    { 0x00EE, 62 }, // U+00EE
    { 0x00EF, 62 }, // U+00EF
    { 0x00F0, 63 }, // U+00F0
    { 0x00F1, 41 }, // U+00F1
    { 0x00F2, 35 }, // U+00F2
    { 0x00F3, 35 }, // U+00F3
    { 0x00F4, 35 }, // U+00F4
    { 0x00F5, 35 }, // U+00F5
    { 0x00F6, 35 }, // U+00F6
    { 0x00F8, 64 }, // U+00F8
    { 0x00F9, 50 }, // U+00F9
    { 0x00FA, 50 }, // U+00FA
    { 0x00FB, 50 }, // U+00FB
    { 0x00FC, 50 }, // U+00FC
    { 0x00FD, 51 }, // U+00FD
    { 0x00FE, 35 }, // U+00FE
    { 0x00FF, 51 }, // U+00FF
    { 0x0100, 9 }, // U+0100
    { 0x0101, 34 }, // U+0101
    { 0x0102, 9 }, // U+0102
    { 0x0103, 34 }, // U+0103
    { 0x0104, 65 }, // U+0104
    { 0x0105, 66 }, // U+0105
    { 0x0106, 11 }, // U+0106
    { 0x0107, 36 }, // U+0107
    { 0x0108, 11 }, // U+0108
    { 0x0109, 36 }, // U+0109
    { 0x010A, 11 }, // U+010A
    { 0x010B, 36 }, // U+010B
    { 0x010C, 11 }, // U+010C
    { 0x010D, 36 }, // U+010D
    { 0x010E, 12 }, // U+010E
    { 0x010F, 67 }, // U+010F
    { 0x0110, 12 }, // U+0110
    { 0x0111, 37 }, // U+0111
    { 0x0112, 13 }, // U+0112
    { 0x0113, 38 }, // U+0113
    { 0x0114, 13 }, // U+0114
    { 0x0115, 38 }, // U+0115
    { 0x0116, 13 }, // U+0116
    { 0x0117, 38 }, // U+0117
    { 0x0118, 68 }, // U+0118
    { 0x0119, 69 }, // U+0119
    { 0x011A, 13 }, // U+011A
    { 0x011B, 38 }, // U+011B
    { 0x011C, 15 }, // U+011C
    { 0x011D, 40 }, // U+011D
    { 0x011E, 15 }, // U+011E
    { 0x011F, 40 }, // U+011F
    { 0x0120, 15 }, // U+0120
    { 0x0121, 40 }, // U+0121
    { 0x0122, 15 }, // U+0122
    { 0x0123, 40 }, // U+0123
    { 0x0124, 16 }, // U+0124
    { 0x0125, 41 }, // U+0125
    { 0x0126, 16 }, // U+0126
    { 0x0127, 41 }, // U+0127
    { 0x0128, 16 }, // U+0128
    { 0x0129, 62 }, // U+0129
    { 0x012A, 16 }, // U+012A
    { 0x012B, 62 }, // U+012B
    { 0x012C, 16 }, // U+012C
    { 0x012D, 62 }, // U+012D
    { 0x012E, 70 }, // U+012E
    { 0x012F, 71 }, // U+012F
    { 0x0130, 16 }, // U+0130
    { 0x0131, 42 }, // U+0131
    { 0x0132, 17 }, // U+0132
    { 0x0133, 43 }, // U+0133
    { 0x0134, 17 }, // U+0134
    { 0x0135, 72 }, // U+0135
    { 0x0136, 18 }, // U+0136
    { 0x0137, 44 }, // U+0137
    { 0x0138, 44 }, // U+0138
    { 0x0139, 19 }, // U+0139
    { 0x013A, 45 }, // U+013A
    { 0x013B, 19 }, // U+013B
    { 0x013C, 45 }, // U+013C
    { 0x013E, 67 }, // U+013E
    { 0x0141, 19 }, // U+0141
    { 0x0142, 73 }, // U+0142
    { 0x0143, 21 }, // U+0143
    { 0x0144, 41 }, // U+0144
    { 0x0145, 21 }, // U+0145
    { 0x0146, 41 }, // U+0146
    { 0x0147, 21 }, // U+0147
    { 0x0148, 41 }, // U+0148
    { 0x0149, 41 }, // U+0149
    { 0x014A, 21 }, // U+014A
    { 0x014B, 41 }, // U+014B
    { 0x014C, 12 }, // U+014C
    { 0x014D, 35 }, // U+014D
    { 0x014E, 12 }, // U+014E
    { 0x014F, 35 }, // U+014F
    { 0x0150, 12 }, // U+0150
    { 0x0151, 35 }, // U+0151
    { 0x0152, 13 }, // U+0152
    { 0x0153, 38 }, // U+0153
    { 0x0154, 24 }, // U+0154
    { 0x0155, 47 }, // U+0155
    { 0x0156, 24 }, // U+0156
    { 0x0157, 47 }, // U+0157
    { 0x0158, 24 }, // U+0158
    { 0x0159, 47 }, // U+0159
    { 0x015A, 25 }, // U+015A
    { 0x015B, 48 }, // U+015B
    { 0x015C, 25 }, // U+015C
    { 0x015D, 48 }, // U+015D
    { 0x015E, 25 }, // U+015E
    { 0x015F, 48 }, // U+015F
    { 0x0160, 25 }, // U+0160
    { 0x0161, 48 }, // U+0161
    { 0x0162, 26 }, // U+0162
    { 0x0163, 74 }, // U+0163
    { 0x0164, 26 }, // U+0164
    { 0x0166, 26 }, // U+0166
    { 0x0167, 49 }, // U+0167
    { 0x0168, 27 }, // U+0168
    { 0x0169, 50 }, // U+0169
    { 0x016A, 27 }, // U+016A
    { 0x016B, 50 }, // U+016B
    { 0x016C, 27 }, // U+016C
    { 0x016D, 50 }, // U+016D
    { 0x016E, 27 }, // U+016E
    { 0x016F, 50 }, // U+016F
    { 0x0170, 27 }, // U+0170
    { 0x0171, 50 }, // U+0171
    { 0x0172, 27 }, // U+0172
    { 0x0173, 75 }, // U+0173
    { 0x0174, 28 }, // U+0174
    { 0x0175, 51 }, // U+0175
    { 0x0176, 30 }, // U+0176
    { 0x0177, 51 }, // U+0177
    { 0x0178, 30 }, // U+0178
    { 0x0179, 31 }, // U+0179
    { 0x017A, 53 }, // U+017A
    { 0x017B, 31 }, // U+017B
    { 0x017C, 53 }, // U+017C
    { 0x017D, 31 }, // U+017D
    { 0x017E, 53 }, // U+017E
    { 0x0180, 35 }, // U+0180
    { 0x0181, 10 }, // U+0181
    { 0x0187, 76 }, // U+0187
    { 0x0188, 77 }, // U+0188
    { 0x0189, 12 }, // U+0189
    { 0x018A, 12 }, // U+018A
    { 0x018E, 16 }, // U+018E
    { 0x018F, 12 }, // U+018F
    { 0x0191, 14 }, // U+0191
    { 0x0192, 39 }, // U+0192
    { 0x0193, 15 }, // U+0193
    { 0x0197, 16 }, // U+0197
    { 0x0198, 18 }, // U+0198
    { 0x019A, 45 }, // U+019A
    { 0x01A0, 78 }, // U+01A0
    { 0x01A1, 79 }, // U+01A1
    { 0x01A4, 22 }, // U+01A4
    { 0x01A5, 35 }, // U+01A5
    { 0x01AB, 49 }, // U+01AB
    { 0x01AC, 26 }, // U+01AC
    { 0x01AD, 39 }, // U+01AD
    { 0x01AE, 26 }, // U+01AE
    { 0x01AF, 80 }, // U+01AF
    { 0x01B0, 81 }, // U+01B0
    { 0x01B3, 82 }, // U+01B3
    { 0x01B4, 83 }, // U+01B4
    { 0x01B5, 31 }, // U+01B5
    { 0x01B6, 53 }, // U+01B6
    { 0x01C2, 84 }, // U+01C2
    { 0x01C4, 31 }, // U+01C4
    { 0x01C5, 53 }, // U+01C5
    { 0x01C6, 53 }, // U+01C6
    { 0x01C7, 17 }, // U+01C7
    { 0x01C8, 43 }, // U+01C8
    { 0x01C9, 43 }, // U+01C9
    { 0x01CA, 17 }, // U+01CA
    { 0x01CB, 43 }, // U+01CB
    { 0x01CC, 43 }, // U+01CC
    { 0x01CD, 9 }, // U+01CD
    { 0x01CE, 34 }, // U+01CE
    { 0x01CF, 16 }, // U+01CF
    { 0x01D0, 62 }, // U+01D0
    { 0x01D1, 12 }, // U+01D1
    { 0x01D2, 35 }, // U+01D2
    { 0x01D3, 27 }, // U+01D3
    { 0x01D4, 50 }, // U+01D4
    { 0x01D5, 27 }, // U+01D5
    { 0x01D6, 50 }, // U+01D6
    { 0x01D7, 27 }, // U+01D7
    { 0x01D8, 50 }, // U+01D8
    { 0x01D9, 27 }, // U+01D9
    { 0x01DA, 50 }, // U+01DA
    { 0x01DB, 27 }, // U+01DB
    { 0x01DC, 50 }, // U+01DC
    { 0x01DD, 35 }, // U+01DD
    { 0x01DE, 9 }, // U+01DE
    { 0x01DF, 34 }, // U+01DF
    { 0x01E0, 9 }, // U+01E0
    { 0x01E1, 34 }, // U+01E1
    { 0x01E2, 13 }, // U+01E2
    { 0x01E3, 38 }, // U+01E3
    { 0x01E4, 15 }, // U+01E4
    { 0x01E5, 85 }, // U+01E5
    { 0x01E6, 15 }, // U+01E6
    { 0x01E7, 40 }, // U+01E7
    { 0x01E8, 18 }, // U+01E8
    { 0x01E9, 44 }, // U+01E9
    { 0x01EA, 12 }, // U+01EA
    { 0x01EB, 35 }, // U+01EB
    { 0x01EC, 12 }, // U+01EC
    { 0x01ED, 35 }, // U+01ED
    { 0x01EF, 86 }, // U+01EF
    { 0x01F0, 72 }, // U+01F0
    { 0x01F1, 31 }, // U+01F1
    { 0x01F2, 53 }, // U+01F2
    { 0x01F3, 53 }, // U+01F3
    { 0x01F4, 15 }, // U+01F4
    { 0x01F5, 40 }, // U+01F5
    { 0x01F8, 21 }, // U+01F8
    { 0x01F9, 41 }, // U+01F9
    { 0x01FA, 9 }, // U+01FA
    { 0x01FB, 34 }, // U+01FB
    { 0x01FC, 13 }, // U+01FC
    { 0x01FD, 38 }, // U+01FD
    { 0x01FE, 87 }, // U+01FE
    { 0x01FF, 35 }, // U+01FF
    { 0x0200, 9 }, // U+0200
    { 0x0201, 34 }, // U+0201
    { 0x0202, 9 }, // U+0202
    { 0x0203, 34 }, // U+0203
    { 0x0204, 13 }, // U+0204
    { 0x0205, 38 }, // U+0205
    { 0x0206, 13 }, // U+0206
    { 0x0207, 38 }, // U+0207
    { 0x0208, 16 }, // U+0208
    { 0x0209, 62 }, // U+0209
    { 0x020A, 16 }, // U+020A
    { 0x020B, 62 }, // U+020B
    { 0x020C, 12 }, // U+020C
    { 0x020D, 35 }, // U+020D
    { 0x020E, 12 }, // U+020E
    { 0x020F, 35 }, // U+020F
    { 0x0210, 24 }, // U+0210
    { 0x0211, 47 }, // U+0211
    { 0x0212, 24 }, // U+0212
    { 0x0213, 47 }, // U+0213
    { 0x0214, 27 }, // U+0214
    { 0x0215, 50 }, // U+0215
    { 0x0216, 27 }, // U+0216
    { 0x0217, 50 }, // U+0217
    { 0x0218, 25 }, // U+0218
    { 0x0219, 48 }, // U+0219
    { 0x021A, 26 }, // U+021A
    { 0x021B, 49 }, // U+021B
    { 0x021C, 10 }, // U+021C
    { 0x021D, 88 }, // U+021D
    { 0x021E, 16 }, // U+021E
    { 0x021F, 41 }, // U+021F
    { 0x0221, 89 }, // U+0221
    { 0x0226, 9 }, // U+0226
    { 0x0227, 34 }, // U+0227
    { 0x0228, 13 }, // U+0228
    { 0x0229, 38 }, // U+0229
    { 0x022A, 12 }, // U+022A
    { 0x022B, 35 }, // U+022B
    { 0x022C, 12 }, // U+022C
    { 0x022D, 35 }, // U+022D
    { 0x022E, 12 }, // U+022E
    { 0x022F, 35 }, // U+022F
    { 0x0230, 12 }, // U+0230
    { 0x0231, 35 }, // U+0231
    { 0x0232, 30 }, // U+0232
    { 0x0233, 51 }, // U+0233
    { 0x0234, 89 }, // U+0234
    { 0x0235, 89 }, // U+0235
    { 0x0237, 43 }, // U+0237
    { 0x023A, 9 }, // U+023A
    { 0x023B, 11 }, // U+023B
    { 0x023C, 36 }, // U+023C
    { 0x023D, 19 }, // U+023D
    { 0x023E, 26 }, // U+023E
    { 0x023F, 48 }, // U+023F
    { 0x0240, 90 }, // U+0240
    { 0x0243, 10 }, // U+0243
    { 0x0244, 91 }, // U+0244
    { 0x0246, 13 }, // U+0246
    { 0x0247, 38 }, // U+0247
    { 0x0248, 17 }, // U+0248
    { 0x0249, 92 }, // U+0249
    { 0x024A, 93 }, // U+024A
    { 0x024B, 94 }, // U+024B
    { 0x024C, 24 }, // U+024C
    { 0x024D, 47 }, // U+024D
    { 0x024E, 30 }, // U+024E
    { 0x024F, 51 }, // U+024F
    { 0x1E00, 9 }, // U+1E00
    { 0x1E01, 34 }, // U+1E01
    { 0x1E02, 10 }, // U+1E02
    { 0x1E03, 35 }, // U+1E03
    { 0x1E04, 10 }, // U+1E04
    { 0x1E05, 35 }, // U+1E05
    { 0x1E06, 10 }, // U+1E06
    { 0x1E07, 35 }, // U+1E07
    { 0x1E08, 11 }, // U+1E08
    { 0x1E09, 36 }, // U+1E09
    { 0x1E0A, 12 }, // U+1E0A
    { 0x1E0B, 37 }, // U+1E0B
    { 0x1E0C, 12 }, // U+1E0C
    { 0x1E0D, 37 }, // U+1E0D
    { 0x1E0E, 12 }, // U+1E0E
    { 0x1E0F, 37 }, // U+1E0F
    { 0x1E10, 12 }, // U+1E10
    { 0x1E11, 37 }, // U+1E11
    { 0x1E12, 12 }, // U+1E12
    { 0x1E13, 37 }, // U+1E13
    { 0x1E14, 13 }, // U+1E14
    { 0x1E15, 38 }, // U+1E15
    { 0x1E16, 13 }, // U+1E16
    { 0x1E17, 38 }, // U+1E17
    { 0x1E18, 13 }, // U+1E18
    { 0x1E19, 38 }, // U+1E19
    { 0x1E1A, 13 }, // U+1E1A
    { 0x1E1B, 38 }, // U+1E1B
    { 0x1E1C, 13 }, // U+1E1C
    { 0x1E1D, 38 }, // U+1E1D
    { 0x1E1E, 14 }, // U+1E1E
    { 0x1E1F, 39 }, // U+1E1F
    { 0x1E20, 15 }, // U+1E20
    { 0x1E21, 40 }, // U+1E21
    { 0x1E22, 16 }, // U+1E22
    { 0x1E23, 41 }, // U+1E23
    { 0x1E24, 16 }, // U+1E24
    { 0x1E25, 41 }, // U+1E25
    { 0x1E26, 16 }, // U+1E26
    { 0x1E27, 41 }, // U+1E27
    { 0x1E28, 16 }, // U+1E28
    { 0x1E29, 41 }, // U+1E29
    { 0x1E2A, 16 }, // U+1E2A
    { 0x1E2B, 41 }, // U+1E2B
    { 0x1E2C, 16 }, // U+1E2C
    { 0x1E2D, 42 }, // U+1E2D
    { 0x1E2E, 16 }, // U+1E2E
    { 0x1E2F, 62 }, // U+1E2F
    { 0x1E30, 18 }, // U+1E30
    { 0x1E31, 44 }, // U+1E31
    { 0x1E32, 18 }, // U+1E32
    { 0x1E33, 44 }, // U+1E33
    { 0x1E34, 18 }, // U+1E34
    { 0x1E35, 44 }, // U+1E35
    { 0x1E36, 19 }, // U+1E36
    { 0x1E37, 45 }, // U+1E37
    { 0x1E38, 19 }, // U+1E38
    { 0x1E39, 45 }, // U+1E39
    { 0x1E3A, 19 }, // U+1E3A
    { 0x1E3B, 45 }, // U+1E3B
    { 0x1E3C, 19 }, // U+1E3C
    { 0x1E3D, 45 }, // U+1E3D
    { 0x1E3E, 20 }, // U+1E3E
    { 0x1E3F, 41 }, // U+1E3F
    { 0x1E40, 20 }, // U+1E40
    { 0x1E41, 41 }, // U+1E41
    { 0x1E42, 20 }, // U+1E42
    { 0x1E43, 41 }, // U+1E43
    { 0x1E44, 21 }, // U+1E44
    { 0x1E45, 41 }, // U+1E45
    { 0x1E46, 21 }, // U+1E46
    { 0x1E47, 41 }, // U+1E47
    { 0x1E48, 21 }, // U+1E48
    { 0x1E49, 41 }, // U+1E49
    { 0x1E4A, 21 }, // U+1E4A
    { 0x1E4B, 41 }, // U+1E4B
    { 0x1E4C, 12 }, // U+1E4C
    { 0x1E4D, 35 }, // U+1E4D
    { 0x1E4E, 12 }, // U+1E4E
    { 0x1E4F, 35 }, // U+1E4F
    { 0x1E50, 12 }, // U+1E50
    { 0x1E51, 35 }, // U+1E51
    { 0x1E52, 12 }, // U+1E52
    { 0x1E53, 35 }, // U+1E53
    { 0x1E54, 22 }, // U+1E54
    { 0x1E55, 35 }, // U+1E55
    { 0x1E56, 22 }, // U+1E56
    { 0x1E57, 35 }, // U+1E57
    { 0x1E58, 24 }, // U+1E58
    { 0x1E59, 47 }, // U+1E59
    { 0x1E5A, 24 }, // U+1E5A
    { 0x1E5B, 47 }, // U+1E5B
    { 0x1E5C, 24 }, // U+1E5C
    { 0x1E5D, 47 }, // U+1E5D
    { 0x1E5E, 24 }, // U+1E5E
    { 0x1E5F, 47 }, // U+1E5F
    { 0x1E60, 25 }, // U+1E60
    { 0x1E61, 48 }, // U+1E61
    { 0x1E62, 25 }, // U+1E62
    { 0x1E63, 48 }, // U+1E63
    { 0x1E64, 25 }, // U+1E64
    { 0x1E65, 48 }, // U+1E65
    { 0x1E66, 25 }, // U+1E66
    { 0x1E67, 48 }, // U+1E67
    { 0x1E68, 25 }, // U+1E68
    { 0x1E69, 48 }, // U+1E69
    { 0x1E6A, 26 }, // U+1E6A
    { 0x1E6B, 49 }, // U+1E6B
    { 0x1E6C, 26 }, // U+1E6C
    { 0x1E6D, 49 }, // U+1E6D
    { 0x1E6E, 26 }, // U+1E6E
    { 0x1E6F, 49 }, // U+1E6F
    { 0x1E70, 26 }, // U+1E70
    { 0x1E71, 49 }, // U+1E71
    { 0x1E72, 27 }, // U+1E72
    { 0x1E73, 50 }, // U+1E73
    { 0x1E74, 27 }, // U+1E74
    { 0x1E75, 50 }, // U+1E75
    { 0x1E76, 27 }, // U+1E76
    { 0x1E77, 50 }, // U+1E77
    { 0x1E78, 27 }, // U+1E78
    { 0x1E79, 50 }, // U+1E79
    { 0x1E7A, 27 }, // U+1E7A
    { 0x1E7B, 50 }, // U+1E7B
    { 0x1E7C, 28 }, // U+1E7C
    { 0x1E7D, 51 }, // U+1E7D
    { 0x1E7E, 28 }, // U+1E7E
    { 0x1E7F, 51 }, // U+1E7F
    { 0x1E80, 28 }, // U+1E80
    { 0x1E81, 51 }, // U+1E81
    { 0x1E82, 28 }, // U+1E82
    { 0x1E83, 51 }, // U+1E83
    { 0x1E84, 28 }, // U+1E84
    { 0x1E85, 51 }, // U+1E85
    { 0x1E86, 28 }, // U+1E86
    { 0x1E87, 51 }, // U+1E87
    { 0x1E88, 28 }, // U+1E88
    { 0x1E89, 51 }, // U+1E89
    { 0x1E8A, 29 }, // U+1E8A
    { 0x1E8B, 52 }, // U+1E8B
    { 0x1E8C, 29 }, // U+1E8C
    { 0x1E8D, 52 }, // U+1E8D
    { 0x1E8E, 30 }, // U+1E8E
    { 0x1E8F, 51 }, // U+1E8F
    { 0x1E90, 31 }, // U+1E90
    { 0x1E91, 53 }, // U+1E91
    { 0x1E92, 31 }, // U+1E92
    { 0x1E93, 53 }, // U+1E93
    { 0x1E94, 31 }, // U+1E94
    { 0x1E95, 53 }, // U+1E95
    { 0x1E96, 41 }, // U+1E96
    { 0x1E97, 49 }, // U+1E97
    { 0x1E98, 51 }, // U+1E98
    { 0x1E99, 51 }, // U+1E99
    { 0x1E9A, 34 }, // U+1E9A
    { 0x1EA0, 9 }, // U+1EA0
    { 0x1EA1, 34 }, // U+1EA1
    { 0x1EA2, 9 }, // U+1EA2
    { 0x1EA3, 34 }, // U+1EA3
    { 0x1EA4, 9 }, // U+1EA4
    { 0x1EA5, 34 }, // U+1EA5
    { 0x1EA6, 9 }, // U+1EA6
    { 0x1EA7, 34 }, // U+1EA7
    { 0x1EA8, 9 }, // U+1EA8
    { 0x1EA9, 34 }, // U+1EA9
    { 0x1EAA, 9 }, // U+1EAA
    { 0x1EAB, 34 }, // U+1EAB
    { 0x1EAC, 9 }, // U+1EAC
    { 0x1EAD, 34 }, // U+1EAD
    { 0x1EAE, 9 }, // U+1EAE
    { 0x1EAF, 34 }, // U+1EAF
    { 0x1EB0, 9 }, // U+1EB0
    { 0x1EB1, 34 }, // U+1EB1
    { 0x1EB2, 9 }, // U+1EB2
    { 0x1EB3, 34 }, // U+1EB3
    { 0x1EB4, 9 }, // U+1EB4
    { 0x1EB5, 34 }, // U+1EB5
    { 0x1EB6, 9 }, // U+1EB6
    { 0x1EB7, 34 }, // U+1EB7
    { 0x1EB8, 13 }, // U+1EB8
    { 0x1EB9, 38 }, // U+1EB9
    { 0x1EBA, 13 }, // U+1EBA
    { 0x1EBB, 38 }, // U+1EBB
    { 0x1EBC, 13 }, // U+1EBC
    { 0x1EBD, 38 }, // U+1EBD
    { 0x1EBE, 13 }, // U+1EBE
    { 0x1EBF, 38 }, // U+1EBF
    { 0x1EC0, 13 }, // U+1EC0
    { 0x1EC1, 38 }, // U+1EC1
    { 0x1EC2, 13 }, // U+1EC2
    { 0x1EC3, 38 }, // U+1EC3
    { 0x1EC4, 13 }, // U+1EC4
    { 0x1EC5, 38 }, // U+1EC5
    { 0x1EC6, 13 }, // U+1EC6
    { 0x1EC7, 38 }, // U+1EC7
    { 0x1EC8, 16 }, // U+1EC8
    { 0x1EC9, 62 }, // U+1EC9
    { 0x1ECA, 16 }, // U+1ECA
    { 0x1ECB, 42 }, // U+1ECB
    { 0x1ECC, 12 }, // U+1ECC
    { 0x1ECD, 35 }, // U+1ECD
    { 0x1ECE, 12 }, // U+1ECE
    { 0x1ECF, 35 }, // U+1ECF
    { 0x1ED0, 12 }, // U+1ED0
    { 0x1ED1, 35 }, // U+1ED1
    { 0x1ED2, 12 }, // U+1ED2
    { 0x1ED3, 35 }, // U+1ED3
    { 0x1ED4, 12 }, // U+1ED4
    { 0x1ED5, 35 }, // U+1ED5
    { 0x1ED6, 12 }, // U+1ED6
    { 0x1ED7, 35 }, // U+1ED7
    { 0x1ED8, 12 }, // U+1ED8
    { 0x1ED9, 35 }, // U+1ED9
    { 0x1EDA, 78 }, // U+1EDA
    { 0x1EDB, 79 }, // U+1EDB
    { 0x1EDC, 78 }, // U+1EDC
    { 0x1EDD, 79 }, // U+1EDD
    { 0x1EDE, 78 }, // U+1EDE
    { 0x1EDF, 79 }, // U+1EDF
    { 0x1EE0, 78 }, // U+1EE0
    { 0x1EE1, 79 }, // U+1EE1
    { 0x1EE2, 78 }, // U+1EE2
    { 0x1EE3, 79 }, // U+1EE3
    { 0x1EE4, 27 }, // U+1EE4
    { 0x1EE5, 50 }, // U+1EE5
    { 0x1EE6, 27 }, // U+1EE6
    { 0x1EE7, 50 }, // U+1EE7
    { 0x1EE8, 80 }, // U+1EE8
    { 0x1EE9, 81 }, // U+1EE9
    { 0x1EEA, 80 }, // U+1EEA
    { 0x1EEB, 81 }, // U+1EEB
    { 0x1EEC, 80 }, // U+1EEC
    { 0x1EED, 81 }, // U+1EED
    { 0x1EEE, 80 }, // U+1EEE
    { 0x1EEF, 81 }, // U+1EEF
    { 0x1EF0, 80 }, // U+1EF0
    { 0x1EF1, 81 }, // U+1EF1
    { 0x1EF2, 30 }, // U+1EF2
    { 0x1EF3, 51 }, // U+1EF3
    { 0x1EF4, 30 }, // U+1EF4
    { 0x1EF5, 51 }, // U+1EF5
    { 0x1EF6, 30 }, // U+1EF6
    { 0x1EF7, 51 }, // U+1EF7
    { 0x1EF8, 30 }, // U+1EF8
    { 0x1EF9, 51 }, // U+1EF9
    { 0x2010, 5 }, // U+2010
    { 0x2011, 5 }, // U+2011
    { 0x2013, 5 }, // U+2013
    { 0x2014, 5 }, // U+2014
    { 0x2015, 5 }, // U+2015
    { 0x2018, 95 }, // U+2018
    { 0x2019, 96 }, // U+2019
    { 0x201A, 4 }, // U+201A
    { 0x201B, 95 }, // U+201B
    { 0x201C, 95 }, // U+201C
    { 0x201D, 96 }, // U+201D
    { 0x201E, 4 }, // U+201E
    { 0x201F, 95 }, // U+201F
    { 0x2025, 4 }, // U+2025
    { 0x2026, 4 }, // U+2026
    { 0x2039, 56 }, // U+2039
    { 0x203A, 57 }, // U+203A
    { 0xFB00, 39 }, // U+FB00
    { 0xFB01, 42 }, // U+FB01
    { 0xFB02, 45 }, // U+FB02
    { 0xFB03, 42 }, // U+FB03
    { 0xFB04, 45 }, // U+FB04
    { 0xFB05, 49 }, // U+FB05
    { 0xFB06, 49 }, // U+FB06
};

static const EpdKernClassEntry bookerly_18_regularKernRightClasses[] = {
    { 0x0021, 1 }, // !
    { 0x0022, 2 }, // "
    { 0x0027, 2 }, // '
    { 0x0029, 3 }, // )
    { 0x002A, 4 }, // *
    { 0x002C, 5 }, // ,
    { 0x002D, 6 }, // -
    { 0x002E, 7 }, // .
    { 0x002F, 8 }, // /
    { 0x003A, 9 }, // :
    { 0x003B, 10 }, // ;
    { 0x003F, 11 }, // ?
    { 0x0040, 12 }, // @
    { 0x0041, 13 }, // A
    { 0x0042, 14 }, // B
    { 0x0043, 15 }, // C
    { 0x0044, 14 }, // D
    { 0x0045, 14 }, // E
    { 0x0046, 14 }, // F
    { 0x0047, 15 }, // G
    { 0x0048, 14 }, // H
    { 0x0049, 14 }, // I
    { 0x004A, 16 }, // J
    { 0x004B, 14 }, // K
    { 0x004C, 14 }, // L
    { 0x004D, 17 }, // M
    { 0x004E, 14 }, // N
    { 0x004F, 15 }, // O
    { 0x0050, 14 }, // P
    { 0x0051, 15 }, // Q
    { 0x0052, 14 }, // R
    { 0x0053, 18 }, // S
    { 0x0054, 19 }, // T
    { 0x0055, 20 }, // U
    { 0x0056, 21 }, // V
    { 0x0057, 21 }, // W
    { 0x0058, 22 }, // X
    { 0x0059, 23 }, // Y
    { 0x005A, 24 }, // Z
    { 0x005C, 25 }, // <backslash>
    { 0x005D, 26 }, // ]
    { 0x0061, 27 }, // a
    { 0x0062, 28 }, // b
    { 0x0063, 29 }, // c
    { 0x0064, 29 }, // d
    { 0x0065, 29 }, // e
    { 0x0066, 30 }, // f
    { 0x0067, 31 }, // g
    { 0x0068, 32 }, // h
    { 0x0069, 33 }, // i
    { 0x006A, 34 }, // j
    { 0x006B, 32 }, // k
    { 0x006C, 32 }, // l
    { 0x006D, 35 }, // m
    { 0x006E, 35 }, // n
    { 0x006F, 29 }, // o
    { 0x0070, 36 }, // p
    { 0x0071, 29 }, // q
    { 0x0072, 35 }, // r
    { 0x0073, 37 }, // s
    { 0x0074, 38 }, // t
    { 0x0075, 39 }, // u
    { 0x0076, 40 }, // v
    { 0x0077, 40 }, // w
    { 0x0078, 41 }, // x
    { 0x0079, 42 }, // y
    { 0x007A, 43 }, // z
    { 0x007C, 44 }, // |
    { 0x007D, 45 }, // }
    { 0x00AB, 46 }, // U+00AB
    { 0x00AD, 6 }, // U+00AD
    { 0x00BB, 47 }, // U+00BB
    { 0x00BF, 48 }, // U+00BF
    { 0x00C0, 13 }, // U+00C0
    { 0x00C1, 13 }, // U+00C1
    { 0x00C2, 13 }, // U+00C2
    { 0x00C3, 13 }, // U+00C3
    { 0x00C4, 13 }, // U+00C4
    { 0x00C5, 13 }, // U+00C5
    { 0x00C6, 49 }, // U+00C6
    { 0x00C7, 15 }, // U+00C7
    { 0x00C8, 14 }, // U+00C8
    { 0x00C9, 14 }, // U+00C9
    { 0x00CA, 14 }, // U+00CA
    { 0x00CB, 14 }, // U+00CB
    { 0x00CC, 14 }, // U+00CC
    { 0x00CD, 14 }, // U+00CD
    { 0x00CE, 14 }, // U+00CE
    { 0x00CF, 14 }, // U+00CF
    { 0x00D0, 14 }, // U+00D0
    { 0x00D1, 14 }, // U+00D1
    { 0x00D2, 15 }, // U+00D2
    { 0x00D3, 15 }, // U+00D3
    { 0x00D4, 15 }, // U+00D4
    { 0x00D5, 15 }, // U+00D5
    { 0x00D6, 15 }, // U+00D6
    { 0x00D8, 50 }, // U+00D8
    { 0x00D9, 20 }, // U+00D9
    { 0x00DA, 20 }, // U+00DA
    { 0x00DB, 20 }, // U+00DB
    { 0x00DC, 20 }, // U+00DC
    { 0x00DD, 23 }, // U+00DD
    { 0x00DE, 14 }, // U+00DE
    { 0x00DF, 51 }, // U+00DF
    { 0x00E0, 27 }, // U+00E0
    { 0x00E1, 27 }, // U+00E1
    { 0x00E2, 27 }, // U+00E2
    { 0x00E3, 52 }, // U+00E3
    { 0x00E4, 53 }, // U+00E4
    { 0x00E5, 27 }, // U+00E5
    { 0x00E6, 27 }, // U+00E6
    { 0x00E7, 29 }, // U+00E7
    { 0x00E8, 29 }, // U+00E8
    { 0x00E9, 29 }, // U+00E9
    { 0x00EA, 29 }, // U+00EA
    { 0x00EB, 54 }, // U+00EB
    { 0x00EC, 55 }, // U+00EC
    { 0x00ED, 33 }, // U+00ED
    { 0x00EE, 56 }, // U+00EE
    { 0x00EF, 57 }, // U+00EF
    { 0x00F0, 29 }, // U+00F0
    { 0x00F1, 35 }, // U+00F1
    { 0x00F2, 29 }, // U+00F2
    { 0x00F3, 29 }, // U+00F3
    { 0x00F4, 29 }, // U+00F4
    { 0x00F5, 29 }, // U+00F5
    { 0x00F6, 29 }, // U+00F6
    { 0x00F8, 58 }, // U+00F8
    { 0x00F9, 39 }, // U+00F9
    { 0x00FA, 39 }, // U+00FA
    { 0x00FB, 39 }, // U+00FB
    { 0x00FC, 39 }, // U+00FC
    { 0x00FD, 42 }, // U+00FD
    { 0x00FE, 59 }, // U+00FE
    { 0x00FF, 42 }, // U+00FF
    { 0x0100, 13 }, // U+0100
    { 0x0101, 60 }, // U+0101
    { 0x0102, 13 }, // U+0102
    { 0x0103, 61 }, // U+0103
    { 0x0104, 13 }, // U+0104
    { 0x0105, 27 }, // U+0105
    { 0x0106, 15 }, // U+0106
    { 0x0107, 29 }, // U+0107
    { 0x0108, 15 }, // U+0108
    { 0x0109, 29 }, // U+0109
    { 0x010A, 15 }, // U+010A
    { 0x010B, 29 }, // U+010B
    { 0x010C, 15 }, // U+010C
    { 0x010D, 29 }, // U+010D
    { 0x010E, 14 }, // U+010E
    { 0x010F, 29 }, // U+010F
    { 0x0110, 14 }, // U+0110
    { 0x0111, 29 }, // U+0111
    { 0x0112, 14 }, // U+0112
    { 0x0113, 62 }, // U+0113
    { 0x0114, 14 }, // U+0114
    { 0x0115, 62 }, // U+0115
    { 0x0116, 14 }, // U+0116
    { 0x0117, 29 }, // U+0117
    { 0x0118, 14 }, // U+0118
    { 0x0119, 29 }, // U+0119
    { 0x011A, 14 }, // U+011A
    { 0x011B, 29 }, // U+011B
    { 0x011C, 15 }, // U+011C
    { 0x011D, 31 }, // U+011D
    { 0x011E, 15 }, // U+011E
    { 0x011F, 31 }, // U+011F
    { 0x0120, 15 }, // U+0120
    { 0x0121, 31 }, // U+0121
    { 0x0122, 15 }, // U+0122
    { 0x0123, 31 }, // U+0123
    { 0x0124, 14 }, // U+0124
    { 0x0125, 32 }, // U+0125
    { 0x0126, 14 }, // U+0126
    { 0x0127, 63 }, // U+0127
    { 0x0128, 14 }, // U+0128
    { 0x0129, 57 }, // U+0129
    { 0x012A, 14 }, // U+012A
    { 0x012B, 57 }, // U+012B
    { 0x012C, 14 }, // U+012C
    { 0x012D, 57 }, // U+012D
    { 0x012E, 14 }, // U+012E
    { 0x012F, 33 }, // U+012F
    { 0x0130, 14 }, // U+0130
    { 0x0131, 33 }, // U+0131
    { 0x0132, 14 }, // U+0132
    { 0x0133, 33 }, // U+0133
    { 0x0134, 16 }, // U+0134
    { 0x0135, 64 }, // U+0135
    { 0x0136, 14 }, // U+0136
    { 0x0137, 32 }, // U+0137
    { 0x0138, 35 }, // U+0138
    { 0x0139, 14 }, // U+0139
    { 0x013A, 32 }, // U+013A
    { 0x013B, 14 }, // U+013B
    { 0x013C, 32 }, // U+013C
    { 0x013D, 14 }, // U+013D
    { 0x013E, 32 }, // U+013E
    { 0x013F, 14 }, // U+013F
    { 0x0140, 32 }, // U+0140
    { 0x0141, 14 }, // U+0141
    { 0x0142, 65 }, // U+0142
    { 0x0143, 14 }, // U+0143
    { 0x0144, 35 }, // U+0144
    { 0x0145, 14 }, // U+0145
    { 0x0146, 35 }, // U+0146
    { 0x0147, 14 }, // U+0147
    { 0x0148, 35 }, // U+0148
    { 0x0149, 35 }, // U+0149
    { 0x014A, 14 }, // U+014A
    { 0x014B, 35 }, // U+014B
    { 0x014C, 15 }, // U+014C
    { 0x014D, 29 }, // U+014D
    { 0x014E, 15 }, // U+014E
    { 0x014F, 29 }, // U+014F
    { 0x0150, 15 }, // U+0150
    { 0x0151, 29 }, // U+0151
    { 0x0152, 15 }, // U+0152
    { 0x0153, 29 }, // U+0153
    { 0x0154, 14 }, // U+0154
    { 0x0155, 35 }, // U+0155
    { 0x0156, 14 }, // U+0156
    { 0x0157, 35 }, // U+0157
    { 0x0158, 14 }, // U+0158
    { 0x0159, 66 }, // U+0159
    { 0x015A, 18 }, // U+015A
    { 0x015B, 37 }, // U+015B
    { 0x015C, 18 }, // U+015C
    { 0x015D, 37 }, // U+015D
    { 0x015E, 18 }, // U+015E
    { 0x015F, 37 }, // U+015F
    { 0x0160, 18 }, // U+0160
    { 0x0161, 67 }, // U+0161
    { 0x0162, 19 }, // U+0162
    { 0x0163, 38 }, // U+0163
    { 0x0164, 19 }, // U+0164
    { 0x0165, 38 }, // U+0165
    { 0x0166, 19 }, // U+0166
    { 0x0167, 38 }, // U+0167
    { 0x0168, 20 }, // U+0168
    { 0x0169, 39 }, // U+0169
    { 0x016A, 20 }, // U+016A
    { 0x016B, 39 }, // U+016B
    { 0x016C, 20 }, // U+016C
    { 0x016D, 39 }, // U+016D
    { 0x016E, 20 }, // U+016E
    { 0x016F, 39 }, // U+016F
    { 0x0170, 20 }, // U+0170
    { 0x0171, 39 }, // U+0171
    { 0x0172, 20 }, // U+0172
    { 0x0173, 39 }, // U+0173
    { 0x0174, 21 }, // U+0174
    { 0x0175, 40 }, // U+0175
    { 0x0176, 23 }, // U+0176
    { 0x0177, 42 }, // U+0177
    { 0x0178, 23 }, // U+0178
    { 0x0179, 24 }, // U+0179
    { 0x017A, 43 }, // U+017A
    { 0x017B, 24 }, // U+017B
    { 0x017C, 43 }, // U+017C
    { 0x017D, 24 }, // U+017D
    { 0x017E, 68 }, // U+017E
    { 0x017F, 51 }, // U+017F
    { 0x0180, 32 }, // U+0180
    { 0x0187, 15 }, // U+0187
    { 0x0188, 29 }, // U+0188
    { 0x0189, 14 }, // U+0189
    { 0x018F, 69 }, // U+018F
    { 0x0191, 14 }, // U+0191
    { 0x0192, 30 }, // U+0192
    { 0x0193, 15 }, // U+0193
    { 0x0197, 14 }, // U+0197
    { 0x0198, 14 }, // U+0198
    { 0x0199, 51 }, // U+0199
    { 0x019A, 32 }, // U+019A
    { 0x01A0, 15 }, // U+01A0
    { 0x01A1, 29 }, // U+01A1
    { 0x01A5, 51 }, // U+01A5
    { 0x01AB, 38 }, // U+01AB
    { 0x01AD, 38 }, // U+01AD
    { 0x01AE, 19 }, // U+01AE
    { 0x01AF, 20 }, // U+01AF
    { 0x01B0, 39 }, // U+01B0
    { 0x01B2, 20 }, // U+01B2
    { 0x01B3, 23 }, // U+01B3
    { 0x01B4, 42 }, // U+01B4
    { 0x01B5, 24 }, // U+01B5
    { 0x01B6, 43 }, // U+01B6
    { 0x01B7, 70 }, // U+01B7
    { 0x01C2, 71 }, // U+01C2
    { 0x01C3, 72 }, // U+01C3
    { 0x01C4, 14 }, // U+01C4
    { 0x01C5, 14 }, // U+01C5
    { 0x01C6, 29 }, // U+01C6
    { 0x01C7, 14 }, // U+01C7
    { 0x01C8, 14 }, // U+01C8
    { 0x01C9, 32 }, // U+01C9
    { 0x01CA, 14 }, // U+01CA
    { 0x01CB, 14 }, // U+01CB
    { 0x01CC, 35 }, // U+01CC
    { 0x01CD, 13 }, // U+01CD
    { 0x01CE, 27 }, // U+01CE
    { 0x01CF, 14 }, // U+01CF
    { 0x01D0, 57 }, // U+01D0
    { 0x01D1, 15 }, // U+01D1
    { 0x01D2, 29 }, // U+01D2
    { 0x01D3, 20 }, // U+01D3
    { 0x01D4, 39 }, // U+01D4
    { 0x01D5, 20 }, // U+01D5
    { 0x01D6, 39 }, // U+01D6
    { 0x01D7, 20 }, // U+01D7
    { 0x01D8, 39 }, // U+01D8
    { 0x01D9, 20 }, // U+01D9
    { 0x01DA, 39 }, // U+01DA
    { 0x01DB, 20 }, // U+01DB
    { 0x01DC, 39 }, // U+01DC
    { 0x01DD, 73 }, // U+01DD
    { 0x01DE, 13 }, // U+01DE
    { 0x01DF, 27 }, // U+01DF
    { 0x01E0, 13 }, // U+01E0
    { 0x01E1, 27 }, // U+01E1
    { 0x01E2, 49 }, // U+01E2
    { 0x01E3, 27 }, // U+01E3
    { 0x01E4, 15 }, // U+01E4
    { 0x01E5, 74 }, // U+01E5
    { 0x01E6, 15 }, // U+01E6
    { 0x01E7, 31 }, // U+01E7
    { 0x01E8, 14 }, // U+01E8
    { 0x01E9, 32 }, // U+01E9
    { 0x01EA, 15 }, // U+01EA
    { 0x01EB, 29 }, // U+01EB
    { 0x01EC, 15 }, // U+01EC
    { 0x01ED, 29 }, // U+01ED
    { 0x01EE, 70 }, // U+01EE
    { 0x01EF, 75 }, // U+01EF
    { 0x01F1, 14 }, // U+01F1
    { 0x01F2, 14 }, // U+01F2
    { 0x01F3, 29 }, // U+01F3
    { 0x01F4, 15 }, // U+01F4
    { 0x01F5, 31 }, // U+01F5
    { 0x01F8, 14 }, // U+01F8
    { 0x01F9, 35 }, // U+01F9
    { 0x01FA, 13 }, // U+01FA
    { 0x01FB, 27 }, // U+01FB
    { 0x01FC, 49 }, // U+01FC
    { 0x01FD, 27 }, // U+01FD
    { 0x01FE, 76 }, // U+01FE
    { 0x01FF, 29 }, // U+01FF
    { 0x0200, 13 }, // U+0200
    { 0x0201, 27 }, // U+0201
    { 0x0202, 13 }, // U+0202
    { 0x0203, 27 }, // U+0203
    { 0x0204, 14 }, // U+0204
    { 0x0205, 29 }, // U+0205
    { 0x0206, 14 }, // U+0206
    { 0x0207, 29 }, // U+0207
    { 0x0208, 14 }, // U+0208
    { 0x0209, 57 }, // U+0209
    { 0x020A, 14 }, // U+020A
    { 0x020B, 57 }, // U+020B
    { 0x020C, 15 }, // U+020C
    { 0x020D, 29 }, // U+020D
    { 0x020E, 15 }, // U+020E
    { 0x020F, 29 }, // U+020F
    { 0x0210, 14 }, // U+0210
    { 0x0211, 35 }, // U+0211
    { 0x0212, 14 }, // U+0212
    { 0x0213, 35 }, // U+0213
    { 0x0214, 20 }, // U+0214
    { 0x0215, 39 }, // U+0215
    { 0x0216, 20 }, // U+0216
    { 0x0217, 39 }, // U+0217
    { 0x0218, 18 }, // U+0218
    { 0x0219, 37 }, // U+0219
    { 0x021A, 19 }, // U+021A
    { 0x021B, 38 }, // U+021B
    { 0x021C, 77 }, // U+021C
    { 0x021D, 78 }, // U+021D
    { 0x021E, 14 }, // U+021E
    { 0x021F, 32 }, // U+021F
    { 0x0221, 29 }, // U+0221
    { 0x0224, 24 }, // U+0224
    { 0x0225, 43 }, // U+0225
    { 0x0226, 13 }, // U+0226
    { 0x0227, 27 }, // U+0227
    { 0x0228, 14 }, // U+0228
    { 0x0229, 29 }, // U+0229
    { 0x022A, 15 }, // U+022A
    { 0x022B, 29 }, // U+022B
    { 0x022C, 15 }, // U+022C
    { 0x022D, 29 }, // U+022D
    { 0x022E, 15 }, // U+022E
    { 0x022F, 29 }, // U+022F
    { 0x0230, 15 }, // U+0230
    { 0x0231, 29 }, // U+0231
    { 0x0232, 23 }, // U+0232
    { 0x0233, 42 }, // U+0233
    { 0x0234, 79 }, // U+0234
    { 0x0235, 35 }, // U+0235
    { 0x0236, 38 }, // U+0236
    { 0x0237, 34 }, // U+0237
    { 0x023A, 13 }, // U+023A
    { 0x023B, 15 }, // U+023B
    { 0x023C, 29 }, // U+023C
    { 0x023D, 14 }, // U+023D
    { 0x023E, 19 }, // U+023E
    { 0x0240, 43 }, // U+0240
    { 0x0243, 14 }, // U+0243
    { 0x0244, 80 }, // U+0244
    { 0x0246, 14 }, // U+0246
    { 0x0247, 29 }, // U+0247
    { 0x0248, 16 }, // U+0248
    { 0x0249, 34 }, // U+0249
    { 0x024A, 15 }, // U+024A
    { 0x024B, 29 }, // U+024B
    { 0x024C, 14 }, // U+024C
    { 0x024D, 35 }, // U+024D
    { 0x024E, 81 }, // U+024E
    { 0x024F, 42 }, // U+024F
    { 0x1E00, 13 }, // U+1E00
    { 0x1E01, 27 }, // U+1E01
    { 0x1E02, 14 }, // U+1E02
    { 0x1E03, 32 }, // U+1E03
    { 0x1E04, 14 }, // U+1E04
    { 0x1E05, 32 }, // U+1E05
    { 0x1E06, 14 }, // U+1E06
    { 0x1E07, 32 }, // U+1E07
    { 0x1E08, 15 }, // U+1E08
    { 0x1E09, 29 }, // U+1E09
    { 0x1E0A, 14 }, // U+1E0A
    { 0x1E0B, 29 }, // U+1E0B
    { 0x1E0C, 14 }, // U+1E0C
    { 0x1E0D, 29 }, // U+1E0D
    { 0x1E0E, 14 }, // U+1E0E
    { 0x1E0F, 29 }, // U+1E0F
    { 0x1E10, 14 }, // U+1E10
    { 0x1E11, 29 }, // U+1E11
    { 0x1E12, 14 }, // U+1E12
    { 0x1E13, 29 }, // U+1E13
    { 0x1E14, 14 }, // U+1E14
    { 0x1E15, 29 }, // U+1E15
    { 0x1E16, 14 }, // U+1E16
    { 0x1E17, 29 }, // U+1E17
    { 0x1E18, 14 }, // U+1E18
    { 0x1E19, 29 }, // U+1E19
    { 0x1E1A, 14 }, // U+1E1A
    { 0x1E1B, 29 }, // U+1E1B
    { 0x1E1C, 14 }, // U+1E1C
    { 0x1E1D, 29 }, // U+1E1D
    { 0x1E1E, 14 }, // U+1E1E
    { 0x1E1F, 30 }, // U+1E1F
    { 0x1E20, 15 }, // U+1E20
    { 0x1E21, 31 }, // U+1E21
    { 0x1E22, 14 }, // U+1E22
    { 0x1E23, 32 }, // U+1E23
    { 0x1E24, 14 }, // U+1E24
    { 0x1E25, 32 }, // U+1E25
    { 0x1E26, 14 }, // U+1E26
    { 0x1E27, 32 }, // U+1E27
    { 0x1E28, 14 }, // U+1E28
    { 0x1E29, 32 }, // U+1E29
    { 0x1E2A, 14 }, // U+1E2A
    { 0x1E2B, 32 }, // U+1E2B
    { 0x1E2C, 14 }, // U+1E2C
    { 0x1E2D, 33 }, // U+1E2D
    { 0x1E2E, 14 }, // U+1E2E
    { 0x1E2F, 57 }, // U+1E2F
    { 0x1E30, 14 }, // U+1E30
    { 0x1E31, 32 }, // U+1E31
    { 0x1E32, 14 }, // U+1E32
    { 0x1E33, 32 }, // U+1E33
    { 0x1E34, 14 }, // U+1E34
    { 0x1E35, 32 }, // U+1E35
    { 0x1E36, 14 }, // U+1E36
    { 0x1E37, 32 }, // U+1E37
    { 0x1E38, 14 }, // U+1E38
    { 0x1E39, 32 }, // U+1E39
    { 0x1E3A, 14 }, // U+1E3A
    { 0x1E3B, 32 }, // U+1E3B
    { 0x1E3C, 14 }, // U+1E3C
    { 0x1E3D, 32 }, // U+1E3D
    { 0x1E3E, 17 }, // U+1E3E
    { 0x1E3F, 35 }, // U+1E3F
    { 0x1E40, 17 }, // U+1E40
    { 0x1E41, 35 }, // U+1E41
    { 0x1E42, 17 }, // U+1E42
    { 0x1E43, 35 }, // U+1E43
    { 0x1E44, 14 }, // U+1E44
    { 0x1E45, 35 }, // U+1E45
    { 0x1E46, 14 }, // U+1E46
    { 0x1E47, 35 }, // U+1E47
    { 0x1E48, 14 }, // U+1E48
    { 0x1E49, 35 }, // U+1E49
    { 0x1E4A, 14 }, // U+1E4A
    { 0x1E4B, 35 }, // U+1E4B
    { 0x1E4C, 15 }, // U+1E4C
    { 0x1E4D, 29 }, // U+1E4D
    { 0x1E4E, 15 }, // U+1E4E
    { 0x1E4F, 29 }, // U+1E4F
    { 0x1E50, 15 }, // U+1E50
    { 0x1E51, 29 }, // U+1E51
    { 0x1E52, 15 }, // U+1E52
    { 0x1E53, 29 }, // U+1E53
    { 0x1E54, 14 }, // U+1E54
    { 0x1E55, 36 }, // U+1E55
    { 0x1E56, 14 }, // U+1E56
    { 0x1E57, 36 }, // U+1E57
    { 0x1E58, 14 }, // U+1E58
    { 0x1E59, 35 }, // U+1E59
    { 0x1E5A, 14 }, // U+1E5A
    { 0x1E5B, 35 }, // U+1E5B
    { 0x1E5C, 14 }, // U+1E5C
    { 0x1E5D, 35 }, // U+1E5D
    { 0x1E5E, 14 }, // U+1E5E
    { 0x1E5F, 35 }, // U+1E5F
    { 0x1E60, 18 }, // U+1E60
    { 0x1E61, 37 }, // U+1E61
    { 0x1E62, 18 }, // U+1E62
    { 0x1E63, 37 }, // U+1E63
    { 0x1E64, 18 }, // U+1E64
    { 0x1E65, 37 }, // U+1E65
    { 0x1E66, 18 }, // U+1E66
    { 0x1E67, 37 }, // U+1E67
    { 0x1E68, 18 }, // U+1E68
    { 0x1E69, 37 }, // U+1E69
    { 0x1E6A, 19 }, // U+1E6A
    { 0x1E6B, 38 }, // U+1E6B
    { 0x1E6C, 19 }, // U+1E6C
    { 0x1E6D, 38 }, // U+1E6D
    { 0x1E6E, 19 }, // U+1E6E
    { 0x1E6F, 38 }, // U+1E6F
    { 0x1E70, 19 }, // U+1E70
    { 0x1E71, 38 }, // U+1E71
    { 0x1E72, 20 }, // U+1E72
    { 0x1E73, 39 }, // U+1E73
    { 0x1E74, 20 }, // U+1E74
    { 0x1E75, 39 }, // U+1E75
    { 0x1E76, 20 }, // U+1E76
    { 0x1E77, 39 }, // U+1E77
    { 0x1E78, 20 }, // U+1E78
    { 0x1E79, 39 }, // U+1E79
    { 0x1E7A, 20 }, // U+1E7A
    { 0x1E7B, 39 }, // U+1E7B
    { 0x1E7C, 21 }, // U+1E7C
    { 0x1E7D, 40 }, // U+1E7D
    { 0x1E7E, 21 }, // U+1E7E
    { 0x1E7F, 40 }, // U+1E7F
    { 0x1E80, 21 }, // U+1E80
    { 0x1E81, 40 }, // U+1E81
    { 0x1E82, 21 }, // U+1E82
    { 0x1E83, 40 }, // U+1E83
    { 0x1E84, 21 }, // U+1E84
    { 0x1E85, 40 }, // U+1E85
    { 0x1E86, 21 }, // U+1E86
    { 0x1E87, 40 }, // U+1E87
    { 0x1E88, 21 }, // U+1E88
    { 0x1E89, 40 }, // U+1E89
    { 0x1E8A, 22 }, // U+1E8A
    { 0x1E8B, 41 }, // U+1E8B
    { 0x1E8C, 22 }, // U+1E8C
    { 0x1E8D, 41 }, // U+1E8D
    { 0x1E8E, 23 }, // U+1E8E
    { 0x1E8F, 42 }, // U+1E8F
    { 0x1E90, 24 }, // U+1E90
    { 0x1E91, 43 }, // U+1E91
    { 0x1E92, 24 }, // U+1E92
    { 0x1E93, 43 }, // U+1E93
    { 0x1E94, 24 }, // U+1E94
    { 0x1E95, 43 }, // U+1E95
    { 0x1E96, 32 }, // U+1E96
    { 0x1E97, 38 }, // U+1E97
    { 0x1E98, 40 }, // U+1E98
    { 0x1E99, 42 }, // U+1E99
    { 0x1E9A, 27 }, // U+1E9A
    { 0x1E9B, 51 }, // U+1E9B
    { 0x1EA0, 13 }, // U+1EA0
    { 0x1EA1, 27 }, // U+1EA1
    { 0x1EA2, 13 }, // U+1EA2
    { 0x1EA3, 27 }, // U+1EA3
    { 0x1EA4, 13 }, // U+1EA4
    { 0x1EA5, 27 }, // U+1EA5
    { 0x1EA6, 13 }, // U+1EA6
    { 0x1EA7, 27 }, // U+1EA7
    { 0x1EA8, 13 }, // U+1EA8
    { 0x1EA9, 27 }, // U+1EA9
    { 0x1EAA, 13 }, // U+1EAA
    { 0x1EAB, 27 }, // U+1EAB
    { 0x1EAC, 13 }, // U+1EAC
    { 0x1EAD, 27 }, // U+1EAD
    { 0x1EAE, 13 }, // U+1EAE
    { 0x1EAF, 27 }, // U+1EAF
    { 0x1EB0, 13 }, // U+1EB0
    { 0x1EB1, 27 }, // U+1EB1
    { 0x1EB2, 13 }, // U+1EB2
    { 0x1EB3, 27 }, // U+1EB3
    { 0x1EB4, 13 }, // U+1EB4
    { 0x1EB5, 27 }, // U+1EB5
    { 0x1EB6, 13 }, // U+1EB6
    { 0x1EB7, 27 }, // U+1EB7
    { 0x1EB8, 14 }, // U+1EB8
    { 0x1EB9, 29 }, // U+1EB9
    { 0x1EBA, 14 }, // U+1EBA
    { 0x1EBB, 29 }, // U+1EBB
    { 0x1EBC, 14 }, // U+1EBC
    { 0x1EBD, 29 }, // U+1EBD
    { 0x1EBE, 14 }, // U+1EBE
    { 0x1EBF, 29 }, // U+1EBF
    { 0x1EC0, 14 }, // U+1EC0
    { 0x1EC1, 29 }, // U+1EC1
    { 0x1EC2, 14 }, // U+1EC2
    { 0x1EC3, 29 }, // U+1EC3
    { 0x1EC4, 14 }, // U+1EC4
    { 0x1EC5, 29 }, // U+1EC5
    { 0x1EC6, 14 }, // U+1EC6
    { 0x1EC7, 29 }, // U+1EC7
    { 0x1EC8, 14 }, // U+1EC8
    { 0x1EC9, 57 }, // U+1EC9
    { 0x1ECA, 14 }, // U+1ECA
    { 0x1ECB, 33 }, // U+1ECB
    { 0x1ECC, 15 }, // U+1ECC
    { 0x1ECD, 29 }, // U+1ECD
    { 0x1ECE, 15 }, // U+1ECE
    { 0x1ECF, 29 }, // U+1ECF
    { 0x1ED0, 15 }, // U+1ED0
    { 0x1ED1, 29 }, // U+1ED1
    { 0x1ED2, 15 }, // U+1ED2
    { 0x1ED3, 29 }, // U+1ED3
    { 0x1ED4, 15 }, // U+1ED4
    { 0x1ED5, 29 }, // U+1ED5
    { 0x1ED6, 15 }, // U+1ED6
    { 0x1ED7, 29 }, // U+1ED7
    { 0x1ED8, 15 }, // U+1ED8
    { 0x1ED9, 29 }, // U+1ED9
    { 0x1EDA, 15 }, // U+1EDA
    { 0x1EDB, 29 }, // U+1EDB
    { 0x1EDC, 15 }, // U+1EDC
    { 0x1EDD, 29 }, // U+1EDD
    { 0x1EDE, 15 }, // U+1EDE
    { 0x1EDF, 29 }, // U+1EDF
    { 0x1EE0, 15 }, // U+1EE0
    { 0x1EE1, 29 }, // U+1EE1
    { 0x1EE2, 15 }, // U+1EE2
    { 0x1EE3, 29 }, // U+1EE3
    { 0x1EE4, 20 }, // U+1EE4
    { 0x1EE5, 39 }, // U+1EE5
    { 0x1EE6, 20 }, // U+1EE6
    { 0x1EE7, 39 }, // U+1EE7
    { 0x1EE8, 20 }, // U+1EE8
    { 0x1EE9, 39 }, // U+1EE9
    { 0x1EEA, 20 }, // U+1EEA
    { 0x1EEB, 39 }, // U+1EEB
    { 0x1EEC, 20 }, // U+1EEC
    { 0x1EED, 39 }, // U+1EED
    { 0x1EEE, 20 }, // U+1EEE
    { 0x1EEF, 39 }, // U+1EEF
    { 0x1EF0, 20 }, // U+1EF0
    { 0x1EF1, 39 }, // U+1EF1
    { 0x1EF2, 23 }, // U+1EF2
    { 0x1EF3, 42 }, // U+1EF3
    { 0x1EF4, 23 }, // U+1EF4
    { 0x1EF5, 40 }, // U+1EF5
    { 0x1EF6, 23 }, // U+1EF6
    { 0x1EF7, 42 }, // U+1EF7
    { 0x1EF8, 23 }, // U+1EF8
    { 0x1EF9, 42 }, // U+1EF9
    { 0x2010, 6 }, // U+2010
    { 0x2011, 6 }, // U+2011
    { 0x2013, 6 }, // U+2013
    { 0x2014, 6 }, // U+2014
    { 0x2015, 6 }, // U+2015
    { 0x2018, 82 }, // U+2018
    { 0x2019, 83 }, // U+2019
    { 0x201A, 84 }, // U+201A
    { 0x201B, 82 }, // U+201B
    { 0x201C, 82 }, // U+201C
    { 0x201D, 83 }, // U+201D
    { 0x201E, 7 }, // U+201E
    { 0x201F, 82 }, // U+201F
    { 0x2025, 7 }, // U+2025
    { 0x2026, 7 }, // U+2026
    { 0x2039, 46 }, // U+2039
    { 0x203A, 47 }, // U+203A
    { 0x203C, 1 }, // U+203C
    { 0x2047, 11 }, // U+2047
    { 0x2048, 11 }, // U+2048
    { 0x2049, 1 }, // U+2049
    { 0xFB00, 30 }, // U+FB00
    { 0xFB01, 30 }, // U+FB01
    { 0xFB02, 30 }, // U+FB02
    { 0xFB03, 30 }, // U+FB03
    { 0xFB04, 30 }, // U+FB04
    { 0xFB05, 30 }, // U+FB05
    { 0xFB06, 37 }, // U+FB06
};

static const int8_t bookerly_18_regularKernMatrix[] = {
       0,    0,    0,    0,    0,    0,    0,    0,    0,    0,    0,    0,  -30,    0,    0,    0,    0,    0,    0,    0,    0,    0,    0,    0,    0,    0,    0,    0,    0,    0,  -24,    0,    0,    0,    0,    0,    0,   24,    0,    0,    0,    0,    0,    0,    0,    0,    0,    0,    0,    0,    0,    0,    0,    0,    0,    0,    0,    0,    0,    0,    0,    0,    0,    0,    0,    0,    0,    0,    0,    0,    0,    0,    0,  -24,    0,    0,    0,    0,    0,    0,    0,    0,    0,    0,
       0,    0,    0,    0,    0,    0,    0,    0,    0,    0,    0,    0,    0,    0,  -18,   30,    0,    0,    0,    0,    0,    0,    0,    0,    0,    0,  -12,    0,  -12,    0,    0,    0,    0,   31,    0,    0,    0,    0,    0,   12,    0,   12,    0,    0,    0,    0,    0,    0,    0,  -18,    0,  -12,  -12,  -12,    0,   12,   12,  -12,    0,  -12,  -12,  -12,    0,   31,    0,    0,    0,    0,    0,    0,    0,    0,    0,    0,    0,  -18,    0,    0,    0,    0,    0,    0,    0,    0,
       0,    0,    0,    0,    0,    0,    0,    0,    0,    0,    0,    0,  -49,    0,    0,    0,    0,    0,    0,    0,   24,   24,    0,    0,    0,    0,    0,    0,  -12,    0,  -18,    0,    0,    0,    0,    0,    0,    0,    0,    0,    0,    0,    0,    0,    0,    0,    0,    0,  -81,    0,    0,    0,    0,  -12,    0,    0,    0,  -12,    0,    0,    0,  -12,    0,    0,    0,    0,    0,    0,    0,    0,    0,    0,    0,  -18,    0,    0,    0,    0,    0,    0,    0,    0,    0,    0,
       0,    0,    0,    0,    0,    0,    0,    0,    0,    0,    0,    0,   18,    0,  -24,   18,    0,    0,  -42,  -24,  -54,    0,  -48,    0,    0,    0,    0,   -9,   -9,    0,    0,    0,    0,    0,   -6,   -9,    0,  -17,  -23,  -36,    0,  -36,    0,    0,    0,    0,    0,    0,    0,  -24,    0,    0,    0,   -9,    0,    0,    0,   -9,    0,    0,    0,   -9,    0,  -12,    0,   -6,    0,    0,    0,    0,    0,    0,    0,    0,    0,  -24,    0,    0,    0,  -24,  -48,  -48,  -24,    0,
       0,    0,    0,    0,    0,    0,    0,    0,    0,    0,    0,    0,  -18,    0,    0,  -12,    0,    0,  -24,    0,  -30,    0,  -30,    0,    0,    0,    0,    0,    0,    0,    0,    0,    0,    0,    0,    0,    0,    0,    0,   -9,    0,   -9,    0,    0,    0,    0,    0,    0,  -18,    0,    0,    0,    0,    0,    0,    0,    0,    0,    0,    0,    0,    0,    0,    0,    0,    0,    0,    0,    0,    0,    0,    0,    0,    0,    0,    0,  -18,    0,    0,    0,  -30,    0,    0,    0,
       0,    0,    0,    0,    0,    0,    0,    0,    0,    0,    0,    0,  -60,    0,  -24,    0,    0,  -18,    0,    0,    0,    0,    0,  -12,    0,    0,  -60,    0,  -54,  -24,  -48,    0,    0,    0,  -30,  -30,  -54,    0,  -18,  -12,  -24,  -12,  -24,    0,    0,    0,    0,    0,  -84,  -24,    0,  -60,  -60,  -54,    0,   24,   24,  -54,    0,  -60,  -60,  -54,    0,    0,    0,  -30,  -54,  -24,  -18,    0,    0,    0,    0,  -48,  -18,  -24,    0,  -42,    0,    0,    0,    0,    0,    0,
       0,    0,    0,    0,    0,    0,    0,    0,    0,    0,    0,    0,    0,    0,    0,    0,    0,    0,    0,    0,   -9,    0,   -9,    0,    0,    0,    0,    0,    0,    0,    0,    0,    0,    0,    0,    0,    0,    0,    0,    0,    0,    0,    0,    0,    0,    0,    0,    0,    0,    0,    0,    0,    0,    0,    0,    0,    0,    0,    0,    0,    0,    0,    0,    0,    0,    0,    0,    0,    0,    0,    0,    0,    0,    0,    0,    0,    0,    0,    0,    0,   -9,    0,    0,    0,
       0,    0,    0,    0,    0,    0,    0,    0,    0,    0,    0,    0,    0,    0,    0,    0,    0,    0,    0,    0,    0,    0,  -12,    0,    0,    0,    0,    0,    0,    0,    0,    0,    0,    0,    0,    0,    0,    0,    0,    0,    0,    0,    0,    0,    0,    0,    0,    0,    0,    0,    0,    0,    0,    0,    0,    0,    0,    0,    0,    0,    0,    0,    0,    0,    0,    0,    0,    0,    0,    0,    0,    0,    0,    0,    0,    0,  -12,    0,    0,    0,  -12,    0,    0,    0,
       0,  -30,    0,  -49,    0,  -18,    0,   12,    0,    0,  -33,    0,   15,    0,  -11,    0,   12,    0,  -60,  -36,  -66,   12,  -63,    6,  -60,    0,    0,   -9,    0,    0,    0,    0,    0,    0,    0,    0,    0,   -9,  -12,  -39,   12,  -39,    0,    0,    0,  -18,    0,    0,   18,   -2,    0,    0,    0,    0,    0,    0,    0,    0,    0,    0,    0,    0,    0,    0,    0,    0,    0,    0,    0,    0,    0,    0,    0,    0,    0,   -2,    0,    0,  -18,  -48,  -63,  -54,  -42,    0,
       0,    0,    0,    0,   -9,    0,   -9,    0,    0,    0,    0,    0,   -6,    0,    0,    0,    0,    0,   -9,    0,  -15,   -9,  -12,    0,  -24,    0,    0,    0,   15,    0,    0,    0,    0,   12,    0,    0,    0,    0,    0,    0,    0,    0,    0,    0,    0,    0,    0,    0,  -15,    0,    0,    0,    0,   15,    0,    0,    0,   15,    0,    0,    0,   15,    0,    0,    0,    0,    0,    0,    0,    0,    0,    0,    0,    0,    0,    0,  -12,    0,    0,    0,  -12,    0,    0,   -9,
       0,    0,    0,    0,    0,  -12,    0,    0,    0,    0,    0,    0,    0,    0,  -14,    0,    0,    0,    0,    0,    0,    0,    0,    0,    0,    0,   -9,    0,   -9,    0,   -9,    0,    0,    0,    0,    0,  -12,    0,   -6,   -8,    0,   -8,    0,    0,    0,    0,    0,    0,    0,  -14,    0,   -9,   -9,   -9,    0,    0,    0,   -9,    0,   -9,   -9,   -9,    0,    0,    0,    0,  -12,    0,    0,    0,    0,    0,    0,   -9,    0,  -14,    0,    0,    0,    0,    0,    0,    0,    0,
       0,    0,  -18,    0,  -24,    0,  -24,  -24,    0,    0,    0,    0,  -18,   -9,    0,  -12,   -6,    0,    0,   -9,  -12,  -18,  -24,   -6,  -18,    0,    0,    0,    0,    0,   -6,    0,    0,    0,    0,    0,    0,   18,    0,    0,    0,    0,    0,    0,    0,    0,    0,    0,  -42,    0,  -12,    0,    0,    0,    0,    0,    0,    0,    0,    0,    0,    0,    0,    0,    0,    0,    0,    0,    0,   -6,    0,    0,    0,   -6,    0,    0,    0,    0,   -6,   -9,  -24,    0,    0,  -24,
       0,    0,    0,    0,    0,    0,    0,    0,    0,    0,    0,    0,    0,    0,    0,    0,    0,    0,    0,    0,    0,    0,    0,    0,    0,    0,    0,    0,    0,    0,    0,    0,    0,    0,    0,    0,    0,    0,    0,    0,    0,    0,    0,    0,    0,    0,    0,    0,    0,    0,    0,    0,    0,    0,    0,    0,    0,    0,    0,    0,    0,    0,    0,    0,    0,    0,    0,    0,    0,    0,    0,    0,    0,    0,    0,    0,    0,    0,    0,    0,    0,    0,    6,    0,
       0,    0,    0,   24,  -54,    0,  -54,  -51,    0,    0,    0,    0,  -54,    0,    0,    0,  -12,    0,    0,    0,    0,    0,    0,    0,    0,    0,  -18,    6,  -12,    0,  -24,    6,    0,    0,    0,    0,  -18,    0,    0,    0,    0,    0,  -12,    0,    0,    0,    0,    0,  -69,    0,    0,  -18,  -18,  -12,    0,   24,   24,  -12,    6,  -18,  -18,  -12,    6,   24,    6,    0,  -18,  -12,    0,    0,    0,    0,    0,  -24,    0,    0,    0,    0,    0,    0,    0,   12,   12,  -54,
       0,    0,    0,    0,    0,    0,    0,    0,    0,    0,    0,    0,    0,    0,    0,    0,    0,    0,  -12,    0,  -12,    0,  -12,    0,    0,    0,    0,    0,    0,    0,   -6,    0,    0,    0,    0,    0,    0,    0,    0,    0,    0,    0,    0,    0,    0,    0,    0,    0,  -12,    0,    0,    0,    0,    0,    0,    0,    0,    0,    0,    0,    0,    0,    0,    0,    0,    0,    0,    0,    0,    0,    0,    0,    0,   -6,    0,    0,    0,    0,    0,    0,  -12,    0,    0,    0,
       0,    0,    0,    0,    0,    0,    0,    0,    0,    0,    0,    0,    0,    0,   -9,    0,    0,    0,    0,    0,    0,    0,    0,    0,    0,    0,    0,    0,   -9,    0,    0,    0,    0,    0,    0,    0,    0,    0,   -7,  -18,    0,  -18,    0,    0,    0,  -12,    0,    0,    0,   -9,    0,    0,    0,   -9,    0,   12,   12,   -9,    0,    0,    0,   -9,    0,   12,    0,    0,    0,    0,    0,    0,    0,    0,    0,    0,    0,   -9,    0,    0,    0,    0,    0,    0,    0,    0,
       0,    0,    0,    0,  -30,  -12,  -30,  -23,  -17,  -17,    0,    0,  -24,    0,   -6,    0,    0,    0,    0,    0,    0,    0,    0,    0,    0,    0,  -18,    0,  -12,    0,  -12,    0,    0,    0,    0,    0,  -16,    0,   -6,   -9,  -12,   -9,   -9,    0,    0,    0,    0,    0,  -30,   -6,    0,  -18,  -18,  -12,    0,   18,   18,  -12,    0,  -18,  -18,  -12,    0,    0,    0,    0,  -16,   -9,    0,    0,    0,    0,    0,  -12,    0,   -6,    0,    0,    0,    0,    0,    0,    0,  -30,
       0,    0,    0,    0,    0,  -18,    0,    0,    0,    0,    0,    0,   15,    0,  -24,    0,   12,    0,    0,    0,    0,    6,    0,    0,    0,    0,   -8,    0,  -14,    0,    0,    0,    0,    0,    0,   -6,   -7,  -18,  -21,  -36,    0,  -36,    0,    0,    0,    0,    0,    0,    6,  -24,    0,   -8,   -8,  -14,    0,   18,   18,  -14,    0,   -8,   -8,  -14,    0,   18,    0,    0,   -7,    0,    0,    0,    0,    0,    0,    0,    0,  -24,    0,  -12,    0,    0,    0,    0,    0,    0,
       0,    0,    0,  -24,    0,    0,    0,    0,    0,    0,    0,    0,   24,    0,    0,    0,    0,    0,  -30,  -15,  -48,    6,  -48,    0,  -66,    0,    0,    0,    0,    0,    0,    0,    0,    0,    0,    0,    0,    0,    0,  -18,    0,  -18,    0,    0,    0,    0,    0,    0,    0,    0,    0,    0,    0,    0,    0,    0,    0,    0,    0,    0,    0,    0,    0,    0,    0,    0,    0,    0,    0,    0,    0,    0,    0,    0,    0,    0,    0,    0,  -12,  -15,  -48,  -24,  -12,    0,
       0,    0,    0,    0,    0,    0,    0,    0,    0,    0,    0,    0,   12,    0,   -6,    0,    0,    0,  -15,   -9,   -9,   18,  -12,    0,    0,    0,    0,    0,    0,    0,    0,    0,    0,    0,    0,    0,    0,    0,   -6,   -9,    0,   -9,    0,    0,    0,    0,    0,    0,   12,   -6,    0,    0,    0,    0,    0,   24,   24,    0,    0,    0,    0,    0,    0,    0,    0,    0,    0,    0,    0,    0,    0,    0,    0,    0,    0,   -6,    0,    0,    0,   -9,  -12,  -12,    0,    0,
       0,    0,    0,    0,  -27,  -12,  -27,    0,    0,    0,    0,    0,  -22,    0,   -9,    0,    0,    0,    0,    0,    0,    0,    0,    0,    0,    0,  -13,    0,   -9,    0,  -18,    0,    0,    0,    0,    0,  -15,    0,    0,   -9,   -6,   -9,   -6,    0,    0,    0,    0,    0,  -24,   -9,    0,  -13,  -13,   -9,    0,   24,   24,   -9,    0,  -13,  -13,   -9,    0,    0,    0,    0,  -15,   -6,    0,    0,    0,    0,    0,  -18,    0,   -9,    0,  -18,    0,    0,    0,    0,    0,  -27,
       0,   12,    0,   22,  -60,    0,  -60,  -59,    0,    0,    0,    0,  -60,   -9,    0,    0,   -9,    0,   18,    0,    0,   -6,    0,    0,    0,    0,   -9,    0,   -9,    0,  -17,    0,    0,   18,    0,    0,  -11,   12,   15,   18,    0,   18,    0,    0,    0,    0,    0,    0,  -81,    0,    0,   -9,   -9,   -9,    0,   12,   12,   -9,    0,   -9,   -9,   -9,    0,   30,    0,    0,  -11,    0,    0,    0,    0,    0,    0,  -17,    0,    0,    0,    0,    0,    0,    0,   12,   17,  -60,
       0,    0,   12,    0,   -6,    0,  -24,  -24,    0,   18,    0,    0,  -18,   -9,    0,   45,   -6,    0,    0,   -9,  -12,  -18,  -24,   -6,  -18,   30,    0,    0,    0,    0,    6,    0,    0,   54,    0,    0,    0,   18,    0,    0,    0,   33,    0,    0,   42,    0,    0,    0,  -42,    0,  -12,    0,    0,    0,    0,    0,    0,    0,    0,    0,    0,    0,    0,   54,    0,    0,    0,    0,    0,   -6,    0,    0,    0,   27,   12,    0,    0,    0,   -6,   -9,  -24,    0,    0,  -24,
       0,    0,    0,  -18,    0,  -18,    0,    0,    0,    0,  -18,    0,   24,    0,  -18,    0,   18,    0,  -30,  -21,  -39,   18,  -42,    0,    0,    0,    0,    0,    0,    0,    0,    0,    0,    0,    0,    0,    0,   -6,  -12,  -18,   12,  -18,    0,    0,    0,    0,    0,    0,   18,  -12,    0,    0,    0,    0,    0,    0,    0,    0,    0,    0,    0,    0,    0,    0,    0,    0,    0,    0,    0,    0,  -12,    0,    0,    0,    0,  -18,  -12,    0,    0,  -21,  -42,  -36,  -24,    0,
       0,    0,    0,    0,  -11,    0,  -11,  -12,    0,    0,    0,    0,  -12,    0,    0,    0,    0,    0,    0,    0,   -6,   -6,   -6,    0,    0,    0,    0,    0,    0,    0,  -18,    0,    0,    0,    0,    0,    0,    0,    0,  -12,   -6,  -12,    0,    0,    0,    0,    0,    0,  -18,    0,    0,    0,    0,    0,    0,    0,    0,    0,    0,    0,    0,    0,    0,    0,    0,    0,    0,    0,    0,    0,    0,    0,    0,  -18,    0,    0,    0,  -12,    0,    0,   -6,    0,    0,  -11,
       0,    0,    0,    0,  -54,  -24,  -54,  -75,  -24,  -24,    0,    0,  -66,    0,  -18,    0,  -15,   -9,    0,    0,    0,    0,    0,   -6,    0,    0,  -33,    0,  -36,    0,  -38,    0,    0,    0,    0,    0,  -42,    0,    0,    0,    0,    0,  -12,    0,    0,  -30,  -12,    0,  -60,  -18,    0,  -33,  -33,  -36,    0,   24,   24,  -36,    0,  -33,  -33,  -36,    0,    0,    0,    0,  -42,  -12,    0,    0,    0,    0,  -12,  -38,    0,  -18,    0,  -12,    0,    0,    0,   12,   12,  -54,
       0,    0,    0,    0,  -24,    0,  -24,  -35,    0,    0,    0,    0,  -42,    0,   -9,    0,   -9,   -9,    0,    0,    0,    0,    0,   -6,    0,    0,  -12,    0,   -9,    0,  -24,    0,    0,    0,    0,    0,  -15,    0,    0,    0,  -12,    0,  -12,    0,    0,    0,  -12,    0,  -42,   -9,  -18,  -12,  -12,   -9,    0,   24,   24,   -9,    0,  -12,  -12,   -9,    0,    0,    0,    0,  -15,  -12,    0,    0,    0,    0,    0,  -24,    0,   -9,    0,    0,    0,    0,    0,    0,    0,  -24,
       0,    0,    0,   24,  -60,  -30,  -60,  -81,  -12,  -12,    0,    0,  -69,    0,  -24,    0,   -9,  -15,    0,    0,   18,    0,   12,    0,    0,    0,  -38,   15,  -43,  -12,  -54,   15,    0,    0,  -15,  -12,  -38,    0,  -12,  -12,  -18,  -12,  -19,    0,    0,  -24,  -18,    0,  -84,  -24,    0,  -62,  -56,  -43,    0,   36,   36,  -43,   15,  -62,  -38,  -43,   15,   36,   15,  -15,  -38,  -19,    0,    0,    0,    0,    0,  -54,    0,  -24,    0,  -24,    0,    0,   12,    0,   12,  -60,
       0,    0,    0,   18,    0,    0,    0,    0,    0,    0,    0,    0,   12,    0,  -18,    0,   15,    0,    0,    0,    0,   18,    0,    0,    0,    0,    0,   12,    0,    0,    0,   12,    0,    0,    0,    0,    0,    0,  -18,  -27,   12,  -27,    0,    0,    0,    0,    0,    0,   18,   -6,    0,    0,    0,    0,    0,   30,   30,    0,   12,    0,    0,    0,   12,   30,   12,    0,    0,    0,    0,    0,    0,    0,    0,    0,    0,   -6,    0,    0,    0,    0,    0,    0,    0,    0,
       0,    0,    0,    0,  -48,  -30,  -48,  -63,  -18,  -18,    0,    0,  -62,    0,  -30,    0,   -9,  -16,    0,    0,   15,    0,   15,    0,    0,    0,  -40,   12,  -48,  -12,  -39,   12,    0,    0,  -18,  -12,  -48,    0,  -18,  -18,  -21,  -18,  -18,    0,    0,  -30,  -24,    0,  -66,  -30,    0,  -40,  -58,  -48,    0,   66,   42,  -48,   12,  -58,  -58,  -48,   12,   31,   12,  -18,  -48,  -18,    0,    0,    0,    0,  -24,  -39,  -12,  -30,    0,  -24,    0,    0,   15,    0,   12,  -48,
       0,    0,    0,    0,    0,    0,    0,    0,    0,    0,    0,    0,    0,    0,   -6,    0,    0,    0,    0,    0,    0,    0,    0,    0,    0,    0,    0,    0,    0,    0,    0,    0,    0,    0,    0,    0,    0,    0,    0,   -6,    0,   -6,    0,    0,    0,    0,    0,    0,    0,   -6,    0,    0,    0,    0,    0,   12,   12,    0,    0,    0,    0,    0,    0,   18,    0,    0,    0,    0,    0,    0,    0,    0,    0,    0,    0,   -6,    0,    0,    0,    0,    0,    0,    0,    0,
       0,    0,    0,    0,    0,    0,    0,    0,    0,    0,    0,    0,    0,    0,    0,   24,    0,    0,    0,    0,    0,    0,    0,    0,    0,    0,    0,    0,    0,    0,    0,    0,    0,   25,    0,    0,    0,    0,    0,    0,    0,   31,    0,    0,    0,    0,    0,    0,    0,    0,    0,    0,    0,    0,    0,   12,   12,    0,    0,    0,    0,    0,    0,   25,    0,    0,    0,    0,    0,    0,    0,    0,    0,    0,    0,    0,    0,    0,    0,    0,    0,    0,    0,    0,
       0,    0,    0,    0,    0,    0,    0,    0,    0,    0,    0,    0,    0,    0,  -18,    0,    0,    0,  -48,  -30,  -60,    0,  -48,    0,    0,    0,    0,    0,  -12,    0,   12,    0,    0,    0,    0,    0,    0,  -12,  -18,  -18,    0,  -18,    0,    0,    0,    0,    0,    0,    0,  -18,    0,    0,    0,  -12,    0,    0,    0,  -12,    0,    0,    0,  -12,    0,    0,    0,    0,    0,    0,    0,    0,    0,    0,    0,   12,    0,  -18,    0,    0,    0,  -30,  -48,    0,    0,    0,
       0,    0,    0,  -24,    0,    0,    0,    0,    0,    0,  -15,    0,    0,    0,    0,    0,    0,    0,    0,    0,    0,    0,    0,    0,  -60,    0,    0,   -6,    0,    0,    0,    0,    0,    0,    0,    0,    0,    0,   -6,  -21,    0,  -21,    0,    0,    0,    0,    0,    0,    0,    0,    0,    0,    0,    0,    0,    0,    0,    0,   -8,    0,    0,    0,    0,    0,    0,    0,    0,    0,    0,    0,    0,    0,    0,    0,  -12,    0,    0,    0,    0,    0,    0,  -24,  -18,    0,
       0,    0,  -12,  -12,   -9,    0,   -9,  -24,    0,    0,   -9,    0,    0,    0,    0,    0,    0,    0,    0,    0,    0,    0,    0,    0,  -36,    0,    0,   -7,    0,    0,    0,   -7,    0,    0,    0,    0,    0,    6,    0,   -6,   -9,   -6,    0,    0,    0,    0,    0,    0,    0,    0,    0,    0,    0,    0,    0,    0,    0,    0,   -7,    0,    0,    0,   -7,    0,   23,    0,    0,    0,    0,    0,    0,    0,    0,    0,    0,    0,    0,    0,    0,    0,    0,  -30,  -12,   -9,
       0,    0,    0,    0,    0,    0,    0,    0,    0,    0,    0,    0,    0,    0,    0,    0,    0,    0,    0,    0,    0,    0,    0,    0,  -36,    0,   -6,   -6,    0,    0,   -9,   -6,    0,    0,    0,    0,    0,    0,    0,    0,    0,    0,    0,    0,    0,    0,    0,    0,    0,    0,    0,   -6,   -6,    0,    0,    0,    0,    0,   -6,   -6,   -6,    0,   -6,    0,   -6,    0,    0,    0,    0,    0,    0,    0,    0,   -9,    0,    0,    0,    0,    0,    0,    0,    0,   12,    0,
       0,    0,    0,    0,    0,    0,    0,    0,    0,    0,    0,    0,    0,    0,    0,    0,    0,    0,    0,    0,    0,    0,    0,    0,    0,    0,    0,    0,    0,    0,    0,    0,    0,    0,    0,    0,    0,    0,    0,  -18,    6,  -18,    0,    0,    0,    0,    0,    0,    0,    0,    0,    0,    0,    0,    0,    0,    0,    0,    0,    0,    0,    0,    0,    0,    0,    0,    0,    0,    0,    0,    0,    0,    0,    0,    0,    0,    0,    0,    0,    0,    0,  -12,    0,    0,
       0,    0,    0,    0,    0,    0,    0,    0,    0,    0,  -15,    0,    0,    0,    0,    0,    0,    0,    0,    0,    0,    0,    0,    0,  -24,    0,   -6,    0,    0,    0,    0,    0,    0,    0,    0,    0,    0,    0,    0,   -6,    0,   -6,    0,    0,    0,    0,    0,    0,    0,    0,    0,   -6,   -6,    0,    0,    0,    0,    0,    0,   -6,   -6,    0,    0,    0,   18,    0,    0,    0,    0,    0,    0,    0,    0,    0,    0,    0,    0,    0,    0,    0,    0,  -12,    0,    0,
      36,   61,   60,   60,  -12,    0,  -12,  -18,    0,    0,   32,    0,    0,    0,    0,    0,    0,    0,    0,    0,    0,    0,    0,    0,   49,   50,   -8,    0,   -9,    0,   -6,    0,   12,   18,    0,    0,  -10,    0,    0,   12,    0,   12,    0,    0,   60,    0,    0,    0,    0,    0,    0,    4,   22,    6,   72,  126,   78,   -9,    0,    8,    2,   -3,   57,   60,    0,   24,    8,   18,    0,    0,    0,   39,    0,   -6,    0,    0,    0,    0,    0,    0,    0,   48,   57,  -12,
       0,   18,    0,   12,    0,    0,    0,    0,    0,    0,    0,    0,    0,    0,    0,    0,    0,    0,    0,    0,    0,    0,    0,    0,  -18,    0,   -9,    0,   -6,    0,    0,    0,    0,   15,    0,    8,    0,   15,    0,    6,    0,    6,    0,    0,    0,    0,    0,    0,    0,    0,    0,   -9,   -9,   -6,    0,    0,    0,   -6,    0,   -9,   -9,   -6,    0,   15,    0,    0,    0,    0,    0,    0,    0,    0,    0,   30,    0,    0,    0,    0,    0,    0,    0,    9,   24,    0,
       0,    0,    0,  -12,    0,    0,    0,    0,    0,    0,  -10,    0,    0,    0,    0,    0,    0,    0,    0,    0,    0,    0,    0,    0,  -54,    0,    0,    0,    0,    0,    0,    0,    0,    0,    0,    0,    0,   -6,   -6,  -33,    0,  -33,    0,    0,    0,    0,    0,    0,    0,    0,    0,    0,    0,    0,    0,    0,    0,    0,    0,    0,    0,    0,    0,    0,    0,    0,    0,    0,    0,    0,    0,    0,    0,    0,    0,    0,    0,    0,    0,    0,    0,  -30,  -18,    0,
       0,    0,    0,    0,    0,    0,    0,    0,    0,    0,    0,    0,    0,    0,    0,    0,    0,    0,    0,    0,    0,    0,    0,    0,    0,    0,    0,    0,    0,    0,    0,    0,    0,    0,    0,    0,    0,    0,    0,  -21,    0,  -21,    0,    0,    0,    0,    0,    0,    0,    0,    0,    0,    0,    0,    0,    0,    0,    0,    0,    0,    0,    0,    0,    0,    0,    0,    0,    0,    0,    0,    0,    0,    0,    0,    0,    0,    0,    0,    0,    0,    0,  -18,    0,    0,
       0,    0,    0,    0,  -12,    0,  -12,    0,    0,    0,    0,    0,    0,    0,    0,    0,    0,    0,    0,    0,    0,    0,    0,    0,    0,    0,    0,    0,    0,    0,  -12,    0,    0,    0,    0,    0,    0,    0,    0,    0,    0,    0,    0,    0,    0,    0,    0,    0,    0,    0,    0,    0,    0,    0,    0,    0,    0,    0,    0,    0,    0,    0,    0,    0,    0,    0,    0,    0,    0,    0,    0,    0,    0,  -12,    0,    0,    0,    0,    0,    0,    0,    0,    0,  -12,
       0,    0,    0,    0,    0,    0,    0,    0,    0,    0,   -9,    0,    0,    0,    0,    0,    0,    0,    0,    0,    0,    0,    0,    0,  -12,    0,   -9,  -12,  -12,    0,    0,    0,    0,    6,    0,    0,   -9,    0,    0,    0,    6,    0,    0,    0,    0,    0,    0,    0,    0,    0,    0,   -9,   -9,  -12,    0,    0,    0,   -6,    0,   -9,   -9,  -12,    0,    0,    0,    0,   -9,    0,    0,    0,    0,    0,    0,    0,    0,    0,    0,    0,  -12,    0,    0,    0,    0,    0,
       0,    0,    0,    0,    0,    0,    0,    0,    0,    0,  -12,    0,    0,    0,    0,    0,    0,    0,    0,    0,    0,    0,    0,    0,    0,    0,    0,    0,    0,    0,    0,    0,    0,    0,    0,    0,    0,    0,    0,  -12,    0,  -12,    0,    0,    0,    0,    0,    0,    0,    0,    0,    0,    0,    0,    0,    0,    0,    0,    0,    0,    0,    0,    0,    0,    0,    0,    0,    0,    0,    0,    0,    0,    0,    0,    0,    0,    0,    0,    0,    0,    0,  -18,  -12,    0,
       0,    0,    0,    0,    0,    0,    0,    0,    0,    0,   -9,    0,    0,    0,    0,    0,    0,    0,    0,    0,    0,    0,    0,    0,  -30,    0,    0,    0,    0,    0,    0,    0,    0,   40,    0,    6,    0,    0,    0,  -12,    0,   18,    0,    0,    0,    0,    0,    0,    0,    0,    0,    0,    0,    0,    0,    0,    0,    0,    0,    0,    0,    0,    0,   40,    0,    0,    0,    0,    0,    0,    0,    0,    0,    0,    0,    0,    0,    0,    0,    0,    0,  -18,    0,    0,
       0,    0,    0,   12,  -36,  -12,  -36,  -36,    0,    0,  -12,    0,    0,    0,    0,    0,    0,    0,    0,    0,    0,    0,    0,    0,    0,    0,  -15,   -9,  -12,    0,  -19,   -9,    0,    0,    0,    0,  -14,    9,    0,    0,    0,    0,    0,    0,    0,    0,    0,    0,    0,    0,    0,  -15,  -15,  -12,    0,    0,    0,  -12,   -9,  -15,  -15,  -12,   -9,    0,   -9,    0,  -14,    0,    0,    0,    0,    0,    0,  -19,    0,    0,    0,    0,    0,    0,    0,   18,   18,  -36,
       0,    0,    0,    0,   -9,    0,   -9,  -18,    0,    0,  -15,    0,    0,    0,    0,    0,    0,    0,    0,    0,    0,    0,    0,    0,  -30,    0,   -9,    0,    0,    0,   -9,    0,    0,    0,    0,    0,    0,    0,    0,   -6,   -6,   -6,    0,    0,    0,    0,    0,    0,    0,    0,    0,   -9,   -9,    0,    0,    0,    0,    0,    0,   -9,   -9,    0,    0,    0,    0,    0,    0,    0,    0,    0,    0,    0,    0,   -9,    0,    0,    0,    0,    0,    0,    0,  -12,    0,   -9,
       0,    0,    0,    0,    0,    0,    0,    0,    0,    0,    0,    0,    0,    0,    0,    0,    0,    0,    0,    0,    0,    0,    0,    0,  -30,    0,    0,    0,    0,    0,    0,    0,    0,    0,    0,    0,    0,    0,    0,   -6,    0,   -6,    0,    0,    0,    0,    0,    0,    0,    0,    0,    0,    0,    0,    0,    0,    0,    0,    0,    0,    0,    0,    0,    0,    0,    0,    0,    0,    0,    0,    0,    0,    0,    0,    0,    0,    0,    0,    0,    0,    0,    9,   12,    0,
       0,    0,    0,    0,    0,    0,    0,    0,    0,    0,  -15,    0,    0,    0,    0,    0,    0,    0,    0,    0,    0,    0,    0,    0,  -36,    0,    0,    0,    0,    0,    0,    0,    0,    0,    0,    0,    0,    0,    0,  -12,   12,  -12,    0,    0,    0,    0,    0,    0,    0,    0,    0,    0,    0,    0,    0,    0,    0,    0,    0,    0,    0,    0,    0,    0,    0,    0,    0,    0,    0,    0,    0,    0,    0,    0,    0,    0,    0,    0,    0,    0,    0,  -12,  -12,    0,
       0,    0,    0,   30,  -48,   -9,  -48,  -33,    0,    0,    0,    0,    0,    0,    0,    0,    0,    0,    0,    0,    0,    0,    0,    0,    0,    0,   -7,  -16,  -12,   15,  -27,  -16,    6,   14,    6,   12,  -20,   18,   24,    9,    9,    9,    0,    0,    0,    0,    0,    0,    0,    0,    0,   -7,   -7,  -12,    6,    0,    0,  -12,  -16,   -7,   -7,  -12,  -16,   24,  -16,    6,  -20,    0,    0,    0,   12,    0,    0,  -27,    0,    0,    0,    0,    0,    0,    0,   24,   30,  -48,
       0,    0,    0,   12,    0,    0,    0,    0,    0,    0,    0,    0,    0,    0,    0,    0,    0,    0,    0,    0,    0,    0,    0,    0,    0,    0,    0,    0,   -9,    0,    0,    0,    0,    0,    0,   18,    0,   12,    0,    9,    6,    9,    0,    0,    0,    0,    0,    0,    0,    0,    0,    0,    0,   -9,    0,    0,    0,   -9,    0,    0,    0,   -9,    0,    0,    0,    0,    0,    0,    0,    0,    0,    0,    0,    0,    0,    0,    0,    0,    0,    0,    0,   24,   30,    0,
       0,    0,    0,    0,    0,    0,    0,    0,    0,    0,    0,    0,    0,    0,    0,    0,    0,    0,    0,    0,    0,    0,    0,    0,  -30,    0,    0,    0,    0,    0,   -6,    0,    0,    0,    0,    0,    0,    0,    0,    0,    0,    0,    0,    0,    0,    0,    0,    0,    0,    0,    0,    0,    0,    0,    0,    0,    0,    0,    0,    0,    0,    0,    0,    0,    0,    0,    0,    0,    0,    0,    0,    0,    0,   -6,    0,    0,    0,    0,    0,    0,    0,    0,    0,    0,
       0,    0,    0,    0,    0,    0,    0,    0,    0,    0,    0,    0,    0,    0,    0,   36,    0,    0,    0,    0,    0,    0,    0,    0,    0,    0,    0,    0,    0,    0,    0,    0,    0,   31,    0,    0,    0,    0,    0,   33,    0,   33,    0,    0,    0,    0,    0,    0,    0,    0,    0,    0,    0,    0,    0,   12,   12,    0,    0,    0,    0,    0,    0,   31,    0,    0,    0,    0,    0,    0,    0,    0,    0,    0,    0,    0,    0,    0,    0,    0,    0,    0,    0,    0,
       0,    0,    0,    0,    0,    0,    0,    0,    0,    0,    0,    0,    0,    0,    0,   24,    0,    0,    0,    0,  -18,    0,  -24,    0,    0,    0,    0,    0,    0,    0,    0,    0,    0,   24,    0,    0,    0,    0,    0,    0,    0,    0,    0,    0,    0,    0,    0,    0,    0,    0,    0,    0,    0,    0,    0,    0,    0,    0,    0,    0,    0,    0,    0,    0,    0,    0,    0,    0,    0,    0,    0,    0,    0,    0,    0,    0,    0,    0,    0,    0,  -24,    0,    0,    0,
       0,    0,    0,    0,    0,    0,    0,    0,    0,    0,    0,    0,    0,    0,    0,    0,    0,    0,  -12,  -12,  -18,    0,  -24,    0,    0,    0,    0,    0,    0,    0,    0,    0,    0,    0,    0,    0,    0,    0,    0,    0,    0,    0,    0,    0,    0,    0,    0,    0,    0,    0,    0,    0,    0,    0,    0,    0,    0,    0,    0,    0,    0,    0,    0,    0,    0,    0,    0,    0,    0,    0,    0,    0,    0,    0,    0,    0,    0,    0,    0,  -12,  -24,    0,    0,    0,
       0,    0,    0,    0,  -12,    0,  -12,    0,    0,    0,    0,    0,  -18,  -12,    0,    0,    0,    0,  -18,    0,  -24,    0,  -30,    0,    0,    0,    0,    0,    0,    0,    0,    0,    0,    0,    0,    0,    0,    0,    0,    0,    0,    0,    0,    0,    0,    0,    0,    0,  -30,    0,    0,    0,    0,    0,    0,    0,    0,    0,    0,    0,    0,    0,    0,    0,    0,    0,    0,    0,    0,    0,    0,    0,    0,    0,    0,    0,    0,    0,    0,    0,  -30,    0,    0,  -12,
       0,    0,    0,    0,    0,    0,    0,    0,    0,    0,    0,    0,    0,  -12,  -15,   18,    0,    0,  -24,  -18,  -45,    0,  -32,    0,    0,    0,  -18,  -18,  -18,  -12,    0,  -18,    0,    0,  -12,    0,  -24,  -12,  -12,  -18,  -18,  -18,  -18,    0,    0,    0,    0,    0,    0,  -15,  -18,  -18,  -18,  -18,    0,    0,    0,  -18,  -18,  -18,  -18,  -18,  -18,    0,  -18,  -12,  -24,  -18,    0,    0,    0,    0,    0,    0,    0,  -15,    0,    0,    0,  -18,  -32,    0,    0,    0,
       0,    0,  -18,    0,  -24,    0,  -24,  -24,    0,    0,    0,    0,  -18,   -9,    0,  -12,   -6,    0,    0,   -9,   -6,  -12,  -18,   -6,  -18,    0,    0,    0,    0,    0,   -6,    0,    0,    0,    0,    0,    0,   18,    0,    0,    0,    0,    0,    0,    0,    0,    0,    0,  -42,    0,  -12,    0,    0,    0,    0,    0,    0,    0,    0,    0,    0,    0,    0,    0,    0,    0,    0,    0,    0,   -6,    0,    0,    0,   -6,    0,    0,    0,    0,   -6,   -9,  -18,    0,    0,  -24,
       0,    0,  -18,    0,  -47,    0,  -47,  -60,    0,    0,  -12,    0,  -60,  -27,    0,  -24,  -27,  -12,  -18,  -21,  -39,  -42,  -45,    0,  -48,  -18,   -8,  -12,    0,    0,  -12,  -12,    0,    0,    0,    0,   -8,    0,    0,    0,   -6,    0,    0,    0,    0,    0,    0,    0,  -66,    0,    0,   -8,   -8,    0,    0,    0,    0,    0,  -12,   -8,   -8,    0,  -12,    0,  -12,    0,   -8,    0,    0,  -24,    0,    0,    0,  -12,    0,    0,    0,    0,    0,  -21,  -63,    0,    0,  -47,
       0,    0,    0,  -12,   -9,    0,   -9,  -12,    0,    0,  -18,    0,    0,    0,    0,    0,    0,    0,    0,    0,    0,    0,    0,    0,  -30,    0,    0,    0,    0,    0,    0,    0,    0,    0,   -9,   -9,    0,    0,  -12,  -24,    0,  -24,    0,    0,    0,    0,    0,    0,    0,    0,    0,    0,    0,    0,    0,    0,    0,    0,    0,    0,    0,    0,    0,    0,    0,   -9,    0,    0,    0,    0,    0,    0,    0,    0,    0,    0,    0,    0,    0,    0,    0,  -24,  -18,   -9,
       0,    0,   12,   12,    0,    0,    0,    0,    0,    0,    0,    0,    0,    0,    0,    0,    0,    0,    0,    0,    0,    0,    0,    0,   12,   12,    0,   30,    0,    0,    0,   30,    0,    0,    0,    0,    0,    0,    0,    0,    0,    0,    0,    0,   12,    0,    0,    0,    0,    0,    0,    0,    0,    0,    0,   30,   30,    0,   30,    0,    0,    0,   30,    0,   30,    0,    0,    0,    0,    0,    0,    0,    0,    0,    0,    0,    0,    0,    0,    0,    0,    0,   12,    0,
       0,    0,  -12,  -12,   -9,    0,   -9,  -60,    0,    0,   -9,    0,    0,    0,    0,    0,    0,    0,    0,    0,    0,    0,    0,    0,  -54,    0,    0,   -7,    0,    0,    0,   -7,    0,    0,    0,    0,    0,    6,    0,   -6,   -9,   -6,    0,    0,    0,    0,    0,    0,    0,    0,    0,    0,    0,    0,    0,    0,    0,    0,   -7,    0,    0,    0,   -7,    0,   23,    0,    0,    0,    0,    0,    0,    0,    0,    0,    0,    0,    0,    0,    0,    0,    0,  -48,  -12,   -9,
       0,    0,  -12,  -12,   -9,    0,   -9,  -24,    0,    0,   -9,    0,    0,    0,    0,    0,    0,    0,    0,    0,    0,    0,    0,    0,  -36,    0,    0,   -7,    0,    0,    0,   -7,    0,    0,    0,    0,    0,    6,    0,    0,   -9,    0,    0,    0,    0,    0,    0,    0,    0,    0,    0,    0,    0,    0,    0,    0,    0,    0,   -7,    0,    0,    0,   -7,    0,   23,    0,    0,    0,    0,    0,    0,    0,    0,    0,    0,    0,    0,    0,    0,    0,    0,  -30,  -12,   -9,
       0,  -30,    0,  -49,    0,  -18,    0,   12,    0,    0,  -33,    0,   15,    0,  -11,   12,   12,    0,  -60,  -36,  -66,   12,  -63,    6,  -60,    0,    0,   -9,    0,    0,    0,    0,    0,   24,    0,    0,    0,   -9,  -12,  -39,   12,  -39,    0,    0,    0,  -18,    0,    0,   18,   -2,    0,    0,    0,    0,    0,    0,    0,    0,    0,    0,    0,    0,    0,   24,    0,    0,    0,    0,    0,    0,    0,    0,    0,    0,    0,   -2,    0,    0,  -18,  -48,  -63,  -54,  -42,    0,
       0,    0,    0,  -24,    0,    0,    0,    0,    0,    0,  -15,    0,    0,    0,    0,    0,    0,    0,    0,    0,    0,    0,    0,    0,  -60,    0,    0,   -6,    0,    0,    0,    0,    0,   54,    0,    0,    0,    0,   -6,  -21,    0,  -21,    0,    0,    0,    0,    0,    0,    0,    0,    0,    0,    0,    0,    0,    0,    0,    0,   -8,    0,    0,    0,    0,   54,    0,    0,    0,    0,    0,    0,    0,    0,    0,    0,  -12,    0,    0,    0,    0,    0,    0,  -24,  -18,    0,
      18,    0,   54,   42,    0,    0,    0,    0,    0,    0,   30,    0,    0,    0,    0,    0,    0,    0,    0,    0,    0,    0,    0,    0,   36,   36,    0,   63,    0,   24,    0,   63,   24,   36,    0,    0,    0,   24,   18,   18,    0,   18,    0,    0,   48,    0,    0,    0,    0,    0,    0,    0,   24,    0,   24,    0,    0,    0,   63,    0,    0,    0,   63,   54,   63,   30,   30,   21,    0,    0,    0,   36,    0,    0,    0,    0,    0,    0,    0,    0,    0,   36,   48,    0,
       0,    0,    0,    0,    0,    0,    0,    0,    0,    0,    0,    0,    0,    0,    0,    0,    0,    0,    0,    0,    0,    0,    0,    0,    0,    0,    0,    0,    0,    0,    0,    0,    0,   18,    0,    0,    0,    0,    0,    0,    0,    0,    0,    0,    0,    0,    0,    0,    0,    0,    0,    0,    0,    0,    0,    0,    0,    0,    0,    0,    0,    0,    0,    0,    0,    0,    0,    0,    0,    0,    0,    0,    0,    0,    0,    0,    0,    0,    0,    0,    0,    0,    6,    0,
       0,    0,    0,    0,    0,    0,    0,    0,    0,    0,  -15,    0,    0,    0,    0,    0,    0,    0,    0,    0,    0,    0,    0,    0,  -24,    0,   -6,    0,    0,    0,    0,    0,    0,   18,    0,    0,    0,    0,    0,   -6,    0,   -6,    0,    0,    0,    0,    0,    0,    0,    0,    0,   -6,   -6,    0,    0,    0,    0,    0,    0,   -6,   -6,    0,    0,   18,   18,    0,    0,    0,    0,    0,    0,    0,    0,    0,    0,    0,    0,    0,    0,    0,    0,  -12,    0,    0,
       0,    0,    0,    0,    0,    0,    0,    0,    0,    0,    0,    0,    0,    0,   -9,    0,    0,    0,    0,    0,    0,    0,    0,    0,    0,    0,    0,    0,   -9,    0,    0,    0,    0,   18,    0,    0,    0,    0,   -7,  -18,    0,  -18,    0,    0,    0,  -12,    0,    0,    0,   -9,    0,    0,    0,   -9,    0,   12,   12,   -9,    0,    0,    0,   -9,    0,   12,    0,    0,    0,    0,    0,    0,    0,    0,    0,    0,    0,   -9,    0,    0,    0,    0,    0,    0,    0,    0,
       0,    0,    0,    0,    0,    0,    0,    0,    0,    0,    0,    0,    0,    0,    0,    0,    0,    0,    0,    0,    0,    0,    0,    0,    0,    0,    0,    0,    0,    0,    0,    0,    0,   42,    0,    0,    0,    0,    0,  -21,    0,  -21,    0,    0,    0,    0,    0,    0,    0,    0,    0,    0,    0,    0,    0,    0,    0,    0,    0,    0,    0,    0,    0,   42,    0,    0,    0,    0,    0,    0,    0,    0,    0,    0,    0,    0,    0,    0,    0,    0,    0,  -18,    0,    0,
       0,    0,    0,    0,  -12,    0,  -12,    0,    0,    0,    0,    0,    0,    0,    0,    0,    0,    0,    0,    0,    0,    0,    0,    0,    0,    0,    0,   24,    0,    0,  -12,   24,    0,    0,    0,    0,    0,    0,    0,    0,    0,    0,    0,    0,    0,    0,    0,    0,    0,    0,    0,    0,    0,    0,    0,    0,    0,    0,   24,    0,    0,    0,   24,    0,   24,    0,    0,    0,    0,    0,    0,   15,    0,  -12,    0,    0,    0,    0,    0,    0,    0,   24,   24,  -12,
       0,    0,    0,    0,    0,    0,    0,    0,    0,    0,  -12,    0,    0,    0,    0,    0,    0,    0,    0,    0,    0,    0,    0,    0,    0,    0,    0,    0,    0,   24,    0,    0,   24,   30,   24,   30,    0,   24,   24,   18,   18,   18,    0,    0,    0,    0,    0,    0,    0,    0,    0,    0,    0,    0,   24,    0,    0,    0,    0,    0,    0,    0,    0,    0,    0,   24,    0,    0,    0,    0,    0,    0,    0,    0,    0,    0,    0,    0,    0,    0,    0,  -18,  -12,    0,
       0,    0,    0,    0,    0,    0,    0,    0,    0,    0,    0,    0,    0,    0,    0,    0,    0,    0,    0,    0,    0,    0,    0,    0,  -30,    0,    0,    0,    0,    0,    0,    0,    0,   12,    0,    0,    0,    0,    0,   -6,    0,   -6,    0,    0,    0,    0,    0,    0,    0,    0,    0,    0,    0,    0,    0,    0,    0,    0,    0,    0,    0,    0,    0,    0,    0,    0,    0,    0,    0,    0,    0,    0,    0,    0,    0,    0,    0,    0,    0,    0,    0,    9,   12,    0,
       0,    0,    0,    0,    0,    0,    0,    0,    0,    0,  -15,    0,    0,    0,    0,    0,    0,    0,    0,    0,    0,    0,    0,    0,  -36,    0,    0,    0,    0,    0,    0,    0,    0,   42,    0,    0,    0,    0,    0,  -12,   12,  -12,    0,    0,    0,    0,    0,    0,    0,    0,    0,    0,    0,    0,    0,    0,    0,    0,    0,    0,    0,    0,    0,   42,    0,    0,    0,    0,    0,    0,    0,    0,    0,    0,    0,    0,    0,    0,    0,    0,    0,  -12,  -12,    0,
       0,    0,    0,    0,    0,  -12,    0,    0,    0,    0,    0,    0,    0,    0,  -14,    0,    0,    0,    0,    0,    0,    0,    0,    0,    0,    0,   -9,   42,   -9,    0,   -9,   42,    0,    0,    0,    0,  -12,    0,   -6,   -8,    0,   -8,    0,   38,    0,    0,    0,    0,    0,  -14,    0,   -9,   -9,   -9,    0,    0,    0,   -9,   42,   -9,   -9,   -9,   42,    0,   42,    0,  -12,    0,    0,    0,    0,    0,    0,   -9,    0,  -14,    0,    0,    0,    0,    0,    0,    0,    0,
       0,   96,    0,   96,    0,    0,    0,    0,    0,    0,    0,    0,    0,    0,    0,    0,    0,    0,    0,    0,    0,    0,    0,    0,  -36,    0,   -6,   87,    0,    0,   -9,   87,    0,    0,    0,    0,    0,    0,    0,    0,    0,    0,    0,   78,    0,    0,    0,    0,    0,    0,    0,   -6,   -6,    0,    0,    0,    0,    0,   87,   -6,   -6,    0,   87,    0,   87,    0,    0,    0,    0,    0,    0,    0,    0,   -9,    0,    0,    0,    0,    0,    0,    0,    0,   96,    0,
       0,    0,   24,    0,  -24,    0,  -24,  -24,    0,    0,    0,    0,  -16,    9,    0,    0,    0,    0,   12,   18,   24,    6,   24,    6,   18,   12,    0,   36,    0,    0,   -6,   36,    0,    0,    0,    0,    0,   18,    0,    0,    0,    0,    0,    0,   18,    0,    0,    0,  -42,    0,    0,    0,    0,    0,    0,    0,    0,    0,   36,    0,    0,    0,   36,    0,   36,    0,    0,    0,    0,    0,    0,    0,    0,   -6,    0,    0,    0,    0,    0,   18,   24,    0,   18,  -24,
       0,   18,    0,   24,   -9,    0,   -9,  -24,    0,    0,    0,    0,    0,    0,    0,    0,    0,    0,    0,    0,    0,    0,    0,    0,    0,    0,    0,   18,    0,   12,    0,   18,    0,    0,   12,   18,    0,   18,   12,   24,   12,   24,    0,    0,    0,    0,    0,    0,    0,    0,    0,    0,    0,    0,    0,    0,    0,    0,   18,    0,    0,    0,   18,    0,   18,   12,    0,    0,    0,    0,    0,   12,    0,    0,    0,    0,    0,    0,    0,    0,    0,   36,   24,   -9,
       0,    0,   30,   18,  -24,    0,  -24,  -35,    0,    0,    0,    0,  -39,    6,   -9,    0,    0,   -9,    0,   18,   24,    0,   24,    0,   21,   12,  -12,   30,   -9,    0,  -24,   30,    0,    0,    0,    0,  -15,    0,    0,    0,  -12,    0,  -12,    0,   24,    0,  -12,    0,  -42,   -9,    0,  -12,  -12,   -9,    0,   48,   48,   -9,   30,  -12,  -12,   -9,   30,    0,   30,    0,  -15,  -12,    0,    0,    0,    0,    0,  -24,    0,   -9,    0,    0,    0,   18,   24,    0,   18,  -24,
       0,    0,    0,   24,    0,    0,    0,    0,    0,    0,    0,    0,    0,    0,    0,    0,    0,    0,    0,    0,    0,    0,    0,    0,    0,    0,    0,    0,    0,    0,    0,    0,    0,    0,    0,    0,    0,   12,    0,   12,   12,   12,    0,    0,    0,    0,    0,    0,    0,    0,    0,    0,    0,    0,    0,    0,    0,    0,    0,    0,    0,    0,    0,    0,    0,    0,    0,    0,    0,    0,    0,   12,    0,    0,    0,    0,    0,    0,    0,    0,    0,   12,   18,    0,
       0,    0,    0,    0,  -75,  -66,  -75,  -72,  -18,  -18,    0,  -36,  -75,    0,  -18,    0,    0,   -6,    0,    0,   18,    0,   24,    0,    0,    0,    0,    0,  -48,  -25,    0,    0,    0,    0,    0,    0,  -32,    0,    0,    0,  -15,    0,  -33,    0,    0,    0,  -24,    0,  -90,  -18,    0,    0,    0,  -48,    0,    0,    0,  -48,    0,    0,    0,  -48,    0,    0,    0,    0,  -32,  -33,    0,    0,    0,    0,    0,    0,    0,  -18,    0,    0,    0,    0,   24,    0,    0,  -75,
       0,  112,    0,  126,    0,    0,    0,    0,    0,    0,    0,    0,    0,    0,    0,    0,    0,    0,    0,    0,    0,    0,    0,    0,  127,    0,    0,   36,    0,    0,    0,   36,    0,    0,    0,    0,    0,    0,    0,    0,    0,    0,    0,  108,  127,    0,    0,    0,    0,    0,    0,    0,    0,    0,    0,    0,    0,    0,   36,    0,    0,    0,   36,    0,   36,    0,    0,    0,    0,    0,    0,    0,    0,    0,    0,    0,    0,    0,    0,    0,    0,  120,  126,    0,
       0,    0,    0,    0,    0,    0,    0,    0,    0,    0,    0,    0,    0,    0,    0,    0,    0,    0,    0,    0,    0,    0,    0,    0,    0,    0,    0,    0,    0,    0,    0,    0,    0,    0,    0,    0,    0,    0,    0,   18,    0,   18,    0,    0,    0,    0,    0,    0,    0,    0,    0,    0,    0,    0,    0,    0,    0,    0,    0,    0,    0,    0,    0,    0,    0,    0,    0,    0,    0,    0,    0,    0,    0,    0,    0,    0,    0,    0,    0,    0,    0,    0,    0,    0,
       0,   18,    0,   12,    0,    0,    0,    0,    0,    0,    0,    0,    0,    0,    0,    0,    0,    0,    0,    0,    0,    0,    0,    0,  -18,    0,   -9,    0,   -6,    0,   42,    0,    0,   15,    0,    8,    0,   15,    0,    6,    0,    6,    0,    0,    0,    0,    0,    0,    0,    0,    0,   -9,   -9,   -6,    0,    0,    0,   -6,    0,   -9,   -9,   -6,    0,   15,    0,    0,    0,    0,    0,    0,    0,    0,    0,   30,    0,    0,    0,    0,    0,    0,    0,    9,   24,    0,
       0,    0,    0,    0,    0,    0,    0,    0,    0,    0,    0,    0,    0,    0,    0,    0,    0,    0,    0,    0,    0,    0,    0,    0,    0,    0,    0,    0,   -9,    0,    0,    0,    0,    0,    0,    0,    0,    0,    0,    0,    0,    0,    0,    0,    0,    0,    0,    0,    0,    0,    0,    0,    0,   -9,    0,    0,    0,   -9,    0,    0,    0,   -9,    0,    0,    0,    0,    0,    0,    0,    0,    0,    0,    0,    0,    0,    0,    0,    0,    0,    0,    0,    0,    0,    0,
       0,    0,  -18,    0,  -24,    0,  -24,  -24,    0,    0,    0,    0,  -18,   -9,    0,  -12,   -6,    0,    0,   -9,  -12,  -12,  -24,   -6,  -18,    0,    0,    0,    0,    0,   -6,    0,    0,    0,    0,    0,    0,   18,    0,    0,    0,    0,    0,    0,    0,    0,    0,    0,  -42,    0,  -12,    0,    0,    0,    0,    0,    0,    0,    0,    0,    0,    0,    0,    0,    0,    0,    0,    0,    0,   -6,    0,    0,    0,   -6,    0,    0,    0,    0,   -6,   -9,  -24,    0,    0,  -24,
       0,    0,    0,    0,    0,    0,    0,    0,    0,    0,    0,    0,    0,    0,    0,    0,    0,    0,    0,    0,    0,    0,    0,    0,  -30,    0,    0,    0,   12,    0,    0,    0,    0,    0,    0,    0,    0,    0,    0,    0,    0,    0,    0,    0,    0,    0,    0,    0,    0,    0,    0,    0,    0,   12,    0,    0,    0,   12,    0,    0,    0,   12,    0,    0,    0,    0,    0,    0,    0,    0,    0,    0,    0,    0,    0,    0,    0,    0,    0,    0,    0,    0,    0,    0,
       0,  -32,    0,  -57,   12,    0,   12,    0,    0,    0,    0,    0,    0,    0,    0,    0,    0,    0,    0,    0,    0,    0,    0,    0,  -57,    0,    0,    0,    0,    0,    0,    0,    0,    0,    0,    0,    0,    0,    0,  -36,    0,  -36,    0,    0,    0,    0,    0,    0,    0,    0,    0,    0,    0,    0,    0,    0,    0,    0,    0,    0,    0,    0,    0,    0,    0,    0,    0,    0,    0,    0,    0,    0,    0,    0,    0,    0,    0,    0,    0,    0,    0,    0,  -54,   12,
       0,    0,    0,    0,   24,    0,    0,    0,    0,   24,    0,    0,    0,    0,    0,    0,    0,    0,    0,    0,    0,    0,    0,    0,    0,    0,    0,    0,    0,    0,    0,    0,    0,   60,    0,    0,    0,    0,    0,    0,    0,   36,    0,    0,    0,    0,    0,    0,    0,    0,    0,    0,    0,    0,    0,    0,    0,    0,    0,    0,    0,    0,    0,   60,    0,    0,    0,    0,    0,    0,    0,    0,    0,    0,    0,    0,    0,    0,    0,    0,    0,    0,    0,    0,
       0,    0,    0,    0,  -24,    0,  -24,  -35,    0,    0,    0,    0,  -54,    0,   -9,    0,   -9,   -9,    0,    0,    0,    0,    0,   -6,    0,    0,  -12,    0,   -9,    0,  -24,    0,    0,    0,    0,    0,  -15,    0,    0,    0,  -12,    0,  -12,    0,    0,    0,  -12,    0,  -42,   -9,  -18,  -12,  -12,   -9,    0,   24,   24,   -9,    0,  -12,  -12,   -9,    0,    0,    0,    0,  -15,  -12,    0,    0,    0,    0,    0,  -24,    0,   -9,    0,    0,    0,   12,    0,    0,    0,  -24,
       0,    0,    0,    0,  -12,    0,  -12,    0,    0,    0,    0,    0,    0,    0,    0,    0,    0,    0,    0,    0,    0,    0,    0,    0,    0,    0,    0,    0,   12,    0,  -12,    0,    0,    0,    0,    0,    0,    0,    0,    0,    0,    0,    0,    0,    0,    0,    0,    0,    0,    0,    0,    0,    0,   12,    0,    0,    0,   12,    0,    0,    0,   12,    0,    0,    0,    0,    0,    0,    0,    0,    0,    0,    0,  -12,    0,    0,    0,    0,    0,    0,    0,    0,    0,  -12,
       0,  -18,   42,    0,    0,    0,    0,    0,    0,    0,    0,    0,    0,    0,    0,   75,    0,    0,  -18,    0,  -18,    0,  -18,    0,  -36,    0,    0,    0,    0,    0,    0,    0,    0,    0,    0,    0,    0,    0,    0,    0,    0,    0,    0,    0,    0,    0,    0,    0,    0,    0,    0,    0,    0,    0,    0,    0,    0,    0,    0,    0,    0,    0,    0,    0,    0,    0,    0,    0,    0,    0,    0,    0,    0,    0,    0,    0,    0,    0,    0,    0,  -18,    0,  -30,   42,
       0,    0,   75,    0,   90,    0,    0,    0,    0,   90,    0,    0,    0,    0,    0,    0,    0,    0,    0,    0,    0,    0,    0,    0,  -30,    0,    0,    0,    0,    0,    0,    0,    0,    0,    0,    0,    0,    0,    0,   -6,    0,   96,    0,   33,    0,    0,    0,    0,    0,    0,    0,    0,    0,    0,    0,    0,    0,    0,    0,    0,    0,    0,    0,    0,    0,    0,    0,    0,    0,    0,    0,    0,    0,    0,    0,    0,    0,    0,    0,    0,    0,    0,    0,   90,
       0,    0,    0,    0,  -48,    0,  -48,    0,    0,    0,    0,    0,  -42,    0,    0,    0,    0,    0,   24,    0,   12,    0,   12,    0,    0,    0,    0,   12,  -18,    0,  -18,   12,    0,    6,    0,    0,  -18,    0,    0,    6,    0,    6,    0,    0,    0,    0,    0,  -66,  -72,    0,    0,    0,    0,  -18,    0,   30,   30,  -18,   12,    0,    0,  -18,   12,   30,   12,    0,  -18,    0,    0,    0,    0,    0,    0,  -18,    0,    0,    0,    0,    0,    0,   12,    0,    0,  -48,
       0,    0,    0,    0,  -48,    0,  -48,    0,    0,    0,    0,    0,  -60,    0,  -24,    0,    0,  -12,    0,    0,   12,    0,   12,    0,    0,    0,  -24,    6,  -30,    0,  -51,    6,    0,    0,    0,    0,  -48,    6,    0,    0,    0,    0,  -12,    0,    0,    0,    0,    0,  -99,  -24,    0,  -24,  -24,  -30,    0,   12,   12,  -30,    6,  -24,  -24,  -30,    6,   24,    6,    0,  -48,  -12,    0,    0,    0,    0,    0,  -51,    0,  -24,    0,    0,    0,    0,   12,    0,    0,  -48,
};

static const EpdLigaturePair bookerly_18_regularLigaturePairs[] = {
    { 0x00660066, 0xFB00 }, // f f -> U+FB00
    { 0x00660069, 0xFB01 }, // f i -> U+FB01
    { 0x0066006C, 0xFB02 }, // f l -> U+FB02
    { 0xFB000069, 0xFB03 }, // U+FB00 i -> U+FB03
    { 0xFB00006C, 0xFB04 }, // U+FB00 l -> U+FB04
};

static const EpdFontData bookerly_18_regular = {
    bookerly_18_regularBitmaps,
    bookerly_18_regularGlyphs,
    bookerly_18_regularIntervals,
    40,
    49,
    40,
    -10,
    true,
    bookerly_18_regularGroups,
    10,
    bookerly_18_regularKernLeftClasses,
    bookerly_18_regularKernRightClasses,
    bookerly_18_regularKernMatrix,
    680,
    693,
    96,
    84,
    bookerly_18_regularLigaturePairs,
    5,
};
