/**
 * generated by fontconvert.py
 * name: bookerly_14_bolditalic
 * size: 14
 * mode: 2-bit  compressed: true
 * Command used: /mnt/Data/Projects/github/crosspoint-reader-vi/lib/EpdFont/scripts/fontconvert.py bookerly_14_bolditalic 14 /mnt/Data/Projects/github/crosspoint-reader-vi/lib/EpdFont/scripts/../builtinFonts/source/Bookerly/Bookerly-BoldItalic.ttf --additional-intervals 0x0180,0x024F --additional-intervals 0x1E00,0x1EFF --2bit --compress
 */
#pragma once
#include "EpdFontData.h"

static const uint8_t bookerly_14_bolditalicBitmaps[39223] = {
    0x9D, 0x59, 0x3D, 0xAC, 0xDE, 0xE6, 0x75, 0x3E, 0x24, 0x7D, 0xC5, 0x00, 0x2C, 0x40, 0x0D, 0x96,
    0xD1, 0x24, 0x03, 0x3B, 0xB4, 0x40, 0xD1, 0xA2, 0xE6, 0x1A, 0x14, 0x89, 0x5E, 0xAA, 0x1A, 0x34,
    0x78, 0xF0, 0x1D, 0xAC, 0x14, 0x48, 0xD0, 0xA6, 0x43, 0xA7, 0xA0, 0xC0, 0x5D, 0x3A, 0x64, 0xD1,
    0x25, 0x6B, 0x01, 0xF5, 0xE0, 0x41, 0x77, 0xC8, 0x94, 0x2C, 0x19, 0x0C, 0xD4, 0xBA, 0x06, 0x7A,
    0x33, 0x64, 0xC8, 0x50, 0x5D, 0x52, 0xD2, 0xA0, 0x21, 0x83, 0x59, 0xB9, 0xAE, 0x06, 0x0F, 0xA2,
    0x63, 0x17, 0x2E, 0xEC, 0xE1, 0xB2, 0x36, 0x0D, 0x51, 0xD2, 0x4B, 0x9E, 0x3E, 0xCF, 0x79, 0xBF,
    0x4F, 0xF7, 0x4A, 0x5E, 0x8A, 0x5E, 0x89, 0xDF, 0x0F, 0x7F, 0xDE, 0xF7, 0xFC, 0x3E, 0xE7, 0x39,
    0xE7, 0x93, 0xEF, 0x54, 0x65, 0x9F, 0x8F, 0xD9, 0x9C, 0x2C, 0xA2, 0xE2, 0x9A, 0xA2, 0x4F, 0xC7,
    0xD8, 0xCB, 0xB1, 0xB8, 0x2A, 0xEF, 0x92, 0x51, 0x66, 0xF9, 0x81, 0xBC, 0x24, 0x22, 0xD1, 0x14,
    0xA9, 0xB4, 0x4D, 0xD1, 0x45, 0x95, 0xC4, 0xFD, 0x6F, 0xDD, 0xEB, 0xF7, 0x7D, 0x9D, 0x7D, 0xE9,
    0xDD, 0xDB, 0xC3, 0xE2, 0x2E, 0x8F, 0x3E, 0xBF, 0x3E, 0x5E, 0xCB, 0x9B, 0xEA, 0xBC, 0xC8, 0xCE,
    0xEE, 0x05, 0x91, 0x25, 0x1D, 0x24, 0xEF, 0x6E, 0x49, 0xE4, 0xF3, 0x4E, 0xCA, 0xC6, 0x8B, 0xE2,
    0x2F, 0xC7, 0x31, 0xFC, 0xF8, 0xEB, 0xFA, 0x0D, 0x39, 0xC6, 0xC2, 0x59, 0xBF, 0x2F, 0xE2, 0xB3,
    0x3E, 0x3E, 0xFA, 0x7C, 0x7D, 0xA7, 0xC5, 0xA5, 0x0C, 0xC7, 0x98, 0x8C, 0x65, 0x25, 0x2E, 0x99,
    0x24, 0x1D, 0x9C, 0xC8, 0xAD, 0x74, 0x94, 0x33, 0x7F, 0x69, 0x27, 0x92, 0x35, 0x22, 0x79, 0x25,
    0x52, 0xE0, 0xA3, 0x0E, 0xE2, 0xD4, 0xCB, 0x7A, 0x71, 0x89, 0xE7, 0xEF, 0x1F, 0x27, 0xD3, 0xCF,
    0x7E, 0x90, 0xF8, 0xDF, 0x7C, 0x2F, 0xD6, 0x51, 0x22, 0x1C, 0xD2, 0x7A, 0x91, 0x52, 0x2B, 0x49,
    0xB5, 0xC3, 0x31, 0xFE, 0x45, 0x76, 0x63, 0x3C, 0xCE, 0xB3, 0x51, 0x71, 0xB4, 0x7F, 0x5B, 0xF4,
    0x6E, 0x6D, 0xBB, 0x42, 0x57, 0x89, 0xF5, 0x53, 0x91, 0x9F, 0x61, 0xF9, 0x09, 0x07, 0x1E, 0x8B,
    0x70, 0xC4, 0x03, 0xDE, 0xAB, 0xB3, 0x7B, 0xCB, 0xF7, 0x44, 0xEA, 0x41, 0x20, 0x50, 0xA9, 0x8D,
    0x2C, 0x92, 0x7D, 0xED, 0x61, 0x2D, 0xE8, 0xD7, 0x67, 0x23, 0x3E, 0x2C, 0xE2, 0x25, 0x19, 0xF3,
    0xDE, 0x55, 0x52, 0x43, 0x2B, 0xDE, 0x58, 0x74, 0xD8, 0xBF, 0x4E, 0x26, 0x27, 0x37, 0xD3, 0xA9,
    0xCD, 0xFA, 0xD6, 0x3B, 0xBD, 0x3D, 0xBB, 0x93, 0xA1, 0x1D, 0x1C, 0x24, 0x80, 0x1A, 0x9D, 0xC7,
    0x72, 0xF1, 0x54, 0x76, 0xB5, 0xC8, 0x7E, 0x32, 0x63, 0xA1, 0xBC, 0x73, 0xD5, 0x2A, 0xC9, 0x94,
    0x4C, 0xB0, 0x1B, 0x7C, 0x70, 0x7D, 0x96, 0xA2, 0x8B, 0x57, 0xC5, 0x29, 0xC9, 0xB1, 0xEF, 0x45,
    0x91, 0xEF, 0x40, 0xAC, 0xE6, 0xAC, 0x60, 0x85, 0xE7, 0xAB, 0x2A, 0x5E, 0x92, 0xA5, 0xC6, 0xD5,
    0x8C, 0x36, 0x14, 0xC8, 0xC2, 0x8B, 0xDD, 0x3E, 0x5F, 0xEF, 0x78, 0xF9, 0x03, 0x29, 0x1E, 0x0E,
    0x72, 0x4B, 0x8A, 0x55, 0xF6, 0xBC, 0xD4, 0x63, 0xA6, 0x53, 0xAC, 0x83, 0x5B, 0x25, 0x7B, 0x3A,
    0x5E, 0xF4, 0x52, 0xDE, 0x9D, 0xA1, 0x82, 0x7B, 0xD3, 0xC7, 0x93, 0xD4, 0x95, 0xC2, 0x41, 0xAD,
    0xB4, 0xEF, 0xF7, 0xF8, 0xEC, 0x60, 0xBE, 0xBA, 0xCB, 0xB1, 0xBE, 0x7B, 0xBC, 0x07, 0x19, 0xE8,
    0xC6, 0xB5, 0x8A, 0x75, 0x29, 0x74, 0x92, 0x1D, 0xA1, 0xB9, 0xF1, 0xB7, 0x53, 0xC5, 0xFD, 0x52,
    0xDE, 0xF1, 0xEE, 0xFA, 0xE4, 0x92, 0xE1, 0x5A, 0xF4, 0xCC, 0x63, 0xD4, 0xEA, 0xCC, 0x7F, 0x7C,
    0x4D, 0x27, 0x49, 0xBC, 0x44, 0x0B, 0x3C, 0x84, 0x35, 0x1B, 0xC8, 0xC8, 0xB3, 0x08, 0x3A, 0x59,
    0xED, 0x7B, 0x3E, 0xF0, 0x3A, 0x2F, 0x16, 0xBD, 0x24, 0x33, 0x74, 0x0B, 0x9F, 0xBC, 0x5D, 0x4D,
    0x71, 0xE2, 0x1A, 0xF6, 0xDB, 0x68, 0xFF, 0x6B, 0xEA, 0x68, 0xB7, 0xF0, 0x42, 0xD9, 0xD9, 0x22,
    0x58, 0x0E, 0x82, 0xDB, 0xB3, 0xAE, 0xB3, 0x95, 0xCB, 0xE7, 0xDE, 0xB0, 0x0C, 0x0C, 0xCA, 0x1D,
    0xB0, 0x57, 0x14, 0x4E, 0xE0, 0x19, 0x8A, 0xC4, 0xFD, 0x47, 0x93, 0x8F, 0xC2, 0x54, 0x12, 0x05,
    0x5B, 0x9F, 0xBF, 0x15, 0xFD, 0x7E, 0xCA, 0x3F, 0x6A, 0xCA, 0xE5, 0x9D, 0x54, 0x3F, 0x6E, 0x4F,
    0x6E, 0x9C, 0x54, 0xAF, 0x96, 0x72, 0xFE, 0xDF, 0xB6, 0x51, 0x12, 0x73, 0xF3, 0xE6, 0xCC, 0x5B,
    0xAD, 0xFA, 0x40, 0x75, 0xF9, 0xB3, 0xF6, 0xF3, 0xE6, 0xF9, 0x6B, 0xD1, 0x3B, 0xBC, 0xBF, 0x6C,
    0x8A, 0x11, 0x9B, 0x20, 0xE3, 0x2A, 0xD7, 0x95, 0x9D, 0xEB, 0xCE, 0x71, 0x9D, 0x4C, 0xBD, 0xEA,
    0xFB, 0x6A, 0x0E, 0x8D, 0xBC, 0xBB, 0xE7, 0xEB, 0x4B, 0x3C, 0x0D, 0x99, 0x4C, 0xC9, 0xBC, 0x0F,
    0xAA, 0xC1, 0x80, 0xA6, 0x1B, 0x25, 0x47, 0x28, 0x9A, 0x22, 0xD4, 0xF7, 0xFF, 0x76, 0xA3, 0x3B,
    0x73, 0xE3, 0x99, 0x18, 0xCF, 0x2C, 0x53, 0x10, 0x69, 0xAA, 0xB3, 0xE8, 0xBF, 0x6B, 0x57, 0x0E,
    0xC9, 0x92, 0x22, 0x24, 0x06, 0xAD, 0x92, 0xB5, 0x40, 0x90, 0xDF, 0x47, 0x64, 0x2E, 0xAE, 0x17,
    0xF7, 0x01, 0x62, 0xDD, 0xD7, 0x88, 0x8A, 0x7B, 0x5E, 0xF2, 0xA9, 0xED, 0x44, 0x79, 0x5F, 0x5F,
    0x77, 0x99, 0x4F, 0x34, 0x56, 0x64, 0x08, 0x42, 0x06, 0xB9, 0x8E, 0xD8, 0x60, 0x4E, 0x6D, 0xF7,
    0x28, 0x11, 0x34, 0x63, 0xAE, 0x73, 0xA2, 0x0B, 0x12, 0xB4, 0x12, 0x3C, 0x58, 0x22, 0x26, 0x66,
    0xAC, 0x8A, 0xEF, 0xC2, 0xEF, 0xCE, 0xBE, 0xA7, 0x67, 0xBF, 0xEF, 0xAD, 0x97, 0x54, 0x27, 0x0D,
    0x46, 0xA1, 0x0A, 0x33, 0x96, 0xD5, 0x1E, 0x87, 0x8F, 0xF5, 0x92, 0x36, 0x30, 0x21, 0xA0, 0x22,
    0x9F, 0xA3, 0x0A, 0xCB, 0xE0, 0x12, 0x8F, 0x6A, 0x73, 0x34, 0x9B, 0x03, 0xA1, 0x80, 0xF3, 0x09,
    0x3C, 0x8A, 0xA5, 0x25, 0x5B, 0xAE, 0x5E, 0x25, 0xD8, 0xDC, 0x25, 0x1E, 0xD5, 0x94, 0xF3, 0xEC,
    0xCA, 0x1D, 0x57, 0x8E, 0xB0, 0x32, 0x12, 0xD9, 0x75, 0x39, 0xA3, 0x41, 0xB2, 0x39, 0x1C, 0x25,
    0xEF, 0xF0, 0x4C, 0xB6, 0x4E, 0x5E, 0x3D, 0xC2, 0x07, 0x8A, 0xC9, 0x10, 0xA3, 0x22, 0x52, 0x32,
    0xA4, 0xE6, 0x73, 0x47, 0x3A, 0x63, 0x89, 0x09, 0xD0, 0x74, 0x70, 0xAA, 0xBB, 0x04, 0x7B, 0xC3,
    0x8C, 0x52, 0x60, 0xA1, 0x02, 0x62, 0x14, 0x0C, 0x6B, 0x2C, 0x54, 0x7C, 0x34, 0x4A, 0xF1, 0x01,
    0x12, 0xBD, 0x5F, 0x70, 0xD4, 0x38, 0xCA, 0xAE, 0xE8, 0xF3, 0xA1, 0x80, 0x78, 0x27, 0x38, 0x9E,
    0xE0, 0x58, 0x2E, 0x5C, 0xAD, 0x3F, 0xB4, 0x68, 0x35, 0x9F, 0x32, 0x86, 0x19, 0xF2, 0xB4, 0x34,
    0xF3, 0xB1, 0x83, 0xE3, 0xC6, 0x78, 0xB9, 0xBA, 0x6B, 0x27, 0xCD, 0xB9, 0xB8, 0x2B, 0x87, 0x66,
    0xF0, 0x66, 0x25, 0xAF, 0x30, 0x45, 0xB3, 0x95, 0xCF, 0xE0, 0x52, 0x39, 0x04, 0x65, 0x68, 0x8A,
    0xD4, 0x64, 0x80, 0xA8, 0x5C, 0x66, 0x03, 0x85, 0x67, 0xFF, 0xF6, 0xB0, 0x4C, 0x0D, 0x19, 0xA9,
    0x4B, 0xB1, 0x56, 0x08, 0x12, 0xEA, 0xDC, 0x18, 0x14, 0x4A, 0xBE, 0xBE, 0x8B, 0x2F, 0x88, 0x16,
    0x3C, 0x3E, 0xA4, 0x4B, 0xCA, 0xFA, 0x90, 0x4F, 0xD9, 0x24, 0x5A, 0x69, 0x95, 0x4F, 0x39, 0x3E,
    0xB0, 0x62, 0x8C, 0xE9, 0x02, 0xCF, 0xE0, 0x9E, 0xE6, 0xF9, 0x98, 0x80, 0xDC, 0x33, 0xE4, 0x5F,
    0x71, 0x65, 0x71, 0x87, 0x47, 0x1E, 0x9A, 0x8F, 0xB7, 0x80, 0x34, 0xDF, 0xA7, 0x12, 0xF4, 0x65,
    0x3E, 0x07, 0xBB, 0xD6, 0xCC, 0xEF, 0xE0, 0xC2, 0xCC, 0x9F, 0x9E, 0x46, 0x24, 0xDA, 0xA5, 0x96,
    0xE2, 0xC8, 0x29, 0x22, 0xE0, 0xCC, 0x64, 0x8E, 0x4C, 0xF4, 0x68, 0x8E, 0x57, 0xAC, 0x06, 0x05,
    0x3B, 0xD7, 0xE4, 0x23, 0xCA, 0x1C, 0x30, 0xEF, 0x75, 0xBA, 0x06, 0x10, 0x04, 0xA3, 0xA4, 0xD0,
    0x39, 0x5B, 0xB4, 0xCF, 0xE7, 0xCC, 0x03, 0x3E, 0xF4, 0x32, 0x70, 0xB0, 0x57, 0xC9, 0x26, 0x37,
    0x64, 0x3E, 0xD3, 0x23, 0xD6, 0x2D, 0x8F, 0xBB, 0xA6, 0xB3, 0xAB, 0x33, 0x51, 0x10, 0x3E, 0xDC,
    0xC2, 0xA2, 0xBE, 0xCF, 0xC2, 0x2E, 0x05, 0xD6, 0xB7, 0xCD, 0xF0, 0x61, 0x02, 0x7A, 0x68, 0xE7,
    0xFA, 0x94, 0xF7, 0x94, 0x54, 0xBD, 0xA4, 0x0F, 0x68, 0x72, 0x33, 0x5F, 0x0B, 0xF3, 0xD5, 0xB3,
    0x44, 0xED, 0x02, 0x39, 0xE0, 0x98, 0x92, 0xCE, 0x39, 0x1F, 0xD6, 0xBF, 0x15, 0xAF, 0xC9, 0x0A,
    0x6C, 0xD8, 0x7D, 0x0E, 0xE4, 0x01, 0x11, 0x75, 0x57, 0x57, 0x2F, 0x07, 0x11, 0x7A, 0x68, 0x8D,
    0x70, 0x46, 0x8E, 0xEF, 0xC8, 0x37, 0xFE, 0x8E, 0x05, 0xE9, 0x08, 0x59, 0x10, 0x97, 0x0B, 0xDF,
    0x5B, 0xBE, 0x7C, 0x7B, 0x7B, 0xF5, 0xB7, 0x96, 0x58, 0x30, 0x51, 0xFB, 0x29, 0xC5, 0x60, 0x4D,
    0xC3, 0xE6, 0xC5, 0xD9, 0x03, 0x46, 0x2E, 0x20, 0xE4, 0x1F, 0x6D, 0x30, 0x0C, 0x6F, 0x7D, 0x78,
    0x36, 0x3E, 0x3C, 0x7C, 0x77, 0x73, 0xF2, 0xC2, 0xD5, 0xAB, 0x8C, 0xED, 0x08, 0x8A, 0x38, 0x3A,
    0x75, 0x7B, 0xF4, 0x38, 0x3A, 0xBA, 0x0F, 0x99, 0x77, 0x4E, 0x9B, 0x54, 0x9B, 0x84, 0xDA, 0x37,
    0xDB, 0xA2, 0xD5, 0xF6, 0xA5, 0x5E, 0x56, 0xEF, 0xDA, 0xFB, 0xD5, 0x42, 0x9C, 0xF2, 0x24, 0x1A,
    0x3D, 0xD0, 0x18, 0x21, 0x22, 0xE9, 0xD7, 0x52, 0x4F, 0xD0, 0x6B, 0x27, 0xC0, 0x05, 0x5C, 0xD2,
    0x36, 0xD0, 0xF1, 0xE5, 0x33, 0xCA, 0x9D, 0x43, 0xED, 0xA1, 0x11, 0x4D, 0xA6, 0x1A, 0x09, 0x32,
    0x20, 0xB2, 0x51, 0x74, 0x7B, 0x8B, 0x03, 0xD7, 0x65, 0x93, 0x41, 0x5C, 0x5D, 0x15, 0xFF, 0xDC,
    0xAC, 0x09, 0xB0, 0x46, 0xE3, 0x19, 0xF8, 0x7A, 0x32, 0xA7, 0xC3, 0x12, 0x83, 0x8D, 0x94, 0x6F,
    0x8D, 0x28, 0xB2, 0x72, 0x5C, 0x36, 0xAD, 0xCC, 0xC9, 0xB4, 0x24, 0x53, 0xD6, 0xE7, 0x77, 0xC3,
    0x39, 0xBC, 0xC4, 0x28, 0xC9, 0x4E, 0x96, 0x72, 0xAC, 0x2B, 0x60, 0xD9, 0xA3, 0x13, 0xDC, 0x92,
    0x69, 0x81, 0x70, 0x1E, 0xB2, 0xA1, 0xEC, 0xAD, 0xBE, 0x10, 0x6B, 0x83, 0x2E, 0xF4, 0x24, 0x72,
    0x5C, 0xFF, 0x6B, 0x87, 0x7B, 0x6B, 0xC0, 0xA8, 0x9A, 0x19, 0x87, 0x78, 0xB9, 0xB9, 0x49, 0x7D,
    0x03, 0x76, 0xCB, 0x4B, 0x8B, 0x5E, 0xDC, 0x40, 0x09, 0x13, 0x33, 0x69, 0xC9, 0xE7, 0xC4, 0xF3,
    0x62, 0xF6, 0x89, 0x3D, 0x4C, 0xD4, 0x4E, 0x26, 0xEC, 0x04, 0x8F, 0x73, 0x17, 0x92, 0x32, 0x70,
    0x8D, 0xBF, 0x66, 0x8D, 0x42, 0x8E, 0x33, 0x9F, 0xF1, 0x64, 0xF1, 0xE1, 0x55, 0x3C, 0xC9, 0x7C,
    0xB5, 0x7A, 0xEA, 0x99, 0x07, 0xE5, 0xE3, 0x42, 0xFB, 0x4C, 0x97, 0x56, 0x51, 0xB1, 0xB1, 0xCA,
    0x8F, 0x50, 0x67, 0x5A, 0xC4, 0x16, 0xCB, 0xB5, 0xFC, 0xA5, 0xBE, 0x06, 0xF0, 0xF6, 0xB8, 0xD3,
    0xA2, 0xB4, 0x6E, 0x5C, 0x13, 0x2F, 0x28, 0x77, 0xC8, 0x52, 0xC4, 0xC9, 0x13, 0x0D, 0x79, 0x9C,
    0x59, 0x32, 0xF7, 0x8E, 0x89, 0xEB, 0x06, 0x84, 0x20, 0xB3, 0x17, 0xB1, 0x8D, 0xB4, 0x1E, 0xE1,
    0x51, 0x7C, 0x7B, 0x72, 0xE4, 0x11, 0xD2, 0xDA, 0xB8, 0x53, 0xD4, 0x94, 0x73, 0x37, 0xC5, 0x10,
    0x19, 0xBB, 0x69, 0x93, 0xE9, 0x21, 0x22, 0x7F, 0x88, 0x27, 0xE8, 0x0A, 0x73, 0xF6, 0x72, 0x11,
    0xCF, 0xCB, 0x6E, 0x4E, 0x9D, 0x99, 0xAC, 0xC4, 0x67, 0xC9, 0xA9, 0xAA, 0xE3, 0x02, 0x08, 0x15,
    0xCB, 0x6B, 0xC9, 0x91, 0x19, 0x7F, 0x57, 0x7A, 0xC9, 0x3A, 0xB7, 0xFE, 0x70, 0xE5, 0x52, 0x23,
    0x5F, 0x68, 0xCE, 0x7E, 0x53, 0xA6, 0xA2, 0x9F, 0xFE, 0x5C, 0x82, 0x88, 0x34, 0xC2, 0x2C, 0x17,
    0xF5, 0x97, 0x10, 0x22, 0x1F, 0x53, 0x4A, 0x4F, 0x54, 0x05, 0xB8, 0x02, 0xBD, 0x57, 0xB1, 0x62,
    0x84, 0x88, 0x80, 0x02, 0x90, 0x9A, 0x75, 0x0A, 0x85, 0x89, 0x67, 0x61, 0xB3, 0xB6, 0x83, 0x28,
    0x40, 0x90, 0xF0, 0x0C, 0x74, 0x1F, 0xF0, 0x40, 0xCE, 0x2A, 0x07, 0x68, 0xA3, 0x6A, 0x84, 0x52,
    0x6C, 0x89, 0x97, 0x83, 0xE7, 0x92, 0x8A, 0x66, 0xEC, 0xB8, 0x31, 0xC0, 0xFA, 0xC9, 0x7B, 0x33,
    0x19, 0xC2, 0xBE, 0xAD, 0x81, 0xD8, 0xEB, 0xD2, 0xC6, 0x50, 0x55, 0x4C, 0xCD, 0x64, 0xFD, 0xD1,
    0x41, 0xB0, 0x27, 0x34, 0xF0, 0x1B, 0x45, 0xC3, 0x15, 0x0F, 0x2A, 0x8D, 0x67, 0xC0, 0x61, 0x91,
    0xBE, 0x20, 0xAF, 0x8C, 0xFB, 0x62, 0x05, 0x4F, 0xAD, 0xE9, 0x24, 0x18, 0x55, 0xB7, 0xF5, 0x82,
    0xA0, 0xC8, 0x17, 0xA2, 0xCF, 0xA1, 0xE9, 0x61, 0x1A, 0xCC, 0x7C, 0x19, 0x0D, 0xBE, 0xC3, 0x92,
    0xF6, 0x52, 0xF0, 0x39, 0x96, 0x02, 0xB8, 0xF2, 0x66, 0x00, 0x46, 0x2B, 0x4A, 0x66, 0x71, 0x66,
    0x7B, 0x08, 0xD5, 0x48, 0xFF, 0x83, 0xF7, 0x5A, 0x28, 0x59, 0x24, 0x5A, 0x8C, 0xB6, 0xC1, 0xF1,
    0x2B, 0x30, 0xE8, 0x3D, 0x44, 0x1B, 0x32, 0x92, 0x3E, 0xF2, 0x04, 0x60, 0x3A, 0x51, 0xAA, 0xB0,
    0x05, 0x49, 0x9E, 0x0B, 0x2F, 0xD1, 0xE1, 0x21, 0xCC, 0x06, 0xE0, 0x1E, 0x23, 0x70, 0x5A, 0x54,
    0xEC, 0x09, 0x11, 0x93, 0x8F, 0x05, 0x41, 0x27, 0xD7, 0xAA, 0x18, 0xCC, 0x84, 0x4C, 0x51, 0x44,
    0xA5, 0x3E, 0xC6, 0x33, 0x67, 0x12, 0x18, 0x27, 0x83, 0x21, 0x89, 0x7B, 0xC0, 0x42, 0xC2, 0x21,
    0xF6, 0x22, 0xB9, 0xC3, 0x1E, 0x45, 0x80, 0x7B, 0x38, 0x0A, 0x6E, 0x61, 0xBD, 0xA6, 0xB7, 0xB0,
    0xBF, 0xFB, 0xFC, 0x10, 0x6A, 0x70, 0x49, 0xB5, 0x18, 0xA0, 0x71, 0xDD, 0x60, 0x9A, 0x42, 0x75,
    0x16, 0x07, 0x33, 0x0F, 0x9F, 0x67, 0x69, 0x68, 0x6D, 0x89, 0x64, 0xB5, 0x32, 0x52, 0x3C, 0x46,
    0x6E, 0x10, 0xEA, 0x33, 0x33, 0xE9, 0xE4, 0x74, 0xDC, 0x8A, 0xD2, 0x43, 0x0E, 0xAC, 0xDA, 0x85,
    0x72, 0x13, 0xF6, 0xA6, 0xF6, 0x2C, 0x31, 0xB6, 0xB6, 0xD8, 0xAA, 0xF4, 0x2D, 0xF7, 0x58, 0x82,
    0x1D, 0xB0, 0x3A, 0x83, 0x1A, 0x35, 0x9C, 0xF5, 0xC3, 0x59, 0x3D, 0x0B, 0xD8, 0x16, 0x0A, 0x2E,
    0x2D, 0xDD, 0x07, 0xBA, 0x11, 0xFC, 0x43, 0x5F, 0x18, 0x53, 0x30, 0xBF, 0x99, 0x7B, 0xE8, 0x68,
    0x2E, 0x1D, 0x0C, 0x4B, 0x18, 0xE0, 0xEA, 0x26, 0xC3, 0x99, 0x3C, 0xD9, 0xDE, 0x1E, 0x6D, 0xBF,
    0x81, 0x63, 0x21, 0x12, 0x49, 0x53, 0x99, 0x7F, 0xFC, 0x20, 0x87, 0x67, 0x28, 0x06, 0x54, 0x33,
    0x89, 0x06, 0xC6, 0xCD, 0xCA, 0x47, 0x8D, 0x63, 0x62, 0x27, 0xEE, 0x95, 0xFA, 0xC2, 0xB8, 0x0C,
    0x71, 0x25, 0xFF, 0xDA, 0xA4, 0x7B, 0x3A, 0x5B, 0xF8, 0x0C, 0x46, 0x25, 0xCC, 0xBB, 0x27, 0xB6,
    0xE7, 0x03, 0xCB, 0xD0, 0xBB, 0x6A, 0xD2, 0x58, 0xC1, 0x6A, 0x5A, 0x33, 0x82, 0x43, 0xD1, 0xD2,
    0x03, 0x54, 0x09, 0x90, 0x7F, 0xF4, 0x55, 0xD8, 0xD0, 0xEA, 0x99, 0x58, 0x8F, 0x68, 0xB8, 0xA6,
    0x26, 0x46, 0x60, 0x08, 0xA6, 0x13, 0xD5, 0x31, 0x55, 0xA9, 0xA5, 0xD9, 0x43, 0x37, 0x7A, 0x9B,
    0x92, 0x6E, 0x7B, 0x9F, 0xEB, 0xA2, 0x03, 0xDC, 0x77, 0x11, 0xF6, 0x4D, 0x07, 0x28, 0xBB, 0x44,
    0xFA, 0x85, 0xDE, 0xA6, 0xAF, 0x9D, 0xB9, 0xFD, 0x59, 0x22, 0x22, 0xB7, 0x57, 0x23, 0x37, 0xD0,
    0x12, 0x45, 0x27, 0xD4, 0x9C, 0x21, 0xA1, 0x1B, 0x15, 0x6D, 0x8D, 0x35, 0x7B, 0xF9, 0x09, 0x9A,
    0x8A, 0x8F, 0xC6, 0x92, 0xF6, 0xFA, 0xDD, 0x78, 0x11, 0x1E, 0xC8, 0xEF, 0x4D, 0x1E, 0x6F, 0xE5,
    0xF5, 0xC7, 0x33, 0xDE, 0xDC, 0xE5, 0xA7, 0x23, 0x78, 0x92, 0x4B, 0xC0, 0x00, 0x1B, 0xD9, 0x47,
    0xCD, 0xC2, 0xDB, 0x02, 0xA6, 0x88, 0x37, 0x6F, 0x9D, 0x2E, 0x38, 0x33, 0x20, 0xAF, 0x8A, 0xD9,
    0x16, 0xB5, 0x2C, 0x45, 0xBB, 0xF0, 0xAA, 0x83, 0xDF, 0xA0, 0x79, 0xAB, 0x5B, 0x7B, 0x99, 0xD5,
    0x69, 0x8D, 0x21, 0x27, 0x74, 0x4C, 0xAC, 0xEA, 0x40, 0x6F, 0x74, 0x4B, 0x29, 0xC1, 0x7A, 0x88,
    0x69, 0x2F, 0xAE, 0x24, 0xC4, 0x65, 0xDC, 0xDB, 0xA2, 0x2F, 0x94, 0xFC, 0xC1, 0x42, 0xDC, 0x1E,
    0xF5, 0x4D, 0x10, 0x4A, 0x78, 0x05, 0x97, 0x8F, 0x93, 0x95, 0x97, 0xAB, 0xF6, 0x21, 0x2E, 0xA3,
    0xDB, 0xE2, 0xE5, 0x58, 0x79, 0x59, 0xDC, 0xC2, 0xA6, 0x86, 0xD4, 0xAB, 0x3E, 0x40, 0xB0, 0x46,
    0x74, 0xF1, 0xC0, 0xF5, 0xD2, 0x10, 0x79, 0x16, 0x00, 0xE7, 0xDE, 0xB1, 0xDA, 0x33, 0x59, 0x1D,
    0xAA, 0x22, 0xB0, 0x46, 0xA0, 0x61, 0x9F, 0x91, 0x86, 0xE0, 0x7F, 0x8B, 0xD2, 0x35, 0x21, 0x55,
    0xD3, 0x05, 0xC4, 0x30, 0xD2, 0xB7, 0xD9, 0x99, 0x7E, 0x40, 0xEE, 0x37, 0xE1, 0x72, 0xB6, 0x38,
    0xCA, 0x4A, 0x54, 0xD6, 0xEB, 0xE4, 0xDD, 0x3D, 0x19, 0xDF, 0x08, 0xB2, 0xEB, 0x46, 0x14, 0x6F,
    0xD4, 0xAB, 0x96, 0x7C, 0x36, 0x23, 0xF6, 0xC9, 0x9E, 0xE1, 0x62, 0xA0, 0x2A, 0x2C, 0x31, 0xE5,
    0x06, 0x2D, 0x27, 0x79, 0xBA, 0xEE, 0xB1, 0x2F, 0xC8, 0x90, 0x16, 0x3E, 0x59, 0xC3, 0x8B, 0x8D,
    0x15, 0xF2, 0xC9, 0xF8, 0x48, 0x4E, 0x84, 0xAE, 0xC7, 0x40, 0x87, 0x9C, 0x05, 0xF1, 0xE7, 0xD5,
    0x73, 0x40, 0xD5, 0x3C, 0x03, 0xAA, 0xFE, 0x79, 0xA0, 0x32, 0xE5, 0xA0, 0xDD, 0x28, 0x41, 0x3D,
    0x09, 0xFA, 0x05, 0x05, 0x83, 0x86, 0x62, 0x2A, 0x8A, 0xE9, 0x28, 0xA6, 0x64, 0x43, 0xF4, 0x42,
    0x15, 0x30, 0x35, 0xC5, 0xF4, 0x14, 0x53, 0xD4, 0xEA, 0x0F, 0x79, 0x09, 0x55, 0x15, 0xD3, 0x55,
    0x4C, 0x59, 0x5C, 0xAB, 0x6A, 0x63, 0xBC, 0x46, 0x98, 0x43, 0x8D, 0x6B, 0xC9, 0x37, 0x90, 0x4D,
    0x66, 0xE5, 0xD2, 0xDE, 0x80, 0x43, 0x3F, 0x97, 0x80, 0x43, 0x01, 0x7D, 0x29, 0xFD, 0x9E, 0xBD,
    0x1A, 0x75, 0xA1, 0x5D, 0x32, 0x9A, 0x84, 0x45, 0xA3, 0x4A, 0x8E, 0xA6, 0x9A, 0x1D, 0x65, 0xE8,
    0x6A, 0x20, 0x3C, 0xAA, 0x2F, 0x64, 0x1D, 0xD8, 0x0F, 0x13, 0x61, 0xAD, 0x2C, 0x47, 0x24, 0x9B,
    0x86, 0xC5, 0x21, 0x7B, 0x2C, 0x3F, 0x13, 0x8F, 0x1B, 0x23, 0x36, 0x57, 0xB0, 0x0D, 0xE5, 0xEC,
    0x81, 0xB1, 0xC5, 0x63, 0x06, 0x2B, 0x42, 0x71, 0xC1, 0x8D, 0x96, 0x41, 0x96, 0x7B, 0x3F, 0xDD,
    0xA5, 0x58, 0x0D, 0x3B, 0x8F, 0x58, 0x7F, 0x68, 0xB3, 0x1C, 0x76, 0xED, 0x1D, 0xDA, 0xCC, 0x3E,
    0x35, 0xEA, 0xCF, 0x0E, 0xC5, 0xBA, 0x21, 0x1B, 0x8B, 0x90, 0x53, 0xB3, 0xAB, 0x51, 0x81, 0x7B,
    0xBB, 0x6B, 0x70, 0x4D, 0xD9, 0xA4, 0x3E, 0x07, 0xFB, 0x4A, 0x40, 0xAA, 0xAC, 0xF6, 0xC6, 0x86,
    0x2F, 0xD5, 0x99, 0x02, 0xB8, 0xB0, 0x27, 0xF1, 0xE5, 0x13, 0x7D, 0xCF, 0xBB, 0x48, 0xD1, 0xA1,
    0xC6, 0x1A, 0x4D, 0xA8, 0xF0, 0xF1, 0xF8, 0x87, 0xC9, 0x82, 0x4E, 0x99, 0x28, 0x1E, 0x72, 0xDD,
    0xA8, 0x4E, 0x7E, 0x5A, 0xA6, 0xC6, 0x2D, 0xD4, 0x59, 0x9D, 0xB4, 0x92, 0x68, 0x38, 0x08, 0x12,
    0x1A, 0x00, 0x2D, 0x7F, 0xD6, 0xE0, 0x59, 0x6D, 0x50, 0x80, 0x98, 0xD3, 0x1E, 0x20, 0x52, 0xF7,
    0x29, 0x6D, 0x44, 0xD4, 0xAD, 0x1B, 0x00, 0xA8, 0xF5, 0x17, 0x81, 0xD3, 0xE6, 0x23, 0x81, 0x71,
    0x25, 0xE4, 0x17, 0x3D, 0xA2, 0x2D, 0x5E, 0xB8, 0x68, 0xD9, 0x25, 0xF6, 0x00, 0x62, 0xCA, 0x41,
    0x25, 0x32, 0xA4, 0x1A, 0xD5, 0x08, 0xA8, 0x70, 0x09, 0xEE, 0x76, 0x56, 0x3B, 0x58, 0x5D, 0xA1,
    0x1F, 0xED, 0x72, 0x86, 0x67, 0x2B, 0x01, 0xED, 0x2E, 0xCE, 0xEA, 0x42, 0x54, 0x6B, 0xBB, 0x50,
    0x98, 0x18, 0xB8, 0x74, 0x18, 0x71, 0x0B, 0xB5, 0x9E, 0x29, 0x66, 0x13, 0x04, 0xCF, 0xB6, 0x1A,
    0x71, 0x0D, 0x65, 0xCA, 0xDE, 0x5A, 0xF0, 0xCB, 0xB8, 0x16, 0xAD, 0x24, 0x89, 0xC9, 0x6C, 0x06,
    0x78, 0x6A, 0x8A, 0xEA, 0xA6, 0x29, 0x11, 0xAB, 0x35, 0x1B, 0xB8, 0xB3, 0x66, 0xEE, 0xF9, 0xBF,
    0x12, 0x98, 0xDA, 0x15, 0xFA, 0x10, 0x2D, 0x32, 0x58, 0xCD, 0x58, 0x0F, 0x60, 0x68, 0x25, 0xA1,
    0x10, 0xFC, 0x73, 0x84, 0x7E, 0x30, 0x05, 0x58, 0x51, 0xE3, 0x26, 0xF4, 0xF4, 0xE5, 0x50, 0x2C,
    0xD8, 0x3F, 0x9B, 0x73, 0x6D, 0x50, 0x48, 0xD7, 0xF4, 0x64, 0x40, 0x13, 0x54, 0x5F, 0xFF, 0x6A,
    0xE6, 0x04, 0xE3, 0xE3, 0xF9, 0x18, 0x30, 0x93, 0x78, 0x5F, 0xDE, 0x20, 0x6C, 0xEF, 0x67, 0x8F,
    0xD8, 0x30, 0x9D, 0x5C, 0xA2, 0xEE, 0x00, 0xAA, 0xDA, 0x53, 0xFB, 0x9E, 0x64, 0x5F, 0x5A, 0x12,
    0x28, 0x6B, 0x5E, 0x37, 0x35, 0xC9, 0xAA, 0x95, 0x71, 0xF3, 0x17, 0xFF, 0xE0, 0x10, 0xA3, 0x29,
    0x1D, 0xAC, 0x97, 0x85, 0xF2, 0x82, 0x48, 0x61, 0x36, 0x72, 0x72, 0x22, 0xFA, 0x96, 0xB1, 0xBC,
    0x87, 0x41, 0x67, 0x26, 0xB3, 0x6D, 0x10, 0xE8, 0xDE, 0x66, 0x4C, 0xE5, 0xEC, 0xCC, 0x6A, 0xC3,
    0xAA, 0x99, 0xF7, 0xE4, 0x23, 0x73, 0x1F, 0xFD, 0xD9, 0xC0, 0xE9, 0x04, 0x42, 0x04, 0xA5, 0x95,
    0x15, 0x9B, 0x5B, 0x81, 0x66, 0xDE, 0xDE, 0x52, 0xA2, 0x9C, 0x85, 0xFB, 0xAE, 0x7A, 0xC0, 0xBF,
    0xA3, 0x11, 0x28, 0x68, 0xC3, 0x82, 0xD4, 0xD1, 0x14, 0xD4, 0x95, 0x02, 0xEB, 0xEB, 0x74, 0xC6,
    0x17, 0x24, 0xD1, 0x01, 0x2C, 0x8C, 0xBB, 0xCC, 0x81, 0x7B, 0x6D, 0xEA, 0x68, 0xC0, 0x99, 0x53,
    0x56, 0xC6, 0xF6, 0x21, 0x54, 0xF1, 0xD3, 0x18, 0x34, 0x8A, 0xD9, 0x59, 0xFA, 0xD6, 0x87, 0x47,
    0x0B, 0x50, 0xBC, 0x1D, 0xB2, 0x0E, 0x79, 0x54, 0x48, 0x3D, 0x6E, 0x28, 0xAB, 0xB3, 0x0F, 0x95,
    0x4D, 0x05, 0x42, 0x57, 0x67, 0x2A, 0xD2, 0xC3, 0xD0, 0xF8, 0xEF, 0x81, 0x2D, 0xC9, 0x08, 0x2B,
    0x81, 0xC7, 0x23, 0x72, 0x12, 0x3D, 0xD4, 0xC9, 0x38, 0x24, 0x5B, 0xDE, 0x67, 0x9B, 0x20, 0xA6,
    0xE1, 0x43, 0x25, 0x97, 0xA7, 0xC1, 0x69, 0xC6, 0xE7, 0x47, 0x54, 0x75, 0x18, 0xE4, 0x6C, 0x2E,
    0x87, 0x09, 0x96, 0x8D, 0xB5, 0x2A, 0x16, 0x18, 0x9B, 0x60, 0x7D, 0xE3, 0x32, 0xD0, 0x13, 0x25,
    0x23, 0x3E, 0x04, 0xCA, 0x9E, 0x0E, 0xB8, 0xD0, 0xB3, 0x9E, 0x7E, 0xC2, 0x23, 0x9B, 0x61, 0xDA,
    0x68, 0x73, 0xA1, 0xF2, 0xF4, 0x53, 0x67, 0x9F, 0xD6, 0xB0, 0xD2, 0x64, 0x9F, 0x60, 0xDD, 0x68,
    0xD7, 0x84, 0x6D, 0x83, 0xB0, 0xDF, 0x14, 0xEC, 0xFF, 0x2D, 0x37, 0x85, 0x85, 0x09, 0x62, 0xB2,
    0x98, 0x73, 0x07, 0xE1, 0x2C, 0x67, 0x17, 0xCE, 0x87, 0xE3, 0x16, 0x87, 0xC4, 0x4E, 0xA2, 0xD9,
    0x55, 0xC9, 0x54, 0x74, 0xE9, 0x98, 0xF7, 0x19, 0x5A, 0xB1, 0x1C, 0x99, 0x80, 0x3C, 0x9F, 0xCB,
    0x26, 0x9E, 0x0F, 0x0F, 0x0F, 0xFF, 0x65, 0x33, 0x2A, 0x31, 0x26, 0x92, 0x34, 0xB7, 0x10, 0x54,
    0xB7, 0x97, 0x64, 0xFC, 0x16, 0xE4, 0xDE, 0x41, 0xDE, 0xEF, 0x91, 0xD4, 0x0F, 0xE9, 0x5A, 0x8F,
    0x89, 0x4F, 0x3C, 0x50, 0x82, 0xED, 0x7A, 0x8D, 0x52, 0xCF, 0xD1, 0x1B, 0x1B, 0xA2, 0x7C, 0x36,
    0x78, 0x86, 0x97, 0x2A, 0x77, 0xF7, 0xE4, 0x8B, 0x1B, 0xFA, 0x95, 0xFE, 0x1E, 0x54, 0x6A, 0x70,
    0x03, 0x12, 0xBF, 0xDA, 0xC0, 0x3A, 0xC7, 0xC8, 0xC8, 0x1D, 0xB1, 0x66, 0x8F, 0xD3, 0xB6, 0x76,
    0x43, 0x65, 0xD6, 0xA8, 0x8A, 0x7C, 0x39, 0x45, 0x5E, 0x7D, 0xFC, 0x44, 0x7D, 0xF2, 0xF4, 0xEE,
    0x92, 0x68, 0xBC, 0xA4, 0x0B, 0x8A, 0x21, 0xF6, 0x03, 0xA6, 0x7A, 0x74, 0x29, 0x73, 0x0E, 0xC4,
    0x2F, 0xFB, 0x62, 0x40, 0x83, 0xD5, 0xA1, 0xE5, 0xAA, 0x6A, 0x64, 0xD1, 0x3E, 0x59, 0x95, 0xCD,
    0x4A, 0xDF, 0x60, 0x42, 0xA6, 0x8A, 0xF6, 0x0A, 0xBD, 0x7F, 0xBA, 0x19, 0x86, 0x22, 0xB7, 0xC8,
    0x5C, 0x6C, 0x1E, 0x89, 0xAD, 0xFE, 0xD4, 0x8D, 0x35, 0x62, 0xE8, 0x12, 0xA2, 0x92, 0x99, 0x15,
    0x8A, 0xF0, 0x0E, 0x83, 0x8F, 0x49, 0x8E, 0x5B, 0x5E, 0x59, 0x37, 0x83, 0x40, 0x42, 0x10, 0x1E,
    0xDB, 0xB9, 0x0C, 0xE8, 0x5A, 0x17, 0x96, 0x28, 0x24, 0x15, 0x02, 0x1A, 0x60, 0x95, 0x4D, 0xC9,
    0x44, 0xE8, 0xE2, 0x84, 0x02, 0x2A, 0xD4, 0x1D, 0x73, 0x0F, 0xEC, 0x9D, 0x52, 0xC2, 0x04, 0x79,
    0xFB, 0xAF, 0x4E, 0xDF, 0xD7, 0xB7, 0x91, 0x6B, 0x0D, 0x6A, 0x7F, 0x15, 0x06, 0xB9, 0x6F, 0x18,
    0x7E, 0xD5, 0xDA, 0x15, 0xF7, 0x7D, 0x02, 0x06, 0x83, 0xCE, 0x3A, 0xEF, 0xDA, 0xD8, 0xB3, 0xB3,
    0x06, 0x47, 0x40, 0xDD, 0xFD, 0x94, 0xEE, 0xFD, 0xB5, 0xEB, 0x6A, 0x54, 0x20, 0x70, 0x21, 0x23,
    0x42, 0xDB, 0x89, 0xC6, 0x4D, 0xCB, 0x3A, 0xA3, 0x94, 0x94, 0x34, 0x1B, 0x6F, 0xD1, 0x6A, 0x31,
    0xE5, 0xEC, 0xB7, 0xA9, 0x19, 0x78, 0xC0, 0x5E, 0x28, 0x80, 0x1C, 0xDE, 0x1D, 0x3D, 0x39, 0xD8,
    0xF6, 0xCD, 0x05, 0x73, 0x35, 0xB2, 0xAC, 0x79, 0xF1, 0x01, 0x0E, 0x7D, 0xCD, 0x4E, 0x22, 0xD6,
    0xF9, 0x87, 0x07, 0xAC, 0xDC, 0xBC, 0xF8, 0x40, 0xC3, 0xB9, 0x58, 0xF9, 0x9A, 0x65, 0xED, 0xFA,
    0x0C, 0xA2, 0xDA, 0xD0, 0xCA, 0x5F, 0xA8, 0x24, 0x0C, 0x74, 0xF2, 0x30, 0xD5, 0x59, 0x77, 0x61,
    0xC7, 0x96, 0x3E, 0xB6, 0x17, 0x52, 0x85, 0x98, 0x8C, 0xE5, 0x97, 0x1C, 0xDE, 0x91, 0x9E, 0x70,
    0x94, 0x13, 0xC6, 0x01, 0x36, 0x0C, 0x70, 0xC4, 0x80, 0x96, 0xD3, 0xF1, 0x27, 0xD4, 0xBD, 0x29,
    0xC9, 0xBB, 0xED, 0x27, 0x15, 0x3C, 0xA6, 0x44, 0x2B, 0x23, 0x15, 0x05, 0x63, 0x34, 0x62, 0xD1,
    0x0B, 0x7E, 0x1B, 0x37, 0x7E, 0xD3, 0xCD, 0x3A, 0x94, 0x96, 0xC2, 0x27, 0xF3, 0x4E, 0x15, 0x2D,
    0x00, 0xAE, 0xB6, 0x54, 0x29, 0x4F, 0xB4, 0xCF, 0xF5, 0x35, 0xD8, 0xF9, 0x32, 0xA8, 0x29, 0xD0,
    0xBE, 0xED, 0xEA, 0xCA, 0xF5, 0x25, 0xDD, 0x89, 0xB8, 0x4A, 0x66, 0x6B, 0xE5, 0xB5, 0x6A, 0xFF,
    0x06, 0xAE, 0xD4, 0xD7, 0xD1, 0x83, 0xBD, 0x35, 0x71, 0xBE, 0x1A, 0x38, 0x39, 0xC8, 0xE4, 0xC4,
    0xD8, 0xB6, 0x09, 0x50, 0x54, 0x95, 0x60, 0xD3, 0x88, 0xE0, 0xA2, 0xCF, 0x38, 0x7F, 0xC6, 0x5A,
    0x40, 0xD0, 0x7C, 0x48, 0xA7, 0x78, 0xF9, 0xC7, 0x76, 0x29, 0x57, 0xDC, 0x79, 0xFE, 0x74, 0x8E,
    0x64, 0x0C, 0x9D, 0x60, 0x47, 0xDD, 0xE5, 0x57, 0xE1, 0x34, 0xB0, 0x00, 0x45, 0x23, 0x08, 0xFF,
    0x93, 0x31, 0xC8, 0x6B, 0x69, 0x3B, 0x04, 0xF9, 0xCB, 0x2E, 0xF8, 0x86, 0xE6, 0xA6, 0x4E, 0x74,
    0x8E, 0x06, 0xCF, 0x10, 0x27, 0x18, 0xDA, 0xD8, 0xF9, 0x8F, 0xE1, 0xAE, 0xFD, 0x3D, 0xD2, 0x58,
    0x60, 0x20, 0x2E, 0x7D, 0x77, 0x63, 0x13, 0x4E, 0x45, 0x61, 0x92, 0x68, 0x6F, 0xB4, 0xA7, 0x63,
    0x1F, 0x16, 0x77, 0xCD, 0x2E, 0x72, 0x6C, 0x4C, 0xBF, 0xD2, 0xA1, 0x3C, 0x46, 0x4B, 0xD2, 0x1F,
    0x27, 0x0B, 0x00, 0x61, 0x28, 0x19, 0x85, 0xC9, 0xAA, 0x8D, 0xB5, 0x05, 0xA0, 0xEB, 0x9E, 0xCC,
    0x00, 0x69, 0x7C, 0x5B, 0x3F, 0x5D, 0x63, 0xFD, 0x6C, 0x32, 0xC8, 0xAF, 0x64, 0x27, 0x62, 0x53,
    0x84, 0xFC, 0xA8, 0x2B, 0xDA, 0x2D, 0x61, 0xF8, 0x9B, 0xEA, 0x63, 0x32, 0x43, 0xAA, 0x56, 0xCC,
    0x0A, 0x33, 0x9D, 0xF5, 0x0F, 0x4E, 0x73, 0x7D, 0x53, 0xAB, 0x97, 0x18, 0xF6, 0xBB, 0xB2, 0x9B,
    0xEA, 0x5F, 0x81, 0x13, 0x25, 0xFA, 0x89, 0xDE, 0xD3, 0xEE, 0xC7, 0x8F, 0xF4, 0x91, 0x62, 0xD1,
    0x8F, 0xF5, 0x3E, 0x7F, 0x44, 0x69, 0x07, 0xB8, 0x67, 0x74, 0x23, 0x9E, 0x9E, 0x90, 0x43, 0x03,
    0xB9, 0x5C, 0x36, 0x45, 0x6B, 0xBC, 0x90, 0xB1, 0x54, 0x0A, 0x03, 0x3B, 0x4E, 0xEE, 0x2A, 0x5E,
    0x2C, 0x1F, 0x5C, 0x99, 0xB3, 0x29, 0xD3, 0xFB, 0x4B, 0x8C, 0x1E, 0x7B, 0xE4, 0xC5, 0xDA, 0x8A,
    0x6C, 0x64, 0x19, 0x86, 0xFE, 0x62, 0x68, 0x7B, 0xB7, 0x3A, 0x8D, 0xF6, 0x4E, 0xD8, 0x57, 0xE1,
    0x8E, 0xC2, 0xE7, 0xE8, 0x6F, 0x20, 0xA0, 0x1B, 0x48, 0x6B, 0xC8, 0x6A, 0x1A, 0xB0, 0x20, 0x1B,
    0xB2, 0xE2, 0x1F, 0x02, 0xE0, 0xCB, 0xDB, 0xC8, 0x63, 0x5F, 0x22, 0x40, 0x2E, 0xFB, 0x10, 0xCC,
    0x55, 0xC8, 0x57, 0x18, 0x95, 0x53, 0xCA, 0xF6, 0xA3, 0x25, 0x9D, 0x33, 0x74, 0x3E, 0xC5, 0xFF,
    0x40, 0x96, 0xDF, 0xE1, 0x39, 0xD7, 0xA5, 0x33, 0xA4, 0xFE, 0x00, 0x11, 0xCA, 0xF0, 0xE1, 0xDC,
    0xBE, 0xFD, 0xC2, 0xDB, 0x4C, 0xBB, 0x9D, 0x43, 0xAF, 0x0E, 0xD8, 0xAC, 0x62, 0xD4, 0x5E, 0x58,
    0xF5, 0x27, 0x5A, 0xBD, 0xB2, 0x22, 0x5F, 0x52, 0xBD, 0x02, 0xD2, 0x01, 0x8B, 0x0B, 0x5B, 0x25,
    0xB3, 0x5F, 0x01, 0x2C, 0xE1, 0xEF, 0x43, 0x5D, 0xCC, 0x6F, 0x0C, 0x46, 0xB8, 0x09, 0x8D, 0x93,
    0x9E, 0xD8, 0x44, 0x01, 0xE5, 0xE7, 0x84, 0x05, 0xE4, 0xA5, 0x4D, 0x96, 0x5A, 0x26, 0x5A, 0x17,
    0xAC, 0xBF, 0x0A, 0x23, 0xF4, 0xF8, 0xF0, 0x66, 0x08, 0xA8, 0x67, 0x20, 0xDD, 0xBF, 0x00, 0xD2,
    0x6D, 0x45, 0x27, 0xB9, 0x17, 0x40, 0x1A, 0x9D, 0xE9, 0x09, 0x8A, 0xF3, 0x67, 0xA0, 0xBF, 0x5F,
    0x82, 0xB7, 0x0F, 0xC8, 0xE6, 0x8A, 0xBF, 0x6A, 0x70, 0xC2, 0x6E, 0x03, 0x34, 0xCF, 0x4D, 0xD8,
    0x85, 0xA1, 0x7F, 0x3A, 0x7C, 0x17, 0x3A, 0x45, 0x55, 0x3D, 0xA3, 0x9D, 0xFD, 0x44, 0x77, 0x6A,
    0x34, 0x29, 0xCB, 0x0A, 0xA4, 0xAD, 0xAC, 0x6E, 0x83, 0x55, 0xDA, 0x98, 0x61, 0x13, 0x6D, 0x9B,
    0x31, 0x00, 0xC2, 0x97, 0xE8, 0x11, 0x10, 0xE5, 0x0D, 0x84, 0xFA, 0x6C, 0xD8, 0xF7, 0xA1, 0x87,
    0xE3, 0x90, 0x79, 0xF6, 0xAB, 0x82, 0xFD, 0x20, 0xE6, 0x6D, 0x94, 0x0B, 0x0F, 0x41, 0x3E, 0xD7,
    0x41, 0xB4, 0xA3, 0xBE, 0xE4, 0xCD, 0x4B, 0x48, 0xBE, 0xAC, 0x63, 0xFD, 0x85, 0xF6, 0x58, 0xF8,
    0x9C, 0xFD, 0x00, 0x7A, 0x07, 0xB0, 0x86, 0x65, 0xC9, 0x00, 0xD5, 0xF6, 0x81, 0x41, 0xB3, 0x29,
    0xE0, 0x7B, 0xD4, 0xB9, 0xFF, 0x04, 0x47, 0xF0, 0x09, 0xE2, 0x9F, 0x6D, 0x48, 0x45, 0x6E, 0x8A,
    0xC0, 0xED, 0xB1, 0x36, 0x8C, 0x11, 0xED, 0xA1, 0x78, 0x44, 0xB4, 0x0C, 0x7F, 0x2F, 0x0A, 0xC1,
    0x80, 0x1A, 0x96, 0x8D, 0x1C, 0xB4, 0x23, 0xCC, 0xF3, 0xC1, 0x8D, 0xD1, 0x92, 0xE9, 0x4B, 0xE5,
    0x9D, 0x47, 0x8F, 0xEE, 0xA8, 0x6F, 0x7D, 0xA9, 0xA0, 0x76, 0x4A, 0xDC, 0xB3, 0xAE, 0xA5, 0x8A,
    0x2A, 0xC4, 0xD7, 0x03, 0xD0, 0xB7, 0x5F, 0xE0, 0x7E, 0xE4, 0xCF, 0x9C, 0x4E, 0x05, 0xD6, 0xAC,
    0xC5, 0xA1, 0x0F, 0x5D, 0x73, 0xAC, 0x79, 0x2C, 0xD9, 0x57, 0xEC, 0xD0, 0x0C, 0xEE, 0xC9, 0x69,
    0xE8, 0xB9, 0x22, 0x40, 0x24, 0x9F, 0xDF, 0x61, 0x30, 0x26, 0xBE, 0x9D, 0x51, 0xCA, 0x3E, 0x6C,
    0xBB, 0x36, 0x62, 0xB1, 0x9A, 0xF2, 0xBE, 0xE8, 0xEB, 0x06, 0x76, 0xCD, 0xE6, 0x02, 0x69, 0xA4,
    0x77, 0x26, 0x59, 0x0B, 0x54, 0xED, 0x0C, 0x29, 0x83, 0x0C, 0xBF, 0xE6, 0x39, 0xC5, 0xBA, 0x71,
    0x82, 0xCE, 0x07, 0x35, 0x15, 0xC8, 0x49, 0x42, 0x58, 0x57, 0x84, 0x16, 0x90, 0xAA, 0x2D, 0xDA,
    0xEC, 0xC8, 0x4E, 0x85, 0x22, 0xB4, 0xA2, 0xCC, 0xA2, 0x27, 0x5F, 0x4A, 0x54, 0xAD, 0xCF, 0x86,
    0xD0, 0xA4, 0x18, 0x41, 0x65, 0xBB, 0x60, 0x30, 0x44, 0xDE, 0x45, 0xE3, 0xC7, 0x4F, 0x67, 0xF9,
    0x93, 0x63, 0x58, 0x42, 0xEF, 0xE8, 0x5C, 0x8F, 0x85, 0x25, 0x40, 0xBF, 0x99, 0x43, 0x20, 0x6F,
    0xD1, 0xEF, 0x25, 0x2C, 0x7D, 0x20, 0x94, 0xAF, 0xA8, 0xFD, 0x9E, 0x54, 0xC1, 0xA7, 0xF5, 0x25,
    0xC2, 0xF8, 0x3F, 0x91, 0x5E, 0xBC, 0xC9, 0x5A, 0x73, 0x1D, 0x86, 0x2E, 0xEF, 0xB1, 0x37, 0x7A,
    0x9F, 0x4D, 0xE7, 0xC3, 0x26, 0x40, 0x90, 0xFD, 0x42, 0x13, 0x98, 0x63, 0x18, 0x7D, 0x19, 0xD2,
    0x8B, 0x7C, 0xCB, 0xA8, 0xCE, 0x11, 0x19, 0x0A, 0x89, 0x9E, 0xD1, 0xD9, 0xCC, 0x88, 0xFC, 0xCB,
    0x44, 0x8A, 0x2B, 0x23, 0x8A, 0x17, 0x38, 0xEB, 0x92, 0xF6, 0x75, 0x5F, 0x80, 0x50, 0xBD, 0x4C,
    0x56, 0xBA, 0x04, 0xB2, 0xBF, 0x6E, 0xDF, 0x7E, 0x93, 0x3F, 0xBE, 0x32, 0x82, 0xAE, 0xDC, 0x7B,
    0xAA, 0x4B, 0x7E, 0x9B, 0x25, 0x71, 0x23, 0x35, 0xA8, 0x30, 0xE7, 0x9E, 0xFF, 0x4D, 0x9A, 0xC4,
    0x5F, 0x45, 0x07, 0xE3, 0x52, 0x8B, 0xD1, 0xA6, 0xDC, 0x98, 0x19, 0x8A, 0xAC, 0xB5, 0x8C, 0x16,
    0xAE, 0xFC, 0xC9, 0xD2, 0x1B, 0x4E, 0x3B, 0x0B, 0xFE, 0x0C, 0x84, 0x3C, 0x9C, 0xDA, 0x0F, 0x4C,
    0x4E, 0x6D, 0xBD, 0x6C, 0xF3, 0xA3, 0x0E, 0x38, 0x7D, 0x87, 0x8B, 0xE4, 0x4C, 0x58, 0x10, 0x77,
    0xD6, 0xDC, 0x61, 0x33, 0x85, 0x2F, 0xBA, 0xED, 0x59, 0xC7, 0x7D, 0x8E, 0xB7, 0x67, 0xED, 0x01,
    0x48, 0x71, 0x61, 0x03, 0xFE, 0x1C, 0xB7, 0x8D, 0xF2, 0xE7, 0xAB, 0x91, 0x46, 0x6E, 0x38, 0x19,
    0x97, 0xDC, 0xDF, 0xCA, 0x88, 0x15, 0xE3, 0xC9, 0x64, 0x2A, 0x8C, 0xB6, 0x6C, 0x66, 0x7B, 0xCB,
    0x56, 0xC6, 0xF4, 0x54, 0x66, 0xEA, 0xC8, 0x1F, 0x0D, 0xF0, 0xBF, 0x3C, 0xB0, 0x21, 0x2F, 0x22,
    0xEE, 0x55, 0xA7, 0x57, 0xF4, 0xA9, 0xAE, 0x3E, 0xD3, 0x3B, 0xCD, 0x77, 0xCD, 0xB2, 0xFF, 0x0B,
    0xCD, 0x5A, 0x3D, 0x8C, 0xDD, 0xD6, 0x95, 0xBE, 0x24, 0x35, 0x43, 0x47, 0x44, 0x7C, 0x55, 0x48,
    0x42, 0x6C, 0x07, 0xA6, 0x0B, 0x17, 0x89, 0x21, 0x8B, 0x4D, 0x0A, 0x23, 0x90, 0xE6, 0x52, 0x72,
    0xE1, 0x42, 0x85, 0x07, 0x88, 0x67, 0x17, 0x58, 0x23, 0xB0, 0x8B, 0x14, 0x89, 0xB1, 0xC0, 0xA8,
    0x48, 0xE1, 0x42, 0x12, 0x19, 0xAB, 0x48, 0xE1, 0xC2, 0xB3, 0x40, 0x82, 0x14, 0x5B, 0x24, 0x85,
    0x1A, 0xCB, 0xC0, 0x4A, 0x85, 0x0A, 0x15, 0x92, 0x48, 0x8D, 0x0A, 0x61, 0xE1, 0x42, 0xB4, 0xB5,
    0x8B, 0x14, 0x2E, 0x4C, 0x5B, 0xDA, 0x60, 0xE1, 0x01, 0x56, 0x94, 0x45, 0xC3, 0x94, 0x86, 0xE4,
    0xD9, 0xEF, 0x3B, 0x7C, 0x6F, 0x7E, 0xEC, 0x56, 0x81, 0xF2, 0x20, 0xF2, 0xBD, 0x21, 0x79, 0xEF,
    0x3D, 0xF7, 0xFC, 0x7C, 0xE7, 0x3B, 0x87, 0x32, 0x9E, 0xF1, 0x7A, 0xE3, 0xAA, 0xA0, 0x37, 0x49,
    0x6A, 0x8C, 0xF1, 0x8C, 0xDF, 0x18, 0x67, 0x82, 0xDA, 0x9C, 0x31, 0x51, 0x6D, 0x06, 0x63, 0x2B,
    0xDC, 0x4F, 0x4A, 0xDC, 0xCF, 0xF2, 0xA8, 0x35, 0x62, 0xE2, 0xC6, 0x1F, 0xCC, 0x4B, 0x7C, 0x96,
    0x9F, 0xA8, 0x34, 0xC6, 0xE6, 0x38, 0x70, 0x21, 0xC6, 0xDF, 0x09, 0xA6, 0xC8, 0xD6, 0x4C, 0x2C,
    0x9D, 0x29, 0xA4, 0x0F, 0xE4, 0x6A, 0x1F, 0x75, 0x97, 0xF7, 0xDB, 0xBA, 0xC5, 0x1C, 0x98, 0xF8,
    0x3A, 0x8E, 0xF7, 0x6A, 0xE3, 0xCE, 0x56, 0x38, 0x4A, 0xE3, 0x6E, 0x96, 0x17, 0x93, 0xCD, 0xDF,
    0x37, 0x56, 0xA4, 0x0A, 0x45, 0x8C, 0x29, 0xEE, 0xEA, 0x14, 0xE6, 0x30, 0x8E, 0x25, 0x1C, 0x47,
    0x71, 0x9C, 0xC2, 0x71, 0x05, 0xC7, 0xB2, 0x99, 0x7F, 0x16, 0x05, 0xAB, 0x09, 0x4E, 0x76, 0x93,
    0x63, 0xFC, 0xDE, 0x04, 0x6D, 0x58, 0x63, 0x85, 0xE7, 0x8D, 0x19, 0x71, 0x3F, 0x6C, 0x71, 0x72,
    0x90, 0x2C, 0x11, 0x29, 0xF1, 0xA0, 0x18, 0xBF, 0xF8, 0xEA, 0x1C, 0x86, 0xE0, 0x72, 0xD0, 0xE1,
    0x14, 0x57, 0x38, 0x15, 0x38, 0x7E, 0xD1, 0x99, 0x83, 0x01, 0x1E, 0xE8, 0x63, 0x9C, 0x9A, 0xEC,
    0x93, 0x42, 0xCC, 0xAF, 0x8C, 0xAA, 0xC1, 0x98, 0xF4, 0xF2, 0xC2, 0xF2, 0xA9, 0x68, 0x43, 0xEE,
    0x55, 0x98, 0xA6, 0x31, 0xF2, 0x5A, 0x6F, 0x6C, 0x19, 0x97, 0x7E, 0x6B, 0xA0, 0x30, 0x13, 0xE7,
    0x41, 0x13, 0xB4, 0xC6, 0xA5, 0x85, 0x89, 0xA4, 0x68, 0x20, 0xBD, 0x94, 0x57, 0xE3, 0xBB, 0x67,
    0x7C, 0x0C, 0xCE, 0x33, 0xB9, 0x2E, 0x7D, 0x21, 0x37, 0xA4, 0x5F, 0x1D, 0x4C, 0x51, 0x5B, 0x28,
    0xC3, 0x84, 0xBD, 0x37, 0x98, 0xA0, 0xC7, 0xFA, 0xFE, 0x10, 0x35, 0x10, 0x26, 0x2E, 0xCD, 0xB3,
    0xE2, 0xFE, 0x97, 0x42, 0xF6, 0x66, 0x21, 0x7B, 0xF8, 0x06, 0xE4, 0x6D, 0x54, 0xE6, 0x06, 0xFA,
    0x93, 0x7A, 0xDA, 0x82, 0x71, 0xD0, 0x2E, 0x74, 0x8F, 0x69, 0x65, 0x0D, 0x92, 0xE3, 0x59, 0x3C,
    0xD2, 0x4D, 0x8A, 0x80, 0x79, 0x4A, 0x9A, 0x27, 0xF7, 0x3B, 0x48, 0x12, 0x34, 0x26, 0x9B, 0x8C,
    0xB6, 0xF3, 0xE3, 0xFF, 0x05, 0xD2, 0x86, 0x8D, 0xB9, 0x06, 0x53, 0x42, 0xF2, 0x78, 0x1A, 0x00,
    0xD1, 0x0F, 0xF0, 0x6E, 0x91, 0x63, 0xB6, 0x32, 0x7C, 0x24, 0x78, 0xA8, 0x0F, 0x7A, 0xBF, 0x8E,
    0xA1, 0xBB, 0x07, 0xAD, 0x09, 0x6E, 0xB6, 0xC6, 0x86, 0x9D, 0x59, 0x82, 0xE1, 0xAF, 0xE2, 0x18,
    0x82, 0xD6, 0x1B, 0x83, 0xDA, 0x13, 0x18, 0x5C, 0x60, 0xE8, 0xF1, 0x5D, 0x1C, 0xD5, 0x11, 0x4F,
    0x82, 0x26, 0xEC, 0x6C, 0x9D, 0x94, 0x0E, 0x82, 0x39, 0x98, 0xE4, 0xA0, 0x9A, 0xC9, 0x6F, 0x4E,
    0x17, 0x56, 0xEE, 0x0F, 0xEF, 0x46, 0xB0, 0xD4, 0x01, 0x3A, 0x4B, 0xA6, 0x1B, 0x5A, 0x7B, 0xB3,
    0xA6, 0xBB, 0x44, 0x79, 0x50, 0xD1, 0xC8, 0x97, 0x7C, 0x49, 0x2F, 0x59, 0x0F, 0x8E, 0xB2, 0x5E,
    0xB9, 0xB0, 0x3C, 0x74, 0x24, 0x2A, 0x5F, 0xF1, 0xEE, 0x94, 0xD8, 0xE2, 0xD3, 0xAF, 0x58, 0x6C,
    0xFE, 0x41, 0x8E, 0x9F, 0xF6, 0x08, 0x7F, 0xDE, 0x29, 0x61, 0xD9, 0xE7, 0x5F, 0x0E, 0xC7, 0x7F,
    0xF5, 0xCB, 0x1A, 0x22, 0x1F, 0x89, 0xD2, 0xD5, 0x3A, 0x4A, 0xE1, 0x20, 0x7E, 0x6D, 0x5A, 0x7A,
    0x48, 0xF0, 0xD0, 0xBB, 0x06, 0xDB, 0x0B, 0x3D, 0xC0, 0x5B, 0xC1, 0xE9, 0x99, 0xFD, 0x98, 0x39,
    0xDC, 0xEC, 0xEC, 0xF5, 0x26, 0x3E, 0xDE, 0x24, 0x41, 0xBD, 0x14, 0x55, 0x2E, 0xFE, 0x4F, 0x27,
    0x43, 0xFC, 0xA0, 0x5B, 0x48, 0x21, 0xE8, 0xBE, 0x44, 0x5A, 0x08, 0x76, 0x00, 0xAA, 0x7F, 0xDE,
    0xBC, 0x62, 0x0A, 0x6F, 0x08, 0xFA, 0xA8, 0x8D, 0x1B, 0x57, 0x65, 0xA5, 0xA4, 0xC5, 0xB1, 0xD1,
    0xC8, 0x7B, 0xD0, 0x0C, 0x7E, 0xDB, 0xDA, 0x95, 0x61, 0x6B, 0xB1, 0x14, 0x96, 0xC3, 0xE7, 0xC0,
    0xCA, 0xCA, 0x6B, 0x22, 0x43, 0x26, 0xF2, 0xC9, 0xCA, 0x0A, 0x14, 0x1E, 0x61, 0x3F, 0x57, 0xA7,
    0xAF, 0xDF, 0xE0, 0x4B, 0x7A, 0x91, 0x5B, 0x34, 0x15, 0x44, 0x59, 0xA6, 0xD5, 0x2A, 0xEC, 0xF6,
    0xB0, 0x79, 0xD9, 0x78, 0xD5, 0x0F, 0x5D, 0x7B, 0x28, 0x0A, 0x3F, 0x08, 0xCE, 0xE6, 0x5F, 0x56,
    0x17, 0xAB, 0xA3, 0xCD, 0xA1, 0x9F, 0xD9, 0x26, 0x7A, 0x3A, 0xF8, 0x3F, 0xFF, 0xC6, 0xF5, 0x07,
    0x75, 0x7D, 0x72, 0x3C, 0xFA, 0x5B, 0x6B, 0x20, 0x4B, 0x0B, 0xBF, 0x8F, 0xBE, 0x82, 0x9D, 0x9F,
    0x5D, 0x83, 0x5E, 0x3F, 0x93, 0xA1, 0x10, 0x7A, 0x43, 0x34, 0x18, 0x19, 0xED, 0xE6, 0x90, 0xF9,
    0x0F, 0xDB, 0x60, 0xB3, 0xB2, 0x9F, 0x97, 0xD7, 0xDC, 0xBD, 0x26, 0x93, 0x74, 0xF5, 0x2E, 0x17,
    0x4B, 0x72, 0x03, 0x57, 0xD8, 0xFE, 0x0A, 0x27, 0x19, 0x3F, 0xFD, 0x68, 0xFC, 0xF0, 0x3B, 0xF7,
    0x62, 0x8D, 0xE0, 0x97, 0xCE, 0x9F, 0xFF, 0xD3, 0xF4, 0x08, 0x23, 0xC2, 0x3C, 0x57, 0xD3, 0x16,
    0x8F, 0xC6, 0xB0, 0x3A, 0xE3, 0xA7, 0xD7, 0x88, 0x0C, 0x70, 0x1C, 0xF8, 0x69, 0xC1, 0xB0, 0x41,
    0xD0, 0xC0, 0xC8, 0x4E, 0x18, 0x5C, 0x66, 0x35, 0xB7, 0x52, 0x5E, 0xCB, 0x8E, 0x97, 0xA7, 0x8D,
    0xBA, 0x9D, 0xEB, 0xCC, 0x66, 0x6B, 0x18, 0x84, 0xA9, 0xD7, 0xBF, 0x24, 0x15, 0x3C, 0xF4, 0x37,
    0x0C, 0xA3, 0xA3, 0xF6, 0x8B, 0xC1, 0xBD, 0x5F, 0x5F, 0x9A, 0x14, 0xB1, 0x8C, 0x49, 0xA0, 0x43,
    0x57, 0x26, 0x98, 0xAB, 0x84, 0x7B, 0x67, 0x39, 0x4F, 0x29, 0x7C, 0xBC, 0xC0, 0x17, 0x02, 0xB4,
    0x30, 0xD3, 0x09, 0x9A, 0x37, 0xDE, 0xE8, 0x8D, 0x38, 0x05, 0xA3, 0xF1, 0xE5, 0x2D, 0xF9, 0x21,
    0xE2, 0x34, 0x1B, 0x02, 0x19, 0x92, 0x2E, 0xBC, 0x07, 0x4B, 0x44, 0x75, 0xEA, 0x19, 0x4B, 0x63,
    0xD8, 0x6A, 0x1E, 0xD2, 0x49, 0x39, 0x0B, 0x7C, 0xF3, 0xF3, 0x1D, 0x11, 0xB0, 0x0A, 0x43, 0x60,
    0x30, 0x76, 0x20, 0x7F, 0x4E, 0xE1, 0x88, 0xAF, 0x13, 0x3C, 0xDE, 0x42, 0x3C, 0xC9, 0x61, 0xCC,
    0x2C, 0x4B, 0x38, 0x8D, 0x47, 0x71, 0x1A, 0x8E, 0xE0, 0xD4, 0x9F, 0xC2, 0x8D, 0xFE, 0x32, 0x1E,
    0xE9, 0xA1, 0xA5, 0xC3, 0x1D, 0x77, 0xDB, 0x22, 0x2C, 0xCD, 0x7D, 0x9C, 0xBC, 0xAF, 0x71, 0xF2,
    0xEF, 0x60, 0xD1, 0xE0, 0x36, 0xD6, 0x0B, 0x6E, 0x62, 0xA9, 0xE8, 0x16, 0x34, 0x69, 0x21, 0xF2,
    0x49, 0x07, 0x7B, 0x17, 0x23, 0x82, 0xD4, 0xD5, 0xF3, 0xA5, 0x17, 0xEC, 0x86, 0x0C, 0x67, 0x80,
    0x58, 0x79, 0x56, 0x66, 0xA6, 0x8B, 0xAE, 0xF7, 0x8B, 0x78, 0xFA, 0xB9, 0x63, 0x45, 0x5D, 0xB4,
    0x0B, 0x80, 0x54, 0xC0, 0x48, 0x54, 0x41, 0x81, 0xD3, 0xCF, 0x6C, 0x60, 0x04, 0xE1, 0xE9, 0xD4,
    0x14, 0xAD, 0xFF, 0xB0, 0x0F, 0xEB, 0x2B, 0xB6, 0xBC, 0x12, 0xE7, 0x7D, 0x7C, 0xAC, 0x8B, 0x5F,
    0x6D, 0xED, 0xE7, 0x75, 0x88, 0xFB, 0x70, 0x56, 0x3A, 0x2E, 0x8C, 0x5E, 0x1D, 0x58, 0x36, 0x7E,
    0x15, 0xE6, 0x88, 0xCE, 0xCE, 0x24, 0x95, 0xCB, 0x83, 0x21, 0xEA, 0x0C, 0x5D, 0xD7, 0x36, 0x49,
    0x15, 0x75, 0x71, 0xA3, 0x47, 0x1B, 0xD7, 0x3C, 0xBC, 0x3A, 0xA8, 0xCC, 0x77, 0x3F, 0x5E, 0x35,
    0xB9, 0x82, 0xC3, 0x92, 0xD8, 0x2F, 0x80, 0x29, 0x02, 0x4A, 0xC2, 0xF0, 0x34, 0x2B, 0xAF, 0x42,
    0x30, 0x62, 0x0A, 0x0F, 0x5E, 0xA5, 0x93, 0x3B, 0xEA, 0xBC, 0xA4, 0xAF, 0x77, 0x10, 0xDC, 0x03,
    0xF4, 0xE4, 0x71, 0x8E, 0xAB, 0xB6, 0x85, 0x63, 0xD9, 0x32, 0x90, 0xE3, 0xD2, 0x02, 0x25, 0x1F,
    0x35, 0x4E, 0x90, 0x45, 0x96, 0xA6, 0xC7, 0xED, 0x0D, 0x6A, 0xAD, 0x0D, 0x9A, 0xD3, 0xF8, 0xF3,
    0x9A, 0x21, 0xE6, 0xC1, 0xB3, 0x2C, 0x01, 0x1A, 0x2B, 0x1D, 0x78, 0xEB, 0xBF, 0x26, 0xE8, 0xEE,
    0x26, 0x23, 0x42, 0x24, 0xBF, 0x99, 0xA9, 0xF0, 0x7B, 0x32, 0x47, 0x66, 0x92, 0x99, 0xEA, 0xEE,
    0x14, 0x20, 0x29, 0x33, 0x31, 0x15, 0x33, 0xA9, 0x90, 0xD9, 0x24, 0x3A, 0x64, 0xA6, 0xE8, 0x90,
    0x59, 0xAF, 0x42, 0x66, 0x67, 0x0A, 0x82, 0x20, 0x70, 0x40, 0xD2, 0x38, 0xF7, 0x3A, 0xFB, 0xB7,
    0x9E, 0xD0, 0x69, 0x5A, 0xBB, 0x2E, 0xAD, 0x2D, 0x17, 0xBC, 0xCE, 0x09, 0x44, 0xE7, 0x04, 0x10,
    0x5D, 0x9D, 0x0A, 0xA3, 0x42, 0x4E, 0xDD, 0x1A, 0xBF, 0x57, 0xD1, 0x15, 0x5F, 0x11, 0x14, 0xD9,
    0x1F, 0x97, 0x79, 0xD5, 0x32, 0x6F, 0x41, 0xF4, 0x02, 0x00, 0xC7, 0x6C, 0xC8, 0xCF, 0xBE, 0xEF,
    0xC9, 0xEC, 0xE3, 0x4E, 0x51, 0x4E, 0x92, 0xE1, 0x79, 0xF8, 0xAD, 0xBD, 0x3D, 0xCD, 0x78, 0x32,
    0x99, 0x96, 0x83, 0xEC, 0x74, 0xE4, 0xC5, 0x5E, 0xC3, 0x33, 0x90, 0x5C, 0xAF, 0xFE, 0x9C, 0x10,
    0x0F, 0xAD, 0x84, 0x35, 0xC4, 0xC2, 0x4E, 0xAF, 0x9A, 0xD3, 0xD0, 0xB3, 0x59, 0x2D, 0x6D, 0x1E,
    0xC8, 0x09, 0x69, 0x30, 0xEA, 0x51, 0x03, 0x2D, 0x5C, 0x85, 0x9E, 0x11, 0x60, 0x71, 0x3E, 0xE9,
    0xB9, 0x99, 0xF4, 0x3C, 0x4C, 0x7A, 0x4E, 0x72, 0xD5, 0x73, 0x38, 0xE9, 0x59, 0x75, 0x31, 0xE9,
    0x8D, 0x6A, 0x0C, 0x66, 0x7A, 0xDE, 0x33, 0x73, 0x08, 0x8E, 0x52, 0x3E, 0xA0, 0x08, 0xB1, 0xC7,
    0xD8, 0xCE, 0x97, 0xF2, 0x00, 0xFE, 0xCC, 0xC3, 0x06, 0xF2, 0x16, 0x24, 0x03, 0xCC, 0x26, 0x51,
    0xBD, 0xBF, 0xB8, 0x80, 0x0C, 0x97, 0x48, 0x9E, 0xED, 0xF4, 0xAB, 0xA7, 0xF5, 0x9C, 0xE9, 0xA6,
    0xD5, 0x9B, 0x03, 0x3D, 0x7B, 0x85, 0x5E, 0xFF, 0xD1, 0xF6, 0x83, 0x8B, 0x8A, 0x40, 0xA2, 0x16,
    0x55, 0xA4, 0xCC, 0x5A, 0x7D, 0x5A, 0x03, 0xB9, 0x60, 0xD6, 0xEB, 0x79, 0x33, 0xBA, 0xA3, 0x16,
    0x55, 0xF3, 0xB6, 0x09, 0xDD, 0xB5, 0x64, 0x36, 0x1C, 0x38, 0x32, 0xFA, 0xE6, 0x9F, 0x7B, 0x2A,
    0x14, 0x19, 0x93, 0x59, 0xBC, 0x32, 0xF1, 0x7F, 0xAF, 0x60, 0x24, 0x01, 0x83, 0xFE, 0x10, 0x22,
    0xAC, 0x4A, 0x93, 0x3C, 0x04, 0xFC, 0x46, 0x04, 0xD0, 0xD4, 0x49, 0xB3, 0xBD, 0xFE, 0x45, 0x33,
    0xF9, 0xC4, 0x5C, 0x4E, 0xC7, 0xA4, 0x1A, 0xD0, 0x09, 0xCD, 0x5E, 0xF3, 0x0F, 0x23, 0x66, 0x32,
    0x29, 0x52, 0x7F, 0x4E, 0xFC, 0x65, 0x50, 0x52, 0xC0, 0xD5, 0xCE, 0x99, 0xFC, 0xC9, 0x8B, 0xA9,
    0xBE, 0x1E, 0xB5, 0xEF, 0x92, 0x4C, 0x6C, 0xD2, 0xF7, 0xBE, 0xA5, 0x36, 0x23, 0xE5, 0x60, 0xBB,
    0x90, 0x66, 0xCD, 0xCC, 0xC1, 0x79, 0xDA, 0x4E, 0xAC, 0x3C, 0x45, 0xD3, 0x49, 0x74, 0x8F, 0x61,
    0xEA, 0x78, 0xD3, 0xEF, 0x78, 0x33, 0x5E, 0xA7, 0x98, 0x03, 0x08, 0x27, 0xBC, 0x36, 0x26, 0x73,
    0x48, 0x71, 0xD3, 0x1F, 0x56, 0x18, 0x3B, 0xEA, 0xD3, 0x10, 0x10, 0xF9, 0xE6, 0x9B, 0x95, 0xD5,
    0x9A, 0x8E, 0x5C, 0x94, 0x70, 0x4D, 0x8F, 0xE4, 0xD4, 0x44, 0xE3, 0x6B, 0x80, 0x1F, 0x91, 0x55,
    0xA9, 0x2C, 0x1F, 0xF4, 0xD6, 0x7E, 0x4A, 0x15, 0xDC, 0xE0, 0x84, 0x12, 0xEB, 0xBE, 0x9D, 0xFA,
    0xF9, 0x8E, 0x20, 0x55, 0xCE, 0x67, 0x55, 0xE9, 0x0C, 0x52, 0x13, 0x4E, 0x0E, 0x41, 0x01, 0xFD,
    0x4D, 0xBA, 0x85, 0xBD, 0xC5, 0x9B, 0xD7, 0x28, 0x60, 0xD8, 0xD0, 0x93, 0xDD, 0xF1, 0x81, 0x30,
    0x09, 0x86, 0x84, 0xA8, 0xE5, 0xC8, 0x62, 0x05, 0xCA, 0xA1, 0xDA, 0x54, 0x83, 0x83, 0xF1, 0x86,
    0x95, 0x37, 0x3B, 0xC6, 0x39, 0x38, 0x1D, 0x06, 0x64, 0x25, 0xD4, 0xE7, 0xCB, 0xBF, 0xE1, 0x4E,
    0x81, 0x6C, 0xDE, 0x06, 0xA2, 0x3A, 0x58, 0xD0, 0xD0, 0xD0, 0xCC, 0x1E, 0x5F, 0xE0, 0xEF, 0x4B,
    0x64, 0xBE, 0x7E, 0x75, 0x99, 0x4A, 0xD9, 0xE0, 0x65, 0x3B, 0x6C, 0x3D, 0xF7, 0xC4, 0x23, 0x06,
    0xA2, 0x13, 0x47, 0x98, 0x39, 0x27, 0xF1, 0xB3, 0xF1, 0xA3, 0x5E, 0x25, 0xA8, 0x03, 0x35, 0x60,
    0x96, 0xB2, 0x0E, 0xF0, 0xBF, 0xE9, 0xCD, 0x8B, 0x14, 0xE9, 0x7D, 0x1D, 0xEB, 0xF5, 0x4A, 0x61,
    0x11, 0x6A, 0xE3, 0xBF, 0xAC, 0xA9, 0x55, 0x45, 0x58, 0x31, 0xD4, 0x4E, 0x09, 0x52, 0x31, 0x6D,
    0x28, 0x94, 0x89, 0xD4, 0x2A, 0x15, 0x49, 0xC9, 0x37, 0x20, 0x10, 0xB2, 0x0A, 0x2B, 0x8F, 0x25,
    0x02, 0xA5, 0x6D, 0x7C, 0x26, 0x39, 0xAF, 0xF8, 0x8A, 0xB5, 0x02, 0x06, 0x43, 0x04, 0x27, 0xB9,
    0x4C, 0xE3, 0x16, 0x3F, 0xA4, 0x5B, 0x61, 0x28, 0x44, 0xCC, 0x23, 0x39, 0x0F, 0xFE, 0x00, 0xC4,
    0x8C, 0x48, 0xD9, 0x5D, 0x65, 0x96, 0x7C, 0x84, 0xF5, 0xB2, 0xA5, 0xB6, 0xB2, 0x72, 0xE6, 0x7F,
    0x96, 0x8B, 0x6B, 0xA6, 0xE6, 0x96, 0x02, 0x99, 0xE9, 0xFA, 0xED, 0x04, 0xE9, 0xA1, 0x74, 0xE3,
    0x3F, 0x8D, 0x9C, 0xAA, 0xE1, 0x89, 0x42, 0x41, 0x8B, 0x1E, 0xB5, 0xFF, 0xEC, 0xDC, 0x02, 0xDE,
    0x55, 0xA5, 0xB9, 0xDC, 0x66, 0x3A, 0xAB, 0x38, 0xF6, 0xEE, 0x86, 0xFB, 0x29, 0x51, 0x18, 0x05,
    0xC7, 0x48, 0x61, 0x25, 0x51, 0x9C, 0x7C, 0x7B, 0x67, 0x54, 0x58, 0x6A, 0x94, 0x96, 0x00, 0xCF,
    0x7A, 0xF4, 0x51, 0x87, 0x02, 0x01, 0x79, 0x87, 0x8E, 0x9C, 0xD2, 0x65, 0x40, 0xCE, 0x95, 0xE0,
    0xA8, 0x99, 0xA9, 0x3D, 0x4F, 0x77, 0x5B, 0x50, 0x71, 0x6E, 0xFB, 0x4E, 0x0F, 0x98, 0xF6, 0x54,
    0x5D, 0x45, 0x0E, 0x43, 0x00, 0xBD, 0x5B, 0x13, 0x8F, 0x45, 0x4F, 0x65, 0x52, 0x49, 0x22, 0xE9,
    0xF6, 0x8A, 0x3F, 0x36, 0x33, 0x99, 0x4D, 0xA6, 0x9B, 0xE7, 0x16, 0x0A, 0xDA, 0xE5, 0x19, 0xF3,
    0x44, 0x05, 0x0B, 0xA9, 0x9C, 0x90, 0x46, 0x89, 0x68, 0x90, 0xE8, 0x6B, 0x86, 0x56, 0x93, 0x30,
    0x1A, 0xFC, 0xF4, 0xC9, 0x08, 0xB6, 0x98, 0xFF, 0x8A, 0xA6, 0x45, 0xF8, 0x06, 0x03, 0x43, 0xFF,
    0x1A, 0x13, 0xF4, 0x1E, 0xB3, 0x53, 0x1A, 0xE2, 0x50, 0xAF, 0x03, 0x30, 0xDF, 0xF9, 0x82, 0x0E,
    0x0B, 0x12, 0x1C, 0x37, 0x5E, 0xCB, 0xBD, 0xBC, 0x6B, 0x7C, 0x35, 0xFC, 0x04, 0x27, 0xFF, 0xF3,
    0x21, 0x2B, 0x01, 0x21, 0x5D, 0x21, 0xEB, 0xD9, 0x71, 0xA7, 0xC4, 0x9C, 0x80, 0xA6, 0xCB, 0x06,
    0xF4, 0x6D, 0x09, 0x8B, 0x01, 0xEE, 0x3C, 0xD9, 0x40, 0x5D, 0xC6, 0x6D, 0x06, 0x0A, 0x75, 0x5B,
    0xB6, 0x1B, 0xA6, 0x24, 0x15, 0xC2, 0x09, 0x75, 0xF2, 0xB7, 0x77, 0x88, 0x52, 0x05, 0x2A, 0x47,
    0xC9, 0x29, 0x14, 0xCF, 0xE0, 0xED, 0x74, 0x76, 0xCB, 0x74, 0x5F, 0xA9, 0xE3, 0x52, 0xC3, 0x54,
    0x11, 0x16, 0xE6, 0x43, 0x04, 0x44, 0x40, 0x1E, 0x67, 0x02, 0x1E, 0xB3, 0x78, 0x72, 0xB2, 0x85,
    0xDC, 0x95, 0x56, 0x0B, 0x5C, 0xA9, 0x00, 0x34, 0x0C, 0xBB, 0x5C, 0xE4, 0x71, 0x2F, 0x46, 0xB6,
    0x81, 0x50, 0xF1, 0x88, 0xEA, 0xF7, 0xD9, 0x71, 0x38, 0x8D, 0x92, 0xEC, 0x27, 0x5B, 0xCB, 0xF1,
    0x41, 0x62, 0x11, 0x85, 0xE1, 0x54, 0xB0, 0xA0, 0xCE, 0x4E, 0x1C, 0xE4, 0x82, 0x34, 0x2B, 0x65,
    0xE0, 0x12, 0x5C, 0x91, 0x02, 0xF0, 0xC8, 0x66, 0xBC, 0x0B, 0x96, 0xF1, 0x88, 0x76, 0x70, 0x06,
    0x5D, 0xD3, 0xCF, 0x7F, 0x6D, 0x50, 0x9A, 0x98, 0xE4, 0xCE, 0x80, 0x64, 0xD3, 0x21, 0x1D, 0xA4,
    0x7F, 0xB7, 0xB5, 0xBC, 0x77, 0xFE, 0x40, 0xA7, 0xC6, 0x9F, 0x81, 0xA2, 0xD5, 0x92, 0xFC, 0x3B,
    0xB8, 0xA2, 0x6D, 0x42, 0x51, 0xBF, 0xED, 0x38, 0x91, 0x94, 0xD0, 0x4A, 0xC8, 0x4E, 0x0C, 0xB4,
    0x80, 0x45, 0x83, 0x81, 0xBD, 0x8B, 0x6C, 0x1D, 0xCF, 0xE3, 0xAA, 0x30, 0xC3, 0x61, 0x59, 0x4B,
    0x54, 0x9C, 0xD2, 0x9C, 0xAB, 0x31, 0x00, 0x18, 0xE6, 0x6A, 0x90, 0x5F, 0xED, 0x3E, 0x84, 0x8A,
    0xE7, 0x38, 0xAD, 0x6D, 0x5B, 0x69, 0xEA, 0x99, 0x48, 0x98, 0xCE, 0xB3, 0xB3, 0x59, 0x2A, 0x18,
    0xF0, 0xDF, 0x4F, 0xCF, 0x33, 0xAB, 0xA2, 0x7C, 0x90, 0x1C, 0x0C, 0x15, 0x09, 0xC0, 0x83, 0x90,
    0x45, 0x6A, 0x1C, 0x7B, 0x06, 0x88, 0xBA, 0x1C, 0x54, 0x3A, 0x14, 0xF6, 0x3C, 0x50, 0x29, 0x91,
    0x7B, 0x8F, 0x90, 0x0F, 0x1B, 0x7F, 0xAB, 0x05, 0x61, 0x8F, 0x6F, 0x8C, 0x24, 0xDB, 0x4D, 0x76,
    0x03, 0xB7, 0x3B, 0xDB, 0xE1, 0xF6, 0xE0, 0x0B, 0x6F, 0x43, 0x05, 0xB8, 0x5D, 0x46, 0x64, 0xC7,
    0x0D, 0xB3, 0x3D, 0x4B, 0x15, 0xE4, 0xEA, 0x31, 0x0D, 0x29, 0x37, 0x36, 0x94, 0x73, 0x3E, 0x2D,
    0xDF, 0xB4, 0xED, 0x32, 0xFB, 0x28, 0x98, 0x92, 0x78, 0x63, 0xBF, 0x94, 0x3E, 0xD1, 0xEC, 0x50,
    0x68, 0xBE, 0xDC, 0x62, 0x3D, 0x8B, 0xE7, 0x34, 0x63, 0xB4, 0x1A, 0x86, 0x08, 0x99, 0x47, 0xEC,
    0xD3, 0x54, 0x00, 0x5B, 0xB6, 0x7D, 0x4A, 0x50, 0xFD, 0xA4, 0x75, 0xF4, 0xDC, 0xB8, 0xC5, 0x2C,
    0xEF, 0x43, 0xA8, 0xEC, 0x36, 0x6C, 0x1A, 0xB7, 0xB8, 0x1D, 0x0D, 0x8E, 0x29, 0x90, 0x59, 0x40,
    0xCE, 0xD2, 0xC3, 0x2B, 0x5C, 0x74, 0x0D, 0x96, 0x71, 0x88, 0xB8, 0x1C, 0x99, 0xB5, 0x60, 0xD8,
    0x45, 0xC4, 0x19, 0x54, 0x90, 0x6B, 0xDF, 0x65, 0xF5, 0x27, 0xE7, 0x00, 0xAF, 0xE2, 0x91, 0xAE,
    0x23, 0x2C, 0x53, 0x25, 0x65, 0x4F, 0x5E, 0x3A, 0x25, 0x8D, 0x49, 0x33, 0xE7, 0x8C, 0xC9, 0xAD,
    0x7A, 0x46, 0x19, 0xA3, 0xF4, 0x07, 0x4F, 0x52, 0x3A, 0x6F, 0xE2, 0x8A, 0x47, 0x08, 0x5F, 0xC5,
    0x9C, 0x2A, 0x9E, 0x74, 0xBB, 0x00, 0x95, 0x0D, 0x0F, 0xA2, 0x76, 0xC5, 0x68, 0x21, 0x4A, 0x6C,
    0x10, 0xEE, 0xD3, 0xA4, 0x43, 0x8A, 0x0E, 0x84, 0x54, 0x5D, 0x97, 0x8B, 0x5B, 0xA0, 0x45, 0x38,
    0x62, 0x93, 0x9E, 0xBC, 0x3E, 0x97, 0x2E, 0xA1, 0x74, 0xB6, 0xA7, 0x74, 0xA3, 0x25, 0xDF, 0x7A,
    0x55, 0x98, 0xDE, 0x8B, 0x1A, 0x27, 0x3B, 0x22, 0x28, 0x7D, 0x8D, 0x11, 0x6D, 0x0B, 0x7A, 0x85,
    0x9A, 0x6B, 0x5A, 0xFB, 0x59, 0x9F, 0xBD, 0xB5, 0xDB, 0x0C, 0xF0, 0x86, 0x51, 0xDF, 0x51, 0xA6,
    0x7D, 0xDB, 0xEE, 0xF8, 0x4E, 0xAA, 0x0C, 0x25, 0x65, 0xF6, 0x41, 0xA6, 0x90, 0x0B, 0x42, 0xB2,
    0x50, 0xD4, 0x58, 0xC4, 0xF6, 0xD1, 0x30, 0x5B, 0x29, 0xFB, 0x04, 0x4F, 0xC4, 0x1D, 0x30, 0x20,
    0xA4, 0x86, 0x26, 0xC1, 0x0A, 0x0A, 0xE6, 0x1A, 0x0A, 0xD6, 0xE1, 0x62, 0x34, 0xD8, 0x5E, 0xF7,
    0x81, 0xFA, 0x0D, 0x25, 0x07, 0x98, 0x66, 0xA4, 0xD9, 0x46, 0x79, 0xC6, 0xA2, 0x3C, 0x9C, 0x69,
    0xE9, 0x29, 0xF3, 0x62, 0x9C, 0x27, 0x27, 0xBA, 0xA4, 0x2E, 0x2E, 0x20, 0xC2, 0x1B, 0x22, 0x30,
    0x91, 0x02, 0x65, 0xAB, 0xB4, 0x71, 0x23, 0x27, 0x1A, 0x5B, 0x5F, 0x34, 0xF5, 0x2E, 0x82, 0xFD,
    0xA1, 0xF9, 0x19, 0x2D, 0xDA, 0x68, 0xB7, 0x43, 0x9B, 0x88, 0x17, 0x68, 0x17, 0x90, 0xE1, 0x7C,
    0x32, 0xAA, 0x4F, 0x0D, 0x56, 0xC8, 0x1E, 0x88, 0x6E, 0xA0, 0xCA, 0x19, 0x60, 0x47, 0x8F, 0x8A,
    0xB7, 0xB2, 0x5D, 0x58, 0xF3, 0x1C, 0xA3, 0x92, 0xB3, 0xDD, 0x69, 0x62, 0xCD, 0xA3, 0x16, 0x81,
    0x69, 0x09, 0x02, 0xA9, 0x95, 0x14, 0xA2, 0x46, 0x8A, 0x36, 0x30, 0x44, 0xA6, 0x86, 0x85, 0x16,
    0x9D, 0x8A, 0x7C, 0xE5, 0x39, 0xB9, 0x6B, 0xCC, 0x0B, 0x3B, 0xDD, 0x2F, 0x34, 0x5B, 0xE4, 0xC7,
    0x4E, 0x51, 0x5B, 0x6F, 0xC5, 0xEE, 0x6E, 0xF6, 0x03, 0x39, 0xF1, 0xCF, 0x91, 0xCD, 0x55, 0x60,
    0x23, 0x19, 0xA5, 0x02, 0xDA, 0x16, 0x6C, 0x0C, 0x21, 0x15, 0xB2, 0xDF, 0x0C, 0xCD, 0x10, 0x6C,
    0x6D, 0xE3, 0x69, 0x99, 0x0D, 0x7B, 0xC7, 0xDC, 0x81, 0xCF, 0x22, 0x75, 0xEA, 0x4B, 0x07, 0xCA,
    0x59, 0x5D, 0x8E, 0xB1, 0x40, 0x98, 0x0C, 0x22, 0xC3, 0x54, 0xC7, 0x0A, 0x76, 0xAB, 0x98, 0xFA,
    0xE9, 0x44, 0xEC, 0xF0, 0x98, 0x5D, 0x2D, 0xE4, 0x79, 0x04, 0x27, 0xC4, 0x92, 0xB8, 0x53, 0xD6,
    0xB1, 0x55, 0x09, 0xEE, 0x66, 0x42, 0x4F, 0x52, 0x48, 0xAD, 0xC1, 0xC3, 0x09, 0x66, 0x94, 0xA8,
    0xB1, 0x39, 0x92, 0x94, 0x57, 0xD8, 0xF5, 0xDC, 0xC5, 0x8A, 0x9E, 0x8C, 0x90, 0xBF, 0x5E, 0x64,
    0x0F, 0xE1, 0x4B, 0x5E, 0x56, 0x82, 0x94, 0xDC, 0xA0, 0x26, 0xD3, 0x3D, 0xFF, 0x28, 0xEA, 0x0B,
    0xA8, 0x22, 0xD6, 0x41, 0x13, 0xDB, 0x4F, 0xB4, 0x73, 0xC3, 0xCC, 0xB7, 0x4B, 0x77, 0x08, 0xEA,
    0xD6, 0xB1, 0x59, 0x0F, 0x7F, 0x47, 0x84, 0x16, 0x5C, 0x05, 0x25, 0x8B, 0xB0, 0xE4, 0x4C, 0x6A,
    0x24, 0xBF, 0xA0, 0x27, 0xF1, 0x93, 0xD7, 0xE1, 0xC6, 0xC9, 0x06, 0xAB, 0x2A, 0xB5, 0x85, 0x52,
    0x17, 0x75, 0x1D, 0x12, 0x04, 0xA6, 0xE5, 0xA9, 0x9F, 0xBE, 0x93, 0x68, 0x46, 0xC4, 0x18, 0x25,
    0x01, 0x76, 0xEA, 0x06, 0xCF, 0xB9, 0x13, 0xE6, 0x18, 0x39, 0x66, 0x9E, 0x36, 0x62, 0xEE, 0x20,
    0xC3, 0x35, 0x7F, 0x7C, 0x6E, 0xC0, 0x58, 0x66, 0xF6, 0x32, 0xA6, 0x42, 0xB2, 0x32, 0xEA, 0x91,
    0xEA, 0x5D, 0x6D, 0xA9, 0x29, 0xC0, 0xC6, 0xB0, 0x4A, 0x1C, 0x50, 0xC8, 0x58, 0x9B, 0x58, 0x24,
    0x85, 0xD0, 0xBE, 0xF7, 0x16, 0x9D, 0x7A, 0x47, 0xFD, 0x46, 0x2B, 0xA3, 0x84, 0x33, 0x9B, 0xE2,
    0x77, 0x7C, 0x70, 0x64, 0xA3, 0x0A, 0xB5, 0x14, 0x49, 0x4D, 0xC7, 0x3E, 0x50, 0xD8, 0x22, 0x9F,
    0x43, 0x43, 0x6C, 0x93, 0xD9, 0x26, 0x66, 0x59, 0xD6, 0x68, 0xBF, 0xAE, 0xD6, 0x79, 0x2B, 0xCD,
    0x1E, 0x25, 0x49, 0x8D, 0x2B, 0x1D, 0x1B, 0x82, 0x39, 0x23, 0x3A, 0x4B, 0xE9, 0x92, 0x45, 0x4A,
    0x22, 0x57, 0xEC, 0xF1, 0x46, 0x16, 0xD6, 0x9C, 0x6D, 0x74, 0x28, 0x96, 0xBD, 0x01, 0xB6, 0xC6,
    0x22, 0x96, 0xA4, 0xAF, 0x27, 0xBE, 0xEA, 0x2B, 0x97, 0x3D, 0xCA, 0x38, 0x0E, 0x6B, 0x91, 0xED,
    0xB4, 0xE0, 0x9D, 0x7A, 0x9D, 0xD1, 0xDD, 0xDD, 0x11, 0xC9, 0xD5, 0x59, 0xF0, 0x93, 0x78, 0x69,
    0x2B, 0xD0, 0x6B, 0x14, 0x0E, 0xA7, 0xCF, 0x1B, 0x1E, 0x32, 0xD5, 0x67, 0x0D, 0x49, 0xBD, 0x27,
    0x7F, 0x06, 0x31, 0x62, 0xB7, 0x38, 0x75, 0x39, 0x74, 0x55, 0xC5, 0xB5, 0x6D, 0xA2, 0x26, 0xEC,
    0x83, 0x1E, 0x4A, 0x11, 0x8F, 0xE6, 0x13, 0x94, 0xE6, 0x9B, 0x8F, 0xEE, 0x48, 0x2F, 0x5D, 0xD1,
    0x3B, 0xF0, 0x12, 0x08, 0x31, 0x03, 0xAA, 0x17, 0x66, 0x69, 0x92, 0x96, 0xA5, 0x50, 0xE1, 0xD4,
    0x3E, 0x34, 0x66, 0x67, 0xBD, 0xFB, 0xD8, 0x96, 0xDB, 0x9B, 0x4F, 0x0E, 0x41, 0x90, 0x09, 0x37,
    0x90, 0xB8, 0xEA, 0x8E, 0x8D, 0x0D, 0x63, 0xFE, 0xE2, 0xCF, 0xC0, 0x7B, 0x79, 0x01, 0xF6, 0x5A,
    0x25, 0x89, 0xAB, 0xC3, 0x31, 0x6B, 0x02, 0xBE, 0x8C, 0x19, 0xB4, 0x0D, 0x9E, 0xA5, 0xEC, 0x92,
    0x27, 0xF0, 0x06, 0xDB, 0xD8, 0x2E, 0xE8, 0xA1, 0x7B, 0x44, 0x54, 0xEA, 0x6E, 0xDC, 0xDB, 0xF8,
    0x40, 0x1E, 0xC8, 0x97, 0xD2, 0x20, 0xB6, 0xEA, 0xB8, 0x9A, 0xA5, 0xB2, 0x73, 0x4F, 0xC1, 0xAD,
    0x4E, 0xE4, 0xEA, 0x64, 0x47, 0x60, 0xB3, 0x45, 0x7F, 0x47, 0x96, 0x58, 0x48, 0xF7, 0x83, 0x7A,
    0x17, 0x5A, 0x86, 0xC4, 0x0F, 0x91, 0x14, 0x31, 0x67, 0xD4, 0x06, 0x98, 0xD5, 0x1B, 0xBC, 0x51,
    0x5B, 0xEF, 0x59, 0x09, 0x53, 0x63, 0x6F, 0x71, 0x0B, 0xB7, 0xC7, 0x52, 0xB6, 0xF8, 0x0F, 0x27,
    0xB7, 0xE4, 0x7D, 0x04, 0x48, 0x8E, 0xDC, 0x9E, 0x6E, 0x27, 0xC5, 0x0E, 0x55, 0xA4, 0xC0, 0x56,
    0x0E, 0x75, 0x7E, 0x98, 0x9F, 0xFB, 0x3B, 0xAD, 0x12, 0x6B, 0xF0, 0x40, 0x75, 0xAF, 0x22, 0x68,
    0xCA, 0x4B, 0xC6, 0x90, 0x3E, 0x24, 0xF4, 0xE3, 0xE1, 0x71, 0x5B, 0xE9, 0x0D, 0xBE, 0x13, 0x73,
    0x63, 0x24, 0x69, 0xA8, 0x1D, 0x8E, 0xEC, 0x6F, 0x72, 0x1B, 0x23, 0xBD, 0x3E, 0x6A, 0x92, 0xCA,
    0x56, 0x2E, 0xC7, 0x25, 0xBF, 0x0F, 0xB1, 0x8F, 0x84, 0xF6, 0xD8, 0x24, 0x1B, 0x47, 0x20, 0xC2,
    0x24, 0x88, 0x44, 0x04, 0x4E, 0x67, 0x2E, 0xC2, 0x2A, 0x4D, 0x5C, 0x8A, 0x24, 0x32, 0xFA, 0xD2,
    0x38, 0xCD, 0xB6, 0x59, 0x47, 0x9A, 0xB1, 0x67, 0x5A, 0xC1, 0x67, 0xF7, 0x02, 0x03, 0x46, 0x8C,
    0x62, 0xFB, 0x77, 0xD4, 0xC4, 0x08, 0xA4, 0x81, 0x13, 0x12, 0x47, 0xC4, 0xFC, 0xC4, 0x35, 0x19,
    0x68, 0xC6, 0x31, 0xCC, 0x1C, 0x8F, 0xCA, 0x9C, 0x9E, 0xD1, 0x3A, 0x83, 0x11, 0xB6, 0xA4, 0x01,
    0x52, 0x6C, 0xA7, 0xA8, 0x8B, 0x50, 0x10, 0xCA, 0x8D, 0x59, 0x05, 0x46, 0x0C, 0xBE, 0x32, 0xEB,
    0x54, 0x68, 0xD3, 0x48, 0xB7, 0x02, 0xAD, 0x27, 0xA5, 0xF3, 0x7A, 0x5B, 0x83, 0x03, 0x62, 0x2B,
    0xEB, 0xD0, 0x05, 0x8B, 0xDC, 0x94, 0xC8, 0xE3, 0xF2, 0x08, 0x92, 0x34, 0x90, 0x97, 0x5B, 0x09,
    0x01, 0x48, 0x93, 0xEA, 0xD3, 0xE9, 0xDD, 0x6E, 0x36, 0xA1, 0x1B, 0x03, 0x91, 0xEF, 0x04, 0xCA,
    0xED, 0x3E, 0x31, 0x70, 0xB6, 0x20, 0x15, 0x6A, 0x38, 0xBB, 0x45, 0x29, 0x30, 0xC2, 0xC0, 0x0D,
    0x14, 0xB3, 0x0E, 0x0B, 0x14, 0xA0, 0x6C, 0x28, 0x57, 0x1E, 0x12, 0x31, 0x22, 0xE8, 0xBD, 0x07,
    0xF1, 0xAA, 0x03, 0xA5, 0x73, 0xF9, 0x8C, 0x73, 0xFD, 0x54, 0x45, 0x26, 0x71, 0xBE, 0x8A, 0x0A,
    0xE3, 0x6C, 0x1D, 0xD6, 0x87, 0xCD, 0x8B, 0x33, 0x1F, 0x7E, 0x43, 0xE7, 0xCE, 0xA4, 0x8C, 0x3F,
    0xED, 0x03, 0xE8, 0x13, 0x53, 0xDB, 0xB2, 0xF0, 0xA1, 0x76, 0x77, 0xAF, 0xE1, 0xCC, 0xEE, 0x2E,
    0x51, 0xE5, 0xA2, 0x2B, 0x33, 0x4E, 0x0C, 0xFC, 0x56, 0x25, 0xCF, 0x39, 0xC8, 0x99, 0x08, 0x39,
    0xA3, 0x48, 0xED, 0x97, 0xBD, 0x79, 0x39, 0xD8, 0x6E, 0x91, 0x1E, 0x60, 0xFC, 0xC1, 0x55, 0x50,
    0xDD, 0x7C, 0xDA, 0x1B, 0x6C, 0x9A, 0x0A, 0x71, 0x7E, 0xCF, 0x79, 0xED, 0xE6, 0xF4, 0xFA, 0x92,
    0x90, 0x8A, 0x89, 0xE1, 0x98, 0x65, 0xA2, 0xF5, 0x69, 0xA5, 0x33, 0xEB, 0xA6, 0x83, 0x9C, 0xAD,
    0xBE, 0xB0, 0x83, 0xB6, 0x97, 0x14, 0x91, 0x96, 0x93, 0x4E, 0xFA, 0x37, 0xE1, 0x3F, 0x11, 0x43,
    0xB3, 0x4E, 0x2A, 0xF8, 0x34, 0x7C, 0xB7, 0xF8, 0x65, 0x31, 0x14, 0x5D, 0x56, 0xED, 0x51, 0x35,
    0x06, 0x48, 0x61, 0x39, 0x86, 0xD8, 0xDA, 0x5C, 0x33, 0xFE, 0xAC, 0x53, 0xEE, 0xA5, 0xBE, 0x96,
    0x59, 0x6F, 0xEA, 0x6B, 0xB5, 0x82, 0x3A, 0xB6, 0xAC, 0xB6, 0xA6, 0xEF, 0x2C, 0xF5, 0x87, 0xDF,
    0x46, 0x52, 0xC1, 0xCB, 0x41, 0x72, 0xF7, 0x69, 0xDB, 0x09, 0x71, 0x13, 0x03, 0xB8, 0x3B, 0xBB,
    0xDE, 0x0C, 0xC1, 0x27, 0xF9, 0xC2, 0x94, 0xEA, 0xC0, 0x40, 0xA5, 0x3C, 0x38, 0xB2, 0xFF, 0x04,
    0x13, 0x89, 0x16, 0x57, 0xD5, 0xF4, 0xCD, 0x79, 0x7F, 0xE9, 0x4B, 0x1B, 0x21, 0x06, 0xDB, 0x99,
    0xD5, 0x92, 0xE0, 0x8B, 0xC1, 0x7D, 0xDC, 0x8C, 0x7B, 0xE7, 0x98, 0xB0, 0xDF, 0x90, 0x57, 0x37,
    0x0B, 0x05, 0x25, 0x44, 0xA2, 0x84, 0x03, 0x8D, 0x4C, 0xC9, 0xFA, 0xCD, 0x49, 0xFF, 0x9A, 0x16,
    0x28, 0xE4, 0x6A, 0x60, 0xCE, 0x3C, 0x22, 0xBD, 0xE6, 0x24, 0xAC, 0xC8, 0x2A, 0x90, 0x39, 0x91,
    0xED, 0x01, 0x14, 0x04, 0x1F, 0xC0, 0x3D, 0x67, 0x6F, 0x49, 0x22, 0xAD, 0x21, 0x7B, 0xA8, 0xB9,
    0x0F, 0x86, 0xB0, 0xB7, 0x08, 0xF0, 0xB8, 0x46, 0xC4, 0x54, 0x41, 0xEF, 0x4A, 0x10, 0xEB, 0x32,
    0x6C, 0x1D, 0x10, 0x81, 0xC1, 0xE9, 0xEA, 0x0C, 0x5A, 0x26, 0xC3, 0x24, 0x83, 0xAE, 0x67, 0x6A,
    0x06, 0x80, 0x99, 0xEC, 0x53, 0x14, 0xC8, 0x4C, 0x5C, 0xE4, 0xCD, 0x0B, 0xBB, 0x11, 0x6C, 0xC1,
    0xC4, 0x63, 0x34, 0x04, 0x72, 0x47, 0x9A, 0x83, 0x23, 0x8D, 0x29, 0x24, 0x0E, 0x25, 0x79, 0x03,
    0x69, 0x83, 0xDF, 0xEB, 0xAB, 0xC5, 0xB0, 0x0B, 0x3B, 0x28, 0x14, 0x5E, 0x00, 0xDB, 0x30, 0x4E,
    0x0F, 0x01, 0x0A, 0x64, 0x1D, 0x50, 0x83, 0xE5, 0xA3, 0x6E, 0xFB, 0x85, 0x47, 0x38, 0x4B, 0x3A,
    0x33, 0x44, 0x61, 0x4C, 0x7A, 0x4C, 0x55, 0xF9, 0xDC, 0xCD, 0x3D, 0x64, 0xEE, 0x44, 0xE0, 0xC1,
    0xAB, 0x6D, 0x5C, 0x27, 0x28, 0x0F, 0xB2, 0x9B, 0x08, 0x7C, 0xEE, 0x07, 0x6B, 0xDF, 0x01, 0x93,
    0x79, 0xBD, 0xE1, 0xD6, 0xE2, 0x1A, 0x21, 0xEB, 0xCB, 0x05, 0xF6, 0x6B, 0xA6, 0xDD, 0x2C, 0x6F,
    0x25, 0x9A, 0x53, 0x13, 0x1F, 0xF6, 0xFB, 0xA9, 0x53, 0xA8, 0x39, 0x67, 0x67, 0x9A, 0x61, 0xFE,
    0x2F, 0x91, 0xCF, 0x1B, 0x2E, 0x12, 0x76, 0x51, 0x0F, 0x37, 0xDB, 0xA1, 0xB5, 0x10, 0x5A, 0x8B,
    0xE6, 0x5A, 0xAB, 0xF9, 0x72, 0x3A, 0x79, 0x24, 0xCA, 0x28, 0x74, 0x9D, 0xFD, 0xF3, 0x0C, 0x23,
    0xA9, 0x26, 0x98, 0x33, 0x57, 0x91, 0x5B, 0xA0, 0x05, 0x64, 0xCE, 0xB7, 0xFD, 0xAD, 0x15, 0x32,
    0x21, 0x6F, 0x37, 0xC5, 0x67, 0x03, 0x17, 0xC0, 0x44, 0xF7, 0xE1, 0xDE, 0x1F, 0x83, 0x53, 0x70,
    0x7E, 0x31, 0x09, 0x8A, 0x1F, 0xA1, 0x77, 0x73, 0xFA, 0x62, 0x03, 0x7F, 0x50, 0xA2, 0x6E, 0x36,
    0x3B, 0x6C, 0x12, 0x0C, 0x87, 0xB1, 0x24, 0xAA, 0x00, 0x14, 0x35, 0xBB, 0x72, 0xCA, 0xE3, 0x90,
    0x5E, 0xDF, 0x7F, 0x9D, 0x36, 0x16, 0x32, 0xD9, 0xFB, 0xC3, 0xEE, 0x6C, 0xF2, 0x18, 0xE6, 0xF7,
    0x26, 0xDD, 0xBB, 0x52, 0xC1, 0x6C, 0xEA, 0xD3, 0x66, 0x22, 0x7F, 0x05, 0x6F, 0x3C, 0xB0, 0xB2,
    0xA2, 0x98, 0x03, 0x14, 0x0D, 0xA6, 0x47, 0xD4, 0xFA, 0x0B, 0xE9, 0x3E, 0x78, 0xF6, 0xD7, 0x53,
    0xFF, 0x37, 0x1A, 0x32, 0x90, 0xCE, 0x3C, 0x03, 0xAA, 0xA0, 0x12, 0x82, 0xDF, 0xC2, 0xE8, 0xE1,
    0xE7, 0xB0, 0xFA, 0x29, 0xF0, 0xA1, 0xCD, 0xEB, 0xA0, 0xA9, 0x3D, 0x7D, 0x2C, 0xCF, 0x72, 0x40,
    0x29, 0x22, 0x78, 0x2C, 0x4A, 0x7D, 0xF1, 0x66, 0x4F, 0x20, 0x3E, 0x5E, 0xD8, 0xEE, 0x2C, 0x1D,
    0xA2, 0xBB, 0xD5, 0xB3, 0x52, 0x48, 0x49, 0xA3, 0xBE, 0xBF, 0x4E, 0x76, 0xD0, 0x56, 0xC4, 0xF5,
    0x72, 0xAC, 0x09, 0x1E, 0x89, 0xEB, 0x20, 0xB3, 0x25, 0x80, 0xA8, 0xF2, 0x91, 0x85, 0x26, 0xAF,
    0x6E, 0xE9, 0xD5, 0x86, 0x2F, 0x78, 0xE3, 0x06, 0x88, 0x4B, 0x69, 0x8A, 0xE6, 0x78, 0x9F, 0x64,
    0xA7, 0x12, 0xF9, 0x58, 0xD6, 0xA5, 0xC9, 0xC8, 0x11, 0xBA, 0xB9, 0x73, 0x13, 0x3B, 0xA2, 0x7C,
    0x7A, 0xA1, 0xAB, 0xD9, 0x41, 0xC9, 0xB0, 0xAE, 0x6C, 0xB6, 0x8A, 0xDF, 0xC7, 0xBC, 0xE8, 0xDE,
    0xF9, 0xE6, 0xA8, 0xFD, 0x84, 0xAF, 0x8F, 0xBF, 0x00, 0x2B, 0xEC, 0x20, 0xC6, 0x0F, 0xE6, 0x08,
    0xBD, 0x6C, 0x16, 0x3C, 0xA6, 0x61, 0xC7, 0x9C, 0xBC, 0x8A, 0x24, 0xED, 0x91, 0xEC, 0x00, 0xDD,
    0xA9, 0xE1, 0x5E, 0x19, 0x0F, 0x20, 0xB5, 0x65, 0xC2, 0xE6, 0x7B, 0x02, 0xA4, 0x98, 0x48, 0xF6,
    0x24, 0xEB, 0xDF, 0x7E, 0xBB, 0x2E, 0x7D, 0xD1, 0x27, 0x12, 0x22, 0x9E, 0x73, 0x50, 0xF4, 0x6D,
    0x16, 0x7F, 0x1A, 0xC9, 0xCA, 0x7E, 0xCD, 0xD7, 0x2E, 0xC0, 0xC1, 0xE8, 0xD8, 0x4E, 0xC0, 0x78,
    0xBC, 0x1A, 0x55, 0x5C, 0xD0, 0xBE, 0x3F, 0x99, 0xF3, 0xF4, 0xD2, 0x48, 0x9B, 0x57, 0xC4, 0x10,
    0x73, 0x64, 0x57, 0xE5, 0xC8, 0xFF, 0xF0, 0x00, 0xA4, 0x1A, 0xE0, 0xBF, 0xA0, 0xCA, 0x07, 0xB9,
    0x1B, 0x98, 0x1E, 0x40, 0x93, 0x1D, 0x03, 0x1A, 0xB8, 0xDF, 0xD1, 0xDF, 0xDE, 0x63, 0xB7, 0xF4,
    0x2C, 0xA6, 0x4A, 0x6E, 0xB2, 0x9D, 0x78, 0x8B, 0xAF, 0x6B, 0x3E, 0x67, 0x55, 0x25, 0xF3, 0x57,
    0x64, 0x5A, 0x62, 0xC4, 0xCD, 0xFC, 0xE5, 0x19, 0x14, 0xFA, 0x14, 0xF3, 0x7D, 0x72, 0xA1, 0x9D,
    0x31, 0x69, 0x47, 0xAE, 0x1E, 0xD5, 0xF3, 0x60, 0xD1, 0x84, 0xA5, 0x25, 0xCA, 0x02, 0xAB, 0x11,
    0xA5, 0x49, 0xD1, 0xD6, 0xF0, 0x01, 0xE4, 0x20, 0x6C, 0xD8, 0xDE, 0xB9, 0x85, 0xB1, 0xC4, 0xCF,
    0x60, 0xF3, 0x06, 0x12, 0x30, 0x3D, 0x38, 0x43, 0x02, 0xF3, 0xC9, 0xCF, 0x6C, 0xA3, 0xDA, 0x89,
    0x2B, 0x65, 0x6B, 0x11, 0x55, 0x84, 0x54, 0x0B, 0xA7, 0xDE, 0xD0, 0xDE, 0x42, 0x65, 0xE2, 0x7B,
    0xDD, 0xF4, 0x1F, 0xA8, 0x26, 0x2F, 0x6E, 0x66, 0xFF, 0x45, 0x89, 0x5D, 0x3E, 0x7D, 0x59, 0xE2,
    0x9D, 0x3F, 0xBF, 0xA3, 0xBC, 0x7A, 0x8F, 0x92, 0xDE, 0xE4, 0x46, 0x7F, 0x8F, 0x5F, 0xCF, 0xFB,
    0x6B, 0x4F, 0x54, 0x49, 0xFF, 0x0F, 0xCD, 0x5B, 0x4D, 0xB0, 0xDE, 0xD4, 0x79, 0x3E, 0x92, 0x7C,
    0x2D, 0x40, 0xC3, 0xC8, 0x0B, 0x9B, 0x42, 0xA0, 0xA8, 0x0B, 0x16, 0x24, 0x43, 0xD0, 0xA6, 0x8B,
    0x2E, 0x8C, 0x8F, 0x88, 0x67, 0xCA, 0xA2, 0x0B, 0x6E, 0x67, 0xF8, 0xE9, 0x84, 0xA1, 0x64, 0xC1,
    0xA6, 0xB4, 0x33, 0x37, 0x8B, 0x2E, 0xB2, 0x00, 0xA4, 0xC2, 0x4C, 0xB3, 0xC8, 0xC2, 0x9E, 0x4E,
    0xDB, 0x4D, 0x16, 0x75, 0x67, 0x58, 0x04, 0x33, 0x13, 0xB3, 0xC8, 0x82, 0xCE, 0x60, 0x4B, 0xD8,
    0x0B, 0x16, 0x2C, 0xA2, 0x84, 0xA1, 0x2C, 0xB2, 0x40, 0x09, 0x4E, 0x3B, 0x63, 0x2F, 0xAE, 0x12,
    0x0B, 0x90, 0x6D, 0x49, 0x6F, 0x9F, 0xE7, 0x3D, 0xD2, 0xF7, 0x7D, 0xD7, 0x40, 0x0A, 0x09, 0xB6,
    0xF3, 0x71, 0xD1, 0xBD, 0xFE, 0xF4, 0x73, 0xCE, 0xFB, 0xFF, 0xBC, 0x3F, 0x32, 0x26, 0x94, 0xD1,
    0x18, 0x93, 0x4A, 0x8F, 0x63, 0x29, 0x95, 0xD9, 0xFB, 0xB9, 0x8B, 0x87, 0x60, 0xE0, 0x31, 0x6D,
    0x71, 0xF0, 0xA4, 0xC6, 0x31, 0x96, 0x0C, 0xC7, 0x33, 0x13, 0xCF, 0x5D, 0xE2, 0xC9, 0xF4, 0x18,
    0x4E, 0x7A, 0x43, 0x8A, 0xDB, 0xE3, 0xBA, 0xC4, 0xC9, 0xDC, 0xC3, 0xC9, 0xA0, 0xE3, 0x9D, 0xE9,
    0x7B, 0xCF, 0xE0, 0xA4, 0x08, 0x9E, 0x1D, 0xE3, 0x98, 0x99, 0xFC, 0xF1, 0x27, 0x26, 0x13, 0xF4,
    0x26, 0x1A, 0x0C, 0x6E, 0x48, 0x5A, 0x4F, 0xB0, 0xF2, 0xF9, 0x5C, 0xB2, 0x54, 0x3E, 0xC6, 0x66,
    0x78, 0x61, 0x28, 0x83, 0x09, 0x44, 0x8C, 0xFE, 0x63, 0xF5, 0x79, 0xCC, 0xCB, 0x3C, 0xF9, 0x05,
    0xAE, 0x97, 0xDE, 0x93, 0xFF, 0x18, 0x8C, 0xE0, 0xBF, 0x32, 0xB3, 0x85, 0xAD, 0x92, 0x3A, 0x69,
    0xE2, 0x36, 0x6A, 0xC3, 0x21, 0x18, 0x82, 0xC9, 0x88, 0x27, 0x99, 0xAD, 0xA4, 0x8E, 0xDB, 0xAB,
    0x57, 0x3E, 0x94, 0x41, 0xFA, 0x72, 0xB0, 0x7D, 0xDC, 0x87, 0x9D, 0x39, 0xE0, 0x9E, 0xC4, 0xED,
    0x9B, 0xC4, 0xDC, 0x8F, 0x63, 0xFE, 0x48, 0x4D, 0xB2, 0x26, 0x25, 0xAE, 0xD1, 0x65, 0xD6, 0x2B,
    0x7A, 0xC7, 0x79, 0xB4, 0xDC, 0x83, 0x2F, 0x7A, 0x0F, 0x99, 0x65, 0xA4, 0xC3, 0x21, 0xDA, 0xE5,
    0xD5, 0x96, 0x27, 0xFD, 0x9E, 0x27, 0x93, 0xB3, 0x64, 0xC5, 0x18, 0xE1, 0x64, 0xD8, 0x26, 0x38,
    0x69, 0xB1, 0x09, 0xE3, 0x8F, 0x8F, 0x0B, 0x39, 0x06, 0x8A, 0xC8, 0x84, 0xCE, 0x84, 0x1F, 0x3D,
    0xBE, 0xD3, 0x18, 0x5B, 0x98, 0xB2, 0xF2, 0x07, 0xAC, 0x09, 0x0E, 0x98, 0x68, 0x7A, 0x44, 0x3A,
    0x5F, 0x64, 0x07, 0x7B, 0xC6, 0x85, 0x1E, 0xD7, 0x6B, 0x83, 0xCC, 0x4C, 0x51, 0x05, 0xD1, 0xD4,
    0x58, 0x1C, 0x9B, 0xDC, 0x9A, 0x37, 0xB5, 0x95, 0x1D, 0xC4, 0x3E, 0x4A, 0x93, 0x88, 0x14, 0xC9,
    0x65, 0xA9, 0xE2, 0x16, 0xA4, 0x77, 0x41, 0x1F, 0x0C, 0xDE, 0x08, 0xB6, 0x83, 0x27, 0x26, 0xAF,
    0x6C, 0x65, 0xC1, 0x91, 0x04, 0x12, 0x88, 0xC1, 0xD2, 0xB8, 0xFC, 0xB1, 0x95, 0x9F, 0xCA, 0x0F,
    0xE4, 0x9C, 0x14, 0x52, 0xE4, 0x99, 0xE7, 0x9E, 0xB4, 0x5F, 0xF9, 0xA0, 0x84, 0x45, 0x2A, 0xE3,
    0x9C, 0x84, 0x05, 0x2A, 0xE3, 0xB4, 0x2C, 0x70, 0x1C, 0x78, 0x32, 0xFA, 0x90, 0x27, 0xF3, 0xA8,
    0xA5, 0x48, 0x53, 0x9C, 0x4C, 0xAA, 0x1C, 0x27, 0x47, 0xDE, 0x19, 0x7D, 0xF4, 0x24, 0x4E, 0x5A,
    0x91, 0x96, 0x02, 0xC3, 0x9D, 0xC9, 0x7B, 0x8F, 0xE3, 0xCE, 0x89, 0xFC, 0xC2, 0x0D, 0xE1, 0x80,
    0xBD, 0x98, 0xF4, 0x72, 0x22, 0x75, 0x24, 0x63, 0x09, 0xB1, 0x08, 0xD5, 0xC8, 0x57, 0x46, 0x1F,
    0x31, 0x4A, 0x27, 0x8F, 0x71, 0xAD, 0x8C, 0xD6, 0x4D, 0xD8, 0x7A, 0xE1, 0xFE, 0xF6, 0x16, 0x34,
    0x61, 0xA7, 0x0A, 0x45, 0x9A, 0x70, 0xCA, 0x5B, 0xC8, 0x76, 0xF0, 0x47, 0x43, 0x12, 0xF3, 0x2C,
    0x87, 0xD8, 0xD3, 0x2A, 0x01, 0xED, 0x31, 0x28, 0x0F, 0xB1, 0x99, 0x00, 0x4F, 0x3F, 0xB7, 0x7B,
    0xF1, 0x98, 0x5C, 0x92, 0x5F, 0x49, 0x2B, 0x8D, 0x6D, 0x20, 0x84, 0xCC, 0xE3, 0x52, 0x5C, 0xA3,
    0x9F, 0x57, 0x04, 0x3F, 0x0C, 0xB5, 0x73, 0xE3, 0x13, 0xF2, 0x70, 0x86, 0x22, 0xEC, 0x29, 0x68,
    0x48, 0x34, 0x3D, 0x8F, 0x7F, 0x3D, 0xBB, 0x9C, 0xDF, 0xFF, 0x2A, 0xBF, 0x06, 0x71, 0x25, 0x58,
    0x1E, 0xC9, 0x49, 0xEC, 0xA0, 0xF1, 0x3B, 0xB0, 0x2C, 0xAE, 0xB0, 0xD9, 0x23, 0x3E, 0x9E, 0xB6,
    0x1D, 0x93, 0x75, 0x79, 0x35, 0x2B, 0x4A, 0x4C, 0x4A, 0x2C, 0x97, 0xE6, 0xD3, 0x02, 0x99, 0xD7,
    0xFD, 0x4E, 0x3A, 0x98, 0xA8, 0xB2, 0x13, 0x0C, 0xA0, 0x24, 0xCB, 0x4A, 0xEA, 0x78, 0x4E, 0x7E,
    0x7B, 0xD9, 0xA2, 0x98, 0x10, 0xB9, 0xC9, 0x9D, 0xD1, 0xD1, 0x9E, 0xF0, 0x2B, 0xC0, 0xAF, 0x7D,
    0x0B, 0x4B, 0x60, 0x2B, 0x1D, 0x44, 0x4F, 0x2B, 0x28, 0xE2, 0xF6, 0x1E, 0x08, 0x9B, 0xB6, 0x64,
    0x28, 0x16, 0x71, 0x77, 0xC5, 0x2D, 0x55, 0xF6, 0x36, 0x23, 0x6F, 0x0D, 0x10, 0x49, 0x4D, 0x03,
    0x0F, 0xA5, 0x98, 0x95, 0xDE, 0x3D, 0x85, 0x7B, 0x4D, 0x3A, 0x6A, 0x3C, 0xAE, 0x4D, 0xDF, 0x69,
    0x8D, 0x3F, 0x60, 0xD9, 0x28, 0xBB, 0xF5, 0x46, 0x13, 0xFC, 0x75, 0xDD, 0x6E, 0x80, 0xED, 0x9D,
    0x1E, 0x4C, 0xF2, 0x72, 0x13, 0x36, 0x0F, 0x9A, 0xFB, 0xE6, 0x9D, 0x3E, 0xA6, 0xA4, 0xE6, 0x52,
    0x25, 0x42, 0x09, 0x93, 0xD2, 0xB8, 0x81, 0x3D, 0xA9, 0x41, 0x92, 0x50, 0xF7, 0xEB, 0x84, 0x6D,
    0x73, 0xD2, 0x99, 0xC0, 0xB6, 0x72, 0x70, 0xE2, 0xC0, 0x8A, 0xCC, 0x80, 0x62, 0x27, 0x63, 0x54,
    0xC5, 0x7D, 0xEE, 0xD7, 0x5B, 0xB1, 0xE0, 0x64, 0x46, 0x7F, 0xD7, 0xC1, 0xBC, 0x40, 0x9A, 0x5C,
    0x28, 0x0B, 0xDB, 0x9B, 0xD3, 0x20, 0x25, 0x68, 0x41, 0x58, 0x5C, 0x40, 0x87, 0x0F, 0x06, 0x34,
    0xF6, 0x84, 0x0F, 0x29, 0x57, 0x34, 0x51, 0x8B, 0x6C, 0xBB, 0x22, 0x33, 0x33, 0x77, 0x46, 0x02,
    0x1D, 0x8E, 0xE5, 0xDF, 0xCA, 0x22, 0xA5, 0x91, 0xA7, 0x74, 0x59, 0x89, 0x7A, 0x88, 0x6D, 0x2E,
    0x04, 0x1F, 0x03, 0x5B, 0x4F, 0x1B, 0x43, 0xBF, 0xF0, 0xCA, 0x6A, 0xF9, 0x6D, 0x13, 0x49, 0x06,
    0x31, 0x82, 0x36, 0x48, 0x11, 0x96, 0x02, 0x21, 0x92, 0x34, 0x51, 0xB2, 0xC8, 0x13, 0x50, 0x06,
    0x09, 0x5A, 0x19, 0x29, 0x40, 0x12, 0xB6, 0x92, 0xDF, 0xF7, 0xCC, 0x1B, 0xC6, 0x9C, 0x0E, 0xF0,
    0x3C, 0x9B, 0xD4, 0xF4, 0xDD, 0x8B, 0xFD, 0x3A, 0x5B, 0x5A, 0x04, 0xA8, 0xE4, 0x45, 0x70, 0x96,
    0x26, 0x9D, 0x5E, 0xEB, 0x55, 0x82, 0x4A, 0x1F, 0xC8, 0x0A, 0x9A, 0xA8, 0x87, 0x04, 0x54, 0x84,
    0x4A, 0xA0, 0x3A, 0x77, 0xA5, 0x4B, 0x65, 0x68, 0xD7, 0xFF, 0xEC, 0x8C, 0x57, 0xA8, 0x10, 0x95,
    0x44, 0x3C, 0x4E, 0xA8, 0x19, 0xC3, 0x2C, 0x45, 0x47, 0x23, 0xF7, 0x14, 0x34, 0x7E, 0x6B, 0x4D,
    0xF8, 0x61, 0x0B, 0x5F, 0xE7, 0x94, 0x2B, 0xCD, 0x56, 0xC2, 0xF8, 0x6A, 0xD4, 0xD6, 0xAF, 0x42,
    0x5C, 0x6E, 0xE1, 0x35, 0xE1, 0x71, 0xCF, 0x68, 0x1C, 0x2A, 0x96, 0x1D, 0xAB, 0x79, 0xBB, 0xB5,
    0x9E, 0xFB, 0x57, 0xE3, 0xC8, 0xA6, 0x43, 0xEA, 0xCD, 0x11, 0xF9, 0x21, 0xFC, 0x7A, 0xDC, 0x86,
    0xA2, 0xCE, 0xB6, 0x27, 0xC1, 0x52, 0x41, 0x85, 0xE1, 0x9B, 0xA0, 0xCC, 0x79, 0x8D, 0xC5, 0xC1,
    0x12, 0x68, 0x72, 0x5E, 0x81, 0x8B, 0xF8, 0xB6, 0xA4, 0x6F, 0xA6, 0x16, 0x80, 0x69, 0xB3, 0x83,
    0xB6, 0x0D, 0x6E, 0x80, 0x8E, 0xDB, 0x06, 0xE2, 0x0E, 0x19, 0xCC, 0x42, 0xF5, 0x76, 0x38, 0x1C,
    0x5F, 0xFB, 0x91, 0x2D, 0x2A, 0x75, 0xDE, 0x1F, 0xE1, 0xCE, 0xDE, 0xC6, 0xAE, 0x9E, 0xEA, 0x4F,
    0xD3, 0x46, 0x1E, 0x85, 0xAA, 0x44, 0x2D, 0x79, 0x2D, 0xB1, 0x31, 0x87, 0xE2, 0x26, 0x33, 0xC9,
    0x04, 0x59, 0x87, 0x54, 0x15, 0x8D, 0x64, 0x20, 0x1C, 0x4A, 0x02, 0x27, 0xDE, 0x91, 0x1D, 0xB0,
    0x7E, 0x86, 0x33, 0x18, 0xA5, 0xA7, 0xEA, 0x00, 0x02, 0xD5, 0xC3, 0x19, 0xC6, 0x34, 0xFC, 0x79,
    0x64, 0x7A, 0xC3, 0xD0, 0x9D, 0x17, 0x3E, 0xDD, 0x9C, 0xD1, 0xC0, 0x36, 0x3B, 0x88, 0x2F, 0x4F,
    0x3C, 0x94, 0x61, 0xA4, 0xCE, 0xE6, 0x67, 0x71, 0x3D, 0xBE, 0x95, 0xDF, 0x9B, 0x78, 0xEA, 0x12,
    0xFD, 0x2A, 0x95, 0xC3, 0xDB, 0xA1, 0x50, 0xF2, 0x0C, 0x4F, 0xC0, 0xFA, 0x21, 0xAD, 0x9E, 0x66,
    0x10, 0x5E, 0xA6, 0x8A, 0xC3, 0x0F, 0xC4, 0x13, 0x48, 0x97, 0x0C, 0xFB, 0xE8, 0x41, 0x33, 0x02,
    0x78, 0xA5, 0x91, 0x2B, 0xEA, 0xB8, 0x2F, 0x12, 0xCC, 0x10, 0xAE, 0xB1, 0x8B, 0x31, 0xBC, 0x51,
    0x6A, 0x19, 0xC4, 0x0D, 0xA3, 0xD7, 0xAC, 0x55, 0x31, 0x31, 0x8B, 0x3E, 0xDA, 0x13, 0xC9, 0xAE,
    0x01, 0x2E, 0x4A, 0x7F, 0xCB, 0x2D, 0x42, 0xA4, 0x13, 0x1C, 0x18, 0x9E, 0x9E, 0x14, 0x10, 0x31,
    0x54, 0x08, 0x90, 0x03, 0xE6, 0x48, 0x85, 0x09, 0x5C, 0x38, 0xFF, 0xF7, 0x57, 0xA8, 0xCE, 0x13,
    0x4D, 0x49, 0x66, 0x1B, 0x9F, 0xCF, 0xD0, 0x61, 0xE4, 0x15, 0xC2, 0x15, 0x0C, 0xB8, 0x37, 0x60,
    0x0B, 0x95, 0xF2, 0x94, 0x30, 0xF6, 0x22, 0xF0, 0x2A, 0x17, 0x70, 0x53, 0x43, 0x9C, 0x12, 0xC8,
    0x3A, 0xA8, 0x6C, 0xE8, 0xFB, 0x98, 0x56, 0x71, 0x95, 0x9B, 0x09, 0xF1, 0xB9, 0x4D, 0xAB, 0x14,
    0x18, 0x41, 0x4A, 0x5C, 0x0B, 0x06, 0x5F, 0x26, 0x4B, 0x22, 0x50, 0x3A, 0xC0, 0xA0, 0x9A, 0x60,
    0x8F, 0xBE, 0x7B, 0x94, 0x67, 0x50, 0x47, 0x04, 0x14, 0xD8, 0x36, 0xC4, 0xAD, 0xEE, 0xA6, 0x30,
    0x6B, 0x18, 0xE0, 0x3E, 0x96, 0x06, 0x19, 0x2B, 0xBA, 0xCA, 0x2F, 0x9C, 0xA2, 0xA8, 0xBD, 0x9E,
    0xC2, 0x7D, 0x81, 0xB2, 0xBB, 0xD7, 0x18, 0x8D, 0xE2, 0x1A, 0x51, 0xE3, 0xCB, 0xCF, 0x65, 0x64,
    0x57, 0x43, 0xFB, 0x25, 0x22, 0x5B, 0x9F, 0x69, 0xC1, 0x51, 0xDC, 0xF3, 0xA0, 0xA1, 0x9C, 0x0B,
    0xC8, 0x05, 0xE1, 0x38, 0xBF, 0xA2, 0xC6, 0x0A, 0xF6, 0xE1, 0x30, 0x52, 0xBF, 0x0E, 0x98, 0x37,
    0xBC, 0x2A, 0xE8, 0x77, 0xA0, 0x5F, 0x40, 0x2C, 0xB2, 0x8A, 0x59, 0xE6, 0x10, 0x55, 0x0E, 0xD0,
    0x0C, 0x6C, 0xF9, 0xF9, 0x60, 0x86, 0xB0, 0x8D, 0x1B, 0x80, 0x32, 0x7F, 0xF0, 0x01, 0x08, 0xE3,
    0xAB, 0x10, 0x28, 0xA4, 0x03, 0x4D, 0x81, 0xBD, 0xBF, 0x0E, 0x48, 0x52, 0xA5, 0x60, 0x94, 0x05,
    0xE3, 0xE8, 0xD3, 0xF6, 0xAD, 0x29, 0x89, 0x89, 0xB2, 0xA2, 0x6E, 0x85, 0x37, 0x55, 0x00, 0xFB,
    0x6E, 0x0E, 0xB1, 0xF4, 0xDA, 0x8C, 0x35, 0x93, 0xF3, 0x50, 0xAF, 0xAC, 0x95, 0x3C, 0x23, 0xA9,
    0x80, 0xA7, 0x94, 0xAB, 0xF5, 0x06, 0x52, 0x3A, 0x44, 0x2D, 0xC4, 0x1A, 0x4C, 0x42, 0x42, 0x83,
    0x29, 0xA3, 0x54, 0x61, 0xAF, 0x2D, 0xE9, 0x14, 0x5E, 0x5C, 0xAC, 0xC3, 0x8E, 0x6E, 0xDE, 0xA9,
    0x66, 0x72, 0x05, 0x4E, 0x19, 0xA4, 0xBE, 0xA8, 0x56, 0x96, 0x51, 0x35, 0x35, 0x4E, 0x18, 0xA3,
    0x6E, 0x39, 0x98, 0xBE, 0x7D, 0x9C, 0x8A, 0xDD, 0xD3, 0x8F, 0x0F, 0xB3, 0x97, 0x8B, 0x67, 0xF6,
    0xEC, 0xE3, 0x3D, 0x11, 0x2C, 0xB5, 0x08, 0x00, 0x25, 0x6B, 0x98, 0x50, 0x32, 0x95, 0x80, 0x5A,
    0xE4, 0x8F, 0x15, 0x67, 0x0D, 0x89, 0x1E, 0x74, 0x51, 0x12, 0x1F, 0x6A, 0x6C, 0x50, 0xF4, 0x95,
    0xAC, 0xC2, 0xC4, 0x3A, 0xC4, 0xFE, 0x7C, 0x08, 0x20, 0x1A, 0x68, 0x69, 0x5C, 0x95, 0x94, 0x9B,
    0xDD, 0x6D, 0xA9, 0xA4, 0xF6, 0xBC, 0x8A, 0xCD, 0x56, 0x39, 0x75, 0x94, 0x16, 0x97, 0x8F, 0xFA,
    0x68, 0x22, 0xB8, 0xC3, 0x78, 0x2A, 0xB8, 0x93, 0xB7, 0x1A, 0xB9, 0x36, 0xE0, 0x54, 0x86, 0xAD,
    0xF9, 0x1D, 0x63, 0x53, 0x9E, 0xD0, 0xF7, 0x29, 0x88, 0x2F, 0x55, 0xBE, 0x7B, 0x12, 0x8C, 0x1B,
    0xC8, 0x8D, 0x2F, 0x13, 0xA2, 0x7E, 0x3F, 0x93, 0x75, 0x9F, 0x07, 0x95, 0xCB, 0x05, 0x8D, 0x15,
    0x5B, 0x8C, 0xDF, 0x6D, 0xE9, 0x05, 0x7B, 0xC6, 0xEC, 0xEF, 0x2C, 0x2A, 0xF4, 0xAA, 0x22, 0x8F,
    0x9E, 0x6E, 0x7A, 0x62, 0x68, 0x06, 0x74, 0xAD, 0xCD, 0x40, 0x14, 0x35, 0xD0, 0xEB, 0x10, 0x66,
    0x99, 0x8D, 0xD0, 0x3C, 0xC7, 0x62, 0xEF, 0xE4, 0x49, 0xF8, 0x61, 0x99, 0xF0, 0x17, 0x1C, 0x21,
    0x48, 0xE8, 0x10, 0x9A, 0x61, 0x4E, 0xC0, 0x64, 0x40, 0x1F, 0x59, 0xD2, 0xA8, 0x4F, 0xF6, 0xD4,
    0x38, 0x52, 0xC1, 0x46, 0xCD, 0x41, 0x5D, 0xEE, 0xEF, 0x16, 0x88, 0x4F, 0xB0, 0x62, 0xE2, 0x0F,
    0x08, 0x6E, 0x99, 0xF2, 0x9C, 0x0E, 0x70, 0xB8, 0x6F, 0x31, 0x61, 0x73, 0x28, 0x33, 0x2E, 0xAE,
    0x6B, 0xA6, 0x62, 0xEB, 0x69, 0x1B, 0xFB, 0x46, 0x90, 0x2E, 0x8D, 0x1E, 0x98, 0xA2, 0x29, 0xF2,
    0xFA, 0x21, 0x68, 0x49, 0xE8, 0xF5, 0x42, 0x4D, 0x1B, 0x29, 0xCE, 0x5C, 0x6D, 0x0B, 0xDF, 0x7B,
    0x25, 0x08, 0x8F, 0xAF, 0x10, 0x87, 0x11, 0x32, 0x08, 0x9D, 0xA8, 0x50, 0x37, 0xA4, 0x08, 0x55,
    0x1C, 0xAD, 0xE6, 0x2C, 0xB8, 0xEE, 0xFC, 0x12, 0x30, 0xA0, 0xA0, 0x7F, 0x8E, 0xC7, 0xFC, 0x4B,
    0x3B, 0x3F, 0x35, 0x52, 0x61, 0xAD, 0x32, 0xB0, 0x1B, 0xCB, 0xAB, 0x5B, 0xA8, 0x0B, 0x0F, 0x99,
    0xEF, 0xE2, 0x11, 0x7F, 0xD9, 0xCC, 0x3E, 0x37, 0x56, 0xA7, 0xBE, 0xA0, 0x9C, 0x9B, 0xC1, 0x26,
    0xE7, 0x03, 0x5F, 0x5C, 0xC4, 0xA8, 0xA9, 0x8B, 0x37, 0xEC, 0xF1, 0x8B, 0x37, 0x58, 0xA5, 0xEE,
    0x5F, 0xDC, 0xB3, 0x9A, 0xBD, 0x7A, 0x6B, 0xCD, 0xB2, 0xD6, 0x9F, 0x9B, 0xA1, 0x4D, 0x37, 0x94,
    0x07, 0xCA, 0x82, 0x69, 0x75, 0x50, 0xF7, 0x37, 0x2C, 0x5E, 0xD6, 0xA5, 0xD5, 0x66, 0x3F, 0x0F,
    0x0F, 0x2D, 0xD8, 0xD4, 0x6B, 0x97, 0x8C, 0xC4, 0x1D, 0xBA, 0x3D, 0x78, 0xFD, 0x66, 0xE8, 0xD5,
    0x02, 0x94, 0x9C, 0xE8, 0x1C, 0x8A, 0x76, 0xB9, 0xBF, 0xC9, 0x9F, 0xE1, 0x93, 0xC3, 0x4E, 0x63,
    0xC8, 0xBD, 0xE6, 0xCE, 0x6B, 0xC1, 0x15, 0xB8, 0xE1, 0x3C, 0x37, 0x41, 0x8F, 0x27, 0x05, 0x7E,
    0xB8, 0x1A, 0x55, 0x01, 0xCC, 0x25, 0x7F, 0x01, 0xA7, 0x11, 0x8D, 0x11, 0x40, 0x83, 0x49, 0x1D,
    0x35, 0x19, 0x6F, 0x2F, 0x9C, 0x2C, 0x09, 0x78, 0xE9, 0x97, 0x29, 0x26, 0x7A, 0x73, 0xDB, 0x68,
    0x58, 0x26, 0x42, 0xC8, 0x78, 0x7F, 0xE8, 0x1E, 0xC1, 0x7C, 0xA4, 0xD4, 0x47, 0xE0, 0x7E, 0x8A,
    0x2F, 0xB9, 0x6C, 0xD2, 0xCB, 0xF0, 0xB6, 0x53, 0x04, 0xA7, 0x6B, 0xA5, 0xD3, 0x3A, 0x82, 0x77,
    0xC2, 0x68, 0x8C, 0x66, 0x79, 0xC4, 0x1F, 0x07, 0x64, 0x05, 0xD8, 0x70, 0xE7, 0xCF, 0x31, 0xE6,
    0x20, 0xD1, 0x21, 0x52, 0x44, 0x5E, 0xF9, 0xD4, 0x30, 0x5B, 0x0E, 0x8B, 0x53, 0x2C, 0xD9, 0xC4,
    0xCD, 0x21, 0xD0, 0x97, 0x37, 0xFE, 0x80, 0x48, 0x51, 0xB2, 0x30, 0x41, 0xAF, 0x3F, 0x02, 0x29,
    0xC3, 0xED, 0xFB, 0xE2, 0x81, 0x6B, 0xE0, 0x3F, 0xA0, 0x68, 0x05, 0x28, 0xDE, 0x00, 0x97, 0x76,
    0xC1, 0xE8, 0x8F, 0xFF, 0x28, 0x46, 0x46, 0x7C, 0x39, 0x25, 0xB5, 0x0A, 0xE0, 0xC0, 0x17, 0xE0,
    0x88, 0x7F, 0xEA, 0xCA, 0xC9, 0x53, 0x57, 0x32, 0x22, 0x46, 0x9C, 0xFA, 0x13, 0x79, 0xFC, 0x49,
    0x08, 0xF7, 0x7A, 0x71, 0x64, 0x6B, 0xCE, 0xE9, 0x19, 0x23, 0xEF, 0x10, 0xA7, 0x1D, 0x78, 0x6E,
    0xE6, 0x53, 0x7F, 0x99, 0x70, 0x79, 0xAC, 0x4F, 0x95, 0x09, 0x02, 0xE3, 0x07, 0x52, 0xC7, 0xBB,
    0xC7, 0x10, 0xE5, 0x8F, 0x22, 0xCD, 0x28, 0x04, 0x0F, 0xCF, 0x0B, 0xDB, 0xA4, 0x5A, 0x4E, 0x0A,
    0x07, 0x30, 0x61, 0x24, 0x13, 0x4C, 0xF9, 0x34, 0xE8, 0x95, 0x47, 0x61, 0x0C, 0xDF, 0xEF, 0x3C,
    0x7A, 0xE7, 0x7D, 0xCE, 0x1F, 0x86, 0xFD, 0x03, 0x86, 0xB5, 0xAA, 0x64, 0x67, 0x30, 0xB7, 0x47,
    0xCD, 0x35, 0x38, 0x0D, 0xC8, 0x01, 0xDB, 0x08, 0xC5, 0x01, 0x69, 0xEA, 0x05, 0xC9, 0xA0, 0x09,
    0x12, 0x5D, 0x93, 0x74, 0xA6, 0x7B, 0x54, 0x14, 0xC6, 0x78, 0xD2, 0xCB, 0xFF, 0x59, 0x4D, 0x20,
    0x4C, 0x00, 0x91, 0x2C, 0x34, 0x22, 0x37, 0xD6, 0x47, 0x79, 0x27, 0x0E, 0xC6, 0xC3, 0xE1, 0x44,
    0x86, 0x07, 0xD3, 0xEE, 0x96, 0xA8, 0x98, 0x17, 0xD9, 0x36, 0x69, 0x4F, 0x3A, 0x9F, 0x02, 0x04,
    0xEC, 0x58, 0x6B, 0xC2, 0x13, 0x81, 0xD9, 0x80, 0xD7, 0x20, 0x5F, 0xE4, 0x1A, 0xC8, 0x13, 0xCA,
    0xA7, 0x4D, 0x39, 0x9A, 0x12, 0xA0, 0xA5, 0xD6, 0x6D, 0x47, 0x6A, 0x60, 0x83, 0xCB, 0x1C, 0xAE,
    0xDF, 0x7E, 0x63, 0xE9, 0x72, 0xF9, 0xA5, 0xE6, 0x3C, 0x34, 0x7C, 0x30, 0xBF, 0xB0, 0xC2, 0x7D,
    0x02, 0x11, 0x95, 0x7C, 0x38, 0xB6, 0x59, 0x66, 0xEE, 0x77, 0x9E, 0x41, 0xAB, 0x22, 0xA9, 0xD3,
    0x89, 0x9B, 0x3C, 0x30, 0x43, 0xFF, 0xB8, 0xB8, 0xC7, 0xC4, 0x3F, 0x7B, 0x13, 0x4F, 0x6A, 0x5D,
    0x3D, 0xEA, 0xE0, 0xF5, 0x63, 0xAE, 0xD9, 0x77, 0xD8, 0xFC, 0xE7, 0x98, 0x1C, 0x95, 0x81, 0x58,
    0x66, 0xDB, 0x59, 0x4E, 0xDA, 0xC3, 0x6C, 0xB6, 0xCA, 0x02, 0x2A, 0x00, 0xCE, 0x82, 0xA1, 0x13,
    0xA1, 0xB9, 0xFE, 0x06, 0xB3, 0xD3, 0xF7, 0xB3, 0x72, 0xF4, 0xA5, 0x81, 0x0D, 0x78, 0x2B, 0xFD,
    0xAF, 0x59, 0xB0, 0xF5, 0xA8, 0x66, 0xA3, 0xDB, 0x00, 0x16, 0xF4, 0xE7, 0x74, 0xCA, 0xBA, 0x34,
    0x9F, 0xDB, 0xE4, 0x96, 0xA8, 0xD8, 0xA3, 0xDB, 0x21, 0x76, 0x44, 0x0B, 0x4E, 0x88, 0xA4, 0x26,
    0xDD, 0x10, 0xD1, 0x1F, 0x9D, 0x25, 0x51, 0x6B, 0xEE, 0x20, 0xAB, 0x27, 0xEB, 0x24, 0x21, 0xEE,
    0x58, 0xEB, 0xD3, 0xC2, 0xB4, 0x97, 0xA5, 0xBD, 0x15, 0xEC, 0x32, 0xA9, 0xA3, 0x16, 0x6C, 0x98,
    0x58, 0x0D, 0xAE, 0xE2, 0x26, 0xEC, 0xC0, 0xD3, 0x72, 0x4C, 0x27, 0x5C, 0xF9, 0x3C, 0x50, 0xEA,
    0x83, 0xB8, 0x0D, 0xB9, 0x93, 0x5D, 0x63, 0xCF, 0xD3, 0xD4, 0x5F, 0x87, 0xED, 0xCF, 0x7C, 0x4A,
    0x13, 0x34, 0xBD, 0x68, 0xCD, 0x6C, 0x7E, 0xCB, 0x2E, 0x67, 0x3F, 0x46, 0x1E, 0x70, 0x3B, 0xD1,
    0x42, 0x55, 0xE6, 0xA8, 0x6A, 0x95, 0xB1, 0xA1, 0xA6, 0x41, 0x45, 0xCC, 0x1C, 0x62, 0x3B, 0xED,
    0x65, 0x78, 0x0A, 0xB9, 0x79, 0xC4, 0x1A, 0x65, 0x93, 0xD6, 0xCC, 0xF1, 0xE1, 0xD4, 0x9F, 0x2E,
    0xC7, 0xB2, 0xCF, 0xEB, 0x7D, 0x1B, 0xAE, 0xA3, 0x76, 0xAE, 0x23, 0x54, 0xD7, 0x51, 0x6D, 0x38,
    0xD3, 0x78, 0x8F, 0x33, 0x15, 0xC7, 0xDA, 0xDE, 0xED, 0xA3, 0x56, 0x89, 0x8A, 0xF2, 0x18, 0x5B,
    0xE0, 0x86, 0xD2, 0xB5, 0xEB, 0x50, 0xDD, 0xD8, 0xEB, 0x3A, 0xC4, 0xF9, 0xE3, 0x51, 0xB9, 0x1D,
    0xB7, 0xCA, 0x70, 0x7C, 0x0D, 0x92, 0x5D, 0xB2, 0xAB, 0x42, 0x33, 0x7E, 0xA5, 0xB9, 0x52, 0xB2,
    0xAB, 0x10, 0xC3, 0x75, 0x04, 0x3C, 0x67, 0x2F, 0xDE, 0xAB, 0x6B, 0x46, 0xC1, 0xF0, 0x59, 0x25,
    0x90, 0x2C, 0xAF, 0x59, 0x34, 0x30, 0x49, 0xE3, 0x1D, 0x77, 0xDD, 0x02, 0xAA, 0xCF, 0x16, 0x24,
    0x13, 0xCA, 0xCB, 0xD2, 0xDA, 0x09, 0xE2, 0x79, 0xAA, 0x83, 0x1A, 0xA5, 0x90, 0x91, 0xA1, 0x47,
    0x55, 0x41, 0xB1, 0x62, 0x6D, 0x58, 0xC2, 0xD5, 0x7A, 0x2E, 0x1C, 0x0E, 0x95, 0x2B, 0x7D, 0xFF,
    0x61, 0xEC, 0x08, 0x0E, 0x0A, 0xAA, 0x65, 0x2B, 0x15, 0xB3, 0xA7, 0x72, 0x62, 0xA0, 0xF3, 0xE9,
    0xBE, 0xED, 0xA9, 0xD6, 0x25, 0xFB, 0x44, 0xE3, 0xC6, 0xFF, 0xAF, 0x0D, 0xC9, 0x69, 0x66, 0xA1,
    0x65, 0xAC, 0x92, 0x25, 0xD3, 0x9E, 0x9C, 0x6A, 0x2C, 0xBE, 0xCF, 0x6E, 0xD9, 0x14, 0xB0, 0x36,
    0x3A, 0xD4, 0x55, 0x86, 0x74, 0x66, 0xC1, 0xB4, 0xE4, 0xFA, 0x0A, 0x63, 0xC8, 0x30, 0x57, 0x19,
    0x50, 0xA0, 0xB0, 0x46, 0x0B, 0xAE, 0x48, 0xD6, 0x2C, 0x49, 0xA4, 0xAA, 0x52, 0xBE, 0xCA, 0x6A,
    0x94, 0x63, 0x7C, 0x9C, 0x2A, 0x2A, 0x9F, 0x79, 0x7B, 0x38, 0x38, 0x65, 0xC2, 0x41, 0xA1, 0x24,
    0x4E, 0xDE, 0x36, 0xA7, 0x91, 0x5F, 0x9F, 0x59, 0xED, 0xF3, 0xB6, 0x33, 0x14, 0xD1, 0xCB, 0x8D,
    0x61, 0xE1, 0xD3, 0xDC, 0x67, 0x8A, 0x75, 0x32, 0xA2, 0x19, 0xB6, 0xFA, 0x74, 0x59, 0x64, 0xA3,
    0x5D, 0x86, 0x66, 0xC6, 0x5D, 0x0C, 0xFE, 0xBA, 0x69, 0xF8, 0x3A, 0xC7, 0x25, 0xC6, 0xB6, 0xF5,
    0x75, 0xD8, 0xA7, 0x3F, 0xB8, 0xBD, 0xDE, 0x07, 0x66, 0x87, 0xFF, 0x33, 0x39, 0x71, 0x86, 0x7C,
    0xE6, 0xDD, 0xE7, 0x37, 0x75, 0xBE, 0x55, 0xD3, 0x6B, 0xB4, 0x54, 0x42, 0x02, 0x83, 0xC1, 0x59,
    0x6B, 0xA8, 0xAE, 0x85, 0xB4, 0x47, 0x3D, 0x61, 0x46, 0xFC, 0x11, 0xD9, 0x15, 0x5F, 0xE5, 0x62,
    0x89, 0x36, 0x4B, 0x52, 0x4D, 0x28, 0xED, 0xAE, 0x96, 0x45, 0xDF, 0xD7, 0xE5, 0xCE, 0x69, 0xD8,
    0x51, 0x2D, 0x2A, 0x8B, 0x52, 0xAD, 0x1D, 0xE8, 0xC4, 0x93, 0xE3, 0xC9, 0xC4, 0xBA, 0x28, 0x42,
    0xB2, 0x65, 0xB2, 0x5D, 0x2C, 0xD0, 0xD6, 0xA1, 0x25, 0x85, 0x32, 0xAE, 0x06, 0x30, 0x1F, 0xD3,
    0x6C, 0xB6, 0x54, 0x7C, 0x4E, 0xCC, 0xF9, 0x42, 0x22, 0x1A, 0xDA, 0xBC, 0x9D, 0x56, 0x23, 0x9B,
    0xBF, 0x94, 0x0D, 0x8B, 0x6D, 0x6F, 0x48, 0xDB, 0xF0, 0x92, 0x34, 0xE9, 0x19, 0x2C, 0x5D, 0x9F,
    0x09, 0xC6, 0xA0, 0x4B, 0x10, 0xCC, 0x90, 0xCB, 0x22, 0x31, 0x87, 0x41, 0xC2, 0x5A, 0xCA, 0x0C,
    0xC1, 0x1E, 0xD7, 0x63, 0x3F, 0x6F, 0xC9, 0xF9, 0xC9, 0x97, 0xFF, 0xED, 0x54, 0x5E, 0x99, 0x66,
    0x22, 0xA3, 0xC3, 0x64, 0x54, 0xA3, 0x87, 0x1C, 0x28, 0xBA, 0xC5, 0x65, 0xC8, 0x07, 0x93, 0xD1,
    0x9B, 0x2C, 0xA2, 0xEC, 0x1D, 0x63, 0x32, 0x79, 0x43, 0xFE, 0x37, 0xDE, 0xD0, 0x43, 0x76, 0x0D,
    0x74, 0xB0, 0xD2, 0x2C, 0x2F, 0xBC, 0xDA, 0x9A, 0xE8, 0x12, 0xDC, 0xFE, 0x6F, 0x86, 0x7D, 0x71,
    0x23, 0x7F, 0x9B, 0xD4, 0xF0, 0x3D, 0xB5, 0xED, 0x09, 0x1D, 0x36, 0x71, 0x16, 0x21, 0x1E, 0x23,
    0x30, 0x4D, 0xAA, 0x6C, 0xE7, 0x02, 0xFC, 0xF1, 0xBD, 0x25, 0xAB, 0x59, 0x37, 0xF3, 0x66, 0xD6,
    0x4A, 0xEA, 0x98, 0x2A, 0x25, 0x4B, 0x1B, 0xAA, 0x8E, 0x32, 0x6B, 0xA3, 0x56, 0xDD, 0xED, 0x72,
    0x9D, 0xAD, 0xBC, 0xE3, 0xB8, 0xEE, 0x08, 0xF4, 0x31, 0x6C, 0xE0, 0x21, 0x46, 0x4F, 0x2E, 0xCA,
    0x5B, 0x04, 0x14, 0x5A, 0x33, 0xD1, 0xCF, 0xF3, 0xDA, 0x8D, 0x41, 0xB0, 0x6F, 0xBC, 0xF3, 0x73,
    0xC5, 0x2E, 0x24, 0x6B, 0x2A, 0x98, 0xA8, 0x46, 0x4B, 0x7D, 0xB8, 0x10, 0x27, 0xF9, 0xEA, 0x7E,
    0xF8, 0xB3, 0x37, 0xB8, 0x26, 0x2E, 0xBE, 0xFE, 0x02, 0xBB, 0x34, 0x16, 0x28, 0xBB, 0x5B, 0xF9,
    0xFF, 0xEB, 0xBC, 0x77, 0xED, 0xC5, 0x50, 0x47, 0x34, 0xF3, 0x61, 0x51, 0x41, 0xB1, 0x33, 0xB5,
    0xE3, 0x36, 0x17, 0x64, 0x93, 0x09, 0x11, 0xEB, 0x0E, 0xA8, 0x58, 0xED, 0x0F, 0xCE, 0xCB, 0xE4,
    0x05, 0xD4, 0x5E, 0xB8, 0xF3, 0xF5, 0xB7, 0xFD, 0xFC, 0xED, 0x3F, 0x80, 0x6C, 0xE9, 0xA3, 0x91,
    0xB5, 0x83, 0x0C, 0xCE, 0x2C, 0xAE, 0x79, 0xC8, 0x90, 0x13, 0x6F, 0x2F, 0xE8, 0x62, 0x06, 0xEA,
    0x88, 0x38, 0x32, 0xBC, 0x08, 0xD2, 0x7E, 0x0B, 0x5F, 0xDC, 0x23, 0x28, 0xD9, 0xFA, 0x30, 0xED,
    0x7C, 0xDB, 0xD1, 0xA6, 0x3E, 0x41, 0x3D, 0xC9, 0xB0, 0xA7, 0x59, 0x30, 0x2D, 0xEE, 0x83, 0xD4,
    0xE1, 0xF2, 0xB8, 0x88, 0x58, 0xDC, 0xB0, 0x4D, 0xD0, 0x91, 0xBC, 0x0A, 0x70, 0x7C, 0x72, 0x95,
    0x0F, 0x56, 0x8D, 0xF3, 0xFE, 0x08, 0x2B, 0xC6, 0xAC, 0x17, 0xE7, 0x8F, 0x56, 0xAC, 0x15, 0x4B,
    0x8C, 0x8D, 0x67, 0x9E, 0x2B, 0x40, 0x2D, 0xCD, 0x8E, 0x5E, 0x4B, 0xAA, 0xEC, 0xC3, 0x89, 0xD6,
    0xA7, 0x96, 0xD3, 0xE3, 0xEB, 0x14, 0x08, 0x75, 0x11, 0x12, 0x59, 0x83, 0x52, 0xC5, 0x7C, 0xAE,
    0x3E, 0x5A, 0xCC, 0xBC, 0xD6, 0x0D, 0x6A, 0xD3, 0x66, 0x82, 0x3E, 0x20, 0x96, 0xF6, 0xC4, 0xB8,
    0xC8, 0x6F, 0x58, 0x7C, 0x1D, 0x60, 0x67, 0x76, 0x83, 0x9E, 0xBB, 0x78, 0x79, 0xAF, 0x62, 0x01,
    0x3D, 0x36, 0x63, 0x55, 0x85, 0xE9, 0x50, 0xE3, 0xE4, 0xB2, 0xC5, 0x5A, 0x37, 0x20, 0x4A, 0x45,
    0x68, 0xB3, 0xB9, 0xB1, 0x76, 0xB5, 0xB1, 0x21, 0x2E, 0xEC, 0x39, 0x60, 0xC9, 0xBC, 0xCA, 0x8F,
    0x22, 0x0E, 0x1E, 0xFC, 0x42, 0xFB, 0xFE, 0x9D, 0xAA, 0xF4, 0xCF, 0x46, 0x41, 0x91, 0x61, 0x2A,
    0xC6, 0x6E, 0x5D, 0xA4, 0xC0, 0x19, 0xD7, 0x5D, 0xFD, 0x22, 0xAA, 0xC4, 0x06, 0x72, 0x03, 0x3D,
    0x61, 0x79, 0x1A, 0x0E, 0x12, 0x0A, 0x65, 0xF5, 0x07, 0xBE, 0xA4, 0x7C, 0xD3, 0x08, 0xCB, 0xCB,
    0xA0, 0x34, 0x1D, 0xD9, 0x89, 0x9C, 0xB5, 0xBF, 0x27, 0xF0, 0x89, 0x3F, 0x86, 0x16, 0xE0, 0xA7,
    0x80, 0xC6, 0x6C, 0x56, 0x7B, 0x9C, 0xF2, 0xA9, 0x3E, 0xCE, 0xC1, 0x47, 0xAB, 0x9A, 0x4B, 0x36,
    0x75, 0xEB, 0xB5, 0x79, 0x93, 0xA5, 0x0B, 0x6C, 0x62, 0x16, 0xD0, 0xB5, 0x59, 0x05, 0x26, 0xC4,
    0xC2, 0xA4, 0x11, 0x3C, 0xF0, 0xE9, 0x24, 0x07, 0xFA, 0x21, 0x66, 0x23, 0xB8, 0xB6, 0x6C, 0xF1,
    0xDC, 0xF8, 0xFD, 0x91, 0x6D, 0xD4, 0x56, 0x5E, 0x82, 0xD3, 0x81, 0x2B, 0xC6, 0xE9, 0x33, 0xC1,
    0xC4, 0xD3, 0x59, 0xF9, 0x41, 0xA5, 0xDA, 0xC9, 0xD3, 0xBE, 0xF0, 0xB4, 0xB1, 0x23, 0x13, 0x52,
    0xF2, 0x24, 0x3F, 0xAE, 0x48, 0x62, 0xE2, 0x4E, 0xF0, 0x3C, 0x76, 0x08, 0x96, 0xBE, 0xB7, 0xF9,
    0xB3, 0x25, 0x5C, 0x8E, 0x73, 0x28, 0xD3, 0xAC, 0x95, 0xEC, 0x8D, 0x37, 0x8B, 0x0A, 0xD9, 0x96,
    0x49, 0xA6, 0x68, 0x0C, 0xE4, 0x43, 0x1A, 0x16, 0xAB, 0xBB, 0x12, 0xC3, 0x71, 0x57, 0x60, 0x50,
    0x9B, 0xD4, 0xC1, 0xA4, 0x16, 0x85, 0x38, 0xDD, 0x83, 0x47, 0x65, 0x56, 0x66, 0x4C, 0x1C, 0xD8,
    0x93, 0x7F, 0x00, 0x19, 0x93, 0x9C, 0x45, 0xF4, 0xEE, 0x6C, 0xA5, 0xB1, 0x74, 0xDF, 0x1F, 0x13,
    0xF9, 0xCE, 0xE3, 0x7A, 0x0E, 0xF1, 0xD8, 0x62, 0xDD, 0x7C, 0x0E, 0x9B, 0xF5, 0x71, 0x76, 0xCB,
    0x8F, 0x99, 0x6D, 0xE8, 0x4B, 0x59, 0xDB, 0xC9, 0x8A, 0xB7, 0xB3, 0xCB, 0xB0, 0xD5, 0x82, 0x0D,
    0x43, 0xDC, 0x68, 0x86, 0xC8, 0x6C, 0x89, 0x3D, 0x69, 0xA8, 0x0F, 0xBD, 0x8A, 0x7A, 0x1B, 0xFA,
    0x9B, 0xF8, 0xB7, 0x6F, 0x4D, 0x08, 0x53, 0x69, 0x1D, 0x23, 0xB7, 0x72, 0x45, 0xE9, 0xCC, 0x41,
    0x78, 0x5D, 0x69, 0x5C, 0xD8, 0xDF, 0xCD, 0x1D, 0x69, 0x7F, 0x83, 0xEB, 0xAE, 0xC7, 0x65, 0x86,
    0x48, 0x01, 0xC7, 0x0F, 0x1A, 0x33, 0x57, 0x12, 0x17, 0x95, 0x0A, 0xEB, 0x3F, 0x4A, 0x95, 0xD2,
    0xF2, 0x2A, 0xEE, 0xAA, 0xE8, 0xA9, 0xAC, 0xCB, 0xC8, 0x9D, 0xFF, 0x3B, 0x63, 0xD6, 0x8D, 0x82,
    0xAF, 0x54, 0xA5, 0x4E, 0xAC, 0x20, 0xAB, 0x83, 0x63, 0x8C, 0x5F, 0xAE, 0xA9, 0xB8, 0x20, 0x88,
    0x09, 0xE2, 0xDB, 0x0E, 0xDB, 0x12, 0x12, 0x84, 0x7B, 0x3D, 0x06, 0x47, 0x75, 0x68, 0x2A, 0x89,
    0x8C, 0xE5, 0x1C, 0x51, 0x17, 0xC4, 0x88, 0x9B, 0x6A, 0x38, 0x2E, 0x5D, 0xD8, 0xE8, 0x62, 0x1C,
    0x9D, 0x00, 0xB0, 0x60, 0xEE, 0x4B, 0x90, 0xAA, 0x3D, 0x49, 0xFB, 0x0E, 0xFD, 0x1A, 0xD1, 0x51,
    0xCF, 0xFA, 0x48, 0x5A, 0x45, 0xA3, 0xD9, 0xEC, 0x25, 0xDF, 0x6C, 0x19, 0x68, 0x4C, 0xF4, 0x33,
    0x2D, 0x0C, 0x8E, 0xA5, 0x83, 0xED, 0x5A, 0xFC, 0xD7, 0xA3, 0x43, 0xED, 0x50, 0x65, 0x72, 0x9E,
    0x9A, 0x4C, 0xC6, 0x53, 0x91, 0xC9, 0x77, 0xEA, 0x31, 0xA8, 0x1F, 0xA9, 0xC6, 0xA0, 0x6E, 0x88,
    0x10, 0x11, 0x88, 0xCD, 0xC9, 0x0B, 0xF6, 0x20, 0xD3, 0x3A, 0xA9, 0x39, 0x67, 0xE1, 0x78, 0x0C,
    0x56, 0x15, 0x48, 0x38, 0x3E, 0x06, 0x3A, 0xD0, 0x0E, 0x23, 0xF8, 0xF7, 0xE3, 0xCC, 0xCC, 0x18,
    0x37, 0x75, 0xED, 0xB8, 0x3D, 0x9D, 0x00, 0xB7, 0x78, 0xC2, 0x2F, 0x2D, 0x7B, 0x65, 0x39, 0xEB,
    0xF2, 0xB6, 0x63, 0x42, 0x8C, 0xAC, 0xB2, 0x85, 0xD7, 0x8F, 0xC6, 0x98, 0x43, 0x30, 0x8F, 0xE0,
    0x8A, 0xFC, 0x57, 0x5A, 0x95, 0x27, 0x44, 0x1D, 0x2D, 0xF3, 0xDE, 0x47, 0x39, 0x32, 0x43, 0x38,
    0x69, 0x1B, 0x56, 0xDF, 0x3A, 0x96, 0xE7, 0x86, 0x48, 0x5B, 0x91, 0xD2, 0x20, 0x87, 0x49, 0xD9,
    0xAB, 0x71, 0xCD, 0xE8, 0xBB, 0xE5, 0xFC, 0xE2, 0x68, 0x42, 0x4D, 0xF0, 0x47, 0x4D, 0xF6, 0xCD,
    0x46, 0xA3, 0x23, 0xC1, 0x33, 0x4A, 0x01, 0x4B, 0x77, 0x40, 0x63, 0x34, 0xB0, 0xC8, 0x91, 0x34,
    0x01, 0xAC, 0x34, 0x18, 0xA8, 0x71, 0x50, 0x2C, 0x28, 0x57, 0xDC, 0x12, 0xB5, 0xD9, 0x3A, 0xAF,
    0xD2, 0x2B, 0xA2, 0xB5, 0x02, 0x22, 0x3D, 0x97, 0x7E, 0xB3, 0x03, 0x06, 0x0F, 0x79, 0x3F, 0x0B,
    0x63, 0x2F, 0x68, 0x78, 0x5D, 0x3A, 0x9E, 0x1B, 0x23, 0x43, 0x5F, 0x3B, 0xAE, 0xED, 0xC8, 0x9A,
    0x51, 0x8C, 0x39, 0xED, 0x45, 0x66, 0x76, 0x19, 0xD3, 0x69, 0x7C, 0xE3, 0x43, 0x20, 0x65, 0xCD,
    0xF9, 0x80, 0x0E, 0xC9, 0x7E, 0x38, 0xA5, 0xCC, 0x66, 0x48, 0x65, 0xFE, 0x2E, 0x9E, 0x95, 0x92,
    0xF4, 0x98, 0x45, 0xC8, 0x60, 0x8A, 0xB9, 0xF0, 0x51, 0xC2, 0xB1, 0x0A, 0x10, 0x1A, 0xA1, 0x67,
    0x42, 0xCE, 0xEE, 0x6B, 0xBF, 0x51, 0x07, 0x0C, 0xBC, 0x72, 0xCA, 0x16, 0xE3, 0xA3, 0x75, 0x85,
    0xD5, 0xED, 0x26, 0x6A, 0xDE, 0x34, 0x54, 0x40, 0xB5, 0xBD, 0x83, 0x5F, 0x21, 0xE1, 0x4B, 0x57,
    0xE7, 0x01, 0x66, 0x14, 0x34, 0x1A, 0x79, 0xDB, 0x89, 0x2B, 0x43, 0x30, 0x87, 0x4E, 0x98, 0xDA,
    0x5F, 0x79, 0x81, 0xFD, 0xAF, 0x2C, 0x02, 0x8F, 0x75, 0xD8, 0x89, 0x0C, 0x30, 0x52, 0x43, 0x6A,
    0x2A, 0xF1, 0x88, 0x02, 0xCB, 0x94, 0x03, 0x80, 0xBF, 0x9E, 0xBC, 0xA4, 0x22, 0xB7, 0xE4, 0xC3,
    0x51, 0x65, 0x01, 0xA9, 0x97, 0x40, 0x65, 0x8E, 0x3F, 0xE9, 0x2A, 0xC8, 0x83, 0xB4, 0xE7, 0xED,
    0x2A, 0xF4, 0x48, 0x1B, 0x3A, 0xCA, 0x04, 0xB3, 0xA3, 0xFD, 0xE7, 0x75, 0x26, 0x7D, 0x9B, 0x87,
    0xCC, 0xB9, 0x61, 0xDC, 0x06, 0x84, 0xED, 0x4B, 0xE3, 0xF5, 0xB9, 0x31, 0x3D, 0x12, 0xAB, 0x7D,
    0x8B, 0xAD, 0x1E, 0x32, 0x6A, 0x8D, 0x2C, 0x87, 0x91, 0x1F, 0x1E, 0x0C, 0x80, 0x0D, 0xF7, 0x2A,
    0x2F, 0xA8, 0xEB, 0xC0, 0x2B, 0xAD, 0x37, 0xC1, 0xA1, 0x97, 0x99, 0x2C, 0xB5, 0xBF, 0x2E, 0x01,
    0xE7, 0x90, 0x76, 0x5A, 0x2D, 0xC5, 0x34, 0x4B, 0xFF, 0xD5, 0x7B, 0x6C, 0x4E, 0x27, 0x89, 0x87,
    0x38, 0xD6, 0xC2, 0xDA, 0x5D, 0x39, 0xFD, 0xFD, 0x74, 0x12, 0x5E, 0xAA, 0x01, 0x9E, 0x4A, 0x21,
    0x69, 0xF8, 0xFE, 0xA8, 0x82, 0xA4, 0x6D, 0xED, 0xD7, 0xB6, 0x75, 0x55, 0x99, 0x4E, 0xD1, 0x5C,
    0x44, 0xA5, 0x7F, 0xE2, 0x44, 0x30, 0xB9, 0x7E, 0x16, 0x28, 0xB2, 0xA2, 0xA9, 0x97, 0x56, 0x6F,
    0x3A, 0x05, 0x3B, 0x38, 0xA9, 0x25, 0x4B, 0x8A, 0x0F, 0xC8, 0x94, 0x3C, 0xA8, 0xFC, 0x2E, 0x90,
    0x02, 0xA8, 0x6C, 0xE0, 0x92, 0xD3, 0x29, 0x51, 0x76, 0xB0, 0xA8, 0xAB, 0x1B, 0xA9, 0x94, 0xC0,
    0x59, 0xEE, 0x5B, 0x19, 0x1D, 0x40, 0xD9, 0xE1, 0xCA, 0xF7, 0x65, 0x00, 0xB5, 0xF2, 0x2E, 0x4C,
    0x3C, 0x12, 0x9F, 0x1A, 0x30, 0x06, 0x3D, 0x75, 0x20, 0x22, 0xD1, 0xBD, 0xBA, 0xDC, 0x2B, 0x58,
    0xBE, 0x8A, 0x58, 0x5B, 0xAA, 0xD8, 0xF3, 0x00, 0xED, 0x9D, 0x79, 0x1D, 0xFA, 0xC0, 0x46, 0xE6,
    0x15, 0xD1, 0xE6, 0xDF, 0x65, 0x70, 0x1E, 0x0E, 0xD0, 0x0D, 0xD9, 0x78, 0x1B, 0x56, 0xFE, 0xDD,
    0x25, 0x53, 0xD3, 0x02, 0x61, 0xA0, 0xBD, 0x6A, 0xD5, 0xCF, 0xD5, 0x04, 0x95, 0xF9, 0xF6, 0x2B,
    0x5A, 0xE0, 0xEC, 0xDC, 0x0C, 0x60, 0x70, 0xAA, 0xCB, 0x5B, 0x37, 0xD4, 0x40, 0xE8, 0x99, 0xB1,
    0x14, 0x00, 0xCD, 0xE6, 0xD0, 0x43, 0xCC, 0x42, 0x7D, 0xC0, 0xD4, 0xD3, 0x93, 0x53, 0x83, 0x2B,
    0xE9, 0x3B, 0x34, 0xA8, 0xD9, 0x27, 0x74, 0xB6, 0xC6, 0x19, 0xF2, 0xA7, 0x2C, 0xB0, 0x90, 0xAD,
    0x93, 0xC1, 0x24, 0x97, 0x7D, 0x22, 0xEA, 0xDA, 0x8E, 0x96, 0x7A, 0xBE, 0x6A, 0x9A, 0x70, 0x9A,
    0xAA, 0xF8, 0x1D, 0xD3, 0x54, 0xDB, 0x5B, 0x08, 0xEF, 0x82, 0xD0, 0x30, 0x1C, 0x1A, 0xCB, 0x36,
    0xF8, 0xE4, 0x6A, 0xC6, 0xF9, 0xBE, 0xB2, 0x59, 0xD7, 0xAD, 0x2A, 0x15, 0x41, 0xE4, 0xEA, 0x3E,
    0x9A, 0x14, 0xCF, 0x65, 0xA3, 0x9B, 0x43, 0xD1, 0x89, 0x55, 0xC7, 0x41, 0x91, 0x8B, 0xC2, 0x09,
    0xAD, 0xDF, 0x2B, 0x82, 0x73, 0xA8, 0x65, 0xCB, 0x6C, 0x87, 0xF2, 0xF2, 0x40, 0xAA, 0xB6, 0xF2,
    0x1D, 0xB8, 0xDB, 0xFC, 0x27, 0x3A, 0xD7, 0xC7, 0x54, 0x9C, 0xA9, 0x09, 0x73, 0x01, 0x71, 0xD5,
    0x70, 0x7F, 0x2E, 0x1F, 0x6A, 0x09, 0xB1, 0x9F, 0xBB, 0xEF, 0xB3, 0x47, 0xE1, 0xB3, 0xA3, 0xDA,
    0x21, 0x15, 0x96, 0xE2, 0x8E, 0xCC, 0xC0, 0x71, 0xFE, 0xFC, 0x29, 0xBF, 0x80, 0x72, 0x67, 0x88,
    0x3E, 0xB9, 0x99, 0x87, 0x90, 0x74, 0x44, 0xCA, 0x8D, 0xF5, 0xDD, 0x3C, 0xA1, 0x7F, 0x66, 0xA3,
    0xD7, 0xAE, 0x1B, 0xBD, 0x7F, 0x90, 0xD0, 0x57, 0x99, 0x3C, 0x91, 0x01, 0x67, 0xDE, 0xD2, 0xD1,
    0x2D, 0xB0, 0xF2, 0x80, 0xCF, 0x6D, 0xD3, 0xFF, 0x17, 0xF0, 0x30, 0x08, 0x73, 0x4F, 0xB0, 0x86,
    0x65, 0xE1, 0x5F, 0xE2, 0x2A, 0x69, 0x83, 0x3A, 0x9C, 0xE6, 0x16, 0x7C, 0xCA, 0x5A, 0x1C, 0xE3,
    0x53, 0x4A, 0x5B, 0x11, 0x97, 0xC7, 0xC0, 0x52, 0xAB, 0x17, 0x90, 0x72, 0xA5, 0x45, 0x38, 0xC4,
    0x5D, 0x80, 0xF4, 0x70, 0x57, 0x74, 0x60, 0xCE, 0xD7, 0xA0, 0xEA, 0x16, 0x60, 0xAD, 0xA7, 0x52,
    0x7A, 0x08, 0x59, 0x58, 0xE4, 0x19, 0x9D, 0x4A, 0xAF, 0x27, 0x4F, 0x58, 0xAD, 0xD3, 0x36, 0xF6,
    0x33, 0xC8, 0x24, 0x6F, 0xD5, 0x82, 0x95, 0x96, 0x61, 0x5A, 0xF7, 0xBF, 0xD3, 0x83, 0x84, 0x88,
    0x06, 0x51, 0x5F, 0x4E, 0xD5, 0x11, 0x3C, 0x4F, 0xC8, 0x98, 0xB1, 0x4A, 0x1C, 0xBD, 0xDE, 0x15,
    0xB5, 0x3C, 0xD6, 0x87, 0xC7, 0x1C, 0x7A, 0x02, 0xD8, 0xF9, 0x3D, 0xA7, 0x7D, 0xD7, 0x9B, 0xC2,
    0x6F, 0x38, 0xB5, 0x4C, 0xA1, 0x0A, 0x57, 0xA0, 0x38, 0xE7, 0xE0, 0xEB, 0xC2, 0xCA, 0x2B, 0x6E,
    0x59, 0x85, 0xB3, 0x7C, 0xD2, 0x10, 0x9F, 0x3F, 0xD9, 0xFA, 0x83, 0xAF, 0x0D, 0xBD, 0xB4, 0x77,
    0xA3, 0xA3, 0xFC, 0x9F, 0x7F, 0xA7, 0x6D, 0xC8, 0xF9, 0xD7, 0x0A, 0x14, 0x5E, 0xE4, 0x54, 0x6D,
    0x41, 0x3A, 0x9C, 0x72, 0x5C, 0xD7, 0xBD, 0xFF, 0x68, 0x4E, 0xFE, 0xC3, 0x65, 0xDC, 0x74, 0x98,
    0x4B, 0x70, 0xCF, 0xCE, 0x7B, 0xA7, 0x64, 0x38, 0x6C, 0xF1, 0xDE, 0xC0, 0xAD, 0xDB, 0x5A, 0x4B,
    0x80, 0x54, 0x51, 0xEE, 0x5C, 0x35, 0xD0, 0x6B, 0x19, 0x88, 0x85, 0x62, 0x49, 0xE7, 0x61, 0x0B,
    0xEC, 0x7B, 0xBF, 0x33, 0xD9, 0xFD, 0xDC, 0x9B, 0x5A, 0x25, 0x71, 0xDF, 0x7D, 0x8B, 0xB4, 0xFE,
    0xC2, 0x20, 0xEE, 0x37, 0x70, 0x08, 0xF6, 0xD1, 0x5A, 0x45, 0x36, 0x37, 0x07, 0xCD, 0x5A, 0x23,
    0xB1, 0x6A, 0xC3, 0x10, 0x91, 0x45, 0xE3, 0x53, 0x9D, 0x12, 0x0D, 0x82, 0x39, 0x78, 0xFD, 0x90,
    0x26, 0xD1, 0x4A, 0x75, 0xE4, 0x40, 0x1C, 0x8B, 0x53, 0x34, 0x26, 0x71, 0xA3, 0xB0, 0x71, 0x16,
    0x0D, 0x1E, 0x40, 0x6D, 0x45, 0xBA, 0xD9, 0x50, 0x2C, 0xEC, 0x44, 0x73, 0xD3, 0x20, 0xBA, 0xD9,
    0x02, 0x8B, 0xB1, 0x8B, 0xE4, 0x28, 0x2C, 0xEE, 0x9D, 0x5A, 0xBB, 0xF8, 0x0C, 0x6D, 0x0A, 0x4C,
    0x0F, 0x6C, 0x22, 0x91, 0x82, 0xF4, 0x53, 0x33, 0xC9, 0x00, 0xA6, 0xF6, 0x5A, 0x04, 0xE5, 0xF2,
    0x64, 0x41, 0xA4, 0xBD, 0x3C, 0x43, 0xDD, 0xA4, 0xF4, 0xEC, 0x95, 0x51, 0x51, 0xA5, 0x2A, 0xE7,
    0xBE, 0x8D, 0x99, 0x91, 0x91, 0xCD, 0xB4, 0x01, 0x61, 0xE9, 0xB5, 0xC1, 0x7A, 0xE2, 0x0D, 0x16,
    0x8C, 0xEB, 0x8E, 0xF8, 0x93, 0xDF, 0xDE, 0x19, 0x8C, 0xC4, 0x00, 0xEB, 0x5A, 0xEE, 0xB0, 0x0C,
    0x6D, 0xBA, 0x82, 0xEE, 0x35, 0xB5, 0xDC, 0x55, 0x41, 0x97, 0x2D, 0xD1, 0xD8, 0xA1, 0x96, 0x15,
    0x6A, 0xFC, 0x91, 0x99, 0x0B, 0xBA, 0xDA, 0x86, 0x70, 0x6E, 0x6D, 0x58, 0x66, 0x94, 0x5C, 0xD5,
    0x12, 0xCE, 0x11, 0x78, 0x28, 0xD4, 0xD1, 0xCD, 0xFD, 0x02, 0xA7, 0x22, 0x67, 0x4F, 0x5D, 0x39,
    0x8E, 0x0B, 0x82, 0xD5, 0x28, 0x67, 0xA2, 0x93, 0x9F, 0xDC, 0x91, 0x78, 0x95, 0xFD, 0xEF, 0x0E,
    0x0B, 0x04, 0x54, 0xDF, 0x8E, 0x3A, 0x03, 0x8F, 0x4D, 0x57, 0x83, 0x84, 0x00, 0x5E, 0x9C, 0xF9,
    0x53, 0xBB, 0x51, 0x11, 0x0C, 0x0A, 0x04, 0xAF, 0xB0, 0x86, 0x60, 0x83, 0x8E, 0x33, 0xCB, 0x3A,
    0x53, 0xAA, 0xF5, 0xE6, 0xF4, 0xDA, 0x21, 0x9A, 0x1B, 0xC3, 0x10, 0xC6, 0x52, 0xEB, 0x54, 0x1B,
    0x3E, 0x28, 0x7D, 0x10, 0x38, 0xAB, 0xD5, 0x7A, 0x74, 0x99, 0x01, 0x80, 0x73, 0x6A, 0xB3, 0xBD,
    0xAD, 0xBC, 0x90, 0xD1, 0x7C, 0xE3, 0x4F, 0x3B, 0x4F, 0x1D, 0xF3, 0x0C, 0xE1, 0xD0, 0x4F, 0xAB,
    0x67, 0xD7, 0x66, 0xD1, 0x86, 0xD3, 0xF9, 0x52, 0x64, 0xF8, 0xF3, 0xBC, 0x79, 0xFB, 0x25, 0xC9,
    0xF8, 0x7F, 0xE4, 0x85, 0x58, 0xF5, 0x2D, 0xA0, 0xA8, 0xCF, 0x97, 0xD7, 0x92, 0x62, 0xF4, 0x87,
    0x69, 0x21, 0xBB, 0x9C, 0xA5, 0x21, 0x1A, 0xF2, 0xEA, 0xC9, 0x7C, 0xEA, 0x03, 0x22, 0xAD, 0x5C,
    0x62, 0x95, 0x6F, 0x84, 0x67, 0x09, 0x75, 0xC2, 0xD4, 0xEA, 0x84, 0x69, 0xAF, 0x13, 0xA6, 0x74,
    0x5D, 0x51, 0xEB, 0x4A, 0xAE, 0x09, 0xAB, 0xAB, 0xD0, 0x7C, 0x2D, 0x2A, 0x80, 0x5B, 0xD8, 0x8E,
    0xA6, 0xC2, 0xF8, 0x09, 0xB5, 0x0C, 0xC5, 0x0E, 0x10, 0x9F, 0x81, 0x0B, 0xF3, 0xEE, 0xEE, 0x51,
    0xA7, 0x1B, 0xE9, 0x3A, 0x96, 0xF9, 0xC3, 0x15, 0x2C, 0x7D, 0x05, 0x1B, 0xCC, 0xCF, 0xD5, 0x8E,
    0xE8, 0x16, 0xD7, 0x6C, 0xED, 0xAF, 0xF7, 0xCC, 0x68, 0x6E, 0x27, 0x3A, 0x2A, 0x8F, 0xA8, 0x7B,
    0x07, 0xDF, 0x16, 0x48, 0xAA, 0xB4, 0xF6, 0x59, 0xC3, 0x50, 0x10, 0xC8, 0x7A, 0x60, 0xC9, 0x91,
    0xB8, 0x16, 0x0B, 0x61, 0xE7, 0x08, 0x30, 0x65, 0xFB, 0xAD, 0x21, 0xCD, 0x9F, 0x4F, 0xE5, 0x1D,
    0x39, 0x2B, 0x6D, 0xCE, 0x69, 0xFB, 0x7E, 0x36, 0x46, 0x05, 0x9C, 0x89, 0x8E, 0x7B, 0x7E, 0xC6,
    0x00, 0xE6, 0xCD, 0x61, 0x40, 0x44, 0xBF, 0xE5, 0xDE, 0x35, 0xE9, 0xAF, 0x17, 0xDD, 0x07, 0xA8,
    0x09, 0x71, 0x76, 0xCF, 0x32, 0x9C, 0x19, 0xBB, 0x26, 0x48, 0x6F, 0xCC, 0x9E, 0x84, 0xE9, 0xA6,
    0xE9, 0x00, 0xB7, 0xD9, 0x7B, 0x95, 0x76, 0x90, 0xD5, 0x99, 0x6B, 0x0B, 0x79, 0x55, 0x84, 0xF9,
    0x4A, 0x79, 0xE1, 0x69, 0xBD, 0x5C, 0xBB, 0x84, 0x47, 0xE8, 0x26, 0xC3, 0x8A, 0xBC, 0x78, 0x9E,
    0x73, 0x87, 0xC1, 0x45, 0xED, 0x10, 0xED, 0x61, 0x8B, 0x0E, 0x48, 0x88, 0x65, 0x09, 0xB9, 0xCE,
    0x1B, 0xA3, 0xCD, 0x43, 0xE6, 0x5B, 0x2C, 0xC1, 0x46, 0x5A, 0x6A, 0x65, 0x8A, 0xAC, 0xDD, 0x06,
    0x7D, 0x2F, 0x88, 0x85, 0x21, 0xC3, 0xCA, 0x10, 0x2D, 0x96, 0x68, 0xB1, 0x72, 0x7D, 0x09, 0xF2,
    0x91, 0x53, 0x2D, 0x60, 0x5E, 0xCE, 0xEA, 0x75, 0x28, 0x0F, 0x23, 0xDD, 0xB2, 0xE2, 0xA4, 0xAF,
    0x71, 0x65, 0xEF, 0xE0, 0x96, 0xBA, 0x0D, 0xEF, 0x2A, 0x36, 0xF7, 0x50, 0x4C, 0xC0, 0x84, 0x3F,
    0x0E, 0x27, 0xF3, 0xBC, 0xCB, 0x02, 0x7B, 0xBF, 0x5A, 0xCE, 0xB8, 0xCF, 0xBD, 0xE6, 0x27, 0x04,
    0x04, 0x6C, 0x60, 0x0A, 0xDD, 0xAE, 0x7C, 0x9F, 0xB5, 0x90, 0x82, 0x81, 0xAE, 0xB8, 0xFD, 0x9A,
    0x79, 0xE5, 0x9B, 0xC4, 0x99, 0x20, 0x03, 0xB0, 0x3B, 0x9D, 0x20, 0x99, 0x7F, 0x17, 0x8E, 0xAF,
    0xC3, 0xD9, 0xD3, 0x29, 0xF4, 0xEA, 0x28, 0x38, 0x93, 0x1D, 0xBC, 0x4E, 0x9C, 0xB9, 0x9E, 0xD4,
    0xB2, 0xA5, 0x4D, 0xE0, 0xBA, 0x49, 0xED, 0x8B, 0xAB, 0x39, 0x58, 0x37, 0x73, 0xC5, 0x7C, 0xC0,
    0x25, 0xAA, 0xAE, 0xDD, 0xBB, 0x34, 0x7D, 0x90, 0x1B, 0xD4, 0x40, 0x60, 0x7C, 0x85, 0x6C, 0xA7,
    0x4E, 0x1A, 0x8F, 0xEF, 0x1B, 0xA5, 0x95, 0x9D, 0xCB, 0xBC, 0x19, 0x36, 0xC7, 0xD7, 0x43, 0x84,
    0x0D, 0x9D, 0xC6, 0x02, 0x62, 0x47, 0xB2, 0x2F, 0x3D, 0xFB, 0xC9, 0x27, 0x67, 0x65, 0x28, 0x87,
    0x54, 0x42, 0x31, 0x3A, 0x66, 0x90, 0xE9, 0x0B, 0x47, 0xDF, 0x34, 0x0E, 0xAB, 0x03, 0x18, 0x19,
    0x9D, 0xD6, 0xD8, 0xCC, 0x21, 0xE6, 0xCF, 0x9B, 0xEE, 0x57, 0xE9, 0x00, 0x7C, 0xE9, 0x42, 0x6D,
    0xE9, 0xCA, 0xD2, 0x93, 0xF6, 0x9F, 0xF0, 0x98, 0xFB, 0xAE, 0xBD, 0x2B, 0x95, 0x2E, 0xAC, 0x12,
    0xF9, 0x40, 0xFA, 0xA0, 0x0D, 0xC1, 0xDC, 0x86, 0xFD, 0x75, 0xF6, 0x3B, 0x28, 0x81, 0x80, 0x93,
    0x24, 0x00, 0x12, 0x65, 0x61, 0x3B, 0xB0, 0x3C, 0x6D, 0x92, 0xD1, 0xE3, 0x78, 0x40, 0x2C, 0x05,
    0x0B, 0x0A, 0xE1, 0x6E, 0x03, 0x3B, 0xCD, 0x5F, 0xBE, 0xD4, 0x63, 0x95, 0xF8, 0x97, 0xFD, 0x19,
    0x82, 0x8F, 0x61, 0x48, 0x8F, 0x31, 0x45, 0x78, 0x31, 0xFA, 0x84, 0x50, 0x6C, 0xF7, 0x61, 0x6A,
    0x4B, 0x8C, 0xF4, 0x4A, 0x63, 0x6D, 0xAD, 0x45, 0xAE, 0xB2, 0x75, 0x34, 0xA8, 0x68, 0xF4, 0xFD,
    0x81, 0x4A, 0xEB, 0xE8, 0xF1, 0x1E, 0xA2, 0x3C, 0x4D, 0x12, 0x74, 0x26, 0x2D, 0xD6, 0xB6, 0xFA,
    0x27, 0xDA, 0x5B, 0x48, 0x95, 0xE7, 0x6C, 0x78, 0x16, 0xCB, 0xFC, 0xBA, 0x97, 0x79, 0xD9, 0x96,
    0xD6, 0x1F, 0x87, 0xB2, 0x8F, 0xDB, 0xF4, 0xBD, 0xB2, 0x2A, 0x59, 0x7C, 0x09, 0xBB, 0xB8, 0x4E,
    0xEA, 0xBC, 0x18, 0xCC, 0x18, 0xF5, 0x49, 0x15, 0x37, 0x72, 0xB6, 0x33, 0x53, 0x32, 0x58, 0x13,
    0x7D, 0xC8, 0xB7, 0x2A, 0xCA, 0x17, 0x06, 0xF8, 0x4F, 0x39, 0xB6, 0x8B, 0x04, 0x92, 0xAF, 0x3F,
    0x84, 0xAC, 0x20, 0x42, 0x36, 0xC4, 0x17, 0x4D, 0x74, 0xCD, 0x0B, 0x8C, 0x9A, 0xC9, 0xCC, 0xAD,
    0x79, 0xAE, 0x8E, 0x64, 0xC6, 0x65, 0x33, 0xEB, 0x74, 0x66, 0x46, 0x1F, 0x9D, 0x95, 0x73, 0x82,
    0xAC, 0x99, 0x85, 0x9A, 0x92, 0x2A, 0x65, 0x39, 0x1B, 0x0E, 0x1A, 0xC1, 0x40, 0x72, 0x88, 0x64,
    0xCA, 0xA3, 0x84, 0xC8, 0x17, 0xF9, 0x1E, 0x9C, 0xBA, 0x7C, 0x45, 0x64, 0x0A, 0xA0, 0xDD, 0x10,
    0xA4, 0x82, 0xC5, 0x72, 0xF5, 0x4E, 0x8A, 0x42, 0x93, 0x88, 0x85, 0x10, 0x9D, 0x04, 0x58, 0x21,
    0xA9, 0x6F, 0x2C, 0x7B, 0x52, 0xBF, 0x1C, 0x5E, 0xE4, 0x1B, 0x75, 0xE7, 0x38, 0x25, 0xC0, 0xB1,
    0x97, 0x3B, 0xCD, 0x7A, 0xC0, 0x69, 0x9B, 0x05, 0x30, 0x38, 0x7C, 0xF1, 0x27, 0x73, 0x87, 0xE8,
    0x7B, 0x92, 0xAC, 0xF2, 0xE6, 0x0F, 0xD3, 0x87, 0xFC, 0x13, 0x33, 0x9E, 0x97, 0x98, 0xFA, 0xBC,
    0xCC, 0x1C, 0xE8, 0x6D, 0x26, 0x07, 0x3F, 0xE5, 0xA3, 0x3E, 0x28, 0x5C, 0xA3, 0xDC, 0xBD, 0xAC,
    0xA8, 0xDB, 0x73, 0x13, 0x8F, 0x95, 0x83, 0xB2, 0xB7, 0xB0, 0xB6, 0x9D, 0x9E, 0xEA, 0xE6, 0x09,
    0x57, 0x4B, 0xE1, 0xCE, 0x03, 0x5C, 0x27, 0xBE, 0x46, 0xBD, 0xD3, 0xC1, 0xED, 0x63, 0x9C, 0xC4,
    0x39, 0xCB, 0x9B, 0xB3, 0x03, 0x7B, 0x47, 0xFF, 0x8E, 0xCA, 0x80, 0x1B, 0x85, 0xA5, 0xB9, 0x88,
    0x51, 0x29, 0xE0, 0x40, 0x0A, 0x07, 0xDD, 0x26, 0x4F, 0xFB, 0x94, 0x0A, 0xFF, 0xE8, 0xE0, 0xA6,
    0x52, 0x43, 0xE0, 0xF2, 0xC2, 0xA8, 0xEB, 0xF9, 0xEB, 0x2E, 0x74, 0x3F, 0xEE, 0x0D, 0x8C, 0x69,
    0x61, 0x86, 0x62, 0xB5, 0x40, 0x81, 0xC4, 0x9E, 0xB7, 0x3E, 0xEF, 0x5F, 0xCA, 0x1B, 0x34, 0x12,
    0x25, 0x89, 0xCF, 0xF1, 0xB3, 0x6B, 0xDE, 0xF5, 0xD0, 0xB7, 0x31, 0xB2, 0xFC, 0xE4, 0xA9, 0xD1,
    0x87, 0x2F, 0x82, 0x22, 0x20, 0xE0, 0x26, 0x3A, 0xC7, 0xA3, 0x55, 0x09, 0xDB, 0xCE, 0x13, 0xD0,
    0x69, 0x3F, 0xEF, 0x24, 0x19, 0xE6, 0xC0, 0x05, 0xF5, 0x79, 0xD6, 0x94, 0x75, 0xD0, 0x46, 0x74,
    0x6B, 0xF0, 0x46, 0x70, 0x4D, 0x27, 0xA5, 0xD3, 0xE1, 0xF4, 0x54, 0x36, 0xDE, 0xEA, 0xF8, 0xDC,
    0x97, 0xF3, 0x16, 0x81, 0x79, 0x59, 0x32, 0x26, 0x95, 0x70, 0x92, 0x47, 0xBA, 0xE4, 0x61, 0xC9,
    0x9E, 0x0F, 0x3A, 0xB3, 0x0D, 0x5F, 0xA3, 0xEF, 0x6A, 0x15, 0xDA, 0x9C, 0xD0, 0x5F, 0x7E, 0x6D,
    0x7F, 0x9D, 0x9C, 0xC3, 0x85, 0xC9, 0x2E, 0x14, 0x4F, 0x67, 0xC8, 0x0F, 0x2C, 0xCD, 0x14, 0xF8,
    0x5E, 0xA7, 0x49, 0xCA, 0x9F, 0xA4, 0xFA, 0xF4, 0xEC, 0xA5, 0xB4, 0xFA, 0xAA, 0x65, 0x72, 0xE1,
    0x35, 0xC9, 0xCE, 0x80, 0x20, 0x9F, 0xE3, 0x14, 0x70, 0x08, 0x1B, 0x04, 0x19, 0xA3, 0x81, 0x8D,
    0x7B, 0x67, 0x13, 0x35, 0x5C, 0xB3, 0xC0, 0xDC, 0x45, 0x13, 0x1E, 0x90, 0x77, 0x85, 0x6D, 0xC2,
    0x92, 0xA2, 0x5C, 0x28, 0x47, 0xED, 0x44, 0x47, 0x8A, 0x27, 0x56, 0x4C, 0xE7, 0x66, 0x67, 0x70,
    0xBF, 0xF9, 0x02, 0x84, 0x39, 0xE8, 0xC9, 0xCF, 0x60, 0x27, 0x70, 0x3B, 0x22, 0x0F, 0x77, 0x09,
    0x3C, 0x91, 0xCD, 0xB6, 0x02, 0x57, 0x63, 0x59, 0x11, 0xC8, 0x5F, 0xDF, 0x0C, 0xA6, 0xBF, 0x86,
    0xA6, 0xC8, 0x6F, 0x26, 0xE8, 0x4C, 0xAB, 0x38, 0x79, 0x49, 0x24, 0xF8, 0x5E, 0xC2, 0x11, 0x0E,
    0x43, 0x4C, 0x74, 0x75, 0x6A, 0x99, 0xAA, 0x21, 0xDD, 0x8D, 0x17, 0xEA, 0x67, 0xBF, 0x17, 0x50,
    0xAC, 0xCB, 0x45, 0x7F, 0xB0, 0x50, 0xCD, 0xAB, 0x2B, 0xDF, 0xAE, 0x8D, 0x92, 0xA8, 0x65, 0xA9,
    0x74, 0xA2, 0x06, 0x6B, 0x40, 0x70, 0xAF, 0xBB, 0xA8, 0x5D, 0xE8, 0x18, 0x8F, 0x72, 0x7C, 0xEE,
    0x6C, 0xC9, 0xAA, 0xC9, 0xE5, 0x5E, 0x59, 0xFD, 0xEC, 0x1B, 0x58, 0x83, 0x9F, 0x51, 0xCC, 0xE7,
    0xDF, 0x50, 0x90, 0xD5, 0xE9, 0x5F, 0x29, 0xCB, 0x26, 0xDD, 0x4B, 0xB1, 0x78, 0xAB, 0xFF, 0x03,
    0xCD, 0x7C, 0x3D, 0xB0, 0xDE, 0x54, 0x9A, 0xE6, 0x91, 0xC4, 0xB5, 0x00, 0x4D, 0xB7, 0x1C, 0xD8,
    0xF4, 0x6C, 0xBB, 0xB7, 0x45, 0xD0, 0x01, 0xD3, 0x33, 0x8D, 0x26, 0x98, 0x60, 0x6A, 0x0B, 0x5B,
    0x02, 0x02, 0x07, 0x04, 0xDC, 0xA0, 0xDD, 0x5B, 0xD5, 0xD4, 0x14, 0x13, 0xB0, 0xC1, 0x92, 0xDC,
    0x09, 0x36, 0xE8, 0xC0, 0xB6, 0x04, 0x0E, 0x08, 0xA8, 0x1A, 0x3C, 0x53, 0xBD, 0xBB, 0x41, 0x07,
    0x38, 0x60, 0x03, 0x2E, 0x5B, 0x7B, 0x3B, 0x20, 0xA0, 0x76, 0x8C, 0x25, 0x4C, 0x6D, 0x11, 0x10,
    0x20, 0x86, 0xE9, 0x26, 0x20, 0x68, 0x75, 0xC3, 0x2C, 0x33, 0x10, 0x58, 0x80, 0x68, 0x74, 0xAF,
    0x25, 0x9D, 0x79, 0x9E, 0xF7, 0x3D, 0xFA, 0xBE, 0xEF, 0xDA, 0xB0, 0xDB, 0x3F, 0x74, 0xBB, 0x0D,
    0xD6, 0xBD, 0xFE, 0x3E, 0xFD, 0x9C, 0xF3, 0x9E, 0xF7, 0x7D, 0xDE, 0xE7, 0xFD, 0x39, 0x32, 0x5B,
    0xC6, 0x84, 0xB6, 0x36, 0x31, 0xFE, 0x6E, 0x55, 0xA5, 0x31, 0x45, 0x69, 0x12, 0x3B, 0xE1, 0xEF,
    0x68, 0xCC, 0x6C, 0x8C, 0x37, 0x26, 0x9D, 0x3F, 0x56, 0x83, 0x7F, 0x60, 0xC7, 0xE0, 0xFA, 0xDB,
    0x53, 0x60, 0x1F, 0x98, 0xC2, 0x39, 0x18, 0xA3, 0x31, 0x18, 0xE3, 0x1E, 0x7F, 0xBB, 0x70, 0x88,
    0xDB, 0xB8, 0x4B, 0x9B, 0xA4, 0xCD, 0x9A, 0xAC, 0xCE, 0x0E, 0x6C, 0x5E, 0xE0, 0xFA, 0xF3, 0x55,
    0x8B, 0x8B, 0x0D, 0xFE, 0xEE, 0x5E, 0x34, 0x47, 0x2C, 0x3E, 0xB1, 0xD6, 0xCE, 0xD1, 0xBE, 0x3D,
    0x31, 0x66, 0x4F, 0x0D, 0x71, 0x7F, 0x39, 0x6D, 0xD3, 0xF6, 0xA8, 0xCD, 0xAB, 0x3C, 0xC0, 0x9D,
    0x4C, 0xDC, 0x25, 0x8D, 0x29, 0x3E, 0x98, 0x8D, 0x6F, 0x6D, 0x8F, 0xC1, 0xE0, 0x90, 0xD5, 0x45,
    0xE7, 0x59, 0x53, 0xD4, 0xD1, 0x60, 0x6C, 0x9E, 0x36, 0x38, 0xCB, 0x9A, 0xA4, 0xE3, 0x8F, 0x7C,
    0xE7, 0x60, 0x6F, 0xC0, 0x49, 0x36, 0xCF, 0xAC, 0xBD, 0x68, 0x56, 0x7F, 0xBC, 0xE7, 0x78, 0x0C,
    0x30, 0x15, 0x83, 0x1B, 0x75, 0xFC, 0x64, 0xB8, 0x87, 0x1F, 0x5D, 0xE6, 0xAF, 0xCF, 0x17, 0x38,
    0x46, 0x96, 0xDF, 0xA6, 0xD6, 0x62, 0x78, 0xE9, 0xFC, 0xC2, 0x60, 0x4C, 0x36, 0x98, 0x97, 0xF1,
    0x7B, 0x67, 0x32, 0x63, 0x62, 0x3C, 0xBB, 0x34, 0x78, 0xA0, 0x97, 0x9B, 0x60, 0x92, 0x5B, 0x5A,
    0xB9, 0x73, 0xC5, 0x5B, 0x9A, 0x8C, 0xB7, 0x34, 0xF1, 0xA0, 0x4F, 0x91, 0x2F, 0xAC, 0x7E, 0xD1,
    0x1B, 0x0F, 0xD7, 0x59, 0xE3, 0xE3, 0x0C, 0xBB, 0xFF, 0xC8, 0x20, 0x8F, 0x18, 0x39, 0x0A, 0x1E,
    0x21, 0xCD, 0x9E, 0xA7, 0x6D, 0xB9, 0x71, 0xDE, 0x79, 0x91, 0xDF, 0x34, 0xFC, 0x1C, 0x12, 0x1F,
    0x4F, 0x62, 0x09, 0x9A, 0xDC, 0x78, 0x1C, 0x5F, 0x35, 0xF2, 0xD3, 0x16, 0xCF, 0xB5, 0x39, 0xA4,
    0xF2, 0x0D, 0x7C, 0xC2, 0x87, 0xF1, 0x91, 0x69, 0xC3, 0xE7, 0xF1, 0x5F, 0xBC, 0x65, 0xCC, 0xB1,
    0x64, 0xF5, 0x9D, 0xF8, 0xE8, 0x95, 0x11, 0xA3, 0xC1, 0xED, 0x42, 0x48, 0x19, 0x07, 0xDC, 0xD2,
    0xE4, 0x32, 0xF6, 0xC7, 0x7F, 0x28, 0x13, 0x1E, 0xF8, 0x35, 0x8E, 0xA7, 0xEC, 0x8F, 0x70, 0x67,
    0xAC, 0x98, 0xE5, 0xB4, 0x92, 0x01, 0xD2, 0xC4, 0xF8, 0xFD, 0xD9, 0x84, 0xA3, 0xC9, 0x20, 0xFE,
    0x06, 0x53, 0x0E, 0x26, 0x0C, 0xBC, 0x2E, 0xAE, 0xE2, 0x7C, 0x7C, 0x8A, 0x7B, 0x55, 0x35, 0x85,
    0x82, 0x25, 0x90, 0x6B, 0x20, 0xA5, 0x16, 0x17, 0xC4, 0xB8, 0xA0, 0xC5, 0x74, 0x43, 0xDC, 0xB7,
    0xE6, 0xA1, 0xE1, 0xF2, 0xAE, 0x56, 0xC2, 0x7B, 0xFC, 0x39, 0xCE, 0x02, 0xC3, 0xE1, 0x22, 0x8D,
    0xFE, 0x5C, 0xFC, 0xD4, 0x76, 0xD9, 0xE9, 0xD1, 0xB7, 0x57, 0xBB, 0xAA, 0x8C, 0xA6, 0x2D, 0xDC,
    0x32, 0x6B, 0x71, 0xCB, 0x40, 0x6E, 0x99, 0x72, 0x9D, 0x7D, 0x6B, 0xD2, 0x16, 0xBF, 0x72, 0x0C,
    0x16, 0x13, 0xC3, 0x09, 0x18, 0x00, 0xFE, 0x87, 0xE8, 0x2D, 0x75, 0x20, 0xE9, 0xB1, 0xF0, 0xE1,
    0x2C, 0xE3, 0x2F, 0xA1, 0x51, 0xB6, 0xE5, 0xAC, 0x5A, 0x73, 0x58, 0x05, 0x28, 0x14, 0x28, 0x9A,
    0xA9, 0x28, 0x78, 0xBB, 0x5B, 0x35, 0x66, 0x80, 0x4A, 0x7B, 0x9D, 0xA9, 0x72, 0x73, 0x51, 0xA4,
    0x27, 0x07, 0x2E, 0xEB, 0xB7, 0x77, 0x67, 0x9E, 0x0C, 0x99, 0x15, 0xB2, 0x48, 0x22, 0xD6, 0x10,
    0x6B, 0x4F, 0x05, 0x88, 0x73, 0x8C, 0x31, 0xC9, 0x21, 0xE5, 0x94, 0xA2, 0xCE, 0x0E, 0xAA, 0x9E,
    0x37, 0xB6, 0x7A, 0x77, 0x63, 0x1E, 0xCF, 0x79, 0x59, 0x4B, 0xF1, 0xE2, 0xDE, 0xFF, 0xD7, 0x76,
    0x41, 0x6F, 0x8A, 0x36, 0x52, 0x85, 0x10, 0xA5, 0x11, 0xFD, 0x89, 0xB9, 0xEE, 0x59, 0x83, 0x0B,
    0xED, 0x43, 0x14, 0x05, 0x6F, 0xF1, 0x11, 0xBE, 0xB5, 0x4F, 0x71, 0x6E, 0x98, 0x70, 0xD6, 0x56,
    0xB5, 0x6F, 0x3D, 0x18, 0x4D, 0xC7, 0xE9, 0x50, 0xA2, 0x2D, 0x64, 0xC1, 0xF5, 0x3E, 0x7A, 0x78,
    0x4E, 0x93, 0x1C, 0x47, 0xAE, 0xF0, 0xEE, 0x28, 0xB7, 0xE7, 0xEF, 0x23, 0xE6, 0xC7, 0x23, 0xB4,
    0x21, 0x12, 0xBD, 0x94, 0x27, 0xBA, 0x63, 0x42, 0x25, 0xA2, 0x26, 0xF2, 0x0E, 0x07, 0xCF, 0xCB,
    0x50, 0xE4, 0x6E, 0xA2, 0xB4, 0x45, 0xBD, 0xD6, 0x6C, 0x51, 0x1A, 0x63, 0xF3, 0x45, 0x3E, 0x4E,
    0xEF, 0x7D, 0x4E, 0xF5, 0x8F, 0x44, 0x30, 0xD9, 0xB3, 0x83, 0x8C, 0x43, 0xD4, 0x4E, 0x4E, 0x3F,
    0xF2, 0xDC, 0x32, 0xBA, 0xE7, 0x8D, 0xD3, 0x5C, 0x7C, 0x03, 0xBB, 0x8A, 0x3A, 0x18, 0x94, 0x99,
    0xFD, 0xDC, 0xE9, 0xAC, 0x5C, 0xAF, 0x0F, 0xDD, 0xE1, 0xCC, 0x32, 0x0E, 0xCB, 0xDF, 0x3B, 0xB8,
    0xB8, 0x3C, 0x2C, 0x69, 0xF9, 0x44, 0x3E, 0xEB, 0xA6, 0x0B, 0x42, 0x99, 0x54, 0xC5, 0x81, 0x45,
    0xFD, 0x6A, 0x74, 0xA2, 0xFC, 0x37, 0x5E, 0x50, 0x66, 0x18, 0x55, 0xFA, 0x50, 0x47, 0xDB, 0x9C,
    0x57, 0xA3, 0xAC, 0xCA, 0x65, 0x94, 0xFF, 0x59, 0x25, 0xA9, 0x52, 0x12, 0xBB, 0x75, 0xE8, 0x90,
    0xF1, 0xF0, 0xFD, 0xFF, 0xCE, 0x7B, 0x56, 0x72, 0x65, 0xB5, 0xC0, 0x03, 0x64, 0x1E, 0x43, 0x89,
    0x6B, 0x6A, 0x27, 0xC5, 0x0D, 0xF1, 0xC5, 0xB9, 0x89, 0x46, 0x31, 0x30, 0x95, 0x56, 0xD2, 0x6D,
    0xA0, 0x41, 0xD6, 0x79, 0xBB, 0xBB, 0x26, 0x98, 0x21, 0xF3, 0x96, 0xFF, 0xA8, 0x46, 0xF9, 0x06,
    0x67, 0x02, 0x21, 0x30, 0x68, 0x0F, 0x8F, 0xB5, 0x7C, 0x7A, 0xCE, 0x29, 0x17, 0xB2, 0xA8, 0x9E,
    0x15, 0x48, 0xF2, 0x9D, 0x1A, 0x1F, 0x5B, 0xAD, 0x39, 0xAC, 0x0A, 0x2A, 0x21, 0xD7, 0x50, 0x97,
    0x38, 0xE7, 0x42, 0x47, 0x42, 0x04, 0xC2, 0x50, 0x32, 0xAA, 0x38, 0x1E, 0x04, 0x35, 0xE2, 0x02,
    0xF2, 0x24, 0x8E, 0x06, 0x2B, 0xCA, 0x75, 0x4B, 0x26, 0x68, 0xCA, 0x8C, 0x93, 0x7A, 0xBD, 0xDD,
    0x31, 0x3C, 0x16, 0xD6, 0xD4, 0x50, 0x38, 0xF8, 0x05, 0xE6, 0x8F, 0x9B, 0x13, 0x4D, 0x1F, 0xC2,
    0x23, 0x64, 0xB9, 0x8B, 0x57, 0x78, 0x4C, 0x7F, 0x4E, 0x11, 0xC4, 0x9F, 0xF2, 0x18, 0xCC, 0xB3,
    0xE8, 0x82, 0x48, 0xBA, 0x12, 0x99, 0x65, 0xD7, 0x06, 0xF9, 0x5A, 0x81, 0x88, 0x88, 0xE8, 0xD9,
    0x40, 0x84, 0x56, 0x12, 0xF2, 0xB3, 0x26, 0xE6, 0xB3, 0xF7, 0x3D, 0x8C, 0xAB, 0xB0, 0x4D, 0x42,
    0x83, 0x81, 0x79, 0xCB, 0x22, 0xD0, 0x1D, 0x98, 0x6F, 0x43, 0x7E, 0xB8, 0x51, 0x05, 0x5B, 0xEE,
    0x2E, 0x9B, 0x2C, 0xCF, 0x3D, 0x48, 0x33, 0xE2, 0x95, 0xF9, 0xB6, 0x37, 0xA6, 0x5D, 0xF4, 0xAE,
    0x6D, 0xD3, 0x2B, 0x45, 0x6D, 0x9B, 0x2B, 0xC1, 0x14, 0xF4, 0x49, 0x9B, 0xD6, 0x95, 0x3F, 0x06,
    0xB3, 0x2D, 0x63, 0xA0, 0x4C, 0x51, 0xE5, 0xF0, 0x46, 0x90, 0x05, 0xA0, 0xFF, 0x15, 0xFB, 0xDE,
    0xEC, 0xDB, 0xF7, 0x7B, 0x19, 0x7B, 0x0E, 0x70, 0x2D, 0xE0, 0x13, 0x6A, 0x60, 0x6F, 0x91, 0x47,
    0x00, 0x36, 0x9C, 0x04, 0x0D, 0x49, 0x9B, 0xAF, 0x4D, 0x0F, 0xD9, 0x79, 0x6F, 0xBE, 0xB8, 0x7C,
    0xDA, 0xCA, 0xA7, 0xC1, 0xF4, 0xE3, 0xCC, 0x06, 0x78, 0x54, 0xBF, 0xD8, 0xD9, 0xCB, 0x72, 0x94,
    0x99, 0x52, 0xB3, 0x8E, 0x3C, 0xE7, 0x8F, 0x5C, 0x9B, 0x77, 0xC4, 0x1D, 0x61, 0xC4, 0xC5, 0x5C,
    0xE1, 0x63, 0xDB, 0x44, 0x33, 0xD7, 0x14, 0xFF, 0x47, 0x13, 0x16, 0x23, 0x8F, 0x79, 0x56, 0x0E,
    0x70, 0xC2, 0x24, 0x53, 0xAE, 0x70, 0x9E, 0x2D, 0x47, 0x5F, 0x8E, 0x44, 0xB3, 0x8E, 0x3A, 0x81,
    0x23, 0x2E, 0xC1, 0x11, 0x97, 0xA4, 0x83, 0xFC, 0x32, 0x7B, 0x98, 0x53, 0x64, 0xC5, 0x1E, 0xD4,
    0x53, 0xEC, 0xA8, 0x16, 0xE4, 0x0E, 0x48, 0xF9, 0xF3, 0x8A, 0x11, 0x01, 0x6D, 0xE5, 0xA3, 0x18,
    0x34, 0x4E, 0x6F, 0x7C, 0xBB, 0x03, 0xB8, 0x29, 0x81, 0xCD, 0x5D, 0x38, 0x62, 0xB4, 0x59, 0x4D,
    0xFF, 0x88, 0xC5, 0x2C, 0xCA, 0xAC, 0x8E, 0x7A, 0x71, 0x95, 0x59, 0x9D, 0xB4, 0xC1, 0x04, 0x68,
    0x48, 0x0F, 0xA8, 0x82, 0x96, 0xAA, 0xD3, 0xBA, 0x5B, 0x7A, 0xBB, 0x3F, 0x14, 0xBD, 0x2B, 0x39,
    0xB5, 0x2E, 0x7D, 0x7F, 0xAA, 0x06, 0xC0, 0x73, 0x3C, 0xA6, 0x11, 0x50, 0x1F, 0xE8, 0x1C, 0xD2,
    0x23, 0xE3, 0x90, 0x74, 0x04, 0xDE, 0x0E, 0xB3, 0x4B, 0xDB, 0xAA, 0x55, 0xC3, 0xCD, 0x68, 0xC2,
    0xC5, 0xBF, 0xE6, 0x0E, 0x3A, 0x64, 0x69, 0xC5, 0x14, 0xB8, 0x0C, 0x47, 0x38, 0xFC, 0x4C, 0x8D,
    0x5C, 0xF5, 0x8E, 0x40, 0x19, 0xF3, 0x24, 0xA2, 0x50, 0xDC, 0xF2, 0x5A, 0xCC, 0x4E, 0x1C, 0x5A,
    0xCC, 0xEB, 0x0B, 0x6F, 0xDB, 0xF8, 0x43, 0x01, 0xBF, 0xF4, 0x36, 0x64, 0x91, 0x15, 0xB6, 0xF4,
    0xEC, 0x9B, 0x33, 0x24, 0x15, 0x52, 0x44, 0x09, 0xBD, 0x44, 0x51, 0x86, 0x83, 0x3F, 0x61, 0xD1,
    0xE2, 0x4E, 0xFE, 0xA5, 0x8C, 0x01, 0xFC, 0xC1, 0x14, 0xD7, 0x85, 0x31, 0xE0, 0xE2, 0xEB, 0x84,
    0xC7, 0x27, 0x1C, 0x28, 0x08, 0x52, 0x64, 0x62, 0x54, 0xFF, 0xE2, 0x30, 0x6B, 0x77, 0x57, 0x20,
    0x04, 0x44, 0xA7, 0x25, 0xA6, 0xE0, 0x76, 0x70, 0x21, 0x98, 0xFD, 0x55, 0xC0, 0x10, 0x4E, 0xA7,
    0xED, 0x58, 0xB9, 0x06, 0x4F, 0xE4, 0xBF, 0xB1, 0x16, 0x36, 0x28, 0xB3, 0xB7, 0x3B, 0x18, 0x0D,
    0x2D, 0xA6, 0xA0, 0x3B, 0x86, 0x21, 0x62, 0x6D, 0x7B, 0xD3, 0x41, 0xBE, 0x18, 0x0F, 0xD6, 0x7F,
    0x58, 0x3C, 0x1E, 0x20, 0xC3, 0x72, 0x21, 0xE7, 0x74, 0xB6, 0x1F, 0x4E, 0x59, 0x6D, 0xCB, 0x29,
    0x2B, 0x6D, 0x3E, 0xA6, 0xA5, 0x35, 0xC3, 0xD6, 0xFD, 0x16, 0xCE, 0xC7, 0x57, 0x8B, 0x5A, 0x5C,
    0x43, 0x38, 0x2E, 0x07, 0x01, 0x6E, 0x41, 0x6C, 0x39, 0x08, 0xA2, 0xA4, 0x3C, 0x14, 0x3D, 0xD1,
    0xDE, 0xD2, 0x89, 0x8B, 0x5E, 0x7E, 0xFD, 0x22, 0xFE, 0xC9, 0x65, 0xA8, 0x83, 0xE1, 0x9C, 0x49,
    0xEB, 0xA3, 0x54, 0xD7, 0xB0, 0x17, 0x10, 0xC4, 0x74, 0x0C, 0x7D, 0x2D, 0x61, 0xB5, 0xCA, 0x57,
    0x88, 0x81, 0x19, 0x51, 0x24, 0x94, 0x08, 0x05, 0x62, 0xBD, 0x3A, 0x98, 0x76, 0x72, 0x22, 0x41,
    0x46, 0x9D, 0xC6, 0xC7, 0xB7, 0xB9, 0x29, 0x50, 0x15, 0xA6, 0x84, 0x4E, 0x0A, 0x0A, 0xF3, 0xC2,
    0x98, 0x01, 0x14, 0xC6, 0x0C, 0xAE, 0xA9, 0x3F, 0xE5, 0xCF, 0x7E, 0xF7, 0xC7, 0xC1, 0x04, 0x86,
    0x13, 0xAC, 0xC7, 0x3C, 0x2E, 0x4C, 0x48, 0x07, 0xDE, 0xAD, 0x06, 0x4E, 0x2C, 0xCF, 0xDA, 0xC5,
    0xD7, 0x88, 0x93, 0x91, 0x83, 0x00, 0x71, 0xF5, 0x04, 0x0F, 0x17, 0xF0, 0x6B, 0x75, 0xAD, 0x76,
    0x10, 0x9D, 0xDA, 0x4D, 0x67, 0x72, 0x42, 0xA0, 0xC2, 0x1F, 0xCD, 0xDA, 0x51, 0x25, 0x3D, 0x96,
    0x10, 0x8E, 0x1A, 0xEB, 0xC0, 0xA5, 0x08, 0x85, 0xB0, 0xF0, 0xA6, 0xF8, 0x1A, 0xE3, 0xA0, 0x8B,
    0xC0, 0xCD, 0x31, 0x69, 0x0C, 0x25, 0xEA, 0x64, 0x21, 0xAD, 0x8C, 0x26, 0xA6, 0x2B, 0x35, 0xDE,
    0x24, 0x03, 0x82, 0x8C, 0x20, 0x14, 0xDE, 0x38, 0x93, 0x2B, 0x71, 0x0F, 0x6A, 0x21, 0x6E, 0x03,
    0x86, 0x15, 0x4E, 0x32, 0xFA, 0xA2, 0x3F, 0x31, 0x19, 0x61, 0x4B, 0xA5, 0x08, 0x84, 0x33, 0x20,
    0x94, 0x6F, 0x70, 0x37, 0xF7, 0x9B, 0xE8, 0x6E, 0xD0, 0xC1, 0x9A, 0x4E, 0xF4, 0x40, 0xDA, 0xAA,
    0x87, 0x8E, 0x67, 0xB5, 0xB7, 0x03, 0x1A, 0x6C, 0xC2, 0x0E, 0xE2, 0xF6, 0xA9, 0xA4, 0x58, 0x1F,
    0x8C, 0xA4, 0xC8, 0x41, 0xAA, 0xD3, 0x9A, 0xCE, 0xA3, 0xC3, 0x53, 0x82, 0x81, 0x98, 0x31, 0x45,
    0xF6, 0x36, 0x53, 0x45, 0x3F, 0xFB, 0x19, 0x1E, 0xF0, 0x3A, 0x08, 0x8E, 0x7D, 0x85, 0xBE, 0x81,
    0x3E, 0xCC, 0x5B, 0xF9, 0x2B, 0x3B, 0xC6, 0xF6, 0x41, 0xDB, 0x55, 0x80, 0xE7, 0x27, 0xED, 0x14,
    0x4E, 0x5E, 0xDA, 0x43, 0x2F, 0x8A, 0xA6, 0xAA, 0x3D, 0xFB, 0x20, 0xA4, 0x30, 0x61, 0x01, 0xD2,
    0xAE, 0x00, 0xF9, 0xBA, 0x0A, 0x44, 0x9A, 0x63, 0x1A, 0x2C, 0x79, 0x55, 0x0D, 0x70, 0xC5, 0xE9,
    0xB0, 0x1F, 0xA1, 0x56, 0x55, 0x9D, 0xF4, 0x3E, 0xEE, 0x50, 0x86, 0x64, 0x81, 0x31, 0x8D, 0x38,
    0x92, 0x49, 0x39, 0x94, 0x31, 0xC7, 0x03, 0x32, 0x7E, 0x90, 0x13, 0x70, 0xB9, 0xC6, 0xE2, 0xE6,
    0x84, 0x8D, 0xEC, 0x42, 0x99, 0xD1, 0xE2, 0xFC, 0x99, 0x08, 0x1D, 0x77, 0x19, 0x5D, 0xDE, 0xC3,
    0x74, 0xEF, 0x07, 0xEA, 0xE9, 0xC5, 0xED, 0x51, 0x42, 0xC9, 0xB0, 0x72, 0xCC, 0xA2, 0x02, 0xA2,
    0xE8, 0xAA, 0x03, 0x4A, 0xA2, 0xAB, 0xF7, 0xD4, 0x9D, 0x19, 0x71, 0x41, 0xEE, 0x8F, 0xAF, 0x2B,
    0x1E, 0x29, 0x83, 0x8E, 0x85, 0xF2, 0x38, 0xEA, 0x00, 0xC1, 0xDE, 0x21, 0xA7, 0x38, 0xF3, 0x1A,
    0x15, 0x0A, 0xCF, 0xF3, 0x04, 0xCC, 0x2A, 0x97, 0x90, 0x85, 0x2B, 0xE0, 0xED, 0x74, 0x21, 0x1F,
    0xE3, 0xC3, 0x53, 0x08, 0xA5, 0xC9, 0xE5, 0xF6, 0x71, 0x7B, 0x5E, 0xEE, 0x32, 0x64, 0x8A, 0xE9,
    0xB2, 0x58, 0x26, 0x7D, 0x5D, 0xC8, 0x4F, 0xF4, 0x89, 0x78, 0x6C, 0x6F, 0x52, 0x7C, 0x2A, 0x74,
    0x40, 0x89, 0xFE, 0x08, 0x67, 0xB3, 0xC1, 0xFA, 0x8D, 0xFB, 0x51, 0x50, 0x50, 0xBE, 0xFB, 0x71,
    0xE0, 0x58, 0x92, 0xFE, 0xC8, 0xF4, 0x82, 0x15, 0x10, 0x28, 0x19, 0x00, 0xDA, 0x4A, 0x78, 0x52,
    0xEC, 0xEE, 0x4D, 0xF8, 0xAA, 0x6A, 0xA3, 0x1A, 0x6E, 0x23, 0x31, 0x45, 0xE7, 0xA8, 0x42, 0x26,
    0xBF, 0xE4, 0x04, 0xF4, 0x9E, 0x74, 0xA3, 0xD6, 0x01, 0x50, 0x16, 0x58, 0xC5, 0xC7, 0xE0, 0x66,
    0x82, 0x8E, 0x57, 0xD4, 0x00, 0x46, 0xB8, 0xA9, 0x5D, 0xDB, 0x8B, 0x13, 0x4A, 0x95, 0x7C, 0xAA,
    0x3B, 0xDF, 0x0E, 0xED, 0x69, 0x98, 0x05, 0x14, 0xC7, 0x4E, 0x51, 0x5D, 0x34, 0x5F, 0x31, 0xB4,
    0xF9, 0xC6, 0xEC, 0xDA, 0x4B, 0x58, 0xE8, 0x7A, 0x6B, 0x3E, 0x43, 0x03, 0x80, 0x0A, 0xBE, 0x18,
    0xEF, 0x07, 0x1D, 0x2E, 0x7F, 0xED, 0xBA, 0x9D, 0xE2, 0x57, 0xB8, 0xF2, 0xCE, 0xE6, 0x43, 0xC7,
    0x94, 0x01, 0x72, 0x2F, 0xCC, 0x90, 0x72, 0x55, 0xC6, 0x25, 0xEC, 0x97, 0xA0, 0xAF, 0x8B, 0x08,
    0xBD, 0x25, 0xEF, 0xC6, 0x50, 0x09, 0x25, 0x1C, 0x5D, 0x34, 0x39, 0xCB, 0xC6, 0xCA, 0xBE, 0x08,
    0x33, 0xCA, 0xCA, 0x70, 0x04, 0x34, 0x48, 0x24, 0xD6, 0x7A, 0x9C, 0x8D, 0x92, 0xD7, 0xDC, 0x61,
    0xBF, 0x4F, 0x83, 0xC5, 0xD2, 0x87, 0xF3, 0xA3, 0x38, 0x0F, 0x02, 0xC5, 0xFA, 0xD5, 0xDF, 0x14,
    0xBC, 0xA0, 0xDD, 0xD2, 0x46, 0x7C, 0x21, 0x41, 0x3C, 0x0B, 0x01, 0x82, 0x55, 0xE3, 0x15, 0x8F,
    0xA2, 0x7F, 0x61, 0x25, 0x79, 0x54, 0x22, 0x4E, 0x6C, 0xE1, 0xFB, 0x87, 0xE2, 0x83, 0x6A, 0x84,
    0x14, 0x6C, 0x68, 0xDD, 0x02, 0x18, 0x6F, 0x5B, 0x1D, 0x3A, 0x34, 0xB6, 0xC6, 0x2D, 0xAB, 0x5C,
    0xBC, 0x44, 0xD2, 0xFA, 0x7C, 0x92, 0xB8, 0x44, 0x58, 0xE3, 0x8A, 0x0D, 0xAC, 0x4F, 0xE3, 0x95,
    0xC7, 0x4D, 0x02, 0xB6, 0x93, 0xFE, 0x23, 0x4E, 0x7D, 0x75, 0x94, 0xBF, 0xC5, 0x53, 0xF8, 0xEE,
    0x21, 0x5C, 0xC0, 0xBB, 0xF0, 0x1A, 0xDE, 0x88, 0x97, 0xF1, 0x5E, 0xBC, 0x92, 0xB7, 0xE3, 0x33,
    0x78, 0x47, 0xFB, 0x85, 0x97, 0x1B, 0xF3, 0x5D, 0xCE, 0x2F, 0x12, 0xD6, 0x87, 0xFF, 0x13, 0xC1,
    0x1F, 0x84, 0x6B, 0xF6, 0x83, 0xC4, 0xCE, 0x5F, 0xB7, 0xCF, 0x2B, 0x48, 0xFD, 0xA9, 0x7D, 0xAE,
    0xB2, 0xFD, 0x0B, 0xF3, 0xA5, 0x60, 0xFC, 0x9C, 0xD3, 0xCD, 0xD7, 0x73, 0xFA, 0xBC, 0x68, 0x10,
    0xC1, 0x65, 0x65, 0xD2, 0x84, 0x88, 0xC5, 0xC1, 0x07, 0xB2, 0x3C, 0xAE, 0xE1, 0x89, 0x06, 0x73,
    0x52, 0x56, 0xD2, 0x23, 0x05, 0xAA, 0xCA, 0xA4, 0xF6, 0x72, 0x73, 0xD3, 0x9F, 0x08, 0x51, 0x8C,
    0x53, 0xCB, 0x2E, 0xA9, 0xDD, 0x87, 0x55, 0x5A, 0xAF, 0x50, 0x7F, 0xC5, 0x8F, 0xD7, 0xBF, 0xC5,
    0xE5, 0xE6, 0x1D, 0x24, 0x8C, 0x94, 0x3F, 0xA9, 0x06, 0x27, 0x58, 0xCE, 0x4C, 0x20, 0x92, 0x51,
    0x65, 0x8C, 0xE0, 0x07, 0x9E, 0xFA, 0x83, 0x3D, 0x8D, 0xCC, 0xA0, 0xB2, 0x8A, 0xCF, 0x45, 0x1B,
    0x36, 0x1A, 0x68, 0x42, 0xA1, 0x3B, 0x2A, 0x7D, 0x55, 0xD2, 0xAC, 0xA8, 0xF5, 0x12, 0x6C, 0x92,
    0x1E, 0xC9, 0x74, 0xA9, 0x32, 0xA5, 0xD1, 0x60, 0x8F, 0x4C, 0xD1, 0x97, 0xAB, 0x48, 0x7B, 0x05,
    0xD6, 0x6B, 0xB1, 0x0A, 0xD2, 0x5D, 0x98, 0x42, 0x23, 0xAE, 0x06, 0x28, 0x53, 0x35, 0x7E, 0x49,
    0x96, 0x42, 0xE3, 0xF2, 0x3B, 0x0D, 0x49, 0x61, 0x2B, 0x0C, 0x59, 0xD3, 0x91, 0xE6, 0x55, 0x91,
    0x5E, 0xE3, 0xB7, 0x79, 0xCF, 0x3E, 0x61, 0x5D, 0x52, 0xC1, 0x36, 0x12, 0xA5, 0x72, 0x06, 0x9D,
    0xF9, 0xE2, 0x3F, 0x2F, 0x86, 0x8D, 0x8B, 0xBA, 0x04, 0x5C, 0x28, 0xC4, 0xB7, 0x3B, 0x27, 0x06,
    0x5C, 0xE8, 0x92, 0x07, 0x9D, 0x51, 0x21, 0x00, 0x79, 0x54, 0x06, 0x24, 0x92, 0x22, 0x02, 0xA3,
    0x4E, 0x12, 0xC3, 0xD9, 0xF6, 0x72, 0x11, 0x80, 0x6F, 0xFF, 0x7E, 0x90, 0xF9, 0x83, 0x4A, 0xCF,
    0x3A, 0x7D, 0x98, 0x9D, 0xCE, 0x3E, 0x05, 0x39, 0x90, 0xC9, 0xC3, 0x86, 0xDD, 0xDC, 0xCB, 0x62,
    0x99, 0x7A, 0xB1, 0xCC, 0xBC, 0xC8, 0xDD, 0xC4, 0xF1, 0x8B, 0xCE, 0x1B, 0xBF, 0xB8, 0x48, 0x3C,
    0xBF, 0xCF, 0xCD, 0xFA, 0xBD, 0xB4, 0xD4, 0x49, 0x5B, 0xFB, 0x73, 0x99, 0x73, 0x7A, 0xCD, 0xF6,
    0x32, 0xE5, 0xA0, 0xAB, 0xFA, 0x65, 0x7A, 0x37, 0x28, 0xC9, 0x37, 0x05, 0x5E, 0xB7, 0x4C, 0x12,
    0x74, 0x92, 0x3D, 0x88, 0xDF, 0xA8, 0x25, 0x3E, 0x8A, 0x68, 0x5F, 0x5B, 0x55, 0xA9, 0x10, 0x5E,
    0xE4, 0x0A, 0x71, 0xF0, 0x95, 0xDB, 0x6B, 0x64, 0xF4, 0xB6, 0x67, 0x02, 0x91, 0x49, 0x66, 0x40,
    0xC0, 0x9B, 0x23, 0x03, 0x69, 0x80, 0xDF, 0xE8, 0xD9, 0x67, 0xF9, 0x13, 0x3C, 0x34, 0x18, 0xC2,
    0xB6, 0x68, 0xC0, 0x48, 0xFB, 0xB0, 0x86, 0xD6, 0x76, 0x21, 0x3C, 0x26, 0x60, 0xAD, 0x8D, 0xE9,
    0x06, 0xE1, 0x13, 0xD5, 0x49, 0x03, 0x46, 0x70, 0x28, 0x99, 0xF2, 0x69, 0x48, 0x69, 0x40, 0x9F,
    0x9A, 0x60, 0xF0, 0x9B, 0xEC, 0xD5, 0x6B, 0x1F, 0x3E, 0xBD, 0x4F, 0x90, 0x7B, 0xC3, 0xEE, 0x91,
    0xA8, 0xDA, 0x78, 0x26, 0xCE, 0xC4, 0x43, 0xD8, 0xA7, 0x4C, 0x74, 0xC8, 0x54, 0x6E, 0xDB, 0x0C,
    0x93, 0x71, 0x3F, 0xF8, 0x32, 0xFD, 0x39, 0x0A, 0x9C, 0x7B, 0x2E, 0x34, 0x22, 0x9C, 0x08, 0x75,
    0xB1, 0x4A, 0x61, 0xA8, 0x8C, 0x0B, 0xD0, 0x91, 0xC3, 0x2C, 0x8C, 0x69, 0x09, 0xA3, 0x78, 0x0E,
    0x59, 0x18, 0x99, 0x0E, 0x7D, 0x59, 0xA4, 0x41, 0x97, 0x9C, 0x0B, 0x4F, 0x7F, 0x51, 0xE3, 0xB1,
    0xA0, 0xD5, 0x90, 0x2B, 0x6C, 0x79, 0x2E, 0xA4, 0xD7, 0x64, 0x4C, 0xDE, 0x7C, 0x68, 0xE9, 0xEE,
    0xC9, 0xA6, 0x4A, 0xF2, 0x14, 0xC2, 0xDA, 0x12, 0x88, 0x2A, 0x6C, 0x85, 0xBE, 0x75, 0xF6, 0xE7,
    0xFC, 0x8F, 0xA3, 0xCB, 0x1A, 0x98, 0x62, 0x54, 0xCF, 0xDF, 0xA8, 0x95, 0xB1, 0x2A, 0x25, 0x53,
    0x31, 0x8C, 0x08, 0x67, 0xE5, 0xB5, 0x56, 0xE6, 0x67, 0xEE, 0x5C, 0x42, 0x7B, 0x19, 0xBA, 0xA7,
    0x33, 0x85, 0x4A, 0x70, 0x72, 0xA9, 0x46, 0xA0, 0x5B, 0x4A, 0x98, 0x28, 0xEF, 0x44, 0xD1, 0x37,
    0x52, 0xF0, 0x15, 0x4A, 0xAA, 0xE7, 0x28, 0x35, 0xC2, 0xDC, 0xE4, 0x9C, 0x41, 0xCF, 0x39, 0xAF,
    0xE7, 0x64, 0xB9, 0x75, 0x13, 0x93, 0x8C, 0x4F, 0x9B, 0x48, 0xFE, 0xA5, 0xD3, 0xA8, 0xDC, 0x85,
    0xEC, 0x2E, 0x26, 0xF7, 0x73, 0xCD, 0x1E, 0xAC, 0x5C, 0x65, 0xA9, 0xE8, 0xA1, 0x51, 0xE0, 0xFF,
    0x5E, 0x48, 0x14, 0x56, 0xD0, 0x67, 0xC8, 0x86, 0x90, 0xA3, 0x2A, 0xF1, 0x20, 0x44, 0x68, 0x70,
    0x86, 0xC6, 0x5F, 0xE5, 0x69, 0xB6, 0x72, 0x8F, 0x11, 0x12, 0xBC, 0x3B, 0xF4, 0x61, 0xF4, 0x0A,
    0x45, 0x6F, 0x28, 0x0E, 0x86, 0xD0, 0x43, 0x61, 0x40, 0xF6, 0x8A, 0x32, 0x66, 0x6E, 0x27, 0x6E,
    0x05, 0xF3, 0x71, 0x48, 0x1B, 0xC6, 0x43, 0xEF, 0x10, 0xFD, 0x2D, 0x4F, 0x9F, 0x71, 0x48, 0x7B,
    0x4D, 0xEB, 0x2C, 0x4C, 0xF5, 0xAF, 0x93, 0x06, 0xFE, 0x9F, 0x71, 0xB2, 0xA4, 0x46, 0x64, 0x09,
    0xD2, 0x43, 0x49, 0x24, 0xB8, 0xF5, 0x84, 0x36, 0x54, 0x73, 0x78, 0xB6, 0xAF, 0x18, 0x7A, 0x42,
    0x5F, 0x1B, 0x22, 0x55, 0x0C, 0x7B, 0xED, 0xC8, 0x1B, 0x11, 0x3E, 0xFA, 0x24, 0x60, 0x10, 0xCB,
    0x08, 0xBF, 0x46, 0x36, 0x8C, 0xB0, 0x36, 0x13, 0x0D, 0xCA, 0x2A, 0xA2, 0x2D, 0x43, 0x9E, 0xB7,
    0xA7, 0x48, 0xCE, 0x0E, 0x3B, 0xFB, 0xE4, 0x40, 0x7A, 0xEC, 0x8F, 0x49, 0x37, 0x89, 0x1A, 0x5D,
    0x09, 0x66, 0x77, 0x76, 0x5E, 0xFD, 0xAC, 0xA6, 0x42, 0xC6, 0x78, 0x60, 0x47, 0xC3, 0x07, 0xD2,
    0x5B, 0x77, 0xB6, 0xC9, 0xF4, 0xEC, 0x99, 0x09, 0x46, 0xCA, 0xB9, 0xB8, 0xE8, 0x91, 0xA4, 0x49,
    0x5C, 0x0E, 0x6D, 0x23, 0x52, 0x80, 0xF0, 0xF5, 0x8B, 0x06, 0xE4, 0x2E, 0x27, 0x61, 0xCC, 0x3D,
    0xB1, 0x33, 0xFA, 0xE4, 0x9A, 0xA3, 0x5D, 0xD1, 0xC2, 0xBF, 0x3C, 0xBB, 0x30, 0x96, 0xAF, 0x5F,
    0xBC, 0x19, 0x01, 0xBD, 0x85, 0xA5, 0x81, 0x01, 0x92, 0x36, 0x4A, 0x2E, 0x90, 0xE6, 0x0D, 0x26,
    0xCB, 0xC8, 0xBE, 0xCA, 0xBD, 0x8B, 0x4E, 0x0E, 0x94, 0xDF, 0x00, 0x9F, 0xE4, 0x91, 0xCC, 0xD4,
    0x71, 0x93, 0x30, 0x22, 0x9B, 0x0C, 0xEC, 0xBF, 0x55, 0x21, 0xDC, 0x85, 0x78, 0xF9, 0x53, 0xFB,
    0x00, 0xB8, 0x29, 0x64, 0x18, 0x0F, 0x69, 0x89, 0x19, 0x45, 0x5D, 0xF1, 0x2A, 0x33, 0xBC, 0x4E,
    0x02, 0xC0, 0xB3, 0x26, 0xFD, 0x8C, 0x8B, 0x49, 0x00, 0xB7, 0x5C, 0xA8, 0xA4, 0x26, 0x45, 0xB5,
    0xCB, 0xF4, 0x01, 0xB6, 0xA5, 0x8F, 0x49, 0xC3, 0xB5, 0xEC, 0x93, 0x2A, 0xC1, 0x15, 0xE2, 0xA9,
    0x96, 0xF7, 0x72, 0x73, 0x17, 0xB3, 0x39, 0xEA, 0xF2, 0x45, 0x0A, 0x54, 0xFC, 0x73, 0x77, 0xAC,
    0x10, 0x1E, 0x7F, 0xE8, 0x14, 0x74, 0xA1, 0x0D, 0xB1, 0x75, 0x20, 0xFF, 0xA7, 0x37, 0xCE, 0x5F,
    0x13, 0x01, 0xCE, 0x3E, 0x5D, 0x62, 0xC7, 0x9F, 0xF4, 0xBB, 0x4B, 0xCB, 0x49, 0xDF, 0x05, 0xEA,
    0x79, 0x79, 0x32, 0x83, 0x0F, 0x55, 0x5D, 0x06, 0x54, 0xF2, 0x6C, 0x77, 0xD7, 0x8C, 0xB1, 0x3F,
    0x0A, 0xC6, 0x2D, 0xE4, 0x00, 0x6B, 0x44, 0x97, 0x88, 0x08, 0x0A, 0xDC, 0xBA, 0x0D, 0x66, 0x0C,
    0xD5, 0x05, 0xE9, 0xA4, 0x11, 0x8C, 0x6E, 0x11, 0xA9, 0x47, 0x54, 0xE3, 0xB8, 0x8B, 0x55, 0x91,
    0xE3, 0x8F, 0xEB, 0x2A, 0x07, 0x38, 0x82, 0xC0, 0x33, 0xDA, 0xB5, 0x39, 0xA3, 0xF8, 0x68, 0xF0,
    0xE4, 0xE1, 0xB9, 0x8B, 0x89, 0x24, 0x74, 0x36, 0xDF, 0x52, 0xBB, 0x3B, 0xBF, 0xD3, 0xAE, 0x53,
    0x33, 0xA6, 0x50, 0x72, 0x78, 0xE2, 0xBD, 0xF5, 0x64, 0xFE, 0xCC, 0x9C, 0x23, 0x81, 0xE6, 0x42,
    0x31, 0x71, 0xC2, 0x09, 0xB5, 0x4B, 0x18, 0x6A, 0x82, 0x76, 0x7D, 0xE2, 0x91, 0x75, 0xEE, 0x4F,
    0x62, 0x3B, 0x89, 0x0D, 0x1D, 0xC1, 0x4F, 0x05, 0xBB, 0x46, 0x7E, 0x19, 0xBD, 0xCB, 0x2F, 0x0B,
    0x86, 0x59, 0x41, 0x4F, 0x8E, 0x02, 0x8A, 0x8A, 0x2F, 0x49, 0x50, 0x4C, 0xF4, 0xE9, 0x7F, 0x1C,
    0x25, 0xBB, 0xD7, 0x09, 0x05, 0x06, 0xFE, 0xFD, 0xE4, 0x0C, 0xAE, 0xA4, 0x42, 0x30, 0x2E, 0xA3,
    0x4B, 0xAC, 0x4D, 0xBA, 0x9F, 0xD8, 0x26, 0xB2, 0x13, 0x2D, 0xC5, 0x79, 0x61, 0xAF, 0x05, 0x41,
    0x3F, 0x8B, 0xBF, 0x74, 0x3D, 0x92, 0x17, 0x17, 0xBC, 0xE5, 0xE0, 0xB6, 0x17, 0x71, 0xD3, 0x91,
    0xBE, 0x03, 0x99, 0xDA, 0x81, 0xCE, 0x05, 0x4F, 0x03, 0xA0, 0xE6, 0x19, 0x42, 0xAE, 0xA4, 0xA1,
    0x37, 0x89, 0x3A, 0xD0, 0xD0, 0x11, 0xB3, 0x62, 0x2A, 0x95, 0xEE, 0x23, 0xEE, 0xAE, 0x1F, 0xBC,
    0x6B, 0x47, 0x3B, 0x54, 0x63, 0x36, 0xD0, 0x5F, 0xAC, 0xD3, 0xA9, 0x41, 0x19, 0x95, 0x5E, 0x4F,
    0xB7, 0xF3, 0x30, 0x73, 0xE6, 0x8D, 0x26, 0x32, 0xA2, 0x7A, 0x03, 0x6A, 0x2D, 0x93, 0xD0, 0x56,
    0xA3, 0x02, 0xF5, 0x1D, 0x2E, 0x8A, 0x25, 0xC8, 0xD3, 0xCE, 0x0F, 0x7F, 0xD8, 0xAE, 0x3D, 0x88,
    0x44, 0x0E, 0x95, 0xFB, 0x30, 0x99, 0x34, 0x49, 0xBC, 0xE4, 0x42, 0x62, 0x73, 0x2E, 0x7E, 0x72,
    0x88, 0xDE, 0x6E, 0x89, 0x7C, 0x9A, 0x51, 0xD4, 0x51, 0x6D, 0x33, 0x21, 0x04, 0x03, 0x7B, 0x64,
    0x60, 0x38, 0x1F, 0x09, 0x07, 0x8C, 0x1D, 0x65, 0xA4, 0x63, 0x84, 0xAF, 0xAF, 0xFE, 0xCA, 0x54,
    0xD0, 0xB5, 0x81, 0xCC, 0x69, 0xED, 0xF1, 0xFE, 0xBD, 0x39, 0x45, 0xD0, 0x28, 0x68, 0xB2, 0x85,
    0x71, 0xB1, 0xB4, 0xEA, 0xEC, 0xA9, 0xF5, 0xD2, 0x32, 0xD2, 0x2A, 0x38, 0x06, 0x92, 0x66, 0xCF,
    0x1E, 0x40, 0xEE, 0x92, 0xC7, 0x62, 0xC4, 0x59, 0x57, 0x0D, 0xF0, 0x11, 0x84, 0x29, 0x9C, 0x24,
    0x89, 0xF5, 0x34, 0x01, 0xE6, 0x2D, 0xCE, 0xBD, 0xC7, 0xD7, 0xD1, 0x24, 0x19, 0xAC, 0x98, 0xE9,
    0x90, 0x0B, 0xE4, 0x70, 0x08, 0x0F, 0x19, 0x56, 0x32, 0x37, 0x13, 0xC0, 0xB7, 0x49, 0xF0, 0xD2,
    0x6B, 0x16, 0xDC, 0xE5, 0xAE, 0xD6, 0x69, 0xEB, 0x0E, 0x32, 0x3D, 0x27, 0xCB, 0xDA, 0xAC, 0x97,
    0x35, 0xDC, 0x5C, 0xD6, 0xE3, 0x46, 0xB0, 0x13, 0x30, 0x5C, 0x33, 0xA5, 0xE5, 0xCD, 0x3E, 0x17,
    0xB6, 0xA8, 0x69, 0x0C, 0x34, 0x16, 0x12, 0x70, 0x18, 0x4C, 0x25, 0x86, 0xC0, 0x84, 0x56, 0xDC,
    0x27, 0xB0, 0xA8, 0xBD, 0x4E, 0x9C, 0x9F, 0xE4, 0xB3, 0xB6, 0x36, 0x99, 0xCC, 0xBD, 0xD0, 0xF2,
    0x9E, 0x8E, 0x32, 0x7E, 0xAD, 0x5F, 0x62, 0x3B, 0x35, 0xE4, 0xCD, 0xE5, 0x95, 0x08, 0x0D, 0xFF,
    0x67, 0xB6, 0xCD, 0x6C, 0x03, 0x9A, 0x56, 0x34, 0x4C, 0x06, 0x48, 0xA9, 0x01, 0xF4, 0x5E, 0x78,
    0x38, 0x50, 0xA2, 0x52, 0x32, 0xCE, 0x15, 0x9D, 0xB9, 0xF0, 0x49, 0x03, 0xFD, 0xA2, 0x5F, 0x81,
    0xC0, 0x18, 0x58, 0x04, 0xA2, 0xCF, 0x0C, 0x80, 0xB8, 0x62, 0x45, 0x23, 0x31, 0xCC, 0xFD, 0x15,
    0xF3, 0xB2, 0x04, 0x57, 0x49, 0xEE, 0xFA, 0x1A, 0xAF, 0x6D, 0xAF, 0x9E, 0xFC, 0x03, 0xD8, 0x5C,
    0x54, 0x63, 0x5C, 0xE7, 0x33, 0x57, 0xA9, 0x62, 0x7C, 0xC5, 0xC8, 0x6D, 0x15, 0xF7, 0x63, 0x46,
    0xDB, 0xD0, 0x1C, 0x66, 0x27, 0xE3, 0xEE, 0xAE, 0xC9, 0x63, 0x18, 0x08, 0xCF, 0xA3, 0xC8, 0x41,
    0xCF, 0xC7, 0xF0, 0x05, 0x03, 0x94, 0x64, 0xC2, 0xCC, 0x12, 0x4A, 0x53, 0x75, 0x0F, 0x8C, 0x69,
    0x71, 0x96, 0x99, 0x84, 0xAB, 0xB6, 0x2B, 0xBA, 0x78, 0x00, 0x4A, 0x6C, 0xF0, 0xA2, 0xD0, 0xA5,
    0xB5, 0x21, 0x19, 0xEF, 0xCC, 0x77, 0x57, 0x6A, 0x5E, 0x0B, 0x01, 0x20, 0x74, 0xA6, 0xAF, 0x12,
    0x55, 0xB6, 0xB7, 0x6E, 0xB9, 0x90, 0x24, 0x75, 0x5F, 0x70, 0x71, 0x77, 0x1D, 0x03, 0x3A, 0x52,
    0x3E, 0x07, 0x67, 0x8D, 0x41, 0xA6, 0x88, 0xAF, 0x3C, 0x17, 0xD2, 0x1B, 0x67, 0x36, 0x5B, 0x1E,
    0x4D, 0x3D, 0xA3, 0xDD, 0x33, 0xF5, 0xE2, 0x8D, 0xCC, 0x13, 0xD6, 0x8C, 0xD5, 0xF8, 0x60, 0x78,
    0xAB, 0xA8, 0x83, 0x65, 0x32, 0xBD, 0x1D, 0xB7, 0x59, 0x27, 0x49, 0x97, 0xF4, 0xEA, 0x67, 0x9F,
    0x5D, 0xB5, 0x23, 0xC3, 0x48, 0x70, 0x75, 0xC9, 0xB8, 0x1C, 0x62, 0xC4, 0xDF, 0x58, 0xA5, 0x77,
    0x04, 0x07, 0x05, 0xF9, 0xBD, 0x63, 0x47, 0x89, 0x9F, 0x29, 0x90, 0x2E, 0x7B, 0x8D, 0xE6, 0xDF,
    0x67, 0x7F, 0x18, 0xEA, 0x64, 0xFC, 0xDA, 0x65, 0x88, 0x89, 0xC5, 0xF4, 0x09, 0xDE, 0xE0, 0xE6,
    0xF0, 0xD8, 0x11, 0xE8, 0x16, 0x96, 0x35, 0x18, 0x01, 0xD0, 0xD9, 0x69, 0xD8, 0x67, 0x7E, 0xDB,
    0xEF, 0x4C, 0xC1, 0x82, 0x86, 0x25, 0xD6, 0x2C, 0xCB, 0x97, 0x92, 0xA8, 0x30, 0x03, 0xEF, 0xB6,
    0x3F, 0x3C, 0xB1, 0x79, 0x25, 0x84, 0x73, 0x0E, 0xCE, 0x25, 0xF8, 0x64, 0x50, 0x84, 0x96, 0xBC,
    0x0E, 0xF8, 0x0C, 0x5C, 0xE0, 0x25, 0x8C, 0x96, 0x71, 0x08, 0xD0, 0xC3, 0xEF, 0x4F, 0xFD, 0x6E,
    0x35, 0x2D, 0x90, 0xA3, 0xB8, 0x76, 0xAD, 0xDC, 0x25, 0x74, 0xB5, 0xDE, 0xED, 0x7F, 0xA0, 0x9A,
    0xF6, 0x37, 0x4B, 0x5E, 0x80, 0x9F, 0x87, 0x92, 0xA7, 0xAE, 0x85, 0x5F, 0xFC, 0xDE, 0x34, 0x6D,
    0x6B, 0x9B, 0xDE, 0x1A, 0xD3, 0xCF, 0xED, 0x23, 0x63, 0x9C, 0xA7, 0xF5, 0x45, 0x9F, 0xAE, 0x03,
    0x9E, 0x03, 0xF1, 0xF5, 0x4E, 0x5D, 0x3D, 0x38, 0xA4, 0x75, 0xF1, 0x60, 0x1F, 0x77, 0x85, 0x3F,
    0x85, 0xFB, 0x55, 0x99, 0xB1, 0x2A, 0xDD, 0x1E, 0x8A, 0x77, 0x23, 0x3B, 0xAD, 0x8A, 0x98, 0x67,
    0xCE, 0xAC, 0xBE, 0x48, 0x9E, 0xE0, 0x7C, 0x2C, 0xA9, 0x22, 0xE4, 0x4D, 0x6D, 0xD8, 0x34, 0xB1,
    0xC7, 0x56, 0x15, 0x47, 0xAD, 0x78, 0x84, 0xC2, 0x20, 0x33, 0xDE, 0xC9, 0xBF, 0x2E, 0x19, 0xF0,
    0x37, 0xF8, 0xE5, 0x15, 0xE2, 0x68, 0xD8, 0x91, 0x63, 0x65, 0x0F, 0x90, 0x09, 0x8C, 0xE4, 0xA2,
    0x31, 0x53, 0xA8, 0xA6, 0x3A, 0x23, 0xE1, 0x02, 0x29, 0x85, 0x54, 0x72, 0xBD, 0xE9, 0x0C, 0x5C,
    0x3D, 0x3D, 0x3C, 0x13, 0x15, 0x58, 0x8D, 0x90, 0x33, 0xF9, 0x3B, 0x7C, 0x53, 0xD9, 0x77, 0x10,
    0x37, 0xF3, 0x44, 0x89, 0x4D, 0x18, 0xEA, 0x7D, 0x7B, 0x57, 0x59, 0xA7, 0x5F, 0x3E, 0x06, 0xF2,
    0x57, 0x29, 0x18, 0x9E, 0x8F, 0x9A, 0xF5, 0x08, 0x8F, 0x63, 0xB8, 0xC5, 0x2F, 0xC9, 0xCF, 0x67,
    0x53, 0xBC, 0xAF, 0xBE, 0x12, 0xFC, 0x11, 0x32, 0xA7, 0x84, 0x83, 0xD1, 0x47, 0x44, 0x6E, 0x44,
    0x03, 0x11, 0x60, 0x43, 0x89, 0x11, 0x98, 0x9F, 0x9A, 0x5F, 0x82, 0x1E, 0xCD, 0x8C, 0xA8, 0x83,
    0x19, 0x04, 0xF3, 0xB6, 0xCD, 0x94, 0x91, 0x5D, 0x95, 0x72, 0xCD, 0xF1, 0x33, 0xEB, 0xE4, 0x77,
    0xB5, 0x0E, 0xF4, 0x94, 0x55, 0xFF, 0x89, 0xB9, 0xE5, 0x52, 0x62, 0xBD, 0x55, 0xA4, 0xA4, 0xC3,
    0x75, 0x6E, 0x94, 0xDC, 0x91, 0x03, 0x95, 0x70, 0x74, 0xD3, 0x8E, 0xB7, 0xF2, 0x63, 0xB0, 0xF9,
    0x8A, 0x91, 0x79, 0x99, 0xEC, 0x23, 0x5E, 0x01, 0xF5, 0x8E, 0xFA, 0x00, 0x32, 0xF2, 0xA8, 0x9D,
    0x96, 0x69, 0xA3, 0x9A, 0xE9, 0x08, 0x68, 0x24, 0xBB, 0x5B, 0xA0, 0xBB, 0x71, 0xF5, 0xBF, 0x98,
    0x7F, 0x78, 0xDA, 0xBE, 0x6A, 0x4B, 0x30, 0x9E, 0x7C, 0x71, 0xD3, 0x0B, 0xE9, 0x96, 0x61, 0x98,
    0x43, 0xA9, 0xED, 0x9B, 0xFF, 0x30, 0xE5, 0x64, 0x35, 0xE3, 0x2A, 0xA7, 0x81, 0x84, 0xED, 0x75,
    0x9A, 0x7E, 0x13, 0xA3, 0x9A, 0x26, 0x73, 0xD2, 0xE5, 0x99, 0xC8, 0xA1, 0xAE, 0x68, 0x7E, 0x2E,
    0xEC, 0x94, 0xD0, 0x67, 0xC1, 0x3E, 0xCB, 0x68, 0x20, 0xDC, 0x5A, 0xD8, 0x2E, 0x85, 0x6E, 0x69,
    0x85, 0x41, 0xAA, 0xFC, 0xAD, 0x46, 0x36, 0x96, 0x83, 0x8B, 0x5B, 0x7C, 0x7C, 0xAF, 0x91, 0x94,
    0xA7, 0x19, 0x68, 0xE1, 0x88, 0x21, 0x18, 0xB2, 0x1D, 0xB1, 0x2F, 0xD8, 0x3C, 0xC1, 0x24, 0xA4,
    0x35, 0x62, 0xD6, 0xEE, 0x89, 0xA5, 0xBE, 0x21, 0x35, 0xE8, 0x60, 0x95, 0x5D, 0x5E, 0xE2, 0xC0,
    0x6D, 0x04, 0x3A, 0x88, 0xEF, 0xD2, 0x49, 0x72, 0x19, 0x50, 0xA3, 0x1F, 0xD9, 0x87, 0x3B, 0xA6,
    0x71, 0x52, 0x44, 0x2A, 0x59, 0x0E, 0x72, 0xE6, 0x8D, 0x51, 0x47, 0x06, 0x5E, 0x51, 0x74, 0xD7,
    0xF0, 0x6C, 0xD6, 0x12, 0x20, 0xBD, 0x39, 0x67, 0x1A, 0xA7, 0xF5, 0x6B, 0x08, 0xB0, 0x2E, 0x02,
    0xC0, 0xA0, 0x1D, 0x22, 0x04, 0x36, 0x30, 0xF6, 0x81, 0x21, 0xA4, 0xE7, 0x98, 0xE2, 0xD6, 0xF3,
    0xD2, 0xA2, 0x30, 0xBB, 0xAA, 0x7B, 0x75, 0xB0, 0xD7, 0x33, 0xCD, 0x27, 0x98, 0x96, 0x69, 0xC1,
    0x9D, 0x11, 0xB6, 0x96, 0x99, 0x24, 0x7F, 0xA3, 0xF4, 0x96, 0x09, 0xAA, 0x31, 0x6B, 0x81, 0x53,
    0x20, 0xA7, 0x5F, 0x23, 0x76, 0x1C, 0xB7, 0xDB, 0x80, 0x68, 0x3B, 0x25, 0x2C, 0x82, 0x21, 0x70,
    0x81, 0x62, 0x49, 0x85, 0x3D, 0x14, 0xD1, 0xA7, 0x76, 0x7F, 0x5D, 0xC5, 0x39, 0xE3, 0xB2, 0x99,
    0x2B, 0x75, 0x6B, 0x66, 0x84, 0x73, 0x13, 0x23, 0xAC, 0xA8, 0x63, 0x6C, 0x43, 0x64, 0xC7, 0x88,
    0xC4, 0xF9, 0xCF, 0x8C, 0xB1, 0x3C, 0x41, 0x0E, 0x4F, 0x94, 0x5A, 0x16, 0x47, 0x33, 0x1D, 0x81,
    0xE4, 0x34, 0x76, 0x28, 0xC2, 0xE4, 0x53, 0x10, 0x61, 0x58, 0x52, 0xD1, 0x99, 0xBD, 0x83, 0xDD,
    0x6A, 0x9F, 0x77, 0xC6, 0x32, 0xCD, 0x0C, 0xA6, 0x3D, 0xFB, 0x5F, 0x31, 0x1D, 0x4F, 0xE0, 0xD5,
    0xEC, 0xEC, 0x6F, 0x86, 0x67, 0x67, 0xF1, 0x74, 0x3E, 0x37, 0x7D, 0xBA, 0x75, 0xD9, 0xD8, 0x50,
    0x9E, 0xB4, 0x4A, 0xD7, 0x89, 0x80, 0x20, 0x3C, 0x92, 0xEC, 0x59, 0x9B, 0x12, 0x28, 0x1F, 0x89,
    0x1F, 0x18, 0x71, 0xF4, 0xD2, 0x8E, 0xB0, 0xAE, 0x1C, 0x66, 0xDD, 0xD2, 0x88, 0x20, 0xD2, 0x91,
    0x2E, 0x04, 0xD6, 0x9A, 0x7B, 0x69, 0x41, 0x48, 0x58, 0xD9, 0x95, 0xFE, 0x03, 0x69, 0xDB, 0xD1,
    0xE6, 0x03, 0x95, 0xCD, 0xBA, 0xF3, 0xE0, 0x3B, 0x7C, 0xBA, 0x24, 0x3F, 0x93, 0x47, 0x25, 0x19,
    0xB8, 0x90, 0x21, 0xAD, 0xB2, 0xAC, 0x70, 0xF3, 0x78, 0xEE, 0x3A, 0x9C, 0x62, 0xC9, 0x3A, 0x52,
    0x88, 0x45, 0x5E, 0x11, 0x28, 0xE4, 0x60, 0x9D, 0x04, 0xB3, 0x1F, 0xD1, 0xD3, 0x92, 0x7C, 0xCA,
    0xD4, 0x44, 0x7C, 0x0C, 0x1A, 0xA5, 0x17, 0xC3, 0xAB, 0x98, 0x52, 0x39, 0xB0, 0xAC, 0x67, 0xA7,
    0x0C, 0xEC, 0x24, 0xD9, 0x8D, 0xCB, 0x2C, 0xFD, 0x53, 0x41, 0x11, 0xD2, 0x58, 0x71, 0xDE, 0x46,
    0x54, 0x1B, 0xE6, 0x71, 0xEE, 0xE2, 0x1E, 0x13, 0x7E, 0x34, 0xAE, 0xDA, 0xBD, 0x5C, 0x0E, 0xFB,
    0xD4, 0x0D, 0xD6, 0x07, 0xC0, 0x97, 0x4E, 0x88, 0x56, 0x53, 0x82, 0x50, 0x2A, 0xA9, 0x90, 0x43,
    0x9D, 0x42, 0xE9, 0xA1, 0x49, 0xA4, 0x7B, 0x86, 0x43, 0xD2, 0xB6, 0x87, 0x58, 0x00, 0x2B, 0x71,
    0xE6, 0xD1, 0xAD, 0xBA, 0x1E, 0xB2, 0xB7, 0x05, 0x18, 0x5F, 0xD5, 0xC0, 0x8F, 0xCF, 0xD2, 0xA6,
    0x07, 0x84, 0x9C, 0x03, 0x56, 0xF7, 0x62, 0xC2, 0xAC, 0x51, 0x1F, 0xDA, 0x7A, 0xDD, 0xF3, 0x00,
    0x5C, 0xBD, 0x14, 0x96, 0x41, 0xF3, 0xB2, 0x89, 0x5F, 0x6F, 0x84, 0x6E, 0x30, 0x4B, 0x73, 0x6A,
    0x55, 0xDE, 0x0F, 0x05, 0xBA, 0x8C, 0x79, 0x64, 0xD4, 0x36, 0x98, 0x4A, 0x81, 0x2B, 0x6E, 0x8F,
    0x21, 0xC8, 0x86, 0x71, 0xC1, 0x68, 0xAE, 0x3D, 0x0B, 0xC4, 0x4E, 0x4B, 0x9B, 0x4F, 0xE1, 0x10,
    0xD1, 0xF0, 0x8C, 0xAD, 0xDA, 0x00, 0x02, 0x4B, 0xAE, 0x35, 0xCC, 0xE4, 0x07, 0x23, 0xEB, 0x74,
    0xC5, 0x7E, 0x56, 0x56, 0xFB, 0x93, 0x04, 0xA4, 0x47, 0x7F, 0xA3, 0xA0, 0xEF, 0xDD, 0x5F, 0x35,
    0xE8, 0xEB, 0xA4, 0x66, 0x44, 0x7D, 0x6C, 0xA9, 0xFB, 0x5C, 0xCE, 0x54, 0xEC, 0x62, 0x55, 0x3B,
    0x08, 0x15, 0x90, 0xDA, 0x55, 0x7F, 0x8C, 0xCB, 0x99, 0x60, 0x40, 0xBC, 0xCC, 0x54, 0xEF, 0x70,
    0x2E, 0x23, 0x22, 0xBA, 0x8F, 0xB0, 0x1C, 0xAF, 0xC3, 0xE2, 0x99, 0x13, 0xB1, 0x26, 0x7D, 0x6B,
    0x64, 0xD5, 0x25, 0x1C, 0xB2, 0xA6, 0xA8, 0xAB, 0x0F, 0x47, 0x81, 0x25, 0xC4, 0xBC, 0x52, 0x15,
    0xBE, 0x4F, 0x13, 0x16, 0x7C, 0x00, 0x54, 0x59, 0x35, 0xC8, 0x2C, 0x8E, 0x2A, 0xA5, 0x69, 0x49,
    0x03, 0xDC, 0x26, 0x7C, 0x3D, 0x2F, 0xCB, 0xA8, 0x9D, 0x53, 0x0D, 0x3B, 0x38, 0xA0, 0xA5, 0xBD,
    0x0F, 0x3F, 0xD8, 0x71, 0x3E, 0x88, 0x5B, 0x27, 0x69, 0xDF, 0x38, 0xCD, 0x38, 0xFD, 0x17, 0x9C,
    0xFE, 0x80, 0xE7, 0x85, 0x93, 0xF4, 0x6E, 0x3C, 0xCC, 0xE9, 0x73, 0xA9, 0xB3, 0x96, 0x26, 0xD2,
    0x4B, 0xE3, 0x46, 0x24, 0x19, 0x77, 0xDB, 0xC2, 0x8C, 0xA4, 0xC1, 0xCF, 0x17, 0x93, 0x3E, 0x21,
    0x3A, 0x22, 0x1E, 0x59, 0xE2, 0x4C, 0xC9, 0xAB, 0x08, 0x11, 0x67, 0xD6, 0xD0, 0xC1, 0xD6, 0x12,
    0x89, 0x8D, 0x92, 0x5E, 0x88, 0x36, 0xBD, 0xC5, 0x77, 0x39, 0x4A, 0xF6, 0xC4, 0x74, 0x8C, 0x82,
    0x29, 0x19, 0x76, 0x5F, 0x24, 0x00, 0x53, 0xAD, 0x3C, 0x41, 0x1E, 0x75, 0xD4, 0x67, 0xF0, 0x56,
    0x8C, 0x81, 0x29, 0x1B, 0xF6, 0x74, 0xC4, 0xF2, 0xFC, 0x56, 0x85, 0x13, 0x3B, 0xB5, 0x3F, 0xA5,
    0xDD, 0x88, 0xDA, 0x52, 0xB5, 0x7A, 0x68, 0x19, 0x95, 0x58, 0x22, 0xCA, 0x81, 0x24, 0x53, 0x3A,
    0xB5, 0xC4, 0x49, 0x5F, 0xDE, 0x14, 0x16, 0x93, 0xD5, 0x91, 0xB4, 0xB8, 0xCD, 0x7B, 0x83, 0x54,
    0x03, 0x83, 0x96, 0x9D, 0x70, 0x92, 0xB9, 0x16, 0x8A, 0x5A, 0x2C, 0xE8, 0x24, 0xC5, 0x5F, 0x71,
    0x68, 0xD1, 0x46, 0x97, 0x9B, 0xDF, 0x48, 0x99, 0x8A, 0xB9, 0xC2, 0xBC, 0x20, 0x51, 0xD3, 0xD2,
    0xDF, 0x4D, 0xED, 0x6C, 0xAC, 0x38, 0x78, 0x1D, 0xDB, 0x2D, 0x59, 0x6A, 0xA8, 0x5C, 0xE6, 0xC4,
    0x90, 0xF3, 0x6E, 0xF2, 0x2E, 0x1A, 0x3F, 0x40, 0x5E, 0x9A, 0x9C, 0xE8, 0x26, 0x41, 0xBA, 0x3B,
    0xE1, 0x82, 0xEA, 0x03, 0x5D, 0xB6, 0x5E, 0xE6, 0x32, 0x90, 0xB4, 0x74, 0x6C, 0x3F, 0x29, 0x1D,
    0x52, 0x11, 0xBE, 0xB5, 0x6F, 0xAD, 0xFE, 0x06, 0xE8, 0x6A, 0xC8, 0x5C, 0x62, 0x55, 0xCA, 0xA8,
    0x7A, 0x6D, 0x6E, 0x3D, 0xF1, 0x2F, 0x1B, 0x03, 0x62, 0xC3, 0x26, 0xEB, 0x1F, 0xF1, 0x33, 0x82,
    0x77, 0xB9, 0x9B, 0xA7, 0xD6, 0x3C, 0xF2, 0x0D, 0x77, 0x88, 0x87, 0x49, 0xCB, 0x13, 0x17, 0xFC,
    0xD1, 0x6E, 0xA1, 0x3C, 0xDA, 0xFE, 0xD0, 0x2E, 0xED, 0x68, 0x82, 0x70, 0x92, 0x91, 0xE4, 0x30,
    0x55, 0x53, 0xAB, 0xA5, 0x45, 0x46, 0xFB, 0x0F, 0xA7, 0xA5, 0xC9, 0x81, 0x83, 0x94, 0x64, 0x9E,
    0xA4, 0xF2, 0x84, 0x53, 0x14, 0x76, 0x95, 0xC4, 0x5B, 0xD7, 0xDE, 0x2A, 0x82, 0x20, 0x74, 0x6E,
    0xD2, 0x5E, 0x4E, 0xB6, 0x21, 0x06, 0xD7, 0xF6, 0xAB, 0x79, 0xA3, 0xF4, 0x56, 0x68, 0x4F, 0x27,
    0x90, 0xE7, 0x1C, 0xBD, 0x90, 0x74, 0x77, 0xDE, 0x47, 0x7B, 0x67, 0xA7, 0x4C, 0xBD, 0x51, 0x79,
    0xE3, 0xA2, 0x31, 0xB1, 0xD4, 0x30, 0xED, 0xC4, 0xAF, 0xF8, 0x7F, 0x2B, 0x3A, 0x51, 0x68, 0xB9,
    0x4D, 0xAA, 0x4F, 0x81, 0x2B, 0xC4, 0x42, 0xF8, 0x9A, 0xEE, 0x02, 0x8B, 0x84, 0xD1, 0x5C, 0xF2,
    0xD8, 0x6C, 0xB0, 0xAE, 0xBB, 0xE1, 0x79, 0x41, 0xC7, 0x0F, 0x58, 0xE5, 0x8B, 0xBA, 0x50, 0xAB,
    0xDF, 0x2F, 0xD8, 0xB6, 0x58, 0x3A, 0x40, 0xB5, 0xEC, 0x16, 0x69, 0xA3, 0xDB, 0xCD, 0x75, 0x45,
    0x2D, 0xA8, 0x69, 0x97, 0xA3, 0xA2, 0xA6, 0x2B, 0xA8, 0x99, 0x1B, 0x0B, 0x6A, 0x5E, 0xBE, 0xA5,
    0x15, 0xC5, 0xC0, 0x3E, 0xD5, 0x49, 0x41, 0x2D, 0x50, 0xCF, 0x83, 0x59, 0xC9, 0xC3, 0xE8, 0xE7,
    0x4E, 0x1D, 0x99, 0xB5, 0xA0, 0x16, 0x6B, 0xEA, 0xD1, 0xB3, 0xAC, 0x39, 0xB9, 0x82, 0xDA, 0xBC,
    0x14, 0xD4, 0xE6, 0x55, 0x25, 0xD1, 0xB8, 0x82, 0x5A, 0x65, 0x5C, 0x41, 0xAD, 0x32, 0x3F, 0xD0,
    0x82, 0x5A, 0xF5, 0xC3, 0x4C, 0xAB, 0x88, 0x95, 0x54, 0xD9, 0xAD, 0xB4, 0x80, 0xB6, 0x3A, 0x99,
    0x37, 0x6D, 0x7B, 0xA8, 0xA0, 0xB6, 0xB5, 0xD8, 0x77, 0x79, 0xA8, 0x8E, 0xB3, 0xB5, 0x94, 0x7D,
    0x8A, 0xFC, 0x50, 0x5E, 0xFA, 0xE6, 0x02, 0x9A, 0xF9, 0xC2, 0x02, 0xDA, 0x4E, 0xCB, 0x02, 0x5A,
    0x50, 0x33, 0x53, 0xFC, 0x2B, 0x14, 0xD0, 0x2A, 0x2D, 0xA0, 0x81, 0xF4, 0xB7, 0x5A, 0x40, 0x7B,
    0xF0, 0xF3, 0x0B, 0x68, 0xA7, 0x3F, 0xA7, 0x80, 0x76, 0x69, 0x09, 0xDD, 0x53, 0xD1, 0xF2, 0xC6,
    0x65, 0x8A, 0xFD, 0xFC, 0x56, 0xB1, 0x91, 0x7C, 0x81, 0xD3, 0xA8, 0x5B, 0xC2, 0x0E, 0x31, 0xAC,
    0x42, 0x92, 0x69, 0x66, 0x13, 0x57, 0x6E, 0x19, 0x1B, 0x31, 0x1A, 0x8A, 0x5D, 0x51, 0x65, 0x76,
    0xFD, 0xA0, 0x1B, 0xCD, 0xA1, 0xE6, 0x5B, 0x37, 0xF2, 0x11, 0xF2, 0x84, 0x56, 0x4B, 0x4B, 0x5A,
    0x57, 0x72, 0xC5, 0x14, 0xAD, 0x28, 0x69, 0x39, 0x49, 0x6B, 0x49, 0xAE, 0x90, 0xA4, 0x55, 0x24,
    0x2D, 0x21, 0x69, 0xFD, 0x48, 0x4B, 0x27, 0x5A, 0x39, 0x72, 0x65, 0x23, 0xAD, 0x19, 0x69, 0xC5,
    0x44, 0xAB, 0x45, 0x4B, 0xA9, 0x48, 0xEB, 0x44, 0x52, 0x28, 0x39, 0x04, 0x68, 0xDF, 0x90, 0xB6,
    0x00, 0x27, 0x00, 0x81, 0x4B, 0x11, 0x73, 0x22, 0x95, 0x93, 0x25, 0x62, 0xDA, 0x32, 0x2C, 0x73,
    0x04, 0xF6, 0x5D, 0x57, 0xE1, 0x48, 0xAC, 0x2B, 0x6E, 0xA4, 0x1D, 0x33, 0x0B, 0xBE, 0x8B, 0xE5,
    0x07, 0xE9, 0xAA, 0x60, 0x6B, 0x84, 0x34, 0x60, 0xD8, 0x3F, 0x63, 0x21, 0xE3, 0x2A, 0x24, 0xD7,
    0xB3, 0x86, 0xB1, 0x52, 0xB3, 0xDB, 0x25, 0xA7, 0xD7, 0x1B, 0xA7, 0x5E, 0xAE, 0x79, 0x48, 0xA2,
    0x47, 0x3D, 0x43, 0x4B, 0x13, 0x19, 0xA5, 0xE9, 0x75, 0x67, 0x39, 0xA4, 0x27, 0x64, 0x4C, 0x8F,
    0xE6, 0xAB, 0xEE, 0x5D, 0xB1, 0xAD, 0x48, 0xB3, 0xDC, 0x5C, 0x43, 0x49, 0xE5, 0x98, 0xE4, 0x19,
    0x9E, 0x37, 0x72, 0x41, 0xA3, 0x86, 0x70, 0x5B, 0x10, 0x65, 0x61, 0x38, 0x04, 0xF7, 0x9F, 0x10,
    0xAC, 0x45, 0xBD, 0xB4, 0xDD, 0xB2, 0x38, 0xF3, 0xBD, 0x99, 0x16, 0x04, 0x75, 0xC5, 0x05, 0x89,
    0x24, 0x4B, 0xAA, 0xF7, 0x0A, 0x9B, 0xA7, 0xF6, 0x97, 0xB2, 0x59, 0x61, 0x41, 0xAA, 0x73, 0x46,
    0x1A, 0x15, 0x84, 0xE8, 0x2F, 0x58, 0x1C, 0x4E, 0x9A, 0xBB, 0xF5, 0x1B, 0xCC, 0xA3, 0xFB, 0x8E,
    0x31, 0x27, 0x63, 0x8E, 0xA7, 0x74, 0x28, 0xFF, 0xE5, 0x47, 0xE4, 0xFA, 0xE7, 0x8E, 0xC3, 0xC5,
    0x39, 0xDD, 0x8D, 0xE0, 0x02, 0x6D, 0x23, 0x00, 0xCE, 0x3F, 0x17, 0x3F, 0x2F, 0xFE, 0xAC, 0x14,
    0x7B, 0x3D, 0x17, 0x86, 0x82, 0x0A, 0xBD, 0xA0, 0xA1, 0x54, 0x2B, 0xC6, 0x95, 0x15, 0x42, 0xA8,
    0xFD, 0x4F, 0x47, 0xD1, 0xD5, 0xF4, 0x69, 0x6D, 0x91, 0x1A, 0x33, 0x45, 0xE3, 0x7A, 0xFE, 0x3E,
    0xEF, 0x3A, 0x45, 0xDA, 0x17, 0xD7, 0x66, 0x42, 0x5E, 0x2A, 0xC5, 0xB0, 0x50, 0xA3, 0x1A, 0x1A,
    0x47, 0xA3, 0x9D, 0x9D, 0xF0, 0x02, 0xA5, 0xF6, 0xDE, 0x9C, 0xA2, 0x36, 0xC6, 0x1D, 0xAB, 0xA4,
    0x8D, 0x57, 0x7D, 0x80, 0x98, 0x8C, 0x99, 0x2B, 0xE9, 0xA2, 0x2F, 0xAD, 0xBB, 0x4E, 0xB5, 0x51,
    0x5B, 0x4E, 0x8A, 0x75, 0x81, 0x4B, 0x83, 0xAC, 0x51, 0xE9, 0xCB, 0x61, 0x94, 0xFA, 0x3D, 0x44,
    0xA5, 0x9B, 0x59, 0x2F, 0x17, 0xF5, 0x24, 0xDA, 0x7E, 0xAE, 0xD5, 0x33, 0xE9, 0x04, 0xBB, 0x78,
    0x88, 0x69, 0xFE, 0x85, 0xE4, 0xAD, 0x65, 0x2B, 0x86, 0xA0, 0xC4, 0x1E, 0x49, 0x33, 0xC9, 0xA6,
    0x32, 0x6E, 0x9F, 0x3D, 0xC3, 0x4C, 0xC4, 0x01, 0x7A, 0x00, 0x25, 0xE7, 0xB3, 0x16, 0xF4, 0x1E,
    0x3C, 0x17, 0x50, 0xDC, 0xF2, 0x98, 0x80, 0x9C, 0xC4, 0xC3, 0x39, 0xEE, 0xB7, 0x38, 0xE8, 0x8D,
    0x74, 0x3B, 0x23, 0xDA, 0x04, 0x36, 0xD2, 0xA9, 0x8A, 0x5B, 0x02, 0xA6, 0x14, 0x52, 0x6A, 0x61,
    0x9F, 0x2C, 0xDB, 0x47, 0xCC, 0xE5, 0x13, 0xF6, 0x3D, 0x1A, 0xAA, 0x1B, 0xB2, 0x6F, 0x16, 0xDB,
    0x9D, 0x16, 0x4B, 0x2E, 0x72, 0x37, 0xFC, 0xF8, 0x90, 0x3A, 0x1C, 0x67, 0x91, 0xD8, 0xBE, 0x5E,
    0x0B, 0x5C, 0xA6, 0x9F, 0xB2, 0xB0, 0x4A, 0xB7, 0xDA, 0xB1, 0x89, 0x26, 0x07, 0x0B, 0x1D, 0x93,
    0xA2, 0x8E, 0x3F, 0xEA, 0x00, 0x1B, 0xD7, 0x00, 0x19, 0x16, 0xB4, 0x13, 0x2A, 0x39, 0x6B, 0xFB,
    0x62, 0x76, 0xC0, 0x99, 0x60, 0x8A, 0x27, 0x53, 0x58, 0x6A, 0xE9, 0x6D, 0xE6, 0xA2, 0x25, 0x49,
    0x78, 0x41, 0x20, 0xFF, 0xE9, 0x8D, 0xA3, 0x30, 0xE3, 0x3F, 0x0E, 0x6E, 0x79, 0xB1, 0x71, 0x0B,
    0x12, 0x0A, 0x5F, 0x05, 0x21, 0xED, 0x06, 0x2D, 0xC0, 0x44, 0xAF, 0xE1, 0xA6, 0xDD, 0x8B, 0xF0,
    0x36, 0xB7, 0x2F, 0xAA, 0xB5, 0x05, 0x85, 0xDE, 0x61, 0x87, 0x43, 0x1B, 0xCE, 0x45, 0xC7, 0xEC,
    0x2E, 0xD0, 0x9F, 0x99, 0x21, 0xE6, 0x78, 0x61, 0xC4, 0xF0, 0xB8, 0x31, 0x93, 0x92, 0x63, 0x28,
    0x79, 0xCD, 0x9C, 0x2E, 0xF6, 0x19, 0xFB, 0x89, 0xFD, 0x05, 0x62, 0xCC, 0x36, 0x6B, 0x93, 0x66,
    0x41, 0xD7, 0x2D, 0xD1, 0x11, 0x99, 0x92, 0x74, 0xCE, 0x05, 0x3D, 0x17, 0xE3, 0xAB, 0x0C, 0xF8,
    0xB1, 0x60, 0xEB, 0x0E, 0x2B, 0xEF, 0xE2, 0xAA, 0xD3, 0x55, 0x4B, 0x55, 0x92, 0x93, 0x36, 0x52,
    0x32, 0x8C, 0xAE, 0x89, 0x75, 0x4A, 0x2B, 0xF3, 0xC0, 0x2F, 0x93, 0xAB, 0xA3, 0x18, 0x22, 0x1B,
    0x83, 0xD9, 0x1C, 0x0D, 0xFC, 0xC7, 0x97, 0xFE, 0x74, 0x46, 0x76, 0x15, 0xD0, 0x2C, 0x85, 0xA6,
    0x84, 0x9F, 0x9E, 0xD9, 0x11, 0x42, 0x50, 0xD5, 0xD2, 0xC5, 0x4E, 0x47, 0x14, 0xCD, 0xA7, 0x2D,
    0xD4, 0xD1, 0xEE, 0x30, 0x49, 0x32, 0xEA, 0xF8, 0x32, 0x29, 0x50, 0xD6, 0xE6, 0x14, 0x9C, 0xC0,
    0x57, 0xC4, 0x9D, 0xDE, 0xF6, 0xE5, 0xE7, 0xC9, 0x60, 0x45, 0x5F, 0x59, 0xB4, 0x20, 0x92, 0x60,
    0x7D, 0x66, 0xEA, 0x38, 0x7A, 0x93, 0x76, 0xFE, 0x37, 0x77, 0x1C, 0xEA, 0x71, 0x21, 0x4C, 0x39,
    0x03, 0x3A, 0x78, 0x81, 0x19, 0x65, 0x73, 0x5E, 0x86, 0x9F, 0x33, 0xFB, 0x57, 0x6A, 0x73, 0xB1,
    0x90, 0x8B, 0x80, 0x90, 0xA4, 0x09, 0x95, 0xCA, 0xBA, 0x0E, 0x1D, 0xF7, 0xCD, 0x88, 0x49, 0x78,
    0x82, 0x41, 0x8C, 0x60, 0x40, 0x04, 0x60, 0x00, 0x09, 0x43, 0xBF, 0xC2, 0xED, 0xDF, 0x21, 0x60,
    0x62, 0xC1, 0xA3, 0xA7, 0x6A, 0x33, 0x9E, 0x33, 0xE1, 0x5B, 0x9D, 0x39, 0x95, 0xC2, 0xD7, 0x74,
    0xE6, 0x76, 0x6F, 0x15, 0x8F, 0x21, 0x2A, 0x81, 0x60, 0x92, 0x7F, 0x1C, 0xD9, 0x35, 0x37, 0x07,
    0x43, 0xCC, 0x5D, 0x08, 0x69, 0x9D, 0x5D, 0xEB, 0x18, 0x79, 0x67, 0xEF, 0x11, 0xA5, 0x7E, 0x0C,
    0xF0, 0x66, 0xF7, 0x79, 0xAC, 0x5E, 0xDC, 0x99, 0xE1, 0x71, 0xC1, 0xDB, 0x7E, 0x69, 0x11, 0x7D,
    0xF9, 0x51, 0x8C, 0xEC, 0x1E, 0x23, 0x8D, 0xD6, 0xC7, 0x6E, 0xD8, 0xA6, 0x64, 0x97, 0xAD, 0x05,
    0x1F, 0xEC, 0x71, 0x5F, 0x16, 0x22, 0x46, 0xA8, 0xED, 0x39, 0x0E, 0xFE, 0x9B, 0xAE, 0x5F, 0x5A,
    0x5A, 0x3A, 0x62, 0x66, 0xFF, 0xDC, 0xC6, 0x20, 0xE9, 0xF9, 0x59, 0x7F, 0xD3, 0xB1, 0xE5, 0x81,
    0xE9, 0x3E, 0x32, 0xD7, 0x92, 0x99, 0x74, 0x50, 0xE1, 0x03, 0x66, 0x1F, 0x5C, 0xDC, 0x34, 0x69,
    0xB6, 0xAB, 0xE0, 0xDE, 0x01, 0x60, 0x7D, 0x61, 0xFE, 0xDC, 0x5F, 0xF5, 0x7F, 0x6E, 0xB1, 0x0F,
    0x38, 0x47, 0x44, 0xEA, 0x4D, 0x98, 0x99, 0x37, 0x02, 0xD8, 0x4B, 0xE0, 0x66, 0x7A, 0x95, 0xDB,
    0x2D, 0x30, 0xBE, 0x9C, 0x38, 0x97, 0x95, 0x11, 0x74, 0xBD, 0x63, 0x86, 0xCE, 0xF2, 0xE4, 0x55,
    0x7F, 0x72, 0x90, 0x5F, 0x32, 0xE9, 0x69, 0x44, 0x16, 0x78, 0x64, 0x05, 0xB5, 0x3F, 0x1F, 0xD7,
    0xE6, 0xEE, 0x3B, 0x7F, 0xF5, 0xDD, 0x2B, 0x4B, 0x1F, 0x96, 0xEC, 0x5E, 0xC9, 0xFF, 0x1F, 0xBB,
    0x57, 0x6E, 0xDF, 0x8A, 0x1F, 0xBA, 0xF0, 0x6E, 0x37, 0x9E, 0x4B, 0x1E, 0x7E, 0xF2, 0xCD, 0xEE,
    0x6E, 0xF2, 0x92, 0xED, 0x68, 0x8E, 0xED, 0x2B, 0x3B, 0x6D, 0xD8, 0xFB, 0xB2, 0xD5, 0xA1, 0x64,
    0x9F, 0x64, 0xC0, 0x46, 0x89, 0xEA, 0xAF, 0x52, 0xFB, 0x90, 0x7D, 0xC2, 0x6A, 0x05, 0x62, 0x4B,
    0x09, 0x39, 0x48, 0x5D, 0xF8, 0xCF, 0x15, 0xD8, 0xCE, 0xE0, 0xF6, 0x3F, 0xB8, 0x05, 0xE8, 0xC5,
    0xCF, 0xB3, 0x29, 0x97, 0x03, 0x18, 0x57, 0x03, 0x08, 0xE6, 0xA5, 0xCD, 0x6B, 0xD5, 0x25, 0x26,
    0x03, 0xCE, 0x57, 0x4D, 0x61, 0x58, 0x9C, 0x90, 0x59, 0x15, 0xE2, 0x34, 0x06, 0xFE, 0xEF, 0xE8,
    0xFD, 0xAD, 0x3D, 0xDD, 0xBC, 0x7C, 0x8F, 0xE9, 0x54, 0x40, 0xC7, 0x10, 0x5B, 0x05, 0xB6, 0x03,
    0xFF, 0xC7, 0xA8, 0x24, 0x09, 0x4B, 0x4A, 0xD6, 0xEB, 0x4F, 0x80, 0x6A, 0xFA, 0x76, 0x5E, 0x4D,
    0x08, 0xDF, 0x01, 0x23, 0x2B, 0x4B, 0xF1, 0xEA, 0xBF, 0x10, 0x06, 0xB3, 0x20, 0x27, 0xB3, 0xFD,
    0x78, 0x1E, 0xB3, 0x29, 0x5E, 0x79, 0xF7, 0x2D, 0x2C, 0xE7, 0x13, 0x38, 0xCF, 0x9E, 0x34, 0x7E,
    0x0F, 0x93, 0x7C, 0xB7, 0x13, 0xD8, 0x8C, 0xA3, 0x7C, 0x85, 0x9A, 0xBF, 0x45, 0x62, 0xE7, 0xD8,
    0x72, 0x03, 0x85, 0xCA, 0x40, 0x36, 0x4D, 0x7E, 0x4A, 0xA4, 0x6C, 0x03, 0xC9, 0x64, 0xAD, 0x96,
    0x8B, 0x7D, 0x4A, 0x1E, 0x81, 0x3E, 0xD0, 0xA4, 0xEE, 0x87, 0x44, 0x8A, 0x9C, 0x42, 0xC6, 0x27,
    0xA4, 0x68, 0x32, 0x99, 0xA4, 0x47, 0x04, 0x14, 0xCE, 0xD2, 0x94, 0xF5, 0xF0, 0x32, 0xF7, 0x94,
    0x73, 0x8F, 0x47, 0xD9, 0x86, 0x13, 0x33, 0x69, 0xF2, 0x20, 0x4B, 0x2B, 0x75, 0xC5, 0x56, 0x79,
    0xD9, 0x83, 0x23, 0x3D, 0xAD, 0x9A, 0x10, 0xF6, 0x2A, 0x71, 0xEE, 0xF9, 0xCA, 0x4F, 0xC1, 0x94,
    0x39, 0xAA, 0xB8, 0x1C, 0x01, 0x91, 0x67, 0xD7, 0x01, 0xC7, 0x6F, 0x99, 0xB4, 0x39, 0x76, 0xE3,
    0xA2, 0x13, 0x8E, 0x5F, 0x5B, 0x2F, 0xFA, 0x69, 0x59, 0xF4, 0x55, 0xE4, 0xF0, 0xFD, 0xE7, 0x64,
    0x2B, 0xA7, 0xB6, 0xB1, 0xE6, 0xC1, 0x5E, 0x0F, 0xAD, 0x15, 0x1F, 0x44, 0x1E, 0x99, 0x73, 0xDF,
    0x0F, 0xC6, 0xDF, 0x4A, 0xFC, 0x1B, 0xB1, 0xC2, 0x27, 0xBD, 0xB4, 0x7B, 0xA3, 0xC6, 0x6A, 0x5A,
    0xF1, 0x92, 0xDC, 0x26, 0x93, 0x85, 0xF8, 0x86, 0x7A, 0x5C, 0x95, 0x5C, 0xFC, 0x86, 0xDD, 0x54,
    0xFB, 0xBE, 0xAD, 0x0B, 0xDB, 0x64, 0x53, 0xC6, 0xD9, 0x38, 0xB6, 0x85, 0xD5, 0xF5, 0x7F, 0x8E,
    0x1B, 0x62, 0xB1, 0x93, 0x87, 0x6B, 0x62, 0xA4, 0x39, 0x7B, 0x1F, 0x3C, 0xBE, 0xA6, 0x68, 0x8E,
    0x79, 0x79, 0x31, 0x64, 0xAF, 0x22, 0x2A, 0xD8, 0x2A, 0x76, 0x10, 0xAF, 0xCC, 0x0D, 0x89, 0x28,
    0xF3, 0x09, 0x8B, 0x01, 0x75, 0x12, 0x56, 0xF8, 0x37, 0x6F, 0x44, 0xF9, 0xC2, 0x05, 0x6F, 0x28,
    0xDC, 0xED, 0x55, 0x7A, 0xE0, 0xA2, 0xA4, 0x06, 0x1A, 0x2D, 0x06, 0x7D, 0xB5, 0x7A, 0x93, 0x8B,
    0xC8, 0xBD, 0x48, 0xEC, 0x38, 0xE7, 0xCD, 0xB8, 0xE6, 0xA5, 0xE4, 0x31, 0xD2, 0x4E, 0xB9, 0x49,
    0x38, 0x57, 0x9D, 0x6E, 0x08, 0x52, 0x06, 0x9F, 0xBD, 0xCD, 0xE2, 0x52, 0x27, 0x86, 0x9B, 0x70,
    0x2B, 0x83, 0xEE, 0xC6, 0x83, 0xEC, 0x8A, 0xF7, 0x22, 0xCB, 0x5E, 0x30, 0xF6, 0xC7, 0xD6, 0xCA,
    0x41, 0x8E, 0x2A, 0x54, 0x26, 0xDA, 0x58, 0x17, 0x3F, 0x31, 0x2A, 0x56, 0x2E, 0x95, 0xCC, 0xED,
    0x64, 0xC6, 0x9D, 0x06, 0xFB, 0xCA, 0xA3, 0xEF, 0x00, 0x71, 0x8A, 0x17, 0x65, 0xEB, 0xD6, 0xAC,
    0x70, 0x60, 0x75, 0x6B, 0x8C, 0x24, 0x70, 0x15, 0x49, 0x36, 0x66, 0xBF, 0xCC, 0xA7, 0xF9, 0xCB,
    0xC5, 0x0B, 0xFA, 0x23, 0xE7, 0xAB, 0xBE, 0x30, 0x65, 0xBD, 0xD4, 0xFC, 0xF9, 0x1D, 0xB7, 0xBC,
    0xCA, 0x4B, 0x1B, 0xE7, 0x7A, 0x9B, 0x0C, 0xDE, 0xD6, 0xEB, 0x29, 0xB8, 0xA7, 0x6B, 0x5D, 0x72,
    0x7F, 0x01, 0xCD, 0x2F, 0xB7, 0x0C, 0x2E, 0xE9, 0x34, 0xDF, 0x95, 0x9F, 0xF0, 0x51, 0xF2, 0xDF,
    0xD8, 0x8E, 0x5B, 0x33, 0x12, 0x39, 0x7A, 0x28, 0x11, 0x68, 0x64, 0xFF, 0xCF, 0x27, 0xAC, 0x59,
    0x4D, 0xEC, 0x2E, 0x9F, 0x74, 0xF3, 0x8F, 0xEE, 0xFD, 0x91, 0xAD, 0x3F, 0xBA, 0xF3, 0x47, 0x7A,
    0xEA, 0x25, 0x23, 0xA2, 0xDB, 0x7E, 0x64, 0xD7, 0x8F, 0x6E, 0xFA, 0x91, 0xC6, 0x56, 0xDD, 0xF2,
    0x23, 0x3B, 0x7E, 0x74, 0xC3, 0x8F, 0xEC, 0xF7, 0xD1, 0xED, 0x3E, 0xBA, 0xDB, 0x47, 0x8B, 0x61,
    0x5B, 0xEB, 0x84, 0x42, 0x42, 0x2F, 0x45, 0x79, 0x0D, 0xE0, 0x2C, 0x7F, 0x64, 0x5E, 0x32, 0x9B,
    0xDB, 0x80, 0xBE, 0xC4, 0x2E, 0x8A, 0xC7, 0xB7, 0x09, 0x6E, 0x25, 0xB7, 0xBF, 0xFB, 0xF6, 0x7B,
    0xD2, 0xEF, 0x8F, 0x81, 0xC6, 0x60, 0x9B, 0x41, 0x23, 0x9B, 0x52, 0x68, 0xC1, 0xA9, 0x74, 0xC7,
    0xD3, 0x05, 0x51, 0xB9, 0xAD, 0x64, 0x3D, 0xC1, 0x2C, 0xAA, 0xFA, 0x1C, 0x26, 0x93, 0x62, 0xA5,
    0xE3, 0x3E, 0xC0, 0x93, 0xAE, 0x59, 0xC2, 0xB8, 0xB4, 0x61, 0x2A, 0x90, 0x3D, 0xE6, 0xF2, 0x4E,
    0xEC, 0x8C, 0x62, 0xB8, 0xEF, 0xF7, 0x2E, 0xB5, 0xF9, 0xD7, 0xCE, 0x18, 0xD9, 0x0D, 0x4A, 0xBA,
    0xF3, 0x13, 0x04, 0xA6, 0x7E, 0x9E, 0x35, 0xC6, 0xF5, 0xB9, 0x9A, 0x8C, 0x38, 0x41, 0xDE, 0xE1,
    0x75, 0xC4, 0x31, 0x4C, 0x76, 0xAF, 0x61, 0xAA, 0xBD, 0x98, 0x04, 0x22, 0xA8, 0x17, 0x93, 0x66,
    0xBE, 0x2F, 0x4B, 0x0C, 0xC7, 0x68, 0xF2, 0x5B, 0xBF, 0xD3, 0x0D, 0x65, 0x4C, 0xBC, 0x88, 0xCF,
    0xDD, 0xA8, 0xB7, 0x3E, 0xB6, 0x64, 0x54, 0xB5, 0x9D, 0x42, 0xEA, 0x41, 0xBD, 0x2B, 0x03, 0x9B,
    0x23, 0xC6, 0xFC, 0xDA, 0x3B, 0xFF, 0xBC, 0x3A, 0xFB, 0x69, 0x2F, 0x3B, 0xFF, 0x46, 0x09, 0x4D,
    0x72, 0x86, 0xD5, 0x0C, 0x46, 0x33, 0x69, 0x0D, 0x0A, 0xF1, 0x7F, 0xE3, 0x98, 0x84, 0x52, 0x33,
    0x71, 0x99, 0xC1, 0xF4, 0xE8, 0xC8, 0x06, 0xD6, 0xFC, 0x14, 0x4C, 0x22, 0x5A, 0xED, 0x71, 0xE1,
    0xF4, 0x98, 0x71, 0x4D, 0x97, 0x46, 0x37, 0xA6, 0x6F, 0xFF, 0xDE, 0x9A, 0x75, 0x3B, 0xB9, 0xEC,
    0x82, 0xB1, 0x5A, 0x5E, 0x04, 0x12, 0x9B, 0x13, 0xB2, 0xD3, 0x87, 0xB9, 0xEF, 0xDC, 0xD8, 0x75,
    0xB5, 0xF0, 0x0C, 0x17, 0x1E, 0x14, 0x0C, 0x41, 0xC7, 0x4F, 0x2D, 0x15, 0x2D, 0x84, 0x73, 0x39,
    0x62, 0x24, 0x00, 0x10, 0x1C, 0x92, 0xFD, 0x16, 0xBD, 0x10, 0x9B, 0x2B, 0x3B, 0xDD, 0x8A, 0xB4,
    0x38, 0x66, 0xE3, 0x29, 0x3E, 0xE3, 0xE6, 0xF0, 0x09, 0xB0, 0xFC, 0xDC, 0x9F, 0x37, 0x1B, 0x9F,
    0xFC, 0x3A, 0x64, 0x0C, 0x92, 0x94, 0x92, 0xC7, 0xCA, 0x9E, 0x11, 0xE8, 0xCB, 0x14, 0xBF, 0x8A,
    0x66, 0xC9, 0x85, 0xDC, 0xF0, 0xC7, 0x32, 0x76, 0xAE, 0x05, 0xAF, 0x66, 0x76, 0xA2, 0xBB, 0x66,
    0x7B, 0xF7, 0xC4, 0x44, 0x49, 0x1F, 0x2C, 0x14, 0x94, 0xCE, 0x91, 0x2A, 0xE1, 0x55, 0x1F, 0xEC,
    0x6A, 0x39, 0x54, 0xF7, 0x36, 0x0A, 0x1E, 0x31, 0x81, 0xA9, 0xC3, 0xD5, 0x11, 0x87, 0x7A, 0x8B,
    0x54, 0x19, 0x19, 0x6E, 0x81, 0xEB, 0x85, 0x23, 0xEE, 0x23, 0xAA, 0x23, 0x37, 0x8C, 0xA4, 0xCF,
    0xBF, 0x17, 0xD7, 0x76, 0x09, 0xB1, 0xC1, 0x49, 0x68, 0x21, 0x6B, 0x6C, 0x92, 0x56, 0x92, 0x1D,
    0x4A, 0xED, 0x6A, 0xAB, 0x94, 0x94, 0xD9, 0x64, 0x13, 0xD3, 0x23, 0x4B, 0x57, 0x40, 0xA5, 0xDD,
    0xEE, 0xD0, 0x8A, 0xE3, 0xA0, 0x63, 0x45, 0xEB, 0x03, 0xA0, 0x4C, 0xC5, 0x40, 0x11, 0x64, 0x38,
    0x9E, 0xE0, 0xCB, 0xC1, 0xFA, 0xA5, 0x79, 0xD7, 0xE6, 0xD5, 0xD2, 0x7D, 0xD8, 0x46, 0x7D, 0xD8,
    0x07, 0x93, 0x3F, 0xFD, 0x17, 0x00, 0xD9, 0x84, 0x0F, 0xE7, 0xA4, 0x91, 0x2C, 0xE2, 0xD1, 0x25,
    0x05, 0xAC, 0x45, 0x2F, 0x51, 0xCD, 0xBB, 0xE6, 0x55, 0xDE, 0x57, 0x92, 0x19, 0xD4, 0x87, 0xAD,
    0x07, 0x99, 0x7C, 0x9C, 0x27, 0xA9, 0xDA, 0x73, 0x32, 0xE2, 0xD3, 0x62, 0x6A, 0x5E, 0x40, 0xDD,
    0x63, 0xAD, 0x58, 0xF6, 0x0C, 0x56, 0x0A, 0x71, 0x59, 0xFB, 0x12, 0x5D, 0x9E, 0xBD, 0x30, 0xC6,
    0xE3, 0xD4, 0xD9, 0x78, 0xEF, 0xF2, 0x7D, 0x99, 0x7D, 0x7D, 0xBA, 0x97, 0xDB, 0x05, 0x0B, 0x26,
    0xA9, 0x59, 0xF2, 0x17, 0x7C, 0xF0, 0x65, 0x89, 0x24, 0x6F, 0x73, 0x8F, 0xF9, 0xFF, 0x6D, 0x46,
    0x0B, 0x3F, 0x77, 0x33, 0x9A, 0x78, 0x6F, 0xA9, 0x5B, 0x6E, 0x6E, 0x46, 0x23, 0x4B, 0x34, 0xE2,
    0xE9, 0x24, 0xC5, 0x14, 0xD8, 0xDD, 0xDD, 0x7C, 0xD9, 0x8C, 0xC6, 0x8B, 0x44, 0x9A, 0x92, 0x63,
    0xE0, 0x2C, 0xC5, 0x0C, 0xE3, 0xE6, 0x73, 0x37, 0xA9, 0x85, 0x4D, 0xD1, 0x24, 0x30, 0xD1, 0x63,
    0xFC, 0x7E, 0x32, 0x6E, 0x77, 0x9A, 0xFB, 0xF1, 0x52, 0xBC, 0x7F, 0xDA, 0x6D, 0x52, 0xB3, 0xF1,
    0x55, 0x0A, 0xF0, 0x01, 0x16, 0xFB, 0x72, 0x73, 0xF4, 0xB2, 0x30, 0x05, 0x6E, 0x2B, 0xBF, 0x73,
    0xBD, 0x8D, 0xDC, 0xA5, 0x8A, 0xC6, 0x75, 0xD7, 0x49, 0x76, 0xE3, 0xE6, 0xA7, 0x5B, 0x15, 0x58,
    0x1F, 0x71, 0x43, 0x92, 0x4D, 0x26, 0xD3, 0x0D, 0x6D, 0x32, 0x5F, 0x6A, 0x60, 0xFD, 0xFB, 0x0B,
    0x97, 0xF5, 0xB5, 0x25, 0xF9, 0x72, 0x91, 0x27, 0x18, 0x21, 0x1B, 0xCB, 0x92, 0x72, 0x29, 0x73,
    0xDD, 0x99, 0xFF, 0x96, 0xC1, 0xF3, 0x11, 0xD9, 0xD1, 0x24, 0xF5, 0x07, 0xE9, 0x6A, 0x96, 0x14,
    0xD6, 0x63, 0x87, 0x9B, 0xB7, 0xB4, 0xDB, 0x66, 0xDD, 0xBB, 0x15, 0xBF, 0xA2, 0x0C, 0x4F, 0x76,
    0x7B, 0x32, 0xAE, 0x5F, 0x4B, 0xE7, 0x71, 0xD9, 0x27, 0xCA, 0x4D, 0x66, 0x5A, 0xF3, 0xDB, 0xB3,
    0x7C, 0x99, 0x43, 0xD5, 0x42, 0xA7, 0xE3, 0x51, 0x36, 0xEF, 0x33, 0x0C, 0x28, 0xDE, 0xE4, 0x36,
    0xCC, 0xA1, 0x72, 0x75, 0x5F, 0x8D, 0x1A, 0x2A, 0x46, 0x0D, 0x59, 0x47, 0xE3, 0x1C, 0x64, 0xDB,
    0xBE, 0xA4, 0xDF, 0xE0, 0x14, 0xB9, 0x99, 0x7F, 0x08, 0x65, 0x13, 0x3E, 0x29, 0x18, 0x07, 0x73,
    0x44, 0x10, 0xDA, 0x73, 0x5D, 0x3E, 0x9F, 0xD7, 0xB2, 0x55, 0xC0, 0x46, 0xC8, 0x3F, 0x36, 0x5B,
    0xB6, 0xB6, 0x72, 0xAD, 0xF3, 0x55, 0xDC, 0xEE, 0xF1, 0xCE, 0x24, 0x9B, 0xF9, 0x01, 0x31, 0x1D,
    0xE3, 0x07, 0xF2, 0x3B, 0xD9, 0xB8, 0xC8, 0x5D, 0x00, 0x99, 0xA8, 0x48, 0x38, 0xC8, 0x56, 0x7E,
    0x46, 0x4E, 0xA2, 0x63, 0xD5, 0xA1, 0x48, 0x76, 0x53, 0x34, 0xC7, 0xCF, 0xE4, 0x6E, 0x34, 0xD1,
    0xF0, 0x03, 0xD7, 0xF9, 0xEB, 0xBF, 0xCF, 0x6F, 0xEE, 0xBE, 0xF7, 0x16, 0x8A, 0x66, 0xF1, 0x16,
    0xD2, 0x0F, 0xBF, 0x75, 0xC6, 0xB1, 0xBB, 0x99, 0x2F, 0x4C, 0x79, 0xBF, 0x31, 0x27, 0x41, 0xDB,
    0xBF, 0x2A, 0x66, 0xBC, 0xBD, 0xAE, 0xB4, 0x26, 0x52, 0x0B, 0x1A, 0x4D, 0xFA, 0x4B, 0x16, 0x88,
    0x52, 0x4A, 0x81, 0xCD, 0x62, 0x56, 0x36, 0x76, 0x72, 0xB7, 0x0F, 0xE3, 0xAB, 0x58, 0x52, 0x74,
    0xB4, 0x9C, 0xFB, 0xAD, 0xBC, 0xE9, 0x40, 0xA4, 0xC0, 0xCC, 0xE4, 0x26, 0x83, 0xCC, 0xCC, 0x46,
    0xC6, 0x64, 0x49, 0xE8, 0xAE, 0x13, 0xBD, 0xB7, 0x24, 0xB4, 0x54, 0x4E, 0x16, 0xBA, 0xB0, 0xE1,
    0x4F, 0x36, 0x93, 0xB3, 0x9C, 0x3A, 0xA9, 0x02, 0x66, 0x7E, 0xFF, 0xEC, 0x33, 0x6E, 0x1E, 0x8B,
    0x32, 0xFE, 0x18, 0xF3, 0x7E, 0xA3, 0xA3, 0x2A, 0x45, 0xBD, 0xE5, 0x6E, 0x53, 0x6F, 0x66, 0x3B,
    0x3C, 0x27, 0x4D, 0x27, 0xC8, 0x39, 0x6F, 0x1D, 0xEE, 0xE1, 0xF3, 0x9D, 0x46, 0xAC, 0x66, 0x5B,
    0xAC, 0x10, 0x51, 0x2A, 0x69, 0xDE, 0xC5, 0x5B, 0xA8, 0x11, 0x1B, 0x9D, 0x7B, 0xDD, 0xBA, 0x73,
    0x2F, 0xFC, 0xA2, 0xCE, 0xBD, 0x2F, 0x4B, 0x23, 0xDC, 0x96, 0x2F, 0x89, 0x0E, 0x6D, 0x7B, 0x23,
    0x9F, 0x41, 0x80, 0x11, 0xDB, 0x8E, 0x74, 0xA6, 0xE7, 0x5B, 0x3A, 0x5A, 0x89, 0x63, 0x8C, 0xEC,
    0x83, 0x8F, 0x06, 0x02, 0x93, 0xA5, 0xEE, 0x64, 0x6F, 0x0D, 0xCB, 0x36, 0x78, 0x6D, 0x95, 0x9C,
    0x56, 0x5B, 0xC7, 0xED, 0xEA, 0xCD, 0x3A, 0x0A, 0xBE, 0xC3, 0xB2, 0x09, 0xDE, 0x67, 0x36, 0x25,
    0x5E, 0xDB, 0x29, 0x67, 0xD3, 0xB9, 0xC8, 0x3C, 0x3D, 0xBC, 0x1D, 0x75, 0x1B, 0xFF, 0x45, 0x53,
    0xC0, 0xEA, 0x06, 0xF0, 0xF0, 0x2E, 0x79, 0x39, 0x4B, 0xC5, 0x12, 0x76, 0x71, 0xBF, 0xBC, 0xE5,
    0x82, 0xF8, 0xFD, 0x24, 0x29, 0xD3, 0x05, 0xBE, 0xFA, 0x81, 0x39, 0x83, 0xF4, 0x0D, 0x26, 0xC7,
    0x7F, 0x56, 0x6A, 0xBC, 0xA2, 0x8E, 0x4E, 0x0A, 0x6B, 0x5A, 0x83, 0x75, 0x05, 0xD3, 0xDB, 0xE9,
    0x8D, 0xD2, 0xBD, 0xDE, 0x25, 0xA4, 0x65, 0xEB, 0xBA, 0x50, 0x64, 0xF8, 0xE9, 0x84, 0xB9, 0x36,
    0x52, 0x16, 0x4F, 0xC2, 0x25, 0x8D, 0x1F, 0x37, 0xB7, 0x24, 0x73, 0x4B, 0x20, 0x23, 0x4B, 0x89,
    0xA4, 0x9E, 0xEC, 0x8A, 0x87, 0xC7, 0x62, 0xE7, 0x6C, 0x01, 0x3A, 0xD2, 0x5F, 0xCE, 0x7E, 0x09,
    0xAE, 0xCC, 0xE8, 0x13, 0x2E, 0x07, 0x06, 0x1D, 0xAE, 0x77, 0x48, 0x85, 0xF6, 0x49, 0x16, 0x30,
    0xDE, 0xC5, 0xFC, 0x1E, 0xB9, 0x6E, 0xE9, 0x30, 0x89, 0xD4, 0x45, 0x07, 0x7F, 0xC1, 0xE2, 0x21,
    0xC4, 0x13, 0x31, 0x8D, 0x01, 0x77, 0x80, 0xF5, 0x9A, 0xB8, 0xCB, 0xBB, 0x48, 0x86, 0xAC, 0x4E,
    0xDF, 0xD8, 0x83, 0x57, 0xBC, 0xFE, 0xDA, 0x6B, 0x20, 0x60, 0xAF, 0xFE, 0x02, 0x8B, 0xFB, 0x59,
    0xC7, 0xE0, 0x55, 0xB6, 0x74, 0x50, 0x65, 0x4F, 0x9A, 0xA5, 0xA2, 0xE1, 0xAF, 0xF2, 0xE8, 0x9F,
    0x47, 0xF0, 0x3F, 0xB8, 0xB8, 0x10, 0x7A, 0x71, 0x51, 0x78, 0x60, 0xD4, 0x9D, 0x0F, 0xC6, 0xA2,
    0xB1, 0xE7, 0x5E, 0xCA, 0xAE, 0xDC, 0x1B, 0xDB, 0xF8, 0x7E, 0xFB, 0x6C, 0x4D, 0x63, 0x83, 0x61,
    0x42, 0x52, 0x08, 0xD0, 0xBF, 0xB2, 0x56, 0x37, 0x32, 0x71, 0x8A, 0xF3, 0x6B, 0xE3, 0x4D, 0x19,
    0x0C, 0x32, 0x1D, 0xAB, 0x95, 0xAA, 0x1B, 0x63, 0xFE, 0x5C, 0xDA, 0x3A, 0xE2, 0xCE, 0xCF, 0xAB,
    0x3C, 0xF9, 0xD1, 0xC0, 0x8E, 0x0E, 0xD6, 0x73, 0xBD, 0x2B, 0x87, 0xE8, 0xC9, 0x7D, 0x3C, 0xFC,
    0x27, 0xD1, 0x10, 0x51, 0x86, 0x4A, 0xDA, 0x84, 0xF4, 0x05, 0x3B, 0xC2, 0xE6, 0x3E, 0x93, 0x48,
    0xE8, 0x75, 0x2E, 0xDF, 0xCB, 0xD2, 0x32, 0xFB, 0xB1, 0x30, 0xB5, 0x87, 0xA5, 0x65, 0xF6, 0x1F,
    0xE8, 0xF3, 0xDE, 0x62, 0x3F, 0x6D, 0xF5, 0x9D, 0xEC, 0x86, 0x96, 0xD9, 0x73, 0x6C, 0x99, 0xFD,
    0x45, 0xC3, 0xC6, 0x86, 0x44, 0x42, 0xDE, 0xDE, 0xB3, 0x7F, 0x07, 0xB2, 0xC1, 0x96, 0xD9, 0x51,
    0x32, 0xB2, 0xED, 0x4A, 0x7A, 0x5A, 0x40, 0xDF, 0x68, 0x90, 0xCE, 0xB5, 0x1B, 0xC6, 0x78, 0xCF,
    0x9F, 0xAE, 0x35, 0xD9, 0xEC, 0xCB, 0x1B, 0x07, 0xAA, 0x03, 0xE6, 0x0D, 0xC0, 0x7C, 0x19, 0xA6,
    0x31, 0xCD, 0x98, 0x9F, 0xE2, 0xE6, 0xC4, 0xE8, 0xFF, 0x60, 0xDE, 0xBE, 0x90, 0xFC, 0xCB, 0xF4,
    0x37, 0xAC, 0x3D, 0xD9, 0xA7, 0x48, 0x1B, 0xF7, 0x25, 0xFF, 0x2D, 0x5C, 0x50, 0xDF, 0x0D, 0xD3,
    0x02, 0xF0, 0xF4, 0xFD, 0x68, 0xD9, 0xFC, 0xBD, 0x59, 0x7B, 0x41, 0xFC, 0xEB, 0x7C, 0xC2, 0xD9,
    0x13, 0x7C, 0x69, 0xC0, 0x86, 0x37, 0xFB, 0xAA, 0x92, 0x59, 0x88, 0xE8, 0x91, 0x7C, 0xA1, 0x12,
    0x16, 0x04, 0xE9, 0x1F, 0x4C, 0x15, 0x63, 0x6A, 0x20, 0x5E, 0x7F, 0x69, 0xB2, 0xD7, 0xF1, 0x64,
    0x18, 0xE6, 0xFF, 0x64, 0x61, 0xF6, 0x52, 0xD6, 0x15, 0x7C, 0x01, 0x1A, 0xF7, 0xD0, 0x42, 0x90,
    0xF1, 0xB6, 0xCC, 0xF1, 0x3E, 0x2D, 0x1C, 0x1E, 0xDD, 0x20, 0xC2, 0xCE, 0xDC, 0x84, 0xC6, 0x4E,
    0xCE, 0x4E, 0x25, 0xF8, 0x64, 0xAE, 0x5D, 0x88, 0x8D, 0x54, 0x7A, 0x05, 0x93, 0x34, 0x24, 0xD1,
    0xF3, 0xB8, 0x25, 0x36, 0x64, 0x35, 0x93, 0xFB, 0x7C, 0x61, 0xD2, 0x13, 0xF7, 0xC1, 0xB2, 0x21,
    0x64, 0xC8, 0x5C, 0x3D, 0xD5, 0x85, 0xD2, 0x81, 0x54, 0x8D, 0x4F, 0x0A, 0x31, 0x9B, 0x85, 0x40,
    0x0D, 0xFE, 0xFC, 0xEC, 0x67, 0x20, 0x86, 0x75, 0xF6, 0x6C, 0x66, 0x32, 0x6F, 0xEE, 0x47, 0x33,
    0x44, 0xF6, 0xC1, 0xD6, 0x2B, 0xB3, 0xE1, 0x8E, 0xA5, 0x94, 0xED, 0xFA, 0x78, 0xDB, 0xD5, 0xAB,
    0xAE, 0x74, 0xCF, 0xB5, 0x14, 0x78, 0xF5, 0x6D, 0x76, 0xA9, 0xBE, 0x87, 0x49, 0x22, 0x63, 0x41,
    0x97, 0x03, 0xC2, 0x49, 0x24, 0x39, 0x8B, 0x82, 0x43, 0x08, 0xDD, 0x93, 0xA9, 0x3B, 0xAD, 0xD9,
    0xF4, 0xBA, 0xBF, 0x41, 0x74, 0x5F, 0x4D, 0xE2, 0x22, 0x53, 0x6D, 0x62, 0x8B, 0xDB, 0x4B, 0xA4,
    0x2A, 0x4C, 0xD4, 0x1C, 0x79, 0xEF, 0xD7, 0xE2, 0xF4, 0xCB, 0x0F, 0x69, 0xF1, 0x1E, 0x15, 0x0D,
    0xE3, 0x3E, 0x02, 0xA3, 0x49, 0xF2, 0xA4, 0xBB, 0x62, 0xD2, 0xEB, 0x2C, 0x94, 0xE6, 0x0A, 0x42,
    0xCC, 0x70, 0xF2, 0xF5, 0x5B, 0x94, 0x9D, 0xF9, 0x0F, 0xF6, 0xA1, 0x59, 0xB3, 0x98, 0x89, 0x6E,
    0x8E, 0xCC, 0x4A, 0x7F, 0xF2, 0xB8, 0x0F, 0x36, 0xD6, 0x0A, 0xA4, 0x70, 0xD9, 0x68, 0x66, 0x28,
    0x5D, 0xA7, 0x7C, 0xBF, 0x43, 0xD6, 0x56, 0xB6, 0xA9, 0x2E, 0x58, 0x42, 0x26, 0x9B, 0x10, 0x98,
    0x2F, 0x2B, 0x93, 0x83, 0xBD, 0x91, 0x9D, 0x25, 0x65, 0x66, 0x0F, 0x63, 0xBD, 0x66, 0xD8, 0xE4,
    0x85, 0x32, 0x93, 0x91, 0x14, 0x9B, 0x7B, 0x9F, 0x8C, 0xE4, 0xD8, 0xDC, 0xEB, 0x64, 0x24, 0xC9,
    0xA6, 0x49, 0x25, 0xCD, 0xB2, 0xB1, 0x8A, 0xCE, 0xCD, 0xC0, 0x56, 0x82, 0xFD, 0x0D, 0x9C, 0x94,
    0xBC, 0x92, 0x26, 0xDA, 0x34, 0xB1, 0xA4, 0x99, 0x36, 0xF7, 0x22, 0x19, 0xAD, 0xC2, 0xB8, 0xF7,
    0xC8, 0x2C, 0xAC, 0xE4, 0xC8, 0x4A, 0x5F, 0xB0, 0x5E, 0xD6, 0xED, 0xDA, 0xE7, 0x83, 0x76, 0xAD,
    0x04, 0x7E, 0x7C, 0x09, 0xC4, 0xBD, 0xDC, 0x0E, 0x18, 0xDF, 0x07, 0x48, 0x8B, 0xF8, 0x2A, 0x8C,
    0x50, 0x32, 0x9A, 0xFF, 0x6A, 0xB4, 0x05, 0x45, 0xDE, 0x64, 0x18, 0x4C, 0xC4, 0x09, 0x7B, 0x56,
    0x9D, 0x50, 0x4E, 0x18, 0x3F, 0x4B, 0x3B, 0xCB, 0x68, 0x17, 0x29, 0xC2, 0x71, 0xA9, 0xB9, 0x73,
    0xB8, 0x1A, 0x65, 0x8B, 0x9F, 0x79, 0xC9, 0xB8, 0x8D, 0x1B, 0x9B, 0x8D, 0x05, 0xAD, 0x74, 0x83,
    0x70, 0x40, 0x3F, 0x58, 0x11, 0xF8, 0xBF, 0x1D, 0x83, 0x8F, 0xDF, 0xA8, 0xC7, 0x93, 0x43, 0x7C,
    0xC1, 0xFA, 0x7D, 0x55, 0x66, 0x3B, 0x8D, 0x6C, 0xEB, 0xBD, 0x6C, 0x82, 0x4F, 0xEA, 0x1F, 0x67,
    0x43, 0xE6, 0xDB, 0x6A, 0x21, 0xF0, 0xCE, 0x64, 0x03, 0xCC, 0xF7, 0xC7, 0x4B, 0xD2, 0xC5, 0xB5,
    0x1E, 0xB4, 0x6A, 0x7B, 0xEB, 0x76, 0xA2, 0x78, 0x79, 0x3F, 0x93, 0xEC, 0x96, 0x94, 0xE6, 0x10,
    0xDA, 0x5A, 0xA6, 0x61, 0x56, 0xEB, 0xDC, 0x16, 0x8D, 0x52, 0x5F, 0xA2, 0xD7, 0x39, 0x5B, 0x95,
    0x30, 0x4E, 0x5C, 0x2A, 0xB9, 0x9C, 0xB7, 0xFC, 0xAB, 0x29, 0x6A, 0xF5, 0xAC, 0xE2, 0xD0, 0x45,
    0xD8, 0xBB, 0x1B, 0x68, 0x7B, 0x45, 0x2F, 0x64, 0xA8, 0x2B, 0xE9, 0xD8, 0x4B, 0x6B, 0x42, 0x51,
    0x75, 0xDA, 0xCA, 0xC7, 0xE6, 0x90, 0xD8, 0xFD, 0x85, 0x19, 0xFA, 0xD5, 0xBE, 0xF4, 0x92, 0x7A,
    0xC5, 0x3F, 0x69, 0x6C, 0x53, 0xB8, 0xD6, 0x0E, 0xAB, 0x1E, 0x9E, 0x7E, 0x94, 0x28, 0x8F, 0x45,
    0x67, 0xEB, 0x1E, 0x3B, 0xF7, 0x2A, 0x79, 0x43, 0xD8, 0xD2, 0xB6, 0xB7, 0xF5, 0x3F, 0xA4, 0x95,
    0x48, 0x2A, 0x29, 0x5C, 0xD8, 0x8A, 0x3D, 0xA3, 0x11, 0xBC, 0x59, 0x1E, 0xF5, 0xF2, 0x0A, 0xC3,
    0x58, 0x1A, 0x9F, 0xD8, 0xAD, 0x07, 0x3A, 0x99, 0xB6, 0xEC, 0x47, 0x6D, 0x78, 0x90, 0x3E, 0x2E,
    0x1E, 0x0A, 0xF6, 0xA8, 0x56, 0x7C, 0x7F, 0x98, 0x95, 0xBD, 0xA1, 0x88, 0x7F, 0x1F, 0xB0, 0xDA,
    0x74, 0xE5, 0x8B, 0x3E, 0x15, 0xD7, 0x57, 0xEF, 0x2C, 0x0C, 0x46, 0xAE, 0xDC, 0x74, 0x7E, 0xC9,
    0xE7, 0x2E, 0xFB, 0xD9, 0x7F, 0xA3, 0x62, 0x76, 0x1D, 0xDB, 0xF7, 0x3B, 0xDF, 0x7E, 0x0C, 0xC3,
    0x6A, 0xF1, 0x98, 0x9C, 0x41, 0x55, 0x22, 0x7B, 0x36, 0xE8, 0xD9, 0x5E, 0xD4, 0x4D, 0xC6, 0x02,
    0xEA, 0x57, 0x6E, 0x2E, 0x4B, 0x5C, 0xFB, 0x15, 0xCA, 0x12, 0xC7, 0xED, 0x8E, 0xBC, 0xC8, 0x6C,
    0x70, 0x65, 0xA6, 0xF8, 0xA3, 0x5F, 0xAF, 0x2C, 0xB1, 0x45, 0xFC, 0xB9, 0x30, 0xC6, 0xF6, 0x99,
    0x51, 0x2A, 0x0F, 0x59, 0xF1, 0xA2, 0xE4, 0xE8, 0xA4, 0x11, 0x5B, 0xDE, 0xB5, 0x80, 0xBF, 0xB3,
    0xB8, 0x6A, 0x2E, 0x37, 0x25, 0xC4, 0xBF, 0xC4, 0xA0, 0xA8, 0x5F, 0x05, 0xCE, 0x7D, 0x86, 0x70,
    0x1A, 0x37, 0xA1, 0xD4, 0x2B, 0xE6, 0xC8, 0xB3, 0x72, 0xCB, 0x9E, 0x29, 0xFE, 0x89, 0xF3, 0xB0,
    0xF7, 0x3F, 0x32, 0xED, 0xFC, 0x73, 0xAE, 0x6F, 0x3B, 0x4A, 0x3E, 0xEC, 0xDC, 0xFB, 0x6F, 0x34,
    0x73, 0x20, 0xB4, 0x2A, 0x18, 0x57, 0x2F, 0x09, 0xD2, 0x32, 0xED, 0x2A, 0x9C, 0x8E, 0x48, 0xF1,
    0x65, 0xBF, 0xEF, 0x92, 0x9F, 0x24, 0x9B, 0x43, 0x00, 0x21, 0xAF, 0x83, 0x00, 0x36, 0x79, 0x3B,
    0x92, 0x5E, 0xB0, 0xB9, 0xBC, 0xBA, 0x8B, 0xED, 0xB8, 0xC5, 0x13, 0x92, 0x18, 0xE4, 0x1B, 0xC5,
    0xA4, 0x1A, 0xEC, 0xEB, 0x4E, 0xDE, 0x37, 0x24, 0x9B, 0xA2, 0x8D, 0xE8, 0x87, 0xBB, 0xA5, 0xF4,
    0xC1, 0xD9, 0xB2, 0xCD, 0x4E, 0x68, 0x9D, 0xBE, 0x6B, 0x41, 0x1B, 0x0D, 0x04, 0x68, 0x94, 0xD8,
    0xFD, 0x1B, 0xD5, 0x5C, 0x3D, 0x8C, 0xDD, 0xD6, 0x95, 0xBE, 0x24, 0x35, 0xA2, 0x57, 0xC4, 0xFA,
    0x4E, 0x21, 0x19, 0xB6, 0x63, 0x98, 0x29, 0xBC, 0x80, 0xB5, 0xC8, 0x86, 0xCD, 0x16, 0x8B, 0x85,
    0x23, 0xD2, 0x56, 0x91, 0xC2, 0x85, 0xA6, 0x90, 0x13, 0x20, 0x42, 0x10, 0x17, 0x2E, 0x0C, 0x23,
    0xC0, 0x6C, 0x91, 0xC2, 0x85, 0x24, 0x32, 0x56, 0xA1, 0x22, 0x85, 0xA7, 0xD8, 0x6A, 0x53, 0x44,
    0x85, 0x16, 0x58, 0x8F, 0x81, 0x55, 0x0A, 0x17, 0x2E, 0x62, 0x91, 0x92, 0x0A, 0x15, 0x29, 0x4C,
    0x2B, 0x9B, 0x75, 0x91, 0x42, 0xF4, 0xCF, 0xFE, 0xC0, 0x2A, 0xC4, 0xC4, 0x14, 0xC4, 0xD1, 0x90,
    0xBC, 0xFB, 0x7D, 0xE7, 0x92, 0x7C, 0xEF, 0x8D, 0xB4, 0xDB, 0xC4, 0x1A, 0x69, 0xC7, 0x7E, 0x4F,
    0x33, 0x8F, 0x8F, 0xE4, 0x39, 0xE7, 0x9E, 0x9F, 0xEF, 0xFC, 0x5C, 0x2A, 0xA5, 0x0E, 0x26, 0x0A,
    0x3F, 0x86, 0x6F, 0x41, 0xC7, 0xF7, 0xB4, 0xC1, 0x9B, 0x67, 0x4A, 0xBC, 0x47, 0x79, 0x86, 0xF7,
    0x8E, 0x07, 0x83, 0x2F, 0x78, 0x30, 0x0D, 0x6A, 0x1C, 0x6B, 0x22, 0x1C, 0x0C, 0x8B, 0x14, 0x07,
    0x7B, 0x9E, 0x19, 0xDC, 0xF9, 0x21, 0x0E, 0xC6, 0xC6, 0xD4, 0x38, 0xCF, 0xE0, 0xCC, 0xF0, 0xF7,
    0xAF, 0xE1, 0xCC, 0x41, 0xB9, 0x46, 0xE1, 0x04, 0xBF, 0x53, 0x69, 0xA1, 0xA2, 0x9D, 0xD0, 0x94,
    0x81, 0xE9, 0x73, 0x93, 0xC4, 0xF8, 0xA2, 0xFD, 0x71, 0xB6, 0xE4, 0x8E, 0x15, 0xEF, 0x78, 0xAD,
    0xC0, 0xFB, 0xF3, 0x9A, 0xE4, 0x9C, 0x3E, 0x2D, 0x34, 0x91, 0x04, 0xF5, 0x86, 0x7C, 0x6F, 0x63,
    0x4D, 0xF9, 0x66, 0xB3, 0xF0, 0x8D, 0xA9, 0xFC, 0x21, 0xAD, 0xBD, 0xCE, 0xEB, 0xDC, 0x1E, 0x77,
    0x30, 0x2A, 0x4D, 0xD2, 0x2C, 0x2E, 0xA2, 0x22, 0xAC, 0x75, 0xAD, 0x5B, 0xAF, 0xF3, 0x41, 0x92,
    0x87, 0x7B, 0x5C, 0xBB, 0x7D, 0xEB, 0x5D, 0xF3, 0xB5, 0xF9, 0xDC, 0xD4, 0xA6, 0x8A, 0xAB, 0xB0,
    0x54, 0xBC, 0x30, 0x99, 0xD5, 0xA0, 0x35, 0x78, 0x35, 0x51, 0xDE, 0x15, 0x5C, 0xBF, 0x01, 0x25,
    0x21, 0x19, 0xBE, 0x20, 0xF4, 0xAC, 0xE3, 0xE5, 0x93, 0xB8, 0x18, 0xC4, 0x38, 0xE4, 0xDB, 0x9B,
    0x48, 0x95, 0x9F, 0xA7, 0xDE, 0x83, 0x50, 0x8C, 0xC9, 0xC8, 0x66, 0xF1, 0x64, 0x7E, 0xC3, 0x64,
    0xCA, 0xE0, 0x6B, 0x3E, 0xC8, 0x51, 0x61, 0xA5, 0x2B, 0x95, 0x27, 0x69, 0xE2, 0xF5, 0xF8, 0x4B,
    0x0F, 0x79, 0xA1, 0x52, 0x43, 0x19, 0xE0, 0x4D, 0x37, 0xBA, 0xC7, 0x35, 0x75, 0x0B, 0x82, 0xA3,
    0x0A, 0x02, 0xC9, 0xB3, 0xA8, 0xC2, 0xB7, 0x4C, 0x82, 0xBF, 0x86, 0xF7, 0x71, 0x0D, 0x30, 0xA6,
    0x8D, 0x69, 0x97, 0xEE, 0xE5, 0x43, 0x2A, 0x9A, 0xE4, 0xE1, 0xA5, 0x8B, 0xC5, 0xE7, 0x6B, 0x38,
    0x64, 0x0A, 0xA5, 0xF1, 0x5A, 0xE3, 0xFA, 0xA4, 0xE0, 0x29, 0x1F, 0x97, 0x70, 0x70, 0x12, 0xA7,
    0x8B, 0x1A, 0xA7, 0x33, 0x9D, 0x7B, 0xCF, 0x74, 0xDE, 0xEE, 0xB5, 0xDE, 0x33, 0x6E, 0xEF, 0x83,
    0xA2, 0x00, 0x34, 0xEA, 0x06, 0xAF, 0xDA, 0x6F, 0x75, 0xA5, 0xEB, 0xA8, 0x0C, 0xAB, 0xB8, 0x8C,
    0x8B, 0xF8, 0x9E, 0x49, 0x52, 0xD3, 0xAB, 0xB3, 0x39, 0xEE, 0xE7, 0xF0, 0x06, 0x3F, 0xBA, 0x88,
    0x0B, 0x92, 0x68, 0x10, 0xA5, 0xFE, 0xDE, 0xBC, 0x3A, 0x28, 0x48, 0x15, 0xFC, 0x41, 0xC0, 0x0A,
    0xB2, 0xCE, 0xDC, 0xDE, 0xE9, 0xC9, 0x51, 0xAD, 0x70, 0x2E, 0xA4, 0x04, 0xAA, 0x03, 0xBE, 0xE1,
    0x6A, 0x0D, 0xA8, 0x88, 0xC9, 0x58, 0x9E, 0x85, 0xB5, 0x3B, 0xE0, 0x1F, 0x5D, 0x7B, 0x3D, 0xFF,
    0xBA, 0x77, 0xA9, 0xC3, 0xE2, 0x99, 0x0C, 0x5A, 0x52, 0x2D, 0x4B, 0xF4, 0x03, 0xEA, 0xD6, 0x24,
    0x71, 0x2C, 0xA8, 0x52, 0xEE, 0xD6, 0x7E, 0x30, 0x69, 0x35, 0xCB, 0x85, 0x2E, 0x78, 0x7C, 0xB5,
    0x93, 0x2E, 0xEE, 0x2B, 0xF3, 0xD4, 0x6C, 0x7C, 0x8C, 0x2B, 0xF4, 0x4A, 0x3D, 0xBB, 0x7D, 0x61,
    0x9F, 0x18, 0xA7, 0xB4, 0x61, 0x5C, 0x29, 0x88, 0x49, 0xCD, 0x42, 0xB3, 0x7C, 0xBE, 0x5D, 0xC6,
    0x2B, 0x84, 0x34, 0x5C, 0x1E, 0x88, 0xBE, 0x9C, 0x0C, 0x90, 0x3F, 0x07, 0xDF, 0xE3, 0xC7, 0x38,
    0x31, 0x07, 0xCD, 0x81, 0xD9, 0x86, 0xF5, 0x55, 0x6E, 0x03, 0xA7, 0xA1, 0x8B, 0xB8, 0x54, 0xC7,
    0xC0, 0xB1, 0xDA, 0xD0, 0xB4, 0x25, 0x58, 0x3B, 0x4D, 0xDF, 0x9A, 0x1A, 0x44, 0x42, 0xF2, 0x0B,
    0xFA, 0x14, 0x7E, 0x04, 0x4E, 0x5F, 0x8F, 0x3A, 0x15, 0x14, 0xF1, 0xF0, 0x83, 0x81, 0x97, 0xAA,
    0xF9, 0x86, 0x93, 0x68, 0xEE, 0x0E, 0x8D, 0xF4, 0xD9, 0xC9, 0x21, 0x39, 0x1F, 0x51, 0x1D, 0xA8,
    0x1C, 0x11, 0x3E, 0xF7, 0x79, 0xE9, 0x43, 0x96, 0x14, 0xFC, 0x19, 0xE0, 0x8A, 0xA9, 0x5D, 0xBD,
    0x08, 0xBF, 0x72, 0x11, 0xF1, 0xCF, 0x81, 0x51, 0xAA, 0x1B, 0x90, 0x5A, 0xA3, 0x42, 0x53, 0x53,
    0xBE, 0xBA, 0x7E, 0x8E, 0x32, 0xE4, 0x22, 0xD3, 0x73, 0x19, 0x7B, 0x16, 0x6D, 0x2B, 0x2E, 0x0E,
    0x29, 0x73, 0xA5, 0x83, 0x39, 0x97, 0x3E, 0xA4, 0xE4, 0x63, 0x2D, 0x78, 0x6D, 0xBA, 0x09, 0x11,
    0x3E, 0x2E, 0xD5, 0x8A, 0xF5, 0x51, 0x51, 0xAC, 0xA7, 0xB4, 0xB7, 0x10, 0x27, 0x61, 0xBD, 0x66,
    0x28, 0xBF, 0x76, 0xAB, 0xCB, 0xFA, 0xD4, 0x7B, 0xBC, 0x04, 0xD7, 0x36, 0xE6, 0xC2, 0x7B, 0xB7,
    0x77, 0xF2, 0x81, 0xDF, 0x4F, 0x6B, 0x7C, 0xDF, 0x31, 0x19, 0x9C, 0x06, 0x84, 0x13, 0x61, 0x01,
    0x0A, 0xA8, 0x88, 0x4F, 0xE7, 0x00, 0x15, 0x82, 0xA2, 0xD1, 0x37, 0xC0, 0x71, 0x14, 0x41, 0x4B,
    0x77, 0x6C, 0x12, 0x45, 0xF2, 0xE5, 0x1C, 0xE5, 0x0D, 0x3C, 0xC1, 0x14, 0xF8, 0x37, 0x87, 0x32,
    0x1A, 0xD3, 0xF1, 0xAD, 0xA7, 0xAA, 0xEE, 0xEC, 0xD1, 0x2A, 0x15, 0x66, 0x23, 0x79, 0x3E, 0x09,
    0x5B, 0x76, 0x1F, 0x56, 0xC8, 0xC2, 0x69, 0xCC, 0x2F, 0x9C, 0xA2, 0xCF, 0x09, 0xE9, 0x6A, 0xA9,
    0x66, 0x14, 0xCC, 0x11, 0xF8, 0x31, 0xDF, 0xE4, 0x09, 0xAE, 0x0E, 0x7A, 0xE0, 0x6D, 0x41, 0x1C,
    0x15, 0x1F, 0xCE, 0x1E, 0xEA, 0x25, 0x66, 0x50, 0xB8, 0x1D, 0x39, 0x80, 0xC3, 0xC5, 0xB1, 0xB4,
    0x14, 0x8F, 0xEB, 0x75, 0xC7, 0x86, 0x0F, 0x35, 0x5C, 0x6E, 0x15, 0x19, 0x3D, 0x28, 0xF1, 0xB9,
    0x76, 0x39, 0x9C, 0xB7, 0xFE, 0x51, 0x59, 0x2B, 0xA1, 0xDF, 0x6C, 0xD5, 0x31, 0xF3, 0x4B, 0xA8,
    0x1E, 0xAE, 0x45, 0x03, 0xA2, 0xB6, 0x41, 0x84, 0xA6, 0x80, 0xFE, 0x80, 0x58, 0x68, 0x52, 0x5A,
    0x82, 0x0A, 0x48, 0x25, 0x15, 0x39, 0x58, 0x91, 0x64, 0x90, 0x0A, 0x74, 0x4B, 0x1C, 0x28, 0xCF,
    0x01, 0x4D, 0x15, 0x4E, 0x80, 0x0C, 0xE3, 0x2A, 0x80, 0x03, 0xA6, 0x3F, 0xF6, 0x25, 0xF6, 0xE0,
    0x6D, 0x6B, 0x55, 0x16, 0xDF, 0x92, 0x05, 0x13, 0xD7, 0x2A, 0xF1, 0x4C, 0xDC, 0x8D, 0x7A, 0x71,
    0xF6, 0xA6, 0x0E, 0x8D, 0x12, 0xAC, 0xAA, 0xA7, 0xE8, 0x7E, 0x68, 0x70, 0x54, 0x28, 0x48, 0x7D,
    0xED, 0x38, 0x48, 0x1B, 0x7A, 0xA8, 0x11, 0xEE, 0xB8, 0x63, 0x0A, 0xF0, 0x5B, 0x05, 0x8D, 0x07,
    0x33, 0x73, 0x3A, 0x87, 0xB1, 0x27, 0x07, 0x81, 0x90, 0x0D, 0xEC, 0x2D, 0xA4, 0xED, 0x21, 0xF2,
    0xE8, 0xFC, 0x5F, 0x63, 0xF3, 0xB1, 0xF9, 0x85, 0xB9, 0x66, 0x32, 0x93, 0xA5, 0xC9, 0x6C, 0x72,
    0x07, 0x33, 0xAB, 0xC1, 0xE0, 0xCB, 0x2E, 0xCC, 0xB3, 0x8F, 0x81, 0x64, 0xE4, 0xC7, 0xD0, 0x36,
    0x35, 0xF9, 0x57, 0xDB, 0xDB, 0xC9, 0xBE, 0x0A, 0xC5, 0xDE, 0x3E, 0x13, 0x4F, 0xA4, 0x4D, 0xF3,
    0x48, 0x05, 0xF2, 0xBA, 0xB8, 0x45, 0xEA, 0x87, 0x2B, 0xB6, 0x1C, 0x65, 0x73, 0xF4, 0x97, 0xBF,
    0xFF, 0x42, 0xED, 0x9F, 0xC2, 0xAC, 0xD1, 0x66, 0x4B, 0x22, 0xAD, 0xF1, 0xEE, 0xDF, 0xC3, 0xEB,
    0x18, 0x5E, 0x4F, 0x3C, 0x06, 0x4A, 0x23, 0xAE, 0xC5, 0x1F, 0x24, 0x76, 0x91, 0xBE, 0x3C, 0x64,
    0xA4, 0x28, 0xCE, 0x30, 0x82, 0x3A, 0xFB, 0xAB, 0x3F, 0x01, 0xEE, 0x11, 0xF4, 0x14, 0x46, 0xA1,
    0x82, 0xCF, 0x5B, 0xC8, 0x2C, 0x82, 0x77, 0x5B, 0x52, 0x2F, 0x41, 0x90, 0x67, 0x65, 0x39, 0x19,
    0x85, 0x9C, 0x41, 0x4C, 0x91, 0xBF, 0xBD, 0xF6, 0xDA, 0xA4, 0xFA, 0x0B, 0x34, 0x3A, 0xEA, 0x23,
    0xA8, 0xA6, 0xD3, 0x06, 0x0B, 0xDB, 0x10, 0x54, 0x5C, 0x00, 0x88, 0xC1, 0xFF, 0x36, 0x14, 0xDC,
    0xDB, 0xCA, 0x95, 0x4B, 0x18, 0xF2, 0x19, 0xFF, 0x07, 0x02, 0x62, 0x68, 0xE3, 0x37, 0x2E, 0xE4,
    0x2D, 0x1D, 0x29, 0x10, 0x45, 0x20, 0xD4, 0x0F, 0x15, 0xDC, 0xF8, 0x31, 0x0A, 0x3F, 0x4E, 0x1C,
    0x73, 0xCB, 0xCA, 0xB4, 0xE6, 0xAA, 0x35, 0x12, 0x47, 0x5C, 0xD0, 0x17, 0x27, 0xA2, 0x70, 0x74,
    0x4A, 0x21, 0xCE, 0xFD, 0xB6, 0x10, 0x81, 0x60, 0xA8, 0xE1, 0xD9, 0xF3, 0x45, 0x74, 0x5E, 0x4B,
    0x70, 0x97, 0xC4, 0x37, 0x9D, 0xD3, 0x47, 0x45, 0xEC, 0x74, 0xBA, 0x8A, 0xB3, 0x2E, 0xA8, 0xA3,
    0xAB, 0x9D, 0x37, 0x00, 0x76, 0xC0, 0xFD, 0x0E, 0x09, 0xD4, 0x37, 0x00, 0x5A, 0xA9, 0x23, 0xE0,
    0x17, 0xC3, 0x2F, 0x67, 0xCB, 0x21, 0xDF, 0xC6, 0x4E, 0x2E, 0x96, 0x05, 0xDC, 0x71, 0x39, 0x6A,
    0xF5, 0x63, 0x20, 0x0B, 0x89, 0xBA, 0xBE, 0x8D, 0xB8, 0xF4, 0xD4, 0x48, 0x2D, 0xBC, 0x6A, 0x8E,
    0xE6, 0x90, 0x06, 0xBE, 0x97, 0x04, 0x66, 0x11, 0x64, 0x97, 0x02, 0x3C, 0xE4, 0xA1, 0x8B, 0x54,
    0x0D, 0x5E, 0xEB, 0xD5, 0x51, 0x01, 0x81, 0x28, 0x93, 0x17, 0x1E, 0xAE, 0xAA, 0x77, 0x68, 0xD0,
    0x01, 0x10, 0x7A, 0x07, 0xD8, 0x52, 0x79, 0x4B, 0x01, 0xDE, 0xFE, 0x10, 0xE3, 0x15, 0xA4, 0x00,
    0x01, 0xF6, 0xDE, 0xFB, 0x2D, 0x83, 0xDF, 0x59, 0x31, 0x07, 0x84, 0xBE, 0x02, 0xD4, 0x88, 0xCE,
    0x08, 0xA2, 0xF1, 0x86, 0x1F, 0x6D, 0x59, 0xB0, 0x87, 0x35, 0xE9, 0x46, 0x4C, 0x63, 0x8F, 0x74,
    0xA0, 0x12, 0xE7, 0x04, 0x30, 0xA9, 0x0C, 0x34, 0xC7, 0x25, 0x8C, 0x36, 0x1C, 0x72, 0x89, 0xCD,
    0x46, 0x84, 0x97, 0xA8, 0x3D, 0xA8, 0xDE, 0x5A, 0x8F, 0x4F, 0xC0, 0xE3, 0xDF, 0xE1, 0xDA, 0x37,
    0xB8, 0xA3, 0x73, 0xC1, 0x1A, 0xCF, 0x11, 0xAA, 0x33, 0x24, 0x04, 0x32, 0x6E, 0x74, 0x0A, 0xAB,
    0xC9, 0x95, 0x8E, 0xDD, 0xCE, 0xED, 0xC0, 0xE7, 0x2E, 0x97, 0x03, 0x98, 0x60, 0x8B, 0x60, 0xE6,
    0xD7, 0xB0, 0x90, 0x82, 0x6B, 0x2D, 0x60, 0xAE, 0x9D, 0xC5, 0x45, 0xAF, 0x11, 0x33, 0x15, 0x83,
    0x55, 0x9F, 0x28, 0xBD, 0x5A, 0x67, 0x6B, 0xD3, 0xA1, 0x47, 0xC2, 0xF2, 0x19, 0x1A, 0x5C, 0xFE,
    0xBB, 0x72, 0x54, 0xAF, 0x90, 0x17, 0x71, 0x92, 0x8B, 0x3C, 0x74, 0x52, 0x56, 0x11, 0x20, 0x14,
    0xBC, 0x7A, 0xE0, 0x06, 0x8B, 0xA8, 0x8B, 0x9C, 0xAC, 0xC6, 0xB7, 0x6B, 0xAE, 0x61, 0xFC, 0xA5,
    0x70, 0x0A, 0x90, 0xE1, 0x4A, 0x86, 0xD4, 0x08, 0xA3, 0xEB, 0xA3, 0x49, 0x20, 0xD5, 0x7A, 0x52,
    0xE5, 0xBB, 0xB5, 0x7E, 0xB7, 0x57, 0xFF, 0x10, 0x8F, 0x37, 0x75, 0xC8, 0xAC, 0x57, 0x06, 0xF8,
    0xB5, 0x0F, 0x05, 0xE5, 0x08, 0xF6, 0xCC, 0x46, 0xBF, 0xBA, 0x8C, 0x81, 0x41, 0xAD, 0x08, 0x44,
    0xA5, 0x5F, 0x5D, 0xA2, 0x07, 0x75, 0x5A, 0x2A, 0xF6, 0x19, 0x32, 0xF7, 0xFC, 0x08, 0x16, 0xC4,
    0x4A, 0xF4, 0xCE, 0x5B, 0x09, 0x9D, 0x62, 0x45, 0xFC, 0x0B, 0x16, 0xCC, 0xE2, 0x48, 0x0D, 0x62,
    0x70, 0xCE, 0x77, 0x69, 0x0C, 0x1A, 0xD9, 0x60, 0x02, 0xBF, 0x9D, 0xDE, 0x13, 0xDC, 0x09, 0xA9,
    0x19, 0xE2, 0xB3, 0xF1, 0xE7, 0xA8, 0x9A, 0x4E, 0x3A, 0x28, 0x58, 0xE4, 0xCC, 0xEC, 0x9B, 0x86,
    0xF9, 0xF0, 0x01, 0x5C, 0xED, 0x43, 0xA7, 0xF0, 0xDA, 0x4D, 0x28, 0x41, 0x8D, 0xD7, 0x08, 0x89,
    0xFF, 0x7C, 0xBD, 0x00, 0x8A, 0x87, 0xFD, 0x09, 0x6E, 0x05, 0x99, 0x6A, 0x44, 0xCD, 0x23, 0xB6,
    0x3F, 0x30, 0x93, 0x62, 0x26, 0x2F, 0xE9, 0x74, 0xF7, 0x01, 0x85, 0x98, 0xCC, 0xC4, 0x64, 0xCB,
    0x37, 0xDB, 0x12, 0x52, 0x24, 0x98, 0x88, 0xCC, 0x6A, 0xB9, 0xBA, 0xD5, 0x0F, 0x79, 0x0B, 0xA9,
    0x04, 0x11, 0x81, 0x7D, 0x7C, 0xEF, 0xBD, 0x91, 0x6F, 0x49, 0xF1, 0x98, 0x1C, 0x10, 0xE2, 0x5A,
    0x29, 0x3A, 0xE6, 0xDF, 0xF8, 0x5D, 0x29, 0x1F, 0x2C, 0xDF, 0xD1, 0x06, 0xDE, 0x3C, 0xB1, 0x22,
    0xE6, 0x52, 0xDA, 0xA5, 0x5D, 0x38, 0x33, 0x46, 0xA5, 0xC0, 0x2E, 0x2D, 0xE9, 0xCD, 0x03, 0xDC,
    0x41, 0x57, 0x2F, 0xC0, 0xA9, 0xCA, 0x57, 0xE5, 0x5E, 0x44, 0xB3, 0xEA, 0x20, 0xBD, 0x92, 0x27,
    0x6E, 0xE6, 0xAF, 0xCD, 0x7B, 0xD3, 0x05, 0x6D, 0x28, 0x08, 0xA9, 0xD4, 0x7B, 0x4F, 0xA0, 0xF7,
    0xA1, 0x51, 0xEE, 0xA1, 0xC0, 0x3C, 0xE0, 0x84, 0x27, 0x98, 0x53, 0xB8, 0x4D, 0x2E, 0xD2, 0xA9,
    0x48, 0x0B, 0xA5, 0x10, 0x8C, 0x69, 0x7C, 0xC8, 0x7B, 0xC6, 0xF6, 0x6D, 0xC5, 0xAF, 0xAE, 0xD9,
    0xEC, 0x40, 0x52, 0x47, 0x80, 0xFA, 0xE1, 0xFD, 0x9E, 0xC5, 0x8E, 0x8E, 0x39, 0x53, 0x47, 0x80,
    0xC8, 0xA4, 0x4A, 0x25, 0x56, 0x8E, 0x92, 0x1B, 0xDB, 0x37, 0x67, 0x7B, 0x1B, 0x61, 0xDA, 0x0C,
    0xF8, 0x2D, 0xEF, 0xF0, 0x99, 0x6E, 0x90, 0x73, 0x62, 0xB1, 0x3B, 0x22, 0x71, 0x93, 0x84, 0x95,
    0x84, 0x6C, 0x47, 0x34, 0x3A, 0x92, 0x9C, 0xE0, 0xB0, 0x84, 0x3E, 0x52, 0x26, 0x14, 0xC4, 0xB6,
    0xA4, 0x32, 0xFD, 0x1C, 0x49, 0x24, 0xA1, 0xEB, 0x68, 0x04, 0x84, 0x0A, 0xC3, 0x06, 0x02, 0x75,
    0xCE, 0x44, 0x40, 0xDE, 0x40, 0x4D, 0x4E, 0x56, 0xE3, 0x5F, 0xB6, 0xE4, 0x85, 0xDE, 0x8A, 0x8C,
    0x47, 0xC5, 0x24, 0xA2, 0x98, 0x59, 0x73, 0x0E, 0xE9, 0xEA, 0x7B, 0x34, 0xCC, 0x0C, 0x69, 0x9D,
    0xA1, 0x5A, 0x18, 0x4A, 0xC8, 0x64, 0xBE, 0x38, 0x84, 0xDA, 0x86, 0x05, 0x27, 0xFF, 0x52, 0xCD,
    0x25, 0x16, 0x1B, 0xB9, 0x27, 0x65, 0x18, 0xE3, 0xC8, 0x98, 0x53, 0x3D, 0xE0, 0x07, 0xB4, 0x93,
    0x7C, 0xB0, 0x25, 0x60, 0xB1, 0x92, 0xF8, 0x45, 0x75, 0x97, 0xF4, 0x86, 0x19, 0x0E, 0xA4, 0x44,
    0xCF, 0x05, 0x8B, 0xE5, 0x5A, 0xF7, 0x82, 0xB2, 0xF5, 0xBD, 0xED, 0x4B, 0xB5, 0x12, 0x9F, 0x54,
    0x90, 0x4D, 0xAA, 0x09, 0x00, 0x0F, 0xA5, 0x0A, 0x6D, 0x8C, 0x25, 0x11, 0x74, 0xEC, 0x25, 0x28,
    0xEE, 0xC8, 0x5E, 0x82, 0x15, 0x1D, 0xD8, 0xFA, 0x90, 0x04, 0x03, 0x8D, 0xED, 0x1D, 0xA8, 0x31,
    0x22, 0xB1, 0x9E, 0x95, 0xB3, 0x1B, 0x35, 0x81, 0xAB, 0xBF, 0x92, 0x56, 0x1D, 0xB6, 0x89, 0x3B,
    0xBD, 0xAE, 0x3A, 0xD5, 0x8D, 0x0A, 0x46, 0xF5, 0x91, 0x6F, 0x56, 0x47, 0x80, 0xFE, 0xD3, 0xCA,
    0xED, 0xE0, 0x25, 0x73, 0x96, 0xC0, 0x18, 0xB5, 0x7A, 0x60, 0x36, 0x78, 0x3C, 0xD7, 0x38, 0x10,
    0x17, 0x04, 0x0F, 0xD4, 0x53, 0xB0, 0x8A, 0x14, 0x34, 0x7E, 0xE3, 0xF5, 0x6E, 0xFF, 0x33, 0xA3,
    0x4C, 0x8F, 0x0F, 0x87, 0xB0, 0x14, 0xC9, 0xAF, 0x2F, 0x63, 0x76, 0xEB, 0xC7, 0xA9, 0xFC, 0x92,
    0x4E, 0x5A, 0xB6, 0xAD, 0x28, 0xA8, 0x33, 0x90, 0x2C, 0xA4, 0x01, 0xC9, 0x32, 0x14, 0x13, 0xEA,
    0x91, 0xED, 0xAF, 0xB6, 0x61, 0x78, 0xD4, 0x0F, 0x23, 0x00, 0x92, 0xCA, 0x1A, 0x57, 0x56, 0x14,
    0x09, 0xFF, 0xF7, 0x16, 0xD2, 0xAC, 0xC5, 0x48, 0x71, 0x09, 0x9C, 0x4F, 0x69, 0x86, 0x3B, 0x2A,
    0xDA, 0x01, 0x87, 0x43, 0x20, 0x4E, 0xA0, 0xD9, 0xA3, 0xD1, 0xB2, 0x8C, 0x56, 0x1C, 0x62, 0x48,
    0xA3, 0x7D, 0x8D, 0x56, 0xA4, 0x0E, 0x25, 0x33, 0x2C, 0xAC, 0x47, 0x58, 0x68, 0x46, 0x2D, 0x62,
    0x46, 0x4E, 0x03, 0xF3, 0xDA, 0xB5, 0xC4, 0xE9, 0x81, 0x5E, 0xF3, 0xC8, 0xA8, 0xE8, 0x36, 0x01,
    0xD0, 0xAB, 0x08, 0x01, 0xC7, 0x91, 0x68, 0x66, 0x48, 0x78, 0x8B, 0x34, 0x89, 0xCB, 0x88, 0x68,
    0xB1, 0xF6, 0x5B, 0xC8, 0xAC, 0xB7, 0x32, 0xFB, 0x31, 0xC4, 0x63, 0x4E, 0x40, 0xFB, 0xCF, 0x37,
    0x0E, 0xA3, 0xCE, 0x18, 0xE7, 0xDC, 0x6C, 0xAC, 0xE9, 0x4C, 0xE0, 0xD3, 0x12, 0xA0, 0x8E, 0x1E,
    0x14, 0x54, 0xDF, 0x89, 0xFA, 0x86, 0x9F, 0x5B, 0x3B, 0xB6, 0xF9, 0xE0, 0xFA, 0x81, 0xBD, 0xFC,
    0x60, 0xD1, 0xB5, 0xE0, 0x9F, 0x9A, 0xB6, 0x4D, 0x5C, 0xDD, 0x5A, 0xD5, 0xA1, 0x0C, 0x67, 0xD5,
    0x69, 0x05, 0x5B, 0xC6, 0xD5, 0x2C, 0xC3, 0x61, 0xFB, 0xFD, 0x4E, 0xFC, 0x1F, 0x59, 0xCD, 0x8D,
    0x78, 0x1F, 0x2B, 0xC3, 0x69, 0x19, 0x08, 0xC4, 0x79, 0x3E, 0xED, 0x3D, 0xB0, 0x97, 0xB0, 0xCB,
    0xE0, 0x98, 0x2D, 0x17, 0x3E, 0x1C, 0xE9, 0x50, 0x2E, 0x90, 0xE7, 0x38, 0x17, 0x4A, 0xAD, 0x43,
    0x6E, 0x29, 0x72, 0xF2, 0xF8, 0x3A, 0xB4, 0xF7, 0x33, 0x5C, 0x7B, 0xE3, 0xF0, 0x48, 0xE1, 0x06,
    0xEF, 0xA3, 0xA4, 0x58, 0xE4, 0x6C, 0xD6, 0x16, 0x3A, 0xB9, 0x53, 0x82, 0x19, 0x67, 0x27, 0x55,
    0xF8, 0x89, 0xC9, 0x82, 0x3F, 0x99, 0xDA, 0x1D, 0xB0, 0x6A, 0x06, 0x7E, 0x2A, 0x6E, 0xA0, 0x62,
    0x2D, 0x54, 0xAC, 0x13, 0x15, 0xA3, 0xC1, 0x1A, 0xA9, 0x6B, 0x45, 0x65, 0x58, 0xEA, 0x26, 0xB8,
    0xF3, 0xBB, 0x0E, 0x61, 0x17, 0x1F, 0xB6, 0x69, 0x22, 0x75, 0xD1, 0xE4, 0x71, 0xD5, 0xB9, 0x8B,
    0x76, 0x8D, 0xAC, 0x7E, 0x7D, 0xCB, 0xBA, 0x93, 0x50, 0xA8, 0x1D, 0x43, 0x97, 0x24, 0x70, 0xD3,
    0xF7, 0xF6, 0x47, 0xF5, 0xA8, 0x65, 0x42, 0x11, 0x63, 0x7B, 0x38, 0xE6, 0x4A, 0xA4, 0xE3, 0xD0,
    0x6A, 0xBE, 0xFD, 0xD8, 0xD9, 0xAE, 0x53, 0xB9, 0x22, 0xCD, 0xE2, 0xA5, 0x39, 0x60, 0xE0, 0xF2,
    0xD6, 0x84, 0x9F, 0xDD, 0xDA, 0x5F, 0xDB, 0x2D, 0x41, 0x4A, 0x07, 0x5F, 0x12, 0xDF, 0xAA, 0x41,
    0x33, 0xC5, 0x51, 0xAE, 0x18, 0x65, 0x2F, 0xC5, 0x0A, 0x87, 0xA1, 0x9F, 0x67, 0x19, 0x5B, 0xA8,
    0xA7, 0x2D, 0x51, 0x5C, 0xE4, 0x97, 0xA2, 0xA4, 0x2C, 0x68, 0x58, 0x94, 0x1D, 0x5F, 0x94, 0x2B,
    0x05, 0x43, 0x1F, 0x9F, 0x36, 0x14, 0x86, 0x5C, 0x6A, 0x86, 0xE5, 0xE5, 0xEB, 0x2A, 0xBA, 0xD3,
    0x48, 0x98, 0x3C, 0x0D, 0xA1, 0xAE, 0x4F, 0x2B, 0x06, 0x1F, 0x8F, 0xD3, 0xE9, 0x7E, 0x71, 0x83,
    0x67, 0xA6, 0xFA, 0x59, 0xD4, 0xB2, 0x78, 0xC6, 0x02, 0x6D, 0x58, 0x32, 0x75, 0xE3, 0x1D, 0x07,
    0x71, 0xF7, 0x30, 0x6E, 0x96, 0xCF, 0x1A, 0xD8, 0xE1, 0xCF, 0x54, 0xDE, 0x23, 0xB8, 0xCB, 0xC9,
    0xEB, 0xA3, 0xBD, 0x3A, 0x46, 0x2B, 0x73, 0xAB, 0x38, 0x9D, 0x57, 0x7F, 0x19, 0x2C, 0x97, 0x82,
    0x9F, 0xC3, 0xEB, 0x37, 0x96, 0x6A, 0x08, 0xD5, 0x39, 0xB0, 0xAE, 0x42, 0x24, 0x32, 0xF1, 0x35,
    0xBC, 0x8E, 0xD7, 0x4B, 0x81, 0xD0, 0x52, 0xE8, 0x9B, 0x3D, 0x8C, 0x76, 0x12, 0xDA, 0x2C, 0xB3,
    0x63, 0xCB, 0x80, 0x8C, 0x52, 0x3B, 0xF8, 0x62, 0x98, 0x25, 0xE4, 0x02, 0xBD, 0x0E, 0xDB, 0x33,
    0xAC, 0x57, 0xDB, 0xB4, 0x4B, 0xA9, 0xBF, 0x63, 0x4C, 0x63, 0xC3, 0xA2, 0x66, 0x2A, 0xFA, 0x22,
    0xB2, 0xE3, 0xAD, 0xF8, 0x7C, 0x9D, 0xBE, 0x5B, 0xC7, 0x41, 0x75, 0xC0, 0x19, 0xC9, 0x06, 0xBF,
    0x90, 0xF9, 0xA9, 0x96, 0x8C, 0x81, 0x5D, 0x7C, 0x17, 0x4C, 0x46, 0xE2, 0x0A, 0xE3, 0x8C, 0x0E,
    0x36, 0xFF, 0x31, 0x99, 0xCD, 0x5B, 0x2E, 0xD6, 0x8A, 0x23, 0x7D, 0x4E, 0xCD, 0xE8, 0x2D, 0xB0,
    0xEE, 0x56, 0xC0, 0x91, 0x2D, 0x2A, 0x5C, 0xBC, 0x3F, 0xD0, 0x0B, 0x6C, 0xAD, 0xA4, 0xF0, 0x48,
    0xD2, 0xD9, 0x23, 0x21, 0x8F, 0xBE, 0x70, 0x4A, 0xBE, 0x82, 0x96, 0x9A, 0xA7, 0xEF, 0x50, 0x39,
    0xF5, 0xAE, 0x14, 0x2F, 0x45, 0x5D, 0x23, 0x51, 0xEA, 0xF8, 0x36, 0x3F, 0x89, 0x3F, 0x95, 0xC2,
    0xF3, 0x35, 0xD1, 0xD3, 0x82, 0x38, 0x33, 0xCF, 0x72, 0xF1, 0xD0, 0xB8, 0x3B, 0x9C, 0x6C, 0x38,
    0x10, 0x9B, 0x21, 0x5C, 0xC7, 0x04, 0xEA, 0xD9, 0x0C, 0x81, 0xB1, 0xB6, 0xD6, 0xFC, 0x42, 0x23,
    0x05, 0x0C, 0x7F, 0x6B, 0xAE, 0x98, 0x32, 0xB6, 0xB3, 0x5E, 0xCA, 0xD0, 0x4E, 0x10, 0x98, 0x8F,
    0x45, 0xE4, 0xEA, 0xB0, 0x4A, 0x83, 0xCE, 0xE9, 0x4C, 0x1B, 0xDC, 0xFE, 0x55, 0x1D, 0x37, 0x51,
    0x66, 0x92, 0xDE, 0x6F, 0x91, 0x99, 0x17, 0x40, 0x50, 0x79, 0xC5, 0x24, 0x26, 0xBC, 0x5D, 0xC2,
    0x32, 0x0A, 0xAF, 0x8B, 0x4B, 0x5D, 0xA7, 0x3B, 0x71, 0x96, 0xEF, 0x48, 0x39, 0x66, 0x11, 0xD0,
    0x1F, 0x3D, 0xE3, 0x5C, 0x9F, 0x64, 0x11, 0xBE, 0x2D, 0x30, 0x93, 0x30, 0x69, 0x33, 0x93, 0x35,
    0x1B, 0x6A, 0x68, 0x79, 0x8C, 0x34, 0x38, 0xE2, 0x4E, 0x35, 0xF4, 0x6C, 0xC3, 0xE9, 0xA2, 0xDA,
    0x67, 0xE1, 0xF7, 0x32, 0x6E, 0x5A, 0x5E, 0xF6, 0x7A, 0xAF, 0x09, 0xAB, 0x88, 0x89, 0x9C, 0x37,
    0x98, 0x4C, 0x33, 0x0D, 0xC9, 0x13, 0x60, 0x1F, 0x7C, 0x1F, 0x94, 0x5C, 0x31, 0x5F, 0x0E, 0xAE,
    0xF9, 0xAF, 0x46, 0xFA, 0x6B, 0x36, 0xBE, 0xBC, 0x69, 0x8B, 0xA3, 0x16, 0x94, 0x21, 0x15, 0x56,
    0x8F, 0x95, 0x60, 0xAC, 0x87, 0x90, 0x34, 0xC3, 0xFA, 0x8C, 0x83, 0xDB, 0xFF, 0xF2, 0xD0, 0x45,
    0x62, 0x4B, 0xA3, 0x9E, 0xA4, 0xA8, 0xA3, 0xA9, 0x7A, 0x92, 0x4E, 0x89, 0x4B, 0xAC, 0xC6, 0x4A,
    0x32, 0xD7, 0x49, 0x4A, 0xFC, 0x4C, 0x56, 0x25, 0xF4, 0x98, 0x31, 0x69, 0x90, 0x06, 0x4C, 0x3C,
    0x7D, 0x2F, 0x2E, 0x9C, 0x2D, 0x7C, 0xEF, 0x18, 0xDC, 0x80, 0x5F, 0xC1, 0x55, 0xF4, 0x2C, 0xC1,
    0x5C, 0x61, 0x18, 0x91, 0x2C, 0x58, 0xAD, 0x28, 0x81, 0x64, 0x41, 0x72, 0xE5, 0x66, 0x5C, 0x7E,
    0x27, 0x09, 0x07, 0x20, 0xDB, 0xA7, 0x20, 0xA5, 0x12, 0x4C, 0xC6, 0xD0, 0x65, 0xF0, 0x1B, 0xB0,
    0xE3, 0x05, 0x7E, 0x17, 0x9F, 0xB6, 0xE3, 0xA7, 0x3F, 0x05, 0x24, 0x81, 0x45, 0xF4, 0x56, 0x88,
    0x6F, 0xE0, 0x38, 0xEB, 0x3E, 0x05, 0x17, 0x56, 0xAA, 0x38, 0x46, 0x5A, 0x5C, 0xED, 0xFD, 0xE6,
    0x6F, 0x79, 0x94, 0xFA, 0x08, 0x95, 0xC1, 0x9F, 0x28, 0x91, 0x94, 0x8A, 0xEE, 0x9E, 0xE2, 0x15,
    0x29, 0xD1, 0x99, 0x7B, 0xD3, 0xF7, 0x40, 0xCE, 0x33, 0x6C, 0xA5, 0x00, 0xD7, 0x20, 0x8F, 0x85,
    0x7C, 0x4B, 0xD6, 0x23, 0x88, 0xC1, 0xCE, 0x59, 0x1C, 0xB6, 0xD2, 0x6F, 0x8C, 0x27, 0xA1, 0x11,
    0x19, 0x4A, 0xBB, 0xF1, 0xC8, 0x6B, 0x09, 0xD7, 0x17, 0xA8, 0xCB, 0x79, 0xED, 0xE4, 0x52, 0x9F,
    0x04, 0x6A, 0x41, 0x40, 0xCF, 0x1A, 0x26, 0x1C, 0x3D, 0x97, 0x17, 0xE7, 0x52, 0x3C, 0x58, 0x6C,
    0x42, 0x5B, 0x63, 0x09, 0x5A, 0x3D, 0xDC, 0x2E, 0x0E, 0xFF, 0x54, 0xB0, 0x19, 0x13, 0xBD, 0x7E,
    0x56, 0xA8, 0x37, 0xE4, 0xCB, 0x5C, 0x15, 0x02, 0xC9, 0x49, 0xD5, 0xF7, 0x63, 0x6D, 0x25, 0xA1,
    0x85, 0xE6, 0x89, 0x12, 0xBF, 0xB5, 0x9D, 0x49, 0xD6, 0x12, 0xD2, 0xBC, 0xC8, 0x21, 0x82, 0xB2,
    0x2B, 0x91, 0x80, 0x48, 0xA2, 0x25, 0xFD, 0x7A, 0xF2, 0xF4, 0xA0, 0x17, 0x59, 0xDF, 0xE8, 0xEC,
    0x33, 0x86, 0x39, 0x70, 0xC6, 0xF2, 0x06, 0x22, 0xFE, 0xC2, 0xDF, 0xC3, 0x4A, 0x53, 0xFE, 0x5F,
    0xEC, 0x1B, 0x43, 0x7A, 0xEA, 0x2A, 0x52, 0x95, 0xD2, 0x13, 0x88, 0x6C, 0xE5, 0x31, 0xA5, 0x2E,
    0x38, 0xB6, 0xD6, 0x43, 0x0F, 0x0E, 0x22, 0xB9, 0x78, 0x58, 0x68, 0x30, 0xA0, 0x25, 0x50, 0x3B,
    0x8B, 0x40, 0x5D, 0x73, 0xB1, 0xC0, 0x37, 0xBD, 0xF9, 0x18, 0xB8, 0x5B, 0x01, 0xD0, 0x60, 0x2F,
    0xA6, 0xE1, 0x65, 0x2E, 0x74, 0xCE, 0xF2, 0x87, 0x83, 0x9A, 0xD0, 0xA3, 0xD0, 0x9F, 0xB7, 0xBA,
    0xFC, 0xAE, 0xB3, 0xDA, 0xC5, 0xB0, 0x95, 0xE6, 0xB1, 0xB5, 0x64, 0xF3, 0x75, 0x30, 0x25, 0x1F,
    0xFA, 0x16, 0x65, 0xB8, 0x89, 0xBA, 0x3F, 0xC1, 0x80, 0x17, 0x20, 0x0E, 0x11, 0x3A, 0x5D, 0x53,
    0xF1, 0x0C, 0x97, 0x95, 0x4A, 0xC9, 0x23, 0x59, 0xDD, 0x00, 0x00, 0xD2, 0xB7, 0x0B, 0x15, 0xFC,
    0xA1, 0x8E, 0x20, 0x3D, 0xFD, 0xDB, 0xFA, 0x18, 0xE9, 0xBC, 0xDE, 0x74, 0xF8, 0x27, 0x3A, 0xB7,
    0xD3, 0x72, 0x4D, 0x8E, 0xEF, 0xD6, 0x58, 0x97, 0xD8, 0x83, 0xEC, 0x33, 0x75, 0xD6, 0x35, 0x1C,
    0xCC, 0xE8, 0x41, 0x38, 0xFE, 0x61, 0x97, 0x2E, 0xCF, 0x00, 0x88, 0x11, 0x9B, 0x13, 0xB7, 0x45,
    0xA4, 0xCF, 0x13, 0xB0, 0xB8, 0x01, 0x14, 0xC0, 0x7A, 0x11, 0x5C, 0x5E, 0x6E, 0x26, 0x47, 0x39,
    0xF1, 0x99, 0x2D, 0x72, 0x71, 0x4F, 0x2C, 0xD4, 0x16, 0x45, 0x46, 0x54, 0xFD, 0xB6, 0x5A, 0xF5,
    0x8D, 0x47, 0xA0, 0x42, 0x87, 0x71, 0xB9, 0x3C, 0xA3, 0xC5, 0x9B, 0x3F, 0xC2, 0x49, 0xF4, 0x06,
    0xFF, 0xA9, 0xB4, 0x4D, 0x91, 0x6F, 0x84, 0x5D, 0x04, 0x1A, 0x83, 0x4E, 0x77, 0xEC, 0x85, 0x7B,
    0x1D, 0x6E, 0x6E, 0x1C, 0x03, 0x11, 0xA7, 0x59, 0x9E, 0x00, 0x2B, 0xB2, 0x45, 0x9D, 0x11, 0x18,
    0xC2, 0x43, 0xE0, 0x60, 0x70, 0xE7, 0x93, 0xC1, 0x05, 0xED, 0x4D, 0x8E, 0x74, 0x38, 0xEF, 0x78,
    0x30, 0x6C, 0xA6, 0x8E, 0xEF, 0xE2, 0xE7, 0x23, 0xB5, 0x94, 0x62, 0xBA, 0xA3, 0x7C, 0xDB, 0xFF,
    0xA5, 0x7A, 0xF0, 0x98, 0x89, 0xD9, 0xCD, 0xA6, 0x1A, 0xED, 0x5C, 0xF8, 0xC8, 0xE5, 0xFD, 0xC9,
    0xBD, 0x98, 0x7C, 0x03, 0x3A, 0x96, 0x84, 0x7D, 0xD0, 0x42, 0x78, 0xE6, 0x5D, 0x13, 0x1A, 0x67,
    0xF3, 0xA6, 0xB9, 0xC9, 0x4E, 0xF5, 0x79, 0xC0, 0x6B, 0xC7, 0x5C, 0x35, 0xE7, 0xD8, 0x2C, 0x86,
    0xDC, 0x39, 0x7D, 0x00, 0x72, 0x20, 0xC5, 0x3A, 0x2A, 0x21, 0xC5, 0x46, 0xD7, 0x2E, 0x84, 0xED,
    0xB1, 0xBD, 0xC3, 0xE2, 0x02, 0x0F, 0xE6, 0x3F, 0x46, 0xFC, 0x29, 0x23, 0xF3, 0x6A, 0x13, 0x80,
    0xE5, 0x6B, 0x38, 0xE8, 0xD8, 0x32, 0xED, 0x81, 0xC7, 0x55, 0x1F, 0x57, 0x13, 0x14, 0x1B, 0x84,
    0x9B, 0xE5, 0xAC, 0xCF, 0xD6, 0xE5, 0xA4, 0xB5, 0xCA, 0x52, 0xF2, 0x86, 0xDA, 0xF0, 0xCD, 0x2B,
    0x88, 0x53, 0x9E, 0xF9, 0xC2, 0x5C, 0x37, 0xC5, 0xA9, 0xBB, 0xE6, 0xAE, 0x41, 0x48, 0xFD, 0xCC,
    0xDC, 0x40, 0xB4, 0xAA, 0xF3, 0x0A, 0xFA, 0x56, 0xC7, 0x75, 0x5C, 0x70, 0x7C, 0x23, 0xAC, 0x38,
    0xD7, 0x11, 0x34, 0xCE, 0x40, 0x49, 0x29, 0x2A, 0xE3, 0x20, 0x05, 0x98, 0x34, 0xE1, 0xC1, 0xE8,
    0xD3, 0xEF, 0x43, 0x8C, 0x81, 0xB9, 0x81, 0x1C, 0xD9, 0x05, 0x06, 0xC1, 0x41, 0x9B, 0x86, 0x2C,
    0x59, 0xBD, 0x2D, 0x9E, 0x9A, 0xA5, 0xA2, 0x87, 0x54, 0x07, 0x6D, 0x44, 0x99, 0xBF, 0x2A, 0x05,
    0xFF, 0xC9, 0x86, 0xEC, 0x7A, 0xC7, 0x0F, 0xD6, 0x53, 0x38, 0xB1, 0x94, 0x33, 0x22, 0xAC, 0xB5,
    0xD1, 0x77, 0xD1, 0x49, 0x75, 0x6C, 0xD8, 0xC0, 0x0F, 0x05, 0x6C, 0xC9, 0xD7, 0xD0, 0x1A, 0xD7,
    0xB0, 0xEC, 0xAA, 0x06, 0x48, 0x15, 0x17, 0xFA, 0x49, 0x03, 0xB7, 0x16, 0x5E, 0x1B, 0x70, 0x38,
    0xA8, 0xD3, 0x6B, 0x38, 0xDC, 0xEA, 0x16, 0x87, 0x21, 0x6E, 0x1E, 0x96, 0xDA, 0x77, 0x58, 0x04,
    0x86, 0x87, 0x91, 0xFF, 0xD3, 0xA0, 0x23, 0x7A, 0x40, 0x44, 0x3B, 0x5C, 0x0F, 0xEA, 0x91, 0xF1,
    0x7A, 0xE1, 0x12, 0x67, 0x07, 0xD5, 0x83, 0xE2, 0xFF, 0xA2, 0x0B, 0xB5, 0x86, 0x80, 0x11, 0xF4,
    0x94, 0x30, 0xD0, 0x00, 0x8B, 0xD1, 0x46, 0x43, 0x15, 0x8B, 0x01, 0xA2, 0x85, 0x09, 0x0F, 0x02,
    0x03, 0xE2, 0xC2, 0x6F, 0xB1, 0xAA, 0xB0, 0xE1, 0x84, 0xA6, 0x4D, 0x25, 0xFC, 0x4E, 0x58, 0x69,
    0x73, 0x95, 0x35, 0x88, 0xB8, 0x90, 0x58, 0x3E, 0x6B, 0x5D, 0x4C, 0xE4, 0x85, 0x83, 0x85, 0x6F,
    0x8B, 0xFB, 0x11, 0xE3, 0x13, 0xFD, 0x0F, 0xF4, 0xC7, 0x25, 0x36, 0xA3, 0xB2, 0x28, 0x96, 0xCC,
    0xF0, 0xDD, 0xBC, 0xA6, 0x38, 0x3E, 0xED, 0x39, 0x55, 0x56, 0x9B, 0x77, 0xE0, 0xAC, 0x81, 0x00,
    0x71, 0xF8, 0xB2, 0x37, 0xF0, 0x70, 0x92, 0xDF, 0xC4, 0xE1, 0x42, 0x33, 0x45, 0xAA, 0x5D, 0xC3,
    0xC3, 0x2A, 0xEE, 0x19, 0x9F, 0x59, 0x49, 0x4F, 0xB7, 0x40, 0xA8, 0x43, 0x38, 0x59, 0xF1, 0x7A,
    0xFE, 0x7D, 0x8E, 0xC5, 0xFA, 0xB6, 0x3C, 0x99, 0x0B, 0xF5, 0xA3, 0x86, 0xD9, 0x20, 0x7D, 0x92,
    0x6A, 0x5A, 0xE5, 0x65, 0x3C, 0xC4, 0xB0, 0xC4, 0xDB, 0xC4, 0x89, 0xD0, 0x8B, 0xB0, 0xD3, 0x95,
    0x14, 0xF0, 0xE2, 0x8A, 0x08, 0x5F, 0x70, 0x11, 0x31, 0x90, 0x60, 0x23, 0x19, 0x91, 0xF8, 0xD3,
    0x95, 0x01, 0xE6, 0x14, 0x21, 0x27, 0x3E, 0xDE, 0xD9, 0x9E, 0x42, 0xB2, 0x18, 0x09, 0x70, 0xFA,
    0x05, 0x82, 0x19, 0x67, 0x02, 0x1E, 0x3B, 0xB1, 0x4C, 0xC5, 0xB0, 0x19, 0x04, 0xAB, 0xED, 0xED,
    0x87, 0x22, 0x90, 0x11, 0x44, 0xB0, 0xD3, 0xB2, 0x52, 0xAB, 0x7E, 0x8C, 0x64, 0x61, 0x23, 0x4F,
    0x2E, 0xA4, 0xE5, 0x62, 0xD3, 0xB9, 0xD4, 0x99, 0x06, 0x19, 0x53, 0x3A, 0xAA, 0x5E, 0x78, 0x28,
    0x82, 0x61, 0xA9, 0x80, 0x48, 0x44, 0x6E, 0x19, 0x9D, 0xAF, 0xA4, 0xD1, 0x0D, 0x7F, 0xB7, 0x20,
    0xCC, 0x4E, 0x49, 0x89, 0xDD, 0xEE, 0xD8, 0x66, 0x11, 0xFD, 0xD0, 0xB7, 0xB9, 0x62, 0x21, 0x7E,
    0xDB, 0x65, 0x4A, 0xF3, 0xB3, 0x74, 0xAE, 0x57, 0xBF, 0x25, 0x23, 0x40, 0xB8, 0xA2, 0x66, 0x5F,
    0x24, 0x34, 0x97, 0x0C, 0xC1, 0x4D, 0x5E, 0xE9, 0x4E, 0xE9, 0x0E, 0x58, 0xD5, 0x35, 0xC7, 0x29,
    0x8D, 0x4F, 0xE8, 0x93, 0xDB, 0x1C, 0x6E, 0xBF, 0x07, 0xA4, 0x71, 0xCC, 0x89, 0x8E, 0x8D, 0x3C,
    0x2E, 0x4E, 0x4D, 0x00, 0xDF, 0xE2, 0xC3, 0xA0, 0xC7, 0x39, 0x9E, 0x71, 0x99, 0xAA, 0x20, 0xB7,
    0xF7, 0xD9, 0xA6, 0xE5, 0x85, 0x65, 0xA6, 0xEB, 0xA0, 0x34, 0x21, 0x96, 0x5C, 0xE6, 0x4B, 0xB6,
    0xDB, 0x35, 0x16, 0x43, 0x65, 0xAC, 0xEB, 0x89, 0x11, 0xFF, 0xB6, 0xDF, 0x51, 0x7A, 0x38, 0xA3,
    0xF4, 0x66, 0xA7, 0x9E, 0x14, 0x90, 0x3F, 0x32, 0x77, 0x92, 0x59, 0x56, 0x81, 0xEB, 0x61, 0xB5,
    0x36, 0x1B, 0x04, 0x37, 0xCE, 0xB8, 0x75, 0x74, 0xDF, 0x11, 0x20, 0x03, 0x5D, 0x0D, 0x3C, 0x0A,
    0xBC, 0x8A, 0xAE, 0x59, 0x3C, 0x8F, 0xCB, 0xB4, 0x88, 0xEE, 0x19, 0x51, 0x57, 0x97, 0x59, 0xE0,
    0xE1, 0x45, 0x66, 0x53, 0x72, 0x46, 0x4C, 0x7A, 0x35, 0x5D, 0x98, 0xCD, 0x72, 0xFB, 0x5B, 0x42,
    0xC8, 0x4D, 0x91, 0x51, 0x42, 0x19, 0x65, 0x8F, 0x50, 0x46, 0x5B, 0x4F, 0x0B, 0x81, 0x41, 0x63,
    0xB0, 0xE4, 0x3D, 0x3E, 0x5C, 0xDF, 0x27, 0xD9, 0x78, 0xBC, 0xA0, 0xDB, 0xCC, 0x23, 0x52, 0x56,
    0xF1, 0x9F, 0xA6, 0xC7, 0x67, 0x3E, 0x24, 0x58, 0xDE, 0x4E, 0x08, 0x3C, 0x2A, 0xD9, 0xF0, 0xED,
    0x79, 0x6B, 0x80, 0xF4, 0x99, 0xCC, 0xB5, 0x1C, 0xC6, 0x91, 0xAD, 0xD1, 0x3B, 0x35, 0x38, 0xA3,
    0x72, 0x96, 0x3A, 0xCF, 0xCE, 0x86, 0x38, 0x86, 0xC8, 0x74, 0x94, 0x0D, 0x22, 0x3A, 0x4C, 0x30,
    0xBD, 0x8E, 0x90, 0x47, 0xD1, 0xC0, 0x1A, 0xBF, 0x80, 0x89, 0x9D, 0xA8, 0x29, 0xA5, 0xB0, 0x32,
    0x2F, 0x83, 0x80, 0x4B, 0x1C, 0x46, 0xB0, 0x82, 0xD9, 0x58, 0x72, 0x7C, 0x2F, 0x4C, 0x53, 0x91,
    0x8E, 0xED, 0x57, 0x26, 0xE3, 0x67, 0x8F, 0x8B, 0x60, 0x16, 0x86, 0xD5, 0xDB, 0xEC, 0x8A, 0x20,
    0x84, 0xBD, 0xF0, 0xC3, 0x6A, 0x16, 0x4D, 0x04, 0x3F, 0x17, 0x4E, 0x55, 0x84, 0x6F, 0x54, 0x71,
    0x6C, 0xE2, 0x23, 0xA5, 0xCC, 0xB4, 0x1E, 0xA7, 0x46, 0x25, 0xE1, 0x59, 0xA4, 0x3B, 0x9C, 0xA8,
    0x8D, 0xC6, 0x51, 0xA2, 0x46, 0xED, 0x0E, 0x9B, 0xCC, 0x30, 0x21, 0x0A, 0xBF, 0xF3, 0x06, 0xFB,
    0x16, 0xB4, 0x1E, 0x67, 0x6A, 0xFD, 0xCE, 0x4E, 0x14, 0x86, 0x35, 0x2E, 0x15, 0xD9, 0xD9, 0x49,
    0x66, 0xC9, 0x5F, 0x25, 0x2B, 0xAD, 0xE3, 0x6C, 0x6E, 0x1D, 0x97, 0x7B, 0x5B, 0xC7, 0xBC, 0x67,
    0xC0, 0xE3, 0xE9, 0x84, 0x62, 0xA4, 0x59, 0x29, 0x91, 0x2B, 0x5B, 0x02, 0x1D, 0x6B, 0xC9, 0x11,
    0xB8, 0x7B, 0xD6, 0x93, 0xFA, 0xB4, 0x57, 0xA7, 0x76, 0x29, 0x9E, 0x1E, 0x72, 0xCB, 0xCB, 0x14,
    0xD2, 0x06, 0x4A, 0x63, 0xA1, 0x9A, 0x0D, 0xCD, 0x92, 0x95, 0x6A, 0x60, 0x27, 0xBF, 0x15, 0x58,
    0x03, 0x37, 0x3F, 0x70, 0x34, 0xB2, 0x52, 0x6C, 0xAF, 0x2B, 0x83, 0x38, 0xE0, 0xB5, 0xEB, 0x23,
    0xEE, 0xCB, 0xA7, 0xCA, 0x49, 0x34, 0x64, 0x56, 0x31, 0x0E, 0x6D, 0x5F, 0x5C, 0x8D, 0x1C, 0x82,
    0xFF, 0x24, 0x5F, 0xD9, 0x93, 0xAD, 0xEC, 0x9F, 0x8C, 0x5E, 0x9C, 0xD2, 0x3A, 0x99, 0xF4, 0x90,
    0xCC, 0xE3, 0xC2, 0x32, 0x25, 0x27, 0x61, 0x37, 0x79, 0x9D, 0x02, 0xF3, 0x7F, 0x6A, 0xCA, 0xB5,
    0x3C, 0x67, 0x7F, 0xE2, 0x13, 0xDC, 0xBE, 0xA7, 0x08, 0x00, 0x8C, 0xA5, 0x5D, 0xE4, 0xB7, 0x2E,
    0x51, 0x23, 0x5C, 0x51, 0x8E, 0xBF, 0x24, 0x96, 0xE9, 0x8A, 0xC3, 0xAC, 0xBB, 0x32, 0xEF, 0x8E,
    0xF8, 0xB4, 0x4B, 0xA2, 0x7E, 0x3E, 0x72, 0x2C, 0x4D, 0xC0, 0x58, 0x86, 0x82, 0xFF, 0x7B, 0xAC,
    0x09, 0x4C, 0x93, 0x86, 0x0B, 0x3C, 0x3C, 0x8D, 0x53, 0x4C, 0xB9, 0xD1, 0x5C, 0x1B, 0x75, 0xDE,
    0xDA, 0x1A, 0x85, 0x23, 0x03, 0x08, 0x4F, 0xE6, 0x9F, 0xD0, 0x44, 0xEA, 0x90, 0x43, 0x48, 0x90,
    0x09, 0x67, 0xC6, 0x60, 0x15, 0x99, 0x0C, 0xD0, 0x46, 0xAC, 0x58, 0x84, 0x08, 0xED, 0x43, 0x5E,
    0x5B, 0x4A, 0xC6, 0xB9, 0xA6, 0x4F, 0x59, 0x1D, 0xAF, 0xD9, 0xD9, 0x65, 0xC9, 0xD0, 0x1D, 0x58,
    0x35, 0x40, 0x46, 0x52, 0xAB, 0xF4, 0xCB, 0x80, 0xD3, 0xF7, 0x89, 0x69, 0xF0, 0x45, 0xBB, 0x01,
    0x62, 0xDD, 0x8A, 0xC9, 0xB3, 0x9D, 0x3D, 0x59, 0xD7, 0x8B, 0x4B, 0xD3, 0xF7, 0x1B, 0xE1, 0x80,
    0x2B, 0xB5, 0xE6, 0xCA, 0x4F, 0xFE, 0x00, 0xC3, 0x4C, 0x3F, 0xA0, 0x8C, 0x83, 0xC1, 0x16, 0xA4,
    0xD8, 0xCA, 0x99, 0x0A, 0xC4, 0xC9, 0x3C, 0x65, 0xCC, 0xCA, 0x60, 0x3F, 0xAF, 0x73, 0xC0, 0x25,
    0xE6, 0xD8, 0x49, 0xE2, 0x5D, 0x6A, 0x52, 0x96, 0x24, 0x60, 0x30, 0xC8, 0x8B, 0x40, 0x5C, 0x9A,
    0x41, 0x0A, 0x51, 0xC5, 0xA2, 0x0B, 0x47, 0x00, 0x64, 0xF2, 0xDC, 0x31, 0x97, 0x3A, 0x3B, 0x2C,
    0x60, 0x25, 0x27, 0x75, 0x4E, 0x96, 0x92, 0x71, 0x84, 0xE6, 0xCE, 0xC4, 0x1B, 0x9C, 0x87, 0xC8,
    0x14, 0x76, 0x98, 0x6B, 0x21, 0x93, 0xEA, 0x63, 0xDA, 0xF5, 0x4A, 0x6E, 0x27, 0xD0, 0x36, 0x4D,
    0x56, 0xE4, 0x2C, 0xB0, 0xF6, 0xB0, 0x93, 0xA4, 0x6D, 0x7C, 0x0D, 0x78, 0x7E, 0x2D, 0x85, 0xD6,
    0xF5, 0x03, 0xD2, 0x4B, 0xE9, 0x6F, 0xB0, 0x61, 0x20, 0xFD, 0xA7, 0x05, 0x03, 0x76, 0x62, 0x5A,
    0xD6, 0x34, 0x58, 0x72, 0x26, 0x17, 0xEC, 0xFC, 0xB0, 0xED, 0x41, 0x8D, 0xD9, 0x98, 0x1D, 0x87,
    0x60, 0xA3, 0x41, 0xF9, 0x4B, 0x6D, 0x96, 0x69, 0x0F, 0x85, 0xCB, 0x95, 0xB4, 0x7B, 0x45, 0x6E,
    0xF5, 0x21, 0x0B, 0x82, 0x74, 0xAC, 0x29, 0xE7, 0xC8, 0x91, 0x28, 0x34, 0xD4, 0x76, 0x0E, 0x98,
    0x90, 0x09, 0xEE, 0xAF, 0x50, 0xE9, 0x2D, 0x49, 0x0B, 0x87, 0x11, 0x87, 0x7A, 0x3D, 0xC3, 0xB4,
    0x21, 0x84, 0x48, 0xAF, 0xF0, 0x48, 0x25, 0xD3, 0x10, 0x4C, 0x6A, 0x86, 0x04, 0x00, 0xD0, 0x34,
    0xDA, 0x9C, 0x30, 0x9D, 0x1D, 0x33, 0x99, 0xBD, 0xE4, 0xF3, 0x6A, 0x9A, 0x74, 0x9E, 0xC6, 0x98,
    0x6C, 0xE5, 0xD9, 0x36, 0xBC, 0xA4, 0x27, 0x37, 0xCC, 0x54, 0x6E, 0xAC, 0x01, 0xC2, 0x19, 0xE4,
    0xDD, 0xDD, 0x91, 0x3E, 0xAF, 0xBD, 0xBB, 0xBB, 0xC8, 0xC4, 0x21, 0x93, 0x4A, 0x4A, 0x55, 0xEC,
    0xB5, 0x2C, 0x09, 0x82, 0xAA, 0x6D, 0x6C, 0xF7, 0x35, 0x5A, 0xF4, 0xAA, 0x5C, 0x3B, 0xBD, 0xEF,
    0x8D, 0x82, 0x7B, 0xF6, 0xD1, 0x2A, 0xC0, 0x8C, 0xE1, 0x05, 0x5C, 0x8F, 0xF6, 0x27, 0xBB, 0x6A,
    0xCE, 0xB1, 0x8E, 0x67, 0x0A, 0x59, 0x7E, 0xF2, 0x29, 0x1B, 0x80, 0x82, 0x61, 0x9C, 0xD2, 0xD1,
    0xED, 0x54, 0xA6, 0xAB, 0x46, 0xD7, 0x45, 0x6E, 0x6D, 0x86, 0x98, 0xAD, 0xEA, 0xC1, 0x58, 0xF6,
    0x1B, 0xA6, 0x42, 0xEE, 0xBC, 0xEC, 0x04, 0x16, 0xF3, 0x38, 0xC4, 0x0C, 0xBD, 0xB8, 0x34, 0xEF,
    0x25, 0x92, 0x52, 0x40, 0x22, 0x65, 0xD0, 0x9F, 0x6A, 0x70, 0x59, 0x56, 0x08, 0x62, 0x68, 0x82,
    0x4E, 0xD8, 0x6D, 0x67, 0xE5, 0x41, 0x71, 0x72, 0x3E, 0xB0, 0xCD, 0x74, 0x7E, 0x52, 0x11, 0xE8,
    0x7A, 0x25, 0xA0, 0x34, 0x92, 0x81, 0xE2, 0x32, 0x5C, 0x61, 0x5C, 0xEA, 0x56, 0x9B, 0xBC, 0x93,
    0x59, 0x96, 0x80, 0x71, 0xCE, 0xAE, 0xF9, 0x33, 0xB6, 0x20, 0x67, 0x2C, 0xF1, 0x1F, 0x2C, 0x65,
    0xB1, 0xD0, 0xCC, 0x4C, 0x66, 0x29, 0x7F, 0x52, 0x44, 0xC5, 0x0B, 0x5C, 0x22, 0x6A, 0xBC, 0x50,
    0x5D, 0x8C, 0xC6, 0x1C, 0x2A, 0xC3, 0xED, 0x14, 0xF1, 0x3D, 0x68, 0x21, 0xBF, 0x5C, 0xDA, 0xF0,
    0xF2, 0xD6, 0x86, 0x6C, 0xD9, 0xC0, 0x67, 0x8D, 0x6B, 0x7E, 0xC0, 0xE8, 0x20, 0xD4, 0x16, 0x61,
    0xED, 0x95, 0x52, 0xB6, 0x26, 0xA1, 0x11, 0xFC, 0x80, 0x4B, 0x61, 0x47, 0xD2, 0xA5, 0x6C, 0x49,
    0xBF, 0x02, 0x42, 0x29, 0xCE, 0x80, 0xDA, 0x28, 0xF3, 0xB9, 0x55, 0x03, 0x2E, 0xE8, 0xB6, 0x91,
    0x68, 0xEE, 0x8A, 0xA4, 0x26, 0x7F, 0xF8, 0x37, 0x6A, 0x1E, 0x95, 0xB5, 0x8E, 0x7A, 0x1C, 0x94,
    0x73, 0xA4, 0x3C, 0x50, 0x84, 0xBF, 0xEF, 0xDC, 0xCE, 0x4D, 0x62, 0x16, 0x66, 0x32, 0xA6, 0x41,
    0xAC, 0x11, 0x58, 0xBD, 0x74, 0x6A, 0x86, 0x6B, 0xE3, 0x99, 0x4B, 0x25, 0x03, 0x7E, 0xBA, 0x28,
    0x39, 0xBF, 0xB8, 0x5C, 0x72, 0x5E, 0xF8, 0x7B, 0x36, 0xBB, 0xA4, 0x35, 0xC7, 0x70, 0x79, 0xE8,
    0x89, 0xB1, 0x67, 0x8E, 0x6B, 0x49, 0xD8, 0xF8, 0x68, 0x9A, 0x5C, 0xFF, 0x67, 0x6B, 0xC8, 0x70,
    0xC1, 0x49, 0x74, 0x67, 0x13, 0x5E, 0xDF, 0x03, 0x56, 0x90, 0x85, 0xFA, 0x9E, 0xD4, 0x76, 0xB5,
    0xB4, 0x5F, 0x5B, 0xCB, 0xAD, 0xB0, 0xAD, 0xA5, 0xC1, 0x52, 0xEB, 0x24, 0xE8, 0xFC, 0xD2, 0x31,
    0x08, 0x76, 0x69, 0x81, 0xEC, 0xAC, 0x8A, 0x07, 0x56, 0x91, 0x0C, 0x23, 0x57, 0x39, 0x12, 0x77,
    0xC0, 0xC6, 0xE7, 0xA0, 0xB6, 0xC3, 0xD7, 0x6F, 0xAE, 0xDB, 0x7D, 0x1C, 0xA9, 0x6D, 0x6A, 0x92,
    0xC5, 0x6A, 0x9E, 0xD5, 0x27, 0x6C, 0x49, 0x19, 0x80, 0x91, 0x3A, 0xFD, 0xB0, 0xA6, 0x18, 0x24,
    0x89, 0x68, 0xAD, 0x0C, 0xF8, 0xE2, 0xEF, 0x51, 0xED, 0x73, 0x7E, 0xB8, 0x80, 0x41, 0xDD, 0x6A,
    0xB8, 0x76, 0xCE, 0x38, 0x6D, 0x3B, 0x8D, 0x23, 0xDA, 0x62, 0xAE, 0xDC, 0xD6, 0x79, 0x39, 0x48,
    0xD4, 0x19, 0x04, 0x1C, 0x8F, 0x73, 0x98, 0x7A, 0x98, 0x46, 0xC0, 0x95, 0x5D, 0x69, 0x19, 0x4C,
    0x27, 0xDF, 0x54, 0x4E, 0x59, 0x6A, 0x2C, 0x73, 0x2D, 0x8C, 0x87, 0xED, 0xB8, 0xD6, 0x81, 0x28,
    0xA4, 0xE8, 0xE9, 0x54, 0x89, 0x86, 0x15, 0x92, 0x75, 0xD1, 0x4F, 0xAE, 0x36, 0x47, 0xA2, 0x32,
    0xF2, 0x2E, 0x0A, 0x6A, 0x97, 0x7B, 0x7D, 0x02, 0xB5, 0xCC, 0x81, 0xE2, 0x71, 0xAF, 0xC9, 0x51,
    0x0E, 0xE4, 0x9E, 0x56, 0x11, 0x90, 0xAD, 0xBE, 0x5E, 0xC9, 0xB4, 0xAA, 0x94, 0x08, 0x3F, 0x5C,
    0x86, 0x6D, 0x1C, 0x97, 0x2F, 0xA8, 0xB9, 0x14, 0x00, 0xD7, 0x94, 0x8A, 0x20, 0xA4, 0x50, 0x02,
    0x54, 0x5E, 0x98, 0x7E, 0x48, 0x6A, 0x59, 0x18, 0xBC, 0xD7, 0x0B, 0xFA, 0xF3, 0x67, 0x81, 0x3F,
    0x4A, 0x83, 0x1C, 0xFB, 0x2F, 0xF9, 0x34, 0x3F, 0x55, 0x4D, 0xC5, 0xB2, 0x87, 0x61, 0xA9, 0xE2,
    0x81, 0x99, 0x2B, 0xD8, 0xA6, 0xE1, 0xD2, 0x0C, 0x46, 0x50, 0x4E, 0xF8, 0x47, 0x82, 0x61, 0x94,
    0xDD, 0x5F, 0x31, 0x46, 0x7C, 0x62, 0xF7, 0xA8, 0x03, 0xEC, 0x7D, 0xBF, 0x8B, 0x1D, 0xE3, 0x74,
    0x31, 0xF9, 0x3B, 0xE6, 0x22, 0xD1, 0x7F, 0xDA, 0xEB, 0x1D, 0x1B, 0xE7, 0x6D, 0x37, 0x43, 0x50,
    0x83, 0x5E, 0x8C, 0x3F, 0xD6, 0xD3, 0xD8, 0x9E, 0xBD, 0xC5, 0x7C, 0x1F, 0x4E, 0xC0, 0x49, 0xEB,
    0x65, 0x9C, 0x26, 0x4B, 0xA4, 0xA6, 0x6E, 0x6C, 0xEB, 0x61, 0xCE, 0x20, 0x22, 0x51, 0x07, 0x88,
    0x01, 0xAE, 0xF5, 0x5B, 0xA6, 0x03, 0xE6, 0x39, 0x94, 0x7F, 0x95, 0xB0, 0xE4, 0xD1, 0xC8, 0x3D,
    0x8D, 0x38, 0x5E, 0xFE, 0x2D, 0x91, 0x43, 0x99, 0x53, 0x25, 0xDC, 0xAD, 0x66, 0x91, 0xA1, 0x9C,
    0xC5, 0xBC, 0x3F, 0x0C, 0xCC, 0x3F, 0x1F, 0x4E, 0xBB, 0x26, 0xE4, 0x9A, 0xE2, 0xB5, 0xEC, 0xBA,
    0x06, 0x4B, 0x4D, 0x95, 0x83, 0x06, 0xE1, 0xD4, 0x5C, 0xBD, 0x74, 0x6F, 0x0B, 0x9C, 0x79, 0xFD,
    0xC4, 0xB9, 0xE5, 0x54, 0x38, 0x73, 0x8A, 0xF8, 0xDF, 0x11, 0xB9, 0x3B, 0x8F, 0x06, 0xDE, 0x4C,
    0xAB, 0xF8, 0xC6, 0x52, 0x7B, 0xC6, 0xD9, 0x7A, 0x34, 0x0C, 0xDA, 0x29, 0xF4, 0xCA, 0xB6, 0xCF,
    0xC6, 0xD6, 0x99, 0x3B, 0x36, 0xFE, 0x2A, 0x32, 0xE7, 0xE4, 0x9C, 0xEA, 0xE9, 0xB8, 0x54, 0xD2,
    0xF8, 0x4B, 0xE4, 0x26, 0x66, 0x3A, 0x6C, 0xDB, 0x86, 0xBE, 0x02, 0x7F, 0x9E, 0x8C, 0x48, 0x17,
    0xCE, 0x42, 0x4D, 0xED, 0x76, 0x3C, 0xCE, 0xE6, 0x2C, 0x76, 0xE3, 0x71, 0xCE, 0xA7, 0xE4, 0xE8,
    0x62, 0x2D, 0xFC, 0xE9, 0x22, 0x2D, 0x52, 0xAF, 0x86, 0xAE, 0x27, 0x6D, 0xD0, 0x06, 0x85, 0x65,
    0xD0, 0xD6, 0x9E, 0x05, 0xF1, 0x13, 0x7C, 0x5A, 0x0E, 0xA5, 0x83, 0xB6, 0x7C, 0xA4, 0x5A, 0x39,
    0xC2, 0xF9, 0x32, 0xCB, 0xA3, 0xB7, 0xB7, 0x37, 0xF8, 0x1B, 0x35, 0x6E, 0xD4, 0x93, 0x21, 0x1F,
    0x35, 0xD0, 0x2B, 0x0D, 0x1C, 0xC4, 0x3D, 0x3A, 0xEE, 0x4A, 0xF8, 0x8D, 0x35, 0xD9, 0x11, 0x0D,
    0x6E, 0x52, 0xEB, 0x4C, 0xC1, 0x99, 0xDA, 0x60, 0xD1, 0xBB, 0xBF, 0x0F, 0xFE, 0x3E, 0x47, 0xA6,
    0x2D, 0xBA, 0xE2, 0xE0, 0x70, 0x32, 0x73, 0xDD, 0xDB, 0xFD, 0x81, 0x1C, 0x3F, 0xBD, 0xD1, 0xA8,
    0xDE, 0xAB, 0x16, 0x2D, 0x35, 0x19, 0x8E, 0x32, 0x80, 0x90, 0x90, 0x0B, 0xC7, 0x3D, 0xB9, 0x31,
    0xCE, 0xB3, 0x1B, 0xE3, 0xB2, 0x40, 0x5A, 0x93, 0x84, 0xFC, 0xB6, 0x3F, 0x49, 0x78, 0xC8, 0xEA,
    0x33, 0x7B, 0xCC, 0x03, 0x09, 0x23, 0x82, 0x2A, 0x6C, 0x1B, 0x33, 0x65, 0xC7, 0x92, 0x43, 0x7A,
    0xC0, 0xF9, 0x25, 0xF7, 0xE9, 0x9A, 0x97, 0x73, 0x49, 0x23, 0xE8, 0x42, 0x8C, 0xB8, 0xCE, 0x61,
    0x9C, 0xA3, 0x1B, 0x7F, 0x9E, 0x66, 0x69, 0x25, 0xA8, 0x25, 0x90, 0x93, 0x0D, 0xFD, 0x49, 0x67,
    0x71, 0x92, 0x7C, 0x0B, 0x98, 0x10, 0xE1, 0x2F, 0x46, 0xC6, 0xE1, 0x6C, 0x96, 0x61, 0xE5, 0x70,
    0x0F, 0x72, 0x54, 0xC4, 0x63, 0x35, 0x2F, 0x01, 0x71, 0x35, 0x14, 0x8C, 0x88, 0x55, 0x03, 0x91,
    0x3A, 0x7D, 0x60, 0x0E, 0x44, 0x57, 0xEF, 0xDE, 0xBD, 0x6A, 0xBA, 0xBC, 0x8B, 0x0C, 0xE0, 0x29,
    0xC2, 0x40, 0xB6, 0x58, 0xF5, 0x64, 0x9D, 0x83, 0x7D, 0xB0, 0xE4, 0x3F, 0x81, 0x94, 0x1E, 0x41,
    0xFF, 0x60, 0xB2, 0xF5, 0xC8, 0x25, 0x10, 0x26, 0xDC, 0xA9, 0x36, 0x1C, 0x13, 0x25, 0xE4, 0x7C,
    0x97, 0xE8, 0xCE, 0xC6, 0xD1, 0x87, 0x22, 0x81, 0x0D, 0x84, 0xA4, 0xF8, 0x2A, 0xCB, 0xB9, 0x40,
    0x1B, 0x77, 0xA0, 0x7B, 0x87, 0xFC, 0x6A, 0x05, 0x4C, 0x3E, 0x2A, 0x29, 0xD8, 0x3D, 0x5F, 0xD2,
    0xC7, 0x15, 0x30, 0xE3, 0x37, 0x3D, 0x0B, 0x4F, 0xDC, 0x94, 0x72, 0x48, 0xEA, 0x62, 0xDF, 0xBC,
    0x2C, 0xB8, 0x33, 0xC7, 0x37, 0xE3, 0xAE, 0xAA, 0x14, 0x01, 0x21, 0xCC, 0x4E, 0xE3, 0x36, 0xCE,
    0x22, 0x51, 0x16, 0xBC, 0xE6, 0x9B, 0x69, 0xEF, 0x88, 0xFA, 0x2B, 0x09, 0x72, 0x17, 0x58, 0x8D,
    0x31, 0xBF, 0xC3, 0xD9, 0xA1, 0x54, 0xA4, 0xAB, 0x95, 0xDD, 0x17, 0x8F, 0x50, 0x84, 0xC4, 0x71,
    0xAA, 0x5F, 0x8A, 0xF5, 0x92, 0xD8, 0x4F, 0xB5, 0x23, 0xBF, 0x79, 0x09, 0x67, 0xFE, 0xA1, 0x50,
    0x51, 0xDA, 0x2A, 0xA7, 0x1C, 0x96, 0x32, 0xB5, 0x6F, 0x5C, 0xB4, 0xEC, 0xC2, 0x7D, 0xB4, 0x6A,
    0xD2, 0xEB, 0x8B, 0xBD, 0x20, 0x92, 0x0B, 0x45, 0x16, 0xB8, 0x19, 0xF5, 0x58, 0xC8, 0x2E, 0xF6,
    0x4B, 0xEB, 0x85, 0x0C, 0x70, 0xFB, 0xC1, 0x6C, 0x2C, 0x3F, 0x70, 0x87, 0xB8, 0x67, 0xF7, 0x55,
    0xD4, 0x2B, 0xCF, 0x03, 0xD8, 0x08, 0xE5, 0xA1, 0x07, 0xC8, 0x1B, 0x9F, 0xEA, 0x81, 0xEB, 0xC2,
    0x22, 0x2A, 0x5D, 0x4A, 0x4A, 0x5A, 0x71, 0x0D, 0x5B, 0x71, 0xDC, 0x98, 0xC2, 0xC2, 0x08, 0x0B,
    0x1F, 0x61, 0x99, 0xD7, 0xAF, 0x74, 0x51, 0x7A, 0x3A, 0x32, 0xBF, 0x35, 0x57, 0x4D, 0x9D, 0xF2,
    0xB9, 0x09, 0xED, 0xB4, 0x57, 0xD7, 0x36, 0x38, 0x58, 0x2E, 0x0B, 0x0C, 0xCB, 0x9E, 0xC7, 0xE4,
    0x79, 0x10, 0xBF, 0x4E, 0x93, 0x07, 0xCE, 0xE5, 0x03, 0x77, 0xC8, 0xBE, 0xF6, 0x04, 0xF2, 0x01,
    0xF3, 0x32, 0x94, 0xCF, 0x92, 0x15, 0x53, 0x78, 0x89, 0xEE, 0xB5, 0x20, 0xB0, 0x82, 0xCB, 0x6F,
    0xEC, 0x7E, 0x6D, 0xC2, 0x83, 0x80, 0x7D, 0x4B, 0x10, 0x22, 0xC9, 0xC7, 0x2F, 0x6A, 0x89, 0x36,
    0xB2, 0xE7, 0x48, 0x62, 0xB4, 0xC4, 0xA0, 0x48, 0xE2, 0x58, 0x5A, 0xCF, 0x1B, 0xC9, 0xBC, 0xA5,
    0x92, 0xD9, 0xA1, 0x04, 0xA8, 0xFE, 0xD5, 0x4C, 0x43, 0x6E, 0x2F, 0xC1, 0x48, 0x5F, 0xFF, 0xEE,
    0x22, 0x6F, 0x57, 0x1B, 0x51, 0xA3, 0xEF, 0x98, 0x3A, 0xFE, 0xCF, 0xBC, 0x60, 0xD6, 0x31, 0x38,
    0x3D, 0x45, 0x10, 0x82, 0x84, 0xCB, 0x2A, 0x3E, 0x07, 0x1A, 0xA3, 0xCC, 0xED, 0x3A, 0xD9, 0x3B,
    0xC2, 0x7B, 0x80, 0x70, 0x42, 0xE1, 0x15, 0xBF, 0x63, 0x38, 0x07, 0x76, 0x8D, 0xBB, 0xE8, 0x7A,
    0x56, 0x7D, 0xF3, 0xC2, 0xCE, 0xE7, 0xB2, 0xEE, 0x56, 0xCA, 0x1E, 0x6C, 0xC6, 0x56, 0x5F, 0xE6,
    0x7F, 0x62, 0xE2, 0x0C, 0x47, 0x22, 0x1D, 0x79, 0x8C, 0x4A, 0x82, 0xDB, 0xF4, 0xB8, 0x00, 0x6C,
    0xF2, 0xE8, 0xB5, 0x82, 0x3D, 0x76, 0x05, 0x63, 0x88, 0x76, 0xE5, 0xB2, 0xCF, 0x55, 0x78, 0xB4,
    0xB1, 0x5A, 0xEF, 0x7D, 0x26, 0x80, 0x5B, 0x2E, 0x5A, 0xCA, 0x66, 0xB1, 0x79, 0x59, 0x66, 0xD8,
    0x39, 0x13, 0x90, 0x97, 0xF1, 0xA7, 0x80, 0x1B, 0xFF, 0x04, 0xFD, 0xF7, 0x7A, 0xAF, 0xF5, 0x9B,
    0x10, 0x36, 0x92, 0xAA, 0xF8, 0x9D, 0x56, 0x0D, 0x1A, 0x3A, 0x77, 0x59, 0x05, 0x5F, 0x33, 0xC7,
    0x92, 0x7B, 0x91, 0x01, 0x9E, 0xBF, 0x04, 0xF3, 0x59, 0x99, 0x88, 0x6D, 0x6A, 0x41, 0xD4, 0x7D,
    0x68, 0xE5, 0xE6, 0x2F, 0x2E, 0xBC, 0xD1, 0x62, 0x78, 0x85, 0x49, 0xE1, 0xD2, 0xAC, 0x85, 0x74,
    0x89, 0x57, 0x7F, 0x22, 0xD3, 0xF8, 0x45, 0x68, 0x6E, 0x9A, 0x16, 0xD9, 0x21, 0x74, 0xAA, 0xC2,
    0xBA, 0x47, 0x1C, 0xDE, 0xA1, 0xE2, 0x79, 0xEC, 0x9E, 0xFB, 0x35, 0xAB, 0x74, 0x0D, 0x5B, 0xD0,
    0x55, 0xD8, 0x3B, 0x9C, 0x7B, 0xD7, 0x1C, 0x0F, 0x76, 0x06, 0xFF, 0x36, 0xA8, 0x57, 0xE9, 0xB9,
    0xAF, 0x5B, 0x50, 0xA5, 0x3F, 0x6B, 0x2F, 0x87, 0x44, 0x4B, 0x5D, 0xF4, 0x2E, 0x95, 0xE6, 0x6C,
    0x70, 0x97, 0xA9, 0xCD, 0xED, 0x97, 0x69, 0x2D, 0x50, 0x8D, 0xB4, 0x93, 0xC9, 0x9A, 0x50, 0xD2,
    0x97, 0x5A, 0xBC, 0x61, 0x24, 0x86, 0x28, 0xDB, 0x5D, 0x0B, 0x69, 0x0F, 0xE8, 0xF2, 0x3E, 0xFA,
    0xBC, 0x6C, 0x9E, 0x43, 0xB5, 0x4D, 0x5D, 0x69, 0xF4, 0x48, 0xFB, 0x55, 0xB6, 0x1A, 0xCE, 0x8D,
    0x28, 0x7A, 0xA8, 0xC3, 0x50, 0xA2, 0x3A, 0x2C, 0xE3, 0xDF, 0x9A, 0xCC, 0xB8, 0xFD, 0xA9, 0x2E,
    0xA8, 0xC3, 0x8A, 0x93, 0x01, 0x3D, 0x74, 0xA9, 0xD5, 0x85, 0x2E, 0xF3, 0x9F, 0x77, 0x10, 0x75,
    0x17, 0x25, 0xFA, 0x33, 0x73, 0xAD, 0x56, 0x97, 0xE3, 0xEE, 0xAC, 0x0A, 0xEE, 0xDE, 0xFC, 0x18,
    0x9E, 0xA1, 0x1D, 0x38, 0x5D, 0xCC, 0x54, 0x32, 0x2D, 0x39, 0x30, 0xC1, 0x47, 0x45, 0xA8, 0x63,
    0x16, 0x5C, 0xED, 0x99, 0x69, 0x28, 0xD4, 0x62, 0x14, 0x64, 0x92, 0xB4, 0xB6, 0x25, 0x28, 0x6D,
    0x77, 0xF4, 0xBB, 0x5B, 0xFF, 0xAF, 0x04, 0x6D, 0x7D, 0x6A, 0x33, 0x4F, 0xDF, 0xDB, 0x36, 0xD2,
    0x30, 0xFF, 0xED, 0xAE, 0x7E, 0xFD, 0x61, 0x0B, 0xFA, 0x4D, 0xBB, 0xEB, 0x23, 0x3F, 0x21, 0x0B,
    0xCE, 0x61, 0x6A, 0xB1, 0x36, 0x2B, 0xE8, 0xE4, 0xBE, 0xFD, 0x1E, 0xF0, 0xFE, 0xC9, 0x69, 0xC7,
    0xF4, 0x74, 0x68, 0x80, 0xE2, 0xBE, 0x8C, 0x35, 0x0E, 0x9C, 0x26, 0xB4, 0x4F, 0xF6, 0xC0, 0x0A,
    0xA5, 0xAC, 0x4C, 0x9A, 0x24, 0xCE, 0xDC, 0x01, 0x11, 0x2A, 0xE4, 0x90, 0xBD, 0x69, 0x39, 0x20,
    0x57, 0x9D, 0x1D, 0x20, 0x76, 0xBF, 0x8D, 0xE3, 0x73, 0x90, 0xDE, 0x10, 0xFE, 0x82, 0xFB, 0x34,
    0xE2, 0x8F, 0xAF, 0xB6, 0x2C, 0x59, 0xDE, 0xAD, 0x72, 0x7A, 0xBE, 0xA1, 0x09, 0x25, 0x53, 0xEF,
    0x7C, 0x79, 0xB6, 0x46, 0x2F, 0x5B, 0xA4, 0x03, 0x33, 0x36, 0x4E, 0x92, 0xF1, 0xD1, 0x19, 0x92,
    0xB5, 0xC0, 0xCD, 0xF4, 0xF7, 0xAD, 0x7C, 0x50, 0x70, 0x47, 0x4B, 0x4F, 0xD1, 0x47, 0xD7, 0xA4,
    0x32, 0xF4, 0xFC, 0xBE, 0x8A, 0x73, 0x05, 0x1A, 0x4D, 0x83, 0x2F, 0xA3, 0x9B, 0x9A, 0x35, 0xE1,
    0xFE, 0x30, 0x81, 0x94, 0x29, 0x84, 0x38, 0x91, 0x3E, 0x69, 0xE8, 0xED, 0x15, 0x64, 0xE8, 0x0D,
    0xF5, 0xB3, 0xF2, 0xEC, 0x13, 0x71, 0x1C, 0x93, 0x84, 0xDC, 0xAC, 0x8E, 0x80, 0x5F, 0xE1, 0xF3,
    0xB4, 0xF1, 0xB9, 0x11, 0x2B, 0x1E, 0xA0, 0xBE, 0xF0, 0xDA, 0x24, 0xD8, 0x19, 0xF4, 0xC7, 0x15,
    0xAB, 0x8A, 0xE7, 0x3F, 0x6F, 0x21, 0x47, 0xFD, 0x75, 0x7D, 0x99, 0x5E, 0xB7, 0x6F, 0xA3, 0x9B,
    0xAC, 0xAE, 0x7D, 0xE4, 0xDB, 0xFD, 0x6D, 0x8E, 0xAD, 0xC6, 0x24, 0xA9, 0xAD, 0xC0, 0x84, 0x32,
    0x68, 0x58, 0x8A, 0x8B, 0xE5, 0x86, 0x78, 0xAB, 0x8E, 0xF1, 0x0A, 0x7D, 0xE3, 0xE3, 0x87, 0x92,
    0x79, 0xA4, 0xC8, 0x7A, 0xDB, 0x6C, 0xDF, 0xC5, 0xFA, 0xB8, 0x7B, 0x4F, 0x5B, 0x96, 0x5C, 0xAC,
    0xB6, 0x1D, 0x74, 0x9A, 0xAB, 0xBF, 0x17, 0xD5, 0x18, 0x99, 0xD6, 0x38, 0xE0, 0xE0, 0x75, 0x79,
    0xAB, 0xEB, 0xE8, 0xF7, 0x79, 0x91, 0x3B, 0x03, 0xB2, 0xDE, 0x46, 0x97, 0x61, 0x99, 0x66, 0x9D,
    0xEA, 0x03, 0x09, 0xC3, 0xE6, 0x6A, 0x03, 0x0B, 0xE9, 0x62, 0x15, 0x7C, 0x61, 0xAE, 0x63, 0xCD,
    0xCF, 0x74, 0x4C, 0x0C, 0xDF, 0xBD, 0x9D, 0xC0, 0x12, 0x38, 0xFD, 0xC1, 0xC6, 0x27, 0x16, 0x85,
    0xC9, 0x64, 0x15, 0x14, 0xAB, 0x64, 0xBC, 0x39, 0xD7, 0xF0, 0xBD, 0xC5, 0xAE, 0x4D, 0x67, 0xA5,
    0x83, 0x65, 0x4B, 0x29, 0xF1, 0x52, 0x0C, 0x8D, 0x93, 0x07, 0xCC, 0x73, 0x33, 0xE7, 0xB6, 0xA9,
    0x38, 0x10, 0x58, 0x60, 0x47, 0xCB, 0x0D, 0xD3, 0x56, 0xC7, 0x48, 0x54, 0x30, 0xE7, 0xC5, 0x1E,
    0x6F, 0xDA, 0xC0, 0x2D, 0xFB, 0xC5, 0xC4, 0x91, 0xC9, 0x33, 0x6D, 0x54, 0xD8, 0x2D, 0x76, 0xC8,
    0x0C, 0xF2, 0x9C, 0xA8, 0x96, 0xDF, 0xD1, 0x35, 0x73, 0x6E, 0x3E, 0xBD, 0x80, 0x45, 0x0B, 0xE9,
    0x34, 0xC9, 0xEE, 0x1B, 0xDE, 0x0A, 0x28, 0xE9, 0x8A, 0xF4, 0xA7, 0x65, 0x02, 0x70, 0x18, 0x53,
    0x73, 0x29, 0x9B, 0x1C, 0x5A, 0xD6, 0xCA, 0x0D, 0x75, 0xD2, 0x61, 0xB1, 0x34, 0xED, 0xF4, 0xE0,
    0x9B, 0x1B, 0xA6, 0x74, 0x86, 0xB3, 0x63, 0x16, 0x42, 0x4F, 0x21, 0x7C, 0xB3, 0xCD, 0x60, 0x07,
    0x5F, 0x6B, 0x79, 0x4A, 0x97, 0x7B, 0xEA, 0x0B, 0x2C, 0x1F, 0xA0, 0xEF, 0x79, 0x98, 0x01, 0x47,
    0xAC, 0xFA, 0xD1, 0x10, 0x9D, 0x0B, 0x47, 0x45, 0xF1, 0xE5, 0xD1, 0x3B, 0xB5, 0x3C, 0xC8, 0x4B,
    0xFC, 0x9F, 0xB3, 0xB4, 0x99, 0xF0, 0xD1, 0x4A, 0x43, 0xCE, 0x7F, 0x85, 0xB5, 0x2C, 0x3E, 0x71,
    0xE6, 0x55, 0x7C, 0xA9, 0x7C, 0xFB, 0x61, 0x49, 0x63, 0x2E, 0x7E, 0x8E, 0x93, 0x78, 0x32, 0xEA,
    0x75, 0x7F, 0xF9, 0xCF, 0x0A, 0x43, 0x73, 0xDF, 0x5F, 0x22, 0x0F, 0xD2, 0x20, 0x70, 0xB6, 0x1B,
    0x5B, 0xE9, 0xA1, 0xC8, 0x58, 0xCC, 0xC6, 0x0E, 0x0B, 0x24, 0xF9, 0xA5, 0x62, 0x44, 0xAC, 0xF6,
    0x91, 0x69, 0xF2, 0x68, 0x05, 0x41, 0x18, 0x52, 0x79, 0x1A, 0x1F, 0x91, 0x30, 0xEF, 0x17, 0x8F,
    0x76, 0xA6, 0xBC, 0x7A, 0xDA, 0x84, 0xF5, 0xF4, 0xBC, 0xED, 0xDA, 0xCC, 0x80, 0x64, 0x75, 0x5F,
    0x0C, 0x20, 0xAD, 0x0A, 0x7A, 0x8F, 0x8F, 0xCC, 0xC0, 0xE5, 0x9E, 0x92, 0x86, 0x58, 0x9E, 0xD0,
    0xA3, 0xBC, 0x2C, 0x5D, 0x56, 0x46, 0x9A, 0x77, 0x58, 0x04, 0x3F, 0xC7, 0x6A, 0xF8, 0x75, 0xCA,
    0xE0, 0x63, 0xB6, 0x7D, 0x6F, 0x66, 0x76, 0x83, 0x82, 0x0A, 0xFB, 0xF1, 0xA1, 0x4E, 0xE3, 0x6E,
    0xE2, 0xC2, 0x96, 0xFC, 0x9F, 0xE0, 0xCD, 0xA2, 0x4B, 0xCD, 0xB8, 0x45, 0x5E, 0x96, 0x6F, 0x79,
    0x53, 0x92, 0x9E, 0xBA, 0xC8, 0x22, 0xED, 0x3E, 0xA5, 0xE1, 0x9D, 0x65, 0x2B, 0xF1, 0xF5, 0x95,
    0x14, 0xC9, 0x14, 0xD2, 0xCB, 0x4A, 0xB7, 0x2F, 0xF5, 0x2E, 0x32, 0x0D, 0x98, 0x2C, 0x23, 0xA7,
    0x5D, 0x1D, 0x33, 0x26, 0xD1, 0x1E, 0x57, 0x9A, 0x85, 0x5B, 0x19, 0xA2, 0x10, 0x75, 0x91, 0xA7,
    0xCE, 0x74, 0xEA, 0x0D, 0xFA, 0xE8, 0x3A, 0x60, 0xD2, 0x02, 0xD1, 0x21, 0x89, 0xD9, 0x66, 0xF3,
    0x0E, 0x17, 0x8D, 0xCC, 0xA2, 0x1B, 0x77, 0xD4, 0xD6, 0x95, 0xE2, 0x56, 0xB9, 0x70, 0x67, 0xE1,
    0xB9, 0xCA, 0x69, 0x83, 0xCC, 0x1D, 0x23, 0xF8, 0x61, 0x8E, 0x7D, 0x7E, 0x1F, 0x6B, 0x45, 0x85,
    0xEA, 0xFD, 0x32, 0x45, 0xB8, 0xE9, 0xD5, 0x61, 0x7A, 0xB1, 0xDE, 0x82, 0xEB, 0x61, 0xFA, 0xE7,
    0x03, 0xBD, 0xF3, 0x7D, 0xE4, 0x2B, 0xE6, 0xFA, 0xAE, 0xE9, 0xF5, 0x15, 0xB3, 0x78, 0xC2, 0xC4,
    0xFE, 0xB0, 0x31, 0xD5, 0xBF, 0x45, 0x3D, 0xD2, 0x62, 0x5C, 0x6D, 0xC1, 0x78, 0xDF, 0x04, 0x13,
    0x17, 0xEC, 0x37, 0x72, 0xBB, 0x0F, 0xC5, 0xCD, 0xD4, 0x7E, 0xF3, 0x36, 0x62, 0x28, 0x5B, 0x5E,
    0xB4, 0x8F, 0x33, 0xFB, 0x26, 0xF8, 0xB2, 0x79, 0xB9, 0x96, 0x61, 0x9E, 0x6A, 0x3F, 0x77, 0x22,
    0xDA, 0xAA, 0x6F, 0x21, 0xA6, 0x1A, 0xC8, 0x6E, 0x95, 0xB7, 0x83, 0x24, 0xD7, 0x55, 0x7C, 0xBD,
    0x0D, 0xCA, 0x76, 0xA9, 0x6C, 0x3A, 0x4C, 0x35, 0xF9, 0x4D, 0xA6, 0xC3, 0x1D, 0x4B, 0xA2, 0x1C,
    0xDE, 0x2D, 0x1F, 0xB0, 0xE3, 0xE0, 0x39, 0xAF, 0xDF, 0x4C, 0x24, 0xBF, 0x2C, 0xFC, 0x79, 0x6F,
    0x81, 0x9A, 0x07, 0xAF, 0x22, 0xA6, 0xDC, 0xFE, 0x15, 0x2A, 0xC8, 0xDB, 0xDC, 0x40, 0xEA, 0x5F,
    0x15, 0x8F, 0xDB, 0x2D, 0x86, 0x87, 0xF7, 0x09, 0x91, 0x88, 0x1C, 0xA4, 0xDB, 0x13, 0x9C, 0xA3,
    0x6C, 0x09, 0xDD, 0xF5, 0x71, 0xFE, 0x49, 0xF5, 0x70, 0xFB, 0x47, 0xED, 0x9C, 0xA6, 0x3C, 0xC3,
    0x46, 0xFB, 0xEF, 0x89, 0xA2, 0x4B, 0xC8, 0x3F, 0xBD, 0xC8, 0x3E, 0xAA, 0x71, 0x9A, 0xE3, 0x88,
    0x6C, 0x94, 0xEE, 0x73, 0x65, 0x9F, 0xE1, 0xE1, 0x98, 0x5F, 0xC9, 0x4E, 0x1D, 0xDC, 0x2A, 0x20,
    0xA0, 0x92, 0x87, 0x48, 0x72, 0xEE, 0x00, 0xB1, 0x87, 0xDD, 0x2E, 0x1B, 0xB1, 0xA4, 0x2B, 0xCF,
    0x1E, 0x1A, 0xBB, 0x47, 0xC7, 0x86, 0x0F, 0x15, 0x1F, 0x41, 0x94, 0x71, 0x16, 0xBC, 0x52, 0xBA,
    0xF5, 0x9B, 0xBD, 0x80, 0xE2, 0x1B, 0x7C, 0x62, 0xC5, 0xF2, 0x03, 0x28, 0x8C, 0xFA, 0x3F, 0x1F,
    0x40, 0xB1, 0x7C, 0x82, 0xFF, 0xE7, 0x3F, 0xB1, 0x42, 0xE6, 0xD7, 0xA4, 0x1A, 0xE5, 0xB3, 0x4D,
    0xEB, 0xF7, 0xBE, 0xC4, 0xBD, 0x3C, 0xC1, 0xDA, 0xA6, 0x89, 0x2D, 0x77, 0xA4, 0x45, 0xCC, 0xE7,
    0xC4, 0xC4, 0xDC, 0xE2, 0x14, 0x51, 0x4E, 0xDA, 0x4E, 0x69, 0xF0, 0x09, 0x10, 0xDA, 0xC8, 0x33,
    0xED, 0x64, 0x84, 0xA3, 0xF3, 0xBA, 0xA7, 0x39, 0xD9, 0xAA, 0xB9, 0xFD, 0xE0, 0x7C, 0x19, 0x95,
    0xE9, 0x8D, 0x7E, 0xB3, 0xE6, 0x84, 0x7F, 0x9D, 0x77, 0x81, 0x04, 0x4B, 0x48, 0xF0, 0x7F, 0x00,
    0xCD, 0x5B, 0x3D, 0xAC, 0xDE, 0xE4, 0x15, 0x7E, 0x6D, 0xE7, 0xBB, 0x86, 0xB8, 0x92, 0xAF, 0xAA,
    0x80, 0xA0, 0x81, 0x98, 0x21, 0x03, 0x95, 0x4A, 0xBC, 0x74, 0xE8, 0x10, 0x62, 0x03, 0x03, 0x43,
    0x07, 0x32, 0x24, 0xAD, 0xD4, 0x0E, 0xCD, 0xC0, 0x50, 0x55, 0xAA, 0x2E, 0x03, 0x03, 0x03, 0x60,
    0x37, 0x19, 0x2A, 0xB5, 0x52, 0xB9, 0x2C, 0x5D, 0xC9, 0x90, 0x05, 0x2A, 0x35, 0x54, 0xEA, 0x90,
    0x21, 0x37, 0x36, 0x64, 0xE8, 0xC0, 0x80, 0x1B, 0xD4, 0x89, 0x21, 0x56, 0x9B, 0xAA, 0x52, 0x33,
    0xC4, 0x25, 0x1F, 0xE0, 0x24, 0xB6, 0xDF, 0x3E, 0xCF, 0x39, 0xB6, 0xBF, 0xEF, 0xF6, 0x47, 0x1D,
    0xCA, 0x4D, 0xEE, 0x85, 0xFA, 0xDE, 0xFA, 0xF7, 0x7D, 0x9F, 0xF7, 0x39, 0xE7, 0x3C, 0xE7, 0x9C,
    0x17, 0x63, 0xCC, 0x46, 0x6A, 0xF0, 0x63, 0x79, 0x08, 0x3A, 0x1E, 0xB3, 0x25, 0x0E, 0x9E, 0xAD,
    0x70, 0x8C, 0x8B, 0x1C, 0xC7, 0x8E, 0x17, 0x83, 0xBF, 0xF0, 0x62, 0x16, 0x34, 0xB8, 0xB6, 0x8C,
    0x71, 0x31, 0x2A, 0x33, 0x5C, 0xEC, 0xF9, 0x64, 0xF0, 0xF9, 0xF7, 0x71, 0x31, 0xB1, 0xB6, 0xC1,
    0x73, 0x16, 0x4F, 0x46, 0x7F, 0x3A, 0x8D, 0x27, 0x07, 0xE3, 0x5A, 0x83, 0x07, 0xFC, 0xCE, 0x64,
    0xA5, 0x89, 0xEF, 0x44, 0xB6, 0x0A, 0x6C, 0x5F, 0xD8, 0x34, 0xC1, 0x8D, 0xEB, 0x3F, 0x81, 0x0C,
    0xA1, 0xE0, 0xC1, 0x93, 0x21, 0x84, 0x35, 0x8F, 0xDF, 0xE4, 0xC1, 0x39, 0xB9, 0x30, 0xBE, 0xDD,
    0x2A, 0x7D, 0x6B, 0x6B, 0x7F, 0xC8, 0x1A, 0xAF, 0xF3, 0x3A, 0xB7, 0xC7, 0xBB, 0xAD, 0xC9, 0xD2,
    0x2C, 0x4F, 0xCA, 0xB8, 0x8C, 0x9A, 0xB0, 0x09, 0x5B, 0xAF, 0xF3, 0x31, 0x18, 0x0F, 0x6F, 0xBF,
    0x7A, 0xEB, 0xE6, 0x5B, 0xF6, 0xB6, 0xFD, 0xB3, 0x6D, 0x6C, 0x9D, 0xD4, 0x51, 0x65, 0xD2, 0xF1,
    0x3B, 0xCE, 0x79, 0xFC, 0xAF, 0xE7, 0x6C, 0x71, 0x26, 0x29, 0x31, 0xF7, 0x5C, 0xCF, 0xCB, 0x41,
    0x66, 0x1C, 0xDE, 0xC2, 0x69, 0x73, 0x39, 0xE1, 0x99, 0xED, 0x96, 0xC7, 0x98, 0xF7, 0x78, 0x37,
    0x64, 0x58, 0x72, 0xF7, 0x21, 0x39, 0x3E, 0xBE, 0x1A, 0x6D, 0xDC, 0xAC, 0x1E, 0xE7, 0x9B, 0xCD,
    0x95, 0x81, 0xD7, 0x6E, 0xF3, 0x62, 0xFC, 0x16, 0x2E, 0x3A, 0x5D, 0x8C, 0xB7, 0x86, 0x55, 0x81,
    0x8B, 0x99, 0x33, 0x10, 0x41, 0x3E, 0x19, 0xFF, 0xE9, 0x47, 0xB8, 0x08, 0xC0, 0x4A, 0x3C, 0x67,
    0xF1, 0x64, 0x76, 0xFA, 0x7B, 0x83, 0xF1, 0x5A, 0xAE, 0x03, 0x1E, 0x88, 0x1A, 0x07, 0xD8, 0x16,
    0x37, 0x32, 0x9B, 0xC6, 0xF6, 0x0B, 0x8B, 0xC9, 0xE1, 0x46, 0xB3, 0xC0, 0x3B, 0x22, 0xCC, 0x21,
    0xBA, 0x98, 0x9B, 0xE0, 0x1C, 0x70, 0xFA, 0x19, 0x96, 0xCB, 0x69, 0xF9, 0x4E, 0x7C, 0xAE, 0x99,
    0xC7, 0x67, 0xCC, 0x23, 0xE6, 0xA4, 0xC9, 0xBE, 0x00, 0xF6, 0x76, 0x30, 0xD9, 0xDF, 0x2C, 0x26,
    0x0C, 0xB0, 0xAA, 0xB0, 0x0E, 0x1B, 0x7F, 0xE9, 0x03, 0x2E, 0xB7, 0xC3, 0xFB, 0xF1, 0x0F, 0x30,
    0xCC, 0xAA, 0xB0, 0x49, 0x30, 0xA6, 0x13, 0xC3, 0x25, 0x6B, 0x93, 0x21, 0xB6, 0xE1, 0xE0, 0x0D,
    0x40, 0xEA, 0xC0, 0xAE, 0x65, 0x32, 0x4F, 0xCB, 0xF1, 0x0D, 0x39, 0x72, 0x72, 0x8B, 0x17, 0xF8,
    0xBD, 0xF8, 0x13, 0x42, 0x96, 0x09, 0x08, 0x03, 0x4F, 0x07, 0xF5, 0x0E, 0x8E, 0x7E, 0x7E, 0x94,
    0xF7, 0x29, 0xBD, 0x08, 0x36, 0xE6, 0x52, 0xCE, 0x40, 0x29, 0xBF, 0x82, 0x5B, 0x5C, 0xE8, 0xF0,
    0xE3, 0x66, 0x42, 0x4A, 0x09, 0x66, 0xFA, 0x80, 0x93, 0xEA, 0xFC, 0x76, 0x82, 0x4A, 0x19, 0x06,
    0x94, 0x94, 0x67, 0x98, 0xBF, 0x60, 0xA5, 0x14, 0x73, 0x3B, 0xBC, 0x94, 0x2C, 0x73, 0xED, 0xB6,
    0x80, 0xB5, 0x5C, 0x71, 0x6C, 0x93, 0x87, 0x4B, 0xFC, 0x2C, 0x47, 0xE6, 0xB5, 0x13, 0xB9, 0x22,
    0x0C, 0x6B, 0xE3, 0x61, 0x7E, 0x30, 0xE7, 0x90, 0x70, 0xCA, 0xBF, 0x8D, 0x6F, 0xC6, 0x25, 0xEE,
    0x38, 0x08, 0xE0, 0x46, 0xC2, 0x80, 0x7C, 0x40, 0x1B, 0xCC, 0x24, 0x88, 0x8E, 0x7D, 0xA7, 0x33,
    0xE4, 0x9F, 0x09, 0x96, 0x78, 0x13, 0x71, 0x34, 0x11, 0xE0, 0x34, 0xA4, 0x20, 0xE1, 0xAD, 0x0D,
    0xA1, 0xC4, 0x01, 0x93, 0x23, 0x0B, 0xF3, 0xC4, 0x7E, 0x6C, 0x73, 0xA2, 0x69, 0xC2, 0x16, 0x37,
    0xCF, 0x44, 0xD4, 0x9F, 0x57, 0x84, 0x42, 0x42, 0xF5, 0x90, 0xC8, 0x2C, 0x42, 0x52, 0xAD, 0x08,
    0x08, 0x9E, 0xD8, 0x63, 0x76, 0x85, 0x18, 0x35, 0x97, 0x71, 0x3C, 0x62, 0xB6, 0x79, 0xE6, 0x65,
    0xB9, 0xB9, 0x99, 0xC1, 0xF4, 0x85, 0x6F, 0x09, 0x39, 0xED, 0xDE, 0x6B, 0x67, 0x2C, 0xAF, 0x10,
    0x6F, 0xBF, 0xA1, 0x45, 0x25, 0xCF, 0xF7, 0x13, 0x94, 0x61, 0xC5, 0x27, 0x8B, 0xD3, 0x30, 0x46,
    0x9A, 0xE9, 0x88, 0xA4, 0xD3, 0x9F, 0xFE, 0x61, 0x4B, 0x50, 0x40, 0x63, 0x4E, 0xB4, 0x14, 0x20,
    0xDF, 0xC6, 0x95, 0xC2, 0x7E, 0x6A, 0x97, 0x9E, 0xB5, 0xD3, 0x78, 0x5F, 0xE5, 0xEB, 0x64, 0x7D,
    0x71, 0xE0, 0x12, 0x07, 0xF8, 0xCA, 0x99, 0xF3, 0x86, 0x8C, 0x26, 0x84, 0x4E, 0xD7, 0x63, 0x2D,
    0x30, 0x89, 0xA7, 0x9D, 0x71, 0xA2, 0xA7, 0x9C, 0xD4, 0xB1, 0x9F, 0x82, 0xC7, 0xB6, 0x15, 0xF0,
    0xC8, 0xB7, 0x22, 0x4D, 0xC0, 0xB8, 0xA8, 0x22, 0x72, 0x41, 0xE3, 0x03, 0x4E, 0x0F, 0xC6, 0xEC,
    0x60, 0xC5, 0x00, 0x5B, 0xD8, 0xDC, 0xBB, 0xFB, 0x17, 0xDB, 0xD9, 0xB6, 0xE8, 0x92, 0x56, 0x30,
    0xDB, 0xDC, 0x05, 0x99, 0xAF, 0x06, 0x47, 0x5C, 0xCC, 0xB7, 0x9E, 0x25, 0x66, 0x86, 0xE8, 0xC4,
    0x57, 0xC9, 0xA6, 0xEC, 0x33, 0xAE, 0xE5, 0xD0, 0xCE, 0xA0, 0xED, 0x0F, 0x0A, 0x8A, 0x87, 0x6B,
    0xA7, 0x65, 0x7A, 0x9D, 0xA3, 0x96, 0x41, 0xFB, 0xF8, 0xF0, 0x06, 0x5D, 0x4A, 0xF6, 0x8B, 0x07,
    0x44, 0x41, 0xAF, 0xFD, 0x36, 0x67, 0xCD, 0x4F, 0x9B, 0xDF, 0xE9, 0x32, 0xCB, 0x67, 0x7F, 0x2A,
    0x50, 0xD3, 0x89, 0x99, 0x37, 0x07, 0x59, 0x70, 0x8E, 0xF7, 0x99, 0x07, 0x4B, 0xC1, 0x0B, 0x70,
    0x46, 0xF6, 0xE7, 0x39, 0x60, 0xA8, 0xCD, 0x11, 0x4C, 0xD6, 0x31, 0xF4, 0xE6, 0xA9, 0x72, 0xC2,
    0x87, 0x6B, 0xF4, 0x3F, 0x83, 0xE7, 0x6C, 0x40, 0xD0, 0xF3, 0xEE, 0x0A, 0xBA, 0xAF, 0x2A, 0x74,
    0xC8, 0x4F, 0xCC, 0x83, 0x2B, 0x40, 0xC5, 0x56, 0xF0, 0xE3, 0xAC, 0x93, 0x9C, 0xA4, 0xBC, 0x60,
    0xF2, 0xF9, 0xBE, 0x7D, 0x1E, 0x52, 0xCD, 0x41, 0x7C, 0x25, 0xC4, 0x90, 0x02, 0x7C, 0xC8, 0xBF,
    0x59, 0x81, 0x89, 0x2D, 0x96, 0x2A, 0xDA, 0x1B, 0xE4, 0xFE, 0x5B, 0xD0, 0xD5, 0x1F, 0x37, 0x9F,
    0x81, 0x65, 0x10, 0x33, 0x8E, 0xF8, 0xC0, 0x67, 0x8E, 0x92, 0x98, 0xBD, 0x5F, 0x12, 0x6E, 0x61,
    0x96, 0x2D, 0x57, 0xCF, 0x3C, 0x50, 0x27, 0xF8, 0x04, 0xDF, 0x9F, 0x2B, 0x9E, 0x74, 0x84, 0x3E,
    0xD6, 0x6D, 0x33, 0x4F, 0xCD, 0x71, 0xB8, 0xF3, 0xB0, 0xBC, 0x84, 0x97, 0x72, 0xDD, 0xDA, 0xC9,
    0x94, 0xF6, 0xC0, 0x09, 0xAE, 0x85, 0x8D, 0x40, 0xBC, 0x59, 0xC8, 0xE9, 0x3F, 0xF3, 0xD0, 0x7E,
    0x85, 0xEC, 0x6B, 0x23, 0x62, 0x9E, 0x38, 0x57, 0x33, 0x42, 0xF6, 0xCA, 0xFD, 0x84, 0x2C, 0x93,
    0x39, 0x5F, 0xE7, 0x9C, 0x1F, 0x16, 0xFF, 0x4B, 0xDF, 0x6B, 0x0E, 0xC8, 0x9F, 0xEF, 0xBF, 0x8D,
    0xB1, 0xB9, 0x9F, 0xFF, 0x54, 0x2C, 0x94, 0xA7, 0x9D, 0x0B, 0x0F, 0x14, 0x32, 0xBA, 0x34, 0x7A,
    0x8D, 0xE0, 0x9D, 0xDC, 0xB8, 0x8C, 0x6B, 0x6E, 0xA3, 0xE3, 0xFD, 0x3A, 0xFE, 0x3E, 0xBE, 0x09,
    0xC8, 0xF2, 0xCB, 0x7B, 0x0F, 0x99, 0xBF, 0x24, 0x9D, 0xB2, 0x7B, 0xF8, 0xAE, 0x73, 0x4D, 0x86,
    0x25, 0x5F, 0x7A, 0xC2, 0xF0, 0x74, 0xBB, 0xCE, 0xB2, 0x7C, 0x7F, 0xB0, 0x2C, 0xF3, 0x52, 0x93,
    0xDC, 0xAB, 0xCC, 0xB1, 0x04, 0x1E, 0xD3, 0xAD, 0x35, 0xD0, 0x35, 0x4E, 0x69, 0x4E, 0x00, 0xBF,
    0x90, 0xDE, 0x91, 0x8B, 0x3B, 0x09, 0x93, 0xAF, 0xD0, 0xC1, 0xC9, 0xAF, 0x48, 0xB4, 0x71, 0xF6,
    0x62, 0xC5, 0x48, 0x3E, 0x98, 0x31, 0x9E, 0x63, 0x55, 0x56, 0xE0, 0x38, 0xDB, 0xB3, 0x0A, 0xD1,
    0x10, 0x42, 0x15, 0x8F, 0x51, 0x2D, 0x67, 0x11, 0x92, 0xF0, 0xA2, 0xDB, 0xF2, 0x62, 0xF4, 0x61,
    0x37, 0x69, 0x10, 0x38, 0x66, 0x5C, 0x4C, 0xB0, 0x66, 0xC6, 0xED, 0x4F, 0xDB, 0x49, 0x82, 0x00,
    0xA2, 0xA5, 0xF1, 0x3F, 0x3F, 0xBD, 0x85, 0x88, 0x9F, 0x03, 0x6E, 0x55, 0x20, 0x88, 0x8B, 0xC1,
    0xF0, 0xA2, 0x5D, 0xBA, 0xD6, 0x6E, 0x61, 0x89, 0x6D, 0xB7, 0x2B, 0x28, 0xB8, 0x95, 0x38, 0xDB,
    0x72, 0x8E, 0x4E, 0xA2, 0x87, 0xCD, 0xC1, 0x74, 0x4A, 0x82, 0xDC, 0x06, 0x28, 0x0E, 0xF0, 0x2A,
    0x31, 0x22, 0x8E, 0xCB, 0x78, 0xB5, 0x18, 0x1F, 0x5D, 0xA4, 0x87, 0x44, 0x85, 0x44, 0xD6, 0xE6,
    0xD1, 0x1D, 0x5B, 0x02, 0x9B, 0x86, 0x12, 0xC4, 0xEB, 0x9C, 0xDE, 0x21, 0x6C, 0x05, 0xD6, 0x86,
    0xFA, 0x23, 0x6C, 0x22, 0xC8, 0xA5, 0x10, 0xA0, 0x85, 0xC5, 0x6F, 0x29, 0x3E, 0x7E, 0x69, 0xAF,
    0xDA, 0xDC, 0xE6, 0x59, 0xEA, 0xCC, 0xE1, 0x31, 0x27, 0xBF, 0xF0, 0xF5, 0x7E, 0x1C, 0xC7, 0x37,
    0xE6, 0x11, 0x32, 0x0F, 0x2A, 0xB9, 0xFC, 0x8D, 0x89, 0xEE, 0xFE, 0xA6, 0x65, 0xEC, 0x7A, 0x53,
    0xE6, 0x95, 0x72, 0xE9, 0x73, 0x13, 0x8B, 0x58, 0x93, 0x68, 0x3A, 0xFC, 0x60, 0xDB, 0x90, 0xED,
    0xE0, 0x8C, 0x18, 0xC3, 0xEA, 0x4A, 0x87, 0xBC, 0x05, 0xCF, 0x04, 0x80, 0x25, 0x87, 0x9F, 0x4C,
    0x2A, 0xA4, 0x46, 0xD1, 0x50, 0x30, 0x13, 0x02, 0x5D, 0x12, 0x49, 0xB5, 0xD6, 0x51, 0x29, 0x27,
    0x24, 0xDC, 0x61, 0x0E, 0x9A, 0x07, 0xCD, 0xB8, 0x7C, 0xC5, 0x12, 0x8F, 0x95, 0xD1, 0xB5, 0xCE,
    0x6B, 0xA2, 0x72, 0xF0, 0xDA, 0xB0, 0x2C, 0x5C, 0xA4, 0x73, 0xC9, 0xAD, 0xC6, 0xC3, 0x02, 0x24,
    0x37, 0xF8, 0xE4, 0xFB, 0xD0, 0x5C, 0x40, 0xBC, 0x0E, 0x71, 0x26, 0x6B, 0xCD, 0x64, 0x48, 0x2F,
    0x0B, 0xD6, 0x0C, 0xBF, 0x58, 0x21, 0x77, 0x7B, 0x95, 0x6A, 0xC6, 0xA2, 0x06, 0xF9, 0x9D, 0x88,
    0x1E, 0xDC, 0x95, 0x34, 0xCA, 0xE7, 0x21, 0xAC, 0xE6, 0x65, 0x9A, 0xAC, 0x51, 0xD1, 0xB0, 0x5C,
    0x74, 0x7F, 0x78, 0x6F, 0x20, 0x62, 0x51, 0x4E, 0x34, 0x2A, 0x66, 0x88, 0xB5, 0x4A, 0x4B, 0x4F,
    0xB9, 0xF4, 0xEB, 0x0B, 0x2A, 0x13, 0xB1, 0x7E, 0x24, 0xCA, 0xDA, 0x15, 0x7E, 0x38, 0x2B, 0x61,
    0x17, 0x40, 0xB0, 0x25, 0x4E, 0x3D, 0xF8, 0x7F, 0xD1, 0x72, 0x3D, 0xB1, 0x98, 0xA2, 0x30, 0x98,
    0x31, 0x9A, 0xB8, 0x13, 0x32, 0xB6, 0x27, 0x8C, 0x8B, 0xA1, 0xB9, 0x4B, 0x89, 0xCA, 0x14, 0xA9,
    0xDB, 0xE6, 0xFF, 0x47, 0x84, 0xB0, 0xBB, 0x7D, 0x48, 0xEB, 0x60, 0x9A, 0xBD, 0x43, 0x1B, 0x79,
    0x42, 0x85, 0xC9, 0xAE, 0x1F, 0x2E, 0x91, 0x52, 0xC1, 0x64, 0x7F, 0xBF, 0x58, 0xC3, 0xA5, 0x60,
    0x14, 0x30, 0xFC, 0x37, 0xB8, 0xAC, 0x47, 0x30, 0x02, 0xFA, 0x9C, 0x44, 0xF2, 0xED, 0x3B, 0x3F,
    0x49, 0x0D, 0x8D, 0x18, 0x6C, 0x15, 0x1B, 0x5F, 0x5D, 0x69, 0xF0, 0x51, 0x3C, 0x73, 0x8C, 0xAB,
    0x8A, 0xF0, 0x63, 0x53, 0x60, 0x9B, 0xDD, 0xB5, 0xF4, 0x90, 0x80, 0xD2, 0x8A, 0x82, 0xDF, 0xD8,
    0x7E, 0xCA, 0x64, 0x57, 0x2B, 0x40, 0x9C, 0x86, 0x40, 0xEB, 0xD0, 0xE1, 0x15, 0x31, 0x1E, 0xA1,
    0x3C, 0x82, 0x4B, 0x05, 0x44, 0xD7, 0x3A, 0xD3, 0xF9, 0x4D, 0x58, 0xC3, 0x99, 0xBA, 0x1D, 0xA7,
    0x1A, 0xDE, 0xEB, 0x30, 0xC6, 0xD4, 0xD8, 0x6D, 0x99, 0x2B, 0x28, 0x5F, 0xC6, 0x40, 0x3D, 0x01,
    0x88, 0x9C, 0xEC, 0xAE, 0xAC, 0xD9, 0x11, 0x6B, 0x13, 0x55, 0x63, 0xB8, 0x14, 0x8B, 0x80, 0x3E,
    0x62, 0x38, 0xCE, 0x93, 0xB2, 0x34, 0x3D, 0x6D, 0x34, 0xFA, 0x80, 0x6B, 0xF5, 0x9A, 0x93, 0xAF,
    0xDB, 0x81, 0xE2, 0xA0, 0x86, 0x00, 0xC7, 0x81, 0x18, 0xA0, 0x96, 0x80, 0x59, 0xBD, 0x66, 0xD4,
    0x14, 0x44, 0x54, 0xA9, 0x2D, 0x88, 0x69, 0x8E, 0xC6, 0xE0, 0x09, 0x91, 0xC5, 0x1A, 0xE8, 0x71,
    0xD2, 0xD1, 0x1C, 0x40, 0x95, 0x13, 0x46, 0xED, 0xC1, 0xB1, 0x37, 0x89, 0x2E, 0x3F, 0xE0, 0x89,
    0x2B, 0x99, 0x17, 0xE8, 0x59, 0x49, 0x9F, 0x46, 0xCD, 0x96, 0x30, 0x18, 0x61, 0xC0, 0xA7, 0x9E,
    0xC2, 0xFB, 0x6B, 0xF5, 0xE8, 0x6E, 0x87, 0x2F, 0x5C, 0x01, 0xFD, 0x36, 0xD2, 0xA3, 0xB3, 0x77,
    0x10, 0xB4, 0x70, 0x19, 0x5E, 0xA8, 0x07, 0xE9, 0x13, 0xA4, 0xDB, 0x04, 0xCC, 0x74, 0x78, 0x55,
    0x0C, 0x67, 0xE6, 0x0D, 0xE2, 0xD1, 0x53, 0xFC, 0x41, 0x19, 0x98, 0x07, 0xB0, 0x0B, 0x30, 0x9E,
    0xB0, 0x19, 0x2B, 0x4F, 0xE6, 0xA3, 0x71, 0xAC, 0x0B, 0x2D, 0xCD, 0x8B, 0x5D, 0x8E, 0x6E, 0x41,
    0x8D, 0x18, 0x5D, 0x63, 0x1D, 0x85, 0x80, 0x85, 0xD7, 0x4B, 0xA2, 0x46, 0xFF, 0x98, 0x3F, 0x36,
    0x3E, 0x21, 0x0B, 0x2B, 0x98, 0x39, 0xF6, 0x3D, 0x70, 0x44, 0x20, 0x83, 0x8D, 0x2C, 0x15, 0x31,
    0xB5, 0x6E, 0x0D, 0x49, 0x7F, 0x7D, 0x77, 0xC4, 0x2B, 0x20, 0xCE, 0xDE, 0xDA, 0x15, 0xA2, 0x05,
    0x2F, 0x7A, 0x49, 0xC1, 0x82, 0xF5, 0x24, 0xA9, 0x60, 0xE5, 0xD3, 0x0C, 0xD7, 0xA0, 0x42, 0x3A,
    0x24, 0x45, 0x10, 0x3A, 0x0E, 0x2A, 0x1B, 0x38, 0x9A, 0xC5, 0x0B, 0x29, 0xCB, 0x09, 0xC4, 0xA8,
    0x48, 0x20, 0x0E, 0xDF, 0x30, 0x8F, 0x8F, 0x66, 0xE3, 0x9C, 0x14, 0xB3, 0x89, 0xC0, 0x3E, 0xA0,
    0x13, 0x96, 0x99, 0x81, 0xDD, 0x78, 0x4D, 0x5C, 0x12, 0x1A, 0x5B, 0x94, 0x34, 0x9C, 0xF0, 0x8E,
    0xE2, 0x62, 0x9D, 0x8E, 0x96, 0xE3, 0xD9, 0x5E, 0x41, 0xD9, 0xE5, 0xAB, 0x32, 0x52, 0xDB, 0x97,
    0x1A, 0xD5, 0x93, 0xC7, 0x88, 0x8A, 0x23, 0x2B, 0xC5, 0x3F, 0xC3, 0xEE, 0xCC, 0x8A, 0x4D, 0xCB,
    0xFD, 0xC0, 0xA6, 0xE9, 0x8D, 0x21, 0x3D, 0xDD, 0x6B, 0xAF, 0xE3, 0xF0, 0x3C, 0xBF, 0x72, 0x85,
    0x85, 0x23, 0xCC, 0x20, 0xFB, 0xD5, 0xA8, 0x10, 0x00, 0x96, 0xA0, 0x35, 0xC3, 0xA5, 0x80, 0x11,
    0x31, 0x42, 0xA6, 0x8C, 0x22, 0x68, 0x44, 0xCD, 0x10, 0x36, 0xA1, 0x14, 0x81, 0x33, 0x44, 0x4E,
    0xA0, 0x13, 0xEC, 0x08, 0x1E, 0x3D, 0x41, 0x6D, 0x08, 0x9F, 0xE2, 0xB7, 0x0B, 0xC0, 0x2B, 0xF4,
    0xEB, 0x19, 0x95, 0xF1, 0x93, 0xF4, 0x12, 0x8E, 0xE8, 0x81, 0x20, 0x37, 0x23, 0xAB, 0xA2, 0x5B,
    0x2B, 0x56, 0x1D, 0xBD, 0xDF, 0xAC, 0xDA, 0xC8, 0x37, 0x4D, 0x72, 0xAD, 0xC2, 0xF0, 0xD3, 0xE0,
    0x45, 0xC4, 0x30, 0xA6, 0x46, 0x27, 0xC5, 0xEC, 0x28, 0x26, 0xE2, 0xB7, 0x2A, 0xB7, 0x0D, 0xF3,
    0x8D, 0xF4, 0xC0, 0xEC, 0x88, 0xE3, 0x5E, 0x0C, 0x2E, 0xFB, 0x6E, 0x43, 0x4F, 0x9C, 0xE4, 0x03,
    0xAD, 0x2D, 0x80, 0xAE, 0x82, 0x2B, 0x36, 0x98, 0x3F, 0x4D, 0x2D, 0xAC, 0x5D, 0x84, 0xE5, 0x0C,
    0x0B, 0xD9, 0xD2, 0xCE, 0x44, 0x96, 0xAC, 0xE9, 0x3C, 0xBF, 0x9A, 0x8A, 0x2A, 0x01, 0x41, 0x09,
    0x3E, 0xA3, 0xB7, 0x6F, 0x62, 0xC6, 0x20, 0x77, 0x1D, 0xB7, 0x7D, 0x16, 0x97, 0xBF, 0x29, 0xFE,
    0xDD, 0x03, 0xD2, 0x3B, 0x9D, 0x89, 0xCE, 0xD5, 0x7E, 0x7D, 0xCC, 0x1C, 0x1D, 0x17, 0xFA, 0x2B,
    0x8F, 0xD9, 0x8E, 0xAA, 0xDC, 0xB8, 0x48, 0xCD, 0x12, 0x11, 0xE8, 0x2C, 0x2C, 0x6E, 0x2B, 0x15,
    0xAF, 0x78, 0x64, 0x0E, 0xD3, 0x12, 0x41, 0x18, 0xA1, 0xAD, 0x4E, 0x16, 0x0B, 0xCE, 0xE2, 0x6D,
    0x30, 0x02, 0x40, 0xBF, 0x87, 0x3F, 0xA3, 0x46, 0x62, 0x17, 0x43, 0x32, 0x6F, 0x82, 0xD2, 0xA5,
    0x12, 0x64, 0x00, 0xCF, 0xE8, 0x1C, 0xB8, 0x42, 0x22, 0xB9, 0x30, 0x31, 0xA8, 0x83, 0xE6, 0xB2,
    0x03, 0x61, 0x90, 0x31, 0xCB, 0x84, 0x7D, 0x0B, 0x1D, 0x17, 0x50, 0x77, 0xC6, 0x76, 0x0E, 0x44,
    0x5F, 0x96, 0x42, 0xF1, 0x01, 0x84, 0x24, 0x87, 0x6E, 0x95, 0xDF, 0x70, 0xD8, 0xC1, 0xE7, 0x55,
    0x6C, 0xD3, 0x02, 0x19, 0x40, 0x3A, 0xD3, 0x1E, 0xEF, 0xF4, 0x84, 0xBC, 0xA5, 0x7E, 0xB8, 0x99,
    0x3F, 0x4C, 0x7D, 0x40, 0x2B, 0xB0, 0x4A, 0x81, 0x78, 0x1C, 0x68, 0x3F, 0x0E, 0xB4, 0x14, 0xDC,
    0x23, 0x92, 0x8C, 0xB1, 0x6D, 0x65, 0xD4, 0xDF, 0xD2, 0x65, 0xE1, 0xFD, 0x5C, 0x93, 0xF3, 0x66,
    0x2C, 0x08, 0x27, 0x15, 0xB4, 0x72, 0x52, 0x8A, 0xD0, 0x75, 0xD2, 0x60, 0xF0, 0x6C, 0xF3, 0xE8,
    0x60, 0xA2, 0x0A, 0x03, 0x4D, 0x4A, 0x3C, 0x51, 0xA4, 0xF8, 0xB8, 0x9C, 0xE8, 0x5F, 0x8D, 0xED,
    0xF3, 0xB6, 0x8E, 0xC6, 0x9C, 0xE3, 0x3C, 0x8D, 0x77, 0x89, 0x97, 0x49, 0x35, 0x60, 0xE3, 0x82,
    0xD8, 0xE8, 0x52, 0x4C, 0x0F, 0x8C, 0xBD, 0x4B, 0xF9, 0x53, 0x71, 0xE2, 0x25, 0xFE, 0x2D, 0x2A,
    0x13, 0x2F, 0xA1, 0xF1, 0xFD, 0x3E, 0xA2, 0xDF, 0xF9, 0x25, 0x06, 0x9E, 0x7D, 0x42, 0xBF, 0xB6,
    0xC4, 0xE5, 0xA0, 0xA7, 0xFA, 0xB7, 0xB4, 0x65, 0x7B, 0x8E, 0xC5, 0xF3, 0x8A, 0x7E, 0xAF, 0x81,
    0xDE, 0x4A, 0xB0, 0xF4, 0x39, 0x50, 0x2E, 0x68, 0x6A, 0x81, 0x68, 0x85, 0x2D, 0xBB, 0x6D, 0xD6,
    0x8D, 0xE1, 0x88, 0x88, 0xF2, 0x75, 0xBA, 0xE2, 0xE7, 0xC7, 0x13, 0xA7, 0x32, 0xCB, 0xC7, 0x4C,
    0xF1, 0x69, 0xEF, 0xB7, 0x41, 0x87, 0xAC, 0xEA, 0x1F, 0x00, 0xE5, 0xA3, 0xA5, 0xB1, 0xF0, 0x07,
    0x90, 0xEC, 0xF1, 0x27, 0x70, 0xE4, 0x61, 0xE3, 0xB7, 0x49, 0x95, 0x95, 0xC5, 0xCD, 0x4E, 0x8A,
    0xF5, 0x45, 0x3B, 0x57, 0xE3, 0x59, 0x12, 0x2A, 0xF4, 0xA5, 0x14, 0x3C, 0x8F, 0xEB, 0x59, 0xB1,
    0xE5, 0x82, 0x36, 0x28, 0x85, 0xF3, 0xD7, 0x19, 0xE3, 0x1E, 0x96, 0x98, 0x17, 0xF1, 0x70, 0x22,
    0x9D, 0x9B, 0x0E, 0xFC, 0xCB, 0x79, 0x97, 0x17, 0xE8, 0xD8, 0x12, 0x12, 0x25, 0xA3, 0xE9, 0x24,
    0x90, 0xFA, 0x39, 0x26, 0x8D, 0x49, 0x62, 0x5E, 0x7D, 0xC8, 0x2C, 0xE0, 0x45, 0xD6, 0x26, 0xFF,
    0x3C, 0x61, 0xE2, 0x13, 0x13, 0xD7, 0xBE, 0x44, 0x4C, 0xAE, 0x32, 0x08, 0xD7, 0x38, 0x29, 0x10,
    0x86, 0x1D, 0x40, 0xC5, 0x13, 0x58, 0x88, 0x9E, 0x8A, 0xB1, 0xA7, 0xEB, 0xC4, 0x6D, 0x87, 0xED,
    0x8D, 0x69, 0x6C, 0x8C, 0xEC, 0xAC, 0x96, 0x46, 0x17, 0x4B, 0x69, 0x8A, 0xB0, 0xD9, 0x00, 0xF5,
    0xC9, 0x5E, 0x03, 0xC7, 0xF5, 0xD8, 0x1C, 0xFE, 0x7D, 0x20, 0x5A, 0xD8, 0x26, 0xE8, 0x8B, 0x2A,
    0xCB, 0x8B, 0xAB, 0x9D, 0x63, 0xA3, 0xDA, 0xEB, 0xB0, 0xE2, 0xB7, 0x61, 0xDE, 0x6F, 0x35, 0x6E,
    0x9F, 0x20, 0x65, 0x40, 0x72, 0x75, 0xAE, 0xF7, 0xF1, 0xD5, 0xA2, 0xA4, 0xB1, 0x04, 0xB0, 0x2A,
    0x27, 0xFD, 0xB7, 0x98, 0xAF, 0xA5, 0x0D, 0xAA, 0x8F, 0x53, 0x31, 0x9B, 0x1D, 0x6C, 0x2F, 0x48,
    0x9C, 0x70, 0x24, 0xB8, 0x65, 0xF4, 0x59, 0x7E, 0xFE, 0xF4, 0xC4, 0x14, 0x01, 0x24, 0x94, 0x6C,
    0x48, 0xA2, 0x90, 0x50, 0x45, 0x10, 0x09, 0x38, 0xA1, 0x14, 0xA7, 0xA2, 0xA5, 0x70, 0xE5, 0xAC,
    0x40, 0x82, 0x4B, 0x8E, 0x7D, 0x01, 0x7F, 0x0A, 0x06, 0x1E, 0x72, 0x3B, 0x62, 0x82, 0x3F, 0x83,
    0x9E, 0x7F, 0xDA, 0x52, 0xD8, 0xA2, 0xA0, 0x04, 0xE2, 0x93, 0x62, 0x69, 0xBC, 0x28, 0x5D, 0x26,
    0x6D, 0xF7, 0x3F, 0xFB, 0x0A, 0xCC, 0xE5, 0x56, 0x45, 0xDD, 0x48, 0x8B, 0xBA, 0x67, 0xA6, 0x89,
    0x9E, 0x92, 0x81, 0x97, 0xF4, 0x91, 0x5C, 0x9C, 0x2D, 0x0C, 0x1E, 0xAC, 0x62, 0x3D, 0x17, 0xFE,
    0x0C, 0xC0, 0x99, 0xB8, 0xF2, 0x68, 0x35, 0x48, 0x8C, 0x93, 0x12, 0xA6, 0x41, 0xF4, 0x70, 0x88,
    0xE8, 0x35, 0x59, 0xF8, 0xBB, 0x2B, 0x79, 0x60, 0x47, 0xCF, 0x54, 0xAF, 0xB5, 0x7C, 0x56, 0xF5,
    0xA1, 0x13, 0x52, 0x1E, 0x22, 0xB3, 0x4E, 0x5D, 0x96, 0x22, 0xE3, 0xD4, 0xA2, 0xC9, 0x32, 0xC1,
    0xB0, 0x24, 0xDF, 0x69, 0xB9, 0x3F, 0x61, 0x05, 0x95, 0xB3, 0x14, 0x08, 0x23, 0xE6, 0x04, 0xD0,
    0xA5, 0x45, 0x0D, 0x5E, 0x80, 0x1F, 0x44, 0x90, 0x58, 0x65, 0x7F, 0xC4, 0x1D, 0x51, 0x5B, 0x8C,
    0x74, 0x72, 0x84, 0x4E, 0x05, 0xED, 0x2E, 0x69, 0xD8, 0xBE, 0x6A, 0x05, 0x3F, 0x3C, 0xE3, 0x59,
    0xF0, 0x11, 0x38, 0x26, 0x2D, 0x96, 0x4C, 0xE1, 0x2B, 0x28, 0x3B, 0x36, 0xEC, 0x1D, 0xB3, 0x4B,
    0xE0, 0xBD, 0x36, 0x35, 0x13, 0x9A, 0xDD, 0xCD, 0x04, 0x7A, 0xA3, 0xA9, 0x99, 0xE0, 0x68, 0x33,
    0x21, 0x9F, 0x15, 0xB9, 0x63, 0x25, 0xBC, 0x97, 0x44, 0xCC, 0x19, 0x5C, 0xD6, 0x38, 0xB2, 0x32,
    0xCB, 0x11, 0xB1, 0x00, 0x17, 0xB2, 0x84, 0x01, 0xA0, 0x15, 0xA9, 0xB6, 0xBA, 0xA2, 0x3A, 0x5C,
    0x46, 0x8D, 0x6B, 0x2F, 0x02, 0x38, 0x01, 0xB9, 0x5E, 0x65, 0xB3, 0xAB, 0x5E, 0x82, 0xC3, 0x0A,
    0x87, 0x6A, 0xA9, 0x53, 0x04, 0x25, 0xBA, 0x2A, 0x2A, 0xF7, 0xE9, 0x15, 0xDB, 0xCA, 0x7D, 0xC0,
    0xB6, 0xDD, 0x2D, 0x84, 0xE3, 0xAB, 0x16, 0x42, 0xC3, 0x16, 0x02, 0x05, 0xF5, 0x47, 0x0F, 0x86,
    0x6D, 0x6E, 0xFB, 0x1D, 0x9E, 0x65, 0x12, 0xFF, 0x3E, 0x4D, 0xF4, 0x80, 0x20, 0x7C, 0x4C, 0x94,
    0x62, 0x3D, 0x75, 0xB0, 0xAE, 0x70, 0x69, 0x9F, 0x14, 0x6D, 0xF7, 0x00, 0xD8, 0x76, 0xE1, 0x00,
    0x34, 0xC9, 0x11, 0x09, 0x62, 0xFE, 0xCF, 0x3B, 0x6D, 0x1B, 0x2C, 0xB4, 0x26, 0xE8, 0x00, 0x0E,
    0x76, 0x0D, 0xA2, 0xF2, 0x32, 0xE0, 0x7A, 0x6A, 0x06, 0x8B, 0x58, 0x01, 0x2A, 0x22, 0x45, 0xA0,
    0x88, 0x13, 0x61, 0x22, 0x4A, 0x04, 0x89, 0x18, 0x11, 0x22, 0x22, 0x44, 0x80, 0x88, 0x4F, 0x28,
    0xCC, 0xAC, 0x77, 0x81, 0x13, 0xCF, 0xCD, 0x61, 0xE9, 0x16, 0xC4, 0x1F, 0xD7, 0x63, 0xB3, 0x20,
    0x48, 0x1F, 0x9E, 0x6B, 0x21, 0xFB, 0x2F, 0xD8, 0xB1, 0x3B, 0x00, 0x20, 0xD9, 0x1C, 0x78, 0x73,
    0x07, 0x14, 0x03, 0x33, 0x90, 0x65, 0x9C, 0x71, 0xCD, 0x9E, 0x86, 0xC2, 0x5D, 0xD9, 0x72, 0x35,
    0xE7, 0x3A, 0x9E, 0x48, 0x78, 0x08, 0xFC, 0x1D, 0xA9, 0x53, 0x89, 0x10, 0x64, 0xBF, 0x71, 0xE3,
    0x82, 0x14, 0xBC, 0xEC, 0xA7, 0xCB, 0xA9, 0x50, 0x30, 0x14, 0x4C, 0x25, 0x09, 0x9D, 0xC7, 0x2C,
    0xC4, 0xA8, 0x3D, 0x4A, 0x40, 0x4C, 0x05, 0xBD, 0x3C, 0x26, 0x95, 0xD2, 0x64, 0x3A, 0xBA, 0x72,
    0x24, 0x7B, 0x1A, 0x6A, 0x75, 0xE1, 0x94, 0x91, 0xB0, 0x68, 0xD4, 0x28, 0xC3, 0x81, 0xA1, 0x4F,
    0x69, 0xA5, 0x91, 0x71, 0x84, 0x71, 0xD2, 0x56, 0xF9, 0xB8, 0xC8, 0x52, 0xD9, 0xB6, 0x63, 0x69,
    0x4D, 0xFE, 0xCF, 0x71, 0x89, 0x6B, 0x57, 0xB4, 0x59, 0xBA, 0x48, 0x3B, 0xA6, 0x05, 0x24, 0x68,
    0x25, 0xD6, 0x87, 0x08, 0x59, 0x92, 0x54, 0x98, 0x08, 0x5B, 0xF2, 0xD2, 0xCF, 0x63, 0xD1, 0x31,
    0x60, 0xA3, 0xD1, 0x8A, 0xE5, 0x79, 0x88, 0x93, 0x6A, 0x78, 0x9C, 0x9C, 0xBB, 0x5E, 0xBB, 0x5C,
    0x75, 0xE2, 0xB3, 0x55, 0x4E, 0xA8, 0x35, 0x25, 0x03, 0x2D, 0xB8, 0x23, 0x71, 0x79, 0x7F, 0x01,
    0x45, 0xF7, 0x60, 0x44, 0x39, 0x68, 0x59, 0x41, 0x6A, 0xC4, 0x52, 0x87, 0xBC, 0x8C, 0x59, 0x39,
    0xE9, 0x9E, 0x00, 0x75, 0x40, 0xBB, 0x75, 0xE9, 0xBC, 0xAB, 0x43, 0x8A, 0x6D, 0xA3, 0xBE, 0x52,
    0xEC, 0xBC, 0x1B, 0x84, 0xCB, 0x2B, 0x05, 0xAE, 0x74, 0xBF, 0xC0, 0xF5, 0x88, 0x91, 0x3A, 0x9C,
    0xF1, 0x6F, 0x62, 0x32, 0x97, 0x10, 0xC9, 0x5D, 0x4A, 0x1E, 0xA9, 0x82, 0x48, 0xE9, 0x83, 0x86,
    0xB4, 0x1D, 0x8C, 0xA9, 0xF4, 0xA9, 0xB0, 0x74, 0x68, 0xE6, 0x05, 0x02, 0x53, 0xFC, 0x85, 0x4D,
    0xC5, 0xB3, 0x33, 0x2C, 0xD2, 0x63, 0xB9, 0xBD, 0x84, 0x42, 0xEE, 0xF6, 0x60, 0x33, 0x00, 0x58,
    0x7A, 0x82, 0x25, 0x0C, 0x53, 0x02, 0xA3, 0x38, 0xF5, 0x78, 0x98, 0x7D, 0xBA, 0x7A, 0xCC, 0xB8,
    0x12, 0xA1, 0x70, 0x4F, 0xDA, 0xE0, 0x52, 0x18, 0x7C, 0x25, 0x49, 0x77, 0xE4, 0xD2, 0x7E, 0xA2,
    0x95, 0xBB, 0xFD, 0x14, 0xDE, 0xF4, 0xDD, 0x5C, 0x72, 0x13, 0x8F, 0xD2, 0xF6, 0x50, 0xF0, 0xDC,
    0x1E, 0x9A, 0xDD, 0xFE, 0x43, 0x60, 0xD4, 0x31, 0xF9, 0xEC, 0xCB, 0xB5, 0xF4, 0x39, 0x6E, 0x75,
    0x98, 0xAA, 0xEA, 0x7B, 0xE9, 0x8A, 0xE8, 0xCB, 0xDD, 0x6E, 0xFC, 0xA4, 0xA8, 0xE0, 0xD9, 0x9D,
    0x23, 0xE9, 0xC4, 0xBF, 0x89, 0xAD, 0x13, 0x5B, 0x65, 0xC8, 0x57, 0x2B, 0x9F, 0x3B, 0x17, 0x98,
    0x56, 0x66, 0x39, 0xB4, 0x0C, 0x64, 0x06, 0xA3, 0x35, 0x5D, 0x41, 0x28, 0x1B, 0x9D, 0x06, 0x86,
    0xCA, 0xA8, 0x02, 0x0E, 0x64, 0x2D, 0x02, 0x5F, 0xE9, 0xC9, 0x03, 0x88, 0xD3, 0x49, 0x8E, 0x67,
    0x21, 0x14, 0xB3, 0x8A, 0x9B, 0x2C, 0xEC, 0x73, 0x08, 0x8B, 0x89, 0x54, 0x18, 0xA4, 0x88, 0xEB,
    0x4A, 0xC3, 0x65, 0x6E, 0x84, 0xE1, 0xE7, 0xF7, 0x33, 0x08, 0xBA, 0x5F, 0x24, 0x93, 0xC2, 0xF3,
    0xB6, 0xDE, 0xB5, 0x70, 0xD8, 0xFB, 0x4A, 0xD8, 0x08, 0xDB, 0xAA, 0xA2, 0xDA, 0xA1, 0x91, 0xC4,
    0x30, 0x12, 0x9D, 0x7A, 0x8A, 0xC1, 0x35, 0x08, 0x89, 0x16, 0x5F, 0x0A, 0xA1, 0xD3, 0x9C, 0x3E,
    0xB0, 0x07, 0xE2, 0x0F, 0xBF, 0xFC, 0xF2, 0x43, 0xDB, 0x15, 0x5D, 0x6C, 0x7D, 0xD9, 0x30, 0x95,
    0xAF, 0xF0, 0x3F, 0x38, 0xC9, 0xFF, 0x6C, 0xEC, 0x6A, 0x8C, 0x3D, 0x76, 0x8D, 0xB5, 0x85, 0xF4,
    0x75, 0xB8, 0xEF, 0xCB, 0x97, 0x9A, 0xDC, 0x51, 0xD1, 0x04, 0x92, 0xDC, 0x69, 0x90, 0xFB, 0xBD,
    0x59, 0x97, 0xC5, 0x10, 0xAA, 0x89, 0xBD, 0x6D, 0x91, 0x39, 0xF7, 0x3E, 0xE4, 0x4A, 0x2F, 0x93,
    0x2F, 0x61, 0xD0, 0x50, 0x66, 0x45, 0xCE, 0x04, 0x7A, 0x49, 0x1C, 0xAC, 0x34, 0x01, 0x1A, 0x16,
    0x77, 0x2C, 0x1D, 0x2A, 0xA4, 0x16, 0x96, 0x8E, 0x9B, 0x6F, 0x38, 0xEB, 0x84, 0x3D, 0x32, 0x0C,
    0x09, 0xCF, 0x16, 0x7C, 0x07, 0x6E, 0xCC, 0x96, 0x87, 0x7B, 0xA9, 0xCC, 0xE5, 0xE4, 0x6A, 0x35,
    0xED, 0xF9, 0x58, 0xAC, 0x57, 0x6F, 0xC7, 0x1E, 0xDD, 0xB3, 0x90, 0xDC, 0x52, 0xE3, 0x10, 0xBE,
    0xBF, 0x69, 0xC4, 0x3D, 0x8E, 0xE5, 0x87, 0xBD, 0xC0, 0x6F, 0x95, 0xB2, 0xE8, 0x4E, 0x3B, 0xE8,
    0x3E, 0x51, 0xBB, 0x76, 0xF4, 0xDE, 0xCE, 0x25, 0xE1, 0x94, 0x36, 0xAD, 0x54, 0xA6, 0x50, 0x50,
    0x93, 0x5B, 0x95, 0x90, 0x0B, 0xD4, 0xAA, 0x39, 0x57, 0xA5, 0x97, 0xF2, 0xCB, 0x28, 0xC1, 0x94,
    0x61, 0x4A, 0x31, 0xA3, 0x1C, 0x53, 0x92, 0x19, 0x65, 0x99, 0xD2, 0xCC, 0x28, 0xCF, 0x94, 0x68,
    0x46, 0x99, 0xA6, 0x54, 0x1B, 0xB9, 0x36, 0x92, 0x4D, 0xD9, 0x36, 0xD1, 0x6D, 0xE6, 0xDB, 0xE6,
    0xAC, 0x78, 0x75, 0x59, 0x9B, 0x29, 0xA9, 0x11, 0x21, 0x60, 0x1A, 0xDE, 0xB8, 0x29, 0x8E, 0x1B,
    0xF9, 0xCE, 0x21, 0xE3, 0x14, 0xCF, 0x71, 0xCF, 0x46, 0x6A, 0xE9, 0x93, 0x1F, 0x65, 0xEF, 0x0C,
    0xA1, 0x08, 0x04, 0x21, 0x84, 0x86, 0x9B, 0xF3, 0x0C, 0x77, 0xE7, 0x61, 0x29, 0x59, 0x87, 0x21,
    0x8A, 0x18, 0x14, 0x93, 0x8A, 0xAA, 0x68, 0xD2, 0xA0, 0xD9, 0xE9, 0xA1, 0x4A, 0x01, 0xA4, 0x29,
    0xBA, 0x08, 0x92, 0xB9, 0xF5, 0x5A, 0xB3, 0xBB, 0xD3, 0xED, 0xEB, 0xAF, 0x5E, 0xAB, 0x76, 0x02,
    0xA5, 0x92, 0x10, 0xBF, 0x04, 0x4B, 0x64, 0x05, 0xFB, 0x17, 0xCB, 0x49, 0x28, 0x08, 0xEF, 0x4C,
    0x5C, 0xCD, 0xC3, 0x4C, 0x72, 0xE9, 0x4E, 0xF2, 0xC6, 0x43, 0xF7, 0x03, 0xCB, 0xCD, 0x35, 0xE0,
    0xC4, 0x7C, 0x47, 0xFB, 0x1D, 0x0D, 0x58, 0x97, 0x9A, 0x26, 0x7C, 0x38, 0xA7, 0x0D, 0xD3, 0x05,
    0x3A, 0x93, 0xDF, 0x45, 0xD2, 0x47, 0x33, 0x46, 0x7E, 0x07, 0x3B, 0x1E, 0xB8, 0x8F, 0xCA, 0x1F,
    0x11, 0x29, 0x8D, 0x9A, 0xB2, 0xDA, 0xB2, 0x51, 0x63, 0x56, 0x6B, 0x56, 0x73, 0x36, 0x6A, 0xCF,
    0x6A, 0xD0, 0x46, 0x2D, 0x5A, 0x4D, 0xDA, 0xA8, 0x4D, 0xAB, 0x51, 0x8F, 0x56, 0xAD, 0x66, 0x3D,
    0xDA, 0xF5, 0x68, 0xD8, 0xA3, 0x65, 0xAF, 0xF5, 0x6D, 0x47, 0x31, 0xA1, 0x1B, 0x8F, 0xC2, 0x17,
    0xE8, 0xBD, 0xC5, 0xBC, 0x45, 0x4F, 0xC8, 0x3E, 0x08, 0x70, 0xF4, 0x10, 0x2D, 0x3C, 0xD1, 0x8E,
    0x0B, 0x1E, 0xDD, 0xAA, 0xB2, 0xA5, 0x0B, 0x4E, 0xB0, 0xB1, 0xBB, 0x28, 0x60, 0xD3, 0x98, 0x30,
    0x06, 0x04, 0xCB, 0x46, 0xA0, 0x22, 0xD8, 0xD2, 0xF4, 0xC5, 0x48, 0x40, 0x8A, 0xA4, 0xCC, 0x4A,
    0x31, 0x75, 0x80, 0x1D, 0x77, 0x9B, 0x6E, 0x17, 0x67, 0xAF, 0x43, 0x8D, 0x20, 0xE5, 0x11, 0x6B,
    0x07, 0x3B, 0x86, 0x39, 0x91, 0xD5, 0x5F, 0x7E, 0x7B, 0x5C, 0x0A, 0x93, 0x22, 0xCA, 0xE2, 0x4C,
    0xB6, 0xFD, 0x54, 0x83, 0x40, 0x39, 0x46, 0x93, 0xFD, 0x08, 0xA5, 0xC3, 0x0D, 0x68, 0x8E, 0x65,
    0xB6, 0x2D, 0x97, 0x8F, 0x33, 0xC1, 0x5D, 0x6C, 0x54, 0x8B, 0xB9, 0x4F, 0xE5, 0x35, 0x88, 0x8B,
    0x87, 0x97, 0xC8, 0xE4, 0x8B, 0x65, 0xC8, 0x6D, 0xB5, 0xE2, 0x20, 0x91, 0x41, 0xC1, 0x7C, 0x5C,
    0x7A, 0x47, 0xD9, 0x5F, 0x20, 0x3E, 0x92, 0x14, 0xAD, 0x60, 0x49, 0x11, 0xF1, 0xA4, 0x42, 0xA0,
    0x9B, 0x34, 0x45, 0x70, 0xFD, 0x3A, 0xBE, 0xFA, 0x91, 0x2D, 0x03, 0xFB, 0x01, 0x13, 0x40, 0x7A,
    0xCA, 0x55, 0xCD, 0x64, 0x9F, 0x03, 0xB4, 0xBE, 0xF1, 0x4C, 0xAD, 0x56, 0xF7, 0xDD, 0x68, 0x54,
    0x9C, 0xE3, 0xE2, 0xF4, 0xC0, 0x7D, 0x81, 0x4C, 0x2B, 0xCA, 0x12, 0x9F, 0x9D, 0x61, 0x96, 0x02,
    0x07, 0xD7, 0xA2, 0xCF, 0xAB, 0x66, 0x6C, 0x73, 0xAA, 0xB7, 0x74, 0x64, 0xD7, 0x94, 0xDF, 0x1A,
    0xF3, 0x2F, 0x99, 0x69, 0x68, 0x01, 0xF5, 0x55, 0xDB, 0x85, 0x30, 0x8B, 0x06, 0xA0, 0x02, 0xA3,
    0x84, 0x5D, 0x65, 0xC0, 0x15, 0xD7, 0x11, 0x1D, 0x1F, 0x03, 0xBA, 0x7D, 0x09, 0x88, 0xC4, 0x37,
    0xD9, 0x0F, 0x94, 0x0D, 0x79, 0x52, 0x35, 0x97, 0x88, 0x26, 0x88, 0x38, 0x12, 0xD5, 0xB4, 0x7D,
    0x3D, 0xE7, 0xDE, 0x81, 0x74, 0x44, 0xA5, 0x8F, 0xB5, 0xBE, 0x5F, 0xC3, 0x9F, 0x41, 0x5A, 0xA5,
    0xE9, 0xBA, 0xF6, 0xB2, 0x01, 0xFB, 0x21, 0x33, 0x47, 0xE4, 0x93, 0x2C, 0x26, 0x61, 0x95, 0xAC,
    0x3B, 0x98, 0x47, 0xC5, 0xCD, 0x15, 0x29, 0x5D, 0xE1, 0x73, 0x5C, 0xDD, 0x9F, 0x71, 0x55, 0xCF,
    0xB2, 0xD2, 0x7F, 0x8E, 0x9B, 0x4B, 0xFF, 0xD0, 0xB0, 0x10, 0xC1, 0xBD, 0x86, 0xD7, 0x73, 0x16,
    0x3A, 0xA6, 0x7D, 0x28, 0x32, 0x46, 0xAE, 0xB3, 0x12, 0x0B, 0xD9, 0xD1, 0x43, 0x24, 0x47, 0x7C,
    0x91, 0xCD, 0x0C, 0x62, 0x92, 0x0C, 0xD3, 0xCE, 0xDF, 0x07, 0x03, 0x07, 0x6F, 0xAF, 0x35, 0xC3,
    0x9D, 0x76, 0xAF, 0xC8, 0x48, 0xC7, 0xDD, 0x84, 0x7B, 0x89, 0xC2, 0xCB, 0x40, 0xC1, 0xED, 0x80,
    0x82, 0xD7, 0x25, 0xDC, 0x9F, 0x0F, 0x14, 0x44, 0x4C, 0xA6, 0x93, 0x4E, 0x09, 0x6E, 0xE1, 0x55,
    0xDE, 0x1F, 0x39, 0xFA, 0x33, 0x2C, 0xCB, 0x39, 0x3B, 0x93, 0x7F, 0x95, 0x32, 0xE7, 0x5C, 0xC6,
    0x83, 0xAC, 0x0B, 0x6D, 0xC3, 0x78, 0xBB, 0xA4, 0xC4, 0xAF, 0x45, 0x23, 0x21, 0x70, 0xC2, 0xAB,
    0x06, 0x2D, 0x6B, 0x79, 0x96, 0x85, 0xF5, 0xE4, 0x13, 0x8C, 0x22, 0xB8, 0xCB, 0xB9, 0x0B, 0x00,
    0x52, 0xF3, 0xD3, 0xDD, 0xB8, 0x76, 0x36, 0x2A, 0x6D, 0xB8, 0xCD, 0x1B, 0x3C, 0x5C, 0x66, 0x05,
    0xA1, 0x55, 0x0B, 0x9D, 0xCB, 0xA5, 0xBA, 0xD1, 0x59, 0xD2, 0x48, 0xF9, 0x4F, 0x05, 0x24, 0x8F,
    0x94, 0x2C, 0x5C, 0x05, 0x42, 0xB3, 0x2B, 0xF6, 0x3E, 0x00, 0x22, 0x49, 0xD6, 0x99, 0x9D, 0x2D,
    0xC7, 0x05, 0x8F, 0xB6, 0xD8, 0x6D, 0x3E, 0xDB, 0xFE, 0x87, 0x0D, 0x21, 0x95, 0xB5, 0x21, 0x3D,
    0x5D, 0x6A, 0x4B, 0x0C, 0x2E, 0x62, 0x1F, 0xC9, 0x93, 0x8D, 0xB2, 0x45, 0x9E, 0x51, 0x95, 0x24,
    0x6C, 0x5C, 0x51, 0x25, 0x14, 0x17, 0xB9, 0x45, 0x80, 0x1F, 0xD2, 0xFD, 0xB6, 0x59, 0x3D, 0x89,
    0x32, 0xC9, 0x05, 0xC6, 0x76, 0xED, 0xBC, 0x4D, 0x24, 0xBE, 0x63, 0x46, 0x7F, 0x3E, 0xEE, 0xA0,
    0x65, 0x56, 0x09, 0xB7, 0x7A, 0x89, 0x27, 0x5A, 0x7A, 0x79, 0x9C, 0x7D, 0x2C, 0x58, 0xDF, 0xB2,
    0x7A, 0xFF, 0x81, 0xFA, 0x27, 0xAD, 0x56, 0x3F, 0x6C, 0xDD, 0x44, 0x1C, 0xFE, 0xF9, 0xAE, 0xAF,
    0x46, 0xB1, 0xC8, 0x75, 0x08, 0x12, 0x44, 0xA4, 0x66, 0x60, 0x23, 0xC2, 0x0C, 0x19, 0x3A, 0xD0,
    0xDE, 0xA5, 0x19, 0x2A, 0x90, 0x40, 0x4F, 0xB4, 0x55, 0x11, 0x12, 0x52, 0x47, 0xD4, 0xA9, 0x43,
    0x06, 0x96, 0xC6, 0x6E, 0x32, 0x76, 0xC9, 0xD6, 0xF5, 0x0D, 0x54, 0xD0, 0x54, 0xD0, 0x22, 0x31,
    0x74, 0x20, 0xB1, 0x93, 0x0A, 0x55, 0x82, 0x01, 0x17, 0xD8, 0x3A, 0x60, 0x26, 0x50, 0x19, 0x72,
    0xAD, 0x5C, 0xEA, 0x46, 0x77, 0x3E, 0xBE, 0xB3, 0x5F, 0x42, 0x55, 0x8A, 0x54, 0x0A, 0xF7, 0x6C,
    0xEB, 0x3D, 0xDF, 0xFD, 0xFE, 0xDC, 0xEF, 0xF7, 0x7D, 0xDF, 0xBD, 0x0F, 0xD6, 0xF6, 0xC6, 0x68,
    0x78, 0xEA, 0xC3, 0x58, 0x69, 0xF9, 0xCD, 0xA5, 0x09, 0x1A, 0xFD, 0xF3, 0xE5, 0x47, 0xA8, 0x68,
    0x86, 0x68, 0xEE, 0xCC, 0x95, 0xDB, 0x6B, 0xEB, 0xA3, 0xF0, 0xED, 0xA0, 0x1C, 0x2D, 0x62, 0x62,
    0x44, 0x4F, 0xFB, 0xE8, 0xC7, 0x0C, 0xFC, 0x04, 0x05, 0x2D, 0xAD, 0x5D, 0xBC, 0xF3, 0xC5, 0x0C,
    0x9D, 0x5E, 0xDC, 0x4F, 0xE5, 0x69, 0xDA, 0x4F, 0xF4, 0xF4, 0x0F, 0x8C, 0xC8, 0x19, 0xE7, 0xBE,
    0x77, 0x86, 0x1E, 0xFB, 0xE1, 0xF6, 0x86, 0xC6, 0xFD, 0x00, 0xF7, 0x36, 0x6E, 0xE5, 0x9E, 0x34,
    0xCC, 0x93, 0xDF, 0xBE, 0x10, 0xBC, 0x67, 0x92, 0xEF, 0x74, 0x9E, 0x6C, 0x99, 0x3C, 0xBA, 0xF7,
    0x9F, 0xBF, 0xDE, 0xFD, 0x6C, 0x3A, 0x43, 0x99, 0x3F, 0x1D, 0xA7, 0x92, 0xF5, 0x45, 0xE0, 0xE3,
    0x9F, 0xB9, 0x73, 0x96, 0x0E, 0x84, 0x65, 0xCA, 0x75, 0x92, 0xD9, 0x50, 0xC7, 0x65, 0x9A, 0x0D,
    0x89, 0x86, 0xDC, 0x70, 0xC3, 0x0C, 0x6F, 0xB8, 0x8E, 0x2A, 0x51, 0x48, 0xDA, 0x47, 0xAC, 0x94,
    0x45, 0xCE, 0x4C, 0x54, 0x49, 0xD6, 0xC4, 0xC5, 0x75, 0xF8, 0x18, 0x90, 0x3B, 0x66, 0xE2, 0x52,
    0xAA, 0x36, 0x30, 0xAC, 0xE6, 0x9A, 0x15, 0x74, 0x20, 0xA0, 0x73, 0x61, 0x95, 0x86, 0x5A, 0xF2,
    0x3A, 0x39, 0x6F, 0x44, 0x09, 0x97, 0xE9, 0xBC, 0x85, 0xD7, 0x95, 0x66, 0x40, 0x27, 0xBA, 0xD0,
    0xC9, 0x72, 0xC3, 0x8D, 0x2C, 0x90, 0x1C, 0x33, 0x49, 0x21, 0x17, 0x6A, 0x2C, 0x21, 0x2C, 0x4D,
    0x8E, 0xD6, 0x41, 0xF6, 0x12, 0xE2, 0x7C, 0xE4, 0xA7, 0x73, 0xA1, 0xB1, 0x22, 0xAA, 0x2C, 0xD7,
    0x29, 0x6B, 0xE4, 0xBC, 0x49, 0xB2, 0xEB, 0xA2, 0x4B, 0x7E, 0x40, 0x43, 0x51, 0xBB, 0xD0, 0xA4,
    0xE7, 0x2D, 0xCC, 0x8F, 0x69, 0x51, 0xD9, 0x00, 0xB3, 0xC9, 0x82, 0xE6, 0x5A, 0xD2, 0x2C, 0xCF,
    0x28, 0x50, 0xC4, 0x6B, 0x0A, 0xD0, 0x8F, 0x94, 0x28, 0x56, 0x83, 0xB0, 0x38, 0xE5, 0xDC, 0x0E,
    0x76, 0x7A, 0xE9, 0xF0, 0x34, 0x09, 0xE0, 0xA8, 0x20, 0xA6, 0x89, 0x30, 0xBF, 0x84, 0x74, 0x14,
    0x89, 0x92, 0xB8, 0xEE, 0xD6, 0x2F, 0xF9, 0x00, 0x53, 0xE4, 0xCD, 0x29, 0x2E, 0x3A, 0xFB, 0xA0,
    0x26, 0x38, 0x18, 0xA6, 0xCE, 0x2D, 0xC3, 0xC3, 0xC4, 0xF1, 0x5B, 0x23, 0xB8, 0x24, 0x5A, 0xEF,
    0x17, 0x09, 0x2C, 0x3A, 0x42, 0x6C, 0x55, 0xBF, 0x2F, 0xD0, 0x72, 0x2C, 0x2A, 0x86, 0xCD, 0x14,
    0xF1, 0x0A, 0xE6, 0x48, 0xB6, 0xC5, 0xA2, 0x06, 0x19, 0x63, 0xFD, 0xC4, 0xAA, 0xBB, 0xED, 0x72,
    0xEB, 0xEE, 0x3A, 0x35, 0xA4, 0x45, 0x12, 0x35, 0xB9, 0x5A, 0xB8, 0xDA, 0x77, 0xA1, 0x75, 0xAD,
    0x68, 0xB1, 0x16, 0xD8, 0x22, 0x66, 0xD3, 0x5F, 0x9D, 0x2C, 0x87, 0x1E, 0x55, 0x55, 0x7C, 0xD3,
    0x88, 0x7B, 0xD8, 0x69, 0x3E, 0x6F, 0x07, 0x3E, 0xAB, 0x9E, 0x04, 0x15, 0x62, 0x8B, 0x9B, 0x86,
    0xF2, 0x4C, 0xFC, 0xE1, 0x48, 0x56, 0xDC, 0xA6, 0x4A, 0x68, 0x6A, 0x07, 0x68, 0x1B, 0x8A, 0x13,
    0xE0, 0xF7, 0x03, 0xB8, 0x78, 0x84, 0x30, 0xA7, 0x5F, 0xBB, 0xCD, 0xFE, 0x07, 0xC2, 0x64, 0x17,
    0x7F, 0x9B, 0x7C, 0x56, 0xC2, 0xAC, 0xA2, 0xCE, 0xE1, 0xE7, 0xC1, 0xB7, 0x73, 0x6F, 0x8C, 0x8A,
    0x7F, 0x95, 0xC2, 0xEE, 0xA3, 0x1B, 0xC1, 0x8F, 0x8A, 0x16, 0x2B, 0x9A, 0x39, 0x74, 0xE6, 0xEA,
    0xBB, 0x77, 0xAE, 0xBE, 0x53, 0xCE, 0xCC, 0x95, 0x67, 0xCB, 0x5B, 0x37, 0x14, 0x36, 0xFB, 0x0C,
    0xD7, 0xD8, 0xE7, 0x4D, 0x15, 0xCD, 0xD0, 0xEC, 0x22, 0x7D, 0xB9, 0x73, 0xF9, 0xEC, 0xCE, 0x95,
    0x97, 0xE7, 0xC2, 0xF0, 0xF9, 0x30, 0xB8, 0x71, 0x0C, 0xD5, 0x7B, 0xA6, 0xEB, 0xB1, 0x31, 0xD9,
    0x37, 0xAD, 0xED, 0xB0, 0x84, 0x91, 0xB7, 0x1D, 0x6E, 0xD0, 0xDE, 0xFB, 0x86, 0x64, 0x07, 0xE8,
    0x94, 0xD7, 0xAC, 0x13, 0x12, 0xDE, 0x88, 0xD2, 0x03, 0xCA, 0xC3, 0x4A, 0x2A, 0xDB, 0xAD, 0x07,
    0x35, 0xA2, 0xAA, 0xCB, 0xD3, 0x80, 0x55, 0xBD, 0x33, 0x2D, 0x17, 0xF4, 0xC4, 0x2A, 0xED, 0x1F,
    0xC5, 0x3F, 0x98, 0xE4, 0xA8, 0xD3, 0x81, 0xAB, 0xA5, 0xDB, 0x6C, 0xE4, 0x76, 0x95, 0x6C, 0xEB,
    0xA4, 0x11, 0x5B, 0x26, 0xD9, 0x34, 0xDE, 0x11, 0x1E, 0xA9, 0xA8, 0xA4, 0xA2, 0xA8, 0xCC, 0x03,
    0x23, 0x09, 0x2E, 0x97, 0x78, 0x13, 0xDD, 0x35, 0x80, 0x3B, 0xD7, 0xA2, 0x94, 0x17, 0x34, 0x50,
    0x2E, 0x95, 0x54, 0x20, 0x90, 0x25, 0xD6, 0x50, 0x2B, 0xAA, 0x3C, 0xD2, 0xC0, 0x3E, 0x6B, 0x1D,
    0xC4, 0x8C, 0x60, 0xC2, 0x5D, 0xC5, 0x9C, 0xF6, 0x98, 0x0E, 0x3E, 0x21, 0xBA, 0x0C, 0x8C, 0xFE,
    0xB5, 0xBB, 0x50, 0x25, 0x59, 0x1B, 0xD5, 0x72, 0xD3, 0x22, 0x0C, 0x5D, 0x1B, 0xBF, 0x5D, 0x8C,
    0x54, 0xB2, 0x52, 0x8B, 0x5F, 0x6C, 0x54, 0x3B, 0xDE, 0xF3, 0xB4, 0x45, 0xB0, 0xB0, 0x8A, 0x48,
    0xEF, 0x99, 0x06, 0xE5, 0x24, 0x7D, 0xE5, 0xA5, 0xC4, 0xF2, 0x06, 0xF6, 0x70, 0xB2, 0x62, 0x84,
    0xCE, 0xC3, 0x3A, 0x2E, 0xDB, 0x48, 0x4B, 0x2F, 0x1E, 0x92, 0xD5, 0x71, 0x36, 0x1B, 0x54, 0x62,
    0xD7, 0xE6, 0x63, 0x2F, 0x50, 0xB2, 0x48, 0xC7, 0x8A, 0x53, 0xF4, 0x39, 0x64, 0xB3, 0xA8, 0xC8,
    0xBC, 0x15, 0x5A, 0x6E, 0x99, 0xB0, 0x96, 0x48, 0x08, 0xBB, 0xB2, 0xB0, 0x2D, 0xDE, 0x64, 0x7B,
    0x6D, 0x3E, 0x48, 0xD7, 0x42, 0x85, 0x4A, 0x27, 0x59, 0xBA, 0xE0, 0x65, 0x67, 0xCB, 0xC4, 0x15,
    0x22, 0x09, 0xC8, 0x07, 0x62, 0xC2, 0xC1, 0x51, 0xE3, 0x2D, 0x0C, 0xE9, 0x48, 0x1D, 0xEA, 0x4D,
    0x5E, 0xEC, 0x48, 0x1C, 0x37, 0x14, 0x6F, 0x67, 0xF1, 0x56, 0x23, 0x8A, 0x24, 0x83, 0x1B, 0xD8,
    0x16, 0x29, 0x3E, 0x49, 0x29, 0x1A, 0x72, 0x24, 0xAA, 0xC0, 0x92, 0x00, 0xC1, 0x11, 0x4A, 0x2A,
    0x66, 0x3D, 0xB3, 0xD3, 0x82, 0x7B, 0x7A, 0x26, 0x55, 0x54, 0xE3, 0xC5, 0x41, 0xEF, 0xEB, 0x15,
    0xDC, 0x17, 0x80, 0xFC, 0x23, 0x50, 0x4F, 0x51, 0x34, 0xC9, 0xB2, 0xE6, 0x95, 0x5E, 0x87, 0x7F,
    0xC8, 0xCF, 0x52, 0x58, 0x52, 0x70, 0xBF, 0xA6, 0x38, 0x6A, 0xC5, 0x02, 0xA6, 0x4C, 0xB2, 0x60,
    0xE2, 0x62, 0xB8, 0xA3, 0x87, 0x24, 0xD1, 0x45, 0x2F, 0xBF, 0x5C, 0x0F, 0x0D, 0x99, 0x64, 0x45,
    0x27, 0xCC, 0x88, 0x0B, 0x65, 0xAC, 0x8E, 0xCC, 0xA1, 0x82, 0xFD, 0xFE, 0xA7, 0xD5, 0xB4, 0x4A,
    0x4A, 0xA4, 0xA3, 0x85, 0x8E, 0x9A, 0xA8, 0xE1, 0x96, 0x5B, 0x24, 0x06, 0x69, 0xC8, 0x64, 0x16,
    0x97, 0x71, 0x19, 0xEA, 0x48, 0x33, 0x88, 0x2D, 0x6D, 0x40, 0x64, 0xD0, 0x6C, 0x78, 0x14, 0x05,
    0x47, 0x02, 0xD4, 0xE0, 0x73, 0x98, 0xCE, 0x41, 0xDD, 0xF7, 0xF5, 0x3D, 0xA9, 0x59, 0x1D, 0xB8,
    0xA0, 0x45, 0xF2, 0x79, 0x16, 0x17, 0x49, 0x11, 0x28, 0x68, 0xE9, 0xC9, 0x93, 0x27, 0x8F, 0x8F,
    0x8F, 0x0B, 0x1C, 0x24, 0x97, 0x89, 0xB9, 0x9F, 0x5D, 0x6A, 0x1F, 0x83, 0x78, 0x4E, 0xBD, 0x20,
    0x76, 0x98, 0x06, 0x90, 0x7A, 0xFD, 0xF4, 0x88, 0x03, 0xF8, 0xA8, 0x57, 0x56, 0xEE, 0xBB, 0x9F,
    0x74, 0x71, 0x3C, 0xC6, 0x3D, 0xF8, 0xCD, 0xEE, 0xFC, 0x46, 0x07, 0x6C, 0x6F, 0xAF, 0x7A, 0xD1,
    0x44, 0xA1, 0xB1, 0xD0, 0xF6, 0x8A, 0xF7, 0x28, 0xE8, 0x98, 0x53, 0x91, 0x65, 0xAE, 0x8E, 0x5C,
    0xE9, 0x1C, 0x77, 0x46, 0xE6, 0x65, 0xEB, 0xDE, 0xE2, 0xF5, 0xAB, 0x90, 0x71, 0xEB, 0x73, 0x90,
    0xDE, 0x2D, 0xDC, 0xD8, 0xBF, 0x3D, 0xFC, 0x44, 0xFC, 0x13, 0xA5, 0xC3, 0xD0, 0xA9, 0x18, 0x45,
    0xCA, 0x78, 0x0B, 0xC5, 0xDC, 0x95, 0x56, 0x56, 0x23, 0x15, 0x6C, 0x3E, 0x6C, 0xB0, 0x7F, 0xD6,
    0xFA, 0x04, 0x72, 0x7F, 0x96, 0x0C, 0xFA, 0xD9, 0x51, 0x02, 0xD7, 0x5B, 0xAE, 0x66, 0xAD, 0x70,
    0x28, 0x35, 0xC2, 0xA6, 0xC5, 0xAA, 0x9C, 0x07, 0xB3, 0x6D, 0xE4, 0xE9, 0x24, 0x3D, 0x93, 0x3C,
    0xBB, 0x7D, 0x0A, 0x0A, 0x15, 0x06, 0x10, 0x10, 0x32, 0x68, 0x02, 0xAB, 0xA2, 0x12, 0x11, 0x13,
    0x02, 0x62, 0xBE, 0xF6, 0x12, 0xBD, 0x17, 0xEF, 0x75, 0x8A, 0xA1, 0xDF, 0x5E, 0xCA, 0xD1, 0x21,
    0x94, 0x0E, 0xD1, 0xA6, 0xBA, 0x96, 0xFA, 0x93, 0x00, 0xA2, 0x21, 0x70, 0xA4, 0x50, 0xBE, 0xEC,
    0xD0, 0xD2, 0xE8, 0x77, 0xD0, 0xE3, 0x39, 0x00, 0x15, 0x90, 0xDC, 0x44, 0x59, 0xD6, 0x51, 0xAD,
    0x48, 0x77, 0x39, 0x6E, 0xE0, 0x0B, 0xA2, 0x6D, 0xA0, 0xB1, 0xA8, 0x95, 0x24, 0x79, 0x02, 0x7D,
    0x75, 0x9A, 0x97, 0xCC, 0xF9, 0xC6, 0x0E, 0xC7, 0xBD, 0xC5, 0x41, 0x15, 0xEB, 0x0E, 0x99, 0x42,
    0x07, 0xBE, 0x42, 0x88, 0x76, 0x60, 0x5C, 0xD4, 0x35, 0x15, 0x9C, 0x77, 0x36, 0x78, 0x88, 0x1E,
    0xDB, 0x75, 0xE6, 0xDA, 0x49, 0x8A, 0x1E, 0x3E, 0x2A, 0x63, 0x33, 0x54, 0x45, 0x6A, 0xB1, 0xA3,
    0x2B, 0xFE, 0x01, 0xAC, 0x18, 0x4F, 0x52, 0xCF, 0xD8, 0xA4, 0x74, 0x91, 0x06, 0xA3, 0x3A, 0xD2,
    0xA6, 0xDC, 0xCF, 0x43, 0x09, 0x3C, 0x6F, 0x0D, 0x2B, 0x0E, 0x82, 0x4C, 0xBB, 0x0E, 0xFE, 0x04,
    0x5D, 0x51, 0x31, 0x4E, 0xC4, 0x30, 0x10, 0x1C, 0x27, 0x40, 0x8A, 0x2B, 0x4C, 0x03, 0x0D, 0x88,
    0x3C, 0x21, 0x4F, 0x70, 0x44, 0x43, 0x07, 0x48, 0x7C, 0x81, 0x27, 0xD0, 0xA2, 0x43, 0xE2, 0x0B,
    0x5C, 0x4F, 0x0B, 0x7C, 0x01, 0xC9, 0xFE, 0x01, 0xE1, 0x07, 0x29, 0xA8, 0xA0, 0x71, 0x11, 0x24,
    0x03, 0xBE, 0x2C, 0xB3, 0xC9, 0x35, 0xB0, 0x92, 0x47, 0xEB, 0xF5, 0x68, 0xBC, 0x3B, 0x8B, 0x46,
    0x24, 0xC3, 0x29, 0x1C, 0x28, 0x94, 0x19, 0x19, 0x55, 0x46, 0x52, 0x88, 0x58, 0x24, 0x00, 0x76,
    0x50, 0xF8, 0x7A, 0x04, 0x6A, 0x11, 0xA0, 0x91, 0x11, 0x70, 0x3D, 0x6B, 0x2E, 0x00, 0x85, 0x7F,
    0x07, 0x2A, 0xAD, 0x1B, 0x59, 0xB1, 0x26, 0xAD, 0x66, 0x77, 0x4A, 0xCB, 0x64, 0x28, 0x6C, 0x62,
    0x47, 0x9F, 0x3C, 0xC1, 0xFE, 0x90, 0xED, 0x8F, 0xF9, 0x59, 0xAA, 0x7A, 0x34, 0xE1, 0x08, 0xA0,
    0x22, 0x16, 0xC3, 0x96, 0x0A, 0x45, 0xED, 0x26, 0xA0, 0x4A, 0x93, 0xF6, 0x3D, 0x75, 0x78, 0x7B,
    0x1A, 0x1F, 0xF8, 0x7B, 0x47, 0x96, 0xE7, 0xB9, 0x48, 0xD8, 0x2F, 0x85, 0xED, 0xB2, 0x1F, 0x89,
    0xCB, 0x57, 0x2F, 0xB8, 0xC4, 0x9F, 0x30, 0x5E, 0x6E, 0xE6, 0x84, 0x8C, 0x39, 0xA3, 0xEA, 0x7A,
    0x2E, 0x9D, 0x45, 0x17, 0x67, 0x9A, 0x18, 0x99, 0x93, 0x3A, 0xDA, 0x68, 0x39, 0x0D, 0x8A, 0x11,
    0x52, 0xA6, 0x89, 0xDF, 0xD5, 0xD1, 0xB5, 0xD8, 0xA3, 0x25, 0xE5, 0xBA, 0x96, 0xAE, 0xA1, 0x4D,
    0x41, 0x5E, 0x24, 0x5B, 0x09, 0xD5, 0x28, 0xB1, 0xFE, 0x2C, 0x86, 0x43, 0xCE, 0x33, 0xB0, 0xF9,
    0x26, 0xC0, 0xCA, 0x1B, 0x1B, 0x54, 0x3D, 0xB5, 0x22, 0xC3, 0xAE, 0x29, 0x0A, 0x7D, 0x69, 0xA2,
    0xE1, 0x78, 0x34, 0x16, 0xFE, 0xA6, 0xE1, 0x08, 0xEE, 0xF6, 0x94, 0x83, 0x8F, 0x2D, 0x4A, 0xF9,
    0x4E, 0xEE, 0x44, 0xAD, 0x73, 0x52, 0x4B, 0xEF, 0xA5, 0x47, 0x21, 0xED, 0x72, 0xC0, 0xFF, 0x30,
    0x3E, 0x6D, 0xBC, 0xF7, 0xF4, 0xBE, 0x94, 0xF6, 0x5A, 0x17, 0xF3, 0x8C, 0xBA, 0xC7, 0xD5, 0x66,
    0x09, 0x1F, 0x19, 0x0B, 0xDD, 0xDF, 0xB6, 0xAC, 0xCE, 0xA7, 0x16, 0xD4, 0xB7, 0xC9, 0xCA, 0x6E,
    0xBE, 0x4E, 0x8B, 0x81, 0x0F, 0xD8, 0xC5, 0x72, 0x30, 0x71, 0x7E, 0xB6, 0xEA, 0xAD, 0x99, 0x7C,
    0x31, 0xC0, 0x2F, 0x6D, 0x54, 0xAD, 0x92, 0xD4, 0x40, 0x10, 0xEE, 0x24, 0x5C, 0x85, 0x22, 0x22,
    0x67, 0x80, 0x2A, 0x10, 0x83, 0xA4, 0x10, 0xE4, 0x05, 0xA8, 0x4A, 0x14, 0x66, 0xCD, 0x29, 0x2C,
    0xF7, 0x06, 0x6B, 0x71, 0x09, 0x08, 0x0C, 0x66, 0x3D, 0x16, 0x01, 0x8B, 0xD8, 0x37, 0xB8, 0x84,
    0xE2, 0x05, 0xF2, 0x08, 0xC1, 0x1E, 0x26, 0x22, 0x22, 0x5C, 0x25, 0xD3, 0xF4, 0xD7, 0x33, 0x9B,
    0xA4, 0x28, 0x46, 0xEC, 0x6C, 0x65, 0x7A, 0xBA, 0xBF, 0x9F, 0xEE, 0x21, 0xC2, 0x7A, 0x52, 0xC8,
    0x4F, 0xC2, 0x9F, 0xB8, 0x25, 0x0A, 0x58, 0x56, 0x43, 0x64, 0xEE, 0x78, 0xB8, 0x91, 0xCF, 0x4C,
    0x65, 0x73, 0x2D, 0xA7, 0x43, 0x30, 0x23, 0x34, 0x6F, 0xD2, 0x9E, 0xF4, 0x73, 0x2E, 0x41, 0xB4,
    0x47, 0x34, 0x51, 0x8A, 0x6D, 0x24, 0x7A, 0xC1, 0xC7, 0xFA, 0xB6, 0x22, 0x8A, 0x26, 0x09, 0x90,
    0x65, 0x3A, 0xF9, 0x27, 0xAB, 0xAC, 0x4C, 0x27, 0x5B, 0x38, 0x53, 0x8D, 0x52, 0x69, 0x1F, 0x6E,
    0x93, 0x05, 0xD6, 0x25, 0x93, 0x1A, 0x16, 0x9F, 0xB3, 0x36, 0x19, 0x36, 0x35, 0xFE, 0x4D, 0x56,
    0x17, 0x9A, 0xCC, 0x7F, 0x7E, 0x96, 0x76, 0xB1, 0x54, 0x0E, 0x87, 0xFA, 0x4F, 0xDD, 0x38, 0x24,
    0x88, 0xCA, 0x79, 0xCF, 0x28, 0x95, 0x1D, 0x2E, 0x0A, 0xF2, 0xEB, 0xD1, 0x95, 0x5E, 0xE7, 0x0A,
    0xB9, 0x19, 0x95, 0xF9, 0xF5, 0xAC, 0x75, 0x5E, 0x02, 0x63, 0x11, 0x28, 0x24, 0x52, 0x80, 0x41,
    0xA1, 0xE4, 0x26, 0x44, 0x82, 0x21, 0x98, 0x35, 0x8A, 0xB8, 0x03, 0x92, 0x58, 0x00, 0xC6, 0x63,
    0x38, 0x29, 0x27, 0x76, 0x32, 0x55, 0x38, 0xCE, 0x5A, 0x1C, 0x83, 0x56, 0x32, 0x44, 0xC0, 0x35,
    0x07, 0xF6, 0x9D, 0x1E, 0x5B, 0x1C, 0x1B, 0x56, 0x1E, 0x16, 0xC7, 0x74, 0xA9, 0x24, 0x24, 0x86,
    0x40, 0x5B, 0x18, 0x28, 0x69, 0x85, 0x97, 0xEB, 0x6F, 0x68, 0x69, 0x59, 0x81, 0x2A, 0x63, 0x11,
    0x6F, 0xD4, 0xA0, 0xD8, 0x9E, 0xA6, 0x45, 0xA4, 0xAC, 0x85, 0x08, 0x92, 0x0D, 0xFA, 0x3A, 0x59,
    0xF7, 0xDC, 0x33, 0x12, 0x59, 0x41, 0x1C, 0x9E, 0xEE, 0xDE, 0x3B, 0xA6, 0x59, 0x73, 0x16, 0x12,
    0xAA, 0x57, 0xFF, 0xBD, 0x29, 0x1F, 0x78, 0xD1, 0x19, 0xA6, 0x28, 0x81, 0x4C, 0x20, 0x89, 0x71,
    0xA2, 0x9B, 0xDC, 0x34, 0x03, 0x6E, 0x2E, 0x0C, 0xA8, 0x42, 0x2A, 0xCA, 0x76, 0x10, 0x35, 0x62,
    0x85, 0xED, 0x28, 0x50, 0x5D, 0x6D, 0x38, 0x7C, 0x71, 0x24, 0x62, 0xF4, 0x0A, 0x68, 0x30, 0x3A,
    0x2E, 0xB6, 0x35, 0xBF, 0x99, 0x3D, 0x95, 0xF8, 0x4C, 0xC6, 0xA5, 0x56, 0x49, 0x14, 0x96, 0x37,
    0x44, 0xCD, 0xC8, 0x75, 0xEF, 0x41, 0xEB, 0xBB, 0x3D, 0xB2, 0xBF, 0x0A, 0xE8, 0x4A, 0xCD, 0x2A,
    0xB9, 0xB2, 0x82, 0x17, 0xE8, 0x25, 0x40, 0x54, 0x82, 0x79, 0xE5, 0x72, 0x39, 0xF7, 0xE4, 0x52,
    0xED, 0x69, 0x3A, 0xBF, 0x60, 0xE5, 0x2B, 0x97, 0xCB, 0x88, 0xC2, 0x69, 0x1F, 0x4D, 0x01, 0x0F,
    0xAE, 0x3D, 0xD3, 0xF1, 0x2C, 0xD5, 0xDA, 0x90, 0x42, 0x5A, 0x3B, 0x31, 0xDB, 0xF1, 0xE7, 0x49,
    0x89, 0x2B, 0xBA, 0xB5, 0xF9, 0xE8, 0xA6, 0x78, 0x48, 0xDB, 0x75, 0xA5, 0x73, 0xF6, 0x81, 0x7F,
    0x37, 0x7E, 0xD0, 0x10, 0x26, 0x93, 0xB6, 0x58, 0xD9, 0x3A, 0x24, 0xDE, 0x1B, 0xE5, 0x7D, 0x56,
    0x06, 0x33, 0x01, 0x01, 0x26, 0xF1, 0x5B, 0xE7, 0xAD, 0xF7, 0x6D, 0x79, 0xEB, 0x0D, 0x64, 0x72,
    0xCD, 0xE7, 0xE1, 0x61, 0xE6, 0xA2, 0xC9, 0x0F, 0x1D, 0xBA, 0x56, 0xA7, 0xAE, 0xF4, 0x2E, 0x87,
    0xBE, 0x03, 0x9A, 0xB5, 0x60, 0xE3, 0xD4, 0xF2, 0x76, 0x8B, 0x15, 0xDC, 0xB9, 0xB4, 0xBE, 0x69,
    0x27, 0xCA, 0x3B, 0xDF, 0x15, 0x97, 0xAB, 0x08, 0x7E, 0xFE, 0x96, 0x01, 0x5C, 0x26, 0x70, 0x55,
    0x61, 0x3B, 0x83, 0xF4, 0x4D, 0x7F, 0x13, 0x6E, 0x5C, 0x88, 0x6E, 0xF5, 0x4E, 0x9B, 0xC4, 0x06,
    0x17, 0xEE, 0x91, 0xC8, 0x8B, 0xC5, 0x7C, 0x5F, 0xC6, 0xBD, 0x33, 0x2A, 0xB0, 0x75, 0xB6, 0x7F,
    0x25, 0x35, 0x68, 0x7D, 0x17, 0x8C, 0xC3, 0xE1, 0x1F, 0x0F, 0xFF, 0xB4, 0xF8, 0xAD, 0xAC, 0x74,
    0x03, 0xF6, 0xE7, 0xD8, 0xB2, 0x5F, 0x93, 0x6B, 0xE9, 0x91, 0x94, 0x5F, 0x07, 0x2D, 0x12, 0xAB,
    0xC5, 0xA9, 0x38, 0x37, 0xF5, 0xFD, 0x48, 0xED, 0x76, 0x5D, 0x2D, 0x58, 0xBB, 0x4D, 0x5B, 0x27,
    0xE3, 0xDA, 0xD5, 0x70, 0xF5, 0xA9, 0x72, 0xCE, 0xB4, 0xF5, 0xB3, 0x03, 0x08, 0xA4, 0x8D, 0x11,
    0x72, 0x8F, 0xFB, 0x44, 0x06, 0x86, 0x27, 0x39, 0x17, 0xC3, 0x0D, 0xDB, 0x60, 0x7E, 0xFB, 0x91,
    0x8F, 0xC2, 0xAD, 0x10, 0xC1, 0xF3, 0x56, 0x48, 0xA0, 0x30, 0xA0, 0x73, 0x8F, 0x79, 0x4F, 0x59,
    0x27, 0xB1, 0xEE, 0xE0, 0x47, 0x32, 0xC9, 0xB1, 0x21, 0x8E, 0xC7, 0x07, 0x69, 0x9F, 0xFF, 0x60,
    0xF3, 0x93, 0x4F, 0x6D, 0xC9, 0x5D, 0xCD, 0x9D, 0x80, 0x8E, 0xB9, 0x0D, 0xF9, 0x80, 0x97, 0xE1,
    0x1E, 0xD1, 0x5F, 0x3D, 0xCE, 0xD1, 0x0D, 0x83, 0x30, 0x0C, 0x04, 0x50, 0x13, 0x7F, 0xF2, 0x91,
    0x15, 0x3A, 0x01, 0x19, 0x01, 0xC4, 0x1A, 0x9D, 0xA0, 0x53, 0x96, 0x15, 0xCA, 0x04, 0x16, 0x0C,
    0x80, 0x07, 0x88, 0xB8, 0x9E, 0x5D, 0xA9, 0xFE, 0x79, 0x39, 0xE5, 0x22, 0x47, 0x44, 0x1E, 0x12,
    0x53, 0x2C, 0x69, 0x49, 0x41, 0x32, 0x3D, 0x83, 0xB2, 0xE5, 0xDD, 0x24, 0x03, 0x29, 0xFD, 0x15,
    0xA9, 0x01, 0x6A, 0xAC, 0x01, 0xD5, 0x22, 0xF4, 0x66, 0x11, 0xFC, 0x6D, 0x0C, 0x58, 0x71, 0x00,
    0xF7, 0x52, 0x71, 0x02, 0x9B, 0xB0, 0x0A, 0xB0, 0xE4, 0x8A, 0x3E, 0xF2, 0xA4, 0xAC, 0xC1, 0xC9,
    0x87, 0x81, 0xF0, 0x59, 0x70, 0x31, 0x88, 0xF6, 0xEA, 0x81, 0xCF, 0xB1, 0x5F, 0x77, 0x4F, 0x90,
    0x5F, 0x53, 0xFF, 0x21, 0xFF, 0xF9, 0x02,
};

static const EpdGlyph bookerly_14_bolditalicGlyphs[] = {
    { 0, 0, 0, 0, 0, 0, 0 }, // U+0000
    { 0, 0, 0, 0, 0, 0, 0 }, // U+0008
    { 0, 0, 100, 0, 0, 0, 0 }, // U+0009
    { 0, 0, 100, 0, 0, 0, 0 }, // U+000D
    { 0, 0, 0, 0, 0, 0, 0 }, // U+001D
    { 0, 0, 100, 0, 0, 0, 0 }, // U+0020
    { 9, 23, 156, 1, 22, 52, 0 }, // !
    { 11, 10, 186, 1, 21, 28, 52 }, // "
    { 18, 19, 291, 0, 17, 86, 80 }, // #
    { 16, 30, 291, 1, 24, 120, 166 }, // $
    { 26, 24, 459, 1, 22, 156, 286 }, // %
    { 24, 24, 412, 1, 22, 144, 442 }, // &
    { 6, 10, 103, 1, 21, 15, 586 }, // '
    { 13, 30, 196, 1, 24, 98, 601 }, // (
    { 14, 30, 196, -2, 24, 105, 699 }, // )
    { 11, 11, 182, 1, 22, 31, 804 }, // *
    { 14, 14, 291, 2, 17, 49, 835 }, // +
    { 9, 10, 144, -2, 5, 23, 884 }, // ,
    { 10, 5, 182, 1, 10, 13, 907 }, // -
    { 6, 6, 144, 1, 5, 9, 920 }, // .
    { 17, 23, 241, -1, 21, 98, 929 }, // /
    { 18, 22, 291, 0, 21, 99, 1027 }, // 0
    { 13, 21, 291, 2, 21, 69, 1126 }, // 1
    { 17, 21, 291, 0, 21, 90, 1195 }, // 2
    { 17, 22, 291, 0, 21, 94, 1285 }, // 3
    { 17, 21, 291, 0, 21, 90, 1379 }, // 4
    { 17, 21, 291, 1, 20, 90, 1469 }, // 5
    { 18, 22, 291, 1, 21, 99, 1559 }, // 6
    { 16, 21, 291, 3, 20, 84, 1658 }, // 7
    { 17, 22, 291, 1, 21, 94, 1742 }, // 8
    { 18, 22, 291, -1, 21, 99, 1836 }, // 9
    { 8, 17, 144, 1, 16, 34, 1935 }, // :
    { 11, 21, 144, -2, 16, 58, 1969 }, // ;
    { 14, 14, 291, 2, 17, 49, 2027 }, // <
    { 14, 9, 291, 2, 14, 32, 2076 }, // =
    { 14, 14, 291, 2, 17, 49, 2108 }, // >
    { 10, 23, 190, 2, 22, 58, 2157 }, // ?
    { 27, 27, 465, 1, 21, 183, 2215 }, // @
    { 23, 21, 345, -2, 21, 121, 2398 }, // A
    { 19, 22, 293, -2, 21, 105, 2519 }, // B
    { 19, 22, 306, 0, 21, 105, 2624 }, // C
    { 22, 22, 342, -1, 21, 121, 2729 }, // D
    { 21, 21, 291, -2, 21, 111, 2850 }, // E
    { 20, 21, 269, -2, 21, 105, 2961 }, // F
    { 20, 22, 340, 0, 21, 110, 3066 }, // G
    { 27, 21, 374, -2, 21, 142, 3176 }, // H
    { 15, 21, 186, -2, 21, 79, 3318 }, // I
    { 19, 27, 177, -6, 21, 129, 3397 }, // J
    { 24, 22, 333, -2, 21, 132, 3526 }, // K
    { 18, 21, 270, -2, 21, 95, 3658 }, // L
    { 28, 21, 419, -2, 21, 147, 3753 }, // M
    { 25, 22, 361, -1, 21, 138, 3900 }, // N
    { 21, 22, 345, 0, 21, 116, 4038 }, // O
    { 20, 21, 287, -2, 21, 105, 4154 }, // P
    { 25, 28, 347, 0, 21, 175, 4259 }, // Q
    { 21, 22, 317, -2, 21, 116, 4434 }, // R
    { 17, 22, 258, -1, 21, 94, 4550 }, // S
    { 20, 21, 309, 1, 21, 105, 4644 }, // T
    { 22, 22, 366, 2, 21, 121, 4749 }, // U
    { 23, 22, 341, 1, 21, 127, 4870 }, // V
    { 29, 22, 466, 2, 21, 160, 4997 }, // W
    { 24, 21, 311, -3, 21, 126, 5157 }, // X
    { 21, 21, 306, 1, 21, 111, 5283 }, // Y
    { 19, 22, 289, -1, 21, 105, 5394 }, // Z
    { 14, 28, 157, -2, 23, 98, 5499 }, // [
    { 13, 23, 241, 1, 21, 75, 5597 }, // <backslash>
    { 14, 28, 157, -2, 23, 98, 5672 }, // ]
    { 16, 14, 291, 1, 19, 56, 5770 }, // ^
    { 15, 4, 233, 0, -1, 15, 5826 }, // _
    { 6, 8, 289, 6, 25, 12, 5841 }, // `
    { 17, 17, 279, 0, 16, 73, 5853 }, // a
    { 16, 24, 260, 0, 23, 96, 5926 }, // b
    { 13, 17, 212, 0, 16, 56, 6022 }, // c
    { 17, 24, 277, 0, 23, 102, 6078 }, // d
    { 14, 17, 221, 0, 16, 60, 6180 }, // e
    { 22, 30, 198, -6, 23, 165, 6240 }, // f
    { 20, 23, 247, -2, 16, 115, 6405 }, // g
    { 17, 24, 279, 0, 23, 102, 6520 }, // h
    { 9, 24, 151, 1, 23, 54, 6622 }, // i
    { 16, 30, 147, -6, 23, 120, 6676 }, // j
    { 15, 24, 249, 0, 23, 90, 6796 }, // k
    { 9, 24, 150, 0, 23, 54, 6886 }, // l
    { 25, 17, 409, 0, 16, 107, 6940 }, // m
    { 18, 17, 289, 0, 16, 77, 7047 }, // n
    { 15, 17, 254, 0, 16, 64, 7124 }, // o
    { 19, 23, 267, -3, 16, 110, 7188 }, // p
    { 17, 23, 262, 0, 16, 98, 7298 }, // q
    { 15, 16, 225, 0, 16, 60, 7396 }, // r
    { 14, 17, 203, -1, 16, 60, 7456 }, // s
    { 13, 20, 197, 0, 19, 65, 7516 }, // t
    { 18, 17, 287, 0, 16, 77, 7581 }, // u
    { 15, 17, 246, 0, 16, 64, 7658 }, // v
    { 22, 17, 355, 0, 16, 94, 7722 }, // w
    { 18, 17, 267, -1, 16, 77, 7816 }, // x
    { 20, 23, 246, -5, 16, 115, 7893 }, // y
    { 15, 17, 225, -1, 16, 64, 8008 }, // z
    { 13, 29, 194, 1, 24, 95, 8072 }, // {
    { 10, 27, 141, -1, 23, 68, 8167 }, // |
    { 13, 29, 194, -2, 24, 95, 8235 }, // }
    { 14, 7, 291, 2, 13, 25, 8330 }, // ~
    { 0, 0, 100, 0, 0, 0, 0 }, // U+00A0
    { 10, 23, 156, -1, 16, 58, 0 }, // U+00A1
    { 16, 29, 291, 1, 23, 116, 58 }, // U+00A2
    { 19, 22, 291, -1, 21, 105, 174 }, // U+00A3
    { 18, 14, 291, 0, 17, 63, 279 }, // U+00A4
    { 20, 20, 291, 1, 20, 100, 342 }, // U+00A5
    { 10, 27, 141, -1, 23, 68, 442 }, // U+00A6
    { 15, 23, 239, -1, 20, 87, 510 }, // U+00A7
    { 10, 5, 289, 4, 23, 13, 597 }, // U+00A8
    { 22, 22, 365, 0, 21, 121, 610 }, // U+00A9
    { 12, 15, 211, 1, 21, 45, 731 }, // U+00AA
    { 16, 12, 283, 1, 13, 48, 776 }, // U+00AB
    { 14, 8, 291, 2, 14, 28, 824 }, // U+00AC
    { 10, 5, 182, 1, 10, 13, 852 }, // U+00AD
    { 17, 16, 272, 0, 23, 68, 865 }, // U+00AE
    { 10, 3, 289, 4, 21, 8, 933 }, // U+00AF
    { 11, 12, 247, 2, 21, 33, 941 }, // U+00B0
    { 14, 18, 291, 2, 17, 63, 974 }, // U+00B1
    { 12, 14, 209, 0, 24, 42, 1037 }, // U+00B2
    { 11, 14, 209, 1, 24, 39, 1079 }, // U+00B3
    { 6, 8, 289, 6, 25, 12, 1118 }, // U+00B4
    { 20, 23, 288, -2, 16, 115, 1130 }, // U+00B5
    { 20, 26, 282, -1, 21, 130, 1245 }, // U+00B6
    { 5, 6, 144, 2, 11, 8, 1375 }, // U+00B7
    { 7, 7, 289, 6, -1, 13, 1383 }, // U+00B8
    { 9, 14, 209, 1, 24, 32, 1396 }, // U+00B9
    { 12, 15, 211, 1, 21, 45, 1428 }, // U+00BA
    { 17, 12, 283, 0, 13, 51, 1473 }, // U+00BB
    { 30, 24, 502, 1, 22, 180, 1524 }, // U+00BC
    { 30, 24, 502, 1, 22, 180, 1704 }, // U+00BD
    { 30, 24, 502, 1, 22, 180, 1884 }, // U+00BE
    { 10, 23, 190, 0, 16, 58, 2064 }, // U+00BF
    { 23, 29, 345, -2, 29, 167, 2122 }, // U+00C0
    { 23, 29, 345, -2, 29, 167, 2289 }, // U+00C1
    { 23, 29, 345, -2, 29, 167, 2456 }, // U+00C2
    { 23, 28, 345, -2, 28, 161, 2623 }, // U+00C3
    { 23, 27, 345, -2, 27, 156, 2784 }, // U+00C4
    { 23, 29, 345, -2, 29, 167, 2940 }, // U+00C5
    { 31, 21, 438, -3, 21, 163, 3107 }, // U+00C6
    { 19, 29, 306, 0, 21, 138, 3270 }, // U+00C7
    { 21, 29, 291, -2, 29, 153, 3408 }, // U+00C8
    { 21, 29, 291, -2, 29, 153, 3561 }, // U+00C9
    { 21, 29, 291, -2, 29, 153, 3714 }, // U+00CA
    { 21, 27, 291, -2, 27, 142, 3867 }, // U+00CB
    { 15, 29, 186, -2, 29, 109, 4009 }, // U+00CC
    { 15, 29, 186, -2, 29, 109, 4118 }, // U+00CD
    { 16, 29, 186, -2, 29, 116, 4227 }, // U+00CE
    { 16, 27, 186, -2, 27, 108, 4343 }, // U+00CF
    { 22, 22, 342, -1, 21, 121, 4451 }, // U+00D0
    { 25, 29, 361, -1, 28, 182, 4572 }, // U+00D1
    { 21, 30, 345, 0, 29, 158, 4754 }, // U+00D2
    { 21, 30, 345, 0, 29, 158, 4912 }, // U+00D3
    { 21, 30, 345, 0, 29, 158, 5070 }, // U+00D4
    { 21, 29, 345, 0, 28, 153, 5228 }, // U+00D5
    { 21, 28, 345, 0, 27, 147, 5381 }, // U+00D6
    { 13, 13, 291, 3, 16, 43, 5528 }, // U+00D7
    { 24, 23, 345, -1, 22, 138, 5571 }, // U+00D8
    { 22, 30, 366, 2, 29, 165, 5709 }, // U+00D9
    { 22, 30, 366, 2, 29, 165, 5874 }, // U+00DA
    { 22, 30, 366, 2, 29, 165, 6039 }, // U+00DB
    { 22, 28, 366, 2, 27, 154, 6204 }, // U+00DC
    { 21, 29, 306, 1, 29, 153, 6358 }, // U+00DD
    { 19, 21, 280, -2, 21, 100, 6511 }, // U+00DE
    { 24, 30, 298, -6, 23, 180, 6611 }, // U+00DF
    { 17, 26, 279, 0, 25, 111, 6791 }, // U+00E0
    { 17, 26, 279, 0, 25, 111, 6902 }, // U+00E1
    { 17, 25, 279, 0, 24, 107, 7013 }, // U+00E2
    { 17, 24, 279, 0, 23, 102, 7120 }, // U+00E3
    { 17, 24, 279, 0, 23, 102, 7222 }, // U+00E4
    { 17, 26, 279, 0, 25, 111, 7324 }, // U+00E5
    { 23, 17, 365, 0, 16, 98, 7435 }, // U+00E6
    { 13, 24, 212, 0, 16, 78, 7533 }, // U+00E7
    { 14, 26, 221, 0, 25, 91, 7611 }, // U+00E8
    { 15, 26, 221, 0, 25, 98, 7702 }, // U+00E9
    { 14, 25, 221, 0, 24, 88, 7800 }, // U+00EA
    { 15, 24, 221, 0, 23, 90, 7888 }, // U+00EB
    { 8, 26, 151, 1, 25, 52, 7978 }, // U+00EC
    { 11, 26, 151, 1, 25, 72, 8030 }, // U+00ED
    { 11, 25, 151, 1, 24, 69, 8102 }, // U+00EE
    { 11, 24, 151, 1, 23, 66, 8171 }, // U+00EF
    { 16, 25, 255, 0, 24, 100, 8237 }, // U+00F0
    { 18, 24, 289, 0, 23, 108, 8337 }, // U+00F1
    { 15, 26, 254, 0, 25, 98, 8445 }, // U+00F2
    { 16, 26, 254, 0, 25, 104, 8543 }, // U+00F3
    { 15, 25, 254, 0, 24, 94, 8647 }, // U+00F4
    { 16, 24, 254, 0, 23, 96, 8741 }, // U+00F5
    { 16, 24, 254, 0, 23, 96, 8837 }, // U+00F6
    { 14, 14, 291, 2, 17, 49, 8933 }, // U+00F7
    { 19, 17, 254, -2, 16, 81, 8982 }, // U+00F8
    { 18, 26, 287, 0, 25, 117, 9063 }, // U+00F9
    { 18, 26, 287, 0, 25, 117, 9180 }, // U+00FA
    { 18, 25, 287, 0, 24, 113, 9297 }, // U+00FB
    { 18, 24, 287, 0, 23, 108, 9410 }, // U+00FC
    { 20, 32, 246, -5, 25, 160, 9518 }, // U+00FD
    { 19, 30, 259, -3, 23, 143, 9678 }, // U+00FE
    { 20, 30, 246, -5, 23, 150, 9821 }, // U+00FF
    { 23, 26, 345, -2, 26, 150, 0 }, // U+0100
    { 17, 22, 279, 0, 21, 94, 150 }, // U+0101
    { 23, 28, 345, -2, 28, 161, 244 }, // U+0102
    { 17, 24, 279, 0, 23, 102, 405 }, // U+0103
    { 23, 28, 345, -2, 21, 161, 507 }, // U+0104
    { 17, 23, 279, 0, 16, 98, 668 }, // U+0105
    { 19, 30, 306, 0, 29, 143, 766 }, // U+0106
    { 15, 26, 212, 0, 25, 98, 909 }, // U+0107
    { 19, 30, 306, 0, 29, 143, 1007 }, // U+0108
    { 14, 25, 212, 0, 24, 88, 1150 }, // U+0109
    { 19, 29, 306, 0, 28, 138, 1238 }, // U+010A
    { 13, 24, 212, 0, 23, 78, 1376 }, // U+010B
    { 20, 30, 306, 0, 29, 150, 1454 }, // U+010C
    { 15, 26, 212, 0, 25, 98, 1604 }, // U+010D
    { 22, 30, 342, -1, 29, 165, 1702 }, // U+010E
    { 22, 24, 289, 0, 23, 132, 1867 }, // U+010F
    { 22, 22, 342, -1, 21, 121, 1999 }, // U+0110
    { 19, 24, 277, 0, 23, 114, 2120 }, // U+0111
    { 21, 26, 291, -2, 26, 137, 2234 }, // U+0112
    { 15, 22, 221, 0, 21, 83, 2371 }, // U+0113
    { 21, 28, 291, -2, 28, 147, 2454 }, // U+0114
    { 15, 24, 221, 0, 23, 90, 2601 }, // U+0115
    { 21, 28, 291, -2, 28, 147, 2691 }, // U+0116
    { 14, 24, 221, 0, 23, 84, 2838 }, // U+0117
    { 21, 28, 291, -2, 21, 147, 2922 }, // U+0118
    { 14, 23, 221, 0, 16, 81, 3069 }, // U+0119
    { 21, 29, 291, -2, 29, 153, 3150 }, // U+011A
    { 15, 26, 221, 0, 25, 98, 3303 }, // U+011B
    { 20, 30, 340, 0, 29, 150, 3401 }, // U+011C
    { 20, 31, 247, -2, 24, 155, 3551 }, // U+011D
    { 20, 29, 340, 0, 28, 145, 3706 }, // U+011E
    { 20, 30, 247, -2, 23, 150, 3851 }, // U+011F
    { 20, 29, 340, 0, 28, 145, 4001 }, // U+0120
    { 20, 30, 247, -2, 23, 150, 4146 }, // U+0121
    { 20, 29, 340, 0, 21, 145, 4296 }, // U+0122
    { 20, 32, 247, -2, 25, 160, 4441 }, // U+0123
    { 27, 29, 374, -2, 29, 196, 4601 }, // U+0124
    { 17, 31, 279, 0, 30, 132, 4797 }, // U+0125
    { 27, 21, 374, -2, 21, 142, 4929 }, // U+0126
    { 17, 24, 279, 0, 23, 102, 5071 }, // U+0127
    { 16, 28, 186, -2, 28, 112, 5173 }, // U+0128
    { 12, 24, 151, 1, 23, 72, 5285 }, // U+0129
    { 16, 26, 186, -2, 26, 104, 5357 }, // U+012A
    { 11, 22, 151, 1, 21, 61, 5461 }, // U+012B
    { 16, 28, 186, -2, 28, 112, 5522 }, // U+012C
    { 11, 24, 151, 1, 23, 66, 5634 }, // U+012D
    { 15, 28, 186, -2, 21, 105, 5700 }, // U+012E
    { 9, 30, 151, 1, 23, 68, 5805 }, // U+012F
    { 15, 28, 186, -2, 28, 105, 5873 }, // U+0130
    { 8, 17, 151, 1, 16, 34, 5978 }, // U+0131
    { 27, 27, 363, -2, 21, 183, 6012 }, // U+0132
    { 19, 30, 298, 1, 23, 143, 6195 }, // U+0133
    { 20, 35, 177, -6, 29, 175, 6338 }, // U+0134
    { 18, 31, 147, -6, 24, 140, 6513 }, // U+0135
    { 24, 29, 333, -2, 21, 174, 6653 }, // U+0136
    { 15, 31, 249, 0, 23, 117, 6827 }, // U+0137
    { 16, 17, 268, 0, 16, 68, 6944 }, // U+0138
    { 18, 29, 270, -2, 29, 131, 7012 }, // U+0139
    { 12, 31, 150, 0, 30, 93, 7143 }, // U+013A
    { 18, 29, 270, -2, 21, 131, 7236 }, // U+013B
    { 10, 31, 150, -1, 23, 78, 7367 }, // U+013C
    { 19, 23, 270, -2, 23, 110, 7445 }, // U+013D
    { 14, 24, 163, 0, 23, 84, 7555 }, // U+013E
    { 19, 21, 270, -2, 21, 100, 7639 }, // U+013F
    { 14, 24, 197, 0, 23, 84, 7739 }, // U+0140
    { 18, 21, 270, -2, 21, 95, 7823 }, // U+0141
    { 12, 24, 147, -1, 23, 72, 7918 }, // U+0142
    { 25, 30, 361, -1, 29, 188, 7990 }, // U+0143
    { 18, 26, 289, 0, 25, 117, 8178 }, // U+0144
    { 25, 29, 361, -1, 21, 182, 8295 }, // U+0145
    { 18, 24, 289, 0, 16, 108, 8477 }, // U+0146
    { 25, 30, 361, -1, 29, 188, 8585 }, // U+0147
    { 18, 26, 289, 0, 25, 117, 8773 }, // U+0148
    { 23, 23, 388, 1, 22, 133, 8890 }, // U+0149
    { 25, 27, 361, -1, 21, 169, 9023 }, // U+014A
    { 16, 23, 274, 0, 16, 92, 9192 }, // U+014B
    { 21, 27, 345, 0, 26, 142, 9284 }, // U+014C
    { 16, 22, 254, 0, 21, 88, 9426 }, // U+014D
    { 21, 29, 345, 0, 28, 153, 9514 }, // U+014E
    { 16, 24, 254, 0, 23, 96, 9667 }, // U+014F
    { 22, 30, 345, 0, 29, 165, 9763 }, // U+0150
    { 17, 26, 254, 0, 25, 111, 9928 }, // U+0151
    { 29, 22, 463, 0, 21, 160, 10039 }, // U+0152
    { 24, 17, 381, 0, 16, 102, 10199 }, // U+0153
    { 21, 30, 317, -2, 29, 158, 10301 }, // U+0154
    { 15, 25, 225, 0, 25, 94, 10459 }, // U+0155
    { 21, 29, 317, -2, 21, 153, 10553 }, // U+0156
    { 16, 24, 225, -1, 16, 96, 10706 }, // U+0157
    { 21, 30, 317, -2, 29, 158, 10802 }, // U+0158
    { 15, 25, 225, 0, 25, 94, 10960 }, // U+0159
    { 17, 30, 258, -1, 29, 128, 11054 }, // U+015A
    { 15, 26, 203, -1, 25, 98, 11182 }, // U+015B
    { 17, 30, 258, -1, 29, 128, 11280 }, // U+015C
    { 15, 25, 203, -1, 24, 94, 11408 }, // U+015D
    { 17, 29, 258, -1, 21, 124, 11502 }, // U+015E
    { 14, 24, 203, -1, 16, 84, 11626 }, // U+015F
    { 18, 30, 258, -1, 29, 135, 11710 }, // U+0160
    { 16, 26, 203, -1, 25, 104, 11845 }, // U+0161
    { 20, 29, 309, 1, 21, 145, 11949 }, // U+0162
    { 13, 27, 197, 0, 19, 88, 12094 }, // U+0163
    { 20, 29, 309, 1, 29, 145, 12182 }, // U+0164
    { 15, 25, 197, 0, 24, 94, 12327 }, // U+0165
    { 20, 21, 309, 1, 21, 105, 12421 }, // U+0166
    { 13, 20, 197, 0, 19, 65, 12526 }, // U+0167
    { 22, 29, 366, 2, 28, 160, 12591 }, // U+0168
    { 18, 24, 287, 0, 23, 108, 12751 }, // U+0169
    { 22, 27, 366, 2, 26, 149, 12859 }, // U+016A
    { 18, 22, 287, 0, 21, 99, 13008 }, // U+016B
    { 22, 29, 366, 2, 28, 160, 13107 }, // U+016C
    { 18, 24, 287, 0, 23, 108, 13267 }, // U+016D
    { 22, 30, 366, 2, 29, 165, 13375 }, // U+016E
    { 18, 26, 287, 0, 25, 117, 13540 }, // U+016F
    { 22, 30, 366, 2, 29, 165, 13657 }, // U+0170
    { 18, 26, 287, 0, 25, 117, 13822 }, // U+0171
    { 22, 28, 366, 2, 21, 154, 13939 }, // U+0172
    { 18, 23, 287, 0, 16, 104, 14093 }, // U+0173
    { 29, 30, 466, 2, 29, 218, 14197 }, // U+0174
    { 22, 25, 355, 0, 24, 138, 14415 }, // U+0175
    { 21, 29, 306, 1, 29, 153, 14553 }, // U+0176
    { 20, 31, 246, -5, 24, 155, 14706 }, // U+0177
    { 21, 27, 306, 1, 27, 142, 14861 }, // U+0178
    { 19, 30, 289, -1, 29, 143, 15003 }, // U+0179
    { 15, 26, 225, -1, 25, 98, 15146 }, // U+017A
    { 19, 29, 289, -1, 28, 138, 15244 }, // U+017B
    { 15, 24, 225, -1, 23, 90, 15382 }, // U+017C
    { 19, 30, 289, -1, 29, 143, 15472 }, // U+017D
    { 15, 26, 225, -1, 25, 98, 15615 }, // U+017E
    { 22, 30, 198, -6, 23, 165, 15713 }, // U+017F
    { 16, 24, 260, 0, 23, 96, 0 }, // U+0180
    { 19, 22, 319, 0, 21, 105, 96 }, // U+0181
    { 25, 27, 306, 0, 26, 169, 201 }, // U+0187
    { 19, 22, 212, 0, 21, 105, 370 }, // U+0188
    { 22, 22, 342, -1, 21, 121, 475 }, // U+0189
    { 22, 22, 368, 0, 21, 121, 596 }, // U+018A
    { 20, 21, 285, -1, 21, 105, 717 }, // U+018E
    { 19, 22, 310, 0, 21, 105, 822 }, // U+018F
    { 24, 27, 269, -6, 21, 162, 927 }, // U+0191
    { 22, 30, 198, -6, 23, 165, 1089 }, // U+0192
    { 26, 27, 340, 0, 26, 176, 1254 }, // U+0193
    { 15, 21, 186, -2, 21, 79, 1430 }, // U+0197
    { 25, 22, 333, -2, 21, 138, 1509 }, // U+0198
    { 15, 24, 249, 0, 23, 90, 1647 }, // U+0199
    { 10, 24, 147, 0, 23, 60, 1737 }, // U+019A
    { 24, 25, 345, 0, 24, 150, 1797 }, // U+01A0
    { 18, 20, 254, 0, 19, 90, 1947 }, // U+01A1
    { 20, 21, 313, 0, 21, 105, 2037 }, // U+01A4
    { 19, 30, 267, -3, 23, 143, 2142 }, // U+01A5
    { 13, 26, 198, 0, 19, 85, 2285 }, // U+01AB
    { 20, 21, 318, 1, 21, 105, 2370 }, // U+01AC
    { 15, 24, 197, 0, 23, 90, 2475 }, // U+01AD
    { 20, 27, 309, 1, 21, 135, 2565 }, // U+01AE
    { 26, 25, 358, 2, 24, 163, 2700 }, // U+01AF
    { 21, 20, 287, 0, 19, 105, 2863 }, // U+01B0
    { 19, 22, 344, 2, 21, 105, 2968 }, // U+01B2
    { 22, 21, 306, 1, 21, 116, 3073 }, // U+01B3
    { 29, 30, 246, -5, 23, 218, 3189 }, // U+01B4
    { 19, 22, 289, -1, 21, 105, 3407 }, // U+01B5
    { 15, 17, 225, -1, 16, 64, 3512 }, // U+01B6
    { 18, 22, 264, -1, 21, 99, 3576 }, // U+01B7
    { 17, 24, 281, 0, 23, 102, 3675 }, // U+01BB
    { 10, 23, 160, 0, 23, 58, 3777 }, // U+01C0
    { 16, 23, 257, 0, 23, 92, 3835 }, // U+01C1
    { 12, 23, 163, -1, 23, 69, 3927 }, // U+01C2
    { 9, 23, 156, 1, 22, 52, 3996 }, // U+01C3
    { 41, 30, 647, -1, 29, 308, 4048 }, // U+01C4
    { 37, 26, 575, -1, 25, 241, 4356 }, // U+01C5
    { 32, 26, 500, 0, 25, 208, 4597 }, // U+01C6
    { 32, 27, 447, -2, 21, 216, 4805 }, // U+01C7
    { 29, 30, 417, -2, 23, 218, 5021 }, // U+01C8
    { 20, 30, 295, 0, 23, 150, 5239 }, // U+01C9
    { 37, 27, 538, -1, 21, 250, 5389 }, // U+01CA
    { 34, 30, 508, -1, 23, 255, 5639 }, // U+01CB
    { 28, 30, 437, 0, 23, 210, 5894 }, // U+01CC
    { 23, 29, 345, -2, 29, 167, 6104 }, // U+01CD
    { 17, 26, 279, 0, 25, 111, 6271 }, // U+01CE
    { 17, 29, 186, -2, 29, 124, 6382 }, // U+01CF
    { 12, 26, 151, 1, 25, 78, 6506 }, // U+01D0
    { 21, 30, 345, 0, 29, 158, 6584 }, // U+01D1
    { 17, 26, 254, 0, 25, 111, 6742 }, // U+01D2
    { 22, 30, 366, 2, 29, 165, 6853 }, // U+01D3
    { 18, 26, 287, 0, 25, 117, 7018 }, // U+01D4
    { 22, 32, 366, 2, 31, 176, 7135 }, // U+01D5
    { 18, 27, 287, 0, 26, 122, 7311 }, // U+01D6
    { 22, 32, 366, 2, 31, 176, 7433 }, // U+01D7
    { 18, 30, 287, 0, 29, 135, 7609 }, // U+01D8
    { 22, 32, 366, 2, 31, 176, 7744 }, // U+01D9
    { 18, 29, 287, 0, 28, 131, 7920 }, // U+01DA
    { 22, 32, 366, 2, 31, 176, 8051 }, // U+01DB
    { 18, 30, 287, 0, 29, 135, 8227 }, // U+01DC
    { 14, 17, 227, 0, 16, 60, 8362 }, // U+01DD
    { 23, 31, 345, -2, 31, 179, 8422 }, // U+01DE
    { 17, 27, 279, 0, 26, 115, 8601 }, // U+01DF
    { 23, 31, 345, -2, 31, 179, 8716 }, // U+01E0
    { 17, 28, 279, 0, 27, 119, 8895 }, // U+01E1
    { 31, 26, 438, -3, 26, 202, 9014 }, // U+01E2
    { 23, 22, 365, 0, 21, 127, 9216 }, // U+01E3
    { 21, 22, 340, 0, 21, 116, 9343 }, // U+01E4
    { 23, 23, 247, -5, 16, 133, 9459 }, // U+01E5
    { 20, 30, 340, 0, 29, 150, 9592 }, // U+01E6
    { 20, 32, 247, -2, 25, 160, 9742 }, // U+01E7
    { 24, 30, 333, -2, 29, 180, 9902 }, // U+01E8
    { 15, 31, 249, 0, 30, 117, 10082 }, // U+01E9
    { 21, 28, 345, 0, 21, 147, 10199 }, // U+01EA
    { 15, 23, 254, 0, 16, 87, 10346 }, // U+01EB
    { 21, 33, 345, 0, 26, 174, 10433 }, // U+01EC
    { 16, 28, 254, 0, 21, 112, 10607 }, // U+01ED
    { 19, 30, 264, -1, 29, 143, 10719 }, // U+01EE
    { 18, 32, 249, -2, 25, 144, 10862 }, // U+01EF
    { 20, 32, 147, -6, 25, 160, 11006 }, // U+01F0
    { 40, 22, 631, -1, 21, 220, 11166 }, // U+01F1
    { 37, 22, 566, -1, 21, 204, 11386 }, // U+01F2
    { 32, 24, 502, 0, 23, 192, 11590 }, // U+01F3
    { 20, 30, 340, 0, 29, 150, 11782 }, // U+01F4
    { 20, 32, 247, -2, 25, 160, 11932 }, // U+01F5
    { 25, 30, 361, -1, 29, 188, 12092 }, // U+01F8
    { 18, 26, 289, 0, 25, 117, 12280 }, // U+01F9
    { 23, 30, 345, -2, 30, 173, 12397 }, // U+01FA
    { 17, 31, 279, 0, 30, 132, 12570 }, // U+01FB
    { 31, 29, 438, -3, 29, 225, 12702 }, // U+01FC
    { 23, 26, 365, 0, 25, 150, 12927 }, // U+01FD
    { 24, 30, 345, -1, 29, 180, 13077 }, // U+01FE
    { 19, 26, 254, -2, 25, 124, 13257 }, // U+01FF
    { 23, 29, 345, -2, 29, 167, 13381 }, // U+0200
    { 17, 25, 279, 0, 24, 107, 13548 }, // U+0201
    { 23, 28, 345, -2, 28, 161, 13655 }, // U+0202
    { 17, 24, 279, 0, 23, 102, 13816 }, // U+0203
    { 21, 29, 291, -2, 29, 153, 13918 }, // U+0204
    { 14, 25, 221, 0, 24, 88, 14071 }, // U+0205
    { 21, 28, 291, -2, 28, 147, 14159 }, // U+0206
    { 14, 24, 221, 0, 23, 84, 14306 }, // U+0207
    { 15, 29, 186, -2, 29, 109, 14390 }, // U+0208
    { 9, 25, 151, 1, 24, 57, 14499 }, // U+0209
    { 15, 28, 186, -2, 28, 105, 14556 }, // U+020A
    { 11, 24, 151, 1, 23, 66, 14661 }, // U+020B
    { 21, 30, 345, 0, 29, 158, 14727 }, // U+020C
    { 15, 25, 254, 0, 24, 94, 14885 }, // U+020D
    { 21, 29, 345, 0, 28, 153, 14979 }, // U+020E
    { 16, 24, 254, 0, 23, 96, 15132 }, // U+020F
    { 21, 30, 317, -2, 29, 158, 15228 }, // U+0210
    { 15, 24, 225, 0, 24, 90, 15386 }, // U+0211
    { 21, 29, 317, -2, 28, 153, 15476 }, // U+0212
    { 15, 23, 225, 0, 23, 87, 15629 }, // U+0213
    { 22, 30, 366, 2, 29, 165, 15716 }, // U+0214
    { 18, 25, 287, 0, 24, 113, 15881 }, // U+0215
    { 22, 29, 366, 2, 28, 160, 15994 }, // U+0216
    { 18, 24, 287, 0, 23, 108, 16154 }, // U+0217
    { 17, 29, 258, -1, 21, 124, 16262 }, // U+0218
    { 14, 24, 203, -1, 16, 84, 16386 }, // U+0219
    { 20, 29, 309, 1, 21, 145, 16470 }, // U+021A
    { 13, 27, 197, 0, 19, 88, 16615 }, // U+021B
    { 17, 25, 267, -1, 21, 107, 16703 }, // U+021C
    { 15, 23, 221, -2, 16, 87, 16810 }, // U+021D
    { 27, 29, 374, -2, 29, 196, 16897 }, // U+021E
    { 17, 31, 279, 0, 30, 132, 17093 }, // U+021F
    { 21, 28, 327, 0, 23, 147, 17225 }, // U+0221
    { 19, 27, 289, -1, 21, 129, 17372 }, // U+0224
    { 15, 22, 225, -1, 16, 83, 17501 }, // U+0225
    { 23, 28, 345, -2, 28, 161, 17584 }, // U+0226
    { 17, 24, 279, 0, 23, 102, 17745 }, // U+0227
    { 21, 29, 291, -2, 21, 153, 17847 }, // U+0228
    { 14, 24, 221, 0, 16, 84, 18000 }, // U+0229
    { 21, 32, 345, 0, 31, 168, 18084 }, // U+022A
    { 17, 27, 254, 0, 26, 115, 18252 }, // U+022B
    { 21, 32, 345, 0, 31, 168, 18367 }, // U+022C
    { 17, 28, 254, 0, 27, 119, 18535 }, // U+022D
    { 21, 29, 345, 0, 28, 153, 18654 }, // U+022E
    { 15, 24, 254, 0, 23, 90, 18807 }, // U+022F
    { 21, 32, 345, 0, 31, 168, 18897 }, // U+0230
    { 17, 28, 254, 0, 27, 119, 19065 }, // U+0231
    { 21, 26, 306, 1, 26, 137, 19184 }, // U+0232
    { 20, 28, 246, -5, 21, 140, 19321 }, // U+0233
    { 12, 28, 201, 1, 23, 84, 19461 }, // U+0234
    { 21, 21, 341, 0, 16, 111, 19545 }, // U+0235
    { 13, 24, 209, 0, 19, 78, 19656 }, // U+0236
    { 15, 23, 147, -6, 16, 87, 19734 }, // U+0237
    { 23, 27, 345, -2, 23, 156, 19821 }, // U+023A
    { 22, 24, 306, -1, 23, 132, 19977 }, // U+023B
    { 14, 25, 212, 0, 20, 88, 20109 }, // U+023C
    { 18, 21, 270, -2, 21, 95, 20197 }, // U+023D
    { 23, 27, 316, -2, 23, 156, 20292 }, // U+023E
    { 14, 23, 203, -1, 16, 81, 20448 }, // U+023F
    { 15, 23, 225, -1, 16, 87, 20529 }, // U+0240
    { 19, 22, 293, -2, 21, 105, 20616 }, // U+0243
    { 24, 22, 366, 0, 21, 132, 20721 }, // U+0244
    { 21, 27, 297, -2, 23, 142, 20853 }, // U+0246
    { 14, 25, 221, 0, 20, 88, 20995 }, // U+0247
    { 19, 27, 177, -6, 21, 129, 21083 }, // U+0248
    { 16, 30, 147, -6, 23, 120, 21212 }, // U+0249
    { 20, 27, 327, 0, 21, 135, 21332 }, // U+024A
    { 17, 23, 263, 0, 16, 98, 21467 }, // U+024B
    { 21, 22, 317, -2, 21, 116, 21565 }, // U+024C
    { 16, 16, 225, -1, 16, 64, 21681 }, // U+024D
    { 21, 21, 306, 1, 21, 111, 21745 }, // U+024E
    { 22, 23, 246, -5, 16, 127, 21856 }, // U+024F
    { 23, 29, 345, -2, 21, 167, 0 }, // U+1E00
    { 17, 24, 279, 0, 16, 102, 167 }, // U+1E01
    { 19, 29, 293, -2, 28, 138, 269 }, // U+1E02
    { 16, 31, 260, 0, 30, 124, 407 }, // U+1E03
    { 19, 28, 293, -2, 21, 133, 531 }, // U+1E04
    { 16, 30, 260, 0, 23, 120, 664 }, // U+1E05
    { 19, 27, 293, -2, 21, 129, 784 }, // U+1E06
    { 16, 29, 260, 0, 23, 116, 913 }, // U+1E07
    { 19, 37, 306, 0, 29, 176, 1029 }, // U+1E08
    { 15, 33, 212, 0, 25, 124, 1205 }, // U+1E09
    { 22, 29, 342, -1, 28, 160, 1329 }, // U+1E0A
    { 19, 31, 277, 0, 30, 148, 1489 }, // U+1E0B
    { 22, 28, 342, -1, 21, 154, 1637 }, // U+1E0C
    { 17, 30, 277, 0, 23, 128, 1791 }, // U+1E0D
    { 22, 27, 342, -1, 21, 149, 1919 }, // U+1E0E
    { 17, 29, 277, 0, 23, 124, 2068 }, // U+1E0F
    { 22, 29, 342, -1, 21, 160, 2192 }, // U+1E10
    { 17, 31, 277, 0, 23, 132, 2352 }, // U+1E11
    { 22, 29, 342, -1, 21, 160, 2484 }, // U+1E12
    { 17, 31, 277, 0, 23, 132, 2644 }, // U+1E13
    { 21, 31, 291, -2, 31, 163, 2776 }, // U+1E14
    { 14, 30, 221, 0, 29, 105, 2939 }, // U+1E15
    { 21, 31, 291, -2, 31, 163, 3044 }, // U+1E16
    { 15, 30, 221, 0, 29, 113, 3207 }, // U+1E17
    { 21, 29, 291, -2, 21, 153, 3320 }, // U+1E18
    { 15, 24, 221, -1, 16, 90, 3473 }, // U+1E19
    { 21, 28, 291, -2, 21, 147, 3563 }, // U+1E1A
    { 14, 24, 221, 0, 16, 84, 3710 }, // U+1E1B
    { 21, 36, 291, -2, 28, 189, 3794 }, // U+1E1C
    { 15, 31, 221, 0, 23, 117, 3983 }, // U+1E1D
    { 20, 28, 269, -2, 28, 140, 4100 }, // U+1E1E
    { 22, 37, 198, -6, 30, 204, 4240 }, // U+1E1F
    { 20, 27, 340, 0, 26, 135, 4444 }, // U+1E20
    { 20, 28, 247, -2, 21, 140, 4579 }, // U+1E21
    { 27, 28, 374, -2, 28, 189, 4719 }, // U+1E22
    { 17, 31, 279, 0, 30, 132, 4908 }, // U+1E23
    { 27, 28, 374, -2, 21, 189, 5040 }, // U+1E24
    { 17, 30, 279, 0, 23, 128, 5229 }, // U+1E25
    { 27, 27, 374, -2, 27, 183, 5357 }, // U+1E26
    { 17, 30, 279, 0, 29, 128, 5540 }, // U+1E27
    { 27, 29, 374, -2, 21, 196, 5668 }, // U+1E28
    { 17, 31, 279, 0, 23, 132, 5864 }, // U+1E29
    { 27, 28, 374, -2, 21, 189, 5996 }, // U+1E2A
    { 17, 31, 279, 0, 23, 132, 6185 }, // U+1E2B
    { 16, 28, 186, -3, 21, 112, 6317 }, // U+1E2C
    { 13, 31, 151, -3, 23, 101, 6429 }, // U+1E2D
    { 16, 31, 186, -2, 31, 124, 6530 }, // U+1E2E
    { 12, 30, 151, 1, 29, 90, 6654 }, // U+1E2F
    { 24, 30, 333, -2, 29, 180, 6744 }, // U+1E30
    { 15, 31, 249, 0, 30, 117, 6924 }, // U+1E31
    { 24, 28, 333, -2, 21, 168, 7041 }, // U+1E32
    { 15, 30, 249, 0, 23, 113, 7209 }, // U+1E33
    { 24, 27, 333, -2, 21, 162, 7322 }, // U+1E34
    { 15, 29, 249, 0, 23, 109, 7484 }, // U+1E35
    { 18, 28, 270, -2, 21, 126, 7593 }, // U+1E36
    { 10, 30, 150, -1, 23, 75, 7719 }, // U+1E37
    { 18, 33, 270, -2, 26, 149, 7794 }, // U+1E38
    { 14, 36, 150, -1, 29, 126, 7943 }, // U+1E39
    { 18, 27, 270, -2, 21, 122, 8069 }, // U+1E3A
    { 12, 29, 150, -3, 23, 87, 8191 }, // U+1E3B
    { 18, 29, 270, -2, 21, 131, 8278 }, // U+1E3C
    { 13, 31, 150, -4, 23, 101, 8409 }, // U+1E3D
    { 28, 29, 419, -2, 29, 203, 8510 }, // U+1E3E
    { 25, 26, 409, 0, 25, 163, 8713 }, // U+1E3F
    { 28, 28, 419, -2, 28, 196, 8876 }, // U+1E40
    { 25, 24, 409, 0, 23, 150, 9072 }, // U+1E41
    { 28, 28, 419, -2, 21, 196, 9222 }, // U+1E42
    { 25, 23, 409, 0, 16, 144, 9418 }, // U+1E43
    { 25, 29, 361, -1, 28, 182, 9562 }, // U+1E44
    { 18, 24, 289, 0, 23, 108, 9744 }, // U+1E45
    { 25, 28, 361, -1, 21, 175, 9852 }, // U+1E46
    { 18, 23, 289, 0, 16, 104, 10027 }, // U+1E47
    { 25, 27, 361, -1, 21, 169, 10131 }, // U+1E48
    { 18, 22, 289, 0, 16, 99, 10300 }, // U+1E49
    { 25, 29, 361, -1, 21, 182, 10399 }, // U+1E4A
    { 18, 24, 289, 0, 16, 108, 10581 }, // U+1E4B
    { 21, 32, 345, 0, 31, 168, 10689 }, // U+1E4C
    { 16, 31, 254, 0, 30, 124, 10857 }, // U+1E4D
    { 21, 32, 345, 0, 31, 168, 10981 }, // U+1E4E
    { 16, 29, 254, 0, 28, 116, 11149 }, // U+1E4F
    { 21, 32, 345, 0, 31, 168, 11265 }, // U+1E50
    { 15, 30, 254, 0, 29, 113, 11433 }, // U+1E51
    { 21, 32, 345, 0, 31, 168, 11546 }, // U+1E52
    { 16, 30, 254, 0, 29, 120, 11714 }, // U+1E53
    { 20, 29, 287, -2, 29, 145, 11834 }, // U+1E54
    { 19, 32, 267, -3, 25, 152, 11979 }, // U+1E55
    { 20, 28, 287, -2, 28, 140, 12131 }, // U+1E56
    { 19, 30, 267, -3, 23, 143, 12271 }, // U+1E57
    { 21, 29, 317, -2, 28, 153, 12414 }, // U+1E58
    { 15, 23, 225, 0, 23, 87, 12567 }, // U+1E59
    { 21, 28, 317, -2, 21, 147, 12654 }, // U+1E5A
    { 15, 23, 225, 0, 16, 87, 12801 }, // U+1E5B
    { 21, 33, 317, -2, 26, 174, 12888 }, // U+1E5C
    { 15, 28, 225, 0, 21, 105, 13062 }, // U+1E5D
    { 21, 27, 317, -2, 21, 142, 13167 }, // U+1E5E
    { 18, 22, 225, -3, 16, 99, 13309 }, // U+1E5F
    { 17, 29, 258, -1, 28, 124, 13408 }, // U+1E60
    { 14, 24, 203, -1, 23, 84, 13532 }, // U+1E61
    { 17, 28, 258, -1, 21, 119, 13616 }, // U+1E62
    { 14, 23, 203, -1, 16, 81, 13735 }, // U+1E63
    { 17, 32, 258, -1, 31, 136, 13816 }, // U+1E64
    { 15, 29, 203, -1, 28, 109, 13952 }, // U+1E65
    { 18, 32, 258, -1, 31, 144, 14061 }, // U+1E66
    { 16, 29, 203, -1, 28, 116, 14205 }, // U+1E67
    { 17, 35, 258, -1, 28, 149, 14321 }, // U+1E68
    { 14, 30, 203, -1, 23, 105, 14470 }, // U+1E69
    { 20, 28, 309, 1, 28, 140, 14575 }, // U+1E6A
    { 13, 27, 197, 0, 26, 88, 14715 }, // U+1E6B
    { 20, 28, 309, 1, 21, 140, 14803 }, // U+1E6C
    { 13, 26, 197, 0, 19, 85, 14943 }, // U+1E6D
    { 20, 27, 309, 1, 21, 135, 15028 }, // U+1E6E
    { 14, 25, 197, -1, 19, 88, 15163 }, // U+1E6F
    { 21, 29, 309, 0, 21, 153, 15251 }, // U+1E70
    { 15, 27, 197, -2, 19, 102, 15404 }, // U+1E71
    { 22, 28, 366, 2, 21, 154, 15506 }, // U+1E72
    { 18, 23, 287, 0, 16, 104, 15660 }, // U+1E73
    { 22, 28, 366, 2, 21, 154, 15764 }, // U+1E74
    { 18, 24, 287, 0, 16, 108, 15918 }, // U+1E75
    { 22, 29, 366, 2, 21, 160, 16026 }, // U+1E76
    { 18, 24, 287, 0, 16, 108, 16186 }, // U+1E77
    { 22, 32, 366, 2, 31, 176, 16294 }, // U+1E78
    { 18, 31, 287, 0, 30, 140, 16470 }, // U+1E79
    { 22, 32, 366, 2, 31, 176, 16610 }, // U+1E7A
    { 18, 28, 287, 0, 27, 126, 16786 }, // U+1E7B
    { 23, 29, 341, 1, 28, 167, 16912 }, // U+1E7C
    { 15, 24, 246, 0, 23, 90, 17079 }, // U+1E7D
    { 23, 28, 341, 1, 21, 161, 17169 }, // U+1E7E
    { 15, 23, 246, 0, 16, 87, 17330 }, // U+1E7F
    { 29, 30, 466, 2, 29, 218, 17417 }, // U+1E80
    { 22, 26, 355, 0, 25, 143, 17635 }, // U+1E81
    { 29, 30, 466, 2, 29, 218, 17778 }, // U+1E82
    { 22, 26, 355, 0, 25, 143, 17996 }, // U+1E83
    { 29, 28, 466, 2, 27, 203, 18139 }, // U+1E84
    { 22, 24, 355, 0, 23, 132, 18342 }, // U+1E85
    { 29, 29, 466, 2, 28, 211, 18474 }, // U+1E86
    { 22, 24, 355, 0, 23, 132, 18685 }, // U+1E87
    { 29, 28, 466, 2, 21, 203, 18817 }, // U+1E88
    { 22, 23, 355, 0, 16, 127, 19020 }, // U+1E89
    { 24, 28, 311, -3, 28, 168, 19147 }, // U+1E8A
    { 18, 24, 267, -1, 23, 108, 19315 }, // U+1E8B
    { 24, 27, 311, -3, 27, 162, 19423 }, // U+1E8C
    { 18, 24, 267, -1, 23, 108, 19585 }, // U+1E8D
    { 21, 28, 306, 1, 28, 147, 19693 }, // U+1E8E
    { 20, 30, 246, -5, 23, 150, 19840 }, // U+1E8F
    { 19, 30, 289, -1, 29, 143, 19990 }, // U+1E90
    { 15, 25, 225, -1, 24, 94, 20133 }, // U+1E91
    { 19, 28, 289, -1, 21, 133, 20227 }, // U+1E92
    { 15, 23, 225, -1, 16, 87, 20360 }, // U+1E93
    { 19, 27, 289, -1, 21, 129, 20447 }, // U+1E94
    { 15, 22, 225, -1, 16, 83, 20576 }, // U+1E95
    { 17, 29, 279, 0, 23, 124, 20659 }, // U+1E96
    { 13, 26, 197, 0, 25, 85, 20783 }, // U+1E97
    { 22, 26, 355, 0, 25, 143, 20868 }, // U+1E98
    { 20, 32, 246, -5, 25, 160, 21011 }, // U+1E99
    { 22, 26, 279, 0, 25, 143, 21171 }, // U+1E9A
    { 22, 37, 190, -6, 30, 204, 21314 }, // U+1E9B
    { 21, 22, 329, -2, 21, 116, 21518 }, // U+1E9E
    { 23, 28, 345, -2, 21, 161, 0 }, // U+1EA0
    { 17, 23, 279, 0, 16, 98, 161 }, // U+1EA1
    { 23, 30, 345, -2, 30, 173, 259 }, // U+1EA2
    { 17, 27, 279, 0, 26, 115, 432 }, // U+1EA3
    { 24, 31, 345, -2, 31, 186, 547 }, // U+1EA4
    { 20, 30, 279, 0, 29, 150, 733 }, // U+1EA5
    { 23, 31, 345, -2, 31, 179, 883 }, // U+1EA6
    { 17, 30, 279, 0, 29, 128, 1062 }, // U+1EA7
    { 24, 31, 345, -2, 31, 186, 1190 }, // U+1EA8
    { 20, 30, 279, 0, 29, 150, 1376 }, // U+1EA9
    { 23, 31, 345, -2, 31, 179, 1526 }, // U+1EAA
    { 17, 29, 279, 0, 28, 124, 1705 }, // U+1EAB
    { 23, 36, 345, -2, 29, 207, 1829 }, // U+1EAC
    { 17, 31, 279, 0, 24, 132, 2036 }, // U+1EAD
    { 23, 31, 345, -2, 31, 179, 2168 }, // U+1EAE
    { 17, 30, 279, 0, 29, 128, 2347 }, // U+1EAF
    { 23, 31, 345, -2, 31, 179, 2475 }, // U+1EB0
    { 17, 30, 279, 0, 29, 128, 2654 }, // U+1EB1
    { 23, 31, 345, -2, 31, 179, 2782 }, // U+1EB2
    { 17, 30, 279, 0, 29, 128, 2961 }, // U+1EB3
    { 23, 31, 345, -2, 31, 179, 3089 }, // U+1EB4
    { 17, 29, 279, 0, 28, 124, 3268 }, // U+1EB5
    { 23, 35, 345, -2, 28, 202, 3392 }, // U+1EB6
    { 17, 30, 279, 0, 23, 128, 3594 }, // U+1EB7
    { 21, 28, 291, -2, 21, 147, 3722 }, // U+1EB8
    { 14, 23, 221, 0, 16, 81, 3869 }, // U+1EB9
    { 21, 30, 291, -2, 30, 158, 3950 }, // U+1EBA
    { 14, 27, 221, 0, 26, 95, 4108 }, // U+1EBB
    { 21, 28, 291, -2, 28, 147, 4203 }, // U+1EBC
    { 15, 24, 221, 0, 23, 90, 4350 }, // U+1EBD
    { 23, 31, 291, -2, 31, 179, 4440 }, // U+1EBE
    { 18, 30, 221, 0, 29, 135, 4619 }, // U+1EBF
    { 21, 31, 291, -2, 31, 163, 4754 }, // U+1EC0
    { 15, 30, 221, 0, 29, 113, 4917 }, // U+1EC1
    { 23, 31, 291, -2, 31, 179, 5030 }, // U+1EC2
    { 19, 30, 221, 0, 29, 143, 5209 }, // U+1EC3
    { 21, 31, 291, -2, 31, 163, 5352 }, // U+1EC4
    { 15, 29, 221, 0, 28, 109, 5515 }, // U+1EC5
    { 21, 36, 291, -2, 29, 189, 5624 }, // U+1EC6
    { 14, 31, 221, 0, 24, 109, 5813 }, // U+1EC7
    { 15, 30, 186, -2, 30, 113, 5922 }, // U+1EC8
    { 11, 27, 151, 1, 26, 75, 6035 }, // U+1EC9
    { 15, 28, 186, -2, 21, 105, 6110 }, // U+1ECA
    { 10, 30, 151, 0, 23, 75, 6215 }, // U+1ECB
    { 21, 28, 345, 0, 21, 147, 6290 }, // U+1ECC
    { 15, 23, 254, 0, 16, 87, 6437 }, // U+1ECD
    { 21, 31, 345, 0, 30, 163, 6524 }, // U+1ECE
    { 15, 27, 254, 0, 26, 102, 6687 }, // U+1ECF
    { 22, 32, 345, 0, 31, 176, 6789 }, // U+1ED0
    { 20, 30, 254, 0, 29, 150, 6965 }, // U+1ED1
    { 21, 32, 345, 0, 31, 168, 7115 }, // U+1ED2
    { 17, 30, 254, 0, 29, 128, 7283 }, // U+1ED3
    { 22, 32, 345, 0, 31, 176, 7411 }, // U+1ED4
    { 20, 30, 254, 0, 29, 150, 7587 }, // U+1ED5
    { 21, 32, 345, 0, 31, 168, 7737 }, // U+1ED6
    { 16, 29, 254, 0, 28, 116, 7905 }, // U+1ED7
    { 21, 36, 345, 0, 29, 189, 8021 }, // U+1ED8
    { 15, 31, 254, 0, 24, 117, 8210 }, // U+1ED9
    { 24, 30, 345, 0, 29, 180, 8327 }, // U+1EDA
    { 18, 26, 254, 0, 25, 117, 8507 }, // U+1EDB
    { 24, 30, 345, 0, 29, 180, 8624 }, // U+1EDC
    { 18, 26, 254, 0, 25, 117, 8804 }, // U+1EDD
    { 24, 31, 345, 0, 30, 186, 8921 }, // U+1EDE
    { 18, 27, 254, 0, 26, 122, 9107 }, // U+1EDF
    { 24, 29, 345, 0, 28, 174, 9229 }, // U+1EE0
    { 18, 24, 254, 0, 23, 108, 9403 }, // U+1EE1
    { 24, 31, 345, 0, 24, 186, 9511 }, // U+1EE2
    { 18, 26, 254, 0, 19, 117, 9697 }, // U+1EE3
    { 22, 28, 366, 2, 21, 154, 9814 }, // U+1EE4
    { 18, 23, 287, 0, 16, 104, 9968 }, // U+1EE5
    { 22, 31, 366, 2, 30, 171, 10072 }, // U+1EE6
    { 18, 27, 287, 0, 26, 122, 10243 }, // U+1EE7
    { 26, 30, 358, 2, 29, 195, 10365 }, // U+1EE8
    { 21, 26, 287, 0, 25, 137, 10560 }, // U+1EE9
    { 26, 30, 358, 2, 29, 195, 10697 }, // U+1EEA
    { 21, 26, 287, 0, 25, 137, 10892 }, // U+1EEB
    { 26, 31, 358, 2, 30, 202, 11029 }, // U+1EEC
    { 21, 27, 287, 0, 26, 142, 11231 }, // U+1EED
    { 26, 29, 358, 2, 28, 189, 11373 }, // U+1EEE
    { 21, 24, 287, 0, 23, 126, 11562 }, // U+1EEF
    { 26, 31, 358, 2, 24, 202, 11688 }, // U+1EF0
    { 21, 26, 287, 0, 19, 137, 11890 }, // U+1EF1
    { 21, 29, 306, 1, 29, 153, 12027 }, // U+1EF2
    { 20, 32, 246, -5, 25, 160, 12180 }, // U+1EF3
    { 21, 28, 306, 1, 21, 147, 12340 }, // U+1EF4
    { 20, 23, 246, -5, 16, 115, 12487 }, // U+1EF5
    { 21, 30, 306, 1, 30, 158, 12602 }, // U+1EF6
    { 20, 33, 246, -5, 26, 165, 12760 }, // U+1EF7
    { 21, 28, 306, 1, 28, 147, 12925 }, // U+1EF8
    { 20, 30, 246, -5, 23, 150, 13072 }, // U+1EF9
    { 0, 0, 233, 0, 0, 0, 0 }, // U+2000
    { 0, 0, 467, 0, 0, 0, 0 }, // U+2001
    { 0, 0, 233, 0, 0, 0, 0 }, // U+2002
    { 0, 0, 467, 0, 0, 0, 0 }, // U+2003
    { 0, 0, 155, 0, 0, 0, 0 }, // U+2004
    { 0, 0, 117, 0, 0, 0, 0 }, // U+2005
    { 0, 0, 77, 0, 0, 0, 0 }, // U+2006
    { 0, 0, 291, 0, 0, 0, 0 }, // U+2007
    { 0, 0, 144, 0, 0, 0, 0 }, // U+2008
    { 0, 0, 93, 0, 0, 0, 0 }, // U+2009
    { 0, 0, 23, 0, 0, 0, 0 }, // U+200A
    { 0, 0, 0, 0, 0, 0, 0 }, // U+200B
    { 2, 24, 0, -1, 17, 12, 0 }, // U+200C
    { 6, 26, 0, -3, 19, 39, 12 }, // U+200D
    { 10, 28, 0, -5, 21, 70, 51 }, // U+200E
    { 10, 28, 0, -5, 21, 70, 121 }, // U+200F
    { 10, 5, 182, 1, 10, 13, 191 }, // U+2010
    { 10, 5, 182, 1, 10, 13, 204 }, // U+2011
    { 14, 3, 291, 2, 11, 11, 217 }, // U+2012
    { 15, 3, 233, 0, 9, 12, 228 }, // U+2013
    { 29, 3, 467, 0, 9, 22, 240 }, // U+2014
    { 29, 3, 467, 0, 9, 22, 262 }, // U+2015
    { 11, 30, 233, 2, 23, 83, 284 }, // U+2016
    { 15, 8, 233, 0, -1, 30, 367 }, // U+2017
    { 7, 10, 140, 2, 22, 18, 397 }, // U+2018
    { 8, 10, 140, 1, 22, 20, 415 }, // U+2019
    { 7, 10, 140, 0, 4, 18, 435 }, // U+201A
    { 7, 10, 140, 1, 22, 18, 453 }, // U+201B
    { 13, 10, 238, 2, 22, 33, 471 }, // U+201C
    { 14, 10, 238, 1, 22, 35, 504 }, // U+201D
    { 13, 10, 233, 0, 4, 33, 539 }, // U+201E
    { 13, 10, 233, 1, 22, 33, 572 }, // U+201F
    { 13, 19, 218, 1, 21, 62, 605 }, // U+2020
    { 15, 23, 218, -1, 21, 87, 667 }, // U+2021
    { 7, 7, 140, 1, 11, 13, 754 }, // U+2022
    { 10, 10, 291, 4, 15, 25, 767 }, // U+2023
    { 6, 6, 135, 1, 5, 9, 792 }, // U+2024
    { 13, 6, 233, 1, 5, 20, 801 }, // U+2025
    { 25, 6, 467, 2, 5, 38, 821 }, // U+2026
    { 6, 6, 135, 1, 11, 9, 859 }, // U+2027
    { 0, 0, 0, 0, 0, 0, 868 }, // U+2028
    { 0, 0, 0, 0, 0, 0, 868 }, // U+2029
    { 10, 28, 0, -5, 21, 70, 868 }, // U+202A
    { 10, 28, 0, -5, 21, 70, 938 }, // U+202B
    { 10, 27, 0, -5, 20, 68, 1008 }, // U+202C
    { 12, 28, 0, -6, 21, 84, 1076 }, // U+202D
    { 12, 28, 0, -6, 21, 84, 1160 }, // U+202E
    { 0, 0, 50, 0, 0, 0, 1244 }, // U+202F
    { 39, 24, 657, 1, 22, 234, 1244 }, // U+2030
    { 7, 11, 119, 0, 21, 20, 1478 }, // U+2032
    { 13, 11, 210, 0, 21, 36, 1498 }, // U+2033
    { 20, 11, 323, 0, 21, 55, 1534 }, // U+2034
    { 7, 11, 119, 0, 21, 20, 1589 }, // U+2035
    { 13, 11, 221, 0, 21, 36, 1609 }, // U+2036
    { 20, 11, 323, 0, 21, 55, 1645 }, // U+2037
    { 13, 6, 233, 1, 0, 20, 1700 }, // U+2038
    { 9, 12, 166, 1, 13, 27, 1720 }, // U+2039
    { 10, 12, 166, 0, 13, 30, 1747 }, // U+203A
    { 18, 20, 291, 0, 19, 90, 1777 }, // U+203B
    { 17, 23, 284, 1, 22, 98, 1867 }, // U+203C
    { 15, 4, 233, 0, 25, 15, 1965 }, // U+203E
    { 7, 5, 140, 1, 10, 9, 1980 }, // U+2043
    { 19, 24, 134, -5, 22, 114, 1989 }, // U+2044
    { 21, 23, 366, 2, 22, 121, 2103 }, // U+2047
    { 19, 23, 325, 2, 22, 110, 2224 }, // U+2048
    { 19, 23, 326, 1, 22, 110, 2334 }, // U+2049
    { 17, 7, 467, 6, 12, 30, 2444 }, // U+2053
    { 26, 11, 424, 0, 21, 72, 2474 }, // U+2057
    { 0, 0, 104, 0, 0, 0, 2546 }, // U+205F
    { 0, 0, 0, 0, 0, 0, 2546 }, // U+2060
    { 0, 0, 0, 0, 0, 0, 2546 }, // U+2061
    { 0, 0, 0, 0, 0, 0, 2546 }, // U+2062
    { 0, 0, 0, 0, 0, 0, 2546 }, // U+2063
    { 0, 0, 0, 0, 0, 0, 2546 }, // U+2064
    { 20, 20, 291, -1, 20, 100, 0 }, // U+20A3
    { 19, 22, 291, -1, 21, 105, 100 }, // U+20A4
    { 38, 22, 620, 0, 21, 209, 205 }, // U+20A7
    { 20, 22, 291, -1, 21, 110, 414 }, // U+20AC
    { 31, 30, 346, -6, 23, 233, 0 }, // U+FB00
    { 25, 30, 300, -6, 23, 188, 233 }, // U+FB01
    { 26, 30, 314, -6, 23, 195, 421 }, // U+FB02
    { 34, 30, 448, -6, 23, 255, 616 }, // U+FB03
    { 35, 30, 461, -6, 23, 263, 871 }, // U+FB04
    { 28, 30, 351, -6, 23, 210, 1134 }, // U+FB05
    { 25, 22, 385, -1, 21, 138, 1344 }, // U+FB06
    { 27, 28, 467, 1, 24, 189, 0 }, // U+FFFD
};

static const EpdUnicodeInterval bookerly_14_bolditalicIntervals[] = {
    { 0x0, 0x0, 0x0 },
    { 0x8, 0x9, 0x1 },
    { 0xD, 0xD, 0x3 },
    { 0x1D, 0x1D, 0x4 },
    { 0x20, 0x7E, 0x5 },
    { 0xA0, 0xFF, 0x64 },
    { 0x100, 0x17F, 0xC4 },
    { 0x180, 0x181, 0x144 },
    { 0x187, 0x18A, 0x146 },
    { 0x18E, 0x18F, 0x14A },
    { 0x191, 0x193, 0x14C },
    { 0x197, 0x19A, 0x14F },
    { 0x1A0, 0x1A1, 0x153 },
    { 0x1A4, 0x1A5, 0x155 },
    { 0x1AB, 0x1B0, 0x157 },
    { 0x1B2, 0x1B7, 0x15D },
    { 0x1BB, 0x1BB, 0x163 },
    { 0x1C0, 0x1F5, 0x164 },
    { 0x1F8, 0x21F, 0x19A },
    { 0x221, 0x221, 0x1C2 },
    { 0x224, 0x237, 0x1C3 },
    { 0x23A, 0x240, 0x1D7 },
    { 0x243, 0x244, 0x1DE },
    { 0x246, 0x24F, 0x1E0 },
    { 0x1E00, 0x1E9B, 0x1EA },
    { 0x1E9E, 0x1E9E, 0x286 },
    { 0x1EA0, 0x1EF9, 0x287 },
    { 0x2000, 0x2030, 0x2E1 },
    { 0x2032, 0x203C, 0x312 },
    { 0x203E, 0x203E, 0x31D },
    { 0x2043, 0x2044, 0x31E },
    { 0x2047, 0x2049, 0x320 },
    { 0x2053, 0x2053, 0x323 },
    { 0x2057, 0x2057, 0x324 },
    { 0x205F, 0x2064, 0x325 },
    { 0x20A3, 0x20A4, 0x32B },
    { 0x20A7, 0x20A7, 0x32D },
    { 0x20AC, 0x20AC, 0x32E },
    { 0xFB00, 0xFB06, 0x32F },
    { 0xFFFD, 0xFFFD, 0x336 },
};

static const EpdFontGroup bookerly_14_bolditalicGroups[] = {
    { 0, 4496, 8355, 100, 0 },
    { 4496, 4486, 9971, 96, 100 },
    { 8982, 6250, 15878, 128, 196 },
    { 15232, 9458, 21983, 166, 324 },
    { 24690, 7646, 21634, 157, 490 },
    { 32336, 4405, 13222, 90, 647 },
    { 36741, 1355, 2546, 74, 737 },
    { 38096, 323, 524, 4, 811 },
    { 38419, 688, 1482, 7, 815 },
    { 39107, 116, 189, 1, 822 },
};

static const EpdKernClassEntry bookerly_14_bolditalicKernLeftClasses[] = {
    { 0x0028, 1 }, // (
    { 0x002A, 2 }, // *
    { 0x002C, 3 }, // ,
    { 0x002D, 4 }, // -
    { 0x002E, 3 }, // .
    { 0x002F, 5 }, // /
    { 0x003A, 6 }, // :
    { 0x003B, 6 }, // ;
    { 0x0041, 7 }, // A
    { 0x0042, 8 }, // B
    { 0x0043, 9 }, // C
    { 0x0044, 10 }, // D
    { 0x0045, 11 }, // E
    { 0x0046, 12 }, // F
    { 0x0047, 13 }, // G
    { 0x0048, 14 }, // H
    { 0x0049, 14 }, // I
    { 0x004A, 15 }, // J
    { 0x004B, 16 }, // K
    { 0x004C, 17 }, // L
    { 0x004D, 18 }, // M
    { 0x004E, 19 }, // N
    { 0x004F, 10 }, // O
    { 0x0050, 20 }, // P
    { 0x0051, 21 }, // Q
    { 0x0052, 22 }, // R
    { 0x0053, 23 }, // S
    { 0x0054, 24 }, // T
    { 0x0055, 25 }, // U
    { 0x0056, 26 }, // V
    { 0x0057, 27 }, // W
    { 0x0058, 28 }, // X
    { 0x0059, 29 }, // Y
    { 0x005A, 30 }, // Z
    { 0x005B, 31 }, // [
    { 0x005C, 32 }, // <backslash>
    { 0x0061, 33 }, // a
    { 0x0062, 34 }, // b
    { 0x0063, 35 }, // c
    { 0x0064, 36 }, // d
    { 0x0065, 37 }, // e
    { 0x0066, 38 }, // f
    { 0x0067, 39 }, // g
    { 0x0068, 40 }, // h
    { 0x0069, 41 }, // i
    { 0x006A, 42 }, // j
    { 0x006B, 43 }, // k
    { 0x006C, 44 }, // l
    { 0x006D, 40 }, // m
    { 0x006E, 40 }, // n
    { 0x006F, 34 }, // o
    { 0x0070, 34 }, // p
    { 0x0071, 45 }, // q
    { 0x0072, 46 }, // r
    { 0x0073, 47 }, // s
    { 0x0074, 48 }, // t
    { 0x0075, 33 }, // u
    { 0x0076, 49 }, // v
    { 0x0077, 49 }, // w
    { 0x0078, 50 }, // x
    { 0x0079, 49 }, // y
    { 0x007A, 51 }, // z
    { 0x007B, 52 }, // {
    { 0x00A1, 53 }, // U+00A1
    { 0x00AD, 4 }, // U+00AD
    { 0x00BB, 54 }, // U+00BB
    { 0x00BF, 55 }, // U+00BF
    { 0x00C0, 7 }, // U+00C0
    { 0x00C1, 7 }, // U+00C1
    { 0x00C2, 7 }, // U+00C2
    { 0x00C3, 7 }, // U+00C3
    { 0x00C4, 7 }, // U+00C4
    { 0x00C5, 7 }, // U+00C5
    { 0x00C6, 11 }, // U+00C6
    { 0x00C7, 9 }, // U+00C7
    { 0x00C8, 11 }, // U+00C8
    { 0x00C9, 11 }, // U+00C9
    { 0x00CA, 11 }, // U+00CA
    { 0x00CB, 11 }, // U+00CB
    { 0x00CC, 14 }, // U+00CC
    { 0x00CD, 14 }, // U+00CD
    { 0x00CE, 14 }, // U+00CE
    { 0x00CF, 14 }, // U+00CF
    { 0x00D0, 10 }, // U+00D0
    { 0x00D1, 19 }, // U+00D1
    { 0x00D2, 10 }, // U+00D2
    { 0x00D3, 10 }, // U+00D3
    { 0x00D4, 10 }, // U+00D4
    { 0x00D5, 10 }, // U+00D5
    { 0x00D6, 10 }, // U+00D6
    { 0x00D8, 10 }, // U+00D8
    { 0x00D9, 25 }, // U+00D9
    { 0x00DA, 25 }, // U+00DA
    { 0x00DB, 25 }, // U+00DB
    { 0x00DC, 25 }, // U+00DC
    { 0x00DD, 29 }, // U+00DD
    { 0x00DE, 56 }, // U+00DE
    { 0x00DF, 57 }, // U+00DF
    { 0x00E0, 33 }, // U+00E0
    { 0x00E1, 33 }, // U+00E1
    { 0x00E2, 33 }, // U+00E2
    { 0x00E3, 33 }, // U+00E3
    { 0x00E4, 33 }, // U+00E4
    { 0x00E5, 33 }, // U+00E5
    { 0x00E6, 37 }, // U+00E6
    { 0x00E7, 58 }, // U+00E7
    { 0x00E8, 37 }, // U+00E8
    { 0x00E9, 37 }, // U+00E9
    { 0x00EA, 37 }, // U+00EA
    { 0x00EB, 37 }, // U+00EB
    { 0x00EC, 41 }, // U+00EC
    { 0x00ED, 59 }, // U+00ED
    { 0x00EE, 60 }, // U+00EE
    { 0x00EF, 60 }, // U+00EF
    { 0x00F0, 34 }, // U+00F0
    { 0x00F1, 40 }, // U+00F1
    { 0x00F2, 34 }, // U+00F2
    { 0x00F3, 34 }, // U+00F3
    { 0x00F4, 34 }, // U+00F4
    { 0x00F5, 34 }, // U+00F5
    { 0x00F6, 34 }, // U+00F6
    { 0x00F8, 61 }, // U+00F8
    { 0x00F9, 33 }, // U+00F9
    { 0x00FA, 33 }, // U+00FA
    { 0x00FB, 33 }, // U+00FB
    { 0x00FC, 33 }, // U+00FC
    { 0x00FD, 49 }, // U+00FD
    { 0x00FE, 34 }, // U+00FE
    { 0x00FF, 49 }, // U+00FF
    { 0x0100, 7 }, // U+0100
    { 0x0101, 33 }, // U+0101
    { 0x0102, 7 }, // U+0102
    { 0x0103, 33 }, // U+0103
    { 0x0104, 62 }, // U+0104
    { 0x0105, 63 }, // U+0105
    { 0x0106, 9 }, // U+0106
    { 0x0107, 35 }, // U+0107
    { 0x0108, 9 }, // U+0108
    { 0x0109, 35 }, // U+0109
    { 0x010A, 9 }, // U+010A
    { 0x010B, 35 }, // U+010B
    { 0x010C, 9 }, // U+010C
    { 0x010D, 35 }, // U+010D
    { 0x010E, 10 }, // U+010E
    { 0x010F, 64 }, // U+010F
    { 0x0110, 10 }, // U+0110
    { 0x0111, 36 }, // U+0111
    { 0x0112, 11 }, // U+0112
    { 0x0113, 37 }, // U+0113
    { 0x0114, 11 }, // U+0114
    { 0x0115, 37 }, // U+0115
    { 0x0116, 11 }, // U+0116
    { 0x0117, 37 }, // U+0117
    { 0x0118, 65 }, // U+0118
    { 0x0119, 66 }, // U+0119
    { 0x011A, 11 }, // U+011A
    { 0x011B, 37 }, // U+011B
    { 0x011C, 13 }, // U+011C
    { 0x011D, 39 }, // U+011D
    { 0x011E, 13 }, // U+011E
    { 0x011F, 39 }, // U+011F
    { 0x0120, 13 }, // U+0120
    { 0x0121, 39 }, // U+0121
    { 0x0122, 13 }, // U+0122
    { 0x0123, 39 }, // U+0123
    { 0x0124, 14 }, // U+0124
    { 0x0125, 40 }, // U+0125
    { 0x0126, 67 }, // U+0126
    { 0x0127, 40 }, // U+0127
    { 0x0128, 14 }, // U+0128
    { 0x0129, 60 }, // U+0129
    { 0x012A, 14 }, // U+012A
    { 0x012B, 60 }, // U+012B
    { 0x012C, 14 }, // U+012C
    { 0x012D, 60 }, // U+012D
    { 0x012E, 68 }, // U+012E
    { 0x012F, 69 }, // U+012F
    { 0x0130, 14 }, // U+0130
    { 0x0131, 33 }, // U+0131
    { 0x0132, 15 }, // U+0132
    { 0x0133, 42 }, // U+0133
    { 0x0134, 15 }, // U+0134
    { 0x0135, 70 }, // U+0135
    { 0x0136, 16 }, // U+0136
    { 0x0137, 43 }, // U+0137
    { 0x0138, 71 }, // U+0138
    { 0x0139, 17 }, // U+0139
    { 0x013A, 44 }, // U+013A
    { 0x013B, 17 }, // U+013B
    { 0x013C, 72 }, // U+013C
    { 0x013E, 64 }, // U+013E
    { 0x0141, 17 }, // U+0141
    { 0x0142, 73 }, // U+0142
    { 0x0143, 19 }, // U+0143
    { 0x0144, 40 }, // U+0144
    { 0x0145, 19 }, // U+0145
    { 0x0146, 40 }, // U+0146
    { 0x0147, 19 }, // U+0147
    { 0x0148, 40 }, // U+0148
    { 0x0149, 40 }, // U+0149
    { 0x014A, 19 }, // U+014A
    { 0x014B, 42 }, // U+014B
    { 0x014C, 10 }, // U+014C
    { 0x014D, 34 }, // U+014D
    { 0x014E, 10 }, // U+014E
    { 0x014F, 34 }, // U+014F
    { 0x0150, 10 }, // U+0150
    { 0x0151, 34 }, // U+0151
    { 0x0152, 11 }, // U+0152
    { 0x0153, 37 }, // U+0153
    { 0x0154, 22 }, // U+0154
    { 0x0155, 46 }, // U+0155
    { 0x0156, 22 }, // U+0156
    { 0x0157, 46 }, // U+0157
    { 0x0158, 22 }, // U+0158
    { 0x0159, 46 }, // U+0159
    { 0x015A, 23 }, // U+015A
    { 0x015B, 47 }, // U+015B
    { 0x015C, 23 }, // U+015C
    { 0x015D, 47 }, // U+015D
    { 0x015E, 23 }, // U+015E
    { 0x015F, 74 }, // U+015F
    { 0x0160, 23 }, // U+0160
    { 0x0161, 47 }, // U+0161
    { 0x0162, 24 }, // U+0162
    { 0x0163, 75 }, // U+0163
    { 0x0164, 24 }, // U+0164
    { 0x0166, 24 }, // U+0166
    { 0x0167, 48 }, // U+0167
    { 0x0168, 25 }, // U+0168
    { 0x0169, 33 }, // U+0169
    { 0x016A, 25 }, // U+016A
    { 0x016B, 33 }, // U+016B
    { 0x016C, 25 }, // U+016C
    { 0x016D, 33 }, // U+016D
    { 0x016E, 25 }, // U+016E
    { 0x016F, 33 }, // U+016F
    { 0x0170, 25 }, // U+0170
    { 0x0171, 33 }, // U+0171
    { 0x0172, 25 }, // U+0172
    { 0x0173, 76 }, // U+0173
    { 0x0174, 26 }, // U+0174
    { 0x0175, 49 }, // U+0175
    { 0x0176, 29 }, // U+0176
    { 0x0177, 49 }, // U+0177
    { 0x0178, 29 }, // U+0178
    { 0x0179, 30 }, // U+0179
    { 0x017A, 51 }, // U+017A
    { 0x017B, 30 }, // U+017B
    { 0x017C, 51 }, // U+017C
    { 0x017D, 30 }, // U+017D
    { 0x017E, 51 }, // U+017E
    { 0x0180, 34 }, // U+0180
    { 0x0181, 8 }, // U+0181
    { 0x0187, 9 }, // U+0187
    { 0x0188, 35 }, // U+0188
    { 0x0189, 10 }, // U+0189
    { 0x018A, 10 }, // U+018A
    { 0x018E, 14 }, // U+018E
    { 0x018F, 10 }, // U+018F
    { 0x0191, 12 }, // U+0191
    { 0x0192, 38 }, // U+0192
    { 0x0193, 13 }, // U+0193
    { 0x0197, 14 }, // U+0197
    { 0x0198, 77 }, // U+0198
    { 0x0199, 43 }, // U+0199
    { 0x019A, 73 }, // U+019A
    { 0x01A0, 78 }, // U+01A0
    { 0x01A1, 79 }, // U+01A1
    { 0x01A4, 20 }, // U+01A4
    { 0x01A5, 34 }, // U+01A5
    { 0x01AB, 48 }, // U+01AB
    { 0x01AC, 24 }, // U+01AC
    { 0x01AD, 48 }, // U+01AD
    { 0x01AE, 24 }, // U+01AE
    { 0x01AF, 80 }, // U+01AF
    { 0x01B0, 81 }, // U+01B0
    { 0x01B3, 82 }, // U+01B3
    { 0x01B4, 83 }, // U+01B4
    { 0x01B5, 30 }, // U+01B5
    { 0x01B6, 51 }, // U+01B6
    { 0x01B7, 84 }, // U+01B7
    { 0x01BB, 85 }, // U+01BB
    { 0x01C2, 86 }, // U+01C2
    { 0x01C4, 30 }, // U+01C4
    { 0x01C5, 51 }, // U+01C5
    { 0x01C6, 51 }, // U+01C6
    { 0x01C7, 15 }, // U+01C7
    { 0x01C8, 42 }, // U+01C8
    { 0x01C9, 42 }, // U+01C9
    { 0x01CA, 15 }, // U+01CA
    { 0x01CB, 42 }, // U+01CB
    { 0x01CC, 42 }, // U+01CC
    { 0x01CD, 7 }, // U+01CD
    { 0x01CE, 33 }, // U+01CE
    { 0x01CF, 14 }, // U+01CF
    { 0x01D0, 60 }, // U+01D0
    { 0x01D1, 10 }, // U+01D1
    { 0x01D2, 34 }, // U+01D2
    { 0x01D3, 25 }, // U+01D3
    { 0x01D4, 33 }, // U+01D4
    { 0x01D5, 25 }, // U+01D5
    { 0x01D6, 33 }, // U+01D6
    { 0x01D7, 25 }, // U+01D7
    { 0x01D8, 33 }, // U+01D8
    { 0x01D9, 25 }, // U+01D9
    { 0x01DA, 33 }, // U+01DA
    { 0x01DB, 25 }, // U+01DB
    { 0x01DC, 33 }, // U+01DC
    { 0x01DD, 34 }, // U+01DD
    { 0x01DE, 7 }, // U+01DE
    { 0x01DF, 33 }, // U+01DF
    { 0x01E0, 7 }, // U+01E0
    { 0x01E1, 33 }, // U+01E1
    { 0x01E2, 11 }, // U+01E2
    { 0x01E3, 37 }, // U+01E3
    { 0x01E4, 13 }, // U+01E4
    { 0x01E5, 87 }, // U+01E5
    { 0x01E6, 13 }, // U+01E6
    { 0x01E7, 39 }, // U+01E7
    { 0x01E8, 16 }, // U+01E8
    { 0x01E9, 43 }, // U+01E9
    { 0x01EA, 10 }, // U+01EA
    { 0x01EB, 88 }, // U+01EB
    { 0x01EC, 10 }, // U+01EC
    { 0x01ED, 34 }, // U+01ED
    { 0x01EE, 84 }, // U+01EE
    { 0x01EF, 89 }, // U+01EF
    { 0x01F0, 70 }, // U+01F0
    { 0x01F1, 30 }, // U+01F1
    { 0x01F2, 51 }, // U+01F2
    { 0x01F3, 51 }, // U+01F3
    { 0x01F4, 13 }, // U+01F4
    { 0x01F5, 39 }, // U+01F5
    { 0x01F8, 19 }, // U+01F8
    { 0x01F9, 40 }, // U+01F9
    { 0x01FA, 7 }, // U+01FA
    { 0x01FB, 33 }, // U+01FB
    { 0x01FC, 11 }, // U+01FC
    { 0x01FD, 37 }, // U+01FD
    { 0x01FE, 10 }, // U+01FE
    { 0x01FF, 61 }, // U+01FF
    { 0x0200, 7 }, // U+0200
    { 0x0201, 33 }, // U+0201
    { 0x0202, 7 }, // U+0202
    { 0x0203, 33 }, // U+0203
    { 0x0204, 11 }, // U+0204
    { 0x0205, 37 }, // U+0205
    { 0x0206, 11 }, // U+0206
    { 0x0207, 37 }, // U+0207
    { 0x0208, 14 }, // U+0208
    { 0x0209, 60 }, // U+0209
    { 0x020A, 14 }, // U+020A
    { 0x020B, 60 }, // U+020B
    { 0x020C, 10 }, // U+020C
    { 0x020D, 34 }, // U+020D
    { 0x020E, 10 }, // U+020E
    { 0x020F, 34 }, // U+020F
    { 0x0210, 22 }, // U+0210
    { 0x0211, 46 }, // U+0211
    { 0x0212, 22 }, // U+0212
    { 0x0213, 46 }, // U+0213
    { 0x0214, 25 }, // U+0214
    { 0x0215, 33 }, // U+0215
    { 0x0216, 25 }, // U+0216
    { 0x0217, 33 }, // U+0217
    { 0x0218, 23 }, // U+0218
    { 0x0219, 47 }, // U+0219
    { 0x021A, 24 }, // U+021A
    { 0x021B, 90 }, // U+021B
    { 0x021C, 8 }, // U+021C
    { 0x021D, 91 }, // U+021D
    { 0x021E, 14 }, // U+021E
    { 0x021F, 40 }, // U+021F
    { 0x0221, 92 }, // U+0221
    { 0x0224, 30 }, // U+0224
    { 0x0225, 51 }, // U+0225
    { 0x0226, 7 }, // U+0226
    { 0x0227, 33 }, // U+0227
    { 0x0228, 11 }, // U+0228
    { 0x0229, 37 }, // U+0229
    { 0x022A, 10 }, // U+022A
    { 0x022B, 34 }, // U+022B
    { 0x022C, 10 }, // U+022C
    { 0x022D, 34 }, // U+022D
    { 0x022E, 10 }, // U+022E
    { 0x022F, 34 }, // U+022F
    { 0x0230, 10 }, // U+0230
    { 0x0231, 34 }, // U+0231
    { 0x0232, 29 }, // U+0232
    { 0x0233, 49 }, // U+0233
    { 0x0234, 92 }, // U+0234
    { 0x0235, 92 }, // U+0235
    { 0x0236, 92 }, // U+0236
    { 0x0237, 42 }, // U+0237
    { 0x023A, 7 }, // U+023A
    { 0x023B, 9 }, // U+023B
    { 0x023C, 35 }, // U+023C
    { 0x023D, 17 }, // U+023D
    { 0x023E, 24 }, // U+023E
    { 0x023F, 47 }, // U+023F
    { 0x0240, 93 }, // U+0240
    { 0x0243, 8 }, // U+0243
    { 0x0244, 25 }, // U+0244
    { 0x0246, 11 }, // U+0246
    { 0x0247, 37 }, // U+0247
    { 0x0248, 15 }, // U+0248
    { 0x0249, 42 }, // U+0249
    { 0x024A, 94 }, // U+024A
    { 0x024B, 95 }, // U+024B
    { 0x024C, 22 }, // U+024C
    { 0x024D, 46 }, // U+024D
    { 0x024E, 96 }, // U+024E
    { 0x024F, 97 }, // U+024F
    { 0x1E00, 7 }, // U+1E00
    { 0x1E01, 33 }, // U+1E01
    { 0x1E02, 8 }, // U+1E02
    { 0x1E03, 34 }, // U+1E03
    { 0x1E04, 8 }, // U+1E04
    { 0x1E05, 34 }, // U+1E05
    { 0x1E06, 8 }, // U+1E06
    { 0x1E07, 34 }, // U+1E07
    { 0x1E08, 9 }, // U+1E08
    { 0x1E09, 35 }, // U+1E09
    { 0x1E0A, 10 }, // U+1E0A
    { 0x1E0B, 36 }, // U+1E0B
    { 0x1E0C, 10 }, // U+1E0C
    { 0x1E0D, 36 }, // U+1E0D
    { 0x1E0E, 10 }, // U+1E0E
    { 0x1E0F, 36 }, // U+1E0F
    { 0x1E10, 10 }, // U+1E10
    { 0x1E11, 36 }, // U+1E11
    { 0x1E12, 10 }, // U+1E12
    { 0x1E13, 36 }, // U+1E13
    { 0x1E14, 11 }, // U+1E14
    { 0x1E15, 37 }, // U+1E15
    { 0x1E16, 11 }, // U+1E16
    { 0x1E17, 37 }, // U+1E17
    { 0x1E18, 11 }, // U+1E18
    { 0x1E19, 37 }, // U+1E19
    { 0x1E1A, 11 }, // U+1E1A
    { 0x1E1B, 37 }, // U+1E1B
    { 0x1E1C, 11 }, // U+1E1C
    { 0x1E1D, 37 }, // U+1E1D
    { 0x1E1E, 12 }, // U+1E1E
    { 0x1E1F, 38 }, // U+1E1F
    { 0x1E20, 13 }, // U+1E20
    { 0x1E21, 39 }, // U+1E21
    { 0x1E22, 14 }, // U+1E22
    { 0x1E23, 40 }, // U+1E23
    { 0x1E24, 14 }, // U+1E24
    { 0x1E25, 40 }, // U+1E25
    { 0x1E26, 14 }, // U+1E26
    { 0x1E27, 40 }, // U+1E27
    { 0x1E28, 14 }, // U+1E28
    { 0x1E29, 40 }, // U+1E29
    { 0x1E2A, 14 }, // U+1E2A
    { 0x1E2B, 40 }, // U+1E2B
    { 0x1E2C, 14 }, // U+1E2C
    { 0x1E2D, 41 }, // U+1E2D
    { 0x1E2E, 14 }, // U+1E2E
    { 0x1E2F, 60 }, // U+1E2F
    { 0x1E30, 16 }, // U+1E30
    { 0x1E31, 43 }, // U+1E31
    { 0x1E32, 16 }, // U+1E32
    { 0x1E33, 43 }, // U+1E33
    { 0x1E34, 16 }, // U+1E34
    { 0x1E35, 43 }, // U+1E35
    { 0x1E36, 17 }, // U+1E36
    { 0x1E37, 44 }, // U+1E37
    { 0x1E38, 17 }, // U+1E38
    { 0x1E39, 44 }, // U+1E39
    { 0x1E3A, 17 }, // U+1E3A
    { 0x1E3B, 44 }, // U+1E3B
    { 0x1E3C, 17 }, // U+1E3C
    { 0x1E3D, 44 }, // U+1E3D
    { 0x1E3E, 18 }, // U+1E3E
    { 0x1E3F, 40 }, // U+1E3F
    { 0x1E40, 18 }, // U+1E40
    { 0x1E41, 40 }, // U+1E41
    { 0x1E42, 18 }, // U+1E42
    { 0x1E43, 40 }, // U+1E43
    { 0x1E44, 19 }, // U+1E44
    { 0x1E45, 40 }, // U+1E45
    { 0x1E46, 19 }, // U+1E46
    { 0x1E47, 40 }, // U+1E47
    { 0x1E48, 19 }, // U+1E48
    { 0x1E49, 40 }, // U+1E49
    { 0x1E4A, 19 }, // U+1E4A
    { 0x1E4B, 40 }, // U+1E4B
    { 0x1E4C, 10 }, // U+1E4C
    { 0x1E4D, 34 }, // U+1E4D
    { 0x1E4E, 10 }, // U+1E4E
    { 0x1E4F, 34 }, // U+1E4F
    { 0x1E50, 10 }, // U+1E50
    { 0x1E51, 34 }, // U+1E51
    { 0x1E52, 10 }, // U+1E52
    { 0x1E53, 34 }, // U+1E53
    { 0x1E54, 20 }, // U+1E54
    { 0x1E55, 34 }, // U+1E55
    { 0x1E56, 20 }, // U+1E56
    { 0x1E57, 34 }, // U+1E57
    { 0x1E58, 22 }, // U+1E58
    { 0x1E59, 46 }, // U+1E59
    { 0x1E5A, 22 }, // U+1E5A
    { 0x1E5B, 46 }, // U+1E5B
    { 0x1E5C, 22 }, // U+1E5C
    { 0x1E5D, 46 }, // U+1E5D
    { 0x1E5E, 22 }, // U+1E5E
    { 0x1E5F, 46 }, // U+1E5F
    { 0x1E60, 23 }, // U+1E60
    { 0x1E61, 47 }, // U+1E61
    { 0x1E62, 23 }, // U+1E62
    { 0x1E63, 47 }, // U+1E63
    { 0x1E64, 23 }, // U+1E64
    { 0x1E65, 47 }, // U+1E65
    { 0x1E66, 23 }, // U+1E66
    { 0x1E67, 47 }, // U+1E67
    { 0x1E68, 23 }, // U+1E68
    { 0x1E69, 47 }, // U+1E69
    { 0x1E6A, 24 }, // U+1E6A
    { 0x1E6B, 48 }, // U+1E6B
    { 0x1E6C, 24 }, // U+1E6C
    { 0x1E6D, 48 }, // U+1E6D
    { 0x1E6E, 24 }, // U+1E6E
    { 0x1E6F, 48 }, // U+1E6F
    { 0x1E70, 24 }, // U+1E70
    { 0x1E71, 48 }, // U+1E71
    { 0x1E72, 25 }, // U+1E72
    { 0x1E73, 33 }, // U+1E73
    { 0x1E74, 25 }, // U+1E74
    { 0x1E75, 33 }, // U+1E75
    { 0x1E76, 25 }, // U+1E76
    { 0x1E77, 33 }, // U+1E77
    { 0x1E78, 25 }, // U+1E78
    { 0x1E79, 33 }, // U+1E79
    { 0x1E7A, 25 }, // U+1E7A
    { 0x1E7B, 33 }, // U+1E7B
    { 0x1E7C, 26 }, // U+1E7C
    { 0x1E7D, 49 }, // U+1E7D
    { 0x1E7E, 26 }, // U+1E7E
    { 0x1E7F, 49 }, // U+1E7F
    { 0x1E80, 26 }, // U+1E80
    { 0x1E81, 49 }, // U+1E81
    { 0x1E82, 26 }, // U+1E82
    { 0x1E83, 49 }, // U+1E83
    { 0x1E84, 26 }, // U+1E84
    { 0x1E85, 49 }, // U+1E85
    { 0x1E86, 26 }, // U+1E86
    { 0x1E87, 49 }, // U+1E87
    { 0x1E88, 26 }, // U+1E88
    { 0x1E89, 49 }, // U+1E89
    { 0x1E8A, 28 }, // U+1E8A
    { 0x1E8B, 50 }, // U+1E8B
    { 0x1E8C, 28 }, // U+1E8C
    { 0x1E8D, 50 }, // U+1E8D
    { 0x1E8E, 29 }, // U+1E8E
    { 0x1E8F, 49 }, // U+1E8F
    { 0x1E90, 30 }, // U+1E90
    { 0x1E91, 51 }, // U+1E91
    { 0x1E92, 30 }, // U+1E92
    { 0x1E93, 51 }, // U+1E93
    { 0x1E94, 30 }, // U+1E94
    { 0x1E95, 51 }, // U+1E95
    { 0x1E96, 40 }, // U+1E96
    { 0x1E97, 48 }, // U+1E97
    { 0x1E98, 49 }, // U+1E98
    { 0x1E99, 49 }, // U+1E99
    { 0x1E9A, 33 }, // U+1E9A
    { 0x1EA0, 7 }, // U+1EA0
    { 0x1EA1, 33 }, // U+1EA1
    { 0x1EA2, 7 }, // U+1EA2
    { 0x1EA3, 33 }, // U+1EA3
    { 0x1EA4, 7 }, // U+1EA4
    { 0x1EA5, 33 }, // U+1EA5
    { 0x1EA6, 7 }, // U+1EA6
    { 0x1EA7, 33 }, // U+1EA7
    { 0x1EA8, 7 }, // U+1EA8
    { 0x1EA9, 33 }, // U+1EA9
    { 0x1EAA, 7 }, // U+1EAA
    { 0x1EAB, 33 }, // U+1EAB
    { 0x1EAC, 7 }, // U+1EAC
    { 0x1EAD, 33 }, // U+1EAD
    { 0x1EAE, 7 }, // U+1EAE
    { 0x1EAF, 33 }, // U+1EAF
    { 0x1EB0, 7 }, // U+1EB0
    { 0x1EB1, 33 }, // U+1EB1
    { 0x1EB2, 7 }, // U+1EB2
    { 0x1EB3, 33 }, // U+1EB3
    { 0x1EB4, 7 }, // U+1EB4
    { 0x1EB5, 33 }, // U+1EB5
    { 0x1EB6, 7 }, // U+1EB6
    { 0x1EB7, 33 }, // U+1EB7
    { 0x1EB8, 11 }, // U+1EB8
    { 0x1EB9, 37 }, // U+1EB9
    { 0x1EBA, 11 }, // U+1EBA
    { 0x1EBB, 37 }, // U+1EBB
    { 0x1EBC, 11 }, // U+1EBC
    { 0x1EBD, 37 }, // U+1EBD
    { 0x1EBE, 11 }, // U+1EBE
    { 0x1EBF, 37 }, // U+1EBF
    { 0x1EC0, 11 }, // U+1EC0
    { 0x1EC1, 37 }, // U+1EC1
    { 0x1EC2, 11 }, // U+1EC2
    { 0x1EC3, 37 }, // U+1EC3
    { 0x1EC4, 11 }, // U+1EC4
    { 0x1EC5, 37 }, // U+1EC5
    { 0x1EC6, 11 }, // U+1EC6
    { 0x1EC7, 37 }, // U+1EC7
    { 0x1EC8, 14 }, // U+1EC8
    { 0x1EC9, 60 }, // U+1EC9
    { 0x1ECA, 14 }, // U+1ECA
    { 0x1ECB, 41 }, // U+1ECB
    { 0x1ECC, 10 }, // U+1ECC
    { 0x1ECD, 34 }, // U+1ECD
    { 0x1ECE, 10 }, // U+1ECE
    { 0x1ECF, 34 }, // U+1ECF
    { 0x1ED0, 10 }, // U+1ED0
    { 0x1ED1, 34 }, // U+1ED1
    { 0x1ED2, 10 }, // U+1ED2
    { 0x1ED3, 34 }, // U+1ED3
    { 0x1ED4, 10 }, // U+1ED4
    { 0x1ED5, 34 }, // U+1ED5
    { 0x1ED6, 10 }, // U+1ED6
    { 0x1ED7, 34 }, // U+1ED7
    { 0x1ED8, 10 }, // U+1ED8
    { 0x1ED9, 34 }, // U+1ED9
    { 0x1EDA, 78 }, // U+1EDA
    { 0x1EDB, 79 }, // U+1EDB
    { 0x1EDC, 78 }, // U+1EDC
    { 0x1EDD, 79 }, // U+1EDD
    { 0x1EDE, 78 }, // U+1EDE
    { 0x1EDF, 79 }, // U+1EDF
    { 0x1EE0, 78 }, // U+1EE0
    { 0x1EE1, 79 }, // U+1EE1
    { 0x1EE2, 78 }, // U+1EE2
    { 0x1EE3, 79 }, // U+1EE3
    { 0x1EE4, 25 }, // U+1EE4
    { 0x1EE5, 33 }, // U+1EE5
    { 0x1EE6, 25 }, // U+1EE6
    { 0x1EE7, 33 }, // U+1EE7
    { 0x1EE8, 80 }, // U+1EE8
    { 0x1EE9, 81 }, // U+1EE9
    { 0x1EEA, 80 }, // U+1EEA
    { 0x1EEB, 81 }, // U+1EEB
    { 0x1EEC, 80 }, // U+1EEC
    { 0x1EED, 81 }, // U+1EED
    { 0x1EEE, 80 }, // U+1EEE
    { 0x1EEF, 81 }, // U+1EEF
    { 0x1EF0, 80 }, // U+1EF0
    { 0x1EF1, 81 }, // U+1EF1
    { 0x1EF2, 29 }, // U+1EF2
    { 0x1EF3, 49 }, // U+1EF3
    { 0x1EF4, 29 }, // U+1EF4
    { 0x1EF5, 49 }, // U+1EF5
    { 0x1EF6, 29 }, // U+1EF6
    { 0x1EF7, 49 }, // U+1EF7
    { 0x1EF8, 29 }, // U+1EF8
    { 0x1EF9, 49 }, // U+1EF9
    { 0x2010, 4 }, // U+2010
    { 0x2011, 4 }, // U+2011
    { 0x2013, 4 }, // U+2013
    { 0x2014, 4 }, // U+2014
    { 0x2015, 4 }, // U+2015
    { 0x2018, 98 }, // U+2018
    { 0x2019, 99 }, // U+2019
    { 0x201A, 100 }, // U+201A
    { 0x201B, 98 }, // U+201B
    { 0x201C, 98 }, // U+201C
    { 0x201D, 99 }, // U+201D
    { 0x201E, 3 }, // U+201E
    { 0x2025, 3 }, // U+2025
    { 0x2026, 3 }, // U+2026
    { 0x203A, 54 }, // U+203A
    { 0xFB00, 38 }, // U+FB00
    { 0xFB01, 41 }, // U+FB01
    { 0xFB02, 44 }, // U+FB02
    { 0xFB03, 41 }, // U+FB03
    { 0xFB04, 44 }, // U+FB04
    { 0xFB05, 48 }, // U+FB05
    { 0xFB06, 48 }, // U+FB06
};

static const EpdKernClassEntry bookerly_14_bolditalicKernRightClasses[] = {
    { 0x0021, 1 }, // !
    { 0x0022, 2 }, // "
    { 0x0027, 2 }, // '
    { 0x0029, 3 }, // )
    { 0x002A, 4 }, // *
    { 0x002C, 5 }, // ,
    { 0x002D, 6 }, // -
    { 0x002E, 7 }, // .
    { 0x002F, 8 }, // /
    { 0x003A, 9 }, // :
    { 0x003B, 10 }, // ;
    { 0x003F, 11 }, // ?
    { 0x0041, 12 }, // A
    { 0x0042, 13 }, // B
    { 0x0043, 14 }, // C
    { 0x0044, 13 }, // D
    { 0x0045, 15 }, // E
    { 0x0046, 15 }, // F
    { 0x0047, 14 }, // G
    { 0x0048, 15 }, // H
    { 0x0049, 15 }, // I
    { 0x004A, 16 }, // J
    { 0x004B, 15 }, // K
    { 0x004C, 15 }, // L
    { 0x004D, 17 }, // M
    { 0x004E, 15 }, // N
    { 0x004F, 14 }, // O
    { 0x0050, 13 }, // P
    { 0x0051, 14 }, // Q
    { 0x0052, 13 }, // R
    { 0x0053, 18 }, // S
    { 0x0054, 19 }, // T
    { 0x0055, 20 }, // U
    { 0x0056, 21 }, // V
    { 0x0057, 21 }, // W
    { 0x0058, 22 }, // X
    { 0x0059, 23 }, // Y
    { 0x005A, 24 }, // Z
    { 0x005C, 25 }, // <backslash>
    { 0x005D, 26 }, // ]
    { 0x0061, 27 }, // a
    { 0x0062, 28 }, // b
    { 0x0063, 27 }, // c
    { 0x0064, 27 }, // d
    { 0x0065, 27 }, // e
    { 0x0066, 29 }, // f
    { 0x0067, 30 }, // g
    { 0x0068, 31 }, // h
    { 0x0069, 32 }, // i
    { 0x006A, 33 }, // j
    { 0x006B, 31 }, // k
    { 0x006C, 31 }, // l
    { 0x006D, 34 }, // m
    { 0x006E, 34 }, // n
    { 0x006F, 27 }, // o
    { 0x0070, 34 }, // p
    { 0x0071, 27 }, // q
    { 0x0072, 34 }, // r
    { 0x0073, 35 }, // s
    { 0x0074, 36 }, // t
    { 0x0075, 37 }, // u
    { 0x0076, 38 }, // v
    { 0x0077, 38 }, // w
    { 0x0078, 39 }, // x
    { 0x0079, 40 }, // y
    { 0x007A, 41 }, // z
    { 0x007C, 42 }, // |
    { 0x007D, 43 }, // }
    { 0x00A1, 44 }, // U+00A1
    { 0x00AB, 45 }, // U+00AB
    { 0x00AD, 6 }, // U+00AD
    { 0x00BB, 46 }, // U+00BB
    { 0x00BF, 47 }, // U+00BF
    { 0x00C0, 12 }, // U+00C0
    { 0x00C1, 12 }, // U+00C1
    { 0x00C2, 12 }, // U+00C2
    { 0x00C3, 12 }, // U+00C3
    { 0x00C4, 12 }, // U+00C4
    { 0x00C5, 12 }, // U+00C5
    { 0x00C6, 48 }, // U+00C6
    { 0x00C7, 14 }, // U+00C7
    { 0x00C8, 15 }, // U+00C8
    { 0x00C9, 15 }, // U+00C9
    { 0x00CA, 15 }, // U+00CA
    { 0x00CB, 15 }, // U+00CB
    { 0x00CC, 15 }, // U+00CC
    { 0x00CD, 15 }, // U+00CD
    { 0x00CE, 15 }, // U+00CE
    { 0x00CF, 15 }, // U+00CF
    { 0x00D0, 13 }, // U+00D0
    { 0x00D1, 15 }, // U+00D1
    { 0x00D2, 14 }, // U+00D2
    { 0x00D3, 14 }, // U+00D3
    { 0x00D4, 14 }, // U+00D4
    { 0x00D5, 14 }, // U+00D5
    { 0x00D6, 14 }, // U+00D6
    { 0x00D8, 14 }, // U+00D8
    { 0x00D9, 20 }, // U+00D9
    { 0x00DA, 20 }, // U+00DA
    { 0x00DB, 20 }, // U+00DB
    { 0x00DC, 20 }, // U+00DC
    { 0x00DD, 23 }, // U+00DD
    { 0x00DE, 15 }, // U+00DE
    { 0x00DF, 49 }, // U+00DF
    { 0x00E0, 27 }, // U+00E0
    { 0x00E1, 27 }, // U+00E1
    { 0x00E2, 27 }, // U+00E2
    { 0x00E3, 27 }, // U+00E3
    { 0x00E4, 50 }, // U+00E4
    { 0x00E5, 27 }, // U+00E5
    { 0x00E6, 27 }, // U+00E6
    { 0x00E7, 27 }, // U+00E7
    { 0x00E8, 27 }, // U+00E8
    { 0x00E9, 27 }, // U+00E9
    { 0x00EA, 27 }, // U+00EA
    { 0x00EB, 27 }, // U+00EB
    { 0x00EC, 51 }, // U+00EC
    { 0x00ED, 32 }, // U+00ED
    { 0x00EE, 52 }, // U+00EE
    { 0x00EF, 52 }, // U+00EF
    { 0x00F0, 27 }, // U+00F0
    { 0x00F1, 34 }, // U+00F1
    { 0x00F2, 27 }, // U+00F2
    { 0x00F3, 27 }, // U+00F3
    { 0x00F4, 27 }, // U+00F4
    { 0x00F5, 27 }, // U+00F5
    { 0x00F6, 27 }, // U+00F6
    { 0x00F8, 53 }, // U+00F8
    { 0x00F9, 37 }, // U+00F9
    { 0x00FA, 37 }, // U+00FA
    { 0x00FB, 37 }, // U+00FB
    { 0x00FC, 37 }, // U+00FC
    { 0x00FD, 38 }, // U+00FD
    { 0x00FE, 54 }, // U+00FE
    { 0x00FF, 38 }, // U+00FF
    { 0x0100, 12 }, // U+0100
    { 0x0101, 27 }, // U+0101
    { 0x0102, 12 }, // U+0102
    { 0x0103, 27 }, // U+0103
    { 0x0104, 12 }, // U+0104
    { 0x0105, 27 }, // U+0105
    { 0x0106, 14 }, // U+0106
    { 0x0107, 27 }, // U+0107
    { 0x0108, 14 }, // U+0108
    { 0x0109, 27 }, // U+0109
    { 0x010A, 14 }, // U+010A
    { 0x010B, 27 }, // U+010B
    { 0x010C, 14 }, // U+010C
    { 0x010D, 55 }, // U+010D
    { 0x010E, 13 }, // U+010E
    { 0x010F, 27 }, // U+010F
    { 0x0110, 13 }, // U+0110
    { 0x0111, 27 }, // U+0111
    { 0x0112, 15 }, // U+0112
    { 0x0113, 27 }, // U+0113
    { 0x0114, 15 }, // U+0114
    { 0x0115, 27 }, // U+0115
    { 0x0116, 15 }, // U+0116
    { 0x0117, 27 }, // U+0117
    { 0x0118, 15 }, // U+0118
    { 0x0119, 27 }, // U+0119
    { 0x011A, 15 }, // U+011A
    { 0x011B, 27 }, // U+011B
    { 0x011C, 14 }, // U+011C
    { 0x011D, 30 }, // U+011D
    { 0x011E, 14 }, // U+011E
    { 0x011F, 30 }, // U+011F
    { 0x0120, 14 }, // U+0120
    { 0x0121, 30 }, // U+0121
    { 0x0122, 14 }, // U+0122
    { 0x0123, 30 }, // U+0123
    { 0x0124, 15 }, // U+0124
    { 0x0125, 31 }, // U+0125
    { 0x0126, 15 }, // U+0126
    { 0x0127, 56 }, // U+0127
    { 0x0128, 15 }, // U+0128
    { 0x0129, 52 }, // U+0129
    { 0x012A, 15 }, // U+012A
    { 0x012B, 52 }, // U+012B
    { 0x012C, 15 }, // U+012C
    { 0x012D, 52 }, // U+012D
    { 0x012E, 15 }, // U+012E
    { 0x012F, 32 }, // U+012F
    { 0x0130, 15 }, // U+0130
    { 0x0131, 34 }, // U+0131
    { 0x0132, 15 }, // U+0132
    { 0x0133, 32 }, // U+0133
    { 0x0134, 16 }, // U+0134
    { 0x0135, 57 }, // U+0135
    { 0x0136, 15 }, // U+0136
    { 0x0137, 31 }, // U+0137
    { 0x0138, 34 }, // U+0138
    { 0x0139, 15 }, // U+0139
    { 0x013A, 31 }, // U+013A
    { 0x013B, 15 }, // U+013B
    { 0x013C, 31 }, // U+013C
    { 0x013D, 15 }, // U+013D
    { 0x013E, 31 }, // U+013E
    { 0x013F, 15 }, // U+013F
    { 0x0140, 31 }, // U+0140
    { 0x0141, 15 }, // U+0141
    { 0x0142, 58 }, // U+0142
    { 0x0143, 15 }, // U+0143
    { 0x0144, 34 }, // U+0144
    { 0x0145, 15 }, // U+0145
    { 0x0146, 34 }, // U+0146
    { 0x0147, 15 }, // U+0147
    { 0x0148, 34 }, // U+0148
    { 0x0149, 34 }, // U+0149
    { 0x014A, 15 }, // U+014A
    { 0x014B, 34 }, // U+014B
    { 0x014C, 14 }, // U+014C
    { 0x014D, 27 }, // U+014D
    { 0x014E, 14 }, // U+014E
    { 0x014F, 27 }, // U+014F
    { 0x0150, 14 }, // U+0150
    { 0x0151, 27 }, // U+0151
    { 0x0152, 14 }, // U+0152
    { 0x0153, 27 }, // U+0153
    { 0x0154, 13 }, // U+0154
    { 0x0155, 34 }, // U+0155
    { 0x0156, 13 }, // U+0156
    { 0x0157, 34 }, // U+0157
    { 0x0158, 13 }, // U+0158
    { 0x0159, 34 }, // U+0159
    { 0x015A, 18 }, // U+015A
    { 0x015B, 35 }, // U+015B
    { 0x015C, 18 }, // U+015C
    { 0x015D, 35 }, // U+015D
    { 0x015E, 18 }, // U+015E
    { 0x015F, 35 }, // U+015F
    { 0x0160, 18 }, // U+0160
    { 0x0161, 59 }, // U+0161
    { 0x0162, 19 }, // U+0162
    { 0x0163, 36 }, // U+0163
    { 0x0164, 19 }, // U+0164
    { 0x0165, 36 }, // U+0165
    { 0x0166, 19 }, // U+0166
    { 0x0167, 36 }, // U+0167
    { 0x0168, 20 }, // U+0168
    { 0x0169, 37 }, // U+0169
    { 0x016A, 20 }, // U+016A
    { 0x016B, 37 }, // U+016B
    { 0x016C, 20 }, // U+016C
    { 0x016D, 37 }, // U+016D
    { 0x016E, 20 }, // U+016E
    { 0x016F, 37 }, // U+016F
    { 0x0170, 20 }, // U+0170
    { 0x0171, 37 }, // U+0171
    { 0x0172, 20 }, // U+0172
    { 0x0173, 37 }, // U+0173
    { 0x0174, 21 }, // U+0174
    { 0x0175, 38 }, // U+0175
    { 0x0176, 23 }, // U+0176
    { 0x0177, 38 }, // U+0177
    { 0x0178, 23 }, // U+0178
    { 0x0179, 24 }, // U+0179
    { 0x017A, 41 }, // U+017A
    { 0x017B, 24 }, // U+017B
    { 0x017C, 41 }, // U+017C
    { 0x017D, 24 }, // U+017D
    { 0x017E, 60 }, // U+017E
    { 0x017F, 49 }, // U+017F
    { 0x0180, 31 }, // U+0180
    { 0x0187, 14 }, // U+0187
    { 0x0188, 27 }, // U+0188
    { 0x0189, 13 }, // U+0189
    { 0x018E, 61 }, // U+018E
    { 0x018F, 61 }, // U+018F
    { 0x0191, 15 }, // U+0191
    { 0x0192, 29 }, // U+0192
    { 0x0193, 14 }, // U+0193
    { 0x0197, 15 }, // U+0197
    { 0x0198, 15 }, // U+0198
    { 0x0199, 49 }, // U+0199
    { 0x019A, 31 }, // U+019A
    { 0x01A0, 14 }, // U+01A0
    { 0x01A1, 27 }, // U+01A1
    { 0x01A5, 49 }, // U+01A5
    { 0x01AB, 36 }, // U+01AB
    { 0x01AD, 36 }, // U+01AD
    { 0x01AE, 19 }, // U+01AE
    { 0x01AF, 20 }, // U+01AF
    { 0x01B0, 37 }, // U+01B0
    { 0x01B2, 20 }, // U+01B2
    { 0x01B3, 23 }, // U+01B3
    { 0x01B4, 38 }, // U+01B4
    { 0x01B5, 24 }, // U+01B5
    { 0x01B6, 41 }, // U+01B6
    { 0x01B7, 62 }, // U+01B7
    { 0x01BB, 63 }, // U+01BB
    { 0x01C2, 64 }, // U+01C2
    { 0x01C3, 65 }, // U+01C3
    { 0x01C4, 13 }, // U+01C4
    { 0x01C5, 13 }, // U+01C5
    { 0x01C6, 27 }, // U+01C6
    { 0x01C7, 15 }, // U+01C7
    { 0x01C8, 15 }, // U+01C8
    { 0x01C9, 31 }, // U+01C9
    { 0x01CA, 15 }, // U+01CA
    { 0x01CB, 15 }, // U+01CB
    { 0x01CC, 34 }, // U+01CC
    { 0x01CD, 12 }, // U+01CD
    { 0x01CE, 27 }, // U+01CE
    { 0x01CF, 15 }, // U+01CF
    { 0x01D0, 52 }, // U+01D0
    { 0x01D1, 14 }, // U+01D1
    { 0x01D2, 27 }, // U+01D2
    { 0x01D3, 20 }, // U+01D3
    { 0x01D4, 37 }, // U+01D4
    { 0x01D5, 20 }, // U+01D5
    { 0x01D6, 37 }, // U+01D6
    { 0x01D7, 20 }, // U+01D7
    { 0x01D8, 37 }, // U+01D8
    { 0x01D9, 20 }, // U+01D9
    { 0x01DA, 37 }, // U+01DA
    { 0x01DB, 20 }, // U+01DB
    { 0x01DC, 37 }, // U+01DC
    { 0x01DD, 66 }, // U+01DD
    { 0x01DE, 12 }, // U+01DE
    { 0x01DF, 27 }, // U+01DF
    { 0x01E0, 12 }, // U+01E0
    { 0x01E1, 27 }, // U+01E1
    { 0x01E2, 48 }, // U+01E2
    { 0x01E3, 27 }, // U+01E3
    { 0x01E4, 14 }, // U+01E4
    { 0x01E5, 67 }, // U+01E5
    { 0x01E6, 14 }, // U+01E6
    { 0x01E7, 30 }, // U+01E7
    { 0x01E8, 15 }, // U+01E8
    { 0x01E9, 31 }, // U+01E9
    { 0x01EA, 14 }, // U+01EA
    { 0x01EB, 27 }, // U+01EB
    { 0x01EC, 14 }, // U+01EC
    { 0x01ED, 27 }, // U+01ED
    { 0x01EE, 62 }, // U+01EE
    { 0x01EF, 68 }, // U+01EF
    { 0x01F0, 57 }, // U+01F0
    { 0x01F1, 13 }, // U+01F1
    { 0x01F2, 13 }, // U+01F2
    { 0x01F3, 27 }, // U+01F3
    { 0x01F4, 14 }, // U+01F4
    { 0x01F5, 30 }, // U+01F5
    { 0x01F8, 15 }, // U+01F8
    { 0x01F9, 34 }, // U+01F9
    { 0x01FA, 12 }, // U+01FA
    { 0x01FB, 27 }, // U+01FB
    { 0x01FC, 48 }, // U+01FC
    { 0x01FD, 27 }, // U+01FD
    { 0x01FE, 14 }, // U+01FE
    { 0x01FF, 53 }, // U+01FF
    { 0x0200, 12 }, // U+0200
    { 0x0201, 27 }, // U+0201
    { 0x0202, 12 }, // U+0202
    { 0x0203, 27 }, // U+0203
    { 0x0204, 15 }, // U+0204
    { 0x0205, 27 }, // U+0205
    { 0x0206, 15 }, // U+0206
    { 0x0207, 27 }, // U+0207
    { 0x0208, 15 }, // U+0208
    { 0x0209, 52 }, // U+0209
    { 0x020A, 15 }, // U+020A
    { 0x020B, 52 }, // U+020B
    { 0x020C, 14 }, // U+020C
    { 0x020D, 27 }, // U+020D
    { 0x020E, 14 }, // U+020E
    { 0x020F, 27 }, // U+020F
    { 0x0210, 13 }, // U+0210
    { 0x0211, 34 }, // U+0211
    { 0x0212, 13 }, // U+0212
    { 0x0213, 34 }, // U+0213
    { 0x0214, 20 }, // U+0214
    { 0x0215, 37 }, // U+0215
    { 0x0216, 20 }, // U+0216
    { 0x0217, 37 }, // U+0217
    { 0x0218, 18 }, // U+0218
    { 0x0219, 35 }, // U+0219
    { 0x021A, 19 }, // U+021A
    { 0x021B, 36 }, // U+021B
    { 0x021C, 69 }, // U+021C
    { 0x021D, 70 }, // U+021D
    { 0x021E, 15 }, // U+021E
    { 0x021F, 31 }, // U+021F
    { 0x0221, 27 }, // U+0221
    { 0x0224, 24 }, // U+0224
    { 0x0225, 41 }, // U+0225
    { 0x0226, 12 }, // U+0226
    { 0x0227, 27 }, // U+0227
    { 0x0228, 15 }, // U+0228
    { 0x0229, 27 }, // U+0229
    { 0x022A, 14 }, // U+022A
    { 0x022B, 27 }, // U+022B
    { 0x022C, 14 }, // U+022C
    { 0x022D, 27 }, // U+022D
    { 0x022E, 14 }, // U+022E
    { 0x022F, 27 }, // U+022F
    { 0x0230, 14 }, // U+0230
    { 0x0231, 27 }, // U+0231
    { 0x0232, 23 }, // U+0232
    { 0x0233, 38 }, // U+0233
    { 0x0234, 71 }, // U+0234
    { 0x0235, 34 }, // U+0235
    { 0x0236, 36 }, // U+0236
    { 0x0237, 33 }, // U+0237
    { 0x023A, 12 }, // U+023A
    { 0x023B, 14 }, // U+023B
    { 0x023C, 27 }, // U+023C
    { 0x023D, 15 }, // U+023D
    { 0x023E, 19 }, // U+023E
    { 0x023F, 35 }, // U+023F
    { 0x0240, 41 }, // U+0240
    { 0x0243, 13 }, // U+0243
    { 0x0244, 20 }, // U+0244
    { 0x0246, 15 }, // U+0246
    { 0x0247, 27 }, // U+0247
    { 0x0248, 16 }, // U+0248
    { 0x0249, 72 }, // U+0249
    { 0x024A, 14 }, // U+024A
    { 0x024B, 27 }, // U+024B
    { 0x024C, 13 }, // U+024C
    { 0x024D, 73 }, // U+024D
    { 0x024E, 74 }, // U+024E
    { 0x024F, 38 }, // U+024F
    { 0x1E00, 12 }, // U+1E00
    { 0x1E01, 27 }, // U+1E01
    { 0x1E02, 13 }, // U+1E02
    { 0x1E03, 31 }, // U+1E03
    { 0x1E04, 13 }, // U+1E04
    { 0x1E05, 31 }, // U+1E05
    { 0x1E06, 13 }, // U+1E06
    { 0x1E07, 31 }, // U+1E07
    { 0x1E08, 14 }, // U+1E08
    { 0x1E09, 27 }, // U+1E09
    { 0x1E0A, 13 }, // U+1E0A
    { 0x1E0B, 27 }, // U+1E0B
    { 0x1E0C, 13 }, // U+1E0C
    { 0x1E0D, 27 }, // U+1E0D
    { 0x1E0E, 13 }, // U+1E0E
    { 0x1E0F, 27 }, // U+1E0F
    { 0x1E10, 13 }, // U+1E10
    { 0x1E11, 27 }, // U+1E11
    { 0x1E12, 13 }, // U+1E12
    { 0x1E13, 27 }, // U+1E13
    { 0x1E14, 15 }, // U+1E14
    { 0x1E15, 27 }, // U+1E15
    { 0x1E16, 15 }, // U+1E16
    { 0x1E17, 27 }, // U+1E17
    { 0x1E18, 15 }, // U+1E18
    { 0x1E19, 27 }, // U+1E19
    { 0x1E1A, 15 }, // U+1E1A
    { 0x1E1B, 27 }, // U+1E1B
    { 0x1E1C, 15 }, // U+1E1C
    { 0x1E1D, 27 }, // U+1E1D
    { 0x1E1E, 15 }, // U+1E1E
    { 0x1E1F, 29 }, // U+1E1F
    { 0x1E20, 14 }, // U+1E20
    { 0x1E21, 30 }, // U+1E21
    { 0x1E22, 15 }, // U+1E22
    { 0x1E23, 31 }, // U+1E23
    { 0x1E24, 15 }, // U+1E24
    { 0x1E25, 31 }, // U+1E25
    { 0x1E26, 15 }, // U+1E26
    { 0x1E27, 31 }, // U+1E27
    { 0x1E28, 15 }, // U+1E28
    { 0x1E29, 31 }, // U+1E29
    { 0x1E2A, 15 }, // U+1E2A
    { 0x1E2B, 31 }, // U+1E2B
    { 0x1E2C, 15 }, // U+1E2C
    { 0x1E2D, 32 }, // U+1E2D
    { 0x1E2E, 15 }, // U+1E2E
    { 0x1E2F, 52 }, // U+1E2F
    { 0x1E30, 15 }, // U+1E30
    { 0x1E31, 31 }, // U+1E31
    { 0x1E32, 15 }, // U+1E32
    { 0x1E33, 31 }, // U+1E33
    { 0x1E34, 15 }, // U+1E34
    { 0x1E35, 31 }, // U+1E35
    { 0x1E36, 15 }, // U+1E36
    { 0x1E37, 31 }, // U+1E37
    { 0x1E38, 15 }, // U+1E38
    { 0x1E39, 31 }, // U+1E39
    { 0x1E3A, 15 }, // U+1E3A
    { 0x1E3B, 31 }, // U+1E3B
    { 0x1E3C, 15 }, // U+1E3C
    { 0x1E3D, 31 }, // U+1E3D
    { 0x1E3E, 17 }, // U+1E3E
    { 0x1E3F, 34 }, // U+1E3F
    { 0x1E40, 17 }, // U+1E40
    { 0x1E41, 34 }, // U+1E41
    { 0x1E42, 17 }, // U+1E42
    { 0x1E43, 34 }, // U+1E43
    { 0x1E44, 15 }, // U+1E44
    { 0x1E45, 34 }, // U+1E45
    { 0x1E46, 15 }, // U+1E46
    { 0x1E47, 34 }, // U+1E47
    { 0x1E48, 15 }, // U+1E48
    { 0x1E49, 34 }, // U+1E49
    { 0x1E4A, 15 }, // U+1E4A
    { 0x1E4B, 34 }, // U+1E4B
    { 0x1E4C, 14 }, // U+1E4C
    { 0x1E4D, 27 }, // U+1E4D
    { 0x1E4E, 14 }, // U+1E4E
    { 0x1E4F, 27 }, // U+1E4F
    { 0x1E50, 14 }, // U+1E50
    { 0x1E51, 27 }, // U+1E51
    { 0x1E52, 14 }, // U+1E52
    { 0x1E53, 27 }, // U+1E53
    { 0x1E54, 13 }, // U+1E54
    { 0x1E55, 34 }, // U+1E55
    { 0x1E56, 13 }, // U+1E56
    { 0x1E57, 34 }, // U+1E57
    { 0x1E58, 13 }, // U+1E58
    { 0x1E59, 34 }, // U+1E59
    { 0x1E5A, 13 }, // U+1E5A
    { 0x1E5B, 34 }, // U+1E5B
    { 0x1E5C, 13 }, // U+1E5C
    { 0x1E5D, 34 }, // U+1E5D
    { 0x1E5E, 13 }, // U+1E5E
    { 0x1E5F, 34 }, // U+1E5F
    { 0x1E60, 18 }, // U+1E60
    { 0x1E61, 35 }, // U+1E61
    { 0x1E62, 18 }, // U+1E62
    { 0x1E63, 35 }, // U+1E63
    { 0x1E64, 18 }, // U+1E64
    { 0x1E65, 35 }, // U+1E65
    { 0x1E66, 18 }, // U+1E66
    { 0x1E67, 35 }, // U+1E67
    { 0x1E68, 18 }, // U+1E68
    { 0x1E69, 35 }, // U+1E69
    { 0x1E6A, 19 }, // U+1E6A
    { 0x1E6B, 36 }, // U+1E6B
    { 0x1E6C, 19 }, // U+1E6C
    { 0x1E6D, 36 }, // U+1E6D
    { 0x1E6E, 19 }, // U+1E6E
    { 0x1E6F, 36 }, // U+1E6F
    { 0x1E70, 19 }, // U+1E70
    { 0x1E71, 36 }, // U+1E71
    { 0x1E72, 20 }, // U+1E72
    { 0x1E73, 37 }, // U+1E73
    { 0x1E74, 20 }, // U+1E74
    { 0x1E75, 37 }, // U+1E75
    { 0x1E76, 20 }, // U+1E76
    { 0x1E77, 37 }, // U+1E77
    { 0x1E78, 20 }, // U+1E78
    { 0x1E79, 37 }, // U+1E79
    { 0x1E7A, 20 }, // U+1E7A
    { 0x1E7B, 37 }, // U+1E7B
    { 0x1E7C, 21 }, // U+1E7C
    { 0x1E7D, 38 }, // U+1E7D
    { 0x1E7E, 21 }, // U+1E7E
    { 0x1E7F, 38 }, // U+1E7F
    { 0x1E80, 21 }, // U+1E80
    { 0x1E81, 38 }, // U+1E81
    { 0x1E82, 21 }, // U+1E82
    { 0x1E83, 38 }, // U+1E83
    { 0x1E84, 21 }, // U+1E84
    { 0x1E85, 38 }, // U+1E85
    { 0x1E86, 21 }, // U+1E86
    { 0x1E87, 38 }, // U+1E87
    { 0x1E88, 21 }, // U+1E88
    { 0x1E89, 38 }, // U+1E89
    { 0x1E8A, 22 }, // U+1E8A
    { 0x1E8B, 39 }, // U+1E8B
    { 0x1E8C, 22 }, // U+1E8C
    { 0x1E8D, 39 }, // U+1E8D
    { 0x1E8E, 23 }, // U+1E8E
    { 0x1E8F, 38 }, // U+1E8F
    { 0x1E90, 24 }, // U+1E90
    { 0x1E91, 41 }, // U+1E91
    { 0x1E92, 24 }, // U+1E92
    { 0x1E93, 41 }, // U+1E93
    { 0x1E94, 24 }, // U+1E94
    { 0x1E95, 41 }, // U+1E95
    { 0x1E96, 31 }, // U+1E96
    { 0x1E97, 36 }, // U+1E97
    { 0x1E98, 38 }, // U+1E98
    { 0x1E99, 38 }, // U+1E99
    { 0x1E9A, 27 }, // U+1E9A
    { 0x1E9B, 49 }, // U+1E9B
    { 0x1EA0, 12 }, // U+1EA0
    { 0x1EA1, 27 }, // U+1EA1
    { 0x1EA2, 12 }, // U+1EA2
    { 0x1EA3, 27 }, // U+1EA3
    { 0x1EA4, 12 }, // U+1EA4
    { 0x1EA5, 27 }, // U+1EA5
    { 0x1EA6, 12 }, // U+1EA6
    { 0x1EA7, 27 }, // U+1EA7
    { 0x1EA8, 12 }, // U+1EA8
    { 0x1EA9, 27 }, // U+1EA9
    { 0x1EAA, 12 }, // U+1EAA
    { 0x1EAB, 27 }, // U+1EAB
    { 0x1EAC, 12 }, // U+1EAC
    { 0x1EAD, 27 }, // U+1EAD
    { 0x1EAE, 12 }, // U+1EAE
    { 0x1EAF, 27 }, // U+1EAF
    { 0x1EB0, 12 }, // U+1EB0
    { 0x1EB1, 27 }, // U+1EB1
    { 0x1EB2, 12 }, // U+1EB2
    { 0x1EB3, 27 }, // U+1EB3
    { 0x1EB4, 12 }, // U+1EB4
    { 0x1EB5, 27 }, // U+1EB5
    { 0x1EB6, 12 }, // U+1EB6
    { 0x1EB7, 27 }, // U+1EB7
    { 0x1EB8, 15 }, // U+1EB8
    { 0x1EB9, 27 }, // U+1EB9
    { 0x1EBA, 15 }, // U+1EBA
    { 0x1EBB, 27 }, // U+1EBB
    { 0x1EBC, 15 }, // U+1EBC
    { 0x1EBD, 27 }, // U+1EBD
    { 0x1EBE, 15 }, // U+1EBE
    { 0x1EBF, 27 }, // U+1EBF
    { 0x1EC0, 15 }, // U+1EC0
    { 0x1EC1, 27 }, // U+1EC1
    { 0x1EC2, 15 }, // U+1EC2
    { 0x1EC3, 27 }, // U+1EC3
    { 0x1EC4, 15 }, // U+1EC4
    { 0x1EC5, 27 }, // U+1EC5
    { 0x1EC6, 15 }, // U+1EC6
    { 0x1EC7, 27 }, // U+1EC7
    { 0x1EC8, 15 }, // U+1EC8
    { 0x1EC9, 52 }, // U+1EC9
    { 0x1ECA, 15 }, // U+1ECA
    { 0x1ECB, 32 }, // U+1ECB
    { 0x1ECC, 14 }, // U+1ECC
    { 0x1ECD, 27 }, // U+1ECD
    { 0x1ECE, 14 }, // U+1ECE
    { 0x1ECF, 27 }, // U+1ECF
    { 0x1ED0, 14 }, // U+1ED0
    { 0x1ED1, 27 }, // U+1ED1
    { 0x1ED2, 14 }, // U+1ED2
    { 0x1ED3, 27 }, // U+1ED3
    { 0x1ED4, 14 }, // U+1ED4
    { 0x1ED5, 27 }, // U+1ED5
    { 0x1ED6, 14 }, // U+1ED6
    { 0x1ED7, 27 }, // U+1ED7
    { 0x1ED8, 14 }, // U+1ED8
    { 0x1ED9, 27 }, // U+1ED9
    { 0x1EDA, 14 }, // U+1EDA
    { 0x1EDB, 27 }, // U+1EDB
    { 0x1EDC, 14 }, // U+1EDC
    { 0x1EDD, 27 }, // U+1EDD
    { 0x1EDE, 14 }, // U+1EDE
    { 0x1EDF, 27 }, // U+1EDF
    { 0x1EE0, 14 }, // U+1EE0
    { 0x1EE1, 27 }, // U+1EE1
    { 0x1EE2, 14 }, // U+1EE2
    { 0x1EE3, 27 }, // U+1EE3
    { 0x1EE4, 20 }, // U+1EE4
    { 0x1EE5, 37 }, // U+1EE5
    { 0x1EE6, 20 }, // U+1EE6
    { 0x1EE7, 37 }, // U+1EE7
    { 0x1EE8, 20 }, // U+1EE8
    { 0x1EE9, 37 }, // U+1EE9
    { 0x1EEA, 20 }, // U+1EEA
    { 0x1EEB, 37 }, // U+1EEB
    { 0x1EEC, 20 }, // U+1EEC
    { 0x1EED, 37 }, // U+1EED
    { 0x1EEE, 20 }, // U+1EEE
    { 0x1EEF, 37 }, // U+1EEF
    { 0x1EF0, 20 }, // U+1EF0
    { 0x1EF1, 37 }, // U+1EF1
    { 0x1EF2, 23 }, // U+1EF2
    { 0x1EF3, 38 }, // U+1EF3
    { 0x1EF4, 23 }, // U+1EF4
    { 0x1EF5, 38 }, // U+1EF5
    { 0x1EF6, 23 }, // U+1EF6
    { 0x1EF7, 38 }, // U+1EF7
    { 0x1EF8, 23 }, // U+1EF8
    { 0x1EF9, 38 }, // U+1EF9
    { 0x2010, 6 }, // U+2010
    { 0x2011, 6 }, // U+2011
    { 0x2013, 6 }, // U+2013
    { 0x2014, 6 }, // U+2014
    { 0x2015, 6 }, // U+2015
    { 0x2018, 75 }, // U+2018
    { 0x2019, 76 }, // U+2019
    { 0x201A, 7 }, // U+201A
    { 0x201B, 75 }, // U+201B
    { 0x201C, 75 }, // U+201C
    { 0x201D, 76 }, // U+201D
    { 0x201E, 7 }, // U+201E
    { 0x2025, 7 }, // U+2025
    { 0x2026, 7 }, // U+2026
    { 0x2039, 45 }, // U+2039
    { 0x203A, 46 }, // U+203A
    { 0x203C, 1 }, // U+203C
    { 0x2047, 11 }, // U+2047
    { 0x2048, 11 }, // U+2048
    { 0x2049, 1 }, // U+2049
    { 0xFB00, 29 }, // U+FB00
    { 0xFB01, 29 }, // U+FB01
    { 0xFB02, 29 }, // U+FB02
    { 0xFB03, 29 }, // U+FB03
    { 0xFB04, 29 }, // U+FB04
    { 0xFB05, 29 }, // U+FB05
    { 0xFB06, 35 }, // U+FB06
};

static const int8_t bookerly_14_bolditalicKernMatrix[] = {
       0,    0,    0,    0,    0,    0,    0,    0,    0,    0,    0,    0,    0,  -12,    0,   47,    0,    0,    0,    0,    0,    0,    0,    0,    0,    0,   -9,   33,   70,    0,   33,    0,   70,    0,    0,    0,    0,    0,    0,   42,    0,    0,    0,    0,    0,    0,    0,    0,    0,   -9,    0,    0,   -9,   33,   -9,   33,    0,   33,    0,    0,    0,    0,    0,    0,    0,    0,    0,    0,    0,    0,   33,   70,    0,    0,    0,    0,
       0,    0,    0,    0,    0,    0,    0,    0,    0,    0,    0,  -19,    0,    0,    0,    0,    0,    0,    0,    0,    0,    0,    0,    0,    0,    0,    0,    0,    0,    0,    0,    0,    0,    0,    0,    0,    0,    0,    0,    0,    0,    0,    0,    0,    0,    0,    0,  -42,    0,    0,    0,    0,    0,    0,    0,    0,    0,    0,    0,    0,    0,    0,    0,    0,    0,    0,    0,    0,    0,    0,    0,    0,    0,    0,    0,    0,
       0,    0,    0,    0,    0,    0,    0,    0,    0,    0,    0,   13,    9,  -14,   14,   51,    0,    0,  -23,  -19,  -47,   19,  -28,    0,    0,    0,    0,    0,   14,    9,    0,   -9,   49,    0,    0,   -9,   -9,  -23,    0,  -23,    0,    0,    0,    0,  -19,    0,    0,   14,    0,    0,   -9,    0,    0,    0,    0,    0,    0,    0,    0,    0,    0,    0,    0,    0,    0,    0,    9,    0,    0,    0,    0,   49,    0,  -28,  -47,  -47,
       0,    0,    0,    0,    0,    0,    0,    0,    0,    0,    0,    0,    0,    0,    0,    0,    0,    0,    0,    0,    0,    0,  -14,    0,    0,    0,    0,    0,    0,    0,    0,    0,    0,    0,    0,    0,    0,    0,    0,    0,    0,    0,    0,    0,    0,    0,    0,    0,    0,    0,    0,    0,    0,    0,    0,    0,    0,    0,    0,    0,    0,    0,    0,    0,    0,    0,    0,    0,    0,    0,    0,    0,    0,  -14,    0,    0,
       0,    0,    0,    0,    0,    0,    0,    0,    0,    0,    0,  -42,    0,   -9,    0,    0,  -23,    0,    0,    0,    0,    0,    0,    0,    0,    0,  -47,   14,  -23,  -47,   14,    0,    0,   -9,  -42,  -14,  -19,    0,  -23,    0,  -28,    0,    0,    0,    0,    0,    0,  -61,    0,  -47,    0,    0,  -47,   14,  -47,   14,    0,   14,  -42,  -28,    0,    0,    0,    0,    0,    0,  -47,  -23,    0,  -19,   14,    0,   -9,    0,    0,    0,
       0,    0,    0,    0,    0,    0,    0,    0,    0,    0,    0,    0,    0,    0,    0,    0,    0,    0,    0,    0,    0,    0,    0,    0,    0,    0,    0,    0,    0,    0,    0,    0,    0,    0,    0,    0,    0,   14,    0,   14,    0,    0,    0,    0,    0,    0,    0,    0,    0,    0,    0,    0,    0,    0,    0,    0,    0,    0,    0,    0,    0,    0,    0,   19,    0,    0,    0,    0,    0,    0,    0,    0,    0,    0,    0,    0,
       0,    0,    0,  -23,    0,    0,    0,    0,    0,    0,  -14,   16,    5,  -19,    9,    0,   19,    0,  -28,  -23,  -56,   30,  -33,    0,  -75,    0,    0,    0,    0,    9,    0,   -9,    0,   -9,    0,   -9,   -7,  -28,    0,  -28,    0,    0,    0,    0,  -14,    0,    0,   23,    0,    0,   -9,   -9,   14,    0,    0,    0,    0,    0,    0,    0,    0,    0,    0,    0,    0,    0,    9,   -9,   -9,  -14,  -14,    0,   -9,  -33,  -47,  -37,
       0,    0,    0,    0,  -19,    0,  -19,    0,  -14,  -14,    0,   -9,    0,    7,    0,    0,    0,    0,  -14,  -14,  -23,    0,  -21,    0,  -19,    0,    0,   -5,    0,   -9,   -5,   -5,    0,    0,    0,    0,    0,    0,    0,    0,    0,    0,    0,    0,    0,    0,    0,   -9,    0,    0,   -5,    0,    0,   -5,    0,   -5,    0,   -5,    0,    0,    0,    0,    0,    0,    0,    0,   -9,  -14,  -14,   -5,   -5,    0,    0,  -21,    0,   -5,
       0,    0,    0,    0,    0,    0,    0,    0,  -14,  -14,    0,    0,    0,   -7,    0,    0,    0,    0,    0,   -5,   -5,    5,    0,    0,    0,    0,   -5,    0,    0,    0,    0,    0,    0,    0,    0,    0,    0,    0,    0,    0,    0,    0,    0,    0,    0,    0,    0,    0,    0,   -5,    0,    0,   -5,    0,   -5,    0,    0,    0,    0,    0,    0,    0,    0,    0,    0,    0,    0,  -14,    0,    0,    0,    0,    0,    0,    0,    0,
       0,    0,    0,    0,  -23,    0,  -23,   -9,   -9,   -9,    0,  -19,    0,    7,   -5,  -12,   -7,    0,   -9,   -9,  -19,   -5,  -16,    0,  -23,    0,    0,    0,    0,    0,    0,    0,    0,    0,    0,    0,    0,    0,    0,    0,    0,    0,    0,    0,    0,    0,    0,  -14,   -9,    0,    0,    0,    0,    0,    0,    0,    0,    0,    0,    0,    0,    0,    0,    0,    0,    0,    0,   -9,  -14,    0,    0,    0,    0,  -16,    0,    0,
       0,    0,    0,   14,    0,    0,    0,    0,  -14,  -14,    0,   -5,    0,   -5,    0,    0,    0,    0,    0,   -5,    0,    0,    0,    0,    0,    0,   -5,    0,    0,    0,    0,    0,    0,    0,    0,    0,    0,    0,    0,    0,    0,    0,    0,    0,    0,    0,    0,    0,    0,   -5,    0,    0,   -5,    0,   -5,    0,    0,    0,    0,    0,    0,    0,    0,    0,    0,    0,    0,    0,   -5,    0,    0,    0,    0,    0,    0,    0,
       0,    0,    0,    0,  -37,    0,  -37,  -23,  -23,  -23,    0,  -42,    0,    0,    0,    0,   -7,    0,    0,    0,    5,    7,    5,    0,    0,    0,  -11,    9,   -7,  -14,    9,    0,    0,    0,   -9,    0,    0,    0,    0,    0,    0,    0,    0,    0,   -9,    0,    0,  -44,    0,  -11,    0,    9,  -11,    9,  -11,    9,    0,    9,   -9,    0,    0,    0,    0,    0,    0,    0,  -14,    0,    0,    0,    9,    0,    0,    5,    0,   21,
       0,    0,    0,    0,  -14,    0,  -14,    0,    0,    0,    0,   -9,    0,    0,    0,    0,    0,    0,  -14,  -14,  -19,    0,   -9,    0,  -14,    0,    0,    0,    0,    0,    0,    0,    0,    0,    0,    0,    0,    0,    0,    0,    0,    0,    0,    0,    0,    0,    0,    0,    0,    0,    0,    0,    0,    0,    0,    0,    0,    0,    0,    0,    0,    0,    0,    0,    0,    0,    0,    0,   -9,    0,    0,    0,    0,   -9,  -14,    0,
       0,    0,    0,    0,  -14,    0,  -14,    0,  -19,  -19,    0,   -5,    0,   -7,    0,    0,    0,    0,    0,    0,    0,    0,    0,    0,    0,    0,   -9,   14,    0,    0,   14,    0,    0,   -5,   -5,   -9,   -5,    0,   -7,    0,    0,    0,    0,    0,  -19,   -9,    0,    0,    0,   -9,    0,    0,   -9,   14,   -9,   14,    0,   14,   -5,    0,    0,    0,    0,    0,    0,    0,    0,   -9,    0,   -9,   23,    0,   -5,    0,    0,    0,
       0,    0,    0,   23,  -28,    0,  -28,  -14,  -23,  -23,    0,  -14,   12,   -5,    0,    0,    0,    0,    0,    0,    0,   14,    9,    0,   14,    0,   -7,   19,    0,    0,   19,    0,    0,    0,    0,    0,    0,    0,    0,    0,    0,    0,    0,    0,    0,    0,    0,   -9,    0,   -7,    0,    9,   -7,   19,   -7,   19,    0,   19,    0,    0,    0,    0,    0,    0,    0,    0,    0,  -14,    0,    0,   19,    0,    0,    9,    0,    0,
       0,    0,    0,   14,    0,  -14,    0,    0,    0,    0,    0,   14,    5,  -16,    0,    0,   14,    0,    0,    0,    0,   21,    0,    0,    9,    0,   -9,   19,    0,    0,   19,    0,    0,   -9,   -9,   -5,  -14,   -9,    0,   -9,    0,    0,    0,    0,  -19,    0,    0,   16,    0,   -9,    0,    0,   -9,   19,   -9,   19,    0,   19,   -9,    0,    0,    0,    0,    0,    0,    0,    0,  -19,    0,  -23,   19,    0,   -9,    0,    0,    0,
       0,    0,    0,  -26,    0,    0,    0,    0,    0,    0,    0,    0,    0,    0,    0,    0,    0,    0,  -21,  -14,  -33,   14,  -28,    0,  -28,    0,    0,    0,    0,    0,    0,    0,    0,    0,    0,    0,    0,   -9,    0,   -9,    0,    0,    0,    0,    0,    0,    0,    0,    0,    0,    0,    0,    0,    0,    0,    0,    0,    0,    0,    0,    0,    0,    0,    0,    0,    0,    0,   -9,    0,    0,    0,    0,    0,  -28,  -28,   -9,
       0,    0,    0,    0,    0,    0,    0,    0,    0,    0,    0,    9,    0,   -7,    0,    0,    9,    0,   -5,   -9,  -15,   23,   -5,    0,  -14,    0,    0,    0,    0,    0,    0,    0,    0,    0,    0,    0,    0,   -5,    0,   -5,    0,    0,    0,    0,   -9,    0,    0,   14,    0,    0,    0,    0,    0,    0,    0,    0,    0,    0,    0,    0,    0,    0,    0,    0,    0,    0,    0,   -9,    0,   -9,    0,    0,    0,   -5,  -14,    0,
       0,    0,    0,    0,  -23,    0,  -23,  -28,    0,    0,    0,  -19,    0,   -7,    0,    0,    0,    0,    0,    0,    0,    9,    0,    0,   14,    0,   -9,   12,    0,   -9,   12,    0,    0,    0,   -9,    0,   -5,    0,   -9,    0,   -7,    0,    0,    0,   -9,   -9,    0,  -19,    0,   -9,    0,    0,   -9,   12,   -9,   12,    0,   12,   -9,   -7,    0,    0,    0,    0,    0,    0,   -9,   -9,    0,   -5,   12,    0,    0,    0,    0,    0,
       0,    0,    0,    0,  -37,    0,  -37,  -33,  -23,  -23,    0,  -49,   -5,    0,  -12,   -5,  -16,    0,    0,   -9,   -9,   -5,   -9,    0,  -14,    0,   -9,   -5,    0,  -11,   -5,    0,    0,    0,   -9,    0,    0,    9,    0,    9,    0,    0,    0,    0,    0,    0,    0,  -68,    0,   -9,    0,    0,   -9,   -5,   -9,   -5,    0,   -5,   -9,    0,    0,   -5,    0,    0,    0,    0,  -11,    0,   -9,    0,   -5,    0,    0,   -9,    0,    0,
       0,    0,   89,    0,   64,    0,  -23,   -9,   -9,   78,    0,  -19,    0,    7,   -5,   37,   -7,    0,   -9,   -9,  -19,   -5,  -16,    0,  -23,   93,    0,    0,    0,   20,    0,    0,   29,    0,    0,    0,    0,    0,    0,    0,    0,    0,   89,    0,    0,    0,    0,  -14,   -9,    0,    0,    0,    0,    0,    0,    0,    0,    0,    0,    0,    0,    0,    0,    0,    0,    0,   20,   14,  -14,    0,    9,   29,    0,  -16,    0,    0,
       0,    0,    0,  -14,    0,  -19,    0,    0,    0,    0,    0,   23,   14,  -14,    9,    0,   19,    0,  -28,  -28,  -33,   28,  -28,    0,  -44,    0,   -5,    0,   -9,    0,    0,    0,    0,    0,    0,    0,   -9,   -9,    0,   -9,    0,    0,    0,    0,  -19,    0,    0,   28,    0,   -5,    0,    0,   -5,    0,   -5,    0,    0,    0,    0,    0,    0,    0,    0,    0,    0,    0,    0,  -23,    0,  -14,    0,    0,    0,  -28,  -26,  -14,
       0,    0,    0,    0,  -14,    0,  -14,    0,  -19,  -19,    0,    0,    0,    0,    0,    0,    0,    0,   -8,   -5,   -5,    0,    0,    0,   -9,    0,    0,    0,    0,    0,    0,    0,    0,    0,    0,    0,    0,    0,    0,    0,    0,    0,    0,    0,    0,    0,    0,    0,    0,    0,    0,    0,    0,    0,    0,    0,    0,    0,    0,    0,    0,    0,    0,    0,    0,    0,    0,   -9,   -9,   -9,    0,    0,    0,    0,    0,    0,
       0,    0,    0,   42,  -47,    0,  -47,  -33,  -23,  -23,    0,  -37,    9,    0,    0,    0,   -5,    0,    0,    0,    5,    9,    9,    0,    0,    0,  -19,    9,    0,   -9,    9,    0,    0,    0,  -14,    0,    0,   14,    0,   14,    0,    0,    0,    0,  -14,    0,    0,  -42,    0,  -19,    0,    0,  -19,    9,  -19,   28,    0,    9,  -14,    0,    0,    0,    0,    0,    0,  -14,   -9,  -14,    0,    0,    9,    0,    0,    9,   14,   14,
       0,    0,    0,    0,  -37,    0,  -37,  -33,  -14,  -14,    0,  -28,    0,   -9,    0,    0,   -5,   -5,    0,    0,    0,    0,    0,    0,   14,    0,  -19,   19,    0,  -19,   19,    0,    0,    0,  -14,    0,    0,    0,   -9,    0,   -5,    0,    0,    0,    0,    0,    0,  -37,  -23,  -19,    0,    0,  -19,   19,  -19,   19,    0,   19,  -14,   -5,    0,    0,    0,    0,    0,   -9,  -19,   -9,    0,   -5,   19,    0,    0,    0,    0,    0,
       0,    0,    0,    9,  -61,  -14,  -61,  -42,  -33,  -33,    0,  -51,   14,   -9,    0,    0,   -9,    0,    5,    0,    5,    5,   14,    0,   23,    0,  -28,   23,    0,  -28,   23,    0,    0,    0,  -23,    0,   -5,    0,   -9,    0,   -5,    0,    0,    0,  -14,  -14,    0,  -65,    0,  -28,    0,    9,  -28,   23,  -28,   23,   14,   23,  -23,   -5,    0,    0,    0,    0,    0,  -14,  -28,   -9,    0,   -9,   23,    0,    0,   14,    0,    0,
       0,    0,    0,    9,  -61,  -14,  -61,  -42,  -33,  -33,    0,  -51,   14,   -9,    0,    0,   -9,    0,    5,    0,    5,    5,   14,    0,   23,    0,  -28,   23,    0,  -28,   23,    0,    0,    0,  -23,    0,   -5,    0,   -9,    0,   -5,    0,    0,    0,  -14,  -14,    0,  -65,    0,  -28,    0,   28,  -28,   23,  -28,   23,   14,   23,  -23,   -5,    0,    0,    0,    0,    0,  -14,  -28,   -9,    0,   -9,   23,    0,    0,   14,    0,    0,
       0,    0,    0,   14,  -19,    0,  -19,    0,   -9,   -9,    0,   13,    9,  -14,    0,    0,   12,    0,    0,    0,    0,   23,   14,    0,   14,    0,   -9,   14,    0,    0,   14,    0,    0,    0,    0,    0,   -9,   -5,    0,   -5,    0,    0,    0,    0,   -9,    0,    0,    9,    0,   -9,    0,   19,    0,   14,   -9,   14,   14,   14,    0,    0,    0,    0,    0,    0,    0,    0,    0,  -19,    0,  -14,   14,    0,    0,   14,    0,    0,
       0,    9,    0,   30,  -42,  -19,  -42,  -28,  -33,  -33,    0,  -44,   14,  -12,    0,    0,    0,   -5,    9,    0,    9,   23,   14,    0,   23,    0,  -19,   23,   -8,  -23,   23,    0,    0,   -9,  -23,    0,   -9,    0,  -19,    0,   -5,    0,    0,    0,  -14,  -14,    0,  -47,    0,  -19,    0,   23,  -19,   23,  -19,   23,    0,   23,  -23,   -5,    0,    0,    0,    0,    0,  -23,  -23,  -19,    0,  -14,   51,    0,   -9,   14,    0,    0,
       0,    0,    0,    0,    0,    0,    0,    0,   -9,   -9,    0,    0,    0,    0,    0,    0,    0,    0,   -7,  -14,  -19,    0,   -9,    0,  -14,    0,    0,    0,    0,    0,    0,    0,    0,    0,    0,    0,    0,    0,    0,    0,    0,    0,    0,    0,    0,    0,    0,    0,    0,    0,    0,    0,    0,    0,    0,    0,    0,    0,    0,    0,    0,    0,    0,    0,    0,    0,    0,   -9,    0,    0,    0,    0,    0,   -9,    0,    0,
       0,    0,    0,    0,    0,    0,    0,    0,    0,    0,    0,    0,    0,    0,    0,   28,    0,    0,    0,    0,    0,    0,    0,    0,    0,    0,    0,   33,   33,    0,   33,    0,   42,    0,    0,    0,    0,    0,    0,   28,    0,    0,    0,    0,    0,    0,    0,    0,    0,    0,    0,    0,    0,   33,    0,   33,    0,   33,    0,    0,    0,    0,    0,    0,    0,    0,    0,    0,    0,    0,   33,   42,    0,    0,    0,    0,
       0,    0,    0,    0,    0,    0,    0,    0,    0,    0,    0,   28,   14,   -9,   14,   60,   14,    0,  -26,  -23,  -47,   28,  -40,    0,    0,    0,    0,   14,   28,   37,   14,    0,   19,    0,    0,    0,    0,  -23,   14,  -23,    9,    0,    0,    0,    0,    0,    0,   14,    0,    0,    0,    0,    0,   14,    0,   14,    0,   14,    0,    9,    0,    0,    0,    0,    0,    0,   37,    0,    0,    0,   14,   19,    0,  -40,    0,    0,
       0,    0,    0,  -14,    0,    0,    0,   14,    0,    0,    0,    0,    0,    0,    0,    0,    0,    0,    0,    0,    0,    0,    0,    0,  -28,    0,    0,    0,    0,    0,    0,    0,    0,    0,    5,    0,    0,    0,    0,    0,    0,    0,    0,    0,    0,    0,    0,    0,    0,    0,    0,    0,    0,    0,    0,    0,    0,    0,    5,    0,    0,    0,    0,    0,    0,    0,    0,   -9,    0,    0,    0,    0,    0,    0,  -14,    0,
       0,    0,    0,  -14,  -23,    0,  -23,    0,   -9,   -9,    0,    0,    0,    0,    0,    0,    0,    0,    0,    0,    0,    0,    0,    0,  -28,    0,    0,    0,    0,    0,    0,    0,    0,    0,    0,    0,    0,    0,   -5,    0,    0,    0,    0,    0,    0,    0,    0,    0,    0,    0,    0,    0,    0,    0,    0,    0,    0,   16,    0,    0,    0,    0,    0,   14,    0,    0,    0,   -9,    0,    0,    0,    0,    0,    0,  -14,    0,
       0,    0,    0,    0,    0,    0,    0,    0,    0,    0,    0,    0,    0,    0,    0,    0,    0,    0,    0,    0,    0,    0,    0,    0,  -19,    0,   -5,    0,    0,    0,    0,    0,    0,    0,    0,    0,    0,    9,    0,    9,    0,    0,    0,    0,    0,    0,    0,    0,    0,   -5,    0,    0,   -5,    0,   -5,    0,    0,    0,    0,    0,    0,    0,    0,    0,    0,    0,    0,    0,    0,    0,    0,    0,    0,    0,    0,    9,
       0,    0,    0,    0,    0,    0,    0,   14,    0,    0,    0,    0,    0,    0,    0,    0,    0,    0,    0,    0,    0,    0,    0,    0,    9,    0,    0,    0,    0,    0,    0,    0,    0,    0,    9,    0,    0,    0,    0,    0,    0,    0,    0,    0,    0,    0,    0,    0,    0,    0,    0,    0,    0,    0,    0,    0,    0,    0,    9,    0,    0,    0,    0,    0,    0,    0,    0,    0,    0,    0,    0,    0,    0,    0,    0,    0,
       0,    0,    0,    0,    0,    0,    0,    0,    0,    0,    0,    0,    0,    0,    0,    0,    0,    0,    0,    0,    0,    0,    0,    0,  -28,    0,   -5,   -5,    0,  -14,   -5,    0,    0,    0,    0,    0,    0,    0,    0,    0,    0,    0,    0,    0,    0,    0,    0,    0,    0,   -5,    0,    0,   -5,   -5,   -5,   -5,    0,   -5,    0,    0,    0,    0,    0,    0,    0,    0,  -14,    0,    0,    0,   -5,    0,    0,    0,    0,    0,
       0,    0,   19,   47,  -28,    0,  -28,  -14,    0,    0,   19,    0,    0,    0,    0,    0,    0,    0,    0,    0,    0,    0,    0,    0,   51,   23,   -9,   40,    0,  -14,   40,    0,    0,   -5,   -5,    5,    0,    9,    0,    9,    0,    0,   23,    0,    0,    0,    0,    0,    0,   -9,   33,   37,   -9,   40,   -9,   40,   14,   40,   -5,    0,    0,    0,    0,    0,    0,    0,  -14,    0,    0,    0,   82,    0,   -5,    0,   14,   33,
       0,   14,    0,   19,   -9,    0,  -14,   14,    0,    0,    0,    0,    0,    0,    0,    0,    0,    0,    0,    0,    0,    0,    0,    0,    0,    0,    0,    0,   42,   14,    0,   14,   49,   14,    0,   14,   23,   23,    9,   50,   14,    0,    9,    0,    0,    0,    0,    0,    0,    0,   14,   19,    0,    9,    0,    0,    0,    0,    0,   14,    0,    0,    0,    0,    0,    0,   14,    0,    0,    0,    0,   49,   14,    0,   23,   28,
       0,    0,    0,  -19,    0,    0,    0,    9,    0,    0,    0,    0,    0,    0,    0,    0,    0,    0,    0,    0,    0,    0,    0,    0,  -42,    0,    0,    0,    0,    0,    0,    0,    0,    0,    9,    0,    0,   -7,    0,   -7,    0,    0,    0,    0,    0,    0,    0,    0,    0,    0,    0,    0,    0,    0,    0,    0,    0,    0,    9,    0,    0,    0,    0,    0,    0,    0,    0,   -9,    0,    0,    0,    0,    0,    0,  -14,    0,
       0,    0,    0,    0,    0,    0,    0,    9,    0,    0,    0,    0,    0,    0,    0,    0,    0,    0,    0,    0,    0,    0,    0,    0,   19,    0,    0,    0,    0,    0,    0,    0,    0,    0,    9,    0,    0,    0,    0,    0,    0,    0,    0,    0,    0,    0,    0,    0,    0,    0,    0,    0,    0,    0,    0,    0,    0,    0,    9,    0,    0,    0,    0,    0,    0,    0,    0,    0,    0,    0,    0,    0,    0,    0,    0,    0,
       0,    0,    0,    0,    0,    0,    0,    0,   -9,   -9,    0,    0,    0,    0,    0,    0,    0,    0,    0,    0,    0,    0,    0,    0,   19,    0,    0,    0,    0,    0,    0,    0,   19,    0,    0,    0,    0,    0,    0,    0,    0,    0,    0,    0,    0,    0,    0,    0,    0,    0,    0,    0,    0,    0,    0,    0,    0,    0,    0,    0,    0,    0,    0,    0,    0,    0,    0,    0,    0,    0,    0,   19,    0,    0,    0,    0,
       0,    0,    0,    0,    0,    0,    0,    9,    0,    0,    0,    0,    0,    0,    0,    0,    0,    0,    0,    0,    0,    0,    0,    0,  -14,    0,    0,    0,    0,   19,    0,    0,    0,    0,    0,    0,    0,    0,    0,    0,    5,    0,    0,    0,    0,    0,    0,    0,    0,    0,    0,    0,   19,    0,    0,    0,    0,    0,    0,    5,    0,    0,    0,    0,    0,    0,   19,    0,    0,    0,    0,    0,    0,    0,    0,    0,
       0,    0,    0,    0,    0,    0,    0,    9,    0,    0,    0,    0,    0,    0,    0,    0,    0,    0,    0,    0,    0,    0,    0,    0,    0,    0,    0,    0,    0,    0,    0,    0,    0,    0,    9,    0,    0,    0,    0,    0,    0,    0,    0,    0,    0,    0,    0,    0,    0,    0,    0,    0,    0,    0,    0,    0,    0,    0,    9,    0,    0,    0,    0,    0,    0,    0,    0,    0,    0,    0,    0,    0,    0,    0,    0,    0,
       0,    0,   28,    0,  -14,    0,  -14,    0,    0,    0,    0,    0,    0,    0,    0,    0,    0,    0,    0,    0,    0,    0,    0,    0,  -23,    0,    0,   -5,   37,    9,    0,    0,   56,    0,   -5,    0,    0,    0,    0,   23,    0,    0,    0,    0,    0,    0,    0,    0,    0,    0,    0,    0,    0,    0,    0,    0,    0,    0,   -5,    0,    0,    0,    0,    0,    0,    0,    9,    0,    0,    0,    0,   56,    0,    0,    0,    0,
       0,    0,    0,    0,  -37,    0,  -37,  -23,    0,    0,    0,    0,    0,    0,    0,    0,    0,    0,    0,    0,    0,    0,    0,    0,  -14,    0,   -9,    0,    0,  -14,    0,    0,    0,    9,   -5,    0,    0,   14,    0,   14,    0,    0,    0,    0,    0,    0,    0,    0,    0,   -9,    0,    0,   -9,    0,   -9,    0,    0,    0,   -5,    0,    0,    0,    0,    9,    0,    0,  -14,    0,    0,    0,    0,    0,    9,    0,    0,   23,
       0,    0,    0,    0,   -9,    0,   -9,    9,   -9,   -9,    0,    0,    0,    0,    0,    0,    0,    0,    0,    0,    0,    0,    0,    0,  -19,    0,    0,    0,    0,    0,    0,    0,    0,    0,    0,    0,    0,    0,    0,    0,    0,    0,    0,    0,    0,    0,    0,    0,    0,    0,    0,    0,    0,    0,    0,    0,    0,    0,    0,    0,    0,    0,    0,    0,    0,    0,    0,  -14,    0,    0,    0,    0,    0,    0,    0,    0,
       0,    0,    0,    0,    0,    0,    0,    9,   -9,   -9,    0,    0,    0,    0,    0,    0,    0,    0,    0,    0,    0,    0,    0,    0,   -9,    0,    0,    0,    0,    0,    0,    0,    0,    0,    0,    0,    0,    0,    0,    0,    0,    0,    0,    0,    0,    0,    0,    0,    0,    0,    0,    0,    0,    0,    0,    0,    0,    0,    0,    0,    0,    0,    0,    0,    0,    0,    0,   -9,    0,    0,    0,    0,    0,    0,    0,    9,
       0,    0,    0,    0,  -28,    0,  -28,  -14,  -14,  -14,    0,    0,    0,    0,    0,    0,    0,    0,    0,    0,    0,    0,    0,    0,  -14,    0,   -5,    0,    0,  -10,    0,    0,    0,    0,   -5,    0,    0,    0,    0,    0,    0,    0,    0,    0,    0,    0,    0,    0,    0,   -5,    0,    0,   -5,    0,   -5,    0,    0,    0,   -5,    0,    0,    0,    0,    0,    0,    0,  -10,   -5,    0,    0,    0,    0,    0,    0,    0,    0,
       0,    0,    0,    0,    0,    0,    0,    0,    0,    0,    0,    0,    0,    0,    0,    0,    0,    0,    0,    0,    0,    0,    0,    0,  -29,    0,    0,    0,    0,    0,    0,    0,    0,    9,    0,    0,    9,   14,    0,   14,    0,    0,    0,    0,    0,    0,    0,    0,    0,    0,    0,    0,   14,    0,    0,    0,    0,    0,    0,    0,    0,    0,    0,    9,    0,    0,    0,   -9,    0,    0,    0,    0,    9,    0,    0,   14,
       0,    0,  -14,    0,    0,    0,    0,    0,    0,    0,    0,    0,    0,    0,    0,    0,    0,    0,    0,    0,    0,    0,    0,    0,  -28,    0,    0,    0,    0,    0,    0,    0,    0,    0,   -5,    0,    0,    9,    0,    9,    0,    0,    0,    0,    0,    0,    0,    0,    0,    0,    0,    0,   14,    0,    0,    0,    0,    0,   -5,    0,    0,    0,    0,    0,    0,    0,    0,  -15,    0,    0,    0,    0,    0,    0,    0,    9,
       0,    0,    0,    0,    0,    0,    0,    0,    0,    0,    0,    0,    0,    0,    0,   28,    0,    0,    0,    0,    0,    0,    0,    0,    0,    0,  -19,   28,   33,    0,   28,    0,   49,    0,   -9,    0,    0,    0,    0,   19,    0,    0,    0,    0,    0,    0,    0,    0,    0,  -19,    0,    0,  -19,   28,  -19,   28,    0,   28,   -9,    0,    0,    0,    0,    0,    0,    0,   14,    0,    0,    0,   28,   49,    0,    0,    0,    0,
       0,    0,    0,    0,    0,    0,    0,    0,    0,    0,    0,    0,    0,    0,    0,   47,    0,    0,    0,    0,  -21,    0,  -12,    0,    0,    0,    0,  -14,   23,    0,  -14,    0,   28,    0,    0,    0,    0,    0,    0,    0,    0,    0,    0,    0,    0,    0,    0,    0,   23,    0,    0,    0,    0,  -14,    0,  -14,    0,  -14,    0,    0,    0,    0,    0,    0,    0,    0,    0,    0,    0,    0,  -14,   28,    0,  -12,    0,    0,
       0,    0,    0,    0,  -19,    0,  -19,    0,    0,    0,    0,    0,    0,    0,    0,    0,    0,    0,  -14,    0,   -9,    0,   -9,    0,    0,    0,    0,    0,    0,    0,    0,    0,    0,    0,    0,    0,    0,    0,    0,    0,    0,    0,    0,    0,    0,    0,    0,    0,    0,    0,    0,    0,    0,    0,    0,    0,    0,    0,    0,    0,    0,    0,    0,   14,    0,    0,    0,    0,    0,    0,    0,    0,    0,   -9,    0,    0,
       0,    0,    0,    0,    0,    0,    0,    0,    0,    0,    0,    0,    0,    0,    0,   61,    0,    0,    0,  -14,  -19,    0,  -19,    0,    0,    0,  -14,  -14,   56,    9,  -14,    0,   56,    0,    0,    0,    0,    0,    0,    0,    0,    0,    0,    0,    0,    0,    0,    0,   56,  -14,    0,    0,  -14,  -14,  -14,  -14,    0,  -14,    0,    0,    0,    0,    0,    0,    0,    0,    9,    0,    0,    0,  -14,   56,    0,  -19,    0,    0,
       0,    0,  -26,    0,  -37,    0,  -37,  -19,    0,    0,    0,  -28,   -9,    0,  -14,   -9,  -14,    0,  -14,   -9,  -19,  -19,  -28,    0,  -48,    0,    0,    0,    0,    0,    0,    0,    0,    0,    0,    0,    0,    0,    0,    0,    0,    0,    0,    0,    0,    0,    0,  -28,    0,    0,    0,    0,    0,    0,    0,    0,    0,    0,    0,    0,    0,    0,    0,    0,    0,    0,    0,   -5,    0,    0,    0,    0,    0,  -37,    0,    0,
       0,    0,    0,    0,    0,    0,    0,    0,    0,    0,    0,    0,    0,    0,    0,    0,    0,    0,    0,    0,    0,    0,    0,    0,    0,    0,    0,    0,    0,    0,    0,    0,    0,    0,    0,    0,    0,    0,    0,    0,    0,    0,    0,    0,    0,    0,    0,    0,    0,    0,    0,    0,    0,    0,    0,    0,    0,    0,    0,    0,    0,    0,    0,    0,    0,    0,    0,    0,    0,    0,    0,    0,    0,    0,  -14,    0,
       0,    0,    0,    0,    0,    0,    0,    0,    0,    0,    0,    0,    0,    0,    0,    0,    0,    0,    0,    0,    0,    0,    0,    0,  -19,    0,   -5,    0,   19,    0,    0,    0,   19,    0,    0,    0,    0,    9,    0,    9,    0,    0,    0,    0,    0,    0,    0,    0,    0,   -5,    0,    0,   -5,    0,   -5,    0,    0,    0,    0,    0,    0,    0,    0,    0,    0,    0,    0,    0,    0,    0,    0,   19,    0,    0,    0,    9,
       0,    0,    0,    0,    0,    0,    0,    9,    0,    0,    0,    0,    0,    0,    0,    0,    0,    0,    0,    0,    0,    0,    0,    0,   19,    0,    0,   19,    0,    0,   19,    0,    0,    0,    9,    0,    0,    0,    0,    0,    0,    0,    0,    0,    0,    0,    0,    0,    0,    0,    0,    0,    0,   19,    0,   19,    0,   19,    9,    0,    0,    0,    0,    0,    0,    0,    0,    0,    0,    0,   19,    0,    0,    0,    0,    0,
       0,    0,   19,   27,    0,    0,    0,    0,    0,    0,   19,    0,    0,    0,    0,    0,    0,    0,    0,    0,    0,    0,    0,    0,   42,    5,    0,   37,    0,    0,   37,    0,    0,    0,    0,    0,    0,    0,    0,    0,    0,    0,   14,    0,    0,    0,    0,    0,    0,    0,    0,   28,    0,   37,    0,   37,    0,   37,    0,    0,    0,    0,    0,    0,    0,    0,    0,    0,    0,    0,   37,    0,    0,    0,    0,   14,
       0,    0,    0,  -14,  -23,    0,  -23,    0,   -9,   -9,    0,    0,    0,    0,    0,    0,    0,    0,    0,    0,    0,    0,    0,    0,  -28,    0,    0,    0,    0,    0,    0,    0,    0,   19,    0,    9,   19,   19,   -5,   19,    0,    0,    0,    0,    0,    0,    0,    0,    0,    0,    0,    0,    0,    0,    0,    0,    0,   16,    0,    0,    0,    0,    0,   14,    0,    0,    0,   -9,    0,    0,    0,    0,   19,    0,  -14,    0,
       0,    0,    0,  -23,    0,    0,    0,    0,    0,    0,  -14,   16,    5,  -19,    9,   65,   19,    0,  -28,  -23,  -56,   30,  -33,    0,  -75,    0,    0,    0,   56,   37,    0,   -9,   70,   -9,    0,   -9,   -7,  -28,    0,  -28,    0,    0,    0,    0,  -14,    0,    0,   23,    0,    0,   -9,   -9,   14,    0,    0,    0,    0,    0,    0,    0,    0,    0,    0,    0,    0,    0,   37,   -9,   -9,  -14,  -14,   70,   -9,  -33,  -47,  -37,
       0,    0,    0,  -14,    0,    0,    0,   14,    0,    0,    0,    0,    0,    0,    0,    0,    0,    0,    0,    0,    0,    0,    0,    0,  -28,    0,    0,    0,   65,   19,    0,    0,   75,    0,    5,    0,    0,    0,    0,    0,    0,    0,    0,    0,    0,    0,    0,    0,    0,    0,    0,    0,    0,    0,    0,    0,    0,    0,    5,    0,    0,    0,    0,    0,    0,    0,   19,   -9,    0,    0,    0,   75,    0,    0,  -14,    0,
       0,    0,   42,   61,    0,    0,    0,    0,    0,    0,   42,    0,    0,    0,    0,    0,    0,    0,    0,    0,    0,    0,    0,    0,   61,   28,    0,   61,   19,   14,   61,   23,   23,   28,    0,   19,   19,   23,   14,   23,   14,    0,   37,    0,    0,    0,    0,    0,    0,   14,   23,    0,    0,   61,   19,   61,    0,   61,   19,   37,    0,    0,    0,    0,   23,    0,   14,    0,    0,    0,   61,   23,   28,    0,   28,   47,
       0,    0,    0,   14,    0,    0,    0,    0,  -14,  -14,    0,   -5,    0,   -5,    0,   47,    0,    0,    0,   -5,    0,    0,    0,    0,    0,    0,   -5,    0,   47,    0,    0,    0,   58,    0,    0,    0,    0,    0,    0,    0,    0,    0,    0,    0,    0,    0,    0,    0,    0,   -5,    0,    0,   -5,    0,   -5,    0,    0,    0,    0,    0,    0,    0,    0,    0,    0,    0,    0,    0,   -5,    0,    0,   58,    0,    0,    0,    0,
       0,    0,    0,    0,    0,    0,    0,    0,    0,    0,    0,    0,    0,    0,    0,    0,    0,    0,    0,    0,    0,    0,    0,    0,  -28,    0,   -5,   -5,   42,  -14,   -5,    0,   44,    0,    0,    0,    0,    0,    0,    0,    0,    0,    0,    0,    0,    0,    0,    0,    0,   -5,    0,    0,   -5,   -5,   -5,   -5,    0,   -5,    0,    0,    0,    0,    0,    0,    0,    0,  -14,    0,    0,    0,   -5,   44,    0,    0,    0,    0,
       0,    0,    0,    0,  -14,    0,  -14,    0,  -19,  -19,    0,   -5,    0,   -7,    0,    0,    0,    0,    0,    0,    0,    0,    0,    0,    0,    0,   -9,   14,    0,    0,   14,    0,    0,    5,   -5,   -5,    9,   23,   -7,   23,    0,    0,    0,    0,  -19,   -9,    0,    0,    0,   -9,    0,    0,   -9,   14,   -9,   14,    0,   14,   -5,    0,    0,    0,    0,    0,    0,    0,    0,   -9,    0,   -9,   23,    0,    5,    0,    0,    0,
       0,    0,    0,    0,  -14,    0,  -14,    0,  -19,  -19,    0,   -5,    0,   -7,    0,   54,    0,    0,    0,    0,    0,    0,    0,    0,    0,    0,   -9,   14,   54,    0,   14,    0,   63,   -5,   -5,   -9,   -5,    0,   -7,    0,    0,    0,    0,    0,  -19,   -9,    0,    0,    0,   -9,    0,    0,   -9,   14,   -9,   14,    0,   14,   -5,    0,    0,    0,    0,    0,    0,    0,    0,   -9,    0,   -9,   23,   63,   -5,    0,    0,    0,
       0,    0,    0,    0,    0,    0,    0,    9,    0,    0,    0,    0,    0,    0,    0,    0,    0,    0,    0,    0,    0,    0,    0,    0,   19,    0,    0,    0,   51,    9,    0,    0,   61,    0,    9,    0,    0,    0,    0,    0,    0,    0,    0,    0,    0,    0,    0,    0,    0,    0,    0,    0,    0,    0,    0,    0,    0,    0,    9,    0,    0,    0,    0,    0,    0,    0,    9,    0,    0,    0,    0,   61,    0,    0,    0,    0,
       0,    0,    0,    0,    0,    0,    0,    0,    0,    0,   21,    0,    0,    0,    0,    0,    0,    0,    0,    0,    0,    0,    0,    0,    0,    0,    0,   33,    0,    0,   33,    0,    0,    0,    0,    0,    0,    0,    0,    0,    0,    0,    0,    0,    0,    0,    0,    0,    0,    0,    0,    0,    0,   33,    0,   33,    0,   33,    0,    0,    0,    0,    0,    0,    0,    0,    0,    0,    0,    0,   33,    0,    0,    0,    0,   23,
       0,    0,    0,    0,    9,    0,    9,    0,    0,    0,    0,    0,    0,    0,    0,    0,    0,    0,    0,    0,    0,    0,    0,    0,  -26,    0,    0,    0,    0,    0,    0,    0,    0,    0,    0,    0,    0,    9,    0,    9,    0,    0,    0,    0,    0,    0,    0,    0,    0,    0,    0,    0,    0,    0,    0,    0,    0,    0,    0,    0,    0,    0,    0,    0,    0,    0,    0,    0,    0,    0,    0,    0,    0,    0,    0,    0,
       0,    0,    0,    0,    0,    0,    0,    9,    0,    0,    0,    0,    0,    0,    0,    0,    0,    0,    0,    0,    0,    0,    0,    0,    0,    0,    0,    0,   23,    0,    0,    0,   28,    0,    9,    0,    0,    0,    0,    0,    0,    0,    0,    0,    0,    0,    0,    0,    0,    0,    0,    0,    0,    0,    0,    0,    0,    0,    9,    0,    0,    0,    0,    0,    0,    0,    0,    0,    0,    0,    0,   28,    0,    0,    0,    0,
       0,    0,    0,    0,    0,    0,    0,    0,    0,    0,    0,    0,    0,    0,    0,    0,    0,    0,    0,    0,    0,    0,    0,    0,    0,    0,    0,    0,   14,    0,    0,    0,    9,   19,    0,   19,   19,   23,    9,   23,    0,    0,    0,    0,    0,    0,    0,    0,    0,    0,    0,    0,    0,    0,    0,    0,    0,    0,    0,    0,    0,    0,    0,    0,    0,    0,    0,    0,    0,    0,    0,    9,   19,    0,    0,    0,
       0,    0,    0,    0,   -9,    0,   -9,    9,   -9,   -9,    0,    0,    0,    0,    0,    0,    0,    0,    0,    0,    0,    0,    0,    0,  -19,    0,    0,    0,   19,    0,    0,    0,   19,    0,    0,    0,    0,    0,    0,    0,    0,    0,    0,    0,    0,    0,    0,    0,    0,    0,    0,    0,    0,    0,    0,    0,    0,    0,    0,    0,    0,    0,    0,    0,    0,    0,    0,  -14,    0,    0,    0,   19,    0,    0,    0,    0,
       0,    0,    0,    0,    0,    0,    0,    9,   -9,   -9,    0,    0,    0,    0,    0,    0,    0,    0,    0,    0,    0,    0,    0,    0,   -9,    0,    0,    0,   19,    0,    0,    0,   19,    0,    0,    0,    0,    0,    0,    0,    0,    0,    0,    0,    0,    0,    0,    0,    0,    0,    0,    0,    0,    0,    0,    0,    0,    0,    0,    0,    0,    0,    0,    0,    0,    0,    0,   -9,    0,    0,    0,   19,    0,    0,    0,    9,
       0,    0,    0,  -14,    0,    0,    0,   14,    0,    0,    0,    0,    0,    0,    0,    0,    0,    0,    0,    0,    0,    0,    0,    0,  -28,    0,    0,    0,   68,   19,    0,    0,   75,    0,    5,    0,    0,    0,    0,    0,    0,    0,    0,    0,    0,    0,    0,    0,    0,    0,    0,    0,    0,    0,    0,    0,    0,    0,    5,    0,    0,    0,    0,    0,    0,    0,   19,   -9,    0,    0,    0,   75,    0,    0,  -14,    0,
       0,   19,    0,   23,    0,  -14,    0,    0,    0,    0,    0,   14,    0,    0,    9,   14,   14,    0,   14,    9,   19,   26,   23,    9,    9,    0,    0,    0,    0,    0,    0,    0,    0,    0,    0,    0,    0,    0,    0,    0,    0,    0,    0,    0,    0,    0,    0,    0,    0,    0,    0,    0,    0,    0,    0,    0,    0,    0,    0,    0,    0,    0,   14,    0,    0,    0,    0,    0,    0,    0,    0,    0,    0,   23,    0,    0,
       0,    0,    0,    9,  -23,    0,  -23,   -9,   -9,   -9,    0,  -19,    0,    7,    0,    0,    0,    0,    0,    0,   12,   12,   14,    0,   26,    0,    0,   14,    0,    0,   14,    0,    0,    0,    0,    0,    0,    0,    0,    0,    0,    0,    0,    0,    0,    0,    0,    0,    0,    0,    0,    0,    0,   14,    0,   14,    0,   14,    0,    0,    0,    0,    0,    0,    0,    0,    0,    0,    0,    0,   14,    0,    0,   14,    0,    0,
       0,   14,    0,   19,  -14,    0,  -14,    0,    0,    0,    9,    0,    0,    0,    0,    0,    0,    0,    0,    0,    0,    0,    0,    0,    0,    0,    0,    0,   14,    0,    0,    0,    0,   19,    0,    0,   14,    9,    0,    9,    0,    0,    0,    0,    0,    0,    0,    0,    0,    0,    0,    0,    0,    0,    0,    0,    0,    0,    0,    0,    0,    0,    0,   14,    0,    0,    0,    0,    0,    0,    0,    0,   19,    0,    9,   14,
       0,    0,   51,   47,  -37,    0,  -37,  -33,  -14,  -14,   36,  -28,    0,    0,   37,    0,   19,    9,   42,   37,   47,   51,   51,    0,   70,   33,  -19,   61,    0,  -19,   61,    9,    0,    0,  -14,    0,    0,    0,   -9,    0,   -5,    0,   37,    0,    0,    0,    0,    0,    0,  -19,    9,    0,  -19,   61,  -19,   61,    0,   61,  -14,   -5,    0,    0,    0,    0,    0,    0,  -19,    0,    0,    0,   61,    0,    0,   51,   28,   40,
       0,   19,    0,   28,    0,    0,    0,    0,    0,    0,   14,    0,    0,    0,    0,    0,    0,    0,    0,    0,    0,    0,    0,    0,    0,    0,    0,    0,    9,    0,    0,    0,    0,    0,    0,    0,    0,   14,    0,   14,    0,    0,    0,    0,    0,    0,    0,    0,    0,    0,    0,    0,    0,    0,    0,    0,    0,    0,    0,    0,    0,    0,    0,   23,    0,    0,    0,    0,    0,    0,    0,    0,    0,    0,   14,   14,
       0,   42,    0,   51,  -33,  -14,  -33,  -19,  -14,  -14,   23,  -23,    0,   14,   35,   19,    9,   19,   37,   37,   41,   42,   47,   28,   40,    0,   -9,   37,    0,  -14,   37,    0,    0,    0,    0,    0,    0,    0,    0,    0,    0,    0,    0,    0,    0,    0,    0,  -33,    0,   -9,    0,    0,   -9,   37,   -9,   37,    0,   37,    0,    0,   23,   19,   33,    0,    0,    0,  -14,    0,   19,    0,   37,    0,    0,   47,   23,   23,
       0,  100,   11,  103,    0,    0,    0,    0,    0,    0,    0,    0,    0,    0,    0,    0,    0,    0,    0,    0,    0,    0,    0,    0,  121,   79,    0,    6,   52,    0,    6,    0,    0,    0,    0,    0,    0,    0,    0,    0,    0,   79,   91,    0,    0,    0,    0,    0,    0,    0,    0,    0,    0,    6,    0,    6,    0,    6,    0,    0,    0,    0,    0,   21,    0,    0,    0,    0,    0,    0,    6,    0,    0,    0,   75,   93,
       0,    0,    0,    0,  -14,    0,  -14,   -9,    0,    0,    0,   -9,    0,    0,    0,    0,    0,    0,    0,    0,    0,    0,    0,    0,    0,    0,    0,    0,    0,   -9,    0,    0,    0,    0,    0,    0,    0,    0,    0,    0,    0,    0,    0,    0,    0,    0,    0,    0,    0,    0,    0,    0,    0,    0,    0,    0,    0,    0,    0,    0,    0,    0,    0,    0,    0,    0,   -9,  -14,    0,   -5,    0,    0,    0,    0,    0,    0,
       0,    0,    0,    0,    0,    0,    0,    0,    0,    0,    0,    0,    0,    0,    0,    0,    0,    0,  -19,  -23,  -28,    0,  -26,    0,    0,    0,   -5,    0,    0,    0,    0,    0,    0,    0,    0,    0,    0,    0,    0,    0,    0,    0,    0,    0,    0,    0,    0,    0,    0,   -5,    0,    0,   -5,    0,   -5,    0,    0,    0,    0,    0,    0,    0,    0,    0,    0,    0,    0,    0,  -19,    0,    0,    0,    0,  -26,    0,    0,
       0,    0,    0,    0,    0,    0,    0,    0,    0,    0,    0,    0,    0,    0,    0,    0,    0,    0,    0,    0,    0,    0,    0,    0,    0,    0,    0,    0,    0,    0,    0,    0,    0,    9,    0,    0,    0,   14,    0,   14,    0,    0,    0,    0,    0,    0,    0,    0,    0,    0,    0,    0,    0,    0,    0,    0,    0,    0,    0,    0,    0,    0,    0,    0,    0,    0,    0,    0,    0,    0,    0,    0,    9,    0,    0,    0,
       0,   14,    0,   19,    5,    0,  -14,   14,    0,    0,    0,    0,    0,    0,    0,    0,    0,    0,    0,    0,    0,    0,    0,    0,    0,    0,    0,    0,   42,   14,    0,   14,   49,   14,    0,   14,   23,   23,    9,   50,   14,    0,    9,    0,    0,    0,    0,    0,    0,    0,   14,   19,    0,    9,    0,    0,    0,    0,    0,   14,    0,    0,    0,    0,    0,    0,   14,    0,    0,    0,    0,   49,   14,    0,   23,   28,
       0,    0,    0,  -14,  -23,    0,  -23,    0,   -9,   -9,    0,    0,    0,    0,    0,    0,    0,    0,    0,    0,    0,    0,    0,    0,  -28,    0,    0,    0,   14,    0,    0,    0,   28,    0,    0,    0,    0,    0,   -5,    0,    0,    0,    0,    0,    0,    0,    0,    0,    0,    0,    0,    0,    0,    0,    0,    0,    0,   16,    0,    0,    0,    0,    0,   14,    0,    0,    0,   -9,    0,    0,    0,   28,    0,    0,  -14,    0,
       0,    0,    0,    0,    0,    0,    0,    0,    0,    0,    0,    0,    0,    0,    0,    0,    0,    0,    0,    0,    0,    0,    0,    0,    0,    0,    0,    0,   37,    0,    0,    0,   47,    0,    0,    0,    0,   23,    0,   23,    0,    0,    0,    0,    0,    0,    0,    0,    0,    0,    0,    0,    0,    0,    0,    0,    0,    0,    0,    0,    0,    0,    0,    0,    0,    0,   28,    0,    0,    0,    0,   47,    0,    0,    0,    0,
       0,    0,    0,    0,    0,    0,    0,    9,   -9,   -9,    0,    0,    0,    0,    0,    0,    0,    0,    0,    0,    0,    0,    0,    0,   -9,    0,    0,    0,    0,    0,    0,    0,    9,    0,    0,    0,    0,    0,    0,    0,    0,    0,    0,    0,    0,    0,    0,    0,    0,    0,    0,    0,    0,    0,    0,    0,    0,    0,    0,    0,    0,    0,    0,    0,    0,    0,    0,   -9,    0,    0,    0,    9,    0,    0,    0,    9,
       0,    0,    0,    0,    0,    0,    0,    0,    0,    0,    0,    0,    0,    0,    0,    0,    0,    0,    0,    0,    0,    0,    0,    0,  -19,    0,    0,    0,   33,    0,    0,    0,   56,    0,    0,    0,    0,    9,    0,    9,    0,    0,    0,    0,    0,    0,    0,    0,    0,    0,    0,    0,    0,    0,    0,    0,    0,    0,    0,    0,    0,    0,    0,    0,    0,    0,    0,    0,    0,    0,    0,   56,    0,    0,    0,    0,
       0,  -19,    0,  -23,    0,    0,    0,    0,    0,    0,    0,    0,    0,    0,    0,    0,    0,    0,    0,    0,    0,    0,    0,    0,  -19,    0,    0,    0,    0,    0,    0,    0,    0,    0,    9,    0,    0,  -23,    0,  -23,    0,    0,    0,    0,    0,    0,    0,    0,    0,    0,    0,    0,    0,    0,    0,    0,    0,    0,    9,    0,    0,    0,    0,    0,    0,    0,    0,  -19,    0,    0,    0,    0,    0,    0,  -19,    0,
       0,    0,    5,    0,    0,    0,    0,    0,    0,    0,    0,    0,    0,    0,    0,    0,    0,    0,    0,    0,    0,    0,    0,    0,  -28,   28,    0,    0,   37,    0,    0,    0,    0,    0,   -5,    0,    0,    9,    0,    9,    0,    0,   23,    0,    0,    0,    0,    0,    0,    0,    0,    0,   14,    0,    0,    0,    0,    0,   -5,    0,    0,    0,    0,    0,    0,    0,    0,  -15,    0,    0,    0,   54,    0,    0,    0,    9,
       0,    0,   14,    0,    0,    0,    0,    0,    0,    0,    0,    0,    0,  -14,   -9,   79,    0,   -9,  -19,  -23,  -29,    0,  -19,    0,    0,   19,    0,    0,    0,    0,    0,    0,    0,    0,    0,    0,    0,    0,    0,    0,    0,    0,   19,    0,    0,    0,    0,    0,    0,    0,    0,    0,    0,    0,    0,    0,    0,    0,    0,    0,    0,  -23,    0,    0,    0,    0,    0,    0,    0,    0,    0,    0,    0,  -19,    0,    0,
       0,    0,   13,    0,    0,    0,    0,    0,    0,    0,    0,    0,    0,    0,    0,    0,    0,    0,    0,    0,    0,    0,    0,    0,    0,   19,    0,    0,   25,    0,    0,    0,    0,    0,    0,    0,    0,    0,    0,    0,    0,    0,   37,    0,    0,    0,    0,    0,    0,    0,    0,    0,    0,    0,    0,    0,    0,    0,    0,    0,    0,    0,    0,    0,    0,    0,    0,  -17,    0,    0,    0,    0,    0,    0,    0,    0,
       0,    9,    0,   30,  -42,  -19,  -42,  -28,  -33,  -33,    0,  -44,   14,  -12,    0,    0,    0,   -5,    9,    0,    9,   23,   14,    0,   23,    0,  -19,   23,   -8,  -23,   23,    0,    0,    0,  -23,    0,    0,   14,  -23,   14,   -5,    0,    0,    0,  -14,  -14,    0,  -47,    0,  -19,    0,   23,  -19,   23,  -19,   23,    0,   23,  -23,   -5,    0,    0,    0,    0,    0,  -23,  -23,  -19,    0,  -14,   51,    0,    0,   14,    0,    0,
       0,    0,    0,    0,  -28,   28,  -28,  -14,  -14,  -14,    0,    0,    0,    0,    0,    0,    0,    0,    0,    0,    0,    0,    0,    0,  -14,    0,   19,    0,    0,  -10,    0,    0,    0,    0,   -5,    0,    0,    0,    0,    0,    0,    0,    0,    0,   23,    0,    0,    0,    0,   19,    0,    0,   19,    0,   19,    0,    0,    0,   -5,    0,    0,    0,    0,    0,    0,    0,  -10,   -5,    0,    0,    0,    0,   23,    0,    0,    0,
      -9,    0,    0,    0,  -47,    0,  -47,    0,    0,    0,    0,  -51,    0,   -9,  -19,    0,  -19,  -14,    0,  -14,  -14,    0,    0,    0,    0,    0,  -37,    0,  -14,  -40,    0,    0,    0,   -5,  -33,    0,    0,    0,   -9,    0,  -14,    0,    0,  -23,    0,    0,  -47,  -51,    0,  -37,    0,    0,  -37,    0,  -37,    0,    0,    0,  -33,  -14,    0,    0,    0,    0,   -9,    0,  -40,    0,    0,    0,    0,    0,   -5,    0,    0,    0,
     -19,    0,    0,    0,  -84,    0,  -84,    0,    0,    0,  -14,  -70,    0,  -28,  -23,  -19,  -23,  -19,  -14,  -23,  -14,  -14,   -9,   -9,    0,    0,  -47,   -9,  -23,  -54,   -9,  -14,    0,   -9,  -37,    0,  -14,    0,  -14,    0,  -14,    0,    0,    0,    0,    0,    0,  -70,    0,  -47,  -14,    0,  -47,   -9,  -47,   -9,    0,   -9,  -37,  -14,    0,  -12,    0,    0,  -19,    0,  -54,    0,    0,    0,   -9,    0,   -9,   -9,    0,    0,
       0,    0,    0,    0,    0,    0,    0,    0,    0,    0,    0,   13,    9,  -14,   14,   51,    0,    0,  -23,  -19,  -47,   19,  -28,    0,    0,    0,    0,    0,   47,    9,    0,   -9,   49,    0,    0,   -9,   -9,  -23,    0,   -5,    0,    0,    0,    0,  -19,    0,    0,   14,    0,    0,   -9,    0,    0,    0,    0,    0,    0,    0,    0,    0,    0,    0,    0,    0,    0,    0,   33,    0,    0,    0,    0,   49,    0,  -28,  -47,  -47,
};

static const EpdLigaturePair bookerly_14_bolditalicLigaturePairs[] = {
    { 0x00660066, 0xFB00 }, // f f -> U+FB00
    { 0x00660069, 0xFB01 }, // f i -> U+FB01
    { 0x0066006C, 0xFB02 }, // f l -> U+FB02
    { 0xFB000069, 0xFB03 }, // U+FB00 i -> U+FB03
    { 0xFB00006C, 0xFB04 }, // U+FB00 l -> U+FB04
};

static const EpdFontData bookerly_14_bolditalic = {
    bookerly_14_bolditalicBitmaps,
    bookerly_14_bolditalicGlyphs,
    bookerly_14_bolditalicIntervals,
    40,
    38,
    31,
    -8,
    true,
    bookerly_14_bolditalicGroups,
    10,
    bookerly_14_bolditalicKernLeftClasses,
    bookerly_14_bolditalicKernRightClasses,
    bookerly_14_bolditalicKernMatrix,
    681,
    696,
    100,
    76,
    bookerly_14_bolditalicLigaturePairs,
    5,
};
