/**
 * generated by fontconvert.py
 * name: bookerly_12_regular
 * size: 12
 * mode: 2-bit  compressed: true
 * Command used: /mnt/Data/Projects/github/crosspoint-reader-vi/lib/EpdFont/scripts/fontconvert.py bookerly_12_regular 12 /mnt/Data/Projects/github/crosspoint-reader-vi/lib/EpdFont/scripts/../builtinFonts/source/Bookerly/Bookerly-Regular.ttf --additional-intervals 0x0180,0x024F --additional-intervals 0x1E00,0x1EFF --2bit --compress
 */
#pragma once
#include "EpdFontData.h"

static const uint8_t bookerly_12_regularBitmaps[27146] = {
    0x8D, 0x58, 0x4D, 0x88, 0x1C, 0xC7, 0x15, 0x7E, 0xDD, 0xA5, 0x55, 0x63, 0x37, 0x76, 0xED, 0xC1,
    0x0A, 0xC1, 0x2B, 0xA9, 0x7D, 0xC8, 0x41, 0x31, 0xBB, 0xDB, 0x39, 0xF8, 0xA0, 0xC0, 0xCC, 0x74,
    0xD9, 0x3E, 0xE8, 0xE0, 0x83, 0x97, 0xB0, 0x63, 0x43, 0x74, 0x70, 0x8E, 0xB6, 0xC1, 0x59, 0x1F,
    0x14, 0x10, 0x61, 0x76, 0xA7, 0x6D, 0x1D, 0x7D, 0xB0, 0x02, 0x4E, 0x2E, 0x39, 0x04, 0x02, 0x81,
    0x68, 0x8D, 0x91, 0x0E, 0x8B, 0x59, 0x43, 0x6B, 0xBA, 0x56, 0x3A, 0xE8, 0x20, 0x88, 0x5B, 0x51,
    0x44, 0x0E, 0x22, 0xA8, 0x15, 0x9B, 0x38, 0x48, 0x84, 0x2D, 0x9B, 0x76, 0xD2, 0xBB, 0xEA, 0xE9,
    0xCA, 0xF7, 0x6A, 0x66, 0x25, 0xD9, 0x92, 0x9C, 0xCC, 0xF4, 0xCE, 0x4C, 0x57, 0x75, 0xBD, 0x7A,
    0x3F, 0xDF, 0xFB, 0xDE, 0xAB, 0x3D, 0x92, 0x35, 0x75, 0x5D, 0x57, 0x78, 0x6D, 0x6C, 0x9C, 0x38,
    0x41, 0x74, 0x72, 0xDC, 0xCC, 0x1E, 0x59, 0xBC, 0x79, 0xE7, 0xD8, 0xBF, 0x0E, 0x6F, 0xFC, 0xF2,
    0xCA, 0x6D, 0xF1, 0xC1, 0x3E, 0x7A, 0xD2, 0xD7, 0xF4, 0x84, 0x48, 0xE9, 0x90, 0x50, 0x34, 0x1F,
    0x92, 0xB4, 0xB6, 0x99, 0xF9, 0xE4, 0xB5, 0x65, 0x3A, 0xF1, 0x04, 0xD1, 0xB9, 0x83, 0x44, 0x66,
    0x9E, 0x0E, 0x7C, 0xBD, 0xBA, 0x34, 0xB4, 0xB6, 0xF4, 0xF5, 0x09, 0x12, 0xFA, 0x1C, 0x89, 0xD4,
    0x50, 0xA0, 0x4A, 0xA2, 0xC7, 0x88, 0x0E, 0x11, 0xE1, 0xA1, 0x05, 0xF2, 0x6D, 0x25, 0x3F, 0x6A,
    0x16, 0x0F, 0x76, 0xBB, 0x07, 0xE7, 0xBB, 0x07, 0x29, 0x3E, 0x48, 0xB2, 0x21, 0x61, 0x15, 0x0D,
    0x0D, 0xFD, 0xB0, 0x99, 0x3D, 0xDA, 0x3D, 0x71, 0xB4, 0xBB, 0x79, 0xB4, 0x73, 0xFE, 0x68, 0x96,
    0x58, 0x13, 0xDA, 0x94, 0x9E, 0xA3, 0xE9, 0x05, 0xB5, 0x7E, 0x46, 0x93, 0xD7, 0x0C, 0xD1, 0x11,
    0x0A, 0xC6, 0xD8, 0xC4, 0xFB, 0xBA, 0xA2, 0x73, 0xD4, 0x09, 0xF4, 0x61, 0x0A, 0x74, 0x47, 0x68,
    0x3A, 0x29, 0xB0, 0x79, 0x90, 0x76, 0x24, 0x8C, 0x10, 0x17, 0xF4, 0xAC, 0xD0, 0x9B, 0x47, 0x63,
    0x13, 0xBF, 0x16, 0xCA, 0xDF, 0x6A, 0xBB, 0x75, 0xA5, 0xEC, 0x92, 0xEA, 0x2C, 0x78, 0x25, 0x85,
    0xA2, 0x38, 0x4C, 0x54, 0x76, 0xF0, 0x73, 0x5E, 0x14, 0x8B, 0x58, 0xB2, 0x88, 0xD5, 0x86, 0x76,
    0x36, 0xA1, 0x64, 0xD0, 0x12, 0xAC, 0x9D, 0xA1, 0xFB, 0x5F, 0xC3, 0x82, 0x28, 0xBC, 0x8D, 0x8F,
    0x41, 0x98, 0x92, 0x5F, 0x62, 0xB1, 0x54, 0x1B, 0x44, 0x3D, 0xAC, 0xA2, 0xAC, 0x43, 0xE4, 0x19,
    0x45, 0x14, 0x95, 0x51, 0xEB, 0xDD, 0x29, 0x86, 0x95, 0x7C, 0x49, 0x2F, 0xD0, 0x40, 0xEA, 0x13,
    0xBE, 0x91, 0x17, 0x8A, 0x50, 0xCB, 0xEB, 0x14, 0xB1, 0xA5, 0x09, 0xC9, 0x9A, 0x86, 0xBF, 0xB1,
    0xAD, 0x1A, 0xDA, 0x2B, 0x56, 0xCD, 0x2C, 0xD1, 0xEC, 0xB3, 0xB7, 0xDF, 0xFA, 0xF8, 0xFA, 0x53,
    0xF4, 0x7D, 0x1A, 0x90, 0x11, 0x45, 0x98, 0x4A, 0x5A, 0xA4, 0x2E, 0x75, 0x70, 0xBB, 0x49, 0xB5,
    0x7B, 0x6F, 0x52, 0x86, 0xBB, 0x1E, 0xC5, 0x24, 0xD3, 0x40, 0x0B, 0x43, 0x0D, 0xA6, 0xE9, 0x07,
    0x18, 0xC1, 0x7D, 0xE1, 0x1B, 0xAA, 0xF0, 0x40, 0xD7, 0x3D, 0x10, 0x63, 0x1B, 0x7E, 0xEF, 0x89,
    0xA8, 0x3C, 0x27, 0x73, 0x91, 0x8E, 0x4E, 0xAC, 0x38, 0x2C, 0x2E, 0xAB, 0x5D, 0x1D, 0xD8, 0x17,
    0x76, 0x3F, 0xBB, 0x4D, 0xBF, 0x2F, 0x08, 0x16, 0x60, 0xC6, 0xC0, 0x93, 0x24, 0xE9, 0xC0, 0x6A,
    0xDF, 0xDA, 0x2F, 0x5F, 0xBD, 0xA6, 0xE0, 0xBC, 0x8E, 0x1B, 0x4D, 0xB1, 0x64, 0x10, 0x14, 0xAB,
    0xA1, 0xAE, 0x23, 0xA1, 0x67, 0xA9, 0xBF, 0x6C, 0xC7, 0xEB, 0x7F, 0x5C, 0x8C, 0x2E, 0x9A, 0x59,
    0xF7, 0xC8, 0x49, 0xC2, 0xDE, 0x9E, 0x21, 0xBF, 0x60, 0x09, 0x70, 0x0C, 0x56, 0x1E, 0x76, 0x33,
    0x03, 0x9E, 0xA1, 0x07, 0x66, 0xBA, 0x77, 0x03, 0x28, 0xAD, 0x0A, 0x76, 0x5B, 0xAA, 0x45, 0x05,
    0x9F, 0x9C, 0x2A, 0x28, 0x1B, 0x50, 0x70, 0x59, 0xD3, 0x6A, 0x43, 0xC1, 0x8D, 0x7B, 0x5F, 0x19,
    0x85, 0x97, 0x0A, 0x6A, 0x7A, 0x14, 0xBD, 0x50, 0x09, 0x23, 0x77, 0x1B, 0x8A, 0x5B, 0xA2, 0x03,
    0x4E, 0x48, 0x98, 0xAE, 0xD4, 0x40, 0x88, 0x57, 0xC3, 0x0D, 0xF4, 0xA8, 0x8F, 0x39, 0x7B, 0xC9,
    0x8E, 0x79, 0xBF, 0xBC, 0xA1, 0x36, 0xD7, 0x99, 0x5F, 0x77, 0x29, 0x91, 0x24, 0xB5, 0x12, 0x25,
    0x79, 0x50, 0xB1, 0x41, 0xF8, 0x88, 0xCE, 0xDF, 0x77, 0xF1, 0x6D, 0x7F, 0x39, 0xB1, 0xF6, 0x3D,
    0x6B, 0x0B, 0x7A, 0x8A, 0x62, 0x2B, 0x76, 0x6D, 0x4C, 0xD9, 0xDB, 0x78, 0x3C, 0xD0, 0x08, 0x61,
    0x60, 0x3C, 0xAB, 0x22, 0x9B, 0xCE, 0x26, 0x0A, 0x77, 0x90, 0x00, 0x51, 0xB1, 0x12, 0xF5, 0x4F,
    0xED, 0xBB, 0xB6, 0xA2, 0xE5, 0x29, 0x60, 0x7C, 0x08, 0x8F, 0x80, 0x17, 0x60, 0x5B, 0x8E, 0x21,
    0xB5, 0x22, 0x71, 0xB5, 0xA0, 0x9E, 0x54, 0xBE, 0xE9, 0x22, 0x42, 0x15, 0x55, 0x2E, 0xDA, 0x0A,
    0x1B, 0x55, 0x43, 0xDE, 0x49, 0x14, 0x8C, 0xA9, 0x89, 0x8F, 0xB0, 0xD6, 0x53, 0x2C, 0x45, 0x58,
    0xCB, 0x97, 0xF3, 0x22, 0x5F, 0x7F, 0xA1, 0xC0, 0xA6, 0x01, 0xB6, 0x09, 0xA0, 0xF8, 0x08, 0xF8,
    0xDB, 0xBB, 0xE0, 0xB0, 0xFA, 0x7B, 0x79, 0x09, 0xF7, 0xCC, 0xF0, 0xC2, 0x7D, 0xE4, 0xE5, 0x85,
    0xDF, 0x2E, 0x89, 0x9A, 0x44, 0xE5, 0x0C, 0xAD, 0x89, 0xD6, 0xD6, 0x61, 0x4C, 0x2D, 0x8B, 0xE1,
    0xA9, 0x52, 0x98, 0x9A, 0x56, 0x01, 0xA0, 0xF7, 0xB5, 0xF8, 0x7B, 0xE5, 0x21, 0x06, 0x4D, 0xB8,
    0x3B, 0xA6, 0x21, 0x84, 0x2E, 0xF1, 0xB6, 0x48, 0xEF, 0x4B, 0xC0, 0x82, 0xF1, 0xEA, 0x13, 0x94,
    0x1D, 0x64, 0x95, 0xB0, 0x45, 0x44, 0xEC, 0x55, 0xB8, 0x80, 0x5D, 0x67, 0x9C, 0xC4, 0x55, 0x02,
    0xE4, 0xE0, 0x4D, 0x1E, 0x62, 0xA5, 0xF7, 0x4D, 0x82, 0x1B, 0x8F, 0x29, 0x39, 0x5B, 0xF4, 0xA8,
    0x91, 0x2A, 0x12, 0x45, 0xA0, 0x1B, 0x51, 0x46, 0x57, 0x4B, 0x0F, 0x46, 0x26, 0x0D, 0xAD, 0xC6,
    0xC5, 0x2A, 0x35, 0x09, 0x45, 0xEF, 0xA7, 0xE2, 0xB3, 0x92, 0xAA, 0xF3, 0x94, 0x49, 0xEC, 0x8D,
    0x30, 0x79, 0x4B, 0x4E, 0x42, 0x5E, 0x93, 0x75, 0xA1, 0xEA, 0x21, 0x54, 0x0A, 0x00, 0xF0, 0xAA,
    0x9A, 0xBA, 0x58, 0x70, 0xAC, 0x0A, 0xF5, 0xD0, 0x1A, 0x6F, 0x7D, 0xB2, 0x73, 0xE2, 0xAE, 0xA1,
    0xDA, 0x6F, 0x9D, 0x87, 0x79, 0xB1, 0xBC, 0x64, 0x36, 0xF7, 0xFC, 0x7F, 0xB3, 0x49, 0x3C, 0x78,
    0x71, 0x2C, 0x8B, 0xCD, 0xBB, 0x59, 0x1C, 0xE8, 0xD5, 0xA0, 0xC8, 0xE4, 0x3B, 0xA6, 0xE3, 0x4D,
    0x06, 0x40, 0x16, 0x48, 0xC8, 0x02, 0x64, 0x92, 0xA4, 0xB4, 0xC6, 0x19, 0x4C, 0x1E, 0x10, 0x16,
    0x97, 0xE4, 0x37, 0x9C, 0x63, 0x44, 0xCF, 0xAE, 0x9F, 0xB1, 0xD6, 0x4C, 0xD7, 0x7B, 0xD6, 0x7E,
    0xB5, 0xBE, 0xCE, 0x69, 0xF1, 0x1C, 0xEF, 0x4C, 0x11, 0x7C, 0x8B, 0x00, 0xF3, 0xAA, 0xC6, 0x49,
    0x4A, 0xC3, 0x9A, 0x25, 0x1D, 0xD9, 0x7B, 0xBE, 0xA5, 0x64, 0x2C, 0x3E, 0xAC, 0x28, 0xD4, 0xC8,
    0x0A, 0xAF, 0x00, 0xB9, 0x44, 0x7A, 0x58, 0x43, 0xDD, 0x1D, 0x0A, 0x89, 0xDE, 0x9E, 0xAA, 0xAA,
    0x11, 0xCA, 0x80, 0xB1, 0x36, 0x7D, 0x85, 0x16, 0xEE, 0x8C, 0x78, 0xDB, 0xB0, 0x02, 0x88, 0x18,
    0x4A, 0x31, 0xE3, 0x92, 0x6A, 0xA9, 0xE6, 0x0A, 0x71, 0xB1, 0x8C, 0x72, 0xD5, 0x05, 0xDD, 0x6D,
    0xFA, 0x5F, 0xE8, 0x23, 0xA0, 0x2E, 0x18, 0xB8, 0xE9, 0xDF, 0x4E, 0xF7, 0xDB, 0x74, 0xA1, 0xF6,
    0xBF, 0xDE, 0x14, 0x97, 0xD3, 0x4E, 0x90, 0x0E, 0x36, 0x03, 0x9D, 0x45, 0xC7, 0x74, 0x92, 0xDB,
    0xA2, 0xEB, 0xB5, 0x51, 0xE9, 0x3B, 0x2B, 0x64, 0xEA, 0xE8, 0x4C, 0x91, 0x0F, 0x6C, 0x7E, 0x70,
    0xDC, 0xB0, 0x4D, 0xF0, 0x27, 0xBD, 0x79, 0x9A, 0xC7, 0x59, 0x05, 0xC1, 0xCF, 0x31, 0x74, 0x29,
    0xC7, 0xB3, 0xE2, 0x06, 0x7E, 0x2C, 0x30, 0x28, 0x0D, 0x3C, 0x12, 0xBC, 0x83, 0xC9, 0xAE, 0x03,
    0x00, 0x4C, 0x0A, 0x7F, 0xBD, 0x82, 0x14, 0xB0, 0xA0, 0xCB, 0xDD, 0xF5, 0x06, 0xE0, 0x05, 0xCE,
    0x06, 0x58, 0x8E, 0xE9, 0x50, 0xC3, 0x85, 0xF9, 0x67, 0xB6, 0x90, 0xB6, 0x98, 0x59, 0x5F, 0x02,
    0x9E, 0x74, 0xB4, 0x95, 0x53, 0xE6, 0x23, 0x84, 0x52, 0x65, 0xC4, 0x5F, 0xB8, 0x2B, 0x43, 0xDB,
    0x50, 0x6E, 0x71, 0x17, 0x69, 0x70, 0x58, 0xA8, 0x45, 0x99, 0x51, 0x2F, 0xD4, 0x08, 0x92, 0xD7,
    0xC4, 0x77, 0x2C, 0xD6, 0xA9, 0x09, 0x63, 0xFC, 0x01, 0xC0, 0x6F, 0xC4, 0xCE, 0x6B, 0x1A, 0xE4,
    0x17, 0x11, 0x5C, 0x40, 0xF3, 0x80, 0x40, 0xA8, 0x5D, 0xBE, 0x02, 0x80, 0x9C, 0xC8, 0x7C, 0x87,
    0x04, 0x0E, 0xA0, 0x22, 0x62, 0x80, 0xC0, 0xEC, 0x0F, 0x50, 0x8E, 0x42, 0x98, 0x07, 0x64, 0xCD,
    0xAC, 0x9F, 0x86, 0xAA, 0xB6, 0xF0, 0x9A, 0x57, 0x2C, 0xBC, 0x19, 0xB2, 0xFE, 0x23, 0xB8, 0x44,
    0x62, 0x63, 0xBF, 0x02, 0x8A, 0xC1, 0x72, 0x14, 0xBD, 0x0B, 0xD6, 0x2B, 0x32, 0x24, 0x4C, 0xCC,
    0x4C, 0x8F, 0x6C, 0xE7, 0x27, 0xA0, 0xAF, 0xD4, 0xA0, 0x56, 0x1D, 0x5B, 0x9B, 0xB2, 0xB9, 0xEE,
    0xD5, 0xEF, 0xF7, 0x5F, 0x46, 0x15, 0x8C, 0x6E, 0x7D, 0x08, 0x09, 0xF3, 0xA1, 0xF6, 0xF0, 0xB5,
    0xA7, 0x50, 0x78, 0xAB, 0x85, 0x59, 0xE5, 0xDE, 0x9D, 0xFB, 0x7A, 0x1C, 0x5F, 0x26, 0xA3, 0xC3,
    0x10, 0xB2, 0x6D, 0xED, 0x18, 0xCB, 0xA1, 0xCE, 0x95, 0x76, 0x1D, 0x5B, 0x1D, 0x82, 0xE1, 0x1C,
    0x9D, 0xCC, 0xA5, 0x53, 0x78, 0xED, 0x75, 0xDF, 0x5A, 0x90, 0x90, 0x8A, 0xDD, 0xDA, 0x7B, 0x33,
    0xF1, 0x0E, 0x4C, 0x40, 0x4C, 0xBC, 0x33, 0x28, 0x98, 0xB6, 0xF6, 0xDB, 0x57, 0xEA, 0xB0, 0xA0,
    0xCD, 0x48, 0xD1, 0x49, 0xE4, 0xE7, 0x8F, 0xE0, 0x10, 0x87, 0x12, 0xFE, 0x6B, 0xDC, 0x5F, 0x62,
    0x33, 0x7A, 0x7A, 0x0C, 0x9F, 0x0C, 0x86, 0xF8, 0x83, 0x53, 0x06, 0x80, 0xEA, 0x00, 0x5E, 0x71,
    0x5E, 0x27, 0x6F, 0x19, 0x94, 0x4E, 0xFD, 0x57, 0xAD, 0x09, 0xEC, 0x4D, 0xD0, 0x64, 0x8D, 0xAD,
    0x04, 0x6B, 0x2D, 0xD3, 0x98, 0x53, 0x1E, 0x82, 0xA6, 0x43, 0x16, 0x96, 0x43, 0xF1, 0xF6, 0xBE,
    0xA1, 0x07, 0x9F, 0x8A, 0x6B, 0x5A, 0xF9, 0x82, 0x65, 0x95, 0x5C, 0x28, 0x22, 0xD4, 0xBD, 0x47,
    0xBD, 0xE3, 0xDA, 0x8E, 0x67, 0xFA, 0xCA, 0x8E, 0xBD, 0x31, 0x5B, 0x98, 0xFD, 0x8F, 0x0F, 0xC4,
    0xB7, 0x06, 0xFD, 0x04, 0x25, 0x92, 0x72, 0xE4, 0x7C, 0xBF, 0x3C, 0xD3, 0x97, 0x56, 0xDB, 0x0A,
    0xC9, 0x51, 0xE3, 0x81, 0x55, 0x06, 0x9C, 0xA2, 0x0C, 0xDE, 0x08, 0x2F, 0xB0, 0xBB, 0x18, 0x0D,
    0x96, 0x11, 0x8C, 0x9B, 0xF0, 0x06, 0xFB, 0x1F, 0x0E, 0x08, 0x2F, 0x30, 0xDB, 0x87, 0x86, 0x1F,
    0x66, 0xB1, 0xB9, 0x8A, 0xE1, 0x43, 0xC8, 0x61, 0x32, 0x05, 0x6F, 0xC1, 0x17, 0x80, 0xAB, 0x83,
    0xFE, 0x7D, 0xA1, 0x7C, 0xF4, 0xD7, 0x93, 0x93, 0x88, 0x2E, 0xC2, 0x31, 0x37, 0xB8, 0x1F, 0x02,
    0xF5, 0xF7, 0x29, 0x41, 0xD9, 0x69, 0x29, 0x36, 0x94, 0x14, 0x34, 0xD4, 0x7E, 0x4B, 0xDE, 0xB6,
    0x92, 0x28, 0x6E, 0x2B, 0xF4, 0x63, 0x43, 0x0B, 0x03, 0xFF, 0xAF, 0x9A, 0xCE, 0x55, 0x52, 0x92,
    0xB8, 0x50, 0x1E, 0xED, 0x90, 0x0C, 0x2E, 0xE8, 0x8A, 0x3A, 0xF2, 0x65, 0x50, 0xBC, 0x59, 0x3C,
    0x29, 0x95, 0xD0, 0x3D, 0x8D, 0x72, 0x47, 0x16, 0x65, 0xFF, 0xA4, 0x5F, 0xF9, 0xC6, 0x2B, 0x05,
    0x3B, 0xEC, 0xF3, 0x19, 0x4E, 0x27, 0x80, 0xD1, 0xEA, 0xBE, 0xE2, 0x90, 0x29, 0x61, 0x6F, 0x5A,
    0xF2, 0x60, 0x00, 0x8A, 0x6C, 0x08, 0x37, 0xAA, 0x85, 0x0C, 0xF4, 0xB2, 0xD1, 0xD0, 0x86, 0x7F,
    0xA5, 0xC6, 0xD0, 0x0B, 0x06, 0x43, 0xC2, 0x60, 0x28, 0x28, 0x37, 0x70, 0xFF, 0xE7, 0x22, 0x54,
    0xF2, 0xB2, 0x5A, 0x20, 0xF9, 0x11, 0xEA, 0x7E, 0x54, 0xA1, 0x34, 0x27, 0x45, 0xFC, 0x39, 0x25,
    0x2F, 0x42, 0x2C, 0x43, 0x87, 0x90, 0x6A, 0xFB, 0xCF, 0xB0, 0xE3, 0x5A, 0x12, 0x3B, 0x73, 0x0D,
    0x41, 0xA8, 0x81, 0x57, 0x93, 0x17, 0x41, 0x12, 0x0D, 0x9E, 0x90, 0x97, 0x39, 0xCF, 0xD8, 0xFC,
    0x4F, 0xF5, 0xD4, 0xC7, 0x97, 0xE1, 0xAB, 0x06, 0xBC, 0x29, 0x4F, 0xA1, 0xD6, 0x57, 0x00, 0x58,
    0x42, 0x2D, 0x12, 0x25, 0x68, 0xCF, 0xC2, 0xCB, 0xCC, 0x2B, 0x68, 0x71, 0x68, 0x42, 0x00, 0x05,
    0x08, 0x00, 0x99, 0xD4, 0x70, 0xFC, 0x33, 0x4E, 0x2E, 0xFE, 0xC2, 0x5D, 0x4C, 0xA3, 0xBC, 0x60,
    0xC6, 0x7B, 0xC0, 0xCB, 0x80, 0xBB, 0x64, 0x26, 0x9C, 0x39, 0xE3, 0x98, 0x17, 0xC2, 0xAF, 0xE5,
    0x1A, 0xE5, 0x2C, 0x49, 0x59, 0x2B, 0x85, 0xFD, 0xD7, 0x02, 0xDE, 0x3F, 0x66, 0xCE, 0xE2, 0x65,
    0x17, 0x11, 0xED, 0x98, 0xC9, 0x20, 0xC3, 0x03, 0xC2, 0x8C, 0x98, 0xED, 0xF0, 0xD4, 0x79, 0x60,
    0x44, 0x94, 0x28, 0x85, 0x43, 0x12, 0xED, 0x59, 0x70, 0x17, 0x6A, 0x0D, 0x28, 0x82, 0x99, 0x25,
    0x66, 0xD6, 0x8B, 0x76, 0xD4, 0x94, 0x73, 0xBD, 0x11, 0x2B, 0xCB, 0x3C, 0xA1, 0xBC, 0x66, 0xAE,
    0x42, 0xCE, 0x25, 0xC4, 0x8A, 0xFA, 0x06, 0x00, 0xCF, 0xF0, 0x8E, 0x51, 0x0B, 0x43, 0x3D, 0x42,
    0x1F, 0x3B, 0x76, 0x3D, 0x85, 0xDB, 0x2E, 0xDC, 0xAA, 0x91, 0xA4, 0x71, 0x4A, 0x99, 0x70, 0x4B,
    0xD2, 0xF8, 0x9F, 0x41, 0x9D, 0x58, 0x95, 0x68, 0x57, 0xC6, 0xDF, 0x50, 0xA0, 0xAE, 0xE8, 0x5A,
    0xD6, 0xA3, 0x4E, 0x97, 0xAF, 0xE7, 0xB0, 0x33, 0xD8, 0x31, 0x04, 0x34, 0x18, 0x6D, 0x15, 0x4A,
    0xCD, 0x33, 0xB4, 0x6A, 0xA8, 0x5B, 0x71, 0xDF, 0xD3, 0xE4, 0x1F, 0x9A, 0xD8, 0x6A, 0xA4, 0xE6,
    0x01, 0x50, 0x04, 0xFC, 0x66, 0x2F, 0xDE, 0xCA, 0xD7, 0x8D, 0x91, 0x69, 0xA7, 0x23, 0x4A, 0xF9,
    0x18, 0x72, 0x4D, 0x71, 0x35, 0x76, 0x44, 0xCE, 0x65, 0x97, 0xEB, 0xF0, 0xA3, 0x07, 0xE6, 0x76,
    0x61, 0x29, 0xB6, 0x39, 0xC0, 0xF2, 0x6C, 0x05, 0xD0, 0x8C, 0xB8, 0x56, 0x61, 0xD3, 0x12, 0x90,
    0xE3, 0x06, 0xC4, 0x35, 0x8B, 0x40, 0xDB, 0x77, 0x0E, 0xA5, 0x18, 0x48, 0xB8, 0xEA, 0x0F, 0x29,
    0x4A, 0xC9, 0x6E, 0xC3, 0xF2, 0x9C, 0x99, 0x88, 0x9B, 0x8D, 0x03, 0x7D, 0xEA, 0xFF, 0xC4, 0xA2,
    0x17, 0xDB, 0x02, 0x14, 0x2B, 0xD7, 0x8F, 0xA1, 0x84, 0xB0, 0x9F, 0xF0, 0x7C, 0xA4, 0x24, 0x83,
    0x02, 0x2D, 0x61, 0xC6, 0x3D, 0x43, 0x25, 0x39, 0x30, 0xB8, 0x0B, 0xB6, 0xA0, 0xA9, 0x7C, 0x19,
    0xCB, 0x17, 0x71, 0x47, 0x6B, 0xAC, 0x37, 0x27, 0x2C, 0x97, 0x5D, 0xD7, 0x0A, 0xB9, 0x17, 0x44,
    0xE3, 0x63, 0x79, 0x68, 0x51, 0x51, 0x73, 0x0E, 0x08, 0xA4, 0x16, 0x10, 0xBE, 0x46, 0x1C, 0x13,
    0x2C, 0x90, 0x29, 0x6A, 0x8E, 0xE5, 0xEE, 0xB2, 0xF6, 0xB6, 0x53, 0x74, 0x28, 0x8D, 0x7F, 0x5D,
    0x2F, 0x82, 0xEB, 0xC4, 0x25, 0x0D, 0x13, 0xBA, 0xC1, 0xA9, 0x02, 0xE2, 0x7B, 0x48, 0x86, 0x4D,
    0x8E, 0x95, 0x67, 0x50, 0x4A, 0xE5, 0x93, 0x54, 0x41, 0x15, 0xF9, 0x16, 0x7D, 0x82, 0x5D, 0xC3,
    0x8C, 0xD6, 0xB0, 0x9D, 0x00, 0x59, 0x22, 0x5C, 0x1C, 0x40, 0x98, 0xE5, 0xB3, 0xE2, 0x74, 0x4F,
    0x89, 0x3E, 0x72, 0x24, 0x1E, 0x07, 0x15, 0x36, 0x8E, 0x34, 0x0C, 0x3A, 0xCF, 0x7C, 0x67, 0xD0,
    0xE4, 0x46, 0x9F, 0xE2, 0xB1, 0xBC, 0x74, 0xEB, 0xB1, 0x01, 0x24, 0x04, 0x5C, 0x1E, 0xBE, 0xC2,
    0x36, 0x5D, 0x46, 0x46, 0xCA, 0x4E, 0x03, 0xFC, 0xBA, 0x24, 0x91, 0x6B, 0x9E, 0xFD, 0x9D, 0xD5,
    0xB9, 0x3D, 0xB0, 0xEC, 0xF5, 0x57, 0xEC, 0x3B, 0xF6, 0x66, 0x0B, 0x6B, 0xA4, 0x16, 0x28, 0xF0,
    0xF0, 0x4D, 0x02, 0x77, 0x07, 0xDC, 0xAB, 0x34, 0xD0, 0x58, 0xFE, 0x1C, 0x4A, 0xD8, 0x29, 0x4A,
    0x39, 0x1D, 0x5C, 0xF1, 0x66, 0x62, 0x8F, 0x69, 0x32, 0x30, 0xD7, 0xA2, 0xEF, 0x00, 0x66, 0x67,
    0xFA, 0x7D, 0x1C, 0x26, 0xEC, 0xF3, 0xBB, 0xEB, 0xE3, 0x30, 0x15, 0xE5, 0x3C, 0xE4, 0x3C, 0xE3,
    0x7A, 0xCF, 0x74, 0x52, 0x13, 0x61, 0xDB, 0xDA, 0xA4, 0xA6, 0x63, 0x25, 0x37, 0x82, 0x32, 0xF5,
    0x51, 0x44, 0x25, 0x26, 0x06, 0xC0, 0x79, 0x69, 0xA7, 0x25, 0xF6, 0xD9, 0x53, 0x63, 0x74, 0x14,
    0xDF, 0x71, 0xF5, 0xF0, 0x80, 0x6B, 0xE2, 0x25, 0xF7, 0xDE, 0xDC, 0x8D, 0x82, 0x41, 0x5C, 0x4C,
    0xDD, 0x41, 0x00, 0x73, 0x8B, 0x93, 0x39, 0xE5, 0x3A, 0xD5, 0xC9, 0x9C, 0xD9, 0x9B, 0xA3, 0x37,
    0xCF, 0x9A, 0x41, 0x14, 0x6C, 0x3D, 0xEC, 0xE3, 0xDF, 0x23, 0xCB, 0x07, 0x86, 0x31, 0x23, 0xC0,
    0xBF, 0x41, 0xE2, 0x52, 0x1A, 0x9C, 0xD2, 0xD2, 0x2F, 0x22, 0x02, 0x7B, 0x55, 0x1D, 0x3A, 0xB9,
    0x49, 0x9D, 0x59, 0xDA, 0x07, 0x4D, 0x27, 0x8D, 0xB2, 0x4E, 0xBC, 0x3A, 0x28, 0x1E, 0x9F, 0x74,
    0x58, 0x79, 0xE9, 0xEF, 0x8E, 0x80, 0x2B, 0xDD, 0xE1, 0xFD, 0x06, 0x6C, 0xE6, 0x9C, 0xD5, 0xF1,
    0x2D, 0x13, 0x33, 0xC7, 0x44, 0x38, 0x80, 0xE9, 0xE1, 0x59, 0xFB, 0x5E, 0x1B, 0xEB, 0x69, 0x7B,
    0x85, 0xA6, 0xC6, 0x6F, 0x27, 0x59, 0xC2, 0xD9, 0xC2, 0x49, 0xC2, 0xC9, 0x52, 0xE7, 0x05, 0x3A,
    0xED, 0x52, 0x56, 0x91, 0x46, 0xAB, 0x99, 0xA2, 0x8D, 0xC3, 0x6C, 0x03, 0x67, 0x19, 0xB4, 0xC9,
    0xBA, 0xC6, 0x49, 0xAF, 0xF4, 0x90, 0x84, 0x32, 0x4D, 0x6E, 0x35, 0x0E, 0xFB, 0xAE, 0xCF, 0x46,
    0x57, 0xA2, 0x46, 0xF9, 0x4B, 0xBA, 0xD7, 0xA1, 0x8F, 0x0D, 0xCB, 0xEA, 0xB1, 0x60, 0x78, 0x3B,
    0x74, 0x75, 0x24, 0x46, 0xE2, 0x23, 0x97, 0x97, 0xA6, 0x6D, 0x1D, 0xF3, 0x85, 0x99, 0x84, 0x2F,
    0x9E, 0x84, 0x13, 0x61, 0x1D, 0x5A, 0x2D, 0xEF, 0x58, 0xDC, 0x34, 0x00, 0x02, 0xB4, 0xC6, 0x61,
    0x8B, 0x62, 0xEC, 0x9D, 0xF1, 0xDE, 0x4C, 0x3F, 0x60, 0x1D, 0xAF, 0xF1, 0x1A, 0xBF, 0xCD, 0x77,
    0x7D, 0x7B, 0x75, 0x4C, 0x4B, 0xFB, 0x9C, 0xB0, 0x16, 0x07, 0x1A, 0x99, 0xF6, 0x06, 0x34, 0x42,
    0x67, 0xCD, 0xAF, 0xB6, 0x22, 0xD7, 0x79, 0x01, 0xA2, 0xDC, 0xE7, 0xC7, 0x38, 0x1B, 0x61, 0x63,
    0xFC, 0xE1, 0x50, 0x70, 0x7E, 0x48, 0xE6, 0x31, 0x57, 0xA4, 0xF9, 0x9A, 0xB3, 0xE5, 0xD0, 0x96,
    0x93, 0xDF, 0x0F, 0xBD, 0xC2, 0x5D, 0x90, 0xC6, 0xDE, 0x01, 0x44, 0x27, 0x67, 0xB7, 0xC1, 0x3C,
    0xE0, 0x85, 0x08, 0x38, 0xC6, 0xA1, 0x12, 0x6C, 0x58, 0x45, 0xA9, 0x00, 0xBD, 0x2F, 0xBE, 0xE1,
    0x42, 0xEC, 0x8E, 0x2E, 0xC0, 0x11, 0x0A, 0xE1, 0xF3, 0x48, 0x4E, 0x80, 0x60, 0x13, 0x7D, 0xA0,
    0x1E, 0xD3, 0xC8, 0xE3, 0x80, 0xE5, 0x9F, 0xBB, 0xDA, 0x22, 0x01, 0x94, 0x80, 0x99, 0x97, 0x4F,
    0x39, 0x2E, 0xC5, 0x31, 0xE0, 0x8E, 0x3B, 0x32, 0xC2, 0x61, 0x7E, 0xDB, 0x6A, 0x6A, 0x5D, 0xAA,
    0xE0, 0x44, 0xA8, 0x42, 0x4E, 0x8B, 0xBD, 0xA3, 0x6D, 0xFC, 0x8D, 0x01, 0x2F, 0x4F, 0x87, 0xBF,
    0xB2, 0x86, 0x0F, 0x2B, 0x41, 0x19, 0x9A, 0xA0, 0x9C, 0x78, 0x77, 0xAE, 0x1C, 0xC2, 0xA4, 0x6F,
    0xBF, 0xC3, 0x9D, 0x61, 0xEB, 0x5C, 0x3D, 0x76, 0x2D, 0x91, 0x63, 0x18, 0xC4, 0x81, 0x4F, 0xD4,
    0x0F, 0x7B, 0x67, 0x54, 0x07, 0x26, 0x66, 0x06, 0x51, 0x8E, 0x8F, 0x5C, 0x67, 0xC0, 0x16, 0x6A,
    0x87, 0x6D, 0x87, 0x64, 0x83, 0x96, 0x5E, 0xE7, 0xA5, 0x44, 0xA0, 0x3B, 0xC8, 0xB2, 0x2F, 0xE1,
    0xF6, 0x6D, 0xCC, 0x22, 0xCB, 0x3A, 0x28, 0x92, 0xE6, 0xBC, 0xB3, 0x5C, 0x52, 0xEB, 0x8D, 0x54,
    0x1B, 0x59, 0xC7, 0x6A, 0x4B, 0xA4, 0xE2, 0x62, 0xA5, 0x10, 0xDF, 0xF9, 0x9E, 0xDB, 0xC9, 0xA7,
    0xAD, 0xE5, 0x7E, 0x93, 0x17, 0xC3, 0x32, 0x68, 0xED, 0x18, 0xA5, 0x38, 0x2A, 0x63, 0x60, 0x12,
    0xB6, 0x18, 0x00, 0xBC, 0xBE, 0xF7, 0xBF, 0x00, 0x10, 0x2B, 0xFB, 0x44, 0x94, 0xCE, 0x2B, 0xF5,
    0xDD, 0xFF, 0x01, 0xEC, 0x4D, 0x84, 0x75, 0xB0, 0xC3, 0xDD, 0xCD, 0x8B, 0xF6, 0x94, 0x2D, 0xA6,
    0x52, 0x9D, 0x4C, 0xFE, 0x37, 0x85, 0x76, 0xCB, 0x6A, 0x27, 0x2B, 0x9A, 0xFC, 0x5F, 0xA1, 0xF4,
    0xBE, 0x39, 0x10, 0xD6, 0x62, 0x97, 0x57, 0x6B, 0x77, 0x5E, 0xE0, 0x33, 0x19, 0x37, 0xE5, 0x03,
    0x8A, 0x57, 0x60, 0x2F, 0x6A, 0x40, 0xE9, 0x5A, 0x9D, 0x9C, 0xC4, 0xED, 0x82, 0x8F, 0x06, 0x75,
    0xFC, 0x8F, 0xC6, 0x03, 0x24, 0x66, 0x26, 0x60, 0x1F, 0x45, 0xB5, 0x6C, 0x6D, 0xE3, 0x8F, 0x7D,
    0xA4, 0xAA, 0x30, 0x11, 0x70, 0x39, 0xA0, 0x08, 0xE8, 0x58, 0x0D, 0x50, 0x16, 0x26, 0xB7, 0x3D,
    0x50, 0xA3, 0x09, 0xDA, 0x5C, 0x31, 0x8F, 0x0D, 0xC8, 0x11, 0x06, 0x8E, 0x97, 0x7C, 0xD0, 0xF4,
    0xA1, 0xF2, 0xD3, 0xEB, 0x13, 0x0A, 0x8E, 0xEC, 0x69, 0x24, 0x88, 0x6F, 0x84, 0x59, 0xA5, 0x98,
    0x79, 0x1F, 0xF9, 0xC1, 0xB9, 0xC1, 0x5F, 0xB8, 0xCB, 0x28, 0x09, 0x8C, 0x44, 0xCD, 0xB4, 0x34,
    0xFC, 0xFB, 0x84, 0xE6, 0xFC, 0xBB, 0x5F, 0x3E, 0x24, 0xBF, 0x79, 0x86, 0xD1, 0x71, 0xA1, 0x19,
    0x5E, 0x6E, 0x82, 0xF6, 0x75, 0x51, 0x3D, 0x1C, 0xF2, 0x73, 0xBB, 0xA0, 0xD1, 0xD4, 0x99, 0x1A,
    0x1D, 0xBF, 0xAA, 0x17, 0x3A, 0x74, 0x11, 0xB5, 0xA0, 0xA2, 0x1C, 0xD7, 0x16, 0x8D, 0xDE, 0xF6,
    0xBF, 0x48, 0x17, 0xD7, 0x8E, 0x5F, 0xC4, 0xF1, 0xD3, 0x19, 0xD8, 0x61, 0x4D, 0xE1, 0x0C, 0xFB,
    0xA9, 0x6D, 0x1E, 0xD6, 0xB2, 0x62, 0x76, 0x78, 0x16, 0x56, 0x4C, 0x8E, 0xF1, 0xA1, 0x79, 0xBC,
    0x0E, 0x1B, 0x31, 0xFE, 0x16, 0x92, 0x1F, 0x80, 0x36, 0x06, 0x22, 0x95, 0x28, 0xD1, 0x5A, 0x74,
    0xFA, 0x75, 0xEE, 0x98, 0x63, 0x58, 0xA3, 0x5B, 0x3E, 0xBD, 0x52, 0x20, 0x33, 0xD0, 0x0D, 0x1A,
    0x51, 0xF0, 0x82, 0x0E, 0x45, 0x7E, 0x49, 0x3D, 0x40, 0x72, 0x00, 0x7E, 0xFD, 0x8F, 0x76, 0xC5,
    0x42, 0x54, 0x93, 0xA3, 0x90, 0x33, 0x22, 0x40, 0xBF, 0xD8, 0xAA, 0x8D, 0xFD, 0x63, 0x24, 0x2E,
    0x1F, 0xB9, 0x40, 0x21, 0x58, 0x1B, 0x17, 0x8B, 0x60, 0xB2, 0x6D, 0x01, 0xBF, 0xFD, 0x02, 0x65,
    0x58, 0x86, 0xF2, 0x98, 0xA2, 0xDA, 0x64, 0x86, 0x82, 0xBF, 0x89, 0x3F, 0xA1, 0xDC, 0x68, 0xB4,
    0xAD, 0x7E, 0x8D, 0x0E, 0x61, 0x52, 0xB9, 0xDD, 0x2B, 0xA9, 0x93, 0xCA, 0x16, 0x79, 0xBA, 0x06,
    0x15, 0x57, 0x91, 0xBC, 0xD9, 0xC6, 0xE4, 0x68, 0xC8, 0x09, 0x08, 0x16, 0xED, 0x80, 0xF0, 0xB6,
    0x2A, 0xD6, 0x2E, 0xA8, 0x82, 0x3A, 0xAF, 0xF2, 0xEA, 0xFF, 0x54, 0xB9, 0x9D, 0xA8, 0xCC, 0x74,
    0xD8, 0x9D, 0x06, 0x4D, 0xD1, 0x71, 0xF4, 0x52, 0xC0, 0x5C, 0xF0, 0xB9, 0x8B, 0x7C, 0x13, 0xDB,
    0xF1, 0x3C, 0xD5, 0xF3, 0xCC, 0xA8, 0x9A, 0x6B, 0xF2, 0x94, 0x5F, 0x67, 0x70, 0x7E, 0x8C, 0xD4,
    0xE1, 0x64, 0xBD, 0x4D, 0xAC, 0xCB, 0xEB, 0x55, 0x31, 0xC6, 0x10, 0x38, 0x2A, 0x04, 0xF8, 0x81,
    0x66, 0xCD, 0x5D, 0x73, 0xA2, 0x40, 0x25, 0xEE, 0x77, 0xC0, 0xC7, 0x8E, 0x74, 0x9A, 0x1A, 0x3B,
    0x9C, 0x93, 0xFE, 0xF5, 0xB7, 0x3E, 0xFE, 0xC6, 0xA5, 0x7A, 0x6A, 0x58, 0x78, 0x1C, 0x06, 0x7E,
    0x1B, 0xC6, 0x26, 0x2B, 0x8F, 0x13, 0xE5, 0x9A, 0xA3, 0x3C, 0xFE, 0xBD, 0x37, 0x5B, 0xCD, 0x95,
    0x09, 0x77, 0x3F, 0xB4, 0x2F, 0x31, 0x87, 0x46, 0x6D, 0x66, 0x00, 0x14, 0x4F, 0xFD, 0x17, 0xBD,
    0x59, 0x41, 0x6C, 0xDC, 0xC6, 0x15, 0xFD, 0x24, 0x2D, 0xB1, 0x35, 0x13, 0x8D, 0x0F, 0x76, 0xE3,
    0x54, 0x8E, 0x98, 0x43, 0x0E, 0x2E, 0x2A, 0x89, 0x39, 0xE4, 0xA0, 0x00, 0xBB, 0x22, 0x13, 0x1D,
    0x72, 0x08, 0x5A, 0xEB, 0xE0, 0x4D, 0x0E, 0x3E, 0x38, 0x87, 0x5C, 0xEA, 0x22, 0x95, 0x0F, 0x3A,
    0xF8, 0x20, 0x69, 0x09, 0x1B, 0x68, 0x0E, 0x41, 0x13, 0xE5, 0xD0, 0x5E, 0x8A, 0xB4, 0x06, 0x9A,
    0x02, 0x89, 0x0C, 0x54, 0x2E, 0xA0, 0x06, 0x0E, 0xBA, 0x12, 0xC7, 0x16, 0x0A, 0x1F, 0x7C, 0x28,
    0x1D, 0x1F, 0x0D, 0x14, 0x4C, 0x2A, 0xC3, 0xA8, 0x0D, 0x44, 0xE3, 0x84, 0x4E, 0x29, 0x89, 0xCB,
    0xE9, 0xFB, 0x43, 0xAD, 0x2D, 0x23, 0x8E, 0xDB, 0x18, 0x71, 0x29, 0xEF, 0xEC, 0x72, 0xC8, 0xF9,
    0xFF, 0xCF, 0x9F, 0xFF, 0xDF, 0x7F, 0x33, 0xA6, 0xB9, 0x95, 0x59, 0xA2, 0x03, 0x23, 0x23, 0x23,
    0xA3, 0xB8, 0x82, 0x30, 0x0C, 0xC7, 0xC7, 0x08, 0x97, 0x25, 0x89, 0xCE, 0x12, 0x0D, 0x13, 0x79,
    0x44, 0x76, 0x4A, 0xBE, 0x4E, 0xFD, 0xE5, 0x52, 0xBC, 0xEC, 0x7B, 0x27, 0x4F, 0x4D, 0xA4, 0xA7,
    0x49, 0x1D, 0xA4, 0x99, 0x01, 0xF2, 0x9D, 0xD8, 0x49, 0x33, 0x2A, 0x9F, 0xA3, 0xE0, 0x57, 0xB6,
    0xA3, 0xB5, 0x0C, 0x74, 0x4C, 0x27, 0x88, 0x1E, 0x27, 0x72, 0x22, 0xA2, 0x94, 0x68, 0x9A, 0xE8,
    0x7B, 0x2C, 0x6F, 0x0F, 0x51, 0x3B, 0x27, 0x7F, 0x51, 0x3A, 0x69, 0x93, 0x66, 0xEC, 0x54, 0xC4,
    0x44, 0x39, 0x91, 0x80, 0x26, 0xB5, 0x8B, 0x47, 0x3E, 0x71, 0xFB, 0x30, 0x8D, 0x62, 0x18, 0xC6,
    0x34, 0x88, 0x5C, 0xA8, 0x3F, 0x47, 0x94, 0x68, 0x7D, 0x69, 0x5D, 0x17, 0xCF, 0xD0, 0x3E, 0x96,
    0xE1, 0xC2, 0x9E, 0x66, 0x72, 0x33, 0xAE, 0x16, 0x53, 0x2F, 0x6E, 0x90, 0x82, 0x14, 0x1A, 0xE2,
    0x2F, 0xBE, 0xAB, 0xA6, 0xD2, 0xA6, 0xBE, 0xFA, 0xA6, 0x31, 0xB9, 0xBE, 0x7C, 0x4D, 0xC9, 0x27,
    0x15, 0x79, 0xA9, 0x1F, 0xDB, 0x99, 0xA3, 0x48, 0xD1, 0x38, 0x64, 0x7A, 0x12, 0xE2, 0x8B, 0x11,
    0xB2, 0xB5, 0xC8, 0xE9, 0xE7, 0x37, 0x3F, 0x20, 0x0A, 0x63, 0x72, 0x35, 0xEC, 0x3E, 0xB3, 0x39,
    0x4F, 0x34, 0xC3, 0x03, 0xA9, 0x36, 0x60, 0x70, 0x93, 0x85, 0x64, 0x64, 0x5F, 0x7D, 0xE3, 0xA3,
    0xAB, 0x6F, 0xFC, 0x05, 0x4F, 0x5D, 0xFE, 0xF1, 0xD1, 0xD5, 0x88, 0x5F, 0xA8, 0xE8, 0xE3, 0x65,
    0x2F, 0x3E, 0xD1, 0xA4, 0x93, 0x05, 0x89, 0x82, 0x1A, 0x5D, 0x52, 0x89, 0x9D, 0xB6, 0x9D, 0x34,
    0xF0, 0xB2, 0x11, 0x37, 0x1F, 0x73, 0x8A, 0xCC, 0xDA, 0x8A, 0xA9, 0x3B, 0x6D, 0x7F, 0xA1, 0xC4,
    0x4B, 0xB7, 0x0B, 0x4F, 0x47, 0x14, 0xD1, 0x33, 0xFD, 0xA1, 0xBB, 0x7E, 0x3E, 0x8F, 0xF6, 0x92,
    0xF5, 0x21, 0xF1, 0x04, 0xE1, 0xDA, 0xC8, 0xCE, 0x60, 0x9C, 0x95, 0x09, 0x3A, 0x66, 0xA5, 0xD3,
    0xA2, 0xB2, 0x57, 0xA5, 0x1A, 0x73, 0x7F, 0xEA, 0x46, 0x93, 0x03, 0xCF, 0x61, 0x36, 0x63, 0x29,
    0x16, 0xE2, 0xCB, 0x17, 0x25, 0x39, 0x6F, 0xBB, 0x31, 0x0D, 0x0C, 0x8B, 0x5F, 0xC7, 0xD3, 0x78,
    0xCB, 0x91, 0xCA, 0x8A, 0x46, 0x30, 0x10, 0xA3, 0x37, 0x08, 0x8B, 0xD8, 0xC6, 0x1C, 0xA8, 0x6F,
    0x12, 0x1E, 0x9D, 0xF7, 0x3E, 0x77, 0x56, 0xE5, 0xA4, 0xF2, 0x4A, 0x71, 0xD4, 0x3D, 0x25, 0x37,
    0x2B, 0xFF, 0x6D, 0x2C, 0xE2, 0xC2, 0x9F, 0x75, 0x41, 0xCF, 0xD9, 0xB1, 0x4F, 0xB9, 0x2B, 0x67,
    0xED, 0xDC, 0x8F, 0xC7, 0x1D, 0xE5, 0xA8, 0x20, 0xF2, 0xE4, 0x0C, 0x8D, 0x5A, 0x8A, 0x4E, 0x38,
    0x98, 0x34, 0xED, 0x6B, 0xB5, 0xB4, 0xBE, 0xD5, 0x7A, 0x55, 0xF2, 0xE2, 0xC0, 0x57, 0x0A, 0x7D,
    0xAD, 0xC3, 0xBA, 0xBB, 0xF0, 0x01, 0xF5, 0x21, 0x1A, 0x74, 0xEC, 0x42, 0xC2, 0xE5, 0xC9, 0xB1,
    0x83, 0x73, 0xE9, 0xEA, 0xC4, 0xDB, 0x03, 0xCF, 0x3E, 0x9F, 0xFE, 0xC1, 0x29, 0x3C, 0xFE, 0x3A,
    0x75, 0xE9, 0x27, 0x07, 0x0E, 0xFF, 0x40, 0x9E, 0xA5, 0x69, 0xFB, 0xDA, 0x32, 0xCF, 0x2F, 0xD4,
    0x53, 0x9A, 0x45, 0x4E, 0xDA, 0x7A, 0xE2, 0xDA, 0xAD, 0x6C, 0x68, 0xDA, 0xF9, 0x9D, 0xF5, 0xCF,
    0x54, 0xB5, 0x73, 0x0B, 0xBE, 0x7C, 0x86, 0x45, 0x3B, 0xB5, 0x16, 0x4B, 0xEB, 0x2F, 0xCE, 0xDC,
    0x88, 0x7B, 0x0A, 0x8D, 0x1D, 0x98, 0x87, 0xD6, 0xD7, 0x11, 0x19, 0xD6, 0xEB, 0x8E, 0x3E, 0x75,
    0x59, 0xA9, 0xE6, 0x5E, 0x41, 0x5E, 0xEC, 0x4A, 0x57, 0x7A, 0xF8, 0x73, 0x74, 0xB9, 0xF0, 0x21,
    0x66, 0xAA, 0x27, 0xCE, 0xAB, 0xA8, 0x41, 0x4D, 0x6B, 0x85, 0x92, 0x0C, 0xC3, 0xF1, 0xCE, 0x85,
    0x44, 0xB2, 0x2B, 0x20, 0x20, 0x2D, 0xCA, 0x99, 0xED, 0x78, 0x08, 0xF0, 0x24, 0xC4, 0xD2, 0x8E,
    0xDF, 0xF7, 0x13, 0xE0, 0x19, 0x7F, 0xC2, 0x28, 0x8C, 0x93, 0x38, 0xDC, 0xFA, 0x72, 0xB3, 0xA9,
    0x2F, 0x74, 0x1B, 0x7B, 0x69, 0xB2, 0x89, 0xB1, 0xFC, 0x19, 0xDF, 0xFE, 0x1C, 0x64, 0x61, 0x7D,
    0x2D, 0x5E, 0x39, 0xBD, 0x15, 0x27, 0x1B, 0x69, 0x58, 0x4D, 0xFB, 0xFA, 0x3D, 0x57, 0x5F, 0x7F,
    0x41, 0x9B, 0x1B, 0x4F, 0xBF, 0x47, 0xFA, 0x7A, 0xE4, 0x7E, 0x9C, 0xD2, 0xC0, 0x34, 0x39, 0xEF,
    0x11, 0x5D, 0x8F, 0xE8, 0xF9, 0xBB, 0x37, 0x58, 0xD0, 0x88, 0x13, 0xC4, 0x26, 0x7A, 0x52, 0x5C,
    0x54, 0x4B, 0x3F, 0xF2, 0xD3, 0xA2, 0x31, 0xBB, 0x8B, 0x28, 0xF2, 0x65, 0x22, 0x9D, 0x7B, 0xFE,
    0x82, 0xE2, 0xD8, 0x07, 0xD6, 0xFB, 0x8E, 0x5E, 0x95, 0xB7, 0x33, 0xFF, 0x84, 0xF3, 0x0F, 0xFA,
    0x52, 0x2E, 0xAD, 0x74, 0xBC, 0x02, 0x26, 0x2C, 0x9C, 0x4D, 0x8A, 0xE3, 0x4E, 0x24, 0xA2, 0x73,
    0x94, 0x8B, 0xD8, 0x8F, 0x4B, 0x5B, 0xF9, 0x51, 0x29, 0x64, 0xE1, 0xF1, 0xBF, 0x69, 0x27, 0xA6,
    0x7B, 0xAE, 0x14, 0x81, 0x8F, 0x10, 0xA3, 0x44, 0xB2, 0x77, 0x9F, 0x90, 0xE4, 0x45, 0xDB, 0xCE,
    0x47, 0x3B, 0x6C, 0xDA, 0x31, 0xD3, 0x9E, 0xB5, 0x14, 0xDA, 0xD4, 0x45, 0x6B, 0x4B, 0xA1, 0x06,
    0xD7, 0xDC, 0x68, 0x44, 0x25, 0xA5, 0xA0, 0x73, 0x08, 0x84, 0x61, 0x2B, 0x43, 0x3B, 0x86, 0xD0,
    0x03, 0x3A, 0xB8, 0xBA, 0x82, 0x44, 0xFB, 0xCC, 0x86, 0x59, 0x2F, 0x45, 0x08, 0x4E, 0xB4, 0x82,
    0xD7, 0x9B, 0xAC, 0x7B, 0x94, 0x03, 0x4C, 0x3C, 0xA3, 0x17, 0xDA, 0xDD, 0x88, 0xB5, 0xD7, 0x7A,
    0x47, 0x4C, 0xDB, 0xA8, 0xF5, 0x9A, 0x36, 0x0B, 0x8C, 0xDE, 0x8D, 0x12, 0xB3, 0x7F, 0x21, 0x6B,
    0x0C, 0xAE, 0x09, 0x4A, 0x1B, 0x49, 0xF9, 0x94, 0x41, 0x83, 0x06, 0xB0, 0x82, 0x51, 0x89, 0x73,
    0x33, 0xE3, 0x2C, 0xB5, 0x25, 0x77, 0xBB, 0xB1, 0x0D, 0x4B, 0x04, 0xC2, 0xA5, 0x0B, 0x38, 0xE0,
    0x6B, 0xD7, 0x0E, 0xDD, 0x7B, 0x18, 0x8D, 0x2C, 0x84, 0x21, 0xCC, 0xBB, 0xDD, 0x61, 0x1D, 0x4F,
    0x0B, 0x06, 0x34, 0x84, 0x12, 0x87, 0xB6, 0x1F, 0xB3, 0xE6, 0x20, 0xE7, 0xD9, 0x43, 0xE4, 0x30,
    0x94, 0x38, 0xF2, 0x71, 0x44, 0x82, 0xA5, 0x3C, 0x0A, 0xE4, 0x91, 0xDC, 0x8D, 0x46, 0x55, 0x08,
    0xA3, 0xFC, 0x86, 0x05, 0x7D, 0x82, 0xA7, 0x97, 0x79, 0x13, 0x8C, 0x8E, 0x40, 0x2D, 0x02, 0xD8,
    0x2D, 0xAC, 0xC4, 0x3C, 0x05, 0x3C, 0x18, 0xA2, 0x6D, 0x97, 0xC2, 0x01, 0x14, 0x6D, 0xEB, 0x0F,
    0x22, 0x91, 0xB2, 0xD9, 0xB5, 0x1B, 0xA6, 0x91, 0x68, 0xFA, 0x82, 0xBE, 0x5C, 0x61, 0xD9, 0x46,
    0xD8, 0x24, 0x60, 0xE2, 0x6F, 0x4E, 0x6A, 0xE5, 0xE7, 0x30, 0xD4, 0x00, 0xE5, 0x32, 0xBF, 0x58,
    0x71, 0x93, 0xF0, 0xED, 0xFE, 0x3B, 0x3E, 0x64, 0x81, 0x21, 0xFF, 0xE8, 0xA2, 0x31, 0x21, 0xD0,
    0x84, 0x58, 0xFB, 0x0A, 0xA6, 0x22, 0x04, 0xEC, 0x39, 0xE1, 0x33, 0x7A, 0x8E, 0xF3, 0x2C, 0x3A,
    0x44, 0x1F, 0xBF, 0x92, 0x13, 0x0C, 0xCC, 0x28, 0x58, 0x58, 0x94, 0xAC, 0x25, 0x82, 0xD7, 0x42,
    0x8E, 0xE0, 0x8E, 0x0D, 0x4C, 0xAC, 0xC2, 0x2E, 0xC1, 0x5D, 0x1C, 0x84, 0x44, 0x73, 0x2C, 0x10,
    0x60, 0x4C, 0xAC, 0xD6, 0x8E, 0x1E, 0xAD, 0xC6, 0xD7, 0x58, 0x16, 0xFB, 0x63, 0x0E, 0x8D, 0x7B,
    0x41, 0x71, 0xF6, 0xCB, 0x47, 0xA9, 0xB1, 0x8F, 0x25, 0x27, 0x87, 0x30, 0x70, 0xBD, 0x24, 0x1A,
    0xF0, 0xD3, 0x7B, 0x22, 0xF3, 0x51, 0x68, 0x1C, 0xC1, 0xBA, 0x5A, 0x65, 0x88, 0x04, 0xCB, 0xCA,
    0x7B, 0xF2, 0x00, 0x61, 0x41, 0x2C, 0x94, 0xDA, 0x50, 0x6B, 0xB3, 0xB7, 0x05, 0xD7, 0x9B, 0x25,
    0xF8, 0xDE, 0x59, 0x85, 0xDA, 0x21, 0x8E, 0x6C, 0x64, 0x33, 0x22, 0x3C, 0x20, 0x1A, 0x6D, 0x21,
    0x16, 0x34, 0x30, 0xDB, 0xBB, 0x71, 0x46, 0x01, 0x83, 0x5C, 0x8E, 0x23, 0x21, 0xF1, 0x38, 0xA0,
    0x04, 0x31, 0xFF, 0x8E, 0x8E, 0x42, 0xD4, 0x14, 0x7A, 0x9D, 0x23, 0x97, 0x97, 0x4F, 0x41, 0x84,
    0x73, 0x52, 0xB2, 0xE5, 0xDC, 0xC5, 0x4E, 0x36, 0x93, 0x37, 0x0D, 0x5B, 0xE2, 0xF2, 0x5B, 0x41,
    0x86, 0xE6, 0xDF, 0x78, 0xCB, 0x3B, 0x84, 0xC1, 0x0D, 0x4C, 0xDE, 0xCA, 0x60, 0x85, 0x88, 0x30,
    0xF9, 0x19, 0x1B, 0xE5, 0xE4, 0xDA, 0x91, 0x94, 0x04, 0x17, 0xC4, 0x95, 0x85, 0x84, 0xEB, 0xF1,
    0x2C, 0xA7, 0x5A, 0x49, 0x05, 0xD9, 0x0A, 0x0E, 0x0A, 0x0A, 0x9D, 0x3B, 0x3A, 0x37, 0x75, 0x02,
    0xF3, 0x09, 0xD9, 0x40, 0x14, 0xC3, 0x85, 0xC2, 0x4C, 0x06, 0x59, 0x34, 0x64, 0xDA, 0x06, 0x4F,
    0x8C, 0x96, 0x4C, 0xAB, 0xB8, 0xB5, 0xD3, 0x39, 0xB8, 0xCC, 0x95, 0x6D, 0xA4, 0xA2, 0xE0, 0x99,
    0xA1, 0xB4, 0xB2, 0x4D, 0xCD, 0x16, 0xFC, 0x8A, 0x34, 0x9E, 0xA1, 0xC7, 0x90, 0x8F, 0x33, 0x34,
    0xE2, 0x64, 0x68, 0x1B, 0xDE, 0x1A, 0xD0, 0xBF, 0x0C, 0xBB, 0x1E, 0x5A, 0xEA, 0xFB, 0x23, 0x2A,
    0x74, 0xE9, 0x6C, 0x1C, 0x95, 0x25, 0x35, 0x7C, 0xF8, 0x2A, 0xA3, 0x61, 0x14, 0x3C, 0x60, 0x0A,
    0x2F, 0x0A, 0x7B, 0xB4, 0xAC, 0xEF, 0x20, 0xD6, 0x55, 0xA6, 0xA2, 0x5B, 0x3A, 0xEA, 0x47, 0x55,
    0xCF, 0x3C, 0x98, 0x67, 0xC1, 0xCE, 0x9F, 0xD5, 0x51, 0x27, 0x22, 0x83, 0x21, 0x9D, 0xDA, 0x29,
    0x31, 0x97, 0x05, 0x93, 0x6D, 0xFD, 0x10, 0x60, 0x19, 0xC8, 0x6C, 0xB5, 0x5A, 0x87, 0xA0, 0xD3,
    0xBF, 0x71, 0x46, 0x76, 0x68, 0xD8, 0x93, 0x16, 0xBE, 0x7A, 0x9A, 0xBC, 0x1B, 0x15, 0x70, 0x3F,
    0xEB, 0xDD, 0x99, 0xAF, 0xDD, 0xF8, 0x52, 0x1D, 0x1A, 0x0A, 0xB4, 0x5E, 0xD7, 0x1C, 0xE0, 0x4F,
    0x63, 0x66, 0x11, 0xE7, 0x93, 0x53, 0x98, 0x22, 0xF7, 0x1D, 0xC8, 0xEC, 0x87, 0xFB, 0x4A, 0x93,
    0x31, 0x3E, 0x0A, 0x9F, 0x1C, 0xFE, 0x0E, 0x64, 0xDA, 0xF3, 0x27, 0xA8, 0x2D, 0xA4, 0x7B, 0x27,
    0x42, 0xFB, 0x5A, 0x28, 0xF2, 0x5A, 0x9F, 0xAF, 0x16, 0x3A, 0x1E, 0x10, 0xB8, 0x43, 0x07, 0x76,
    0x0C, 0x5F, 0x59, 0x84, 0x23, 0x2B, 0xDA, 0xA1, 0x41, 0xD2, 0xE9, 0x0E, 0x09, 0xA8, 0xFD, 0x4C,
    0xEB, 0x0A, 0xE3, 0xD2, 0x49, 0xAC, 0x41, 0x12, 0xF9, 0x19, 0x27, 0x38, 0xD3, 0x05, 0x3F, 0xF5,
    0xE4, 0x37, 0xFD, 0x21, 0x86, 0xBA, 0x40, 0xBB, 0x59, 0xA7, 0x14, 0xD9, 0x93, 0xF4, 0x3F, 0xBE,
    0x7F, 0x9A, 0xC0, 0xE7, 0x54, 0x67, 0x7C, 0xCC, 0xC6, 0xEA, 0xB6, 0x26, 0x75, 0x17, 0xD1, 0xDC,
    0xC1, 0xFA, 0xC1, 0x5A, 0x75, 0xDF, 0x1F, 0x49, 0xA6, 0xBB, 0x07, 0xBD, 0x97, 0xB3, 0x72, 0xD6,
    0xE4, 0x1C, 0x0F, 0x42, 0xBE, 0xB4, 0x23, 0x3C, 0x0C, 0xE8, 0x41, 0x4D, 0x92, 0xE1, 0x3D, 0xEB,
    0xD8, 0xFB, 0x9C, 0xEA, 0x5D, 0x72, 0x6F, 0x1D, 0x29, 0x59, 0xA8, 0xE2, 0xC7, 0x31, 0xE2, 0x05,
    0x95, 0x16, 0xA4, 0x12, 0x3F, 0x66, 0x9F, 0xB8, 0x3D, 0xE9, 0x82, 0xA1, 0x50, 0x13, 0x3D, 0x2E,
    0xF7, 0x70, 0xFE, 0x08, 0xCE, 0xDD, 0x1C, 0x3F, 0x98, 0x51, 0xF8, 0x12, 0x01, 0x9C, 0x19, 0xC8,
    0xD8, 0x76, 0x33, 0x57, 0xC6, 0x64, 0xE0, 0x7E, 0x68, 0xD4, 0x77, 0x18, 0x8B, 0x00, 0x92, 0x1C,
    0x56, 0x48, 0x5D, 0x3F, 0x46, 0x9E, 0x8E, 0x50, 0x92, 0xD2, 0x92, 0x7D, 0x55, 0x82, 0xE2, 0x1E,
    0x92, 0x5E, 0x34, 0xE2, 0xC7, 0x23, 0xB4, 0x14, 0xA0, 0x2B, 0x0D, 0xD1, 0x15, 0xCD, 0xA1, 0x8B,
    0x96, 0xD1, 0x45, 0x25, 0xBA, 0x68, 0x13, 0x5D, 0x88, 0xFB, 0x11, 0x72, 0xBA, 0x76, 0x15, 0x39,
    0x79, 0xA8, 0x61, 0x55, 0x5D, 0x0E, 0xF7, 0xE2, 0xCB, 0x61, 0x40, 0x08, 0xB8, 0xA3, 0x1D, 0xEF,
    0xA8, 0x2C, 0xFD, 0x1F, 0x32, 0xAB, 0xAB, 0xC8, 0xD9, 0x18, 0x2C, 0xA9, 0x8B, 0x79, 0x06, 0x11,
    0x85, 0x13, 0xE0, 0xA3, 0x25, 0x52, 0x4C, 0x5C, 0xE2, 0xE4, 0xE2, 0x05, 0xFF, 0x3B, 0x2F, 0x3C,
    0xA7, 0xD9, 0x25, 0x48, 0x28, 0x51, 0x32, 0xC4, 0x29, 0x60, 0x45, 0x8E, 0x54, 0x0B, 0x51, 0x37,
    0x7C, 0xE9, 0x56, 0x8B, 0x70, 0x0B, 0x83, 0x01, 0x53, 0xD0, 0xBA, 0xB2, 0x58, 0x8C, 0x37, 0x9A,
    0x4C, 0x42, 0xDE, 0x2D, 0x2C, 0x8F, 0x48, 0xE1, 0x69, 0xD6, 0xC3, 0xB0, 0x06, 0x85, 0xB6, 0x02,
    0x2F, 0xE0, 0x40, 0x79, 0x84, 0x0A, 0x79, 0x25, 0x9D, 0x12, 0x50, 0x37, 0x0E, 0xA8, 0x74, 0x5E,
    0x52, 0x3B, 0x78, 0xC7, 0xA3, 0x51, 0x78, 0x10, 0xD4, 0xC9, 0xE3, 0x7C, 0xDD, 0x8E, 0xE7, 0xED,
    0xEB, 0xD8, 0x3C, 0x6F, 0x23, 0x32, 0x0A, 0xDF, 0x4D, 0xA4, 0x48, 0x29, 0xB1, 0x81, 0x3C, 0x39,
    0x50, 0xDD, 0xBF, 0x98, 0xD6, 0x7A, 0x8C, 0x42, 0xA3, 0xC7, 0x28, 0x04, 0x46, 0x8A, 0x8B, 0x08,
    0xC7, 0x02, 0xEF, 0x04, 0x13, 0x05, 0xC2, 0x42, 0x64, 0x56, 0x49, 0xED, 0x1B, 0x9A, 0xE5, 0xC0,
    0x65, 0x2D, 0x96, 0xEA, 0xD1, 0x81, 0x19, 0xF7, 0xFC, 0x2D, 0xE5, 0x72, 0xEC, 0xBB, 0xA5, 0x75,
    0x4B, 0xCD, 0xB8, 0x97, 0x98, 0xB0, 0x61, 0x55, 0x17, 0xA2, 0x3D, 0x78, 0xF3, 0xD3, 0x4C, 0xAC,
    0x4D, 0x55, 0x98, 0x9E, 0x50, 0x5E, 0x8A, 0xB8, 0x0A, 0xB1, 0xA5, 0x3A, 0x9F, 0xD3, 0x68, 0x88,
    0xF4, 0xCB, 0xCA, 0x80, 0x46, 0xED, 0xBC, 0xB4, 0x33, 0x6F, 0x55, 0x8D, 0x52, 0xE0, 0x7D, 0x82,
    0x4D, 0x62, 0xF0, 0x27, 0x14, 0xC4, 0x10, 0xB5, 0x33, 0xD2, 0x9C, 0x44, 0x3C, 0xC3, 0x51, 0x7D,
    0xA6, 0xA4, 0xCC, 0x68, 0xDD, 0xC7, 0xE1, 0xD1, 0x5F, 0x33, 0x75, 0x4E, 0x11, 0x5E, 0xBB, 0xB6,
    0xEC, 0xF5, 0x71, 0xF6, 0x46, 0x56, 0xEB, 0x28, 0x4A, 0x5E, 0x35, 0x08, 0xEE, 0x27, 0x01, 0xE4,
    0xA3, 0xCC, 0xCB, 0xC1, 0x7E, 0xB1, 0x01, 0x42, 0x95, 0xF2, 0xE2, 0x07, 0x76, 0x61, 0x9E, 0x29,
    0x12, 0xC0, 0x47, 0x7D, 0xB0, 0xB0, 0x5F, 0xAB, 0x50, 0x85, 0x8C, 0x67, 0xE9, 0xB0, 0x91, 0xCE,
    0xDA, 0xFC, 0xA8, 0x86, 0x59, 0x13, 0xAD, 0x34, 0xFF, 0x7F, 0x50, 0xCB, 0x7B, 0x09, 0xA3, 0x31,
    0xE0, 0xF2, 0xA3, 0x78, 0xAD, 0x98, 0x8D, 0x3E, 0x62, 0xB5, 0xBB, 0xB1, 0x0D, 0xA0, 0x39, 0xC4,
    0x90, 0xC5, 0x21, 0x70, 0xE7, 0x42, 0x35, 0x6F, 0xBD, 0xAA, 0x53, 0xA1, 0x7F, 0x59, 0x60, 0xD8,
    0x7F, 0xD7, 0x71, 0x6F, 0xD7, 0x38, 0x6F, 0xE7, 0x4B, 0xD4, 0x77, 0x84, 0xD2, 0x1C, 0x80, 0x33,
    0x41, 0x24, 0x6B, 0x66, 0x38, 0xFB, 0x7A, 0x0C, 0x84, 0x2B, 0x07, 0xCA, 0x83, 0x41, 0xA0, 0xBE,
    0x3B, 0xCE, 0xDD, 0xF7, 0x8A, 0x2E, 0xFC, 0x0A, 0xFD, 0xCB, 0x18, 0xDD, 0x44, 0x6C, 0xF8, 0x1C,
    0x90, 0x11, 0xCD, 0x82, 0x9E, 0x8B, 0x55, 0x0C, 0xF9, 0x8A, 0x87, 0x30, 0xB1, 0x61, 0x2C, 0xE9,
    0x6C, 0x87, 0x07, 0xCB, 0xB2, 0x55, 0xDD, 0x61, 0x25, 0x6B, 0xA8, 0xF6, 0x15, 0x8A, 0x08, 0x58,
    0x8B, 0x84, 0xB3, 0xEA, 0x02, 0xA5, 0xD7, 0x50, 0xB5, 0x94, 0x27, 0x7D, 0x94, 0x32, 0x54, 0x34,
    0x37, 0xED, 0x50, 0x13, 0x5F, 0xB8, 0xC3, 0xF6, 0xA8, 0xCD, 0x91, 0xEE, 0xFD, 0x2B, 0xE2, 0x37,
    0xFD, 0x35, 0x33, 0xCE, 0xF8, 0xC6, 0x07, 0x9F, 0x9A, 0x3B, 0x9A, 0x52, 0xEE, 0x64, 0x36, 0xF0,
    0x1E, 0x2D, 0xA6, 0xE8, 0x4A, 0x27, 0x85, 0x55, 0x29, 0x76, 0x06, 0xE9, 0x12, 0x3E, 0xD8, 0x44,
    0xA4, 0x6D, 0x7C, 0x82, 0xD4, 0x49, 0xBD, 0xDC, 0x49, 0xAD, 0x12, 0x6E, 0x98, 0x71, 0x2E, 0x53,
    0xC3, 0xB9, 0x12, 0xCF, 0x78, 0x57, 0xAE, 0xE5, 0xE1, 0x27, 0xD8, 0xD6, 0x03, 0x73, 0x2D, 0xB3,
    0x21, 0x60, 0x72, 0x82, 0x6D, 0x06, 0x16, 0x82, 0x76, 0xF7, 0x9C, 0xDD, 0x0F, 0xF5, 0x37, 0x0A,
    0x07, 0x49, 0xA3, 0xC0, 0xF9, 0x6A, 0x4A, 0x32, 0x85, 0xFA, 0x86, 0x62, 0x6E, 0xA9, 0x80, 0x66,
    0x3C, 0x19, 0x5A, 0x55, 0x52, 0x05, 0x45, 0x62, 0x48, 0xA3, 0xD9, 0xCB, 0x22, 0x65, 0x8D, 0xAC,
    0x99, 0x1D, 0x67, 0x1C, 0xDF, 0x52, 0xCE, 0x39, 0x83, 0xFD, 0xE3, 0xC8, 0x52, 0x9F, 0x86, 0xEC,
    0x5E, 0xED, 0x19, 0xAC, 0x28, 0x38, 0x93, 0x89, 0x08, 0x9B, 0x2E, 0xDF, 0x9C, 0x7C, 0xD8, 0xCA,
    0x4A, 0x90, 0xA0, 0x8B, 0x36, 0x84, 0x1A, 0x39, 0xA5, 0xBB, 0xA9, 0x8B, 0xE4, 0xB3, 0xD2, 0xAA,
    0x31, 0xDC, 0xC9, 0x9F, 0xB5, 0xF4, 0x32, 0x1D, 0xD7, 0xB4, 0xAB, 0x9F, 0x1E, 0x4A, 0xC8, 0xF7,
    0xAD, 0x58, 0x9C, 0x2F, 0x6C, 0x35, 0x47, 0x7B, 0xFA, 0x7A, 0x12, 0xA6, 0x0A, 0xAC, 0x58, 0xDC,
    0xC4, 0xF2, 0xF3, 0x14, 0x7D, 0x5E, 0xE5, 0x7E, 0xAD, 0xBC, 0x4D, 0xAC, 0x9E, 0x6F, 0x84, 0x38,
    0xCA, 0xBF, 0xA9, 0x3F, 0xD3, 0x6F, 0x29, 0x1E, 0x02, 0xD6, 0x8B, 0x55, 0x9B, 0x5E, 0xA2, 0xE1,
    0xA7, 0xC8, 0x7B, 0x29, 0xE2, 0x9B, 0xDD, 0xD1, 0xC3, 0xB9, 0x96, 0x06, 0xBB, 0x5E, 0xD7, 0xDE,
    0x5C, 0xDE, 0xEC, 0x8A, 0x48, 0x47, 0x65, 0xC3, 0x2A, 0x2C, 0xAE, 0xE7, 0xA8, 0x9D, 0x53, 0x5A,
    0x83, 0x86, 0xDE, 0x38, 0x1C, 0xBC, 0x8B, 0x70, 0x66, 0x71, 0x77, 0xE8, 0xF7, 0xAE, 0xF6, 0x62,
    0xA2, 0x55, 0x92, 0x07, 0x3A, 0xDA, 0x4B, 0x7D, 0x46, 0xB1, 0xAB, 0xA3, 0x95, 0xE4, 0x65, 0x39,
    0xDE, 0xA0, 0x8F, 0xC0, 0x02, 0x62, 0x4E, 0x09, 0x46, 0x57, 0x70, 0x05, 0x42, 0x99, 0x0F, 0xC0,
    0xD5, 0xB4, 0x04, 0x15, 0xFD, 0x61, 0x44, 0x09, 0x1F, 0x29, 0x58, 0x9C, 0x9F, 0xF5, 0x56, 0x79,
    0xC8, 0x30, 0xD7, 0xAE, 0x09, 0xDC, 0xE3, 0xB5, 0x49, 0xB6, 0x8E, 0xC3, 0xC5, 0xD5, 0x4C, 0xFC,
    0x9E, 0x82, 0x73, 0xD4, 0xD6, 0x7C, 0x2D, 0x93, 0xE1, 0xE0, 0xCC, 0x70, 0x51, 0x5C, 0x3C, 0x40,
    0x7E, 0x8D, 0x5D, 0x82, 0xC7, 0xC1, 0xD8, 0xA6, 0x39, 0x70, 0xFB, 0x36, 0x83, 0x9B, 0x28, 0x60,
    0xE4, 0x77, 0x48, 0xE5, 0x22, 0xAA, 0xB7, 0xA8, 0xE0, 0x3E, 0xE2, 0xA6, 0x2A, 0x9C, 0xEB, 0xD2,
    0xFB, 0x1C, 0xD9, 0xC0, 0xD7, 0x7A, 0x64, 0xF6, 0x37, 0x28, 0x5E, 0x90, 0xAB, 0x4F, 0x02, 0x46,
    0xF6, 0x01, 0x93, 0xE7, 0x01, 0x20, 0x80, 0x0F, 0x54, 0x82, 0x7A, 0x97, 0x5B, 0x38, 0x9B, 0xE5,
    0x38, 0x6D, 0x28, 0x7B, 0x2B, 0x76, 0xCD, 0xB0, 0xAD, 0x94, 0x8C, 0xAB, 0xA8, 0x6D, 0xCA, 0x53,
    0x52, 0xC1, 0x4B, 0x7B, 0xB0, 0x51, 0x9E, 0x23, 0x3E, 0x70, 0xAA, 0x2D, 0x1D, 0xCC, 0xDA, 0x99,
    0xF3, 0xB5, 0x3F, 0x6F, 0xA3, 0xCD, 0xC0, 0xD1, 0x80, 0x4F, 0x0A, 0xDC, 0x47, 0x0F, 0x7E, 0x93,
    0x73, 0xD0, 0xEF, 0x34, 0x47, 0x97, 0xC4, 0x83, 0xDF, 0xDB, 0x6F, 0x4F, 0xA8, 0x12, 0xB5, 0x69,
    0xDB, 0xE2, 0xFE, 0xC2, 0x42, 0xD5, 0x29, 0xD8, 0xC6, 0xAF, 0x35, 0xC1, 0x9A, 0x5F, 0x9F, 0x1F,
    0xBD, 0x76, 0x80, 0x82, 0x5F, 0x98, 0xAD, 0x21, 0xCA, 0x51, 0x8E, 0x2D, 0xBA, 0x39, 0xAE, 0xB4,
    0xF4, 0x2C, 0x08, 0xDD, 0x85, 0xDC, 0x55, 0x39, 0x2D, 0x83, 0x04, 0xAF, 0x80, 0xCB, 0xC5, 0xF4,
    0xD7, 0x8C, 0x46, 0x4B, 0x12, 0x53, 0x11, 0x76, 0x72, 0x4E, 0x96, 0xFC, 0x56, 0xB9, 0xF0, 0xF1,
    0xBE, 0x6D, 0xCE, 0xE3, 0xA5, 0xD8, 0xFA, 0x54, 0x4B, 0x64, 0x5D, 0x41, 0xFE, 0xEE, 0xD9, 0x7F,
    0x17, 0x74, 0xA7, 0xBC, 0x8A, 0xDA, 0xEB, 0x3A, 0xB5, 0x2A, 0xB8, 0x97, 0x8F, 0xA1, 0x44, 0x0C,
    0xB8, 0xC9, 0x10, 0x1B, 0x05, 0x92, 0x80, 0xCF, 0xA6, 0xEE, 0xE9, 0x48, 0xE2, 0xF0, 0xB4, 0xCE,
    0xC3, 0x92, 0x4F, 0x17, 0x94, 0xD9, 0xB8, 0xBA, 0x99, 0xD9, 0xBF, 0xF7, 0xA8, 0x0E, 0x90, 0x30,
    0x73, 0x2A, 0xFD, 0xA2, 0x72, 0x6F, 0xA9, 0x9E, 0x71, 0x98, 0x0B, 0x4C, 0x19, 0x87, 0x71, 0x8B,
    0xF7, 0x35, 0x6E, 0xDA, 0x1C, 0x6C, 0x85, 0x75, 0xCA, 0xD1, 0xC3, 0xC9, 0x19, 0x35, 0xD8, 0x2E,
    0x96, 0xC9, 0x7B, 0x13, 0x18, 0xBB, 0xB4, 0x2D, 0xC4, 0xD5, 0xB1, 0xD8, 0xEA, 0x22, 0x7D, 0x2F,
    0x4A, 0xFB, 0x2B, 0x45, 0xE3, 0x5C, 0x8A, 0x8C, 0x9C, 0x2D, 0xDC, 0x2C, 0xF3, 0x06, 0x5B, 0x9C,
    0xAC, 0xA6, 0x24, 0x7B, 0xBB, 0x55, 0x8F, 0xE8, 0x3E, 0x06, 0x77, 0x44, 0x07, 0x42, 0x69, 0x59,
    0xF1, 0x43, 0x09, 0xB1, 0xA3, 0xD7, 0xEC, 0x7C, 0x8E, 0x3A, 0x7E, 0xBC, 0xCB, 0xEA, 0x11, 0x4E,
    0xBF, 0xA2, 0x70, 0x3D, 0x0F, 0xA8, 0xED, 0x93, 0x77, 0x55, 0xD2, 0x16, 0xB8, 0x52, 0x2D, 0x64,
    0x5D, 0xD2, 0x66, 0xCE, 0x5B, 0xE0, 0x71, 0x6F, 0x23, 0x21, 0x44, 0x9D, 0x65, 0x32, 0xCA, 0x32,
    0x39, 0x3B, 0x54, 0xEF, 0xB2, 0x5E, 0xD5, 0xFA, 0x6F, 0x2D, 0x63, 0x5D, 0x66, 0x32, 0xF9, 0xAE,
    0x83, 0x3E, 0x95, 0xE1, 0x62, 0x05, 0x54, 0x50, 0x3E, 0x6A, 0x5A, 0xC7, 0x5E, 0x3F, 0x95, 0x8D,
    0x86, 0xE2, 0x64, 0xD6, 0x19, 0x1F, 0xB5, 0xB3, 0x2A, 0x83, 0x51, 0x28, 0x08, 0xCA, 0xCE, 0x02,
    0x88, 0xBE, 0x0E, 0x37, 0x19, 0xD9, 0x1C, 0x7C, 0x23, 0xBD, 0x53, 0x80, 0xB2, 0xF7, 0xE3, 0xF8,
    0xDD, 0x80, 0x08, 0xE4, 0x8F, 0xB3, 0x40, 0x09, 0xDE, 0xDA, 0x34, 0x39, 0x1C, 0x90, 0x2B, 0x4E,
    0x8A, 0xBC, 0xBD, 0x4F, 0xC7, 0x2C, 0x73, 0xAF, 0x2D, 0xD4, 0x39, 0x60, 0xE2, 0x36, 0x04, 0x6D,
    0xC3, 0x81, 0x91, 0x0A, 0x63, 0xCD, 0x69, 0xBA, 0x25, 0xBF, 0x23, 0xE9, 0x7C, 0x38, 0x01, 0xBC,
    0x20, 0x1B, 0xD1, 0x6E, 0xF1, 0x59, 0x83, 0x1A, 0xB8, 0x2B, 0x39, 0xA1, 0xC5, 0x38, 0x91, 0xE1,
    0x37, 0x08, 0xDB, 0xD9, 0x61, 0xE5, 0x28, 0xE5, 0xE1, 0xBA, 0x9E, 0x77, 0xF4, 0x5B, 0x65, 0x4D,
    0x0F, 0x26, 0xF7, 0xD7, 0x84, 0xC4, 0x67, 0x8E, 0xDC, 0x83, 0x14, 0xC3, 0x8D, 0xEC, 0x15, 0x5B,
    0x93, 0x7E, 0x80, 0x99, 0xBD, 0x0E, 0x37, 0x05, 0xF7, 0xD5, 0x49, 0x15, 0x89, 0x0A, 0x6C, 0xE1,
    0x70, 0x4F, 0x40, 0x5A, 0xD3, 0xBA, 0xD2, 0x1C, 0xF7, 0x99, 0x33, 0xBE, 0xFA, 0x6A, 0x17, 0xD8,
    0x53, 0xCE, 0x4F, 0xA5, 0x05, 0xEF, 0xDD, 0x2C, 0xB0, 0x1D, 0x16, 0xD9, 0x20, 0xDF, 0x46, 0x80,
    0xC3, 0x81, 0x33, 0x27, 0xCC, 0x11, 0x09, 0x1F, 0xD1, 0x30, 0xEF, 0x60, 0xBA, 0xD1, 0xAC, 0x19,
    0x07, 0x98, 0xFC, 0x11, 0x00, 0x29, 0x9F, 0x27, 0xAE, 0xB1, 0x20, 0x08, 0x4F, 0x22, 0xEA, 0xE7,
    0xD3, 0xA3, 0xBC, 0xF6, 0x37, 0xC8, 0x8B, 0x39, 0x30, 0xBE, 0xAD, 0xA5, 0xB3, 0xAE, 0xA5, 0xC8,
    0x02, 0xD9, 0x44, 0x76, 0xC1, 0xA3, 0x78, 0x0A, 0xA0, 0xE5, 0xFF, 0x00, 0x11, 0x51, 0x0E, 0xC6,
    0x80, 0x19, 0x88, 0x28, 0x88, 0xC2, 0x9B, 0x39, 0xF1, 0x66, 0x61, 0xC7, 0x58, 0x88, 0x0A, 0x10,
    0x8D, 0x0B, 0xEF, 0x33, 0x11, 0xDD, 0x4B, 0xE2, 0x02, 0x3C, 0x86, 0xF5, 0xBC, 0x5B, 0x2B, 0x5D,
    0x00, 0xF1, 0x3B, 0x1B, 0xFD, 0x5D, 0x11, 0x83, 0x87, 0x20, 0x28, 0x9B, 0xEC, 0x0A, 0x47, 0x5A,
    0x20, 0xDB, 0x4E, 0x06, 0x94, 0xBF, 0x18, 0x9B, 0xA3, 0x25, 0x3E, 0xEB, 0x09, 0x23, 0x53, 0x57,
    0x58, 0x3C, 0xD0, 0x18, 0xBB, 0x83, 0x3E, 0x80, 0x19, 0x13, 0xCE, 0x39, 0x3C, 0xF8, 0x0F, 0xBD,
    0x5A, 0x3F, 0x6C, 0xDC, 0x56, 0x9A, 0xFF, 0xC8, 0xB7, 0x12, 0x37, 0xE6, 0x9D, 0xE8, 0x22, 0xBA,
    0xBD, 0x8D, 0x2E, 0xE6, 0x15, 0x5B, 0x18, 0x88, 0x2C, 0xA6, 0x48, 0x61, 0x2C, 0x66, 0x86, 0x8C,
    0x0D, 0xDC, 0x1D, 0x70, 0x45, 0x54, 0x68, 0x72, 0xC0, 0xA6, 0xF0, 0x15, 0x5B, 0x6C, 0xF6, 0xB0,
    0xAB, 0x14, 0x29, 0x5C, 0x8C, 0x44, 0x26, 0x06, 0x36, 0x45, 0x8A, 0x28, 0xC5, 0x55, 0x29, 0xD6,
    0xC0, 0x66, 0x81, 0x8D, 0x8D, 0x85, 0x52, 0xB8, 0x50, 0x80, 0x91, 0xF8, 0x6C, 0xE1, 0xE0, 0x22,
    0x45, 0xE8, 0x18, 0x57, 0xB9, 0x30, 0x93, 0x38, 0x71, 0xE0, 0x00, 0x27, 0x06, 0xC7, 0x24, 0xD4,
    0x88, 0xC3, 0x77, 0xBF, 0xEF, 0x91, 0x23, 0x8D, 0xFF, 0xC8, 0x91, 0x63, 0xE5, 0x46, 0x9A, 0x19,
    0xCE, 0x23, 0xF9, 0xDE, 0xF7, 0xBE, 0xF7, 0x7D, 0xBF, 0xEF, 0xF7, 0x7D, 0x8F, 0x34, 0xD1, 0x25,
    0x22, 0xA5, 0x88, 0x84, 0x2A, 0x68, 0xFC, 0x35, 0x8F, 0xB7, 0x23, 0xF1, 0x11, 0x06, 0x44, 0x66,
    0xC5, 0xBF, 0x7A, 0xF8, 0xB8, 0x94, 0xE3, 0xD2, 0xCD, 0x8C, 0xE8, 0x98, 0x85, 0x93, 0xB9, 0x13,
    0x91, 0x25, 0x3D, 0xA2, 0xB9, 0xEE, 0x3A, 0x77, 0x53, 0x90, 0x7D, 0xE7, 0x62, 0x46, 0x6D, 0xB2,
    0x12, 0x23, 0xC3, 0xED, 0x38, 0xED, 0x51, 0x1C, 0x99, 0xEA, 0x2D, 0x15, 0xF8, 0x2A, 0x70, 0x54,
    0x62, 0xAB, 0x6C, 0x6F, 0x0C, 0x23, 0x4E, 0xCD, 0xC1, 0x06, 0x7A, 0x91, 0x2D, 0x5C, 0x4E, 0xE8,
    0xDF, 0xA3, 0x19, 0x25, 0xBD, 0x3B, 0x99, 0x47, 0x3D, 0x5B, 0xBA, 0x66, 0xE6, 0xC8, 0x70, 0x55,
    0xBD, 0x59, 0x79, 0xF2, 0xC9, 0xD1, 0x3D, 0x99, 0x05, 0x01, 0xB6, 0xD7, 0x58, 0xE0, 0x08, 0x3D,
    0xCC, 0xEF, 0xF6, 0x05, 0x31, 0xC9, 0xE7, 0x83, 0x21, 0x3E, 0x6C, 0x9E, 0x4C, 0x1B, 0x7D, 0x9A,
    0xD7, 0x13, 0x48, 0xCE, 0x13, 0x39, 0xEB, 0xE2, 0x9E, 0xA4, 0x43, 0xE4, 0x52, 0x9F, 0xE8, 0x83,
    0x17, 0x73, 0xF4, 0xA0, 0x52, 0xF2, 0x2E, 0xAC, 0x4A, 0xCA, 0xC9, 0x0D, 0x30, 0x1F, 0x9F, 0x70,
    0xBA, 0x8F, 0xC9, 0xDA, 0x95, 0x3F, 0x24, 0xC5, 0x1D, 0x59, 0xF4, 0xAC, 0x91, 0xCF, 0x92, 0x5F,
    0x91, 0xF1, 0xC1, 0x68, 0xA8, 0x99, 0x8A, 0xBC, 0x8B, 0xA9, 0x13, 0x94, 0x42, 0xA2, 0x4F, 0xDC,
    0x67, 0x66, 0x46, 0x5C, 0x9A, 0xD5, 0xAA, 0x99, 0x59, 0xB2, 0x6F, 0x40, 0xF8, 0xD2, 0x1A, 0xA8,
    0x22, 0xFE, 0xB4, 0xD4, 0x42, 0x11, 0xCB, 0x2E, 0x78, 0xDA, 0x2E, 0x64, 0x81, 0x3A, 0xF0, 0xEB,
    0x26, 0x0E, 0x4E, 0xB4, 0x79, 0x3A, 0x25, 0x7A, 0x78, 0x0D, 0x27, 0xDB, 0x22, 0x25, 0x23, 0xB3,
    0x25, 0xD9, 0xFF, 0xB9, 0x18, 0x90, 0xAF, 0x2A, 0x32, 0x07, 0x17, 0x4A, 0x72, 0x02, 0x23, 0x87,
    0x62, 0x44, 0x86, 0xD3, 0xB6, 0xF4, 0x52, 0x8A, 0x3F, 0x53, 0x09, 0xF4, 0x88, 0x99, 0xA5, 0xB8,
    0x7D, 0x8E, 0xFB, 0xCF, 0xB9, 0xFF, 0x01, 0x0B, 0x5B, 0xFE, 0x10, 0xCD, 0x5A, 0x11, 0x09, 0x49,
    0x7C, 0xD9, 0xF2, 0x3C, 0xD9, 0xB9, 0xBE, 0x7F, 0x42, 0x4B, 0x6C, 0x60, 0xD9, 0xE3, 0x80, 0x9E,
    0xA8, 0xFB, 0x9C, 0xF8, 0x33, 0x59, 0xAA, 0x14, 0xDB, 0x67, 0x64, 0x49, 0x2D, 0x17, 0x56, 0x90,
    0xD2, 0xEC, 0x12, 0x54, 0x0D, 0xDD, 0xF6, 0x6B, 0x5B, 0x29, 0xEB, 0x5F, 0x30, 0x05, 0x0B, 0xBD,
    0xF9, 0x11, 0x19, 0x2A, 0x98, 0xB4, 0xA0, 0x65, 0x1B, 0x96, 0xD1, 0x2C, 0x95, 0xC3, 0xE7, 0x31,
    0x19, 0x68, 0x3A, 0x69, 0x64, 0x55, 0x89, 0xB7, 0xFA, 0x71, 0xE6, 0xBC, 0x45, 0x27, 0xFA, 0x7C,
    0x06, 0x46, 0xD3, 0xE1, 0xBE, 0xCC, 0x9C, 0xAC, 0x9C, 0x6C, 0xA5, 0x2C, 0xD8, 0xCC, 0x02, 0xAE,
    0x5B, 0xD1, 0xC6, 0xE8, 0xE0, 0xF6, 0x6B, 0x19, 0x5D, 0x12, 0xC1, 0x21, 0x09, 0xD5, 0x26, 0xB3,
    0x24, 0xB7, 0x4F, 0xD9, 0x9A, 0x1D, 0x34, 0xC6, 0x19, 0xE6, 0xF6, 0x57, 0x79, 0x5F, 0x7C, 0x26,
    0xED, 0x45, 0xA2, 0xA2, 0x11, 0xCA, 0xE7, 0x4E, 0x60, 0x5D, 0xA6, 0x52, 0x97, 0x55, 0x49, 0xD3,
    0xB8, 0x2E, 0xD0, 0x26, 0xC7, 0xFD, 0x76, 0x76, 0x8D, 0xFA, 0x10, 0x24, 0x6A, 0x91, 0x09, 0x4F,
    0x4A, 0x78, 0x15, 0xF4, 0xCB, 0x1D, 0x9A, 0x83, 0xA1, 0x47, 0x45, 0x66, 0xDE, 0x90, 0x3C, 0x52,
    0x2D, 0x91, 0x24, 0x2F, 0x60, 0x85, 0xC4, 0x2A, 0x0B, 0x15, 0x4D, 0x04, 0xB4, 0x62, 0x05, 0xCE,
    0xF3, 0x19, 0x2D, 0xF7, 0xD0, 0x21, 0xDB, 0xFA, 0xE1, 0xAD, 0xDA, 0x49, 0x21, 0xD7, 0x5A, 0xF4,
    0x6D, 0x42, 0x95, 0xB6, 0x93, 0x47, 0x58, 0x35, 0x33, 0x38, 0x06, 0x79, 0x5D, 0x2C, 0xDB, 0x1F,
    0xA1, 0x2C, 0x85, 0xB7, 0x13, 0xD4, 0x1D, 0xFC, 0xEA, 0x3D, 0x76, 0xC0, 0x21, 0xB9, 0xFF, 0xB5,
    0x98, 0x99, 0x19, 0xC5, 0x10, 0xC7, 0x4E, 0x01, 0x25, 0x25, 0x84, 0xF1, 0x4E, 0x65, 0x80, 0x90,
    0x3E, 0x19, 0x05, 0x1A, 0xDA, 0x68, 0x70, 0xB9, 0x41, 0x62, 0x20, 0xD8, 0x2F, 0xE5, 0x68, 0x28,
    0xE1, 0x73, 0x25, 0x56, 0xA2, 0xD0, 0x4E, 0x3C, 0xF6, 0x8A, 0xAF, 0xE0, 0xF6, 0x0C, 0x56, 0xDC,
    0x6F, 0xC1, 0xE8, 0xA7, 0x30, 0xB7, 0xCD, 0x00, 0x0E, 0x1A, 0x41, 0x09, 0xE4, 0xEC, 0x28, 0x4C,
    0xD5, 0x91, 0x22, 0x31, 0x79, 0xC8, 0x3E, 0x14, 0xE9, 0x41, 0x6A, 0x34, 0x45, 0x66, 0x26, 0xB8,
    0xA1, 0x8F, 0x06, 0x57, 0xBA, 0xD2, 0xAC, 0xE2, 0x01, 0x79, 0x43, 0x3F, 0xA1, 0xF9, 0x9F, 0x60,
    0xAE, 0xBF, 0x7D, 0xB7, 0x96, 0xD5, 0xFA, 0xFA, 0xA5, 0x12, 0x57, 0xD8, 0x7C, 0xB7, 0x17, 0xB1,
    0xB0, 0x38, 0xB0, 0x13, 0x1C, 0x2C, 0xFD, 0xEC, 0x9B, 0x79, 0xEB, 0x36, 0x80, 0xB4, 0x6D, 0xB2,
    0xE8, 0x68, 0xE9, 0x99, 0x8C, 0x80, 0x2C, 0x2E, 0x0E, 0x7C, 0xDD, 0x2F, 0xB4, 0x92, 0xDE, 0x23,
    0xAF, 0x0D, 0xED, 0x3F, 0x93, 0xE9, 0x15, 0x38, 0x12, 0x9F, 0x27, 0x0F, 0xA0, 0x86, 0xCB, 0x9F,
    0x5A, 0x95, 0x58, 0x00, 0x5A, 0xFE, 0xA7, 0x52, 0xA4, 0x26, 0xA6, 0x6C, 0x4B, 0x48, 0x0A, 0x25,
    0xF7, 0x59, 0x50, 0x1F, 0x3F, 0x21, 0xA7, 0x51, 0x1A, 0xA5, 0x80, 0x98, 0xA6, 0xBA, 0x3E, 0xD4,
    0x52, 0x76, 0xE7, 0x01, 0x1B, 0x52, 0xA8, 0x7C, 0x64, 0x88, 0xDD, 0xEE, 0x82, 0x82, 0xAD, 0x56,
    0x17, 0xFA, 0xB6, 0x34, 0x71, 0xCB, 0x3F, 0x34, 0x8B, 0xCE, 0x5F, 0x1B, 0xAB, 0x58, 0xDE, 0x6A,
    0xF4, 0xAB, 0xFE, 0x3A, 0xDF, 0x27, 0xC7, 0x96, 0xC6, 0xA7, 0x4A, 0x55, 0xB8, 0x0F, 0x50, 0x9D,
    0xFA, 0x8C, 0xB1, 0x8D, 0xA0, 0x15, 0x55, 0xB1, 0x13, 0x75, 0x7A, 0xB4, 0x91, 0x1A, 0x8A, 0x5F,
    0x55, 0x4E, 0x1A, 0x94, 0x30, 0x31, 0xC8, 0x5D, 0x40, 0xF4, 0xC6, 0xC5, 0x5B, 0x86, 0x64, 0x84,
    0x76, 0x80, 0x1E, 0xD3, 0xBA, 0xA1, 0xDB, 0xED, 0xBE, 0xA0, 0x54, 0xE9, 0xDE, 0xB9, 0x08, 0x29,
    0x66, 0x31, 0x84, 0x1C, 0x1B, 0xF7, 0x4E, 0x05, 0x0B, 0x4E, 0xC7, 0x44, 0xEB, 0xD3, 0x11, 0x7C,
    0x65, 0x7D, 0x3A, 0xE6, 0x29, 0xB5, 0xA5, 0x34, 0x0C, 0x9F, 0x34, 0xA2, 0xE2, 0x98, 0x01, 0x8B,
    0x1A, 0x81, 0x70, 0x9C, 0x3A, 0x5F, 0x65, 0x85, 0xB8, 0x2D, 0xED, 0xFF, 0x21, 0x57, 0x8B, 0xB3,
    0x15, 0x68, 0xF4, 0x26, 0xA3, 0x64, 0x0F, 0x7D, 0x1D, 0xB6, 0x5B, 0x0F, 0x0E, 0x83, 0xD4, 0x46,
    0x3D, 0x52, 0xCB, 0x63, 0x4B, 0x73, 0xAF, 0x77, 0x7A, 0x85, 0x18, 0x94, 0x1D, 0xDA, 0xCE, 0xCC,
    0x1D, 0x58, 0x19, 0xBF, 0x76, 0x12, 0xD2, 0x91, 0x8F, 0x42, 0xE2, 0xDE, 0xE2, 0x0A, 0xDE, 0xF9,
    0xD8, 0x3A, 0x68, 0x6B, 0xEC, 0x64, 0xF7, 0x73, 0xBF, 0xAC, 0xA3, 0xC8, 0x01, 0x97, 0x45, 0x1A,
    0x6B, 0x0C, 0xF0, 0xAE, 0xC6, 0x77, 0xC0, 0x39, 0x4D, 0xD2, 0x2C, 0xF5, 0x60, 0x49, 0xDF, 0xA5,
    0xDA, 0xFC, 0xDC, 0xC3, 0x5A, 0x23, 0x4B, 0xE6, 0x2D, 0xFA, 0x2E, 0x31, 0xF6, 0x40, 0xC2, 0x54,
    0x91, 0xBF, 0xBA, 0x99, 0x3A, 0x7F, 0x24, 0x6F, 0x8D, 0x42, 0x2D, 0xDE, 0x3A, 0xC3, 0x17, 0xFB,
    0x08, 0x1C, 0x47, 0x55, 0xB0, 0x31, 0x86, 0x76, 0x3A, 0x4F, 0x0C, 0xC2, 0x68, 0x81, 0x38, 0xE8,
    0xB8, 0x65, 0xCA, 0x1A, 0x64, 0xDE, 0x03, 0xC2, 0xA9, 0xC2, 0xAC, 0x5E, 0x2C, 0xA0, 0xF0, 0x35,
    0xC0, 0xC8, 0x59, 0xAC, 0xF1, 0xB3, 0xC0, 0x2F, 0x16, 0x44, 0xBF, 0x4B, 0xFD, 0xF6, 0x55, 0x9F,
    0x9E, 0x1A, 0xA2, 0xEF, 0x1E, 0x54, 0xDE, 0xC3, 0x72, 0xF7, 0xDC, 0x94, 0x7A, 0x58, 0x8D, 0x12,
    0x82, 0xE7, 0x64, 0x2C, 0xD4, 0xB8, 0x83, 0xEE, 0xAD, 0x2D, 0x18, 0x68, 0x87, 0xCC, 0xA4, 0xB5,
    0xEB, 0x83, 0x3E, 0xF0, 0x71, 0x50, 0x65, 0x1D, 0x08, 0x96, 0x1B, 0x99, 0x48, 0x2C, 0xE9, 0x04,
    0x1E, 0x79, 0xCF, 0x17, 0x38, 0x13, 0x99, 0x5F, 0xAC, 0xB0, 0xDE, 0x59, 0xFD, 0x20, 0x38, 0x39,
    0x4C, 0x2B, 0x77, 0xC9, 0x4A, 0x21, 0xFD, 0x1B, 0x90, 0xD3, 0x49, 0xEC, 0xD4, 0xC5, 0xEC, 0xED,
    0xAA, 0x41, 0x35, 0xD8, 0x3E, 0xF9, 0xEF, 0x44, 0xDA, 0xF8, 0x47, 0xE4, 0xE4, 0x30, 0x67, 0x81,
    0xD7, 0x11, 0x7A, 0x96, 0x3A, 0x60, 0x1D, 0x21, 0x6E, 0x9A, 0x8B, 0x0E, 0x7F, 0x16, 0x41, 0xED,
    0x33, 0xA2, 0xA0, 0xDD, 0x75, 0x3C, 0xF4, 0xB5, 0xC0, 0x85, 0x1B, 0xF5, 0x30, 0x46, 0xB0, 0x3B,
    0x82, 0x03, 0xC8, 0xAB, 0x62, 0x60, 0x5C, 0x07, 0x72, 0xF6, 0xEA, 0x59, 0xD8, 0xD2, 0x4E, 0x96,
    0x71, 0x26, 0xA5, 0x0F, 0xDE, 0x65, 0x2B, 0xD6, 0xCB, 0xE8, 0x43, 0xD6, 0x58, 0x0D, 0x2D, 0x69,
    0x14, 0x70, 0xC6, 0x4F, 0x80, 0xB3, 0x22, 0x37, 0x0B, 0x8C, 0x10, 0x98, 0x6A, 0xE5, 0x90, 0xF5,
    0xFD, 0xEB, 0xE6, 0x6A, 0xBE, 0x6B, 0x8D, 0x09, 0x5B, 0xAD, 0x21, 0x7E, 0x4D, 0xD5, 0x3F, 0xED,
    0xA8, 0xD6, 0x6B, 0x71, 0xD7, 0x84, 0x80, 0xF3, 0xD2, 0x5F, 0xDD, 0x12, 0xA9, 0x13, 0x39, 0x81,
    0x5B, 0x4F, 0x08, 0x51, 0x27, 0x77, 0x23, 0x66, 0xDA, 0x73, 0x2F, 0xEB, 0x5B, 0x39, 0x46, 0x63,
    0xD6, 0x01, 0x9C, 0x88, 0x03, 0x37, 0xD4, 0xB2, 0x06, 0xAE, 0x27, 0x87, 0xB4, 0x01, 0x5F, 0x4E,
    0x28, 0xBE, 0xD5, 0x08, 0xC0, 0x6B, 0x41, 0x1D, 0x7C, 0x88, 0x14, 0x23, 0x3C, 0xDD, 0x30, 0xA7,
    0x89, 0x6E, 0x30, 0xD1, 0x45, 0xE8, 0x0F, 0x2B, 0x10, 0xCB, 0x33, 0x1C, 0x8E, 0x3A, 0x2C, 0x66,
    0x01, 0xEF, 0x12, 0xEC, 0xAC, 0x4E, 0xDD, 0x14, 0x23, 0x4A, 0x62, 0xC1, 0xD5, 0x58, 0xD3, 0xFD,
    0x57, 0xC1, 0x53, 0x27, 0x2B, 0xDD, 0x97, 0x66, 0xFE, 0x1E, 0xE6, 0x64, 0x31, 0xE9, 0xE7, 0x48,
    0xDA, 0x12, 0x23, 0x2B, 0x3B, 0x4A, 0x75, 0x0C, 0x77, 0x19, 0x4C, 0x75, 0x20, 0xBF, 0xFB, 0xC0,
    0x05, 0x0E, 0xEC, 0x00, 0xA5, 0x9D, 0x14, 0x1D, 0xE4, 0xC4, 0xF4, 0xD5, 0x66, 0x76, 0xDD, 0xDF,
    0xE7, 0x60, 0xB2, 0x32, 0xAA, 0xE7, 0x41, 0x5F, 0xCA, 0xE9, 0x2E, 0x4D, 0x77, 0x1D, 0x25, 0x5D,
    0x15, 0x85, 0x81, 0xB1, 0x4C, 0x5A, 0xAE, 0x67, 0x06, 0x17, 0x2E, 0x0E, 0x34, 0xB8, 0x4B, 0x2D,
    0xB5, 0x6E, 0xD4, 0x33, 0xD1, 0x73, 0xA2, 0xB1, 0x46, 0x9E, 0x8B, 0x9E, 0xD5, 0x58, 0x23, 0xA0,
    0x71, 0x66, 0xBB, 0xEE, 0x93, 0x57, 0xCC, 0x81, 0x84, 0x93, 0xC3, 0x46, 0xDC, 0xFF, 0x18, 0x04,
    0x08, 0x1B, 0x49, 0xBD, 0x70, 0xCE, 0x24, 0x4C, 0xEB, 0xA6, 0x92, 0xA4, 0xDE, 0xC9, 0x75, 0x0E,
    0xC0, 0xA2, 0x31, 0x47, 0xD0, 0x72, 0xB6, 0xD1, 0xE5, 0x78, 0x83, 0x11, 0x47, 0xE1, 0xDB, 0x2C,
    0xF3, 0x84, 0xE1, 0x64, 0xB7, 0xB7, 0x8A, 0x6B, 0x25, 0x31, 0x45, 0xE8, 0xCE, 0xC3, 0x20, 0x73,
    0x4D, 0x20, 0x10, 0x6D, 0xB3, 0x07, 0x1E, 0xC4, 0x29, 0x03, 0xA5, 0x7B, 0xE5, 0xAD, 0xEA, 0x7F,
    0xAF, 0x16, 0x47, 0x7F, 0xA1, 0x55, 0xBA, 0x18, 0x85, 0x29, 0xC4, 0xC6, 0xA0, 0x91, 0xB8, 0xEB,
    0x20, 0x7E, 0x5B, 0x15, 0x13, 0xD0, 0xC9, 0x67, 0x75, 0x40, 0x9F, 0xE8, 0x9E, 0x86, 0xCF, 0x26,
    0xFB, 0xF4, 0x5C, 0x1F, 0x98, 0xEA, 0x9C, 0xCA, 0x63, 0x05, 0x16, 0x50, 0x2F, 0xD7, 0x64, 0x81,
    0x35, 0xBC, 0xB7, 0x5F, 0x3E, 0xB0, 0xB7, 0xA1, 0x94, 0xA3, 0x74, 0x8C, 0xFE, 0xF4, 0x4D, 0x1E,
    0x16, 0x8C, 0x53, 0x8F, 0x20, 0xFF, 0xFB, 0x62, 0xE8, 0x86, 0xA5, 0x7D, 0x5E, 0xA7, 0x42, 0x69,
    0x98, 0x8A, 0xFB, 0xFE, 0xEC, 0xED, 0xB0, 0x02, 0xF7, 0x18, 0xBA, 0xEC, 0xBE, 0xFB, 0xFC, 0x79,
    0x05, 0xC6, 0x8B, 0x8E, 0x41, 0x1C, 0xEF, 0x5D, 0x47, 0xCF, 0xD0, 0x4A, 0xED, 0xCC, 0x6A, 0xB8,
    0xD1, 0xFE, 0xFD, 0x52, 0x2E, 0xA4, 0x25, 0xC5, 0xE7, 0x9C, 0x9B, 0x18, 0xE4, 0x24, 0xC0, 0x2E,
    0x3D, 0xDB, 0x83, 0x8C, 0xF7, 0x70, 0x79, 0xA7, 0xBB, 0xBE, 0x7A, 0x41, 0x5D, 0x1B, 0x1A, 0x61,
    0xC0, 0x33, 0xD6, 0x0A, 0x1D, 0x71, 0xC2, 0x83, 0x35, 0x80, 0x09, 0x64, 0x48, 0x73, 0x8B, 0x06,
    0x68, 0x3D, 0xA6, 0xEE, 0x70, 0x9D, 0x45, 0x59, 0x3B, 0x54, 0xF3, 0x5A, 0xA6, 0xBE, 0x9D, 0x39,
    0x40, 0xB5, 0x72, 0x0C, 0x5C, 0x37, 0xCC, 0x32, 0x4C, 0x63, 0xD9, 0xA1, 0x9E, 0x48, 0xAD, 0x7D,
    0xBF, 0xEC, 0x6D, 0xEB, 0xAA, 0x4A, 0x7B, 0x3A, 0xE9, 0xD4, 0xF4, 0x3D, 0xE2, 0x38, 0xCA, 0x91,
    0x13, 0x89, 0xE0, 0x71, 0xB8, 0x9D, 0xA9, 0xE4, 0x5A, 0x67, 0x8A, 0xC3, 0x29, 0xC0, 0x41, 0x0D,
    0x91, 0xAD, 0x40, 0x3B, 0xFD, 0xEF, 0xF9, 0x40, 0x12, 0x50, 0x10, 0x87, 0x03, 0x74, 0xB4, 0xA1,
    0xC5, 0xE9, 0x91, 0x93, 0x99, 0x5B, 0x51, 0xAF, 0xE5, 0x18, 0xF5, 0x82, 0x78, 0x12, 0x4C, 0x01,
    0x17, 0xF7, 0x78, 0xE4, 0x07, 0x7F, 0xD8, 0xDC, 0x4B, 0x88, 0x2B, 0x91, 0x98, 0x76, 0x17, 0xD8,
    0x72, 0xA5, 0x36, 0xD8, 0x02, 0x23, 0x2C, 0xB1, 0x72, 0x02, 0xCC, 0x3B, 0x21, 0xFB, 0x0A, 0x70,
    0xAF, 0xDF, 0xC4, 0x7A, 0x8A, 0x19, 0x3F, 0x6F, 0xF2, 0x64, 0x80, 0xC0, 0xF6, 0x15, 0x34, 0x43,
    0x37, 0x7C, 0x31, 0xCB, 0x15, 0x07, 0x1E, 0x40, 0x1C, 0xFD, 0xE8, 0xBC, 0x76, 0x82, 0x23, 0x1F,
    0xD5, 0x3C, 0x4E, 0x23, 0x4E, 0xD6, 0xE4, 0xBF, 0x46, 0x13, 0xB4, 0x54, 0x93, 0x00, 0x33, 0xAE,
    0xCA, 0x3A, 0xC6, 0x70, 0x8C, 0xCF, 0xFC, 0xA1, 0x90, 0xA0, 0x8B, 0x90, 0xAE, 0x85, 0xD5, 0xF8,
    0x1A, 0xF4, 0x08, 0x14, 0xC0, 0x59, 0xC6, 0x59, 0x44, 0x84, 0x6C, 0x5D, 0xE3, 0xAD, 0x43, 0x95,
    0xB1, 0x11, 0x54, 0xAE, 0xE2, 0x5E, 0x80, 0x80, 0x93, 0x4D, 0x31, 0xA1, 0x57, 0xE7, 0xD9, 0x4E,
    0x83, 0x7D, 0x6C, 0x99, 0x49, 0x5C, 0x84, 0xC9, 0x62, 0x2E, 0xC0, 0xF1, 0x05, 0x52, 0x14, 0xF1,
    0x31, 0xB0, 0x67, 0x4B, 0xEA, 0x72, 0x84, 0xB8, 0x91, 0x92, 0xB8, 0x8E, 0x01, 0x92, 0x0A, 0x6F,
    0x3F, 0xB2, 0x73, 0x27, 0xF3, 0x4B, 0x5E, 0x1E, 0xDC, 0xFD, 0x53, 0xCD, 0x9C, 0x44, 0xA9, 0xB3,
    0xEA, 0xBF, 0x6F, 0xA8, 0xE8, 0x02, 0x71, 0x2E, 0xCF, 0x75, 0x81, 0xBB, 0x98, 0xF8, 0x7E, 0x5F,
    0x53, 0x35, 0xE9, 0x9A, 0x43, 0xBC, 0xB8, 0xC9, 0x51, 0x8A, 0x68, 0xD6, 0x2C, 0xBD, 0xFC, 0x97,
    0x5A, 0x03, 0x5E, 0xB2, 0x98, 0x88, 0x87, 0xFE, 0xCD, 0x6C, 0xC7, 0xD5, 0xE3, 0x0F, 0xA9, 0x13,
    0x71, 0xBF, 0xA1, 0xA2, 0xB5, 0xAE, 0x8F, 0x1E, 0x7C, 0x7C, 0x28, 0x14, 0x38, 0x64, 0xA6, 0x20,
    0x28, 0x51, 0xC3, 0xA0, 0x8D, 0xB4, 0xBB, 0xE0, 0x3A, 0xEA, 0xE3, 0xD4, 0x4D, 0x66, 0xA9, 0x6F,
    0x46, 0xB6, 0x3C, 0xFA, 0x88, 0x42, 0x05, 0xA7, 0x86, 0xCE, 0x62, 0x92, 0xB5, 0x8F, 0x89, 0x6B,
    0x49, 0x7B, 0x56, 0x24, 0x41, 0x9B, 0x43, 0xEB, 0x83, 0x3F, 0x66, 0xB6, 0x41, 0x3A, 0xF7, 0xD1,
    0xC2, 0x11, 0x0C, 0x5F, 0xC0, 0xFA, 0xA2, 0x3E, 0x9D, 0x7F, 0xF8, 0x80, 0xE4, 0x25, 0xB4, 0x98,
    0x70, 0x8F, 0xF7, 0xFD, 0x9F, 0x14, 0xC9, 0x86, 0x48, 0xD6, 0x45, 0xF2, 0xE4, 0x3D, 0xA7, 0x66,
    0xB6, 0x89, 0x53, 0x81, 0x6E, 0xA0, 0xC7, 0xD6, 0x75, 0xAA, 0xFE, 0xF8, 0xFB, 0x49, 0x24, 0xE1,
    0xC0, 0x8E, 0xB8, 0x3E, 0xE7, 0x41, 0xD7, 0xC7, 0xF7, 0xCE, 0x4F, 0xB1, 0xA3, 0xE2, 0x3D, 0x87,
    0x00, 0x38, 0x74, 0x58, 0x86, 0xA3, 0x70, 0x90, 0x99, 0x9C, 0x7D, 0x61, 0xF4, 0xF1, 0x2F, 0xB4,
    0x23, 0x9D, 0xD4, 0x80, 0x1B, 0x06, 0x5E, 0x2E, 0x5E, 0xD8, 0x3B, 0x11, 0x4C, 0x56, 0xA7, 0xB8,
    0xBE, 0x67, 0xB2, 0xBA, 0x99, 0x07, 0xD9, 0xEC, 0x3C, 0x1C, 0xDF, 0xCD, 0x86, 0xCB, 0x4C, 0x2C,
    0x40, 0xB0, 0x10, 0xE1, 0xAF, 0x72, 0x33, 0x80, 0x96, 0x97, 0xD2, 0x09, 0x16, 0xE4, 0x92, 0x79,
    0x43, 0x9A, 0x89, 0xFD, 0x82, 0xB4, 0x83, 0x13, 0x6E, 0x74, 0x82, 0x2E, 0x79, 0x68, 0x4A, 0x7C,
    0x34, 0x05, 0xCB, 0x68, 0xA2, 0x75, 0x34, 0x51, 0x89, 0x26, 0x1A, 0xA0, 0xC9, 0x50, 0x68, 0x12,
    0x43, 0xB3, 0x0A, 0x44, 0xEE, 0x2B, 0xA4, 0xC1, 0xE8, 0xF8, 0x27, 0x0D, 0xC2, 0x59, 0x51, 0x5D,
    0x04, 0x03, 0x60, 0xD6, 0xB4, 0xF2, 0x95, 0x3D, 0xF4, 0x9B, 0xB9, 0xA2, 0x22, 0x77, 0x07, 0x71,
    0x2E, 0x8C, 0x42, 0x8E, 0x4E, 0x52, 0xA4, 0xB8, 0xA4, 0x80, 0xF7, 0x75, 0x60, 0x61, 0x4E, 0x64,
    0xDD, 0xDD, 0xE0, 0xA5, 0xCE, 0x97, 0x3E, 0x74, 0x40, 0xD0, 0x64, 0xF7, 0xDF, 0x54, 0x20, 0xD4,
    0x27, 0x8A, 0x0C, 0x40, 0x05, 0x58, 0xBD, 0x0D, 0xC4, 0x0B, 0x4E, 0xF4, 0x21, 0xFD, 0xA5, 0x12,
    0xA2, 0x5E, 0x2B, 0xD0, 0x74, 0x2A, 0x43, 0x93, 0xC8, 0xD0, 0x64, 0xA5, 0x10, 0xD5, 0xFE, 0x18,
    0xA2, 0x3A, 0x1F, 0x42, 0x54, 0xE7, 0xAF, 0x90, 0xDE, 0xCD, 0x21, 0xBD, 0x9F, 0x78, 0xB7, 0xC8,
    0x3F, 0x0D, 0xEA, 0xC2, 0xDA, 0x61, 0x34, 0xF9, 0x39, 0x35, 0xC4, 0x4F, 0x0B, 0xCB, 0x1C, 0x4F,
    0xA3, 0xC9, 0x88, 0xFB, 0x4D, 0x66, 0x71, 0x6A, 0x55, 0x5C, 0xBE, 0x48, 0x5D, 0xC9, 0x49, 0xFA,
    0xFE, 0xE2, 0x72, 0x83, 0x8D, 0x1C, 0xD1, 0x51, 0xA7, 0x9B, 0xC0, 0x3C, 0x19, 0xD4, 0x7A, 0x60,
    0x78, 0xD1, 0xE9, 0x17, 0xE3, 0x8B, 0xC1, 0x67, 0xFE, 0xDD, 0xE4, 0x4A, 0x1C, 0xD8, 0x2A, 0x27,
    0x67, 0x75, 0xD9, 0xD5, 0xCC, 0xFE, 0x7F, 0x56, 0xE8, 0x69, 0x5C, 0x22, 0x2E, 0x63, 0xD4, 0x75,
    0xC6, 0xE4, 0xBC, 0xA1, 0xBB, 0x8F, 0xB9, 0x42, 0xB5, 0x87, 0xAF, 0xEB, 0x4F, 0x5D, 0x5F, 0x16,
    0x3A, 0x9E, 0xD4, 0x35, 0x20, 0xAD, 0x4F, 0x33, 0x99, 0xB9, 0xAA, 0x82, 0x29, 0x53, 0x85, 0x4C,
    0x2C, 0xC3, 0x68, 0x59, 0x5F, 0x59, 0x32, 0x37, 0xE6, 0x99, 0x6B, 0xBA, 0xA8, 0x39, 0x18, 0x69,
    0x36, 0x76, 0x7F, 0xB3, 0x09, 0x0E, 0x19, 0x90, 0x5F, 0x7E, 0xAF, 0x3D, 0x14, 0x6C, 0x0F, 0xF9,
    0xAE, 0x3D, 0xA4, 0x6C, 0x0F, 0x09, 0xDB, 0xC3, 0x15, 0xB6, 0x87, 0x37, 0xD9, 0x1E, 0x7E, 0xB7,
    0x8F, 0x3D, 0x60, 0xC4, 0x49, 0x0E, 0xB9, 0x1D, 0x96, 0x4E, 0x57, 0xB0, 0xEB, 0x38, 0x49, 0x8B,
    0x76, 0xC5, 0x56, 0x60, 0x54, 0x86, 0xAE, 0xD4, 0xB0, 0x22, 0x78, 0xFE, 0x05, 0x47, 0x6C, 0x63,
    0xFC, 0xA7, 0x5D, 0x18, 0x99, 0xCA, 0xB9, 0x0F, 0xB7, 0x76, 0x69, 0x56, 0x44, 0x58, 0x3B, 0xE2,
    0x1C, 0x47, 0xEB, 0xA6, 0x02, 0xEF, 0xAB, 0x60, 0xAC, 0x3A, 0xF4, 0xDB, 0x15, 0x5D, 0x40, 0x20,
    0xFF, 0xED, 0x58, 0x3A, 0xC8, 0x07, 0x90, 0x5F, 0x60, 0xDD, 0xD0, 0xC7, 0x55, 0x2C, 0x5C, 0xC9,
    0x04, 0xE0, 0x43, 0xD9, 0x44, 0xD3, 0x8F, 0xF8, 0x00, 0x8A, 0x76, 0xAE, 0xA2, 0xE3, 0x02, 0xD7,
    0x78, 0xA7, 0x0B, 0x38, 0x1C, 0xE0, 0xA0, 0xA4, 0xF0, 0x8E, 0xE2, 0x7E, 0x60, 0xC3, 0x7A, 0x18,
    0xA4, 0x7F, 0x63, 0xD4, 0x83, 0xC2, 0x82, 0x54, 0x9C, 0xF4, 0x8D, 0xB2, 0x47, 0xDE, 0x22, 0x62,
    0x59, 0x44, 0x3C, 0x62, 0x41, 0x4E, 0x4C, 0xE2, 0xAB, 0x84, 0x2B, 0xD4, 0x85, 0xF7, 0x45, 0x69,
    0x40, 0xBA, 0x89, 0xF9, 0x1A, 0xEA, 0xAD, 0xE8, 0x38, 0x24, 0x3D, 0x13, 0x90, 0xC1, 0xB5, 0xAC,
    0xDD, 0x1A, 0xFC, 0xE4, 0x7B, 0x1C, 0xD5, 0x11, 0xFA, 0xB6, 0x67, 0x4A, 0x82, 0xDE, 0x33, 0x84,
    0x7C, 0xFF, 0x74, 0x46, 0x46, 0xB9, 0xD4, 0x48, 0xCA, 0x22, 0xD7, 0x92, 0xB2, 0xC8, 0x1F, 0xF2,
    0x24, 0xA0, 0x51, 0xE7, 0x1C, 0x38, 0x4C, 0xEE, 0x73, 0x85, 0xB5, 0x22, 0x57, 0x5A, 0xD5, 0x2A,
    0xD7, 0x06, 0xA0, 0x8C, 0x89, 0xBA, 0x67, 0x43, 0x3E, 0x41, 0x4B, 0x36, 0x40, 0x33, 0xA2, 0xDF,
    0x8F, 0xB4, 0x63, 0xA9, 0xC8, 0xD9, 0x19, 0xDA, 0xD2, 0xBD, 0x2A, 0xCD, 0x6F, 0x33, 0xCE, 0x8D,
    0x90, 0x71, 0x73, 0x0C, 0xDE, 0xC1, 0x8F, 0x75, 0xAE, 0xF8, 0x3B, 0xAF, 0x57, 0x8B, 0x9A, 0xFB,
    0x77, 0x47, 0x13, 0x3D, 0x62, 0xC0, 0xC2, 0x33, 0x0C, 0x38, 0x74, 0x91, 0xA4, 0x83, 0x6A, 0x8A,
    0xE0, 0xFC, 0x8F, 0xA8, 0x68, 0x5D, 0x9E, 0xB1, 0x02, 0xB1, 0x99, 0x8A, 0x4F, 0x32, 0x03, 0x89,
    0xD4, 0xFB, 0xCF, 0x8D, 0xD8, 0x9E, 0x4A, 0x45, 0xA5, 0x4E, 0x65, 0xD6, 0xD7, 0x19, 0xAD, 0x03,
    0xD6, 0x37, 0xB4, 0xE4, 0x18, 0xBE, 0x83, 0x8C, 0x69, 0x15, 0x77, 0x64, 0x22, 0x8D, 0xDF, 0xC9,
    0x2C, 0xB4, 0x4C, 0x07, 0x75, 0x6D, 0x86, 0xCB, 0xBC, 0x4A, 0x45, 0xDE, 0xE7, 0xE1, 0x85, 0x0D,
    0x50, 0xAA, 0x82, 0x4E, 0xBA, 0x01, 0x4C, 0x28, 0x29, 0x35, 0x07, 0x4C, 0xB8, 0xF4, 0xE5, 0x69,
    0x17, 0x03, 0x23, 0x19, 0x28, 0x00, 0xAD, 0xA3, 0x4A, 0x47, 0xEE, 0x35, 0x2F, 0x69, 0x83, 0xD3,
    0x57, 0x5F, 0xE1, 0x1C, 0xC0, 0x16, 0x43, 0x26, 0x44, 0xA6, 0xBA, 0xA8, 0x60, 0xCF, 0xBA, 0xEF,
    0xF1, 0x54, 0x3C, 0xCE, 0x1D, 0x2E, 0x2C, 0x9D, 0xD9, 0x4A, 0x91, 0x3A, 0x06, 0xBD, 0x1E, 0xF9,
    0xD2, 0x59, 0x05, 0x43, 0xD4, 0xD6, 0xA1, 0x76, 0x52, 0x4E, 0xC1, 0x0B, 0x76, 0x63, 0x9F, 0x07,
    0x07, 0x11, 0x06, 0xAD, 0x81, 0x89, 0x48, 0xF2, 0xBE, 0xD8, 0x51, 0xEA, 0x94, 0xCA, 0x3D, 0x15,
    0x4D, 0x04, 0x7A, 0xE7, 0x63, 0xBE, 0xB6, 0x77, 0x2E, 0x49, 0xEB, 0x90, 0x37, 0xB2, 0x96, 0x5F,
    0xFD, 0x99, 0x73, 0xE4, 0x9C, 0xDC, 0xCB, 0x71, 0x30, 0x56, 0x7D, 0x1D, 0x11, 0x6B, 0xC4, 0xCB,
    0xBE, 0x9D, 0x92, 0x87, 0x48, 0x69, 0x2B, 0xDE, 0x62, 0x61, 0x6E, 0x08, 0xFE, 0xE6, 0x71, 0xF1,
    0x4D, 0xFA, 0x7C, 0x0B, 0x3C, 0x3C, 0x0A, 0x91, 0xF1, 0x88, 0xB2, 0xD9, 0x64, 0xD1, 0x64, 0xA4,
    0xAE, 0x8B, 0xB7, 0xF7, 0x02, 0xCC, 0xCC, 0x95, 0x32, 0xFC, 0xB0, 0xB4, 0xAA, 0xDF, 0x08, 0x5D,
    0x19, 0xBB, 0xFF, 0x7F, 0x66, 0x10, 0x84, 0x10, 0xF7, 0x02, 0xD7, 0x4F, 0x55, 0x60, 0x94, 0x08,
    0xAA, 0x1E, 0xF9, 0xF7, 0x12, 0xFC, 0x36, 0x1A, 0x36, 0xC8, 0xE4, 0x2C, 0x22, 0xC6, 0x80, 0x1E,
    0xC6, 0xB1, 0x2F, 0x73, 0x29, 0x0B, 0xD4, 0xBE, 0x2F, 0xF4, 0x2D, 0x91, 0xF7, 0xA5, 0x55, 0xC0,
    0x83, 0x7D, 0xA9, 0x59, 0xE9, 0x91, 0xD1, 0xBE, 0x4F, 0xBF, 0x61, 0xAA, 0xBB, 0x30, 0x7F, 0x60,
    0xA1, 0x18, 0x20, 0x23, 0xEE, 0x04, 0x62, 0x80, 0x88, 0x02, 0x3F, 0x34, 0x0D, 0x3E, 0x89, 0x2B,
    0xE0, 0x53, 0x1D, 0xBC, 0xC5, 0xB0, 0xC9, 0x36, 0x7E, 0x2C, 0x9D, 0x3E, 0x6D, 0xA4, 0xCE, 0x3F,
    0x4B, 0xEB, 0xA6, 0x5E, 0xBD, 0x3E, 0x3D, 0xA2, 0xF8, 0x11, 0xFF, 0x00, 0x57, 0x02, 0x44, 0xAF,
    0xE8, 0x3B, 0x5F, 0x0E, 0x2C, 0x55, 0xBA, 0xFF, 0xDD, 0xEF, 0x50, 0xAB, 0xCD, 0xFF, 0xCF, 0xF9,
    0xE0, 0x52, 0x29, 0xD7, 0x31, 0x0D, 0x26, 0x64, 0x39, 0xB2, 0x99, 0x7F, 0xA4, 0xA5, 0x8C, 0xDA,
    0x39, 0x2D, 0x95, 0x54, 0xC6, 0x17, 0x33, 0xAE, 0x60, 0xD6, 0x95, 0x2F, 0xC4, 0xBD, 0x40, 0xE7,
    0xB0, 0x53, 0x23, 0x10, 0x78, 0xED, 0x9B, 0xF5, 0x96, 0x79, 0x5D, 0xFE, 0x0D, 0x64, 0x57, 0x81,
    0x8D, 0xFF, 0xF2, 0xA8, 0x7D, 0x9B, 0xE6, 0xCE, 0x9A, 0xB7, 0x3F, 0xEF, 0x23, 0xBE, 0x4D, 0x6B,
    0xA6, 0x1D, 0x06, 0xC6, 0x4E, 0x62, 0x5D, 0xCE, 0xEC, 0xDA, 0x24, 0x7E, 0xB0, 0x04, 0x58, 0xE3,
    0xC4, 0xDA, 0xA2, 0x7C, 0xED, 0x84, 0x90, 0x0D, 0x72, 0xBA, 0x2F, 0x5D, 0x97, 0x27, 0x5A, 0xB4,
    0x89, 0x53, 0x39, 0x9C, 0x86, 0xE2, 0xCB, 0xB4, 0xF1, 0x8A, 0x79, 0x3B, 0x9A, 0x5B, 0x7E, 0x69,
    0x53, 0x65, 0x8C, 0x8C, 0x3F, 0x78, 0xB4, 0x97, 0x61, 0x67, 0x3A, 0x52, 0x7A, 0x5A, 0xED, 0xF3,
    0x07, 0x1C, 0xF0, 0x29, 0x4E, 0x07, 0x05, 0x27, 0x64, 0x2E, 0xDB, 0xE0, 0x4F, 0xE9, 0x55, 0x07,
    0x40, 0x73, 0x43, 0xB2, 0xFF, 0xF5, 0x1E, 0x73, 0x05, 0x84, 0x6C, 0xCD, 0x39, 0xC1, 0xB7, 0x29,
    0x8C, 0xC3, 0x3D, 0xF0, 0x0A, 0x4C, 0x03, 0xBD, 0xC0, 0x57, 0xD5, 0xE6, 0x9D, 0xF8, 0x42, 0x86,
    0x90, 0xD8, 0x6A, 0x89, 0xD4, 0x79, 0x82, 0x0A, 0x53, 0xD7, 0xEB, 0x19, 0x90, 0x6A, 0x52, 0xA0,
    0x4B, 0x5C, 0xFB, 0x35, 0xCC, 0x0C, 0x38, 0x34, 0x36, 0x1B, 0x86, 0x47, 0x80, 0x53, 0x56, 0x3E,
    0x3A, 0xCB, 0xE5, 0xA8, 0x60, 0xD7, 0xAF, 0x5A, 0x75, 0x32, 0xEA, 0xA9, 0x8F, 0x54, 0xF9, 0xA0,
    0x5C, 0x97, 0xEB, 0xA6, 0xAB, 0xA6, 0x4A, 0xA0, 0x9A, 0xDF, 0x70, 0xF0, 0x75, 0x98, 0xDF, 0xF5,
    0xD9, 0xAB, 0xCE, 0x8B, 0x88, 0x3A, 0x00, 0x33, 0x71, 0x1B, 0xC3, 0xF8, 0xC9, 0xEE, 0x06, 0x9A,
    0x01, 0xF9, 0xE7, 0x21, 0x7F, 0xD9, 0xB9, 0x38, 0x58, 0x45, 0x16, 0x29, 0x36, 0x11, 0xD3, 0xB3,
    0x15, 0x27, 0xFA, 0xC5, 0x01, 0xE4, 0x1E, 0x35, 0x18, 0xF1, 0x79, 0x78, 0x26, 0x1C, 0x48, 0x04,
    0x2C, 0x62, 0x44, 0xAF, 0x8A, 0xAB, 0xD4, 0x3B, 0x6A, 0x49, 0x84, 0x62, 0xA5, 0xE4, 0x83, 0xF2,
    0x72, 0xA4, 0xD5, 0x83, 0xCC, 0x1B, 0xC2, 0x09, 0x0F, 0xA0, 0xC1, 0x9F, 0x7D, 0x43, 0xDA, 0xAD,
    0x0F, 0xA4, 0xC1, 0x07, 0xEB, 0x08, 0x11, 0xE0, 0x7E, 0x1D, 0x19, 0x01, 0x54, 0xEB, 0x6D, 0x46,
    0x5C, 0xD6, 0x43, 0xA7, 0x6F, 0xE4, 0x63, 0x25, 0x8B, 0x6E, 0x60, 0x74, 0xCF, 0x00, 0xEC, 0xAA,
    0x99, 0x14, 0x51, 0x1B, 0xEB, 0x30, 0xC7, 0x38, 0xB4, 0x06, 0x37, 0xE1, 0xEC, 0x0E, 0x94, 0xF9,
    0xA1, 0x4D, 0x88, 0x99, 0x09, 0x00, 0xCA, 0x25, 0x2B, 0x33, 0x38, 0x78, 0x03, 0x8F, 0x74, 0xCC,
    0xA7, 0x85, 0xD1, 0xB6, 0xCA, 0x39, 0xE4, 0x49, 0x03, 0x80, 0xC9, 0xBF, 0x62, 0xD0, 0xE0, 0xD7,
    0x63, 0x3B, 0x7C, 0xB4, 0x1A, 0xC5, 0xD2, 0xDF, 0xAF, 0x3E, 0x37, 0xD6, 0x60, 0xE4, 0x80, 0x27,
    0x7F, 0x4B, 0xAD, 0x08, 0xF5, 0x66, 0xBD, 0x61, 0xCB, 0x52, 0xB3, 0x1E, 0xE0, 0xBF, 0x7A, 0xCF,
    0x62, 0x77, 0x4F, 0x68, 0x9E, 0x99, 0x63, 0xE2, 0xA8, 0x3F, 0x14, 0x10, 0xE8, 0xFB, 0xA5, 0xBF,
    0xBB, 0xA9, 0x43, 0xBA, 0xD8, 0x69, 0x49, 0x50, 0x80, 0x65, 0xAC, 0x73, 0x0C, 0xB0, 0x56, 0xCC,
    0xDD, 0x79, 0x48, 0x3E, 0x08, 0xEF, 0x62, 0x75, 0xCC, 0xFA, 0x8E, 0x14, 0x76, 0x09, 0xE8, 0xF6,
    0x1E, 0x5E, 0x6B, 0x44, 0x83, 0x1B, 0xF8, 0x01, 0xC8, 0xC2, 0x36, 0x18, 0x59, 0x2C, 0xF7, 0x1E,
    0x77, 0x38, 0x69, 0x60, 0x0A, 0xD5, 0xEF, 0xA9, 0xA6, 0x60, 0x23, 0xA5, 0xFD, 0xD8, 0x6B, 0xF2,
    0x9C, 0x11, 0x91, 0xF3, 0x7A, 0x82, 0xD9, 0x21, 0xAC, 0xCD, 0xAC, 0x1C, 0xD2, 0x9A, 0xD0, 0x71,
    0x46, 0x12, 0xBD, 0x85, 0xC4, 0x29, 0x41, 0xCA, 0x05, 0x1C, 0x36, 0x39, 0xBB, 0xAC, 0xAB, 0x3B,
    0x20, 0xC7, 0xC8, 0x7C, 0x86, 0xA4, 0x8A, 0xC5, 0x08, 0x9C, 0xF9, 0x11, 0x26, 0xA4, 0x9B, 0x52,
    0x8C, 0xEC, 0x68, 0x40, 0x94, 0xE0, 0x7C, 0x3E, 0x1B, 0xB2, 0xB7, 0xCB, 0x5B, 0x39, 0x15, 0xE3,
    0x71, 0xC4, 0x1B, 0xE0, 0x3F, 0x09, 0x46, 0x3E, 0x7B, 0x12, 0xFE, 0xC2, 0x03, 0xFF, 0xA5, 0x31,
    0x43, 0xF9, 0x4C, 0xEA, 0x65, 0xCE, 0xF7, 0xCC, 0x4A, 0x37, 0x2C, 0x81, 0xF4, 0x3A, 0x3B, 0xEA,
    0x16, 0xA9, 0x4F, 0xF5, 0x7E, 0xFC, 0xE8, 0xF5, 0xFE, 0xDF, 0x72, 0x19, 0xA1, 0xAC, 0x79, 0xA7,
    0x03, 0xCE, 0x40, 0xCF, 0x4D, 0x8E, 0xB6, 0x68, 0x7F, 0xBC, 0x99, 0x69, 0x7B, 0x48, 0xE0, 0xF0,
    0x05, 0xA2, 0x47, 0x0F, 0x37, 0xB5, 0x40, 0x41, 0x9E, 0x9E, 0xDA, 0x5B, 0xB3, 0xC7, 0x99, 0xD9,
    0xF4, 0x02, 0x50, 0x09, 0x2C, 0x41, 0x7D, 0xB2, 0xC1, 0x1B, 0xAE, 0x8F, 0x20, 0xB3, 0x6E, 0x8A,
    0xD0, 0xE0, 0x33, 0xF2, 0x86, 0x5C, 0x20, 0x55, 0x5B, 0x65, 0xC3, 0x9A, 0x27, 0xB3, 0x86, 0x25,
    0xE9, 0x50, 0xC5, 0x79, 0x5D, 0x9D, 0x03, 0x3F, 0x96, 0xDB, 0x84, 0x70, 0x1B, 0x8E, 0x12, 0x76,
    0x50, 0x17, 0xAB, 0x68, 0xC8, 0x21, 0x63, 0xB4, 0xB3, 0x75, 0xBC, 0xFE, 0xAA, 0x9A, 0xFD, 0x4A,
    0x1D, 0xD8, 0xED, 0x73, 0x69, 0xBD, 0xBF, 0x73, 0x7E, 0x77, 0xE8, 0x69, 0x26, 0xF4, 0xD3, 0x0B,
    0xA1, 0xC2, 0x0D, 0x31, 0x33, 0x44, 0xD0, 0x41, 0xF6, 0x95, 0xE5, 0xBA, 0x36, 0xAE, 0x80, 0xB1,
    0x46, 0xCE, 0x5F, 0xD0, 0xB7, 0xB1, 0x15, 0xB9, 0xFC, 0x68, 0xC0, 0x0D, 0x09, 0x8D, 0xF7, 0xC4,
    0x55, 0x89, 0xD9, 0xB7, 0xAD, 0x73, 0xBC, 0xE3, 0xD8, 0x41, 0xF2, 0xB9, 0xC6, 0xE4, 0x91, 0xF3,
    0x01, 0x72, 0xA6, 0x28, 0xE7, 0x64, 0xF6, 0x77, 0xF4, 0x01, 0x06, 0xB4, 0xFB, 0xB4, 0xCC, 0x61,
    0xA7, 0x24, 0xE6, 0x8F, 0xCC, 0x28, 0x23, 0x9D, 0xFD, 0xBB, 0x63, 0xD8, 0xA1, 0x75, 0xA3, 0xB9,
    0x99, 0x2E, 0x9D, 0x22, 0xCF, 0xE1, 0x49, 0x25, 0x27, 0xC7, 0xC1, 0x05, 0xA9, 0xD1, 0x2B, 0x76,
    0xE5, 0xDF, 0xB2, 0x83, 0xC5, 0x84, 0x33, 0xE9, 0x1C, 0x59, 0x92, 0x74, 0xA9, 0x6D, 0x0E, 0xD9,
    0x64, 0x3A, 0x59, 0x8B, 0x3C, 0xEB, 0x0C, 0x14, 0x91, 0xBD, 0x9F, 0xBF, 0x4A, 0xCE, 0x5B, 0xF6,
    0x47, 0xC8, 0x0E, 0x92, 0x16, 0x80, 0x96, 0x35, 0x8B, 0x41, 0x61, 0xA4, 0x98, 0xCA, 0xEE, 0xD3,
    0x60, 0x5C, 0xED, 0xD3, 0xEA, 0xD9, 0xE1, 0x7C, 0x07, 0x53, 0x79, 0xB5, 0x7E, 0xF2, 0x06, 0x58,
    0x33, 0xFD, 0xA2, 0x2A, 0xDC, 0xCA, 0x4D, 0x91, 0xE0, 0x97, 0xBC, 0x08, 0x81, 0xCB, 0x89, 0x50,
    0x80, 0x64, 0x0D, 0x30, 0xB1, 0x89, 0x49, 0x7C, 0x8B, 0x5B, 0xBC, 0x4C, 0x4F, 0xA6, 0xE6, 0x8E,
    0x9C, 0xC6, 0x73, 0xE6, 0x6E, 0x36, 0xB4, 0xD8, 0x88, 0x6F, 0x01, 0xC1, 0xAA, 0xBA, 0xC0, 0x12,
    0x07, 0xBA, 0x34, 0xDB, 0x9E, 0x23, 0x23, 0x9D, 0x1D, 0x0D, 0xEF, 0x56, 0x3C, 0x97, 0x99, 0x9C,
    0x77, 0x65, 0xFA, 0xBC, 0x89, 0xC6, 0x8B, 0xEC, 0x00, 0x6B, 0xD7, 0x90, 0x37, 0x4A, 0x72, 0x8F,
    0xD5, 0xCF, 0x79, 0xF1, 0x7E, 0xF8, 0xB0, 0xEE, 0x97, 0x55, 0xC2, 0x79, 0x66, 0x42, 0x7F, 0x57,
    0x69, 0x35, 0x19, 0xDB, 0xDC, 0xD1, 0x59, 0xD0, 0x71, 0x4E, 0xFA, 0x9C, 0xCB, 0x7B, 0x41, 0x0C,
    0xFE, 0xD7, 0x7D, 0x49, 0xA5, 0x61, 0x11, 0x46, 0x66, 0x2E, 0xD8, 0x76, 0xD6, 0xB9, 0xF6, 0x8D,
    0x05, 0x33, 0x72, 0xAC, 0x9D, 0x0F, 0x75, 0x8B, 0x1B, 0x2C, 0x19, 0xD7, 0x93, 0x93, 0x3D, 0xB1,
    0xEF, 0x9A, 0xC7, 0xA4, 0x5A, 0x81, 0xCE, 0x8B, 0x9A, 0x2F, 0x73, 0x43, 0x28, 0x75, 0xFD, 0xE4,
    0xC9, 0xD1, 0xE3, 0x06, 0x0B, 0x16, 0x6F, 0xB7, 0x5E, 0x58, 0x4D, 0xD6, 0xA8, 0x63, 0x4A, 0x91,
    0x99, 0x9C, 0xA0, 0x00, 0x60, 0xF5, 0xD3, 0x37, 0xFC, 0xD8, 0x4D, 0xAA, 0xEB, 0xA9, 0x7C, 0x2B,
    0xAF, 0x75, 0x41, 0xB3, 0x38, 0x91, 0xAD, 0x93, 0xB5, 0xA9, 0x54, 0xE5, 0xA8, 0xDD, 0x07, 0x3A,
    0x88, 0xF3, 0x57, 0xFD, 0xE0, 0x0F, 0xCC, 0x6B, 0xA4, 0x20, 0x57, 0x95, 0x9E, 0x1A, 0xCE, 0x52,
    0x31, 0x2B, 0x32, 0xBD, 0xEB, 0x1F, 0x34, 0x4F, 0x08, 0x65, 0x13, 0xB6, 0x74, 0xDC, 0xE0, 0x98,
    0x7F, 0xA1, 0xF2, 0x9B, 0xBA, 0x6D, 0x5D, 0xD4, 0x36, 0xCA, 0x51, 0x19, 0xE6, 0x50, 0xE5, 0x9B,
    0xD3, 0x17, 0xF9, 0x7B, 0x15, 0xBF, 0x83, 0x4B, 0x66, 0x46, 0x53, 0xE4, 0xBC, 0x96, 0xEB, 0x67,
    0x84, 0x78, 0x2F, 0xA8, 0x79, 0x44, 0xE8, 0xF0, 0x34, 0x67, 0xD3, 0x25, 0xEB, 0x4A, 0x6A, 0x7E,
    0x27, 0xB9, 0xBC, 0xDF, 0xFE, 0x01, 0x9A, 0x9B, 0x27, 0xAF, 0xA2, 0xF5, 0x90, 0xB2, 0x27, 0xEA,
    0xAD, 0xC6, 0x83, 0xFC, 0xDB, 0x03, 0xAE, 0xE6, 0xFC, 0x1F, 0xCD, 0x5B, 0x4D, 0x8C, 0xDD, 0xD6,
    0x75, 0x3E, 0x24, 0x35, 0x43, 0x5B, 0xB4, 0x45, 0xA1, 0x90, 0x62, 0xC7, 0xB2, 0x45, 0x2F, 0xB2,
    0x10, 0x12, 0xCD, 0x30, 0x0B, 0x2D, 0xD4, 0x62, 0xE6, 0x91, 0xB6, 0xD0, 0x18, 0xA8, 0x17, 0x56,
    0xD1, 0x79, 0x5E, 0x44, 0x40, 0xED, 0x45, 0x17, 0xA9, 0xD1, 0x74, 0xB4, 0x50, 0x11, 0xA1, 0x78,
    0x33, 0x8F, 0xB6, 0x17, 0x59, 0x78, 0xE1, 0x49, 0x91, 0x6C, 0x9A, 0x45, 0xB4, 0x70, 0xD0, 0x78,
    0xD4, 0x62, 0xB4, 0xD0, 0x62, 0x82, 0xBC, 0x37, 0xA4, 0x34, 0x08, 0xBC, 0xF0, 0xC2, 0xB4, 0x95,
    0x22, 0x8B, 0x14, 0x08, 0x1D, 0xCB, 0x75, 0xA0, 0x01, 0x32, 0x34, 0x42, 0xC7, 0x9C, 0x27, 0x3E,
    0xDE, 0x7E, 0xE7, 0x5C, 0x72, 0x34, 0x23, 0xC9, 0x3F, 0x52, 0xAC, 0xA4, 0x6F, 0xE6, 0x91, 0x7C,
    0xF7, 0x91, 0xF7, 0x9E, 0x7B, 0xEE, 0xB9, 0xE7, 0x7C, 0xE7, 0xBB, 0xF7, 0x11, 0x11, 0xC5, 0x11,
    0x99, 0x6B, 0x38, 0x97, 0x44, 0x5F, 0x1B, 0x45, 0xA4, 0x6A, 0xA2, 0x0E, 0x7F, 0xFC, 0x6A, 0x68,
    0x6D, 0xA8, 0xC4, 0xAD, 0xE3, 0x24, 0x08, 0xFD, 0xB0, 0xA4, 0x8E, 0x95, 0x51, 0xE5, 0x46, 0x66,
    0xDE, 0x21, 0x37, 0x91, 0x8F, 0x46, 0xE1, 0x46, 0x6E, 0x14, 0x5C, 0xAB, 0x28, 0x56, 0x11, 0x4D,
    0x84, 0x44, 0xDF, 0x7C, 0x9D, 0x26, 0x95, 0x2A, 0xEC, 0x0F, 0xB2, 0xFE, 0x89, 0xAC, 0xB0, 0xF2,
    0xD5, 0x59, 0x1A, 0x4C, 0xB8, 0xA1, 0x4F, 0x56, 0xEA, 0x44, 0x54, 0x58, 0x09, 0x05, 0x2A, 0x23,
    0x17, 0x6D, 0xA0, 0x20, 0xA3, 0x82, 0x2A, 0x9A, 0x25, 0x8F, 0xDC, 0xD0, 0x49, 0xAC, 0xD4, 0xCA,
    0xA9, 0x30, 0x0B, 0x23, 0x5E, 0x29, 0x0D, 0xA5, 0xAE, 0x52, 0xF3, 0x9A, 0x44, 0xB5, 0x36, 0x64,
    0xA2, 0xF7, 0x53, 0xA2, 0xA3, 0x44, 0x13, 0xFF, 0x91, 0x90, 0xAD, 0x2A, 0xB2, 0xB6, 0x9E, 0x4B,
    0xF0, 0xF8, 0x0C, 0x1E, 0xB7, 0x12, 0x88, 0x76, 0x84, 0x16, 0x70, 0x93, 0x93, 0xE0, 0x30, 0xC0,
    0xDB, 0xE5, 0x8B, 0xAA, 0x2D, 0x19, 0xE2, 0x6D, 0xE7, 0x38, 0x04, 0x11, 0x91, 0xA1, 0xC2, 0x49,
    0x54, 0x01, 0x41, 0x1C, 0x85, 0x4E, 0x1B, 0x27, 0xB9, 0x19, 0x63, 0x89, 0xC8, 0xC3, 0xFD, 0xB3,
    0xA8, 0xE5, 0xEC, 0x7D, 0x44, 0x67, 0x70, 0x5B, 0x41, 0xCE, 0x46, 0x49, 0x3E, 0x34, 0x33, 0x43,
    0x17, 0xA5, 0xD6, 0x72, 0xC7, 0xBB, 0x6A, 0xEA, 0xED, 0x43, 0x40, 0x1F, 0x02, 0xD9, 0x0A, 0x0D,
    0x1C, 0x44, 0x4D, 0x2F, 0xBC, 0x46, 0x96, 0x52, 0x63, 0xB2, 0x3F, 0x3C, 0x55, 0xE1, 0x69, 0x27,
    0x37, 0x73, 0xF2, 0x23, 0x1F, 0x4F, 0xE0, 0xC2, 0x49, 0x71, 0xB1, 0xF0, 0xD0, 0x47, 0x27, 0xED,
    0x0F, 0x94, 0xA2, 0x59, 0x94, 0xD8, 0x5C, 0xD2, 0xC3, 0x85, 0x9B, 0xE0, 0xA2, 0xC0, 0x45, 0x80,
    0xA7, 0xBC, 0xC4, 0x81, 0x84, 0x16, 0x4B, 0xA9, 0x5F, 0xDF, 0x7C, 0x3D, 0x24, 0x4F, 0x41, 0xE0,
    0xC5, 0xC5, 0x2F, 0xA9, 0xB0, 0x84, 0xDA, 0x52, 0x68, 0xD7, 0xCA, 0x0F, 0xCC, 0x92, 0x59, 0x40,
    0x8B, 0xA2, 0xCA, 0xDB, 0x1E, 0x4A, 0x1C, 0x0C, 0xBE, 0x05, 0x0A, 0x9E, 0x85, 0x00, 0x38, 0xCC,
    0x87, 0x46, 0xCC, 0x12, 0x2A, 0xB5, 0xA4, 0x6B, 0x9F, 0xE8, 0x76, 0x4F, 0xF6, 0x95, 0x7A, 0x77,
    0xB4, 0x5C, 0xDA, 0xA1, 0x95, 0x3E, 0x8A, 0x21, 0x21, 0x7E, 0x16, 0x43, 0x84, 0xA1, 0x32, 0x97,
    0x57, 0x42, 0x17, 0xF7, 0x1F, 0x34, 0xE4, 0x23, 0xB4, 0x1B, 0xA2, 0x16, 0x8C, 0x66, 0xE1, 0xE2,
    0x63, 0x80, 0xD1, 0x8A, 0x59, 0xD0, 0x17, 0x96, 0xA0, 0x88, 0xC2, 0xDA, 0x3A, 0x55, 0x4E, 0x93,
    0x55, 0x3C, 0xCF, 0xED, 0x71, 0x73, 0xE4, 0x41, 0xE9, 0x01, 0xEA, 0x1A, 0x2B, 0xA5, 0xAE, 0xE3,
    0xCD, 0x16, 0x06, 0x0D, 0xFE, 0x01, 0xDA, 0x78, 0x23, 0xA5, 0x8E, 0x9B, 0x58, 0xB9, 0x77, 0x2D,
    0x46, 0xEF, 0x32, 0x32, 0xE6, 0xA0, 0xC0, 0x6E, 0x77, 0x4E, 0x14, 0xD8, 0x5F, 0x1E, 0x42, 0x13,
    0x8F, 0xE1, 0xFD, 0x00, 0xDE, 0x74, 0xE3, 0xDD, 0x3D, 0x87, 0x86, 0xA0, 0xD4, 0xEE, 0xC9, 0xDD,
    0xE5, 0x37, 0xBD, 0xA7, 0x89, 0x1E, 0x47, 0x1F, 0x16, 0x30, 0x72, 0x7D, 0x08, 0xEE, 0x49, 0x5F,
    0x61, 0xA6, 0x26, 0x1A, 0xF2, 0x61, 0x3D, 0xF9, 0xFD, 0x62, 0x1D, 0x1D, 0x3D, 0xA0, 0x87, 0x54,
    0x06, 0xBB, 0x8B, 0xDA, 0x8F, 0x30, 0x29, 0x72, 0x23, 0xFA, 0xA4, 0x8F, 0xA2, 0x04, 0x51, 0xD1,
    0x13, 0x18, 0xB9, 0xA7, 0x23, 0x0A, 0x60, 0x0F, 0x8F, 0x84, 0xA2, 0x4C, 0xE3, 0x1C, 0x1B, 0x20,
    0xDB, 0xC7, 0xD4, 0xB7, 0x70, 0x38, 0x8E, 0x92, 0xD7, 0x57, 0x21, 0x03, 0x06, 0xCF, 0xAC, 0x9F,
    0x2D, 0x59, 0x27, 0xAB, 0xE4, 0x85, 0x74, 0x96, 0x6B, 0xFB, 0xBA, 0xD8, 0xAD, 0x58, 0x97, 0x3E,
    0x54, 0xFA, 0x10, 0x28, 0x7C, 0x7C, 0x64, 0xCC, 0x26, 0xD6, 0xA3, 0x3E, 0x1F, 0x60, 0xBB, 0x3D,
    0xF2, 0x32, 0x1C, 0x30, 0x6E, 0xB8, 0x2B, 0x86, 0x81, 0x8A, 0xC2, 0x0E, 0x76, 0x5D, 0x95, 0xF6,
    0x31, 0x87, 0x60, 0x3B, 0x03, 0xB6, 0xB8, 0xE4, 0xA1, 0x8F, 0x9E, 0x53, 0x19, 0x5F, 0x6C, 0x97,
    0x38, 0x35, 0xEE, 0xE9, 0xCE, 0xD1, 0x97, 0x5D, 0x95, 0x78, 0x95, 0x97, 0xDA, 0x1F, 0x24, 0x03,
    0xA3, 0x38, 0xE0, 0x24, 0x68, 0x7D, 0x00, 0x59, 0x9C, 0x75, 0x74, 0x70, 0x80, 0x9E, 0x39, 0x3C,
    0xD7, 0x62, 0x1E, 0xB9, 0x5F, 0x43, 0x37, 0x03, 0xB4, 0xEC, 0x5C, 0x46, 0x63, 0x03, 0x07, 0xA3,
    0x95, 0xF8, 0x09, 0xAA, 0x8B, 0x43, 0xBF, 0x34, 0x51, 0x5D, 0x62, 0xB3, 0xA8, 0x13, 0x7A, 0x06,
    0xF9, 0x78, 0x6C, 0x88, 0x9B, 0xA1, 0x53, 0x33, 0xD3, 0xEA, 0x62, 0x1D, 0x59, 0x69, 0x5C, 0x5A,
    0xE9, 0x7C, 0x61, 0xA5, 0xEC, 0x03, 0x4A, 0xB2, 0xAE, 0x64, 0x98, 0x1C, 0x21, 0x59, 0x9B, 0x89,
    0xBE, 0x7E, 0x1B, 0x65, 0xE9, 0x1A, 0xDE, 0x7E, 0xE4, 0x14, 0x6E, 0x1E, 0x54, 0x26, 0x57, 0xBA,
    0x9F, 0x42, 0x3F, 0x9D, 0x4F, 0xAD, 0x1D, 0x7F, 0x0F, 0x5D, 0xED, 0xD7, 0xD6, 0xAE, 0x92, 0x43,
    0x5B, 0x31, 0xCB, 0x4A, 0x3C, 0x7F, 0xB9, 0x3D, 0x8C, 0x8F, 0xB1, 0x1C, 0xF6, 0xA0, 0x97, 0x0F,
    0x52, 0xF7, 0xEA, 0x7C, 0x45, 0x63, 0xCC, 0x3D, 0xE8, 0xDA, 0x4D, 0x61, 0x7C, 0xDE, 0x25, 0x28,
    0x2B, 0xE0, 0xE1, 0xAE, 0x60, 0x1A, 0x66, 0x8E, 0x56, 0x9C, 0x75, 0xF4, 0xD2, 0x67, 0x03, 0xAD,
    0x60, 0xA1, 0x56, 0x86, 0xBB, 0xFC, 0xB0, 0x66, 0xDD, 0xD7, 0x98, 0x7E, 0x86, 0x3A, 0x2F, 0x3A,
    0xC6, 0x98, 0x1F, 0x0C, 0x5B, 0x0F, 0x61, 0x27, 0x6C, 0x59, 0xFD, 0xAD, 0xC2, 0xBD, 0xAE, 0xC2,
    0x81, 0x51, 0xD9, 0x89, 0x59, 0xA0, 0x63, 0x59, 0x49, 0x2E, 0xF4, 0x17, 0xC0, 0x40, 0xCA, 0x00,
    0x1F, 0x87, 0xE4, 0xA2, 0x16, 0x28, 0x69, 0x1E, 0xD5, 0x40, 0xA7, 0x5D, 0x9E, 0xBF, 0x3F, 0xE6,
    0xE9, 0x9B, 0x2D, 0x2E, 0xDA, 0x15, 0x26, 0xEF, 0x10, 0x73, 0xB7, 0x83, 0xA9, 0xDB, 0x21, 0xFD,
    0xEE, 0xD1, 0xAC, 0x51, 0x52, 0xB0, 0x82, 0xC9, 0x5F, 0x87, 0x62, 0x64, 0xB3, 0xBB, 0xDF, 0x46,
    0x7C, 0x4E, 0x7B, 0x18, 0x56, 0x76, 0x0C, 0x1B, 0xFA, 0x65, 0x4E, 0x33, 0x66, 0x88, 0xF1, 0xDD,
    0x36, 0xCB, 0x22, 0x4E, 0xAD, 0x4D, 0x95, 0xBA, 0x99, 0x97, 0x74, 0xA8, 0xF5, 0xD8, 0xA5, 0x1B,
    0x59, 0x19, 0x3C, 0x76, 0x04, 0x2F, 0x60, 0x65, 0x66, 0xEE, 0x46, 0x5E, 0x18, 0xC0, 0xAB, 0x29,
    0x15, 0xB6, 0x36, 0xDC, 0x98, 0xB4, 0xAF, 0x88, 0x96, 0x7F, 0x22, 0x06, 0x3C, 0xC3, 0x1D, 0xED,
    0xA1, 0xE4, 0x2D, 0x55, 0x39, 0x3C, 0xE4, 0x37, 0x1D, 0xF0, 0x6D, 0x3F, 0x36, 0x55, 0x6E, 0xFC,
    0x3D, 0x19, 0x19, 0x4D, 0x59, 0x6F, 0x24, 0x41, 0x41, 0x78, 0xB4, 0xDB, 0xED, 0xFA, 0x98, 0xDF,
    0xF1, 0xF9, 0x51, 0x5C, 0x59, 0x99, 0x87, 0xF7, 0xBE, 0x45, 0x2B, 0x7B, 0x60, 0x8F, 0xD5, 0x5A,
    0xC4, 0x67, 0xBC, 0xBD, 0x11, 0x41, 0x30, 0xD8, 0xD4, 0x49, 0x9E, 0x4E, 0x5B, 0x43, 0x2B, 0x7B,
    0x18, 0x4E, 0xC6, 0x96, 0x7F, 0x5F, 0x25, 0x4A, 0x25, 0x68, 0xFE, 0xB6, 0xFF, 0x7C, 0xCF, 0x28,
    0x37, 0x55, 0x4A, 0x07, 0x30, 0x1D, 0xBA, 0x98, 0x10, 0x4A, 0xAD, 0x5F, 0x8B, 0x97, 0x73, 0x74,
    0x78, 0x66, 0xC6, 0xCA, 0xDC, 0xFB, 0x31, 0x1C, 0x5A, 0xB1, 0xAC, 0x2E, 0x31, 0x17, 0x76, 0xE2,
    0x9F, 0x5D, 0xC0, 0x8E, 0xC4, 0x4E, 0x50, 0xB2, 0x85, 0x4F, 0xDE, 0xB8, 0x71, 0xFA, 0x84, 0x76,
    0x9A, 0xBB, 0xA9, 0x73, 0x70, 0x8E, 0x0E, 0x0E, 0xFB, 0x63, 0x52, 0xC5, 0xA1, 0x0C, 0xCE, 0x0E,
    0x7A, 0x75, 0xEE, 0xF0, 0x80, 0x98, 0x18, 0xC2, 0x5B, 0x7A, 0x64, 0x54, 0xB4, 0x08, 0x1D, 0x6C,
    0x56, 0x3C, 0x1E, 0x2C, 0xC2, 0x9C, 0x34, 0xF6, 0x65, 0xD2, 0xB6, 0x67, 0xE6, 0x31, 0xAD, 0xE4,
    0x88, 0xC8, 0x18, 0x49, 0xB8, 0xE6, 0x01, 0x2C, 0xC3, 0x6F, 0xA2, 0xE7, 0x2D, 0x05, 0x46, 0x61,
    0x15, 0x14, 0x6C, 0xAA, 0x25, 0x4B, 0xBD, 0x52, 0x71, 0x60, 0x82, 0x1D, 0x4F, 0x2E, 0x79, 0x85,
    0x5D, 0x1B, 0x43, 0x03, 0x66, 0x12, 0x52, 0x85, 0xC6, 0x3D, 0x3C, 0x65, 0x25, 0x30, 0xB0, 0x02,
    0x05, 0x33, 0x28, 0x70, 0x9B, 0x02, 0x23, 0x47, 0xC1, 0xAA, 0xC5, 0xD1, 0xA2, 0x40, 0x9D, 0x1D,
    0x38, 0x2C, 0x37, 0xF1, 0x22, 0x71, 0x91, 0x1E, 0x66, 0x30, 0x2B, 0x00, 0x1D, 0x37, 0xFF, 0x0D,
    0x06, 0xDE, 0x7F, 0xB7, 0x26, 0x7B, 0x23, 0x41, 0xB4, 0xB9, 0x0F, 0x01, 0x3C, 0x87, 0xE3, 0x77,
    0x21, 0x6F, 0x0A, 0x9F, 0xE7, 0xAE, 0x43, 0x6A, 0xF7, 0x9F, 0x59, 0x8F, 0x12, 0x7E, 0xC3, 0xC6,
    0xCB, 0xB1, 0xDD, 0xEA, 0xD0, 0xEC, 0xB7, 0x8E, 0xEF, 0x10, 0x0C, 0xDF, 0x50, 0xB5, 0x8E, 0x47,
    0xD2, 0x6D, 0xC5, 0xDF, 0xD7, 0x7C, 0x67, 0xEF, 0x40, 0x33, 0x13, 0x20, 0x1E, 0x3F, 0x18, 0x1A,
    0x88, 0x8D, 0x00, 0x13, 0x57, 0x61, 0x7E, 0x50, 0x5E, 0xCE, 0x35, 0x9C, 0x65, 0x6B, 0x9E, 0xE2,
    0xAA, 0xF9, 0x9E, 0x9E, 0x83, 0xA6, 0xDC, 0x97, 0x51, 0x83, 0xF1, 0x21, 0xEB, 0x71, 0x46, 0x1A,
    0xE4, 0x01, 0x25, 0x1E, 0x43, 0xDD, 0x2C, 0x5B, 0xBF, 0x96, 0x82, 0xBD, 0x80, 0x31, 0x9F, 0x35,
    0xAE, 0xAF, 0x0D, 0x15, 0xDD, 0x6E, 0x88, 0xA0, 0xF8, 0xC4, 0x68, 0x79, 0xCC, 0x63, 0x74, 0x14,
    0x41, 0xEC, 0x71, 0xB3, 0xD0, 0xF1, 0xAC, 0x22, 0xE3, 0xD4, 0xFB, 0x50, 0x44, 0x29, 0x51, 0x0E,
    0xAE, 0x83, 0x43, 0x23, 0xD0, 0x11, 0x94, 0xE0, 0xA2, 0xB2, 0x1E, 0x82, 0x62, 0x06, 0x1B, 0x14,
    0xCF, 0xE1, 0xA9, 0xCA, 0x57, 0xE3, 0xA3, 0xB4, 0x7A, 0x94, 0xC3, 0x7D, 0xC2, 0x9A, 0x54, 0x05,
    0xA6, 0xBB, 0x99, 0x4D, 0x38, 0x89, 0xEB, 0xD1, 0xE1, 0x60, 0xB9, 0x0E, 0x54, 0xA5, 0x5B, 0xC4,
    0x04, 0xA8, 0xBC, 0xE5, 0x95, 0x4B, 0x18, 0xE1, 0xC7, 0xD0, 0x2B, 0xC6, 0x0D, 0x78, 0x04, 0x77,
    0x53, 0x50, 0x42, 0x44, 0x76, 0x59, 0xD2, 0xBC, 0xC8, 0x3D, 0x78, 0x1C, 0x1A, 0x4E, 0xCD, 0x22,
    0xB8, 0x56, 0xC3, 0x55, 0x85, 0xE2, 0x68, 0xE0, 0xAD, 0xE2, 0x31, 0x8D, 0xE7, 0xD9, 0xBF, 0x77,
    0xA8, 0xE3, 0x84, 0x30, 0x67, 0x0C, 0x23, 0x86, 0x05, 0x03, 0xD9, 0x1D, 0x86, 0x31, 0x64, 0xEE,
    0x88, 0x02, 0x3C, 0xD1, 0x80, 0x1B, 0xED, 0x41, 0xEF, 0x9E, 0x4A, 0xCC, 0x2B, 0x4A, 0xE5, 0x12,
    0x58, 0x88, 0xF6, 0xCC, 0xDE, 0xFA, 0xDA, 0x63, 0xB8, 0x27, 0xDE, 0x4B, 0xCB, 0xA2, 0x33, 0xEB,
    0xBE, 0xFA, 0x99, 0x17, 0x32, 0xA6, 0x3B, 0x02, 0xD0, 0x73, 0xBF, 0xE8, 0xC3, 0x61, 0x4A, 0x49,
    0x5F, 0xFD, 0xF5, 0x38, 0xDC, 0x15, 0x9B, 0x8E, 0x0C, 0xAA, 0xB2, 0x2C, 0x0B, 0xBC, 0x2E, 0x5E,
    0x3C, 0x73, 0x06, 0xF8, 0x6B, 0x5C, 0xED, 0x17, 0x2B, 0xF8, 0x8A, 0x91, 0xCA, 0x79, 0x56, 0xC6,
    0x08, 0x02, 0xCF, 0x6B, 0xEB, 0x90, 0xC0, 0xC3, 0x2E, 0x39, 0x6F, 0x51, 0x22, 0x4D, 0x2C, 0x2F,
    0xB1, 0xFF, 0x99, 0x63, 0x9D, 0x9B, 0xAC, 0xC2, 0x9F, 0xCF, 0xE7, 0xE6, 0x68, 0x19, 0xEE, 0xCB,
    0xAC, 0x78, 0x2E, 0xA0, 0x86, 0x35, 0xE0, 0xC4, 0x1C, 0xE7, 0xC0, 0x80, 0x25, 0xE3, 0xEC, 0x87,
    0xF8, 0x77, 0x78, 0x38, 0xA0, 0x0F, 0x3E, 0x47, 0x50, 0x2B, 0xCE, 0x6E, 0x88, 0x41, 0x96, 0x72,
    0x3B, 0x93, 0x33, 0x83, 0x49, 0x7E, 0x8E, 0x75, 0x86, 0xF3, 0x2C, 0x22, 0xF6, 0x3E, 0x87, 0xC1,
    0x67, 0x45, 0x87, 0x9D, 0xC4, 0xCE, 0x61, 0x01, 0xD3, 0xF0, 0x7B, 0x11, 0xC2, 0xF2, 0x98, 0x11,
    0x9A, 0xD5, 0x68, 0xF1, 0xE6, 0x97, 0x4B, 0x5A, 0x5E, 0xF8, 0x7E, 0x00, 0x65, 0xB2, 0x36, 0x22,
    0xB1, 0x10, 0x37, 0x37, 0xAA, 0x67, 0x15, 0x7B, 0x5D, 0x16, 0x56, 0x4F, 0x07, 0x27, 0xD3, 0x96,
    0x19, 0xA0, 0x2F, 0xD1, 0x00, 0x08, 0x2F, 0x10, 0x4F, 0xEC, 0x9D, 0x48, 0x3C, 0xA8, 0xD1, 0x28,
    0x8F, 0x5B, 0x19, 0x4B, 0xFA, 0x04, 0x44, 0x18, 0xB0, 0xE9, 0xF9, 0x5A, 0x50, 0x3B, 0xC5, 0x47,
    0x2B, 0x37, 0x0A, 0x2D, 0x67, 0x87, 0x70, 0xB3, 0x9B, 0xB8, 0xC9, 0x3E, 0x16, 0xD3, 0xCC, 0xCD,
    0x77, 0x58, 0xBC, 0xFE, 0xF9, 0xAA, 0x91, 0x32, 0xB9, 0x55, 0xC6, 0xCC, 0xE5, 0xA9, 0x6A, 0x65,
    0x90, 0x34, 0x4E, 0xAC, 0x5F, 0x33, 0xB6, 0x25, 0xBB, 0x14, 0x99, 0xB4, 0x03, 0x92, 0xBB, 0x64,
    0x3C, 0xE0, 0x0A, 0x60, 0x74, 0x59, 0xB0, 0x59, 0xA1, 0xAA, 0xCB, 0x39, 0x4F, 0xFA, 0x05, 0x76,
    0x3D, 0xC7, 0xEC, 0x94, 0xC7, 0x35, 0xE4, 0xF0, 0xC3, 0xD2, 0x70, 0xCE, 0x20, 0x1E, 0xC4, 0x49,
    0x0C, 0x46, 0xFC, 0x70, 0x50, 0xD1, 0x5F, 0xF0, 0xD8, 0x97, 0xC6, 0x2F, 0x73, 0x3B, 0xC7, 0x58,
    0x3C, 0x3D, 0x52, 0xBF, 0x85, 0x54, 0x8E, 0x7A, 0xE6, 0x23, 0xD8, 0xA0, 0x11, 0xCA, 0xE8, 0x03,
    0xAC, 0x18, 0xDD, 0xBF, 0x03, 0xC6, 0x71, 0xD5, 0xDB, 0x98, 0xB2, 0x36, 0x23, 0x63, 0x06, 0x32,
    0x12, 0x82, 0x7D, 0x91, 0x68, 0xC0, 0x02, 0x7D, 0xAE, 0x62, 0x2B, 0xE2, 0x62, 0x57, 0x8A, 0x57,
    0x81, 0x63, 0x94, 0x4A, 0x7D, 0x48, 0xAD, 0x34, 0xE4, 0x12, 0x67, 0xCF, 0x76, 0xD0, 0xC2, 0x2F,
    0x9F, 0xFB, 0x67, 0x96, 0x37, 0x2B, 0x67, 0x00, 0x99, 0x80, 0x62, 0xC7, 0x8C, 0x18, 0xD2, 0x6D,
    0xD7, 0xD1, 0x1C, 0x4C, 0x1E, 0x20, 0x87, 0x0F, 0x70, 0x3E, 0x9F, 0x72, 0xC8, 0xF8, 0x90, 0xE3,
    0x60, 0x66, 0x3D, 0x96, 0xA3, 0x07, 0x31, 0x92, 0x1E, 0x57, 0xDF, 0xDB, 0xC6, 0x80, 0x65, 0x9B,
    0xAF, 0x88, 0x20, 0xC0, 0xB1, 0x00, 0xAD, 0x80, 0x82, 0xF3, 0x08, 0xEE, 0xC0, 0x0E, 0x1C, 0xB8,
    0x67, 0x35, 0xBE, 0x9A, 0x65, 0xEB, 0x8E, 0xE1, 0xAE, 0x7B, 0x56, 0x6A, 0x7F, 0xE2, 0xE9, 0xD0,
    0x96, 0xFD, 0xA6, 0xCA, 0x7A, 0x3A, 0x86, 0x0C, 0x24, 0xC0, 0xC1, 0x66, 0x51, 0x23, 0xAA, 0xEE,
    0xC2, 0x6B, 0xCC, 0x1D, 0xEC, 0x22, 0x72, 0xAA, 0x32, 0xAE, 0x3D, 0x04, 0xA1, 0xE8, 0x50, 0x06,
    0x47, 0xE9, 0x84, 0x76, 0xEA, 0x8C, 0xF5, 0x69, 0x5E, 0x9F, 0x9E, 0x49, 0xE4, 0xF4, 0x54, 0x26,
    0xA7, 0x27, 0x73, 0x39, 0x85, 0x95, 0x3E, 0x2D, 0xEA, 0x93, 0xFF, 0xB4, 0x9C, 0xDC, 0x37, 0xE5,
    0x64, 0x6D, 0xC8, 0x09, 0x19, 0x17, 0x9F, 0x88, 0x4F, 0xFE, 0x55, 0x44, 0x01, 0x3B, 0xC5, 0x0C,
    0xC1, 0xFC, 0xE2, 0xDE, 0xED, 0xA1, 0x66, 0x76, 0x73, 0xD8, 0x25, 0x9D, 0x29, 0xC0, 0xB8, 0xC6,
    0x7A, 0xA6, 0xE7, 0xB7, 0x99, 0x47, 0xF6, 0xFB, 0x73, 0xF0, 0x94, 0x4F, 0x32, 0x84, 0x01, 0xA0,
    0x12, 0x91, 0x01, 0xAC, 0xC9, 0x84, 0x3E, 0xE2, 0x14, 0x99, 0x1A, 0x4D, 0x0D, 0x68, 0xCA, 0x18,
    0xB2, 0xBC, 0x4F, 0xA8, 0x27, 0xDF, 0x2E, 0x4D, 0x80, 0xC5, 0x8B, 0x3E, 0xBE, 0x28, 0xA6, 0xAC,
    0x7C, 0x0A, 0xDE, 0x84, 0x85, 0x75, 0x9F, 0x4C, 0x9D, 0x77, 0xF8, 0x0B, 0xAA, 0xF8, 0x0B, 0x72,
    0xFF, 0x8B, 0xBF, 0x80, 0xA4, 0xF8, 0x82, 0x82, 0xD4, 0x7A, 0xA7, 0x0E, 0x11, 0x3F, 0x3F, 0x06,
    0xE4, 0x5A, 0x90, 0xC8, 0xB3, 0x47, 0x47, 0x0B, 0x51, 0x61, 0x3B, 0x0F, 0x38, 0x18, 0xB4, 0x51,
    0xC5, 0xC8, 0x76, 0xCE, 0x74, 0xB9, 0xA9, 0x4F, 0xDB, 0x06, 0xB5, 0xEB, 0x35, 0x99, 0xC7, 0xD9,
    0x64, 0xD5, 0x07, 0x56, 0x0B, 0x72, 0x0F, 0x68, 0xCD, 0x61, 0xBC, 0x26, 0x79, 0x66, 0x8F, 0x06,
    0x48, 0xAB, 0x73, 0x86, 0x69, 0xB6, 0x14, 0x7B, 0xB7, 0x2B, 0x8E, 0xA3, 0xE0, 0x9C, 0xEF, 0xAA,
    0x13, 0x2A, 0x19, 0xDC, 0x90, 0x45, 0x6B, 0x6F, 0x61, 0x5B, 0x69, 0x86, 0x12, 0xCB, 0x86, 0x4E,
    0x9E, 0x37, 0x11, 0x3F, 0x72, 0x18, 0x91, 0x89, 0x8C, 0x0B, 0xC9, 0xCF, 0x2E, 0xC7, 0x69, 0x84,
    0x8D, 0xCA, 0x45, 0xE1, 0xD2, 0x95, 0x59, 0xBE, 0xEB, 0x0A, 0x83, 0x43, 0xEE, 0xC6, 0x59, 0x8F,
    0x6B, 0xE9, 0x70, 0xB4, 0x40, 0x6B, 0x3F, 0x7D, 0xB6, 0x20, 0x49, 0x4A, 0xFD, 0xE5, 0x15, 0xA4,
    0x7F, 0x7A, 0x0C, 0x03, 0x8E, 0x27, 0x03, 0x8C, 0x80, 0x53, 0x07, 0x40, 0x41, 0x52, 0x11, 0x5D,
    0x34, 0xF2, 0x55, 0xF2, 0x7B, 0x64, 0x55, 0x4D, 0xE4, 0x96, 0x9E, 0xAB, 0xC8, 0xB9, 0x86, 0x84,
    0x20, 0xA0, 0x9C, 0x83, 0x9A, 0xC4, 0xED, 0x79, 0x78, 0x91, 0xF3, 0x08, 0x56, 0xB9, 0xCF, 0xD3,
    0x23, 0x30, 0xEA, 0xB8, 0xF6, 0xCB, 0x98, 0x51, 0xFD, 0xF3, 0xE6, 0x2B, 0x49, 0x19, 0x2C, 0x92,
    0x8A, 0x38, 0xA5, 0x00, 0xAE, 0xB3, 0x54, 0x61, 0xB3, 0xAF, 0x13, 0x7F, 0xF2, 0x89, 0x07, 0xA7,
    0xB6, 0x38, 0x33, 0xB2, 0x92, 0x99, 0x69, 0x37, 0xFC, 0x43, 0x06, 0x01, 0xBC, 0xA6, 0xF5, 0xD2,
    0x00, 0x78, 0x29, 0x59, 0x55, 0xB7, 0x1C, 0xFC, 0xAB, 0x1E, 0xBE, 0x63, 0x55, 0x39, 0x09, 0xC7,
    0xDA, 0x45, 0xC6, 0x1F, 0x50, 0xA9, 0xD9, 0x0E, 0xEB, 0x24, 0x3C, 0xB6, 0xC3, 0xC4, 0xC5, 0xD6,
    0x21, 0x9D, 0x59, 0x20, 0x7C, 0x04, 0x27, 0x72, 0x20, 0x36, 0xE8, 0xDC, 0x7D, 0x93, 0x13, 0x0B,
    0xE8, 0xC7, 0x79, 0x8B, 0x67, 0x18, 0x47, 0xE7, 0x37, 0x39, 0xAF, 0x58, 0x64, 0x0C, 0x92, 0xB3,
    0xFB, 0x46, 0x82, 0x28, 0x69, 0x85, 0x5D, 0x03, 0xE3, 0x0B, 0xEF, 0x30, 0x21, 0xBC, 0x03, 0x99,
    0xC9, 0x14, 0xF5, 0xA6, 0x91, 0x6D, 0xA1, 0xBD, 0x06, 0x91, 0xC8, 0xB8, 0x00, 0xE0, 0xD4, 0xEA,
    0xC9, 0xDC, 0xFE, 0x30, 0xA7, 0x21, 0x3C, 0x17, 0x52, 0x24, 0x88, 0x03, 0xC5, 0x77, 0x00, 0x30,
    0x56, 0x42, 0x6B, 0x1D, 0x3E, 0x3A, 0xFE, 0x61, 0x6E, 0xA3, 0x84, 0xD3, 0x93, 0x87, 0xE9, 0x02,
    0xFC, 0x07, 0xDB, 0xC0, 0xB0, 0xD4, 0x9C, 0x4E, 0xE3, 0x49, 0x38, 0x9D, 0x0E, 0x8D, 0xEE, 0x73,
    0x2A, 0x0C, 0x6A, 0x46, 0xA7, 0x09, 0x5A, 0x98, 0xE6, 0x01, 0x59, 0xC5, 0xE8, 0x99, 0x99, 0xC0,
    0xCF, 0x4F, 0x2D, 0xE2, 0xFC, 0x4C, 0xA0, 0xA9, 0x9D, 0x03, 0x84, 0xB8, 0x35, 0x82, 0x86, 0x88,
    0xDF, 0x20, 0x53, 0xA2, 0x33, 0x76, 0x44, 0xEE, 0x53, 0x18, 0xCD, 0x8F, 0xD9, 0xD7, 0xA6, 0x3B,
    0x54, 0x26, 0xFE, 0xEB, 0x6B, 0x99, 0x9F, 0xBB, 0x9F, 0x01, 0x55, 0xA5, 0x60, 0x01, 0x5A, 0x45,
    0x5A, 0x75, 0x95, 0xD4, 0x6F, 0x94, 0x90, 0x49, 0x70, 0xFC, 0x0C, 0xAD, 0x54, 0xD4, 0x5A, 0x2A,
    0xC2, 0x82, 0x07, 0x6D, 0xD2, 0x22, 0xDB, 0xE5, 0xC9, 0x3D, 0xBA, 0x98, 0xC1, 0x77, 0x57, 0x15,
    0x96, 0x7A, 0x77, 0x8D, 0xD1, 0xF3, 0xE7, 0xEB, 0xD4, 0x8D, 0xA2, 0x08, 0x05, 0x01, 0x5B, 0x62,
    0x9F, 0xBD, 0x88, 0x00, 0x6F, 0xC9, 0xF9, 0x44, 0x00, 0xA0, 0x31, 0x69, 0x7F, 0xEF, 0x72, 0x23,
    0xC3, 0xC9, 0x87, 0x75, 0xEB, 0x1E, 0x0F, 0xBC, 0x0E, 0x53, 0x7A, 0x10, 0x2B, 0x73, 0x0D, 0x13,
    0x4B, 0x7D, 0x4A, 0xF7, 0xDA, 0x02, 0x3B, 0x75, 0xE1, 0x6A, 0xE3, 0x3A, 0x74, 0x6B, 0x40, 0x62,
    0xAD, 0xC4, 0xE7, 0x9B, 0x30, 0x22, 0x73, 0x70, 0x2F, 0x5A, 0xDE, 0xCB, 0xC9, 0xA6, 0x74, 0xB3,
    0x08, 0xEE, 0x7D, 0x37, 0xE5, 0x65, 0x35, 0x71, 0x10, 0x4E, 0x4F, 0x7B, 0x14, 0x5C, 0x4F, 0x18,
    0x11, 0xD9, 0x19, 0xA0, 0x2E, 0x4B, 0x71, 0xC0, 0xF8, 0x82, 0x86, 0xD5, 0x61, 0x57, 0xE9, 0xF1,
    0x9C, 0xF4, 0x04, 0x6B, 0xD3, 0x9F, 0xBA, 0xBF, 0xC9, 0xFD, 0x70, 0x94, 0x88, 0xF6, 0xF6, 0x66,
    0xA8, 0xE9, 0x3B, 0x76, 0x82, 0x07, 0x26, 0xB5, 0x75, 0xD9, 0x69, 0x75, 0xC3, 0xB8, 0xF8, 0x85,
    0x8C, 0x2B, 0x42, 0xC6, 0x95, 0xDE, 0x4D, 0xC6, 0x45, 0x0F, 0xF2, 0x61, 0x51, 0xAA, 0xE1, 0x96,
    0x1F, 0xA1, 0x3F, 0xC7, 0xD8, 0x1E, 0x6F, 0xC0, 0x8D, 0x84, 0x2B, 0x86, 0x48, 0x0C, 0xAB, 0xEF,
    0xCD, 0xD8, 0xE2, 0xF1, 0xB1, 0x3D, 0x1A, 0x1F, 0x61, 0xE7, 0x53, 0xB2, 0x1D, 0x39, 0xD7, 0x96,
    0x63, 0x00, 0x9C, 0xCC, 0x54, 0x91, 0xBB, 0x82, 0xB4, 0xE8, 0x54, 0x8A, 0x10, 0x31, 0xC1, 0x31,
    0x87, 0xD1, 0x67, 0x9B, 0xEE, 0xA1, 0x04, 0x4F, 0x07, 0xAC, 0x94, 0x32, 0xA0, 0x9D, 0x53, 0x8B,
    0x13, 0x3F, 0x4B, 0xCC, 0x24, 0x6D, 0xFC, 0x9A, 0xF5, 0x6B, 0x26, 0xD6, 0x38, 0xA4, 0x30, 0x89,
    0x63, 0xBF, 0x88, 0x2F, 0x67, 0x61, 0xB8, 0x06, 0x43, 0x7B, 0xE7, 0x07, 0xF3, 0xF0, 0xCA, 0xA8,
    0x95, 0xA1, 0x3F, 0x24, 0x05, 0xDE, 0x44, 0x04, 0x82, 0xAB, 0x64, 0xEE, 0x2A, 0xA3, 0xF8, 0x3D,
    0xE4, 0xBD, 0x2A, 0x9D, 0xE8, 0x86, 0x36, 0x12, 0x30, 0x4D, 0x76, 0xDC, 0x6F, 0x44, 0xEE, 0xA5,
    0xD2, 0xCC, 0x17, 0x69, 0xFF, 0x44, 0xDB, 0xE8, 0x7C, 0x49, 0x6B, 0x2B, 0xD1, 0x2C, 0x23, 0xDA,
    0x9E, 0x18, 0xA8, 0x93, 0x4C, 0xAA, 0xDC, 0x19, 0x0D, 0x9C, 0xC4, 0x33, 0x11, 0xB9, 0x06, 0x56,
    0xEE, 0x6D, 0xA0, 0xCF, 0xAF, 0xE4, 0xB7, 0xF6, 0x84, 0x8E, 0xB4, 0xD0, 0x51, 0x30, 0xFC, 0x5E,
    0xBA, 0x97, 0x3D, 0x81, 0x63, 0x72, 0x10, 0xEB, 0xBA, 0xDA, 0x8D, 0xFC, 0x83, 0x44, 0x72, 0x28,
    0xD1, 0x88, 0xEE, 0xAE, 0x27, 0x9C, 0x80, 0x52, 0xDB, 0x23, 0x1C, 0xC3, 0xDD, 0xB8, 0xE5, 0x60,
    0xB7, 0x7B, 0x92, 0x8B, 0xD9, 0xFD, 0xDB, 0xF5, 0x32, 0x8E, 0x6E, 0x8F, 0x8D, 0xEB, 0xB0, 0x1C,
    0x67, 0x04, 0xBE, 0x5E, 0x94, 0x63, 0xCE, 0x47, 0x33, 0x5D, 0x5C, 0x61, 0x66, 0xA6, 0x8F, 0xDA,
    0xDC, 0xEE, 0x50, 0x27, 0xC2, 0x8C, 0x2F, 0xBA, 0x1C, 0x99, 0x56, 0x21, 0xD0, 0x03, 0x48, 0x88,
    0x7A, 0x34, 0x65, 0x31, 0xA7, 0x39, 0xE3, 0x5C, 0x45, 0x42, 0x51, 0x05, 0x63, 0x87, 0xB3, 0x27,
    0xF4, 0x8D, 0x09, 0xD3, 0x9B, 0x04, 0xA0, 0x43, 0x63, 0x67, 0x6C, 0x8E, 0x86, 0xA3, 0xB1, 0x1B,
    0xAA, 0xB0, 0x9A, 0x31, 0x4A, 0x83, 0x27, 0x2C, 0xB2, 0x9E, 0x79, 0xA5, 0xF0, 0xF4, 0xB5, 0x39,
    0xFF, 0x7B, 0x88, 0xB6, 0x8C, 0x2D, 0x90, 0xF5, 0x44, 0x30, 0xD6, 0x38, 0xDA, 0xD3, 0x5F, 0x89,
    0x55, 0x1E, 0x17, 0xBE, 0x0A, 0x0F, 0x88, 0x8D, 0x1A, 0xAF, 0x87, 0x4C, 0xA0, 0x46, 0x42, 0xC5,
    0x0E, 0x31, 0x81, 0x98, 0x89, 0x85, 0x08, 0xD6, 0xCD, 0x0B, 0x08, 0x46, 0xF7, 0x24, 0xD3, 0xB0,
    0x28, 0x39, 0x95, 0x30, 0x0B, 0x8B, 0x00, 0xA8, 0xC6, 0x41, 0x34, 0x31, 0x7C, 0xA2, 0x46, 0xAF,
    0x84, 0x83, 0x05, 0x20, 0x08, 0x85, 0x82, 0xD5, 0xA8, 0x0F, 0xF9, 0x84, 0xBB, 0x71, 0x1D, 0x2D,
    0x77, 0x88, 0x91, 0x37, 0x31, 0x17, 0x32, 0xCB, 0xD9, 0x5C, 0xBA, 0xA8, 0x2D, 0xE4, 0xA7, 0xAF,
    0x71, 0x9A, 0xA7, 0xC3, 0x3C, 0x32, 0xBB, 0x14, 0x5D, 0x1C, 0xD3, 0x59, 0x72, 0x5E, 0xC6, 0x14,
    0x19, 0xAF, 0x2C, 0x2F, 0x8F, 0x4E, 0x64, 0x08, 0xB2, 0xFD, 0x4D, 0x4C, 0xEE, 0x7A, 0x49, 0x23,
    0x37, 0x0E, 0xEA, 0x3E, 0x1E, 0x77, 0xAA, 0x1B, 0xB0, 0x8D, 0xBB, 0xD0, 0x57, 0x25, 0xF7, 0x80,
    0xB9, 0x64, 0xEE, 0x00, 0x33, 0xC9, 0x0B, 0x8D, 0xE8, 0x83, 0x06, 0x75, 0xB2, 0xF4, 0xCC, 0x21,
    0xB3, 0xF0, 0xCC, 0x20, 0x33, 0x81, 0xCC, 0xFC, 0xB1, 0x88, 0xCE, 0xEC, 0x71, 0x23, 0xF9, 0x3E,
    0x0C, 0x43, 0x07, 0x79, 0xDF, 0x2C, 0xFC, 0x43, 0x3F, 0x6A, 0xF2, 0x10, 0xFD, 0x42, 0x3A, 0xC6,
    0x3D, 0x2A, 0xAD, 0x8C, 0x3B, 0xE4, 0x86, 0x9E, 0xF4, 0x67, 0x88, 0xC4, 0x18, 0xDD, 0x71, 0xFE,
    0x3D, 0x94, 0xDE, 0x30, 0xD8, 0x42, 0x67, 0x1C, 0x4E, 0x66, 0xE0, 0x43, 0x13, 0x9A, 0x86, 0xA1,
    0xE5, 0x41, 0xE8, 0x47, 0x7D, 0x34, 0xE2, 0x6F, 0xE1, 0x96, 0x73, 0x56, 0x04, 0x4D, 0x33, 0x05,
    0xCB, 0x42, 0xF2, 0xB8, 0xB6, 0x28, 0xA1, 0x3B, 0x37, 0xD1, 0x75, 0x55, 0xA2, 0x0A, 0x2F, 0xC5,
    0xAC, 0x19, 0x60, 0x10, 0x60, 0xE0, 0x21, 0x0D, 0xD0, 0x31, 0xE7, 0x72, 0xDE, 0x80, 0x29, 0x75,
    0xA7, 0x9C, 0xF4, 0x7E, 0xB8, 0x74, 0xA6, 0x80, 0x3A, 0xD3, 0x9A, 0x89, 0xB7, 0x5A, 0xC0, 0x0B,
    0xC7, 0xE2, 0xE6, 0x4D, 0xE4, 0xB9, 0xE5, 0x0D, 0xD7, 0x94, 0xFB, 0x25, 0x01, 0x66, 0x13, 0xFC,
    0x01, 0x7D, 0x08, 0x79, 0xAF, 0xA3, 0xC1, 0x8F, 0x33, 0x7D, 0x9D, 0x0F, 0xA5, 0x5B, 0xF8, 0x3E,
    0x9B, 0xDC, 0xB2, 0x4A, 0x4F, 0x31, 0x62, 0xC3, 0xBC, 0xBE, 0x03, 0x68, 0x38, 0xFC, 0x7C, 0xD0,
    0x70, 0xD0, 0x30, 0x5D, 0x32, 0xE0, 0xDE, 0x6F, 0x5B, 0x44, 0xA7, 0x5F, 0xFD, 0x12, 0xF8, 0x21,
    0x1D, 0x18, 0x55, 0x8F, 0xFC, 0x79, 0xB2, 0x36, 0x05, 0x16, 0x06, 0xC0, 0x66, 0x31, 0x59, 0x1B,
    0x29, 0xFB, 0x92, 0xD2, 0xFF, 0xDF, 0x8A, 0x89, 0x67, 0x4E, 0x04, 0x72, 0x9E, 0x6A, 0xE4, 0x7D,
    0x5F, 0xD2, 0xBD, 0x66, 0x86, 0x5B, 0xDC, 0xC8, 0xEE, 0xE9, 0xFD, 0xC2, 0x12, 0x47, 0x0D, 0xD4,
    0xF3, 0xBD, 0x38, 0x01, 0x40, 0x89, 0x11, 0x2B, 0x2C, 0x8E, 0x0C, 0xDE, 0x1B, 0xA9, 0x16, 0x5F,
    0xFA, 0x21, 0x83, 0x21, 0x63, 0x00, 0x55, 0xB8, 0x6F, 0x64, 0xDA, 0x5D, 0xFB, 0x27, 0x98, 0x05,
    0x73, 0x33, 0xC4, 0xAE, 0xFE, 0x35, 0xD5, 0x44, 0x9F, 0x53, 0x49, 0xA3, 0x55, 0x8E, 0xEF, 0x46,
    0x1D, 0xB5, 0x79, 0x12, 0xB7, 0x5E, 0x98, 0xBB, 0x08, 0x92, 0x3F, 0xAA, 0x43, 0x66, 0x78, 0x98,
    0x3A, 0xF0, 0x00, 0x5B, 0x10, 0x78, 0xDC, 0x02, 0xE8, 0x2F, 0x82, 0x47, 0x13, 0xBE, 0xC6, 0x79,
    0x39, 0xB5, 0x36, 0x22, 0x1E, 0xE7, 0x36, 0x87, 0xF1, 0xE1, 0xA3, 0xD4, 0x78, 0x86, 0xCA, 0x63,
    0x56, 0xB6, 0x1F, 0x86, 0x32, 0xCD, 0xF3, 0xCD, 0xD8, 0x22, 0xE6, 0x9E, 0x0F, 0x15, 0x52, 0xE3,
    0x50, 0xEE, 0xC6, 0x7F, 0xEF, 0x18, 0xC6, 0xD9, 0xCE, 0x7D, 0x95, 0xB0, 0x89, 0x20, 0xEC, 0x4E,
    0xBB, 0x76, 0xB2, 0x90, 0x43, 0x70, 0x27, 0x6A, 0x70, 0x23, 0xC5, 0x0D, 0xA1, 0xDE, 0xFB, 0xA4,
    0x03, 0xC0, 0x7F, 0x64, 0xE7, 0xB8, 0x73, 0xFA, 0xFF, 0x2F, 0xCB, 0x25, 0x72, 0x89, 0x03, 0x94,
    0x8C, 0x98, 0xC5, 0xD2, 0x5C, 0x86, 0xDF, 0x90, 0x23, 0x6B, 0xFA, 0xA3, 0x05, 0x5D, 0x94, 0x2C,
    0xD4, 0x09, 0xC5, 0xC9, 0xAB, 0x51, 0xCC, 0x88, 0xCC, 0xDE, 0xCB, 0xF0, 0x98, 0xB0, 0xB1, 0x62,
    0xBF, 0x88, 0xEC, 0x85, 0x42, 0x0D, 0x1A, 0xB9, 0x38, 0x03, 0x48, 0x04, 0xD9, 0x07, 0x9C, 0x86,
    0x64, 0x7B, 0x1A, 0x81, 0xB2, 0x01, 0xC0, 0x8E, 0x4F, 0x53, 0x22, 0xCF, 0x28, 0x7E, 0x8B, 0x49,
    0xE9, 0xE0, 0x56, 0xD2, 0xCD, 0xD1, 0x25, 0xFE, 0x0E, 0xD2, 0xAA, 0x61, 0x7E, 0xDB, 0xEC, 0x48,
    0xE7, 0xCE, 0x88, 0x50, 0x90, 0x0B, 0x48, 0x86, 0xFD, 0xDD, 0x80, 0x2A, 0x2B, 0xF1, 0x4E, 0x00,
    0xE1, 0x3C, 0x68, 0x14, 0xCC, 0xAB, 0xED, 0xE7, 0xC5, 0x13, 0x5E, 0xBE, 0x15, 0x3E, 0xCB, 0x49,
    0x84, 0xCF, 0x5A, 0x80, 0x58, 0xC0, 0x41, 0xD9, 0x9E, 0x81, 0x50, 0x5B, 0xFF, 0x52, 0x19, 0x95,
    0x95, 0x9B, 0xEF, 0xD4, 0xF1, 0xC8, 0xBB, 0xA6, 0x4C, 0x75, 0x65, 0xDC, 0x87, 0x38, 0x2D, 0x8C,
    0x34, 0x1B, 0x00, 0x06, 0x0C, 0x68, 0x95, 0x6C, 0xB2, 0xF7, 0xC4, 0x8D, 0x23, 0xE3, 0x95, 0xDE,
    0xB1, 0x8D, 0x73, 0x26, 0x78, 0xEC, 0x8B, 0x77, 0xE3, 0x0F, 0xB7, 0x9A, 0x33, 0xEB, 0x6D, 0x8A,
    0xE1, 0xE1, 0xC6, 0x04, 0x98, 0x93, 0xE9, 0x03, 0xFF, 0x6A, 0x0E, 0x09, 0x18, 0x65, 0x4A, 0xD8,
    0x18, 0xF3, 0x57, 0x89, 0xA9, 0xA9, 0xA3, 0x29, 0x2F, 0x9A, 0x22, 0xE6, 0x61, 0xCC, 0x34, 0x30,
    0x35, 0x63, 0x34, 0x45, 0x43, 0x14, 0x51, 0x85, 0x22, 0x1A, 0x69, 0xA2, 0x68, 0x0A, 0xD3, 0xD8,
    0x64, 0xEE, 0x25, 0x50, 0x4C, 0x67, 0x32, 0xF1, 0xC2, 0xFF, 0xC4, 0x7C, 0xBE, 0x78, 0xF1, 0x7E,
    0x4B, 0xD8, 0x1D, 0xDD, 0x81, 0x0B, 0x2E, 0xAB, 0xC8, 0xBB, 0x0E, 0x29, 0xFB, 0x51, 0x1F, 0x7D,
    0xE7, 0x81, 0x81, 0xF5, 0x30, 0x71, 0xC2, 0x14, 0x0A, 0xB3, 0x26, 0xBB, 0x0A, 0xFC, 0xCC, 0xFD,
    0x6D, 0x30, 0x76, 0x55, 0x8B, 0xCF, 0x58, 0xCB, 0x10, 0x58, 0xC3, 0x36, 0x19, 0x33, 0x93, 0xED,
    0x39, 0x60, 0x22, 0xE4, 0x32, 0x2F, 0x60, 0xD8, 0x68, 0x7C, 0x8A, 0x75, 0x14, 0xDC, 0x06, 0xBB,
    0x95, 0xDB, 0xD8, 0x0D, 0x5F, 0x36, 0xD8, 0x8D, 0x04, 0xBB, 0x19, 0x9F, 0x86, 0xDD, 0x88, 0x13,
    0x8E, 0x84, 0x6B, 0xBC, 0x5F, 0x63, 0x37, 0xC0, 0xA4, 0x33, 0x17, 0xE9, 0xE8, 0x63, 0xE4, 0x3C,
    0x15, 0xF2, 0x87, 0xBD, 0xE1, 0x9D, 0x53, 0x26, 0xAD, 0xB5, 0xB5, 0x6C, 0x66, 0x2C, 0x76, 0x51,
    0x6A, 0x47, 0xF9, 0xE7, 0x00, 0x72, 0xFA, 0x75, 0x98, 0x76, 0xEE, 0xC6, 0x60, 0x03, 0x37, 0x76,
    0x72, 0xCF, 0x93, 0xEA, 0x49, 0x15, 0xAE, 0xAD, 0x2C, 0xC6, 0x27, 0xD2, 0x20, 0x0D, 0x5C, 0x24,
    0x4C, 0x3D, 0xF8, 0x06, 0xA8, 0xED, 0x10, 0xDC, 0x44, 0x5F, 0x8D, 0x7E, 0xE0, 0x5C, 0x85, 0x1C,
    0x03, 0x59, 0x59, 0x6A, 0xB4, 0x68, 0x78, 0x1B, 0x9B, 0xAA, 0xF2, 0xD1, 0x48, 0x3A, 0xD1, 0x6C,
    0xE1, 0x88, 0x9A, 0x5E, 0x33, 0xE3, 0x24, 0x1B, 0x3D, 0x68, 0xA9, 0x6D, 0xE0, 0x91, 0xD7, 0x0C,
    0x8E, 0xD0, 0x87, 0xA9, 0xFE, 0x86, 0xCA, 0x38, 0xFF, 0x86, 0x8F, 0x36, 0xC7, 0x30, 0x27, 0xBF,
    0x82, 0xB3, 0x79, 0x0F, 0x73, 0x7E, 0xDA, 0xBD, 0x9C, 0x9B, 0x99, 0xFF, 0x4C, 0x32, 0x4D, 0x83,
    0xC0, 0x44, 0xD0, 0x18, 0x4E, 0x93, 0x7B, 0x79, 0x94, 0x51, 0xC7, 0x02, 0x06, 0x2F, 0x5C, 0xD9,
    0x9E, 0x81, 0x08, 0x67, 0x6E, 0x8E, 0xE2, 0x64, 0x9F, 0xDE, 0x38, 0xD2, 0xE2, 0x3E, 0xA3, 0xD9,
    0x1B, 0x30, 0xD0, 0xEC, 0xE0, 0xD1, 0x9D, 0x91, 0xED, 0xB4, 0xBB, 0xA1, 0x22, 0x59, 0x29, 0x76,
    0xE0, 0x4C, 0x7E, 0x96, 0x95, 0xCE, 0xAB, 0xEB, 0xD9, 0xAA, 0xEF, 0xBE, 0x12, 0xAD, 0x06, 0xAB,
    0x56, 0x16, 0x47, 0xBC, 0x52, 0xBC, 0xEA, 0xD4, 0xF3, 0xC9, 0x5F, 0xB6, 0x2B, 0xC5, 0xFC, 0x3A,
    0x6A, 0x85, 0x7A, 0x59, 0xDA, 0xA8, 0x38, 0x4C, 0x0D, 0x78, 0xC9, 0xE9, 0xB4, 0xB3, 0xED, 0x6E,
    0x5B, 0x75, 0xDA, 0x45, 0x63, 0xB9, 0xC4, 0xE4, 0x8B, 0xF3, 0x0C, 0x1E, 0x9A, 0xE1, 0xFC, 0x89,
    0xB9, 0x5E, 0x37, 0x2C, 0xF5, 0xBE, 0x12, 0xF3, 0xFD, 0x53, 0x29, 0xBB, 0xE6, 0x88, 0xD6, 0x96,
    0x63, 0x66, 0x04, 0x17, 0x38, 0x26, 0x57, 0x92, 0x9F, 0x21, 0x26, 0xFB, 0x25, 0xA7, 0x9E, 0x5C,
    0xD1, 0xA3, 0xFB, 0xC8, 0x79, 0x03, 0xA8, 0xB5, 0x24, 0xCF, 0x25, 0x33, 0x49, 0xEF, 0x8A, 0xB4,
    0xD3, 0xEB, 0xF1, 0x3E, 0x63, 0xAE, 0x51, 0xA5, 0xB1, 0x25, 0xD0, 0xD8, 0x3D, 0xA6, 0x1B, 0x39,
    0x8A, 0xC2, 0xD8, 0x2E, 0xB8, 0xC0, 0xF8, 0x2D, 0x50, 0x3A, 0x54, 0x93, 0x7F, 0x3E, 0x73, 0x43,
    0xF6, 0xE6, 0x32, 0x30, 0x66, 0x6E, 0xC4, 0x95, 0x59, 0xAF, 0x48, 0xDE, 0xC3, 0x92, 0x57, 0xF6,
    0x48, 0x95, 0xF1, 0x6F, 0x2A, 0xA3, 0x99, 0x19, 0x17, 0x1E, 0x84, 0x7D, 0x2D, 0x02, 0x64, 0xAC,
    0x11, 0xE7, 0x83, 0x46, 0x72, 0xA4, 0xC1, 0x12, 0x73, 0x98, 0x2A, 0xB9, 0x77, 0xED, 0x7C, 0x82,
    0x70, 0x00, 0xB1, 0x1E, 0xD5, 0x6B, 0x0B, 0x3A, 0x94, 0xAC, 0xAD, 0x64, 0xBC, 0x46, 0xD3, 0x7E,
    0x94, 0xB5, 0x07, 0x3A, 0xC2, 0x14, 0xBF, 0x4F, 0xF6, 0x4B, 0x4A, 0xD5, 0x81, 0x0E, 0x8A, 0xD9,
    0x05, 0xEB, 0x4A, 0x06, 0xF5, 0xBA, 0x4F, 0x47, 0xFB, 0x9A, 0x81, 0x44, 0x4E, 0x1C, 0xAC, 0xAC,
    0x67, 0xEE, 0x8F, 0xC8, 0x5F, 0x45, 0x20, 0xE0, 0xD7, 0xB0, 0x49, 0x9B, 0x6D, 0x46, 0x82, 0xB5,
    0x83, 0x9E, 0xCF, 0xC9, 0x70, 0x3B, 0x40, 0x97, 0xA3, 0x92, 0x8E, 0x5B, 0x89, 0x41, 0x7A, 0x75,
    0xA4, 0xDB, 0x7D, 0x86, 0x01, 0x00, 0x84, 0x1A, 0xD0, 0x51, 0x27, 0x31, 0x98, 0x0B, 0x76, 0x34,
    0xBD, 0xEF, 0x08, 0x8A, 0xC9, 0xDA, 0x4F, 0x72, 0xDA, 0xCB, 0x12, 0x0D, 0xE8, 0x30, 0x22, 0xE6,
    0xA6, 0x12, 0x9D, 0xD9, 0xB8, 0xA9, 0xB6, 0xA2, 0xDE, 0x7D, 0xAD, 0xDF, 0x88, 0x33, 0x77, 0x23,
    0x2F, 0xAD, 0x0F, 0x12, 0xE7, 0x77, 0xBC, 0x55, 0x01, 0xAF, 0x4D, 0x59, 0x31, 0x1F, 0x30, 0x29,
    0x81, 0x3E, 0xBE, 0x04, 0x03, 0x15, 0x52, 0xE3, 0xB8, 0x1D, 0x76, 0x9C, 0xD4, 0x5F, 0x2F, 0x6C,
    0x20, 0xE2, 0xD3, 0x7B, 0x9B, 0xC5, 0x1A, 0x54, 0x8A, 0xCC, 0xF6, 0x93, 0x16, 0xE8, 0x6F, 0xFA,
    0x07, 0xCA, 0x66, 0x21, 0xCC, 0x4B, 0xC9, 0x6C, 0xC7, 0xFC, 0x30, 0x77, 0x9F, 0x4A, 0x8E, 0xEB,
    0x69, 0x63, 0xAC, 0x51, 0x1F, 0x93, 0x8E, 0x3D, 0xFC, 0x2D, 0x07, 0x67, 0x8B, 0xE9, 0xCE, 0x93,
    0x96, 0x7A, 0xF9, 0xFA, 0x56, 0x7A, 0x98, 0x8D, 0x0A, 0x29, 0x9A, 0x1A, 0xDB, 0xC5, 0xEE, 0xB5,
    0xC6, 0x9B, 0x2F, 0xE2, 0x8C, 0x9B, 0xB2, 0x6B, 0x5B, 0xBD, 0x17, 0xF5, 0x22, 0x9D, 0xE7, 0xCE,
    0x47, 0x68, 0x85, 0xD7, 0x41, 0x79, 0x7B, 0xC4, 0xCE, 0x8B, 0xF8, 0x7B, 0x4A, 0xC3, 0xD4, 0xEC,
    0x31, 0x58, 0xE4, 0x4B, 0x9C, 0x11, 0xB9, 0xB2, 0x43, 0x24, 0x6C, 0xED, 0xE1, 0xCE, 0xC0, 0xF2,
    0x5B, 0x9F, 0x0B, 0x2C, 0xEB, 0x69, 0x6F, 0x5B, 0x11, 0x74, 0x41, 0xB3, 0x1D, 0xB2, 0xD7, 0x13,
    0x3A, 0x7D, 0xEC, 0xEE, 0xA8, 0x60, 0x19, 0x4E, 0xDE, 0x3B, 0x10, 0xAC, 0x44, 0x64, 0x87, 0x67,
    0x77, 0x4C, 0xBF, 0x7B, 0xC5, 0x61, 0x33, 0xC2, 0x42, 0xB8, 0x7E, 0xD4, 0x82, 0x2F, 0x7E, 0xBC,
    0x5D, 0xA4, 0x51, 0x91, 0x7B, 0x7D, 0xEC, 0x24, 0xDE, 0x1B, 0x09, 0xAF, 0x3B, 0x74, 0x98, 0x3B,
    0x16, 0xC1, 0xAF, 0xE3, 0xC3, 0x90, 0x27, 0xBB, 0xFB, 0x12, 0xBC, 0x1E, 0xB3, 0xEE, 0x8D, 0xD3,
    0xB3, 0xC2, 0x0B, 0xC0, 0xCE, 0x70, 0x02, 0x66, 0x89, 0x18, 0x6F, 0x03, 0xE3, 0x21, 0x3A, 0x37,
    0x4E, 0xE8, 0x4B, 0xAF, 0x33, 0x1B, 0x02, 0x64, 0xDE, 0x9F, 0x1C, 0x63, 0x7E, 0xB0, 0xE7, 0x16,
    0xBA, 0xDF, 0x6C, 0x2F, 0xE0, 0xD6, 0x7C, 0x84, 0x6F, 0x93, 0x87, 0x9A, 0x77, 0xB2, 0xC8, 0x0E,
    0x1F, 0x1F, 0x00, 0xC7, 0xCC, 0x7D, 0x26, 0x02, 0xE4, 0x29, 0x0C, 0xEF, 0x39, 0x2F, 0x43, 0xE2,
    0x13, 0x24, 0x8D, 0x9E, 0x60, 0x75, 0xBD, 0x59, 0xEA, 0xF8, 0x90, 0x27, 0xB4, 0x4E, 0x44, 0x2D,
    0x9A, 0xA8, 0xFA, 0x6F, 0x56, 0x76, 0xFD, 0x2D, 0xAB, 0x60, 0xC3, 0xBB, 0xF5, 0xFF, 0xD0, 0x28,
    0xEC, 0xF3, 0x8E, 0x47, 0xD2, 0x1B, 0xCB, 0x16, 0x11, 0x65, 0x8F, 0xF2, 0xEA, 0x13, 0x35, 0xB4,
    0xD5, 0x37, 0x7F, 0xCC, 0x5E, 0x0B, 0xEE, 0xEA, 0x52, 0x1C, 0x8A, 0xB0, 0x03, 0xB1, 0x47, 0xD9,
    0x87, 0x95, 0x88, 0xAC, 0x03, 0x07, 0x3E, 0x0D, 0x18, 0xC0, 0x51, 0x89, 0x16, 0x95, 0x3D, 0x3C,
    0x77, 0x00, 0xCE, 0x94, 0x1F, 0x01, 0x28, 0x8C, 0xFA, 0x2F, 0xC3, 0x31, 0x57, 0xED, 0x56, 0x13,
    0x53, 0x85, 0x88, 0x75, 0x0F, 0x9A, 0xD9, 0x7D, 0x74, 0x87, 0x62, 0xEA, 0x14, 0x1F, 0xE2, 0x05,
    0x8C, 0xA7, 0xFA, 0x4C, 0x4B, 0x05, 0x50, 0x0C, 0xDC, 0x58, 0xD4, 0x66, 0x84, 0x40, 0x6E, 0xF0,
    0xA4, 0xE5, 0x7C, 0x04, 0x74, 0x75, 0x07, 0x6B, 0x03, 0x52, 0xC4, 0x7B, 0x57, 0x5C, 0xCE, 0x55,
    0x60, 0x18, 0x98, 0x12, 0x00, 0xD1, 0x7A, 0xEB, 0x8A, 0x71, 0xB2, 0x5D, 0x52, 0xE6, 0xA5, 0x09,
    0xDC, 0xEF, 0xBE, 0x02, 0xAD, 0xE7, 0xD0, 0xD7, 0x83, 0xFB, 0xBE, 0x28, 0xB6, 0x91, 0x35, 0x23,
    0x1B, 0xD6, 0xEA, 0x35, 0xB6, 0x9F, 0x1E, 0xA3, 0xB7, 0xF0, 0x4F, 0xB2, 0xEA, 0xE1, 0x8C, 0x79,
    0x2A, 0xA5, 0x68, 0x14, 0xC9, 0x68, 0x78, 0xDF, 0x17, 0x44, 0x17, 0xFF, 0x63, 0x68, 0xC3, 0xA7,
    0xFF, 0xF7, 0xA0, 0x43, 0x33, 0xB3, 0xFC, 0x7F, 0x2C, 0x08, 0x39, 0xBC, 0xA3, 0x8B, 0x06, 0xDA,
    0xF2, 0x20, 0x68, 0xF5, 0x38, 0x2D, 0xE4, 0xCC, 0xD4, 0x2C, 0x20, 0x0F, 0x8A, 0xCF, 0x73, 0x6E,
    0xC9, 0x38, 0xE4, 0x88, 0xEC, 0x45, 0xEA, 0x48, 0xD6, 0x79, 0x56, 0x9B, 0x36, 0xC0, 0x87, 0x77,
    0xEA, 0x4A, 0x02, 0xD8, 0xBA, 0x0E, 0xF4, 0x5E, 0x50, 0x8C, 0xFF, 0x4B, 0xB4, 0x76, 0xDA, 0xFC,
    0x20, 0x9A, 0x5E, 0x3C, 0xB5, 0xAE, 0x72, 0x0C, 0xD0, 0x5E, 0x0E, 0x37, 0xBC, 0x33, 0x17, 0x08,
    0x0D, 0x51, 0xF0, 0x0B, 0xD9, 0x39, 0x75, 0x68, 0xC4, 0xD0, 0x32, 0xBD, 0xB1, 0x7B, 0x57, 0x50,
    0x7B, 0x4F, 0xAF, 0x63, 0x6B, 0x56, 0x83, 0x3E, 0xF7, 0x2E, 0xB3, 0x15, 0xA4, 0xD5, 0x10, 0xEC,
    0x48, 0x13, 0x05, 0x52, 0x74, 0x0E, 0x70, 0x6F, 0x99, 0x2D, 0x6C, 0xF1, 0x1B, 0xC5, 0x59, 0xAA,
    0xCE, 0xD0, 0xE0, 0xEB, 0x37, 0xC8, 0xE6, 0x8C, 0xFA, 0xB9, 0x5D, 0x57, 0x4E, 0xB6, 0xD8, 0xEA,
    0xA3, 0x23, 0x70, 0xB3, 0xE2, 0x71, 0x8C, 0x93, 0x7E, 0x4D, 0xD3, 0x4B, 0x4D, 0xE4, 0xF5, 0x36,
    0xF2, 0x0E, 0xF2, 0x4F, 0x2A, 0x1E, 0x46, 0xEF, 0x19, 0x59, 0xA6, 0x9C, 0x00, 0xF7, 0x73, 0xE7,
    0x0F, 0xD5, 0x44, 0x38, 0x10, 0x81, 0x7B, 0xFC, 0x20, 0x67, 0xC9, 0xC0, 0xEC, 0x11, 0x26, 0x48,
    0xB0, 0xC4, 0x8A, 0x66, 0x3F, 0xCE, 0x30, 0x73, 0xAB, 0x68, 0x98, 0x2C, 0x2A, 0xDA, 0x3D, 0xB4,
    0x21, 0xE6, 0x91, 0xA2, 0x7E, 0x8D, 0x38, 0xF8, 0x1C, 0x13, 0x0E, 0x92, 0xD4, 0x96, 0x10, 0x4C,
    0xEF, 0xD6, 0xD0, 0x45, 0x31, 0x60, 0xB7, 0xC9, 0x94, 0xF8, 0x8D, 0xA2, 0x5B, 0xEF, 0x82, 0x80,
    0x93, 0xB5, 0xD4, 0xC5, 0x4C, 0x96, 0x9D, 0x5C, 0x24, 0xA1, 0xB2, 0x64, 0x4B, 0xD4, 0x36, 0x97,
    0x25, 0xEE, 0x86, 0x25, 0xF0, 0x8A, 0x76, 0x33, 0xD3, 0xEE, 0x0B, 0xDE, 0xAE, 0x76, 0x5D, 0x01,
    0xBA, 0x66, 0x7E, 0x24, 0x9B, 0xAD, 0xD9, 0xF0, 0xC4, 0x0A, 0x6F, 0x7F, 0x31, 0x59, 0x1B, 0xF5,
    0x13, 0x2A, 0xEF, 0x57, 0x2D, 0x3E, 0x69, 0x0F, 0x3A, 0x69, 0xDE, 0x75, 0xE0, 0xDD, 0x1F, 0x3C,
    0x1D, 0xF9, 0x43, 0x40, 0x62, 0xD6, 0xE2, 0xE4, 0xA8, 0xDC, 0x79, 0x30, 0x97, 0x2A, 0xF2, 0xBD,
    0x12, 0x5F, 0x9C, 0x99, 0xE9, 0x23, 0xB2, 0xCF, 0xF8, 0x1B, 0x9B, 0x6F, 0x97, 0x8E, 0x7A, 0x8A,
    0x03, 0xB9, 0xBD, 0xCC, 0x71, 0x82, 0xB6, 0x77, 0x20, 0x87, 0xF0, 0xF0, 0x2F, 0x8E, 0x96, 0x6B,
    0x3B, 0xB2, 0xF2, 0xC7, 0xDA, 0xCD, 0x56, 0x0C, 0x0A, 0x2B, 0xBD, 0x41, 0x6B, 0x51, 0xF7, 0x1D,
    0x41, 0x4B, 0x52, 0xDC, 0x1B, 0x5F, 0xE0, 0xB9, 0x28, 0x66, 0x80, 0x2B, 0xD2, 0xF5, 0x74, 0x5A,
    0xEF, 0x8A, 0x82, 0x90, 0xA9, 0x20, 0x0F, 0x79, 0x12, 0x49, 0xFB, 0x05, 0xCD, 0x6F, 0xC0, 0x07,
    0x36, 0x0E, 0x92, 0x99, 0x62, 0xD9, 0xB6, 0x55, 0x9F, 0x3F, 0x17, 0x70, 0x6F, 0x38, 0x7F, 0xBB,
    0x28, 0x04, 0xED, 0x63, 0xED, 0x2C, 0x67, 0xE3, 0x66, 0x00, 0xAE, 0x17, 0xD6, 0xE9, 0x9E, 0xC2,
    0xD8, 0xD5, 0x96, 0xBE, 0xA7, 0xF0, 0xAE, 0xE8, 0xFB, 0x3F, 0x1E, 0x12, 0xCA, 0xCE, 0x65, 0x8E,
    0x8D, 0x33, 0x7A, 0x47, 0x4B, 0xDE, 0xC4, 0x1E, 0x76, 0x40, 0x75, 0xEC, 0x46, 0x9D, 0x1E, 0xAD,
    0xF1, 0x26, 0x69, 0xDE, 0xC3, 0x2D, 0x31, 0x87, 0xC9, 0x1A, 0xDE, 0x9A, 0x59, 0xFA, 0x2A, 0x82,
    0x3B, 0xF9, 0xAA, 0xAC, 0x61, 0xCF, 0x30, 0xB7, 0xEB, 0x8B, 0x13, 0xE2, 0xC5, 0x53, 0x5B, 0x15,
    0x3B, 0x16, 0x70, 0x79, 0xE1, 0x8B, 0x97, 0x9D, 0xE8, 0xC0, 0xC4, 0xBD, 0x04, 0x25, 0x00, 0x86,
    0x06, 0xBA, 0xF4, 0xC2, 0xB2, 0xCE, 0x7C, 0x9F, 0x37, 0x8B, 0x45, 0x0E, 0xB1, 0x7B, 0x5A, 0xA8,
    0x4F, 0x5E, 0x0D, 0xD7, 0x8B, 0x8C, 0xAC, 0xEF, 0x91, 0xF3, 0xAB, 0x84, 0xAE, 0x6B, 0xC2, 0xB1,
    0x96, 0x8D, 0xC9, 0xA3, 0x82, 0xB3, 0xA8, 0x8E, 0xB3, 0x15, 0x63, 0xFE, 0x35, 0x3B, 0xAC, 0x43,
    0x4D, 0x9A, 0x1E, 0x64, 0xAC, 0xC2, 0x75, 0xF8, 0xEB, 0x28, 0x41, 0x8B, 0xF4, 0xF8, 0xB7, 0xEF,
    0x65, 0x3F, 0xEC, 0x9D, 0x5C, 0xA9, 0x59, 0x7C, 0xDD, 0x50, 0xFF, 0x44, 0xA7, 0x15, 0xED, 0x99,
    0xA4, 0xBB, 0xEA, 0x87, 0x16, 0x3D, 0xD4, 0xAB, 0xBC, 0x2D, 0x13, 0x76, 0x2F, 0xB1, 0xE1, 0xB4,
    0x18, 0x34, 0xCF, 0xDA, 0xFD, 0x77, 0x27, 0x31, 0x5B, 0x90, 0xD5, 0x5A, 0x90, 0xAC, 0x9F, 0x8A,
    0xE8, 0xBC, 0x91, 0xD4, 0x58, 0xBA, 0x97, 0xA2, 0x9B, 0xCB, 0xE7, 0xD8, 0x82, 0x0E, 0x76, 0xDB,
    0x0D, 0xB8, 0x4D, 0x3F, 0x9E, 0xBF, 0xBB, 0x7E, 0x1C, 0x9C, 0x63, 0xD6, 0x24, 0xD5, 0x7B, 0xB8,
    0xB7, 0x5D, 0x1E, 0x75, 0x4F, 0xA9, 0xAC, 0x5F, 0xF6, 0x23, 0xB3, 0xE0, 0x5F, 0xBF, 0xD0, 0x10,
    0xD3, 0xDC, 0xE5, 0xCD, 0xB7, 0xC5, 0x34, 0x2F, 0x87, 0xA2, 0xB3, 0xBF, 0x8A, 0x24, 0xB9, 0x25,
    0x4E, 0x42, 0x84, 0xAC, 0x1C, 0x34, 0x03, 0xE7, 0x34, 0xBB, 0xF1, 0x26, 0xD5, 0x12, 0x2A, 0x2D,
    0xE1, 0x8F, 0x2B, 0xBD, 0x61, 0xE2, 0x86, 0x93, 0x52, 0x59, 0xFC, 0x5E, 0xFD, 0x44, 0x7C, 0x22,
    0xA3, 0xC2, 0x49, 0x98, 0xF6, 0x63, 0x27, 0x9D, 0x23, 0x61, 0x8F, 0xA8, 0x9C, 0x91, 0x7D, 0xB1,
    0xCC, 0x62, 0xB1, 0xF7, 0xE2, 0xDA, 0x7D, 0x1D, 0x35, 0xB8, 0xDE, 0xA1, 0xEC, 0x85, 0xE5, 0x55,
    0x17, 0xBD, 0x11, 0x96, 0xEF, 0x61, 0xC6, 0x8F, 0xF7, 0x8D, 0x65, 0x12, 0xED, 0x3B, 0x9F, 0xFC,
    0xC1, 0x5C, 0x72, 0xBF, 0x5B, 0x9B, 0x1F, 0x9F, 0x48, 0xE2, 0x28, 0x77, 0xDF, 0x2E, 0x99, 0xB6,
    0xFF, 0xD7, 0x73, 0xF4, 0xE8, 0x0E, 0xB9, 0x06, 0xC8, 0xFE, 0x88, 0xB7, 0x3F, 0x91, 0xF0, 0x75,
    0xC4, 0xFB, 0xD2, 0x49, 0x88, 0x39, 0x12, 0x9A, 0xEE, 0xC6, 0xE5, 0x23, 0x7C, 0xE9, 0xF2, 0xE6,
    0xA7, 0xDF, 0xBF, 0x08, 0x6F, 0xEA, 0xE6, 0x53, 0x90, 0x64, 0xED, 0xD0, 0xBA, 0x4A, 0x2D, 0xE9,
    0xEA, 0x5F, 0xBD, 0x26, 0x79, 0xC3, 0x8E, 0x4E, 0xE7, 0xD4, 0x78, 0x4A, 0x00, 0xA3, 0x40, 0x31,
    0xF2, 0x6E, 0xF8, 0x6C, 0x53, 0x78, 0x0B, 0xF2, 0x8D, 0x73, 0xCE, 0xFA, 0xA6, 0xF1, 0xFB, 0x97,
    0x92, 0x7E, 0x92, 0xBB, 0xEF, 0x0E, 0x98, 0x36, 0x40, 0x2D, 0x0F, 0x6C, 0x6F, 0xE4, 0x70, 0x78,
    0x47, 0x65, 0xEF, 0xB6, 0x7F, 0x03, 0x2A, 0xED, 0xDC, 0x4F, 0xA6, 0xB7, 0x3B, 0xC2, 0x5B, 0x36,
    0x9E, 0x66, 0x6B, 0xE4, 0x9F, 0x78, 0x70, 0x68, 0x16, 0x2C, 0x3A, 0x53, 0xEC, 0x8A, 0x04, 0xDC,
    0xC1, 0x2B, 0x80, 0xA7, 0xDE, 0x83, 0x68, 0x7E, 0xF5, 0x42, 0x1B, 0x09, 0xD6, 0xCE, 0x23, 0x12,
    0xE4, 0x6E, 0x68, 0xAF, 0x87, 0xB0, 0x14, 0xA4, 0x21, 0x66, 0x9D, 0xD9, 0x35, 0xB2, 0x28, 0x18,
    0x1D, 0x33, 0x8D, 0x92, 0xF9, 0xD8, 0x37, 0x11, 0xDA, 0x0F, 0x92, 0xF1, 0x02, 0x80, 0x36, 0xE6,
    0x43, 0xFD, 0x14, 0xF2, 0x0A, 0x0B, 0x21, 0xC0, 0xBD, 0xE0, 0x46, 0x47, 0x4F, 0x7B, 0x08, 0x5C,
    0xBE, 0x81, 0x6A, 0x79, 0x57, 0x34, 0xEC, 0x26, 0x98, 0x42, 0x57, 0xCF, 0x6A, 0xEA, 0xDB, 0x6B,
    0xCC, 0x07, 0x68, 0xE0, 0xE1, 0x59, 0x80, 0x8F, 0x0B, 0x02, 0xCF, 0xE7, 0x24, 0x03, 0x82, 0xEE,
    0x30, 0x32, 0xF0, 0xE9, 0xA9, 0x1F, 0xBF, 0x93, 0x6F, 0xBE, 0x6A, 0x4D, 0x0D, 0x8E, 0x5A, 0x59,
    0xEA, 0x7E, 0x97, 0x3A, 0x47, 0xA8, 0x4A, 0x11, 0xFC, 0x91, 0x34, 0x21, 0x80, 0x3A, 0x2A, 0x3F,
    0x3E, 0x87, 0xFE, 0x3A, 0x44, 0x5F, 0x69, 0x28, 0x44, 0x92, 0x0C, 0x9E, 0xB7, 0x4F, 0x68, 0xCE,
    0x83, 0x76, 0x50, 0x20, 0x0F, 0x7D, 0x04, 0xF7, 0x0B, 0x85, 0xDC, 0x60, 0x44, 0xF8, 0xDB, 0xCC,
    0x27, 0x0B, 0x31, 0x69, 0x1A, 0xF5, 0x15, 0x4A, 0xEF, 0x3E, 0x65, 0x3F, 0x66, 0x5D, 0xEA, 0x76,
    0x9F, 0xE5, 0xCD, 0xD2, 0x55, 0xE7, 0xFC, 0x48, 0xB9, 0x54, 0x7E, 0x67, 0x3D, 0xE9, 0x1C, 0xCF,
    0x97, 0xDC, 0xFF, 0xFC, 0x8A, 0x2C, 0xE9, 0xC8, 0x2A, 0x5B, 0xB0, 0x03, 0x6E, 0x0A, 0x4D, 0x5B,
    0x37, 0x1B, 0xB4, 0xBE, 0x83, 0x82, 0x19, 0x14, 0x4C, 0xC7, 0xE7, 0xA0, 0x98, 0xB1, 0x84, 0x7D,
    0xE6, 0x8A, 0xDB, 0x35, 0xF0, 0xCF, 0x42, 0xC1, 0x87, 0x4F, 0xD2, 0x05, 0xB2, 0x22, 0xF2, 0xFE,
    0x86, 0xE2, 0xCC, 0xF8, 0xC9, 0xE7, 0xC1, 0x0B, 0xDA, 0xE4, 0xED, 0x9C, 0x30, 0x72, 0x67, 0xAD,
    0xC2, 0xA5, 0xE0, 0x87, 0x09, 0x2F, 0xFF, 0xEC, 0x8D, 0x8C, 0x17, 0xBE, 0xCF, 0xEB, 0x4E, 0xB4,
    0x38, 0x59, 0xD1, 0xAA, 0x59, 0x70, 0x5A, 0xC1, 0x59, 0xC5, 0x34, 0x46, 0x74, 0xD5, 0x64, 0x9E,
    0x88, 0x75, 0x89, 0x8F, 0x7D, 0x04, 0xFB, 0xD9, 0x40, 0x25, 0xA5, 0x52, 0x56, 0x36, 0x0D, 0x3C,
    0xB0, 0x6A, 0x54, 0xCE, 0x88, 0x7F, 0xE1, 0x50, 0x6C, 0xEF, 0x08, 0x99, 0x93, 0x94, 0x4C, 0xB2,
    0x97, 0x4F, 0xFC, 0xE1, 0xC0, 0xA9, 0xF7, 0xBB, 0xCF, 0xFD, 0x82, 0xC3, 0xF1, 0xD8, 0xBE, 0xC3,
    0x5F, 0x14, 0xC0, 0xC3, 0x59, 0x3F, 0xEF, 0x76, 0xBF, 0xAD, 0x99, 0xAD, 0x15, 0x18, 0x75, 0x00,
    0x11, 0xFF, 0xC7, 0xCC, 0xF6, 0xE1, 0xE9, 0x0B, 0x34, 0x0D, 0x8D, 0xAC, 0xC5, 0x9A, 0xD9, 0x7A,
    0x15, 0xCA, 0x3D, 0x46, 0xF4, 0xB3, 0x84, 0x57, 0xDC, 0x8E, 0x38, 0x39, 0xC1, 0xBF, 0x6E, 0x33,
    0x5B, 0xAC, 0xEE, 0x33, 0xDB, 0xDA, 0x6E, 0x0D, 0xEA, 0x9C, 0x89, 0xD9, 0x17, 0xAF, 0x67, 0xEA,
    0x47, 0xD6, 0xFC, 0xEA, 0xD1, 0x58, 0x53, 0x5B, 0x47, 0xA9, 0x4C, 0xCD, 0xEB, 0xBC, 0x9B, 0x58,
    0x53, 0x5B, 0xBB, 0x0D, 0x0A, 0xE8, 0x59, 0x8D, 0x01, 0xA7, 0x76, 0x26, 0x01, 0x13, 0xE3, 0xBF,
    0x85, 0x5B, 0xBF, 0x25, 0x31, 0xC0, 0xC0, 0x94, 0x9C, 0x9A, 0x65, 0x66, 0xA5, 0x17, 0x96, 0xB4,
    0x3B, 0x1C, 0x37, 0xDB, 0x2E, 0x75, 0x5A, 0xE9, 0xC8, 0x2A, 0x97, 0xAC, 0xA0, 0x0D, 0x79, 0x43,
    0xFC, 0xF0, 0xE6, 0xA5, 0x35, 0x87, 0x6B, 0xE9, 0xE3, 0x4E, 0x5E, 0x89, 0x9E, 0x78, 0x5D, 0x96,
    0x81, 0x30, 0xC4, 0xF5, 0x29, 0x00, 0x7E, 0xE4, 0x66, 0x18, 0x14, 0x1C, 0x02, 0x1E, 0xF0, 0x05,
    0x3E, 0x0C, 0xB6, 0x0F, 0xD5, 0xF6, 0x61, 0xB8, 0x7D, 0xE8, 0xF3, 0x21, 0x88, 0x70, 0x70, 0x33,
    0xA0, 0x56, 0x5B, 0x06, 0x32, 0x1E, 0x17, 0xBC, 0x0B, 0x47, 0x86, 0xB4, 0x64, 0x20, 0xB5, 0x30,
    0x68, 0xA8, 0x51, 0xB2, 0xF5, 0xEA, 0x77, 0xBF, 0x0E, 0x49, 0xC5, 0xEC, 0xA5, 0x2A, 0x41, 0xD0,
    0x7E, 0xB3, 0xBC, 0x24, 0x2B, 0x4D, 0xA5, 0x20, 0x6B, 0x4D, 0x19, 0x18, 0x15, 0xC6, 0xD1, 0xDF,
    0x50, 0x80, 0xE3, 0x88, 0x35, 0x13, 0xDB, 0x91, 0xC0, 0x43, 0x2E, 0x65, 0xFD, 0x26, 0x93, 0x45,
    0x4D, 0x32, 0x5F, 0x63, 0xFB, 0x13, 0xE6, 0xC1, 0xCE, 0xE7, 0x53, 0x79, 0x7C, 0x07, 0x45, 0x22,
    0x17, 0xB3, 0x42, 0x88, 0xD8, 0xBC, 0xF7, 0xE0, 0x6B, 0xEC, 0x42, 0x7D, 0xE6, 0x5B, 0x78, 0xB1,
    0x5B, 0xD8, 0x93, 0xDC, 0x95, 0xA7, 0x22, 0x67, 0x64, 0xF0, 0x26, 0x4A, 0xAB, 0x6A, 0xC9, 0xE6,
    0x5B, 0xB9, 0x06, 0x58, 0xEF, 0xAD, 0x5C, 0xC3, 0xC1, 0x39, 0xA3, 0x3B, 0xAF, 0x5E, 0x54, 0xEF,
    0x02, 0xD5, 0xA6, 0x6E, 0xC4, 0x49, 0xAF, 0x91, 0xC3, 0xE4, 0xD5, 0xA5, 0xF3, 0xD7, 0xEA, 0x73,
    0x1C, 0x75, 0xC8, 0x9D, 0x6E, 0x72, 0x0A, 0x0E, 0xE1, 0x6D, 0x10, 0xDB, 0x15, 0xD5, 0xF8, 0x87,
    0x20, 0xFC, 0x5B, 0xC0, 0x7E, 0xE9, 0x97, 0x6A, 0x69, 0x3E, 0x2D, 0xF9, 0x67, 0x92, 0x46, 0x6E,
    0xA5, 0x6E, 0xE8, 0x46, 0x0B, 0xBC, 0x6B, 0x3B, 0xE9, 0xF0, 0x5A, 0x19, 0xDC, 0xDB, 0xEF, 0x21,
    0xFC, 0xEF, 0x34, 0x24, 0xE0, 0x27, 0x67, 0x75, 0x6D, 0x08, 0xFF, 0xA7, 0x98, 0x0A, 0xC2, 0xE4,
    0xE5, 0x9F, 0x91, 0xFE, 0x1F, 0xCD, 0x5B, 0x4D, 0x6C, 0x1C, 0x47, 0x76, 0x7E, 0xDD, 0x2D, 0xB2,
    0x61, 0xB5, 0xA3, 0xD2, 0xC1, 0x42, 0x1C, 0xD3, 0x51, 0xFB, 0xE0, 0x83, 0x77, 0x23, 0xB2, 0x7D,
    0xF0, 0xC1, 0x09, 0x66, 0xA6, 0x5B, 0xD6, 0x21, 0x87, 0x1C, 0x24, 0x24, 0x1C, 0x07, 0x88, 0x0F,
    0x0E, 0x82, 0x3D, 0xEC, 0x1A, 0xD8, 0xD0, 0x87, 0x4D, 0xA0, 0xC3, 0x90, 0xD3, 0x36, 0x0F, 0x7B,
    0xD8, 0x83, 0xB9, 0x41, 0x72, 0xCA, 0xC1, 0x3A, 0x78, 0x81, 0x35, 0x8D, 0x80, 0x5E, 0x40, 0x07,
    0x2E, 0x30, 0x64, 0xB7, 0x4C, 0x04, 0x3E, 0x08, 0x88, 0x3B, 0x36, 0x16, 0x39, 0x2C, 0x02, 0xB7,
    0xD7, 0x0A, 0xB4, 0x90, 0x83, 0x65, 0xD9, 0xE8, 0xAC, 0x5A, 0x54, 0x4F, 0x57, 0xBE, 0x57, 0xD5,
    0x33, 0x9C, 0xD1, 0x8F, 0x2D, 0xAD, 0x39, 0x0B, 0x8F, 0x44, 0xCE, 0x74, 0x75, 0x4F, 0xD5, 0xFB,
    0xAB, 0xF7, 0xBE, 0xF7, 0x5E, 0x91, 0xE8, 0x31, 0x22, 0x72, 0x24, 0x7E, 0xF9, 0x19, 0x7E, 0x25,
    0x31, 0xAE, 0x3E, 0xC6, 0x87, 0xC5, 0x36, 0x7E, 0xC9, 0x8A, 0xC8, 0x7D, 0x0D, 0x37, 0xDB, 0x4E,
    0x4E, 0x96, 0xF4, 0x52, 0xF2, 0xFE, 0x65, 0x25, 0xA2, 0x50, 0xD5, 0x64, 0x1F, 0x6C, 0x56, 0x24,
    0x22, 0xAB, 0xA0, 0x1E, 0xBE, 0x8E, 0xDB, 0x5E, 0x1A, 0xE4, 0x94, 0x7C, 0xAA, 0x32, 0xA1, 0x78,
    0x22, 0xBC, 0xBE, 0x87, 0x1F, 0x77, 0x07, 0xBF, 0x5A, 0xCF, 0xF3, 0x5C, 0x39, 0x91, 0xA5, 0x78,
    0xFC, 0x82, 0xBE, 0x6B, 0x25, 0xB9, 0x7D, 0xB0, 0x4B, 0x85, 0x48, 0x5B, 0x16, 0x56, 0xE8, 0x11,
    0x05, 0xB4, 0xA0, 0xD2, 0xE0, 0x86, 0x0C, 0xA8, 0xE7, 0xA5, 0xBE, 0x2D, 0x45, 0xDA, 0xDF, 0x52,
    0x3F, 0xAA, 0x83, 0x14, 0x24, 0x5A, 0x97, 0xC8, 0xDA, 0x27, 0xCA, 0x33, 0x6A, 0x3D, 0x47, 0x2E,
    0xC8, 0x62, 0xB2, 0x4F, 0x12, 0x79, 0x58, 0xAB, 0xC6, 0x5B, 0x4A, 0xCD, 0x6B, 0x6E, 0xF3, 0x82,
    0x50, 0x2A, 0xF5, 0xAF, 0x24, 0x34, 0xB0, 0x0B, 0x2F, 0x15, 0xD1, 0x80, 0xF8, 0x0D, 0x57, 0xB9,
    0xA7, 0x2A, 0x4A, 0x14, 0xAE, 0xFC, 0x74, 0x40, 0x6D, 0x2F, 0x75, 0xF2, 0x01, 0x75, 0xBC, 0xD4,
    0xCD, 0x06, 0x56, 0x15, 0xDC, 0x56, 0xF8, 0x5E, 0xC4, 0x53, 0xD8, 0x98, 0xD3, 0xC7, 0x84, 0x6B,
    0x63, 0x5A, 0xF5, 0x28, 0x2F, 0x53, 0x42, 0x3A, 0xE0, 0x43, 0x40, 0x4A, 0x1D, 0x8C, 0xF1, 0xE5,
    0xAF, 0x54, 0x84, 0x2F, 0xC6, 0x61, 0xD6, 0xA7, 0x8A, 0xD6, 0x70, 0xB7, 0x12, 0xB1, 0x23, 0x3B,
    0x20, 0xA9, 0xA4, 0x10, 0x97, 0xA5, 0x88, 0xDD, 0xB4, 0x83, 0xC7, 0xD5, 0x3B, 0xD2, 0x86, 0xE0,
    0xE8, 0xD4, 0x91, 0x10, 0xC9, 0xAF, 0xD3, 0x58, 0xBE, 0x20, 0x0A, 0xF1, 0x71, 0x43, 0x0F, 0x40,
    0x7B, 0x4C, 0x26, 0xDD, 0x49, 0x66, 0x92, 0x39, 0x4A, 0xE5, 0xA2, 0xF0, 0xD3, 0x90, 0xFC, 0xD8,
    0xD0, 0x05, 0x32, 0x6D, 0x90, 0x29, 0x40, 0x66, 0xC7, 0xC9, 0x2D, 0x29, 0x62, 0x11, 0x87, 0x37,
    0x78, 0xED, 0x98, 0xE6, 0x9A, 0x25, 0x16, 0x21, 0x78, 0x36, 0x01, 0xCC, 0x35, 0x77, 0x54, 0x54,
    0x5B, 0xDD, 0x0B, 0x30, 0xA0, 0xD8, 0xDE, 0xBC, 0x34, 0x0B, 0x92, 0x79, 0xF6, 0x40, 0xA5, 0xF4,
    0xCA, 0x26, 0x69, 0x9A, 0x61, 0xD9, 0x16, 0xA6, 0x4F, 0x22, 0x7A, 0xA4, 0xB1, 0x8F, 0x9F, 0x90,
    0xAB, 0x2A, 0xE7, 0xD6, 0xCB, 0x69, 0x45, 0x2D, 0x9F, 0x9C, 0xBD, 0x9C, 0xCE, 0xAC, 0x1A, 0x03,
    0x1A, 0x60, 0x79, 0xBC, 0x55, 0xE6, 0x0A, 0x86, 0xEB, 0xC2, 0x2E, 0xC3, 0x18, 0x56, 0x1B, 0xCD,
    0xBB, 0x20, 0xC6, 0x53, 0x25, 0x59, 0x17, 0xB4, 0x5D, 0x7B, 0xB8, 0x23, 0x22, 0x62, 0xC3, 0x1D,
    0xE8, 0x75, 0xC8, 0xC2, 0x00, 0x5F, 0xB8, 0x19, 0x61, 0xE7, 0xC4, 0x0D, 0xAF, 0x2A, 0x0B, 0xB6,
    0x3E, 0x94, 0xE2, 0x0D, 0x5A, 0x1C, 0x30, 0x7B, 0xE0, 0xAE, 0xC3, 0x0B, 0xD8, 0x05, 0xB9, 0x05,
    0x79, 0x4A, 0xB9, 0x4A, 0xD2, 0x32, 0xCD, 0x6F, 0x50, 0x90, 0xF2, 0x7C, 0x3D, 0x72, 0x53, 0xB6,
    0x6C, 0xAB, 0xD9, 0x93, 0x2C, 0x7C, 0x2D, 0x8E, 0xD1, 0xEB, 0x6F, 0xDE, 0x26, 0x88, 0x65, 0x48,
    0xFE, 0xBF, 0xAF, 0x48, 0x5B, 0x12, 0x14, 0x41, 0x5E, 0x1E, 0x60, 0x4A, 0x50, 0x1C, 0xBC, 0x20,
    0xB1, 0xFA, 0x80, 0xAC, 0x12, 0x03, 0x50, 0x01, 0xF9, 0x3C, 0x00, 0x75, 0x38, 0xD8, 0x51, 0xAC,
    0x28, 0xAA, 0x6C, 0x69, 0x55, 0xB6, 0x52, 0x25, 0x8B, 0x76, 0x34, 0x65, 0xA3, 0x63, 0xBD, 0xDC,
    0xE1, 0x42, 0x01, 0x2E, 0x93, 0x94, 0xF7, 0xA4, 0xE6, 0x10, 0x6B, 0x41, 0x28, 0x96, 0x52, 0x14,
    0xEE, 0x63, 0x16, 0x47, 0x8A, 0xC8, 0xC3, 0xCC, 0x01, 0x78, 0x1A, 0x18, 0xA5, 0x78, 0x90, 0x67,
    0x80, 0xC7, 0x06, 0xAE, 0x74, 0xA5, 0x77, 0xA0, 0x7E, 0xED, 0xA9, 0xF3, 0x85, 0x15, 0x9D, 0x84,
    0xD5, 0x6C, 0x40, 0xDF, 0x2A, 0xB3, 0xAA, 0x17, 0x15, 0xA6, 0xF3, 0xD8, 0x8B, 0xEC, 0xE2, 0x41,
    0x81, 0xEF, 0xDB, 0x05, 0xE6, 0x5F, 0x65, 0x52, 0x5F, 0x97, 0xE4, 0x30, 0xED, 0x3C, 0x80, 0xDD,
    0x4F, 0x21, 0x3F, 0x01, 0xFB, 0x12, 0x69, 0x80, 0xBD, 0x18, 0xF0, 0x06, 0xE3, 0xBD, 0x33, 0x7E,
    0x79, 0x91, 0x51, 0x82, 0x05, 0xBB, 0xD1, 0xBE, 0x40, 0x0F, 0x56, 0x86, 0x70, 0x6F, 0x8A, 0xF0,
    0xBE, 0x4A, 0xC5, 0x6D, 0x85, 0x8B, 0xCA, 0xC9, 0x6C, 0x88, 0x82, 0x37, 0xE6, 0x98, 0xF0, 0x90,
    0x34, 0x1F, 0x56, 0x05, 0xC1, 0xD4, 0xC9, 0x81, 0xAD, 0x3E, 0x1A, 0xD2, 0x85, 0x63, 0x66, 0x3A,
    0x9E, 0x09, 0x62, 0x0A, 0x22, 0xBD, 0xC2, 0x6C, 0xF8, 0xE8, 0x2E, 0x43, 0xCE, 0xF0, 0x8A, 0xDF,
    0xDE, 0x8C, 0x67, 0xC1, 0xC3, 0x5C, 0x37, 0x22, 0x28, 0xCD, 0xDE, 0x7C, 0x6B, 0x06, 0xF4, 0x3F,
    0x43, 0x66, 0xBF, 0xF2, 0xBE, 0x25, 0xF8, 0x21, 0xF6, 0xE1, 0x63, 0x5D, 0x1C, 0x25, 0x23, 0x58,
    0x08, 0x71, 0xC6, 0xF8, 0x07, 0x28, 0x63, 0x1B, 0x97, 0xD1, 0xAC, 0x14, 0xC2, 0x0C, 0x09, 0x18,
    0x95, 0x78, 0x23, 0x26, 0x2F, 0x06, 0xFD, 0xD1, 0xB1, 0x99, 0x58, 0x17, 0x1B, 0x2E, 0xAF, 0xB3,
    0x5D, 0xE8, 0x65, 0xF4, 0xE0, 0x86, 0x59, 0xBE, 0x0F, 0xE6, 0xBE, 0xAB, 0x1F, 0x0A, 0x55, 0xEA,
    0xA8, 0x42, 0xDB, 0x49, 0xB7, 0x7B, 0x5E, 0xA9, 0xCA, 0xBF, 0xF1, 0x0E, 0x26, 0x3C, 0x83, 0xAD,
    0x88, 0xB7, 0x91, 0xD3, 0xF2, 0x6E, 0xD4, 0xB0, 0xA1, 0x7C, 0x74, 0xA5, 0xDF, 0x8E, 0xE3, 0x4D,
    0x0E, 0xE8, 0x34, 0x18, 0xDC, 0x67, 0x87, 0x41, 0x74, 0x02, 0x02, 0xD1, 0xCE, 0x0D, 0xCF, 0xFC,
    0x80, 0xE3, 0x99, 0x2A, 0xC5, 0xA1, 0x17, 0xB0, 0x21, 0x87, 0xAD, 0xBD, 0x5C, 0xBC, 0x49, 0xC1,
    0x36, 0x78, 0xE2, 0xD7, 0x0E, 0x3B, 0x65, 0x70, 0x08, 0x2F, 0xE8, 0xA9, 0xDA, 0xC3, 0xB3, 0xCB,
    0x86, 0x46, 0xC4, 0x9B, 0x20, 0x23, 0x27, 0x3E, 0x72, 0x12, 0xC9, 0x65, 0x1A, 0xE1, 0x89, 0x3A,
    0x64, 0x65, 0xBF, 0x2B, 0x89, 0x47, 0x40, 0x46, 0x63, 0x07, 0x0E, 0xEC, 0xA2, 0xE4, 0x50, 0x93,
    0x5A, 0xC6, 0x08, 0xBC, 0x9A, 0xEA, 0x44, 0xC4, 0x9D, 0x1E, 0xED, 0xE6, 0x96, 0x26, 0xA0, 0x2E,
    0x48, 0x43, 0x1F, 0xC6, 0x0B, 0x81, 0x2A, 0x03, 0x15, 0x5B, 0x1A, 0x31, 0xAC, 0xF1, 0x97, 0xDB,
    0x6D, 0x3B, 0x7F, 0xDE, 0xA2, 0x23, 0xA2, 0xC8, 0x2A, 0x9F, 0xA1, 0xF0, 0x66, 0xEA, 0x5C, 0x2D,
    0xE9, 0xB1, 0x27, 0x1E, 0x8A, 0x1A, 0x37, 0xDF, 0x08, 0xAF, 0xA7, 0x5F, 0xD4, 0xD6, 0x59, 0x1D,
    0x72, 0x5B, 0x56, 0xEA, 0xDC, 0xDA, 0x26, 0x61, 0xA0, 0xC8, 0xD1, 0x28, 0x0E, 0xF0, 0x8C, 0x42,
    0xDC, 0x6C, 0xE9, 0x67, 0x38, 0x5A, 0x18, 0x3F, 0xF0, 0xBC, 0x15, 0x97, 0xA7, 0x2D, 0x04, 0xB9,
    0x9F, 0x37, 0x5C, 0x24, 0xB9, 0xF8, 0x4C, 0x96, 0xCE, 0xF5, 0xD4, 0xFB, 0x0D, 0xF9, 0x9A, 0xE8,
    0xFD, 0x88, 0x23, 0xDC, 0x80, 0x83, 0x10, 0x42, 0xD3, 0xEB, 0x88, 0xB1, 0xA7, 0xC8, 0xBE, 0x44,
    0x02, 0xFB, 0x36, 0xA5, 0x25, 0x9E, 0x8B, 0xC3, 0xEB, 0x31, 0x1D, 0x9B, 0x39, 0x20, 0x97, 0x23,
    0xA0, 0xD7, 0xED, 0xFE, 0x15, 0x56, 0xF7, 0x6F, 0x6C, 0xBD, 0x20, 0x2D, 0xEC, 0xF0, 0x67, 0x83,
    0xF1, 0xDA, 0x3B, 0x2F, 0xC6, 0x81, 0x92, 0xDE, 0x2F, 0x96, 0x6D, 0x13, 0x9F, 0xC7, 0x77, 0x6C,
    0xB5, 0xE1, 0x60, 0x01, 0x46, 0x78, 0xF0, 0xEC, 0x80, 0x35, 0x96, 0x46, 0x0D, 0x90, 0x52, 0x50,
    0xD3, 0x4E, 0x9F, 0xE4, 0x23, 0x78, 0x08, 0x22, 0xC4, 0xFF, 0x05, 0x95, 0xF7, 0x55, 0x6E, 0x3E,
    0xDF, 0xF3, 0xBF, 0x77, 0x00, 0xDB, 0x8F, 0x40, 0x86, 0xDE, 0x03, 0xFA, 0xF3, 0xE8, 0x65, 0xBD,
    0x1D, 0xC1, 0x40, 0x4B, 0xBB, 0x7E, 0xB1, 0x04, 0x3E, 0xDD, 0xF6, 0x23, 0xBA, 0x08, 0x16, 0x9F,
    0x5D, 0x35, 0x4E, 0x43, 0xFF, 0x54, 0xFA, 0x27, 0x54, 0x03, 0x7A, 0x62, 0x08, 0x2B, 0xEE, 0xF5,
    0xF1, 0x03, 0xA8, 0xD1, 0xF3, 0x73, 0xEA, 0x01, 0x6B, 0x68, 0x30, 0x45, 0xD6, 0x32, 0x6F, 0x01,
    0x12, 0x4A, 0x4E, 0x38, 0x28, 0x06, 0x00, 0x69, 0xB8, 0xB5, 0xEF, 0xE4, 0x80, 0x3F, 0x91, 0x0F,
    0xB4, 0xD1, 0xA3, 0xC2, 0x96, 0x76, 0xE1, 0xC7, 0xCC, 0xDB, 0xD2, 0xF7, 0x74, 0xE0, 0x72, 0xB0,
    0x7F, 0x18, 0x74, 0x41, 0x47, 0x67, 0x25, 0xAD, 0x01, 0x9A, 0x6C, 0x03, 0xA7, 0xA7, 0x43, 0xDA,
    0x85, 0xA9, 0x64, 0x94, 0x5C, 0x33, 0xF0, 0xB9, 0x41, 0xFE, 0xE9, 0x1D, 0x30, 0x03, 0x61, 0x63,
    0xAE, 0xDB, 0x57, 0xD4, 0xAF, 0x91, 0x14, 0xBC, 0x1C, 0x07, 0x7C, 0x17, 0x54, 0x97, 0x5A, 0x3A,
    0x10, 0xA5, 0x30, 0x43, 0x09, 0xA0, 0x04, 0x74, 0xA6, 0x26, 0x86, 0xEE, 0x7E, 0x0A, 0xDB, 0x76,
    0xBE, 0xD6, 0x73, 0xB9, 0xB1, 0xC1, 0xAB, 0x0C, 0xAD, 0x68, 0xE4, 0x55, 0x99, 0x0A, 0x67, 0xC8,
    0x50, 0x29, 0x32, 0x54, 0xEB, 0x48, 0xC2, 0xC9, 0x07, 0xBB, 0x7A, 0xE7, 0x7D, 0x0C, 0xDF, 0x06,
    0xFF, 0x61, 0xBC, 0x8B, 0x01, 0x91, 0xB2, 0x93, 0xC5, 0x13, 0xC0, 0x98, 0xD0, 0x2A, 0x83, 0x90,
    0xA9, 0x81, 0x95, 0xDC, 0xBF, 0xD6, 0xAF, 0x7C, 0xC5, 0x61, 0xB5, 0xFB, 0xD7, 0x4A, 0xBA, 0xEA,
    0x93, 0x21, 0xCD, 0xDD, 0x49, 0xF6, 0x21, 0x8D, 0xA0, 0x1D, 0x96, 0x02, 0xFF, 0x7F, 0x0F, 0xE6,
    0xC6, 0x43, 0x41, 0x49, 0x2B, 0xD7, 0x79, 0xAE, 0x7C, 0x42, 0x42, 0xDB, 0x23, 0xD9, 0x31, 0x62,
    0xA4, 0xC7, 0xF1, 0x03, 0x6A, 0x05, 0x48, 0x77, 0x87, 0x23, 0xD2, 0xA7, 0x78, 0xF1, 0x87, 0xE4,
    0xEC, 0xC3, 0x4C, 0x6A, 0xBB, 0xC4, 0x40, 0x78, 0x37, 0xE9, 0x93, 0x03, 0x56, 0x12, 0xF7, 0x7F,
    0xAC, 0x64, 0xBF, 0x3A, 0x5C, 0x6F, 0xB1, 0x51, 0x93, 0x5E, 0x93, 0x15, 0xF7, 0x84, 0x0D, 0x69,
    0x0E, 0x7D, 0xA0, 0x67, 0xB9, 0x76, 0xF8, 0x18, 0xE0, 0xAF, 0xD5, 0x7D, 0x19, 0x18, 0x5D, 0xFD,
    0xB0, 0xA0, 0x3F, 0xBC, 0xBF, 0x5E, 0x98, 0x67, 0xAD, 0xBD, 0xFB, 0x49, 0x86, 0x87, 0x92, 0xDC,
    0x4A, 0xDE, 0xE4, 0xB9, 0xE2, 0x63, 0x16, 0x7B, 0x11, 0x90, 0xB3, 0x06, 0x76, 0xED, 0xF8, 0x3B,
    0xA3, 0xD5, 0xC8, 0xF0, 0xAC, 0x75, 0xA7, 0x79, 0x15, 0x53, 0x1F, 0x3E, 0x87, 0xA5, 0x09, 0x46,
    0x37, 0xCC, 0x35, 0x6B, 0x4F, 0x73, 0xCB, 0x9C, 0xDE, 0xE7, 0x03, 0xEB, 0xCF, 0x07, 0x28, 0x4E,
    0x67, 0xA9, 0xBF, 0x6F, 0x31, 0xE5, 0xDA, 0x6B, 0xB1, 0x2B, 0xD1, 0x6A, 0xE2, 0x9D, 0xC9, 0x0A,
    0x9C, 0x9D, 0x12, 0xAD, 0xB7, 0x48, 0x67, 0x21, 0x66, 0x46, 0x69, 0x00, 0x0D, 0x67, 0x97, 0xB3,
    0xB6, 0xD4, 0x27, 0x39, 0x62, 0xEF, 0x30, 0x5C, 0x66, 0xC7, 0x47, 0x6B, 0xD1, 0x8C, 0x2D, 0xD5,
    0xA5, 0x67, 0x81, 0xBE, 0x80, 0x04, 0x43, 0xDE, 0xD4, 0x3F, 0x45, 0x8C, 0xE9, 0x0A, 0x95, 0xF5,
    0xF1, 0x1D, 0x4E, 0x0E, 0x18, 0xA7, 0xDD, 0xE3, 0x83, 0x57, 0x37, 0x45, 0x03, 0x7F, 0xFD, 0xFC,
    0xC1, 0xF5, 0x37, 0x8A, 0xE8, 0x2D, 0x0D, 0x90, 0x12, 0x64, 0x7E, 0xCD, 0xB4, 0x2B, 0x71, 0x1F,
    0xA9, 0x34, 0x98, 0x45, 0x72, 0x3D, 0xF5, 0x21, 0xF9, 0xB1, 0xE6, 0x0B, 0x1B, 0xE3, 0xEF, 0x54,
    0xEF, 0x67, 0xEA, 0xD8, 0x71, 0x7C, 0x13, 0xF9, 0xB7, 0x5B, 0xD8, 0x1B, 0xCF, 0xCC, 0xAF, 0xAC,
    0xDF, 0xCC, 0xCA, 0x87, 0x24, 0xE1, 0x79, 0x4E, 0x74, 0x4A, 0x98, 0x84, 0x47, 0x8F, 0xDB, 0xE7,
    0x64, 0x15, 0x7A, 0x69, 0x74, 0x52, 0xD3, 0x30, 0x5F, 0x5A, 0x48, 0x34, 0x4B, 0x86, 0x06, 0x77,
    0xFD, 0x0A, 0x60, 0xB7, 0xA0, 0x75, 0x9E, 0x4C, 0xAE, 0x44, 0x5C, 0xE8, 0xE8, 0x37, 0x03, 0x06,
    0xE7, 0xCF, 0x81, 0x88, 0x54, 0x15, 0x7E, 0x06, 0xB9, 0x0E, 0x78, 0xFA, 0x14, 0x89, 0xC5, 0x00,
    0xF1, 0xC1, 0x7B, 0x8F, 0xA3, 0x14, 0x67, 0x9D, 0xFC, 0xA5, 0x84, 0x11, 0xE6, 0xC7, 0x1C, 0x67,
    0x11, 0x12, 0xBC, 0xF7, 0x18, 0xAF, 0x21, 0xCF, 0xC1, 0xC3, 0x29, 0xBE, 0x95, 0x44, 0x01, 0xA2,
    0x0A, 0xE6, 0xE1, 0x0A, 0x88, 0x8E, 0x8B, 0x78, 0xBD, 0x4B, 0x9C, 0x3D, 0x7A, 0x10, 0xF7, 0x9F,
    0x35, 0x21, 0x88, 0x83, 0x25, 0xA6, 0xE9, 0xA7, 0x3A, 0x27, 0xE5, 0xA0, 0xAC, 0x43, 0x02, 0x5F,
    0x3A, 0x2A, 0x6B, 0x01, 0x38, 0x20, 0x75, 0x76, 0xAE, 0x80, 0x74, 0x84, 0xA6, 0x0E, 0x6E, 0xDD,
    0x44, 0x44, 0x7B, 0x1F, 0x7B, 0x15, 0xD4, 0xB4, 0x44, 0x86, 0xBB, 0xF9, 0xC2, 0x35, 0xF1, 0x89,
    0x92, 0x3C, 0xCB, 0xDC, 0x2C, 0x69, 0xE7, 0x04, 0x9A, 0x53, 0x6C, 0xCE, 0x88, 0xCD, 0x60, 0xA4,
    0x65, 0xA7, 0x9F, 0x19, 0xD1, 0x3C, 0x62, 0x21, 0x1C, 0x3A, 0x29, 0xF0, 0x03, 0xA4, 0xDD, 0x82,
    0x5D, 0x7C, 0x0E, 0xB0, 0xB3, 0x8F, 0xBB, 0xF0, 0x7E, 0x2D, 0xEC, 0x5F, 0xB9, 0xA3, 0xC3, 0x9B,
    0xA0, 0xDA, 0xDA, 0x8D, 0x6A, 0x84, 0x00, 0x35, 0xAE, 0xDE, 0x4C, 0x67, 0xB8, 0x33, 0xE4, 0xE6,
    0x14, 0xB2, 0x2D, 0x07, 0xB1, 0x1B, 0xD9, 0x5C, 0x34, 0x0B, 0x4E, 0x4C, 0x71, 0x23, 0xE3, 0xE2,
    0x06, 0xDC, 0x06, 0xDB, 0x2B, 0xD7, 0xEC, 0x26, 0xC0, 0xDA, 0xFD, 0xDF, 0x4E, 0x18, 0xCC, 0xB6,
    0x04, 0x1F, 0xF2, 0x31, 0xC3, 0x8B, 0xE6, 0xB5, 0x64, 0xC4, 0x02, 0x44, 0x6F, 0xC1, 0x4D, 0x44,
    0x41, 0xB6, 0x92, 0x39, 0x5F, 0xFA, 0x6F, 0xE1, 0x56, 0x52, 0x9B, 0x1A, 0x99, 0x97, 0xBB, 0xB9,
    0x15, 0x31, 0xFC, 0x81, 0x57, 0x72, 0x4D, 0x0A, 0x30, 0x4A, 0x69, 0x39, 0x23, 0x60, 0x17, 0x6B,
    0xDF, 0x95, 0x2E, 0xDD, 0xFB, 0xD2, 0x89, 0x11, 0x04, 0x70, 0xB9, 0x0D, 0xF2, 0x3E, 0x82, 0xAB,
    0xA3, 0x09, 0xFA, 0xA8, 0x51, 0xDD, 0x3C, 0x1B, 0xB7, 0x50, 0x5F, 0x34, 0x2B, 0x1D, 0x83, 0x0A,
    0x56, 0x32, 0xF8, 0xA0, 0x36, 0x1C, 0x92, 0x73, 0xFF, 0x0F, 0x0B, 0xB7, 0x02, 0x15, 0x1B, 0x8A,
    0xA1, 0xEE, 0x35, 0x6D, 0xCE, 0x47, 0x21, 0x3A, 0xD6, 0x45, 0x5F, 0x45, 0xF3, 0x5C, 0xC6, 0x8A,
    0xBC, 0x62, 0x7E, 0xF8, 0xE5, 0x64, 0xF0, 0x07, 0x2B, 0xF9, 0x27, 0xE3, 0xAB, 0x2C, 0x20, 0xD7,
    0x6A, 0xF3, 0xED, 0xA3, 0x52, 0x62, 0xA0, 0x73, 0x53, 0xEB, 0x0B, 0x09, 0xE8, 0x18, 0x5B, 0x8C,
    0x0E, 0x1E, 0x42, 0x91, 0x80, 0x91, 0xE5, 0x52, 0xFB, 0xA2, 0xD0, 0x2E, 0xEE, 0x69, 0x33, 0xD2,
    0xD4, 0xE5, 0x20, 0xEE, 0x6B, 0xE3, 0x51, 0xA3, 0x5A, 0xE0, 0xDD, 0x0B, 0x0E, 0xE4, 0xA9, 0x72,
    0x5B, 0x31, 0x6C, 0x83, 0x75, 0x07, 0x39, 0x9D, 0x2E, 0xE8, 0x66, 0x4A, 0xFF, 0x28, 0x9D, 0x37,
    0xC9, 0xFE, 0xAF, 0x74, 0xB1, 0x47, 0x9E, 0x88, 0xA4, 0xA4, 0xD6, 0x92, 0xB3, 0x0E, 0x82, 0x7B,
    0x67, 0xC0, 0x7E, 0x5A, 0x48, 0x88, 0xC1, 0xBE, 0x1E, 0x17, 0xD4, 0x72, 0xFE, 0x57, 0x17, 0xEF,
    0xA4, 0x17, 0xBB, 0x71, 0x10, 0x05, 0x74, 0x1A, 0x9B, 0x62, 0x60, 0xD7, 0xD1, 0x05, 0xAF, 0x0E,
    0xA1, 0x7A, 0x35, 0x11, 0x4C, 0x62, 0x1A, 0xE1, 0x2C, 0xE3, 0x56, 0x4D, 0xD8, 0x24, 0x7A, 0x95,
    0xA6, 0x5F, 0x0B, 0xEF, 0xA9, 0xB3, 0x2A, 0xF6, 0x6F, 0xAB, 0x9B, 0x90, 0x70, 0x3F, 0x4E, 0xB2,
    0x3E, 0xDC, 0xB2, 0x48, 0xDD, 0xD4, 0xC9, 0x6D, 0x09, 0x27, 0x53, 0xEA, 0xD8, 0xD5, 0xD1, 0xD1,
    0x4B, 0xC4, 0x1C, 0xBF, 0xF8, 0x06, 0x74, 0x33, 0x79, 0x23, 0x00, 0xFA, 0xF0, 0xCA, 0x70, 0x28,
    0xB0, 0xAF, 0xA3, 0x51, 0x35, 0x4C, 0x83, 0x2B, 0x5B, 0x93, 0xE4, 0x64, 0xD3, 0x8B, 0xFE, 0xDE,
    0xA4, 0x61, 0x99, 0x78, 0x6E, 0x32, 0xC1, 0x70, 0x0C, 0xBD, 0x26, 0x5F, 0xD6, 0x20, 0x28, 0x7C,
    0xC4, 0xA7, 0x44, 0xF5, 0x55, 0xEC, 0x96, 0xDE, 0xD0, 0x65, 0xA6, 0x2B, 0xE4, 0x06, 0xCC, 0x9B,
    0x4F, 0xF7, 0x65, 0x7A, 0xF2, 0x86, 0x5D, 0x5B, 0x75, 0x94, 0xAC, 0xAB, 0x4C, 0xE5, 0xAA, 0x98,
    0x43, 0xB6, 0xDF, 0xA5, 0xB0, 0xE4, 0x44, 0x31, 0x00, 0x00, 0xCF, 0x10, 0x4F, 0xEC, 0x9A, 0xAC,
    0xFD, 0x48, 0xF4, 0xC8, 0x5D, 0xA1, 0x3F, 0x95, 0xB4, 0xD8, 0x03, 0x83, 0xF4, 0x6E, 0x21, 0x04,
    0x39, 0xEF, 0xE5, 0xCF, 0xB7, 0x48, 0xB8, 0xEF, 0xA5, 0x60, 0x49, 0x9C, 0x87, 0xA8, 0xE4, 0xD2,
    0x45, 0xE6, 0xB4, 0x93, 0x76, 0xB0, 0xBC, 0x02, 0x60, 0xBE, 0x68, 0x23, 0x4D, 0xB1, 0x72, 0x27,
    0x85, 0x0B, 0xBD, 0x36, 0xC7, 0xAD, 0x02, 0x09, 0xF3, 0x4F, 0xA7, 0xD8, 0xF0, 0x74, 0x04, 0xEB,
    0x8F, 0x0A, 0x24, 0xD4, 0x24, 0x68, 0x3A, 0xFA, 0x4A, 0x68, 0x35, 0x77, 0x6B, 0x35, 0x84, 0xBF,
    0xF1, 0x73, 0xB0, 0x0B, 0xE5, 0x3A, 0x23, 0xE5, 0xF6, 0xBE, 0x4A, 0xB9, 0xE6, 0x86, 0x57, 0xBA,
    0xB7, 0xD8, 0x6D, 0x9F, 0x53, 0xEB, 0xEA, 0x0E, 0x6D, 0x36, 0x42, 0xAE, 0xEE, 0x12, 0x32, 0x53,
    0xC0, 0x6D, 0x06, 0x1D, 0xA7, 0x74, 0xF2, 0x36, 0x4E, 0x93, 0x96, 0x91, 0x29, 0xF5, 0x0B, 0x0A,
    0x6B, 0x5F, 0x02, 0xAA, 0x40, 0xF7, 0x8B, 0x94, 0x64, 0x74, 0xD9, 0xFE, 0x65, 0x0A, 0xFF, 0x78,
    0x3E, 0xF5, 0xA2, 0x45, 0x3F, 0x5E, 0xA4, 0xCB, 0x01, 0x86, 0xB2, 0x10, 0x43, 0xD1, 0x1A, 0x86,
    0x68, 0x07, 0x43, 0x54, 0x61, 0x88, 0x0E, 0x30, 0x04, 0xF0, 0xBC, 0x08, 0xE3, 0x81, 0xC6, 0x9D,
    0x02, 0x0A, 0x77, 0x33, 0x13, 0xC0, 0x35, 0x39, 0x55, 0x43, 0x8A, 0x35, 0xA5, 0x68, 0xAD, 0xE6,
    0xC8, 0x2D, 0x5D, 0xC3, 0x7A, 0x47, 0xAB, 0x97, 0x4D, 0x5D, 0xCB, 0xA2, 0x37, 0x35, 0x00, 0x8D,
    0xD5, 0xAC, 0x50, 0x09, 0x63, 0x05, 0xCE, 0x8C, 0x1C, 0xF5, 0x89, 0x82, 0x68, 0x31, 0x0C, 0x72,
    0x86, 0x90, 0xF7, 0xE2, 0x00, 0x44, 0x5F, 0xAE, 0x40, 0xE1, 0x7F, 0x96, 0x18, 0x7A, 0x41, 0x62,
    0xC8, 0x91, 0x18, 0x72, 0x73, 0x50, 0xE8, 0x7D, 0x08, 0x0A, 0xC5, 0x55, 0x50, 0x28, 0xFE, 0x0D,
    0x44, 0xFB, 0x05, 0x88, 0x0E, 0xB3, 0xE0, 0x1A, 0x85, 0xE7, 0xA0, 0xBD, 0x31, 0x6C, 0xBE, 0x77,
    0x46, 0x64, 0x94, 0xA6, 0x55, 0x06, 0x85, 0xF9, 0x7A, 0x2F, 0xDE, 0x45, 0xE0, 0xD4, 0x80, 0x57,
    0x3A, 0x07, 0xAC, 0x9C, 0x74, 0x5A, 0x2B, 0x13, 0x62, 0x98, 0x35, 0x1B, 0x5C, 0x30, 0x65, 0xBF,
    0x4E, 0xD6, 0xE6, 0x4F, 0x8F, 0x88, 0x85, 0x53, 0x08, 0x91, 0x3E, 0xAC, 0x8D, 0x43, 0xC5, 0xCC,
    0xB5, 0x50, 0x35, 0x85, 0x4A, 0x1A, 0xC0, 0x50, 0xDD, 0x74, 0x9B, 0x6D, 0x29, 0x3A, 0x1A, 0x3E,
    0xD8, 0x01, 0xEB, 0x06, 0x1E, 0x02, 0x0D, 0x15, 0x00, 0x55, 0x27, 0xB5, 0x59, 0xFE, 0x11, 0x47,
    0xA0, 0x7C, 0x14, 0x2B, 0xF8, 0x62, 0x1D, 0x28, 0x68, 0x0B, 0x7E, 0xFA, 0xA9, 0xBF, 0x1F, 0x6D,
    0xDD, 0xB7, 0x19, 0x52, 0xD5, 0xE4, 0xDC, 0x5A, 0xA8, 0xE0, 0xC5, 0x3C, 0x09, 0xBC, 0x15, 0x9E,
    0x93, 0x40, 0x65, 0xA0, 0x5D, 0x5C, 0xE5, 0x9E, 0x0B, 0xC7, 0xB8, 0x0F, 0xD2, 0x06, 0x7D, 0x5D,
    0xC5, 0x1E, 0xA8, 0xE0, 0x78, 0xC5, 0xBA, 0x04, 0x30, 0xC4, 0xB6, 0x0B, 0x09, 0x5B, 0x3E, 0x75,
    0xEB, 0x2D, 0xAE, 0xF3, 0xC1, 0x2F, 0xCC, 0x69, 0x38, 0x14, 0xEB, 0x0C, 0x6E, 0xA8, 0x99, 0xFE,
    0x81, 0xD9, 0xB6, 0x36, 0x05, 0x37, 0x53, 0xCF, 0xCF, 0x29, 0xDA, 0x18, 0x19, 0x90, 0xCA, 0x9D,
    0x5A, 0xBD, 0x20, 0xDD, 0xCF, 0x25, 0xED, 0x00, 0x65, 0xEC, 0x92, 0xF1, 0xD8, 0xD4, 0xA9, 0x48,
    0x6C, 0x45, 0xCE, 0x9E, 0x74, 0xF2, 0xE4, 0x5F, 0x75, 0xCE, 0x74, 0x2A, 0xE2, 0xBE, 0x49, 0x84,
    0x4C, 0x17, 0xD3, 0x3E, 0x73, 0xDC, 0x40, 0xB8, 0x09, 0x76, 0xBE, 0x3F, 0x4B, 0x76, 0x10, 0xB7,
    0x6D, 0xB9, 0x4A, 0x3B, 0x7E, 0xFC, 0x88, 0xF1, 0x79, 0x3B, 0x8F, 0x52, 0xFF, 0x33, 0x7A, 0x32,
    0x4C, 0x2D, 0x6B, 0x94, 0x04, 0xB9, 0x2A, 0x16, 0xB7, 0x87, 0x5E, 0xEA, 0xBF, 0x9F, 0xDA, 0xBF,
    0x95, 0xD4, 0xD1, 0xBE, 0x99, 0xD9, 0xB9, 0x8D, 0x8B, 0x1D, 0x12, 0x22, 0x15, 0xAF, 0xD7, 0x2B,
    0x9C, 0xB0, 0xC3, 0x73, 0x93, 0xE9, 0x78, 0xB1, 0x17, 0xE5, 0x46, 0x89, 0xC1, 0x4F, 0xBA, 0x7C,
    0x54, 0xD2, 0x61, 0xB5, 0x6A, 0x46, 0xAA, 0xD1, 0x11, 0x3A, 0x34, 0x9D, 0xC3, 0x0E, 0x4C, 0x47,
    0x5B, 0x11, 0xB0, 0x8E, 0x37, 0x59, 0xCA, 0x7A, 0x48, 0xD5, 0x68, 0x7E, 0x78, 0x42, 0x1D, 0x8D,
    0x9F, 0xA3, 0xDF, 0x2B, 0x3B, 0xBC, 0x5E, 0xA8, 0x7B, 0x41, 0x48, 0x99, 0x4E, 0xD0, 0x51, 0xB0,
    0xF3, 0xB7, 0x1A, 0xB9, 0x21, 0xC5, 0x72, 0x4B, 0x7D, 0x31, 0x6E, 0x5E, 0x67, 0xFE, 0x95, 0x24,
    0x1A, 0x70, 0x4F, 0x8F, 0xBB, 0x07, 0x3D, 0xF3, 0x86, 0xAB, 0x80, 0x76, 0x93, 0x8C, 0x8B, 0xDC,
    0x77, 0xC1, 0xC3, 0xE0, 0x16, 0x1D, 0x16, 0xCA, 0x2F, 0x93, 0x0E, 0x22, 0xA0, 0xD6, 0xCE, 0xA9,
    0xA1, 0x55, 0xEF, 0xCB, 0x1F, 0xD6, 0x0E, 0x02, 0x07, 0x70, 0xF3, 0x2E, 0x50, 0x54, 0xE5, 0x22,
    0xF7, 0xF5, 0xF1, 0x64, 0x8F, 0xFC, 0xB3, 0x8C, 0x1C, 0xF5, 0xA5, 0x88, 0x7B, 0x48, 0xEA, 0xD5,
    0x56, 0xE6, 0x82, 0x79, 0xDF, 0xB4, 0x74, 0x38, 0x47, 0x73, 0xB1, 0x4E, 0x52, 0xC0, 0x85, 0x6D,
    0x98, 0xE8, 0xA4, 0x93, 0x86, 0xA8, 0x41, 0x66, 0x47, 0x41, 0xF9, 0x3D, 0x7B, 0xEE, 0x76, 0xD9,
    0xCF, 0xC3, 0xDB, 0x4A, 0x7A, 0x85, 0x97, 0xFB, 0x91, 0x48, 0x7B, 0x14, 0x80, 0x98, 0x55, 0x37,
    0xB5, 0x0A, 0x50, 0xDE, 0x5C, 0x96, 0xF0, 0x55, 0xA9, 0x7F, 0x30, 0x84, 0xD7, 0x8E, 0x47, 0xA4,
    0x36, 0x94, 0x7B, 0x30, 0x8B, 0x57, 0xDE, 0x6E, 0x8A, 0x8D, 0x1C, 0x96, 0xB8, 0x7E, 0x3C, 0x2E,
    0x20, 0xEB, 0x7E, 0xEA, 0x4F, 0xB8, 0x9C, 0x5A, 0x10, 0xD3, 0xCD, 0x6D, 0x4D, 0x90, 0xC4, 0xE5,
    0x00, 0x5D, 0x10, 0x80, 0x40, 0x00, 0x63, 0x06, 0x5E, 0xAE, 0x73, 0x2E, 0x4F, 0x71, 0x05, 0x99,
    0x93, 0x40, 0x64, 0x6C, 0x01, 0x52, 0x09, 0x2F, 0x0D, 0xF9, 0x2B, 0x70, 0xE2, 0x71, 0x7F, 0x5D,
    0x15, 0x4E, 0x65, 0x9A, 0x5F, 0x17, 0x47, 0x1E, 0xE9, 0xE4, 0x18, 0x9A, 0x56, 0xFD, 0xAB, 0x95,
    0x5B, 0x7F, 0xD7, 0x29, 0xEE, 0x5D, 0x48, 0x5E, 0x38, 0x88, 0x40, 0x3A, 0x04, 0xC8, 0xDD, 0xAC,
    0xC8, 0xAA, 0x16, 0x0A, 0xAC, 0x1F, 0x36, 0x14, 0xD8, 0x23, 0x92, 0xDA, 0x18, 0xD8, 0x25, 0x9B,
    0xCB, 0xED, 0x09, 0x37, 0xA2, 0xC0, 0x8E, 0x77, 0x85, 0x9B, 0x1F, 0x41, 0x4C, 0x03, 0x47, 0x7F,
    0x25, 0x0E, 0x7E, 0xED, 0x96, 0xD8, 0x0A, 0x5C, 0x88, 0x6F, 0x70, 0x13, 0x8B, 0x55, 0x37, 0x91,
    0xFB, 0xE3, 0x2C, 0xF5, 0x01, 0xE9, 0xA1, 0xD1, 0xF7, 0x21, 0x33, 0x53, 0x28, 0xB7, 0x10, 0xBC,
    0x2C, 0x5E, 0xBF, 0xAF, 0x26, 0x8C, 0xFE, 0x95, 0x7F, 0xE6, 0x3A, 0x33, 0xC0, 0x21, 0x32, 0x20,
    0x2F, 0x15, 0x93, 0x24, 0xB3, 0x14, 0x45, 0xA4, 0x29, 0x04, 0x5E, 0x81, 0x14, 0xA1, 0x91, 0x3D,
    0x69, 0x0A, 0x96, 0x5A, 0xAC, 0xA4, 0xBF, 0x92, 0x7B, 0x07, 0x16, 0x17, 0x5F, 0xB8, 0xD8, 0x30,
    0xD2, 0xFD, 0xE5, 0x86, 0x64, 0xBF, 0x61, 0x05, 0x36, 0xE2, 0x4F, 0x54, 0xB5, 0x7E, 0x67, 0x1E,
    0x66, 0x23, 0x65, 0x8E, 0xF0, 0x7C, 0xE8, 0xE0, 0xB8, 0x39, 0xD3, 0xF0, 0x50, 0xD4, 0xE1, 0xBB,
    0xD8, 0x93, 0x7C, 0x5C, 0xE1, 0x98, 0xB6, 0xFE, 0xA4, 0xA9, 0x46, 0xEA, 0x03, 0x34, 0x91, 0xAB,
    0x2A, 0xFF, 0x17, 0x83, 0x0E, 0xB5, 0xDA, 0xFC, 0xFF, 0x39, 0x6C, 0x39, 0x84, 0x5A, 0xAF, 0xE6,
    0x83, 0x05, 0x80, 0x01, 0xF0, 0x84, 0x4F, 0xD1, 0xAA, 0xA4, 0x76, 0x41, 0xAB, 0x15, 0x55, 0xC9,
    0x3B, 0x12, 0x54, 0x58, 0xCB, 0x2C, 0xBE, 0x20, 0x06, 0x7E, 0x9E, 0x1B, 0x85, 0x8D, 0xD7, 0xFE,
    0x6F, 0xA7, 0x65, 0x7F, 0x94, 0x3E, 0x0A, 0x8B, 0x55, 0x11, 0x76, 0x85, 0x57, 0x9D, 0xF4, 0xAE,
    0xD3, 0xD2, 0x45, 0xFB, 0xFA, 0xFF, 0x0C, 0x80, 0x39, 0x4F, 0x7D, 0x8D, 0xA5, 0x4C, 0x7D, 0x05,
    0x54, 0xEF, 0x36, 0x3D, 0x9F, 0x7E, 0xE9, 0xBF, 0xF4, 0x51, 0xBA, 0xD8, 0xA2, 0x3D, 0x88, 0xAB,
    0x60, 0xAF, 0x91, 0x5C, 0xA1, 0xDD, 0x57, 0x91, 0xEC, 0x2C, 0xAD, 0xBD, 0xB4, 0xA7, 0xA4, 0x69,
    0x90, 0x1D, 0x52, 0x38, 0xD0, 0xBB, 0x85, 0xB3, 0x9C, 0x14, 0x99, 0xB0, 0xA5, 0x62, 0xFB, 0xAD,
    0xAF, 0xC7, 0xFC, 0x25, 0x78, 0x69, 0x48, 0xFE, 0x91, 0xA7, 0xB1, 0xE5, 0x9D, 0xD2, 0x1A, 0xEA,
    0x82, 0xEF, 0x03, 0x8A, 0xA1, 0xAD, 0xF9, 0x68, 0x93, 0x7B, 0x56, 0x3A, 0xD7, 0x53, 0xAE, 0xBC,
    0x7C, 0xEB, 0xEB, 0x12, 0xE3, 0x1B, 0x3E, 0x1F, 0x75, 0x90, 0x04, 0x72, 0x82, 0x18, 0x69, 0x1B,
    0x7F, 0x10, 0x62, 0x8E, 0xD0, 0x20, 0xEE, 0xD0, 0xD2, 0xC3, 0xDB, 0x07, 0xA7, 0x66, 0x70, 0x7A,
    0xF0, 0x7D, 0x17, 0x1A, 0xB4, 0x39, 0xF2, 0x2A, 0x22, 0x9E, 0xE8, 0x3E, 0x74, 0xBB, 0x17, 0x94,
    0x52, 0x55, 0xE7, 0x9D, 0x83, 0x2D, 0x41, 0xA5, 0xB3, 0x87, 0xE4, 0x4F, 0x6E, 0x88, 0xF8, 0x69,
    0x53, 0x54, 0x28, 0x9B, 0x36, 0xD3, 0xF8, 0xD0, 0xC0, 0xBD, 0x06, 0xAC, 0xE4, 0x12, 0x7C, 0xB2,
    0xCE, 0x75, 0x57, 0xB9, 0x4B, 0xD7, 0x6B, 0xE2, 0x7C, 0xAA, 0x4F, 0xC7, 0xD8, 0xAA, 0x52, 0x0A,
    0x41, 0xC5, 0xE3, 0x22, 0xDC, 0xD4, 0x2F, 0xDC, 0x3D, 0x90, 0xC1, 0x10, 0xEC, 0x9D, 0x02, 0x19,
    0xF0, 0x49, 0x6A, 0xEF, 0x46, 0xB2, 0x29, 0xA5, 0x88, 0x5B, 0x2D, 0x27, 0x17, 0x8F, 0x50, 0x69,
    0x47, 0x5F, 0xBD, 0xFA, 0x78, 0x60, 0xE1, 0x80, 0x61, 0xC5, 0x44, 0x8E, 0x68, 0x4F, 0x66, 0x22,
    0xA6, 0xAC, 0xDB, 0xE2, 0x60, 0x83, 0x28, 0xA4, 0x3E, 0x50, 0xD5, 0xDD, 0x04, 0x0D, 0xF8, 0x6E,
    0x7F, 0xCB, 0x56, 0x99, 0x76, 0x13, 0xC0, 0x40, 0xBB, 0x1C, 0x98, 0x67, 0x45, 0xDF, 0x64, 0x9A,
    0x41, 0xBA, 0xD6, 0xD8, 0xE3, 0xD0, 0x1D, 0xA8, 0x3D, 0xC5, 0xC7, 0x13, 0x6C, 0x2E, 0x5D, 0x32,
    0xE0, 0x98, 0xF8, 0x88, 0x07, 0xEA, 0x01, 0xE8, 0x33, 0x5E, 0xB7, 0xBB, 0x2C, 0x94, 0xFC, 0xF6,
    0x66, 0x34, 0x1B, 0xF2, 0x18, 0x2A, 0xD8, 0xD8, 0x4F, 0x36, 0xB2, 0x07, 0x4B, 0x2E, 0x8D, 0xB2,
    0x87, 0x87, 0x93, 0x21, 0x96, 0x51, 0xF1, 0x52, 0xDB, 0x8D, 0xE5, 0x49, 0x3A, 0xB5, 0x0C, 0x96,
    0x11, 0x77, 0xD5, 0x27, 0xBB, 0x1C, 0xE2, 0x60, 0xFB, 0x39, 0xC2, 0xB5, 0x17, 0x8B, 0x88, 0x96,
    0x78, 0x1F, 0x6F, 0x7F, 0xF9, 0x50, 0xAC, 0x9B, 0x1B, 0x10, 0x50, 0x9F, 0x8D, 0x5A, 0xED, 0x57,
    0xA4, 0x8F, 0x91, 0x8D, 0x8F, 0xBE, 0xD1, 0x71, 0xAE, 0x88, 0x72, 0xBF, 0xCB, 0x2A, 0xB9, 0x3C,
    0xDA, 0xF4, 0x00, 0x3C, 0x79, 0xBC, 0xF4, 0x2A, 0x67, 0x78, 0xAF, 0xEE, 0xE3, 0x1D, 0x03, 0x7E,
    0x14, 0x46, 0x00, 0x84, 0xB7, 0x28, 0x2C, 0x93, 0xD4, 0x1A, 0x81, 0x9A, 0xEF, 0x00, 0xC5, 0x86,
    0x22, 0x23, 0xC1, 0xB5, 0xE6, 0x68, 0xF6, 0x6C, 0xB8, 0x39, 0x9F, 0xD8, 0xB8, 0x8D, 0x60, 0xF5,
    0x45, 0x0D, 0x36, 0xCE, 0x6E, 0x1C, 0x0D, 0x1B, 0x9D, 0xE3, 0xC4, 0xA9, 0x16, 0x09, 0x1F, 0x6C,
    0x9C, 0xBD, 0x34, 0x73, 0x36, 0xB4, 0x0F, 0xE4, 0x3E, 0x31, 0xB5, 0x57, 0xB9, 0x12, 0xD7, 0x3A,
    0xEC, 0x20, 0x7F, 0x6D, 0x5E, 0xD8, 0x78, 0xF9, 0xAC, 0x87, 0xFD, 0x69, 0x46, 0x56, 0xDE, 0x1A,
    0x41, 0xB7, 0xF9, 0xD8, 0x1C, 0xFA, 0xA4, 0x70, 0x94, 0x4B, 0x7A, 0x39, 0x0C, 0xBA, 0xC3, 0xB9,
    0xC6, 0xC6, 0x76, 0xB3, 0xE9, 0x66, 0xC9, 0xF6, 0xD3, 0xA6, 0xB6, 0x0B, 0x5F, 0x6D, 0x0E, 0xA1,
    0x8D, 0xA0, 0xBC, 0x97, 0xA5, 0xE4, 0xD6, 0x97, 0xC9, 0xDA, 0x63, 0x98, 0xF9, 0xF8, 0xC4, 0xA1,
    0xBD, 0xF4, 0x4F, 0xF2, 0x40, 0x8A, 0xFB, 0xB6, 0xC7, 0x27, 0x06, 0x56, 0x81, 0xBD, 0xC4, 0x6D,
    0x75, 0x8D, 0xD4, 0xAF, 0x94, 0x59, 0x6E, 0x9E, 0x26, 0xED, 0x9D, 0xA2, 0x11, 0x7E, 0x0D, 0x99,
    0xA0, 0xD1, 0x29, 0x94, 0x59, 0xF2, 0x7B, 0xE1, 0x71, 0xB3, 0xBE, 0xCF, 0xF9, 0xDA, 0x68, 0x79,
    0x5E, 0xDD, 0x9F, 0xEA, 0xBC, 0x73, 0xFE, 0x67, 0xEF, 0xC2, 0x95, 0xA8, 0xAF, 0x50, 0x36, 0x0F,
    0xB8, 0x19, 0xB6, 0x9A, 0x4A, 0xEA, 0x48, 0xD4, 0x81, 0xD4, 0xE7, 0x97, 0x74, 0xCC, 0x4B, 0xCE,
    0x43, 0xE3, 0xBC, 0xFA, 0x09, 0x3F, 0x9B, 0x6A, 0x9E, 0xCF, 0x75, 0x03, 0x15, 0x27, 0x95, 0x0F,
    0x70, 0x1A, 0xF9, 0xDC, 0xD7, 0x0B, 0xB9, 0xEA, 0x3B, 0x40, 0x42, 0x61, 0x71, 0x39, 0xD1, 0x91,
    0x08, 0x43, 0xC8, 0x36, 0xB8, 0x6F, 0xCA, 0x07, 0x6F, 0xB9, 0xA9, 0xD3, 0x3B, 0xCD, 0xDD, 0xD3,
    0x82, 0xCD, 0x87, 0x33, 0x8C, 0xDF, 0x90, 0x69, 0xBE, 0x71, 0x4F, 0xCE, 0x74, 0x54, 0x0F, 0x3D,
    0xE0, 0xAB, 0x14, 0x60, 0x23, 0xFE, 0x0C, 0x5E, 0x70, 0x5C, 0x9E, 0x20, 0xBF, 0xF6, 0xEA, 0xF0,
    0xDA, 0x42, 0xD1, 0xD1, 0xA7, 0xD2, 0x7A, 0x54, 0x30, 0x07, 0x42, 0x97, 0x6E, 0xC4, 0x3A, 0x84,
    0x81, 0xD9, 0xDB, 0xCD, 0x59, 0xCC, 0xE1, 0xA8, 0x14, 0xCE, 0xBE, 0xBE, 0xFB, 0x97, 0xAA, 0xF4,
    0xD4, 0x95, 0x1A, 0x69, 0xAB, 0xC5, 0x3D, 0x48, 0xDC, 0x61, 0xF0, 0x0A, 0xD9, 0x22, 0x53, 0xE2,
    0x3C, 0x16, 0x76, 0x3C, 0xE0, 0x7C, 0xA8, 0x10, 0x9C, 0xA7, 0xE1, 0xCA, 0xBD, 0xC2, 0x55, 0x9A,
    0xF3, 0x10, 0xF5, 0x12, 0x37, 0xA1, 0xD6, 0xF2, 0xA6, 0x4D, 0xA9, 0xD3, 0xE9, 0xE9, 0xDA, 0xB6,
    0x6E, 0xCB, 0x09, 0x7E, 0x80, 0xED, 0x8E, 0x11, 0x43, 0xBF, 0x0C, 0x4A, 0xB5, 0xB1, 0x92, 0x95,
    0xD4, 0xE6, 0x82, 0xBA, 0x93, 0xB1, 0xB0, 0x5B, 0xE4, 0x23, 0x2A, 0x76, 0x38, 0xD4, 0x20, 0xED,
    0x81, 0x37, 0x60, 0x07, 0xCF, 0x27, 0x3C, 0xC4, 0x44, 0xD5, 0xE8, 0xCE, 0xC4, 0x6E, 0xEE, 0xF0,
    0x9C, 0x1D, 0xDB, 0xB2, 0xA9, 0xE7, 0x5B, 0xCD, 0x11, 0xBC, 0xB9, 0xE9, 0x78, 0x06, 0x7B, 0x43,
    0xB2, 0xF1, 0x0C, 0xB0, 0xF8, 0x02, 0xB7, 0x51, 0xBC, 0x0C, 0x5C, 0xAE, 0x99, 0xAE, 0xAD, 0xC2,
    0x0C, 0xD0, 0x89, 0xE2, 0x40, 0x57, 0x5A, 0xFB, 0x31, 0x74, 0x52, 0xD9, 0xBF, 0x4C, 0x11, 0x58,
    0x7A, 0xCE, 0xFB, 0x29, 0xE4, 0xDE, 0x76, 0xD7, 0xD9, 0x4B, 0x74, 0xBC, 0x17, 0xE4, 0x36, 0x23,
    0x79, 0x4B, 0x32, 0x61, 0x27, 0xA8, 0xE0, 0xA3, 0xBB, 0xDF, 0xA7, 0x9F, 0x83, 0x3B, 0x6F, 0x40,
    0x6B, 0x20, 0x0F, 0xA9, 0x1B, 0x83, 0x79, 0x86, 0xF7, 0xB1, 0x2E, 0x73, 0xF9, 0x87, 0x47, 0x79,
    0x4C, 0xF1, 0xEC, 0xB4, 0xE6, 0x44, 0x93, 0x6A, 0x58, 0x0B, 0xEE, 0xD1, 0x85, 0xE8, 0x97, 0x2E,
    0x25, 0x9F, 0xD6, 0xD1, 0xE5, 0xF9, 0x21, 0xF7, 0x1E, 0xA0, 0x4E, 0xAB, 0x62, 0x49, 0x05, 0xD9,
    0x12, 0x75, 0x9C, 0x7D, 0x07, 0x54, 0xFF, 0x03, 0xF4, 0x20, 0x3C, 0xF1, 0xE7, 0x11, 0x95, 0x72,
    0x80, 0x9C, 0xE4, 0xBF, 0x9D, 0xFF, 0xE0, 0x73, 0x53, 0x61, 0x86, 0x54, 0x97, 0xD3, 0x34, 0xAD,
    0xBA, 0xF1, 0xAB, 0x91, 0x90, 0x91, 0x65, 0x98, 0x4E, 0xC8, 0xC9, 0x8A, 0xBF, 0x71, 0x72, 0x9A,
    0xAC, 0xDF, 0x97, 0xE3, 0x12, 0xBA, 0x21, 0xFE, 0xD2, 0x2C, 0xE5, 0x74, 0xDC, 0xCE, 0x4C, 0xD5,
    0x51, 0x6F, 0x8D, 0xE0, 0x9C, 0xBC, 0x93, 0xA6, 0x6F, 0x86, 0x80, 0xAC, 0x98, 0xDD, 0xF9, 0x9A,
    0xAE, 0x42, 0xE4, 0xBA, 0x56, 0x60, 0xCD, 0xD4, 0x7A, 0x4E, 0xD2, 0x44, 0x3B, 0xA3, 0x69, 0x1D,
    0x4D, 0x35, 0x2F, 0xBE, 0x51, 0xD6, 0x23, 0xB4, 0x83, 0xD4, 0x1B, 0x4C, 0x7B, 0x1C, 0x8A, 0x66,
    0x27, 0x9C, 0x6F, 0xD4, 0x86, 0xD1, 0x05, 0xA3, 0x09, 0x0D, 0x35, 0xFA, 0x7A, 0x7A, 0x16, 0xFE,
    0xA4, 0x39, 0xD3, 0xAE, 0x2B, 0x77, 0x23, 0x77, 0x76, 0x6C, 0x6C, 0x2C, 0x6C, 0x99, 0xBA, 0x54,
    0x24, 0xA6, 0x9D, 0x4B, 0xF7, 0x9C, 0x42, 0x5A, 0xE5, 0x16, 0x90, 0x8F, 0x9F, 0xE2, 0xDE, 0x0E,
    0x1F, 0x35, 0x92, 0xC8, 0xCA, 0xFC, 0x0F, 0x22, 0x3E, 0xCF, 0xA9, 0xD9, 0x34, 0xE1, 0xCE, 0x65,
    0xEF, 0xF4, 0x05, 0xE6, 0x6D, 0x73, 0xDD, 0x24, 0xE6, 0x48, 0xAF, 0x0F, 0x11, 0x89, 0x2C, 0xB8,
    0x66, 0xA9, 0x37, 0x55, 0x9A, 0x28, 0xED, 0x21, 0xFA, 0x0D, 0xA3, 0xD1, 0xE1, 0x91, 0xC6, 0x75,
    0x75, 0x7E, 0xE8, 0x95, 0x6E, 0xCE, 0x21, 0xBB, 0x20, 0xEF, 0x6A, 0xA4, 0xFF, 0xD6, 0x86, 0x69,
    0xEA, 0xC7, 0xE4, 0x7C, 0x10, 0x53, 0xCB, 0x8F, 0xC0, 0x3A, 0xF5, 0xA3, 0xFE, 0x8F, 0xD4, 0x5F,
    0x00, 0x82, 0x9D, 0xB6, 0x31, 0x2E, 0x91, 0xCE, 0x86, 0x6E, 0x36, 0x15, 0xC1, 0x97, 0x43, 0x65,
    0xF3, 0x69, 0x1F, 0x37, 0x07, 0x37, 0x25, 0x54, 0x1B, 0xF0, 0x33, 0x80, 0x35, 0x55, 0xA1, 0xCF,
    0xCC, 0x1A, 0x57, 0xAA, 0x83, 0x5E, 0x9F, 0x03, 0x22, 0xEC, 0xCD, 0xC9, 0x70, 0xB5, 0x0D, 0x13,
    0xF0, 0xA1, 0x28, 0x44, 0x42, 0x6E, 0xC6, 0xF9, 0xB7, 0x90, 0x8F, 0x28, 0x49, 0x1B, 0x8F, 0x91,
    0xB8, 0x52, 0xEA, 0x55, 0x4E, 0xCE, 0x7D, 0x0D, 0x7A, 0xEF, 0x9F, 0x33, 0x47, 0xA7, 0x5E, 0x54,
    0xA5, 0x5F, 0x03, 0x73, 0xEC, 0xE0, 0x81, 0x36, 0x23, 0x0F, 0xE2, 0x3F, 0xB0, 0xA0, 0x55, 0x2F,
    0x26, 0xB1, 0x87, 0x29, 0x7F, 0x9B, 0x9B, 0x93, 0xE7, 0x7A, 0x83, 0x0C, 0x9A, 0xF0, 0xC3, 0xAE,
    0x55, 0xF7, 0xC4, 0x07, 0x9C, 0x33, 0x5F, 0x23, 0x8B, 0x8F, 0xB1, 0x37, 0xD2, 0xE5, 0xDE, 0xE9,
    0x61, 0xE7, 0xD4, 0x55, 0xAF, 0xAB, 0x37, 0x6E, 0xB1, 0x15, 0x31, 0x45, 0x7C, 0x62, 0x14, 0x00,
    0xC9, 0x49, 0x39, 0x0B, 0x73, 0x72, 0x58, 0xCD, 0xFB, 0x58, 0xA6, 0x67, 0x9A, 0x38, 0x6C, 0x19,
    0x03, 0x83, 0x06, 0x02, 0x6D, 0x22, 0x73, 0x49, 0x4C, 0x41, 0x65, 0xCE, 0x8D, 0xE9, 0x16, 0x42,
    0x08, 0xF6, 0xF6, 0x63, 0x04, 0xFD, 0xC8, 0xCA, 0xFE, 0xA0, 0x39, 0x3E, 0xBC, 0xEC, 0x2A, 0x55,
    0xF8, 0x9B, 0x5B, 0xD9, 0x36, 0x75, 0xEC, 0xD4, 0x91, 0x36, 0x6F, 0x62, 0xAB, 0x91, 0xC7, 0x8E,
    0x29, 0xDA, 0x87, 0x86, 0x5A, 0xDE, 0x01, 0x25, 0x9D, 0xC1, 0x0D, 0xB9, 0x43, 0x2E, 0x52, 0xD3,
    0x5A, 0xA8, 0xE6, 0x44, 0xC7, 0x92, 0x96, 0xDD, 0xED, 0xCC, 0xFE, 0x44, 0xBA, 0xF1, 0xE5, 0x06,
    0x1D, 0xA9, 0x2A, 0x50, 0xC3, 0x33, 0x54, 0x9E, 0x71, 0x74, 0xD2, 0xEA, 0xEB, 0x1C, 0x94, 0x81,
    0xD8, 0x9C, 0x97, 0x0A, 0x3F, 0x3A, 0x1D, 0x6E, 0xD6, 0xA1, 0x3E, 0x30, 0x30, 0xD7, 0xED, 0x46,
    0x7D, 0xA5, 0xCE, 0x1E, 0x6C, 0x0E, 0xBD, 0xD8, 0xC9, 0xCF, 0x60, 0xC1, 0xA7, 0xD8, 0xC4, 0xF9,
    0x04, 0x59, 0x65, 0x1A, 0xB8, 0x6B, 0x06, 0x3F, 0x05, 0xE6, 0x14, 0x81, 0x88, 0xED, 0xB4, 0xD2,
    0x47, 0x9E, 0x7A, 0xA1, 0x52, 0xB9, 0x9A, 0xF8, 0xBB, 0x2A, 0xC8, 0x5D, 0x87, 0xAF, 0x4A, 0x47,
    0xDA, 0x07, 0xA7, 0xA1, 0xD9, 0xCE, 0xA3, 0xFA, 0xEF, 0x51, 0x92, 0xD4, 0x5D, 0xD6, 0x67, 0x6C,
    0x9E, 0xD8, 0x7C, 0x48, 0x7A, 0xE6, 0xBA, 0x91, 0x50, 0xF9, 0xF1, 0xCD, 0x8D, 0xD9, 0x9E, 0xFA,
    0xE3, 0xD3, 0x30, 0x36, 0xAF, 0xC9, 0x85, 0xCC, 0x45, 0xF7, 0xB5, 0x2A, 0xE4, 0x3F, 0xBA, 0x18,
    0x15, 0x6E, 0x7C, 0x2E, 0x35, 0x60, 0x33, 0x29, 0x95, 0x4E, 0x17, 0x20, 0x46, 0x1F, 0xF1, 0x40,
    0x7F, 0x8B, 0x4B, 0x85, 0x5C, 0x41, 0x3C, 0xAE, 0x6D, 0x56, 0xFB, 0xC3, 0x9C, 0xED, 0xFB, 0x84,
    0x0E, 0x0E, 0x92, 0x3F, 0x7A, 0x7A, 0xF4, 0x89, 0xD9, 0xC4, 0x4C, 0xB6, 0x6E, 0x64, 0x1B, 0x1E,
    0x96, 0x6B, 0xFD, 0x31, 0x16, 0x7C, 0x97, 0xF8, 0xB8, 0x9F, 0xF5, 0x56, 0xB3, 0xD4, 0x03, 0xE1,
    0xDF, 0xDA, 0x6C, 0x52, 0xDE, 0x9B, 0x6D, 0x63, 0xF0, 0xD8, 0x09, 0x2F, 0x95, 0x90, 0x0D, 0x52,
    0x36, 0xD3, 0x20, 0xB5, 0xA3, 0xE6, 0x8F, 0x4C, 0x22, 0x73, 0xAA, 0x57, 0x9A, 0x4B, 0x7D, 0xC8,
    0x66, 0x1E, 0x0B, 0xEE, 0x6E, 0x61, 0x9B, 0x42, 0x01, 0xA3, 0xD6, 0x0B, 0xE6, 0x5A, 0x81, 0xDB,
    0x3C, 0x18, 0x30, 0x9C, 0xB7, 0x25, 0x77, 0x3B, 0x42, 0xF2, 0x3F, 0x53, 0x79, 0x50, 0x26, 0x06,
    0x2F, 0x3F, 0xC0, 0x69, 0xF6, 0xAF, 0xFC, 0xDF, 0x9C, 0x66, 0xE7, 0x93, 0xEB, 0x36, 0xD4, 0x44,
    0xC9, 0x8B, 0x15, 0xEC, 0xD4, 0xE3, 0xB4, 0x82, 0xFF, 0x1C, 0x63, 0x11, 0xE6, 0x02, 0x1F, 0xCA,
    0x9E, 0xC3, 0xC9, 0xE0, 0xA9, 0xDA, 0x94, 0x64, 0x30, 0xA0, 0x7E, 0x0C, 0x2E, 0x77, 0xF0, 0xC1,
    0xC9, 0xDB, 0x4F, 0x22, 0x1D, 0xFA, 0x10, 0x71, 0xB4, 0x1D, 0xD0, 0xAA, 0xFF, 0x61, 0xBD, 0x72,
    0x75, 0xC8, 0x0D, 0x1F, 0x6E, 0xA0, 0xFD, 0x3F, 0xC5, 0x59, 0x3D, 0x6C, 0xDD, 0xD6, 0x15, 0xFE,
    0x2E, 0x69, 0x89, 0x69, 0xD8, 0x84, 0x2A, 0x10, 0x17, 0x49, 0xE5, 0x98, 0x1E, 0x32, 0x04, 0xAD,
    0x6D, 0x7A, 0xC8, 0xE0, 0x02, 0x4F, 0x22, 0x53, 0xA3, 0x53, 0x86, 0x78, 0xB0, 0xB2, 0x64, 0x68,
    0x86, 0x2C, 0x29, 0x8A, 0x48, 0x05, 0x3A, 0x68, 0x90, 0xFC, 0x68, 0x67, 0xF0, 0xE0, 0xA1, 0xEA,
    0xD0, 0xB9, 0x19, 0xBA, 0x24, 0x29, 0x60, 0x0F, 0x1E, 0x94, 0x56, 0x32, 0x6F, 0xED, 0x02, 0x1D,
    0x32, 0x84, 0x48, 0xC6, 0x00, 0x29, 0x93, 0x18, 0x35, 0xE0, 0x00, 0x15, 0x03, 0xB0, 0x09, 0x65,
    0xF3, 0xF1, 0xF6, 0x3B, 0x97, 0x7C, 0xB2, 0xDB, 0x24, 0x46, 0xF4, 0xDB, 0x27, 0x3D, 0xBE, 0xF7,
    0xF8, 0xC8, 0x7B, 0xCF, 0x77, 0xEE, 0x39, 0xDF, 0xF9, 0xCE, 0x7D, 0xC0, 0x13, 0x00, 0xDC, 0x92,
    0x87, 0x30, 0xE7, 0x21, 0x4B, 0xF9, 0xE9, 0x1F, 0x7C, 0x73, 0x62, 0x86, 0x87, 0xB2, 0x01, 0xBC,
    0x0B, 0xFC, 0x72, 0xC6, 0x2D, 0xA0, 0x4A, 0x5F, 0xC3, 0xFF, 0xFD, 0x7C, 0x82, 0xD8, 0xB4, 0x70,
    0xEE, 0xBE, 0xDD, 0x20, 0x48, 0x54, 0x85, 0x25, 0xDE, 0xCE, 0xAF, 0x7D, 0x1D, 0x15, 0xC8, 0x3E,
    0x33, 0x79, 0x60, 0x64, 0xA0, 0xF1, 0x43, 0x46, 0xF6, 0x0B, 0x1E, 0x22, 0x8E, 0x6C, 0x27, 0x03,
    0x54, 0x56, 0x38, 0x77, 0xAF, 0xA3, 0x0A, 0xF4, 0x40, 0xF1, 0xFB, 0x25, 0x7E, 0x89, 0x69, 0xA3,
    0xA3, 0x3B, 0x65, 0x84, 0x25, 0x5F, 0x87, 0x4E, 0x19, 0xE8, 0xE1, 0x15, 0x73, 0xB9, 0x8D, 0x74,
    0x77, 0x03, 0x16, 0x81, 0x38, 0xE1, 0x14, 0x40, 0xD2, 0x8F, 0x1B, 0x56, 0x3C, 0x7C, 0xC9, 0xBB,
    0xDD, 0x33, 0x32, 0x5D, 0xC4, 0xA7, 0x27, 0xD3, 0x3C, 0xB6, 0x35, 0xF3, 0xBE, 0x00, 0x7B, 0x15,
    0xCA, 0x68, 0x5C, 0x5B, 0xC5, 0x91, 0xA3, 0x1C, 0x18, 0x98, 0x25, 0xBA, 0xF1, 0x84, 0xDB, 0x86,
    0xF5, 0x88, 0x1C, 0x04, 0x87, 0x47, 0x60, 0x87, 0x06, 0x80, 0xD3, 0x10, 0x5E, 0xB8, 0xC6, 0xA1,
    0xCA, 0x55, 0x60, 0x12, 0x67, 0xF7, 0x0B, 0x86, 0x4C, 0xED, 0xA5, 0x70, 0x73, 0x28, 0x3A, 0xAD,
    0x40, 0x4C, 0xFF, 0x96, 0x38, 0x19, 0xE1, 0xA4, 0x93, 0x2B, 0x4C, 0x89, 0x5D, 0xD3, 0x2D, 0xA2,
    0x77, 0x8A, 0x20, 0x69, 0x5C, 0x1D, 0x5A, 0x0B, 0x9D, 0x52, 0x65, 0x8D, 0xD3, 0x5E, 0x71, 0x4A,
    0x4F, 0xAF, 0x29, 0x62, 0x6A, 0xBC, 0xBB, 0xA6, 0xCE, 0x3E, 0x6D, 0x94, 0x5D, 0x13, 0x47, 0x0E,
    0x27, 0xE4, 0x40, 0x20, 0x38, 0x74, 0x5A, 0xD0, 0xE0, 0x60, 0xD0, 0x4C, 0x72, 0x14, 0x7A, 0xB0,
    0x06, 0x02, 0x0E, 0x93, 0xEF, 0x05, 0x1A, 0x8C, 0xF8, 0x0C, 0xB8, 0x84, 0x98, 0x12, 0x6B, 0x39,
    0xAE, 0xAA, 0x4F, 0x1D, 0x0C, 0x1A, 0xB5, 0x0E, 0x7C, 0x95, 0xE3, 0xB9, 0x6B, 0x36, 0x84, 0x16,
    0xF1, 0xE3, 0x47, 0x10, 0x95, 0x88, 0x22, 0x44, 0x3B, 0x45, 0x13, 0x5C, 0xE0, 0x31, 0xFB, 0x98,
    0xA6, 0x5F, 0xAA, 0xC6, 0xB1, 0x5A, 0x1F, 0xD0, 0xDA, 0x70, 0x90, 0xEA, 0x94, 0x32, 0x7F, 0xC2,
    0x42, 0x0B, 0x4C, 0x00, 0x3F, 0x62, 0x56, 0x54, 0x44, 0x93, 0x44, 0xAA, 0xD8, 0xE1, 0xDA, 0xBC,
    0x22, 0x94, 0x22, 0x76, 0x9E, 0xE7, 0xC1, 0xBB, 0xC1, 0xC3, 0x40, 0xE9, 0x31, 0x2E, 0xB9, 0x22,
    0x96, 0x37, 0xB2, 0x80, 0xBE, 0xA0, 0x9C, 0xE1, 0x05, 0xCE, 0x87, 0xB4, 0x24, 0x08, 0x78, 0xD5,
    0x22, 0xA7, 0x70, 0xF3, 0x59, 0x49, 0x5E, 0xA2, 0x7F, 0xF7, 0xA5, 0x0A, 0xAE, 0x31, 0x05, 0xA2,
    0xB7, 0xAF, 0x68, 0xA6, 0x62, 0x98, 0x70, 0xFA, 0x58, 0xB2, 0x7A, 0xCD, 0x69, 0xE1, 0xB7, 0xF1,
    0x08, 0x66, 0xF4, 0x00, 0x9B, 0x49, 0x7C, 0xE1, 0xBA, 0x44, 0x7B, 0x3D, 0x9E, 0x8C, 0xEE, 0x1B,
    0xA6, 0x98, 0xAD, 0x70, 0x32, 0xC4, 0x51, 0x67, 0x4C, 0x7D, 0xDB, 0x8E, 0x37, 0xC9, 0x46, 0x2E,
    0x0E, 0x6D, 0x3A, 0xB4, 0x45, 0x0D, 0xD7, 0x7A, 0x6A, 0x98, 0x38, 0x4E, 0x3F, 0x0D, 0x1C, 0xBE,
    0xCB, 0xD6, 0x65, 0x65, 0xF2, 0x7D, 0xA5, 0xB8, 0x09, 0x9B, 0x4D, 0x4E, 0x69, 0xA9, 0xE9, 0x14,
    0x3C, 0x1C, 0x53, 0xD5, 0x71, 0xC4, 0x2D, 0xD4, 0x2A, 0x76, 0x88, 0x4E, 0xA8, 0xDF, 0x97, 0x77,
    0xBC, 0x1A, 0x13, 0x4F, 0x1F, 0x24, 0x9A, 0xC4, 0xBA, 0x91, 0xE5, 0xC1, 0x21, 0xD1, 0x3D, 0xF9,
    0x20, 0x9A, 0x77, 0x77, 0x88, 0xC6, 0xA6, 0xCE, 0x51, 0xF1, 0xC5, 0x0F, 0xC4, 0xCE, 0x93, 0x62,
    0xF9, 0x9B, 0x34, 0x76, 0x95, 0x15, 0x01, 0x46, 0xEC, 0x7F, 0x6D, 0xDF, 0xD0, 0x9C, 0xE3, 0x0C,
    0x1A, 0xA7, 0xAF, 0xE1, 0x10, 0x99, 0x76, 0x59, 0xAA, 0x9D, 0xD2, 0x8F, 0x60, 0xD9, 0x47, 0x60,
    0x52, 0xBC, 0x3E, 0xAE, 0x8D, 0x93, 0x26, 0xF5, 0xEF, 0xD4, 0x6E, 0x1E, 0x83, 0x00, 0x20, 0xB5,
    0x68, 0x0D, 0xF3, 0x06, 0xD9, 0x3B, 0x1D, 0x1A, 0xD6, 0xA2, 0x58, 0xB5, 0x59, 0x1B, 0xD5, 0x99,
    0xCD, 0x7B, 0x5F, 0xD3, 0xB8, 0xE1, 0x47, 0x7C, 0x77, 0xB3, 0xEE, 0x47, 0x38, 0x42, 0x16, 0xC5,
    0xF5, 0x79, 0x31, 0xBC, 0x1C, 0x97, 0xED, 0x7D, 0xA2, 0x07, 0xA7, 0x7C, 0x45, 0x99, 0x5F, 0xE1,
    0xD7, 0xA4, 0x87, 0xEF, 0x91, 0x88, 0x8E, 0xB9, 0xC5, 0x00, 0xC3, 0x51, 0x97, 0x60, 0x3B, 0x4B,
    0x25, 0xB1, 0xC7, 0xA3, 0x75, 0x9B, 0x5C, 0x23, 0x97, 0x7E, 0x81, 0x3A, 0x8B, 0xFF, 0x1B, 0x3D,
    0xD0, 0x62, 0x9C, 0xDA, 0x6D, 0xC8, 0xFD, 0x0F, 0x3D, 0xCC, 0xCD, 0xCD, 0xBD, 0x68, 0x4C, 0x13,
    0xDE, 0xE1, 0x82, 0xE2, 0xB8, 0xAF, 0x15, 0x5F, 0xAC, 0x38, 0x92, 0x97, 0x3B, 0x2D, 0x32, 0x53,
    0x8C, 0x3F, 0xD9, 0x97, 0x47, 0xF9, 0x52, 0xAE, 0xE1, 0x68, 0x64, 0xCC, 0x86, 0xB9, 0x6F, 0x70,
    0x90, 0x58, 0x3B, 0x45, 0x98, 0x59, 0x07, 0xF9, 0x2D, 0xDA, 0x2C, 0x48, 0x67, 0x97, 0x70, 0xBD,
    0x50, 0x46, 0x1E, 0x2D, 0xE1, 0xCB, 0x82, 0x21, 0xD4, 0x88, 0x4C, 0x1D, 0x99, 0xB4, 0x73, 0xE5,
    0x40, 0x6E, 0xF4, 0x2D, 0x55, 0x88, 0x6D, 0x23, 0xAB, 0xC4, 0x9E, 0x0E, 0x64, 0x31, 0xC1, 0x85,
    0xEE, 0x45, 0xD8, 0x6E, 0xCD, 0x7C, 0x4D, 0x2C, 0x1A, 0x0C, 0x90, 0x97, 0xF0, 0x53, 0x0E, 0xEB,
    0xF6, 0xCB, 0xFB, 0x5D, 0xED, 0xE4, 0x7F, 0xF4, 0xA1, 0x76, 0x37, 0x1A, 0x9C, 0x1E, 0x8E, 0x23,
    0x63, 0xF7, 0xAE, 0x0B, 0x6F, 0xA4, 0x66, 0xC3, 0xBD, 0x54, 0x63, 0xB2, 0x1F, 0x33, 0x2B, 0x82,
    0xCF, 0xCB, 0xDA, 0xBD, 0xAD, 0xFD, 0x7F, 0x21, 0xB4, 0xE6, 0x6C, 0x24, 0x36, 0x44, 0xA0, 0x1A,
    0x38, 0xC6, 0x5C, 0x34, 0x35, 0x0E, 0x4B, 0x38, 0xD0, 0xCF, 0x33, 0x76, 0xB1, 0x29, 0x29, 0xA2,
    0xBF, 0xC1, 0xDB, 0xB0, 0xC5, 0xF7, 0x49, 0x95, 0xEC, 0xDA, 0xA8, 0x4E, 0x00, 0x49, 0xA2, 0xF3,
    0x7F, 0x01, 0x51, 0x82, 0xB0, 0x46, 0xF8, 0x8B, 0x24, 0x48, 0x4A, 0xB5, 0xE5, 0x33, 0x5A, 0x49,
    0xA7, 0x79, 0xDA, 0xBF, 0x51, 0xA8, 0x92, 0xD3, 0x31, 0x39, 0x19, 0x01, 0xF4, 0x9B, 0x0C, 0x4C,
    0xC7, 0xD1, 0xD4, 0x94, 0x9E, 0xB3, 0xB6, 0xE2, 0x58, 0x47, 0xD8, 0x94, 0x72, 0x53, 0x8C, 0x7E,
    0xBD, 0x87, 0xC6, 0x3A, 0x96, 0x32, 0x97, 0x6C, 0xE1, 0xBC, 0xEA, 0x54, 0x09, 0x85, 0xFC, 0xBF,
    0x2B, 0x1A, 0x3A, 0xB5, 0x2D, 0x67, 0x06, 0xB9, 0x65, 0x9F, 0x29, 0xAB, 0xB3, 0xC3, 0x37, 0xC6,
    0xF6, 0x3D, 0xBB, 0x07, 0xCE, 0x64, 0xFE, 0xFE, 0xB9, 0xC4, 0x91, 0x81, 0x55, 0xB3, 0x03, 0x4C,
    0xFF, 0x1C, 0x41, 0x8D, 0xE0, 0xC5, 0x74, 0xC7, 0xCE, 0xAC, 0x9F, 0x40, 0xF4, 0x55, 0x3A, 0xD6,
    0x5E, 0x61, 0x0A, 0xAF, 0xDD, 0x33, 0x63, 0x11, 0x5E, 0x4C, 0xCC, 0xC7, 0xEE, 0x0B, 0xA5, 0xE4,
    0xE2, 0x1F, 0xC5, 0xD2, 0xAA, 0xD9, 0xAE, 0x33, 0x27, 0x3B, 0xA9, 0x4E, 0x35, 0x15, 0xFA, 0xDA,
    0xD5, 0xC7, 0xF7, 0x26, 0x4F, 0xBE, 0x81, 0x62, 0x66, 0xE0, 0x36, 0x22, 0x3A, 0x4B, 0x59, 0xEF,
    0xED, 0x25, 0x8F, 0xC4, 0x37, 0x47, 0x59, 0xEF, 0xA8, 0x2A, 0xAA, 0x96, 0xD7, 0x16, 0x06, 0x58,
    0xF5, 0x72, 0x0F, 0x0A, 0x73, 0xE7, 0xCC, 0x28, 0xCC, 0x7D, 0xFD, 0x6D, 0x7F, 0x51, 0x6D, 0x46,
    0x93, 0x2B, 0x51, 0x33, 0x98, 0x79, 0x86, 0xF7, 0xB8, 0x79, 0xC7, 0x23, 0xD3, 0xC5, 0xB0, 0x70,
    0xBF, 0xF6, 0xE7, 0x6F, 0x0E, 0xDB, 0xEF, 0x32, 0x5E, 0xC7, 0xC9, 0x41, 0x1E, 0xE4, 0x4E, 0x22,
    0x9D, 0xA7, 0x5F, 0xDA, 0xEE, 0xF3, 0xA1, 0xE3, 0xDA, 0x2E, 0x29, 0xF7, 0x78, 0x25, 0x49, 0x7D,
    0xF2, 0x2D, 0xBA, 0x8E, 0xE5, 0xD1, 0xDD, 0x9C, 0x6E, 0xD8, 0x6C, 0xF8, 0x25, 0x93, 0x36, 0x3E,
    0x43, 0xFA, 0x6C, 0x58, 0xD6, 0x83, 0xF7, 0xE8, 0xD4, 0x46, 0x9C, 0xFB, 0xBE, 0x78, 0x97, 0x8B,
    0xE3, 0xBF, 0xC7, 0x0A, 0xD5, 0x9C, 0xE7, 0x57, 0x6F, 0x94, 0x70, 0xAA, 0x38, 0x65, 0x19, 0x6A,
    0x19, 0x68, 0x5E, 0x7B, 0x85, 0xEC, 0x48, 0x27, 0x61, 0x62, 0x5C, 0xE4, 0xA4, 0xA3, 0x93, 0x6E,
    0xD9, 0x16, 0x0C, 0xD6, 0x54, 0xFB, 0x18, 0xD6, 0x30, 0x59, 0xBE, 0xA6, 0x9A, 0x25, 0x44, 0xF3,
    0x70, 0x37, 0x52, 0xB0, 0xAA, 0xC5, 0x8C, 0xEB, 0x0C, 0xEE, 0xE7, 0xB9, 0xD4, 0xEF, 0x3A, 0xFA,
    0x67, 0xA3, 0x38, 0x50, 0x3F, 0x4E, 0x60, 0xDB, 0x76, 0xA7, 0x1A, 0xF7, 0xEC, 0x9D, 0x50, 0x0B,
    0x29, 0x09, 0x94, 0x2E, 0x7B, 0xD9, 0x13, 0x26, 0xF2, 0x09, 0x9D, 0x64, 0xDD, 0x1F, 0x40, 0x4F,
    0xD1, 0xF4, 0x0A, 0x27, 0x4E, 0xC2, 0x63, 0x05, 0x24, 0x75, 0x06, 0x29, 0x9C, 0xB1, 0xD6, 0xDF,
    0x36, 0xA8, 0x27, 0xBB, 0x38, 0xB2, 0xD4, 0xA3, 0x1E, 0xE7, 0xFB, 0x9A, 0x00, 0xFE, 0x42, 0x77,
    0x85, 0xE4, 0x3A, 0x27, 0x3D, 0xB6, 0x5F, 0x20, 0x84, 0xF3, 0x54, 0xA7, 0xA7, 0x17, 0x81, 0xD3,
    0xA0, 0xD0, 0x08, 0x1A, 0xDE, 0xAC, 0xFD, 0xF4, 0x1A, 0x12, 0xAB, 0xF7, 0x3D, 0x93, 0x06, 0xF7,
    0x46, 0xBE, 0x0E, 0xFF, 0xAE, 0x1D, 0xD6, 0xD2, 0x59, 0x82, 0x68, 0xAD, 0x78, 0xB9, 0xC7, 0x0F,
    0xEB, 0xA2, 0x4D, 0x82, 0x8B, 0xED, 0xBC, 0x0E, 0x79, 0x66, 0xCE, 0x4A, 0xBC, 0x07, 0xB7, 0x0E,
    0xD4, 0xD3, 0x07, 0x87, 0x45, 0xAA, 0x58, 0x69, 0xF7, 0x3D, 0xC4, 0x93, 0xCF, 0x8D, 0xB1, 0x5C,
    0xDE, 0x05, 0x16, 0x25, 0xFB, 0x04, 0x3F, 0x2D, 0xBA, 0x35, 0x11, 0xA5, 0xE3, 0xD4, 0x0B, 0xC2,
    0x0C, 0x0C, 0x32, 0xC1, 0x92, 0xEC, 0xDF, 0xBA, 0x70, 0x94, 0x80, 0x03, 0x7C, 0x90, 0xDB, 0x82,
    0x74, 0x14, 0xCE, 0xD5, 0x14, 0x99, 0x96, 0x5E, 0xDB, 0xD7, 0xAB, 0x98, 0xEA, 0xE8, 0x3E, 0x24,
    0xDB, 0xDF, 0x1B, 0x51, 0x98, 0x95, 0x0C, 0xB3, 0x17, 0x34, 0x6A, 0xE2, 0x79, 0x3F, 0x45, 0xC3,
    0x97, 0xDF, 0xF2, 0x13, 0x01, 0x89, 0xAC, 0x65, 0xA0, 0x41, 0x52, 0x7C, 0xCE, 0x72, 0x32, 0xBD,
    0xD3, 0xFE, 0x06, 0x78, 0x66, 0xD8, 0x47, 0xAA, 0xE4, 0xD1, 0x81, 0x20, 0x02, 0x46, 0xDF, 0xC7,
    0xF0, 0x73, 0x1C, 0xE1, 0x15, 0xC2, 0x32, 0x29, 0xFC, 0x91, 0xDC, 0xEC, 0xEB, 0xC5, 0x1D, 0xAE,
    0xCE, 0x9B, 0xC2, 0x26, 0x5A, 0x8C, 0x15, 0x79, 0xC7, 0xCC, 0x39, 0xED, 0xA4, 0x7D, 0x9B, 0x71,
    0x80, 0x14, 0x46, 0xBA, 0x09, 0x0B, 0x04, 0xEB, 0xF0, 0x2F, 0x69, 0x4F, 0x5F, 0xEB, 0xAF, 0xDB,
    0x2E, 0x16, 0x1B, 0xBA, 0xD7, 0xED, 0xBA, 0x5B, 0x5D, 0x6D, 0xF7, 0xAC, 0x96, 0x85, 0xED, 0x84,
    0xD2, 0x5A, 0x52, 0x1D, 0xD9, 0x5C, 0xA4, 0x3B, 0x0B, 0xF9, 0x2F, 0x57, 0x42, 0x6A, 0xC9, 0xCD,
    0x8A, 0xE8, 0x0C, 0x6D, 0x71, 0x1A, 0xAE, 0xA1, 0x5B, 0x31, 0xDC, 0xBD, 0x52, 0xE0, 0xC9, 0xB6,
    0x43, 0x6C, 0x6B, 0x5F, 0x2C, 0x7E, 0x11, 0x7C, 0x37, 0x68, 0x6C, 0x2C, 0x65, 0xA0, 0xE6, 0x55,
    0x7E, 0x6E, 0x01, 0xC6, 0xA9, 0x57, 0x62, 0x78, 0x87, 0xBE, 0x8B, 0xC8, 0x4D, 0xF7, 0x11, 0x7A,
    0x49, 0x97, 0x43, 0x65, 0xD7, 0x13, 0x5F, 0x15, 0x31, 0x29, 0x6F, 0xD6, 0x94, 0xB9, 0x9D, 0xC7,
    0x1B, 0x36, 0xDC, 0x42, 0x0E, 0xB2, 0x46, 0x6F, 0x91, 0xD3, 0x48, 0x7B, 0xCD, 0x2C, 0xAD, 0x62,
    0x27, 0x75, 0xB1, 0xC2, 0x40, 0x02, 0xCE, 0xDF, 0xCC, 0x88, 0x9F, 0xDD, 0xD6, 0xB9, 0x71, 0x83,
    0x26, 0x69, 0xE4, 0x48, 0x65, 0x52, 0x82, 0x84, 0x6C, 0xB7, 0xEF, 0x48, 0x92, 0xAE, 0xE5, 0x91,
    0x86, 0xEA, 0x7C, 0xFF, 0x7C, 0x76, 0x97, 0x48, 0xEC, 0x23, 0xE2, 0xFC, 0x4A, 0x36, 0x77, 0x3D,
    0x4B, 0xD7, 0x52, 0x6B, 0xBC, 0x9C, 0x2B, 0x76, 0x44, 0xF8, 0x7F, 0x8A, 0x8E, 0x9B, 0x7C, 0x4B,
    0x95, 0x54, 0x07, 0x7F, 0x48, 0xE2, 0xDF, 0x65, 0x25, 0x83, 0x24, 0xD2, 0x12, 0x7B, 0x09, 0x6D,
    0x1F, 0x7A, 0x12, 0x65, 0x91, 0xB8, 0x56, 0x82, 0xEF, 0x26, 0x07, 0x89, 0xA4, 0xB1, 0x5B, 0xE3,
    0x05, 0x6E, 0x29, 0xD1, 0x97, 0xF2, 0xAA, 0x75, 0xB7, 0x96, 0x66, 0xB4, 0xC6, 0x10, 0x36, 0xFC,
    0x1C, 0x23, 0xD5, 0xD9, 0xC6, 0xC8, 0x53, 0x12, 0x56, 0x89, 0x94, 0x1C, 0x2C, 0x2C, 0x76, 0xFC,
    0x4A, 0x3F, 0x3A, 0x9A, 0xE7, 0x85, 0x24, 0x08, 0x87, 0xD3, 0x9A, 0xAC, 0x62, 0xD4, 0x69, 0x12,
    0xC2, 0xCF, 0x18, 0x69, 0x3D, 0xA6, 0xB2, 0xB6, 0xA1, 0x3D, 0xCB, 0xC6, 0xA8, 0x64, 0xE4, 0xA5,
    0x42, 0x09, 0x12, 0x7A, 0xD6, 0x55, 0x13, 0x42, 0x26, 0x46, 0x8A, 0xCE, 0x06, 0x87, 0x7B, 0x2C,
    0x94, 0x2D, 0xE0, 0x43, 0x07, 0x12, 0x6B, 0x41, 0xAE, 0x31, 0xDC, 0x48, 0xD4, 0xCD, 0x06, 0x4A,
    0x5D, 0x58, 0xE9, 0x20, 0x45, 0x18, 0x6E, 0x56, 0xC1, 0x3D, 0x93, 0xB0, 0x7A, 0x7A, 0xDA, 0xA9,
    0x22, 0x9A, 0x41, 0xF3, 0x6F, 0x76, 0x2B, 0x54, 0xC7, 0xFC, 0xC8, 0xFC, 0x61, 0x48, 0xD5, 0x0E,
    0x13, 0x48, 0x4A, 0xE8, 0x38, 0x83, 0xCE, 0x76, 0x26, 0x8B, 0x23, 0xD5, 0xDB, 0xC9, 0x12, 0x95,
    0xE0, 0xED, 0x3C, 0xB8, 0x35, 0xDF, 0x31, 0x00, 0xA1, 0x07, 0x39, 0x8D, 0x0C, 0xFF, 0x5A, 0xF5,
    0x26, 0xCB, 0x52, 0x74, 0x26, 0xDB, 0xA5, 0xF0, 0x65, 0x75, 0x28, 0x81, 0xDD, 0x22, 0x96, 0x34,
    0x6C, 0x25, 0x6A, 0x85, 0x04, 0x94, 0x79, 0x87, 0xD7, 0x64, 0xD2, 0xAD, 0x1F, 0xDE, 0xEA, 0xE2,
    0x17, 0xD1, 0x33, 0x40, 0x90, 0x6F, 0x29, 0x19, 0xB5, 0x6B, 0x00, 0xB2, 0x11, 0x24, 0x11, 0x21,
    0x51, 0x4B, 0x9D, 0x7C, 0xF8, 0x1C, 0x0E, 0xCF, 0x99, 0xCA, 0x35, 0x9F, 0x5C, 0x97, 0x4A, 0x54,
    0xF1, 0x7B, 0x37, 0x67, 0xC3, 0x49, 0xE9, 0x7A, 0x52, 0xFA, 0xB5, 0xD5, 0x87, 0x9F, 0x4A, 0x79,
    0x22, 0x96, 0xEA, 0x3E, 0x14, 0x65, 0x6F, 0x36, 0xC6, 0x28, 0x26, 0xB6, 0x50, 0xC8, 0x26, 0xB2,
    0x5B, 0x8F, 0x51, 0x4C, 0xF4, 0x2D, 0x44, 0xF9, 0x68, 0xED, 0x37, 0xEE, 0x88, 0x38, 0x82, 0x84,
    0xAA, 0x3B, 0x67, 0xE7, 0x5C, 0x51, 0xF5, 0xCE, 0x7C, 0xFD, 0x44, 0x98, 0xC4, 0x89, 0xDB, 0x9A,
    0x4D, 0x2A, 0x9B, 0x4C, 0x6F, 0x6D, 0x65, 0xC8, 0x4E, 0xA3, 0xDD, 0x65, 0x38, 0x7F, 0x7F, 0xD0,
    0xAE, 0x15, 0xC7, 0xB2, 0x6C, 0xEB, 0xE6, 0xF6, 0x87, 0x17, 0xD9, 0xFC, 0xA8, 0x7A, 0xBA, 0x11,
    0x95, 0xB6, 0x9F, 0x60, 0x27, 0xB9, 0x32, 0xA4, 0x5F, 0x78, 0x97, 0xE8, 0x5C, 0xAB, 0x11, 0xAB,
    0xCE, 0xD9, 0xEC, 0x48, 0xB7, 0x1E, 0xBB, 0xC4, 0x9D, 0x5A, 0x26, 0x10, 0x86, 0xC8, 0x7B, 0xC2,
    0xC6, 0x8A, 0xF0, 0x28, 0xC9, 0x54, 0xA0, 0xAD, 0x0F, 0x47, 0x30, 0xD5, 0x74, 0x41, 0xEB, 0xAC,
    0xC1, 0xDB, 0x3B, 0xB0, 0xBE, 0x24, 0x24, 0xE4, 0x50, 0x3C, 0x43, 0xAF, 0x5A, 0x78, 0x36, 0x93,
    0x70, 0xEE, 0xC1, 0x0D, 0x1E, 0x89, 0x1D, 0x09, 0x63, 0xDE, 0x44, 0xF5, 0x2B, 0x74, 0x27, 0xDA,
    0x8E, 0x04, 0xA3, 0x7F, 0xD2, 0x44, 0x25, 0x3B, 0xB0, 0x6F, 0x44, 0xF3, 0x5F, 0x27, 0x96, 0x99,
    0x2C, 0x8C, 0xDD, 0x5B, 0x30, 0x9F, 0x9A, 0xCE, 0x79, 0xB6, 0x12, 0x49, 0xBE, 0xC0, 0xB3, 0x5B,
    0x47, 0x99, 0x40, 0x9B, 0x3C, 0x20, 0x68, 0x53, 0xFD, 0x2F, 0x37, 0x82, 0xCC, 0x56, 0x11, 0xFB,
    0x66, 0x61, 0x8F, 0xA0, 0x75, 0x69, 0x6B, 0xA4, 0x4D, 0xFA, 0x88, 0xE3, 0x7A, 0x67, 0x74, 0x1F,
    0x99, 0xBC, 0xF6, 0x09, 0x91, 0x90, 0xB3, 0x62, 0xC1, 0xBE, 0x83, 0x7C, 0x48, 0x78, 0x0A, 0xA7,
    0xD8, 0x34, 0x8D, 0x18, 0x9E, 0x86, 0xE1, 0xD9, 0xEE, 0x28, 0x3C, 0xAD, 0xA4, 0xF0, 0x2B, 0x0E,
    0x1D, 0xC8, 0xAE, 0xE9, 0xE3, 0x61, 0x6E, 0xCB, 0xF2, 0xC1, 0x85, 0x67, 0xF4, 0x06, 0xF5, 0xEC,
    0xDD, 0x02, 0xEE, 0x0B, 0x84, 0x96, 0xBC, 0xFA, 0x54, 0xDF, 0x1E, 0x38, 0x65, 0x86, 0x2B, 0x65,
    0xA6, 0xE3, 0xE2, 0xDB, 0xD1, 0x8C, 0x4F, 0xA8, 0x8A, 0x84, 0x1B, 0x6F, 0x98, 0x15, 0xD7, 0x5C,
    0x6E, 0xBA, 0xCE, 0x7B, 0x2C, 0x2F, 0x0E, 0x30, 0xCD, 0xEC, 0x62, 0xC0, 0x36, 0xCC, 0xEB, 0x5B,
    0xF3, 0x63, 0xEF, 0xF0, 0xD8, 0x68, 0x97, 0x4D, 0x09, 0xDB, 0xB4, 0x9F, 0xED, 0xF6, 0xBB, 0x44,
    0x5B, 0xC8, 0x06, 0x45, 0x4F, 0x2E, 0xCF, 0x74, 0x71, 0x3B, 0x97, 0x1C, 0x7E, 0xC9, 0xD4, 0x61,
    0x4B, 0xF5, 0xB9, 0xCE, 0xDC, 0xE0, 0xC8, 0x49, 0xC8, 0x52, 0x4F, 0x76, 0x5C, 0x66, 0x0C, 0x07,
    0x37, 0x69, 0xCF, 0x97, 0x1C, 0x24, 0x2A, 0xFB, 0x52, 0xB5, 0xD6, 0xFF, 0x18, 0xED, 0x5B, 0x43,
    0xBB, 0x13, 0x2A, 0xBB, 0xC5, 0x04, 0xB0, 0x70, 0x6C, 0xD7, 0x44, 0xEE, 0xB4, 0xB3, 0x4B, 0xFF,
    0xFC, 0x38, 0xEE, 0x77, 0xB3, 0x51, 0x6D, 0x56, 0xE6, 0xF3, 0x1A, 0x33, 0x4E, 0xA9, 0x4A, 0x37,
    0x17, 0x04, 0x03, 0x84, 0x8C, 0xD1, 0x59, 0xF2, 0xCE, 0x12, 0xAB, 0xE1, 0x57, 0x1A, 0x4E, 0xDB,
    0x4D, 0x24, 0xE3, 0xCF, 0x74, 0x53, 0x50, 0xD9, 0xBC, 0x5C, 0x53, 0xC2, 0x50, 0x2E, 0xDC, 0x82,
    0x70, 0xBC, 0x9A, 0x9B, 0x37, 0x17, 0xCC, 0x27, 0x2D, 0x69, 0x2A, 0x10, 0xA7, 0x54, 0xCC, 0xE2,
    0x98, 0x8E, 0xF1, 0x72, 0xCA, 0xF7, 0x66, 0x40, 0xA4, 0xAF, 0xF3, 0x4E, 0xD3, 0x6B, 0xEC, 0x07,
    0x2D, 0xDD, 0x32, 0x7D, 0xBA, 0x4D, 0xA8, 0x5D, 0x8A, 0xFB, 0xC4, 0x6D, 0x33, 0xA5, 0xE9, 0xC5,
    0xDE, 0xE4, 0x6E, 0xAC, 0x7D, 0xBE, 0x78, 0xB9, 0x0E, 0x3E, 0x30, 0x3A, 0xA6, 0xB5, 0xDD, 0x3E,
    0x15, 0x25, 0x3B, 0x9F, 0xB7, 0x39, 0x83, 0xF4, 0x17, 0x72, 0xA1, 0x15, 0x46, 0xC7, 0xBB, 0x2F,
    0xF7, 0x16, 0xCF, 0xA3, 0x89, 0xFD, 0x05, 0x3F, 0xE0, 0x02, 0x3E, 0x7B, 0xA2, 0xE3, 0x37, 0x99,
    0xAF, 0xB8, 0x4F, 0x54, 0x45, 0xF6, 0x59, 0xFB, 0x7C, 0x76, 0xA6, 0x00, 0x25, 0x9E, 0xA7, 0x83,
    0x44, 0x82, 0xA9, 0xC4, 0x12, 0x57, 0xBB, 0x1E, 0x40, 0x7D, 0x51, 0xD8, 0x8D, 0x47, 0xF9, 0xE9,
    0x40, 0xEA, 0x79, 0xD4, 0xF1, 0x88, 0x4C, 0xB1, 0x0E, 0x35, 0x5F, 0xD8, 0x36, 0x29, 0x5C, 0xE9,
    0x6B, 0x72, 0xF0, 0x09, 0x23, 0xDE, 0x54, 0x50, 0x37, 0x9A, 0x2D, 0x47, 0xEE, 0x7D, 0x44, 0x95,
    0x0B, 0x88, 0xEE, 0x69, 0x5C, 0xE5, 0xCC, 0xC9, 0xCA, 0x78, 0x9A, 0xB0, 0xF5, 0xDB, 0xF8, 0xD6,
    0x74, 0x35, 0xCB, 0x44, 0x58, 0x63, 0x3E, 0x55, 0x92, 0x1C, 0x01, 0xF3, 0x67, 0x95, 0x22, 0x55,
    0x23, 0x3C, 0xDA, 0xFD, 0xF2, 0x21, 0x3F, 0xE3, 0x8C, 0xBA, 0x71, 0x69, 0x80, 0xDD, 0xCF, 0xCB,
    0xF1, 0xC3, 0xD6, 0xFE, 0xEE, 0xA3, 0x36, 0x39, 0xCE, 0x7F, 0x00, 0x95, 0x54, 0x3D, 0x6C, 0x1C,
    0x45, 0x14, 0xFE, 0x76, 0xE7, 0xCC, 0x0A, 0x8F, 0xED, 0xB9, 0xC2, 0x29, 0x22, 0xD9, 0xB7, 0x0D,
    0x48, 0x8E, 0xE4, 0xF3, 0xA5, 0x70, 0x71, 0x42, 0xBB, 0x7B, 0x1B, 0x5F, 0x41, 0x41, 0x61, 0x17,
    0xBE, 0xD6, 0x81, 0x06, 0xD1, 0x20, 0x22, 0x71, 0x85, 0x8B, 0xB3, 0xBC, 0xE4, 0x24, 0x2C, 0x44,
    0x13, 0x21, 0xBA, 0x34, 0x16, 0x34, 0xC1, 0x29, 0xB8, 0xE2, 0x22, 0x19, 0xE9, 0x1C, 0xCF, 0xD9,
    0x45, 0x24, 0x28, 0x98, 0xC8, 0x25, 0x05, 0x43, 0x10, 0x14, 0xAE, 0xA6, 0x58, 0xA4, 0x4D, 0xB8,
    0xF3, 0xF2, 0x76, 0xEF, 0x8E, 0x80, 0x64, 0xE5, 0x67, 0x66, 0x76, 0xDE, 0xCC, 0xFB, 0x9B, 0x79,
    0xEF, 0x7D, 0x3B, 0x6F, 0x7C, 0x38, 0x69, 0x00, 0x9B, 0xA9, 0x44, 0xA6, 0xD6, 0xFF, 0xFA, 0x4D,
    0xDC, 0xB9, 0x74, 0x20, 0x6B, 0x0A, 0xD5, 0xC6, 0xD6, 0xF9, 0xF7, 0x72, 0x41, 0xEE, 0xF7, 0x23,
    0x89, 0x17, 0xF5, 0x90, 0xD4, 0x1D, 0x2C, 0xE0, 0x41, 0xE3, 0xD9, 0xFD, 0x55, 0x36, 0xCD, 0xEC,
    0x3A, 0xD8, 0x0B, 0xBB, 0xD5, 0xD8, 0x4C, 0x87, 0x07, 0xF7, 0xC6, 0x33, 0x91, 0xF4, 0x82, 0xE6,
    0x46, 0xA3, 0x51, 0x4B, 0xD3, 0x3F, 0x1A, 0x8D, 0x8D, 0x46, 0xDE, 0x76, 0xD3, 0xAC, 0xFD, 0x95,
    0xAF, 0x37, 0x2F, 0x61, 0xCD, 0x4F, 0xB5, 0xDC, 0xD7, 0xEB, 0x1F, 0x4D, 0x93, 0x35, 0xF9, 0x50,
    0x80, 0x7D, 0x70, 0xF0, 0x1D, 0x6D, 0x22, 0xBA, 0xBA, 0xC5, 0x4E, 0xA5, 0x39, 0xAC, 0x71, 0x15,
    0x4F, 0x71, 0x95, 0x04, 0xA2, 0x7E, 0xA2, 0x34, 0x9C, 0x3E, 0xAD, 0xDA, 0x7D, 0x6D, 0x8A, 0x98,
    0x77, 0xD7, 0x4F, 0x74, 0x4B, 0x58, 0x6A, 0xD9, 0x42, 0x68, 0x3C, 0x4F, 0x30, 0x52, 0x5F, 0x11,
    0xA7, 0xE6, 0xA8, 0x52, 0x27, 0x1B, 0x6B, 0x2D, 0x3E, 0x12, 0x6D, 0x9D, 0x19, 0x2A, 0xE3, 0x95,
    0x79, 0x3D, 0xD2, 0xE4, 0xD3, 0xB4, 0xDC, 0xBD, 0x8C, 0xD7, 0xD6, 0xC6, 0x2B, 0x39, 0x6D, 0x69,
    0x8A, 0x05, 0xCC, 0x4F, 0x39, 0x8F, 0xE3, 0x41, 0x8D, 0xDF, 0xD6, 0x2D, 0x97, 0x7C, 0x2C, 0x3A,
    0x61, 0x67, 0x19, 0xD7, 0x80, 0x00, 0xF0, 0xF3, 0xE1, 0xA1, 0xF6, 0xF0, 0xA2, 0x96, 0x5E, 0x14,
    0x97, 0x81, 0xD1, 0xF0, 0x26, 0xA2, 0xD1, 0x08, 0xF2, 0xD2, 0x5C, 0x6A, 0xE2, 0x15, 0xC6, 0x0A,
    0x39, 0xFF, 0x6D, 0xFF, 0x2A, 0x31, 0x83, 0x9D, 0x8F, 0x9F, 0x1B, 0xE6, 0xB6, 0x2B, 0xEF, 0x0D,
    0xD2, 0x5F, 0x06, 0xB5, 0x10, 0x6F, 0xC1, 0x55, 0x4E, 0x7A, 0x23, 0x1D, 0xEE, 0xA6, 0xBF, 0xA6,
    0x7B, 0x17, 0x56, 0x82, 0x22, 0x49, 0xDD, 0x53, 0x8A, 0x17, 0x88, 0xF9, 0x97, 0x66, 0xD7, 0x8D,
    0x06, 0xC8, 0x4B, 0x0B, 0x88, 0x88, 0x4B, 0xE7, 0x27, 0xC3, 0x0C, 0x7B, 0x9A, 0x60, 0x80, 0xA3,
    0x02, 0xB2, 0x7E, 0x55, 0x3C, 0x32, 0xDD, 0x11, 0x52, 0xC2, 0x2D, 0xF5, 0x7A, 0x48, 0xB1, 0x9E,
    0x39, 0xAF, 0x86, 0x14, 0xAA, 0x54, 0xC4, 0xF5, 0xB5, 0x7B, 0x1F, 0x7C, 0x61, 0x45, 0x2F, 0xEF,
    0x94, 0xF8, 0x02, 0xA6, 0x57, 0x31, 0x5D, 0xBD, 0xB2, 0xB5, 0x74, 0xDE, 0xFB, 0xD4, 0x7A, 0x34,
    0xB3, 0x70, 0xEB, 0xFA, 0xE7, 0x74, 0x32, 0x03, 0x66, 0x80, 0xEB, 0x78, 0xC9, 0x32, 0x8B, 0xBE,
    0x80, 0x85, 0x7D, 0xFB, 0x47, 0x2C, 0x3F, 0xD8, 0x3C, 0x3B, 0xEF, 0x9C, 0x85, 0xF2, 0xDB, 0x3A,
    0xBE, 0x7A, 0x15, 0xDB, 0xC9, 0xB2, 0x80, 0x49, 0xDB, 0xA0, 0xCB, 0x67, 0x11, 0x0F, 0xC1, 0x24,
    0x51, 0xF7, 0x66, 0xC8, 0x33, 0xB6, 0xE7, 0xC8, 0x52, 0x46, 0x5B, 0x4C, 0x7A, 0x19, 0xDD, 0x66,
    0xB2, 0x39, 0xA6, 0x66, 0x44, 0x4F, 0x64, 0x76, 0x11, 0x8F, 0xB7, 0x6F, 0xA7, 0xA8, 0xC4, 0x95,
    0x9B, 0x5C, 0xDC, 0x95, 0x3F, 0xF4, 0xC4, 0x60, 0xB1, 0xC4, 0x94, 0x59, 0x41, 0xE8, 0x95, 0xAD,
    0xDF, 0xB4, 0x0B, 0x74, 0x7C, 0xEB, 0x89, 0x12, 0x80, 0xF6, 0x72, 0x6A, 0x4B, 0xDF, 0x7E, 0xA2,
    0x4B, 0x70, 0xA2, 0x15, 0xD6, 0x37, 0x65, 0x08, 0x88, 0xBB, 0xD1, 0xD3, 0x1E, 0xCA, 0x70, 0x2E,
    0x50, 0x33, 0x19, 0xA0, 0x36, 0x30, 0xF5, 0xEF, 0xF5, 0x60, 0xAB, 0xA4, 0x15, 0xB8, 0x84, 0xD8,
    0x7C, 0xD7, 0x2D, 0x8B, 0xF6, 0x63, 0xD3, 0x0B, 0xC4, 0x5E, 0xDF, 0x74, 0xFD, 0x39, 0x16, 0x8D,
    0xB5, 0x08, 0xD2, 0x32, 0xF1, 0xDD, 0x77, 0x4F, 0x32, 0x19, 0x69, 0xB4, 0x2A, 0x9C, 0x90, 0x5E,
    0x9D, 0x63, 0x23, 0x70, 0x30, 0x19, 0xD8, 0x46, 0x84, 0x3D, 0xA6, 0x66, 0xF3, 0xBD, 0x29, 0x31,
    0xDD, 0xE3, 0x32, 0x16, 0x6B, 0xA6, 0xC2, 0x94, 0xEF, 0xC8, 0x55, 0x3E, 0x76, 0x24, 0x2C, 0xED,
    0x91, 0x8C, 0x74, 0x45, 0xDD, 0x90, 0xD8, 0xB7, 0x8D, 0xCF, 0x25, 0x69, 0x18, 0x16, 0x76, 0x46,
    0xC6, 0x78, 0x1F, 0x8E, 0xC6, 0x8E, 0x76, 0xFA, 0xBA, 0x65, 0xE9, 0x8C, 0xB1, 0xEA, 0xC8, 0x16,
    0x57, 0x01, 0xC1, 0xAE, 0x87, 0x43, 0x6C, 0x03, 0xB7, 0x10, 0x23, 0xB6, 0x12, 0x3A, 0x53, 0x26,
    0x22, 0x6A, 0x8E, 0x7D, 0xEF, 0x53, 0x09, 0xAA, 0x76, 0x58, 0x9D, 0x73, 0xA4, 0x66, 0x6B, 0xF5,
    0xC8, 0xCA, 0xD2, 0xD2, 0xA4, 0x80, 0x17, 0x3B, 0x70, 0xE9, 0x04, 0x97, 0x53, 0x6E, 0x17, 0x3A,
    0x39, 0xCF, 0x52, 0x1C, 0xAC, 0xDE, 0x96, 0xB3, 0xA4, 0x9B, 0xD9, 0xEC, 0xE7, 0xE5, 0x03, 0x96,
    0xF0, 0x8D, 0x11, 0x3F, 0xCB, 0x20, 0x40, 0x92, 0xB0, 0x33, 0x2D, 0xD6, 0x43, 0xDF, 0x87, 0x89,
    0xD9, 0xA9, 0x12, 0x9C, 0x52, 0x0E, 0xD3, 0xB4, 0xFB, 0x6A, 0x1C, 0xCC, 0xB6, 0xF5, 0x7B, 0x4C,
    0xBA, 0xB5, 0x02, 0x8A, 0xFF, 0x79, 0xB7, 0xD6, 0x87, 0x07, 0xA3, 0xAC, 0x65, 0x75, 0xA7, 0x5A,
    0xD2, 0xEF, 0x51, 0xCD, 0xFF, 0xE3, 0x39, 0x8A, 0x9E, 0x80, 0x10, 0x66, 0x40, 0xB0, 0x08, 0x0B,
    0x14, 0x5A, 0x67, 0x22, 0x5B, 0xCC, 0x65, 0x3C, 0x97, 0xD9, 0x6A, 0x84, 0xC1, 0xBC, 0xB9, 0x1A,
    0x69, 0x58, 0x1B, 0xDA, 0xA9, 0x7E, 0xE7, 0xF8, 0xC6, 0x9F, 0x09, 0xB8, 0xA4, 0x5F, 0x99, 0x94,
    0x4A, 0x14, 0x01, 0x99, 0xD8, 0xD9, 0xE4, 0x4A, 0xEB, 0xA1, 0x93, 0x46, 0x95, 0x81, 0x18, 0x62,
    0x57, 0x8B, 0x3B, 0xD8, 0x01, 0xCF, 0x1C, 0x3B, 0xB9, 0xF7, 0xE7, 0x95, 0xCE, 0xAC, 0xB8, 0x46,
    0x0D, 0x8E, 0xA2, 0xC9, 0x0A, 0x47, 0x28, 0x9D, 0x76, 0x12, 0x88, 0xD3, 0x54, 0x31, 0x7D, 0x3E,
    0x44, 0x76, 0x00, 0x3D, 0x15, 0x54, 0x4B, 0x2C, 0x32, 0x45, 0x17, 0x8A, 0xC9, 0xBB, 0x6F, 0xA5,
    0x5A, 0x84, 0xA4, 0xA1, 0x82, 0x10, 0x5D, 0x72, 0x5D, 0xA6, 0xEB, 0xF3, 0xFF, 0xF9, 0xB5, 0xC9,
    0x87, 0xDA, 0x01, 0x33, 0x84, 0xAC, 0xE2, 0x12, 0x31, 0x7B, 0xF6, 0x05, 0x06, 0x2C, 0x95, 0x09,
    0xBB, 0x6F, 0x12, 0xE0, 0x90, 0x3E, 0x2F, 0xA6, 0x50, 0xE3, 0x9C, 0x5A, 0x83, 0x18, 0xC7, 0x71,
    0x17, 0xA9, 0xEA, 0xD2, 0x91, 0x4D, 0x4A, 0x53, 0x93, 0x6A, 0x3A, 0x69, 0xDB, 0x74, 0xED, 0x21,
    0x8E, 0xB2, 0x57, 0x86, 0x12, 0x51, 0x1C, 0xE7, 0xC1, 0xFA, 0xEC, 0xEF, 0xE1, 0x27, 0x73, 0xD6,
    0x31, 0xBD, 0x4E, 0x57, 0x46, 0x7A, 0x7C, 0x8D, 0x1E, 0x5B, 0x42, 0x63, 0xDC, 0x72, 0xF9, 0x89,
    0x19, 0x04, 0x93, 0xA5, 0xEE, 0xFA, 0xF4, 0x3E, 0xEB, 0xEA, 0xAC, 0x33, 0x42, 0xE7, 0x3F, 0x2D,
    0x8F, 0x31, 0x4B, 0xC4, 0x40, 0x14, 0x84, 0xBF, 0x64, 0x3D, 0x0E, 0x0C, 0xB8, 0x36, 0xC7, 0x81,
    0x82, 0x69, 0xEC, 0xD3, 0x58, 0x26, 0x97, 0xC5, 0x5F, 0x70, 0x8D, 0x95, 0xA5, 0xE5, 0xFD, 0x05,
    0xE1, 0xF6, 0x1F, 0xDC, 0xDF, 0x10, 0x9B, 0xB4, 0x16, 0x8A, 0xC1, 0xD6, 0x26, 0x8D, 0x7D, 0x10,
    0xAC, 0x6F, 0x8B, 0x14, 0x41, 0xBC, 0x3C, 0x77, 0x57, 0x5F, 0x33, 0x0C, 0xF3, 0xE6, 0xCD, 0x1B,
    0x20, 0x17, 0xF9, 0x14, 0x19, 0xB5, 0x39, 0x51, 0x9D, 0xB2, 0x03, 0xA6, 0x02, 0x6D, 0x50, 0x72,
    0x40, 0xE4, 0x9F, 0x6C, 0xBE, 0xFD, 0x5A, 0xC7, 0x1F, 0x39, 0x0F, 0xA4, 0x05, 0x4E, 0x61, 0x3B,
    0x90, 0x37, 0xAD, 0xEA, 0x2A, 0xEE, 0xD3, 0x2E, 0xB3, 0x30, 0xF8, 0x15, 0x28, 0xE4, 0x27, 0x69,
    0x6E, 0x4C, 0xE2, 0x98, 0x8B, 0xB0, 0xFC, 0x5A, 0x53, 0x82, 0xF2, 0x9E, 0x27, 0x78, 0x15, 0x79,
    0xDF, 0xCB, 0x78, 0xC9, 0x02, 0x16, 0x86, 0x30, 0x22, 0x43, 0x80, 0x54, 0x6E, 0xC7, 0xC8, 0xC7,
    0xD4, 0x05, 0x50, 0xBD, 0xEA, 0x02, 0x6A, 0xAB, 0x6D, 0xC8, 0x5B, 0x51, 0x65, 0x51, 0x4E, 0x5C,
    0xC5, 0x6C, 0xAD, 0xFA, 0x7C, 0x27, 0x4E, 0x9C, 0xDE, 0x8F, 0xCB, 0x8F, 0xEC, 0xBA, 0xAD, 0x27,
    0xA3, 0x29, 0x67, 0xF8, 0x1B, 0x25, 0x2F, 0xDE, 0x0D, 0x0E, 0xF1, 0xDE, 0x90, 0xBC, 0x6D, 0x57,
    0xF1, 0x33, 0x1D, 0xE4, 0x8A, 0xBE, 0xF4, 0x2D, 0x38, 0xDC, 0xBD, 0x39, 0x5F, 0x33, 0x91, 0xDD,
    0x14, 0x73, 0x49, 0xC2, 0x3F, 0x47, 0x90, 0x49, 0x8F, 0x34, 0xAD, 0x6E, 0x2F, 0x78, 0xE6, 0x6A,
    0xDE, 0x61, 0x0A, 0x38, 0x9E, 0x1E, 0xA9, 0x65, 0x24, 0x27, 0xB6, 0x3A, 0x9B, 0x1E, 0x62, 0x86,
    0xF6, 0xAF, 0xE5, 0xBE, 0x79, 0x6D, 0x93, 0x28, 0x17, 0x62, 0xC3, 0x9D, 0x5F, 0xAD, 0x92, 0x3D,
    0x4E, 0xC3, 0x40, 0x10, 0x46, 0xBF, 0xB5, 0x05, 0x16, 0x32, 0x52, 0xD2, 0x20, 0x51, 0xE1, 0x23,
    0xF8, 0x02, 0x40, 0x22, 0x71, 0x81, 0x14, 0x50, 0x71, 0x08, 0x73, 0x00, 0xA4, 0xF8, 0x08, 0xFC,
    0x5C, 0x80, 0x82, 0x23, 0x50, 0xA4, 0xB0, 0xF0, 0x8A, 0x0B, 0x60, 0x89, 0x92, 0xC6, 0x05, 0xA1,
    0xC5, 0x85, 0x91, 0x82, 0xE4, 0x64, 0xF8, 0x66, 0x9C, 0x32, 0x08, 0x21, 0x51, 0xD8, 0xC5, 0xEC,
    0xCC, 0x7B, 0xBB, 0x33, 0x03, 0x00, 0xA7, 0x70, 0xE5, 0xAD, 0xF8, 0x40, 0xE4, 0xBD, 0x0D, 0x9A,
    0xB8, 0xDE, 0x77, 0x0D, 0x1A, 0x60, 0x86, 0x4B, 0xE0, 0x18, 0x29, 0x90, 0x89, 0x88, 0x9F, 0xF2,
    0xD7, 0x60, 0x81, 0x62, 0x1D, 0x1C, 0xE4, 0xB1, 0x47, 0x58, 0x07, 0xCC, 0xFC, 0x39, 0x58, 0xE6,
    0xD3, 0x7B, 0xC8, 0xA2, 0x14, 0x6A, 0xCE, 0x80, 0x88, 0x84, 0x68, 0x5E, 0x22, 0xAC, 0x22, 0xCF,
    0x9C, 0x9C, 0x49, 0x5A, 0x68, 0x06, 0x15, 0xF4, 0x7C, 0x25, 0x29, 0xC8, 0x38, 0x1B, 0x03, 0xC4,
    0xDE, 0x91, 0xDA, 0x11, 0x3A, 0x44, 0x20, 0x1D, 0xC2, 0x4F, 0x42, 0x9B, 0xD8, 0xBB, 0x86, 0x19,
    0xC5, 0xBA, 0x24, 0x93, 0x98, 0xD0, 0xA7, 0x3F, 0x42, 0x97, 0xE8, 0xEF, 0xEA, 0xCA, 0x1B, 0x59,
    0x10, 0x2E, 0x44, 0xB3, 0x2B, 0x4D, 0x48, 0x38, 0x5A, 0x4C, 0xFA, 0xBE, 0xF4, 0xCF, 0xB5, 0xCE,
    0x48, 0xA5, 0xAD, 0x91, 0xD6, 0x20, 0x47, 0x3D, 0x77, 0x6C, 0xE4, 0xCA, 0xD8, 0xBF, 0x1E, 0x50,
    0x7C, 0x95, 0xBE, 0xE9, 0x7B, 0x46, 0x2B, 0x93, 0x0F, 0x29, 0xBF, 0x96, 0xA5, 0xCA, 0xBF, 0xB2,
    0x31, 0xE5, 0x6D, 0x58, 0x39, 0xBD, 0x64, 0x6B, 0x72, 0x45, 0x25, 0x44, 0xA9, 0xFC, 0xC4, 0xE4,
    0xD5, 0x3F, 0xC9, 0xDD, 0x98, 0xFA, 0xB2, 0x06, 0xE2, 0x57, 0x0F, 0x1C, 0xEE, 0x00, 0x41, 0xCD,
    0x55, 0x18, 0xE4, 0x91, 0x37, 0xE7, 0x36, 0x5D, 0x9D, 0x2D, 0x82, 0x0D, 0xDA, 0x7A, 0xA0, 0x18,
    0x23, 0x6E, 0x0C, 0xB1, 0xB0, 0xCC, 0x93, 0x8F, 0x67, 0xC9, 0x53, 0x6D, 0xEC, 0x16, 0xBF, 0x3D,
    0x7D, 0xA3, 0xCE, 0x0E, 0x8F, 0x99, 0x5A, 0x5C, 0x0B, 0x1C, 0x60, 0xC4, 0xED, 0x50, 0x80, 0x4D,
    0x30, 0x11, 0x0E, 0x35, 0x39, 0x7F, 0x11, 0x19, 0xE0, 0x81, 0x57, 0xF6, 0xBB, 0x0C, 0xB2, 0xBE,
    0x40, 0xDA, 0x52, 0x10, 0x48, 0xC5, 0xCC, 0xB8, 0x63, 0x70, 0x9C, 0xE6, 0x05, 0x2E, 0x82, 0x3A,
    0x25, 0x62, 0x16, 0xF9, 0x68, 0x5E, 0xB8, 0x55, 0xC7, 0x85, 0x48, 0x97, 0x6E, 0x02, 0x0E, 0xEB,
    0x1B, 0x1D, 0xCD, 0xB1, 0x0D, 0xC2, 0x40, 0x0C, 0x05, 0xD0, 0x9F, 0x13, 0x1D, 0x43, 0x64, 0x02,
    0xF0, 0x06, 0x80, 0x32, 0x53, 0x0A, 0x1A, 0x74, 0xEE, 0x18, 0xEB, 0x76, 0x60, 0x82, 0x24, 0x13,
    0x50, 0xBA, 0x48, 0xCE, 0xF1, 0xB7, 0x25, 0x3F, 0xF9, 0xDB, 0x85, 0x01, 0xBC, 0xC0, 0x7A, 0xA7,
    0x55, 0x53, 0xA3, 0xF3, 0xC8, 0x30, 0xE7, 0xE5, 0x73, 0xB9, 0x46, 0xA8, 0xBE, 0x18, 0x3D, 0x44,
    0x43, 0xFF, 0x1A, 0x5D, 0x5D, 0x43, 0x6D, 0x26, 0x6E, 0x78, 0xF6, 0xE2, 0x3B, 0x5A, 0x87, 0xF8,
    0xE4, 0x1D, 0xC5, 0xB7, 0x10, 0xB2, 0xC7, 0x26, 0x02, 0x67, 0xC8, 0x8F, 0x96, 0xFF, 0x83, 0x3F,
    0x6E, 0x77, 0x5A, 0x7A, 0x3E, 0xCF, 0x19, 0x43, 0xF4, 0x09,
};

static const EpdGlyph bookerly_12_regularGlyphs[] = {
    { 0, 0, 0, 0, 0, 0, 0 }, // U+0000
    { 0, 0, 0, 0, 0, 0, 0 }, // U+0008
    { 0, 0, 86, 0, 0, 0, 0 }, // U+0009
    { 0, 0, 86, 0, 0, 0, 0 }, // U+000D
    { 0, 0, 0, 0, 0, 0, 0 }, // U+001D
    { 0, 0, 86, 0, 0, 0, 0 }, // U+0020
    { 4, 20, 109, 2, 19, 20, 0 }, // !
    { 7, 8, 147, 1, 18, 14, 20 }, // "
    { 16, 15, 249, 0, 14, 60, 34 }, // #
    { 12, 25, 249, 2, 20, 75, 94 }, // $
    { 22, 21, 388, 1, 19, 116, 169 }, // %
    { 19, 20, 322, 1, 19, 95, 285 }, // &
    { 3, 8, 78, 1, 18, 6, 380 }, // '
    { 8, 25, 146, 1, 20, 50, 386 }, // (
    { 8, 25, 146, 0, 20, 50, 436 }, // )
    { 9, 9, 149, 0, 19, 21, 486 }, // *
    { 11, 11, 249, 2, 14, 31, 507 }, // +
    { 6, 9, 109, 0, 4, 14, 538 }, // ,
    { 8, 3, 150, 1, 8, 6, 552 }, // -
    { 5, 4, 109, 1, 3, 5, 558 }, // .
    { 12, 20, 196, 0, 18, 60, 563 }, // /
    { 14, 19, 249, 1, 18, 67, 623 }, // 0
    { 10, 18, 249, 3, 18, 45, 690 }, // 1
    { 13, 18, 249, 1, 18, 59, 735 }, // 2
    { 11, 19, 249, 2, 18, 53, 794 }, // 3
    { 15, 19, 249, 0, 18, 72, 847 }, // 4
    { 12, 19, 249, 1, 18, 57, 919 }, // 5
    { 13, 19, 249, 1, 18, 62, 976 }, // 6
    { 13, 19, 249, 2, 18, 62, 1038 }, // 7
    { 13, 19, 249, 1, 18, 62, 1100 }, // 8
    { 13, 19, 249, 1, 18, 62, 1162 }, // 9
    { 5, 14, 109, 1, 13, 18, 1224 }, // :
    { 6, 18, 109, 0, 13, 27, 1242 }, // ;
    { 12, 13, 249, 2, 15, 39, 1269 }, // <
    { 11, 7, 249, 2, 12, 20, 1308 }, // =
    { 12, 13, 249, 2, 15, 39, 1328 }, // >
    { 10, 20, 190, 1, 19, 50, 1367 }, // ?
    { 22, 23, 382, 1, 18, 127, 1417 }, // @
    { 19, 18, 297, 0, 18, 86, 1544 }, // A
    { 14, 19, 248, 1, 18, 67, 1630 }, // B
    { 14, 19, 257, 1, 18, 67, 1697 }, // C
    { 17, 19, 300, 1, 18, 81, 1764 }, // D
    { 14, 18, 252, 1, 18, 63, 1845 }, // E
    { 13, 18, 228, 1, 18, 59, 1908 }, // F
    { 16, 19, 290, 1, 18, 76, 1967 }, // G
    { 19, 18, 334, 1, 18, 86, 2043 }, // H
    { 8, 18, 151, 1, 18, 36, 2129 }, // I
    { 10, 24, 145, -1, 18, 60, 2165 }, // J
    { 18, 19, 291, 1, 18, 86, 2225 }, // K
    { 14, 18, 241, 1, 18, 63, 2311 }, // L
    { 23, 18, 358, 0, 18, 104, 2374 }, // M
    { 19, 19, 326, 1, 18, 91, 2478 }, // N
    { 18, 19, 311, 1, 18, 86, 2569 }, // O
    { 14, 18, 237, 1, 18, 63, 2655 }, // P
    { 19, 23, 311, 1, 18, 110, 2718 }, // Q
    { 17, 19, 271, 1, 18, 81, 2828 }, // R
    { 12, 19, 220, 1, 18, 57, 2909 }, // S
    { 17, 18, 274, 0, 18, 77, 2966 }, // T
    { 19, 19, 309, 0, 18, 91, 3043 }, // U
    { 19, 19, 294, 0, 18, 91, 3134 }, // V
    { 28, 19, 443, 0, 18, 133, 3225 }, // W
    { 18, 18, 290, 0, 18, 81, 3358 }, // X
    { 17, 18, 274, 0, 18, 77, 3439 }, // Y
    { 15, 19, 237, 0, 18, 72, 3516 }, // Z
    { 6, 24, 123, 1, 20, 36, 3588 }, // [
    { 12, 20, 196, 0, 18, 60, 3624 }, // <backslash>
    { 5, 24, 123, 1, 20, 30, 3684 }, // ]
    { 12, 12, 249, 2, 16, 36, 3714 }, // ^
    { 13, 2, 200, 0, -1, 7, 3750 }, // _
    { 6, 7, 268, 5, 21, 11, 3757 }, // `
    { 13, 15, 220, 1, 14, 49, 3768 }, // a
    { 15, 21, 239, -1, 20, 79, 3817 }, // b
    { 11, 15, 203, 1, 14, 42, 3896 }, // c
    { 15, 21, 249, 1, 20, 79, 3938 }, // d
    { 11, 15, 208, 1, 14, 42, 4017 }, // e
    { 12, 20, 162, 0, 20, 60, 4059 }, // f
    { 15, 20, 232, 0, 14, 75, 4119 }, // g
    { 17, 20, 264, 0, 20, 85, 4194 }, // h
    { 8, 20, 132, 0, 20, 40, 4279 }, // i
    { 8, 26, 115, -2, 20, 52, 4319 }, // j
    { 15, 21, 242, 0, 20, 79, 4371 }, // k
    { 8, 20, 130, 0, 20, 40, 4450 }, // l
    { 25, 14, 399, 0, 14, 88, 4490 }, // m
    { 17, 14, 268, 0, 14, 60, 4578 }, // n
    { 13, 15, 238, 1, 14, 49, 4638 }, // o
    { 15, 20, 245, 0, 14, 75, 4687 }, // p
    { 14, 20, 237, 1, 14, 70, 4762 }, // q
    { 12, 14, 184, 0, 14, 42, 4832 }, // r
    { 10, 15, 192, 1, 14, 38, 4874 }, // s
    { 10, 18, 164, 0, 17, 45, 4912 }, // t
    { 17, 15, 260, 0, 14, 64, 4957 }, // u
    { 15, 14, 240, 0, 13, 53, 5021 }, // v
    { 22, 14, 356, 0, 13, 77, 5074 }, // w
    { 15, 13, 237, 0, 13, 49, 5151 }, // x
    { 15, 19, 240, 0, 13, 72, 5200 }, // y
    { 12, 14, 201, 0, 13, 42, 5272 }, // z
    { 8, 25, 154, 1, 20, 50, 5314 }, // {
    { 3, 23, 109, 2, 20, 18, 5364 }, // |
    { 8, 25, 154, 0, 20, 50, 5382 }, // }
    { 12, 5, 249, 2, 11, 15, 5432 }, // ~
    { 0, 0, 86, 0, 0, 0, 0 }, // U+00A0
    { 4, 20, 109, 1, 14, 20, 0 }, // U+00A1
    { 13, 25, 249, 1, 20, 82, 20 }, // U+00A2
    { 14, 19, 249, 1, 18, 67, 102 }, // U+00A3
    { 14, 13, 249, 1, 15, 46, 169 }, // U+00A4
    { 17, 18, 249, -1, 18, 77, 215 }, // U+00A5
    { 3, 23, 109, 2, 20, 18, 292 }, // U+00A6
    { 11, 21, 204, 1, 18, 58, 310 }, // U+00A7
    { 9, 4, 268, 4, 19, 9, 368 }, // U+00A8
    { 19, 19, 313, 0, 18, 91, 377 }, // U+00A9
    { 9, 12, 178, 1, 18, 27, 468 }, // U+00AA
    { 14, 10, 210, 0, 11, 35, 495 }, // U+00AB
    { 11, 7, 249, 2, 12, 20, 530 }, // U+00AC
    { 8, 3, 150, 1, 8, 6, 550 }, // U+00AD
    { 14, 14, 233, 0, 20, 49, 556 }, // U+00AE
    { 9, 3, 268, 4, 18, 7, 605 }, // U+00AF
    { 9, 9, 211, 2, 18, 21, 612 }, // U+00B0
    { 11, 15, 249, 2, 15, 42, 633 }, // U+00B1
    { 9, 12, 179, 1, 21, 27, 675 }, // U+00B2
    { 9, 13, 179, 1, 21, 30, 702 }, // U+00B3
    { 5, 7, 268, 6, 21, 9, 732 }, // U+00B4
    { 16, 20, 267, 1, 14, 80, 741 }, // U+00B5
    { 13, 22, 218, 0, 18, 72, 821 }, // U+00B6
    { 5, 4, 109, 1, 9, 5, 893 }, // U+00B7
    { 5, 6, 268, 6, -1, 8, 898 }, // U+00B8
    { 8, 12, 179, 2, 21, 24, 906 }, // U+00B9
    { 9, 12, 182, 1, 18, 27, 930 }, // U+00BA
    { 13, 10, 210, 1, 11, 33, 957 }, // U+00BB
    { 24, 21, 430, 2, 19, 126, 990 }, // U+00BC
    { 24, 21, 430, 2, 19, 126, 1116 }, // U+00BD
    { 25, 21, 430, 1, 19, 132, 1242 }, // U+00BE
    { 9, 20, 190, 1, 14, 45, 1374 }, // U+00BF
    { 19, 24, 297, 0, 24, 114, 1419 }, // U+00C0
    { 19, 24, 297, 0, 24, 114, 1533 }, // U+00C1
    { 19, 24, 297, 0, 24, 114, 1647 }, // U+00C2
    { 19, 24, 297, 0, 24, 114, 1761 }, // U+00C3
    { 19, 23, 297, 0, 23, 110, 1875 }, // U+00C4
    { 19, 25, 297, 0, 25, 119, 1985 }, // U+00C5
    { 24, 18, 372, -1, 18, 108, 2104 }, // U+00C6
    { 14, 25, 257, 1, 18, 88, 2212 }, // U+00C7
    { 14, 24, 252, 1, 24, 84, 2300 }, // U+00C8
    { 14, 24, 252, 1, 24, 84, 2384 }, // U+00C9
    { 14, 24, 252, 1, 24, 84, 2468 }, // U+00CA
    { 14, 23, 252, 1, 23, 81, 2552 }, // U+00CB
    { 8, 24, 151, 1, 24, 48, 2633 }, // U+00CC
    { 8, 24, 151, 1, 24, 48, 2681 }, // U+00CD
    { 9, 24, 151, 0, 24, 54, 2729 }, // U+00CE
    { 10, 23, 151, 0, 23, 58, 2783 }, // U+00CF
    { 18, 19, 300, 0, 18, 86, 2841 }, // U+00D0
    { 19, 25, 326, 1, 24, 119, 2927 }, // U+00D1
    { 18, 25, 311, 1, 24, 113, 3046 }, // U+00D2
    { 18, 25, 311, 1, 24, 113, 3159 }, // U+00D3
    { 18, 25, 311, 1, 24, 113, 3272 }, // U+00D4
    { 18, 25, 311, 1, 24, 113, 3385 }, // U+00D5
    { 18, 24, 311, 1, 23, 108, 3498 }, // U+00D6
    { 10, 11, 249, 3, 14, 28, 3606 }, // U+00D7
    { 19, 19, 311, 0, 18, 91, 3634 }, // U+00D8
    { 19, 25, 309, 0, 24, 119, 3725 }, // U+00D9
    { 19, 25, 309, 0, 24, 119, 3844 }, // U+00DA
    { 19, 25, 309, 0, 24, 119, 3963 }, // U+00DB
    { 19, 24, 309, 0, 23, 114, 4082 }, // U+00DC
    { 17, 24, 274, 0, 24, 102, 4196 }, // U+00DD
    { 14, 18, 249, 1, 18, 63, 4298 }, // U+00DE
    { 16, 21, 260, 0, 20, 84, 4361 }, // U+00DF
    { 13, 22, 220, 1, 21, 72, 4445 }, // U+00E0
    { 13, 22, 220, 1, 21, 72, 4517 }, // U+00E1
    { 13, 21, 220, 1, 20, 69, 4589 }, // U+00E2
    { 13, 21, 220, 1, 20, 69, 4658 }, // U+00E3
    { 13, 20, 220, 1, 19, 65, 4727 }, // U+00E4
    { 13, 22, 220, 1, 21, 72, 4792 }, // U+00E5
    { 19, 15, 326, 1, 14, 72, 4864 }, // U+00E6
    { 11, 21, 203, 1, 14, 58, 4936 }, // U+00E7
    { 11, 22, 208, 1, 21, 61, 4994 }, // U+00E8
    { 11, 22, 208, 1, 21, 61, 5055 }, // U+00E9
    { 11, 21, 208, 1, 20, 58, 5116 }, // U+00EA
    { 11, 20, 208, 1, 19, 55, 5174 }, // U+00EB
    { 8, 21, 132, 0, 21, 42, 5229 }, // U+00EC
    { 8, 21, 132, 0, 21, 42, 5271 }, // U+00ED
    { 8, 20, 132, 0, 20, 40, 5313 }, // U+00EE
    { 10, 19, 132, -1, 19, 48, 5353 }, // U+00EF
    { 13, 22, 238, 1, 21, 72, 5401 }, // U+00F0
    { 17, 20, 268, 0, 20, 85, 5473 }, // U+00F1
    { 13, 22, 238, 1, 21, 72, 5558 }, // U+00F2
    { 13, 22, 238, 1, 21, 72, 5630 }, // U+00F3
    { 13, 21, 238, 1, 20, 69, 5702 }, // U+00F4
    { 13, 21, 238, 1, 20, 69, 5771 }, // U+00F5
    { 13, 20, 238, 1, 19, 65, 5840 }, // U+00F6
    { 11, 13, 249, 2, 15, 36, 5905 }, // U+00F7
    { 15, 15, 238, 0, 14, 57, 5941 }, // U+00F8
    { 17, 22, 260, 0, 21, 94, 5998 }, // U+00F9
    { 17, 22, 260, 0, 21, 94, 6092 }, // U+00FA
    { 17, 21, 260, 0, 20, 90, 6186 }, // U+00FB
    { 17, 20, 260, 0, 19, 85, 6276 }, // U+00FC
    { 15, 27, 240, 0, 21, 102, 6361 }, // U+00FD
    { 15, 26, 248, 0, 20, 98, 6463 }, // U+00FE
    { 15, 25, 240, 0, 19, 94, 6561 }, // U+00FF
    { 19, 23, 297, 0, 23, 110, 0 }, // U+0100
    { 13, 19, 220, 1, 18, 62, 110 }, // U+0101
    { 19, 24, 297, 0, 24, 114, 172 }, // U+0102
    { 13, 21, 220, 1, 20, 69, 286 }, // U+0103
    { 19, 24, 297, 0, 18, 114, 355 }, // U+0104
    { 13, 20, 220, 1, 14, 65, 469 }, // U+0105
    { 14, 25, 257, 1, 24, 88, 534 }, // U+0106
    { 11, 22, 203, 1, 21, 61, 622 }, // U+0107
    { 14, 25, 257, 1, 24, 88, 683 }, // U+0108
    { 11, 21, 203, 1, 20, 58, 771 }, // U+0109
    { 14, 25, 257, 1, 24, 88, 829 }, // U+010A
    { 11, 20, 203, 1, 19, 55, 917 }, // U+010B
    { 14, 25, 257, 1, 24, 88, 972 }, // U+010C
    { 11, 22, 203, 1, 21, 61, 1060 }, // U+010D
    { 17, 25, 300, 1, 24, 107, 1121 }, // U+010E
    { 17, 21, 257, 1, 20, 90, 1228 }, // U+010F
    { 18, 19, 300, 0, 18, 86, 1318 }, // U+0110
    { 15, 21, 249, 1, 20, 79, 1404 }, // U+0111
    { 14, 23, 252, 1, 23, 81, 1483 }, // U+0112
    { 11, 19, 208, 1, 18, 53, 1564 }, // U+0113
    { 14, 24, 252, 1, 24, 84, 1617 }, // U+0114
    { 11, 21, 208, 1, 20, 58, 1701 }, // U+0115
    { 14, 24, 252, 1, 24, 84, 1759 }, // U+0116
    { 11, 20, 208, 1, 19, 55, 1843 }, // U+0117
    { 14, 24, 252, 1, 18, 84, 1898 }, // U+0118
    { 11, 20, 208, 1, 14, 55, 1982 }, // U+0119
    { 14, 24, 252, 1, 24, 84, 2037 }, // U+011A
    { 11, 22, 208, 1, 21, 61, 2121 }, // U+011B
    { 16, 25, 290, 1, 24, 100, 2182 }, // U+011C
    { 15, 26, 232, 0, 20, 98, 2282 }, // U+011D
    { 16, 25, 290, 1, 24, 100, 2380 }, // U+011E
    { 15, 26, 232, 0, 20, 98, 2480 }, // U+011F
    { 16, 25, 290, 1, 24, 100, 2578 }, // U+0120
    { 15, 25, 232, 0, 19, 94, 2678 }, // U+0121
    { 16, 25, 290, 1, 18, 100, 2772 }, // U+0122
    { 15, 28, 232, 0, 22, 105, 2872 }, // U+0123
    { 19, 24, 334, 1, 24, 114, 2977 }, // U+0124
    { 18, 26, 264, -1, 26, 117, 3091 }, // U+0125
    { 21, 18, 334, 0, 18, 95, 3208 }, // U+0126
    { 17, 20, 264, 0, 20, 85, 3303 }, // U+0127
    { 9, 24, 151, 0, 24, 54, 3388 }, // U+0128
    { 9, 20, 132, 0, 20, 45, 3442 }, // U+0129
    { 9, 23, 151, 0, 23, 52, 3487 }, // U+012A
    { 9, 18, 132, 0, 18, 41, 3539 }, // U+012B
    { 9, 24, 151, 0, 24, 54, 3580 }, // U+012C
    { 8, 20, 132, 0, 20, 40, 3634 }, // U+012D
    { 8, 24, 151, 1, 18, 48, 3674 }, // U+012E
    { 8, 26, 132, 0, 20, 52, 3722 }, // U+012F
    { 8, 24, 151, 1, 24, 48, 3774 }, // U+0130
    { 8, 14, 132, 0, 14, 28, 3822 }, // U+0131
    { 17, 24, 288, 1, 18, 102, 3850 }, // U+0132
    { 14, 26, 243, 0, 20, 91, 3952 }, // U+0133
    { 10, 30, 145, -1, 24, 75, 4043 }, // U+0134
    { 10, 26, 115, -2, 20, 65, 4118 }, // U+0135
    { 18, 25, 291, 1, 18, 113, 4183 }, // U+0136
    { 15, 27, 242, 0, 20, 102, 4296 }, // U+0137
    { 16, 15, 246, 0, 14, 60, 4398 }, // U+0138
    { 14, 24, 241, 1, 24, 84, 4458 }, // U+0139
    { 8, 26, 130, 0, 26, 52, 4542 }, // U+013A
    { 14, 25, 241, 1, 18, 88, 4594 }, // U+013B
    { 8, 27, 130, 0, 20, 54, 4682 }, // U+013C
    { 14, 20, 241, 1, 20, 70, 4736 }, // U+013D
    { 10, 20, 138, 0, 20, 50, 4806 }, // U+013E
    { 14, 18, 241, 1, 18, 63, 4856 }, // U+013F
    { 12, 20, 187, 0, 20, 60, 4919 }, // U+0140
    { 16, 18, 241, -1, 18, 72, 4979 }, // U+0141
    { 10, 20, 130, -1, 20, 50, 5051 }, // U+0142
    { 19, 25, 326, 1, 24, 119, 5101 }, // U+0143
    { 17, 21, 268, 0, 21, 90, 5220 }, // U+0144
    { 19, 25, 326, 1, 18, 119, 5310 }, // U+0145
    { 17, 21, 268, 0, 14, 90, 5429 }, // U+0146
    { 19, 25, 326, 1, 24, 119, 5519 }, // U+0147
    { 17, 21, 268, 0, 21, 90, 5638 }, // U+0148
    { 23, 19, 362, 0, 19, 110, 5728 }, // U+0149
    { 19, 23, 326, 1, 18, 110, 5838 }, // U+014A
    { 15, 20, 257, 0, 14, 75, 5948 }, // U+014B
    { 18, 24, 311, 1, 23, 108, 6023 }, // U+014C
    { 13, 19, 238, 1, 18, 62, 6131 }, // U+014D
    { 18, 25, 311, 1, 24, 113, 6193 }, // U+014E
    { 13, 21, 238, 1, 20, 69, 6306 }, // U+014F
    { 18, 26, 311, 1, 25, 117, 6375 }, // U+0150
    { 13, 22, 238, 1, 21, 72, 6492 }, // U+0151
    { 23, 19, 387, 1, 18, 110, 6564 }, // U+0152
    { 21, 15, 363, 1, 14, 79, 6674 }, // U+0153
    { 17, 25, 271, 1, 24, 107, 6753 }, // U+0154
    { 12, 21, 184, 0, 21, 63, 6860 }, // U+0155
    { 17, 25, 271, 1, 18, 107, 6923 }, // U+0156
    { 12, 21, 184, 0, 14, 63, 7030 }, // U+0157
    { 17, 25, 271, 1, 24, 107, 7093 }, // U+0158
    { 12, 21, 184, 0, 21, 63, 7200 }, // U+0159
    { 12, 25, 220, 1, 24, 75, 7263 }, // U+015A
    { 10, 22, 192, 1, 21, 55, 7338 }, // U+015B
    { 12, 25, 220, 1, 24, 75, 7393 }, // U+015C
    { 10, 21, 192, 1, 20, 53, 7468 }, // U+015D
    { 12, 25, 220, 1, 18, 75, 7521 }, // U+015E
    { 10, 21, 192, 1, 14, 53, 7596 }, // U+015F
    { 12, 25, 220, 1, 24, 75, 7649 }, // U+0160
    { 10, 22, 192, 1, 21, 55, 7724 }, // U+0161
    { 17, 25, 274, 0, 18, 107, 7779 }, // U+0162
    { 10, 24, 164, 0, 17, 60, 7886 }, // U+0163
    { 17, 24, 274, 0, 24, 102, 7946 }, // U+0164
    { 10, 21, 164, 0, 20, 53, 8048 }, // U+0165
    { 17, 18, 274, 0, 18, 77, 8101 }, // U+0166
    { 10, 18, 164, 0, 17, 45, 8178 }, // U+0167
    { 19, 25, 309, 0, 24, 119, 8223 }, // U+0168
    { 17, 21, 260, 0, 20, 90, 8342 }, // U+0169
    { 19, 24, 309, 0, 23, 114, 8432 }, // U+016A
    { 17, 19, 260, 0, 18, 81, 8546 }, // U+016B
    { 19, 25, 309, 0, 24, 119, 8627 }, // U+016C
    { 17, 21, 260, 0, 20, 90, 8746 }, // U+016D
    { 19, 26, 309, 0, 25, 124, 8836 }, // U+016E
    { 17, 22, 260, 0, 21, 94, 8960 }, // U+016F
    { 19, 26, 309, 0, 25, 124, 9054 }, // U+0170
    { 17, 22, 260, 0, 21, 94, 9178 }, // U+0171
    { 19, 24, 309, 0, 18, 114, 9272 }, // U+0172
    { 17, 20, 260, 0, 14, 85, 9386 }, // U+0173
    { 28, 25, 443, 0, 24, 175, 9471 }, // U+0174
    { 22, 21, 356, 0, 20, 116, 9646 }, // U+0175
    { 17, 24, 274, 0, 24, 102, 9762 }, // U+0176
    { 15, 26, 240, 0, 20, 98, 9864 }, // U+0177
    { 17, 23, 274, 0, 23, 98, 9962 }, // U+0178
    { 15, 25, 237, 0, 24, 94, 10060 }, // U+0179
    { 12, 22, 201, 0, 21, 66, 10154 }, // U+017A
    { 15, 25, 237, 0, 24, 94, 10220 }, // U+017B
    { 12, 20, 201, 0, 19, 60, 10314 }, // U+017C
    { 15, 25, 237, 0, 24, 94, 10374 }, // U+017D
    { 12, 22, 201, 0, 21, 66, 10468 }, // U+017E
    { 12, 20, 162, 0, 20, 60, 10534 }, // U+017F
    { 15, 21, 239, -1, 20, 79, 0 }, // U+0180
    { 17, 19, 271, 0, 18, 81, 79 }, // U+0181
    { 18, 23, 257, 1, 22, 104, 160 }, // U+0187
    { 16, 19, 203, 1, 18, 76, 264 }, // U+0188
    { 18, 19, 300, 0, 18, 86, 340 }, // U+0189
    { 20, 19, 323, 0, 18, 95, 426 }, // U+018A
    { 15, 18, 252, 0, 18, 68, 521 }, // U+018E
    { 15, 19, 273, 1, 18, 72, 589 }, // U+018F
    { 16, 23, 228, -2, 18, 92, 661 }, // U+0191
    { 15, 26, 162, -3, 20, 98, 753 }, // U+0192
    { 20, 23, 290, 1, 22, 115, 851 }, // U+0193
    { 9, 18, 151, 0, 18, 41, 966 }, // U+0197
    { 18, 19, 291, 1, 18, 86, 1007 }, // U+0198
    { 16, 21, 246, 0, 20, 84, 1093 }, // U+0199
    { 8, 20, 130, 0, 20, 40, 1177 }, // U+019A
    { 19, 22, 311, 1, 21, 105, 1217 }, // U+01A0
    { 15, 17, 238, 1, 16, 64, 1322 }, // U+01A1
    { 16, 18, 261, 0, 18, 72, 1386 }, // U+01A4
    { 15, 26, 252, 0, 20, 98, 1458 }, // U+01A5
    { 10, 23, 164, 0, 17, 58, 1556 }, // U+01AB
    { 16, 18, 271, 0, 18, 72, 1614 }, // U+01AC
    { 12, 21, 164, 0, 20, 63, 1686 }, // U+01AD
    { 17, 23, 274, 0, 18, 98, 1749 }, // U+01AE
    { 20, 22, 309, 0, 21, 110, 1847 }, // U+01AF
    { 17, 17, 260, 0, 16, 73, 1957 }, // U+01B0
    { 17, 19, 276, 0, 18, 81, 2030 }, // U+01B2
    { 19, 18, 302, 0, 18, 86, 2111 }, // U+01B3
    { 21, 26, 240, 0, 20, 137, 2197 }, // U+01B4
    { 15, 19, 237, 0, 18, 72, 2334 }, // U+01B5
    { 12, 14, 201, 0, 13, 42, 2406 }, // U+01B6
    { 14, 19, 229, 0, 18, 67, 2448 }, // U+01B7
    { 13, 21, 220, 0, 20, 69, 2515 }, // U+01BB
    { 4, 20, 130, 2, 20, 20, 2584 }, // U+01C0
    { 9, 20, 213, 2, 20, 45, 2604 }, // U+01C1
    { 9, 20, 145, 0, 20, 45, 2649 }, // U+01C2
    { 4, 20, 109, 2, 19, 20, 2694 }, // U+01C3
    { 32, 25, 536, 1, 24, 200, 2714 }, // U+01C4
    { 30, 22, 500, 1, 21, 165, 2914 }, // U+01C5
    { 27, 22, 450, 1, 21, 149, 3079 }, // U+01C6
    { 23, 24, 386, 1, 18, 138, 3228 }, // U+01C7
    { 20, 26, 356, 1, 20, 130, 3366 }, // U+01C8
    { 14, 26, 245, 0, 20, 91, 3496 }, // U+01C9
    { 28, 24, 471, 1, 18, 168, 3587 }, // U+01CA
    { 25, 26, 441, 1, 20, 163, 3755 }, // U+01CB
    { 23, 26, 383, 0, 20, 150, 3918 }, // U+01CC
    { 19, 24, 297, 0, 24, 114, 4068 }, // U+01CD
    { 13, 22, 220, 1, 21, 72, 4182 }, // U+01CE
    { 10, 24, 151, 0, 24, 60, 4254 }, // U+01CF
    { 10, 21, 132, -1, 21, 53, 4314 }, // U+01D0
    { 18, 25, 311, 1, 24, 113, 4367 }, // U+01D1
    { 13, 22, 238, 1, 21, 72, 4480 }, // U+01D2
    { 19, 25, 309, 0, 24, 119, 4552 }, // U+01D3
    { 17, 22, 260, 0, 21, 94, 4671 }, // U+01D4
    { 19, 27, 309, 0, 26, 129, 4765 }, // U+01D5
    { 17, 24, 260, 0, 23, 102, 4894 }, // U+01D6
    { 19, 27, 309, 0, 26, 129, 4996 }, // U+01D7
    { 17, 26, 260, 0, 25, 111, 5125 }, // U+01D8
    { 19, 27, 309, 0, 26, 129, 5236 }, // U+01D9
    { 17, 25, 260, 0, 24, 107, 5365 }, // U+01DA
    { 19, 27, 309, 0, 26, 129, 5472 }, // U+01DB
    { 17, 26, 260, 0, 25, 111, 5601 }, // U+01DC
    { 11, 15, 208, 1, 14, 42, 5712 }, // U+01DD
    { 19, 26, 297, 0, 26, 124, 5754 }, // U+01DE
    { 13, 24, 220, 1, 23, 78, 5878 }, // U+01DF
    { 19, 26, 297, 0, 26, 124, 5956 }, // U+01E0
    { 13, 24, 220, 1, 23, 78, 6080 }, // U+01E1
    { 24, 23, 372, -1, 23, 138, 6158 }, // U+01E2
    { 19, 19, 326, 1, 18, 91, 6296 }, // U+01E3
    { 18, 19, 290, 1, 18, 86, 6387 }, // U+01E4
    { 17, 20, 232, -1, 14, 85, 6473 }, // U+01E5
    { 16, 25, 290, 1, 24, 100, 6558 }, // U+01E6
    { 15, 27, 232, 0, 21, 102, 6658 }, // U+01E7
    { 18, 25, 291, 1, 24, 113, 6760 }, // U+01E8
    { 16, 27, 242, -1, 26, 108, 6873 }, // U+01E9
    { 18, 24, 311, 1, 18, 108, 6981 }, // U+01EA
    { 13, 20, 238, 1, 14, 65, 7089 }, // U+01EB
    { 18, 29, 311, 1, 23, 131, 7154 }, // U+01EC
    { 13, 24, 238, 1, 18, 78, 7285 }, // U+01ED
    { 14, 25, 229, 0, 24, 88, 7363 }, // U+01EE
    { 12, 27, 201, 0, 21, 81, 7451 }, // U+01EF
    { 10, 27, 115, -2, 21, 68, 7532 }, // U+01F0
    { 32, 19, 536, 1, 18, 152, 7600 }, // U+01F1
    { 30, 19, 500, 1, 18, 143, 7752 }, // U+01F2
    { 27, 21, 450, 1, 20, 142, 7895 }, // U+01F3
    { 16, 25, 290, 1, 24, 100, 8037 }, // U+01F4
    { 15, 27, 232, 0, 21, 102, 8137 }, // U+01F5
    { 19, 25, 326, 1, 24, 119, 8239 }, // U+01F8
    { 17, 21, 268, 0, 21, 90, 8358 }, // U+01F9
    { 19, 26, 297, 0, 26, 124, 8448 }, // U+01FA
    { 13, 26, 220, 1, 25, 85, 8572 }, // U+01FB
    { 24, 24, 372, -1, 24, 144, 8657 }, // U+01FC
    { 19, 22, 326, 1, 21, 105, 8801 }, // U+01FD
    { 19, 25, 311, 0, 24, 119, 8906 }, // U+01FE
    { 15, 22, 238, 0, 21, 83, 9025 }, // U+01FF
    { 19, 25, 297, 0, 25, 119, 9108 }, // U+0200
    { 13, 22, 220, 1, 21, 72, 9227 }, // U+0201
    { 19, 24, 297, 0, 24, 114, 9299 }, // U+0202
    { 13, 21, 220, 1, 20, 69, 9413 }, // U+0203
    { 15, 25, 252, 0, 25, 94, 9482 }, // U+0204
    { 11, 22, 208, 1, 21, 61, 9576 }, // U+0205
    { 14, 24, 252, 1, 24, 84, 9637 }, // U+0206
    { 11, 21, 208, 1, 20, 58, 9721 }, // U+0207
    { 12, 25, 151, -3, 25, 75, 9779 }, // U+0208
    { 10, 21, 132, -2, 21, 53, 9854 }, // U+0209
    { 9, 24, 151, 0, 24, 54, 9907 }, // U+020A
    { 9, 20, 132, 0, 20, 45, 9961 }, // U+020B
    { 18, 26, 311, 1, 25, 117, 10006 }, // U+020C
    { 13, 22, 238, 1, 21, 72, 10123 }, // U+020D
    { 18, 25, 311, 1, 24, 113, 10195 }, // U+020E
    { 13, 21, 238, 1, 20, 69, 10308 }, // U+020F
    { 18, 26, 271, 0, 25, 117, 10377 }, // U+0210
    { 12, 21, 184, 0, 21, 63, 10494 }, // U+0211
    { 17, 25, 271, 1, 24, 107, 10557 }, // U+0212
    { 12, 20, 184, 0, 20, 60, 10664 }, // U+0213
    { 19, 26, 309, 0, 25, 124, 10724 }, // U+0214
    { 17, 22, 260, 0, 21, 94, 10848 }, // U+0215
    { 19, 25, 309, 0, 24, 119, 10942 }, // U+0216
    { 17, 21, 260, 0, 20, 90, 11061 }, // U+0217
    { 12, 25, 220, 1, 18, 75, 11151 }, // U+0218
    { 10, 21, 192, 1, 14, 53, 11226 }, // U+0219
    { 17, 25, 274, 0, 18, 107, 11279 }, // U+021A
    { 10, 24, 164, 0, 17, 60, 11386 }, // U+021B
    { 12, 21, 229, 1, 18, 63, 11446 }, // U+021C
    { 12, 20, 186, 0, 14, 60, 11509 }, // U+021D
    { 19, 24, 334, 1, 24, 114, 11569 }, // U+021E
    { 18, 26, 264, -1, 26, 117, 11683 }, // U+021F
    { 20, 23, 320, 1, 20, 115, 11800 }, // U+0221
    { 15, 23, 239, 0, 18, 87, 11915 }, // U+0224
    { 13, 17, 201, 0, 13, 56, 12002 }, // U+0225
    { 19, 24, 297, 0, 24, 114, 12058 }, // U+0226
    { 13, 20, 220, 1, 19, 65, 12172 }, // U+0227
    { 14, 25, 252, 1, 18, 88, 12237 }, // U+0228
    { 11, 21, 208, 1, 14, 58, 12325 }, // U+0229
    { 18, 27, 311, 1, 26, 122, 12383 }, // U+022A
    { 13, 24, 238, 1, 23, 78, 12505 }, // U+022B
    { 18, 27, 311, 1, 26, 122, 12583 }, // U+022C
    { 13, 24, 238, 1, 23, 78, 12705 }, // U+022D
    { 18, 25, 311, 1, 24, 113, 12783 }, // U+022E
    { 13, 20, 238, 1, 19, 65, 12896 }, // U+022F
    { 18, 27, 311, 1, 26, 122, 12961 }, // U+0230
    { 13, 24, 238, 1, 23, 78, 13083 }, // U+0231
    { 17, 23, 274, 0, 23, 98, 13161 }, // U+0232
    { 15, 24, 240, 0, 18, 90, 13259 }, // U+0233
    { 13, 23, 192, -1, 20, 75, 13349 }, // U+0234
    { 22, 17, 342, 0, 14, 94, 13424 }, // U+0235
    { 13, 20, 196, 0, 17, 65, 13518 }, // U+0236
    { 8, 20, 115, -2, 14, 40, 13583 }, // U+0237
    { 19, 24, 297, 0, 20, 114, 13623 }, // U+023A
    { 16, 21, 257, 0, 20, 84, 13737 }, // U+023B
    { 11, 22, 203, 1, 17, 61, 13821 }, // U+023C
    { 15, 18, 241, 0, 18, 68, 13882 }, // U+023D
    { 17, 23, 274, 0, 20, 98, 13950 }, // U+023E
    { 10, 20, 192, 1, 14, 50, 14048 }, // U+023F
    { 13, 19, 195, 0, 13, 62, 14098 }, // U+0240
    { 15, 19, 248, 0, 18, 72, 14160 }, // U+0243
    { 20, 19, 309, 0, 18, 95, 14232 }, // U+0244
    { 15, 23, 252, 1, 20, 87, 14327 }, // U+0246
    { 11, 22, 208, 1, 17, 61, 14414 }, // U+0247
    { 10, 24, 145, -1, 18, 60, 14475 }, // U+0248
    { 10, 26, 115, -2, 20, 65, 14535 }, // U+0249
    { 20, 23, 294, 1, 18, 115, 14600 }, // U+024A
    { 17, 20, 237, 1, 14, 85, 14715 }, // U+024B
    { 18, 19, 271, 0, 18, 86, 14800 }, // U+024C
    { 12, 14, 184, 0, 14, 42, 14886 }, // U+024D
    { 17, 18, 274, 0, 18, 77, 14928 }, // U+024E
    { 15, 19, 240, 0, 13, 72, 15005 }, // U+024F
    { 19, 25, 297, 0, 18, 119, 0 }, // U+1E00
    { 13, 21, 220, 1, 14, 69, 119 }, // U+1E01
    { 14, 25, 248, 1, 24, 88, 188 }, // U+1E02
    { 15, 26, 239, -1, 25, 98, 276 }, // U+1E03
    { 14, 24, 248, 1, 18, 84, 374 }, // U+1E04
    { 15, 26, 239, -1, 20, 98, 458 }, // U+1E05
    { 14, 23, 248, 1, 18, 81, 556 }, // U+1E06
    { 15, 25, 239, -1, 20, 94, 637 }, // U+1E07
    { 14, 31, 257, 1, 24, 109, 731 }, // U+1E08
    { 11, 28, 203, 1, 21, 77, 840 }, // U+1E09
    { 17, 25, 300, 1, 24, 107, 917 }, // U+1E0A
    { 15, 26, 249, 1, 25, 98, 1024 }, // U+1E0B
    { 17, 24, 300, 1, 18, 102, 1122 }, // U+1E0C
    { 15, 26, 249, 1, 20, 98, 1224 }, // U+1E0D
    { 17, 23, 300, 1, 18, 98, 1322 }, // U+1E0E
    { 15, 25, 249, 1, 20, 94, 1420 }, // U+1E0F
    { 17, 25, 300, 1, 18, 107, 1514 }, // U+1E10
    { 15, 27, 249, 1, 20, 102, 1621 }, // U+1E11
    { 17, 25, 300, 1, 18, 107, 1723 }, // U+1E12
    { 15, 27, 249, 1, 20, 102, 1830 }, // U+1E13
    { 14, 26, 252, 1, 26, 91, 1932 }, // U+1E14
    { 11, 26, 208, 1, 25, 72, 2023 }, // U+1E15
    { 14, 26, 252, 1, 26, 91, 2095 }, // U+1E16
    { 11, 26, 208, 1, 25, 72, 2186 }, // U+1E17
    { 14, 25, 252, 1, 18, 88, 2258 }, // U+1E18
    { 11, 21, 208, 1, 14, 58, 2346 }, // U+1E19
    { 14, 24, 252, 1, 18, 84, 2404 }, // U+1E1A
    { 11, 20, 208, 1, 14, 55, 2488 }, // U+1E1B
    { 14, 31, 252, 1, 24, 109, 2543 }, // U+1E1C
    { 11, 27, 208, 1, 20, 75, 2652 }, // U+1E1D
    { 13, 24, 228, 1, 24, 78, 2727 }, // U+1E1E
    { 12, 25, 162, 0, 25, 75, 2805 }, // U+1E1F
    { 16, 24, 290, 1, 23, 96, 2880 }, // U+1E20
    { 15, 24, 232, 0, 18, 90, 2976 }, // U+1E21
    { 19, 24, 334, 1, 24, 114, 3066 }, // U+1E22
    { 17, 25, 264, 0, 25, 107, 3180 }, // U+1E23
    { 19, 24, 334, 1, 18, 114, 3287 }, // U+1E24
    { 17, 26, 264, 0, 20, 111, 3401 }, // U+1E25
    { 19, 23, 334, 1, 23, 110, 3512 }, // U+1E26
    { 18, 25, 264, -1, 25, 113, 3622 }, // U+1E27
    { 19, 25, 334, 1, 18, 119, 3735 }, // U+1E28
    { 17, 27, 264, 0, 20, 115, 3854 }, // U+1E29
    { 19, 24, 334, 1, 18, 114, 3969 }, // U+1E2A
    { 17, 26, 264, 0, 20, 111, 4083 }, // U+1E2B
    { 9, 24, 151, 0, 18, 54, 4194 }, // U+1E2C
    { 9, 26, 132, 0, 20, 59, 4248 }, // U+1E2D
    { 9, 26, 151, 0, 26, 59, 4307 }, // U+1E2E
    { 10, 25, 132, -1, 25, 63, 4366 }, // U+1E2F
    { 18, 25, 291, 1, 24, 113, 4429 }, // U+1E30
    { 15, 27, 242, 0, 26, 102, 4542 }, // U+1E31
    { 18, 24, 291, 1, 18, 108, 4644 }, // U+1E32
    { 15, 26, 242, 0, 20, 98, 4752 }, // U+1E33
    { 18, 23, 291, 1, 18, 104, 4850 }, // U+1E34
    { 15, 25, 242, 0, 20, 94, 4954 }, // U+1E35
    { 14, 24, 241, 1, 18, 84, 5048 }, // U+1E36
    { 8, 26, 130, 0, 20, 52, 5132 }, // U+1E37
    { 15, 29, 241, 0, 23, 109, 5184 }, // U+1E38
    { 9, 31, 130, -1, 25, 70, 5293 }, // U+1E39
    { 14, 23, 241, 1, 18, 81, 5363 }, // U+1E3A
    { 9, 25, 130, 0, 20, 57, 5444 }, // U+1E3B
    { 14, 25, 241, 1, 18, 88, 5501 }, // U+1E3C
    { 8, 27, 130, 0, 20, 54, 5589 }, // U+1E3D
    { 23, 24, 358, 0, 24, 138, 5643 }, // U+1E3E
    { 25, 21, 399, 0, 21, 132, 5781 }, // U+1E3F
    { 23, 24, 358, 0, 24, 138, 5913 }, // U+1E40
    { 25, 19, 399, 0, 19, 119, 6051 }, // U+1E41
    { 23, 24, 358, 0, 18, 138, 6170 }, // U+1E42
    { 25, 20, 399, 0, 14, 125, 6308 }, // U+1E43
    { 19, 25, 326, 1, 24, 119, 6433 }, // U+1E44
    { 17, 19, 268, 0, 19, 81, 6552 }, // U+1E45
    { 19, 24, 326, 1, 18, 114, 6633 }, // U+1E46
    { 17, 20, 268, 0, 14, 85, 6747 }, // U+1E47
    { 19, 23, 326, 1, 18, 110, 6832 }, // U+1E48
    { 17, 19, 268, 0, 14, 81, 6942 }, // U+1E49
    { 19, 25, 326, 1, 18, 119, 7023 }, // U+1E4A
    { 17, 21, 268, 0, 14, 90, 7142 }, // U+1E4B
    { 18, 27, 311, 1, 26, 122, 7232 }, // U+1E4C
    { 13, 26, 238, 1, 25, 85, 7354 }, // U+1E4D
    { 18, 27, 311, 1, 26, 122, 7439 }, // U+1E4E
    { 13, 25, 238, 1, 24, 82, 7561 }, // U+1E4F
    { 18, 27, 311, 1, 26, 122, 7643 }, // U+1E50
    { 13, 26, 238, 1, 25, 85, 7765 }, // U+1E51
    { 18, 27, 311, 1, 26, 122, 7850 }, // U+1E52
    { 13, 26, 238, 1, 25, 85, 7972 }, // U+1E53
    { 14, 24, 237, 1, 24, 84, 8057 }, // U+1E54
    { 15, 27, 245, 0, 21, 102, 8141 }, // U+1E55
    { 14, 24, 237, 1, 24, 84, 8243 }, // U+1E56
    { 15, 25, 245, 0, 19, 94, 8327 }, // U+1E57
    { 17, 25, 271, 1, 24, 107, 8421 }, // U+1E58
    { 12, 19, 184, 0, 19, 57, 8528 }, // U+1E59
    { 17, 24, 271, 1, 18, 102, 8585 }, // U+1E5A
    { 12, 20, 184, 0, 14, 60, 8687 }, // U+1E5B
    { 17, 29, 271, 1, 23, 124, 8747 }, // U+1E5C
    { 12, 24, 184, 0, 18, 72, 8871 }, // U+1E5D
    { 17, 23, 271, 1, 18, 98, 8943 }, // U+1E5E
    { 12, 19, 184, 0, 14, 57, 9041 }, // U+1E5F
    { 12, 25, 220, 1, 24, 75, 9098 }, // U+1E60
    { 10, 20, 192, 1, 19, 50, 9173 }, // U+1E61
    { 12, 24, 220, 1, 18, 72, 9223 }, // U+1E62
    { 10, 20, 192, 1, 14, 50, 9295 }, // U+1E63
    { 12, 27, 220, 1, 26, 81, 9345 }, // U+1E64
    { 10, 24, 192, 1, 23, 60, 9426 }, // U+1E65
    { 12, 27, 220, 1, 26, 81, 9486 }, // U+1E66
    { 10, 24, 192, 1, 23, 60, 9567 }, // U+1E67
    { 12, 30, 220, 1, 24, 90, 9627 }, // U+1E68
    { 10, 25, 192, 1, 19, 63, 9717 }, // U+1E69
    { 17, 24, 274, 0, 24, 102, 9780 }, // U+1E6A
    { 10, 23, 164, 0, 22, 58, 9882 }, // U+1E6B
    { 17, 24, 274, 0, 18, 102, 9940 }, // U+1E6C
    { 10, 23, 164, 0, 17, 58, 10042 }, // U+1E6D
    { 17, 23, 274, 0, 18, 98, 10100 }, // U+1E6E
    { 11, 22, 164, 0, 17, 61, 10198 }, // U+1E6F
    { 17, 25, 274, 0, 18, 107, 10259 }, // U+1E70
    { 10, 24, 164, 0, 17, 60, 10366 }, // U+1E71
    { 19, 24, 309, 0, 18, 114, 10426 }, // U+1E72
    { 17, 20, 260, 0, 14, 85, 10540 }, // U+1E73
    { 19, 24, 309, 0, 18, 114, 10625 }, // U+1E74
    { 17, 20, 260, 0, 14, 85, 10739 }, // U+1E75
    { 19, 25, 309, 0, 18, 119, 10824 }, // U+1E76
    { 17, 21, 260, 0, 14, 90, 10943 }, // U+1E77
    { 19, 27, 309, 0, 26, 129, 11033 }, // U+1E78
    { 17, 26, 260, 0, 25, 111, 11162 }, // U+1E79
    { 19, 27, 309, 0, 26, 129, 11273 }, // U+1E7A
    { 17, 24, 260, 0, 23, 102, 11402 }, // U+1E7B
    { 19, 25, 294, 0, 24, 119, 11504 }, // U+1E7C
    { 15, 21, 240, 0, 20, 79, 11623 }, // U+1E7D
    { 19, 24, 294, 0, 18, 114, 11702 }, // U+1E7E
    { 15, 19, 240, 0, 13, 72, 11816 }, // U+1E7F
    { 28, 25, 443, 0, 24, 175, 11888 }, // U+1E80
    { 22, 22, 356, 0, 21, 121, 12063 }, // U+1E81
    { 28, 25, 443, 0, 24, 175, 12184 }, // U+1E82
    { 22, 22, 356, 0, 21, 121, 12359 }, // U+1E83
    { 28, 24, 443, 0, 23, 168, 12480 }, // U+1E84
    { 22, 20, 356, 0, 19, 110, 12648 }, // U+1E85
    { 28, 25, 443, 0, 24, 175, 12758 }, // U+1E86
    { 22, 20, 356, 0, 19, 110, 12933 }, // U+1E87
    { 28, 24, 443, 0, 18, 168, 13043 }, // U+1E88
    { 22, 19, 356, 0, 13, 105, 13211 }, // U+1E89
    { 18, 24, 290, 0, 24, 108, 13316 }, // U+1E8A
    { 15, 19, 237, 0, 19, 72, 13424 }, // U+1E8B
    { 18, 23, 290, 0, 23, 104, 13496 }, // U+1E8C
    { 15, 19, 237, 0, 19, 72, 13600 }, // U+1E8D
    { 17, 24, 274, 0, 24, 102, 13672 }, // U+1E8E
    { 15, 25, 240, 0, 19, 94, 13774 }, // U+1E8F
    { 15, 25, 237, 0, 24, 94, 13868 }, // U+1E90
    { 12, 21, 201, 0, 20, 63, 13962 }, // U+1E91
    { 15, 24, 237, 0, 18, 90, 14025 }, // U+1E92
    { 12, 19, 201, 0, 13, 57, 14115 }, // U+1E93
    { 15, 23, 237, 0, 18, 87, 14172 }, // U+1E94
    { 12, 18, 201, 0, 13, 54, 14259 }, // U+1E95
    { 17, 25, 264, 0, 20, 107, 14313 }, // U+1E96
    { 11, 22, 164, -1, 21, 61, 14420 }, // U+1E97
    { 22, 22, 356, 0, 21, 121, 14481 }, // U+1E98
    { 15, 27, 240, 0, 21, 102, 14602 }, // U+1E99
    { 15, 22, 220, 1, 21, 83, 14704 }, // U+1E9A
    { 12, 25, 162, 0, 25, 75, 14787 }, // U+1E9B
    { 18, 19, 296, 0, 18, 86, 14862 }, // U+1E9E
    { 19, 24, 297, 0, 18, 114, 0 }, // U+1EA0
    { 13, 20, 220, 1, 14, 65, 114 }, // U+1EA1
    { 19, 26, 297, 0, 26, 124, 179 }, // U+1EA2
    { 13, 23, 220, 1, 22, 75, 303 }, // U+1EA3
    { 19, 26, 297, 0, 26, 124, 378 }, // U+1EA4
    { 13, 25, 220, 1, 24, 82, 502 }, // U+1EA5
    { 19, 26, 297, 0, 26, 124, 584 }, // U+1EA6
    { 13, 25, 220, 1, 24, 82, 708 }, // U+1EA7
    { 19, 26, 297, 0, 26, 124, 790 }, // U+1EA8
    { 13, 25, 220, 1, 24, 82, 914 }, // U+1EA9
    { 19, 26, 297, 0, 26, 124, 996 }, // U+1EAA
    { 13, 25, 220, 1, 24, 82, 1120 }, // U+1EAB
    { 19, 30, 297, 0, 24, 143, 1202 }, // U+1EAC
    { 13, 26, 220, 1, 20, 85, 1345 }, // U+1EAD
    { 19, 26, 297, 0, 26, 124, 1430 }, // U+1EAE
    { 13, 25, 220, 1, 24, 82, 1554 }, // U+1EAF
    { 19, 26, 297, 0, 26, 124, 1636 }, // U+1EB0
    { 13, 25, 220, 1, 24, 82, 1760 }, // U+1EB1
    { 19, 26, 297, 0, 26, 124, 1842 }, // U+1EB2
    { 13, 26, 220, 1, 25, 85, 1966 }, // U+1EB3
    { 19, 26, 297, 0, 26, 124, 2051 }, // U+1EB4
    { 13, 25, 220, 1, 24, 82, 2175 }, // U+1EB5
    { 19, 30, 297, 0, 24, 143, 2257 }, // U+1EB6
    { 13, 26, 220, 1, 20, 85, 2400 }, // U+1EB7
    { 14, 24, 252, 1, 18, 84, 2485 }, // U+1EB8
    { 11, 20, 208, 1, 14, 55, 2569 }, // U+1EB9
    { 14, 26, 252, 1, 26, 91, 2624 }, // U+1EBA
    { 11, 23, 208, 1, 22, 64, 2715 }, // U+1EBB
    { 14, 24, 252, 1, 24, 84, 2779 }, // U+1EBC
    { 11, 21, 208, 1, 20, 58, 2863 }, // U+1EBD
    { 14, 26, 252, 1, 26, 91, 2921 }, // U+1EBE
    { 13, 25, 208, 1, 24, 82, 3012 }, // U+1EBF
    { 14, 26, 252, 1, 26, 91, 3094 }, // U+1EC0
    { 11, 25, 208, 1, 24, 69, 3185 }, // U+1EC1
    { 14, 26, 255, 1, 26, 91, 3254 }, // U+1EC2
    { 13, 25, 208, 1, 24, 82, 3345 }, // U+1EC3
    { 14, 26, 252, 1, 26, 91, 3427 }, // U+1EC4
    { 11, 25, 208, 1, 24, 69, 3518 }, // U+1EC5
    { 14, 30, 252, 1, 24, 105, 3587 }, // U+1EC6
    { 11, 26, 208, 1, 20, 72, 3692 }, // U+1EC7
    { 8, 26, 151, 1, 26, 52, 3764 }, // U+1EC8
    { 8, 22, 132, 0, 22, 44, 3816 }, // U+1EC9
    { 8, 24, 151, 1, 18, 48, 3860 }, // U+1ECA
    { 8, 26, 132, 0, 20, 52, 3908 }, // U+1ECB
    { 18, 24, 311, 1, 18, 108, 3960 }, // U+1ECC
    { 13, 20, 238, 1, 14, 65, 4068 }, // U+1ECD
    { 18, 27, 311, 1, 26, 122, 4133 }, // U+1ECE
    { 13, 23, 238, 1, 22, 75, 4255 }, // U+1ECF
    { 18, 27, 311, 1, 26, 122, 4330 }, // U+1ED0
    { 13, 25, 238, 1, 24, 82, 4452 }, // U+1ED1
    { 18, 27, 311, 1, 26, 122, 4534 }, // U+1ED2
    { 13, 25, 238, 1, 24, 82, 4656 }, // U+1ED3
    { 18, 27, 311, 1, 26, 122, 4738 }, // U+1ED4
    { 14, 25, 238, 1, 24, 88, 4860 }, // U+1ED5
    { 18, 27, 311, 1, 26, 122, 4948 }, // U+1ED6
    { 13, 25, 238, 1, 24, 82, 5070 }, // U+1ED7
    { 18, 30, 311, 1, 24, 135, 5152 }, // U+1ED8
    { 13, 26, 238, 1, 20, 85, 5287 }, // U+1ED9
    { 19, 25, 311, 1, 24, 119, 5372 }, // U+1EDA
    { 15, 22, 238, 1, 21, 83, 5491 }, // U+1EDB
    { 19, 25, 311, 1, 24, 119, 5574 }, // U+1EDC
    { 15, 22, 238, 1, 21, 83, 5693 }, // U+1EDD
    { 19, 27, 311, 1, 26, 129, 5776 }, // U+1EDE
    { 15, 23, 238, 1, 22, 87, 5905 }, // U+1EDF
    { 19, 25, 311, 1, 24, 119, 5992 }, // U+1EE0
    { 15, 21, 238, 1, 20, 79, 6111 }, // U+1EE1
    { 19, 27, 311, 1, 21, 129, 6190 }, // U+1EE2
    { 15, 22, 238, 1, 16, 83, 6319 }, // U+1EE3
    { 19, 24, 309, 0, 18, 114, 6402 }, // U+1EE4
    { 17, 20, 260, 0, 14, 85, 6516 }, // U+1EE5
    { 19, 27, 309, 0, 26, 129, 6601 }, // U+1EE6
    { 17, 23, 260, 0, 22, 98, 6730 }, // U+1EE7
    { 20, 25, 309, 0, 24, 125, 6828 }, // U+1EE8
    { 17, 22, 260, 0, 21, 94, 6953 }, // U+1EE9
    { 20, 25, 309, 0, 24, 125, 7047 }, // U+1EEA
    { 17, 22, 260, 0, 21, 94, 7172 }, // U+1EEB
    { 20, 27, 309, 0, 26, 135, 7266 }, // U+1EEC
    { 17, 23, 260, 0, 22, 98, 7401 }, // U+1EED
    { 20, 25, 309, 0, 24, 125, 7499 }, // U+1EEE
    { 17, 21, 260, 0, 20, 90, 7624 }, // U+1EEF
    { 20, 27, 309, 0, 21, 135, 7714 }, // U+1EF0
    { 17, 22, 260, 0, 16, 94, 7849 }, // U+1EF1
    { 17, 24, 274, 0, 24, 102, 7943 }, // U+1EF2
    { 15, 27, 240, 0, 21, 102, 8045 }, // U+1EF3
    { 17, 24, 274, 0, 18, 102, 8147 }, // U+1EF4
    { 15, 19, 240, 0, 13, 72, 8249 }, // U+1EF5
    { 17, 26, 274, 0, 26, 111, 8321 }, // U+1EF6
    { 15, 28, 240, 0, 22, 105, 8432 }, // U+1EF7
    { 17, 24, 274, 0, 24, 102, 8537 }, // U+1EF8
    { 15, 26, 240, 0, 20, 98, 8639 }, // U+1EF9
    { 0, 0, 200, 0, 0, 0, 0 }, // U+2000
    { 0, 0, 400, 0, 0, 0, 0 }, // U+2001
    { 0, 0, 200, 0, 0, 0, 0 }, // U+2002
    { 0, 0, 400, 0, 0, 0, 0 }, // U+2003
    { 0, 0, 133, 0, 0, 0, 0 }, // U+2004
    { 0, 0, 100, 0, 0, 0, 0 }, // U+2005
    { 0, 0, 66, 0, 0, 0, 0 }, // U+2006
    { 0, 0, 249, 0, 0, 0, 0 }, // U+2007
    { 0, 0, 109, 0, 0, 0, 0 }, // U+2008
    { 0, 0, 80, 0, 0, 0, 0 }, // U+2009
    { 0, 0, 20, 0, 0, 0, 0 }, // U+200A
    { 0, 0, 0, 0, 0, 0, 0 }, // U+200B
    { 2, 21, 0, -1, 15, 11, 0 }, // U+200C
    { 6, 23, 0, -3, 17, 35, 11 }, // U+200D
    { 8, 24, 0, -4, 18, 48, 46 }, // U+200E
    { 8, 24, 0, -4, 18, 48, 94 }, // U+200F
    { 8, 3, 150, 1, 8, 6, 142 }, // U+2010
    { 8, 3, 150, 1, 8, 6, 148 }, // U+2011
    { 12, 3, 249, 2, 10, 9, 154 }, // U+2012
    { 13, 3, 200, 0, 8, 10, 163 }, // U+2013
    { 25, 3, 400, 0, 8, 19, 173 }, // U+2014
    { 25, 3, 400, 0, 8, 19, 192 }, // U+2015
    { 8, 26, 200, 2, 20, 52, 211 }, // U+2016
    { 13, 6, 200, 0, -1, 20, 263 }, // U+2017
    { 5, 8, 95, 1, 19, 10, 283 }, // U+2018
    { 5, 8, 95, 0, 19, 10, 293 }, // U+2019
    { 5, 9, 95, 0, 4, 12, 303 }, // U+201A
    { 5, 8, 95, 1, 19, 10, 315 }, // U+201B
    { 10, 8, 175, 1, 19, 20, 325 }, // U+201C
    { 10, 8, 175, 0, 19, 20, 345 }, // U+201D
    { 10, 9, 176, 0, 4, 23, 365 }, // U+201E
    { 10, 8, 175, 1, 19, 20, 388 }, // U+201F
    { 12, 17, 200, 0, 18, 51, 408 }, // U+2020
    { 12, 20, 200, 0, 18, 60, 459 }, // U+2021
    { 6, 6, 120, 1, 9, 9, 519 }, // U+2022
    { 9, 9, 249, 3, 13, 21, 528 }, // U+2023
    { 5, 4, 109, 1, 3, 5, 549 }, // U+2024
    { 11, 5, 200, 1, 4, 14, 554 }, // U+2025
    { 21, 5, 400, 2, 4, 27, 568 }, // U+2026
    { 5, 4, 109, 1, 9, 5, 595 }, // U+2027
    { 0, 0, 0, 0, 0, 0, 600 }, // U+2028
    { 0, 0, 0, 0, 0, 0, 600 }, // U+2029
    { 8, 24, 0, -4, 18, 48, 600 }, // U+202A
    { 8, 24, 0, -4, 18, 48, 648 }, // U+202B
    { 8, 24, 0, -4, 18, 48, 696 }, // U+202C
    { 11, 24, 0, -5, 18, 66, 744 }, // U+202D
    { 11, 24, 0, -5, 18, 66, 810 }, // U+202E
    { 0, 0, 43, 0, 0, 0, 876 }, // U+202F
    { 32, 21, 551, 1, 19, 168, 876 }, // U+2030
    { 5, 9, 105, 1, 18, 12, 1044 }, // U+2032
    { 10, 9, 183, 1, 18, 23, 1056 }, // U+2033
    { 15, 9, 261, 1, 18, 34, 1079 }, // U+2034
    { 6, 9, 105, 0, 18, 14, 1113 }, // U+2035
    { 11, 9, 192, 0, 18, 25, 1127 }, // U+2036
    { 17, 9, 279, 0, 18, 39, 1152 }, // U+2037
    { 11, 6, 200, 1, 0, 17, 1191 }, // U+2038
    { 7, 10, 128, 0, 11, 18, 1208 }, // U+2039
    { 7, 10, 128, 1, 11, 18, 1226 }, // U+203A
    { 16, 18, 249, 0, 17, 72, 1244 }, // U+203B
    { 11, 20, 218, 2, 19, 55, 1316 }, // U+203C
    { 13, 3, 200, 0, 21, 10, 1371 }, // U+203E
    { 6, 3, 120, 1, 8, 5, 1381 }, // U+2043
    { 13, 21, 73, -4, 19, 69, 1386 }, // U+2044
    { 20, 20, 357, 1, 19, 100, 1455 }, // U+2047
    { 17, 20, 299, 1, 19, 85, 1555 }, // U+2048
    { 16, 20, 299, 2, 19, 80, 1640 }, // U+2049
    { 15, 5, 400, 5, 10, 19, 1720 }, // U+2053
    { 20, 9, 339, 1, 18, 45, 1739 }, // U+2057
    { 0, 0, 89, 0, 0, 0, 1784 }, // U+205F
    { 0, 0, 0, 0, 0, 0, 1784 }, // U+2060
    { 0, 0, 0, 0, 0, 0, 1784 }, // U+2061
    { 0, 0, 0, 0, 0, 0, 1784 }, // U+2062
    { 0, 0, 0, 0, 0, 0, 1784 }, // U+2063
    { 0, 0, 0, 0, 0, 0, 1784 }, // U+2064
    { 13, 18, 249, 1, 18, 59, 0 }, // U+20A3
    { 14, 19, 249, 1, 18, 67, 59 }, // U+20A4
    { 31, 19, 500, 0, 18, 148, 126 }, // U+20A7
    { 15, 19, 249, 0, 18, 72, 274 }, // U+20AC
    { 21, 20, 298, 0, 20, 105, 0 }, // U+FB00
    { 17, 20, 268, 0, 20, 85, 105 }, // U+FB01
    { 17, 20, 268, 0, 20, 85, 190 }, // U+FB02
    { 25, 20, 403, 0, 20, 125, 275 }, // U+FB03
    { 25, 20, 404, 0, 20, 125, 400 }, // U+FB04
    { 19, 21, 308, 0, 20, 100, 525 }, // U+FB05
    { 21, 21, 356, 1, 20, 111, 625 }, // U+FB06
    { 25, 24, 400, 0, 21, 150, 0 }, // U+FFFD
};

static const EpdUnicodeInterval bookerly_12_regularIntervals[] = {
    { 0x0, 0x0, 0x0 },
    { 0x8, 0x9, 0x1 },
    { 0xD, 0xD, 0x3 },
    { 0x1D, 0x1D, 0x4 },
    { 0x20, 0x7E, 0x5 },
    { 0xA0, 0xFF, 0x64 },
    { 0x100, 0x17F, 0xC4 },
    { 0x180, 0x181, 0x144 },
    { 0x187, 0x18A, 0x146 },
    { 0x18E, 0x18F, 0x14A },
    { 0x191, 0x193, 0x14C },
    { 0x197, 0x19A, 0x14F },
    { 0x1A0, 0x1A1, 0x153 },
    { 0x1A4, 0x1A5, 0x155 },
    { 0x1AB, 0x1B0, 0x157 },
    { 0x1B2, 0x1B7, 0x15D },
    { 0x1BB, 0x1BB, 0x163 },
    { 0x1C0, 0x1F5, 0x164 },
    { 0x1F8, 0x21F, 0x19A },
    { 0x221, 0x221, 0x1C2 },
    { 0x224, 0x237, 0x1C3 },
    { 0x23A, 0x240, 0x1D7 },
    { 0x243, 0x244, 0x1DE },
    { 0x246, 0x24F, 0x1E0 },
    { 0x1E00, 0x1E9B, 0x1EA },
    { 0x1E9E, 0x1E9E, 0x286 },
    { 0x1EA0, 0x1EF9, 0x287 },
    { 0x2000, 0x2030, 0x2E1 },
    { 0x2032, 0x203C, 0x312 },
    { 0x203E, 0x203E, 0x31D },
    { 0x2043, 0x2044, 0x31E },
    { 0x2047, 0x2049, 0x320 },
    { 0x2053, 0x2053, 0x323 },
    { 0x2057, 0x2057, 0x324 },
    { 0x205F, 0x2064, 0x325 },
    { 0x20A3, 0x20A4, 0x32B },
    { 0x20A7, 0x20A7, 0x32D },
    { 0x20AC, 0x20AC, 0x32E },
    { 0xFB00, 0xFB06, 0x32F },
    { 0xFFFD, 0xFFFD, 0x336 },
};

static const EpdFontGroup bookerly_12_regularGroups[] = {
    { 0, 3215, 5447, 100, 0 },
    { 3215, 3264, 6655, 96, 100 },
    { 6479, 4443, 10594, 128, 196 },
    { 10922, 6667, 15077, 166, 324 },
    { 17589, 5155, 14948, 157, 490 },
    { 22744, 2675, 8737, 90, 647 },
    { 25419, 1012, 1784, 74, 737 },
    { 26431, 254, 346, 4, 811 },
    { 26685, 356, 736, 7, 815 },
    { 27041, 105, 150, 1, 822 },
};

static const EpdKernClassEntry bookerly_12_regularKernLeftClasses[] = {
    { 0x0022, 1 }, // "
    { 0x0027, 1 }, // '
    { 0x0028, 2 }, // (
    { 0x002A, 3 }, // *
    { 0x002C, 4 }, // ,
    { 0x002D, 5 }, // -
    { 0x002E, 4 }, // .
    { 0x002F, 6 }, // /
    { 0x003A, 7 }, // :
    { 0x003B, 7 }, // ;
    { 0x0040, 8 }, // @
    { 0x0041, 9 }, // A
    { 0x0042, 10 }, // B
    { 0x0043, 11 }, // C
    { 0x0044, 12 }, // D
    { 0x0045, 13 }, // E
    { 0x0046, 14 }, // F
    { 0x0047, 15 }, // G
    { 0x0048, 16 }, // H
    { 0x0049, 16 }, // I
    { 0x004A, 17 }, // J
    { 0x004B, 18 }, // K
    { 0x004C, 19 }, // L
    { 0x004D, 20 }, // M
    { 0x004E, 21 }, // N
    { 0x004F, 12 }, // O
    { 0x0050, 22 }, // P
    { 0x0051, 23 }, // Q
    { 0x0052, 24 }, // R
    { 0x0053, 25 }, // S
    { 0x0054, 26 }, // T
    { 0x0055, 27 }, // U
    { 0x0056, 28 }, // V
    { 0x0057, 28 }, // W
    { 0x0058, 29 }, // X
    { 0x0059, 30 }, // Y
    { 0x005A, 31 }, // Z
    { 0x005B, 32 }, // [
    { 0x005C, 33 }, // <backslash>
    { 0x0061, 34 }, // a
    { 0x0062, 35 }, // b
    { 0x0063, 36 }, // c
    { 0x0064, 37 }, // d
    { 0x0065, 38 }, // e
    { 0x0066, 39 }, // f
    { 0x0067, 40 }, // g
    { 0x0068, 41 }, // h
    { 0x0069, 42 }, // i
    { 0x006A, 43 }, // j
    { 0x006B, 44 }, // k
    { 0x006C, 45 }, // l
    { 0x006D, 41 }, // m
    { 0x006E, 41 }, // n
    { 0x006F, 35 }, // o
    { 0x0070, 35 }, // p
    { 0x0071, 46 }, // q
    { 0x0072, 47 }, // r
    { 0x0073, 48 }, // s
    { 0x0074, 49 }, // t
    { 0x0075, 50 }, // u
    { 0x0076, 51 }, // v
    { 0x0077, 51 }, // w
    { 0x0078, 52 }, // x
    { 0x0079, 51 }, // y
    { 0x007A, 53 }, // z
    { 0x007B, 54 }, // {
    { 0x00A1, 55 }, // U+00A1
    { 0x00AB, 56 }, // U+00AB
    { 0x00AD, 5 }, // U+00AD
    { 0x00BB, 57 }, // U+00BB
    { 0x00BF, 58 }, // U+00BF
    { 0x00C0, 9 }, // U+00C0
    { 0x00C1, 9 }, // U+00C1
    { 0x00C2, 9 }, // U+00C2
    { 0x00C3, 9 }, // U+00C3
    { 0x00C4, 9 }, // U+00C4
    { 0x00C5, 9 }, // U+00C5
    { 0x00C6, 13 }, // U+00C6
    { 0x00C7, 11 }, // U+00C7
    { 0x00C8, 13 }, // U+00C8
    { 0x00C9, 13 }, // U+00C9
    { 0x00CA, 13 }, // U+00CA
    { 0x00CB, 13 }, // U+00CB
    { 0x00CC, 16 }, // U+00CC
    { 0x00CD, 16 }, // U+00CD
    { 0x00CE, 16 }, // U+00CE
    { 0x00CF, 16 }, // U+00CF
    { 0x00D0, 12 }, // U+00D0
    { 0x00D1, 21 }, // U+00D1
    { 0x00D2, 12 }, // U+00D2
    { 0x00D3, 12 }, // U+00D3
    { 0x00D4, 12 }, // U+00D4
    { 0x00D5, 12 }, // U+00D5
    { 0x00D6, 12 }, // U+00D6
    { 0x00D8, 59 }, // U+00D8
    { 0x00D9, 27 }, // U+00D9
    { 0x00DA, 27 }, // U+00DA
    { 0x00DB, 27 }, // U+00DB
    { 0x00DC, 27 }, // U+00DC
    { 0x00DD, 30 }, // U+00DD
    { 0x00DE, 60 }, // U+00DE
    { 0x00DF, 61 }, // U+00DF
    { 0x00E0, 34 }, // U+00E0
    { 0x00E1, 34 }, // U+00E1
    { 0x00E2, 34 }, // U+00E2
    { 0x00E3, 34 }, // U+00E3
    { 0x00E4, 34 }, // U+00E4
    { 0x00E5, 34 }, // U+00E5
    { 0x00E6, 38 }, // U+00E6
    { 0x00E7, 36 }, // U+00E7
    { 0x00E8, 38 }, // U+00E8
    { 0x00E9, 38 }, // U+00E9
    { 0x00EA, 38 }, // U+00EA
    { 0x00EB, 38 }, // U+00EB
    { 0x00EC, 42 }, // U+00EC
    { 0x00ED, 42 }, // U+00ED
    { 0x00EE, 62 }, // U+00EE
    { 0x00EF, 62 }, // U+00EF
    { 0x00F0, 63 }, // U+00F0
    { 0x00F1, 41 }, // U+00F1
    { 0x00F2, 35 }, // U+00F2
    { 0x00F3, 35 }, // U+00F3
    { 0x00F4, 35 }, // U+00F4
    { 0x00F5, 35 }, // U+00F5
    { 0x00F6, 35 }, // U+00F6
    { 0x00F8, 64 }, // U+00F8
    { 0x00F9, 50 }, // U+00F9
    { 0x00FA, 50 }, // U+00FA
    { 0x00FB, 50 }, // U+00FB
    { 0x00FC, 50 }, // U+00FC
    { 0x00FD, 51 }, // U+00FD
    { 0x00FE, 35 }, // U+00FE
    { 0x00FF, 51 }, // U+00FF
    { 0x0100, 9 }, // U+0100
    { 0x0101, 34 }, // U+0101
    { 0x0102, 9 }, // U+0102
    { 0x0103, 34 }, // U+0103
    { 0x0104, 65 }, // U+0104
    { 0x0105, 66 }, // U+0105
    { 0x0106, 11 }, // U+0106
    { 0x0107, 36 }, // U+0107
    { 0x0108, 11 }, // U+0108
    { 0x0109, 36 }, // U+0109
    { 0x010A, 11 }, // U+010A
    { 0x010B, 36 }, // U+010B
    { 0x010C, 11 }, // U+010C
    { 0x010D, 36 }, // U+010D
    { 0x010E, 12 }, // U+010E
    { 0x010F, 67 }, // U+010F
    { 0x0110, 12 }, // U+0110
    { 0x0111, 37 }, // U+0111
    { 0x0112, 13 }, // U+0112
    { 0x0113, 38 }, // U+0113
    { 0x0114, 13 }, // U+0114
    { 0x0115, 38 }, // U+0115
    { 0x0116, 13 }, // U+0116
    { 0x0117, 38 }, // U+0117
    { 0x0118, 68 }, // U+0118
    { 0x0119, 69 }, // U+0119
    { 0x011A, 13 }, // U+011A
    { 0x011B, 38 }, // U+011B
    { 0x011C, 15 }, // U+011C
    { 0x011D, 40 }, // U+011D
    { 0x011E, 15 }, // U+011E
    { 0x011F, 40 }, // U+011F
    { 0x0120, 15 }, // U+0120
    { 0x0121, 40 }, // U+0121
    { 0x0122, 15 }, // U+0122
    { 0x0123, 40 }, // U+0123
    { 0x0124, 16 }, // U+0124
    { 0x0125, 41 }, // U+0125
    { 0x0126, 16 }, // U+0126
    { 0x0127, 41 }, // U+0127
    { 0x0128, 16 }, // U+0128
    { 0x0129, 62 }, // U+0129
    { 0x012A, 16 }, // U+012A
    { 0x012B, 62 }, // U+012B
    { 0x012C, 16 }, // U+012C
    { 0x012D, 62 }, // U+012D
    { 0x012E, 70 }, // U+012E
    { 0x012F, 71 }, // U+012F
    { 0x0130, 16 }, // U+0130
    { 0x0131, 42 }, // U+0131
    { 0x0132, 17 }, // U+0132
    { 0x0133, 43 }, // U+0133
    { 0x0134, 17 }, // U+0134
    { 0x0135, 72 }, // U+0135
    { 0x0136, 18 }, // U+0136
    { 0x0137, 44 }, // U+0137
    { 0x0138, 44 }, // U+0138
    { 0x0139, 19 }, // U+0139
    { 0x013A, 45 }, // U+013A
    { 0x013B, 19 }, // U+013B
    { 0x013C, 45 }, // U+013C
    { 0x013E, 67 }, // U+013E
    { 0x0141, 19 }, // U+0141
    { 0x0142, 73 }, // U+0142
    { 0x0143, 21 }, // U+0143
    { 0x0144, 41 }, // U+0144
    { 0x0145, 21 }, // U+0145
    { 0x0146, 41 }, // U+0146
    { 0x0147, 21 }, // U+0147
    { 0x0148, 41 }, // U+0148
    { 0x0149, 41 }, // U+0149
    { 0x014A, 21 }, // U+014A
    { 0x014B, 41 }, // U+014B
    { 0x014C, 12 }, // U+014C
    { 0x014D, 35 }, // U+014D
    { 0x014E, 12 }, // U+014E
    { 0x014F, 35 }, // U+014F
    { 0x0150, 12 }, // U+0150
    { 0x0151, 35 }, // U+0151
    { 0x0152, 13 }, // U+0152
    { 0x0153, 38 }, // U+0153
    { 0x0154, 24 }, // U+0154
    { 0x0155, 47 }, // U+0155
    { 0x0156, 24 }, // U+0156
    { 0x0157, 47 }, // U+0157
    { 0x0158, 24 }, // U+0158
    { 0x0159, 47 }, // U+0159
    { 0x015A, 25 }, // U+015A
    { 0x015B, 48 }, // U+015B
    { 0x015C, 25 }, // U+015C
    { 0x015D, 48 }, // U+015D
    { 0x015E, 25 }, // U+015E
    { 0x015F, 48 }, // U+015F
    { 0x0160, 25 }, // U+0160
    { 0x0161, 48 }, // U+0161
    { 0x0162, 26 }, // U+0162
    { 0x0163, 74 }, // U+0163
    { 0x0164, 26 }, // U+0164
    { 0x0166, 26 }, // U+0166
    { 0x0167, 49 }, // U+0167
    { 0x0168, 27 }, // U+0168
    { 0x0169, 50 }, // U+0169
    { 0x016A, 27 }, // U+016A
    { 0x016B, 50 }, // U+016B
    { 0x016C, 27 }, // U+016C
    { 0x016D, 50 }, // U+016D
    { 0x016E, 27 }, // U+016E
    { 0x016F, 50 }, // U+016F
    { 0x0170, 27 }, // U+0170
    { 0x0171, 50 }, // U+0171
    { 0x0172, 27 }, // U+0172
    { 0x0173, 75 }, // U+0173
    { 0x0174, 28 }, // U+0174
    { 0x0175, 51 }, // U+0175
    { 0x0176, 30 }, // U+0176
    { 0x0177, 51 }, // U+0177
    { 0x0178, 30 }, // U+0178
    { 0x0179, 31 }, // U+0179
    { 0x017A, 53 }, // U+017A
    { 0x017B, 31 }, // U+017B
    { 0x017C, 53 }, // U+017C
    { 0x017D, 31 }, // U+017D
    { 0x017E, 53 }, // U+017E
    { 0x0180, 35 }, // U+0180
    { 0x0181, 10 }, // U+0181
    { 0x0187, 76 }, // U+0187
    { 0x0188, 77 }, // U+0188
    { 0x0189, 12 }, // U+0189
    { 0x018A, 12 }, // U+018A
    { 0x018E, 16 }, // U+018E
    { 0x018F, 12 }, // U+018F
    { 0x0191, 14 }, // U+0191
    { 0x0192, 39 }, // U+0192
    { 0x0193, 15 }, // U+0193
    { 0x0197, 16 }, // U+0197
    { 0x0198, 18 }, // U+0198
    { 0x019A, 45 }, // U+019A
    { 0x01A0, 78 }, // U+01A0
    { 0x01A1, 79 }, // U+01A1
    { 0x01A4, 22 }, // U+01A4
    { 0x01A5, 35 }, // U+01A5
    { 0x01AB, 49 }, // U+01AB
    { 0x01AC, 26 }, // U+01AC
    { 0x01AD, 39 }, // U+01AD
    { 0x01AE, 26 }, // U+01AE
    { 0x01AF, 80 }, // U+01AF
    { 0x01B0, 81 }, // U+01B0
    { 0x01B3, 82 }, // U+01B3
    { 0x01B4, 83 }, // U+01B4
    { 0x01B5, 31 }, // U+01B5
    { 0x01B6, 53 }, // U+01B6
    { 0x01C2, 84 }, // U+01C2
    { 0x01C4, 31 }, // U+01C4
    { 0x01C5, 53 }, // U+01C5
    { 0x01C6, 53 }, // U+01C6
    { 0x01C7, 17 }, // U+01C7
    { 0x01C8, 43 }, // U+01C8
    { 0x01C9, 43 }, // U+01C9
    { 0x01CA, 17 }, // U+01CA
    { 0x01CB, 43 }, // U+01CB
    { 0x01CC, 43 }, // U+01CC
    { 0x01CD, 9 }, // U+01CD
    { 0x01CE, 34 }, // U+01CE
    { 0x01CF, 16 }, // U+01CF
    { 0x01D0, 62 }, // U+01D0
    { 0x01D1, 12 }, // U+01D1
    { 0x01D2, 35 }, // U+01D2
    { 0x01D3, 27 }, // U+01D3
    { 0x01D4, 50 }, // U+01D4
    { 0x01D5, 27 }, // U+01D5
    { 0x01D6, 50 }, // U+01D6
    { 0x01D7, 27 }, // U+01D7
    { 0x01D8, 50 }, // U+01D8
    { 0x01D9, 27 }, // U+01D9
    { 0x01DA, 50 }, // U+01DA
    { 0x01DB, 27 }, // U+01DB
    { 0x01DC, 50 }, // U+01DC
    { 0x01DD, 35 }, // U+01DD
    { 0x01DE, 9 }, // U+01DE
    { 0x01DF, 34 }, // U+01DF
    { 0x01E0, 9 }, // U+01E0
    { 0x01E1, 34 }, // U+01E1
    { 0x01E2, 13 }, // U+01E2
    { 0x01E3, 38 }, // U+01E3
    { 0x01E4, 15 }, // U+01E4
    { 0x01E5, 85 }, // U+01E5
    { 0x01E6, 15 }, // U+01E6
    { 0x01E7, 40 }, // U+01E7
    { 0x01E8, 18 }, // U+01E8
    { 0x01E9, 44 }, // U+01E9
    { 0x01EA, 12 }, // U+01EA
    { 0x01EB, 35 }, // U+01EB
    { 0x01EC, 12 }, // U+01EC
    { 0x01ED, 35 }, // U+01ED
    { 0x01EF, 86 }, // U+01EF
    { 0x01F0, 72 }, // U+01F0
    { 0x01F1, 31 }, // U+01F1
    { 0x01F2, 53 }, // U+01F2
    { 0x01F3, 53 }, // U+01F3
    { 0x01F4, 15 }, // U+01F4
    { 0x01F5, 40 }, // U+01F5
    { 0x01F8, 21 }, // U+01F8
    { 0x01F9, 41 }, // U+01F9
    { 0x01FA, 9 }, // U+01FA
    { 0x01FB, 34 }, // U+01FB
    { 0x01FC, 13 }, // U+01FC
    { 0x01FD, 38 }, // U+01FD
    { 0x01FE, 87 }, // U+01FE
    { 0x01FF, 35 }, // U+01FF
    { 0x0200, 9 }, // U+0200
    { 0x0201, 34 }, // U+0201
    { 0x0202, 9 }, // U+0202
    { 0x0203, 34 }, // U+0203
    { 0x0204, 13 }, // U+0204
    { 0x0205, 38 }, // U+0205
    { 0x0206, 13 }, // U+0206
    { 0x0207, 38 }, // U+0207
    { 0x0208, 16 }, // U+0208
    { 0x0209, 62 }, // U+0209
    { 0x020A, 16 }, // U+020A
    { 0x020B, 62 }, // U+020B
    { 0x020C, 12 }, // U+020C
    { 0x020D, 35 }, // U+020D
    { 0x020E, 12 }, // U+020E
    { 0x020F, 35 }, // U+020F
    { 0x0210, 24 }, // U+0210
    { 0x0211, 47 }, // U+0211
    { 0x0212, 24 }, // U+0212
    { 0x0213, 47 }, // U+0213
    { 0x0214, 27 }, // U+0214
    { 0x0215, 50 }, // U+0215
    { 0x0216, 27 }, // U+0216
    { 0x0217, 50 }, // U+0217
    { 0x0218, 25 }, // U+0218
    { 0x0219, 48 }, // U+0219
    { 0x021A, 26 }, // U+021A
    { 0x021B, 49 }, // U+021B
    { 0x021C, 10 }, // U+021C
    { 0x021D, 88 }, // U+021D
    { 0x021E, 16 }, // U+021E
    { 0x021F, 41 }, // U+021F
    { 0x0221, 89 }, // U+0221
    { 0x0226, 9 }, // U+0226
    { 0x0227, 34 }, // U+0227
    { 0x0228, 13 }, // U+0228
    { 0x0229, 38 }, // U+0229
    { 0x022A, 12 }, // U+022A
    { 0x022B, 35 }, // U+022B
    { 0x022C, 12 }, // U+022C
    { 0x022D, 35 }, // U+022D
    { 0x022E, 12 }, // U+022E
    { 0x022F, 35 }, // U+022F
    { 0x0230, 12 }, // U+0230
    { 0x0231, 35 }, // U+0231
    { 0x0232, 30 }, // U+0232
    { 0x0233, 51 }, // U+0233
    { 0x0234, 89 }, // U+0234
    { 0x0235, 89 }, // U+0235
    { 0x0237, 43 }, // U+0237
    { 0x023A, 9 }, // U+023A
    { 0x023B, 11 }, // U+023B
    { 0x023C, 36 }, // U+023C
    { 0x023D, 19 }, // U+023D
    { 0x023E, 26 }, // U+023E
    { 0x023F, 48 }, // U+023F
    { 0x0240, 90 }, // U+0240
    { 0x0243, 10 }, // U+0243
    { 0x0244, 91 }, // U+0244
    { 0x0246, 13 }, // U+0246
    { 0x0247, 38 }, // U+0247
    { 0x0248, 17 }, // U+0248
    { 0x0249, 92 }, // U+0249
    { 0x024A, 93 }, // U+024A
    { 0x024B, 94 }, // U+024B
    { 0x024C, 24 }, // U+024C
    { 0x024D, 47 }, // U+024D
    { 0x024E, 30 }, // U+024E
    { 0x024F, 51 }, // U+024F
    { 0x1E00, 9 }, // U+1E00
    { 0x1E01, 34 }, // U+1E01
    { 0x1E02, 10 }, // U+1E02
    { 0x1E03, 35 }, // U+1E03
    { 0x1E04, 10 }, // U+1E04
    { 0x1E05, 35 }, // U+1E05
    { 0x1E06, 10 }, // U+1E06
    { 0x1E07, 35 }, // U+1E07
    { 0x1E08, 11 }, // U+1E08
    { 0x1E09, 36 }, // U+1E09
    { 0x1E0A, 12 }, // U+1E0A
    { 0x1E0B, 37 }, // U+1E0B
    { 0x1E0C, 12 }, // U+1E0C
    { 0x1E0D, 37 }, // U+1E0D
    { 0x1E0E, 12 }, // U+1E0E
    { 0x1E0F, 37 }, // U+1E0F
    { 0x1E10, 12 }, // U+1E10
    { 0x1E11, 37 }, // U+1E11
    { 0x1E12, 12 }, // U+1E12
    { 0x1E13, 37 }, // U+1E13
    { 0x1E14, 13 }, // U+1E14
    { 0x1E15, 38 }, // U+1E15
    { 0x1E16, 13 }, // U+1E16
    { 0x1E17, 38 }, // U+1E17
    { 0x1E18, 13 }, // U+1E18
    { 0x1E19, 38 }, // U+1E19
    { 0x1E1A, 13 }, // U+1E1A
    { 0x1E1B, 38 }, // U+1E1B
    { 0x1E1C, 13 }, // U+1E1C
    { 0x1E1D, 38 }, // U+1E1D
    { 0x1E1E, 14 }, // U+1E1E
    { 0x1E1F, 39 }, // U+1E1F
    { 0x1E20, 15 }, // U+1E20
    { 0x1E21, 40 }, // U+1E21
    { 0x1E22, 16 }, // U+1E22
    { 0x1E23, 41 }, // U+1E23
    { 0x1E24, 16 }, // U+1E24
    { 0x1E25, 41 }, // U+1E25
    { 0x1E26, 16 }, // U+1E26
    { 0x1E27, 41 }, // U+1E27
    { 0x1E28, 16 }, // U+1E28
    { 0x1E29, 41 }, // U+1E29
    { 0x1E2A, 16 }, // U+1E2A
    { 0x1E2B, 41 }, // U+1E2B
    { 0x1E2C, 16 }, // U+1E2C
    { 0x1E2D, 42 }, // U+1E2D
    { 0x1E2E, 16 }, // U+1E2E
    { 0x1E2F, 62 }, // U+1E2F
    { 0x1E30, 18 }, // U+1E30
    { 0x1E31, 44 }, // U+1E31
    { 0x1E32, 18 }, // U+1E32
    { 0x1E33, 44 }, // U+1E33
    { 0x1E34, 18 }, // U+1E34
    { 0x1E35, 44 }, // U+1E35
    { 0x1E36, 19 }, // U+1E36
    { 0x1E37, 45 }, // U+1E37
    { 0x1E38, 19 }, // U+1E38
    { 0x1E39, 45 }, // U+1E39
    { 0x1E3A, 19 }, // U+1E3A
    { 0x1E3B, 45 }, // U+1E3B
    { 0x1E3C, 19 }, // U+1E3C
    { 0x1E3D, 45 }, // U+1E3D
    { 0x1E3E, 20 }, // U+1E3E
    { 0x1E3F, 41 }, // U+1E3F
    { 0x1E40, 20 }, // U+1E40
    { 0x1E41, 41 }, // U+1E41
    { 0x1E42, 20 }, // U+1E42
    { 0x1E43, 41 }, // U+1E43
    { 0x1E44, 21 }, // U+1E44
    { 0x1E45, 41 }, // U+1E45
    { 0x1E46, 21 }, // U+1E46
    { 0x1E47, 41 }, // U+1E47
    { 0x1E48, 21 }, // U+1E48
    { 0x1E49, 41 }, // U+1E49
    { 0x1E4A, 21 }, // U+1E4A
    { 0x1E4B, 41 }, // U+1E4B
    { 0x1E4C, 12 }, // U+1E4C
    { 0x1E4D, 35 }, // U+1E4D
    { 0x1E4E, 12 }, // U+1E4E
    { 0x1E4F, 35 }, // U+1E4F
    { 0x1E50, 12 }, // U+1E50
    { 0x1E51, 35 }, // U+1E51
    { 0x1E52, 12 }, // U+1E52
    { 0x1E53, 35 }, // U+1E53
    { 0x1E54, 22 }, // U+1E54
    { 0x1E55, 35 }, // U+1E55
    { 0x1E56, 22 }, // U+1E56
    { 0x1E57, 35 }, // U+1E57
    { 0x1E58, 24 }, // U+1E58
    { 0x1E59, 47 }, // U+1E59
    { 0x1E5A, 24 }, // U+1E5A
    { 0x1E5B, 47 }, // U+1E5B
    { 0x1E5C, 24 }, // U+1E5C
    { 0x1E5D, 47 }, // U+1E5D
    { 0x1E5E, 24 }, // U+1E5E
    { 0x1E5F, 47 }, // U+1E5F
    { 0x1E60, 25 }, // U+1E60
    { 0x1E61, 48 }, // U+1E61
    { 0x1E62, 25 }, // U+1E62
    { 0x1E63, 48 }, // U+1E63
    { 0x1E64, 25 }, // U+1E64
    { 0x1E65, 48 }, // U+1E65
    { 0x1E66, 25 }, // U+1E66
    { 0x1E67, 48 }, // U+1E67
    { 0x1E68, 25 }, // U+1E68
    { 0x1E69, 48 }, // U+1E69
    { 0x1E6A, 26 }, // U+1E6A
    { 0x1E6B, 49 }, // U+1E6B
    { 0x1E6C, 26 }, // U+1E6C
    { 0x1E6D, 49 }, // U+1E6D
    { 0x1E6E, 26 }, // U+1E6E
    { 0x1E6F, 49 }, // U+1E6F
    { 0x1E70, 26 }, // U+1E70
    { 0x1E71, 49 }, // U+1E71
    { 0x1E72, 27 }, // U+1E72
    { 0x1E73, 50 }, // U+1E73
    { 0x1E74, 27 }, // U+1E74
    { 0x1E75, 50 }, // U+1E75
    { 0x1E76, 27 }, // U+1E76
    { 0x1E77, 50 }, // U+1E77
    { 0x1E78, 27 }, // U+1E78
    { 0x1E79, 50 }, // U+1E79
    { 0x1E7A, 27 }, // U+1E7A
    { 0x1E7B, 50 }, // U+1E7B
    { 0x1E7C, 28 }, // U+1E7C
    { 0x1E7D, 51 }, // U+1E7D
    { 0x1E7E, 28 }, // U+1E7E
    { 0x1E7F, 51 }, // U+1E7F
    { 0x1E80, 28 }, // U+1E80
    { 0x1E81, 51 }, // U+1E81
    { 0x1E82, 28 }, // U+1E82
    { 0x1E83, 51 }, // U+1E83
    { 0x1E84, 28 }, // U+1E84
    { 0x1E85, 51 }, // U+1E85
    { 0x1E86, 28 }, // U+1E86
    { 0x1E87, 51 }, // U+1E87
    { 0x1E88, 28 }, // U+1E88
    { 0x1E89, 51 }, // U+1E89
    { 0x1E8A, 29 }, // U+1E8A
    { 0x1E8B, 52 }, // U+1E8B
    { 0x1E8C, 29 }, // U+1E8C
    { 0x1E8D, 52 }, // U+1E8D
    { 0x1E8E, 30 }, // U+1E8E
    { 0x1E8F, 51 }, // U+1E8F
    { 0x1E90, 31 }, // U+1E90
    { 0x1E91, 53 }, // U+1E91
    { 0x1E92, 31 }, // U+1E92
    { 0x1E93, 53 }, // U+1E93
    { 0x1E94, 31 }, // U+1E94
    { 0x1E95, 53 }, // U+1E95
    { 0x1E96, 41 }, // U+1E96
    { 0x1E97, 49 }, // U+1E97
    { 0x1E98, 51 }, // U+1E98
    { 0x1E99, 51 }, // U+1E99
    { 0x1E9A, 34 }, // U+1E9A
    { 0x1EA0, 9 }, // U+1EA0
    { 0x1EA1, 34 }, // U+1EA1
    { 0x1EA2, 9 }, // U+1EA2
    { 0x1EA3, 34 }, // U+1EA3
    { 0x1EA4, 9 }, // U+1EA4
    { 0x1EA5, 34 }, // U+1EA5
    { 0x1EA6, 9 }, // U+1EA6
    { 0x1EA7, 34 }, // U+1EA7
    { 0x1EA8, 9 }, // U+1EA8
    { 0x1EA9, 34 }, // U+1EA9
    { 0x1EAA, 9 }, // U+1EAA
    { 0x1EAB, 34 }, // U+1EAB
    { 0x1EAC, 9 }, // U+1EAC
    { 0x1EAD, 34 }, // U+1EAD
    { 0x1EAE, 9 }, // U+1EAE
    { 0x1EAF, 34 }, // U+1EAF
    { 0x1EB0, 9 }, // U+1EB0
    { 0x1EB1, 34 }, // U+1EB1
    { 0x1EB2, 9 }, // U+1EB2
    { 0x1EB3, 34 }, // U+1EB3
    { 0x1EB4, 9 }, // U+1EB4
    { 0x1EB5, 34 }, // U+1EB5
    { 0x1EB6, 9 }, // U+1EB6
    { 0x1EB7, 34 }, // U+1EB7
    { 0x1EB8, 13 }, // U+1EB8
    { 0x1EB9, 38 }, // U+1EB9
    { 0x1EBA, 13 }, // U+1EBA
    { 0x1EBB, 38 }, // U+1EBB
    { 0x1EBC, 13 }, // U+1EBC
    { 0x1EBD, 38 }, // U+1EBD
    { 0x1EBE, 13 }, // U+1EBE
    { 0x1EBF, 38 }, // U+1EBF
    { 0x1EC0, 13 }, // U+1EC0
    { 0x1EC1, 38 }, // U+1EC1
    { 0x1EC2, 13 }, // U+1EC2
    { 0x1EC3, 38 }, // U+1EC3
    { 0x1EC4, 13 }, // U+1EC4
    { 0x1EC5, 38 }, // U+1EC5
    { 0x1EC6, 13 }, // U+1EC6
    { 0x1EC7, 38 }, // U+1EC7
    { 0x1EC8, 16 }, // U+1EC8
    { 0x1EC9, 62 }, // U+1EC9
    { 0x1ECA, 16 }, // U+1ECA
    { 0x1ECB, 42 }, // U+1ECB
    { 0x1ECC, 12 }, // U+1ECC
    { 0x1ECD, 35 }, // U+1ECD
    { 0x1ECE, 12 }, // U+1ECE
    { 0x1ECF, 35 }, // U+1ECF
    { 0x1ED0, 12 }, // U+1ED0
    { 0x1ED1, 35 }, // U+1ED1
    { 0x1ED2, 12 }, // U+1ED2
    { 0x1ED3, 35 }, // U+1ED3
    { 0x1ED4, 12 }, // U+1ED4
    { 0x1ED5, 35 }, // U+1ED5
    { 0x1ED6, 12 }, // U+1ED6
    { 0x1ED7, 35 }, // U+1ED7
    { 0x1ED8, 12 }, // U+1ED8
    { 0x1ED9, 35 }, // U+1ED9
    { 0x1EDA, 78 }, // U+1EDA
    { 0x1EDB, 79 }, // U+1EDB
    { 0x1EDC, 78 }, // U+1EDC
    { 0x1EDD, 79 }, // U+1EDD
    { 0x1EDE, 78 }, // U+1EDE
    { 0x1EDF, 79 }, // U+1EDF
    { 0x1EE0, 78 }, // U+1EE0
    { 0x1EE1, 79 }, // U+1EE1
    { 0x1EE2, 78 }, // U+1EE2
    { 0x1EE3, 79 }, // U+1EE3
    { 0x1EE4, 27 }, // U+1EE4
    { 0x1EE5, 50 }, // U+1EE5
    { 0x1EE6, 27 }, // U+1EE6
    { 0x1EE7, 50 }, // U+1EE7
    { 0x1EE8, 80 }, // U+1EE8
    { 0x1EE9, 81 }, // U+1EE9
    { 0x1EEA, 80 }, // U+1EEA
    { 0x1EEB, 81 }, // U+1EEB
    { 0x1EEC, 80 }, // U+1EEC
    { 0x1EED, 81 }, // U+1EED
    { 0x1EEE, 80 }, // U+1EEE
    { 0x1EEF, 81 }, // U+1EEF
    { 0x1EF0, 80 }, // U+1EF0
    { 0x1EF1, 81 }, // U+1EF1
    { 0x1EF2, 30 }, // U+1EF2
    { 0x1EF3, 51 }, // U+1EF3
    { 0x1EF4, 30 }, // U+1EF4
    { 0x1EF5, 51 }, // U+1EF5
    { 0x1EF6, 30 }, // U+1EF6
    { 0x1EF7, 51 }, // U+1EF7
    { 0x1EF8, 30 }, // U+1EF8
    { 0x1EF9, 51 }, // U+1EF9
    { 0x2010, 5 }, // U+2010
    { 0x2011, 5 }, // U+2011
    { 0x2013, 5 }, // U+2013
    { 0x2014, 5 }, // U+2014
    { 0x2015, 5 }, // U+2015
    { 0x2018, 95 }, // U+2018
    { 0x2019, 96 }, // U+2019
    { 0x201A, 4 }, // U+201A
    { 0x201B, 95 }, // U+201B
    { 0x201C, 95 }, // U+201C
    { 0x201D, 96 }, // U+201D
    { 0x201E, 4 }, // U+201E
    { 0x201F, 95 }, // U+201F
    { 0x2025, 4 }, // U+2025
    { 0x2026, 4 }, // U+2026
    { 0x2039, 56 }, // U+2039
    { 0x203A, 57 }, // U+203A
    { 0xFB00, 39 }, // U+FB00
    { 0xFB01, 42 }, // U+FB01
    { 0xFB02, 45 }, // U+FB02
    { 0xFB03, 42 }, // U+FB03
    { 0xFB04, 45 }, // U+FB04
    { 0xFB05, 49 }, // U+FB05
    { 0xFB06, 49 }, // U+FB06
};

static const EpdKernClassEntry bookerly_12_regularKernRightClasses[] = {
    { 0x0021, 1 }, // !
    { 0x0022, 2 }, // "
    { 0x0027, 2 }, // '
    { 0x0029, 3 }, // )
    { 0x002A, 4 }, // *
    { 0x002C, 5 }, // ,
    { 0x002D, 6 }, // -
    { 0x002E, 7 }, // .
    { 0x002F, 8 }, // /
    { 0x003A, 9 }, // :
    { 0x003B, 10 }, // ;
    { 0x003F, 11 }, // ?
    { 0x0040, 12 }, // @
    { 0x0041, 13 }, // A
    { 0x0042, 14 }, // B
    { 0x0043, 15 }, // C
    { 0x0044, 14 }, // D
    { 0x0045, 14 }, // E
    { 0x0046, 14 }, // F
    { 0x0047, 15 }, // G
    { 0x0048, 14 }, // H
    { 0x0049, 14 }, // I
    { 0x004A, 16 }, // J
    { 0x004B, 14 }, // K
    { 0x004C, 14 }, // L
    { 0x004D, 17 }, // M
    { 0x004E, 14 }, // N
    { 0x004F, 15 }, // O
    { 0x0050, 14 }, // P
    { 0x0051, 15 }, // Q
    { 0x0052, 14 }, // R
    { 0x0053, 18 }, // S
    { 0x0054, 19 }, // T
    { 0x0055, 20 }, // U
    { 0x0056, 21 }, // V
    { 0x0057, 21 }, // W
    { 0x0058, 22 }, // X
    { 0x0059, 23 }, // Y
    { 0x005A, 24 }, // Z
    { 0x005C, 25 }, // <backslash>
    { 0x005D, 26 }, // ]
    { 0x0061, 27 }, // a
    { 0x0062, 28 }, // b
    { 0x0063, 29 }, // c
    { 0x0064, 29 }, // d
    { 0x0065, 29 }, // e
    { 0x0066, 30 }, // f
    { 0x0067, 31 }, // g
    { 0x0068, 32 }, // h
    { 0x0069, 33 }, // i
    { 0x006A, 34 }, // j
    { 0x006B, 32 }, // k
    { 0x006C, 32 }, // l
    { 0x006D, 35 }, // m
    { 0x006E, 35 }, // n
    { 0x006F, 29 }, // o
    { 0x0070, 36 }, // p
    { 0x0071, 29 }, // q
    { 0x0072, 35 }, // r
    { 0x0073, 37 }, // s
    { 0x0074, 38 }, // t
    { 0x0075, 39 }, // u
    { 0x0076, 40 }, // v
    { 0x0077, 40 }, // w
    { 0x0078, 41 }, // x
    { 0x0079, 42 }, // y
    { 0x007A, 43 }, // z
    { 0x007C, 44 }, // |
    { 0x007D, 45 }, // }
    { 0x00AB, 46 }, // U+00AB
    { 0x00AD, 6 }, // U+00AD
    { 0x00BB, 47 }, // U+00BB
    { 0x00BF, 48 }, // U+00BF
    { 0x00C0, 13 }, // U+00C0
    { 0x00C1, 13 }, // U+00C1
    { 0x00C2, 13 }, // U+00C2
    { 0x00C3, 13 }, // U+00C3
    { 0x00C4, 13 }, // U+00C4
    { 0x00C5, 13 }, // U+00C5
    { 0x00C6, 49 }, // U+00C6
    { 0x00C7, 15 }, // U+00C7
    { 0x00C8, 14 }, // U+00C8
    { 0x00C9, 14 }, // U+00C9
    { 0x00CA, 14 }, // U+00CA
    { 0x00CB, 14 }, // U+00CB
    { 0x00CC, 14 }, // U+00CC
    { 0x00CD, 14 }, // U+00CD
    { 0x00CE, 14 }, // U+00CE
    { 0x00CF, 14 }, // U+00CF
    { 0x00D0, 14 }, // U+00D0
    { 0x00D1, 14 }, // U+00D1
    { 0x00D2, 15 }, // U+00D2
    { 0x00D3, 15 }, // U+00D3
    { 0x00D4, 15 }, // U+00D4
    { 0x00D5, 15 }, // U+00D5
    { 0x00D6, 15 }, // U+00D6
    { 0x00D8, 50 }, // U+00D8
    { 0x00D9, 20 }, // U+00D9
    { 0x00DA, 20 }, // U+00DA
    { 0x00DB, 20 }, // U+00DB
    { 0x00DC, 20 }, // U+00DC
    { 0x00DD, 23 }, // U+00DD
    { 0x00DE, 14 }, // U+00DE
    { 0x00DF, 51 }, // U+00DF
    { 0x00E0, 27 }, // U+00E0
    { 0x00E1, 27 }, // U+00E1
    { 0x00E2, 27 }, // U+00E2
    { 0x00E3, 52 }, // U+00E3
    { 0x00E4, 53 }, // U+00E4
    { 0x00E5, 27 }, // U+00E5
    { 0x00E6, 27 }, // U+00E6
    { 0x00E7, 29 }, // U+00E7
    { 0x00E8, 29 }, // U+00E8
    { 0x00E9, 29 }, // U+00E9
    { 0x00EA, 29 }, // U+00EA
    { 0x00EB, 54 }, // U+00EB
    { 0x00EC, 55 }, // U+00EC
    { 0x00ED, 33 }, // U+00ED
    { 0x00EE, 56 }, // U+00EE
    { 0x00EF, 57 }, // U+00EF
    { 0x00F0, 29 }, // U+00F0
    { 0x00F1, 35 }, // U+00F1
    { 0x00F2, 29 }, // U+00F2
    { 0x00F3, 29 }, // U+00F3
    { 0x00F4, 29 }, // U+00F4
    { 0x00F5, 29 }, // U+00F5
    { 0x00F6, 29 }, // U+00F6
    { 0x00F8, 58 }, // U+00F8
    { 0x00F9, 39 }, // U+00F9
    { 0x00FA, 39 }, // U+00FA
    { 0x00FB, 39 }, // U+00FB
    { 0x00FC, 39 }, // U+00FC
    { 0x00FD, 42 }, // U+00FD
    { 0x00FE, 59 }, // U+00FE
    { 0x00FF, 42 }, // U+00FF
    { 0x0100, 13 }, // U+0100
    { 0x0101, 60 }, // U+0101
    { 0x0102, 13 }, // U+0102
    { 0x0103, 61 }, // U+0103
    { 0x0104, 13 }, // U+0104
    { 0x0105, 27 }, // U+0105
    { 0x0106, 15 }, // U+0106
    { 0x0107, 29 }, // U+0107
    { 0x0108, 15 }, // U+0108
    { 0x0109, 29 }, // U+0109
    { 0x010A, 15 }, // U+010A
    { 0x010B, 29 }, // U+010B
    { 0x010C, 15 }, // U+010C
    { 0x010D, 29 }, // U+010D
    { 0x010E, 14 }, // U+010E
    { 0x010F, 29 }, // U+010F
    { 0x0110, 14 }, // U+0110
    { 0x0111, 29 }, // U+0111
    { 0x0112, 14 }, // U+0112
    { 0x0113, 62 }, // U+0113
    { 0x0114, 14 }, // U+0114
    { 0x0115, 62 }, // U+0115
    { 0x0116, 14 }, // U+0116
    { 0x0117, 29 }, // U+0117
    { 0x0118, 14 }, // U+0118
    { 0x0119, 29 }, // U+0119
    { 0x011A, 14 }, // U+011A
    { 0x011B, 29 }, // U+011B
    { 0x011C, 15 }, // U+011C
    { 0x011D, 31 }, // U+011D
    { 0x011E, 15 }, // U+011E
    { 0x011F, 31 }, // U+011F
    { 0x0120, 15 }, // U+0120
    { 0x0121, 31 }, // U+0121
    { 0x0122, 15 }, // U+0122
    { 0x0123, 31 }, // U+0123
    { 0x0124, 14 }, // U+0124
    { 0x0125, 32 }, // U+0125
    { 0x0126, 14 }, // U+0126
    { 0x0127, 63 }, // U+0127
    { 0x0128, 14 }, // U+0128
    { 0x0129, 57 }, // U+0129
    { 0x012A, 14 }, // U+012A
    { 0x012B, 57 }, // U+012B
    { 0x012C, 14 }, // U+012C
    { 0x012D, 57 }, // U+012D
    { 0x012E, 14 }, // U+012E
    { 0x012F, 33 }, // U+012F
    { 0x0130, 14 }, // U+0130
    { 0x0131, 33 }, // U+0131
    { 0x0132, 14 }, // U+0132
    { 0x0133, 33 }, // U+0133
    { 0x0134, 16 }, // U+0134
    { 0x0135, 64 }, // U+0135
    { 0x0136, 14 }, // U+0136
    { 0x0137, 32 }, // U+0137
    { 0x0138, 35 }, // U+0138
    { 0x0139, 14 }, // U+0139
    { 0x013A, 32 }, // U+013A
    { 0x013B, 14 }, // U+013B
    { 0x013C, 32 }, // U+013C
    { 0x013D, 14 }, // U+013D
    { 0x013E, 32 }, // U+013E
    { 0x013F, 14 }, // U+013F
    { 0x0140, 32 }, // U+0140
    { 0x0141, 14 }, // U+0141
    { 0x0142, 65 }, // U+0142
    { 0x0143, 14 }, // U+0143
    { 0x0144, 35 }, // U+0144
    { 0x0145, 14 }, // U+0145
    { 0x0146, 35 }, // U+0146
    { 0x0147, 14 }, // U+0147
    { 0x0148, 35 }, // U+0148
    { 0x0149, 35 }, // U+0149
    { 0x014A, 14 }, // U+014A
    { 0x014B, 35 }, // U+014B
    { 0x014C, 15 }, // U+014C
    { 0x014D, 29 }, // U+014D
    { 0x014E, 15 }, // U+014E
    { 0x014F, 29 }, // U+014F
    { 0x0150, 15 }, // U+0150
    { 0x0151, 29 }, // U+0151
    { 0x0152, 15 }, // U+0152
    { 0x0153, 29 }, // U+0153
    { 0x0154, 14 }, // U+0154
    { 0x0155, 35 }, // U+0155
    { 0x0156, 14 }, // U+0156
    { 0x0157, 35 }, // U+0157
    { 0x0158, 14 }, // U+0158
    { 0x0159, 66 }, // U+0159
    { 0x015A, 18 }, // U+015A
    { 0x015B, 37 }, // U+015B
    { 0x015C, 18 }, // U+015C
    { 0x015D, 37 }, // U+015D
    { 0x015E, 18 }, // U+015E
    { 0x015F, 37 }, // U+015F
    { 0x0160, 18 }, // U+0160
    { 0x0161, 67 }, // U+0161
    { 0x0162, 19 }, // U+0162
    { 0x0163, 38 }, // U+0163
    { 0x0164, 19 }, // U+0164
    { 0x0165, 38 }, // U+0165
    { 0x0166, 19 }, // U+0166
    { 0x0167, 38 }, // U+0167
    { 0x0168, 20 }, // U+0168
    { 0x0169, 39 }, // U+0169
    { 0x016A, 20 }, // U+016A
    { 0x016B, 39 }, // U+016B
    { 0x016C, 20 }, // U+016C
    { 0x016D, 39 }, // U+016D
    { 0x016E, 20 }, // U+016E
    { 0x016F, 39 }, // U+016F
    { 0x0170, 20 }, // U+0170
    { 0x0171, 39 }, // U+0171
    { 0x0172, 20 }, // U+0172
    { 0x0173, 39 }, // U+0173
    { 0x0174, 21 }, // U+0174
    { 0x0175, 40 }, // U+0175
    { 0x0176, 23 }, // U+0176
    { 0x0177, 42 }, // U+0177
    { 0x0178, 23 }, // U+0178
    { 0x0179, 24 }, // U+0179
    { 0x017A, 43 }, // U+017A
    { 0x017B, 24 }, // U+017B
    { 0x017C, 43 }, // U+017C
    { 0x017D, 24 }, // U+017D
    { 0x017E, 68 }, // U+017E
    { 0x017F, 51 }, // U+017F
    { 0x0180, 32 }, // U+0180
    { 0x0187, 15 }, // U+0187
    { 0x0188, 29 }, // U+0188
    { 0x0189, 14 }, // U+0189
    { 0x018F, 69 }, // U+018F
    { 0x0191, 14 }, // U+0191
    { 0x0192, 30 }, // U+0192
    { 0x0193, 15 }, // U+0193
    { 0x0197, 14 }, // U+0197
    { 0x0198, 14 }, // U+0198
    { 0x0199, 51 }, // U+0199
    { 0x019A, 32 }, // U+019A
    { 0x01A0, 15 }, // U+01A0
    { 0x01A1, 29 }, // U+01A1
    { 0x01A5, 51 }, // U+01A5
    { 0x01AB, 38 }, // U+01AB
    { 0x01AD, 38 }, // U+01AD
    { 0x01AE, 19 }, // U+01AE
    { 0x01AF, 20 }, // U+01AF
    { 0x01B0, 39 }, // U+01B0
    { 0x01B2, 20 }, // U+01B2
    { 0x01B3, 23 }, // U+01B3
    { 0x01B4, 42 }, // U+01B4
    { 0x01B5, 24 }, // U+01B5
    { 0x01B6, 43 }, // U+01B6
    { 0x01B7, 70 }, // U+01B7
    { 0x01C2, 71 }, // U+01C2
    { 0x01C3, 72 }, // U+01C3
    { 0x01C4, 14 }, // U+01C4
    { 0x01C5, 14 }, // U+01C5
    { 0x01C6, 29 }, // U+01C6
    { 0x01C7, 14 }, // U+01C7
    { 0x01C8, 14 }, // U+01C8
    { 0x01C9, 32 }, // U+01C9
    { 0x01CA, 14 }, // U+01CA
    { 0x01CB, 14 }, // U+01CB
    { 0x01CC, 35 }, // U+01CC
    { 0x01CD, 13 }, // U+01CD
    { 0x01CE, 27 }, // U+01CE
    { 0x01CF, 14 }, // U+01CF
    { 0x01D0, 57 }, // U+01D0
    { 0x01D1, 15 }, // U+01D1
    { 0x01D2, 29 }, // U+01D2
    { 0x01D3, 20 }, // U+01D3
    { 0x01D4, 39 }, // U+01D4
    { 0x01D5, 20 }, // U+01D5
    { 0x01D6, 39 }, // U+01D6
    { 0x01D7, 20 }, // U+01D7
    { 0x01D8, 39 }, // U+01D8
    { 0x01D9, 20 }, // U+01D9
    { 0x01DA, 39 }, // U+01DA
    { 0x01DB, 20 }, // U+01DB
    { 0x01DC, 39 }, // U+01DC
    { 0x01DD, 73 }, // U+01DD
    { 0x01DE, 13 }, // U+01DE
    { 0x01DF, 27 }, // U+01DF
    { 0x01E0, 13 }, // U+01E0
    { 0x01E1, 27 }, // U+01E1
    { 0x01E2, 49 }, // U+01E2
    { 0x01E3, 27 }, // U+01E3
    { 0x01E4, 15 }, // U+01E4
    { 0x01E5, 74 }, // U+01E5
    { 0x01E6, 15 }, // U+01E6
    { 0x01E7, 31 }, // U+01E7
    { 0x01E8, 14 }, // U+01E8
    { 0x01E9, 32 }, // U+01E9
    { 0x01EA, 15 }, // U+01EA
    { 0x01EB, 29 }, // U+01EB
    { 0x01EC, 15 }, // U+01EC
    { 0x01ED, 29 }, // U+01ED
    { 0x01EE, 70 }, // U+01EE
    { 0x01EF, 75 }, // U+01EF
    { 0x01F1, 14 }, // U+01F1
    { 0x01F2, 14 }, // U+01F2
    { 0x01F3, 29 }, // U+01F3
    { 0x01F4, 15 }, // U+01F4
    { 0x01F5, 31 }, // U+01F5
    { 0x01F8, 14 }, // U+01F8
    { 0x01F9, 35 }, // U+01F9
    { 0x01FA, 13 }, // U+01FA
    { 0x01FB, 27 }, // U+01FB
    { 0x01FC, 49 }, // U+01FC
    { 0x01FD, 27 }, // U+01FD
    { 0x01FE, 76 }, // U+01FE
    { 0x01FF, 29 }, // U+01FF
    { 0x0200, 13 }, // U+0200
    { 0x0201, 27 }, // U+0201
    { 0x0202, 13 }, // U+0202
    { 0x0203, 27 }, // U+0203
    { 0x0204, 14 }, // U+0204
    { 0x0205, 29 }, // U+0205
    { 0x0206, 14 }, // U+0206
    { 0x0207, 29 }, // U+0207
    { 0x0208, 14 }, // U+0208
    { 0x0209, 57 }, // U+0209
    { 0x020A, 14 }, // U+020A
    { 0x020B, 57 }, // U+020B
    { 0x020C, 15 }, // U+020C
    { 0x020D, 29 }, // U+020D
    { 0x020E, 15 }, // U+020E
    { 0x020F, 29 }, // U+020F
    { 0x0210, 14 }, // U+0210
    { 0x0211, 35 }, // U+0211
    { 0x0212, 14 }, // U+0212
    { 0x0213, 35 }, // U+0213
    { 0x0214, 20 }, // U+0214
    { 0x0215, 39 }, // U+0215
    { 0x0216, 20 }, // U+0216
    { 0x0217, 39 }, // U+0217
    { 0x0218, 18 }, // U+0218
    { 0x0219, 37 }, // U+0219
    { 0x021A, 19 }, // U+021A
    { 0x021B, 38 }, // U+021B
    { 0x021C, 77 }, // U+021C
    { 0x021D, 78 }, // U+021D
    { 0x021E, 14 }, // U+021E
    { 0x021F, 32 }, // U+021F
    { 0x0221, 29 }, // U+0221
    { 0x0224, 24 }, // U+0224
    { 0x0225, 43 }, // U+0225
    { 0x0226, 13 }, // U+0226
    { 0x0227, 27 }, // U+0227
    { 0x0228, 14 }, // U+0228
    { 0x0229, 29 }, // U+0229
    { 0x022A, 15 }, // U+022A
    { 0x022B, 29 }, // U+022B
    { 0x022C, 15 }, // U+022C
    { 0x022D, 29 }, // U+022D
    { 0x022E, 15 }, // U+022E
    { 0x022F, 29 }, // U+022F
    { 0x0230, 15 }, // U+0230
    { 0x0231, 29 }, // U+0231
    { 0x0232, 23 }, // U+0232
    { 0x0233, 42 }, // U+0233
    { 0x0234, 79 }, // U+0234
    { 0x0235, 35 }, // U+0235
    { 0x0236, 38 }, // U+0236
    { 0x0237, 34 }, // U+0237
    { 0x023A, 13 }, // U+023A
    { 0x023B, 15 }, // U+023B
    { 0x023C, 29 }, // U+023C
    { 0x023D, 14 }, // U+023D
    { 0x023E, 19 }, // U+023E
    { 0x0240, 43 }, // U+0240
    { 0x0243, 14 }, // U+0243
    { 0x0244, 80 }, // U+0244
    { 0x0246, 14 }, // U+0246
    { 0x0247, 29 }, // U+0247
    { 0x0248, 16 }, // U+0248
    { 0x0249, 34 }, // U+0249
    { 0x024A, 15 }, // U+024A
    { 0x024B, 29 }, // U+024B
    { 0x024C, 14 }, // U+024C
    { 0x024D, 35 }, // U+024D
    { 0x024E, 81 }, // U+024E
    { 0x024F, 42 }, // U+024F
    { 0x1E00, 13 }, // U+1E00
    { 0x1E01, 27 }, // U+1E01
    { 0x1E02, 14 }, // U+1E02
    { 0x1E03, 32 }, // U+1E03
    { 0x1E04, 14 }, // U+1E04
    { 0x1E05, 32 }, // U+1E05
    { 0x1E06, 14 }, // U+1E06
    { 0x1E07, 32 }, // U+1E07
    { 0x1E08, 15 }, // U+1E08
    { 0x1E09, 29 }, // U+1E09
    { 0x1E0A, 14 }, // U+1E0A
    { 0x1E0B, 29 }, // U+1E0B
    { 0x1E0C, 14 }, // U+1E0C
    { 0x1E0D, 29 }, // U+1E0D
    { 0x1E0E, 14 }, // U+1E0E
    { 0x1E0F, 29 }, // U+1E0F
    { 0x1E10, 14 }, // U+1E10
    { 0x1E11, 29 }, // U+1E11
    { 0x1E12, 14 }, // U+1E12
    { 0x1E13, 29 }, // U+1E13
    { 0x1E14, 14 }, // U+1E14
    { 0x1E15, 29 }, // U+1E15
    { 0x1E16, 14 }, // U+1E16
    { 0x1E17, 29 }, // U+1E17
    { 0x1E18, 14 }, // U+1E18
    { 0x1E19, 29 }, // U+1E19
    { 0x1E1A, 14 }, // U+1E1A
    { 0x1E1B, 29 }, // U+1E1B
    { 0x1E1C, 14 }, // U+1E1C
    { 0x1E1D, 29 }, // U+1E1D
    { 0x1E1E, 14 }, // U+1E1E
    { 0x1E1F, 30 }, // U+1E1F
    { 0x1E20, 15 }, // U+1E20
    { 0x1E21, 31 }, // U+1E21
    { 0x1E22, 14 }, // U+1E22
    { 0x1E23, 32 }, // U+1E23
    { 0x1E24, 14 }, // U+1E24
    { 0x1E25, 32 }, // U+1E25
    { 0x1E26, 14 }, // U+1E26
    { 0x1E27, 32 }, // U+1E27
    { 0x1E28, 14 }, // U+1E28
    { 0x1E29, 32 }, // U+1E29
    { 0x1E2A, 14 }, // U+1E2A
    { 0x1E2B, 32 }, // U+1E2B
    { 0x1E2C, 14 }, // U+1E2C
    { 0x1E2D, 33 }, // U+1E2D
    { 0x1E2E, 14 }, // U+1E2E
    { 0x1E2F, 57 }, // U+1E2F
    { 0x1E30, 14 }, // U+1E30
    { 0x1E31, 32 }, // U+1E31
    { 0x1E32, 14 }, // U+1E32
    { 0x1E33, 32 }, // U+1E33
    { 0x1E34, 14 }, // U+1E34
    { 0x1E35, 32 }, // U+1E35
    { 0x1E36, 14 }, // U+1E36
    { 0x1E37, 32 }, // U+1E37
    { 0x1E38, 14 }, // U+1E38
    { 0x1E39, 32 }, // U+1E39
    { 0x1E3A, 14 }, // U+1E3A
    { 0x1E3B, 32 }, // U+1E3B
    { 0x1E3C, 14 }, // U+1E3C
    { 0x1E3D, 32 }, // U+1E3D
    { 0x1E3E, 17 }, // U+1E3E
    { 0x1E3F, 35 }, // U+1E3F
    { 0x1E40, 17 }, // U+1E40
    { 0x1E41, 35 }, // U+1E41
    { 0x1E42, 17 }, // U+1E42
    { 0x1E43, 35 }, // U+1E43
    { 0x1E44, 14 }, // U+1E44
    { 0x1E45, 35 }, // U+1E45
    { 0x1E46, 14 }, // U+1E46
    { 0x1E47, 35 }, // U+1E47
    { 0x1E48, 14 }, // U+1E48
    { 0x1E49, 35 }, // U+1E49
    { 0x1E4A, 14 }, // U+1E4A
    { 0x1E4B, 35 }, // U+1E4B
    { 0x1E4C, 15 }, // U+1E4C
    { 0x1E4D, 29 }, // U+1E4D
    { 0x1E4E, 15 }, // U+1E4E
    { 0x1E4F, 29 }, // U+1E4F
    { 0x1E50, 15 }, // U+1E50
    { 0x1E51, 29 }, // U+1E51
    { 0x1E52, 15 }, // U+1E52
    { 0x1E53, 29 }, // U+1E53
    { 0x1E54, 14 }, // U+1E54
    { 0x1E55, 36 }, // U+1E55
    { 0x1E56, 14 }, // U+1E56
    { 0x1E57, 36 }, // U+1E57
    { 0x1E58, 14 }, // U+1E58
    { 0x1E59, 35 }, // U+1E59
    { 0x1E5A, 14 }, // U+1E5A
    { 0x1E5B, 35 }, // U+1E5B
    { 0x1E5C, 14 }, // U+1E5C
    { 0x1E5D, 35 }, // U+1E5D
    { 0x1E5E, 14 }, // U+1E5E
    { 0x1E5F, 35 }, // U+1E5F
    { 0x1E60, 18 }, // U+1E60
    { 0x1E61, 37 }, // U+1E61
    { 0x1E62, 18 }, // U+1E62
    { 0x1E63, 37 }, // U+1E63
    { 0x1E64, 18 }, // U+1E64
    { 0x1E65, 37 }, // U+1E65
    { 0x1E66, 18 }, // U+1E66
    { 0x1E67, 37 }, // U+1E67
    { 0x1E68, 18 }, // U+1E68
    { 0x1E69, 37 }, // U+1E69
    { 0x1E6A, 19 }, // U+1E6A
    { 0x1E6B, 38 }, // U+1E6B
    { 0x1E6C, 19 }, // U+1E6C
    { 0x1E6D, 38 }, // U+1E6D
    { 0x1E6E, 19 }, // U+1E6E
    { 0x1E6F, 38 }, // U+1E6F
    { 0x1E70, 19 }, // U+1E70
    { 0x1E71, 38 }, // U+1E71
    { 0x1E72, 20 }, // U+1E72
    { 0x1E73, 39 }, // U+1E73
    { 0x1E74, 20 }, // U+1E74
    { 0x1E75, 39 }, // U+1E75
    { 0x1E76, 20 }, // U+1E76
    { 0x1E77, 39 }, // U+1E77
    { 0x1E78, 20 }, // U+1E78
    { 0x1E79, 39 }, // U+1E79
    { 0x1E7A, 20 }, // U+1E7A
    { 0x1E7B, 39 }, // U+1E7B
    { 0x1E7C, 21 }, // U+1E7C
    { 0x1E7D, 40 }, // U+1E7D
    { 0x1E7E, 21 }, // U+1E7E
    { 0x1E7F, 40 }, // U+1E7F
    { 0x1E80, 21 }, // U+1E80
    { 0x1E81, 40 }, // U+1E81
    { 0x1E82, 21 }, // U+1E82
    { 0x1E83, 40 }, // U+1E83
    { 0x1E84, 21 }, // U+1E84
    { 0x1E85, 40 }, // U+1E85
    { 0x1E86, 21 }, // U+1E86
    { 0x1E87, 40 }, // U+1E87
    { 0x1E88, 21 }, // U+1E88
    { 0x1E89, 40 }, // U+1E89
    { 0x1E8A, 22 }, // U+1E8A
    { 0x1E8B, 41 }, // U+1E8B
    { 0x1E8C, 22 }, // U+1E8C
    { 0x1E8D, 41 }, // U+1E8D
    { 0x1E8E, 23 }, // U+1E8E
    { 0x1E8F, 42 }, // U+1E8F
    { 0x1E90, 24 }, // U+1E90
    { 0x1E91, 43 }, // U+1E91
    { 0x1E92, 24 }, // U+1E92
    { 0x1E93, 43 }, // U+1E93
    { 0x1E94, 24 }, // U+1E94
    { 0x1E95, 43 }, // U+1E95
    { 0x1E96, 32 }, // U+1E96
    { 0x1E97, 38 }, // U+1E97
    { 0x1E98, 40 }, // U+1E98
    { 0x1E99, 42 }, // U+1E99
    { 0x1E9A, 27 }, // U+1E9A
    { 0x1E9B, 51 }, // U+1E9B
    { 0x1EA0, 13 }, // U+1EA0
    { 0x1EA1, 27 }, // U+1EA1
    { 0x1EA2, 13 }, // U+1EA2
    { 0x1EA3, 27 }, // U+1EA3
    { 0x1EA4, 13 }, // U+1EA4
    { 0x1EA5, 27 }, // U+1EA5
    { 0x1EA6, 13 }, // U+1EA6
    { 0x1EA7, 27 }, // U+1EA7
    { 0x1EA8, 13 }, // U+1EA8
    { 0x1EA9, 27 }, // U+1EA9
    { 0x1EAA, 13 }, // U+1EAA
    { 0x1EAB, 27 }, // U+1EAB
    { 0x1EAC, 13 }, // U+1EAC
    { 0x1EAD, 27 }, // U+1EAD
    { 0x1EAE, 13 }, // U+1EAE
    { 0x1EAF, 27 }, // U+1EAF
    { 0x1EB0, 13 }, // U+1EB0
    { 0x1EB1, 27 }, // U+1EB1
    { 0x1EB2, 13 }, // U+1EB2
    { 0x1EB3, 27 }, // U+1EB3
    { 0x1EB4, 13 }, // U+1EB4
    { 0x1EB5, 27 }, // U+1EB5
    { 0x1EB6, 13 }, // U+1EB6
    { 0x1EB7, 27 }, // U+1EB7
    { 0x1EB8, 14 }, // U+1EB8
    { 0x1EB9, 29 }, // U+1EB9
    { 0x1EBA, 14 }, // U+1EBA
    { 0x1EBB, 29 }, // U+1EBB
    { 0x1EBC, 14 }, // U+1EBC
    { 0x1EBD, 29 }, // U+1EBD
    { 0x1EBE, 14 }, // U+1EBE
    { 0x1EBF, 29 }, // U+1EBF
    { 0x1EC0, 14 }, // U+1EC0
    { 0x1EC1, 29 }, // U+1EC1
    { 0x1EC2, 14 }, // U+1EC2
    { 0x1EC3, 29 }, // U+1EC3
    { 0x1EC4, 14 }, // U+1EC4
    { 0x1EC5, 29 }, // U+1EC5
    { 0x1EC6, 14 }, // U+1EC6
    { 0x1EC7, 29 }, // U+1EC7
    { 0x1EC8, 14 }, // U+1EC8
    { 0x1EC9, 57 }, // U+1EC9
    { 0x1ECA, 14 }, // U+1ECA
    { 0x1ECB, 33 }, // U+1ECB
    { 0x1ECC, 15 }, // U+1ECC
    { 0x1ECD, 29 }, // U+1ECD
    { 0x1ECE, 15 }, // U+1ECE
    { 0x1ECF, 29 }, // U+1ECF
    { 0x1ED0, 15 }, // U+1ED0
    { 0x1ED1, 29 }, // U+1ED1
    { 0x1ED2, 15 }, // U+1ED2
    { 0x1ED3, 29 }, // U+1ED3
    { 0x1ED4, 15 }, // U+1ED4
    { 0x1ED5, 29 }, // U+1ED5
    { 0x1ED6, 15 }, // U+1ED6
    { 0x1ED7, 29 }, // U+1ED7
    { 0x1ED8, 15 }, // U+1ED8
    { 0x1ED9, 29 }, // U+1ED9
    { 0x1EDA, 15 }, // U+1EDA
    { 0x1EDB, 29 }, // U+1EDB
    { 0x1EDC, 15 }, // U+1EDC
    { 0x1EDD, 29 }, // U+1EDD
    { 0x1EDE, 15 }, // U+1EDE
    { 0x1EDF, 29 }, // U+1EDF
    { 0x1EE0, 15 }, // U+1EE0
    { 0x1EE1, 29 }, // U+1EE1
    { 0x1EE2, 15 }, // U+1EE2
    { 0x1EE3, 29 }, // U+1EE3
    { 0x1EE4, 20 }, // U+1EE4
    { 0x1EE5, 39 }, // U+1EE5
    { 0x1EE6, 20 }, // U+1EE6
    { 0x1EE7, 39 }, // U+1EE7
    { 0x1EE8, 20 }, // U+1EE8
    { 0x1EE9, 39 }, // U+1EE9
    { 0x1EEA, 20 }, // U+1EEA
    { 0x1EEB, 39 }, // U+1EEB
    { 0x1EEC, 20 }, // U+1EEC
    { 0x1EED, 39 }, // U+1EED
    { 0x1EEE, 20 }, // U+1EEE
    { 0x1EEF, 39 }, // U+1EEF
    { 0x1EF0, 20 }, // U+1EF0
    { 0x1EF1, 39 }, // U+1EF1
    { 0x1EF2, 23 }, // U+1EF2
    { 0x1EF3, 42 }, // U+1EF3
    { 0x1EF4, 23 }, // U+1EF4
    { 0x1EF5, 40 }, // U+1EF5
    { 0x1EF6, 23 }, // U+1EF6
    { 0x1EF7, 42 }, // U+1EF7
    { 0x1EF8, 23 }, // U+1EF8
    { 0x1EF9, 42 }, // U+1EF9
    { 0x2010, 6 }, // U+2010
    { 0x2011, 6 }, // U+2011
    { 0x2013, 6 }, // U+2013
    { 0x2014, 6 }, // U+2014
    { 0x2015, 6 }, // U+2015
    { 0x2018, 82 }, // U+2018
    { 0x2019, 83 }, // U+2019
    { 0x201A, 84 }, // U+201A
    { 0x201B, 82 }, // U+201B
    { 0x201C, 82 }, // U+201C
    { 0x201D, 83 }, // U+201D
    { 0x201E, 7 }, // U+201E
    { 0x201F, 82 }, // U+201F
    { 0x2025, 7 }, // U+2025
    { 0x2026, 7 }, // U+2026
    { 0x2039, 46 }, // U+2039
    { 0x203A, 47 }, // U+203A
    { 0x203C, 1 }, // U+203C
    { 0x2047, 11 }, // U+2047
    { 0x2048, 11 }, // U+2048
    { 0x2049, 1 }, // U+2049
    { 0xFB00, 30 }, // U+FB00
    { 0xFB01, 30 }, // U+FB01
    { 0xFB02, 30 }, // U+FB02
    { 0xFB03, 30 }, // U+FB03
    { 0xFB04, 30 }, // U+FB04
    { 0xFB05, 30 }, // U+FB05
    { 0xFB06, 37 }, // U+FB06
};

static const int8_t bookerly_12_regularKernMatrix[] = {
       0,    0,    0,    0,    0,    0,    0,    0,    0,    0,    0,    0,  -20,    0,    0,    0,    0,    0,    0,    0,    0,    0,    0,    0,    0,    0,    0,    0,    0,    0,  -16,    0,    0,    0,    0,    0,    0,   16,    0,    0,    0,    0,    0,    0,    0,    0,    0,    0,    0,    0,    0,    0,    0,    0,    0,    0,    0,    0,    0,    0,    0,    0,    0,    0,    0,    0,    0,    0,    0,    0,    0,    0,    0,  -16,    0,    0,    0,    0,    0,    0,    0,    0,    0,    0,
       0,    0,    0,    0,    0,    0,    0,    0,    0,    0,    0,    0,    0,    0,  -12,   20,    0,    0,    0,    0,    0,    0,    0,    0,    0,    0,   -8,    0,   -8,    0,    0,    0,    0,   20,    0,    0,    0,    0,    0,    8,    0,    8,    0,    0,    0,    0,    0,    0,    0,  -12,    0,   -8,   -8,   -8,    0,    8,    8,   -8,    0,   -8,   -8,   -8,    0,   20,    0,    0,    0,    0,    0,    0,    0,    0,    0,    0,    0,  -12,    0,    0,    0,    0,    0,    0,    0,    0,
       0,    0,    0,    0,    0,    0,    0,    0,    0,    0,    0,    0,  -32,    0,    0,    0,    0,    0,    0,    0,   16,   16,    0,    0,    0,    0,    0,    0,   -8,    0,  -12,    0,    0,    0,    0,    0,    0,    0,    0,    0,    0,    0,    0,    0,    0,    0,    0,    0,  -54,    0,    0,    0,    0,   -8,    0,    0,    0,   -8,    0,    0,    0,   -8,    0,    0,    0,    0,    0,    0,    0,    0,    0,    0,    0,  -12,    0,    0,    0,    0,    0,    0,    0,    0,    0,    0,
       0,    0,    0,    0,    0,    0,    0,    0,    0,    0,    0,    0,   12,    0,  -16,   12,    0,    0,  -28,  -16,  -36,    0,  -32,    0,    0,    0,    0,   -6,   -6,    0,    0,    0,    0,    0,   -4,   -6,    0,  -12,  -16,  -24,    0,  -24,    0,    0,    0,    0,    0,    0,    0,  -16,    0,    0,    0,   -6,    0,    0,    0,   -6,    0,    0,    0,   -6,    0,   -8,    0,   -4,    0,    0,    0,    0,    0,    0,    0,    0,    0,  -16,    0,    0,    0,  -16,  -32,  -32,  -16,    0,
       0,    0,    0,    0,    0,    0,    0,    0,    0,    0,    0,    0,  -12,    0,    0,   -8,    0,    0,  -16,    0,  -20,    0,  -20,    0,    0,    0,    0,    0,    0,    0,    0,    0,    0,    0,    0,    0,    0,    0,    0,   -6,    0,   -6,    0,    0,    0,    0,    0,    0,  -12,    0,    0,    0,    0,    0,    0,    0,    0,    0,    0,    0,    0,    0,    0,    0,    0,    0,    0,    0,    0,    0,    0,    0,    0,    0,    0,    0,  -12,    0,    0,    0,  -20,    0,    0,    0,
       0,    0,    0,    0,    0,    0,    0,    0,    0,    0,    0,    0,  -40,    0,  -16,    0,    0,  -12,    0,    0,    0,    0,    0,   -8,    0,    0,  -40,    0,  -36,  -16,  -32,    0,    0,    0,  -20,  -20,  -36,    0,  -12,   -8,  -16,   -8,  -16,    0,    0,    0,    0,    0,  -56,  -16,    0,  -40,  -40,  -36,    0,   16,   16,  -36,    0,  -40,  -40,  -36,    0,    0,    0,  -20,  -36,  -16,  -12,    0,    0,    0,    0,  -32,  -12,  -16,    0,  -28,    0,    0,    0,    0,    0,    0,
       0,    0,    0,    0,    0,    0,    0,    0,    0,    0,    0,    0,    0,    0,    0,    0,    0,    0,    0,    0,   -6,    0,   -6,    0,    0,    0,    0,    0,    0,    0,    0,    0,    0,    0,    0,    0,    0,    0,    0,    0,    0,    0,    0,    0,    0,    0,    0,    0,    0,    0,    0,    0,    0,    0,    0,    0,    0,    0,    0,    0,    0,    0,    0,    0,    0,    0,    0,    0,    0,    0,    0,    0,    0,    0,    0,    0,    0,    0,    0,    0,   -6,    0,    0,    0,
       0,    0,    0,    0,    0,    0,    0,    0,    0,    0,    0,    0,    0,    0,    0,    0,    0,    0,    0,    0,    0,    0,   -8,    0,    0,    0,    0,    0,    0,    0,    0,    0,    0,    0,    0,    0,    0,    0,    0,    0,    0,    0,    0,    0,    0,    0,    0,    0,    0,    0,    0,    0,    0,    0,    0,    0,    0,    0,    0,    0,    0,    0,    0,    0,    0,    0,    0,    0,    0,    0,    0,    0,    0,    0,    0,    0,   -8,    0,    0,    0,   -8,    0,    0,    0,
       0,  -20,    0,  -32,    0,  -12,    0,    8,    0,    0,  -22,    0,   10,    0,   -7,    0,    8,    0,  -40,  -24,  -44,    8,  -42,    4,  -40,    0,    0,   -6,    0,    0,    0,    0,    0,    0,    0,    0,    0,   -6,   -8,  -26,    8,  -26,    0,    0,    0,  -12,    0,    0,   12,   -1,    0,    0,    0,    0,    0,    0,    0,    0,    0,    0,    0,    0,    0,    0,    0,    0,    0,    0,    0,    0,    0,    0,    0,    0,    0,   -1,    0,    0,  -12,  -32,  -42,  -36,  -28,    0,
       0,    0,    0,    0,   -6,    0,   -6,    0,    0,    0,    0,    0,   -4,    0,    0,    0,    0,    0,   -6,    0,  -10,   -6,   -8,    0,  -16,    0,    0,    0,   10,    0,    0,    0,    0,    8,    0,    0,    0,    0,    0,    0,    0,    0,    0,    0,    0,    0,    0,    0,  -10,    0,    0,    0,    0,   10,    0,    0,    0,   10,    0,    0,    0,   10,    0,    0,    0,    0,    0,    0,    0,    0,    0,    0,    0,    0,    0,    0,   -8,    0,    0,    0,   -8,    0,    0,   -6,
       0,    0,    0,    0,    0,   -8,    0,    0,    0,    0,    0,    0,    0,    0,  -10,    0,    0,    0,    0,    0,    0,    0,    0,    0,    0,    0,   -6,    0,   -6,    0,   -6,    0,    0,    0,    0,    0,   -8,    0,   -4,   -5,    0,   -5,    0,    0,    0,    0,    0,    0,    0,  -10,    0,   -6,   -6,   -6,    0,    0,    0,   -6,    0,   -6,   -6,   -6,    0,    0,    0,    0,   -8,    0,    0,    0,    0,    0,    0,   -6,    0,  -10,    0,    0,    0,    0,    0,    0,    0,    0,
       0,    0,  -12,    0,  -16,    0,  -16,  -16,    0,    0,    0,    0,  -12,   -6,    0,   -8,   -4,    0,    0,   -6,   -8,  -12,  -16,   -4,  -12,    0,    0,    0,    0,    0,   -4,    0,    0,    0,    0,    0,    0,   12,    0,    0,    0,    0,    0,    0,    0,    0,    0,    0,  -28,    0,   -8,    0,    0,    0,    0,    0,    0,    0,    0,    0,    0,    0,    0,    0,    0,    0,    0,    0,    0,   -4,    0,    0,    0,   -4,    0,    0,    0,    0,   -4,   -6,  -16,    0,    0,  -16,
       0,    0,    0,    0,    0,    0,    0,    0,    0,    0,    0,    0,    0,    0,    0,    0,    0,    0,    0,    0,    0,    0,    0,    0,    0,    0,    0,    0,    0,    0,    0,    0,    0,    0,    0,    0,    0,    0,    0,    0,    0,    0,    0,    0,    0,    0,    0,    0,    0,    0,    0,    0,    0,    0,    0,    0,    0,    0,    0,    0,    0,    0,    0,    0,    0,    0,    0,    0,    0,    0,    0,    0,    0,    0,    0,    0,    0,    0,    0,    0,    0,    0,    4,    0,
       0,    0,    0,   16,  -36,    0,  -36,  -34,    0,    0,    0,    0,  -36,    0,    0,    0,   -8,    0,    0,    0,    0,    0,    0,    0,    0,    0,  -12,    4,   -8,    0,  -16,    4,    0,    0,    0,    0,  -12,    0,    0,    0,    0,    0,   -8,    0,    0,    0,    0,    0,  -46,    0,    0,  -12,  -12,   -8,    0,   16,   16,   -8,    4,  -12,  -12,   -8,    4,   16,    4,    0,  -12,   -8,    0,    0,    0,    0,    0,  -16,    0,    0,    0,    0,    0,    0,    0,    8,    8,  -36,
       0,    0,    0,    0,    0,    0,    0,    0,    0,    0,    0,    0,    0,    0,    0,    0,    0,    0,   -8,    0,   -8,    0,   -8,    0,    0,    0,    0,    0,    0,    0,   -4,    0,    0,    0,    0,    0,    0,    0,    0,    0,    0,    0,    0,    0,    0,    0,    0,    0,   -8,    0,    0,    0,    0,    0,    0,    0,    0,    0,    0,    0,    0,    0,    0,    0,    0,    0,    0,    0,    0,    0,    0,    0,    0,   -4,    0,    0,    0,    0,    0,    0,   -8,    0,    0,    0,
       0,    0,    0,    0,    0,    0,    0,    0,    0,    0,    0,    0,    0,    0,   -6,    0,    0,    0,    0,    0,    0,    0,    0,    0,    0,    0,    0,    0,   -6,    0,    0,    0,    0,    0,    0,    0,    0,    0,   -5,  -12,    0,  -12,    0,    0,    0,   -8,    0,    0,    0,   -6,    0,    0,    0,   -6,    0,    8,    8,   -6,    0,    0,    0,   -6,    0,    8,    0,    0,    0,    0,    0,    0,    0,    0,    0,    0,    0,   -6,    0,    0,    0,    0,    0,    0,    0,    0,
       0,    0,    0,    0,  -20,   -8,  -20,  -16,  -12,  -12,    0,    0,  -16,    0,   -4,    0,    0,    0,    0,    0,    0,    0,    0,    0,    0,    0,  -12,    0,   -8,    0,   -8,    0,    0,    0,    0,    0,  -10,    0,   -4,   -6,   -8,   -6,   -6,    0,    0,    0,    0,    0,  -20,   -4,    0,  -12,  -12,   -8,    0,   12,   12,   -8,    0,  -12,  -12,   -8,    0,    0,    0,    0,  -10,   -6,    0,    0,    0,    0,    0,   -8,    0,   -4,    0,    0,    0,    0,    0,    0,    0,  -20,
       0,    0,    0,    0,    0,  -12,    0,    0,    0,    0,    0,    0,   10,    0,  -16,    0,    8,    0,    0,    0,    0,    4,    0,    0,    0,    0,   -6,    0,   -9,    0,    0,    0,    0,    0,    0,   -4,   -5,  -12,  -14,  -24,    0,  -24,    0,    0,    0,    0,    0,    0,    4,  -16,    0,   -6,   -6,   -9,    0,   12,   12,   -9,    0,   -6,   -6,   -9,    0,   12,    0,    0,   -5,    0,    0,    0,    0,    0,    0,    0,    0,  -16,    0,   -8,    0,    0,    0,    0,    0,    0,
       0,    0,    0,  -16,    0,    0,    0,    0,    0,    0,    0,    0,   16,    0,    0,    0,    0,    0,  -20,  -10,  -32,    4,  -32,    0,  -44,    0,    0,    0,    0,    0,    0,    0,    0,    0,    0,    0,    0,    0,    0,  -12,    0,  -12,    0,    0,    0,    0,    0,    0,    0,    0,    0,    0,    0,    0,    0,    0,    0,    0,    0,    0,    0,    0,    0,    0,    0,    0,    0,    0,    0,    0,    0,    0,    0,    0,    0,    0,    0,    0,   -8,  -10,  -32,  -16,   -8,    0,
       0,    0,    0,    0,    0,    0,    0,    0,    0,    0,    0,    0,    8,    0,   -4,    0,    0,    0,  -10,   -6,   -6,   12,   -8,    0,    0,    0,    0,    0,    0,    0,    0,    0,    0,    0,    0,    0,    0,    0,   -4,   -6,    0,   -6,    0,    0,    0,    0,    0,    0,    8,   -4,    0,    0,    0,    0,    0,   16,   16,    0,    0,    0,    0,    0,    0,    0,    0,    0,    0,    0,    0,    0,    0,    0,    0,    0,    0,   -4,    0,    0,    0,   -6,   -8,   -8,    0,    0,
       0,    0,    0,    0,  -18,   -8,  -18,    0,    0,    0,    0,    0,  -14,    0,   -6,    0,    0,    0,    0,    0,    0,    0,    0,    0,    0,    0,   -9,    0,   -6,    0,  -12,    0,    0,    0,    0,    0,  -10,    0,    0,   -6,   -4,   -6,   -4,    0,    0,    0,    0,    0,  -16,   -6,    0,   -9,   -9,   -6,    0,   16,   16,   -6,    0,   -9,   -9,   -6,    0,    0,    0,    0,  -10,   -4,    0,    0,    0,    0,    0,  -12,    0,   -6,    0,  -12,    0,    0,    0,    0,    0,  -18,
       0,    8,    0,   15,  -40,    0,  -40,  -39,    0,    0,    0,    0,  -40,   -6,    0,    0,   -6,    0,   12,    0,    0,   -4,    0,    0,    0,    0,   -6,    0,   -6,    0,  -11,    0,    0,   12,    0,    0,   -7,    8,   10,   12,    0,   12,    0,    0,    0,    0,    0,    0,  -54,    0,    0,   -6,   -6,   -6,    0,    8,    8,   -6,    0,   -6,   -6,   -6,    0,   20,    0,    0,   -7,    0,    0,    0,    0,    0,    0,  -11,    0,    0,    0,    0,    0,    0,    0,    8,   12,  -40,
       0,    0,    8,    0,   -4,    0,  -16,  -16,    0,   12,    0,    0,  -12,   -6,    0,   30,   -4,    0,    0,   -6,   -8,  -12,  -16,   -4,  -12,   20,    0,    0,    0,    0,    4,    0,    0,   36,    0,    0,    0,   12,    0,    0,    0,   22,    0,    0,   28,    0,    0,    0,  -28,    0,   -8,    0,    0,    0,    0,    0,    0,    0,    0,    0,    0,    0,    0,   36,    0,    0,    0,    0,    0,   -4,    0,    0,    0,   18,    8,    0,    0,    0,   -4,   -6,  -16,    0,    0,  -16,
       0,    0,    0,  -12,    0,  -12,    0,    0,    0,    0,  -12,    0,   16,    0,  -12,    0,   12,    0,  -20,  -14,  -26,   12,  -28,    0,    0,    0,    0,    0,    0,    0,    0,    0,    0,    0,    0,    0,    0,   -4,   -8,  -12,    8,  -12,    0,    0,    0,    0,    0,    0,   12,   -8,    0,    0,    0,    0,    0,    0,    0,    0,    0,    0,    0,    0,    0,    0,    0,    0,    0,    0,    0,    0,   -8,    0,    0,    0,    0,  -12,   -8,    0,    0,  -14,  -28,  -24,  -16,    0,
       0,    0,    0,    0,   -8,    0,   -8,   -8,    0,    0,    0,    0,   -8,    0,    0,    0,    0,    0,    0,    0,   -4,   -4,   -4,    0,    0,    0,    0,    0,    0,    0,  -12,    0,    0,    0,    0,    0,    0,    0,    0,   -8,   -4,   -8,    0,    0,    0,    0,    0,    0,  -12,    0,    0,    0,    0,    0,    0,    0,    0,    0,    0,    0,    0,    0,    0,    0,    0,    0,    0,    0,    0,    0,    0,    0,    0,  -12,    0,    0,    0,   -8,    0,    0,   -4,    0,    0,   -8,
       0,    0,    0,    0,  -36,  -16,  -36,  -50,  -16,  -16,    0,    0,  -44,    0,  -12,    0,  -10,   -6,    0,    0,    0,    0,    0,   -4,    0,    0,  -22,    0,  -24,    0,  -25,    0,    0,    0,    0,    0,  -28,    0,    0,    0,    0,    0,   -8,    0,    0,  -20,   -8,    0,  -40,  -12,    0,  -22,  -22,  -24,    0,   16,   16,  -24,    0,  -22,  -22,  -24,    0,    0,    0,    0,  -28,   -8,    0,    0,    0,    0,   -8,  -25,    0,  -12,    0,   -8,    0,    0,    0,    8,    8,  -36,
       0,    0,    0,    0,  -16,    0,  -16,  -23,    0,    0,    0,    0,  -28,    0,   -6,    0,   -6,   -6,    0,    0,    0,    0,    0,   -4,    0,    0,   -8,    0,   -6,    0,  -16,    0,    0,    0,    0,    0,  -10,    0,    0,    0,   -8,    0,   -8,    0,    0,    0,   -8,    0,  -28,   -6,  -12,   -8,   -8,   -6,    0,   16,   16,   -6,    0,   -8,   -8,   -6,    0,    0,    0,    0,  -10,   -8,    0,    0,    0,    0,    0,  -16,    0,   -6,    0,    0,    0,    0,    0,    0,    0,  -16,
       0,    0,    0,   16,  -40,  -20,  -40,  -54,   -8,   -8,    0,    0,  -46,    0,  -16,    0,   -6,  -10,    0,    0,   12,    0,    8,    0,    0,    0,  -26,   10,  -29,   -8,  -36,   10,    0,    0,  -10,   -8,  -26,    0,   -8,   -8,  -12,   -8,  -13,    0,    0,  -16,  -12,    0,  -56,  -16,    0,  -42,  -38,  -29,    0,   24,   24,  -29,   10,  -42,  -26,  -29,   10,   24,   10,  -10,  -26,  -13,    0,    0,    0,    0,    0,  -36,    0,  -16,    0,  -16,    0,    0,    8,    0,    8,  -40,
       0,    0,    0,   12,    0,    0,    0,    0,    0,    0,    0,    0,    8,    0,  -12,    0,   10,    0,    0,    0,    0,   12,    0,    0,    0,    0,    0,    8,    0,    0,    0,    8,    0,    0,    0,    0,    0,    0,  -12,  -18,    8,  -18,    0,    0,    0,    0,    0,    0,   12,   -4,    0,    0,    0,    0,    0,   20,   20,    0,    8,    0,    0,    0,    8,   20,    8,    0,    0,    0,    0,    0,    0,    0,    0,    0,    0,   -4,    0,    0,    0,    0,    0,    0,    0,    0,
       0,    0,    0,    0,  -32,  -20,  -32,  -42,  -12,  -12,    0,    0,  -41,    0,  -20,    0,   -6,  -10,    0,    0,   10,    0,   10,    0,    0,    0,  -26,    8,  -32,   -8,  -26,    8,    0,    0,  -12,   -8,  -32,    0,  -12,  -12,  -14,  -12,  -12,    0,    0,  -20,  -16,    0,  -44,  -20,    0,  -26,  -38,  -32,    0,   44,   28,  -32,    8,  -38,  -38,  -32,    8,   20,    8,  -12,  -32,  -12,    0,    0,    0,    0,  -16,  -26,   -8,  -20,    0,  -16,    0,    0,   10,    0,    8,  -32,
       0,    0,    0,    0,    0,    0,    0,    0,    0,    0,    0,    0,    0,    0,   -4,    0,    0,    0,    0,    0,    0,    0,    0,    0,    0,    0,    0,    0,    0,    0,    0,    0,    0,    0,    0,    0,    0,    0,    0,   -4,    0,   -4,    0,    0,    0,    0,    0,    0,    0,   -4,    0,    0,    0,    0,    0,    8,    8,    0,    0,    0,    0,    0,    0,   12,    0,    0,    0,    0,    0,    0,    0,    0,    0,    0,    0,   -4,    0,    0,    0,    0,    0,    0,    0,    0,
       0,    0,    0,    0,    0,    0,    0,    0,    0,    0,    0,    0,    0,    0,    0,   16,    0,    0,    0,    0,    0,    0,    0,    0,    0,    0,    0,    0,    0,    0,    0,    0,    0,   16,    0,    0,    0,    0,    0,    0,    0,   20,    0,    0,    0,    0,    0,    0,    0,    0,    0,    0,    0,    0,    0,    8,    8,    0,    0,    0,    0,    0,    0,   16,    0,    0,    0,    0,    0,    0,    0,    0,    0,    0,    0,    0,    0,    0,    0,    0,    0,    0,    0,    0,
       0,    0,    0,    0,    0,    0,    0,    0,    0,    0,    0,    0,    0,    0,  -12,    0,    0,    0,  -32,  -20,  -40,    0,  -32,    0,    0,    0,    0,    0,   -8,    0,    8,    0,    0,    0,    0,    0,    0,   -8,  -12,  -12,    0,  -12,    0,    0,    0,    0,    0,    0,    0,  -12,    0,    0,    0,   -8,    0,    0,    0,   -8,    0,    0,    0,   -8,    0,    0,    0,    0,    0,    0,    0,    0,    0,    0,    0,    8,    0,  -12,    0,    0,    0,  -20,  -32,    0,    0,    0,
       0,    0,    0,  -16,    0,    0,    0,    0,    0,    0,  -10,    0,    0,    0,    0,    0,    0,    0,    0,    0,    0,    0,    0,    0,  -40,    0,    0,   -4,    0,    0,    0,    0,    0,    0,    0,    0,    0,    0,   -4,  -14,    0,  -14,    0,    0,    0,    0,    0,    0,    0,    0,    0,    0,    0,    0,    0,    0,    0,    0,   -5,    0,    0,    0,    0,    0,    0,    0,    0,    0,    0,    0,    0,    0,    0,    0,   -8,    0,    0,    0,    0,    0,    0,  -16,  -12,    0,
       0,    0,   -8,   -8,   -6,    0,   -6,  -16,    0,    0,   -6,    0,    0,    0,    0,    0,    0,    0,    0,    0,    0,    0,    0,    0,  -24,    0,    0,   -5,    0,    0,    0,   -5,    0,    0,    0,    0,    0,    4,    0,   -4,   -6,   -4,    0,    0,    0,    0,    0,    0,    0,    0,    0,    0,    0,    0,    0,    0,    0,    0,   -5,    0,    0,    0,   -5,    0,   15,    0,    0,    0,    0,    0,    0,    0,    0,    0,    0,    0,    0,    0,    0,    0,    0,  -20,   -8,   -6,
       0,    0,    0,    0,    0,    0,    0,    0,    0,    0,    0,    0,    0,    0,    0,    0,    0,    0,    0,    0,    0,    0,    0,    0,  -24,    0,   -4,   -4,    0,    0,   -6,   -4,    0,    0,    0,    0,    0,    0,    0,    0,    0,    0,    0,    0,    0,    0,    0,    0,    0,    0,    0,   -4,   -4,    0,    0,    0,    0,    0,   -4,   -4,   -4,    0,   -4,    0,   -4,    0,    0,    0,    0,    0,    0,    0,    0,   -6,    0,    0,    0,    0,    0,    0,    0,    0,    8,    0,
       0,    0,    0,    0,    0,    0,    0,    0,    0,    0,    0,    0,    0,    0,    0,    0,    0,    0,    0,    0,    0,    0,    0,    0,    0,    0,    0,    0,    0,    0,    0,    0,    0,    0,    0,    0,    0,    0,    0,  -12,    4,  -12,    0,    0,    0,    0,    0,    0,    0,    0,    0,    0,    0,    0,    0,    0,    0,    0,    0,    0,    0,    0,    0,    0,    0,    0,    0,    0,    0,    0,    0,    0,    0,    0,    0,    0,    0,    0,    0,    0,    0,   -8,    0,    0,
       0,    0,    0,    0,    0,    0,    0,    0,    0,    0,  -10,    0,    0,    0,    0,    0,    0,    0,    0,    0,    0,    0,    0,    0,  -16,    0,   -4,    0,    0,    0,    0,    0,    0,    0,    0,    0,    0,    0,    0,   -4,    0,   -4,    0,    0,    0,    0,    0,    0,    0,    0,    0,   -4,   -4,    0,    0,    0,    0,    0,    0,   -4,   -4,    0,    0,    0,   12,    0,    0,    0,    0,    0,    0,    0,    0,    0,    0,    0,    0,    0,    0,    0,    0,   -8,    0,    0,
      24,   41,   40,   40,   -8,    0,   -8,  -12,    0,    0,   22,    0,    0,    0,    0,    0,    0,    0,    0,    0,    0,    0,    0,    0,   33,   33,   -5,    0,   -6,    0,   -4,    0,    8,   12,    0,    0,   -7,    0,    0,    8,    0,    8,    0,    0,   40,    0,    0,    0,    0,    0,    0,    3,   15,    4,   48,   84,   52,   -6,    0,    6,    2,   -2,   38,   40,    0,   16,    5,   12,    0,    0,    0,   26,    0,   -4,    0,    0,    0,    0,    0,    0,    0,   32,   38,   -8,
       0,   12,    0,    8,    0,    0,    0,    0,    0,    0,    0,    0,    0,    0,    0,    0,    0,    0,    0,    0,    0,    0,    0,    0,  -12,    0,   -6,    0,   -4,    0,    0,    0,    0,   10,    0,    6,    0,   10,    0,    4,    0,    4,    0,    0,    0,    0,    0,    0,    0,    0,    0,   -6,   -6,   -4,    0,    0,    0,   -4,    0,   -6,   -6,   -4,    0,   10,    0,    0,    0,    0,    0,    0,    0,    0,    0,   20,    0,    0,    0,    0,    0,    0,    0,    6,   16,    0,
       0,    0,    0,   -8,    0,    0,    0,    0,    0,    0,   -6,    0,    0,    0,    0,    0,    0,    0,    0,    0,    0,    0,    0,    0,  -36,    0,    0,    0,    0,    0,    0,    0,    0,    0,    0,    0,    0,   -4,   -4,  -22,    0,  -22,    0,    0,    0,    0,    0,    0,    0,    0,    0,    0,    0,    0,    0,    0,    0,    0,    0,    0,    0,    0,    0,    0,    0,    0,    0,    0,    0,    0,    0,    0,    0,    0,    0,    0,    0,    0,    0,    0,    0,  -20,  -12,    0,
       0,    0,    0,    0,    0,    0,    0,    0,    0,    0,    0,    0,    0,    0,    0,    0,    0,    0,    0,    0,    0,    0,    0,    0,    0,    0,    0,    0,    0,    0,    0,    0,    0,    0,    0,    0,    0,    0,    0,  -14,    0,  -14,    0,    0,    0,    0,    0,    0,    0,    0,    0,    0,    0,    0,    0,    0,    0,    0,    0,    0,    0,    0,    0,    0,    0,    0,    0,    0,    0,    0,    0,    0,    0,    0,    0,    0,    0,    0,    0,    0,    0,  -12,    0,    0,
       0,    0,    0,    0,   -8,    0,   -8,    0,    0,    0,    0,    0,    0,    0,    0,    0,    0,    0,    0,    0,    0,    0,    0,    0,    0,    0,    0,    0,    0,    0,   -8,    0,    0,    0,    0,    0,    0,    0,    0,    0,    0,    0,    0,    0,    0,    0,    0,    0,    0,    0,    0,    0,    0,    0,    0,    0,    0,    0,    0,    0,    0,    0,    0,    0,    0,    0,    0,    0,    0,    0,    0,    0,    0,   -8,    0,    0,    0,    0,    0,    0,    0,    0,    0,   -8,
       0,    0,    0,    0,    0,    0,    0,    0,    0,    0,   -6,    0,    0,    0,    0,    0,    0,    0,    0,    0,    0,    0,    0,    0,   -8,    0,   -6,   -8,   -8,    0,    0,    0,    0,    4,    0,    0,   -6,    0,    0,    0,    4,    0,    0,    0,    0,    0,    0,    0,    0,    0,    0,   -6,   -6,   -8,    0,    0,    0,   -4,    0,   -6,   -6,   -8,    0,    0,    0,    0,   -6,    0,    0,    0,    0,    0,    0,    0,    0,    0,    0,    0,   -8,    0,    0,    0,    0,    0,
       0,    0,    0,    0,    0,    0,    0,    0,    0,    0,   -8,    0,    0,    0,    0,    0,    0,    0,    0,    0,    0,    0,    0,    0,    0,    0,    0,    0,    0,    0,    0,    0,    0,    0,    0,    0,    0,    0,    0,   -8,    0,   -8,    0,    0,    0,    0,    0,    0,    0,    0,    0,    0,    0,    0,    0,    0,    0,    0,    0,    0,    0,    0,    0,    0,    0,    0,    0,    0,    0,    0,    0,    0,    0,    0,    0,    0,    0,    0,    0,    0,    0,  -12,   -8,    0,
       0,    0,    0,    0,    0,    0,    0,    0,    0,    0,   -6,    0,    0,    0,    0,    0,    0,    0,    0,    0,    0,    0,    0,    0,  -20,    0,    0,    0,    0,    0,    0,    0,    0,   26,    0,    4,    0,    0,    0,   -8,    0,   12,    0,    0,    0,    0,    0,    0,    0,    0,    0,    0,    0,    0,    0,    0,    0,    0,    0,    0,    0,    0,    0,   26,    0,    0,    0,    0,    0,    0,    0,    0,    0,    0,    0,    0,    0,    0,    0,    0,    0,  -12,    0,    0,
       0,    0,    0,    8,  -24,   -8,  -24,  -24,    0,    0,   -8,    0,    0,    0,    0,    0,    0,    0,    0,    0,    0,    0,    0,    0,    0,    0,  -10,   -6,   -8,    0,  -13,   -6,    0,    0,    0,    0,   -9,    6,    0,    0,    0,    0,    0,    0,    0,    0,    0,    0,    0,    0,    0,  -10,  -10,   -8,    0,    0,    0,   -8,   -6,  -10,  -10,   -8,   -6,    0,   -6,    0,   -9,    0,    0,    0,    0,    0,    0,  -13,    0,    0,    0,    0,    0,    0,    0,   12,   12,  -24,
       0,    0,    0,    0,   -6,    0,   -6,  -12,    0,    0,  -10,    0,    0,    0,    0,    0,    0,    0,    0,    0,    0,    0,    0,    0,  -20,    0,   -6,    0,    0,    0,   -6,    0,    0,    0,    0,    0,    0,    0,    0,   -4,   -4,   -4,    0,    0,    0,    0,    0,    0,    0,    0,    0,   -6,   -6,    0,    0,    0,    0,    0,    0,   -6,   -6,    0,    0,    0,    0,    0,    0,    0,    0,    0,    0,    0,    0,   -6,    0,    0,    0,    0,    0,    0,    0,   -8,    0,   -6,
       0,    0,    0,    0,    0,    0,    0,    0,    0,    0,    0,    0,    0,    0,    0,    0,    0,    0,    0,    0,    0,    0,    0,    0,  -20,    0,    0,    0,    0,    0,    0,    0,    0,    0,    0,    0,    0,    0,    0,   -4,    0,   -4,    0,    0,    0,    0,    0,    0,    0,    0,    0,    0,    0,    0,    0,    0,    0,    0,    0,    0,    0,    0,    0,    0,    0,    0,    0,    0,    0,    0,    0,    0,    0,    0,    0,    0,    0,    0,    0,    0,    0,    6,    8,    0,
       0,    0,    0,    0,    0,    0,    0,    0,    0,    0,  -10,    0,    0,    0,    0,    0,    0,    0,    0,    0,    0,    0,    0,    0,  -24,    0,    0,    0,    0,    0,    0,    0,    0,    0,    0,    0,    0,    0,    0,   -8,    8,   -8,    0,    0,    0,    0,    0,    0,    0,    0,    0,    0,    0,    0,    0,    0,    0,    0,    0,    0,    0,    0,    0,    0,    0,    0,    0,    0,    0,    0,    0,    0,    0,    0,    0,    0,    0,    0,    0,    0,    0,   -8,   -8,    0,
       0,    0,    0,   20,  -32,   -6,  -32,  -22,    0,    0,    0,    0,    0,    0,    0,    0,    0,    0,    0,    0,    0,    0,    0,    0,    0,    0,   -5,  -10,   -8,   10,  -18,  -10,    4,   10,    4,    8,  -13,   12,   16,    6,    6,    6,    0,    0,    0,    0,    0,    0,    0,    0,    0,   -5,   -5,   -8,    4,    0,    0,   -8,  -10,   -5,   -5,   -8,  -10,   16,  -10,    4,  -13,    0,    0,    0,    8,    0,    0,  -18,    0,    0,    0,    0,    0,    0,    0,   16,   20,  -32,
       0,    0,    0,    8,    0,    0,    0,    0,    0,    0,    0,    0,    0,    0,    0,    0,    0,    0,    0,    0,    0,    0,    0,    0,    0,    0,    0,    0,   -6,    0,    0,    0,    0,    0,    0,   12,    0,    8,    0,    6,    4,    6,    0,    0,    0,    0,    0,    0,    0,    0,    0,    0,    0,   -6,    0,    0,    0,   -6,    0,    0,    0,   -6,    0,    0,    0,    0,    0,    0,    0,    0,    0,    0,    0,    0,    0,    0,    0,    0,    0,    0,    0,   16,   20,    0,
       0,    0,    0,    0,    0,    0,    0,    0,    0,    0,    0,    0,    0,    0,    0,    0,    0,    0,    0,    0,    0,    0,    0,    0,  -20,    0,    0,    0,    0,    0,   -4,    0,    0,    0,    0,    0,    0,    0,    0,    0,    0,    0,    0,    0,    0,    0,    0,    0,    0,    0,    0,    0,    0,    0,    0,    0,    0,    0,    0,    0,    0,    0,    0,    0,    0,    0,    0,    0,    0,    0,    0,    0,    0,   -4,    0,    0,    0,    0,    0,    0,    0,    0,    0,    0,
       0,    0,    0,    0,    0,    0,    0,    0,    0,    0,    0,    0,    0,    0,    0,   24,    0,    0,    0,    0,    0,    0,    0,    0,    0,    0,    0,    0,    0,    0,    0,    0,    0,   20,    0,    0,    0,    0,    0,   22,    0,   22,    0,    0,    0,    0,    0,    0,    0,    0,    0,    0,    0,    0,    0,    8,    8,    0,    0,    0,    0,    0,    0,   20,    0,    0,    0,    0,    0,    0,    0,    0,    0,    0,    0,    0,    0,    0,    0,    0,    0,    0,    0,    0,
       0,    0,    0,    0,    0,    0,    0,    0,    0,    0,    0,    0,    0,    0,    0,   16,    0,    0,    0,    0,  -12,    0,  -16,    0,    0,    0,    0,    0,    0,    0,    0,    0,    0,   16,    0,    0,    0,    0,    0,    0,    0,    0,    0,    0,    0,    0,    0,    0,    0,    0,    0,    0,    0,    0,    0,    0,    0,    0,    0,    0,    0,    0,    0,    0,    0,    0,    0,    0,    0,    0,    0,    0,    0,    0,    0,    0,    0,    0,    0,    0,  -16,    0,    0,    0,
       0,    0,    0,    0,    0,    0,    0,    0,    0,    0,    0,    0,    0,    0,    0,    0,    0,    0,   -8,   -8,  -12,    0,  -16,    0,    0,    0,    0,    0,    0,    0,    0,    0,    0,    0,    0,    0,    0,    0,    0,    0,    0,    0,    0,    0,    0,    0,    0,    0,    0,    0,    0,    0,    0,    0,    0,    0,    0,    0,    0,    0,    0,    0,    0,    0,    0,    0,    0,    0,    0,    0,    0,    0,    0,    0,    0,    0,    0,    0,    0,   -8,  -16,    0,    0,    0,
       0,    0,    0,    0,   -8,    0,   -8,    0,    0,    0,    0,    0,  -12,   -8,    0,    0,    0,    0,  -12,    0,  -16,    0,  -20,    0,    0,    0,    0,    0,    0,    0,    0,    0,    0,    0,    0,    0,    0,    0,    0,    0,    0,    0,    0,    0,    0,    0,    0,    0,  -20,    0,    0,    0,    0,    0,    0,    0,    0,    0,    0,    0,    0,    0,    0,    0,    0,    0,    0,    0,    0,    0,    0,    0,    0,    0,    0,    0,    0,    0,    0,    0,  -20,    0,    0,   -8,
       0,    0,    0,    0,    0,    0,    0,    0,    0,    0,    0,    0,    0,   -8,  -10,   12,    0,    0,  -16,  -12,  -30,    0,  -21,    0,    0,    0,  -12,  -12,  -12,   -8,    0,  -12,    0,    0,   -8,    0,  -16,   -8,   -8,  -12,  -12,  -12,  -12,    0,    0,    0,    0,    0,    0,  -10,  -12,  -12,  -12,  -12,    0,    0,    0,  -12,  -12,  -12,  -12,  -12,  -12,    0,  -12,   -8,  -16,  -12,    0,    0,    0,    0,    0,    0,    0,  -10,    0,    0,    0,  -12,  -21,    0,    0,    0,
       0,    0,  -12,    0,  -16,    0,  -16,  -16,    0,    0,    0,    0,  -12,   -6,    0,   -8,   -4,    0,    0,   -6,   -4,   -8,  -12,   -4,  -12,    0,    0,    0,    0,    0,   -4,    0,    0,    0,    0,    0,    0,   12,    0,    0,    0,    0,    0,    0,    0,    0,    0,    0,  -28,    0,   -8,    0,    0,    0,    0,    0,    0,    0,    0,    0,    0,    0,    0,    0,    0,    0,    0,    0,    0,   -4,    0,    0,    0,   -4,    0,    0,    0,    0,   -4,   -6,  -12,    0,    0,  -16,
       0,    0,  -12,    0,  -32,    0,  -32,  -40,    0,    0,   -8,    0,  -40,  -18,    0,  -16,  -18,   -8,  -12,  -14,  -26,  -28,  -30,    0,  -32,  -12,   -6,   -8,    0,    0,   -8,   -8,    0,    0,    0,    0,   -6,    0,    0,    0,   -4,    0,    0,    0,    0,    0,    0,    0,  -44,    0,    0,   -6,   -6,    0,    0,    0,    0,    0,   -8,   -6,   -6,    0,   -8,    0,   -8,    0,   -6,    0,    0,  -16,    0,    0,    0,   -8,    0,    0,    0,    0,    0,  -14,  -42,    0,    0,  -32,
       0,    0,    0,   -8,   -6,    0,   -6,   -8,    0,    0,  -12,    0,    0,    0,    0,    0,    0,    0,    0,    0,    0,    0,    0,    0,  -20,    0,    0,    0,    0,    0,    0,    0,    0,    0,   -6,   -6,    0,    0,   -8,  -16,    0,  -16,    0,    0,    0,    0,    0,    0,    0,    0,    0,    0,    0,    0,    0,    0,    0,    0,    0,    0,    0,    0,    0,    0,    0,   -6,    0,    0,    0,    0,    0,    0,    0,    0,    0,    0,    0,    0,    0,    0,    0,  -16,  -12,   -6,
       0,    0,    8,    8,    0,    0,    0,    0,    0,    0,    0,    0,    0,    0,    0,    0,    0,    0,    0,    0,    0,    0,    0,    0,    8,    8,    0,   20,    0,    0,    0,   20,    0,    0,    0,    0,    0,    0,    0,    0,    0,    0,    0,    0,    8,    0,    0,    0,    0,    0,    0,    0,    0,    0,    0,   20,   20,    0,   20,    0,    0,    0,   20,    0,   20,    0,    0,    0,    0,    0,    0,    0,    0,    0,    0,    0,    0,    0,    0,    0,    0,    0,    8,    0,
       0,    0,   -8,   -8,   -6,    0,   -6,  -40,    0,    0,   -6,    0,    0,    0,    0,    0,    0,    0,    0,    0,    0,    0,    0,    0,  -36,    0,    0,   -5,    0,    0,    0,   -5,    0,    0,    0,    0,    0,    4,    0,   -4,   -6,   -4,    0,    0,    0,    0,    0,    0,    0,    0,    0,    0,    0,    0,    0,    0,    0,    0,   -5,    0,    0,    0,   -5,    0,   15,    0,    0,    0,    0,    0,    0,    0,    0,    0,    0,    0,    0,    0,    0,    0,    0,  -32,   -8,   -6,
       0,    0,   -8,   -8,   -6,    0,   -6,  -16,    0,    0,   -6,    0,    0,    0,    0,    0,    0,    0,    0,    0,    0,    0,    0,    0,  -24,    0,    0,   -5,    0,    0,    0,   -5,    0,    0,    0,    0,    0,    4,    0,    0,   -6,    0,    0,    0,    0,    0,    0,    0,    0,    0,    0,    0,    0,    0,    0,    0,    0,    0,   -5,    0,    0,    0,   -5,    0,   15,    0,    0,    0,    0,    0,    0,    0,    0,    0,    0,    0,    0,    0,    0,    0,    0,  -20,   -8,   -6,
       0,  -20,    0,  -32,    0,  -12,    0,    8,    0,    0,  -22,    0,   10,    0,   -7,    8,    8,    0,  -40,  -24,  -44,    8,  -42,    4,  -40,    0,    0,   -6,    0,    0,    0,    0,    0,   16,    0,    0,    0,   -6,   -8,  -26,    8,  -26,    0,    0,    0,  -12,    0,    0,   12,   -1,    0,    0,    0,    0,    0,    0,    0,    0,    0,    0,    0,    0,    0,   16,    0,    0,    0,    0,    0,    0,    0,    0,    0,    0,    0,   -1,    0,    0,  -12,  -32,  -42,  -36,  -28,    0,
       0,    0,    0,  -16,    0,    0,    0,    0,    0,    0,  -10,    0,    0,    0,    0,    0,    0,    0,    0,    0,    0,    0,    0,    0,  -40,    0,    0,   -4,    0,    0,    0,    0,    0,   36,    0,    0,    0,    0,   -4,  -14,    0,  -14,    0,    0,    0,    0,    0,    0,    0,    0,    0,    0,    0,    0,    0,    0,    0,    0,   -5,    0,    0,    0,    0,   36,    0,    0,    0,    0,    0,    0,    0,    0,    0,    0,   -8,    0,    0,    0,    0,    0,    0,  -16,  -12,    0,
      12,    0,   36,   28,    0,    0,    0,    0,    0,    0,   20,    0,    0,    0,    0,    0,    0,    0,    0,    0,    0,    0,    0,    0,   24,   24,    0,   42,    0,   16,    0,   42,   16,   24,    0,    0,    0,   16,   12,   12,    0,   12,    0,    0,   32,    0,    0,    0,    0,    0,    0,    0,   16,    0,   16,    0,    0,    0,   42,    0,    0,    0,   42,   36,   42,   20,   20,   14,    0,    0,    0,   24,    0,    0,    0,    0,    0,    0,    0,    0,    0,   24,   32,    0,
       0,    0,    0,    0,    0,    0,    0,    0,    0,    0,    0,    0,    0,    0,    0,    0,    0,    0,    0,    0,    0,    0,    0,    0,    0,    0,    0,    0,    0,    0,    0,    0,    0,   12,    0,    0,    0,    0,    0,    0,    0,    0,    0,    0,    0,    0,    0,    0,    0,    0,    0,    0,    0,    0,    0,    0,    0,    0,    0,    0,    0,    0,    0,    0,    0,    0,    0,    0,    0,    0,    0,    0,    0,    0,    0,    0,    0,    0,    0,    0,    0,    0,    4,    0,
       0,    0,    0,    0,    0,    0,    0,    0,    0,    0,  -10,    0,    0,    0,    0,    0,    0,    0,    0,    0,    0,    0,    0,    0,  -16,    0,   -4,    0,    0,    0,    0,    0,    0,   12,    0,    0,    0,    0,    0,   -4,    0,   -4,    0,    0,    0,    0,    0,    0,    0,    0,    0,   -4,   -4,    0,    0,    0,    0,    0,    0,   -4,   -4,    0,    0,   12,   12,    0,    0,    0,    0,    0,    0,    0,    0,    0,    0,    0,    0,    0,    0,    0,    0,   -8,    0,    0,
       0,    0,    0,    0,    0,    0,    0,    0,    0,    0,    0,    0,    0,    0,   -6,    0,    0,    0,    0,    0,    0,    0,    0,    0,    0,    0,    0,    0,   -6,    0,    0,    0,    0,   12,    0,    0,    0,    0,   -5,  -12,    0,  -12,    0,    0,    0,   -8,    0,    0,    0,   -6,    0,    0,    0,   -6,    0,    8,    8,   -6,    0,    0,    0,   -6,    0,    8,    0,    0,    0,    0,    0,    0,    0,    0,    0,    0,    0,   -6,    0,    0,    0,    0,    0,    0,    0,    0,
       0,    0,    0,    0,    0,    0,    0,    0,    0,    0,    0,    0,    0,    0,    0,    0,    0,    0,    0,    0,    0,    0,    0,    0,    0,    0,    0,    0,    0,    0,    0,    0,    0,   28,    0,    0,    0,    0,    0,  -14,    0,  -14,    0,    0,    0,    0,    0,    0,    0,    0,    0,    0,    0,    0,    0,    0,    0,    0,    0,    0,    0,    0,    0,   28,    0,    0,    0,    0,    0,    0,    0,    0,    0,    0,    0,    0,    0,    0,    0,    0,    0,  -12,    0,    0,
       0,    0,    0,    0,   -8,    0,   -8,    0,    0,    0,    0,    0,    0,    0,    0,    0,    0,    0,    0,    0,    0,    0,    0,    0,    0,    0,    0,   16,    0,    0,   -8,   16,    0,    0,    0,    0,    0,    0,    0,    0,    0,    0,    0,    0,    0,    0,    0,    0,    0,    0,    0,    0,    0,    0,    0,    0,    0,    0,   16,    0,    0,    0,   16,    0,   16,    0,    0,    0,    0,    0,    0,   10,    0,   -8,    0,    0,    0,    0,    0,    0,    0,   16,   16,   -8,
       0,    0,    0,    0,    0,    0,    0,    0,    0,    0,   -8,    0,    0,    0,    0,    0,    0,    0,    0,    0,    0,    0,    0,    0,    0,    0,    0,    0,    0,   16,    0,    0,   16,   20,   16,   20,    0,   16,   16,   12,   12,   12,    0,    0,    0,    0,    0,    0,    0,    0,    0,    0,    0,    0,   16,    0,    0,    0,    0,    0,    0,    0,    0,    0,    0,   16,    0,    0,    0,    0,    0,    0,    0,    0,    0,    0,    0,    0,    0,    0,    0,  -12,   -8,    0,
       0,    0,    0,    0,    0,    0,    0,    0,    0,    0,    0,    0,    0,    0,    0,    0,    0,    0,    0,    0,    0,    0,    0,    0,  -20,    0,    0,    0,    0,    0,    0,    0,    0,    8,    0,    0,    0,    0,    0,   -4,    0,   -4,    0,    0,    0,    0,    0,    0,    0,    0,    0,    0,    0,    0,    0,    0,    0,    0,    0,    0,    0,    0,    0,    0,    0,    0,    0,    0,    0,    0,    0,    0,    0,    0,    0,    0,    0,    0,    0,    0,    0,    6,    8,    0,
       0,    0,    0,    0,    0,    0,    0,    0,    0,    0,  -10,    0,    0,    0,    0,    0,    0,    0,    0,    0,    0,    0,    0,    0,  -24,    0,    0,    0,    0,    0,    0,    0,    0,   28,    0,    0,    0,    0,    0,   -8,    8,   -8,    0,    0,    0,    0,    0,    0,    0,    0,    0,    0,    0,    0,    0,    0,    0,    0,    0,    0,    0,    0,    0,   28,    0,    0,    0,    0,    0,    0,    0,    0,    0,    0,    0,    0,    0,    0,    0,    0,    0,   -8,   -8,    0,
       0,    0,    0,    0,    0,   -8,    0,    0,    0,    0,    0,    0,    0,    0,  -10,    0,    0,    0,    0,    0,    0,    0,    0,    0,    0,    0,   -6,   28,   -6,    0,   -6,   28,    0,    0,    0,    0,   -8,    0,   -4,   -5,    0,   -5,    0,   26,    0,    0,    0,    0,    0,  -10,    0,   -6,   -6,   -6,    0,    0,    0,   -6,   28,   -6,   -6,   -6,   28,    0,   28,    0,   -8,    0,    0,    0,    0,    0,    0,   -6,    0,  -10,    0,    0,    0,    0,    0,    0,    0,    0,
       0,   64,    0,   64,    0,    0,    0,    0,    0,    0,    0,    0,    0,    0,    0,    0,    0,    0,    0,    0,    0,    0,    0,    0,  -24,    0,   -4,   58,    0,    0,   -6,   58,    0,    0,    0,    0,    0,    0,    0,    0,    0,    0,    0,   52,    0,    0,    0,    0,    0,    0,    0,   -4,   -4,    0,    0,    0,    0,    0,   58,   -4,   -4,    0,   58,    0,   58,    0,    0,    0,    0,    0,    0,    0,    0,   -6,    0,    0,    0,    0,    0,    0,    0,    0,   64,    0,
       0,    0,   16,    0,  -16,    0,  -16,  -16,    0,    0,    0,    0,  -10,    6,    0,    0,    0,    0,    8,   12,   16,    4,   16,    4,   12,    8,    0,   24,    0,    0,   -4,   24,    0,    0,    0,    0,    0,   12,    0,    0,    0,    0,    0,    0,   12,    0,    0,    0,  -28,    0,    0,    0,    0,    0,    0,    0,    0,    0,   24,    0,    0,    0,   24,    0,   24,    0,    0,    0,    0,    0,    0,    0,    0,   -4,    0,    0,    0,    0,    0,   12,   16,    0,   12,  -16,
       0,   12,    0,   16,   -6,    0,   -6,  -16,    0,    0,    0,    0,    0,    0,    0,    0,    0,    0,    0,    0,    0,    0,    0,    0,    0,    0,    0,   12,    0,    8,    0,   12,    0,    0,    8,   12,    0,   12,    8,   16,    8,   16,    0,    0,    0,    0,    0,    0,    0,    0,    0,    0,    0,    0,    0,    0,    0,    0,   12,    0,    0,    0,   12,    0,   12,    8,    0,    0,    0,    0,    0,    8,    0,    0,    0,    0,    0,    0,    0,    0,    0,   24,   16,   -6,
       0,    0,   20,   12,  -16,    0,  -16,  -23,    0,    0,    0,    0,  -26,    4,   -6,    0,    0,   -6,    0,   12,   16,    0,   16,    0,   14,    8,   -8,   20,   -6,    0,  -16,   20,    0,    0,    0,    0,  -10,    0,    0,    0,   -8,    0,   -8,    0,   16,    0,   -8,    0,  -28,   -6,    0,   -8,   -8,   -6,    0,   32,   32,   -6,   20,   -8,   -8,   -6,   20,    0,   20,    0,  -10,   -8,    0,    0,    0,    0,    0,  -16,    0,   -6,    0,    0,    0,   12,   16,    0,   12,  -16,
       0,    0,    0,   16,    0,    0,    0,    0,    0,    0,    0,    0,    0,    0,    0,    0,    0,    0,    0,    0,    0,    0,    0,    0,    0,    0,    0,    0,    0,    0,    0,    0,    0,    0,    0,    0,    0,    8,    0,    8,    8,    8,    0,    0,    0,    0,    0,    0,    0,    0,    0,    0,    0,    0,    0,    0,    0,    0,    0,    0,    0,    0,    0,    0,    0,    0,    0,    0,    0,    0,    0,    8,    0,    0,    0,    0,    0,    0,    0,    0,    0,    8,   12,    0,
       0,    0,    0,    0,  -50,  -44,  -50,  -48,  -12,  -12,    0,  -24,  -50,    0,  -12,    0,    0,   -4,    0,    0,   12,    0,   16,    0,    0,    0,    0,    0,  -32,  -16,    0,    0,    0,    0,    0,    0,  -22,    0,    0,    0,  -10,    0,  -22,    0,    0,    0,  -16,    0,  -60,  -12,    0,    0,    0,  -32,    0,    0,    0,  -32,    0,    0,    0,  -32,    0,    0,    0,    0,  -22,  -22,    0,    0,    0,    0,    0,    0,    0,  -12,    0,    0,    0,    0,   16,    0,    0,  -50,
       0,   75,    0,   84,    0,    0,    0,    0,    0,    0,    0,    0,    0,    0,    0,    0,    0,    0,    0,    0,    0,    0,    0,    0,   90,    0,    0,   24,    0,    0,    0,   24,    0,    0,    0,    0,    0,    0,    0,    0,    0,    0,    0,   72,   96,    0,    0,    0,    0,    0,    0,    0,    0,    0,    0,    0,    0,    0,   24,    0,    0,    0,   24,    0,   24,    0,    0,    0,    0,    0,    0,    0,    0,    0,    0,    0,    0,    0,    0,    0,    0,   80,   84,    0,
       0,    0,    0,    0,    0,    0,    0,    0,    0,    0,    0,    0,    0,    0,    0,    0,    0,    0,    0,    0,    0,    0,    0,    0,    0,    0,    0,    0,    0,    0,    0,    0,    0,    0,    0,    0,    0,    0,    0,   12,    0,   12,    0,    0,    0,    0,    0,    0,    0,    0,    0,    0,    0,    0,    0,    0,    0,    0,    0,    0,    0,    0,    0,    0,    0,    0,    0,    0,    0,    0,    0,    0,    0,    0,    0,    0,    0,    0,    0,    0,    0,    0,    0,    0,
       0,   12,    0,    8,    0,    0,    0,    0,    0,    0,    0,    0,    0,    0,    0,    0,    0,    0,    0,    0,    0,    0,    0,    0,  -12,    0,   -6,    0,   -4,    0,   28,    0,    0,   10,    0,    6,    0,   10,    0,    4,    0,    4,    0,    0,    0,    0,    0,    0,    0,    0,    0,   -6,   -6,   -4,    0,    0,    0,   -4,    0,   -6,   -6,   -4,    0,   10,    0,    0,    0,    0,    0,    0,    0,    0,    0,   20,    0,    0,    0,    0,    0,    0,    0,    6,   16,    0,
       0,    0,    0,    0,    0,    0,    0,    0,    0,    0,    0,    0,    0,    0,    0,    0,    0,    0,    0,    0,    0,    0,    0,    0,    0,    0,    0,    0,   -6,    0,    0,    0,    0,    0,    0,    0,    0,    0,    0,    0,    0,    0,    0,    0,    0,    0,    0,    0,    0,    0,    0,    0,    0,   -6,    0,    0,    0,   -6,    0,    0,    0,   -6,    0,    0,    0,    0,    0,    0,    0,    0,    0,    0,    0,    0,    0,    0,    0,    0,    0,    0,    0,    0,    0,    0,
       0,    0,  -12,    0,  -16,    0,  -16,  -16,    0,    0,    0,    0,  -12,   -6,    0,   -8,   -4,    0,    0,   -6,   -8,   -8,  -16,   -4,  -12,    0,    0,    0,    0,    0,   -4,    0,    0,    0,    0,    0,    0,   12,    0,    0,    0,    0,    0,    0,    0,    0,    0,    0,  -28,    0,   -8,    0,    0,    0,    0,    0,    0,    0,    0,    0,    0,    0,    0,    0,    0,    0,    0,    0,    0,   -4,    0,    0,    0,   -4,    0,    0,    0,    0,   -4,   -6,  -16,    0,    0,  -16,
       0,    0,    0,    0,    0,    0,    0,    0,    0,    0,    0,    0,    0,    0,    0,    0,    0,    0,    0,    0,    0,    0,    0,    0,  -20,    0,    0,    0,    8,    0,    0,    0,    0,    0,    0,    0,    0,    0,    0,    0,    0,    0,    0,    0,    0,    0,    0,    0,    0,    0,    0,    0,    0,    8,    0,    0,    0,    8,    0,    0,    0,    8,    0,    0,    0,    0,    0,    0,    0,    0,    0,    0,    0,    0,    0,    0,    0,    0,    0,    0,    0,    0,    0,    0,
       0,  -22,    0,  -38,    8,    0,    8,    0,    0,    0,    0,    0,    0,    0,    0,    0,    0,    0,    0,    0,    0,    0,    0,    0,  -38,    0,    0,    0,    0,    0,    0,    0,    0,    0,    0,    0,    0,    0,    0,  -24,    0,  -24,    0,    0,    0,    0,    0,    0,    0,    0,    0,    0,    0,    0,    0,    0,    0,    0,    0,    0,    0,    0,    0,    0,    0,    0,    0,    0,    0,    0,    0,    0,    0,    0,    0,    0,    0,    0,    0,    0,    0,    0,  -36,    8,
       0,    0,    0,    0,   16,    0,    0,    0,    0,   16,    0,    0,    0,    0,    0,    0,    0,    0,    0,    0,    0,    0,    0,    0,    0,    0,    0,    0,    0,    0,    0,    0,    0,   40,    0,    0,    0,    0,    0,    0,    0,   24,    0,    0,    0,    0,    0,    0,    0,    0,    0,    0,    0,    0,    0,    0,    0,    0,    0,    0,    0,    0,    0,   40,    0,    0,    0,    0,    0,    0,    0,    0,    0,    0,    0,    0,    0,    0,    0,    0,    0,    0,    0,    0,
       0,    0,    0,    0,  -16,    0,  -16,  -23,    0,    0,    0,    0,  -36,    0,   -6,    0,   -6,   -6,    0,    0,    0,    0,    0,   -4,    0,    0,   -8,    0,   -6,    0,  -16,    0,    0,    0,    0,    0,  -10,    0,    0,    0,   -8,    0,   -8,    0,    0,    0,   -8,    0,  -28,   -6,  -12,   -8,   -8,   -6,    0,   16,   16,   -6,    0,   -8,   -8,   -6,    0,    0,    0,    0,  -10,   -8,    0,    0,    0,    0,    0,  -16,    0,   -6,    0,    0,    0,    8,    0,    0,    0,  -16,
       0,    0,    0,    0,   -8,    0,   -8,    0,    0,    0,    0,    0,    0,    0,    0,    0,    0,    0,    0,    0,    0,    0,    0,    0,    0,    0,    0,    0,    8,    0,   -8,    0,    0,    0,    0,    0,    0,    0,    0,    0,    0,    0,    0,    0,    0,    0,    0,    0,    0,    0,    0,    0,    0,    8,    0,    0,    0,    8,    0,    0,    0,    8,    0,    0,    0,    0,    0,    0,    0,    0,    0,    0,    0,   -8,    0,    0,    0,    0,    0,    0,    0,    0,    0,   -8,
       0,  -12,   28,    0,    0,    0,    0,    0,    0,    0,    0,    0,    0,    0,    0,   50,    0,    0,  -12,    0,  -12,    0,  -12,    0,  -24,    0,    0,    0,    0,    0,    0,    0,    0,    0,    0,    0,    0,    0,    0,    0,    0,    0,    0,    0,    0,    0,    0,    0,    0,    0,    0,    0,    0,    0,    0,    0,    0,    0,    0,    0,    0,    0,    0,    0,    0,    0,    0,    0,    0,    0,    0,    0,    0,    0,    0,    0,    0,    0,    0,    0,  -12,    0,  -20,   28,
       0,    0,   50,    0,   60,    0,    0,    0,    0,   60,    0,    0,    0,    0,    0,    0,    0,    0,    0,    0,    0,    0,    0,    0,  -20,    0,    0,    0,    0,    0,    0,    0,    0,    0,    0,    0,    0,    0,    0,   -4,    0,   64,    0,   22,    0,    0,    0,    0,    0,    0,    0,    0,    0,    0,    0,    0,    0,    0,    0,    0,    0,    0,    0,    0,    0,    0,    0,    0,    0,    0,    0,    0,    0,    0,    0,    0,    0,    0,    0,    0,    0,    0,    0,   60,
       0,    0,    0,    0,  -32,    0,  -32,    0,    0,    0,    0,    0,  -28,    0,    0,    0,    0,    0,   16,    0,    8,    0,    8,    0,    0,    0,    0,    8,  -12,    0,  -12,    8,    0,    4,    0,    0,  -12,    0,    0,    4,    0,    4,    0,    0,    0,    0,    0,  -44,  -48,    0,    0,    0,    0,  -12,    0,   20,   20,  -12,    8,    0,    0,  -12,    8,   20,    8,    0,  -12,    0,    0,    0,    0,    0,    0,  -12,    0,    0,    0,    0,    0,    0,    8,    0,    0,  -32,
       0,    0,    0,    0,  -32,    0,  -32,    0,    0,    0,    0,    0,  -40,    0,  -16,    0,    0,   -8,    0,    0,    8,    0,    8,    0,    0,    0,  -16,    4,  -20,    0,  -34,    4,    0,    0,    0,    0,  -32,    4,    0,    0,    0,    0,   -8,    0,    0,    0,    0,    0,  -66,  -16,    0,  -16,  -16,  -20,    0,    8,    8,  -20,    4,  -16,  -16,  -20,    4,   16,    4,    0,  -32,   -8,    0,    0,    0,    0,    0,  -34,    0,  -16,    0,    0,    0,    0,    8,    0,    0,  -32,
};

static const EpdLigaturePair bookerly_12_regularLigaturePairs[] = {
    { 0x00660066, 0xFB00 }, // f f -> U+FB00
    { 0x00660069, 0xFB01 }, // f i -> U+FB01
    { 0x0066006C, 0xFB02 }, // f l -> U+FB02
    { 0xFB000069, 0xFB03 }, // U+FB00 i -> U+FB03
    { 0xFB00006C, 0xFB04 }, // U+FB00 l -> U+FB04
};

static const EpdFontData bookerly_12_regular = {
    bookerly_12_regularBitmaps,
    bookerly_12_regularGlyphs,
    bookerly_12_regularIntervals,
    40,
    33,
    27,
    -7,
    true,
    bookerly_12_regularGroups,
    10,
    bookerly_12_regularKernLeftClasses,
    bookerly_12_regularKernRightClasses,
    bookerly_12_regularKernMatrix,
    680,
    693,
    96,
    84,
    bookerly_12_regularLigaturePairs,
    5,
};
