/**
 * generated by fontconvert.py
 * name: opendyslexic_8_bold
 * size: 8
 * mode: 1-bit
 * Command used: scripts/fontconvert.py opendyslexic_8_bold 8 scripts/../builtinFonts/source/OpenDyslexic/OpenDyslexic-Bold.otf --additional-intervals 0x0180,0x024F --additional-intervals 0x1E00,0x1EFF
 */
#pragma once
#include "EpdFontData.h"

static const uint8_t opendyslexic_8_boldBitmaps[23323] = {
    0x01, 0x8C, 0x77, 0x39, 0xCE, 0x73, 0x9C, 0xE3, 0x00, 0x00, 0x03, 0xFF, 0xFF, 0xFC, 0x7B, 0xEF,
    0x7D, 0xEF, 0x3D, 0xE7, 0xBC, 0xF7, 0x80, 0x03, 0x9C, 0x00, 0x73, 0x80, 0x0E, 0x70, 0x03, 0xCE,
    0x07, 0xFF, 0xFE, 0xFF, 0xFF, 0x9F, 0xFF, 0xF0, 0x39, 0xC0, 0x07, 0x38, 0x0F, 0xFF, 0xF9, 0xFF,
    0xFF, 0x3F, 0xFF, 0xC0, 0xF7, 0x80, 0x1E, 0xF0, 0x03, 0xDE, 0x00, 0x01, 0x80, 0x07, 0x00, 0x0E,
    0x00, 0x3F, 0x81, 0xFF, 0x07, 0xFE, 0x0F, 0xE0, 0x1F, 0xC0, 0x3F, 0x80, 0x3F, 0xC0, 0x7F, 0xE0,
    0x3F, 0xE0, 0x3F, 0xC3, 0xF7, 0xCF, 0xFF, 0x3F, 0xFE, 0x3F, 0xF0, 0x07, 0x00, 0x0E, 0x00, 0x1C,
    0x00, 0x00, 0x38, 0x00, 0xE7, 0x87, 0x3F, 0x38, 0xCC, 0xE3, 0x77, 0x0F, 0xDC, 0x1E, 0xE0, 0x07,
    0xF8, 0x1F, 0xF0, 0xEC, 0xC7, 0xBF, 0x1C, 0xFC, 0xF1, 0xE3, 0x80, 0x00, 0x7E, 0x0F, 0xF0, 0xC3,
    0x0C, 0x30, 0xE7, 0x07, 0xF0, 0x7C, 0x07, 0xC7, 0xFF, 0x7E, 0x7F, 0xF3, 0xEF, 0xFE, 0xFF, 0xF3,
    0xF2, 0x79, 0xE7, 0x9E, 0xF9, 0xE0, 0x0E, 0x38, 0xF1, 0xC7, 0x8E, 0x1C, 0x78, 0xE1, 0xC3, 0x87,
    0x0E, 0x1C, 0x38, 0x78, 0xF0, 0xE1, 0xE3, 0xC3, 0xC7, 0xC7, 0x80, 0x70, 0x70, 0x38, 0x3C, 0x1C,
    0x1C, 0x1E, 0x0E, 0x0E, 0x0E, 0x0E, 0x0F, 0x0E, 0x0E, 0x0E, 0x0E, 0x1E, 0x1E, 0x3C, 0x3C, 0x78,
    0x78, 0xF0, 0x04, 0x03, 0x86, 0xFD, 0xFF, 0x7F, 0x8F, 0xE7, 0xFD, 0xFE, 0x2E, 0x03, 0x00, 0x0E,
    0x03, 0x80, 0xE0, 0x38, 0x7F, 0xDF, 0xF7, 0xF8, 0x38, 0x0E, 0x03, 0x80, 0x79, 0xE7, 0x9E, 0xF3,
    0xC0, 0xFF, 0xFF, 0xC0, 0x7F, 0xFF, 0x00, 0x20, 0x0E, 0x00, 0xE0, 0x0E, 0x01, 0xC0, 0x1C, 0x01,
    0xC0, 0x38, 0x03, 0x80, 0x38, 0x07, 0x80, 0x70, 0x07, 0x00, 0x70, 0x0F, 0x00, 0xE0, 0x0E, 0x01,
    0xE0, 0x1C, 0x01, 0xC0, 0x3C, 0x03, 0xC0, 0x38, 0x03, 0x80, 0x78, 0x07, 0x80, 0x70, 0x0E, 0x00,
    0xC0, 0x00, 0x1F, 0x1F, 0xE7, 0x39, 0xD7, 0xFF, 0xFF, 0xFF, 0xFF, 0xF7, 0xF7, 0xFE, 0xF7, 0xFD,
    0xFE, 0x3F, 0x87, 0xC0, 0x1C, 0x3E, 0x1F, 0x0F, 0x81, 0xC0, 0xE0, 0x70, 0x78, 0x3C, 0x1E, 0x3F,
    0xFF, 0xFF, 0xF8, 0x7E, 0x3F, 0xEF, 0xFB, 0x0E, 0x03, 0xC0, 0xE0, 0x78, 0x3C, 0x3F, 0x1F, 0x87,
    0xFF, 0xFF, 0xFF, 0xC0, 0x7F, 0x1F, 0xE6, 0x38, 0x06, 0x03, 0x8F, 0xE3, 0xF8, 0xFE, 0x03, 0xDF,
    0xF7, 0xFF, 0xFE, 0xFF, 0x00, 0x07, 0x01, 0xC0, 0xF8, 0x7E, 0x1F, 0x8F, 0xE7, 0x7B, 0xFF, 0xFF,
    0xFF, 0xF0, 0x78, 0x1E, 0x07, 0x80, 0x00, 0x00, 0x1F, 0xE7, 0xF9, 0xC0, 0xF0, 0x3C, 0x0F, 0xF3,
    0xFE, 0xFF, 0x80, 0xF6, 0x7D, 0xFE, 0xFF, 0xBF, 0xC7, 0xC0, 0x1F, 0x8F, 0xE7, 0xF9, 0xC0, 0xFF,
    0x3F, 0xEF, 0xFF, 0xCF, 0xF1, 0xFC, 0xF7, 0xFD, 0xFE, 0x3F, 0x00, 0x60, 0x3F, 0xFF, 0xF8, 0x0E,
    0x03, 0x81, 0xE0, 0x78, 0x1E, 0x0F, 0x03, 0xC0, 0xF0, 0x7C, 0x1F, 0x00, 0x1F, 0x07, 0xF1, 0xEE,
    0x38, 0xE7, 0xBC, 0xFF, 0x0F, 0xE3, 0xFE, 0xF1, 0xDE, 0x3B, 0xEF, 0x7F, 0xE7, 0xF8, 0x7E, 0x00,
    0x3F, 0x1F, 0xEF, 0x3B, 0x87, 0xE1, 0xF8, 0x7F, 0xFD, 0xFF, 0x3F, 0xC0, 0xF7, 0xFF, 0xFE, 0xFF,
    0x00, 0x00, 0x03, 0xBD, 0xEF, 0x80, 0x00, 0x77, 0xBD, 0xF0, 0x01, 0xE7, 0x9E, 0x78, 0x00, 0x00,
    0x7D, 0xF7, 0x9E, 0x7B, 0xCF, 0x00, 0x00, 0x18, 0x01, 0xE0, 0x1F, 0x83, 0xFC, 0x3F, 0xC1, 0xFC,
    0x07, 0xF8, 0x1F, 0xFE, 0x0F, 0xFC, 0x07, 0xF0, 0x03, 0xC0, 0x03, 0x9F, 0xE7, 0xFD, 0xC0, 0x3F,
    0x9F, 0xEF, 0xFC, 0x60, 0x01, 0xE0, 0x07, 0xE0, 0x0F, 0xF0, 0x0F, 0xF0, 0x0F, 0xE0, 0x7F, 0x8F,
    0xFE, 0x7F, 0xC1, 0xF8, 0x07, 0x00, 0x00, 0x00, 0x07, 0xE1, 0xFE, 0x3F, 0xE6, 0x1C, 0x03, 0xC0,
    0x78, 0x0F, 0x01, 0xC1, 0xF8, 0x3E, 0x07, 0x80, 0xF0, 0x1E, 0x07, 0x00, 0x00, 0x00, 0x01, 0xC0,
    0x78, 0x0F, 0x01, 0xE0, 0x01, 0xE0, 0x07, 0xF8, 0x0F, 0x3C, 0x1C, 0x0E, 0x39, 0xE6, 0x3B, 0xE6,
    0x3B, 0x66, 0x3B, 0xFE, 0x3B, 0xFC, 0x3C, 0x38, 0x3F, 0xB8, 0x1F, 0xF8, 0x0F, 0xFC, 0x03, 0xFC,
    0x00, 0x00, 0x07, 0x80, 0x1E, 0x00, 0x7C, 0x03, 0xF0, 0x0F, 0xC0, 0x7F, 0x81, 0xCE, 0x07, 0x3C,
    0x3C, 0xF0, 0xFF, 0xC7, 0xFF, 0x9F, 0xFE, 0x78, 0x7F, 0xC0, 0xF0, 0xFF, 0x8F, 0xFC, 0xFF, 0xCF,
    0x1C, 0xF1, 0xCF, 0xFC, 0xFF, 0xCF, 0xFE, 0xF1, 0xEF, 0x0F, 0xFF, 0xFF, 0xFE, 0xFF, 0xEF, 0xFC,
    0x00, 0x00, 0x7F, 0x1F, 0xF3, 0xFF, 0x3F, 0xF7, 0x80, 0x78, 0x07, 0x80, 0xF8, 0x0F, 0x80, 0xFE,
    0x77, 0xFF, 0x7F, 0xF3, 0xFF, 0x1F, 0xF0, 0xFF, 0xC7, 0xFF, 0x3F, 0xFD, 0xE3, 0xFF, 0x07, 0xF8,
    0x1F, 0xC0, 0xFE, 0x07, 0xF0, 0x7F, 0x9F, 0xFF, 0xFF, 0xFF, 0xEF, 0xFF, 0x7F, 0xE0, 0x7F, 0xEF,
    0xF9, 0xFF, 0x38, 0x07, 0x00, 0xFF, 0x1F, 0xE3, 0xFC, 0x70, 0x1E, 0x03, 0xFF, 0x7F, 0xEF, 0xFF,
    0xFF, 0xC0, 0x7F, 0xDF, 0xF7, 0xF9, 0xC0, 0x70, 0x1F, 0xE7, 0xF9, 0xFE, 0x70, 0x1C, 0x07, 0x03,
    0xC0, 0xF0, 0x3C, 0x00, 0x0F, 0xF8, 0x3F, 0xF0, 0xFF, 0xE3, 0xF1, 0xC7, 0x80, 0x0F, 0x00, 0x3E,
    0x00, 0x78, 0x7E, 0xF0, 0xFF, 0xF1, 0xFD, 0xE0, 0xFB, 0xFF, 0xE7, 0xFF, 0xC7, 0xFF, 0x83, 0xFE,
    0x00, 0x70, 0x7B, 0x83, 0xDC, 0x1E, 0xE0, 0xF7, 0x07, 0xBC, 0x3D, 0xE1, 0xFF, 0xFF, 0xFF, 0xFF,
    0xFF, 0xFF, 0xFF, 0xF0, 0xFF, 0x87, 0xFC, 0x3C, 0xF3, 0x9C, 0xE7, 0x39, 0xCE, 0x73, 0x9C, 0xFF,
    0xFC, 0x01, 0xE0, 0x3C, 0x07, 0x80, 0xE0, 0x1C, 0x07, 0x80, 0xF0, 0x1E, 0x03, 0xC0, 0x78, 0x0F,
    0x01, 0xE0, 0x38, 0xCF, 0x1F, 0xE3, 0xFC, 0xFF, 0x0F, 0x80, 0x39, 0xE1, 0xDE, 0x0E, 0xF0, 0xFF,
    0x07, 0xF8, 0x3F, 0x81, 0xF8, 0x0F, 0xC0, 0x7E, 0x03, 0xF8, 0x1F, 0xE0, 0xFF, 0xCF, 0x7F, 0x79,
    0xFC, 0x78, 0x0F, 0x01, 0xE0, 0x38, 0x07, 0x00, 0xE0, 0x1C, 0x03, 0x80, 0x70, 0x0E, 0x01, 0xFF,
    0x7F, 0xFF, 0xFF, 0xFF, 0xC0, 0x78, 0x3E, 0xF8, 0x7D, 0xF1, 0xFB, 0xF3, 0xF7, 0xE7, 0xEF, 0xDF,
    0xDF, 0xFF, 0xBF, 0xFF, 0x7F, 0xFF, 0xEF, 0xFF, 0xDF, 0x7F, 0xFE, 0xFF, 0xBD, 0xFF, 0x77, 0xC0,
    0x38, 0x3B, 0xE3, 0xDF, 0x1E, 0xFC, 0xF7, 0xE7, 0xBF, 0xBD, 0xFD, 0xEF, 0xEF, 0x7F, 0xF3, 0xDF,
    0x9E, 0xFC, 0xF3, 0xEF, 0x9F, 0x7C, 0xF8, 0x0F, 0xE0, 0x3F, 0xE0, 0xFF, 0xE3, 0xC1, 0xE7, 0x83,
    0xCE, 0x03, 0xBC, 0x07, 0xF8, 0x0F, 0xF0, 0x1C, 0xFF, 0xF9, 0xFF, 0xF3, 0xFF, 0xE3, 0xFF, 0x83,
    0xFE, 0x00, 0x00, 0x00, 0x38, 0x0F, 0xF1, 0xFF, 0x38, 0xE7, 0x0E, 0xE3, 0xDF, 0xFB, 0xFE, 0x7F,
    0x8F, 0xE1, 0xC0, 0x3C, 0x0F, 0x81, 0xF0, 0x3E, 0x00, 0x07, 0x80, 0x0F, 0xE0, 0x3F, 0xF0, 0x3E,
    0xF8, 0x78, 0x3C, 0x70, 0x3C, 0xF0, 0x3C, 0xF0, 0x1C, 0xF0, 0x1C, 0x71, 0x3C, 0x79, 0xFC, 0x7F,
    0xFC, 0x3F, 0xF8, 0x3F, 0xF0, 0x1F, 0xF8, 0x00, 0xFC, 0x00, 0x7E, 0x00, 0x00, 0x7F, 0x07, 0xF8,
    0x71, 0xC7, 0x1C, 0x71, 0xC7, 0x3C, 0x7F, 0xC7, 0xF8, 0x7F, 0xC7, 0x9C, 0x79, 0xEF, 0x9E, 0xF9,
    0xEF, 0x9F, 0x00, 0x00, 0x07, 0xC0, 0x7F, 0x83, 0xFE, 0x0F, 0xB0, 0x38, 0x00, 0xF0, 0x03, 0xF8,
    0x0F, 0xF8, 0x0F, 0xF0, 0x0F, 0xE0, 0x07, 0x8F, 0x1E, 0x7F, 0xF9, 0xFF, 0xC7, 0xFE, 0x00, 0x00,
    0xFF, 0xFF, 0xFF, 0xFF, 0xFE, 0x0F, 0x00, 0x78, 0x03, 0xC0, 0x1E, 0x00, 0xF0, 0x07, 0x80, 0x3C,
    0x01, 0xE0, 0x0F, 0x00, 0x78, 0x03, 0xC0, 0xF8, 0xFF, 0xC7, 0xFE, 0x1F, 0xF0, 0xFF, 0x87, 0xB8,
    0x3D, 0xC1, 0xEE, 0x0F, 0x70, 0x7B, 0xC7, 0x9F, 0xFC, 0xFF, 0xE7, 0xFF, 0x1F, 0xF0, 0x00, 0x00,
    0xF0, 0x1C, 0xF0, 0x79, 0xE0, 0xF3, 0xC3, 0xC3, 0xC7, 0x87, 0x9F, 0x0F, 0xBC, 0x0F, 0x78, 0x1F,
    0xF0, 0x3F, 0xC0, 0x3F, 0x80, 0x7F, 0x00, 0xFC, 0x00, 0xF8, 0x00, 0x70, 0x00, 0xEF, 0x80, 0x1E,
    0x78, 0x01, 0xE7, 0x80, 0x1E, 0x78, 0x61, 0xE7, 0xCF, 0x3C, 0x3C, 0xF3, 0xC3, 0xDF, 0xBC, 0x3D,
    0xFB, 0xC3, 0xFF, 0xF8, 0x3F, 0xFF, 0x81, 0xFF, 0xF8, 0x1F, 0x9F, 0x81, 0xF9, 0xF0, 0x1F, 0x9F,
    0x00, 0x78, 0x3C, 0xF1, 0xE3, 0xC7, 0x07, 0xBC, 0x1F, 0xE0, 0x3F, 0x80, 0x7C, 0x01, 0xF0, 0x0F,
    0xC0, 0x3F, 0x81, 0xFF, 0x0F, 0xBE, 0x7C, 0xF9, 0xF1, 0xF0, 0x70, 0x39, 0xE1, 0xE7, 0x87, 0x0F,
    0x3C, 0x3D, 0xE0, 0x7F, 0x81, 0xFE, 0x03, 0xF0, 0x0F, 0xC0, 0x1E, 0x00, 0x78, 0x01, 0xE0, 0x07,
    0x80, 0x1E, 0x00, 0x7F, 0xFC, 0xFF, 0xF3, 0xFF, 0xC7, 0xFE, 0x03, 0xF0, 0x1F, 0x80, 0xFE, 0x07,
    0xF0, 0x3F, 0x81, 0xFC, 0x0F, 0xFF, 0x3F, 0xFE, 0xFF, 0xFB, 0xFF, 0xE0, 0x3E, 0x7D, 0xE3, 0xC7,
    0x8F, 0x1C, 0x38, 0x70, 0xE1, 0xC3, 0x87, 0x0E, 0x1C, 0x38, 0x70, 0xE1, 0xC3, 0x87, 0x0F, 0xDF,
    0xFF, 0x00, 0x40, 0x40, 0x60, 0x60, 0x60, 0x70, 0x70, 0x78, 0x38, 0x38, 0x3C, 0x1C, 0x1C, 0x1E,
    0x0E, 0x0E, 0x0E, 0x04, 0x04, 0x7C, 0xF8, 0x70, 0xE1, 0xC3, 0xC7, 0x8F, 0x1E, 0x3C, 0x38, 0x70,
    0xE1, 0xC3, 0x87, 0x0E, 0x1C, 0x38, 0x70, 0xEF, 0xDF, 0xBF, 0x00, 0x00, 0x07, 0x01, 0xE0, 0xFC,
    0x73, 0x80, 0x00, 0x03, 0xFF, 0xDF, 0xFE, 0xFF, 0xE0, 0xF0, 0xF0, 0xF8, 0x00, 0x00, 0x0F, 0xE7,
    0xF9, 0xDE, 0xE3, 0xB8, 0x7E, 0x7F, 0xFF, 0x7F, 0xCF, 0xF0, 0x60, 0x1E, 0x03, 0xC0, 0x78, 0x0F,
    0x00, 0xFE, 0x1F, 0xE3, 0xFC, 0x79, 0xCE, 0x39, 0xC7, 0x3C, 0xE7, 0xFC, 0xFF, 0x8F, 0xE0, 0xE0,
    0x00, 0x1F, 0x9F, 0xCF, 0xEF, 0x07, 0x83, 0xC0, 0xFC, 0x7F, 0x1F, 0x80, 0x01, 0xE0, 0x38, 0x07,
    0x00, 0xE0, 0x1C, 0x3F, 0x9F, 0xF3, 0xFE, 0xE3, 0xDC, 0x7B, 0xFF, 0x3F, 0xE7, 0xFC, 0x7F, 0x80,
    0x1F, 0x1F, 0xE7, 0xFF, 0xFF, 0xFF, 0xFC, 0x17, 0xFD, 0xFF, 0x3F, 0x80, 0x04, 0x7C, 0xF9, 0xC3,
    0x9F, 0xFF, 0xFF, 0x78, 0xF1, 0xE3, 0xC7, 0x8F, 0x00, 0x3F, 0xDF, 0xF7, 0x7F, 0x8F, 0xE3, 0xF8,
    0xF7, 0xFD, 0xFF, 0x3F, 0xC3, 0xF6, 0x39, 0xFE, 0x7F, 0x1F, 0xC0, 0x70, 0x0E, 0x01, 0xC0, 0x38,
    0x07, 0x00, 0xFF, 0x1F, 0xF3, 0xFE, 0x71, 0xCE, 0x3B, 0xC7, 0x78, 0xEF, 0x1D, 0xE3, 0x80, 0xFF,
    0xFF, 0x00, 0xEE, 0xEE, 0xEF, 0xFF, 0xF0, 0x1C, 0x38, 0x70, 0x00, 0x01, 0x87, 0x0E, 0x1C, 0x38,
    0x70, 0xE1, 0xC3, 0x87, 0x1E, 0x79, 0xF3, 0xE0, 0x00, 0x70, 0x0E, 0x01, 0xC0, 0x38, 0x07, 0x00,
    0xFE, 0x1F, 0x83, 0xF0, 0x7C, 0x1F, 0x83, 0xF8, 0x7F, 0x8F, 0xF9, 0xEF, 0x80, 0x71, 0xC7, 0x1C,
    0x73, 0xCF, 0x3C, 0xE3, 0x8E, 0x3E, 0xFB, 0xF0, 0x00, 0x00, 0x7F, 0xBC, 0x7F, 0xFE, 0x7B, 0xEF,
    0x79, 0xE7, 0x71, 0xC7, 0x71, 0xC7, 0x71, 0xC7, 0xF3, 0xCF, 0xF3, 0xCF, 0x00, 0x1F, 0xC7, 0xF9,
    0xFF, 0x71, 0xDC, 0x7F, 0x1F, 0xC7, 0xF3, 0xFC, 0xF0, 0x3F, 0x1F, 0xE7, 0xBF, 0xC7, 0xE1, 0xFF,
    0xF7, 0xFD, 0xFE, 0x3F, 0x00, 0x03, 0x07, 0xFC, 0x7F, 0xE3, 0xCE, 0x38, 0x63, 0x86, 0x3C, 0x67,
    0xFE, 0x7F, 0xE7, 0xFC, 0x7F, 0x87, 0x00, 0x70, 0x0F, 0x00, 0xF0, 0x00, 0x00, 0x03, 0xFC, 0x7F,
    0xC7, 0x7C, 0xE3, 0xCE, 0x3C, 0xE3, 0xC7, 0xFC, 0x7F, 0xC3, 0xFB, 0x0D, 0xF0, 0x1F, 0x03, 0xF0,
    0x38, 0x7F, 0x7F, 0x7F, 0x70, 0x70, 0x70, 0x70, 0xF8, 0xF8, 0x00, 0x0F, 0xE3, 0xF8, 0xC0, 0x3F,
    0x07, 0xF2, 0x3D, 0xFF, 0xFF, 0xDF, 0xE0, 0x00, 0x04, 0x0E, 0x07, 0x03, 0x87, 0xFF, 0xFC, 0x70,
    0x38, 0x3C, 0x1E, 0x0F, 0xC7, 0xF1, 0xF8, 0x00, 0xE1, 0xF8, 0x7E, 0x1F, 0x8F, 0xF3, 0xDC, 0xF7,
    0xFD, 0xFF, 0x3F, 0xC0, 0xF0, 0x77, 0x0F, 0x78, 0xE3, 0x9E, 0x3D, 0xC1, 0xFC, 0x1F, 0x80, 0xF8,
    0x0F, 0x80, 0xF0, 0x1D, 0xC0, 0x77, 0x3B, 0xDF, 0xEE, 0x7F, 0xF8, 0xFF, 0xE3, 0xFF, 0x8F, 0xFC,
    0x3F, 0xF0, 0x73, 0xC0, 0x00, 0x00, 0x38, 0xE3, 0xDE, 0x1F, 0xC0, 0xF8, 0x0F, 0x81, 0xF8, 0x3F,
    0xC7, 0xDE, 0x79, 0xF0, 0xF0, 0xEE, 0x3D, 0xE7, 0x1E, 0xE3, 0xFC, 0x3F, 0x07, 0xE0, 0x7C, 0x0F,
    0x00, 0xE0, 0x7C, 0x3F, 0x07, 0xE0, 0xF8, 0x00, 0x3F, 0xC7, 0xF8, 0x1F, 0x07, 0xC1, 0xF0, 0x78,
    0x1F, 0xE7, 0xFE, 0xFF, 0xC0, 0x0F, 0x8F, 0xC7, 0x83, 0x81, 0xC0, 0xE0, 0xF1, 0xF8, 0xF8, 0x3E,
    0x0F, 0x07, 0x83, 0xC1, 0xE0, 0xFC, 0x3E, 0x0F, 0x00, 0x1F, 0xFF, 0xFF, 0xFF, 0xFF, 0xF6, 0xFC,
    0x3E, 0x07, 0x83, 0xC1, 0xE0, 0xF0, 0x78, 0x1F, 0x0F, 0x87, 0xC3, 0x81, 0xC0, 0xE0, 0x71, 0xF8,
    0xFC, 0x78, 0x00, 0x76, 0xFD, 0xFB, 0x60, 0xF9, 0xE7, 0x9E, 0x78, 0x00, 0x00, 0x00, 0x67, 0x9E,
    0x78, 0xE3, 0x8E, 0x38, 0xE3, 0x8E, 0x30, 0x00, 0x0C, 0x06, 0x03, 0x07, 0xE7, 0xF3, 0xE3, 0xF1,
    0xD8, 0xFC, 0x7F, 0x1F, 0xC7, 0xF0, 0xC0, 0x60, 0x30, 0x00, 0x01, 0xF8, 0x3F, 0xC7, 0x9C, 0x30,
    0x03, 0x80, 0x38, 0x0F, 0xF8, 0xFF, 0x81, 0xC0, 0x1C, 0x07, 0xC0, 0x7F, 0xC7, 0xFE, 0x7F, 0xE0,
    0x00, 0x06, 0x31, 0xFF, 0x3F, 0xE3, 0xF8, 0xF7, 0x8F, 0xF3, 0xFE, 0x7F, 0xC6, 0x10, 0xF0, 0x73,
    0xC7, 0x8F, 0x78, 0x7F, 0x81, 0xF8, 0x07, 0xC0, 0x3F, 0x07, 0xFC, 0x3F, 0xC0, 0x78, 0x03, 0xF0,
    0x7F, 0xC3, 0xFC, 0x07, 0x80, 0x3C, 0x00, 0x00, 0x6D, 0xB6, 0x80, 0x6D, 0xB7, 0xD8, 0x3E, 0x3F,
    0x9C, 0xCF, 0x83, 0xF3, 0xFD, 0x8E, 0xFF, 0x7F, 0x1F, 0x81, 0xEE, 0xFF, 0xF7, 0xF0, 0x77, 0x7B,
    0xFD, 0xFE, 0xF0, 0x7C, 0xFE, 0xFE, 0xE7, 0xFE, 0xFE, 0x7C, 0x01, 0xF7, 0xD3, 0x7D, 0xF0, 0x00,
    0x04, 0x46, 0xEF, 0xFF, 0xF7, 0x73, 0xFC, 0xFF, 0x3B, 0x8C, 0xC0, 0x7F, 0x9F, 0xF7, 0xFC, 0x0F,
    0x03, 0xC0, 0xF0, 0xFF, 0xFF, 0xF0, 0x7C, 0xFE, 0xEE, 0xFF, 0xFE, 0xFE, 0x7C, 0x00, 0x7F, 0x7F,
    0x00, 0x7C, 0xFE, 0xEE, 0xEF, 0xFE, 0xFE, 0x7C, 0x0E, 0x03, 0x80, 0xE1, 0xFF, 0x7F, 0xC3, 0x80,
    0xE0, 0x38, 0x7F, 0xBF, 0xF0, 0x00, 0x76, 0xC6, 0x77, 0x7D, 0xE0, 0x7A, 0xC6, 0xF5, 0xBD, 0xC0,
    0x33, 0x9D, 0xC0, 0x70, 0xEE, 0x1D, 0xC3, 0xB8, 0xF7, 0x9E, 0xF3, 0xDF, 0xFB, 0xFF, 0x7F, 0xFC,
    0x03, 0x80, 0x00, 0x3D, 0xDF, 0x7F, 0xDF, 0xF7, 0x7D, 0xDF, 0x73, 0xDC, 0xF7, 0x3D, 0xCF, 0x77,
    0xDD, 0xF7, 0x79, 0xDE, 0x77, 0x9C, 0x7F, 0xFF, 0x23, 0x1E, 0xF7, 0xB8, 0x63, 0x08, 0xC6, 0x7D,
    0xE0, 0x01, 0xE6, 0xDB, 0x7D, 0xE0, 0x00, 0x33, 0x06, 0xE1, 0xFC, 0x3F, 0x87, 0xF3, 0xF9, 0xFC,
    0x76, 0x19, 0x00, 0x38, 0x0C, 0x78, 0x1C, 0x78, 0x38, 0x38, 0x38, 0x38, 0x70, 0x38, 0xF0, 0x38,
    0xE4, 0xFD, 0xCE, 0xFD, 0xDE, 0x03, 0xBE, 0x03, 0xBE, 0x07, 0x7F, 0x0F, 0x7F, 0x0E, 0x0E, 0x1E,
    0x0E, 0x1C, 0x00, 0x30, 0x00, 0x1E, 0x07, 0x07, 0x81, 0xC0, 0xE0, 0xE0, 0x38, 0x38, 0x0E, 0x1C,
    0x03, 0x8E, 0x00, 0xF3, 0xBC, 0xFD, 0xDF, 0x80, 0x76, 0xE0, 0x38, 0x18, 0x1E, 0x0E, 0x07, 0x07,
    0x83, 0xC3, 0xC0, 0xE1, 0xF8, 0x78, 0x7F, 0x1C, 0x00, 0x00, 0x7C, 0x00, 0x7E, 0x1C, 0x06, 0x38,
    0x3E, 0x38, 0x3E, 0x70, 0x2E, 0xF0, 0x7E, 0xEE, 0x7F, 0xDE, 0x3B, 0xDE, 0x03, 0xBE, 0x07, 0xFF,
    0x0F, 0x7F, 0x0E, 0x0E, 0x1E, 0x0E, 0x1C, 0x00, 0x0F, 0x01, 0xE0, 0x3C, 0x07, 0x00, 0x00, 0x00,
    0x01, 0xC0, 0x70, 0x1E, 0x03, 0xC0, 0xF8, 0x3F, 0x07, 0x81, 0xE0, 0x3C, 0x07, 0x80, 0xF0, 0xCF,
    0x79, 0xFF, 0x0F, 0xC0, 0x00, 0x1E, 0x00, 0x3C, 0x00, 0x78, 0x00, 0x00, 0x00, 0x00, 0x1E, 0x00,
    0x78, 0x01, 0xF0, 0x0F, 0xC0, 0x3F, 0x01, 0xFE, 0x07, 0x38, 0x1C, 0xF0, 0xF3, 0xC3, 0xFF, 0x1F,
    0xFE, 0x7F, 0xF9, 0xE1, 0xFF, 0x03, 0xC0, 0x01, 0x80, 0x06, 0x00, 0x38, 0x00, 0xE0, 0x00, 0x00,
    0x00, 0x00, 0x00, 0x00, 0x00, 0x07, 0x80, 0x1E, 0x00, 0x7C, 0x03, 0xF0, 0x0F, 0xC0, 0x7F, 0x81,
    0xCE, 0x07, 0x3C, 0x3C, 0xF0, 0xFF, 0xC7, 0xFF, 0x9F, 0xFE, 0x78, 0x7F, 0xC0, 0xF0, 0x03, 0x80,
    0x1F, 0x00, 0xFE, 0x07, 0xBC, 0x18, 0x20, 0x00, 0x00, 0x78, 0x01, 0xE0, 0x07, 0xC0, 0x3F, 0x00,
    0xFC, 0x07, 0xF8, 0x1C, 0xE0, 0x73, 0xC3, 0xCF, 0x0F, 0xFC, 0x7F, 0xF9, 0xFF, 0xE7, 0x87, 0xFC,
    0x0F, 0x0F, 0xC0, 0x3F, 0x00, 0xFC, 0x03, 0x70, 0x00, 0x00, 0x1E, 0x00, 0x78, 0x01, 0xF0, 0x0F,
    0xC0, 0x3F, 0x01, 0xFE, 0x07, 0x38, 0x1C, 0xF0, 0xF3, 0xC3, 0xFF, 0x1F, 0xFE, 0x7F, 0xF9, 0xE1,
    0xFF, 0x03, 0xC0, 0x1E, 0xE0, 0x7B, 0x81, 0xEE, 0x07, 0xFC, 0x00, 0x00, 0x00, 0x00, 0x78, 0x01,
    0xE0, 0x07, 0xC0, 0x3F, 0x00, 0xFC, 0x07, 0xF8, 0x1C, 0xE0, 0x73, 0xC3, 0xCF, 0x0F, 0xFC, 0x7F,
    0xF9, 0xFF, 0xE7, 0x87, 0xFC, 0x0F, 0x07, 0x80, 0x1E, 0x00, 0x78, 0x01, 0xE0, 0x00, 0x00, 0x00,
    0x00, 0x78, 0x01, 0xE0, 0x07, 0xC0, 0x3F, 0x00, 0xFC, 0x07, 0xF8, 0x1C, 0xE0, 0x73, 0xC3, 0xCF,
    0x0F, 0xFC, 0x7F, 0xF9, 0xFF, 0xE7, 0x87, 0xFC, 0x0F, 0x00, 0xFF, 0xF0, 0x0F, 0xFF, 0x80, 0xFF,
    0xFC, 0x07, 0xF8, 0x00, 0x7F, 0xC0, 0x03, 0xBF, 0xE0, 0x3D, 0xFF, 0x01, 0xCF, 0xF8, 0x1E, 0x7C,
    0x01, 0xFF, 0xE0, 0x0F, 0xFF, 0xFC, 0xFF, 0xFF, 0xE7, 0x83, 0xFF, 0x78, 0x1F, 0xFC, 0x00, 0x00,
    0x00, 0x00, 0x00, 0x7F, 0x1F, 0xF3, 0xFF, 0x3F, 0xF7, 0x80, 0x78, 0x07, 0x80, 0xF8, 0x0F, 0x80,
    0xFE, 0x77, 0xFF, 0x7F, 0xF3, 0xFF, 0x1F, 0xF0, 0x30, 0x03, 0xC0, 0x3C, 0x03, 0x80, 0x3C, 0x03,
    0xC0, 0x3C, 0x00, 0x00, 0x00, 0xFF, 0xDF, 0xF3, 0xFE, 0x70, 0x0E, 0x01, 0xFE, 0x3F, 0xC7, 0xF8,
    0xE0, 0x3C, 0x07, 0xFE, 0xFF, 0xDF, 0xFF, 0xFF, 0x80, 0x07, 0x00, 0xC0, 0x38, 0x07, 0x00, 0x00,
    0x00, 0x00, 0x00, 0x00, 0x7F, 0xEF, 0xF9, 0xFF, 0x38, 0x07, 0x00, 0xFF, 0x1F, 0xE3, 0xFC, 0x70,
    0x1E, 0x03, 0xFF, 0x7F, 0xEF, 0xFF, 0xFF, 0xC0, 0x00, 0x01, 0xC0, 0x3C, 0x0F, 0xC3, 0x9C, 0x00,
    0x00, 0x03, 0xFF, 0x7F, 0xCF, 0xF9, 0xC0, 0x38, 0x07, 0xF8, 0xFF, 0x1F, 0xE3, 0x80, 0xF0, 0x1F,
    0xFB, 0xFF, 0x7F, 0xFF, 0xFE, 0x3B, 0xC7, 0x79, 0xEF, 0x3D, 0xE0, 0x00, 0x00, 0x1F, 0xFB, 0xFE,
    0x7F, 0xCE, 0x01, 0xC0, 0x3F, 0xC7, 0xF8, 0xFF, 0x1C, 0x07, 0x80, 0xFF, 0xDF, 0xFB, 0xFF, 0xFF,
    0xF0, 0xF0, 0x78, 0x3E, 0x00, 0x00, 0x00, 0x3C, 0x1C, 0x1C, 0x1C, 0x1C, 0x1C, 0x1C, 0x1C, 0x1C,
    0x1C, 0x1C, 0x1E, 0x3E, 0x3E, 0x39, 0x9C, 0xE0, 0x00, 0x00, 0x07, 0x9C, 0xE7, 0x39, 0xCE, 0x73,
    0x9C, 0xE7, 0xFF, 0xE0, 0x1C, 0x0F, 0x87, 0xF3, 0xDE, 0x41, 0x80, 0x00, 0x00, 0xF0, 0x1C, 0x07,
    0x01, 0xC0, 0x70, 0x1C, 0x07, 0x01, 0xC0, 0x70, 0x1C, 0x07, 0x01, 0xE0, 0xF8, 0x3E, 0x00, 0x77,
    0x7B, 0xFD, 0xFE, 0xF0, 0x00, 0x00, 0x00, 0x78, 0x1C, 0x0E, 0x07, 0x03, 0x81, 0xC0, 0xE0, 0x70,
    0x38, 0x1C, 0x0E, 0x07, 0x87, 0xC3, 0xE0, 0x1F, 0xF8, 0x1F, 0xFC, 0x1F, 0xFE, 0x1E, 0x1F, 0x1E,
    0x0F, 0x1E, 0x07, 0x7F, 0xC7, 0x7F, 0xC7, 0x1E, 0x0F, 0x1E, 0x7F, 0x1F, 0xFF, 0x1F, 0xFE, 0x1F,
    0xFE, 0x1F, 0xF8, 0x0F, 0xE0, 0x7E, 0x03, 0x70, 0x00, 0x00, 0x00, 0x1C, 0x1D, 0xF1, 0xEF, 0x8F,
    0x7E, 0x7B, 0xF3, 0xDF, 0xDE, 0xFE, 0xF7, 0xF7, 0xBF, 0xF9, 0xEF, 0xCF, 0x7E, 0x79, 0xF7, 0xCF,
    0xBE, 0x7C, 0x0E, 0x00, 0x1E, 0x00, 0x1F, 0x00, 0x00, 0x00, 0x00, 0x01, 0xFC, 0x07, 0xFC, 0x1F,
    0xFC, 0x78, 0x3C, 0xF0, 0x79, 0xC0, 0x77, 0x80, 0xFF, 0x01, 0xFE, 0x03, 0x9F, 0xFF, 0x3F, 0xFE,
    0x7F, 0xFC, 0x7F, 0xF0, 0x7F, 0xC0, 0x00, 0x00, 0x01, 0xC0, 0x03, 0x00, 0x0E, 0x00, 0x1C, 0x00,
    0x00, 0x00, 0x00, 0x00, 0x00, 0x00, 0x00, 0x0F, 0xE0, 0x3F, 0xE0, 0xFF, 0xE3, 0xC1, 0xE7, 0x83,
    0xCE, 0x03, 0xBC, 0x07, 0xF8, 0x0F, 0xF0, 0x1C, 0xFF, 0xF9, 0xFF, 0xF3, 0xFF, 0xE3, 0xFF, 0x83,
    0xFE, 0x00, 0x00, 0x00, 0x03, 0x80, 0x07, 0x80, 0x1F, 0x80, 0x77, 0x80, 0x83, 0x00, 0x00, 0x03,
    0xF8, 0x0F, 0xF8, 0x3F, 0xF8, 0xF0, 0x79, 0xE0, 0xF3, 0x80, 0xEF, 0x01, 0xFE, 0x03, 0xFC, 0x07,
    0x3F, 0xFE, 0x7F, 0xFC, 0xFF, 0xF8, 0xFF, 0xE0, 0xFF, 0x80, 0x00, 0x00, 0x07, 0xE0, 0x1F, 0xC0,
    0x3F, 0x80, 0x6E, 0x00, 0x00, 0x01, 0xFC, 0x07, 0xFC, 0x1F, 0xFC, 0x78, 0x3C, 0xF0, 0x79, 0xC0,
    0x77, 0x80, 0xFF, 0x01, 0xFE, 0x03, 0x9F, 0xFF, 0x3F, 0xFE, 0x7F, 0xFC, 0x7F, 0xF0, 0x7F, 0xC0,
    0x00, 0x00, 0x0E, 0xE0, 0x3D, 0xE0, 0x7B, 0xC0, 0xF7, 0x80, 0x00, 0x00, 0x00, 0x03, 0xF8, 0x0F,
    0xF8, 0x3F, 0xF8, 0xF0, 0x79, 0xE0, 0xF3, 0x80, 0xEF, 0x01, 0xFE, 0x03, 0xFC, 0x07, 0x3F, 0xFE,
    0x7F, 0xFC, 0xFF, 0xF8, 0xFF, 0xE0, 0xFF, 0x80, 0x00, 0x00, 0x7F, 0x8F, 0xC1, 0xE0, 0xFC, 0x7F,
    0xBC, 0xF0, 0x00, 0x00, 0x01, 0x00, 0x00, 0x07, 0x80, 0x00, 0x07, 0x80, 0x00, 0x03, 0xC0, 0x00,
    0x03, 0xC0, 0x00, 0x01, 0xE0, 0x00, 0x01, 0xE0, 0x00, 0x01, 0xE0, 0x00, 0x00, 0xF0, 0x00, 0x00,
    0xF0, 0x00, 0x1F, 0xF8, 0x00, 0x1F, 0xF8, 0x00, 0x1F, 0xFC, 0x00, 0x1E, 0x7F, 0x00, 0x0F, 0x3F,
    0x80, 0x07, 0x3F, 0xC0, 0x07, 0xBE, 0xF0, 0x03, 0xDE, 0x78, 0x01, 0xFF, 0x38, 0x00, 0x7F, 0xFC,
    0x00, 0x3F, 0xFE, 0x00, 0x1F, 0xFF, 0x00, 0x07, 0xFF, 0x00, 0x07, 0xFF, 0x00, 0x07, 0xC0, 0x00,
    0x03, 0xE0, 0x00, 0x03, 0xE0, 0x00, 0x01, 0xE0, 0x00, 0x01, 0xF0, 0x00, 0x01, 0xF0, 0x00, 0x00,
    0xF8, 0x00, 0x00, 0xF0, 0x00, 0x00, 0x60, 0x00, 0x00, 0x00, 0x1C, 0x00, 0x78, 0x01, 0xE0, 0x00,
    0x00, 0x00, 0x00, 0x03, 0xE3, 0xFF, 0x1F, 0xF8, 0x7F, 0xC3, 0xFE, 0x1E, 0xE0, 0xF7, 0x07, 0xB8,
    0x3D, 0xC1, 0xEF, 0x1E, 0x7F, 0xF3, 0xFF, 0x9F, 0xFC, 0x7F, 0xC0, 0x00, 0x00, 0x01, 0x80, 0x1C,
    0x01, 0xC0, 0x0E, 0x00, 0x00, 0x00, 0x00, 0x00, 0x00, 0x00, 0x00, 0x07, 0xC7, 0xFE, 0x3F, 0xF0,
    0xFF, 0x87, 0xFC, 0x3D, 0xC1, 0xEE, 0x0F, 0x70, 0x7B, 0x83, 0xDE, 0x3C, 0xFF, 0xE7, 0xFF, 0x3F,
    0xF8, 0xFF, 0x80, 0x00, 0x03, 0x00, 0x3C, 0x03, 0xF0, 0x39, 0xC1, 0x86, 0x00, 0x00, 0x00, 0x1F,
    0x1F, 0xF8, 0xFF, 0xC3, 0xFE, 0x1F, 0xF0, 0xF7, 0x07, 0xB8, 0x3D, 0xC1, 0xEE, 0x0F, 0x78, 0xF3,
    0xFF, 0x9F, 0xFC, 0xFF, 0xE3, 0xFE, 0x00, 0x00, 0x1D, 0xE0, 0xEF, 0x0F, 0x78, 0x7F, 0xC0, 0x00,
    0x00, 0x00, 0x00, 0x1F, 0x1F, 0xF8, 0xFF, 0xC3, 0xFE, 0x1F, 0xF0, 0xF7, 0x07, 0xB8, 0x3D, 0xC1,
    0xEE, 0x0F, 0x78, 0xF3, 0xFF, 0x9F, 0xFC, 0xFF, 0xE3, 0xFE, 0x00, 0x00, 0x01, 0x80, 0x0E, 0x00,
    0x38, 0x01, 0xC0, 0x00, 0x00, 0x00, 0x00, 0x00, 0x00, 0x00, 0x00, 0x00, 0x00, 0x07, 0x03, 0x9E,
    0x1E, 0x78, 0x70, 0xF3, 0xC3, 0xDE, 0x07, 0xF8, 0x1F, 0xE0, 0x3F, 0x00, 0xFC, 0x01, 0xE0, 0x07,
    0x80, 0x1E, 0x00, 0x78, 0x01, 0xE0, 0x60, 0x30, 0x18, 0x0F, 0x87, 0xE3, 0xF9, 0x9E, 0xCF, 0x7F,
    0x3F, 0x9F, 0x0E, 0x06, 0x03, 0x00, 0x1F, 0x07, 0xF1, 0xE7, 0x39, 0xE7, 0x78, 0xEC, 0x1D, 0xE3,
    0xBE, 0x73, 0xEF, 0xBD, 0xFF, 0xBF, 0xE7, 0xF8, 0x78, 0x0F, 0x01, 0xF0, 0x00, 0x00, 0x0F, 0xE7,
    0xF9, 0xDE, 0xE3, 0xB8, 0x7E, 0x7F, 0xFF, 0x7F, 0xCF, 0xF0, 0x06, 0x03, 0x80, 0xE0, 0x30, 0x00,
    0x00, 0x00, 0x00, 0x00, 0x3F, 0x9F, 0xE7, 0x7B, 0x8E, 0xE1, 0xF9, 0xFF, 0xFD, 0xFF, 0x3F, 0xC0,
    0x04, 0x03, 0x81, 0xF0, 0xFE, 0x7B, 0xC0, 0x00, 0x00, 0xFE, 0x7F, 0x9D, 0xEE, 0x3B, 0x87, 0xE7,
    0xFF, 0xF7, 0xFC, 0xFF, 0x1B, 0x0F, 0xC3, 0xF0, 0xDC, 0x00, 0x00, 0x03, 0xF9, 0xFE, 0x77, 0xB8,
    0xEE, 0x1F, 0x9F, 0xFF, 0xDF, 0xF3, 0xFC, 0x7B, 0x9E, 0xE7, 0xF9, 0xFF, 0x00, 0x00, 0x03, 0xF9,
    0xFE, 0x77, 0xB8, 0xEE, 0x1F, 0x9F, 0xFF, 0xDF, 0xF3, 0xFC, 0x0C, 0x07, 0x81, 0xE0, 0x78, 0x0E,
    0x00, 0x00, 0x00, 0xFE, 0x7F, 0x9D, 0xEE, 0x3B, 0x87, 0xE7, 0xFF, 0xF7, 0xFC, 0xFF, 0x00, 0x00,
    0x1F, 0xFE, 0x1F, 0xFF, 0xCE, 0xFF, 0xEE, 0x3F, 0xF7, 0x0F, 0xFB, 0x9F, 0x85, 0xFF, 0xFE, 0x7F,
    0xFF, 0x1F, 0xFF, 0x80, 0x00, 0x1F, 0x9F, 0xCF, 0xEF, 0x07, 0x83, 0xC1, 0xFC, 0x7F, 0x1F, 0x83,
    0x83, 0xE1, 0xF0, 0xF0, 0x78, 0x0F, 0x01, 0xF0, 0x00, 0x00, 0x00, 0x00, 0x00, 0x7C, 0x7F, 0x9F,
    0xFF, 0xFF, 0xFF, 0xF0, 0x5F, 0xF7, 0xFC, 0xFE, 0x06, 0x01, 0x80, 0xE0, 0x38, 0x00, 0x00, 0x00,
    0x00, 0x00, 0x00, 0x00, 0x01, 0xF1, 0xFE, 0x7F, 0xFF, 0xFF, 0xFF, 0xC1, 0x7F, 0xDF, 0xF3, 0xF8,
    0x0E, 0x07, 0xC3, 0xF9, 0xEF, 0x20, 0xC0, 0x00, 0x00, 0x00, 0x1F, 0x1F, 0xE7, 0xFF, 0xFF, 0xFF,
    0xFC, 0x17, 0xFD, 0xFF, 0x3F, 0x80, 0x7B, 0x9E, 0xE7, 0xBD, 0xFF, 0x00, 0x00, 0x00, 0x00, 0x00,
    0x1F, 0x1F, 0xE7, 0xFF, 0xFF, 0xFF, 0xFC, 0x17, 0xFD, 0xFF, 0x3F, 0x80, 0xF0, 0xF0, 0xF0, 0x01,
    0x87, 0x0E, 0x1C, 0x38, 0x70, 0xF1, 0xE3, 0xC7, 0x80, 0x37, 0x6E, 0x00, 0x06, 0xEE, 0xEE, 0xEF,
    0xFF, 0xF0, 0x04, 0x03, 0x81, 0xF0, 0xFE, 0x73, 0xC0, 0x00, 0xC0, 0x70, 0x1C, 0x07, 0x01, 0xC0,
    0x70, 0x1E, 0x07, 0x81, 0xE0, 0x78, 0x66, 0xFF, 0xFF, 0xFF, 0x00, 0x18, 0x38, 0x38, 0x38, 0x38,
    0x38, 0x3C, 0x3C, 0x3C, 0x3C, 0x00, 0x00, 0x0F, 0x00, 0x3C, 0x00, 0x78, 0x07, 0xFC, 0x1F, 0xF0,
    0x0E, 0x0F, 0xF8, 0x7F, 0xC1, 0xEF, 0x0F, 0x1C, 0x3C, 0x70, 0x7F, 0xC1, 0xFE, 0x07, 0xF8, 0x0F,
    0xC0, 0x1D, 0x87, 0xE1, 0xF8, 0x6E, 0x00, 0x00, 0x07, 0xF1, 0xFE, 0x7F, 0xDC, 0x77, 0x1F, 0xC7,
    0xF1, 0xFC, 0xFF, 0x3C, 0x78, 0x0F, 0x01, 0xE0, 0x00, 0x00, 0x0F, 0xC7, 0xF9, 0xEF, 0xF1, 0xF8,
    0x7F, 0xFD, 0xFF, 0x7F, 0x8F, 0xC0, 0x06, 0x01, 0x80, 0xE0, 0x38, 0x00, 0x00, 0x00, 0x00, 0x00,
    0x3F, 0x1F, 0xE7, 0xBF, 0xC7, 0xE1, 0xFF, 0xF7, 0xFD, 0xFE, 0x3F, 0x00, 0x0E, 0x07, 0xC3, 0xF9,
    0xEF, 0x60, 0xC0, 0x03, 0xF1, 0xFE, 0x7B, 0xFC, 0x7E, 0x1F, 0xFF, 0x7F, 0xDF, 0xE3, 0xF0, 0x3F,
    0x0F, 0xC3, 0xF0, 0xDC, 0x00, 0x0F, 0xC7, 0xF9, 0xEF, 0xF1, 0xF8, 0x7F, 0xFD, 0xFF, 0x7F, 0x8F,
    0xC0, 0x7B, 0x9E, 0xE7, 0xB9, 0xFF, 0x00, 0x00, 0x03, 0xF1, 0xFE, 0x7B, 0xFC, 0x7E, 0x1F, 0xFF,
    0x7F, 0xDF, 0xE3, 0xF0, 0x07, 0x00, 0x78, 0x03, 0xC0, 0x1E, 0x00, 0x02, 0x3F, 0xF9, 0xFF, 0xCF,
    0xC0, 0x07, 0x00, 0x78, 0x03, 0xC0, 0x1E, 0x00, 0x00, 0x10, 0x07, 0x00, 0xE0, 0x0E, 0x00, 0xE0,
    0x1C, 0x01, 0xC0, 0x1C, 0x03, 0xC0, 0x38, 0x1F, 0x83, 0xFC, 0x3F, 0xE7, 0xFE, 0x7F, 0xE7, 0xFE,
    0x3F, 0xE3, 0xFC, 0x1F, 0x81, 0xC0, 0x1C, 0x03, 0xC0, 0x38, 0x03, 0x80, 0x78, 0x07, 0x80, 0x60,
    0x04, 0x00, 0x78, 0x0F, 0x01, 0xF0, 0x00, 0x00, 0x38, 0x7E, 0x1F, 0x87, 0xE3, 0xFC, 0xF7, 0x3D,
    0xFF, 0x7F, 0xCF, 0xF0, 0x06, 0x01, 0x80, 0xE0, 0x38, 0x00, 0x00, 0x00, 0x00, 0x00, 0xE1, 0xF8,
    0x7E, 0x1F, 0x8F, 0xF3, 0xDC, 0xF7, 0xFD, 0xFF, 0x3F, 0xC0, 0x0E, 0x07, 0xC3, 0xF9, 0xEF, 0x60,
    0xC0, 0x0E, 0x1F, 0x87, 0xE1, 0xF8, 0xFF, 0x3D, 0xCF, 0x7F, 0xDF, 0xF3, 0xFC, 0x7B, 0x9E, 0xE7,
    0xFD, 0xFF, 0x00, 0x00, 0x0E, 0x1F, 0x87, 0xE1, 0xF8, 0xFF, 0x3D, 0xCF, 0x7F, 0xDF, 0xF3, 0xFC,
    0x03, 0x00, 0xE0, 0x1C, 0x07, 0x00, 0x00, 0x00, 0x00, 0x00, 0x00, 0x00, 0x00, 0x03, 0xC3, 0xB8,
    0xF7, 0x9C, 0x7B, 0x8F, 0xF0, 0xFC, 0x1F, 0x81, 0xF0, 0x3C, 0x03, 0x81, 0xF0, 0xFC, 0x1F, 0x83,
    0xE0, 0x70, 0x38, 0x1C, 0x0F, 0x87, 0xE3, 0xF9, 0xDE, 0xE7, 0x73, 0xBB, 0x9F, 0xCF, 0xC7, 0xC3,
    0x81, 0xC0, 0xE0, 0x70, 0x38, 0x00, 0x3D, 0xC7, 0xB8, 0xFF, 0x1F, 0xE0, 0x00, 0x00, 0x00, 0x00,
    0x00, 0xF0, 0xEE, 0x3D, 0xE7, 0x1E, 0xE3, 0xFC, 0x3F, 0x07, 0xE0, 0x7C, 0x0F, 0x00, 0xE0, 0x7C,
    0x3F, 0x07, 0xE0, 0xF8, 0x00, 0x01, 0xE0, 0x7F, 0x83, 0xFE, 0x04, 0x00, 0x00, 0x00, 0x00, 0x00,
    0x78, 0x01, 0xE0, 0x07, 0xC0, 0x3F, 0x00, 0xFC, 0x07, 0xF8, 0x1C, 0xE0, 0x73, 0xC3, 0xCF, 0x0F,
    0xFC, 0x7F, 0xF9, 0xFF, 0xE7, 0x87, 0xFC, 0x0F, 0x7F, 0x9F, 0xEF, 0xF8, 0x00, 0x00, 0x00, 0x03,
    0xF9, 0xFE, 0x77, 0xB8, 0xEE, 0x1F, 0x9F, 0xFF, 0xDF, 0xF3, 0xFC, 0x1C, 0x60, 0x7F, 0x81, 0xFE,
    0x03, 0xF0, 0x00, 0x00, 0x00, 0x00, 0x78, 0x01, 0xE0, 0x07, 0xC0, 0x3F, 0x00, 0xFC, 0x07, 0xF8,
    0x1C, 0xE0, 0x73, 0xC3, 0xCF, 0x0F, 0xFC, 0x7F, 0xF9, 0xFF, 0xE7, 0x87, 0xFC, 0x0F, 0x00, 0x1E,
    0xE7, 0xF8, 0xFC, 0x0C, 0x00, 0x00, 0x00, 0xFE, 0x7F, 0x9D, 0xEE, 0x3B, 0x87, 0xE7, 0xFF, 0xF7,
    0xFC, 0xFF, 0x07, 0x80, 0x1E, 0x00, 0x7C, 0x03, 0xF0, 0x0F, 0xC0, 0x7F, 0x81, 0xCE, 0x07, 0x3C,
    0x3C, 0xF0, 0xFF, 0xC7, 0xFF, 0x9F, 0xFE, 0x78, 0x7F, 0xC0, 0xF0, 0x03, 0x80, 0x1F, 0x00, 0x7C,
    0x00, 0xF0, 0x00, 0x00, 0x00, 0x07, 0xF1, 0xFE, 0x3B, 0xCE, 0x39, 0xC3, 0xB9, 0xF7, 0xFE, 0x7F,
    0xC7, 0xF8, 0x07, 0x01, 0xC0, 0x3E, 0x07, 0xC0, 0x10, 0x01, 0x80, 0x38, 0x03, 0x00, 0x70, 0x00,
    0x00, 0x00, 0x07, 0xF1, 0xFF, 0x3F, 0xF3, 0xFF, 0x78, 0x07, 0x80, 0x78, 0x0F, 0x80, 0xF8, 0x0F,
    0xE7, 0x7F, 0xF7, 0xFF, 0x3F, 0xF1, 0xFF, 0x0E, 0x06, 0x07, 0x03, 0x80, 0x01, 0xF9, 0xFC, 0xFE,
    0xF0, 0x78, 0x3C, 0x0F, 0xC7, 0xF1, 0xF8, 0x02, 0x00, 0x70, 0x0F, 0x81, 0xFC, 0x3C, 0xE0, 0x00,
    0x00, 0x00, 0x7F, 0x1F, 0xF3, 0xFF, 0x3F, 0xF7, 0x80, 0x78, 0x07, 0x80, 0xF8, 0x0F, 0x80, 0xFE,
    0x77, 0xFF, 0x7F, 0xF3, 0xFF, 0x1F, 0xF0, 0x08, 0x07, 0x03, 0xE1, 0xFC, 0xF3, 0x80, 0x03, 0xF1,
    0xFC, 0x7F, 0x3C, 0x0F, 0x03, 0xC0, 0x7E, 0x1F, 0xC3, 0xF0, 0x07, 0x80, 0x78, 0x07, 0x80, 0x78,
    0x00, 0x00, 0x00, 0x07, 0xF1, 0xFF, 0x3F, 0xF3, 0xFF, 0x78, 0x07, 0x80, 0x78, 0x0F, 0x80, 0xF8,
    0x0F, 0xE7, 0x7F, 0xF7, 0xFF, 0x3F, 0xF1, 0xFF, 0x1C, 0x0F, 0x07, 0x83, 0xC0, 0x01, 0xF9, 0xFC,
    0xFE, 0xF0, 0x78, 0x3C, 0x0F, 0xC7, 0xF1, 0xF8, 0x3C, 0xE1, 0xFC, 0x0F, 0x80, 0x70, 0x03, 0x00,
    0x00, 0x00, 0x00, 0x7F, 0x1F, 0xF3, 0xFF, 0x3F, 0xF7, 0x80, 0x78, 0x07, 0x80, 0xF8, 0x0F, 0x80,
    0xFE, 0x77, 0xFF, 0x7F, 0xF3, 0xFF, 0x1F, 0xF0, 0xF3, 0x9F, 0xC3, 0xE0, 0x70, 0x0C, 0x00, 0x03,
    0xF1, 0xFC, 0x7F, 0x3C, 0x0F, 0x03, 0xC0, 0x7E, 0x1F, 0xC3, 0xF0, 0x30, 0xE1, 0xFE, 0x07, 0xE0,
    0x1E, 0x00, 0x60, 0x00, 0x00, 0x00, 0x1F, 0xF8, 0xFF, 0xE7, 0xFF, 0xBC, 0x7F, 0xE0, 0xFF, 0x03,
    0xF8, 0x1F, 0xC0, 0xFE, 0x0F, 0xF3, 0xFF, 0xFF, 0xFF, 0xFD, 0xFF, 0xEF, 0xFC, 0x00, 0x01, 0xE0,
    0x07, 0x70, 0x1D, 0xC0, 0x7F, 0x01, 0xFC, 0x7F, 0xE7, 0xFC, 0x1F, 0xF0, 0xE3, 0xC3, 0x8F, 0x0F,
    0xFC, 0x1F, 0xF0, 0x7F, 0xC0, 0xFF, 0x00, 0x1F, 0xF8, 0x1F, 0xFC, 0x1F, 0xFE, 0x1E, 0x1F, 0x1E,
    0x0F, 0x1E, 0x07, 0x7F, 0xC7, 0x7F, 0xC7, 0x1E, 0x0F, 0x1E, 0x7F, 0x1F, 0xFF, 0x1F, 0xFE, 0x1F,
    0xFE, 0x1F, 0xF8, 0x01, 0xE0, 0x0E, 0x03, 0xFE, 0x1F, 0xF0, 0x1C, 0x0F, 0xE1, 0xFF, 0x0F, 0xF8,
    0xE3, 0xC7, 0x1E, 0x3F, 0xF0, 0xFF, 0x87, 0xFC, 0x1F, 0xE0, 0x3F, 0xCF, 0xF9, 0xFF, 0x00, 0x00,
    0x00, 0x00, 0x1F, 0xFB, 0xFE, 0x7F, 0xCE, 0x01, 0xC0, 0x3F, 0xC7, 0xF8, 0xFF, 0x1C, 0x07, 0x80,
    0xFF, 0xDF, 0xFB, 0xFF, 0xFF, 0xF0, 0x1F, 0x9F, 0xEF, 0xFC, 0x00, 0x00, 0x00, 0x00, 0x00, 0x00,
    0x1F, 0x1F, 0xE7, 0xFF, 0xFF, 0xFF, 0xFC, 0x17, 0xFD, 0xFF, 0x3F, 0x80, 0x00, 0x07, 0xF8, 0xFE,
    0x1F, 0xC0, 0xE0, 0x00, 0x00, 0x03, 0xFF, 0x7F, 0xCF, 0xF9, 0xC0, 0x38, 0x07, 0xF8, 0xFF, 0x1F,
    0xE3, 0x80, 0xF0, 0x1F, 0xFB, 0xFF, 0x7F, 0xFF, 0xFE, 0x7D, 0x9F, 0xE7, 0xF8, 0xFC, 0x00, 0x00,
    0x00, 0x00, 0x00, 0x1F, 0x1F, 0xE7, 0xFF, 0xFF, 0xFF, 0xFC, 0x17, 0xFD, 0xFF, 0x3F, 0x80, 0x0E,
    0x01, 0xC0, 0x3C, 0x0F, 0x80, 0x00, 0x00, 0x1F, 0xFB, 0xFE, 0x7F, 0xCE, 0x01, 0xC0, 0x3F, 0xC7,
    0xF8, 0xFF, 0x1C, 0x07, 0x80, 0xFF, 0xDF, 0xFB, 0xFF, 0xFF, 0xF0, 0x0E, 0x07, 0x81, 0xE0, 0x78,
    0x00, 0x00, 0x00, 0x00, 0x00, 0x1F, 0x1F, 0xE7, 0xFF, 0xFF, 0xFF, 0xFC, 0x17, 0xFD, 0xFF, 0x3F,
    0x80, 0x7F, 0xEF, 0xF9, 0xFF, 0x38, 0x07, 0x00, 0xFF, 0x1F, 0xE3, 0xFC, 0x70, 0x1E, 0x03, 0xFF,
    0x7F, 0xEF, 0xFF, 0xFF, 0xC7, 0x00, 0xC0, 0x1E, 0x03, 0xC0, 0x00, 0x00, 0x1F, 0x1F, 0xE7, 0xFF,
    0xFF, 0xFF, 0xFC, 0x17, 0xFD, 0xFF, 0x3F, 0x80, 0x00, 0x60, 0x38, 0x1C, 0x07, 0xC0, 0xF0, 0x00,
    0x71, 0xC7, 0x78, 0x7E, 0x07, 0x80, 0xE0, 0x00, 0x00, 0x00, 0x00, 0x7F, 0xEF, 0xF9, 0xFF, 0x38,
    0x07, 0x00, 0xFF, 0x1F, 0xE3, 0xFC, 0x70, 0x1E, 0x03, 0xFF, 0x7F, 0xEF, 0xFF, 0xFF, 0xC0, 0x73,
    0xCF, 0xE1, 0xF0, 0x38, 0x04, 0x00, 0x00, 0x00, 0x00, 0x00, 0x07, 0xC7, 0xF9, 0xFF, 0xFF, 0xFF,
    0xFF, 0x05, 0xFF, 0x7F, 0xCF, 0xE0, 0x01, 0x80, 0x07, 0x80, 0x1F, 0x80, 0x73, 0x80, 0xC3, 0x00,
    0x00, 0x00, 0x00, 0x00, 0x00, 0x0F, 0xF8, 0x3F, 0xF0, 0xFF, 0xE3, 0xF1, 0xC7, 0x80, 0x0F, 0x00,
    0x3E, 0x00, 0x78, 0x7E, 0xF0, 0xFF, 0xF1, 0xFD, 0xE0, 0xFB, 0xFF, 0xE7, 0xFF, 0xC7, 0xFF, 0x83,
    0xFE, 0x00, 0x0E, 0x01, 0xE0, 0x7E, 0x1D, 0xE2, 0x0C, 0x00, 0x00, 0x01, 0xFE, 0x7F, 0xCE, 0xFB,
    0x8F, 0x71, 0xEE, 0x3C, 0xFF, 0x9F, 0xF1, 0xFE, 0x0F, 0xCC, 0x71, 0xFE, 0x3F, 0x87, 0xF0, 0x00,
    0x00, 0x1E, 0xE0, 0x3F, 0xC0, 0x3F, 0x00, 0x18, 0x00, 0x00, 0x00, 0x00, 0x00, 0x00, 0x0F, 0xF8,
    0x3F, 0xF0, 0xFF, 0xE3, 0xF1, 0xC7, 0x80, 0x0F, 0x00, 0x3E, 0x00, 0x78, 0x7E, 0xF0, 0xFF, 0xF1,
    0xFD, 0xE0, 0xFB, 0xFF, 0xE7, 0xFF, 0xC7, 0xFF, 0x83, 0xFE, 0x00, 0x00, 0x0F, 0x73, 0xFC, 0x7E,
    0x06, 0x00, 0x00, 0x00, 0xFF, 0x7F, 0xDD, 0xFE, 0x3F, 0x8F, 0xE3, 0xDF, 0xF7, 0xFC, 0xFF, 0x0F,
    0xD8, 0xE7, 0xF9, 0xFC, 0x7F, 0x00, 0x03, 0xC0, 0x07, 0x80, 0x0F, 0x00, 0x1E, 0x00, 0x00, 0x00,
    0x00, 0x00, 0x00, 0x07, 0xFC, 0x1F, 0xF8, 0x7F, 0xF1, 0xF8, 0xE3, 0xC0, 0x07, 0x80, 0x1F, 0x00,
    0x3C, 0x3F, 0x78, 0x7F, 0xF8, 0xFE, 0xF0, 0x7D, 0xFF, 0xF3, 0xFF, 0xE3, 0xFF, 0xC1, 0xFF, 0x00,
    0x0F, 0x03, 0xC0, 0xF0, 0x3C, 0x00, 0x00, 0x03, 0xFD, 0xFF, 0x77, 0xF8, 0xFE, 0x3F, 0x8F, 0x7F,
    0xDF, 0xF3, 0xFC, 0x3F, 0x63, 0x9F, 0xE7, 0xF1, 0xFC, 0x03, 0xC0, 0x07, 0x80, 0x0F, 0x00, 0x3C,
    0x00, 0x78, 0x00, 0xF0, 0x00, 0x00, 0x00, 0x00, 0x00, 0x00, 0x00, 0x00, 0x3F, 0xE0, 0xFF, 0xC3,
    0xFF, 0x8F, 0xC7, 0x1E, 0x00, 0x3C, 0x00, 0xF8, 0x01, 0xE1, 0xFB, 0xC3, 0xFF, 0xC7, 0xF7, 0x83,
    0xEF, 0xFF, 0x9F, 0xFF, 0x1F, 0xFE, 0x0F, 0xF8, 0x0F, 0x03, 0xC0, 0xF0, 0x7C, 0x1E, 0x07, 0x80,
    0x00, 0xFF, 0x7F, 0xDD, 0xFE, 0x3F, 0x8F, 0xE3, 0xDF, 0xF7, 0xFC, 0xFF, 0x0F, 0xD8, 0xE7, 0xF9,
    0xFC, 0x7F, 0x00, 0x02, 0x00, 0x38, 0x03, 0xE0, 0x3F, 0x83, 0xCE, 0x00, 0x00, 0x00, 0x0E, 0x0F,
    0x70, 0x7B, 0x83, 0xDC, 0x1E, 0xE0, 0xF7, 0x87, 0xBC, 0x3F, 0xFF, 0xFF, 0xFF, 0xFF, 0xFF, 0xFF,
    0xFE, 0x1F, 0xF0, 0xFF, 0x87, 0x80, 0x1C, 0x01, 0xF0, 0x1F, 0xC1, 0xEF, 0x04, 0x18, 0x00, 0x00,
    0x70, 0x03, 0x80, 0x1C, 0x00, 0xE0, 0x07, 0x00, 0x3F, 0xC1, 0xFF, 0x0F, 0xF8, 0x71, 0xC3, 0x8E,
    0x3C, 0x71, 0xE3, 0x8F, 0x1C, 0x78, 0xE0, 0x38, 0x3C, 0x70, 0x78, 0xE0, 0xF3, 0xFF, 0xF7, 0xFF,
    0xEF, 0xFF, 0xCF, 0x0F, 0x1F, 0xFE, 0x7F, 0xFC, 0xFF, 0xF9, 0xFF, 0xF3, 0xE1, 0xE7, 0xC3, 0xCF,
    0x87, 0x80, 0x1C, 0x00, 0xE0, 0x3F, 0xC1, 0xFE, 0x0D, 0xC0, 0x0F, 0xF0, 0x7F, 0xC3, 0xFE, 0x1C,
    0x70, 0xE3, 0x8F, 0x1C, 0x78, 0xE3, 0xC7, 0x1E, 0x38, 0x7F, 0xFF, 0x70, 0x00, 0x00, 0x00, 0x3C,
    0x38, 0x70, 0xE1, 0xC3, 0x87, 0x0E, 0x1C, 0x38, 0x70, 0xF3, 0xE7, 0xC0, 0x76, 0xFD, 0xFB, 0x70,
    0x00, 0x06, 0x1C, 0x38, 0x70, 0xE1, 0xC3, 0xC7, 0x8F, 0x1E, 0x3F, 0x9F, 0xF7, 0xFC, 0x00, 0x00,
    0x00, 0x00, 0x00, 0x78, 0x0E, 0x03, 0x80, 0xE0, 0x38, 0x0E, 0x03, 0x80, 0xE0, 0x38, 0x0E, 0x03,
    0x80, 0xF0, 0x7C, 0x1F, 0x00, 0x7F, 0xBF, 0xEF, 0xF8, 0x00, 0x00, 0x03, 0x01, 0xC0, 0x70, 0x1C,
    0x07, 0x01, 0xC0, 0x78, 0x1E, 0x07, 0x81, 0xE0, 0x78, 0xE3, 0x8E, 0x38, 0xE3, 0x8E, 0x38, 0xE3,
    0x8F, 0x7D, 0xF7, 0x18, 0x79, 0xE0, 0x00, 0x79, 0xE7, 0x9E, 0x00, 0x07, 0x1C, 0x71, 0xC7, 0x1E,
    0x79, 0xE7, 0x9E, 0x73, 0xE7, 0x86, 0x73, 0xBD, 0xE0, 0x00, 0x1E, 0x73, 0x9C, 0xE7, 0x39, 0xCE,
    0x73, 0x9F, 0xFF, 0x80, 0x6E, 0xEE, 0xEE, 0xFF, 0xFF, 0xF0, 0x3B, 0xC1, 0xEF, 0x07, 0xBC, 0x1E,
    0xF0, 0x7B, 0xC1, 0xEF, 0x07, 0xBC, 0x1E, 0xF0, 0x7B, 0xC1, 0xEF, 0x07, 0x3C, 0x1C, 0xF0, 0x73,
    0xC3, 0xC0, 0x0F, 0x03, 0x7C, 0x1F, 0xF0, 0x7F, 0x81, 0xFE, 0x07, 0xF0, 0x00, 0x00, 0xF1, 0xFC,
    0x7F, 0x3F, 0xC0, 0x00, 0x00, 0x06, 0x1F, 0x87, 0xE1, 0xB8, 0xEE, 0x3B, 0xCE, 0xF3, 0xBC, 0xEF,
    0x38, 0x3E, 0x0F, 0x83, 0xE0, 0xF0, 0x00, 0x00, 0x38, 0x07, 0x80, 0xFC, 0x1C, 0xE0, 0x00, 0x00,
    0x00, 0x1E, 0x01, 0xE0, 0x1E, 0x01, 0xC0, 0x1C, 0x03, 0xC0, 0x3C, 0x03, 0xC0, 0x3C, 0x03, 0xC0,
    0x3C, 0x03, 0xC0, 0x38, 0x67, 0x87, 0xF8, 0x7F, 0x8F, 0xF0, 0x7C, 0x00, 0x08, 0x0E, 0x0F, 0x8F,
    0xEF, 0x78, 0x00, 0x00, 0x38, 0x1C, 0x0E, 0x07, 0x03, 0x81, 0xC0, 0xE0, 0x70, 0x38, 0x1C, 0x1E,
    0x1E, 0x1F, 0x0F, 0x80, 0x00, 0x07, 0x00, 0x7C, 0x03, 0xC0, 0x1E, 0x00, 0xF0, 0x0F, 0x00, 0x78,
    0x00, 0x00, 0x00, 0x01, 0xCF, 0x0E, 0xF0, 0x77, 0x87, 0xF8, 0x3F, 0xC1, 0xFC, 0x0F, 0xC0, 0x7E,
    0x03, 0xF0, 0x1F, 0xC0, 0xFF, 0x07, 0xFE, 0x7B, 0xFB, 0xCF, 0xE0, 0x70, 0x0E, 0x01, 0xC0, 0x38,
    0x07, 0x00, 0xFE, 0x1F, 0x83, 0xF0, 0x7C, 0x1F, 0x83, 0xF8, 0x7F, 0x8F, 0xF9, 0xEF, 0x80, 0x00,
    0x00, 0x3C, 0x07, 0xC0, 0xF0, 0x1E, 0x03, 0xC0, 0xF8, 0x1E, 0x00, 0x7E, 0x3F, 0x1F, 0x0F, 0x87,
    0x83, 0xC1, 0xF1, 0xFC, 0xEF, 0x00, 0x38, 0x07, 0x01, 0xC0, 0x38, 0x00, 0x00, 0xF0, 0x1E, 0x03,
    0xC0, 0x70, 0x0E, 0x01, 0xC0, 0x38, 0x07, 0x00, 0xE0, 0x1C, 0x03, 0xFE, 0xFF, 0xFF, 0xFF, 0xFF,
    0x80, 0x38, 0xE7, 0x1C, 0x00, 0x00, 0x1C, 0x71, 0xC7, 0x1C, 0xF3, 0xCF, 0x38, 0xE3, 0x8F, 0xBE,
    0xFC, 0x7C, 0x07, 0xC0, 0x78, 0x07, 0x80, 0x78, 0x0F, 0x00, 0x00, 0x00, 0x00, 0x3C, 0x03, 0xC0,
    0x3C, 0x03, 0x80, 0x38, 0x03, 0x80, 0x38, 0x03, 0x80, 0x38, 0x03, 0x80, 0x3F, 0xE7, 0xFF, 0x7F,
    0xF7, 0xFF, 0x38, 0x70, 0xE1, 0xC3, 0x8F, 0x1E, 0x3C, 0x70, 0xE1, 0xC3, 0xE7, 0xCF, 0xC0, 0x00,
    0x00, 0xF9, 0xF3, 0xC7, 0x8F, 0x3C, 0x00, 0x78, 0x0F, 0x01, 0xE7, 0x38, 0xE7, 0x1C, 0xE7, 0x9C,
    0xE3, 0x80, 0x70, 0x0E, 0x01, 0xFF, 0x7F, 0xFF, 0xFF, 0xFF, 0xC0, 0x07, 0x07, 0x07, 0x77, 0x77,
    0x70, 0x70, 0x70, 0xF0, 0xF0, 0xF0, 0xE0, 0xE0, 0xE0, 0xF8, 0xF8, 0xFC, 0x78, 0x0F, 0x01, 0xE7,
    0x39, 0xE7, 0x3C, 0xE7, 0x9C, 0x03, 0x80, 0x70, 0x0E, 0x01, 0xFF, 0x7F, 0xFF, 0xFF, 0xFF, 0xC0,
    0x70, 0x70, 0x70, 0x7F, 0x7F, 0xFF, 0xFF, 0xF0, 0xE0, 0xE0, 0xE0, 0xF8, 0xF8, 0xFC, 0x00, 0x00,
    0x00, 0x00, 0x38, 0x00, 0x0F, 0x00, 0x01, 0xC0, 0x00, 0x70, 0x00, 0x1E, 0x00, 0x3F, 0x80, 0x07,
    0xF0, 0x00, 0xFC, 0x00, 0x1F, 0x00, 0x03, 0xE0, 0x00, 0x78, 0x00, 0x0F, 0x00, 0x03, 0xC0, 0x00,
    0x78, 0x00, 0x1F, 0x00, 0x07, 0xFF, 0x80, 0xFF, 0xF8, 0x3F, 0xFF, 0x07, 0xFF, 0xE1, 0xE0, 0x00,
    0x78, 0x00, 0x0F, 0x00, 0x03, 0xC0, 0x00, 0x70, 0x00, 0x00, 0x00, 0x00, 0x01, 0xC0, 0x0E, 0x00,
    0x70, 0x03, 0x80, 0x1C, 0x01, 0xE0, 0x0F, 0xE0, 0x7E, 0x07, 0xC1, 0xFC, 0x1F, 0xE0, 0x27, 0xC0,
    0x3E, 0x01, 0xF8, 0x01, 0x80, 0x1C, 0x00, 0xE0, 0x0E, 0x00, 0x00, 0x00, 0x00, 0xE0, 0xEF, 0x8F,
    0x7C, 0x7B, 0xF3, 0xDF, 0x9E, 0xFE, 0xF7, 0xF7, 0xBF, 0xBD, 0xFF, 0xCF, 0x7E, 0x7B, 0xF3, 0xCF,
    0xBE, 0x7D, 0xF3, 0xE0, 0x03, 0x01, 0xC0, 0x60, 0x38, 0x00, 0x00, 0x00, 0x01, 0xFC, 0x7F, 0x9F,
    0xF7, 0x1D, 0xC7, 0xF1, 0xFC, 0x7F, 0x3F, 0xCF, 0x38, 0x3B, 0xE3, 0xDF, 0x1E, 0xFC, 0xF7, 0xE7,
    0xBF, 0xBD, 0xFD, 0xEF, 0xEF, 0x7F, 0xF3, 0xDF, 0x9E, 0xFC, 0xF3, 0xEF, 0x9F, 0x7C, 0xF8, 0x1E,
    0x01, 0xF0, 0x0F, 0x80, 0x78, 0x03, 0xC0, 0x1E, 0x00, 0xF0, 0x00, 0x00, 0x1F, 0xC7, 0xF9, 0xFF,
    0x71, 0xDC, 0x7F, 0x1F, 0xC7, 0xF3, 0xFC, 0xF1, 0xF0, 0x7C, 0x1E, 0x07, 0x81, 0xE0, 0xF8, 0x3C,
    0x00, 0x1C, 0xF0, 0x7F, 0x01, 0xF0, 0x07, 0x00, 0x10, 0x00, 0x00, 0x00, 0x07, 0x07, 0x7C, 0x7B,
    0xE3, 0xDF, 0x9E, 0xFC, 0xF7, 0xF7, 0xBF, 0xBD, 0xFD, 0xEF, 0xFE, 0x7B, 0xF3, 0xDF, 0x9E, 0x7D,
    0xF3, 0xEF, 0x9F, 0x00, 0x79, 0xC7, 0xF0, 0x7C, 0x07, 0x80, 0x60, 0x00, 0x00, 0x00, 0x00, 0x7F,
    0x0F, 0xF1, 0xFF, 0x38, 0xE7, 0x1D, 0xE3, 0xBC, 0x77, 0x9E, 0xF3, 0xC0, 0x03, 0x01, 0xE0, 0xF0,
    0x78, 0x3C, 0x00, 0x00, 0x00, 0x00, 0x7F, 0x1F, 0xE7, 0xFD, 0xC7, 0x71, 0xFC, 0x7F, 0x1F, 0xCF,
    0xF3, 0xC0, 0x38, 0x3B, 0xE3, 0xDF, 0x1E, 0xFC, 0xF7, 0xE7, 0xBF, 0xBD, 0xFD, 0xEF, 0xEF, 0x7F,
    0xF3, 0xDF, 0x9E, 0xFC, 0xF3, 0xEF, 0x9F, 0x7C, 0xF8, 0x03, 0xC0, 0x7E, 0x07, 0xF0, 0x1C, 0x00,
    0x00, 0x1F, 0xC7, 0xF9, 0xFF, 0x71, 0xDC, 0x7F, 0x1F, 0xC7, 0xF3, 0xFC, 0xF0, 0x3C, 0x1F, 0x0F,
    0xC0, 0x00, 0x00, 0xE0, 0x3F, 0xC0, 0x7F, 0xC0, 0xC0, 0x00, 0x00, 0x00, 0x00, 0x03, 0xF8, 0x0F,
    0xF8, 0x3F, 0xF8, 0xF0, 0x79, 0xE0, 0xF3, 0x80, 0xEF, 0x01, 0xFE, 0x03, 0xFC, 0x07, 0x3F, 0xFE,
    0x7F, 0xFC, 0xFF, 0xF8, 0xFF, 0xE0, 0xFF, 0x80, 0x00, 0x00, 0x07, 0x9F, 0xEF, 0xFD, 0x00, 0x00,
    0x00, 0x03, 0xF1, 0xFE, 0x7B, 0xFC, 0x7E, 0x1F, 0xFF, 0x7F, 0xDF, 0xE3, 0xF0, 0x0C, 0x60, 0x3F,
    0xC0, 0x3F, 0x80, 0x7E, 0x00, 0x00, 0x00, 0x00, 0x03, 0xF8, 0x0F, 0xF8, 0x3F, 0xF8, 0xF0, 0x79,
    0xE0, 0xF3, 0x80, 0xEF, 0x01, 0xFE, 0x03, 0xFC, 0x07, 0x3F, 0xFE, 0x7F, 0xFC, 0xFF, 0xF8, 0xFF,
    0xE0, 0xFF, 0x80, 0x00, 0x00, 0x71, 0x9F, 0xE7, 0xF8, 0xFC, 0x00, 0x00, 0x03, 0xF1, 0xFE, 0x7B,
    0xFC, 0x7E, 0x1F, 0xFF, 0x7F, 0xDF, 0xE3, 0xF0, 0x0F, 0x0E, 0x1E, 0x3C, 0x3C, 0x78, 0x00, 0x00,
    0x00, 0x00, 0x0F, 0xE0, 0x1F, 0xF0, 0x3F, 0xF8, 0x78, 0x3C, 0x78, 0x3C, 0x70, 0x1C, 0xF0, 0x1E,
    0xF0, 0x1E, 0xF0, 0x1C, 0x7F, 0xFC, 0x7F, 0xFC, 0x7F, 0xFC, 0x3F, 0xF8, 0x1F, 0xF0, 0x00, 0x00,
    0x1E, 0x3C, 0x78, 0xF3, 0xE3, 0xC0, 0x00, 0x00, 0x00, 0x03, 0xF0, 0x0F, 0xF0, 0x1E, 0xF0, 0x78,
    0xE0, 0xE1, 0xC1, 0xFF, 0x81, 0xFF, 0x03, 0xFC, 0x03, 0xF0, 0x00, 0x0F, 0xFF, 0xF1, 0xFF, 0xFF,
    0x3F, 0xFF, 0xF7, 0x83, 0xC0, 0x78, 0x3C, 0x07, 0x03, 0xFC, 0xF0, 0x3F, 0xCF, 0x03, 0xFC, 0xF0,
    0x3E, 0x0F, 0xC7, 0xC0, 0x7F, 0xFF, 0xF7, 0xFF, 0xFF, 0x3F, 0xFF, 0xF1, 0xFF, 0xFF, 0x00, 0x00,
    0x00, 0x3F, 0x3E, 0x3F, 0xFF, 0x9E, 0xFF, 0xFE, 0x3F, 0xFE, 0x1F, 0xFF, 0xFF, 0x0D, 0xFF, 0xFE,
    0xFF, 0xFF, 0x3F, 0x7F, 0x00, 0x06, 0x00, 0xE0, 0x0E, 0x01, 0xC0, 0x00, 0x07, 0xF0, 0x7F, 0x87,
    0x1C, 0x71, 0xC7, 0x1C, 0x73, 0xC7, 0xFC, 0x7F, 0x87, 0xFC, 0x79, 0xC7, 0x9E, 0xF9, 0xEF, 0x9E,
    0xF9, 0xF0, 0x00, 0x18, 0x18, 0x38, 0x38, 0x00, 0x7F, 0x7F, 0x7F, 0x70, 0x70, 0x70, 0x70, 0xF8,
    0xF8, 0x1E, 0x01, 0xE0, 0x1E, 0x01, 0xE0, 0x3C, 0x03, 0xC0, 0x3C, 0x00, 0x00, 0x00, 0x07, 0xF0,
    0x7F, 0x87, 0x1C, 0x71, 0xC7, 0x1C, 0x73, 0xC7, 0xFC, 0x7F, 0x87, 0xFC, 0x79, 0xC7, 0x9E, 0xF9,
    0xEF, 0x9E, 0xF9, 0xF0, 0x00, 0x78, 0x78, 0x78, 0x78, 0xF8, 0xF0, 0xF0, 0x00, 0x7F, 0x7F, 0x7F,
    0x70, 0x70, 0x70, 0x70, 0xF8, 0xF8, 0x61, 0xC7, 0xB8, 0x3F, 0x01, 0xE0, 0x0E, 0x00, 0x00, 0x00,
    0x07, 0xF0, 0x7F, 0x87, 0x1C, 0x71, 0xC7, 0x1C, 0x73, 0xC7, 0xFC, 0x7F, 0x87, 0xFC, 0x79, 0xC7,
    0x9E, 0xF9, 0xEF, 0x9E, 0xF9, 0xF0, 0x00, 0xE3, 0xBF, 0x8F, 0x83, 0x81, 0xC0, 0x00, 0xFE, 0x7F,
    0x3F, 0x9C, 0x0E, 0x07, 0x03, 0x83, 0xE1, 0xF0, 0x01, 0x80, 0x0E, 0x00, 0x30, 0x01, 0xC0, 0x00,
    0x00, 0x1F, 0x01, 0xFE, 0x0F, 0xF8, 0x3E, 0xC0, 0xE0, 0x03, 0xC0, 0x0F, 0xE0, 0x3F, 0xE0, 0x3F,
    0xC0, 0x3F, 0x80, 0x1E, 0x3C, 0x79, 0xFF, 0xE7, 0xFF, 0x1F, 0xF8, 0x00, 0x00, 0x06, 0x01, 0x80,
    0xE0, 0x38, 0x00, 0x0F, 0xE3, 0xF8, 0xC0, 0x3F, 0x07, 0xF2, 0x3D, 0xFF, 0xFF, 0xDF, 0xE0, 0x00,
    0x07, 0x00, 0x3E, 0x01, 0xFC, 0x0F, 0x78, 0x10, 0x60, 0x00, 0x00, 0x7C, 0x07, 0xF8, 0x3F, 0xE0,
    0xFB, 0x03, 0x80, 0x0F, 0x00, 0x3F, 0x80, 0xFF, 0x80, 0xFF, 0x00, 0xFE, 0x00, 0x78, 0xF1, 0xE7,
    0xFF, 0x9F, 0xFC, 0x7F, 0xE0, 0x00, 0x00, 0x04, 0x03, 0x81, 0xF0, 0xFE, 0x73, 0xC0, 0x03, 0xF8,
    0xFE, 0x30, 0x0F, 0xC1, 0xFC, 0x8F, 0x7F, 0xFF, 0xF7, 0xF8, 0x00, 0x07, 0xC0, 0x7F, 0x83, 0xFE,
    0x0F, 0xB0, 0x38, 0x00, 0xF0, 0x03, 0xF8, 0x0F, 0xF8, 0x0F, 0xF0, 0x0F, 0xE0, 0x07, 0x8F, 0x1E,
    0x7F, 0xF9, 0xFF, 0xC7, 0xFE, 0x03, 0x80, 0x1F, 0x00, 0x78, 0x01, 0xE0, 0x00, 0x00, 0x0F, 0xE3,
    0xF8, 0xC0, 0x3F, 0x07, 0xF2, 0x3D, 0xFF, 0x7F, 0xDF, 0xE3, 0x80, 0xF0, 0x3C, 0x0F, 0x00, 0x38,
    0xE0, 0x7F, 0x80, 0xFC, 0x01, 0xE0, 0x03, 0x00, 0x00, 0x00, 0x7C, 0x07, 0xF8, 0x3F, 0xE0, 0xFB,
    0x03, 0x80, 0x0F, 0x00, 0x3F, 0x80, 0xFF, 0x80, 0xFF, 0x00, 0xFE, 0x00, 0x78, 0xF1, 0xE7, 0xFF,
    0x9F, 0xFC, 0x7F, 0xE0, 0x00, 0x00, 0x71, 0xCF, 0xE1, 0xF0, 0x38, 0x04, 0x00, 0x03, 0xF8, 0xFE,
    0x30, 0x0F, 0xC1, 0xFC, 0x8F, 0x7F, 0xFF, 0xF7, 0xF8, 0x00, 0xFF, 0xFF, 0xFF, 0xFF, 0xFE, 0x0F,
    0x00, 0x78, 0x03, 0xC0, 0x1E, 0x00, 0xF0, 0x07, 0x80, 0x3C, 0x01, 0xE0, 0x0F, 0x00, 0x78, 0x03,
    0xC0, 0x1C, 0x00, 0xF0, 0x07, 0x80, 0x3C, 0x01, 0xC0, 0x04, 0x0E, 0x07, 0x03, 0x87, 0xFF, 0xFC,
    0x70, 0x38, 0x3C, 0x1E, 0x0F, 0xC7, 0xF1, 0xF8, 0xC0, 0xF0, 0x78, 0x3C, 0x00, 0x38, 0xE0, 0xFF,
    0x03, 0xF0, 0x0F, 0x00, 0x30, 0x00, 0x00, 0x00, 0x1F, 0xFF, 0xFF, 0xFF, 0xFF, 0xC1, 0xE0, 0x0F,
    0x00, 0x78, 0x03, 0xC0, 0x1E, 0x00, 0xF0, 0x07, 0x80, 0x3C, 0x01, 0xE0, 0x0F, 0x00, 0x78, 0x00,
    0x00, 0xE0, 0x0E, 0x04, 0xE1, 0xCE, 0x1C, 0xE1, 0xC0, 0x7F, 0x8F, 0xF8, 0x1C, 0x01, 0xC0, 0x3C,
    0x03, 0xC0, 0x3F, 0x03, 0xF8, 0x1F, 0x80, 0x00, 0xFF, 0xFF, 0xFF, 0xFF, 0xFE, 0x0F, 0x00, 0x78,
    0x03, 0xC0, 0xFF, 0x87, 0xFC, 0x07, 0x80, 0x3C, 0x01, 0xE0, 0x0F, 0x00, 0x78, 0x03, 0xC0, 0x02,
    0x03, 0x80, 0xE0, 0x38, 0x3F, 0xDF, 0xF0, 0xE1, 0xFF, 0x7F, 0xC7, 0x81, 0xF8, 0x7F, 0x0F, 0xC0,
    0x00, 0x0E, 0xC0, 0xFE, 0x07, 0xF0, 0x3F, 0x00, 0x00, 0x00, 0x00, 0x00, 0x1F, 0x1F, 0xF8, 0xFF,
    0xC3, 0xFE, 0x1F, 0xF0, 0xF7, 0x07, 0xB8, 0x3D, 0xC1, 0xEE, 0x0F, 0x78, 0xF3, 0xFF, 0x9F, 0xFC,
    0xFF, 0xE3, 0xFE, 0x00, 0x00, 0x3F, 0x0F, 0xC3, 0x70, 0x00, 0x00, 0x00, 0x0E, 0x1F, 0x87, 0xE1,
    0xF8, 0xFF, 0x3D, 0xCF, 0x7F, 0xDF, 0xF3, 0xFC, 0x0F, 0xC1, 0xFF, 0x0F, 0xF8, 0x00, 0x00, 0x00,
    0x00, 0x00, 0x00, 0x1F, 0x1F, 0xF8, 0xFF, 0xC3, 0xFE, 0x1F, 0xF0, 0xF7, 0x07, 0xB8, 0x3D, 0xC1,
    0xEE, 0x0F, 0x78, 0xF3, 0xFF, 0x9F, 0xFC, 0xFF, 0xE3, 0xFE, 0x00, 0x00, 0x3F, 0x9F, 0xEF, 0xFC,
    0x00, 0x00, 0x00, 0x0E, 0x1F, 0x87, 0xE1, 0xF8, 0xFF, 0x3D, 0xCF, 0x7F, 0xDF, 0xF3, 0xFC, 0x1E,
    0xC0, 0xFF, 0x07, 0xF0, 0x1F, 0x00, 0x00, 0x00, 0x00, 0x00, 0x1F, 0x1F, 0xF8, 0xFF, 0xC3, 0xFE,
    0x1F, 0xF0, 0xF7, 0x07, 0xB8, 0x3D, 0xC1, 0xEE, 0x0F, 0x78, 0xF3, 0xFF, 0x9F, 0xFC, 0xFF, 0xE3,
    0xFE, 0x00, 0x00, 0x00, 0x1E, 0xE7, 0xF8, 0xFC, 0x0C, 0x00, 0x00, 0x03, 0x87, 0xE1, 0xF8, 0x7E,
    0x3F, 0xCF, 0x73, 0xDF, 0xF7, 0xFC, 0xFF, 0x07, 0x00, 0x7C, 0x03, 0xE0, 0x0E, 0x00, 0x00, 0x00,
    0x00, 0x00, 0x00, 0x00, 0xF8, 0xFF, 0xC7, 0xFE, 0x1F, 0xF0, 0xFF, 0x87, 0xB8, 0x3D, 0xC1, 0xEE,
    0x0F, 0x70, 0x7B, 0xC7, 0x9F, 0xFC, 0xFF, 0xE7, 0xFF, 0x1F, 0xF0, 0x00, 0x00, 0x1E, 0x07, 0x81,
    0xE0, 0x78, 0x00, 0x00, 0x00, 0x03, 0x87, 0xE1, 0xF8, 0x7E, 0x3F, 0xCF, 0x73, 0xDF, 0xF7, 0xFC,
    0xFF, 0x1E, 0x1E, 0x78, 0xF9, 0xE3, 0xE0, 0x00, 0x00, 0x00, 0x00, 0x00, 0x3E, 0x3E, 0x7C, 0x7C,
    0xF8, 0x79, 0xF0, 0xF3, 0xE1, 0xE3, 0x83, 0xC7, 0x07, 0x8E, 0x0F, 0x1C, 0x1E, 0x3C, 0x78, 0x7F,
    0xF0, 0xFF, 0xE1, 0xFF, 0xC1, 0xFF, 0x00, 0x00, 0x00, 0x1E, 0x3C, 0x78, 0xF3, 0xE3, 0xC0, 0x00,
    0x00, 0x00, 0x0E, 0x1C, 0x1C, 0x38, 0x38, 0x70, 0x71, 0xE0, 0xF3, 0xC0, 0xE7, 0x81, 0xFF, 0x03,
    0xFE, 0x03, 0xFC, 0x00, 0xF8, 0xFF, 0xC7, 0xFE, 0x1F, 0xF0, 0xFF, 0x87, 0xB8, 0x3D, 0xC1, 0xEE,
    0x0F, 0x70, 0x7B, 0xC7, 0x9F, 0xFC, 0xFF, 0xE7, 0xFF, 0x1F, 0xF0, 0x07, 0x00, 0x70, 0x03, 0xE0,
    0x0F, 0x00, 0x00, 0xE1, 0xF8, 0x7E, 0x1F, 0x8F, 0xF3, 0xDE, 0xF7, 0xFD, 0xFF, 0x3F, 0xC0, 0xE0,
    0x70, 0x1F, 0x03, 0xC0, 0x00, 0x00, 0x60, 0x00, 0x0F, 0x00, 0x01, 0xF8, 0x00, 0x39, 0xC0, 0x03,
    0x04, 0x00, 0x00, 0x00, 0x70, 0x00, 0xEF, 0x80, 0x1E, 0x78, 0x01, 0xE7, 0x80, 0x1E, 0x78, 0x63,
    0xE7, 0xCF, 0x3C, 0x3D, 0xF3, 0xC3, 0xDF, 0xBC, 0x3F, 0xFB, 0xC3, 0xFF, 0xF8, 0x3F, 0xFF, 0x81,
    0xFF, 0xF8, 0x1F, 0x9F, 0x81, 0xF9, 0xF0, 0x1F, 0x1F, 0x00, 0x01, 0x00, 0x0E, 0x00, 0x7C, 0x03,
    0xF8, 0x1E, 0xF0, 0x00, 0x00, 0x00, 0x00, 0x00, 0xF0, 0x1D, 0xC0, 0x77, 0x3B, 0xDF, 0xEE, 0x7F,
    0xF8, 0xFF, 0xE3, 0xFF, 0x8F, 0xFC, 0x3F, 0xF0, 0x73, 0xC0, 0x00, 0x00, 0x03, 0x80, 0x1E, 0x00,
    0xFC, 0x07, 0x38, 0x18, 0x20, 0x00, 0x00, 0x00, 0x00, 0x00, 0x70, 0x39, 0xE1, 0xE7, 0x87, 0x0F,
    0x3C, 0x3D, 0xE0, 0x7F, 0x81, 0xFE, 0x03, 0xF0, 0x0F, 0xC0, 0x1E, 0x00, 0x78, 0x01, 0xE0, 0x07,
    0x80, 0x1E, 0x00, 0x02, 0x00, 0xE0, 0x3E, 0x0F, 0xE3, 0x9E, 0x00, 0x00, 0x00, 0x00, 0x00, 0x1E,
    0x1D, 0xC7, 0xBC, 0xE3, 0xDC, 0x7F, 0x87, 0xE0, 0xFC, 0x0F, 0x81, 0xE0, 0x1C, 0x0F, 0x87, 0xE0,
    0xFC, 0x1F, 0x00, 0x1D, 0xE0, 0x77, 0x81, 0xFE, 0x0F, 0xF8, 0x00, 0x00, 0x00, 0x00, 0x00, 0x00,
    0x00, 0x70, 0x39, 0xE1, 0xE7, 0x87, 0x0F, 0x3C, 0x3D, 0xE0, 0x7F, 0x81, 0xFE, 0x03, 0xF0, 0x0F,
    0xC0, 0x1E, 0x00, 0x78, 0x01, 0xE0, 0x07, 0x80, 0x1E, 0x00, 0x01, 0x80, 0x0E, 0x00, 0x30, 0x01,
    0xC0, 0x00, 0x01, 0xFF, 0xF3, 0xFF, 0xCF, 0xFF, 0x1F, 0xF8, 0x0F, 0xC0, 0x7E, 0x03, 0xF8, 0x1F,
    0xC0, 0xFE, 0x07, 0xF0, 0x3F, 0xFC, 0xFF, 0xFB, 0xFF, 0xEF, 0xFF, 0x80, 0x07, 0x00, 0xC0, 0x38,
    0x07, 0x00, 0x00, 0x00, 0x0F, 0xF1, 0xFE, 0x07, 0xC1, 0xF0, 0x7C, 0x1E, 0x07, 0xF9, 0xFF, 0xBF,
    0xF0, 0x07, 0x80, 0x1E, 0x00, 0x78, 0x01, 0xE0, 0x00, 0x01, 0xFF, 0xF3, 0xFF, 0xCF, 0xFF, 0x1F,
    0xF8, 0x0F, 0xC0, 0x7E, 0x03, 0xF8, 0x1F, 0xC0, 0xFE, 0x07, 0xF0, 0x3F, 0xFC, 0xFF, 0xFB, 0xFF,
    0xEF, 0xFF, 0x80, 0x0F, 0x01, 0xE0, 0x3C, 0x07, 0x80, 0x00, 0x00, 0x0F, 0xF1, 0xFE, 0x07, 0xC1,
    0xF0, 0x7C, 0x1E, 0x07, 0xF9, 0xFF, 0xBF, 0xF0, 0x00, 0x00, 0x73, 0x80, 0xFC, 0x01, 0xE0, 0x03,
    0x00, 0x00, 0x00, 0x00, 0x1F, 0xFF, 0x3F, 0xFC, 0xFF, 0xF1, 0xFF, 0x80, 0xFC, 0x07, 0xE0, 0x3F,
    0x81, 0xFC, 0x0F, 0xE0, 0x7F, 0x03, 0xFF, 0xCF, 0xFF, 0xBF, 0xFE, 0xFF, 0xF8, 0x30, 0xC7, 0x78,
    0x7E, 0x07, 0x80, 0xE0, 0x00, 0x00, 0x00, 0x00, 0x3F, 0xC7, 0xF8, 0x1F, 0x07, 0xC1, 0xF0, 0x78,
    0x1F, 0xE7, 0xFE, 0xFF, 0xC0, 0x1C, 0x7D, 0xFB, 0xC7, 0x0E, 0x1C, 0x38, 0x70, 0xE1, 0xC3, 0x87,
    0x0E, 0x1C, 0x00, 0x00, 0x00, 0x7F, 0xE1, 0xFF, 0xE7, 0xFF, 0xCF, 0xE3, 0x9F, 0xC7, 0x3F, 0xFE,
    0x3F, 0xFC, 0x3F, 0xFC, 0x3C, 0x78, 0x78, 0x78, 0xFF, 0xF1, 0xFF, 0xC3, 0xFF, 0x87, 0xFE, 0x00,
    0x7F, 0xC3, 0xFF, 0x1F, 0xF8, 0xFF, 0xE7, 0x7F, 0x00, 0x78, 0x03, 0xC0, 0x1E, 0x00, 0xF0, 0x0F,
    0x1F, 0xF8, 0xFF, 0x87, 0xF8, 0x7F, 0x80, 0x00, 0x00, 0x00, 0x38, 0x01, 0x80, 0x0C, 0x0F, 0xE1,
    0xFF, 0x1F, 0xF8, 0xFF, 0xCF, 0x00, 0x78, 0x03, 0xC0, 0x3E, 0x01, 0xF0, 0x0F, 0xE7, 0x3F, 0xF9,
    0xFF, 0xC7, 0xFE, 0x1F, 0xF0, 0x07, 0x83, 0x81, 0xC7, 0xE7, 0xF3, 0x83, 0xC1, 0xE0, 0xF0, 0x3F,
    0x1F, 0xC7, 0xE0, 0x1F, 0xF8, 0x1F, 0xFC, 0x1F, 0xFE, 0x1E, 0x1F, 0x1E, 0x0F, 0x1E, 0x07, 0x7F,
    0xC7, 0x7F, 0xC7, 0x1E, 0x0F, 0x1E, 0x7F, 0x1F, 0xFF, 0x1F, 0xFE, 0x1F, 0xFE, 0x1F, 0xF8, 0x3F,
    0xF8, 0x7F, 0xFC, 0xFF, 0xFE, 0xFE, 0x3F, 0xFE, 0x0F, 0xFE, 0x07, 0x7E, 0x07, 0x7E, 0x07, 0x1E,
    0x0F, 0x1E, 0x7F, 0x1F, 0xFF, 0x1F, 0xFE, 0x1F, 0xFE, 0x1F, 0xF8, 0x7F, 0xCF, 0xFD, 0xFF, 0x80,
    0xF0, 0x1E, 0x3F, 0xC7, 0xF8, 0xFF, 0x01, 0xE0, 0x3D, 0xFF, 0xBF, 0xF7, 0xFF, 0xFF, 0xC0, 0x00,
    0x1F, 0xC7, 0xF9, 0xFF, 0x03, 0xFF, 0xF7, 0xFD, 0xFF, 0x7F, 0x8F, 0xC0, 0x00, 0x3E, 0x0F, 0xE1,
    0x8E, 0x71, 0xC7, 0x00, 0xF8, 0x1F, 0x07, 0x9C, 0xE3, 0x9E, 0x71, 0xFE, 0x3F, 0xC3, 0xE0, 0x1F,
    0xF1, 0xFF, 0x1F, 0xE1, 0xC0, 0x1C, 0x01, 0xFE, 0x1F, 0xE1, 0xFE, 0x1C, 0x01, 0xC0, 0x1C, 0x03,
    0xC0, 0x3C, 0x03, 0xC0, 0x7C, 0x07, 0xC0, 0x78, 0x00, 0x00, 0x7C, 0x03, 0xF0, 0x0E, 0xC0, 0x78,
    0x01, 0xC0, 0x07, 0x00, 0xFF, 0xC1, 0xFF, 0x01, 0xC0, 0x0F, 0x00, 0x3C, 0x00, 0xE0, 0x03, 0x80,
    0xFE, 0x07, 0xF8, 0x1F, 0xC0, 0x3F, 0x00, 0x00, 0x00, 0x00, 0x18, 0x00, 0x78, 0x00, 0xE0, 0x01,
    0xC1, 0xFF, 0x87, 0xFF, 0x1F, 0xFE, 0x3E, 0x00, 0x78, 0x01, 0xF0, 0x03, 0xC3, 0xE7, 0x87, 0xFF,
    0x8F, 0xEF, 0x07, 0xDF, 0xFF, 0x1F, 0xFE, 0x3F, 0xFC, 0x1F, 0xF0, 0xF8, 0x1F, 0x78, 0x3E, 0x7C,
    0x3C, 0x3C, 0x7C, 0x3E, 0xF8, 0x1F, 0xF0, 0x0F, 0xE0, 0x0F, 0xE0, 0x07, 0xC0, 0x07, 0xC0, 0x0F,
    0xC0, 0x0F, 0xE0, 0x1F, 0xE0, 0x1E, 0xF0, 0x3E, 0xF0, 0x3F, 0xF0, 0x1F, 0xF0, 0x1F, 0xF0, 0x00,
    0x00, 0xE7, 0x39, 0xCE, 0x73, 0x9C, 0xE7, 0xFF, 0xF0, 0x78, 0x70, 0xE1, 0xC3, 0x9F, 0xFF, 0xFF,
    0x38, 0x70, 0xE3, 0xC7, 0xCF, 0x80, 0x0E, 0x78, 0x1D, 0xF0, 0x3B, 0xC0, 0xFF, 0x01, 0xFE, 0x03,
    0xF8, 0x07, 0xE0, 0x3F, 0xC0, 0x7F, 0x80, 0xFF, 0x81, 0xFF, 0x80, 0xFF, 0x83, 0xDF, 0xC7, 0x9F,
    0xC0, 0x00, 0x00, 0x00, 0x0F, 0x01, 0xE0, 0x3C, 0x07, 0x00, 0xE0, 0x1C, 0x03, 0xF8, 0x7E, 0x0F,
    0x81, 0xF0, 0x7E, 0x0F, 0xE1, 0xFE, 0x3F, 0xE7, 0xBE, 0x1C, 0x1C, 0x1C, 0x1C, 0x1C, 0x3C, 0xFF,
    0xFF, 0xFF, 0x38, 0x38, 0x3E, 0x3E, 0x3F, 0x1C, 0x1C, 0xF8, 0xF3, 0xE3, 0xCF, 0xCF, 0x3F, 0x3C,
    0xFE, 0xF3, 0xFB, 0xCF, 0xEF, 0x3F, 0xF8, 0xF7, 0xE3, 0xDF, 0x8F, 0x3E, 0x7C, 0xF9, 0xF3, 0xEF,
    0xC0, 0x3E, 0x00, 0xF0, 0x00, 0x00, 0x06, 0x00, 0x06, 0x0F, 0xE6, 0x1F, 0xFE, 0x3F, 0xFE, 0x78,
    0x3C, 0x78, 0x3C, 0x70, 0x1C, 0xF0, 0x1E, 0xF0, 0x1E, 0xF0, 0x1C, 0x7F, 0xFC, 0x7F, 0xFC, 0x7F,
    0xFC, 0x3F, 0xF8, 0x1F, 0xF0, 0x00, 0x00, 0x00, 0x00, 0x06, 0x3F, 0x67, 0xFE, 0x7B, 0xEF, 0x1C,
    0xE1, 0xCF, 0xFC, 0x7F, 0xC7, 0xF8, 0x3F, 0x00, 0x07, 0x00, 0xFF, 0xC7, 0xFF, 0x9F, 0x8E, 0x7E,
    0x1D, 0xB8, 0xF6, 0xFF, 0xCB, 0xFE, 0x2F, 0xF0, 0x3F, 0x80, 0xE0, 0x03, 0xC0, 0x1F, 0x00, 0x7C,
    0x01, 0xF0, 0x00, 0x00, 0x03, 0xC0, 0x7C, 0x07, 0xF0, 0x7F, 0xC7, 0xFE, 0x7C, 0xE7, 0x86, 0x78,
    0x67, 0xC6, 0x7F, 0xE7, 0xFE, 0x7F, 0xC7, 0xF8, 0x70, 0x07, 0x00, 0xF0, 0x0F, 0x00, 0x00, 0x1F,
    0xE7, 0xF9, 0xE0, 0x3C, 0x0F, 0x01, 0xE0, 0x38, 0x0E, 0x0F, 0x07, 0x81, 0xFE, 0x7F, 0x9F, 0xE0,
    0xFF, 0xFF, 0xFF, 0xFF, 0xFF, 0xD8, 0xF0, 0x03, 0xC0, 0x0F, 0x00, 0x3C, 0x00, 0xF0, 0x03, 0xC0,
    0x0F, 0x00, 0x3C, 0x00, 0xF0, 0x03, 0xC0, 0x0F, 0x00, 0x0F, 0x07, 0x87, 0x83, 0xC1, 0xC0, 0xE0,
    0x70, 0xFF, 0xFF, 0x8E, 0x07, 0x07, 0x83, 0xC1, 0xF8, 0xFE, 0x3F, 0x00, 0x00, 0xFF, 0xFF, 0xFF,
    0xFF, 0xFE, 0x0F, 0x00, 0x78, 0x03, 0xC0, 0x1E, 0x00, 0xF0, 0x07, 0x80, 0x3C, 0x01, 0xE0, 0x0F,
    0x00, 0x78, 0x03, 0xF0, 0x1F, 0x80, 0x7C, 0x00, 0x00, 0x00, 0x0C, 0x00, 0x18, 0x00, 0x77, 0xC7,
    0xEF, 0x8F, 0x9F, 0x0F, 0x3E, 0x1E, 0x7C, 0x3C, 0x70, 0x78, 0xE0, 0xF1, 0xC1, 0xE3, 0x83, 0xC7,
    0x8F, 0x0F, 0xFE, 0x1F, 0xFC, 0x3F, 0xF8, 0x3F, 0xE0, 0x00, 0x00, 0x00, 0x60, 0x07, 0x00, 0x7E,
    0x1E, 0xE1, 0xEE, 0x1C, 0xE3, 0xCF, 0x3C, 0x73, 0xC7, 0xFC, 0x7F, 0xC3, 0xFC, 0x00, 0x07, 0xEF,
    0xFF, 0x7F, 0xFB, 0xF7, 0x9F, 0x78, 0x3B, 0x81, 0xFC, 0x0F, 0xE0, 0x7F, 0x03, 0xFC, 0x1C, 0xE1,
    0xE7, 0xFF, 0x1F, 0xF0, 0x7F, 0x00, 0x00, 0x00, 0x1F, 0x00, 0xFC, 0x07, 0xEF, 0x8F, 0xFC, 0x7F,
    0xE1, 0xFF, 0x0F, 0xF8, 0x7B, 0x83, 0xDC, 0x1E, 0xE0, 0xF7, 0x07, 0xBC, 0x79, 0xFF, 0xCF, 0xFE,
    0x7F, 0xF1, 0xFF, 0x00, 0x00, 0x00, 0x00, 0x00, 0x79, 0xC0, 0xF3, 0xC3, 0xF7, 0x87, 0xE7, 0x9F,
    0xCF, 0x7B, 0x0F, 0xF6, 0x1F, 0xE8, 0x1F, 0x80, 0x3F, 0x00, 0x3C, 0x00, 0x78, 0x00, 0xF0, 0x01,
    0xE0, 0x03, 0xC0, 0xF0, 0xF3, 0x8F, 0x9E, 0x7E, 0x7B, 0xF3, 0xFF, 0x8F, 0xD8, 0x7E, 0x81, 0xF0,
    0x0F, 0x00, 0x38, 0x07, 0xC0, 0xFC, 0x07, 0xE0, 0x3E, 0x00, 0x7F, 0xCF, 0xF9, 0xFF, 0x01, 0xE0,
    0x7C, 0x1F, 0x07, 0xC0, 0xFC, 0x1F, 0xC0, 0x7C, 0x07, 0x98, 0xF7, 0xFE, 0xFF, 0x9F, 0xF0, 0xFC,
    0x00, 0x00, 0x1F, 0xFF, 0xFF, 0xFF, 0xFF, 0xF6, 0x00, 0x39, 0xDC, 0xCE, 0x67, 0x33, 0x99, 0xCC,
    0xCE, 0x67, 0x33, 0x99, 0xCC, 0xE6, 0x77, 0x3B, 0x9D, 0xCE, 0x06, 0x01, 0x80, 0x61, 0xFE, 0x7F,
    0xDF, 0xE0, 0xF9, 0xFF, 0xFF, 0x83, 0x80, 0xE0, 0x38, 0x0E, 0x03, 0x80, 0xE0, 0x38, 0xFF, 0xFF,
    0xEE, 0xEE, 0xEE, 0x60, 0x0F, 0xFF, 0xF0, 0x00, 0x00, 0x0E, 0x38, 0x00, 0x00, 0x0E, 0xE0, 0x00,
    0x00, 0x0F, 0x80, 0x00, 0x00, 0x0E, 0x00, 0x00, 0x00, 0x1C, 0x00, 0x00, 0x00, 0x00, 0x3F, 0xF0,
    0x07, 0xFF, 0xFF, 0xF0, 0x0F, 0xFF, 0xFF, 0xF0, 0x0F, 0xFF, 0xE3, 0xF0, 0x0F, 0xFF, 0xC1, 0xE0,
    0x03, 0xF7, 0x81, 0xC0, 0x0F, 0xCF, 0x03, 0x80, 0x3F, 0x1E, 0x07, 0x00, 0xFC, 0x3C, 0x1E, 0x03,
    0xF8, 0x79, 0xFC, 0x0F, 0xE0, 0xFF, 0xF8, 0x3F, 0xFD, 0xFF, 0xE0, 0x7F, 0xFB, 0xFF, 0xC0, 0xFF,
    0xFF, 0xFE, 0x01, 0xFF, 0xF0, 0x00, 0x00, 0x1C, 0x70, 0x00, 0x00, 0xFE, 0x00, 0x00, 0x07, 0xCF,
    0xFC, 0x00, 0x38, 0xFF, 0xE0, 0x03, 0x0F, 0xFF, 0x00, 0x00, 0xF1, 0xF0, 0x00, 0x0F, 0x07, 0x80,
    0x00, 0xF0, 0x38, 0x1F, 0xFF, 0x03, 0x81, 0xFF, 0xF0, 0x38, 0x01, 0xEF, 0x03, 0x80, 0x3C, 0xF0,
    0xF8, 0x07, 0x8F, 0xFF, 0x81, 0xF0, 0xFF, 0xF0, 0x3F, 0xEF, 0xFF, 0x03, 0xFE, 0xFF, 0xC0, 0x3F,
    0xF0, 0x00, 0x38, 0xE0, 0x07, 0xF8, 0x00, 0x7E, 0x00, 0xF7, 0x80, 0x1C, 0x60, 0x03, 0x80, 0x00,
    0x70, 0x00, 0x0E, 0x00, 0x1F, 0xFF, 0xEF, 0xFF, 0xFD, 0xFF, 0x0F, 0x71, 0xE3, 0xCE, 0x3D, 0xF1,
    0xFF, 0xFC, 0x1F, 0xFF, 0xE3, 0xFF, 0xFE, 0x3F, 0xFF, 0xE0, 0x00, 0x00, 0x78, 0x00, 0x7B, 0xC0,
    0x03, 0xDE, 0x00, 0x1E, 0xF0, 0x00, 0xF7, 0x80, 0x07, 0xBC, 0x00, 0x3D, 0xC0, 0x01, 0xEE, 0x00,
    0x0F, 0x70, 0x00, 0x73, 0x80, 0x03, 0x9F, 0xF8, 0x1C, 0xFF, 0xC1, 0xEF, 0xFE, 0x0F, 0x7F, 0xF6,
    0x78, 0x00, 0x7F, 0xC0, 0x03, 0xFC, 0x00, 0x1F, 0xE0, 0x00, 0x7C, 0x00, 0x00, 0x0F, 0xE0, 0x1F,
    0xC0, 0x3F, 0x80, 0x0F, 0x00, 0x1E, 0x00, 0x3C, 0x03, 0xF8, 0x07, 0xF0, 0x0F, 0xE0, 0x1F, 0xC0,
    0x37, 0xFE, 0x6F, 0xFD, 0xDF, 0xFB, 0xBF, 0xF7, 0x00, 0x0E, 0x00, 0x7C, 0x00, 0xF8, 0x01, 0xE0,
    0x00, 0x00, 0x70, 0x01, 0xC0, 0xE7, 0x03, 0x9C, 0x0F, 0x70, 0x03, 0xC0, 0x0F, 0x03, 0xBC, 0x0E,
    0xE0, 0x3B, 0x80, 0xEE, 0x03, 0xBE, 0x0E, 0xF8, 0x3B, 0xF0, 0xE0, 0x03, 0x80, 0x0E, 0x00, 0xF8,
    0x03, 0xE0, 0x0F, 0x00, 0x7C, 0x38, 0x38, 0x39, 0xF1, 0xE1, 0xE7, 0xC7, 0x87, 0x9F, 0x9E, 0x1E,
    0x7E, 0x78, 0x79, 0xFD, 0xE1, 0xE7, 0xF7, 0x87, 0x9F, 0xDE, 0x1E, 0x7F, 0xF0, 0x79, 0xEF, 0xC1,
    0xC7, 0xBF, 0x07, 0x1E, 0x7C, 0x1C, 0xF9, 0xF0, 0xF3, 0xE7, 0xC3, 0xC0, 0x00, 0x8F, 0x00, 0x07,
    0xFC, 0x00, 0x1F, 0xE0, 0x00, 0x7F, 0x80, 0x01, 0xFC, 0x00, 0x00, 0x00, 0x38, 0x78, 0x1F, 0x1E,
    0x07, 0xC7, 0x9D, 0xF9, 0xE7, 0x7E, 0x79, 0xDF, 0xDE, 0x07, 0xF7, 0x81, 0xFD, 0xE7, 0x7F, 0xF1,
    0xDE, 0xFC, 0x77, 0xBF, 0x1F, 0xE7, 0xC7, 0xF9, 0xF1, 0xFE, 0x7C, 0x70, 0x00, 0x18, 0x00, 0x06,
    0x00, 0x03, 0x80, 0x00, 0xE0, 0x00, 0xF8, 0x00, 0x3E, 0x00, 0x0F, 0x00, 0x00, 0x0E, 0x00, 0x0E,
    0xFF, 0x0E, 0xFF, 0x80, 0xFF, 0x80, 0xE3, 0x84, 0xE3, 0x8E, 0xE3, 0xCE, 0xE3, 0xCE, 0xE3, 0xCE,
    0xF3, 0xCE, 0x00, 0x0E, 0x00, 0x0E, 0x00, 0x0E, 0x00, 0x0E, 0x00, 0x3C, 0x00, 0x3C, 0x00, 0x7C,
    0x00, 0x78, 0x1C, 0xF0, 0x7F, 0x80, 0x7C, 0x01, 0xE0, 0x03, 0x00, 0x00, 0x00, 0x00, 0x01, 0xE0,
    0x07, 0x80, 0x1F, 0x00, 0xFC, 0x03, 0xF0, 0x1F, 0xE0, 0x73, 0x81, 0xCF, 0x0F, 0x3C, 0x3F, 0xF1,
    0xFF, 0xE7, 0xFF, 0x9E, 0x1F, 0xF0, 0x3C, 0x61, 0x9E, 0xE3, 0xF0, 0x78, 0x0C, 0x00, 0x00, 0x00,
    0x00, 0x3F, 0x9F, 0xE7, 0x7B, 0x8E, 0xE1, 0xF9, 0xFF, 0xFD, 0xFF, 0x3F, 0xC0, 0x00, 0x1E, 0xF3,
    0xF8, 0x7C, 0x0E, 0x00, 0x00, 0x00, 0x00, 0x00, 0x07, 0x80, 0xE0, 0x38, 0x0E, 0x03, 0x80, 0xE0,
    0x38, 0x0E, 0x03, 0x80, 0xE0, 0x38, 0x0F, 0x07, 0xC1, 0xF0, 0x61, 0x9D, 0xE3, 0xF0, 0x78, 0x0C,
    0x00, 0x00, 0x00, 0x30, 0x1C, 0x07, 0x01, 0xC0, 0x70, 0x1C, 0x07, 0x81, 0xE0, 0x78, 0x1E, 0x00,
    0x1C, 0x70, 0x1F, 0xC0, 0x1F, 0x00, 0x1C, 0x00, 0x30, 0x00, 0x00, 0x00, 0x00, 0x07, 0xF0, 0x1F,
    0xF0, 0x7F, 0xF1, 0xE0, 0xF3, 0xC1, 0xE7, 0x01, 0xDE, 0x03, 0xFC, 0x07, 0xF8, 0x0E, 0x7F, 0xFC,
    0xFF, 0xF9, 0xFF, 0xF1, 0xFF, 0xC1, 0xFF, 0x00, 0x00, 0x00, 0x73, 0xCF, 0xE1, 0xF0, 0x38, 0x0C,
    0x00, 0x00, 0x00, 0xFC, 0x7F, 0x9E, 0xFF, 0x1F, 0x87, 0xFF, 0xDF, 0xF7, 0xF8, 0xFC, 0x38, 0xE0,
    0xFE, 0x03, 0xE0, 0x0E, 0x00, 0x20, 0x00, 0x00, 0x00, 0x00, 0x00, 0xF8, 0xFF, 0xC7, 0xFE, 0x1F,
    0xF0, 0xFF, 0x87, 0xB8, 0x3D, 0xC1, 0xEE, 0x0F, 0x70, 0x7B, 0xC7, 0x9F, 0xFC, 0xFF, 0xE7, 0xFF,
    0x1F, 0xF0, 0x00, 0x00, 0x73, 0xCF, 0xE1, 0xF0, 0x38, 0x04, 0x00, 0x00, 0x03, 0x87, 0xE1, 0xF8,
    0x7E, 0x3F, 0xCF, 0x73, 0xDF, 0xF7, 0xFC, 0xFF, 0x01, 0xC1, 0xFF, 0x0F, 0xF8, 0x60, 0x00, 0x00,
    0x00, 0x00, 0x77, 0x83, 0xBC, 0x3D, 0xE1, 0xFF, 0x00, 0x00, 0x00, 0x00, 0x00, 0x7C, 0x7F, 0xE3,
    0xFF, 0x0F, 0xF8, 0x7F, 0xC3, 0xDC, 0x1E, 0xE0, 0xF7, 0x07, 0xB8, 0x3D, 0xE3, 0xCF, 0xFE, 0x7F,
    0xF3, 0xFF, 0x8F, 0xF8, 0x00, 0x00, 0x01, 0x9F, 0xE7, 0xFD, 0xE0, 0x00, 0x00, 0x07, 0xB9, 0xEE,
    0x7F, 0xDF, 0xF0, 0x00, 0x00, 0xE1, 0xF8, 0x7E, 0x1F, 0x8F, 0xF3, 0xDC, 0xF7, 0xFD, 0xFF, 0x3F,
    0xC0, 0x03, 0x00, 0x18, 0x01, 0xC0, 0x0E, 0x00, 0x00, 0x00, 0x00, 0x77, 0x83, 0xBC, 0x3D, 0xE1,
    0xFF, 0x00, 0x00, 0x00, 0x00, 0x00, 0x7C, 0x7F, 0xE3, 0xFF, 0x0F, 0xF8, 0x7F, 0xC3, 0xDC, 0x1E,
    0xE0, 0xF7, 0x07, 0xB8, 0x3D, 0xE3, 0xCF, 0xFE, 0x7F, 0xF3, 0xFF, 0x8F, 0xF8, 0x00, 0x00, 0x06,
    0x03, 0x80, 0xE0, 0x30, 0x00, 0x1E, 0xE7, 0xB9, 0xFF, 0x7F, 0xC0, 0x00, 0x03, 0x87, 0xE1, 0xF8,
    0x7E, 0x3F, 0xCF, 0x73, 0xDF, 0xF7, 0xFC, 0xFF, 0x38, 0xE0, 0xFE, 0x03, 0xE0, 0x0E, 0x00, 0x30,
    0x00, 0x00, 0x00, 0x03, 0xBC, 0x1D, 0xE1, 0xEF, 0x0F, 0xF8, 0x00, 0x00, 0x00, 0x00, 0x03, 0xE3,
    0xFF, 0x1F, 0xF8, 0x7F, 0xC3, 0xFE, 0x1E, 0xE0, 0xF7, 0x07, 0xB8, 0x3D, 0xC1, 0xEF, 0x1E, 0x7F,
    0xF3, 0xFF, 0x9F, 0xFC, 0x7F, 0xC0, 0x00, 0x00, 0x61, 0xDE, 0xE3, 0xF0, 0x78, 0x0E, 0x00, 0x00,
    0x00, 0x00, 0x00, 0x00, 0x03, 0xB8, 0xFE, 0x7F, 0x8E, 0xE0, 0x03, 0x87, 0xE1, 0xF8, 0x7E, 0x3F,
    0xCF, 0x73, 0xDF, 0xF7, 0xFC, 0xFF, 0x1E, 0x00, 0x78, 0x01, 0xF0, 0x00, 0x00, 0x00, 0x00, 0x00,
    0x00, 0x00, 0x00, 0x1D, 0xC0, 0xEE, 0x07, 0x70, 0x3B, 0x80, 0x00, 0x00, 0x03, 0xE3, 0xFF, 0x1F,
    0xF8, 0x7F, 0xC3, 0xFE, 0x1E, 0xE0, 0xF7, 0x07, 0xB8, 0x3D, 0xC1, 0xEF, 0x1E, 0x7F, 0xF3, 0xFF,
    0x9F, 0xFC, 0x7F, 0xC0, 0x00, 0x00, 0x3C, 0x07, 0x80, 0xF0, 0x00, 0x00, 0x00, 0x00, 0x00, 0x00,
    0x3B, 0x8F, 0xE7, 0xF8, 0xEE, 0x00, 0x38, 0x7E, 0x1F, 0x87, 0xE3, 0xFC, 0xF7, 0x3D, 0xFF, 0x7F,
    0xCF, 0xF0, 0x7E, 0x3F, 0xEF, 0xFB, 0x0F, 0x07, 0xFF, 0xFF, 0xFB, 0xCE, 0x7F, 0x0F, 0x80, 0x00,
    0x03, 0xF0, 0x3F, 0xE0, 0xFF, 0x80, 0x00, 0x00, 0x00, 0x7B, 0x81, 0xEE, 0x07, 0xB8, 0x1F, 0xF0,
    0x00, 0x00, 0x00, 0x01, 0xE0, 0x07, 0x80, 0x1F, 0x00, 0xFC, 0x03, 0xF0, 0x1F, 0xE0, 0x73, 0x81,
    0xCF, 0x0F, 0x3C, 0x3F, 0xF1, 0xFF, 0xE7, 0xFF, 0x9E, 0x1F, 0xF0, 0x3C, 0x00, 0x1F, 0xE7, 0xFD,
    0xFC, 0x00, 0x00, 0x00, 0x00, 0x00, 0x33, 0x0E, 0xE7, 0xF9, 0xFE, 0x00, 0x00, 0x03, 0xF9, 0xFE,
    0x77, 0xB8, 0xEE, 0x1F, 0x9F, 0xFF, 0xDF, 0xF3, 0xFC, 0x1F, 0xE0, 0x7F, 0xC1, 0xFF, 0x00, 0x00,
    0x00, 0x00, 0x00, 0x00, 0x00, 0x00, 0xE0, 0x07, 0x80, 0x1E, 0x00, 0x78, 0x00, 0x00, 0x00, 0x00,
    0x1E, 0x00, 0x78, 0x01, 0xF0, 0x0F, 0xC0, 0x3F, 0x01, 0xFE, 0x07, 0x38, 0x1C, 0xF0, 0xF3, 0xC3,
    0xFF, 0x1F, 0xFE, 0x7F, 0xF9, 0xE1, 0xFF, 0x03, 0xC0, 0x7F, 0xBF, 0xEF, 0xF8, 0x00, 0x00, 0x00,
    0x00, 0xE0, 0x78, 0x1E, 0x07, 0x80, 0x00, 0x00, 0x00, 0x0F, 0xE7, 0xF9, 0xDE, 0xE3, 0xB8, 0x7E,
    0x7F, 0xFF, 0x7F, 0xCF, 0xF0, 0x07, 0xF0, 0x07, 0xFC, 0x03, 0xFE, 0x00, 0x00, 0x00, 0x00, 0x00,
    0x00, 0x00, 0x00, 0x00, 0x7F, 0xF8, 0x7F, 0xFF, 0x3B, 0xFF, 0xB8, 0xFF, 0xDC, 0x3F, 0xEE, 0x7E,
    0x17, 0xFF, 0xF9, 0xFF, 0xFC, 0x7F, 0xFE, 0x03, 0xFE, 0x03, 0xFF, 0x03, 0xFF, 0x83, 0xF1, 0xC1,
    0xE0, 0x00, 0xF0, 0x00, 0xF8, 0x01, 0xFF, 0x7E, 0xFF, 0xBF, 0x9F, 0x1F, 0xC7, 0x83, 0xE3, 0xFF,
    0xE0, 0xFF, 0xF0, 0x7F, 0xF8, 0x0F, 0xF8, 0x3F, 0xC7, 0xFC, 0x7F, 0xCE, 0x3C, 0xEF, 0xFE, 0x3C,
    0xFF, 0xC7, 0xFC, 0x3F, 0xC0, 0xFC, 0x63, 0x87, 0xF8, 0x7F, 0x07, 0xF0, 0x0E, 0x78, 0x0F, 0xE0,
    0x0F, 0x80, 0x0E, 0x00, 0x08, 0x00, 0x00, 0x00, 0x00, 0x00, 0x00, 0x0F, 0xF8, 0x3F, 0xF0, 0xFF,
    0xE3, 0xF1, 0xC7, 0x80, 0x0F, 0x00, 0x3E, 0x00, 0x78, 0x7E, 0xF0, 0xFF, 0xF1, 0xFD, 0xE0, 0xFB,
    0xFF, 0xE7, 0xFF, 0xC7, 0xFF, 0x83, 0xFE, 0x00, 0x30, 0xC7, 0x78, 0x7E, 0x07, 0x80, 0x60, 0x00,
    0x00, 0x00, 0x00, 0x3F, 0xCF, 0xF9, 0xDF, 0x71, 0xEE, 0x3D, 0xC7, 0x9F, 0xF3, 0xFE, 0x3F, 0xC1,
    0xF9, 0x8E, 0x3F, 0xC7, 0xF0, 0xFE, 0x00, 0x38, 0xE1, 0xEF, 0x07, 0xF0, 0x1F, 0x00, 0x70, 0x00,
    0x00, 0x00, 0x07, 0x3C, 0x3B, 0xC1, 0xDE, 0x1F, 0xE0, 0xFF, 0x07, 0xF0, 0x3F, 0x01, 0xF8, 0x0F,
    0xC0, 0x7F, 0x03, 0xFC, 0x1F, 0xF9, 0xEF, 0xEF, 0x3F, 0x80, 0xE3, 0x83, 0xFC, 0x0F, 0xC0, 0x3C,
    0x00, 0xC0, 0x00, 0x00, 0x00, 0x03, 0x80, 0x1C, 0x00, 0xE0, 0x07, 0x00, 0x38, 0x01, 0xFC, 0x0F,
    0xC0, 0x7E, 0x03, 0xE0, 0x3F, 0x01, 0xFC, 0x0F, 0xF0, 0x7F, 0xC3, 0xDF, 0x00, 0x0F, 0xE0, 0x3F,
    0xE0, 0xFF, 0xE3, 0xC1, 0xE7, 0x83, 0xCE, 0x03, 0xBC, 0x07, 0xF8, 0x0F, 0xF0, 0x1C, 0xFF, 0xF9,
    0xFF, 0xF3, 0xFF, 0xE3, 0xFF, 0x83, 0xFE, 0x00, 0x1C, 0x00, 0x70, 0x00, 0xF8, 0x00, 0xF0, 0x00,
    0x40, 0x3F, 0x1F, 0xE7, 0xBF, 0xC7, 0xE1, 0xFF, 0xF7, 0xFD, 0xFE, 0x3F, 0x03, 0xC0, 0xE0, 0x3E,
    0x0F, 0x80, 0xC0, 0x00, 0xE0, 0x3F, 0xC0, 0x7F, 0xC0, 0xC0, 0x00, 0x00, 0x00, 0x00, 0x03, 0xF8,
    0x0F, 0xF8, 0x3F, 0xF8, 0xF0, 0x79, 0xE0, 0xF3, 0x80, 0xEF, 0x01, 0xFE, 0x03, 0xFC, 0x07, 0x3F,
    0xFE, 0x7F, 0xFC, 0xFF, 0xF8, 0xFF, 0xE0, 0xFF, 0x80, 0x07, 0x00, 0x1C, 0x00, 0x3E, 0x00, 0x3C,
    0x00, 0x10, 0x07, 0x9F, 0xEF, 0xFD, 0x00, 0x00, 0x00, 0x03, 0xF1, 0xFE, 0x7B, 0xFC, 0x7E, 0x1F,
    0xFF, 0x7F, 0xDF, 0xE3, 0xF0, 0x3C, 0x0E, 0x03, 0xE0, 0xF8, 0x0C, 0x71, 0xC7, 0xF0, 0x7C, 0x07,
    0x00, 0x40, 0xFF, 0x9F, 0xF3, 0xFE, 0x03, 0xC0, 0xF8, 0x3E, 0x0F, 0x81, 0xF8, 0x3F, 0x80, 0xF8,
    0x0F, 0x31, 0xEF, 0xFD, 0xFF, 0x3F, 0xE1, 0xF8, 0x00, 0x00, 0x71, 0xC7, 0xF0, 0x7C, 0x07, 0x00,
    0x40, 0xFF, 0x9F, 0xF3, 0xFE, 0x03, 0xC0, 0xF8, 0x3E, 0x0F, 0x81, 0xF8, 0x3F, 0x80, 0xF8, 0x0F,
    0x31, 0xEF, 0xFD, 0xFF, 0x3F, 0xE1, 0xF8, 0x00, 0x00, 0xFF, 0xC0, 0x1F, 0xFF, 0xFF, 0xC0, 0x3F,
    0xFF, 0xFF, 0xC0, 0x3F, 0xFF, 0x8F, 0xC0, 0x3F, 0xFF, 0x07, 0x80, 0x0F, 0xDE, 0x07, 0x00, 0x3F,
    0x3C, 0x0E, 0x00, 0xFC, 0x78, 0x1C, 0x03, 0xF0, 0xF0, 0x78, 0x0F, 0xE1, 0xE7, 0xF0, 0x3F, 0x83,
    0xFF, 0xE0, 0xFF, 0xF7, 0xFF, 0x81, 0xFF, 0xEF, 0xFF, 0x03, 0xFF, 0xFF, 0xF8, 0x07, 0xFF, 0xC0,
    0xFF, 0xC0, 0x00, 0x0F, 0xFE, 0x00, 0x00, 0xFF, 0xF0, 0x00, 0x0F, 0x1F, 0x00, 0x00, 0xF0, 0x78,
    0x00, 0x0F, 0x03, 0x81, 0xFF, 0xF0, 0x38, 0x1F, 0xFF, 0x03, 0x80, 0x1E, 0xF0, 0x38, 0x03, 0xCF,
    0x0F, 0x80, 0x78, 0xFF, 0xF8, 0x1F, 0x0F, 0xFF, 0x03, 0xFE, 0xFF, 0xF0, 0x3F, 0xEF, 0xFC, 0x03,
    0xFF, 0x01, 0xC0, 0x00, 0x70, 0x00, 0x1C, 0x00, 0x07, 0x00, 0x01, 0xC0, 0x0F, 0xFF, 0xF7, 0xFF,
    0xFF, 0xFF, 0x1F, 0xE3, 0xCF, 0x38, 0xF7, 0x8F, 0xFF, 0xC3, 0xFF, 0xFE, 0x7F, 0xFF, 0xCF, 0xFF,
    0xF0, 0x00, 0x00, 0x00, 0xC0, 0x03, 0x80, 0x07, 0x00, 0x1C, 0x00, 0x00, 0x00, 0x00, 0x00, 0x00,
    0x07, 0xFC, 0x1F, 0xF8, 0x7F, 0xF1, 0xF8, 0xE3, 0xC0, 0x07, 0x80, 0x1F, 0x00, 0x3C, 0x3F, 0x78,
    0x7F, 0xF8, 0xFE, 0xF0, 0x7D, 0xFF, 0xF3, 0xFF, 0xE3, 0xFF, 0xC1, 0xFF, 0x00, 0x07, 0x01, 0xC0,
    0xE0, 0x38, 0x00, 0x00, 0x03, 0xFD, 0xFF, 0x77, 0xF8, 0xFE, 0x3F, 0x8F, 0x7F, 0xDF, 0xF3, 0xFC,
    0x3F, 0x63, 0x9F, 0xE7, 0xF1, 0xFC, 0x0E, 0x00, 0x3C, 0x00, 0xF0, 0x00, 0x00, 0x00, 0x00, 0x00,
    0xE0, 0xEF, 0x8F, 0x7C, 0x7B, 0xF3, 0xDF, 0x9E, 0xFE, 0xF7, 0xF7, 0xBF, 0xBD, 0xFF, 0xCF, 0x7E,
    0x7B, 0xF3, 0xCF, 0xBE, 0x7D, 0xF3, 0xE0, 0x3C, 0x07, 0x80, 0xF8, 0x00, 0x00, 0x00, 0x00, 0x01,
    0xFC, 0x7F, 0x9F, 0xF7, 0x1D, 0xC7, 0xF1, 0xFC, 0x7F, 0x3F, 0xCF, 0x03, 0x80, 0x0E, 0x00, 0x70,
    0x01, 0xC0, 0x00, 0x00, 0x00, 0x00, 0x78, 0x01, 0xE0, 0x07, 0x80, 0x1E, 0x00, 0x00, 0x00, 0x00,
    0x00, 0x00, 0x1E, 0x00, 0x78, 0x01, 0xF0, 0x0F, 0xC0, 0x3F, 0x01, 0xFE, 0x07, 0x38, 0x1C, 0xF0,
    0xF3, 0xC3, 0xFF, 0x1F, 0xFE, 0x7F, 0xF9, 0xE1, 0xFF, 0x03, 0xC0, 0x06, 0x03, 0x80, 0xC0, 0x70,
    0x00, 0x00, 0x00, 0xC0, 0x78, 0x1E, 0x07, 0x81, 0xC0, 0x00, 0x00, 0x00, 0x03, 0xF9, 0xFE, 0x77,
    0xB8, 0xEE, 0x1F, 0x9F, 0xFF, 0xDF, 0xF3, 0xFC, 0x00, 0x00, 0x02, 0x00, 0x00, 0x1E, 0x00, 0x00,
    0x1E, 0x00, 0x00, 0x3C, 0x00, 0x0C, 0x3C, 0x00, 0x1C, 0x78, 0x00, 0x18, 0xF0, 0x00, 0x38, 0xF0,
    0x00, 0x01, 0xE0, 0x00, 0x03, 0xE0, 0x00, 0xFF, 0xC0, 0x01, 0xFF, 0xC0, 0x03, 0xFF, 0xC0, 0x03,
    0xCF, 0xC0, 0x07, 0x9F, 0xE0, 0x07, 0x9F, 0xE0, 0x07, 0xBD, 0xE0, 0x07, 0x7D, 0xE0, 0x07, 0xF9,
    0xE0, 0x07, 0xFF, 0xE0, 0x07, 0xFF, 0xE0, 0x03, 0xFF, 0xC0, 0x03, 0xFF, 0xC0, 0x07, 0xFF, 0x00,
    0x07, 0xC0, 0x00, 0x0F, 0x80, 0x00, 0x0F, 0x00, 0x00, 0x1F, 0x00, 0x00, 0x3E, 0x00, 0x00, 0x3E,
    0x00, 0x00, 0x7C, 0x00, 0x00, 0x78, 0x00, 0x00, 0xC0, 0x00, 0x00, 0x00, 0x30, 0x06, 0x06, 0xE0,
    0x6E, 0x0E, 0xE0, 0xFC, 0x01, 0xC0, 0x1C, 0x03, 0xC0, 0x38, 0x1F, 0x83, 0xFC, 0x3F, 0xE7, 0xFE,
    0x7F, 0xE7, 0xFE, 0x3F, 0xE3, 0xFC, 0x1F, 0x81, 0xC0, 0x1C, 0x03, 0xC0, 0x38, 0x03, 0x80, 0x78,
    0x07, 0x80, 0x60, 0x04, 0x00, 0x0F, 0x80, 0x3E, 0x00, 0xF8, 0x03, 0xC0, 0x0F, 0x00, 0x7C, 0x00,
    0xE0, 0x00, 0x00, 0x07, 0xC0, 0x7F, 0x83, 0xFE, 0x0F, 0xB0, 0x38, 0x00, 0xF0, 0x03, 0xF8, 0x0F,
    0xF8, 0x0F, 0xF0, 0x0F, 0xE0, 0x07, 0x8F, 0x1E, 0x7F, 0xF9, 0xFF, 0xC7, 0xFE, 0x00, 0x00, 0x1E,
    0x07, 0x81, 0xE0, 0x78, 0x3C, 0x0F, 0x00, 0x00, 0x00, 0x3F, 0x8F, 0xE3, 0x00, 0xFC, 0x1F, 0xC8,
    0xF7, 0xFF, 0xFF, 0x7F, 0x80, 0x00, 0x0F, 0x80, 0x7C, 0x03, 0xC0, 0x1E, 0x00, 0xF0, 0x0F, 0x80,
    0x78, 0x00, 0x00, 0x00, 0x07, 0xFF, 0xFF, 0xFF, 0xFF, 0xF0, 0x78, 0x03, 0xC0, 0x1E, 0x00, 0xF0,
    0x07, 0x80, 0x3C, 0x01, 0xE0, 0x0F, 0x00, 0x78, 0x03, 0xC0, 0x1E, 0x00, 0x3E, 0x1F, 0x0F, 0x07,
    0x83, 0xC3, 0xC0, 0x00, 0x08, 0x1C, 0x0E, 0x07, 0x0F, 0xFF, 0xF8, 0xE0, 0x70, 0x78, 0x3C, 0x1F,
    0x8F, 0xE3, 0xF0, 0x00, 0x00, 0x03, 0x9C, 0x0F, 0xC0, 0x3C, 0x01, 0xC0, 0x00, 0x00, 0x00, 0x03,
    0x80, 0x1C, 0x00, 0xE0, 0x07, 0x00, 0x38, 0x01, 0xFE, 0x0F, 0xF8, 0x7F, 0xC3, 0x8E, 0x1C, 0x71,
    0xE3, 0x8F, 0x1C, 0x78, 0xE3, 0xC7, 0x00, 0x03, 0x80, 0x1E, 0x00, 0x78, 0x01, 0xE0, 0x00, 0x00,
    0x00, 0x00, 0x78, 0x01, 0xE0, 0x07, 0xC0, 0x3F, 0x00, 0xFC, 0x07, 0xF8, 0x1C, 0xE0, 0x73, 0xC3,
    0xCF, 0x0F, 0xFC, 0x7F, 0xF9, 0xFF, 0xE7, 0x87, 0xFC, 0x0F, 0x1E, 0x07, 0x81, 0xE0, 0x78, 0x00,
    0x00, 0x03, 0xF9, 0xFE, 0x77, 0xB8, 0xEE, 0x1F, 0x9F, 0xFF, 0xDF, 0xF3, 0xFC, 0x7F, 0xEF, 0xF9,
    0xFF, 0x38, 0x07, 0x00, 0xFF, 0x1F, 0xE3, 0xFC, 0x70, 0x1E, 0x03, 0xFF, 0x7F, 0xEF, 0xFF, 0xFF,
    0xCF, 0x01, 0xE0, 0x3C, 0x07, 0x80, 0x1F, 0x1F, 0xE7, 0xFF, 0xFF, 0xFF, 0xFC, 0x17, 0xFD, 0xFF,
    0x3F, 0x8E, 0x03, 0xC0, 0xF0, 0x3C, 0x00, 0x00, 0xE0, 0x3F, 0xC0, 0x7F, 0xC0, 0xC0, 0x00, 0xEE,
    0x03, 0xDE, 0x07, 0xBC, 0x0F, 0x78, 0x00, 0x00, 0x00, 0x00, 0x3F, 0x80, 0xFF, 0x83, 0xFF, 0x8F,
    0x07, 0x9E, 0x0F, 0x38, 0x0E, 0xF0, 0x1F, 0xE0, 0x3F, 0xC0, 0x73, 0xFF, 0xE7, 0xFF, 0xCF, 0xFF,
    0x8F, 0xFE, 0x0F, 0xF8, 0x00, 0x00, 0x3B, 0x9F, 0xE7, 0xF8, 0xEE, 0x00, 0x0F, 0xC7, 0xF9, 0xFF,
    0xFF, 0xFF, 0xFF, 0xFD, 0xFF, 0x7F, 0x8F, 0xC0, 0x1C, 0x71, 0xC7, 0x1C, 0x71, 0xC7, 0x1C, 0x73,
    0xDE, 0xFB, 0xE0, 0x00, 0x0F, 0x00, 0x3C, 0x00, 0xF0, 0x03, 0x80, 0x0E, 0x00, 0x38, 0x0F, 0xFE,
    0x3F, 0xF0, 0xFF, 0xC0, 0x38, 0x00, 0xFF, 0x87, 0xFF, 0x1F, 0xFC, 0x7F, 0xF0, 0x00, 0x3C, 0x7E,
    0x76, 0x06, 0x1E, 0x1E, 0x38, 0x38, 0x38, 0x3F, 0xE0, 0xFF, 0xC3, 0xFF, 0x0F, 0x1C, 0x3C, 0x70,
    0xFF, 0xC3, 0xFF, 0x0F, 0xFE, 0xFF, 0x7B, 0xFC, 0xF3, 0xFF, 0xCF, 0xFE, 0x3F, 0xF8, 0xFF, 0xC0,
    0x1F, 0x1F, 0x07, 0xC7, 0xC1, 0xE1, 0xF0, 0x78, 0x7C, 0x1E, 0x1F, 0x3F, 0xFF, 0xFF, 0xFF, 0xFF,
    0xFF, 0xFF, 0x1E, 0x0E, 0x03, 0xC7, 0x80, 0xFF, 0xE0, 0x3F, 0xF8, 0x0F, 0xFE, 0x01, 0xFF, 0x00,
    0x00, 0x00, 0x07, 0xC0, 0x1F, 0x80, 0x3F, 0x80, 0x7F, 0x01, 0xFE, 0x03, 0xFE, 0x07, 0xBC, 0x1F,
    0x78, 0x3C, 0xF8, 0x78, 0xF1, 0xE1, 0xE3, 0xC1, 0xE7, 0x83, 0xDE, 0x03, 0x80, 0x00, 0x03, 0xFC,
    0x7F, 0xC7, 0x7C, 0xE3, 0xCE, 0x3C, 0xE3, 0xC7, 0xFC, 0x7F, 0xC3, 0xFB, 0x0D, 0xF0, 0x1F, 0x03,
    0xF0, 0x38, 0x1F, 0xC0, 0x7F, 0xC1, 0xC7, 0x07, 0x1C, 0x1C, 0x70, 0x71, 0xCF, 0xFF, 0x3F, 0xF8,
    0xFF, 0xF0, 0x79, 0xC1, 0xE7, 0x8F, 0x9E, 0x3E, 0x78, 0xF9, 0xF0, 0x00, 0x00, 0xF0, 0xF0, 0xF8,
    0x00, 0x33, 0x9D, 0xC0, 0x08, 0x07, 0x03, 0xE1, 0xFC, 0xF3, 0x80, 0x76, 0xFD, 0xFB, 0x60, 0x3F,
    0x9F, 0xE7, 0xFC, 0x07, 0xE7, 0xFF, 0xFF, 0xF0, 0x00, 0x3F, 0xDF, 0xCF, 0xE1, 0xC0, 0x73, 0xBD,
    0xE0, 0x66, 0xFF, 0xFF, 0xFF, 0x77, 0x64, 0x7B, 0xDE, 0xF0, 0x1E, 0x1E, 0x78, 0x79, 0xE3, 0xE0,
    0x00, 0x00, 0xF3, 0x9F, 0xC3, 0xE0, 0x70, 0x08, 0x00, 0xF0, 0xE0, 0xF0, 0xF0, 0xF0, 0xF0, 0x00,
    0x00, 0xFB, 0xEF, 0x9E, 0x79, 0xF0, 0x7D, 0xF7, 0x9E, 0x7B, 0xE0, 0x79, 0xE7, 0x9E, 0x3C, 0xF0,
    0x3B, 0xDE, 0x73, 0x00, 0x63, 0xDE, 0xC6, 0x00, 0x7F, 0x3F, 0x9F, 0xC0, 0xE0, 0x78, 0x77, 0x7E,
    0x40, 0x27, 0x67, 0x70, 0x30, 0xC7, 0x9F, 0x79, 0xF3, 0x0C, 0x66, 0xF6, 0x00, 0x7F, 0x9F, 0xEF,
    0xF8, 0x77, 0xBD, 0xE0, 0xFF, 0xFF, 0xFF, 0xEE, 0x7B, 0xDE, 0xF0, 0x79, 0xE7, 0x9E, 0xF3, 0xC0,
    0x23, 0x1E, 0xF7, 0xB8, 0x77, 0xB9, 0xFF, 0x98, 0x77, 0x7F, 0xFF, 0xFF, 0xFF, 0xFF, 0x70, 0x71,
    0xEF, 0x78, 0xFE, 0x0F, 0x80, 0xE0, 0x0E, 0x01, 0xE0, 0x7E, 0x1F, 0xE7, 0x1E, 0xF7, 0xFF, 0xFE,
    0xF0, 0x7F, 0xBF, 0xD0, 0x00, 0x7F, 0x7F, 0xFF, 0xC0, 0xF7, 0xFF, 0xFE, 0xF0, 0xFF, 0xFF, 0xC0,
    0xCE, 0x7F, 0xE0, 0x00, 0xEF, 0xEF, 0xFF, 0xFF, 0xFF, 0xFF, 0xFF, 0xBF, 0x7F, 0xFF, 0xC0, 0x3C,
    0xFD, 0xFF, 0xF5, 0xE0, 0x78, 0xC7, 0x1E, 0x76, 0xFD, 0xFB, 0x60, 0x1B, 0xFC, 0x0E, 0x07, 0x07,
    0x03, 0x80, 0x00, 0x00, 0x00, 0x00, 0x22, 0x3B, 0x9D, 0xCE, 0xE0, 0xFF, 0xFF, 0xFF, 0x70, 0x7F,
    0x9F, 0xFF, 0xF8, 0x06, 0x7F, 0x9F, 0xF7, 0x80, 0x77, 0x77, 0x77, 0x77, 0x77, 0x00, 0xFD, 0xFB,
    0xF1, 0xE3, 0xC0, 0x00, 0x0C, 0x7F, 0xFF, 0xFF, 0xFF, 0x1C, 0x38, 0x38, 0x30, 0x70, 0x70, 0x60,
    0x00, 0x00, 0x01, 0xC0, 0x01, 0xC0, 0x01, 0xC0, 0x00, 0x00, 0x00, 0x00, 0x3F, 0x9F, 0x7F, 0xDF,
    0x7F, 0xFE, 0x79, 0xFE, 0x7F, 0x7C, 0x07, 0x00, 0x07, 0x00, 0x00, 0x1F, 0x7F, 0xFF, 0xBF, 0x67,
    0x9E, 0x6F, 0xDF, 0xFF, 0xEF, 0xC1, 0xE0, 0x01, 0x21, 0xF8, 0x48, 0x00, 0x66, 0x60, 0x00, 0x04,
    0xC0, 0x1D, 0xF1, 0xF9, 0xFF, 0xC0, 0xFE, 0x00, 0x07, 0xE0, 0x7F, 0xF1, 0xF1, 0xFB, 0x00, 0x70,
    0x00, 0x40, 0x00, 0x00, 0x00, 0x00, 0xE1, 0xFF, 0xFF, 0x3F, 0xFF, 0xE0, 0x00, 0x70, 0x00, 0x08,
    0x00, 0x38, 0x03, 0xC0, 0x3C, 0x00, 0x00, 0x00, 0x00, 0x1F, 0xF3, 0xFE, 0x7F, 0x8E, 0x01, 0xC0,
    0x3F, 0x8F, 0xF1, 0xFE, 0x3C, 0x07, 0x80, 0xFF, 0xDF, 0xFB, 0xFF, 0x7F, 0xE0, 0x3B, 0xC7, 0x79,
    0xEF, 0x3D, 0xE0, 0x00, 0x00, 0x1F, 0xFB, 0xFE, 0x7F, 0xCE, 0x01, 0xC0, 0x3F, 0xC7, 0xF8, 0xFF,
    0x1C, 0x07, 0x80, 0xFF, 0xDF, 0xFB, 0xFF, 0xFF, 0xF0, 0x00, 0x31, 0xFF, 0xEF, 0xFF, 0xC3, 0xC0,
    0x0F, 0x00, 0x3C, 0x00, 0xF0, 0x03, 0xFC, 0x0F, 0xF8, 0x3E, 0xF0, 0xF1, 0xC3, 0x87, 0x0E, 0x1C,
    0x3D, 0xF0, 0xF7, 0x83, 0xDC, 0x07, 0x00, 0xE0, 0x38, 0x07, 0x00, 0x00, 0x00, 0x1F, 0xF3, 0xFE,
    0x7F, 0xCE, 0x01, 0xC0, 0x38, 0x07, 0x00, 0xE0, 0x1C, 0x03, 0x80, 0x78, 0x0F, 0x01, 0xE0, 0x3C,
    0x00, 0x0F, 0xC0, 0xFF, 0xC3, 0xFF, 0x1E, 0x1E, 0x70, 0x39, 0xFF, 0x07, 0xFC, 0x1C, 0x00, 0x70,
    0x01, 0xF3, 0xE7, 0xFF, 0x9F, 0xFE, 0x3F, 0xF0, 0x7F, 0x80, 0x00, 0x00, 0x07, 0xC0, 0x7F, 0x83,
    0xFE, 0x0F, 0xB0, 0x38, 0x00, 0xF0, 0x03, 0xF8, 0x0F, 0xF8, 0x0F, 0xF0, 0x0F, 0xE0, 0x07, 0x8F,
    0x1E, 0x7F, 0xF9, 0xFF, 0xC7, 0xFE, 0x00, 0x00, 0xF3, 0x9C, 0xE7, 0x39, 0xCE, 0x73, 0x9C, 0xFF,
    0xFC, 0x66, 0x77, 0x77, 0xFF, 0x00, 0x00, 0x00, 0x3C, 0x1C, 0x1C, 0x1C, 0x1C, 0x1C, 0x1C, 0x1C,
    0x1C, 0x1C, 0x1C, 0x1E, 0x3E, 0x3E, 0x01, 0xE0, 0x3C, 0x07, 0x80, 0xE0, 0x1C, 0x07, 0x80, 0xF0,
    0x1E, 0x03, 0xC0, 0x78, 0x0F, 0x01, 0xE0, 0x38, 0xCF, 0x1F, 0xE3, 0xFC, 0xFF, 0x0F, 0x80, 0x3F,
    0xE0, 0x1F, 0xF0, 0x0F, 0xF8, 0x07, 0x1C, 0x03, 0x8E, 0x01, 0xC7, 0x00, 0xE3, 0xF8, 0x71, 0xFE,
    0x38, 0xE7, 0x9C, 0x71, 0xCE, 0x3F, 0xEF, 0x1F, 0xE7, 0x8F, 0xF7, 0x80, 0x00, 0x00, 0x00, 0x00,
    0x00, 0xE0, 0x80, 0xE1, 0x80, 0xE1, 0x80, 0xE1, 0xC0, 0xE1, 0xC0, 0xFF, 0xFC, 0xFF, 0xFE, 0xFF,
    0xFE, 0xE1, 0xDF, 0xE1, 0xCF, 0xE1, 0xFE, 0xE1, 0xFE, 0xE1, 0xFC, 0xE0, 0x00, 0x7F, 0xF8, 0xFF,
    0xF8, 0xFF, 0xF8, 0xFF, 0xF8, 0x07, 0x80, 0x07, 0x80, 0x07, 0x80, 0x07, 0x80, 0x07, 0xFC, 0x07,
    0xFE, 0x07, 0xDE, 0x07, 0x8E, 0x07, 0x8E, 0x07, 0x8E, 0x07, 0x8F, 0x07, 0x8F, 0x03, 0x80, 0x18,
    0x01, 0xC0, 0x0E, 0x00, 0x00, 0x1C, 0xF0, 0xEF, 0x07, 0x78, 0x7F, 0x83, 0xFC, 0x1F, 0xC0, 0xFC,
    0x07, 0xE0, 0x3F, 0x01, 0xFC, 0x0F, 0xF0, 0x7F, 0xE7, 0xBF, 0xBC, 0xFE, 0x3C, 0x00, 0xF0, 0x03,
    0xE0, 0x00, 0x00, 0x00, 0x00, 0x00, 0x00, 0x1E, 0x1E, 0xF0, 0xF7, 0x8F, 0xBC, 0x7C, 0xE7, 0xE7,
    0x3F, 0x3B, 0xF9, 0xDF, 0xCF, 0xFE, 0x7F, 0xFB, 0xF7, 0xDF, 0xBE, 0xF9, 0xF7, 0xCF, 0x80, 0x31,
    0xC7, 0xF8, 0xFE, 0x0F, 0xC0, 0x00, 0x00, 0x00, 0x07, 0x07, 0xF1, 0xEE, 0x39, 0xE7, 0x1F, 0xE3,
    0xF8, 0x3F, 0x07, 0xE0, 0x78, 0x0F, 0x01, 0xE0, 0x7C, 0x3F, 0x07, 0xE0, 0xF0, 0x00, 0x00, 0x1E,
    0x1F, 0xC3, 0xF8, 0x7F, 0x0F, 0xE1, 0xFC, 0x3F, 0x87, 0xF0, 0xFE, 0x1F, 0xC3, 0xFF, 0xFF, 0xFF,
    0xFF, 0xC3, 0x80, 0x70, 0x0E, 0x00, 0x07, 0x80, 0x1E, 0x00, 0x7C, 0x03, 0xF0, 0x0F, 0xC0, 0x7F,
    0x81, 0xCE, 0x07, 0x3C, 0x3C, 0xF0, 0xFF, 0xC7, 0xFF, 0x9F, 0xFE, 0x78, 0x7F, 0xC0, 0xF0, 0xFF,
    0xFF, 0xBF, 0xDC, 0x0E, 0x07, 0xF3, 0xFD, 0xCF, 0xE3, 0xF3, 0xFF, 0xFF, 0xEF, 0xE0, 0xFC, 0x3F,
    0xCE, 0x7B, 0x8E, 0xE7, 0xBF, 0xCF, 0xF3, 0xFE, 0xE3, 0xB8, 0xFF, 0xFB, 0xFE, 0xFF, 0x00, 0x00,
    0x7F, 0xCF, 0xF9, 0xFF, 0x38, 0x07, 0x00, 0xE0, 0x1C, 0x03, 0x80, 0x70, 0x0E, 0x01, 0xE0, 0x3C,
    0x07, 0x80, 0xF0, 0x00, 0x1F, 0xF0, 0x7F, 0xC1, 0xFF, 0x07, 0x1C, 0x1C, 0x70, 0x71, 0xC1, 0xC7,
    0x07, 0x1C, 0x1C, 0xF0, 0xF3, 0xC7, 0xFF, 0x9F, 0xFE, 0x7F, 0xF9, 0xE1, 0xE7, 0x87, 0x80, 0x00,
    0x0F, 0xF9, 0xFF, 0x3F, 0xC7, 0x00, 0xE0, 0x1F, 0xC7, 0xF8, 0xFF, 0x1E, 0x03, 0xC0, 0x7F, 0xEF,
    0xFD, 0xFF, 0xBF, 0xF0, 0x3C, 0xF9, 0xE0, 0xF7, 0xDE, 0x07, 0xFF, 0xF0, 0x1F, 0xFF, 0x00, 0x7F,
    0xF0, 0x03, 0xFF, 0x80, 0x0F, 0xF8, 0x00, 0x7F, 0xC0, 0x03, 0xFE, 0x00, 0x3F, 0xF8, 0x03, 0xFF,
    0xE0, 0x3F, 0xFF, 0x83, 0xFF, 0xFE, 0x3F, 0x7D, 0xFC, 0xFE, 0x7F, 0x9B, 0xC0, 0xE0, 0xF1, 0xF8,
    0xFC, 0x1E, 0x07, 0xE3, 0xFF, 0xDF, 0xEF, 0xE0, 0xF0, 0xF7, 0x87, 0xBC, 0x7D, 0xE3, 0xE7, 0x3F,
    0x39, 0xF9, 0xDF, 0xCE, 0xFE, 0x7F, 0xF3, 0xFF, 0xDF, 0xBE, 0xFD, 0xF7, 0xCF, 0xBE, 0x7C, 0x31,
    0x81, 0xFE, 0x0F, 0xE0, 0x3E, 0x00, 0x00, 0x00, 0x00, 0x00, 0x00, 0x00, 0xF0, 0xF7, 0x87, 0xBC,
    0x7D, 0xE3, 0xE7, 0x3F, 0x39, 0xF9, 0xDF, 0xCE, 0xFE, 0x7F, 0xF3, 0xFF, 0xDF, 0xBE, 0xFD, 0xF7,
    0xCF, 0xBE, 0x7C, 0x39, 0xE1, 0xDE, 0x0E, 0xF0, 0xFF, 0x07, 0xF8, 0x3F, 0x81, 0xF8, 0x0F, 0xC0,
    0x7E, 0x03, 0xF8, 0x1F, 0xE0, 0xFF, 0xCF, 0x7F, 0x79, 0xFC, 0x1F, 0xE3, 0xFC, 0x7F, 0x8E, 0x71,
    0xCE, 0x39, 0xC7, 0x39, 0xE7, 0x3C, 0xE7, 0x9C, 0xF3, 0xBE, 0x77, 0xCE, 0xF1, 0xC0, 0x00, 0x78,
    0x79, 0xE1, 0xE7, 0xCF, 0x9F, 0x3E, 0x7E, 0xF9, 0xFF, 0xE7, 0xFF, 0x9F, 0xFF, 0x7F, 0xFD, 0xDE,
    0xF7, 0x7B, 0xDC, 0x0F, 0xF0, 0x3C, 0x00, 0x00, 0x70, 0x7B, 0x83, 0xDC, 0x1E, 0xE0, 0xF7, 0x07,
    0xBC, 0x3D, 0xE1, 0xFF, 0xFF, 0xFF, 0xFF, 0xFF, 0xFF, 0xFF, 0xF0, 0xFF, 0x87, 0xFC, 0x3C, 0x0F,
    0xE0, 0x3F, 0xE0, 0xFF, 0xE3, 0xC1, 0xE7, 0x83, 0xCE, 0x03, 0xBC, 0x07, 0xF8, 0x0F, 0xF0, 0x1C,
    0xFF, 0xF9, 0xFF, 0xF3, 0xFF, 0xE3, 0xFF, 0x83, 0xFE, 0x00, 0x00, 0x00, 0x7F, 0xCF, 0xFD, 0xFF,
    0xB8, 0xF7, 0x1E, 0xE3, 0xDC, 0x7B, 0x8F, 0x71, 0xEE, 0x3D, 0xC7, 0xB8, 0xF7, 0x1E, 0xE3, 0xC0,
    0x38, 0x0F, 0xF1, 0xFF, 0x38, 0xE7, 0x0E, 0xE3, 0xDF, 0xFB, 0xFE, 0x7F, 0x8F, 0xE1, 0xC0, 0x3C,
    0x0F, 0x81, 0xF0, 0x3E, 0x00, 0x00, 0x00, 0x7F, 0x1F, 0xF3, 0xFF, 0x3F, 0xF7, 0x80, 0x78, 0x07,
    0x80, 0xF8, 0x0F, 0x80, 0xFE, 0x77, 0xFF, 0x7F, 0xF3, 0xFF, 0x1F, 0xF0, 0xFF, 0xFF, 0xFF, 0xFF,
    0xFE, 0x0F, 0x00, 0x78, 0x03, 0xC0, 0x1E, 0x00, 0xF0, 0x07, 0x80, 0x3C, 0x01, 0xE0, 0x0F, 0x00,
    0x78, 0x03, 0xC0, 0xE0, 0xDE, 0x3D, 0xC7, 0x3C, 0xE3, 0xBC, 0x7F, 0x07, 0xE0, 0xFC, 0x0F, 0x01,
    0xE0, 0x3C, 0x0F, 0x87, 0xE0, 0xFC, 0x1E, 0x00, 0x00, 0x03, 0xFF, 0x3F, 0xFD, 0xDE, 0x6E, 0xF3,
    0xFF, 0xF9, 0xFF, 0xCF, 0xFC, 0x0F, 0x00, 0x78, 0x03, 0xC0, 0x1E, 0x00, 0xF0, 0x00, 0x78, 0x3C,
    0xF1, 0xE3, 0xC7, 0x07, 0xBC, 0x1F, 0xE0, 0x3F, 0x80, 0x7C, 0x01, 0xF0, 0x0F, 0xC0, 0x3F, 0x81,
    0xFF, 0x0F, 0xBE, 0x7C, 0xF9, 0xF1, 0xF0, 0x61, 0xC7, 0x1C, 0x71, 0xC7, 0x1C, 0x71, 0xC7, 0x1C,
    0x71, 0xC7, 0x1C, 0x71, 0xC7, 0x1C, 0x71, 0xC7, 0xFE, 0x7F, 0xE7, 0xFE, 0x00, 0xE0, 0x1E, 0x00,
    0xC0, 0x63, 0xF1, 0xF8, 0xFC, 0x7C, 0x3E, 0x1F, 0xDF, 0xFF, 0x7F, 0x9F, 0xC0, 0xE0, 0x70, 0x38,
    0x70, 0x3B, 0xBD, 0xDD, 0xEE, 0xEF, 0x77, 0x7B, 0xBB, 0xDD, 0xDE, 0xEE, 0xF7, 0x77, 0xBB, 0x9D,
    0xDC, 0xEE, 0xFF, 0xF7, 0xFF, 0xBF, 0xFC, 0x77, 0xB8, 0xEF, 0x71, 0xDE, 0xE3, 0xBD, 0xC7, 0x7B,
    0x8E, 0xF7, 0x1D, 0xEE, 0x3B, 0xDC, 0x73, 0xB8, 0xE7, 0x71, 0xFF, 0xFB, 0xFF, 0xE7, 0xFF, 0xC0,
    0x03, 0x80, 0x0F, 0x00, 0x1E, 0xFC, 0x07, 0xE0, 0x03, 0x00, 0x18, 0x00, 0xC0, 0x07, 0xF0, 0x3F,
    0xC1, 0x9E, 0x0C, 0x70, 0xFF, 0x87, 0xFC, 0x3F, 0xC0, 0x00, 0x07, 0x80, 0x03, 0xD8, 0x01, 0xEC,
    0x00, 0xF6, 0x00, 0x7B, 0x00, 0x3D, 0x80, 0x1E, 0xFE, 0x0F, 0x7F, 0x87, 0xB3, 0xC3, 0xD8, 0xE1,
    0xFF, 0xF0, 0xFF, 0xF8, 0x7F, 0xF8, 0x3C, 0x60, 0x18, 0x06, 0x01, 0x80, 0x60, 0x1F, 0xC7, 0xF9,
    0x9E, 0x63, 0xBF, 0xEF, 0xFB, 0xFC, 0x0F, 0xC1, 0xFF, 0x0F, 0xFC, 0xF0, 0xF7, 0x03, 0x87, 0xFC,
    0x3F, 0xE0, 0x07, 0x00, 0x7B, 0xE7, 0xDF, 0xFE, 0xFF, 0xF3, 0xFF, 0x0F, 0xF0, 0x00, 0x00, 0x01,
    0x83, 0x9F, 0x8E, 0xFF, 0x3B, 0xDE, 0xFE, 0x3B, 0xF0, 0xEF, 0xC3, 0xBF, 0x0E, 0xFC, 0x3B, 0xFF,
    0xEF, 0xFF, 0xBB, 0xFC, 0xE7, 0xE0, 0x0F, 0xE1, 0xFE, 0x38, 0xE3, 0x8E, 0x38, 0xE3, 0xCE, 0x3F,
    0xE1, 0xFE, 0x3F, 0xE3, 0xDF, 0x79, 0xF7, 0x9F, 0x79, 0xF7, 0x9F, 0x00, 0x00, 0x00, 0x0F, 0xE7,
    0xF9, 0xDE, 0xE3, 0xB8, 0x7E, 0x7F, 0xFF, 0x7F, 0xCF, 0xF0, 0x00, 0x00, 0x0C, 0x1F, 0x0F, 0xE3,
    0xFC, 0xF0, 0x1D, 0xC3, 0xFE, 0x7F, 0xCF, 0x7D, 0xC7, 0xB8, 0xF7, 0xFE, 0xFF, 0xCF, 0xF0, 0xFC,
    0xFC, 0xFE, 0xC6, 0xFE, 0xFE, 0xC7, 0xFF, 0xFF, 0xFE, 0x7F, 0x9F, 0xE7, 0xF9, 0xC0, 0x70, 0x1C,
    0x07, 0x01, 0xC0, 0x70, 0x1E, 0x00, 0x00, 0x0F, 0xE0, 0xFE, 0x1F, 0xE1, 0xDE, 0x1D, 0xE1, 0xDE,
    0x3D, 0xE7, 0xFF, 0x7F, 0xF7, 0xFF, 0x70, 0xF0, 0x00, 0x1F, 0x1F, 0xE7, 0xFF, 0xFF, 0xFF, 0xFC,
    0x17, 0xFD, 0xFF, 0x3F, 0x80, 0x3C, 0xF3, 0xC1, 0xEF, 0x78, 0x1E, 0xFF, 0x00, 0xFF, 0xF0, 0x07,
    0xFE, 0x00, 0x3F, 0xC0, 0x03, 0xFC, 0x00, 0x3F, 0xC0, 0x0F, 0xFE, 0x01, 0xFF, 0xF8, 0x3F, 0xFF,
    0xC7, 0xEF, 0x7E, 0x7C, 0xFC, 0x19, 0xF3, 0xC1, 0xDF, 0xBF, 0x7C, 0x71, 0xCE, 0x79, 0xDF, 0x3B,
    0xE7, 0xFE, 0xFF, 0xDF, 0x7B, 0xEF, 0x79, 0xEF, 0x3D, 0x83, 0x00, 0xC3, 0x7F, 0xBF, 0xCF, 0xC0,
    0x00, 0x00, 0x01, 0xCE, 0xE7, 0x37, 0x9B, 0xCF, 0xF7, 0xFB, 0xDD, 0xEE, 0xE7, 0x77, 0x1F, 0x87,
    0xE3, 0xF0, 0xF8, 0x3E, 0x0F, 0xE3, 0xFC, 0xEF, 0x80, 0x3F, 0x3F, 0x3B, 0x3F, 0x3F, 0x3F, 0x37,
    0x37, 0x77, 0x73, 0x70, 0xE7, 0x0E, 0x79, 0xE7, 0x9E, 0x7F, 0xE7, 0xFE, 0x7F, 0xE7, 0xFE, 0x7F,
    0xE7, 0xFE, 0x76, 0xE0, 0x00, 0x38, 0x7E, 0x1F, 0x87, 0xE3, 0xF8, 0xFF, 0xFF, 0xFF, 0xFF, 0xF8,
    0xFE, 0x3C, 0x3F, 0x1F, 0xE7, 0xBF, 0xC7, 0xE1, 0xFF, 0xF7, 0xFD, 0xFE, 0x3F, 0x00, 0xFF, 0xCF,
    0xF9, 0xC7, 0x38, 0xE7, 0x1C, 0xE3, 0x9C, 0x73, 0x8E, 0x71, 0xEE, 0x3C, 0x00, 0x00, 0x03, 0x07,
    0xFC, 0x7F, 0xE3, 0xCE, 0x38, 0x63, 0x86, 0x3C, 0x67, 0xFE, 0x7F, 0xE7, 0xFC, 0x7F, 0x87, 0x00,
    0x70, 0x0F, 0x00, 0xF0, 0x00, 0x00, 0x1F, 0x9F, 0xCF, 0xEF, 0x07, 0x83, 0xC0, 0xFC, 0x7F, 0x1F,
    0x80, 0x7F, 0xEF, 0xFD, 0xB9, 0x87, 0x00, 0xE0, 0x1C, 0x03, 0x80, 0x70, 0x0F, 0x01, 0xE0, 0x00,
    0x00, 0xF0, 0xEE, 0x3D, 0xE7, 0x1E, 0xE3, 0xFC, 0x3F, 0x07, 0xE0, 0x7C, 0x0F, 0x00, 0xE0, 0x7C,
    0x3F, 0x07, 0xE0, 0xF8, 0x00, 0x03, 0x00, 0xFF, 0xE7, 0xFF, 0x9C, 0xE7, 0xE3, 0x9F, 0xCE, 0x77,
    0xFF, 0xDF, 0xFE, 0x3F, 0xF0, 0x0E, 0x00, 0x38, 0x00, 0xE0, 0x03, 0x80, 0x70, 0xE3, 0x9C, 0x3F,
    0xC1, 0xF8, 0x0F, 0x00, 0xF0, 0x1F, 0x83, 0xFC, 0x7F, 0xEF, 0x9E, 0x00, 0x00, 0x71, 0xC7, 0x1C,
    0x71, 0xC7, 0x1C, 0x71, 0xC7, 0x1C, 0x71, 0xC7, 0xFE, 0x7F, 0xE7, 0xFE, 0x00, 0xE0, 0x1E, 0x66,
    0xCD, 0x9A, 0x36, 0xEF, 0xDF, 0x83, 0x06, 0x77, 0xBB, 0xBD, 0xDD, 0xEE, 0xEF, 0x77, 0x7B, 0xB9,
    0xDD, 0xCE, 0xEF, 0xFF, 0x7F, 0xFB, 0xFF, 0xC0, 0x77, 0xB8, 0xEF, 0x71, 0xDE, 0xE3, 0xBD, 0xC7,
    0x7B, 0x8E, 0x77, 0x1C, 0xEE, 0x3F, 0xFE, 0x7F, 0xFC, 0xFF, 0xF8, 0x00, 0xF0, 0x01, 0xE0, 0x03,
    0x80, 0x78, 0x3F, 0x01, 0xC0, 0x70, 0x1F, 0x07, 0xF1, 0xDC, 0x77, 0x1F, 0xC7, 0xE0, 0x00, 0x30,
    0x01, 0xF0, 0x0F, 0xC0, 0x7E, 0x03, 0xFC, 0x1F, 0xF8, 0xFD, 0xC7, 0xEE, 0x3F, 0xF1, 0xFF, 0x1E,
    0x01, 0xC3, 0x87, 0x0F, 0xDF, 0xFB, 0xF7, 0xFF, 0xF8, 0x10, 0x7F, 0x3B, 0xC0, 0xE3, 0xF9, 0xFC,
    0x0F, 0xDE, 0xFF, 0x7E, 0x00, 0xCF, 0x9B, 0xFB, 0xE7, 0x7C, 0x6F, 0x8F, 0xF1, 0xBF, 0xF6, 0xFE,
    0xCF, 0x80, 0x0F, 0x8F, 0xE7, 0x39, 0xCE, 0x73, 0x8F, 0xE3, 0xF9, 0xFE, 0x73, 0xFC, 0xFF, 0x3C,
    0x38, 0x07, 0x80, 0xF0, 0x00, 0x00, 0x00, 0x00, 0x00, 0x00, 0x1F, 0x1F, 0xE7, 0xFF, 0xFF, 0xFF,
    0xFC, 0x17, 0xFD, 0xFF, 0x3F, 0x80, 0x3B, 0x8E, 0xE7, 0xF8, 0xEE, 0x00, 0x00, 0x00, 0x00, 0x7C,
    0x7F, 0x9F, 0xFF, 0xFF, 0xFF, 0xF0, 0x5F, 0xF7, 0xFC, 0xFE, 0x1C, 0x00, 0xE0, 0x3F, 0xC1, 0xFE,
    0x0D, 0xC0, 0x0F, 0xF0, 0x7F, 0xC3, 0xFE, 0x1C, 0x70, 0xE3, 0x8F, 0x1C, 0x78, 0xE3, 0xCF, 0x9E,
    0xFC, 0x07, 0xC0, 0x3C, 0x0E, 0x03, 0x01, 0xC0, 0x70, 0x7F, 0x9F, 0xE7, 0xF9, 0xC0, 0x70, 0x1C,
    0x07, 0x01, 0xC0, 0x70, 0x1E, 0x00, 0x00, 0x3F, 0x1F, 0xE7, 0x3B, 0xFE, 0xFE, 0x38, 0x0F, 0x39,
    0xFE, 0x7F, 0x8F, 0xC0, 0x00, 0x0F, 0xE3, 0xF8, 0xC0, 0x3F, 0x07, 0xF2, 0x3D, 0xFF, 0xFF, 0xDF,
    0xE0, 0x00, 0xFF, 0xFF, 0x00, 0xEE, 0xEE, 0xEF, 0xFF, 0xF0, 0x66, 0xFF, 0xFF, 0xFF, 0x00, 0x18,
    0x38, 0x38, 0x38, 0x38, 0x38, 0x3C, 0x3C, 0x3C, 0x3C, 0x1C, 0x38, 0x70, 0x00, 0x01, 0x87, 0x0E,
    0x1C, 0x38, 0x70, 0xE1, 0xC3, 0x87, 0x1E, 0x79, 0xF3, 0xE0, 0x00, 0x7E, 0x07, 0xE0, 0x66, 0x06,
    0x60, 0x67, 0xE6, 0x7E, 0x66, 0x66, 0x7E, 0xE7, 0xEE, 0x00, 0xC4, 0x18, 0xC3, 0x18, 0x7F, 0x8F,
    0xFD, 0x9F, 0xF3, 0xBE, 0x7F, 0xCF, 0xC0, 0x1C, 0x00, 0xE0, 0x3F, 0xC1, 0xFE, 0x0D, 0xC0, 0x0F,
    0xF0, 0x7F, 0xC3, 0xFE, 0x1C, 0x70, 0xE3, 0x8F, 0x1C, 0x78, 0xE3, 0xC7, 0x1E, 0x38, 0x0C, 0x03,
    0x01, 0xC0, 0x70, 0x00, 0x1D, 0xC7, 0xE1, 0xF8, 0xFC, 0x3E, 0x0F, 0x83, 0xF8, 0xFF, 0x3B, 0xE0,
    0x3C, 0x03, 0xC0, 0x3C, 0x00, 0x00, 0x00, 0x00, 0x1C, 0x73, 0x9E, 0x77, 0xCE, 0xF9, 0xFF, 0xBF,
    0xF7, 0xDE, 0xFB, 0xDE, 0x7B, 0xCF, 0x60, 0xC0, 0x36, 0xC7, 0xF8, 0xFF, 0x0F, 0xC0, 0x00, 0x00,
    0x00, 0x00, 0x00, 0xF0, 0xEE, 0x3D, 0xE7, 0x1E, 0xE3, 0xFC, 0x3F, 0x07, 0xE0, 0x7C, 0x0F, 0x00,
    0xE0, 0x7C, 0x3F, 0x07, 0xE0, 0xF8, 0x00, 0xC3, 0xE7, 0xE7, 0xE7, 0xE7, 0xE7, 0xE7, 0xE7, 0xFF,
    0xFF, 0x18, 0x18, 0x18, 0x00, 0x01, 0xC0, 0xFF, 0x8F, 0xF8, 0x1C, 0x01, 0xC0, 0x1F, 0xC1, 0xFE,
    0x1C, 0x71, 0xC7, 0x1F, 0xF1, 0xFF, 0x1F, 0xE0, 0xFC, 0x1C, 0x01, 0xC0, 0x1C, 0x07, 0xF8, 0xFF,
    0x87, 0xF8, 0x1F, 0xC1, 0xFE, 0x1E, 0xF1, 0xC7, 0x1F, 0xF1, 0xFF, 0x1F, 0xF0, 0xFE, 0x3F, 0xFE,
    0x3F, 0xFE, 0x3F, 0xFE, 0x3E, 0x7C, 0x1F, 0x78, 0x0F, 0xF0, 0x0F, 0xF0, 0x1F, 0xF8, 0x1F, 0xFC,
    0x3F, 0xDC, 0x39, 0xDC, 0x79, 0xDE, 0x79, 0xDE, 0x7B, 0xCF, 0x00, 0x07, 0xFE, 0x7F, 0xE3, 0xFC,
    0x1F, 0x81, 0xF8, 0x3F, 0xC3, 0x6C, 0x76, 0xE7, 0x6E, 0x3E, 0x73, 0xFB, 0xDF, 0xFE, 0xFF, 0xF7,
    0xBF, 0x3F, 0xF0, 0xFF, 0x8F, 0xFE, 0xF8, 0xF7, 0x87, 0xBC, 0x1D, 0xE0, 0xFF, 0x0F, 0x7F, 0xF9,
    0xFF, 0xCF, 0xFC, 0x3F, 0xE0, 0xFC, 0x00, 0x3D, 0xCF, 0xF9, 0xFF, 0x3B, 0xE3, 0xF8, 0xFF, 0x1E,
    0xF7, 0x8E, 0xE1, 0xDF, 0xF9, 0xFF, 0x3F, 0xC3, 0xF0, 0x00, 0x07, 0x00, 0x07, 0x80, 0x07, 0xDE,
    0x03, 0x87, 0x83, 0xC3, 0xC1, 0xE1, 0xE1, 0xE0, 0x78, 0xF0, 0x3C, 0xF8, 0x1F, 0x78, 0x07, 0xBC,
    0x03, 0xFE, 0x01, 0xFE, 0x00, 0x7F, 0x00, 0x3F, 0x80, 0x1F, 0x80, 0x07, 0xC0, 0x00, 0x00, 0x00,
    0x07, 0x00, 0xF6, 0x0E, 0x71, 0xC7, 0x1C, 0x3B, 0x83, 0xB8, 0x3F, 0x81, 0xF0, 0x1F, 0x01, 0xF0,
    0x0E, 0x0E, 0x7E, 0x7E, 0x0E, 0x0E, 0x01, 0xCF, 0xF9, 0xFF, 0x3F, 0xE7, 0x00, 0xE0, 0x1C, 0x03,
    0x80, 0x70, 0x0E, 0x01, 0xC0, 0x3C, 0x07, 0x80, 0xF0, 0x1E, 0x00, 0x00, 0x00, 0xE0, 0x39, 0xFE,
    0x7F, 0x9F, 0xE7, 0x01, 0xC0, 0x70, 0x1C, 0x07, 0x01, 0xC0, 0x78, 0x00, 0x00, 0x3F, 0xE3, 0xFE,
    0x3F, 0xE3, 0x80, 0x38, 0x0F, 0xFE, 0xFF, 0xE3, 0x80, 0x38, 0x03, 0x80, 0x3C, 0x03, 0xC0, 0x3C,
    0x03, 0xC0, 0x3F, 0x7F, 0x70, 0xFF, 0xFF, 0x70, 0x70, 0x70, 0x70, 0x00, 0x0F, 0xF9, 0xFF, 0x38,
    0x07, 0x00, 0xE0, 0x1C, 0x03, 0xFC, 0x7F, 0xCF, 0xBD, 0xC3, 0xB8, 0x77, 0x0E, 0xE7, 0xDC, 0xF3,
    0x9C, 0xF9, 0xE3, 0x07, 0x8F, 0xDD, 0xB3, 0x6E, 0xDC, 0x00, 0x1E, 0xFE, 0xF0, 0x3D, 0xF9, 0xE0,
    0x3D, 0xF7, 0x80, 0x7F, 0xFF, 0x00, 0x7F, 0xFC, 0x00, 0x7F, 0xF0, 0x00, 0xFF, 0xE0, 0x00, 0xFF,
    0x80, 0x01, 0xFF, 0x00, 0x0F, 0xFF, 0x80, 0x3F, 0xFF, 0x80, 0xFF, 0xFF, 0x83, 0xF7, 0xDF, 0x8F,
    0xCF, 0xBF, 0x80, 0x00, 0x1C, 0x00, 0x00, 0x38, 0x00, 0x00, 0x70, 0x7F, 0xFC, 0x7F, 0xF0, 0x7F,
    0xC0, 0xFF, 0x80, 0xFE, 0x01, 0xFC, 0x07, 0xFC, 0x1F, 0xFE, 0xFB, 0xBE, 0x00, 0x38, 0x00, 0x70,
    0xFE, 0x7F, 0x9B, 0xC0, 0xE0, 0xF1, 0xF8, 0xFC, 0x1E, 0x07, 0xE3, 0xFF, 0xDF, 0xEF, 0xE1, 0xC0,
    0xE0, 0x30, 0x7C, 0xFC, 0x19, 0xF3, 0xC1, 0xDF, 0xBF, 0x7C, 0x60, 0xE3, 0xE7, 0x8F, 0x00, 0x3D,
    0xE0, 0xEF, 0x83, 0xBC, 0x0F, 0xE0, 0x3F, 0x81, 0xFC, 0x07, 0xF0, 0x1F, 0x80, 0x7E, 0x01, 0xFC,
    0x07, 0xFC, 0x1F, 0xF8, 0x7B, 0xF9, 0xEF, 0xF0, 0x01, 0xC0, 0x07, 0x00, 0x1C, 0x7F, 0x1F, 0x87,
    0xC1, 0xF0, 0xF8, 0x3E, 0x0F, 0xC3, 0xF8, 0xEF, 0x80, 0x60, 0x18, 0x70, 0x1C, 0x70, 0x3C, 0x70,
    0x78, 0x70, 0xF8, 0x7E, 0xF0, 0x7F, 0xE0, 0x7F, 0xE0, 0x7F, 0xC0, 0xFF, 0xE0, 0xFF, 0xF0, 0xFF,
    0xF8, 0xF0, 0xFC, 0xF0, 0x7E, 0xF0, 0x3F, 0x70, 0xC7, 0x1C, 0x7B, 0xC7, 0xF8, 0x7F, 0x07, 0xF0,
    0x7F, 0x87, 0xFC, 0x61, 0xE0, 0x39, 0xE3, 0xFE, 0x1F, 0xF0, 0xFF, 0x07, 0xF8, 0x3F, 0x81, 0xF8,
    0x0F, 0xC0, 0x7E, 0x03, 0xF8, 0x1F, 0xE0, 0xFF, 0xCF, 0x7F, 0x79, 0xFC, 0x38, 0x0F, 0xE0, 0xFE,
    0x03, 0x80, 0x38, 0x03, 0xF8, 0x3F, 0x03, 0xF0, 0x3E, 0x07, 0xE0, 0x7F, 0x07, 0xF8, 0x7F, 0xC7,
    0xBE, 0xFE, 0x79, 0xFD, 0xF0, 0x3B, 0xC0, 0xFF, 0x01, 0xFE, 0x03, 0xF8, 0x07, 0xE0, 0x0F, 0xC0,
    0x1F, 0x80, 0x3F, 0x80, 0x7F, 0x80, 0xFF, 0xC3, 0xDF, 0xC7, 0x9F, 0xC0, 0xFB, 0x9F, 0xE0, 0xFC,
    0x1F, 0x03, 0xC0, 0x78, 0x0F, 0xC1, 0xFC, 0x37, 0xC0, 0xF0, 0x73, 0xC1, 0xCF, 0x07, 0x3C, 0x1C,
    0xF0, 0xF3, 0xC3, 0xCF, 0x0F, 0x3F, 0xFE, 0xFF, 0xFB, 0xFF, 0xEF, 0xFF, 0xBC, 0x3E, 0xF0, 0xFB,
    0xC3, 0xF0, 0x01, 0xC0, 0x07, 0xE3, 0xB8, 0xEE, 0x3B, 0x8E, 0xFF, 0xBF, 0xEF, 0xFB, 0x8E, 0xE3,
    0x80, 0x60, 0x18, 0x70, 0x7F, 0xEE, 0x0F, 0xFD, 0xC1, 0xE0, 0x38, 0x3C, 0x07, 0x07, 0x80, 0xF0,
    0xF0, 0x1E, 0x1E, 0x07, 0xFF, 0xC0, 0xFF, 0xF8, 0x1F, 0xFF, 0x03, 0xFF, 0xE0, 0x7C, 0x3C, 0x0F,
    0x87, 0x81, 0xF0, 0xF0, 0x00, 0x63, 0xF9, 0xCF, 0xE7, 0x38, 0x1C, 0xE0, 0x73, 0x81, 0xFE, 0x07,
    0xF8, 0x1F, 0xF0, 0xF3, 0xC0, 0x00, 0x00, 0x3F, 0xF8, 0x0F, 0xFE, 0x03, 0xFF, 0x80, 0xE3, 0xE0,
    0x38, 0xF8, 0x0E, 0x3E, 0x03, 0x8F, 0xFC, 0xE3, 0xFF, 0xB8, 0xFD, 0xEE, 0x3E, 0x3F, 0x8F, 0x87,
    0xE3, 0xE3, 0xF8, 0xFB, 0xEE, 0x3E, 0xFB, 0x8F, 0x98, 0x00, 0x00, 0xFF, 0xC0, 0xFF, 0xC0, 0xF3,
    0xC0, 0xF3, 0xC0, 0xF3, 0xC0, 0xF3, 0xC0, 0xF3, 0xC0, 0xF3, 0xFC, 0xF3, 0xFE, 0x03, 0xFF, 0x03,
    0x87, 0x03, 0x87, 0x03, 0x87, 0x03, 0x9F, 0x03, 0xDE, 0x03, 0x9C, 0x01, 0x00, 0x07, 0x80, 0x07,
    0xDF, 0x87, 0xFF, 0xE7, 0xDF, 0xF3, 0xCE, 0x39, 0xCF, 0x1C, 0xE7, 0x9E, 0x73, 0xDE, 0x3D, 0xFF,
    0x9F, 0x7F, 0xEF, 0xFF, 0xF3, 0xFF, 0xF0, 0x7E, 0xC0, 0x00, 0x01, 0xE0, 0x1F, 0xF8, 0xFF, 0xEE,
    0x73, 0x73, 0x3B, 0x9B, 0xDE, 0xFE, 0x7F, 0xF9, 0xFF, 0x83, 0x80, 0x00, 0x00, 0x7F, 0x1F, 0xF3,
    0xFF, 0x3F, 0xF7, 0x80, 0x78, 0x0F, 0x80, 0xF8, 0x0F, 0x80, 0x7E, 0x77, 0xFF, 0x7F, 0xF3, 0xFF,
    0x1F, 0xF0, 0xF0, 0x0E, 0x00, 0x00, 0x1F, 0x9F, 0xCF, 0xEF, 0x07, 0x83, 0xC0, 0xFC, 0x7F, 0x3F,
    0x9E, 0x0F, 0x00, 0xFF, 0xFF, 0xFF, 0xFF, 0xFE, 0x0F, 0x00, 0x78, 0x03, 0xC0, 0x1E, 0x00, 0xF0,
    0x07, 0x80, 0x3C, 0x01, 0xE0, 0x0F, 0x00, 0x7C, 0x03, 0xE0, 0x03, 0x00, 0x18, 0xFF, 0xFF, 0xC7,
    0x03, 0x81, 0xC0, 0xE0, 0x70, 0x38, 0x1E, 0x03, 0x01, 0x80, 0x70, 0x39, 0xE1, 0xE7, 0x87, 0x0F,
    0x3C, 0x3D, 0xE0, 0x7F, 0x81, 0xFE, 0x03, 0xF0, 0x0F, 0xC0, 0x1E, 0x00, 0x78, 0x01, 0xE0, 0x07,
    0x80, 0x1E, 0x00, 0xF1, 0xCE, 0x39, 0xEF, 0x3D, 0xC3, 0xB8, 0x7F, 0x0F, 0xC0, 0xF8, 0x1F, 0x03,
    0xC0, 0x78, 0x0F, 0x01, 0xE0, 0x70, 0x39, 0xE1, 0xE7, 0x87, 0x0F, 0x3C, 0x3C, 0xF0, 0x7F, 0x81,
    0xFE, 0x03, 0xF0, 0x7F, 0xF1, 0xFF, 0xC0, 0x78, 0x01, 0xE0, 0x07, 0x80, 0x1E, 0x00, 0x61, 0xDE,
    0x39, 0xCF, 0x3D, 0xE7, 0xB8, 0x7F, 0x0F, 0xE0, 0xF8, 0x1F, 0x1F, 0xFF, 0xFF, 0x8F, 0x01, 0xE0,
    0x1C, 0x00, 0x78, 0x38, 0xE1, 0xE3, 0xCF, 0x07, 0xBC, 0x1F, 0xE0, 0x3F, 0x00, 0xFC, 0x01, 0xE0,
    0x0F, 0xC0, 0x7F, 0x81, 0xFF, 0x0F, 0xBC, 0x7C, 0xFB, 0xE3, 0xF0, 0x0E, 0x00, 0x38, 0x00, 0xE0,
    0x71, 0xCE, 0xE3, 0xF0, 0x7C, 0x0E, 0x07, 0xC3, 0xF1, 0xEE, 0x73, 0xC0, 0xC0, 0x30, 0x7F, 0x80,
    0xFF, 0xDC, 0xFF, 0xDC, 0x0E, 0x1C, 0x0E, 0x1C, 0x0E, 0x1C, 0x0E, 0x1C, 0x0E, 0x1C, 0x0E, 0x1C,
    0x0E, 0x1C, 0x0F, 0xFF, 0x0F, 0xFF, 0x0F, 0xFF, 0x00, 0x0F, 0x00, 0x0F, 0x00, 0x0F, 0xFF, 0xDF,
    0xF8, 0xE7, 0x1C, 0xE3, 0x9C, 0x73, 0x8F, 0xF9, 0xFF, 0x3F, 0xE0, 0x0C, 0x01, 0x80, 0x00, 0xE1,
    0xCF, 0x3C, 0xE1, 0xCE, 0x1C, 0xE1, 0xCE, 0x1C, 0xF7, 0xC7, 0xFC, 0x7F, 0xC0, 0x3C, 0x01, 0xC0,
    0x1C, 0x01, 0xE0, 0x1E, 0x01, 0xE0, 0x0E, 0x00, 0xE0, 0xE6, 0xE6, 0xE6, 0xC6, 0xEE, 0x7E, 0x7E,
    0x06, 0x07, 0x07, 0x07, 0x03, 0x63, 0xF1, 0xF8, 0xFC, 0x7F, 0xBF, 0xDF, 0xFF, 0xFF, 0x7F, 0x9F,
    0xC6, 0xE3, 0x70, 0x38, 0x66, 0xCD, 0x9B, 0xB7, 0xEF, 0xDF, 0x9B, 0x06, 0x70, 0x0E, 0x01, 0xC0,
    0x38, 0x07, 0x00, 0xE0, 0x1F, 0xE3, 0xFE, 0x79, 0xCE, 0x39, 0xC7, 0x38, 0xF7, 0x1E, 0xE3, 0xDC,
    0x78, 0x70, 0x0E, 0x01, 0xC0, 0x38, 0x07, 0x00, 0xFF, 0x1F, 0xF3, 0xFE, 0x71, 0xCE, 0x3B, 0xC7,
    0x78, 0xEF, 0x1D, 0xE3, 0x80, 0x00, 0x7E, 0x00, 0x3F, 0xC0, 0x1F, 0xFB, 0x87, 0xBF, 0xFF, 0xFF,
    0xFF, 0xFF, 0xF7, 0xFF, 0xFC, 0x0F, 0x00, 0x03, 0xF1, 0xC0, 0x7F, 0xF0, 0x1F, 0xFC, 0x03, 0xFF,
    0x00, 0x3E, 0x00, 0x01, 0xF0, 0x0F, 0xE6, 0x3F, 0xDF, 0xFF, 0x7F, 0xFC, 0x1C, 0x00, 0x7F, 0xC0,
    0xFF, 0x01, 0xFC, 0x00, 0x3F, 0x00, 0x0F, 0xF0, 0x03, 0xFF, 0x38, 0xFF, 0xE7, 0xFF, 0xFE, 0xFF,
    0xFF, 0xCF, 0xFF, 0xF8, 0x0F, 0x00, 0x01, 0xF8, 0xE0, 0x1F, 0xFC, 0x03, 0xFF, 0x80, 0x1F, 0xF0,
    0x00, 0xF0, 0x00, 0x1C, 0x00, 0x03, 0x80, 0x00, 0xE0, 0x0F, 0xCE, 0x7B, 0xBF, 0xFE, 0x7F, 0xFC,
    0x1F, 0x00, 0x70, 0x01, 0xFF, 0x03, 0xFC, 0x07, 0xE0, 0x0E, 0x00, 0x38, 0xF3, 0x9C, 0xE7, 0x39,
    0xCE, 0x73, 0x9C, 0xFF, 0xFC, 0x00, 0x00, 0x00, 0x1E, 0xE0, 0x00, 0x7F, 0x00, 0x03, 0xF0, 0x00,
    0x07, 0x00, 0x00, 0x00, 0x00, 0x00, 0x00, 0x00, 0x00, 0x00, 0x00, 0x00, 0x01, 0xE7, 0xCF, 0x07,
    0xBE, 0xF0, 0x3F, 0xFF, 0x80, 0xFF, 0xF8, 0x03, 0xFF, 0x80, 0x1F, 0xFC, 0x00, 0x7F, 0xC0, 0x03,
    0xFE, 0x00, 0x1F, 0xF0, 0x01, 0xFF, 0xC0, 0x1F, 0xFF, 0x01, 0xFF, 0xFC, 0x1F, 0xFF, 0xF1, 0xFB,
    0xEF, 0xE0, 0x00, 0x00, 0x00, 0x3D, 0xC0, 0x03, 0xFC, 0x00, 0x1F, 0x80, 0x00, 0x60, 0x00, 0x00,
    0x00, 0x00, 0x00, 0x00, 0x00, 0x00, 0x3C, 0xF3, 0xC1, 0xEF, 0x78, 0x0F, 0xFF, 0x00, 0xFF, 0xF0,
    0x07, 0xFE, 0x00, 0x3F, 0xC0, 0x03, 0xFC, 0x00, 0x3F, 0xC0, 0x0F, 0xFF, 0x01, 0xFF, 0xF8, 0x3F,
    0xFF, 0xC7, 0xEF, 0x7E, 0x73, 0x8E, 0xF1, 0xFC, 0x3F, 0x8F, 0xE1, 0xF8, 0x3F, 0x07, 0xF8, 0xFF,
    0x9E, 0xFB, 0xC7, 0x78, 0xEF, 0x1D, 0xC7, 0x83, 0xF0, 0x7C, 0x0F, 0x00, 0x00, 0x6E, 0x6E, 0x7C,
    0x78, 0x78, 0x7E, 0x6F, 0xE7, 0xE7, 0x0F, 0x1E, 0x1C, 0x00, 0x1F, 0xE0, 0xFF, 0x07, 0xF8, 0x39,
    0xC1, 0xCE, 0x0E, 0x70, 0x73, 0x87, 0x9C, 0x3C, 0xE1, 0xE7, 0x0F, 0x38, 0xF9, 0xF7, 0xCF, 0x3C,
    0x78, 0x03, 0xC0, 0x3E, 0x01, 0xE0, 0x3F, 0x1F, 0x8E, 0xC7, 0x63, 0xB1, 0xF8, 0xDC, 0x6E, 0x77,
    0xBB, 0xC1, 0xC0, 0xE0, 0x70, 0x79, 0xC1, 0xE7, 0x07, 0x9C, 0x1E, 0x70, 0x79, 0xE1, 0xE7, 0x87,
    0xBF, 0xFE, 0xFF, 0xFB, 0xFF, 0xEF, 0xFF, 0xBE, 0x1E, 0xF8, 0x7F, 0xE1, 0xF0, 0x07, 0xC0, 0x3F,
    0x01, 0xFC, 0x07, 0xE0, 0x00, 0x00, 0x63, 0x9C, 0xE7, 0x39, 0xCE, 0x73, 0x9F, 0xE7, 0xF9, 0xFF,
    0xF3, 0xC0, 0xF0, 0x7C, 0x1E, 0x00, 0x00, 0x70, 0x79, 0xC1, 0xE7, 0x07, 0x9C, 0x1E, 0x70, 0x79,
    0xE1, 0xE7, 0x87, 0xBF, 0xFE, 0xFF, 0xFB, 0xFF, 0xEF, 0xFF, 0xBE, 0x1E, 0xF8, 0x7B, 0xE1, 0xF0,
    0x03, 0xC0, 0x0F, 0x00, 0x7C, 0x01, 0xE0, 0x07, 0x80, 0x1C, 0x63, 0x8E, 0x71, 0xCE, 0x39, 0xC7,
    0xF8, 0xFF, 0x1F, 0xE3, 0x9E, 0xF3, 0xC0, 0x38, 0x07, 0x01, 0xE0, 0x38, 0x71, 0xEE, 0x3D, 0xC7,
    0xB8, 0xF7, 0x1E, 0xE3, 0xDE, 0xFB, 0xFF, 0x3F, 0xE0, 0x3C, 0x07, 0x80, 0xF0, 0x1E, 0x07, 0xC0,
    0xF8, 0x1C, 0x01, 0x80, 0xCD, 0x9B, 0x36, 0x6D, 0xDF, 0x9F, 0x0F, 0x1E, 0x38, 0x70, 0xC0, 0x78,
    0x3E, 0x3E, 0x1F, 0x1F, 0x1F, 0x8F, 0xCF, 0xC7, 0xE7, 0xE3, 0xF7, 0xF1, 0xFF, 0xF8, 0xFF, 0xFC,
    0x7F, 0xFE, 0x7B, 0xFF, 0x3D, 0xF7, 0x9F, 0xFB, 0xCF, 0xBD, 0xE7, 0xDD, 0xF0, 0x00, 0x3E, 0x00,
    0x1E, 0x00, 0x0F, 0x00, 0x07, 0x80, 0x07, 0x80, 0x03, 0xC0, 0x71, 0xC7, 0x9C, 0x7B, 0xC7, 0xBE,
    0x7F, 0xE7, 0xFE, 0x7F, 0xE7, 0xFE, 0xFF, 0xE0, 0x0F, 0x00, 0xE0, 0x0E, 0x00, 0xE0, 0xFF, 0xFF,
    0xFF, 0xFF, 0xFF, 0xFF, 0x70, 0x02, 0x00, 0x7F, 0x81, 0xFE, 0x03, 0xF0, 0x03, 0x00, 0x00, 0x00,
    0x78, 0x01, 0xE0, 0x07, 0xC0, 0x3F, 0x00, 0xFC, 0x07, 0xF8, 0x1C, 0xE0, 0x73, 0xC3, 0xCF, 0x0F,
    0xFC, 0x7F, 0xF9, 0xFF, 0xE7, 0x87, 0xFC, 0x0F, 0x63, 0x3F, 0xC7, 0xF1, 0xF8, 0x00, 0x00, 0x03,
    0xF9, 0xFE, 0x77, 0xB8, 0xEE, 0x1F, 0x9F, 0xFF, 0xDF, 0xF3, 0xFC, 0x0E, 0xE0, 0x7F, 0x81, 0xFE,
    0x03, 0xB8, 0x00, 0x00, 0x1E, 0x00, 0x78, 0x01, 0xF0, 0x0F, 0xC0, 0x3F, 0x01, 0xFE, 0x07, 0x38,
    0x1C, 0xF0, 0xF3, 0xC3, 0xFF, 0x1F, 0xFE, 0x7F, 0xF9, 0xE1, 0xFF, 0x03, 0xC0, 0x77, 0x3D, 0xEF,
    0x7B, 0xDE, 0x00, 0x00, 0x03, 0xF9, 0xFE, 0x77, 0xB8, 0xEE, 0x1F, 0x9F, 0xFF, 0xDF, 0xF3, 0xFC,
    0x00, 0xFF, 0xF0, 0x0F, 0xFF, 0x80, 0xFF, 0xFC, 0x07, 0xF8, 0x00, 0x7F, 0xC0, 0x03, 0xBF, 0xE0,
    0x3D, 0xFF, 0x01, 0xCF, 0xF8, 0x1E, 0x7C, 0x01, 0xFF, 0xE0, 0x0F, 0xFF, 0xFC, 0xFF, 0xFF, 0xE7,
    0x83, 0xFF, 0x78, 0x1F, 0xFC, 0x00, 0x00, 0x00, 0x00, 0x00, 0x1F, 0xFE, 0x1F, 0xFF, 0xCE, 0xFF,
    0xEE, 0x3F, 0xF7, 0x0F, 0xFB, 0x9F, 0x85, 0xFF, 0xFE, 0x7F, 0xFF, 0x1F, 0xFF, 0x80, 0x00, 0x0F,
    0x71, 0xFE, 0x1F, 0x80, 0xC0, 0x00, 0x00, 0x03, 0xFE, 0x7F, 0xCF, 0xF1, 0xC0, 0x38, 0x07, 0xF1,
    0xFE, 0x3F, 0xC7, 0x80, 0xF0, 0x1F, 0xFB, 0xFF, 0x7F, 0xEF, 0xFC, 0x71, 0x9F, 0xE7, 0xF8, 0xFC,
    0x00, 0x00, 0x00, 0x00, 0x00, 0x1F, 0x1F, 0xE7, 0xFF, 0xFF, 0xFF, 0xFC, 0x17, 0xFD, 0xFF, 0x3F,
    0x80, 0x00, 0x03, 0xFC, 0x3F, 0xF9, 0xFF, 0xCF, 0xFF, 0x00, 0xF8, 0x01, 0xDF, 0xFE, 0xFF, 0xF7,
    0xFF, 0x9C, 0x3C, 0xFF, 0xC3, 0xFC, 0x0F, 0xC0, 0x00, 0x00, 0x7E, 0x3F, 0xEF, 0xFB, 0x0F, 0x07,
    0xFF, 0xFF, 0xFB, 0xCE, 0x7F, 0x0F, 0x80, 0x00, 0x19, 0x80, 0xFE, 0x0F, 0xF0, 0x7F, 0x80, 0x00,
    0x00, 0x01, 0xFE, 0x1F, 0xFC, 0xFF, 0xE7, 0xFF, 0x80, 0x7C, 0x00, 0xEF, 0xFF, 0x7F, 0xFB, 0xFF,
    0xCE, 0x1E, 0x7F, 0xE1, 0xFE, 0x07, 0xE0, 0x00, 0x00, 0x7E, 0x3F, 0xEF, 0xFB, 0x0F, 0x07, 0xFF,
    0xFF, 0xFB, 0xCE, 0x7F, 0x0F, 0x87, 0x71, 0xDC, 0x7F, 0x9D, 0xC0, 0x00, 0xCC, 0x00, 0x0E, 0xE0,
    0x00, 0x77, 0x00, 0x03, 0xFC, 0x00, 0x00, 0x00, 0x00, 0x00, 0x00, 0x00, 0x00, 0x00, 0x00, 0x00,
    0x3E, 0xF9, 0xE0, 0xF7, 0xDE, 0x03, 0xFE, 0xF0, 0x1F, 0xFF, 0x00, 0x7F, 0xF8, 0x03, 0xFF, 0x80,
    0x0F, 0xF8, 0x00, 0x3F, 0xC0, 0x03, 0xFE, 0x00, 0x3F, 0xF8, 0x03, 0xFF, 0xE0, 0x3F, 0xFF, 0x83,
    0xFF, 0xFF, 0x3F, 0x7D, 0xFC, 0x01, 0x98, 0x00, 0x1F, 0xC0, 0x03, 0xFC, 0x00, 0x3F, 0xC0, 0x00,
    0x00, 0x00, 0x00, 0x00, 0x00, 0x00, 0x03, 0xCF, 0x3C, 0x1E, 0xF7, 0x81, 0xEF, 0x78, 0x0F, 0xFF,
    0x00, 0x7F, 0xE0, 0x07, 0xFC, 0x00, 0x3F, 0xC0, 0x03, 0xFC, 0x00, 0x7F, 0xE0, 0x1F, 0xFF, 0x83,
    0xFF, 0xFC, 0x7E, 0xF7, 0xE0, 0x66, 0x77, 0x3F, 0xDF, 0xE0, 0x00, 0x00, 0x00, 0x00, 0xFE, 0x7F,
    0x9B, 0xC0, 0xE0, 0xF1, 0xF8, 0xFC, 0x1E, 0x07, 0xE3, 0xFF, 0xDF, 0xEF, 0xE0, 0x77, 0x77, 0xFF,
    0x77, 0x3E, 0x3F, 0x03, 0x1F, 0x1E, 0x07, 0x3F, 0x3F, 0x3E, 0x00, 0x7F, 0xBF, 0xE0, 0xE0, 0xF0,
    0xF0, 0xF8, 0x7E, 0x07, 0x81, 0xCF, 0xEF, 0xF7, 0xF1, 0xF0, 0x00, 0x7F, 0xBF, 0xE0, 0xE0, 0xF0,
    0xF0, 0xF8, 0x7E, 0x07, 0x81, 0xCF, 0xEF, 0xF7, 0xF1, 0xF0, 0x00, 0x03, 0xFC, 0x1F, 0xF0, 0xFF,
    0x00, 0x00, 0x00, 0x00, 0x00, 0x00, 0x00, 0xF0, 0xF7, 0x87, 0xBC, 0x7D, 0xE3, 0xE7, 0x3F, 0x39,
    0xF9, 0xDF, 0xCE, 0xFE, 0x7F, 0xF3, 0xFF, 0xDF, 0xBE, 0xFD, 0xF7, 0xCF, 0xBE, 0x7C, 0x03, 0x8F,
    0xF9, 0xFF, 0x30, 0x00, 0x00, 0x00, 0x1C, 0x73, 0x9E, 0x77, 0xCE, 0xF9, 0xFF, 0xBF, 0xF7, 0xDE,
    0xFB, 0xDE, 0x7B, 0xCF, 0x60, 0xC0, 0x3B, 0x81, 0xDC, 0x0E, 0xE0, 0x77, 0x00, 0x00, 0x00, 0x00,
    0x00, 0x1E, 0x1E, 0xF0, 0xF7, 0x8F, 0xBC, 0x7C, 0xE7, 0xE7, 0x3F, 0x3B, 0xF9, 0xDF, 0xCF, 0xFE,
    0x7F, 0xFB, 0xF7, 0xDF, 0xBE, 0xF9, 0xF7, 0xCF, 0x80, 0x3B, 0x87, 0x70, 0xEE, 0x1D, 0xC0, 0x00,
    0xE3, 0x9C, 0xF3, 0xBE, 0x77, 0xCF, 0xFD, 0xFF, 0xBE, 0xF7, 0xDE, 0xF3, 0xDE, 0x7B, 0x06, 0x0E,
    0xE0, 0x1D, 0xC0, 0x3B, 0x80, 0x77, 0x00, 0x00, 0x01, 0xFC, 0x07, 0xFC, 0x1F, 0xFC, 0x78, 0x3C,
    0xF0, 0x79, 0xC0, 0x77, 0x80, 0xFF, 0x01, 0xFE, 0x03, 0x9F, 0xFF, 0x3F, 0xFE, 0x7F, 0xFC, 0x7F,
    0xF0, 0x7F, 0xC0, 0x00, 0x00, 0x77, 0x0E, 0xE1, 0xDC, 0x3B, 0x80, 0x00, 0x00, 0x00, 0x00, 0xFC,
    0x3F, 0xC7, 0xBD, 0xE3, 0xB8, 0x77, 0xFE, 0x7F, 0xCF, 0xF0, 0xFC, 0x0F, 0x81, 0xFE, 0x1F, 0xF8,
    0xFB, 0xEF, 0x0F, 0x78, 0x7B, 0xFF, 0xFF, 0xFF, 0xF0, 0xF7, 0xFF, 0x9F, 0xFC, 0xFF, 0xC3, 0xFE,
    0x0F, 0xC0, 0x3F, 0x1F, 0xE7, 0xBF, 0xFF, 0xFF, 0xFF, 0xF7, 0xFD, 0xFE, 0x3F, 0x00, 0x19, 0x80,
    0xEE, 0x07, 0x70, 0x7F, 0x80, 0x00, 0x07, 0xC0, 0xFF, 0x0F, 0xFC, 0x7D, 0xF7, 0x87, 0xBC, 0x3D,
    0xFF, 0xFF, 0xFF, 0xF8, 0x7B, 0xFF, 0xCF, 0xFE, 0x7F, 0xE1, 0xFF, 0x07, 0xE0, 0x3B, 0x9F, 0xE7,
    0xF8, 0xEE, 0x00, 0x0F, 0xC7, 0xF9, 0xEF, 0xFF, 0xFF, 0xFF, 0xFD, 0xFF, 0x7F, 0x8F, 0xC0, 0x0E,
    0xE0, 0xFF, 0x07, 0xF8, 0x1D, 0xC0, 0x00, 0x00, 0x00, 0x00, 0x01, 0xF8, 0x3F, 0xE1, 0xFF, 0x9E,
    0x1E, 0xE0, 0x70, 0xFF, 0x87, 0xFC, 0x00, 0xE0, 0x0F, 0x7C, 0xFB, 0xFF, 0xDF, 0xFE, 0x7F, 0xE1,
    0xFE, 0x00, 0x00, 0x66, 0x77, 0x3B, 0x9F, 0xE1, 0x07, 0xF3, 0xBC, 0x0E, 0x3F, 0x9F, 0xC0, 0xFD,
    0xEF, 0xF7, 0xE0, 0x00, 0x87, 0xF9, 0xFF, 0x3E, 0x00, 0x00, 0x00, 0x00, 0x07, 0x06, 0xF1, 0xEE,
    0x39, 0xE7, 0x1D, 0xE3, 0xF8, 0x3F, 0x07, 0xE0, 0x78, 0x0F, 0x01, 0xE0, 0x7C, 0x3F, 0x07, 0xE0,
    0xF0, 0x00, 0x3F, 0xC7, 0xF9, 0xFF, 0x00, 0x00, 0x00, 0x00, 0x00, 0x00, 0x00, 0xF0, 0xEE, 0x3D,
    0xE7, 0x1E, 0xE3, 0xFC, 0x3F, 0x07, 0xE0, 0x7C, 0x0F, 0x00, 0xE0, 0x7C, 0x3F, 0x07, 0xE0, 0xF8,
    0x00, 0x3B, 0x87, 0xF8, 0xFF, 0x1D, 0xC0, 0x00, 0x00, 0x38, 0x3F, 0x8F, 0x71, 0xCF, 0x38, 0xFF,
    0x1F, 0xC1, 0xF8, 0x3F, 0x03, 0xC0, 0x78, 0x0F, 0x03, 0xE1, 0xF8, 0x3F, 0x07, 0x80, 0x19, 0x83,
    0xB8, 0xFF, 0x1F, 0xE0, 0x00, 0x00, 0x00, 0x00, 0x00, 0xF0, 0xEE, 0x3D, 0xE7, 0x1E, 0xE3, 0xFC,
    0x3F, 0x07, 0xE0, 0x7C, 0x0F, 0x00, 0xE0, 0x7C, 0x3F, 0x07, 0xE0, 0xF8, 0x00, 0x0E, 0x1E, 0x78,
    0x79, 0xE3, 0xE0, 0x00, 0x00, 0x00, 0x00, 0x00, 0x1C, 0x1C, 0x3C, 0x78, 0x38, 0xE0, 0x79, 0xC0,
    0x7F, 0x80, 0xFE, 0x00, 0xFC, 0x01, 0xF8, 0x01, 0xE0, 0x03, 0xC0, 0x07, 0x80, 0x1F, 0x00, 0xFC,
    0x01, 0xF8, 0x03, 0xC0, 0x00, 0x1E, 0x3C, 0xF8, 0xF3, 0xE3, 0xC0, 0x00, 0x00, 0x00, 0x00, 0x00,
    0x00, 0x00, 0x78, 0x70, 0x71, 0xE0, 0xF3, 0x80, 0xF7, 0x01, 0xFE, 0x01, 0xF8, 0x03, 0xF0, 0x03,
    0xE0, 0x07, 0x80, 0x07, 0x00, 0x3E, 0x01, 0xF8, 0x03, 0xF0, 0x07, 0xC0, 0x00, 0x33, 0x3B, 0x9D,
    0xCE, 0xE0, 0x07, 0x1F, 0x8F, 0xC7, 0xE3, 0xE1, 0xFD, 0xFF, 0xF7, 0xF9, 0xFC, 0x0E, 0x07, 0x03,
    0x80, 0x66, 0xEE, 0xFF, 0xFF, 0x44, 0x66, 0x66, 0x46, 0x6E, 0x7E, 0x7E, 0x06, 0x06, 0x7F, 0xCF,
    0xF9, 0xFF, 0x38, 0x07, 0x00, 0xE0, 0x1C, 0x03, 0x80, 0x70, 0x0E, 0x01, 0xE0, 0x3C, 0x07, 0x80,
    0xF0, 0x06, 0x00, 0xC0, 0xFE, 0xFE, 0xE0, 0xE0, 0xE0, 0xE0, 0xE0, 0xE0, 0xF0, 0x30, 0x30, 0x04,
    0xC0, 0x07, 0x70, 0x03, 0xB8, 0x03, 0xFC, 0x00, 0x00, 0x00, 0x00, 0x00, 0x00, 0x00, 0x00, 0x00,
    0x00, 0x07, 0x80, 0x03, 0xD8, 0x01, 0xEC, 0x00, 0xF6, 0x00, 0x7B, 0x00, 0x3D, 0x80, 0x1E, 0xFE,
    0x0F, 0x7F, 0x87, 0xB3, 0xC3, 0xD8, 0xE1, 0xFF, 0xF0, 0xFF, 0xF8, 0x7F, 0xF8, 0x3C, 0x19, 0x81,
    0xFE, 0x0F, 0xF0, 0x7F, 0x80, 0x00, 0x00, 0x00, 0x00, 0x00, 0x06, 0x00, 0x3E, 0x01, 0xF8, 0x0F,
    0xC0, 0x7F, 0x83, 0xFF, 0x1F, 0xB8, 0xFD, 0xC7, 0xFE, 0x3F, 0xE3, 0xC0, 0x78, 0x3C, 0x3C, 0x78,
    0x3C, 0x70, 0x1E, 0xF0, 0x0F, 0xE0, 0x0F, 0xE0, 0x07, 0xC0, 0x07, 0xC0, 0x0F, 0xC0, 0x0F, 0xE0,
    0x1F, 0xF0, 0x3E, 0xFE, 0x7C, 0xFE, 0x7C, 0x7F, 0x00, 0x3E, 0x00, 0x00, 0x71, 0xC3, 0xB8, 0x3F,
    0x81, 0xF0, 0x0E, 0x01, 0xF0, 0x3F, 0x03, 0xBC, 0x73, 0xE0, 0x1E, 0x00, 0x00, 0x07, 0x80, 0x1E,
    0x00, 0x7C, 0x03, 0xF0, 0x0F, 0xC0, 0x7F, 0x81, 0xCE, 0x07, 0x3C, 0x3C, 0xF0, 0xFF, 0xC7, 0xFF,
    0x9F, 0xFE, 0x78, 0x7F, 0xC0, 0xF0, 0x00, 0x01, 0xE0, 0x07, 0x80, 0x1E, 0x00, 0x78, 0x00, 0x70,
    0x1E, 0x03, 0xC0, 0x78, 0x00, 0x00, 0x00, 0x00, 0x07, 0x80, 0xF0, 0x1E, 0x03, 0xC0, 0x7F, 0x07,
    0xF8, 0xFF, 0x1E, 0x73, 0x8E, 0x71, 0xCE, 0x39, 0xFF, 0x3F, 0xE3, 0xF8, 0x3C, 0x00, 0xFF, 0x8F,
    0xFC, 0xFF, 0xCF, 0x1C, 0xF1, 0xCF, 0xFC, 0xFF, 0xCF, 0xFE, 0xF1, 0xEF, 0x0F, 0xFF, 0xFF, 0xFE,
    0xFF, 0xEF, 0xFC, 0x0F, 0x00, 0xF0, 0x0F, 0x00, 0xF0, 0x60, 0x1E, 0x03, 0xC0, 0x78, 0x0F, 0x01,
    0xFC, 0x1F, 0xE3, 0xFC, 0x79, 0xCE, 0x39, 0xC7, 0x3C, 0xE7, 0xFC, 0xFF, 0x8F, 0xE0, 0xE0, 0x00,
    0x00, 0x00, 0x38, 0x07, 0x00, 0xF0, 0x3E, 0x00, 0x07, 0x00, 0x78, 0x03, 0xC0, 0x1E, 0x00, 0x00,
    0x00, 0x03, 0xFF, 0x1F, 0xFC, 0xFF, 0xF7, 0x8F, 0xFC, 0x1F, 0xE0, 0x7F, 0x03, 0xF8, 0x1F, 0xC1,
    0xFE, 0x7F, 0xFF, 0xFF, 0xFF, 0xBF, 0xFD, 0xFF, 0x80, 0x1F, 0xE3, 0xF8, 0x7F, 0x0F, 0xE0, 0x1C,
    0x3F, 0x9F, 0xF3, 0xFE, 0xE3, 0xDC, 0x7B, 0xFF, 0x3F, 0xE7, 0xFC, 0x7F, 0x80, 0xFF, 0xC7, 0xFF,
    0x3F, 0xFD, 0xE3, 0xFF, 0x07, 0xF8, 0x1F, 0xC0, 0xFE, 0x07, 0xF0, 0x7F, 0x9F, 0xFF, 0xFF, 0xFF,
    0xEF, 0xFF, 0x7F, 0xE0, 0x00, 0x00, 0xE0, 0x07, 0x80, 0x3C, 0x01, 0xE0, 0x01, 0xE0, 0x38, 0x07,
    0x00, 0xE0, 0x1C, 0x3F, 0x9F, 0xF3, 0xFE, 0xE3, 0xDC, 0x7B, 0xFF, 0x3F, 0xE7, 0xFC, 0x7F, 0x80,
    0x00, 0x00, 0x00, 0x01, 0xC0, 0x78, 0x0F, 0x01, 0xE0, 0xFF, 0xC7, 0xFF, 0x3F, 0xFD, 0xE3, 0xFF,
    0x07, 0xF8, 0x1F, 0xC0, 0xFE, 0x07, 0xF0, 0x7F, 0x9F, 0xFF, 0xFF, 0xFF, 0xEF, 0xFF, 0x7F, 0xE0,
    0x00, 0x00, 0x10, 0x3F, 0xC1, 0xFE, 0x00, 0x01, 0xE0, 0x38, 0x07, 0x00, 0xE0, 0x1C, 0x3F, 0x9F,
    0xF3, 0xFE, 0xE3, 0xDC, 0x7B, 0xFF, 0x3F, 0xE7, 0xFC, 0x7F, 0x80, 0x00, 0x00, 0x00, 0x00, 0x01,
    0xFC, 0x7F, 0x80, 0xFF, 0xC7, 0xFF, 0x3F, 0xFD, 0xE3, 0xFF, 0x07, 0xF8, 0x1F, 0xC0, 0xFE, 0x07,
    0xF0, 0x7F, 0x9F, 0xFF, 0xFF, 0xFF, 0xEF, 0xFF, 0x7F, 0xE0, 0x1C, 0x00, 0xF0, 0x0F, 0xC0, 0xFF,
    0x0E, 0x3C, 0x01, 0xE0, 0x38, 0x07, 0x00, 0xE0, 0x1C, 0x3F, 0x9F, 0xF3, 0xFE, 0xE3, 0xDC, 0x7B,
    0xFF, 0x3F, 0xE7, 0xFC, 0x7F, 0x80, 0x00, 0x20, 0x0E, 0x03, 0xE0, 0xFE, 0x3D, 0xEE, 0x1C, 0x78,
    0x0F, 0x01, 0xE0, 0x00, 0x00, 0x0F, 0xE7, 0xFB, 0xFF, 0x00, 0x00, 0x00, 0x00, 0x00, 0x00, 0x07,
    0xC7, 0xF9, 0xFF, 0xFF, 0xFF, 0xFF, 0x05, 0xFF, 0x7F, 0xCF, 0xE0, 0x06, 0x03, 0x80, 0xE0, 0x70,
    0x00, 0x00, 0x00, 0x00, 0x00, 0x1F, 0x9F, 0xEF, 0xFC, 0x00, 0x00, 0x00, 0x00, 0x00, 0x00, 0x1F,
    0x1F, 0xE7, 0xFF, 0xFF, 0xFF, 0xFC, 0x17, 0xFD, 0xFF, 0x3F, 0x80, 0x7F, 0xEF, 0xF9, 0xFF, 0x38,
    0x07, 0x00, 0xFF, 0x1F, 0xE3, 0xFC, 0x70, 0x1E, 0x03, 0xFF, 0x7F, 0xEF, 0xFF, 0xFF, 0xC0, 0x00,
    0x00, 0x01, 0x83, 0xB8, 0xFF, 0x1F, 0xC3, 0xB8, 0x1C, 0x07, 0x81, 0xE0, 0x78, 0x00, 0x00, 0x07,
    0xFD, 0xFF, 0x7F, 0x9C, 0x07, 0x01, 0xFE, 0x7F, 0x9F, 0xE7, 0x01, 0xC0, 0x70, 0x3C, 0x0F, 0x03,
    0xC0, 0x38, 0x70, 0xF1, 0xE0, 0x00, 0x8F, 0x9F, 0x38, 0x73, 0xFF, 0xFF, 0xEF, 0x1E, 0x3C, 0x78,
    0xF1, 0xE0, 0x07, 0xF0, 0x1F, 0xE0, 0x7F, 0xC0, 0x00, 0x00, 0x00, 0x00, 0x00, 0x00, 0x00, 0x07,
    0xFC, 0x1F, 0xF8, 0x7F, 0xF1, 0xF8, 0xE3, 0xC0, 0x07, 0x80, 0x1F, 0x00, 0x3C, 0x3F, 0x78, 0x7F,
    0xF8, 0xFE, 0xF0, 0x7D, 0xFF, 0xF3, 0xFF, 0xE3, 0xFF, 0xC1, 0xFF, 0x00, 0x3F, 0xCF, 0xF9, 0xFF,
    0x00, 0x00, 0x00, 0x00, 0x0F, 0xF3, 0xFE, 0x77, 0xDC, 0x7B, 0x8F, 0x71, 0xE7, 0xFC, 0xFF, 0x8F,
    0xF0, 0x7E, 0x63, 0x8F, 0xF1, 0xFC, 0x3F, 0x80, 0x70, 0x7B, 0x83, 0xDC, 0x1E, 0xE0, 0xF7, 0x07,
    0xBC, 0x3D, 0xE1, 0xFF, 0xFF, 0xFF, 0xFF, 0xFF, 0xFF, 0xFF, 0xF0, 0xFF, 0x87, 0xFC, 0x3C, 0x00,
    0x00, 0x00, 0x07, 0x80, 0x3C, 0x01, 0xE0, 0x0F, 0x00, 0x70, 0x0E, 0x01, 0xC0, 0x38, 0x07, 0x00,
    0xFF, 0x1F, 0xF3, 0xFE, 0x71, 0xCE, 0x3B, 0xC7, 0x78, 0xEF, 0x1D, 0xE3, 0x80, 0x00, 0x00, 0x00,
    0x00, 0x00, 0x38, 0x07, 0x01, 0xF0, 0x3E, 0x00, 0x70, 0x7B, 0x83, 0xDC, 0x1E, 0xE0, 0xF7, 0x07,
    0xBC, 0x3D, 0xE1, 0xFF, 0xFF, 0xFF, 0xFF, 0xFF, 0xFF, 0xFF, 0xF0, 0xFF, 0x87, 0xFC, 0x3D, 0xC0,
    0x0F, 0x00, 0x78, 0x03, 0xC0, 0x1C, 0x00, 0x70, 0x0E, 0x01, 0xC0, 0x38, 0x07, 0x00, 0xFF, 0x1F,
    0xF3, 0xFE, 0x71, 0xCE, 0x3B, 0xC7, 0x78, 0xEF, 0x1D, 0xE3, 0x98, 0x03, 0x80, 0xF8, 0x0F, 0x03,
    0xC0, 0x00, 0x0C, 0x0E, 0x07, 0x03, 0x00, 0x03, 0xBB, 0xDF, 0xEF, 0xF7, 0x80, 0x00, 0x00, 0x03,
    0xC0, 0xE0, 0x70, 0x38, 0x1C, 0x0E, 0x07, 0x03, 0x81, 0xC0, 0xE0, 0x70, 0x3C, 0x3E, 0x1F, 0x00,
    0x0C, 0x1C, 0x1C, 0x38, 0x00, 0x00, 0x00, 0x00, 0x66, 0xFF, 0xFF, 0xFF, 0x00, 0x18, 0x38, 0x38,
    0x38, 0x38, 0x38, 0x3C, 0x3C, 0x3C, 0x3C, 0x78, 0x0F, 0x01, 0xE0, 0x38, 0x07, 0x00, 0xE0, 0x1C,
    0x03, 0x80, 0x70, 0x0E, 0x01, 0xFF, 0x7F, 0xFF, 0xFF, 0xFF, 0xC0, 0x00, 0x00, 0x00, 0x01, 0xC0,
    0x38, 0x07, 0x81, 0xF0, 0x71, 0xC7, 0x1C, 0x73, 0xCF, 0x3C, 0xE3, 0x8E, 0x3E, 0xFB, 0xF0, 0x00,
    0x01, 0xC7, 0x3C, 0xF0, 0x78, 0x0F, 0x01, 0xE0, 0x38, 0x07, 0x00, 0xE0, 0x1C, 0x03, 0x80, 0x70,
    0x0E, 0x01, 0xFF, 0x7F, 0xFF, 0xFF, 0xFF, 0xC0, 0x00, 0x20, 0x0E, 0x03, 0xE0, 0xFE, 0x3D, 0xE7,
    0x1E, 0x0E, 0x01, 0xC0, 0x38, 0x07, 0x00, 0xE0, 0x3C, 0x07, 0x80, 0xF0, 0x1C, 0x03, 0x80, 0x70,
    0x0F, 0x81, 0xF0, 0x3F, 0x00, 0x00, 0x70, 0x1E, 0x07, 0xE1, 0xFE, 0x78, 0xE0, 0x01, 0xC0, 0x03,
    0x00, 0x0E, 0x00, 0x1C, 0x07, 0x83, 0xEF, 0x87, 0xDF, 0x1F, 0xBF, 0x3F, 0x7E, 0x7E, 0xFD, 0xFD,
    0xFF, 0xFB, 0xFF, 0xF7, 0xFF, 0xFE, 0xFF, 0xFD, 0xF7, 0xFF, 0xEF, 0xFB, 0xDF, 0xF7, 0x7C, 0x00,
    0x60, 0x00, 0x60, 0x00, 0xE0, 0x00, 0xE0, 0x00, 0x00, 0x00, 0x00, 0x7F, 0xBC, 0x7F, 0xFE, 0x7B,
    0xEF, 0x79, 0xE7, 0x71, 0xC7, 0x71, 0xC7, 0x71, 0xC7, 0xF3, 0xCF, 0xF3, 0xCF, 0x03, 0x80, 0x07,
    0x00, 0x0F, 0x00, 0x1E, 0x00, 0x00, 0x0F, 0x07, 0xDF, 0x0F, 0xBE, 0x3F, 0x7E, 0x7E, 0xFC, 0xFD,
    0xFB, 0xFB, 0xFF, 0xF7, 0xFF, 0xEF, 0xFF, 0xFD, 0xFF, 0xFB, 0xEF, 0xFF, 0xDF, 0xF7, 0xBF, 0xEE,
    0xF8, 0x00, 0xE0, 0x00, 0xE0, 0x00, 0xE0, 0x01, 0xF0, 0x00, 0x00, 0x00, 0x00, 0x7F, 0xBC, 0x7F,
    0xFE, 0x7B, 0xEF, 0x79, 0xE7, 0x71, 0xC7, 0x71, 0xC7, 0x71, 0xC7, 0xF3, 0xCF, 0xF3, 0xCF, 0x78,
    0x3E, 0xF8, 0x7D, 0xF1, 0xFB, 0xF3, 0xF7, 0xE7, 0xEF, 0xDF, 0xDF, 0xFF, 0xBF, 0xFF, 0x7F, 0xFF,
    0xEF, 0xFF, 0xDF, 0x7F, 0xFE, 0xFF, 0xBD, 0xFF, 0x77, 0xC0, 0x00, 0x01, 0xC0, 0x03, 0xC0, 0x07,
    0x80, 0x0F, 0x00, 0x03, 0x80, 0x3C, 0x01, 0xE0, 0x0F, 0x00, 0x00, 0x00, 0x00, 0xE0, 0xEF, 0x8F,
    0x7C, 0x7B, 0xF3, 0xDF, 0x9E, 0xFE, 0xF7, 0xF7, 0xBF, 0xBD, 0xFF, 0xCF, 0x7E, 0x7B, 0xF3, 0xCF,
    0xBE, 0x7D, 0xF3, 0xE0, 0x0F, 0x03, 0xC0, 0xF0, 0x3C, 0x00, 0x00, 0x00, 0x01, 0xFC, 0x7F, 0x9F,
    0xF7, 0x1D, 0xC7, 0xF1, 0xFC, 0x7F, 0x3F, 0xCF, 0x38, 0x3B, 0xE3, 0xDF, 0x1E, 0xFC, 0xF7, 0xE7,
    0xBF, 0xBD, 0xFD, 0xEF, 0xEF, 0x7F, 0xF3, 0xDF, 0x9E, 0xFC, 0xF3, 0xEF, 0x9F, 0x7C, 0xF8, 0x00,
    0x00, 0x00, 0x00, 0x00, 0x38, 0x01, 0xC0, 0x0F, 0x00, 0xF8, 0x00, 0x00, 0x1F, 0xC7, 0xF9, 0xFF,
    0x71, 0xDC, 0x7F, 0x1F, 0xC7, 0xF3, 0xFC, 0xF0, 0x00, 0x00, 0x00, 0x07, 0x81, 0xE0, 0x78, 0x1E,
    0x00, 0x38, 0x3B, 0xE3, 0xDF, 0x1E, 0xFC, 0xF7, 0xE7, 0xBF, 0xBD, 0xFD, 0xEF, 0xEF, 0x7F, 0xF3,
    0xDF, 0x9E, 0xFC, 0xF3, 0xEF, 0x9F, 0x7C, 0xF8, 0x00, 0x00, 0x40, 0x07, 0x00, 0x7C, 0x07, 0xF0,
    0x7B, 0xC3, 0x87, 0x00, 0x00, 0x1F, 0xC7, 0xF9, 0xFF, 0x71, 0xDC, 0x7F, 0x1F, 0xC7, 0xF3, 0xFC,
    0xF0, 0x00, 0x00, 0x0C, 0x07, 0x83, 0xF1, 0xFE, 0xE1, 0xC0, 0x00, 0xC0, 0x03, 0x80, 0x06, 0x00,
    0x1C, 0x00, 0x00, 0x00, 0xFC, 0x03, 0xF8, 0x07, 0xF0, 0x0D, 0xC0, 0x00, 0x00, 0x3F, 0x80, 0xFF,
    0x83, 0xFF, 0x8F, 0x07, 0x9E, 0x0F, 0x38, 0x0E, 0xF0, 0x1F, 0xE0, 0x3F, 0xC0, 0x73, 0xFF, 0xE7,
    0xFF, 0xCF, 0xFF, 0x8F, 0xFE, 0x0F, 0xF8, 0x00, 0x00, 0x06, 0x03, 0x80, 0xE0, 0x70, 0x00, 0x00,
    0x01, 0xB0, 0xFC, 0x3F, 0x0D, 0xC0, 0x00, 0x00, 0x00, 0x0F, 0xC7, 0xF9, 0xEF, 0xF1, 0xF8, 0x7F,
    0xFD, 0xFF, 0x7F, 0x8F, 0xC0, 0x3B, 0x8E, 0xE3, 0xFC, 0xEE, 0x3F, 0x0F, 0xC3, 0xF0, 0xDC, 0x00,
    0x0F, 0xC7, 0xF9, 0xEF, 0xF1, 0xF8, 0x7F, 0xFD, 0xFF, 0x7F, 0x8F, 0xC0, 0x0F, 0x00, 0x0F, 0x00,
    0x0F, 0x80, 0x00, 0x00, 0x00, 0x03, 0xFC, 0x07, 0xFC, 0x0F, 0xC0, 0x00, 0x00, 0x00, 0x00, 0x3F,
    0x80, 0xFF, 0x83, 0xFF, 0x8F, 0x07, 0x9E, 0x0F, 0x38, 0x0E, 0xF0, 0x1F, 0xE0, 0x3F, 0xC0, 0x73,
    0xFF, 0xE7, 0xFF, 0xCF, 0xFF, 0x8F, 0xFE, 0x0F, 0xF8, 0x00, 0x00, 0x78, 0x0F, 0x01, 0xF0, 0x00,
    0x00, 0x00, 0x03, 0xF9, 0xFE, 0xFF, 0xC0, 0x00, 0x00, 0x00, 0x3F, 0x1F, 0xE7, 0xBF, 0xC7, 0xE1,
    0xFF, 0xF7, 0xFD, 0xFE, 0x3F, 0x00, 0x01, 0xC0, 0x07, 0x00, 0x0E, 0x00, 0x1C, 0x00, 0x00, 0x03,
    0xFC, 0x07, 0xFC, 0x0F, 0x00, 0x00, 0x00, 0x00, 0x00, 0x3F, 0x80, 0xFF, 0x83, 0xFF, 0x8F, 0x07,
    0x9E, 0x0F, 0x38, 0x0E, 0xF0, 0x1F, 0xE0, 0x3F, 0xC0, 0x73, 0xFF, 0xE7, 0xFF, 0xCF, 0xFF, 0x8F,
    0xFE, 0x0F, 0xF8, 0x00, 0x00, 0x0E, 0x03, 0x81, 0xC0, 0x70, 0x00, 0x00, 0x00, 0xF9, 0xFE, 0xFF,
    0xC0, 0x00, 0x00, 0x00, 0x3F, 0x1F, 0xE7, 0xBF, 0xC7, 0xE1, 0xFF, 0xF7, 0xFD, 0xFE, 0x3F, 0x00,
    0x0E, 0x01, 0xE0, 0x3C, 0x07, 0x80, 0x00, 0x00, 0x0E, 0x03, 0xFC, 0x7F, 0xCE, 0x39, 0xC3, 0xB8,
    0xF7, 0xFE, 0xFF, 0x9F, 0xE3, 0xF8, 0x70, 0x0F, 0x03, 0xE0, 0x7C, 0x0F, 0x80, 0x0F, 0x00, 0xF0,
    0x0F, 0x00, 0xF0, 0x03, 0x07, 0xFC, 0x7F, 0xE3, 0xCE, 0x38, 0x63, 0x86, 0x3C, 0x67, 0xFE, 0x7F,
    0xE7, 0xFC, 0x7F, 0x87, 0x00, 0x70, 0x0F, 0x00, 0xF0, 0x00, 0x7F, 0x07, 0xF8, 0x71, 0xC7, 0x1C,
    0x71, 0xC7, 0x3C, 0x7F, 0xC7, 0xF8, 0x7F, 0xC7, 0x9C, 0x79, 0xEF, 0x9E, 0xF9, 0xEF, 0x9F, 0x00,
    0x00, 0x00, 0x00, 0x00, 0x00, 0x0E, 0x00, 0xE0, 0x0E, 0x01, 0xF0, 0x7F, 0x7F, 0x7F, 0x70, 0x70,
    0x70, 0x70, 0xF8, 0xF8, 0x00, 0x00, 0x00, 0x00, 0x70, 0x70, 0x78, 0xF8, 0x07, 0x80, 0x1E, 0x00,
    0x78, 0x01, 0xE0, 0x00, 0x00, 0x1F, 0x01, 0xFE, 0x0F, 0xF8, 0x3E, 0xC0, 0xE0, 0x03, 0xC0, 0x0F,
    0xE0, 0x3F, 0xE0, 0x3F, 0xC0, 0x3F, 0x80, 0x1E, 0x3C, 0x79, 0xFF, 0xE7, 0xFF, 0x1F, 0xF8, 0x00,
    0x00, 0x0E, 0x03, 0x81, 0xE0, 0x7C, 0x00, 0x0F, 0xE3, 0xF8, 0xC0, 0x3F, 0x07, 0xF2, 0x3D, 0xFF,
    0xFF, 0xDF, 0xE0, 0x00, 0x07, 0xC0, 0x7F, 0x83, 0xFE, 0x0F, 0xB0, 0x38, 0x00, 0xF0, 0x03, 0xF8,
    0x0F, 0xF8, 0x0F, 0xF0, 0x0F, 0xE0, 0x07, 0x8F, 0x1E, 0x7F, 0xF9, 0xFF, 0xC7, 0xFE, 0x00, 0x00,
    0x00, 0x00, 0x00, 0x00, 0x78, 0x01, 0xE0, 0x07, 0x80, 0x1E, 0x00, 0x00, 0x0F, 0xE3, 0xF8, 0xC0,
    0x3F, 0x07, 0xF2, 0x3D, 0xFF, 0xFF, 0xDF, 0xE0, 0x00, 0x00, 0x00, 0x03, 0x80, 0xE0, 0x78, 0x1F,
    0x00, 0x03, 0xC0, 0x0F, 0x00, 0x3C, 0x00, 0xF0, 0x00, 0x00, 0x06, 0x00, 0x38, 0x00, 0xC0, 0x07,
    0x00, 0x00, 0x00, 0x7C, 0x07, 0xF8, 0x3F, 0xE0, 0xFB, 0x03, 0x80, 0x0F, 0x00, 0x3F, 0x80, 0xFF,
    0x80, 0xFF, 0x00, 0xFE, 0x00, 0x78, 0xF1, 0xE7, 0xFF, 0x9F, 0xFC, 0x7F, 0xE0, 0x00, 0x00, 0x07,
    0x01, 0xC0, 0x78, 0x3E, 0x00, 0x01, 0x80, 0x60, 0x38, 0x0E, 0x00, 0x03, 0xF8, 0xFE, 0x30, 0x0F,
    0xC1, 0xFC, 0x8F, 0x7F, 0xFF, 0xF7, 0xF8, 0x00, 0x07, 0x00, 0x1E, 0x00, 0x78, 0x01, 0xE0, 0x3C,
    0xE0, 0x7F, 0x00, 0xF8, 0x01, 0xC0, 0x03, 0x00, 0x00, 0x00, 0x7C, 0x07, 0xF8, 0x3F, 0xE0, 0xFB,
    0x03, 0x80, 0x0F, 0x00, 0x3F, 0x80, 0xFF, 0x80, 0xFF, 0x00, 0xFE, 0x00, 0x78, 0xF1, 0xE7, 0xFF,
    0x9F, 0xFC, 0x7F, 0xE0, 0x00, 0x00, 0x0E, 0x03, 0x80, 0xE0, 0x7C, 0x73, 0xCF, 0xE1, 0xF0, 0x38,
    0x04, 0x00, 0x03, 0xF8, 0xFE, 0x30, 0x0F, 0xC1, 0xFC, 0x8F, 0x7F, 0xFF, 0xF7, 0xF8, 0x00, 0x07,
    0x00, 0x3C, 0x01, 0xE0, 0x0F, 0x00, 0x00, 0x00, 0x03, 0xFF, 0xFF, 0xFF, 0xFF, 0xF8, 0x3C, 0x01,
    0xE0, 0x0F, 0x00, 0x78, 0x03, 0xC0, 0x1E, 0x00, 0xF0, 0x07, 0x80, 0x3C, 0x01, 0xE0, 0x0F, 0x00,
    0x1C, 0x0F, 0x07, 0x83, 0xC0, 0x40, 0xE0, 0x70, 0x38, 0x7F, 0xFF, 0xC7, 0x03, 0x83, 0xC1, 0xE0,
    0xFC, 0x7F, 0x1F, 0x80, 0x00, 0xFF, 0xFF, 0xFF, 0xFF, 0xFE, 0x0F, 0x00, 0x78, 0x03, 0xC0, 0x1E,
    0x00, 0xF0, 0x07, 0x80, 0x3C, 0x01, 0xE0, 0x0F, 0x00, 0x78, 0x03, 0xC0, 0x00, 0x00, 0x00, 0x07,
    0x00, 0x38, 0x03, 0xC0, 0x1F, 0x00, 0x04, 0x0E, 0x07, 0x03, 0x87, 0xFF, 0xFC, 0x70, 0x38, 0x3C,
    0x1E, 0x0F, 0xC7, 0xF1, 0xF8, 0x00, 0x00, 0x00, 0x0F, 0x07, 0x83, 0xC1, 0xE0, 0xFF, 0xFF, 0xFF,
    0xFF, 0xFE, 0x0F, 0x00, 0x78, 0x03, 0xC0, 0x1E, 0x00, 0xF0, 0x07, 0x80, 0x3C, 0x01, 0xE0, 0x0F,
    0x00, 0x78, 0x03, 0xC0, 0x00, 0x00, 0x00, 0x3F, 0x81, 0xFE, 0x08, 0x00, 0x04, 0x0E, 0x07, 0x03,
    0x87, 0xFF, 0xFC, 0x70, 0x38, 0x3C, 0x1E, 0x0F, 0xC7, 0xF1, 0xF8, 0x00, 0x00, 0x02, 0x7F, 0x7F,
    0xC0, 0xFF, 0xFF, 0xFF, 0xFF, 0xFE, 0x0F, 0x00, 0x78, 0x03, 0xC0, 0x1E, 0x00, 0xF0, 0x07, 0x80,
    0x3C, 0x01, 0xE0, 0x0F, 0x00, 0x78, 0x03, 0xC0, 0x1C, 0x00, 0xE0, 0x0F, 0x80, 0xFE, 0x0E, 0x38,
    0x04, 0x03, 0x80, 0x70, 0x0E, 0x07, 0xF9, 0xFF, 0x07, 0x00, 0xE0, 0x3C, 0x07, 0x80, 0xFC, 0x1F,
    0xC1, 0xF8, 0x00, 0x01, 0x80, 0x78, 0x1F, 0x07, 0xF1, 0xE7, 0x38, 0x70, 0xF8, 0xFF, 0xC7, 0xFE,
    0x1F, 0xF0, 0xFF, 0x87, 0xB8, 0x3D, 0xC1, 0xEE, 0x0F, 0x70, 0x7B, 0xC7, 0x9F, 0xFC, 0xFF, 0xE7,
    0xFF, 0x1F, 0xF0, 0x00, 0x00, 0x00, 0x00, 0x00, 0x00, 0x06, 0x60, 0x77, 0x03, 0xB8, 0x1F, 0xE0,
    0xF8, 0xFF, 0xC7, 0xFE, 0x1F, 0xF0, 0xFF, 0x87, 0xB8, 0x3D, 0xC1, 0xEE, 0x0F, 0x70, 0x7B, 0xC7,
    0x9F, 0xFC, 0xFF, 0xE7, 0xFF, 0x1F, 0xF0, 0x00, 0x00, 0x00, 0x00, 0x00, 0x06, 0x03, 0xB0, 0x3F,
    0x81, 0xFC, 0x0F, 0xE0, 0x07, 0xE0, 0x1F, 0xC0, 0x3F, 0x80, 0x6E, 0x00, 0x00, 0x00, 0x00, 0x3C,
    0x07, 0x3C, 0x1E, 0x78, 0x3C, 0xF0, 0xF0, 0xF1, 0xE1, 0xE7, 0xC3, 0xEF, 0x03, 0xDE, 0x07, 0xFC,
    0x0F, 0xF0, 0x0F, 0xE0, 0x1F, 0xC0, 0x3F, 0x00, 0x3E, 0x00, 0x1F, 0x81, 0xF8, 0x1F, 0x81, 0xB8,
    0x00, 0x00, 0x00, 0xF0, 0x77, 0x0F, 0x78, 0xE3, 0x9E, 0x3D, 0xC1, 0xFC, 0x1F, 0x80, 0xF8, 0x0F,
    0x80, 0x03, 0xC0, 0x00, 0x1E, 0x00, 0x00, 0xF0, 0x00, 0x00, 0x00, 0x00, 0x00, 0x07, 0x00, 0x0E,
    0x78, 0x01, 0xE7, 0x80, 0x1E, 0x78, 0x01, 0xE7, 0x8E, 0x3C, 0x7C, 0xF3, 0xC3, 0xDF, 0x3C, 0x3D,
    0xFB, 0xC3, 0xFF, 0xFC, 0x3F, 0xFF, 0x83, 0xFF, 0xF8, 0x1F, 0xFF, 0x81, 0xF9, 0xF8, 0x1F, 0x9F,
    0x01, 0xF1, 0xF0, 0x1E, 0x00, 0x3C, 0x00, 0x7C, 0x00, 0x00, 0x00, 0x00, 0x00, 0x0F, 0x01, 0xDC,
    0x07, 0x73, 0xBD, 0xFE, 0xE7, 0xFF, 0x8F, 0xFE, 0x3F, 0xF8, 0xFF, 0xC3, 0xFF, 0x07, 0x3C, 0x00,
    0x00, 0x00, 0x30, 0x00, 0x07, 0x00, 0x00, 0x60, 0x00, 0x0E, 0x00, 0x00, 0x00, 0x00, 0x00, 0x00,
    0x00, 0x00, 0x00, 0x00, 0x00, 0x70, 0x00, 0xEF, 0x80, 0x1E, 0x78, 0x01, 0xE7, 0x80, 0x1E, 0x78,
    0x63, 0xE7, 0xCF, 0x3C, 0x3C, 0xF3, 0xC3, 0xDF, 0xBC, 0x3D, 0xFB, 0xC3, 0xFF, 0xF8, 0x3F, 0xFF,
    0x81, 0xFF, 0xF8, 0x1F, 0x9F, 0x81, 0xF9, 0xF0, 0x1F, 0x1F, 0x00, 0x01, 0x80, 0x0E, 0x00, 0x38,
    0x00, 0xC0, 0x00, 0x00, 0x00, 0x00, 0x00, 0x00, 0x00, 0x00, 0x03, 0xC0, 0x77, 0x01, 0xDC, 0xEF,
    0x7F, 0xB9, 0xFF, 0xE3, 0xFF, 0x8F, 0xFE, 0x3F, 0xF0, 0xFF, 0xC1, 0xCF, 0x00, 0x00, 0x03, 0x9C,
    0x00, 0x3B, 0xC0, 0x03, 0xBC, 0x00, 0x7F, 0xC0, 0x00, 0x00, 0x00, 0x00, 0x00, 0x70, 0x00, 0xEF,
    0x80, 0x1E, 0x78, 0x01, 0xE7, 0x80, 0x1E, 0x78, 0x61, 0xE7, 0xCF, 0x3C, 0x3C, 0xF3, 0xC3, 0xDF,
    0xBC, 0x3D, 0xFB, 0xC3, 0xFF, 0xF8, 0x3F, 0xFF, 0x81, 0xFF, 0xF8, 0x1F, 0x9F, 0x81, 0xF9, 0xF0,
    0x1F, 0x9F, 0x00, 0x1E, 0xE0, 0x7B, 0x81, 0xEF, 0x07, 0xFC, 0x00, 0x00, 0x00, 0x00, 0x00, 0x3C,
    0x07, 0x70, 0x1D, 0xCE, 0xF7, 0xFB, 0x9F, 0xFE, 0x3F, 0xF8, 0xFF, 0xE3, 0xFF, 0x0F, 0xFC, 0x1C,
    0xF0, 0x00, 0x00, 0x07, 0x00, 0x1E, 0x00, 0xFC, 0x07, 0x78, 0x10, 0x60, 0x00, 0x07, 0xFF, 0xCF,
    0xFF, 0x3F, 0xFC, 0x7F, 0xE0, 0x3F, 0x01, 0xF8, 0x0F, 0xE0, 0x7F, 0x03, 0xF8, 0x1F, 0xC0, 0xFF,
    0xF3, 0xFF, 0xEF, 0xFF, 0xBF, 0xFE, 0x0E, 0x03, 0xE0, 0xFE, 0x3D, 0xE2, 0x0C, 0x00, 0x00, 0x01,
    0xFE, 0x3F, 0xC0, 0xF8, 0x3E, 0x0F, 0x83, 0xC0, 0xFF, 0x3F, 0xF7, 0xFE, 0x7F, 0xFC, 0xFF, 0xF3,
    0xFF, 0xC7, 0xFE, 0x03, 0xF0, 0x1F, 0x80, 0xFE, 0x07, 0xF0, 0x3F, 0x81, 0xFC, 0x0F, 0xFF, 0x3F,
    0xFE, 0xFF, 0xFB, 0xFF, 0xE0, 0x00, 0x00, 0x00, 0x00, 0x00, 0x1E, 0x00, 0x78, 0x01, 0xE0, 0x07,
    0x80, 0x3F, 0xC7, 0xF8, 0x1F, 0x07, 0xC1, 0xF0, 0x78, 0x1F, 0xE7, 0xFE, 0xFF, 0xC0, 0x00, 0x00,
    0x00, 0x00, 0xE0, 0x1C, 0x07, 0x80, 0xF8, 0x07, 0xC0, 0x01, 0xF0, 0x3F, 0xC0, 0x0F, 0xF0, 0xFF,
    0x80, 0x3F, 0xE1, 0xF6, 0x00, 0x79, 0x83, 0x80, 0x00, 0xE0, 0x07, 0x80, 0x01, 0xC0, 0x0F, 0xE0,
    0x03, 0xF8, 0x1F, 0xF0, 0x07, 0xFC, 0x0F, 0xF0, 0x07, 0xFC, 0x07, 0xF0, 0x01, 0xFC, 0x01, 0xE0,
    0x00, 0x79, 0xE3, 0xC0, 0x78, 0xF7, 0xFF, 0x81, 0xFF, 0xEF, 0xFE, 0x07, 0xFF, 0x9F, 0xF8, 0x07,
    0xFE, 0x00, 0x00, 0x00, 0x00, 0x07, 0x80, 0x1E, 0x00, 0x7C, 0x03, 0xF0, 0x0F, 0xC0, 0x7F, 0x81,
    0xCE, 0x07, 0x3C, 0x3C, 0xF0, 0xFF, 0xC7, 0xFF, 0x9F, 0xFE, 0x78, 0x7F, 0xC0, 0xF0, 0x00, 0x01,
    0xE0, 0x07, 0x80, 0x1E, 0x00, 0x78, 0x00, 0x00, 0x0F, 0xE7, 0xF9, 0xDE, 0xE3, 0xB8, 0x7E, 0x7F,
    0xFF, 0x7F, 0xCF, 0xF0, 0x00, 0x00, 0x1E, 0x07, 0x81, 0xE0, 0x78, 0x03, 0x80, 0x0E, 0x00, 0x18,
    0x00, 0xC0, 0x00, 0x00, 0x00, 0x00, 0x78, 0x01, 0xE0, 0x07, 0xC0, 0x3F, 0x00, 0xFC, 0x07, 0xF8,
    0x1C, 0xE0, 0x73, 0xC3, 0xCF, 0x0F, 0xFC, 0x7F, 0xF9, 0xFF, 0xE7, 0x87, 0xFC, 0x0F, 0x00, 0x03,
    0x80, 0x60, 0x38, 0x00, 0x00, 0x00, 0x00, 0xFE, 0x7F, 0x9D, 0xEE, 0x3B, 0x87, 0xE7, 0xFF, 0xF7,
    0xFC, 0xFF, 0x01, 0x80, 0x0E, 0x00, 0x38, 0x01, 0xC0, 0x00, 0x00, 0x0E, 0x00, 0x7C, 0x03, 0xF8,
    0x1E, 0xF0, 0x60, 0x80, 0x00, 0x01, 0xE0, 0x07, 0x80, 0x1F, 0x00, 0xFC, 0x03, 0xF0, 0x1F, 0xE0,
    0x73, 0x81, 0xCF, 0x0F, 0x3C, 0x3F, 0xF1, 0xFF, 0xE7, 0xFF, 0x9E, 0x1F, 0xF0, 0x3C, 0x00, 0xE0,
    0x1C, 0x17, 0x07, 0xE1, 0xF0, 0x7F, 0x1C, 0x70, 0x00, 0x00, 0x07, 0xF1, 0xFE, 0x3B, 0xCE, 0x39,
    0xC3, 0xB9, 0xF7, 0xFE, 0x7F, 0xC7, 0xF8, 0x70, 0x00, 0x3C, 0xE0, 0x1F, 0xF0, 0x03, 0xF8, 0x07,
    0xBC, 0x06, 0x08, 0x00, 0x00, 0x01, 0xE0, 0x01, 0xE0, 0x01, 0xF0, 0x03, 0xF0, 0x03, 0xF0, 0x07,
    0xF8, 0x07, 0x38, 0x07, 0x3C, 0x0F, 0x3C, 0x0F, 0xFC, 0x1F, 0xFE, 0x1F, 0xFE, 0x1E, 0x1F, 0x3C,
    0x0F, 0x78, 0x00, 0x78, 0x00, 0x78, 0x80, 0x03, 0x80, 0x0F, 0x80, 0x3F, 0x80, 0xF7, 0x80, 0x00,
    0x00, 0x00, 0x03, 0xF8, 0x0F, 0xF0, 0x1D, 0xE0, 0x71, 0xC0, 0xE1, 0xC1, 0xCF, 0x83, 0xFF, 0x03,
    0xFE, 0x03, 0xFC, 0x00, 0x00, 0x0E, 0x00, 0x18, 0x00, 0xE0, 0x00, 0x00, 0x00, 0x00, 0x38, 0x01,
    0xF0, 0x0F, 0xE0, 0x7B, 0xC1, 0x82, 0x00, 0x00, 0x07, 0x80, 0x1E, 0x00, 0x7C, 0x03, 0xF0, 0x0F,
    0xC0, 0x7F, 0x81, 0xCE, 0x07, 0x3C, 0x3C, 0xF0, 0xFF, 0xC7, 0xFF, 0x9F, 0xFE, 0x78, 0x7F, 0xC0,
    0xF0, 0x00, 0xC0, 0x1E, 0x00, 0x60, 0x0E, 0x0E, 0xC1, 0xE0, 0x3F, 0x07, 0x38, 0x60, 0x80, 0x00,
    0x3F, 0x87, 0xF8, 0x77, 0x8E, 0x38, 0xE1, 0xCE, 0x7C, 0xFF, 0xC7, 0xFC, 0x3F, 0xC0, 0x06, 0xC0,
    0x3F, 0x00, 0xFC, 0x03, 0x70, 0x00, 0x00, 0x0C, 0x00, 0x78, 0x03, 0xF0, 0x1C, 0xE0, 0x60, 0x80,
    0x78, 0x01, 0xE0, 0x07, 0xC0, 0x3F, 0x00, 0xFC, 0x07, 0xF8, 0x1C, 0xE0, 0x73, 0xC3, 0xCF, 0x0F,
    0xFC, 0x7F, 0xF9, 0xFF, 0xE7, 0x87, 0xFC, 0x0F, 0x3F, 0x0F, 0xC3, 0xF0, 0xDC, 0x00, 0x03, 0x81,
    0xE0, 0xFC, 0x73, 0x80, 0x03, 0xF9, 0xFE, 0x77, 0xB8, 0xEE, 0x1F, 0x9F, 0xFF, 0xDF, 0xF3, 0xFC,
    0x03, 0x80, 0x1F, 0x00, 0xFE, 0x07, 0xBC, 0x18, 0x20, 0x00, 0x00, 0x78, 0x01, 0xE0, 0x07, 0xC0,
    0x3F, 0x00, 0xFC, 0x07, 0xF8, 0x1C, 0xE0, 0x73, 0xC3, 0xCF, 0x0F, 0xFC, 0x7F, 0xF9, 0xFF, 0xE7,
    0x87, 0xFC, 0x0F, 0x00, 0x00, 0x1E, 0x00, 0x78, 0x01, 0xE0, 0x07, 0x80, 0x04, 0x03, 0x81, 0xF0,
    0xFE, 0x7B, 0xC0, 0x00, 0x00, 0xFE, 0x7F, 0x9D, 0xEE, 0x3B, 0x87, 0xE7, 0xFF, 0xF7, 0xFC, 0xFF,
    0x00, 0x00, 0x01, 0xE0, 0x78, 0x1E, 0x07, 0x80, 0x01, 0x80, 0x0E, 0x00, 0x30, 0x01, 0xC0, 0x00,
    0x00, 0x71, 0x81, 0xFE, 0x07, 0xF8, 0x0F, 0xC0, 0x00, 0x00, 0x00, 0x01, 0xE0, 0x07, 0x80, 0x1F,
    0x00, 0xFC, 0x03, 0xF0, 0x1F, 0xE0, 0x73, 0x81, 0xCF, 0x0F, 0x3C, 0x3F, 0xF1, 0xFF, 0xE7, 0xFF,
    0x9E, 0x1F, 0xF0, 0x3C, 0x06, 0x03, 0x80, 0xC0, 0x70, 0x00, 0x00, 0x07, 0xB9, 0xFE, 0x3F, 0x03,
    0x00, 0x00, 0x00, 0x3F, 0x9F, 0xE7, 0x7B, 0x8E, 0xE1, 0xF9, 0xFF, 0xFD, 0xFF, 0x3F, 0xC0, 0x0E,
    0x00, 0x1E, 0x00, 0x3C, 0x00, 0x00, 0x00, 0x00, 0x71, 0x81, 0xFE, 0x07, 0xF8, 0x0F, 0xC0, 0x00,
    0x00, 0x00, 0x01, 0xE0, 0x07, 0x80, 0x1F, 0x00, 0xFC, 0x03, 0xF0, 0x1F, 0xE0, 0x73, 0x81, 0xCF,
    0x0F, 0x3C, 0x3F, 0xF1, 0xFF, 0xE7, 0xFF, 0x9E, 0x1F, 0xF0, 0x3C, 0x38, 0x07, 0x80, 0xF0, 0x00,
    0x00, 0x00, 0x07, 0xB9, 0xFE, 0x3F, 0x03, 0x00, 0x00, 0x00, 0x3F, 0x9F, 0xE7, 0x7B, 0x8E, 0xE1,
    0xF9, 0xFF, 0xFD, 0xFF, 0x3F, 0xC0, 0x03, 0x80, 0x0E, 0x00, 0x18, 0x00, 0xC0, 0x00, 0x00, 0x00,
    0x01, 0xC6, 0x07, 0xF8, 0x1F, 0xE0, 0x3F, 0x00, 0x00, 0x00, 0x00, 0x07, 0x80, 0x1E, 0x00, 0x7C,
    0x03, 0xF0, 0x0F, 0xC0, 0x7F, 0x81, 0xCE, 0x07, 0x3C, 0x3C, 0xF0, 0xFF, 0xC7, 0xFF, 0x9F, 0xFE,
    0x78, 0x7F, 0xC0, 0xF0, 0x00, 0x03, 0x80, 0xF0, 0x1C, 0x0E, 0x03, 0x00, 0x00, 0x00, 0x71, 0x9F,
    0xE7, 0xF8, 0xFC, 0x00, 0x00, 0x03, 0xF9, 0xFE, 0x77, 0xB8, 0xEE, 0x1F, 0x9F, 0xFF, 0xDF, 0xF3,
    0xFC, 0x06, 0xC0, 0x3F, 0x00, 0xFC, 0x03, 0x70, 0x00, 0x00, 0x00, 0x01, 0xC6, 0x07, 0xF8, 0x1F,
    0xE0, 0x3F, 0x00, 0x00, 0x00, 0x00, 0x07, 0x80, 0x1E, 0x00, 0x7C, 0x03, 0xF0, 0x0F, 0xC0, 0x7F,
    0x81, 0xCE, 0x07, 0x3C, 0x3C, 0xF0, 0xFF, 0xC7, 0xFF, 0x9F, 0xFE, 0x78, 0x7F, 0xC0, 0xF0, 0x3F,
    0x0F, 0xC3, 0x70, 0x00, 0x00, 0x00, 0x07, 0xB9, 0xFE, 0x3F, 0x03, 0x00, 0x00, 0x00, 0x3F, 0x9F,
    0xE7, 0x7B, 0x8E, 0xE1, 0xF9, 0xFF, 0xFD, 0xFF, 0x3F, 0xC0, 0x1C, 0x60, 0x7F, 0x81, 0xFE, 0x03,
    0xF0, 0x00, 0x00, 0x00, 0x00, 0x78, 0x01, 0xE0, 0x07, 0xC0, 0x3F, 0x00, 0xFC, 0x07, 0xF8, 0x1C,
    0xE0, 0x73, 0xC3, 0xCF, 0x0F, 0xFC, 0x7F, 0xF9, 0xFF, 0xE7, 0x87, 0xFC, 0x0F, 0x00, 0x00, 0x1E,
    0x00, 0x78, 0x01, 0xE0, 0x07, 0x80, 0x00, 0x1E, 0xE7, 0xF8, 0xFC, 0x0C, 0x00, 0x00, 0x00, 0xFE,
    0x7F, 0x9D, 0xEE, 0x3B, 0x87, 0xE7, 0xFF, 0xF7, 0xFC, 0xFF, 0x00, 0x00, 0x01, 0xE0, 0x78, 0x1E,
    0x07, 0x80, 0x7F, 0xEF, 0xF9, 0xFF, 0x38, 0x07, 0x00, 0xFF, 0x1F, 0xE3, 0xFC, 0x70, 0x1E, 0x03,
    0xFF, 0x7F, 0xEF, 0xFF, 0xFF, 0xC0, 0x00, 0x00, 0x00, 0x01, 0xC0, 0x3C, 0x07, 0x80, 0xF0, 0x1F,
    0x1F, 0xE7, 0xFF, 0xFF, 0xFF, 0xFC, 0x17, 0xFD, 0xFF, 0x3F, 0x80, 0x00, 0x00, 0x00, 0x0E, 0x03,
    0xC0, 0xF0, 0x3C, 0x00, 0x01, 0xE0, 0x0C, 0x03, 0x00, 0x00, 0x00, 0x00, 0x03, 0xFF, 0x7F, 0xCF,
    0xF9, 0xC0, 0x38, 0x07, 0xF8, 0xFF, 0x1F, 0xE3, 0x80, 0xF0, 0x1F, 0xFB, 0xFF, 0x7F, 0xFF, 0xFE,
    0x0E, 0x01, 0x80, 0xE0, 0x10, 0x00, 0x00, 0x00, 0x00, 0x00, 0x1F, 0x1F, 0xE7, 0xFF, 0xFF, 0xFF,
    0xFC, 0x17, 0xFD, 0xFF, 0x3F, 0x80, 0x1D, 0x83, 0xF0, 0xFE, 0x1F, 0x80, 0x00, 0x00, 0x00, 0x03,
    0xFF, 0x7F, 0xCF, 0xF9, 0xC0, 0x38, 0x07, 0xF8, 0xFF, 0x1F, 0xE3, 0x80, 0xF0, 0x1F, 0xFB, 0xFF,
    0x7F, 0xFF, 0xFE, 0x3F, 0x8F, 0xE3, 0xF0, 0xDC, 0x00, 0x00, 0x00, 0x00, 0x00, 0x1F, 0x1F, 0xE7,
    0xFF, 0xFF, 0xFF, 0xFC, 0x17, 0xFD, 0xFF, 0x3F, 0x80, 0x00, 0x00, 0x38, 0x00, 0xF1, 0x87, 0xEE,
    0x39, 0xF8, 0x01, 0xC0, 0x00, 0x1F, 0xF8, 0x7F, 0xC1, 0xFF, 0x07, 0x00, 0x1C, 0x00, 0x7F, 0x81,
    0xFE, 0x07, 0xF8, 0x1C, 0x00, 0xF0, 0x03, 0xFF, 0x0F, 0xFC, 0x3F, 0xF8, 0xFF, 0xE0, 0x0E, 0x18,
    0xF9, 0xCF, 0xEE, 0xF7, 0xE2, 0x0C, 0x00, 0x00, 0x00, 0x00, 0x00, 0x1F, 0x03, 0xFC, 0x1F, 0xF1,
    0xFF, 0x8F, 0xFC, 0x78, 0x21, 0xFF, 0x0F, 0xF8, 0x3F, 0x80, 0xF0, 0x01, 0xE0, 0x03, 0xDC, 0x00,
    0xF8, 0x03, 0xF0, 0x1C, 0xE0, 0x00, 0x00, 0x00, 0x0F, 0xFC, 0x3F, 0xE0, 0xFF, 0x83, 0x80, 0x0E,
    0x00, 0x3F, 0xC0, 0xFF, 0x03, 0xFC, 0x0E, 0x00, 0x78, 0x01, 0xFF, 0x87, 0xFE, 0x1F, 0xFC, 0x7F,
    0xF0, 0xF0, 0x03, 0xC0, 0x0F, 0xF0, 0x07, 0xC0, 0x7F, 0x07, 0xBC, 0x10, 0x60, 0x00, 0x00, 0x00,
    0x00, 0x00, 0xF8, 0x1F, 0xE0, 0xFF, 0x8F, 0xFC, 0x7F, 0xE3, 0xC1, 0x0F, 0xF8, 0x7F, 0xC1, 0xFC,
    0x00, 0xE0, 0x1C, 0x01, 0x87, 0x60, 0xF0, 0x3F, 0x0E, 0x70, 0x00, 0x00, 0x0F, 0xFD, 0xFF, 0x3F,
    0xE7, 0x00, 0xE0, 0x1F, 0xE3, 0xFC, 0x7F, 0x8E, 0x03, 0xC0, 0x7F, 0xEF, 0xFD, 0xFF, 0xFF, 0xF8,
    0x01, 0xE0, 0x0E, 0x00, 0x60, 0xEC, 0x1E, 0x03, 0xF0, 0x7B, 0xC6, 0x08, 0x00, 0x00, 0x00, 0x00,
    0x01, 0xF0, 0x7F, 0x87, 0xFC, 0xFF, 0xCF, 0xFC, 0xF0, 0x47, 0xFC, 0x7F, 0xC3, 0xF8, 0x1D, 0x87,
    0xF0, 0xFE, 0x1F, 0x80, 0x40, 0x1C, 0x07, 0xC1, 0xFC, 0x7B, 0xC0, 0x01, 0xFF, 0xBF, 0xE7, 0xFC,
    0xE0, 0x1C, 0x03, 0xFC, 0x7F, 0x8F, 0xF1, 0xC0, 0x78, 0x0F, 0xFD, 0xFF, 0xBF, 0xFF, 0xFF, 0x1B,
    0x0F, 0xC3, 0x70, 0x00, 0x0E, 0x07, 0xC3, 0xF9, 0xEF, 0x20, 0xC0, 0x00, 0x00, 0x00, 0x1F, 0x1F,
    0xE7, 0xFF, 0xFF, 0xFF, 0xFC, 0x17, 0xFD, 0xFF, 0x3F, 0x80, 0x00, 0x01, 0xC0, 0x3C, 0x0F, 0xC3,
    0x9C, 0x00, 0x00, 0x03, 0xFF, 0x7F, 0xCF, 0xF9, 0xC0, 0x38, 0x07, 0xF8, 0xFF, 0x1F, 0xE3, 0x80,
    0xF0, 0x1F, 0xFB, 0xFF, 0x7F, 0xFF, 0xFE, 0x00, 0x00, 0x00, 0x00, 0x0E, 0x01, 0xE0, 0x3C, 0x07,
    0x80, 0x0E, 0x07, 0xC3, 0xF9, 0xEF, 0x20, 0xC0, 0x00, 0x00, 0x00, 0x1F, 0x1F, 0xE7, 0xFF, 0xFF,
    0xFF, 0xFC, 0x17, 0xFD, 0xFF, 0x3F, 0x80, 0x00, 0x00, 0x00, 0x0E, 0x03, 0xC0, 0xF0, 0x3C, 0x03,
    0x8C, 0x62, 0x00, 0x00, 0xF3, 0x9C, 0xE7, 0x39, 0xCE, 0x73, 0x9C, 0xFF, 0xFC, 0x07, 0x37, 0x00,
    0x6E, 0xEE, 0xEE, 0xFF, 0xFF, 0xF3, 0x9C, 0xE7, 0x39, 0xCE, 0x73, 0x9C, 0xFF, 0xFC, 0x00, 0x03,
    0x9C, 0xEF, 0x80, 0xFF, 0xFF, 0x00, 0xEE, 0xEE, 0xEF, 0xFF, 0xF0, 0x00, 0xFF, 0xFF, 0x0F, 0xE0,
    0x3F, 0xE0, 0xFF, 0xE3, 0xC1, 0xE7, 0x83, 0xCE, 0x03, 0xBC, 0x07, 0xF8, 0x0F, 0xF0, 0x1C, 0xFF,
    0xF9, 0xFF, 0xF3, 0xFF, 0xE3, 0xFF, 0x83, 0xFE, 0x00, 0x00, 0x00, 0x00, 0x00, 0x00, 0x00, 0x00,
    0x0E, 0x00, 0x1C, 0x00, 0x78, 0x00, 0xF0, 0x00, 0x3F, 0x1F, 0xE7, 0xBF, 0xC7, 0xE1, 0xFF, 0xF7,
    0xFD, 0xFE, 0x3F, 0x00, 0x00, 0x00, 0x00, 0x0E, 0x03, 0x81, 0xE0, 0x78, 0x03, 0x80, 0x03, 0x80,
    0x06, 0x00, 0x08, 0x00, 0x00, 0x00, 0x00, 0x03, 0xF8, 0x0F, 0xF8, 0x3F, 0xF8, 0xF0, 0x79, 0xE0,
    0xF3, 0x80, 0xEF, 0x01, 0xFE, 0x03, 0xFC, 0x07, 0x3F, 0xFE, 0x7F, 0xFC, 0xFF, 0xF8, 0xFF, 0xE0,
    0xFF, 0x80, 0x00, 0x00, 0x0E, 0x03, 0x80, 0xE0, 0x30, 0x00, 0x00, 0x03, 0xF1, 0xFE, 0x7B, 0xFC,
    0x7E, 0x1F, 0xFF, 0x7F, 0xDF, 0xE3, 0xF0, 0x03, 0x80, 0x07, 0x8C, 0x1F, 0xB8, 0x77, 0xF0, 0x83,
    0xC0, 0x03, 0x83, 0xF8, 0x0F, 0xF8, 0x3F, 0xF8, 0xF0, 0x79, 0xE0, 0xF3, 0x80, 0xEF, 0x01, 0xFE,
    0x03, 0xFC, 0x07, 0x3F, 0xFE, 0x7F, 0xFC, 0xFF, 0xF8, 0xFF, 0xE0, 0xFF, 0x80, 0x00, 0x00, 0x00,
    0x30, 0x73, 0x87, 0xDC, 0x7F, 0xC7, 0xBC, 0x30, 0x60, 0x00, 0x07, 0xE0, 0x7F, 0x83, 0xDE, 0x3C,
    0x71, 0xC3, 0x8F, 0xFC, 0x3F, 0xE1, 0xFE, 0x07, 0xE0, 0x78, 0x00, 0x1E, 0x70, 0x07, 0xFC, 0x00,
    0x3F, 0x00, 0x3B, 0xC0, 0x10, 0x60, 0x00, 0x00, 0x07, 0xF0, 0x07, 0xFC, 0x07, 0xFF, 0x07, 0x83,
    0xC3, 0xC1, 0xE1, 0xC0, 0x71, 0xE0, 0x3C, 0xF0, 0x1E, 0x78, 0x0E, 0x1F, 0xFF, 0x0F, 0xFF, 0x87,
    0xFF, 0xC1, 0xFF, 0xC0, 0x7F, 0xC0, 0x00, 0x00, 0xF0, 0x03, 0xC0, 0x0F, 0xF0, 0x07, 0xC0, 0x7F,
    0x07, 0xBC, 0x30, 0x60, 0x00, 0x07, 0xE0, 0x7F, 0x83, 0xDE, 0x3C, 0x71, 0xC3, 0x8F, 0xFC, 0x3F,
    0xE1, 0xFE, 0x07, 0xE0, 0x03, 0x80, 0x03, 0x80, 0x0E, 0x00, 0x1E, 0x00, 0x7E, 0x01, 0xDE, 0x07,
    0x0C, 0x00, 0x00, 0x0F, 0xE0, 0x3F, 0xE0, 0xFF, 0xE3, 0xC1, 0xE7, 0x83, 0xCE, 0x03, 0xBC, 0x07,
    0xF8, 0x0F, 0xF0, 0x1C, 0xFF, 0xF9, 0xFF, 0xF3, 0xFF, 0xE3, 0xFF, 0x83, 0xFE, 0x00, 0x00, 0x00,
    0x01, 0xE0, 0x1E, 0x00, 0x60, 0x4E, 0x0E, 0xC1, 0xF0, 0x3F, 0x87, 0x3C, 0x00, 0x03, 0xF0, 0x7F,
    0x87, 0xBC, 0xF1, 0xCE, 0x1C, 0xFF, 0xC7, 0xFC, 0x7F, 0x83, 0xF0, 0x06, 0x60, 0x1F, 0xC0, 0x3F,
    0x80, 0x6E, 0x00, 0x00, 0x00, 0x70, 0x01, 0xF0, 0x07, 0xF0, 0x1E, 0xF0, 0x30, 0x40, 0x3F, 0x80,
    0xFF, 0x83, 0xFF, 0x8F, 0x07, 0x9E, 0x0F, 0x38, 0x0E, 0xF0, 0x1F, 0xE0, 0x3F, 0xC0, 0x73, 0xFF,
    0xE7, 0xFF, 0xCF, 0xFF, 0x8F, 0xFE, 0x0F, 0xF8, 0x00, 0x00, 0x1B, 0x0F, 0xE3, 0xF0, 0xDC, 0x00,
    0x03, 0x01, 0xE0, 0xFC, 0x73, 0x98, 0x23, 0xF1, 0xFE, 0x7B, 0xFC, 0x7E, 0x1F, 0xFF, 0x7F, 0xDF,
    0xE3, 0xF0, 0x03, 0x80, 0x07, 0x80, 0x1F, 0x80, 0x77, 0x80, 0x83, 0x00, 0x00, 0x03, 0xF8, 0x0F,
    0xF8, 0x3F, 0xF8, 0xF0, 0x79, 0xE0, 0xF3, 0x80, 0xEF, 0x01, 0xFE, 0x03, 0xFC, 0x07, 0x3F, 0xFE,
    0x7F, 0xFC, 0xFF, 0xF8, 0xFF, 0xE0, 0xFF, 0x80, 0x00, 0x00, 0x00, 0x00, 0x00, 0x00, 0x00, 0x03,
    0x80, 0x07, 0x00, 0x1E, 0x00, 0x3C, 0x00, 0x0E, 0x07, 0xC3, 0xF9, 0xEF, 0x60, 0xC0, 0x03, 0xF1,
    0xFE, 0x7B, 0xFC, 0x7E, 0x1F, 0xFF, 0x7F, 0xDF, 0xE3, 0xF0, 0x00, 0x00, 0x00, 0x01, 0xC0, 0x78,
    0x1E, 0x07, 0x80, 0x01, 0xC0, 0x01, 0xC0, 0x03, 0x80, 0x03, 0x80, 0x00, 0x06, 0x00, 0x06, 0x0F,
    0xE6, 0x1F, 0xFE, 0x3F, 0xFE, 0x78, 0x3C, 0x78, 0x3C, 0x70, 0x1C, 0xF0, 0x1E, 0xF0, 0x1E, 0xF0,
    0x1C, 0x7F, 0xFC, 0x7F, 0xFC, 0x7F, 0xFC, 0x3F, 0xF8, 0x1F, 0xF0, 0x00, 0x00, 0x06, 0x00, 0xE0,
    0x0E, 0x01, 0xC0, 0x00, 0x00, 0x06, 0x3F, 0x67, 0xFE, 0x7B, 0xEF, 0x1C, 0xE1, 0xCF, 0xFC, 0x7F,
    0xC7, 0xF8, 0x3F, 0x00, 0x0F, 0x00, 0x07, 0x80, 0x03, 0xE0, 0x00, 0x00, 0x00, 0x06, 0x00, 0x06,
    0x0F, 0xE6, 0x1F, 0xFE, 0x3F, 0xFE, 0x78, 0x3C, 0x78, 0x3C, 0x70, 0x1C, 0xF0, 0x1E, 0xF0, 0x1E,
    0xF0, 0x1C, 0x7F, 0xFC, 0x7F, 0xFC, 0x7F, 0xFC, 0x3F, 0xF8, 0x1F, 0xF0, 0x00, 0x00, 0x38, 0x01,
    0xE0, 0x0F, 0x00, 0x00, 0x00, 0x40, 0x06, 0x3F, 0x67, 0xFE, 0x7B, 0xEF, 0x1C, 0xE1, 0xCF, 0xFC,
    0x7F, 0xC7, 0xF8, 0x3F, 0x00, 0x01, 0xC0, 0x01, 0xC0, 0x01, 0xC0, 0x01, 0x00, 0x00, 0x06, 0x00,
    0x06, 0x0F, 0xE6, 0x1F, 0xFE, 0x3F, 0xFE, 0x78, 0x3C, 0x78, 0x3C, 0x70, 0x1C, 0xF0, 0x1E, 0xF0,
    0x1E, 0xF0, 0x1C, 0x7F, 0xFC, 0x7F, 0xFC, 0x7F, 0xFC, 0x3F, 0xF8, 0x1F, 0xF0, 0x00, 0x00, 0x0E,
    0x00, 0xE0, 0x0E, 0x00, 0xC0, 0x00, 0x00, 0x06, 0x3F, 0x67, 0xFE, 0x7B, 0xEF, 0x1C, 0xE1, 0xCF,
    0xFC, 0x7F, 0xC7, 0xF8, 0x3F, 0x00, 0x07, 0x60, 0x07, 0xE0, 0x0F, 0xE0, 0x06, 0xC0, 0x00, 0x06,
    0x00, 0x06, 0x0F, 0xE6, 0x1F, 0xFE, 0x3F, 0xFE, 0x78, 0x3C, 0x78, 0x3C, 0x70, 0x1C, 0xF0, 0x1E,
    0xF0, 0x1E, 0xF0, 0x1C, 0x7F, 0xFC, 0x7F, 0xFC, 0x7F, 0xFC, 0x3F, 0xF8, 0x1F, 0xF0, 0x00, 0x00,
    0x1B, 0x03, 0xF0, 0x3F, 0x03, 0x70, 0x00, 0x00, 0x06, 0x00, 0x63, 0xF6, 0x7F, 0xE7, 0xBE, 0xF1,
    0xCE, 0x1C, 0xFF, 0xC7, 0xFC, 0x7F, 0x83, 0xF0, 0x00, 0x06, 0x00, 0x06, 0x0F, 0xE6, 0x1F, 0xFE,
    0x3F, 0xFE, 0x78, 0x3C, 0x78, 0x3C, 0x70, 0x1C, 0xF0, 0x1E, 0xF0, 0x1E, 0xF0, 0x1C, 0x7F, 0xFC,
    0x7F, 0xFC, 0x7F, 0xFC, 0x3F, 0xF8, 0x1F, 0xF0, 0x00, 0x00, 0x00, 0x00, 0x00, 0x00, 0x00, 0x00,
    0x03, 0x80, 0x03, 0x80, 0x07, 0x80, 0x07, 0x80, 0x00, 0x00, 0x06, 0x3F, 0x67, 0xFE, 0x7B, 0xEF,
    0x1C, 0xE1, 0xCF, 0xFC, 0x7F, 0xC7, 0xF8, 0x3F, 0x00, 0x00, 0x00, 0x00, 0x00, 0x0E, 0x00, 0xE0,
    0x1E, 0x01, 0xE0, 0xF8, 0xFF, 0xC7, 0xFE, 0x1F, 0xF0, 0xFF, 0x87, 0xB8, 0x3D, 0xC1, 0xEE, 0x0F,
    0x70, 0x7B, 0xC7, 0x9F, 0xFC, 0xFF, 0xE7, 0xFF, 0x1F, 0xF0, 0x00, 0x00, 0x00, 0x00, 0x00, 0x00,
    0x01, 0xC0, 0x0E, 0x00, 0xF8, 0x07, 0xC0, 0xE1, 0xF8, 0x7E, 0x1F, 0x8F, 0xF3, 0xDC, 0xF7, 0xFD,
    0xFF, 0x3F, 0xC0, 0x00, 0x00, 0x00, 0x00, 0x07, 0x81, 0xE0, 0x78, 0x1E, 0x00, 0x07, 0x00, 0x1C,
    0x00, 0xC0, 0x04, 0x00, 0x00, 0x00, 0x00, 0x00, 0x1F, 0x1F, 0xF8, 0xFF, 0xC3, 0xFE, 0x1F, 0xF0,
    0xF7, 0x07, 0xB8, 0x3D, 0xC1, 0xEE, 0x0F, 0x78, 0xF3, 0xFF, 0x9F, 0xFC, 0xFF, 0xE3, 0xFE, 0x00,
    0x00, 0x0E, 0x03, 0x80, 0xE0, 0x10, 0x00, 0x00, 0x0E, 0x1F, 0x87, 0xE1, 0xF8, 0xFF, 0x3D, 0xCF,
    0x7F, 0xDF, 0xF3, 0xFC, 0x03, 0x80, 0x06, 0x00, 0x1C, 0x00, 0x38, 0x00, 0x00, 0xC0, 0x01, 0x80,
    0x07, 0x7C, 0x7E, 0xF8, 0xF9, 0xF0, 0xF3, 0xE1, 0xE7, 0xC3, 0xC7, 0x07, 0x8E, 0x0F, 0x1C, 0x1E,
    0x38, 0x3C, 0x78, 0xF0, 0xFF, 0xE1, 0xFF, 0xC3, 0xFF, 0x83, 0xFE, 0x00, 0x00, 0x00, 0x06, 0x00,
    0xE0, 0x0E, 0x01, 0xC6, 0x00, 0x70, 0x07, 0xE1, 0xEE, 0x1E, 0xE1, 0xCE, 0x3C, 0xF3, 0xC7, 0x3C,
    0x7F, 0xC7, 0xFC, 0x3F, 0xC0, 0x1E, 0x00, 0x1E, 0x00, 0x1E, 0x00, 0x00, 0x00, 0x00, 0xC0, 0x01,
    0x80, 0x07, 0x7C, 0x7E, 0xF8, 0xF9, 0xF0, 0xF3, 0xE1, 0xE7, 0xC3, 0xC7, 0x07, 0x8E, 0x0F, 0x1C,
    0x1E, 0x38, 0x3C, 0x78, 0xF0, 0xFF, 0xE1, 0xFF, 0xC3, 0xFF, 0x83, 0xFE, 0x00, 0x00, 0x00, 0x38,
    0x01, 0xE0, 0x0F, 0x00, 0x07, 0x00, 0x70, 0x07, 0xE1, 0xEE, 0x1E, 0xE1, 0xCE, 0x3C, 0xF3, 0xC7,
    0x3C, 0x7F, 0xC7, 0xFC, 0x3F, 0xC0, 0x07, 0x00, 0x07, 0x00, 0x0C, 0x00, 0x10, 0x00, 0x00, 0xC0,
    0x01, 0x80, 0x07, 0x7C, 0x7E, 0xF8, 0xF9, 0xF0, 0xF3, 0xE1, 0xE7, 0xC3, 0xC7, 0x07, 0x8E, 0x0F,
    0x1C, 0x1E, 0x38, 0x3C, 0x78, 0xF0, 0xFF, 0xE1, 0xFF, 0xC3, 0xFF, 0x83, 0xFE, 0x00, 0x00, 0x00,
    0x0E, 0x00, 0xE0, 0x0E, 0x00, 0x46, 0x00, 0x70, 0x07, 0xE1, 0xEE, 0x1E, 0xE1, 0xCE, 0x3C, 0xF3,
    0xC7, 0x3C, 0x7F, 0xC7, 0xFC, 0x3F, 0xC0, 0x0E, 0xC0, 0x3F, 0x80, 0x7F, 0x00, 0xFC, 0x00, 0x00,
    0xC0, 0x01, 0x80, 0x07, 0x7C, 0x7E, 0xF8, 0xF9, 0xF0, 0xF3, 0xE1, 0xE7, 0xC3, 0xC7, 0x07, 0x8E,
    0x0F, 0x1C, 0x1E, 0x38, 0x3C, 0x78, 0xF0, 0xFF, 0xE1, 0xFF, 0xC3, 0xFF, 0x83, 0xFE, 0x00, 0x00,
    0x00, 0x3F, 0x03, 0xF0, 0x37, 0x00, 0x06, 0x00, 0x70, 0x07, 0xE1, 0xEE, 0x1E, 0xE1, 0xCE, 0x3C,
    0xF3, 0xC7, 0x3C, 0x7F, 0xC7, 0xFC, 0x3F, 0xC0, 0x00, 0x0C, 0x00, 0x18, 0x00, 0x77, 0xC7, 0xEF,
    0x8F, 0x9F, 0x0F, 0x3E, 0x1E, 0x7C, 0x3C, 0x70, 0x78, 0xE0, 0xF1, 0xC1, 0xE3, 0x83, 0xC7, 0x8F,
    0x0F, 0xFE, 0x1F, 0xFC, 0x3F, 0xF8, 0x3F, 0xE0, 0x00, 0x00, 0x00, 0x00, 0x00, 0x00, 0x00, 0x00,
    0xE0, 0x01, 0xC0, 0x07, 0xC0, 0x0F, 0x80, 0x00, 0x60, 0x07, 0x00, 0x7E, 0x1E, 0xE1, 0xEE, 0x1C,
    0xE3, 0xCF, 0x3C, 0x73, 0xC7, 0xFC, 0x7F, 0xC3, 0xFC, 0x00, 0x00, 0x00, 0x00, 0x00, 0x00, 0x1E,
    0x01, 0xE0, 0x1E, 0x01, 0xE0, 0x1E, 0x00, 0x3C, 0x00, 0x78, 0x00, 0x00, 0x00, 0x00, 0x00, 0x00,
    0x00, 0x1C, 0x0E, 0x78, 0x79, 0xE1, 0xC3, 0xCF, 0x0F, 0x78, 0x1F, 0xE0, 0x7F, 0x80, 0xFC, 0x03,
    0xF0, 0x07, 0x80, 0x1E, 0x00, 0x78, 0x01, 0xE0, 0x07, 0x80, 0x3C, 0x03, 0xC0, 0x3E, 0x00, 0x00,
    0x00, 0x00, 0x00, 0x07, 0x87, 0x71, 0xEF, 0x38, 0xF7, 0x1F, 0xE1, 0xF8, 0x3F, 0x03, 0xE0, 0x78,
    0x07, 0x03, 0xE1, 0xF8, 0x3F, 0x07, 0xC0, 0x70, 0x39, 0xE1, 0xE7, 0x87, 0x0F, 0x3C, 0x3D, 0xE0,
    0x7F, 0x81, 0xFE, 0x03, 0xF0, 0x0F, 0xC0, 0x1E, 0x00, 0x78, 0x01, 0xE0, 0x07, 0x80, 0x1E, 0x00,
    0x00, 0x00, 0x00, 0x00, 0x00, 0x00, 0x00, 0x00, 0x01, 0xE0, 0x07, 0x80, 0x1E, 0x00, 0x78, 0x00,
    0xF0, 0xE3, 0x8F, 0x1E, 0x70, 0x7B, 0x83, 0xFC, 0x0F, 0xC0, 0x7E, 0x01, 0xF0, 0x0F, 0x00, 0x38,
    0x07, 0xC0, 0xFC, 0x07, 0xE7, 0x3E, 0x78, 0x03, 0xC0, 0x1E, 0x00, 0x00, 0x0E, 0x00, 0x18, 0x00,
    0xC0, 0x02, 0x00, 0x00, 0x00, 0x00, 0x00, 0x00, 0x00, 0x01, 0xC0, 0xE7, 0x87, 0x9E, 0x1C, 0x3C,
    0xF0, 0xF7, 0x81, 0xFE, 0x07, 0xF8, 0x0F, 0xC0, 0x3F, 0x00, 0x78, 0x01, 0xE0, 0x07, 0x80, 0x1E,
    0x00, 0x78, 0x00, 0x00, 0x00, 0xE0, 0x0C, 0x03, 0x80, 0x00, 0x00, 0x00, 0x00, 0x00, 0x00, 0x1E,
    0x1D, 0xC7, 0xBC, 0xE3, 0xDC, 0x7F, 0x87, 0xE0, 0xFC, 0x0F, 0x81, 0xE0, 0x1C, 0x0F, 0x87, 0xE0,
    0xFC, 0x1F, 0x00, 0x0E, 0xC0, 0x3F, 0x00, 0xFC, 0x07, 0xF0, 0x00, 0x00, 0x00, 0x00, 0x00, 0x00,
    0x00, 0x00, 0x01, 0xC0, 0xE7, 0x87, 0x9E, 0x1C, 0x3C, 0xF0, 0xF7, 0x81, 0xFE, 0x07, 0xF8, 0x0F,
    0xC0, 0x3F, 0x00, 0x78, 0x01, 0xE0, 0x07, 0x80, 0x1E, 0x00, 0x78, 0x00, 0x1F, 0x83, 0xF0, 0x6E,
    0x00, 0x00, 0x00, 0x00, 0x00, 0x00, 0x00, 0xF0, 0xEE, 0x3D, 0xE7, 0x1E, 0xE3, 0xFC, 0x3F, 0x07,
    0xE0, 0x7C, 0x0F, 0x00, 0xE0, 0x7C, 0x3F, 0x07, 0xE0, 0xF8, 0x00, 0xFF, 0xFF, 0xC0, 0xFF, 0xFF,
    0xC0, 0xFF, 0xFF, 0xFF, 0xC0, 0x00, 0x03, 0xFF, 0xDF, 0xFE, 0xFF, 0xE0, 0x00, 0x00, 0x1F, 0xFF,
    0xF7, 0xFF, 0xFD, 0xFF, 0xFF, 0x00, 0x00, 0x1F, 0xFF, 0xF7, 0xFF, 0xFD, 0xFF, 0xFF, 0x00, 0xE7,
    0xE7, 0xE7, 0xE7, 0xE7, 0xE7, 0xE7, 0xE6, 0xE6, 0xE6, 0xE6, 0xE6, 0xE6, 0xCE, 0xCE, 0x7F, 0xFE,
    0xFF, 0xFC, 0x00, 0x00, 0x00, 0x07, 0xFF, 0xEF, 0xFF, 0xC0, 0xF3, 0xCF, 0x1E, 0x79, 0xE0, 0x79,
    0xE7, 0x9E, 0xF3, 0xC0, 0x79, 0xE7, 0x9E, 0xF3, 0xC0, 0xF3, 0xCF, 0x1E, 0x79, 0xE0, 0xF7, 0xDE,
    0xFB, 0xCF, 0x3D, 0xE7, 0xBC, 0xF3, 0xC0, 0x7B, 0xEF, 0x7D, 0xEF, 0x3D, 0xEF, 0x3D, 0xEF, 0x80,
    0x79, 0xE7, 0x9E, 0xF3, 0xC0, 0xF7, 0xDE, 0xFB, 0xCF, 0x3D, 0xE7, 0xBE, 0xF3, 0xC0, 0x0C, 0x07,
    0x01, 0xC0, 0x70, 0x1C, 0x07, 0x01, 0xC3, 0xFE, 0xFF, 0xFF, 0xE1, 0xC0, 0x70, 0x1C, 0x07, 0x01,
    0xC0, 0x70, 0x1C, 0x07, 0x01, 0xC0, 0x70, 0x0C, 0x03, 0x00, 0x40, 0x00, 0x0C, 0x07, 0x01, 0xC0,
    0x70, 0x1C, 0x07, 0x07, 0xFB, 0xFE, 0xFF, 0xC7, 0x01, 0xC0, 0x70, 0x1C, 0x3F, 0xEF, 0xFB, 0x7E,
    0x1C, 0x07, 0x01, 0xC0, 0x70, 0x0C, 0x01, 0x00, 0x00, 0x1F, 0xF0, 0x7F, 0xC3, 0xFF, 0x8F, 0xFE,
    0x3F, 0xF8, 0xFF, 0xE3, 0xFF, 0x9F, 0xFE, 0x7F, 0xF9, 0xFF, 0xE7, 0xFF, 0xDF, 0xFF, 0x7F, 0xFC,
    0x03, 0x8F, 0xBF, 0xF9, 0x80, 0x00, 0xFF, 0xFF, 0xFF, 0xFF, 0x71, 0xCE, 0xF3, 0xCE, 0xF3, 0xCF,
    0xF3, 0xDF, 0xFC, 0x30, 0x73, 0xC7, 0x1E, 0x38, 0xF3, 0x87, 0xB8, 0x1D, 0xC0, 0x1C, 0x00, 0xE0,
    0x0E, 0x00, 0xF0, 0x07, 0x6C, 0x7F, 0x77, 0xBF, 0xB8, 0xD9, 0xC0, 0x00, 0x3C, 0x78, 0xF3, 0xE7,
    0x8F, 0x00, 0x3D, 0xF3, 0xDF, 0x3D, 0xE7, 0xDE, 0x79, 0xE7, 0xBE, 0x00, 0x01, 0xDD, 0xDD, 0xEF,
    0xEE, 0xEE, 0x66, 0x00, 0x00, 0x07, 0x3C, 0xE3, 0x80, 0x00, 0xEC, 0xFE, 0x7F, 0x37, 0x00, 0x00,
    0x07, 0x73, 0x3F, 0xDC, 0xEE, 0xF3, 0x33, 0x80, 0x00, 0x0E, 0x07, 0xC3, 0xF9, 0xEF, 0x00, 0x46,
    0xFF, 0x73, 0xCF, 0x38, 0xC0, 0x01, 0x06, 0x1E, 0x3C, 0x73, 0xDE, 0x71, 0x80, 0x00, 0xE0, 0x00,
    0x78, 0x00, 0x1E, 0x01, 0xF7, 0xBE, 0x3E, 0x0F, 0x07, 0x87, 0x81, 0xF3, 0xE0, 0x3F, 0xF0, 0x77,
    0xFB, 0xFC, 0xFC, 0xFF, 0x3F, 0x3F, 0xDF, 0xEF, 0x0F, 0xFC, 0x07, 0xFF, 0x83, 0xF7, 0xF1, 0xF8,
    0xFC, 0xFE, 0x1F, 0x80, 0x00, 0x00, 0x1C, 0x00, 0x0F, 0x00, 0x03, 0xC0, 0x00, 0xF0, 0x00, 0x00,
    0xC3, 0x8E, 0x38, 0xE7, 0x9E, 0x79, 0xE7, 0x9E, 0x38, 0x00, 0x00, 0x01, 0xE7, 0xBE, 0xFB, 0xE0,
    0x00, 0x00, 0x80, 0x38, 0x07, 0x00, 0xE0, 0x7F, 0x1F, 0xF3, 0xFE, 0x2F, 0xE1, 0xDC, 0x3B, 0x87,
    0xF0, 0xFC, 0x1F, 0x83, 0xE0, 0x78, 0x0F, 0x01, 0xE0, 0x20, 0x00, 0x00, 0x00, 0x3C, 0x07, 0x80,
    0xF8, 0x1F, 0x03, 0xE0, 0x7C, 0x00, 0xFF, 0xFF, 0xC0, 0x00, 0x3F, 0xDF, 0xCF, 0xC0, 0x00, 0x06,
    0x00, 0xBC, 0x0F, 0xE0, 0x3E, 0x01, 0xF8, 0x0F, 0xE0, 0xFB, 0xCF, 0xFE, 0xFF, 0xF3, 0xFF, 0x9F,
    0xF0, 0x30, 0x00, 0x00, 0xE0, 0x38, 0x07, 0x01, 0xC0, 0x38, 0x0E, 0x03, 0xC0, 0x70, 0x1C, 0x07,
    0x80, 0xE0, 0x3C, 0x07, 0x01, 0xE0, 0x38, 0x00, 0x00, 0x00, 0x01, 0xF8, 0x3E, 0x1F, 0xE7, 0xFD,
    0xFF, 0xBF, 0xE6, 0x1D, 0x87, 0x80, 0xE0, 0x1C, 0x07, 0x80, 0xE0, 0x38, 0x0F, 0x03, 0xC0, 0x70,
    0x7E, 0x1F, 0x83, 0xE0, 0xF8, 0x1C, 0x07, 0x81, 0xE0, 0x3C, 0x0F, 0x01, 0xE0, 0x70, 0x0C, 0x00,
    0x00, 0x00, 0x00, 0x00, 0x00, 0xF0, 0x1C, 0x07, 0x80, 0xE0, 0x3C, 0x0F, 0x01, 0xE0, 0x78, 0x00,
    0x00, 0x00, 0x0F, 0xC0, 0x47, 0xF8, 0x39, 0xFF, 0x0E, 0x61, 0xE3, 0x80, 0x78, 0xE0, 0x1E, 0x38,
    0x07, 0x8E, 0x03, 0xC3, 0x83, 0xF0, 0xE0, 0xF8, 0x38, 0x3C, 0x0E, 0x0F, 0x01, 0x83, 0xC0, 0x21,
    0xC0, 0x00, 0x00, 0x00, 0x00, 0x00, 0x03, 0x81, 0xE1, 0xE0, 0x7C, 0x78, 0x1F, 0x1E, 0x07, 0xC0,
    0x01, 0xF0, 0x00, 0x00, 0xCF, 0xC3, 0xFF, 0x8F, 0xFE, 0x3C, 0x3C, 0xE0, 0x73, 0x81, 0xCE, 0x07,
    0x38, 0x3C, 0xE3, 0xE7, 0x9F, 0x1E, 0x78, 0x19, 0xE0, 0x27, 0x80, 0x18, 0x00, 0x00, 0x00, 0x01,
    0xE7, 0x07, 0x9C, 0x1E, 0xF0, 0x7F, 0xE1, 0xF0, 0x00, 0x00, 0x00, 0x03, 0x00, 0x38, 0x01, 0xC0,
    0x0E, 0x00, 0xE0, 0x07, 0x0E, 0x38, 0x7B, 0xC3, 0xDC, 0x1E, 0xE0, 0x0F, 0x00, 0x70, 0x03, 0x80,
    0x1C, 0x01, 0xE0, 0x0E, 0x00, 0x73, 0xC7, 0x9E, 0x3C, 0xF1, 0xC7, 0x8E, 0x00, 0xF0, 0x07, 0x00,
    0x38, 0x03, 0xC0, 0x1E, 0x00, 0xC0, 0x0C, 0x00, 0x00, 0x73, 0xFF, 0xFF, 0xBD, 0xC0, 0x18, 0xE7,
    0x9E, 0xFC, 0x60, 0x01, 0xE4, 0x3E, 0x59, 0xEF, 0x9C, 0x79, 0xCF, 0xBE, 0xFD, 0xE2, 0x00, 0x03,
    0xF1, 0x86, 0x18, 0xE3, 0x8E, 0x79, 0xE7, 0x9E, 0xFD, 0xE3, 0x00, 0x79, 0xEC, 0xFF, 0x7D, 0xE7,
    0x80, 0x00, 0x1F, 0xC7, 0xF9, 0xFF, 0x71, 0xDC, 0x7F, 0x1F, 0xC7, 0xF3, 0xFC, 0xF0, 0x71, 0xEF,
    0xBF, 0xF9, 0xE7, 0x80, 0x33, 0x9C, 0x63, 0x3F, 0xE0, 0x7B, 0xE1, 0xC6, 0x39, 0xEF, 0xC0, 0x79,
    0x61, 0x9E, 0x5D, 0xE7, 0x80, 0x18, 0xE3, 0x9E, 0xFD, 0xE1, 0x80, 0x03, 0xD1, 0x8F, 0xAF, 0xEE,
    0x79, 0xEF, 0xBE, 0xED, 0xF7, 0x80, 0x03, 0xF1, 0x86, 0x18, 0xE3, 0x8E, 0x79, 0xE7, 0x9E, 0x7F,
    0xF7, 0x80, 0x79, 0xEC, 0xFF, 0x7D, 0xF7, 0x80, 0x0E, 0x38, 0xF1, 0xC7, 0x8E, 0x1C, 0x78, 0xE1,
    0xC3, 0x87, 0x0E, 0x1C, 0x38, 0x78, 0xF0, 0xE1, 0xE3, 0xC3, 0xC7, 0xC7, 0x80, 0x70, 0x70, 0x38,
    0x3C, 0x1C, 0x1C, 0x1E, 0x0E, 0x0E, 0x0E, 0x0E, 0x0F, 0x0E, 0x0E, 0x0E, 0x0E, 0x1E, 0x1E, 0x3C,
    0x3C, 0x78, 0x78, 0xF0, 0x01, 0xB0, 0x3F, 0x03, 0xF0, 0x3F, 0x07, 0xF1, 0xFF, 0x3F, 0xF3, 0xFE,
    0x7F, 0xE7, 0xEC, 0x7E, 0xCF, 0xFC, 0xFF, 0xC7, 0xFF, 0x7F, 0xF7, 0xFF, 0x3F, 0xF1, 0xFF, 0x1F,
    0x81, 0xB0, 0x1B, 0x00, 0x00, 0x00, 0x00, 0x7F, 0x1F, 0xF3, 0xFF, 0x3F, 0xF7, 0x80, 0x78, 0x07,
    0x9F, 0xF9, 0xFF, 0x9C, 0xFF, 0xB7, 0xFF, 0x7F, 0xF3, 0xFF, 0x1F, 0xF0, 0x00, 0x01, 0xF8, 0x3F,
    0xC7, 0x9C, 0xFF, 0x8F, 0xF8, 0x38, 0x0F, 0xF8, 0xFF, 0x81, 0xC0, 0x7C, 0x07, 0xFC, 0x7F, 0xE7,
    0xFE, 0x07, 0x07, 0x01, 0xF1, 0xE0, 0x3E, 0x3C, 0x07, 0xE7, 0x80, 0xFC, 0xF0, 0x1F, 0xDE, 0x1F,
    0xFF, 0xFF, 0xFF, 0xFF, 0x0F, 0xFE, 0x01, 0xEF, 0xC0, 0x3D, 0xF8, 0x07, 0x9F, 0x01, 0xF3, 0xE0,
    0x3E, 0x7C, 0x00, 0x0E, 0x00, 0x3F, 0xC0, 0x7F, 0xC7, 0xFF, 0xFF, 0xFF, 0xE3, 0x8F, 0x07, 0xFE,
    0x0F, 0xF8, 0x1F, 0xE0, 0x3F, 0x80, 0x70, 0x00, 0xF0, 0x03, 0xE0, 0x07, 0xC0, 0x0F, 0x80, 0x00,
    0xFC, 0x00, 0x3F, 0x80, 0x0E, 0x70, 0x03, 0x9C, 0x00, 0xE7, 0x00, 0x39, 0xC3, 0xEF, 0xF1, 0xFB,
    0xF8, 0x60, 0xFE, 0x1F, 0x39, 0xC3, 0xEE, 0x70, 0x9F, 0x9C, 0x7F, 0xF7, 0xBF, 0xBD, 0xE7, 0xC0,
    0x00, 0x00, 0x70, 0x39, 0xC0, 0xE3, 0x03, 0x8C, 0x0E, 0x3B, 0x33, 0xFF, 0xFF, 0xFF, 0xCF, 0xFC,
    0x3F, 0xF0, 0xFF, 0xC1, 0xFF, 0x07, 0xF8, 0x1E, 0xE0, 0x73, 0x80, 0xF8, 0x03, 0xFC, 0x6F, 0xF9,
    0xFC, 0xE7, 0xE1, 0xDF, 0xF7, 0x7F, 0xDD, 0xFF, 0x77, 0xFC, 0x9F, 0xB8, 0xFE, 0xFF, 0xF9, 0xFF,
    0x03, 0xFC, 0x00, 0xC0, 0x7F, 0x07, 0xF0, 0x1C, 0x0F, 0xC1, 0xFC, 0x3B, 0xC3, 0x1C, 0x3B, 0xC3,
    0xFC, 0x1F, 0xC0, 0xFC, 0xFF, 0xCF, 0xFC, 0x00, 0x00, 0x7F, 0x0F, 0xF0, 0xFF, 0x1E, 0x07, 0xF8,
    0x7F, 0xC5, 0xF8, 0x1F, 0x87, 0xF8, 0x7F, 0xC5, 0xE0, 0x0F, 0xF0, 0xFF, 0x07, 0xF0, 0x7F, 0x00,
    0x00, 0xFF, 0xFF, 0xFF, 0xFF, 0xFE, 0x0F, 0xC0, 0x7E, 0x0F, 0xF0, 0x7E, 0x03, 0xFC, 0x17, 0xE0,
    0x7F, 0x07, 0xF0, 0x3F, 0x01, 0x78, 0x03, 0xC0, 0x0F, 0xE0, 0x07, 0xF8, 0x03, 0xFE, 0x1F, 0xFF,
    0xF7, 0xFF, 0xF7, 0xFF, 0xFC, 0x3F, 0xF0, 0x1F, 0xF0, 0x0F, 0xF0, 0x07, 0xF0, 0x03, 0x80, 0x01,
    0xE0, 0x01, 0xF0, 0x00, 0xF8, 0x00, 0x7C, 0x00, 0x01, 0x80, 0x07, 0x00, 0x0E, 0x00, 0x1C, 0x00,
    0xFF, 0x87, 0xFF, 0x1F, 0xFE, 0x3F, 0xC0, 0x7B, 0x81, 0xF7, 0x03, 0xCF, 0x87, 0x9F, 0xFF, 0xBF,
    0xEF, 0x77, 0xDF, 0xFF, 0x3F, 0xFE, 0x3F, 0xFC, 0x1F, 0xF0, 0x0E, 0x00, 0x1C, 0x00, 0x38, 0x00,
    0x00, 0x00, 0x07, 0xF0, 0x03, 0xFC, 0x00, 0x9E, 0x00, 0x07, 0x07, 0xFF, 0xFF, 0xFF, 0xFE, 0x00,
    0x00, 0xFF, 0xFF, 0xFF, 0xFF, 0xCE, 0x1C, 0x07, 0xFF, 0x03, 0xFF, 0x80, 0x7F, 0xC0, 0x00, 0x00,
    0x1C, 0x0E, 0x0F, 0xCF, 0xE7, 0xC7, 0xE3, 0xF1, 0xFC, 0xFE, 0x3F, 0x8F, 0xE1, 0xC0, 0xC0, 0x00,
    0x03, 0xFF, 0xF0, 0x00, 0x00, 0x00, 0xFF, 0xFB, 0xFF, 0xEF, 0xFF, 0x81, 0xE0, 0x07, 0x80, 0x1E,
    0x00, 0x78, 0x01, 0xE0, 0x07, 0x80, 0x1E, 0x00, 0x78, 0x01, 0xE0, 0xFF, 0xFF, 0xC7, 0x9F, 0xFF,
    0xFF, 0xF3, 0xF1, 0xF8, 0x1E, 0x0F, 0x07, 0x83, 0xE1, 0xF0, 0x3C, 0x07, 0xB0, 0xFE, 0x3F, 0xC7,
    0xF8, 0xFF, 0x1F, 0xE3, 0xF7, 0x7D, 0xEB, 0xF8, 0x7E, 0x0F, 0x00, 0x00, 0x0E, 0x00, 0xE0, 0x0E,
    0x01, 0xF8, 0x3F, 0xC7, 0xFC, 0x7F, 0xC7, 0xFC, 0x7F, 0xC7, 0xFC, 0x7F, 0xC7, 0xFC, 0x7F, 0xC7,
    0xFC, 0x03, 0x80, 0x0F, 0xF0, 0x1F, 0xF0, 0x38, 0xE0, 0x70, 0xE0, 0xE3, 0xC7, 0xFF, 0x9F, 0xFE,
    0x3F, 0xF8, 0x7F, 0xE0, 0x1C, 0x07, 0xFF, 0x8F, 0xFF, 0x01, 0xF0, 0x03, 0xE0, 0x00, 0x0C, 0x01,
    0xE0, 0x3C, 0x07, 0x80, 0xFF, 0xFF, 0xFF, 0x7F, 0xE3, 0xC0, 0x1E, 0x00, 0xE0, 0x04, 0x00, 0x06,
    0x00, 0x7C, 0x07, 0xF0, 0x7F, 0xC7, 0xFF, 0x3B, 0xB8, 0x9C, 0x80, 0xE0, 0x07, 0x00, 0x38, 0x01,
    0xC0, 0x00, 0x00, 0x03, 0x00, 0x78, 0x03, 0xC0, 0x1E, 0x7F, 0xF7, 0xFF, 0x7F, 0xE0, 0x1C, 0x03,
    0x80, 0x78, 0x03, 0x00, 0x07, 0x00, 0x38, 0x01, 0xC0, 0x0E, 0x02, 0x70, 0x3B, 0xB9, 0xFF, 0xC7,
    0xFC, 0x1F, 0xC0, 0x7C, 0x01, 0xC0, 0x00, 0x00, 0x18, 0xC0, 0x73, 0x83, 0x8E, 0x1C, 0x1C, 0xFF,
    0xFB, 0xFF, 0xE7, 0x07, 0x0E, 0x38, 0x18, 0xC0, 0x0C, 0x07, 0x87, 0xF3, 0xFE, 0xFD, 0x97, 0x01,
    0xC0, 0x70, 0xFD, 0xBF, 0xE7, 0xF0, 0xF8, 0x0C, 0x00, 0x00, 0x00, 0x3F, 0xEF, 0xFB, 0xF8, 0xFC,
    0x3F, 0x8E, 0xF3, 0x9E, 0xE3, 0x80, 0x60, 0x00, 0x1F, 0xF7, 0xFC, 0xFF, 0x0F, 0xC7, 0xF3, 0xDD,
    0xE7, 0x71, 0xD8, 0x00, 0x60, 0x1C, 0x77, 0x9C, 0xF7, 0x1F, 0xC3, 0xF0, 0xF9, 0xFE, 0x7F, 0x80,
    0x00, 0x01, 0x98, 0xF6, 0x39, 0xDE, 0x7F, 0x1F, 0x87, 0xC1, 0xFF, 0x7F, 0xC0, 0x00, 0x00, 0x00,
    0xE0, 0x07, 0x00, 0x70, 0x07, 0xFF, 0xFF, 0xFF, 0x80, 0x1F, 0xFF, 0x7F, 0xF9, 0xE0, 0x07, 0x00,
    0x10, 0x00, 0x07, 0x00, 0x3E, 0x01, 0xFC, 0x0F, 0xFC, 0x7F, 0xFB, 0xFF, 0xFE, 0xFD, 0xD3, 0xF2,
    0x0F, 0xC0, 0x3F, 0x00, 0xFC, 0x03, 0xF0, 0x0F, 0xC0, 0x16, 0x00, 0x00, 0x00, 0x0C, 0x00, 0xF0,
    0x03, 0xCF, 0xFE, 0x7F, 0xF8, 0x01, 0xFF, 0xFE, 0xFF, 0xE0, 0x1E, 0x00, 0xE0, 0x03, 0x00, 0x05,
    0x80, 0x3F, 0x00, 0xFC, 0x03, 0xF0, 0x0F, 0xC0, 0x3F, 0x04, 0xFC, 0xBB, 0xF7, 0xFF, 0xFD, 0xFF,
    0xE3, 0xFF, 0x07, 0xF0, 0x0F, 0x80, 0x1C, 0x00, 0x00, 0x00, 0x38, 0xC0, 0x73, 0xC1, 0xC3, 0x87,
    0xFF, 0x9F, 0xFF, 0xB8, 0x07, 0xFF, 0xFE, 0x7F, 0xF8, 0x79, 0xE0, 0x73, 0x80, 0x43, 0x00, 0x04,
    0x01, 0xC0, 0xFC, 0x3F, 0xCF, 0xFF, 0xFF, 0xDF, 0xB1, 0xF0, 0x3E, 0x0F, 0xDB, 0xFF, 0xFF, 0xF3,
    0xF8, 0x3E, 0x03, 0x00, 0x00, 0x00, 0x78, 0x0F, 0x80, 0xF0, 0x0E, 0x01, 0xC0, 0x39, 0xFF, 0x7F,
    0xEF, 0x7D, 0xC7, 0x38, 0xE7, 0xFC, 0xFF, 0x0F, 0xE0, 0xF8, 0x00, 0x01, 0x80, 0xFE, 0xF0, 0x7F,
    0xF8, 0x3F, 0xFC, 0x1E, 0x1F, 0x07, 0x8F, 0xC1, 0xC7, 0xF0, 0xF3, 0xDE, 0x3D, 0xE7, 0x8F, 0xE1,
    0xC1, 0xFF, 0xF0, 0x7F, 0xFC, 0x3F, 0xFF, 0x1F, 0xFF, 0x87, 0x7F, 0xC0, 0x80, 0x00, 0x03, 0x80,
    0x1E, 0x00, 0x7C, 0x03, 0xF0, 0x0F, 0xE0, 0x7B, 0x81, 0xEF, 0x0F, 0x3C, 0x3C, 0x79, 0xE1, 0xE7,
    0x87, 0xDF, 0xFF, 0x7F, 0xFD, 0xFF, 0xF0, 0x00, 0x07, 0xFF, 0x7F, 0xF3, 0x9C, 0x39, 0xC3, 0x9C,
    0x39, 0xC3, 0x9C, 0x39, 0xC3, 0x9C, 0x39, 0xC3, 0x9C, 0x39, 0xC3, 0x9C, 0x39, 0xC3, 0x9C, 0x39,
    0xC3, 0x9C, 0x39, 0xC3, 0x9C, 0x39, 0xC3, 0x9C, 0x39, 0xC3, 0x9C, 0x39, 0xC7, 0xFF, 0x7F, 0xF0,
    0x00, 0x00, 0x1F, 0xE7, 0xF9, 0xE0, 0x3C, 0x0F, 0x01, 0xE0, 0x38, 0x0E, 0x0F, 0x07, 0x81, 0xFE,
    0x7F, 0x9F, 0xE0, 0x7F, 0x9F, 0xFF, 0xF8, 0x01, 0xFC, 0x0F, 0xF0, 0x3F, 0x00, 0xE0, 0x07, 0x80,
    0x1C, 0x00, 0x70, 0x03, 0xC0, 0x0F, 0x02, 0x3C, 0x0F, 0xE0, 0x3F, 0x80, 0x7E, 0x01, 0xF8, 0x03,
    0xC0, 0x00, 0x0C, 0x30, 0x7F, 0xF1, 0xFF, 0xF3, 0xDF, 0xF6, 0x18, 0xEE, 0x79, 0xDF, 0xFF, 0xBF,
    0xFE, 0x3E, 0xF8, 0x00, 0x60, 0x00, 0x7C, 0x03, 0xF0, 0x0E, 0xC0, 0x78, 0x01, 0xC0, 0x07, 0x00,
    0x1C, 0x00, 0x70, 0x01, 0xC0, 0x0F, 0x00, 0x3C, 0x00, 0xE0, 0x03, 0x80, 0xFE, 0x07, 0xF8, 0x1F,
    0xC0, 0x3F, 0x00, 0x00, 0x00, 0x03, 0xDE, 0xFF, 0x80, 0x00, 0x7B, 0xDF, 0xF0, 0x00, 0x1F, 0x7F,
    0xFF, 0xBF, 0x67, 0x9E, 0x6F, 0xDF, 0xFF, 0xEF, 0xC1, 0xE0, 0x00, 0x00, 0x03, 0x80, 0x18, 0x01,
    0xC0, 0x1C, 0x07, 0xF9, 0xFF, 0xDF, 0xFE, 0x07, 0x03, 0xFF, 0xBF, 0xFD, 0xFF, 0xC3, 0xC0, 0x3C,
    0x01, 0xC0, 0x00, 0x00, 0x00, 0x00, 0x70, 0x07, 0xE0, 0x3F, 0x81, 0xFC, 0x0F, 0xE0, 0x1F, 0x80,
    0x3F, 0xF0, 0x3F, 0xF8, 0x07, 0xF0, 0x01, 0xE1, 0xFF, 0x47, 0xFF, 0xC3, 0xFF, 0x80, 0x01, 0x00,
    0x20, 0x00, 0x78, 0x00, 0xFC, 0x00, 0xFE, 0x00, 0x7F, 0x80, 0x3F, 0x80, 0xFF, 0x1F, 0xFE, 0x7F,
    0xE0, 0xFC, 0x00, 0x9F, 0xE3, 0xFF, 0xC7, 0xFF, 0x08, 0x00, 0x00,
};

static const EpdGlyph opendyslexic_8_boldGlyphs[] = {
    { 0, 0, 14, 0, 0, 0, 0 }, //  
    { 5, 22, 6, 0, 19, 14, 0 }, // !
    { 11, 6, 12, -2, 15, 9, 14 }, // "
    { 19, 15, 17, -1, 13, 36, 23 }, // #
    { 15, 20, 19, 2, 17, 38, 59 }, // $
    { 14, 15, 18, 3, 13, 27, 97 }, // %
    { 12, 14, 16, 2, 14, 21, 124 }, // &
    { 6, 6, 6, 0, 13, 5, 145 }, // '
    { 7, 23, 8, 1, 17, 21, 150 }, // (
    { 8, 23, 7, -1, 17, 23, 171 }, // )
    { 10, 10, 11, 0, 13, 13, 194 }, // *
    { 10, 10, 10, 0, 10, 13, 207 }, // +
    { 6, 6, 5, 0, 3, 5, 220 }, // ,
    { 9, 2, 9, 0, 6, 3, 225 }, // -
    { 4, 4, 4, 0, 4, 2, 228 }, // .
    { 12, 29, 11, 0, 20, 44, 230 }, // /
    { 10, 14, 12, 1, 13, 18, 274 }, // 0
    { 9, 13, 11, 1, 13, 15, 292 }, // 1
    { 10, 13, 12, 1, 13, 17, 307 }, // 2
    { 10, 13, 12, 1, 13, 17, 324 }, // 3
    { 10, 14, 12, 1, 13, 18, 341 }, // 4
    { 10, 15, 12, 1, 14, 19, 359 }, // 5
    { 10, 13, 12, 1, 13, 17, 378 }, // 6
    { 10, 13, 12, 1, 13, 17, 395 }, // 7
    { 11, 14, 12, 1, 13, 20, 412 }, // 8
    { 10, 14, 12, 1, 13, 18, 432 }, // 9
    { 5, 12, 5, 0, 12, 8, 450 }, // :
    { 6, 15, 6, 0, 11, 12, 458 }, // ;
    { 14, 11, 13, -1, 11, 20, 470 }, // <
    { 10, 7, 10, 0, 8, 9, 490 }, // =
    { 14, 11, 13, 0, 11, 20, 499 }, // >
    { 11, 21, 11, 0, 19, 29, 519 }, // ?
    { 16, 15, 17, 0, 13, 30, 548 }, // @
    { 14, 14, 16, 1, 14, 25, 578 }, // A
    { 12, 14, 16, 2, 14, 21, 603 }, // B
    { 12, 15, 17, 2, 15, 23, 624 }, // C
    { 13, 14, 18, 2, 14, 23, 647 }, // D
    { 11, 14, 15, 2, 14, 20, 670 }, // E
    { 10, 14, 14, 2, 14, 18, 690 }, // F
    { 15, 15, 19, 2, 15, 29, 708 }, // G
    { 13, 14, 18, 2, 14, 23, 737 }, // H
    { 5, 14, 9, 2, 14, 9, 760 }, // I
    { 11, 18, 15, 2, 14, 25, 769 }, // J
    { 13, 14, 18, 2, 14, 23, 794 }, // K
    { 11, 14, 15, 2, 14, 20, 817 }, // L
    { 15, 14, 19, 2, 14, 27, 837 }, // M
    { 13, 14, 17, 2, 14, 23, 864 }, // N
    { 15, 15, 19, 2, 14, 29, 887 }, // O
    { 11, 15, 15, 2, 15, 21, 916 }, // P
    { 16, 18, 18, 1, 15, 36, 937 }, // Q
    { 12, 15, 16, 2, 14, 23, 973 }, // R
    { 14, 16, 18, 2, 15, 28, 996 }, // S
    { 13, 14, 18, 2, 14, 23, 1024 }, // T
    { 13, 15, 17, 2, 14, 25, 1047 }, // U
    { 15, 14, 19, 2, 14, 27, 1072 }, // V
    { 20, 15, 24, 2, 15, 38, 1099 }, // W
    { 14, 14, 19, 2, 14, 25, 1137 }, // X
    { 14, 14, 18, 2, 14, 25, 1162 }, // Y
    { 14, 14, 18, 2, 14, 25, 1187 }, // Z
    { 7, 25, 8, 0, 18, 22, 1212 }, // [
    { 8, 19, 8, 0, 15, 19, 1234 }, // <backslash>
    { 7, 25, 8, 0, 18, 22, 1253 }, // ]
    { 10, 5, 9, 0, 17, 7, 1275 }, // ^
    { 13, 4, 11, -1, 0, 7, 1282 }, // _
    { 7, 4, 7, 0, 13, 4, 1289 }, // `
    { 10, 10, 14, 2, 10, 13, 1293 }, // a
    { 11, 16, 15, 2, 15, 22, 1306 }, // b
    { 9, 10, 13, 2, 10, 12, 1328 }, // c
    { 11, 14, 15, 2, 14, 20, 1340 }, // d
    { 10, 9, 14, 2, 9, 12, 1360 }, // e
    { 7, 14, 11, 2, 14, 13, 1372 }, // f
    { 10, 14, 14, 2, 9, 18, 1385 }, // g
    { 11, 14, 15, 2, 14, 20, 1403 }, // h
    { 4, 15, 8, 2, 15, 8, 1423 }, // i
    { 7, 20, 10, 2, 15, 18, 1431 }, // j
    { 11, 14, 15, 2, 14, 20, 1449 }, // k
    { 6, 14, 10, 2, 14, 11, 1469 }, // l
    { 16, 10, 20, 2, 10, 20, 1480 }, // m
    { 10, 10, 15, 2, 10, 13, 1500 }, // n
    { 10, 9, 14, 2, 9, 12, 1513 }, // o
    { 12, 15, 16, 2, 10, 23, 1525 }, // p
    { 12, 14, 16, 2, 10, 21, 1548 }, // q
    { 8, 9, 12, 2, 9, 9, 1569 }, // r
    { 10, 11, 14, 2, 10, 14, 1578 }, // s
    { 9, 14, 13, 2, 13, 16, 1592 }, // t
    { 10, 9, 14, 2, 9, 12, 1608 }, // u
    { 12, 9, 16, 2, 9, 14, 1620 }, // v
    { 14, 11, 19, 2, 9, 20, 1634 }, // w
    { 12, 9, 16, 2, 9, 14, 1654 }, // x
    { 11, 14, 15, 2, 9, 20, 1668 }, // y
    { 11, 9, 15, 2, 9, 13, 1688 }, // z
    { 9, 17, 9, 0, 13, 20, 1701 }, // {
    { 3, 16, 7, 2, 13, 6, 1721 }, // |
    { 9, 17, 9, 0, 13, 20, 1727 }, // }
    { 7, 4, 8, 0, 12, 4, 1747 }, // ~
    { 0, 0, 14, 0, 0, 0, 1751 }, //  
    { 6, 22, 12, 3, 19, 17, 1751 }, // ¡
    { 9, 15, 13, 2, 12, 17, 1768 }, // ¢
    { 12, 15, 12, 0, 14, 23, 1785 }, // £
    { 11, 10, 11, 0, 11, 14, 1808 }, // ¤
    { 13, 16, 13, 0, 13, 26, 1822 }, // ¥
    { 3, 15, 7, 1, 12, 6, 1848 }, // ¦
    { 9, 14, 13, 2, 13, 16, 1854 }, // §
    { 9, 4, 9, 0, 14, 5, 1870 }, // ¨
    { 8, 7, 11, 2, 16, 7, 1875 }, // ©
    { 6, 6, 11, 3, 13, 5, 1882 }, // ª
    { 9, 10, 9, 0, 10, 12, 1887 }, // «
    { 10, 6, 10, 0, 6, 8, 1899 }, // ¬
    { 10, 2, 10, 0, 6, 3, 1907 }, // ­
    { 8, 7, 11, 2, 18, 7, 1910 }, // ®
    { 8, 3, 9, 0, 13, 3, 1917 }, // ¯
    { 8, 8, 11, 2, 13, 8, 1920 }, // °
    { 10, 11, 10, 0, 9, 14, 1928 }, // ±
    { 5, 7, 5, 0, 14, 5, 1942 }, // ²
    { 5, 7, 6, 0, 14, 5, 1947 }, // ³
    { 5, 4, 5, 0, 13, 3, 1952 }, // ´
    { 11, 11, 14, 1, 9, 16, 1955 }, // µ
    { 10, 15, 13, 1, 12, 19, 1971 }, // ¶
    { 4, 4, 4, 0, 8, 2, 1990 }, // ·
    { 5, 6, 5, 0, 1, 4, 1992 }, // ¸
    { 5, 7, 5, 0, 14, 5, 1996 }, // ¹
    { 6, 6, 11, 3, 13, 5, 2001 }, // º
    { 10, 10, 12, 1, 10, 13, 2006 }, // »
    { 16, 16, 21, 2, 14, 32, 2019 }, // ¼
    { 18, 17, 21, 2, 15, 39, 2051 }, // ½
    { 16, 15, 21, 2, 13, 30, 2090 }, // ¾
    { 11, 21, 11, 0, 12, 29, 2120 }, // ¿
    { 14, 19, 16, 1, 19, 34, 2149 }, // À
    { 14, 22, 16, 1, 22, 39, 2183 }, // Á
    { 14, 20, 16, 1, 20, 35, 2222 }, // Â
    { 14, 19, 16, 1, 19, 34, 2257 }, // Ã
    { 14, 20, 16, 1, 20, 35, 2291 }, // Ä
    { 14, 20, 16, 1, 20, 35, 2326 }, // Å
    { 21, 15, 23, 1, 14, 40, 2361 }, // Æ
    { 12, 19, 17, 2, 15, 29, 2401 }, // Ç
    { 11, 19, 15, 2, 19, 27, 2430 }, // È
    { 11, 22, 15, 2, 22, 31, 2457 }, // É
    { 11, 21, 15, 2, 21, 29, 2488 }, // Ê
    { 11, 20, 15, 2, 20, 28, 2517 }, // Ë
    { 8, 20, 9, 0, 20, 20, 2545 }, // Ì
    { 5, 23, 9, 2, 23, 15, 2565 }, // Í
    { 10, 21, 9, 0, 21, 27, 2580 }, // Î
    { 9, 21, 9, 0, 21, 24, 2607 }, // Ï
    { 16, 14, 18, -1, 14, 28, 2631 }, // Ð
    { 13, 19, 17, 2, 19, 31, 2659 }, // Ñ
    { 15, 20, 19, 2, 19, 38, 2690 }, // Ò
    { 15, 23, 19, 2, 22, 44, 2728 }, // Ó
    { 15, 21, 19, 2, 20, 40, 2772 }, // Ô
    { 15, 20, 19, 2, 19, 38, 2812 }, // Õ
    { 15, 21, 19, 2, 20, 40, 2850 }, // Ö
    { 10, 6, 10, 0, 7, 8, 2890 }, // ×
    { 25, 33, 19, -3, 24, 104, 2898 }, // Ø
    { 13, 21, 17, 2, 20, 35, 3002 }, // Ù
    { 13, 24, 17, 2, 23, 39, 3037 }, // Ú
    { 13, 22, 17, 2, 21, 36, 3076 }, // Û
    { 13, 22, 17, 2, 21, 36, 3112 }, // Ü
    { 14, 24, 18, 2, 24, 42, 3148 }, // Ý
    { 9, 14, 9, 0, 14, 16, 3190 }, // Þ
    { 11, 13, 11, 0, 12, 18, 3206 }, // ß
    { 10, 14, 14, 2, 14, 18, 3224 }, // à
    { 10, 17, 14, 2, 17, 22, 3242 }, // á
    { 10, 16, 14, 2, 16, 20, 3264 }, // â
    { 10, 15, 14, 2, 15, 19, 3284 }, // ã
    { 10, 15, 14, 2, 15, 19, 3303 }, // ä
    { 10, 16, 14, 2, 16, 20, 3322 }, // å
    { 17, 10, 21, 2, 10, 22, 3342 }, // æ
    { 9, 14, 13, 2, 10, 16, 3364 }, // ç
    { 10, 16, 14, 2, 16, 20, 3380 }, // è
    { 10, 19, 14, 2, 19, 24, 3400 }, // é
    { 10, 17, 14, 2, 17, 22, 3424 }, // ê
    { 10, 17, 14, 2, 17, 22, 3446 }, // ë
    { 7, 14, 8, 0, 14, 13, 3468 }, // ì
    { 4, 17, 8, 2, 17, 9, 3481 }, // í
    { 10, 16, 8, -1, 16, 20, 3490 }, // î
    { 8, 15, 8, 0, 15, 15, 3510 }, // ï
    { 14, 16, 12, -1, 15, 28, 3525 }, // ð
    { 10, 15, 15, 2, 15, 19, 3553 }, // ñ
    { 10, 14, 14, 2, 14, 18, 3572 }, // ò
    { 10, 17, 14, 2, 17, 22, 3590 }, // ó
    { 10, 15, 14, 2, 15, 19, 3612 }, // ô
    { 10, 14, 14, 2, 14, 18, 3631 }, // õ
    { 10, 15, 14, 2, 15, 19, 3649 }, // ö
    { 13, 12, 15, 1, 12, 20, 3668 }, // ÷
    { 12, 28, 14, 1, 19, 42, 3688 }, // ø
    { 10, 14, 14, 2, 14, 18, 3730 }, // ù
    { 10, 17, 14, 2, 17, 22, 3748 }, // ú
    { 10, 15, 14, 2, 15, 19, 3770 }, // û
    { 10, 15, 14, 2, 15, 19, 3789 }, // ü
    { 11, 24, 15, 2, 19, 33, 3808 }, // ý
    { 9, 18, 9, 0, 14, 21, 3841 }, // þ
    { 11, 22, 15, 2, 17, 31, 3862 }, // ÿ
    { 14, 20, 16, 1, 20, 35, 3893 }, // Ā
    { 10, 15, 14, 2, 15, 19, 3928 }, // ā
    { 14, 20, 16, 1, 20, 35, 3947 }, // Ă
    { 10, 16, 14, 2, 16, 20, 3982 }, // ă
    { 14, 19, 16, 1, 14, 34, 4002 }, // Ą
    { 11, 15, 14, 2, 10, 21, 4036 }, // ą
    { 12, 20, 17, 2, 20, 30, 4057 }, // Ć
    { 9, 14, 13, 2, 14, 16, 4087 }, // ć
    { 12, 21, 17, 2, 21, 32, 4103 }, // Ĉ
    { 10, 15, 13, 2, 15, 19, 4135 }, // ĉ
    { 12, 20, 17, 2, 20, 30, 4154 }, // Ċ
    { 9, 14, 13, 2, 14, 16, 4184 }, // ċ
    { 12, 21, 17, 2, 21, 32, 4200 }, // Č
    { 10, 15, 13, 2, 15, 19, 4232 }, // č
    { 13, 21, 18, 2, 21, 35, 4251 }, // Ď
    { 14, 14, 15, 2, 14, 25, 4286 }, // ď
    { 16, 14, 18, -1, 14, 28, 4311 }, // Đ
    { 13, 14, 15, 2, 14, 23, 4339 }, // đ
    { 11, 20, 15, 2, 20, 28, 4362 }, // Ē
    { 10, 17, 14, 2, 17, 22, 4390 }, // ē
    { 11, 21, 15, 2, 21, 29, 4412 }, // Ĕ
    { 10, 17, 14, 2, 17, 22, 4441 }, // ĕ
    { 11, 20, 15, 2, 20, 28, 4463 }, // Ė
    { 10, 17, 14, 2, 17, 22, 4491 }, // ė
    { 11, 19, 15, 2, 14, 27, 4513 }, // Ę
    { 10, 16, 14, 2, 9, 20, 4540 }, // ę
    { 11, 22, 15, 2, 22, 31, 4560 }, // Ě
    { 10, 18, 14, 2, 18, 23, 4591 }, // ě
    { 15, 23, 19, 2, 23, 44, 4614 }, // Ĝ
    { 11, 21, 14, 2, 16, 29, 4658 }, // ĝ
    { 15, 23, 19, 2, 23, 44, 4687 }, // Ğ
    { 10, 21, 14, 2, 16, 27, 4731 }, // ğ
    { 15, 22, 19, 2, 22, 42, 4758 }, // Ġ
    { 10, 20, 14, 2, 15, 25, 4800 }, // ġ
    { 15, 25, 19, 2, 25, 47, 4825 }, // Ģ
    { 10, 21, 14, 2, 16, 27, 4872 }, // ģ
    { 13, 21, 18, 2, 21, 35, 4899 }, // Ĥ
    { 13, 20, 15, 0, 20, 33, 4934 }, // ĥ
    { 15, 14, 18, 1, 14, 27, 4967 }, // Ħ
    { 13, 14, 15, 0, 14, 23, 4994 }, // ħ
    { 7, 21, 9, 1, 21, 19, 5017 }, // Ĩ
    { 7, 16, 8, 0, 16, 14, 5036 }, // ĩ
    { 10, 21, 9, -1, 21, 27, 5050 }, // Ī
    { 10, 15, 8, -1, 15, 19, 5077 }, // ī
    { 6, 19, 9, 1, 14, 15, 5096 }, // Į
    { 6, 20, 8, 1, 15, 15, 5111 }, // į
    { 5, 21, 9, 2, 21, 14, 5126 }, // İ
    { 4, 10, 8, 2, 10, 5, 5140 }, // ı
    { 14, 21, 26, 6, 14, 37, 5145 }, // Ĳ
    { 10, 19, 8, 2, 15, 24, 5182 }, // ĳ
    { 12, 25, 15, 2, 21, 38, 5206 }, // Ĵ
    { 9, 22, 10, 2, 17, 25, 5244 }, // ĵ
    { 13, 23, 18, 2, 23, 38, 5269 }, // Ķ
    { 11, 23, 15, 2, 14, 32, 5307 }, // ķ
    { 9, 9, 11, 1, 9, 11, 5339 }, // ĸ
    { 11, 19, 15, 2, 19, 27, 5350 }, // Ĺ
    { 6, 21, 10, 2, 21, 16, 5377 }, // ĺ
    { 12, 22, 15, 1, 22, 33, 5393 }, // Ļ
    { 7, 23, 10, 1, 14, 21, 5426 }, // ļ
    { 11, 14, 15, 2, 14, 20, 5447 }, // Ľ
    { 8, 17, 10, 2, 17, 17, 5467 }, // ľ
    { 11, 14, 15, 2, 14, 20, 5484 }, // Ŀ
    { 8, 14, 10, 2, 14, 14, 5504 }, // ŀ
    { 19, 26, 15, -5, 20, 62, 5518 }, // Ł
    { 13, 14, 10, -4, 14, 23, 5580 }, // ł
    { 13, 20, 17, 2, 20, 33, 5603 }, // Ń
    { 10, 16, 15, 2, 16, 20, 5636 }, // ń
    { 13, 21, 17, 2, 14, 35, 5656 }, // Ņ
    { 10, 17, 15, 2, 10, 22, 5691 }, // ņ
    { 13, 21, 17, 2, 21, 35, 5713 }, // Ň
    { 11, 17, 15, 2, 17, 24, 5748 }, // ň
    { 10, 17, 15, 2, 17, 22, 5772 }, // ŉ
    { 13, 18, 17, 2, 14, 30, 5794 }, // Ŋ
    { 10, 14, 15, 2, 10, 18, 5824 }, // ŋ
    { 15, 21, 19, 2, 20, 40, 5842 }, // Ō
    { 10, 15, 14, 2, 15, 19, 5882 }, // ō
    { 15, 21, 19, 2, 20, 40, 5901 }, // Ŏ
    { 10, 15, 14, 2, 15, 19, 5941 }, // ŏ
    { 16, 20, 19, 2, 19, 40, 5960 }, // Ő
    { 15, 14, 14, 1, 14, 27, 6000 }, // ő
    { 20, 15, 20, 2, 14, 38, 6027 }, // Œ
    { 17, 9, 18, 2, 9, 20, 6065 }, // œ
    { 12, 20, 16, 2, 19, 30, 6085 }, // Ŕ
    { 8, 14, 12, 2, 14, 14, 6115 }, // ŕ
    { 12, 24, 16, 2, 23, 36, 6129 }, // Ŗ
    { 8, 17, 12, 2, 17, 17, 6165 }, // ŗ
    { 12, 22, 16, 2, 21, 33, 6182 }, // Ř
    { 9, 15, 12, 1, 15, 17, 6215 }, // ř
    { 14, 21, 18, 2, 20, 37, 6232 }, // Ś
    { 10, 15, 14, 2, 14, 19, 6269 }, // ś
    { 14, 22, 18, 2, 21, 39, 6288 }, // Ŝ
    { 10, 16, 14, 2, 15, 20, 6327 }, // ŝ
    { 14, 19, 18, 2, 15, 34, 6347 }, // Ş
    { 10, 14, 14, 2, 10, 18, 6381 }, // ş
    { 14, 22, 18, 2, 21, 39, 6399 }, // Š
    { 10, 16, 14, 2, 15, 20, 6438 }, // š
    { 13, 19, 18, 2, 14, 31, 6458 }, // Ţ
    { 9, 17, 13, 2, 13, 20, 6489 }, // ţ
    { 13, 21, 18, 2, 21, 35, 6509 }, // Ť
    { 12, 16, 13, 2, 15, 24, 6544 }, // ť
    { 13, 14, 18, 2, 14, 23, 6568 }, // Ŧ
    { 10, 14, 13, 1, 13, 18, 6591 }, // ŧ
    { 13, 22, 17, 2, 21, 36, 6609 }, // Ũ
    { 10, 15, 14, 2, 15, 19, 6645 }, // ũ
    { 13, 22, 17, 2, 21, 36, 6664 }, // Ū
    { 10, 15, 14, 2, 15, 19, 6700 }, // ū
    { 13, 22, 17, 2, 21, 36, 6719 }, // Ŭ
    { 10, 16, 14, 2, 16, 20, 6755 }, // ŭ
    { 13, 23, 17, 2, 22, 38, 6775 }, // Ů
    { 10, 16, 14, 2, 16, 20, 6813 }, // ů
    { 15, 21, 17, 2, 20, 40, 6833 }, // Ű
    { 15, 14, 14, 1, 14, 27, 6873 }, // ű
    { 13, 19, 17, 2, 14, 31, 6900 }, // Ų
    { 10, 14, 14, 2, 9, 18, 6931 }, // ų
    { 20, 21, 24, 2, 21, 53, 6949 }, // Ŵ
    { 14, 19, 19, 2, 17, 34, 7002 }, // ŵ
    { 14, 22, 18, 2, 22, 39, 7036 }, // Ŷ
    { 11, 23, 15, 2, 18, 32, 7075 }, // ŷ
    { 14, 22, 18, 2, 22, 39, 7107 }, // Ÿ
    { 14, 19, 18, 2, 19, 34, 7146 }, // Ź
    { 11, 15, 15, 2, 15, 21, 7180 }, // ź
    { 14, 19, 18, 2, 19, 34, 7201 }, // Ż
    { 11, 15, 15, 2, 15, 21, 7235 }, // ż
    { 14, 21, 18, 2, 21, 37, 7256 }, // Ž
    { 11, 17, 15, 2, 17, 24, 7293 }, // ž
    { 7, 15, 10, 1, 14, 14, 7317 }, // ſ
    { 15, 15, 16, -1, 15, 29, 7331 }, // Ɓ
    { 13, 15, 17, 2, 14, 25, 7360 }, // Ɔ
    { 13, 17, 17, 2, 17, 28, 7385 }, // Ƈ
    { 9, 12, 13, 2, 12, 14, 7413 }, // ƈ
    { 16, 14, 18, -1, 14, 28, 7427 }, // Ɖ
    { 16, 14, 18, -1, 14, 28, 7455 }, // Ɗ
    { 11, 14, 15, 2, 14, 20, 7483 }, // Ǝ
    { 10, 11, 14, 2, 10, 14, 7503 }, // Ə
    { 11, 13, 12, 1, 12, 18, 7517 }, // Ɛ
    { 12, 17, 14, 0, 14, 26, 7535 }, // Ƒ
    { 14, 18, 14, 0, 13, 32, 7561 }, // ƒ
    { 15, 18, 19, 2, 18, 34, 7593 }, // Ɠ
    { 16, 19, 16, 0, 14, 38, 7627 }, // Ɣ
    { 5, 12, 9, 3, 12, 8, 7665 }, // Ɩ
    { 7, 14, 9, 1, 14, 13, 7673 }, // Ɨ
    { 15, 15, 18, 0, 14, 29, 7686 }, // Ƙ
    { 11, 16, 15, 2, 16, 22, 7715 }, // ƙ
    { 8, 14, 10, 0, 14, 14, 7737 }, // ƚ
    { 14, 17, 17, 1, 14, 30, 7751 }, // Ɲ
    { 16, 17, 19, 2, 16, 34, 7781 }, // Ơ
    { 12, 11, 14, 2, 11, 17, 7815 }, // ơ
    { 14, 15, 15, -1, 15, 27, 7832 }, // Ƥ
    { 12, 18, 16, 2, 13, 27, 7859 }, // ƥ
    { 10, 14, 10, 0, 13, 18, 7886 }, // Ʃ
    { 14, 14, 18, 1, 14, 25, 7904 }, // Ƭ
    { 9, 17, 13, 2, 16, 20, 7929 }, // ƭ
    { 13, 17, 18, 2, 14, 28, 7949 }, // Ʈ
    { 15, 18, 17, 2, 17, 34, 7977 }, // Ư
    { 12, 12, 14, 2, 12, 18, 8011 }, // ư
    { 13, 15, 15, 1, 16, 25, 8029 }, // Ʊ
    { 13, 19, 17, 2, 18, 31, 8054 }, // Ʋ
    { 15, 16, 18, 2, 16, 30, 8085 }, // Ƴ
    { 13, 14, 15, 2, 9, 23, 8115 }, // ƴ
    { 11, 17, 11, 0, 12, 24, 8138 }, // Ʒ
    { 3, 16, 4, 2, 13, 6, 8162 }, // ǀ
    { 9, 16, 11, 2, 13, 18, 8168 }, // ǁ
    { 10, 16, 10, 0, 12, 20, 8186 }, // ǂ
    { 4, 17, 8, 2, 22, 9, 8206 }, // ǃ
    { 31, 20, 36, 2, 20, 78, 8215 }, // Ǆ
    { 28, 17, 32, 2, 17, 60, 8293 }, // ǅ
    { 19, 18, 23, 2, 17, 43, 8353 }, // ǆ
    { 21, 18, 33, 6, 14, 48, 8396 }, // Ǉ
    { 15, 20, 20, 2, 15, 38, 8444 }, // ǈ
    { 14, 20, 18, 2, 14, 35, 8482 }, // ǉ
    { 22, 20, 26, 2, 14, 55, 8517 }, // Ǌ
    { 18, 21, 22, 2, 14, 48, 8572 }, // ǋ
    { 16, 19, 19, 2, 11, 38, 8620 }, // ǌ
    { 14, 21, 16, 1, 21, 37, 8658 }, // Ǎ
    { 10, 17, 14, 2, 17, 22, 8695 }, // ǎ
    { 10, 23, 9, -1, 23, 29, 8717 }, // Ǐ
    { 10, 17, 8, -1, 17, 22, 8746 }, // ǐ
    { 15, 22, 19, 2, 21, 42, 8768 }, // Ǒ
    { 10, 16, 14, 2, 16, 20, 8810 }, // ǒ
    { 13, 23, 17, 2, 22, 38, 8830 }, // Ǔ
    { 10, 16, 14, 2, 16, 20, 8868 }, // ǔ
    { 13, 28, 17, 2, 27, 46, 8888 }, // Ǖ
    { 10, 21, 14, 2, 21, 27, 8934 }, // ǖ
    { 13, 28, 17, 2, 27, 46, 8961 }, // Ǘ
    { 10, 20, 14, 2, 20, 25, 9007 }, // ǘ
    { 13, 29, 17, 2, 28, 48, 9032 }, // Ǚ
    { 10, 24, 14, 2, 24, 30, 9080 }, // ǚ
    { 13, 29, 17, 2, 28, 48, 9110 }, // Ǜ
    { 10, 22, 14, 2, 22, 28, 9158 }, // ǜ
    { 10, 11, 14, 3, 10, 14, 9186 }, // ǝ
    { 14, 25, 16, 1, 25, 44, 9200 }, // Ǟ
    { 10, 23, 14, 2, 23, 29, 9244 }, // ǟ
    { 14, 27, 16, 1, 27, 48, 9273 }, // Ǡ
    { 10, 22, 14, 2, 22, 28, 9321 }, // ǡ
    { 17, 16, 21, 2, 16, 34, 9349 }, // ǣ
    { 17, 15, 19, 0, 15, 32, 9383 }, // Ǥ
    { 12, 14, 14, 2, 9, 21, 9415 }, // ǥ
    { 15, 23, 19, 2, 23, 44, 9436 }, // Ǧ
    { 11, 22, 14, 2, 17, 31, 9480 }, // ǧ
    { 13, 21, 18, 2, 21, 35, 9511 }, // Ǩ
    { 13, 21, 15, 0, 21, 35, 9546 }, // ǩ
    { 15, 19, 19, 2, 14, 36, 9581 }, // Ǫ
    { 10, 14, 14, 2, 9, 18, 9617 }, // ǫ
    { 15, 25, 19, 2, 20, 47, 9635 }, // Ǭ
    { 10, 20, 14, 2, 15, 25, 9682 }, // ǭ
    { 11, 22, 11, 0, 17, 31, 9707 }, // Ǯ
    { 11, 22, 11, 0, 17, 31, 9738 }, // ǯ
    { 31, 14, 36, 2, 14, 55, 9769 }, // Ǳ
    { 28, 14, 32, 2, 14, 49, 9824 }, // ǲ
    { 18, 15, 22, 2, 14, 34, 9873 }, // ǳ
    { 15, 22, 19, 2, 22, 42, 9907 }, // Ǵ
    { 10, 20, 14, 2, 15, 25, 9949 }, // ǵ
    { 13, 20, 17, 2, 20, 33, 9974 }, // Ǹ
    { 10, 16, 15, 2, 16, 20, 10007 }, // ǹ
    { 14, 27, 16, 1, 27, 48, 10027 }, // Ǻ
    { 10, 23, 14, 2, 23, 29, 10075 }, // ǻ
    { 24, 33, 19, -2, 24, 99, 10104 }, // Ǿ
    { 12, 28, 14, 1, 19, 42, 10203 }, // ǿ
    { 14, 24, 18, 2, 23, 42, 10245 }, // Ș
    { 10, 18, 14, 2, 17, 23, 10287 }, // ș
    { 13, 23, 18, 2, 23, 38, 10310 }, // Ț
    { 9, 21, 13, 2, 20, 24, 10348 }, // ț
    { 13, 21, 15, 0, 21, 35, 10372 }, // ȟ
    { 14, 20, 16, 1, 20, 35, 10407 }, // Ȧ
    { 10, 15, 14, 2, 15, 19, 10442 }, // ȧ
    { 11, 18, 15, 2, 14, 25, 10461 }, // Ȩ
    { 10, 13, 14, 2, 9, 17, 10486 }, // ȩ
    { 15, 25, 19, 2, 24, 47, 10503 }, // Ȫ
    { 10, 14, 14, 2, 14, 18, 10550 }, // ȫ
    { 6, 15, 10, 2, 10, 12, 10568 }, // ȷ
    { 14, 14, 15, -1, 14, 25, 10580 }, // Ƚ
    { 8, 10, 10, 1, 13, 10, 10605 }, // ɂ
    { 14, 14, 16, 0, 14, 25, 10615 }, // Ƀ
    { 18, 15, 19, 2, 14, 34, 10640 }, // Ʉ
    { 15, 14, 19, 2, 14, 27, 10674 }, // Ʌ
    { 12, 14, 16, 2, 10, 21, 10701 }, // ɋ
    { 14, 15, 16, 0, 14, 27, 10722 }, // Ɍ
    { 7, 4, 0, 0, 13, 4, 10749 }, // ̀
    { 5, 4, 0, 0, 13, 3, 10753 }, // ́
    { 10, 5, 0, 0, 1, 7, 10756 }, // ̂
    { 7, 4, 0, 0, 12, 4, 10763 }, // ̃
    { 10, 3, 0, 0, 12, 4, 10767 }, // ̄
    { 12, 3, 0, 0, 15, 5, 10771 }, // ̅
    { 9, 5, 0, 0, 13, 6, 10776 }, // ̆
    { 5, 4, 0, 2, 14, 3, 10782 }, // ̇
    { 8, 4, 0, 0, 13, 4, 10785 }, // ̈
    { 4, 4, 0, 3, 11, 2, 10789 }, // ̉
    { 5, 4, 0, 0, 13, 3, 10791 }, // ̊
    { 15, 4, 0, 0, 13, 8, 10794 }, // ̋
    { 10, 5, 0, 0, 13, 7, 10802 }, // ̌
    { 15, 4, 0, -4, 13, 8, 10809 }, // ̏
    { 6, 6, 0, 0, 13, 5, 10817 }, // ̒
    { 6, 6, 0, 0, 13, 5, 10822 }, // ̓
    { 6, 6, 0, -1, 13, 5, 10827 }, // ̔
    { 5, 5, 0, 0, 0, 4, 10832 }, // ̘
    { 5, 5, 0, 0, 0, 4, 10836 }, // ̙
    { 9, 5, 0, 0, 14, 6, 10840 }, // ̚
    { 4, 5, 0, 0, 11, 3, 10846 }, // ̛
    { 4, 6, 0, 0, 0, 3, 10849 }, // ̜
    { 6, 4, 0, 0, 3, 3, 10852 }, // ̝
    { 6, 4, 0, 0, 0, 3, 10855 }, // ̞
    { 4, 5, 0, 1, -1, 3, 10858 }, // ̟
    { 10, 3, 0, 0, -2, 4, 10861 }, // ̠
    { 5, 4, 0, 0, 2, 3, 10865 }, // ̣
    { 8, 4, 0, 0, -1, 4, 10868 }, // ̤
    { 5, 4, 0, 0, 13, 3, 10872 }, // ̥
    { 6, 6, 0, 0, 3, 5, 10875 }, // ̦
    { 5, 6, 0, 0, 1, 4, 10880 }, // ̧
    { 5, 6, 0, 1, 1, 4, 10884 }, // ̨
    { 4, 6, 0, 0, 0, 3, 10888 }, // ̩
    { 7, 4, 0, 0, 0, 4, 10891 }, // ̪
    { 11, 5, 0, -1, 1, 7, 10895 }, // ̬
    { 11, 5, 0, -1, 1, 7, 10902 }, // ̭
    { 7, 4, 0, 1, 14, 4, 10909 }, // ̰
    { 9, 3, 0, 0, 14, 4, 10913 }, // ̱
    { 9, 3, 0, 0, -1, 4, 10917 }, // ̲
    { 7, 4, 0, 1, 14, 4, 10921 }, // ̴
    { 9, 2, 0, 0, 6, 3, 10925 }, // ̵
    { 4, 6, 0, 0, 0, 3, 10928 }, // ̹
    { 8, 6, 0, 0, 1, 6, 10931 }, // ̺
    { 7, 6, 0, 0, 1, 6, 10937 }, // ̻
    { 7, 5, 0, 0, 1, 5, 10943 }, // ̼
    { 6, 4, 0, 1, 13, 3, 10948 }, // ̽
    { 7, 4, 0, 0, 12, 4, 10951 }, // ͂
    { 3, 5, 0, 4, 15, 2, 10955 }, // ̓
    { 9, 12, 0, 0, 21, 14, 10957 }, // ̈́
    { 7, 4, 0, 0, 14, 4, 10971 }, // ͆
    { 10, 7, 0, 0, 0, 9, 10975 }, // ͇
    { 8, 5, 0, 0, 0, 5, 10984 }, // ͈
    { 7, 6, 0, 0, 0, 6, 10989 }, // ͉
    { 8, 13, 0, 1, 18, 13, 10995 }, // ͊
    { 16, 13, 0, 0, 19, 26, 11008 }, // ͋
    { 10, 10, 0, 7, 10, 13, 11034 }, // ͌
    { 9, 4, 0, 1, -2, 5, 11047 }, // ͍
    { 4, 3, 0, 0, 2, 2, 11052 }, // ͎
    { 15, 5, 0, 0, 1, 10, 11054 }, // ͜
    { 15, 5, 0, 0, 14, 10, 11064 }, // ͡
    { 19, 6, 0, 0, 0, 15, 11074 }, // ͢
    { 11, 20, 15, 2, 20, 28, 11089 }, // Ѐ
    { 11, 20, 15, 2, 20, 28, 11117 }, // Ё
    { 14, 16, 11, -2, 15, 28, 11145 }, // Ђ
    { 11, 20, 11, 0, 19, 28, 11173 }, // Ѓ
    { 14, 15, 14, 0, 13, 27, 11201 }, // Є
    { 14, 16, 18, 2, 15, 28, 11228 }, // Ѕ
    { 5, 14, 9, 2, 14, 9, 11256 }, // І
    { 8, 21, 9, 0, 21, 21, 11265 }, // Ї
    { 11, 18, 15, 2, 14, 25, 11286 }, // Ј
    { 17, 15, 19, 1, 13, 32, 11311 }, // Љ
    { 16, 15, 10, -3, 14, 30, 11343 }, // Њ
    { 16, 16, 18, 2, 16, 32, 11373 }, // Ћ
    { 13, 19, 18, 2, 19, 31, 11405 }, // Ќ
    { 13, 21, 17, 2, 21, 35, 11436 }, // Ѝ
    { 11, 22, 13, 1, 20, 31, 11471 }, // Ў
    { 11, 17, 13, 1, 13, 24, 11502 }, // Џ
    { 14, 14, 16, 1, 14, 25, 11526 }, // А
    { 9, 13, 11, 1, 13, 15, 11551 }, // Б
    { 10, 14, 11, 1, 13, 18, 11566 }, // В
    { 11, 14, 11, 0, 13, 20, 11584 }, // Г
    { 14, 15, 14, 0, 13, 27, 11604 }, // Д
    { 11, 15, 15, 2, 15, 21, 11631 }, // Е
    { 21, 14, 19, -1, 14, 37, 11652 }, // Ж
    { 9, 13, 11, 1, 13, 15, 11689 }, // З
    { 13, 14, 17, 2, 14, 23, 11704 }, // И
    { 13, 22, 17, 2, 22, 36, 11727 }, // Й
    { 13, 14, 18, 2, 14, 23, 11763 }, // К
    { 11, 15, 10, -1, 13, 21, 11786 }, // Л
    { 14, 14, 14, 0, 13, 25, 11807 }, // М
    { 13, 14, 18, 2, 14, 23, 11832 }, // Н
    { 15, 15, 19, 2, 14, 29, 11855 }, // О
    { 11, 14, 11, 0, 13, 20, 11884 }, // П
    { 11, 15, 15, 2, 15, 21, 11904 }, // Р
    { 12, 15, 17, 2, 15, 23, 11925 }, // С
    { 13, 14, 18, 2, 14, 23, 11948 }, // Т
    { 11, 15, 13, 1, 13, 21, 11971 }, // У
    { 13, 13, 15, 1, 13, 22, 11992 }, // Ф
    { 14, 14, 19, 2, 14, 25, 12014 }, // Х
    { 12, 17, 12, 0, 13, 26, 12039 }, // Ц
    { 9, 13, 11, 1, 13, 15, 12065 }, // Ч
    { 13, 14, 14, 0, 13, 23, 12080 }, // Ш
    { 15, 16, 15, 0, 13, 30, 12103 }, // Щ
    { 13, 12, 10, -3, 12, 20, 12133 }, // Ъ
    { 17, 14, 19, 0, 14, 30, 12153 }, // Ы
    { 10, 12, 10, 0, 12, 15, 12183 }, // Ь
    { 13, 15, 14, 0, 13, 25, 12198 }, // Э
    { 14, 13, 15, 1, 13, 23, 12223 }, // Ю
    { 12, 15, 16, 2, 14, 23, 12246 }, // Я
    { 10, 10, 14, 2, 10, 13, 12269 }, // а
    { 11, 16, 12, 0, 15, 22, 12282 }, // б
    { 8, 9, 12, 2, 9, 9, 12304 }, // в
    { 10, 11, 10, 0, 9, 14, 12313 }, // г
    { 12, 12, 13, 0, 9, 18, 12327 }, // д
    { 10, 9, 14, 2, 9, 12, 12345 }, // е
    { 20, 12, 24, 2, 12, 30, 12357 }, // ж
    { 7, 9, 8, 0, 9, 8, 12387 }, // з
    { 11, 11, 11, 0, 9, 16, 12395 }, // и
    { 9, 16, 11, 1, 16, 18, 12411 }, // й
    { 10, 9, 13, 2, 9, 12, 12429 }, // к
    { 8, 10, 7, -1, 9, 10, 12441 }, // л
    { 12, 11, 14, 1, 11, 17, 12451 }, // м
    { 10, 11, 14, 2, 11, 14, 12468 }, // н
    { 10, 9, 14, 2, 9, 12, 12482 }, // о
    { 11, 11, 11, 0, 9, 16, 12494 }, // п
    { 12, 15, 16, 2, 10, 23, 12510 }, // р
    { 9, 10, 13, 2, 10, 12, 12533 }, // с
    { 11, 11, 11, 0, 9, 16, 12545 }, // т
    { 11, 14, 15, 2, 9, 20, 12561 }, // у
    { 14, 13, 15, 0, 9, 23, 12581 }, // ф
    { 12, 11, 12, 0, 9, 17, 12604 }, // х
    { 12, 12, 12, 0, 9, 18, 12621 }, // ц
    { 7, 9, 8, 0, 9, 8, 12639 }, // ч
    { 13, 10, 14, 0, 9, 17, 12647 }, // ш
    { 15, 13, 15, 0, 9, 25, 12664 }, // щ
    { 10, 10, 8, -3, 10, 13, 12689 }, // ъ
    { 13, 11, 15, 0, 11, 18, 12702 }, // ы
    { 7, 10, 8, 0, 10, 9, 12720 }, // ь
    { 9, 10, 11, 1, 10, 12, 12729 }, // э
    { 11, 9, 12, 1, 9, 13, 12741 }, // ю
    { 10, 11, 14, 2, 11, 14, 12754 }, // я
    { 10, 17, 14, 2, 17, 22, 12768 }, // ѐ
    { 10, 16, 14, 2, 16, 20, 12790 }, // ё
    { 13, 16, 15, 0, 14, 26, 12810 }, // ђ
    { 10, 15, 10, 0, 13, 19, 12836 }, // ѓ
    { 10, 10, 10, 0, 9, 13, 12855 }, // є
    { 10, 11, 14, 2, 10, 14, 12868 }, // ѕ
    { 4, 15, 8, 2, 15, 8, 12882 }, // і
    { 8, 15, 8, 0, 15, 15, 12890 }, // ї
    { 7, 20, 10, 2, 15, 18, 12905 }, // ј
    { 12, 10, 13, 1, 9, 15, 12923 }, // љ
    { 11, 9, 7, -2, 9, 13, 12938 }, // њ
    { 13, 14, 15, 0, 14, 23, 12951 }, // ћ
    { 10, 14, 13, 2, 14, 18, 12974 }, // ќ
    { 11, 17, 11, 0, 15, 24, 12992 }, // ѝ
    { 11, 22, 15, 2, 17, 31, 13016 }, // ў
    { 8, 13, 10, 1, 10, 13, 13047 }, // џ
    { 12, 14, 12, 0, 13, 21, 13060 }, // Ѣ
    { 12, 14, 11, -1, 13, 21, 13081 }, // ѣ
    { 16, 14, 14, -1, 13, 28, 13102 }, // Ѫ
    { 12, 10, 10, -1, 10, 15, 13130 }, // ѫ
    { 13, 18, 18, 3, 18, 30, 13145 }, // Ѳ
    { 11, 13, 14, 2, 13, 18, 13175 }, // ѳ
    { 17, 17, 19, 2, 17, 37, 13193 }, // Ѵ
    { 12, 12, 14, 1, 12, 18, 13230 }, // ѵ
    { 8, 6, 0, 1, 16, 6, 13248 }, // ҆
    { 11, 15, 11, 0, 14, 21, 13254 }, // Ґ
    { 10, 14, 10, 0, 12, 18, 13275 }, // ґ
    { 12, 14, 11, -1, 13, 21, 13293 }, // Ғ
    { 8, 9, 8, -1, 9, 9, 13314 }, // ғ
    { 11, 16, 10, -1, 15, 22, 13323 }, // Ҕ
    { 7, 10, 6, 0, 9, 9, 13345 }, // ҕ
    { 23, 17, 24, 1, 14, 49, 13354 }, // Җ
    { 15, 11, 17, 1, 9, 21, 13403 }, // җ
    { 9, 16, 11, 1, 13, 18, 13424 }, // Ҙ
    { 7, 14, 8, 0, 9, 13, 13442 }, // ҙ
    { 14, 17, 12, 1, 14, 30, 13455 }, // Қ
    { 10, 11, 8, 1, 9, 14, 13485 }, // қ
    { 16, 14, 18, 1, 13, 28, 13499 }, // Ҝ
    { 12, 9, 12, 0, 9, 14, 13527 }, // ҝ
    { 13, 14, 18, 2, 14, 23, 13541 }, // Ҟ
    { 12, 14, 15, 1, 14, 21, 13564 }, // ҟ
    { 15, 14, 18, 0, 14, 27, 13585 }, // Ҡ
    { 11, 9, 12, 0, 9, 13, 13612 }, // ҡ
    { 14, 16, 13, 0, 14, 28, 13625 }, // Ң
    { 10, 11, 9, 0, 9, 14, 13653 }, // ң
    { 19, 14, 18, 2, 14, 34, 13667 }, // Ҥ
    { 14, 9, 12, 1, 9, 16, 13701 }, // ҥ
    { 18, 16, 21, 2, 15, 36, 13717 }, // Ҧ
    { 16, 17, 21, 2, 12, 34, 13753 }, // ҧ
    { 17, 14, 11, -3, 13, 30, 13787 }, // Ҩ
    { 13, 11, 9, -2, 10, 18, 13817 }, // ҩ
    { 12, 17, 17, 2, 15, 26, 13835 }, // Ҫ
    { 9, 12, 13, 2, 10, 14, 13861 }, // ҫ
    { 13, 16, 13, 0, 14, 26, 13875 }, // Ҭ
    { 9, 11, 9, 0, 9, 13, 13901 }, // ҭ
    { 14, 14, 18, 2, 14, 25, 13914 }, // Ү
    { 11, 13, 13, 1, 9, 18, 13939 }, // ү
    { 14, 14, 18, 2, 14, 25, 13957 }, // Ұ
    { 11, 14, 13, 1, 10, 20, 13982 }, // ұ
    { 14, 17, 13, 2, 14, 30, 14002 }, // Ҳ
    { 10, 11, 9, 1, 9, 14, 14032 }, // ҳ
    { 16, 16, 10, -3, 13, 32, 14046 }, // Ҵ
    { 11, 12, 7, -2, 9, 17, 14078 }, // ҵ
    { 12, 17, 11, 0, 13, 26, 14095 }, // Ҷ
    { 8, 12, 8, 0, 9, 12, 14121 }, // ҷ
    { 9, 13, 11, 1, 13, 15, 14133 }, // Ҹ
    { 7, 9, 8, 0, 9, 8, 14148 }, // ҹ
    { 11, 15, 11, 0, 14, 21, 14156 }, // Һ
    { 11, 14, 15, 2, 14, 20, 14177 }, // һ
    { 18, 13, 16, -3, 12, 30, 14197 }, // Ҽ
    { 14, 9, 12, -3, 9, 16, 14227 }, // ҽ
    { 19, 15, 15, -3, 12, 36, 14243 }, // Ҿ
    { 14, 12, 11, -2, 10, 21, 14279 }, // ҿ
    { 5, 14, 9, 2, 14, 9, 14300 }, // Ӏ
    { 21, 23, 19, -1, 23, 61, 14309 }, // Ӂ
    { 20, 20, 24, 2, 20, 50, 14370 }, // ӂ
    { 11, 18, 12, 1, 13, 25, 14420 }, // Ӄ
    { 8, 13, 8, 0, 9, 13, 14445 }, // ӄ
    { 13, 17, 10, -1, 13, 28, 14458 }, // Ӆ
    { 9, 12, 7, -1, 9, 14, 14486 }, // ӆ
    { 14, 19, 18, 2, 14, 34, 14500 }, // Ӈ
    { 10, 13, 12, 1, 9, 17, 14534 }, // ӈ
    { 14, 20, 18, 2, 14, 35, 14551 }, // Ӊ
    { 11, 13, 12, 1, 9, 18, 14586 }, // ӊ
    { 11, 17, 11, 0, 13, 24, 14604 }, // Ӌ
    { 7, 12, 10, 2, 9, 11, 14628 }, // ӌ
    { 17, 20, 19, 2, 14, 43, 14639 }, // Ӎ
    { 12, 13, 13, 1, 9, 20, 14682 }, // ӎ
    { 4, 13, 10, 3, 12, 7, 14702 }, // ӏ
    { 14, 20, 16, 1, 20, 35, 14709 }, // Ӑ
    { 10, 15, 14, 2, 15, 19, 14744 }, // ӑ
    { 14, 19, 16, 1, 19, 34, 14763 }, // Ӓ
    { 10, 15, 14, 2, 15, 19, 14797 }, // ӓ
    { 21, 15, 23, 1, 14, 40, 14816 }, // Ӕ
    { 17, 10, 21, 2, 10, 22, 14856 }, // ӕ
    { 11, 21, 15, 2, 21, 29, 14878 }, // Ӗ
    { 10, 17, 14, 2, 17, 22, 14907 }, // ӗ
    { 13, 15, 18, 3, 14, 25, 14929 }, // Ә
    { 10, 11, 14, 3, 10, 14, 14954 }, // ә
    { 13, 20, 18, 3, 19, 33, 14968 }, // Ӛ
    { 10, 14, 14, 3, 10, 18, 15001 }, // ӛ
    { 21, 22, 23, 1, 22, 58, 15019 }, // Ӝ
    { 20, 19, 24, 2, 19, 48, 15077 }, // ӝ
    { 9, 21, 11, 1, 21, 24, 15125 }, // Ӟ
    { 8, 13, 8, -1, 13, 13, 15149 }, // ӟ
    { 9, 14, 11, 1, 13, 16, 15162 }, // Ӡ
    { 9, 14, 11, 1, 10, 16, 15178 }, // ӡ
    { 13, 22, 17, 2, 22, 36, 15194 }, // Ӣ
    { 11, 17, 11, 0, 15, 24, 15230 }, // ӣ
    { 13, 21, 17, 2, 21, 35, 15254 }, // Ӥ
    { 11, 16, 11, 0, 14, 22, 15289 }, // ӥ
    { 15, 20, 19, 2, 19, 38, 15311 }, // Ӧ
    { 11, 16, 14, 1, 16, 22, 15349 }, // ӧ
    { 13, 14, 19, 3, 14, 23, 15371 }, // Ө
    { 10, 9, 14, 2, 9, 12, 15394 }, // ө
    { 13, 19, 19, 3, 19, 31, 15406 }, // Ӫ
    { 10, 14, 14, 2, 14, 18, 15437 }, // ӫ
    { 13, 22, 14, 0, 20, 36, 15455 }, // Ӭ
    { 9, 14, 11, 1, 14, 16, 15491 }, // ӭ
    { 11, 22, 13, 1, 20, 31, 15507 }, // Ӯ
    { 11, 22, 15, 2, 17, 31, 15538 }, // ӯ
    { 11, 21, 13, 1, 19, 29, 15569 }, // Ӱ
    { 11, 22, 15, 2, 17, 31, 15598 }, // ӱ
    { 15, 21, 13, 0, 19, 40, 15629 }, // Ӳ
    { 15, 21, 15, 2, 16, 40, 15669 }, // ӳ
    { 9, 17, 11, 1, 17, 20, 15709 }, // Ӵ
    { 8, 13, 8, 0, 13, 13, 15729 }, // ӵ
    { 11, 16, 11, 0, 13, 22, 15742 }, // Ӷ
    { 8, 11, 8, 0, 9, 11, 15764 }, // ӷ
    { 17, 22, 19, 0, 22, 47, 15775 }, // Ӹ
    { 13, 18, 15, 0, 18, 30, 15822 }, // ӹ
    { 16, 16, 19, 2, 14, 32, 15852 }, // Ӽ
    { 12, 11, 13, 1, 9, 17, 15884 }, // ӽ
    { 14, 19, 16, 1, 14, 34, 15901 }, // Ḁ
    { 11, 22, 15, 2, 21, 31, 15935 }, // ḃ
    { 12, 18, 16, 2, 14, 27, 15966 }, // Ḅ
    { 11, 22, 15, 2, 15, 31, 15993 }, // ḅ
    { 13, 20, 18, 2, 20, 33, 16024 }, // Ḋ
    { 11, 14, 15, 2, 14, 20, 16057 }, // ḋ
    { 13, 19, 18, 2, 14, 31, 16077 }, // Ḍ
    { 11, 21, 15, 2, 14, 29, 16108 }, // ḍ
    { 13, 18, 18, 2, 14, 30, 16137 }, // Ḏ
    { 11, 20, 15, 2, 14, 28, 16167 }, // ḏ
    { 13, 19, 18, 2, 14, 31, 16195 }, // Ḓ
    { 11, 21, 15, 2, 14, 29, 16226 }, // ḓ
    { 10, 22, 14, 2, 22, 28, 16255 }, // ḕ
    { 10, 25, 14, 2, 25, 32, 16283 }, // ḗ
    { 11, 21, 15, 2, 14, 29, 16315 }, // Ḛ
    { 10, 20, 14, 2, 20, 25, 16344 }, // Ḟ
    { 7, 19, 11, 2, 19, 17, 16369 }, // ḟ
    { 15, 22, 19, 2, 22, 42, 16386 }, // Ḡ
    { 11, 20, 14, 2, 15, 28, 16428 }, // ḡ
    { 13, 20, 18, 2, 14, 33, 16456 }, // Ḥ
    { 11, 22, 15, 2, 14, 31, 16489 }, // ḥ
    { 13, 19, 18, 2, 14, 31, 16520 }, // Ḩ
    { 11, 19, 15, 2, 14, 27, 16551 }, // ḩ
    { 9, 26, 9, 0, 26, 30, 16578 }, // Ḯ
    { 8, 23, 8, 0, 23, 23, 16608 }, // ḯ
    { 11, 21, 15, 2, 14, 29, 16631 }, // Ḷ
    { 6, 21, 10, 2, 14, 16, 16660 }, // ḷ
    { 11, 21, 15, 2, 14, 29, 16676 }, // Ḽ
    { 11, 20, 10, -1, 14, 28, 16705 }, // ḽ
    { 15, 18, 19, 2, 18, 34, 16733 }, // Ḿ
    { 16, 15, 20, 2, 15, 30, 16767 }, // ḿ
    { 15, 19, 19, 2, 19, 36, 16797 }, // Ṁ
    { 16, 15, 20, 2, 15, 30, 16833 }, // ṁ
    { 15, 19, 19, 2, 14, 36, 16863 }, // Ṃ
    { 13, 20, 17, 2, 20, 33, 16899 }, // Ṅ
    { 10, 16, 15, 2, 16, 20, 16932 }, // ṅ
    { 13, 21, 17, 2, 14, 35, 16952 }, // Ṇ
    { 10, 17, 15, 2, 10, 22, 16987 }, // ṇ
    { 13, 21, 17, 2, 14, 35, 17009 }, // Ṋ
    { 10, 17, 15, 2, 10, 22, 17044 }, // ṋ
    { 15, 25, 19, 2, 24, 47, 17066 }, // Ṍ
    { 10, 22, 14, 2, 22, 28, 17113 }, // ṍ
    { 10, 18, 14, 2, 18, 23, 17141 }, // ṏ
    { 15, 25, 19, 2, 24, 47, 17164 }, // Ṑ
    { 10, 21, 14, 2, 21, 27, 17211 }, // ṑ
    { 15, 25, 19, 2, 24, 47, 17238 }, // Ṓ
    { 10, 21, 14, 2, 21, 27, 17285 }, // ṓ
    { 11, 21, 15, 2, 21, 29, 17312 }, // Ṗ
    { 12, 19, 16, 2, 14, 29, 17341 }, // ṗ
    { 12, 22, 16, 2, 14, 33, 17370 }, // Ṛ
    { 8, 17, 12, 2, 9, 17, 17403 }, // ṛ
    { 14, 21, 18, 2, 20, 37, 17420 }, // Ṡ
    { 10, 15, 14, 2, 14, 19, 17457 }, // ṡ
    { 14, 22, 18, 2, 15, 39, 17476 }, // Ṣ
    { 10, 17, 14, 2, 10, 22, 17515 }, // ṣ
    { 14, 26, 18, 2, 25, 46, 17537 }, // Ṥ
    { 10, 20, 14, 2, 19, 25, 17583 }, // ṥ
    { 14, 26, 18, 2, 25, 46, 17608 }, // Ṧ
    { 10, 20, 14, 2, 19, 25, 17654 }, // ṧ
    { 13, 20, 18, 2, 20, 33, 17679 }, // Ṫ
    { 9, 18, 13, 2, 17, 21, 17712 }, // ṫ
    { 13, 20, 18, 2, 14, 33, 17733 }, // Ṭ
    { 9, 20, 13, 2, 13, 23, 17766 }, // ṭ
    { 13, 19, 18, 2, 14, 31, 17789 }, // Ṯ
    { 9, 18, 13, 2, 13, 21, 17820 }, // ṯ
    { 13, 19, 18, 2, 14, 31, 17841 }, // Ṱ
    { 11, 20, 13, 2, 13, 28, 17872 }, // ṱ
    { 13, 22, 17, 2, 14, 36, 17900 }, // Ṳ
    { 13, 22, 17, 2, 14, 36, 17936 }, // Ṵ
    { 15, 20, 19, 2, 20, 38, 17972 }, // Ṽ
    { 12, 15, 16, 2, 15, 23, 18010 }, // ṽ
    { 20, 20, 24, 2, 20, 50, 18033 }, // Ẁ
    { 14, 17, 19, 2, 15, 30, 18083 }, // ẁ
    { 20, 23, 24, 2, 23, 58, 18113 }, // Ẃ
    { 14, 20, 19, 2, 18, 35, 18171 }, // ẃ
    { 20, 21, 24, 2, 21, 53, 18206 }, // Ẅ
    { 14, 18, 19, 2, 16, 32, 18259 }, // ẅ
    { 14, 20, 18, 2, 20, 35, 18291 }, // Ẑ
    { 11, 16, 15, 2, 16, 22, 18326 }, // ẑ
    { 14, 21, 18, 2, 14, 37, 18348 }, // Ẓ
    { 11, 16, 15, 2, 9, 22, 18385 }, // ẓ
    { 31, 16, 36, 2, 15, 62, 18407 }, // ẞ
    { 14, 19, 16, 1, 14, 34, 18469 }, // Ạ
    { 10, 16, 14, 2, 10, 20, 18503 }, // ạ
    { 14, 20, 16, 1, 20, 35, 18523 }, // Ả
    { 10, 16, 14, 2, 16, 20, 18558 }, // ả
    { 14, 25, 16, 1, 25, 44, 18578 }, // Ấ
    { 11, 18, 14, 2, 18, 25, 18622 }, // ấ
    { 16, 21, 16, -1, 21, 42, 18647 }, // Ầ
    { 15, 18, 14, -3, 18, 34, 18689 }, // ầ
    { 14, 26, 16, 1, 26, 46, 18723 }, // Ẩ
    { 12, 19, 14, 2, 19, 29, 18769 }, // ẩ
    { 14, 24, 16, 1, 24, 42, 18798 }, // Ẫ
    { 10, 19, 14, 2, 19, 24, 18840 }, // ẫ
    { 14, 25, 16, 1, 20, 44, 18864 }, // Ậ
    { 10, 22, 14, 2, 16, 28, 18908 }, // ậ
    { 14, 25, 16, 1, 25, 44, 18936 }, // Ắ
    { 10, 21, 14, 2, 21, 27, 18980 }, // ắ
    { 14, 25, 16, 1, 25, 44, 19007 }, // Ằ
    { 10, 21, 14, 2, 21, 27, 19051 }, // ằ
    { 14, 26, 16, 1, 26, 46, 19078 }, // Ẳ
    { 10, 23, 14, 2, 23, 29, 19124 }, // ẳ
    { 14, 26, 16, 1, 26, 46, 19153 }, // Ẵ
    { 10, 21, 14, 2, 21, 27, 19199 }, // ẵ
    { 14, 25, 16, 1, 20, 44, 19226 }, // Ặ
    { 10, 22, 14, 2, 16, 28, 19270 }, // ặ
    { 11, 21, 15, 2, 14, 29, 19298 }, // Ẹ
    { 10, 16, 14, 2, 9, 20, 19327 }, // ẹ
    { 11, 21, 15, 2, 21, 29, 19347 }, // Ẻ
    { 10, 17, 14, 2, 17, 22, 19376 }, // ẻ
    { 11, 21, 15, 2, 21, 29, 19398 }, // Ẽ
    { 10, 17, 14, 2, 17, 22, 19427 }, // ẽ
    { 14, 21, 15, 2, 21, 37, 19449 }, // Ế
    { 13, 17, 14, 2, 17, 28, 19486 }, // ế
    { 14, 22, 15, -1, 22, 39, 19514 }, // Ề
    { 13, 19, 14, -1, 19, 31, 19553 }, // ề
    { 11, 23, 15, 2, 23, 32, 19584 }, // Ể
    { 12, 20, 14, 2, 20, 30, 19616 }, // ể
    { 11, 24, 15, 2, 24, 33, 19646 }, // Ễ
    { 10, 21, 14, 2, 21, 27, 19679 }, // ễ
    { 11, 28, 15, 2, 21, 39, 19706 }, // Ệ
    { 10, 24, 14, 2, 17, 30, 19745 }, // ệ
    { 5, 22, 9, 2, 22, 14, 19775 }, // Ỉ
    { 4, 16, 8, 2, 16, 8, 19789 }, // ỉ
    { 5, 21, 9, 2, 14, 14, 19797 }, // Ị
    { 4, 22, 8, 2, 15, 11, 19811 }, // ị
    { 15, 22, 19, 2, 14, 42, 19822 }, // Ọ
    { 10, 16, 14, 2, 9, 20, 19864 }, // ọ
    { 15, 21, 19, 2, 20, 40, 19884 }, // Ỏ
    { 10, 15, 14, 2, 15, 19, 19924 }, // ỏ
    { 15, 21, 19, 2, 20, 40, 19943 }, // Ố
    { 13, 16, 14, 2, 16, 26, 19983 }, // ố
    { 17, 22, 19, 0, 21, 47, 20009 }, // Ồ
    { 13, 17, 14, -1, 17, 28, 20056 }, // ồ
    { 15, 23, 19, 2, 22, 44, 20084 }, // Ổ
    { 12, 18, 14, 2, 18, 27, 20128 }, // ổ
    { 15, 25, 19, 2, 24, 47, 20155 }, // Ỗ
    { 10, 19, 14, 2, 19, 24, 20202 }, // ỗ
    { 15, 28, 19, 2, 20, 53, 20226 }, // Ộ
    { 10, 22, 14, 2, 15, 28, 20279 }, // ộ
    { 16, 21, 19, 2, 20, 42, 20307 }, // Ớ
    { 12, 15, 14, 2, 15, 23, 20349 }, // ớ
    { 16, 21, 19, 2, 20, 42, 20372 }, // Ờ
    { 12, 15, 14, 2, 15, 23, 20414 }, // ờ
    { 16, 21, 19, 2, 20, 42, 20437 }, // Ở
    { 12, 15, 14, 2, 15, 23, 20479 }, // ở
    { 16, 21, 19, 2, 20, 42, 20502 }, // Ỡ
    { 12, 16, 14, 2, 16, 24, 20544 }, // ỡ
    { 16, 24, 19, 2, 16, 48, 20568 }, // Ợ
    { 12, 18, 14, 2, 11, 27, 20616 }, // ợ
    { 13, 22, 17, 2, 14, 36, 20643 }, // Ụ
    { 10, 17, 14, 2, 9, 22, 20679 }, // ụ
    { 13, 22, 17, 2, 21, 36, 20701 }, // Ủ
    { 10, 15, 14, 2, 15, 19, 20737 }, // ủ
    { 15, 22, 17, 2, 21, 42, 20756 }, // Ứ
    { 12, 15, 14, 2, 15, 23, 20798 }, // ứ
    { 15, 22, 17, 2, 21, 42, 20821 }, // Ừ
    { 12, 15, 14, 2, 15, 23, 20863 }, // ừ
    { 15, 22, 17, 2, 21, 42, 20886 }, // Ử
    { 12, 15, 14, 2, 15, 23, 20928 }, // ử
    { 15, 22, 17, 2, 21, 42, 20951 }, // Ữ
    { 12, 15, 14, 2, 15, 23, 20993 }, // ữ
    { 15, 25, 17, 2, 17, 47, 21016 }, // Ự
    { 12, 20, 14, 2, 12, 30, 21063 }, // ự
    { 14, 21, 18, 2, 21, 37, 21093 }, // Ỳ
    { 11, 21, 15, 2, 16, 29, 21130 }, // ỳ
    { 14, 23, 18, 2, 14, 41, 21159 }, // Ỵ
    { 13, 16, 15, 2, 9, 26, 21200 }, // ỵ
    { 14, 23, 18, 2, 23, 41, 21226 }, // Ỷ
    { 11, 23, 15, 2, 18, 32, 21267 }, // ỷ
    { 14, 23, 18, 2, 23, 41, 21299 }, // Ỹ
    { 11, 22, 15, 2, 17, 31, 21340 }, // ỹ
    { 0, 0, 11, 0, 0, 0, 21371 }, //  
    { 0, 0, 19, 0, 0, 0, 21371 }, //  
    { 0, 0, 11, 0, 0, 0, 21371 }, //  
    { 0, 0, 19, 0, 0, 0, 21371 }, //  
    { 0, 0, 8, 0, 0, 0, 21371 }, //  
    { 0, 0, 7, 0, 0, 0, 21371 }, //  
    { 0, 0, 5, 0, 0, 0, 21371 }, //  
    { 0, 0, 12, 0, 0, 0, 21371 }, //  
    { 0, 0, 4, 0, 0, 0, 21371 }, //  
    { 0, 0, 6, 0, 0, 0, 21371 }, //  
    { 0, 0, 5, 0, 0, 0, 21371 }, //  
    { 0, 0, 3, 0, 0, 0, 21371 }, // ​
    { 0, 0, 0, 0, 0, 0, 21371 }, // ‌
    { 0, 0, 0, 0, 0, 0, 21371 }, // ‍
    { 0, 0, 0, 0, 0, 0, 21371 }, // ‎
    { 0, 0, 0, 0, 0, 0, 21371 }, // ‏
    { 9, 2, 9, 0, 6, 3, 21371 }, // ‐
    { 9, 2, 9, 0, 6, 3, 21374 }, // ‑
    { 13, 2, 9, -2, 6, 4, 21377 }, // ‒
    { 13, 4, 13, 0, 7, 7, 21381 }, // –
    { 18, 4, 19, 0, 7, 9, 21388 }, // —
    { 18, 4, 19, 0, 7, 9, 21397 }, // ―
    { 8, 16, 9, 2, 13, 16, 21406 }, // ‖
    { 15, 6, 9, -3, -1, 12, 21422 }, // ‗
    { 6, 6, 7, 1, 15, 5, 21434 }, // ‘
    { 6, 6, 7, 1, 15, 5, 21439 }, // ’
    { 6, 6, 5, 0, 3, 5, 21444 }, // ‚
    { 6, 6, 7, 1, 15, 5, 21449 }, // ‛
    { 11, 6, 13, 1, 15, 9, 21454 }, // “
    { 11, 6, 13, 1, 15, 9, 21463 }, // ”
    { 6, 6, 5, 0, 3, 5, 21472 }, // „
    { 11, 6, 13, 1, 15, 9, 21477 }, // ‟
    { 10, 24, 13, 2, 18, 30, 21486 }, // †
    { 10, 23, 14, 3, 17, 29, 21516 }, // ‡
    { 14, 13, 8, -3, 15, 23, 21545 }, // •
    { 6, 7, 10, 2, 8, 6, 21568 }, // ‣
    { 4, 4, 10, 3, 4, 2, 21574 }, // ․
    { 4, 4, 10, 3, 4, 2, 21576 }, // ‥
    { 16, 4, 16, 0, 4, 8, 21578 }, // …
    { 3, 2, 9, 3, 6, 1, 21586 }, // ‧
    { 0, 0, 18, 0, 0, 0, 21587 }, //  
    { 13, 15, 19, 3, 13, 25, 21587 }, // ‰
    { 7, 6, 9, 2, 15, 6, 21612 }, // ′
    { 12, 6, 13, 2, 15, 9, 21618 }, // ″
    { 13, 6, 7, 1, 14, 10, 21627 }, // ‴
    { 5, 6, 7, 1, 14, 4, 21637 }, // ‵
    { 8, 6, 7, 0, 14, 6, 21641 }, // ‶
    { 13, 6, 7, -3, 14, 10, 21647 }, // ‷
    { 10, 4, 11, 0, 14, 5, 21657 }, // ‸
    { 5, 10, 7, 1, 10, 7, 21662 }, // ‹
    { 6, 10, 7, 0, 10, 8, 21669 }, // ›
    { 18, 22, 23, 3, 17, 50, 21677 }, // ※
    { 6, 22, 10, 2, 19, 17, 21727 }, // ‼
    { 11, 27, 14, 1, 23, 38, 21744 }, // ‽
    { 9, 2, 9, 0, 14, 3, 21782 }, // ‾
    { 9, 5, 9, 0, 12, 6, 21785 }, // ‿
    { 13, 12, 11, -1, 15, 20, 21791 }, // ⁂
    { 11, 15, 21, 5, 13, 21, 21811 }, // ⁄
    { 21, 21, 25, 2, 19, 56, 21832 }, // ⁇
    { 18, 22, 20, 1, 19, 50, 21888 }, // ⁈
    { 14, 22, 13, -1, 19, 39, 21938 }, // ⁉
    { 13, 29, 15, 1, 20, 48, 21977 }, // ⁒
    { 0, 0, 78, 0, 0, 0, 22025 }, //  
    { 5, 7, 6, 0, 14, 5, 22025 }, // ⁰
    { 6, 6, 6, 0, 14, 5, 22030 }, // ⁴
    { 6, 8, 6, 0, 14, 6, 22035 }, // ⁵
    { 6, 7, 6, 0, 14, 6, 22041 }, // ⁶
    { 6, 8, 6, 0, 15, 6, 22047 }, // ⁷
    { 6, 7, 6, 0, 14, 6, 22053 }, // ⁸
    { 6, 8, 6, 0, 14, 6, 22059 }, // ⁹
    { 10, 10, 15, 2, 10, 13, 22065 }, // ⁿ
    { 6, 7, 6, 0, 4, 6, 22078 }, // ₀
    { 5, 7, 6, 0, 4, 5, 22084 }, // ₁
    { 6, 7, 6, 0, 4, 6, 22089 }, // ₂
    { 6, 7, 6, 0, 4, 6, 22095 }, // ₃
    { 6, 7, 6, 0, 4, 6, 22101 }, // ₄
    { 5, 8, 6, 0, 5, 5, 22107 }, // ₅
    { 6, 7, 6, 0, 4, 6, 22112 }, // ₆
    { 6, 8, 6, 0, 5, 6, 22118 }, // ₇
    { 6, 7, 6, 0, 4, 6, 22124 }, // ₈
    { 6, 8, 6, 0, 4, 6, 22130 }, // ₉
    { 7, 23, 8, 1, 17, 21, 22136 }, // ₍
    { 8, 23, 7, -1, 17, 23, 22157 }, // ₎
    { 12, 22, 17, 2, 18, 33, 22180 }, // ₡
    { 12, 15, 17, 2, 15, 23, 22213 }, // ₢
    { 12, 14, 12, 0, 13, 21, 22236 }, // ₤
    { 19, 14, 17, -1, 14, 34, 22257 }, // ₦
    { 15, 15, 15, 0, 15, 29, 22291 }, // ₧
    { 18, 15, 22, 2, 14, 34, 22320 }, // ₨
    { 14, 14, 14, 0, 14, 25, 22354 }, // ₩
    { 14, 13, 18, 2, 13, 23, 22379 }, // ₪
    { 12, 14, 9, -1, 13, 21, 22402 }, // ₫
    { 12, 17, 12, 0, 14, 26, 22423 }, // €
    { 13, 14, 18, 2, 14, 23, 22449 }, // ₮
    { 17, 15, 11, -1, 15, 32, 22472 }, // ₱
    { 15, 21, 19, 2, 18, 40, 22504 }, // ₲
    { 17, 15, 17, 3, 14, 32, 22544 }, // ₴
    { 9, 13, 10, 2, 11, 15, 22576 }, // ₵
    { 14, 16, 18, 2, 16, 28, 22591 }, // ₸
    { 9, 13, 12, 1, 12, 15, 22619 }, // ₹
    { 11, 13, 12, 0, 11, 18, 22634 }, // ₺
    { 12, 14, 14, 1, 14, 21, 22652 }, // ₼
    { 15, 15, 15, -2, 15, 29, 22673 }, // ₽
    { 12, 11, 12, 0, 9, 17, 22702 }, // ←
    { 13, 12, 13, 0, 10, 20, 22719 }, // ↑
    { 12, 11, 13, 0, 9, 17, 22739 }, // →
    { 13, 12, 13, 0, 11, 20, 22756 }, // ↓
    { 14, 9, 17, 2, 9, 16, 22776 }, // ↔
    { 10, 14, 13, 2, 15, 18, 22792 }, // ↕
    { 10, 10, 13, 2, 10, 13, 22810 }, // ↖
    { 10, 10, 11, 0, 10, 13, 22823 }, // ↗
    { 10, 10, 11, 0, 9, 13, 22836 }, // ↘
    { 10, 10, 11, 0, 9, 13, 22849 }, // ↙
    { 13, 12, 16, 2, 10, 20, 22862 }, // ⇐
    { 14, 14, 18, 2, 13, 25, 22882 }, // ⇑
    { 13, 12, 16, 2, 10, 20, 22907 }, // ⇒
    { 14, 14, 18, 2, 13, 25, 22927 }, // ⇓
    { 15, 12, 18, 2, 10, 23, 22952 }, // ⇔
    { 11, 15, 15, 2, 9, 21, 22975 }, // ⇕
    { 11, 16, 11, 0, 15, 22, 22996 }, // ∂
    { 18, 16, 19, 0, 15, 36, 23018 }, // ∅
    { 14, 14, 14, 0, 13, 25, 23054 }, // ∆
    { 12, 14, 12, 0, 13, 21, 23079 }, // ∏
    { 12, 14, 12, 0, 13, 21, 23100 }, // ∐
    { 10, 14, 10, 0, 13, 18, 23121 }, // ∑
    { 10, 3, 10, 0, 6, 4, 23139 }, // −
    { 14, 15, 16, 1, 14, 27, 23143 }, // √
    { 15, 10, 15, 0, 11, 19, 23170 }, // ∞
    { 14, 18, 14, 0, 13, 32, 23189 }, // ∫
    { 5, 12, 5, 0, 12, 8, 23221 }, // ∶
    { 10, 10, 24, 7, 10, 13, 23229 }, // ≈
    { 13, 15, 21, 4, 14, 25, 23242 }, // ≠
    { 15, 15, 13, -1, 13, 29, 23267 }, // ≤
    { 15, 14, 14, 0, 12, 27, 23296 }, // ≥
};

static const EpdUnicodeInterval opendyslexic_8_boldIntervals[] = {
    { 0x20, 0x7E, 0x0 },
    { 0xA0, 0xFF, 0x5F },
    { 0x100, 0x12B, 0xBF },
    { 0x12E, 0x17F, 0xEB },
    { 0x181, 0x181, 0x13D },
    { 0x186, 0x18A, 0x13E },
    { 0x18E, 0x194, 0x143 },
    { 0x196, 0x19A, 0x14A },
    { 0x19D, 0x19D, 0x14F },
    { 0x1A0, 0x1A1, 0x150 },
    { 0x1A4, 0x1A5, 0x152 },
    { 0x1A9, 0x1A9, 0x154 },
    { 0x1AC, 0x1B4, 0x155 },
    { 0x1B7, 0x1B7, 0x15E },
    { 0x1C0, 0x1E1, 0x15F },
    { 0x1E3, 0x1EF, 0x181 },
    { 0x1F1, 0x1F5, 0x18E },
    { 0x1F8, 0x1FB, 0x193 },
    { 0x1FE, 0x1FF, 0x197 },
    { 0x218, 0x21B, 0x199 },
    { 0x21F, 0x21F, 0x19D },
    { 0x226, 0x22B, 0x19E },
    { 0x237, 0x237, 0x1A4 },
    { 0x23D, 0x23D, 0x1A5 },
    { 0x242, 0x245, 0x1A6 },
    { 0x24B, 0x24C, 0x1AA },
    { 0x300, 0x30C, 0x1AC },
    { 0x30F, 0x30F, 0x1B9 },
    { 0x312, 0x314, 0x1BA },
    { 0x318, 0x320, 0x1BD },
    { 0x323, 0x32A, 0x1C6 },
    { 0x32C, 0x32D, 0x1CE },
    { 0x330, 0x332, 0x1D0 },
    { 0x334, 0x335, 0x1D3 },
    { 0x339, 0x33D, 0x1D5 },
    { 0x342, 0x344, 0x1DA },
    { 0x346, 0x34E, 0x1DD },
    { 0x35C, 0x35C, 0x1E6 },
    { 0x361, 0x362, 0x1E7 },
    { 0x400, 0x45F, 0x1E9 },
    { 0x462, 0x463, 0x249 },
    { 0x46A, 0x46B, 0x24B },
    { 0x472, 0x475, 0x24D },
    { 0x486, 0x486, 0x251 },
    { 0x490, 0x4F9, 0x252 },
    { 0x4FC, 0x4FD, 0x2BC },
    { 0x1E00, 0x1E00, 0x2BE },
    { 0x1E03, 0x1E05, 0x2BF },
    { 0x1E0A, 0x1E0F, 0x2C2 },
    { 0x1E12, 0x1E13, 0x2C8 },
    { 0x1E15, 0x1E15, 0x2CA },
    { 0x1E17, 0x1E17, 0x2CB },
    { 0x1E1A, 0x1E1A, 0x2CC },
    { 0x1E1E, 0x1E21, 0x2CD },
    { 0x1E24, 0x1E25, 0x2D1 },
    { 0x1E28, 0x1E29, 0x2D3 },
    { 0x1E2E, 0x1E2F, 0x2D5 },
    { 0x1E36, 0x1E37, 0x2D7 },
    { 0x1E3C, 0x1E42, 0x2D9 },
    { 0x1E44, 0x1E47, 0x2E0 },
    { 0x1E4A, 0x1E4D, 0x2E4 },
    { 0x1E4F, 0x1E53, 0x2E8 },
    { 0x1E56, 0x1E57, 0x2ED },
    { 0x1E5A, 0x1E5B, 0x2EF },
    { 0x1E60, 0x1E67, 0x2F1 },
    { 0x1E6A, 0x1E72, 0x2F9 },
    { 0x1E74, 0x1E74, 0x302 },
    { 0x1E7C, 0x1E7D, 0x303 },
    { 0x1E80, 0x1E85, 0x305 },
    { 0x1E90, 0x1E93, 0x30B },
    { 0x1E9E, 0x1E9E, 0x30F },
    { 0x1EA0, 0x1EF9, 0x310 },
    { 0x2000, 0x2027, 0x36A },
    { 0x202F, 0x2030, 0x392 },
    { 0x2032, 0x203F, 0x394 },
    { 0x2042, 0x2042, 0x3A2 },
    { 0x2044, 0x2044, 0x3A3 },
    { 0x2047, 0x2049, 0x3A4 },
    { 0x2052, 0x2052, 0x3A7 },
    { 0x205F, 0x205F, 0x3A8 },
    { 0x2070, 0x2070, 0x3A9 },
    { 0x2074, 0x2079, 0x3AA },
    { 0x207F, 0x2089, 0x3B0 },
    { 0x208D, 0x208E, 0x3BB },
    { 0x20A1, 0x20A2, 0x3BD },
    { 0x20A4, 0x20A4, 0x3BF },
    { 0x20A6, 0x20AC, 0x3C0 },
    { 0x20AE, 0x20AE, 0x3C7 },
    { 0x20B1, 0x20B2, 0x3C8 },
    { 0x20B4, 0x20B5, 0x3CA },
    { 0x20B8, 0x20BA, 0x3CC },
    { 0x20BC, 0x20BD, 0x3CF },
    { 0x2190, 0x2199, 0x3D1 },
    { 0x21D0, 0x21D5, 0x3DB },
    { 0x2202, 0x2202, 0x3E1 },
    { 0x2205, 0x2206, 0x3E2 },
    { 0x220F, 0x2212, 0x3E4 },
    { 0x221A, 0x221A, 0x3E8 },
    { 0x221E, 0x221E, 0x3E9 },
    { 0x222B, 0x222B, 0x3EA },
    { 0x2236, 0x2236, 0x3EB },
    { 0x2248, 0x2248, 0x3EC },
    { 0x2260, 0x2260, 0x3ED },
    { 0x2264, 0x2265, 0x3EE },
};

static const EpdFontData opendyslexic_8_bold = {
    opendyslexic_8_boldBitmaps,
    opendyslexic_8_boldGlyphs,
    opendyslexic_8_boldIntervals,
    104,
    30,
    22,
    -9,
    false,
};
