/**
 * generated by fontconvert.py
 * name: opendyslexic_10_bold
 * size: 10
 * mode: 1-bit
 * Command used: scripts/fontconvert.py opendyslexic_10_bold 10 scripts/../builtinFonts/source/OpenDyslexic/OpenDyslexic-Bold.otf --additional-intervals 0x0180,0x024F --additional-intervals 0x1E00,0x1EFF
 */
#pragma once
#include "EpdFontData.h"

static const uint8_t opendyslexic_10_boldBitmaps[35439] = {
    0x00, 0x60, 0xE1, 0xE3, 0xC7, 0x8F, 0x1C, 0x38, 0x70, 0xE3, 0xC7, 0x8F, 0x1E, 0x0C, 0x08, 0x00,
    0x00, 0x00, 0x0F, 0x9F, 0x3E, 0xFD, 0xFB, 0xF0, 0x00, 0x03, 0xEF, 0xDF, 0x7F, 0xFB, 0xEF, 0x9F,
    0x7C, 0xFB, 0xE7, 0xDF, 0xBE, 0x01, 0xE7, 0x80, 0x03, 0xCF, 0x00, 0x07, 0x9E, 0x00, 0x0F, 0x3C,
    0x00, 0x1E, 0x78, 0x07, 0xFF, 0xFF, 0xDF, 0xFF, 0xFF, 0xBF, 0xFF, 0xFE, 0x03, 0xCF, 0x00, 0x07,
    0x9E, 0x00, 0x0F, 0x3C, 0x00, 0x1E, 0x78, 0x07, 0xFF, 0xFF, 0xCF, 0xFF, 0xFF, 0x9F, 0xFF, 0xFF,
    0x03, 0xE7, 0x80, 0x07, 0xDF, 0x00, 0x0F, 0x3E, 0x00, 0x1E, 0x7C, 0x00, 0x3C, 0x00, 0x00, 0x00,
    0xC0, 0x00, 0x38, 0x00, 0x0E, 0x00, 0x03, 0x80, 0x07, 0xFE, 0x07, 0xFF, 0x81, 0xFF, 0xC0, 0xFF,
    0xA0, 0x3E, 0xE0, 0x0F, 0xB8, 0x03, 0xFE, 0x00, 0x7F, 0xE0, 0x1F, 0xFE, 0x01, 0xFF, 0xC0, 0x1F,
    0xF8, 0x07, 0xFE, 0x1D, 0xEF, 0xCF, 0xFF, 0xE7, 0xFF, 0xF9, 0xFF, 0xFC, 0x3F, 0xFC, 0x00, 0x78,
    0x00, 0x1E, 0x00, 0x07, 0x80, 0x01, 0xC0, 0x00, 0x00, 0x03, 0x80, 0x01, 0xE1, 0xC0, 0x70, 0xF8,
    0x38, 0x77, 0x1E, 0x19, 0xC7, 0x06, 0x33, 0xC1, 0xDD, 0xE0, 0x7F, 0x78, 0x0F, 0xBC, 0x01, 0xCF,
    0xF8, 0x07, 0xFF, 0x03, 0xDD, 0xC0, 0xF6, 0x30, 0x79, 0xDC, 0x1E, 0x7F, 0x0F, 0x0F, 0x87, 0xC1,
    0xC1, 0xE0, 0x00, 0x3F, 0x80, 0x7F, 0xC0, 0x71, 0xE0, 0xE0, 0xE0, 0xF0, 0xE0, 0x73, 0xE0, 0x7F,
    0xC0, 0x3F, 0x80, 0x3F, 0x00, 0x7F, 0x8E, 0xFB, 0xDE, 0xF1, 0xFE, 0xF8, 0xFE, 0xFF, 0xFC, 0x7F,
    0xFE, 0x7F, 0xFE, 0x1F, 0xC4, 0x03, 0xFF, 0xBE, 0xFB, 0xEF, 0xBE, 0x07, 0x03, 0xC3, 0xC3, 0xC1,
    0xE1, 0xE0, 0xF0, 0xF0, 0x78, 0x3C, 0x1C, 0x1E, 0x0F, 0x07, 0x83, 0xC1, 0xE0, 0xF0, 0x78, 0x3C,
    0x1F, 0x07, 0x83, 0xC1, 0xF0, 0x78, 0x3E, 0x1F, 0x07, 0xC3, 0xE0, 0xF8, 0x30, 0x38, 0x1E, 0x07,
    0x83, 0xC0, 0xF0, 0x78, 0x1E, 0x0F, 0x07, 0x81, 0xE0, 0xF0, 0x78, 0x3C, 0x1E, 0x0F, 0x07, 0x83,
    0xC1, 0xE1, 0xF0, 0xF0, 0x78, 0x7C, 0x3C, 0x3E, 0x1F, 0x1F, 0x0F, 0x8F, 0x80, 0x00, 0x00, 0x38,
    0x09, 0xCC, 0xFF, 0xE7, 0xFF, 0x3F, 0xF0, 0x7F, 0x8F, 0xFF, 0x7F, 0xF1, 0xFB, 0x89, 0xC0, 0x0E,
    0x00, 0x00, 0x01, 0xE0, 0x3C, 0x07, 0x80, 0xF1, 0xFF, 0xFF, 0xFF, 0xFF, 0x0F, 0x01, 0xE0, 0x3C,
    0x07, 0x00, 0x00, 0xFD, 0xF3, 0xE7, 0xCF, 0xBE, 0x7C, 0xFF, 0xFF, 0xFF, 0xFF, 0x80, 0x7B, 0xDF,
    0xFF, 0x80, 0x00, 0x04, 0x00, 0x70, 0x03, 0xC0, 0x0E, 0x00, 0x78, 0x01, 0xE0, 0x07, 0x00, 0x1C,
    0x00, 0xF0, 0x03, 0xC0, 0x0E, 0x00, 0x78, 0x01, 0xE0, 0x07, 0x80, 0x3C, 0x00, 0xF0, 0x03, 0xC0,
    0x0E, 0x00, 0x78, 0x01, 0xE0, 0x07, 0x80, 0x3C, 0x00, 0xF0, 0x03, 0xC0, 0x1F, 0x00, 0x78, 0x01,
    0xE0, 0x07, 0x80, 0x3C, 0x00, 0xF0, 0x03, 0xC0, 0x1F, 0x00, 0x78, 0x01, 0xC0, 0x0E, 0x00, 0x30,
    0x00, 0x0F, 0xC1, 0xFF, 0x0F, 0x78, 0xF1, 0xE7, 0xB7, 0x3F, 0xB9, 0xDF, 0xFE, 0xFF, 0xFF, 0x7B,
    0xFB, 0xDE, 0x3E, 0xFB, 0xE7, 0xFF, 0x3F, 0xF8, 0xFF, 0x87, 0xFC, 0x0F, 0xC0, 0x1F, 0x07, 0xE1,
    0xFC, 0x3F, 0x86, 0xF0, 0x1E, 0x03, 0xC0, 0x78, 0x1F, 0x03, 0xE0, 0x7C, 0x0F, 0x87, 0xFF, 0xFF,
    0xFF, 0xFF, 0xFF, 0x3F, 0x83, 0xFF, 0x1F, 0xF8, 0xF3, 0xE4, 0x0F, 0x00, 0x78, 0x03, 0xC0, 0x3E,
    0x03, 0xE0, 0x7F, 0x07, 0xF0, 0x7F, 0x07, 0xFF, 0x3F, 0xF9, 0xFF, 0xDF, 0xFE, 0x1F, 0x03, 0xFE,
    0x1F, 0xF8, 0xF3, 0xE0, 0x07, 0x00, 0x38, 0x07, 0xC3, 0xFC, 0x1F, 0xE0, 0xFF, 0x80, 0x7C, 0x01,
    0xE3, 0xFF, 0x3F, 0xF9, 0xFF, 0xCF, 0xFC, 0x7F, 0xC0, 0x01, 0xE0, 0x0F, 0x00, 0xF8, 0x0F, 0xC0,
    0xFE, 0x07, 0xF0, 0x77, 0x87, 0xBC, 0x79, 0xE3, 0xFF, 0xFF, 0xFF, 0xFF, 0xF0, 0x3F, 0x80, 0xF0,
    0x07, 0x80, 0x3C, 0x00, 0x00, 0x7F, 0xE7, 0xFE, 0x7F, 0xE7, 0x00, 0x78, 0x07, 0x80, 0x7F, 0x87,
    0xFE, 0x7F, 0xE7, 0x1F, 0x00, 0xF6, 0x0F, 0x7F, 0xF7, 0xFF, 0x7F, 0xEF, 0xFE, 0x7F, 0x80, 0x0F,
    0xF0, 0xFF, 0x8F, 0xFC, 0xF8, 0x07, 0x80, 0x3B, 0xC1, 0xFF, 0x9F, 0xFE, 0xFD, 0xF7, 0xC7, 0xFE,
    0x1E, 0xF0, 0xF7, 0xFF, 0x3F, 0xF8, 0xFF, 0x83, 0xF8, 0x7F, 0xFF, 0xFF, 0xFF, 0xF0, 0x1F, 0x01,
    0xF0, 0x1E, 0x01, 0xE0, 0x1E, 0x03, 0xE0, 0x3E, 0x03, 0xE0, 0x7C, 0x07, 0xC0, 0x7C, 0x07, 0xC0,
    0xFC, 0x0F, 0xC1, 0xFF, 0x0F, 0xFC, 0xF1, 0xE7, 0x87, 0x3E, 0x78, 0xFF, 0xC3, 0xFC, 0x3F, 0xF3,
    0xE7, 0xDE, 0x1F, 0xF0, 0xF7, 0xCF, 0xBF, 0xFD, 0xFF, 0xC7, 0xFC, 0x0F, 0x80, 0x07, 0x00, 0xFE,
    0x0F, 0xF8, 0xF3, 0xE7, 0x0F, 0x38, 0x3B, 0xC1, 0xEE, 0x0F, 0x79, 0xFB, 0xFF, 0xCF, 0xFE, 0x3F,
    0xF0, 0x07, 0x3F, 0xF9, 0xFF, 0xCF, 0xFC, 0x7F, 0xC0, 0x00, 0x00, 0x79, 0xEF, 0xBE, 0xFC, 0x00,
    0x00, 0x01, 0xE7, 0xBE, 0xFB, 0xF0, 0x3C, 0xF9, 0xF3, 0xE7, 0xE0, 0x00, 0x00, 0x00, 0xFD, 0xFB,
    0xF7, 0xCF, 0x9F, 0x7C, 0xF8, 0x00, 0x01, 0x00, 0x03, 0x80, 0x0F, 0xC0, 0x1F, 0xE0, 0x3F, 0xE0,
    0x7F, 0xC0, 0xFF, 0x80, 0xFE, 0x00, 0x7F, 0xE0, 0x3F, 0xFF, 0x07, 0xFF, 0xE0, 0x3F, 0xF0, 0x03,
    0xF8, 0x00, 0x3C, 0x3F, 0xE7, 0xFF, 0x7F, 0xF7, 0xC0, 0x00, 0x07, 0xFE, 0x7F, 0xF7, 0xFF, 0x40,
    0x00, 0xF0, 0x00, 0xFC, 0x00, 0xFF, 0x00, 0x3F, 0xE0, 0x0F, 0xF8, 0x03, 0xFE, 0x00, 0xFE, 0x07,
    0xFE, 0x3F, 0xFF, 0xFF, 0xF8, 0xFF, 0xC0, 0xFC, 0x00, 0xE0, 0x00, 0x00, 0x00, 0x3E, 0x03, 0xFE,
    0x1F, 0xFC, 0x7E, 0xF8, 0xC1, 0xE0, 0x07, 0x80, 0x1E, 0x00, 0x78, 0x01, 0xE0, 0x07, 0x80, 0x7C,
    0x07, 0xF0, 0x1F, 0x80, 0x78, 0x01, 0xE0, 0x07, 0x80, 0x3E, 0x00, 0xE0, 0x00, 0x00, 0x00, 0x00,
    0x00, 0x00, 0x78, 0x03, 0xE0, 0x0F, 0x80, 0x3E, 0x00, 0xF8, 0x00, 0x00, 0x00, 0x00, 0x0F, 0xE0,
    0x03, 0xFF, 0x00, 0x7E, 0x78, 0x0F, 0x01, 0xC0, 0xE0, 0x0E, 0x1C, 0xFC, 0xE1, 0xCF, 0xC6, 0x3D,
    0xDC, 0x63, 0xD8, 0xC6, 0x3D, 0xFC, 0xE3, 0xCF, 0xDE, 0x3E, 0xFF, 0xC1, 0xF0, 0x78, 0x1F, 0xC7,
    0x00, 0xFF, 0xF0, 0x07, 0xFF, 0x80, 0x3F, 0xF8, 0x00, 0x7F, 0x00, 0x01, 0xE0, 0x00, 0x7C, 0x00,
    0x3F, 0x00, 0x0F, 0xC0, 0x03, 0xF8, 0x01, 0xFE, 0x00, 0x7B, 0xC0, 0x3C, 0xF0, 0x0F, 0x3C, 0x03,
    0xCF, 0x81, 0xF1, 0xE0, 0x7F, 0xF8, 0x3F, 0xFF, 0x0F, 0xFF, 0xC3, 0xFF, 0xF9, 0xF0, 0x3E, 0x7C,
    0x0F, 0xBF, 0x01, 0xF0, 0xFF, 0xC3, 0xFF, 0x8F, 0xFF, 0x3C, 0x3C, 0xF0, 0x73, 0xC1, 0xCF, 0x1F,
    0x3F, 0xFC, 0xFF, 0xF3, 0xFF, 0xEF, 0x0F, 0xBC, 0x1F, 0xF0, 0x7F, 0xFF, 0xFF, 0xFF, 0xFF, 0xFE,
    0xFF, 0xFB, 0xFF, 0xC0, 0x00, 0x00, 0x01, 0xFF, 0x07, 0xFE, 0x0F, 0xFE, 0x1F, 0xFE, 0x3F, 0x86,
    0x3E, 0x00, 0x3E, 0x00, 0x7C, 0x00, 0x7C, 0x00, 0x7C, 0x00, 0x7C, 0x00, 0x7E, 0x00, 0x7F, 0xDE,
    0x3F, 0xFE, 0x3F, 0xFE, 0x1F, 0xFE, 0x1F, 0xFE, 0x0F, 0xFE, 0xFF, 0xE0, 0xFF, 0xF8, 0xFF, 0xFC,
    0xFF, 0xFE, 0xF0, 0x7E, 0xF0, 0x1E, 0xF0, 0x1F, 0xF0, 0x0F, 0xF0, 0x0F, 0xF0, 0x0F, 0xF0, 0x0F,
    0xF0, 0x1F, 0xF9, 0xFF, 0xFF, 0xFE, 0xFF, 0xFE, 0xFF, 0xFC, 0xFF, 0xFC, 0xFF, 0xF0, 0x7F, 0xFB,
    0xFF, 0x9F, 0xFD, 0xFE, 0x0F, 0x80, 0x7C, 0x03, 0xE0, 0x1F, 0xF8, 0xFF, 0xC7, 0xFE, 0x3F, 0xC1,
    0xF0, 0x0F, 0x80, 0x7F, 0xFB, 0xFF, 0xDF, 0xFF, 0xFF, 0xFF, 0xFF, 0xC0, 0x7F, 0xF7, 0xFF, 0x7F,
    0xF7, 0xC0, 0x78, 0x07, 0x80, 0x7F, 0xE7, 0xFE, 0x7F, 0xEF, 0xFC, 0xF8, 0x0F, 0x80, 0xF8, 0x0F,
    0x80, 0xF8, 0x0F, 0x80, 0xF8, 0x0F, 0x80, 0x01, 0xFC, 0x03, 0xFF, 0x83, 0xFF, 0xE0, 0xFF, 0xFC,
    0x7F, 0x8F, 0x1F, 0x00, 0x0F, 0xC0, 0x03, 0xE0, 0x00, 0xF8, 0x00, 0x3E, 0x1F, 0xCF, 0x87, 0xFF,
    0xE1, 0xFF, 0xF8, 0x3F, 0xFF, 0x01, 0xF7, 0xFF, 0xF9, 0xFF, 0xFE, 0x3F, 0xFF, 0x87, 0xFF, 0xC0,
    0x7F, 0xE0, 0xF8, 0x1E, 0xF8, 0x1E, 0xF8, 0x1E, 0xF8, 0x1E, 0xF8, 0x1E, 0xF8, 0x1E, 0xF8, 0x1E,
    0xF8, 0x1E, 0xF8, 0x1E, 0xF8, 0x1F, 0xFF, 0xFF, 0xFF, 0xFF, 0xFF, 0xFF, 0xFF, 0xFF, 0xFF, 0xFF,
    0xF8, 0x3F, 0xF8, 0x3F, 0xF8, 0x3F, 0xFF, 0xFF, 0xFF, 0xFF, 0xFF, 0xFF, 0xFF, 0xFF, 0xFF, 0xFF,
    0xFF, 0xC0, 0x00, 0xF8, 0x07, 0xC0, 0x3E, 0x01, 0xF0, 0x0F, 0x00, 0x78, 0x03, 0xC0, 0x1E, 0x01,
    0xF0, 0x0F, 0x80, 0x7C, 0x03, 0xE0, 0x1F, 0x00, 0xF0, 0x07, 0x80, 0x3C, 0x01, 0xE3, 0x9F, 0x1F,
    0xF9, 0xFF, 0x8F, 0xFC, 0x7F, 0xC0, 0x78, 0x00, 0x3C, 0xF8, 0x3C, 0xF8, 0x3D, 0xF0, 0x3D, 0xF0,
    0x7F, 0xE0, 0x7F, 0xC0, 0x7F, 0xC0, 0x7F, 0x80, 0x7F, 0x80, 0x7F, 0x00, 0x7F, 0x00, 0x7F, 0x80,
    0x7F, 0xC0, 0xFF, 0xE0, 0xFF, 0xF0, 0xFB, 0xF8, 0xF9, 0xFC, 0xF8, 0xFE, 0x78, 0x03, 0xC0, 0x1E,
    0x00, 0xF0, 0x07, 0x80, 0x3C, 0x01, 0xE0, 0x0F, 0x00, 0x78, 0x07, 0xC0, 0x3E, 0x01, 0xF0, 0x0F,
    0x80, 0x7C, 0x3B, 0xFF, 0xFF, 0xFF, 0xFF, 0xFF, 0xFF, 0xC0, 0x7C, 0x0F, 0xDF, 0x03, 0xF7, 0xE0,
    0xFD, 0xF8, 0x7F, 0xFF, 0x1F, 0xFF, 0xCF, 0xFF, 0xF3, 0xFF, 0xFE, 0xFF, 0xFF, 0xFF, 0xFF, 0xFF,
    0xFF, 0xFF, 0xFF, 0xFF, 0xFF, 0xFB, 0xFF, 0xFE, 0xFD, 0xFF, 0xBF, 0x7F, 0xE7, 0xDF, 0xF9, 0xE7,
    0xFE, 0x39, 0xF0, 0x00, 0x1F, 0x7C, 0x1E, 0x7E, 0x1E, 0x7E, 0x1E, 0x7F, 0x1E, 0x7F, 0x1E, 0x7F,
    0x9E, 0x7F, 0x9E, 0x7F, 0x9E, 0x7F, 0xDE, 0x7F, 0xDE, 0x7F, 0xFE, 0xFD, 0xFE, 0xFD, 0xFE, 0xFC,
    0xFE, 0xFC, 0xFE, 0xFC, 0x7E, 0xFC, 0x7E, 0x07, 0xF8, 0x07, 0xFF, 0x03, 0xFF, 0xE0, 0xFC, 0xFC,
    0x7C, 0x0F, 0x9E, 0x03, 0xEF, 0x80, 0x7B, 0xE0, 0x1F, 0xF0, 0x07, 0xFC, 0x01, 0xFF, 0x80, 0x7F,
    0xE0, 0x3E, 0xFF, 0xFF, 0x9F, 0xFF, 0xE7, 0xFF, 0xF9, 0xFF, 0xFC, 0x3F, 0xFE, 0x03, 0xFF, 0x00,
    0x00, 0x00, 0x7F, 0x83, 0xFF, 0x1F, 0xFC, 0xF3, 0xE7, 0x87, 0xBC, 0x3D, 0xE3, 0xEF, 0xFF, 0x7F,
    0xF7, 0xFF, 0xBF, 0xF9, 0xFE, 0x0F, 0x80, 0x7C, 0x03, 0xE0, 0x1F, 0x00, 0xF8, 0x07, 0xC0, 0x00,
    0x00, 0x00, 0x00, 0xFE, 0x00, 0x7F, 0xF0, 0x1F, 0xFF, 0x07, 0xF7, 0xF0, 0xF8, 0x3E, 0x3E, 0x03,
    0xC7, 0xC0, 0x7C, 0xF0, 0x0F, 0x9E, 0x00, 0xF3, 0xC0, 0x1E, 0x78, 0x03, 0xCF, 0x8C, 0xF9, 0xF9,
    0xFE, 0x3F, 0xFF, 0xC3, 0xFF, 0xF8, 0x3F, 0xFE, 0x07, 0xFF, 0xC0, 0x3F, 0xFC, 0x00, 0x3F, 0xC0,
    0x03, 0xFC, 0x00, 0x3F, 0x80, 0x7F, 0xC1, 0xFF, 0x87, 0xFF, 0x1C, 0x3C, 0x70, 0x71, 0xC1, 0xC7,
    0x0F, 0x1F, 0xFC, 0x7F, 0xF1, 0xFF, 0x8F, 0xFE, 0x3F, 0xFC, 0xF8, 0xF3, 0xE3, 0xEF, 0x8F, 0xBE,
    0x3E, 0xFC, 0xFF, 0xF3, 0xF0, 0x07, 0xFC, 0x1F, 0xF8, 0x3F, 0xF8, 0x3F, 0x30, 0x3C, 0x00, 0x3C,
    0x00, 0x3E, 0x00, 0x3F, 0xE0, 0x1F, 0xF8, 0x1F, 0xFE, 0x07, 0xFE, 0x00, 0x7F, 0x10, 0x1F, 0x3C,
    0x1F, 0x7F, 0xFF, 0x7F, 0xFF, 0xFF, 0xFE, 0x3F, 0xF8, 0x00, 0x00, 0xFF, 0xFF, 0xFF, 0xFF, 0xFF,
    0xFF, 0xFF, 0xFF, 0x03, 0xC0, 0x03, 0xC0, 0x03, 0xC0, 0x03, 0xC0, 0x03, 0xC0, 0x03, 0xC0, 0x03,
    0xC0, 0x03, 0xC0, 0x03, 0xC0, 0x03, 0xC0, 0x03, 0xC0, 0x07, 0xC0, 0x07, 0xE0, 0x07, 0xE0, 0xF8,
    0x3F, 0xF8, 0x3E, 0xF8, 0x3E, 0xF8, 0x3E, 0xF8, 0x3E, 0xF8, 0x3E, 0xF8, 0x3E, 0xF8, 0x3E, 0xF8,
    0x3E, 0xF8, 0x3E, 0xF8, 0x3E, 0xF8, 0x3E, 0xFC, 0x3E, 0x7F, 0xFE, 0x7F, 0xFE, 0x7F, 0xFC, 0x7F,
    0xFC, 0x3F, 0xF8, 0x00, 0x00, 0xF8, 0x07, 0xBE, 0x01, 0xE7, 0x80, 0xF9, 0xF0, 0x3C, 0x7C, 0x1F,
    0x0F, 0x87, 0xC3, 0xE3, 0xF0, 0xF8, 0xF8, 0x1F, 0x3E, 0x07, 0xDF, 0x81, 0xFF, 0xC0, 0x3F, 0xF0,
    0x0F, 0xFC, 0x03, 0xFE, 0x00, 0xFF, 0x80, 0x1F, 0xE0, 0x07, 0xF0, 0x01, 0xFC, 0x00, 0xF8, 0x00,
    0x1F, 0xF8, 0x00, 0x1E, 0xF8, 0x00, 0x3E, 0x7C, 0x00, 0x3E, 0x7C, 0x00, 0x3E, 0x7C, 0x3C, 0x3C,
    0x7C, 0x7C, 0x7C, 0x3E, 0x7E, 0x7C, 0x3E, 0xFE, 0x7C, 0x3E, 0xFF, 0x78, 0x3F, 0xFF, 0xF8, 0x3F,
    0xFF, 0xF8, 0x1F, 0xFF, 0xF8, 0x1F, 0xFF, 0xF0, 0x1F, 0xE7, 0xF0, 0x1F, 0xE7, 0xF0, 0x1F, 0xC7,
    0xF0, 0x0F, 0xC3, 0xF0, 0x78, 0x0F, 0x9E, 0x0F, 0x8F, 0x87, 0x83, 0xE7, 0xC1, 0xF7, 0xC0, 0x7F,
    0xE0, 0x3F, 0xE0, 0x0F, 0xE0, 0x03, 0xF0, 0x01, 0xF8, 0x01, 0xFC, 0x01, 0xFF, 0x00, 0xFF, 0xC0,
    0xFF, 0xE0, 0xFD, 0xF8, 0x7C, 0x7E, 0x7E, 0x3F, 0x7E, 0x0F, 0xC0, 0xF8, 0x0F, 0x3C, 0x0F, 0x9F,
    0x07, 0x87, 0x87, 0xC3, 0xE3, 0xC1, 0xF3, 0xE0, 0x7D, 0xE0, 0x3F, 0xF0, 0x0F, 0xF0, 0x07, 0xF8,
    0x01, 0xFC, 0x00, 0xFC, 0x00, 0x3E, 0x00, 0x1F, 0x00, 0x1F, 0x80, 0x0F, 0xC0, 0x07, 0xE0, 0x03,
    0xF0, 0x00, 0x7F, 0xFF, 0x9F, 0xFF, 0xCF, 0xFF, 0xE3, 0xFF, 0xE0, 0x07, 0xF0, 0x07, 0xF0, 0x07,
    0xF0, 0x07, 0xF0, 0x07, 0xF8, 0x07, 0xF8, 0x07, 0xF8, 0x07, 0xF8, 0x07, 0xF8, 0x07, 0xFF, 0xF3,
    0xFF, 0xF9, 0xFF, 0xFE, 0xFF, 0xFF, 0x7F, 0xFF, 0x80, 0x7F, 0x7F, 0x7F, 0x78, 0x78, 0x78, 0x78,
    0x78, 0x78, 0x70, 0x70, 0x70, 0x70, 0xF0, 0xF0, 0xF0, 0xF0, 0xF0, 0xF0, 0xF0, 0xF0, 0xF0, 0xF0,
    0xF0, 0xF0, 0xF0, 0xFE, 0xFE, 0xFE, 0xFE, 0x00, 0x80, 0xC0, 0xC0, 0xE0, 0xE0, 0xE0, 0xF0, 0xF0,
    0x70, 0x78, 0x78, 0x3C, 0x3C, 0x3C, 0x1E, 0x1E, 0x1E, 0x1F, 0x0F, 0x0F, 0x0E, 0x06, 0x04, 0x00,
    0xFE, 0xFE, 0xFE, 0x1E, 0x1E, 0x1E, 0x1E, 0x1E, 0x1E, 0x1E, 0x1E, 0x1E, 0x1E, 0x0E, 0x0E, 0x0E,
    0x0E, 0x0F, 0x0F, 0x0F, 0x0F, 0x0F, 0x0F, 0x0F, 0x0F, 0x0F, 0x7F, 0x7F, 0x7F, 0x7F, 0x00, 0x02,
    0x00, 0x70, 0x0F, 0x81, 0xFC, 0x3F, 0xE7, 0x8F, 0x00, 0x00, 0x7F, 0xFF, 0x7F, 0xFE, 0xFF, 0xFE,
    0x00, 0x00, 0xF8, 0x3E, 0x0F, 0x83, 0xE0, 0x00, 0x03, 0xFE, 0x7F, 0xE7, 0xFE, 0xF1, 0xEE, 0x1E,
    0xE0, 0xEE, 0x0E, 0xE1, 0xEF, 0xFF, 0xFF, 0xF7, 0xFF, 0x3F, 0xF0, 0xF0, 0x07, 0x80, 0x3C, 0x01,
    0xE0, 0x0F, 0x00, 0x78, 0x03, 0xFE, 0x1F, 0xF8, 0xFF, 0xE7, 0xE7, 0xBE, 0x1C, 0xF0, 0xE7, 0x87,
    0x3C, 0x79, 0xFF, 0xCF, 0xFE, 0x7F, 0xE1, 0xFE, 0x03, 0x80, 0x00, 0x03, 0xF0, 0xFE, 0x3F, 0xCF,
    0x01, 0xE0, 0x3C, 0x07, 0x80, 0xF0, 0x1F, 0x21, 0xFE, 0x3F, 0xE1, 0xFC, 0x00, 0x78, 0x03, 0xC0,
    0x1C, 0x00, 0xE0, 0x07, 0x00, 0x38, 0x7F, 0xC7, 0xFE, 0x7F, 0xF7, 0xDF, 0xBC, 0x7D, 0xC1, 0xEE,
    0x0F, 0x78, 0xFB, 0xFF, 0xCF, 0xFE, 0x7F, 0xF0, 0xFF, 0x80, 0x1F, 0x83, 0xFC, 0x7F, 0xEF, 0xFE,
    0xFF, 0xFF, 0xFF, 0xFC, 0x0F, 0x01, 0xFF, 0xF7, 0xFF, 0x3F, 0xF1, 0xFE, 0x1F, 0x1F, 0x8F, 0xC7,
    0x03, 0x87, 0xFB, 0xFD, 0xFE, 0x78, 0x3E, 0x1F, 0x0F, 0x87, 0xC3, 0xE1, 0xF0, 0xF8, 0x7C, 0x00,
    0x1F, 0xF7, 0xFF, 0x7F, 0xFF, 0x3F, 0xE1, 0xFE, 0x1F, 0xE1, 0xFE, 0x1F, 0xFF, 0xFF, 0xFF, 0x7F,
    0xF7, 0xFF, 0x1F, 0xE0, 0x1E, 0x73, 0xE7, 0xFE, 0xFF, 0xCF, 0xF8, 0x1E, 0x00, 0x78, 0x03, 0xC0,
    0x1E, 0x00, 0xF0, 0x07, 0x80, 0x3C, 0x01, 0xFF, 0x0F, 0xFC, 0xFF, 0xF7, 0xC7, 0xBC, 0x1D, 0xE0,
    0xEF, 0x07, 0x78, 0x7B, 0xC3, 0xDF, 0x1E, 0xF8, 0xF7, 0xC7, 0x80, 0x79, 0xE7, 0xBE, 0xF8, 0x00,
    0x1E, 0x79, 0xE7, 0x9E, 0x79, 0xE7, 0x9E, 0x79, 0xE7, 0x80, 0x0E, 0x0E, 0x1E, 0x1E, 0x00, 0x00,
    0x00, 0x0E, 0x1E, 0x1E, 0x1E, 0x1E, 0x1E, 0x1E, 0x1E, 0x1E, 0x1E, 0x1E, 0x1C, 0x1C, 0x7C, 0xFC,
    0xFC, 0xFC, 0xF0, 0x78, 0x03, 0xC0, 0x1E, 0x00, 0xE0, 0x07, 0x00, 0x38, 0x01, 0xCE, 0x1E, 0xF0,
    0xFF, 0x07, 0xF8, 0x3F, 0x81, 0xF8, 0x0F, 0xE0, 0x7F, 0x83, 0xFE, 0x1F, 0xF8, 0xF7, 0xE7, 0x9F,
    0xC0, 0x70, 0xE3, 0xC7, 0x8F, 0x1E, 0x3C, 0x78, 0xF1, 0xE3, 0xC7, 0x8F, 0x1E, 0x3C, 0x7E, 0xFD,
    0xF8, 0x00, 0x00, 0x07, 0xFC, 0xF8, 0x7F, 0xFF, 0xC7, 0xFF, 0xFE, 0x7C, 0xF9, 0xE7, 0x8F, 0x8E,
    0x78, 0xF8, 0xFF, 0x8F, 0x0F, 0xF8, 0xF1, 0xFF, 0x8F, 0x1F, 0xF8, 0xF1, 0xFF, 0x1F, 0x1F, 0xF1,
    0xF1, 0xF0, 0x00, 0x07, 0xFC, 0x7F, 0xE7, 0xFE, 0xF8, 0xFF, 0x0F, 0xF0, 0xFF, 0x0F, 0xF0, 0xFF,
    0x0F, 0xF0, 0xFF, 0x8F, 0xF8, 0xF0, 0x1F, 0x87, 0xFC, 0x7F, 0xEF, 0x0F, 0xF0, 0xFF, 0x0F, 0xF0,
    0xFF, 0xFF, 0xFF, 0xF7, 0xFE, 0x7F, 0xC1, 0xF8, 0x03, 0x81, 0xFF, 0x87, 0xFF, 0x1F, 0xDE, 0x7E,
    0x38, 0xF0, 0xE3, 0xC1, 0xCF, 0x07, 0x3C, 0x3D, 0xFF, 0xE7, 0xFF, 0x9F, 0xFE, 0x7F, 0xF1, 0xEF,
    0x07, 0x80, 0x3E, 0x00, 0xF8, 0x03, 0xC0, 0x0F, 0x00, 0x00, 0x00, 0x00, 0x3F, 0xE1, 0xFF, 0xC3,
    0xFF, 0x8F, 0x1F, 0x1C, 0x3E, 0x38, 0x7C, 0x70, 0xF8, 0xE1, 0xE1, 0xE7, 0xC3, 0xFF, 0x83, 0xFF,
    0x07, 0xFE, 0x03, 0xFF, 0x80, 0x3F, 0x00, 0x7E, 0x00, 0xFC, 0x01, 0xE0, 0x02, 0x00, 0x7F, 0xBF,
    0xDF, 0xEF, 0x87, 0x83, 0xC1, 0xE0, 0xF0, 0xF8, 0x7C, 0x3E, 0x1F, 0x00, 0x00, 0x01, 0xFC, 0x3F,
    0xC7, 0x8C, 0x38, 0x03, 0xF8, 0x1F, 0xE0, 0x7F, 0x10, 0xF3, 0xFF, 0x7F, 0xFF, 0xFE, 0x7F, 0xC0,
    0x00, 0x00, 0x01, 0xC0, 0x78, 0x0F, 0x01, 0xE0, 0xFF, 0xBF, 0xF7, 0xFE, 0x1E, 0x03, 0xC0, 0x78,
    0x0F, 0x01, 0xE0, 0x3F, 0x07, 0xF0, 0xFE, 0x1F, 0xC0, 0x00, 0xE0, 0xFE, 0x0F, 0xE0, 0xFF, 0x0F,
    0xF0, 0xFF, 0x0F, 0xF0, 0xFF, 0x1F, 0xFF, 0xF7, 0xFF, 0x7F, 0xF3, 0xFF, 0xF0, 0x3D, 0xF0, 0x79,
    0xE0, 0xF3, 0xE3, 0xC3, 0xC7, 0x87, 0xDE, 0x07, 0xBC, 0x0F, 0xF0, 0x0F, 0xE0, 0x1F, 0xC0, 0x3F,
    0x00, 0x7E, 0x00, 0xF0, 0x07, 0xF8, 0x03, 0xFC, 0x71, 0xEF, 0x39, 0xE7, 0xBE, 0xF3, 0xFF, 0xF9,
    0xFF, 0xFC, 0x7F, 0xFC, 0x3F, 0xFE, 0x1F, 0xFF, 0x07, 0xDF, 0x83, 0xEF, 0x81, 0xE3, 0xC0, 0x3C,
    0x7C, 0x7C, 0xF0, 0x7F, 0xC0, 0x7F, 0x00, 0xFE, 0x00, 0xF8, 0x03, 0xF8, 0x0F, 0xF0, 0x1F, 0xF0,
    0x7D, 0xF1, 0xF3, 0xF7, 0xC3, 0xE0, 0xF0, 0x79, 0xE1, 0xE7, 0x87, 0x9F, 0x3C, 0x3C, 0xF0, 0xFB,
    0xC1, 0xFE, 0x07, 0xF8, 0x0F, 0xE0, 0x3F, 0x00, 0x7C, 0x01, 0xF0, 0x07, 0xC0, 0x1E, 0x07, 0xF8,
    0x1F, 0xC0, 0x7F, 0x01, 0xF0, 0x00, 0x3F, 0xF1, 0xFF, 0x8F, 0xFC, 0x07, 0xC0, 0x7C, 0x07, 0xC0,
    0x7C, 0x07, 0xC0, 0x7E, 0x07, 0xFF, 0x3F, 0xFD, 0xFF, 0xE0, 0x07, 0xE1, 0xFC, 0x3F, 0x8F, 0x81,
    0xF0, 0x3C, 0x07, 0x80, 0xF0, 0x7E, 0x0F, 0x81, 0xF8, 0x3F, 0x01, 0xE0, 0x3C, 0x07, 0x80, 0xF0,
    0x1E, 0x03, 0xF8, 0x7F, 0x07, 0xE0, 0x1C, 0x77, 0x77, 0x77, 0xFF, 0xFF, 0xFF, 0xFF, 0xFF, 0xFE,
    0xE0, 0x7E, 0x0F, 0xE1, 0xFC, 0x07, 0x80, 0xF0, 0x1E, 0x03, 0xC0, 0x7C, 0x07, 0xE0, 0xFC, 0x1F,
    0x83, 0xF0, 0x78, 0x0F, 0x01, 0xE0, 0x3C, 0x0F, 0x87, 0xF0, 0xFC, 0x1F, 0x83, 0x80, 0x77, 0xFF,
    0xFF, 0xFF, 0xEE, 0xFE, 0xF9, 0xF3, 0xE7, 0xCF, 0x80, 0x00, 0x00, 0x00, 0x30, 0xE3, 0xC7, 0x8F,
    0x1E, 0x3C, 0x78, 0xF1, 0xE3, 0xC7, 0x8F, 0x1E, 0x18, 0x20, 0x00, 0x06, 0x00, 0xC0, 0x18, 0x03,
    0x01, 0xF8, 0x7F, 0x1F, 0xE7, 0xB0, 0xF6, 0x1E, 0xC3, 0xD8, 0x7B, 0x0F, 0xF0, 0xFF, 0x1F, 0xF1,
    0xFE, 0x0E, 0x01, 0xC0, 0x38, 0x00, 0x00, 0x00, 0x00, 0x3F, 0x01, 0xFF, 0x0F, 0xFE, 0x38, 0x70,
    0xE0, 0x03, 0x80, 0x0F, 0x00, 0x1C, 0x01, 0xFF, 0x8F, 0xFF, 0x3F, 0xFC, 0x0E, 0x00, 0x3C, 0x01,
    0xF0, 0x1F, 0x80, 0x7F, 0xF1, 0xFF, 0xE7, 0xFF, 0xC0, 0x00, 0x20, 0xE1, 0xC7, 0xFF, 0x9F, 0xFE,
    0x3F, 0xF0, 0xF3, 0xC3, 0xCF, 0x0F, 0xFC, 0x3F, 0xF1, 0xFF, 0xE7, 0xFF, 0x8F, 0xFC, 0x30, 0x20,
    0xF8, 0x1E, 0x7C, 0x3E, 0x3C, 0x7C, 0x3E, 0x7C, 0x1F, 0xF8, 0x0F, 0xF0, 0x07, 0xE0, 0x07, 0xE0,
    0x1F, 0xF8, 0x3F, 0xF8, 0x3F, 0xF8, 0x07, 0xC0, 0x07, 0xF8, 0x1F, 0xF8, 0x3F, 0xF8, 0x3F, 0xC0,
    0x07, 0xC0, 0x07, 0xC0, 0x03, 0x80, 0x7F, 0xFF, 0xF8, 0x03, 0xFF, 0xFF, 0xFC, 0x00, 0x03, 0x01,
    0xFC, 0x3F, 0xE3, 0xCE, 0x3C, 0x43, 0xF8, 0x1F, 0xC3, 0xFE, 0x78, 0xE7, 0xFE, 0x7F, 0xE3, 0xFE,
    0x1F, 0xE0, 0x3E, 0x30, 0xE7, 0xFE, 0xFF, 0xE7, 0xFC, 0x00, 0x00, 0x7B, 0xCF, 0x7F, 0xEF, 0xFD,
    0xFF, 0xBE, 0x3F, 0x1F, 0xE7, 0x3B, 0xF7, 0xF9, 0xFF, 0xF7, 0x39, 0xFE, 0x3F, 0x00, 0x00, 0x7D,
    0xFB, 0x36, 0x6F, 0xDF, 0x80, 0x00, 0x00, 0x62, 0x0E, 0xE3, 0xFE, 0x7F, 0xCF, 0xF8, 0xF7, 0x8F,
    0xFC, 0x7F, 0xE3, 0xDE, 0x1C, 0xE0, 0xC6, 0xFF, 0xDF, 0xFF, 0xFF, 0x9F, 0xF0, 0x1E, 0x03, 0xC0,
    0x78, 0x06, 0xFF, 0xFF, 0xFF, 0xFF, 0x80, 0x1E, 0x1F, 0xE7, 0xFB, 0xFF, 0xFF, 0xFF, 0xF7, 0xF9,
    0xFE, 0x3F, 0x00, 0x00, 0x1F, 0xE7, 0xFD, 0x00, 0x1E, 0x0F, 0xC7, 0xFB, 0xFF, 0xF3, 0xFF, 0xFF,
    0xF9, 0xFE, 0x3F, 0x00, 0x00, 0x07, 0x00, 0x78, 0x07, 0x80, 0x78, 0x7F, 0xF7, 0xFF, 0x3F, 0xE0,
    0x78, 0x07, 0x80, 0x70, 0x1F, 0xE7, 0xFF, 0x7F, 0xF6, 0x00, 0x79, 0xF0, 0xC7, 0x39, 0xE7, 0xDF,
    0x7C, 0xF8, 0x31, 0xE3, 0xCD, 0x9F, 0x3E, 0x38, 0xE7, 0x9C, 0x70, 0xF0, 0x7F, 0x83, 0xFC, 0x1F,
    0xF0, 0xFF, 0x87, 0xFC, 0x3F, 0xE1, 0xFF, 0x1F, 0xFF, 0xFF, 0xFF, 0xFF, 0xFF, 0xFF, 0xFE, 0x00,
    0x70, 0x03, 0x80, 0x00, 0x3E, 0xE7, 0xEE, 0xFE, 0xEF, 0xEE, 0xFE, 0xEF, 0xEE, 0x7E, 0xE7, 0xEE,
    0x3C, 0xE3, 0xCE, 0x3C, 0xE7, 0xCE, 0x7C, 0xE7, 0xCE, 0x7C, 0xE7, 0xCE, 0xFC, 0xEF, 0xCE, 0x7B,
    0xFF, 0xFF, 0x80, 0x31, 0xC7, 0x9F, 0x7D, 0xF7, 0x80, 0x71, 0xC7, 0x0C, 0x30, 0xCF, 0xDF, 0x3C,
    0xFD, 0x9B, 0x37, 0xE7, 0x80, 0x00, 0x00, 0x0C, 0x40, 0xE7, 0x0F, 0x78, 0x7F, 0xC3, 0xDE, 0x3F,
    0xE7, 0xFE, 0xFF, 0xCF, 0x78, 0x67, 0x04, 0x60, 0x38, 0x00, 0x0F, 0x00, 0x71, 0xE0, 0x1E, 0x3C,
    0x03, 0x83, 0x80, 0xF0, 0x70, 0x3C, 0x0E, 0x07, 0x01, 0xC1, 0xE0, 0xFE, 0x39, 0xDF, 0xCF, 0x7B,
    0xFB, 0xCF, 0x00, 0x7B, 0xE0, 0x1E, 0xFC, 0x07, 0x9B, 0x80, 0xF7, 0xF8, 0x3D, 0xFF, 0x07, 0x9F,
    0xE1, 0xE0, 0x38, 0x7C, 0x07, 0x0F, 0x00, 0x00, 0x38, 0x00, 0x03, 0xC0, 0x1C, 0x1E, 0x01, 0xE0,
    0xF0, 0x0E, 0x03, 0x80, 0xF0, 0x1C, 0x0F, 0x00, 0xE0, 0x70, 0x07, 0x07, 0x80, 0xFE, 0x3B, 0xE7,
    0xF3, 0xFF, 0xBF, 0xBD, 0xDE, 0x01, 0xE0, 0x70, 0x1E, 0x03, 0x81, 0xE0, 0x3C, 0x0F, 0x03, 0xC0,
    0xF0, 0x3E, 0x07, 0x83, 0xF8, 0x78, 0x3F, 0xC7, 0xC1, 0xFE, 0x3C, 0x00, 0x00, 0x7E, 0x00, 0x0F,
    0xE0, 0x70, 0x0C, 0x1C, 0x03, 0x87, 0x83, 0xF0, 0xE0, 0x7E, 0x3C, 0x03, 0xCF, 0x03, 0x39, 0xC4,
    0x7F, 0x79, 0xDF, 0xEE, 0x79, 0xFB, 0xDF, 0x00, 0xF7, 0xE0, 0x1E, 0xDC, 0x07, 0xBF, 0xC1, 0xE7,
    0xF8, 0x3C, 0xFF, 0x0F, 0x01, 0xC3, 0xE0, 0x38, 0x78, 0x00, 0x00, 0x07, 0xC0, 0x3E, 0x01, 0xF0,
    0x0F, 0x00, 0x78, 0x00, 0x00, 0x00, 0x00, 0x10, 0x03, 0x80, 0x7C, 0x03, 0xE0, 0x1F, 0x00, 0xF8,
    0x1F, 0xC0, 0xFC, 0x0F, 0x80, 0x78, 0x03, 0x80, 0x3C, 0x00, 0xE0, 0x07, 0x83, 0x3C, 0x3C, 0xFF,
    0xE7, 0xFE, 0x0F, 0xC0, 0x00, 0x00, 0x0F, 0x00, 0x01, 0xF0, 0x00, 0x3E, 0x00, 0x07, 0xC0, 0x00,
    0x00, 0x00, 0x00, 0x00, 0x1E, 0x00, 0x07, 0xC0, 0x03, 0xF0, 0x00, 0xFC, 0x00, 0x3F, 0x80, 0x1F,
    0xE0, 0x07, 0xBC, 0x03, 0xCF, 0x00, 0xF3, 0xC0, 0x3C, 0xF8, 0x1F, 0x1E, 0x07, 0xFF, 0x83, 0xFF,
    0xF0, 0xFF, 0xFC, 0x3F, 0xFF, 0x9F, 0x03, 0xE7, 0xC0, 0xFB, 0xF0, 0x1F, 0x00, 0x70, 0x00, 0x1C,
    0x00, 0x0E, 0x00, 0x03, 0x80, 0x01, 0xE0, 0x00, 0x00, 0x00, 0x00, 0x00, 0x00, 0x00, 0x00, 0x00,
    0x00, 0x00, 0x00, 0x1E, 0x00, 0x07, 0xC0, 0x03, 0xF0, 0x00, 0xFC, 0x00, 0x3F, 0x80, 0x1F, 0xE0,
    0x07, 0xBC, 0x03, 0xCF, 0x00, 0xF3, 0xC0, 0x3C, 0xF8, 0x1F, 0x1E, 0x07, 0xFF, 0x83, 0xFF, 0xF0,
    0xFF, 0xFC, 0x3F, 0xFF, 0x9F, 0x03, 0xE7, 0xC0, 0xFB, 0xF0, 0x1F, 0x00, 0x40, 0x00, 0x38, 0x00,
    0x1F, 0x00, 0x0F, 0xE0, 0x07, 0xFC, 0x03, 0xC7, 0x80, 0x00, 0x00, 0x00, 0x00, 0x01, 0xE0, 0x00,
    0x7C, 0x00, 0x3F, 0x00, 0x0F, 0xC0, 0x03, 0xF8, 0x01, 0xFE, 0x00, 0x7B, 0xC0, 0x3C, 0xF0, 0x0F,
    0x3C, 0x03, 0xCF, 0x81, 0xF1, 0xE0, 0x7F, 0xF8, 0x3F, 0xFF, 0x0F, 0xFF, 0xC3, 0xFF, 0xF9, 0xF0,
    0x3E, 0x7C, 0x0F, 0xBF, 0x01, 0xF0, 0x00, 0x00, 0x00, 0xF6, 0x00, 0x7F, 0x80, 0x1F, 0xE0, 0x07,
    0x78, 0x00, 0x80, 0x00, 0x00, 0x00, 0x07, 0x80, 0x01, 0xF0, 0x00, 0xFC, 0x00, 0x3F, 0x00, 0x0F,
    0xE0, 0x07, 0xF8, 0x01, 0xEF, 0x00, 0xF3, 0xC0, 0x3C, 0xF0, 0x0F, 0x3E, 0x07, 0xC7, 0x81, 0xFF,
    0xE0, 0xFF, 0xFC, 0x3F, 0xFF, 0x0F, 0xFF, 0xE7, 0xC0, 0xF9, 0xF0, 0x3E, 0xFC, 0x07, 0xC0, 0x0F,
    0x3C, 0x03, 0xEF, 0x00, 0xFB, 0xC0, 0x3E, 0xF8, 0x0F, 0xBE, 0x00, 0x00, 0x00, 0x00, 0x00, 0x07,
    0x80, 0x01, 0xF0, 0x00, 0xFC, 0x00, 0x3F, 0x00, 0x0F, 0xE0, 0x07, 0xF8, 0x01, 0xEF, 0x00, 0xF3,
    0xC0, 0x3C, 0xF0, 0x0F, 0x3E, 0x07, 0xC7, 0x81, 0xFF, 0xE0, 0xFF, 0xFC, 0x3F, 0xFF, 0x0F, 0xFF,
    0xE7, 0xC0, 0xF9, 0xF0, 0x3E, 0xFC, 0x07, 0xC0, 0x01, 0xE0, 0x00, 0x7C, 0x00, 0x3F, 0x00, 0x07,
    0xC0, 0x01, 0xE0, 0x00, 0x00, 0x00, 0x00, 0x00, 0x07, 0x80, 0x01, 0xF0, 0x00, 0xFC, 0x00, 0x3F,
    0x00, 0x0F, 0xE0, 0x07, 0xF8, 0x01, 0xEF, 0x00, 0xF3, 0xC0, 0x3C, 0xF0, 0x0F, 0x3E, 0x07, 0xC7,
    0x81, 0xFF, 0xE0, 0xFF, 0xFC, 0x3F, 0xFF, 0x0F, 0xFF, 0xE7, 0xC0, 0xF9, 0xF0, 0x3E, 0xFC, 0x07,
    0xC0, 0x00, 0x3F, 0xFF, 0xC0, 0x1F, 0xFF, 0xE0, 0x07, 0xFF, 0xF8, 0x03, 0xFF, 0xC0, 0x00, 0xFF,
    0xC0, 0x00, 0x7F, 0xF0, 0x00, 0x1F, 0xFC, 0x00, 0x0F, 0x7F, 0xF8, 0x07, 0xDF, 0xFE, 0x01, 0xE3,
    0xFF, 0x80, 0xF8, 0xFF, 0x80, 0x3F, 0xFF, 0x00, 0x1F, 0xFF, 0xC0, 0x07, 0xFF, 0xFF, 0xE3, 0xFF,
    0xFF, 0xF8, 0xF0, 0x3F, 0xFF, 0x7C, 0x07, 0xFF, 0xDF, 0x01, 0xFF, 0xF0, 0x00, 0x00, 0x00, 0x00,
    0x00, 0x01, 0xFF, 0x07, 0xFE, 0x0F, 0xFE, 0x1F, 0xFE, 0x3F, 0x86, 0x3E, 0x00, 0x3E, 0x00, 0x7C,
    0x00, 0x7C, 0x00, 0x7C, 0x00, 0x7C, 0x00, 0x7E, 0x00, 0x7F, 0xDE, 0x3F, 0xFE, 0x3F, 0xFE, 0x3F,
    0xFE, 0x1F, 0xFE, 0x0F, 0xFE, 0x00, 0xE0, 0x00, 0xF0, 0x00, 0xF8, 0x00, 0xF8, 0x00, 0xF0, 0x00,
    0x00, 0x3C, 0x01, 0xF0, 0x07, 0xC0, 0x1F, 0x00, 0x00, 0x00, 0x00, 0x00, 0x0F, 0xFF, 0x7F, 0xF3,
    0xFF, 0xBF, 0xC1, 0xF0, 0x0F, 0x80, 0x7C, 0x03, 0xFF, 0x1F, 0xF8, 0xFF, 0xC7, 0xF8, 0x3E, 0x01,
    0xF0, 0x0F, 0xFF, 0x7F, 0xFB, 0xFF, 0xFF, 0xFF, 0xFF, 0xF8, 0x03, 0x80, 0x1C, 0x01, 0xE0, 0x0E,
    0x00, 0x70, 0x00, 0x00, 0x00, 0x00, 0x00, 0x00, 0x00, 0x00, 0x1F, 0xFE, 0xFF, 0xE7, 0xFF, 0x7F,
    0x83, 0xE0, 0x1F, 0x00, 0xF8, 0x07, 0xFE, 0x3F, 0xF1, 0xFF, 0x8F, 0xF0, 0x7C, 0x03, 0xE0, 0x1F,
    0xFE, 0xFF, 0xF7, 0xFF, 0xFF, 0xFF, 0xFF, 0xF0, 0x07, 0x00, 0x3C, 0x03, 0xF0, 0x3F, 0xC3, 0xCF,
    0x18, 0x18, 0x00, 0x00, 0x00, 0x7F, 0xFB, 0xFF, 0x9F, 0xFD, 0xFE, 0x0F, 0x80, 0x7C, 0x03, 0xE0,
    0x1F, 0xF8, 0xFF, 0xC7, 0xFE, 0x3F, 0xC1, 0xF0, 0x0F, 0x80, 0x7F, 0xFB, 0xFF, 0xDF, 0xFF, 0xFF,
    0xFF, 0xFF, 0xC0, 0x3D, 0xE1, 0xEF, 0x9F, 0x7C, 0xFB, 0xE7, 0xDF, 0x00, 0x00, 0x00, 0x00, 0x00,
    0x7F, 0xFB, 0xFF, 0x9F, 0xFD, 0xFE, 0x0F, 0x80, 0x7C, 0x03, 0xE0, 0x1F, 0xF8, 0xFF, 0xC7, 0xFE,
    0x3F, 0xC1, 0xF0, 0x0F, 0x80, 0x7F, 0xFB, 0xFF, 0xDF, 0xFF, 0xFF, 0xFF, 0xFF, 0xC0, 0x78, 0x3E,
    0x0F, 0x83, 0xE0, 0x00, 0x00, 0x00, 0x00, 0x1F, 0x0F, 0x87, 0xC3, 0xE1, 0xF0, 0xF8, 0x7C, 0x3E,
    0x1F, 0x0F, 0x87, 0xC3, 0xE1, 0xF0, 0xF8, 0x7C, 0x3E, 0x1F, 0x0F, 0x80, 0x39, 0xDE, 0xE7, 0x00,
    0x00, 0x00, 0x01, 0xFF, 0xFF, 0xFF, 0xFF, 0xFF, 0xFF, 0xFF, 0xFF, 0xFF, 0xFF, 0xFF, 0x80, 0x0E,
    0x00, 0xF0, 0x1F, 0x83, 0xFC, 0x79, 0xE6, 0x06, 0x00, 0x00, 0x00, 0x00, 0x01, 0xF0, 0x1F, 0x01,
    0xF0, 0x1F, 0x01, 0xF0, 0x1F, 0x01, 0xF0, 0x1F, 0x01, 0xF0, 0x1F, 0x01, 0xF0, 0x1F, 0x01, 0xF0,
    0x1F, 0x01, 0xF0, 0x1F, 0x01, 0xF0, 0x1F, 0x00, 0x79, 0xCF, 0x7F, 0xEF, 0xFD, 0xFF, 0xBE, 0x00,
    0x00, 0x00, 0x00, 0x00, 0x03, 0xE0, 0x7C, 0x0F, 0x81, 0xF0, 0x3E, 0x07, 0xC0, 0xF8, 0x1F, 0x03,
    0xE0, 0x7C, 0x0F, 0x81, 0xF0, 0x3E, 0x07, 0xC0, 0xF8, 0x1F, 0x03, 0xE0, 0x7C, 0x00, 0x0F, 0xFE,
    0x00, 0xFF, 0xF8, 0x0F, 0xFF, 0xC0, 0xFF, 0xFE, 0x0F, 0x07, 0xE0, 0xF0, 0x1E, 0x0F, 0x00, 0xF0,
    0xF0, 0x0F, 0x7F, 0xF0, 0xF7, 0xFF, 0x0F, 0x7F, 0xF0, 0xF0, 0xF0, 0x1F, 0x0F, 0x9F, 0xF0, 0xFF,
    0xFE, 0x0F, 0xFF, 0xE0, 0xFF, 0xFC, 0x0F, 0xFF, 0xC0, 0xFF, 0xF0, 0x00, 0x00, 0x07, 0xB8, 0x07,
    0xF8, 0x07, 0xF0, 0x06, 0xF0, 0x06, 0x00, 0x00, 0x00, 0x00, 0x1F, 0x7C, 0x1E, 0x7E, 0x1E, 0x7E,
    0x1E, 0x7F, 0x1E, 0x7F, 0x1E, 0x7F, 0x9E, 0x7F, 0x9E, 0x7F, 0x9E, 0x7F, 0xDE, 0x7F, 0xDE, 0x7F,
    0xFE, 0xFD, 0xFE, 0xFD, 0xFE, 0xFC, 0xFE, 0xFC, 0xFE, 0xFC, 0x7E, 0xFC, 0x7E, 0x0F, 0x00, 0x01,
    0xE0, 0x00, 0x3C, 0x00, 0x07, 0xC0, 0x00, 0x00, 0x00, 0x00, 0x00, 0x7F, 0x80, 0x7F, 0xF0, 0x3F,
    0xFE, 0x0F, 0xCF, 0xC7, 0xC0, 0xF9, 0xE0, 0x3E, 0xF8, 0x07, 0xBE, 0x01, 0xFF, 0x00, 0x7F, 0xC0,
    0x1F, 0xF8, 0x07, 0xFE, 0x03, 0xEF, 0xFF, 0xF9, 0xFF, 0xFE, 0x7F, 0xFF, 0x9F, 0xFF, 0xC3, 0xFF,
    0xE0, 0x3F, 0xF0, 0x00, 0x00, 0x00, 0x00, 0xE0, 0x00, 0x38, 0x00, 0x1E, 0x00, 0x07, 0x80, 0x01,
    0xC0, 0x00, 0x00, 0x00, 0x00, 0x00, 0x00, 0x00, 0x00, 0x00, 0x01, 0xFE, 0x01, 0xFF, 0xC0, 0xFF,
    0xF8, 0x3F, 0x3F, 0x1F, 0x03, 0xE7, 0x80, 0xFB, 0xE0, 0x1E, 0xF8, 0x07, 0xFC, 0x01, 0xFF, 0x00,
    0x7F, 0xE0, 0x1F, 0xF8, 0x0F, 0xBF, 0xFF, 0xE7, 0xFF, 0xF9, 0xFF, 0xFE, 0x7F, 0xFF, 0x0F, 0xFF,
    0x80, 0xFF, 0xC0, 0x00, 0x00, 0x00, 0x40, 0x00, 0x38, 0x00, 0x1F, 0x00, 0x0F, 0xE0, 0x07, 0xFC,
    0x03, 0xC7, 0x80, 0x00, 0x00, 0x00, 0x00, 0x07, 0xF8, 0x07, 0xFF, 0x03, 0xFF, 0xE0, 0xFC, 0xFC,
    0x7C, 0x0F, 0x9E, 0x03, 0xEF, 0x80, 0x7B, 0xE0, 0x1F, 0xF0, 0x07, 0xFC, 0x01, 0xFF, 0x80, 0x7F,
    0xE0, 0x3E, 0xFF, 0xFF, 0x9F, 0xFF, 0xE7, 0xFF, 0xF9, 0xFF, 0xFC, 0x3F, 0xFE, 0x03, 0xFF, 0x00,
    0x00, 0x00, 0x00, 0x00, 0x01, 0xEE, 0x00, 0x7F, 0x80, 0x1F, 0xE0, 0x06, 0xF0, 0x00, 0x80, 0x00,
    0x00, 0x00, 0x1F, 0xE0, 0x1F, 0xFC, 0x0F, 0xFF, 0x83, 0xF3, 0xF1, 0xF0, 0x3E, 0x78, 0x0F, 0xBE,
    0x01, 0xEF, 0x80, 0x7F, 0xC0, 0x1F, 0xF0, 0x07, 0xFE, 0x01, 0xFF, 0x80, 0xFB, 0xFF, 0xFE, 0x7F,
    0xFF, 0x9F, 0xFF, 0xE7, 0xFF, 0xF0, 0xFF, 0xF8, 0x0F, 0xFC, 0x00, 0x00, 0x00, 0x0F, 0x3C, 0x03,
    0xCF, 0x00, 0xF7, 0xC0, 0x3F, 0xF0, 0x1F, 0xFC, 0x00, 0x00, 0x00, 0x00, 0x00, 0x1F, 0xE0, 0x1F,
    0xFC, 0x0F, 0xFF, 0x83, 0xF3, 0xF1, 0xF0, 0x3E, 0x78, 0x0F, 0xBE, 0x01, 0xEF, 0x80, 0x7F, 0xC0,
    0x1F, 0xF0, 0x07, 0xFE, 0x01, 0xFF, 0x80, 0xFB, 0xFF, 0xFE, 0x7F, 0xFF, 0x9F, 0xFF, 0xE7, 0xFF,
    0xF0, 0xFF, 0xF8, 0x0F, 0xFC, 0x00, 0x00, 0x00, 0x79, 0xE1, 0xFE, 0x07, 0xE0, 0x3F, 0x03, 0xFC,
    0x3F, 0xF3, 0xFF, 0xC0, 0x00, 0x00, 0x00, 0x18, 0x00, 0x00, 0x03, 0xE0, 0x00, 0x00, 0x0F, 0x00,
    0x00, 0x00, 0x7C, 0x00, 0x00, 0x03, 0xE0, 0x00, 0x00, 0x0F, 0x80, 0x00, 0x00, 0x7C, 0x00, 0x00,
    0x01, 0xF0, 0x00, 0x00, 0x0F, 0x80, 0x00, 0x00, 0x7C, 0x00, 0x00, 0x01, 0xF0, 0x00, 0x00, 0x0F,
    0x80, 0x00, 0x1F, 0xFE, 0x00, 0x01, 0xFF, 0xF0, 0x00, 0x0F, 0xFF, 0xC0, 0x00, 0x3F, 0x3F, 0x00,
    0x01, 0xF1, 0xFE, 0x00, 0x07, 0x8F, 0xF8, 0x00, 0x3E, 0x3F, 0xE0, 0x00, 0xF9, 0xF7, 0xC0, 0x03,
    0xCF, 0xDF, 0x00, 0x0F, 0x3E, 0x7C, 0x00, 0x3F, 0xF9, 0xF0, 0x00, 0xFF, 0xCF, 0x80, 0x03, 0xFF,
    0xFE, 0x00, 0x07, 0xFF, 0xF8, 0x00, 0x1F, 0xFF, 0xE0, 0x00, 0x7F, 0xFF, 0x00, 0x01, 0xFF, 0xF8,
    0x00, 0x07, 0xFF, 0xC0, 0x00, 0x3F, 0x00, 0x00, 0x00, 0xF8, 0x00, 0x00, 0x07, 0xE0, 0x00, 0x00,
    0x3F, 0x00, 0x00, 0x00, 0xFC, 0x00, 0x00, 0x07, 0xE0, 0x00, 0x00, 0x1F, 0x00, 0x00, 0x00, 0xFC,
    0x00, 0x00, 0x07, 0xE0, 0x00, 0x00, 0x1E, 0x00, 0x00, 0x00, 0xC0, 0x00, 0x00, 0x00, 0x1E, 0x00,
    0x0F, 0x80, 0x07, 0xC0, 0x03, 0xE0, 0x00, 0x00, 0x00, 0x00, 0x00, 0x00, 0xF8, 0x3F, 0xF8, 0x3E,
    0xF8, 0x3E, 0xF8, 0x3E, 0xF8, 0x3E, 0xF8, 0x3E, 0xF8, 0x3E, 0xF8, 0x3E, 0xF8, 0x3E, 0xF8, 0x3E,
    0xF8, 0x3E, 0xF8, 0x3E, 0xFC, 0x3E, 0x7F, 0xFE, 0x7F, 0xFE, 0x7F, 0xFC, 0x7F, 0xFC, 0x3F, 0xF8,
    0x00, 0x00, 0x00, 0xC0, 0x01, 0xC0, 0x01, 0xC0, 0x03, 0xC0, 0x03, 0x80, 0x00, 0x00, 0x00, 0x00,
    0x00, 0x00, 0x00, 0x00, 0x00, 0x00, 0x00, 0x00, 0xF8, 0x3F, 0xF8, 0x3E, 0xF8, 0x3E, 0xF8, 0x3E,
    0xF8, 0x3E, 0xF8, 0x3E, 0xF8, 0x3E, 0xF8, 0x3E, 0xF8, 0x3E, 0xF8, 0x3E, 0xF8, 0x3E, 0xF8, 0x3E,
    0xFC, 0x3E, 0x7F, 0xFE, 0x7F, 0xFE, 0x7F, 0xFC, 0x7F, 0xFC, 0x3F, 0xF8, 0x00, 0x00, 0x00, 0x80,
    0x01, 0xC0, 0x03, 0xE0, 0x07, 0xF0, 0x0F, 0xF8, 0x1E, 0x3C, 0x00, 0x00, 0x00, 0x00, 0x00, 0x00,
    0xF8, 0x3F, 0xF8, 0x3E, 0xF8, 0x3E, 0xF8, 0x3E, 0xF8, 0x3E, 0xF8, 0x3E, 0xF8, 0x3E, 0xF8, 0x3E,
    0xF8, 0x3E, 0xF8, 0x3E, 0xF8, 0x3E, 0xF8, 0x3E, 0xFC, 0x3E, 0x7F, 0xFE, 0x7F, 0xFE, 0x7F, 0xFC,
    0x7F, 0xFC, 0x3F, 0xF8, 0x00, 0x00, 0x1E, 0x78, 0x1E, 0x78, 0x1E, 0xF8, 0x1E, 0xF8, 0x3F, 0xF8,
    0x00, 0x00, 0x00, 0x00, 0x00, 0x00, 0x00, 0x00, 0xF8, 0x3F, 0xF8, 0x3E, 0xF8, 0x3E, 0xF8, 0x3E,
    0xF8, 0x3E, 0xF8, 0x3E, 0xF8, 0x3E, 0xF8, 0x3E, 0xF8, 0x3E, 0xF8, 0x3E, 0xF8, 0x3E, 0xF8, 0x3E,
    0xFC, 0x3E, 0x7F, 0xFE, 0x7F, 0xFE, 0x7F, 0xFC, 0x7F, 0xFC, 0x3F, 0xF8, 0x00, 0x00, 0x00, 0xE0,
    0x00, 0xE0, 0x00, 0x70, 0x00, 0x78, 0x00, 0x38, 0x00, 0x00, 0x00, 0x00, 0x00, 0x00, 0x00, 0x00,
    0x00, 0x00, 0x00, 0x00, 0x00, 0x00, 0x00, 0x0F, 0x80, 0xF3, 0xC0, 0xF9, 0xF0, 0x78, 0x78, 0x7C,
    0x3E, 0x3C, 0x1F, 0x3E, 0x07, 0xDE, 0x03, 0xFF, 0x00, 0xFF, 0x00, 0x7F, 0x80, 0x1F, 0xC0, 0x0F,
    0xC0, 0x03, 0xE0, 0x01, 0xF0, 0x01, 0xF8, 0x00, 0xFC, 0x00, 0x7E, 0x00, 0x3F, 0x00, 0xE0, 0x38,
    0x0E, 0x03, 0xF0, 0xFE, 0x3F, 0xCF, 0xFB, 0x8F, 0xE3, 0xF9, 0xFF, 0xFB, 0xFC, 0xFE, 0x3E, 0x0E,
    0x03, 0x80, 0xE0, 0x00, 0x1F, 0x81, 0xFE, 0x1F, 0xF8, 0xE1, 0xCF, 0x3E, 0x7B, 0xF3, 0xDE, 0x1E,
    0xE0, 0xF7, 0x87, 0x9F, 0x3C, 0xFD, 0xE1, 0xEF, 0xCF, 0x7F, 0xFB, 0xFF, 0xDF, 0xFC, 0xF7, 0x80,
    0x78, 0x03, 0xC0, 0x1F, 0x00, 0xF8, 0x00, 0x80, 0x00, 0x00, 0x03, 0xFE, 0x7F, 0xE7, 0xFE, 0xF1,
    0xEE, 0x1E, 0xE0, 0xEE, 0x0E, 0xE1, 0xEF, 0xFF, 0xFF, 0xF7, 0xFF, 0x3F, 0xF0, 0x03, 0x80, 0x70,
    0x07, 0x00, 0xF0, 0x0E, 0x00, 0x00, 0x00, 0x00, 0x00, 0x00, 0x00, 0x00, 0x3F, 0xE7, 0xFE, 0x7F,
    0xEF, 0x1E, 0xE1, 0xEE, 0x0E, 0xE0, 0xEE, 0x1E, 0xFF, 0xFF, 0xFF, 0x7F, 0xF3, 0xFF, 0x07, 0x00,
    0xF8, 0x1F, 0xC3, 0xFE, 0x78, 0xF6, 0x07, 0x00, 0x00, 0x00, 0x3F, 0xE7, 0xFE, 0x7F, 0xEF, 0x1E,
    0xE1, 0xEE, 0x0E, 0xE0, 0xEE, 0x1E, 0xFF, 0xFF, 0xFF, 0x7F, 0xF3, 0xFF, 0x1D, 0xC3, 0xFC, 0x3F,
    0xC3, 0xF8, 0x11, 0x00, 0x00, 0x00, 0x03, 0xFE, 0x7F, 0xE7, 0xFE, 0xF1, 0xEE, 0x1E, 0xE0, 0xEE,
    0x0E, 0xE1, 0xEF, 0xFF, 0xFF, 0xF7, 0xFF, 0x3F, 0xF0, 0x79, 0xE7, 0x9E, 0x79, 0xE7, 0xFE, 0x7F,
    0xE0, 0x00, 0x00, 0x00, 0x00, 0x3F, 0xE7, 0xFE, 0x7F, 0xEF, 0x1E, 0xE1, 0xEE, 0x0E, 0xE0, 0xEE,
    0x1E, 0xFF, 0xFF, 0xFF, 0x7F, 0xF3, 0xFF, 0x0F, 0x01, 0xF8, 0x1F, 0x81, 0xF8, 0x0F, 0x00, 0x00,
    0x00, 0x00, 0x00, 0x3F, 0xE7, 0xFE, 0x7F, 0xEF, 0x1E, 0xE1, 0xEE, 0x0E, 0xE0, 0xEE, 0x1E, 0xFF,
    0xFF, 0xFF, 0x7F, 0xF3, 0xFF, 0x00, 0x00, 0x03, 0xFF, 0xF8, 0x7F, 0xFF, 0xE7, 0xFF, 0xFE, 0xF1,
    0xFF, 0xFE, 0x1F, 0xFF, 0xE0, 0xFF, 0xFE, 0x0F, 0xC0, 0xE1, 0xF8, 0x1F, 0xFF, 0xFF, 0xFF, 0xFF,
    0xF7, 0xFF, 0xFF, 0x3F, 0xFF, 0xE0, 0x00, 0x03, 0xF0, 0xFE, 0x3F, 0xCF, 0x01, 0xE0, 0x3C, 0x07,
    0x80, 0xF0, 0x1F, 0x21, 0xFE, 0x3F, 0xE3, 0xFC, 0x1E, 0x03, 0xE0, 0x7C, 0x0F, 0x81, 0xE0, 0x78,
    0x03, 0xC0, 0x1F, 0x00, 0xF8, 0x00, 0x00, 0x00, 0x00, 0x00, 0x00, 0x00, 0x01, 0xF8, 0x3F, 0xC7,
    0xFE, 0xFF, 0xEF, 0xFF, 0xFF, 0xFF, 0xC0, 0xF0, 0x1F, 0xFF, 0x7F, 0xF3, 0xFF, 0x1F, 0xE0, 0x03,
    0x80, 0x70, 0x07, 0x00, 0xF0, 0x0E, 0x00, 0x00, 0x00, 0x00, 0x00, 0x00, 0x00, 0x00, 0x00, 0x00,
    0x00, 0x1F, 0x83, 0xFC, 0x7F, 0xEF, 0xFE, 0xFF, 0xFF, 0xFF, 0xFC, 0x0F, 0x01, 0xFF, 0xF7, 0xFF,
    0x3F, 0xF1, 0xFE, 0x07, 0x00, 0xF8, 0x1F, 0xC3, 0xFE, 0x78, 0xF7, 0x07, 0x00, 0x00, 0x00, 0x00,
    0x00, 0x00, 0x1F, 0x83, 0xFC, 0x7F, 0xEF, 0xFE, 0xFF, 0xFF, 0xFF, 0xFC, 0x0F, 0x01, 0xFF, 0xF7,
    0xFF, 0x3F, 0xF1, 0xFE, 0x79, 0xE7, 0x9E, 0x7D, 0xE7, 0xDE, 0x7F, 0xE0, 0x00, 0x00, 0x00, 0x00,
    0x00, 0x00, 0x00, 0x1F, 0x83, 0xFC, 0x7F, 0xEF, 0xFE, 0xFF, 0xFF, 0xFF, 0xFC, 0x0F, 0x01, 0xFF,
    0xF7, 0xFF, 0x3F, 0xF1, 0xFE, 0xF0, 0x3C, 0x0F, 0x83, 0xE0, 0x10, 0x00, 0x78, 0x3C, 0x1E, 0x0F,
    0x07, 0x83, 0xC1, 0xE0, 0xF0, 0x78, 0x3C, 0x1E, 0x0F, 0x00, 0x3B, 0x9D, 0xEE, 0x00, 0x00, 0x07,
    0xBD, 0xEF, 0x7B, 0xDE, 0xF7, 0xBD, 0xEF, 0x00, 0x07, 0x00, 0xF8, 0x1F, 0xC3, 0xFE, 0x79, 0xF6,
    0x07, 0x00, 0x00, 0xF0, 0x0F, 0x00, 0xF0, 0x0F, 0x00, 0xF0, 0x0F, 0x00, 0xF0, 0x0F, 0x00, 0xF0,
    0x0F, 0x00, 0xF0, 0x0F, 0x00, 0x73, 0xBD, 0xEF, 0xFF, 0xFF, 0x00, 0x00, 0x01, 0xE0, 0x78, 0x1E,
    0x07, 0x81, 0xE0, 0x78, 0x1E, 0x07, 0x81, 0xE0, 0x78, 0x1E, 0x07, 0x80, 0x00, 0x00, 0x00, 0x78,
    0x00, 0x7E, 0x00, 0x3F, 0x00, 0x3F, 0xF8, 0x1F, 0xFC, 0x0F, 0xFE, 0x00, 0x70, 0x1F, 0xB8, 0x1F,
    0xFC, 0x1F, 0xFE, 0x0F, 0x3E, 0x0F, 0x0F, 0x07, 0x87, 0x83, 0xE7, 0xC0, 0xFF, 0xC0, 0x7F, 0xE0,
    0x1F, 0xE0, 0x07, 0xE0, 0x00, 0x00, 0x01, 0xEE, 0x1F, 0xE1, 0xFE, 0x1D, 0xC0, 0x00, 0x00, 0x00,
    0x00, 0x7F, 0xC7, 0xFE, 0x7F, 0xEF, 0x8F, 0xF0, 0xFF, 0x0F, 0xF0, 0xFF, 0x0F, 0xF0, 0xFF, 0x0F,
    0xF8, 0xFF, 0x8F, 0x78, 0x03, 0xC0, 0x1F, 0x00, 0xF8, 0x00, 0x00, 0x00, 0x1F, 0x87, 0xFC, 0x7F,
    0xEF, 0x0F, 0xF0, 0xFF, 0x0F, 0xF0, 0xFF, 0xFF, 0xFF, 0xF7, 0xFE, 0x7F, 0xC1, 0xF8, 0x03, 0x00,
    0x78, 0x07, 0x00, 0xF0, 0x0F, 0x00, 0x00, 0x00, 0x00, 0x00, 0x00, 0x00, 0x00, 0x1F, 0x87, 0xFC,
    0x7F, 0xEF, 0x0F, 0xF0, 0xFF, 0x0F, 0xF0, 0xFF, 0xFF, 0xFF, 0xF7, 0xFE, 0x7F, 0xC1, 0xF8, 0x02,
    0x00, 0x70, 0x0F, 0x81, 0xFC, 0x3F, 0xE7, 0x8F, 0x00, 0x00, 0x00, 0x1F, 0x87, 0xFC, 0x7F, 0xEF,
    0x0F, 0xF0, 0xFF, 0x0F, 0xF0, 0xFF, 0xFF, 0xFF, 0xF7, 0xFE, 0x7F, 0xC1, 0xF8, 0x00, 0x01, 0xDC,
    0x3F, 0xC3, 0xFC, 0x3F, 0x81, 0x10, 0x00, 0x01, 0xF8, 0x7F, 0xC7, 0xFE, 0xF0, 0xFF, 0x0F, 0xF0,
    0xFF, 0x0F, 0xFF, 0xFF, 0xFF, 0x7F, 0xE7, 0xFC, 0x1F, 0x80, 0x79, 0xE7, 0x9E, 0x7D, 0xE7, 0xFE,
    0x7F, 0xE0, 0x00, 0x00, 0x01, 0xF8, 0x7F, 0xC7, 0xFE, 0xF0, 0xFF, 0x0F, 0xF0, 0xFF, 0x0F, 0xFF,
    0xFF, 0xFF, 0x7F, 0xE7, 0xFC, 0x1F, 0x80, 0x03, 0xC0, 0x03, 0xC0, 0x03, 0xC0, 0x07, 0xC0, 0x07,
    0xC0, 0x00, 0x00, 0x3F, 0xFE, 0x7F, 0xFE, 0x7F, 0xFF, 0x70, 0x00, 0x03, 0xC0, 0x03, 0xC0, 0x03,
    0xC0, 0x07, 0xC0, 0x07, 0xC0, 0x00, 0x0C, 0x00, 0xF0, 0x03, 0x80, 0x1E, 0x00, 0x78, 0x01, 0xC0,
    0x07, 0x00, 0x3C, 0x00, 0xF0, 0x03, 0x80, 0x1E, 0x00, 0x78, 0x0F, 0xE0, 0xFF, 0xC3, 0xFF, 0x1E,
    0xFE, 0x7F, 0xF9, 0xFF, 0xE7, 0xFF, 0x9F, 0xFE, 0x7F, 0xF8, 0xFF, 0xC3, 0xFF, 0x07, 0xF0, 0x1E,
    0x00, 0x78, 0x03, 0xC0, 0x0F, 0x00, 0x3C, 0x01, 0xF0, 0x07, 0x80, 0x1E, 0x00, 0x70, 0x03, 0x80,
    0x08, 0x00, 0x00, 0x7C, 0x03, 0xE0, 0x1F, 0x00, 0xF8, 0x00, 0x00, 0x00, 0xE0, 0xFE, 0x0F, 0xE0,
    0xFF, 0x0F, 0xF0, 0xFF, 0x0F, 0xF0, 0xFF, 0x1F, 0xFF, 0xF7, 0xFF, 0x7F, 0xF3, 0xFF, 0x03, 0x80,
    0x78, 0x07, 0x00, 0xF0, 0x0F, 0x00, 0x00, 0x00, 0x00, 0x00, 0x00, 0x00, 0x00, 0xE0, 0xFE, 0x0F,
    0xE0, 0xFF, 0x0F, 0xF0, 0xFF, 0x0F, 0xF0, 0xFF, 0x1F, 0xFF, 0xF7, 0xFF, 0x7F, 0xF3, 0xFF, 0x02,
    0x00, 0x70, 0x0F, 0x81, 0xFC, 0x3F, 0xE7, 0x8F, 0x00, 0x00, 0x00, 0xE0, 0xFE, 0x0F, 0xE0, 0xFF,
    0x0F, 0xF0, 0xFF, 0x0F, 0xF0, 0xFF, 0x1F, 0xFF, 0xF7, 0xFF, 0x7F, 0xF3, 0xFF, 0x79, 0xE7, 0x9E,
    0x79, 0xE7, 0xFE, 0x7F, 0xE0, 0x00, 0x00, 0x00, 0x00, 0xE0, 0xFE, 0x0F, 0xE0, 0xFF, 0x0F, 0xF0,
    0xFF, 0x0F, 0xF0, 0xFF, 0x1F, 0xFF, 0xF7, 0xFF, 0x7F, 0xF3, 0xFF, 0x01, 0xC0, 0x07, 0x00, 0x38,
    0x00, 0xE0, 0x07, 0x80, 0x00, 0x00, 0x00, 0x00, 0x00, 0x00, 0x00, 0x00, 0x00, 0x00, 0x00, 0x00,
    0x00, 0x03, 0xC1, 0xE7, 0x87, 0x9E, 0x1E, 0x7C, 0xF0, 0xF3, 0xC3, 0xEF, 0x07, 0xF8, 0x1F, 0xE0,
    0x3F, 0x80, 0xFC, 0x01, 0xF0, 0x07, 0xC0, 0x1F, 0x00, 0x78, 0x1F, 0xE0, 0x7F, 0x01, 0xFC, 0x07,
    0xC0, 0x00, 0xE0, 0x38, 0x0E, 0x03, 0xE0, 0xFE, 0x3F, 0xCF, 0xFB, 0xDE, 0xF3, 0xFC, 0xFF, 0x3F,
    0xCF, 0xF7, 0xBF, 0xEF, 0xF3, 0xF8, 0xF8, 0x3C, 0x0F, 0x03, 0xC0, 0xF0, 0x3C, 0x00, 0x3C, 0xF0,
    0xFB, 0xC3, 0xEF, 0x0F, 0xFC, 0x3F, 0xF0, 0x00, 0x00, 0x00, 0x00, 0x00, 0x00, 0x00, 0x00, 0x0F,
    0x07, 0x9E, 0x1E, 0x78, 0x79, 0xF3, 0xC3, 0xCF, 0x0F, 0xBC, 0x1F, 0xE0, 0x7F, 0x80, 0xFE, 0x03,
    0xF0, 0x07, 0xC0, 0x1F, 0x00, 0x7C, 0x01, 0xE0, 0x7F, 0x81, 0xFC, 0x07, 0xF0, 0x1F, 0x00, 0x07,
    0xFC, 0x03, 0xFF, 0x01, 0xFF, 0xE0, 0x7F, 0xE0, 0x00, 0x00, 0x00, 0x00, 0x00, 0x00, 0x00, 0x07,
    0x80, 0x01, 0xF0, 0x00, 0xFC, 0x00, 0x3F, 0x00, 0x0F, 0xE0, 0x07, 0xF8, 0x01, 0xEF, 0x00, 0xF3,
    0xC0, 0x3C, 0xF0, 0x0F, 0x3E, 0x07, 0xC7, 0x81, 0xFF, 0xE0, 0xFF, 0xFC, 0x3F, 0xFF, 0x0F, 0xFF,
    0xE7, 0xC0, 0xF9, 0xF0, 0x3E, 0xFC, 0x07, 0xC0, 0x01, 0xC7, 0xFE, 0xFF, 0xEF, 0xFE, 0x00, 0x00,
    0x00, 0x00, 0x00, 0x00, 0x3F, 0xE7, 0xFE, 0x7F, 0xEF, 0x1E, 0xE1, 0xEE, 0x0E, 0xE0, 0xEE, 0x1E,
    0xFF, 0xFF, 0xFF, 0x7F, 0xF3, 0xFF, 0x00, 0x00, 0x03, 0xCF, 0x00, 0xFF, 0xC0, 0x1F, 0xE0, 0x03,
    0xF0, 0x00, 0x00, 0x00, 0x00, 0x00, 0x00, 0x00, 0x01, 0xE0, 0x00, 0x7C, 0x00, 0x3F, 0x00, 0x0F,
    0xC0, 0x03, 0xF8, 0x01, 0xFE, 0x00, 0x7B, 0xC0, 0x3C, 0xF0, 0x0F, 0x3C, 0x03, 0xCF, 0x81, 0xF1,
    0xE0, 0x7F, 0xF8, 0x3F, 0xFF, 0x0F, 0xFF, 0xC3, 0xFF, 0xF9, 0xF0, 0x3E, 0x7C, 0x0F, 0xBF, 0x01,
    0xF0, 0x00, 0x07, 0x9E, 0x7F, 0xE3, 0xFC, 0x3F, 0x80, 0x00, 0x00, 0x00, 0x00, 0x3F, 0xE7, 0xFE,
    0x7F, 0xEF, 0x1E, 0xE1, 0xEE, 0x0E, 0xE0, 0xEE, 0x1E, 0xFF, 0xFF, 0xFF, 0x7F, 0xF3, 0xFF, 0x01,
    0xE0, 0x00, 0x7C, 0x00, 0x3F, 0x00, 0x0F, 0xC0, 0x03, 0xF8, 0x01, 0xFE, 0x00, 0x7B, 0xC0, 0x3C,
    0xF0, 0x0F, 0x3C, 0x03, 0xCF, 0x81, 0xF1, 0xE0, 0x7F, 0xF8, 0x3F, 0xFF, 0x0F, 0xFF, 0xC3, 0xFF,
    0xF9, 0xF0, 0x3E, 0x7C, 0x0F, 0xBF, 0x01, 0xF0, 0x00, 0xF0, 0x00, 0x3C, 0x00, 0x0F, 0xC0, 0x03,
    0xF0, 0x00, 0x7C, 0x00, 0x00, 0x00, 0x01, 0xFF, 0x1F, 0xF8, 0xFF, 0xCF, 0x1E, 0x70, 0xF3, 0x83,
    0x9C, 0x1C, 0xE1, 0xE7, 0xFF, 0xBF, 0xFC, 0xFF, 0xE3, 0xFF, 0x00, 0x78, 0x07, 0x80, 0x38, 0x01,
    0xF8, 0x0F, 0xC0, 0x1E, 0x00, 0xF0, 0x00, 0xE0, 0x01, 0xE0, 0x01, 0xE0, 0x01, 0xC0, 0x00, 0x00,
    0x00, 0x00, 0x01, 0xFF, 0x07, 0xFE, 0x0F, 0xFE, 0x1F, 0xFE, 0x3F, 0x86, 0x3E, 0x00, 0x3E, 0x00,
    0x7C, 0x00, 0x7C, 0x00, 0x7C, 0x00, 0x7C, 0x00, 0x7E, 0x00, 0x7F, 0xDE, 0x3F, 0xFE, 0x3F, 0xFE,
    0x1F, 0xFE, 0x1F, 0xFE, 0x0F, 0xFE, 0x07, 0x01, 0xE0, 0x38, 0x0F, 0x01, 0xE0, 0x00, 0x07, 0xE1,
    0xFC, 0x7F, 0x9E, 0x03, 0xC0, 0x78, 0x0F, 0x01, 0xE0, 0x3E, 0x43, 0xFC, 0x7F, 0xC3, 0xF8, 0x00,
    0xC0, 0x01, 0xE0, 0x03, 0xE0, 0x07, 0xF0, 0x0F, 0xF8, 0x1E, 0x3C, 0x00, 0x00, 0x00, 0x00, 0x00,
    0x00, 0x01, 0xFF, 0x07, 0xFE, 0x0F, 0xFE, 0x1F, 0xFE, 0x3F, 0x86, 0x3E, 0x00, 0x3E, 0x00, 0x7C,
    0x00, 0x7C, 0x00, 0x7C, 0x00, 0x7C, 0x00, 0x7E, 0x00, 0x7F, 0xDE, 0x3F, 0xFE, 0x3F, 0xFE, 0x1F,
    0xFE, 0x1F, 0xFE, 0x0F, 0xFE, 0x07, 0x00, 0xF8, 0x1F, 0xC3, 0xFE, 0x79, 0xF6, 0x07, 0x00, 0x00,
    0xFC, 0x1F, 0xC3, 0xFC, 0x78, 0x07, 0x80, 0x78, 0x07, 0x80, 0x78, 0x07, 0xC8, 0x3F, 0xC3, 0xFE,
    0x0F, 0xE0, 0x01, 0xE0, 0x01, 0xE0, 0x01, 0xE0, 0x01, 0xF0, 0x01, 0xF0, 0x00, 0x00, 0x00, 0x00,
    0x01, 0xFF, 0x07, 0xFE, 0x0F, 0xFE, 0x1F, 0xFE, 0x3F, 0x86, 0x3E, 0x00, 0x3E, 0x00, 0x7C, 0x00,
    0x7C, 0x00, 0x7C, 0x00, 0x7C, 0x00, 0x7E, 0x00, 0x7F, 0xDE, 0x3F, 0xFE, 0x3F, 0xFE, 0x1F, 0xFE,
    0x1F, 0xFE, 0x0F, 0xFE, 0x0F, 0x03, 0xE0, 0x7C, 0x0F, 0x81, 0xF0, 0x00, 0x07, 0xE1, 0xFC, 0x7F,
    0x9E, 0x03, 0xC0, 0x78, 0x0F, 0x01, 0xE0, 0x3E, 0x43, 0xFC, 0x7F, 0xC3, 0xF8, 0x0E, 0x1E, 0x0F,
    0x3C, 0x07, 0xF8, 0x03, 0xF0, 0x01, 0xE0, 0x00, 0xC0, 0x00, 0x00, 0x00, 0x00, 0x00, 0x00, 0x01,
    0xFF, 0x07, 0xFE, 0x0F, 0xFE, 0x1F, 0xFE, 0x3F, 0x86, 0x3E, 0x00, 0x3E, 0x00, 0x7C, 0x00, 0x7C,
    0x00, 0x7C, 0x00, 0x7C, 0x00, 0x7E, 0x00, 0x7F, 0xDE, 0x3F, 0xFE, 0x3F, 0xFE, 0x1F, 0xFE, 0x1F,
    0xFE, 0x0F, 0xFE, 0xE0, 0xEF, 0x1E, 0x7F, 0xC3, 0xF8, 0x1F, 0x00, 0xE0, 0x00, 0x00, 0x00, 0x1F,
    0x83, 0xF8, 0x7F, 0x8F, 0x00, 0xF0, 0x0F, 0x00, 0xF0, 0x0F, 0x00, 0xF9, 0x07, 0xF8, 0x7F, 0xC1,
    0xFC, 0x00, 0x00, 0x3C, 0x78, 0x1F, 0xF0, 0x0F, 0xE0, 0x07, 0xC0, 0x03, 0x80, 0x00, 0x00, 0x00,
    0x00, 0x00, 0x00, 0xFF, 0xE0, 0xFF, 0xF8, 0xFF, 0xFC, 0xFF, 0xFE, 0xF0, 0x7E, 0xF0, 0x1E, 0xF0,
    0x1F, 0xF0, 0x0F, 0xF0, 0x0F, 0xF0, 0x0F, 0xF0, 0x0F, 0xF0, 0x1F, 0xF9, 0xFF, 0xFF, 0xFE, 0xFF,
    0xFE, 0xFF, 0xFC, 0xFF, 0xFC, 0xFF, 0xF0, 0x00, 0x78, 0x00, 0x3F, 0x80, 0x1D, 0xC0, 0x0E, 0xE0,
    0x07, 0x70, 0x03, 0xF8, 0x7F, 0xFC, 0x7F, 0xE0, 0x7F, 0xF0, 0x7D, 0xF8, 0x3C, 0x7C, 0x1C, 0x1E,
    0x0E, 0x0F, 0x07, 0x8F, 0x83, 0xFF, 0xC0, 0xFF, 0xE0, 0x7F, 0xF0, 0x0F, 0xF8, 0x00, 0x0F, 0xFE,
    0x00, 0xFF, 0xF8, 0x0F, 0xFF, 0xC0, 0xFF, 0xFE, 0x0F, 0x07, 0xE0, 0xF0, 0x1E, 0x0F, 0x00, 0xF0,
    0xF0, 0x0F, 0x7F, 0xF0, 0xF7, 0xFF, 0x0F, 0x7F, 0xF0, 0xF0, 0xF0, 0x1F, 0x0F, 0x9F, 0xF0, 0xFF,
    0xFE, 0x0F, 0xFF, 0xE0, 0xFF, 0xFC, 0x0F, 0xFF, 0xC0, 0xFF, 0xF0, 0x00, 0x78, 0x00, 0x78, 0x07,
    0xFF, 0x07, 0xFF, 0x07, 0xFF, 0x00, 0x70, 0x1F, 0xF0, 0x3F, 0xF0, 0x7F, 0xF0, 0xFB, 0xF0, 0xF1,
    0xF0, 0xE0, 0xF0, 0xE0, 0xF0, 0xF1, 0xF0, 0xFF, 0xF0, 0x7F, 0xF0, 0x7F, 0xF0, 0x1F, 0xF0, 0x03,
    0xE3, 0xFF, 0x1F, 0xFC, 0xFF, 0xE0, 0x00, 0x00, 0x00, 0x00, 0x00, 0x00, 0x7F, 0xFB, 0xFF, 0x9F,
    0xFD, 0xFE, 0x0F, 0x80, 0x7C, 0x03, 0xE0, 0x1F, 0xF8, 0xFF, 0xC7, 0xFE, 0x3F, 0xC1, 0xF0, 0x0F,
    0x80, 0x7F, 0xFB, 0xFF, 0xDF, 0xFF, 0xFF, 0xFF, 0xFF, 0xC0, 0x03, 0xC7, 0xFE, 0xFF, 0xEF, 0xFE,
    0x00, 0x00, 0x00, 0x00, 0x00, 0x00, 0x00, 0x00, 0x00, 0x1F, 0x83, 0xFC, 0x7F, 0xEF, 0xFE, 0xFF,
    0xFF, 0xFF, 0xFC, 0x0F, 0x01, 0xFF, 0xF7, 0xFF, 0x3F, 0xF1, 0xFE, 0x00, 0x01, 0xEF, 0x0F, 0xF8,
    0x7F, 0xC1, 0xFC, 0x00, 0x00, 0x00, 0x00, 0x00, 0x7F, 0xFB, 0xFF, 0x9F, 0xFD, 0xFE, 0x0F, 0x80,
    0x7C, 0x03, 0xE0, 0x1F, 0xF8, 0xFF, 0xC7, 0xFE, 0x3F, 0xC1, 0xF0, 0x0F, 0x80, 0x7F, 0xFB, 0xFF,
    0xDF, 0xFF, 0xFF, 0xFF, 0xFF, 0xC0, 0x00, 0x07, 0x9E, 0x7F, 0xE3, 0xFC, 0x1F, 0x80, 0x00, 0x00,
    0x00, 0x00, 0x00, 0x00, 0x00, 0x1F, 0x83, 0xFC, 0x7F, 0xEF, 0xFE, 0xFF, 0xFF, 0xFF, 0xFC, 0x0F,
    0x01, 0xFF, 0xF7, 0xFF, 0x3F, 0xF1, 0xFE, 0x07, 0x80, 0x7C, 0x03, 0xE0, 0x1F, 0x00, 0xF8, 0x00,
    0x00, 0x00, 0x00, 0x00, 0x7F, 0xFB, 0xFF, 0x9F, 0xFD, 0xFE, 0x0F, 0x80, 0x7C, 0x03, 0xE0, 0x1F,
    0xF8, 0xFF, 0xC7, 0xFE, 0x3F, 0xC1, 0xF0, 0x0F, 0x80, 0x7F, 0xFB, 0xFF, 0xDF, 0xFF, 0xFF, 0xFF,
    0xFF, 0xC0, 0x0F, 0x00, 0xF0, 0x0F, 0x00, 0xF0, 0x1F, 0x80, 0x00, 0x00, 0x00, 0x00, 0x00, 0x00,
    0x00, 0x1F, 0x83, 0xFC, 0x7F, 0xEF, 0xFE, 0xFF, 0xFF, 0xFF, 0xFC, 0x0F, 0x01, 0xFF, 0xF7, 0xFF,
    0x3F, 0xF1, 0xFE, 0x7F, 0xFB, 0xFF, 0x9F, 0xFD, 0xFE, 0x0F, 0x80, 0x7C, 0x03, 0xE0, 0x1F, 0xF8,
    0xFF, 0xC7, 0xFE, 0x3F, 0xC1, 0xF0, 0x0F, 0x80, 0x7F, 0xFB, 0xFF, 0xDF, 0xFF, 0xFF, 0xFF, 0xFF,
    0xC7, 0x80, 0x38, 0x01, 0xF0, 0x0F, 0x80, 0x1C, 0x00, 0x1F, 0x83, 0xFC, 0x7F, 0xEF, 0xFE, 0xFF,
    0xFF, 0xFF, 0xFC, 0x0F, 0x01, 0xFF, 0xF7, 0xFF, 0x3F, 0xF1, 0xFE, 0x00, 0x00, 0x70, 0x0F, 0x00,
    0xE0, 0x0F, 0x80, 0xF8, 0x07, 0x80, 0x00, 0x70, 0x73, 0xC7, 0x8F, 0xF8, 0x3F, 0x80, 0xF8, 0x03,
    0x80, 0x00, 0x00, 0x00, 0x00, 0x00, 0x00, 0x1F, 0xFE, 0xFF, 0xE7, 0xFF, 0x7F, 0x83, 0xE0, 0x1F,
    0x00, 0xF8, 0x07, 0xFE, 0x3F, 0xF1, 0xFF, 0x8F, 0xF0, 0x7C, 0x03, 0xE0, 0x1F, 0xFE, 0xFF, 0xF7,
    0xFF, 0xFF, 0xFF, 0xFF, 0xF0, 0x00, 0x07, 0x9E, 0x3F, 0xC1, 0xF8, 0x0F, 0x00, 0xF0, 0x00, 0x00,
    0x00, 0x00, 0x00, 0x00, 0x00, 0x00, 0x00, 0x1F, 0x83, 0xFC, 0x7F, 0xEF, 0xFE, 0xFF, 0xFF, 0xFF,
    0xFC, 0x0F, 0x01, 0xFF, 0xF7, 0xFF, 0x3F, 0xF1, 0xFE, 0x00, 0x40, 0x00, 0x38, 0x00, 0x1F, 0x00,
    0x0F, 0xE0, 0x07, 0xFC, 0x03, 0xC7, 0x80, 0x00, 0x00, 0x00, 0x00, 0x00, 0x00, 0x00, 0x00, 0x00,
    0x1F, 0xC0, 0x3F, 0xF8, 0x3F, 0xFE, 0x0F, 0xFF, 0xC7, 0xF8, 0xF1, 0xF0, 0x00, 0xFC, 0x00, 0x3E,
    0x00, 0x0F, 0x80, 0x03, 0xE1, 0xFC, 0xF8, 0x7F, 0xFE, 0x1F, 0xFF, 0x83, 0xFF, 0xF0, 0x1F, 0x7F,
    0xFF, 0x9F, 0xFF, 0xE3, 0xFF, 0xF8, 0x7F, 0xFC, 0x07, 0xFE, 0x00, 0x07, 0x00, 0x7C, 0x07, 0xF0,
    0x7F, 0xC7, 0x8F, 0x38, 0x18, 0x00, 0x00, 0x00, 0x00, 0x00, 0xFF, 0x9F, 0xFC, 0xFF, 0xEF, 0x3F,
    0x70, 0xFB, 0x87, 0xDC, 0x3E, 0xE1, 0xF7, 0xFF, 0xBF, 0xFC, 0xFF, 0xE7, 0xFF, 0x0F, 0xF0, 0x07,
    0x8E, 0x7C, 0x7F, 0xE7, 0xFE, 0x3F, 0xE0, 0x3C, 0x00, 0x00, 0x00, 0x01, 0xE7, 0x80, 0x7F, 0xC0,
    0x1F, 0xF0, 0x03, 0xF8, 0x00, 0x00, 0x00, 0x00, 0x00, 0x00, 0x00, 0x00, 0x00, 0x00, 0x7F, 0x00,
    0xFF, 0xE0, 0xFF, 0xF8, 0x3F, 0xFF, 0x1F, 0xE3, 0xC7, 0xC0, 0x03, 0xF0, 0x00, 0xF8, 0x00, 0x3E,
    0x00, 0x0F, 0x87, 0xF3, 0xE1, 0xFF, 0xF8, 0x7F, 0xFE, 0x0F, 0xFF, 0xC0, 0x7D, 0xFF, 0xFE, 0x7F,
    0xFF, 0x8F, 0xFF, 0xE1, 0xFF, 0xF0, 0x1F, 0xF8, 0x00, 0x03, 0xCF, 0x3F, 0xF1, 0xFE, 0x1F, 0xC0,
    0x00, 0x00, 0x00, 0x00, 0x1F, 0xF7, 0xFF, 0x7F, 0xFF, 0x3F, 0xE1, 0xFE, 0x1F, 0xE1, 0xFE, 0x1F,
    0xFF, 0xFF, 0xFF, 0x7F, 0xF7, 0xFF, 0x1F, 0xE0, 0x1E, 0x73, 0xE7, 0xFE, 0xFF, 0xCF, 0xF8, 0x1E,
    0x00, 0x00, 0xF0, 0x00, 0x3C, 0x00, 0x1F, 0x00, 0x07, 0xC0, 0x01, 0xF0, 0x00, 0x00, 0x00, 0x00,
    0x00, 0x00, 0x00, 0x00, 0x00, 0x00, 0x7F, 0x00, 0xFF, 0xE0, 0xFF, 0xF8, 0x3F, 0xFF, 0x1F, 0xE3,
    0xC7, 0xC0, 0x03, 0xF0, 0x00, 0xF8, 0x00, 0x3E, 0x00, 0x0F, 0x87, 0xF3, 0xE1, 0xFF, 0xF8, 0x7F,
    0xFE, 0x0F, 0xFF, 0xC0, 0x7D, 0xFF, 0xFE, 0x7F, 0xFF, 0x8F, 0xFF, 0xE1, 0xFF, 0xF0, 0x1F, 0xF8,
    0x07, 0x80, 0x78, 0x07, 0x80, 0xF8, 0x0F, 0x80, 0x00, 0x00, 0x00, 0x00, 0x1F, 0xF7, 0xFF, 0x7F,
    0xFF, 0x3F, 0xE1, 0xFE, 0x1F, 0xE1, 0xFE, 0x1F, 0xFF, 0xFF, 0xFF, 0x7F, 0xF7, 0xFF, 0x1F, 0xE0,
    0x1E, 0x73, 0xE7, 0xFE, 0xFF, 0xCF, 0xF8, 0x1E, 0x00, 0x01, 0xF0, 0x00, 0x7C, 0x00, 0x1F, 0x00,
    0x0F, 0x80, 0x03, 0xE0, 0x00, 0xF8, 0x00, 0x7E, 0x00, 0x0F, 0x00, 0x00, 0x00, 0x00, 0x00, 0x00,
    0x00, 0x00, 0x00, 0x00, 0x01, 0xFC, 0x03, 0xFF, 0x83, 0xFF, 0xE0, 0xFF, 0xFC, 0x7F, 0x8F, 0x1F,
    0x00, 0x0F, 0xC0, 0x03, 0xE0, 0x00, 0xF8, 0x00, 0x3E, 0x1F, 0xCF, 0x87, 0xFF, 0xE1, 0xFF, 0xF8,
    0x3F, 0xFF, 0x01, 0xF7, 0xFF, 0xF9, 0xFF, 0xFE, 0x3F, 0xFF, 0x87, 0xFF, 0xC0, 0x7F, 0xE0, 0x0F,
    0xC0, 0xFC, 0x0F, 0x80, 0xF8, 0x0F, 0x80, 0xF8, 0x1F, 0x01, 0xF0, 0x00, 0x01, 0xFF, 0x7F, 0xF7,
    0xFF, 0xF3, 0xFE, 0x1F, 0xE1, 0xFE, 0x1F, 0xE1, 0xFF, 0xFF, 0xFF, 0xF7, 0xFF, 0x7F, 0xF1, 0xFE,
    0x01, 0xE7, 0x3E, 0x7F, 0xEF, 0xFC, 0xFF, 0x81, 0xE0, 0x03, 0x80, 0x03, 0xC0, 0x07, 0xE0, 0x0F,
    0xF0, 0x3E, 0x78, 0x18, 0x18, 0x00, 0x00, 0x00, 0x00, 0xF8, 0x1E, 0xF8, 0x1E, 0xF8, 0x1E, 0xF8,
    0x1E, 0xF8, 0x1E, 0xF8, 0x1E, 0xF8, 0x1E, 0xF8, 0x1E, 0xF8, 0x1E, 0xF8, 0x1F, 0xFF, 0xFF, 0xFF,
    0xFF, 0xFF, 0xFF, 0xFF, 0xFF, 0xFF, 0xFF, 0xF8, 0x3F, 0xF8, 0x3F, 0xF8, 0x3F, 0x06, 0x00, 0x0F,
    0x00, 0x1F, 0x00, 0x3F, 0x80, 0x7F, 0xC0, 0xF1, 0xE0, 0x00, 0x00, 0x00, 0x00, 0x0F, 0x00, 0x0F,
    0x00, 0x0F, 0x00, 0x0F, 0x00, 0x0F, 0x00, 0x0F, 0x00, 0x0F, 0xF8, 0x0F, 0xFC, 0x1F, 0xFE, 0x1F,
    0x1E, 0x1E, 0x0E, 0x1E, 0x0E, 0x1E, 0x0E, 0x1E, 0x1E, 0x1E, 0x1E, 0x1F, 0x1E, 0x1F, 0x1E, 0x1F,
    0x1E, 0x7C, 0x0F, 0x1F, 0x03, 0xC7, 0xC0, 0xF1, 0xF0, 0x3C, 0x7C, 0x0F, 0x3F, 0xFF, 0xFF, 0xFF,
    0xFF, 0xFF, 0xFF, 0x7C, 0x0F, 0x1F, 0x03, 0xE7, 0xFF, 0xF9, 0xFF, 0xFE, 0x7F, 0xFF, 0x9F, 0xFF,
    0xE7, 0xFF, 0xF9, 0xF0, 0x7E, 0x7C, 0x1F, 0x9F, 0x07, 0xE0, 0x0F, 0x00, 0x0F, 0x00, 0x7F, 0xC0,
    0xFF, 0xC0, 0xFF, 0x80, 0x0F, 0x00, 0x0F, 0xF8, 0x0F, 0xFC, 0x1F, 0xFE, 0x1F, 0x1E, 0x1E, 0x0E,
    0x1E, 0x0E, 0x1E, 0x0E, 0x1E, 0x1E, 0x1E, 0x1E, 0x1F, 0x1E, 0x1F, 0x1E, 0x1F, 0x1E, 0x7B, 0x3F,
    0xFF, 0xDD, 0xE6, 0x00, 0x00, 0x00, 0x00, 0x00, 0x1F, 0x0F, 0x87, 0xC3, 0xE1, 0xF0, 0xF8, 0x7C,
    0x3E, 0x1F, 0x0F, 0x87, 0xC3, 0xE1, 0xF0, 0xF8, 0x7C, 0x3E, 0x1F, 0x0F, 0x80, 0x00, 0x77, 0xFF,
    0xFF, 0xEE, 0x00, 0x00, 0x00, 0x3C, 0x3C, 0x3C, 0x3C, 0x3C, 0x3C, 0x3C, 0x3C, 0x3C, 0x3C, 0x3C,
    0x3C, 0x00, 0xE7, 0xFE, 0x7F, 0xF7, 0xFF, 0x00, 0x00, 0x00, 0x00, 0x00, 0x00, 0x00, 0x00, 0xF8,
    0x0F, 0x80, 0xF8, 0x0F, 0x80, 0xF8, 0x0F, 0x80, 0xF8, 0x0F, 0x80, 0xF8, 0x0F, 0x80, 0xF8, 0x0F,
    0x80, 0xF8, 0x0F, 0x80, 0xF8, 0x0F, 0x80, 0xF8, 0x0F, 0x80, 0x3F, 0xC7, 0xFE, 0xFF, 0xEF, 0xFC,
    0x00, 0x00, 0x00, 0x00, 0x00, 0xF0, 0x0F, 0x00, 0xF0, 0x0F, 0x00, 0xF0, 0x0F, 0x00, 0xF0, 0x0F,
    0x00, 0xF0, 0x0F, 0x00, 0xF0, 0x0F, 0x00, 0x7D, 0xF7, 0xDF, 0x7D, 0xF7, 0xDF, 0x7D, 0xF7, 0xDF,
    0x7D, 0xF7, 0xDF, 0x7D, 0xF7, 0x38, 0xF9, 0xF3, 0x80, 0x79, 0xE7, 0xBE, 0xF8, 0x00, 0x1E, 0x79,
    0xE7, 0x9E, 0x79, 0xE7, 0x9E, 0x79, 0xE7, 0x9E, 0xF3, 0x8F, 0xFF, 0x7C, 0x77, 0xFF, 0xFF, 0x80,
    0x00, 0x07, 0xFF, 0xFF, 0xFF, 0xFF, 0xFF, 0xFF, 0xFF, 0xFF, 0xFF, 0xFF, 0xFE, 0xFF, 0xFF, 0xFF,
    0xFF, 0xFF, 0xFF, 0x78, 0x07, 0xBC, 0x07, 0xDE, 0x03, 0xEF, 0x01, 0xF7, 0x80, 0xFB, 0xC0, 0x7D,
    0xE0, 0x3E, 0xF0, 0x1E, 0x78, 0x0F, 0x3C, 0x07, 0x9E, 0x03, 0xCF, 0x01, 0xE7, 0x80, 0xF3, 0xE0,
    0xF9, 0xF0, 0x7C, 0xF8, 0x3E, 0x7C, 0x1F, 0x3E, 0x0F, 0x80, 0x07, 0x80, 0xE7, 0xC0, 0x7F, 0xE0,
    0x3F, 0xF0, 0x1F, 0xF0, 0x1F, 0xF8, 0x0F, 0xF8, 0x00, 0x00, 0x00, 0x78, 0x73, 0xC3, 0xDE, 0x1F,
    0xF0, 0xFF, 0x80, 0x00, 0x00, 0x00, 0x0F, 0x0E, 0x78, 0x73, 0xC3, 0x9E, 0x1C, 0xF0, 0xE7, 0x87,
    0x3C, 0x39, 0xE1, 0xCF, 0x0E, 0x78, 0xF3, 0xC7, 0x9E, 0x3C, 0x05, 0xE0, 0x3F, 0x03, 0xF0, 0x1F,
    0x80, 0x70, 0x01, 0xC0, 0x0F, 0x80, 0x7F, 0x03, 0xFE, 0x1E, 0x7C, 0x60, 0x70, 0x00, 0x00, 0x00,
    0x00, 0xF8, 0x03, 0xE0, 0x0F, 0x80, 0x3E, 0x00, 0xF0, 0x03, 0xC0, 0x0F, 0x00, 0x3C, 0x01, 0xF0,
    0x07, 0xC0, 0x1F, 0x00, 0x7C, 0x01, 0xF0, 0x07, 0x80, 0x1E, 0x00, 0x78, 0x01, 0xE1, 0xCF, 0x87,
    0xFE, 0x3F, 0xF0, 0xFF, 0xC3, 0xFE, 0x01, 0xE0, 0x00, 0x02, 0x00, 0x70, 0x0F, 0x81, 0xFC, 0x3F,
    0xE7, 0x8F, 0x00, 0x00, 0x00, 0x00, 0x00, 0x70, 0x0F, 0x00, 0xF0, 0x0F, 0x00, 0xF0, 0x0F, 0x00,
    0xF0, 0x0F, 0x00, 0xF0, 0x0F, 0x00, 0xF0, 0x0E, 0x00, 0xE0, 0x3E, 0x07, 0xE0, 0x7E, 0x07, 0xE0,
    0x78, 0x00, 0x07, 0xC0, 0x0F, 0xC0, 0x0F, 0xC0, 0x07, 0xC0, 0x0F, 0x80, 0x0F, 0x80, 0x0F, 0x80,
    0x1F, 0x00, 0x00, 0x00, 0x00, 0x00, 0x00, 0x00, 0x3C, 0xF8, 0x3C, 0xF8, 0x3D, 0xF0, 0x3D, 0xF0,
    0x7F, 0xE0, 0x7F, 0xC0, 0x7F, 0xC0, 0x7F, 0x80, 0x7F, 0x80, 0x7F, 0x00, 0x7F, 0x00, 0x7F, 0x80,
    0x7F, 0xC0, 0xFF, 0xE0, 0xFF, 0xF0, 0xFB, 0xF8, 0xF9, 0xFC, 0xF8, 0xFE, 0x78, 0x03, 0xC0, 0x1E,
    0x00, 0xE0, 0x07, 0x00, 0x38, 0x01, 0xCE, 0x1E, 0xF0, 0xFF, 0x07, 0xF8, 0x3F, 0x81, 0xF8, 0x0F,
    0xE0, 0x7F, 0x83, 0xFE, 0x1F, 0xF8, 0xF7, 0xE7, 0x9F, 0xC0, 0x00, 0x00, 0x00, 0x00, 0x1F, 0x80,
    0xFC, 0x07, 0xC0, 0x3E, 0x01, 0xF0, 0x0F, 0x80, 0xF8, 0x07, 0xC0, 0x00, 0x00, 0x1D, 0xC7, 0xF1,
    0xF8, 0x7C, 0x3F, 0x0F, 0x83, 0xE0, 0xFC, 0x3F, 0x8F, 0xF3, 0xBF, 0x38, 0x01, 0xC0, 0x1E, 0x00,
    0xE0, 0x07, 0x00, 0x00, 0x01, 0xE0, 0x0F, 0x00, 0x78, 0x03, 0xC0, 0x1E, 0x00, 0xF0, 0x07, 0x80,
    0x3C, 0x01, 0xE0, 0x1F, 0x00, 0xF8, 0x07, 0xC0, 0x3E, 0x01, 0xF0, 0xEF, 0xFF, 0xFF, 0xFF, 0xFF,
    0xFF, 0xFF, 0x38, 0x71, 0xE3, 0xC7, 0x00, 0x00, 0x00, 0x00, 0xE1, 0xC7, 0x8F, 0x1E, 0x3C, 0x78,
    0xF1, 0xE3, 0xC7, 0x8F, 0x1E, 0x3C, 0x78, 0xFD, 0xFB, 0xF0, 0x3E, 0x00, 0x7C, 0x00, 0xF8, 0x01,
    0xF0, 0x07, 0xC0, 0x0F, 0x80, 0x1F, 0x00, 0x3C, 0x00, 0x00, 0x00, 0x00, 0x00, 0x78, 0x00, 0xF0,
    0x01, 0xE0, 0x03, 0xC0, 0x07, 0x80, 0x0F, 0x00, 0x1E, 0x00, 0x3C, 0x00, 0x78, 0x01, 0xF0, 0x03,
    0xE0, 0x07, 0xC0, 0x0F, 0x80, 0x1F, 0x0E, 0x3F, 0xFE, 0x7F, 0xFC, 0xFF, 0xF9, 0xFF, 0xF0, 0x1C,
    0x0E, 0x0F, 0x07, 0x83, 0xC1, 0xE0, 0xF0, 0x78, 0x3C, 0x1E, 0x0F, 0x07, 0x83, 0xC1, 0xE0, 0xF0,
    0x7E, 0x3F, 0x1F, 0x80, 0x00, 0x00, 0x00, 0x00, 0xF8, 0x7C, 0x3E, 0x1F, 0x1F, 0x0F, 0x87, 0xC0,
    0x78, 0x03, 0xC0, 0x1E, 0x00, 0xF1, 0xC7, 0x8E, 0x3C, 0x71, 0xE3, 0x8F, 0x1C, 0x79, 0xE7, 0xC0,
    0x3E, 0x01, 0xF0, 0x0F, 0x80, 0x7C, 0x3B, 0xFF, 0xFF, 0xFF, 0xFF, 0xFF, 0xFF, 0xC0, 0x03, 0xC0,
    0xF0, 0x3D, 0xCE, 0x73, 0xBC, 0xEF, 0x03, 0xC0, 0xF0, 0x3C, 0x0F, 0x03, 0xC0, 0xF0, 0x3C, 0x0F,
    0x03, 0xC0, 0xF0, 0x3C, 0x0F, 0xC3, 0xF0, 0xFC, 0x00, 0x78, 0x03, 0xC0, 0x1E, 0x3C, 0xF1, 0xE7,
    0x8F, 0x3C, 0xF9, 0xE7, 0xCF, 0x00, 0x78, 0x07, 0xC0, 0x3E, 0x01, 0xF0, 0x0F, 0x80, 0x7C, 0x3B,
    0xFF, 0xFF, 0xFF, 0xFF, 0xFF, 0xFF, 0xC0, 0x70, 0x1C, 0x0F, 0x03, 0xC0, 0xF7, 0xBD, 0xEF, 0x7B,
    0xDF, 0xF7, 0xFC, 0x0F, 0x03, 0xC0, 0xF0, 0x3C, 0x0F, 0x03, 0xF0, 0xFC, 0x3F, 0x00, 0x00, 0x00,
    0x0E, 0x00, 0x00, 0x78, 0x00, 0x00, 0xF0, 0x00, 0x03, 0xC0, 0x00, 0x0F, 0x00, 0x00, 0x1E, 0x00,
    0x00, 0x78, 0x00, 0x1E, 0xF0, 0x00, 0x3F, 0xC0, 0x00, 0x7F, 0x80, 0x00, 0xFE, 0x00, 0x01, 0xF8,
    0x00, 0x03, 0xF0, 0x00, 0x07, 0xC0, 0x00, 0x0F, 0x80, 0x00, 0x3E, 0x00, 0x00, 0x7C, 0x00, 0x00,
    0xF8, 0x00, 0x03, 0xF0, 0x00, 0x0F, 0xE0, 0x00, 0x1F, 0xC3, 0x80, 0x7F, 0xFF, 0x81, 0xFF, 0xFF,
    0x03, 0xFF, 0xFE, 0x0F, 0xFF, 0xFC, 0x1E, 0x00, 0x00, 0x7C, 0x00, 0x01, 0xF0, 0x00, 0x03, 0xE0,
    0x00, 0x0F, 0x80, 0x00, 0x1C, 0x00, 0x00, 0x60, 0x00, 0x00, 0x00, 0xE0, 0x01, 0xC0, 0x03, 0x80,
    0x0F, 0x00, 0x1E, 0x00, 0x3C, 0x00, 0x78, 0x00, 0xF4, 0x01, 0xFE, 0x03, 0xF8, 0x0F, 0xC0, 0x7F,
    0x03, 0xFE, 0x1F, 0xBC, 0x0E, 0x78, 0x00, 0xFC, 0x01, 0xF8, 0x03, 0xF0, 0x00, 0xE0, 0x01, 0xE0,
    0x01, 0xC0, 0x01, 0xC0, 0x03, 0xC0, 0x00, 0x00, 0x00, 0x00, 0x00, 0x1F, 0x7C, 0x1E, 0x7E, 0x1E,
    0x7E, 0x1E, 0x7F, 0x1E, 0x7F, 0x1E, 0x7F, 0x9E, 0x7F, 0x9E, 0x7F, 0x9E, 0x7F, 0xDE, 0x7F, 0xDE,
    0x7F, 0xFE, 0xFD, 0xFE, 0xFD, 0xFE, 0xFC, 0xFE, 0xFC, 0xFE, 0xFC, 0x7E, 0xFC, 0x7E, 0x03, 0x80,
    0x38, 0x07, 0x80, 0x70, 0x07, 0x00, 0x00, 0x00, 0x00, 0x00, 0x7F, 0xC7, 0xFE, 0x7F, 0xEF, 0x8F,
    0xF0, 0xFF, 0x0F, 0xF0, 0xFF, 0x0F, 0xF0, 0xFF, 0x0F, 0xF8, 0xFF, 0x8F, 0x00, 0x1F, 0x7C, 0x1E,
    0x7E, 0x1E, 0x7E, 0x1E, 0x7F, 0x1E, 0x7F, 0x1E, 0x7F, 0x9E, 0x7F, 0x9E, 0x7F, 0x9E, 0x7F, 0xDE,
    0x7F, 0xDE, 0x7F, 0xFE, 0xFD, 0xFE, 0xFD, 0xFE, 0xFC, 0xFE, 0xFC, 0xFE, 0xFC, 0x7E, 0xFC, 0x7E,
    0x00, 0x00, 0x07, 0xE0, 0x07, 0xE0, 0x07, 0xC0, 0x07, 0xC0, 0x07, 0xC0, 0x0F, 0x80, 0x0F, 0x80,
    0x00, 0x00, 0x00, 0x07, 0xFC, 0x7F, 0xE7, 0xFE, 0xF8, 0xFF, 0x0F, 0xF0, 0xFF, 0x0F, 0xF0, 0xFF,
    0x0F, 0xF0, 0xFF, 0x8F, 0xF8, 0xF0, 0xF8, 0x1F, 0x80, 0xF8, 0x0F, 0x81, 0xF0, 0x1F, 0x01, 0xF0,
    0x3E, 0x00, 0x1E, 0x3C, 0x0F, 0x78, 0x07, 0xF0, 0x03, 0xE0, 0x01, 0xC0, 0x01, 0xC0, 0x00, 0x00,
    0x00, 0x00, 0x00, 0x00, 0x00, 0x1F, 0x7C, 0x1E, 0x7E, 0x1E, 0x7E, 0x1E, 0x7F, 0x1E, 0x7F, 0x1E,
    0x7F, 0x9E, 0x7F, 0x9E, 0x7F, 0x9E, 0x7F, 0xDE, 0x7F, 0xDE, 0x7F, 0xFE, 0xFD, 0xFE, 0xFD, 0xFE,
    0xFC, 0xFE, 0xFC, 0xFE, 0xFC, 0x7E, 0xFC, 0x7E, 0x78, 0x71, 0xEF, 0x87, 0xF8, 0x1F, 0x80, 0x78,
    0x01, 0x80, 0x00, 0x00, 0x00, 0x00, 0x00, 0x00, 0x1F, 0xF0, 0xFF, 0xC7, 0xFE, 0x7C, 0x7B, 0xC3,
    0xDE, 0x1E, 0xF0, 0xF7, 0x87, 0xBC, 0x3D, 0xE1, 0xEF, 0x8F, 0x7C, 0x78, 0x03, 0xC0, 0x7C, 0x0F,
    0x81, 0xF0, 0x3E, 0x00, 0x00, 0x00, 0x00, 0x00, 0x00, 0x07, 0xFC, 0x7F, 0xE7, 0xFE, 0xF8, 0xFF,
    0x0F, 0xF0, 0xFF, 0x0F, 0xF0, 0xFF, 0x0F, 0xF0, 0xFF, 0x8F, 0xF8, 0xF0, 0x00, 0x1F, 0x7C, 0x1E,
    0x7E, 0x1E, 0x7E, 0x1E, 0x7F, 0x1E, 0x7F, 0x1E, 0x7F, 0x9E, 0x7F, 0x9E, 0x7F, 0x9E, 0x7F, 0xDE,
    0x7F, 0xDE, 0x7F, 0xFE, 0xFD, 0xFE, 0xFD, 0xFE, 0xFC, 0xFE, 0xFC, 0xFE, 0xFC, 0x7E, 0xFC, 0x7E,
    0x00, 0x7E, 0x01, 0xFC, 0x03, 0xFC, 0x03, 0xF8, 0x00, 0x00, 0x00, 0x07, 0xFC, 0x7F, 0xE7, 0xFE,
    0xF8, 0xFF, 0x0F, 0xF0, 0xFF, 0x0F, 0xF0, 0xFF, 0x0F, 0xF0, 0xFF, 0x8F, 0xF8, 0xF0, 0x0F, 0x07,
    0xF0, 0x7F, 0x07, 0xE0, 0x00, 0x07, 0xF8, 0x03, 0xFF, 0x01, 0xFF, 0xC0, 0x7F, 0xE0, 0x00, 0x00,
    0x00, 0x00, 0x00, 0x00, 0x00, 0x1F, 0xE0, 0x1F, 0xFC, 0x0F, 0xFF, 0x83, 0xF3, 0xF1, 0xF0, 0x3E,
    0x78, 0x0F, 0xBE, 0x01, 0xEF, 0x80, 0x7F, 0xC0, 0x1F, 0xF0, 0x07, 0xFE, 0x01, 0xFF, 0x80, 0xFB,
    0xFF, 0xFE, 0x7F, 0xFF, 0x9F, 0xFF, 0xE7, 0xFF, 0xF0, 0xFF, 0xF8, 0x0F, 0xFC, 0x00, 0x00, 0x00,
    0x3F, 0xE7, 0xFE, 0xFF, 0xEF, 0xF8, 0x00, 0x00, 0x00, 0x00, 0x01, 0xF8, 0x7F, 0xC7, 0xFE, 0xF0,
    0xFF, 0x0F, 0xF0, 0xFF, 0x0F, 0xFF, 0xFF, 0xFF, 0x7F, 0xE7, 0xFC, 0x1F, 0x80, 0x00, 0x00, 0x03,
    0xCF, 0x00, 0xFF, 0xC0, 0x3F, 0xE0, 0x07, 0xF0, 0x00, 0x00, 0x00, 0x00, 0x00, 0x00, 0x00, 0x07,
    0xF8, 0x07, 0xFF, 0x03, 0xFF, 0xE0, 0xFC, 0xFC, 0x7C, 0x0F, 0x9E, 0x03, 0xEF, 0x80, 0x7B, 0xE0,
    0x1F, 0xF0, 0x07, 0xFC, 0x01, 0xFF, 0x80, 0x7F, 0xE0, 0x3E, 0xFF, 0xFF, 0x9F, 0xFF, 0xE7, 0xFF,
    0xF9, 0xFF, 0xFC, 0x3F, 0xFE, 0x03, 0xFF, 0x00, 0x00, 0x00, 0x00, 0x07, 0x9E, 0x7F, 0xE7, 0xFC,
    0x3F, 0x80, 0x00, 0x00, 0x00, 0x00, 0x1F, 0x87, 0xFC, 0x7F, 0xEF, 0x0F, 0xF0, 0xFF, 0x0F, 0xF0,
    0xFF, 0xFF, 0xFF, 0xF7, 0xFE, 0x7F, 0xC1, 0xF8, 0x07, 0xC3, 0xE1, 0xE0, 0xF8, 0xF8, 0x3E, 0x3E,
    0x0F, 0x80, 0x00, 0x00, 0x00, 0x00, 0x01, 0xFE, 0x00, 0xFF, 0xE0, 0x3F, 0xFE, 0x07, 0xE7, 0xE1,
    0xF0, 0x3E, 0x3C, 0x07, 0xCF, 0x80, 0x79, 0xF0, 0x0F, 0xBC, 0x01, 0xF7, 0x80, 0x3E, 0xF8, 0x07,
    0xDF, 0x01, 0xF3, 0xFF, 0xFE, 0x3F, 0xFF, 0xC7, 0xFF, 0xF8, 0xFF, 0xFE, 0x0F, 0xFF, 0x80, 0x7F,
    0xE0, 0x00, 0x00, 0x00, 0x0F, 0x87, 0xC7, 0xC3, 0xE3, 0xE1, 0xF1, 0xF0, 0xF8, 0x00, 0x00, 0x00,
    0x00, 0x00, 0x7E, 0x00, 0x7F, 0xC0, 0x1F, 0xF8, 0x0F, 0x0F, 0x03, 0xC3, 0xC0, 0xF0, 0xF0, 0x3C,
    0x3C, 0x0F, 0xFF, 0x03, 0xFF, 0xC0, 0x7F, 0xE0, 0x1F, 0xF0, 0x01, 0xF8, 0x00, 0x00, 0x00, 0x00,
    0x03, 0xFF, 0xFF, 0x87, 0xFF, 0xFF, 0xC7, 0xFF, 0xFF, 0xE3, 0xF3, 0xFC, 0x03, 0xE0, 0x7C, 0x01,
    0xE0, 0x3E, 0x01, 0xF0, 0x1F, 0x00, 0xF8, 0x0F, 0xFC, 0x78, 0x07, 0xFE, 0x3C, 0x03, 0xFF, 0x1F,
    0x01, 0xFE, 0x0F, 0x80, 0xF8, 0x07, 0xF9, 0xFC, 0x01, 0xFF, 0xFF, 0xFC, 0xFF, 0xFF, 0xFE, 0x7F,
    0xFF, 0xFF, 0x1F, 0xFF, 0xFF, 0x83, 0xFF, 0xFF, 0xE0, 0x04, 0x00, 0x00, 0x1F, 0x8F, 0xC3, 0xFF,
    0xFF, 0x1F, 0xFF, 0xFD, 0xE1, 0xFF, 0xEF, 0x0F, 0xFF, 0x78, 0x7F, 0xFF, 0xC3, 0xF8, 0x1F, 0xFF,
    0x02, 0xFF, 0xFF, 0xF3, 0xFF, 0xFF, 0x9F, 0xFF, 0xFC, 0x3F, 0x1F, 0xC0, 0x03, 0x00, 0x1C, 0x00,
    0x70, 0x03, 0xC0, 0x0E, 0x00, 0x00, 0x00, 0x00, 0x1F, 0xF0, 0x7F, 0xE1, 0xFF, 0xC7, 0x0F, 0x1C,
    0x1C, 0x70, 0x71, 0xC3, 0xC7, 0xFF, 0x1F, 0xFC, 0x7F, 0xE3, 0xFF, 0x8F, 0xFF, 0x3E, 0x3C, 0xF8,
    0xFB, 0xE3, 0xEF, 0x8F, 0xBF, 0x3F, 0xFC, 0xFC, 0x0C, 0x0E, 0x07, 0x07, 0x03, 0x80, 0x01, 0xFE,
    0xFF, 0x7F, 0xBE, 0x1E, 0x0F, 0x07, 0x83, 0xC3, 0xE1, 0xF0, 0xF8, 0x7C, 0x00, 0x1F, 0x00, 0x7E,
    0x01, 0xF0, 0x07, 0xC0, 0x1F, 0x00, 0xF8, 0x03, 0xE0, 0x0F, 0x80, 0x00, 0x00, 0x00, 0x00, 0x00,
    0x1F, 0xF0, 0x7F, 0xE1, 0xFF, 0xC7, 0x0F, 0x1C, 0x1C, 0x70, 0x71, 0xC3, 0xC7, 0xFF, 0x1F, 0xFC,
    0x7F, 0xE3, 0xFF, 0x8F, 0xFF, 0x3E, 0x3C, 0xF8, 0xFB, 0xE3, 0xEF, 0x8F, 0xBF, 0x3F, 0xFC, 0xFC,
    0x3E, 0x0F, 0x83, 0xE0, 0xF8, 0x7C, 0x1F, 0x07, 0xC3, 0xF0, 0x00, 0x00, 0x03, 0xFC, 0xFF, 0x3F,
    0xCF, 0x83, 0xC0, 0xF0, 0x3C, 0x0F, 0x07, 0xC1, 0xF0, 0x7C, 0x1F, 0x00, 0x78, 0xF0, 0xFF, 0x81,
    0xFC, 0x03, 0xE0, 0x0F, 0x00, 0x18, 0x00, 0x00, 0x00, 0x00, 0x7F, 0xC1, 0xFF, 0x87, 0xFF, 0x1C,
    0x3C, 0x70, 0x71, 0xC1, 0xC7, 0x0F, 0x1F, 0xFC, 0x7F, 0xF1, 0xFF, 0x8F, 0xFE, 0x3F, 0xFC, 0xF8,
    0xF3, 0xE3, 0xEF, 0x8F, 0xBE, 0x3E, 0xFC, 0xFF, 0xF3, 0xF0, 0xF1, 0xE7, 0xFC, 0x3F, 0x81, 0xF0,
    0x0E, 0x00, 0x60, 0x00, 0x01, 0xFE, 0x1F, 0xE1, 0xFE, 0x1F, 0x01, 0xE0, 0x1E, 0x01, 0xE0, 0x1E,
    0x03, 0xE0, 0x3E, 0x03, 0xE0, 0x3E, 0x00, 0x00, 0xC0, 0x01, 0xC0, 0x01, 0xC0, 0x03, 0xC0, 0x03,
    0x80, 0x00, 0x00, 0x00, 0x00, 0x07, 0xFC, 0x1F, 0xF8, 0x3F, 0xF8, 0x3F, 0x30, 0x3C, 0x00, 0x3C,
    0x00, 0x3E, 0x00, 0x3F, 0xE0, 0x1F, 0xF8, 0x1F, 0xFE, 0x07, 0xFE, 0x00, 0x7F, 0x10, 0x1F, 0x3C,
    0x1F, 0x7F, 0xFF, 0x7F, 0xFF, 0xFF, 0xFE, 0x3F, 0xF8, 0x00, 0x00, 0x03, 0x80, 0x38, 0x07, 0x00,
    0x70, 0x0F, 0x00, 0x00, 0x1F, 0xC3, 0xFC, 0x78, 0xC3, 0x80, 0x3F, 0x81, 0xFE, 0x07, 0xF1, 0x0F,
    0x3F, 0xF7, 0xFF, 0xFF, 0xE7, 0xFC, 0x00, 0x00, 0x03, 0x80, 0x03, 0xC0, 0x07, 0xE0, 0x0F, 0xF0,
    0x1E, 0x78, 0x18, 0x18, 0x00, 0x00, 0x00, 0x00, 0x07, 0xFC, 0x1F, 0xF8, 0x3F, 0xF8, 0x3F, 0x30,
    0x3C, 0x00, 0x3C, 0x00, 0x3E, 0x00, 0x3F, 0xE0, 0x1F, 0xF8, 0x1F, 0xFE, 0x07, 0xFE, 0x00, 0x7F,
    0x10, 0x1F, 0x3C, 0x1F, 0x7F, 0xFF, 0x7F, 0xFF, 0xFF, 0xFE, 0x3F, 0xF8, 0x00, 0x00, 0x07, 0x00,
    0xF0, 0x1F, 0x83, 0xFC, 0x79, 0xE6, 0x06, 0x00, 0x01, 0xFC, 0x3F, 0xC7, 0x8C, 0x38, 0x03, 0xF8,
    0x1F, 0xE0, 0x7F, 0x10, 0xF3, 0xFF, 0x7F, 0xFF, 0xFE, 0x7F, 0xC0, 0x00, 0x07, 0xFC, 0x1F, 0xF8,
    0x3F, 0xF8, 0x3F, 0x30, 0x3C, 0x00, 0x3C, 0x00, 0x3E, 0x00, 0x3F, 0xE0, 0x1F, 0xF8, 0x1F, 0xFE,
    0x07, 0xFE, 0x00, 0x7F, 0x10, 0x1F, 0x3C, 0x1F, 0x3F, 0xFF, 0x7F, 0xFF, 0xFF, 0xFE, 0x7F, 0xF8,
    0x0F, 0x00, 0x0F, 0x80, 0x0F, 0x80, 0x0F, 0x80, 0x0F, 0x00, 0x00, 0x01, 0xFC, 0x3F, 0xC7, 0x8C,
    0x38, 0x03, 0xF8, 0x1F, 0xE0, 0x7F, 0x10, 0xF3, 0xFF, 0x7F, 0xFF, 0xFE, 0x7F, 0xC1, 0x80, 0x3E,
    0x03, 0xE0, 0x3E, 0x03, 0xC0, 0x00, 0x00, 0x1C, 0x3C, 0x1F, 0xF8, 0x0F, 0xF0, 0x07, 0xE0, 0x03,
    0xC0, 0x01, 0x80, 0x00, 0x00, 0x00, 0x00, 0x07, 0xFC, 0x1F, 0xF8, 0x3F, 0xF8, 0x3F, 0x30, 0x3C,
    0x00, 0x3C, 0x00, 0x3E, 0x00, 0x3F, 0xE0, 0x1F, 0xF8, 0x1F, 0xFE, 0x07, 0xFE, 0x00, 0x7F, 0x10,
    0x1F, 0x3C, 0x1F, 0x7F, 0xFF, 0x7F, 0xFF, 0xFF, 0xFE, 0x3F, 0xF8, 0x00, 0x00, 0x70, 0x77, 0x9F,
    0x3F, 0xE1, 0xFC, 0x0F, 0x80, 0x70, 0x00, 0x00, 0x00, 0x1F, 0xC3, 0xFC, 0x78, 0xC3, 0x80, 0x3F,
    0x81, 0xFE, 0x07, 0xF1, 0x0F, 0x3F, 0xF7, 0xFF, 0xFF, 0xE7, 0xFC, 0x00, 0x00, 0xFF, 0xFF, 0xFF,
    0xFF, 0xFF, 0xFF, 0xFF, 0xFF, 0x03, 0xC0, 0x03, 0xC0, 0x03, 0xC0, 0x03, 0xC0, 0x03, 0xC0, 0x03,
    0xC0, 0x03, 0xC0, 0x03, 0xC0, 0x03, 0xC0, 0x03, 0xC0, 0x03, 0xC0, 0x07, 0xC0, 0x07, 0xE0, 0x07,
    0xE0, 0x03, 0x80, 0x03, 0xC0, 0x03, 0xE0, 0x03, 0xE0, 0x03, 0xE0, 0x03, 0xC0, 0x00, 0x01, 0xC0,
    0x78, 0x0F, 0x01, 0xE0, 0xFF, 0xBF, 0xF7, 0xFE, 0x1E, 0x03, 0xC0, 0x78, 0x0F, 0x01, 0xE0, 0x3F,
    0x07, 0xF0, 0xFE, 0x1F, 0xC3, 0x80, 0xF8, 0x1F, 0x83, 0xE0, 0x7C, 0x00, 0x3C, 0x38, 0x1F, 0xF8,
    0x0F, 0xF0, 0x07, 0xE0, 0x03, 0xC0, 0x01, 0x80, 0x00, 0x00, 0x00, 0x00, 0xFF, 0xFF, 0xFF, 0xFF,
    0xFF, 0xFF, 0xFF, 0xFF, 0x03, 0xC0, 0x03, 0xC0, 0x03, 0xC0, 0x03, 0xC0, 0x03, 0xC0, 0x03, 0xC0,
    0x03, 0xC0, 0x03, 0xC0, 0x03, 0xC0, 0x03, 0xC0, 0x03, 0xC0, 0x07, 0xC0, 0x07, 0xE0, 0x07, 0xE0,
    0x00, 0x3C, 0x00, 0xF0, 0x03, 0xC0, 0x0F, 0x0E, 0x3C, 0x78, 0xE1, 0xE0, 0x07, 0x80, 0x7F, 0xC3,
    0xFF, 0x0F, 0xFC, 0x07, 0x80, 0x1E, 0x00, 0x78, 0x01, 0xE0, 0x07, 0x80, 0x1F, 0x80, 0x7F, 0x01,
    0xFC, 0x07, 0xF0, 0x00, 0x00, 0xFF, 0xFF, 0xFF, 0xFF, 0xFF, 0xFF, 0xFF, 0xFF, 0x03, 0xC0, 0x03,
    0xC0, 0x03, 0xC0, 0x03, 0xC0, 0x3F, 0xF8, 0x3F, 0xF8, 0x3F, 0xF8, 0x03, 0xC0, 0x03, 0xC0, 0x03,
    0xC0, 0x03, 0xC0, 0x07, 0xC0, 0x07, 0xE0, 0x07, 0xE0, 0x00, 0x00, 0x70, 0x0F, 0x00, 0xF0, 0x0F,
    0x03, 0xFE, 0x7F, 0xE7, 0xFE, 0x0F, 0x0F, 0xFE, 0xFF, 0xEF, 0xFE, 0x0F, 0x00, 0xFC, 0x0F, 0xE0,
    0xFE, 0x0F, 0xE0, 0x00, 0x0F, 0x70, 0x0F, 0xF0, 0x0F, 0xF0, 0x0D, 0xE0, 0x0C, 0x00, 0x00, 0x00,
    0x00, 0x00, 0x00, 0x00, 0x00, 0x00, 0xF8, 0x3F, 0xF8, 0x3E, 0xF8, 0x3E, 0xF8, 0x3E, 0xF8, 0x3E,
    0xF8, 0x3E, 0xF8, 0x3E, 0xF8, 0x3E, 0xF8, 0x3E, 0xF8, 0x3E, 0xF8, 0x3E, 0xF8, 0x3E, 0xFC, 0x3E,
    0x7F, 0xFE, 0x7F, 0xFE, 0x7F, 0xFC, 0x7F, 0xFC, 0x3F, 0xF8, 0x00, 0x00, 0x1D, 0xC3, 0xFC, 0x3F,
    0xC3, 0xFC, 0x3B, 0x80, 0x00, 0x00, 0x00, 0x00, 0xE0, 0xFE, 0x0F, 0xE0, 0xFF, 0x0F, 0xF0, 0xFF,
    0x0F, 0xF0, 0xFF, 0x1F, 0xFF, 0xF7, 0xFF, 0x7F, 0xF3, 0xFF, 0x00, 0x00, 0x1F, 0xF8, 0x3F, 0xF8,
    0x3F, 0xF8, 0x00, 0x00, 0x00, 0x00, 0x00, 0x00, 0x00, 0x00, 0x00, 0x00, 0xF8, 0x3F, 0xF8, 0x3E,
    0xF8, 0x3E, 0xF8, 0x3E, 0xF8, 0x3E, 0xF8, 0x3E, 0xF8, 0x3E, 0xF8, 0x3E, 0xF8, 0x3E, 0xF8, 0x3E,
    0xF8, 0x3E, 0xF8, 0x3E, 0xFC, 0x3E, 0x7F, 0xFE, 0x7F, 0xFE, 0x7F, 0xFC, 0x7F, 0xFC, 0x3F, 0xF8,
    0x00, 0x00, 0x7F, 0xE7, 0xFE, 0xFF, 0xEC, 0x00, 0x00, 0x00, 0x00, 0x00, 0x0E, 0x0F, 0xE0, 0xFE,
    0x0F, 0xF0, 0xFF, 0x0F, 0xF0, 0xFF, 0x0F, 0xF1, 0xFF, 0xFF, 0x7F, 0xF7, 0xFF, 0x3F, 0xF0, 0x00,
    0x00, 0x1E, 0xF8, 0x1F, 0xF8, 0x1F, 0xF0, 0x0F, 0xE0, 0x00, 0x00, 0x00, 0x00, 0x00, 0x00, 0x00,
    0x00, 0xF8, 0x3F, 0xF8, 0x3E, 0xF8, 0x3E, 0xF8, 0x3E, 0xF8, 0x3E, 0xF8, 0x3E, 0xF8, 0x3E, 0xF8,
    0x3E, 0xF8, 0x3E, 0xF8, 0x3E, 0xF8, 0x3E, 0xF8, 0x3E, 0xFC, 0x3E, 0x7F, 0xFE, 0x7F, 0xFE, 0x7F,
    0xFC, 0x7F, 0xFC, 0x3F, 0xF8, 0x00, 0x00, 0x00, 0x07, 0x9E, 0x7F, 0xE3, 0xFC, 0x1F, 0x80, 0x00,
    0x00, 0x00, 0x00, 0xE0, 0xFE, 0x0F, 0xE0, 0xFF, 0x0F, 0xF0, 0xFF, 0x0F, 0xF0, 0xFF, 0x1F, 0xFF,
    0xF7, 0xFF, 0x7F, 0xF3, 0xFF, 0x03, 0x80, 0x07, 0xC0, 0x06, 0xC0, 0x07, 0xC0, 0x07, 0xC0, 0x01,
    0x00, 0x00, 0x00, 0x00, 0x00, 0x00, 0x00, 0x00, 0x00, 0xF8, 0x3F, 0xF8, 0x3E, 0xF8, 0x3E, 0xF8,
    0x3E, 0xF8, 0x3E, 0xF8, 0x3E, 0xF8, 0x3E, 0xF8, 0x3E, 0xF8, 0x3E, 0xF8, 0x3E, 0xF8, 0x3E, 0xF8,
    0x3E, 0xFC, 0x3E, 0x7F, 0xFE, 0x7F, 0xFE, 0x7F, 0xFC, 0x7F, 0xFC, 0x3F, 0xF8, 0x00, 0x00, 0x0E,
    0x01, 0xF0, 0x1F, 0x01, 0xF0, 0x0F, 0x00, 0x40, 0x00, 0x00, 0x00, 0x00, 0x0E, 0x0F, 0xE0, 0xFE,
    0x0F, 0xF0, 0xFF, 0x0F, 0xF0, 0xFF, 0x0F, 0xF1, 0xFF, 0xFF, 0x7F, 0xF7, 0xFF, 0x3F, 0xF0, 0x07,
    0x03, 0xC7, 0xC3, 0xE3, 0xE1, 0xF1, 0xF0, 0xF8, 0x00, 0x00, 0x00, 0x00, 0x00, 0x00, 0x00, 0x00,
    0x00, 0xF8, 0x3F, 0x3E, 0x0F, 0x8F, 0x83, 0xE3, 0xE0, 0xF8, 0xF8, 0x3E, 0x3E, 0x0F, 0x8F, 0x83,
    0xE3, 0xE0, 0xF8, 0xF8, 0x3E, 0x3E, 0x0F, 0x8F, 0x83, 0xE3, 0xE0, 0xF8, 0xFC, 0x3E, 0x1F, 0xFF,
    0x87, 0xFF, 0xE1, 0xFF, 0xF0, 0x7F, 0xFC, 0x0F, 0xFE, 0x00, 0x00, 0x00, 0x07, 0x83, 0xC7, 0xC1,
    0xE3, 0xE1, 0xF1, 0xF0, 0xF8, 0x00, 0x20, 0x00, 0x00, 0x00, 0x00, 0x00, 0xE0, 0xF0, 0x38, 0x3C,
    0x0E, 0x0F, 0x03, 0xC3, 0xC0, 0xF0, 0xF0, 0x3C, 0x3C, 0x0F, 0x0F, 0x03, 0xC7, 0xC0, 0xFF, 0xF0,
    0x1F, 0xFC, 0x07, 0xFF, 0x00, 0xFF, 0xC0, 0xF8, 0x3F, 0xF8, 0x3E, 0xF8, 0x3E, 0xF8, 0x3E, 0xF8,
    0x3E, 0xF8, 0x3E, 0xF8, 0x3E, 0xF8, 0x3E, 0xF8, 0x3E, 0xF8, 0x3E, 0xF8, 0x3E, 0xF8, 0x3E, 0xFC,
    0x3E, 0x7F, 0xFE, 0x7F, 0xFE, 0x7F, 0xFC, 0x7F, 0xFC, 0x3F, 0xF8, 0x00, 0xE0, 0x01, 0xC0, 0x01,
    0xF8, 0x00, 0xF8, 0x00, 0x70, 0xE0, 0xFE, 0x0F, 0xE0, 0xFF, 0x0F, 0xF0, 0xFF, 0x0F, 0xF1, 0xFF,
    0x9F, 0xFF, 0xF7, 0xFF, 0x7F, 0xF3, 0xFF, 0x01, 0xE0, 0x3C, 0x03, 0xE0, 0x3E, 0x01, 0xE0, 0x00,
    0x00, 0x1C, 0x00, 0x00, 0x3C, 0x00, 0x00, 0x7E, 0x00, 0x00, 0xFF, 0x00, 0x01, 0xE7, 0x80, 0x01,
    0x81, 0x80, 0x00, 0x00, 0x00, 0x00, 0x00, 0x00, 0xF8, 0x00, 0x1F, 0xF8, 0x00, 0x1E, 0xF8, 0x00,
    0x3E, 0x7C, 0x00, 0x3E, 0x7C, 0x00, 0x3E, 0x7C, 0x3C, 0x3C, 0x7C, 0x7C, 0x7C, 0x3E, 0x7E, 0x7C,
    0x3E, 0xFE, 0x7C, 0x3E, 0xFF, 0x78, 0x3F, 0xFF, 0xF8, 0x3F, 0xFF, 0xF8, 0x1F, 0xFF, 0xF8, 0x1F,
    0xFF, 0xF0, 0x1F, 0xE7, 0xF0, 0x1F, 0xE7, 0xF0, 0x1F, 0xC3, 0xF0, 0x0F, 0xC3, 0xF0, 0x01, 0xE0,
    0x00, 0xF0, 0x00, 0xFC, 0x00, 0xFF, 0x00, 0xF3, 0xC0, 0x60, 0x60, 0x00, 0x00, 0x00, 0x00, 0x00,
    0x00, 0x78, 0x03, 0xFC, 0x01, 0xFE, 0x38, 0xF7, 0x9C, 0xF3, 0xDF, 0x79, 0xFF, 0xFC, 0xFF, 0xFE,
    0x3F, 0xFE, 0x1F, 0xFF, 0x0F, 0xFF, 0x83, 0xEF, 0xC1, 0xF7, 0xC0, 0xF1, 0xE0, 0x01, 0xC0, 0x01,
    0xF0, 0x01, 0xFC, 0x01, 0xFF, 0x01, 0xE3, 0xC0, 0xE0, 0xE0, 0x00, 0x00, 0x00, 0x00, 0x00, 0x00,
    0x00, 0x00, 0x3E, 0x03, 0xCF, 0x03, 0xE7, 0xC1, 0xE1, 0xE1, 0xF0, 0xF8, 0xF0, 0x7C, 0xF8, 0x1F,
    0x78, 0x0F, 0xFC, 0x03, 0xFC, 0x01, 0xFE, 0x00, 0x7F, 0x00, 0x3F, 0x00, 0x0F, 0x80, 0x07, 0xC0,
    0x07, 0xE0, 0x03, 0xF0, 0x01, 0xF8, 0x00, 0xFC, 0x00, 0x01, 0x00, 0x0E, 0x00, 0x7C, 0x03, 0xF8,
    0x1F, 0xF0, 0xF1, 0xE0, 0x00, 0x00, 0x00, 0x00, 0x00, 0x00, 0x00, 0x00, 0x3C, 0x1E, 0x78, 0x79,
    0xE1, 0xE7, 0xCF, 0x0F, 0x3C, 0x3E, 0xF0, 0x7F, 0x81, 0xFE, 0x03, 0xF8, 0x0F, 0xC0, 0x1F, 0x00,
    0x7C, 0x01, 0xF0, 0x07, 0x81, 0xFE, 0x07, 0xF0, 0x1F, 0xC0, 0x7C, 0x00, 0x1E, 0x78, 0x0F, 0x3C,
    0x07, 0xDE, 0x03, 0xFF, 0x01, 0xFF, 0x80, 0x00, 0x00, 0x00, 0x00, 0x00, 0x00, 0x00, 0x00, 0x00,
    0x00, 0x3E, 0x03, 0xCF, 0x03, 0xE7, 0xC1, 0xE1, 0xE1, 0xF0, 0xF8, 0xF0, 0x7C, 0xF8, 0x1F, 0x78,
    0x0F, 0xFC, 0x03, 0xFC, 0x01, 0xFE, 0x00, 0x7F, 0x00, 0x3F, 0x00, 0x0F, 0x80, 0x07, 0xC0, 0x07,
    0xE0, 0x03, 0xF0, 0x01, 0xF8, 0x00, 0xFC, 0x00, 0x00, 0xE0, 0x00, 0xE0, 0x00, 0x70, 0x00, 0x78,
    0x00, 0x38, 0x00, 0x00, 0x01, 0xFF, 0xFE, 0x7F, 0xFF, 0x3F, 0xFF, 0x8F, 0xFF, 0x80, 0x1F, 0xC0,
    0x1F, 0xC0, 0x1F, 0xC0, 0x1F, 0xC0, 0x1F, 0xE0, 0x1F, 0xE0, 0x1F, 0xE0, 0x1F, 0xE0, 0x1F, 0xE0,
    0x1F, 0xFF, 0xCF, 0xFF, 0xE7, 0xFF, 0xFB, 0xFF, 0xFD, 0xFF, 0xFE, 0x01, 0x80, 0x1C, 0x01, 0xE0,
    0x0E, 0x00, 0xF0, 0x00, 0x00, 0x00, 0x00, 0x00, 0x3F, 0xF1, 0xFF, 0x8F, 0xFC, 0x07, 0xC0, 0x7C,
    0x07, 0xC0, 0x7C, 0x07, 0xC0, 0x7E, 0x07, 0xFF, 0x3F, 0xFD, 0xFF, 0xE0, 0x03, 0xC0, 0x01, 0xE0,
    0x00, 0xF8, 0x00, 0x7C, 0x00, 0x3E, 0x00, 0x00, 0x01, 0xFF, 0xFE, 0x7F, 0xFF, 0x3F, 0xFF, 0x8F,
    0xFF, 0x80, 0x1F, 0xC0, 0x1F, 0xC0, 0x1F, 0xC0, 0x1F, 0xC0, 0x1F, 0xE0, 0x1F, 0xE0, 0x1F, 0xE0,
    0x1F, 0xE0, 0x1F, 0xE0, 0x1F, 0xFF, 0xCF, 0xFF, 0xE7, 0xFF, 0xFB, 0xFF, 0xFD, 0xFF, 0xFE, 0x07,
    0x80, 0x3C, 0x03, 0xE0, 0x1F, 0x00, 0xF8, 0x00, 0x00, 0x00, 0x00, 0x00, 0x3F, 0xF1, 0xFF, 0x8F,
    0xFC, 0x07, 0xC0, 0x7C, 0x07, 0xC0, 0x7C, 0x07, 0xC0, 0x7E, 0x07, 0xFF, 0x3F, 0xFD, 0xFF, 0xE0,
    0x1C, 0x3C, 0x0F, 0x3C, 0x03, 0xFC, 0x00, 0xFC, 0x00, 0x3C, 0x00, 0x0E, 0x00, 0x00, 0x00, 0x00,
    0x00, 0x7F, 0xFF, 0x9F, 0xFF, 0xCF, 0xFF, 0xE3, 0xFF, 0xE0, 0x07, 0xF0, 0x07, 0xF0, 0x07, 0xF0,
    0x07, 0xF0, 0x07, 0xF8, 0x07, 0xF8, 0x07, 0xF8, 0x07, 0xF8, 0x07, 0xF8, 0x07, 0xFF, 0xF3, 0xFF,
    0xF9, 0xFF, 0xFE, 0xFF, 0xFF, 0x7F, 0xFF, 0x80, 0x78, 0xF1, 0xFF, 0x07, 0xF0, 0x1F, 0x00, 0x70,
    0x01, 0x80, 0x00, 0x00, 0x00, 0x00, 0x01, 0xFF, 0x8F, 0xFC, 0x7F, 0xE0, 0x3E, 0x03, 0xE0, 0x3E,
    0x03, 0xE0, 0x3E, 0x03, 0xF0, 0x3F, 0xF9, 0xFF, 0xEF, 0xFF, 0x00, 0x3F, 0x7F, 0x7F, 0x78, 0xF0,
    0xF0, 0xF0, 0xF0, 0xF0, 0xF0, 0xF0, 0xF8, 0xF8, 0xF8, 0xF8, 0xF8, 0xF8, 0x00, 0x00, 0x0F, 0xFF,
    0x07, 0xFF, 0xE1, 0xFF, 0xFC, 0xFF, 0x0F, 0x3F, 0xC1, 0xCF, 0xF0, 0x73, 0xBC, 0x7C, 0x6F, 0xFF,
    0x1B, 0xFF, 0xC2, 0xFF, 0xF8, 0x3C, 0x3E, 0x0F, 0x07, 0xC3, 0xC1, 0xF0, 0xFF, 0xFC, 0x3F, 0xFF,
    0x0F, 0xFF, 0x83, 0xFF, 0xE0, 0xFF, 0xF0, 0xFF, 0xE1, 0xFF, 0xE3, 0xFF, 0xE7, 0xFF, 0xE7, 0xFF,
    0xCF, 0xFF, 0x80, 0x1F, 0x80, 0x3F, 0x00, 0x7E, 0x00, 0xF8, 0x01, 0xF0, 0x03, 0xE0, 0x0F, 0xC8,
    0x7F, 0x1F, 0xFE, 0x7F, 0xF8, 0xFF, 0xE1, 0xFF, 0x00, 0x00, 0x00, 0x00, 0x01, 0x00, 0x07, 0x00,
    0x06, 0x00, 0x06, 0x01, 0xFF, 0x07, 0xFE, 0x0F, 0xFE, 0x1F, 0xFE, 0x3F, 0x86, 0x3E, 0x00, 0x3E,
    0x00, 0x7C, 0x00, 0x7C, 0x00, 0x7C, 0x00, 0x7C, 0x00, 0x7E, 0x00, 0x7F, 0xDE, 0x3F, 0xFE, 0x3F,
    0xFE, 0x1F, 0xFE, 0x1F, 0xFE, 0x0F, 0xFE, 0x00, 0x00, 0x7C, 0x0E, 0x01, 0xC1, 0xF8, 0x7F, 0x1F,
    0xE7, 0x80, 0xF0, 0x1E, 0x03, 0xC0, 0x78, 0x0F, 0x90, 0xFF, 0x1F, 0xF0, 0xFE, 0x0F, 0xFE, 0x00,
    0xFF, 0xF8, 0x0F, 0xFF, 0xC0, 0xFF, 0xFE, 0x0F, 0x07, 0xE0, 0xF0, 0x1E, 0x0F, 0x00, 0xF0, 0xF0,
    0x0F, 0x7F, 0xF0, 0xF7, 0xFF, 0x0F, 0x7F, 0xF0, 0xF0, 0xF0, 0x1F, 0x0F, 0x9F, 0xF0, 0xFF, 0xFE,
    0x0F, 0xFF, 0xE0, 0xFF, 0xFC, 0x0F, 0xFF, 0xC0, 0xFF, 0xF0, 0x3F, 0xFE, 0x07, 0xFF, 0xF8, 0xFF,
    0xFF, 0xCF, 0xFF, 0xFE, 0xFF, 0x07, 0xEE, 0xF0, 0x1E, 0xEF, 0x01, 0xFE, 0xF0, 0x0F, 0x6F, 0x00,
    0xF2, 0xF0, 0x0F, 0x0F, 0x00, 0xF0, 0xF0, 0x1F, 0x0F, 0x9F, 0xF0, 0xFF, 0xFE, 0x0F, 0xFF, 0xE0,
    0xFF, 0xFC, 0x0F, 0xFF, 0xC0, 0xFF, 0xF0, 0xFF, 0xF3, 0xFF, 0xDF, 0xFE, 0x07, 0xF0, 0x0F, 0x80,
    0x7C, 0x03, 0xE3, 0xFF, 0x1F, 0xF8, 0xFF, 0xC1, 0xFE, 0x01, 0xF0, 0x0F, 0xBF, 0xFD, 0xFF, 0xEF,
    0xFF, 0xFF, 0xFF, 0xFF, 0xC0, 0x00, 0x07, 0xF8, 0xFF, 0xCF, 0xFE, 0xFF, 0xF0, 0x1F, 0x00, 0xFF,
    0xFF, 0xFF, 0xFF, 0xFF, 0x7F, 0xE3, 0xFC, 0x1F, 0x80, 0x00, 0x00, 0x00, 0x7E, 0x03, 0xFC, 0x1F,
    0x78, 0x70, 0xE1, 0xC3, 0x07, 0x80, 0x0F, 0xC0, 0x3F, 0x01, 0xFC, 0x07, 0x8F, 0x1C, 0x3C, 0x78,
    0xF1, 0xFF, 0xC7, 0xFE, 0x0F, 0xF8, 0x1F, 0x80, 0x1F, 0xFC, 0x7F, 0xF1, 0xFF, 0xC7, 0xC0, 0x1E,
    0x00, 0x78, 0x01, 0xFF, 0x87, 0xFE, 0x1F, 0xF8, 0xFF, 0xC3, 0xE0, 0x0F, 0x80, 0x3E, 0x00, 0xF8,
    0x03, 0xE0, 0x0F, 0x80, 0x3E, 0x03, 0xF8, 0x0F, 0xE0, 0x3F, 0x00, 0xF8, 0x03, 0x80, 0x00, 0x00,
    0x07, 0x00, 0x0F, 0xC0, 0x0F, 0xE0, 0x07, 0xB0, 0x07, 0x80, 0x03, 0xC0, 0x01, 0xE0, 0x00, 0xFF,
    0x03, 0xFF, 0x81, 0xFF, 0xC0, 0xFC, 0x00, 0x1E, 0x00, 0x0F, 0x00, 0x07, 0x80, 0x03, 0xC0, 0x01,
    0xE0, 0x01, 0xE0, 0x0F, 0xF0, 0x1F, 0xF8, 0x0F, 0xFC, 0x03, 0xFC, 0x00, 0xFC, 0x00, 0x00, 0x00,
    0x00, 0x00, 0x00, 0x01, 0xC0, 0x00, 0xF0, 0x00, 0x38, 0x00, 0x4E, 0x03, 0xFF, 0x81, 0xFF, 0xE0,
    0xFF, 0xF8, 0x7F, 0xFF, 0x1F, 0x80, 0x0F, 0xC0, 0x03, 0xE0, 0x00, 0xF8, 0x00, 0x3E, 0x1F, 0x8F,
    0x87, 0xFF, 0xE1, 0xFF, 0xF8, 0x3F, 0xFF, 0x01, 0xF7, 0xFF, 0xF9, 0xFF, 0xFE, 0x3F, 0xFF, 0x87,
    0xFF, 0xC0, 0x7F, 0xE0, 0x78, 0x03, 0xEF, 0xC0, 0x7E, 0x7E, 0x07, 0xE3, 0xE0, 0xFC, 0x3F, 0x1F,
    0x81, 0xF1, 0xF0, 0x0F, 0xBE, 0x00, 0xFF, 0xE0, 0x07, 0xFC, 0x00, 0x7F, 0x80, 0x03, 0xF8, 0x00,
    0x1F, 0x00, 0x03, 0xF0, 0x00, 0x7F, 0x80, 0x07, 0xF8, 0x00, 0xFF, 0xC0, 0x0F, 0xFC, 0x01, 0xF3,
    0xE0, 0x1F, 0xBE, 0x01, 0xFF, 0xE0, 0x1F, 0xFE, 0x00, 0xFF, 0xE0, 0x07, 0xFC, 0x00, 0x78, 0xF1,
    0xE3, 0xC7, 0x8F, 0x1E, 0x3C, 0x78, 0xF1, 0xE3, 0xD7, 0xFF, 0xFF, 0x80, 0x3E, 0x1F, 0x0F, 0x87,
    0xC3, 0xE1, 0xF0, 0xF9, 0xFF, 0xFF, 0xFF, 0xCF, 0x87, 0xC3, 0xE1, 0xF0, 0xF8, 0x7C, 0x3E, 0x1F,
    0x00, 0x0F, 0x3E, 0x03, 0xCF, 0x80, 0xF7, 0xC0, 0x3D, 0xF0, 0x1F, 0xF8, 0x07, 0xFC, 0x01, 0xFF,
    0x00, 0x7F, 0x80, 0x1F, 0xE0, 0x3F, 0xF0, 0x0F, 0xFC, 0x03, 0xFF, 0x80, 0xFF, 0xF0, 0x2F, 0xFE,
    0x03, 0xFF, 0xC0, 0xFB, 0xF8, 0x3E, 0x7F, 0x0F, 0x8F, 0xE0, 0x00, 0x00, 0x3C, 0x03, 0xE0, 0x1F,
    0x00, 0xF0, 0x07, 0x00, 0x38, 0x01, 0xC0, 0x0E, 0x00, 0xF7, 0x87, 0xFC, 0x3F, 0xC1, 0xFC, 0x0F,
    0xC0, 0x7F, 0x03, 0xFC, 0x1F, 0xF0, 0xFF, 0xC7, 0xBF, 0x3C, 0xFE, 0x0E, 0x03, 0x80, 0xE0, 0x78,
    0x1E, 0x07, 0x81, 0xE0, 0x78, 0xFF, 0xFF, 0xFF, 0xFC, 0x78, 0x1E, 0x07, 0x81, 0xE0, 0x7E, 0x1F,
    0x87, 0xE0, 0x00, 0x07, 0xC7, 0xC1, 0xE1, 0xF8, 0x78, 0x7E, 0x1E, 0x1F, 0xC7, 0x87, 0xF1, 0xE1,
    0xFE, 0x78, 0x7F, 0x9E, 0x1F, 0xE7, 0x87, 0xFD, 0xE1, 0xFF, 0x78, 0x7F, 0xFE, 0x3F, 0x7F, 0x8F,
    0xDF, 0xE3, 0xF3, 0xF8, 0xFC, 0xFE, 0x3F, 0x1F, 0x9F, 0xC7, 0xE7, 0xF0, 0x01, 0xF8, 0x00, 0x7C,
    0x00, 0x1C, 0x00, 0x00, 0x00, 0x01, 0xC0, 0x00, 0x1C, 0x1F, 0xE3, 0x8F, 0xFF, 0xE3, 0xFF, 0xFC,
    0x7E, 0x7F, 0x1F, 0x03, 0xE3, 0xC0, 0x7C, 0xF8, 0x07, 0x9F, 0x00, 0xF3, 0xC0, 0x1F, 0x78, 0x03,
    0xEF, 0x80, 0x7D, 0xF0, 0x1F, 0x3F, 0xFF, 0xE3, 0xFF, 0xFC, 0x7F, 0xFF, 0x8F, 0xFF, 0xE0, 0xFF,
    0xF8, 0x07, 0xFE, 0x00, 0x00, 0x00, 0x00, 0x38, 0x00, 0xF1, 0xF9, 0xDF, 0xFE, 0x7F, 0xFB, 0xC3,
    0xCF, 0x0F, 0x3C, 0x3C, 0xF0, 0xF3, 0xFF, 0xCF, 0xFF, 0x1F, 0xF8, 0x7F, 0xC0, 0x7E, 0x00, 0x1F,
    0xF8, 0x1F, 0xFF, 0x1F, 0xFF, 0xCF, 0xF3, 0xE7, 0xF8, 0x7F, 0xBC, 0x3F, 0xDE, 0x3E, 0xEF, 0xFF,
    0x37, 0xFF, 0x1F, 0xFF, 0x83, 0xFF, 0x81, 0xFE, 0x00, 0xF8, 0x00, 0x7C, 0x00, 0x3E, 0x00, 0x1F,
    0x00, 0x0F, 0x80, 0x07, 0xC0, 0x00, 0x3E, 0x00, 0xF8, 0x07, 0xE0, 0x1E, 0xF0, 0x7F, 0xE1, 0xFF,
    0xC7, 0xF7, 0x9F, 0x8E, 0x7C, 0x39, 0xF0, 0x77, 0xC1, 0xDF, 0x0F, 0x7F, 0x79, 0xFF, 0xE7, 0xFF,
    0x9F, 0xFC, 0x7B, 0xC1, 0xE0, 0x0F, 0x80, 0x3E, 0x00, 0xF8, 0x03, 0xC0, 0x0F, 0x00, 0x00, 0xFF,
    0xFF, 0xFF, 0xFF, 0xFC, 0x07, 0xC0, 0x7C, 0x07, 0xC0, 0x78, 0x0F, 0x03, 0xC0, 0xF0, 0x7C, 0x0F,
    0xFF, 0xFF, 0xFF, 0xFF, 0xFF, 0x7F, 0xFF, 0xDF, 0xFF, 0xFF, 0xFF, 0xFD, 0xFF, 0xFF, 0x30, 0xF0,
    0x00, 0x3C, 0x00, 0x0F, 0x00, 0x03, 0xC0, 0x00, 0xF0, 0x00, 0x3C, 0x00, 0x0F, 0x00, 0x03, 0xC0,
    0x00, 0xF0, 0x00, 0x3C, 0x00, 0x0F, 0x00, 0x07, 0xC0, 0x01, 0xF8, 0x00, 0x7E, 0x00, 0x07, 0x81,
    0xF0, 0x3E, 0x0F, 0xC1, 0xE0, 0x3C, 0x07, 0x80, 0xF0, 0x7F, 0xDF, 0xFB, 0xFF, 0x0F, 0x01, 0xE0,
    0x3C, 0x07, 0x80, 0xF0, 0x1F, 0x83, 0xF8, 0x7F, 0x0F, 0xE0, 0x00, 0xFF, 0xFF, 0xFF, 0xFF, 0xFF,
    0xFF, 0xFF, 0xFF, 0x03, 0xC0, 0x03, 0xC0, 0x03, 0xC0, 0x03, 0xC0, 0x03, 0xC0, 0x03, 0xC0, 0x03,
    0xC0, 0x03, 0xC0, 0x03, 0xC0, 0x03, 0xC0, 0x03, 0xC0, 0x07, 0xC0, 0x07, 0xE0, 0x07, 0xF8, 0x03,
    0xF8, 0x01, 0xF8, 0x00, 0xF8, 0x00, 0x03, 0x80, 0x00, 0xE0, 0x00, 0x38, 0x00, 0x0E, 0xF8, 0x3F,
    0xBE, 0x0F, 0xCF, 0x83, 0xE3, 0xE0, 0xF8, 0xF8, 0x3E, 0x3E, 0x0F, 0x8F, 0x83, 0xE3, 0xE0, 0xF8,
    0xF8, 0x3E, 0x3E, 0x0F, 0x8F, 0x83, 0xE3, 0xE0, 0xF8, 0xFC, 0x3E, 0x1F, 0xFF, 0x87, 0xFF, 0xE1,
    0xFF, 0xF0, 0x7F, 0xFC, 0x0F, 0xFE, 0x00, 0x00, 0x00, 0x00, 0x10, 0x00, 0x70, 0x01, 0xC0, 0x07,
    0xE0, 0xFF, 0x83, 0xEE, 0x0F, 0x3C, 0x3C, 0xF0, 0xF3, 0xC3, 0xCF, 0x0F, 0x3C, 0x7C, 0xFF, 0xF1,
    0xFF, 0xC7, 0xFF, 0x0F, 0xFC, 0xFE, 0x7F, 0xFE, 0x7F, 0xFE, 0x7F, 0xFE, 0x7F, 0x7C, 0x3E, 0x78,
    0x1F, 0x78, 0x0F, 0xF0, 0x0F, 0xF0, 0x0F, 0xF0, 0x0F, 0xF0, 0x0F, 0x78, 0x0F, 0x78, 0x1F, 0x7C,
    0x1E, 0x3F, 0x7E, 0x3F, 0xFC, 0x0F, 0xF8, 0x03, 0xE0, 0x01, 0xF0, 0x01, 0xFC, 0x00, 0xFE, 0x00,
    0xFE, 0xF8, 0x3F, 0xF8, 0x3E, 0xF8, 0x3E, 0xF8, 0x3E, 0xF8, 0x3E, 0xF8, 0x3E, 0xF8, 0x3E, 0xF8,
    0x3E, 0xF8, 0x3E, 0xF8, 0x3E, 0xF8, 0x3E, 0xF8, 0x3E, 0xFC, 0x3E, 0x7F, 0xFE, 0x7F, 0xFE, 0x7F,
    0xFC, 0x7F, 0xFC, 0x3F, 0xF8, 0x00, 0x00, 0x00, 0x00, 0x00, 0x03, 0xCF, 0x80, 0xF9, 0xE0, 0x7F,
    0x7C, 0x1F, 0xCF, 0x0F, 0xF3, 0xE3, 0xFC, 0xF9, 0xF6, 0x1F, 0x79, 0x87, 0xFE, 0x40, 0xFF, 0x10,
    0x3F, 0xC0, 0x07, 0xF0, 0x01, 0xF8, 0x00, 0x3E, 0x00, 0x0F, 0x80, 0x07, 0xE0, 0x01, 0xF8, 0x00,
    0x7E, 0x00, 0x1F, 0x80, 0xF0, 0x7C, 0x78, 0x7E, 0x78, 0x7E, 0x7C, 0xFE, 0x3C, 0xFE, 0x3E, 0xFE,
    0x1F, 0xEE, 0x1F, 0xEC, 0x0F, 0xEC, 0x0F, 0xC0, 0x07, 0xC0, 0x07, 0xC0, 0x07, 0xC0, 0x07, 0x80,
    0x7F, 0x80, 0x7F, 0x00, 0x7F, 0x00, 0x7C, 0x00, 0x00, 0x01, 0xFF, 0xE7, 0xFF, 0x9F, 0xFE, 0x00,
    0xF8, 0x07, 0xC0, 0x7E, 0x03, 0xF0, 0x0F, 0xC0, 0x3F, 0x80, 0xFF, 0x00, 0x7E, 0x00, 0x78, 0x01,
    0xE1, 0x87, 0x8F, 0xFE, 0x7F, 0xF9, 0xFF, 0xE3, 0xFF, 0x03, 0xF8, 0x00, 0x00, 0x77, 0x77, 0x77,
    0xFF, 0xFF, 0xFF, 0xFF, 0xFF, 0xFE, 0xE0, 0x71, 0xDC, 0x77, 0x1D, 0xC7, 0x71, 0xDC, 0x7F, 0x1F,
    0xCF, 0xF3, 0xFC, 0xFF, 0x3F, 0xCF, 0xF3, 0xFC, 0xFF, 0x3F, 0xCF, 0xF3, 0xF8, 0xFE, 0x38, 0x00,
    0x00, 0x38, 0x03, 0x80, 0x38, 0x7F, 0xE7, 0xFF, 0x7F, 0xF0, 0x38, 0x03, 0xE7, 0xFF, 0x7F, 0xF7,
    0xF8, 0x03, 0x80, 0x38, 0x03, 0x80, 0x78, 0x07, 0x80, 0x78, 0x07, 0x80, 0x78, 0x79, 0xE7, 0x9E,
    0x79, 0xE7, 0x9E, 0x79, 0xE7, 0x9E, 0x00, 0x00, 0x3E, 0xF9, 0xE7, 0x9E, 0x00, 0x00, 0x00, 0x70,
    0xF0, 0x00, 0x00, 0x00, 0xFF, 0xC0, 0x00, 0x00, 0x00, 0xFF, 0x00, 0x00, 0x00, 0x00, 0xFC, 0x00,
    0x00, 0x00, 0x00, 0xF0, 0x00, 0x00, 0x00, 0x00, 0xC0, 0x00, 0x00, 0x00, 0x00, 0x00, 0x7F, 0xF0,
    0x00, 0xFF, 0xFE, 0xFF, 0xF8, 0x00, 0xFF, 0xFD, 0xFF, 0xF8, 0x01, 0xFF, 0xFB, 0xFF, 0xF8, 0x01,
    0xFF, 0xF7, 0x83, 0xF0, 0x00, 0x0F, 0xEF, 0x01, 0xE0, 0x00, 0x3F, 0x9E, 0x03, 0xE0, 0x00, 0xFE,
    0x3C, 0x03, 0xC0, 0x03, 0xF8, 0x78, 0x07, 0x80, 0x0F, 0xE0, 0xF0, 0x0F, 0x00, 0x3F, 0xC1, 0xE0,
    0x1E, 0x00, 0xFF, 0x03, 0xC0, 0x7C, 0x03, 0xFC, 0x07, 0xCF, 0xF8, 0x0F, 0xF0, 0x0F, 0xFF, 0xE0,
    0x3F, 0xFF, 0x9F, 0xFF, 0xC0, 0x7F, 0xFF, 0x3F, 0xFF, 0x00, 0xFF, 0xFE, 0x7F, 0xFE, 0x01, 0xFF,
    0xFE, 0xFF, 0xF0, 0x03, 0xFF, 0xFC, 0x00, 0x00, 0x01, 0xC1, 0xC0, 0x00, 0x00, 0x3E, 0x78, 0x00,
    0x00, 0x03, 0xFE, 0x00, 0x00, 0x00, 0x3F, 0x8F, 0xFE, 0x00, 0x03, 0xE1, 0xFF, 0xF0, 0x00, 0x38,
    0x3F, 0xFF, 0x00, 0x00, 0x07, 0xFF, 0xF0, 0x00, 0x00, 0xF0, 0x7E, 0x00, 0x00, 0x1E, 0x03, 0xC0,
    0x00, 0x03, 0xC0, 0x7C, 0x03, 0xFF, 0x78, 0x07, 0x80, 0x7F, 0xEF, 0x00, 0xF0, 0x0F, 0xFD, 0xE0,
    0x1E, 0x00, 0x1F, 0x3C, 0x03, 0xC0, 0x07, 0xC7, 0x80, 0xF8, 0x01, 0xF0, 0xF9, 0xFF, 0x00, 0x7C,
    0x1F, 0xFF, 0xC0, 0x1F, 0x03, 0xFF, 0xF8, 0x07, 0xE0, 0x7F, 0xFE, 0x01, 0xFF, 0xCF, 0xFF, 0xC0,
    0x3F, 0xFD, 0xFF, 0xE0, 0x07, 0xFF, 0x80, 0x00, 0x0E, 0x0E, 0x00, 0x1E, 0x78, 0x00, 0x1F, 0xE0,
    0x00, 0x1F, 0x80, 0x07, 0x9E, 0x00, 0x0F, 0x1C, 0x00, 0x1C, 0x00, 0x00, 0x38, 0x00, 0x00, 0x70,
    0x00, 0x00, 0xE0, 0x00, 0x7F, 0xFF, 0xF9, 0xFF, 0xFF, 0xF7, 0xFF, 0xFF, 0xFF, 0x7E, 0x0F, 0xBC,
    0x7C, 0x3E, 0x70, 0x79, 0xF8, 0xE0, 0xF7, 0xE1, 0xE3, 0xFF, 0x83, 0xFF, 0xFE, 0x03, 0xFF, 0xFF,
    0xE7, 0xFF, 0xFF, 0xC3, 0xFF, 0xFF, 0xC0, 0x00, 0x00, 0x00, 0x78, 0x00, 0x07, 0xDE, 0x00, 0x01,
    0xF7, 0x80, 0x00, 0x7D, 0xE0, 0x00, 0x1F, 0x78, 0x00, 0x07, 0xDE, 0x00, 0x01, 0xE7, 0x80, 0x00,
    0x79, 0xE0, 0x00, 0x1E, 0x78, 0x00, 0x07, 0x9E, 0x00, 0x01, 0xE7, 0x80, 0x00, 0xFB, 0xE0, 0x00,
    0x3E, 0xF8, 0x00, 0x0F, 0xBE, 0x1C, 0x03, 0xEF, 0xFF, 0x80, 0xFB, 0xFF, 0xE0, 0x3C, 0xFF, 0xF8,
    0x0F, 0x3F, 0xFE, 0xE7, 0xC0, 0x00, 0x3F, 0xF0, 0x00, 0x0F, 0xFC, 0x00, 0x07, 0xFE, 0x00, 0x01,
    0xFF, 0x00, 0x00, 0x0F, 0x00, 0x00, 0x00, 0xEF, 0x00, 0x3D, 0xE0, 0x07, 0xBC, 0x00, 0xF7, 0x80,
    0x00, 0xF0, 0x00, 0x1E, 0x00, 0x03, 0xC0, 0x0F, 0x78, 0x01, 0xEF, 0x00, 0x3D, 0xE0, 0x07, 0xBC,
    0x00, 0xFF, 0x80, 0x1F, 0xF0, 0x03, 0xBE, 0x1C, 0x77, 0xFF, 0xCE, 0xFF, 0xF9, 0xDF, 0xFF, 0x3B,
    0xFF, 0xE7, 0x00, 0x00, 0xE0, 0x00, 0xBC, 0x00, 0x1F, 0x80, 0x03, 0xF0, 0x00, 0x7C, 0x00, 0x0E,
    0x00, 0x70, 0x00, 0x38, 0x03, 0xBC, 0x03, 0xDE, 0x01, 0xEF, 0x00, 0xF7, 0x80, 0x03, 0xC0, 0x01,
    0xE0, 0x00, 0xF0, 0x0F, 0x78, 0x07, 0xBC, 0x03, 0xDE, 0x01, 0xEF, 0x00, 0xF7, 0x80, 0x7B, 0xC0,
    0x3D, 0xF8, 0x1E, 0xFC, 0x0F, 0x7E, 0x07, 0x00, 0x03, 0x80, 0x01, 0xC0, 0x00, 0xE0, 0x03, 0xF0,
    0x01, 0xF8, 0x00, 0xFC, 0x00, 0x7C, 0x00, 0x00, 0x00, 0x00, 0x1F, 0x07, 0xDF, 0x07, 0x81, 0xF7,
    0xE1, 0xE0, 0x7D, 0xF8, 0x78, 0x1F, 0x7F, 0x1E, 0x07, 0xDF, 0xC7, 0x81, 0xF7, 0xF9, 0xE0, 0x79,
    0xFE, 0x78, 0x1E, 0x7F, 0x9E, 0x07, 0x9F, 0xF7, 0x81, 0xE7, 0xFD, 0xE0, 0x79, 0xFF, 0xF8, 0x1E,
    0xFD, 0xFE, 0x0F, 0xBF, 0x7F, 0x83, 0xEF, 0xCF, 0xE0, 0xFB, 0xF3, 0xF8, 0x3E, 0xFC, 0x7E, 0x0F,
    0xBF, 0x1F, 0x83, 0xC0, 0x00, 0x31, 0xF0, 0x00, 0x0F, 0xFC, 0x00, 0x03, 0xFF, 0x00, 0x00, 0xFF,
    0xC0, 0x00, 0x7F, 0xE0, 0x00, 0x1F, 0xF0, 0x00, 0x00, 0x00, 0x00, 0x00, 0x1F, 0x01, 0xF0, 0x78,
    0x07, 0xE1, 0xE0, 0x1F, 0x87, 0x8F, 0x7F, 0x1E, 0x3D, 0xFC, 0x78, 0xF7, 0xF1, 0xE3, 0xDF, 0xE7,
    0x80, 0x7F, 0x9E, 0x01, 0xFF, 0x78, 0x07, 0xFD, 0xE3, 0xFF, 0xFF, 0x8F, 0xFD, 0xFE, 0x3F, 0xF7,
    0xF8, 0xFF, 0xCF, 0xE3, 0xBF, 0x3F, 0x8E, 0xFC, 0x7E, 0x3B, 0xF1, 0xF8, 0xE0, 0x00, 0x03, 0x80,
    0x00, 0x0E, 0x00, 0x00, 0x38, 0x00, 0x01, 0xE0, 0x00, 0x17, 0x80, 0x00, 0x7E, 0x00, 0x01, 0xF8,
    0x00, 0x07, 0xC0, 0x00, 0x1C, 0x00, 0x00, 0x00, 0xE0, 0x00, 0x0E, 0x7F, 0xC0, 0xF7, 0xFE, 0x0E,
    0x7F, 0xF0, 0x07, 0x8F, 0x00, 0x78, 0xF0, 0x07, 0x0F, 0x0E, 0x70, 0xF0, 0xEF, 0x8F, 0x0E, 0xF8,
    0xF0, 0xEF, 0x8F, 0x0E, 0xF8, 0xF8, 0xEF, 0x8F, 0x9E, 0x00, 0x01, 0xE0, 0x00, 0x1E, 0x00, 0x01,
    0xE0, 0x00, 0x1E, 0x00, 0x01, 0xE0, 0x00, 0x7C, 0x00, 0x07, 0xC0, 0x00, 0xFC, 0x00, 0x0F, 0xC0,
    0x00, 0x70, 0x0E, 0x1E, 0x03, 0xCF, 0x00, 0x7F, 0x80, 0x0F, 0xC0, 0x01, 0xE0, 0x00, 0x38, 0x00,
    0x00, 0x00, 0x00, 0x00, 0x00, 0x00, 0x00, 0x78, 0x00, 0x1F, 0x00, 0x0F, 0xC0, 0x03, 0xF0, 0x00,
    0xFE, 0x00, 0x7F, 0x80, 0x1E, 0xF0, 0x0F, 0x3C, 0x03, 0xCF, 0x00, 0xF3, 0xE0, 0x7C, 0x78, 0x1F,
    0xFE, 0x0F, 0xFF, 0xC3, 0xFF, 0xF0, 0xFF, 0xFE, 0x7C, 0x0F, 0x9F, 0x03, 0xEF, 0xC0, 0x7C, 0x00,
    0x0F, 0x1E, 0x7F, 0xC3, 0xF8, 0x0F, 0x00, 0xF0, 0x00, 0x00, 0x00, 0x00, 0x00, 0x00, 0x3F, 0xE7,
    0xFE, 0x7F, 0xEF, 0x1E, 0xE1, 0xEE, 0x0E, 0xE0, 0xEE, 0x1E, 0xFF, 0xFF, 0xFF, 0x7F, 0xF3, 0xFF,
    0x00, 0x07, 0x8F, 0x3F, 0xE1, 0xFC, 0x0F, 0x80, 0x70, 0x02, 0x00, 0x00, 0x00, 0x00, 0x00, 0x00,
    0x00, 0xF8, 0x0F, 0x80, 0xF8, 0x0F, 0x80, 0xF8, 0x0F, 0x80, 0xF8, 0x0F, 0x80, 0xF8, 0x0F, 0x80,
    0xF8, 0x0F, 0x80, 0xF8, 0x0F, 0x80, 0xF8, 0x0F, 0x80, 0xF8, 0x0F, 0x80, 0xF0, 0xE7, 0x9E, 0x3F,
    0xC1, 0xF8, 0x0F, 0x00, 0x60, 0x00, 0x00, 0x00, 0x00, 0x00, 0xF0, 0x0F, 0x00, 0xF0, 0x0F, 0x00,
    0xF0, 0x0F, 0x00, 0xF0, 0x0F, 0x00, 0xF0, 0x0F, 0x00, 0xF0, 0x0F, 0x00, 0x1C, 0x1C, 0x03, 0xCF,
    0x00, 0x7F, 0x80, 0x0F, 0xC0, 0x01, 0xE0, 0x00, 0x70, 0x00, 0x00, 0x00, 0x00, 0x00, 0x00, 0x00,
    0x01, 0xFE, 0x01, 0xFF, 0xC0, 0xFF, 0xF8, 0x3F, 0x3F, 0x1F, 0x03, 0xE7, 0x80, 0xFB, 0xE0, 0x1E,
    0xF8, 0x07, 0xFC, 0x01, 0xFF, 0x00, 0x7F, 0xE0, 0x1F, 0xF8, 0x0F, 0xBF, 0xFF, 0xE7, 0xFF, 0xF9,
    0xFF, 0xFE, 0x7F, 0xFF, 0x0F, 0xFF, 0x80, 0xFF, 0xC0, 0x00, 0x00, 0xF0, 0xE7, 0x9E, 0x3F, 0xC1,
    0xF8, 0x0F, 0x00, 0x60, 0x00, 0x00, 0x00, 0x00, 0x01, 0xF8, 0x7F, 0xC7, 0xFE, 0xF0, 0xFF, 0x0F,
    0xF0, 0xFF, 0x0F, 0xFF, 0xFF, 0xFF, 0x7F, 0xE7, 0xFC, 0x1F, 0x80, 0x3C, 0x78, 0x1E, 0xF0, 0x0F,
    0xE0, 0x07, 0xC0, 0x03, 0xC0, 0x01, 0x80, 0x00, 0x00, 0x00, 0x00, 0x00, 0x00, 0x00, 0x00, 0xF8,
    0x3F, 0xF8, 0x3E, 0xF8, 0x3E, 0xF8, 0x3E, 0xF8, 0x3E, 0xF8, 0x3E, 0xF8, 0x3E, 0xF8, 0x3E, 0xF8,
    0x3E, 0xF8, 0x3E, 0xF8, 0x3E, 0xF8, 0x3E, 0xFC, 0x3E, 0x7F, 0xFE, 0x7F, 0xFE, 0x7F, 0xFC, 0x7F,
    0xFC, 0x3F, 0xF8, 0x00, 0x00, 0xF0, 0xE7, 0xFE, 0x3F, 0xC1, 0xF8, 0x0F, 0x00, 0x60, 0x00, 0x00,
    0x00, 0x00, 0x0E, 0x0F, 0xE0, 0xFE, 0x0F, 0xF0, 0xFF, 0x0F, 0xF0, 0xFF, 0x0F, 0xF1, 0xFF, 0xFF,
    0x7F, 0xF7, 0xFF, 0x3F, 0xF0, 0x0F, 0xF0, 0x3F, 0xF8, 0x3F, 0xF8, 0x3F, 0xF0, 0x00, 0x00, 0x00,
    0x00, 0x00, 0x00, 0x1E, 0x78, 0x1E, 0x78, 0x1E, 0xF8, 0x1E, 0xF8, 0x3F, 0xF8, 0x00, 0x00, 0x00,
    0x00, 0x00, 0x00, 0x00, 0x00, 0xF8, 0x3F, 0xF8, 0x3E, 0xF8, 0x3E, 0xF8, 0x3E, 0xF8, 0x3E, 0xF8,
    0x3E, 0xF8, 0x3E, 0xF8, 0x3E, 0xF8, 0x3E, 0xF8, 0x3E, 0xF8, 0x3E, 0xF8, 0x3E, 0xFC, 0x3E, 0x7F,
    0xFE, 0x7F, 0xFE, 0x7F, 0xFC, 0x7F, 0xFC, 0x3F, 0xF8, 0x00, 0x00, 0x00, 0x07, 0xFE, 0x7F, 0xEF,
    0xFF, 0x00, 0x00, 0x00, 0x00, 0x07, 0x9E, 0x79, 0xE7, 0x9E, 0x7F, 0xE7, 0xFE, 0x00, 0x00, 0x00,
    0x00, 0x0E, 0x0F, 0xE0, 0xFE, 0x0F, 0xF0, 0xFF, 0x0F, 0xF0, 0xFF, 0x0F, 0xF1, 0xFF, 0xFF, 0x7F,
    0xF7, 0xFF, 0x3F, 0xF0, 0x01, 0xC0, 0x01, 0xC0, 0x03, 0xC0, 0x03, 0x80, 0x07, 0x80, 0x00, 0x00,
    0x00, 0x00, 0x1E, 0x78, 0x1E, 0x78, 0x1E, 0xF8, 0x1E, 0xF8, 0x3F, 0xF8, 0x00, 0x00, 0x00, 0x00,
    0x00, 0x00, 0x00, 0x00, 0xF8, 0x3F, 0xF8, 0x3E, 0xF8, 0x3E, 0xF8, 0x3E, 0xF8, 0x3E, 0xF8, 0x3E,
    0xF8, 0x3E, 0xF8, 0x3E, 0xF8, 0x3E, 0xF8, 0x3E, 0xF8, 0x3E, 0xF8, 0x3E, 0xFC, 0x3E, 0x7F, 0xFE,
    0x7F, 0xFE, 0x7F, 0xFC, 0x7F, 0xFC, 0x3F, 0xF8, 0x00, 0x00, 0x03, 0x80, 0x70, 0x07, 0x00, 0xF0,
    0x0E, 0x00, 0x00, 0x79, 0xE7, 0x9E, 0x79, 0xE7, 0xFE, 0x7F, 0xE0, 0x00, 0x00, 0x00, 0x00, 0xE0,
    0xFE, 0x0F, 0xE0, 0xFF, 0x0F, 0xF0, 0xFF, 0x0F, 0xF0, 0xFF, 0x1F, 0xFF, 0xF7, 0xFF, 0x7F, 0xF3,
    0xFF, 0x38, 0x38, 0x3E, 0x78, 0x1F, 0xF0, 0x0F, 0xE0, 0x07, 0xC0, 0x03, 0x80, 0x00, 0x00, 0x00,
    0x00, 0x00, 0x00, 0x1E, 0x78, 0x1E, 0x78, 0x1E, 0xF8, 0x1E, 0xF8, 0x3F, 0xF8, 0x00, 0x00, 0x00,
    0x00, 0x00, 0x00, 0x00, 0x00, 0xF8, 0x3F, 0xF8, 0x3E, 0xF8, 0x3E, 0xF8, 0x3E, 0xF8, 0x3E, 0xF8,
    0x3E, 0xF8, 0x3E, 0xF8, 0x3E, 0xF8, 0x3E, 0xF8, 0x3E, 0xF8, 0x3E, 0xF8, 0x3E, 0xFC, 0x3E, 0x7F,
    0xFE, 0x7F, 0xFE, 0x7F, 0xFC, 0x7F, 0xFC, 0x3F, 0xF8, 0x00, 0x00, 0x70, 0xF7, 0xDE, 0x3F, 0xC1,
    0xF8, 0x0F, 0x00, 0x70, 0x00, 0x00, 0x00, 0x00, 0x00, 0x00, 0x00, 0x00, 0x00, 0x39, 0xC3, 0x9C,
    0x7F, 0xE7, 0xFE, 0x00, 0x00, 0x00, 0xE0, 0xFE, 0x0F, 0xE0, 0xFF, 0x0F, 0xF0, 0xFF, 0x0F, 0xF0,
    0xFF, 0x1F, 0xFF, 0xF7, 0xFF, 0x7F, 0xF3, 0xFF, 0x0F, 0x00, 0x0F, 0x80, 0x07, 0xC0, 0x03, 0xF0,
    0x00, 0x00, 0x00, 0x00, 0x00, 0x00, 0x00, 0x00, 0x00, 0x00, 0x00, 0x00, 0x00, 0x00, 0x0E, 0xF0,
    0x1E, 0xF0, 0x1E, 0xF0, 0x1F, 0xF8, 0x00, 0x00, 0x00, 0x00, 0x00, 0x00, 0xF8, 0x3F, 0xF8, 0x3E,
    0xF8, 0x3E, 0xF8, 0x3E, 0xF8, 0x3E, 0xF8, 0x3E, 0xF8, 0x3E, 0xF8, 0x3E, 0xF8, 0x3E, 0xF8, 0x3E,
    0xF8, 0x3E, 0xF8, 0x3E, 0xFC, 0x3E, 0x7F, 0xFE, 0x7F, 0xFE, 0x7F, 0xFC, 0x7F, 0xFC, 0x3F, 0xF8,
    0x00, 0x00, 0x3C, 0x01, 0xE0, 0x0F, 0x00, 0x7C, 0x00, 0x40, 0x00, 0x00, 0x00, 0x00, 0x00, 0x00,
    0x00, 0x00, 0x03, 0x9C, 0x39, 0xC7, 0xFE, 0x7F, 0xE0, 0x00, 0x00, 0x0E, 0x0F, 0xE0, 0xFE, 0x0F,
    0xF0, 0xFF, 0x0F, 0xF0, 0xFF, 0x0F, 0xF1, 0xFF, 0xFF, 0x7F, 0xF7, 0xFF, 0x3F, 0xF0, 0x1E, 0x0F,
    0xF8, 0xFF, 0xCF, 0xFE, 0xC3, 0xF0, 0x0F, 0x7F, 0xFF, 0xFF, 0xFF, 0xFF, 0xFE, 0x7F, 0xE7, 0xFC,
    0x1F, 0x80, 0x00, 0x00, 0x00, 0x00, 0xFF, 0xC0, 0x3F, 0xF0, 0x1F, 0xFC, 0x00, 0x00, 0x00, 0x00,
    0x00, 0x00, 0x00, 0x3C, 0xF0, 0x0F, 0xBC, 0x03, 0xEF, 0x00, 0xFB, 0xE0, 0x3E, 0xF8, 0x00, 0x00,
    0x00, 0x00, 0x00, 0x1E, 0x00, 0x07, 0xC0, 0x03, 0xF0, 0x00, 0xFC, 0x00, 0x3F, 0x80, 0x1F, 0xE0,
    0x07, 0xBC, 0x03, 0xCF, 0x00, 0xF3, 0xC0, 0x3C, 0xF8, 0x1F, 0x1E, 0x07, 0xFF, 0x83, 0xFF, 0xF0,
    0xFF, 0xFC, 0x3F, 0xFF, 0x9F, 0x03, 0xE7, 0xC0, 0xFB, 0xF0, 0x1F, 0x7F, 0xE7, 0xFE, 0xFF, 0xF6,
    0x00, 0x00, 0x00, 0x00, 0x00, 0x00, 0x00, 0x00, 0x00, 0x00, 0x39, 0xC7, 0xBC, 0x7F, 0xE7, 0xFE,
    0x00, 0x00, 0x00, 0x00, 0x03, 0xFE, 0x7F, 0xE7, 0xFE, 0xF1, 0xEE, 0x1E, 0xE0, 0xEE, 0x0E, 0xE1,
    0xEF, 0xFF, 0xFF, 0xF7, 0xFF, 0x3F, 0xF0, 0x07, 0xFC, 0x03, 0xFF, 0x80, 0xFF, 0xE0, 0x30, 0x00,
    0x00, 0x00, 0x00, 0x00, 0x00, 0x00, 0x00, 0x00, 0x00, 0x00, 0x00, 0x00, 0x78, 0x00, 0x1E, 0x00,
    0x07, 0x80, 0x01, 0xF0, 0x00, 0x7C, 0x00, 0x00, 0x00, 0x00, 0x00, 0x01, 0xE0, 0x00, 0x7C, 0x00,
    0x3F, 0x00, 0x0F, 0xC0, 0x03, 0xF8, 0x01, 0xFE, 0x00, 0x7B, 0xC0, 0x3C, 0xF0, 0x0F, 0x3C, 0x03,
    0xCF, 0x81, 0xF1, 0xE0, 0x7F, 0xF8, 0x3F, 0xFF, 0x0F, 0xFF, 0xC3, 0xFF, 0xF9, 0xF0, 0x3E, 0x7C,
    0x0F, 0xBF, 0x01, 0xF0, 0x3F, 0xE3, 0xFF, 0x9F, 0xFC, 0x00, 0x00, 0x00, 0x00, 0x00, 0x00, 0x00,
    0xF0, 0x07, 0x80, 0x3C, 0x03, 0xE0, 0x1F, 0x00, 0x00, 0x00, 0x00, 0x00, 0x03, 0xFE, 0x3F, 0xF1,
    0xFF, 0x9E, 0x3C, 0xE1, 0xE7, 0x07, 0x38, 0x39, 0xC3, 0xCF, 0xFF, 0x7F, 0xF9, 0xFF, 0xC7, 0xFE,
    0x00, 0x1C, 0x00, 0x7F, 0xE0, 0x0F, 0xFE, 0x00, 0xFF, 0xE0, 0x00, 0x00, 0x00, 0x00, 0x00, 0x00,
    0x00, 0x00, 0x00, 0x00, 0x00, 0x00, 0x03, 0xFF, 0xF8, 0x7F, 0xFF, 0xE7, 0xFF, 0xFE, 0xF1, 0xFF,
    0xFE, 0x1F, 0xFF, 0xE0, 0xFF, 0xFE, 0x0F, 0xC0, 0xE1, 0xF8, 0x1F, 0xFF, 0xFF, 0xFF, 0xFF, 0xF7,
    0xFF, 0xFF, 0x3F, 0xFF, 0xE0, 0x00, 0x3F, 0x80, 0x0F, 0xFE, 0x01, 0xFF, 0xF0, 0x0F, 0xFF, 0xC0,
    0xFF, 0x1E, 0x07, 0xC0, 0x00, 0x7C, 0x00, 0x03, 0xE0, 0x00, 0x1F, 0x00, 0x07, 0xFF, 0x7E, 0x3F,
    0xFB, 0xFF, 0xFF, 0xDF, 0xF1, 0xF0, 0x7F, 0x8F, 0xC0, 0x7C, 0x3F, 0xFF, 0xC1, 0xFF, 0xFE, 0x07,
    0xFF, 0xF0, 0x1F, 0xFF, 0x00, 0x3F, 0xF0, 0x1F, 0xF0, 0xFF, 0xE1, 0xFF, 0xC7, 0x9F, 0x8E, 0x1F,
    0x1D, 0xFF, 0xF9, 0xFF, 0x70, 0xF8, 0xFF, 0xF1, 0xFF, 0xE1, 0xFF, 0xC3, 0xFF, 0x81, 0xFE, 0x00,
    0x3C, 0x1C, 0xF8, 0x3F, 0xF0, 0xFF, 0xC1, 0xFF, 0x00, 0x78, 0x00, 0x0F, 0x0E, 0x01, 0xEF, 0x00,
    0x3F, 0x80, 0x07, 0xC0, 0x00, 0xF0, 0x00, 0x18, 0x00, 0x00, 0x00, 0x00, 0x00, 0x00, 0x00, 0x00,
    0x00, 0x00, 0x1F, 0xC0, 0x3F, 0xF8, 0x3F, 0xFE, 0x0F, 0xFF, 0xC7, 0xF8, 0xF1, 0xF0, 0x00, 0xFC,
    0x00, 0x3E, 0x00, 0x0F, 0x80, 0x03, 0xE1, 0xFC, 0xF8, 0x7F, 0xFE, 0x1F, 0xFF, 0x83, 0xFF, 0xF0,
    0x1F, 0x7F, 0xFF, 0x9F, 0xFF, 0xE3, 0xFF, 0xF8, 0x7F, 0xFC, 0x07, 0xFE, 0x00, 0x00, 0x01, 0xE7,
    0x87, 0xF8, 0x1F, 0x80, 0x78, 0x03, 0xC0, 0x00, 0x00, 0x00, 0x00, 0x00, 0x00, 0x07, 0xFC, 0xFF,
    0xE7, 0xFF, 0x79, 0xFB, 0x87, 0xDC, 0x3E, 0xE1, 0xF7, 0x0F, 0xBF, 0xFD, 0xFF, 0xE7, 0xFF, 0x3F,
    0xF8, 0x7F, 0x80, 0x3C, 0x73, 0xE3, 0xFF, 0x3F, 0xF1, 0xFF, 0x01, 0xE0, 0x00, 0x3C, 0x78, 0x1F,
    0xF0, 0x0F, 0xE0, 0x07, 0xC0, 0x03, 0x80, 0x01, 0x80, 0x00, 0x00, 0x00, 0x00, 0x3C, 0xF8, 0x3C,
    0xF8, 0x3D, 0xF0, 0x3D, 0xF0, 0x7F, 0xE0, 0x7F, 0xC0, 0x7F, 0xC0, 0x7F, 0x80, 0x7F, 0x80, 0x7F,
    0x00, 0x7F, 0x00, 0x7F, 0x80, 0x7F, 0xC0, 0xFF, 0xE0, 0xFF, 0xF0, 0xFB, 0xF8, 0xF9, 0xFC, 0xF8,
    0xFE, 0x00, 0x00, 0x79, 0xE0, 0x3F, 0xC0, 0x1F, 0x80, 0x0F, 0x00, 0x0F, 0x00, 0x00, 0x00, 0x00,
    0x00, 0x00, 0x00, 0x0F, 0x00, 0x0F, 0x00, 0x0F, 0x00, 0x0E, 0x00, 0x0E, 0x00, 0x0E, 0x00, 0x0E,
    0x70, 0x1E, 0xF0, 0x1F, 0xE0, 0x1F, 0xE0, 0x1F, 0xC0, 0x1F, 0x80, 0x1F, 0xC0, 0x1F, 0xE0, 0x1F,
    0xF0, 0x1F, 0xF8, 0x1E, 0xFC, 0x1E, 0x7F, 0x07, 0xF8, 0x07, 0xFF, 0x03, 0xFF, 0xE0, 0xFC, 0xFC,
    0x7C, 0x0F, 0x9E, 0x03, 0xEF, 0x80, 0x7B, 0xE0, 0x1F, 0xF0, 0x07, 0xFC, 0x01, 0xFF, 0x80, 0x7F,
    0xE0, 0x3E, 0xFF, 0xFF, 0x9F, 0xFF, 0xE7, 0xFF, 0xF9, 0xFF, 0xFC, 0x3F, 0xFE, 0x03, 0xFF, 0x80,
    0x01, 0xE0, 0x00, 0xF0, 0x00, 0x3A, 0x00, 0x0F, 0xC0, 0x03, 0xF0, 0x00, 0x7C, 0x1F, 0x87, 0xFC,
    0x7F, 0xEF, 0x0F, 0xF0, 0xFF, 0x0F, 0xF0, 0xFF, 0xFF, 0xFF, 0xF7, 0xFE, 0x7F, 0xC1, 0xFC, 0x07,
    0x80, 0x70, 0x0F, 0x40, 0xFC, 0x07, 0xC0, 0x3C, 0x07, 0xF8, 0x03, 0xFF, 0x01, 0xFF, 0xC0, 0x7F,
    0xE0, 0x00, 0x00, 0x00, 0x00, 0x00, 0x00, 0x00, 0x1F, 0xE0, 0x1F, 0xFC, 0x0F, 0xFF, 0x83, 0xF3,
    0xF1, 0xF0, 0x3E, 0x78, 0x0F, 0xBE, 0x01, 0xEF, 0x80, 0x7F, 0xC0, 0x1F, 0xF0, 0x07, 0xFE, 0x01,
    0xFF, 0x80, 0xFB, 0xFF, 0xFE, 0x7F, 0xFF, 0x9F, 0xFF, 0xE7, 0xFF, 0xF0, 0xFF, 0xF8, 0x0F, 0xFE,
    0x00, 0x07, 0x80, 0x03, 0xC0, 0x00, 0xE8, 0x00, 0x3F, 0x00, 0x0F, 0xC0, 0x01, 0xF0, 0x3F, 0xE7,
    0xFE, 0xFF, 0xEF, 0xF8, 0x00, 0x00, 0x00, 0x00, 0x01, 0xF8, 0x7F, 0xC7, 0xFE, 0xF0, 0xFF, 0x0F,
    0xF0, 0xFF, 0x0F, 0xFF, 0xFF, 0xFF, 0x7F, 0xE7, 0xFC, 0x1F, 0xC0, 0x78, 0x07, 0x00, 0xF4, 0x0F,
    0xC0, 0x7C, 0x03, 0xC0, 0x78, 0x70, 0xFF, 0xC1, 0xFE, 0x03, 0xF0, 0x07, 0x80, 0x0C, 0x00, 0x00,
    0x1F, 0xFE, 0x7F, 0xF9, 0xFF, 0xE0, 0x0F, 0x80, 0x7C, 0x07, 0xE0, 0x3F, 0x00, 0xFC, 0x03, 0xF8,
    0x0F, 0xF0, 0x07, 0xE0, 0x07, 0x80, 0x1E, 0x18, 0x78, 0xFF, 0xE7, 0xFF, 0x9F, 0xFE, 0x3F, 0xF0,
    0x3F, 0x80, 0x00, 0x00, 0x78, 0x70, 0xFF, 0xC1, 0xFE, 0x03, 0xF0, 0x07, 0x80, 0x0C, 0x00, 0x00,
    0x1F, 0xFE, 0x7F, 0xF9, 0xFF, 0xE0, 0x0F, 0x80, 0x7C, 0x07, 0xE0, 0x3F, 0x00, 0xFC, 0x03, 0xF8,
    0x0F, 0xF0, 0x07, 0xE0, 0x07, 0x80, 0x1E, 0x18, 0x78, 0xFF, 0xE7, 0xFF, 0x9F, 0xFE, 0x3F, 0xF0,
    0x3F, 0x80, 0x00, 0x00, 0xFF, 0xE0, 0x01, 0xFF, 0xFD, 0xFF, 0xF0, 0x01, 0xFF, 0xFB, 0xFF, 0xF0,
    0x03, 0xFF, 0xF7, 0xFF, 0xF0, 0x03, 0xFF, 0xEF, 0x07, 0xE0, 0x00, 0x1F, 0xDE, 0x03, 0xC0, 0x00,
    0x7F, 0x3C, 0x07, 0xC0, 0x01, 0xFC, 0x78, 0x07, 0x80, 0x07, 0xF0, 0xF0, 0x0F, 0x00, 0x1F, 0xC1,
    0xE0, 0x1E, 0x00, 0x7F, 0x83, 0xC0, 0x3C, 0x01, 0xFE, 0x07, 0x80, 0xF8, 0x07, 0xF8, 0x0F, 0x9F,
    0xF0, 0x1F, 0xE0, 0x1F, 0xFF, 0xC0, 0x7F, 0xFF, 0x3F, 0xFF, 0x80, 0xFF, 0xFE, 0x7F, 0xFE, 0x01,
    0xFF, 0xFC, 0xFF, 0xFC, 0x03, 0xFF, 0xFD, 0xFF, 0xE0, 0x07, 0xFF, 0xF8, 0xFF, 0xE0, 0x00, 0x00,
    0x1F, 0xFF, 0x00, 0x00, 0x03, 0xFF, 0xF0, 0x00, 0x00, 0x7F, 0xFF, 0x00, 0x00, 0x0F, 0x07, 0xE0,
    0x00, 0x01, 0xE0, 0x3C, 0x00, 0x00, 0x3C, 0x07, 0xC0, 0x3F, 0xF7, 0x80, 0x78, 0x07, 0xFE, 0xF0,
    0x0F, 0x00, 0xFF, 0xDE, 0x01, 0xE0, 0x01, 0xF3, 0xC0, 0x3C, 0x00, 0x7C, 0x78, 0x0F, 0x80, 0x1F,
    0x0F, 0x9F, 0xF0, 0x07, 0xC1, 0xFF, 0xFC, 0x01, 0xF0, 0x3F, 0xFF, 0x80, 0x7E, 0x07, 0xFF, 0xE0,
    0x1F, 0xFC, 0xFF, 0xFC, 0x03, 0xFF, 0xDF, 0xFE, 0x00, 0x7F, 0xF8, 0x00, 0x78, 0x00, 0x00, 0xF0,
    0x00, 0x01, 0xE0, 0x00, 0x03, 0xC0, 0x00, 0x07, 0x80, 0x00, 0x0F, 0x00, 0x07, 0xFF, 0xFF, 0x9F,
    0xFF, 0xFF, 0x7F, 0xFF, 0xFE, 0xF3, 0xE0, 0xFB, 0xC3, 0xC3, 0xE7, 0x87, 0x8F, 0x8F, 0x0F, 0x3E,
    0x1E, 0x3E, 0xF8, 0x3F, 0xFF, 0xE0, 0x3F, 0xFF, 0xFE, 0x3F, 0xFF, 0xFC, 0x3F, 0xFF, 0xFC, 0x00,
    0x00, 0x00, 0x00, 0x70, 0x00, 0x1C, 0x00, 0x0E, 0x00, 0x03, 0x80, 0x00, 0xE0, 0x00, 0x00, 0x00,
    0x00, 0x00, 0x00, 0x00, 0x01, 0xFC, 0x03, 0xFF, 0x83, 0xFF, 0xE0, 0xFF, 0xFC, 0x7F, 0x8F, 0x1F,
    0x00, 0x0F, 0xC0, 0x03, 0xE0, 0x00, 0xF8, 0x00, 0x3E, 0x1F, 0xCF, 0x87, 0xFF, 0xE1, 0xFF, 0xF8,
    0x3F, 0xFF, 0x01, 0xF7, 0xFF, 0xF9, 0xFF, 0xFE, 0x3F, 0xFF, 0x87, 0xFF, 0xC0, 0x7F, 0xE0, 0x01,
    0x80, 0x38, 0x03, 0x80, 0x78, 0x07, 0x00, 0x00, 0x00, 0x00, 0x00, 0x1F, 0xF7, 0xFF, 0x7F, 0xFF,
    0x3F, 0xE1, 0xFE, 0x1F, 0xE1, 0xFE, 0x1F, 0xFF, 0xFF, 0xFF, 0x7F, 0xF7, 0xFF, 0x1F, 0xE0, 0x1E,
    0x73, 0xE7, 0xFE, 0xFF, 0xCF, 0xF8, 0x1E, 0x00, 0x0F, 0x80, 0x07, 0xC0, 0x03, 0xE0, 0x01, 0xF0,
    0x00, 0x00, 0x00, 0x00, 0x00, 0x00, 0x00, 0x1F, 0x7C, 0x1E, 0x7E, 0x1E, 0x7E, 0x1E, 0x7F, 0x1E,
    0x7F, 0x1E, 0x7F, 0x9E, 0x7F, 0x9E, 0x7F, 0x9E, 0x7F, 0xDE, 0x7F, 0xDE, 0x7F, 0xFE, 0xFD, 0xFE,
    0xFD, 0xFE, 0xFC, 0xFE, 0xFC, 0xFE, 0xFC, 0x7E, 0xFC, 0x7E, 0x1E, 0x00, 0xF0, 0x07, 0xC0, 0x3E,
    0x00, 0x00, 0x00, 0x00, 0x00, 0x00, 0x7F, 0xC7, 0xFE, 0x7F, 0xEF, 0x8F, 0xF0, 0xFF, 0x0F, 0xF0,
    0xFF, 0x0F, 0xF0, 0xFF, 0x0F, 0xF8, 0xFF, 0x8F, 0x00, 0xE0, 0x00, 0x38, 0x00, 0x1E, 0x00, 0x07,
    0x00, 0x01, 0xC0, 0x00, 0x00, 0x00, 0x00, 0x00, 0x07, 0x80, 0x03, 0xE0, 0x00, 0xFC, 0x00, 0x3F,
    0x00, 0x07, 0x80, 0x00, 0xC0, 0x00, 0x00, 0x00, 0x00, 0x00, 0x00, 0x00, 0x01, 0xE0, 0x00, 0x7C,
    0x00, 0x3F, 0x00, 0x0F, 0xC0, 0x03, 0xF8, 0x01, 0xFE, 0x00, 0x7B, 0xC0, 0x3C, 0xF0, 0x0F, 0x3C,
    0x03, 0xCF, 0x81, 0xF1, 0xE0, 0x7F, 0xF8, 0x3F, 0xFF, 0x0F, 0xFF, 0xC3, 0xFF, 0xF9, 0xF0, 0x3E,
    0x7C, 0x0F, 0xBF, 0x01, 0xF0, 0x07, 0x00, 0x70, 0x0F, 0x00, 0xE0, 0x0E, 0x00, 0x00, 0x00, 0x00,
    0x00, 0x0F, 0x01, 0xF0, 0x1F, 0x01, 0xF0, 0x0F, 0x00, 0x00, 0x00, 0x00, 0x00, 0x00, 0x03, 0xFE,
    0x7F, 0xE7, 0xFE, 0xF1, 0xEE, 0x1E, 0xE0, 0xEE, 0x0E, 0xE1, 0xEF, 0xFF, 0xFF, 0xF7, 0xFF, 0x3F,
    0xF0, 0x00, 0x00, 0x00, 0x3C, 0x00, 0x00, 0x01, 0xE0, 0x00, 0x00, 0x0F, 0x80, 0x00, 0x00, 0x7C,
    0x00, 0x00, 0x01, 0xF0, 0x00, 0x07, 0x0F, 0x80, 0x00, 0x38, 0x3E, 0x00, 0x00, 0xE1, 0xF0, 0x00,
    0x07, 0x8F, 0x80, 0x00, 0x1C, 0x3E, 0x00, 0x00, 0x01, 0xF0, 0x00, 0x00, 0x07, 0xC0, 0x00, 0x1F,
    0xFE, 0x00, 0x00, 0xFF, 0xF0, 0x00, 0x07, 0xFF, 0xC0, 0x00, 0x3F, 0x3F, 0x80, 0x00, 0xF9, 0xFE,
    0x00, 0x07, 0xC7, 0xFC, 0x00, 0x1E, 0x3F, 0xF0, 0x00, 0x78, 0xFB, 0xC0, 0x01, 0xE7, 0xCF, 0x00,
    0x07, 0xBF, 0x3C, 0x00, 0x1E, 0xF8, 0xF0, 0x00, 0x7F, 0xC7, 0xC0, 0x01, 0xFF, 0xFF, 0x00, 0x07,
    0xFF, 0xFC, 0x00, 0x1F, 0xFF, 0xE0, 0x00, 0x3F, 0xFF, 0x80, 0x00, 0xFF, 0xFC, 0x00, 0x07, 0xFF,
    0xE0, 0x00, 0x1F, 0x00, 0x00, 0x00, 0xFC, 0x00, 0x00, 0x07, 0xE0, 0x00, 0x00, 0x1F, 0x80, 0x00,
    0x00, 0xFC, 0x00, 0x00, 0x03, 0xE0, 0x00, 0x00, 0x1F, 0x80, 0x00, 0x00, 0xFC, 0x00, 0x00, 0x03,
    0xF0, 0x00, 0x00, 0x1E, 0x00, 0x00, 0x00, 0x60, 0x00, 0x00, 0x00, 0x00, 0x0C, 0x00, 0xF0, 0x03,
    0x80, 0xFE, 0x07, 0x78, 0x1D, 0xC0, 0xF7, 0x03, 0xBC, 0x00, 0xF0, 0x03, 0x80, 0x1E, 0x00, 0x78,
    0x0F, 0xE0, 0xFF, 0xC3, 0xFF, 0x1E, 0xFE, 0x7F, 0xF9, 0xFF, 0xE7, 0xFF, 0x9F, 0xFE, 0x7F, 0xF8,
    0xFF, 0xC3, 0xFF, 0x07, 0xF0, 0x1E, 0x00, 0x78, 0x03, 0xC0, 0x0F, 0x00, 0x3C, 0x01, 0xF0, 0x07,
    0x80, 0x1E, 0x00, 0x70, 0x03, 0x80, 0x08, 0x00, 0x00, 0x00, 0x00, 0x07, 0xE0, 0x07, 0xC0, 0x07,
    0xC0, 0x07, 0xC0, 0x0F, 0x80, 0x0F, 0x80, 0x0F, 0x80, 0x00, 0x00, 0x00, 0x00, 0x00, 0x00, 0x07,
    0xFC, 0x1F, 0xF8, 0x3F, 0xF8, 0x3F, 0x30, 0x3C, 0x00, 0x3C, 0x00, 0x3E, 0x00, 0x3F, 0xE0, 0x1F,
    0xF8, 0x1F, 0xFE, 0x07, 0xFE, 0x00, 0x7F, 0x10, 0x1F, 0x3C, 0x1F, 0x7F, 0xFF, 0x7F, 0xFF, 0xFF,
    0xFE, 0x3F, 0xF8, 0x00, 0x00, 0x1F, 0x81, 0xF8, 0x1F, 0x01, 0xF0, 0x1F, 0x01, 0xF0, 0x3E, 0x03,
    0xE0, 0x00, 0x00, 0x00, 0x1F, 0xC3, 0xFC, 0x78, 0xC3, 0x80, 0x3F, 0x81, 0xFE, 0x07, 0xF1, 0x0F,
    0x3F, 0xF7, 0xFF, 0xFF, 0xE7, 0xFC, 0x00, 0x00, 0x00, 0x00, 0x07, 0xC0, 0x07, 0xC0, 0x07, 0xC0,
    0x07, 0xC0, 0x0F, 0x80, 0x0F, 0x80, 0x0F, 0x80, 0x00, 0x00, 0x00, 0x00, 0x00, 0x00, 0xFF, 0xFF,
    0xFF, 0xFF, 0xFF, 0xFF, 0xFF, 0xFF, 0x03, 0xC0, 0x03, 0xC0, 0x03, 0xC0, 0x03, 0xC0, 0x03, 0xC0,
    0x03, 0xC0, 0x03, 0xC0, 0x03, 0xC0, 0x03, 0xC0, 0x03, 0xC0, 0x03, 0xC0, 0x07, 0xC0, 0x07, 0xE0,
    0x07, 0xE0, 0x3F, 0x07, 0xE0, 0xFC, 0x1F, 0x03, 0xE0, 0x7C, 0x1F, 0x03, 0xE0, 0x00, 0x00, 0x00,
    0x38, 0x0F, 0x01, 0xE0, 0x3C, 0x1F, 0xF7, 0xFE, 0xFF, 0xC3, 0xC0, 0x78, 0x0F, 0x01, 0xE0, 0x3C,
    0x07, 0xE0, 0xFE, 0x1F, 0xC3, 0xF8, 0x00, 0x00, 0x70, 0xF0, 0x79, 0xE0, 0x3F, 0xC0, 0x1F, 0x80,
    0x0F, 0x00, 0x06, 0x00, 0x00, 0x00, 0x00, 0x00, 0x0F, 0x00, 0x0F, 0x00, 0x0F, 0x00, 0x0F, 0x00,
    0x0F, 0x00, 0x0F, 0x00, 0x0F, 0xF8, 0x0F, 0xFC, 0x1F, 0xFE, 0x1F, 0x1E, 0x1E, 0x0E, 0x1E, 0x0E,
    0x1E, 0x0E, 0x1E, 0x1E, 0x1E, 0x1E, 0x1F, 0x1E, 0x1F, 0x1E, 0x1F, 0x1E, 0x01, 0xE0, 0x00, 0x78,
    0x00, 0x1E, 0x00, 0x07, 0xC0, 0x01, 0xF0, 0x00, 0x00, 0x00, 0x00, 0x00, 0x07, 0x80, 0x01, 0xF0,
    0x00, 0xFC, 0x00, 0x3F, 0x00, 0x0F, 0xE0, 0x07, 0xF8, 0x01, 0xEF, 0x00, 0xF3, 0xC0, 0x3C, 0xF0,
    0x0F, 0x3E, 0x07, 0xC7, 0x81, 0xFF, 0xE0, 0xFF, 0xFC, 0x3F, 0xFF, 0x0F, 0xFF, 0xE7, 0xC0, 0xF9,
    0xF0, 0x3E, 0xFC, 0x07, 0xC0, 0x0F, 0x00, 0xF0, 0x0F, 0x01, 0xF0, 0x1F, 0x00, 0x00, 0x00, 0x00,
    0x00, 0x3F, 0xE7, 0xFE, 0x7F, 0xEF, 0x1E, 0xE1, 0xEE, 0x0E, 0xE0, 0xEE, 0x1E, 0xFF, 0xFF, 0xFF,
    0x7F, 0xF3, 0xFF, 0x7F, 0xFB, 0xFF, 0x9F, 0xFD, 0xFE, 0x0F, 0x80, 0x7C, 0x03, 0xE0, 0x1F, 0xF8,
    0xFF, 0xC7, 0xFE, 0x3F, 0xC1, 0xF0, 0x0F, 0x80, 0x7F, 0xFB, 0xFF, 0xDF, 0xFF, 0xFF, 0xFF, 0xFF,
    0xC7, 0x00, 0x7C, 0x03, 0xE0, 0x1F, 0x00, 0xF8, 0x00, 0x1F, 0x83, 0xFC, 0x7F, 0xEF, 0xFE, 0xFF,
    0xFF, 0xFF, 0xFC, 0x0F, 0x01, 0xFF, 0xF7, 0xFF, 0x3F, 0xF1, 0xFE, 0x18, 0x03, 0xE0, 0x3E, 0x03,
    0xE0, 0x3E, 0x00, 0x00, 0x03, 0xF8, 0x03, 0xFF, 0x01, 0xFF, 0xC0, 0x7F, 0xF0, 0x00, 0x00, 0x03,
    0xCF, 0x00, 0xF3, 0xC0, 0x3D, 0xF0, 0x0F, 0xFC, 0x07, 0xFF, 0x00, 0x00, 0x00, 0x00, 0x00, 0x07,
    0xF8, 0x07, 0xFF, 0x03, 0xFF, 0xE0, 0xFC, 0xFC, 0x7C, 0x0F, 0x9E, 0x03, 0xEF, 0x80, 0x7B, 0xE0,
    0x1F, 0xF0, 0x07, 0xFC, 0x01, 0xFF, 0x80, 0x7F, 0xE0, 0x3E, 0xFF, 0xFF, 0x9F, 0xFF, 0xE7, 0xFF,
    0xF9, 0xFF, 0xFC, 0x3F, 0xFE, 0x03, 0xFF, 0x00, 0x00, 0x00, 0x39, 0xC7, 0xBC, 0x7F, 0xE7, 0xFE,
    0x00, 0x00, 0x00, 0x1F, 0x87, 0xFC, 0x7F, 0xEF, 0x1F, 0xFF, 0xFF, 0xFF, 0xFF, 0xFF, 0xFF, 0xFF,
    0xF7, 0xFE, 0x7F, 0xC1, 0xF8, 0x0E, 0x3C, 0x78, 0xF1, 0xE3, 0xC7, 0x8F, 0x1E, 0x3C, 0x78, 0xE1,
    0xCF, 0xBF, 0x7E, 0xFD, 0xE0, 0x07, 0x80, 0x03, 0xC0, 0x01, 0xE0, 0x00, 0xF0, 0x00, 0x78, 0x00,
    0x3C, 0x00, 0x1E, 0x00, 0x0F, 0x00, 0xFF, 0xF8, 0x7F, 0xFC, 0x3F, 0xFE, 0x01, 0xF0, 0x00, 0xF8,
    0x00, 0x7C, 0x38, 0x3F, 0xFE, 0x1F, 0xFF, 0x0F, 0xFF, 0x87, 0xFF, 0xC0, 0x00, 0x1F, 0x1F, 0xDF,
    0xEF, 0x70, 0x38, 0x7C, 0x3E, 0x3E, 0x1E, 0x0F, 0x07, 0x80, 0x00, 0x1F, 0xF8, 0x0F, 0xFE, 0x07,
    0xFF, 0x83, 0xC3, 0xC1, 0xE0, 0xE0, 0xF0, 0x70, 0x78, 0xF8, 0x3F, 0xFC, 0x1F, 0xFE, 0x0F, 0xFF,
    0xBF, 0xF7, 0xDF, 0xF9, 0xFF, 0xFC, 0xF8, 0xFF, 0xFC, 0x7F, 0xFE, 0x3F, 0xFE, 0x1F, 0xFF, 0x0F,
    0xFF, 0x00, 0x0F, 0x83, 0xE0, 0x3E, 0x0F, 0x80, 0xF8, 0x3E, 0x03, 0xE0, 0xF8, 0x0F, 0x83, 0xE0,
    0x3E, 0x0F, 0x8F, 0xFF, 0xFF, 0xFF, 0xFF, 0xFF, 0xFF, 0xFF, 0xFC, 0x3E, 0x0F, 0x80, 0xF8, 0x3E,
    0x03, 0xE0, 0xF8, 0x0F, 0x87, 0xC0, 0x3F, 0xFF, 0x00, 0xFF, 0xFC, 0x01, 0xFF, 0xF0, 0x07, 0xFF,
    0x80, 0x0F, 0xFE, 0x00, 0x00, 0x00, 0x00, 0x07, 0xF0, 0x01, 0xFC, 0x00, 0x7F, 0x80, 0x3F, 0xE0,
    0x0F, 0xF8, 0x03, 0xFF, 0x00, 0xFF, 0xC0, 0x7F, 0xF0, 0x1F, 0x7E, 0x07, 0xCF, 0x83, 0xE3, 0xE0,
    0xF8, 0xFC, 0x3E, 0x1F, 0x1F, 0x07, 0xC7, 0xC0, 0xF1, 0xE0, 0x3E, 0xF8, 0x07, 0xBE, 0x01, 0xE0,
    0x00, 0x00, 0x3F, 0xE1, 0xFF, 0xC3, 0xFF, 0x8F, 0x1F, 0x1C, 0x3E, 0x38, 0x7C, 0x70, 0xF8, 0xE1,
    0xE1, 0xE7, 0xC3, 0xFF, 0x83, 0xFF, 0x07, 0xFE, 0x03, 0xFF, 0x80, 0x3F, 0x00, 0x7E, 0x00, 0xFC,
    0x01, 0xE0, 0x02, 0x00, 0x0F, 0xF8, 0x07, 0xFE, 0x03, 0xFF, 0x81, 0xC3, 0xC0, 0xE0, 0xE0, 0x70,
    0x70, 0x38, 0x78, 0x1F, 0xFC, 0xFF, 0xFE, 0x7F, 0xFE, 0x3F, 0xFF, 0x03, 0xFF, 0xC1, 0xF1, 0xE0,
    0xF8, 0xF8, 0x7C, 0x7C, 0x3E, 0x3E, 0x1F, 0x9F, 0x8F, 0xCF, 0xC0, 0x00, 0x00, 0xF8, 0x3E, 0x0F,
    0x83, 0xE0, 0x38, 0xE7, 0x9C, 0x70, 0x0E, 0x00, 0xF0, 0x1F, 0x87, 0xFC, 0xF9, 0xE6, 0x06, 0x77,
    0xFF, 0xFF, 0xFF, 0xEE, 0x00, 0x03, 0xFE, 0x7F, 0xF7, 0xFF, 0x07, 0xFC, 0xFF, 0xFD, 0xFF, 0xFF,
    0xF0, 0x00, 0x00, 0x0F, 0x3D, 0xFF, 0x3F, 0xE3, 0xF8, 0x00, 0x00, 0xF7, 0xFF, 0xFF, 0x80, 0x73,
    0xBD, 0xEF, 0xFF, 0xFF, 0x63, 0x8C, 0xE6, 0x00, 0x77, 0xFF, 0xF7, 0x00, 0x0F, 0x83, 0xC3, 0xE1,
    0xF0, 0xF8, 0x7C, 0x3E, 0x1F, 0x00, 0x60, 0x6F, 0x9E, 0x7F, 0xC3, 0xF8, 0x0F, 0x00, 0xE0, 0xF8,
    0x7C, 0x1F, 0x07, 0x83, 0xE0, 0xF8, 0x7C, 0x1F, 0x01, 0xFB, 0xF3, 0xE7, 0xCF, 0x9F, 0x1F, 0x3E,
    0x3E, 0x3E, 0x7C, 0x7C, 0x7C, 0xFC, 0x00, 0xFC, 0x7C, 0x7C, 0x7C, 0x3E, 0x3E, 0x3E, 0x00, 0x39,
    0xFF, 0xFF, 0x9C, 0xE7, 0x3F, 0xFF, 0x70, 0xFF, 0xBF, 0xEF, 0xF8, 0x0E, 0x03, 0xC0, 0xF0, 0x79,
    0xCF, 0xFF, 0x30, 0x06, 0xEE, 0xE6, 0x00, 0x71, 0xCF, 0xFF, 0xFC, 0xFF, 0xFF, 0xDC, 0x30, 0x31,
    0xBE, 0x63, 0x00, 0x00, 0x07, 0xFE, 0x7F, 0xF7, 0xFF, 0x79, 0xE7, 0xBE, 0xF8, 0x73, 0xBD, 0xEF,
    0xFF, 0xFF, 0x77, 0xFF, 0xF7, 0x00, 0x00, 0xFD, 0xF3, 0xE7, 0xCF, 0xBE, 0x7C, 0x31, 0xC7, 0x9F,
    0x7D, 0xF7, 0x80, 0x00, 0xE7, 0xBC, 0xE3, 0xFF, 0xCF, 0x7B, 0xDE, 0xF7, 0xBD, 0xE0, 0xFF, 0xFF,
    0xFF, 0xFE, 0xFF, 0x78, 0x78, 0x7B, 0xEF, 0x8F, 0xF8, 0x3F, 0x80, 0xF8, 0x03, 0x80, 0x07, 0x00,
    0x3C, 0x03, 0xF0, 0x3F, 0xC3, 0xDF, 0x3C, 0x3C, 0x7B, 0xFF, 0xFF, 0xFD, 0xFE, 0xF0, 0x00, 0x00,
    0x9F, 0xFF, 0xFF, 0xFC, 0x7F, 0xCF, 0xFF, 0xFF, 0x80, 0x00, 0x7B, 0xFF, 0xFF, 0xFD, 0xFE, 0xF0,
    0x00, 0xFF, 0xFF, 0xFF, 0xFF, 0x80, 0x03, 0x1C, 0xF7, 0xB9, 0xC0, 0xE0, 0x3D, 0xEF, 0x7B, 0xFE,
    0xFF, 0xBF, 0xE0, 0x00, 0xFF, 0xFF, 0xFF, 0xFC, 0xFF, 0xFF, 0xFF, 0xFE, 0x3F, 0x3F, 0x9F, 0xED,
    0xF6, 0xF8, 0x40, 0x7C, 0x78, 0x61, 0xE7, 0xE0, 0x77, 0xFF, 0xFF, 0xFF, 0xEE, 0x0E, 0xFF, 0xFC,
    0x0E, 0x03, 0x81, 0xE0, 0x78, 0x1C, 0x00, 0x00, 0x00, 0x00, 0x00, 0x00, 0x00, 0x03, 0xDE, 0xF7,
    0xBD, 0xEF, 0x78, 0xFF, 0xFF, 0xFF, 0xFE, 0xFF, 0x78, 0x3F, 0xE7, 0xFF, 0x7F, 0xF4, 0x00, 0x00,
    0xE7, 0xFE, 0x7F, 0xF7, 0xFF, 0x00, 0x7B, 0xFD, 0xFE, 0xFF, 0x7F, 0xBF, 0xDE, 0xFF, 0xFF, 0xF8,
    0xF1, 0xE3, 0xC0, 0x01, 0x00, 0x61, 0xFF, 0x3F, 0xEF, 0xFD, 0xDF, 0xBF, 0xE0, 0x60, 0x0C, 0x03,
    0x80, 0x70, 0x0C, 0x03, 0x80, 0x70, 0x0C, 0x03, 0x00, 0x00, 0xE0, 0x00, 0x1C, 0x00, 0x07, 0xC0,
    0x00, 0xF8, 0x00, 0x00, 0x00, 0x00, 0x00, 0x00, 0x00, 0x00, 0xFC, 0x3E, 0x7F, 0xC7, 0xDF, 0xFE,
    0xFB, 0xEF, 0xFF, 0x7C, 0x7F, 0xEF, 0xFB, 0xF0, 0x07, 0x00, 0x01, 0xE0, 0x00, 0x1C, 0x00, 0x00,
    0x07, 0xCF, 0xFE, 0xFF, 0xFF, 0xF7, 0xF6, 0x3E, 0x00, 0x07, 0xCF, 0xFF, 0xFF, 0xFF, 0xF7, 0xE0,
    0x1C, 0x00, 0x00, 0x09, 0x87, 0xB8, 0x26, 0x00, 0x00, 0x00, 0x33, 0x8C, 0x40, 0x00, 0x00, 0x0C,
    0x00, 0x09, 0xC0, 0x07, 0xBF, 0x03, 0xE1, 0xFF, 0xF8, 0x1F, 0xFC, 0x00, 0x07, 0xFE, 0x03, 0xFF,
    0xF0, 0xFC, 0x7F, 0x38, 0x00, 0xF6, 0x00, 0x0E, 0x00, 0x00, 0x00, 0x00, 0x00, 0x00, 0x00, 0x07,
    0x0F, 0xFF, 0xFF, 0x3F, 0xFF, 0xFF, 0xFF, 0xFF, 0xF8, 0x00, 0x07, 0x80, 0x00, 0x18, 0x00, 0x3C,
    0x00, 0xF0, 0x03, 0xE0, 0x0F, 0x80, 0x00, 0x00, 0x00, 0x00, 0x00, 0x02, 0xFF, 0xF7, 0xFF, 0xBF,
    0xFD, 0xE0, 0x0F, 0x00, 0x78, 0x03, 0xC2, 0x1F, 0xF8, 0xFF, 0xC7, 0xFE, 0x3E, 0x01, 0xE0, 0x0F,
    0xFF, 0x7F, 0xFB, 0xFF, 0xDF, 0xFE, 0xFF, 0xF8, 0x3D, 0xE1, 0xEF, 0x9F, 0x7C, 0xFB, 0xE7, 0xDF,
    0x00, 0x00, 0x00, 0x00, 0x00, 0x7F, 0xFB, 0xFF, 0x9F, 0xFD, 0xFE, 0x0F, 0x80, 0x7C, 0x03, 0xE0,
    0x1F, 0xF8, 0xFF, 0xC7, 0xFE, 0x3F, 0xC1, 0xF0, 0x0F, 0x80, 0x7F, 0xFB, 0xFF, 0xDF, 0xFF, 0xFF,
    0xFF, 0xFF, 0xC0, 0x00, 0x0F, 0x0F, 0xFF, 0xE7, 0xFF, 0xF9, 0xFF, 0xFE, 0x03, 0xC0, 0x00, 0xF0,
    0x00, 0x3C, 0x00, 0x0F, 0x00, 0x03, 0xFF, 0x00, 0xFF, 0xE0, 0x3F, 0xF8, 0x0F, 0x0F, 0x03, 0xC3,
    0xC0, 0xF0, 0x70, 0x3C, 0x1C, 0x0F, 0x3F, 0x03, 0xCF, 0xC0, 0xF3, 0xF0, 0x3C, 0xF0, 0x00, 0x00,
    0x03, 0x80, 0x78, 0x07, 0x00, 0xF0, 0x0F, 0x00, 0x00, 0x00, 0x00, 0x00, 0xFF, 0xFF, 0xFF, 0xFF,
    0xFF, 0x00, 0xF0, 0x0F, 0x00, 0xF0, 0x0F, 0x00, 0xF0, 0x0F, 0x00, 0xF0, 0x0F, 0x80, 0xF8, 0x0F,
    0x80, 0xF8, 0x0F, 0x80, 0xF8, 0x00, 0x0F, 0xE0, 0x1F, 0xF8, 0x3F, 0xFC, 0x7C, 0x3E, 0x78, 0x1E,
    0xF0, 0x1E, 0xFF, 0xF0, 0xFF, 0xF0, 0xFF, 0xF0, 0xF0, 0x00, 0xF0, 0x00, 0xFE, 0x7F, 0xFF, 0xFE,
    0x7F, 0xFE, 0x7F, 0xFE, 0x3F, 0xFC, 0x1F, 0xF8, 0x00, 0x00, 0x07, 0xFC, 0x1F, 0xF8, 0x3F, 0xF8,
    0x3F, 0x30, 0x3C, 0x00, 0x3C, 0x00, 0x3E, 0x00, 0x3F, 0xE0, 0x1F, 0xF8, 0x1F, 0xFE, 0x07, 0xFE,
    0x00, 0x7F, 0x10, 0x1F, 0x3C, 0x1F, 0x7F, 0xFF, 0x7F, 0xFF, 0xFF, 0xFE, 0x3F, 0xF8, 0x00, 0x00,
    0xFF, 0xFF, 0xFF, 0xFF, 0xFF, 0xFF, 0xFF, 0xFF, 0xFF, 0xFF, 0xFF, 0xC0, 0x7B, 0xDE, 0xF7, 0xBD,
    0xEF, 0x00, 0x00, 0x00, 0x00, 0x00, 0x1F, 0x07, 0xC1, 0xF0, 0x7C, 0x1F, 0x07, 0xC1, 0xF0, 0x7C,
    0x1F, 0x07, 0xC1, 0xF0, 0x7C, 0x1F, 0x07, 0xC1, 0xF0, 0x7C, 0x1F, 0x07, 0xC0, 0x00, 0xF8, 0x07,
    0xC0, 0x3E, 0x01, 0xF0, 0x0F, 0x00, 0x78, 0x03, 0xC0, 0x1E, 0x01, 0xF0, 0x0F, 0x80, 0x7C, 0x03,
    0xE0, 0x1F, 0x00, 0xF0, 0x07, 0x80, 0x3C, 0x01, 0xE3, 0x9F, 0x1F, 0xF9, 0xFF, 0x8F, 0xFC, 0x7F,
    0xC0, 0x78, 0x00, 0x3F, 0xF0, 0x03, 0xFF, 0x80, 0x3F, 0xF8, 0x03, 0xC7, 0x80, 0x3C, 0x78, 0x03,
    0xC7, 0x80, 0x3C, 0x7F, 0x83, 0xC7, 0xFE, 0x3C, 0x7F, 0xF3, 0xC7, 0x9F, 0x38, 0x78, 0xF3, 0x87,
    0x8F, 0x38, 0x79, 0xF3, 0x87, 0xFF, 0xF8, 0x7F, 0xEF, 0x87, 0xFC, 0xF0, 0x00, 0x00, 0x00, 0x00,
    0xF0, 0x60, 0x0F, 0x07, 0x00, 0xF0, 0x70, 0x0F, 0x07, 0x00, 0xF0, 0x70, 0x0F, 0x07, 0x00, 0xFF,
    0xFE, 0x0F, 0xFF, 0xFC, 0xFF, 0xFF, 0xEF, 0x07, 0x1E, 0xF0, 0x70, 0xFF, 0x07, 0x0F, 0xF0, 0x71,
    0xFF, 0x07, 0xFE, 0xF0, 0x7F, 0xEF, 0x07, 0xFC, 0xF0, 0x00, 0x00, 0xFF, 0xFF, 0x1F, 0xFF, 0xE3,
    0xFF, 0xFC, 0x7F, 0xFF, 0x80, 0x3C, 0x00, 0x07, 0xC0, 0x00, 0xF8, 0x00, 0x1F, 0x00, 0x03, 0xFF,
    0x00, 0x7F, 0xF0, 0x0F, 0xFF, 0x01, 0xF9, 0xE0, 0x3E, 0x1C, 0x07, 0x83, 0x80, 0xF0, 0x78, 0x1E,
    0x0F, 0x07, 0xE1, 0xE0, 0xFC, 0x3C, 0x1F, 0x8F, 0x80, 0x01, 0xC0, 0x01, 0xC0, 0x03, 0xC0, 0x03,
    0x80, 0x03, 0x80, 0x00, 0x00, 0x3C, 0xF8, 0x3C, 0xF8, 0x3D, 0xF0, 0x3D, 0xF0, 0x7F, 0xE0, 0x7F,
    0xC0, 0x7F, 0xC0, 0x7F, 0x80, 0x7F, 0x80, 0x7F, 0x00, 0x7F, 0x00, 0x7F, 0x80, 0x7F, 0xC0, 0xFF,
    0xE0, 0xFF, 0xF0, 0xFB, 0xF8, 0xF9, 0xFC, 0xF8, 0xFE, 0x3C, 0x00, 0x1E, 0x00, 0x0F, 0x80, 0x07,
    0xC0, 0x00, 0x00, 0x00, 0x00, 0x00, 0x00, 0x00, 0x00, 0x00, 0x00, 0xF0, 0x00, 0xF0, 0x7C, 0xF0,
    0x7C, 0xF0, 0xFC, 0xF0, 0xFC, 0xF0, 0xFE, 0xF9, 0xFE, 0xF9, 0xFE, 0xFB, 0xFE, 0xFB, 0xFE, 0x7F,
    0xBE, 0x7F, 0xBE, 0x7F, 0xBE, 0x7F, 0x3E, 0x7F, 0x3E, 0x7E, 0x3E, 0x7E, 0x3E, 0x7E, 0x3F, 0x00,
    0x00, 0x7B, 0xE1, 0xFF, 0x07, 0xFC, 0x0F, 0xE0, 0x00, 0x00, 0x00, 0x00, 0x00, 0x00, 0x03, 0xC0,
    0xF7, 0x83, 0x9F, 0x1E, 0x3C, 0x78, 0xF9, 0xE1, 0xEF, 0x07, 0xFC, 0x0F, 0xF0, 0x3F, 0x80, 0x7E,
    0x01, 0xF8, 0x03, 0xC0, 0x0F, 0x00, 0x7C, 0x1F, 0xE0, 0x7F, 0x81, 0xFC, 0x07, 0xE0, 0x00, 0xF0,
    0x7F, 0x83, 0xFC, 0x1F, 0xE0, 0xFF, 0x07, 0xF8, 0x3F, 0xC1, 0xFE, 0x0F, 0xF0, 0x7F, 0x83, 0xFC,
    0x1F, 0xE0, 0xFF, 0x07, 0xFF, 0xFF, 0xFF, 0xFF, 0xFF, 0xFF, 0xF0, 0x38, 0x01, 0xC0, 0x0E, 0x00,
    0x00, 0x00, 0x01, 0xE0, 0x00, 0x7C, 0x00, 0x3F, 0x00, 0x0F, 0xC0, 0x03, 0xF8, 0x01, 0xFE, 0x00,
    0x7B, 0xC0, 0x3C, 0xF0, 0x0F, 0x3C, 0x03, 0xCF, 0x81, 0xF1, 0xE0, 0x7F, 0xF8, 0x3F, 0xFF, 0x0F,
    0xFF, 0xC3, 0xFF, 0xF9, 0xF0, 0x3E, 0x7C, 0x0F, 0xBF, 0x01, 0xF0, 0x7F, 0xFF, 0xFF, 0xFF, 0x78,
    0x0F, 0x01, 0xE0, 0x1F, 0xC3, 0xFE, 0x7F, 0xCE, 0x3D, 0xC3, 0xB8, 0x77, 0xFE, 0xFF, 0xDF, 0xFB,
    0xFE, 0x7E, 0x00, 0x00, 0x0F, 0xF8, 0xFF, 0xCE, 0x0E, 0xE0, 0xEE, 0x0E, 0xFF, 0xEF, 0xFC, 0xFF,
    0xCE, 0x1E, 0xE0, 0xFE, 0x0F, 0xFF, 0xFF, 0xFF, 0xFF, 0xEF, 0xFC, 0x00, 0x00, 0xFF, 0xFF, 0xFF,
    0xFF, 0xFF, 0x00, 0xF0, 0x0F, 0x00, 0xF0, 0x0F, 0x00, 0xF0, 0x0F, 0x00, 0xF0, 0x0F, 0x80, 0xF8,
    0x0F, 0x80, 0xF8, 0x0F, 0x80, 0xF8, 0x00, 0x0F, 0xFE, 0x07, 0xFF, 0x03, 0xFF, 0x81, 0xE3, 0xC0,
    0xF1, 0xE0, 0x78, 0xF0, 0x3C, 0x78, 0x1E, 0x3C, 0x0F, 0x1E, 0x07, 0x8F, 0x03, 0xC7, 0x83, 0xC3,
    0xC7, 0xFF, 0xFB, 0xFF, 0xFD, 0xFF, 0xFC, 0xFF, 0xFE, 0x3C, 0x0F, 0x1E, 0x07, 0x80, 0x00, 0x00,
    0x00, 0x17, 0xFF, 0xBF, 0xFD, 0xFF, 0xEF, 0x00, 0x78, 0x03, 0xC0, 0x1E, 0x10, 0xFF, 0xC7, 0xFE,
    0x3F, 0xF1, 0xF0, 0x0F, 0x00, 0x7F, 0xFB, 0xFF, 0xDF, 0xFE, 0xFF, 0xF7, 0xFF, 0xC0, 0x1F, 0x3F,
    0x3E, 0x07, 0xCF, 0xCF, 0x80, 0xFB, 0xF7, 0xC0, 0x3E, 0xFD, 0xF0, 0x07, 0xFF, 0xF8, 0x01, 0xFF,
    0xFC, 0x00, 0x3F, 0xFF, 0x00, 0x07, 0xFF, 0x80, 0x01, 0xFF, 0xE0, 0x00, 0x3F, 0xF0, 0x00, 0x0F,
    0xFC, 0x00, 0x07, 0xFF, 0x80, 0x03, 0xFF, 0xF0, 0x01, 0xFF, 0xFE, 0x00, 0xFF, 0xFF, 0xC0, 0x7F,
    0xFF, 0xF8, 0x7F, 0xBF, 0x7F, 0x3F, 0xCF, 0xCF, 0xE0, 0x1F, 0x0F, 0xF1, 0xFF, 0x39, 0xF0, 0x1E,
    0x07, 0x8F, 0xF1, 0xFC, 0x3F, 0xC0, 0x3C, 0x07, 0xE0, 0xFF, 0xFF, 0xFF, 0xBF, 0xF3, 0xF8, 0xF0,
    0x00, 0xF0, 0x7C, 0xF0, 0x7C, 0xF0, 0xFC, 0xF0, 0xFC, 0xF0, 0xFE, 0xF9, 0xFE, 0xF9, 0xFE, 0xFB,
    0xFE, 0xFB, 0xFE, 0x7F, 0xBE, 0x7F, 0xBE, 0x7F, 0xBE, 0x7F, 0x3E, 0x7F, 0x3E, 0x7E, 0x3E, 0x7E,
    0x3E, 0x7E, 0x3F, 0x00, 0x00, 0x38, 0xE0, 0x3F, 0xE0, 0x3F, 0xE0, 0x1F, 0xC0, 0x00, 0x00, 0x00,
    0x00, 0x00, 0x00, 0x00, 0x00, 0x00, 0x00, 0xF0, 0x00, 0xF0, 0x7C, 0xF0, 0x7C, 0xF0, 0xFC, 0xF0,
    0xFC, 0xF0, 0xFE, 0xF9, 0xFE, 0xF9, 0xFE, 0xFB, 0xFE, 0xFB, 0xFE, 0x7F, 0xBE, 0x7F, 0xBE, 0x7F,
    0xBE, 0x7F, 0x3E, 0x7F, 0x3E, 0x7E, 0x3E, 0x7E, 0x3E, 0x7E, 0x3F, 0x3C, 0xF8, 0x3C, 0xF8, 0x3D,
    0xF0, 0x3D, 0xF0, 0x7F, 0xE0, 0x7F, 0xC0, 0x7F, 0xC0, 0x7F, 0x80, 0x7F, 0x80, 0x7F, 0x00, 0x7F,
    0x00, 0x7F, 0x80, 0x7F, 0xC0, 0xFF, 0xE0, 0xFF, 0xF0, 0xFB, 0xF8, 0xF9, 0xFC, 0xF8, 0xFE, 0x1F,
    0xFC, 0x7F, 0xF1, 0xFF, 0xC7, 0xCF, 0x1F, 0x3C, 0x78, 0xF1, 0xE3, 0xC7, 0x8F, 0x1E, 0x7C, 0x79,
    0xF1, 0xE7, 0xC7, 0x9F, 0x1E, 0x7C, 0xF9, 0xF7, 0xE7, 0xDF, 0x1F, 0x7C, 0x7C, 0x00, 0x00, 0xF8,
    0x1F, 0xF8, 0x3F, 0xFC, 0x3F, 0xFC, 0x7F, 0xFE, 0x7F, 0xFE, 0x7F, 0xFF, 0xFF, 0xFF, 0xFF, 0xFF,
    0xFF, 0xFF, 0xEF, 0xF7, 0xEF, 0xF7, 0xEF, 0xF7, 0xCF, 0xF3, 0xDF, 0xF0, 0x1F, 0xF0, 0x1F, 0xF0,
    0x0F, 0xF8, 0x1E, 0xF8, 0x1E, 0xF8, 0x1E, 0xF8, 0x1E, 0xF8, 0x1E, 0xF8, 0x1E, 0xF8, 0x1E, 0xF8,
    0x1E, 0xF8, 0x1E, 0xF8, 0x1F, 0xFF, 0xFF, 0xFF, 0xFF, 0xFF, 0xFF, 0xFF, 0xFF, 0xFF, 0xFF, 0xF8,
    0x3F, 0xF8, 0x3F, 0xF8, 0x3F, 0x07, 0xF8, 0x07, 0xFF, 0x03, 0xFF, 0xE0, 0xFC, 0xFC, 0x7C, 0x0F,
    0x9E, 0x03, 0xEF, 0x80, 0x7B, 0xE0, 0x1F, 0xF0, 0x07, 0xFC, 0x01, 0xFF, 0x80, 0x7F, 0xE0, 0x3E,
    0xFF, 0xFF, 0x9F, 0xFF, 0xE7, 0xFF, 0xF9, 0xFF, 0xFC, 0x3F, 0xFE, 0x03, 0xFF, 0x00, 0x00, 0x00,
    0xFF, 0xF7, 0xFF, 0xBF, 0xFD, 0xE1, 0xEF, 0x0F, 0x78, 0x7B, 0xC3, 0xDE, 0x1E, 0xF0, 0xF7, 0x87,
    0xBC, 0x3D, 0xE1, 0xEF, 0x0F, 0x78, 0x7B, 0xC3, 0xDE, 0x1E, 0xF0, 0xF0, 0x7F, 0x83, 0xFF, 0x1F,
    0xFC, 0xF3, 0xE7, 0x87, 0xBC, 0x3D, 0xE3, 0xEF, 0xFF, 0x7F, 0xF7, 0xFF, 0xBF, 0xF9, 0xFE, 0x0F,
    0x80, 0x7C, 0x03, 0xE0, 0x1F, 0x00, 0xF8, 0x07, 0xC0, 0x00, 0x00, 0x00, 0x01, 0xFF, 0x07, 0xFE,
    0x0F, 0xFE, 0x1F, 0xFE, 0x3F, 0x86, 0x3E, 0x00, 0x3E, 0x00, 0x7C, 0x00, 0x7C, 0x00, 0x7C, 0x00,
    0x7C, 0x00, 0x7E, 0x00, 0x7F, 0xDE, 0x3F, 0xFE, 0x3F, 0xFE, 0x1F, 0xFE, 0x1F, 0xFE, 0x0F, 0xFE,
    0xFF, 0xFF, 0xFF, 0xFF, 0xFF, 0xFF, 0xFF, 0xFF, 0x03, 0xC0, 0x03, 0xC0, 0x03, 0xC0, 0x03, 0xC0,
    0x03, 0xC0, 0x03, 0xC0, 0x03, 0xC0, 0x03, 0xC0, 0x03, 0xC0, 0x03, 0xC0, 0x03, 0xC0, 0x07, 0xC0,
    0x07, 0xE0, 0x07, 0xE0, 0xF0, 0x3D, 0xE0, 0xE7, 0xC7, 0x8F, 0x1E, 0x3E, 0x78, 0x7B, 0xC1, 0xFF,
    0x03, 0xFC, 0x0F, 0xE0, 0x1F, 0x80, 0x7E, 0x00, 0xF0, 0x03, 0xC0, 0x1F, 0x07, 0xF8, 0x1F, 0xE0,
    0x7F, 0x01, 0xF8, 0x00, 0x00, 0x00, 0x3F, 0xFC, 0x7F, 0xFE, 0x73, 0xCF, 0xE3, 0xC7, 0xE3, 0xC7,
    0xFF, 0xFF, 0x7F, 0xFE, 0x7F, 0xFE, 0x3F, 0xFC, 0x03, 0xC0, 0x03, 0xC0, 0x03, 0xC0, 0x03, 0xC0,
    0x07, 0xC0, 0x07, 0xC0, 0x78, 0x0F, 0x9E, 0x0F, 0x8F, 0x87, 0x83, 0xE7, 0xC1, 0xF7, 0xC0, 0x7F,
    0xE0, 0x3F, 0xE0, 0x0F, 0xE0, 0x03, 0xF0, 0x01, 0xF8, 0x01, 0xFC, 0x01, 0xFF, 0x00, 0xFF, 0xC0,
    0xFF, 0xE0, 0xFD, 0xF8, 0x7C, 0x7E, 0x7E, 0x3F, 0x7E, 0x0F, 0xC0, 0xF0, 0xE7, 0x87, 0x3C, 0x39,
    0xE1, 0xEF, 0x0F, 0x78, 0x7B, 0xC3, 0xDE, 0x1E, 0xF0, 0xF7, 0x87, 0xBC, 0x3D, 0xE1, 0xEF, 0x0F,
    0x7F, 0xFF, 0xFF, 0xFF, 0xFF, 0xFF, 0xF8, 0x03, 0xC0, 0x3E, 0x01, 0xE0, 0x40, 0x07, 0x0E, 0x70,
    0xE7, 0x0E, 0x60, 0xEE, 0x0E, 0xE0, 0xFE, 0x1F, 0xFF, 0xF7, 0xFF, 0x7F, 0xF3, 0xFF, 0x00, 0xF0,
    0x0F, 0x00, 0xF0, 0x0F, 0xF3, 0xDF, 0xE7, 0xBF, 0xCF, 0x7F, 0x9E, 0xFF, 0x3D, 0xFE, 0x7B, 0xFC,
    0xF7, 0xF9, 0xEF, 0xF3, 0xDF, 0xE7, 0xBF, 0xCF, 0x7F, 0x9E, 0xFF, 0x3D, 0xFF, 0xFF, 0xFF, 0xFF,
    0xFF, 0xFF, 0xFF, 0xFE, 0xF0, 0x1E, 0x79, 0xEF, 0x3C, 0xF7, 0x9E, 0x7B, 0xCF, 0x3D, 0xE7, 0x9E,
    0xF3, 0xCF, 0x79, 0xE7, 0xBC, 0xF3, 0xDE, 0x79, 0xEF, 0x3C, 0xF7, 0x9E, 0x7B, 0xCF, 0x3D, 0xE7,
    0xFF, 0xFF, 0xFF, 0xFF, 0xFF, 0xFF, 0xFF, 0xFF, 0x80, 0x07, 0x80, 0x03, 0xC0, 0x01, 0xE0, 0xFF,
    0x00, 0xFF, 0x00, 0xFF, 0x00, 0x07, 0x00, 0x07, 0x00, 0x07, 0x00, 0x07, 0xF0, 0x07, 0xFC, 0x07,
    0xFE, 0x07, 0x1E, 0x07, 0x0F, 0x07, 0x0F, 0x07, 0x1F, 0x07, 0xFE, 0x07, 0xFE, 0x07, 0xFC, 0x00,
    0x01, 0xF0, 0x00, 0x1F, 0xE0, 0x01, 0xFE, 0x00, 0x1F, 0xE0, 0x01, 0xFE, 0x00, 0x1F, 0xE0, 0x01,
    0xFE, 0x00, 0x1F, 0xFE, 0x01, 0xFF, 0xF8, 0x1F, 0xFF, 0xC1, 0xFE, 0x3C, 0x1F, 0xE1, 0xE1, 0xFE,
    0x1E, 0x1F, 0xE3, 0xE1, 0xFF, 0xFC, 0x1F, 0xFF, 0xC1, 0xFF, 0xF8, 0x1F, 0xE0, 0x1C, 0x03, 0x80,
    0x70, 0x0E, 0x01, 0xC0, 0x3F, 0x87, 0xFC, 0xFF, 0xDC, 0x7B, 0x87, 0xF0, 0xFE, 0x3F, 0xFF, 0xBF,
    0xF7, 0xFC, 0x0F, 0xE0, 0x3F, 0xF8, 0x3F, 0xFC, 0x7C, 0x7C, 0xF8, 0x3E, 0xF0, 0x1E, 0x0F, 0xFE,
    0x0F, 0xFE, 0x0F, 0xFF, 0x00, 0x1E, 0x00, 0x1E, 0xFE, 0x7E, 0xFF, 0xFE, 0xFF, 0xFE, 0x7F, 0xFC,
    0x7F, 0xFC, 0x1F, 0xF0, 0x00, 0x00, 0x60, 0xFC, 0x79, 0xFF, 0x3D, 0xFF, 0xDE, 0xFB, 0xEF, 0x78,
    0x77, 0xF8, 0x3F, 0xFC, 0x1F, 0xFE, 0x0F, 0xFF, 0x07, 0xFF, 0x83, 0xFF, 0xC1, 0xFD, 0xFB, 0xFE,
    0x7F, 0xF7, 0x3F, 0xFB, 0x8F, 0xF9, 0xC3, 0xF8, 0x0F, 0xF8, 0x7F, 0xE3, 0xFF, 0x8F, 0x0E, 0x3C,
    0x38, 0xF0, 0xE3, 0xC3, 0x8F, 0xFF, 0x1F, 0xFC, 0x7F, 0xF1, 0xFF, 0xCF, 0xBF, 0x3C, 0x7D, 0xF1,
    0xF7, 0xC7, 0xDF, 0x1F, 0xFC, 0x7F, 0xF1, 0xF0, 0x00, 0x03, 0xFE, 0x7F, 0xE7, 0xFE, 0xF1, 0xEE,
    0x1E, 0xE0, 0xEE, 0x0E, 0xE1, 0xEF, 0xFF, 0xFF, 0xF7, 0xFF, 0x3F, 0xF0, 0x00, 0x00, 0x00, 0x80,
    0x3C, 0x1F, 0xE3, 0xFE, 0x3F, 0xF1, 0xF0, 0x1E, 0x00, 0xFF, 0xC7, 0xFF, 0x3F, 0xFD, 0xFB, 0xEF,
    0x8F, 0xF8, 0x7F, 0xC3, 0xFF, 0xBF, 0x7F, 0xF3, 0xFF, 0x8F, 0xF8, 0x1F, 0x00, 0xFF, 0x1F, 0xF3,
    0x8E, 0x70, 0xEF, 0x79, 0xFF, 0x3F, 0xF7, 0x1E, 0xF3, 0xFF, 0xFF, 0xFF, 0x7F, 0xC0, 0xFF, 0xDF,
    0xFF, 0xFF, 0xF8, 0x0F, 0x01, 0xE0, 0x3C, 0x07, 0x80, 0xF0, 0x1E, 0x03, 0xE0, 0x7C, 0x0F, 0x80,
    0x07, 0xF8, 0x0F, 0xF0, 0x3F, 0xE0, 0x7B, 0xC0, 0xF7, 0x81, 0xEF, 0x03, 0xDE, 0x0F, 0xBC, 0x3E,
    0x78, 0xFF, 0xFD, 0xFF, 0xFB, 0xFF, 0xF7, 0xFF, 0xE7, 0x87, 0x80, 0x00, 0x00, 0x1F, 0x83, 0xFC,
    0x7F, 0xEF, 0xFE, 0xFF, 0xFF, 0xFF, 0xFC, 0x0F, 0x01, 0xFF, 0xF7, 0xFF, 0x3F, 0xF1, 0xFE, 0x3E,
    0x7E, 0x7C, 0x1F, 0x7E, 0xF8, 0x1F, 0x7C, 0xF0, 0x0F, 0xBD, 0xF0, 0x07, 0xFF, 0xE0, 0x03, 0xFF,
    0xC0, 0x03, 0xFF, 0xC0, 0x01, 0xFF, 0x80, 0x00, 0xFF, 0x00, 0x01, 0xFF, 0x80, 0x07, 0xFF, 0xE0,
    0x0F, 0xFF, 0xF0, 0x1F, 0xFF, 0xF8, 0x3F, 0xFF, 0xFC, 0xFF, 0x7E, 0xFF, 0x7C, 0xFE, 0x06, 0x06,
    0x3E, 0x7E, 0x0E, 0x6F, 0xFE, 0xFE, 0xFC, 0xE0, 0xFE, 0x1F, 0xE3, 0xFE, 0x3F, 0xE7, 0xFE, 0xFF,
    0xFF, 0xFF, 0xEF, 0xFE, 0xFF, 0xCF, 0xF8, 0xFF, 0x8F, 0xF0, 0xF0, 0x00, 0x1F, 0x7B, 0xFF, 0x3F,
    0xC3, 0xF0, 0x00, 0x00, 0x00, 0x00, 0x71, 0xCE, 0x3D, 0xCF, 0xB9, 0xF7, 0x7E, 0xEF, 0xDF, 0xFB,
    0xFF, 0x7F, 0xEF, 0xBD, 0xF7, 0xBC, 0xF0, 0x3B, 0xE3, 0xDE, 0x1F, 0xE0, 0xFF, 0x07, 0xF0, 0x3F,
    0x01, 0xF0, 0x0F, 0xC0, 0x7F, 0x03, 0xFE, 0x3D, 0xF9, 0xE7, 0xE0, 0x3F, 0xCF, 0xF3, 0xDC, 0xF7,
    0x39, 0xCE, 0x73, 0x9C, 0xE7, 0x39, 0xCE, 0x77, 0xBD, 0xE7, 0x00, 0x00, 0x78, 0x7B, 0xE1, 0xEF,
    0x8F, 0xBF, 0x3E, 0xFD, 0xFB, 0xFF, 0xEF, 0xFF, 0xBF, 0xFE, 0xFF, 0xFB, 0xFF, 0xEF, 0x7F, 0xBD,
    0xFE, 0xF7, 0x78, 0x70, 0x73, 0x83, 0x9C, 0x1E, 0xE0, 0xF7, 0x07, 0xB8, 0x3F, 0xE1, 0xFF, 0xFF,
    0xFF, 0xFF, 0xFF, 0xFF, 0xFF, 0xF1, 0xFF, 0x8F, 0x80, 0x1F, 0x87, 0xFC, 0x7F, 0xEF, 0x0F, 0xF0,
    0xFF, 0x0F, 0xF0, 0xFF, 0xFF, 0xFF, 0xF7, 0xFE, 0x7F, 0xC1, 0xF8, 0xFF, 0xFF, 0xFF, 0xFF, 0xFF,
    0x0F, 0xF0, 0xFF, 0x0F, 0xF0, 0xFF, 0x0F, 0xF0, 0xFF, 0x0F, 0xF0, 0xFF, 0x0F, 0xF0, 0xF0, 0x03,
    0x81, 0xFF, 0x87, 0xFF, 0x1F, 0xDE, 0x7E, 0x38, 0xF0, 0xE3, 0xC1, 0xCF, 0x07, 0x3C, 0x3D, 0xFF,
    0xE7, 0xFF, 0x9F, 0xFE, 0x7F, 0xF1, 0xEF, 0x07, 0x80, 0x3E, 0x00, 0xF8, 0x03, 0xC0, 0x0F, 0x00,
    0x00, 0x00, 0x03, 0xF0, 0xFE, 0x3F, 0xCF, 0x01, 0xE0, 0x3C, 0x07, 0x80, 0xF0, 0x1F, 0x21, 0xFE,
    0x3F, 0xE1, 0xFC, 0xFF, 0xFF, 0xFF, 0xFF, 0xFE, 0x1E, 0x00, 0xF0, 0x07, 0x80, 0x3C, 0x01, 0xE0,
    0x0F, 0x00, 0x78, 0x03, 0xC0, 0x1E, 0x00, 0xF0, 0x00, 0xF0, 0x79, 0xE1, 0xE7, 0x87, 0x9F, 0x3C,
    0x3C, 0xF0, 0xFB, 0xC1, 0xFE, 0x07, 0xF8, 0x0F, 0xE0, 0x3F, 0x00, 0x7C, 0x01, 0xF0, 0x07, 0xC0,
    0x1E, 0x07, 0xF8, 0x1F, 0xC0, 0x7F, 0x01, 0xF0, 0x00, 0x00, 0xC0, 0x07, 0xFF, 0x83, 0xFF, 0xF1,
    0xF7, 0xFE, 0x79, 0xE7, 0x9C, 0x78, 0xE7, 0x1E, 0x3D, 0xC7, 0x8E, 0x79, 0xE7, 0x9F, 0xFF, 0xE3,
    0xFF, 0xF0, 0x7F, 0xF8, 0x01, 0xE0, 0x00, 0x78, 0x00, 0x1E, 0x00, 0x07, 0x80, 0x01, 0xE0, 0x00,
    0x78, 0x3C, 0x78, 0xF0, 0xFB, 0xE0, 0xFF, 0x80, 0xFE, 0x01, 0xFC, 0x01, 0xF0, 0x07, 0xF0, 0x1F,
    0xE0, 0x3F, 0xE0, 0xFB, 0xE3, 0xE3, 0xEF, 0x87, 0xC0, 0xF1, 0xE7, 0x8F, 0x3C, 0x39, 0xE1, 0xCF,
    0x0E, 0x78, 0x73, 0xC3, 0x9E, 0x1C, 0xF0, 0xE7, 0xFF, 0xFF, 0xFF, 0xFF, 0xF7, 0xFF, 0x80, 0x3C,
    0x03, 0xC0, 0xC6, 0xC7, 0xC7, 0xC7, 0xC7, 0xEF, 0xFF, 0x7F, 0x07, 0x07, 0x07, 0xF3, 0xDF, 0xE7,
    0xBF, 0xCF, 0x7F, 0x9E, 0xFF, 0x3D, 0xFE, 0x7B, 0xFC, 0xF7, 0xF9, 0xEF, 0xF3, 0xDF, 0xFF, 0xFF,
    0xFF, 0xFF, 0xFF, 0xFF, 0xFF, 0xE0, 0xF3, 0xDE, 0x79, 0xEF, 0x3C, 0xF7, 0x9E, 0x7B, 0xCF, 0x3D,
    0xE7, 0x9E, 0xF3, 0xCF, 0x79, 0xE7, 0xBC, 0xF3, 0xDE, 0x7F, 0xFF, 0xFF, 0xFF, 0xFF, 0xFF, 0xFF,
    0xFF, 0xF0, 0x00, 0x78, 0x00, 0x3C, 0x00, 0x1E, 0xFC, 0x0F, 0xC0, 0x0C, 0x00, 0xC0, 0x0C, 0x00,
    0xFE, 0x1F, 0xE1, 0xCF, 0x1C, 0x71, 0xFF, 0x1F, 0xE1, 0xFE, 0x00, 0x0E, 0x00, 0x0F, 0x60, 0x0F,
    0x60, 0x0F, 0x60, 0x0F, 0x60, 0x0F, 0xE0, 0x0F, 0xFE, 0x0F, 0xFF, 0x0F, 0xE7, 0x8F, 0xE3, 0x8F,
    0xFF, 0x8F, 0xFF, 0x0F, 0xFF, 0x0F, 0x60, 0x30, 0x18, 0x0C, 0x06, 0x03, 0xFB, 0xFD, 0xCF, 0xE3,
    0xFF, 0xFF, 0xFF, 0xE0, 0x3E, 0x1F, 0xF3, 0xDF, 0x00, 0xE0, 0x1E, 0x3F, 0xCF, 0xF8, 0x0F, 0x41,
    0xFF, 0xFB, 0xFE, 0x3F, 0x80, 0xE7, 0xE3, 0xBF, 0xCE, 0xFF, 0xBF, 0x8E, 0xFC, 0x3B, 0xF0, 0xEF,
    0xC3, 0xBF, 0x0E, 0xFF, 0xFB, 0xFF, 0xEE, 0xFF, 0x31, 0xF8, 0x0F, 0xF0, 0xFF, 0x8F, 0x1C, 0x70,
    0xE3, 0x87, 0x1F, 0xF8, 0x7F, 0xC3, 0xFE, 0x3D, 0xF1, 0xE7, 0x9F, 0x3C, 0xF9, 0xE7, 0xCF, 0x80,
    0x3C, 0x03, 0xE0, 0x1F, 0x00, 0xFC, 0x00, 0x00, 0x00, 0x00, 0x00, 0x00, 0x00, 0x00, 0x00, 0x1F,
    0x83, 0xFC, 0x7F, 0xEF, 0xFE, 0xFF, 0xFF, 0xFF, 0xFC, 0x0F, 0x01, 0xFF, 0xF7, 0xFF, 0x3F, 0xF1,
    0xFE, 0x39, 0xC3, 0xDE, 0x7F, 0xE7, 0xFE, 0x00, 0x00, 0x00, 0x00, 0x00, 0x00, 0x00, 0x01, 0xF8,
    0x3F, 0xC7, 0xFE, 0xFF, 0xEF, 0xFF, 0xFF, 0xFF, 0xC0, 0xF0, 0x1F, 0xFF, 0x7F, 0xF3, 0xFF, 0x1F,
    0xE0, 0x0F, 0x00, 0x0F, 0x00, 0x7F, 0xC0, 0xFF, 0xC0, 0xFF, 0x80, 0x0F, 0x00, 0x0F, 0xF8, 0x0F,
    0xFC, 0x1F, 0xFE, 0x1F, 0x1E, 0x1E, 0x0E, 0x1E, 0x0E, 0x1E, 0x0E, 0x1E, 0x1E, 0x1E, 0x1E, 0x1F,
    0x1F, 0x1F, 0x7F, 0x1F, 0x7F, 0x00, 0x7E, 0x00, 0x7C, 0x00, 0x70, 0x0E, 0x01, 0xC0, 0x78, 0x0E,
    0x01, 0xC1, 0xFF, 0xBF, 0xFF, 0xFF, 0xF0, 0x1E, 0x03, 0xC0, 0x78, 0x0F, 0x01, 0xE0, 0x3C, 0x07,
    0xC0, 0xF8, 0x1F, 0x00, 0x1F, 0x83, 0xFC, 0x79, 0xE7, 0x0E, 0x7F, 0x8F, 0xF8, 0xF0, 0x07, 0x9F,
    0x7F, 0xE7, 0xFE, 0x3F, 0xC0, 0xF8, 0x00, 0x01, 0xFC, 0x3F, 0xC7, 0x8C, 0x38, 0x03, 0xF8, 0x1F,
    0xE0, 0x7F, 0x10, 0xF3, 0xFF, 0x7F, 0xFF, 0xFE, 0x7F, 0xC0, 0x00, 0x79, 0xE7, 0xBE, 0xF8, 0x00,
    0x1E, 0x79, 0xE7, 0x9E, 0x79, 0xE7, 0x9E, 0x79, 0xE7, 0x80, 0x73, 0xBD, 0xEF, 0xFF, 0xFF, 0x00,
    0x00, 0x01, 0xE0, 0x78, 0x1E, 0x07, 0x81, 0xE0, 0x78, 0x1E, 0x07, 0x81, 0xE0, 0x78, 0x1E, 0x07,
    0x80, 0x0E, 0x0E, 0x1E, 0x1E, 0x00, 0x00, 0x00, 0x0E, 0x1E, 0x1E, 0x1E, 0x1E, 0x1E, 0x1E, 0x1E,
    0x1E, 0x1E, 0x1E, 0x1C, 0x1C, 0x7C, 0xFC, 0xFC, 0xFC, 0xF0, 0x3F, 0x80, 0x7F, 0x00, 0xC6, 0x01,
    0x8C, 0x03, 0x1F, 0x86, 0x3F, 0x8C, 0x67, 0x18, 0xCE, 0x31, 0x9C, 0xE3, 0xFB, 0xC7, 0xE7, 0x80,
    0x00, 0x00, 0x00, 0x00, 0x03, 0x8C, 0x0E, 0x38, 0x38, 0xE0, 0xE3, 0x83, 0xFF, 0xCF, 0xFF, 0xB8,
    0xEF, 0xE3, 0x9F, 0x8E, 0xFE, 0x3F, 0xF8, 0xFE, 0x0F, 0x00, 0x0F, 0x00, 0x7F, 0xC0, 0xFF, 0xC0,
    0xFF, 0x80, 0x0F, 0x00, 0x0F, 0xF8, 0x0F, 0xFC, 0x1F, 0xFE, 0x1F, 0x1E, 0x1E, 0x0E, 0x1E, 0x0E,
    0x1E, 0x0E, 0x1E, 0x1E, 0x1E, 0x1E, 0x1F, 0x1E, 0x1F, 0x1E, 0x1F, 0x1E, 0x03, 0x80, 0x38, 0x01,
    0xC0, 0x1E, 0x00, 0xE0, 0x00, 0x00, 0xEF, 0x8F, 0x78, 0x7F, 0x83, 0xFC, 0x1F, 0xC0, 0xFC, 0x07,
    0xC0, 0x3F, 0x01, 0xFC, 0x0F, 0xF8, 0xF7, 0xE7, 0x9F, 0x80, 0x3C, 0x01, 0xE0, 0x0F, 0x80, 0x7C,
    0x00, 0x00, 0x00, 0x00, 0x0E, 0x0F, 0xE1, 0xFE, 0x3F, 0xE3, 0xFE, 0x7F, 0xEF, 0xFF, 0xFF, 0xFE,
    0xFF, 0xEF, 0xFC, 0xFF, 0x8F, 0xF8, 0xFF, 0x0F, 0x00, 0x00, 0xF3, 0xC3, 0xFF, 0x07, 0xF8, 0x0F,
    0xC0, 0x00, 0x00, 0x00, 0x00, 0x00, 0x00, 0x00, 0x00, 0x0F, 0x07, 0x9E, 0x1E, 0x78, 0x79, 0xF3,
    0xC3, 0xCF, 0x0F, 0xBC, 0x1F, 0xE0, 0x7F, 0x80, 0xFE, 0x03, 0xF0, 0x07, 0xC0, 0x1F, 0x00, 0x7C,
    0x01, 0xE0, 0x7F, 0x81, 0xFC, 0x07, 0xF0, 0x1F, 0x00, 0xE1, 0xF8, 0x7E, 0x1F, 0x87, 0xE1, 0xF8,
    0x7E, 0x1F, 0x87, 0xE1, 0xFF, 0xFF, 0xFF, 0xFF, 0x0E, 0x03, 0x80, 0xE0, 0x0E, 0x00, 0x3C, 0x03,
    0xFF, 0xC7, 0xFF, 0x8F, 0xFE, 0x03, 0xC0, 0x07, 0xC0, 0x0F, 0xF8, 0x1F, 0xFC, 0x3F, 0xF8, 0x7C,
    0x70, 0xF8, 0xF1, 0xFF, 0xE1, 0xFF, 0xC3, 0xFF, 0x07, 0xFE, 0x07, 0xF8, 0x00, 0x00, 0x0E, 0x00,
    0x3C, 0x00, 0x78, 0x00, 0xF0, 0x07, 0xFE, 0x1F, 0xFC, 0x1F, 0xF8, 0x0F, 0xF0, 0x1F, 0xF8, 0x3F,
    0xF8, 0x7C, 0x70, 0xF8, 0xF1, 0xFF, 0xE1, 0xFF, 0xC3, 0xFF, 0x07, 0xFE, 0x07, 0xF8, 0x00, 0x00,
    0x1F, 0xFF, 0xC3, 0xFF, 0xFC, 0x3F, 0xFF, 0xC3, 0xFF, 0xFC, 0x1F, 0x8F, 0xC0, 0xF9, 0xF8, 0x07,
    0xFF, 0x00, 0x3F, 0xC0, 0x07, 0xFE, 0x00, 0xFF, 0xF0, 0x1F, 0xFF, 0x81, 0xEF, 0x78, 0x3C, 0xF7,
    0xC3, 0xCF, 0x3C, 0x3C, 0xF3, 0xC7, 0xCF, 0x3E, 0x7D, 0xF3, 0xE0, 0x3F, 0xF8, 0xFF, 0xE3, 0xFF,
    0x8F, 0xBE, 0x1F, 0xF0, 0x3F, 0x81, 0xFE, 0x0F, 0xFC, 0x3B, 0xF8, 0xEE, 0xE7, 0x3B, 0x9D, 0xEF,
    0x00, 0x1E, 0x3F, 0x1F, 0x3F, 0xDF, 0x7F, 0xFF, 0x7B, 0xFE, 0x79, 0xFE, 0x79, 0xFC, 0x3F, 0xF8,
    0x3F, 0xF8, 0x7F, 0xFC, 0x7E, 0xFC, 0xF8, 0x3E, 0xF8, 0x3E, 0xF8, 0x3E, 0xF0, 0x1E, 0xF8, 0x3E,
    0xF8, 0x3E, 0xFF, 0xFE, 0xFF, 0xFE, 0x7F, 0xFC, 0x3F, 0xFC, 0x3F, 0xF8, 0x0F, 0xE0, 0x1C, 0x03,
    0xF3, 0x9F, 0xDC, 0xEF, 0xE7, 0x3F, 0x3F, 0xF0, 0xFF, 0x0F, 0xFC, 0xF0, 0xF7, 0x87, 0xBC, 0x3D,
    0xE1, 0xEF, 0xFF, 0x7F, 0xF9, 0xFF, 0x8F, 0xF8, 0x1F, 0x80, 0x00, 0x00, 0x00, 0x00, 0x1F, 0x00,
    0x03, 0xF0, 0x00, 0x3F, 0xF8, 0x07, 0xEF, 0x80, 0x78, 0x78, 0x0F, 0x87, 0xC0, 0xF0, 0x7C, 0x1F,
    0x03, 0xE1, 0xF0, 0x3E, 0x3F, 0x03, 0xE3, 0xE0, 0x1F, 0x3E, 0x01, 0xF7, 0xE0, 0x1F, 0xFC, 0x00,
    0xFF, 0xC0, 0x0F, 0xFC, 0x00, 0xFF, 0x80, 0x0F, 0xF8, 0x00, 0x7F, 0x80, 0x07, 0xF0, 0x00, 0x7F,
    0x00, 0x00, 0x00, 0x00, 0xF0, 0x03, 0xF8, 0x1F, 0xF0, 0x71, 0xC3, 0xC7, 0x8E, 0x1E, 0x78, 0x3D,
    0xE0, 0xFF, 0x03, 0xFC, 0x07, 0xF0, 0x1F, 0x80, 0x7E, 0x00, 0xF8, 0x00, 0x07, 0x03, 0x9F, 0xDF,
    0xFF, 0xF8, 0x38, 0x1C, 0x0E, 0x00, 0xF0, 0x0F, 0xFF, 0xFF, 0xFF, 0xFF, 0xFF, 0x00, 0xF0, 0x0F,
    0x00, 0xF0, 0x0F, 0x00, 0xF0, 0x0F, 0x00, 0xF0, 0x0F, 0x80, 0xF8, 0x0F, 0x80, 0xF8, 0x0F, 0x80,
    0xF8, 0x00, 0x01, 0xE0, 0x3C, 0x07, 0xFF, 0xFF, 0xFF, 0xFF, 0xFC, 0x07, 0x80, 0xF0, 0x1E, 0x03,
    0xC0, 0x78, 0x0F, 0x01, 0xF0, 0x3E, 0x07, 0xC0, 0x3F, 0xFC, 0xFF, 0xF3, 0xFF, 0xCF, 0x00, 0x3C,
    0x03, 0xFF, 0xEF, 0xFF, 0xBF, 0xFE, 0x3C, 0x00, 0xF0, 0x03, 0xC0, 0x0F, 0x80, 0x3E, 0x00, 0xF8,
    0x03, 0xE0, 0x0F, 0x80, 0x3E, 0x00, 0x3F, 0xCF, 0xF3, 0x80, 0xE0, 0xFF, 0xBF, 0xE7, 0x81, 0xE0,
    0x78, 0x1E, 0x07, 0x80, 0x00, 0x03, 0xFF, 0xEF, 0xFF, 0x9F, 0xFE, 0x78, 0x01, 0xE0, 0x07, 0x80,
    0x1E, 0x00, 0x7F, 0xE1, 0xFF, 0xC7, 0xFF, 0x9F, 0x1E, 0x78, 0x39, 0xE0, 0xF7, 0x83, 0xDE, 0x1E,
    0x79, 0xF9, 0xE7, 0xE7, 0x9F, 0x00, 0x00, 0xFC, 0xFC, 0xE0, 0xE0, 0xFC, 0xFE, 0xE7, 0xE7, 0xE7,
    0xEF, 0xEE, 0x00, 0x3F, 0x3F, 0x8F, 0x83, 0xE7, 0xF3, 0xE0, 0x3E, 0xFE, 0xF8, 0x07, 0xDF, 0xDF,
    0x00, 0x7F, 0xFF, 0xC0, 0x0F, 0xFF, 0xF8, 0x00, 0xFF, 0xFE, 0x00, 0x0F, 0xFF, 0xC0, 0x01, 0xFF,
    0xF0, 0x00, 0x1F, 0xFC, 0x00, 0x03, 0xFF, 0x80, 0x00, 0xFF, 0xF8, 0x00, 0x3F, 0xFF, 0x80, 0x0F,
    0xFF, 0xF8, 0x03, 0xFF, 0xFF, 0x80, 0xFE, 0xFB, 0xFC, 0x7F, 0x9F, 0x3F, 0xDF, 0xE3, 0xE3, 0xFC,
    0x00, 0x00, 0x1C, 0x00, 0x00, 0x03, 0x80, 0x00, 0x00, 0x70, 0x00, 0x00, 0x0E, 0x00, 0x3D, 0xF3,
    0x83, 0xBE, 0xF0, 0x7F, 0xFC, 0x07, 0xFF, 0x80, 0xFF, 0xE0, 0x0F, 0xF8, 0x00, 0xFF, 0x00, 0x3F,
    0xE0, 0x0F, 0xFE, 0x03, 0xFF, 0xE0, 0xFB, 0xFF, 0x3E, 0x7B, 0xF0, 0x00, 0x18, 0x00, 0x03, 0x00,
    0x00, 0x60, 0x1F, 0x0F, 0xF1, 0xFF, 0x39, 0xF0, 0x1E, 0x07, 0x8F, 0xF1, 0xFC, 0x3F, 0xC0, 0x3C,
    0x07, 0xE0, 0xFF, 0xFF, 0xFF, 0xBF, 0xF3, 0xF8, 0x1E, 0x03, 0xC0, 0x78, 0x00, 0x7C, 0xFE, 0x06,
    0x06, 0x3E, 0x7E, 0x0E, 0x47, 0xFE, 0xFE, 0xFC, 0x70, 0x78, 0x7C, 0x7C, 0x7C, 0x78, 0x3C, 0xF8,
    0x1E, 0x7C, 0x0F, 0x7C, 0x07, 0xBE, 0x07, 0xFE, 0x03, 0xFE, 0x01, 0xFF, 0x00, 0xFF, 0x00, 0x7F,
    0x80, 0x3F, 0x80, 0x1F, 0xC0, 0x0F, 0xF0, 0x07, 0xFC, 0x07, 0xFF, 0x03, 0xFF, 0xC1, 0xF7, 0xF0,
    0xF9, 0xFF, 0x7C, 0x7F, 0xC0, 0x01, 0xE0, 0x00, 0xF0, 0x00, 0x78, 0x00, 0x00, 0x3B, 0xC7, 0xF8,
    0x77, 0x07, 0xF0, 0x7E, 0x07, 0xE0, 0x7C, 0x07, 0xE0, 0x7F, 0x07, 0xF8, 0xFF, 0xCF, 0x7F, 0x00,
    0x70, 0x07, 0x00, 0x00, 0x00, 0x00, 0x03, 0x80, 0x7C, 0x38, 0x0F, 0x83, 0x80, 0xF8, 0x78, 0x1F,
    0x07, 0xBB, 0xE0, 0x7B, 0xBE, 0x07, 0xBF, 0xC0, 0x7F, 0xFC, 0x07, 0xFF, 0x80, 0x7F, 0xF8, 0x07,
    0xFF, 0xC0, 0x7F, 0xFE, 0x07, 0xFF, 0xF0, 0x7F, 0xBF, 0x8F, 0x81, 0xFC, 0xF8, 0x0F, 0xEF, 0x80,
    0x7F, 0x20, 0x01, 0xC3, 0xC6, 0x0E, 0x18, 0x78, 0xFF, 0xC3, 0xFF, 0x0F, 0xF8, 0x3F, 0xE0, 0xFF,
    0xC3, 0xFF, 0x8E, 0x1F, 0x38, 0x3E, 0x3C, 0xF8, 0xFE, 0xF8, 0xFF, 0xF0, 0x3D, 0xF0, 0x7F, 0xE0,
    0x7F, 0xC0, 0x7F, 0xC0, 0x7F, 0x80, 0x7F, 0x80, 0x7F, 0x00, 0x7F, 0x00, 0x7F, 0x80, 0x7F, 0xC0,
    0xFF, 0xE0, 0xFF, 0xF0, 0xFB, 0xF8, 0xF9, 0xFC, 0xF8, 0xFE, 0x1E, 0x01, 0xFF, 0x03, 0xFE, 0x07,
    0xFC, 0x01, 0xC0, 0x03, 0x80, 0x07, 0x38, 0x1E, 0xF0, 0x3F, 0xC0, 0x7F, 0x80, 0xFE, 0x01, 0xF8,
    0x03, 0xF8, 0x07, 0xF8, 0x0F, 0xF8, 0x1F, 0xF8, 0x3D, 0xF8, 0x79, 0xFC, 0xFF, 0x9F, 0x1F, 0xF3,
    0xE3, 0xFE, 0xF8, 0x03, 0xDF, 0x00, 0xFF, 0xC0, 0x1F, 0xF0, 0x03, 0xFE, 0x00, 0x7F, 0x80, 0x0F,
    0xF0, 0x01, 0xFC, 0x00, 0x3F, 0x80, 0x07, 0xF8, 0x00, 0xFF, 0x80, 0x3F, 0xF8, 0x07, 0xFF, 0x80,
    0xFB, 0xF8, 0x1F, 0x3F, 0x83, 0xE3, 0xF8, 0xFD, 0xE7, 0xEF, 0x07, 0xF0, 0x3F, 0x01, 0xF8, 0x0F,
    0x80, 0x7C, 0x07, 0xE0, 0x3F, 0x81, 0xFE, 0x0F, 0xF8, 0x7B, 0xF0, 0xF8, 0x1E, 0x7C, 0x0F, 0x3E,
    0x07, 0x9F, 0x03, 0xCF, 0x81, 0xE7, 0xC0, 0xF3, 0xE0, 0x79, 0xF0, 0x3C, 0xF8, 0x1F, 0x7C, 0x0F,
    0xBF, 0xFF, 0xDF, 0xFF, 0xEF, 0xFF, 0xF7, 0xFF, 0xFB, 0xFF, 0xFD, 0xF0, 0x7E, 0xF8, 0x3F, 0xFC,
    0x1F, 0xC0, 0x01, 0xE0, 0x00, 0xF0, 0x00, 0x78, 0xE1, 0xEE, 0x1E, 0xF1, 0xEF, 0x1E, 0xF1, 0xEF,
    0x1E, 0xFF, 0xEF, 0xFE, 0xFF, 0xEF, 0x1E, 0xF1, 0xFF, 0x1F, 0x00, 0x70, 0x07, 0xF8, 0x1F, 0xFF,
    0xF0, 0x3F, 0xFF, 0xE0, 0x7F, 0xFF, 0xC0, 0xF0, 0x0F, 0x81, 0xE0, 0x1F, 0x03, 0xC0, 0x3E, 0x07,
    0x80, 0x7C, 0x0F, 0x00, 0xF8, 0x1E, 0x01, 0xFF, 0xFE, 0x03, 0xFF, 0xFC, 0x07, 0xFF, 0xF8, 0x0F,
    0xFF, 0xF0, 0x1F, 0xFF, 0xE0, 0x3E, 0x0F, 0xC0, 0x7C, 0x1F, 0x80, 0xF8, 0x3F, 0x01, 0xF0, 0x7E,
    0x00, 0xE1, 0xFF, 0xF1, 0xFF, 0xF1, 0xE0, 0xF1, 0xE0, 0xF1, 0xE0, 0xF1, 0xE0, 0xF1, 0xE0, 0xFF,
    0xE0, 0xFF, 0xE0, 0xFF, 0xE0, 0xF1, 0xE0, 0xF1, 0xE0, 0x7F, 0xF8, 0x01, 0xFF, 0xF8, 0x03, 0xFF,
    0xF0, 0x07, 0xFF, 0xE0, 0x0F, 0x07, 0xC0, 0x1E, 0x0F, 0x80, 0x3C, 0x1F, 0x00, 0x78, 0x3E, 0x00,
    0xF0, 0x7F, 0xF1, 0xE0, 0xFF, 0xF3, 0xC1, 0xFF, 0xF7, 0x83, 0xF1, 0xEF, 0x07, 0xC3, 0xDE, 0x0F,
    0x83, 0xBC, 0x1F, 0x07, 0x78, 0x3E, 0x1E, 0xF8, 0x7C, 0xFD, 0xF0, 0xF9, 0xFB, 0xE3, 0xF3, 0xE0,
    0x00, 0x00, 0x00, 0x00, 0x00, 0x0F, 0xFF, 0x00, 0xFF, 0xF0, 0x0F, 0xFF, 0x00, 0xF1, 0xF0, 0x0F,
    0x1F, 0x00, 0xF1, 0xF0, 0x0F, 0x1F, 0x00, 0xF1, 0xF0, 0x0F, 0x1F, 0x00, 0xF1, 0xFF, 0x8F, 0x1F,
    0xFC, 0xF1, 0xFF, 0xE0, 0x1F, 0x1E, 0x01, 0xE0, 0xE0, 0x1E, 0x0F, 0x01, 0xE0, 0xF0, 0x1E, 0x3E,
    0x01, 0xE7, 0xE0, 0x1E, 0x7E, 0x01, 0xE7, 0xC0, 0x00, 0x00, 0x00, 0x00, 0x00, 0x1C, 0x00, 0x03,
    0xF3, 0xE0, 0x7F, 0xFF, 0x83, 0xFF, 0xFE, 0x3F, 0x7D, 0xF1, 0xE3, 0xC3, 0x9F, 0x3C, 0x3C, 0xF1,
    0xE1, 0xE7, 0x8F, 0x1F, 0x3C, 0x79, 0xF1, 0xF3, 0xFF, 0xCF, 0xCF, 0xFF, 0x3F, 0xFF, 0xF9, 0xFF,
    0xFF, 0xC7, 0xFF, 0xF8, 0x0F, 0xE6, 0x00, 0x00, 0x00, 0x07, 0x80, 0x07, 0xDF, 0x87, 0xFF, 0xC7,
    0xDF, 0xF3, 0xCE, 0x39, 0xCE, 0x1C, 0xE7, 0x1C, 0x73, 0xDE, 0x3D, 0xFF, 0x9F, 0x7F, 0xCF, 0xFF,
    0xF3, 0xFF, 0xE0, 0x7E, 0x00, 0x00, 0x00, 0x01, 0xFF, 0x07, 0xFE, 0x0F, 0xFE, 0x1F, 0xFE, 0x3F,
    0x86, 0x3E, 0x00, 0x3E, 0x00, 0x7C, 0x00, 0x7C, 0x00, 0x7C, 0x00, 0x7C, 0x00, 0x7E, 0x00, 0x7F,
    0xDE, 0x3F, 0xFE, 0x3F, 0xFE, 0x1F, 0xFE, 0x0F, 0xFE, 0x07, 0xFE, 0x03, 0xC0, 0x07, 0xC0, 0x07,
    0xC0, 0x00, 0x03, 0xF0, 0xFE, 0x3F, 0xCF, 0x01, 0xE0, 0x3C, 0x07, 0x80, 0xF0, 0x1F, 0x61, 0xFE,
    0x3F, 0xE7, 0xFC, 0xF8, 0x1F, 0x00, 0x00, 0x7F, 0xFF, 0xBF, 0xFF, 0xDF, 0xFF, 0xEF, 0xFF, 0xE0,
    0x3E, 0x00, 0x1F, 0x00, 0x0F, 0x80, 0x07, 0xC0, 0x03, 0xE0, 0x01, 0xF0, 0x00, 0xF8, 0x00, 0x7C,
    0x00, 0x3E, 0x00, 0x1F, 0x00, 0x0F, 0x80, 0x07, 0xC0, 0x03, 0xF8, 0x01, 0xFC, 0x00, 0x0E, 0x00,
    0x07, 0x00, 0x03, 0x80, 0xFF, 0xEF, 0xFE, 0xFF, 0xE0, 0xE0, 0x0E, 0x00, 0xF0, 0x0F, 0x00, 0xF0,
    0x0F, 0x00, 0xF0, 0x0F, 0x80, 0xF8, 0x03, 0x80, 0x38, 0xF8, 0x0F, 0x3C, 0x0F, 0x9F, 0x07, 0x87,
    0x87, 0xC3, 0xE3, 0xC1, 0xF3, 0xE0, 0x7D, 0xE0, 0x3F, 0xF0, 0x0F, 0xF0, 0x07, 0xF8, 0x01, 0xFC,
    0x00, 0xFC, 0x00, 0x3E, 0x00, 0x1F, 0x00, 0x1F, 0x80, 0x0F, 0xC0, 0x07, 0xE0, 0x03, 0xF0, 0x00,
    0x00, 0x03, 0xC3, 0xDE, 0x1E, 0xF9, 0xE3, 0xCF, 0x1E, 0x78, 0xFF, 0x83, 0xFC, 0x1F, 0xE0, 0x7E,
    0x03, 0xF0, 0x1F, 0x80, 0x78, 0x03, 0xC0, 0x1E, 0x00, 0xF0, 0x07, 0x80, 0xF8, 0x0F, 0x3C, 0x0F,
    0x9F, 0x07, 0x87, 0x87, 0xC3, 0xE3, 0xC1, 0xF3, 0xE0, 0x7D, 0xE0, 0x3F, 0xF0, 0x0F, 0xF8, 0x07,
    0xF8, 0x1F, 0xFF, 0x8F, 0xFF, 0xC7, 0xFF, 0xE0, 0x1F, 0x00, 0x1F, 0x80, 0x0F, 0xC0, 0x07, 0xE0,
    0x03, 0xF0, 0x00, 0x78, 0x79, 0xE1, 0xE7, 0x87, 0x8F, 0x3C, 0x3C, 0xF0, 0xF3, 0xC1, 0xFE, 0x07,
    0xF8, 0x1F, 0xE0, 0x3F, 0x00, 0xFC, 0x3F, 0xFF, 0xFF, 0xFF, 0xFF, 0xE0, 0x78, 0x01, 0xE0, 0x07,
    0x80, 0x78, 0x0F, 0x3E, 0x0F, 0x8F, 0x8F, 0x87, 0xC7, 0x81, 0xF7, 0xC0, 0x7F, 0xC0, 0x3F, 0xE0,
    0x0F, 0xE0, 0x07, 0xE0, 0x01, 0xF0, 0x01, 0xFC, 0x01, 0xFF, 0x01, 0xFF, 0x80, 0xFF, 0xE0, 0xFD,
    0xF8, 0xFC, 0xFC, 0x7E, 0x3F, 0x7E, 0x1F, 0xC0, 0x0E, 0x00, 0x07, 0x00, 0x03, 0x80, 0xF0, 0xE7,
    0x9E, 0x39, 0xC3, 0xF8, 0x1F, 0x80, 0xF0, 0x0F, 0x01, 0xF8, 0x3F, 0x87, 0xFC, 0x79, 0xEF, 0x1F,
    0x01, 0x80, 0x18, 0xFF, 0xF7, 0x1F, 0xFE, 0xE3, 0xFF, 0xDC, 0x07, 0x83, 0x80, 0xF0, 0x70, 0x1E,
    0x0E, 0x03, 0xC1, 0xC0, 0x78, 0x38, 0x0F, 0x07, 0x01, 0xE0, 0xE0, 0x3C, 0x1C, 0x07, 0x83, 0x80,
    0xFF, 0xFE, 0x1F, 0xFF, 0xC3, 0xFF, 0xF8, 0x7F, 0xFF, 0x00, 0x01, 0xE0, 0x00, 0x3C, 0x00, 0x07,
    0x80, 0x00, 0xF0, 0x7F, 0xB8, 0xFF, 0x70, 0x38, 0xE0, 0x71, 0xC0, 0xE3, 0x81, 0xC7, 0x03, 0x8E,
    0x07, 0x1C, 0x0F, 0xFC, 0x1F, 0xF8, 0x3F, 0xF0, 0x00, 0xE0, 0x01, 0xC0, 0x03, 0x80, 0x00, 0x03,
    0xC3, 0xEF, 0x0F, 0xBC, 0x3E, 0xF0, 0xF3, 0xC3, 0xCF, 0x0F, 0x1C, 0x3C, 0x79, 0xF1, 0xFF, 0xC3,
    0xFF, 0x07, 0xFC, 0x00, 0xF0, 0x03, 0xC0, 0x0F, 0x00, 0x3C, 0x00, 0xFC, 0x03, 0xF0, 0x07, 0xC0,
    0x0F, 0x00, 0x3C, 0xE3, 0xB8, 0xEE, 0x3B, 0x8E, 0xE3, 0xBD, 0xE7, 0xF9, 0xFE, 0x03, 0x80, 0xE0,
    0x38, 0x0F, 0x03, 0xC0, 0x70, 0x1C, 0x40, 0x07, 0x0E, 0x70, 0xE7, 0x0E, 0x60, 0xEE, 0xEE, 0xEE,
    0xFF, 0xFF, 0xFF, 0xF7, 0xFF, 0x7F, 0xF3, 0xFF, 0x0E, 0xF0, 0xEF, 0x0C, 0xF0, 0x0F, 0xC6, 0xC7,
    0xC7, 0xF7, 0xF7, 0xFF, 0xFF, 0x7F, 0x37, 0x37, 0x07, 0x00, 0x07, 0x80, 0x3C, 0x01, 0xE0, 0x0F,
    0x00, 0x78, 0x03, 0xC0, 0x1E, 0x00, 0xFF, 0xC7, 0xFF, 0x3F, 0xF9, 0xF1, 0xEF, 0x0F, 0x78, 0x7B,
    0xC3, 0xDE, 0x1E, 0xF0, 0xF7, 0x87, 0xBC, 0x3C, 0x78, 0x03, 0xC0, 0x1E, 0x00, 0xF0, 0x07, 0x80,
    0x3C, 0x01, 0xFF, 0x0F, 0xFC, 0xFF, 0xF7, 0xC7, 0xBC, 0x1D, 0xE0, 0xEF, 0x07, 0x78, 0x7B, 0xC3,
    0xDF, 0x1E, 0xF8, 0xF7, 0xC7, 0x80, 0x00, 0x07, 0xC0, 0x00, 0x3F, 0xE0, 0x00, 0xFF, 0xE0, 0x03,
    0xF7, 0xCF, 0x07, 0x83, 0xDE, 0x1F, 0xFF, 0xBF, 0xFF, 0xFF, 0xFF, 0xFF, 0xFF, 0x7F, 0xFF, 0xFE,
    0x01, 0xFF, 0x00, 0x03, 0xE0, 0x00, 0x07, 0xF8, 0xF0, 0x0F, 0xFF, 0xE0, 0x0F, 0xFF, 0xC0, 0x0F,
    0xFF, 0x80, 0x0F, 0xFE, 0x00, 0x01, 0xC0, 0x00, 0x7C, 0x00, 0xFF, 0x38, 0x7B, 0xDC, 0x7F, 0xEF,
    0xFF, 0xF7, 0xFF, 0xFC, 0x7F, 0xF8, 0x07, 0x00, 0x03, 0xFF, 0x01, 0xFF, 0x80, 0x7F, 0xC0, 0x1F,
    0xE0, 0x00, 0x07, 0xC0, 0x00, 0x3F, 0xE0, 0x00, 0xFF, 0xE0, 0x03, 0xF7, 0xEF, 0x07, 0xDF, 0xDF,
    0xFF, 0xFF, 0xBF, 0xFF, 0xFF, 0xBF, 0xFF, 0xFF, 0x00, 0xFF, 0xE0, 0x01, 0xE0, 0x00, 0x03, 0xE0,
    0x08, 0x07, 0xF8, 0xF0, 0x07, 0xFF, 0xE0, 0x0F, 0xFF, 0xC0, 0x0F, 0xFF, 0x80, 0x07, 0xFE, 0x00,
    0x03, 0xC0, 0x00, 0x07, 0x80, 0x00, 0x0F, 0x00, 0x00, 0x0C, 0x00, 0x00, 0xFC, 0x00, 0xFF, 0x38,
    0xFB, 0x9C, 0x7F, 0xEF, 0xFF, 0xF7, 0xFF, 0xF8, 0xFF, 0xF8, 0x0F, 0x00, 0x03, 0xFF, 0x01, 0xFF,
    0x80, 0x7F, 0xC0, 0x1F, 0xE0, 0x03, 0x80, 0x01, 0xC0, 0x00, 0xC0, 0xFF, 0xFF, 0xFF, 0xFF, 0xFF,
    0xFF, 0xFF, 0xFF, 0xFF, 0xFF, 0xFF, 0xC0, 0x00, 0x00, 0x00, 0x00, 0x3C, 0xF0, 0x00, 0x0F, 0xFC,
    0x00, 0x03, 0xFE, 0x00, 0x00, 0x7F, 0x00, 0x00, 0x00, 0x00, 0x00, 0x00, 0x00, 0x00, 0x00, 0x00,
    0x00, 0x00, 0x00, 0x00, 0x00, 0x00, 0x00, 0x01, 0xF3, 0xF3, 0xE0, 0x7C, 0xFC, 0xF8, 0x0F, 0xBF,
    0x7C, 0x03, 0xEF, 0xDF, 0x00, 0x7F, 0xFF, 0x80, 0x1F, 0xFF, 0xC0, 0x03, 0xFF, 0xF0, 0x00, 0x7F,
    0xF8, 0x00, 0x1F, 0xFE, 0x00, 0x03, 0xFF, 0x00, 0x00, 0xFF, 0xC0, 0x00, 0x7F, 0xF8, 0x00, 0x3F,
    0xFF, 0x00, 0x1F, 0xFF, 0xE0, 0x0F, 0xFF, 0xFC, 0x07, 0xFF, 0xFF, 0x87, 0xFB, 0xF7, 0xF3, 0xFC,
    0xFC, 0xFE, 0x00, 0x00, 0x00, 0x01, 0xE7, 0x80, 0x01, 0xFF, 0x80, 0x00, 0xFF, 0x00, 0x00, 0x7E,
    0x00, 0x00, 0x00, 0x00, 0x00, 0x00, 0x00, 0x00, 0x00, 0x00, 0x00, 0x00, 0x00, 0x3E, 0x7E, 0x7C,
    0x1F, 0x7E, 0xF8, 0x1F, 0x7E, 0xF8, 0x0F, 0xFD, 0xF0, 0x07, 0xFF, 0xE0, 0x07, 0xFF, 0xC0, 0x03,
    0xFF, 0xC0, 0x01, 0xFF, 0x80, 0x01, 0xFF, 0x00, 0x01, 0xFF, 0x80, 0x07, 0xFF, 0xC0, 0x0F, 0xFF,
    0xF0, 0x1F, 0xFF, 0xF8, 0x3F, 0xFF, 0xFC, 0xFF, 0x7E, 0xFF, 0x79, 0xF3, 0xCF, 0x1E, 0xF8, 0xFF,
    0x87, 0xFC, 0x3F, 0xC1, 0xFC, 0x0F, 0xE0, 0x7F, 0x83, 0xFF, 0x3F, 0xFD, 0xF3, 0xEF, 0x8F, 0xFC,
    0x3F, 0xE1, 0xFF, 0x0F, 0xF0, 0xF8, 0x1F, 0xC1, 0xFC, 0x0F, 0xC0, 0x7C, 0x00, 0x00, 0x00, 0x1D,
    0xE7, 0x71, 0xFC, 0x7E, 0x1F, 0x07, 0xC1, 0xFC, 0x7F, 0x9C, 0xF7, 0x1D, 0xCF, 0x0F, 0x83, 0xE0,
    0xF0, 0x00, 0x1F, 0xFC, 0x1F, 0xFC, 0x1F, 0xFC, 0x1F, 0x3C, 0x1F, 0x3C, 0x1E, 0x3C, 0x1E, 0x3C,
    0x1E, 0x3C, 0x1E, 0x7C, 0x1E, 0x7C, 0x1E, 0x7C, 0x1E, 0x7C, 0x1E, 0x7C, 0x3E, 0x7E, 0x7E, 0x7E,
    0x7C, 0x7E, 0x7C, 0x7E, 0x00, 0x7C, 0x00, 0x7C, 0x00, 0x7C, 0x00, 0x78, 0x3F, 0xC7, 0xF8, 0xFF,
    0x1E, 0xE3, 0x9C, 0x73, 0x8E, 0x71, 0xCE, 0x39, 0xC7, 0x3D, 0xE7, 0xBC, 0xE0, 0x3C, 0x07, 0x80,
    0xF8, 0x1E, 0x7C, 0x0F, 0x3E, 0x07, 0x9F, 0x03, 0xCF, 0x81, 0xE7, 0xC0, 0xF3, 0xE0, 0x79, 0xF0,
    0x3C, 0xF8, 0x1E, 0x7C, 0x0F, 0xBF, 0xFF, 0xDF, 0xFF, 0xEF, 0xFF, 0xF7, 0xFF, 0xFB, 0xFF, 0xFD,
    0xF0, 0x7E, 0xF8, 0x3F, 0xFC, 0x1F, 0xC0, 0x03, 0xE0, 0x0F, 0xF0, 0x07, 0xF0, 0x03, 0xF8, 0x01,
    0xF8, 0x00, 0x00, 0xE1, 0xEF, 0x1E, 0xF1, 0xEF, 0x1E, 0xF1, 0xEF, 0x1E, 0xF1, 0xEF, 0xFE, 0xFF,
    0xEF, 0xFE, 0xF1, 0xEF, 0x1F, 0x00, 0xF0, 0x3F, 0x03, 0xE0, 0x38, 0xF8, 0x1E, 0x7C, 0x0F, 0x3E,
    0x07, 0x9F, 0x03, 0xCF, 0x81, 0xE7, 0xC0, 0xF3, 0xE0, 0x79, 0xF0, 0x3C, 0xF8, 0x1E, 0x7C, 0x0F,
    0xBF, 0xFF, 0xDF, 0xFF, 0xEF, 0xFF, 0xF7, 0xFF, 0xFB, 0xFF, 0xFD, 0xF0, 0x7E, 0xF8, 0x3F, 0x7C,
    0x1F, 0xC0, 0x03, 0xE0, 0x01, 0xF0, 0x00, 0xF0, 0x00, 0xF8, 0x00, 0x7C, 0x00, 0x7E, 0x00, 0x3E,
    0x00, 0xE1, 0xEF, 0x1E, 0xF1, 0xEF, 0x1E, 0xF1, 0xEF, 0x1E, 0xF1, 0xEF, 0xFE, 0xFF, 0xEF, 0xFE,
    0xF1, 0xEF, 0x1F, 0x00, 0xF0, 0x0F, 0x00, 0xE0, 0x1E, 0x01, 0xE0, 0x00, 0x0F, 0x0F, 0xF0, 0xFF,
    0x0F, 0xF0, 0xFF, 0x0F, 0xF0, 0xFF, 0x0F, 0xFB, 0xF7, 0xFF, 0x7F, 0xF1, 0xFF, 0x00, 0xF0, 0x0F,
    0x00, 0xF0, 0x0F, 0x01, 0xF0, 0x1F, 0x01, 0xF0, 0x1E, 0x00, 0xC0, 0x63, 0x31, 0x98, 0xCC, 0x66,
    0x33, 0xB9, 0xFC, 0xFE, 0x1F, 0x87, 0xC3, 0xE1, 0xC0, 0xE0, 0x70, 0x7C, 0x0F, 0xC7, 0xC0, 0xFC,
    0x7E, 0x0F, 0xC7, 0xE1, 0xFC, 0xFF, 0x1F, 0xCF, 0xF3, 0xFC, 0xFF, 0x3F, 0xCF, 0xFB, 0xFC, 0xFF,
    0xFF, 0xCF, 0xFF, 0xFC, 0xFF, 0xFF, 0xCF, 0xFF, 0xFC, 0xFB, 0xFF, 0xCF, 0xBF, 0x7C, 0xFB, 0xF7,
    0xCF, 0x9F, 0x7C, 0xF9, 0xE7, 0xCF, 0x8E, 0x7C, 0x00, 0x03, 0xF0, 0x00, 0x3F, 0x00, 0x03, 0xE0,
    0x00, 0x3E, 0x00, 0x03, 0xE0, 0x00, 0x3E, 0x00, 0x07, 0xC0, 0x00, 0x00, 0xF0, 0xF3, 0xE3, 0xCF,
    0x8F, 0x3F, 0x7C, 0xFD, 0xF3, 0xFF, 0xCF, 0xFF, 0x3F, 0xFC, 0xEF, 0xF3, 0xFD, 0xCF, 0x77, 0xBD,
    0xDE, 0x00, 0x3C, 0x00, 0xF0, 0x03, 0x80, 0x1E, 0x00, 0x78, 0xF7, 0xBD, 0xEF, 0x7B, 0xDE, 0xF7,
    0xBD, 0xEF, 0x7B, 0xDE, 0x00, 0x00, 0x03, 0xEF, 0x00, 0xFF, 0xC0, 0x1F, 0xE0, 0x03, 0xF0, 0x00,
    0x00, 0x00, 0x00, 0x00, 0x07, 0x80, 0x01, 0xF0, 0x00, 0xFC, 0x00, 0x3F, 0x00, 0x0F, 0xE0, 0x07,
    0xF8, 0x01, 0xEF, 0x00, 0xF3, 0xC0, 0x3C, 0xF0, 0x0F, 0x3E, 0x07, 0xC7, 0x81, 0xFF, 0xE0, 0xFF,
    0xFC, 0x3F, 0xFF, 0x0F, 0xFF, 0xE7, 0xC0, 0xF9, 0xF0, 0x3E, 0xFC, 0x07, 0xC0, 0x00, 0x0F, 0x3C,
    0xFF, 0xC7, 0xF8, 0x7F, 0x00, 0x00, 0x00, 0x00, 0x00, 0x3F, 0xE7, 0xFE, 0x7F, 0xEF, 0x1E, 0xE1,
    0xEE, 0x0E, 0xE0, 0xEE, 0x1E, 0xFF, 0xFF, 0xFF, 0x7F, 0xF3, 0xFF, 0x07, 0xBC, 0x01, 0xEF, 0x00,
    0x7B, 0xC0, 0x3F, 0xF0, 0x00, 0x00, 0x00, 0x00, 0x00, 0x1E, 0x00, 0x07, 0xC0, 0x03, 0xF0, 0x00,
    0xFC, 0x00, 0x3F, 0x80, 0x1F, 0xE0, 0x07, 0xBC, 0x03, 0xCF, 0x00, 0xF3, 0xC0, 0x3C, 0xF8, 0x1F,
    0x1E, 0x07, 0xFF, 0x83, 0xFF, 0xF0, 0xFF, 0xFC, 0x3F, 0xFF, 0x9F, 0x03, 0xE7, 0xC0, 0xFB, 0xF0,
    0x1F, 0x79, 0xE3, 0xCF, 0x1F, 0x78, 0xFB, 0xC7, 0xFE, 0x00, 0x00, 0x00, 0x00, 0x00, 0x1F, 0xF1,
    0xFF, 0x8F, 0xFC, 0xF1, 0xE7, 0x0F, 0x38, 0x39, 0xC1, 0xCE, 0x1E, 0x7F, 0xFB, 0xFF, 0xCF, 0xFE,
    0x3F, 0xF0, 0x00, 0x3F, 0xFF, 0xC0, 0x1F, 0xFF, 0xE0, 0x07, 0xFF, 0xF8, 0x03, 0xFF, 0xC0, 0x00,
    0xFF, 0xC0, 0x00, 0x7F, 0xF0, 0x00, 0x1F, 0xFC, 0x00, 0x0F, 0x7F, 0xF8, 0x07, 0xDF, 0xFE, 0x01,
    0xE3, 0xFF, 0x80, 0xF8, 0xFF, 0x80, 0x3F, 0xFF, 0x00, 0x1F, 0xFF, 0xC0, 0x07, 0xFF, 0xFF, 0xE3,
    0xFF, 0xFF, 0xF8, 0xF0, 0x3F, 0xFF, 0x7C, 0x07, 0xFF, 0xDF, 0x01, 0xFF, 0xF0, 0x00, 0x00, 0x00,
    0x00, 0x00, 0x03, 0xFF, 0xF8, 0x7F, 0xFF, 0xE7, 0xFF, 0xFE, 0xF1, 0xFF, 0xFE, 0x1F, 0xFF, 0xE0,
    0xFF, 0xFE, 0x0F, 0xC0, 0xE1, 0xF8, 0x1F, 0xFF, 0xFF, 0xFF, 0xFF, 0xF7, 0xFF, 0xFF, 0x3F, 0xFF,
    0xE0, 0x00, 0x03, 0xCF, 0x1F, 0xF8, 0xFF, 0x83, 0xF8, 0x00, 0x00, 0x00, 0x00, 0x00, 0x00, 0x37,
    0xFF, 0xBF, 0xFD, 0xFF, 0xEF, 0x00, 0x78, 0x03, 0xC0, 0x1E, 0x10, 0xFF, 0xC7, 0xFE, 0x3F, 0xF1,
    0xF0, 0x0F, 0x00, 0x7F, 0xFB, 0xFF, 0xDF, 0xFE, 0xFF, 0xF7, 0xFF, 0xC0, 0x00, 0x07, 0x9E, 0x7F,
    0xE3, 0xFC, 0x1F, 0x80, 0x00, 0x00, 0x00, 0x00, 0x00, 0x00, 0x00, 0x1F, 0x83, 0xFC, 0x7F, 0xEF,
    0xFE, 0xFF, 0xFF, 0xFF, 0xFC, 0x0F, 0x01, 0xFF, 0xF7, 0xFF, 0x3F, 0xF1, 0xFE, 0x00, 0x00, 0x7F,
    0xC3, 0xFF, 0xC7, 0xFF, 0xCF, 0xFF, 0xDF, 0xFF, 0xB0, 0x1F, 0x80, 0x1F, 0x00, 0x7F, 0xFF, 0xFF,
    0xFF, 0xFF, 0xFF, 0xE7, 0xFF, 0xCF, 0x0F, 0x8F, 0xFE, 0x1F, 0xF8, 0x0F, 0xE0, 0x00, 0x00, 0x1E,
    0x0F, 0xF8, 0xFF, 0xCF, 0xFE, 0xC3, 0xF0, 0x0F, 0x7F, 0xFF, 0xFF, 0xFF, 0xFF, 0xFE, 0x7F, 0xE7,
    0xFC, 0x1F, 0x80, 0x00, 0x1E, 0xF0, 0x3D, 0xE0, 0x7B, 0xC1, 0xFF, 0x80, 0x00, 0x00, 0x00, 0x00,
    0x00, 0x1F, 0xF0, 0xFF, 0xF1, 0xFF, 0xF3, 0xFF, 0xF7, 0xFF, 0xEC, 0x07, 0xE0, 0x07, 0xC0, 0x1F,
    0xFF, 0xFF, 0xFF, 0xFF, 0xFF, 0xF9, 0xFF, 0xF3, 0xC3, 0xE3, 0xFF, 0x87, 0xFE, 0x03, 0xF8, 0x00,
    0x00, 0x1E, 0x0F, 0xF8, 0xFF, 0xCF, 0xFE, 0xC3, 0xF0, 0x0F, 0x7F, 0xFF, 0xFF, 0xFF, 0xFF, 0xFE,
    0x7F, 0xE7, 0xFC, 0x3F, 0x87, 0xBC, 0x7B, 0xC7, 0xBC, 0x7B, 0xC0, 0x00, 0xF7, 0x80, 0x00, 0x3D,
    0xE0, 0x00, 0x0F, 0x78, 0x00, 0x03, 0xDE, 0x00, 0x00, 0x00, 0x00, 0x00, 0x00, 0x00, 0x00, 0x00,
    0x00, 0x00, 0x00, 0x00, 0x00, 0x00, 0x00, 0x00, 0x0F, 0x8F, 0xCF, 0x81, 0xF3, 0xF7, 0xC0, 0x7C,
    0xFD, 0xF0, 0x0F, 0xBE, 0xF8, 0x01, 0xFF, 0xBE, 0x00, 0x7F, 0xFF, 0x00, 0x0F, 0xFF, 0x80, 0x03,
    0xFF, 0xE0, 0x00, 0x7F, 0xF0, 0x00, 0x0F, 0xFC, 0x00, 0x03, 0xFE, 0x00, 0x01, 0xFF, 0xE0, 0x00,
    0xFF, 0xFC, 0x00, 0x7F, 0xFF, 0x80, 0x7F, 0xFF, 0xF0, 0x3F, 0xFE, 0xFE, 0x1F, 0xEF, 0xBF, 0xCF,
    0xF3, 0xF7, 0xF8, 0x00, 0xE7, 0x00, 0x00, 0xF7, 0x80, 0x01, 0xFF, 0x80, 0x01, 0xFF, 0x80, 0x00,
    0x00, 0x00, 0x00, 0x00, 0x00, 0x00, 0x00, 0x00, 0x00, 0x00, 0x00, 0x3E, 0x7E, 0x7C, 0x1F, 0x7E,
    0xF8, 0x1F, 0x7C, 0xF0, 0x0F, 0xFD, 0xF0, 0x07, 0xFF, 0xE0, 0x07, 0xFF, 0xC0, 0x03, 0xFF, 0xC0,
    0x01, 0xFF, 0x80, 0x00, 0xFF, 0x00, 0x01, 0xFF, 0x80, 0x07, 0xFF, 0xC0, 0x0F, 0xFF, 0xF0, 0x1F,
    0xFF, 0xF8, 0x3F, 0xFF, 0xFC, 0xFF, 0x7E, 0xFF, 0x73, 0x8F, 0x7B, 0xFF, 0x7F, 0xE0, 0x00, 0x00,
    0x00, 0x00, 0x00, 0x00, 0x03, 0xE1, 0xFE, 0x3F, 0xE7, 0x3E, 0x03, 0xC0, 0xF1, 0xFE, 0x3F, 0x87,
    0xF8, 0x07, 0x80, 0xFC, 0x1F, 0xFF, 0xFF, 0xF7, 0xFE, 0x7F, 0x00, 0x73, 0x9E, 0xFF, 0xFF, 0xFF,
    0x00, 0x07, 0xC3, 0xF8, 0x06, 0x01, 0x83, 0xE1, 0xF8, 0x0E, 0x1B, 0xCF, 0xE3, 0xF8, 0xFC, 0x00,
    0x1F, 0xFB, 0xFF, 0x7F, 0xE0, 0x7C, 0x1F, 0x07, 0xC1, 0xF8, 0x3F, 0x87, 0xF8, 0x0F, 0x01, 0xE7,
    0xBD, 0xFF, 0xBF, 0xF3, 0xFC, 0x1F, 0x00, 0x00, 0x1F, 0xFB, 0xFF, 0x7F, 0xE0, 0x7C, 0x1F, 0x07,
    0xC1, 0xF8, 0x3F, 0x87, 0xF8, 0x0F, 0x01, 0xE7, 0xBD, 0xFF, 0xBF, 0xF3, 0xFC, 0x1F, 0x00, 0x3F,
    0xE0, 0x7F, 0xE0, 0x7F, 0xF0, 0x7E, 0x00, 0x00, 0x00, 0x00, 0x00, 0x00, 0x00, 0x00, 0x00, 0x00,
    0x00, 0xF0, 0x00, 0xF0, 0x7C, 0xF0, 0x7C, 0xF0, 0xFC, 0xF0, 0xFC, 0xF0, 0xFE, 0xF9, 0xFE, 0xF9,
    0xFE, 0xFB, 0xFE, 0xFB, 0xFE, 0x7F, 0xBE, 0x7F, 0xBE, 0x7F, 0xBE, 0x7F, 0x3E, 0x7F, 0x3E, 0x7E,
    0x3E, 0x7E, 0x3E, 0x7E, 0x3F, 0x3F, 0xE7, 0xFE, 0xFF, 0xEF, 0xFC, 0x00, 0x00, 0x00, 0x00, 0x0E,
    0x0F, 0xE1, 0xFE, 0x3F, 0xE3, 0xFE, 0x7F, 0xEF, 0xFF, 0xFF, 0xFE, 0xFF, 0xEF, 0xFC, 0xFF, 0x8F,
    0xF8, 0xFF, 0x0F, 0x3D, 0xE0, 0x3D, 0xE0, 0x3D, 0xE0, 0x3D, 0xE0, 0x00, 0x00, 0x00, 0x00, 0x00,
    0x00, 0x00, 0x00, 0xF0, 0x00, 0xF0, 0x7C, 0xF0, 0x7C, 0xF0, 0xFC, 0xF0, 0xFC, 0xF0, 0xFE, 0xF9,
    0xFE, 0xF9, 0xFE, 0xFB, 0xFE, 0xFB, 0xFE, 0x7F, 0xBE, 0x7F, 0xBE, 0x7F, 0xBE, 0x7F, 0x3E, 0x7F,
    0x3E, 0x7E, 0x3E, 0x7E, 0x3E, 0x7E, 0x3F, 0x39, 0xC7, 0xBC, 0x7F, 0xE7, 0xFE, 0x00, 0x00, 0x00,
    0xE0, 0xFE, 0x1F, 0xE3, 0xFE, 0x3F, 0xE7, 0xFE, 0xFF, 0xFF, 0xFF, 0xEF, 0xFE, 0xFF, 0xCF, 0xF8,
    0xFF, 0x8F, 0xF0, 0xF0, 0x07, 0x38, 0x03, 0xDE, 0x00, 0xF7, 0x80, 0x3F, 0xF0, 0x00, 0x00, 0x00,
    0x00, 0x00, 0x7F, 0x80, 0x7F, 0xF0, 0x3F, 0xFE, 0x0F, 0xCF, 0xC7, 0xC0, 0xF9, 0xE0, 0x3E, 0xF8,
    0x07, 0xBE, 0x01, 0xFF, 0x00, 0x7F, 0xC0, 0x1F, 0xF8, 0x07, 0xFE, 0x03, 0xEF, 0xFF, 0xF9, 0xFF,
    0xFE, 0x7F, 0xFF, 0x9F, 0xFF, 0xC3, 0xFF, 0xE0, 0x3F, 0xF0, 0x00, 0x00, 0x00, 0x73, 0x87, 0xBC,
    0x3D, 0xE1, 0xFF, 0x80, 0x00, 0x00, 0x00, 0x00, 0x00, 0x00, 0x00, 0x00, 0x7E, 0x0F, 0xF8, 0x7F,
    0xE7, 0x87, 0xBC, 0x3D, 0xE1, 0xEF, 0x0F, 0x7F, 0xFB, 0xFF, 0xCF, 0xFC, 0x7F, 0xC0, 0xFC, 0x00,
    0x0F, 0xE0, 0x3F, 0xF8, 0x3F, 0xFC, 0x7F, 0xFC, 0xFC, 0x3E, 0xF8, 0x3E, 0xF8, 0x3E, 0xFF, 0xFE,
    0xFF, 0xFE, 0xFF, 0xFE, 0xF8, 0x3E, 0xFF, 0xFE, 0xFF, 0xFE, 0x7F, 0xFC, 0x3F, 0xFC, 0x3F, 0xF8,
    0x0F, 0xE0, 0x1F, 0x87, 0xFC, 0x7F, 0xEF, 0x1F, 0xF0, 0xFF, 0xFF, 0xFF, 0xFF, 0xFF, 0xFF, 0xF7,
    0xFE, 0x7F, 0xC1, 0xF8, 0x1E, 0xF0, 0x1E, 0xF0, 0x1E, 0xF0, 0x1E, 0xF0, 0x00, 0x00, 0x00, 0x00,
    0x0F, 0xE0, 0x3F, 0xF8, 0x3F, 0xFC, 0x7F, 0xFC, 0xFC, 0x3E, 0xF8, 0x3E, 0xF8, 0x3E, 0xFF, 0xFE,
    0xFF, 0xFE, 0xFF, 0xFE, 0xF8, 0x3E, 0xFF, 0xFE, 0xFF, 0xFE, 0x7F, 0xFC, 0x3F, 0xFC, 0x3F, 0xF8,
    0x0F, 0xE0, 0x39, 0xC7, 0xBC, 0x7F, 0xE7, 0xFE, 0x00, 0x00, 0x00, 0x1F, 0x87, 0xFC, 0x7F, 0xEF,
    0x1F, 0xF0, 0xFF, 0xFF, 0xFF, 0xFF, 0xFF, 0xFF, 0xF7, 0xFE, 0x7F, 0xC1, 0xF8, 0x0E, 0x70, 0x0E,
    0xF0, 0x1F, 0xF8, 0x1F, 0xF8, 0x00, 0x00, 0x00, 0x00, 0x00, 0x00, 0x00, 0x00, 0x00, 0x00, 0x0F,
    0xE0, 0x3F, 0xF8, 0x3F, 0xFC, 0x7C, 0x7C, 0xF8, 0x3E, 0xF0, 0x1E, 0x0F, 0xFE, 0x0F, 0xFE, 0x0F,
    0xFF, 0x00, 0x1E, 0x00, 0x1E, 0xFE, 0x7E, 0xFF, 0xFE, 0xFF, 0xFE, 0x7F, 0xFC, 0x7F, 0xFC, 0x1F,
    0xF0, 0x00, 0x00, 0x73, 0x9E, 0xF3, 0xDE, 0x7F, 0xE0, 0x00, 0x7C, 0x3F, 0xE7, 0xBE, 0x01, 0xC0,
    0x3C, 0x7F, 0x9F, 0xF0, 0x1E, 0x83, 0xFF, 0xF7, 0xFC, 0x7F, 0x00, 0x00, 0xF0, 0xFF, 0xC3, 0xFF,
    0x8F, 0xFE, 0x00, 0x00, 0x00, 0x00, 0x00, 0x00, 0x00, 0x00, 0x03, 0xC0, 0xF7, 0x83, 0x9F, 0x1E,
    0x3C, 0x78, 0xF9, 0xE1, 0xEF, 0x07, 0xFC, 0x0F, 0xF0, 0x3F, 0x80, 0x7E, 0x01, 0xF8, 0x03, 0xC0,
    0x0F, 0x00, 0x7C, 0x1F, 0xE0, 0x7F, 0x81, 0xFC, 0x07, 0xE0, 0x00, 0x1F, 0xF0, 0xFF, 0xC7, 0xFF,
    0x1F, 0xE0, 0x00, 0x00, 0x00, 0x00, 0x00, 0x00, 0x00, 0x00, 0x00, 0x00, 0x0F, 0x07, 0x9E, 0x1E,
    0x78, 0x79, 0xF3, 0xC3, 0xCF, 0x0F, 0xBC, 0x1F, 0xE0, 0x7F, 0x80, 0xFE, 0x03, 0xF0, 0x07, 0xC0,
    0x1F, 0x00, 0x7C, 0x01, 0xE0, 0x7F, 0x81, 0xFC, 0x07, 0xF0, 0x1F, 0x00, 0x1E, 0xF0, 0x7B, 0xC1,
    0xEF, 0x07, 0xBC, 0x00, 0x00, 0x00, 0x00, 0x00, 0x00, 0x00, 0xF0, 0x3D, 0xE1, 0xE7, 0xC7, 0x8F,
    0x1E, 0x3E, 0x70, 0x7B, 0xC1, 0xFF, 0x03, 0xFC, 0x0F, 0xE0, 0x1F, 0x80, 0x7E, 0x00, 0xF0, 0x03,
    0xC0, 0x1F, 0x07, 0xF8, 0x1F, 0xE0, 0x7F, 0x01, 0xF8, 0x00, 0x1C, 0xE0, 0x7B, 0xC3, 0xFF, 0x0F,
    0xFC, 0x00, 0x00, 0x00, 0x00, 0x00, 0x00, 0x00, 0x00, 0x03, 0xC1, 0xE7, 0x87, 0x9E, 0x1E, 0x7C,
    0xF0, 0xF3, 0xC3, 0xEF, 0x07, 0xF8, 0x1F, 0xE0, 0x3F, 0x80, 0xFC, 0x01, 0xF0, 0x07, 0xC0, 0x1F,
    0x00, 0x78, 0x1F, 0xE0, 0x7F, 0x01, 0xFC, 0x07, 0xC0, 0x00, 0x0F, 0x03, 0xC7, 0xC3, 0xE3, 0xE1,
    0xF3, 0xF0, 0xF8, 0x00, 0x00, 0x00, 0x00, 0x00, 0x00, 0x00, 0x00, 0x00, 0xF0, 0x3C, 0x1E, 0x0E,
    0x07, 0x87, 0x80, 0xF1, 0xE0, 0x3E, 0x78, 0x07, 0xBC, 0x01, 0xFF, 0x00, 0x3F, 0xC0, 0x0F, 0xE0,
    0x01, 0xF8, 0x00, 0x7E, 0x00, 0x0F, 0x00, 0x03, 0xC0, 0x01, 0xF0, 0x07, 0xF8, 0x01, 0xFE, 0x00,
    0x7F, 0x00, 0x1F, 0x80, 0x00, 0x0F, 0x83, 0xC3, 0xE1, 0xF0, 0xF8, 0x7C, 0x3E, 0x1F, 0x00, 0x00,
    0x00, 0x00, 0x00, 0x00, 0x00, 0x00, 0x00, 0x00, 0x00, 0x00, 0x0F, 0x07, 0x80, 0xF0, 0xF0, 0x1E,
    0x1E, 0x03, 0xE7, 0x80, 0x3C, 0xF0, 0x07, 0xDE, 0x00, 0x7F, 0x80, 0x0F, 0xF0, 0x00, 0xFE, 0x00,
    0x1F, 0x80, 0x01, 0xF0, 0x00, 0x3E, 0x00, 0x07, 0xC0, 0x00, 0xF0, 0x01, 0xFE, 0x00, 0x3F, 0x80,
    0x07, 0xF0, 0x00, 0xF8, 0x00, 0x00, 0x39, 0xC7, 0xBC, 0x7F, 0xE7, 0xFE, 0x00, 0x07, 0x0E, 0x70,
    0xE7, 0x0E, 0x60, 0xEE, 0x0E, 0xE0, 0xFE, 0x1F, 0xFF, 0xF7, 0xFF, 0x7F, 0xF3, 0xFF, 0x00, 0xF0,
    0x0F, 0x00, 0xF0, 0x0F, 0xF7, 0xBD, 0xEF, 0x7B, 0xDE, 0x00, 0x18, 0xE6, 0x39, 0x8E, 0x63, 0x9D,
    0xE7, 0xF8, 0xFE, 0x03, 0x80, 0xE0, 0x38, 0xFF, 0xFF, 0xFF, 0xFF, 0xFF, 0x00, 0xF0, 0x0F, 0x00,
    0xF0, 0x0F, 0x00, 0xF0, 0x0F, 0x00, 0xF0, 0x0F, 0x80, 0xF8, 0x0F, 0x80, 0xF8, 0x0F, 0xC0, 0xFC,
    0x03, 0xC0, 0x3C, 0x00, 0x7F, 0xBF, 0xDC, 0x0E, 0x0F, 0x07, 0x83, 0xC1, 0xE0, 0xF0, 0x7C, 0x3E,
    0x07, 0x03, 0x80, 0x0F, 0x78, 0x00, 0xF7, 0x80, 0x0F, 0x78, 0x01, 0xFF, 0x80, 0x00, 0x00, 0x00,
    0x00, 0x00, 0x00, 0x00, 0x00, 0x00, 0x00, 0x00, 0x00, 0x00, 0x00, 0x1F, 0x00, 0x01, 0xFE, 0x00,
    0x1F, 0xE0, 0x01, 0xFE, 0x00, 0x1F, 0xE0, 0x01, 0xFE, 0x00, 0x1F, 0xE0, 0x01, 0xFF, 0xE0, 0x1F,
    0xFF, 0x81, 0xFF, 0xFC, 0x1F, 0xE3, 0xC1, 0xFE, 0x1E, 0x1F, 0xE1, 0xE1, 0xFE, 0x3E, 0x1F, 0xFF,
    0xC1, 0xFF, 0xFC, 0x1F, 0xFF, 0x81, 0xF0, 0x1E, 0xF0, 0x1E, 0xF0, 0x1E, 0xF0, 0x1E, 0xF0, 0x00,
    0x00, 0x00, 0x00, 0x00, 0x00, 0x00, 0x00, 0x00, 0x0E, 0x00, 0x0F, 0x60, 0x0F, 0x60, 0x0F, 0x60,
    0x0F, 0x60, 0x0F, 0xE0, 0x0F, 0xFE, 0x0F, 0xFF, 0x0F, 0xE7, 0x8F, 0xE3, 0x8F, 0xFF, 0x8F, 0xFF,
    0x0F, 0xFF, 0x0F, 0x78, 0x0F, 0x87, 0x83, 0xE0, 0xF8, 0x78, 0x0F, 0x9F, 0x01, 0xF7, 0xC0, 0x1F,
    0xF0, 0x01, 0xFE, 0x00, 0x3F, 0x80, 0x03, 0xF0, 0x00, 0x7E, 0x00, 0x1F, 0xC0, 0x07, 0xFC, 0x00,
    0xFF, 0xC0, 0x3F, 0xF8, 0x0F, 0xDF, 0xA1, 0xF1, 0xFE, 0x7E, 0x3F, 0xFF, 0x83, 0xFC, 0x00, 0x3F,
    0x00, 0x00, 0x00, 0x70, 0xE1, 0xE7, 0x83, 0xDC, 0x07, 0xF0, 0x1F, 0x80, 0x3C, 0x00, 0xF0, 0x07,
    0xE0, 0x3F, 0xC0, 0xFF, 0xC7, 0x9F, 0xBE, 0x7E, 0x00, 0xF8, 0x00, 0x00, 0x01, 0xE0, 0x00, 0x7C,
    0x00, 0x3F, 0x00, 0x0F, 0xC0, 0x03, 0xF8, 0x01, 0xFE, 0x00, 0x7B, 0xC0, 0x3C, 0xF0, 0x0F, 0x3C,
    0x03, 0xCF, 0x81, 0xF1, 0xE0, 0x7F, 0xF8, 0x3F, 0xFF, 0x0F, 0xFF, 0xC3, 0xFF, 0xF9, 0xF0, 0x3E,
    0x7C, 0x0F, 0xBF, 0x01, 0xF0, 0x00, 0x00, 0x03, 0x80, 0x01, 0xF0, 0x00, 0xFC, 0x00, 0x3F, 0x00,
    0x07, 0x80, 0x00, 0xC0, 0x00, 0x78, 0x01, 0xE0, 0x07, 0x80, 0x1F, 0x00, 0x7C, 0x00, 0x00, 0x00,
    0x00, 0x00, 0x00, 0x78, 0x01, 0xE0, 0x07, 0x80, 0x1E, 0x00, 0x78, 0x01, 0xE4, 0x07, 0xFC, 0x1F,
    0xFC, 0x7F, 0xF1, 0xF9, 0xE7, 0xC3, 0x8F, 0x0E, 0x3C, 0x38, 0xF1, 0xE3, 0xFF, 0x8F, 0xFE, 0x3F,
    0xF0, 0x7F, 0x80, 0x70, 0x00, 0xFF, 0xC3, 0xFF, 0x8F, 0xFF, 0x3C, 0x3C, 0xF0, 0x73, 0xC1, 0xCF,
    0x1F, 0x3F, 0xFC, 0xFF, 0xF3, 0xFF, 0xEF, 0x0F, 0xBC, 0x1F, 0xF0, 0x7F, 0xFF, 0xFF, 0xFF, 0xFF,
    0xFE, 0xFF, 0xFB, 0xFF, 0xC0, 0x78, 0x01, 0xE0, 0x07, 0x80, 0x3E, 0x00, 0xF8, 0x00, 0xF0, 0x07,
    0x80, 0x3C, 0x01, 0xE0, 0x0F, 0x00, 0x79, 0x03, 0xFE, 0x1F, 0xFC, 0xFF, 0xE7, 0xE7, 0xBE, 0x1C,
    0xF0, 0xE7, 0x87, 0x3C, 0x79, 0xFF, 0xCF, 0xFE, 0x7F, 0xE1, 0xFE, 0x03, 0x80, 0x00, 0x00, 0x00,
    0x00, 0x00, 0x3C, 0x01, 0xF0, 0x0F, 0x80, 0x7C, 0x03, 0xE0, 0x07, 0x80, 0x07, 0x80, 0x07, 0x80,
    0x07, 0xC0, 0x07, 0xC0, 0x00, 0x00, 0x00, 0x00, 0xFF, 0xE0, 0xFF, 0xF8, 0xFF, 0xFC, 0xFF, 0xFE,
    0xF0, 0x7E, 0xF0, 0x1E, 0xF0, 0x1F, 0xF0, 0x0F, 0xF0, 0x0F, 0xF0, 0x0F, 0xF0, 0x0F, 0xF0, 0x1F,
    0xF9, 0xFF, 0xFF, 0xFE, 0xFF, 0xFE, 0xFF, 0xFC, 0xFF, 0xFC, 0xFF, 0xF0, 0x0F, 0x78, 0xFB, 0xC7,
    0xDC, 0x3E, 0xE1, 0xF7, 0x00, 0x38, 0x7F, 0xC7, 0xFE, 0x7F, 0xF7, 0xDF, 0xBC, 0x7D, 0xC1, 0xEE,
    0x0F, 0x78, 0xFB, 0xFF, 0xCF, 0xFE, 0x7F, 0xF0, 0xFF, 0x80, 0xFF, 0xE0, 0xFF, 0xF8, 0xFF, 0xFC,
    0xFF, 0xFE, 0xF0, 0x7E, 0xF0, 0x1E, 0xF0, 0x1F, 0xF0, 0x0F, 0xF0, 0x0F, 0xF0, 0x0F, 0xF0, 0x0F,
    0xF0, 0x1F, 0xF9, 0xFF, 0xFF, 0xFE, 0xFF, 0xFE, 0xFF, 0xFC, 0xFF, 0xFC, 0xFF, 0xF0, 0x00, 0x00,
    0x00, 0x00, 0x03, 0xC0, 0x03, 0xC0, 0x03, 0xC0, 0x07, 0xC0, 0x07, 0xC0, 0x00, 0x78, 0x03, 0xC0,
    0x1C, 0x00, 0xE0, 0x07, 0x00, 0x38, 0x7F, 0xC7, 0xFE, 0x7F, 0xF7, 0xDF, 0xBC, 0x7D, 0xC1, 0xEE,
    0x0F, 0x78, 0xFB, 0xFF, 0xCF, 0xFE, 0x7F, 0xF0, 0xFF, 0x80, 0x00, 0x00, 0x00, 0x00, 0x00, 0x00,
    0x3C, 0x01, 0xE0, 0x0F, 0x00, 0xF8, 0x07, 0xC0, 0xFF, 0xE0, 0xFF, 0xF8, 0xFF, 0xFC, 0xFF, 0xFE,
    0xF0, 0x7E, 0xF0, 0x1E, 0xF0, 0x1F, 0xF0, 0x0F, 0xF0, 0x0F, 0xF0, 0x0F, 0xF0, 0x0F, 0xF0, 0x1F,
    0xF9, 0xFF, 0xFF, 0xFE, 0xFF, 0xFE, 0xFF, 0xFC, 0xFF, 0xFC, 0xFF, 0xF0, 0x00, 0x00, 0x00, 0x00,
    0x07, 0xE0, 0x3F, 0xF0, 0x3F, 0xF0, 0x30, 0x00, 0x00, 0x78, 0x03, 0xC0, 0x1C, 0x00, 0xE0, 0x07,
    0x00, 0x38, 0x7F, 0xC7, 0xFE, 0x7F, 0xF7, 0xDF, 0xBC, 0x7D, 0xC1, 0xEE, 0x0F, 0x78, 0xFB, 0xFF,
    0xCF, 0xFE, 0x7F, 0xF0, 0xFF, 0x80, 0x00, 0x00, 0x00, 0x00, 0x00, 0x00, 0x7E, 0x1F, 0xF8, 0xFF,
    0xC6, 0x00, 0x00, 0xFF, 0xE0, 0xFF, 0xF8, 0xFF, 0xFC, 0xFF, 0xFE, 0xF0, 0x7E, 0xF0, 0x1E, 0xF0,
    0x1F, 0xF0, 0x0F, 0xF0, 0x0F, 0xF0, 0x0F, 0xF0, 0x0F, 0xF0, 0x1F, 0xF9, 0xFF, 0xFF, 0xFE, 0xFF,
    0xFE, 0xFF, 0xFC, 0xFF, 0xFC, 0xFF, 0xF0, 0x03, 0xC0, 0x03, 0xC0, 0x07, 0xE0, 0x0F, 0xF0, 0x1E,
    0xF8, 0x3C, 0x3C, 0x00, 0x3C, 0x00, 0xF0, 0x03, 0x80, 0x0E, 0x00, 0x38, 0x00, 0xE0, 0xFF, 0x87,
    0xFE, 0x3F, 0xF9, 0xF7, 0xE7, 0x8F, 0x9C, 0x1E, 0x70, 0x79, 0xE3, 0xE7, 0xFF, 0x8F, 0xFE, 0x3F,
    0xF8, 0x3F, 0xE0, 0x00, 0x00, 0x00, 0x03, 0x00, 0x1E, 0x00, 0xFC, 0x07, 0xF8, 0x3F, 0xF1, 0xE1,
    0xE0, 0x00, 0x00, 0x78, 0x03, 0xC0, 0x1F, 0x00, 0xF8, 0x00, 0x00, 0x00, 0x07, 0xE7, 0xFE, 0xFF,
    0xEF, 0xFE, 0x00, 0x00, 0x00, 0x00, 0x00, 0x00, 0x00, 0x00, 0x00, 0x1F, 0x83, 0xFC, 0x7F, 0xEF,
    0xFE, 0xFF, 0xFF, 0xFF, 0xFC, 0x0F, 0x01, 0xFF, 0xF7, 0xFF, 0x3F, 0xF1, 0xFE, 0x03, 0x00, 0x70,
    0x0F, 0x00, 0xE0, 0x0E, 0x00, 0x00, 0x00, 0x00, 0x00, 0x00, 0x00, 0x00, 0x01, 0xC7, 0xFE, 0xFF,
    0xEF, 0xFE, 0x00, 0x00, 0x00, 0x00, 0x00, 0x00, 0x00, 0x00, 0x00, 0x1F, 0x83, 0xFC, 0x7F, 0xEF,
    0xFE, 0xFF, 0xFF, 0xFF, 0xFC, 0x0F, 0x01, 0xFF, 0xF7, 0xFF, 0x3F, 0xF1, 0xFE, 0x7F, 0xFB, 0xFF,
    0x9F, 0xFD, 0xFE, 0x0F, 0x80, 0x7C, 0x03, 0xE0, 0x1F, 0xF8, 0xFF, 0xC7, 0xFE, 0x3F, 0xC1, 0xF0,
    0x0F, 0x80, 0x7F, 0xFB, 0xFF, 0xDF, 0xFF, 0xFF, 0xFF, 0xFF, 0xC0, 0x00, 0x00, 0x00, 0x00, 0x06,
    0x30, 0x7D, 0x83, 0xFC, 0x3B, 0xE1, 0xCF, 0x00, 0x00, 0x0F, 0x01, 0xF0, 0x1F, 0x01, 0xF0, 0x1F,
    0x00, 0x00, 0x00, 0x07, 0xFF, 0x7F, 0xF7, 0xFF, 0x7C, 0x07, 0x80, 0x78, 0x07, 0xFE, 0x7F, 0xE7,
    0xFE, 0xFF, 0xCF, 0x80, 0xF8, 0x0F, 0x80, 0xF8, 0x0F, 0x80, 0xF8, 0x0F, 0x80, 0xF8, 0x00, 0x3C,
    0x1E, 0x0F, 0x07, 0x87, 0xE0, 0x00, 0x00, 0x3E, 0x3F, 0x1F, 0x8E, 0x07, 0x0F, 0xF7, 0xFB, 0xFC,
    0xF0, 0x7C, 0x3E, 0x1F, 0x0F, 0x87, 0xC3, 0xE1, 0xF0, 0xF8, 0x07, 0xFC, 0x03, 0xFF, 0x80, 0xFF,
    0xE0, 0x20, 0x00, 0x00, 0x00, 0x00, 0x00, 0x00, 0x00, 0x00, 0x00, 0x00, 0x01, 0xFC, 0x03, 0xFF,
    0x83, 0xFF, 0xE0, 0xFF, 0xFC, 0x7F, 0x8F, 0x1F, 0x00, 0x0F, 0xC0, 0x03, 0xE0, 0x00, 0xF8, 0x00,
    0x3E, 0x1F, 0xCF, 0x87, 0xFF, 0xE1, 0xFF, 0xF8, 0x3F, 0xFF, 0x01, 0xF7, 0xFF, 0xF9, 0xFF, 0xFE,
    0x3F, 0xFF, 0x87, 0xFF, 0xC0, 0x7F, 0xE0, 0x01, 0xE1, 0xFF, 0x9F, 0xFC, 0xFF, 0xE0, 0x00, 0x00,
    0x00, 0x00, 0x00, 0x00, 0x1F, 0xF3, 0xFF, 0x9F, 0xFD, 0xE7, 0xEE, 0x1F, 0x70, 0xFB, 0x87, 0xDC,
    0x3E, 0xFF, 0xF7, 0xFF, 0x9F, 0xFC, 0xFF, 0xE1, 0xFE, 0x00, 0xF1, 0xCF, 0x8F, 0xFC, 0xFF, 0xC7,
    0xFC, 0x07, 0x80, 0xF8, 0x1E, 0xF8, 0x1E, 0xF8, 0x1E, 0xF8, 0x1E, 0xF8, 0x1E, 0xF8, 0x1E, 0xF8,
    0x1E, 0xF8, 0x1E, 0xF8, 0x1E, 0xF8, 0x1F, 0xFF, 0xFF, 0xFF, 0xFF, 0xFF, 0xFF, 0xFF, 0xFF, 0xFF,
    0xFF, 0xF8, 0x3F, 0xF8, 0x3F, 0xF8, 0x3F, 0x00, 0x00, 0x00, 0x00, 0x00, 0x00, 0x03, 0xC0, 0x03,
    0xC0, 0x03, 0xC0, 0x03, 0xE0, 0x03, 0xE0, 0x78, 0x03, 0xC0, 0x1E, 0x00, 0xF0, 0x07, 0x80, 0x3C,
    0x01, 0xFF, 0x0F, 0xFC, 0xFF, 0xF7, 0xC7, 0xBC, 0x1D, 0xE0, 0xEF, 0x07, 0x78, 0x7B, 0xC3, 0xDF,
    0x1E, 0xF8, 0xF7, 0xC7, 0x80, 0x00, 0x00, 0x00, 0x00, 0x00, 0x00, 0x1C, 0x01, 0xF0, 0x0F, 0x80,
    0x7C, 0x03, 0xE0, 0xF8, 0x1E, 0xF8, 0x1E, 0xF8, 0x1E, 0xF8, 0x1E, 0xF8, 0x1E, 0xF8, 0x1E, 0xF8,
    0x1E, 0xF8, 0x1E, 0xF8, 0x1E, 0xF8, 0x1F, 0xFF, 0xFF, 0xFF, 0xFF, 0xFF, 0xFF, 0xFF, 0xFF, 0xFF,
    0xFF, 0xF8, 0x3F, 0xF8, 0x3F, 0xF8, 0x3F, 0x70, 0x00, 0x78, 0x00, 0x7C, 0x00, 0x7C, 0x00, 0x7C,
    0x00, 0x78, 0x00, 0x78, 0x03, 0xC0, 0x1E, 0x00, 0xF0, 0x07, 0x80, 0x3C, 0x01, 0xFF, 0x0F, 0xFC,
    0xFF, 0xF7, 0xC7, 0xBC, 0x1D, 0xE0, 0xEF, 0x07, 0x78, 0x7B, 0xC3, 0xDF, 0x1E, 0xF8, 0xF7, 0xC7,
    0x98, 0x01, 0xF0, 0x0F, 0x80, 0x7C, 0x03, 0xE0, 0x00, 0x00, 0x07, 0x01, 0xE0, 0x38, 0x0F, 0x01,
    0xC0, 0x00, 0x1E, 0x73, 0xDF, 0xFB, 0xFF, 0x7F, 0xEF, 0x80, 0x00, 0x00, 0x00, 0x00, 0x00, 0xF8,
    0x1F, 0x03, 0xE0, 0x7C, 0x0F, 0x81, 0xF0, 0x3E, 0x07, 0xC0, 0xF8, 0x1F, 0x03, 0xE0, 0x7C, 0x0F,
    0x81, 0xF0, 0x3E, 0x07, 0xC0, 0xF8, 0x1F, 0x00, 0x07, 0x03, 0x80, 0xE0, 0x78, 0x1C, 0x00, 0x00,
    0x00, 0x00, 0x00, 0x00, 0x07, 0x3B, 0xDE, 0xFF, 0xFF, 0xF0, 0x00, 0x00, 0x1E, 0x07, 0x81, 0xE0,
    0x78, 0x1E, 0x07, 0x81, 0xE0, 0x78, 0x1E, 0x07, 0x81, 0xE0, 0x78, 0x78, 0x03, 0xC0, 0x1E, 0x00,
    0xF0, 0x07, 0x80, 0x3C, 0x01, 0xE0, 0x0F, 0x00, 0x78, 0x07, 0xC0, 0x3E, 0x01, 0xF0, 0x0F, 0x80,
    0x7C, 0x3B, 0xFF, 0xFF, 0xFF, 0xFF, 0xFF, 0xFF, 0xC0, 0x00, 0x00, 0x00, 0x00, 0x00, 0x00, 0x1E,
    0x01, 0xF0, 0x0F, 0x80, 0x7C, 0x03, 0xE0, 0x70, 0xE3, 0xC7, 0x8F, 0x1E, 0x3C, 0x78, 0xF1, 0xE3,
    0xC7, 0x8F, 0x1E, 0x3C, 0x7E, 0xFD, 0xF8, 0x00, 0x00, 0x0E, 0x3E, 0x7C, 0xF9, 0xF0, 0x78, 0x03,
    0xC0, 0x1E, 0x00, 0xF0, 0x07, 0x80, 0x3C, 0x01, 0xE0, 0x0F, 0x00, 0x78, 0x07, 0xC0, 0x3E, 0x01,
    0xF0, 0x0F, 0x80, 0x7C, 0x3B, 0xFF, 0xFF, 0xFF, 0xFF, 0xFF, 0xFF, 0xC0, 0x00, 0x00, 0x00, 0x70,
    0x07, 0xC0, 0x3E, 0x07, 0xFC, 0x7F, 0xF7, 0xC7, 0xD8, 0x0C, 0x07, 0x00, 0x38, 0x03, 0xC0, 0x1E,
    0x00, 0xF0, 0x07, 0x80, 0x3C, 0x01, 0xE0, 0x0F, 0x00, 0x78, 0x03, 0xC0, 0x1E, 0x00, 0xF0, 0x07,
    0x80, 0x3C, 0x01, 0xF8, 0x0F, 0xC0, 0x7E, 0x00, 0x00, 0x0E, 0x00, 0x70, 0x07, 0xC0, 0x7F, 0x07,
    0xFC, 0x78, 0xF7, 0x83, 0xC0, 0x00, 0xF0, 0x00, 0x38, 0x00, 0x1E, 0x00, 0x07, 0x80, 0x01, 0xC0,
    0x1F, 0x03, 0xF7, 0xC0, 0xFD, 0xF8, 0x3F, 0x7E, 0x1F, 0xFF, 0xC7, 0xFF, 0xF3, 0xFF, 0xFC, 0xFF,
    0xFF, 0xBF, 0xFF, 0xFF, 0xFF, 0xFF, 0xFF, 0xFF, 0xFF, 0xFF, 0xFF, 0xFE, 0xFF, 0xFF, 0xBF, 0x7F,
    0xEF, 0xDF, 0xF9, 0xF7, 0xFE, 0x79, 0xFF, 0x8E, 0x7C, 0x00, 0x1C, 0x00, 0x01, 0xC0, 0x00, 0x38,
    0x00, 0x03, 0x80, 0x00, 0x78, 0x00, 0x00, 0x00, 0x00, 0x00, 0x07, 0xFC, 0xF8, 0x7F, 0xFF, 0xC7,
    0xFF, 0xFE, 0x7C, 0xF9, 0xE7, 0x8F, 0x8E, 0x78, 0xF8, 0xFF, 0x8F, 0x0F, 0xF8, 0xF1, 0xFF, 0x8F,
    0x1F, 0xF8, 0xF1, 0xFF, 0x1F, 0x1F, 0xF1, 0xF1, 0xF0, 0x01, 0xE0, 0x00, 0x78, 0x00, 0x1E, 0x00,
    0x07, 0x80, 0x03, 0xF0, 0x00, 0x00, 0x07, 0xC0, 0xFD, 0xF0, 0x3F, 0x7E, 0x0F, 0xDF, 0x87, 0xFF,
    0xF1, 0xFF, 0xFC, 0xFF, 0xFF, 0x3F, 0xFF, 0xEF, 0xFF, 0xFF, 0xFF, 0xFF, 0xFF, 0xFF, 0xFF, 0xFF,
    0xFF, 0xFF, 0xBF, 0xFF, 0xEF, 0xDF, 0xFB, 0xF7, 0xFE, 0x7D, 0xFF, 0x9E, 0x7F, 0xE3, 0x9F, 0x00,
    0x78, 0x00, 0x07, 0xC0, 0x00, 0x7C, 0x00, 0x07, 0xC0, 0x00, 0x7C, 0x00, 0x00, 0x00, 0x00, 0x00,
    0x07, 0xFC, 0xF8, 0x7F, 0xFF, 0xC7, 0xFF, 0xFE, 0x7C, 0xF9, 0xE7, 0x8F, 0x8E, 0x78, 0xF8, 0xFF,
    0x8F, 0x0F, 0xF8, 0xF1, 0xFF, 0x8F, 0x1F, 0xF8, 0xF1, 0xFF, 0x1F, 0x1F, 0xF1, 0xF1, 0xF0, 0x7C,
    0x0F, 0xDF, 0x03, 0xF7, 0xE0, 0xFD, 0xF8, 0x7F, 0xFF, 0x1F, 0xFF, 0xCF, 0xFF, 0xF3, 0xFF, 0xFE,
    0xFF, 0xFF, 0xFF, 0xFF, 0xFF, 0xFF, 0xFF, 0xFF, 0xFF, 0xFF, 0xFB, 0xFF, 0xFE, 0xFD, 0xFF, 0xBF,
    0x7F, 0xE7, 0xDF, 0xF9, 0xE7, 0xFE, 0x39, 0xF0, 0x00, 0x00, 0x07, 0x80, 0x01, 0xE0, 0x00, 0x78,
    0x00, 0x1F, 0x00, 0x07, 0xC0, 0x01, 0xE0, 0x03, 0xE0, 0x03, 0xE0, 0x03, 0xE0, 0x03, 0xE0, 0x00,
    0x00, 0x00, 0x00, 0x00, 0x1F, 0x7C, 0x1E, 0x7E, 0x1E, 0x7E, 0x1E, 0x7F, 0x1E, 0x7F, 0x1E, 0x7F,
    0x9E, 0x7F, 0x9E, 0x7F, 0x9E, 0x7F, 0xDE, 0x7F, 0xDE, 0x7F, 0xFE, 0xFD, 0xFE, 0xFD, 0xFE, 0xFC,
    0xFE, 0xFC, 0xFE, 0xFC, 0x7E, 0xFC, 0x7E, 0x07, 0x80, 0x78, 0x07, 0x80, 0xF8, 0x0F, 0x80, 0x00,
    0x00, 0x00, 0x00, 0x00, 0x07, 0xFC, 0x7F, 0xE7, 0xFE, 0xF8, 0xFF, 0x0F, 0xF0, 0xFF, 0x0F, 0xF0,
    0xFF, 0x0F, 0xF0, 0xFF, 0x8F, 0xF8, 0xF0, 0x00, 0x1F, 0x7C, 0x1E, 0x7E, 0x1E, 0x7E, 0x1E, 0x7F,
    0x1E, 0x7F, 0x1E, 0x7F, 0x9E, 0x7F, 0x9E, 0x7F, 0x9E, 0x7F, 0xDE, 0x7F, 0xDE, 0x7F, 0xFE, 0xFD,
    0xFE, 0xFD, 0xFE, 0xFC, 0xFE, 0xFC, 0xFE, 0xFC, 0x7E, 0xFC, 0x7E, 0x00, 0x00, 0x00, 0x00, 0x00,
    0x00, 0x00, 0x00, 0x03, 0xC0, 0x03, 0xC0, 0x07, 0xC0, 0x07, 0xC0, 0x07, 0xC0, 0x00, 0x07, 0xFC,
    0x7F, 0xE7, 0xFE, 0xF8, 0xFF, 0x0F, 0xF0, 0xFF, 0x0F, 0xF0, 0xFF, 0x0F, 0xF0, 0xFF, 0x8F, 0xF8,
    0xF0, 0x00, 0x00, 0x00, 0x00, 0x00, 0x00, 0xF0, 0x0F, 0x01, 0xF0, 0x1F, 0x01, 0xF0, 0x00, 0x1F,
    0x7C, 0x1E, 0x7E, 0x1E, 0x7E, 0x1E, 0x7F, 0x1E, 0x7F, 0x1E, 0x7F, 0x9E, 0x7F, 0x9E, 0x7F, 0x9E,
    0x7F, 0xDE, 0x7F, 0xDE, 0x7F, 0xFE, 0xFD, 0xFE, 0xFD, 0xFE, 0xFC, 0xFE, 0xFC, 0xFE, 0xFC, 0x7E,
    0xFC, 0x7E, 0x00, 0x00, 0x00, 0x00, 0x03, 0x80, 0x03, 0xC0, 0x07, 0xE0, 0x0F, 0xF0, 0x1E, 0xF8,
    0x3C, 0x3C, 0x00, 0x00, 0x00, 0x01, 0xFF, 0x0F, 0xFC, 0x7F, 0xE7, 0xC7, 0xBC, 0x3D, 0xE1, 0xEF,
    0x0F, 0x78, 0x7B, 0xC3, 0xDE, 0x1E, 0xF8, 0xF7, 0xC7, 0x80, 0x00, 0x00, 0x00, 0x60, 0x07, 0x80,
    0x7E, 0x07, 0xF8, 0x7F, 0xE7, 0x8F, 0xB8, 0x1C, 0x00, 0x30, 0x00, 0x1C, 0x00, 0x0F, 0x00, 0x03,
    0x80, 0x01, 0xE0, 0x00, 0x00, 0x00, 0x00, 0x00, 0x1E, 0xE0, 0x07, 0xF8, 0x01, 0xFE, 0x00, 0x6F,
    0x00, 0x08, 0x00, 0x00, 0x00, 0x01, 0xFE, 0x01, 0xFF, 0xC0, 0xFF, 0xF8, 0x3F, 0x3F, 0x1F, 0x03,
    0xE7, 0x80, 0xFB, 0xE0, 0x1E, 0xF8, 0x07, 0xFC, 0x01, 0xFF, 0x00, 0x7F, 0xE0, 0x1F, 0xF8, 0x0F,
    0xBF, 0xFF, 0xE7, 0xFF, 0xF9, 0xFF, 0xFE, 0x7F, 0xFF, 0x0F, 0xFF, 0x80, 0xFF, 0xC0, 0x00, 0x00,
    0x03, 0x80, 0x70, 0x07, 0x00, 0xF0, 0x0E, 0x00, 0x00, 0x00, 0x01, 0xDC, 0x3F, 0xC3, 0xFC, 0x3F,
    0x81, 0x10, 0x00, 0x00, 0x00, 0x00, 0x01, 0xF8, 0x7F, 0xC7, 0xFE, 0xF0, 0xFF, 0x0F, 0xF0, 0xFF,
    0x0F, 0xFF, 0xFF, 0xFF, 0x7F, 0xE7, 0xFC, 0x1F, 0x80, 0x3D, 0xE3, 0xDE, 0x3D, 0xE3, 0xDE, 0x00,
    0x01, 0xDC, 0x3F, 0xC3, 0xFC, 0x3F, 0x81, 0x10, 0x00, 0x01, 0xF8, 0x7F, 0xC7, 0xFE, 0xF0, 0xFF,
    0x0F, 0xF0, 0xFF, 0x0F, 0xFF, 0xFF, 0xFF, 0x7F, 0xE7, 0xFC, 0x1F, 0x80, 0x07, 0x80, 0x00, 0xF0,
    0x00, 0x1F, 0x00, 0x03, 0xE0, 0x00, 0x00, 0x00, 0x00, 0x00, 0xFF, 0x80, 0x7F, 0xF0, 0x1F, 0xFC,
    0x07, 0xFC, 0x00, 0x00, 0x00, 0x00, 0x00, 0x00, 0x00, 0x01, 0xFE, 0x01, 0xFF, 0xC0, 0xFF, 0xF8,
    0x3F, 0x3F, 0x1F, 0x03, 0xE7, 0x80, 0xFB, 0xE0, 0x1E, 0xF8, 0x07, 0xFC, 0x01, 0xFF, 0x00, 0x7F,
    0xE0, 0x1F, 0xF8, 0x0F, 0xBF, 0xFF, 0xE7, 0xFF, 0xF9, 0xFF, 0xFE, 0x7F, 0xFF, 0x0F, 0xFF, 0x80,
    0xFF, 0xC0, 0x00, 0x00, 0x78, 0x03, 0xC0, 0x1F, 0x00, 0xF8, 0x00, 0x80, 0x00, 0x00, 0x00, 0x00,
    0x7F, 0xE7, 0xFE, 0xFF, 0xEF, 0xE0, 0x00, 0x00, 0x00, 0x00, 0x01, 0xF8, 0x7F, 0xC7, 0xFE, 0xF0,
    0xFF, 0x0F, 0xF0, 0xFF, 0x0F, 0xFF, 0xFF, 0xFF, 0x7F, 0xE7, 0xFC, 0x1F, 0x80, 0x00, 0xE0, 0x00,
    0x38, 0x00, 0x1E, 0x00, 0x07, 0x00, 0x01, 0xC0, 0x00, 0x00, 0x00, 0xFF, 0x80, 0x7F, 0xF0, 0x1F,
    0xFC, 0x07, 0xF0, 0x00, 0x00, 0x00, 0x00, 0x00, 0x00, 0x00, 0x01, 0xFE, 0x01, 0xFF, 0xC0, 0xFF,
    0xF8, 0x3F, 0x3F, 0x1F, 0x03, 0xE7, 0x80, 0xFB, 0xE0, 0x1E, 0xF8, 0x07, 0xFC, 0x01, 0xFF, 0x00,
    0x7F, 0xE0, 0x1F, 0xF8, 0x0F, 0xBF, 0xFF, 0xE7, 0xFF, 0xF9, 0xFF, 0xFE, 0x7F, 0xFF, 0x0F, 0xFF,
    0x80, 0xFF, 0xC0, 0x00, 0x00, 0x07, 0x00, 0x70, 0x0E, 0x00, 0xE0, 0x1E, 0x00, 0x00, 0x00, 0x00,
    0x00, 0x7F, 0xE7, 0xFE, 0xFF, 0xEF, 0xF0, 0x00, 0x00, 0x00, 0x00, 0x01, 0xF8, 0x7F, 0xC7, 0xFE,
    0xF0, 0xFF, 0x0F, 0xF0, 0xFF, 0x0F, 0xFF, 0xFF, 0xFF, 0x7F, 0xE7, 0xFC, 0x1F, 0x80, 0x07, 0x80,
    0x3C, 0x01, 0xE0, 0x1F, 0x00, 0xF8, 0x00, 0x00, 0x00, 0x00, 0x00, 0x7F, 0x83, 0xFF, 0x1F, 0xFC,
    0xF3, 0xE7, 0x87, 0xBC, 0x3D, 0xE3, 0xEF, 0xFF, 0x7F, 0xF7, 0xFF, 0xBF, 0xF9, 0xFE, 0x0F, 0x80,
    0x7C, 0x03, 0xE0, 0x1F, 0x00, 0xF8, 0x07, 0xC0, 0x00, 0x07, 0x80, 0x1E, 0x00, 0x78, 0x01, 0xF0,
    0x07, 0xC0, 0x0E, 0x07, 0xFE, 0x1F, 0xFC, 0x7F, 0x79, 0xF8, 0xE3, 0xC3, 0x8F, 0x07, 0x3C, 0x1C,
    0xF0, 0xF7, 0xFF, 0x9F, 0xFE, 0x7F, 0xF9, 0xFF, 0xC7, 0xBC, 0x1E, 0x00, 0xF8, 0x03, 0xE0, 0x0F,
    0x00, 0x3C, 0x00, 0x7F, 0xC1, 0xFF, 0x87, 0xFF, 0x1C, 0x3C, 0x70, 0x71, 0xC1, 0xC7, 0x0F, 0x1F,
    0xFC, 0x7F, 0xF1, 0xFF, 0x8F, 0xFE, 0x3F, 0xFC, 0xF8, 0xF3, 0xE3, 0xEF, 0x8F, 0xBE, 0x3E, 0xFC,
    0xFF, 0xF3, 0xF0, 0x00, 0x00, 0x00, 0x00, 0x00, 0x00, 0x00, 0x00, 0x01, 0xC0, 0x0F, 0x80, 0x3E,
    0x00, 0xF8, 0x03, 0xE0, 0x7F, 0xBF, 0xDF, 0xEF, 0x87, 0x83, 0xC1, 0xE0, 0xF0, 0xF8, 0x7C, 0x3E,
    0x1F, 0x00, 0x00, 0x00, 0x00, 0x00, 0x00, 0x3C, 0x1E, 0x1F, 0x0F, 0x87, 0xC0, 0x03, 0xC0, 0x03,
    0xC0, 0x03, 0xC0, 0x03, 0xC0, 0x07, 0xE0, 0x00, 0x00, 0x00, 0x00, 0x07, 0xFC, 0x1F, 0xF8, 0x3F,
    0xF8, 0x3F, 0x30, 0x3C, 0x00, 0x3C, 0x00, 0x3E, 0x00, 0x3F, 0xE0, 0x1F, 0xF8, 0x1F, 0xFE, 0x07,
    0xFE, 0x00, 0x7F, 0x10, 0x1F, 0x3C, 0x1F, 0x7F, 0xFF, 0x7F, 0xFF, 0xFF, 0xFE, 0x3F, 0xF8, 0x00,
    0x00, 0x0F, 0x00, 0xF8, 0x0F, 0x80, 0xF8, 0x0F, 0x80, 0x00, 0x1F, 0xC3, 0xFC, 0x78, 0xC3, 0x80,
    0x3F, 0x81, 0xFE, 0x07, 0xF1, 0x0F, 0x3F, 0xF7, 0xFF, 0xFF, 0xE7, 0xFC, 0x00, 0x00, 0x07, 0xFC,
    0x1F, 0xF8, 0x3F, 0xF8, 0x3F, 0x30, 0x3C, 0x00, 0x3C, 0x00, 0x3E, 0x00, 0x3F, 0xE0, 0x1F, 0xF8,
    0x1F, 0xFE, 0x07, 0xFE, 0x00, 0x7F, 0x10, 0x1F, 0x3C, 0x1F, 0x7F, 0xFF, 0x7F, 0xFF, 0xFF, 0xFE,
    0x3F, 0xF8, 0x00, 0x00, 0x00, 0x00, 0x00, 0x00, 0x03, 0xC0, 0x03, 0xC0, 0x03, 0xC0, 0x03, 0xC0,
    0x07, 0xE0, 0x00, 0x01, 0xFC, 0x3F, 0xC7, 0x8C, 0x38, 0x03, 0xF8, 0x1F, 0xE0, 0x7F, 0x10, 0xF3,
    0xFF, 0x7F, 0xFF, 0xFE, 0x7F, 0xC0, 0x00, 0x00, 0x00, 0x00, 0x00, 0x00, 0xF0, 0x0F, 0x00, 0xF8,
    0x0F, 0x80, 0xF8, 0x01, 0xE0, 0x01, 0xF0, 0x01, 0xF0, 0x01, 0xF0, 0x01, 0xF0, 0x00, 0x00, 0x00,
    0xC0, 0x01, 0xC0, 0x01, 0xC0, 0x03, 0xC0, 0x03, 0x80, 0x00, 0x00, 0x00, 0x00, 0x07, 0xFC, 0x1F,
    0xF8, 0x3F, 0xF8, 0x3F, 0x30, 0x3C, 0x00, 0x3C, 0x00, 0x3E, 0x00, 0x3F, 0xE0, 0x1F, 0xF8, 0x1F,
    0xFE, 0x07, 0xFE, 0x00, 0x7F, 0x10, 0x1F, 0x3C, 0x1F, 0x7F, 0xFF, 0x7F, 0xFF, 0xFF, 0xFE, 0x3F,
    0xF8, 0x00, 0x00, 0x03, 0xC0, 0x3C, 0x07, 0xC0, 0x7C, 0x07, 0xC0, 0x00, 0x00, 0x00, 0x38, 0x03,
    0x80, 0x70, 0x07, 0x00, 0xF0, 0x00, 0x01, 0xFC, 0x3F, 0xC7, 0x8C, 0x38, 0x03, 0xF8, 0x1F, 0xE0,
    0x7F, 0x10, 0xF3, 0xFF, 0x7F, 0xFF, 0xFE, 0x7F, 0xC0, 0x00, 0x03, 0xC0, 0x03, 0xC0, 0x03, 0xC0,
    0x07, 0xC0, 0x07, 0xC0, 0x1E, 0x3C, 0x0F, 0xF8, 0x07, 0xF0, 0x03, 0xE0, 0x03, 0xC0, 0x01, 0x80,
    0x00, 0x00, 0x00, 0x00, 0x07, 0xFC, 0x1F, 0xF8, 0x3F, 0xF8, 0x3F, 0x30, 0x3C, 0x00, 0x3C, 0x00,
    0x3E, 0x00, 0x3F, 0xE0, 0x1F, 0xF8, 0x1F, 0xFE, 0x07, 0xFE, 0x00, 0x7F, 0x10, 0x1F, 0x3C, 0x1F,
    0x7F, 0xFF, 0x7F, 0xFF, 0xFF, 0xFE, 0x3F, 0xF8, 0x00, 0x00, 0x0F, 0x00, 0xF8, 0x0F, 0x80, 0xF8,
    0x7F, 0xF7, 0x9E, 0x3F, 0xC1, 0xF8, 0x0F, 0x00, 0x70, 0x00, 0x00, 0x00, 0x1F, 0xC3, 0xFC, 0x78,
    0xC3, 0x80, 0x3F, 0x81, 0xFE, 0x07, 0xF1, 0x0F, 0x3F, 0xF7, 0xFF, 0xFF, 0xE7, 0xFC, 0x00, 0x00,
    0x03, 0xC0, 0x03, 0xC0, 0x03, 0xC0, 0x03, 0xC0, 0x07, 0xC0, 0x00, 0x00, 0x00, 0x00, 0xFF, 0xFF,
    0xFF, 0xFF, 0xFF, 0xFF, 0xFF, 0xFF, 0x03, 0xC0, 0x03, 0xC0, 0x03, 0xC0, 0x03, 0xC0, 0x03, 0xC0,
    0x03, 0xC0, 0x03, 0xC0, 0x03, 0xC0, 0x03, 0xC0, 0x03, 0xC0, 0x03, 0xC0, 0x07, 0xC0, 0x07, 0xE0,
    0x07, 0xE0, 0x1E, 0x03, 0xE0, 0x7C, 0x0F, 0x81, 0xF0, 0x00, 0x03, 0x80, 0xF0, 0x1E, 0x03, 0xC1,
    0xFF, 0x7F, 0xEF, 0xFC, 0x3C, 0x07, 0x80, 0xF0, 0x1E, 0x03, 0xC0, 0x7E, 0x0F, 0xE1, 0xFC, 0x3F,
    0x80, 0x00, 0xFF, 0xFF, 0xFF, 0xFF, 0xFF, 0xFF, 0xFF, 0xFF, 0x03, 0xC0, 0x03, 0xC0, 0x03, 0xC0,
    0x03, 0xC0, 0x03, 0xC0, 0x03, 0xC0, 0x03, 0xC0, 0x03, 0xC0, 0x03, 0xC0, 0x03, 0xC0, 0x03, 0xC0,
    0x07, 0xC0, 0x07, 0xE0, 0x07, 0xE0, 0x00, 0x00, 0x00, 0x00, 0x03, 0xC0, 0x07, 0xC0, 0x07, 0xC0,
    0x07, 0xC0, 0x07, 0xC0, 0x00, 0x01, 0xC0, 0x78, 0x0F, 0x01, 0xE0, 0xFF, 0xBF, 0xF7, 0xFE, 0x1E,
    0x03, 0xC0, 0x78, 0x0F, 0x01, 0xE0, 0x3F, 0x07, 0xF0, 0xFE, 0x1F, 0xC0, 0x00, 0x00, 0x00, 0x00,
    0x00, 0x0F, 0x01, 0xE0, 0x7C, 0x0F, 0x81, 0xF0, 0xFF, 0xFF, 0xFF, 0xFF, 0xFF, 0xFF, 0xFF, 0xFF,
    0x03, 0xC0, 0x03, 0xC0, 0x03, 0xC0, 0x03, 0xC0, 0x03, 0xC0, 0x03, 0xC0, 0x03, 0xC0, 0x03, 0xC0,
    0x03, 0xC0, 0x03, 0xC0, 0x03, 0xC0, 0x07, 0xC0, 0x07, 0xE0, 0x07, 0xE0, 0x00, 0x00, 0x00, 0x00,
    0x07, 0xE0, 0x3F, 0xE0, 0x3F, 0xF0, 0x20, 0x00, 0x00, 0x01, 0xC0, 0x78, 0x0F, 0x01, 0xE0, 0xFF,
    0xBF, 0xF7, 0xFE, 0x1E, 0x03, 0xC0, 0x78, 0x0F, 0x01, 0xE0, 0x3F, 0x07, 0xF0, 0xFE, 0x1F, 0xC0,
    0x00, 0x00, 0x00, 0x47, 0xFD, 0xFF, 0xBF, 0xC0, 0xFF, 0xFF, 0xFF, 0xFF, 0xFF, 0xFF, 0xFF, 0xFF,
    0x03, 0xC0, 0x03, 0xC0, 0x03, 0xC0, 0x03, 0xC0, 0x03, 0xC0, 0x03, 0xC0, 0x03, 0xC0, 0x03, 0xC0,
    0x03, 0xC0, 0x03, 0xC0, 0x03, 0xC0, 0x07, 0xC0, 0x07, 0xE0, 0x07, 0xE0, 0x03, 0x80, 0x03, 0xC0,
    0x07, 0xE0, 0x0F, 0xF0, 0x1F, 0xF8, 0x3C, 0x7C, 0x30, 0x1C, 0x00, 0x00, 0x70, 0x07, 0x80, 0x3C,
    0x01, 0xE0, 0x3F, 0xE3, 0xFF, 0x1F, 0xF8, 0x1E, 0x00, 0xF0, 0x07, 0x80, 0x3C, 0x01, 0xE0, 0x0F,
    0xC0, 0x7F, 0x03, 0xF8, 0x1F, 0xC0, 0x00, 0x00, 0x00, 0x0E, 0x00, 0xF8, 0x0F, 0xE0, 0xFF, 0x8F,
    0xBE, 0x78, 0x78, 0xF8, 0x3F, 0xF8, 0x3E, 0xF8, 0x3E, 0xF8, 0x3E, 0xF8, 0x3E, 0xF8, 0x3E, 0xF8,
    0x3E, 0xF8, 0x3E, 0xF8, 0x3E, 0xF8, 0x3E, 0xF8, 0x3E, 0xF8, 0x3E, 0xFC, 0x3E, 0x7F, 0xFE, 0x7F,
    0xFE, 0x7F, 0xFC, 0x7F, 0xFC, 0x3F, 0xF8, 0x00, 0x00, 0x00, 0x00, 0x00, 0x00, 0x00, 0x00, 0x00,
    0x00, 0x00, 0x00, 0x3D, 0xE0, 0x3D, 0xE0, 0x3D, 0xE0, 0x3D, 0xE0, 0xF8, 0x3F, 0xF8, 0x3E, 0xF8,
    0x3E, 0xF8, 0x3E, 0xF8, 0x3E, 0xF8, 0x3E, 0xF8, 0x3E, 0xF8, 0x3E, 0xF8, 0x3E, 0xF8, 0x3E, 0xF8,
    0x3E, 0xF8, 0x3E, 0xFC, 0x3E, 0x7F, 0xFE, 0x7F, 0xFE, 0x7F, 0xFC, 0x7F, 0xFC, 0x3F, 0xF8, 0x00,
    0x00, 0x00, 0x00, 0x00, 0x00, 0x00, 0x00, 0x06, 0x30, 0x0F, 0x30, 0x0F, 0xF0, 0x1F, 0xF0, 0x1D,
    0xF0, 0x0C, 0xE0, 0x00, 0x00, 0x01, 0xEE, 0x00, 0x7F, 0x80, 0x1F, 0xE0, 0x06, 0xF0, 0x00, 0x00,
    0x00, 0x00, 0x00, 0x00, 0x00, 0xF8, 0x07, 0xBE, 0x01, 0xE7, 0x80, 0xF9, 0xF0, 0x3C, 0x7C, 0x1F,
    0x0F, 0x87, 0xC3, 0xE3, 0xF0, 0xF8, 0xF8, 0x1F, 0x3E, 0x07, 0xDF, 0x81, 0xFF, 0xC0, 0x3F, 0xF0,
    0x0F, 0xFC, 0x03, 0xFE, 0x00, 0xFF, 0x80, 0x1F, 0xE0, 0x07, 0xF0, 0x01, 0xFC, 0x00, 0x00, 0x00,
    0x1E, 0xC0, 0x7F, 0x80, 0xFF, 0x01, 0xDE, 0x00, 0x00, 0x00, 0x00, 0x00, 0x00, 0xF0, 0x3D, 0xF0,
    0x79, 0xE0, 0xF3, 0xE3, 0xC3, 0xC7, 0x87, 0xDE, 0x07, 0xBC, 0x0F, 0xF0, 0x0F, 0xE0, 0x1F, 0xC0,
    0x3F, 0x00, 0x7E, 0x00, 0x01, 0xE0, 0x00, 0x01, 0xF0, 0x00, 0x00, 0xF8, 0x00, 0x00, 0x7E, 0x00,
    0x00, 0x00, 0x00, 0x00, 0x00, 0x00, 0x00, 0x00, 0x00, 0xF8, 0x00, 0x1F, 0xF8, 0x00, 0x3E, 0xFC,
    0x00, 0x3E, 0x7C, 0x00, 0x3E, 0x7C, 0x00, 0x3E, 0x7C, 0x3C, 0x3C, 0x7C, 0x7C, 0x7C, 0x3E, 0x7E,
    0x7C, 0x3E, 0xFE, 0x7C, 0x3E, 0xFF, 0x78, 0x3F, 0xFF, 0xF8, 0x3F, 0xFF, 0xF8, 0x1F, 0xFF, 0xF8,
    0x1F, 0xFF, 0xF0, 0x1F, 0xE7, 0xF0, 0x1F, 0xE7, 0xF0, 0x1F, 0xC3, 0xF0, 0x0F, 0xC3, 0xF0, 0x0F,
    0x00, 0x07, 0xC0, 0x01, 0xF0, 0x00, 0x7E, 0x00, 0x00, 0x00, 0x00, 0x00, 0x00, 0x00, 0x00, 0x00,
    0xF0, 0x07, 0xF8, 0x03, 0xFC, 0x71, 0xEF, 0x39, 0xE7, 0xBE, 0xF3, 0xFF, 0xF9, 0xFF, 0xFC, 0x7F,
    0xFC, 0x3F, 0xFE, 0x1F, 0xFF, 0x07, 0xDF, 0x83, 0xEF, 0x81, 0xE3, 0xC0, 0x00, 0x1C, 0x00, 0x00,
    0x1C, 0x00, 0x00, 0x3C, 0x00, 0x00, 0x38, 0x00, 0x00, 0x38, 0x00, 0x00, 0x00, 0x00, 0x00, 0x00,
    0x00, 0x00, 0x00, 0x00, 0x00, 0x00, 0x00, 0x00, 0x00, 0x00, 0xF8, 0x00, 0x1F, 0xF8, 0x00, 0x1E,
    0xF8, 0x00, 0x3E, 0x7C, 0x00, 0x3E, 0x7C, 0x00, 0x3E, 0x7C, 0x3C, 0x3C, 0x7C, 0x7C, 0x7C, 0x3E,
    0x7E, 0x7C, 0x3E, 0xFE, 0x7C, 0x3E, 0xFF, 0x78, 0x3F, 0xFF, 0xF8, 0x3F, 0xFF, 0xF8, 0x1F, 0xFF,
    0xF8, 0x1F, 0xFF, 0xF0, 0x1F, 0xE7, 0xF0, 0x1F, 0xE7, 0xF0, 0x1F, 0xC3, 0xF0, 0x0F, 0xC3, 0xF0,
    0x00, 0xE0, 0x00, 0x70, 0x00, 0x78, 0x00, 0x38, 0x00, 0x1C, 0x00, 0x00, 0x00, 0x00, 0x00, 0x00,
    0x00, 0x00, 0x00, 0x00, 0x00, 0x00, 0x00, 0x1E, 0x00, 0xFF, 0x00, 0x7F, 0x8E, 0x3D, 0xE7, 0x3C,
    0xF7, 0xDE, 0x7F, 0xFF, 0x3F, 0xFF, 0x8F, 0xFF, 0x87, 0xFF, 0xC3, 0xFF, 0xE0, 0xFB, 0xF0, 0x7D,
    0xF0, 0x3C, 0x78, 0x01, 0xE7, 0x80, 0x01, 0xEF, 0x80, 0x01, 0xEF, 0x80, 0x03, 0xEF, 0x80, 0x03,
    0xEF, 0x80, 0x00, 0x00, 0x00, 0x00, 0x00, 0x00, 0x00, 0x00, 0x00, 0xF8, 0x00, 0x1F, 0xF8, 0x00,
    0x3E, 0xFC, 0x00, 0x3E, 0x7C, 0x00, 0x3E, 0x7C, 0x00, 0x3E, 0x7C, 0x3C, 0x3C, 0x7C, 0x7C, 0x7C,
    0x3E, 0x7E, 0x7C, 0x3E, 0xFE, 0x7C, 0x3E, 0xFF, 0x78, 0x3F, 0xFF, 0xF8, 0x3F, 0xFF, 0xF8, 0x1F,
    0xFF, 0xF8, 0x1F, 0xFF, 0xF0, 0x1F, 0xE7, 0xF0, 0x1F, 0xE7, 0xF0, 0x1F, 0xC3, 0xF0, 0x0F, 0xC3,
    0xF0, 0x0F, 0x78, 0x07, 0xBE, 0x07, 0xDF, 0x03, 0xEF, 0x81, 0xF7, 0xC0, 0x00, 0x00, 0x00, 0x00,
    0x00, 0x00, 0x00, 0x00, 0x78, 0x03, 0xFC, 0x01, 0xFE, 0x38, 0xF7, 0x9C, 0xF3, 0xDF, 0x79, 0xFF,
    0xFC, 0xFF, 0xFE, 0x3F, 0xFE, 0x1F, 0xFF, 0x0F, 0xFF, 0x83, 0xEF, 0xC1, 0xF7, 0xC0, 0xF1, 0xE0,
    0x01, 0x80, 0x01, 0xE0, 0x00, 0xF0, 0x00, 0xFC, 0x00, 0xFF, 0x01, 0xF3, 0xC0, 0x00, 0x00, 0x00,
    0x00, 0x7F, 0xFF, 0x9F, 0xFF, 0xCF, 0xFF, 0xE3, 0xFF, 0xE0, 0x07, 0xF0, 0x07, 0xF0, 0x07, 0xF0,
    0x07, 0xF0, 0x07, 0xF8, 0x07, 0xF8, 0x07, 0xF8, 0x07, 0xF8, 0x07, 0xF8, 0x07, 0xFF, 0xF3, 0xFF,
    0xF9, 0xFF, 0xFE, 0xFF, 0xFF, 0x7F, 0xFF, 0x80, 0x07, 0x00, 0x7C, 0x07, 0xF0, 0x7F, 0xC7, 0x8F,
    0x38, 0x38, 0x00, 0x00, 0x00, 0x00, 0x01, 0xFF, 0x8F, 0xFC, 0x7F, 0xE0, 0x3E, 0x03, 0xE0, 0x3E,
    0x03, 0xE0, 0x3E, 0x03, 0xF0, 0x3F, 0xF9, 0xFF, 0xEF, 0xFF, 0x00, 0x7F, 0xFF, 0x9F, 0xFF, 0xCF,
    0xFF, 0xE3, 0xFF, 0xE0, 0x07, 0xF0, 0x07, 0xF0, 0x07, 0xF0, 0x07, 0xF0, 0x07, 0xF8, 0x07, 0xF8,
    0x07, 0xF8, 0x07, 0xF8, 0x07, 0xF8, 0x07, 0xFF, 0xF3, 0xFF, 0xF9, 0xFF, 0xFE, 0xFF, 0xFF, 0x7F,
    0xFF, 0x80, 0x00, 0x00, 0x00, 0x00, 0x00, 0x00, 0x00, 0x00, 0x0F, 0x00, 0x07, 0x80, 0x03, 0xE0,
    0x01, 0xF0, 0x00, 0xF8, 0x00, 0x3F, 0xF1, 0xFF, 0x8F, 0xFC, 0x07, 0xC0, 0x7C, 0x07, 0xC0, 0x7C,
    0x07, 0xC0, 0x7E, 0x07, 0xFF, 0x3F, 0xFD, 0xFF, 0xE0, 0x00, 0x00, 0x00, 0x00, 0x00, 0x00, 0x0F,
    0x00, 0x78, 0x03, 0xE0, 0x1F, 0x00, 0xF8, 0x00, 0x07, 0xFC, 0x00, 0x1F, 0xF0, 0x3F, 0xF0, 0x00,
    0xFF, 0xE0, 0xFF, 0xE0, 0x01, 0xFF, 0x81, 0xF9, 0x80, 0x07, 0xE7, 0x03, 0xC0, 0x00, 0x0F, 0x00,
    0x07, 0x80, 0x00, 0x1E, 0x00, 0x0F, 0x80, 0x00, 0x3E, 0x00, 0x1F, 0xF0, 0x00, 0x7F, 0xC0, 0x1F,
    0xF8, 0x00, 0x7F, 0xE0, 0x3F, 0xFC, 0x00, 0x7F, 0xF0, 0x1F, 0xF8, 0x00, 0x3F, 0xF0, 0x03, 0xF8,
    0x00, 0x0F, 0xE1, 0x01, 0xF0, 0x04, 0x07, 0xC7, 0x83, 0xE0, 0x1E, 0x0F, 0x9F, 0xFF, 0xC0, 0x3F,
    0xFF, 0x3F, 0xFF, 0x80, 0xFF, 0xFE, 0xFF, 0xFE, 0x01, 0xFF, 0xF8, 0x7F, 0xF0, 0x01, 0xFF, 0xC0,
    0x00, 0x00, 0x00, 0x00, 0x00, 0x01, 0xE0, 0x00, 0x7C, 0x00, 0x3F, 0x00, 0x0F, 0xC0, 0x03, 0xF8,
    0x01, 0xFE, 0x00, 0x7B, 0xC0, 0x3C, 0xF0, 0x0F, 0x3C, 0x03, 0xCF, 0x81, 0xF1, 0xE0, 0x7F, 0xF8,
    0x3F, 0xFF, 0x0F, 0xFF, 0xC3, 0xFF, 0xF9, 0xF0, 0x3E, 0x7C, 0x0F, 0xBF, 0x01, 0xF0, 0x00, 0x00,
    0x07, 0x80, 0x01, 0xE0, 0x00, 0x78, 0x00, 0x1E, 0x00, 0x0F, 0xC0, 0x00, 0x03, 0xFE, 0x7F, 0xE7,
    0xFE, 0xF1, 0xEE, 0x1E, 0xE0, 0xEE, 0x0E, 0xE1, 0xEF, 0xFF, 0xFF, 0xF7, 0xFF, 0x3F, 0xF0, 0x00,
    0x00, 0x00, 0x00, 0x0F, 0x00, 0xF0, 0x1F, 0x01, 0xF0, 0x1F, 0x00, 0x00, 0xC0, 0x00, 0x3C, 0x00,
    0x03, 0x00, 0x01, 0x80, 0x00, 0xC0, 0x00, 0x00, 0x00, 0x00, 0x00, 0x00, 0x00, 0x01, 0xE0, 0x00,
    0x7C, 0x00, 0x3F, 0x00, 0x0F, 0xC0, 0x03, 0xF8, 0x01, 0xFE, 0x00, 0x7B, 0xC0, 0x3C, 0xF0, 0x0F,
    0x3C, 0x03, 0xCF, 0x81, 0xF1, 0xE0, 0x7F, 0xF8, 0x3F, 0xFF, 0x0F, 0xFF, 0xC3, 0xFF, 0xF9, 0xF0,
    0x3E, 0x7C, 0x0F, 0xBF, 0x01, 0xF0, 0x07, 0x00, 0x70, 0x03, 0x00, 0x70, 0x06, 0x00, 0x00, 0x00,
    0x00, 0x00, 0x3F, 0xE7, 0xFE, 0x7F, 0xEF, 0x1E, 0xE1, 0xEE, 0x0E, 0xE0, 0xEE, 0x1E, 0xFF, 0xFF,
    0xFF, 0x7F, 0xF3, 0xFF, 0x00, 0x60, 0x00, 0x38, 0x00, 0x0E, 0x00, 0x07, 0x80, 0x01, 0xC0, 0x00,
    0x00, 0x00, 0x04, 0x00, 0x03, 0x80, 0x01, 0xF0, 0x00, 0xFE, 0x00, 0x7F, 0xC0, 0x3C, 0x78, 0x00,
    0x00, 0x00, 0x00, 0x00, 0x1E, 0x00, 0x07, 0xC0, 0x03, 0xF0, 0x00, 0xFC, 0x00, 0x3F, 0x80, 0x1F,
    0xE0, 0x07, 0xBC, 0x03, 0xCF, 0x00, 0xF3, 0xC0, 0x3C, 0xF8, 0x1F, 0x1E, 0x07, 0xFF, 0x83, 0xFF,
    0xF0, 0xFF, 0xFC, 0x3F, 0xFF, 0x9F, 0x03, 0xE7, 0xC0, 0xFB, 0xF0, 0x1F, 0x00, 0x38, 0x01, 0xC0,
    0x1C, 0x0F, 0xE0, 0xFF, 0x0F, 0xE0, 0xFF, 0x8F, 0x3E, 0x70, 0x70, 0x00, 0x00, 0x00, 0x7F, 0xC7,
    0xFE, 0x3F, 0xF3, 0xC7, 0x9C, 0x3C, 0xE0, 0xE7, 0x07, 0x38, 0x79, 0xFF, 0xEF, 0xFF, 0x3F, 0xF8,
    0xFF, 0xC0, 0xF8, 0x00, 0x07, 0xC1, 0x00, 0x1F, 0x38, 0x00, 0xFF, 0xC0, 0x00, 0xFE, 0x00, 0x1F,
    0xF0, 0x03, 0xC7, 0x80, 0x00, 0x00, 0x00, 0x00, 0x00, 0x07, 0x80, 0x00, 0x7C, 0x00, 0x0F, 0xC0,
    0x00, 0xFC, 0x00, 0x0F, 0xE0, 0x01, 0xFE, 0x00, 0x1E, 0xF0, 0x03, 0xCF, 0x00, 0x3C, 0xF0, 0x03,
    0xCF, 0x80, 0x7C, 0x78, 0x07, 0xFF, 0x80, 0xFF, 0xFC, 0x0F, 0xFF, 0xC0, 0xFF, 0xFE, 0x1F, 0x03,
    0xE1, 0xF0, 0x3E, 0x3F, 0x01, 0xF0, 0xF0, 0x00, 0x1F, 0x00, 0x03, 0xE0, 0x00, 0x7C, 0x00, 0x00,
    0x1C, 0x00, 0x0F, 0x80, 0x07, 0xF0, 0x03, 0xFE, 0x01, 0xE3, 0xC0, 0x60, 0x70, 0x00, 0x00, 0x00,
    0x00, 0x00, 0xFF, 0x80, 0x7F, 0xE0, 0x1F, 0xF8, 0x0F, 0x1E, 0x03, 0x87, 0x80, 0xE0, 0xE0, 0x38,
    0x38, 0x0E, 0x1E, 0x03, 0xFF, 0xC0, 0xFF, 0xF0, 0x1F, 0xFC, 0x03, 0xFF, 0x00, 0xE0, 0x00, 0x3C,
    0x00, 0x07, 0x00, 0x03, 0x80, 0x00, 0x40, 0x00, 0x00, 0x00, 0x04, 0x00, 0x03, 0x80, 0x01, 0xF0,
    0x00, 0xFE, 0x00, 0x7F, 0xC0, 0x3C, 0x78, 0x00, 0x00, 0x00, 0x00, 0x00, 0x1E, 0x00, 0x07, 0xC0,
    0x03, 0xF0, 0x00, 0xFC, 0x00, 0x3F, 0x80, 0x1F, 0xE0, 0x07, 0xBC, 0x03, 0xCF, 0x00, 0xF3, 0xC0,
    0x3C, 0xF8, 0x1F, 0x1E, 0x07, 0xFF, 0x83, 0xFF, 0xF0, 0xFF, 0xFC, 0x3F, 0xFF, 0x9F, 0x03, 0xE7,
    0xC0, 0xFB, 0xF0, 0x1F, 0x00, 0x78, 0x01, 0xE0, 0x01, 0xC0, 0x0E, 0x06, 0x78, 0x3D, 0xC0, 0xF0,
    0x07, 0xE0, 0x7F, 0xC3, 0xC7, 0x80, 0x00, 0x00, 0x00, 0x3F, 0xE1, 0xFF, 0x87, 0xFE, 0x3C, 0x78,
    0xE1, 0xE3, 0x83, 0x8E, 0x0E, 0x38, 0x78, 0xFF, 0xF3, 0xFF, 0xC7, 0xFF, 0x0F, 0xFC, 0x00, 0x00,
    0x00, 0xF6, 0x00, 0x7F, 0x80, 0x1F, 0xE0, 0x07, 0x78, 0x00, 0x80, 0x00, 0x0E, 0x00, 0x07, 0x80,
    0x03, 0xF0, 0x01, 0xFE, 0x00, 0xF3, 0xC0, 0x30, 0x30, 0x01, 0xE0, 0x00, 0x7C, 0x00, 0x3F, 0x00,
    0x0F, 0xC0, 0x03, 0xF8, 0x01, 0xFE, 0x00, 0x7B, 0xC0, 0x3C, 0xF0, 0x0F, 0x3C, 0x03, 0xCF, 0x81,
    0xF1, 0xE0, 0x7F, 0xF8, 0x3F, 0xFF, 0x0F, 0xFF, 0xC3, 0xFF, 0xF9, 0xF0, 0x3E, 0x7C, 0x0F, 0xBF,
    0x01, 0xF0, 0x00, 0x01, 0xDC, 0x3F, 0xC3, 0xFC, 0x3B, 0x80, 0x00, 0x06, 0x00, 0xF0, 0x1F, 0x03,
    0xF8, 0x7F, 0xCF, 0x1E, 0x00, 0x03, 0xFE, 0x7F, 0xE7, 0xFE, 0xF1, 0xEE, 0x1E, 0xE0, 0xEE, 0x0E,
    0xE1, 0xEF, 0xFF, 0xFF, 0xF7, 0xFF, 0x3F, 0xF0, 0x00, 0x40, 0x00, 0x38, 0x00, 0x1F, 0x00, 0x0F,
    0xE0, 0x07, 0xFC, 0x03, 0xC7, 0x80, 0x00, 0x00, 0x00, 0x00, 0x01, 0xE0, 0x00, 0x7C, 0x00, 0x3F,
    0x00, 0x0F, 0xC0, 0x03, 0xF8, 0x01, 0xFE, 0x00, 0x7B, 0xC0, 0x3C, 0xF0, 0x0F, 0x3C, 0x03, 0xCF,
    0x81, 0xF1, 0xE0, 0x7F, 0xF8, 0x3F, 0xFF, 0x0F, 0xFF, 0xC3, 0xFF, 0xF9, 0xF0, 0x3E, 0x7C, 0x0F,
    0xBF, 0x01, 0xF0, 0x00, 0x00, 0x07, 0x80, 0x01, 0xE0, 0x00, 0x78, 0x00, 0x1E, 0x00, 0x0F, 0xC0,
    0x07, 0x00, 0xF8, 0x1F, 0xC3, 0xFE, 0x78, 0xF6, 0x07, 0x00, 0x00, 0x00, 0x3F, 0xE7, 0xFE, 0x7F,
    0xEF, 0x1E, 0xE1, 0xEE, 0x0E, 0xE0, 0xEE, 0x1E, 0xFF, 0xFF, 0xFF, 0x7F, 0xF3, 0xFF, 0x00, 0x00,
    0x00, 0x00, 0x00, 0xF0, 0x0F, 0x01, 0xF0, 0x1F, 0x01, 0xF0, 0x00, 0x70, 0x00, 0x38, 0x00, 0x0E,
    0x00, 0x07, 0x80, 0x01, 0xC0, 0x00, 0x00, 0x00, 0x00, 0x00, 0x3C, 0xF0, 0x0F, 0xFC, 0x01, 0xFE,
    0x00, 0x3F, 0x00, 0x00, 0x00, 0x00, 0x00, 0x00, 0x00, 0x00, 0x1E, 0x00, 0x07, 0xC0, 0x03, 0xF0,
    0x00, 0xFC, 0x00, 0x3F, 0x80, 0x1F, 0xE0, 0x07, 0xBC, 0x03, 0xCF, 0x00, 0xF3, 0xC0, 0x3C, 0xF8,
    0x1F, 0x1E, 0x07, 0xFF, 0x83, 0xFF, 0xF0, 0xFF, 0xFC, 0x3F, 0xFF, 0x9F, 0x03, 0xE7, 0xC0, 0xFB,
    0xF0, 0x1F, 0x07, 0x00, 0x70, 0x0F, 0x00, 0xE0, 0x0E, 0x00, 0x00, 0x00, 0x00, 0x80, 0x79, 0xE7,
    0xFE, 0x3F, 0xC3, 0xF8, 0x00, 0x00, 0x00, 0x00, 0x03, 0xFE, 0x7F, 0xE7, 0xFE, 0xF1, 0xEE, 0x1E,
    0xE0, 0xEE, 0x0E, 0xE1, 0xEF, 0xFF, 0xFF, 0xF7, 0xFF, 0x3F, 0xF0, 0x07, 0x80, 0x00, 0xF8, 0x00,
    0x1F, 0x00, 0x03, 0xE0, 0x00, 0x00, 0x00, 0x00, 0x00, 0x00, 0x00, 0x3C, 0xF0, 0x0F, 0xFC, 0x01,
    0xFE, 0x00, 0x3F, 0x00, 0x00, 0x00, 0x00, 0x00, 0x00, 0x00, 0x00, 0x1E, 0x00, 0x07, 0xC0, 0x03,
    0xF0, 0x00, 0xFC, 0x00, 0x3F, 0x80, 0x1F, 0xE0, 0x07, 0xBC, 0x03, 0xCF, 0x00, 0xF3, 0xC0, 0x3C,
    0xF8, 0x1F, 0x1E, 0x07, 0xFF, 0x83, 0xFF, 0xF0, 0xFF, 0xFC, 0x3F, 0xFF, 0x9F, 0x03, 0xE7, 0xC0,
    0xFB, 0xF0, 0x1F, 0x3C, 0x01, 0xE0, 0x0F, 0x80, 0x7C, 0x00, 0x00, 0x00, 0x00, 0x00, 0x00, 0x79,
    0xE7, 0xFE, 0x3F, 0xC3, 0xF8, 0x00, 0x00, 0x00, 0x00, 0x03, 0xFE, 0x7F, 0xE7, 0xFE, 0xF1, 0xEE,
    0x1E, 0xE0, 0xEE, 0x0E, 0xE1, 0xEF, 0xFF, 0xFF, 0xF7, 0xFF, 0x3F, 0xF0, 0x00, 0xC0, 0x00, 0x3C,
    0x00, 0x07, 0x00, 0x03, 0x80, 0x00, 0xC0, 0x00, 0x00, 0x00, 0x00, 0x00, 0x00, 0x00, 0x0F, 0x3C,
    0x03, 0xFF, 0x00, 0x7F, 0x80, 0x0F, 0xC0, 0x00, 0x00, 0x00, 0x00, 0x00, 0x00, 0x00, 0x07, 0x80,
    0x01, 0xF0, 0x00, 0xFC, 0x00, 0x3F, 0x00, 0x0F, 0xE0, 0x07, 0xF8, 0x01, 0xEF, 0x00, 0xF3, 0xC0,
    0x3C, 0xF0, 0x0F, 0x3E, 0x07, 0xC7, 0x81, 0xFF, 0xE0, 0xFF, 0xFC, 0x3F, 0xFF, 0x0F, 0xFF, 0xE7,
    0xC0, 0xF9, 0xF0, 0x3E, 0xFC, 0x07, 0xC0, 0x00, 0x00, 0xF0, 0x0F, 0x80, 0x38, 0x03, 0x80, 0x70,
    0x06, 0x00, 0x00, 0x00, 0x00, 0x00, 0x00, 0x07, 0x9E, 0x7F, 0xE3, 0xFC, 0x3F, 0x80, 0x00, 0x00,
    0x03, 0xFE, 0x7F, 0xE7, 0xFE, 0xF1, 0xEE, 0x1E, 0xE0, 0xEE, 0x0E, 0xE1, 0xEF, 0xFF, 0xFF, 0xF7,
    0xFF, 0x3F, 0xF0, 0x03, 0x98, 0x01, 0xF6, 0x00, 0x7F, 0x80, 0x1F, 0xE0, 0x07, 0x78, 0x00, 0x00,
    0x00, 0x00, 0x00, 0x00, 0x00, 0x0F, 0x3C, 0x03, 0xFF, 0x00, 0x7F, 0x80, 0x0F, 0xC0, 0x00, 0x00,
    0x00, 0x00, 0x00, 0x00, 0x00, 0x07, 0x80, 0x01, 0xF0, 0x00, 0xFC, 0x00, 0x3F, 0x00, 0x0F, 0xE0,
    0x07, 0xF8, 0x01, 0xEF, 0x00, 0xF3, 0xC0, 0x3C, 0xF0, 0x0F, 0x3E, 0x07, 0xC7, 0x81, 0xFF, 0xE0,
    0xFF, 0xFC, 0x3F, 0xFF, 0x0F, 0xFF, 0xE7, 0xC0, 0xF9, 0xF0, 0x3E, 0xFC, 0x07, 0xC0, 0x00, 0x01,
    0xDC, 0x3F, 0xC3, 0xFC, 0x3B, 0x80, 0x00, 0x00, 0x00, 0x00, 0x00, 0x07, 0x9E, 0x7F, 0xE3, 0xFC,
    0x3F, 0x80, 0x00, 0x00, 0x00, 0x00, 0x3F, 0xE7, 0xFE, 0x7F, 0xEF, 0x1E, 0xE1, 0xEE, 0x0E, 0xE0,
    0xEE, 0x1E, 0xFF, 0xFF, 0xFF, 0x7F, 0xF3, 0xFF, 0x00, 0x00, 0x03, 0xCF, 0x00, 0xFF, 0xC0, 0x1F,
    0xE0, 0x03, 0xF0, 0x00, 0x00, 0x00, 0x00, 0x00, 0x00, 0x00, 0x01, 0xE0, 0x00, 0x7C, 0x00, 0x3F,
    0x00, 0x0F, 0xC0, 0x03, 0xF8, 0x01, 0xFE, 0x00, 0x7B, 0xC0, 0x3C, 0xF0, 0x0F, 0x3C, 0x03, 0xCF,
    0x81, 0xF1, 0xE0, 0x7F, 0xF8, 0x3F, 0xFF, 0x0F, 0xFF, 0xC3, 0xFF, 0xF9, 0xF0, 0x3E, 0x7C, 0x0F,
    0xBF, 0x01, 0xF0, 0x00, 0x00, 0x07, 0x80, 0x01, 0xE0, 0x00, 0x78, 0x00, 0x1E, 0x00, 0x0F, 0xC0,
    0x00, 0x07, 0x9E, 0x7F, 0xE3, 0xFC, 0x3F, 0x80, 0x00, 0x00, 0x00, 0x00, 0x3F, 0xE7, 0xFE, 0x7F,
    0xEF, 0x1E, 0xE1, 0xEE, 0x0E, 0xE0, 0xEE, 0x1E, 0xFF, 0xFF, 0xFF, 0x7F, 0xF3, 0xFF, 0x00, 0x00,
    0x00, 0x00, 0x00, 0xF0, 0x0F, 0x01, 0xF0, 0x1F, 0x01, 0xF0, 0x7F, 0xFB, 0xFF, 0x9F, 0xFD, 0xFE,
    0x0F, 0x80, 0x7C, 0x03, 0xE0, 0x1F, 0xF8, 0xFF, 0xC7, 0xFE, 0x3F, 0xC1, 0xF0, 0x0F, 0x80, 0x7F,
    0xFB, 0xFF, 0xDF, 0xFF, 0xFF, 0xFF, 0xFF, 0xC0, 0x00, 0x00, 0x00, 0x00, 0x03, 0xC0, 0x1E, 0x01,
    0xF0, 0x0F, 0x80, 0x7C, 0x00, 0x1F, 0x83, 0xFC, 0x7F, 0xEF, 0xFE, 0xFF, 0xFF, 0xFF, 0xFC, 0x0F,
    0x01, 0xFF, 0xF7, 0xFF, 0x3F, 0xF1, 0xFE, 0x00, 0x00, 0x00, 0x00, 0x00, 0x00, 0x07, 0x80, 0xF8,
    0x0F, 0x80, 0xF8, 0x0F, 0x80, 0x07, 0x80, 0x3C, 0x00, 0xE0, 0x0E, 0x00, 0x20, 0x00, 0x00, 0x00,
    0x00, 0x00, 0x7F, 0xFB, 0xFF, 0x9F, 0xFD, 0xFE, 0x0F, 0x80, 0x7C, 0x03, 0xE0, 0x1F, 0xF8, 0xFF,
    0xC7, 0xFE, 0x3F, 0xC1, 0xF0, 0x0F, 0x80, 0x7F, 0xFB, 0xFF, 0xDF, 0xFF, 0xFF, 0xFF, 0xFF, 0xC0,
    0x07, 0x00, 0x78, 0x03, 0x00, 0x70, 0x06, 0x00, 0x00, 0x00, 0x00, 0x00, 0x00, 0x00, 0x00, 0x1F,
    0x83, 0xFC, 0x7F, 0xEF, 0xFE, 0xFF, 0xFF, 0xFF, 0xFC, 0x0F, 0x01, 0xFF, 0xF7, 0xFF, 0x3F, 0xF1,
    0xFE, 0x00, 0x00, 0xF6, 0x07, 0xF8, 0x7F, 0x83, 0xBC, 0x0C, 0x00, 0x00, 0x00, 0x00, 0x00, 0x03,
    0xFF, 0xDF, 0xFC, 0xFF, 0xEF, 0xF0, 0x7C, 0x03, 0xE0, 0x1F, 0x00, 0xFF, 0xC7, 0xFE, 0x3F, 0xF1,
    0xFE, 0x0F, 0x80, 0x7C, 0x03, 0xFF, 0xDF, 0xFE, 0xFF, 0xFF, 0xFF, 0xFF, 0xFE, 0x1D, 0xC3, 0xFC,
    0x3F, 0xC3, 0xBC, 0x10, 0x00, 0x00, 0x00, 0x00, 0x00, 0x00, 0x00, 0x00, 0x1F, 0x83, 0xFC, 0x7F,
    0xEF, 0xFE, 0xFF, 0xFF, 0xFF, 0xFC, 0x0F, 0x01, 0xFF, 0xF7, 0xFF, 0x3F, 0xF1, 0xFE, 0x07, 0x00,
    0x07, 0x80, 0x0F, 0xC7, 0x1F, 0xE7, 0x3C, 0xFE, 0x30, 0x3E, 0x00, 0x1E, 0x00, 0x00, 0x7F, 0xF8,
    0x7F, 0xF0, 0x7F, 0xF0, 0xFF, 0x00, 0xF8, 0x00, 0xF8, 0x00, 0xF8, 0x00, 0xFF, 0xC0, 0xFF, 0xC0,
    0xFF, 0xC0, 0xFF, 0x00, 0xF8, 0x00, 0xF8, 0x00, 0xFF, 0xF0, 0xFF, 0xF0, 0xFF, 0xF8, 0xFF, 0xF8,
    0xFF, 0xF8, 0x07, 0x07, 0x0F, 0x87, 0x1F, 0xCE, 0x3F, 0xEE, 0x78, 0xFE, 0x70, 0x70, 0x00, 0x00,
    0x00, 0x00, 0x00, 0x00, 0x00, 0x00, 0x1F, 0x80, 0x3F, 0xC0, 0x7F, 0xE0, 0xFF, 0xE0, 0xFF, 0xF0,
    0xFF, 0xF0, 0xFC, 0x00, 0xF0, 0x10, 0xFF, 0xF0, 0x7F, 0xF0, 0x3F, 0xF0, 0x1F, 0xE0, 0x78, 0x00,
    0x0F, 0x80, 0x01, 0xF3, 0x80, 0x3E, 0xF0, 0x00, 0x7E, 0x00, 0x3F, 0xC0, 0x1E, 0x78, 0x06, 0x06,
    0x00, 0x00, 0x00, 0x00, 0x00, 0x3F, 0xFC, 0x0F, 0xFE, 0x03, 0xFF, 0x81, 0xFE, 0x00, 0x7C, 0x00,
    0x1F, 0x00, 0x07, 0xC0, 0x01, 0xFF, 0x80, 0x7F, 0xE0, 0x1F, 0xF8, 0x07, 0xF8, 0x01, 0xF0, 0x00,
    0x7C, 0x00, 0x1F, 0xFE, 0x07, 0xFF, 0x81, 0xFF, 0xF0, 0x7F, 0xFC, 0x1F, 0xFF, 0xF8, 0x00, 0x7C,
    0x00, 0x3E, 0x70, 0x1F, 0xF8, 0x01, 0xFC, 0x03, 0xFE, 0x07, 0x8F, 0x07, 0x07, 0x00, 0x00, 0x00,
    0x00, 0x00, 0x00, 0x00, 0x00, 0x01, 0xF8, 0x03, 0xFC, 0x07, 0xFE, 0x0F, 0xFE, 0x0F, 0xFF, 0x0F,
    0xFF, 0x0F, 0xC0, 0x0F, 0x01, 0x0F, 0xFF, 0x07, 0xFF, 0x03, 0xFF, 0x01, 0xFE, 0x00, 0x78, 0x00,
    0xE0, 0x01, 0x81, 0xCC, 0x07, 0xA0, 0x3F, 0x01, 0xFE, 0x0F, 0x3C, 0x30, 0x30, 0x00, 0x00, 0x00,
    0x1F, 0xFE, 0x7F, 0xF1, 0xFF, 0xCF, 0xF0, 0x3E, 0x00, 0xF8, 0x03, 0xE0, 0x0F, 0xFC, 0x3F, 0xF0,
    0xFF, 0xC3, 0xFC, 0x0F, 0x80, 0x3E, 0x00, 0xFF, 0xF3, 0xFF, 0xCF, 0xFF, 0xBF, 0xFE, 0xFF, 0xF8,
    0x00, 0x78, 0x01, 0xF0, 0x01, 0xC0, 0x0E, 0x02, 0x78, 0x3D, 0xC0, 0xF8, 0x07, 0xF0, 0x3F, 0xE1,
    0xE3, 0xC0, 0x00, 0x00, 0x00, 0x00, 0x00, 0x00, 0x01, 0xF8, 0x0F, 0xF0, 0x7F, 0xE3, 0xFF, 0x8F,
    0xFF, 0x3F, 0xFC, 0xFC, 0x03, 0xC0, 0x4F, 0xFF, 0x1F, 0xFC, 0x3F, 0xF0, 0x7F, 0x80, 0x00, 0x00,
    0xF7, 0x07, 0xF8, 0x7F, 0x83, 0xBC, 0x00, 0x00, 0x08, 0x00, 0xE0, 0x0F, 0x80, 0xFE, 0x0F, 0xF8,
    0xF1, 0xE0, 0x00, 0x3F, 0xFD, 0xFF, 0xCF, 0xFE, 0xFF, 0x07, 0xC0, 0x3E, 0x01, 0xF0, 0x0F, 0xFC,
    0x7F, 0xE3, 0xFF, 0x1F, 0xE0, 0xF8, 0x07, 0xC0, 0x3F, 0xFD, 0xFF, 0xEF, 0xFF, 0xFF, 0xFF, 0xFF,
    0xE0, 0x1D, 0xC3, 0xFC, 0x3F, 0xC3, 0xF8, 0x11, 0x00, 0x20, 0x07, 0x00, 0xF8, 0x1F, 0xC3, 0xFE,
    0x78, 0xF0, 0x00, 0x00, 0x00, 0x00, 0x00, 0x01, 0xF8, 0x3F, 0xC7, 0xFE, 0xFF, 0xEF, 0xFF, 0xFF,
    0xFF, 0xC0, 0xF0, 0x1F, 0xFF, 0x7F, 0xF3, 0xFF, 0x1F, 0xE0, 0x07, 0x00, 0x3C, 0x03, 0xF0, 0x3F,
    0xC3, 0xCF, 0x18, 0x18, 0x00, 0x00, 0x00, 0x7F, 0xFB, 0xFF, 0x9F, 0xFD, 0xFE, 0x0F, 0x80, 0x7C,
    0x03, 0xE0, 0x1F, 0xF8, 0xFF, 0xC7, 0xFE, 0x3F, 0xC1, 0xF0, 0x0F, 0x80, 0x7F, 0xFB, 0xFF, 0xDF,
    0xFF, 0xFF, 0xFF, 0xFF, 0xC0, 0x00, 0x00, 0x00, 0x00, 0x03, 0xC0, 0x1E, 0x01, 0xF0, 0x0F, 0x80,
    0x7C, 0x00, 0x07, 0x00, 0xF8, 0x1F, 0xC3, 0xFE, 0x78, 0xF7, 0x07, 0x00, 0x00, 0x00, 0x00, 0x00,
    0x00, 0x1F, 0x83, 0xFC, 0x7F, 0xEF, 0xFE, 0xFF, 0xFF, 0xFF, 0xFC, 0x0F, 0x01, 0xFF, 0xF7, 0xFF,
    0x3F, 0xF1, 0xFE, 0x00, 0x00, 0x00, 0x00, 0x00, 0x00, 0x07, 0x80, 0xF8, 0x0F, 0x80, 0xF8, 0x0F,
    0x80, 0x7B, 0xCE, 0xE2, 0x00, 0x00, 0x07, 0xFF, 0xFF, 0xFF, 0xFF, 0xFF, 0xFF, 0xFF, 0xFF, 0xFF,
    0xFF, 0xFE, 0x73, 0x8C, 0xE4, 0x00, 0x1E, 0xF7, 0xBD, 0xEF, 0x7B, 0xDE, 0xF7, 0xBC, 0xFF, 0xFF,
    0xFF, 0xFF, 0xFF, 0xFF, 0xFF, 0xFF, 0xFF, 0xFF, 0xFF, 0xC0, 0x00, 0x01, 0xFF, 0xFF, 0xFE, 0x79,
    0xE7, 0xBE, 0xF8, 0x00, 0x1E, 0x79, 0xE7, 0x9E, 0x79, 0xE7, 0x9E, 0x79, 0xE7, 0x80, 0x00, 0x00,
    0x1E, 0x79, 0xEF, 0xBE, 0x07, 0xF8, 0x07, 0xFF, 0x03, 0xFF, 0xE0, 0xFC, 0xFC, 0x7C, 0x0F, 0x9E,
    0x03, 0xEF, 0x80, 0x7B, 0xE0, 0x1F, 0xF0, 0x07, 0xFC, 0x01, 0xFF, 0x80, 0x7F, 0xE0, 0x3E, 0xFF,
    0xFF, 0x9F, 0xFF, 0xE7, 0xFF, 0xF9, 0xFF, 0xFC, 0x3F, 0xFE, 0x03, 0xFF, 0x00, 0x00, 0x00, 0x00,
    0x00, 0x00, 0x00, 0x00, 0x00, 0x00, 0x00, 0x00, 0x07, 0x80, 0x01, 0xE0, 0x00, 0xF8, 0x00, 0x3E,
    0x00, 0x0F, 0x80, 0x1F, 0x87, 0xFC, 0x7F, 0xEF, 0x0F, 0xF0, 0xFF, 0x0F, 0xF0, 0xFF, 0xFF, 0xFF,
    0xF7, 0xFE, 0x7F, 0xC1, 0xF8, 0x00, 0x00, 0x00, 0x00, 0x00, 0xF0, 0x0F, 0x00, 0xF0, 0x0F, 0x80,
    0xF8, 0x00, 0xC0, 0x00, 0x78, 0x00, 0x06, 0x00, 0x03, 0x80, 0x00, 0xC0, 0x00, 0x00, 0x00, 0x00,
    0x00, 0x00, 0x00, 0x07, 0xF8, 0x07, 0xFF, 0x03, 0xFF, 0xE0, 0xFC, 0xFC, 0x7C, 0x0F, 0x9E, 0x03,
    0xEF, 0x80, 0x7B, 0xE0, 0x1F, 0xF0, 0x07, 0xFC, 0x01, 0xFF, 0x80, 0x7F, 0xE0, 0x3E, 0xFF, 0xFF,
    0x9F, 0xFF, 0xE7, 0xFF, 0xF9, 0xFF, 0xFC, 0x3F, 0xFE, 0x03, 0xFF, 0x00, 0x00, 0x00, 0x06, 0x00,
    0x70, 0x03, 0x80, 0x70, 0x06, 0x00, 0x00, 0x00, 0x00, 0x00, 0x1F, 0x87, 0xFC, 0x7F, 0xEF, 0x0F,
    0xF0, 0xFF, 0x0F, 0xF0, 0xFF, 0xFF, 0xFF, 0xF7, 0xFE, 0x7F, 0xC1, 0xF8, 0x00, 0x40, 0x00, 0x1C,
    0x00, 0x07, 0xC0, 0x01, 0xFC, 0xE0, 0x7F, 0xDC, 0x1E, 0x3F, 0x80, 0x00, 0xE0, 0x00, 0x1C, 0x07,
    0xF8, 0x03, 0xFF, 0x80, 0xFF, 0xF8, 0x1F, 0x9F, 0x87, 0xC0, 0xF8, 0xF0, 0x1F, 0x3E, 0x01, 0xE7,
    0xC0, 0x3E, 0xF0, 0x07, 0xDE, 0x00, 0xFB, 0xE0, 0x1F, 0x7C, 0x07, 0xCF, 0xFF, 0xF8, 0xFF, 0xFF,
    0x1F, 0xFF, 0xE3, 0xFF, 0xF8, 0x3F, 0xFE, 0x01, 0xFF, 0x80, 0x00, 0x00, 0x00, 0x02, 0x0E, 0x0E,
    0x38, 0x3E, 0x70, 0xFF, 0xE3, 0xFF, 0x8F, 0x1E, 0x00, 0x00, 0x00, 0x00, 0x1F, 0x80, 0xFF, 0x81,
    0xFF, 0x87, 0x87, 0x8F, 0x0F, 0x1E, 0x1E, 0x3C, 0x3C, 0x7F, 0xF8, 0xFF, 0xF0, 0xFF, 0xC1, 0xFF,
    0x00, 0xFC, 0x00, 0x78, 0x00, 0x01, 0xF0, 0x40, 0x07, 0xC7, 0x00, 0x1F, 0x7C, 0x00, 0x07, 0xF0,
    0x00, 0x7F, 0xC0, 0x07, 0x8F, 0x00, 0x00, 0x00, 0x00, 0x00, 0x00, 0x07, 0xF8, 0x00, 0xFF, 0xE0,
    0x0F, 0xFF, 0x80, 0x7E, 0x7E, 0x07, 0xC0, 0xF8, 0x3C, 0x07, 0xC3, 0xE0, 0x1E, 0x1F, 0x00, 0xF8,
    0xF0, 0x07, 0xC7, 0x80, 0x3E, 0x3E, 0x01, 0xF1, 0xF0, 0x1F, 0x0F, 0xFF, 0xF8, 0x3F, 0xFF, 0xC1,
    0xFF, 0xFE, 0x0F, 0xFF, 0xE0, 0x3F, 0xFE, 0x00, 0x7F, 0xE0, 0x00, 0x00, 0x00, 0x78, 0x00, 0x1E,
    0x00, 0x07, 0x80, 0x01, 0xF2, 0x00, 0x0B, 0x80, 0x03, 0xE0, 0x03, 0xF8, 0x03, 0xFE, 0x03, 0xC7,
    0x80, 0x00, 0x00, 0x00, 0x00, 0x1F, 0x80, 0x3F, 0xE0, 0x1F, 0xF8, 0x1E, 0x1E, 0x0F, 0x0F, 0x07,
    0x87, 0x83, 0xC3, 0xC1, 0xFF, 0xE0, 0xFF, 0xF0, 0x3F, 0xF0, 0x1F, 0xF0, 0x03, 0xF0, 0x00, 0xC0,
    0x00, 0x78, 0x00, 0x06, 0x00, 0x03, 0x80, 0x01, 0xE0, 0x00, 0xFC, 0x00, 0x7F, 0xC0, 0x3C, 0xF8,
    0x00, 0x00, 0x00, 0x00, 0x00, 0x7F, 0x80, 0x7F, 0xF0, 0x3F, 0xFE, 0x0F, 0xCF, 0xC7, 0xC0, 0xF9,
    0xE0, 0x3E, 0xF8, 0x07, 0xBE, 0x01, 0xFF, 0x00, 0x7F, 0xC0, 0x1F, 0xF8, 0x07, 0xFE, 0x03, 0xEF,
    0xFF, 0xF9, 0xFF, 0xFE, 0x7F, 0xFF, 0x9F, 0xFF, 0xC3, 0xFF, 0xE0, 0x3F, 0xF0, 0x00, 0x00, 0x00,
    0x00, 0x78, 0x01, 0xE0, 0x01, 0xC0, 0x0E, 0x0F, 0x70, 0x3C, 0x01, 0xF8, 0x0F, 0xF0, 0x79, 0xE1,
    0x81, 0x80, 0x00, 0x07, 0xE0, 0x7F, 0xC1, 0xFF, 0x8F, 0x0F, 0x3C, 0x3C, 0xF0, 0xF3, 0xC3, 0xCF,
    0xFF, 0x3F, 0xFC, 0x7F, 0xE1, 0xFF, 0x01, 0xF8, 0x00, 0x00, 0x00, 0x01, 0xEE, 0x00, 0x7F, 0x80,
    0x1F, 0xE0, 0x07, 0xF0, 0x00, 0x80, 0x00, 0x1C, 0x00, 0x0F, 0x80, 0x07, 0xF0, 0x03, 0xFE, 0x01,
    0xE3, 0xC0, 0x70, 0x30, 0x07, 0xF8, 0x07, 0xFF, 0x03, 0xFF, 0xE0, 0xFC, 0xFC, 0x7C, 0x0F, 0x9E,
    0x03, 0xEF, 0x80, 0x7B, 0xE0, 0x1F, 0xF0, 0x07, 0xFC, 0x01, 0xFF, 0x80, 0x7F, 0xE0, 0x3E, 0xFF,
    0xFF, 0x9F, 0xFF, 0xE7, 0xFF, 0xF9, 0xFF, 0xFC, 0x3F, 0xFE, 0x03, 0xFF, 0x00, 0x00, 0x00, 0x1D,
    0xC3, 0xFC, 0x3F, 0xC3, 0xFC, 0x3B, 0x80, 0x00, 0x0E, 0x00, 0xF0, 0x1F, 0x83, 0xFC, 0x79, 0xE6,
    0x06, 0x1F, 0x87, 0xFC, 0x7F, 0xEF, 0x0F, 0xF0, 0xFF, 0x0F, 0xF0, 0xFF, 0xFF, 0xFF, 0xF7, 0xFE,
    0x7F, 0xC1, 0xF8, 0x00, 0x40, 0x00, 0x38, 0x00, 0x1F, 0x00, 0x0F, 0xE0, 0x07, 0xFC, 0x03, 0xC7,
    0x80, 0x00, 0x00, 0x00, 0x00, 0x07, 0xF8, 0x07, 0xFF, 0x03, 0xFF, 0xE0, 0xFC, 0xFC, 0x7C, 0x0F,
    0x9E, 0x03, 0xEF, 0x80, 0x7B, 0xE0, 0x1F, 0xF0, 0x07, 0xFC, 0x01, 0xFF, 0x80, 0x7F, 0xE0, 0x3E,
    0xFF, 0xFF, 0x9F, 0xFF, 0xE7, 0xFF, 0xF9, 0xFF, 0xFC, 0x3F, 0xFE, 0x03, 0xFF, 0x00, 0x00, 0x00,
    0x00, 0x00, 0x00, 0x00, 0x00, 0x00, 0x00, 0x00, 0x00, 0x07, 0x80, 0x01, 0xE0, 0x00, 0xF8, 0x00,
    0x3E, 0x00, 0x0F, 0x80, 0x02, 0x00, 0x70, 0x0F, 0x81, 0xFC, 0x3F, 0xE7, 0x8F, 0x00, 0x00, 0x00,
    0x1F, 0x87, 0xFC, 0x7F, 0xEF, 0x0F, 0xF0, 0xFF, 0x0F, 0xF0, 0xFF, 0xFF, 0xFF, 0xF7, 0xFE, 0x7F,
    0xC1, 0xF8, 0x00, 0x00, 0x00, 0x00, 0x00, 0x00, 0x1E, 0x01, 0xF0, 0x1F, 0x01, 0xF0, 0x1F, 0x00,
    0x00, 0x70, 0x00, 0x1C, 0x00, 0x03, 0x80, 0x00, 0xF0, 0x00, 0x1C, 0x00, 0x00, 0x03, 0x80, 0x00,
    0x38, 0x3F, 0xC7, 0x1F, 0xFF, 0xC7, 0xFF, 0xF8, 0xFC, 0xFE, 0x3E, 0x07, 0xC7, 0x80, 0xF9, 0xF0,
    0x0F, 0x3E, 0x01, 0xE7, 0x80, 0x3E, 0xF0, 0x07, 0xDF, 0x00, 0xFB, 0xE0, 0x3E, 0x7F, 0xFF, 0xC7,
    0xFF, 0xF8, 0xFF, 0xFF, 0x1F, 0xFF, 0xC1, 0xFF, 0xF0, 0x0F, 0xFC, 0x00, 0x00, 0x00, 0x07, 0x00,
    0x1C, 0x00, 0xF0, 0x03, 0x80, 0x0E, 0x00, 0x00, 0xE0, 0x03, 0xC7, 0xE7, 0x7F, 0xF9, 0xFF, 0xEF,
    0x0F, 0x3C, 0x3C, 0xF0, 0xF3, 0xC3, 0xCF, 0xFF, 0x3F, 0xFC, 0x7F, 0xE1, 0xFF, 0x01, 0xF8, 0x00,
    0x07, 0x80, 0x00, 0x7C, 0x00, 0x07, 0xC0, 0x00, 0x7C, 0x00, 0x00, 0x00, 0x00, 0x03, 0x80, 0x00,
    0x38, 0x3F, 0xC7, 0x1F, 0xFF, 0xC7, 0xFF, 0xF8, 0xFC, 0xFE, 0x3E, 0x07, 0xC7, 0x80, 0xF9, 0xF0,
    0x0F, 0x3E, 0x01, 0xE7, 0x80, 0x3E, 0xF0, 0x07, 0xDF, 0x00, 0xFB, 0xE0, 0x3E, 0x7F, 0xFF, 0xC7,
    0xFF, 0xF8, 0xFF, 0xFF, 0x1F, 0xFF, 0xC1, 0xFF, 0xF0, 0x0F, 0xFC, 0x00, 0x00, 0x00, 0x3C, 0x00,
    0x78, 0x00, 0xF8, 0x01, 0xF0, 0x00, 0x00, 0x00, 0xE0, 0x03, 0xC7, 0xE7, 0x7F, 0xF9, 0xFF, 0xEF,
    0x0F, 0x3C, 0x3C, 0xF0, 0xF3, 0xC3, 0xCF, 0xFF, 0x3F, 0xFC, 0x7F, 0xE1, 0xFF, 0x01, 0xF8, 0x00,
    0x00, 0xC0, 0x00, 0x1E, 0x00, 0x01, 0xC0, 0x00, 0x30, 0x00, 0x0C, 0x00, 0x00, 0x00, 0x00, 0x00,
    0x70, 0x00, 0x07, 0x07, 0xF8, 0xE3, 0xFF, 0xF8, 0xFF, 0xFF, 0x1F, 0x9F, 0xC7, 0xC0, 0xF8, 0xF0,
    0x1F, 0x3E, 0x01, 0xE7, 0xC0, 0x3C, 0xF0, 0x07, 0xDE, 0x00, 0xFB, 0xE0, 0x1F, 0x7C, 0x07, 0xCF,
    0xFF, 0xF8, 0xFF, 0xFF, 0x1F, 0xFF, 0xE3, 0xFF, 0xF8, 0x3F, 0xFE, 0x01, 0xFF, 0x80, 0x00, 0x00,
    0x00, 0x06, 0x00, 0x1C, 0x00, 0x38, 0x01, 0xC0, 0x06, 0x00, 0x00, 0x00, 0x03, 0x80, 0x0F, 0x1F,
    0x9D, 0xFF, 0xE7, 0xFF, 0xBC, 0x3C, 0xF0, 0xF3, 0xC3, 0xCF, 0x0F, 0x3F, 0xFC, 0xFF, 0xF1, 0xFF,
    0x87, 0xFC, 0x07, 0xE0, 0x00, 0x00, 0x00, 0x7B, 0x00, 0x1F, 0xE0, 0x03, 0xFC, 0x00, 0x77, 0x80,
    0x00, 0x00, 0x00, 0x00, 0x70, 0x00, 0x07, 0x07, 0xF8, 0xE3, 0xFF, 0xF8, 0xFF, 0xFF, 0x1F, 0x9F,
    0xC7, 0xC0, 0xF8, 0xF0, 0x1F, 0x3E, 0x01, 0xE7, 0xC0, 0x3C, 0xF0, 0x07, 0xDE, 0x00, 0xFB, 0xE0,
    0x1F, 0x7C, 0x07, 0xCF, 0xFF, 0xF8, 0xFF, 0xFF, 0x1F, 0xFF, 0xE3, 0xFF, 0xF8, 0x3F, 0xFE, 0x01,
    0xFF, 0x80, 0x00, 0x00, 0x00, 0x00, 0x00, 0x77, 0x03, 0xFC, 0x0F, 0xF0, 0x3F, 0x80, 0x44, 0x00,
    0x00, 0x00, 0x0E, 0x00, 0x3C, 0x7E, 0x77, 0xFF, 0x9F, 0xFE, 0xF0, 0xF3, 0xC3, 0xCF, 0x0F, 0x3C,
    0x3C, 0xFF, 0xF3, 0xFF, 0xC7, 0xFE, 0x1F, 0xF0, 0x1F, 0x80, 0x00, 0x01, 0xC0, 0x00, 0x1C, 0x1F,
    0xE3, 0x8F, 0xFF, 0xE3, 0xFF, 0xFC, 0x7E, 0x7F, 0x1F, 0x03, 0xE3, 0xC0, 0x7C, 0xF8, 0x07, 0x9F,
    0x00, 0xF3, 0xC0, 0x1F, 0x78, 0x03, 0xEF, 0x80, 0x7D, 0xF0, 0x1F, 0x3F, 0xFF, 0xE3, 0xFF, 0xFC,
    0x7F, 0xFF, 0x8F, 0xFF, 0xE0, 0xFF, 0xF8, 0x07, 0xFE, 0x00, 0x00, 0x00, 0x00, 0x00, 0x00, 0x00,
    0x00, 0x00, 0x00, 0x00, 0x00, 0x00, 0x3C, 0x00, 0x07, 0x80, 0x01, 0xF0, 0x00, 0x3E, 0x00, 0x07,
    0xC0, 0x00, 0x00, 0x38, 0x00, 0xF1, 0xF9, 0xDF, 0xFE, 0x7F, 0xFB, 0xC3, 0xCF, 0x0F, 0x3C, 0x3C,
    0xF0, 0xF3, 0xFF, 0xCF, 0xFF, 0x1F, 0xF8, 0x7F, 0xC0, 0x7E, 0x00, 0x00, 0x00, 0x00, 0x00, 0x00,
    0x3C, 0x00, 0xF0, 0x03, 0xC0, 0x0F, 0x80, 0x3E, 0x00, 0xF8, 0x3F, 0xF8, 0x3E, 0xF8, 0x3E, 0xF8,
    0x3E, 0xF8, 0x3E, 0xF8, 0x3E, 0xF8, 0x3E, 0xF8, 0x3E, 0xF8, 0x3E, 0xF8, 0x3E, 0xF8, 0x3E, 0xF8,
    0x3E, 0xFC, 0x3E, 0x7F, 0xFE, 0x7F, 0xFE, 0x7F, 0xFC, 0x7F, 0xFC, 0x3F, 0xF8, 0x00, 0x00, 0x00,
    0x00, 0x00, 0x00, 0x00, 0x00, 0x00, 0x00, 0x03, 0xC0, 0x03, 0xC0, 0x07, 0xC0, 0x07, 0xC0, 0x07,
    0xC0, 0xE0, 0xFE, 0x0F, 0xE0, 0xFF, 0x0F, 0xF0, 0xFF, 0x0F, 0xF0, 0xFF, 0x1F, 0xFF, 0xF7, 0xFF,
    0x7F, 0xF3, 0xFF, 0x00, 0x00, 0x00, 0x00, 0x00, 0x00, 0x00, 0x00, 0xF0, 0x0F, 0x00, 0xF0, 0x1F,
    0x01, 0xF0, 0x01, 0x80, 0x03, 0xC0, 0x00, 0xC0, 0x01, 0xC0, 0x01, 0x80, 0x00, 0x00, 0x00, 0x00,
    0x00, 0x00, 0x00, 0x00, 0xF8, 0x3F, 0xF8, 0x3E, 0xF8, 0x3E, 0xF8, 0x3E, 0xF8, 0x3E, 0xF8, 0x3E,
    0xF8, 0x3E, 0xF8, 0x3E, 0xF8, 0x3E, 0xF8, 0x3E, 0xF8, 0x3E, 0xF8, 0x3E, 0xFC, 0x3E, 0x7F, 0xFE,
    0x7F, 0xFE, 0x7F, 0xFC, 0x7F, 0xFC, 0x3F, 0xF8, 0x00, 0x00, 0x06, 0x00, 0x70, 0x03, 0x80, 0x70,
    0x06, 0x00, 0x00, 0x00, 0x00, 0x00, 0xE0, 0xFE, 0x0F, 0xE0, 0xFF, 0x0F, 0xF0, 0xFF, 0x0F, 0xF0,
    0xFF, 0x1F, 0xFF, 0xF7, 0xFF, 0x7F, 0xF3, 0xFF, 0x01, 0xC0, 0x00, 0x70, 0x00, 0x3C, 0x00, 0x0E,
    0x00, 0x03, 0x83, 0x80, 0x00, 0xE0, 0x00, 0x38, 0x00, 0x0E, 0xF8, 0x3F, 0xBE, 0x0F, 0xCF, 0x83,
    0xE3, 0xE0, 0xF8, 0xF8, 0x3E, 0x3E, 0x0F, 0x8F, 0x83, 0xE3, 0xE0, 0xF8, 0xF8, 0x3E, 0x3E, 0x0F,
    0x8F, 0x83, 0xE3, 0xE0, 0xF8, 0xFC, 0x3E, 0x1F, 0xFF, 0x87, 0xFF, 0xE1, 0xFF, 0xF0, 0x7F, 0xFC,
    0x0F, 0xFE, 0x00, 0x00, 0x00, 0x07, 0x00, 0x1C, 0x00, 0xF0, 0x03, 0x84, 0x0E, 0x1C, 0x00, 0x70,
    0x01, 0xF8, 0x3F, 0xE0, 0xFB, 0x83, 0xCF, 0x0F, 0x3C, 0x3C, 0xF0, 0xF3, 0xC3, 0xCF, 0x1F, 0x3F,
    0xFC, 0x7F, 0xF1, 0xFF, 0xC3, 0xFF, 0x00, 0x1F, 0x00, 0x03, 0xE0, 0x00, 0x3E, 0x00, 0x07, 0xC0,
    0x00, 0x03, 0x00, 0x00, 0xE0, 0x00, 0x38, 0x00, 0x0E, 0xF8, 0x3F, 0xBE, 0x0F, 0xCF, 0x83, 0xE3,
    0xE0, 0xF8, 0xF8, 0x3E, 0x3E, 0x0F, 0x8F, 0x83, 0xE3, 0xE0, 0xF8, 0xF8, 0x3E, 0x3E, 0x0F, 0x8F,
    0x83, 0xE3, 0xE0, 0xF8, 0xFC, 0x3E, 0x1F, 0xFF, 0x87, 0xFF, 0xE1, 0xFF, 0xF0, 0x7F, 0xFC, 0x0F,
    0xFE, 0x00, 0x00, 0x00, 0x3C, 0x00, 0x78, 0x00, 0xF8, 0x01, 0xF0, 0x00, 0x1C, 0x00, 0x70, 0x01,
    0xF8, 0x3F, 0xE0, 0xFB, 0x83, 0xCF, 0x0F, 0x3C, 0x3C, 0xF0, 0xF3, 0xC3, 0xCF, 0x1F, 0x3F, 0xFC,
    0x7F, 0xF1, 0xFF, 0xC3, 0xFF, 0x00, 0x01, 0x80, 0x00, 0xF0, 0x00, 0x0C, 0x00, 0x07, 0x00, 0x01,
    0x80, 0x00, 0x00, 0xE0, 0x00, 0x38, 0x00, 0x0E, 0x00, 0x03, 0xBE, 0x0F, 0xEF, 0x83, 0xF3, 0xE0,
    0xF8, 0xF8, 0x3E, 0x3E, 0x0F, 0x8F, 0x83, 0xE3, 0xE0, 0xF8, 0xF8, 0x3E, 0x3E, 0x0F, 0x8F, 0x83,
    0xE3, 0xE0, 0xF8, 0xF8, 0x3E, 0x3F, 0x0F, 0x87, 0xFF, 0xE1, 0xFF, 0xF8, 0x7F, 0xFC, 0x1F, 0xFF,
    0x03, 0xFF, 0x80, 0x00, 0x00, 0x06, 0x00, 0x1C, 0x00, 0x38, 0x01, 0xC0, 0x06, 0x10, 0x00, 0x70,
    0x01, 0xC0, 0x07, 0xE0, 0xFF, 0x83, 0xEE, 0x0F, 0x3C, 0x3C, 0xF0, 0xF3, 0xC3, 0xCF, 0x0F, 0x3C,
    0x7C, 0xFF, 0xF1, 0xFF, 0xC7, 0xFF, 0x0F, 0xFC, 0x0F, 0x70, 0x03, 0xFC, 0x00, 0xFF, 0x00, 0x37,
    0x80, 0x0C, 0x00, 0x00, 0x00, 0xE0, 0x00, 0x38, 0x00, 0x0E, 0x00, 0x03, 0xBE, 0x0F, 0xEF, 0x83,
    0xF3, 0xE0, 0xF8, 0xF8, 0x3E, 0x3E, 0x0F, 0x8F, 0x83, 0xE3, 0xE0, 0xF8, 0xF8, 0x3E, 0x3E, 0x0F,
    0x8F, 0x83, 0xE3, 0xE0, 0xF8, 0xF8, 0x3E, 0x3F, 0x0F, 0x87, 0xFF, 0xE1, 0xFF, 0xF8, 0x7F, 0xFC,
    0x1F, 0xFF, 0x03, 0xFF, 0x80, 0x00, 0x00, 0x1D, 0xC0, 0xFF, 0x03, 0xFC, 0x0F, 0xF0, 0x3B, 0x98,
    0x00, 0x70, 0x01, 0xC0, 0x07, 0xE0, 0xFF, 0x83, 0xEE, 0x0F, 0x3C, 0x3C, 0xF0, 0xF3, 0xC3, 0xCF,
    0x0F, 0x3C, 0x7C, 0xFF, 0xF1, 0xFF, 0xC7, 0xFF, 0x0F, 0xFC, 0x00, 0x03, 0x80, 0x00, 0xE0, 0x00,
    0x38, 0x00, 0x0E, 0xF8, 0x3F, 0xBE, 0x0F, 0xCF, 0x83, 0xE3, 0xE0, 0xF8, 0xF8, 0x3E, 0x3E, 0x0F,
    0x8F, 0x83, 0xE3, 0xE0, 0xF8, 0xF8, 0x3E, 0x3E, 0x0F, 0x8F, 0x83, 0xE3, 0xE0, 0xF8, 0xFC, 0x3E,
    0x1F, 0xFF, 0x87, 0xFF, 0xE1, 0xFF, 0xF0, 0x7F, 0xFC, 0x0F, 0xFE, 0x00, 0x00, 0x00, 0x00, 0x00,
    0x00, 0x00, 0x00, 0x00, 0x00, 0x00, 0x00, 0x0F, 0x00, 0x03, 0xC0, 0x01, 0xF0, 0x00, 0x7C, 0x00,
    0x1F, 0x00, 0x00, 0x10, 0x00, 0x70, 0x01, 0xC0, 0x07, 0xE0, 0xFF, 0x83, 0xEE, 0x0F, 0x3C, 0x3C,
    0xF0, 0xF3, 0xC3, 0xCF, 0x0F, 0x3C, 0x7C, 0xFF, 0xF1, 0xFF, 0xC7, 0xFF, 0x0F, 0xFC, 0x00, 0x00,
    0x00, 0x00, 0x00, 0x00, 0x00, 0x00, 0x00, 0x3C, 0x00, 0xF0, 0x03, 0xC0, 0x1F, 0x00, 0x7C, 0x00,
    0x1E, 0x00, 0x07, 0x80, 0x01, 0xF0, 0x00, 0x7C, 0x00, 0x02, 0x00, 0x00, 0x00, 0x00, 0x00, 0x00,
    0x00, 0x00, 0x00, 0x7C, 0x07, 0x9E, 0x07, 0xCF, 0x83, 0xC3, 0xC3, 0xE1, 0xF1, 0xE0, 0xF9, 0xF0,
    0x3E, 0xF0, 0x1F, 0xF8, 0x07, 0xF8, 0x03, 0xFC, 0x00, 0xFE, 0x00, 0x7E, 0x00, 0x1F, 0x00, 0x0F,
    0x80, 0x0F, 0xC0, 0x07, 0xE0, 0x03, 0xF0, 0x01, 0xF8, 0x00, 0x3C, 0x00, 0x78, 0x00, 0xF8, 0x01,
    0xF0, 0x00, 0x00, 0x00, 0x00, 0x00, 0x00, 0x00, 0x00, 0x03, 0xC1, 0xE7, 0x87, 0x9E, 0x1E, 0x7C,
    0xF0, 0xF3, 0xC3, 0xEF, 0x07, 0xF8, 0x1F, 0xE0, 0x3F, 0x80, 0xFC, 0x01, 0xF0, 0x07, 0xC0, 0x1F,
    0x00, 0x78, 0x1F, 0xE0, 0x7F, 0x01, 0xFC, 0x07, 0xC0, 0x00, 0xF8, 0x0F, 0x3C, 0x0F, 0x9F, 0x07,
    0x87, 0x87, 0xC3, 0xE3, 0xC1, 0xF3, 0xE0, 0x7D, 0xE0, 0x3F, 0xF0, 0x0F, 0xF0, 0x07, 0xF8, 0x01,
    0xFC, 0x00, 0xFC, 0x00, 0x3E, 0x00, 0x1F, 0x00, 0x1F, 0x80, 0x0F, 0xC0, 0x07, 0xE0, 0x03, 0xF0,
    0x00, 0x00, 0x00, 0x00, 0x00, 0x00, 0x00, 0x00, 0x00, 0x00, 0x00, 0x00, 0x00, 0x03, 0xC0, 0x01,
    0xE0, 0x00, 0xF8, 0x00, 0x7C, 0x00, 0x3E, 0x00, 0xF0, 0x78, 0xF0, 0xF1, 0xE1, 0xE3, 0xE7, 0x83,
    0xCF, 0x07, 0xDE, 0x07, 0xF8, 0x0F, 0xF0, 0x0F, 0xE0, 0x1F, 0x80, 0x1F, 0x00, 0x3E, 0x00, 0x7C,
    0x00, 0xF0, 0x1F, 0xE0, 0x3F, 0x8E, 0x7F, 0x3E, 0xF8, 0x7C, 0x00, 0xF8, 0x01, 0xF0, 0x01, 0xC0,
    0x00, 0xF0, 0x00, 0x30, 0x00, 0x38, 0x00, 0x00, 0x00, 0x00, 0x00, 0x00, 0x00, 0x00, 0x00, 0x00,
    0x00, 0x00, 0x00, 0x3E, 0x03, 0xCF, 0x03, 0xE7, 0xC1, 0xE1, 0xE1, 0xF0, 0xF8, 0xF0, 0x7C, 0xF8,
    0x1F, 0x78, 0x0F, 0xFC, 0x03, 0xFC, 0x01, 0xFE, 0x00, 0x7F, 0x00, 0x3F, 0x00, 0x0F, 0x80, 0x07,
    0xC0, 0x07, 0xE0, 0x03, 0xF0, 0x01, 0xF8, 0x00, 0xFC, 0x00, 0x03, 0x00, 0x0E, 0x00, 0x1C, 0x00,
    0xE0, 0x03, 0x00, 0x00, 0x00, 0x00, 0x00, 0x00, 0x00, 0x00, 0x00, 0x00, 0x00, 0x3C, 0x1E, 0x78,
    0x79, 0xE1, 0xE7, 0xCF, 0x0F, 0x3C, 0x3E, 0xF0, 0x7F, 0x81, 0xFE, 0x03, 0xF8, 0x0F, 0xC0, 0x1F,
    0x00, 0x7C, 0x01, 0xF0, 0x07, 0x81, 0xFE, 0x07, 0xF0, 0x1F, 0xC0, 0x7C, 0x00, 0x07, 0x70, 0x07,
    0xF8, 0x03, 0xFC, 0x01, 0xDE, 0x00, 0x40, 0x00, 0x00, 0x00, 0x00, 0x00, 0x00, 0x00, 0x00, 0x00,
    0x00, 0x00, 0x3E, 0x03, 0xCF, 0x03, 0xE7, 0xC1, 0xE1, 0xE1, 0xF0, 0xF8, 0xF0, 0x7C, 0xF8, 0x1F,
    0x78, 0x0F, 0xFC, 0x03, 0xFC, 0x01, 0xFE, 0x00, 0x7F, 0x00, 0x3F, 0x00, 0x0F, 0x80, 0x07, 0xC0,
    0x07, 0xE0, 0x03, 0xF0, 0x01, 0xF8, 0x00, 0xFC, 0x00, 0x00, 0x00, 0x3B, 0x81, 0xFE, 0x07, 0xF8,
    0x1D, 0xC0, 0x00, 0x00, 0x00, 0x00, 0x00, 0x00, 0x00, 0x00, 0x00, 0x00, 0x3C, 0x1E, 0x78, 0x79,
    0xE1, 0xE7, 0xCF, 0x0F, 0x3C, 0x3E, 0xF0, 0x7F, 0x81, 0xFE, 0x03, 0xF8, 0x0F, 0xC0, 0x1F, 0x00,
    0x7C, 0x01, 0xF0, 0x07, 0x81, 0xFE, 0x07, 0xF0, 0x1F, 0xC0, 0x7C, 0x00, 0xFF, 0xFF, 0xFF, 0xFF,
    0x80, 0xFF, 0xFF, 0xFF, 0xFF, 0x80, 0x7F, 0xFF, 0xFF, 0xFF, 0xFF, 0xFF, 0xE0, 0x00, 0x01, 0xFF,
    0xFF, 0xFF, 0xFF, 0xFF, 0xF0, 0x00, 0x00, 0x00, 0x00, 0x03, 0xFF, 0xFF, 0xFF, 0xFF, 0xFF, 0xFF,
    0xFF, 0xFF, 0x00, 0x00, 0x00, 0x00, 0x00, 0x03, 0xFF, 0xFF, 0xFF, 0xFF, 0xFF, 0xFF, 0xFF, 0xFF,
    0x00, 0x00, 0x00, 0x71, 0xDC, 0x77, 0x1D, 0xC7, 0x71, 0xDC, 0x7F, 0x1F, 0xCF, 0xF3, 0xFC, 0xFF,
    0x3F, 0xCF, 0xF3, 0xFC, 0xFF, 0x3F, 0xCF, 0xF3, 0xF8, 0xFE, 0x38, 0xFF, 0xFF, 0xBF, 0xFF, 0xEF,
    0xFF, 0xF8, 0x00, 0x00, 0x00, 0x00, 0x3F, 0xFF, 0xEF, 0xFF, 0xFB, 0xFF, 0xFE, 0x01, 0xFB, 0xF3,
    0xE7, 0xCF, 0x9F, 0x9F, 0x00, 0xFD, 0xFB, 0xE7, 0xCF, 0xBE, 0x7C, 0x00, 0xFD, 0xF3, 0xE7, 0xCF,
    0xBE, 0x7C, 0x01, 0xFB, 0xF3, 0xE7, 0xCF, 0x9F, 0x9F, 0x00, 0x03, 0xF7, 0xEF, 0xDF, 0x1F, 0x7C,
    0x7C, 0xF9, 0xF3, 0xE7, 0xEF, 0x8F, 0x9F, 0x00, 0x01, 0xFB, 0xF7, 0xEF, 0x9F, 0x3E, 0x7C, 0xF9,
    0xF3, 0xEF, 0x9F, 0x3E, 0x7C, 0x00, 0xFD, 0xF3, 0xE7, 0xCF, 0xBE, 0x7C, 0x01, 0xF3, 0xF7, 0xEF,
    0xDF, 0x1F, 0x7C, 0x7C, 0xF9, 0xF3, 0xE7, 0xEF, 0x8F, 0x9F, 0x03, 0x00, 0x38, 0x01, 0xC0, 0x0E,
    0x00, 0x70, 0x03, 0x80, 0x1C, 0x00, 0xE0, 0x07, 0xF3, 0xFF, 0x9F, 0xFD, 0xFE, 0x00, 0x70, 0x03,
    0x80, 0x1C, 0x00, 0xE0, 0x0F, 0x00, 0x78, 0x03, 0xC0, 0x1E, 0x00, 0xF0, 0x07, 0x80, 0x3C, 0x01,
    0xE0, 0x0F, 0x00, 0x38, 0x00, 0xC0, 0x06, 0x00, 0x10, 0x00, 0x00, 0x07, 0x80, 0x3C, 0x01, 0xE0,
    0x0F, 0x00, 0x78, 0x03, 0xC0, 0x1E, 0x00, 0xF0, 0x3F, 0xF3, 0xFF, 0x9F, 0xFE, 0x0F, 0x00, 0x78,
    0x03, 0x80, 0x1C, 0x00, 0xE0, 0x3F, 0xF3, 0xFF, 0x9F, 0xFC, 0x0E, 0x00, 0x70, 0x03, 0x80, 0x1C,
    0x00, 0xE0, 0x07, 0x00, 0x18, 0x00, 0xC0, 0x02, 0x00, 0x00, 0x00, 0x1F, 0xFC, 0x0F, 0xFF, 0x07,
    0xFF, 0x87, 0xFF, 0xC3, 0xFF, 0xE1, 0xFF, 0xF0, 0xFF, 0xF8, 0x7F, 0xFC, 0x7F, 0xFF, 0x3F, 0xFF,
    0x9F, 0xFF, 0xCF, 0xFF, 0xE7, 0xFF, 0xF7, 0xFF, 0xFB, 0xFF, 0xFD, 0xFF, 0xFE, 0x01, 0xC3, 0xE7,
    0xEF, 0xDF, 0x38, 0x00, 0x79, 0xE7, 0xDF, 0x7C, 0x79, 0xE7, 0xDF, 0x7C, 0x78, 0xF1, 0xE7, 0x8F,
    0x1E, 0x78, 0xF1, 0xEF, 0x8F, 0x1E, 0xF9, 0xFB, 0xF0, 0xFF, 0x80, 0x00, 0x1C, 0x00, 0x1C, 0x38,
    0x38, 0x7C, 0x78, 0x7C, 0x70, 0x7C, 0xF0, 0x7C, 0xE0, 0x39, 0xE0, 0x03, 0xC0, 0x03, 0xC0, 0x07,
    0x80, 0x07, 0x00, 0x0F, 0x00, 0x1E, 0xEE, 0x1E, 0xEE, 0x3C, 0xEF, 0x7C, 0xEE, 0x78, 0xEE, 0xF8,
    0x00, 0x00, 0x3E, 0x3E, 0x3E, 0x3E, 0x7C, 0x7C, 0x7C, 0x00, 0x00, 0x7C, 0xF8, 0xF9, 0xF1, 0xF3,
    0xE3, 0xEF, 0x8F, 0x9F, 0x1F, 0x3E, 0x3E, 0xF8, 0x00, 0x00, 0x0C, 0x73, 0x8F, 0x79, 0xEF, 0xBD,
    0xE7, 0xBC, 0xE3, 0x9C, 0xF1, 0x84, 0x20, 0x01, 0xC7, 0x9E, 0x3C, 0x70, 0x80, 0x00, 0x19, 0xCF,
    0xF1, 0xFE, 0x7B, 0x8E, 0xF0, 0x08, 0x00, 0x00, 0x39, 0xCE, 0x3D, 0xE7, 0x8F, 0x7B, 0xC7, 0x9C,
    0xF1, 0xEF, 0x38, 0x21, 0x0C, 0x0E, 0x00, 0xF0, 0x1F, 0x87, 0xFC, 0xFB, 0xE0, 0x00, 0x0C, 0x38,
    0xF7, 0xDF, 0x3C, 0x7C, 0x7C, 0x78, 0x70, 0x60, 0x01, 0x83, 0x87, 0x87, 0x87, 0x8F, 0xBE, 0xF9,
    0xE3, 0x82, 0x00, 0x00, 0x78, 0x00, 0x01, 0xE0, 0x00, 0x07, 0x80, 0x00, 0x1F, 0x00, 0x7E, 0x7D,
    0xF8, 0xFC, 0x07, 0xC1, 0xF0, 0x3E, 0x07, 0xE1, 0xF0, 0x0F, 0xCF, 0xC0, 0x1F, 0xFE, 0x07, 0xBF,
    0xF3, 0xFE, 0xFF, 0x8F, 0xF9, 0xFE, 0x7F, 0xE7, 0xF9, 0xFF, 0x9F, 0xE7, 0xC0, 0xFF, 0xC0, 0x07,
    0xFF, 0x80, 0x3F, 0xFF, 0x01, 0xFC, 0xFE, 0x0F, 0xE3, 0xFC, 0x7F, 0x07, 0xFB, 0xFC, 0x0F, 0xE0,
    0x00, 0x00, 0x00, 0x3C, 0x00, 0x00, 0xF0, 0x00, 0x03, 0xC0, 0x00, 0x0F, 0x00, 0x00, 0x7E, 0x00,
    0x00, 0xC3, 0x8E, 0x38, 0xE3, 0x8E, 0x79, 0xE7, 0x9E, 0x79, 0xE7, 0x8E, 0x08, 0x00, 0x00, 0x01,
    0xE7, 0xFF, 0xFF, 0xFF, 0xC0, 0x04, 0x00, 0x30, 0x01, 0xC0, 0x0E, 0x00, 0x70, 0x1F, 0xE1, 0xFF,
    0x9F, 0xFE, 0xFF, 0xF3, 0x7B, 0x83, 0xDE, 0x1E, 0xF0, 0xF7, 0x87, 0xF8, 0x3F, 0xC1, 0xFC, 0x0F,
    0xE0, 0x7C, 0x03, 0xE0, 0x1F, 0x00, 0xF8, 0x07, 0x00, 0x20, 0x00, 0x00, 0x00, 0x00, 0x78, 0x03,
    0xC0, 0x3E, 0x01, 0xF8, 0x0F, 0xC0, 0x7E, 0x03, 0xF0, 0x1F, 0x80, 0xFF, 0xFF, 0xFF, 0xFF, 0x80,
    0x71, 0xEF, 0xF9, 0xFF, 0x1F, 0xC0, 0x03, 0x00, 0x16, 0xC0, 0x7F, 0x80, 0xFE, 0x00, 0xFC, 0x03,
    0xFC, 0x03, 0xDC, 0x0D, 0x9B, 0x7B, 0xFF, 0xFF, 0xF9, 0xFB, 0xFB, 0xFF, 0xF7, 0xFF, 0x4B, 0x86,
    0x00, 0x00, 0x00, 0x00, 0x3C, 0x00, 0xE0, 0x07, 0x80, 0x1C, 0x00, 0xF0, 0x07, 0x80, 0x1C, 0x00,
    0xF0, 0x07, 0x80, 0x1E, 0x00, 0xF0, 0x03, 0xC0, 0x1E, 0x00, 0xF0, 0x03, 0xC0, 0x1E, 0x00, 0x78,
    0x03, 0xC0, 0x00, 0x00, 0x00, 0x00, 0x03, 0xC0, 0x3E, 0x03, 0xFC, 0x3F, 0xE3, 0xFF, 0x9F, 0xFC,
    0xFD, 0xF7, 0xEF, 0x98, 0x3C, 0xC1, 0xE0, 0x07, 0x00, 0x78, 0x01, 0xE0, 0x0E, 0x00, 0x78, 0x03,
    0x80, 0x1C, 0x01, 0xE0, 0x0F, 0x00, 0x78, 0x0F, 0xC0, 0x7E, 0x0F, 0xE0, 0x7F, 0x03, 0xF0, 0x1F,
    0x80, 0xF8, 0x07, 0xC0, 0x3E, 0x01, 0xF0, 0x0F, 0x80, 0x7C, 0x03, 0xC0, 0x1E, 0x00, 0xC0, 0x06,
    0x00, 0x00, 0x00, 0x00, 0x00, 0x00, 0x00, 0x00, 0x00, 0x00, 0x00, 0xF0, 0x07, 0x80, 0x3C, 0x03,
    0xE0, 0x1F, 0x00, 0xF8, 0x07, 0xC0, 0x3E, 0x01, 0xF0, 0x0F, 0x80, 0x00, 0x00, 0x00, 0x3C, 0x00,
    0x83, 0xFC, 0x07, 0x3F, 0xF8, 0x1E, 0xFD, 0xF0, 0x79, 0x83, 0xC1, 0xE0, 0x07, 0x07, 0x80, 0x1E,
    0x1E, 0x00, 0x78, 0x78, 0x01, 0xC1, 0xE0, 0x0F, 0x07, 0x80, 0x7C, 0x1E, 0x0F, 0xE0, 0x78, 0x3F,
    0x01, 0xE0, 0xF8, 0x0F, 0x83, 0xE0, 0x1E, 0x0F, 0x80, 0x18, 0x3E, 0x00, 0x00, 0xE0, 0x00, 0x00,
    0x00, 0x00, 0x00, 0x00, 0x00, 0x00, 0x00, 0x00, 0xF0, 0x0F, 0x83, 0xC0, 0x3E, 0x1F, 0x00, 0xF8,
    0x7C, 0x03, 0xE1, 0xF0, 0x1F, 0x80, 0x00, 0x7F, 0x00, 0x00, 0x08, 0x7C, 0x06, 0xFF, 0x83, 0xFF,
    0xE3, 0xFD, 0xF1, 0xF8, 0x3C, 0xF0, 0x1E, 0x78, 0x0F, 0x3C, 0x07, 0x9E, 0x03, 0xCF, 0x03, 0xE7,
    0x83, 0xE3, 0xC7, 0xF1, 0xE3, 0xF0, 0xF1, 0xE0, 0x38, 0xF0, 0x0C, 0xF8, 0x00, 0x7C, 0x00, 0x38,
    0x00, 0x00, 0x00, 0x00, 0x03, 0xE0, 0x01, 0xF3, 0xC0, 0xF9, 0xF0, 0x7C, 0xF8, 0x3F, 0x7C, 0x3F,
    0xBE, 0x00, 0x00, 0x0C, 0x00, 0x38, 0x00, 0x38, 0x00, 0x78, 0x00, 0x78, 0x00, 0x70, 0x00, 0xF0,
    0x00, 0xF0, 0x78, 0xF0, 0x78, 0xE0, 0xF9, 0xE0, 0xF9, 0xE0, 0xF9, 0xC0, 0x03, 0xC0, 0x03, 0xC0,
    0x03, 0xC0, 0x03, 0x80, 0x07, 0x80, 0x07, 0x80, 0x07, 0x80, 0x0F, 0x00, 0x0F, 0x1E, 0x0F, 0x1E,
    0x1E, 0x3E, 0x1E, 0x3E, 0x1E, 0x3E, 0x1E, 0x00, 0x3C, 0x00, 0x3C, 0x00, 0x3C, 0x00, 0x7C, 0x00,
    0x78, 0x00, 0x78, 0x00, 0xF0, 0x00, 0xE0, 0x00, 0x80, 0x00, 0x38, 0xD9, 0xF3, 0xFF, 0xED, 0x9F,
    0x3E, 0x10, 0x0C, 0x38, 0xF1, 0xE7, 0xDF, 0xDF, 0x8E, 0x7C, 0xF9, 0x83, 0xC7, 0xC1, 0xDF, 0xBE,
    0x7C, 0x1C, 0x79, 0x83, 0xC7, 0xDF, 0xDB, 0xBF, 0x38, 0x7E, 0xFC, 0x38, 0x70, 0xC3, 0x87, 0x0E,
    0x1C, 0x00, 0x79, 0xBB, 0x77, 0xCF, 0xDB, 0xBF, 0x7C, 0x00, 0xF9, 0xBA, 0x36, 0xEF, 0xCF, 0xBF,
    0x7C, 0x00, 0x00, 0x07, 0xFC, 0x7F, 0xE7, 0xFE, 0xF8, 0xFF, 0x0F, 0xF0, 0xFF, 0x0F, 0xF0, 0xFF,
    0x0F, 0xF0, 0xFF, 0x8F, 0xF8, 0xF0, 0x3C, 0xD9, 0xFB, 0xFF, 0xED, 0xDF, 0x3E, 0x18, 0x30, 0xF1,
    0xE1, 0xC3, 0x87, 0x0E, 0x3E, 0x7C, 0x7C, 0xF9, 0x38, 0x71, 0xC7, 0x9E, 0x3F, 0x7E, 0x7C, 0xF8,
    0x19, 0xE3, 0xC5, 0xDF, 0xBE, 0x00, 0x0C, 0x38, 0xF1, 0xE7, 0xFF, 0xDF, 0x86, 0x7C, 0xF9, 0x83,
    0xE7, 0xC9, 0x9F, 0x3E, 0x00, 0x3E, 0xF9, 0x83, 0xE7, 0xEC, 0xDB, 0xBF, 0x3C, 0x00, 0xFD, 0xF8,
    0x70, 0xC1, 0x87, 0x0E, 0x1C, 0x30, 0x3C, 0xFD, 0xBB, 0xF3, 0xCD, 0xDB, 0xBF, 0x3C, 0x7C, 0xFD,
    0x9B, 0x37, 0xEF, 0xD3, 0xBE, 0x7C, 0x07, 0x03, 0xC3, 0xC3, 0xC1, 0xE1, 0xE0, 0xF0, 0xF0, 0x78,
    0x3C, 0x1C, 0x1E, 0x0F, 0x07, 0x83, 0xC1, 0xE0, 0xF0, 0x78, 0x3C, 0x1F, 0x07, 0x83, 0xC1, 0xF0,
    0x78, 0x3E, 0x1F, 0x07, 0xC3, 0xE0, 0xF8, 0x30, 0x38, 0x1E, 0x07, 0x83, 0xC0, 0xF0, 0x78, 0x1E,
    0x0F, 0x07, 0x81, 0xE0, 0xF0, 0x78, 0x3C, 0x1E, 0x0F, 0x07, 0x83, 0xC1, 0xE1, 0xF0, 0xF0, 0x78,
    0x7C, 0x3C, 0x3E, 0x1F, 0x1F, 0x0F, 0x8F, 0x80, 0x00, 0x77, 0x00, 0x7E, 0x00, 0xEE, 0x00, 0xEE,
    0x00, 0xEE, 0x01, 0xFF, 0x07, 0xFE, 0x0F, 0xFE, 0x1F, 0xFE, 0x1F, 0xDE, 0x3F, 0xDC, 0x3F, 0xF8,
    0x7F, 0xF8, 0x7F, 0xB8, 0x7F, 0xB8, 0x7F, 0xB8, 0x7F, 0xF0, 0x7F, 0xFE, 0x3F, 0xFE, 0x3F, 0xFE,
    0x1F, 0xFE, 0x1F, 0xFE, 0x0F, 0xFE, 0x0E, 0xE0, 0x0E, 0xE0, 0x0E, 0xE0, 0x0E, 0xE0, 0x00, 0x00,
    0x01, 0xFF, 0x07, 0xFE, 0x0F, 0xFE, 0x1F, 0xFE, 0x3F, 0x86, 0x3E, 0x00, 0x3E, 0x00, 0x7C, 0x00,
    0x7C, 0x7E, 0x7C, 0x7E, 0x7C, 0x7E, 0x7E, 0x70, 0x7F, 0xFE, 0x3F, 0xFE, 0x3F, 0xFE, 0x3F, 0xFE,
    0x1F, 0xFE, 0x0F, 0xFE, 0x00, 0x00, 0x0E, 0x00, 0xFE, 0x0F, 0xFC, 0x3E, 0xF8, 0xE0, 0x8F, 0xFE,
    0x3F, 0xF8, 0xFF, 0xE1, 0xFF, 0x8F, 0xFF, 0x3F, 0xFC, 0x0E, 0x00, 0x3C, 0x01, 0xF0, 0x1F, 0x80,
    0x7F, 0xF1, 0xFF, 0xE7, 0xFF, 0xC0, 0x00, 0x01, 0xF0, 0x0F, 0x83, 0xE0, 0x1F, 0x87, 0x80, 0x3F,
    0x0F, 0x00, 0x7F, 0x1E, 0x00, 0xFE, 0x3C, 0x01, 0xFC, 0x78, 0x03, 0xFC, 0xF0, 0x07, 0xF9, 0xE1,
    0xFF, 0xFF, 0xFF, 0xFF, 0xFF, 0xF8, 0x3F, 0xFF, 0x00, 0xFD, 0xFE, 0x01, 0xFB, 0xFC, 0x03, 0xF3,
    0xF8, 0x07, 0xE7, 0xF0, 0x0F, 0xC7, 0xE0, 0x1F, 0x8F, 0xC0, 0x0F, 0xF0, 0x01, 0xFF, 0x80, 0x3F,
    0xF8, 0x07, 0x9F, 0x0F, 0xFF, 0xFF, 0xFF, 0xFF, 0xC3, 0xC7, 0xC0, 0x7F, 0xF8, 0x0F, 0xFE, 0x03,
    0xFF, 0xC0, 0x7F, 0xF0, 0x0F, 0xF0, 0x01, 0xF0, 0x00, 0x3E, 0x00, 0x07, 0xC0, 0x00, 0xF8, 0x00,
    0x1F, 0x00, 0x03, 0xE0, 0x00, 0x7F, 0x00, 0x00, 0xFF, 0x00, 0x01, 0xFF, 0x00, 0x03, 0x8E, 0x00,
    0x07, 0x1C, 0x00, 0x0E, 0x38, 0x00, 0x1C, 0x70, 0x7E, 0x3F, 0xE0, 0xFC, 0x7F, 0xC3, 0x98, 0xFF,
    0x07, 0x01, 0xFE, 0x07, 0xC3, 0xDE, 0x0F, 0xC7, 0x9C, 0x07, 0xDF, 0x3C, 0x23, 0xFE, 0x78, 0xFF,
    0xFC, 0xF1, 0xFE, 0xF9, 0xE7, 0xFD, 0xF3, 0xC7, 0xF0, 0x00, 0x00, 0x00, 0x38, 0x07, 0x0E, 0x01,
    0xC3, 0x80, 0x70, 0xE0, 0x1C, 0x3C, 0x0F, 0x0F, 0x33, 0x8F, 0xFF, 0xFF, 0xFF, 0xFF, 0xFF, 0xFF,
    0xC7, 0xFB, 0x81, 0xFF, 0xE0, 0x7F, 0xF8, 0x1F, 0xFC, 0x07, 0xFF, 0x01, 0xFF, 0xC0, 0x3C, 0xF0,
    0x0F, 0x3C, 0x03, 0xCF, 0x00, 0xFC, 0x00, 0xFF, 0x87, 0xFF, 0xC7, 0xFF, 0xE7, 0xF0, 0xE7, 0xE0,
    0xE7, 0xEE, 0xE7, 0xEE, 0xE7, 0xEE, 0xF7, 0xEE, 0xF7, 0xEE, 0x07, 0xEF, 0x07, 0xEF, 0xCF, 0xE7,
    0xFF, 0xE3, 0xFF, 0x00, 0xFF, 0x00, 0x38, 0x00, 0x38, 0x01, 0xFF, 0x01, 0xFF, 0x00, 0x38, 0x07,
    0xF8, 0x0F, 0xF8, 0x0F, 0xF8, 0x1C, 0x78, 0x1C, 0x78, 0x1C, 0x78, 0x1F, 0xF8, 0x0F, 0xF8, 0x0F,
    0xF8, 0x07, 0xF8, 0x00, 0x00, 0xFF, 0xF8, 0xFF, 0xF8, 0x00, 0x00, 0x03, 0xFC, 0x0F, 0xF8, 0x3F,
    0xF0, 0x7F, 0xC1, 0xF0, 0x1F, 0xF8, 0x3F, 0xF8, 0x7F, 0xF0, 0x1E, 0x00, 0x3F, 0x83, 0xFF, 0x87,
    0xFF, 0x0F, 0xF0, 0x03, 0xF0, 0x03, 0xFF, 0x07, 0xFE, 0x07, 0xFC, 0x07, 0xF8, 0x00, 0x00, 0xFF,
    0xFF, 0xFF, 0xFF, 0xFF, 0xFF, 0xFF, 0xFF, 0x03, 0xD8, 0x03, 0xF8, 0x03, 0xF8, 0x1F, 0xF8, 0x1F,
    0xE0, 0x1F, 0xC8, 0x1F, 0xF8, 0x03, 0xF8, 0x0F, 0xF8, 0x1F, 0xF0, 0x1F, 0xC0, 0x1F, 0xC0, 0x07,
    0xE0, 0x07, 0xE0, 0x07, 0xF8, 0x00, 0x3F, 0xF0, 0x01, 0xFF, 0xC1, 0xFF, 0xFF, 0xF0, 0x78, 0x78,
    0x7F, 0xFF, 0xFC, 0x1E, 0x7E, 0x00, 0xFF, 0xF0, 0x07, 0xFF, 0x00, 0x7F, 0xF8, 0x03, 0xFF, 0x80,
    0x1F, 0xE0, 0x00, 0xF8, 0x00, 0x07, 0xC0, 0x00, 0x3E, 0x00, 0x01, 0xF0, 0x00, 0x0F, 0x80, 0x00,
    0x7C, 0x00, 0x00, 0x00, 0xE0, 0x00, 0x38, 0x00, 0x0E, 0x00, 0x03, 0x80, 0x00, 0xE0, 0x03, 0xFF,
    0x81, 0xFF, 0xE0, 0xFF, 0xF8, 0x7F, 0xFF, 0x1F, 0xF8, 0x0F, 0xDE, 0x03, 0xE7, 0x80, 0xF9, 0xE0,
    0x3E, 0x7F, 0x0F, 0x9F, 0xFB, 0xE7, 0xFF, 0xF9, 0xFF, 0xFF, 0x79, 0xF7, 0xFF, 0xF9, 0xFF, 0xFE,
    0x3F, 0xFF, 0x87, 0xFF, 0xC0, 0xFF, 0xE0, 0x07, 0x00, 0x01, 0xC0, 0x00, 0x70, 0x00, 0x00, 0x00,
    0x07, 0xF0, 0x00, 0x7F, 0xE0, 0x01, 0xFF, 0x00, 0x0E, 0xFC, 0x00, 0x01, 0xE0, 0x00, 0x0F, 0x03,
    0xFF, 0xFF, 0xFF, 0xFF, 0xFF, 0xFF, 0xFF, 0xFF, 0xFF, 0xFF, 0xFF, 0xFF, 0xFF, 0xFF, 0xFF, 0xF3,
    0xC0, 0xC0, 0x1F, 0xFF, 0x00, 0xFF, 0xFC, 0x03, 0xFF, 0xF0, 0x07, 0xFE, 0x00, 0x00, 0x00, 0x00,
    0x0E, 0x01, 0xC0, 0x38, 0x1F, 0xC7, 0xF8, 0xFF, 0x3F, 0x87, 0xF0, 0xFE, 0x1F, 0xE3, 0xFC, 0x7F,
    0x87, 0xF8, 0xFF, 0x8F, 0xF0, 0x78, 0x07, 0x00, 0xFF, 0xFF, 0x9F, 0xFF, 0xE0, 0x00, 0x00, 0x00,
    0x00, 0x7F, 0xFF, 0x9F, 0xFF, 0xE7, 0xFF, 0xF8, 0x07, 0x80, 0x01, 0xE0, 0x00, 0x78, 0x00, 0x1E,
    0x00, 0x07, 0x80, 0x01, 0xE0, 0x00, 0x78, 0x00, 0x1E, 0x00, 0x07, 0x80, 0x03, 0xE0, 0x00, 0xFC,
    0x00, 0x3F, 0x00, 0x7F, 0xF7, 0xFF, 0x7F, 0xF0, 0x70, 0x7F, 0xF7, 0xFF, 0x7F, 0xF7, 0xF0, 0x7E,
    0x07, 0xF0, 0x7F, 0x00, 0x78, 0x07, 0x80, 0x78, 0x07, 0xC0, 0x7C, 0x07, 0xC0, 0x3C, 0x01, 0xE6,
    0x0F, 0xF0, 0x7F, 0x87, 0xFC, 0x7F, 0xE3, 0xFF, 0x1F, 0xF8, 0xFF, 0xF7, 0xFB, 0xFF, 0x3D, 0xFF,
    0xE1, 0xFE, 0x0F, 0xE0, 0x78, 0x00, 0x00, 0x07, 0x80, 0x0F, 0x00, 0x1E, 0x00, 0x7F, 0x01, 0xFF,
    0x07, 0xFE, 0x0F, 0xFE, 0x1F, 0xFC, 0x3F, 0xF8, 0x77, 0x70, 0xEE, 0xE1, 0xDD, 0xC3, 0xBB, 0x87,
    0x77, 0x0E, 0xEE, 0x1F, 0xFC, 0x3F, 0xF8, 0x03, 0xFC, 0x00, 0xFF, 0xC0, 0x3F, 0xF8, 0x0F, 0x3E,
    0x03, 0xC3, 0xC0, 0xF0, 0xF0, 0x3C, 0x7C, 0xFF, 0xFF, 0x3F, 0xFF, 0x8F, 0xFF, 0xE3, 0xFF, 0xF0,
    0x7F, 0xE0, 0xFF, 0xFC, 0x3F, 0xFF, 0x0F, 0xFF, 0xC0, 0x1F, 0x00, 0x07, 0xC0, 0x01, 0xF0, 0x00,
    0x03, 0x00, 0x0F, 0x00, 0x3C, 0x00, 0xF0, 0x03, 0xC0, 0x0F, 0xFF, 0xBF, 0xFF, 0xBF, 0xFF, 0x3C,
    0x00, 0x7C, 0x00, 0x7C, 0x00, 0x78, 0x00, 0x70, 0x00, 0x40, 0x00, 0x00, 0x00, 0x01, 0x80, 0x03,
    0xE0, 0x0F, 0xF0, 0x1F, 0xF8, 0x3F, 0xFC, 0x7F, 0xFE, 0x7B, 0xDE, 0x33, 0xCC, 0x03, 0xC0, 0x03,
    0xC0, 0x03, 0xC0, 0x03, 0xC0, 0x03, 0xC0, 0x03, 0xC0, 0x03, 0x80, 0x0E, 0x00, 0x3C, 0x00, 0x78,
    0x00, 0xF3, 0xFF, 0xEF, 0xFF, 0xFF, 0xFF, 0x00, 0xF8, 0x07, 0xC0, 0x1E, 0x00, 0xF0, 0x03, 0x80,
    0x04, 0x00, 0x03, 0xC0, 0x03, 0xC0, 0x03, 0xC0, 0x03, 0xC0, 0x03, 0xC0, 0x23, 0xC0, 0x73, 0xCC,
    0x7B, 0xDE, 0x7F, 0xFE, 0x1F, 0xF8, 0x0F, 0xF0, 0x07, 0xE0, 0x03, 0xC0, 0x01, 0x80, 0x04, 0x10,
    0x07, 0x1C, 0x07, 0x8F, 0x07, 0x83, 0xC7, 0x80, 0xF3, 0xFF, 0xFF, 0xFF, 0xFE, 0xFF, 0xFE, 0x3C,
    0x0E, 0x0F, 0x0F, 0x03, 0x8F, 0x00, 0x83, 0x00, 0x02, 0x00, 0x38, 0x03, 0xE0, 0x3F, 0x87, 0xFF,
    0x7F, 0xF9, 0xDD, 0xC0, 0xE0, 0x07, 0x00, 0x38, 0x19, 0xC9, 0xEE, 0xE7, 0xFF, 0x1F, 0xF0, 0x7F,
    0x01, 0xF0, 0x07, 0x00, 0x00, 0xE7, 0xFE, 0x7F, 0xE7, 0xFE, 0x7E, 0x0F, 0xF0, 0xFF, 0x8F, 0x7C,
    0xF3, 0xEF, 0x1F, 0xE0, 0xF0, 0x06, 0x38, 0x01, 0xFF, 0x8F, 0xFC, 0x7F, 0xE0, 0x3F, 0x03, 0xF8,
    0x3F, 0xC3, 0xEE, 0x3E, 0x73, 0xE3, 0xDE, 0x1C, 0x60, 0x00, 0x30, 0x03, 0xC1, 0x1E, 0x1E, 0x78,
    0xE1, 0xE7, 0x0F, 0xB8, 0x3F, 0xC0, 0xFE, 0x03, 0xF3, 0xFF, 0x9F, 0xF8, 0xFF, 0xC0, 0x00, 0xC6,
    0x0E, 0xE1, 0xEE, 0x3C, 0xE7, 0xCF, 0xF8, 0xFF, 0x0F, 0xE0, 0x7C, 0x07, 0xFE, 0x7F, 0xE7, 0xFE,
    0x00, 0x00, 0x06, 0x00, 0x0F, 0x00, 0x1F, 0x00, 0x3E, 0x00, 0x7F, 0xFF, 0xFF, 0xFF, 0xF8, 0x00,
    0x7F, 0xFF, 0x3F, 0xFF, 0x1F, 0x00, 0x0F, 0x00, 0x0F, 0x00, 0x06, 0x00, 0x01, 0x60, 0x00, 0xFC,
    0x00, 0x7F, 0x80, 0x3F, 0xF0, 0x1F, 0xFE, 0x0F, 0xFF, 0xC7, 0xFF, 0xFB, 0xEF, 0xDF, 0x73, 0xF3,
    0x98, 0xFC, 0x40, 0x3F, 0x00, 0x0F, 0xC0, 0x03, 0xF0, 0x00, 0xFC, 0x00, 0x3F, 0x00, 0x0F, 0xC0,
    0x03, 0xF0, 0x00, 0x00, 0x00, 0x00, 0x70, 0x00, 0xF0, 0x00, 0x78, 0x00, 0x3C, 0xFF, 0xFE, 0xFF,
    0xFF, 0x00, 0x1F, 0xFF, 0xFE, 0xFF, 0xFC, 0x00, 0xFC, 0x00, 0xF8, 0x00, 0x70, 0x00, 0x60, 0x03,
    0xF0, 0x00, 0xFC, 0x00, 0x3F, 0x00, 0x0F, 0xC0, 0x03, 0xF0, 0x00, 0xFC, 0x02, 0x3F, 0x01, 0xCF,
    0xC6, 0xFB, 0xF3, 0xDF, 0xFD, 0xF3, 0xFF, 0xF8, 0x7F, 0xFC, 0x0F, 0xFE, 0x01, 0xFE, 0x00, 0x7F,
    0x00, 0x0F, 0x80, 0x00, 0x40, 0x00, 0x00, 0x00, 0x00, 0xC3, 0x80, 0x3C, 0x78, 0x0F, 0x8F, 0x83,
    0xE0, 0xF0, 0xFF, 0xFF, 0x3F, 0xFF, 0xF7, 0xC0, 0x1F, 0x7F, 0xFF, 0xC7, 0xFF, 0xF0, 0x7C, 0x7C,
    0x07, 0x8F, 0x00, 0xF1, 0xC0, 0x0C, 0x18, 0x00, 0x07, 0x00, 0x1E, 0x01, 0xFE, 0x0F, 0xFC, 0x7F,
    0xFF, 0xF7, 0xF7, 0xDF, 0xC3, 0x70, 0x0D, 0xC0, 0x37, 0x02, 0xDD, 0x9F, 0x7F, 0xFD, 0xFD, 0xFF,
    0xF3, 0xFF, 0x03, 0xF0, 0x07, 0x80, 0x0C, 0x00, 0x00, 0x00, 0x0F, 0x00, 0x7C, 0x07, 0xE0, 0x07,
    0x80, 0x3C, 0x01, 0xE3, 0xEE, 0x7F, 0xF3, 0xFF, 0xBE, 0xFD, 0xE3, 0xEF, 0x0F, 0x78, 0x73, 0xE7,
    0x9F, 0xFC, 0x7F, 0xC3, 0xFE, 0x07, 0xC0, 0x00, 0x00, 0x30, 0x0F, 0xF3, 0xC1, 0xFF, 0xFE, 0x1F,
    0xFF, 0xE0, 0xFC, 0xFE, 0x0F, 0x83, 0xF0, 0x78, 0x3F, 0x87, 0xC3, 0xFC, 0x3E, 0x3F, 0xE1, 0xE3,
    0xCF, 0x8F, 0x3C, 0x7C, 0x7F, 0xC3, 0xE3, 0xFC, 0x3E, 0x1F, 0xFF, 0xF0, 0x7F, 0xFF, 0x87, 0xFF,
    0xFC, 0x7F, 0xFF, 0xC7, 0xFF, 0xFC, 0x3C, 0xFF, 0xC0, 0xC0, 0x00, 0x00, 0x03, 0x80, 0x03, 0xC0,
    0x07, 0xE0, 0x07, 0xE0, 0x0F, 0xF0, 0x0F, 0xF0, 0x1F, 0xF8, 0x1E, 0x78, 0x3E, 0x7C, 0x3E, 0x7C,
    0x7C, 0x3E, 0x7C, 0x3E, 0xF8, 0x1F, 0xFF, 0xFF, 0xFF, 0xFF, 0xFF, 0xFF, 0xFF, 0xFF, 0xFF, 0xFF,
    0xFF, 0xFF, 0xFF, 0xCE, 0x3C, 0x38, 0xF0, 0xE3, 0xC3, 0x8F, 0x0E, 0x3C, 0x38, 0xF0, 0xE3, 0xC3,
    0x8F, 0x0E, 0x3C, 0x38, 0xF0, 0xE3, 0xC3, 0x8F, 0x0E, 0x3C, 0x00, 0x00, 0xE3, 0xC3, 0x8F, 0x0E,
    0x3C, 0x38, 0xF0, 0xE3, 0xC3, 0x8F, 0x0E, 0x3C, 0x38, 0xF0, 0xE3, 0xC3, 0x8F, 0x0E, 0x3C, 0x38,
    0xF0, 0xE3, 0xCF, 0xFF, 0xFF, 0xFF, 0xFF, 0xFC, 0xFF, 0xFF, 0xFF, 0xFF, 0xFC, 0x07, 0xC0, 0x7C,
    0x07, 0xC0, 0x78, 0x0F, 0x03, 0xC0, 0xF0, 0x7C, 0x0F, 0xFF, 0xFF, 0xFF, 0xFF, 0xFF, 0x00, 0x03,
    0xFE, 0x7F, 0xF7, 0xFF, 0x00, 0x7F, 0xC0, 0x1F, 0xE0, 0x0F, 0xF8, 0x03, 0xE0, 0x00, 0xE0, 0x00,
    0x78, 0x00, 0x1E, 0x00, 0x07, 0x80, 0x03, 0xC0, 0x00, 0xF0, 0x00, 0x3C, 0x00, 0x1F, 0x00, 0xC7,
    0x80, 0x3D, 0xE0, 0x0F, 0xF8, 0x01, 0xFE, 0x00, 0x7F, 0x80, 0x0F, 0xC0, 0x03, 0xF0, 0x00, 0x00,
    0x00, 0x1F, 0x9F, 0x1F, 0xFF, 0xDF, 0xFF, 0xFF, 0xBF, 0x7F, 0x07, 0x1F, 0x83, 0x0F, 0xC3, 0xFF,
    0xFF, 0xFF, 0xFF, 0xFF, 0xDF, 0xFF, 0xC7, 0xE7, 0xC0, 0x00, 0x07, 0x00, 0x0F, 0xC0, 0x0F, 0xE0,
    0x07, 0xB0, 0x07, 0x80, 0x03, 0xC0, 0x01, 0xE0, 0x00, 0xF0, 0x00, 0x78, 0x00, 0x38, 0x00, 0x3C,
    0x00, 0x1E, 0x00, 0x0F, 0x00, 0x07, 0x80, 0x03, 0xC0, 0x01, 0xE0, 0x01, 0xE0, 0x0F, 0xF0, 0x1F,
    0xF8, 0x0F, 0xFC, 0x03, 0xFC, 0x00, 0xFC, 0x00, 0x00, 0x00, 0x7D, 0xF7, 0xDF, 0x7C, 0x00, 0x00,
    0x01, 0xF7, 0xDF, 0x7D, 0xF0, 0x00, 0x07, 0xCF, 0xFE, 0xFF, 0xFF, 0xF7, 0xF6, 0x3E, 0x00, 0x07,
    0xCF, 0xFF, 0xFF, 0xFF, 0xF7, 0xE0, 0x1C, 0x00, 0x0E, 0x00, 0x1E, 0x00, 0x1C, 0x00, 0x3C, 0x00,
    0x78, 0x00, 0x70, 0x7F, 0xFE, 0x7F, 0xFE, 0xFF, 0xFE, 0x03, 0xC0, 0x03, 0xC0, 0x7F, 0xFE, 0xFF,
    0xFE, 0xFF, 0xFE, 0x1E, 0x00, 0x1E, 0x00, 0x3C, 0x00, 0x7C, 0x00, 0x78, 0x00, 0x00, 0x02, 0x00,
    0x03, 0xC0, 0x03, 0xF0, 0x03, 0xFC, 0x07, 0xFC, 0x07, 0xFC, 0x07, 0xFC, 0x01, 0xFC, 0x00, 0x7F,
    0xE0, 0x1F, 0xFF, 0x81, 0xFF, 0xF0, 0x07, 0xFC, 0x00, 0x3F, 0x0F, 0x81, 0xC3, 0xFF, 0xF0, 0xFF,
    0xFE, 0x1F, 0xFF, 0x80, 0x01, 0xF0, 0x00, 0x00, 0x06, 0x00, 0x01, 0xE0, 0x00, 0x7F, 0x00, 0x1F,
    0xF0, 0x01, 0xFF, 0x00, 0x1F, 0xF8, 0x00, 0xFE, 0x00, 0xFF, 0x81, 0xFF, 0xF3, 0xFF, 0xF8, 0xFF,
    0xC0, 0x3F, 0x80, 0x0E, 0x03, 0xC1, 0xFF, 0xF1, 0xFF, 0xFE, 0x7F, 0xFE, 0x1F, 0x00, 0x00,
};

static const EpdGlyph opendyslexic_10_boldGlyphs[] = {
    { 0, 0, 18, 0, 0, 0, 0 }, //  
    { 7, 27, 7, 0, 24, 24, 0 }, // !
    { 13, 8, 15, -2, 19, 13, 24 }, // "
    { 23, 20, 22, -1, 17, 58, 37 }, // #
    { 18, 25, 24, 3, 21, 57, 95 }, // $
    { 18, 19, 23, 3, 17, 43, 152 }, // %
    { 16, 17, 19, 2, 17, 34, 195 }, // &
    { 6, 8, 7, 1, 17, 6, 229 }, // '
    { 9, 29, 10, 1, 22, 33, 235 }, // (
    { 9, 29, 9, -1, 22, 33, 268 }, // )
    { 13, 12, 13, 0, 17, 20, 301 }, // *
    { 11, 12, 13, 1, 12, 17, 321 }, // +
    { 7, 8, 7, 0, 4, 7, 338 }, // ,
    { 11, 3, 11, 0, 8, 5, 345 }, // -
    { 5, 5, 5, 0, 5, 4, 350 }, // .
    { 14, 36, 14, 0, 25, 63, 354 }, // /
    { 13, 17, 15, 1, 16, 28, 417 }, // 0
    { 11, 16, 13, 1, 16, 22, 445 }, // 1
    { 13, 16, 15, 1, 16, 26, 467 }, // 2
    { 13, 17, 15, 1, 17, 28, 493 }, // 3
    { 13, 17, 15, 1, 16, 28, 521 }, // 4
    { 12, 17, 15, 1, 16, 26, 549 }, // 5
    { 13, 16, 15, 1, 16, 26, 575 }, // 6
    { 12, 16, 15, 1, 16, 24, 601 }, // 7
    { 13, 17, 16, 1, 16, 28, 625 }, // 8
    { 13, 18, 15, 1, 17, 30, 653 }, // 9
    { 6, 14, 6, 0, 14, 11, 683 }, // :
    { 7, 17, 7, 0, 13, 15, 694 }, // ;
    { 17, 14, 16, -1, 14, 30, 709 }, // <
    { 12, 8, 13, 0, 10, 12, 739 }, // =
    { 16, 14, 17, 1, 14, 28, 751 }, // >
    { 14, 27, 14, 0, 24, 48, 779 }, // ?
    { 20, 19, 21, 0, 18, 48, 827 }, // @
    { 18, 18, 20, 1, 18, 41, 875 }, // A
    { 14, 18, 20, 3, 18, 32, 916 }, // B
    { 16, 19, 21, 2, 19, 38, 948 }, // C
    { 16, 18, 22, 3, 18, 36, 986 }, // D
    { 13, 18, 19, 3, 18, 30, 1022 }, // E
    { 12, 18, 18, 3, 18, 27, 1052 }, // F
    { 18, 19, 24, 3, 19, 43, 1079 }, // G
    { 16, 18, 22, 3, 18, 36, 1122 }, // H
    { 5, 18, 11, 3, 18, 12, 1158 }, // I
    { 13, 23, 19, 3, 18, 38, 1170 }, // J
    { 16, 18, 22, 3, 18, 36, 1208 }, // K
    { 13, 18, 19, 3, 18, 30, 1244 }, // L
    { 18, 18, 24, 3, 18, 41, 1274 }, // M
    { 16, 18, 22, 3, 18, 36, 1315 }, // N
    { 18, 19, 24, 3, 18, 43, 1351 }, // O
    { 13, 18, 19, 3, 18, 30, 1394 }, // P
    { 19, 22, 22, 2, 19, 53, 1424 }, // Q
    { 14, 18, 20, 3, 18, 32, 1477 }, // R
    { 16, 19, 22, 3, 18, 38, 1509 }, // S
    { 16, 18, 22, 3, 18, 36, 1547 }, // T
    { 16, 19, 22, 3, 18, 38, 1583 }, // U
    { 18, 18, 24, 3, 18, 41, 1621 }, // V
    { 24, 18, 30, 3, 18, 54, 1662 }, // W
    { 17, 18, 23, 3, 18, 39, 1716 }, // X
    { 17, 18, 22, 3, 18, 39, 1755 }, // Y
    { 17, 18, 23, 3, 18, 39, 1794 }, // Z
    { 8, 31, 10, 1, 23, 31, 1833 }, // [
    { 8, 24, 10, 1, 18, 24, 1864 }, // <backslash>
    { 8, 31, 10, 1, 23, 31, 1888 }, // ]
    { 12, 6, 12, 0, 21, 9, 1919 }, // ^
    { 16, 5, 14, -1, -1, 10, 1928 }, // _
    { 9, 4, 9, 0, 16, 5, 1938 }, // `
    { 12, 13, 18, 3, 13, 20, 1943 }, // a
    { 13, 19, 18, 3, 18, 31, 1963 }, // b
    { 11, 13, 16, 3, 13, 18, 1994 }, // c
    { 13, 18, 18, 3, 18, 30, 2012 }, // d
    { 12, 12, 18, 3, 12, 18, 2042 }, // e
    { 9, 17, 14, 3, 17, 20, 2060 }, // f
    { 12, 19, 18, 3, 12, 29, 2080 }, // g
    { 13, 18, 18, 3, 18, 30, 2109 }, // h
    { 6, 19, 10, 2, 19, 15, 2139 }, // i
    { 8, 25, 13, 3, 19, 25, 2154 }, // j
    { 13, 18, 19, 3, 18, 30, 2179 }, // k
    { 7, 18, 12, 3, 18, 16, 2209 }, // l
    { 20, 13, 26, 3, 13, 33, 2225 }, // m
    { 12, 13, 18, 3, 13, 20, 2258 }, // n
    { 12, 12, 18, 3, 12, 18, 2278 }, // o
    { 14, 19, 20, 3, 13, 34, 2296 }, // p
    { 15, 19, 20, 3, 13, 36, 2330 }, // q
    { 9, 12, 15, 3, 12, 14, 2366 }, // r
    { 12, 14, 18, 3, 13, 21, 2380 }, // s
    { 11, 18, 16, 3, 17, 25, 2401 }, // t
    { 12, 12, 18, 3, 12, 18, 2426 }, // u
    { 15, 12, 21, 3, 12, 23, 2444 }, // v
    { 17, 13, 23, 3, 12, 28, 2467 }, // w
    { 15, 12, 20, 3, 12, 23, 2495 }, // x
    { 14, 18, 19, 3, 12, 32, 2518 }, // y
    { 13, 12, 18, 3, 12, 20, 2550 }, // z
    { 11, 21, 12, 0, 16, 29, 2570 }, // {
    { 4, 19, 8, 2, 15, 10, 2599 }, // |
    { 11, 21, 12, 0, 16, 29, 2609 }, // }
    { 8, 5, 10, 1, 16, 5, 2638 }, // ~
    { 0, 0, 18, 0, 0, 0, 2643 }, //  
    { 7, 27, 16, 4, 23, 24, 2643 }, // ¡
    { 11, 20, 16, 3, 16, 28, 2667 }, // ¢
    { 14, 19, 14, 0, 18, 34, 2695 }, // £
    { 14, 13, 14, 0, 14, 23, 2729 }, // ¤
    { 16, 19, 16, 0, 16, 38, 2752 }, // ¥
    { 3, 19, 8, 2, 15, 8, 2790 }, // ¦
    { 12, 19, 16, 2, 17, 29, 2798 }, // §
    { 11, 5, 11, 0, 17, 7, 2827 }, // ¨
    { 10, 9, 14, 2, 20, 12, 2834 }, // ©
    { 7, 7, 14, 4, 16, 7, 2846 }, // ª
    { 12, 12, 11, 0, 12, 18, 2853 }, // «
    { 11, 8, 13, 1, 8, 11, 2871 }, // ¬
    { 11, 3, 13, 1, 8, 5, 2882 }, // ­
    { 10, 9, 14, 2, 23, 12, 2887 }, // ®
    { 10, 4, 11, 0, 16, 5, 2899 }, // ¯
    { 10, 10, 14, 2, 16, 13, 2904 }, // °
    { 12, 14, 13, 0, 12, 21, 2917 }, // ±
    { 6, 8, 7, 0, 17, 6, 2938 }, // ²
    { 7, 8, 7, 0, 17, 7, 2944 }, // ³
    { 6, 5, 6, 0, 16, 4, 2951 }, // ´
    { 13, 15, 18, 2, 12, 25, 2955 }, // µ
    { 12, 18, 16, 2, 15, 27, 2980 }, // ¶
    { 5, 5, 5, 0, 10, 4, 3007 }, // ·
    { 6, 7, 7, 0, 1, 6, 3011 }, // ¸
    { 6, 8, 6, 0, 17, 6, 3017 }, // ¹
    { 7, 7, 14, 4, 15, 7, 3023 }, // º
    { 12, 12, 16, 2, 12, 18, 3030 }, // »
    { 19, 20, 26, 3, 18, 48, 3048 }, // ¼
    { 21, 20, 26, 3, 18, 53, 3096 }, // ½
    { 19, 19, 26, 3, 17, 46, 3149 }, // ¾
    { 13, 26, 14, 0, 15, 43, 3195 }, // ¿
    { 18, 24, 20, 1, 24, 54, 3238 }, // À
    { 18, 28, 20, 1, 28, 63, 3292 }, // Á
    { 18, 26, 20, 1, 26, 59, 3355 }, // Â
    { 18, 25, 20, 1, 25, 57, 3414 }, // Ã
    { 18, 25, 20, 1, 25, 57, 3471 }, // Ä
    { 18, 25, 20, 1, 25, 57, 3528 }, // Å
    { 26, 19, 28, 1, 18, 62, 3585 }, // Æ
    { 16, 25, 21, 2, 19, 50, 3647 }, // Ç
    { 13, 25, 19, 3, 25, 41, 3697 }, // È
    { 13, 28, 19, 3, 28, 46, 3738 }, // É
    { 13, 26, 19, 3, 26, 43, 3784 }, // Ê
    { 13, 26, 19, 3, 26, 43, 3827 }, // Ë
    { 9, 26, 11, 0, 26, 30, 3870 }, // Ì
    { 5, 29, 11, 3, 29, 19, 3900 }, // Í
    { 12, 27, 11, 0, 27, 41, 3919 }, // Î
    { 11, 27, 11, 0, 27, 38, 3960 }, // Ï
    { 20, 18, 22, -1, 18, 45, 3998 }, // Ð
    { 16, 25, 22, 3, 25, 50, 4043 }, // Ñ
    { 18, 25, 24, 3, 24, 57, 4093 }, // Ò
    { 18, 28, 24, 3, 27, 63, 4150 }, // Ó
    { 18, 27, 24, 3, 26, 61, 4213 }, // Ô
    { 18, 26, 24, 3, 25, 59, 4274 }, // Õ
    { 18, 26, 24, 3, 25, 59, 4333 }, // Ö
    { 13, 7, 12, 0, 9, 12, 4392 }, // ×
    { 30, 41, 24, -3, 30, 154, 4404 }, // Ø
    { 16, 26, 22, 3, 25, 52, 4558 }, // Ù
    { 16, 30, 22, 3, 29, 60, 4610 }, // Ú
    { 16, 28, 22, 3, 27, 56, 4670 }, // Û
    { 16, 28, 22, 3, 27, 56, 4726 }, // Ü
    { 17, 30, 22, 3, 30, 64, 4782 }, // Ý
    { 10, 17, 12, 1, 17, 22, 4846 }, // Þ
    { 13, 17, 14, 1, 16, 28, 4868 }, // ß
    { 12, 19, 18, 3, 19, 29, 4896 }, // à
    { 12, 22, 18, 3, 22, 33, 4925 }, // á
    { 12, 20, 18, 3, 20, 30, 4958 }, // â
    { 12, 19, 18, 3, 19, 29, 4988 }, // ã
    { 12, 20, 18, 3, 20, 30, 5017 }, // ä
    { 12, 20, 18, 3, 20, 30, 5047 }, // å
    { 20, 13, 26, 3, 13, 33, 5077 }, // æ
    { 11, 18, 16, 3, 13, 25, 5110 }, // ç
    { 12, 21, 18, 3, 21, 32, 5135 }, // è
    { 12, 24, 18, 3, 24, 36, 5167 }, // é
    { 12, 22, 18, 3, 22, 33, 5203 }, // ê
    { 12, 22, 18, 3, 22, 33, 5236 }, // ë
    { 9, 18, 10, 0, 18, 21, 5269 }, // ì
    { 5, 21, 10, 3, 21, 14, 5290 }, // í
    { 12, 19, 10, -1, 19, 29, 5304 }, // î
    { 10, 18, 10, 0, 18, 23, 5333 }, // ï
    { 17, 19, 14, -1, 18, 41, 5356 }, // ð
    { 12, 20, 18, 3, 20, 30, 5397 }, // ñ
    { 12, 18, 18, 3, 18, 27, 5427 }, // ò
    { 12, 22, 18, 3, 22, 33, 5454 }, // ó
    { 12, 20, 18, 3, 20, 30, 5487 }, // ô
    { 12, 19, 18, 3, 19, 29, 5517 }, // õ
    { 12, 19, 18, 3, 19, 29, 5546 }, // ö
    { 16, 15, 19, 1, 15, 30, 5575 }, // ÷
    { 14, 35, 18, 2, 24, 62, 5605 }, // ø
    { 12, 18, 18, 3, 18, 27, 5667 }, // ù
    { 12, 22, 18, 3, 22, 33, 5694 }, // ú
    { 12, 20, 18, 3, 20, 30, 5727 }, // û
    { 12, 20, 18, 3, 20, 30, 5757 }, // ü
    { 14, 31, 19, 3, 25, 55, 5787 }, // ý
    { 10, 22, 12, 1, 17, 28, 5842 }, // þ
    { 14, 28, 19, 3, 22, 49, 5870 }, // ÿ
    { 18, 25, 20, 1, 25, 57, 5919 }, // Ā
    { 12, 20, 18, 3, 20, 30, 5976 }, // ā
    { 18, 26, 20, 1, 26, 59, 6006 }, // Ă
    { 12, 20, 18, 3, 20, 30, 6065 }, // ă
    { 18, 24, 20, 1, 18, 54, 6095 }, // Ą
    { 13, 19, 18, 3, 13, 31, 6149 }, // ą
    { 16, 25, 21, 2, 25, 50, 6180 }, // Ć
    { 11, 18, 16, 3, 18, 25, 6230 }, // ć
    { 16, 27, 21, 2, 27, 54, 6255 }, // Ĉ
    { 12, 19, 16, 2, 19, 29, 6309 }, // ĉ
    { 16, 25, 21, 2, 25, 50, 6338 }, // Ċ
    { 11, 18, 16, 3, 18, 25, 6388 }, // ċ
    { 16, 27, 21, 2, 27, 54, 6413 }, // Č
    { 12, 20, 16, 3, 20, 30, 6467 }, // č
    { 16, 27, 22, 3, 27, 54, 6497 }, // Ď
    { 17, 18, 18, 3, 18, 39, 6551 }, // ď
    { 20, 18, 22, -1, 18, 45, 6590 }, // Đ
    { 16, 18, 18, 3, 18, 36, 6635 }, // đ
    { 13, 26, 19, 3, 26, 43, 6671 }, // Ē
    { 12, 22, 18, 3, 22, 33, 6714 }, // ē
    { 13, 26, 19, 3, 26, 43, 6747 }, // Ĕ
    { 12, 22, 18, 3, 22, 33, 6790 }, // ĕ
    { 13, 26, 19, 3, 26, 43, 6823 }, // Ė
    { 12, 22, 18, 3, 22, 33, 6866 }, // ė
    { 13, 23, 19, 3, 18, 38, 6899 }, // Ę
    { 12, 20, 18, 3, 12, 30, 6937 }, // ę
    { 13, 28, 19, 3, 28, 46, 6967 }, // Ě
    { 12, 24, 18, 3, 24, 36, 7013 }, // ě
    { 18, 29, 24, 3, 29, 66, 7049 }, // Ĝ
    { 13, 28, 18, 3, 21, 46, 7115 }, // ĝ
    { 18, 28, 24, 3, 28, 63, 7161 }, // Ğ
    { 12, 27, 18, 3, 20, 41, 7224 }, // ğ
    { 18, 28, 24, 3, 28, 63, 7265 }, // Ġ
    { 12, 27, 18, 3, 20, 41, 7328 }, // ġ
    { 18, 31, 24, 3, 31, 70, 7369 }, // Ģ
    { 12, 28, 18, 3, 21, 42, 7439 }, // ģ
    { 16, 26, 22, 3, 26, 52, 7481 }, // Ĥ
    { 16, 26, 18, 0, 26, 52, 7533 }, // ĥ
    { 18, 18, 22, 2, 18, 41, 7585 }, // Ħ
    { 16, 18, 18, 0, 18, 36, 7626 }, // ħ
    { 9, 27, 11, 1, 27, 31, 7662 }, // Ĩ
    { 8, 20, 10, 1, 20, 20, 7693 }, // ĩ
    { 12, 27, 11, -1, 27, 41, 7713 }, // Ī
    { 12, 19, 10, -1, 19, 29, 7754 }, // ī
    { 6, 23, 11, 2, 18, 18, 7783 }, // Į
    { 6, 25, 10, 2, 19, 19, 7801 }, // į
    { 5, 27, 11, 3, 27, 17, 7820 }, // İ
    { 4, 12, 10, 3, 12, 6, 7837 }, // ı
    { 17, 26, 33, 7, 18, 56, 7843 }, // Ĳ
    { 13, 24, 10, 2, 19, 39, 7899 }, // ĳ
    { 14, 31, 19, 3, 26, 55, 7938 }, // Ĵ
    { 12, 27, 13, 2, 21, 41, 7993 }, // ĵ
    { 16, 29, 22, 3, 29, 58, 8034 }, // Ķ
    { 13, 29, 19, 3, 18, 48, 8092 }, // ķ
    { 10, 12, 14, 2, 12, 15, 8140 }, // ĸ
    { 13, 24, 19, 3, 24, 39, 8155 }, // Ĺ
    { 7, 27, 12, 3, 27, 24, 8194 }, // ĺ
    { 15, 28, 19, 1, 28, 53, 8218 }, // Ļ
    { 9, 29, 12, 1, 18, 33, 8271 }, // ļ
    { 13, 18, 19, 3, 18, 30, 8304 }, // Ľ
    { 10, 21, 12, 3, 21, 27, 8334 }, // ľ
    { 13, 18, 19, 3, 18, 30, 8361 }, // Ŀ
    { 10, 18, 12, 3, 18, 23, 8391 }, // ŀ
    { 23, 32, 19, -6, 25, 92, 8414 }, // Ł
    { 15, 18, 12, -4, 18, 34, 8506 }, // ł
    { 16, 25, 22, 3, 25, 50, 8540 }, // Ń
    { 12, 20, 18, 3, 20, 30, 8590 }, // ń
    { 16, 27, 22, 3, 18, 54, 8620 }, // Ņ
    { 12, 21, 18, 3, 13, 32, 8674 }, // ņ
    { 16, 27, 22, 3, 27, 54, 8706 }, // Ň
    { 13, 22, 18, 3, 22, 36, 8760 }, // ň
    { 12, 21, 18, 3, 21, 32, 8796 }, // ŉ
    { 16, 23, 22, 3, 18, 46, 8828 }, // Ŋ
    { 12, 18, 18, 3, 13, 27, 8874 }, // ŋ
    { 18, 26, 24, 3, 25, 59, 8901 }, // Ō
    { 12, 19, 18, 3, 19, 29, 8960 }, // ō
    { 18, 27, 24, 3, 26, 61, 8989 }, // Ŏ
    { 12, 20, 18, 3, 20, 30, 9050 }, // ŏ
    { 19, 25, 24, 3, 24, 60, 9080 }, // Ő
    { 18, 18, 18, 1, 18, 41, 9140 }, // ő
    { 25, 20, 25, 3, 19, 63, 9181 }, // Œ
    { 21, 12, 22, 3, 12, 32, 9244 }, // œ
    { 14, 25, 20, 3, 25, 44, 9276 }, // Ŕ
    { 9, 18, 15, 3, 18, 21, 9320 }, // ŕ
    { 14, 29, 20, 3, 29, 51, 9341 }, // Ŗ
    { 10, 22, 15, 2, 22, 28, 9392 }, // ŗ
    { 14, 26, 20, 3, 26, 46, 9420 }, // Ř
    { 12, 19, 15, 1, 19, 29, 9466 }, // ř
    { 16, 26, 22, 3, 25, 52, 9495 }, // Ś
    { 12, 19, 18, 3, 18, 29, 9547 }, // ś
    { 16, 27, 22, 3, 26, 54, 9576 }, // Ŝ
    { 12, 20, 18, 3, 19, 30, 9630 }, // ŝ
    { 16, 23, 22, 3, 18, 46, 9660 }, // Ş
    { 12, 19, 18, 3, 13, 29, 9706 }, // ş
    { 16, 27, 22, 3, 26, 54, 9735 }, // Š
    { 12, 21, 18, 3, 20, 32, 9789 }, // š
    { 16, 24, 22, 3, 18, 48, 9821 }, // Ţ
    { 11, 22, 16, 3, 17, 31, 9869 }, // ţ
    { 16, 26, 22, 3, 26, 52, 9900 }, // Ť
    { 14, 21, 16, 3, 20, 37, 9952 }, // ť
    { 16, 18, 22, 3, 18, 36, 9989 }, // Ŧ
    { 12, 18, 16, 2, 17, 27, 10025 }, // ŧ
    { 16, 28, 22, 3, 27, 56, 10052 }, // Ũ
    { 12, 20, 18, 3, 20, 30, 10108 }, // ũ
    { 16, 28, 22, 3, 27, 56, 10138 }, // Ū
    { 12, 19, 18, 3, 19, 29, 10194 }, // ū
    { 16, 28, 22, 3, 27, 56, 10223 }, // Ŭ
    { 12, 20, 18, 3, 20, 30, 10279 }, // ŭ
    { 16, 29, 22, 3, 28, 58, 10309 }, // Ů
    { 12, 21, 18, 3, 21, 32, 10367 }, // ů
    { 18, 27, 22, 3, 26, 61, 10399 }, // Ű
    { 18, 19, 18, 1, 19, 43, 10460 }, // ű
    { 16, 23, 22, 3, 18, 46, 10503 }, // Ų
    { 12, 18, 18, 3, 12, 27, 10549 }, // ų
    { 24, 26, 30, 3, 26, 78, 10576 }, // Ŵ
    { 17, 22, 23, 3, 21, 47, 10654 }, // ŵ
    { 17, 28, 22, 3, 28, 60, 10701 }, // Ŷ
    { 14, 29, 19, 3, 23, 51, 10761 }, // ŷ
    { 17, 28, 22, 3, 28, 60, 10812 }, // Ÿ
    { 17, 24, 23, 3, 24, 51, 10872 }, // Ź
    { 13, 20, 18, 3, 20, 33, 10923 }, // ź
    { 17, 24, 23, 3, 24, 51, 10956 }, // Ż
    { 13, 20, 18, 3, 20, 33, 11007 }, // ż
    { 17, 26, 23, 3, 26, 56, 11040 }, // Ž
    { 13, 21, 18, 3, 21, 35, 11096 }, // ž
    { 8, 17, 13, 2, 17, 17, 11131 }, // ſ
    { 18, 19, 20, -1, 19, 43, 11148 }, // Ɓ
    { 15, 19, 21, 3, 18, 36, 11191 }, // Ɔ
    { 16, 22, 21, 2, 22, 44, 11227 }, // Ƈ
    { 11, 16, 16, 3, 16, 22, 11271 }, // ƈ
    { 20, 18, 22, -1, 18, 45, 11293 }, // Ɖ
    { 20, 18, 22, -1, 18, 45, 11338 }, // Ɗ
    { 13, 18, 19, 3, 18, 30, 11383 }, // Ǝ
    { 12, 14, 18, 3, 13, 21, 11413 }, // Ə
    { 14, 17, 15, 1, 16, 30, 11434 }, // Ɛ
    { 14, 22, 18, 1, 18, 39, 11464 }, // Ƒ
    { 17, 23, 18, 0, 17, 49, 11503 }, // ƒ
    { 18, 23, 24, 3, 23, 52, 11552 }, // Ɠ
    { 20, 23, 20, 0, 18, 58, 11604 }, // Ɣ
    { 7, 15, 12, 3, 15, 14, 11662 }, // Ɩ
    { 9, 18, 11, 1, 18, 21, 11676 }, // Ɨ
    { 18, 19, 22, 1, 18, 43, 11697 }, // Ƙ
    { 13, 19, 19, 3, 19, 31, 11740 }, // ƙ
    { 10, 18, 12, 0, 18, 23, 11771 }, // ƚ
    { 18, 22, 22, 1, 18, 50, 11794 }, // Ɲ
    { 19, 21, 24, 3, 20, 50, 11844 }, // Ơ
    { 14, 14, 18, 3, 14, 25, 11894 }, // ơ
    { 17, 18, 19, -1, 18, 39, 11919 }, // Ƥ
    { 14, 23, 20, 3, 16, 41, 11958 }, // ƥ
    { 11, 16, 12, 1, 15, 22, 11999 }, // Ʃ
    { 18, 18, 22, 1, 18, 41, 12021 }, // Ƭ
    { 11, 21, 16, 3, 20, 29, 12062 }, // ƭ
    { 16, 21, 22, 3, 18, 42, 12091 }, // Ʈ
    { 18, 23, 22, 3, 22, 52, 12133 }, // Ư
    { 14, 16, 18, 3, 16, 28, 12185 }, // ư
    { 16, 18, 18, 1, 19, 36, 12213 }, // Ʊ
    { 16, 23, 22, 3, 22, 46, 12249 }, // Ʋ
    { 18, 20, 22, 3, 20, 45, 12295 }, // Ƴ
    { 16, 18, 19, 3, 12, 36, 12340 }, // ƴ
    { 14, 21, 14, 0, 15, 37, 12376 }, // Ʒ
    { 4, 19, 5, 2, 15, 10, 12413 }, // ǀ
    { 10, 19, 13, 3, 15, 24, 12423 }, // ǁ
    { 12, 20, 13, 0, 16, 30, 12447 }, // ǂ
    { 6, 20, 10, 2, 27, 15, 12477 }, // ǃ
    { 39, 25, 44, 3, 25, 122, 12492 }, // Ǆ
    { 35, 22, 40, 3, 22, 97, 12614 }, // ǅ
    { 23, 23, 29, 3, 22, 67, 12711 }, // ǆ
    { 26, 23, 41, 8, 18, 75, 12778 }, // Ǉ
    { 19, 25, 25, 2, 19, 60, 12853 }, // ǈ
    { 17, 26, 22, 3, 18, 56, 12913 }, // ǉ
    { 26, 25, 32, 3, 18, 82, 12969 }, // Ǌ
    { 22, 27, 28, 3, 18, 75, 13051 }, // ǋ
    { 20, 24, 24, 2, 14, 60, 13126 }, // ǌ
    { 18, 27, 20, 1, 27, 61, 13186 }, // Ǎ
    { 12, 22, 18, 3, 22, 33, 13247 }, // ǎ
    { 12, 29, 11, -1, 29, 44, 13280 }, // Ǐ
    { 12, 21, 10, -1, 21, 32, 13324 }, // ǐ
    { 18, 28, 24, 3, 27, 63, 13356 }, // Ǒ
    { 12, 21, 18, 3, 21, 32, 13419 }, // ǒ
    { 16, 29, 22, 3, 28, 58, 13451 }, // Ǔ
    { 12, 21, 18, 3, 21, 32, 13509 }, // ǔ
    { 16, 35, 22, 3, 34, 70, 13541 }, // Ǖ
    { 12, 27, 18, 3, 27, 41, 13611 }, // ǖ
    { 16, 35, 22, 3, 34, 70, 13652 }, // Ǘ
    { 12, 26, 18, 3, 26, 39, 13722 }, // ǘ
    { 16, 37, 22, 3, 36, 74, 13761 }, // Ǚ
    { 12, 30, 18, 3, 30, 45, 13835 }, // ǚ
    { 16, 37, 22, 3, 36, 74, 13880 }, // Ǜ
    { 12, 29, 18, 3, 29, 44, 13954 }, // ǜ
    { 12, 14, 18, 4, 13, 21, 13998 }, // ǝ
    { 18, 32, 20, 1, 32, 72, 14019 }, // Ǟ
    { 12, 29, 18, 3, 29, 44, 14091 }, // ǟ
    { 18, 34, 20, 1, 34, 77, 14135 }, // Ǡ
    { 13, 27, 18, 2, 27, 44, 14212 }, // ǡ
    { 20, 21, 26, 3, 21, 53, 14256 }, // ǣ
    { 21, 19, 24, 0, 19, 50, 14309 }, // Ǥ
    { 15, 19, 18, 3, 12, 36, 14359 }, // ǥ
    { 18, 29, 24, 3, 29, 66, 14395 }, // Ǧ
    { 13, 29, 18, 3, 22, 48, 14461 }, // ǧ
    { 16, 26, 22, 3, 26, 52, 14509 }, // Ǩ
    { 16, 27, 19, 0, 27, 54, 14561 }, // ǩ
    { 18, 24, 24, 3, 18, 54, 14615 }, // Ǫ
    { 12, 18, 18, 3, 12, 27, 14669 }, // ǫ
    { 18, 31, 24, 3, 25, 70, 14696 }, // Ǭ
    { 12, 25, 18, 3, 19, 38, 14766 }, // ǭ
    { 14, 27, 14, 0, 21, 48, 14804 }, // Ǯ
    { 14, 27, 14, 0, 21, 48, 14852 }, // ǯ
    { 39, 18, 44, 3, 18, 88, 14900 }, // Ǳ
    { 35, 18, 40, 3, 18, 79, 14988 }, // ǲ
    { 23, 19, 27, 2, 18, 55, 15067 }, // ǳ
    { 18, 27, 24, 3, 27, 61, 15122 }, // Ǵ
    { 12, 27, 18, 3, 20, 41, 15183 }, // ǵ
    { 16, 25, 22, 3, 25, 50, 15224 }, // Ǹ
    { 12, 20, 18, 3, 20, 30, 15274 }, // ǹ
    { 18, 34, 20, 1, 34, 77, 15304 }, // Ǻ
    { 12, 29, 18, 3, 29, 44, 15381 }, // ǻ
    { 30, 41, 23, -3, 30, 154, 15425 }, // Ǿ
    { 14, 35, 18, 2, 24, 62, 15579 }, // ǿ
    { 16, 30, 22, 3, 29, 60, 15641 }, // Ș
    { 12, 23, 18, 3, 22, 35, 15701 }, // ș
    { 16, 29, 22, 3, 29, 58, 15736 }, // Ț
    { 11, 27, 16, 3, 26, 38, 15794 }, // ț
    { 16, 26, 18, 0, 26, 52, 15832 }, // ȟ
    { 18, 25, 20, 1, 25, 57, 15884 }, // Ȧ
    { 12, 20, 18, 3, 20, 30, 15941 }, // ȧ
    { 13, 23, 19, 3, 18, 38, 15971 }, // Ȩ
    { 12, 18, 18, 3, 12, 27, 16009 }, // ȩ
    { 18, 31, 24, 3, 30, 70, 16036 }, // Ȫ
    { 12, 18, 18, 3, 18, 27, 16106 }, // ȫ
    { 7, 18, 13, 3, 12, 16, 16133 }, // ȷ
    { 17, 18, 19, -1, 18, 39, 16149 }, // Ƚ
    { 9, 13, 13, 2, 16, 15, 16188 }, // ɂ
    { 17, 18, 20, 0, 18, 39, 16203 }, // Ƀ
    { 22, 19, 23, 3, 18, 53, 16242 }, // Ʉ
    { 18, 18, 24, 3, 18, 41, 16295 }, // Ʌ
    { 15, 19, 20, 3, 13, 36, 16336 }, // ɋ
    { 17, 19, 20, 0, 18, 41, 16372 }, // Ɍ
    { 9, 4, 0, 0, 16, 5, 16413 }, // ̀
    { 6, 5, 0, 0, 16, 4, 16418 }, // ́
    { 12, 6, 0, 0, 1, 9, 16422 }, // ̂
    { 8, 5, 0, 1, 16, 5, 16431 }, // ̃
    { 12, 4, 0, 0, 15, 6, 16436 }, // ̄
    { 15, 4, 0, 0, 19, 8, 16442 }, // ̅
    { 11, 6, 0, 0, 16, 9, 16450 }, // ̆
    { 5, 5, 0, 3, 17, 4, 16459 }, // ̇
    { 10, 4, 0, 0, 15, 5, 16463 }, // ̈
    { 5, 5, 0, 4, 14, 4, 16468 }, // ̉
    { 5, 5, 0, 1, 16, 4, 16472 }, // ̊
    { 19, 4, 0, 0, 16, 10, 16476 }, // ̋
    { 12, 6, 0, 0, 17, 9, 16486 }, // ̌
    { 18, 4, 0, -5, 16, 9, 16495 }, // ̏
    { 7, 8, 0, 0, 17, 7, 16504 }, // ̒
    { 8, 8, 0, 0, 16, 8, 16511 }, // ̓
    { 8, 8, 0, -1, 16, 8, 16519 }, // ̔
    { 5, 6, 0, 1, 0, 4, 16527 }, // ̘
    { 5, 6, 0, 1, 0, 4, 16531 }, // ̙
    { 10, 6, 0, 1, 17, 8, 16535 }, // ̚
    { 5, 6, 0, 0, 14, 4, 16543 }, // ̛
    { 4, 7, 0, 1, 0, 4, 16547 }, // ̜
    { 6, 5, 0, 1, 3, 4, 16551 }, // ̝
    { 6, 5, 0, 1, 0, 4, 16555 }, // ̞
    { 5, 5, 0, 1, -2, 4, 16559 }, // ̟
    { 12, 4, 0, 0, -2, 6, 16563 }, // ̠
    { 6, 5, 0, 0, 2, 4, 16569 }, // ̣
    { 10, 4, 0, 0, -1, 5, 16573 }, // ̤
    { 5, 5, 0, 1, 16, 4, 16578 }, // ̥
    { 7, 8, 0, 0, 4, 7, 16582 }, // ̦
    { 6, 7, 0, 0, 1, 6, 16589 }, // ̧
    { 6, 8, 0, 1, 2, 6, 16595 }, // ̨
    { 5, 7, 0, 0, -1, 5, 16601 }, // ̩
    { 9, 5, 0, 0, 0, 6, 16606 }, // ̪
    { 13, 6, 0, -1, 1, 10, 16612 }, // ̬
    { 13, 6, 0, -1, 1, 10, 16622 }, // ̭
    { 9, 6, 0, 1, 18, 7, 16632 }, // ̰
    { 10, 4, 0, 1, 18, 5, 16639 }, // ̱
    { 11, 4, 0, 0, -1, 6, 16644 }, // ̲
    { 9, 6, 0, 1, 18, 7, 16650 }, // ̴
    { 11, 3, 0, 0, 8, 5, 16657 }, // ̵
    { 5, 8, 0, 0, 1, 5, 16662 }, // ̹
    { 10, 7, 0, 0, 1, 9, 16667 }, // ̺
    { 9, 7, 0, 0, 1, 8, 16676 }, // ̻
    { 9, 6, 0, 0, 1, 7, 16684 }, // ̼
    { 7, 5, 0, 1, 16, 5, 16691 }, // ̽
    { 8, 5, 0, 1, 16, 5, 16696 }, // ͂
    { 4, 6, 0, 5, 19, 3, 16701 }, // ̓
    { 10, 15, 0, 1, 26, 19, 16704 }, // ̈́
    { 9, 5, 0, 0, 17, 6, 16723 }, // ͆
    { 12, 8, 0, 0, 0, 12, 16729 }, // ͇
    { 9, 7, 0, 1, 1, 8, 16741 }, // ͈
    { 7, 6, 0, 1, -1, 6, 16749 }, // ͉
    { 11, 16, 0, 1, 22, 22, 16755 }, // ͊
    { 19, 16, 0, 1, 24, 38, 16777 }, // ͋
    { 12, 12, 0, 9, 12, 18, 16815 }, // ͌
    { 11, 6, 0, 1, -2, 9, 16833 }, // ͍
    { 5, 4, 0, 0, 3, 3, 16842 }, // ͎
    { 19, 6, 0, 0, 2, 15, 16845 }, // ͜
    { 19, 6, 0, 0, 17, 15, 16860 }, // ͡
    { 22, 7, 0, 1, 0, 20, 16875 }, // ͢
    { 13, 25, 19, 3, 25, 41, 16895 }, // Ѐ
    { 13, 26, 19, 3, 26, 43, 16936 }, // Ё
    { 18, 20, 14, -3, 18, 45, 16979 }, // Ђ
    { 12, 25, 14, 1, 24, 38, 17024 }, // Ѓ
    { 16, 18, 17, 1, 16, 36, 17062 }, // Є
    { 16, 19, 22, 3, 18, 38, 17098 }, // Ѕ
    { 5, 18, 11, 3, 18, 12, 17136 }, // І
    { 10, 26, 11, 0, 26, 33, 17148 }, // Ї
    { 13, 23, 19, 3, 18, 38, 17181 }, // Ј
    { 20, 18, 24, 2, 16, 45, 17219 }, // Љ
    { 20, 17, 13, -4, 16, 43, 17264 }, // Њ
    { 19, 19, 22, 3, 19, 46, 17307 }, // Ћ
    { 16, 24, 22, 3, 24, 48, 17353 }, // Ќ
    { 16, 27, 22, 3, 27, 54, 17401 }, // Ѝ
    { 14, 27, 17, 1, 25, 48, 17455 }, // Ў
    { 13, 21, 17, 2, 16, 35, 17503 }, // Џ
    { 18, 18, 20, 1, 18, 41, 17538 }, // А
    { 11, 17, 14, 1, 16, 24, 17579 }, // Б
    { 12, 17, 14, 1, 16, 26, 17603 }, // В
    { 12, 17, 14, 1, 16, 26, 17629 }, // Г
    { 17, 19, 17, 0, 16, 41, 17655 }, // Д
    { 13, 18, 19, 3, 18, 30, 17696 }, // Е
    { 26, 18, 23, -1, 18, 59, 17726 }, // Ж
    { 11, 16, 13, 1, 16, 22, 17785 }, // З
    { 16, 18, 22, 3, 18, 36, 17807 }, // И
    { 16, 28, 22, 3, 28, 56, 17843 }, // Й
    { 16, 18, 22, 3, 18, 36, 17899 }, // К
    { 14, 18, 13, -1, 16, 32, 17935 }, // Л
    { 16, 17, 18, 1, 16, 34, 17967 }, // М
    { 16, 18, 22, 3, 18, 36, 18001 }, // Н
    { 18, 19, 24, 3, 18, 43, 18037 }, // О
    { 13, 17, 14, 1, 16, 28, 18080 }, // П
    { 13, 18, 19, 3, 18, 30, 18108 }, // Р
    { 16, 19, 21, 2, 19, 38, 18138 }, // С
    { 16, 18, 22, 3, 18, 36, 18176 }, // Т
    { 14, 18, 17, 1, 16, 32, 18212 }, // У
    { 16, 16, 18, 1, 16, 32, 18244 }, // Ф
    { 17, 18, 23, 3, 18, 39, 18276 }, // Х
    { 13, 20, 15, 1, 16, 33, 18315 }, // Ц
    { 12, 16, 14, 1, 16, 24, 18348 }, // Ч
    { 15, 17, 17, 1, 16, 32, 18372 }, // Ш
    { 17, 20, 19, 1, 16, 43, 18404 }, // Щ
    { 16, 16, 13, -4, 16, 32, 18447 }, // Ъ
    { 20, 18, 24, 1, 18, 45, 18479 }, // Ы
    { 11, 16, 13, 1, 16, 22, 18524 }, // Ь
    { 16, 18, 17, 1, 16, 36, 18546 }, // Э
    { 17, 16, 19, 1, 16, 34, 18582 }, // Ю
    { 14, 18, 20, 3, 18, 32, 18616 }, // Я
    { 12, 13, 18, 3, 13, 20, 18648 }, // а
    { 13, 20, 14, 1, 19, 33, 18668 }, // б
    { 11, 12, 15, 2, 12, 17, 18701 }, // в
    { 11, 13, 12, 1, 12, 18, 18718 }, // г
    { 15, 15, 16, 0, 12, 29, 18736 }, // д
    { 12, 12, 18, 3, 12, 18, 18765 }, // е
    { 24, 15, 30, 3, 15, 45, 18783 }, // ж
    { 8, 11, 9, 1, 11, 11, 18828 }, // з
    { 12, 13, 14, 1, 12, 20, 18839 }, // и
    { 11, 20, 14, 1, 20, 28, 18859 }, // й
    { 13, 12, 17, 2, 12, 20, 18887 }, // к
    { 10, 13, 9, -1, 11, 17, 18907 }, // л
    { 14, 13, 18, 2, 13, 23, 18924 }, // м
    { 13, 13, 17, 2, 13, 22, 18947 }, // н
    { 12, 12, 18, 3, 12, 18, 18969 }, // о
    { 12, 13, 14, 1, 12, 20, 18987 }, // п
    { 14, 19, 20, 3, 13, 34, 19007 }, // р
    { 11, 13, 16, 3, 13, 18, 19041 }, // с
    { 13, 13, 14, 1, 12, 22, 19059 }, // т
    { 14, 18, 19, 3, 12, 32, 19081 }, // у
    { 18, 17, 18, 0, 12, 39, 19113 }, // ф
    { 15, 13, 15, 0, 12, 25, 19152 }, // х
    { 13, 15, 15, 1, 12, 25, 19177 }, // ц
    { 8, 11, 9, 1, 11, 11, 19202 }, // ч
    { 15, 13, 17, 1, 12, 25, 19213 }, // ш
    { 17, 16, 19, 1, 12, 34, 19238 }, // щ
    { 12, 12, 10, -3, 12, 18, 19272 }, // ъ
    { 16, 14, 18, 0, 14, 28, 19290 }, // ы
    { 9, 12, 10, 0, 12, 14, 19318 }, // ь
    { 11, 12, 13, 1, 12, 17, 19332 }, // э
    { 14, 12, 15, 1, 12, 21, 19349 }, // ю
    { 13, 13, 17, 2, 13, 22, 19370 }, // я
    { 12, 22, 18, 3, 22, 33, 19392 }, // ѐ
    { 12, 21, 18, 3, 21, 32, 19425 }, // ё
    { 16, 21, 18, 0, 18, 42, 19457 }, // ђ
    { 11, 18, 12, 1, 17, 25, 19499 }, // ѓ
    { 12, 12, 12, 0, 11, 18, 19524 }, // є
    { 12, 14, 18, 3, 13, 21, 19542 }, // ѕ
    { 6, 19, 10, 2, 19, 15, 19563 }, // і
    { 10, 18, 10, 0, 18, 23, 19578 }, // ї
    { 8, 25, 13, 3, 19, 25, 19601 }, // ј
    { 15, 13, 17, 1, 11, 25, 19626 }, // љ
    { 14, 12, 9, -3, 12, 21, 19651 }, // њ
    { 16, 18, 18, 0, 18, 36, 19672 }, // ћ
    { 13, 18, 17, 2, 18, 30, 19708 }, // ќ
    { 12, 20, 14, 1, 19, 30, 19738 }, // ѝ
    { 14, 28, 19, 3, 22, 49, 19768 }, // ў
    { 10, 15, 12, 1, 12, 19, 19817 }, // џ
    { 15, 18, 16, 0, 16, 34, 19836 }, // Ѣ
    { 15, 18, 14, -1, 16, 34, 19870 }, // ѣ
    { 20, 17, 18, -1, 16, 43, 19904 }, // Ѫ
    { 14, 12, 13, -1, 12, 21, 19947 }, // ѫ
    { 16, 23, 23, 4, 23, 46, 19968 }, // Ѳ
    { 13, 17, 18, 3, 17, 28, 20014 }, // ѳ
    { 20, 22, 24, 3, 22, 55, 20042 }, // Ѵ
    { 14, 15, 18, 2, 15, 27, 20097 }, // ѵ
    { 9, 8, 0, 2, 20, 9, 20124 }, // ҆
    { 12, 19, 14, 1, 18, 29, 20133 }, // Ґ
    { 11, 16, 12, 1, 15, 22, 20162 }, // ґ
    { 14, 17, 14, -1, 16, 30, 20184 }, // Ғ
    { 10, 11, 9, -1, 11, 14, 20214 }, // ғ
    { 14, 20, 13, -1, 18, 35, 20228 }, // Ҕ
    { 8, 12, 8, 0, 11, 12, 20263 }, // ҕ
    { 27, 22, 30, 2, 18, 75, 20275 }, // Җ
    { 19, 15, 21, 1, 12, 36, 20350 }, // җ
    { 11, 19, 13, 1, 16, 27, 20386 }, // Ҙ
    { 8, 17, 9, 1, 11, 17, 20413 }, // ҙ
    { 17, 22, 15, 2, 18, 47, 20430 }, // Қ
    { 12, 15, 10, 1, 12, 23, 20477 }, // қ
    { 20, 18, 23, 1, 17, 45, 20500 }, // Ҝ
    { 14, 12, 16, 1, 12, 21, 20545 }, // ҝ
    { 16, 18, 22, 3, 18, 36, 20566 }, // Ҟ
    { 15, 18, 19, 1, 18, 34, 20602 }, // ҟ
    { 19, 18, 22, 0, 18, 43, 20636 }, // Ҡ
    { 13, 12, 15, 0, 12, 20, 20679 }, // ҡ
    { 17, 21, 16, 0, 18, 45, 20699 }, // Ң
    { 12, 14, 11, 0, 12, 21, 20744 }, // ң
    { 23, 18, 22, 3, 18, 52, 20765 }, // Ҥ
    { 16, 12, 15, 2, 12, 24, 20817 }, // ҥ
    { 23, 20, 27, 2, 18, 58, 20841 }, // Ҧ
    { 20, 22, 26, 3, 15, 55, 20899 }, // ҧ
    { 21, 17, 14, -3, 16, 45, 20954 }, // Ҩ
    { 17, 14, 11, -3, 13, 30, 20999 }, // ҩ
    { 16, 22, 21, 2, 19, 44, 21029 }, // Ҫ
    { 11, 16, 16, 3, 13, 22, 21073 }, // ҫ
    { 17, 21, 16, 0, 18, 45, 21095 }, // Ҭ
    { 12, 14, 11, 0, 12, 21, 21140 }, // ҭ
    { 17, 18, 22, 3, 18, 39, 21161 }, // Ү
    { 13, 17, 16, 1, 12, 28, 21200 }, // ү
    { 17, 18, 22, 3, 18, 39, 21228 }, // Ұ
    { 14, 17, 16, 1, 12, 30, 21267 }, // ұ
    { 17, 21, 16, 3, 18, 45, 21297 }, // Ҳ
    { 12, 14, 11, 2, 12, 21, 21342 }, // ҳ
    { 19, 20, 13, -3, 15, 48, 21363 }, // Ҵ
    { 15, 14, 9, -3, 11, 27, 21411 }, // ҵ
    { 14, 21, 14, 0, 16, 37, 21438 }, // Ҷ
    { 10, 15, 10, 0, 11, 19, 21475 }, // ҷ
    { 12, 16, 14, 1, 16, 24, 21494 }, // Ҹ
    { 8, 11, 9, 1, 11, 11, 21518 }, // ҹ
    { 13, 19, 14, 1, 18, 31, 21529 }, // Һ
    { 13, 18, 18, 3, 18, 30, 21560 }, // һ
    { 23, 17, 20, -4, 16, 49, 21590 }, // Ҽ
    { 17, 12, 15, -3, 12, 26, 21639 }, // ҽ
    { 23, 20, 19, -3, 16, 58, 21665 }, // Ҿ
    { 17, 15, 13, -2, 12, 32, 21723 }, // ҿ
    { 5, 18, 11, 3, 18, 12, 21755 }, // Ӏ
    { 26, 28, 23, -1, 28, 91, 21767 }, // Ӂ
    { 24, 24, 30, 3, 24, 72, 21858 }, // ӂ
    { 13, 22, 15, 1, 16, 36, 21930 }, // Ӄ
    { 10, 16, 10, 0, 12, 20, 21966 }, // ӄ
    { 16, 21, 13, -1, 16, 42, 21986 }, // Ӆ
    { 11, 14, 9, -1, 11, 20, 22028 }, // ӆ
    { 17, 24, 22, 3, 18, 51, 22048 }, // Ӈ
    { 12, 16, 15, 2, 12, 24, 22099 }, // ӈ
    { 17, 25, 22, 3, 18, 54, 22123 }, // Ӊ
    { 12, 17, 15, 2, 12, 26, 22177 }, // ӊ
    { 12, 21, 14, 1, 16, 32, 22203 }, // Ӌ
    { 9, 14, 13, 2, 11, 16, 22235 }, // ӌ
    { 20, 26, 24, 3, 18, 65, 22251 }, // Ӎ
    { 14, 17, 17, 2, 12, 30, 22316 }, // ӎ
    { 5, 16, 13, 4, 15, 10, 22346 }, // ӏ
    { 18, 25, 20, 1, 25, 57, 22356 }, // Ӑ
    { 12, 20, 18, 3, 20, 30, 22413 }, // ӑ
    { 18, 24, 20, 1, 24, 54, 22443 }, // Ӓ
    { 13, 20, 18, 2, 20, 33, 22497 }, // ӓ
    { 26, 19, 28, 1, 18, 62, 22530 }, // Ӕ
    { 20, 13, 26, 3, 13, 33, 22592 }, // ӕ
    { 13, 26, 19, 3, 26, 43, 22625 }, // Ӗ
    { 12, 22, 18, 3, 22, 33, 22668 }, // ӗ
    { 15, 18, 22, 4, 17, 34, 22701 }, // Ә
    { 12, 14, 18, 4, 13, 21, 22735 }, // ә
    { 15, 24, 22, 4, 23, 45, 22756 }, // Ӛ
    { 12, 17, 18, 4, 13, 26, 22801 }, // ӛ
    { 26, 27, 29, 2, 27, 88, 22827 }, // Ӝ
    { 24, 23, 30, 3, 23, 69, 22915 }, // ӝ
    { 11, 25, 13, 1, 25, 35, 22984 }, // Ӟ
    { 10, 16, 9, -1, 16, 20, 23019 }, // ӟ
    { 11, 17, 14, 2, 16, 24, 23039 }, // Ӡ
    { 11, 17, 14, 2, 12, 24, 23063 }, // ӡ
    { 16, 27, 22, 3, 27, 54, 23087 }, // Ӣ
    { 12, 20, 14, 1, 19, 30, 23141 }, // ӣ
    { 16, 26, 22, 3, 26, 52, 23171 }, // Ӥ
    { 12, 19, 14, 1, 18, 29, 23223 }, // ӥ
    { 18, 25, 24, 3, 24, 57, 23252 }, // Ӧ
    { 13, 21, 18, 2, 21, 35, 23309 }, // ӧ
    { 16, 17, 23, 4, 17, 34, 23344 }, // Ө
    { 12, 12, 18, 3, 12, 18, 23378 }, // ө
    { 16, 23, 23, 4, 23, 46, 23396 }, // Ӫ
    { 12, 18, 18, 3, 18, 27, 23442 }, // ӫ
    { 16, 27, 17, 1, 25, 54, 23469 }, // Ӭ
    { 11, 17, 13, 1, 17, 24, 23523 }, // ӭ
    { 14, 27, 17, 1, 25, 48, 23547 }, // Ӯ
    { 14, 28, 19, 3, 22, 49, 23595 }, // ӯ
    { 14, 26, 17, 1, 24, 46, 23644 }, // Ӱ
    { 14, 27, 19, 3, 21, 48, 23690 }, // ӱ
    { 18, 26, 17, 1, 24, 59, 23738 }, // Ӳ
    { 19, 27, 19, 2, 21, 65, 23797 }, // ӳ
    { 12, 20, 14, 1, 20, 30, 23862 }, // Ӵ
    { 10, 15, 9, 0, 15, 19, 23892 }, // ӵ
    { 12, 19, 14, 1, 16, 29, 23911 }, // Ӷ
    { 9, 13, 9, 0, 11, 15, 23940 }, // ӷ
    { 20, 27, 24, 1, 27, 68, 23955 }, // Ӹ
    { 16, 22, 18, 0, 22, 44, 24023 }, // ӹ
    { 19, 20, 23, 3, 18, 48, 24067 }, // Ӽ
    { 14, 14, 16, 2, 12, 25, 24115 }, // ӽ
    { 18, 25, 20, 1, 18, 57, 24140 }, // Ḁ
    { 14, 27, 18, 2, 26, 48, 24197 }, // ḃ
    { 14, 23, 20, 3, 18, 41, 24245 }, // Ḅ
    { 13, 27, 18, 3, 18, 44, 24286 }, // ḅ
    { 16, 25, 22, 3, 25, 50, 24330 }, // Ḋ
    { 13, 18, 18, 3, 18, 30, 24380 }, // ḋ
    { 16, 25, 22, 3, 18, 50, 24410 }, // Ḍ
    { 13, 27, 18, 3, 18, 44, 24460 }, // ḍ
    { 16, 24, 22, 3, 18, 48, 24504 }, // Ḏ
    { 13, 26, 18, 3, 18, 43, 24552 }, // ḏ
    { 16, 24, 22, 3, 18, 48, 24595 }, // Ḓ
    { 14, 27, 18, 2, 18, 48, 24643 }, // ḓ
    { 12, 28, 18, 3, 28, 42, 24691 }, // ḕ
    { 12, 32, 18, 3, 32, 48, 24733 }, // ḗ
    { 13, 27, 19, 3, 18, 44, 24781 }, // Ḛ
    { 12, 25, 18, 3, 25, 38, 24825 }, // Ḟ
    { 9, 24, 14, 3, 24, 27, 24863 }, // ḟ
    { 18, 27, 24, 3, 27, 61, 24890 }, // Ḡ
    { 13, 27, 18, 3, 20, 44, 24951 }, // ḡ
    { 16, 26, 22, 3, 18, 52, 24995 }, // Ḥ
    { 13, 27, 18, 3, 18, 44, 25047 }, // ḥ
    { 16, 24, 22, 3, 18, 48, 25091 }, // Ḩ
    { 13, 24, 18, 3, 18, 39, 25139 }, // ḩ
    { 11, 33, 11, 0, 33, 46, 25178 }, // Ḯ
    { 10, 28, 10, 0, 28, 35, 25224 }, // ḯ
    { 13, 27, 19, 3, 18, 44, 25259 }, // Ḷ
    { 7, 26, 12, 3, 18, 23, 25303 }, // ḷ
    { 13, 27, 19, 3, 18, 44, 25326 }, // Ḽ
    { 13, 26, 12, -1, 18, 43, 25370 }, // ḽ
    { 18, 23, 24, 3, 23, 52, 25413 }, // Ḿ
    { 20, 19, 26, 3, 19, 48, 25465 }, // ḿ
    { 18, 24, 24, 3, 24, 54, 25513 }, // Ṁ
    { 20, 19, 26, 3, 19, 48, 25567 }, // ṁ
    { 18, 24, 24, 3, 18, 54, 25615 }, // Ṃ
    { 16, 25, 22, 3, 25, 50, 25669 }, // Ṅ
    { 12, 21, 18, 3, 21, 32, 25719 }, // ṅ
    { 16, 27, 22, 3, 18, 54, 25751 }, // Ṇ
    { 12, 22, 18, 3, 13, 33, 25805 }, // ṇ
    { 16, 27, 22, 3, 18, 54, 25838 }, // Ṋ
    { 13, 22, 18, 2, 13, 36, 25892 }, // ṋ
    { 18, 32, 24, 3, 31, 72, 25928 }, // Ṍ
    { 12, 27, 18, 3, 27, 41, 26000 }, // ṍ
    { 12, 23, 18, 3, 23, 35, 26041 }, // ṏ
    { 18, 32, 24, 3, 31, 72, 26076 }, // Ṑ
    { 12, 27, 18, 3, 27, 41, 26148 }, // ṑ
    { 18, 32, 24, 3, 31, 72, 26189 }, // Ṓ
    { 12, 27, 18, 3, 27, 41, 26261 }, // ṓ
    { 13, 26, 19, 3, 26, 43, 26302 }, // Ṗ
    { 14, 24, 20, 3, 18, 42, 26345 }, // ṗ
    { 14, 28, 20, 3, 18, 49, 26387 }, // Ṛ
    { 9, 22, 15, 3, 12, 25, 26436 }, // ṛ
    { 16, 26, 22, 3, 25, 52, 26461 }, // Ṡ
    { 12, 19, 18, 3, 18, 29, 26513 }, // ṡ
    { 16, 26, 22, 3, 18, 52, 26542 }, // Ṣ
    { 12, 22, 18, 3, 13, 33, 26594 }, // ṣ
    { 16, 32, 22, 3, 31, 64, 26627 }, // Ṥ
    { 12, 26, 18, 3, 25, 39, 26691 }, // ṥ
    { 16, 32, 22, 3, 31, 64, 26730 }, // Ṧ
    { 12, 25, 18, 3, 24, 38, 26794 }, // ṧ
    { 16, 25, 22, 3, 25, 50, 26832 }, // Ṫ
    { 11, 23, 16, 3, 22, 32, 26882 }, // ṫ
    { 16, 25, 22, 3, 18, 50, 26914 }, // Ṭ
    { 11, 26, 16, 3, 17, 36, 26964 }, // ṭ
    { 16, 24, 22, 3, 18, 48, 27000 }, // Ṯ
    { 11, 23, 16, 3, 17, 32, 27048 }, // ṯ
    { 16, 25, 22, 3, 18, 50, 27080 }, // Ṱ
    { 13, 25, 16, 3, 17, 41, 27130 }, // ṱ
    { 16, 28, 22, 3, 18, 56, 27171 }, // Ṳ
    { 16, 28, 22, 3, 18, 56, 27227 }, // Ṵ
    { 18, 26, 24, 3, 26, 59, 27283 }, // Ṽ
    { 15, 20, 21, 3, 20, 38, 27342 }, // ṽ
    { 24, 25, 30, 3, 25, 75, 27380 }, // Ẁ
    { 17, 21, 23, 3, 20, 45, 27455 }, // ẁ
    { 24, 28, 30, 3, 28, 84, 27500 }, // Ẃ
    { 17, 24, 23, 3, 23, 51, 27584 }, // ẃ
    { 24, 26, 30, 3, 26, 78, 27635 }, // Ẅ
    { 17, 22, 23, 3, 21, 47, 27713 }, // ẅ
    { 17, 26, 23, 3, 26, 56, 27760 }, // Ẑ
    { 13, 21, 18, 3, 21, 35, 27816 }, // ẑ
    { 17, 27, 23, 3, 18, 58, 27851 }, // Ẓ
    { 13, 21, 18, 3, 12, 35, 27909 }, // ẓ
    { 39, 19, 45, 3, 18, 93, 27944 }, // ẞ
    { 18, 24, 20, 1, 18, 54, 28037 }, // Ạ
    { 12, 21, 18, 3, 13, 32, 28091 }, // ạ
    { 18, 26, 20, 1, 26, 59, 28123 }, // Ả
    { 12, 20, 18, 3, 20, 30, 28182 }, // ả
    { 18, 32, 20, 1, 32, 72, 28212 }, // Ấ
    { 13, 23, 18, 3, 23, 38, 28284 }, // ấ
    { 20, 27, 20, -1, 27, 68, 28322 }, // Ầ
    { 18, 24, 18, -3, 24, 54, 28390 }, // ầ
    { 18, 32, 20, 1, 32, 72, 28444 }, // Ẩ
    { 14, 24, 18, 3, 24, 42, 28516 }, // ẩ
    { 18, 30, 20, 1, 30, 68, 28558 }, // Ẫ
    { 12, 25, 18, 3, 25, 38, 28626 }, // ẫ
    { 18, 32, 20, 1, 26, 72, 28664 }, // Ậ
    { 12, 28, 18, 3, 20, 42, 28736 }, // ậ
    { 18, 32, 20, 1, 32, 72, 28778 }, // Ắ
    { 12, 27, 18, 3, 27, 41, 28850 }, // ắ
    { 18, 32, 20, 1, 32, 72, 28891 }, // Ằ
    { 12, 27, 18, 3, 27, 41, 28963 }, // ằ
    { 18, 33, 20, 1, 33, 75, 29004 }, // Ẳ
    { 12, 29, 18, 3, 29, 44, 29079 }, // ẳ
    { 18, 33, 20, 1, 33, 75, 29123 }, // Ẵ
    { 12, 28, 18, 3, 28, 42, 29198 }, // ẵ
    { 18, 32, 20, 1, 26, 72, 29240 }, // Ặ
    { 12, 28, 18, 3, 20, 42, 29312 }, // ặ
    { 13, 26, 19, 3, 18, 43, 29354 }, // Ẹ
    { 12, 21, 18, 3, 12, 32, 29397 }, // ẹ
    { 13, 26, 19, 3, 26, 43, 29429 }, // Ẻ
    { 12, 22, 18, 3, 22, 33, 29472 }, // ẻ
    { 13, 27, 19, 3, 27, 44, 29505 }, // Ẽ
    { 12, 22, 18, 3, 22, 33, 29549 }, // ẽ
    { 16, 26, 19, 3, 26, 52, 29582 }, // Ế
    { 16, 22, 18, 3, 22, 44, 29634 }, // ế
    { 18, 28, 19, -2, 28, 63, 29678 }, // Ề
    { 16, 24, 18, -1, 24, 48, 29741 }, // ề
    { 14, 29, 19, 3, 29, 51, 29789 }, // Ể
    { 14, 26, 18, 3, 26, 46, 29840 }, // ể
    { 13, 31, 19, 3, 31, 51, 29886 }, // Ễ
    { 12, 27, 18, 3, 27, 41, 29937 }, // ễ
    { 13, 34, 19, 3, 26, 56, 29978 }, // Ệ
    { 12, 31, 18, 3, 22, 47, 30034 }, // ệ
    { 5, 27, 11, 3, 27, 17, 30081 }, // Ỉ
    { 5, 19, 10, 3, 19, 12, 30098 }, // ỉ
    { 5, 27, 11, 3, 18, 17, 30110 }, // Ị
    { 6, 28, 10, 2, 19, 21, 30127 }, // ị
    { 18, 28, 24, 3, 18, 63, 30148 }, // Ọ
    { 12, 20, 18, 3, 12, 30, 30211 }, // ọ
    { 18, 27, 24, 3, 26, 61, 30241 }, // Ỏ
    { 12, 20, 18, 3, 20, 30, 30302 }, // ỏ
    { 19, 27, 24, 3, 26, 65, 30332 }, // Ố
    { 15, 20, 18, 3, 20, 38, 30397 }, // ố
    { 21, 28, 24, 0, 27, 74, 30435 }, // Ồ
    { 17, 23, 18, -2, 23, 49, 30509 }, // ồ
    { 18, 29, 24, 3, 28, 66, 30558 }, // Ổ
    { 14, 23, 18, 3, 23, 41, 30624 }, // ổ
    { 18, 31, 24, 3, 30, 70, 30665 }, // Ỗ
    { 12, 24, 18, 3, 24, 36, 30735 }, // ỗ
    { 18, 36, 24, 3, 26, 81, 30771 }, // Ộ
    { 12, 29, 18, 3, 20, 44, 30852 }, // ộ
    { 19, 26, 24, 3, 25, 62, 30896 }, // Ớ
    { 14, 19, 18, 3, 19, 34, 30958 }, // ớ
    { 19, 26, 24, 3, 25, 62, 30992 }, // Ờ
    { 14, 19, 18, 3, 19, 34, 31054 }, // ờ
    { 19, 27, 24, 3, 26, 65, 31088 }, // Ở
    { 14, 20, 18, 3, 20, 35, 31153 }, // ở
    { 19, 27, 24, 3, 26, 65, 31188 }, // Ỡ
    { 14, 21, 18, 3, 21, 37, 31253 }, // ỡ
    { 19, 30, 24, 3, 20, 72, 31290 }, // Ợ
    { 14, 22, 18, 3, 14, 39, 31362 }, // ợ
    { 16, 28, 22, 3, 18, 56, 31401 }, // Ụ
    { 12, 22, 18, 3, 12, 33, 31457 }, // ụ
    { 16, 28, 22, 3, 27, 56, 31490 }, // Ủ
    { 12, 20, 18, 3, 20, 30, 31546 }, // ủ
    { 18, 27, 22, 3, 26, 61, 31576 }, // Ứ
    { 14, 19, 18, 3, 19, 34, 31637 }, // ứ
    { 18, 27, 22, 3, 26, 61, 31671 }, // Ừ
    { 14, 19, 18, 3, 19, 34, 31732 }, // ừ
    { 18, 28, 22, 3, 27, 63, 31766 }, // Ử
    { 14, 20, 18, 3, 20, 35, 31829 }, // ử
    { 18, 28, 22, 3, 27, 63, 31864 }, // Ữ
    { 14, 20, 18, 3, 20, 35, 31927 }, // ữ
    { 18, 32, 22, 3, 22, 72, 31962 }, // Ự
    { 14, 26, 18, 3, 16, 46, 32034 }, // ự
    { 17, 27, 22, 3, 27, 58, 32080 }, // Ỳ
    { 14, 27, 19, 3, 21, 48, 32138 }, // ỳ
    { 17, 29, 22, 3, 18, 62, 32186 }, // Ỵ
    { 15, 20, 19, 3, 12, 38, 32248 }, // ỵ
    { 17, 28, 22, 3, 28, 60, 32286 }, // Ỷ
    { 14, 29, 19, 3, 23, 51, 32346 }, // ỷ
    { 17, 28, 22, 3, 28, 60, 32397 }, // Ỹ
    { 14, 29, 19, 3, 23, 51, 32457 }, // ỹ
    { 0, 0, 14, 0, 0, 0, 32508 }, //  
    { 0, 0, 24, 0, 0, 0, 32508 }, //  
    { 0, 0, 14, 0, 0, 0, 32508 }, //  
    { 0, 0, 24, 0, 0, 0, 32508 }, //  
    { 0, 0, 10, 0, 0, 0, 32508 }, //  
    { 0, 0, 9, 0, 0, 0, 32508 }, //  
    { 0, 0, 7, 0, 0, 0, 32508 }, //  
    { 0, 0, 15, 0, 0, 0, 32508 }, //  
    { 0, 0, 5, 0, 0, 0, 32508 }, //  
    { 0, 0, 8, 0, 0, 0, 32508 }, //  
    { 0, 0, 6, 0, 0, 0, 32508 }, //  
    { 0, 0, 3, 0, 0, 0, 32508 }, // ​
    { 0, 0, 0, 0, 0, 0, 32508 }, // ‌
    { 0, 0, 0, 0, 0, 0, 32508 }, // ‍
    { 0, 0, 0, 0, 0, 0, 32508 }, // ‎
    { 0, 0, 0, 0, 0, 0, 32508 }, // ‏
    { 11, 3, 11, 0, 8, 5, 32508 }, // ‐
    { 11, 3, 11, 0, 8, 5, 32513 }, // ‑
    { 17, 3, 11, -3, 8, 7, 32518 }, // ‒
    { 15, 5, 17, 1, 9, 10, 32525 }, // –
    { 22, 5, 24, 1, 9, 14, 32535 }, // —
    { 22, 5, 24, 1, 9, 14, 32549 }, // ―
    { 10, 19, 11, 2, 15, 24, 32563 }, // ‖
    { 18, 8, 11, -3, -1, 18, 32587 }, // ‗
    { 7, 8, 9, 1, 19, 7, 32605 }, // ‘
    { 7, 8, 9, 1, 19, 7, 32612 }, // ’
    { 7, 8, 7, 0, 4, 7, 32619 }, // ‚
    { 7, 8, 9, 1, 19, 7, 32626 }, // ‛
    { 14, 8, 16, 1, 19, 14, 32633 }, // “
    { 14, 8, 16, 1, 19, 14, 32647 }, // ”
    { 7, 8, 7, 0, 4, 7, 32661 }, // „
    { 14, 8, 16, 1, 19, 14, 32668 }, // ‟
    { 13, 30, 17, 2, 22, 49, 32682 }, // †
    { 13, 29, 18, 3, 21, 48, 32731 }, // ‡
    { 17, 16, 11, -3, 19, 34, 32779 }, // •
    { 7, 8, 13, 3, 10, 7, 32813 }, // ‣
    { 6, 5, 13, 3, 5, 4, 32820 }, // ․
    { 6, 5, 13, 3, 5, 4, 32824 }, // ‥
    { 20, 5, 20, 0, 5, 13, 32828 }, // …
    { 3, 3, 11, 4, 8, 2, 32841 }, // ‧
    { 0, 0, 23, 0, 0, 0, 32843 }, //  
    { 16, 19, 24, 4, 17, 38, 32843 }, // ‰
    { 8, 8, 11, 3, 19, 8, 32881 }, // ′
    { 15, 8, 16, 3, 19, 15, 32889 }, // ″
    { 17, 7, 9, 1, 18, 15, 32904 }, // ‴
    { 6, 7, 9, 1, 18, 6, 32919 }, // ‵
    { 10, 7, 9, 0, 18, 9, 32925 }, // ‶
    { 17, 7, 9, -4, 18, 15, 32934 }, // ‷
    { 12, 5, 14, 1, 18, 8, 32949 }, // ‸
    { 7, 12, 9, 1, 12, 11, 32957 }, // ‹
    { 7, 12, 9, 1, 12, 11, 32968 }, // ›
    { 22, 28, 28, 4, 22, 77, 32979 }, // ※
    { 6, 27, 13, 3, 24, 21, 33056 }, // ‼
    { 13, 33, 18, 2, 28, 54, 33077 }, // ‽
    { 11, 3, 11, 0, 18, 5, 33131 }, // ‾
    { 11, 4, 12, 0, 14, 6, 33136 }, // ‿
    { 15, 15, 13, -1, 19, 29, 33142 }, // ⁂
    { 14, 18, 26, 6, 16, 32, 33171 }, // ⁄
    { 26, 27, 31, 3, 24, 88, 33203 }, // ⁇
    { 22, 28, 25, 2, 24, 77, 33291 }, // ⁈
    { 17, 27, 16, -1, 24, 58, 33368 }, // ⁉
    { 16, 36, 19, 2, 25, 72, 33426 }, // ⁒
    { 0, 0, 97, 0, 0, 0, 33498 }, //  
    { 7, 9, 7, 0, 18, 8, 33498 }, // ⁰
    { 7, 8, 7, 0, 18, 7, 33506 }, // ⁴
    { 7, 9, 7, 0, 18, 8, 33513 }, // ⁵
    { 7, 9, 7, 0, 18, 8, 33521 }, // ⁶
    { 7, 9, 8, 0, 18, 8, 33529 }, // ⁷
    { 7, 9, 8, 0, 18, 8, 33537 }, // ⁸
    { 7, 10, 8, 0, 18, 9, 33545 }, // ⁹
    { 12, 13, 18, 3, 13, 20, 33554 }, // ⁿ
    { 7, 9, 7, 0, 5, 8, 33574 }, // ₀
    { 7, 9, 7, 0, 5, 8, 33582 }, // ₁
    { 7, 9, 8, 0, 5, 8, 33590 }, // ₂
    { 7, 9, 7, 0, 5, 8, 33598 }, // ₃
    { 7, 8, 8, 0, 5, 7, 33606 }, // ₄
    { 7, 9, 7, 0, 5, 8, 33613 }, // ₅
    { 7, 9, 8, 0, 5, 8, 33621 }, // ₆
    { 7, 10, 8, 0, 6, 9, 33629 }, // ₇
    { 7, 9, 8, 0, 5, 8, 33638 }, // ₈
    { 7, 9, 8, 0, 5, 8, 33646 }, // ₉
    { 9, 29, 10, 1, 22, 33, 33654 }, // ₍
    { 9, 29, 9, -1, 22, 33, 33687 }, // ₎
    { 16, 27, 21, 2, 23, 54, 33720 }, // ₡
    { 16, 19, 21, 2, 19, 38, 33774 }, // ₢
    { 14, 19, 14, 0, 18, 34, 33812 }, // ₤
    { 23, 18, 22, -1, 18, 52, 33846 }, // ₦
    { 19, 18, 19, 0, 18, 43, 33898 }, // ₧
    { 23, 19, 27, 2, 18, 55, 33941 }, // ₨
    { 18, 18, 18, 0, 18, 41, 33996 }, // ₩
    { 16, 16, 22, 3, 16, 32, 34037 }, // ₪
    { 16, 18, 11, -2, 17, 36, 34069 }, // ₫
    { 15, 20, 16, 0, 17, 38, 34105 }, // €
    { 16, 18, 22, 3, 18, 36, 34143 }, // ₮
    { 21, 18, 13, -1, 18, 48, 34179 }, // ₱
    { 18, 27, 24, 3, 23, 61, 34227 }, // ₲
    { 21, 18, 22, 4, 17, 48, 34288 }, // ₴
    { 11, 17, 12, 3, 15, 24, 34336 }, // ₵
    { 18, 19, 22, 2, 19, 43, 34360 }, // ₸
    { 12, 17, 14, 1, 16, 26, 34403 }, // ₹
    { 13, 16, 14, 1, 14, 26, 34429 }, // ₺
    { 15, 17, 17, 1, 17, 32, 34455 }, // ₼
    { 18, 18, 19, -2, 18, 41, 34487 }, // ₽
    { 15, 14, 15, 0, 12, 27, 34528 }, // ←
    { 16, 15, 16, 0, 14, 30, 34555 }, // ↑
    { 14, 14, 16, 1, 12, 25, 34585 }, // →
    { 16, 14, 16, 0, 13, 28, 34610 }, // ↓
    { 17, 12, 21, 2, 12, 26, 34638 }, // ↔
    { 13, 17, 17, 2, 19, 28, 34664 }, // ↕
    { 12, 12, 16, 2, 12, 18, 34692 }, // ↖
    { 13, 12, 13, 0, 12, 20, 34710 }, // ↗
    { 13, 12, 13, 0, 12, 20, 34730 }, // ↘
    { 12, 12, 13, 1, 12, 18, 34750 }, // ↙
    { 16, 14, 20, 2, 13, 28, 34768 }, // ⇐
    { 18, 17, 22, 2, 16, 39, 34796 }, // ⇑
    { 16, 14, 20, 2, 13, 28, 34835 }, // ⇒
    { 18, 17, 22, 2, 15, 39, 34863 }, // ⇓
    { 19, 14, 23, 2, 13, 34, 34902 }, // ⇔
    { 14, 18, 19, 2, 10, 32, 34936 }, // ⇕
    { 13, 19, 14, 1, 18, 31, 34968 }, // ∂
    { 21, 20, 24, 1, 19, 53, 34999 }, // ∅
    { 16, 17, 18, 1, 16, 34, 35052 }, // ∆
    { 14, 16, 15, 1, 15, 28, 35086 }, // ∏
    { 14, 17, 15, 1, 16, 30, 35114 }, // ∐
    { 11, 16, 12, 1, 15, 22, 35144 }, // ∑
    { 12, 4, 13, 0, 8, 6, 35166 }, // −
    { 18, 19, 20, 1, 18, 43, 35172 }, // √
    { 17, 12, 19, 1, 14, 26, 35215 }, // ∞
    { 17, 23, 18, 0, 17, 49, 35241 }, // ∫
    { 6, 14, 7, 0, 14, 11, 35290 }, // ∶
    { 12, 12, 30, 9, 12, 18, 35301 }, // ≈
    { 16, 19, 26, 5, 17, 38, 35319 }, // ≠
    { 18, 18, 17, -1, 16, 41, 35357 }, // ≤
    { 18, 18, 18, 0, 16, 41, 35398 }, // ≥
};

static const EpdUnicodeInterval opendyslexic_10_boldIntervals[] = {
    { 0x20, 0x7E, 0x0 },
    { 0xA0, 0xFF, 0x5F },
    { 0x100, 0x12B, 0xBF },
    { 0x12E, 0x17F, 0xEB },
    { 0x181, 0x181, 0x13D },
    { 0x186, 0x18A, 0x13E },
    { 0x18E, 0x194, 0x143 },
    { 0x196, 0x19A, 0x14A },
    { 0x19D, 0x19D, 0x14F },
    { 0x1A0, 0x1A1, 0x150 },
    { 0x1A4, 0x1A5, 0x152 },
    { 0x1A9, 0x1A9, 0x154 },
    { 0x1AC, 0x1B4, 0x155 },
    { 0x1B7, 0x1B7, 0x15E },
    { 0x1C0, 0x1E1, 0x15F },
    { 0x1E3, 0x1EF, 0x181 },
    { 0x1F1, 0x1F5, 0x18E },
    { 0x1F8, 0x1FB, 0x193 },
    { 0x1FE, 0x1FF, 0x197 },
    { 0x218, 0x21B, 0x199 },
    { 0x21F, 0x21F, 0x19D },
    { 0x226, 0x22B, 0x19E },
    { 0x237, 0x237, 0x1A4 },
    { 0x23D, 0x23D, 0x1A5 },
    { 0x242, 0x245, 0x1A6 },
    { 0x24B, 0x24C, 0x1AA },
    { 0x300, 0x30C, 0x1AC },
    { 0x30F, 0x30F, 0x1B9 },
    { 0x312, 0x314, 0x1BA },
    { 0x318, 0x320, 0x1BD },
    { 0x323, 0x32A, 0x1C6 },
    { 0x32C, 0x32D, 0x1CE },
    { 0x330, 0x332, 0x1D0 },
    { 0x334, 0x335, 0x1D3 },
    { 0x339, 0x33D, 0x1D5 },
    { 0x342, 0x344, 0x1DA },
    { 0x346, 0x34E, 0x1DD },
    { 0x35C, 0x35C, 0x1E6 },
    { 0x361, 0x362, 0x1E7 },
    { 0x400, 0x45F, 0x1E9 },
    { 0x462, 0x463, 0x249 },
    { 0x46A, 0x46B, 0x24B },
    { 0x472, 0x475, 0x24D },
    { 0x486, 0x486, 0x251 },
    { 0x490, 0x4F9, 0x252 },
    { 0x4FC, 0x4FD, 0x2BC },
    { 0x1E00, 0x1E00, 0x2BE },
    { 0x1E03, 0x1E05, 0x2BF },
    { 0x1E0A, 0x1E0F, 0x2C2 },
    { 0x1E12, 0x1E13, 0x2C8 },
    { 0x1E15, 0x1E15, 0x2CA },
    { 0x1E17, 0x1E17, 0x2CB },
    { 0x1E1A, 0x1E1A, 0x2CC },
    { 0x1E1E, 0x1E21, 0x2CD },
    { 0x1E24, 0x1E25, 0x2D1 },
    { 0x1E28, 0x1E29, 0x2D3 },
    { 0x1E2E, 0x1E2F, 0x2D5 },
    { 0x1E36, 0x1E37, 0x2D7 },
    { 0x1E3C, 0x1E42, 0x2D9 },
    { 0x1E44, 0x1E47, 0x2E0 },
    { 0x1E4A, 0x1E4D, 0x2E4 },
    { 0x1E4F, 0x1E53, 0x2E8 },
    { 0x1E56, 0x1E57, 0x2ED },
    { 0x1E5A, 0x1E5B, 0x2EF },
    { 0x1E60, 0x1E67, 0x2F1 },
    { 0x1E6A, 0x1E72, 0x2F9 },
    { 0x1E74, 0x1E74, 0x302 },
    { 0x1E7C, 0x1E7D, 0x303 },
    { 0x1E80, 0x1E85, 0x305 },
    { 0x1E90, 0x1E93, 0x30B },
    { 0x1E9E, 0x1E9E, 0x30F },
    { 0x1EA0, 0x1EF9, 0x310 },
    { 0x2000, 0x2027, 0x36A },
    { 0x202F, 0x2030, 0x392 },
    { 0x2032, 0x203F, 0x394 },
    { 0x2042, 0x2042, 0x3A2 },
    { 0x2044, 0x2044, 0x3A3 },
    { 0x2047, 0x2049, 0x3A4 },
    { 0x2052, 0x2052, 0x3A7 },
    { 0x205F, 0x205F, 0x3A8 },
    { 0x2070, 0x2070, 0x3A9 },
    { 0x2074, 0x2079, 0x3AA },
    { 0x207F, 0x2089, 0x3B0 },
    { 0x208D, 0x208E, 0x3BB },
    { 0x20A1, 0x20A2, 0x3BD },
    { 0x20A4, 0x20A4, 0x3BF },
    { 0x20A6, 0x20AC, 0x3C0 },
    { 0x20AE, 0x20AE, 0x3C7 },
    { 0x20B1, 0x20B2, 0x3C8 },
    { 0x20B4, 0x20B5, 0x3CA },
    { 0x20B8, 0x20BA, 0x3CC },
    { 0x20BC, 0x20BD, 0x3CF },
    { 0x2190, 0x2199, 0x3D1 },
    { 0x21D0, 0x21D5, 0x3DB },
    { 0x2202, 0x2202, 0x3E1 },
    { 0x2205, 0x2206, 0x3E2 },
    { 0x220F, 0x2212, 0x3E4 },
    { 0x221A, 0x221A, 0x3E8 },
    { 0x221E, 0x221E, 0x3E9 },
    { 0x222B, 0x222B, 0x3EA },
    { 0x2236, 0x2236, 0x3EB },
    { 0x2248, 0x2248, 0x3EC },
    { 0x2260, 0x2260, 0x3ED },
    { 0x2264, 0x2265, 0x3EE },
};

static const EpdFontData opendyslexic_10_bold = {
    opendyslexic_10_boldBitmaps,
    opendyslexic_10_boldGlyphs,
    opendyslexic_10_boldIntervals,
    104,
    38,
    28,
    -11,
    false,
};
