/**
 * generated by fontconvert.py
 * name: system_font_16_bold
 * size: 16
 * mode: 2-bit
 * Command used: fontconvert.py system_font_16_bold 16 ../builtinFonts/source/Andada_Pro/AndadaPro-Bold.ttf --2bit
 */
#pragma once
#include "EpdFontData.h"

static const uint8_t system_font_16_boldBitmaps[39973] = {
    0x2A, 0x1F, 0xE7, 0xF9, 0xFD, 0x7F, 0x5F, 0xD7, 0xF5, 0xFC, 0x3F, 0x0F, 0xC3, 0xF0, 0xFC, 0x3F,
    0x0F, 0xC3, 0xF0, 0xFC, 0x3F, 0x0F, 0xC1, 0x90, 0x00, 0x00, 0x01, 0x47, 0xF6, 0xFE, 0xBF, 0x9F,
    0xD0, 0x40, 0x29, 0x0A, 0x4F, 0xC3, 0xF3, 0xF0, 0xFC, 0xFC, 0x3F, 0x3E, 0x0F, 0xCF, 0x83, 0xE3,
    0xE0, 0xF8, 0xF8, 0x3E, 0x19, 0x06, 0x40, 0x00, 0x00, 0x00, 0x00, 0x00, 0x00, 0xB8, 0x0F, 0x40,
    0x00, 0x0F, 0x80, 0xF4, 0x00, 0x00, 0xF4, 0x1F, 0x00, 0x00, 0x0F, 0x41, 0xF0, 0x00, 0x01, 0xF0,
    0x2F, 0x00, 0x2F, 0xFF, 0xFF, 0xFF, 0xD3, 0xFF, 0xFF, 0xFF, 0xFE, 0x3F, 0xFF, 0xFF, 0xFF, 0xD0,
    0x03, 0xE0, 0x3C, 0x00, 0x00, 0x3D, 0x07, 0xC0, 0x00, 0x07, 0xC0, 0xBC, 0x00, 0x15, 0xBE, 0x5F,
    0xEA, 0x8B, 0xFF, 0xFF, 0xFF, 0xFC, 0xBF, 0xFF, 0xFF, 0xFF, 0xC0, 0x0F, 0x81, 0xF4, 0x00, 0x00,
    0xF4, 0x1F, 0x00, 0x00, 0x0F, 0x01, 0xF0, 0x00, 0x01, 0xF0, 0x2F, 0x00, 0x00, 0x2F, 0x03, 0xE0,
    0x00, 0x00, 0x50, 0x05, 0x00, 0x00, 0x00, 0x00, 0x00, 0x00, 0x00, 0x02, 0xD0, 0x00, 0x00, 0x02,
    0xD0, 0x00, 0x00, 0x02, 0xC0, 0x00, 0x00, 0x02, 0xC0, 0x00, 0x00, 0x07, 0xE4, 0x00, 0x01, 0xFF,
    0xFF, 0xE0, 0x0B, 0xFF, 0xFF, 0xF0, 0x1F, 0xF8, 0x07, 0xF0, 0x3F, 0xE0, 0x01, 0xF0, 0x3F, 0xD0,
    0x01, 0xF0, 0x3F, 0xE0, 0x01, 0xF0, 0x3F, 0xF4, 0x00, 0x00, 0x2F, 0xFE, 0x00, 0x00, 0x0F, 0xFF,
    0xE0, 0x00, 0x07, 0xFF, 0xFD, 0x00, 0x00, 0xFF, 0xFF, 0xC0, 0x00, 0x1F, 0xFF, 0xF0, 0x00, 0x01,
    0xFF, 0xF8, 0x00, 0x00, 0x2F, 0xFC, 0x14, 0x00, 0x0F, 0xFC, 0x3E, 0x00, 0x07, 0xFC, 0x3E, 0x00,
    0x07, 0xFC, 0x3E, 0x00, 0x0F, 0xF8, 0x3F, 0xD4, 0x7F, 0xF0, 0x7F, 0xFF, 0xFF, 0xD0, 0x1B, 0xFF,
    0xFE, 0x00, 0x00, 0x1F, 0x90, 0x00, 0x00, 0x0B, 0x40, 0x00, 0x00, 0x0B, 0x00, 0x00, 0x00, 0x0B,
    0x00, 0x00, 0x00, 0x0B, 0x00, 0x00, 0x00, 0x00, 0x00, 0x00, 0x01, 0xFF, 0x40, 0x00, 0x00, 0x0C,
    0x00, 0x00, 0x03, 0xFF, 0xF8, 0x00, 0x00, 0x0B, 0xC0, 0x00, 0x02, 0xF8, 0x3F, 0x40, 0x00, 0x03,
    0xE0, 0x00, 0x00, 0xFC, 0x07, 0xF0, 0x00, 0x02, 0xF0, 0x00, 0x00, 0x7F, 0x00, 0xFC, 0x00, 0x01,
    0xF8, 0x00, 0x00, 0x2F, 0xC0, 0x3F, 0x40, 0x00, 0xFC, 0x00, 0x00, 0x0B, 0xF0, 0x0F, 0xD0, 0x00,
    0x7D, 0x00, 0x00, 0x02, 0xFC, 0x03, 0xF4, 0x00, 0x3F, 0x00, 0x00, 0x00, 0xBF, 0x00, 0xFD, 0x00,
    0x2F, 0x00, 0x00, 0x00, 0x1F, 0xC0, 0x3F, 0x00, 0x1F, 0x80, 0x00, 0x00, 0x03, 0xF0, 0x1F, 0xC0,
    0x0F, 0xC0, 0x0B, 0xF8, 0x00, 0xBE, 0x0F, 0xE0, 0x07, 0xD0, 0x0F, 0xFF, 0xD0, 0x0F, 0xEF, 0xF0,
    0x03, 0xF0, 0x0F, 0xD1, 0xFC, 0x00, 0xBF, 0xE0, 0x02, 0xF4, 0x07, 0xF0, 0x3F, 0x40, 0x00, 0x00,
    0x00, 0xF8, 0x02, 0xF8, 0x0B, 0xF0, 0x00, 0x00, 0x00, 0xFC, 0x00, 0xFD, 0x01, 0xFC, 0x00, 0x00,
    0x00, 0x7E, 0x00, 0x3F, 0x40, 0x7F, 0x00, 0x00, 0x00, 0x3F, 0x00, 0x0F, 0xD0, 0x1F, 0xC0, 0x00,
    0x00, 0x2F, 0x40, 0x03, 0xF4, 0x07, 0xF0, 0x00, 0x00, 0x0F, 0xC0, 0x00, 0xFE, 0x02, 0xFC, 0x00,
    0x00, 0x0B, 0xC0, 0x00, 0x2F, 0xC0, 0xBE, 0x00, 0x00, 0x07, 0xE0, 0x00, 0x03, 0xF0, 0x3F, 0x00,
    0x00, 0x03, 0xF0, 0x00, 0x00, 0x7F, 0xBF, 0x40, 0x00, 0x01, 0xF4, 0x00, 0x00, 0x07, 0xFF, 0x40,
    0x00, 0x00, 0xBC, 0x00, 0x00, 0x00, 0x00, 0x00, 0x00, 0x00, 0x00, 0x00, 0x00, 0x00, 0x00, 0x00,
    0x00, 0x00, 0x00, 0x00, 0x00, 0x00, 0x00, 0x00, 0xBF, 0xFE, 0x40, 0x00, 0x00, 0x1F, 0xFF, 0xFF,
    0x40, 0x00, 0x00, 0xFF, 0xD5, 0xFC, 0x00, 0x00, 0x0B, 0xFC, 0x00, 0xF0, 0x00, 0x00, 0x2F, 0xE0,
    0x03, 0xC0, 0x00, 0x00, 0xBF, 0x80, 0x0F, 0x00, 0x00, 0x01, 0xFF, 0x00, 0x00, 0x00, 0x00, 0x03,
    0xFD, 0x00, 0x00, 0x00, 0x00, 0x0B, 0xFC, 0x00, 0x55, 0x55, 0x00, 0x0F, 0xFC, 0x03, 0xFF, 0xF8,
    0x00, 0xFF, 0xFC, 0x0B, 0xFF, 0xE0, 0x1F, 0xFF, 0xFC, 0x03, 0xF4, 0x00, 0xFF, 0x4F, 0xFC, 0x0B,
    0xC0, 0x0B, 0xF8, 0x0F, 0xFC, 0x2F, 0x00, 0x3F, 0xD0, 0x0F, 0xFD, 0xFC, 0x00, 0xFF, 0x40, 0x0F,
    0xFF, 0xF0, 0x03, 0xFD, 0x00, 0x0B, 0xFF, 0x40, 0x0F, 0xF8, 0x00, 0x0B, 0xFE, 0x00, 0x1F, 0xF4,
    0x00, 0x1F, 0xFE, 0x00, 0x3F, 0xFD, 0x5B, 0xFF, 0xFF, 0x40, 0x3F, 0xFF, 0xFF, 0xD7, 0xFF, 0xD0,
    0x1F, 0xFF, 0xF4, 0x0B, 0xFF, 0x40, 0x00, 0x50, 0x00, 0x00, 0x00, 0x29, 0x3F, 0x3F, 0x3F, 0x3E,
    0x3E, 0x3E, 0x3E, 0x19, 0x00, 0x00, 0x00, 0x02, 0xC0, 0x02, 0xF0, 0x01, 0xF0, 0x00, 0xF8, 0x00,
    0xFD, 0x00, 0x7F, 0x00, 0x3F, 0x80, 0x1F, 0xC0, 0x0B, 0xF0, 0x03, 0xFC, 0x00, 0xFE, 0x00, 0x7F,
    0x40, 0x2F, 0xD0, 0x0B, 0xF4, 0x02, 0xFC, 0x00, 0xBF, 0x00, 0x2F, 0xD0, 0x0B, 0xF4, 0x01, 0xFD,
    0x00, 0x7F, 0x80, 0x0F, 0xE0, 0x02, 0xFC, 0x00, 0x7F, 0x00, 0x0F, 0xD0, 0x01, 0xFC, 0x00, 0x3F,
    0x00, 0x07, 0xE0, 0x00, 0xBC, 0x00, 0x0B, 0x80, 0x00, 0xB0, 0x00, 0x00, 0x00, 0x00, 0x0E, 0x00,
    0x02, 0xE0, 0x00, 0x3E, 0x00, 0x0B, 0xD0, 0x00, 0xFC, 0x00, 0x2F, 0x80, 0x07, 0xF0, 0x00, 0xFD,
    0x00, 0x3F, 0xC0, 0x0B, 0xF0, 0x01, 0xFD, 0x00, 0x7F, 0x80, 0x0F, 0xE0, 0x03, 0xFC, 0x00, 0xFF,
    0x00, 0x3F, 0xC0, 0x0F, 0xF0, 0x03, 0xF8, 0x01, 0xFE, 0x00, 0x7F, 0x40, 0x2F, 0xC0, 0x0F, 0xF0,
    0x03, 0xF8, 0x01, 0xFC, 0x00, 0xBE, 0x00, 0x3F, 0x00, 0x1F, 0x40, 0x0F, 0x80, 0x0B, 0xC0, 0x03,
    0xC0, 0x00, 0x00, 0x00, 0x00, 0x04, 0x00, 0x00, 0x3D, 0x00, 0x00, 0x3D, 0x00, 0x10, 0x3D, 0x04,
    0x3E, 0x7D, 0xBE, 0x7F, 0xFF, 0xFF, 0x06, 0xFF, 0xE4, 0x00, 0xFF, 0x80, 0x03, 0xF7, 0xD0, 0x0F,
    0xC3, 0xF4, 0x0F, 0x40, 0xF4, 0x01, 0x00, 0x50, 0x00, 0x00, 0x00, 0x00, 0x00, 0x00, 0x03, 0xF0,
    0x00, 0x00, 0x00, 0x0F, 0xC0, 0x00, 0x00, 0x00, 0x3F, 0x00, 0x00, 0x00, 0x00, 0xFC, 0x00, 0x00,
    0x00, 0x03, 0xF0, 0x00, 0x00, 0x00, 0x0F, 0xC0, 0x00, 0x00, 0x00, 0x3F, 0x00, 0x00, 0x3F, 0xFF,
    0xFF, 0xFF, 0xF0, 0xFF, 0xFF, 0xFF, 0xFF, 0xC3, 0xFF, 0xFF, 0xFF, 0xFF, 0x00, 0x00, 0x3F, 0x00,
    0x00, 0x00, 0x00, 0xFC, 0x00, 0x00, 0x00, 0x03, 0xF0, 0x00, 0x00, 0x00, 0x0F, 0xC0, 0x00, 0x00,
    0x00, 0x3F, 0x00, 0x00, 0x00, 0x00, 0xFC, 0x00, 0x00, 0x00, 0x03, 0xF0, 0x00, 0x00, 0x07, 0x80,
    0x7F, 0x82, 0xFF, 0x07, 0xFC, 0x0F, 0xF0, 0x0B, 0xC0, 0x2D, 0x01, 0xF0, 0x2F, 0x00, 0xE0, 0x00,
    0x7F, 0xFE, 0xBF, 0xFF, 0x7F, 0xFE, 0x2E, 0x07, 0xFC, 0xBF, 0xCB, 0xFC, 0x3F, 0x80, 0x50, 0x00,
    0x00, 0x06, 0x00, 0x00, 0x00, 0xBD, 0x00, 0x00, 0x0F, 0xC0, 0x00, 0x01, 0xF8, 0x00, 0x00, 0x3F,
    0x00, 0x00, 0x03, 0xF0, 0x00, 0x00, 0xBD, 0x00, 0x00, 0x0F, 0xC0, 0x00, 0x01, 0xF8, 0x00, 0x00,
    0x2F, 0x40, 0x00, 0x03, 0xF0, 0x00, 0x00, 0x7E, 0x00, 0x00, 0x0F, 0xC0, 0x00, 0x00, 0xFC, 0x00,
    0x00, 0x2F, 0x40, 0x00, 0x03, 0xF0, 0x00, 0x00, 0x7E, 0x00, 0x00, 0x0F, 0xD0, 0x00, 0x00, 0xFC,
    0x00, 0x00, 0x2F, 0x80, 0x00, 0x03, 0xF0, 0x00, 0x00, 0x7F, 0x00, 0x00, 0x0B, 0xD0, 0x00, 0x00,
    0xFC, 0x00, 0x00, 0x1F, 0x80, 0x00, 0x03, 0xF4, 0x00, 0x00, 0x3F, 0x00, 0x00, 0x02, 0xE0, 0x00,
    0x00, 0x00, 0x00, 0x00, 0x00, 0x00, 0x00, 0x00, 0x00, 0x00, 0x01, 0xBF, 0xF4, 0x00, 0x00, 0xBF,
    0xFF, 0xF0, 0x00, 0x2F, 0xF9, 0xFF, 0xC0, 0x07, 0xFC, 0x02, 0xFE, 0x00, 0xFF, 0x40, 0x0F, 0xF4,
    0x1F, 0xF0, 0x00, 0xBF, 0x82, 0xFE, 0x00, 0x07, 0xFC, 0x3F, 0xE0, 0x00, 0x7F, 0xC3, 0xFD, 0x00,
    0x03, 0xFD, 0x3F, 0xD0, 0x00, 0x3F, 0xD7, 0xFD, 0x00, 0x03, 0xFE, 0x7F, 0xD0, 0x00, 0x3F, 0xE3,
    0xFD, 0x00, 0x03, 0xFD, 0x3F, 0xD0, 0x00, 0x3F, 0xD3, 0xFE, 0x00, 0x07, 0xFC, 0x3F, 0xE0, 0x00,
    0x7F, 0xC1, 0xFF, 0x00, 0x0B, 0xF8, 0x0F, 0xF0, 0x00, 0xFF, 0x40, 0xBF, 0xC0, 0x2F, 0xF0, 0x03,
    0xFE, 0x4B, 0xFC, 0x00, 0x0F, 0xFF, 0xFF, 0x40, 0x00, 0x2F, 0xFF, 0x80, 0x00, 0x00, 0x05, 0x00,
    0x00, 0x00, 0x01, 0x00, 0x00, 0x00, 0xFF, 0x00, 0x00, 0x7F, 0xF0, 0x00, 0x2F, 0xFF, 0x00, 0x0B,
    0xFF, 0xF0, 0x03, 0xFF, 0xFE, 0x00, 0xBF, 0xAF, 0xE0, 0x03, 0x41, 0xFE, 0x00, 0x00, 0x1F, 0xE0,
    0x00, 0x01, 0xFE, 0x00, 0x00, 0x1F, 0xE0, 0x00, 0x01, 0xFE, 0x00, 0x00, 0x1F, 0xE0, 0x00, 0x01,
    0xFE, 0x00, 0x00, 0x1F, 0xE0, 0x00, 0x01, 0xFE, 0x00, 0x00, 0x1F, 0xE0, 0x00, 0x01, 0xFE, 0x00,
    0x00, 0x1F, 0xE0, 0x00, 0x02, 0xFF, 0x00, 0x00, 0x7F, 0xF5, 0x07, 0xFF, 0xFF, 0xFE, 0x7F, 0xFF,
    0xFF, 0xD0, 0x00, 0x00, 0x00, 0x00, 0x00, 0x00, 0x00, 0x06, 0xFF, 0xF9, 0x00, 0x3F, 0xFF, 0xFF,
    0xC0, 0x3F, 0xFA, 0xFF, 0xF0, 0x2F, 0x40, 0x2F, 0xF8, 0x2F, 0x00, 0x0F, 0xFC, 0x2E, 0x00, 0x0B,
    0xFC, 0x15, 0x00, 0x0B, 0xFC, 0x00, 0x00, 0x0F, 0xF8, 0x00, 0x00, 0x0F, 0xF4, 0x00, 0x00, 0x2F,
    0xF0, 0x00, 0x00, 0x7F, 0xC0, 0x00, 0x00, 0xFF, 0x40, 0x00, 0x03, 0xFE, 0x00, 0x00, 0x0F, 0xF8,
    0x00, 0x00, 0x3F, 0xE0, 0x00, 0x00, 0xFF, 0x80, 0x05, 0x03, 0xFE, 0x00, 0x1F, 0x0F, 0xF4, 0x00,
    0x2F, 0x3F, 0xE5, 0x55, 0xBF, 0xBF, 0xFF, 0xFF, 0xFF, 0x7F, 0xFF, 0xFF, 0xFE, 0x3F, 0xFF, 0xFF,
    0xFE, 0x00, 0x00, 0x00, 0x00, 0x00, 0x00, 0x00, 0x01, 0xBF, 0xFE, 0x00, 0xBF, 0xFF, 0xFD, 0x0B,
    0xF9, 0xBF, 0xF0, 0xBC, 0x00, 0xFF, 0x87, 0xC0, 0x07, 0xFC, 0x7C, 0x00, 0x7F, 0xC0, 0x00, 0x07,
    0xFC, 0x00, 0x00, 0xBF, 0x80, 0x00, 0x0F, 0xF0, 0x00, 0x07, 0xFD, 0x00, 0x1B, 0xFF, 0x00, 0x03,
    0xFF, 0xF8, 0x00, 0x2E, 0xFF, 0xF4, 0x00, 0x00, 0xFF, 0xC0, 0x00, 0x03, 0xFE, 0x00, 0x00, 0x2F,
    0xF0, 0x00, 0x02, 0xFF, 0x00, 0x00, 0x2F, 0xF0, 0x00, 0x03, 0xFE, 0x00, 0x00, 0xBF, 0xC0, 0x00,
    0x2F, 0xF4, 0x00, 0x1F, 0xFD, 0x00, 0x2F, 0xFF, 0x00, 0xBF, 0xFF, 0x40, 0x0B, 0xFE, 0x40, 0x00,
    0x14, 0x00, 0x00, 0x00, 0x00, 0x00, 0x00, 0x40, 0x00, 0x00, 0x00, 0x0F, 0x00, 0x00, 0x00, 0x03,
    0xFD, 0x00, 0x00, 0x00, 0xBF, 0xC0, 0x00, 0x00, 0x1F, 0xF0, 0x00, 0x00, 0x03, 0xFC, 0x00, 0x00,
    0x00, 0xFF, 0x00, 0x00, 0x00, 0x2F, 0xC0, 0x00, 0x00, 0x07, 0xF8, 0x00, 0x00, 0x00, 0xFF, 0x00,
    0x00, 0x00, 0x3F, 0xC0, 0x00, 0x00, 0x0B, 0xF4, 0x06, 0x40, 0x01, 0xFE, 0x07, 0xF4, 0x00, 0x3F,
    0xC0, 0x7F, 0x40, 0x0F, 0xF4, 0x07, 0xF4, 0x02, 0xFE, 0x00, 0x7F, 0x40, 0x3F, 0xFF, 0xFF, 0xFF,
    0xD0, 0xFF, 0xFF, 0xFF, 0xFD, 0x02, 0xAA, 0xAF, 0xFE, 0x90, 0x00, 0x00, 0x7F, 0x40, 0x00, 0x00,
    0x07, 0xF4, 0x00, 0x00, 0x00, 0xBF, 0x40, 0x00, 0x00, 0x1F, 0xF9, 0x00, 0x00, 0x3F, 0xFF, 0xFD,
    0x00, 0x03, 0xFF, 0xFF, 0xD0, 0x00, 0x00, 0x00, 0x00, 0x00, 0x00, 0x00, 0x01, 0xAB, 0xFF, 0xFC,
    0x2F, 0xFF, 0xFF, 0xC2, 0xFF, 0xFF, 0xFC, 0x3F, 0xFF, 0xEA, 0x43, 0xF4, 0x00, 0x00, 0x3F, 0x00,
    0x00, 0x03, 0xF0, 0x00, 0x00, 0x3F, 0x00, 0x00, 0x03, 0xF0, 0x00, 0x00, 0x3F, 0x55, 0x40, 0x07,
    0xFF, 0xFF, 0x80, 0x3F, 0xFF, 0xFF, 0x01, 0xE5, 0xBF, 0xFC, 0x00, 0x00, 0xBF, 0xD0, 0x00, 0x03,
    0xFE, 0x00, 0x00, 0x2F, 0xF0, 0x00, 0x02, 0xFF, 0x00, 0x00, 0x2F, 0xE0, 0x00, 0x03, 0xFD, 0x00,
    0x00, 0xBF, 0xC0, 0x00, 0x1F, 0xF4, 0x00, 0x0B, 0xFD, 0x00, 0x1F, 0xFF, 0x40, 0x7F, 0xFF, 0x40,
    0x03, 0xFE, 0x40, 0x00, 0x14, 0x00, 0x00, 0x00, 0x00, 0x00, 0x00, 0x29, 0x00, 0x00, 0x01, 0xFF,
    0x80, 0x00, 0x07, 0xFF, 0x80, 0x00, 0x0B, 0xFD, 0x00, 0x00, 0x0F, 0xFC, 0x00, 0x00, 0x0F, 0xF8,
    0x00, 0x00, 0x0F, 0xF8, 0x00, 0x00, 0x0B, 0xFC, 0x00, 0x00, 0x03, 0xFC, 0x00, 0x00, 0x02, 0xFE,
    0x00, 0x00, 0x00, 0xFF, 0x00, 0x00, 0x00, 0xBF, 0xC6, 0xA4, 0x00, 0x3F, 0xE3, 0xFF, 0xE0, 0x0F,
    0xF4, 0xBF, 0xFF, 0x07, 0xFC, 0x00, 0x7F, 0xE1, 0xFF, 0x00, 0x0B, 0xFC, 0x7F, 0xC0, 0x00, 0xFF,
    0x5F, 0xF0, 0x00, 0x3F, 0xD7, 0xFC, 0x00, 0x0F, 0xF4, 0xFF, 0x40, 0x03, 0xFD, 0x3F, 0xE0, 0x01,
    0xFF, 0x07, 0xFD, 0x00, 0xFF, 0x80, 0xBF, 0xD5, 0xFF, 0xC0, 0x0B, 0xFF, 0xFF, 0xC0, 0x00, 0x7F,
    0xFF, 0x40, 0x00, 0x00, 0x54, 0x00, 0x00, 0x00, 0x00, 0x00, 0x00, 0x3F, 0xEA, 0xAA, 0xA8, 0x7F,
    0xFF, 0xFF, 0xFE, 0x7F, 0xFF, 0xFF, 0xFE, 0xBF, 0xFF, 0xFF, 0xFC, 0xBC, 0x00, 0x07, 0xF8, 0xBC,
    0x00, 0x0B, 0xF4, 0xB8, 0x00, 0x0F, 0xF0, 0x00, 0x00, 0x0F, 0xD0, 0x00, 0x00, 0x1F, 0xC0, 0x00,
    0x00, 0x3F, 0x80, 0x00, 0x00, 0x7F, 0x00, 0x00, 0x00, 0xFE, 0x00, 0x00, 0x01, 0xFC, 0x00, 0x00,
    0x03, 0xFC, 0x00, 0x00, 0x07, 0xF4, 0x00, 0x00, 0x0F, 0xF0, 0x00, 0x00, 0x1F, 0xD0, 0x00, 0x00,
    0x2F, 0xC0, 0x00, 0x00, 0x3F, 0x80, 0x00, 0x00, 0xBF, 0x00, 0x00, 0x00, 0xFE, 0x00, 0x00, 0x02,
    0xFD, 0x00, 0x00, 0x03, 0xFC, 0x00, 0x00, 0x0B, 0xF4, 0x00, 0x00, 0x07, 0xF0, 0x00, 0x00, 0x00,
    0x10, 0x00, 0x00, 0x00, 0x1A, 0xA4, 0x00, 0x01, 0xFF, 0xFF, 0x80, 0x0B, 0xFE, 0xBF, 0xF0, 0x0F,
    0xF0, 0x0B, 0xFC, 0x2F, 0xE0, 0x03, 0xFC, 0x2F, 0xD0, 0x03, 0xFD, 0x2F, 0xD0, 0x03, 0xFC, 0x1F,
    0xF0, 0x03, 0xFC, 0x0F, 0xF8, 0x0B, 0xF4, 0x07, 0xFF, 0x5F, 0xE0, 0x01, 0xFF, 0xFF, 0x80, 0x00,
    0x7F, 0xFF, 0x00, 0x01, 0xFF, 0xFF, 0xD0, 0x0B, 0xFC, 0xBF, 0xF4, 0x1F, 0xF0, 0x0F, 0xFC, 0x3F,
    0xC0, 0x03, 0xFE, 0x7F, 0xC0, 0x01, 0xFF, 0x7F, 0x80, 0x00, 0xFF, 0x7F, 0xC0, 0x01, 0xFF, 0x3F,
    0xC0, 0x02, 0xFE, 0x2F, 0xF4, 0x0B, 0xFC, 0x0B, 0xFF, 0xFF, 0xF0, 0x01, 0xBF, 0xFF, 0x80, 0x00,
    0x01, 0x50, 0x00, 0x00, 0x00, 0x00, 0x00, 0x00, 0x1B, 0xFF, 0x40, 0x00, 0x2F, 0xFF, 0xFC, 0x00,
    0x3F, 0xFA, 0xFF, 0xC0, 0x2F, 0xF0, 0x0F, 0xFC, 0x0F, 0xF4, 0x00, 0xFF, 0x4B, 0xFC, 0x00, 0x2F,
    0xE2, 0xFF, 0x00, 0x07, 0xFC, 0xBF, 0xC0, 0x01, 0xFF, 0x2F, 0xF0, 0x00, 0x7F, 0xC7, 0xFC, 0x00,
    0x1F, 0xF0, 0xFF, 0xC0, 0x07, 0xFC, 0x1F, 0xFE, 0x52, 0xFF, 0x01, 0xFF, 0xF8, 0xBF, 0x80, 0x07,
    0xFD, 0x3F, 0xD0, 0x00, 0x00, 0x1F, 0xF0, 0x00, 0x00, 0x0B, 0xF8, 0x00, 0x00, 0x03, 0xFC, 0x00,
    0x00, 0x02, 0xFE, 0x00, 0x00, 0x01, 0xFF, 0x00, 0x00, 0x01, 0xFF, 0x40, 0x00, 0x01, 0xFF, 0x40,
    0x00, 0x02, 0xFF, 0x40, 0x00, 0x0B, 0xFF, 0x00, 0x00, 0x2F, 0xFD, 0x00, 0x00, 0x0B, 0xF4, 0x00,
    0x00, 0x00, 0x40, 0x00, 0x00, 0x00, 0x00, 0x01, 0xF8, 0x3F, 0xC3, 0xFD, 0x3F, 0xC1, 0xF4, 0x00,
    0x00, 0x00, 0x00, 0x00, 0x00, 0x00, 0x00, 0x00, 0x05, 0x03, 0xFC, 0x3F, 0xC3, 0xFC, 0x3F, 0xC0,
    0x50, 0x0B, 0x82, 0xFD, 0x3F, 0xE3, 0xFD, 0x0F, 0xC0, 0x00, 0x00, 0x00, 0x00, 0x00, 0x00, 0x00,
    0x00, 0x00, 0xB8, 0x2F, 0xD3, 0xFE, 0x3F, 0xF1, 0xFE, 0x03, 0xD0, 0x3C, 0x0B, 0x82, 0xE0, 0x74,
    0x00, 0x00, 0x00, 0x00, 0x00, 0x00, 0x00, 0x03, 0x00, 0x00, 0x07, 0xF0, 0x00, 0x07, 0xFC, 0x00,
    0x0B, 0xFC, 0x00, 0x0B, 0xF8, 0x00, 0x0B, 0xF8, 0x00, 0x0F, 0xF4, 0x00, 0x0F, 0xF4, 0x00, 0x0F,
    0xF4, 0x00, 0x02, 0xFE, 0x00, 0x00, 0x1F, 0xF0, 0x00, 0x01, 0xFF, 0x00, 0x00, 0x0F, 0xF4, 0x00,
    0x00, 0xFF, 0x40, 0x00, 0x0F, 0xF8, 0x00, 0x00, 0xBF, 0x40, 0x00, 0x0B, 0x40, 0x00, 0x00, 0x40,
    0xBF, 0xFF, 0xFF, 0xFE, 0xBF, 0xFF, 0xFF, 0xFE, 0xBF, 0xFF, 0xFF, 0xFE, 0x00, 0x00, 0x00, 0x00,
    0x00, 0x00, 0x00, 0x00, 0x00, 0x00, 0x00, 0x00, 0x6A, 0xAA, 0xAA, 0xA9, 0xBF, 0xFF, 0xFF, 0xFE,
    0xBF, 0xFF, 0xFF, 0xFE, 0x55, 0x55, 0x55, 0x54, 0x00, 0x00, 0x00, 0x02, 0x80, 0x00, 0x01, 0xF8,
    0x00, 0x00, 0xBF, 0xC0, 0x00, 0x07, 0xFC, 0x00, 0x00, 0x7F, 0xC0, 0x00, 0x03, 0xFD, 0x00, 0x00,
    0x3F, 0xD0, 0x00, 0x02, 0xFE, 0x00, 0x00, 0x2F, 0xE0, 0x00, 0x1F, 0xF0, 0x00, 0x1F, 0xF0, 0x00,
    0x2F, 0xE0, 0x00, 0x2F, 0xE0, 0x00, 0x3F, 0xE0, 0x00, 0x3F, 0xD0, 0x00, 0x3F, 0xD0, 0x00, 0x03,
    0xC0, 0x00, 0x00, 0x00, 0x00, 0x00, 0x01, 0xA9, 0x00, 0x0F, 0xFF, 0xF8, 0x03, 0xFB, 0xFF, 0xC0,
    0xF4, 0x0F, 0xF8, 0x3D, 0x00, 0xFF, 0x0F, 0x40, 0x2F, 0xD0, 0x00, 0x07, 0xF8, 0x00, 0x01, 0xFE,
    0x00, 0x00, 0x7F, 0x80, 0x00, 0x2F, 0xD0, 0x00, 0x1F, 0xF0, 0x00, 0x1F, 0xF0, 0x0F, 0xFF, 0xF4,
    0x03, 0xFF, 0xD0, 0x00, 0xFC, 0x00, 0x00, 0x3F, 0x00, 0x00, 0x0F, 0xC0, 0x00, 0x03, 0xF0, 0x00,
    0x00, 0xA8, 0x00, 0x00, 0x00, 0x00, 0x00, 0x00, 0x00, 0x00, 0x01, 0x40, 0x00, 0x02, 0xFC, 0x00,
    0x00, 0xFF, 0x80, 0x00, 0x3F, 0xE0, 0x00, 0x0B, 0xF0, 0x00, 0x00, 0x50, 0x00, 0x00, 0x00, 0x00,
    0x00, 0x00, 0x00, 0x00, 0x00, 0x00, 0x00, 0x02, 0xFF, 0xFF, 0xE4, 0x00, 0x00, 0x00, 0x02, 0xFF,
    0xFF, 0xFF, 0xF8, 0x00, 0x00, 0x01, 0xFF, 0x80, 0x00, 0x2F, 0xF8, 0x00, 0x00, 0xBF, 0x80, 0x00,
    0x00, 0x2F, 0xE0, 0x00, 0x2F, 0xD0, 0x00, 0x00, 0x00, 0x7F, 0x80, 0x07, 0xF8, 0x01, 0xAB, 0x90,
    0x01, 0xFD, 0x00, 0xFF, 0x02, 0xFF, 0xFF, 0xE0, 0x0B, 0xF0, 0x1F, 0xD0, 0x2F, 0xFF, 0xFF, 0x40,
    0x3F, 0x43, 0xFC, 0x02, 0xF4, 0x03, 0xFC, 0x02, 0xFC, 0x3F, 0x80, 0x1F, 0x00, 0x2F, 0xD0, 0x1F,
    0xC7, 0xF4, 0x01, 0xF0, 0x01, 0xFD, 0x01, 0xFC, 0xBF, 0x00, 0x00, 0x00, 0x1F, 0xD0, 0x0F, 0xCB,
    0xF0, 0x00, 0x00, 0x06, 0xFE, 0x00, 0xFD, 0xBF, 0x00, 0x01, 0xBF, 0xFF, 0xE0, 0x0F, 0xCB, 0xF0,
    0x01, 0xFF, 0xFA, 0xFE, 0x01, 0xFC, 0xBF, 0x00, 0x3F, 0xD0, 0x1F, 0xE0, 0x2F, 0x8B, 0xF0, 0x0B,
    0xF4, 0x01, 0xFE, 0x03, 0xF4, 0x7F, 0x00, 0xFF, 0x40, 0x2F, 0xE0, 0x3E, 0x07, 0xF4, 0x0B, 0xF8,
    0x07, 0xFE, 0x0F, 0xC0, 0x3F, 0x80, 0x7F, 0xEB, 0xFF, 0xF3, 0xF0, 0x02, 0xFC, 0x03, 0xFF, 0xFD,
    0xFF, 0xF8, 0x00, 0x1F, 0xD0, 0x0F, 0xFF, 0x4B, 0xF8, 0x00, 0x00, 0xFF, 0x00, 0x05, 0x00, 0x00,
    0x00, 0x00, 0x03, 0xFC, 0x00, 0x00, 0x00, 0x00, 0x00, 0x00, 0x1F, 0xF0, 0x00, 0x00, 0x00, 0x00,
    0x00, 0x00, 0xBF, 0xD0, 0x00, 0x00, 0x50, 0x00, 0x00, 0x01, 0xFF, 0xF9, 0x5B, 0xFE, 0x00, 0x00,
    0x00, 0x02, 0xFF, 0xFF, 0xFE, 0x00, 0x00, 0x00, 0x00, 0x01, 0xBF, 0xFD, 0x00, 0x00, 0x00, 0x00,
    0x00, 0x00, 0x00, 0x00, 0x00, 0x00, 0x00, 0x00, 0x00, 0x0A, 0x80, 0x00, 0x00, 0x00, 0x00, 0xBF,
    0x00, 0x00, 0x00, 0x00, 0x03, 0xFD, 0x00, 0x00, 0x00, 0x00, 0x0F, 0xF8, 0x00, 0x00, 0x00, 0x00,
    0xBF, 0xF0, 0x00, 0x00, 0x00, 0x03, 0xFF, 0xD0, 0x00, 0x00, 0x00, 0x0F, 0xFF, 0xC0, 0x00, 0x00,
    0x00, 0xBE, 0xBF, 0x00, 0x00, 0x00, 0x03, 0xF1, 0xFE, 0x00, 0x00, 0x00, 0x0F, 0xC3, 0xFC, 0x00,
    0x00, 0x00, 0xBE, 0x0F, 0xF0, 0x00, 0x00, 0x03, 0xF4, 0x1F, 0xE0, 0x00, 0x00, 0x0F, 0xC0, 0x3F,
    0xC0, 0x00, 0x00, 0xBE, 0x00, 0xFF, 0x40, 0x00, 0x03, 0xF4, 0x02, 0xFE, 0x00, 0x00, 0x0F, 0xFF,
    0xFF, 0xFC, 0x00, 0x00, 0xBF, 0xFF, 0xFF, 0xF4, 0x00, 0x03, 0xF8, 0x00, 0x2F, 0xE0, 0x00, 0x1F,
    0xC0, 0x00, 0x3F, 0xC0, 0x00, 0xBF, 0x00, 0x00, 0xFF, 0x40, 0x03, 0xF4, 0x00, 0x02, 0xFF, 0x00,
    0x2F, 0xE0, 0x00, 0x0B, 0xFE, 0x07, 0xFF, 0xF4, 0x02, 0xFF, 0xFF, 0x5F, 0xFF, 0xD0, 0x0B, 0xFF,
    0xFC, 0x00, 0x00, 0x00, 0x00, 0x00, 0x00, 0x2A, 0xAA, 0xAA, 0x40, 0x00, 0xFF, 0xFF, 0xFF, 0xF0,
    0x02, 0xBF, 0xFA, 0xBF, 0xF4, 0x00, 0xBF, 0x80, 0x1F, 0xF0, 0x02, 0xFE, 0x00, 0x2F, 0xD0, 0x07,
    0xF8, 0x00, 0x7F, 0x80, 0x1F, 0xE0, 0x01, 0xFE, 0x00, 0x7F, 0x80, 0x07, 0xF4, 0x01, 0xFE, 0x00,
    0x2F, 0xC0, 0x07, 0xF8, 0x01, 0xFD, 0x00, 0x1F, 0xE0, 0x6F, 0xD0, 0x00, 0x7F, 0x8F, 0xF8, 0x00,
    0x01, 0xFE, 0x3F, 0xFD, 0x00, 0x07, 0xF8, 0x06, 0xFE, 0x00, 0x1F, 0xE0, 0x02, 0xFE, 0x00, 0x7F,
    0x80, 0x03, 0xFC, 0x01, 0xFE, 0x00, 0x0B, 0xF4, 0x07, 0xF8, 0x00, 0x2F, 0xE0, 0x1F, 0xE0, 0x00,
    0xBF, 0x80, 0x7F, 0x80, 0x03, 0xFD, 0x02, 0xFE, 0x00, 0x2F, 0xF0, 0x0F, 0xFC, 0x06, 0xFF, 0x43,
    0xFF, 0xFF, 0xFF, 0xF4, 0x0F, 0xFF, 0xFF, 0xFE, 0x00, 0x00, 0x00, 0x00, 0x00, 0x00, 0x00, 0x01,
    0xBF, 0xFA, 0x40, 0x00, 0xBF, 0xFF, 0xFF, 0xD0, 0x0F, 0xFE, 0x5A, 0xFF, 0x40, 0xFF, 0xC0, 0x00,
    0xBC, 0x0F, 0xFC, 0x00, 0x01, 0xF0, 0x7F, 0xD0, 0x00, 0x07, 0xC3, 0xFF, 0x00, 0x00, 0x06, 0x0F,
    0xF4, 0x00, 0x00, 0x00, 0x7F, 0xC0, 0x00, 0x00, 0x02, 0xFF, 0x00, 0x00, 0x00, 0x0B, 0xFC, 0x00,
    0x00, 0x00, 0x2F, 0xF0, 0x00, 0x00, 0x00, 0xBF, 0xC0, 0x00, 0x00, 0x02, 0xFF, 0x00, 0x00, 0x00,
    0x0B, 0xFC, 0x00, 0x00, 0x00, 0x1F, 0xF0, 0x00, 0x00, 0x00, 0x3F, 0xD0, 0x00, 0x00, 0x00, 0xFF,
    0x80, 0x00, 0x00, 0x02, 0xFF, 0x00, 0x00, 0x0B, 0x43, 0xFE, 0x00, 0x00, 0x3E, 0x07, 0xFD, 0x00,
    0x00, 0xF8, 0x0B, 0xFE, 0x00, 0x1B, 0xE0, 0x07, 0xFF, 0xFF, 0xFF, 0x80, 0x02, 0xFF, 0xFF, 0xF9,
    0x00, 0x00, 0x15, 0x54, 0x00, 0x2A, 0xAA, 0xAA, 0x90, 0x00, 0x00, 0xFF, 0xFF, 0xFF, 0xFE, 0x00,
    0x02, 0xBF, 0xFA, 0xAF, 0xFF, 0x40, 0x00, 0xBF, 0x80, 0x02, 0xFF, 0x40, 0x02, 0xFE, 0x00, 0x01,
    0xFF, 0x40, 0x07, 0xF8, 0x00, 0x02, 0xFF, 0x00, 0x1F, 0xE0, 0x00, 0x03, 0xFD, 0x00, 0x7F, 0x80,
    0x00, 0x0B, 0xFC, 0x01, 0xFE, 0x00, 0x00, 0x1F, 0xF0, 0x07, 0xF8, 0x00, 0x00, 0x3F, 0xD0, 0x1F,
    0xE0, 0x00, 0x00, 0xFF, 0x40, 0x7F, 0x80, 0x00, 0x03, 0xFE, 0x01, 0xFE, 0x00, 0x00, 0x0F, 0xF8,
    0x07, 0xF8, 0x00, 0x00, 0x3F, 0xD0, 0x1F, 0xE0, 0x00, 0x00, 0xFF, 0x40, 0x7F, 0x80, 0x00, 0x03,
    0xFC, 0x01, 0xFE, 0x00, 0x00, 0x1F, 0xF0, 0x07, 0xF8, 0x00, 0x00, 0xFF, 0x80, 0x1F, 0xE0, 0x00,
    0x07, 0xFC, 0x00, 0x7F, 0x80, 0x00, 0x3F, 0xE0, 0x02, 0xFE, 0x00, 0x03, 0xFF, 0x00, 0x0F, 0xFC,
    0x01, 0xBF, 0xF0, 0x03, 0xFF, 0xFF, 0xFF, 0xFD, 0x00, 0x0F, 0xFF, 0xFF, 0xFE, 0x40, 0x00, 0x00,
    0x00, 0x00, 0x00, 0x00, 0x00, 0x2A, 0xAA, 0xAA, 0xAA, 0x80, 0xFF, 0xFF, 0xFF, 0xFF, 0x42, 0xBF,
    0xFA, 0xAF, 0xFD, 0x00, 0xBF, 0x80, 0x00, 0xF4, 0x02, 0xFE, 0x00, 0x03, 0xD0, 0x07, 0xF8, 0x00,
    0x0A, 0x40, 0x1F, 0xE0, 0x00, 0x00, 0x00, 0x7F, 0x80, 0x00, 0x00, 0x01, 0xFE, 0x00, 0x24, 0x00,
    0x07, 0xF8, 0x00, 0xE0, 0x00, 0x1F, 0xE0, 0x0B, 0x80, 0x00, 0x7F, 0xFF, 0xFE, 0x00, 0x01, 0xFF,
    0xFF, 0xFC, 0x00, 0x07, 0xF8, 0x01, 0xF0, 0x00, 0x1F, 0xE0, 0x03, 0xC0, 0x00, 0x7F, 0x80, 0x04,
    0x00, 0x01, 0xFE, 0x00, 0x00, 0x00, 0x07, 0xF8, 0x00, 0x00, 0x00, 0x1F, 0xE0, 0x00, 0x0F, 0x00,
    0x7F, 0x80, 0x00, 0x3C, 0x02, 0xFE, 0x00, 0x02, 0xF0, 0x0F, 0xFD, 0x55, 0x6F, 0xC3, 0xFF, 0xFF,
    0xFF, 0xFF, 0x0F, 0xFF, 0xFF, 0xFF, 0xF8, 0x00, 0x00, 0x00, 0x00, 0x00, 0x2A, 0xAA, 0xAA, 0xAA,
    0x83, 0xFF, 0xFF, 0xFF, 0xFD, 0x2B, 0xFF, 0xAA, 0xFF, 0xD0, 0x2F, 0xE0, 0x00, 0x3D, 0x02, 0xFE,
    0x00, 0x03, 0xD0, 0x1F, 0xE0, 0x00, 0x29, 0x01, 0xFE, 0x00, 0x00, 0x00, 0x1F, 0xE0, 0x00, 0x00,
    0x01, 0xFE, 0x00, 0x10, 0x00, 0x1F, 0xE0, 0x03, 0x80, 0x01, 0xFE, 0x00, 0x78, 0x00, 0x1F, 0xFF,
    0xFF, 0x80, 0x01, 0xFF, 0xFF, 0xF8, 0x00, 0x1F, 0xE5, 0x5B, 0xC0, 0x01, 0xFE, 0x00, 0x3C, 0x00,
    0x1F, 0xE0, 0x02, 0x40, 0x01, 0xFE, 0x00, 0x00, 0x00, 0x1F, 0xE0, 0x00, 0x00, 0x01, 0xFE, 0x00,
    0x00, 0x00, 0x1F, 0xE0, 0x00, 0x00, 0x02, 0xFE, 0x00, 0x00, 0x00, 0x3F, 0xF0, 0x00, 0x00, 0x3F,
    0xFF, 0xFC, 0x00, 0x03, 0xFF, 0xFF, 0xC0, 0x00, 0x00, 0x00, 0x00, 0x00, 0x00, 0x00, 0x01, 0xBF,
    0xFE, 0x90, 0x00, 0x1F, 0xFF, 0xFF, 0xFD, 0x00, 0xFF, 0xF9, 0x6B, 0xFC, 0x03, 0xFF, 0x40, 0x00,
    0xBC, 0x0B, 0xFC, 0x00, 0x00, 0x7C, 0x1F, 0xF4, 0x00, 0x00, 0x7C, 0x2F, 0xF0, 0x00, 0x00, 0x14,
    0x3F, 0xD0, 0x00, 0x00, 0x00, 0x7F, 0xC0, 0x00, 0x00, 0x00, 0xBF, 0xC0, 0x00, 0x00, 0x00, 0xBF,
    0xC0, 0x00, 0x00, 0x00, 0xFF, 0xC0, 0x00, 0x00, 0x00, 0xFF, 0xC0, 0x00, 0x6A, 0xA9, 0xBF, 0xC0,
    0x00, 0xBF, 0xFF, 0xBF, 0xC0, 0x00, 0xBF, 0xFF, 0x7F, 0xC0, 0x00, 0x00, 0xFF, 0x3F, 0xD0, 0x00,
    0x00, 0xFE, 0x3F, 0xE0, 0x00, 0x00, 0xFE, 0x2F, 0xF0, 0x00, 0x00, 0xFE, 0x0F, 0xF8, 0x00, 0x00,
    0xFE, 0x07, 0xFE, 0x00, 0x00, 0xFE, 0x01, 0xFF, 0xD0, 0x01, 0xFE, 0x00, 0x7F, 0xFF, 0xFF, 0xFE,
    0x00, 0x07, 0xFF, 0xFF, 0xF9, 0x00, 0x00, 0x15, 0x54, 0x00, 0x2A, 0xAA, 0xA0, 0x01, 0xAA, 0xAA,
    0x0F, 0xFF, 0xFC, 0x00, 0xFF, 0xFF, 0xD2, 0xBF, 0xFE, 0x00, 0x1B, 0xFF, 0xE4, 0x0B, 0xFC, 0x00,
    0x00, 0x7F, 0xC0, 0x02, 0xFE, 0x00, 0x00, 0x1F, 0xF0, 0x00, 0x7F, 0x80, 0x00, 0x03, 0xFC, 0x00,
    0x1F, 0xE0, 0x00, 0x00, 0xFF, 0x00, 0x07, 0xF8, 0x00, 0x00, 0x3F, 0xC0, 0x01, 0xFE, 0x00, 0x00,
    0x0F, 0xF0, 0x00, 0x7F, 0x80, 0x00, 0x03, 0xFC, 0x00, 0x1F, 0xE0, 0x00, 0x00, 0xFF, 0x00, 0x07,
    0xFF, 0xFF, 0xFF, 0xFF, 0xC0, 0x01, 0xFF, 0xFF, 0xFF, 0xFF, 0xF0, 0x00, 0x7F, 0xD5, 0x55, 0x5B,
    0xFC, 0x00, 0x1F, 0xE0, 0x00, 0x00, 0xFF, 0x00, 0x07, 0xF8, 0x00, 0x00, 0x3F, 0xC0, 0x01, 0xFE,
    0x00, 0x00, 0x0F, 0xF0, 0x00, 0x7F, 0x80, 0x00, 0x03, 0xFC, 0x00, 0x1F, 0xE0, 0x00, 0x00, 0xFF,
    0x00, 0x07, 0xF8, 0x00, 0x00, 0x7F, 0xC0, 0x02, 0xFE, 0x00, 0x00, 0x1F, 0xF0, 0x00, 0xFF, 0xC0,
    0x00, 0x0B, 0xFD, 0x03, 0xFF, 0xFF, 0x40, 0x3F, 0xFF, 0xF8, 0xFF, 0xFF, 0xD0, 0x0F, 0xFF, 0xFE,
    0x00, 0x00, 0x00, 0x00, 0x00, 0x00, 0x00, 0x2A, 0xAA, 0xA0, 0xFF, 0xFF, 0xC2, 0xBF, 0xFE, 0x00,
    0xBF, 0xC0, 0x02, 0xFE, 0x00, 0x07, 0xF8, 0x00, 0x1F, 0xE0, 0x00, 0x7F, 0x80, 0x01, 0xFE, 0x00,
    0x07, 0xF8, 0x00, 0x1F, 0xE0, 0x00, 0x7F, 0x80, 0x01, 0xFE, 0x00, 0x07, 0xF8, 0x00, 0x1F, 0xE0,
    0x00, 0x7F, 0x80, 0x01, 0xFE, 0x00, 0x07, 0xF8, 0x00, 0x1F, 0xE0, 0x00, 0x7F, 0x80, 0x02, 0xFE,
    0x00, 0x0F, 0xFC, 0x03, 0xFF, 0xFF, 0x4F, 0xFF, 0xFD, 0x00, 0x00, 0x00, 0x6A, 0xAA, 0x97, 0xFF,
    0xFF, 0x6F, 0xFF, 0xA0, 0x3F, 0xD0, 0x03, 0xFC, 0x00, 0x3F, 0xC0, 0x03, 0xFC, 0x00, 0x3F, 0xC0,
    0x03, 0xFC, 0x00, 0x3F, 0xC0, 0x03, 0xFC, 0x00, 0x3F, 0xC0, 0x03, 0xFC, 0x00, 0x3F, 0xC0, 0x03,
    0xFC, 0x00, 0x3F, 0xC0, 0x03, 0xFC, 0x00, 0x3F, 0xC0, 0x03, 0xFC, 0x00, 0x3F, 0xC0, 0x03, 0xFC,
    0x00, 0x3F, 0xC0, 0x03, 0xFC, 0x00, 0x3F, 0xC0, 0x03, 0xFC, 0x00, 0xBF, 0x40, 0x0F, 0xE0, 0x01,
    0xFC, 0x00, 0x3F, 0x00, 0x07, 0xC0, 0x00, 0x10, 0x00, 0x00, 0x2A, 0xAA, 0xA0, 0x1A, 0xAA, 0x90,
    0x3F, 0xFF, 0xF0, 0x2F, 0xFF, 0xE0, 0x2B, 0xFF, 0xE0, 0x1F, 0xFF, 0x90, 0x02, 0xFF, 0x00, 0x0B,
    0xFC, 0x00, 0x02, 0xFE, 0x00, 0x1F, 0xE0, 0x00, 0x01, 0xFE, 0x00, 0x3F, 0x80, 0x00, 0x01, 0xFE,
    0x00, 0xFF, 0x00, 0x00, 0x01, 0xFE, 0x02, 0xFC, 0x00, 0x00, 0x01, 0xFE, 0x07, 0xF4, 0x00, 0x00,
    0x01, 0xFE, 0x0F, 0xE0, 0x00, 0x00, 0x01, 0xFE, 0x3F, 0xC0, 0x00, 0x00, 0x01, 0xFE, 0xBF, 0x40,
    0x00, 0x00, 0x01, 0xFE, 0xFF, 0xC0, 0x00, 0x00, 0x01, 0xFE, 0x3F, 0xE0, 0x00, 0x00, 0x01, 0xFE,
    0x1F, 0xF8, 0x00, 0x00, 0x01, 0xFE, 0x07, 0xFD, 0x00, 0x00, 0x01, 0xFE, 0x02, 0xFF, 0x40, 0x00,
    0x01, 0xFE, 0x00, 0xFF, 0xC0, 0x00, 0x01, 0xFE, 0x00, 0x3F, 0xF0, 0x00, 0x01, 0xFE, 0x00, 0x0F,
    0xFC, 0x00, 0x02, 0xFE, 0x00, 0x0B, 0xFF, 0x00, 0x03, 0xFF, 0x00, 0x03, 0xFF, 0xD0, 0x3F, 0xFF,
    0xF4, 0x1F, 0xFF, 0xFD, 0x3F, 0xFF, 0xF4, 0x1F, 0xFF, 0xFC, 0x00, 0x00, 0x00, 0x00, 0x00, 0x00,
    0x2A, 0xAA, 0xA4, 0x00, 0x03, 0xFF, 0xFF, 0x80, 0x00, 0x2B, 0xFF, 0xE4, 0x00, 0x00, 0x2F, 0xF0,
    0x00, 0x00, 0x02, 0xFE, 0x00, 0x00, 0x00, 0x1F, 0xE0, 0x00, 0x00, 0x01, 0xFE, 0x00, 0x00, 0x00,
    0x1F, 0xE0, 0x00, 0x00, 0x01, 0xFE, 0x00, 0x00, 0x00, 0x1F, 0xE0, 0x00, 0x00, 0x01, 0xFE, 0x00,
    0x00, 0x00, 0x1F, 0xE0, 0x00, 0x00, 0x01, 0xFE, 0x00, 0x00, 0x00, 0x1F, 0xE0, 0x00, 0x00, 0x01,
    0xFE, 0x00, 0x00, 0x00, 0x1F, 0xE0, 0x00, 0x00, 0x01, 0xFE, 0x00, 0x00, 0x00, 0x1F, 0xE0, 0x00,
    0x00, 0x01, 0xFE, 0x00, 0x03, 0xC0, 0x1F, 0xE0, 0x00, 0x3C, 0x02, 0xFE, 0x00, 0x07, 0xC0, 0x3F,
    0xF5, 0x56, 0xFC, 0x3F, 0xFF, 0xFF, 0xFF, 0xC3, 0xFF, 0xFF, 0xFF, 0xF8, 0x00, 0x00, 0x00, 0x00,
    0x00, 0x0A, 0xAA, 0x80, 0x00, 0x00, 0x0A, 0xAA, 0x40, 0x3F, 0xFF, 0xC0, 0x00, 0x00, 0xFF, 0xFE,
    0x00, 0xAF, 0xFF, 0x40, 0x00, 0x03, 0xFF, 0xE8, 0x00, 0x2F, 0xFE, 0x00, 0x00, 0x2F, 0xFD, 0x00,
    0x00, 0xBF, 0xFC, 0x00, 0x00, 0xFF, 0xF4, 0x00, 0x02, 0xFF, 0xF0, 0x00, 0x03, 0xFF, 0xD0, 0x00,
    0x0B, 0xEF, 0xE0, 0x00, 0x2F, 0xBF, 0x40, 0x00, 0x2F, 0x3F, 0xC0, 0x00, 0xFC, 0xFD, 0x00, 0x00,
    0xFC, 0xBF, 0x40, 0x07, 0xE3, 0xF4, 0x00, 0x03, 0xF1, 0xFE, 0x00, 0x2F, 0x4F, 0xE0, 0x00, 0x0F,
    0xC3, 0xFC, 0x00, 0xFC, 0x3F, 0x80, 0x00, 0x3F, 0x0B, 0xF4, 0x07, 0xE0, 0xFE, 0x00, 0x00, 0xFC,
    0x1F, 0xE0, 0x2F, 0x03, 0xFC, 0x00, 0x03, 0xF0, 0x3F, 0xC0, 0xFC, 0x0F, 0xF0, 0x00, 0x0F, 0x80,
    0xBF, 0x47, 0xD0, 0x3F, 0xC0, 0x00, 0x3E, 0x00, 0xFF, 0x3F, 0x00, 0xBF, 0x00, 0x00, 0xF8, 0x03,
    0xFD, 0xF8, 0x02, 0xFC, 0x00, 0x07, 0xE0, 0x07, 0xFF, 0xD0, 0x0B, 0xF0, 0x00, 0x1F, 0x40, 0x0F,
    0xFF, 0x00, 0x2F, 0xD0, 0x00, 0x7E, 0x00, 0x2F, 0xF8, 0x00, 0xBF, 0x40, 0x02, 0xF8, 0x00, 0x7F,
    0xC0, 0x02, 0xFE, 0x00, 0x0F, 0xE0, 0x00, 0xFF, 0x00, 0x0B, 0xFC, 0x07, 0xFF, 0xFC, 0x02, 0xF4,
    0x03, 0xFF, 0xFF, 0x5F, 0xFF, 0xF0, 0x07, 0xC0, 0x0F, 0xFF, 0xFC, 0x00, 0x00, 0x00, 0x00, 0x00,
    0x00, 0x00, 0x00, 0x2A, 0xA8, 0x00, 0x00, 0x6A, 0xAA, 0x4F, 0xFF, 0xC0, 0x00, 0x3F, 0xFF, 0xE2,
    0xBF, 0xF4, 0x00, 0x06, 0xFF, 0xE4, 0x0B, 0xFF, 0x00, 0x00, 0x1F, 0xC0, 0x02, 0xFF, 0xE0, 0x00,
    0x07, 0xF0, 0x00, 0x7F, 0xFD, 0x00, 0x00, 0xFC, 0x00, 0x1F, 0xFF, 0xC0, 0x00, 0x3F, 0x00, 0x07,
    0xFF, 0xF8, 0x00, 0x0F, 0xC0, 0x01, 0xF9, 0xFF, 0x40, 0x03, 0xF0, 0x00, 0x7E, 0x2F, 0xF0, 0x00,
    0xFC, 0x00, 0x1F, 0x83, 0xFF, 0x00, 0x3F, 0x00, 0x07, 0xE0, 0x3F, 0xE0, 0x0F, 0xC0, 0x01, 0xF8,
    0x07, 0xFC, 0x03, 0xF0, 0x00, 0x7E, 0x00, 0xBF, 0xC0, 0xFC, 0x00, 0x1F, 0x80, 0x0F, 0xF8, 0x3F,
    0x00, 0x07, 0xE0, 0x01, 0xFF, 0x4F, 0xC0, 0x01, 0xF8, 0x00, 0x2F, 0xF7, 0xF0, 0x00, 0x7E, 0x00,
    0x03, 0xFF, 0xFC, 0x00, 0x1F, 0x80, 0x00, 0x3F, 0xFF, 0x00, 0x07, 0xF0, 0x00, 0x07, 0xFF, 0xC0,
    0x02, 0xFC, 0x00, 0x00, 0xBF, 0xF0, 0x00, 0xFF, 0x00, 0x00, 0x0F, 0xFC, 0x03, 0xFF, 0xFD, 0x00,
    0x01, 0xFF, 0x00, 0xFF, 0xFF, 0x40, 0x00, 0x2F, 0xC0, 0x00, 0x00, 0x00, 0x00, 0x00, 0x00, 0x00,
    0x00, 0x01, 0xBF, 0xF9, 0x00, 0x00, 0x00, 0x7F, 0xFF, 0xFF, 0x80, 0x00, 0x0F, 0xFF, 0x9A, 0xFF,
    0xC0, 0x00, 0xFF, 0xC0, 0x00, 0xFF, 0xC0, 0x0B, 0xFC, 0x00, 0x00, 0xFF, 0xC0, 0x3F, 0xD0, 0x00,
    0x00, 0xFF, 0x42, 0xFF, 0x00, 0x00, 0x02, 0xFF, 0x0F, 0xF8, 0x00, 0x00, 0x07, 0xFD, 0x7F, 0xD0,
    0x00, 0x00, 0x0F, 0xFA, 0xFF, 0x00, 0x00, 0x00, 0x3F, 0xFB, 0xFC, 0x00, 0x00, 0x00, 0xFF, 0xEF,
    0xF0, 0x00, 0x00, 0x02, 0xFF, 0xFF, 0xC0, 0x00, 0x00, 0x0B, 0xFE, 0xFF, 0x00, 0x00, 0x00, 0x2F,
    0xFB, 0xFC, 0x00, 0x00, 0x00, 0xFF, 0xDF, 0xF0, 0x00, 0x00, 0x03, 0xFE, 0x3F, 0xD0, 0x00, 0x00,
    0x0F, 0xF4, 0xFF, 0x80, 0x00, 0x00, 0x7F, 0xC1, 0xFF, 0x00, 0x00, 0x03, 0xFE, 0x03, 0xFE, 0x00,
    0x00, 0x1F, 0xF0, 0x07, 0xFD, 0x00, 0x01, 0xFF, 0x80, 0x07, 0xFE, 0x40, 0x2F, 0xF8, 0x00, 0x07,
    0xFF, 0xFF, 0xFF, 0x40, 0x00, 0x02, 0xFF, 0xFF, 0xE0, 0x00, 0x00, 0x00, 0x15, 0x50, 0x00, 0x00,
    0x2A, 0xAA, 0xAA, 0x90, 0x00, 0xFF, 0xFF, 0xFF, 0xF8, 0x02, 0xBF, 0xFA, 0xBF, 0xFC, 0x00, 0xBF,
    0x80, 0x1F, 0xF8, 0x02, 0xFE, 0x00, 0x1F, 0xF0, 0x07, 0xF8, 0x00, 0x3F, 0xD0, 0x1F, 0xE0, 0x00,
    0xBF, 0x80, 0x7F, 0x80, 0x02, 0xFE, 0x01, 0xFE, 0x00, 0x0B, 0xF8, 0x07, 0xF8, 0x00, 0x3F, 0xD0,
    0x1F, 0xE0, 0x01, 0xFF, 0x00, 0x7F, 0x80, 0x1F, 0xF0, 0x01, 0xFF, 0xAB, 0xFF, 0x40, 0x07, 0xFF,
    0xFF, 0xE0, 0x00, 0x1F, 0xFA, 0x94, 0x00, 0x00, 0x7F, 0x80, 0x00, 0x00, 0x01, 0xFE, 0x00, 0x00,
    0x00, 0x07, 0xF8, 0x00, 0x00, 0x00, 0x1F, 0xE0, 0x00, 0x00, 0x00, 0x7F, 0x80, 0x00, 0x00, 0x02,
    0xFE, 0x00, 0x00, 0x00, 0x0F, 0xFD, 0x00, 0x00, 0x03, 0xFF, 0xFF, 0x80, 0x00, 0x0F, 0xFF, 0xFE,
    0x00, 0x00, 0x00, 0x00, 0x00, 0x00, 0x00, 0x00, 0x01, 0xBF, 0xF9, 0x00, 0x00, 0x00, 0x1F, 0xFF,
    0xFF, 0xE0, 0x00, 0x00, 0xFF, 0xF9, 0xAF, 0xFC, 0x00, 0x03, 0xFF, 0x00, 0x03, 0xFF, 0x00, 0x0B,
    0xFC, 0x00, 0x00, 0xFF, 0xC0, 0x1F, 0xF4, 0x00, 0x00, 0x3F, 0xD0, 0x2F, 0xF0, 0x00, 0x00, 0x2F,
    0xF0, 0x3F, 0xD0, 0x00, 0x00, 0x1F, 0xF0, 0x7F, 0xC0, 0x00, 0x00, 0x0F, 0xF8, 0xBF, 0xC0, 0x00,
    0x00, 0x0F, 0xF8, 0xBF, 0xC0, 0x00, 0x00, 0x0F, 0xFC, 0xFF, 0xC0, 0x00, 0x00, 0x0B, 0xFC, 0xFF,
    0xC0, 0x00, 0x00, 0x0B, 0xFC, 0xFF, 0xC0, 0x00, 0x00, 0x0B, 0xFC, 0xBF, 0xC0, 0x00, 0x00, 0x0F,
    0xFC, 0x7F, 0xC0, 0x00, 0x00, 0x0F, 0xF8, 0x7F, 0xD0, 0x00, 0x00, 0x0F, 0xF4, 0x3F, 0xE0, 0x00,
    0x00, 0x1F, 0xF0, 0x2F, 0xF0, 0x00, 0x00, 0x3F, 0xE0, 0x0F, 0xF8, 0x00, 0x00, 0x7F, 0xC0, 0x07,
    0xFD, 0x00, 0x01, 0xFF, 0x40, 0x01, 0xFF, 0x90, 0x0B, 0xFE, 0x00, 0x00, 0x7F, 0xFF, 0xFF, 0xF4,
    0x00, 0x00, 0x0B, 0xFF, 0xFF, 0x80, 0x00, 0x00, 0x00, 0x15, 0xBF, 0xC0, 0x00, 0x00, 0x00, 0x00,
    0x1F, 0xF8, 0x00, 0x00, 0x00, 0x00, 0x03, 0xFF, 0x80, 0x00, 0x00, 0x00, 0x00, 0xBF, 0xF9, 0x00,
    0x00, 0x00, 0x00, 0x1F, 0xFE, 0x00, 0x00, 0x00, 0x00, 0x03, 0xFC, 0x00, 0x00, 0x00, 0x00, 0x00,
    0xB0, 0x00, 0x00, 0x00, 0x00, 0x00, 0x00, 0x2A, 0xAA, 0xAA, 0x90, 0x00, 0x0F, 0xFF, 0xFF, 0xFF,
    0x80, 0x02, 0xBF, 0xFA, 0xBF, 0xF8, 0x00, 0x0B, 0xF8, 0x01, 0xFF, 0x80, 0x02, 0xFE, 0x00, 0x1F,
    0xF0, 0x00, 0x7F, 0x80, 0x03, 0xFD, 0x00, 0x1F, 0xE0, 0x00, 0xFF, 0x40, 0x07, 0xF8, 0x00, 0x2F,
    0xD0, 0x01, 0xFE, 0x00, 0x0F, 0xF4, 0x00, 0x7F, 0x80, 0x03, 0xFC, 0x00, 0x1F, 0xE0, 0x02, 0xFE,
    0x00, 0x07, 0xF8, 0x03, 0xFF, 0x00, 0x01, 0xFF, 0xFF, 0xFE, 0x00, 0x00, 0x7F, 0xFF, 0xFD, 0x00,
    0x00, 0x1F, 0xE5, 0xFF, 0x40, 0x00, 0x07, 0xF8, 0x0F, 0xF0, 0x00, 0x01, 0xFE, 0x02, 0xFE, 0x00,
    0x00, 0x7F, 0x80, 0x3F, 0xC0, 0x00, 0x1F, 0xE0, 0x0B, 0xFC, 0x00, 0x07, 0xF8, 0x00, 0xFF, 0x40,
    0x02, 0xFE, 0x00, 0x2F, 0xF0, 0x00, 0xFF, 0xC0, 0x03, 0xFE, 0x03, 0xFF, 0xFF, 0x00, 0xBF, 0xFC,
    0xFF, 0xFF, 0xC0, 0x0F, 0xFF, 0x00, 0x00, 0x00, 0x00, 0x00, 0x00, 0x00, 0x6F, 0xFE, 0x50, 0x00,
    0xFF, 0xFF, 0xFF, 0x00, 0xFF, 0xE5, 0xBF, 0xC0, 0xBF, 0x80, 0x03, 0xF0, 0x3F, 0xC0, 0x00, 0xBC,
    0x1F, 0xF0, 0x00, 0x2F, 0x07, 0xFC, 0x00, 0x06, 0x80, 0xFF, 0x80, 0x00, 0x00, 0x3F, 0xF8, 0x00,
    0x00, 0x0B, 0xFF, 0xD0, 0x00, 0x00, 0xBF, 0xFF, 0x40, 0x00, 0x0B, 0xFF, 0xFD, 0x00, 0x00, 0x7F,
    0xFF, 0xE0, 0x00, 0x01, 0xFF, 0xFE, 0x00, 0x00, 0x07, 0xFF, 0xD0, 0x00, 0x00, 0x3F, 0xFC, 0x00,
    0x00, 0x03, 0xFF, 0x0F, 0x00, 0x00, 0x7F, 0xC7, 0xD0, 0x00, 0x1F, 0xF1, 0xF4, 0x00, 0x07, 0xFC,
    0x7E, 0x00, 0x03, 0xFD, 0x2F, 0xE4, 0x07, 0xFF, 0x0B, 0xFF, 0xFF, 0xFF, 0x00, 0x6F, 0xFF, 0xFD,
    0x00, 0x00, 0x15, 0x50, 0x00, 0x00, 0x1A, 0xAA, 0xAA, 0xAA, 0xAA, 0x0F, 0xFF, 0xFF, 0xFF, 0xFF,
    0xD3, 0xFF, 0xAF, 0xFE, 0xAF, 0xF4, 0xF8, 0x02, 0xFF, 0x00, 0x7D, 0x3D, 0x00, 0x7F, 0xC0, 0x0F,
    0x4F, 0x00, 0x1F, 0xE0, 0x03, 0xD2, 0x80, 0x07, 0xF8, 0x00, 0xA4, 0x00, 0x01, 0xFE, 0x00, 0x00,
    0x00, 0x00, 0x7F, 0x80, 0x00, 0x00, 0x00, 0x1F, 0xE0, 0x00, 0x00, 0x00, 0x07, 0xF8, 0x00, 0x00,
    0x00, 0x01, 0xFE, 0x00, 0x00, 0x00, 0x00, 0x7F, 0x80, 0x00, 0x00, 0x00, 0x1F, 0xE0, 0x00, 0x00,
    0x00, 0x07, 0xF8, 0x00, 0x00, 0x00, 0x01, 0xFE, 0x00, 0x00, 0x00, 0x00, 0x7F, 0x80, 0x00, 0x00,
    0x00, 0x1F, 0xE0, 0x00, 0x00, 0x00, 0x07, 0xF8, 0x00, 0x00, 0x00, 0x01, 0xFE, 0x00, 0x00, 0x00,
    0x00, 0x7F, 0xC0, 0x00, 0x00, 0x00, 0x2F, 0xF4, 0x00, 0x00, 0x01, 0xFF, 0xFF, 0xF0, 0x00, 0x00,
    0x7F, 0xFF, 0xFC, 0x00, 0x00, 0x00, 0x00, 0x00, 0x00, 0x00, 0x6A, 0xAA, 0xA0, 0x01, 0xAA, 0xAA,
    0x1F, 0xFF, 0xFC, 0x00, 0xBF, 0xFF, 0xC6, 0xFF, 0xFE, 0x00, 0x1B, 0xFF, 0xE0, 0x0F, 0xF4, 0x00,
    0x00, 0x3F, 0x80, 0x03, 0xFD, 0x00, 0x00, 0x0F, 0xD0, 0x00, 0xFF, 0x40, 0x00, 0x03, 0xF4, 0x00,
    0x3F, 0xD0, 0x00, 0x00, 0xFD, 0x00, 0x0F, 0xF4, 0x00, 0x00, 0x3F, 0x40, 0x03, 0xFD, 0x00, 0x00,
    0x0F, 0xD0, 0x00, 0xFF, 0x40, 0x00, 0x03, 0xF4, 0x00, 0x3F, 0xD0, 0x00, 0x00, 0xFD, 0x00, 0x0F,
    0xF4, 0x00, 0x00, 0x3F, 0x40, 0x03, 0xFD, 0x00, 0x00, 0x0F, 0xD0, 0x00, 0xFF, 0x40, 0x00, 0x03,
    0xF4, 0x00, 0x3F, 0xD0, 0x00, 0x00, 0xFD, 0x00, 0x0F, 0xF4, 0x00, 0x00, 0x3F, 0x40, 0x03, 0xFD,
    0x00, 0x00, 0x0F, 0xD0, 0x00, 0xBF, 0x80, 0x00, 0x07, 0xF0, 0x00, 0x1F, 0xF0, 0x00, 0x02, 0xFC,
    0x00, 0x03, 0xFD, 0x00, 0x00, 0xFE, 0x00, 0x00, 0xBF, 0xD0, 0x00, 0xFF, 0x00, 0x00, 0x0F, 0xFF,
    0x96, 0xFF, 0x40, 0x00, 0x00, 0xFF, 0xFF, 0xFF, 0x40, 0x00, 0x00, 0x07, 0xFF, 0xFE, 0x00, 0x00,
    0x00, 0x00, 0x05, 0x54, 0x00, 0x00, 0x00, 0x6A, 0xAA, 0xA0, 0x02, 0xAA, 0xA9, 0xFF, 0xFF, 0xC0,
    0x1F, 0xFF, 0xF6, 0xFF, 0xFE, 0x00, 0x2F, 0xFF, 0x81, 0xFF, 0x40, 0x00, 0x0F, 0xF0, 0x03, 0xFE,
    0x00, 0x00, 0x3F, 0x40, 0x07, 0xFC, 0x00, 0x01, 0xFC, 0x00, 0x0F, 0xF0, 0x00, 0x0B, 0xE0, 0x00,
    0x2F, 0xE0, 0x00, 0x3F, 0x00, 0x00, 0x7F, 0xC0, 0x01, 0xFC, 0x00, 0x00, 0xFF, 0x00, 0x0B, 0xE0,
    0x00, 0x02, 0xFE, 0x00, 0x3F, 0x00, 0x00, 0x03, 0xFC, 0x01, 0xFC, 0x00, 0x00, 0x0F, 0xF4, 0x0F,
    0xD0, 0x00, 0x00, 0x1F, 0xE0, 0x3F, 0x00, 0x00, 0x00, 0x3F, 0xC1, 0xF8, 0x00, 0x00, 0x00, 0xBF,
    0x4F, 0xD0, 0x00, 0x00, 0x01, 0xFE, 0x3F, 0x00, 0x00, 0x00, 0x03, 0xFE, 0xF8, 0x00, 0x00, 0x00,
    0x0B, 0xFF, 0xD0, 0x00, 0x00, 0x00, 0x0F, 0xFF, 0x00, 0x00, 0x00, 0x00, 0x3F, 0xF8, 0x00, 0x00,
    0x00, 0x00, 0x7F, 0xC0, 0x00, 0x00, 0x00, 0x00, 0xFF, 0x00, 0x00, 0x00, 0x00, 0x02, 0xF8, 0x00,
    0x00, 0x6A, 0xAA, 0x90, 0x00, 0x00, 0x00, 0x0A, 0xAA, 0x97, 0xFF, 0xFE, 0x00, 0x0A, 0x80, 0x01,
    0xFF, 0xFE, 0x6F, 0xFF, 0xE0, 0x01, 0xFC, 0x00, 0x0B, 0xFF, 0x90, 0x7F, 0xD0, 0x00, 0x2F, 0xD0,
    0x00, 0x0F, 0xE0, 0x03, 0xFD, 0x00, 0x03, 0xFF, 0x00, 0x01, 0xFC, 0x00, 0x2F, 0xE0, 0x00, 0x3F,
    0xF0, 0x00, 0x2F, 0x80, 0x01, 0xFF, 0x00, 0x07, 0xFF, 0x40, 0x03, 0xF4, 0x00, 0x0F, 0xF4, 0x00,
    0xBF, 0xF8, 0x00, 0x3F, 0x00, 0x00, 0xBF, 0x80, 0x0F, 0xFF, 0xC0, 0x07, 0xE0, 0x00, 0x07, 0xFC,
    0x01, 0xFA, 0xFC, 0x00, 0xFD, 0x00, 0x00, 0x3F, 0xC0, 0x2F, 0x4F, 0xE0, 0x0F, 0xC0, 0x00, 0x02,
    0xFD, 0x03, 0xF0, 0xFF, 0x01, 0xF8, 0x00, 0x00, 0x1F, 0xE0, 0x3F, 0x0B, 0xF0, 0x2F, 0x40, 0x00,
    0x00, 0xFF, 0x07, 0xD0, 0x7F, 0x43, 0xF0, 0x00, 0x00, 0x0B, 0xF0, 0xBC, 0x03, 0xF8, 0x3F, 0x00,
    0x00, 0x00, 0x7F, 0x4F, 0xC0, 0x2F, 0xC7, 0xE0, 0x00, 0x00, 0x03, 0xF9, 0xF8, 0x01, 0xFD, 0xBC,
    0x00, 0x00, 0x00, 0x2F, 0xEF, 0x00, 0x0F, 0xEF, 0xC0, 0x00, 0x00, 0x01, 0xFF, 0xF0, 0x00, 0xBF,
    0xF8, 0x00, 0x00, 0x00, 0x0F, 0xFE, 0x00, 0x07, 0xFF, 0x40, 0x00, 0x00, 0x00, 0xBF, 0xD0, 0x00,
    0x3F, 0xF0, 0x00, 0x00, 0x00, 0x07, 0xFC, 0x00, 0x03, 0xFE, 0x00, 0x00, 0x00, 0x00, 0x3F, 0x80,
    0x00, 0x1F, 0xD0, 0x00, 0x00, 0x00, 0x03, 0xF4, 0x00, 0x00, 0xFC, 0x00, 0x00, 0x1A, 0xAA, 0xA4,
    0x06, 0xAA, 0xA8, 0x3F, 0xFF, 0xF8, 0x0B, 0xFF, 0xFC, 0x1B, 0xFF, 0xE4, 0x06, 0xFF, 0xF8, 0x01,
    0xFF, 0xC0, 0x00, 0xFF, 0x00, 0x00, 0xBF, 0xD0, 0x02, 0xFC, 0x00, 0x00, 0x3F, 0xF0, 0x03, 0xF0,
    0x00, 0x00, 0x0F, 0xF8, 0x0F, 0xD0, 0x00, 0x00, 0x0B, 0xFC, 0x1F, 0xC0, 0x00, 0x00, 0x03, 0xFF,
    0x3F, 0x00, 0x00, 0x00, 0x00, 0xFF, 0xFD, 0x00, 0x00, 0x00, 0x00, 0x7F, 0xFC, 0x00, 0x00, 0x00,
    0x00, 0x2F, 0xF4, 0x00, 0x00, 0x00, 0x00, 0x1F, 0xFC, 0x00, 0x00, 0x00, 0x00, 0x3F, 0xFE, 0x00,
    0x00, 0x00, 0x00, 0xBF, 0xFF, 0x00, 0x00, 0x00, 0x01, 0xFC, 0xFF, 0xC0, 0x00, 0x00, 0x03, 0xF4,
    0x3F, 0xE0, 0x00, 0x00, 0x0B, 0xE0, 0x1F, 0xF4, 0x00, 0x00, 0x1F, 0xC0, 0x0B, 0xFC, 0x00, 0x00,
    0x3F, 0x40, 0x03, 0xFF, 0x00, 0x00, 0xFE, 0x00, 0x01, 0xFF, 0x80, 0x03, 0xFE, 0x00, 0x00, 0xFF,
    0xE4, 0x3F, 0xFF, 0xC0, 0x07, 0xFF, 0xFF, 0x3F, 0xFF, 0xC0, 0x0B, 0xFF, 0xFE, 0x00, 0x00, 0x00,
    0x00, 0x00, 0x00, 0x6A, 0xAA, 0x90, 0x06, 0xAA, 0xA5, 0xFF, 0xFF, 0xC0, 0x2F, 0xFF, 0xE6, 0xFF,
    0xFE, 0x00, 0x6F, 0xFE, 0x40, 0xFF, 0xC0, 0x00, 0x2F, 0xC0, 0x00, 0xFF, 0x00, 0x00, 0xFD, 0x00,
    0x02, 0xFE, 0x00, 0x0B, 0xF0, 0x00, 0x03, 0xFC, 0x00, 0x3F, 0x00, 0x00, 0x0B, 0xF8, 0x02, 0xF8,
    0x00, 0x00, 0x0F, 0xF0, 0x0F, 0xC0, 0x00, 0x00, 0x1F, 0xE0, 0xBE, 0x00, 0x00, 0x00, 0x3F, 0xC3,
    0xF0, 0x00, 0x00, 0x00, 0x7F, 0xAF, 0x80, 0x00, 0x00, 0x00, 0xFF, 0xFC, 0x00, 0x00, 0x00, 0x01,
    0xFF, 0xE0, 0x00, 0x00, 0x00, 0x03, 0xFF, 0x00, 0x00, 0x00, 0x00, 0x07, 0xF8, 0x00, 0x00, 0x00,
    0x00, 0x1F, 0xE0, 0x00, 0x00, 0x00, 0x00, 0x7F, 0x80, 0x00, 0x00, 0x00, 0x01, 0xFE, 0x00, 0x00,
    0x00, 0x00, 0x07, 0xFC, 0x00, 0x00, 0x00, 0x00, 0x1F, 0xF0, 0x00, 0x00, 0x00, 0x00, 0xBF, 0xD0,
    0x00, 0x00, 0x00, 0x3F, 0xFF, 0xF8, 0x00, 0x00, 0x00, 0xFF, 0xFF, 0xD0, 0x00, 0x00, 0x00, 0x00,
    0x00, 0x00, 0x00, 0x3A, 0xAA, 0xAA, 0xAA, 0x47, 0xFF, 0xFF, 0xFF, 0xFC, 0x7F, 0xFF, 0xFF, 0xFF,
    0xC7, 0xD0, 0x00, 0x1F, 0xF8, 0x7C, 0x00, 0x03, 0xFF, 0x0B, 0xC0, 0x00, 0x7F, 0xC0, 0x64, 0x00,
    0x0F, 0xF8, 0x00, 0x00, 0x02, 0xFF, 0x00, 0x00, 0x00, 0x3F, 0xD0, 0x00, 0x00, 0x0F, 0xF8, 0x00,
    0x00, 0x01, 0xFF, 0x00, 0x00, 0x00, 0x3F, 0xD0, 0x00, 0x00, 0x0B, 0xFC, 0x00, 0x00, 0x01, 0xFF,
    0x00, 0x00, 0x00, 0x3F, 0xE0, 0x00, 0x00, 0x0B, 0xFC, 0x00, 0x00, 0x00, 0xFF, 0x40, 0x00, 0x00,
    0x3F, 0xE0, 0x00, 0x04, 0x0B, 0xFC, 0x00, 0x02, 0xE0, 0xFF, 0x80, 0x00, 0x3D, 0x3F, 0xF0, 0x00,
    0x03, 0xDB, 0xFF, 0x55, 0x56, 0xFC, 0xBF, 0xFF, 0xFF, 0xFF, 0xCB, 0xFF, 0xFF, 0xFF, 0xFC, 0x00,
    0x00, 0x00, 0x00, 0x00, 0x1A, 0xAA, 0x7F, 0xFF, 0x7F, 0xA5, 0x7F, 0x00, 0x7F, 0x00, 0x7F, 0x00,
    0x7F, 0x00, 0x7F, 0x00, 0x7F, 0x00, 0x7F, 0x00, 0x7F, 0x00, 0x7F, 0x00, 0x7F, 0x00, 0x7F, 0x00,
    0x7F, 0x00, 0x7F, 0x00, 0x7F, 0x00, 0x7F, 0x00, 0x7F, 0x00, 0x7F, 0x00, 0x7F, 0x00, 0x7F, 0x00,
    0x7F, 0x00, 0x7F, 0x00, 0x7F, 0x00, 0x7F, 0x00, 0x7F, 0x00, 0x7F, 0x00, 0x7F, 0x00, 0x7F, 0xA5,
    0x7F, 0xFF, 0x15, 0xA9, 0x09, 0x00, 0x00, 0x07, 0xE0, 0x00, 0x00, 0x3F, 0x00, 0x00, 0x02, 0xF4,
    0x00, 0x00, 0x0F, 0xC0, 0x00, 0x00, 0xFC, 0x00, 0x00, 0x07, 0xE0, 0x00, 0x00, 0x3F, 0x00, 0x00,
    0x02, 0xF4, 0x00, 0x00, 0x1F, 0xC0, 0x00, 0x00, 0xFC, 0x00, 0x00, 0x0B, 0xE0, 0x00, 0x00, 0x3F,
    0x00, 0x00, 0x03, 0xF4, 0x00, 0x00, 0x1F, 0x80, 0x00, 0x00, 0xFC, 0x00, 0x00, 0x0B, 0xD0, 0x00,
    0x00, 0x7F, 0x00, 0x00, 0x03, 0xF0, 0x00, 0x00, 0x2F, 0x80, 0x00, 0x00, 0xFC, 0x00, 0x00, 0x0F,
    0xD0, 0x00, 0x00, 0x7E, 0x00, 0x00, 0x03, 0xF0, 0x00, 0x00, 0x2F, 0x40, 0x00, 0x01, 0xFC, 0x00,
    0x00, 0x0F, 0xC0, 0x00, 0x00, 0xB8, 0x00, 0x00, 0x00, 0x00, 0x2A, 0xA9, 0x0F, 0xFF, 0xC1, 0x6F,
    0xF0, 0x01, 0xFC, 0x00, 0x3F, 0x00, 0x0F, 0xC0, 0x03, 0xF0, 0x00, 0xFC, 0x00, 0x3F, 0x00, 0x0F,
    0xC0, 0x03, 0xF0, 0x00, 0xFC, 0x00, 0x3F, 0x00, 0x0F, 0xC0, 0x03, 0xF0, 0x00, 0xFC, 0x00, 0x3F,
    0x00, 0x0F, 0xC0, 0x03, 0xF0, 0x00, 0xFC, 0x00, 0x3F, 0x00, 0x0F, 0xC0, 0x03, 0xF0, 0x00, 0xFC,
    0x00, 0x3F, 0x00, 0x0F, 0xC0, 0x03, 0xF0, 0x00, 0xFC, 0x00, 0x7F, 0x05, 0xBF, 0xC3, 0xFF, 0xF0,
    0xA9, 0x54, 0x00, 0x00, 0x04, 0x00, 0x00, 0x00, 0x00, 0x2C, 0x00, 0x00, 0x00, 0x00, 0x3D, 0x00,
    0x00, 0x00, 0x00, 0xBF, 0x00, 0x00, 0x00, 0x00, 0xFF, 0x40, 0x00, 0x00, 0x01, 0xFF, 0xC0, 0x00,
    0x00, 0x03, 0xFB, 0xD0, 0x00, 0x00, 0x07, 0xD3, 0xF0, 0x00, 0x00, 0x0F, 0xC2, 0xF4, 0x00, 0x00,
    0x1F, 0x80, 0xFC, 0x00, 0x00, 0x3F, 0x00, 0xFD, 0x00, 0x00, 0x7E, 0x00, 0x7F, 0x00, 0x00, 0xFC,
    0x00, 0x3F, 0x40, 0x01, 0xF8, 0x00, 0x1F, 0x80, 0x03, 0xF4, 0x00, 0x0F, 0xC0, 0x07, 0xF0, 0x00,
    0x07, 0xE0, 0x0F, 0xD0, 0x00, 0x03, 0xF0, 0x1F, 0xC0, 0x00, 0x02, 0xF8, 0x3F, 0x40, 0x00, 0x00,
    0xFC, 0x2F, 0x00, 0x00, 0x00, 0xBD, 0x00, 0x00, 0x00, 0x00, 0x00, 0x00, 0x00, 0x00, 0x00, 0x0B,
    0xFF, 0xFF, 0xFF, 0xFC, 0x7F, 0xFF, 0xFF, 0xFF, 0xC6, 0xAA, 0xAA, 0xAA, 0xA8, 0x00, 0x00, 0x02,
    0x40, 0x02, 0xF4, 0x00, 0x7F, 0x40, 0x03, 0xF4, 0x00, 0x3F, 0x40, 0x02, 0xF0, 0x00, 0x24, 0x05,
    0xAF, 0xE4, 0x00, 0x0B, 0xFF, 0xFF, 0xC0, 0x02, 0xFF, 0xAF, 0xFC, 0x00, 0x7D, 0x00, 0xFF, 0x40,
    0x1F, 0x00, 0x1F, 0xE0, 0x07, 0xC0, 0x03, 0xF8, 0x00, 0x00, 0x00, 0xFF, 0x00, 0x00, 0x01, 0xBF,
    0xC0, 0x01, 0xBF, 0xFF, 0xF0, 0x03, 0xFF, 0xEB, 0xFC, 0x03, 0xFD, 0x00, 0xFF, 0x01, 0xFE, 0x00,
    0x3F, 0xC0, 0x7F, 0x80, 0x1F, 0xF0, 0x1F, 0xF0, 0x0F, 0xFC, 0x03, 0xFF, 0xAF, 0xFF, 0x40, 0xBF,
    0xFF, 0xAF, 0xFC, 0x0B, 0xFF, 0x47, 0xFF, 0x00, 0x14, 0x00, 0x00, 0x00, 0x14, 0x00, 0x00, 0x00,
    0x00, 0xFF, 0xF8, 0x00, 0x00, 0x03, 0xFF, 0xE0, 0x00, 0x00, 0x00, 0xFF, 0x80, 0x00, 0x00, 0x02,
    0xFE, 0x00, 0x00, 0x00, 0x07, 0xF8, 0x00, 0x00, 0x00, 0x1F, 0xD0, 0x00, 0x00, 0x00, 0x7F, 0x40,
    0x00, 0x00, 0x01, 0xFD, 0x00, 0x00, 0x00, 0x07, 0xF4, 0x6F, 0x90, 0x00, 0x1F, 0xDB, 0xFF, 0xF0,
    0x00, 0x7F, 0xFF, 0xFF, 0xF0, 0x01, 0xFF, 0xE0, 0xBF, 0xE0, 0x07, 0xFD, 0x00, 0xBF, 0xC0, 0x1F,
    0xF0, 0x00, 0xFF, 0x40, 0x7F, 0x80, 0x03, 0xFD, 0x01, 0xFE, 0x00, 0x0F, 0xF8, 0x07, 0xF8, 0x00,
    0x3F, 0xE0, 0x1F, 0xE0, 0x00, 0xFF, 0x80, 0x7F, 0x80, 0x03, 0xFD, 0x01, 0xFE, 0x00, 0x0F, 0xF0,
    0x07, 0xF8, 0x00, 0x7F, 0xC0, 0x1F, 0xE0, 0x03, 0xFD, 0x00, 0xBF, 0xE5, 0x7F, 0xF0, 0x02, 0xFF,
    0xFF, 0xFF, 0x00, 0x01, 0xBF, 0xFF, 0xD0, 0x00, 0x00, 0x01, 0x50, 0x00, 0x00, 0x00, 0x1B, 0xFA,
    0x40, 0x07, 0xFF, 0xFF, 0xC0, 0x7F, 0xE6, 0xFF, 0x03, 0xFD, 0x00, 0xFC, 0x2F, 0xE0, 0x03, 0xF0,
    0xFF, 0x40, 0x0F, 0x87, 0xFC, 0x00, 0x00, 0x1F, 0xF0, 0x00, 0x00, 0xBF, 0xC0, 0x00, 0x02, 0xFF,
    0x00, 0x00, 0x07, 0xFC, 0x00, 0x00, 0x0F, 0xF4, 0x00, 0x00, 0x3F, 0xE0, 0x00, 0x00, 0xBF, 0xD0,
    0x00, 0x00, 0xFF, 0xE5, 0x7F, 0x00, 0xFF, 0xFF, 0xFC, 0x00, 0xBF, 0xFF, 0x80, 0x00, 0x15, 0x40,
    0x00, 0x00, 0x00, 0x14, 0x00, 0x00, 0x00, 0x03, 0xFF, 0xE0, 0x00, 0x00, 0x7F, 0xFE, 0x00, 0x00,
    0x00, 0x2F, 0xE0, 0x00, 0x00, 0x01, 0xFE, 0x00, 0x00, 0x00, 0x1F, 0xE0, 0x00, 0x00, 0x01, 0xFE,
    0x00, 0x00, 0x00, 0x1F, 0xE0, 0x00, 0x00, 0x01, 0xFE, 0x00, 0x01, 0xBF, 0xAF, 0xE0, 0x01, 0xFF,
    0xFF, 0xFE, 0x00, 0x7F, 0xFF, 0xFF, 0xE0, 0x0F, 0xF8, 0x02, 0xFE, 0x02, 0xFE, 0x00, 0x1F, 0xE0,
    0x3F, 0xD0, 0x01, 0xFE, 0x07, 0xFC, 0x00, 0x1F, 0xE0, 0x7F, 0xC0, 0x01, 0xFE, 0x07, 0xFC, 0x00,
    0x1F, 0xE0, 0x7F, 0xC0, 0x01, 0xFE, 0x07, 0xFC, 0x00, 0x1F, 0xE0, 0x3F, 0xC0, 0x02, 0xFE, 0x03,
    0xFE, 0x00, 0x3F, 0xE0, 0x2F, 0xF4, 0x0B, 0xFE, 0x00, 0xFF, 0xFF, 0xFF, 0xF4, 0x07, 0xFF, 0xFC,
    0xFF, 0xF0, 0x1F, 0xFE, 0x0B, 0xFF, 0x00, 0x05, 0x00, 0x00, 0x00, 0x00, 0x1B, 0xF8, 0x00, 0x01,
    0xFF, 0xFF, 0x80, 0x07, 0xFD, 0x7F, 0xE0, 0x0F, 0xF0, 0x0F, 0xF0, 0x2F, 0xD0, 0x0B, 0xF8, 0x3F,
    0xC0, 0x07, 0xFC, 0x7F, 0xC0, 0x07, 0xFC, 0x7F, 0xFF, 0xFF, 0xFC, 0xBF, 0xFF, 0xFF, 0xFC, 0xBF,
    0xD5, 0x55, 0x50, 0x7F, 0xC0, 0x00, 0x00, 0x3F, 0xD0, 0x00, 0x00, 0x3F, 0xE0, 0x00, 0x00, 0x2F,
    0xF4, 0x00, 0x10, 0x0F, 0xFE, 0x56, 0xF4, 0x03, 0xFF, 0xFF, 0xF4, 0x00, 0xBF, 0xFF, 0x80, 0x00,
    0x05, 0x50, 0x00, 0x00, 0x06, 0xA4, 0x00, 0x3F, 0xFD, 0x00, 0xFF, 0xFD, 0x02, 0xF8, 0x3C, 0x03,
    0xF4, 0x3C, 0x07, 0xF0, 0x3C, 0x07, 0xF0, 0x00, 0x07, 0xF4, 0x00, 0x07, 0xF4, 0x00, 0x1B, 0xF9,
    0x54, 0xBF, 0xFF, 0xF8, 0x7F, 0xFF, 0xF4, 0x07, 0xF8, 0x00, 0x07, 0xF8, 0x00, 0x07, 0xF8, 0x00,
    0x07, 0xF8, 0x00, 0x07, 0xF8, 0x00, 0x07, 0xF8, 0x00, 0x07, 0xF8, 0x00, 0x07, 0xF8, 0x00, 0x07,
    0xF8, 0x00, 0x07, 0xF8, 0x00, 0x07, 0xF8, 0x00, 0x0B, 0xFD, 0x00, 0xBF, 0xFF, 0xF0, 0xBF, 0xFF,
    0xE0, 0x00, 0x00, 0x00, 0x00, 0x1B, 0xF9, 0x16, 0x40, 0x7F, 0xFF, 0xFF, 0xE0, 0x7F, 0xD1, 0xFF,
    0xF8, 0x3F, 0xC0, 0x2F, 0xE0, 0x1F, 0xF0, 0x03, 0xFC, 0x07, 0xF8, 0x00, 0xFF, 0x02, 0xFE, 0x00,
    0x3F, 0xC0, 0x7F, 0xC0, 0x0F, 0xF0, 0x0F, 0xF0, 0x07, 0xF8, 0x02, 0xFE, 0x03, 0xFC, 0x00, 0x2F,
    0xFF, 0xFD, 0x00, 0x02, 0xFF, 0xF8, 0x00, 0x02, 0xE0, 0x00, 0x00, 0x01, 0xF8, 0x00, 0x00, 0x00,
    0xBF, 0xFA, 0x50, 0x00, 0x1F, 0xFF, 0xFF, 0xF4, 0x02, 0xFF, 0xFF, 0xFF, 0x00, 0xFE, 0xFF, 0xFF,
    0xE0, 0xFC, 0x00, 0x6F, 0xF8, 0xFE, 0x00, 0x00, 0xFD, 0x3F, 0xC0, 0x00, 0x3F, 0x0F, 0xF4, 0x00,
    0x2F, 0x42, 0xFF, 0xEA, 0xBF, 0x80, 0x2F, 0xFF, 0xFF, 0x40, 0x00, 0x6F, 0xE8, 0x00, 0x00, 0x14,
    0x00, 0x00, 0x00, 0x00, 0x1F, 0xFF, 0x40, 0x00, 0x00, 0x07, 0xFF, 0xD0, 0x00, 0x00, 0x00, 0x0F,
    0xF4, 0x00, 0x00, 0x00, 0x03, 0xFD, 0x00, 0x00, 0x00, 0x00, 0xBF, 0x40, 0x00, 0x00, 0x00, 0x2F,
    0xC0, 0x00, 0x00, 0x00, 0x0B, 0xF0, 0x00, 0x00, 0x00, 0x02, 0xFC, 0x00, 0x00, 0x00, 0x00, 0xBF,
    0x06, 0xA9, 0x00, 0x00, 0x2F, 0xDB, 0xFF, 0xF0, 0x00, 0x0B, 0xFF, 0xFF, 0xFE, 0x00, 0x02, 0xFF,
    0xD0, 0xBF, 0xC0, 0x00, 0xBF, 0xC0, 0x0B, 0xF4, 0x00, 0x2F, 0xE0, 0x01, 0xFE, 0x00, 0x0B, 0xF4,
    0x00, 0x7F, 0x80, 0x02, 0xFD, 0x00, 0x0F, 0xE0, 0x00, 0xBF, 0x00, 0x03, 0xF8, 0x00, 0x2F, 0xC0,
    0x00, 0xFE, 0x00, 0x0B, 0xF0, 0x00, 0x3F, 0x80, 0x02, 0xFC, 0x00, 0x0F, 0xE0, 0x00, 0xBF, 0x40,
    0x07, 0xF8, 0x00, 0x3F, 0xD0, 0x01, 0xFF, 0x00, 0x0F, 0xF9, 0x00, 0xBF, 0xD0, 0x7F, 0xFF, 0xF1,
    0xFF, 0xFF, 0x0F, 0xFF, 0xF8, 0x7F, 0xFF, 0xC0, 0x00, 0x00, 0x00, 0x00, 0x00, 0x00, 0x00, 0x00,
    0x7F, 0x00, 0x0F, 0xF4, 0x00, 0xFF, 0x40, 0x07, 0xF0, 0x00, 0x14, 0x00, 0x00, 0x00, 0x00, 0x00,
    0x00, 0x55, 0x54, 0x0B, 0xFF, 0xC0, 0xBF, 0xFC, 0x00, 0x7F, 0xC0, 0x03, 0xFC, 0x00, 0x3F, 0xC0,
    0x03, 0xFC, 0x00, 0x3F, 0xC0, 0x03, 0xFC, 0x00, 0x3F, 0xC0, 0x03, 0xFC, 0x00, 0x3F, 0xC0, 0x03,
    0xFC, 0x00, 0x3F, 0xC0, 0x07, 0xFD, 0x0B, 0xFF, 0xFD, 0xBF, 0xFF, 0xD0, 0x00, 0x00, 0x00, 0x00,
    0x02, 0xF8, 0x03, 0xFC, 0x03, 0xFC, 0x03, 0xF8, 0x00, 0x50, 0x00, 0x00, 0x00, 0x00, 0x15, 0x54,
    0x3F, 0xFE, 0x3F, 0xFE, 0x02, 0xFE, 0x02, 0xFD, 0x01, 0xFD, 0x01, 0xFD, 0x01, 0xFD, 0x01, 0xFD,
    0x01, 0xFD, 0x01, 0xFD, 0x01, 0xFD, 0x01, 0xFD, 0x01, 0xFD, 0x01, 0xFD, 0x01, 0xFD, 0x01, 0xFD,
    0x02, 0xFD, 0x03, 0xFC, 0x07, 0xF4, 0x0B, 0xE0, 0x0F, 0xC0, 0x1F, 0x40, 0x3D, 0x00, 0x18, 0x00,
    0x14, 0x00, 0x00, 0x00, 0x00, 0x7F, 0xFD, 0x00, 0x00, 0x00, 0x7F, 0xFD, 0x00, 0x00, 0x00, 0x03,
    0xFD, 0x00, 0x00, 0x00, 0x03, 0xFD, 0x00, 0x00, 0x00, 0x02, 0xFD, 0x00, 0x00, 0x00, 0x02, 0xFC,
    0x00, 0x00, 0x00, 0x02, 0xFC, 0x00, 0x00, 0x00, 0x02, 0xFC, 0x00, 0x00, 0x00, 0x02, 0xFC, 0x01,
    0x55, 0x54, 0x02, 0xFC, 0x07, 0xFF, 0xFC, 0x02, 0xFC, 0x07, 0xFF, 0xE8, 0x02, 0xFC, 0x01, 0xFE,
    0x00, 0x02, 0xFC, 0x07, 0xF4, 0x00, 0x02, 0xFC, 0x0F, 0xE0, 0x00, 0x02, 0xFC, 0x3F, 0x80, 0x00,
    0x02, 0xFD, 0xFF, 0x00, 0x00, 0x02, 0xFD, 0xFF, 0x40, 0x00, 0x02, 0xFC, 0x7F, 0xC0, 0x00, 0x02,
    0xFC, 0x2F, 0xF0, 0x00, 0x02, 0xFC, 0x0F, 0xF8, 0x00, 0x02, 0xFD, 0x07, 0xFD, 0x00, 0x03, 0xFD,
    0x02, 0xFF, 0x80, 0x03, 0xFE, 0x40, 0xFF, 0xE4, 0x7F, 0xFF, 0xF1, 0xFF, 0xFF, 0x3F, 0xFF, 0xE1,
    0xFF, 0xFE, 0x00, 0x00, 0x00, 0x00, 0x00, 0x14, 0x00, 0x07, 0xFF, 0xD0, 0x7F, 0xFD, 0x00, 0x3F,
    0xD0, 0x03, 0xFD, 0x00, 0x2F, 0xD0, 0x02, 0xFC, 0x00, 0x2F, 0xC0, 0x02, 0xFC, 0x00, 0x2F, 0xC0,
    0x02, 0xFC, 0x00, 0x2F, 0xC0, 0x02, 0xFC, 0x00, 0x2F, 0xC0, 0x02, 0xFC, 0x00, 0x2F, 0xC0, 0x02,
    0xFC, 0x00, 0x2F, 0xC0, 0x02, 0xFC, 0x00, 0x2F, 0xC0, 0x02, 0xFC, 0x00, 0x2F, 0xD0, 0x03, 0xFD,
    0x00, 0x3F, 0xE4, 0x7F, 0xFF, 0xF3, 0xFF, 0xFE, 0x00, 0x00, 0x00, 0x55, 0x50, 0x1F, 0xE0, 0x02,
    0xFE, 0x00, 0x0B, 0xFF, 0x0F, 0xFF, 0xD1, 0xFF, 0xFC, 0x00, 0xBF, 0xF7, 0xFF, 0xFF, 0x7F, 0xFF,
    0xF0, 0x00, 0x7F, 0xF8, 0x0F, 0xFF, 0x81, 0xFF, 0x00, 0x03, 0xFF, 0x00, 0x7F, 0xE0, 0x0B, 0xF4,
    0x00, 0x3F, 0xD0, 0x03, 0xFC, 0x00, 0x7F, 0x80, 0x03, 0xFC, 0x00, 0x3F, 0xC0, 0x03, 0xF8, 0x00,
    0x3F, 0xC0, 0x03, 0xFC, 0x00, 0x3F, 0x80, 0x03, 0xFC, 0x00, 0x3F, 0xC0, 0x03, 0xF8, 0x00, 0x3F,
    0xC0, 0x03, 0xFC, 0x00, 0x3F, 0x80, 0x03, 0xFC, 0x00, 0x3F, 0xC0, 0x03, 0xF8, 0x00, 0x3F, 0xC0,
    0x03, 0xFC, 0x00, 0x3F, 0x80, 0x03, 0xFC, 0x00, 0x3F, 0xC0, 0x03, 0xF8, 0x00, 0x3F, 0xC0, 0x03,
    0xFC, 0x00, 0x7F, 0xC0, 0x07, 0xFD, 0x00, 0x7F, 0xD0, 0x0B, 0xFD, 0x0B, 0xFF, 0xFD, 0x7F, 0xFF,
    0xD7, 0xFF, 0xFC, 0xBF, 0xFF, 0xD3, 0xFF, 0xFD, 0x7F, 0xFF, 0xC0, 0x00, 0x00, 0x00, 0x00, 0x00,
    0x00, 0x00, 0x55, 0x50, 0x1B, 0xE4, 0x00, 0xBF, 0xF0, 0xFF, 0xFE, 0x00, 0xBF, 0xF7, 0xFF, 0xFF,
    0x40, 0x07, 0xFF, 0xC0, 0xBF, 0xC0, 0x03, 0xFF, 0x00, 0x3F, 0xC0, 0x03, 0xFD, 0x00, 0x2F, 0xC0,
    0x03, 0xFC, 0x00, 0x2F, 0xD0, 0x03, 0xFC, 0x00, 0x2F, 0xD0, 0x03, 0xFC, 0x00, 0x2F, 0xD0, 0x03,
    0xFC, 0x00, 0x2F, 0xD0, 0x03, 0xFC, 0x00, 0x2F, 0xD0, 0x03, 0xFC, 0x00, 0x2F, 0xD0, 0x03, 0xFC,
    0x00, 0x2F, 0xD0, 0x03, 0xFC, 0x00, 0x2F, 0xD0, 0x07, 0xFD, 0x00, 0x3F, 0xE4, 0xBF, 0xFF, 0xD2,
    0xFF, 0xFF, 0xBF, 0xFF, 0xD2, 0xFF, 0xFF, 0x00, 0x00, 0x00, 0x00, 0x00, 0x00, 0x1B, 0xF9, 0x00,
    0x00, 0x7F, 0xFF, 0xF4, 0x00, 0x7F, 0xEA, 0xFF, 0x40, 0x3F, 0xC0, 0x1F, 0xF0, 0x2F, 0xE0, 0x02,
    0xFE, 0x0F, 0xF0, 0x00, 0x7F, 0xC7, 0xFC, 0x00, 0x0F, 0xF1, 0xFF, 0x00, 0x03, 0xFD, 0xBF, 0xC0,
    0x00, 0xFF, 0x6F, 0xF0, 0x00, 0x3F, 0xD7, 0xFC, 0x00, 0x0F, 0xF4, 0xFF, 0x00, 0x03, 0xFC, 0x3F,
    0xD0, 0x01, 0xFF, 0x0B, 0xFC, 0x00, 0xFF, 0x40, 0xFF, 0x80, 0xBF, 0xC0, 0x0F, 0xFF, 0xFF, 0xC0,
    0x00, 0xBF, 0xFF, 0x80, 0x00, 0x01, 0x54, 0x00, 0x00, 0x15, 0x50, 0x0B, 0xE4, 0x00, 0xFF, 0xE2,
    0xFF, 0xFC, 0x03, 0xFF, 0xEF, 0xFF, 0xFC, 0x00, 0xFF, 0xF4, 0x6F, 0xF8, 0x02, 0xFF, 0x40, 0x2F,
    0xF0, 0x07, 0xFC, 0x00, 0x3F, 0xD0, 0x1F, 0xE0, 0x00, 0xFF, 0x40, 0x7F, 0x40, 0x03, 0xFE, 0x01,
    0xFD, 0x00, 0x0F, 0xF8, 0x07, 0xF4, 0x00, 0x3F, 0xE0, 0x1F, 0xD0, 0x00, 0xFF, 0x40, 0x7F, 0x40,
    0x03, 0xFC, 0x01, 0xFD, 0x00, 0x1F, 0xF0, 0x07, 0xF4, 0x00, 0xFF, 0x40, 0x1F, 0xF9, 0x6F, 0xF8,
    0x00, 0x7F, 0xFF, 0xFF, 0x80, 0x01, 0xFF, 0xFF, 0xF4, 0x00, 0x07, 0xF4, 0x54, 0x00, 0x00, 0x1F,
    0xD0, 0x00, 0x00, 0x00, 0x7F, 0x40, 0x00, 0x00, 0x02, 0xFD, 0x00, 0x00, 0x00, 0x0B, 0xF8, 0x00,
    0x00, 0x00, 0x7F, 0xF5, 0x00, 0x00, 0x0B, 0xFF, 0xFE, 0x00, 0x00, 0x1A, 0xAA, 0xA4, 0x00, 0x00,
    0x00, 0x1B, 0xFA, 0x50, 0x00, 0x1F, 0xFF, 0xFF, 0xE0, 0x07, 0xFF, 0xFF, 0xFE, 0x00, 0xFF, 0x80,
    0x2F, 0xE0, 0x2F, 0xF0, 0x01, 0xFE, 0x03, 0xFD, 0x00, 0x1F, 0xE0, 0x3F, 0xC0, 0x01, 0xFE, 0x07,
    0xFC, 0x00, 0x1F, 0xE0, 0x7F, 0xC0, 0x01, 0xFE, 0x07, 0xFC, 0x00, 0x1F, 0xE0, 0x7F, 0xC0, 0x01,
    0xFE, 0x03, 0xFC, 0x00, 0x2F, 0xE0, 0x3F, 0xE0, 0x03, 0xFE, 0x02, 0xFF, 0x40, 0xBF, 0xE0, 0x0F,
    0xFF, 0xFF, 0xFE, 0x00, 0x7F, 0xFF, 0xEF, 0xE0, 0x01, 0xFF, 0xF1, 0xFE, 0x00, 0x00, 0x50, 0x1F,
    0xE0, 0x00, 0x00, 0x01, 0xFE, 0x00, 0x00, 0x00, 0x1F, 0xE0, 0x00, 0x00, 0x01, 0xFE, 0x00, 0x00,
    0x00, 0x2F, 0xE0, 0x00, 0x00, 0x17, 0xFF, 0x50, 0x00, 0x0B, 0xFF, 0xFE, 0x00, 0x00, 0x6A, 0xAA,
    0x90, 0x55, 0x50, 0x1B, 0x9B, 0xFF, 0x0F, 0xFF, 0xBF, 0xF7, 0xFF, 0xE0, 0x7F, 0xFD, 0x3E, 0x03,
    0xFF, 0x03, 0xE0, 0x3F, 0xD0, 0x3E, 0x03, 0xFC, 0x02, 0x90, 0x3F, 0xC0, 0x00, 0x03, 0xFC, 0x00,
    0x00, 0x3F, 0xC0, 0x00, 0x03, 0xFC, 0x00, 0x00, 0x3F, 0xC0, 0x00, 0x03, 0xFC, 0x00, 0x00, 0x3F,
    0xC0, 0x00, 0x07, 0xFD, 0x40, 0x0B, 0xFF, 0xFF, 0x00, 0xBF, 0xFF, 0xF0, 0x00, 0x00, 0x00, 0x00,
    0x00, 0xBF, 0xE5, 0x02, 0xFF, 0xFF, 0xC1, 0xFE, 0x5B, 0xF0, 0xFE, 0x00, 0xFC, 0x3F, 0x80, 0x2E,
    0x0F, 0xF4, 0x07, 0x83, 0xFF, 0xD0, 0x00, 0x7F, 0xFF, 0x40, 0x0B, 0xFF, 0xFC, 0x00, 0x7F, 0xFF,
    0xC0, 0x01, 0xFF, 0xF4, 0xA0, 0x07, 0xFE, 0x3D, 0x00, 0x3F, 0x8F, 0x80, 0x0F, 0xE3, 0xF4, 0x0B,
    0xF4, 0xFF, 0xFF, 0xF8, 0x1F, 0xFF, 0xF4, 0x00, 0x05, 0x40, 0x00, 0x00, 0x00, 0x00, 0x00, 0x0F,
    0x00, 0x00, 0x07, 0xC0, 0x00, 0x03, 0xF0, 0x00, 0x1B, 0xFE, 0x55, 0x1F, 0xFF, 0xFF, 0x83, 0xFF,
    0xFF, 0xD0, 0x0B, 0xF0, 0x00, 0x02, 0xFC, 0x00, 0x00, 0xBF, 0x00, 0x00, 0x2F, 0xC0, 0x00, 0x0B,
    0xF0, 0x00, 0x02, 0xFC, 0x00, 0x00, 0xBF, 0x00, 0x00, 0x2F, 0xC0, 0x00, 0x0B, 0xF0, 0x00, 0x02,
    0xFC, 0x00, 0x00, 0xBF, 0x40, 0x00, 0x1F, 0xF5, 0xB0, 0x03, 0xFF, 0xFD, 0x00, 0x7F, 0xFC, 0x00,
    0x01, 0x50, 0x00, 0x15, 0x54, 0x01, 0x55, 0x40, 0x3F, 0xFC, 0x07, 0xFF, 0xE0, 0x3F, 0xFC, 0x07,
    0xFF, 0xD0, 0x03, 0xFC, 0x00, 0x3F, 0xD0, 0x03, 0xFC, 0x00, 0x2F, 0xD0, 0x03, 0xFC, 0x00, 0x2F,
    0xD0, 0x03, 0xFC, 0x00, 0x2F, 0xD0, 0x03, 0xFC, 0x00, 0x2F, 0xD0, 0x03, 0xFC, 0x00, 0x2F, 0xD0,
    0x03, 0xFC, 0x00, 0x2F, 0xD0, 0x03, 0xFC, 0x00, 0x2F, 0xD0, 0x03, 0xFC, 0x00, 0x3F, 0xD0, 0x03,
    0xFC, 0x00, 0x7F, 0xD0, 0x02, 0xFE, 0x00, 0xFF, 0xD0, 0x00, 0xFF, 0xEB, 0xFF, 0xE4, 0x00, 0xBF,
    0xFF, 0xCF, 0xFE, 0x00, 0x1F, 0xFE, 0x0F, 0xFE, 0x00, 0x00, 0x00, 0x00, 0x00, 0x15, 0x55, 0x41,
    0x55, 0x54, 0xFF, 0xFF, 0x0B, 0xFF, 0xE3, 0xFF, 0xF8, 0x1B, 0xFF, 0x40, 0xFF, 0x40, 0x0F, 0xE0,
    0x01, 0xFE, 0x00, 0x3F, 0x00, 0x03, 0xFC, 0x01, 0xFC, 0x00, 0x0B, 0xF0, 0x0F, 0xD0, 0x00, 0x1F,
    0xD0, 0x3F, 0x00, 0x00, 0x3F, 0xC1, 0xF8, 0x00, 0x00, 0xBF, 0x0F, 0xD0, 0x00, 0x00, 0xFD, 0x3F,
    0x00, 0x00, 0x03, 0xF9, 0xF8, 0x00, 0x00, 0x0B, 0xFF, 0xC0, 0x00, 0x00, 0x0F, 0xFF, 0x00, 0x00,
    0x00, 0x3F, 0xF4, 0x00, 0x00, 0x00, 0x7F, 0xC0, 0x00, 0x00, 0x00, 0xFE, 0x00, 0x00, 0x15, 0x55,
    0x40, 0x15, 0x00, 0x55, 0x55, 0x3F, 0xFF, 0xC0, 0x3F, 0x00, 0xFF, 0xFE, 0x3F, 0xFF, 0x80, 0x3F,
    0x40, 0xAF, 0xFE, 0x07, 0xFC, 0x00, 0x7F, 0x80, 0x0B, 0xF0, 0x03, 0xFC, 0x00, 0xFF, 0xC0, 0x0F,
    0xD0, 0x02, 0xFD, 0x00, 0xFF, 0xC0, 0x1F, 0xC0, 0x00, 0xFE, 0x01, 0xFF, 0xE0, 0x2F, 0x80, 0x00,
    0xFF, 0x02, 0xFF, 0xF0, 0x3F, 0x00, 0x00, 0x7F, 0x43, 0xF7, 0xF0, 0x7F, 0x00, 0x00, 0x3F, 0x87,
    0xE3, 0xF4, 0xBE, 0x00, 0x00, 0x2F, 0xCB, 0xD3, 0xF8, 0xFC, 0x00, 0x00, 0x1F, 0xDF, 0xC1, 0xFD,
    0xFC, 0x00, 0x00, 0x0F, 0xFF, 0x80, 0xFF, 0xF4, 0x00, 0x00, 0x0B, 0xFF, 0x40, 0xFF, 0xF0, 0x00,
    0x00, 0x03, 0xFF, 0x00, 0x7F, 0xE0, 0x00, 0x00, 0x03, 0xFE, 0x00, 0x3F, 0xD0, 0x00, 0x00, 0x02,
    0xFC, 0x00, 0x3F, 0xC0, 0x00, 0x15, 0x55, 0x05, 0x55, 0x42, 0xFF, 0xFD, 0x3F, 0xFF, 0x07, 0xFF,
    0xE4, 0xBF, 0xF8, 0x01, 0xFF, 0x00, 0xFF, 0x00, 0x02, 0xFF, 0x07, 0xF0, 0x00, 0x02, 0xFE, 0x3F,
    0x40, 0x00, 0x03, 0xFF, 0xF8, 0x00, 0x00, 0x07, 0xFF, 0xC0, 0x00, 0x00, 0x0B, 0xFD, 0x00, 0x00,
    0x00, 0x3F, 0xFC, 0x00, 0x00, 0x03, 0xFF, 0xF8, 0x00, 0x00, 0x1F, 0xCF, 0xF4, 0x00, 0x01, 0xFD,
    0x0F, 0xF4, 0x00, 0x0F, 0xE0, 0x1F, 0xF4, 0x01, 0xFF, 0x40, 0x3F, 0xF4, 0x3F, 0xFF, 0x47, 0xFF,
    0xFC, 0xBF, 0xFD, 0x0F, 0xFF, 0xF0, 0x00, 0x00, 0x00, 0x00, 0x00, 0x15, 0x55, 0x40, 0x55, 0x54,
    0x3F, 0xFF, 0xC1, 0xFF, 0xFC, 0x3F, 0xFF, 0x81, 0xBF, 0xF8, 0x03, 0xFD, 0x00, 0x3F, 0xC0, 0x02,
    0xFE, 0x00, 0x3F, 0x80, 0x00, 0xFF, 0x00, 0x7F, 0x00, 0x00, 0xBF, 0x00, 0xBE, 0x00, 0x00, 0x7F,
    0x80, 0xFD, 0x00, 0x00, 0x3F, 0xC1, 0xFC, 0x00, 0x00, 0x2F, 0xD2, 0xF8, 0x00, 0x00, 0x0F, 0xE3,
    0xF0, 0x00, 0x00, 0x0B, 0xF7, 0xF0, 0x00, 0x00, 0x07, 0xFF, 0xD0, 0x00, 0x00, 0x03, 0xFF, 0xC0,
    0x00, 0x00, 0x02, 0xFF, 0x80, 0x00, 0x00, 0x00, 0xFF, 0x40, 0x00, 0x00, 0x00, 0xBF, 0x00, 0x00,
    0x00, 0x00, 0xBE, 0x00, 0x00, 0x00, 0x00, 0xFC, 0x00, 0x00, 0x00, 0x01, 0xFC, 0x00, 0x00, 0x00,
    0x03, 0xF4, 0x00, 0x00, 0x00, 0x07, 0xF0, 0x00, 0x00, 0x00, 0x0F, 0xE0, 0x00, 0x00, 0x00, 0x1F,
    0xC0, 0x00, 0x00, 0x00, 0x0B, 0xC0, 0x00, 0x00, 0x00, 0x00, 0x00, 0x00, 0x00, 0x19, 0x55, 0x55,
    0x50, 0xFF, 0xFF, 0xFF, 0xC3, 0xFF, 0xFF, 0xFF, 0x0F, 0x80, 0x1F, 0xF4, 0x3C, 0x00, 0xFF, 0x40,
    0xF0, 0x07, 0xF8, 0x01, 0x40, 0x3F, 0xC0, 0x00, 0x03, 0xFD, 0x00, 0x00, 0x1F, 0xE0, 0x00, 0x00,
    0xFF, 0x00, 0x00, 0x0F, 0xF4, 0x00, 0x00, 0xBF, 0x80, 0x14, 0x07, 0xFC, 0x00, 0xF4, 0x3F, 0xD0,
    0x03, 0xC3, 0xFF, 0x55, 0x7F, 0x1F, 0xFF, 0xFF, 0xFC, 0x3F, 0xFF, 0xFF, 0xF0, 0x00, 0x00, 0x00,
    0x00, 0x06, 0xAA, 0x90, 0xFF, 0xFE, 0x0F, 0xF9, 0x40, 0xBF, 0x00, 0x07, 0xF0, 0x00, 0x3F, 0x00,
    0x03, 0xF0, 0x00, 0x2F, 0x40, 0x01, 0xF4, 0x00, 0x1F, 0x80, 0x00, 0xFC, 0x00, 0x0F, 0xC0, 0x00,
    0xFC, 0x00, 0x0F, 0xD0, 0x1F, 0xFD, 0x03, 0xF8, 0x00, 0x3F, 0x90, 0x01, 0xBF, 0xD0, 0x00, 0xFD,
    0x00, 0x0F, 0xC0, 0x00, 0xFC, 0x00, 0x0F, 0xC0, 0x01, 0xF8, 0x00, 0x2F, 0x40, 0x02, 0xF4, 0x00,
    0x3F, 0x00, 0x03, 0xF0, 0x00, 0x7F, 0x00, 0x0B, 0xF0, 0x00, 0xFF, 0xA4, 0x0F, 0xFF, 0xE0, 0x15,
    0xA9, 0x10, 0x7D, 0x7D, 0x7D, 0x7D, 0x7D, 0x7D, 0x7D, 0x7D, 0x7D, 0x7D, 0x7D, 0x7D, 0x7D, 0x7D,
    0x7D, 0x7D, 0x7D, 0x7D, 0x7D, 0x7D, 0x7D, 0x7D, 0x7D, 0x7D, 0x7D, 0x7D, 0x7D, 0x7D, 0x3D, 0x00,
    0x2A, 0xA9, 0x03, 0xFF, 0xF4, 0x16, 0xFF, 0x00, 0x07, 0xF0, 0x00, 0xBF, 0x00, 0x0B, 0xE0, 0x00,
    0xFD, 0x00, 0x0F, 0xC0, 0x00, 0xFC, 0x00, 0x0F, 0x80, 0x01, 0xF8, 0x00, 0x2F, 0x40, 0x03, 0xF4,
    0x00, 0x3F, 0x80, 0x02, 0xFF, 0x80, 0x01, 0xBD, 0x00, 0x1F, 0xD0, 0x3F, 0xF4, 0x03, 0xF4, 0x00,
    0x3F, 0x40, 0x02, 0xF4, 0x00, 0x1F, 0x80, 0x00, 0xF8, 0x00, 0x0F, 0xC0, 0x00, 0xFC, 0x00, 0x0B,
    0xD0, 0x00, 0xBE, 0x00, 0x0B, 0xF0, 0x00, 0x7F, 0x01, 0x6F, 0xF0, 0x3F, 0xFF, 0x42, 0xA5, 0x50,
    0x02, 0xE4, 0x00, 0x04, 0x03, 0xFF, 0xF8, 0x07, 0xC3, 0xFF, 0xFF, 0xFF, 0xF1, 0xFD, 0xBF, 0xFF,
    0xF0, 0x38, 0x00, 0xBF, 0xF0, 0x00, 0x00, 0x00, 0x50, 0x00, 0x2E, 0x2F, 0xEF, 0xFA, 0xFE, 0x3F,
    0x00, 0x00, 0x00, 0x00, 0x3F, 0x0F, 0xC3, 0xF0, 0xFC, 0x3F, 0x0F, 0xC3, 0xF0, 0xFC, 0x3F, 0x0F,
    0xC7, 0xF1, 0xFC, 0x7F, 0x1F, 0xDB, 0xF6, 0xFD, 0xBF, 0x6F, 0xD0, 0x00, 0x00, 0x00, 0xE0, 0x00,
    0x00, 0x03, 0x80, 0x00, 0x00, 0x0E, 0x00, 0x00, 0x00, 0x38, 0x00, 0x00, 0x01, 0xF4, 0x00, 0x02,
    0xFF, 0xFF, 0x80, 0x3F, 0xFF, 0xFF, 0x03, 0xFE, 0x01, 0xFC, 0x1F, 0xF0, 0x02, 0xF0, 0xFF, 0x40,
    0x0B, 0x83, 0xFC, 0x00, 0x19, 0x1F, 0xF0, 0x00, 0x00, 0x7F, 0xC0, 0x00, 0x01, 0xFF, 0x00, 0x00,
    0x07, 0xFC, 0x00, 0x00, 0x0F, 0xF0, 0x00, 0x00, 0x3F, 0xD0, 0x00, 0x00, 0xBF, 0xC0, 0x00, 0x00,
    0xFF, 0xC0, 0x1A, 0x01, 0xFF, 0xFF, 0xFC, 0x00, 0xFF, 0xFF, 0xD0, 0x00, 0x6F, 0xA0, 0x00, 0x00,
    0x3C, 0x00, 0x00, 0x00, 0xF0, 0x00, 0x00, 0x03, 0xC0, 0x00, 0x00, 0x0F, 0x00, 0x00, 0x00, 0x00,
    0x00, 0x00, 0x00, 0x00, 0x00, 0x00, 0x00, 0x00, 0x0B, 0xFF, 0xF9, 0x00, 0x01, 0xFF, 0xFF, 0xFD,
    0x00, 0x1F, 0xF9, 0x5B, 0xF4, 0x00, 0xFF, 0x40, 0x07, 0xD0, 0x03, 0xFC, 0x00, 0x0F, 0x00, 0x1F,
    0xF0, 0x00, 0x3C, 0x00, 0x7F, 0xC0, 0x00, 0x00, 0x01, 0xFF, 0x00, 0x00, 0x00, 0x07, 0xFC, 0x00,
    0x00, 0x00, 0x1F, 0xF0, 0x00, 0x00, 0x00, 0x7F, 0xD5, 0x54, 0x00, 0x7F, 0xFF, 0xFF, 0xF0, 0x01,
    0xFF, 0xFE, 0xA5, 0x40, 0x00, 0x1F, 0xF0, 0x00, 0x00, 0x00, 0x7F, 0xC0, 0x00, 0x00, 0x01, 0xFF,
    0x00, 0x00, 0x00, 0x07, 0xFC, 0x00, 0x03, 0xC0, 0x1F, 0xF0, 0x00, 0x1F, 0x00, 0x7F, 0xC0, 0x00,
    0xBC, 0x02, 0xFF, 0xAA, 0xAB, 0xF0, 0xFF, 0xFF, 0xFF, 0xFF, 0x83, 0xFF, 0xFF, 0xFF, 0xFD, 0x00,
    0x00, 0x00, 0x00, 0x00, 0x08, 0x00, 0x00, 0x00, 0x50, 0xF8, 0x06, 0xA9, 0x07, 0xC0, 0xFA, 0xFF,
    0xFF, 0xBD, 0x01, 0xFF, 0xFA, 0xFF, 0xD0, 0x03, 0xFD, 0x00, 0xBF, 0x80, 0x1F, 0xD0, 0x00, 0xBF,
    0x00, 0xBF, 0x00, 0x01, 0xFD, 0x03, 0xFC, 0x00, 0x03, 0xF8, 0x0F, 0xE0, 0x00, 0x0F, 0xE0, 0x3F,
    0x80, 0x00, 0x3F, 0xC0, 0xFE, 0x00, 0x00, 0xFE, 0x03, 0xFC, 0x00, 0x03, 0xF8, 0x0B, 0xF0, 0x00,
    0x1F, 0xD0, 0x1F, 0xD0, 0x00, 0xFF, 0x00, 0x3F, 0xD0, 0x0B, 0xF4, 0x00, 0xFF, 0xFB, 0xFF, 0xD0,
    0x0F, 0xAF, 0xFF, 0xFB, 0xC0, 0xF8, 0x06, 0xA9, 0x0B, 0xC1, 0x80, 0x00, 0x00, 0x09, 0x00, 0x00,
    0x00, 0x00, 0x00, 0x00, 0x0B, 0xFF, 0xFD, 0x00, 0xFF, 0xFE, 0xFF, 0xFF, 0xD0, 0x0F, 0xFF, 0xF1,
    0xBF, 0xE4, 0x00, 0x2F, 0xF4, 0x03, 0xFF, 0x00, 0x03, 0xFC, 0x00, 0x0F, 0xF4, 0x00, 0x7F, 0x40,
    0x00, 0xBF, 0xC0, 0x0F, 0xE0, 0x00, 0x03, 0xFD, 0x01, 0xFC, 0x00, 0x00, 0x2F, 0xF0, 0x3F, 0x80,
    0x00, 0x00, 0xFF, 0x47, 0xF0, 0x00, 0x00, 0x07, 0xFC, 0xFE, 0x00, 0x00, 0x00, 0x3F, 0xEF, 0xC0,
    0x00, 0x02, 0xAF, 0xFF, 0xFF, 0xFD, 0x00, 0x7F, 0xFF, 0xFF, 0xEA, 0x90, 0x00, 0x00, 0x7F, 0xE0,
    0x00, 0x00, 0x00, 0x17, 0xFE, 0xAA, 0x90, 0x03, 0xFF, 0xFF, 0xFF, 0xFE, 0x00, 0x2A, 0xAB, 0xFE,
    0x54, 0x00, 0x00, 0x00, 0x3F, 0xD0, 0x00, 0x00, 0x00, 0x03, 0xFD, 0x00, 0x00, 0x00, 0x00, 0x7F,
    0xE0, 0x00, 0x00, 0x00, 0x7F, 0xFF, 0xF0, 0x00, 0x00, 0x07, 0xFF, 0xFF, 0x00, 0x00, 0x00, 0x00,
    0x00, 0x00, 0x00, 0x00, 0xBC, 0xBC, 0xBC, 0xBC, 0xBC, 0xBC, 0xBC, 0xBC, 0xBC, 0xBC, 0xBC, 0x7C,
    0x00, 0x00, 0x00, 0x00, 0x00, 0x00, 0xBC, 0xBC, 0xBC, 0xBC, 0xBC, 0xBC, 0xBC, 0xBC, 0xBC, 0xBC,
    0xBC, 0x00, 0x01, 0xBF, 0xF9, 0x00, 0x2F, 0xFF, 0xFF, 0x02, 0xFF, 0x46, 0xF8, 0x0F, 0xF0, 0x02,
    0xE0, 0x7F, 0xC0, 0x07, 0x81, 0xFF, 0x00, 0x05, 0x03, 0xFE, 0x00, 0x00, 0x0F, 0xFF, 0x40, 0x00,
    0x0F, 0xFF, 0xD0, 0x00, 0x0F, 0xFF, 0xF4, 0x00, 0x0B, 0xFF, 0xF8, 0x03, 0x41, 0xFF, 0xF4, 0x3D,
    0x00, 0x7F, 0xF0, 0xFC, 0x00, 0x2F, 0xC3, 0xFD, 0x00, 0x3E, 0x0F, 0xFF, 0x40, 0xB0, 0x1F, 0xFF,
    0xD1, 0x40, 0x1F, 0xFF, 0xF0, 0x00, 0x07, 0xFF, 0xF4, 0x00, 0x01, 0xFF, 0xF4, 0x00, 0x00, 0x7F,
    0xF0, 0x50, 0x00, 0x7F, 0xC2, 0xD0, 0x00, 0xFF, 0x0F, 0x40, 0x03, 0xFC, 0x3E, 0x00, 0x2F, 0xE0,
    0xFF, 0xEB, 0xFF, 0x02, 0xFF, 0xFF, 0xF0, 0x00, 0x1A, 0xA4, 0x00, 0x7C, 0x07, 0xDF, 0xF0, 0xFF,
    0xFF, 0x0F, 0xFB, 0xE0, 0xBE, 0x14, 0x01, 0x40, 0x00, 0x00, 0x1B, 0xF9, 0x00, 0x00, 0x00, 0x01,
    0xFF, 0xFF, 0xF8, 0x00, 0x00, 0x02, 0xFE, 0x40, 0x6F, 0xE0, 0x00, 0x03, 0xF4, 0x00, 0x00, 0xBE,
    0x00, 0x03, 0xF0, 0x00, 0x00, 0x03, 0xE0, 0x02, 0xF0, 0x02, 0xFF, 0x90, 0x3E, 0x01, 0xF0, 0x0B,
    0xFF, 0xFD, 0x07, 0xC0, 0xF4, 0x0B, 0xF8, 0x1F, 0x00, 0xB8, 0x3C, 0x07, 0xF8, 0x02, 0xC0, 0x0F,
    0x1E, 0x02, 0xFC, 0x00, 0x10, 0x03, 0xDB, 0x40, 0xFF, 0x00, 0x00, 0x00, 0xB6, 0xD0, 0x3F, 0xC0,
    0x00, 0x00, 0x1E, 0xF4, 0x0F, 0xF0, 0x00, 0x00, 0x07, 0xAD, 0x03, 0xFC, 0x00, 0x00, 0x01, 0xEB,
    0x40, 0xFF, 0x00, 0x00, 0x00, 0xB5, 0xF0, 0x2F, 0xD0, 0x02, 0x40, 0x3C, 0x3C, 0x03, 0xFC, 0x01,
    0xD0, 0x1F, 0x0B, 0x80, 0x7F, 0xEA, 0xF8, 0x0F, 0x40, 0xF4, 0x03, 0xFF, 0xFD, 0x07, 0xC0, 0x1F,
    0x40, 0x05, 0x50, 0x07, 0xC0, 0x02, 0xF4, 0x00, 0x00, 0x0B, 0xD0, 0x00, 0x2F, 0xD0, 0x00, 0x1F,
    0xD0, 0x00, 0x01, 0xFF, 0xA6, 0xBF, 0xC0, 0x00, 0x00, 0x07, 0xFF, 0xFF, 0x40, 0x00, 0x00, 0x00,
    0x05, 0x54, 0x00, 0x00, 0x00, 0x06, 0xA9, 0x00, 0x2F, 0xFF, 0x80, 0x2E, 0x0B, 0xD0, 0x1C, 0x03,
    0xE0, 0x04, 0x07, 0xE0, 0x06, 0xFF, 0xE0, 0x2F, 0x97, 0xE0, 0x3F, 0x03, 0xE0, 0x3F, 0x0B, 0xF0,
    0x3F, 0xFF, 0xF8, 0x0F, 0xF7, 0xFC, 0x00, 0x00, 0x00, 0x00, 0x10, 0x00, 0x40, 0x03, 0xC0, 0x3C,
    0x00, 0xF4, 0x0B, 0x80, 0x2F, 0x02, 0xF0, 0x0B, 0xD0, 0x7E, 0x01, 0xFC, 0x0F, 0xC0, 0x3F, 0x43,
    0xF8, 0x0F, 0xF0, 0xBF, 0x00, 0x7F, 0x03, 0xF4, 0x01, 0xFC, 0x1F, 0xC0, 0x0B, 0xD0, 0x7E, 0x00,
    0x3F, 0x02, 0xF0, 0x00, 0xF4, 0x0F, 0x80, 0x07, 0xC0, 0x3C, 0x00, 0x14, 0x01, 0x80, 0x15, 0x55,
    0x55, 0x54, 0xBF, 0xFF, 0xFF, 0xFE, 0xBF, 0xFF, 0xFF, 0xFE, 0x6A, 0xAA, 0xAA, 0xBE, 0x00, 0x00,
    0x00, 0x3E, 0x00, 0x00, 0x00, 0x3E, 0x00, 0x00, 0x00, 0x3E, 0x00, 0x00, 0x00, 0x3E, 0x00, 0x00,
    0x00, 0x3E, 0x7F, 0xFE, 0xBF, 0xFF, 0x7F, 0xFE, 0x00, 0x00, 0x1B, 0xF9, 0x00, 0x00, 0x00, 0x01,
    0xFF, 0xFF, 0xF8, 0x00, 0x00, 0x02, 0xFE, 0x40, 0x6F, 0xE0, 0x00, 0x03, 0xF4, 0x00, 0x00, 0xBE,
    0x00, 0x03, 0xF0, 0x00, 0x00, 0x03, 0xE0, 0x02, 0xF0, 0xAA, 0xAA, 0x00, 0x3E, 0x01, 0xF0, 0x7F,
    0xFF, 0xF4, 0x07, 0xC0, 0xF4, 0x03, 0xF8, 0xBF, 0x40, 0xB8, 0x3C, 0x00, 0xFD, 0x0F, 0xE0, 0x0F,
    0x1E, 0x00, 0x3F, 0x43, 0xF8, 0x03, 0xDB, 0x40, 0x0F, 0xD0, 0xFE, 0x00, 0xB6, 0xD0, 0x03, 0xF4,
    0xBF, 0x00, 0x1E, 0xF4, 0x00, 0xFF, 0xFF, 0x40, 0x07, 0xAD, 0x00, 0x3F, 0xFF, 0x80, 0x01, 0xEB,
    0x40, 0x0F, 0xD3, 0xF4, 0x00, 0xB5, 0xF0, 0x03, 0xF4, 0xBF, 0x00, 0x3C, 0x3C, 0x00, 0xFD, 0x0F,
    0xE0, 0x1F, 0x0B, 0x80, 0x7F, 0xC2, 0xFD, 0x0F, 0x40, 0xF4, 0x7F, 0xF8, 0x7F, 0xCB, 0xC0, 0x1F,
    0x40, 0x00, 0x00, 0x07, 0xC0, 0x02, 0xF4, 0x00, 0x00, 0x0B, 0xD0, 0x00, 0x2F, 0xD0, 0x00, 0x1F,
    0xD0, 0x00, 0x01, 0xFF, 0xA6, 0xBF, 0xC0, 0x00, 0x00, 0x07, 0xFF, 0xFF, 0x40, 0x00, 0x00, 0x00,
    0x05, 0x54, 0x00, 0x00, 0x00, 0x00, 0x00, 0x02, 0xFF, 0xFF, 0xF7, 0xFF, 0xFF, 0x80, 0x01, 0xA9,
    0x00, 0x3F, 0xFE, 0x02, 0xF5, 0xBE, 0x0F, 0x80, 0xFC, 0x7D, 0x02, 0xF0, 0xF8, 0x0B, 0xC3, 0xF0,
    0x3F, 0x0B, 0xFB, 0xF4, 0x0B, 0xFF, 0x40, 0x01, 0x50, 0x00, 0x00, 0x06, 0x80, 0x00, 0x00, 0x07,
    0xD0, 0x00, 0x00, 0x07, 0xD0, 0x00, 0x00, 0x07, 0xD0, 0x00, 0x00, 0x07, 0xD0, 0x00, 0x15, 0x5B,
    0xE5, 0x54, 0xBF, 0xFF, 0xFF, 0xFE, 0xBF, 0xFF, 0xFF, 0xFE, 0x6A, 0xAF, 0xE9, 0x55, 0x00, 0x07,
    0xD0, 0x00, 0x00, 0x07, 0xD0, 0x00, 0x00, 0x07, 0xD0, 0x00, 0x00, 0x07, 0xD0, 0x00, 0x00, 0x07,
    0xD0, 0x00, 0x00, 0x07, 0xD0, 0x00, 0x00, 0x00, 0x00, 0x00, 0x15, 0x55, 0x55, 0x55, 0xBF, 0xFF,
    0xFF, 0xFE, 0xBF, 0xFF, 0xFF, 0xFE, 0x15, 0x55, 0x55, 0x54, 0x1B, 0xFE, 0x40, 0xFF, 0xFF, 0x43,
    0xD0, 0xFF, 0x0E, 0x01, 0xFC, 0x10, 0x07, 0xF0, 0x00, 0x2F, 0xC0, 0x00, 0xFC, 0x00, 0x0F, 0xD0,
    0x00, 0xFE, 0x00, 0x0F, 0xE0, 0x50, 0xFD, 0x03, 0xCF, 0xE5, 0xAF, 0x7F, 0xFF, 0xF9, 0xFF, 0xFF,
    0xE0, 0x00, 0x00, 0x00, 0x6F, 0xF8, 0x0B, 0xFF, 0xF4, 0xB4, 0x2F, 0xC7, 0x41, 0xFC, 0x00, 0x1F,
    0xC0, 0x03, 0xF4, 0x01, 0xFD, 0x00, 0xBF, 0xE0, 0x01, 0x7F, 0xC0, 0x00, 0xFD, 0x00, 0x0F, 0xE0,
    0x00, 0xFD, 0x00, 0x2F, 0xC0, 0x0F, 0xF0, 0x6F, 0xF8, 0x07, 0xF4, 0x00, 0x00, 0x00, 0x00, 0x00,
    0x00, 0x00, 0x07, 0x00, 0x03, 0xF0, 0x03, 0xF4, 0x03, 0xF4, 0x03, 0xF0, 0x03, 0xF0, 0x00, 0x20,
    0x00, 0x00, 0x06, 0xD0, 0x01, 0xAD, 0x02, 0xFF, 0xE0, 0x03, 0xFD, 0x03, 0xFF, 0xD0, 0x03, 0xFC,
    0x00, 0x3F, 0xC0, 0x03, 0xFC, 0x00, 0x3F, 0xC0, 0x0B, 0xF8, 0x00, 0x3F, 0x80, 0x0F, 0xF4, 0x00,
    0x3F, 0x80, 0x0F, 0xF0, 0x00, 0x7F, 0x40, 0x2F, 0xF0, 0x00, 0x7F, 0x00, 0x3F, 0xE0, 0x00, 0xBF,
    0x00, 0x7F, 0xE0, 0x00, 0xFF, 0x00, 0xFF, 0xD0, 0x00, 0xFE, 0x02, 0xEF, 0xC0, 0x00, 0xFE, 0x07,
    0x9F, 0xC0, 0x01, 0xFF, 0x1F, 0x2F, 0xC0, 0x02, 0xFF, 0xFD, 0x3F, 0xE5, 0x03, 0xFF, 0xF4, 0x7F,
    0xFE, 0x03, 0xFF, 0xD0, 0xBF, 0xE4, 0x03, 0xE1, 0x00, 0x14, 0x00, 0x07, 0xD0, 0x00, 0x00, 0x00,
    0x0B, 0xD0, 0x00, 0x00, 0x00, 0x0F, 0xD0, 0x00, 0x00, 0x00, 0x0F, 0xD0, 0x00, 0x00, 0x00, 0x1F,
    0xC0, 0x00, 0x00, 0x00, 0x2F, 0xC0, 0x00, 0x00, 0x00, 0x3F, 0xC0, 0x00, 0x00, 0x00, 0x3F, 0xC0,
    0x00, 0x00, 0x00, 0x00, 0x00, 0x00, 0x00, 0x00, 0x00, 0x06, 0xAA, 0xAA, 0xA0, 0x03, 0xFF, 0xFF,
    0xFF, 0xD0, 0x7F, 0xFF, 0xAF, 0xFE, 0x43, 0xFF, 0xFC, 0x3F, 0xC0, 0x2F, 0xFF, 0xF0, 0xFF, 0x00,
    0xFF, 0xFF, 0xC3, 0xFC, 0x03, 0xFF, 0xFF, 0x0F, 0xF0, 0x0F, 0xFF, 0xFC, 0x3F, 0xC0, 0x3F, 0xFF,
    0xF0, 0xFF, 0x00, 0xFF, 0xFF, 0xC3, 0xFC, 0x01, 0xFF, 0xFF, 0x0F, 0xF0, 0x02, 0xFF, 0xFC, 0x3F,
    0xC0, 0x02, 0xFF, 0xF0, 0xFF, 0x00, 0x01, 0xFF, 0xC3, 0xFC, 0x00, 0x00, 0x1A, 0x0F, 0xF0, 0x00,
    0x00, 0x00, 0x3F, 0xC0, 0x00, 0x00, 0x00, 0xFF, 0x00, 0x00, 0x00, 0x03, 0xFC, 0x00, 0x00, 0x00,
    0x0F, 0xF0, 0x00, 0x00, 0x00, 0x3F, 0xC0, 0x00, 0x00, 0x00, 0xFF, 0x00, 0x00, 0x00, 0x03, 0xFC,
    0x00, 0x00, 0x00, 0x0F, 0xF0, 0x00, 0x00, 0x00, 0x7F, 0xC0, 0x00, 0x00, 0x02, 0xFF, 0x00, 0x00,
    0x00, 0xFF, 0xFC, 0x00, 0x00, 0x03, 0xFF, 0xF0, 0x00, 0x00, 0x00, 0x00, 0x00, 0x19, 0x07, 0xF8,
    0xBF, 0xCB, 0xFC, 0x7F, 0x81, 0xA0, 0x05, 0x00, 0xE0, 0x0C, 0x01, 0xF4, 0x2F, 0xD0, 0x2E, 0x02,
    0xE0, 0xBC, 0x7E, 0x00, 0x00, 0x00, 0x00, 0x00, 0x0F, 0xC0, 0x07, 0xFC, 0x02, 0xFF, 0xC0, 0xBF,
    0xFC, 0x01, 0x0F, 0xC0, 0x00, 0xFC, 0x00, 0x0F, 0xC0, 0x00, 0xFC, 0x00, 0x0F, 0xC0, 0x00, 0xFC,
    0x00, 0x0F, 0xC0, 0x00, 0xFC, 0x01, 0xBF, 0xE8, 0x7F, 0xFF, 0xD0, 0x00, 0x00, 0x01, 0xAA, 0x00,
    0x0B, 0xFF, 0xE0, 0x2F, 0x83, 0xF4, 0x3F, 0x01, 0xFC, 0x7F, 0x00, 0xFC, 0x7F, 0x00, 0xFC, 0x7F,
    0x00, 0xFC, 0x3F, 0x00, 0xFC, 0x3F, 0x01, 0xF8, 0x1F, 0xEB, 0xF0, 0x07, 0xFF, 0xC0, 0x00, 0x14,
    0x00, 0x10, 0x01, 0x40, 0x07, 0xC0, 0x3C, 0x00, 0x3E, 0x02, 0xF0, 0x01, 0xF4, 0x0F, 0x80, 0x0B,
    0xD0, 0xBD, 0x00, 0x3F, 0x03, 0xF4, 0x02, 0xFC, 0x1F, 0xC0, 0x1F, 0xE0, 0xFE, 0x02, 0xFC, 0x1F,
    0xC0, 0x3F, 0x03, 0xF4, 0x0B, 0xD0, 0x7E, 0x00, 0xF8, 0x0F, 0xC0, 0x2F, 0x01, 0xF0, 0x03, 0xC0,
    0x3C, 0x00, 0x20, 0x01, 0x40, 0x00, 0x00, 0x00, 0x00, 0x00, 0x00, 0x00, 0x00, 0x00, 0x1F, 0x80,
    0x00, 0x00, 0x60, 0x00, 0x00, 0x2F, 0xE0, 0x00, 0x00, 0x3F, 0x00, 0x00, 0x7F, 0xF8, 0x00, 0x00,
    0x1F, 0x40, 0x00, 0x3F, 0xFE, 0x00, 0x00, 0x0F, 0xC0, 0x00, 0x05, 0x2F, 0x40, 0x00, 0x0B, 0xC0,
    0x00, 0x00, 0x0B, 0xD0, 0x00, 0x03, 0xE0, 0x00, 0x00, 0x02, 0xF4, 0x00, 0x03, 0xF0, 0x00, 0x00,
    0x00, 0xBD, 0x00, 0x01, 0xF4, 0x00, 0x00, 0x00, 0x2F, 0x40, 0x00, 0xFC, 0x00, 0x04, 0x00, 0x0B,
    0xD0, 0x00, 0xBD, 0x00, 0x0B, 0x80, 0x02, 0xF4, 0x00, 0x3E, 0x00, 0x07, 0xF0, 0x00, 0xBE, 0x00,
    0x2F, 0x00, 0x03, 0xF0, 0x06, 0xBF, 0xE8, 0x1F, 0x80, 0x03, 0xF0, 0x03, 0xFF, 0xFF, 0x0F, 0xC0,
    0x02, 0xF4, 0x00, 0x00, 0x00, 0x07, 0xD0, 0x01, 0xF8, 0x00, 0x00, 0x00, 0x03, 0xF0, 0x00, 0xFC,
    0x18, 0x00, 0x00, 0x02, 0xF0, 0x00, 0xFC, 0x3E, 0x00, 0x00, 0x00, 0xF8, 0x00, 0xFD, 0x0F, 0x80,
    0x00, 0x00, 0xFC, 0x00, 0x3F, 0xFF, 0xFF, 0x00, 0x00, 0x7D, 0x00, 0x07, 0xFF, 0xFF, 0xC0, 0x00,
    0x3F, 0x00, 0x00, 0x00, 0x7F, 0x00, 0x00, 0x2F, 0x40, 0x00, 0x00, 0x1F, 0xC0, 0x00, 0x0F, 0x80,
    0x00, 0x00, 0x5B, 0xF9, 0x00, 0x0F, 0xC0, 0x00, 0x00, 0x2F, 0xFF, 0x80, 0x03, 0xE0, 0x00, 0x00,
    0x00, 0x00, 0x00, 0x00, 0x10, 0x00, 0x00, 0x00, 0x00, 0x00, 0x00, 0x00, 0x00, 0x00, 0x00, 0x00,
    0x00, 0x00, 0x1F, 0x80, 0x00, 0x00, 0x60, 0x00, 0x00, 0x2F, 0xE0, 0x00, 0x00, 0x3F, 0x00, 0x00,
    0x7F, 0xF8, 0x00, 0x00, 0x1F, 0x40, 0x00, 0x3F, 0xFE, 0x00, 0x00, 0x0F, 0xC0, 0x00, 0x05, 0x2F,
    0x40, 0x00, 0x0B, 0xC0, 0x00, 0x00, 0x0B, 0xD0, 0x00, 0x03, 0xE0, 0x00, 0x00, 0x02, 0xF4, 0x00,
    0x03, 0xF0, 0x00, 0x00, 0x00, 0xBD, 0x00, 0x01, 0xF4, 0x00, 0x00, 0x00, 0x2F, 0x40, 0x00, 0xFC,
    0x00, 0x00, 0x00, 0x0B, 0xD0, 0x00, 0xBD, 0x00, 0x00, 0x00, 0x02, 0xF4, 0x00, 0x3E, 0x06, 0xFF,
    0x90, 0x00, 0xBE, 0x00, 0x2F, 0x03, 0xFF, 0xFD, 0x06, 0xBF, 0xE8, 0x1F, 0x80, 0xF4, 0x3F, 0xC3,
    0xFF, 0xFF, 0x0F, 0xC0, 0x3C, 0x03, 0xF0, 0x00, 0x00, 0x07, 0xD0, 0x05, 0x00, 0xFC, 0x00, 0x00,
    0x03, 0xF0, 0x00, 0x00, 0xBF, 0x00, 0x00, 0x02, 0xF0, 0x00, 0x00, 0x3F, 0x40, 0x00, 0x00, 0xF8,
    0x00, 0x00, 0x3F, 0x80, 0x00, 0x00, 0xFC, 0x00, 0x00, 0x3F, 0x80, 0x00, 0x00, 0x7D, 0x00, 0x00,
    0x3F, 0x81, 0x40, 0x00, 0x3F, 0x00, 0x00, 0x3F, 0x40, 0xF0, 0x00, 0x2F, 0x40, 0x00, 0x3F, 0xD6,
    0xBC, 0x00, 0x0F, 0x80, 0x00, 0x1F, 0xFF, 0xFE, 0x00, 0x0F, 0xC0, 0x00, 0x07, 0xFF, 0xFF, 0x80,
    0x03, 0xE0, 0x00, 0x00, 0x00, 0x00, 0x00, 0x00, 0x10, 0x00, 0x00, 0x00, 0x00, 0x00, 0x6F, 0xF8,
    0x00, 0x00, 0x01, 0x80, 0x00, 0x3F, 0xFF, 0xC0, 0x00, 0x00, 0xFC, 0x00, 0x0B, 0x02, 0xF8, 0x00,
    0x00, 0x7D, 0x00, 0x02, 0xC0, 0x7F, 0x00, 0x00, 0x3F, 0x00, 0x00, 0x00, 0x2F, 0x80, 0x00, 0x2F,
    0x00, 0x00, 0x00, 0x0F, 0xC0, 0x00, 0x0F, 0x80, 0x00, 0x00, 0x2F, 0xD0, 0x00, 0x0F, 0xC0, 0x00,
    0x00, 0x3F, 0xF8, 0x00, 0x07, 0xD0, 0x00, 0x00, 0x01, 0x7F, 0x80, 0x03, 0xF0, 0x00, 0x10, 0x00,
    0x07, 0xF0, 0x02, 0xF4, 0x00, 0x2E, 0x00, 0x00, 0xFD, 0x00, 0xF8, 0x00, 0x1F, 0xC0, 0x00, 0x7F,
    0x00, 0xBC, 0x00, 0x0F, 0xC0, 0x00, 0x3F, 0x80, 0x7E, 0x00, 0x0F, 0xC0, 0x00, 0x7F, 0x80, 0x3F,
    0x00, 0x0B, 0xD0, 0x06, 0xFF, 0x40, 0x1F, 0x40, 0x07, 0xE0, 0x02, 0xF9, 0x00, 0x0F, 0xC0, 0x07,
    0xE0, 0x60, 0x00, 0x00, 0x0B, 0xC0, 0x03, 0xF0, 0xF8, 0x00, 0x00, 0x03, 0xE0, 0x03, 0xF4, 0x3E,
    0x00, 0x00, 0x03, 0xF0, 0x00, 0xFF, 0xFF, 0xF8, 0x00, 0x01, 0xF4, 0x00, 0x1F, 0xFF, 0xFE, 0x00,
    0x00, 0xFC, 0x00, 0x00, 0x01, 0xFC, 0x00, 0x00, 0xBD, 0x00, 0x00, 0x00, 0x7F, 0x00, 0x00, 0x3E,
    0x00, 0x00, 0x01, 0x6F, 0xE4, 0x00, 0x3F, 0x00, 0x00, 0x00, 0xBF, 0xFE, 0x00, 0x0F, 0x80, 0x00,
    0x00, 0x00, 0x00, 0x00, 0x00, 0x40, 0x00, 0x00, 0x00, 0x00, 0x00, 0x00, 0x00, 0xB8, 0x00, 0x02,
    0xFE, 0x00, 0x02, 0xFF, 0x00, 0x02, 0xFE, 0x00, 0x00, 0xFC, 0x00, 0x00, 0x00, 0x00, 0x00, 0x00,
    0x00, 0x00, 0x00, 0x00, 0x01, 0xFC, 0x00, 0x01, 0xFC, 0x00, 0x01, 0xFC, 0x00, 0x01, 0xFC, 0x00,
    0x16, 0xFC, 0x02, 0xFF, 0xFC, 0x0F, 0xFE, 0xA4, 0x2F, 0xE0, 0x00, 0x7F, 0xC0, 0x00, 0xBF, 0x40,
    0x00, 0xBF, 0x00, 0x00, 0xFF, 0x00, 0x00, 0xBF, 0x00, 0x19, 0xBF, 0x80, 0x1E, 0x3F, 0xC0, 0x2F,
    0x2F, 0xF4, 0x2F, 0x0B, 0xFF, 0xFF, 0x01, 0xBF, 0xF9, 0x00, 0x00, 0x00, 0x00, 0x01, 0x40, 0x00,
    0x00, 0x00, 0x00, 0x0F, 0xD0, 0x00, 0x00, 0x00, 0x00, 0x3F, 0xF4, 0x00, 0x00, 0x00, 0x00, 0x1B,
    0xFE, 0x00, 0x00, 0x00, 0x00, 0x01, 0xBC, 0x00, 0x00, 0x00, 0x00, 0x00, 0x10, 0x00, 0x00, 0x00,
    0x00, 0xA8, 0x00, 0x00, 0x00, 0x00, 0x0B, 0xF0, 0x00, 0x00, 0x00, 0x00, 0x3F, 0xD0, 0x00, 0x00,
    0x00, 0x00, 0xFF, 0x80, 0x00, 0x00, 0x00, 0x0B, 0xFF, 0x00, 0x00, 0x00, 0x00, 0x3F, 0xFD, 0x00,
    0x00, 0x00, 0x00, 0xFF, 0xFC, 0x00, 0x00, 0x00, 0x0B, 0xEB, 0xF0, 0x00, 0x00, 0x00, 0x3F, 0x1F,
    0xE0, 0x00, 0x00, 0x00, 0xFC, 0x3F, 0xC0, 0x00, 0x00, 0x0B, 0xE0, 0xFF, 0x00, 0x00, 0x00, 0x3F,
    0x41, 0xFE, 0x00, 0x00, 0x00, 0xFC, 0x03, 0xFC, 0x00, 0x00, 0x0B, 0xE0, 0x0F, 0xF4, 0x00, 0x00,
    0x3F, 0x40, 0x2F, 0xE0, 0x00, 0x00, 0xFF, 0xFF, 0xFF, 0xC0, 0x00, 0x0B, 0xFF, 0xFF, 0xFF, 0x40,
    0x00, 0x3F, 0x80, 0x02, 0xFE, 0x00, 0x01, 0xFC, 0x00, 0x03, 0xFC, 0x00, 0x0B, 0xF0, 0x00, 0x0F,
    0xF4, 0x00, 0x3F, 0x40, 0x00, 0x2F, 0xF0, 0x02, 0xFE, 0x00, 0x00, 0xBF, 0xE0, 0x7F, 0xFF, 0x40,
    0x2F, 0xFF, 0xF5, 0xFF, 0xFD, 0x00, 0xBF, 0xFF, 0xC0, 0x00, 0x00, 0x00, 0x00, 0x00, 0x00, 0x00,
    0x00, 0x00, 0x05, 0x00, 0x00, 0x00, 0x00, 0x01, 0xFC, 0x00, 0x00, 0x00, 0x00, 0x7F, 0xF4, 0x00,
    0x00, 0x00, 0x1F, 0xF9, 0x00, 0x00, 0x00, 0x00, 0xFD, 0x00, 0x00, 0x00, 0x00, 0x00, 0x00, 0x00,
    0x00, 0x00, 0x00, 0x00, 0xA8, 0x00, 0x00, 0x00, 0x00, 0x0B, 0xF0, 0x00, 0x00, 0x00, 0x00, 0x3F,
    0xD0, 0x00, 0x00, 0x00, 0x00, 0xFF, 0x80, 0x00, 0x00, 0x00, 0x0B, 0xFF, 0x00, 0x00, 0x00, 0x00,
    0x3F, 0xFD, 0x00, 0x00, 0x00, 0x00, 0xFF, 0xFC, 0x00, 0x00, 0x00, 0x0B, 0xEB, 0xF0, 0x00, 0x00,
    0x00, 0x3F, 0x1F, 0xE0, 0x00, 0x00, 0x00, 0xFC, 0x3F, 0xC0, 0x00, 0x00, 0x0B, 0xE0, 0xFF, 0x00,
    0x00, 0x00, 0x3F, 0x41, 0xFE, 0x00, 0x00, 0x00, 0xFC, 0x03, 0xFC, 0x00, 0x00, 0x0B, 0xE0, 0x0F,
    0xF4, 0x00, 0x00, 0x3F, 0x40, 0x2F, 0xE0, 0x00, 0x00, 0xFF, 0xFF, 0xFF, 0xC0, 0x00, 0x0B, 0xFF,
    0xFF, 0xFF, 0x40, 0x00, 0x3F, 0x80, 0x02, 0xFE, 0x00, 0x01, 0xFC, 0x00, 0x03, 0xFC, 0x00, 0x0B,
    0xF0, 0x00, 0x0F, 0xF4, 0x00, 0x3F, 0x40, 0x00, 0x2F, 0xF0, 0x02, 0xFE, 0x00, 0x00, 0xBF, 0xE0,
    0x7F, 0xFF, 0x40, 0x2F, 0xFF, 0xF5, 0xFF, 0xFD, 0x00, 0xBF, 0xFF, 0xC0, 0x00, 0x00, 0x00, 0x00,
    0x00, 0x00, 0x00, 0x00, 0x00, 0x00, 0x00, 0x00, 0x00, 0x00, 0xFF, 0x80, 0x00, 0x00, 0x00, 0x1F,
    0xFF, 0xC0, 0x00, 0x00, 0x02, 0xFD, 0x2F, 0xE0, 0x00, 0x00, 0x1F, 0x40, 0x0B, 0xC0, 0x00, 0x00,
    0x10, 0x00, 0x00, 0x00, 0x00, 0x00, 0x00, 0xA8, 0x00, 0x00, 0x00, 0x00, 0x0B, 0xF0, 0x00, 0x00,
    0x00, 0x00, 0x3F, 0xD0, 0x00, 0x00, 0x00, 0x00, 0xFF, 0x80, 0x00, 0x00, 0x00, 0x0B, 0xFF, 0x00,
    0x00, 0x00, 0x00, 0x3F, 0xFD, 0x00, 0x00, 0x00, 0x00, 0xFF, 0xFC, 0x00, 0x00, 0x00, 0x0B, 0xEB,
    0xF0, 0x00, 0x00, 0x00, 0x3F, 0x1F, 0xE0, 0x00, 0x00, 0x00, 0xFC, 0x3F, 0xC0, 0x00, 0x00, 0x0B,
    0xE0, 0xFF, 0x00, 0x00, 0x00, 0x3F, 0x41, 0xFE, 0x00, 0x00, 0x00, 0xFC, 0x03, 0xFC, 0x00, 0x00,
    0x0B, 0xE0, 0x0F, 0xF4, 0x00, 0x00, 0x3F, 0x40, 0x2F, 0xE0, 0x00, 0x00, 0xFF, 0xFF, 0xFF, 0xC0,
    0x00, 0x0B, 0xFF, 0xFF, 0xFF, 0x40, 0x00, 0x3F, 0x80, 0x02, 0xFE, 0x00, 0x01, 0xFC, 0x00, 0x03,
    0xFC, 0x00, 0x0B, 0xF0, 0x00, 0x0F, 0xF4, 0x00, 0x3F, 0x40, 0x00, 0x2F, 0xF0, 0x02, 0xFE, 0x00,
    0x00, 0xBF, 0xE0, 0x7F, 0xFF, 0x40, 0x2F, 0xFF, 0xF5, 0xFF, 0xFD, 0x00, 0xBF, 0xFF, 0xC0, 0x00,
    0x00, 0x00, 0x00, 0x00, 0x00, 0x00, 0x00, 0x90, 0x01, 0x40, 0x00, 0x00, 0x0F, 0xFE, 0x5F, 0x00,
    0x00, 0x00, 0xFF, 0xFF, 0xF4, 0x00, 0x00, 0x07, 0x81, 0xBF, 0x80, 0x00, 0x00, 0x04, 0x00, 0x04,
    0x00, 0x00, 0x00, 0x00, 0x2A, 0x00, 0x00, 0x00, 0x00, 0x02, 0xFC, 0x00, 0x00, 0x00, 0x00, 0x0F,
    0xF4, 0x00, 0x00, 0x00, 0x00, 0x3F, 0xE0, 0x00, 0x00, 0x00, 0x02, 0xFF, 0xC0, 0x00, 0x00, 0x00,
    0x0F, 0xFF, 0x40, 0x00, 0x00, 0x00, 0x3F, 0xFF, 0x00, 0x00, 0x00, 0x02, 0xFA, 0xFC, 0x00, 0x00,
    0x00, 0x0F, 0xC7, 0xF8, 0x00, 0x00, 0x00, 0x3F, 0x0F, 0xF0, 0x00, 0x00, 0x02, 0xF8, 0x3F, 0xC0,
    0x00, 0x00, 0x0F, 0xD0, 0x7F, 0x80, 0x00, 0x00, 0x3F, 0x00, 0xFF, 0x00, 0x00, 0x02, 0xF8, 0x03,
    0xFD, 0x00, 0x00, 0x0F, 0xD0, 0x0B, 0xF8, 0x00, 0x00, 0x3F, 0xFF, 0xFF, 0xF0, 0x00, 0x02, 0xFF,
    0xFF, 0xFF, 0xD0, 0x00, 0x0F, 0xE0, 0x00, 0xBF, 0x80, 0x00, 0x7F, 0x00, 0x00, 0xFF, 0x00, 0x02,
    0xFC, 0x00, 0x03, 0xFD, 0x00, 0x0F, 0xD0, 0x00, 0x0B, 0xFC, 0x00, 0xBF, 0x80, 0x00, 0x2F, 0xF8,
    0x1F, 0xFF, 0xD0, 0x0B, 0xFF, 0xFD, 0x7F, 0xFF, 0x40, 0x2F, 0xFF, 0xF0, 0x00, 0x00, 0x00, 0x00,
    0x00, 0x00, 0x00, 0x02, 0xE0, 0x2E, 0x00, 0x00, 0x00, 0x2F, 0xC1, 0xFC, 0x00, 0x00, 0x00, 0xBF,
    0x0B, 0xF4, 0x00, 0x00, 0x01, 0xFC, 0x0F, 0xC0, 0x00, 0x00, 0x00, 0x40, 0x04, 0x00, 0x00, 0x00,
    0x00, 0x2A, 0x00, 0x00, 0x00, 0x00, 0x02, 0xFC, 0x00, 0x00, 0x00, 0x00, 0x0F, 0xF4, 0x00, 0x00,
    0x00, 0x00, 0x3F, 0xE0, 0x00, 0x00, 0x00, 0x02, 0xFF, 0xC0, 0x00, 0x00, 0x00, 0x0F, 0xFF, 0x40,
    0x00, 0x00, 0x00, 0x3F, 0xFF, 0x00, 0x00, 0x00, 0x02, 0xFA, 0xFC, 0x00, 0x00, 0x00, 0x0F, 0xC7,
    0xF8, 0x00, 0x00, 0x00, 0x3F, 0x0F, 0xF0, 0x00, 0x00, 0x02, 0xF8, 0x3F, 0xC0, 0x00, 0x00, 0x0F,
    0xD0, 0x7F, 0x80, 0x00, 0x00, 0x3F, 0x00, 0xFF, 0x00, 0x00, 0x02, 0xF8, 0x03, 0xFD, 0x00, 0x00,
    0x0F, 0xD0, 0x0B, 0xF8, 0x00, 0x00, 0x3F, 0xFF, 0xFF, 0xF0, 0x00, 0x02, 0xFF, 0xFF, 0xFF, 0xD0,
    0x00, 0x0F, 0xE0, 0x00, 0xBF, 0x80, 0x00, 0x7F, 0x00, 0x00, 0xFF, 0x00, 0x02, 0xFC, 0x00, 0x03,
    0xFD, 0x00, 0x0F, 0xD0, 0x00, 0x0B, 0xFC, 0x00, 0xBF, 0x80, 0x00, 0x2F, 0xF8, 0x1F, 0xFF, 0xD0,
    0x0B, 0xFF, 0xFD, 0x7F, 0xFF, 0x40, 0x2F, 0xFF, 0xF0, 0x00, 0x00, 0x00, 0x00, 0x00, 0x00, 0x00,
    0x00, 0x05, 0x40, 0x00, 0x00, 0x00, 0x00, 0xFF, 0x80, 0x00, 0x00, 0x00, 0x0B, 0x8B, 0x40, 0x00,
    0x00, 0x00, 0x2C, 0x1D, 0x00, 0x00, 0x00, 0x00, 0xB8, 0xF4, 0x00, 0x00, 0x00, 0x00, 0xFF, 0x80,
    0x00, 0x00, 0x00, 0x00, 0x54, 0x00, 0x00, 0x00, 0x00, 0x02, 0xA0, 0x00, 0x00, 0x00, 0x00, 0x2F,
    0xC0, 0x00, 0x00, 0x00, 0x00, 0xFF, 0x40, 0x00, 0x00, 0x00, 0x03, 0xFE, 0x00, 0x00, 0x00, 0x00,
    0x2F, 0xFC, 0x00, 0x00, 0x00, 0x00, 0xFF, 0xF4, 0x00, 0x00, 0x00, 0x03, 0xFF, 0xF0, 0x00, 0x00,
    0x00, 0x2F, 0xAF, 0xC0, 0x00, 0x00, 0x00, 0xFC, 0x7F, 0x80, 0x00, 0x00, 0x03, 0xF0, 0xFF, 0x00,
    0x00, 0x00, 0x2F, 0x83, 0xFC, 0x00, 0x00, 0x00, 0xFD, 0x07, 0xF8, 0x00, 0x00, 0x03, 0xF0, 0x0F,
    0xF0, 0x00, 0x00, 0x2F, 0x80, 0x3F, 0xD0, 0x00, 0x00, 0xFD, 0x00, 0xBF, 0x80, 0x00, 0x03, 0xFF,
    0xFF, 0xFF, 0x00, 0x00, 0x2F, 0xFF, 0xFF, 0xFD, 0x00, 0x00, 0xFE, 0x00, 0x0B, 0xF8, 0x00, 0x07,
    0xF0, 0x00, 0x0F, 0xF0, 0x00, 0x2F, 0xC0, 0x00, 0x3F, 0xD0, 0x00, 0xFD, 0x00, 0x00, 0xBF, 0xC0,
    0x0B, 0xF8, 0x00, 0x02, 0xFF, 0x81, 0xFF, 0xFD, 0x00, 0xBF, 0xFF, 0xD7, 0xFF, 0xF4, 0x02, 0xFF,
    0xFF, 0x00, 0x00, 0x00, 0x00, 0x00, 0x00, 0x00, 0x00, 0x00, 0x2A, 0xAA, 0xAA, 0xAA, 0x40, 0x00,
    0x00, 0x0B, 0xFF, 0xFF, 0xFF, 0xFC, 0x00, 0x00, 0x00, 0xFF, 0xEA, 0xAA, 0xFF, 0xC0, 0x00, 0x00,
    0x2F, 0xF8, 0x00, 0x00, 0x7C, 0x00, 0x00, 0x03, 0xFF, 0x80, 0x00, 0x03, 0xC0, 0x00, 0x00, 0xBF,
    0xFC, 0x00, 0x00, 0x28, 0x00, 0x00, 0x0F, 0xFF, 0xC0, 0x00, 0x00, 0x00, 0x00, 0x02, 0xF6, 0xFC,
    0x00, 0x00, 0x00, 0x00, 0x00, 0x3F, 0x2F, 0xD0, 0x00, 0x24, 0x00, 0x00, 0x0B, 0xE1, 0xFE, 0x00,
    0x07, 0x80, 0x00, 0x00, 0xFC, 0x0F, 0xF0, 0x01, 0xB8, 0x00, 0x00, 0x2F, 0x80, 0xFF, 0xFF, 0xFF,
    0x80, 0x00, 0x03, 0xF0, 0x0F, 0xFF, 0xFF, 0xF8, 0x00, 0x00, 0x7E, 0x00, 0xBF, 0x40, 0x0B, 0x80,
    0x00, 0x0F, 0xD0, 0x0B, 0xF8, 0x00, 0x78, 0x00, 0x01, 0xFF, 0xFF, 0xFF, 0xC0, 0x01, 0x00, 0x00,
    0x3F, 0xFF, 0xFF, 0xFC, 0x00, 0x00, 0x00, 0x07, 0xE0, 0x00, 0x3F, 0xC0, 0x00, 0x00, 0x00, 0xFC,
    0x00, 0x02, 0xFD, 0x00, 0x00, 0xF0, 0x1F, 0xC0, 0x00, 0x1F, 0xE0, 0x00, 0x1F, 0x03, 0xF4, 0x00,
    0x01, 0xFF, 0x00, 0x02, 0xF0, 0xBF, 0x40, 0x00, 0x1F, 0xF5, 0x55, 0xBE, 0x7F, 0xFF, 0x40, 0x0F,
    0xFF, 0xFF, 0xFF, 0xE7, 0xFF, 0xF4, 0x00, 0xFF, 0xFF, 0xFF, 0xFD, 0x00, 0x00, 0x00, 0x00, 0x00,
    0x00, 0x00, 0x00, 0x00, 0x01, 0xBF, 0xFA, 0x40, 0x00, 0xBF, 0xFF, 0xFF, 0xD0, 0x0F, 0xFE, 0x5A,
    0xFF, 0x40, 0xFF, 0xC0, 0x00, 0xBC, 0x0F, 0xFC, 0x00, 0x01, 0xF0, 0x7F, 0xD0, 0x00, 0x07, 0xC3,
    0xFF, 0x00, 0x00, 0x06, 0x0F, 0xF4, 0x00, 0x00, 0x00, 0x7F, 0xC0, 0x00, 0x00, 0x02, 0xFF, 0x00,
    0x00, 0x00, 0x0B, 0xFC, 0x00, 0x00, 0x00, 0x2F, 0xF0, 0x00, 0x00, 0x00, 0xBF, 0xC0, 0x00, 0x00,
    0x02, 0xFF, 0x00, 0x00, 0x00, 0x0B, 0xFC, 0x00, 0x00, 0x00, 0x1F, 0xF0, 0x00, 0x00, 0x00, 0x3F,
    0xD0, 0x00, 0x00, 0x00, 0xFF, 0x80, 0x00, 0x00, 0x02, 0xFF, 0x00, 0x00, 0x0B, 0x43, 0xFE, 0x00,
    0x00, 0x3E, 0x07, 0xFD, 0x00, 0x00, 0xF8, 0x0B, 0xFE, 0x00, 0x1B, 0xE0, 0x07, 0xFF, 0xFF, 0xFF,
    0x80, 0x02, 0xFF, 0xFF, 0xF9, 0x00, 0x00, 0x1E, 0x54, 0x00, 0x00, 0x00, 0x70, 0x00, 0x00, 0x00,
    0x02, 0xF4, 0x00, 0x00, 0x00, 0x0B, 0xF4, 0x00, 0x00, 0x00, 0x03, 0xE0, 0x00, 0x00, 0x00, 0x0B,
    0x80, 0x00, 0x00, 0x00, 0xBC, 0x00, 0x00, 0x00, 0x1F, 0x80, 0x00, 0x00, 0x00, 0x00, 0x00, 0x00,
    0x00, 0x14, 0x00, 0x00, 0x00, 0x00, 0xFD, 0x00, 0x00, 0x00, 0x03, 0xFF, 0x40, 0x00, 0x00, 0x01,
    0xBF, 0xE0, 0x00, 0x00, 0x00, 0x1B, 0xC0, 0x00, 0x00, 0x00, 0x01, 0x00, 0x00, 0x00, 0x00, 0x00,
    0x00, 0x0A, 0xAA, 0xAA, 0xAA, 0xA0, 0x3F, 0xFF, 0xFF, 0xFF, 0xD0, 0xAF, 0xFE, 0xAB, 0xFF, 0x40,
    0x2F, 0xE0, 0x00, 0x3D, 0x00, 0xBF, 0x80, 0x00, 0xF4, 0x01, 0xFE, 0x00, 0x02, 0x90, 0x07, 0xF8,
    0x00, 0x00, 0x00, 0x1F, 0xE0, 0x00, 0x00, 0x00, 0x7F, 0x80, 0x09, 0x00, 0x01, 0xFE, 0x00, 0x38,
    0x00, 0x07, 0xF8, 0x02, 0xE0, 0x00, 0x1F, 0xFF, 0xFF, 0x80, 0x00, 0x7F, 0xFF, 0xFF, 0x00, 0x01,
    0xFE, 0x00, 0x7C, 0x00, 0x07, 0xF8, 0x00, 0xF0, 0x00, 0x1F, 0xE0, 0x01, 0x00, 0x00, 0x7F, 0x80,
    0x00, 0x00, 0x01, 0xFE, 0x00, 0x00, 0x00, 0x07, 0xF8, 0x00, 0x03, 0xC0, 0x1F, 0xE0, 0x00, 0x0F,
    0x00, 0xBF, 0x80, 0x00, 0xBC, 0x03, 0xFF, 0x55, 0x5B, 0xF0, 0xFF, 0xFF, 0xFF, 0xFF, 0xC3, 0xFF,
    0xFF, 0xFF, 0xFE, 0x00, 0x00, 0x00, 0x00, 0x00, 0x00, 0x00, 0x00, 0x50, 0x00, 0x00, 0x00, 0x1F,
    0xC0, 0x00, 0x00, 0x07, 0xFF, 0x40, 0x00, 0x02, 0xFF, 0x90, 0x00, 0x00, 0x0F, 0x90, 0x00, 0x00,
    0x00, 0x00, 0x00, 0x00, 0x00, 0x00, 0x00, 0x00, 0x00, 0x0A, 0xAA, 0xAA, 0xAA, 0xA0, 0x3F, 0xFF,
    0xFF, 0xFF, 0xD0, 0xAF, 0xFE, 0xAB, 0xFF, 0x40, 0x2F, 0xE0, 0x00, 0x3D, 0x00, 0xBF, 0x80, 0x00,
    0xF4, 0x01, 0xFE, 0x00, 0x02, 0x90, 0x07, 0xF8, 0x00, 0x00, 0x00, 0x1F, 0xE0, 0x00, 0x00, 0x00,
    0x7F, 0x80, 0x09, 0x00, 0x01, 0xFE, 0x00, 0x38, 0x00, 0x07, 0xF8, 0x02, 0xE0, 0x00, 0x1F, 0xFF,
    0xFF, 0x80, 0x00, 0x7F, 0xFF, 0xFF, 0x00, 0x01, 0xFE, 0x00, 0x7C, 0x00, 0x07, 0xF8, 0x00, 0xF0,
    0x00, 0x1F, 0xE0, 0x01, 0x00, 0x00, 0x7F, 0x80, 0x00, 0x00, 0x01, 0xFE, 0x00, 0x00, 0x00, 0x07,
    0xF8, 0x00, 0x03, 0xC0, 0x1F, 0xE0, 0x00, 0x0F, 0x00, 0xBF, 0x80, 0x00, 0xBC, 0x03, 0xFF, 0x55,
    0x5B, 0xF0, 0xFF, 0xFF, 0xFF, 0xFF, 0xC3, 0xFF, 0xFF, 0xFF, 0xFE, 0x00, 0x00, 0x00, 0x00, 0x00,
    0x00, 0x00, 0x00, 0x00, 0x00, 0x00, 0x0F, 0xF8, 0x00, 0x00, 0x01, 0xFF, 0xFC, 0x00, 0x00, 0x2F,
    0xD2, 0xFE, 0x00, 0x01, 0xF4, 0x00, 0xBC, 0x00, 0x01, 0x00, 0x00, 0x00, 0x00, 0x00, 0x00, 0x00,
    0x00, 0x0A, 0xAA, 0xAA, 0xAA, 0xA0, 0x3F, 0xFF, 0xFF, 0xFF, 0xD0, 0xAF, 0xFE, 0xAB, 0xFF, 0x40,
    0x2F, 0xE0, 0x00, 0x3D, 0x00, 0xBF, 0x80, 0x00, 0xF4, 0x01, 0xFE, 0x00, 0x02, 0x90, 0x07, 0xF8,
    0x00, 0x00, 0x00, 0x1F, 0xE0, 0x00, 0x00, 0x00, 0x7F, 0x80, 0x09, 0x00, 0x01, 0xFE, 0x00, 0x38,
    0x00, 0x07, 0xF8, 0x02, 0xE0, 0x00, 0x1F, 0xFF, 0xFF, 0x80, 0x00, 0x7F, 0xFF, 0xFF, 0x00, 0x01,
    0xFE, 0x00, 0x7C, 0x00, 0x07, 0xF8, 0x00, 0xF0, 0x00, 0x1F, 0xE0, 0x01, 0x00, 0x00, 0x7F, 0x80,
    0x00, 0x00, 0x01, 0xFE, 0x00, 0x00, 0x00, 0x07, 0xF8, 0x00, 0x03, 0xC0, 0x1F, 0xE0, 0x00, 0x0F,
    0x00, 0xBF, 0x80, 0x00, 0xBC, 0x03, 0xFF, 0x55, 0x5B, 0xF0, 0xFF, 0xFF, 0xFF, 0xFF, 0xC3, 0xFF,
    0xFF, 0xFF, 0xFE, 0x00, 0x00, 0x00, 0x00, 0x00, 0x00, 0x2E, 0x02, 0xE0, 0x00, 0x02, 0xFC, 0x1F,
    0xC0, 0x00, 0x0B, 0xF0, 0xBF, 0x40, 0x00, 0x1F, 0xC0, 0xFC, 0x00, 0x00, 0x04, 0x00, 0x40, 0x00,
    0xAA, 0xAA, 0xAA, 0xAA, 0x03, 0xFF, 0xFF, 0xFF, 0xFD, 0x0A, 0xFF, 0xEA, 0xBF, 0xF4, 0x02, 0xFE,
    0x00, 0x03, 0xD0, 0x0B, 0xF8, 0x00, 0x0F, 0x40, 0x1F, 0xE0, 0x00, 0x29, 0x00, 0x7F, 0x80, 0x00,
    0x00, 0x01, 0xFE, 0x00, 0x00, 0x00, 0x07, 0xF8, 0x00, 0x90, 0x00, 0x1F, 0xE0, 0x03, 0x80, 0x00,
    0x7F, 0x80, 0x2E, 0x00, 0x01, 0xFF, 0xFF, 0xF8, 0x00, 0x07, 0xFF, 0xFF, 0xF0, 0x00, 0x1F, 0xE0,
    0x07, 0xC0, 0x00, 0x7F, 0x80, 0x0F, 0x00, 0x01, 0xFE, 0x00, 0x10, 0x00, 0x07, 0xF8, 0x00, 0x00,
    0x00, 0x1F, 0xE0, 0x00, 0x00, 0x00, 0x7F, 0x80, 0x00, 0x3C, 0x01, 0xFE, 0x00, 0x00, 0xF0, 0x0B,
    0xF8, 0x00, 0x0B, 0xC0, 0x3F, 0xF5, 0x55, 0xBF, 0x0F, 0xFF, 0xFF, 0xFF, 0xFC, 0x3F, 0xFF, 0xFF,
    0xFF, 0xE0, 0x00, 0x00, 0x00, 0x00, 0x00, 0x04, 0x00, 0x00, 0xBE, 0x00, 0x03, 0xFF, 0x80, 0x00,
    0xBF, 0xE0, 0x00, 0x1B, 0xC0, 0x00, 0x01, 0x00, 0x00, 0x00, 0x0A, 0xAA, 0xA8, 0x3F, 0xFF, 0xF0,
    0xAF, 0xFF, 0x80, 0x2F, 0xF0, 0x00, 0xBF, 0x80, 0x01, 0xFE, 0x00, 0x07, 0xF8, 0x00, 0x1F, 0xE0,
    0x00, 0x7F, 0x80, 0x01, 0xFE, 0x00, 0x07, 0xF8, 0x00, 0x1F, 0xE0, 0x00, 0x7F, 0x80, 0x01, 0xFE,
    0x00, 0x07, 0xF8, 0x00, 0x1F, 0xE0, 0x00, 0x7F, 0x80, 0x01, 0xFE, 0x00, 0x07, 0xF8, 0x00, 0x1F,
    0xE0, 0x00, 0xBF, 0x80, 0x03, 0xFF, 0x00, 0xFF, 0xFF, 0xD3, 0xFF, 0xFF, 0x40, 0x00, 0x00, 0x00,
    0x00, 0x10, 0x00, 0x1B, 0xC0, 0x07, 0xFF, 0x41, 0xFF, 0xD0, 0x0F, 0xD0, 0x00, 0x00, 0x00, 0x00,
    0x00, 0x00, 0x0A, 0xAA, 0xA8, 0x3F, 0xFF, 0xF0, 0xAF, 0xFF, 0x80, 0x2F, 0xF0, 0x00, 0xBF, 0x80,
    0x01, 0xFE, 0x00, 0x07, 0xF8, 0x00, 0x1F, 0xE0, 0x00, 0x7F, 0x80, 0x01, 0xFE, 0x00, 0x07, 0xF8,
    0x00, 0x1F, 0xE0, 0x00, 0x7F, 0x80, 0x01, 0xFE, 0x00, 0x07, 0xF8, 0x00, 0x1F, 0xE0, 0x00, 0x7F,
    0x80, 0x01, 0xFE, 0x00, 0x07, 0xF8, 0x00, 0x1F, 0xE0, 0x00, 0xBF, 0x80, 0x03, 0xFF, 0x00, 0xFF,
    0xFF, 0xD3, 0xFF, 0xFF, 0x40, 0x00, 0x00, 0x00, 0x00, 0x00, 0x00, 0x2F, 0xE0, 0x00, 0x7F, 0xFF,
    0x40, 0xBF, 0x47, 0xF8, 0x3D, 0x00, 0x1F, 0x00, 0x00, 0x00, 0x00, 0x00, 0x00, 0x00, 0x2A, 0xAA,
    0xA0, 0x0F, 0xFF, 0xFC, 0x02, 0xBF, 0xFE, 0x00, 0x0B, 0xFC, 0x00, 0x02, 0xFE, 0x00, 0x00, 0x7F,
    0x80, 0x00, 0x1F, 0xE0, 0x00, 0x07, 0xF8, 0x00, 0x01, 0xFE, 0x00, 0x00, 0x7F, 0x80, 0x00, 0x1F,
    0xE0, 0x00, 0x07, 0xF8, 0x00, 0x01, 0xFE, 0x00, 0x00, 0x7F, 0x80, 0x00, 0x1F, 0xE0, 0x00, 0x07,
    0xF8, 0x00, 0x01, 0xFE, 0x00, 0x00, 0x7F, 0x80, 0x00, 0x1F, 0xE0, 0x00, 0x07, 0xF8, 0x00, 0x02,
    0xFE, 0x00, 0x00, 0xFF, 0xC0, 0x03, 0xFF, 0xFF, 0x40, 0xFF, 0xFF, 0xD0, 0x00, 0x00, 0x00, 0x2E,
    0x02, 0xE1, 0xFD, 0x1F, 0xD7, 0xF4, 0x7F, 0x4F, 0xC0, 0xFC, 0x04, 0x00, 0x40, 0xAA, 0xAA, 0x83,
    0xFF, 0xFF, 0x0A, 0xFF, 0xF8, 0x02, 0xFF, 0x00, 0x0B, 0xF8, 0x00, 0x1F, 0xE0, 0x00, 0x7F, 0x80,
    0x01, 0xFE, 0x00, 0x07, 0xF8, 0x00, 0x1F, 0xE0, 0x00, 0x7F, 0x80, 0x01, 0xFE, 0x00, 0x07, 0xF8,
    0x00, 0x1F, 0xE0, 0x00, 0x7F, 0x80, 0x01, 0xFE, 0x00, 0x07, 0xF8, 0x00, 0x1F, 0xE0, 0x00, 0x7F,
    0x80, 0x01, 0xFE, 0x00, 0x0B, 0xF8, 0x00, 0x3F, 0xF0, 0x0F, 0xFF, 0xFD, 0x3F, 0xFF, 0xF4, 0x00,
    0x00, 0x00, 0x0A, 0xAA, 0xAA, 0xA4, 0x00, 0x00, 0x0F, 0xFF, 0xFF, 0xFF, 0xE0, 0x00, 0x0A, 0xFF,
    0xEA, 0xBF, 0xFD, 0x00, 0x00, 0xBF, 0x80, 0x02, 0xFF, 0x40, 0x00, 0xBF, 0x80, 0x00, 0x7F, 0xD0,
    0x00, 0x7F, 0x80, 0x00, 0x2F, 0xF0, 0x00, 0x7F, 0x80, 0x00, 0x0F, 0xF4, 0x00, 0x7F, 0x80, 0x00,
    0x0B, 0xFC, 0x00, 0x7F, 0x80, 0x00, 0x07, 0xFC, 0x00, 0x7F, 0x80, 0x00, 0x03, 0xFD, 0x00, 0x7F,
    0x80, 0x00, 0x03, 0xFD, 0x7F, 0xFF, 0xFF, 0xC0, 0x03, 0xFE, 0x7F, 0xFF, 0xFF, 0xC0, 0x03, 0xFE,
    0x00, 0x7F, 0x80, 0x00, 0x03, 0xFD, 0x00, 0x7F, 0x80, 0x00, 0x03, 0xFD, 0x00, 0x7F, 0x80, 0x00,
    0x03, 0xFC, 0x00, 0x7F, 0x80, 0x00, 0x07, 0xFC, 0x00, 0x7F, 0x80, 0x00, 0x0F, 0xF8, 0x00, 0x7F,
    0x80, 0x00, 0x1F, 0xF0, 0x00, 0x7F, 0x80, 0x00, 0x3F, 0xE0, 0x00, 0xBF, 0x80, 0x00, 0xFF, 0xC0,
    0x00, 0xFF, 0xC0, 0x1B, 0xFF, 0x00, 0x0F, 0xFF, 0xFF, 0xFF, 0xF4, 0x00, 0x0F, 0xFF, 0xFF, 0xFE,
    0x40, 0x00, 0x00, 0x00, 0x00, 0x00, 0x00, 0x00, 0x00, 0x00, 0x24, 0x00, 0x10, 0x00, 0x00, 0x00,
    0x3F, 0xF9, 0x7C, 0x00, 0x00, 0x00, 0x2F, 0xFF, 0xFE, 0x00, 0x00, 0x00, 0x0F, 0x06, 0xFF, 0x00,
    0x00, 0x00, 0x01, 0x00, 0x01, 0x00, 0x00, 0x00, 0x00, 0x00, 0x00, 0x00, 0x00, 0x02, 0xAA, 0x80,
    0x00, 0x06, 0xAA, 0xA4, 0xFF, 0xFC, 0x00, 0x03, 0xFF, 0xFE, 0x2B, 0xFF, 0x40, 0x00, 0x6F, 0xFE,
    0x40, 0xBF, 0xF0, 0x00, 0x01, 0xFC, 0x00, 0x2F, 0xFE, 0x00, 0x00, 0x7F, 0x00, 0x07, 0xFF, 0xD0,
    0x00, 0x0F, 0xC0, 0x01, 0xFF, 0xFC, 0x00, 0x03, 0xF0, 0x00, 0x7F, 0xFF, 0x80, 0x00, 0xFC, 0x00,
    0x1F, 0x9F, 0xF4, 0x00, 0x3F, 0x00, 0x07, 0xE2, 0xFF, 0x00, 0x0F, 0xC0, 0x01, 0xF8, 0x3F, 0xF0,
    0x03, 0xF0, 0x00, 0x7E, 0x03, 0xFE, 0x00, 0xFC, 0x00, 0x1F, 0x80, 0x7F, 0xC0, 0x3F, 0x00, 0x07,
    0xE0, 0x0B, 0xFC, 0x0F, 0xC0, 0x01, 0xF8, 0x00, 0xFF, 0x83, 0xF0, 0x00, 0x7E, 0x00, 0x1F, 0xF4,
    0xFC, 0x00, 0x1F, 0x80, 0x02, 0xFF, 0x7F, 0x00, 0x07, 0xE0, 0x00, 0x3F, 0xFF, 0xC0, 0x01, 0xF8,
    0x00, 0x03, 0xFF, 0xF0, 0x00, 0x7F, 0x00, 0x00, 0x7F, 0xFC, 0x00, 0x2F, 0xC0, 0x00, 0x0B, 0xFF,
    0x00, 0x0F, 0xF0, 0x00, 0x00, 0xFF, 0xC0, 0x3F, 0xFF, 0xD0, 0x00, 0x1F, 0xF0, 0x0F, 0xFF, 0xF4,
    0x00, 0x02, 0xFC, 0x00, 0x00, 0x00, 0x00, 0x00, 0x00, 0x00, 0x00, 0x00, 0x40, 0x00, 0x00, 0x00,
    0x00, 0x0B, 0xE0, 0x00, 0x00, 0x00, 0x00, 0x3F, 0xF8, 0x00, 0x00, 0x00, 0x00, 0x0B, 0xFE, 0x00,
    0x00, 0x00, 0x00, 0x01, 0xBD, 0x00, 0x00, 0x00, 0x00, 0x00, 0x10, 0x00, 0x00, 0x00, 0x00, 0x00,
    0x00, 0x00, 0x00, 0x00, 0x6F, 0xFE, 0x40, 0x00, 0x00, 0x1F, 0xFF, 0xFF, 0xE0, 0x00, 0x03, 0xFF,
    0xE6, 0xBF, 0xF0, 0x00, 0x3F, 0xF0, 0x00, 0x3F, 0xF0, 0x02, 0xFF, 0x00, 0x00, 0x3F, 0xF0, 0x0F,
    0xF4, 0x00, 0x00, 0x3F, 0xD0, 0xBF, 0xC0, 0x00, 0x00, 0xBF, 0xC3, 0xFE, 0x00, 0x00, 0x01, 0xFF,
    0x5F, 0xF4, 0x00, 0x00, 0x03, 0xFE, 0xBF, 0xC0, 0x00, 0x00, 0x0F, 0xFE, 0xFF, 0x00, 0x00, 0x00,
    0x3F, 0xFB, 0xFC, 0x00, 0x00, 0x00, 0xBF, 0xFF, 0xF0, 0x00, 0x00, 0x02, 0xFF, 0xBF, 0xC0, 0x00,
    0x00, 0x0B, 0xFE, 0xFF, 0x00, 0x00, 0x00, 0x3F, 0xF7, 0xFC, 0x00, 0x00, 0x00, 0xFF, 0x8F, 0xF4,
    0x00, 0x00, 0x03, 0xFD, 0x3F, 0xE0, 0x00, 0x00, 0x1F, 0xF0, 0x7F, 0xC0, 0x00, 0x00, 0xFF, 0x80,
    0xFF, 0x80, 0x00, 0x07, 0xFC, 0x01, 0xFF, 0x40, 0x00, 0x7F, 0xE0, 0x01, 0xFF, 0x90, 0x0B, 0xFE,
    0x00, 0x01, 0xFF, 0xFF, 0xFF, 0xD0, 0x00, 0x00, 0xBF, 0xFF, 0xF8, 0x00, 0x00, 0x00, 0x05, 0x54,
    0x00, 0x00, 0x00, 0x00, 0x00, 0x02, 0x00, 0x00, 0x00, 0x00, 0x00, 0xBD, 0x00, 0x00, 0x00, 0x00,
    0x7F, 0xF8, 0x00, 0x00, 0x00, 0x1F, 0xFD, 0x00, 0x00, 0x00, 0x00, 0xBD, 0x00, 0x00, 0x00, 0x00,
    0x00, 0x00, 0x00, 0x00, 0x00, 0x00, 0x00, 0x00, 0x00, 0x00, 0x00, 0x00, 0x6F, 0xFE, 0x40, 0x00,
    0x00, 0x1F, 0xFF, 0xFF, 0xE0, 0x00, 0x03, 0xFF, 0xE6, 0xBF, 0xF0, 0x00, 0x3F, 0xF0, 0x00, 0x3F,
    0xF0, 0x02, 0xFF, 0x00, 0x00, 0x3F, 0xF0, 0x0F, 0xF4, 0x00, 0x00, 0x3F, 0xD0, 0xBF, 0xC0, 0x00,
    0x00, 0xBF, 0xC3, 0xFE, 0x00, 0x00, 0x01, 0xFF, 0x5F, 0xF4, 0x00, 0x00, 0x03, 0xFE, 0xBF, 0xC0,
    0x00, 0x00, 0x0F, 0xFE, 0xFF, 0x00, 0x00, 0x00, 0x3F, 0xFB, 0xFC, 0x00, 0x00, 0x00, 0xBF, 0xFF,
    0xF0, 0x00, 0x00, 0x02, 0xFF, 0xBF, 0xC0, 0x00, 0x00, 0x0B, 0xFE, 0xFF, 0x00, 0x00, 0x00, 0x3F,
    0xF7, 0xFC, 0x00, 0x00, 0x00, 0xFF, 0x8F, 0xF4, 0x00, 0x00, 0x03, 0xFD, 0x3F, 0xE0, 0x00, 0x00,
    0x1F, 0xF0, 0x7F, 0xC0, 0x00, 0x00, 0xFF, 0x80, 0xFF, 0x80, 0x00, 0x07, 0xFC, 0x01, 0xFF, 0x40,
    0x00, 0x7F, 0xE0, 0x01, 0xFF, 0x90, 0x0B, 0xFE, 0x00, 0x01, 0xFF, 0xFF, 0xFF, 0xD0, 0x00, 0x00,
    0xBF, 0xFF, 0xF8, 0x00, 0x00, 0x00, 0x05, 0x54, 0x00, 0x00, 0x00, 0x00, 0x00, 0x00, 0x00, 0x00,
    0x00, 0x00, 0xBF, 0x80, 0x00, 0x00, 0x00, 0x1F, 0xFF, 0xD0, 0x00, 0x00, 0x02, 0xFE, 0x1F, 0xE0,
    0x00, 0x00, 0x0F, 0x80, 0x07, 0xD0, 0x00, 0x00, 0x00, 0x00, 0x01, 0x00, 0x00, 0x00, 0x00, 0x00,
    0x00, 0x00, 0x00, 0x00, 0x6F, 0xFE, 0x40, 0x00, 0x00, 0x1F, 0xFF, 0xFF, 0xE0, 0x00, 0x03, 0xFF,
    0xE6, 0xBF, 0xF0, 0x00, 0x3F, 0xF0, 0x00, 0x3F, 0xF0, 0x02, 0xFF, 0x00, 0x00, 0x3F, 0xF0, 0x0F,
    0xF4, 0x00, 0x00, 0x3F, 0xD0, 0xBF, 0xC0, 0x00, 0x00, 0xBF, 0xC3, 0xFE, 0x00, 0x00, 0x01, 0xFF,
    0x5F, 0xF4, 0x00, 0x00, 0x03, 0xFE, 0xBF, 0xC0, 0x00, 0x00, 0x0F, 0xFE, 0xFF, 0x00, 0x00, 0x00,
    0x3F, 0xFB, 0xFC, 0x00, 0x00, 0x00, 0xBF, 0xFF, 0xF0, 0x00, 0x00, 0x02, 0xFF, 0xBF, 0xC0, 0x00,
    0x00, 0x0B, 0xFE, 0xFF, 0x00, 0x00, 0x00, 0x3F, 0xF7, 0xFC, 0x00, 0x00, 0x00, 0xFF, 0x8F, 0xF4,
    0x00, 0x00, 0x03, 0xFD, 0x3F, 0xE0, 0x00, 0x00, 0x1F, 0xF0, 0x7F, 0xC0, 0x00, 0x00, 0xFF, 0x80,
    0xFF, 0x80, 0x00, 0x07, 0xFC, 0x01, 0xFF, 0x40, 0x00, 0x7F, 0xE0, 0x01, 0xFF, 0x90, 0x0B, 0xFE,
    0x00, 0x01, 0xFF, 0xFF, 0xFF, 0xD0, 0x00, 0x00, 0xBF, 0xFF, 0xF8, 0x00, 0x00, 0x00, 0x05, 0x54,
    0x00, 0x00, 0x00, 0x00, 0x90, 0x00, 0x80, 0x00, 0x00, 0x0F, 0xFE, 0x5F, 0x00, 0x00, 0x00, 0xBF,
    0xFF, 0xF8, 0x00, 0x00, 0x03, 0xC1, 0xBF, 0xC0, 0x00, 0x00, 0x04, 0x00, 0x04, 0x00, 0x00, 0x00,
    0x00, 0x00, 0x00, 0x00, 0x00, 0x00, 0x1B, 0xFF, 0x90, 0x00, 0x00, 0x07, 0xFF, 0xFF, 0xF8, 0x00,
    0x00, 0xFF, 0xF9, 0xAF, 0xFC, 0x00, 0x0F, 0xFC, 0x00, 0x0F, 0xFC, 0x00, 0xBF, 0xC0, 0x00, 0x0F,
    0xFC, 0x03, 0xFD, 0x00, 0x00, 0x0F, 0xF4, 0x2F, 0xF0, 0x00, 0x00, 0x2F, 0xF0, 0xFF, 0x80, 0x00,
    0x00, 0x7F, 0xD7, 0xFD, 0x00, 0x00, 0x00, 0xFF, 0xAF, 0xF0, 0x00, 0x00, 0x03, 0xFF, 0xBF, 0xC0,
    0x00, 0x00, 0x0F, 0xFE, 0xFF, 0x00, 0x00, 0x00, 0x2F, 0xFF, 0xFC, 0x00, 0x00, 0x00, 0xBF, 0xEF,
    0xF0, 0x00, 0x00, 0x02, 0xFF, 0xBF, 0xC0, 0x00, 0x00, 0x0F, 0xFD, 0xFF, 0x00, 0x00, 0x00, 0x3F,
    0xE3, 0xFD, 0x00, 0x00, 0x00, 0xFF, 0x4F, 0xF8, 0x00, 0x00, 0x07, 0xFC, 0x1F, 0xF0, 0x00, 0x00,
    0x3F, 0xE0, 0x3F, 0xE0, 0x00, 0x01, 0xFF, 0x00, 0x7F, 0xD0, 0x00, 0x1F, 0xF8, 0x00, 0x7F, 0xE4,
    0x02, 0xFF, 0x80, 0x00, 0x7F, 0xFF, 0xFF, 0xF4, 0x00, 0x00, 0x2F, 0xFF, 0xFE, 0x00, 0x00, 0x00,
    0x01, 0x55, 0x00, 0x00, 0x00, 0x00, 0x02, 0xE0, 0x2E, 0x00, 0x00, 0x00, 0x1F, 0xD0, 0xFD, 0x00,
    0x00, 0x00, 0x7F, 0x47, 0xF8, 0x00, 0x00, 0x00, 0xFC, 0x0F, 0xC0, 0x00, 0x00, 0x00, 0x40, 0x04,
    0x00, 0x00, 0x00, 0x06, 0xFF, 0xE4, 0x00, 0x00, 0x01, 0xFF, 0xFF, 0xFE, 0x00, 0x00, 0x3F, 0xFE,
    0x6B, 0xFF, 0x00, 0x03, 0xFF, 0x00, 0x03, 0xFF, 0x00, 0x2F, 0xF0, 0x00, 0x03, 0xFF, 0x00, 0xFF,
    0x40, 0x00, 0x03, 0xFD, 0x0B, 0xFC, 0x00, 0x00, 0x0B, 0xFC, 0x3F, 0xE0, 0x00, 0x00, 0x1F, 0xF5,
    0xFF, 0x40, 0x00, 0x00, 0x3F, 0xEB, 0xFC, 0x00, 0x00, 0x00, 0xFF, 0xEF, 0xF0, 0x00, 0x00, 0x03,
    0xFF, 0xBF, 0xC0, 0x00, 0x00, 0x0B, 0xFF, 0xFF, 0x00, 0x00, 0x00, 0x2F, 0xFB, 0xFC, 0x00, 0x00,
    0x00, 0xBF, 0xEF, 0xF0, 0x00, 0x00, 0x03, 0xFF, 0x7F, 0xC0, 0x00, 0x00, 0x0F, 0xF8, 0xFF, 0x40,
    0x00, 0x00, 0x3F, 0xD3, 0xFE, 0x00, 0x00, 0x01, 0xFF, 0x07, 0xFC, 0x00, 0x00, 0x0F, 0xF8, 0x0F,
    0xF8, 0x00, 0x00, 0x7F, 0xC0, 0x1F, 0xF4, 0x00, 0x07, 0xFE, 0x00, 0x1F, 0xF9, 0x00, 0xBF, 0xE0,
    0x00, 0x1F, 0xFF, 0xFF, 0xFD, 0x00, 0x00, 0x0B, 0xFF, 0xFF, 0x80, 0x00, 0x00, 0x00, 0x55, 0x40,
    0x00, 0x00, 0x00, 0x00, 0x00, 0x00, 0xD0, 0x00, 0x07, 0x4B, 0xE0, 0x00, 0x7F, 0x0F, 0xE0, 0x07,
    0xF4, 0x0F, 0xE0, 0x7F, 0x40, 0x0F, 0xE7, 0xF4, 0x00, 0x0F, 0xFF, 0x40, 0x00, 0x0F, 0xF4, 0x00,
    0x00, 0x3F, 0xE0, 0x00, 0x03, 0xFF, 0xE0, 0x00, 0x3F, 0x4F, 0xE0, 0x03, 0xF4, 0x0F, 0xE0, 0x3F,
    0x40, 0x0F, 0xE2, 0xF4, 0x00, 0x0F, 0xC2, 0x40, 0x00, 0x08, 0x00, 0x00, 0x00, 0x00, 0x00, 0x02,
    0x40, 0x00, 0x00, 0x00, 0x00, 0x1F, 0x00, 0x00, 0x00, 0x00, 0x00, 0xF4, 0x00, 0x00, 0x00, 0x00,
    0x07, 0x80, 0x00, 0x01, 0xBF, 0xF9, 0x3C, 0x00, 0x00, 0x7F, 0xFF, 0xFF, 0xE0, 0x00, 0x0F, 0xFF,
    0x9A, 0xFF, 0xC0, 0x00, 0xFF, 0xC0, 0x00, 0xFF, 0xC0, 0x0B, 0xFC, 0x00, 0x03, 0xFF, 0xC0, 0x7F,
    0xD0, 0x00, 0x2E, 0xFF, 0x42, 0xFF, 0x00, 0x00, 0xF2, 0xFF, 0x0F, 0xF4, 0x00, 0x0B, 0x87, 0xFC,
    0x7F, 0xC0, 0x00, 0x3C, 0x0F, 0xFA, 0xFF, 0x00, 0x02, 0xD0, 0x3F, 0xEB, 0xFC, 0x00, 0x0F, 0x00,
    0xFF, 0xFF, 0xF0, 0x00, 0xF4, 0x02, 0xFF, 0xFF, 0xC0, 0x07, 0xC0, 0x0B, 0xFF, 0xFF, 0x00, 0x3D,
    0x00, 0x2F, 0xFB, 0xFC, 0x01, 0xF0, 0x00, 0xFF, 0xDF, 0xF0, 0x0F, 0x40, 0x03, 0xFE, 0x7F, 0xD0,
    0x7C, 0x00, 0x0F, 0xF4, 0xFF, 0x83, 0xD0, 0x00, 0x7F, 0xC2, 0xFF, 0x1E, 0x00, 0x03, 0xFE, 0x03,
    0xFE, 0xF0, 0x00, 0x1F, 0xF0, 0x07, 0xFF, 0x80, 0x01, 0xFF, 0x40, 0x07, 0xFF, 0x40, 0x2F, 0xF8,
    0x00, 0x07, 0xFF, 0xFF, 0xFF, 0x40, 0x00, 0x0F, 0xFF, 0xFF, 0xE0, 0x00, 0x00, 0xB8, 0x15, 0x50,
    0x00, 0x00, 0x03, 0xC0, 0x00, 0x00, 0x00, 0x00, 0x2E, 0x00, 0x00, 0x00, 0x00, 0x00, 0xF0, 0x00,
    0x00, 0x00, 0x00, 0x00, 0x40, 0x00, 0x00, 0x00, 0x00, 0x00, 0x00, 0x50, 0x00, 0x00, 0x00, 0x00,
    0x00, 0x3F, 0x40, 0x00, 0x00, 0x00, 0x00, 0x0F, 0xFE, 0x00, 0x00, 0x00, 0x00, 0x00, 0x6F, 0xF8,
    0x00, 0x00, 0x00, 0x00, 0x00, 0x6F, 0x00, 0x00, 0x00, 0x00, 0x00, 0x00, 0x40, 0x00, 0x00, 0x00,
    0x00, 0x00, 0x00, 0x00, 0x01, 0xAA, 0xAA, 0x80, 0x06, 0xAA, 0xA8, 0x7F, 0xFF, 0xF0, 0x02, 0xFF,
    0xFF, 0x1B, 0xFF, 0xF8, 0x00, 0x6F, 0xFF, 0x80, 0x3F, 0xD0, 0x00, 0x00, 0xFE, 0x00, 0x0F, 0xF4,
    0x00, 0x00, 0x3F, 0x40, 0x03, 0xFD, 0x00, 0x00, 0x0F, 0xD0, 0x00, 0xFF, 0x40, 0x00, 0x03, 0xF4,
    0x00, 0x3F, 0xD0, 0x00, 0x00, 0xFD, 0x00, 0x0F, 0xF4, 0x00, 0x00, 0x3F, 0x40, 0x03, 0xFD, 0x00,
    0x00, 0x0F, 0xD0, 0x00, 0xFF, 0x40, 0x00, 0x03, 0xF4, 0x00, 0x3F, 0xD0, 0x00, 0x00, 0xFD, 0x00,
    0x0F, 0xF4, 0x00, 0x00, 0x3F, 0x40, 0x03, 0xFD, 0x00, 0x00, 0x0F, 0xD0, 0x00, 0xFF, 0x40, 0x00,
    0x03, 0xF4, 0x00, 0x3F, 0xD0, 0x00, 0x00, 0xFD, 0x00, 0x0F, 0xF4, 0x00, 0x00, 0x3F, 0x40, 0x02,
    0xFE, 0x00, 0x00, 0x1F, 0xC0, 0x00, 0x7F, 0xC0, 0x00, 0x0B, 0xF0, 0x00, 0x0F, 0xF4, 0x00, 0x03,
    0xF8, 0x00, 0x02, 0xFF, 0x40, 0x03, 0xFC, 0x00, 0x00, 0x3F, 0xFE, 0x5B, 0xFD, 0x00, 0x00, 0x03,
    0xFF, 0xFF, 0xFD, 0x00, 0x00, 0x00, 0x1F, 0xFF, 0xF8, 0x00, 0x00, 0x00, 0x00, 0x15, 0x50, 0x00,
    0x00, 0x00, 0x00, 0x00, 0x00, 0x40, 0x00, 0x00, 0x00, 0x00, 0x07, 0xF0, 0x00, 0x00, 0x00, 0x00,
    0x1F, 0xFD, 0x00, 0x00, 0x00, 0x00, 0x7F, 0xE4, 0x00, 0x00, 0x00, 0x00, 0x3F, 0x40, 0x00, 0x00,
    0x00, 0x00, 0x00, 0x00, 0x00, 0x00, 0x00, 0x00, 0x00, 0x00, 0x00, 0x00, 0x01, 0xAA, 0xAA, 0x80,
    0x06, 0xAA, 0xA8, 0x7F, 0xFF, 0xF0, 0x02, 0xFF, 0xFF, 0x1B, 0xFF, 0xF8, 0x00, 0x6F, 0xFF, 0x80,
    0x3F, 0xD0, 0x00, 0x00, 0xFE, 0x00, 0x0F, 0xF4, 0x00, 0x00, 0x3F, 0x40, 0x03, 0xFD, 0x00, 0x00,
    0x0F, 0xD0, 0x00, 0xFF, 0x40, 0x00, 0x03, 0xF4, 0x00, 0x3F, 0xD0, 0x00, 0x00, 0xFD, 0x00, 0x0F,
    0xF4, 0x00, 0x00, 0x3F, 0x40, 0x03, 0xFD, 0x00, 0x00, 0x0F, 0xD0, 0x00, 0xFF, 0x40, 0x00, 0x03,
    0xF4, 0x00, 0x3F, 0xD0, 0x00, 0x00, 0xFD, 0x00, 0x0F, 0xF4, 0x00, 0x00, 0x3F, 0x40, 0x03, 0xFD,
    0x00, 0x00, 0x0F, 0xD0, 0x00, 0xFF, 0x40, 0x00, 0x03, 0xF4, 0x00, 0x3F, 0xD0, 0x00, 0x00, 0xFD,
    0x00, 0x0F, 0xF4, 0x00, 0x00, 0x3F, 0x40, 0x02, 0xFE, 0x00, 0x00, 0x1F, 0xC0, 0x00, 0x7F, 0xC0,
    0x00, 0x0B, 0xF0, 0x00, 0x0F, 0xF4, 0x00, 0x03, 0xF8, 0x00, 0x02, 0xFF, 0x40, 0x03, 0xFC, 0x00,
    0x00, 0x3F, 0xFE, 0x5B, 0xFD, 0x00, 0x00, 0x03, 0xFF, 0xFF, 0xFD, 0x00, 0x00, 0x00, 0x1F, 0xFF,
    0xF8, 0x00, 0x00, 0x00, 0x00, 0x15, 0x50, 0x00, 0x00, 0x00, 0x00, 0x00, 0x00, 0x00, 0x00, 0x00,
    0x00, 0x02, 0xFE, 0x00, 0x00, 0x00, 0x00, 0x07, 0xFF, 0xF4, 0x00, 0x00, 0x00, 0x0B, 0xF4, 0xBF,
    0x80, 0x00, 0x00, 0x07, 0xD0, 0x01, 0xF0, 0x00, 0x00, 0x00, 0x00, 0x00, 0x00, 0x00, 0x00, 0x00,
    0x00, 0x00, 0x00, 0x00, 0x01, 0xAA, 0xAA, 0x80, 0x06, 0xAA, 0xA8, 0x7F, 0xFF, 0xF0, 0x02, 0xFF,
    0xFF, 0x1B, 0xFF, 0xF8, 0x00, 0x6F, 0xFF, 0x80, 0x3F, 0xD0, 0x00, 0x00, 0xFE, 0x00, 0x0F, 0xF4,
    0x00, 0x00, 0x3F, 0x40, 0x03, 0xFD, 0x00, 0x00, 0x0F, 0xD0, 0x00, 0xFF, 0x40, 0x00, 0x03, 0xF4,
    0x00, 0x3F, 0xD0, 0x00, 0x00, 0xFD, 0x00, 0x0F, 0xF4, 0x00, 0x00, 0x3F, 0x40, 0x03, 0xFD, 0x00,
    0x00, 0x0F, 0xD0, 0x00, 0xFF, 0x40, 0x00, 0x03, 0xF4, 0x00, 0x3F, 0xD0, 0x00, 0x00, 0xFD, 0x00,
    0x0F, 0xF4, 0x00, 0x00, 0x3F, 0x40, 0x03, 0xFD, 0x00, 0x00, 0x0F, 0xD0, 0x00, 0xFF, 0x40, 0x00,
    0x03, 0xF4, 0x00, 0x3F, 0xD0, 0x00, 0x00, 0xFD, 0x00, 0x0F, 0xF4, 0x00, 0x00, 0x3F, 0x40, 0x02,
    0xFE, 0x00, 0x00, 0x1F, 0xC0, 0x00, 0x7F, 0xC0, 0x00, 0x0B, 0xF0, 0x00, 0x0F, 0xF4, 0x00, 0x03,
    0xF8, 0x00, 0x02, 0xFF, 0x40, 0x03, 0xFC, 0x00, 0x00, 0x3F, 0xFE, 0x5B, 0xFD, 0x00, 0x00, 0x03,
    0xFF, 0xFF, 0xFD, 0x00, 0x00, 0x00, 0x1F, 0xFF, 0xF8, 0x00, 0x00, 0x00, 0x00, 0x15, 0x50, 0x00,
    0x00, 0x00, 0x00, 0xB8, 0x0B, 0x80, 0x00, 0x00, 0x00, 0x7F, 0x47, 0xF4, 0x00, 0x00, 0x00, 0x2F,
    0xD1, 0xFD, 0x00, 0x00, 0x00, 0x03, 0xF0, 0x3F, 0x00, 0x00, 0x00, 0x00, 0x10, 0x01, 0x00, 0x00,
    0x1A, 0xAA, 0xA8, 0x00, 0x6A, 0xAA, 0x87, 0xFF, 0xFF, 0x00, 0x2F, 0xFF, 0xF1, 0xBF, 0xFF, 0x80,
    0x06, 0xFF, 0xF8, 0x03, 0xFD, 0x00, 0x00, 0x0F, 0xE0, 0x00, 0xFF, 0x40, 0x00, 0x03, 0xF4, 0x00,
    0x3F, 0xD0, 0x00, 0x00, 0xFD, 0x00, 0x0F, 0xF4, 0x00, 0x00, 0x3F, 0x40, 0x03, 0xFD, 0x00, 0x00,
    0x0F, 0xD0, 0x00, 0xFF, 0x40, 0x00, 0x03, 0xF4, 0x00, 0x3F, 0xD0, 0x00, 0x00, 0xFD, 0x00, 0x0F,
    0xF4, 0x00, 0x00, 0x3F, 0x40, 0x03, 0xFD, 0x00, 0x00, 0x0F, 0xD0, 0x00, 0xFF, 0x40, 0x00, 0x03,
    0xF4, 0x00, 0x3F, 0xD0, 0x00, 0x00, 0xFD, 0x00, 0x0F, 0xF4, 0x00, 0x00, 0x3F, 0x40, 0x03, 0xFD,
    0x00, 0x00, 0x0F, 0xD0, 0x00, 0xFF, 0x40, 0x00, 0x03, 0xF4, 0x00, 0x2F, 0xE0, 0x00, 0x01, 0xFC,
    0x00, 0x07, 0xFC, 0x00, 0x00, 0xBF, 0x00, 0x00, 0xFF, 0x40, 0x00, 0x3F, 0x80, 0x00, 0x2F, 0xF4,
    0x00, 0x3F, 0xC0, 0x00, 0x03, 0xFF, 0xE5, 0xBF, 0xD0, 0x00, 0x00, 0x3F, 0xFF, 0xFF, 0xD0, 0x00,
    0x00, 0x01, 0xFF, 0xFF, 0x80, 0x00, 0x00, 0x00, 0x01, 0x55, 0x00, 0x00, 0x00, 0x00, 0x00, 0x00,
    0x02, 0x00, 0x00, 0x00, 0x00, 0x00, 0xBD, 0x00, 0x00, 0x00, 0x00, 0x2F, 0xF8, 0x00, 0x00, 0x00,
    0x1F, 0xFD, 0x00, 0x00, 0x00, 0x00, 0xBE, 0x00, 0x00, 0x00, 0x00, 0x00, 0x00, 0x00, 0x00, 0x00,
    0x00, 0x00, 0x00, 0x00, 0x00, 0x1A, 0xAA, 0xA4, 0x01, 0xAA, 0xA9, 0x7F, 0xFF, 0xF0, 0x0B, 0xFF,
    0xF9, 0xBF, 0xFF, 0x80, 0x1B, 0xFF, 0x90, 0x3F, 0xF0, 0x00, 0x0B, 0xF0, 0x00, 0x3F, 0xC0, 0x00,
    0x3F, 0x40, 0x00, 0xBF, 0x80, 0x02, 0xFC, 0x00, 0x00, 0xFF, 0x00, 0x0F, 0xC0, 0x00, 0x02, 0xFE,
    0x00, 0xBE, 0x00, 0x00, 0x03, 0xFC, 0x03, 0xF0, 0x00, 0x00, 0x07, 0xF8, 0x2F, 0x80, 0x00, 0x00,
    0x0F, 0xF0, 0xFC, 0x00, 0x00, 0x00, 0x1F, 0xEB, 0xE0, 0x00, 0x00, 0x00, 0x3F, 0xFF, 0x00, 0x00,
    0x00, 0x00, 0x7F, 0xF8, 0x00, 0x00, 0x00, 0x00, 0xFF, 0xC0, 0x00, 0x00, 0x00, 0x01, 0xFE, 0x00,
    0x00, 0x00, 0x00, 0x07, 0xF8, 0x00, 0x00, 0x00, 0x00, 0x1F, 0xE0, 0x00, 0x00, 0x00, 0x00, 0x7F,
    0x80, 0x00, 0x00, 0x00, 0x01, 0xFF, 0x00, 0x00, 0x00, 0x00, 0x07, 0xFC, 0x00, 0x00, 0x00, 0x00,
    0x2F, 0xF4, 0x00, 0x00, 0x00, 0x0F, 0xFF, 0xFE, 0x00, 0x00, 0x00, 0x3F, 0xFF, 0xF4, 0x00, 0x00,
    0x00, 0x00, 0x00, 0x00, 0x00, 0x2A, 0xAA, 0xA0, 0x00, 0x00, 0xFF, 0xFF, 0xC0, 0x00, 0x02, 0xBF,
    0xFE, 0x00, 0x00, 0x00, 0xBF, 0xC0, 0x00, 0x00, 0x01, 0xFE, 0x00, 0x00, 0x00, 0x07, 0xFD, 0x65,
    0x00, 0x00, 0x1F, 0xFF, 0xFF, 0xD0, 0x00, 0x7F, 0xEB, 0xFF, 0xD0, 0x01, 0xFE, 0x00, 0xBF, 0xD0,
    0x07, 0xF8, 0x00, 0xBF, 0xC0, 0x1F, 0xE0, 0x00, 0xFF, 0x00, 0x7F, 0x80, 0x03, 0xFC, 0x01, 0xFE,
    0x00, 0x0F, 0xF0, 0x07, 0xF8, 0x00, 0x3F, 0xC0, 0x1F, 0xE0, 0x02, 0xFF, 0x00, 0x7F, 0x80, 0x2F,
    0xF0, 0x01, 0xFF, 0xAF, 0xFF, 0x40, 0x07, 0xFF, 0xFF, 0xE0, 0x00, 0x1F, 0xFA, 0x94, 0x00, 0x00,
    0x7F, 0x80, 0x00, 0x00, 0x02, 0xFE, 0x00, 0x00, 0x00, 0x0F, 0xFC, 0x00, 0x00, 0x03, 0xFF, 0xFF,
    0x40, 0x00, 0x0F, 0xFF, 0xFD, 0x00, 0x00, 0x00, 0x00, 0x00, 0x00, 0x00, 0x00, 0x01, 0xAA, 0x50,
    0x00, 0x00, 0x0B, 0xFF, 0xFF, 0x80, 0x00, 0x0F, 0xFF, 0xFF, 0xFC, 0x00, 0x0B, 0xF8, 0x00, 0xBF,
    0x80, 0x03, 0xFC, 0x00, 0x0B, 0xF0, 0x00, 0xFF, 0x00, 0x01, 0xFC, 0x00, 0x7F, 0x80, 0x00, 0x7F,
    0x00, 0x1F, 0xE0, 0x00, 0x2F, 0x80, 0x07, 0xF8, 0x00, 0x2F, 0xC0, 0x06, 0xFE, 0x00, 0x2F, 0xD0,
    0x0B, 0xFF, 0x80, 0x3F, 0xD0, 0x01, 0xFF, 0xE0, 0x3F, 0xC0, 0x00, 0x07, 0xF8, 0x2F, 0xC0, 0x00,
    0x01, 0xFE, 0x0F, 0xF0, 0x00, 0x00, 0x7F, 0x83, 0xFD, 0x00, 0x00, 0x1F, 0xE0, 0xBF, 0xE0, 0x00,
    0x07, 0xF8, 0x0F, 0xFF, 0x80, 0x01, 0xFE, 0x01, 0xFF, 0xFE, 0x00, 0x7F, 0x80, 0x0B, 0xFF, 0xE0,
    0x1F, 0xE0, 0x00, 0x2F, 0xFC, 0x07, 0xF8, 0x1A, 0x00, 0xFF, 0x41, 0xFE, 0x07, 0xC0, 0x1F, 0xD0,
    0x7F, 0x82, 0xF0, 0x03, 0xF4, 0x2F, 0xE0, 0xBE, 0x02, 0xFC, 0xBF, 0xF8, 0x2F, 0xFF, 0xFD, 0x2F,
    0xFF, 0x06, 0xFF, 0xFD, 0x00, 0x00, 0x00, 0x01, 0x50, 0x00, 0x00, 0x00, 0x00, 0x00, 0x00, 0x18,
    0x00, 0x00, 0x00, 0x1F, 0x80, 0x00, 0x00, 0x03, 0xF8, 0x00, 0x00, 0x00, 0x2F, 0x80, 0x00, 0x00,
    0x02, 0xF8, 0x00, 0x00, 0x00, 0x1F, 0x80, 0x00, 0x00, 0x00, 0x80, 0x00, 0x00, 0x00, 0x00, 0x00,
    0x01, 0x6B, 0xF9, 0x00, 0x02, 0xFF, 0xFF, 0xF0, 0x00, 0xBF, 0xEB, 0xFF, 0x00, 0x1F, 0x40, 0x3F,
    0xD0, 0x07, 0xC0, 0x07, 0xF8, 0x01, 0xF0, 0x00, 0xFE, 0x00, 0x00, 0x00, 0x3F, 0xC0, 0x00, 0x00,
    0x6F, 0xF0, 0x00, 0x6F, 0xFF, 0xFC, 0x00, 0xFF, 0xFA, 0xFF, 0x00, 0xFF, 0x40, 0x3F, 0xC0, 0x7F,
    0x80, 0x0F, 0xF0, 0x1F, 0xE0, 0x07, 0xFC, 0x07, 0xFC, 0x03, 0xFF, 0x00, 0xFF, 0xEB, 0xFF, 0xD0,
    0x2F, 0xFF, 0xEB, 0xFF, 0x02, 0xFF, 0xD1, 0xFF, 0xC0, 0x05, 0x00, 0x00, 0x00, 0x00, 0x00, 0x00,
    0x00, 0x00, 0x00, 0x0A, 0x00, 0x00, 0x00, 0x0B, 0xD0, 0x00, 0x00, 0x0B, 0xF0, 0x00, 0x00, 0x0B,
    0xE0, 0x00, 0x00, 0x0B, 0xE0, 0x00, 0x00, 0x07, 0xD0, 0x00, 0x00, 0x00, 0x90, 0x00, 0x00, 0x00,
    0x00, 0x00, 0x00, 0x01, 0x6B, 0xF9, 0x00, 0x02, 0xFF, 0xFF, 0xF0, 0x00, 0xBF, 0xEB, 0xFF, 0x00,
    0x1F, 0x40, 0x3F, 0xD0, 0x07, 0xC0, 0x07, 0xF8, 0x01, 0xF0, 0x00, 0xFE, 0x00, 0x00, 0x00, 0x3F,
    0xC0, 0x00, 0x00, 0x6F, 0xF0, 0x00, 0x6F, 0xFF, 0xFC, 0x00, 0xFF, 0xFA, 0xFF, 0x00, 0xFF, 0x40,
    0x3F, 0xC0, 0x7F, 0x80, 0x0F, 0xF0, 0x1F, 0xE0, 0x07, 0xFC, 0x07, 0xFC, 0x03, 0xFF, 0x00, 0xFF,
    0xEB, 0xFF, 0xD0, 0x2F, 0xFF, 0xEB, 0xFF, 0x02, 0xFF, 0xD1, 0xFF, 0xC0, 0x05, 0x00, 0x00, 0x00,
    0x00, 0x1A, 0x80, 0x00, 0x00, 0x2F, 0xF8, 0x00, 0x00, 0x2F, 0xFF, 0x80, 0x00, 0x2F, 0x82, 0xFC,
    0x00, 0x2F, 0x40, 0x0F, 0x80, 0x02, 0x00, 0x00, 0x80, 0x00, 0x00, 0x00, 0x00, 0x00, 0x16, 0xBF,
    0x90, 0x00, 0x2F, 0xFF, 0xFF, 0x00, 0x0B, 0xFE, 0xBF, 0xF0, 0x01, 0xF4, 0x03, 0xFD, 0x00, 0x7C,
    0x00, 0x7F, 0x80, 0x1F, 0x00, 0x0F, 0xE0, 0x00, 0x00, 0x03, 0xFC, 0x00, 0x00, 0x06, 0xFF, 0x00,
    0x06, 0xFF, 0xFF, 0xC0, 0x0F, 0xFF, 0xAF, 0xF0, 0x0F, 0xF4, 0x03, 0xFC, 0x07, 0xF8, 0x00, 0xFF,
    0x01, 0xFE, 0x00, 0x7F, 0xC0, 0x7F, 0xC0, 0x3F, 0xF0, 0x0F, 0xFE, 0xBF, 0xFD, 0x02, 0xFF, 0xFE,
    0xBF, 0xF0, 0x2F, 0xFD, 0x1F, 0xFC, 0x00, 0x50, 0x00, 0x00, 0x00, 0x00, 0x00, 0x00, 0x00, 0x00,
    0xB9, 0x00, 0xC0, 0x00, 0x7F, 0xFE, 0xF0, 0x00, 0x3F, 0xFF, 0xF8, 0x00, 0x1D, 0x02, 0xFC, 0x00,
    0x00, 0x00, 0x00, 0x00, 0x00, 0x00, 0x00, 0x00, 0x00, 0x16, 0xBF, 0x90, 0x00, 0x2F, 0xFF, 0xFF,
    0x00, 0x0B, 0xFE, 0xBF, 0xF0, 0x01, 0xF4, 0x03, 0xFD, 0x00, 0x7C, 0x00, 0x7F, 0x80, 0x1F, 0x00,
    0x0F, 0xE0, 0x00, 0x00, 0x03, 0xFC, 0x00, 0x00, 0x06, 0xFF, 0x00, 0x06, 0xFF, 0xFF, 0xC0, 0x0F,
    0xFF, 0xAF, 0xF0, 0x0F, 0xF4, 0x03, 0xFC, 0x07, 0xF8, 0x00, 0xFF, 0x01, 0xFE, 0x00, 0x7F, 0xC0,
    0x7F, 0xC0, 0x3F, 0xF0, 0x0F, 0xFE, 0xBF, 0xFD, 0x02, 0xFF, 0xFE, 0xBF, 0xF0, 0x2F, 0xFD, 0x1F,
    0xFC, 0x00, 0x50, 0x00, 0x00, 0x00, 0x03, 0xD0, 0x3D, 0x00, 0x03, 0xFC, 0x2F, 0xC0, 0x00, 0xFF,
    0x0F, 0xF0, 0x00, 0x2F, 0x81, 0xF8, 0x00, 0x01, 0x40, 0x14, 0x00, 0x00, 0x00, 0x00, 0x00, 0x00,
    0x5A, 0xFE, 0x40, 0x00, 0xBF, 0xFF, 0xFC, 0x00, 0x2F, 0xFA, 0xFF, 0xC0, 0x07, 0xD0, 0x0F, 0xF4,
    0x01, 0xF0, 0x01, 0xFE, 0x00, 0x7C, 0x00, 0x3F, 0x80, 0x00, 0x00, 0x0F, 0xF0, 0x00, 0x00, 0x1B,
    0xFC, 0x00, 0x1B, 0xFF, 0xFF, 0x00, 0x3F, 0xFE, 0xBF, 0xC0, 0x3F, 0xD0, 0x0F, 0xF0, 0x1F, 0xE0,
    0x03, 0xFC, 0x07, 0xF8, 0x01, 0xFF, 0x01, 0xFF, 0x00, 0xFF, 0xC0, 0x3F, 0xFA, 0xFF, 0xF4, 0x0B,
    0xFF, 0xFA, 0xFF, 0xC0, 0xBF, 0xF4, 0x7F, 0xF0, 0x01, 0x40, 0x00, 0x00, 0x00, 0x2F, 0x80, 0x00,
    0x00, 0x2F, 0xFC, 0x00, 0x00, 0x0F, 0x0F, 0x00, 0x00, 0x03, 0xC2, 0xC0, 0x00, 0x00, 0xBA, 0xF0,
    0x00, 0x00, 0x0B, 0xF0, 0x00, 0x00, 0x00, 0x00, 0x00, 0x00, 0x16, 0xBF, 0x90, 0x00, 0x2F, 0xFF,
    0xFF, 0x00, 0x0B, 0xFE, 0xBF, 0xF0, 0x01, 0xF4, 0x03, 0xFD, 0x00, 0x7C, 0x00, 0x7F, 0x80, 0x1F,
    0x00, 0x0F, 0xE0, 0x00, 0x00, 0x03, 0xFC, 0x00, 0x00, 0x06, 0xFF, 0x00, 0x06, 0xFF, 0xFF, 0xC0,
    0x0F, 0xFF, 0xAF, 0xF0, 0x0F, 0xF4, 0x03, 0xFC, 0x07, 0xF8, 0x00, 0xFF, 0x01, 0xFE, 0x00, 0x7F,
    0xC0, 0x7F, 0xC0, 0x3F, 0xF0, 0x0F, 0xFE, 0xBF, 0xFD, 0x02, 0xFF, 0xFE, 0xBF, 0xF0, 0x2F, 0xFD,
    0x1F, 0xFC, 0x00, 0x50, 0x00, 0x00, 0x00, 0x01, 0xAB, 0xA0, 0x06, 0xB9, 0x00, 0x2F, 0xFF, 0xFE,
    0x7F, 0xFF, 0xD0, 0x2F, 0xFA, 0xFF, 0xFF, 0xAF, 0xF4, 0x1F, 0x40, 0x3F, 0xFC, 0x03, 0xFC, 0x1F,
    0x00, 0x1F, 0xF4, 0x03, 0xFD, 0x1F, 0x00, 0x0F, 0xF0, 0x02, 0xFE, 0x00, 0x00, 0x0F, 0xF0, 0x02,
    0xFF, 0x00, 0x00, 0x1F, 0xFF, 0xFF, 0xFE, 0x01, 0xBF, 0xFF, 0xFF, 0xFF, 0xE8, 0x1F, 0xFF, 0xFF,
    0xF4, 0x00, 0x00, 0x3F, 0xE0, 0x0F, 0xF0, 0x00, 0x00, 0x7F, 0x80, 0x0F, 0xF0, 0x00, 0x00, 0x7F,
    0x80, 0x1F, 0xF8, 0x00, 0x00, 0x7F, 0xC0, 0x3F, 0xFD, 0x00, 0x04, 0x3F, 0xFA, 0xFD, 0xFF, 0x95,
    0xBC, 0x2F, 0xFF, 0xF0, 0xBF, 0xFF, 0xFD, 0x0B, 0xFF, 0x80, 0x1F, 0xFF, 0xE0, 0x00, 0x14, 0x00,
    0x00, 0x54, 0x00, 0x00, 0x1B, 0xFA, 0x40, 0x07, 0xFF, 0xFF, 0xC0, 0x7F, 0xE6, 0xFF, 0x03, 0xFD,
    0x00, 0xFC, 0x2F, 0xE0, 0x03, 0xF0, 0xFF, 0x40, 0x0F, 0x87, 0xFC, 0x00, 0x00, 0x1F, 0xF0, 0x00,
    0x00, 0xBF, 0xC0, 0x00, 0x02, 0xFF, 0x00, 0x00, 0x07, 0xFC, 0x00, 0x00, 0x0F, 0xF4, 0x00, 0x00,
    0x3F, 0xE0, 0x00, 0x00, 0xBF, 0xD0, 0x00, 0x00, 0xFF, 0xE5, 0x7F, 0x00, 0xFF, 0xFF, 0xFC, 0x00,
    0xBF, 0xFF, 0x80, 0x00, 0x1F, 0x40, 0x00, 0x00, 0x34, 0x00, 0x00, 0x01, 0xF8, 0x00, 0x00, 0x07,
    0xF8, 0x00, 0x00, 0x02, 0xF0, 0x00, 0x00, 0x07, 0xC0, 0x00, 0x00, 0x7D, 0x00, 0x00, 0x0F, 0xD0,
    0x00, 0x00, 0x00, 0x00, 0x00, 0x00, 0x00, 0x00, 0x00, 0x00, 0x1C, 0x00, 0x00, 0x00, 0x7F, 0x00,
    0x00, 0x00, 0x2F, 0xC0, 0x00, 0x00, 0x0B, 0xE0, 0x00, 0x00, 0x01, 0xF8, 0x00, 0x00, 0x00, 0x7E,
    0x00, 0x00, 0x00, 0x08, 0x00, 0x00, 0x00, 0x00, 0x00, 0x00, 0x1B, 0xF8, 0x00, 0x01, 0xFF, 0xFF,
    0x80, 0x07, 0xFD, 0x7F, 0xE0, 0x0F, 0xF0, 0x0F, 0xF0, 0x2F, 0xD0, 0x0B, 0xF8, 0x3F, 0xC0, 0x07,
    0xFC, 0x7F, 0xC0, 0x07, 0xFC, 0x7F, 0xFF, 0xFF, 0xFC, 0xBF, 0xFF, 0xFF, 0xFC, 0xBF, 0xD5, 0x55,
    0x50, 0x7F, 0xC0, 0x00, 0x00, 0x3F, 0xD0, 0x00, 0x00, 0x3F, 0xE0, 0x00, 0x00, 0x2F, 0xF4, 0x00,
    0x10, 0x0F, 0xFE, 0x56, 0xF4, 0x03, 0xFF, 0xFF, 0xF4, 0x00, 0xBF, 0xFF, 0x80, 0x00, 0x05, 0x50,
    0x00, 0x00, 0x00, 0x00, 0x00, 0x00, 0x00, 0x0A, 0x00, 0x00, 0x00, 0x2F, 0x80, 0x00, 0x00, 0xBF,
    0x00, 0x00, 0x02, 0xF8, 0x00, 0x00, 0x0B, 0xE0, 0x00, 0x00, 0x1F, 0x40, 0x00, 0x00, 0x09, 0x00,
    0x00, 0x00, 0x00, 0x00, 0x00, 0x00, 0x1B, 0xF8, 0x00, 0x01, 0xFF, 0xFF, 0x80, 0x07, 0xFD, 0x7F,
    0xE0, 0x0F, 0xF0, 0x0F, 0xF0, 0x2F, 0xD0, 0x0B, 0xF8, 0x3F, 0xC0, 0x07, 0xFC, 0x7F, 0xC0, 0x07,
    0xFC, 0x7F, 0xFF, 0xFF, 0xFC, 0xBF, 0xFF, 0xFF, 0xFC, 0xBF, 0xD5, 0x55, 0x50, 0x7F, 0xC0, 0x00,
    0x00, 0x3F, 0xD0, 0x00, 0x00, 0x3F, 0xE0, 0x00, 0x00, 0x2F, 0xF4, 0x00, 0x10, 0x0F, 0xFE, 0x56,
    0xF4, 0x03, 0xFF, 0xFF, 0xF4, 0x00, 0xBF, 0xFF, 0x80, 0x00, 0x05, 0x50, 0x00, 0x00, 0x06, 0xA0,
    0x00, 0x00, 0x1F, 0xF8, 0x00, 0x00, 0xBF, 0xFF, 0x00, 0x02, 0xF8, 0x1F, 0xC0, 0x0B, 0xD0, 0x03,
    0xF0, 0x02, 0x00, 0x00, 0x80, 0x00, 0x00, 0x00, 0x00, 0x00, 0x1B, 0xF8, 0x00, 0x01, 0xFF, 0xFF,
    0x80, 0x07, 0xFD, 0x7F, 0xE0, 0x0F, 0xF0, 0x0F, 0xF0, 0x2F, 0xD0, 0x0B, 0xF8, 0x3F, 0xC0, 0x07,
    0xFC, 0x7F, 0xC0, 0x07, 0xFC, 0x7F, 0xFF, 0xFF, 0xFC, 0xBF, 0xFF, 0xFF, 0xFC, 0xBF, 0xD5, 0x55,
    0x50, 0x7F, 0xC0, 0x00, 0x00, 0x3F, 0xD0, 0x00, 0x00, 0x3F, 0xE0, 0x00, 0x00, 0x2F, 0xF4, 0x00,
    0x10, 0x0F, 0xFE, 0x56, 0xF4, 0x03, 0xFF, 0xFF, 0xF4, 0x00, 0xBF, 0xFF, 0x80, 0x00, 0x05, 0x50,
    0x00, 0x00, 0xF4, 0x0F, 0x40, 0x03, 0xFC, 0x2F, 0xC0, 0x03, 0xFC, 0x3F, 0xC0, 0x01, 0xF8, 0x1F,
    0x80, 0x00, 0x50, 0x05, 0x00, 0x00, 0x00, 0x00, 0x00, 0x00, 0x1B, 0xF8, 0x00, 0x01, 0xFF, 0xFF,
    0x80, 0x07, 0xFD, 0x7F, 0xE0, 0x0F, 0xF0, 0x0F, 0xF0, 0x2F, 0xD0, 0x0B, 0xF8, 0x3F, 0xC0, 0x07,
    0xFC, 0x7F, 0xC0, 0x07, 0xFC, 0x7F, 0xFF, 0xFF, 0xFC, 0xBF, 0xFF, 0xFF, 0xFC, 0xBF, 0xD5, 0x55,
    0x50, 0x7F, 0xC0, 0x00, 0x00, 0x3F, 0xD0, 0x00, 0x00, 0x3F, 0xE0, 0x00, 0x00, 0x2F, 0xF4, 0x00,
    0x10, 0x0F, 0xFE, 0x56, 0xF4, 0x03, 0xFF, 0xFF, 0xF4, 0x00, 0xBF, 0xFF, 0x80, 0x00, 0x05, 0x50,
    0x00, 0x00, 0x00, 0x01, 0x80, 0x00, 0x7E, 0x00, 0x03, 0xF8, 0x00, 0x0B, 0xE0, 0x00, 0x2F, 0x80,
    0x00, 0x7D, 0x00, 0x01, 0x80, 0x00, 0x00, 0x05, 0x55, 0x40, 0xBF, 0xFC, 0x0B, 0xFF, 0xC0, 0x07,
    0xFC, 0x00, 0x3F, 0xC0, 0x03, 0xFC, 0x00, 0x3F, 0xC0, 0x03, 0xFC, 0x00, 0x3F, 0xC0, 0x03, 0xFC,
    0x00, 0x3F, 0xC0, 0x03, 0xFC, 0x00, 0x3F, 0xC0, 0x03, 0xFC, 0x00, 0x7F, 0xD0, 0xBF, 0xFF, 0xDB,
    0xFF, 0xFD, 0x00, 0x00, 0x00, 0x00, 0x00, 0x00, 0x00, 0xD0, 0x00, 0x2F, 0x40, 0x0B, 0xF0, 0x02,
    0xF8, 0x00, 0xBE, 0x00, 0x1F, 0x40, 0x00, 0x90, 0x00, 0x00, 0x00, 0x05, 0x55, 0x40, 0xBF, 0xFC,
    0x0B, 0xFF, 0xC0, 0x07, 0xFC, 0x00, 0x3F, 0xC0, 0x03, 0xFC, 0x00, 0x3F, 0xC0, 0x03, 0xFC, 0x00,
    0x3F, 0xC0, 0x03, 0xFC, 0x00, 0x3F, 0xC0, 0x03, 0xFC, 0x00, 0x3F, 0xC0, 0x03, 0xFC, 0x00, 0x7F,
    0xD0, 0xBF, 0xFF, 0xDB, 0xFF, 0xFD, 0x00, 0x00, 0x00, 0x01, 0xA4, 0x00, 0x0F, 0xF0, 0x00, 0xFF,
    0xF0, 0x0B, 0xC3, 0xE0, 0x7C, 0x03, 0xD0, 0x40, 0x01, 0x00, 0x00, 0x00, 0x05, 0x55, 0x40, 0x2F,
    0xFF, 0x00, 0xBF, 0xFC, 0x00, 0x1F, 0xF0, 0x00, 0x3F, 0xC0, 0x00, 0xFF, 0x00, 0x03, 0xFC, 0x00,
    0x0F, 0xF0, 0x00, 0x3F, 0xC0, 0x00, 0xFF, 0x00, 0x03, 0xFC, 0x00, 0x0F, 0xF0, 0x00, 0x3F, 0xC0,
    0x00, 0xFF, 0x00, 0x07, 0xFD, 0x02, 0xFF, 0xFF, 0x4B, 0xFF, 0xFD, 0x00, 0x00, 0x00, 0x2E, 0x0B,
    0x81, 0xFC, 0x7F, 0x07, 0xF5, 0xFD, 0x0F, 0xC3, 0xF0, 0x04, 0x01, 0x00, 0x00, 0x00, 0x01, 0x55,
    0x50, 0x0B, 0xFF, 0xC0, 0x2F, 0xFF, 0x00, 0x07, 0xFC, 0x00, 0x0F, 0xF0, 0x00, 0x3F, 0xC0, 0x00,
    0xFF, 0x00, 0x03, 0xFC, 0x00, 0x0F, 0xF0, 0x00, 0x3F, 0xC0, 0x00, 0xFF, 0x00, 0x03, 0xFC, 0x00,
    0x0F, 0xF0, 0x00, 0x3F, 0xC0, 0x01, 0xFF, 0x40, 0xBF, 0xFF, 0xD2, 0xFF, 0xFF, 0x40, 0x00, 0x00,
    0x00, 0x14, 0x00, 0x00, 0x00, 0x0F, 0xD0, 0x05, 0x00, 0x01, 0xFE, 0x0F, 0xC0, 0x00, 0x0F, 0xFF,
    0xE0, 0x00, 0x01, 0xFF, 0x80, 0x00, 0x02, 0xFF, 0xE0, 0x00, 0x03, 0xF9, 0xFD, 0x00, 0x00, 0xA0,
    0x3F, 0xC0, 0x00, 0x00, 0x07, 0xF8, 0x00, 0x00, 0x00, 0xFF, 0x00, 0x07, 0xFF, 0x2F, 0xD0, 0x0F,
    0xFF, 0xC7, 0xF8, 0x0F, 0xFE, 0x50, 0xFF, 0x0B, 0xFC, 0x00, 0x3F, 0xC3, 0xFD, 0x00, 0x0F, 0xF5,
    0xFF, 0x00, 0x03, 0xFD, 0x7F, 0xC0, 0x00, 0xFF, 0xAF, 0xF0, 0x00, 0x3F, 0xEB, 0xFC, 0x00, 0x0F,
    0xF5, 0xFF, 0x00, 0x03, 0xFD, 0x7F, 0xC0, 0x00, 0xFF, 0x0F, 0xF4, 0x00, 0xBF, 0xC2, 0xFF, 0x00,
    0x3F, 0xD0, 0x3F, 0xF4, 0x7F, 0xF0, 0x03, 0xFF, 0xFF, 0xF0, 0x00, 0x2F, 0xFF, 0xE0, 0x00, 0x00,
    0x55, 0x00, 0x00, 0x00, 0x00, 0x00, 0x00, 0x00, 0x00, 0x07, 0x90, 0x0D, 0x00, 0x00, 0x1F, 0xFF,
    0xBD, 0x00, 0x00, 0x3F, 0xFF, 0xFC, 0x00, 0x00, 0x38, 0x07, 0xF0, 0x00, 0x00, 0x00, 0x00, 0x00,
    0x00, 0x00, 0x00, 0x00, 0x00, 0x00, 0x55, 0x50, 0x1B, 0xE4, 0x00, 0xBF, 0xF0, 0xFF, 0xFE, 0x00,
    0xBF, 0xF7, 0xFF, 0xFF, 0x40, 0x07, 0xFF, 0xC0, 0xBF, 0xC0, 0x03, 0xFF, 0x00, 0x3F, 0xC0, 0x03,
    0xFD, 0x00, 0x2F, 0xC0, 0x03, 0xFC, 0x00, 0x2F, 0xD0, 0x03, 0xFC, 0x00, 0x2F, 0xD0, 0x03, 0xFC,
    0x00, 0x2F, 0xD0, 0x03, 0xFC, 0x00, 0x2F, 0xD0, 0x03, 0xFC, 0x00, 0x2F, 0xD0, 0x03, 0xFC, 0x00,
    0x2F, 0xD0, 0x03, 0xFC, 0x00, 0x2F, 0xD0, 0x03, 0xFC, 0x00, 0x2F, 0xD0, 0x07, 0xFD, 0x00, 0x3F,
    0xE4, 0xBF, 0xFF, 0xD2, 0xFF, 0xFF, 0xBF, 0xFF, 0xD2, 0xFF, 0xFF, 0x00, 0x00, 0x00, 0x00, 0x00,
    0x00, 0x00, 0x00, 0x00, 0x00, 0x03, 0x00, 0x00, 0x00, 0x03, 0xF0, 0x00, 0x00, 0x00, 0x7F, 0x00,
    0x00, 0x00, 0x07, 0xF0, 0x00, 0x00, 0x00, 0x3F, 0x00, 0x00, 0x00, 0x03, 0xF0, 0x00, 0x00, 0x00,
    0x20, 0x00, 0x00, 0x00, 0x00, 0x00, 0x00, 0x06, 0xFE, 0x40, 0x00, 0x1F, 0xFF, 0xFD, 0x00, 0x1F,
    0xFA, 0xBF, 0xD0, 0x0F, 0xF0, 0x07, 0xFC, 0x0B, 0xF8, 0x00, 0xBF, 0x83, 0xFC, 0x00, 0x1F, 0xF1,
    0xFF, 0x00, 0x03, 0xFC, 0x7F, 0xC0, 0x00, 0xFF, 0x6F, 0xF0, 0x00, 0x3F, 0xDB, 0xFC, 0x00, 0x0F,
    0xF5, 0xFF, 0x00, 0x03, 0xFD, 0x3F, 0xC0, 0x00, 0xFF, 0x0F, 0xF4, 0x00, 0x7F, 0xC2, 0xFF, 0x00,
    0x3F, 0xD0, 0x3F, 0xE0, 0x2F, 0xF0, 0x03, 0xFF, 0xFF, 0xF0, 0x00, 0x2F, 0xFF, 0xE0, 0x00, 0x00,
    0x55, 0x00, 0x00, 0x00, 0x00, 0x00, 0x00, 0x00, 0x00, 0x01, 0xC0, 0x00, 0x00, 0x01, 0xFC, 0x00,
    0x00, 0x01, 0xFD, 0x00, 0x00, 0x01, 0xFC, 0x00, 0x00, 0x01, 0xFC, 0x00, 0x00, 0x00, 0xF8, 0x00,
    0x00, 0x00, 0x18, 0x00, 0x00, 0x00, 0x00, 0x00, 0x00, 0x00, 0x06, 0xFE, 0x40, 0x00, 0x1F, 0xFF,
    0xFD, 0x00, 0x1F, 0xFA, 0xBF, 0xD0, 0x0F, 0xF0, 0x07, 0xFC, 0x0B, 0xF8, 0x00, 0xBF, 0x83, 0xFC,
    0x00, 0x1F, 0xF1, 0xFF, 0x00, 0x03, 0xFC, 0x7F, 0xC0, 0x00, 0xFF, 0x6F, 0xF0, 0x00, 0x3F, 0xDB,
    0xFC, 0x00, 0x0F, 0xF5, 0xFF, 0x00, 0x03, 0xFD, 0x3F, 0xC0, 0x00, 0xFF, 0x0F, 0xF4, 0x00, 0x7F,
    0xC2, 0xFF, 0x00, 0x3F, 0xD0, 0x3F, 0xE0, 0x2F, 0xF0, 0x03, 0xFF, 0xFF, 0xF0, 0x00, 0x2F, 0xFF,
    0xE0, 0x00, 0x00, 0x55, 0x00, 0x00, 0x00, 0x02, 0xE0, 0x00, 0x00, 0x03, 0xFF, 0x00, 0x00, 0x07,
    0xFB, 0xF0, 0x00, 0x07, 0xF0, 0x7F, 0x40, 0x03, 0xE0, 0x02, 0xF0, 0x00, 0x50, 0x00, 0x14, 0x00,
    0x00, 0x00, 0x00, 0x00, 0x00, 0x6F, 0xE4, 0x00, 0x01, 0xFF, 0xFF, 0xD0, 0x01, 0xFF, 0xAB, 0xFD,
    0x00, 0xFF, 0x00, 0x7F, 0xC0, 0xBF, 0x80, 0x0B, 0xF8, 0x3F, 0xC0, 0x01, 0xFF, 0x1F, 0xF0, 0x00,
    0x3F, 0xC7, 0xFC, 0x00, 0x0F, 0xF6, 0xFF, 0x00, 0x03, 0xFD, 0xBF, 0xC0, 0x00, 0xFF, 0x5F, 0xF0,
    0x00, 0x3F, 0xD3, 0xFC, 0x00, 0x0F, 0xF0, 0xFF, 0x40, 0x07, 0xFC, 0x2F, 0xF0, 0x03, 0xFD, 0x03,
    0xFE, 0x02, 0xFF, 0x00, 0x3F, 0xFF, 0xFF, 0x00, 0x02, 0xFF, 0xFE, 0x00, 0x00, 0x05, 0x50, 0x00,
    0x00, 0x00, 0x00, 0x00, 0x00, 0x00, 0x1F, 0x80, 0x34, 0x00, 0x0F, 0xFF, 0xBE, 0x00, 0x0F, 0xFF,
    0xFF, 0x00, 0x03, 0x80, 0x6F, 0x00, 0x00, 0x00, 0x00, 0x00, 0x00, 0x00, 0x00, 0x00, 0x00, 0x00,
    0x6F, 0xE4, 0x00, 0x01, 0xFF, 0xFF, 0xD0, 0x01, 0xFF, 0xAB, 0xFD, 0x00, 0xFF, 0x00, 0x7F, 0xC0,
    0xBF, 0x80, 0x0B, 0xF8, 0x3F, 0xC0, 0x01, 0xFF, 0x1F, 0xF0, 0x00, 0x3F, 0xC7, 0xFC, 0x00, 0x0F,
    0xF6, 0xFF, 0x00, 0x03, 0xFD, 0xBF, 0xC0, 0x00, 0xFF, 0x5F, 0xF0, 0x00, 0x3F, 0xD3, 0xFC, 0x00,
    0x0F, 0xF0, 0xFF, 0x40, 0x07, 0xFC, 0x2F, 0xF0, 0x03, 0xFD, 0x03, 0xFE, 0x02, 0xFF, 0x00, 0x3F,
    0xFF, 0xFF, 0x00, 0x02, 0xFF, 0xFE, 0x00, 0x00, 0x05, 0x50, 0x00, 0x00, 0x00, 0xB8, 0x0B, 0x80,
    0x00, 0x7F, 0x47, 0xF4, 0x00, 0x2F, 0xD1, 0xFD, 0x00, 0x03, 0xF0, 0x3F, 0x00, 0x00, 0x10, 0x01,
    0x00, 0x00, 0x00, 0x00, 0x00, 0x00, 0x01, 0xBF, 0x90, 0x00, 0x07, 0xFF, 0xFF, 0x40, 0x07, 0xFE,
    0xAF, 0xF4, 0x03, 0xFC, 0x01, 0xFF, 0x02, 0xFE, 0x00, 0x2F, 0xE0, 0xFF, 0x00, 0x07, 0xFC, 0x7F,
    0xC0, 0x00, 0xFF, 0x1F, 0xF0, 0x00, 0x3F, 0xDB, 0xFC, 0x00, 0x0F, 0xF6, 0xFF, 0x00, 0x03, 0xFD,
    0x7F, 0xC0, 0x00, 0xFF, 0x4F, 0xF0, 0x00, 0x3F, 0xC3, 0xFD, 0x00, 0x1F, 0xF0, 0xBF, 0xC0, 0x0F,
    0xF4, 0x0F, 0xF8, 0x0B, 0xFC, 0x00, 0xFF, 0xFF, 0xFC, 0x00, 0x0B, 0xFF, 0xF8, 0x00, 0x00, 0x15,
    0x40, 0x00, 0x00, 0x02, 0xE0, 0x00, 0x00, 0x01, 0xFE, 0x00, 0x00, 0x00, 0xBF, 0xC0, 0x00, 0x00,
    0x2F, 0xE0, 0x00, 0x00, 0x03, 0xF0, 0x00, 0x00, 0x00, 0x00, 0x00, 0x00, 0x00, 0x00, 0x00, 0x00,
    0xFF, 0xFF, 0xFF, 0xFC, 0x3F, 0xFF, 0xFF, 0xFF, 0x0F, 0xFF, 0xFF, 0xFF, 0xC0, 0x00, 0x00, 0x00,
    0x00, 0x00, 0x00, 0x00, 0x00, 0x00, 0x02, 0xE0, 0x00, 0x00, 0x01, 0xFE, 0x00, 0x00, 0x00, 0xBF,
    0xC0, 0x00, 0x00, 0x2F, 0xE0, 0x00, 0x00, 0x03, 0xF0, 0x00, 0x00, 0x00, 0x00, 0x00, 0x00, 0x00,
    0x00, 0x00, 0x20, 0x00, 0x00, 0x00, 0x2E, 0x00, 0x00, 0x00, 0x0F, 0x00, 0x00, 0x6F, 0xEF, 0x80,
    0x01, 0xFF, 0xFF, 0xD0, 0x01, 0xFF, 0xAB, 0xFD, 0x00, 0xFF, 0x40, 0xFF, 0xC0, 0xBF, 0x80, 0xBF,
    0xF8, 0x3F, 0xC0, 0x7D, 0xFF, 0x1F, 0xF0, 0x3D, 0x3F, 0xD7, 0xFC, 0x1F, 0x0F, 0xF5, 0xFF, 0x0F,
    0x43, 0xFD, 0x7F, 0xC7, 0xC0, 0xFF, 0x5F, 0xF3, 0xC0, 0x3F, 0xD3, 0xFE, 0xE0, 0x0F, 0xF0, 0xFF,
    0xF0, 0x07, 0xFC, 0x2F, 0xF8, 0x03, 0xFD, 0x03, 0xFE, 0x02, 0xFF, 0x00, 0x3F, 0xFF, 0xFF, 0x00,
    0x0F, 0xFF, 0xFE, 0x00, 0x0B, 0x85, 0x54, 0x00, 0x03, 0xC0, 0x00, 0x00, 0x01, 0xD0, 0x00, 0x00,
    0x00, 0x00, 0x00, 0x00, 0x00, 0x00, 0x00, 0x00, 0x00, 0x00, 0x00, 0x03, 0x00, 0x00, 0x00, 0x00,
    0x0F, 0xC0, 0x00, 0x00, 0x00, 0x0B, 0xF0, 0x00, 0x00, 0x00, 0x01, 0xFC, 0x00, 0x00, 0x00, 0x00,
    0x7F, 0x00, 0x00, 0x00, 0x00, 0x0F, 0xC0, 0x00, 0x00, 0x00, 0x02, 0x00, 0x00, 0x00, 0x00, 0x00,
    0x00, 0x00, 0x15, 0x54, 0x01, 0x55, 0x40, 0x3F, 0xFC, 0x07, 0xFF, 0xE0, 0x3F, 0xFC, 0x07, 0xFF,
    0xD0, 0x03, 0xFC, 0x00, 0x3F, 0xD0, 0x03, 0xFC, 0x00, 0x2F, 0xD0, 0x03, 0xFC, 0x00, 0x2F, 0xD0,
    0x03, 0xFC, 0x00, 0x2F, 0xD0, 0x03, 0xFC, 0x00, 0x2F, 0xD0, 0x03, 0xFC, 0x00, 0x2F, 0xD0, 0x03,
    0xFC, 0x00, 0x2F, 0xD0, 0x03, 0xFC, 0x00, 0x2F, 0xD0, 0x03, 0xFC, 0x00, 0x3F, 0xD0, 0x03, 0xFC,
    0x00, 0x7F, 0xD0, 0x02, 0xFE, 0x00, 0xFF, 0xD0, 0x00, 0xFF, 0xEB, 0xFF, 0xE4, 0x00, 0xBF, 0xFF,
    0xCF, 0xFE, 0x00, 0x1F, 0xFE, 0x0F, 0xFE, 0x00, 0x00, 0x00, 0x00, 0x00, 0x00, 0x00, 0x00, 0x00,
    0x00, 0x00, 0x00, 0x01, 0x80, 0x00, 0x00, 0x00, 0x07, 0xF0, 0x00, 0x00, 0x00, 0x1F, 0xC0, 0x00,
    0x00, 0x00, 0x7F, 0x00, 0x00, 0x00, 0x01, 0xFC, 0x00, 0x00, 0x00, 0x03, 0xE0, 0x00, 0x00, 0x00,
    0x01, 0x80, 0x00, 0x00, 0x00, 0x00, 0x00, 0x00, 0x00, 0x15, 0x54, 0x01, 0x55, 0x40, 0x3F, 0xFC,
    0x07, 0xFF, 0xE0, 0x3F, 0xFC, 0x07, 0xFF, 0xD0, 0x03, 0xFC, 0x00, 0x3F, 0xD0, 0x03, 0xFC, 0x00,
    0x2F, 0xD0, 0x03, 0xFC, 0x00, 0x2F, 0xD0, 0x03, 0xFC, 0x00, 0x2F, 0xD0, 0x03, 0xFC, 0x00, 0x2F,
    0xD0, 0x03, 0xFC, 0x00, 0x2F, 0xD0, 0x03, 0xFC, 0x00, 0x2F, 0xD0, 0x03, 0xFC, 0x00, 0x2F, 0xD0,
    0x03, 0xFC, 0x00, 0x3F, 0xD0, 0x03, 0xFC, 0x00, 0x7F, 0xD0, 0x02, 0xFE, 0x00, 0xFF, 0xD0, 0x00,
    0xFF, 0xEB, 0xFF, 0xE4, 0x00, 0xBF, 0xFF, 0xCF, 0xFE, 0x00, 0x1F, 0xFE, 0x0F, 0xFE, 0x00, 0x00,
    0x00, 0x00, 0x00, 0x00, 0x00, 0xB8, 0x00, 0x00, 0x00, 0x07, 0xFF, 0x00, 0x00, 0x00, 0x1F, 0xEF,
    0xC0, 0x00, 0x00, 0x7F, 0x07, 0xF4, 0x00, 0x01, 0xF8, 0x00, 0xBC, 0x00, 0x00, 0x90, 0x00, 0x14,
    0x00, 0x00, 0x00, 0x00, 0x00, 0x00, 0x15, 0x54, 0x01, 0x55, 0x40, 0x3F, 0xFC, 0x07, 0xFF, 0xE0,
    0x3F, 0xFC, 0x07, 0xFF, 0xD0, 0x03, 0xFC, 0x00, 0x3F, 0xD0, 0x03, 0xFC, 0x00, 0x2F, 0xD0, 0x03,
    0xFC, 0x00, 0x2F, 0xD0, 0x03, 0xFC, 0x00, 0x2F, 0xD0, 0x03, 0xFC, 0x00, 0x2F, 0xD0, 0x03, 0xFC,
    0x00, 0x2F, 0xD0, 0x03, 0xFC, 0x00, 0x2F, 0xD0, 0x03, 0xFC, 0x00, 0x2F, 0xD0, 0x03, 0xFC, 0x00,
    0x3F, 0xD0, 0x03, 0xFC, 0x00, 0x7F, 0xD0, 0x02, 0xFE, 0x00, 0xFF, 0xD0, 0x00, 0xFF, 0xEB, 0xFF,
    0xE4, 0x00, 0xBF, 0xFF, 0xCF, 0xFE, 0x00, 0x1F, 0xFE, 0x0F, 0xFE, 0x00, 0x00, 0x00, 0x00, 0x00,
    0x00, 0x2E, 0x02, 0xE0, 0x00, 0x00, 0x7F, 0x07, 0xF4, 0x00, 0x00, 0xBF, 0x4B, 0xF4, 0x00, 0x00,
    0x3F, 0x03, 0xF0, 0x00, 0x00, 0x04, 0x00, 0x40, 0x00, 0x00, 0x00, 0x00, 0x00, 0x00, 0x15, 0x54,
    0x01, 0x55, 0x40, 0x3F, 0xFC, 0x07, 0xFF, 0xE0, 0x3F, 0xFC, 0x07, 0xFF, 0xD0, 0x03, 0xFC, 0x00,
    0x3F, 0xD0, 0x03, 0xFC, 0x00, 0x2F, 0xD0, 0x03, 0xFC, 0x00, 0x2F, 0xD0, 0x03, 0xFC, 0x00, 0x2F,
    0xD0, 0x03, 0xFC, 0x00, 0x2F, 0xD0, 0x03, 0xFC, 0x00, 0x2F, 0xD0, 0x03, 0xFC, 0x00, 0x2F, 0xD0,
    0x03, 0xFC, 0x00, 0x2F, 0xD0, 0x03, 0xFC, 0x00, 0x3F, 0xD0, 0x03, 0xFC, 0x00, 0x7F, 0xD0, 0x02,
    0xFE, 0x00, 0xFF, 0xD0, 0x00, 0xFF, 0xEB, 0xFF, 0xE4, 0x00, 0xBF, 0xFF, 0xCF, 0xFE, 0x00, 0x1F,
    0xFE, 0x0F, 0xFE, 0x00, 0x00, 0x00, 0x00, 0x00, 0x00, 0x00, 0x00, 0x00, 0x00, 0x00, 0x00, 0x00,
    0xD0, 0x00, 0x00, 0x00, 0x03, 0xF4, 0x00, 0x00, 0x00, 0x0F, 0xE0, 0x00, 0x00, 0x00, 0x3F, 0x80,
    0x00, 0x00, 0x00, 0xBD, 0x00, 0x00, 0x00, 0x02, 0xF4, 0x00, 0x00, 0x00, 0x00, 0x80, 0x00, 0x00,
    0x00, 0x00, 0x00, 0x00, 0x00, 0x15, 0x55, 0x40, 0x55, 0x54, 0x3F, 0xFF, 0xC1, 0xFF, 0xFC, 0x3F,
    0xFF, 0x81, 0xBF, 0xF8, 0x03, 0xFD, 0x00, 0x3F, 0xC0, 0x02, 0xFE, 0x00, 0x3F, 0x80, 0x00, 0xFF,
    0x00, 0x7F, 0x00, 0x00, 0xBF, 0x00, 0xBE, 0x00, 0x00, 0x7F, 0x80, 0xFD, 0x00, 0x00, 0x3F, 0xC1,
    0xFC, 0x00, 0x00, 0x2F, 0xD2, 0xF8, 0x00, 0x00, 0x0F, 0xE3, 0xF0, 0x00, 0x00, 0x0B, 0xF7, 0xF0,
    0x00, 0x00, 0x07, 0xFF, 0xD0, 0x00, 0x00, 0x03, 0xFF, 0xC0, 0x00, 0x00, 0x02, 0xFF, 0x80, 0x00,
    0x00, 0x00, 0xFF, 0x40, 0x00, 0x00, 0x00, 0xBF, 0x00, 0x00, 0x00, 0x00, 0xBE, 0x00, 0x00, 0x00,
    0x00, 0xFC, 0x00, 0x00, 0x00, 0x01, 0xFC, 0x00, 0x00, 0x00, 0x03, 0xF4, 0x00, 0x00, 0x00, 0x07,
    0xF0, 0x00, 0x00, 0x00, 0x0F, 0xE0, 0x00, 0x00, 0x00, 0x1F, 0xC0, 0x00, 0x00, 0x00, 0x0B, 0xC0,
    0x00, 0x00, 0x00, 0x00, 0x00, 0x00, 0x00, 0x14, 0x00, 0x00, 0x00, 0x00, 0xFF, 0xF8, 0x00, 0x00,
    0x03, 0xFF, 0xE0, 0x00, 0x00, 0x00, 0xFF, 0x80, 0x00, 0x00, 0x02, 0xFE, 0x00, 0x00, 0x00, 0x07,
    0xF8, 0x00, 0x00, 0x00, 0x1F, 0xE0, 0x00, 0x00, 0x00, 0x7F, 0x80, 0x00, 0x00, 0x01, 0xFE, 0x00,
    0x00, 0x00, 0x07, 0xF8, 0x2A, 0x90, 0x00, 0x1F, 0xE7, 0xFF, 0xF0, 0x00, 0x7F, 0xFF, 0xFF, 0xF0,
    0x01, 0xFF, 0xE5, 0xBF, 0xE0, 0x07, 0xFE, 0x00, 0xBF, 0xC0, 0x1F, 0xF0, 0x00, 0xFF, 0x40, 0x7F,
    0x80, 0x03, 0xFD, 0x01, 0xFE, 0x00, 0x0F, 0xF8, 0x07, 0xF8, 0x00, 0x2F, 0xE0, 0x1F, 0xE0, 0x00,
    0xFF, 0x80, 0x7F, 0x80, 0x03, 0xFD, 0x01, 0xFE, 0x00, 0x0F, 0xF4, 0x07, 0xF8, 0x00, 0x7F, 0xC0,
    0x1F, 0xE0, 0x03, 0xFD, 0x00, 0x7F, 0xE5, 0xBF, 0xF0, 0x01, 0xFF, 0xFF, 0xFF, 0x00, 0x07, 0xFF,
    0xFF, 0xD0, 0x00, 0x1F, 0xE1, 0x50, 0x00, 0x00, 0x7F, 0x80, 0x00, 0x00, 0x01, 0xFE, 0x00, 0x00,
    0x00, 0x07, 0xF8, 0x00, 0x00, 0x00, 0x2F, 0xE0, 0x00, 0x00, 0x01, 0xFF, 0xE4, 0x00, 0x00, 0x2F,
    0xFF, 0xF8, 0x00, 0x00, 0x6A, 0xAA, 0x90, 0x00, 0x00, 0x00, 0x1F, 0x01, 0xF0, 0x00, 0x00, 0x3F,
    0x83, 0xFC, 0x00, 0x00, 0x3F, 0xC3, 0xFC, 0x00, 0x00, 0x2F, 0x42, 0xF8, 0x00, 0x00, 0x05, 0x00,
    0x50, 0x00, 0x00, 0x00, 0x00, 0x00, 0x00, 0x15, 0x55, 0x40, 0x55, 0x54, 0x3F, 0xFF, 0xC1, 0xFF,
    0xFC, 0x3F, 0xFF, 0x81, 0xBF, 0xF8, 0x03, 0xFD, 0x00, 0x3F, 0xC0, 0x02, 0xFE, 0x00, 0x3F, 0x80,
    0x00, 0xFF, 0x00, 0x7F, 0x00, 0x00, 0xBF, 0x00, 0xBE, 0x00, 0x00, 0x7F, 0x80, 0xFD, 0x00, 0x00,
    0x3F, 0xC1, 0xFC, 0x00, 0x00, 0x2F, 0xD2, 0xF8, 0x00, 0x00, 0x0F, 0xE3, 0xF0, 0x00, 0x00, 0x0B,
    0xF7, 0xF0, 0x00, 0x00, 0x07, 0xFF, 0xD0, 0x00, 0x00, 0x03, 0xFF, 0xC0, 0x00, 0x00, 0x02, 0xFF,
    0x80, 0x00, 0x00, 0x00, 0xFF, 0x40, 0x00, 0x00, 0x00, 0xBF, 0x00, 0x00, 0x00, 0x00, 0xBE, 0x00,
    0x00, 0x00, 0x00, 0xFC, 0x00, 0x00, 0x00, 0x01, 0xFC, 0x00, 0x00, 0x00, 0x03, 0xF4, 0x00, 0x00,
    0x00, 0x07, 0xF0, 0x00, 0x00, 0x00, 0x0F, 0xE0, 0x00, 0x00, 0x00, 0x1F, 0xC0, 0x00, 0x00, 0x00,
    0x0B, 0xC0, 0x00, 0x00, 0x00, 0x00, 0x00, 0x00, 0x00, 0x00, 0x01, 0x00, 0x01, 0x00, 0x00, 0x00,
    0x2D, 0x00, 0x2D, 0x00, 0x00, 0x00, 0x3E, 0x47, 0xF0, 0x00, 0x00, 0x00, 0xBF, 0xFF, 0x40, 0x00,
    0x00, 0x00, 0x7F, 0xF4, 0x00, 0x00, 0x00, 0x00, 0x14, 0x00, 0x00, 0x00, 0x00, 0x00, 0xA8, 0x00,
    0x00, 0x00, 0x00, 0x0B, 0xF0, 0x00, 0x00, 0x00, 0x00, 0x3F, 0xD0, 0x00, 0x00, 0x00, 0x00, 0xFF,
    0x80, 0x00, 0x00, 0x00, 0x0B, 0xFF, 0x00, 0x00, 0x00, 0x00, 0x3F, 0xFD, 0x00, 0x00, 0x00, 0x00,
    0xFF, 0xFC, 0x00, 0x00, 0x00, 0x0B, 0xEB, 0xF0, 0x00, 0x00, 0x00, 0x3F, 0x1F, 0xE0, 0x00, 0x00,
    0x00, 0xFC, 0x3F, 0xC0, 0x00, 0x00, 0x0B, 0xE0, 0xFF, 0x00, 0x00, 0x00, 0x3F, 0x41, 0xFE, 0x00,
    0x00, 0x00, 0xFC, 0x03, 0xFC, 0x00, 0x00, 0x0B, 0xE0, 0x0F, 0xF4, 0x00, 0x00, 0x3F, 0x40, 0x2F,
    0xE0, 0x00, 0x00, 0xFF, 0xFF, 0xFF, 0xC0, 0x00, 0x0B, 0xFF, 0xFF, 0xFF, 0x40, 0x00, 0x3F, 0x80,
    0x02, 0xFE, 0x00, 0x01, 0xFC, 0x00, 0x03, 0xFC, 0x00, 0x0B, 0xF0, 0x00, 0x0F, 0xF4, 0x00, 0x3F,
    0x40, 0x00, 0x2F, 0xF0, 0x02, 0xFE, 0x00, 0x00, 0xBF, 0xE0, 0x7F, 0xFF, 0x40, 0x2F, 0xFF, 0xF5,
    0xFF, 0xFD, 0x00, 0xBF, 0xFF, 0xC0, 0x00, 0x00, 0x00, 0x00, 0x00, 0x00, 0x01, 0x00, 0x00, 0x00,
    0x03, 0xC0, 0x03, 0xC0, 0x00, 0x7E, 0x07, 0xE0, 0x00, 0x0F, 0xFF, 0xF0, 0x00, 0x00, 0xBF, 0xE0,
    0x00, 0x00, 0x01, 0x40, 0x00, 0x00, 0x00, 0x00, 0x00, 0x00, 0x16, 0xBF, 0x90, 0x00, 0x2F, 0xFF,
    0xFF, 0x00, 0x0B, 0xFE, 0xBF, 0xF0, 0x01, 0xF4, 0x03, 0xFD, 0x00, 0x7C, 0x00, 0x7F, 0x80, 0x1F,
    0x00, 0x0F, 0xE0, 0x00, 0x00, 0x03, 0xFC, 0x00, 0x00, 0x06, 0xFF, 0x00, 0x06, 0xFF, 0xFF, 0xC0,
    0x0F, 0xFF, 0xAF, 0xF0, 0x0F, 0xF4, 0x03, 0xFC, 0x07, 0xF8, 0x00, 0xFF, 0x01, 0xFE, 0x00, 0x7F,
    0xC0, 0x7F, 0xC0, 0x3F, 0xF0, 0x0F, 0xFE, 0xBF, 0xFD, 0x02, 0xFF, 0xFE, 0xBF, 0xF0, 0x2F, 0xFD,
    0x1F, 0xFC, 0x00, 0x50, 0x00, 0x00, 0x00, 0x0A, 0xAA, 0xAA, 0xA4, 0x00, 0x00, 0x0F, 0xFF, 0xFF,
    0xFF, 0xE0, 0x00, 0x0A, 0xFF, 0xEA, 0xBF, 0xFD, 0x00, 0x00, 0xBF, 0x80, 0x02, 0xFF, 0x40, 0x00,
    0xBF, 0x80, 0x00, 0x7F, 0xD0, 0x00, 0x7F, 0x80, 0x00, 0x2F, 0xF0, 0x00, 0x7F, 0x80, 0x00, 0x0F,
    0xF4, 0x00, 0x7F, 0x80, 0x00, 0x0B, 0xFC, 0x00, 0x7F, 0x80, 0x00, 0x07, 0xFC, 0x00, 0x7F, 0x80,
    0x00, 0x03, 0xFD, 0x00, 0x7F, 0x80, 0x00, 0x03, 0xFD, 0x7F, 0xFF, 0xFF, 0xC0, 0x03, 0xFE, 0x7F,
    0xFF, 0xFF, 0xC0, 0x03, 0xFE, 0x00, 0x7F, 0x80, 0x00, 0x03, 0xFD, 0x00, 0x7F, 0x80, 0x00, 0x03,
    0xFD, 0x00, 0x7F, 0x80, 0x00, 0x03, 0xFC, 0x00, 0x7F, 0x80, 0x00, 0x07, 0xFC, 0x00, 0x7F, 0x80,
    0x00, 0x0F, 0xF8, 0x00, 0x7F, 0x80, 0x00, 0x1F, 0xF0, 0x00, 0x7F, 0x80, 0x00, 0x3F, 0xE0, 0x00,
    0xBF, 0x80, 0x00, 0xFF, 0xC0, 0x00, 0xFF, 0xC0, 0x1B, 0xFF, 0x00, 0x0F, 0xFF, 0xFF, 0xFF, 0xF4,
    0x00, 0x0F, 0xFF, 0xFF, 0xFE, 0x40, 0x00, 0x00, 0x00, 0x00, 0x00, 0x00, 0x00, 0x00, 0x00, 0x14,
    0x00, 0x00, 0x00, 0x00, 0xFF, 0xF8, 0x00, 0x00, 0x07, 0xFF, 0xE0, 0x00, 0x00, 0x00, 0xBF, 0x80,
    0x00, 0x00, 0x01, 0xFE, 0x00, 0x00, 0x0F, 0xFF, 0xFF, 0xE0, 0x00, 0x3F, 0xFF, 0xFF, 0x80, 0x00,
    0x00, 0x7F, 0x80, 0x00, 0x00, 0x01, 0xFE, 0x00, 0x00, 0x6F, 0xEB, 0xF8, 0x00, 0x1F, 0xFF, 0xFF,
    0xE0, 0x01, 0xFF, 0xFF, 0xFF, 0x80, 0x0F, 0xF8, 0x02, 0xFE, 0x00, 0xBF, 0x80, 0x07, 0xF8, 0x03,
    0xFD, 0x00, 0x1F, 0xE0, 0x1F, 0xF0, 0x00, 0x7F, 0x80, 0x7F, 0xC0, 0x01, 0xFE, 0x01, 0xFF, 0x00,
    0x07, 0xF8, 0x07, 0xFC, 0x00, 0x1F, 0xE0, 0x1F, 0xF0, 0x00, 0x7F, 0x80, 0x3F, 0xC0, 0x02, 0xFE,
    0x00, 0xFF, 0x80, 0x0F, 0xF8, 0x02, 0xFF, 0x40, 0xBF, 0xE0, 0x03, 0xFF, 0xFF, 0xFF, 0xD0, 0x07,
    0xFF, 0xFC, 0xFF, 0xF0, 0x07, 0xFF, 0x82, 0xFF, 0xC0, 0x00, 0x50, 0x00, 0x00, 0x00, 0x02, 0x40,
    0x01, 0x03, 0xFF, 0x97, 0xC2, 0xFF, 0xFF, 0xE0, 0xF0, 0x6F, 0xF0, 0x10, 0x00, 0x10, 0x00, 0x00,
    0x00, 0x00, 0xAA, 0xAA, 0x80, 0x3F, 0xFF, 0xF0, 0x0A, 0xFF, 0xF8, 0x00, 0x2F, 0xF0, 0x00, 0x0B,
    0xF8, 0x00, 0x01, 0xFE, 0x00, 0x00, 0x7F, 0x80, 0x00, 0x1F, 0xE0, 0x00, 0x07, 0xF8, 0x00, 0x01,
    0xFE, 0x00, 0x00, 0x7F, 0x80, 0x00, 0x1F, 0xE0, 0x00, 0x07, 0xF8, 0x00, 0x01, 0xFE, 0x00, 0x00,
    0x7F, 0x80, 0x00, 0x1F, 0xE0, 0x00, 0x07, 0xF8, 0x00, 0x01, 0xFE, 0x00, 0x00, 0x7F, 0x80, 0x00,
    0x1F, 0xE0, 0x00, 0x0B, 0xF8, 0x00, 0x03, 0xFF, 0x00, 0x0F, 0xFF, 0xFD, 0x03, 0xFF, 0xFF, 0x40,
    0x00, 0x00, 0x00, 0x00, 0x00, 0x00, 0x3D, 0x03, 0x02, 0xFF, 0xBC, 0x0F, 0xFF, 0xF0, 0x34, 0x2F,
    0x00, 0x00, 0x00, 0x00, 0x00, 0x00, 0x05, 0x55, 0x40, 0x2F, 0xFF, 0x00, 0xBF, 0xFC, 0x00, 0x1F,
    0xF0, 0x00, 0x3F, 0xC0, 0x00, 0xFF, 0x00, 0x03, 0xFC, 0x00, 0x0F, 0xF0, 0x00, 0x3F, 0xC0, 0x00,
    0xFF, 0x00, 0x03, 0xFC, 0x00, 0x0F, 0xF0, 0x00, 0x3F, 0xC0, 0x00, 0xFF, 0x00, 0x07, 0xFD, 0x02,
    0xFF, 0xFF, 0x4B, 0xFF, 0xFD, 0x00, 0x00, 0x00, 0x00, 0x00, 0x24, 0x00, 0x50, 0x00, 0x00, 0x00,
    0x3F, 0xF9, 0x7C, 0x00, 0x00, 0x00, 0x2F, 0xFF, 0xFD, 0x00, 0x00, 0x00, 0x0F, 0x06, 0xFE, 0x00,
    0x00, 0x00, 0x01, 0x00, 0x01, 0x00, 0x00, 0x00, 0x00, 0x00, 0x00, 0x00, 0x00, 0x06, 0xAA, 0xAA,
    0x00, 0x1A, 0xAA, 0xA1, 0xFF, 0xFF, 0xC0, 0x0B, 0xFF, 0xFC, 0x6F, 0xFF, 0xE0, 0x01, 0xBF, 0xFE,
    0x00, 0xFF, 0x40, 0x00, 0x03, 0xF8, 0x00, 0x3F, 0xD0, 0x00, 0x00, 0xFD, 0x00, 0x0F, 0xF4, 0x00,
    0x00, 0x3F, 0x40, 0x03, 0xFD, 0x00, 0x00, 0x0F, 0xD0, 0x00, 0xFF, 0x40, 0x00, 0x03, 0xF4, 0x00,
    0x3F, 0xD0, 0x00, 0x00, 0xFD, 0x00, 0x0F, 0xF4, 0x00, 0x00, 0x3F, 0x40, 0x03, 0xFD, 0x00, 0x00,
    0x0F, 0xD0, 0x00, 0xFF, 0x40, 0x00, 0x03, 0xF4, 0x00, 0x3F, 0xD0, 0x00, 0x00, 0xFD, 0x00, 0x0F,
    0xF4, 0x00, 0x00, 0x3F, 0x40, 0x03, 0xFD, 0x00, 0x00, 0x0F, 0xD0, 0x00, 0xFF, 0x40, 0x00, 0x03,
    0xF4, 0x00, 0x3F, 0xD0, 0x00, 0x00, 0xFD, 0x00, 0x0B, 0xF8, 0x00, 0x00, 0x7F, 0x00, 0x01, 0xFF,
    0x00, 0x00, 0x2F, 0xC0, 0x00, 0x3F, 0xD0, 0x00, 0x0F, 0xE0, 0x00, 0x0B, 0xFD, 0x00, 0x0F, 0xF0,
    0x00, 0x00, 0xFF, 0xF9, 0x6F, 0xF4, 0x00, 0x00, 0x0F, 0xFF, 0xFF, 0xF4, 0x00, 0x00, 0x00, 0x7F,
    0xFF, 0xE0, 0x00, 0x00, 0x00, 0x00, 0x55, 0x40, 0x00, 0x00, 0x00, 0x00, 0x00, 0x00, 0x00, 0x00,
    0x1F, 0x40, 0x34, 0x00, 0x00, 0x3F, 0xFE, 0xF8, 0x00, 0x00, 0xFF, 0xFF, 0xF0, 0x00, 0x00, 0xE0,
    0x1B, 0xC0, 0x00, 0x00, 0x00, 0x00, 0x00, 0x00, 0x00, 0x00, 0x00, 0x00, 0x00, 0x15, 0x54, 0x01,
    0x55, 0x40, 0x3F, 0xFC, 0x07, 0xFF, 0xE0, 0x3F, 0xFC, 0x07, 0xFF, 0xD0, 0x03, 0xFC, 0x00, 0x3F,
    0xD0, 0x03, 0xFC, 0x00, 0x2F, 0xD0, 0x03, 0xFC, 0x00, 0x2F, 0xD0, 0x03, 0xFC, 0x00, 0x2F, 0xD0,
    0x03, 0xFC, 0x00, 0x2F, 0xD0, 0x03, 0xFC, 0x00, 0x2F, 0xD0, 0x03, 0xFC, 0x00, 0x2F, 0xD0, 0x03,
    0xFC, 0x00, 0x2F, 0xD0, 0x03, 0xFC, 0x00, 0x3F, 0xD0, 0x03, 0xFC, 0x00, 0x7F, 0xD0, 0x02, 0xFE,
    0x00, 0xFF, 0xD0, 0x00, 0xFF, 0xEB, 0xFF, 0xE4, 0x00, 0xBF, 0xFF, 0xCF, 0xFE, 0x00, 0x1F, 0xFE,
    0x0F, 0xFE, 0x00, 0x00, 0x00, 0x00, 0x00, 0x00, 0x00, 0x00, 0x00, 0x00, 0x01, 0x00, 0x00, 0x00,
    0x00, 0x00, 0x0B, 0xD0, 0x00, 0x00, 0x00, 0x00, 0x02, 0xF8, 0x00, 0x06, 0xFF, 0xE4, 0x00, 0x7E,
    0x00, 0x1F, 0xFF, 0xFF, 0xE0, 0x1F, 0x80, 0x3F, 0xFE, 0x6B, 0xFF, 0xAF, 0xC0, 0x3F, 0xF0, 0x00,
    0x3F, 0xFF, 0xD0, 0x2F, 0xF0, 0x00, 0x03, 0xFF, 0x00, 0x0F, 0xF4, 0x00, 0x00, 0x3F, 0xD0, 0x0B,
    0xFC, 0x00, 0x00, 0x0B, 0xFC, 0x03, 0xFE, 0x00, 0x00, 0x01, 0xFF, 0x41, 0xFF, 0x40, 0x00, 0x00,
    0x3F, 0xE0, 0xBF, 0xC0, 0x00, 0x00, 0x0F, 0xFC, 0x2F, 0xF0, 0x00, 0x00, 0x03, 0xFF, 0x0B, 0xFC,
    0x00, 0x00, 0x00, 0xBF, 0xC3, 0xFF, 0x00, 0x00, 0x00, 0x2F, 0xF0, 0xBF, 0xC0, 0x00, 0x00, 0x0B,
    0xFC, 0x2F, 0xF0, 0x00, 0x00, 0x03, 0xFF, 0x07, 0xFC, 0x00, 0x00, 0x00, 0xFF, 0x80, 0xFF, 0x40,
    0x00, 0x00, 0x3F, 0xD0, 0x3F, 0xE0, 0x00, 0x00, 0x1F, 0xF0, 0x07, 0xFC, 0x00, 0x00, 0x0F, 0xF8,
    0x00, 0xFF, 0x80, 0x00, 0x07, 0xFC, 0x00, 0x1F, 0xF4, 0x00, 0x07, 0xFE, 0x00, 0x01, 0xFF, 0x90,
    0x0B, 0xFE, 0x00, 0x00, 0x1F, 0xFF, 0xFF, 0xFD, 0x00, 0x00, 0x00, 0xBF, 0xFF, 0xF8, 0x00, 0x00,
    0x00, 0x00, 0x55, 0x40, 0x00, 0x00, 0x00, 0x00, 0x00, 0x00, 0x00, 0x00, 0x00, 0x00, 0x0B, 0xE0,
    0x00, 0x00, 0x00, 0x2F, 0xC0, 0x00, 0x00, 0x00, 0x7F, 0x00, 0x1B, 0xF9, 0x01, 0xF8, 0x07, 0xFF,
    0xFF, 0xAF, 0xD0, 0x7F, 0xEA, 0xFF, 0xFD, 0x03, 0xFC, 0x01, 0xFF, 0x40, 0x2F, 0xE0, 0x02, 0xFE,
    0x00, 0xFF, 0x00, 0x07, 0xFC, 0x07, 0xFC, 0x00, 0x0F, 0xF0, 0x1F, 0xF0, 0x00, 0x3F, 0xD0, 0xBF,
    0xC0, 0x00, 0xFF, 0x42, 0xFF, 0x00, 0x03, 0xFD, 0x07, 0xFC, 0x00, 0x0F, 0xF4, 0x0F, 0xF0, 0x00,
    0x3F, 0xC0, 0x3F, 0xD0, 0x01, 0xFF, 0x00, 0xBF, 0xC0, 0x0F, 0xF4, 0x00, 0xFF, 0x80, 0xBF, 0xC0,
    0x00, 0xFF, 0xFF, 0xFC, 0x00, 0x00, 0xBF, 0xFF, 0x80, 0x00, 0x00, 0x15, 0x40, 0x00, 0x00, 0x00,
    0x00, 0x00, 0x00, 0x00, 0x00, 0x10, 0x00, 0x00, 0x00, 0x00, 0x00, 0x1F, 0xC0, 0x00, 0x00, 0x00,
    0x00, 0x00, 0x7F, 0x00, 0x00, 0x00, 0x00, 0x00, 0x00, 0xFC, 0x00, 0x00, 0x00, 0x00, 0x00, 0x03,
    0xF0, 0xAA, 0xAA, 0x80, 0x02, 0xA9, 0xBF, 0x83, 0xFF, 0xFF, 0x40, 0x1F, 0xFF, 0xF8, 0x0B, 0xFF,
    0xFD, 0x00, 0x2F, 0xFD, 0x00, 0x03, 0xFF, 0x00, 0x00, 0x0F, 0xF0, 0x00, 0x0B, 0xFC, 0x00, 0x00,
    0x3F, 0xC0, 0x00, 0x2F, 0xF0, 0x00, 0x00, 0xBF, 0x00, 0x00, 0xBF, 0xC0, 0x00, 0x02, 0xFC, 0x00,
    0x02, 0xFF, 0x00, 0x00, 0x0B, 0xF0, 0x00, 0x0B, 0xFC, 0x00, 0x00, 0x2F, 0xC0, 0x00, 0x2F, 0xF0,
    0x00, 0x00, 0xBF, 0x00, 0x00, 0xBF, 0xC0, 0x00, 0x02, 0xFC, 0x00, 0x02, 0xFF, 0x00, 0x00, 0x0B,
    0xF0, 0x00, 0x0B, 0xFC, 0x00, 0x00, 0x2F, 0xC0, 0x00, 0x2F, 0xF0, 0x00, 0x00, 0xBF, 0x00, 0x00,
    0xBF, 0xC0, 0x00, 0x02, 0xFC, 0x00, 0x02, 0xFF, 0x00, 0x00, 0x0B, 0xF0, 0x00, 0x07, 0xFC, 0x00,
    0x00, 0x3F, 0xC0, 0x00, 0x1F, 0xF0, 0x00, 0x00, 0xFE, 0x00, 0x00, 0x3F, 0xE0, 0x00, 0x07, 0xF4,
    0x00, 0x00, 0xFF, 0xC0, 0x00, 0x3F, 0xC0, 0x00, 0x01, 0xFF, 0xD0, 0x02, 0xFE, 0x00, 0x00, 0x02,
    0xFF, 0xFA, 0xFF, 0xF0, 0x00, 0x00, 0x02, 0xFF, 0xFF, 0xFF, 0x00, 0x00, 0x00, 0x01, 0xFF, 0xFF,
    0xD0, 0x00, 0x00, 0x00, 0x00, 0x15, 0x50, 0x00, 0x00, 0x00, 0x00, 0x00, 0x00, 0x00, 0x00, 0x00,
    0x00, 0x00, 0x00, 0x07, 0xE0, 0x00, 0x00, 0x00, 0x01, 0xFC, 0x00, 0x00, 0x00, 0x00, 0x3F, 0x00,
    0x00, 0x00, 0x00, 0x0F, 0xC5, 0x55, 0x00, 0x55, 0xAF, 0xE3, 0xFF, 0xC0, 0x7F, 0xFF, 0xE0, 0xFF,
    0xF0, 0x1F, 0xFF, 0x80, 0x03, 0xFC, 0x00, 0x3F, 0xD0, 0x00, 0xFF, 0x00, 0x0B, 0xF4, 0x00, 0x3F,
    0xC0, 0x02, 0xFD, 0x00, 0x0F, 0xF0, 0x00, 0xBF, 0x40, 0x03, 0xFC, 0x00, 0x2F, 0xD0, 0x00, 0xFF,
    0x00, 0x0B, 0xF4, 0x00, 0x3F, 0xC0, 0x02, 0xFD, 0x00, 0x0F, 0xF0, 0x00, 0xBF, 0x40, 0x03, 0xFC,
    0x00, 0x3F, 0xD0, 0x00, 0xFF, 0x00, 0x1F, 0xF4, 0x00, 0x2F, 0xE0, 0x0F, 0xFD, 0x00, 0x03, 0xFF,
    0xAF, 0xFF, 0x90, 0x00, 0xBF, 0xFF, 0xCF, 0xFE, 0x00, 0x07, 0xFF, 0x83, 0xFF, 0x80, 0x00, 0x00,
    0x00, 0x00, 0x00, 0x00, 0x00, 0x18, 0x00, 0x7E, 0x00, 0x3F, 0x80, 0x0B, 0xE0, 0x02, 0xF8, 0x00,
    0x7D, 0x00, 0x18, 0x00, 0x00, 0x00, 0x28, 0x00, 0xBE, 0x01, 0xFC, 0x07, 0xF0, 0x1F, 0x80, 0x3E,
    0x00, 0x14, 0x00, 0x00, 0x2E, 0x00, 0x00, 0x3F, 0xF4, 0x00, 0x3F, 0xBF, 0x40, 0x3F, 0x43, 0xF4,
    0x3E, 0x00, 0x2F, 0x45, 0x00, 0x00, 0x80, 0x00, 0x00, 0x00, 0x0B, 0x90, 0x1C, 0x2F, 0xFE, 0xBC,
    0x7F, 0xFF, 0xF4, 0xB0, 0x0B, 0xE0, 0x00, 0x00, 0x00, 0x00, 0x00, 0x03, 0xFF, 0xFF, 0xEB, 0xFF,
    0xFF, 0x40, 0x10, 0x00, 0x03, 0xD0, 0x03, 0xC7, 0xE0, 0x7F, 0x0B, 0xFF, 0xF0, 0x0B, 0xFF, 0x00,
    0x01, 0x40, 0x00, 0x00, 0x0B, 0xE3, 0xFC, 0xFF, 0x3F, 0x81, 0x40, 0x2E, 0x02, 0xF0, 0xFD, 0x0F,
    0xE7, 0xF8, 0x3F, 0x8F, 0xC0, 0xFD, 0x04, 0x00, 0x40, 0x7F, 0x87, 0xFE, 0x02, 0xF0, 0x7E, 0x2F,
    0x43, 0xD0, 0x04, 0x00, 0x1F, 0xD0, 0xFB, 0xD7, 0x47, 0x9D, 0x0E, 0x3E, 0xF4, 0x7F, 0x40, 0x00,
    0x00, 0x00, 0x00, 0x00, 0x00, 0x00, 0x34, 0x01, 0x00, 0x03, 0xF0, 0x2D, 0x00, 0x7F, 0x83, 0xFC,
    0x0B, 0xF0, 0xBF, 0x80, 0xFE, 0x0F, 0xE0, 0x03, 0xC0, 0x3D, 0x00, 0x00, 0x00, 0x00, 0x00, 0x14,
    0x00, 0x02, 0x0F, 0xC0, 0x07, 0xD0, 0xFD, 0x0B, 0xE0, 0x0F, 0xEF, 0xD0, 0x00, 0xFF, 0xD0, 0x00,
    0x0B, 0x90, 0x00, 0x00, 0x00, 0x80, 0x01, 0xE0, 0x3E, 0x00, 0x3F, 0xC3, 0xF8, 0x00, 0xBF, 0x4B,
    0xE0, 0x00, 0xFE, 0x1F, 0x80, 0x01, 0xF0, 0x78, 0x00, 0x00, 0x00, 0x00, 0x01, 0xA4, 0x00, 0x3F,
    0xFD, 0x03, 0xFF, 0xFD, 0x2F, 0x00, 0xBC, 0xB0, 0x00, 0xB0, 0x00, 0x00, 0x00, 0x00, 0x03, 0x82,
    0xD0, 0xF4, 0x7F, 0x1F, 0xD7, 0xF4, 0xB8, 0x01, 0xF8, 0x0B, 0xE0, 0x2F, 0x80, 0xBE, 0x03, 0xF8,
    0x0F, 0xC0, 0xBE, 0x03, 0xF0, 0x1F, 0x40, 0xF8, 0x07, 0xC0, 0x08, 0x00, 0x00, 0x02, 0xF8, 0x3F,
    0xC3, 0xFC, 0x2F, 0xC0, 0x50, 0x2E, 0x02, 0xF0, 0xFD, 0x0F, 0xE7, 0xF8, 0x3F, 0x8F, 0xC0, 0xFD,
    0x04, 0x00, 0x40, 0x04, 0x0F, 0xC7, 0xF5, 0xFD, 0x2F, 0x07, 0xC2, 0xD0, 0x10, 0x09, 0x01, 0xC0,
    0x2C, 0x02, 0xF0, 0x3F, 0xC0, 0x3D, 0x03, 0xD1, 0xBC, 0xBE, 0x00, 0x00, 0x00, 0x50, 0x1F, 0xC2,
    0xF8, 0x1F, 0xC0, 0xBD, 0x03, 0xF8, 0x0B, 0xFF, 0x0B, 0xFD, 0x00, 0x00, 0x10, 0x00, 0x03, 0xD0,
    0x03, 0xC7, 0xE0, 0x7F, 0x0B, 0xFF, 0xF0, 0x0B, 0xFF, 0x00, 0x01, 0x40, 0x00, 0xFF, 0xFF, 0xFC,
    0xFF, 0xFF, 0xFC, 0x00, 0x00, 0x00, 0x00, 0x00, 0x0A, 0x80, 0x00, 0x00, 0x00, 0x00, 0xBF, 0x00,
    0x00, 0x00, 0x00, 0x03, 0xFD, 0x00, 0x00, 0x00, 0x00, 0x0F, 0xF8, 0x00, 0x00, 0x00, 0x00, 0xBF,
    0xF0, 0x00, 0x00, 0x00, 0x03, 0xFF, 0xD0, 0x00, 0x00, 0x00, 0x0F, 0xFF, 0xC0, 0x00, 0x00, 0x00,
    0xBE, 0xBF, 0x00, 0x00, 0x00, 0x03, 0xF1, 0xFE, 0x00, 0x00, 0x00, 0x0F, 0xC3, 0xFC, 0x00, 0x00,
    0x00, 0xBE, 0x0F, 0xF0, 0x00, 0x00, 0x03, 0xF4, 0x1F, 0xE0, 0x00, 0x00, 0x0F, 0xC0, 0x3F, 0xC0,
    0x00, 0x00, 0xBE, 0x00, 0xFF, 0x40, 0x00, 0x03, 0xF4, 0x02, 0xFE, 0x00, 0x00, 0x0F, 0xFF, 0xFF,
    0xFC, 0x00, 0x00, 0xBF, 0xFF, 0xFF, 0xF4, 0x00, 0x03, 0xF8, 0x00, 0x2F, 0xE0, 0x00, 0x1F, 0xC0,
    0x00, 0x3F, 0xC0, 0x00, 0xBF, 0x00, 0x00, 0xFF, 0x40, 0x03, 0xF4, 0x00, 0x02, 0xFF, 0x00, 0x2F,
    0xE0, 0x00, 0x0B, 0xFE, 0x07, 0xFF, 0xF4, 0x02, 0xFF, 0xFF, 0x5F, 0xFF, 0xD0, 0x0B, 0xFF, 0xFC,
    0x00, 0x00, 0x00, 0x00, 0x00, 0x00, 0x00, 0x00, 0x00, 0x00, 0x00, 0x00, 0x00, 0x00, 0x00, 0x00,
    0x00, 0x00, 0x00, 0x0B, 0xE0, 0x00, 0x00, 0x00, 0x00, 0x3F, 0xC0, 0x00, 0x00, 0x00, 0x00, 0xFF,
    0x00, 0x00, 0x00, 0x00, 0x02, 0xF8, 0x00, 0x00, 0x00, 0x00, 0x01, 0x40, 0x00, 0x00, 0x05, 0xAF,
    0xE4, 0x00, 0x0B, 0xFF, 0xFF, 0xC0, 0x02, 0xFF, 0xAF, 0xFC, 0x00, 0x7D, 0x00, 0xFF, 0x40, 0x1F,
    0x00, 0x1F, 0xE0, 0x07, 0xC0, 0x03, 0xF8, 0x00, 0x00, 0x00, 0xFF, 0x00, 0x00, 0x01, 0xBF, 0xC0,
    0x01, 0xBF, 0xFF, 0xF0, 0x03, 0xFF, 0xEB, 0xFC, 0x03, 0xFD, 0x00, 0xFF, 0x01, 0xFE, 0x00, 0x3F,
    0xC0, 0x7F, 0x80, 0x1F, 0xF0, 0x1F, 0xF0, 0x0F, 0xFC, 0x03, 0xFF, 0xAF, 0xFF, 0x40, 0xBF, 0xFF,
    0xAF, 0xFC, 0x0B, 0xFF, 0x47, 0xFF, 0x00, 0x14, 0x00, 0x00, 0x00, 0x00, 0x00, 0x00, 0x00, 0x00,
    0x00, 0x00, 0x00, 0x00, 0x0F, 0xD0, 0x00, 0x00, 0x07, 0xF8, 0x00, 0x00, 0x01, 0xFF, 0x00, 0x00,
    0x00, 0x3F, 0x40, 0x00, 0x00, 0x01, 0x40, 0x00, 0x00, 0x00, 0x00, 0x00, 0x00, 0x00, 0x00, 0x00,
    0x00, 0xFF, 0x40, 0x00, 0x00, 0x00, 0x02, 0x7F, 0x00, 0x00, 0x00, 0x00, 0x00, 0xBC, 0x00, 0x00,
    0x00, 0x00, 0x0F, 0x80, 0x00, 0x00, 0x00, 0x00, 0x7C, 0x00, 0x00, 0x00, 0x00, 0x00, 0x50, 0x00,
    0x00, 0x00, 0x00, 0x02, 0xA0, 0x00, 0x00, 0x00, 0x00, 0x2F, 0xC0, 0x00, 0x00, 0x00, 0x00, 0xFF,
    0x40, 0x00, 0x00, 0x00, 0x03, 0xFE, 0x00, 0x00, 0x00, 0x00, 0x2F, 0xFC, 0x00, 0x00, 0x00, 0x00,
    0xFF, 0xF4, 0x00, 0x00, 0x00, 0x03, 0xFF, 0xF0, 0x00, 0x00, 0x00, 0x2F, 0xAF, 0xC0, 0x00, 0x00,
    0x00, 0xFC, 0x7F, 0x80, 0x00, 0x00, 0x03, 0xF0, 0xFF, 0x00, 0x00, 0x00, 0x2F, 0x83, 0xFC, 0x00,
    0x00, 0x00, 0xFD, 0x07, 0xF8, 0x00, 0x00, 0x03, 0xF0, 0x0F, 0xF0, 0x00, 0x00, 0x2F, 0x80, 0x3F,
    0xD0, 0x00, 0x00, 0xFD, 0x00, 0xBF, 0x80, 0x00, 0x03, 0xFF, 0xFF, 0xFF, 0x00, 0x00, 0x2F, 0xFF,
    0xFF, 0xFD, 0x00, 0x00, 0xFE, 0x00, 0x0B, 0xF8, 0x00, 0x07, 0xF0, 0x00, 0x0F, 0xF0, 0x00, 0x2F,
    0xC0, 0x00, 0x3F, 0xD0, 0x00, 0xFD, 0x00, 0x00, 0xBF, 0xC0, 0x0B, 0xF8, 0x00, 0x02, 0xFF, 0x81,
    0xFF, 0xFD, 0x00, 0xBF, 0xFF, 0xD7, 0xFF, 0xF4, 0x02, 0xFF, 0xFF, 0x00, 0x00, 0x00, 0x00, 0x00,
    0x00, 0x00, 0x7F, 0x80, 0x00, 0x00, 0x1F, 0xF8, 0x00, 0x00, 0x00, 0x3F, 0x00, 0x00, 0x00, 0x1F,
    0x80, 0x00, 0x00, 0x2F, 0x40, 0x00, 0x00, 0x0F, 0x40, 0x00, 0x00, 0x00, 0x40, 0x00, 0x00, 0x00,
    0x00, 0x00, 0x00, 0x05, 0xAF, 0xE4, 0x00, 0x0B, 0xFF, 0xFF, 0xC0, 0x02, 0xFF, 0xAF, 0xFC, 0x00,
    0x7D, 0x00, 0xFF, 0x40, 0x1F, 0x00, 0x1F, 0xE0, 0x07, 0xC0, 0x03, 0xF8, 0x00, 0x00, 0x00, 0xFF,
    0x00, 0x00, 0x01, 0xBF, 0xC0, 0x01, 0xBF, 0xFF, 0xF0, 0x03, 0xFF, 0xEB, 0xFC, 0x03, 0xFD, 0x00,
    0xFF, 0x01, 0xFE, 0x00, 0x3F, 0xC0, 0x7F, 0x80, 0x1F, 0xF0, 0x1F, 0xF0, 0x0F, 0xFC, 0x03, 0xFF,
    0xAF, 0xFF, 0x40, 0xBF, 0xFF, 0xAF, 0xFC, 0x0B, 0xFF, 0x47, 0xFF, 0x00, 0x14, 0x00, 0x00, 0x00,
    0x00, 0x00, 0x00, 0x00, 0x00, 0x00, 0x00, 0x00, 0x01, 0xF0, 0x00, 0x00, 0x00, 0x00, 0xBF, 0xD0,
    0x00, 0x00, 0x00, 0x2F, 0xF9, 0x00, 0x00, 0x00, 0x00, 0xF9, 0x00, 0x00, 0x00, 0x00, 0x00, 0x04,
    0x00, 0x00, 0x00, 0x00, 0x02, 0xFE, 0x00, 0x00, 0x00, 0x00, 0x7F, 0xFF, 0x00, 0x00, 0x00, 0x0B,
    0xF4, 0xBF, 0x80, 0x00, 0x00, 0x3E, 0x00, 0x2F, 0x00, 0x00, 0x00, 0x00, 0x00, 0x00, 0x00, 0x00,
    0x00, 0x02, 0xA0, 0x00, 0x00, 0x00, 0x00, 0x2F, 0xC0, 0x00, 0x00, 0x00, 0x00, 0xFF, 0x40, 0x00,
    0x00, 0x00, 0x03, 0xFE, 0x00, 0x00, 0x00, 0x00, 0x2F, 0xFC, 0x00, 0x00, 0x00, 0x00, 0xFF, 0xF4,
    0x00, 0x00, 0x00, 0x03, 0xFF, 0xF0, 0x00, 0x00, 0x00, 0x2F, 0xAF, 0xC0, 0x00, 0x00, 0x00, 0xFC,
    0x7F, 0x80, 0x00, 0x00, 0x03, 0xF0, 0xFF, 0x00, 0x00, 0x00, 0x2F, 0x83, 0xFC, 0x00, 0x00, 0x00,
    0xFD, 0x07, 0xF8, 0x00, 0x00, 0x03, 0xF0, 0x0F, 0xF0, 0x00, 0x00, 0x2F, 0x80, 0x3F, 0xD0, 0x00,
    0x00, 0xFD, 0x00, 0xBF, 0x80, 0x00, 0x03, 0xFF, 0xFF, 0xFF, 0x00, 0x00, 0x2F, 0xFF, 0xFF, 0xFD,
    0x00, 0x00, 0xFE, 0x00, 0x0B, 0xF8, 0x00, 0x07, 0xF0, 0x00, 0x0F, 0xF0, 0x00, 0x2F, 0xC0, 0x00,
    0x3F, 0xD0, 0x00, 0xFD, 0x00, 0x00, 0xBF, 0xC0, 0x0B, 0xF8, 0x00, 0x02, 0xFF, 0x81, 0xFF, 0xFD,
    0x00, 0xBF, 0xFF, 0xD7, 0xFF, 0xF4, 0x02, 0xFF, 0xFF, 0x00, 0x00, 0x00, 0x00, 0x00, 0x00, 0x00,
    0x00, 0x00, 0x00, 0x00, 0x00, 0x2E, 0x00, 0x00, 0x01, 0xBF, 0xC0, 0x00, 0x03, 0xFF, 0x40, 0x00,
    0x00, 0xF4, 0x00, 0x00, 0x00, 0x00, 0x00, 0x00, 0x00, 0x07, 0xFD, 0x00, 0x00, 0x0B, 0xFF, 0xE0,
    0x00, 0x0F, 0xF4, 0xBF, 0x40, 0x07, 0xD0, 0x03, 0xE0, 0x00, 0x40, 0x00, 0x10, 0x00, 0x16, 0xBF,
    0x90, 0x00, 0x2F, 0xFF, 0xFF, 0x00, 0x0B, 0xFE, 0xBF, 0xF0, 0x01, 0xF4, 0x03, 0xFD, 0x00, 0x7C,
    0x00, 0x7F, 0x80, 0x1F, 0x00, 0x0F, 0xE0, 0x00, 0x00, 0x03, 0xFC, 0x00, 0x00, 0x06, 0xFF, 0x00,
    0x06, 0xFF, 0xFF, 0xC0, 0x0F, 0xFF, 0xAF, 0xF0, 0x0F, 0xF4, 0x03, 0xFC, 0x07, 0xF8, 0x00, 0xFF,
    0x01, 0xFE, 0x00, 0x7F, 0xC0, 0x7F, 0xC0, 0x3F, 0xF0, 0x0F, 0xFE, 0xBF, 0xFD, 0x02, 0xFF, 0xFE,
    0xBF, 0xF0, 0x2F, 0xFD, 0x1F, 0xFC, 0x00, 0x50, 0x00, 0x00, 0x00, 0x00, 0x00, 0x00, 0x00, 0x00,
    0x00, 0x00, 0x03, 0x80, 0x00, 0x00, 0x00, 0x00, 0x2F, 0xE0, 0x00, 0x00, 0x00, 0x00, 0x1F, 0xF4,
    0x00, 0x00, 0x00, 0x00, 0x06, 0xF8, 0x00, 0x00, 0x00, 0x00, 0x00, 0x80, 0x00, 0x00, 0x00, 0x00,
    0x10, 0x00, 0x00, 0x00, 0x00, 0x0F, 0xF8, 0x00, 0x00, 0x00, 0x01, 0xFF, 0xFC, 0x00, 0x00, 0x00,
    0x2F, 0xD2, 0xFD, 0x00, 0x00, 0x00, 0xF4, 0x00, 0xBC, 0x00, 0x00, 0x00, 0x00, 0x00, 0x00, 0x00,
    0x00, 0x00, 0x0A, 0x80, 0x00, 0x00, 0x00, 0x00, 0xBF, 0x00, 0x00, 0x00, 0x00, 0x03, 0xFD, 0x00,
    0x00, 0x00, 0x00, 0x0F, 0xF8, 0x00, 0x00, 0x00, 0x00, 0xBF, 0xF0, 0x00, 0x00, 0x00, 0x03, 0xFF,
    0xD0, 0x00, 0x00, 0x00, 0x0F, 0xFF, 0xC0, 0x00, 0x00, 0x00, 0xBE, 0xBF, 0x00, 0x00, 0x00, 0x03,
    0xF1, 0xFE, 0x00, 0x00, 0x00, 0x0F, 0xC3, 0xFC, 0x00, 0x00, 0x00, 0xBE, 0x0F, 0xF0, 0x00, 0x00,
    0x03, 0xF4, 0x1F, 0xE0, 0x00, 0x00, 0x0F, 0xC0, 0x3F, 0xC0, 0x00, 0x00, 0xBE, 0x00, 0xFF, 0x40,
    0x00, 0x03, 0xF4, 0x02, 0xFE, 0x00, 0x00, 0x0F, 0xFF, 0xFF, 0xFC, 0x00, 0x00, 0xBF, 0xFF, 0xFF,
    0xF4, 0x00, 0x03, 0xF8, 0x00, 0x2F, 0xE0, 0x00, 0x1F, 0xC0, 0x00, 0x3F, 0xC0, 0x00, 0xBF, 0x00,
    0x00, 0xFF, 0x40, 0x03, 0xF4, 0x00, 0x02, 0xFF, 0x00, 0x2F, 0xE0, 0x00, 0x0B, 0xFE, 0x07, 0xFF,
    0xF4, 0x02, 0xFF, 0xFF, 0x5F, 0xFF, 0xD0, 0x0B, 0xFF, 0xFC, 0x00, 0x00, 0x00, 0x00, 0x00, 0x00,
    0x00, 0x00, 0x00, 0x00, 0x00, 0x38, 0x00, 0x00, 0x00, 0x3F, 0xD0, 0x00, 0x00, 0x02, 0xFF, 0x40,
    0x00, 0x00, 0x07, 0xF4, 0x00, 0x00, 0x00, 0x18, 0x00, 0x00, 0x00, 0x00, 0x00, 0x00, 0x01, 0xFF,
    0x40, 0x00, 0x02, 0xFF, 0xF8, 0x00, 0x03, 0xFD, 0x2F, 0xD0, 0x01, 0xF4, 0x00, 0xF8, 0x00, 0x10,
    0x00, 0x04, 0x00, 0x05, 0xAF, 0xE4, 0x00, 0x0B, 0xFF, 0xFF, 0xC0, 0x02, 0xFF, 0xAF, 0xFC, 0x00,
    0x7D, 0x00, 0xFF, 0x40, 0x1F, 0x00, 0x1F, 0xE0, 0x07, 0xC0, 0x03, 0xF8, 0x00, 0x00, 0x00, 0xFF,
    0x00, 0x00, 0x01, 0xBF, 0xC0, 0x01, 0xBF, 0xFF, 0xF0, 0x03, 0xFF, 0xEB, 0xFC, 0x03, 0xFD, 0x00,
    0xFF, 0x01, 0xFE, 0x00, 0x3F, 0xC0, 0x7F, 0x80, 0x1F, 0xF0, 0x1F, 0xF0, 0x0F, 0xFC, 0x03, 0xFF,
    0xAF, 0xFF, 0x40, 0xBF, 0xFF, 0xAF, 0xFC, 0x0B, 0xFF, 0x47, 0xFF, 0x00, 0x14, 0x00, 0x00, 0x00,
    0x00, 0x00, 0x00, 0x00, 0x00, 0x00, 0x00, 0x00, 0xFF, 0x40, 0x00, 0x00, 0x00, 0x02, 0xBF, 0x00,
    0x00, 0x00, 0x00, 0x00, 0x7C, 0x00, 0x00, 0x00, 0x00, 0x0B, 0xE0, 0x00, 0x00, 0x00, 0x00, 0x7C,
    0x00, 0x00, 0x00, 0x00, 0x00, 0xA0, 0x00, 0x00, 0x00, 0x00, 0x00, 0x40, 0x00, 0x00, 0x00, 0x00,
    0x3F, 0xE0, 0x00, 0x00, 0x00, 0x07, 0xFF, 0xF0, 0x00, 0x00, 0x00, 0xBF, 0x4B, 0xF4, 0x00, 0x00,
    0x03, 0xD0, 0x02, 0xF0, 0x00, 0x00, 0x00, 0x00, 0x00, 0x00, 0x00, 0x00, 0x00, 0x2A, 0x00, 0x00,
    0x00, 0x00, 0x02, 0xFC, 0x00, 0x00, 0x00, 0x00, 0x0F, 0xF4, 0x00, 0x00, 0x00, 0x00, 0x3F, 0xE0,
    0x00, 0x00, 0x00, 0x02, 0xFF, 0xC0, 0x00, 0x00, 0x00, 0x0F, 0xFF, 0x40, 0x00, 0x00, 0x00, 0x3F,
    0xFF, 0x00, 0x00, 0x00, 0x02, 0xFA, 0xFC, 0x00, 0x00, 0x00, 0x0F, 0xC7, 0xF8, 0x00, 0x00, 0x00,
    0x3F, 0x0F, 0xF0, 0x00, 0x00, 0x02, 0xF8, 0x3F, 0xC0, 0x00, 0x00, 0x0F, 0xD0, 0x7F, 0x80, 0x00,
    0x00, 0x3F, 0x00, 0xFF, 0x00, 0x00, 0x02, 0xF8, 0x03, 0xFD, 0x00, 0x00, 0x0F, 0xD0, 0x0B, 0xF8,
    0x00, 0x00, 0x3F, 0xFF, 0xFF, 0xF0, 0x00, 0x02, 0xFF, 0xFF, 0xFF, 0xD0, 0x00, 0x0F, 0xE0, 0x00,
    0xBF, 0x80, 0x00, 0x7F, 0x00, 0x00, 0xFF, 0x00, 0x02, 0xFC, 0x00, 0x03, 0xFD, 0x00, 0x0F, 0xD0,
    0x00, 0x0B, 0xFC, 0x00, 0xBF, 0x80, 0x00, 0x2F, 0xF8, 0x1F, 0xFF, 0xD0, 0x0B, 0xFF, 0xFD, 0x7F,
    0xFF, 0x40, 0x2F, 0xFF, 0xF0, 0x00, 0x00, 0x00, 0x00, 0x00, 0x00, 0x00, 0x00, 0x00, 0x00, 0x00,
    0x1F, 0xF0, 0x00, 0x00, 0x02, 0xBF, 0x00, 0x00, 0x00, 0x0B, 0xC0, 0x00, 0x00, 0x0B, 0xD0, 0x00,
    0x00, 0x0B, 0x80, 0x00, 0x00, 0x01, 0x90, 0x00, 0x00, 0x00, 0x00, 0x00, 0x00, 0x00, 0x7F, 0xD0,
    0x00, 0x00, 0xBF, 0xFE, 0x00, 0x00, 0xFF, 0x4B, 0xF4, 0x00, 0x7D, 0x00, 0x3E, 0x00, 0x04, 0x00,
    0x01, 0x00, 0x01, 0x6B, 0xF9, 0x00, 0x02, 0xFF, 0xFF, 0xF0, 0x00, 0xBF, 0xEB, 0xFF, 0x00, 0x1F,
    0x40, 0x3F, 0xD0, 0x07, 0xC0, 0x07, 0xF8, 0x01, 0xF0, 0x00, 0xFE, 0x00, 0x00, 0x00, 0x3F, 0xC0,
    0x00, 0x00, 0x6F, 0xF0, 0x00, 0x6F, 0xFF, 0xFC, 0x00, 0xFF, 0xFA, 0xFF, 0x00, 0xFF, 0x40, 0x3F,
    0xC0, 0x7F, 0x80, 0x0F, 0xF0, 0x1F, 0xE0, 0x07, 0xFC, 0x07, 0xFC, 0x03, 0xFF, 0x00, 0xFF, 0xEB,
    0xFF, 0xD0, 0x2F, 0xFF, 0xEB, 0xFF, 0x02, 0xFF, 0xD1, 0xFF, 0xC0, 0x05, 0x00, 0x00, 0x00, 0x00,
    0x00, 0x00, 0x00, 0x00, 0x00, 0x00, 0x03, 0xE4, 0x0E, 0x00, 0x00, 0x00, 0x3F, 0xFF, 0xF0, 0x00,
    0x00, 0x01, 0xE6, 0xFF, 0x80, 0x00, 0x00, 0x06, 0x01, 0x64, 0x00, 0x00, 0x00, 0x00, 0xBF, 0x80,
    0x00, 0x00, 0x00, 0x0F, 0xFF, 0xD0, 0x00, 0x00, 0x02, 0xFE, 0x1F, 0xE0, 0x00, 0x00, 0x0F, 0x80,
    0x07, 0xC0, 0x00, 0x00, 0x00, 0x00, 0x00, 0x00, 0x00, 0x00, 0x00, 0xA8, 0x00, 0x00, 0x00, 0x00,
    0x0B, 0xF0, 0x00, 0x00, 0x00, 0x00, 0x3F, 0xD0, 0x00, 0x00, 0x00, 0x00, 0xFF, 0x80, 0x00, 0x00,
    0x00, 0x0B, 0xFF, 0x00, 0x00, 0x00, 0x00, 0x3F, 0xFD, 0x00, 0x00, 0x00, 0x00, 0xFF, 0xFC, 0x00,
    0x00, 0x00, 0x0B, 0xEB, 0xF0, 0x00, 0x00, 0x00, 0x3F, 0x1F, 0xE0, 0x00, 0x00, 0x00, 0xFC, 0x3F,
    0xC0, 0x00, 0x00, 0x0B, 0xE0, 0xFF, 0x00, 0x00, 0x00, 0x3F, 0x41, 0xFE, 0x00, 0x00, 0x00, 0xFC,
    0x03, 0xFC, 0x00, 0x00, 0x0B, 0xE0, 0x0F, 0xF4, 0x00, 0x00, 0x3F, 0x40, 0x2F, 0xE0, 0x00, 0x00,
    0xFF, 0xFF, 0xFF, 0xC0, 0x00, 0x0B, 0xFF, 0xFF, 0xFF, 0x40, 0x00, 0x3F, 0x80, 0x02, 0xFE, 0x00,
    0x01, 0xFC, 0x00, 0x03, 0xFC, 0x00, 0x0B, 0xF0, 0x00, 0x0F, 0xF4, 0x00, 0x3F, 0x40, 0x00, 0x2F,
    0xF0, 0x02, 0xFE, 0x00, 0x00, 0xBF, 0xE0, 0x7F, 0xFF, 0x40, 0x2F, 0xFF, 0xF5, 0xFF, 0xFD, 0x00,
    0xBF, 0xFF, 0xC0, 0x00, 0x00, 0x00, 0x00, 0x00, 0x00, 0x00, 0x00, 0x00, 0x00, 0x00, 0xBE, 0x02,
    0xC0, 0x00, 0x7F, 0xFF, 0xE0, 0x00, 0x3D, 0x6F, 0xF0, 0x00, 0x08, 0x01, 0xA0, 0x00, 0x00, 0x1F,
    0xF4, 0x00, 0x00, 0x2F, 0xFF, 0x80, 0x00, 0x3F, 0xD2, 0xFD, 0x00, 0x1F, 0x40, 0x0F, 0x80, 0x01,
    0x00, 0x00, 0x40, 0x00, 0x5A, 0xFE, 0x40, 0x00, 0xBF, 0xFF, 0xFC, 0x00, 0x2F, 0xFA, 0xFF, 0xC0,
    0x07, 0xD0, 0x0F, 0xF4, 0x01, 0xF0, 0x01, 0xFE, 0x00, 0x7C, 0x00, 0x3F, 0x80, 0x00, 0x00, 0x0F,
    0xF0, 0x00, 0x00, 0x1B, 0xFC, 0x00, 0x1B, 0xFF, 0xFF, 0x00, 0x3F, 0xFE, 0xBF, 0xC0, 0x3F, 0xD0,
    0x0F, 0xF0, 0x1F, 0xE0, 0x03, 0xFC, 0x07, 0xF8, 0x01, 0xFF, 0x01, 0xFF, 0x00, 0xFF, 0xC0, 0x3F,
    0xFA, 0xFF, 0xF4, 0x0B, 0xFF, 0xFA, 0xFF, 0xC0, 0xBF, 0xF4, 0x7F, 0xF0, 0x01, 0x40, 0x00, 0x00,
    0x00, 0x00, 0x00, 0x00, 0x00, 0x00, 0x00, 0x00, 0xFF, 0x80, 0x00, 0x00, 0x00, 0x1F, 0xFF, 0xC0,
    0x00, 0x00, 0x02, 0xFD, 0x2F, 0xE0, 0x00, 0x00, 0x1F, 0x40, 0x0B, 0xC0, 0x00, 0x00, 0x10, 0x00,
    0x00, 0x00, 0x00, 0x00, 0x00, 0xA8, 0x00, 0x00, 0x00, 0x00, 0x0B, 0xF0, 0x00, 0x00, 0x00, 0x00,
    0x3F, 0xD0, 0x00, 0x00, 0x00, 0x00, 0xFF, 0x80, 0x00, 0x00, 0x00, 0x0B, 0xFF, 0x00, 0x00, 0x00,
    0x00, 0x3F, 0xFD, 0x00, 0x00, 0x00, 0x00, 0xFF, 0xFC, 0x00, 0x00, 0x00, 0x0B, 0xEB, 0xF0, 0x00,
    0x00, 0x00, 0x3F, 0x1F, 0xE0, 0x00, 0x00, 0x00, 0xFC, 0x3F, 0xC0, 0x00, 0x00, 0x0B, 0xE0, 0xFF,
    0x00, 0x00, 0x00, 0x3F, 0x41, 0xFE, 0x00, 0x00, 0x00, 0xFC, 0x03, 0xFC, 0x00, 0x00, 0x0B, 0xE0,
    0x0F, 0xF4, 0x00, 0x00, 0x3F, 0x40, 0x2F, 0xE0, 0x00, 0x00, 0xFF, 0xFF, 0xFF, 0xC0, 0x00, 0x0B,
    0xFF, 0xFF, 0xFF, 0x40, 0x00, 0x3F, 0x80, 0x02, 0xFE, 0x00, 0x01, 0xFC, 0x00, 0x03, 0xFC, 0x00,
    0x0B, 0xF0, 0x00, 0x0F, 0xF4, 0x00, 0x3F, 0x40, 0x00, 0x2F, 0xF0, 0x02, 0xFE, 0x00, 0x00, 0xBF,
    0xE0, 0x7F, 0xFF, 0x40, 0x2F, 0xFF, 0xF5, 0xFF, 0xFD, 0x00, 0xBF, 0xFF, 0xC0, 0x00, 0x00, 0x00,
    0x00, 0x00, 0x00, 0x00, 0x00, 0x00, 0x00, 0x00, 0x00, 0x00, 0x00, 0x00, 0x00, 0x00, 0x00, 0x00,
    0xBE, 0x00, 0x00, 0x00, 0x00, 0x03, 0xFC, 0x00, 0x00, 0x00, 0x00, 0x0F, 0xF0, 0x00, 0x00, 0x00,
    0x00, 0x2F, 0x80, 0x00, 0x00, 0x00, 0x00, 0x14, 0x00, 0x00, 0x00, 0x00, 0x1A, 0x80, 0x00, 0x00,
    0x2F, 0xF8, 0x00, 0x00, 0x2F, 0xFF, 0x80, 0x00, 0x2F, 0x82, 0xFC, 0x00, 0x2F, 0x40, 0x0F, 0x80,
    0x02, 0x00, 0x00, 0x80, 0x00, 0x00, 0x00, 0x00, 0x00, 0x16, 0xBF, 0x90, 0x00, 0x2F, 0xFF, 0xFF,
    0x00, 0x0B, 0xFE, 0xBF, 0xF0, 0x01, 0xF4, 0x03, 0xFD, 0x00, 0x7C, 0x00, 0x7F, 0x80, 0x1F, 0x00,
    0x0F, 0xE0, 0x00, 0x00, 0x03, 0xFC, 0x00, 0x00, 0x06, 0xFF, 0x00, 0x06, 0xFF, 0xFF, 0xC0, 0x0F,
    0xFF, 0xAF, 0xF0, 0x0F, 0xF4, 0x03, 0xFC, 0x07, 0xF8, 0x00, 0xFF, 0x01, 0xFE, 0x00, 0x7F, 0xC0,
    0x7F, 0xC0, 0x3F, 0xF0, 0x0F, 0xFE, 0xBF, 0xFD, 0x02, 0xFF, 0xFE, 0xBF, 0xF0, 0x2F, 0xFD, 0x1F,
    0xFC, 0x00, 0x50, 0x00, 0x00, 0x00, 0x00, 0x00, 0x00, 0x00, 0x00, 0x00, 0x00, 0x00, 0x00, 0x3F,
    0x40, 0x00, 0x00, 0x1F, 0xE0, 0x00, 0x00, 0x07, 0xFC, 0x00, 0x00, 0x00, 0xFD, 0x00, 0x00, 0x00,
    0x05, 0x00, 0x00, 0x00, 0x00, 0x00, 0x00, 0x00, 0x00, 0x00, 0x00, 0x01, 0xF4, 0x00, 0x00, 0x00,
    0x00, 0x7F, 0xF0, 0x00, 0x00, 0x00, 0x1F, 0xF9, 0x00, 0x00, 0x00, 0x00, 0x79, 0x00, 0x00, 0x00,
    0x00, 0x00, 0x00, 0x00, 0x00, 0x00, 0x00, 0x74, 0x00, 0x74, 0x00, 0x00, 0x00, 0xF9, 0x1B, 0xC0,
    0x00, 0x00, 0x01, 0xFF, 0xFD, 0x00, 0x00, 0x00, 0x00, 0xBF, 0x80, 0x00, 0x00, 0x00, 0x00, 0xA8,
    0x00, 0x00, 0x00, 0x00, 0x0B, 0xF0, 0x00, 0x00, 0x00, 0x00, 0x3F, 0xD0, 0x00, 0x00, 0x00, 0x00,
    0xFF, 0x80, 0x00, 0x00, 0x00, 0x0B, 0xFF, 0x00, 0x00, 0x00, 0x00, 0x3F, 0xFD, 0x00, 0x00, 0x00,
    0x00, 0xFF, 0xFC, 0x00, 0x00, 0x00, 0x0B, 0xEB, 0xF0, 0x00, 0x00, 0x00, 0x3F, 0x1F, 0xE0, 0x00,
    0x00, 0x00, 0xFC, 0x3F, 0xC0, 0x00, 0x00, 0x0B, 0xE0, 0xFF, 0x00, 0x00, 0x00, 0x3F, 0x41, 0xFE,
    0x00, 0x00, 0x00, 0xFC, 0x03, 0xFC, 0x00, 0x00, 0x0B, 0xE0, 0x0F, 0xF4, 0x00, 0x00, 0x3F, 0x40,
    0x2F, 0xE0, 0x00, 0x00, 0xFF, 0xFF, 0xFF, 0xC0, 0x00, 0x0B, 0xFF, 0xFF, 0xFF, 0x40, 0x00, 0x3F,
    0x80, 0x02, 0xFE, 0x00, 0x01, 0xFC, 0x00, 0x03, 0xFC, 0x00, 0x0B, 0xF0, 0x00, 0x0F, 0xF4, 0x00,
    0x3F, 0x40, 0x00, 0x2F, 0xF0, 0x02, 0xFE, 0x00, 0x00, 0xBF, 0xE0, 0x7F, 0xFF, 0x40, 0x2F, 0xFF,
    0xF5, 0xFF, 0xFD, 0x00, 0xBF, 0xFF, 0xC0, 0x00, 0x00, 0x00, 0x00, 0x00, 0x00, 0x00, 0x00, 0x00,
    0x00, 0x00, 0x00, 0x1F, 0x00, 0x00, 0x00, 0xBF, 0xD0, 0x00, 0x02, 0xFF, 0x90, 0x00, 0x00, 0xF9,
    0x00, 0x00, 0x03, 0xC0, 0x03, 0xC0, 0x00, 0xBD, 0x47, 0xE0, 0x00, 0x0B, 0xFF, 0xF0, 0x00, 0x00,
    0x6F, 0x90, 0x00, 0x00, 0x00, 0x00, 0x00, 0x00, 0x5A, 0xFE, 0x40, 0x00, 0xBF, 0xFF, 0xFC, 0x00,
    0x2F, 0xFA, 0xFF, 0xC0, 0x07, 0xD0, 0x0F, 0xF4, 0x01, 0xF0, 0x01, 0xFE, 0x00, 0x7C, 0x00, 0x3F,
    0x80, 0x00, 0x00, 0x0F, 0xF0, 0x00, 0x00, 0x1B, 0xFC, 0x00, 0x1B, 0xFF, 0xFF, 0x00, 0x3F, 0xFE,
    0xBF, 0xC0, 0x3F, 0xD0, 0x0F, 0xF0, 0x1F, 0xE0, 0x03, 0xFC, 0x07, 0xF8, 0x01, 0xFF, 0x01, 0xFF,
    0x00, 0xFF, 0xC0, 0x3F, 0xFA, 0xFF, 0xF4, 0x0B, 0xFF, 0xFA, 0xFF, 0xC0, 0xBF, 0xF4, 0x7F, 0xF0,
    0x01, 0x40, 0x00, 0x00, 0x00, 0x00, 0x00, 0x00, 0x00, 0x00, 0x00, 0x07, 0x80, 0x00, 0x00, 0x00,
    0x00, 0x3F, 0xD0, 0x00, 0x00, 0x00, 0x00, 0x2F, 0xF4, 0x00, 0x00, 0x00, 0x00, 0x07, 0xF4, 0x00,
    0x00, 0x00, 0x00, 0x01, 0x80, 0x00, 0x00, 0x00, 0x38, 0x00, 0x78, 0x00, 0x00, 0x00, 0xFD, 0x1B,
    0xD0, 0x00, 0x00, 0x00, 0xFF, 0xFD, 0x00, 0x00, 0x00, 0x00, 0x7F, 0x80, 0x00, 0x00, 0x00, 0x00,
    0xA8, 0x00, 0x00, 0x00, 0x00, 0x0B, 0xF0, 0x00, 0x00, 0x00, 0x00, 0x3F, 0xD0, 0x00, 0x00, 0x00,
    0x00, 0xFF, 0x80, 0x00, 0x00, 0x00, 0x0B, 0xFF, 0x00, 0x00, 0x00, 0x00, 0x3F, 0xFD, 0x00, 0x00,
    0x00, 0x00, 0xFF, 0xFC, 0x00, 0x00, 0x00, 0x0B, 0xEB, 0xF0, 0x00, 0x00, 0x00, 0x3F, 0x1F, 0xE0,
    0x00, 0x00, 0x00, 0xFC, 0x3F, 0xC0, 0x00, 0x00, 0x0B, 0xE0, 0xFF, 0x00, 0x00, 0x00, 0x3F, 0x41,
    0xFE, 0x00, 0x00, 0x00, 0xFC, 0x03, 0xFC, 0x00, 0x00, 0x0B, 0xE0, 0x0F, 0xF4, 0x00, 0x00, 0x3F,
    0x40, 0x2F, 0xE0, 0x00, 0x00, 0xFF, 0xFF, 0xFF, 0xC0, 0x00, 0x0B, 0xFF, 0xFF, 0xFF, 0x40, 0x00,
    0x3F, 0x80, 0x02, 0xFE, 0x00, 0x01, 0xFC, 0x00, 0x03, 0xFC, 0x00, 0x0B, 0xF0, 0x00, 0x0F, 0xF4,
    0x00, 0x3F, 0x40, 0x00, 0x2F, 0xF0, 0x02, 0xFE, 0x00, 0x00, 0xBF, 0xE0, 0x7F, 0xFF, 0x40, 0x2F,
    0xFF, 0xF5, 0xFF, 0xFD, 0x00, 0xBF, 0xFF, 0xC0, 0x00, 0x00, 0x00, 0x00, 0x00, 0x00, 0x00, 0x00,
    0x00, 0x00, 0x00, 0xF0, 0x00, 0x00, 0x00, 0x7F, 0x80, 0x00, 0x00, 0x07, 0xFE, 0x00, 0x00, 0x00,
    0x0B, 0xF0, 0x00, 0x00, 0x00, 0x24, 0x00, 0x00, 0xB0, 0x00, 0xB0, 0x00, 0x1F, 0x91, 0xFC, 0x00,
    0x02, 0xFF, 0xFC, 0x00, 0x00, 0x1B, 0xF4, 0x00, 0x00, 0x00, 0x00, 0x00, 0x00, 0x16, 0xBF, 0x90,
    0x00, 0x2F, 0xFF, 0xFF, 0x00, 0x0B, 0xFE, 0xBF, 0xF0, 0x01, 0xF4, 0x03, 0xFD, 0x00, 0x7C, 0x00,
    0x7F, 0x80, 0x1F, 0x00, 0x0F, 0xE0, 0x00, 0x00, 0x03, 0xFC, 0x00, 0x00, 0x06, 0xFF, 0x00, 0x06,
    0xFF, 0xFF, 0xC0, 0x0F, 0xFF, 0xAF, 0xF0, 0x0F, 0xF4, 0x03, 0xFC, 0x07, 0xF8, 0x00, 0xFF, 0x01,
    0xFE, 0x00, 0x7F, 0xC0, 0x7F, 0xC0, 0x3F, 0xF0, 0x0F, 0xFE, 0xBF, 0xFD, 0x02, 0xFF, 0xFE, 0xBF,
    0xF0, 0x2F, 0xFD, 0x1F, 0xFC, 0x00, 0x50, 0x00, 0x00, 0x00, 0x00, 0x00, 0x00, 0x00, 0x00, 0x00,
    0x00, 0x00, 0xFF, 0x80, 0x00, 0x00, 0x00, 0x02, 0xBF, 0x40, 0x00, 0x00, 0x00, 0x00, 0x3D, 0x00,
    0x00, 0x00, 0x00, 0x07, 0xE0, 0x00, 0x00, 0x00, 0x00, 0x3C, 0x00, 0x00, 0x00, 0x00, 0x00, 0xA0,
    0x00, 0x00, 0x00, 0x01, 0xD0, 0x02, 0xD0, 0x00, 0x00, 0x03, 0xE4, 0x6F, 0x00, 0x00, 0x00, 0x07,
    0xFF, 0xF4, 0x00, 0x00, 0x00, 0x02, 0xFE, 0x00, 0x00, 0x00, 0x00, 0x02, 0xA0, 0x00, 0x00, 0x00,
    0x00, 0x2F, 0xC0, 0x00, 0x00, 0x00, 0x00, 0xFF, 0x40, 0x00, 0x00, 0x00, 0x03, 0xFE, 0x00, 0x00,
    0x00, 0x00, 0x2F, 0xFC, 0x00, 0x00, 0x00, 0x00, 0xFF, 0xF4, 0x00, 0x00, 0x00, 0x03, 0xFF, 0xF0,
    0x00, 0x00, 0x00, 0x2F, 0xAF, 0xC0, 0x00, 0x00, 0x00, 0xFC, 0x7F, 0x80, 0x00, 0x00, 0x03, 0xF0,
    0xFF, 0x00, 0x00, 0x00, 0x2F, 0x83, 0xFC, 0x00, 0x00, 0x00, 0xFD, 0x07, 0xF8, 0x00, 0x00, 0x03,
    0xF0, 0x0F, 0xF0, 0x00, 0x00, 0x2F, 0x80, 0x3F, 0xD0, 0x00, 0x00, 0xFD, 0x00, 0xBF, 0x80, 0x00,
    0x03, 0xFF, 0xFF, 0xFF, 0x00, 0x00, 0x2F, 0xFF, 0xFF, 0xFD, 0x00, 0x00, 0xFE, 0x00, 0x0B, 0xF8,
    0x00, 0x07, 0xF0, 0x00, 0x0F, 0xF0, 0x00, 0x2F, 0xC0, 0x00, 0x3F, 0xD0, 0x00, 0xFD, 0x00, 0x00,
    0xBF, 0xC0, 0x0B, 0xF8, 0x00, 0x02, 0xFF, 0x81, 0xFF, 0xFD, 0x00, 0xBF, 0xFF, 0xD7, 0xFF, 0xF4,
    0x02, 0xFF, 0xFF, 0x00, 0x00, 0x00, 0x00, 0x00, 0x00, 0x00, 0x00, 0x00, 0x00, 0x00, 0x0F, 0xF4,
    0x00, 0x00, 0x03, 0xBF, 0x00, 0x00, 0x00, 0x07, 0xC0, 0x00, 0x00, 0x0B, 0xD0, 0x00, 0x00, 0x0B,
    0xC0, 0x00, 0x00, 0x00, 0xA0, 0x00, 0x00, 0x3C, 0x00, 0x3C, 0x00, 0x0B, 0xD4, 0x7E, 0x00, 0x00,
    0xBF, 0xFF, 0x00, 0x00, 0x06, 0xF9, 0x00, 0x00, 0x00, 0x00, 0x00, 0x00, 0x05, 0xAF, 0xE4, 0x00,
    0x0B, 0xFF, 0xFF, 0xC0, 0x02, 0xFF, 0xAF, 0xFC, 0x00, 0x7D, 0x00, 0xFF, 0x40, 0x1F, 0x00, 0x1F,
    0xE0, 0x07, 0xC0, 0x03, 0xF8, 0x00, 0x00, 0x00, 0xFF, 0x00, 0x00, 0x01, 0xBF, 0xC0, 0x01, 0xBF,
    0xFF, 0xF0, 0x03, 0xFF, 0xEB, 0xFC, 0x03, 0xFD, 0x00, 0xFF, 0x01, 0xFE, 0x00, 0x3F, 0xC0, 0x7F,
    0x80, 0x1F, 0xF0, 0x1F, 0xF0, 0x0F, 0xFC, 0x03, 0xFF, 0xAF, 0xFF, 0x40, 0xBF, 0xFF, 0xAF, 0xFC,
    0x0B, 0xFF, 0x47, 0xFF, 0x00, 0x14, 0x00, 0x00, 0x00, 0x00, 0x00, 0x00, 0x00, 0x00, 0x00, 0x00,
    0x03, 0xE4, 0x0D, 0x00, 0x00, 0x00, 0x3F, 0xFF, 0xF0, 0x00, 0x00, 0x01, 0xE6, 0xFF, 0x40, 0x00,
    0x00, 0x06, 0x00, 0x64, 0x00, 0x00, 0x00, 0x00, 0x00, 0x00, 0x00, 0x00, 0x00, 0x74, 0x00, 0xB4,
    0x00, 0x00, 0x00, 0xF9, 0x1B, 0xC0, 0x00, 0x00, 0x01, 0xFF, 0xFD, 0x00, 0x00, 0x00, 0x00, 0xBF,
    0x80, 0x00, 0x00, 0x00, 0x00, 0xA8, 0x00, 0x00, 0x00, 0x00, 0x0B, 0xF0, 0x00, 0x00, 0x00, 0x00,
    0x3F, 0xD0, 0x00, 0x00, 0x00, 0x00, 0xFF, 0x80, 0x00, 0x00, 0x00, 0x0B, 0xFF, 0x00, 0x00, 0x00,
    0x00, 0x3F, 0xFD, 0x00, 0x00, 0x00, 0x00, 0xFF, 0xFC, 0x00, 0x00, 0x00, 0x0B, 0xEB, 0xF0, 0x00,
    0x00, 0x00, 0x3F, 0x1F, 0xE0, 0x00, 0x00, 0x00, 0xFC, 0x3F, 0xC0, 0x00, 0x00, 0x0B, 0xE0, 0xFF,
    0x00, 0x00, 0x00, 0x3F, 0x41, 0xFE, 0x00, 0x00, 0x00, 0xFC, 0x03, 0xFC, 0x00, 0x00, 0x0B, 0xE0,
    0x0F, 0xF4, 0x00, 0x00, 0x3F, 0x40, 0x2F, 0xE0, 0x00, 0x00, 0xFF, 0xFF, 0xFF, 0xC0, 0x00, 0x0B,
    0xFF, 0xFF, 0xFF, 0x40, 0x00, 0x3F, 0x80, 0x02, 0xFE, 0x00, 0x01, 0xFC, 0x00, 0x03, 0xFC, 0x00,
    0x0B, 0xF0, 0x00, 0x0F, 0xF4, 0x00, 0x3F, 0x40, 0x00, 0x2F, 0xF0, 0x02, 0xFE, 0x00, 0x00, 0xBF,
    0xE0, 0x7F, 0xFF, 0x40, 0x2F, 0xFF, 0xF5, 0xFF, 0xFD, 0x00, 0xBF, 0xFF, 0xC0, 0x00, 0x00, 0x00,
    0x00, 0x00, 0x00, 0x00, 0x00, 0x00, 0x00, 0x00, 0x7E, 0x01, 0xC0, 0x00, 0x3F, 0xFF, 0xF0, 0x00,
    0x3D, 0x6F, 0xF0, 0x00, 0x09, 0x00, 0x64, 0x00, 0x02, 0xC0, 0x02, 0xC0, 0x00, 0x7E, 0x47, 0xF0,
    0x00, 0x0B, 0xFF, 0xF0, 0x00, 0x00, 0x6F, 0xD0, 0x00, 0x00, 0x00, 0x00, 0x00, 0x00, 0x5A, 0xFE,
    0x40, 0x00, 0xBF, 0xFF, 0xFC, 0x00, 0x2F, 0xFA, 0xFF, 0xC0, 0x07, 0xD0, 0x0F, 0xF4, 0x01, 0xF0,
    0x01, 0xFE, 0x00, 0x7C, 0x00, 0x3F, 0x80, 0x00, 0x00, 0x0F, 0xF0, 0x00, 0x00, 0x1B, 0xFC, 0x00,
    0x1B, 0xFF, 0xFF, 0x00, 0x3F, 0xFE, 0xBF, 0xC0, 0x3F, 0xD0, 0x0F, 0xF0, 0x1F, 0xE0, 0x03, 0xFC,
    0x07, 0xF8, 0x01, 0xFF, 0x01, 0xFF, 0x00, 0xFF, 0xC0, 0x3F, 0xFA, 0xFF, 0xF4, 0x0B, 0xFF, 0xFA,
    0xFF, 0xC0, 0xBF, 0xF4, 0x7F, 0xF0, 0x01, 0x40, 0x00, 0x00, 0x00, 0x01, 0x00, 0x01, 0x00, 0x00,
    0x00, 0x2D, 0x00, 0x2D, 0x00, 0x00, 0x00, 0x3E, 0x47, 0xF0, 0x00, 0x00, 0x00, 0xBF, 0xFF, 0x40,
    0x00, 0x00, 0x00, 0x7F, 0xF4, 0x00, 0x00, 0x00, 0x00, 0x14, 0x00, 0x00, 0x00, 0x00, 0x00, 0xA8,
    0x00, 0x00, 0x00, 0x00, 0x0B, 0xF0, 0x00, 0x00, 0x00, 0x00, 0x3F, 0xD0, 0x00, 0x00, 0x00, 0x00,
    0xFF, 0x80, 0x00, 0x00, 0x00, 0x0B, 0xFF, 0x00, 0x00, 0x00, 0x00, 0x3F, 0xFD, 0x00, 0x00, 0x00,
    0x00, 0xFF, 0xFC, 0x00, 0x00, 0x00, 0x0B, 0xEB, 0xF0, 0x00, 0x00, 0x00, 0x3F, 0x1F, 0xE0, 0x00,
    0x00, 0x00, 0xFC, 0x3F, 0xC0, 0x00, 0x00, 0x0B, 0xE0, 0xFF, 0x00, 0x00, 0x00, 0x3F, 0x41, 0xFE,
    0x00, 0x00, 0x00, 0xFC, 0x03, 0xFC, 0x00, 0x00, 0x0B, 0xE0, 0x0F, 0xF4, 0x00, 0x00, 0x3F, 0x40,
    0x2F, 0xE0, 0x00, 0x00, 0xFF, 0xFF, 0xFF, 0xC0, 0x00, 0x0B, 0xFF, 0xFF, 0xFF, 0x40, 0x00, 0x3F,
    0x80, 0x02, 0xFE, 0x00, 0x01, 0xFC, 0x00, 0x03, 0xFC, 0x00, 0x0B, 0xF0, 0x00, 0x0F, 0xF4, 0x00,
    0x3F, 0x40, 0x00, 0x2F, 0xF0, 0x02, 0xFE, 0x00, 0x00, 0xBF, 0xE0, 0x7F, 0xFF, 0x40, 0x2F, 0xFF,
    0xF5, 0xFF, 0xFD, 0x00, 0xBF, 0xFF, 0xC0, 0x00, 0x00, 0x00, 0x00, 0x00, 0x00, 0x00, 0x00, 0x00,
    0x00, 0x00, 0x00, 0x00, 0x00, 0x00, 0x00, 0x00, 0x00, 0x00, 0xBE, 0x00, 0x00, 0x00, 0x00, 0x03,
    0xFC, 0x00, 0x00, 0x00, 0x00, 0x0F, 0xF0, 0x00, 0x00, 0x00, 0x00, 0x2F, 0x80, 0x00, 0x00, 0x00,
    0x00, 0x14, 0x00, 0x00, 0x00, 0x01, 0x00, 0x00, 0x00, 0x03, 0xC0, 0x03, 0xC0, 0x00, 0x7E, 0x07,
    0xE0, 0x00, 0x0F, 0xFF, 0xF0, 0x00, 0x00, 0xBF, 0xE0, 0x00, 0x00, 0x01, 0x40, 0x00, 0x00, 0x00,
    0x00, 0x00, 0x00, 0x16, 0xBF, 0x90, 0x00, 0x2F, 0xFF, 0xFF, 0x00, 0x0B, 0xFE, 0xBF, 0xF0, 0x01,
    0xF4, 0x03, 0xFD, 0x00, 0x7C, 0x00, 0x7F, 0x80, 0x1F, 0x00, 0x0F, 0xE0, 0x00, 0x00, 0x03, 0xFC,
    0x00, 0x00, 0x06, 0xFF, 0x00, 0x06, 0xFF, 0xFF, 0xC0, 0x0F, 0xFF, 0xAF, 0xF0, 0x0F, 0xF4, 0x03,
    0xFC, 0x07, 0xF8, 0x00, 0xFF, 0x01, 0xFE, 0x00, 0x7F, 0xC0, 0x7F, 0xC0, 0x3F, 0xF0, 0x0F, 0xFE,
    0xBF, 0xFD, 0x02, 0xFF, 0xFE, 0xBF, 0xF0, 0x2F, 0xFD, 0x1F, 0xFC, 0x00, 0x50, 0x00, 0x00, 0x00,
    0x00, 0x00, 0x00, 0x00, 0x00, 0x00, 0x00, 0x00, 0x00, 0x3F, 0x40, 0x00, 0x00, 0x1F, 0xE0, 0x00,
    0x00, 0x07, 0xFC, 0x00, 0x00, 0x00, 0xFD, 0x00, 0x00, 0x00, 0x05, 0x00, 0x00, 0x2A, 0xAA, 0xAA,
    0xAA, 0x80, 0xFF, 0xFF, 0xFF, 0xFF, 0x42, 0xBF, 0xFA, 0xAF, 0xFD, 0x00, 0xBF, 0x80, 0x00, 0xF4,
    0x02, 0xFE, 0x00, 0x03, 0xD0, 0x07, 0xF8, 0x00, 0x0A, 0x40, 0x1F, 0xE0, 0x00, 0x00, 0x00, 0x7F,
    0x80, 0x00, 0x00, 0x01, 0xFE, 0x00, 0x24, 0x00, 0x07, 0xF8, 0x00, 0xE0, 0x00, 0x1F, 0xE0, 0x0B,
    0x80, 0x00, 0x7F, 0xFF, 0xFE, 0x00, 0x01, 0xFF, 0xFF, 0xFC, 0x00, 0x07, 0xF8, 0x01, 0xF0, 0x00,
    0x1F, 0xE0, 0x03, 0xC0, 0x00, 0x7F, 0x80, 0x04, 0x00, 0x01, 0xFE, 0x00, 0x00, 0x00, 0x07, 0xF8,
    0x00, 0x00, 0x00, 0x1F, 0xE0, 0x00, 0x0F, 0x00, 0x7F, 0x80, 0x00, 0x3C, 0x02, 0xFE, 0x00, 0x02,
    0xF0, 0x0F, 0xFD, 0x55, 0x6F, 0xC3, 0xFF, 0xFF, 0xFF, 0xFF, 0x0F, 0xFF, 0xFF, 0xFF, 0xF8, 0x00,
    0x00, 0x00, 0x00, 0x00, 0x00, 0x00, 0x00, 0x00, 0x00, 0x00, 0x00, 0x00, 0x00, 0x00, 0x00, 0x2F,
    0x80, 0x00, 0x00, 0x00, 0xFF, 0x00, 0x00, 0x00, 0x03, 0xFC, 0x00, 0x00, 0x00, 0x0B, 0xF0, 0x00,
    0x00, 0x00, 0x05, 0x00, 0x00, 0x00, 0x1B, 0xF8, 0x00, 0x01, 0xFF, 0xFF, 0x80, 0x07, 0xFD, 0x7F,
    0xE0, 0x0F, 0xF0, 0x0F, 0xF0, 0x2F, 0xD0, 0x0B, 0xF8, 0x3F, 0xC0, 0x07, 0xFC, 0x7F, 0xC0, 0x07,
    0xFC, 0x7F, 0xFF, 0xFF, 0xFC, 0xBF, 0xFF, 0xFF, 0xFC, 0xBF, 0xD5, 0x55, 0x50, 0x7F, 0xC0, 0x00,
    0x00, 0x3F, 0xD0, 0x00, 0x00, 0x3F, 0xE0, 0x00, 0x00, 0x2F, 0xF4, 0x00, 0x10, 0x0F, 0xFE, 0x56,
    0xF4, 0x03, 0xFF, 0xFF, 0xF4, 0x00, 0xBF, 0xFF, 0x80, 0x00, 0x05, 0x50, 0x00, 0x00, 0x00, 0x00,
    0x00, 0x00, 0x00, 0x00, 0x00, 0x00, 0x07, 0xF0, 0x00, 0x00, 0x0B, 0xF4, 0x00, 0x00, 0x0B, 0xF4,
    0x00, 0x00, 0x07, 0xF0, 0x00, 0x00, 0x01, 0x40, 0x00, 0x00, 0x00, 0x00, 0x00, 0x00, 0x00, 0x0F,
    0xF4, 0x00, 0x00, 0x00, 0x27, 0xF0, 0x00, 0x00, 0x00, 0x0B, 0xC0, 0x00, 0x00, 0x00, 0xF8, 0x00,
    0x00, 0x00, 0x07, 0xC0, 0x00, 0x00, 0x00, 0x05, 0x00, 0x00, 0x00, 0x00, 0x00, 0x00, 0x00, 0x2A,
    0xAA, 0xAA, 0xAA, 0x80, 0xFF, 0xFF, 0xFF, 0xFF, 0x42, 0xBF, 0xFA, 0xAF, 0xFD, 0x00, 0xBF, 0x80,
    0x00, 0xF4, 0x02, 0xFE, 0x00, 0x03, 0xD0, 0x07, 0xF8, 0x00, 0x0A, 0x40, 0x1F, 0xE0, 0x00, 0x00,
    0x00, 0x7F, 0x80, 0x00, 0x00, 0x01, 0xFE, 0x00, 0x24, 0x00, 0x07, 0xF8, 0x00, 0xE0, 0x00, 0x1F,
    0xE0, 0x0B, 0x80, 0x00, 0x7F, 0xFF, 0xFE, 0x00, 0x01, 0xFF, 0xFF, 0xFC, 0x00, 0x07, 0xF8, 0x01,
    0xF0, 0x00, 0x1F, 0xE0, 0x03, 0xC0, 0x00, 0x7F, 0x80, 0x04, 0x00, 0x01, 0xFE, 0x00, 0x00, 0x00,
    0x07, 0xF8, 0x00, 0x00, 0x00, 0x1F, 0xE0, 0x00, 0x0F, 0x00, 0x7F, 0x80, 0x00, 0x3C, 0x02, 0xFE,
    0x00, 0x02, 0xF0, 0x0F, 0xFD, 0x55, 0x6F, 0xC3, 0xFF, 0xFF, 0xFF, 0xFF, 0x0F, 0xFF, 0xFF, 0xFF,
    0xF8, 0x00, 0x00, 0x00, 0x00, 0x00, 0x00, 0x1F, 0xE0, 0x00, 0x00, 0x1F, 0xF8, 0x00, 0x00, 0x00,
    0xBC, 0x00, 0x00, 0x01, 0xF8, 0x00, 0x00, 0x0B, 0xD0, 0x00, 0x00, 0x0F, 0x40, 0x00, 0x00, 0x01,
    0x00, 0x00, 0x00, 0x00, 0x00, 0x00, 0x00, 0x1B, 0xF8, 0x00, 0x01, 0xFF, 0xFF, 0x80, 0x07, 0xFD,
    0x7F, 0xE0, 0x0F, 0xF0, 0x0F, 0xF0, 0x2F, 0xD0, 0x0B, 0xF8, 0x3F, 0xC0, 0x07, 0xFC, 0x7F, 0xC0,
    0x07, 0xFC, 0x7F, 0xFF, 0xFF, 0xFC, 0xBF, 0xFF, 0xFF, 0xFC, 0xBF, 0xD5, 0x55, 0x50, 0x7F, 0xC0,
    0x00, 0x00, 0x3F, 0xD0, 0x00, 0x00, 0x3F, 0xE0, 0x00, 0x00, 0x2F, 0xF4, 0x00, 0x10, 0x0F, 0xFE,
    0x56, 0xF4, 0x03, 0xFF, 0xFF, 0xF4, 0x00, 0xBF, 0xFF, 0x80, 0x00, 0x05, 0x50, 0x00, 0x00, 0x09,
    0x00, 0x14, 0x00, 0x00, 0xFF, 0xE5, 0xF0, 0x00, 0x0F, 0xFF, 0xFF, 0x40, 0x00, 0x78, 0x1B, 0xF8,
    0x00, 0x00, 0x40, 0x00, 0x40, 0x00, 0x00, 0x00, 0x00, 0x00, 0x02, 0xAA, 0xAA, 0xAA, 0xA8, 0x0F,
    0xFF, 0xFF, 0xFF, 0xF4, 0x2B, 0xFF, 0xAA, 0xFF, 0xD0, 0x0B, 0xF8, 0x00, 0x0F, 0x40, 0x2F, 0xE0,
    0x00, 0x3D, 0x00, 0x7F, 0x80, 0x00, 0xA4, 0x01, 0xFE, 0x00, 0x00, 0x00, 0x07, 0xF8, 0x00, 0x00,
    0x00, 0x1F, 0xE0, 0x02, 0x40, 0x00, 0x7F, 0x80, 0x0E, 0x00, 0x01, 0xFE, 0x00, 0xB8, 0x00, 0x07,
    0xFF, 0xFF, 0xE0, 0x00, 0x1F, 0xFF, 0xFF, 0xC0, 0x00, 0x7F, 0x80, 0x1F, 0x00, 0x01, 0xFE, 0x00,
    0x3C, 0x00, 0x07, 0xF8, 0x00, 0x40, 0x00, 0x1F, 0xE0, 0x00, 0x00, 0x00, 0x7F, 0x80, 0x00, 0x00,
    0x01, 0xFE, 0x00, 0x00, 0xF0, 0x07, 0xF8, 0x00, 0x03, 0xC0, 0x2F, 0xE0, 0x00, 0x2F, 0x00, 0xFF,
    0xD5, 0x56, 0xFC, 0x3F, 0xFF, 0xFF, 0xFF, 0xF0, 0xFF, 0xFF, 0xFF, 0xFF, 0x80, 0x00, 0x00, 0x00,
    0x00, 0x00, 0x00, 0x00, 0x00, 0x00, 0x00, 0xB9, 0x00, 0xD0, 0x01, 0xFF, 0xFB, 0xD0, 0x03, 0xFF,
    0xFF, 0x80, 0x07, 0x40, 0xBF, 0x00, 0x00, 0x00, 0x00, 0x00, 0x00, 0x00, 0x00, 0x00, 0x00, 0x1B,
    0xF8, 0x00, 0x01, 0xFF, 0xFF, 0x80, 0x07, 0xFD, 0x7F, 0xE0, 0x0F, 0xF0, 0x0F, 0xF0, 0x2F, 0xD0,
    0x0B, 0xF8, 0x3F, 0xC0, 0x07, 0xFC, 0x7F, 0xC0, 0x07, 0xFC, 0x7F, 0xFF, 0xFF, 0xFC, 0xBF, 0xFF,
    0xFF, 0xFC, 0xBF, 0xD5, 0x55, 0x50, 0x7F, 0xC0, 0x00, 0x00, 0x3F, 0xD0, 0x00, 0x00, 0x3F, 0xE0,
    0x00, 0x00, 0x2F, 0xF4, 0x00, 0x10, 0x0F, 0xFE, 0x56, 0xF4, 0x03, 0xFF, 0xFF, 0xF4, 0x00, 0xBF,
    0xFF, 0x80, 0x00, 0x05, 0x50, 0x00, 0x00, 0x00, 0x00, 0x00, 0x00, 0x00, 0x00, 0x1F, 0x00, 0x00,
    0x00, 0x0B, 0xFD, 0x00, 0x00, 0x02, 0xFF, 0x90, 0x00, 0x00, 0x0F, 0x90, 0x00, 0x00, 0x00, 0x00,
    0x40, 0x00, 0x00, 0x00, 0x2F, 0xE0, 0x00, 0x00, 0x07, 0xFF, 0xF0, 0x00, 0x00, 0xBF, 0x4B, 0xF4,
    0x00, 0x03, 0xD0, 0x02, 0xF0, 0x00, 0x00, 0x00, 0x00, 0x00, 0x0A, 0xAA, 0xAA, 0xAA, 0xA0, 0x3F,
    0xFF, 0xFF, 0xFF, 0xD0, 0xAF, 0xFE, 0xAB, 0xFF, 0x40, 0x2F, 0xE0, 0x00, 0x3D, 0x00, 0xBF, 0x80,
    0x00, 0xF4, 0x01, 0xFE, 0x00, 0x02, 0x90, 0x07, 0xF8, 0x00, 0x00, 0x00, 0x1F, 0xE0, 0x00, 0x00,
    0x00, 0x7F, 0x80, 0x09, 0x00, 0x01, 0xFE, 0x00, 0x38, 0x00, 0x07, 0xF8, 0x02, 0xE0, 0x00, 0x1F,
    0xFF, 0xFF, 0x80, 0x00, 0x7F, 0xFF, 0xFF, 0x00, 0x01, 0xFE, 0x00, 0x7C, 0x00, 0x07, 0xF8, 0x00,
    0xF0, 0x00, 0x1F, 0xE0, 0x01, 0x00, 0x00, 0x7F, 0x80, 0x00, 0x00, 0x01, 0xFE, 0x00, 0x00, 0x00,
    0x07, 0xF8, 0x00, 0x03, 0xC0, 0x1F, 0xE0, 0x00, 0x0F, 0x00, 0xBF, 0x80, 0x00, 0xBC, 0x03, 0xFF,
    0x55, 0x5B, 0xF0, 0xFF, 0xFF, 0xFF, 0xFF, 0xC3, 0xFF, 0xFF, 0xFF, 0xFE, 0x00, 0x00, 0x00, 0x00,
    0x00, 0x00, 0x00, 0x00, 0x00, 0x00, 0x00, 0x2E, 0x00, 0x00, 0x02, 0xFF, 0x00, 0x00, 0x3F, 0xF8,
    0x00, 0x00, 0x3E, 0x00, 0x00, 0x00, 0x00, 0x00, 0x00, 0x00, 0x1F, 0xF4, 0x00, 0x00, 0xBF, 0xFE,
    0x00, 0x03, 0xFD, 0x2F, 0xD0, 0x07, 0xD0, 0x02, 0xE0, 0x01, 0x00, 0x00, 0x00, 0x00, 0x1B, 0xF8,
    0x00, 0x01, 0xFF, 0xFF, 0x80, 0x07, 0xFD, 0x7F, 0xE0, 0x0F, 0xF0, 0x0F, 0xF0, 0x2F, 0xD0, 0x0B,
    0xF8, 0x3F, 0xC0, 0x07, 0xFC, 0x7F, 0xC0, 0x07, 0xFC, 0x7F, 0xFF, 0xFF, 0xFC, 0xBF, 0xFF, 0xFF,
    0xFC, 0xBF, 0xD5, 0x55, 0x50, 0x7F, 0xC0, 0x00, 0x00, 0x3F, 0xD0, 0x00, 0x00, 0x3F, 0xE0, 0x00,
    0x00, 0x2F, 0xF4, 0x00, 0x10, 0x0F, 0xFE, 0x56, 0xF4, 0x03, 0xFF, 0xFF, 0xF4, 0x00, 0xBF, 0xFF,
    0x80, 0x00, 0x05, 0x50, 0x00, 0x00, 0x00, 0x00, 0x00, 0x00, 0x00, 0x38, 0x00, 0x00, 0x00, 0x02,
    0xFE, 0x00, 0x00, 0x00, 0x01, 0xFF, 0x40, 0x00, 0x00, 0x00, 0x6F, 0x80, 0x00, 0x00, 0x00, 0x08,
    0x00, 0x00, 0x00, 0x00, 0x00, 0x00, 0x00, 0x00, 0xFF, 0x80, 0x00, 0x00, 0x1F, 0xFF, 0xC0, 0x00,
    0x02, 0xFD, 0x2F, 0xD0, 0x00, 0x0F, 0x40, 0x0B, 0xC0, 0x00, 0x00, 0x00, 0x00, 0x00, 0x2A, 0xAA,
    0xAA, 0xAA, 0x80, 0xFF, 0xFF, 0xFF, 0xFF, 0x42, 0xBF, 0xFA, 0xAF, 0xFD, 0x00, 0xBF, 0x80, 0x00,
    0xF4, 0x02, 0xFE, 0x00, 0x03, 0xD0, 0x07, 0xF8, 0x00, 0x0A, 0x40, 0x1F, 0xE0, 0x00, 0x00, 0x00,
    0x7F, 0x80, 0x00, 0x00, 0x01, 0xFE, 0x00, 0x24, 0x00, 0x07, 0xF8, 0x00, 0xE0, 0x00, 0x1F, 0xE0,
    0x0B, 0x80, 0x00, 0x7F, 0xFF, 0xFE, 0x00, 0x01, 0xFF, 0xFF, 0xFC, 0x00, 0x07, 0xF8, 0x01, 0xF0,
    0x00, 0x1F, 0xE0, 0x03, 0xC0, 0x00, 0x7F, 0x80, 0x04, 0x00, 0x01, 0xFE, 0x00, 0x00, 0x00, 0x07,
    0xF8, 0x00, 0x00, 0x00, 0x1F, 0xE0, 0x00, 0x0F, 0x00, 0x7F, 0x80, 0x00, 0x3C, 0x02, 0xFE, 0x00,
    0x02, 0xF0, 0x0F, 0xFD, 0x55, 0x6F, 0xC3, 0xFF, 0xFF, 0xFF, 0xFF, 0x0F, 0xFF, 0xFF, 0xFF, 0xF8,
    0x00, 0x00, 0x00, 0x00, 0x00, 0x00, 0x00, 0x00, 0x00, 0x00, 0x38, 0x00, 0x00, 0x00, 0xFF, 0x40,
    0x00, 0x00, 0x2F, 0xF4, 0x00, 0x00, 0x01, 0xFE, 0x00, 0x00, 0x00, 0x18, 0x00, 0x00, 0x00, 0x00,
    0x00, 0x00, 0x1F, 0xF4, 0x00, 0x00, 0xBF, 0xFE, 0x00, 0x03, 0xFD, 0x2F, 0xD0, 0x07, 0xD0, 0x02,
    0xE0, 0x01, 0x00, 0x00, 0x00, 0x00, 0x1B, 0xF8, 0x00, 0x01, 0xFF, 0xFF, 0x80, 0x07, 0xFD, 0x7F,
    0xE0, 0x0F, 0xF0, 0x0F, 0xF0, 0x2F, 0xD0, 0x0B, 0xF8, 0x3F, 0xC0, 0x07, 0xFC, 0x7F, 0xC0, 0x07,
    0xFC, 0x7F, 0xFF, 0xFF, 0xFC, 0xBF, 0xFF, 0xFF, 0xFC, 0xBF, 0xD5, 0x55, 0x50, 0x7F, 0xC0, 0x00,
    0x00, 0x3F, 0xD0, 0x00, 0x00, 0x3F, 0xE0, 0x00, 0x00, 0x2F, 0xF4, 0x00, 0x10, 0x0F, 0xFE, 0x56,
    0xF4, 0x03, 0xFF, 0xFF, 0xF4, 0x00, 0xBF, 0xFF, 0x80, 0x00, 0x05, 0x50, 0x00, 0x00, 0x00, 0x00,
    0x00, 0x00, 0x00, 0x0F, 0xF4, 0x00, 0x00, 0x00, 0x2B, 0xF0, 0x00, 0x00, 0x00, 0x07, 0xC0, 0x00,
    0x00, 0x00, 0xBD, 0x00, 0x00, 0x00, 0x07, 0xC0, 0x00, 0x00, 0x00, 0x0A, 0x00, 0x00, 0x00, 0x00,
    0x04, 0x00, 0x00, 0x00, 0x03, 0xFE, 0x00, 0x00, 0x00, 0x7F, 0xFF, 0x00, 0x00, 0x0B, 0xF4, 0xBF,
    0x40, 0x00, 0x3D, 0x00, 0x2F, 0x00, 0x00, 0x00, 0x00, 0x00, 0x00, 0xAA, 0xAA, 0xAA, 0xAA, 0x03,
    0xFF, 0xFF, 0xFF, 0xFD, 0x0A, 0xFF, 0xEA, 0xBF, 0xF4, 0x02, 0xFE, 0x00, 0x03, 0xD0, 0x0B, 0xF8,
    0x00, 0x0F, 0x40, 0x1F, 0xE0, 0x00, 0x29, 0x00, 0x7F, 0x80, 0x00, 0x00, 0x01, 0xFE, 0x00, 0x00,
    0x00, 0x07, 0xF8, 0x00, 0x90, 0x00, 0x1F, 0xE0, 0x03, 0x80, 0x00, 0x7F, 0x80, 0x2E, 0x00, 0x01,
    0xFF, 0xFF, 0xF8, 0x00, 0x07, 0xFF, 0xFF, 0xF0, 0x00, 0x1F, 0xE0, 0x07, 0xC0, 0x00, 0x7F, 0x80,
    0x0F, 0x00, 0x01, 0xFE, 0x00, 0x10, 0x00, 0x07, 0xF8, 0x00, 0x00, 0x00, 0x1F, 0xE0, 0x00, 0x00,
    0x00, 0x7F, 0x80, 0x00, 0x3C, 0x01, 0xFE, 0x00, 0x00, 0xF0, 0x0B, 0xF8, 0x00, 0x0B, 0xC0, 0x3F,
    0xF5, 0x55, 0xBF, 0x0F, 0xFF, 0xFF, 0xFF, 0xFC, 0x3F, 0xFF, 0xFF, 0xFF, 0xE0, 0x00, 0x00, 0x00,
    0x00, 0x00, 0x00, 0x00, 0x00, 0x00, 0x00, 0x1F, 0xF0, 0x00, 0x00, 0x0E, 0xFC, 0x00, 0x00, 0x00,
    0xBC, 0x00, 0x00, 0x02, 0xF4, 0x00, 0x00, 0x0B, 0x80, 0x00, 0x00, 0x06, 0x40, 0x00, 0x00, 0x00,
    0x00, 0x00, 0x00, 0x1F, 0xF4, 0x00, 0x00, 0xBF, 0xFE, 0x00, 0x03, 0xFD, 0x2F, 0xD0, 0x07, 0xD0,
    0x02, 0xE0, 0x01, 0x00, 0x00, 0x00, 0x00, 0x1B, 0xF8, 0x00, 0x01, 0xFF, 0xFF, 0x80, 0x07, 0xFD,
    0x7F, 0xE0, 0x0F, 0xF0, 0x0F, 0xF0, 0x2F, 0xD0, 0x0B, 0xF8, 0x3F, 0xC0, 0x07, 0xFC, 0x7F, 0xC0,
    0x07, 0xFC, 0x7F, 0xFF, 0xFF, 0xFC, 0xBF, 0xFF, 0xFF, 0xFC, 0xBF, 0xD5, 0x55, 0x50, 0x7F, 0xC0,
    0x00, 0x00, 0x3F, 0xD0, 0x00, 0x00, 0x3F, 0xE0, 0x00, 0x00, 0x2F, 0xF4, 0x00, 0x10, 0x0F, 0xFE,
    0x56, 0xF4, 0x03, 0xFF, 0xFF, 0xF4, 0x00, 0xBF, 0xFF, 0x80, 0x00, 0x05, 0x50, 0x00, 0x00, 0x00,
    0x00, 0x00, 0x00, 0x00, 0x3E, 0x40, 0xE0, 0x00, 0x03, 0xFF, 0xFF, 0x00, 0x00, 0x1E, 0x6F, 0xF8,
    0x00, 0x00, 0x60, 0x06, 0x40, 0x00, 0x00, 0x00, 0x40, 0x00, 0x00, 0x00, 0x2F, 0xE0, 0x00, 0x00,
    0x03, 0xFF, 0xF4, 0x00, 0x00, 0xBF, 0x87, 0xF8, 0x00, 0x03, 0xE0, 0x02, 0xF0, 0x00, 0x00, 0x00,
    0x00, 0x00, 0x0A, 0xAA, 0xAA, 0xAA, 0xA0, 0x3F, 0xFF, 0xFF, 0xFF, 0xD0, 0xAF, 0xFE, 0xAB, 0xFF,
    0x40, 0x2F, 0xE0, 0x00, 0x3D, 0x00, 0xBF, 0x80, 0x00, 0xF4, 0x01, 0xFE, 0x00, 0x02, 0x90, 0x07,
    0xF8, 0x00, 0x00, 0x00, 0x1F, 0xE0, 0x00, 0x00, 0x00, 0x7F, 0x80, 0x09, 0x00, 0x01, 0xFE, 0x00,
    0x38, 0x00, 0x07, 0xF8, 0x02, 0xE0, 0x00, 0x1F, 0xFF, 0xFF, 0x80, 0x00, 0x7F, 0xFF, 0xFF, 0x00,
    0x01, 0xFE, 0x00, 0x7C, 0x00, 0x07, 0xF8, 0x00, 0xF0, 0x00, 0x1F, 0xE0, 0x01, 0x00, 0x00, 0x7F,
    0x80, 0x00, 0x00, 0x01, 0xFE, 0x00, 0x00, 0x00, 0x07, 0xF8, 0x00, 0x03, 0xC0, 0x1F, 0xE0, 0x00,
    0x0F, 0x00, 0xBF, 0x80, 0x00, 0xBC, 0x03, 0xFF, 0x55, 0x5B, 0xF0, 0xFF, 0xFF, 0xFF, 0xFF, 0xC3,
    0xFF, 0xFF, 0xFF, 0xFE, 0x00, 0x00, 0x00, 0x00, 0x00, 0x00, 0x00, 0x00, 0x00, 0x00, 0x7E, 0x01,
    0xC0, 0x01, 0xFF, 0xFF, 0xC0, 0x03, 0xD6, 0xFF, 0x00, 0x02, 0x40, 0x68, 0x00, 0x00, 0x1F, 0xF4,
    0x00, 0x00, 0xBF, 0xFE, 0x00, 0x03, 0xFD, 0x2F, 0xD0, 0x07, 0xD0, 0x02, 0xE0, 0x01, 0x00, 0x00,
    0x00, 0x00, 0x1B, 0xF8, 0x00, 0x01, 0xFF, 0xFF, 0x80, 0x07, 0xFD, 0x7F, 0xE0, 0x0F, 0xF0, 0x0F,
    0xF0, 0x2F, 0xD0, 0x0B, 0xF8, 0x3F, 0xC0, 0x07, 0xFC, 0x7F, 0xC0, 0x07, 0xFC, 0x7F, 0xFF, 0xFF,
    0xFC, 0xBF, 0xFF, 0xFF, 0xFC, 0xBF, 0xD5, 0x55, 0x50, 0x7F, 0xC0, 0x00, 0x00, 0x3F, 0xD0, 0x00,
    0x00, 0x3F, 0xE0, 0x00, 0x00, 0x2F, 0xF4, 0x00, 0x10, 0x0F, 0xFE, 0x56, 0xF4, 0x03, 0xFF, 0xFF,
    0xF4, 0x00, 0xBF, 0xFF, 0x80, 0x00, 0x05, 0x50, 0x00, 0x00, 0x00, 0x00, 0x00, 0x00, 0x00, 0x0F,
    0xF8, 0x00, 0x00, 0x01, 0xFF, 0xFC, 0x00, 0x00, 0x2F, 0xD2, 0xFE, 0x00, 0x01, 0xF4, 0x00, 0xBC,
    0x00, 0x01, 0x00, 0x00, 0x00, 0x00, 0x00, 0x00, 0x00, 0x00, 0x0A, 0xAA, 0xAA, 0xAA, 0xA0, 0x3F,
    0xFF, 0xFF, 0xFF, 0xD0, 0xAF, 0xFE, 0xAB, 0xFF, 0x40, 0x2F, 0xE0, 0x00, 0x3D, 0x00, 0xBF, 0x80,
    0x00, 0xF4, 0x01, 0xFE, 0x00, 0x02, 0x90, 0x07, 0xF8, 0x00, 0x00, 0x00, 0x1F, 0xE0, 0x00, 0x00,
    0x00, 0x7F, 0x80, 0x09, 0x00, 0x01, 0xFE, 0x00, 0x38, 0x00, 0x07, 0xF8, 0x02, 0xE0, 0x00, 0x1F,
    0xFF, 0xFF, 0x80, 0x00, 0x7F, 0xFF, 0xFF, 0x00, 0x01, 0xFE, 0x00, 0x7C, 0x00, 0x07, 0xF8, 0x00,
    0xF0, 0x00, 0x1F, 0xE0, 0x01, 0x00, 0x00, 0x7F, 0x80, 0x00, 0x00, 0x01, 0xFE, 0x00, 0x00, 0x00,
    0x07, 0xF8, 0x00, 0x03, 0xC0, 0x1F, 0xE0, 0x00, 0x0F, 0x00, 0xBF, 0x80, 0x00, 0xBC, 0x03, 0xFF,
    0x55, 0x5B, 0xF0, 0xFF, 0xFF, 0xFF, 0xFF, 0xC3, 0xFF, 0xFF, 0xFF, 0xFE, 0x00, 0x00, 0x00, 0x00,
    0x00, 0x00, 0x00, 0x00, 0x00, 0x00, 0x00, 0x00, 0x00, 0x00, 0x00, 0x00, 0x0B, 0xE0, 0x00, 0x00,
    0x00, 0x3F, 0xC0, 0x00, 0x00, 0x00, 0xFF, 0x00, 0x00, 0x00, 0x02, 0xFC, 0x00, 0x00, 0x00, 0x01,
    0x40, 0x00, 0x00, 0x00, 0x06, 0xA0, 0x00, 0x00, 0x1F, 0xF8, 0x00, 0x00, 0xBF, 0xFF, 0x00, 0x02,
    0xF8, 0x1F, 0xC0, 0x0B, 0xD0, 0x03, 0xF0, 0x02, 0x00, 0x00, 0x80, 0x00, 0x00, 0x00, 0x00, 0x00,
    0x1B, 0xF8, 0x00, 0x01, 0xFF, 0xFF, 0x80, 0x07, 0xFD, 0x7F, 0xE0, 0x0F, 0xF0, 0x0F, 0xF0, 0x2F,
    0xD0, 0x0B, 0xF8, 0x3F, 0xC0, 0x07, 0xFC, 0x7F, 0xC0, 0x07, 0xFC, 0x7F, 0xFF, 0xFF, 0xFC, 0xBF,
    0xFF, 0xFF, 0xFC, 0xBF, 0xD5, 0x55, 0x50, 0x7F, 0xC0, 0x00, 0x00, 0x3F, 0xD0, 0x00, 0x00, 0x3F,
    0xE0, 0x00, 0x00, 0x2F, 0xF4, 0x00, 0x10, 0x0F, 0xFE, 0x56, 0xF4, 0x03, 0xFF, 0xFF, 0xF4, 0x00,
    0xBF, 0xFF, 0x80, 0x00, 0x05, 0x50, 0x00, 0x00, 0x00, 0x00, 0x00, 0x00, 0x00, 0x00, 0x00, 0x00,
    0x07, 0xF0, 0x00, 0x00, 0x0B, 0xF4, 0x00, 0x00, 0x0B, 0xF4, 0x00, 0x00, 0x07, 0xF0, 0x00, 0x00,
    0x01, 0x40, 0x00, 0x00, 0x00, 0x00, 0x0F, 0xF8, 0x00, 0x26, 0xF0, 0x00, 0x0B, 0xC0, 0x00, 0xFC,
    0x00, 0x03, 0xC0, 0x00, 0x05, 0x00, 0x00, 0x00, 0x00, 0x2A, 0xAA, 0xA0, 0xFF, 0xFF, 0xC2, 0xBF,
    0xFE, 0x00, 0xBF, 0xC0, 0x02, 0xFE, 0x00, 0x07, 0xF8, 0x00, 0x1F, 0xE0, 0x00, 0x7F, 0x80, 0x01,
    0xFE, 0x00, 0x07, 0xF8, 0x00, 0x1F, 0xE0, 0x00, 0x7F, 0x80, 0x01, 0xFE, 0x00, 0x07, 0xF8, 0x00,
    0x1F, 0xE0, 0x00, 0x7F, 0x80, 0x01, 0xFE, 0x00, 0x07, 0xF8, 0x00, 0x1F, 0xE0, 0x00, 0x7F, 0x80,
    0x02, 0xFE, 0x00, 0x0F, 0xFC, 0x03, 0xFF, 0xFF, 0x4F, 0xFF, 0xFD, 0x00, 0x00, 0x00, 0x1F, 0xE0,
    0x01, 0xFF, 0x80, 0x00, 0xBC, 0x00, 0x1F, 0x80, 0x0B, 0xD0, 0x00, 0xB8, 0x00, 0x01, 0x00, 0x00,
    0x00, 0x00, 0x55, 0x54, 0x0B, 0xFF, 0xC0, 0xBF, 0xFC, 0x00, 0x7F, 0xC0, 0x03, 0xFC, 0x00, 0x3F,
    0xC0, 0x03, 0xFC, 0x00, 0x3F, 0xC0, 0x03, 0xFC, 0x00, 0x3F, 0xC0, 0x03, 0xFC, 0x00, 0x3F, 0xC0,
    0x03, 0xFC, 0x00, 0x3F, 0xC0, 0x07, 0xFD, 0x0B, 0xFF, 0xFD, 0xBF, 0xFF, 0xD0, 0x00, 0x00, 0x2A,
    0xAA, 0xA0, 0xFF, 0xFF, 0xC2, 0xBF, 0xFE, 0x00, 0xBF, 0xC0, 0x02, 0xFE, 0x00, 0x07, 0xF8, 0x00,
    0x1F, 0xE0, 0x00, 0x7F, 0x80, 0x01, 0xFE, 0x00, 0x07, 0xF8, 0x00, 0x1F, 0xE0, 0x00, 0x7F, 0x80,
    0x01, 0xFE, 0x00, 0x07, 0xF8, 0x00, 0x1F, 0xE0, 0x00, 0x7F, 0x80, 0x01, 0xFE, 0x00, 0x07, 0xF8,
    0x00, 0x1F, 0xE0, 0x00, 0x7F, 0x80, 0x02, 0xFE, 0x00, 0x0F, 0xFC, 0x03, 0xFF, 0xFF, 0x4F, 0xFF,
    0xFD, 0x00, 0x00, 0x00, 0x00, 0x00, 0x00, 0x00, 0x00, 0x00, 0x3F, 0x40, 0x01, 0xFE, 0x00, 0x07,
    0xF8, 0x00, 0x0F, 0xD0, 0x00, 0x05, 0x00, 0x00, 0x00, 0x00, 0x7F, 0x00, 0x0F, 0xF4, 0x00, 0xFF,
    0x40, 0x07, 0xF0, 0x00, 0x14, 0x00, 0x00, 0x00, 0x00, 0x00, 0x00, 0x55, 0x54, 0x0B, 0xFF, 0xC0,
    0xBF, 0xFC, 0x00, 0x7F, 0xC0, 0x03, 0xFC, 0x00, 0x3F, 0xC0, 0x03, 0xFC, 0x00, 0x3F, 0xC0, 0x03,
    0xFC, 0x00, 0x3F, 0xC0, 0x03, 0xFC, 0x00, 0x3F, 0xC0, 0x03, 0xFC, 0x00, 0x3F, 0xC0, 0x07, 0xFD,
    0x0B, 0xFF, 0xFD, 0xBF, 0xFF, 0xD0, 0x00, 0x00, 0x00, 0x00, 0x00, 0x00, 0x00, 0x07, 0xF0, 0x00,
    0xFF, 0x40, 0x0F, 0xF4, 0x00, 0x7F, 0x00, 0x01, 0x40, 0x00, 0x00, 0x01, 0xBF, 0xF9, 0x00, 0x00,
    0x00, 0x7F, 0xFF, 0xFF, 0x80, 0x00, 0x0F, 0xFF, 0x9A, 0xFF, 0xC0, 0x00, 0xFF, 0xC0, 0x00, 0xFF,
    0xC0, 0x0B, 0xFC, 0x00, 0x00, 0xFF, 0xC0, 0x3F, 0xD0, 0x00, 0x00, 0xFF, 0x42, 0xFF, 0x00, 0x00,
    0x02, 0xFF, 0x0F, 0xF8, 0x00, 0x00, 0x07, 0xFD, 0x7F, 0xD0, 0x00, 0x00, 0x0F, 0xFA, 0xFF, 0x00,
    0x00, 0x00, 0x3F, 0xFB, 0xFC, 0x00, 0x00, 0x00, 0xFF, 0xEF, 0xF0, 0x00, 0x00, 0x02, 0xFF, 0xFF,
    0xC0, 0x00, 0x00, 0x0B, 0xFE, 0xFF, 0x00, 0x00, 0x00, 0x2F, 0xFB, 0xFC, 0x00, 0x00, 0x00, 0xFF,
    0xDF, 0xF0, 0x00, 0x00, 0x03, 0xFE, 0x3F, 0xD0, 0x00, 0x00, 0x0F, 0xF4, 0xFF, 0x80, 0x00, 0x00,
    0x7F, 0xC1, 0xFF, 0x00, 0x00, 0x03, 0xFE, 0x03, 0xFE, 0x00, 0x00, 0x1F, 0xF0, 0x07, 0xFD, 0x00,
    0x01, 0xFF, 0x80, 0x07, 0xFE, 0x40, 0x2F, 0xF8, 0x00, 0x07, 0xFF, 0xFF, 0xFF, 0x40, 0x00, 0x02,
    0xFF, 0xFF, 0xE0, 0x00, 0x00, 0x00, 0x15, 0x50, 0x00, 0x00, 0x00, 0x00, 0x00, 0x00, 0x00, 0x00,
    0x00, 0x00, 0x00, 0x00, 0x00, 0x00, 0x00, 0x03, 0xF4, 0x00, 0x00, 0x00, 0x00, 0x1F, 0xE0, 0x00,
    0x00, 0x00, 0x00, 0x7F, 0x80, 0x00, 0x00, 0x00, 0x00, 0xFD, 0x00, 0x00, 0x00, 0x00, 0x00, 0x40,
    0x00, 0x00, 0x00, 0x1B, 0xF9, 0x00, 0x00, 0x7F, 0xFF, 0xF4, 0x00, 0x7F, 0xEA, 0xFF, 0x40, 0x3F,
    0xC0, 0x1F, 0xF0, 0x2F, 0xE0, 0x02, 0xFE, 0x0F, 0xF0, 0x00, 0x7F, 0xC7, 0xFC, 0x00, 0x0F, 0xF1,
    0xFF, 0x00, 0x03, 0xFD, 0xBF, 0xC0, 0x00, 0xFF, 0x6F, 0xF0, 0x00, 0x3F, 0xD7, 0xFC, 0x00, 0x0F,
    0xF4, 0xFF, 0x00, 0x03, 0xFC, 0x3F, 0xD0, 0x01, 0xFF, 0x0B, 0xFC, 0x00, 0xFF, 0x40, 0xFF, 0x80,
    0xBF, 0xC0, 0x0F, 0xFF, 0xFF, 0xC0, 0x00, 0xBF, 0xFF, 0x80, 0x00, 0x01, 0x54, 0x00, 0x00, 0x00,
    0x00, 0x00, 0x00, 0x00, 0x00, 0x00, 0x00, 0x00, 0x03, 0xF0, 0x00, 0x00, 0x02, 0xFE, 0x00, 0x00,
    0x00, 0xBF, 0x80, 0x00, 0x00, 0x0F, 0xC0, 0x00, 0x00, 0x00, 0x40, 0x00, 0x00, 0x00, 0x00, 0x00,
    0x00, 0x00, 0x00, 0x00, 0x00, 0xFF, 0x40, 0x00, 0x00, 0x00, 0x02, 0x7F, 0x00, 0x00, 0x00, 0x00,
    0x00, 0xBC, 0x00, 0x00, 0x00, 0x00, 0x0F, 0x80, 0x00, 0x00, 0x00, 0x00, 0x7C, 0x00, 0x00, 0x00,
    0x00, 0x00, 0x50, 0x00, 0x00, 0x00, 0x00, 0x6F, 0xFE, 0x40, 0x00, 0x00, 0x1F, 0xFF, 0xFF, 0xE0,
    0x00, 0x03, 0xFF, 0xE6, 0xBF, 0xF0, 0x00, 0x3F, 0xF0, 0x00, 0x3F, 0xF0, 0x02, 0xFF, 0x00, 0x00,
    0x3F, 0xF0, 0x0F, 0xF4, 0x00, 0x00, 0x3F, 0xD0, 0xBF, 0xC0, 0x00, 0x00, 0xBF, 0xC3, 0xFE, 0x00,
    0x00, 0x01, 0xFF, 0x5F, 0xF4, 0x00, 0x00, 0x03, 0xFE, 0xBF, 0xC0, 0x00, 0x00, 0x0F, 0xFE, 0xFF,
    0x00, 0x00, 0x00, 0x3F, 0xFB, 0xFC, 0x00, 0x00, 0x00, 0xBF, 0xFF, 0xF0, 0x00, 0x00, 0x02, 0xFF,
    0xBF, 0xC0, 0x00, 0x00, 0x0B, 0xFE, 0xFF, 0x00, 0x00, 0x00, 0x3F, 0xF7, 0xFC, 0x00, 0x00, 0x00,
    0xFF, 0x8F, 0xF4, 0x00, 0x00, 0x03, 0xFD, 0x3F, 0xE0, 0x00, 0x00, 0x1F, 0xF0, 0x7F, 0xC0, 0x00,
    0x00, 0xFF, 0x80, 0xFF, 0x80, 0x00, 0x07, 0xFC, 0x01, 0xFF, 0x40, 0x00, 0x7F, 0xE0, 0x01, 0xFF,
    0x90, 0x0B, 0xFE, 0x00, 0x01, 0xFF, 0xFF, 0xFF, 0xD0, 0x00, 0x00, 0xBF, 0xFF, 0xF8, 0x00, 0x00,
    0x00, 0x05, 0x54, 0x00, 0x00, 0x00, 0x0B, 0xE0, 0x00, 0x00, 0x03, 0xFF, 0x00, 0x00, 0x00, 0x07,
    0xC0, 0x00, 0x00, 0x03, 0xF0, 0x00, 0x00, 0x07, 0xE0, 0x00, 0x00, 0x01, 0xF0, 0x00, 0x00, 0x00,
    0x14, 0x00, 0x00, 0x00, 0x00, 0x00, 0x00, 0x00, 0x1B, 0xF9, 0x00, 0x00, 0x7F, 0xFF, 0xF4, 0x00,
    0x7F, 0xEA, 0xFF, 0x40, 0x3F, 0xC0, 0x1F, 0xF0, 0x2F, 0xE0, 0x02, 0xFE, 0x0F, 0xF0, 0x00, 0x7F,
    0xC7, 0xFC, 0x00, 0x0F, 0xF1, 0xFF, 0x00, 0x03, 0xFD, 0xBF, 0xC0, 0x00, 0xFF, 0x6F, 0xF0, 0x00,
    0x3F, 0xD7, 0xFC, 0x00, 0x0F, 0xF4, 0xFF, 0x00, 0x03, 0xFC, 0x3F, 0xD0, 0x01, 0xFF, 0x0B, 0xFC,
    0x00, 0xFF, 0x40, 0xFF, 0x80, 0xBF, 0xC0, 0x0F, 0xFF, 0xFF, 0xC0, 0x00, 0xBF, 0xFF, 0x80, 0x00,
    0x01, 0x54, 0x00, 0x00, 0x00, 0x00, 0x00, 0x00, 0x00, 0x00, 0x00, 0x00, 0x01, 0xF0, 0x00, 0x00,
    0x00, 0x00, 0x7F, 0xE0, 0x00, 0x00, 0x00, 0x2F, 0xF9, 0x00, 0x00, 0x00, 0x00, 0xB9, 0x00, 0x00,
    0x00, 0x00, 0x00, 0x04, 0x00, 0x00, 0x00, 0x00, 0x02, 0xFE, 0x00, 0x00, 0x00, 0x00, 0x3F, 0xFF,
    0x40, 0x00, 0x00, 0x07, 0xF8, 0x7F, 0x80, 0x00, 0x00, 0x3E, 0x00, 0x1F, 0x00, 0x00, 0x00, 0x00,
    0x00, 0x00, 0x00, 0x00, 0x00, 0x6F, 0xFE, 0x40, 0x00, 0x00, 0x1F, 0xFF, 0xFF, 0xE0, 0x00, 0x03,
    0xFF, 0xE6, 0xBF, 0xF0, 0x00, 0x3F, 0xF0, 0x00, 0x3F, 0xF0, 0x02, 0xFF, 0x00, 0x00, 0x3F, 0xF0,
    0x0F, 0xF4, 0x00, 0x00, 0x3F, 0xD0, 0xBF, 0xC0, 0x00, 0x00, 0xBF, 0xC3, 0xFE, 0x00, 0x00, 0x01,
    0xFF, 0x5F, 0xF4, 0x00, 0x00, 0x03, 0xFE, 0xBF, 0xC0, 0x00, 0x00, 0x0F, 0xFE, 0xFF, 0x00, 0x00,
    0x00, 0x3F, 0xFB, 0xFC, 0x00, 0x00, 0x00, 0xBF, 0xFF, 0xF0, 0x00, 0x00, 0x02, 0xFF, 0xBF, 0xC0,
    0x00, 0x00, 0x0B, 0xFE, 0xFF, 0x00, 0x00, 0x00, 0x3F, 0xF7, 0xFC, 0x00, 0x00, 0x00, 0xFF, 0x8F,
    0xF4, 0x00, 0x00, 0x03, 0xFD, 0x3F, 0xE0, 0x00, 0x00, 0x1F, 0xF0, 0x7F, 0xC0, 0x00, 0x00, 0xFF,
    0x80, 0xFF, 0x80, 0x00, 0x07, 0xFC, 0x01, 0xFF, 0x40, 0x00, 0x7F, 0xE0, 0x01, 0xFF, 0x90, 0x0B,
    0xFE, 0x00, 0x01, 0xFF, 0xFF, 0xFF, 0xD0, 0x00, 0x00, 0xBF, 0xFF, 0xF8, 0x00, 0x00, 0x00, 0x05,
    0x54, 0x00, 0x00, 0x00, 0x00, 0x00, 0x00, 0x00, 0x00, 0x07, 0xC0, 0x00, 0x00, 0x2F, 0xF4, 0x00,
    0x00, 0xBF, 0xE4, 0x00, 0x00, 0x2E, 0x40, 0x00, 0x00, 0x00, 0x10, 0x00, 0x00, 0x00, 0xBF, 0x80,
    0x00, 0x01, 0xFF, 0xFD, 0x00, 0x02, 0xFD, 0x1F, 0xE0, 0x00, 0xF8, 0x00, 0xBC, 0x00, 0x00, 0x00,
    0x00, 0x00, 0x00, 0x6F, 0xE4, 0x00, 0x01, 0xFF, 0xFF, 0xD0, 0x01, 0xFF, 0xAB, 0xFD, 0x00, 0xFF,
    0x00, 0x7F, 0xC0, 0xBF, 0x80, 0x0B, 0xF8, 0x3F, 0xC0, 0x01, 0xFF, 0x1F, 0xF0, 0x00, 0x3F, 0xC7,
    0xFC, 0x00, 0x0F, 0xF6, 0xFF, 0x00, 0x03, 0xFD, 0xBF, 0xC0, 0x00, 0xFF, 0x5F, 0xF0, 0x00, 0x3F,
    0xD3, 0xFC, 0x00, 0x0F, 0xF0, 0xFF, 0x40, 0x07, 0xFC, 0x2F, 0xF0, 0x03, 0xFD, 0x03, 0xFE, 0x02,
    0xFF, 0x00, 0x3F, 0xFF, 0xFF, 0x00, 0x02, 0xFF, 0xFE, 0x00, 0x00, 0x05, 0x50, 0x00, 0x00, 0x00,
    0x00, 0x00, 0x00, 0x00, 0x00, 0x00, 0x02, 0xD0, 0x00, 0x00, 0x00, 0x00, 0x1F, 0xE0, 0x00, 0x00,
    0x00, 0x00, 0x1F, 0xF8, 0x00, 0x00, 0x00, 0x00, 0x02, 0xFC, 0x00, 0x00, 0x00, 0x00, 0x00, 0x50,
    0x00, 0x00, 0x00, 0x00, 0x10, 0x00, 0x00, 0x00, 0x00, 0x0B, 0xF8, 0x00, 0x00, 0x00, 0x00, 0xFF,
    0xFD, 0x00, 0x00, 0x00, 0x2F, 0xE1, 0xFE, 0x00, 0x00, 0x00, 0xF8, 0x00, 0xBC, 0x00, 0x00, 0x00,
    0x00, 0x00, 0x00, 0x00, 0x00, 0x01, 0xBF, 0xF9, 0x00, 0x00, 0x00, 0x7F, 0xFF, 0xFF, 0x80, 0x00,
    0x0F, 0xFF, 0x9A, 0xFF, 0xC0, 0x00, 0xFF, 0xC0, 0x00, 0xFF, 0xC0, 0x0B, 0xFC, 0x00, 0x00, 0xFF,
    0xC0, 0x3F, 0xD0, 0x00, 0x00, 0xFF, 0x42, 0xFF, 0x00, 0x00, 0x02, 0xFF, 0x0F, 0xF8, 0x00, 0x00,
    0x07, 0xFD, 0x7F, 0xD0, 0x00, 0x00, 0x0F, 0xFA, 0xFF, 0x00, 0x00, 0x00, 0x3F, 0xFB, 0xFC, 0x00,
    0x00, 0x00, 0xFF, 0xEF, 0xF0, 0x00, 0x00, 0x02, 0xFF, 0xFF, 0xC0, 0x00, 0x00, 0x0B, 0xFE, 0xFF,
    0x00, 0x00, 0x00, 0x2F, 0xFB, 0xFC, 0x00, 0x00, 0x00, 0xFF, 0xDF, 0xF0, 0x00, 0x00, 0x03, 0xFE,
    0x3F, 0xD0, 0x00, 0x00, 0x0F, 0xF4, 0xFF, 0x80, 0x00, 0x00, 0x7F, 0xC1, 0xFF, 0x00, 0x00, 0x03,
    0xFE, 0x03, 0xFE, 0x00, 0x00, 0x1F, 0xF0, 0x07, 0xFD, 0x00, 0x01, 0xFF, 0x80, 0x07, 0xFE, 0x40,
    0x2F, 0xF8, 0x00, 0x07, 0xFF, 0xFF, 0xFF, 0x40, 0x00, 0x02, 0xFF, 0xFF, 0xE0, 0x00, 0x00, 0x00,
    0x15, 0x50, 0x00, 0x00, 0x00, 0x00, 0x00, 0x00, 0x00, 0x0E, 0x00, 0x00, 0x00, 0x0B, 0xF8, 0x00,
    0x00, 0x00, 0x7F, 0xE0, 0x00, 0x00, 0x01, 0xBF, 0x00, 0x00, 0x00, 0x02, 0x00, 0x00, 0x00, 0x04,
    0x00, 0x00, 0x00, 0x2F, 0xE0, 0x00, 0x00, 0x7F, 0xFF, 0x40, 0x00, 0xBF, 0x47, 0xF8, 0x00, 0x3E,
    0x00, 0x2F, 0x00, 0x00, 0x00, 0x00, 0x00, 0x00, 0x1B, 0xF9, 0x00, 0x00, 0x7F, 0xFF, 0xF4, 0x00,
    0x7F, 0xEA, 0xFF, 0x40, 0x3F, 0xC0, 0x1F, 0xF0, 0x2F, 0xE0, 0x02, 0xFE, 0x0F, 0xF0, 0x00, 0x7F,
    0xC7, 0xFC, 0x00, 0x0F, 0xF1, 0xFF, 0x00, 0x03, 0xFD, 0xBF, 0xC0, 0x00, 0xFF, 0x6F, 0xF0, 0x00,
    0x3F, 0xD7, 0xFC, 0x00, 0x0F, 0xF4, 0xFF, 0x00, 0x03, 0xFC, 0x3F, 0xD0, 0x01, 0xFF, 0x0B, 0xFC,
    0x00, 0xFF, 0x40, 0xFF, 0x80, 0xBF, 0xC0, 0x0F, 0xFF, 0xFF, 0xC0, 0x00, 0xBF, 0xFF, 0x80, 0x00,
    0x01, 0x54, 0x00, 0x00, 0x00, 0x00, 0x00, 0x00, 0x00, 0x00, 0x00, 0x00, 0xFF, 0x40, 0x00, 0x00,
    0x00, 0x02, 0xBF, 0x40, 0x00, 0x00, 0x00, 0x00, 0x3D, 0x00, 0x00, 0x00, 0x00, 0x07, 0xE0, 0x00,
    0x00, 0x00, 0x00, 0x7C, 0x00, 0x00, 0x00, 0x00, 0x00, 0xA0, 0x00, 0x00, 0x00, 0x00, 0x00, 0x40,
    0x00, 0x00, 0x00, 0x00, 0x2F, 0xE0, 0x00, 0x00, 0x00, 0x03, 0xFF, 0xF4, 0x00, 0x00, 0x00, 0xBF,
    0x87, 0xF8, 0x00, 0x00, 0x03, 0xE0, 0x01, 0xF0, 0x00, 0x00, 0x00, 0x00, 0x00, 0x00, 0x00, 0x00,
    0x06, 0xFF, 0xE4, 0x00, 0x00, 0x01, 0xFF, 0xFF, 0xFE, 0x00, 0x00, 0x3F, 0xFE, 0x6B, 0xFF, 0x00,
    0x03, 0xFF, 0x00, 0x03, 0xFF, 0x00, 0x2F, 0xF0, 0x00, 0x03, 0xFF, 0x00, 0xFF, 0x40, 0x00, 0x03,
    0xFD, 0x0B, 0xFC, 0x00, 0x00, 0x0B, 0xFC, 0x3F, 0xE0, 0x00, 0x00, 0x1F, 0xF5, 0xFF, 0x40, 0x00,
    0x00, 0x3F, 0xEB, 0xFC, 0x00, 0x00, 0x00, 0xFF, 0xEF, 0xF0, 0x00, 0x00, 0x03, 0xFF, 0xBF, 0xC0,
    0x00, 0x00, 0x0B, 0xFF, 0xFF, 0x00, 0x00, 0x00, 0x2F, 0xFB, 0xFC, 0x00, 0x00, 0x00, 0xBF, 0xEF,
    0xF0, 0x00, 0x00, 0x03, 0xFF, 0x7F, 0xC0, 0x00, 0x00, 0x0F, 0xF8, 0xFF, 0x40, 0x00, 0x00, 0x3F,
    0xD3, 0xFE, 0x00, 0x00, 0x01, 0xFF, 0x07, 0xFC, 0x00, 0x00, 0x0F, 0xF8, 0x0F, 0xF8, 0x00, 0x00,
    0x7F, 0xC0, 0x1F, 0xF4, 0x00, 0x07, 0xFE, 0x00, 0x1F, 0xF9, 0x00, 0xBF, 0xE0, 0x00, 0x1F, 0xFF,
    0xFF, 0xFD, 0x00, 0x00, 0x0B, 0xFF, 0xFF, 0x80, 0x00, 0x00, 0x00, 0x55, 0x40, 0x00, 0x00, 0x00,
    0x00, 0x00, 0x00, 0x00, 0x03, 0xFD, 0x00, 0x00, 0x00, 0xAF, 0xC0, 0x00, 0x00, 0x01, 0xF4, 0x00,
    0x00, 0x02, 0xF8, 0x00, 0x00, 0x01, 0xF0, 0x00, 0x00, 0x00, 0x28, 0x00, 0x00, 0x00, 0x01, 0x00,
    0x00, 0x00, 0x0B, 0xF8, 0x00, 0x00, 0x1F, 0xFF, 0xD0, 0x00, 0x2F, 0xD1, 0xFE, 0x00, 0x0F, 0x80,
    0x0B, 0xC0, 0x00, 0x00, 0x00, 0x00, 0x00, 0x06, 0xFE, 0x40, 0x00, 0x1F, 0xFF, 0xFD, 0x00, 0x1F,
    0xFA, 0xBF, 0xD0, 0x0F, 0xF0, 0x07, 0xFC, 0x0B, 0xF8, 0x00, 0xBF, 0x83, 0xFC, 0x00, 0x1F, 0xF1,
    0xFF, 0x00, 0x03, 0xFC, 0x7F, 0xC0, 0x00, 0xFF, 0x6F, 0xF0, 0x00, 0x3F, 0xDB, 0xFC, 0x00, 0x0F,
    0xF5, 0xFF, 0x00, 0x03, 0xFD, 0x3F, 0xC0, 0x00, 0xFF, 0x0F, 0xF4, 0x00, 0x7F, 0xC2, 0xFF, 0x00,
    0x3F, 0xD0, 0x3F, 0xE0, 0x2F, 0xF0, 0x03, 0xFF, 0xFF, 0xF0, 0x00, 0x2F, 0xFF, 0xE0, 0x00, 0x00,
    0x55, 0x00, 0x00, 0x00, 0x00, 0x00, 0x00, 0x00, 0x00, 0x00, 0x02, 0xF4, 0x0F, 0x00, 0x00, 0x00,
    0x2F, 0xFF, 0xF4, 0x00, 0x00, 0x00, 0xF5, 0xFF, 0xC0, 0x00, 0x00, 0x02, 0x00, 0x18, 0x00, 0x00,
    0x00, 0x00, 0x00, 0x00, 0x00, 0x00, 0x00, 0x01, 0xFF, 0x00, 0x00, 0x00, 0x00, 0x3F, 0xFF, 0x40,
    0x00, 0x00, 0x07, 0xF8, 0x7F, 0xC0, 0x00, 0x00, 0x2E, 0x00, 0x1F, 0x40, 0x00, 0x00, 0x00, 0x00,
    0x00, 0x00, 0x00, 0x00, 0x6F, 0xFE, 0x40, 0x00, 0x00, 0x1F, 0xFF, 0xFF, 0xE0, 0x00, 0x03, 0xFF,
    0xE6, 0xBF, 0xF0, 0x00, 0x3F, 0xF0, 0x00, 0x3F, 0xF0, 0x02, 0xFF, 0x00, 0x00, 0x3F, 0xF0, 0x0F,
    0xF4, 0x00, 0x00, 0x3F, 0xD0, 0xBF, 0xC0, 0x00, 0x00, 0xBF, 0xC3, 0xFE, 0x00, 0x00, 0x01, 0xFF,
    0x5F, 0xF4, 0x00, 0x00, 0x03, 0xFE, 0xBF, 0xC0, 0x00, 0x00, 0x0F, 0xFE, 0xFF, 0x00, 0x00, 0x00,
    0x3F, 0xFB, 0xFC, 0x00, 0x00, 0x00, 0xBF, 0xFF, 0xF0, 0x00, 0x00, 0x02, 0xFF, 0xBF, 0xC0, 0x00,
    0x00, 0x0B, 0xFE, 0xFF, 0x00, 0x00, 0x00, 0x3F, 0xF7, 0xFC, 0x00, 0x00, 0x00, 0xFF, 0x8F, 0xF4,
    0x00, 0x00, 0x03, 0xFD, 0x3F, 0xE0, 0x00, 0x00, 0x1F, 0xF0, 0x7F, 0xC0, 0x00, 0x00, 0xFF, 0x80,
    0xFF, 0x80, 0x00, 0x07, 0xFC, 0x01, 0xFF, 0x40, 0x00, 0x7F, 0xE0, 0x01, 0xFF, 0x90, 0x0B, 0xFE,
    0x00, 0x01, 0xFF, 0xFF, 0xFF, 0xD0, 0x00, 0x00, 0xBF, 0xFF, 0xF8, 0x00, 0x00, 0x00, 0x05, 0x54,
    0x00, 0x00, 0x00, 0x00, 0x00, 0x00, 0x00, 0x0F, 0x90, 0x34, 0x00, 0x0F, 0xFF, 0xFC, 0x00, 0x0B,
    0x9B, 0xFD, 0x00, 0x01, 0x80, 0x59, 0x00, 0x00, 0x02, 0xFE, 0x00, 0x00, 0x07, 0xFF, 0xF4, 0x00,
    0x0B, 0xF4, 0x7F, 0x80, 0x03, 0xE0, 0x02, 0xF0, 0x00, 0x00, 0x00, 0x00, 0x00, 0x01, 0xBF, 0x90,
    0x00, 0x07, 0xFF, 0xFF, 0x40, 0x07, 0xFE, 0xAF, 0xF4, 0x03, 0xFC, 0x01, 0xFF, 0x02, 0xFE, 0x00,
    0x2F, 0xE0, 0xFF, 0x00, 0x07, 0xFC, 0x7F, 0xC0, 0x00, 0xFF, 0x1F, 0xF0, 0x00, 0x3F, 0xDB, 0xFC,
    0x00, 0x0F, 0xF6, 0xFF, 0x00, 0x03, 0xFD, 0x7F, 0xC0, 0x00, 0xFF, 0x4F, 0xF0, 0x00, 0x3F, 0xC3,
    0xFD, 0x00, 0x1F, 0xF0, 0xBF, 0xC0, 0x0F, 0xF4, 0x0F, 0xF8, 0x0B, 0xFC, 0x00, 0xFF, 0xFF, 0xFC,
    0x00, 0x0B, 0xFF, 0xF8, 0x00, 0x00, 0x15, 0x40, 0x00, 0x00, 0x00, 0x00, 0x00, 0x00, 0x00, 0x00,
    0x00, 0xBF, 0x80, 0x00, 0x00, 0x00, 0x1F, 0xFF, 0xD0, 0x00, 0x00, 0x02, 0xFE, 0x1F, 0xE0, 0x00,
    0x00, 0x0F, 0x80, 0x07, 0xD0, 0x00, 0x00, 0x00, 0x00, 0x01, 0x00, 0x00, 0x00, 0x00, 0x00, 0x00,
    0x00, 0x00, 0x00, 0x6F, 0xFE, 0x40, 0x00, 0x00, 0x1F, 0xFF, 0xFF, 0xE0, 0x00, 0x03, 0xFF, 0xE6,
    0xBF, 0xF0, 0x00, 0x3F, 0xF0, 0x00, 0x3F, 0xF0, 0x02, 0xFF, 0x00, 0x00, 0x3F, 0xF0, 0x0F, 0xF4,
    0x00, 0x00, 0x3F, 0xD0, 0xBF, 0xC0, 0x00, 0x00, 0xBF, 0xC3, 0xFE, 0x00, 0x00, 0x01, 0xFF, 0x5F,
    0xF4, 0x00, 0x00, 0x03, 0xFE, 0xBF, 0xC0, 0x00, 0x00, 0x0F, 0xFE, 0xFF, 0x00, 0x00, 0x00, 0x3F,
    0xFB, 0xFC, 0x00, 0x00, 0x00, 0xBF, 0xFF, 0xF0, 0x00, 0x00, 0x02, 0xFF, 0xBF, 0xC0, 0x00, 0x00,
    0x0B, 0xFE, 0xFF, 0x00, 0x00, 0x00, 0x3F, 0xF7, 0xFC, 0x00, 0x00, 0x00, 0xFF, 0x8F, 0xF4, 0x00,
    0x00, 0x03, 0xFD, 0x3F, 0xE0, 0x00, 0x00, 0x1F, 0xF0, 0x7F, 0xC0, 0x00, 0x00, 0xFF, 0x80, 0xFF,
    0x80, 0x00, 0x07, 0xFC, 0x01, 0xFF, 0x40, 0x00, 0x7F, 0xE0, 0x01, 0xFF, 0x90, 0x0B, 0xFE, 0x00,
    0x01, 0xFF, 0xFF, 0xFF, 0xD0, 0x00, 0x00, 0xBF, 0xFF, 0xF8, 0x00, 0x00, 0x00, 0x05, 0x54, 0x00,
    0x00, 0x00, 0x00, 0x00, 0x00, 0x00, 0x00, 0x00, 0x00, 0x00, 0x00, 0x00, 0x00, 0x00, 0x00, 0xFD,
    0x00, 0x00, 0x00, 0x00, 0x07, 0xF8, 0x00, 0x00, 0x00, 0x00, 0x1F, 0xE0, 0x00, 0x00, 0x00, 0x00,
    0x3F, 0x40, 0x00, 0x00, 0x00, 0x00, 0x10, 0x00, 0x00, 0x00, 0x00, 0x02, 0xE0, 0x00, 0x00, 0x03,
    0xFF, 0x00, 0x00, 0x07, 0xFB, 0xF0, 0x00, 0x07, 0xF0, 0x7F, 0x40, 0x03, 0xE0, 0x02, 0xF0, 0x00,
    0x50, 0x00, 0x14, 0x00, 0x00, 0x00, 0x00, 0x00, 0x00, 0x6F, 0xE4, 0x00, 0x01, 0xFF, 0xFF, 0xD0,
    0x01, 0xFF, 0xAB, 0xFD, 0x00, 0xFF, 0x00, 0x7F, 0xC0, 0xBF, 0x80, 0x0B, 0xF8, 0x3F, 0xC0, 0x01,
    0xFF, 0x1F, 0xF0, 0x00, 0x3F, 0xC7, 0xFC, 0x00, 0x0F, 0xF6, 0xFF, 0x00, 0x03, 0xFD, 0xBF, 0xC0,
    0x00, 0xFF, 0x5F, 0xF0, 0x00, 0x3F, 0xD3, 0xFC, 0x00, 0x0F, 0xF0, 0xFF, 0x40, 0x07, 0xFC, 0x2F,
    0xF0, 0x03, 0xFD, 0x03, 0xFE, 0x02, 0xFF, 0x00, 0x3F, 0xFF, 0xFF, 0x00, 0x02, 0xFF, 0xFE, 0x00,
    0x00, 0x05, 0x50, 0x00, 0x00, 0x00, 0x00, 0x00, 0x00, 0x00, 0x00, 0x00, 0x00, 0x00, 0x0F, 0xC0,
    0x00, 0x00, 0x0B, 0xF8, 0x00, 0x00, 0x02, 0xFE, 0x00, 0x00, 0x00, 0x3F, 0x00, 0x00, 0x00, 0x01,
    0x00, 0x00, 0x00, 0x00, 0x00, 0x02, 0x00, 0x00, 0x00, 0x00, 0x00, 0x0B, 0xD0, 0x00, 0x00, 0x00,
    0x00, 0x7F, 0xF8, 0x00, 0x00, 0x00, 0x01, 0xFF, 0xD0, 0x00, 0x00, 0x00, 0x00, 0xBD, 0x00, 0x00,
    0x01, 0x00, 0x00, 0x00, 0x00, 0x00, 0x0B, 0xD0, 0x00, 0x00, 0x00, 0x00, 0x02, 0xF8, 0x00, 0x06,
    0xFF, 0xE4, 0x00, 0x7E, 0x00, 0x1F, 0xFF, 0xFF, 0xE0, 0x1F, 0x80, 0x3F, 0xFE, 0x6B, 0xFF, 0xAF,
    0xC0, 0x3F, 0xF0, 0x00, 0x3F, 0xFF, 0xD0, 0x2F, 0xF0, 0x00, 0x03, 0xFF, 0x00, 0x0F, 0xF4, 0x00,
    0x00, 0x3F, 0xD0, 0x0B, 0xFC, 0x00, 0x00, 0x0B, 0xFC, 0x03, 0xFE, 0x00, 0x00, 0x01, 0xFF, 0x41,
    0xFF, 0x40, 0x00, 0x00, 0x3F, 0xE0, 0xBF, 0xC0, 0x00, 0x00, 0x0F, 0xFC, 0x2F, 0xF0, 0x00, 0x00,
    0x03, 0xFF, 0x0B, 0xFC, 0x00, 0x00, 0x00, 0xBF, 0xC3, 0xFF, 0x00, 0x00, 0x00, 0x2F, 0xF0, 0xBF,
    0xC0, 0x00, 0x00, 0x0B, 0xFC, 0x2F, 0xF0, 0x00, 0x00, 0x03, 0xFF, 0x07, 0xFC, 0x00, 0x00, 0x00,
    0xFF, 0x80, 0xFF, 0x40, 0x00, 0x00, 0x3F, 0xD0, 0x3F, 0xE0, 0x00, 0x00, 0x1F, 0xF0, 0x07, 0xFC,
    0x00, 0x00, 0x0F, 0xF8, 0x00, 0xFF, 0x80, 0x00, 0x07, 0xFC, 0x00, 0x1F, 0xF4, 0x00, 0x07, 0xFE,
    0x00, 0x01, 0xFF, 0x90, 0x0B, 0xFE, 0x00, 0x00, 0x1F, 0xFF, 0xFF, 0xFD, 0x00, 0x00, 0x00, 0xBF,
    0xFF, 0xF8, 0x00, 0x00, 0x00, 0x00, 0x55, 0x40, 0x00, 0x00, 0x00, 0x00, 0x00, 0x00, 0x00, 0x00,
    0x00, 0x1C, 0x00, 0x00, 0x00, 0x01, 0xFC, 0x00, 0x00, 0x00, 0x1F, 0xD0, 0x00, 0x00, 0x01, 0xFC,
    0x00, 0x00, 0x00, 0x1F, 0xC0, 0x00, 0x00, 0x00, 0xF8, 0x00, 0x2F, 0x80, 0x01, 0x80, 0x00, 0xBF,
    0x00, 0x00, 0x00, 0x01, 0xFC, 0x00, 0x6F, 0xE4, 0x07, 0xE0, 0x1F, 0xFF, 0xFE, 0xBF, 0x41, 0xFF,
    0xAB, 0xFF, 0xF4, 0x0F, 0xF0, 0x07, 0xFD, 0x00, 0xBF, 0x80, 0x0B, 0xF8, 0x03, 0xFC, 0x00, 0x1F,
    0xF0, 0x1F, 0xF0, 0x00, 0x3F, 0xC0, 0x7F, 0xC0, 0x00, 0xFF, 0x42, 0xFF, 0x00, 0x03, 0xFD, 0x0B,
    0xFC, 0x00, 0x0F, 0xF4, 0x1F, 0xF0, 0x00, 0x3F, 0xD0, 0x3F, 0xC0, 0x00, 0xFF, 0x00, 0xFF, 0x40,
    0x07, 0xFC, 0x02, 0xFF, 0x00, 0x3F, 0xD0, 0x03, 0xFE, 0x02, 0xFF, 0x00, 0x03, 0xFF, 0xFF, 0xF0,
    0x00, 0x02, 0xFF, 0xFE, 0x00, 0x00, 0x00, 0x55, 0x00, 0x00, 0x00, 0x00, 0x00, 0x40, 0x00, 0x00,
    0x00, 0x00, 0x00, 0xBE, 0x00, 0x00, 0x00, 0x00, 0x00, 0x3F, 0xF8, 0x00, 0x00, 0x00, 0x00, 0x00,
    0xBF, 0xE0, 0x00, 0x04, 0x00, 0x00, 0x01, 0xBC, 0x00, 0x2F, 0x40, 0x00, 0x00, 0x01, 0x00, 0x0B,
    0xE0, 0x00, 0x1B, 0xFF, 0x90, 0x01, 0xF8, 0x00, 0x7F, 0xFF, 0xFF, 0x80, 0x7E, 0x00, 0xFF, 0xF9,
    0xAF, 0xFE, 0xBF, 0x00, 0xFF, 0xC0, 0x00, 0xFF, 0xFF, 0x40, 0xBF, 0xC0, 0x00, 0x0F, 0xFC, 0x00,
    0x3F, 0xD0, 0x00, 0x00, 0xFF, 0x40, 0x2F, 0xF0, 0x00, 0x00, 0x2F, 0xF0, 0x0F, 0xF8, 0x00, 0x00,
    0x07, 0xFD, 0x07, 0xFD, 0x00, 0x00, 0x00, 0xFF, 0x82, 0xFF, 0x00, 0x00, 0x00, 0x3F, 0xF0, 0xBF,
    0xC0, 0x00, 0x00, 0x0F, 0xFC, 0x2F, 0xF0, 0x00, 0x00, 0x02, 0xFF, 0x0F, 0xFC, 0x00, 0x00, 0x00,
    0xBF, 0xC2, 0xFF, 0x00, 0x00, 0x00, 0x2F, 0xF0, 0xBF, 0xC0, 0x00, 0x00, 0x0F, 0xFC, 0x1F, 0xF0,
    0x00, 0x00, 0x03, 0xFE, 0x03, 0xFD, 0x00, 0x00, 0x00, 0xFF, 0x40, 0xFF, 0x80, 0x00, 0x00, 0x7F,
    0xC0, 0x1F, 0xF0, 0x00, 0x00, 0x3F, 0xE0, 0x03, 0xFE, 0x00, 0x00, 0x1F, 0xF0, 0x00, 0x7F, 0xD0,
    0x00, 0x1F, 0xF8, 0x00, 0x07, 0xFE, 0x40, 0x2F, 0xF8, 0x00, 0x00, 0x7F, 0xFF, 0xFF, 0xF4, 0x00,
    0x00, 0x02, 0xFF, 0xFF, 0xE0, 0x00, 0x00, 0x00, 0x01, 0x55, 0x00, 0x00, 0x00, 0x00, 0x00, 0x00,
    0x00, 0x00, 0x00, 0x30, 0x00, 0x00, 0x00, 0x03, 0xF0, 0x00, 0x00, 0x00, 0x07, 0xF0, 0x00, 0x00,
    0x00, 0x07, 0xF0, 0x00, 0x00, 0x00, 0x03, 0xF0, 0x00, 0x00, 0x00, 0x03, 0xF0, 0x2F, 0x80, 0x00,
    0x02, 0x00, 0xBF, 0x00, 0x00, 0x00, 0x01, 0xFC, 0x00, 0x6F, 0xE4, 0x07, 0xE0, 0x1F, 0xFF, 0xFE,
    0xBF, 0x41, 0xFF, 0xAB, 0xFF, 0xF4, 0x0F, 0xF0, 0x07, 0xFD, 0x00, 0xBF, 0x80, 0x0B, 0xF8, 0x03,
    0xFC, 0x00, 0x1F, 0xF0, 0x1F, 0xF0, 0x00, 0x3F, 0xC0, 0x7F, 0xC0, 0x00, 0xFF, 0x42, 0xFF, 0x00,
    0x03, 0xFD, 0x0B, 0xFC, 0x00, 0x0F, 0xF4, 0x1F, 0xF0, 0x00, 0x3F, 0xD0, 0x3F, 0xC0, 0x00, 0xFF,
    0x00, 0xFF, 0x40, 0x07, 0xFC, 0x02, 0xFF, 0x00, 0x3F, 0xD0, 0x03, 0xFE, 0x02, 0xFF, 0x00, 0x03,
    0xFF, 0xFF, 0xF0, 0x00, 0x02, 0xFF, 0xFE, 0x00, 0x00, 0x00, 0x55, 0x00, 0x00, 0x00, 0x00, 0x00,
    0x00, 0x00, 0x00, 0x00, 0x00, 0x00, 0x0F, 0xF8, 0x00, 0x00, 0x00, 0x00, 0x02, 0x6F, 0x00, 0x00,
    0x00, 0x00, 0x00, 0x0B, 0xC0, 0x00, 0x00, 0x00, 0x00, 0x0F, 0xC0, 0x00, 0x01, 0x00, 0x00, 0x03,
    0xC0, 0x00, 0x0B, 0xD0, 0x00, 0x00, 0x50, 0x00, 0x02, 0xF8, 0x00, 0x06, 0xFF, 0xE4, 0x00, 0x7E,
    0x00, 0x1F, 0xFF, 0xFF, 0xE0, 0x1F, 0x80, 0x3F, 0xFE, 0x6B, 0xFF, 0xAF, 0xC0, 0x3F, 0xF0, 0x00,
    0x3F, 0xFF, 0xD0, 0x2F, 0xF0, 0x00, 0x03, 0xFF, 0x00, 0x0F, 0xF4, 0x00, 0x00, 0x3F, 0xD0, 0x0B,
    0xFC, 0x00, 0x00, 0x0B, 0xFC, 0x03, 0xFE, 0x00, 0x00, 0x01, 0xFF, 0x41, 0xFF, 0x40, 0x00, 0x00,
    0x3F, 0xE0, 0xBF, 0xC0, 0x00, 0x00, 0x0F, 0xFC, 0x2F, 0xF0, 0x00, 0x00, 0x03, 0xFF, 0x0B, 0xFC,
    0x00, 0x00, 0x00, 0xBF, 0xC3, 0xFF, 0x00, 0x00, 0x00, 0x2F, 0xF0, 0xBF, 0xC0, 0x00, 0x00, 0x0B,
    0xFC, 0x2F, 0xF0, 0x00, 0x00, 0x03, 0xFF, 0x07, 0xFC, 0x00, 0x00, 0x00, 0xFF, 0x80, 0xFF, 0x40,
    0x00, 0x00, 0x3F, 0xD0, 0x3F, 0xE0, 0x00, 0x00, 0x1F, 0xF0, 0x07, 0xFC, 0x00, 0x00, 0x0F, 0xF8,
    0x00, 0xFF, 0x80, 0x00, 0x07, 0xFC, 0x00, 0x1F, 0xF4, 0x00, 0x07, 0xFE, 0x00, 0x01, 0xFF, 0x90,
    0x0B, 0xFE, 0x00, 0x00, 0x1F, 0xFF, 0xFF, 0xFD, 0x00, 0x00, 0x00, 0xBF, 0xFF, 0xF8, 0x00, 0x00,
    0x00, 0x00, 0x55, 0x40, 0x00, 0x00, 0x00, 0x0B, 0xE0, 0x00, 0x00, 0x00, 0x3F, 0xF0, 0x00, 0x00,
    0x00, 0x07, 0xC0, 0x00, 0x00, 0x00, 0x3F, 0x00, 0x00, 0x00, 0x07, 0xE0, 0x00, 0x00, 0x00, 0x1F,
    0x00, 0x0B, 0xE0, 0x00, 0x14, 0x00, 0x2F, 0xC0, 0x00, 0x00, 0x00, 0x7F, 0x00, 0x1B, 0xF9, 0x01,
    0xF8, 0x07, 0xFF, 0xFF, 0xAF, 0xD0, 0x7F, 0xEA, 0xFF, 0xFD, 0x03, 0xFC, 0x01, 0xFF, 0x40, 0x2F,
    0xE0, 0x02, 0xFE, 0x00, 0xFF, 0x00, 0x07, 0xFC, 0x07, 0xFC, 0x00, 0x0F, 0xF0, 0x1F, 0xF0, 0x00,
    0x3F, 0xD0, 0xBF, 0xC0, 0x00, 0xFF, 0x42, 0xFF, 0x00, 0x03, 0xFD, 0x07, 0xFC, 0x00, 0x0F, 0xF4,
    0x0F, 0xF0, 0x00, 0x3F, 0xC0, 0x3F, 0xD0, 0x01, 0xFF, 0x00, 0xBF, 0xC0, 0x0F, 0xF4, 0x00, 0xFF,
    0x80, 0xBF, 0xC0, 0x00, 0xFF, 0xFF, 0xFC, 0x00, 0x00, 0xBF, 0xFF, 0x80, 0x00, 0x00, 0x15, 0x40,
    0x00, 0x00, 0x00, 0x00, 0x90, 0x00, 0x40, 0x00, 0x00, 0x00, 0xFF, 0xE5, 0xF0, 0x00, 0x00, 0x00,
    0xBF, 0xFF, 0xF8, 0x00, 0x10, 0x00, 0x3C, 0x1B, 0xFC, 0x00, 0xBD, 0x00, 0x04, 0x00, 0x04, 0x00,
    0x2F, 0x80, 0x00, 0x6F, 0xFE, 0x40, 0x07, 0xE0, 0x01, 0xFF, 0xFF, 0xFE, 0x01, 0xF8, 0x03, 0xFF,
    0xE6, 0xBF, 0xFA, 0xFC, 0x03, 0xFF, 0x00, 0x03, 0xFF, 0xFD, 0x02, 0xFF, 0x00, 0x00, 0x3F, 0xF0,
    0x00, 0xFF, 0x40, 0x00, 0x03, 0xFD, 0x00, 0xBF, 0xC0, 0x00, 0x00, 0xBF, 0xC0, 0x3F, 0xE0, 0x00,
    0x00, 0x1F, 0xF4, 0x1F, 0xF4, 0x00, 0x00, 0x03, 0xFE, 0x0B, 0xFC, 0x00, 0x00, 0x00, 0xFF, 0xC2,
    0xFF, 0x00, 0x00, 0x00, 0x3F, 0xF0, 0xBF, 0xC0, 0x00, 0x00, 0x0B, 0xFC, 0x3F, 0xF0, 0x00, 0x00,
    0x02, 0xFF, 0x0B, 0xFC, 0x00, 0x00, 0x00, 0xBF, 0xC2, 0xFF, 0x00, 0x00, 0x00, 0x3F, 0xF0, 0x7F,
    0xC0, 0x00, 0x00, 0x0F, 0xF8, 0x0F, 0xF4, 0x00, 0x00, 0x03, 0xFD, 0x03, 0xFE, 0x00, 0x00, 0x01,
    0xFF, 0x00, 0x7F, 0xC0, 0x00, 0x00, 0xFF, 0x80, 0x0F, 0xF8, 0x00, 0x00, 0x7F, 0xC0, 0x01, 0xFF,
    0x40, 0x00, 0x7F, 0xE0, 0x00, 0x1F, 0xF9, 0x00, 0xBF, 0xE0, 0x00, 0x01, 0xFF, 0xFF, 0xFF, 0xD0,
    0x00, 0x00, 0x0B, 0xFF, 0xFF, 0x80, 0x00, 0x00, 0x00, 0x05, 0x54, 0x00, 0x00, 0x00, 0x00, 0x00,
    0x00, 0x00, 0x00, 0x01, 0xF8, 0x03, 0x40, 0x00, 0x0F, 0xFF, 0xBE, 0x00, 0x00, 0xFF, 0xFF, 0xF0,
    0x00, 0x03, 0x80, 0x6F, 0x02, 0xF8, 0x00, 0x00, 0x00, 0x0B, 0xF0, 0x00, 0x00, 0x00, 0x1F, 0xC0,
    0x06, 0xFE, 0x40, 0x7E, 0x01, 0xFF, 0xFF, 0xEB, 0xF4, 0x1F, 0xFA, 0xBF, 0xFF, 0x40, 0xFF, 0x00,
    0x7F, 0xD0, 0x0B, 0xF8, 0x00, 0xBF, 0x80, 0x3F, 0xC0, 0x01, 0xFF, 0x01, 0xFF, 0x00, 0x03, 0xFC,
    0x07, 0xFC, 0x00, 0x0F, 0xF4, 0x2F, 0xF0, 0x00, 0x3F, 0xD0, 0xBF, 0xC0, 0x00, 0xFF, 0x41, 0xFF,
    0x00, 0x03, 0xFD, 0x03, 0xFC, 0x00, 0x0F, 0xF0, 0x0F, 0xF4, 0x00, 0x7F, 0xC0, 0x2F, 0xF0, 0x03,
    0xFD, 0x00, 0x3F, 0xE0, 0x2F, 0xF0, 0x00, 0x3F, 0xFF, 0xFF, 0x00, 0x00, 0x2F, 0xFF, 0xE0, 0x00,
    0x00, 0x05, 0x50, 0x00, 0x00, 0x00, 0x00, 0x00, 0x00, 0x00, 0x01, 0x00, 0x00, 0x00, 0x00, 0x00,
    0x0B, 0xD0, 0x00, 0x00, 0x00, 0x00, 0x02, 0xF8, 0x00, 0x06, 0xFF, 0xE4, 0x00, 0x7E, 0x00, 0x1F,
    0xFF, 0xFF, 0xE0, 0x1F, 0x80, 0x3F, 0xFE, 0x6B, 0xFF, 0xAF, 0xC0, 0x3F, 0xF0, 0x00, 0x3F, 0xFF,
    0xD0, 0x2F, 0xF0, 0x00, 0x03, 0xFF, 0x00, 0x0F, 0xF4, 0x00, 0x00, 0x3F, 0xD0, 0x0B, 0xFC, 0x00,
    0x00, 0x0B, 0xFC, 0x03, 0xFE, 0x00, 0x00, 0x01, 0xFF, 0x41, 0xFF, 0x40, 0x00, 0x00, 0x3F, 0xE0,
    0xBF, 0xC0, 0x00, 0x00, 0x0F, 0xFC, 0x2F, 0xF0, 0x00, 0x00, 0x03, 0xFF, 0x0B, 0xFC, 0x00, 0x00,
    0x00, 0xBF, 0xC3, 0xFF, 0x00, 0x00, 0x00, 0x2F, 0xF0, 0xBF, 0xC0, 0x00, 0x00, 0x0B, 0xFC, 0x2F,
    0xF0, 0x00, 0x00, 0x03, 0xFF, 0x07, 0xFC, 0x00, 0x00, 0x00, 0xFF, 0x80, 0xFF, 0x40, 0x00, 0x00,
    0x3F, 0xD0, 0x3F, 0xE0, 0x00, 0x00, 0x1F, 0xF0, 0x07, 0xFC, 0x00, 0x00, 0x0F, 0xF8, 0x00, 0xFF,
    0x80, 0x00, 0x07, 0xFC, 0x00, 0x1F, 0xF4, 0x00, 0x07, 0xFE, 0x00, 0x01, 0xFF, 0x90, 0x0B, 0xFE,
    0x00, 0x00, 0x1F, 0xFF, 0xFF, 0xFD, 0x00, 0x00, 0x00, 0xBF, 0xFF, 0xF8, 0x00, 0x00, 0x00, 0x00,
    0x55, 0x40, 0x00, 0x00, 0x00, 0x00, 0x00, 0x00, 0x00, 0x00, 0x00, 0x00, 0x00, 0x00, 0x00, 0x00,
    0x00, 0x00, 0x00, 0xFC, 0x00, 0x00, 0x00, 0x00, 0x00, 0xBF, 0x80, 0x00, 0x00, 0x00, 0x00, 0x2F,
    0xE0, 0x00, 0x00, 0x00, 0x00, 0x03, 0xF0, 0x00, 0x00, 0x00, 0x00, 0x00, 0x10, 0x00, 0x00, 0x00,
    0x00, 0x00, 0x00, 0x00, 0x00, 0x00, 0x00, 0x00, 0x0B, 0xE0, 0x00, 0x00, 0x00, 0x2F, 0xC0, 0x00,
    0x00, 0x00, 0x7F, 0x00, 0x1B, 0xF9, 0x01, 0xF8, 0x07, 0xFF, 0xFF, 0xAF, 0xD0, 0x7F, 0xEA, 0xFF,
    0xFD, 0x03, 0xFC, 0x01, 0xFF, 0x40, 0x2F, 0xE0, 0x02, 0xFE, 0x00, 0xFF, 0x00, 0x07, 0xFC, 0x07,
    0xFC, 0x00, 0x0F, 0xF0, 0x1F, 0xF0, 0x00, 0x3F, 0xD0, 0xBF, 0xC0, 0x00, 0xFF, 0x42, 0xFF, 0x00,
    0x03, 0xFD, 0x07, 0xFC, 0x00, 0x0F, 0xF4, 0x0F, 0xF0, 0x00, 0x3F, 0xC0, 0x3F, 0xD0, 0x01, 0xFF,
    0x00, 0xBF, 0xC0, 0x0F, 0xF4, 0x00, 0xFF, 0x80, 0xBF, 0xC0, 0x00, 0xFF, 0xFF, 0xFC, 0x00, 0x00,
    0xBF, 0xFF, 0x80, 0x00, 0x00, 0x15, 0x40, 0x00, 0x00, 0x00, 0x00, 0x00, 0x00, 0x00, 0x00, 0x00,
    0x00, 0x00, 0x00, 0x03, 0xF0, 0x00, 0x00, 0x00, 0x2F, 0xD0, 0x00, 0x00, 0x00, 0xBF, 0x80, 0x00,
    0x00, 0x01, 0xFC, 0x00, 0x00, 0x00, 0x00, 0x40, 0x00, 0x00, 0x6A, 0xAA, 0xA0, 0x01, 0xAA, 0xAA,
    0x1F, 0xFF, 0xFC, 0x00, 0xBF, 0xFF, 0xC6, 0xFF, 0xFE, 0x00, 0x1B, 0xFF, 0xE0, 0x0F, 0xF4, 0x00,
    0x00, 0x3F, 0x80, 0x03, 0xFD, 0x00, 0x00, 0x0F, 0xD0, 0x00, 0xFF, 0x40, 0x00, 0x03, 0xF4, 0x00,
    0x3F, 0xD0, 0x00, 0x00, 0xFD, 0x00, 0x0F, 0xF4, 0x00, 0x00, 0x3F, 0x40, 0x03, 0xFD, 0x00, 0x00,
    0x0F, 0xD0, 0x00, 0xFF, 0x40, 0x00, 0x03, 0xF4, 0x00, 0x3F, 0xD0, 0x00, 0x00, 0xFD, 0x00, 0x0F,
    0xF4, 0x00, 0x00, 0x3F, 0x40, 0x03, 0xFD, 0x00, 0x00, 0x0F, 0xD0, 0x00, 0xFF, 0x40, 0x00, 0x03,
    0xF4, 0x00, 0x3F, 0xD0, 0x00, 0x00, 0xFD, 0x00, 0x0F, 0xF4, 0x00, 0x00, 0x3F, 0x40, 0x03, 0xFD,
    0x00, 0x00, 0x0F, 0xD0, 0x00, 0xBF, 0x80, 0x00, 0x07, 0xF0, 0x00, 0x1F, 0xF0, 0x00, 0x02, 0xFC,
    0x00, 0x03, 0xFD, 0x00, 0x00, 0xFE, 0x00, 0x00, 0xBF, 0xD0, 0x00, 0xFF, 0x00, 0x00, 0x0F, 0xFF,
    0x96, 0xFF, 0x40, 0x00, 0x00, 0xFF, 0xFF, 0xFF, 0x40, 0x00, 0x00, 0x07, 0xFF, 0xFE, 0x00, 0x00,
    0x00, 0x00, 0x05, 0x54, 0x00, 0x00, 0x00, 0x00, 0x00, 0x00, 0x00, 0x00, 0x00, 0x00, 0x00, 0x00,
    0x00, 0x00, 0x00, 0x00, 0x00, 0x1F, 0xC0, 0x00, 0x00, 0x00, 0x00, 0x0B, 0xF4, 0x00, 0x00, 0x00,
    0x00, 0x02, 0xFD, 0x00, 0x00, 0x00, 0x00, 0x00, 0x7F, 0x00, 0x00, 0x00, 0x00, 0x00, 0x05, 0x00,
    0x00, 0x00, 0x15, 0x54, 0x01, 0x55, 0x40, 0x3F, 0xFC, 0x07, 0xFF, 0xE0, 0x3F, 0xFC, 0x07, 0xFF,
    0xD0, 0x03, 0xFC, 0x00, 0x3F, 0xD0, 0x03, 0xFC, 0x00, 0x2F, 0xD0, 0x03, 0xFC, 0x00, 0x2F, 0xD0,
    0x03, 0xFC, 0x00, 0x2F, 0xD0, 0x03, 0xFC, 0x00, 0x2F, 0xD0, 0x03, 0xFC, 0x00, 0x2F, 0xD0, 0x03,
    0xFC, 0x00, 0x2F, 0xD0, 0x03, 0xFC, 0x00, 0x2F, 0xD0, 0x03, 0xFC, 0x00, 0x3F, 0xD0, 0x03, 0xFC,
    0x00, 0x7F, 0xD0, 0x02, 0xFE, 0x00, 0xFF, 0xD0, 0x00, 0xFF, 0xEB, 0xFF, 0xE4, 0x00, 0xBF, 0xFF,
    0xCF, 0xFE, 0x00, 0x1F, 0xFE, 0x0F, 0xFE, 0x00, 0x00, 0x00, 0x00, 0x00, 0x00, 0x00, 0x00, 0x00,
    0x00, 0x00, 0x00, 0x00, 0x00, 0x00, 0x00, 0x00, 0x7F, 0x00, 0x00, 0x00, 0x00, 0xFF, 0x40, 0x00,
    0x00, 0x00, 0xFF, 0x40, 0x00, 0x00, 0x00, 0x7F, 0x00, 0x00, 0x00, 0x00, 0x14, 0x00, 0x00, 0x00,
    0x00, 0x00, 0x00, 0x00, 0x00, 0x00, 0x00, 0x03, 0xFE, 0x00, 0x00, 0x00, 0x00, 0x00, 0x9B, 0xC0,
    0x00, 0x00, 0x00, 0x00, 0x02, 0xF0, 0x00, 0x00, 0x00, 0x00, 0x03, 0xF0, 0x00, 0x00, 0x00, 0x00,
    0x01, 0xF0, 0x00, 0x00, 0x00, 0x00, 0x00, 0x14, 0x00, 0x00, 0x00, 0x00, 0x00, 0x00, 0x00, 0x00,
    0x00, 0x6A, 0xAA, 0xA0, 0x01, 0xAA, 0xAA, 0x1F, 0xFF, 0xFC, 0x00, 0xBF, 0xFF, 0xC6, 0xFF, 0xFE,
    0x00, 0x1B, 0xFF, 0xE0, 0x0F, 0xF4, 0x00, 0x00, 0x3F, 0x80, 0x03, 0xFD, 0x00, 0x00, 0x0F, 0xD0,
    0x00, 0xFF, 0x40, 0x00, 0x03, 0xF4, 0x00, 0x3F, 0xD0, 0x00, 0x00, 0xFD, 0x00, 0x0F, 0xF4, 0x00,
    0x00, 0x3F, 0x40, 0x03, 0xFD, 0x00, 0x00, 0x0F, 0xD0, 0x00, 0xFF, 0x40, 0x00, 0x03, 0xF4, 0x00,
    0x3F, 0xD0, 0x00, 0x00, 0xFD, 0x00, 0x0F, 0xF4, 0x00, 0x00, 0x3F, 0x40, 0x03, 0xFD, 0x00, 0x00,
    0x0F, 0xD0, 0x00, 0xFF, 0x40, 0x00, 0x03, 0xF4, 0x00, 0x3F, 0xD0, 0x00, 0x00, 0xFD, 0x00, 0x0F,
    0xF4, 0x00, 0x00, 0x3F, 0x40, 0x03, 0xFD, 0x00, 0x00, 0x0F, 0xD0, 0x00, 0xBF, 0x80, 0x00, 0x07,
    0xF0, 0x00, 0x1F, 0xF0, 0x00, 0x02, 0xFC, 0x00, 0x03, 0xFD, 0x00, 0x00, 0xFE, 0x00, 0x00, 0xBF,
    0xD0, 0x00, 0xFF, 0x00, 0x00, 0x0F, 0xFF, 0x96, 0xFF, 0x40, 0x00, 0x00, 0xFF, 0xFF, 0xFF, 0x40,
    0x00, 0x00, 0x07, 0xFF, 0xFE, 0x00, 0x00, 0x00, 0x00, 0x05, 0x54, 0x00, 0x00, 0x00, 0x00, 0x02,
    0xF8, 0x00, 0x00, 0x00, 0x03, 0xFF, 0x00, 0x00, 0x00, 0x00, 0x1F, 0x00, 0x00, 0x00, 0x00, 0x3F,
    0x00, 0x00, 0x00, 0x01, 0xF8, 0x00, 0x00, 0x00, 0x02, 0xE0, 0x00, 0x00, 0x00, 0x00, 0x50, 0x00,
    0x00, 0x00, 0x00, 0x00, 0x00, 0x00, 0x15, 0x54, 0x01, 0x55, 0x40, 0x3F, 0xFC, 0x07, 0xFF, 0xE0,
    0x3F, 0xFC, 0x07, 0xFF, 0xD0, 0x03, 0xFC, 0x00, 0x3F, 0xD0, 0x03, 0xFC, 0x00, 0x2F, 0xD0, 0x03,
    0xFC, 0x00, 0x2F, 0xD0, 0x03, 0xFC, 0x00, 0x2F, 0xD0, 0x03, 0xFC, 0x00, 0x2F, 0xD0, 0x03, 0xFC,
    0x00, 0x2F, 0xD0, 0x03, 0xFC, 0x00, 0x2F, 0xD0, 0x03, 0xFC, 0x00, 0x2F, 0xD0, 0x03, 0xFC, 0x00,
    0x3F, 0xD0, 0x03, 0xFC, 0x00, 0x7F, 0xD0, 0x02, 0xFE, 0x00, 0xFF, 0xD0, 0x00, 0xFF, 0xEB, 0xFF,
    0xE4, 0x00, 0xBF, 0xFF, 0xCF, 0xFE, 0x00, 0x1F, 0xFE, 0x0F, 0xFE, 0x00, 0x00, 0x00, 0x00, 0x00,
    0x00, 0x00, 0x00, 0x00, 0x10, 0x00, 0x00, 0x00, 0x00, 0x00, 0x0B, 0xE0, 0x00, 0x40, 0x00, 0x00,
    0x02, 0xFF, 0xC0, 0x7F, 0x00, 0x00, 0x00, 0xBF, 0xE0, 0x01, 0xFC, 0x00, 0x00, 0x07, 0xE4, 0x00,
    0x03, 0xF0, 0x00, 0x00, 0x04, 0x00, 0x00, 0x0F, 0xC2, 0xAA, 0xAA, 0x00, 0x0A, 0xA6, 0xFE, 0x0F,
    0xFF, 0xFD, 0x00, 0x7F, 0xFF, 0xE0, 0x2F, 0xFF, 0xF4, 0x00, 0xBF, 0xF4, 0x00, 0x0F, 0xFC, 0x00,
    0x00, 0x3F, 0xC0, 0x00, 0x2F, 0xF0, 0x00, 0x00, 0xFF, 0x00, 0x00, 0xBF, 0xC0, 0x00, 0x02, 0xFC,
    0x00, 0x02, 0xFF, 0x00, 0x00, 0x0B, 0xF0, 0x00, 0x0B, 0xFC, 0x00, 0x00, 0x2F, 0xC0, 0x00, 0x2F,
    0xF0, 0x00, 0x00, 0xBF, 0x00, 0x00, 0xBF, 0xC0, 0x00, 0x02, 0xFC, 0x00, 0x02, 0xFF, 0x00, 0x00,
    0x0B, 0xF0, 0x00, 0x0B, 0xFC, 0x00, 0x00, 0x2F, 0xC0, 0x00, 0x2F, 0xF0, 0x00, 0x00, 0xBF, 0x00,
    0x00, 0xBF, 0xC0, 0x00, 0x02, 0xFC, 0x00, 0x02, 0xFF, 0x00, 0x00, 0x0B, 0xF0, 0x00, 0x0B, 0xFC,
    0x00, 0x00, 0x2F, 0xC0, 0x00, 0x1F, 0xF0, 0x00, 0x00, 0xFF, 0x00, 0x00, 0x7F, 0xC0, 0x00, 0x03,
    0xF8, 0x00, 0x00, 0xFF, 0x80, 0x00, 0x1F, 0xD0, 0x00, 0x03, 0xFF, 0x00, 0x00, 0xFF, 0x00, 0x00,
    0x07, 0xFF, 0x40, 0x0B, 0xF8, 0x00, 0x00, 0x0B, 0xFF, 0xEB, 0xFF, 0xC0, 0x00, 0x00, 0x0B, 0xFF,
    0xFF, 0xFC, 0x00, 0x00, 0x00, 0x07, 0xFF, 0xFF, 0x40, 0x00, 0x00, 0x00, 0x00, 0x55, 0x40, 0x00,
    0x00, 0x00, 0x00, 0x00, 0x00, 0x00, 0x00, 0x00, 0x00, 0x00, 0x60, 0x00, 0x00, 0x00, 0x00, 0x7F,
    0x00, 0x00, 0x00, 0x00, 0x7F, 0x00, 0x00, 0x00, 0x00, 0x7F, 0x00, 0x00, 0x00, 0x00, 0x7F, 0x00,
    0x07, 0xE0, 0x00, 0x3E, 0x00, 0x01, 0xFC, 0x00, 0x06, 0x00, 0x00, 0x3F, 0x00, 0x00, 0x00, 0x00,
    0x0F, 0xC5, 0x55, 0x00, 0x55, 0xAF, 0xE3, 0xFF, 0xC0, 0x7F, 0xFF, 0xE0, 0xFF, 0xF0, 0x1F, 0xFF,
    0x80, 0x03, 0xFC, 0x00, 0x3F, 0xD0, 0x00, 0xFF, 0x00, 0x0B, 0xF4, 0x00, 0x3F, 0xC0, 0x02, 0xFD,
    0x00, 0x0F, 0xF0, 0x00, 0xBF, 0x40, 0x03, 0xFC, 0x00, 0x2F, 0xD0, 0x00, 0xFF, 0x00, 0x0B, 0xF4,
    0x00, 0x3F, 0xC0, 0x02, 0xFD, 0x00, 0x0F, 0xF0, 0x00, 0xBF, 0x40, 0x03, 0xFC, 0x00, 0x3F, 0xD0,
    0x00, 0xFF, 0x00, 0x1F, 0xF4, 0x00, 0x2F, 0xE0, 0x0F, 0xFD, 0x00, 0x03, 0xFF, 0xAF, 0xFF, 0x90,
    0x00, 0xBF, 0xFF, 0xCF, 0xFE, 0x00, 0x07, 0xFF, 0x83, 0xFF, 0x80, 0x00, 0x00, 0x00, 0x00, 0x00,
    0x00, 0x00, 0x08, 0x00, 0x00, 0x00, 0x00, 0x00, 0x00, 0x7E, 0x00, 0x00, 0x00, 0x40, 0x00, 0x02,
    0xFF, 0xD0, 0x00, 0x7F, 0x00, 0x00, 0x00, 0x7F, 0xF4, 0x01, 0xFC, 0x00, 0x00, 0x00, 0x07, 0xE0,
    0x03, 0xF0, 0x00, 0x00, 0x00, 0x00, 0x00, 0x0F, 0xC2, 0xAA, 0xAA, 0x00, 0x0A, 0xA6, 0xFE, 0x0F,
    0xFF, 0xFD, 0x00, 0x7F, 0xFF, 0xE0, 0x2F, 0xFF, 0xF4, 0x00, 0xBF, 0xF4, 0x00, 0x0F, 0xFC, 0x00,
    0x00, 0x3F, 0xC0, 0x00, 0x2F, 0xF0, 0x00, 0x00, 0xFF, 0x00, 0x00, 0xBF, 0xC0, 0x00, 0x02, 0xFC,
    0x00, 0x02, 0xFF, 0x00, 0x00, 0x0B, 0xF0, 0x00, 0x0B, 0xFC, 0x00, 0x00, 0x2F, 0xC0, 0x00, 0x2F,
    0xF0, 0x00, 0x00, 0xBF, 0x00, 0x00, 0xBF, 0xC0, 0x00, 0x02, 0xFC, 0x00, 0x02, 0xFF, 0x00, 0x00,
    0x0B, 0xF0, 0x00, 0x0B, 0xFC, 0x00, 0x00, 0x2F, 0xC0, 0x00, 0x2F, 0xF0, 0x00, 0x00, 0xBF, 0x00,
    0x00, 0xBF, 0xC0, 0x00, 0x02, 0xFC, 0x00, 0x02, 0xFF, 0x00, 0x00, 0x0B, 0xF0, 0x00, 0x0B, 0xFC,
    0x00, 0x00, 0x2F, 0xC0, 0x00, 0x1F, 0xF0, 0x00, 0x00, 0xFF, 0x00, 0x00, 0x7F, 0xC0, 0x00, 0x03,
    0xF8, 0x00, 0x00, 0xFF, 0x80, 0x00, 0x1F, 0xD0, 0x00, 0x03, 0xFF, 0x00, 0x00, 0xFF, 0x00, 0x00,
    0x07, 0xFF, 0x40, 0x0B, 0xF8, 0x00, 0x00, 0x0B, 0xFF, 0xEB, 0xFF, 0xC0, 0x00, 0x00, 0x0B, 0xFF,
    0xFF, 0xFC, 0x00, 0x00, 0x00, 0x07, 0xFF, 0xFF, 0x40, 0x00, 0x00, 0x00, 0x00, 0x55, 0x40, 0x00,
    0x00, 0x00, 0x00, 0x00, 0x00, 0x00, 0x00, 0x00, 0x00, 0xC0, 0x00, 0x00, 0x00, 0x00, 0xFC, 0x00,
    0x00, 0x00, 0x00, 0x2F, 0xC0, 0x00, 0x00, 0x00, 0x01, 0xFC, 0x00, 0x00, 0x00, 0x00, 0x1F, 0xC0,
    0x07, 0xE0, 0x00, 0x00, 0xFC, 0x01, 0xFC, 0x00, 0x00, 0x08, 0x00, 0x3F, 0x00, 0x00, 0x00, 0x00,
    0x0F, 0xC5, 0x55, 0x00, 0x55, 0xAF, 0xE3, 0xFF, 0xC0, 0x7F, 0xFF, 0xE0, 0xFF, 0xF0, 0x1F, 0xFF,
    0x80, 0x03, 0xFC, 0x00, 0x3F, 0xD0, 0x00, 0xFF, 0x00, 0x0B, 0xF4, 0x00, 0x3F, 0xC0, 0x02, 0xFD,
    0x00, 0x0F, 0xF0, 0x00, 0xBF, 0x40, 0x03, 0xFC, 0x00, 0x2F, 0xD0, 0x00, 0xFF, 0x00, 0x0B, 0xF4,
    0x00, 0x3F, 0xC0, 0x02, 0xFD, 0x00, 0x0F, 0xF0, 0x00, 0xBF, 0x40, 0x03, 0xFC, 0x00, 0x3F, 0xD0,
    0x00, 0xFF, 0x00, 0x1F, 0xF4, 0x00, 0x2F, 0xE0, 0x0F, 0xFD, 0x00, 0x03, 0xFF, 0xAF, 0xFF, 0x90,
    0x00, 0xBF, 0xFF, 0xCF, 0xFE, 0x00, 0x07, 0xFF, 0x83, 0xFF, 0x80, 0x00, 0x00, 0x00, 0x00, 0x00,
    0x00, 0x00, 0x00, 0x00, 0x00, 0x00, 0x00, 0x00, 0x00, 0x0B, 0xFC, 0x00, 0x00, 0x00, 0x00, 0x00,
    0x19, 0xF8, 0x00, 0x01, 0x00, 0x00, 0x00, 0x03, 0xD0, 0x01, 0xFC, 0x00, 0x00, 0x00, 0x7D, 0x00,
    0x07, 0xF0, 0x00, 0x00, 0x03, 0xE0, 0x00, 0x0F, 0xC0, 0x00, 0x00, 0x01, 0x00, 0x00, 0x3F, 0x0A,
    0xAA, 0xA8, 0x00, 0x2A, 0x9B, 0xF8, 0x3F, 0xFF, 0xF4, 0x01, 0xFF, 0xFF, 0x80, 0xBF, 0xFF, 0xD0,
    0x02, 0xFF, 0xD0, 0x00, 0x3F, 0xF0, 0x00, 0x00, 0xFF, 0x00, 0x00, 0xBF, 0xC0, 0x00, 0x03, 0xFC,
    0x00, 0x02, 0xFF, 0x00, 0x00, 0x0B, 0xF0, 0x00, 0x0B, 0xFC, 0x00, 0x00, 0x2F, 0xC0, 0x00, 0x2F,
    0xF0, 0x00, 0x00, 0xBF, 0x00, 0x00, 0xBF, 0xC0, 0x00, 0x02, 0xFC, 0x00, 0x02, 0xFF, 0x00, 0x00,
    0x0B, 0xF0, 0x00, 0x0B, 0xFC, 0x00, 0x00, 0x2F, 0xC0, 0x00, 0x2F, 0xF0, 0x00, 0x00, 0xBF, 0x00,
    0x00, 0xBF, 0xC0, 0x00, 0x02, 0xFC, 0x00, 0x02, 0xFF, 0x00, 0x00, 0x0B, 0xF0, 0x00, 0x0B, 0xFC,
    0x00, 0x00, 0x2F, 0xC0, 0x00, 0x2F, 0xF0, 0x00, 0x00, 0xBF, 0x00, 0x00, 0x7F, 0xC0, 0x00, 0x03,
    0xFC, 0x00, 0x01, 0xFF, 0x00, 0x00, 0x0F, 0xE0, 0x00, 0x03, 0xFE, 0x00, 0x00, 0x7F, 0x40, 0x00,
    0x0F, 0xFC, 0x00, 0x03, 0xFC, 0x00, 0x00, 0x1F, 0xFD, 0x00, 0x2F, 0xE0, 0x00, 0x00, 0x2F, 0xFF,
    0xAF, 0xFF, 0x00, 0x00, 0x00, 0x2F, 0xFF, 0xFF, 0xF0, 0x00, 0x00, 0x00, 0x1F, 0xFF, 0xFD, 0x00,
    0x00, 0x00, 0x00, 0x01, 0x55, 0x00, 0x00, 0x00, 0x00, 0x01, 0xFD, 0x00, 0x00, 0x00, 0x00, 0xBF,
    0xD0, 0x00, 0x00, 0x00, 0x00, 0xF8, 0x00, 0x00, 0x00, 0x00, 0x7D, 0x00, 0x00, 0x00, 0x00, 0xFD,
    0x00, 0x1F, 0x80, 0x00, 0x3C, 0x00, 0x07, 0xF0, 0x00, 0x01, 0x00, 0x00, 0xFC, 0x00, 0x00, 0x00,
    0x00, 0x3F, 0x15, 0x54, 0x01, 0x56, 0xBF, 0x8F, 0xFF, 0x01, 0xFF, 0xFF, 0x83, 0xFF, 0xC0, 0x7F,
    0xFE, 0x00, 0x0F, 0xF0, 0x00, 0xFF, 0x40, 0x03, 0xFC, 0x00, 0x2F, 0xD0, 0x00, 0xFF, 0x00, 0x0B,
    0xF4, 0x00, 0x3F, 0xC0, 0x02, 0xFD, 0x00, 0x0F, 0xF0, 0x00, 0xBF, 0x40, 0x03, 0xFC, 0x00, 0x2F,
    0xD0, 0x00, 0xFF, 0x00, 0x0B, 0xF4, 0x00, 0x3F, 0xC0, 0x02, 0xFD, 0x00, 0x0F, 0xF0, 0x00, 0xFF,
    0x40, 0x03, 0xFC, 0x00, 0x7F, 0xD0, 0x00, 0xBF, 0x80, 0x3F, 0xF4, 0x00, 0x0F, 0xFE, 0xBF, 0xFE,
    0x40, 0x02, 0xFF, 0xFF, 0x3F, 0xF8, 0x00, 0x1F, 0xFE, 0x0F, 0xFE, 0x00, 0x00, 0x00, 0x00, 0x00,
    0x00, 0x00, 0x00, 0x06, 0x40, 0x08, 0x00, 0x10, 0x00, 0x00, 0xBF, 0xF5, 0xB8, 0x1F, 0xC0, 0x00,
    0x07, 0xFF, 0xFF, 0xC0, 0x7F, 0x00, 0x00, 0x2D, 0x0B, 0xFC, 0x00, 0xFC, 0x00, 0x00, 0x10, 0x00,
    0x40, 0x03, 0xF0, 0xAA, 0xAA, 0x80, 0x02, 0xA9, 0xBF, 0x83, 0xFF, 0xFF, 0x40, 0x1F, 0xFF, 0xF8,
    0x0B, 0xFF, 0xFD, 0x00, 0x2F, 0xFD, 0x00, 0x03, 0xFF, 0x00, 0x00, 0x0F, 0xF0, 0x00, 0x0B, 0xFC,
    0x00, 0x00, 0x3F, 0xC0, 0x00, 0x2F, 0xF0, 0x00, 0x00, 0xBF, 0x00, 0x00, 0xBF, 0xC0, 0x00, 0x02,
    0xFC, 0x00, 0x02, 0xFF, 0x00, 0x00, 0x0B, 0xF0, 0x00, 0x0B, 0xFC, 0x00, 0x00, 0x2F, 0xC0, 0x00,
    0x2F, 0xF0, 0x00, 0x00, 0xBF, 0x00, 0x00, 0xBF, 0xC0, 0x00, 0x02, 0xFC, 0x00, 0x02, 0xFF, 0x00,
    0x00, 0x0B, 0xF0, 0x00, 0x0B, 0xFC, 0x00, 0x00, 0x2F, 0xC0, 0x00, 0x2F, 0xF0, 0x00, 0x00, 0xBF,
    0x00, 0x00, 0xBF, 0xC0, 0x00, 0x02, 0xFC, 0x00, 0x02, 0xFF, 0x00, 0x00, 0x0B, 0xF0, 0x00, 0x07,
    0xFC, 0x00, 0x00, 0x3F, 0xC0, 0x00, 0x1F, 0xF0, 0x00, 0x00, 0xFE, 0x00, 0x00, 0x3F, 0xE0, 0x00,
    0x07, 0xF4, 0x00, 0x00, 0xFF, 0xC0, 0x00, 0x3F, 0xC0, 0x00, 0x01, 0xFF, 0xD0, 0x02, 0xFE, 0x00,
    0x00, 0x02, 0xFF, 0xFA, 0xFF, 0xF0, 0x00, 0x00, 0x02, 0xFF, 0xFF, 0xFF, 0x00, 0x00, 0x00, 0x01,
    0xFF, 0xFF, 0xD0, 0x00, 0x00, 0x00, 0x00, 0x15, 0x50, 0x00, 0x00, 0x00, 0x00, 0x00, 0x00, 0x00,
    0x00, 0x00, 0x02, 0xE4, 0x07, 0x00, 0x00, 0x02, 0xFF, 0xEB, 0xC0, 0x00, 0x01, 0xFF, 0xFF, 0xD0,
    0x7E, 0x00, 0xB0, 0x0B, 0xE0, 0x1F, 0xC0, 0x00, 0x00, 0x00, 0x03, 0xF0, 0x00, 0x00, 0x00, 0x00,
    0xFC, 0x55, 0x50, 0x05, 0x5A, 0xFE, 0x3F, 0xFC, 0x07, 0xFF, 0xFE, 0x0F, 0xFF, 0x01, 0xFF, 0xF8,
    0x00, 0x3F, 0xC0, 0x03, 0xFD, 0x00, 0x0F, 0xF0, 0x00, 0xBF, 0x40, 0x03, 0xFC, 0x00, 0x2F, 0xD0,
    0x00, 0xFF, 0x00, 0x0B, 0xF4, 0x00, 0x3F, 0xC0, 0x02, 0xFD, 0x00, 0x0F, 0xF0, 0x00, 0xBF, 0x40,
    0x03, 0xFC, 0x00, 0x2F, 0xD0, 0x00, 0xFF, 0x00, 0x0B, 0xF4, 0x00, 0x3F, 0xC0, 0x03, 0xFD, 0x00,
    0x0F, 0xF0, 0x01, 0xFF, 0x40, 0x02, 0xFE, 0x00, 0xFF, 0xD0, 0x00, 0x3F, 0xFA, 0xFF, 0xF9, 0x00,
    0x0B, 0xFF, 0xFC, 0xFF, 0xE0, 0x00, 0x7F, 0xF8, 0x3F, 0xF8, 0x00, 0x00, 0x00, 0x00, 0x00, 0x00,
    0x00, 0x00, 0x00, 0x00, 0x00, 0x00, 0x10, 0x00, 0x00, 0x00, 0x00, 0x00, 0x1F, 0xC0, 0x00, 0x00,
    0x00, 0x00, 0x00, 0x7F, 0x00, 0x00, 0x00, 0x00, 0x00, 0x00, 0xFC, 0x00, 0x00, 0x00, 0x00, 0x00,
    0x03, 0xF0, 0xAA, 0xAA, 0x80, 0x02, 0xA9, 0xBF, 0x83, 0xFF, 0xFF, 0x40, 0x1F, 0xFF, 0xF8, 0x0B,
    0xFF, 0xFD, 0x00, 0x2F, 0xFD, 0x00, 0x03, 0xFF, 0x00, 0x00, 0x0F, 0xF0, 0x00, 0x0B, 0xFC, 0x00,
    0x00, 0x3F, 0xC0, 0x00, 0x2F, 0xF0, 0x00, 0x00, 0xBF, 0x00, 0x00, 0xBF, 0xC0, 0x00, 0x02, 0xFC,
    0x00, 0x02, 0xFF, 0x00, 0x00, 0x0B, 0xF0, 0x00, 0x0B, 0xFC, 0x00, 0x00, 0x2F, 0xC0, 0x00, 0x2F,
    0xF0, 0x00, 0x00, 0xBF, 0x00, 0x00, 0xBF, 0xC0, 0x00, 0x02, 0xFC, 0x00, 0x02, 0xFF, 0x00, 0x00,
    0x0B, 0xF0, 0x00, 0x0B, 0xFC, 0x00, 0x00, 0x2F, 0xC0, 0x00, 0x2F, 0xF0, 0x00, 0x00, 0xBF, 0x00,
    0x00, 0xBF, 0xC0, 0x00, 0x02, 0xFC, 0x00, 0x02, 0xFF, 0x00, 0x00, 0x0B, 0xF0, 0x00, 0x07, 0xFC,
    0x00, 0x00, 0x3F, 0xC0, 0x00, 0x1F, 0xF0, 0x00, 0x00, 0xFE, 0x00, 0x00, 0x3F, 0xE0, 0x00, 0x07,
    0xF4, 0x00, 0x00, 0xFF, 0xC0, 0x00, 0x3F, 0xC0, 0x00, 0x01, 0xFF, 0xD0, 0x02, 0xFE, 0x00, 0x00,
    0x02, 0xFF, 0xFA, 0xFF, 0xF0, 0x00, 0x00, 0x02, 0xFF, 0xFF, 0xFF, 0x00, 0x00, 0x00, 0x01, 0xFF,
    0xFF, 0xD0, 0x00, 0x00, 0x00, 0x00, 0x15, 0x50, 0x00, 0x00, 0x00, 0x00, 0x00, 0x00, 0x00, 0x00,
    0x00, 0x00, 0x00, 0x00, 0x00, 0x00, 0x00, 0x00, 0x00, 0x00, 0x03, 0xF4, 0x00, 0x00, 0x00, 0x00,
    0x00, 0x1F, 0xE0, 0x00, 0x00, 0x00, 0x00, 0x00, 0x7F, 0x80, 0x00, 0x00, 0x00, 0x00, 0x00, 0xFD,
    0x00, 0x00, 0x00, 0x00, 0x00, 0x00, 0x50, 0x00, 0x00, 0x00, 0x00, 0x00, 0x00, 0x00, 0x00, 0x00,
    0x00, 0x00, 0x00, 0x07, 0xE0, 0x00, 0x00, 0x00, 0x01, 0xFC, 0x00, 0x00, 0x00, 0x00, 0x3F, 0x00,
    0x00, 0x00, 0x00, 0x0F, 0xC5, 0x55, 0x00, 0x55, 0xAF, 0xE3, 0xFF, 0xC0, 0x7F, 0xFF, 0xE0, 0xFF,
    0xF0, 0x1F, 0xFF, 0x80, 0x03, 0xFC, 0x00, 0x3F, 0xD0, 0x00, 0xFF, 0x00, 0x0B, 0xF4, 0x00, 0x3F,
    0xC0, 0x02, 0xFD, 0x00, 0x0F, 0xF0, 0x00, 0xBF, 0x40, 0x03, 0xFC, 0x00, 0x2F, 0xD0, 0x00, 0xFF,
    0x00, 0x0B, 0xF4, 0x00, 0x3F, 0xC0, 0x02, 0xFD, 0x00, 0x0F, 0xF0, 0x00, 0xBF, 0x40, 0x03, 0xFC,
    0x00, 0x3F, 0xD0, 0x00, 0xFF, 0x00, 0x1F, 0xF4, 0x00, 0x2F, 0xE0, 0x0F, 0xFD, 0x00, 0x03, 0xFF,
    0xAF, 0xFF, 0x90, 0x00, 0xBF, 0xFF, 0xCF, 0xFE, 0x00, 0x07, 0xFF, 0x83, 0xFF, 0x80, 0x00, 0x00,
    0x00, 0x00, 0x00, 0x00, 0x00, 0x00, 0x00, 0x00, 0x00, 0x00, 0x00, 0x00, 0x00, 0x00, 0x00, 0x2F,
    0x80, 0x00, 0x00, 0x00, 0x0F, 0xF0, 0x00, 0x00, 0x00, 0x03, 0xFC, 0x00, 0x00, 0x00, 0x00, 0xFE,
    0x00, 0x00, 0x00, 0x00, 0x05, 0x00, 0x00, 0x00, 0x00, 0x00, 0x80, 0x00, 0x00, 0x00, 0x00, 0x07,
    0xE0, 0x00, 0x00, 0x00, 0x00, 0x2F, 0xF8, 0x00, 0x00, 0x00, 0x00, 0x0B, 0xFE, 0x40, 0x00, 0x00,
    0x00, 0x00, 0xBD, 0x00, 0x00, 0x00, 0x00, 0x00, 0x10, 0x00, 0x00, 0x00, 0x00, 0x00, 0x00, 0x00,
    0x1A, 0xAA, 0xA4, 0x01, 0xAA, 0xA9, 0x7F, 0xFF, 0xF0, 0x0B, 0xFF, 0xF9, 0xBF, 0xFF, 0x80, 0x1B,
    0xFF, 0x90, 0x3F, 0xF0, 0x00, 0x0B, 0xF0, 0x00, 0x3F, 0xC0, 0x00, 0x3F, 0x40, 0x00, 0xBF, 0x80,
    0x02, 0xFC, 0x00, 0x00, 0xFF, 0x00, 0x0F, 0xC0, 0x00, 0x02, 0xFE, 0x00, 0xBE, 0x00, 0x00, 0x03,
    0xFC, 0x03, 0xF0, 0x00, 0x00, 0x07, 0xF8, 0x2F, 0x80, 0x00, 0x00, 0x0F, 0xF0, 0xFC, 0x00, 0x00,
    0x00, 0x1F, 0xEB, 0xE0, 0x00, 0x00, 0x00, 0x3F, 0xFF, 0x00, 0x00, 0x00, 0x00, 0x7F, 0xF8, 0x00,
    0x00, 0x00, 0x00, 0xFF, 0xC0, 0x00, 0x00, 0x00, 0x01, 0xFE, 0x00, 0x00, 0x00, 0x00, 0x07, 0xF8,
    0x00, 0x00, 0x00, 0x00, 0x1F, 0xE0, 0x00, 0x00, 0x00, 0x00, 0x7F, 0x80, 0x00, 0x00, 0x00, 0x01,
    0xFF, 0x00, 0x00, 0x00, 0x00, 0x07, 0xFC, 0x00, 0x00, 0x00, 0x00, 0x2F, 0xF4, 0x00, 0x00, 0x00,
    0x0F, 0xFF, 0xFE, 0x00, 0x00, 0x00, 0x3F, 0xFF, 0xF4, 0x00, 0x00, 0x00, 0x00, 0x00, 0x00, 0x00,
    0x00, 0x00, 0x00, 0x00, 0x00, 0x00, 0x01, 0x80, 0x00, 0x00, 0x00, 0x07, 0xE0, 0x00, 0x00, 0x00,
    0x03, 0xF8, 0x00, 0x00, 0x00, 0x00, 0xFE, 0x00, 0x00, 0x00, 0x00, 0x2F, 0x80, 0x00, 0x00, 0x00,
    0x0B, 0xD0, 0x00, 0x00, 0x00, 0x01, 0x80, 0x00, 0x00, 0x00, 0x00, 0x00, 0x00, 0x15, 0x55, 0x40,
    0x55, 0x54, 0x3F, 0xFF, 0xC1, 0xFF, 0xFC, 0x3F, 0xFF, 0x81, 0xBF, 0xF8, 0x03, 0xFD, 0x00, 0x3F,
    0xC0, 0x02, 0xFE, 0x00, 0x3F, 0x80, 0x00, 0xFF, 0x00, 0x7F, 0x00, 0x00, 0xBF, 0x00, 0xBE, 0x00,
    0x00, 0x7F, 0x80, 0xFD, 0x00, 0x00, 0x3F, 0xC1, 0xFC, 0x00, 0x00, 0x2F, 0xD2, 0xF8, 0x00, 0x00,
    0x0F, 0xE3, 0xF0, 0x00, 0x00, 0x0B, 0xF7, 0xF0, 0x00, 0x00, 0x07, 0xFF, 0xD0, 0x00, 0x00, 0x03,
    0xFF, 0xC0, 0x00, 0x00, 0x02, 0xFF, 0x80, 0x00, 0x00, 0x00, 0xFF, 0x40, 0x00, 0x00, 0x00, 0xBF,
    0x00, 0x00, 0x00, 0x00, 0xBE, 0x00, 0x00, 0x00, 0x00, 0xFC, 0x00, 0x00, 0x00, 0x01, 0xFC, 0x00,
    0x00, 0x00, 0x03, 0xF4, 0x00, 0x00, 0x00, 0x07, 0xF0, 0x00, 0x00, 0x00, 0x0F, 0xE0, 0x00, 0x00,
    0x00, 0x1F, 0xC0, 0x00, 0x00, 0x00, 0x0B, 0xC0, 0x00, 0x00, 0x00, 0x00, 0x00, 0x00, 0x00, 0x6A,
    0xAA, 0x90, 0x06, 0xAA, 0xA5, 0xFF, 0xFF, 0xC0, 0x2F, 0xFF, 0xE6, 0xFF, 0xFE, 0x00, 0x6F, 0xFE,
    0x40, 0xFF, 0xC0, 0x00, 0x2F, 0xC0, 0x00, 0xFF, 0x00, 0x00, 0xFD, 0x00, 0x02, 0xFE, 0x00, 0x0B,
    0xF0, 0x00, 0x03, 0xFC, 0x00, 0x3F, 0x00, 0x00, 0x0B, 0xF8, 0x02, 0xF8, 0x00, 0x00, 0x0F, 0xF0,
    0x0F, 0xC0, 0x00, 0x00, 0x1F, 0xE0, 0xBE, 0x00, 0x00, 0x00, 0x3F, 0xC3, 0xF0, 0x00, 0x00, 0x00,
    0x7F, 0xAF, 0x80, 0x00, 0x00, 0x00, 0xFF, 0xFC, 0x00, 0x00, 0x00, 0x01, 0xFF, 0xE0, 0x00, 0x00,
    0x00, 0x03, 0xFF, 0x00, 0x00, 0x00, 0x00, 0x07, 0xF8, 0x00, 0x00, 0x00, 0x00, 0x1F, 0xE0, 0x00,
    0x00, 0x00, 0x00, 0x7F, 0x80, 0x00, 0x00, 0x00, 0x01, 0xFE, 0x00, 0x00, 0x00, 0x00, 0x07, 0xFC,
    0x00, 0x00, 0x00, 0x00, 0x1F, 0xF0, 0x00, 0x00, 0x00, 0x00, 0xBF, 0xD0, 0x00, 0x00, 0x00, 0x3F,
    0xFF, 0xF8, 0x00, 0x00, 0x00, 0xFF, 0xFF, 0xD0, 0x00, 0x00, 0x00, 0x00, 0x00, 0x00, 0x00, 0x00,
    0x00, 0x00, 0x00, 0x00, 0x00, 0x00, 0x00, 0x00, 0x00, 0x00, 0x00, 0x00, 0x03, 0xF0, 0x00, 0x00,
    0x00, 0x00, 0x2F, 0xE0, 0x00, 0x00, 0x00, 0x00, 0xBF, 0x80, 0x00, 0x00, 0x00, 0x00, 0xFC, 0x00,
    0x00, 0x00, 0x00, 0x00, 0x40, 0x00, 0x00, 0x15, 0x55, 0x40, 0x55, 0x54, 0x3F, 0xFF, 0xC1, 0xFF,
    0xFC, 0x3F, 0xFF, 0x81, 0xBF, 0xF8, 0x03, 0xFD, 0x00, 0x3F, 0xC0, 0x02, 0xFE, 0x00, 0x3F, 0x80,
    0x00, 0xFF, 0x00, 0x7F, 0x00, 0x00, 0xBF, 0x00, 0xBE, 0x00, 0x00, 0x7F, 0x80, 0xFD, 0x00, 0x00,
    0x3F, 0xC1, 0xFC, 0x00, 0x00, 0x2F, 0xD2, 0xF8, 0x00, 0x00, 0x0F, 0xE3, 0xF0, 0x00, 0x00, 0x0B,
    0xF7, 0xF0, 0x00, 0x00, 0x07, 0xFF, 0xD0, 0x00, 0x00, 0x03, 0xFF, 0xC0, 0x00, 0x00, 0x02, 0xFF,
    0x80, 0x00, 0x00, 0x00, 0xFF, 0x40, 0x00, 0x00, 0x00, 0xBF, 0x00, 0x00, 0x00, 0x00, 0xBE, 0x00,
    0x00, 0x00, 0x00, 0xFC, 0x00, 0x00, 0x00, 0x01, 0xFC, 0x00, 0x00, 0x00, 0x03, 0xF4, 0x00, 0x00,
    0x00, 0x07, 0xF0, 0xBE, 0x00, 0x00, 0x0F, 0xE0, 0xFF, 0x00, 0x00, 0x1F, 0xC0, 0xFF, 0x00, 0x00,
    0x0B, 0xC0, 0xBE, 0x00, 0x00, 0x00, 0x00, 0x14, 0x00, 0x00, 0x00, 0x00, 0x00, 0x00, 0x00, 0x00,
    0x00, 0xBF, 0x80, 0x00, 0x00, 0x00, 0x01, 0x6F, 0x40, 0x00, 0x00, 0x00, 0x00, 0x7C, 0x00, 0x00,
    0x00, 0x00, 0x0B, 0xD0, 0x00, 0x00, 0x00, 0x00, 0x3D, 0x00, 0x00, 0x00, 0x00, 0x00, 0x10, 0x00,
    0x00, 0x00, 0x00, 0x00, 0x00, 0x00, 0x00, 0x6A, 0xAA, 0x90, 0x06, 0xAA, 0xA5, 0xFF, 0xFF, 0xC0,
    0x2F, 0xFF, 0xE6, 0xFF, 0xFE, 0x00, 0x6F, 0xFE, 0x40, 0xFF, 0xC0, 0x00, 0x2F, 0xC0, 0x00, 0xFF,
    0x00, 0x00, 0xFD, 0x00, 0x02, 0xFE, 0x00, 0x0B, 0xF0, 0x00, 0x03, 0xFC, 0x00, 0x3F, 0x00, 0x00,
    0x0B, 0xF8, 0x02, 0xF8, 0x00, 0x00, 0x0F, 0xF0, 0x0F, 0xC0, 0x00, 0x00, 0x1F, 0xE0, 0xBE, 0x00,
    0x00, 0x00, 0x3F, 0xC3, 0xF0, 0x00, 0x00, 0x00, 0x7F, 0xAF, 0x80, 0x00, 0x00, 0x00, 0xFF, 0xFC,
    0x00, 0x00, 0x00, 0x01, 0xFF, 0xE0, 0x00, 0x00, 0x00, 0x03, 0xFF, 0x00, 0x00, 0x00, 0x00, 0x07,
    0xF8, 0x00, 0x00, 0x00, 0x00, 0x1F, 0xE0, 0x00, 0x00, 0x00, 0x00, 0x7F, 0x80, 0x00, 0x00, 0x00,
    0x01, 0xFE, 0x00, 0x00, 0x00, 0x00, 0x07, 0xFC, 0x00, 0x00, 0x00, 0x00, 0x1F, 0xF0, 0x00, 0x00,
    0x00, 0x00, 0xBF, 0xD0, 0x00, 0x00, 0x00, 0x3F, 0xFF, 0xF8, 0x00, 0x00, 0x00, 0xFF, 0xFF, 0xD0,
    0x00, 0x00, 0x00, 0x00, 0x00, 0x00, 0x00, 0x00, 0x01, 0xFD, 0x00, 0x00, 0x00, 0x02, 0xFF, 0x40,
    0x00, 0x00, 0x00, 0x0F, 0x80, 0x00, 0x00, 0x00, 0x1F, 0x40, 0x00, 0x00, 0x00, 0xFD, 0x00, 0x00,
    0x00, 0x00, 0xF4, 0x00, 0x00, 0x00, 0x00, 0x10, 0x00, 0x00, 0x00, 0x00, 0x00, 0x00, 0x00, 0x15,
    0x55, 0x40, 0x55, 0x54, 0x3F, 0xFF, 0xC1, 0xFF, 0xFC, 0x3F, 0xFF, 0x81, 0xBF, 0xF8, 0x03, 0xFD,
    0x00, 0x3F, 0xC0, 0x02, 0xFE, 0x00, 0x3F, 0x80, 0x00, 0xFF, 0x00, 0x7F, 0x00, 0x00, 0xBF, 0x00,
    0xBE, 0x00, 0x00, 0x7F, 0x80, 0xFD, 0x00, 0x00, 0x3F, 0xC1, 0xFC, 0x00, 0x00, 0x2F, 0xD2, 0xF8,
    0x00, 0x00, 0x0F, 0xE3, 0xF0, 0x00, 0x00, 0x0B, 0xF7, 0xF0, 0x00, 0x00, 0x07, 0xFF, 0xD0, 0x00,
    0x00, 0x03, 0xFF, 0xC0, 0x00, 0x00, 0x02, 0xFF, 0x80, 0x00, 0x00, 0x00, 0xFF, 0x40, 0x00, 0x00,
    0x00, 0xBF, 0x00, 0x00, 0x00, 0x00, 0xBE, 0x00, 0x00, 0x00, 0x00, 0xFC, 0x00, 0x00, 0x00, 0x01,
    0xFC, 0x00, 0x00, 0x00, 0x03, 0xF4, 0x00, 0x00, 0x00, 0x07, 0xF0, 0x00, 0x00, 0x00, 0x0F, 0xE0,
    0x00, 0x00, 0x00, 0x1F, 0xC0, 0x00, 0x00, 0x00, 0x0B, 0xC0, 0x00, 0x00, 0x00, 0x00, 0x00, 0x00,
    0x00, 0x00, 0x00, 0xA4, 0x00, 0x80, 0x00, 0x00, 0x0B, 0xFE, 0x5F, 0x40, 0x00, 0x00, 0x7F, 0xFF,
    0xFC, 0x00, 0x00, 0x03, 0xC1, 0xBF, 0xC0, 0x00, 0x00, 0x01, 0x00, 0x04, 0x00, 0x00, 0x00, 0x00,
    0x00, 0x00, 0x00, 0x06, 0xAA, 0xA9, 0x00, 0x6A, 0xAA, 0x5F, 0xFF, 0xFC, 0x02, 0xFF, 0xFE, 0x6F,
    0xFF, 0xE0, 0x06, 0xFF, 0xE4, 0x0F, 0xFC, 0x00, 0x02, 0xFC, 0x00, 0x0F, 0xF0, 0x00, 0x0F, 0xD0,
    0x00, 0x2F, 0xE0, 0x00, 0xBF, 0x00, 0x00, 0x3F, 0xC0, 0x03, 0xF0, 0x00, 0x00, 0xBF, 0x80, 0x2F,
    0x80, 0x00, 0x00, 0xFF, 0x00, 0xFC, 0x00, 0x00, 0x01, 0xFE, 0x0B, 0xE0, 0x00, 0x00, 0x03, 0xFC,
    0x3F, 0x00, 0x00, 0x00, 0x07, 0xFA, 0xF8, 0x00, 0x00, 0x00, 0x0F, 0xFF, 0xC0, 0x00, 0x00, 0x00,
    0x1F, 0xFE, 0x00, 0x00, 0x00, 0x00, 0x3F, 0xF0, 0x00, 0x00, 0x00, 0x00, 0x7F, 0x80, 0x00, 0x00,
    0x00, 0x01, 0xFE, 0x00, 0x00, 0x00, 0x00, 0x07, 0xF8, 0x00, 0x00, 0x00, 0x00, 0x1F, 0xE0, 0x00,
    0x00, 0x00, 0x00, 0x7F, 0xC0, 0x00, 0x00, 0x00, 0x01, 0xFF, 0x00, 0x00, 0x00, 0x00, 0x0B, 0xFD,
    0x00, 0x00, 0x00, 0x03, 0xFF, 0xFF, 0x80, 0x00, 0x00, 0x0F, 0xFF, 0xFD, 0x00, 0x00, 0x00, 0x00,
    0x00, 0x00, 0x00, 0x00, 0x00, 0x00, 0x00, 0x00, 0x00, 0x00, 0x0B, 0x90, 0x1C, 0x00, 0x00, 0x2F,
    0xFE, 0xBC, 0x00, 0x00, 0x7F, 0xFF, 0xF4, 0x00, 0x00, 0xB0, 0x0B, 0xE0, 0x00, 0x00, 0x00, 0x00,
    0x00, 0x00, 0x00, 0x00, 0x00, 0x00, 0x00, 0x15, 0x55, 0x40, 0x55, 0x54, 0x3F, 0xFF, 0xC1, 0xFF,
    0xFC, 0x3F, 0xFF, 0x81, 0xBF, 0xF8, 0x03, 0xFD, 0x00, 0x3F, 0xC0, 0x02, 0xFE, 0x00, 0x3F, 0x80,
    0x00, 0xFF, 0x00, 0x7F, 0x00, 0x00, 0xBF, 0x00, 0xBE, 0x00, 0x00, 0x7F, 0x80, 0xFD, 0x00, 0x00,
    0x3F, 0xC1, 0xFC, 0x00, 0x00, 0x2F, 0xD2, 0xF8, 0x00, 0x00, 0x0F, 0xE3, 0xF0, 0x00, 0x00, 0x0B,
    0xF7, 0xF0, 0x00, 0x00, 0x07, 0xFF, 0xD0, 0x00, 0x00, 0x03, 0xFF, 0xC0, 0x00, 0x00, 0x02, 0xFF,
    0x80, 0x00, 0x00, 0x00, 0xFF, 0x40, 0x00, 0x00, 0x00, 0xBF, 0x00, 0x00, 0x00, 0x00, 0xBE, 0x00,
    0x00, 0x00, 0x00, 0xFC, 0x00, 0x00, 0x00, 0x01, 0xFC, 0x00, 0x00, 0x00, 0x03, 0xF4, 0x00, 0x00,
    0x00, 0x07, 0xF0, 0x00, 0x00, 0x00, 0x0F, 0xE0, 0x00, 0x00, 0x00, 0x1F, 0xC0, 0x00, 0x00, 0x00,
    0x0B, 0xC0, 0x00, 0x00, 0x00, 0x00, 0x00, 0x00, 0x00, 0x00, 0x7F, 0x7F, 0x7F, 0x7F, 0x7F, 0x7F,
    0x7F, 0x7F, 0x7F, 0x7F, 0x7F, 0x7F, 0x7F, 0x7F, 0x7F, 0x7F, 0x7F, 0x7F, 0x7F, 0x7F, 0x7F, 0x7F,
    0x7F, 0x7F, 0x7F, 0x7F, 0x7F, 0x7F, 0x7F, 0x7F, 0x7F, 0x7F, 0x7F, 0x00, 0x00, 0x00, 0x2F, 0xFF,
    0xFB, 0xFF, 0xFE, 0xFD, 0x55, 0xBE, 0x00, 0x2F, 0x80, 0x0B, 0xE0, 0x02, 0xF8, 0x00, 0xBE, 0x00,
    0x2F, 0x80, 0x0B, 0xE0, 0x02, 0xF8, 0x00, 0xBE, 0x00, 0x2F, 0x80, 0x0B, 0xE0, 0x02, 0xF8, 0x00,
    0xBE, 0x00, 0x2F, 0x80, 0x0B, 0xE0, 0x02, 0xF8, 0x00, 0xBE, 0x00, 0x2F, 0x80, 0x0B, 0xE0, 0x02,
    0xF8, 0x00, 0xBE, 0x00, 0x2F, 0x80, 0x0B, 0xE0, 0x02, 0xF8, 0x00, 0xBE, 0x00, 0x2F, 0x80, 0x0B,
    0xE0, 0x02, 0xF8, 0x00, 0xBE, 0x00, 0x2F, 0x80, 0x00, 0x00, 0x00, 0x7F, 0xFE, 0x0F, 0xFF, 0xDB,
    0xFF, 0xF0, 0xFF, 0xFD, 0x7F, 0xFE, 0x0F, 0xFF, 0xD0, 0x6A, 0xAA, 0xAA, 0xAA, 0x8B, 0xFF, 0xFF,
    0xFF, 0xFC, 0x7F, 0xFF, 0xFF, 0xFF, 0xC0, 0x00, 0x00, 0x00, 0x00, 0x7F, 0xFF, 0xFF, 0xFF, 0xCB,
    0xFF, 0xFF, 0xFF, 0xFC, 0x7F, 0xFF, 0xFF, 0xFF, 0xC0, 0x7F, 0xFF, 0xFF, 0xFF, 0xFF, 0xFF, 0xFF,
    0xFF, 0xFB, 0xFF, 0xFF, 0xFF, 0xFF, 0xFF, 0xFF, 0xFF, 0xFF, 0x7F, 0xFF, 0xFF, 0xFF, 0xFF, 0xFF,
    0xFF, 0xFF, 0xF0, 0x7F, 0xFF, 0xFF, 0xFF, 0xFF, 0xFF, 0xFF, 0xFF, 0xFB, 0xFF, 0xFF, 0xFF, 0xFF,
    0xFF, 0xFF, 0xFF, 0xFF, 0x7F, 0xFF, 0xFF, 0xFF, 0xFF, 0xFF, 0xFF, 0xFF, 0xF0, 0x02, 0x40, 0xF8,
    0x3E, 0x07, 0xC0, 0xBC, 0x0F, 0xF4, 0xFF, 0xCF, 0xFC, 0xFF, 0xC7, 0xF8, 0x19, 0x00, 0x06, 0x80,
    0xBF, 0x83, 0xFF, 0x0F, 0xFC, 0x3F, 0xF0, 0x2F, 0xC0, 0x2F, 0x00, 0xF4, 0x0B, 0xC0, 0x7C, 0x00,
    0x80, 0x00, 0x06, 0x80, 0xBF, 0x83, 0xFF, 0x0F, 0xFC, 0x3F, 0xF0, 0x2F, 0xC0, 0x2F, 0x00, 0xF4,
    0x0B, 0xC0, 0x7C, 0x00, 0x80, 0x00, 0x00, 0x90, 0x02, 0x00, 0x3D, 0x01, 0xF4, 0x0F, 0x80, 0x3D,
    0x01, 0xF0, 0x0B, 0xC0, 0x2F, 0x00, 0xF8, 0x03, 0xFD, 0x0F, 0xF0, 0x3F, 0xF0, 0xFF, 0xC3, 0xFF,
    0x0F, 0xFC, 0x3F, 0xF0, 0xFF, 0xC1, 0xFE, 0x0B, 0xF4, 0x06, 0x40, 0x19, 0x00, 0x06, 0x80, 0x29,
    0x0B, 0xF8, 0x2F, 0xD3, 0xFF, 0x0F, 0xFC, 0xFF, 0xC3, 0xFF, 0x3F, 0xF0, 0xFF, 0xC2, 0xFC, 0x0B,
    0xF0, 0x2F, 0x00, 0xF8, 0x0F, 0x40, 0x3C, 0x0B, 0xC0, 0x2E, 0x07, 0xC0, 0x2F, 0x00, 0x80, 0x05,
    0x00, 0x06, 0x80, 0x29, 0x0B, 0xF8, 0x2F, 0xD3, 0xFF, 0x0F, 0xFC, 0xFF, 0xC3, 0xFF, 0x3F, 0xF0,
    0xFF, 0xC2, 0xFC, 0x0B, 0xF0, 0x2F, 0x00, 0xF8, 0x0F, 0x40, 0x3C, 0x0B, 0xC0, 0x2E, 0x07, 0xC0,
    0x2F, 0x00, 0x80, 0x05, 0x00, 0x00, 0x00, 0x00, 0x00, 0x00, 0x7F, 0x80, 0x00, 0x01, 0xFE, 0x00,
    0x00, 0x07, 0xF8, 0x00, 0x00, 0x1F, 0xD0, 0x00, 0x00, 0x7F, 0x40, 0x00, 0x01, 0xFD, 0x00, 0x00,
    0x07, 0xF4, 0x00, 0x00, 0x1F, 0xD0, 0x00, 0x00, 0x7F, 0x40, 0x00, 0x00, 0xFD, 0x00, 0x05, 0x07,
    0xF4, 0x04, 0x7F, 0xFF, 0xFF, 0xF5, 0xFF, 0xFF, 0xFF, 0xD1, 0x55, 0xFD, 0x55, 0x00, 0x07, 0xF4,
    0x00, 0x00, 0x1F, 0xD0, 0x00, 0x00, 0x7F, 0x40, 0x00, 0x01, 0xFD, 0x00, 0x00, 0x07, 0xF4, 0x00,
    0x00, 0x1F, 0xD0, 0x00, 0x00, 0x7F, 0x40, 0x00, 0x01, 0xFD, 0x00, 0x00, 0x07, 0xF4, 0x00, 0x00,
    0x2F, 0xE0, 0x00, 0x00, 0x7F, 0x80, 0x00, 0x00, 0x00, 0x00, 0x00, 0x03, 0xFC, 0x00, 0x00, 0x3F,
    0xC0, 0x00, 0x03, 0xFC, 0x00, 0x00, 0x3F, 0xC0, 0x00, 0x03, 0xFC, 0x00, 0x00, 0x3F, 0xC0, 0x00,
    0x03, 0xFC, 0x00, 0x55, 0x7F, 0xD5, 0x5F, 0xFF, 0xFF, 0xFF, 0xFF, 0xFF, 0xFF, 0xF0, 0x03, 0xF8,
    0x04, 0x00, 0x3F, 0x80, 0x00, 0x03, 0xF8, 0x00, 0x00, 0x3F, 0x80, 0x0F, 0xFF, 0xFF, 0xFF, 0xFF,
    0xFF, 0xFF, 0xF6, 0x57, 0xFD, 0x69, 0x00, 0x3F, 0x80, 0x00, 0x03, 0xFC, 0x00, 0x00, 0x3F, 0xC0,
    0x00, 0x03, 0xFC, 0x00, 0x00, 0x3F, 0xC0, 0x00, 0x03, 0xFC, 0x00, 0x00, 0x3F, 0xC0, 0x00, 0x03,
    0xFC, 0x00, 0x0A, 0x40, 0xFF, 0x4B, 0xFF, 0x3F, 0xFC, 0xBF, 0xF1, 0xFF, 0x81, 0xA4, 0x00, 0x2E,
    0x07, 0xFC, 0xBF, 0xCB, 0xFC, 0x3F, 0x80, 0x50, 0x05, 0x00, 0x50, 0x7F, 0x82, 0xFC, 0xBF, 0xC3,
    0xFD, 0xBF, 0xC3, 0xFD, 0x7F, 0x82, 0xFC, 0x19, 0x00, 0x60, 0x05, 0x00, 0x05, 0x00, 0x05, 0x07,
    0xF8, 0x03, 0xF8, 0x03, 0xFC, 0xBF, 0xC0, 0xBF, 0xC0, 0x7F, 0xCB, 0xFC, 0x0B, 0xFC, 0x07, 0xFC,
    0x7F, 0x80, 0x3F, 0x80, 0x3F, 0xC1, 0x90, 0x00, 0x90, 0x00, 0x50, 0x01, 0xFF, 0x40, 0x00, 0x00,
    0x0C, 0x00, 0x00, 0x00, 0x00, 0x00, 0x00, 0xFF, 0xFE, 0x00, 0x00, 0x02, 0xF0, 0x00, 0x00, 0x00,
    0x00, 0x00, 0x2F, 0x83, 0xF4, 0x00, 0x00, 0x3E, 0x00, 0x00, 0x00, 0x00, 0x00, 0x03, 0xF0, 0x1F,
    0xC0, 0x00, 0x0B, 0xC0, 0x00, 0x00, 0x00, 0x00, 0x00, 0x7F, 0x00, 0xFC, 0x00, 0x01, 0xF8, 0x00,
    0x00, 0x00, 0x00, 0x00, 0x0B, 0xF0, 0x0F, 0xD0, 0x00, 0x3F, 0x00, 0x00, 0x00, 0x00, 0x00, 0x00,
    0xBF, 0x00, 0xFD, 0x00, 0x07, 0xD0, 0x00, 0x00, 0x00, 0x00, 0x00, 0x0B, 0xF0, 0x0F, 0xD0, 0x00,
    0xFC, 0x00, 0x00, 0x00, 0x00, 0x00, 0x00, 0xBF, 0x00, 0xFD, 0x00, 0x2F, 0x00, 0x00, 0x00, 0x00,
    0x00, 0x00, 0x07, 0xF0, 0x0F, 0xC0, 0x07, 0xE0, 0x00, 0x00, 0x00, 0x00, 0x00, 0x00, 0x3F, 0x01,
    0xFC, 0x00, 0xFC, 0x00, 0xBF, 0x80, 0x00, 0x1B, 0xF8, 0x02, 0xF8, 0x3F, 0x80, 0x1F, 0x40, 0x3F,
    0xFF, 0x40, 0x07, 0xFF, 0xF0, 0x0F, 0xEF, 0xF0, 0x03, 0xF0, 0x0F, 0xD1, 0xFC, 0x00, 0xFC, 0x1F,
    0xC0, 0x2F, 0xF8, 0x00, 0xBD, 0x01, 0xFC, 0x0F, 0xD0, 0x2F, 0x80, 0xFD, 0x00, 0x00, 0x00, 0x0F,
    0x80, 0x2F, 0x80, 0xBF, 0x03, 0xF4, 0x0F, 0xE0, 0x00, 0x00, 0x03, 0xF0, 0x03, 0xF4, 0x07, 0xF0,
    0x3F, 0x40, 0xBF, 0x00, 0x00, 0x00, 0x7E, 0x00, 0x3F, 0x40, 0x7F, 0x03, 0xF0, 0x0B, 0xF0, 0x00,
    0x00, 0x0F, 0xC0, 0x03, 0xF4, 0x07, 0xF0, 0x3F, 0x00, 0xBF, 0x00, 0x00, 0x02, 0xF4, 0x00, 0x3F,
    0x40, 0x7F, 0x03, 0xF4, 0x0B, 0xF0, 0x00, 0x00, 0x3F, 0x00, 0x03, 0xF8, 0x0B, 0xF0, 0x3F, 0x40,
    0xBE, 0x00, 0x00, 0x0B, 0xC0, 0x00, 0x2F, 0xC0, 0xBE, 0x02, 0xF8, 0x0F, 0xD0, 0x00, 0x01, 0xF8,
    0x00, 0x00, 0xFC, 0x0F, 0xC0, 0x1F, 0xC1, 0xFC, 0x00, 0x00, 0x3F, 0x00, 0x00, 0x07, 0xFB, 0xF4,
    0x00, 0xBF, 0xBF, 0x40, 0x00, 0x07, 0xD0, 0x00, 0x00, 0x1F, 0xFD, 0x00, 0x02, 0xFF, 0xD0, 0x00,
    0x00, 0xBC, 0x00, 0x00, 0x00, 0x00, 0x00, 0x00, 0x00, 0x00, 0x00, 0x00, 0x00, 0x00, 0x00, 0x00,
    0x00, 0x00, 0x00, 0x00, 0x00, 0x00, 0x29, 0x0F, 0xC3, 0xE0, 0xF8, 0x7D, 0x1F, 0x07, 0xC2, 0xF0,
    0xB8, 0x19, 0x00, 0x29, 0x0A, 0x43, 0xF0, 0xFC, 0x3E, 0x0F, 0xC3, 0xE0, 0xFC, 0x7D, 0x0F, 0x87,
    0xC0, 0xF4, 0x7C, 0x1F, 0x0B, 0xC1, 0xF0, 0xB8, 0x1F, 0x06, 0x40, 0xA0, 0x00, 0x10, 0x00, 0x3C,
    0x00, 0xF4, 0x02, 0xF0, 0x0B, 0xD0, 0x1F, 0xC0, 0x3F, 0x40, 0xFF, 0x00, 0x7F, 0x00, 0x1F, 0xC0,
    0x0B, 0xD0, 0x03, 0xF0, 0x00, 0xF4, 0x00, 0x7C, 0x00, 0x14, 0x10, 0x00, 0x7C, 0x00, 0x3E, 0x00,
    0x1F, 0x40, 0x0B, 0xD0, 0x03, 0xF0, 0x02, 0xFC, 0x01, 0xFE, 0x02, 0xFC, 0x03, 0xF0, 0x0B, 0xD0,
    0x0F, 0x80, 0x2F, 0x00, 0x3C, 0x00, 0x20, 0x00, 0x00, 0x00, 0x00, 0x09, 0x00, 0x00, 0x00, 0x07,
    0xD0, 0x00, 0x00, 0x03, 0xF0, 0x00, 0x00, 0x01, 0xF4, 0x00, 0x00, 0x00, 0xFC, 0x00, 0x00, 0x00,
    0xBC, 0x00, 0x00, 0x00, 0x7E, 0x00, 0x00, 0x00, 0x3F, 0x00, 0x00, 0x00, 0x1F, 0x40, 0x00, 0x00,
    0x0F, 0xC0, 0x00, 0x00, 0x0B, 0xD0, 0x00, 0x00, 0x03, 0xE0, 0x00, 0x00, 0x03, 0xF0, 0x00, 0x00,
    0x01, 0xF8, 0x00, 0x00, 0x00, 0xFC, 0x00, 0x00, 0x00, 0xBD, 0x00, 0x00, 0x00, 0x3F, 0x00, 0x00,
    0x00, 0x2F, 0x00, 0x00, 0x00, 0x1F, 0x80, 0x00, 0x00, 0x0F, 0xC0, 0x00, 0x00, 0x07, 0xD0, 0x00,
    0x00, 0x03, 0xF0, 0x00, 0x00, 0x02, 0xF0, 0x00, 0x00, 0x00, 0xF8, 0x00, 0x00, 0x00, 0x7C, 0x00,
    0x00, 0x00, 0x01, 0x00, 0x00, 0x00, 0x00, 0x00, 0x00, 0x00, 0x00, 0x00, 0x00, 0x0F, 0x0F, 0x00,
    0x00, 0x00, 0xF0, 0xF0, 0x00, 0x00, 0x0E, 0x0F, 0x00, 0x00, 0x00, 0xE0, 0xF0, 0x00, 0x00, 0x1F,
    0x5F, 0x00, 0x00, 0x1F, 0xFF, 0xFF, 0x80, 0x0B, 0xFF, 0xFF, 0xFC, 0x03, 0xFF, 0x80, 0x1F, 0xC0,
    0xBF, 0xD0, 0x00, 0x7C, 0x0F, 0xF8, 0x00, 0x07, 0xC2, 0xFF, 0x00, 0x00, 0x28, 0x3F, 0xF0, 0x00,
    0x00, 0x03, 0xFE, 0x00, 0x00, 0x00, 0x7F, 0xD0, 0x00, 0x00, 0x07, 0xFD, 0x00, 0x00, 0x00, 0x7F,
    0xD0, 0x00, 0x00, 0x07, 0xFD, 0x00, 0x00, 0x00, 0x7F, 0xD0, 0x00, 0x00, 0x03, 0xFE, 0x00, 0x00,
    0x00, 0x3F, 0xF0, 0x00, 0x00, 0x02, 0xFF, 0x00, 0x00, 0x18, 0x0F, 0xF8, 0x00, 0x03, 0xD0, 0xBF,
    0xD0, 0x00, 0x3D, 0x02, 0xFF, 0x80, 0x1B, 0xD0, 0x0B, 0xFF, 0xFF, 0xFD, 0x00, 0x1B, 0xFF, 0xFF,
    0x80, 0x00, 0x3D, 0x7D, 0x00, 0x00, 0x03, 0xC3, 0xC0, 0x00, 0x00, 0x38, 0x3C, 0x00, 0x00, 0x03,
    0x83, 0xC0, 0x00, 0x00, 0x38, 0x3C, 0x00, 0x00, 0x00, 0x00, 0x00, 0x00, 0x00, 0x00, 0x00, 0x00,
    0x01, 0xFF, 0xFF, 0xFF, 0xFD, 0x1F, 0xFF, 0xFF, 0xFF, 0xE0, 0x1F, 0xF9, 0x55, 0x7E, 0x00, 0xFF,
    0x40, 0x02, 0xE0, 0x0F, 0xF4, 0x00, 0x1E, 0x00, 0xFF, 0x40, 0x00, 0x00, 0x0F, 0xF4, 0x00, 0x00,
    0x00, 0xFF, 0x40, 0x14, 0x00, 0x0F, 0xF4, 0x03, 0xC0, 0x00, 0xFF, 0x95, 0x7C, 0x00, 0x0F, 0xFF,
    0xFF, 0xC0, 0x00, 0xFF, 0xFF, 0xFC, 0x00, 0x0F, 0xF4, 0x03, 0xC0, 0x00, 0xFF, 0x40, 0x28, 0x00,
    0x0F, 0xF4, 0x00, 0x00, 0x6A, 0xFF, 0xFF, 0x00, 0x07, 0xFF, 0xFF, 0xA0, 0x00, 0x00, 0xFF, 0x40,
    0x00, 0x00, 0x0F, 0xF4, 0x00, 0x00, 0x00, 0xFF, 0x80, 0x00, 0x01, 0xFF, 0xFF, 0xE0, 0x00, 0x1F,
    0xFF, 0xFE, 0x00, 0x00, 0x00, 0x00, 0x00, 0x00, 0x00, 0x00, 0x00, 0x00, 0x00, 0x00, 0x07, 0xFF,
    0xF9, 0x00, 0x00, 0xFF, 0xFF, 0xFE, 0x00, 0x0F, 0xFD, 0x5B, 0xF8, 0x00, 0xBF, 0x80, 0x03, 0xE0,
    0x03, 0xFC, 0x00, 0x0F, 0x40, 0x0F, 0xF0, 0x00, 0x3D, 0x00, 0x3F, 0xC0, 0x00, 0x00, 0x00, 0xFF,
    0x00, 0x00, 0x00, 0x03, 0xFD, 0x55, 0x40, 0x03, 0xFF, 0xFF, 0xFF, 0x40, 0x0F, 0xFF, 0xEA, 0x54,
    0x00, 0x00, 0xFF, 0x00, 0x00, 0x00, 0x57, 0xFE, 0xBF, 0xE0, 0x03, 0xFF, 0xFF, 0xFF, 0x80, 0x05,
    0x7F, 0xC0, 0x00, 0x00, 0x00, 0xFF, 0x00, 0x00, 0x00, 0x03, 0xFC, 0x00, 0x03, 0xD0, 0x0F, 0xF0,
    0x00, 0x0F, 0x00, 0x3F, 0xC0, 0x00, 0x7C, 0x02, 0xFF, 0xAA, 0xAB, 0xF0, 0xBF, 0xFF, 0xFF, 0xFF,
    0xC2, 0xFF, 0xFF, 0xFF, 0xFE, 0x00, 0x00, 0x00, 0x00, 0x00, 0x00, 0x00, 0x00, 0x00, 0x00, 0x00,
    0x00, 0x3F, 0xFE, 0x00, 0x00, 0xFF, 0xFF, 0x00, 0xFF, 0xFD, 0x00, 0x03, 0xFF, 0xFC, 0x00, 0x3F,
    0xFC, 0x00, 0x01, 0xFF, 0x50, 0x00, 0x7F, 0xF8, 0x00, 0x03, 0xFC, 0x00, 0x01, 0xFF, 0xF4, 0x00,
    0x0B, 0xE0, 0x00, 0x07, 0xFF, 0xF0, 0x00, 0x2F, 0x80, 0x00, 0x1F, 0xFF, 0xE0, 0x00, 0xBE, 0x00,
    0x00, 0x7F, 0xBF, 0xD0, 0x02, 0xF8, 0x00, 0x01, 0xFC, 0xFF, 0xC0, 0x0B, 0xE0, 0x00, 0x07, 0xF0,
    0xFF, 0xC0, 0x2F, 0x80, 0x00, 0x1F, 0xC1, 0xFF, 0x80, 0xBF, 0xAE, 0x7F, 0xFF, 0x02, 0xFF, 0x42,
    0xFF, 0xFE, 0xFF, 0xFC, 0x03, 0xFF, 0x0B, 0xE0, 0x00, 0x07, 0xF0, 0x03, 0xFF, 0x2F, 0x80, 0x00,
    0x1F, 0xC0, 0x07, 0xFE, 0xBE, 0x00, 0x00, 0x7F, 0x00, 0x0B, 0xFF, 0xF8, 0x00, 0x01, 0xFC, 0x00,
    0x0F, 0xFF, 0xE0, 0x00, 0x07, 0xF0, 0x00, 0x0F, 0xFF, 0x80, 0x00, 0x1F, 0xC0, 0x00, 0x1F, 0xFE,
    0x00, 0x00, 0xBF, 0x40, 0x00, 0x2F, 0xF8, 0x00, 0x3F, 0xFF, 0xD0, 0x00, 0x3F, 0xE0, 0x00, 0xFF,
    0xFF, 0x40, 0x00, 0x3F, 0x80, 0x00, 0x00, 0x00, 0x00, 0x00, 0x00, 0x00, 0x00, 0x00, 0x00, 0x00,
    0x00, 0x00, 0x3F, 0xFF, 0xFF, 0xE4, 0x00, 0x00, 0xFF, 0xFF, 0xFF, 0xFC, 0x00, 0x00, 0x7F, 0xF0,
    0x6F, 0xFC, 0x00, 0x00, 0xFF, 0x80, 0x0F, 0xF4, 0x00, 0x02, 0xFE, 0x00, 0x2F, 0xF0, 0x00, 0x0B,
    0xF8, 0x00, 0x7F, 0xC0, 0x00, 0x6F, 0xE0, 0x01, 0xFF, 0xFD, 0xBF, 0xFF, 0x80, 0x07, 0xFF, 0xF5,
    0xAB, 0xFE, 0x00, 0x2F, 0xF0, 0x00, 0x0B, 0xF8, 0x01, 0xFF, 0x40, 0x00, 0x2F, 0xE0, 0x2F, 0xF8,
    0x00, 0x00, 0xBF, 0xFF, 0xFF, 0x80, 0x00, 0x02, 0xFF, 0xFF, 0xE0, 0x00, 0x00, 0x0B, 0xF9, 0x50,
    0x00, 0x00, 0x00, 0x2F, 0xE0, 0x00, 0x00, 0x00, 0x00, 0xBF, 0x80, 0x00, 0x00, 0x00, 0x02, 0xFE,
    0x00, 0x00, 0x00, 0x00, 0x0B, 0xF8, 0x00, 0x00, 0x00, 0x00, 0x3F, 0xE0, 0x00, 0x00, 0x00, 0x00,
    0xFF, 0xC0, 0x00, 0x00, 0x00, 0x3F, 0xFF, 0xF4, 0x00, 0x00, 0x00, 0xFF, 0xFF, 0xD0, 0x00, 0x00,
    0x00, 0x00, 0x00, 0x00, 0x00, 0x00, 0x00, 0x00, 0x54, 0x00, 0x00, 0x00, 0x00, 0x01, 0xFF, 0xFF,
    0xFF, 0xD0, 0x00, 0x00, 0x00, 0x07, 0xFF, 0xFF, 0xFF, 0xF0, 0x00, 0x00, 0x00, 0x01, 0xFF, 0x80,
    0xBF, 0xE0, 0x00, 0x00, 0x00, 0x03, 0xFE, 0x00, 0xBF, 0xC0, 0x00, 0x00, 0x00, 0x0F, 0xF8, 0x00,
    0xFF, 0x80, 0x00, 0x00, 0x00, 0x3F, 0xE0, 0x03, 0xFE, 0x00, 0x6B, 0xA4, 0x00, 0xFF, 0x80, 0x0F,
    0xF8, 0x1F, 0xFF, 0xFC, 0x03, 0xFE, 0x00, 0x3F, 0xD0, 0xFF, 0xAB, 0xF0, 0x0F, 0xF8, 0x02, 0xFF,
    0x0B, 0xF0, 0x07, 0xC0, 0x3F, 0xE0, 0x2F, 0xF4, 0x3F, 0x80, 0x1F, 0x00, 0xFF, 0xFF, 0xFF, 0x40,
    0xFF, 0x40, 0x3C, 0x03, 0xFF, 0xFF, 0xF0, 0x02, 0xFF, 0xD0, 0x00, 0x0F, 0xF9, 0xFF, 0xC0, 0x03,
    0xFF, 0xF8, 0x00, 0x3F, 0xE0, 0xFF, 0x80, 0x07, 0xFF, 0xFD, 0x00, 0xFF, 0x81, 0xFF, 0x40, 0x07,
    0xFF, 0xFC, 0x03, 0xFE, 0x03, 0xFF, 0x00, 0x01, 0xFF, 0xF8, 0x0F, 0xF8, 0x03, 0xFF, 0x00, 0x00,
    0x3F, 0xF0, 0x3F, 0xE0, 0x07, 0xFF, 0x00, 0x00, 0x3F, 0xC0, 0xFF, 0x80, 0x0B, 0xFF, 0x00, 0x00,
    0xFF, 0x07, 0xFF, 0x40, 0x0B, 0xFF, 0x90, 0x07, 0xF5, 0xFF, 0xFF, 0xC0, 0x07, 0xFF, 0xFF, 0xFF,
    0x87, 0xFF, 0xFF, 0x00, 0x01, 0xFF, 0xFF, 0xF4, 0x00, 0x00, 0x00, 0x00, 0x00, 0x05, 0x50, 0x00,
    0x00, 0x00, 0x00, 0x00, 0x00, 0x00, 0x00, 0x00, 0x03, 0xFF, 0xFF, 0x00, 0x00, 0x00, 0x03, 0xFF,
    0xFC, 0x3F, 0xFF, 0xF0, 0x01, 0xFC, 0x00, 0x3F, 0xFF, 0xC0, 0x7F, 0xF5, 0x00, 0x2F, 0xD0, 0x00,
    0x7F, 0xE4, 0x03, 0xFF, 0x00, 0x03, 0xFE, 0x00, 0x03, 0xFC, 0x00, 0x1F, 0xF0, 0x00, 0x3F, 0xF0,
    0x00, 0x3F, 0x40, 0x00, 0xFF, 0x40, 0x07, 0xFF, 0x00, 0x07, 0xF0, 0x00, 0x0B, 0xF8, 0x00, 0xFF,
    0xF8, 0x00, 0xFE, 0x00, 0x00, 0x7F, 0xC0, 0x0F, 0xFF, 0xC0, 0x0F, 0xC0, 0x00, 0x03, 0xFD, 0x01,
    0xFF, 0xFC, 0x01, 0xFC, 0x00, 0x00, 0x2F, 0xE0, 0x2F, 0xAF, 0xD0, 0x2F, 0x80, 0x00, 0x01, 0xFF,
    0x03, 0xF0, 0xFE, 0x03, 0xF9, 0x59, 0x00, 0x1F, 0xF0, 0x3F, 0x0F, 0xF0, 0x3F, 0xFF, 0xE7, 0xFF,
    0xFF, 0x4B, 0xE0, 0xBF, 0x47, 0xF5, 0x54, 0x7A, 0xAB, 0xF8, 0xFC, 0x03, 0xF8, 0xFD, 0x00, 0x00,
    0x00, 0x3F, 0xCF, 0xC0, 0x3F, 0xCF, 0xC0, 0x00, 0x00, 0x02, 0xFE, 0xF8, 0x02, 0xFE, 0xF8, 0x00,
    0x00, 0x00, 0x1F, 0xFF, 0x00, 0x1F, 0xFF, 0x40, 0x00, 0x00, 0x00, 0xFF, 0xF0, 0x00, 0xFF, 0xF0,
    0x00, 0x00, 0x00, 0x0B, 0xFE, 0x00, 0x0B, 0xFE, 0x00, 0x00, 0x00, 0x00, 0x7F, 0xD0, 0x00, 0x7F,
    0xD0, 0x00, 0x00, 0x00, 0x03, 0xFC, 0x00, 0x03, 0xFC, 0x00, 0x00, 0x00, 0x00, 0x2F, 0x80, 0x00,
    0x2F, 0x80, 0x00, 0x00, 0x00, 0x00, 0x10, 0x00, 0x00, 0x00, 0x01, 0xFF, 0xF0, 0x00, 0x00, 0x07,
    0xFF, 0xC0, 0x00, 0x00, 0x00, 0xFF, 0x00, 0x00, 0x00, 0x03, 0xFC, 0x00, 0x00, 0x0F, 0xFF, 0xFF,
    0xC0, 0x00, 0x2A, 0xBF, 0xEA, 0x00, 0x00, 0x00, 0xBF, 0x00, 0x00, 0x06, 0xA7, 0xFC, 0x00, 0x03,
    0xFF, 0xFF, 0xF0, 0x00, 0x7F, 0xFF, 0xFF, 0xC0, 0x03, 0xFE, 0x01, 0xFF, 0x00, 0x2F, 0xE0, 0x02,
    0xFC, 0x00, 0xFF, 0x00, 0x0B, 0xF0, 0x03, 0xFC, 0x00, 0x2F, 0xC0, 0x0F, 0xF0, 0x00, 0xBF, 0x00,
    0x7F, 0xC0, 0x02, 0xFC, 0x00, 0xFF, 0x00, 0x0F, 0xF0, 0x03, 0xFD, 0x00, 0x3F, 0xC0, 0x0F, 0xFC,
    0x02, 0xFF, 0x00, 0x1F, 0xFE, 0xBF, 0xFC, 0x00, 0x3F, 0xFF, 0xFB, 0xFF, 0x00, 0x2F, 0xFF, 0x4F,
    0xFC, 0x00, 0x0A, 0x90, 0x15, 0x50, 0x00, 0x00, 0x00, 0x00, 0x00, 0x05, 0x55, 0x6A, 0xAA, 0x02,
    0xFF, 0xFF, 0xFF, 0xFC, 0x05, 0x55, 0x50, 0x00, 0x00, 0x00, 0x00, 0x00, 0x55, 0x40, 0x00, 0x00,
    0x02, 0xFF, 0xFF, 0xF4, 0x00, 0x02, 0xFF, 0xFF, 0xFF, 0xC0, 0x00, 0xBF, 0xF4, 0x06, 0xFC, 0x00,
    0x2F, 0xF8, 0x00, 0x0F, 0xC0, 0x03, 0xFF, 0x00, 0x00, 0xB8, 0x00, 0xBF, 0xC0, 0x00, 0x0B, 0x80,
    0x0F, 0xFC, 0x00, 0x00, 0x00, 0x01, 0xFF, 0x80, 0x00, 0x00, 0x00, 0x2F, 0xF9, 0x55, 0xA8, 0x00,
    0xBF, 0xFF, 0xFF, 0xFF, 0xC0, 0x07, 0xBF, 0xF9, 0x55, 0x40, 0x00, 0x02, 0xFF, 0x40, 0x00, 0x00,
    0x02, 0xBF, 0xFF, 0xFF, 0xFD, 0x00, 0x7F, 0xFF, 0xFF, 0xFF, 0x90, 0x01, 0x5F, 0xF8, 0x00, 0x00,
    0x00, 0x00, 0xFF, 0xC0, 0x00, 0x00, 0x00, 0x0B, 0xFC, 0x00, 0x00, 0x2C, 0x00, 0x3F, 0xF0, 0x00,
    0x03, 0xC0, 0x02, 0xFF, 0x80, 0x00, 0x7C, 0x00, 0x0B, 0xFF, 0x40, 0x5F, 0xC0, 0x00, 0x2F, 0xFF,
    0xFF, 0xFC, 0x00, 0x00, 0x2F, 0xFF, 0xFF, 0x80, 0x00, 0x00, 0x05, 0x54, 0x00, 0x00, 0x00, 0x00,
    0x00, 0x00, 0x00, 0x0F, 0xFF, 0xFC, 0x0F, 0xFF, 0xF0, 0x1F, 0xFF, 0xFC, 0x0F, 0xFF, 0xF0, 0x01,
    0xFF, 0xD0, 0x07, 0xFF, 0x50, 0x00, 0xFF, 0x80, 0x0F, 0xFC, 0x00, 0x00, 0xFF, 0x40, 0x2F, 0xE0,
    0x00, 0x00, 0xFF, 0x40, 0x7F, 0xC0, 0x00, 0x00, 0xFF, 0x40, 0xFF, 0x00, 0x00, 0x00, 0xFF, 0x42,
    0xFD, 0x00, 0x00, 0x00, 0xFF, 0x47, 0xF8, 0x00, 0x00, 0x00, 0xFF, 0x4F, 0xF0, 0x04, 0x00, 0x1A,
    0xFF, 0xFF, 0xFF, 0xFE, 0x00, 0x7F, 0xFF, 0xFF, 0xFE, 0xA9, 0x00, 0x15, 0xFF, 0x4F, 0xFC, 0x00,
    0x00, 0x00, 0xFF, 0x47, 0xFF, 0x00, 0x00, 0x00, 0xFF, 0x41, 0xFF, 0x80, 0x00, 0x00, 0xFF, 0x40,
    0xBF, 0xE0, 0x00, 0x00, 0xFF, 0x40, 0x2F, 0xF4, 0x00, 0x00, 0xFF, 0x40, 0x0F, 0xFD, 0x00, 0x00,
    0xFF, 0x80, 0x07, 0xFF, 0x40, 0x00, 0xFF, 0x80, 0x02, 0xFF, 0xE0, 0x1F, 0xFF, 0xFC, 0x0F, 0xFF,
    0xFE, 0x1F, 0xFF, 0xFC, 0x0F, 0xFF, 0xFD, 0x00, 0x00, 0x00, 0x00, 0x00, 0x00, 0x00, 0x00, 0x00,
    0x00, 0x00, 0x00, 0x2F, 0xFF, 0xFF, 0xF8, 0x00, 0x00, 0xFF, 0xFF, 0xFF, 0xFD, 0x00, 0x00, 0x2F,
    0xF0, 0x1F, 0xFC, 0x00, 0x00, 0x7F, 0xC0, 0x0F, 0xFC, 0x00, 0x01, 0xFF, 0x00, 0x1F, 0xFA, 0xE3,
    0xFF, 0xFC, 0x00, 0x3F, 0xFF, 0xCF, 0xFF, 0xF0, 0x00, 0xFF, 0x80, 0x00, 0x7F, 0xC0, 0x03, 0xFD,
    0x00, 0x5A, 0xFF, 0x00, 0x1F, 0xFF, 0xF3, 0xFF, 0xFC, 0x00, 0xFF, 0xEA, 0x45, 0x6F, 0xF0, 0x1F,
    0xFC, 0x00, 0x00, 0x7F, 0xFF, 0xFF, 0xC0, 0x00, 0x01, 0xFF, 0xFF, 0xF4, 0x00, 0x00, 0x07, 0xFD,
    0x54, 0x00, 0x00, 0x00, 0x1F, 0xF0, 0x00, 0x00, 0x00, 0x00, 0x7F, 0xC0, 0x00, 0x00, 0x00, 0x01,
    0xFF, 0x00, 0x00, 0x00, 0x00, 0x07, 0xFC, 0x00, 0x00, 0x00, 0x00, 0x1F, 0xF0, 0x00, 0x00, 0x00,
    0x00, 0xBF, 0xD0, 0x00, 0x00, 0x00, 0x3F, 0xFF, 0xFC, 0x00, 0x00, 0x00, 0xFF, 0xFF, 0xE0, 0x00,
    0x00, 0x00, 0x00, 0x00, 0x00, 0x00, 0x00, 0x00, 0x00, 0x00, 0x00, 0x00, 0x00, 0x00, 0x1D, 0x00,
    0x00, 0x00, 0x00, 0x74, 0x00, 0x00, 0x00, 0x02, 0xD0, 0x00, 0x00, 0x00, 0x0B, 0x40, 0x00, 0x00,
    0x00, 0x7E, 0x50, 0x00, 0x00, 0xBF, 0xFF, 0xFE, 0x00, 0x2F, 0xFF, 0xFF, 0xFC, 0x02, 0xFF, 0x90,
    0x07, 0xF0, 0x1F, 0xF8, 0x00, 0x0B, 0xC0, 0xFF, 0xC0, 0x00, 0x1F, 0x0B, 0xFC, 0x00, 0x00, 0x24,
    0x3F, 0xF0, 0x00, 0x00, 0x00, 0xFF, 0x80, 0x00, 0x00, 0x07, 0xFD, 0x00, 0x00, 0x00, 0x1F, 0xF4,
    0x00, 0x00, 0x00, 0x7F, 0xD0, 0x01, 0xAA, 0xA1, 0xFF, 0x40, 0x0B, 0xFF, 0xE7, 0xFD, 0x00, 0x2F,
    0xFF, 0x8F, 0xF8, 0x00, 0x02, 0xFD, 0x3F, 0xF0, 0x00, 0x07, 0xF4, 0xBF, 0xD0, 0x00, 0x0F, 0xD0,
    0xFF, 0xC0, 0x00, 0x3F, 0x41, 0xFF, 0x80, 0x01, 0xFD, 0x02, 0xFF, 0xD0, 0x0B, 0xF4, 0x01, 0xFF,
    0xFF, 0xFF, 0xD0, 0x00, 0xBF, 0xFF, 0xFE, 0x00, 0x00, 0x0B, 0x94, 0x00, 0x00, 0x00, 0x1D, 0x00,
    0x00, 0x00, 0x00, 0xB4, 0x00, 0x00, 0x00, 0x02, 0xD0, 0x00, 0x00, 0x00, 0x0B, 0x40, 0x00, 0x00,
    0x00, 0x00, 0x00, 0x00, 0x00, 0x00, 0x00, 0x00, 0x00, 0x00, 0x00, 0xF0, 0x00, 0x00, 0x00, 0x0F,
    0x00, 0x00, 0x00, 0x00, 0xF0, 0x00, 0x00, 0x00, 0x0F, 0x00, 0x00, 0x00, 0x05, 0xF5, 0x00, 0x00,
    0x1F, 0xFF, 0xFF, 0x80, 0x0B, 0xFF, 0xFF, 0xFC, 0x03, 0xFF, 0x80, 0x1F, 0xC0, 0xBF, 0xD0, 0x00,
    0x7C, 0x0F, 0xF8, 0x00, 0x07, 0xC2, 0xFF, 0x00, 0x00, 0x28, 0x3F, 0xF0, 0x00, 0x00, 0x03, 0xFE,
    0x00, 0x00, 0x00, 0x7F, 0xD0, 0x00, 0x00, 0x07, 0xFD, 0x00, 0x00, 0x00, 0x7F, 0xD0, 0x00, 0x00,
    0x07, 0xFD, 0x00, 0x00, 0x00, 0x7F, 0xD0, 0x00, 0x00, 0x03, 0xFE, 0x00, 0x00, 0x00, 0x3F, 0xF0,
    0x00, 0x00, 0x02, 0xFF, 0x00, 0x00, 0x18, 0x0F, 0xF8, 0x00, 0x03, 0xD0, 0xBF, 0xD0, 0x00, 0x3D,
    0x02, 0xFF, 0x80, 0x1B, 0xD0, 0x0B, 0xFF, 0xFF, 0xFD, 0x00, 0x1B, 0xFF, 0xFF, 0x80, 0x00, 0x07,
    0xE5, 0x00, 0x00, 0x00, 0x2C, 0x00, 0x00, 0x00, 0x02, 0xC0, 0x00, 0x00, 0x00, 0x2C, 0x00, 0x00,
    0x00, 0x03, 0xC0, 0x00, 0x00, 0x00, 0x00, 0x00, 0x00, 0x00, 0x15, 0x55, 0x6A, 0x7F, 0xFF, 0xFF,
    0xFF, 0xEF, 0xFF, 0xFF, 0xE5, 0x41, 0x40, 0x1F, 0xFC, 0x00, 0x00, 0x00, 0xFF, 0x80, 0x00, 0x00,
    0x1F, 0xF0, 0x06, 0xAA, 0xFF, 0xFF, 0xFB, 0xFF, 0xFF, 0xFF, 0xE9, 0x55, 0x00, 0x3F, 0xC0, 0x00,
    0x00, 0x1F, 0xF0, 0x00, 0x00, 0x0F, 0xF4, 0x00, 0x00, 0x6F, 0xF8, 0x00, 0xFF, 0xFF, 0xF4, 0x00,
    0x3F, 0xFF, 0xF4, 0x00, 0x00, 0x02, 0xFF, 0x00, 0x00, 0x00, 0x3F, 0xD0, 0x00, 0x00, 0x0B, 0xFC,
    0x00, 0x00, 0x00, 0xFF, 0x80, 0x00, 0x00, 0x1F, 0xF0, 0x00, 0x00, 0x03, 0xFF, 0x00, 0x00, 0x00,
    0x7F, 0xE0, 0x00, 0x00, 0x0F, 0xFF, 0x80, 0x00, 0x02, 0xFF, 0xD0, 0x01, 0xA9, 0x00, 0x00, 0x00,
    0x3F, 0xF0, 0x00, 0x00, 0x02, 0xFF, 0x00, 0x00, 0x00, 0x2F, 0xF0, 0x00, 0x00, 0x01, 0xFF, 0x00,
    0x00, 0x00, 0x1F, 0xF0, 0x00, 0x00, 0x01, 0xFE, 0x00, 0x00, 0x00, 0x1F, 0xE0, 0x00, 0x00, 0x01,
    0xFE, 0x00, 0x00, 0x05, 0xBF, 0xFF, 0xFF, 0x00, 0xBF, 0xFF, 0xFF, 0xF0, 0x01, 0x6F, 0xF0, 0x00,
    0x00, 0x01, 0xFF, 0x15, 0x50, 0x07, 0xFF, 0xFF, 0xFF, 0x40, 0x7F, 0xFF, 0xA9, 0x50, 0x00, 0x1F,
    0xE0, 0x00, 0x00, 0x01, 0xFE, 0x00, 0x00, 0x00, 0x1F, 0xE0, 0x00, 0x00, 0x01, 0xFE, 0x00, 0x02,
    0x80, 0x1F, 0xF0, 0x00, 0x7C, 0x00, 0xFF, 0x00, 0x07, 0xC0, 0x0B, 0xFD, 0x01, 0xFD, 0x00, 0x2F,
    0xFF, 0xFF, 0xD0, 0x00, 0x7F, 0xFF, 0xF8, 0x00, 0x00, 0x15, 0x50, 0x00, 0x00, 0x00, 0x18, 0x00,
    0x00, 0x00, 0x00, 0xF0, 0x00, 0x00, 0x00, 0x03, 0xC0, 0x00, 0x00, 0x00, 0x0F, 0x00, 0x00, 0x00,
    0x00, 0x7C, 0x00, 0x00, 0x00, 0xBF, 0xFF, 0x80, 0x00, 0x2F, 0xFF, 0xFF, 0xE0, 0x02, 0xFF, 0xEF,
    0xFF, 0xE0, 0x0F, 0xF0, 0x38, 0x3F, 0xC0, 0xBF, 0x40, 0xE0, 0x7F, 0x83, 0xFC, 0x07, 0x80, 0xFF,
    0x1F, 0xE0, 0x1E, 0x02, 0xFD, 0x7F, 0x80, 0x78, 0x0B, 0xF6, 0xFE, 0x01, 0xD0, 0x2F, 0xEB, 0xF8,
    0x07, 0x40, 0xBF, 0xAF, 0xE0, 0x1D, 0x02, 0xFE, 0xBF, 0x80, 0xB4, 0x0B, 0xFA, 0xFE, 0x02, 0xD0,
    0x2F, 0xEB, 0xF8, 0x0B, 0x40, 0xBF, 0xAF, 0xE0, 0x2C, 0x02, 0xFE, 0xBF, 0x80, 0xB0, 0x0B, 0xFA,
    0xFE, 0x02, 0xC0, 0x2F, 0xEB, 0xF8, 0x0F, 0x00, 0xBF, 0xBF, 0xE0, 0x18, 0x02, 0xFE, 0xFF, 0xC0,
    0x00, 0x0B, 0xFC, 0x00, 0x00, 0x00, 0x00, 0x00, 0x7F, 0xFF, 0xFF, 0xE4, 0x01, 0xFF, 0xFF, 0xFF,
    0xF8, 0x00, 0x7F, 0xE0, 0x6F, 0xF8, 0x00, 0xFF, 0x40, 0x1F, 0xF0, 0x03, 0xFD, 0x00, 0x3F, 0xE0,
    0x0F, 0xF4, 0x00, 0xBF, 0xC0, 0x3F, 0xD0, 0x02, 0xFF, 0x00, 0xFF, 0x40, 0x0B, 0xFC, 0x03, 0xFD,
    0x00, 0x3F, 0xE0, 0x0F, 0xF4, 0x02, 0xFF, 0x00, 0x3F, 0xD1, 0x7F, 0xF4, 0x00, 0xFF, 0xFF, 0xFF,
    0x00, 0x03, 0xFF, 0xFF, 0x90, 0x00, 0x0F, 0xF4, 0x00, 0x00, 0x00, 0x3F, 0xD0, 0x00, 0x00, 0x6A,
    0xFF, 0xFF, 0x00, 0x01, 0xFF, 0xFF, 0xE8, 0x00, 0x00, 0x0F, 0xF4, 0x00, 0x00, 0x00, 0x3F, 0xD0,
    0x00, 0x00, 0x00, 0xFF, 0x80, 0x00, 0x00, 0x7F, 0xFF, 0xF0, 0x00, 0x01, 0xFF, 0xFF, 0xC0, 0x00,
    0x00, 0x00, 0x00, 0x00, 0x00,
};

static const EpdGlyph system_font_16_boldGlyphs[] = {
    { 0, 0, 20, 0, 0, 0, 0 }, // 
    { 0, 0, 7, 0, 0, 0, 0 }, //  
    { 5, 27, 11, 3, 26, 34, 0 }, // !
    { 9, 9, 16, 3, 24, 21, 34 }, // "
    { 18, 21, 22, 2, 20, 95, 55 }, // #
    { 16, 33, 20, 2, 27, 132, 150 }, // $
    { 33, 26, 34, 1, 24, 215, 282 }, // %
    { 23, 24, 28, 3, 23, 138, 497 }, // &
    { 4, 9, 11, 3, 24, 9, 635 }, // '
    { 9, 32, 14, 3, 28, 72, 644 }, // (
    { 9, 32, 14, 2, 28, 72, 716 }, // )
    { 12, 12, 16, 2, 26, 36, 788 }, // *
    { 19, 18, 23, 2, 18, 86, 824 }, // +
    { 7, 10, 11, 2, 5, 18, 910 }, // ,
    { 8, 3, 12, 2, 10, 6, 928 }, // -
    { 6, 6, 11, 3, 5, 9, 934 }, // .
    { 14, 29, 14, 0, 26, 102, 943 }, // /
    { 18, 24, 22, 2, 23, 108, 1045 }, // 0
    { 14, 24, 18, 2, 23, 84, 1153 }, // 1
    { 16, 24, 21, 2, 23, 96, 1237 }, // 2
    { 14, 27, 19, 2, 23, 95, 1333 }, // 3
    { 18, 26, 21, 1, 25, 117, 1428 }, // 4
    { 14, 27, 18, 2, 23, 95, 1545 }, // 5
    { 17, 26, 21, 2, 25, 111, 1640 }, // 6
    { 16, 27, 20, 2, 23, 108, 1751 }, // 7
    { 16, 24, 21, 2, 23, 96, 1859 }, // 8
    { 17, 27, 21, 2, 23, 115, 1955 }, // 9
    { 6, 18, 10, 2, 17, 27, 2070 }, // :
    { 6, 22, 10, 2, 16, 33, 2097 }, // ;
    { 13, 19, 18, 2, 18, 62, 2130 }, // <
    { 16, 10, 24, 4, 13, 40, 2192 }, // =
    { 13, 19, 18, 2, 18, 62, 2232 }, // >
    { 13, 27, 17, 2, 26, 88, 2294 }, // ?
    { 30, 31, 35, 3, 23, 233, 2382 }, // @
    { 23, 25, 25, 1, 24, 144, 2615 }, // A
    { 19, 25, 22, 1, 24, 119, 2759 }, // B
    { 19, 25, 23, 2, 24, 119, 2878 }, // C
    { 23, 25, 26, 1, 24, 144, 2997 }, // D
    { 19, 25, 21, 1, 24, 119, 3141 }, // E
    { 18, 25, 20, 1, 24, 113, 3260 }, // F
    { 20, 25, 25, 2, 24, 125, 3373 }, // G
    { 25, 25, 27, 1, 24, 157, 3498 }, // H
    { 11, 25, 13, 1, 24, 69, 3655 }, // I
    { 10, 31, 12, 1, 24, 78, 3724 }, // J
    { 24, 25, 26, 1, 24, 150, 3802 }, // K
    { 18, 25, 20, 1, 24, 113, 3952 }, // L
    { 31, 25, 33, 1, 24, 194, 4065 }, // M
    { 25, 25, 27, 1, 24, 157, 4259 }, // N
    { 23, 25, 27, 2, 24, 144, 4416 }, // O
    { 19, 25, 21, 1, 24, 119, 4560 }, // P
    { 24, 32, 27, 2, 24, 192, 4679 }, // Q
    { 21, 25, 23, 1, 24, 132, 4871 }, // R
    { 17, 25, 20, 2, 24, 107, 5003 }, // S
    { 21, 25, 23, 1, 24, 132, 5110 }, // T
    { 25, 25, 27, 1, 24, 157, 5242 }, // U
    { 23, 24, 25, 1, 24, 138, 5399 }, // V
    { 34, 24, 36, 1, 24, 204, 5537 }, // W
    { 24, 25, 27, 1, 24, 150, 5741 }, // X
    { 23, 25, 25, 1, 24, 144, 5891 }, // Y
    { 18, 25, 22, 2, 24, 113, 6035 }, // Z
    { 8, 32, 15, 4, 28, 64, 6148 }, // [
    { 14, 29, 14, 0, 26, 102, 6212 }, // <backslash>
    { 9, 32, 15, 2, 28, 72, 6314 }, // ]
    { 20, 21, 24, 2, 24, 105, 6386 }, // ^
    { 18, 4, 22, 2, -4, 18, 6491 }, // _
    { 9, 8, 9, 0, 26, 18, 6509 }, // `
    { 17, 18, 18, 1, 17, 77, 6527 }, // a
    { 19, 27, 19, -1, 26, 129, 6604 }, // b
    { 15, 18, 17, 1, 17, 68, 6733 }, // c
    { 18, 27, 20, 1, 26, 122, 6801 }, // d
    { 16, 18, 17, 1, 17, 72, 6923 }, // e
    { 12, 27, 13, 1, 26, 81, 6995 }, // f
    { 17, 25, 18, 0, 17, 107, 7076 }, // g
    { 21, 27, 21, 0, 26, 142, 7183 }, // h
    { 10, 26, 11, 1, 25, 65, 7325 }, // i
    { 8, 33, 10, 0, 25, 66, 7390 }, // j
    { 20, 27, 21, 0, 26, 135, 7456 }, // k
    { 10, 27, 11, 0, 26, 68, 7591 }, // l
    { 30, 18, 31, 1, 17, 135, 7659 }, // m
    { 20, 18, 22, 1, 17, 90, 7794 }, // n
    { 17, 18, 19, 1, 17, 77, 7884 }, // o
    { 19, 25, 20, 0, 17, 119, 7961 }, // p
    { 18, 25, 19, 1, 17, 113, 8080 }, // q
    { 14, 18, 16, 1, 17, 63, 8193 }, // r
    { 13, 18, 15, 1, 17, 59, 8256 }, // s
    { 13, 22, 13, 0, 21, 72, 8315 }, // t
    { 20, 18, 21, 0, 17, 90, 8387 }, // u
    { 19, 17, 19, 0, 17, 81, 8477 }, // v
    { 28, 17, 28, 0, 17, 119, 8558 }, // w
    { 19, 18, 20, 1, 17, 86, 8677 }, // x
    { 20, 26, 20, 0, 17, 130, 8763 }, // y
    { 15, 18, 17, 1, 17, 68, 8893 }, // z
    { 10, 32, 14, 2, 28, 80, 8961 }, // {
    { 4, 31, 12, 4, 26, 31, 9041 }, // |
    { 10, 32, 14, 2, 28, 80, 9072 }, // }
    { 17, 6, 23, 3, 11, 26, 9152 }, // ~
    { 0, 0, 7, 0, 0, 0, 9178 }, //  
    { 5, 27, 11, 3, 17, 34, 9178 }, // ¡
    { 15, 27, 19, 2, 24, 102, 9212 }, // ¢
    { 19, 24, 23, 2, 23, 114, 9314 }, // £
    { 19, 19, 23, 2, 20, 91, 9428 }, // ¤
    { 22, 24, 26, 2, 23, 132, 9519 }, // ¥
    { 4, 31, 12, 4, 26, 31, 9651 }, // ¦
    { 15, 28, 21, 3, 24, 105, 9682 }, // §
    { 10, 5, 14, 2, 23, 13, 9787 }, // ¨
    { 25, 25, 31, 3, 24, 157, 9800 }, // ©
    { 12, 12, 13, 1, 22, 36, 9957 }, // ª
    { 14, 15, 18, 2, 16, 53, 9993 }, // «
    { 16, 9, 23, 3, 11, 36, 10046 }, // ¬
    { 8, 3, 12, 2, 10, 6, 10082 }, // ­
    { 25, 25, 31, 3, 24, 157, 10088 }, // ®
    { 11, 3, 15, 2, 22, 9, 10245 }, // ¯
    { 11, 10, 17, 3, 23, 28, 10254 }, // °
    { 16, 20, 22, 3, 19, 80, 10282 }, // ±
    { 11, 15, 13, 1, 25, 42, 10362 }, // ²
    { 10, 17, 12, 1, 25, 43, 10404 }, // ³
    { 9, 8, 9, 0, 26, 18, 10447 }, // ´
    { 20, 27, 25, 2, 17, 135, 10465 }, // µ
    { 19, 28, 23, 2, 24, 133, 10600 }, // ¶
    { 6, 6, 11, 3, 13, 9, 10733 }, // ·
    { 6, 10, 8, 1, 1, 15, 10742 }, // ¸
    { 10, 16, 12, 1, 26, 40, 10757 }, // ¹
    { 12, 12, 14, 1, 22, 36, 10797 }, // º
    { 14, 15, 18, 2, 16, 53, 10833 }, // »
    { 29, 27, 30, 0, 25, 196, 10886 }, // ¼
    { 29, 27, 30, 0, 25, 196, 11082 }, // ½
    { 29, 26, 31, 1, 24, 189, 11278 }, // ¾
    { 12, 27, 17, 2, 17, 81, 11467 }, // ¿
    { 23, 31, 25, 1, 30, 179, 11548 }, // À
    { 23, 31, 25, 1, 30, 179, 11727 }, // Á
    { 23, 31, 25, 1, 30, 179, 11906 }, // Â
    { 23, 30, 25, 1, 29, 173, 12085 }, // Ã
    { 23, 30, 25, 1, 29, 173, 12258 }, // Ä
    { 23, 32, 25, 1, 31, 184, 12431 }, // Å
    { 30, 25, 33, 1, 24, 188, 12615 }, // Æ
    { 19, 33, 23, 2, 24, 157, 12803 }, // Ç
    { 19, 32, 21, 1, 31, 152, 12960 }, // È
    { 19, 32, 21, 1, 31, 152, 13112 }, // É
    { 19, 32, 21, 1, 31, 152, 13264 }, // Ê
    { 19, 30, 21, 1, 29, 143, 13416 }, // Ë
    { 11, 32, 13, 1, 31, 88, 13559 }, // Ì
    { 11, 32, 13, 1, 31, 88, 13647 }, // Í
    { 13, 32, 13, 0, 31, 104, 13735 }, // Î
    { 11, 30, 13, 1, 29, 83, 13839 }, // Ï
    { 24, 25, 26, 0, 24, 150, 13922 }, // Ð
    { 25, 31, 27, 1, 30, 194, 14072 }, // Ñ
    { 23, 32, 27, 2, 31, 184, 14266 }, // Ò
    { 23, 32, 27, 2, 31, 184, 14450 }, // Ó
    { 23, 32, 27, 2, 31, 184, 14634 }, // Ô
    { 23, 31, 27, 2, 30, 179, 14818 }, // Õ
    { 23, 30, 27, 2, 29, 173, 14997 }, // Ö
    { 15, 15, 20, 3, 16, 57, 15170 }, // ×
    { 23, 33, 27, 2, 28, 190, 15227 }, // Ø
    { 25, 32, 27, 1, 31, 200, 15417 }, // Ù
    { 25, 32, 27, 1, 31, 200, 15617 }, // Ú
    { 25, 32, 27, 1, 31, 200, 15817 }, // Û
    { 25, 30, 27, 1, 29, 188, 16017 }, // Ü
    { 23, 32, 25, 1, 31, 184, 16205 }, // Ý
    { 19, 25, 21, 1, 24, 119, 16389 }, // Þ
    { 21, 27, 23, 1, 26, 142, 16508 }, // ß
    { 17, 27, 18, 1, 26, 115, 16650 }, // à
    { 17, 27, 18, 1, 26, 115, 16765 }, // á
    { 17, 25, 18, 1, 24, 107, 16880 }, // â
    { 17, 25, 18, 1, 24, 107, 16987 }, // ã
    { 17, 24, 18, 1, 23, 102, 17094 }, // ä
    { 17, 25, 18, 1, 24, 107, 17196 }, // å
    { 24, 18, 26, 1, 17, 108, 17303 }, // æ
    { 15, 26, 17, 1, 17, 98, 17411 }, // ç
    { 16, 27, 17, 1, 26, 108, 17509 }, // è
    { 16, 27, 17, 1, 26, 108, 17617 }, // é
    { 16, 25, 17, 1, 24, 100, 17725 }, // ê
    { 16, 24, 17, 1, 23, 96, 17825 }, // ë
    { 10, 27, 11, 1, 26, 68, 17921 }, // ì
    { 10, 27, 11, 1, 26, 68, 17989 }, // í
    { 11, 25, 11, 0, 24, 69, 18057 }, // î
    { 11, 24, 11, 0, 23, 66, 18126 }, // ï
    { 17, 27, 19, 1, 26, 115, 18192 }, // ð
    { 20, 25, 22, 1, 24, 125, 18307 }, // ñ
    { 17, 27, 19, 1, 26, 115, 18432 }, // ò
    { 17, 27, 19, 1, 26, 115, 18547 }, // ó
    { 17, 25, 19, 1, 24, 107, 18662 }, // ô
    { 17, 25, 19, 1, 24, 107, 18769 }, // õ
    { 17, 24, 19, 1, 23, 102, 18876 }, // ö
    { 17, 18, 21, 2, 17, 77, 18978 }, // ÷
    { 17, 24, 19, 1, 20, 102, 19055 }, // ø
    { 20, 27, 21, 0, 26, 135, 19157 }, // ù
    { 20, 27, 21, 0, 26, 135, 19292 }, // ú
    { 20, 25, 21, 0, 24, 125, 19427 }, // û
    { 20, 24, 21, 0, 23, 120, 19552 }, // ü
    { 20, 35, 20, 0, 26, 175, 19672 }, // ý
    { 19, 34, 19, -1, 26, 162, 19847 }, // þ
    { 20, 32, 20, 0, 23, 160, 20009 }, // ÿ
    { 23, 31, 25, 1, 30, 179, 20169 }, // Ă
    { 17, 25, 18, 1, 24, 107, 20348 }, // ă
    { 24, 25, 26, 0, 24, 150, 20455 }, // Đ
    { 19, 27, 20, 1, 26, 129, 20605 }, // đ
    { 13, 31, 13, 0, 30, 101, 20734 }, // Ĩ
    { 11, 25, 11, 0, 24, 69, 20835 }, // ĩ
    { 25, 31, 27, 1, 30, 194, 20904 }, // Ũ
    { 20, 25, 21, 0, 24, 125, 21098 }, // ũ
    { 25, 28, 28, 2, 27, 175, 21223 }, // Ơ
    { 19, 22, 19, 1, 21, 105, 21398 }, // ơ
    { 27, 30, 24, 0, 29, 203, 21503 }, // Ư
    { 21, 23, 21, 0, 22, 121, 21706 }, // ư
    { 8, 8, 0, 1, 26, 16, 21827 }, // ̀
    { 8, 8, 0, 0, 26, 16, 21843 }, // ́
    { 13, 6, 0, 0, 24, 20, 21859 }, // ̂
    { 12, 6, 0, 2, 24, 18, 21879 }, // ̃
    { 11, 3, 0, 2, 22, 9, 21897 }, // ̄
    { 11, 6, 0, 1, 24, 17, 21906 }, // ̆
    { 5, 6, 0, 1, 24, 8, 21923 }, // ̇
    { 11, 5, 0, 1, 23, 14, 21931 }, // ̈
    { 6, 7, 0, 1, 25, 11, 21945 }, // ̉
    { 7, 7, 0, 1, 24, 13, 21956 }, // ̊
    { 15, 8, 0, 0, 26, 30, 21969 }, // ̋
    { 13, 6, 0, 0, 24, 20, 21999 }, // ̌
    { 14, 7, 0, 0, 25, 25, 22019 }, // ̏
    { 11, 6, 0, 1, 23, 17, 22044 }, // ̑
    { 5, 8, 0, 1, 26, 10, 22061 }, // ̒
    { 7, 12, 8, 0, 4, 21, 22071 }, // ̡
    { 6, 6, 0, 1, -2, 9, 22092 }, // ̣
    { 11, 5, 0, 1, -1, 14, 22101 }, // ̤
    { 5, 8, 0, 1, -1, 10, 22115 }, // ̦
    { 6, 10, 0, 1, 1, 15, 22125 }, // ̧
    { 7, 9, 0, 1, 1, 16, 22140 }, // ̨
    { 11, 6, 0, 1, -1, 17, 22156 }, // ̮
    { 12, 3, 0, 2, -2, 9, 22173 }, // ̱
    { 23, 32, 25, 1, 24, 184, 22182 }, // Ạ
    { 17, 25, 18, 1, 17, 107, 22366 }, // ạ
    { 23, 32, 25, 1, 31, 184, 22473 }, // Ả
    { 17, 26, 18, 1, 25, 111, 22657 }, // ả
    { 23, 36, 25, 1, 35, 207, 22768 }, // Ấ
    { 17, 29, 18, 1, 28, 124, 22975 }, // ấ
    { 23, 37, 25, 1, 36, 213, 23099 }, // Ầ
    { 17, 30, 18, 1, 29, 128, 23312 }, // ầ
    { 23, 38, 25, 1, 37, 219, 23440 }, // Ẩ
    { 17, 31, 18, 1, 30, 132, 23659 }, // ẩ
    { 23, 35, 25, 1, 34, 202, 23791 }, // Ẫ
    { 17, 28, 18, 1, 27, 119, 23993 }, // ẫ
    { 23, 38, 25, 1, 30, 219, 24112 }, // Ậ
    { 17, 32, 18, 1, 24, 136, 24331 }, // ậ
    { 23, 35, 25, 1, 34, 202, 24467 }, // Ắ
    { 17, 28, 18, 1, 27, 119, 24669 }, // ắ
    { 23, 35, 25, 1, 34, 202, 24788 }, // Ằ
    { 17, 29, 18, 1, 28, 124, 24990 }, // ằ
    { 23, 36, 25, 1, 35, 207, 25114 }, // Ẳ
    { 17, 30, 18, 1, 29, 128, 25321 }, // ẳ
    { 23, 35, 25, 1, 34, 202, 25449 }, // Ẵ
    { 17, 28, 18, 1, 27, 119, 25651 }, // ẵ
    { 23, 38, 25, 1, 30, 219, 25770 }, // Ặ
    { 17, 32, 18, 1, 24, 136, 25989 }, // ặ
    { 19, 32, 21, 1, 24, 152, 26125 }, // Ẹ
    { 16, 25, 17, 1, 17, 100, 26277 }, // ẹ
    { 19, 33, 21, 1, 32, 157, 26377 }, // Ẻ
    { 16, 26, 17, 1, 25, 104, 26534 }, // ẻ
    { 19, 31, 21, 1, 30, 148, 26638 }, // Ẽ
    { 16, 25, 17, 1, 24, 100, 26786 }, // ẽ
    { 19, 36, 21, 1, 35, 171, 26886 }, // Ế
    { 16, 29, 17, 1, 28, 116, 27057 }, // ế
    { 19, 37, 21, 1, 36, 176, 27173 }, // Ề
    { 16, 30, 17, 1, 29, 120, 27349 }, // ề
    { 19, 38, 21, 1, 37, 181, 27469 }, // Ể
    { 16, 31, 17, 1, 30, 124, 27650 }, // ể
    { 19, 36, 21, 1, 35, 171, 27774 }, // Ễ
    { 16, 28, 17, 1, 27, 112, 27945 }, // ễ
    { 19, 39, 21, 1, 31, 186, 28057 }, // Ệ
    { 16, 32, 17, 1, 24, 128, 28243 }, // ệ
    { 11, 33, 13, 1, 32, 91, 28371 }, // Ỉ
    { 10, 26, 11, 1, 25, 65, 28462 }, // ỉ
    { 11, 32, 13, 1, 24, 88, 28527 }, // Ị
    { 10, 33, 11, 1, 25, 83, 28615 }, // ị
    { 23, 32, 27, 2, 24, 184, 28698 }, // Ọ
    { 17, 25, 19, 1, 17, 107, 28882 }, // ọ
    { 23, 32, 27, 2, 31, 184, 28989 }, // Ỏ
    { 17, 26, 19, 1, 25, 111, 29173 }, // ỏ
    { 23, 36, 27, 2, 35, 207, 29284 }, // Ố
    { 17, 29, 19, 1, 28, 124, 29491 }, // ố
    { 23, 37, 27, 2, 36, 213, 29615 }, // Ồ
    { 17, 30, 19, 1, 29, 128, 29828 }, // ồ
    { 23, 38, 27, 2, 37, 219, 29956 }, // Ổ
    { 17, 31, 19, 1, 30, 132, 30175 }, // ổ
    { 23, 36, 27, 2, 35, 207, 30307 }, // Ỗ
    { 17, 28, 19, 1, 27, 119, 30514 }, // ỗ
    { 23, 39, 27, 2, 31, 225, 30633 }, // Ộ
    { 17, 32, 19, 1, 24, 136, 30858 }, // ộ
    { 25, 32, 27, 2, 31, 200, 30994 }, // Ớ
    { 19, 27, 19, 1, 26, 129, 31194 }, // ớ
    { 25, 31, 28, 2, 30, 194, 31323 }, // Ờ
    { 19, 27, 19, 1, 26, 129, 31517 }, // ờ
    { 25, 32, 28, 2, 31, 200, 31646 }, // Ở
    { 19, 26, 19, 1, 25, 124, 31846 }, // ở
    { 25, 30, 28, 2, 29, 188, 31970 }, // Ỡ
    { 19, 25, 19, 1, 24, 119, 32158 }, // ỡ
    { 25, 35, 28, 2, 27, 219, 32277 }, // Ợ
    { 19, 29, 19, 1, 21, 138, 32496 }, // ợ
    { 25, 32, 27, 1, 24, 200, 32634 }, // Ụ
    { 20, 25, 21, 0, 17, 125, 32834 }, // ụ
    { 25, 33, 27, 1, 32, 207, 32959 }, // Ủ
    { 20, 26, 21, 0, 25, 130, 33166 }, // ủ
    { 27, 31, 24, 0, 30, 210, 33296 }, // Ứ
    { 21, 27, 21, 0, 26, 142, 33506 }, // ứ
    { 27, 31, 24, 0, 30, 210, 33648 }, // Ừ
    { 21, 27, 21, 0, 26, 142, 33858 }, // ừ
    { 27, 32, 24, 0, 31, 216, 34000 }, // Ử
    { 21, 26, 21, 0, 25, 137, 34216 }, // ử
    { 27, 30, 24, 0, 29, 203, 34353 }, // Ữ
    { 21, 25, 21, 0, 24, 132, 34556 }, // ữ
    { 27, 37, 24, 0, 29, 250, 34688 }, // Ự
    { 21, 30, 21, 0, 22, 158, 34938 }, // ự
    { 23, 32, 25, 1, 31, 184, 35096 }, // Ỳ
    { 20, 35, 20, 0, 26, 175, 35280 }, // ỳ
    { 23, 32, 25, 1, 24, 184, 35455 }, // Ỵ
    { 20, 26, 20, 0, 17, 130, 35639 }, // ỵ
    { 23, 33, 25, 1, 32, 190, 35769 }, // Ỷ
    { 20, 34, 20, 0, 25, 170, 35959 }, // ỷ
    { 23, 31, 25, 1, 30, 179, 36129 }, // Ỹ
    { 20, 33, 20, 0, 24, 165, 36308 }, // ỹ
    { 0, 0, 8, 0, 0, 0, 36473 }, //  
    { 0, 0, 3, 0, 0, 0, 36473 }, //  
    { 0, 0, 3, 0, 0, 0, 36473 }, //  
    { 0, 0, 3, 0, 0, 0, 36473 }, //  
    { 4, 35, 8, 2, 26, 35, 36473 }, // ‌
    { 9, 35, 11, 2, 26, 79, 36508 }, // ‍
    { 18, 3, 22, 2, 10, 14, 36587 }, // ‐
    { 18, 4, 22, 2, 12, 18, 36601 }, // ‒
    { 18, 3, 22, 2, 10, 14, 36619 }, // –
    { 34, 3, 38, 2, 10, 26, 36633 }, // —
    { 34, 3, 38, 2, 10, 26, 36659 }, // ―
    { 6, 11, 11, 3, 27, 17, 36685 }, // ‘
    { 7, 11, 11, 2, 26, 20, 36702 }, // ’
    { 7, 11, 11, 2, 5, 20, 36722 }, // ‚
    { 14, 11, 18, 2, 27, 39, 36742 }, // “
    { 13, 11, 18, 2, 26, 36, 36781 }, // ”
    { 13, 11, 18, 2, 5, 36, 36817 }, // „
    { 15, 26, 19, 2, 26, 98, 36853 }, // †
    { 14, 26, 20, 3, 26, 91, 36951 }, // ‡
    { 7, 7, 12, 3, 12, 13, 37042 }, // •
    { 6, 6, 11, 3, 5, 9, 37055 }, // ․
    { 12, 6, 18, 3, 5, 18, 37064 }, // ‥
    { 22, 6, 27, 3, 5, 33, 37082 }, // …
    { 46, 26, 48, 1, 24, 299, 37115 }, // ‰
    { 5, 10, 12, 4, 23, 13, 37414 }, // ′
    { 10, 10, 17, 4, 23, 25, 37427 }, // ″
    { 8, 15, 12, 2, 16, 30, 37452 }, // ‹
    { 8, 15, 12, 2, 16, 30, 37482 }, // ›
    { 17, 26, 7, -5, 24, 111, 37512 }, // ⁄
    { 18, 33, 22, 2, 27, 149, 37623 }, // ₡
    { 18, 24, 22, 2, 23, 108, 37772 }, // ₣
    { 19, 24, 23, 2, 23, 114, 37880 }, // ₤
    { 27, 24, 31, 2, 23, 162, 37994 }, // ₦
    { 23, 24, 27, 2, 23, 138, 38156 }, // ₧
    { 31, 24, 36, 2, 23, 186, 38294 }, // ₨
    { 34, 23, 38, 2, 23, 196, 38480 }, // ₩
    { 19, 28, 23, 2, 26, 133, 38676 }, // ₫
    { 22, 24, 26, 2, 23, 132, 38809 }, // €
    { 24, 24, 28, 2, 23, 144, 38941 }, // ₭
    { 23, 24, 27, 2, 23, 138, 39085 }, // ₱
    { 19, 33, 24, 2, 27, 157, 39223 }, // ₲
    { 18, 33, 22, 2, 27, 149, 39380 }, // ₵
    { 17, 23, 22, 3, 23, 98, 39529 }, // ₹
    { 18, 25, 22, 2, 24, 113, 39627 }, // ₺
    { 19, 25, 25, 3, 25, 119, 39740 }, // ₼
    { 19, 24, 23, 2, 23, 114, 39859 }, // ₽
};

static const EpdUnicodeInterval system_font_16_boldIntervals[] = {
    { 0xD, 0xD, 0x0 },
    { 0x20, 0x7E, 0x1 },
    { 0xA0, 0xFF, 0x60 },
    { 0x102, 0x103, 0xC0 },
    { 0x110, 0x111, 0xC2 },
    { 0x128, 0x129, 0xC4 },
    { 0x168, 0x169, 0xC6 },
    { 0x1A0, 0x1A1, 0xC8 },
    { 0x1AF, 0x1B0, 0xCA },
    { 0x300, 0x304, 0xCC },
    { 0x306, 0x30C, 0xD1 },
    { 0x30F, 0x30F, 0xD8 },
    { 0x311, 0x312, 0xD9 },
    { 0x321, 0x321, 0xDB },
    { 0x323, 0x324, 0xDC },
    { 0x326, 0x328, 0xDE },
    { 0x32E, 0x32E, 0xE1 },
    { 0x331, 0x331, 0xE2 },
    { 0x1EA0, 0x1EF9, 0xE3 },
    { 0x2007, 0x200A, 0x13D },
    { 0x200C, 0x200D, 0x141 },
    { 0x2010, 0x2010, 0x143 },
    { 0x2012, 0x2015, 0x144 },
    { 0x2018, 0x201A, 0x148 },
    { 0x201C, 0x201E, 0x14B },
    { 0x2020, 0x2022, 0x14E },
    { 0x2024, 0x2026, 0x151 },
    { 0x2030, 0x2030, 0x154 },
    { 0x2032, 0x2033, 0x155 },
    { 0x2039, 0x203A, 0x157 },
    { 0x2044, 0x2044, 0x159 },
    { 0x20A1, 0x20A1, 0x15A },
    { 0x20A3, 0x20A4, 0x15B },
    { 0x20A6, 0x20A9, 0x15D },
    { 0x20AB, 0x20AD, 0x161 },
    { 0x20B1, 0x20B2, 0x164 },
    { 0x20B5, 0x20B5, 0x166 },
    { 0x20B9, 0x20BA, 0x167 },
    { 0x20BC, 0x20BD, 0x169 },
};

static const EpdFontData system_font_16_bold = {
    system_font_16_boldBitmaps,
    system_font_16_boldGlyphs,
    system_font_16_boldIntervals,
    39,
    39,
    32,
    -8,
    true,
};
