/**
 * generated by fontconvert.py
 * name: system_font_14_regular
 * size: 14
 * mode: 2-bit
 * Command used: fontconvert.py system_font_14_regular 14 ../builtinFonts/source/Andada_Pro/AndadaPro-Regular.ttf --2bit
 */
#pragma once
#include "EpdFontData.h"

static const uint8_t system_font_14_regularBitmaps[29426] = {
    0x14, 0xBC, 0xBC, 0xBC, 0xBC, 0xBC, 0xBC, 0xB8, 0xB8, 0xB8, 0xB8, 0xB8, 0xB8, 0x78, 0x78, 0x78,
    0x64, 0x00, 0x00, 0x10, 0xBC, 0xFD, 0xBC, 0x10, 0x64, 0x66, 0xE2, 0xEB, 0x47, 0x5D, 0x1D, 0x74,
    0x75, 0xD1, 0xD7, 0x07, 0x44, 0x04, 0x00, 0x18, 0x06, 0x00, 0x00, 0x2C, 0x0B, 0x00, 0x00, 0x2C,
    0x0B, 0x00, 0x00, 0x3C, 0x0F, 0x00, 0x00, 0x38, 0x0E, 0x00, 0x3F, 0xFF, 0xFF, 0xFC, 0x3F, 0xFF,
    0xFF, 0xFC, 0x00, 0xB4, 0x2D, 0x00, 0x00, 0xB0, 0x2C, 0x00, 0x00, 0xF0, 0x3C, 0x00, 0x15, 0xF5,
    0x7D, 0x54, 0xFF, 0xFF, 0xFF, 0xF8, 0x6A, 0xFA, 0xBE, 0xA4, 0x01, 0xD0, 0x74, 0x00, 0x02, 0xC0,
    0xB0, 0x00, 0x03, 0xC0, 0xF0, 0x00, 0x03, 0xC0, 0xF0, 0x00, 0x00, 0x40, 0x10, 0x00, 0x00, 0x09,
    0x00, 0x00, 0x03, 0x40, 0x00, 0x00, 0xD0, 0x00, 0x00, 0x34, 0x00, 0x00, 0x6E, 0x90, 0x02, 0xFF,
    0xFF, 0x81, 0xF4, 0x02, 0xE0, 0xF8, 0x00, 0x38, 0x3D, 0x00, 0x0D, 0x0F, 0x80, 0x00, 0x03, 0xF0,
    0x00, 0x00, 0xBF, 0x80, 0x00, 0x0B, 0xFD, 0x00, 0x00, 0x7F, 0xF4, 0x00, 0x02, 0xFF, 0x80, 0x00,
    0x0B, 0xF8, 0x00, 0x00, 0x7F, 0x00, 0x00, 0x0B, 0xD7, 0x80, 0x01, 0xF5, 0xE0, 0x00, 0x7D, 0x78,
    0x00, 0x3F, 0x2F, 0x94, 0x7F, 0x42, 0xFF, 0xFE, 0x00, 0x01, 0xF4, 0x00, 0x00, 0x28, 0x00, 0x00,
    0x0E, 0x00, 0x00, 0x03, 0x40, 0x00, 0x00, 0x40, 0x00, 0x00, 0x00, 0x00, 0x00, 0x00, 0x00, 0x00,
    0x05, 0x40, 0x00, 0x00, 0x0D, 0x00, 0x00, 0xFF, 0xD0, 0x00, 0x00, 0x78, 0x00, 0x0F, 0x83, 0xD0,
    0x00, 0x03, 0xC0, 0x00, 0x3C, 0x07, 0xC0, 0x00, 0x2D, 0x00, 0x02, 0xF0, 0x1F, 0x00, 0x00, 0xE0,
    0x00, 0x0B, 0x80, 0x3C, 0x00, 0x0F, 0x00, 0x00, 0x2E, 0x00, 0xF4, 0x00, 0x78, 0x00, 0x00, 0xB8,
    0x03, 0xC0, 0x03, 0xC0, 0x00, 0x02, 0xF0, 0x1F, 0x00, 0x2D, 0x00, 0x00, 0x03, 0xC0, 0xBC, 0x00,
    0xF0, 0x06, 0xA0, 0x0F, 0x83, 0xD0, 0x0B, 0x00, 0xBE, 0xF0, 0x0F, 0xFD, 0x00, 0x78, 0x07, 0xC1,
    0xF0, 0x05, 0x40, 0x03, 0xC0, 0x3D, 0x03, 0xD0, 0x00, 0x00, 0x1D, 0x00, 0xF0, 0x0F, 0x80, 0x00,
    0x00, 0xF0, 0x03, 0xC0, 0x2E, 0x00, 0x00, 0x0B, 0x40, 0x0F, 0x00, 0xB8, 0x00, 0x00, 0x78, 0x00,
    0x3C, 0x02, 0xE0, 0x00, 0x03, 0xC0, 0x00, 0xF4, 0x0F, 0x40, 0x00, 0x1E, 0x00, 0x02, 0xE0, 0x3C,
    0x00, 0x00, 0xF0, 0x00, 0x03, 0xD2, 0xE0, 0x00, 0x0B, 0x40, 0x00, 0x03, 0xFE, 0x00, 0x00, 0x3C,
    0x00, 0x00, 0x00, 0x00, 0x00, 0x00, 0x00, 0x00, 0x00, 0x00, 0x00, 0x00, 0x01, 0x40, 0x00, 0x00,
    0x00, 0x7F, 0xFF, 0x40, 0x00, 0x01, 0xF4, 0x0B, 0x80, 0x00, 0x03, 0xE0, 0x07, 0x80, 0x00, 0x03,
    0xD0, 0x03, 0x40, 0x00, 0x03, 0xD0, 0x02, 0x00, 0x00, 0x02, 0xE0, 0x00, 0x00, 0x00, 0x01, 0xF4,
    0x00, 0x00, 0x00, 0x00, 0xFC, 0x02, 0xAA, 0xA0, 0x02, 0xFF, 0x02, 0xFF, 0xF0, 0x0B, 0xCF, 0xC0,
    0x2E, 0x00, 0x1F, 0x03, 0xF0, 0x1E, 0x00, 0x3E, 0x00, 0xFC, 0x1E, 0x00, 0x3D, 0x00, 0x3F, 0x1D,
    0x00, 0x3C, 0x00, 0x0F, 0xED, 0x00, 0x3D, 0x00, 0x03, 0xFC, 0x00, 0x3F, 0x00, 0x00, 0xFC, 0x00,
    0x1F, 0x40, 0x02, 0xFF, 0x00, 0x07, 0xF5, 0x6F, 0x8F, 0xE9, 0x01, 0xFF, 0xFD, 0x03, 0xFD, 0x00,
    0x01, 0x00, 0x00, 0x00, 0x66, 0xEB, 0x5D, 0x75, 0xD7, 0x04, 0x00, 0x24, 0x01, 0xC0, 0x1E, 0x00,
    0xF0, 0x0B, 0x80, 0x3C, 0x02, 0xF0, 0x0F, 0x80, 0x7D, 0x02, 0xF0, 0x0B, 0xC0, 0x3F, 0x00, 0xFC,
    0x03, 0xF0, 0x0F, 0xC0, 0x3F, 0x00, 0xBC, 0x02, 0xF0, 0x07, 0xD0, 0x0F, 0x80, 0x2F, 0x00, 0x3C,
    0x00, 0xB8, 0x00, 0xF0, 0x01, 0xD0, 0x02, 0xC0, 0x02, 0x40, 0x00, 0x20, 0x00, 0x38, 0x00, 0x1D,
    0x00, 0x0F, 0x00, 0x07, 0x80, 0x03, 0xC0, 0x02, 0xE0, 0x01, 0xF0, 0x00, 0xF4, 0x00, 0xF8, 0x00,
    0xFC, 0x00, 0xBC, 0x00, 0xBC, 0x00, 0xBC, 0x00, 0xBC, 0x00, 0xBC, 0x00, 0xFC, 0x00, 0xF8, 0x00,
    0xF4, 0x01, 0xF0, 0x02, 0xF0, 0x03, 0xD0, 0x07, 0xC0, 0x0F, 0x00, 0x1D, 0x00, 0x38, 0x00, 0x30,
    0x00, 0x00, 0x00, 0x00, 0x00, 0x00, 0x03, 0xC0, 0x00, 0x0F, 0x00, 0x04, 0x2C, 0x04, 0xBE, 0xF7,
    0xF1, 0xBF, 0xFE, 0x40, 0x2F, 0xC0, 0x01, 0xF7, 0x80, 0x0F, 0x0B, 0x80, 0x74, 0x0F, 0x00, 0x00,
    0x00, 0x00, 0x00, 0x03, 0xC0, 0x00, 0x00, 0x03, 0xC0, 0x00, 0x00, 0x03, 0xC0, 0x00, 0x00, 0x03,
    0xC0, 0x00, 0x00, 0x03, 0xC0, 0x00, 0x00, 0x03, 0xC0, 0x00, 0x2A, 0xAB, 0xEA, 0xA9, 0x7F, 0xFF,
    0xFF, 0xFE, 0x2A, 0xAB, 0xE5, 0x55, 0x00, 0x03, 0xC0, 0x00, 0x00, 0x03, 0xC0, 0x00, 0x00, 0x03,
    0xC0, 0x00, 0x00, 0x03, 0xC0, 0x00, 0x00, 0x03, 0xD0, 0x00, 0x00, 0x03, 0xD0, 0x00, 0x0A, 0x0B,
    0xD3, 0xF8, 0x7E, 0x07, 0x42, 0xC1, 0xE0, 0xE0, 0x00, 0x00, 0x55, 0x53, 0xFF, 0xE5, 0x55, 0x00,
    0x28, 0xFE, 0xFE, 0xBD, 0x00, 0x00, 0x00, 0x04, 0x00, 0x00, 0x3C, 0x00, 0x00, 0x3C, 0x00, 0x00,
    0xB4, 0x00, 0x00, 0xF0, 0x00, 0x01, 0xE0, 0x00, 0x02, 0xD0, 0x00, 0x03, 0xC0, 0x00, 0x07, 0x80,
    0x00, 0x0F, 0x00, 0x00, 0x0F, 0x00, 0x00, 0x2D, 0x00, 0x00, 0x3C, 0x00, 0x00, 0x78, 0x00, 0x00,
    0xB4, 0x00, 0x00, 0xF0, 0x00, 0x01, 0xE0, 0x00, 0x03, 0xC0, 0x00, 0x03, 0x80, 0x00, 0x0B, 0x40,
    0x00, 0x0F, 0x00, 0x00, 0x1E, 0x00, 0x00, 0x3C, 0x00, 0x00, 0x3C, 0x00, 0x00, 0x24, 0x00, 0x00,
    0x00, 0x01, 0x00, 0x00, 0x02, 0xFF, 0xE0, 0x00, 0x3F, 0x57, 0xF0, 0x03, 0xF0, 0x03, 0xE0, 0x1F,
    0x40, 0x07, 0xD0, 0xBC, 0x00, 0x0F, 0x83, 0xE0, 0x00, 0x2F, 0x0F, 0x40, 0x00, 0x7C, 0x7D, 0x00,
    0x01, 0xF5, 0xF4, 0x00, 0x07, 0xD7, 0xC0, 0x00, 0x1F, 0x5F, 0x40, 0x00, 0x7D, 0x7D, 0x00, 0x01,
    0xF4, 0xF4, 0x00, 0x07, 0xC3, 0xE0, 0x00, 0x2F, 0x0B, 0xC0, 0x00, 0xF8, 0x1F, 0x40, 0x07, 0xD0,
    0x3F, 0x00, 0x3E, 0x00, 0x3F, 0x9B, 0xF0, 0x00, 0x2F, 0xFE, 0x00, 0x00, 0x01, 0x00, 0x00, 0x00,
    0x05, 0x00, 0x00, 0x2F, 0x00, 0x00, 0xBF, 0x00, 0x03, 0xFF, 0x00, 0x1F, 0xFF, 0x00, 0x3D, 0x1F,
    0x00, 0x00, 0x1F, 0x00, 0x00, 0x1F, 0x00, 0x00, 0x1F, 0x00, 0x00, 0x1F, 0x00, 0x00, 0x1F, 0x00,
    0x00, 0x1F, 0x00, 0x00, 0x1F, 0x00, 0x00, 0x1F, 0x00, 0x00, 0x1F, 0x00, 0x00, 0x1F, 0x00, 0x00,
    0x1F, 0x00, 0x00, 0x2F, 0x00, 0x06, 0xBF, 0xA8, 0x2F, 0xFF, 0xFC, 0x00, 0x00, 0x00, 0x00, 0x14,
    0x00, 0x0B, 0xFF, 0xF8, 0x03, 0xE4, 0x6F, 0xC0, 0xF0, 0x01, 0xF8, 0x38, 0x00, 0x3F, 0x0E, 0x00,
    0x0B, 0xC0, 0x00, 0x03, 0xF0, 0x00, 0x00, 0xF8, 0x00, 0x00, 0x7C, 0x00, 0x00, 0x3E, 0x00, 0x00,
    0x3F, 0x00, 0x00, 0x2F, 0x00, 0x00, 0x2F, 0x40, 0x00, 0x2F, 0x40, 0x00, 0x1F, 0x40, 0x00, 0x1F,
    0x40, 0x05, 0x1F, 0x00, 0x03, 0x9F, 0x00, 0x01, 0xEF, 0xFF, 0xFF, 0xFA, 0xFF, 0xFF, 0xFD, 0x00,
    0x00, 0x00, 0x00, 0x00, 0x54, 0x00, 0x0B, 0xFF, 0xF4, 0x03, 0xE4, 0x7F, 0x40, 0xF0, 0x03, 0xF0,
    0x3C, 0x00, 0x7C, 0x06, 0x00, 0x1F, 0x40, 0x00, 0x07, 0xC0, 0x00, 0x02, 0xF0, 0x00, 0x01, 0xF0,
    0x00, 0x06, 0xF0, 0x00, 0x3F, 0xF8, 0x00, 0x06, 0xAF, 0xD0, 0x00, 0x00, 0xBD, 0x00, 0x00, 0x0F,
    0xC0, 0x00, 0x02, 0xF0, 0x00, 0x00, 0xBC, 0x00, 0x00, 0x3F, 0x00, 0x00, 0x1F, 0x80, 0x00, 0x1F,
    0xC0, 0x00, 0x2F, 0xC0, 0x00, 0xBF, 0x80, 0x0B, 0xFE, 0x00, 0x03, 0xE4, 0x00, 0x00, 0x00, 0x00,
    0x00, 0x00, 0x00, 0x01, 0x00, 0x00, 0x00, 0x2E, 0x00, 0x00, 0x01, 0xF8, 0x00, 0x00, 0x0F, 0x80,
    0x00, 0x00, 0xF8, 0x00, 0x00, 0x0B, 0xC0, 0x00, 0x00, 0x7C, 0x00, 0x00, 0x03, 0xD0, 0x00, 0x00,
    0x2E, 0x00, 0x00, 0x01, 0xF0, 0x00, 0x00, 0x0F, 0x41, 0xE0, 0x00, 0xF8, 0x07, 0x80, 0x0B, 0xC0,
    0x1E, 0x00, 0x7D, 0x00, 0x78, 0x03, 0xF5, 0x56, 0xFA, 0x4B, 0xFF, 0xFF, 0xFD, 0x00, 0x00, 0x1E,
    0x00, 0x00, 0x00, 0x78, 0x00, 0x00, 0x01, 0xE0, 0x00, 0x00, 0x0B, 0xC0, 0x00, 0x01, 0xBF, 0xA0,
    0x00, 0x2F, 0xFF, 0xC0, 0x00, 0x00, 0x00, 0x00, 0x00, 0x00, 0x10, 0x3F, 0xFF, 0xF8, 0x3F, 0xFF,
    0xA4, 0x38, 0x00, 0x00, 0x38, 0x00, 0x00, 0x38, 0x00, 0x00, 0x78, 0x00, 0x00, 0x74, 0x00, 0x00,
    0x74, 0x00, 0x00, 0x79, 0xA4, 0x00, 0x7F, 0xFF, 0xC0, 0x25, 0x5B, 0xF4, 0x00, 0x01, 0xFC, 0x00,
    0x00, 0xBC, 0x00, 0x00, 0x7D, 0x00, 0x00, 0x7D, 0x00, 0x00, 0x7C, 0x00, 0x00, 0xFC, 0x00, 0x02,
    0xF4, 0x00, 0x0B, 0xD0, 0x00, 0xBF, 0x40, 0x6F, 0xF8, 0x00, 0xBE, 0x40, 0x00, 0x00, 0x00, 0x00,
    0x00, 0x00, 0x02, 0x80, 0x00, 0x07, 0xFC, 0x00, 0x03, 0xF8, 0x00, 0x01, 0xF8, 0x00, 0x00, 0x7D,
    0x00, 0x00, 0x1F, 0x40, 0x00, 0x03, 0xE0, 0x00, 0x00, 0xBC, 0x00, 0x00, 0x0F, 0x40, 0x00, 0x02,
    0xF0, 0x00, 0x00, 0x3E, 0x1A, 0x90, 0x03, 0xD3, 0xFF, 0xD0, 0x7C, 0x00, 0x2F, 0x4B, 0xC0, 0x00,
    0xFC, 0xBC, 0x00, 0x07, 0xDB, 0xC0, 0x00, 0x3D, 0x7C, 0x00, 0x03, 0xD7, 0xD0, 0x00, 0x7D, 0x3F,
    0x00, 0x0B, 0xC1, 0xF4, 0x01, 0xF4, 0x0B, 0xE5, 0xBE, 0x00, 0x1F, 0xFF, 0x40, 0x00, 0x05, 0x00,
    0x00, 0x00, 0x00, 0x00, 0x2F, 0xFF, 0xFF, 0xDF, 0xFF, 0xFF, 0xF7, 0xC0, 0x00, 0xBC, 0xE0, 0x00,
    0x3E, 0x14, 0x00, 0x0F, 0x00, 0x00, 0x07, 0x80, 0x00, 0x02, 0xD0, 0x00, 0x00, 0xF0, 0x00, 0x00,
    0x78, 0x00, 0x00, 0x3C, 0x00, 0x00, 0x1F, 0x00, 0x00, 0x0B, 0x40, 0x00, 0x03, 0xC0, 0x00, 0x02,
    0xE0, 0x00, 0x00, 0xF0, 0x00, 0x00, 0x7C, 0x00, 0x00, 0x3D, 0x00, 0x00, 0x1F, 0x00, 0x00, 0x0B,
    0x80, 0x00, 0x03, 0xD0, 0x00, 0x02, 0xF0, 0x00, 0x00, 0x74, 0x00, 0x00, 0x00, 0x00, 0x00, 0x00,
    0xBF, 0x90, 0x00, 0x7E, 0x5F, 0x80, 0x1F, 0x40, 0x3E, 0x03, 0xE0, 0x00, 0xF0, 0x3D, 0x00, 0x0F,
    0x43, 0xD0, 0x00, 0xF4, 0x3F, 0x00, 0x1F, 0x01, 0xF8, 0x03, 0xD0, 0x07, 0xF4, 0xB8, 0x00, 0x0F,
    0xFD, 0x00, 0x01, 0xFF, 0xE0, 0x00, 0xB8, 0x1F, 0xD0, 0x2F, 0x00, 0x3F, 0x07, 0xC0, 0x00, 0xF8,
    0xBC, 0x00, 0x0B, 0xCB, 0xC0, 0x00, 0x7C, 0xBC, 0x00, 0x0B, 0xC3, 0xE0, 0x00, 0xF8, 0x1F, 0x80,
    0x7E, 0x00, 0x2F, 0xFF, 0x40, 0x00, 0x05, 0x00, 0x00, 0x00, 0x04, 0x00, 0x00, 0x2F, 0xFE, 0x00,
    0x0F, 0xD5, 0xFC, 0x03, 0xE0, 0x03, 0xF0, 0x7C, 0x00, 0x1F, 0x8F, 0xC0, 0x00, 0xFC, 0xF8, 0x00,
    0x0B, 0xCF, 0xC0, 0x00, 0x7C, 0xBC, 0x00, 0x07, 0xC7, 0xE0, 0x00, 0x7C, 0x2F, 0x80, 0x0B, 0xC0,
    0xBF, 0xF8, 0xBC, 0x00, 0xAA, 0x0F, 0x80, 0x00, 0x01, 0xF4, 0x00, 0x00, 0x2F, 0x00, 0x00, 0x03,
    0xE0, 0x00, 0x00, 0xFC, 0x00, 0x00, 0x2F, 0x40, 0x00, 0x0B, 0xE0, 0x00, 0x02, 0xF8, 0x00, 0x01,
    0xFD, 0x00, 0x02, 0xFE, 0x00, 0x00, 0x3D, 0x00, 0x00, 0x00, 0x00, 0x00, 0x00, 0x28, 0x7E, 0x7F,
    0x3D, 0x00, 0x00, 0x00, 0x00, 0x00, 0x00, 0x14, 0x7E, 0x7F, 0x3E, 0x00, 0x19, 0x0F, 0xC3, 0xF0,
    0xB8, 0x00, 0x00, 0x00, 0x00, 0x00, 0x00, 0x00, 0x01, 0x90, 0xFC, 0x3F, 0x4F, 0xD0, 0xF0, 0x3C,
    0x2C, 0x2D, 0x00, 0x00, 0x00, 0x00, 0x60, 0x00, 0x07, 0xE0, 0x00, 0xBE, 0x00, 0x0B, 0xD0, 0x00,
    0xBD, 0x00, 0x0F, 0xC0, 0x00, 0xF8, 0x00, 0x0F, 0x80, 0x00, 0x2F, 0x00, 0x00, 0x2F, 0x40, 0x00,
    0x1F, 0x80, 0x00, 0x1F, 0x80, 0x00, 0x0F, 0xC0, 0x00, 0x0F, 0xD0, 0x00, 0x0B, 0x40, 0x00, 0x00,
    0x3F, 0xFF, 0xFF, 0xF0, 0xFF, 0xFF, 0xFF, 0xC0, 0x00, 0x00, 0x00, 0x00, 0x00, 0x00, 0x00, 0x00,
    0x00, 0x00, 0x00, 0x55, 0x55, 0x55, 0x83, 0xFF, 0xFF, 0xFF, 0x05, 0x55, 0x55, 0x54, 0x18, 0x00,
    0x00, 0x3F, 0x00, 0x00, 0x0F, 0xC0, 0x00, 0x03, 0xF4, 0x00, 0x00, 0xBD, 0x00, 0x00, 0x1F, 0x40,
    0x00, 0x07, 0xE0, 0x00, 0x00, 0xF8, 0x00, 0x02, 0xF4, 0x00, 0x0F, 0xC0, 0x00, 0x3F, 0x00, 0x01,
    0xF8, 0x00, 0x0B, 0xE0, 0x00, 0x2F, 0x40, 0x00, 0x2D, 0x00, 0x00, 0x00, 0x00, 0x00, 0x01, 0x50,
    0x01, 0xFF, 0xF8, 0x07, 0x95, 0xFC, 0x1D, 0x00, 0xF8, 0x74, 0x02, 0xF0, 0x80, 0x07, 0xD0, 0x00,
    0x0F, 0x40, 0x00, 0x7D, 0x00, 0x02, 0xF0, 0x00, 0x0F, 0xC0, 0x00, 0xFC, 0x03, 0xFF, 0xC0, 0x1F,
    0xE4, 0x00, 0x78, 0x00, 0x01, 0xE0, 0x00, 0x07, 0x80, 0x00, 0x1A, 0x00, 0x00, 0x00, 0x00, 0x00,
    0x00, 0x00, 0x01, 0x00, 0x00, 0x3F, 0x00, 0x00, 0xFC, 0x00, 0x03, 0xF0, 0x00, 0x01, 0x00, 0x00,
    0x00, 0x00, 0x05, 0x54, 0x00, 0x00, 0x00, 0x01, 0xBF, 0xFF, 0xF8, 0x00, 0x00, 0x03, 0xF8, 0x00,
    0x1B, 0xE0, 0x00, 0x07, 0xE0, 0x00, 0x00, 0x3F, 0x00, 0x03, 0xE0, 0x00, 0x00, 0x03, 0xF0, 0x03,
    0xE0, 0x06, 0xAA, 0x00, 0x3E, 0x01, 0xF0, 0x1F, 0xFF, 0xF4, 0x07, 0xC0, 0xF8, 0x03, 0xC0, 0x2F,
    0x00, 0xF4, 0x7D, 0x00, 0xE0, 0x03, 0xD0, 0x2F, 0x2F, 0x00, 0x38, 0x00, 0xB8, 0x07, 0xCB, 0xC0,
    0x00, 0x00, 0x2E, 0x00, 0xF3, 0xE0, 0x00, 0x00, 0x0B, 0x80, 0x3C, 0xF8, 0x00, 0x01, 0xAF, 0xE0,
    0x0F, 0x3E, 0x00, 0x1F, 0xFE, 0xB8, 0x07, 0xCF, 0x80, 0x2F, 0x40, 0x2E, 0x02, 0xE3, 0xE0, 0x0F,
    0x40, 0x0B, 0x80, 0xF0, 0xBC, 0x03, 0xD0, 0x03, 0xE0, 0x38, 0x1F, 0x00, 0xF8, 0x03, 0xFC, 0x3C,
    0x03, 0xD0, 0x2F, 0x9B, 0xDF, 0x78, 0x00, 0xFC, 0x02, 0xFF, 0x83, 0xE0, 0x00, 0x1F, 0x40, 0x05,
    0x00, 0x00, 0x00, 0x03, 0xF0, 0x00, 0x00, 0x00, 0x00, 0x00, 0x3F, 0x00, 0x00, 0x00, 0x00, 0x00,
    0x03, 0xF8, 0x00, 0x01, 0x80, 0x00, 0x00, 0x2F, 0xFA, 0xAF, 0xE0, 0x00, 0x00, 0x00, 0xBF, 0xFE,
    0x40, 0x00, 0x00, 0x00, 0x00, 0x00, 0x00, 0x00, 0x00, 0x00, 0x00, 0x64, 0x00, 0x00, 0x00, 0x00,
    0xBC, 0x00, 0x00, 0x00, 0x00, 0xFC, 0x00, 0x00, 0x00, 0x01, 0xFE, 0x00, 0x00, 0x00, 0x02, 0xFF,
    0x00, 0x00, 0x00, 0x03, 0xDF, 0x00, 0x00, 0x00, 0x07, 0x8F, 0x80, 0x00, 0x00, 0x0B, 0x4B, 0xC0,
    0x00, 0x00, 0x0F, 0x07, 0xD0, 0x00, 0x00, 0x1E, 0x03, 0xE0, 0x00, 0x00, 0x2D, 0x02, 0xF0, 0x00,
    0x00, 0x3C, 0x00, 0xF4, 0x00, 0x00, 0x7C, 0x00, 0xFC, 0x00, 0x00, 0xBF, 0xFF, 0xFC, 0x00, 0x00,
    0xF5, 0x55, 0x7E, 0x00, 0x00, 0xF0, 0x00, 0x3F, 0x00, 0x02, 0xD0, 0x00, 0x1F, 0x40, 0x03, 0xC0,
    0x00, 0x0F, 0x80, 0x07, 0xC0, 0x00, 0x0F, 0xC0, 0x2F, 0xF8, 0x00, 0x6F, 0xF8, 0xBF, 0xFC, 0x00,
    0xFF, 0xFC, 0x00, 0x00, 0x00, 0x00, 0x00, 0x2A, 0xAA, 0xA8, 0x00, 0x3F, 0xFF, 0xFF, 0x80, 0x03,
    0xF0, 0x07, 0xE0, 0x03, 0xF0, 0x02, 0xF0, 0x03, 0xF0, 0x00, 0xF4, 0x03, 0xE0, 0x00, 0xF4, 0x03,
    0xE0, 0x00, 0xF4, 0x03, 0xE0, 0x02, 0xF0, 0x03, 0xE0, 0x07, 0xD0, 0x03, 0xE1, 0xBF, 0x40, 0x03,
    0xE2, 0xFD, 0x00, 0x03, 0xE0, 0x1F, 0xD0, 0x03, 0xE0, 0x02, 0xF4, 0x03, 0xE0, 0x00, 0xFC, 0x03,
    0xE0, 0x00, 0xBD, 0x03, 0xE0, 0x00, 0x7D, 0x03, 0xE0, 0x00, 0xBD, 0x03, 0xF0, 0x00, 0xFC, 0x03,
    0xF0, 0x02, 0xF8, 0x1B, 0xFA, 0xAF, 0xF0, 0x7F, 0xFF, 0xFF, 0x40, 0x00, 0x00, 0x00, 0x00, 0x00,
    0x1B, 0xFF, 0x90, 0x00, 0xFF, 0xAB, 0xFD, 0x03, 0xF4, 0x00, 0x3C, 0x0F, 0xC0, 0x00, 0x2C, 0x2F,
    0x40, 0x00, 0x2C, 0x3F, 0x00, 0x00, 0x00, 0x7E, 0x00, 0x00, 0x00, 0xBD, 0x00, 0x00, 0x00, 0xBC,
    0x00, 0x00, 0x00, 0xFC, 0x00, 0x00, 0x00, 0xFC, 0x00, 0x00, 0x00, 0xFC, 0x00, 0x00, 0x00, 0xFC,
    0x00, 0x00, 0x00, 0xBC, 0x00, 0x00, 0x00, 0x7D, 0x00, 0x00, 0x00, 0x3E, 0x00, 0x00, 0x00, 0x3F,
    0x00, 0x00, 0x1D, 0x0F, 0xC0, 0x00, 0x1D, 0x0B, 0xE0, 0x00, 0x2E, 0x02, 0xFD, 0x05, 0xBE, 0x00,
    0x7F, 0xFF, 0xF9, 0x00, 0x01, 0x55, 0x00, 0x2A, 0xAA, 0xAA, 0x40, 0x00, 0x3F, 0xFF, 0xFF, 0xF4,
    0x00, 0x03, 0xF0, 0x01, 0xBF, 0x00, 0x03, 0xF0, 0x00, 0x1F, 0xC0, 0x03, 0xF0, 0x00, 0x07, 0xE0,
    0x03, 0xE0, 0x00, 0x03, 0xF0, 0x03, 0xE0, 0x00, 0x01, 0xF8, 0x03, 0xE0, 0x00, 0x00, 0xFC, 0x03,
    0xE0, 0x00, 0x00, 0xFC, 0x03, 0xE0, 0x00, 0x00, 0xBC, 0x03, 0xE0, 0x00, 0x00, 0xBC, 0x03, 0xE0,
    0x00, 0x00, 0xBC, 0x03, 0xE0, 0x00, 0x00, 0xBC, 0x03, 0xE0, 0x00, 0x00, 0xFC, 0x03, 0xE0, 0x00,
    0x00, 0xF8, 0x03, 0xE0, 0x00, 0x02, 0xF0, 0x03, 0xE0, 0x00, 0x03, 0xE0, 0x03, 0xF0, 0x00, 0x0F,
    0xC0, 0x03, 0xF0, 0x00, 0x7F, 0x00, 0x1B, 0xFA, 0xAB, 0xFC, 0x00, 0x7F, 0xFF, 0xFF, 0x90, 0x00,
    0x00, 0x00, 0x00, 0x00, 0x00, 0x2A, 0xAA, 0xAA, 0xA4, 0x3F, 0xFF, 0xFF, 0xF8, 0x03, 0xF0, 0x00,
    0xB8, 0x03, 0xF0, 0x00, 0x38, 0x03, 0xF0, 0x00, 0x24, 0x03, 0xE0, 0x00, 0x00, 0x03, 0xE0, 0x00,
    0x00, 0x03, 0xE0, 0x02, 0x40, 0x03, 0xE0, 0x03, 0x80, 0x03, 0xFA, 0xAB, 0x80, 0x03, 0xFF, 0xFF,
    0x80, 0x03, 0xF0, 0x03, 0x80, 0x03, 0xE0, 0x03, 0x80, 0x03, 0xE0, 0x00, 0x00, 0x03, 0xE0, 0x00,
    0x00, 0x03, 0xE0, 0x00, 0x00, 0x03, 0xE0, 0x00, 0x1D, 0x03, 0xF0, 0x00, 0x2D, 0x03, 0xF0, 0x00,
    0x3C, 0x1B, 0xFA, 0xAA, 0xFC, 0x7F, 0xFF, 0xFF, 0xFC, 0x00, 0x00, 0x00, 0x00, 0x2A, 0xAA, 0xAA,
    0xA4, 0xFF, 0xFF, 0xFF, 0xE0, 0x3F, 0x00, 0x0B, 0x80, 0xFC, 0x00, 0x0E, 0x03, 0xF0, 0x00, 0x24,
    0x0F, 0x80, 0x00, 0x00, 0x3E, 0x00, 0x00, 0x00, 0xF8, 0x00, 0x40, 0x03, 0xE0, 0x03, 0x80, 0x0F,
    0xD5, 0x5E, 0x00, 0x3F, 0xFF, 0xF8, 0x00, 0xFD, 0x55, 0xE0, 0x03, 0xE0, 0x03, 0x80, 0x0F, 0x80,
    0x04, 0x00, 0x3E, 0x00, 0x00, 0x00, 0xF8, 0x00, 0x00, 0x03, 0xE0, 0x00, 0x00, 0x0F, 0xC0, 0x00,
    0x00, 0x3F, 0x00, 0x00, 0x06, 0xFE, 0x90, 0x00, 0x7F, 0xFF, 0x80, 0x00, 0x00, 0x00, 0x00, 0x00,
    0x00, 0x0B, 0xFF, 0xE4, 0x00, 0x2F, 0xEA, 0xFF, 0xC0, 0x3F, 0x40, 0x01, 0xF0, 0x3F, 0x00, 0x00,
    0x3C, 0x2F, 0x40, 0x00, 0x0F, 0x0F, 0xC0, 0x00, 0x00, 0x07, 0xD0, 0x00, 0x00, 0x02, 0xF0, 0x00,
    0x00, 0x00, 0xFC, 0x00, 0x00, 0x00, 0x3F, 0x00, 0x00, 0x00, 0x0F, 0xC0, 0x00, 0x00, 0x03, 0xF0,
    0x00, 0x0A, 0xA9, 0xFC, 0x00, 0x03, 0xFF, 0xAF, 0x00, 0x00, 0x03, 0xE7, 0xD0, 0x00, 0x00, 0xF8,
    0xF8, 0x00, 0x00, 0x3D, 0x2F, 0x00, 0x00, 0x0F, 0x43, 0xF0, 0x00, 0x03, 0xD0, 0x7E, 0x00, 0x00,
    0xF4, 0x07, 0xF9, 0x05, 0xBD, 0x00, 0x2F, 0xFF, 0xFE, 0x00, 0x00, 0x15, 0x40, 0x00, 0x2A, 0xAA,
    0x00, 0x2A, 0xAA, 0x4F, 0xFF, 0xC0, 0x0F, 0xFF, 0xD0, 0x3F, 0x00, 0x00, 0x2F, 0x40, 0x0F, 0xC0,
    0x00, 0x0B, 0xC0, 0x03, 0xF0, 0x00, 0x01, 0xF0, 0x00, 0xF8, 0x00, 0x00, 0x7C, 0x00, 0x3E, 0x00,
    0x00, 0x1F, 0x00, 0x0F, 0x80, 0x00, 0x07, 0xC0, 0x03, 0xE0, 0x00, 0x01, 0xF0, 0x00, 0xF8, 0x00,
    0x00, 0xBC, 0x00, 0x3F, 0xFF, 0xFF, 0xFF, 0x00, 0x0F, 0xD5, 0x55, 0x5B, 0xC0, 0x03, 0xE0, 0x00,
    0x01, 0xF0, 0x00, 0xF8, 0x00, 0x00, 0x7C, 0x00, 0x3E, 0x00, 0x00, 0x1F, 0x00, 0x0F, 0x80, 0x00,
    0x07, 0xC0, 0x03, 0xE0, 0x00, 0x01, 0xF0, 0x00, 0xFC, 0x00, 0x00, 0xBC, 0x00, 0x3F, 0x00, 0x00,
    0x2F, 0x00, 0x6F, 0xE9, 0x00, 0x6F, 0xFA, 0x7F, 0xFF, 0x40, 0x3F, 0xFF, 0xC0, 0x00, 0x00, 0x00,
    0x00, 0x00, 0x2A, 0xAA, 0x0F, 0xFF, 0xC0, 0x3F, 0x00, 0x0F, 0xC0, 0x03, 0xF0, 0x00, 0xF8, 0x00,
    0x3E, 0x00, 0x0F, 0x80, 0x03, 0xE0, 0x00, 0xF8, 0x00, 0x3E, 0x00, 0x0F, 0x80, 0x03, 0xE0, 0x00,
    0xF8, 0x00, 0x3E, 0x00, 0x0F, 0x80, 0x03, 0xE0, 0x00, 0xFC, 0x00, 0x3F, 0x00, 0x6F, 0xE9, 0x7F,
    0xFF, 0x40, 0x00, 0x00, 0x6A, 0xAA, 0xBF, 0xFF, 0x07, 0xE0, 0x03, 0xD0, 0x03, 0xD0, 0x03, 0xD0,
    0x03, 0xD0, 0x03, 0xD0, 0x03, 0xD0, 0x03, 0xD0, 0x03, 0xD0, 0x03, 0xD0, 0x03, 0xD0, 0x03, 0xD0,
    0x03, 0xD0, 0x03, 0xD0, 0x03, 0xD0, 0x03, 0xD0, 0x03, 0xD0, 0x03, 0xD0, 0x03, 0xD0, 0x07, 0xD0,
    0x0F, 0xC0, 0x0F, 0x00, 0x2D, 0x00, 0x38, 0x00, 0x20, 0x00, 0x2A, 0xAA, 0x02, 0xAA, 0xA0, 0x3F,
    0xFF, 0x03, 0xFF, 0xF0, 0x03, 0xF0, 0x00, 0xBD, 0x00, 0x03, 0xF0, 0x00, 0xF4, 0x00, 0x03, 0xF0,
    0x03, 0xC0, 0x00, 0x03, 0xE0, 0x0B, 0x40, 0x00, 0x03, 0xE0, 0x2E, 0x00, 0x00, 0x03, 0xE0, 0x7C,
    0x00, 0x00, 0x03, 0xE0, 0xF0, 0x00, 0x00, 0x03, 0xE3, 0xD0, 0x00, 0x00, 0x03, 0xEB, 0xC0, 0x00,
    0x00, 0x03, 0xE7, 0xF0, 0x00, 0x00, 0x03, 0xE1, 0xFC, 0x00, 0x00, 0x03, 0xE0, 0x7E, 0x00, 0x00,
    0x03, 0xE0, 0x2F, 0x80, 0x00, 0x03, 0xE0, 0x0B, 0xD0, 0x00, 0x03, 0xE0, 0x03, 0xF4, 0x00, 0x03,
    0xF0, 0x00, 0xFD, 0x00, 0x03, 0xF0, 0x00, 0xBF, 0x40, 0x1B, 0xFA, 0x41, 0xBF, 0xF8, 0x7F, 0xFF,
    0x42, 0xFF, 0xFC, 0x00, 0x00, 0x00, 0x00, 0x00, 0x2A, 0xAA, 0x40, 0x00, 0xFF, 0xFD, 0x00, 0x00,
    0x3F, 0x00, 0x00, 0x00, 0xFC, 0x00, 0x00, 0x03, 0xF0, 0x00, 0x00, 0x0F, 0x80, 0x00, 0x00, 0x3E,
    0x00, 0x00, 0x00, 0xF8, 0x00, 0x00, 0x03, 0xE0, 0x00, 0x00, 0x0F, 0x80, 0x00, 0x00, 0x3E, 0x00,
    0x00, 0x00, 0xF8, 0x00, 0x00, 0x03, 0xE0, 0x00, 0x00, 0x0F, 0x80, 0x00, 0x00, 0x3E, 0x00, 0x00,
    0x00, 0xF8, 0x00, 0x00, 0x03, 0xE0, 0x00, 0x34, 0x0F, 0xC0, 0x01, 0xE0, 0x3F, 0x00, 0x0B, 0x46,
    0xFE, 0xAA, 0xFD, 0x7F, 0xFF, 0xFF, 0xF0, 0x00, 0x00, 0x00, 0x00, 0x1A, 0xA8, 0x00, 0x00, 0x01,
    0xAA, 0x40, 0x7F, 0xFC, 0x00, 0x00, 0x1F, 0xFE, 0x00, 0x0F, 0xF0, 0x00, 0x00, 0xBF, 0x40, 0x00,
    0x3F, 0xE0, 0x00, 0x03, 0xFD, 0x00, 0x00, 0xFF, 0xC0, 0x00, 0x1E, 0xF4, 0x00, 0x03, 0xAF, 0x40,
    0x00, 0xF7, 0xD0, 0x00, 0x0E, 0x3E, 0x00, 0x03, 0x8F, 0x40, 0x00, 0x38, 0xFC, 0x00, 0x2D, 0x3D,
    0x00, 0x00, 0xE1, 0xF4, 0x00, 0xF0, 0xF8, 0x00, 0x07, 0x83, 0xF0, 0x07, 0x83, 0xE0, 0x00, 0x1D,
    0x0B, 0xC0, 0x2C, 0x0F, 0x80, 0x00, 0x74, 0x1F, 0x80, 0xF0, 0x3F, 0x00, 0x01, 0xD0, 0x3F, 0x07,
    0x40, 0xBC, 0x00, 0x0B, 0x40, 0xBD, 0x3C, 0x02, 0xF0, 0x00, 0x2C, 0x00, 0xF8, 0xE0, 0x0B, 0xC0,
    0x00, 0xB0, 0x03, 0xFB, 0x40, 0x2F, 0x00, 0x02, 0xC0, 0x07, 0xFC, 0x00, 0x7C, 0x00, 0x0F, 0x00,
    0x0F, 0xE0, 0x01, 0xF4, 0x00, 0x3C, 0x00, 0x2F, 0x00, 0x0B, 0xE0, 0x07, 0xFE, 0x40, 0x7C, 0x01,
    0xBF, 0xE8, 0x7F, 0xFE, 0x00, 0xD0, 0x0F, 0xFF, 0xF0, 0x00, 0x00, 0x00, 0x00, 0x00, 0x00, 0x00,
    0x2A, 0x90, 0x00, 0x0A, 0xAA, 0x87, 0xFF, 0x40, 0x00, 0xFF, 0xFC, 0x03, 0xFC, 0x00, 0x00, 0xBC,
    0x00, 0x3F, 0xE0, 0x00, 0x0B, 0x80, 0x02, 0xFF, 0x00, 0x00, 0x74, 0x00, 0x2D, 0xFC, 0x00, 0x07,
    0x40, 0x02, 0xCB, 0xD0, 0x00, 0x74, 0x00, 0x2C, 0x3F, 0x00, 0x07, 0x40, 0x02, 0xC0, 0xFC, 0x00,
    0x74, 0x00, 0x2C, 0x07, 0xE0, 0x07, 0x40, 0x02, 0xC0, 0x2F, 0x40, 0x74, 0x00, 0x2C, 0x00, 0xFC,
    0x07, 0x40, 0x02, 0xC0, 0x07, 0xF0, 0x74, 0x00, 0x2C, 0x00, 0x2F, 0x87, 0x40, 0x02, 0xC0, 0x00,
    0xFD, 0x74, 0x00, 0x2C, 0x00, 0x03, 0xFB, 0x40, 0x02, 0xC0, 0x00, 0x1F, 0xF4, 0x00, 0x3C, 0x00,
    0x00, 0xBF, 0x40, 0x03, 0xC0, 0x00, 0x03, 0xF4, 0x01, 0xBF, 0x90, 0x00, 0x1F, 0x40, 0x3F, 0xFE,
    0x00, 0x00, 0xB4, 0x00, 0x00, 0x00, 0x00, 0x00, 0x00, 0x00, 0x0B, 0xFF, 0x90, 0x00, 0x00, 0xBF,
    0x9A, 0xFC, 0x00, 0x03, 0xF4, 0x00, 0x3F, 0x40, 0x0F, 0xC0, 0x00, 0x0F, 0xC0, 0x2F, 0x40, 0x00,
    0x07, 0xE0, 0x3F, 0x00, 0x00, 0x03, 0xF0, 0x7E, 0x00, 0x00, 0x01, 0xF8, 0xBD, 0x00, 0x00, 0x00,
    0xFC, 0xFC, 0x00, 0x00, 0x00, 0xFC, 0xFC, 0x00, 0x00, 0x00, 0xFC, 0xFC, 0x00, 0x00, 0x00, 0xFC,
    0xFC, 0x00, 0x00, 0x00, 0xFC, 0xFC, 0x00, 0x00, 0x00, 0xFC, 0xBD, 0x00, 0x00, 0x00, 0xFC, 0x7E,
    0x00, 0x00, 0x01, 0xF8, 0x3F, 0x00, 0x00, 0x02, 0xF4, 0x2F, 0x40, 0x00, 0x03, 0xF0, 0x0F, 0xC0,
    0x00, 0x0B, 0xD0, 0x07, 0xE0, 0x00, 0x2F, 0x80, 0x01, 0xFD, 0x01, 0xBE, 0x00, 0x00, 0x2F, 0xFF,
    0xF4, 0x00, 0x00, 0x01, 0x55, 0x00, 0x00, 0x2A, 0xAA, 0xA9, 0x00, 0x3F, 0xFA, 0xBF, 0xD0, 0x03,
    0xF0, 0x03, 0xF4, 0x03, 0xF0, 0x00, 0xFC, 0x03, 0xF0, 0x00, 0x7D, 0x03, 0xE0, 0x00, 0x3D, 0x03,
    0xE0, 0x00, 0x3E, 0x03, 0xE0, 0x00, 0x3D, 0x03, 0xE0, 0x00, 0x7C, 0x03, 0xE0, 0x00, 0xF8, 0x03,
    0xF0, 0x07, 0xF0, 0x03, 0xFF, 0xFF, 0x40, 0x03, 0xF5, 0x50, 0x00, 0x03, 0xE0, 0x00, 0x00, 0x03,
    0xE0, 0x00, 0x00, 0x03, 0xE0, 0x00, 0x00, 0x03, 0xE0, 0x00, 0x00, 0x03, 0xF0, 0x00, 0x00, 0x03,
    0xF0, 0x00, 0x00, 0x1B, 0xFA, 0x80, 0x00, 0x7F, 0xFF, 0xC0, 0x00, 0x00, 0x00, 0x00, 0x00, 0x00,
    0x0B, 0xFF, 0x90, 0x00, 0x00, 0xBF, 0x9A, 0xFC, 0x00, 0x03, 0xF4, 0x00, 0x3F, 0x40, 0x0F, 0xC0,
    0x00, 0x0F, 0xC0, 0x2F, 0x40, 0x00, 0x07, 0xE0, 0x3F, 0x00, 0x00, 0x03, 0xF0, 0x7E, 0x00, 0x00,
    0x01, 0xF8, 0xBD, 0x00, 0x00, 0x00, 0xFC, 0xFC, 0x00, 0x00, 0x00, 0xFC, 0xFC, 0x00, 0x00, 0x00,
    0xFC, 0xFC, 0x00, 0x00, 0x00, 0xFC, 0xFC, 0x00, 0x00, 0x00, 0xFC, 0xFC, 0x00, 0x00, 0x00, 0xFC,
    0xBD, 0x00, 0x00, 0x00, 0xFC, 0x7E, 0x00, 0x00, 0x01, 0xF8, 0x3F, 0x00, 0x00, 0x02, 0xF4, 0x2F,
    0x40, 0x00, 0x03, 0xF0, 0x0F, 0xC0, 0x00, 0x0B, 0xD0, 0x07, 0xE0, 0x00, 0x2F, 0x80, 0x01, 0xFD,
    0x01, 0xBE, 0x00, 0x00, 0x2F, 0xFF, 0xF4, 0x00, 0x00, 0x01, 0x5B, 0xD0, 0x00, 0x00, 0x00, 0x00,
    0xF8, 0x00, 0x00, 0x00, 0x00, 0x2F, 0x80, 0x00, 0x00, 0x00, 0x0B, 0xF8, 0x00, 0x00, 0x00, 0x01,
    0xFD, 0x00, 0x00, 0x00, 0x00, 0x3C, 0x00, 0x00, 0x00, 0x00, 0x00, 0x2A, 0xAA, 0xA9, 0x00, 0x03,
    0xFF, 0xAB, 0xFD, 0x00, 0x03, 0xF0, 0x03, 0xF4, 0x00, 0x3F, 0x00, 0x0F, 0xC0, 0x03, 0xF0, 0x00,
    0x7D, 0x00, 0x3E, 0x00, 0x03, 0xD0, 0x03, 0xE0, 0x00, 0x3D, 0x00, 0x3E, 0x00, 0x07, 0xD0, 0x03,
    0xE0, 0x00, 0xBC, 0x00, 0x3E, 0x00, 0x1F, 0x40, 0x03, 0xF4, 0x5B, 0xD0, 0x00, 0x3F, 0xFF, 0xE0,
    0x00, 0x03, 0xF0, 0x7E, 0x00, 0x00, 0x3E, 0x02, 0xF0, 0x00, 0x03, 0xE0, 0x0F, 0x80, 0x00, 0x3E,
    0x00, 0xBC, 0x00, 0x03, 0xE0, 0x03, 0xF0, 0x00, 0x3F, 0x00, 0x2F, 0x40, 0x03, 0xF0, 0x00, 0xFC,
    0x01, 0xBF, 0xA4, 0x0B, 0xF9, 0x7F, 0xFF, 0x80, 0x3F, 0xE0, 0x00, 0x00, 0x00, 0x00, 0x01, 0xBF,
    0xE9, 0x00, 0xFE, 0xAB, 0xF8, 0x3F, 0x00, 0x0F, 0x47, 0xD0, 0x00, 0xB4, 0xBC, 0x00, 0x0B, 0x0B,
    0xD0, 0x00, 0x00, 0x7F, 0x00, 0x00, 0x03, 0xF8, 0x00, 0x00, 0x1F, 0xF4, 0x00, 0x00, 0x7F, 0xF4,
    0x00, 0x00, 0xBF, 0xF0, 0x00, 0x01, 0xFF, 0xD0, 0x00, 0x01, 0xFF, 0x40, 0x00, 0x02, 0xFC, 0x00,
    0x00, 0x0F, 0xC5, 0x00, 0x00, 0xBD, 0xB4, 0x00, 0x0B, 0xDB, 0x40, 0x00, 0xFC, 0xF8, 0x00, 0x1F,
    0x8F, 0xE5, 0x1B, 0xF0, 0x2F, 0xFF, 0xF8, 0x00, 0x05, 0x50, 0x00, 0x2A, 0xAA, 0xAA, 0xAA, 0x83,
    0xFF, 0xFF, 0xFF, 0xFC, 0x3C, 0x01, 0xF4, 0x03, 0xC7, 0x80, 0x1F, 0x40, 0x2D, 0x78, 0x00, 0xF4,
    0x01, 0xD2, 0x40, 0x0F, 0x40, 0x08, 0x00, 0x00, 0xF4, 0x00, 0x00, 0x00, 0x0F, 0x40, 0x00, 0x00,
    0x00, 0xF4, 0x00, 0x00, 0x00, 0x0F, 0x40, 0x00, 0x00, 0x00, 0xF4, 0x00, 0x00, 0x00, 0x0F, 0x40,
    0x00, 0x00, 0x00, 0xF4, 0x00, 0x00, 0x00, 0x0F, 0x40, 0x00, 0x00, 0x00, 0xF4, 0x00, 0x00, 0x00,
    0x0F, 0x40, 0x00, 0x00, 0x00, 0xF4, 0x00, 0x00, 0x00, 0x1F, 0x40, 0x00, 0x00, 0x01, 0xF4, 0x00,
    0x00, 0x01, 0xBF, 0xE8, 0x00, 0x00, 0x3F, 0xFF, 0xD0, 0x00, 0x00, 0x00, 0x00, 0x00, 0x6A, 0xAA,
    0x00, 0x1A, 0xAA, 0x2F, 0xFF, 0xC0, 0x0B, 0xFF, 0xD0, 0x7F, 0x00, 0x00, 0x1F, 0x00, 0x0F, 0x80,
    0x00, 0x03, 0xC0, 0x03, 0xE0, 0x00, 0x00, 0xF0, 0x00, 0xF8, 0x00, 0x00, 0x3C, 0x00, 0x3E, 0x00,
    0x00, 0x0F, 0x00, 0x0F, 0x80, 0x00, 0x03, 0xC0, 0x03, 0xE0, 0x00, 0x00, 0xF0, 0x00, 0xF8, 0x00,
    0x00, 0x3C, 0x00, 0x3E, 0x00, 0x00, 0x0F, 0x00, 0x0F, 0x80, 0x00, 0x03, 0xC0, 0x03, 0xE0, 0x00,
    0x00, 0xF0, 0x00, 0xF8, 0x00, 0x00, 0x3C, 0x00, 0x3E, 0x00, 0x00, 0x0F, 0x00, 0x0F, 0xC0, 0x00,
    0x07, 0x80, 0x02, 0xF0, 0x00, 0x02, 0xD0, 0x00, 0x3E, 0x00, 0x00, 0xF0, 0x00, 0x0B, 0xD0, 0x00,
    0xF8, 0x00, 0x00, 0xFF, 0x56, 0xF8, 0x00, 0x00, 0x0B, 0xFF, 0xF4, 0x00, 0x00, 0x00, 0x15, 0x40,
    0x00, 0x00, 0x6A, 0xAA, 0x00, 0x1A, 0xAA, 0x2F, 0xFF, 0xC0, 0x0B, 0xFF, 0xC0, 0xBF, 0x00, 0x00,
    0x1F, 0x40, 0x0F, 0xC0, 0x00, 0x07, 0xC0, 0x01, 0xF4, 0x00, 0x03, 0xD0, 0x00, 0x3E, 0x00, 0x00,
    0xF0, 0x00, 0x0B, 0xC0, 0x00, 0x78, 0x00, 0x01, 0xF4, 0x00, 0x3D, 0x00, 0x00, 0x3F, 0x00, 0x0F,
    0x00, 0x00, 0x0B, 0xC0, 0x0B, 0x80, 0x00, 0x00, 0xF8, 0x03, 0xC0, 0x00, 0x00, 0x3F, 0x00, 0xF0,
    0x00, 0x00, 0x07, 0xD0, 0xB8, 0x00, 0x00, 0x00, 0xF8, 0x3C, 0x00, 0x00, 0x00, 0x2F, 0x0F, 0x00,
    0x00, 0x00, 0x03, 0xDB, 0x40, 0x00, 0x00, 0x00, 0xFF, 0xC0, 0x00, 0x00, 0x00, 0x1F, 0xF0, 0x00,
    0x00, 0x00, 0x03, 0xF4, 0x00, 0x00, 0x00, 0x00, 0xBC, 0x00, 0x00, 0x00, 0x00, 0x1F, 0x00, 0x00,
    0x00, 0x6A, 0xAA, 0x00, 0x00, 0x00, 0x02, 0xAA, 0xAB, 0xFF, 0xF0, 0x00, 0xB0, 0x00, 0x3F, 0xFF,
    0x0B, 0xF0, 0x00, 0x0F, 0x80, 0x00, 0x3E, 0x00, 0x3F, 0x00, 0x00, 0xFC, 0x00, 0x03, 0xC0, 0x02,
    0xF4, 0x00, 0x1F, 0xC0, 0x00, 0x78, 0x00, 0x0F, 0x80, 0x02, 0xFD, 0x00, 0x0B, 0x40, 0x00, 0xFC,
    0x00, 0x3F, 0xF0, 0x00, 0xF0, 0x00, 0x0B, 0xC0, 0x07, 0x9F, 0x00, 0x1E, 0x00, 0x00, 0x3D, 0x00,
    0xB4, 0xF4, 0x02, 0xD0, 0x00, 0x03, 0xE0, 0x0F, 0x0F, 0x80, 0x3C, 0x00, 0x00, 0x2F, 0x00, 0xE0,
    0x7C, 0x03, 0xC0, 0x00, 0x01, 0xF4, 0x1D, 0x03, 0xD0, 0x74, 0x00, 0x00, 0x0F, 0x83, 0xC0, 0x3E,
    0x0B, 0x00, 0x00, 0x00, 0xBC, 0x3C, 0x02, 0xF0, 0xF0, 0x00, 0x00, 0x07, 0xC7, 0x40, 0x0F, 0x5E,
    0x00, 0x00, 0x00, 0x3E, 0xB0, 0x00, 0xFA, 0xD0, 0x00, 0x00, 0x02, 0xFF, 0x00, 0x0B, 0xFC, 0x00,
    0x00, 0x00, 0x1F, 0xE0, 0x00, 0x3F, 0x80, 0x00, 0x00, 0x00, 0xFD, 0x00, 0x03, 0xF4, 0x00, 0x00,
    0x00, 0x0B, 0xC0, 0x00, 0x2F, 0x00, 0x00, 0x00, 0x00, 0x78, 0x00, 0x00, 0xF0, 0x00, 0x00, 0x2A,
    0xAA, 0x80, 0x6A, 0xAA, 0x0F, 0xFF, 0xF0, 0x2F, 0xFF, 0xC0, 0x3F, 0xC0, 0x00, 0xBE, 0x00, 0x03,
    0xF0, 0x00, 0x3D, 0x00, 0x00, 0x7E, 0x00, 0x2D, 0x00, 0x00, 0x0B, 0xD0, 0x1F, 0x00, 0x00, 0x00,
    0xFC, 0x0F, 0x00, 0x00, 0x00, 0x0F, 0x8B, 0x40, 0x00, 0x00, 0x01, 0xFB, 0xC0, 0x00, 0x00, 0x00,
    0x3F, 0xC0, 0x00, 0x00, 0x00, 0x03, 0xF0, 0x00, 0x00, 0x00, 0x02, 0xFE, 0x00, 0x00, 0x00, 0x01,
    0xFB, 0xD0, 0x00, 0x00, 0x00, 0xF0, 0xFC, 0x00, 0x00, 0x00, 0xB4, 0x0F, 0x80, 0x00, 0x00, 0x7C,
    0x02, 0xF4, 0x00, 0x00, 0x3C, 0x00, 0x3F, 0x00, 0x00, 0x3D, 0x00, 0x03, 0xF0, 0x00, 0x3F, 0x00,
    0x00, 0xBF, 0x00, 0x7F, 0xE4, 0x00, 0x7F, 0xF9, 0x7F, 0xFE, 0x00, 0x3F, 0xFF, 0x80, 0x00, 0x00,
    0x00, 0x00, 0x00, 0x6A, 0xAA, 0x00, 0xAA, 0xAA, 0xFF, 0xFC, 0x03, 0xFF, 0xF0, 0xBF, 0x00, 0x00,
    0xF8, 0x00, 0xFC, 0x00, 0x07, 0xC0, 0x00, 0xF4, 0x00, 0x3D, 0x00, 0x02, 0xF0, 0x01, 0xF0, 0x00,
    0x03, 0xD0, 0x0F, 0x40, 0x00, 0x0B, 0xC0, 0x7C, 0x00, 0x00, 0x0F, 0x83, 0xC0, 0x00, 0x00, 0x2F,
    0x1E, 0x00, 0x00, 0x00, 0x3E, 0xF0, 0x00, 0x00, 0x00, 0xBF, 0x80, 0x00, 0x00, 0x00, 0xFC, 0x00,
    0x00, 0x00, 0x02, 0xF0, 0x00, 0x00, 0x00, 0x0B, 0xC0, 0x00, 0x00, 0x00, 0x2F, 0x00, 0x00, 0x00,
    0x00, 0xBC, 0x00, 0x00, 0x00, 0x02, 0xF0, 0x00, 0x00, 0x00, 0x0B, 0xC0, 0x00, 0x00, 0x01, 0xBF,
    0xE4, 0x00, 0x00, 0x0F, 0xFF, 0xE0, 0x00, 0x00, 0x00, 0x00, 0x00, 0x00, 0x0E, 0xAA, 0xAA, 0xA8,
    0x1F, 0xFF, 0xFF, 0xFC, 0x2F, 0x00, 0x01, 0xFC, 0x2D, 0x00, 0x03, 0xF0, 0x2C, 0x00, 0x07, 0xD0,
    0x18, 0x00, 0x0F, 0x80, 0x00, 0x00, 0x2F, 0x00, 0x00, 0x00, 0x7D, 0x00, 0x00, 0x00, 0xFC, 0x00,
    0x00, 0x02, 0xF0, 0x00, 0x00, 0x07, 0xE0, 0x00, 0x00, 0x0F, 0xC0, 0x00, 0x00, 0x2F, 0x40, 0x00,
    0x00, 0x3E, 0x00, 0x00, 0x00, 0xFC, 0x00, 0x00, 0x01, 0xF4, 0x00, 0x00, 0x03, 0xF0, 0x00, 0x0D,
    0x0F, 0xC0, 0x00, 0x1D, 0x2F, 0x80, 0x00, 0x3C, 0x3F, 0xEA, 0xAA, 0xFC, 0x3F, 0xFF, 0xFF, 0xFC,
    0x00, 0x00, 0x00, 0x00, 0x00, 0x0F, 0xFE, 0xFD, 0x0F, 0x40, 0xF4, 0x0B, 0x00, 0xB0, 0x0B, 0x00,
    0xB0, 0x0B, 0x00, 0xB0, 0x0B, 0x00, 0xB0, 0x0B, 0x00, 0xB0, 0x0B, 0x00, 0xB0, 0x0B, 0x00, 0xB0,
    0x0B, 0x00, 0xB0, 0x0B, 0x00, 0xB0, 0x0F, 0x00, 0xF4, 0x0F, 0x40, 0xFD, 0x0F, 0xFE, 0x00, 0x00,
    0x10, 0x00, 0x00, 0x78, 0x00, 0x00, 0x3C, 0x00, 0x00, 0x2D, 0x00, 0x00, 0x0F, 0x00, 0x00, 0x0F,
    0x00, 0x00, 0x07, 0x80, 0x00, 0x03, 0xC0, 0x00, 0x02, 0xD0, 0x00, 0x01, 0xE0, 0x00, 0x00, 0xF0,
    0x00, 0x00, 0xB4, 0x00, 0x00, 0x3C, 0x00, 0x00, 0x3C, 0x00, 0x00, 0x1E, 0x00, 0x00, 0x0F, 0x00,
    0x00, 0x0B, 0x40, 0x00, 0x07, 0xC0, 0x00, 0x03, 0xC0, 0x00, 0x02, 0xE0, 0x00, 0x00, 0xF0, 0x00,
    0x00, 0xB4, 0x00, 0x00, 0x78, 0x00, 0x00, 0x3C, 0x00, 0x00, 0x28, 0x00, 0x01, 0xFF, 0xC0, 0x6F,
    0x00, 0x3C, 0x00, 0xF0, 0x03, 0xC0, 0x0F, 0x00, 0x3C, 0x00, 0xF0, 0x03, 0xC0, 0x0F, 0x00, 0x3C,
    0x00, 0xF0, 0x03, 0xC0, 0x0F, 0x00, 0x3C, 0x00, 0xF0, 0x03, 0xC0, 0x0F, 0x00, 0x3C, 0x00, 0xF0,
    0x03, 0xC0, 0x0F, 0x00, 0x3C, 0x00, 0xF0, 0x03, 0xC0, 0x6F, 0x1F, 0xFC, 0x00, 0x00, 0x00, 0x00,
    0x00, 0x00, 0x00, 0x00, 0x30, 0x00, 0x00, 0x00, 0x1E, 0x00, 0x00, 0x00, 0x0F, 0xC0, 0x00, 0x00,
    0x07, 0xF8, 0x00, 0x00, 0x03, 0xDF, 0x00, 0x00, 0x01, 0xF2, 0xE0, 0x00, 0x00, 0xF4, 0x3C, 0x00,
    0x00, 0x7C, 0x0B, 0x80, 0x00, 0x3D, 0x00, 0xF0, 0x00, 0x1F, 0x00, 0x2E, 0x00, 0x0F, 0x40, 0x03,
    0xC0, 0x03, 0xC0, 0x00, 0xB8, 0x02, 0xE0, 0x00, 0x0F, 0x00, 0xF0, 0x00, 0x03, 0xD0, 0xB8, 0x00,
    0x00, 0x7C, 0x3C, 0x00, 0x00, 0x0F, 0x45, 0x00, 0x00, 0x01, 0x80, 0x55, 0x55, 0x55, 0x56, 0xFF,
    0xFF, 0xFF, 0xFB, 0xFF, 0xFF, 0xFF, 0x80, 0x04, 0x00, 0x2E, 0x00, 0x1F, 0x80, 0x03, 0xD0, 0x00,
    0xF4, 0x00, 0x2C, 0x00, 0x00, 0x05, 0xAA, 0x40, 0x03, 0xFF, 0xFE, 0x00, 0x2D, 0x00, 0xF4, 0x02,
    0xC0, 0x07, 0xC0, 0x2C, 0x00, 0x3C, 0x00, 0x00, 0x03, 0xC0, 0x00, 0x00, 0x3C, 0x00, 0x05, 0xBF,
    0xC0, 0x0F, 0xFE, 0xBC, 0x03, 0xE0, 0x03, 0xC0, 0xBC, 0x00, 0x3C, 0x0B, 0x80, 0x0B, 0xC0, 0xBC,
    0x01, 0xFD, 0x03, 0xF6, 0xFA, 0xF8, 0x1F, 0xFD, 0x1F, 0xD0, 0x04, 0x00, 0x00, 0x00, 0x00, 0x00,
    0x00, 0x3F, 0xE0, 0x00, 0x00, 0x1B, 0xE0, 0x00, 0x00, 0x03, 0xE0, 0x00, 0x00, 0x02, 0xE0, 0x00,
    0x00, 0x02, 0xE0, 0x00, 0x00, 0x02, 0xE0, 0x00, 0x00, 0x02, 0xE0, 0x00, 0x00, 0x02, 0xE0, 0xA9,
    0x00, 0x02, 0xEB, 0xFF, 0xC0, 0x02, 0xFD, 0x03, 0xF0, 0x02, 0xF4, 0x00, 0xF8, 0x02, 0xF0, 0x00,
    0xBC, 0x02, 0xE0, 0x00, 0x7C, 0x02, 0xE0, 0x00, 0x3D, 0x02, 0xE0, 0x00, 0x3D, 0x02, 0xE0, 0x00,
    0x3D, 0x02, 0xE0, 0x00, 0x7C, 0x02, 0xE0, 0x00, 0xBC, 0x02, 0xE0, 0x00, 0xF4, 0x03, 0xE0, 0x02,
    0xF0, 0x03, 0xF5, 0x1B, 0xC0, 0x01, 0xBF, 0xFE, 0x00, 0x00, 0x01, 0x40, 0x00, 0x00, 0x1A, 0x90,
    0x03, 0xFF, 0xFD, 0x0F, 0xD0, 0x3D, 0x2F, 0x00, 0x1D, 0x3E, 0x00, 0x1D, 0x7C, 0x00, 0x00, 0xBC,
    0x00, 0x00, 0xBC, 0x00, 0x00, 0xBC, 0x00, 0x00, 0x7C, 0x00, 0x00, 0x7D, 0x00, 0x00, 0x3E, 0x00,
    0x00, 0x1F, 0x40, 0x04, 0x0B, 0xFA, 0xBE, 0x01, 0xFF, 0xF8, 0x00, 0x05, 0x00, 0x00, 0x00, 0x00,
    0x00, 0x00, 0x0B, 0xFD, 0x00, 0x00, 0x1A, 0xF8, 0x00, 0x00, 0x03, 0xD0, 0x00, 0x00, 0x0F, 0x40,
    0x00, 0x00, 0x3D, 0x00, 0x00, 0x00, 0xF4, 0x00, 0x00, 0x03, 0xD0, 0x00, 0x6A, 0x4F, 0x40, 0x0F,
    0xFF, 0xFD, 0x00, 0xFC, 0x06, 0xF4, 0x0B, 0xC0, 0x03, 0xD0, 0x3D, 0x00, 0x0F, 0x41, 0xF0, 0x00,
    0x3D, 0x0B, 0xC0, 0x00, 0xF4, 0x2F, 0x00, 0x03, 0xD0, 0xBC, 0x00, 0x0F, 0x41, 0xF0, 0x00, 0x3D,
    0x07, 0xC0, 0x00, 0xF4, 0x0F, 0x80, 0x07, 0xD0, 0x2F, 0x00, 0x3F, 0x80, 0x3F, 0x9B, 0xDF, 0x90,
    0x2F, 0xF8, 0x3F, 0x80, 0x01, 0x00, 0x00, 0x00, 0x6A, 0x40, 0x00, 0xFF, 0xFD, 0x00, 0xF8, 0x07,
    0xC0, 0xB8, 0x00, 0xB8, 0x3D, 0x00, 0x1F, 0x1F, 0x00, 0x03, 0xCB, 0xD6, 0xAF, 0xF2, 0xFF, 0xFF,
    0xFC, 0xBC, 0x00, 0x00, 0x1F, 0x00, 0x00, 0x07, 0xD0, 0x00, 0x00, 0xFC, 0x00, 0x00, 0x1F, 0x80,
    0x05, 0x02, 0xFE, 0xAF, 0xC0, 0x1F, 0xFF, 0x80, 0x00, 0x14, 0x00, 0x00, 0x01, 0x50, 0x00, 0xBF,
    0xD0, 0x0B, 0x87, 0x00, 0x3C, 0x0C, 0x01, 0xF0, 0x20, 0x07, 0xC0, 0x00, 0x1F, 0x00, 0x00, 0x78,
    0x00, 0x06, 0xF5, 0x50, 0xFF, 0xFF, 0xC0, 0x2F, 0x00, 0x00, 0x78, 0x00, 0x01, 0xE0, 0x00, 0x07,
    0x80, 0x00, 0x1E, 0x00, 0x00, 0x78, 0x00, 0x01, 0xE0, 0x00, 0x07, 0x80, 0x00, 0x1E, 0x00, 0x00,
    0xB8, 0x00, 0x02, 0xF0, 0x00, 0x6F, 0xE9, 0x03, 0xFF, 0xF8, 0x00, 0x00, 0x00, 0x00, 0x1A, 0x41,
    0x60, 0x0B, 0xFF, 0xFF, 0xC0, 0xBC, 0x03, 0xE0, 0x03, 0xC0, 0x03, 0xC0, 0x1F, 0x00, 0x0F, 0x40,
    0xBC, 0x00, 0x3E, 0x01, 0xF0, 0x00, 0xF8, 0x03, 0xC0, 0x03, 0xD0, 0x0F, 0x80, 0x2F, 0x00, 0x0F,
    0xEB, 0xF0, 0x00, 0x1F, 0xFD, 0x00, 0x01, 0xD0, 0x00, 0x00, 0x0F, 0x90, 0x00, 0x00, 0x3F, 0xFF,
    0xE4, 0x00, 0x3F, 0xFF, 0xFD, 0x02, 0xC1, 0x6B, 0xFC, 0x2D, 0x00, 0x02, 0xF0, 0xF0, 0x00, 0x0B,
    0x83, 0xD0, 0x00, 0x3D, 0x0F, 0xD0, 0x03, 0xD0, 0x0F, 0xFF, 0xFD, 0x00, 0x06, 0xFE, 0x40, 0x00,
    0x00, 0x00, 0x00, 0x00, 0x1F, 0xF4, 0x00, 0x00, 0x01, 0xBE, 0x00, 0x00, 0x00, 0x0F, 0x40, 0x00,
    0x00, 0x03, 0xD0, 0x00, 0x00, 0x00, 0xF4, 0x00, 0x00, 0x00, 0x3D, 0x00, 0x00, 0x00, 0x0F, 0x40,
    0x00, 0x00, 0x03, 0xD0, 0xA9, 0x00, 0x00, 0xF6, 0xFF, 0xF0, 0x00, 0x3F, 0xD0, 0x7E, 0x00, 0x0F,
    0xD0, 0x07, 0xC0, 0x03, 0xF0, 0x00, 0xF4, 0x00, 0xF8, 0x00, 0x3D, 0x00, 0x3D, 0x00, 0x0B, 0x40,
    0x0F, 0x40, 0x02, 0xD0, 0x03, 0xD0, 0x00, 0xB4, 0x00, 0xF4, 0x00, 0x2D, 0x00, 0x3D, 0x00, 0x0B,
    0x40, 0x0F, 0x40, 0x02, 0xE0, 0x03, 0xD0, 0x00, 0xF8, 0x06, 0xFE, 0x41, 0xBF, 0xA7, 0xFF, 0xE0,
    0xFF, 0xFC, 0x00, 0x00, 0x00, 0x00, 0x00, 0x00, 0x0F, 0x40, 0x1F, 0xC0, 0x1F, 0xC0, 0x06, 0x00,
    0x00, 0x00, 0x00, 0x00, 0x55, 0x40, 0xFF, 0xC0, 0x1F, 0xC0, 0x0B, 0xC0, 0x07, 0xC0, 0x07, 0xC0,
    0x07, 0xC0, 0x07, 0xC0, 0x07, 0xC0, 0x07, 0xC0, 0x07, 0xC0, 0x07, 0xC0, 0x0B, 0xC0, 0x6F, 0xE8,
    0xFF, 0xFC, 0x00, 0x00, 0x00, 0x00, 0x7C, 0x0F, 0xE0, 0xBD, 0x02, 0x80, 0x00, 0x00, 0x01, 0x54,
    0x7F, 0xE1, 0x7D, 0x03, 0xD0, 0x3D, 0x03, 0xD0, 0x3D, 0x03, 0xD0, 0x3D, 0x03, 0xD0, 0x3D, 0x03,
    0xD0, 0x3D, 0x03, 0xD0, 0x3D, 0x03, 0xD0, 0x7C, 0x0B, 0x40, 0xF0, 0x1D, 0x03, 0xC0, 0x20, 0x00,
    0x00, 0x00, 0x00, 0x00, 0x1F, 0xF4, 0x00, 0x00, 0x01, 0xBE, 0x00, 0x00, 0x00, 0x0F, 0x40, 0x00,
    0x00, 0x03, 0xD0, 0x00, 0x00, 0x00, 0xF4, 0x00, 0x00, 0x00, 0x3D, 0x00, 0x00, 0x00, 0x0F, 0x40,
    0x00, 0x00, 0x03, 0xD0, 0x05, 0x55, 0x00, 0xF4, 0x0B, 0xFF, 0x80, 0x3D, 0x00, 0xFD, 0x00, 0x0F,
    0x40, 0xB8, 0x00, 0x03, 0xD0, 0xB4, 0x00, 0x00, 0xF4, 0xB4, 0x00, 0x00, 0x3D, 0xB8, 0x00, 0x00,
    0x0F, 0x7E, 0x00, 0x00, 0x03, 0xD3, 0xE0, 0x00, 0x00, 0xF4, 0x3E, 0x00, 0x00, 0x3D, 0x03, 0xE0,
    0x00, 0x0F, 0x40, 0x3E, 0x00, 0x03, 0xD0, 0x03, 0xE0, 0x06, 0xFE, 0x42, 0xFF, 0x97, 0xFF, 0xE0,
    0xFF, 0xF8, 0x00, 0x00, 0x00, 0x00, 0x00, 0x00, 0x7F, 0xD0, 0x1B, 0xE0, 0x03, 0xD0, 0x03, 0xD0,
    0x03, 0xD0, 0x03, 0xD0, 0x03, 0xD0, 0x03, 0xD0, 0x03, 0xD0, 0x03, 0xD0, 0x03, 0xD0, 0x03, 0xD0,
    0x03, 0xD0, 0x03, 0xD0, 0x03, 0xD0, 0x03, 0xD0, 0x03, 0xD0, 0x03, 0xD0, 0x03, 0xD0, 0x03, 0xD0,
    0x1B, 0xF9, 0x7F, 0xFE, 0x00, 0x00, 0x55, 0x01, 0xA4, 0x00, 0xA9, 0x00, 0x3F, 0xD7, 0xFF, 0xC2,
    0xFF, 0xE0, 0x01, 0xFB, 0x80, 0xFA, 0xD0, 0x7D, 0x00, 0x2F, 0xC0, 0x1F, 0xD0, 0x0B, 0x80, 0x07,
    0xD0, 0x03, 0xF0, 0x01, 0xF0, 0x01, 0xF0, 0x00, 0xF8, 0x00, 0x3C, 0x00, 0x7C, 0x00, 0x3D, 0x00,
    0x0F, 0x00, 0x1F, 0x00, 0x0F, 0x40, 0x03, 0xC0, 0x07, 0xC0, 0x03, 0xD0, 0x00, 0xF0, 0x01, 0xF0,
    0x00, 0xF4, 0x00, 0x3C, 0x00, 0x7C, 0x00, 0x3D, 0x00, 0x0F, 0x00, 0x1F, 0x00, 0x0F, 0x40, 0x03,
    0xC0, 0x0B, 0xC0, 0x03, 0xE0, 0x01, 0xF0, 0x1B, 0xFA, 0x06, 0xFE, 0x81, 0xFF, 0x9F, 0xFF, 0xC3,
    0xFF, 0xF1, 0xFF, 0xF4, 0x00, 0x00, 0x00, 0x00, 0x00, 0x00, 0x55, 0x01, 0xA4, 0x00, 0x3F, 0xD7,
    0xFF, 0xD0, 0x01, 0xFB, 0x80, 0xBC, 0x00, 0x2F, 0xC0, 0x0F, 0x40, 0x07, 0xD0, 0x02, 0xE0, 0x01,
    0xF0, 0x00, 0x7C, 0x00, 0x7C, 0x00, 0x1F, 0x00, 0x1F, 0x00, 0x07, 0xC0, 0x07, 0xC0, 0x01, 0xF0,
    0x01, 0xF0, 0x00, 0x7C, 0x00, 0x7C, 0x00, 0x1F, 0x00, 0x1F, 0x00, 0x07, 0xC0, 0x0B, 0xC0, 0x01,
    0xF0, 0x1B, 0xFA, 0x02, 0xFE, 0x8F, 0xFF, 0xC2, 0xFF, 0xF4, 0x00, 0x00, 0x00, 0x00, 0x00, 0x6A,
    0x90, 0x00, 0x3F, 0xFF, 0xC0, 0x0F, 0xC0, 0x3F, 0x02, 0xF0, 0x00, 0xF8, 0x3D, 0x00, 0x07, 0xC7,
    0xC0, 0x00, 0x3D, 0xBC, 0x00, 0x03, 0xEB, 0xC0, 0x00, 0x3E, 0xBC, 0x00, 0x03, 0xE7, 0xC0, 0x00,
    0x3E, 0x7C, 0x00, 0x03, 0xD3, 0xE0, 0x00, 0xBC, 0x1F, 0x40, 0x0F, 0x40, 0xBE, 0x5B, 0xE0, 0x01,
    0xFF, 0xF4, 0x00, 0x00, 0x50, 0x00, 0x15, 0x40, 0xA8, 0x00, 0x7F, 0xCB, 0xFF, 0x80, 0x17, 0xED,
    0x07, 0xF0, 0x03, 0xF0, 0x00, 0xF4, 0x03, 0xE0, 0x00, 0xBC, 0x03, 0xD0, 0x00, 0x7C, 0x03, 0xD0,
    0x00, 0x7C, 0x03, 0xD0, 0x00, 0x3C, 0x03, 0xD0, 0x00, 0x7C, 0x03, 0xD0, 0x00, 0x7C, 0x03, 0xD0,
    0x00, 0xB8, 0x03, 0xD0, 0x00, 0xF4, 0x03, 0xE0, 0x02, 0xE0, 0x03, 0xFD, 0x6F, 0xC0, 0x03, 0xEF,
    0xFE, 0x00, 0x03, 0xD0, 0x40, 0x00, 0x03, 0xD0, 0x00, 0x00, 0x03, 0xD0, 0x00, 0x00, 0x03, 0xD0,
    0x00, 0x00, 0x03, 0xE0, 0x00, 0x00, 0x3F, 0xFF, 0x40, 0x00, 0x3A, 0xAA, 0x00, 0x00, 0x00, 0x6A,
    0x90, 0x00, 0x0F, 0xFF, 0xFD, 0x00, 0xFC, 0x00, 0xF8, 0x0B, 0xC0, 0x03, 0xD0, 0x3D, 0x00, 0x0F,
    0x41, 0xF0, 0x00, 0x3D, 0x0B, 0xC0, 0x00, 0xF4, 0x2F, 0x00, 0x03, 0xD0, 0xBC, 0x00, 0x0F, 0x41,
    0xF0, 0x00, 0x3D, 0x07, 0xC0, 0x00, 0xF4, 0x0F, 0x80, 0x07, 0xD0, 0x2F, 0x00, 0x3F, 0x40, 0x3F,
    0x9B, 0xFD, 0x00, 0x2F, 0xF8, 0xF4, 0x00, 0x01, 0x03, 0xD0, 0x00, 0x00, 0x0F, 0x40, 0x00, 0x00,
    0x3D, 0x00, 0x00, 0x00, 0xF4, 0x00, 0x00, 0x03, 0xE0, 0x00, 0x02, 0xFF, 0xF4, 0x00, 0x0A, 0xAA,
    0x90, 0x55, 0x01, 0xA8, 0xFF, 0x4F, 0xFC, 0x1F, 0xBD, 0x7C, 0x0B, 0xF0, 0x2C, 0x07, 0xC0, 0x2C,
    0x07, 0xC0, 0x04, 0x07, 0xC0, 0x00, 0x07, 0xC0, 0x00, 0x07, 0xC0, 0x00, 0x07, 0xC0, 0x00, 0x07,
    0xC0, 0x00, 0x07, 0xC0, 0x00, 0x0B, 0xC0, 0x00, 0x6F, 0xE9, 0x00, 0xFF, 0xFF, 0x00, 0x00, 0x00,
    0x00, 0x01, 0xA9, 0x40, 0x7F, 0xFF, 0x43, 0xD0, 0x3D, 0x1F, 0x00, 0x74, 0x7C, 0x01, 0xD0, 0xFC,
    0x00, 0x01, 0xFE, 0x00, 0x01, 0xFF, 0x80, 0x00, 0xBF, 0xC0, 0x00, 0x2F, 0xC2, 0x40, 0x1F, 0x1D,
    0x00, 0x3C, 0x78, 0x01, 0xF1, 0xF8, 0x1F, 0x81, 0xFF, 0xF8, 0x00, 0x14, 0x00, 0x00, 0x40, 0x00,
    0x03, 0x40, 0x00, 0x2D, 0x00, 0x06, 0xF9, 0x54, 0x7F, 0xFF, 0xE0, 0x0F, 0x40, 0x00, 0x3D, 0x00,
    0x00, 0xF4, 0x00, 0x03, 0xD0, 0x00, 0x0F, 0x40, 0x00, 0x3D, 0x00, 0x00, 0xF4, 0x00, 0x03, 0xD0,
    0x00, 0x0F, 0x40, 0x00, 0x3D, 0x00, 0x00, 0xB8, 0x04, 0x02, 0xF9, 0xF0, 0x03, 0xFF, 0x40, 0x01,
    0x50, 0x00, 0x15, 0x40, 0x05, 0x50, 0x1F, 0xF4, 0x0B, 0xFC, 0x01, 0xBC, 0x00, 0x6F, 0x00, 0x0F,
    0x00, 0x07, 0xC0, 0x03, 0xC0, 0x00, 0xF0, 0x00, 0xF0, 0x00, 0x3C, 0x00, 0x3C, 0x00, 0x0F, 0x00,
    0x0F, 0x00, 0x03, 0xC0, 0x03, 0xC0, 0x00, 0xF0, 0x00, 0xF0, 0x00, 0x7C, 0x00, 0x3C, 0x00, 0x1F,
    0x00, 0x0F, 0x40, 0x0F, 0xC0, 0x02, 0xF0, 0x0B, 0xF0, 0x00, 0x3F, 0x9F, 0xAF, 0x80, 0x07, 0xFF,
    0x4B, 0xF0, 0x00, 0x05, 0x00, 0x00, 0x15, 0x54, 0x05, 0x55, 0x7F, 0xFC, 0x1F, 0xFE, 0x0B, 0xE0,
    0x01, 0xF0, 0x03, 0xE0, 0x01, 0xE0, 0x02, 0xF0, 0x02, 0xC0, 0x00, 0xF4, 0x03, 0x80, 0x00, 0xF8,
    0x07, 0x40, 0x00, 0x7C, 0x0F, 0x00, 0x00, 0x3D, 0x0E, 0x00, 0x00, 0x2F, 0x1D, 0x00, 0x00, 0x0F,
    0x3C, 0x00, 0x00, 0x0F, 0xB8, 0x00, 0x00, 0x07, 0xF0, 0x00, 0x00, 0x03, 0xF0, 0x00, 0x00, 0x02,
    0xD0, 0x00, 0x15, 0x54, 0x00, 0x40, 0x05, 0x54, 0x7F, 0xFC, 0x01, 0xC0, 0x2F, 0xFE, 0x1F, 0xC0,
    0x03, 0xE0, 0x01, 0xF4, 0x0B, 0xC0, 0x03, 0xF0, 0x01, 0xE0, 0x03, 0xD0, 0x07, 0xF0, 0x02, 0xD0,
    0x03, 0xE0, 0x0F, 0xB8, 0x03, 0xC0, 0x01, 0xF0, 0x0E, 0x7C, 0x03, 0x80, 0x00, 0xF4, 0x1C, 0x3D,
    0x0B, 0x00, 0x00, 0xBC, 0x2C, 0x2E, 0x0F, 0x00, 0x00, 0x3C, 0x38, 0x1F, 0x1D, 0x00, 0x00, 0x3E,
    0x70, 0x0F, 0x6C, 0x00, 0x00, 0x1F, 0xB0, 0x0B, 0xB8, 0x00, 0x00, 0x0F, 0xE0, 0x03, 0xF4, 0x00,
    0x00, 0x0B, 0xC0, 0x03, 0xF0, 0x00, 0x00, 0x07, 0xC0, 0x02, 0xE0, 0x00, 0x05, 0x54, 0x15, 0x54,
    0x0B, 0xFF, 0x4F, 0xFF, 0x00, 0x7F, 0x00, 0x7D, 0x00, 0x03, 0xD0, 0x2D, 0x00, 0x00, 0x3D, 0x0D,
    0x00, 0x00, 0x07, 0xCF, 0x00, 0x00, 0x00, 0xBF, 0x00, 0x00, 0x00, 0x0F, 0x80, 0x00, 0x00, 0x07,
    0xF4, 0x00, 0x00, 0x03, 0xDF, 0x00, 0x00, 0x02, 0xC2, 0xF0, 0x00, 0x01, 0xD0, 0x3E, 0x00, 0x01,
    0xF0, 0x03, 0xE0, 0x06, 0xFE, 0x02, 0xFF, 0x83, 0xFF, 0xD2, 0xFF, 0xF0, 0x00, 0x00, 0x00, 0x00,
    0x15, 0x54, 0x05, 0x55, 0x1F, 0xFF, 0x03, 0xFF, 0xC1, 0xFD, 0x00, 0x0F, 0x80, 0x1F, 0x40, 0x03,
    0xC0, 0x03, 0xE0, 0x01, 0xD0, 0x00, 0x7C, 0x00, 0xF0, 0x00, 0x0F, 0x40, 0x38, 0x00, 0x01, 0xF0,
    0x2C, 0x00, 0x00, 0x3D, 0x0F, 0x00, 0x00, 0x0B, 0x87, 0x80, 0x00, 0x00, 0xF2, 0xC0, 0x00, 0x00,
    0x2E, 0xF0, 0x00, 0x00, 0x07, 0xF4, 0x00, 0x00, 0x00, 0xFC, 0x00, 0x00, 0x00, 0x1E, 0x00, 0x00,
    0x00, 0x07, 0x40, 0x00, 0x00, 0x03, 0xC0, 0x00, 0x00, 0x00, 0xE0, 0x00, 0x00, 0x00, 0xB0, 0x00,
    0x00, 0x00, 0x3C, 0x00, 0x00, 0x00, 0x2D, 0x00, 0x00, 0x00, 0x0B, 0x00, 0x00, 0x00, 0x00, 0x00,
    0x00, 0x00, 0x15, 0x55, 0x54, 0x7F, 0xFF, 0xFC, 0x7C, 0x00, 0xFC, 0x78, 0x02, 0xF0, 0x74, 0x03,
    0xD0, 0x00, 0x0F, 0x80, 0x00, 0x1F, 0x00, 0x00, 0x3D, 0x00, 0x00, 0xF8, 0x00, 0x01, 0xF0, 0x00,
    0x03, 0xD0, 0x00, 0x0F, 0x80, 0x1D, 0x3F, 0x00, 0x2D, 0xBF, 0x55, 0xBD, 0xBF, 0xFF, 0xFC, 0x00,
    0x00, 0x00, 0x00, 0x00, 0x0F, 0xFD, 0x0F, 0x80, 0x0F, 0x80, 0x0B, 0x80, 0x0B, 0x80, 0x07, 0xC0,
    0x03, 0xC0, 0x03, 0xC0, 0x03, 0xC0, 0x02, 0xD0, 0x02, 0xD0, 0x02, 0xE0, 0x2F, 0xD0, 0x3D, 0x00,
    0x2F, 0xD0, 0x02, 0xE0, 0x02, 0xD0, 0x02, 0xD0, 0x03, 0xC0, 0x03, 0xC0, 0x03, 0xC0, 0x07, 0x80,
    0x0B, 0x80, 0x0B, 0x80, 0x0F, 0x40, 0x0F, 0x90, 0x0F, 0xFD, 0x00, 0x00, 0x02, 0xCB, 0x2C, 0xB2,
    0xCB, 0x2C, 0xB2, 0xCB, 0x2C, 0xB2, 0xCB, 0x2C, 0xB2, 0xCB, 0x2C, 0xB2, 0xCB, 0x2C, 0xB2, 0xC5,
    0x00, 0x00, 0x00, 0x7F, 0xF0, 0x02, 0xF0, 0x02, 0xF0, 0x02, 0xE0, 0x02, 0xD0, 0x02, 0xD0, 0x03,
    0xC0, 0x03, 0xC0, 0x03, 0xC0, 0x07, 0x80, 0x07, 0x80, 0x0B, 0x80, 0x07, 0xF8, 0x00, 0x7C, 0x07,
    0xF8, 0x0B, 0x80, 0x07, 0x80, 0x07, 0x80, 0x03, 0xC0, 0x03, 0xC0, 0x03, 0xC0, 0x03, 0xD0, 0x02,
    0xD0, 0x02, 0xE0, 0x02, 0xF0, 0x07, 0xF0, 0x7F, 0xF0, 0x00, 0x00, 0x00, 0x00, 0x00, 0x00, 0xFF,
    0x80, 0x0D, 0x3F, 0xFF, 0xEB, 0xDB, 0x86, 0xFF, 0xF8, 0x10, 0x00, 0x6D, 0x00, 0x19, 0x0F, 0xC3,
    0xF0, 0xB8, 0x00, 0x00, 0x00, 0x00, 0x78, 0x1E, 0x07, 0x81, 0xE0, 0x78, 0x1E, 0x07, 0x81, 0xF0,
    0xBC, 0x2F, 0x0B, 0xC2, 0xF0, 0xBC, 0x3F, 0x0F, 0xC3, 0xF0, 0x00, 0x00, 0x07, 0x00, 0x00, 0x07,
    0x00, 0x00, 0x07, 0x00, 0x00, 0x07, 0x00, 0x00, 0xBF, 0xE4, 0x07, 0xFA, 0xFE, 0x1F, 0x80, 0x2E,
    0x3F, 0x00, 0x1D, 0x3D, 0x00, 0x08, 0x7C, 0x00, 0x00, 0xBC, 0x00, 0x00, 0xBC, 0x00, 0x00, 0xBC,
    0x00, 0x00, 0x7C, 0x00, 0x00, 0x3D, 0x00, 0x00, 0x3F, 0x00, 0x00, 0x0F, 0xC0, 0x19, 0x07, 0xFF,
    0xFE, 0x00, 0xBF, 0xE0, 0x00, 0x0D, 0x00, 0x00, 0x0C, 0x00, 0x00, 0x0C, 0x00, 0x00, 0x0C, 0x00,
    0x00, 0x00, 0x50, 0x00, 0x00, 0x7F, 0xFF, 0x80, 0x0B, 0xD4, 0x6F, 0x40, 0x3D, 0x00, 0x2D, 0x02,
    0xF0, 0x00, 0xB4, 0x0B, 0xC0, 0x01, 0xC0, 0x2F, 0x00, 0x00, 0x00, 0xBC, 0x00, 0x00, 0x02, 0xF0,
    0x00, 0x00, 0x0B, 0xC0, 0x00, 0x01, 0x7F, 0xAA, 0xA0, 0x2F, 0xFE, 0xA5, 0x40, 0x02, 0xF0, 0x00,
    0x00, 0x0B, 0xC0, 0x00, 0x00, 0x2F, 0x00, 0x00, 0x00, 0xBC, 0x00, 0x0B, 0x02, 0xF0, 0x00, 0x3C,
    0x0F, 0xC0, 0x00, 0xF1, 0xBF, 0xAA, 0xAF, 0x8F, 0xFF, 0xFF, 0xFD, 0x00, 0x00, 0x00, 0x00, 0x00,
    0x00, 0x00, 0x00, 0x70, 0x00, 0x40, 0x0D, 0x2C, 0x2F, 0xFF, 0x78, 0x0B, 0xFD, 0x5F, 0xF0, 0x03,
    0xE0, 0x03, 0xF0, 0x0B, 0xC0, 0x00, 0xF8, 0x0F, 0xC0, 0x00, 0xFC, 0x0F, 0x80, 0x00, 0xBC, 0x0F,
    0x40, 0x00, 0xBC, 0x0F, 0x40, 0x00, 0xBC, 0x0F, 0x80, 0x00, 0xBC, 0x0F, 0xC0, 0x00, 0xFC, 0x07,
    0xD0, 0x01, 0xF4, 0x03, 0xF0, 0x03, 0xF0, 0x0F, 0xFF, 0xBF, 0xF0, 0x3C, 0x1B, 0xF9, 0x3C, 0x70,
    0x00, 0x00, 0x0D, 0x00, 0x00, 0x00, 0x00, 0x00, 0x00, 0x00, 0x00, 0x0F, 0xFF, 0xD0, 0x3F, 0xFF,
    0x6F, 0xE4, 0x01, 0xBF, 0x90, 0x7D, 0x00, 0x03, 0xC0, 0x03, 0xF0, 0x00, 0xB8, 0x00, 0x0F, 0x40,
    0x0F, 0x00, 0x00, 0xBC, 0x02, 0xD0, 0x00, 0x03, 0xD0, 0x3C, 0x00, 0x00, 0x2F, 0x0B, 0x40, 0x00,
    0x00, 0xF8, 0xF0, 0x00, 0x00, 0x0B, 0xFD, 0x00, 0x00, 0xAA, 0xFF, 0xFF, 0xE0, 0x09, 0x56, 0xF4,
    0x00, 0x00, 0x00, 0x1F, 0x40, 0x00, 0x0A, 0xAB, 0xFF, 0xFF, 0x00, 0xAA, 0x6F, 0x50, 0x00, 0x00,
    0x01, 0xF4, 0x00, 0x00, 0x00, 0x1F, 0x40, 0x00, 0x00, 0x07, 0xFE, 0x40, 0x00, 0x02, 0xFF, 0xFC,
    0x00, 0x00, 0x00, 0x00, 0x00, 0x00, 0x0F, 0xFF, 0xFF, 0xFF, 0xFF, 0xF5, 0x00, 0x00, 0x0F, 0xFF,
    0xFF, 0xFF, 0xFF, 0x50, 0x06, 0xFF, 0x90, 0x2F, 0xAB, 0xF0, 0x7D, 0x00, 0xB0, 0xBC, 0x00, 0x70,
    0xBC, 0x00, 0x10, 0xBE, 0x00, 0x00, 0x3F, 0x80, 0x00, 0x1F, 0xF8, 0x00, 0x03, 0xFF, 0x80, 0x1C,
    0x6F, 0xF0, 0x38, 0x02, 0xFC, 0xB8, 0x00, 0xBC, 0x7D, 0x00, 0x3C, 0x3F, 0x80, 0x38, 0x0F, 0xF8,
    0x20, 0x01, 0xFF, 0x80, 0x00, 0x1F, 0xF0, 0x00, 0x02, 0xFC, 0x00, 0x00, 0xFD, 0x34, 0x00, 0x7D,
    0x38, 0x00, 0x7D, 0x78, 0x00, 0xBC, 0x7E, 0x57, 0xF8, 0x1F, 0xFF, 0xD0, 0x00, 0x54, 0x00, 0x19,
    0x02, 0x83, 0xF0, 0xFD, 0x3F, 0x0F, 0xC1, 0x80, 0x24, 0x00, 0x00, 0x6F, 0xE4, 0x00, 0x00, 0x00,
    0x2F, 0x95, 0xBE, 0x00, 0x00, 0x03, 0xD0, 0x00, 0x0B, 0x40, 0x00, 0x38, 0x00, 0x00, 0x07, 0x40,
    0x03, 0x80, 0x05, 0x50, 0x07, 0x40, 0x2C, 0x01, 0xFF, 0xF8, 0x0B, 0x00, 0xC0, 0x1F, 0x40, 0xE0,
    0x0D, 0x0B, 0x00, 0xF4, 0x02, 0x80, 0x2C, 0x34, 0x07, 0xC0, 0x00, 0x00, 0x30, 0xD0, 0x2E, 0x00,
    0x00, 0x00, 0xC3, 0x00, 0xF8, 0x00, 0x00, 0x03, 0x4C, 0x03, 0xE0, 0x00, 0x00, 0x0D, 0x34, 0x0B,
    0xC0, 0x00, 0x00, 0x30, 0xA0, 0x1F, 0x00, 0x00, 0x01, 0xC1, 0xC0, 0x3E, 0x00, 0x70, 0x0A, 0x03,
    0x80, 0x7E, 0x07, 0xC0, 0x30, 0x07, 0x00, 0x3F, 0xFE, 0x03, 0x80, 0x0B, 0x00, 0x00, 0x00, 0x2C,
    0x00, 0x0B, 0x40, 0x00, 0x03, 0xC0, 0x00, 0x07, 0xD0, 0x00, 0xB8, 0x00, 0x00, 0x02, 0xFF, 0xFE,
    0x00, 0x00, 0x00, 0x00, 0x15, 0x40, 0x00, 0x00, 0x06, 0x90, 0x03, 0xFF, 0xC0, 0x28, 0x1E, 0x01,
    0x41, 0xE0, 0x01, 0x6F, 0x02, 0xFA, 0xF0, 0x3C, 0x1F, 0x07, 0xC3, 0xF0, 0x3F, 0xEF, 0xC0, 0x64,
    0x54, 0x00, 0x10, 0x04, 0x00, 0x34, 0x1D, 0x00, 0xF0, 0x3C, 0x02, 0xD0, 0xF0, 0x0B, 0xC2, 0xE0,
    0x1F, 0x47, 0xC0, 0x3F, 0x0F, 0x80, 0x2F, 0x0B, 0xC0, 0x0B, 0x83, 0xE0, 0x03, 0xC0, 0xF0, 0x00,
    0xF0, 0x78, 0x00, 0x74, 0x2C, 0x00, 0x24, 0x09, 0xFF, 0xFF, 0xFF, 0xDF, 0xFF, 0xFF, 0xFD, 0x00,
    0x00, 0x02, 0xD0, 0x00, 0x00, 0x2D, 0x00, 0x00, 0x02, 0xD0, 0x00, 0x00, 0x2D, 0x00, 0x00, 0x02,
    0xD0, 0x55, 0x56, 0xFF, 0xE6, 0xAA, 0x40, 0x00, 0x00, 0x6F, 0xE4, 0x00, 0x00, 0x00, 0x2F, 0x95,
    0xBE, 0x00, 0x00, 0x03, 0xD0, 0x00, 0x0B, 0x40, 0x00, 0x38, 0x00, 0x00, 0x07, 0x40, 0x03, 0x81,
    0x05, 0x40, 0x07, 0x40, 0x2C, 0x0F, 0xFF, 0xE0, 0x0B, 0x00, 0xC0, 0x0F, 0x43, 0xE0, 0x0D, 0x0B,
    0x00, 0x3D, 0x07, 0xC0, 0x2C, 0x34, 0x00, 0xF4, 0x1F, 0x00, 0x30, 0xD0, 0x03, 0xD0, 0xB8, 0x00,
    0xC3, 0x00, 0x0F, 0x47, 0xC0, 0x03, 0x4C, 0x00, 0x3F, 0xFC, 0x00, 0x0D, 0x34, 0x00, 0xF4, 0xF0,
    0x00, 0x30, 0xA0, 0x03, 0xD2, 0xF0, 0x01, 0xC1, 0xC0, 0x0F, 0x43, 0xD0, 0x0A, 0x03, 0x80, 0x3E,
    0x07, 0xC0, 0x30, 0x07, 0x03, 0xFE, 0x0F, 0xC3, 0x80, 0x0B, 0x00, 0x00, 0x00, 0x2C, 0x00, 0x0B,
    0x40, 0x00, 0x03, 0xC0, 0x00, 0x07, 0xD0, 0x00, 0xB8, 0x00, 0x00, 0x02, 0xFF, 0xFE, 0x00, 0x00,
    0x00, 0x00, 0x15, 0x40, 0x00, 0x00, 0x00, 0x00, 0x3F, 0xFF, 0xF5, 0x55, 0x54, 0x06, 0xE0, 0x2F,
    0xFC, 0x3C, 0x2E, 0x78, 0x0F, 0xB8, 0x0F, 0x7C, 0x1F, 0x3D, 0x3D, 0x1F, 0xF8, 0x01, 0x40, 0x00,
    0x04, 0x00, 0x00, 0x01, 0xE0, 0x00, 0x00, 0x1E, 0x00, 0x00, 0x01, 0xE0, 0x00, 0x00, 0x1E, 0x00,
    0x0A, 0xAB, 0xFA, 0xA8, 0xFF, 0xFF, 0xFF, 0xD5, 0x56, 0xE0, 0x00, 0x00, 0x1E, 0x00, 0x00, 0x01,
    0xE0, 0x00, 0x00, 0x1E, 0x00, 0x00, 0x01, 0xE0, 0x00, 0x00, 0x1E, 0x00, 0x00, 0x01, 0xE0, 0x00,
    0x00, 0x00, 0x00, 0x00, 0x00, 0x00, 0x00, 0xFF, 0xFF, 0xFF, 0xDF, 0xFF, 0xFF, 0xFD, 0x01, 0x40,
    0x0F, 0xFF, 0x03, 0x43, 0xF0, 0xC0, 0x7C, 0x00, 0x1F, 0x00, 0x0B, 0x80, 0x07, 0xC0, 0x07, 0xC0,
    0x07, 0xC0, 0x07, 0xC0, 0xA7, 0xD5, 0x7A, 0xFF, 0xFE, 0x15, 0x55, 0x00, 0x05, 0x00, 0xBF, 0xF0,
    0xB0, 0xBC, 0xA0, 0x3C, 0x00, 0x7C, 0x00, 0xF4, 0x0F, 0xE0, 0x05, 0xFC, 0x00, 0x3D, 0x00, 0x3E,
    0x00, 0x3D, 0x00, 0xF8, 0x0B, 0xE0, 0xFE, 0x00, 0x00, 0x00, 0x00, 0x10, 0x00, 0xB8, 0x01, 0xF4,
    0x07, 0xC0, 0x1F, 0x00, 0x28, 0x00, 0x00, 0x00, 0x00, 0x18, 0x00, 0x18, 0x0B, 0xFC, 0x00, 0xBC,
    0x0A, 0xFC, 0x00, 0xF8, 0x00, 0xB8, 0x00, 0xF4, 0x00, 0xF4, 0x01, 0xF4, 0x00, 0xF0, 0x02, 0xF0,
    0x00, 0xF0, 0x03, 0xF0, 0x01, 0xF0, 0x07, 0xE0, 0x01, 0xE0, 0x0B, 0xD0, 0x02, 0xD0, 0x0F, 0xD0,
    0x03, 0xD0, 0x3B, 0xC0, 0x03, 0xD0, 0xB7, 0xC0, 0x03, 0xD1, 0xD7, 0xC0, 0x07, 0xFF, 0x4B, 0xFD,
    0x0B, 0xFD, 0x0F, 0xE4, 0x0B, 0x00, 0x04, 0x00, 0x0E, 0x00, 0x00, 0x00, 0x0E, 0x00, 0x00, 0x00,
    0x1E, 0x00, 0x00, 0x00, 0x2D, 0x00, 0x00, 0x00, 0x3D, 0x00, 0x00, 0x00, 0x3D, 0x00, 0x00, 0x00,
    0x3C, 0x00, 0x00, 0x00, 0x00, 0x00, 0x00, 0x00, 0x00, 0x6A, 0xAA, 0xA8, 0x03, 0xFF, 0xEF, 0xFC,
    0x0F, 0xFF, 0x8F, 0xC0, 0x2F, 0xFF, 0x8F, 0x80, 0x3F, 0xFF, 0x8F, 0x80, 0x3F, 0xFF, 0x8F, 0x80,
    0x7F, 0xFF, 0x8F, 0x80, 0x3F, 0xFF, 0x8F, 0x80, 0x3F, 0xFF, 0x8F, 0x80, 0x1F, 0xFF, 0x8F, 0x80,
    0x0B, 0xFF, 0x8F, 0x80, 0x01, 0xFF, 0x8F, 0x80, 0x00, 0x05, 0x4F, 0x80, 0x00, 0x00, 0x0F, 0x80,
    0x00, 0x00, 0x0F, 0x80, 0x00, 0x00, 0x0F, 0x80, 0x00, 0x00, 0x0F, 0x80, 0x00, 0x00, 0x0F, 0x80,
    0x00, 0x00, 0x0F, 0x80, 0x00, 0x00, 0x0F, 0x80, 0x00, 0x00, 0x0F, 0x80, 0x00, 0x00, 0x0F, 0x80,
    0x00, 0x01, 0xFF, 0xC0, 0x00, 0x01, 0xAA, 0x40, 0x28, 0xFE, 0xFE, 0xBD, 0x00, 0x08, 0x07, 0x01,
    0x80, 0xB8, 0x1B, 0x80, 0xE0, 0x75, 0xF4, 0x00, 0x00, 0x00, 0x40, 0x07, 0xD0, 0x2F, 0xD0, 0xBB,
    0xC0, 0x03, 0xC0, 0x03, 0xC0, 0x03, 0xC0, 0x03, 0xC0, 0x03, 0xC0, 0x03, 0xC0, 0x03, 0xD0, 0x6F,
    0xFC, 0x15, 0x54, 0x01, 0xA4, 0x00, 0xFF, 0xF0, 0x3D, 0x0B, 0x87, 0xC0, 0x7C, 0x7C, 0x03, 0xC7,
    0xC0, 0x3C, 0x7C, 0x07, 0xC3, 0xD0, 0xB8, 0x1F, 0xBF, 0x00, 0x1A, 0x40, 0x10, 0x04, 0x00, 0x74,
    0x2C, 0x00, 0x3C, 0x0F, 0x00, 0x1F, 0x07, 0x80, 0x0F, 0x83, 0xD0, 0x03, 0xD1, 0xF0, 0x02, 0xF0,
    0xFC, 0x03, 0xE0, 0xF4, 0x0B, 0xC3, 0xE0, 0x0F, 0x07, 0xC0, 0x2D, 0x0F, 0x00, 0x78, 0x1D, 0x00,
    0x60, 0x18, 0x00, 0x00, 0x00, 0x00, 0x00, 0x00, 0x00, 0x00, 0x50, 0x00, 0x00, 0x34, 0x00, 0x03,
    0xF0, 0x00, 0x00, 0xB4, 0x00, 0x1F, 0xF0, 0x00, 0x00, 0xF0, 0x00, 0x3E, 0xF0, 0x00, 0x02, 0xC0,
    0x00, 0x01, 0xF0, 0x00, 0x07, 0x80, 0x00, 0x01, 0xF0, 0x00, 0x0F, 0x00, 0x00, 0x01, 0xF0, 0x00,
    0x1D, 0x00, 0x00, 0x01, 0xF0, 0x00, 0x3C, 0x00, 0x00, 0x01, 0xF0, 0x00, 0xB4, 0x00, 0x70, 0x01,
    0xF0, 0x01, 0xE0, 0x00, 0xF4, 0x01, 0xF0, 0x03, 0xC0, 0x03, 0xD0, 0x3F, 0xFF, 0x07, 0x80, 0x0B,
    0x40, 0x15, 0x54, 0x0F, 0x00, 0x1E, 0x00, 0x00, 0x00, 0x2D, 0x00, 0x3C, 0x10, 0x00, 0x00, 0x3C,
    0x00, 0xF4, 0xF0, 0x00, 0x00, 0xF0, 0x02, 0xE0, 0xF0, 0x00, 0x01, 0xE0, 0x03, 0xEA, 0xFE, 0x00,
    0x03, 0xC0, 0x01, 0xAA, 0xF9, 0x00, 0x0B, 0x40, 0x00, 0x00, 0xF0, 0x00, 0x0F, 0x00, 0x00, 0x00,
    0xF0, 0x00, 0x2C, 0x00, 0x00, 0x0F, 0xFE, 0x00, 0x38, 0x00, 0x00, 0x00, 0x00, 0x00, 0x00, 0x00,
    0x00, 0x00, 0x00, 0x00, 0x00, 0x00, 0x00, 0x00, 0x00, 0x00, 0x50, 0x00, 0x00, 0x34, 0x00, 0x03,
    0xF0, 0x00, 0x00, 0xB4, 0x00, 0x1F, 0xF0, 0x00, 0x00, 0xF0, 0x00, 0x3E, 0xF0, 0x00, 0x02, 0xC0,
    0x00, 0x01, 0xF0, 0x00, 0x07, 0x80, 0x00, 0x01, 0xF0, 0x00, 0x0F, 0x00, 0x00, 0x01, 0xF0, 0x00,
    0x1D, 0x00, 0x00, 0x01, 0xF0, 0x00, 0x3C, 0x00, 0x00, 0x01, 0xF0, 0x00, 0xB4, 0x00, 0x00, 0x01,
    0xF0, 0x01, 0xE0, 0x6A, 0x90, 0x01, 0xF0, 0x03, 0xC0, 0xFF, 0xF8, 0x3F, 0xFF, 0x07, 0x80, 0xD0,
    0x7C, 0x15, 0x54, 0x0F, 0x00, 0xC0, 0x3C, 0x00, 0x00, 0x2D, 0x00, 0x00, 0x7C, 0x00, 0x00, 0x3C,
    0x00, 0x00, 0xF8, 0x00, 0x00, 0xF0, 0x00, 0x02, 0xF0, 0x00, 0x01, 0xE0, 0x00, 0x0B, 0xC0, 0x00,
    0x03, 0xC0, 0x00, 0x2F, 0x00, 0x00, 0x0B, 0x40, 0x00, 0xB8, 0x0A, 0x00, 0x0F, 0x00, 0x01, 0xFA,
    0xBE, 0x00, 0x2C, 0x00, 0x01, 0xFF, 0xFE, 0x00, 0x38, 0x00, 0x00, 0x00, 0x00, 0x00, 0x00, 0x00,
    0x00, 0x00, 0x00, 0x00, 0x00, 0x00, 0x00, 0x00, 0x00, 0x01, 0x54, 0x00, 0x00, 0x02, 0x40, 0x03,
    0xFF, 0xC0, 0x00, 0x01, 0xE0, 0x00, 0xA0, 0xBC, 0x00, 0x00, 0xF0, 0x00, 0x24, 0x0F, 0x00, 0x00,
    0xB4, 0x00, 0x00, 0x07, 0xC0, 0x00, 0x3C, 0x00, 0x00, 0x07, 0xC0, 0x00, 0x2C, 0x00, 0x00, 0x1F,
    0xE0, 0x00, 0x1E, 0x00, 0x00, 0x01, 0x7F, 0x00, 0x0F, 0x00, 0x00, 0x00, 0x03, 0xD0, 0x0B, 0x40,
    0x03, 0x00, 0x00, 0xF4, 0x03, 0xC0, 0x03, 0xD0, 0x00, 0x3C, 0x02, 0xD0, 0x02, 0xD0, 0x00, 0x3E,
    0x01, 0xE0, 0x01, 0xE0, 0x01, 0xBD, 0x00, 0xF0, 0x00, 0xF0, 0x03, 0xE4, 0x00, 0x78, 0x00, 0xF0,
    0x40, 0x00, 0x00, 0x3C, 0x00, 0xB4, 0xF0, 0x00, 0x00, 0x2D, 0x00, 0xB8, 0x3C, 0x00, 0x00, 0x0E,
    0x00, 0x3F, 0xAF, 0xE0, 0x00, 0x0F, 0x00, 0x02, 0xAB, 0xE8, 0x00, 0x07, 0x80, 0x00, 0x00, 0xF0,
    0x00, 0x03, 0xC0, 0x00, 0x00, 0x3D, 0x00, 0x02, 0xD0, 0x00, 0x00, 0xFF, 0xE0, 0x00, 0xF0, 0x00,
    0x00, 0x00, 0x00, 0x00, 0x00, 0x00, 0x00, 0x00, 0x00, 0x00, 0x02, 0x80, 0x00, 0x2F, 0x80, 0x00,
    0xBE, 0x00, 0x00, 0xF4, 0x00, 0x00, 0x00, 0x00, 0x00, 0x00, 0x00, 0x00, 0x00, 0x01, 0xF0, 0x00,
    0x03, 0xC0, 0x00, 0x0F, 0x00, 0x00, 0x7C, 0x00, 0xBF, 0xF0, 0x0F, 0xEA, 0x40, 0xFC, 0x00, 0x07,
    0xC0, 0x00, 0x3F, 0x00, 0x00, 0xF8, 0x00, 0x03, 0xE0, 0x00, 0x0F, 0xC0, 0x0E, 0x2F, 0x00, 0x3C,
    0x3F, 0x00, 0xF0, 0x3F, 0xAB, 0xC0, 0x2F, 0xF9, 0x00, 0x00, 0x00, 0x00, 0x00, 0x00, 0x00, 0x0D,
    0x00, 0x00, 0x00, 0x00, 0x1F, 0xD0, 0x00, 0x00, 0x00, 0x02, 0xFD, 0x00, 0x00, 0x00, 0x00, 0x1B,
    0x80, 0x00, 0x00, 0x00, 0x00, 0x00, 0x00, 0x00, 0x00, 0x64, 0x00, 0x00, 0x00, 0x00, 0xBC, 0x00,
    0x00, 0x00, 0x00, 0xFC, 0x00, 0x00, 0x00, 0x01, 0xFE, 0x00, 0x00, 0x00, 0x02, 0xFF, 0x00, 0x00,
    0x00, 0x03, 0xDF, 0x00, 0x00, 0x00, 0x07, 0x8F, 0x80, 0x00, 0x00, 0x0B, 0x4B, 0xC0, 0x00, 0x00,
    0x0F, 0x07, 0xD0, 0x00, 0x00, 0x1E, 0x03, 0xE0, 0x00, 0x00, 0x2D, 0x02, 0xF0, 0x00, 0x00, 0x3C,
    0x00, 0xF4, 0x00, 0x00, 0x7C, 0x00, 0xFC, 0x00, 0x00, 0xBF, 0xFF, 0xFC, 0x00, 0x00, 0xF5, 0x55,
    0x7E, 0x00, 0x00, 0xF0, 0x00, 0x3F, 0x00, 0x02, 0xD0, 0x00, 0x1F, 0x40, 0x03, 0xC0, 0x00, 0x0F,
    0x80, 0x07, 0xC0, 0x00, 0x0F, 0xC0, 0x2F, 0xF8, 0x00, 0x6F, 0xF8, 0xBF, 0xFC, 0x00, 0xFF, 0xFC,
    0x00, 0x00, 0x00, 0x00, 0x00, 0x00, 0x00, 0x00, 0x00, 0x00, 0x00, 0x00, 0x00, 0xA0, 0x00, 0x00,
    0x00, 0x0B, 0xF0, 0x00, 0x00, 0x00, 0xBF, 0x40, 0x00, 0x00, 0x03, 0xE0, 0x00, 0x00, 0x00, 0x01,
    0x00, 0x00, 0x00, 0x00, 0x00, 0x64, 0x00, 0x00, 0x00, 0x00, 0xBC, 0x00, 0x00, 0x00, 0x00, 0xFC,
    0x00, 0x00, 0x00, 0x01, 0xFE, 0x00, 0x00, 0x00, 0x02, 0xFF, 0x00, 0x00, 0x00, 0x03, 0xDF, 0x00,
    0x00, 0x00, 0x07, 0x8F, 0x80, 0x00, 0x00, 0x0B, 0x4B, 0xC0, 0x00, 0x00, 0x0F, 0x07, 0xD0, 0x00,
    0x00, 0x1E, 0x03, 0xE0, 0x00, 0x00, 0x2D, 0x02, 0xF0, 0x00, 0x00, 0x3C, 0x00, 0xF4, 0x00, 0x00,
    0x7C, 0x00, 0xFC, 0x00, 0x00, 0xBF, 0xFF, 0xFC, 0x00, 0x00, 0xF5, 0x55, 0x7E, 0x00, 0x00, 0xF0,
    0x00, 0x3F, 0x00, 0x02, 0xD0, 0x00, 0x1F, 0x40, 0x03, 0xC0, 0x00, 0x0F, 0x80, 0x07, 0xC0, 0x00,
    0x0F, 0xC0, 0x2F, 0xF8, 0x00, 0x6F, 0xF8, 0xBF, 0xFC, 0x00, 0xFF, 0xFC, 0x00, 0x00, 0x00, 0x00,
    0x00, 0x00, 0x00, 0x00, 0x00, 0x00, 0x00, 0x01, 0xFE, 0x00, 0x00, 0x00, 0x0F, 0xEF, 0xC0, 0x00,
    0x00, 0x3D, 0x01, 0xF4, 0x00, 0x00, 0x10, 0x00, 0x10, 0x00, 0x00, 0x00, 0x64, 0x00, 0x00, 0x00,
    0x00, 0xBC, 0x00, 0x00, 0x00, 0x00, 0xFC, 0x00, 0x00, 0x00, 0x01, 0xFE, 0x00, 0x00, 0x00, 0x02,
    0xFF, 0x00, 0x00, 0x00, 0x03, 0xDF, 0x00, 0x00, 0x00, 0x07, 0x8F, 0x80, 0x00, 0x00, 0x0B, 0x4B,
    0xC0, 0x00, 0x00, 0x0F, 0x07, 0xD0, 0x00, 0x00, 0x1E, 0x03, 0xE0, 0x00, 0x00, 0x2D, 0x02, 0xF0,
    0x00, 0x00, 0x3C, 0x00, 0xF4, 0x00, 0x00, 0x7C, 0x00, 0xFC, 0x00, 0x00, 0xBF, 0xFF, 0xFC, 0x00,
    0x00, 0xF5, 0x55, 0x7E, 0x00, 0x00, 0xF0, 0x00, 0x3F, 0x00, 0x02, 0xD0, 0x00, 0x1F, 0x40, 0x03,
    0xC0, 0x00, 0x0F, 0x80, 0x07, 0xC0, 0x00, 0x0F, 0xC0, 0x2F, 0xF8, 0x00, 0x6F, 0xF8, 0xBF, 0xFC,
    0x00, 0xFF, 0xFC, 0x00, 0x00, 0x00, 0x00, 0x00, 0x00, 0x00, 0x00, 0x00, 0x00, 0x00, 0x0B, 0x90,
    0x30, 0x00, 0x00, 0x2F, 0xFF, 0xF0, 0x00, 0x00, 0x34, 0x2F, 0xC0, 0x00, 0x00, 0x10, 0x00, 0x00,
    0x00, 0x00, 0x00, 0x64, 0x00, 0x00, 0x00, 0x00, 0xBC, 0x00, 0x00, 0x00, 0x00, 0xFC, 0x00, 0x00,
    0x00, 0x01, 0xFE, 0x00, 0x00, 0x00, 0x02, 0xFF, 0x00, 0x00, 0x00, 0x03, 0xDF, 0x00, 0x00, 0x00,
    0x07, 0x8F, 0x80, 0x00, 0x00, 0x0B, 0x4B, 0xC0, 0x00, 0x00, 0x0F, 0x07, 0xD0, 0x00, 0x00, 0x1E,
    0x03, 0xE0, 0x00, 0x00, 0x2D, 0x02, 0xF0, 0x00, 0x00, 0x3C, 0x00, 0xF4, 0x00, 0x00, 0x7C, 0x00,
    0xFC, 0x00, 0x00, 0xBF, 0xFF, 0xFC, 0x00, 0x00, 0xF5, 0x55, 0x7E, 0x00, 0x00, 0xF0, 0x00, 0x3F,
    0x00, 0x02, 0xD0, 0x00, 0x1F, 0x40, 0x03, 0xC0, 0x00, 0x0F, 0x80, 0x07, 0xC0, 0x00, 0x0F, 0xC0,
    0x2F, 0xF8, 0x00, 0x6F, 0xF8, 0xBF, 0xFC, 0x00, 0xFF, 0xFC, 0x00, 0x00, 0x00, 0x00, 0x00, 0x00,
    0x0A, 0x02, 0x80, 0x00, 0x00, 0x2F, 0x47, 0xE0, 0x00, 0x00, 0x2F, 0x47, 0xE0, 0x00, 0x00, 0x05,
    0x01, 0x80, 0x00, 0x00, 0x00, 0x64, 0x00, 0x00, 0x00, 0x00, 0xBC, 0x00, 0x00, 0x00, 0x00, 0xFC,
    0x00, 0x00, 0x00, 0x01, 0xFE, 0x00, 0x00, 0x00, 0x02, 0xFF, 0x00, 0x00, 0x00, 0x03, 0xDF, 0x00,
    0x00, 0x00, 0x07, 0x8F, 0x80, 0x00, 0x00, 0x0B, 0x4B, 0xC0, 0x00, 0x00, 0x0F, 0x07, 0xD0, 0x00,
    0x00, 0x1E, 0x03, 0xE0, 0x00, 0x00, 0x2D, 0x02, 0xF0, 0x00, 0x00, 0x3C, 0x00, 0xF4, 0x00, 0x00,
    0x7C, 0x00, 0xFC, 0x00, 0x00, 0xBF, 0xFF, 0xFC, 0x00, 0x00, 0xF5, 0x55, 0x7E, 0x00, 0x00, 0xF0,
    0x00, 0x3F, 0x00, 0x02, 0xD0, 0x00, 0x1F, 0x40, 0x03, 0xC0, 0x00, 0x0F, 0x80, 0x07, 0xC0, 0x00,
    0x0F, 0xC0, 0x2F, 0xF8, 0x00, 0x6F, 0xF8, 0xBF, 0xFC, 0x00, 0xFF, 0xFC, 0x00, 0x00, 0x00, 0x00,
    0x00, 0x00, 0x00, 0x54, 0x00, 0x00, 0x00, 0x02, 0xEE, 0x00, 0x00, 0x00, 0x03, 0x43, 0x00, 0x00,
    0x00, 0x03, 0x47, 0x00, 0x00, 0x00, 0x02, 0xEE, 0x00, 0x00, 0x00, 0x00, 0x54, 0x00, 0x00, 0x00,
    0x00, 0x64, 0x00, 0x00, 0x00, 0x00, 0xBC, 0x00, 0x00, 0x00, 0x00, 0xFC, 0x00, 0x00, 0x00, 0x01,
    0xFE, 0x00, 0x00, 0x00, 0x02, 0xFF, 0x00, 0x00, 0x00, 0x03, 0xDF, 0x00, 0x00, 0x00, 0x07, 0x8F,
    0x80, 0x00, 0x00, 0x0B, 0x4B, 0xC0, 0x00, 0x00, 0x0F, 0x07, 0xD0, 0x00, 0x00, 0x1E, 0x03, 0xE0,
    0x00, 0x00, 0x2D, 0x02, 0xF0, 0x00, 0x00, 0x3C, 0x00, 0xF4, 0x00, 0x00, 0x7C, 0x00, 0xFC, 0x00,
    0x00, 0xBF, 0xFF, 0xFC, 0x00, 0x00, 0xF5, 0x55, 0x7E, 0x00, 0x00, 0xF0, 0x00, 0x3F, 0x00, 0x02,
    0xD0, 0x00, 0x1F, 0x40, 0x03, 0xC0, 0x00, 0x0F, 0x80, 0x07, 0xC0, 0x00, 0x0F, 0xC0, 0x2F, 0xF8,
    0x00, 0x6F, 0xF8, 0xBF, 0xFC, 0x00, 0xFF, 0xFC, 0x00, 0x00, 0x00, 0x00, 0x00, 0x00, 0x00, 0x02,
    0xAA, 0xAA, 0xAA, 0x80, 0x00, 0x00, 0xBF, 0xFF, 0xFF, 0xFC, 0x00, 0x00, 0x0F, 0xF0, 0x00, 0x03,
    0xC0, 0x00, 0x02, 0xFF, 0x00, 0x00, 0x2D, 0x00, 0x00, 0x3E, 0xF0, 0x00, 0x01, 0x80, 0x00, 0x07,
    0x5F, 0x00, 0x00, 0x00, 0x00, 0x00, 0xF0, 0xF4, 0x00, 0x00, 0x00, 0x00, 0x1E, 0x0F, 0x40, 0x00,
    0x80, 0x00, 0x02, 0xC0, 0xF8, 0x00, 0x1C, 0x00, 0x00, 0x3C, 0x0B, 0xEA, 0xAB, 0xC0, 0x00, 0x0B,
    0x40, 0x7F, 0xFF, 0xFC, 0x00, 0x00, 0xF0, 0x07, 0xD0, 0x02, 0xC0, 0x00, 0x1E, 0x55, 0x7E, 0x00,
    0x1C, 0x00, 0x03, 0xFF, 0xFF, 0xE0, 0x00, 0x00, 0x00, 0x78, 0x00, 0x2F, 0x00, 0x00, 0x00, 0x0F,
    0x00, 0x02, 0xF0, 0x00, 0x00, 0x00, 0xE0, 0x00, 0x1F, 0x40, 0x00, 0xA0, 0x3D, 0x00, 0x00, 0xF8,
    0x00, 0x0F, 0x07, 0xC0, 0x00, 0x0F, 0xC0, 0x01, 0xE2, 0xFF, 0x80, 0x06, 0xFE, 0xAA, 0xBE, 0xBF,
    0xFC, 0x00, 0xFF, 0xFF, 0xFF, 0xD0, 0x00, 0x00, 0x00, 0x00, 0x00, 0x00, 0x00, 0x1B, 0xFF, 0x90,
    0x00, 0xFF, 0xAB, 0xFD, 0x03, 0xF4, 0x00, 0x3C, 0x0F, 0xC0, 0x00, 0x2C, 0x2F, 0x40, 0x00, 0x2C,
    0x3F, 0x00, 0x00, 0x00, 0x7E, 0x00, 0x00, 0x00, 0xBD, 0x00, 0x00, 0x00, 0xBC, 0x00, 0x00, 0x00,
    0xFC, 0x00, 0x00, 0x00, 0xFC, 0x00, 0x00, 0x00, 0xFC, 0x00, 0x00, 0x00, 0xFC, 0x00, 0x00, 0x00,
    0xBC, 0x00, 0x00, 0x00, 0x7D, 0x00, 0x00, 0x00, 0x3E, 0x00, 0x00, 0x00, 0x3F, 0x00, 0x00, 0x1D,
    0x0F, 0xC0, 0x00, 0x1D, 0x0B, 0xE0, 0x00, 0x2E, 0x02, 0xFD, 0x05, 0xBE, 0x00, 0x7F, 0xFF, 0xF9,
    0x00, 0x01, 0xE5, 0x00, 0x00, 0x00, 0xC0, 0x00, 0x00, 0x00, 0xF4, 0x00, 0x00, 0x00, 0xBC, 0x00,
    0x00, 0x00, 0x1C, 0x00, 0x00, 0x00, 0x3C, 0x00, 0x00, 0x03, 0xE0, 0x00, 0x00, 0x00, 0x00, 0x00,
    0x00, 0x00, 0x00, 0x00, 0x00, 0x60, 0x00, 0x00, 0x00, 0xFE, 0x00, 0x00, 0x00, 0x1F, 0xE0, 0x00,
    0x00, 0x00, 0xBC, 0x00, 0x00, 0x00, 0x04, 0x00, 0x2A, 0xAA, 0xAA, 0xA4, 0x3F, 0xFF, 0xFF, 0xF8,
    0x03, 0xF0, 0x00, 0xB8, 0x03, 0xF0, 0x00, 0x38, 0x03, 0xF0, 0x00, 0x24, 0x03, 0xE0, 0x00, 0x00,
    0x03, 0xE0, 0x00, 0x00, 0x03, 0xE0, 0x02, 0x40, 0x03, 0xE0, 0x03, 0x80, 0x03, 0xFA, 0xAB, 0x80,
    0x03, 0xFF, 0xFF, 0x80, 0x03, 0xF0, 0x03, 0x80, 0x03, 0xE0, 0x03, 0x80, 0x03, 0xE0, 0x00, 0x00,
    0x03, 0xE0, 0x00, 0x00, 0x03, 0xE0, 0x00, 0x00, 0x03, 0xE0, 0x00, 0x1D, 0x03, 0xF0, 0x00, 0x2D,
    0x03, 0xF0, 0x00, 0x3C, 0x1B, 0xFA, 0xAA, 0xFC, 0x7F, 0xFF, 0xFF, 0xFC, 0x00, 0x00, 0x00, 0x00,
    0x00, 0x00, 0x00, 0x00, 0x00, 0x00, 0x07, 0x00, 0x00, 0x00, 0x7F, 0x40, 0x00, 0x07, 0xF8, 0x00,
    0x00, 0x2F, 0x40, 0x00, 0x00, 0x00, 0x00, 0x00, 0x2A, 0xAA, 0xAA, 0xA4, 0x3F, 0xFF, 0xFF, 0xF8,
    0x03, 0xF0, 0x00, 0xB8, 0x03, 0xF0, 0x00, 0x38, 0x03, 0xF0, 0x00, 0x24, 0x03, 0xE0, 0x00, 0x00,
    0x03, 0xE0, 0x00, 0x00, 0x03, 0xE0, 0x02, 0x40, 0x03, 0xE0, 0x03, 0x80, 0x03, 0xFA, 0xAB, 0x80,
    0x03, 0xFF, 0xFF, 0x80, 0x03, 0xF0, 0x03, 0x80, 0x03, 0xE0, 0x03, 0x80, 0x03, 0xE0, 0x00, 0x00,
    0x03, 0xE0, 0x00, 0x00, 0x03, 0xE0, 0x00, 0x00, 0x03, 0xE0, 0x00, 0x1D, 0x03, 0xF0, 0x00, 0x2D,
    0x03, 0xF0, 0x00, 0x3C, 0x1B, 0xFA, 0xAA, 0xFC, 0x7F, 0xFF, 0xFF, 0xFC, 0x00, 0x00, 0x00, 0x00,
    0x00, 0x00, 0x00, 0x00, 0x00, 0x0F, 0xF0, 0x00, 0x00, 0xBE, 0xBE, 0x00, 0x03, 0xE0, 0x0B, 0xC0,
    0x00, 0x00, 0x00, 0x00, 0x2A, 0xAA, 0xAA, 0xA4, 0x3F, 0xFF, 0xFF, 0xF8, 0x03, 0xF0, 0x00, 0xB8,
    0x03, 0xF0, 0x00, 0x38, 0x03, 0xF0, 0x00, 0x24, 0x03, 0xE0, 0x00, 0x00, 0x03, 0xE0, 0x00, 0x00,
    0x03, 0xE0, 0x02, 0x40, 0x03, 0xE0, 0x03, 0x80, 0x03, 0xFA, 0xAB, 0x80, 0x03, 0xFF, 0xFF, 0x80,
    0x03, 0xF0, 0x03, 0x80, 0x03, 0xE0, 0x03, 0x80, 0x03, 0xE0, 0x00, 0x00, 0x03, 0xE0, 0x00, 0x00,
    0x03, 0xE0, 0x00, 0x00, 0x03, 0xE0, 0x00, 0x1D, 0x03, 0xF0, 0x00, 0x2D, 0x03, 0xF0, 0x00, 0x3C,
    0x1B, 0xFA, 0xAA, 0xFC, 0x7F, 0xFF, 0xFF, 0xFC, 0x00, 0x00, 0x00, 0x00, 0x00, 0x64, 0x19, 0x00,
    0x00, 0xFC, 0x3F, 0x00, 0x00, 0xFC, 0x3F, 0x00, 0x00, 0x60, 0x09, 0x00, 0x00, 0x00, 0x00, 0x00,
    0x2A, 0xAA, 0xAA, 0xA4, 0x3F, 0xFF, 0xFF, 0xF8, 0x03, 0xF0, 0x00, 0xB8, 0x03, 0xF0, 0x00, 0x38,
    0x03, 0xF0, 0x00, 0x24, 0x03, 0xE0, 0x00, 0x00, 0x03, 0xE0, 0x00, 0x00, 0x03, 0xE0, 0x02, 0x40,
    0x03, 0xE0, 0x03, 0x80, 0x03, 0xFA, 0xAB, 0x80, 0x03, 0xFF, 0xFF, 0x80, 0x03, 0xF0, 0x03, 0x80,
    0x03, 0xE0, 0x03, 0x80, 0x03, 0xE0, 0x00, 0x00, 0x03, 0xE0, 0x00, 0x00, 0x03, 0xE0, 0x00, 0x00,
    0x03, 0xE0, 0x00, 0x1D, 0x03, 0xF0, 0x00, 0x2D, 0x03, 0xF0, 0x00, 0x3C, 0x1B, 0xFA, 0xAA, 0xFC,
    0x7F, 0xFF, 0xFF, 0xFC, 0x00, 0x00, 0x00, 0x00, 0x00, 0x00, 0x0D, 0x00, 0x07, 0xF4, 0x00, 0x2F,
    0xD0, 0x00, 0x7E, 0x00, 0x00, 0x02, 0xAA, 0xA0, 0xFF, 0xFC, 0x03, 0xF0, 0x00, 0xFC, 0x00, 0x3F,
    0x00, 0x0F, 0x80, 0x03, 0xE0, 0x00, 0xF8, 0x00, 0x3E, 0x00, 0x0F, 0x80, 0x03, 0xE0, 0x00, 0xF8,
    0x00, 0x3E, 0x00, 0x0F, 0x80, 0x03, 0xE0, 0x00, 0xF8, 0x00, 0x3E, 0x00, 0x0F, 0xC0, 0x03, 0xF0,
    0x06, 0xFE, 0x97, 0xFF, 0xF4, 0x00, 0x00, 0x00, 0x00, 0x00, 0x00, 0x24, 0x00, 0x2F, 0xC0, 0x2F,
    0xD0, 0x0F, 0x80, 0x00, 0x40, 0x00, 0x2A, 0xAA, 0x03, 0xFF, 0xF0, 0x03, 0xF0, 0x00, 0x3F, 0x00,
    0x03, 0xF0, 0x00, 0x3E, 0x00, 0x03, 0xE0, 0x00, 0x3E, 0x00, 0x03, 0xE0, 0x00, 0x3E, 0x00, 0x03,
    0xE0, 0x00, 0x3E, 0x00, 0x03, 0xE0, 0x00, 0x3E, 0x00, 0x03, 0xE0, 0x00, 0x3E, 0x00, 0x03, 0xE0,
    0x00, 0x3F, 0x00, 0x03, 0xF0, 0x01, 0xBF, 0xA4, 0x7F, 0xFF, 0x40, 0x00, 0x00, 0x00, 0x00, 0x00,
    0x07, 0xF4, 0x00, 0xFE, 0xFC, 0x1F, 0x40, 0x7D, 0x10, 0x00, 0x10, 0x2A, 0xAA, 0x00, 0xFF, 0xFC,
    0x00, 0x3F, 0x00, 0x00, 0xFC, 0x00, 0x03, 0xF0, 0x00, 0x0F, 0x80, 0x00, 0x3E, 0x00, 0x00, 0xF8,
    0x00, 0x03, 0xE0, 0x00, 0x0F, 0x80, 0x00, 0x3E, 0x00, 0x00, 0xF8, 0x00, 0x03, 0xE0, 0x00, 0x0F,
    0x80, 0x00, 0x3E, 0x00, 0x00, 0xF8, 0x00, 0x03, 0xE0, 0x00, 0x0F, 0xC0, 0x00, 0x3F, 0x00, 0x06,
    0xFE, 0x90, 0x7F, 0xFF, 0x40, 0x00, 0x00, 0x00, 0x28, 0x0A, 0x2F, 0x47, 0xEB, 0xD1, 0xF8, 0x50,
    0x14, 0x00, 0x00, 0x0A, 0xAA, 0x83, 0xFF, 0xF0, 0x0F, 0xC0, 0x03, 0xF0, 0x00, 0xFC, 0x00, 0x3E,
    0x00, 0x0F, 0x80, 0x03, 0xE0, 0x00, 0xF8, 0x00, 0x3E, 0x00, 0x0F, 0x80, 0x03, 0xE0, 0x00, 0xF8,
    0x00, 0x3E, 0x00, 0x0F, 0x80, 0x03, 0xE0, 0x00, 0xF8, 0x00, 0x3F, 0x00, 0x0F, 0xC0, 0x1B, 0xFA,
    0x5F, 0xFF, 0xD0, 0x00, 0x00, 0x2A, 0xAA, 0xAA, 0x40, 0x00, 0x3F, 0xFF, 0xFF, 0xF4, 0x00, 0x03,
    0xF0, 0x01, 0xBF, 0x00, 0x03, 0xF0, 0x00, 0x1F, 0xC0, 0x03, 0xF0, 0x00, 0x07, 0xE0, 0x03, 0xE0,
    0x00, 0x03, 0xF0, 0x03, 0xE0, 0x00, 0x01, 0xF8, 0x03, 0xE0, 0x00, 0x00, 0xFC, 0x03, 0xE0, 0x00,
    0x00, 0xFC, 0x17, 0xF5, 0x40, 0x00, 0xBC, 0xBF, 0xFF, 0xD0, 0x00, 0xBC, 0x03, 0xE0, 0x00, 0x00,
    0xBC, 0x03, 0xE0, 0x00, 0x00, 0xBC, 0x03, 0xE0, 0x00, 0x00, 0xFC, 0x03, 0xE0, 0x00, 0x00, 0xF8,
    0x03, 0xE0, 0x00, 0x02, 0xF0, 0x03, 0xE0, 0x00, 0x03, 0xE0, 0x03, 0xF0, 0x00, 0x0F, 0xC0, 0x03,
    0xF0, 0x00, 0x7F, 0x00, 0x1B, 0xFA, 0xAB, 0xFC, 0x00, 0x7F, 0xFF, 0xFF, 0x90, 0x00, 0x00, 0x00,
    0x00, 0x00, 0x00, 0x00, 0x00, 0x00, 0x00, 0x00, 0x00, 0x00, 0x2E, 0x40, 0xC0, 0x00, 0x00, 0x0B,
    0xFF, 0xFC, 0x00, 0x00, 0x00, 0xD1, 0xBF, 0x00, 0x00, 0x00, 0x04, 0x00, 0x00, 0x00, 0x02, 0xA9,
    0x00, 0x00, 0xAA, 0xA8, 0x7F, 0xF4, 0x00, 0x0F, 0xFF, 0xC0, 0x3F, 0xC0, 0x00, 0x0B, 0xC0, 0x03,
    0xFE, 0x00, 0x00, 0xB8, 0x00, 0x2F, 0xF0, 0x00, 0x07, 0x40, 0x02, 0xDF, 0xC0, 0x00, 0x74, 0x00,
    0x2C, 0xBD, 0x00, 0x07, 0x40, 0x02, 0xC3, 0xF0, 0x00, 0x74, 0x00, 0x2C, 0x0F, 0xC0, 0x07, 0x40,
    0x02, 0xC0, 0x7E, 0x00, 0x74, 0x00, 0x2C, 0x02, 0xF4, 0x07, 0x40, 0x02, 0xC0, 0x0F, 0xC0, 0x74,
    0x00, 0x2C, 0x00, 0x7F, 0x07, 0x40, 0x02, 0xC0, 0x02, 0xF8, 0x74, 0x00, 0x2C, 0x00, 0x0F, 0xD7,
    0x40, 0x02, 0xC0, 0x00, 0x3F, 0xB4, 0x00, 0x2C, 0x00, 0x01, 0xFF, 0x40, 0x03, 0xC0, 0x00, 0x0B,
    0xF4, 0x00, 0x3C, 0x00, 0x00, 0x3F, 0x40, 0x1B, 0xF9, 0x00, 0x01, 0xF4, 0x03, 0xFF, 0xE0, 0x00,
    0x0B, 0x40, 0x00, 0x00, 0x00, 0x00, 0x00, 0x00, 0x00, 0x00, 0x00, 0x00, 0x00, 0x00, 0x0D, 0x00,
    0x00, 0x00, 0x00, 0x0F, 0xD0, 0x00, 0x00, 0x00, 0x02, 0xFD, 0x00, 0x00, 0x00, 0x00, 0x1B, 0x80,
    0x00, 0x00, 0x00, 0x00, 0x00, 0x00, 0x00, 0x0B, 0xFF, 0x90, 0x00, 0x00, 0xBF, 0x9A, 0xFC, 0x00,
    0x03, 0xF4, 0x00, 0x3F, 0x40, 0x0F, 0xC0, 0x00, 0x0F, 0xC0, 0x2F, 0x40, 0x00, 0x07, 0xE0, 0x3F,
    0x00, 0x00, 0x03, 0xF0, 0x7E, 0x00, 0x00, 0x01, 0xF8, 0xBD, 0x00, 0x00, 0x00, 0xFC, 0xFC, 0x00,
    0x00, 0x00, 0xFC, 0xFC, 0x00, 0x00, 0x00, 0xFC, 0xFC, 0x00, 0x00, 0x00, 0xFC, 0xFC, 0x00, 0x00,
    0x00, 0xFC, 0xFC, 0x00, 0x00, 0x00, 0xFC, 0xBD, 0x00, 0x00, 0x00, 0xFC, 0x7E, 0x00, 0x00, 0x01,
    0xF8, 0x3F, 0x00, 0x00, 0x02, 0xF4, 0x2F, 0x40, 0x00, 0x03, 0xF0, 0x0F, 0xC0, 0x00, 0x0B, 0xD0,
    0x07, 0xE0, 0x00, 0x2F, 0x80, 0x01, 0xFD, 0x01, 0xBE, 0x00, 0x00, 0x2F, 0xFF, 0xF4, 0x00, 0x00,
    0x01, 0x55, 0x00, 0x00, 0x00, 0x00, 0x00, 0x00, 0x00, 0x00, 0x00, 0x00, 0xA0, 0x00, 0x00, 0x00,
    0x0B, 0xF0, 0x00, 0x00, 0x00, 0xBF, 0x40, 0x00, 0x00, 0x03, 0xE0, 0x00, 0x00, 0x00, 0x01, 0x00,
    0x00, 0x00, 0x00, 0x0B, 0xFF, 0x90, 0x00, 0x00, 0xBF, 0x9A, 0xFC, 0x00, 0x03, 0xF4, 0x00, 0x3F,
    0x40, 0x0F, 0xC0, 0x00, 0x0F, 0xC0, 0x2F, 0x40, 0x00, 0x07, 0xE0, 0x3F, 0x00, 0x00, 0x03, 0xF0,
    0x7E, 0x00, 0x00, 0x01, 0xF8, 0xBD, 0x00, 0x00, 0x00, 0xFC, 0xFC, 0x00, 0x00, 0x00, 0xFC, 0xFC,
    0x00, 0x00, 0x00, 0xFC, 0xFC, 0x00, 0x00, 0x00, 0xFC, 0xFC, 0x00, 0x00, 0x00, 0xFC, 0xFC, 0x00,
    0x00, 0x00, 0xFC, 0xBD, 0x00, 0x00, 0x00, 0xFC, 0x7E, 0x00, 0x00, 0x01, 0xF8, 0x3F, 0x00, 0x00,
    0x02, 0xF4, 0x2F, 0x40, 0x00, 0x03, 0xF0, 0x0F, 0xC0, 0x00, 0x0B, 0xD0, 0x07, 0xE0, 0x00, 0x2F,
    0x80, 0x01, 0xFD, 0x01, 0xBE, 0x00, 0x00, 0x2F, 0xFF, 0xF4, 0x00, 0x00, 0x01, 0x55, 0x00, 0x00,
    0x00, 0x00, 0x00, 0x00, 0x00, 0x00, 0x01, 0xFE, 0x00, 0x00, 0x00, 0x0F, 0xEF, 0xD0, 0x00, 0x00,
    0x3D, 0x01, 0xF4, 0x00, 0x00, 0x10, 0x00, 0x10, 0x00, 0x00, 0x0B, 0xFF, 0x90, 0x00, 0x00, 0xBF,
    0x9A, 0xFC, 0x00, 0x03, 0xF4, 0x00, 0x3F, 0x40, 0x0F, 0xC0, 0x00, 0x0F, 0xC0, 0x2F, 0x40, 0x00,
    0x07, 0xE0, 0x3F, 0x00, 0x00, 0x03, 0xF0, 0x7E, 0x00, 0x00, 0x01, 0xF8, 0xBD, 0x00, 0x00, 0x00,
    0xFC, 0xFC, 0x00, 0x00, 0x00, 0xFC, 0xFC, 0x00, 0x00, 0x00, 0xFC, 0xFC, 0x00, 0x00, 0x00, 0xFC,
    0xFC, 0x00, 0x00, 0x00, 0xFC, 0xFC, 0x00, 0x00, 0x00, 0xFC, 0xBD, 0x00, 0x00, 0x00, 0xFC, 0x7E,
    0x00, 0x00, 0x01, 0xF8, 0x3F, 0x00, 0x00, 0x02, 0xF4, 0x2F, 0x40, 0x00, 0x03, 0xF0, 0x0F, 0xC0,
    0x00, 0x0B, 0xD0, 0x07, 0xE0, 0x00, 0x2F, 0x80, 0x01, 0xFD, 0x01, 0xBE, 0x00, 0x00, 0x2F, 0xFF,
    0xF4, 0x00, 0x00, 0x01, 0x55, 0x00, 0x00, 0x00, 0x00, 0x00, 0x00, 0x00, 0x00, 0x0B, 0x90, 0x34,
    0x00, 0x00, 0x1F, 0xFF, 0xF0, 0x00, 0x00, 0x38, 0x2F, 0xC0, 0x00, 0x00, 0x10, 0x00, 0x00, 0x00,
    0x00, 0x0B, 0xFF, 0x90, 0x00, 0x00, 0xBF, 0x9A, 0xFC, 0x00, 0x03, 0xF4, 0x00, 0x3F, 0x40, 0x0F,
    0xC0, 0x00, 0x0F, 0xC0, 0x2F, 0x40, 0x00, 0x07, 0xE0, 0x3F, 0x00, 0x00, 0x03, 0xF0, 0x7E, 0x00,
    0x00, 0x01, 0xF8, 0xBD, 0x00, 0x00, 0x00, 0xFC, 0xFC, 0x00, 0x00, 0x00, 0xFC, 0xFC, 0x00, 0x00,
    0x00, 0xFC, 0xFC, 0x00, 0x00, 0x00, 0xFC, 0xFC, 0x00, 0x00, 0x00, 0xFC, 0xFC, 0x00, 0x00, 0x00,
    0xFC, 0xBD, 0x00, 0x00, 0x00, 0xFC, 0x7E, 0x00, 0x00, 0x01, 0xF8, 0x3F, 0x00, 0x00, 0x02, 0xF4,
    0x2F, 0x40, 0x00, 0x03, 0xF0, 0x0F, 0xC0, 0x00, 0x0B, 0xD0, 0x07, 0xE0, 0x00, 0x2F, 0x80, 0x01,
    0xFD, 0x01, 0xBE, 0x00, 0x00, 0x2F, 0xFF, 0xF4, 0x00, 0x00, 0x01, 0x55, 0x00, 0x00, 0x00, 0x0A,
    0x02, 0x80, 0x00, 0x00, 0x2F, 0x87, 0xF0, 0x00, 0x00, 0x2F, 0x43, 0xE0, 0x00, 0x00, 0x05, 0x01,
    0x80, 0x00, 0x00, 0x00, 0x00, 0x00, 0x00, 0x00, 0x0B, 0xFF, 0x90, 0x00, 0x00, 0xBF, 0x9A, 0xFC,
    0x00, 0x03, 0xF4, 0x00, 0x3F, 0x40, 0x0F, 0xC0, 0x00, 0x0F, 0xC0, 0x2F, 0x40, 0x00, 0x07, 0xE0,
    0x3F, 0x00, 0x00, 0x03, 0xF0, 0x7E, 0x00, 0x00, 0x01, 0xF8, 0xBD, 0x00, 0x00, 0x00, 0xFC, 0xFC,
    0x00, 0x00, 0x00, 0xFC, 0xFC, 0x00, 0x00, 0x00, 0xFC, 0xFC, 0x00, 0x00, 0x00, 0xFC, 0xFC, 0x00,
    0x00, 0x00, 0xFC, 0xFC, 0x00, 0x00, 0x00, 0xFC, 0xBD, 0x00, 0x00, 0x00, 0xFC, 0x7E, 0x00, 0x00,
    0x01, 0xF8, 0x3F, 0x00, 0x00, 0x02, 0xF4, 0x2F, 0x40, 0x00, 0x03, 0xF0, 0x0F, 0xC0, 0x00, 0x0B,
    0xD0, 0x07, 0xE0, 0x00, 0x2F, 0x80, 0x01, 0xFD, 0x01, 0xBE, 0x00, 0x00, 0x2F, 0xFF, 0xF4, 0x00,
    0x00, 0x01, 0x55, 0x00, 0x00, 0x00, 0x00, 0x00, 0x0C, 0x00, 0x00, 0xA0, 0xC0, 0x00, 0xA0, 0x0D,
    0x00, 0x60, 0x00, 0xD0, 0x60, 0x00, 0x0D, 0x60, 0x00, 0x00, 0xF0, 0x00, 0x00, 0x6D, 0x00, 0x00,
    0x60, 0xD0, 0x00, 0x60, 0x0D, 0x00, 0x60, 0x00, 0xD0, 0x60, 0x00, 0x0D, 0x20, 0x00, 0x00, 0x40,
    0x00, 0x00, 0x00, 0x00, 0x00, 0x00, 0x00, 0x00, 0x01, 0xC0, 0x00, 0x00, 0x00, 0x03, 0x80, 0x00,
    0x00, 0x00, 0x07, 0x00, 0x00, 0x0B, 0xFF, 0x9E, 0x00, 0x00, 0xBF, 0x9A, 0xFD, 0x00, 0x03, 0xF4,
    0x00, 0x3F, 0x40, 0x0F, 0xC0, 0x00, 0x7F, 0xC0, 0x2F, 0x40, 0x00, 0xE7, 0xE0, 0x3F, 0x00, 0x01,
    0xC3, 0xF0, 0x7E, 0x00, 0x03, 0x81, 0xF8, 0xBD, 0x00, 0x0B, 0x00, 0xFC, 0xFC, 0x00, 0x0D, 0x00,
    0xFC, 0xFC, 0x00, 0x2C, 0x00, 0xFC, 0xFC, 0x00, 0x34, 0x00, 0xFC, 0xFC, 0x00, 0xB0, 0x00, 0xFC,
    0xFC, 0x00, 0xD0, 0x00, 0xFC, 0xBD, 0x02, 0xC0, 0x00, 0xFC, 0x7E, 0x03, 0x40, 0x01, 0xF8, 0x3F,
    0x0B, 0x00, 0x02, 0xF4, 0x2F, 0x5C, 0x00, 0x03, 0xF0, 0x0F, 0xF8, 0x00, 0x0B, 0xD0, 0x07, 0xF0,
    0x00, 0x2F, 0x80, 0x01, 0xFD, 0x01, 0xBE, 0x00, 0x01, 0xEF, 0xFF, 0xF4, 0x00, 0x03, 0x81, 0x55,
    0x00, 0x00, 0x07, 0x00, 0x00, 0x00, 0x00, 0x0E, 0x00, 0x00, 0x00, 0x00, 0x0C, 0x00, 0x00, 0x00,
    0x00, 0x00, 0x00, 0x00, 0x00, 0x00, 0x00, 0x00, 0xD0, 0x00, 0x00, 0x00, 0x00, 0x7F, 0x40, 0x00,
    0x00, 0x00, 0x02, 0xFD, 0x00, 0x00, 0x00, 0x00, 0x07, 0xE0, 0x00, 0x00, 0x00, 0x00, 0x00, 0x00,
    0x06, 0xAA, 0xA0, 0x01, 0xAA, 0xA2, 0xFF, 0xFC, 0x00, 0xBF, 0xFD, 0x07, 0xF0, 0x00, 0x01, 0xF0,
    0x00, 0xF8, 0x00, 0x00, 0x3C, 0x00, 0x3E, 0x00, 0x00, 0x0F, 0x00, 0x0F, 0x80, 0x00, 0x03, 0xC0,
    0x03, 0xE0, 0x00, 0x00, 0xF0, 0x00, 0xF8, 0x00, 0x00, 0x3C, 0x00, 0x3E, 0x00, 0x00, 0x0F, 0x00,
    0x0F, 0x80, 0x00, 0x03, 0xC0, 0x03, 0xE0, 0x00, 0x00, 0xF0, 0x00, 0xF8, 0x00, 0x00, 0x3C, 0x00,
    0x3E, 0x00, 0x00, 0x0F, 0x00, 0x0F, 0x80, 0x00, 0x03, 0xC0, 0x03, 0xE0, 0x00, 0x00, 0xF0, 0x00,
    0xFC, 0x00, 0x00, 0x78, 0x00, 0x2F, 0x00, 0x00, 0x2D, 0x00, 0x03, 0xE0, 0x00, 0x0F, 0x00, 0x00,
    0xBD, 0x00, 0x0F, 0x80, 0x00, 0x0F, 0xF5, 0x6F, 0x80, 0x00, 0x00, 0xBF, 0xFF, 0x40, 0x00, 0x00,
    0x01, 0x54, 0x00, 0x00, 0x00, 0x00, 0x00, 0x00, 0x00, 0x00, 0x00, 0x00, 0x09, 0x00, 0x00, 0x00,
    0x00, 0x2F, 0xC0, 0x00, 0x00, 0x00, 0xBF, 0x40, 0x00, 0x00, 0x00, 0xF8, 0x00, 0x00, 0x00, 0x00,
    0x10, 0x00, 0x00, 0x06, 0xAA, 0xA0, 0x01, 0xAA, 0xA2, 0xFF, 0xFC, 0x00, 0xBF, 0xFD, 0x07, 0xF0,
    0x00, 0x01, 0xF0, 0x00, 0xF8, 0x00, 0x00, 0x3C, 0x00, 0x3E, 0x00, 0x00, 0x0F, 0x00, 0x0F, 0x80,
    0x00, 0x03, 0xC0, 0x03, 0xE0, 0x00, 0x00, 0xF0, 0x00, 0xF8, 0x00, 0x00, 0x3C, 0x00, 0x3E, 0x00,
    0x00, 0x0F, 0x00, 0x0F, 0x80, 0x00, 0x03, 0xC0, 0x03, 0xE0, 0x00, 0x00, 0xF0, 0x00, 0xF8, 0x00,
    0x00, 0x3C, 0x00, 0x3E, 0x00, 0x00, 0x0F, 0x00, 0x0F, 0x80, 0x00, 0x03, 0xC0, 0x03, 0xE0, 0x00,
    0x00, 0xF0, 0x00, 0xFC, 0x00, 0x00, 0x78, 0x00, 0x2F, 0x00, 0x00, 0x2D, 0x00, 0x03, 0xE0, 0x00,
    0x0F, 0x00, 0x00, 0xBD, 0x00, 0x0F, 0x80, 0x00, 0x0F, 0xF5, 0x6F, 0x80, 0x00, 0x00, 0xBF, 0xFF,
    0x40, 0x00, 0x00, 0x01, 0x54, 0x00, 0x00, 0x00, 0x00, 0x00, 0x00, 0x00, 0x00, 0x00, 0x1F, 0xD0,
    0x00, 0x00, 0x00, 0x3F, 0xBF, 0x00, 0x00, 0x00, 0x7D, 0x01, 0xF0, 0x00, 0x00, 0x04, 0x00, 0x04,
    0x00, 0x1A, 0xAA, 0x80, 0x06, 0xAA, 0x8B, 0xFF, 0xF0, 0x02, 0xFF, 0xF4, 0x1F, 0xC0, 0x00, 0x07,
    0xC0, 0x03, 0xE0, 0x00, 0x00, 0xF0, 0x00, 0xF8, 0x00, 0x00, 0x3C, 0x00, 0x3E, 0x00, 0x00, 0x0F,
    0x00, 0x0F, 0x80, 0x00, 0x03, 0xC0, 0x03, 0xE0, 0x00, 0x00, 0xF0, 0x00, 0xF8, 0x00, 0x00, 0x3C,
    0x00, 0x3E, 0x00, 0x00, 0x0F, 0x00, 0x0F, 0x80, 0x00, 0x03, 0xC0, 0x03, 0xE0, 0x00, 0x00, 0xF0,
    0x00, 0xF8, 0x00, 0x00, 0x3C, 0x00, 0x3E, 0x00, 0x00, 0x0F, 0x00, 0x0F, 0x80, 0x00, 0x03, 0xC0,
    0x03, 0xF0, 0x00, 0x01, 0xE0, 0x00, 0xBC, 0x00, 0x00, 0xB4, 0x00, 0x0F, 0x80, 0x00, 0x3C, 0x00,
    0x02, 0xF4, 0x00, 0x3E, 0x00, 0x00, 0x3F, 0xD5, 0xBE, 0x00, 0x00, 0x02, 0xFF, 0xFD, 0x00, 0x00,
    0x00, 0x05, 0x50, 0x00, 0x00, 0x00, 0x02, 0x80, 0xA0, 0x00, 0x00, 0x02, 0xF4, 0x7E, 0x00, 0x00,
    0x00, 0xBD, 0x1F, 0x80, 0x00, 0x00, 0x05, 0x01, 0x40, 0x00, 0x00, 0x00, 0x00, 0x00, 0x00, 0x1A,
    0xAA, 0x80, 0x06, 0xAA, 0x8B, 0xFF, 0xF0, 0x02, 0xFF, 0xF4, 0x1F, 0xC0, 0x00, 0x07, 0xC0, 0x03,
    0xE0, 0x00, 0x00, 0xF0, 0x00, 0xF8, 0x00, 0x00, 0x3C, 0x00, 0x3E, 0x00, 0x00, 0x0F, 0x00, 0x0F,
    0x80, 0x00, 0x03, 0xC0, 0x03, 0xE0, 0x00, 0x00, 0xF0, 0x00, 0xF8, 0x00, 0x00, 0x3C, 0x00, 0x3E,
    0x00, 0x00, 0x0F, 0x00, 0x0F, 0x80, 0x00, 0x03, 0xC0, 0x03, 0xE0, 0x00, 0x00, 0xF0, 0x00, 0xF8,
    0x00, 0x00, 0x3C, 0x00, 0x3E, 0x00, 0x00, 0x0F, 0x00, 0x0F, 0x80, 0x00, 0x03, 0xC0, 0x03, 0xF0,
    0x00, 0x01, 0xE0, 0x00, 0xBC, 0x00, 0x00, 0xB4, 0x00, 0x0F, 0x80, 0x00, 0x3C, 0x00, 0x02, 0xF4,
    0x00, 0x3E, 0x00, 0x00, 0x3F, 0xD5, 0xBE, 0x00, 0x00, 0x02, 0xFF, 0xFD, 0x00, 0x00, 0x00, 0x05,
    0x50, 0x00, 0x00, 0x00, 0x00, 0x00, 0x00, 0x00, 0x00, 0x00, 0x02, 0x80, 0x00, 0x00, 0x00, 0xBF,
    0x00, 0x00, 0x00, 0x1F, 0xD0, 0x00, 0x00, 0x03, 0xE4, 0x00, 0x00, 0x00, 0x00, 0x00, 0x00, 0x06,
    0xAA, 0xA0, 0x0A, 0xAA, 0xAF, 0xFF, 0xC0, 0x3F, 0xFF, 0x0B, 0xF0, 0x00, 0x0F, 0x80, 0x0F, 0xC0,
    0x00, 0x7C, 0x00, 0x0F, 0x40, 0x03, 0xD0, 0x00, 0x2F, 0x00, 0x1F, 0x00, 0x00, 0x3D, 0x00, 0xF4,
    0x00, 0x00, 0xBC, 0x07, 0xC0, 0x00, 0x00, 0xF8, 0x3C, 0x00, 0x00, 0x02, 0xF1, 0xE0, 0x00, 0x00,
    0x03, 0xEF, 0x00, 0x00, 0x00, 0x0B, 0xF8, 0x00, 0x00, 0x00, 0x0F, 0xC0, 0x00, 0x00, 0x00, 0x2F,
    0x00, 0x00, 0x00, 0x00, 0xBC, 0x00, 0x00, 0x00, 0x02, 0xF0, 0x00, 0x00, 0x00, 0x0B, 0xC0, 0x00,
    0x00, 0x00, 0x2F, 0x00, 0x00, 0x00, 0x00, 0xBC, 0x00, 0x00, 0x00, 0x1B, 0xFE, 0x40, 0x00, 0x00,
    0xFF, 0xFE, 0x00, 0x00, 0x00, 0x00, 0x00, 0x00, 0x2A, 0xAA, 0x00, 0x00, 0x3F, 0xFF, 0x00, 0x00,
    0x03, 0xF0, 0x00, 0x00, 0x03, 0xF0, 0x00, 0x00, 0x03, 0xF1, 0x40, 0x00, 0x03, 0xFF, 0xFF, 0x40,
    0x03, 0xF0, 0x1F, 0xF0, 0x03, 0xE0, 0x02, 0xF8, 0x03, 0xE0, 0x00, 0xFC, 0x03, 0xE0, 0x00, 0xBC,
    0x03, 0xE0, 0x00, 0x7C, 0x03, 0xE0, 0x00, 0xBC, 0x03, 0xE0, 0x00, 0xFC, 0x03, 0xE0, 0x02, 0xF0,
    0x03, 0xF5, 0x6F, 0xD0, 0x03, 0xFF, 0xFD, 0x00, 0x03, 0xF0, 0x00, 0x00, 0x03, 0xF0, 0x00, 0x00,
    0x03, 0xF0, 0x00, 0x00, 0x1B, 0xFA, 0x40, 0x00, 0x7F, 0xFF, 0x40, 0x00, 0x00, 0x00, 0x00, 0x00,
    0x00, 0x00, 0x54, 0x00, 0x00, 0x01, 0xFF, 0xFD, 0x00, 0x00, 0x7E, 0x46, 0xF4, 0x00, 0x0F, 0x40,
    0x07, 0xC0, 0x00, 0xF0, 0x00, 0x3C, 0x00, 0x1F, 0x00, 0x02, 0xD0, 0x01, 0xF0, 0x00, 0x3C, 0x00,
    0x1F, 0x00, 0x0B, 0x80, 0x06, 0xF0, 0x03, 0xF0, 0x03, 0xFF, 0x01, 0xF8, 0x00, 0x01, 0xF0, 0x3E,
    0x00, 0x00, 0x1F, 0x07, 0xC0, 0x00, 0x01, 0xF0, 0x7C, 0x00, 0x00, 0x1F, 0x03, 0xE0, 0x00, 0x01,
    0xF0, 0x2F, 0xD0, 0x00, 0x1F, 0x00, 0x7F, 0xD0, 0x01, 0xF0, 0x00, 0xBF, 0x40, 0x1F, 0x00, 0x00,
    0xFC, 0x01, 0xF0, 0x24, 0x03, 0xE0, 0x1F, 0x07, 0x40, 0x2E, 0x02, 0xF0, 0x78, 0x03, 0xE1, 0xBF,
    0x07, 0xD0, 0xBC, 0x3F, 0xF0, 0x2F, 0xFF, 0x40, 0x00, 0x00, 0x05, 0x00, 0x01, 0x00, 0x00, 0x00,
    0xB8, 0x00, 0x00, 0x03, 0xE0, 0x00, 0x00, 0x0F, 0x80, 0x00, 0x00, 0x3E, 0x00, 0x00, 0x00, 0xB0,
    0x00, 0x00, 0x00, 0x00, 0x00, 0x5A, 0xA4, 0x00, 0x3F, 0xFF, 0xE0, 0x02, 0xD0, 0x0F, 0x40, 0x2C,
    0x00, 0x7C, 0x02, 0xC0, 0x03, 0xC0, 0x00, 0x00, 0x3C, 0x00, 0x00, 0x03, 0xC0, 0x00, 0x5B, 0xFC,
    0x00, 0xFF, 0xEB, 0xC0, 0x3E, 0x00, 0x3C, 0x0B, 0xC0, 0x03, 0xC0, 0xB8, 0x00, 0xBC, 0x0B, 0xC0,
    0x1F, 0xD0, 0x3F, 0x6F, 0xAF, 0x81, 0xFF, 0xD1, 0xFD, 0x00, 0x40, 0x00, 0x00, 0x00, 0x00, 0x40,
    0x00, 0x00, 0x3D, 0x00, 0x00, 0x0F, 0xC0, 0x00, 0x03, 0xE0, 0x00, 0x00, 0xF8, 0x00, 0x00, 0x0D,
    0x00, 0x00, 0x00, 0x00, 0x00, 0x00, 0x5A, 0xA4, 0x00, 0x3F, 0xFF, 0xE0, 0x02, 0xD0, 0x0F, 0x40,
    0x2C, 0x00, 0x7C, 0x02, 0xC0, 0x03, 0xC0, 0x00, 0x00, 0x3C, 0x00, 0x00, 0x03, 0xC0, 0x00, 0x5B,
    0xFC, 0x00, 0xFF, 0xEB, 0xC0, 0x3E, 0x00, 0x3C, 0x0B, 0xC0, 0x03, 0xC0, 0xB8, 0x00, 0xBC, 0x0B,
    0xC0, 0x1F, 0xD0, 0x3F, 0x6F, 0xAF, 0x81, 0xFF, 0xD1, 0xFD, 0x00, 0x40, 0x00, 0x00, 0x00, 0x14,
    0x00, 0x00, 0x0F, 0xD0, 0x00, 0x03, 0xEF, 0x40, 0x00, 0xF4, 0x2D, 0x00, 0x3C, 0x00, 0x70, 0x00,
    0x00, 0x00, 0x00, 0x05, 0xAA, 0x40, 0x03, 0xFF, 0xFE, 0x00, 0x2D, 0x00, 0xF4, 0x02, 0xC0, 0x07,
    0xC0, 0x2C, 0x00, 0x3C, 0x00, 0x00, 0x03, 0xC0, 0x00, 0x00, 0x3C, 0x00, 0x05, 0xBF, 0xC0, 0x0F,
    0xFE, 0xBC, 0x03, 0xE0, 0x03, 0xC0, 0xBC, 0x00, 0x3C, 0x0B, 0x80, 0x0B, 0xC0, 0xBC, 0x01, 0xFD,
    0x03, 0xF6, 0xFA, 0xF8, 0x1F, 0xFD, 0x1F, 0xD0, 0x04, 0x00, 0x00, 0x00, 0x00, 0x00, 0x00, 0xB8,
    0x07, 0x00, 0x1F, 0xFE, 0xE0, 0x03, 0x86, 0xFC, 0x00, 0x10, 0x01, 0x00, 0x00, 0x00, 0x00, 0x00,
    0x05, 0xAA, 0x40, 0x03, 0xFF, 0xFE, 0x00, 0x2D, 0x00, 0xF4, 0x02, 0xC0, 0x07, 0xC0, 0x2C, 0x00,
    0x3C, 0x00, 0x00, 0x03, 0xC0, 0x00, 0x00, 0x3C, 0x00, 0x05, 0xBF, 0xC0, 0x0F, 0xFE, 0xBC, 0x03,
    0xE0, 0x03, 0xC0, 0xBC, 0x00, 0x3C, 0x0B, 0x80, 0x0B, 0xC0, 0xBC, 0x01, 0xFD, 0x03, 0xF6, 0xFA,
    0xF8, 0x1F, 0xFD, 0x1F, 0xD0, 0x04, 0x00, 0x00, 0x0A, 0x01, 0x90, 0x01, 0xF8, 0x3F, 0x00, 0x1F,
    0x83, 0xF0, 0x00, 0x50, 0x18, 0x00, 0x00, 0x00, 0x00, 0x00, 0x5A, 0xA4, 0x00, 0x3F, 0xFF, 0xE0,
    0x02, 0xD0, 0x0F, 0x40, 0x2C, 0x00, 0x7C, 0x02, 0xC0, 0x03, 0xC0, 0x00, 0x00, 0x3C, 0x00, 0x00,
    0x03, 0xC0, 0x00, 0x5B, 0xFC, 0x00, 0xFF, 0xEB, 0xC0, 0x3E, 0x00, 0x3C, 0x0B, 0xC0, 0x03, 0xC0,
    0xB8, 0x00, 0xBC, 0x0B, 0xC0, 0x1F, 0xD0, 0x3F, 0x6F, 0xAF, 0x81, 0xFF, 0xD1, 0xFD, 0x00, 0x40,
    0x00, 0x00, 0x00, 0xBD, 0x00, 0x00, 0x2D, 0xB0, 0x00, 0x03, 0x43, 0x00, 0x00, 0x38, 0x70, 0x00,
    0x00, 0xFD, 0x00, 0x00, 0x00, 0x00, 0x00, 0x05, 0xAA, 0x40, 0x03, 0xFF, 0xFE, 0x00, 0x2D, 0x00,
    0xF4, 0x02, 0xC0, 0x07, 0xC0, 0x2C, 0x00, 0x3C, 0x00, 0x00, 0x03, 0xC0, 0x00, 0x00, 0x3C, 0x00,
    0x05, 0xBF, 0xC0, 0x0F, 0xFE, 0xBC, 0x03, 0xE0, 0x03, 0xC0, 0xBC, 0x00, 0x3C, 0x0B, 0x80, 0x0B,
    0xC0, 0xBC, 0x01, 0xFD, 0x03, 0xF6, 0xFA, 0xF8, 0x1F, 0xFD, 0x1F, 0xD0, 0x04, 0x00, 0x00, 0x05,
    0xAA, 0x40, 0x1A, 0x40, 0x0F, 0xFF, 0xF8, 0xBF, 0xFD, 0x02, 0xD0, 0x0F, 0xF8, 0x07, 0xD0, 0xB0,
    0x01, 0xFC, 0x00, 0xBC, 0x1C, 0x00, 0x3E, 0x00, 0x0F, 0x00, 0x00, 0x0F, 0x40, 0x07, 0xD0, 0x00,
    0x03, 0xEB, 0xFF, 0xF0, 0x01, 0x6F, 0xFF, 0xA9, 0x40, 0x1F, 0xFE, 0xBC, 0x00, 0x00, 0x0F, 0x80,
    0x0F, 0x40, 0x00, 0x0B, 0xC0, 0x07, 0xE0, 0x00, 0x02, 0xE0, 0x03, 0xFC, 0x00, 0x00, 0xBC, 0x02,
    0xDF, 0xC0, 0x01, 0x0F, 0xDB, 0xD0, 0xFE, 0xAF, 0xC1, 0xFF, 0xD0, 0x0B, 0xFF, 0x80, 0x01, 0x00,
    0x00, 0x14, 0x00, 0x00, 0x1A, 0x90, 0x03, 0xFF, 0xFD, 0x0F, 0xD0, 0x3D, 0x2F, 0x00, 0x1D, 0x3E,
    0x00, 0x1D, 0x7C, 0x00, 0x00, 0xBC, 0x00, 0x00, 0xBC, 0x00, 0x00, 0xBC, 0x00, 0x00, 0x7C, 0x00,
    0x00, 0x7D, 0x00, 0x00, 0x3E, 0x00, 0x00, 0x1F, 0x40, 0x04, 0x0B, 0xFA, 0xBE, 0x01, 0xFF, 0xF8,
    0x00, 0x1D, 0x00, 0x00, 0x24, 0x00, 0x00, 0x3E, 0x00, 0x00, 0x1B, 0x40, 0x00, 0x03, 0x80, 0x00,
    0x0B, 0x40, 0x00, 0xBD, 0x00, 0x00, 0x00, 0x00, 0x00, 0x40, 0x00, 0x00, 0x78, 0x00, 0x00, 0x0F,
    0x80, 0x00, 0x00, 0xF8, 0x00, 0x00, 0x0B, 0x80, 0x00, 0x00, 0xB0, 0x00, 0x00, 0x00, 0x00, 0x01,
    0xA9, 0x00, 0x03, 0xFF, 0xF4, 0x03, 0xE0, 0x1F, 0x02, 0xE0, 0x02, 0xE0, 0xF4, 0x00, 0x7C, 0x7C,
    0x00, 0x0F, 0x2F, 0x5A, 0xBF, 0xCB, 0xFF, 0xFF, 0xF2, 0xF0, 0x00, 0x00, 0x7C, 0x00, 0x00, 0x1F,
    0x40, 0x00, 0x03, 0xF0, 0x00, 0x00, 0x7E, 0x00, 0x14, 0x0B, 0xFA, 0xBF, 0x00, 0x7F, 0xFE, 0x00,
    0x00, 0x50, 0x00, 0x00, 0x00, 0x10, 0x00, 0x00, 0x3D, 0x00, 0x00, 0x3F, 0x00, 0x00, 0x3E, 0x00,
    0x00, 0x2E, 0x00, 0x00, 0x0D, 0x00, 0x00, 0x00, 0x00, 0x00, 0x01, 0xA9, 0x00, 0x03, 0xFF, 0xF4,
    0x03, 0xE0, 0x1F, 0x02, 0xE0, 0x02, 0xE0, 0xF4, 0x00, 0x7C, 0x7C, 0x00, 0x0F, 0x2F, 0x5A, 0xBF,
    0xCB, 0xFF, 0xFF, 0xF2, 0xF0, 0x00, 0x00, 0x7C, 0x00, 0x00, 0x1F, 0x40, 0x00, 0x03, 0xF0, 0x00,
    0x00, 0x7E, 0x00, 0x14, 0x0B, 0xFA, 0xBF, 0x00, 0x7F, 0xFE, 0x00, 0x00, 0x50, 0x00, 0x00, 0x05,
    0x00, 0x00, 0x0F, 0xD0, 0x00, 0x0F, 0xBD, 0x00, 0x0F, 0x42, 0xE0, 0x0B, 0x00, 0x1C, 0x00, 0x00,
    0x00, 0x00, 0x06, 0xA4, 0x00, 0x0F, 0xFF, 0xD0, 0x0F, 0x80, 0x7C, 0x0B, 0x80, 0x0B, 0x83, 0xD0,
    0x01, 0xF1, 0xF0, 0x00, 0x3C, 0xBD, 0x6A, 0xFF, 0x2F, 0xFF, 0xFF, 0xCB, 0xC0, 0x00, 0x01, 0xF0,
    0x00, 0x00, 0x7D, 0x00, 0x00, 0x0F, 0xC0, 0x00, 0x01, 0xF8, 0x00, 0x50, 0x2F, 0xEA, 0xFC, 0x01,
    0xFF, 0xF8, 0x00, 0x01, 0x40, 0x00, 0x02, 0x80, 0x64, 0x01, 0xF8, 0x3F, 0x00, 0x7E, 0x0F, 0xC0,
    0x05, 0x01, 0x80, 0x00, 0x00, 0x00, 0x00, 0x1A, 0x90, 0x00, 0x3F, 0xFF, 0x40, 0x3E, 0x01, 0xF0,
    0x2E, 0x00, 0x2E, 0x0F, 0x40, 0x07, 0xC7, 0xC0, 0x00, 0xF2, 0xF5, 0xAB, 0xFC, 0xBF, 0xFF, 0xFF,
    0x2F, 0x00, 0x00, 0x07, 0xC0, 0x00, 0x01, 0xF4, 0x00, 0x00, 0x3F, 0x00, 0x00, 0x07, 0xE0, 0x01,
    0x40, 0xBF, 0xAB, 0xF0, 0x07, 0xFF, 0xE0, 0x00, 0x05, 0x00, 0x00, 0x10, 0x00, 0x1F, 0x00, 0x03,
    0xF0, 0x00, 0x2E, 0x00, 0x02, 0xE0, 0x00, 0x1C, 0x00, 0x00, 0x00, 0x55, 0x40, 0x3F, 0xF0, 0x01,
    0xFC, 0x00, 0x2F, 0x00, 0x07, 0xC0, 0x01, 0xF0, 0x00, 0x7C, 0x00, 0x1F, 0x00, 0x07, 0xC0, 0x01,
    0xF0, 0x00, 0x7C, 0x00, 0x1F, 0x00, 0x0B, 0xC0, 0x1B, 0xFA, 0x0F, 0xFF, 0xC0, 0x00, 0x00, 0x00,
    0x10, 0x00, 0xF4, 0x02, 0xF0, 0x0B, 0xC0, 0x2E, 0x00, 0x38, 0x00, 0x00, 0x00, 0x55, 0x40, 0xFF,
    0xC0, 0x1F, 0xC0, 0x0B, 0xC0, 0x07, 0xC0, 0x07, 0xC0, 0x07, 0xC0, 0x07, 0xC0, 0x07, 0xC0, 0x07,
    0xC0, 0x07, 0xC0, 0x07, 0xC0, 0x0B, 0xC0, 0x6F, 0xE8, 0xFF, 0xFC, 0x00, 0x00, 0x00, 0x50, 0x00,
    0x2F, 0x40, 0x0B, 0xFD, 0x01, 0xE0, 0xF4, 0x34, 0x02, 0xC0, 0x00, 0x00, 0x05, 0x54, 0x00, 0xFF,
    0xC0, 0x01, 0xFC, 0x00, 0x0B, 0xC0, 0x00, 0x7C, 0x00, 0x07, 0xC0, 0x00, 0x7C, 0x00, 0x07, 0xC0,
    0x00, 0x7C, 0x00, 0x07, 0xC0, 0x00, 0x7C, 0x00, 0x07, 0xC0, 0x00, 0xBC, 0x00, 0x6F, 0xE8, 0x0F,
    0xFF, 0xC0, 0x00, 0x00, 0x1D, 0x1A, 0x03, 0xF3, 0xF0, 0x3F, 0x2F, 0x00, 0x80, 0x90, 0x00, 0x00,
    0x00, 0x55, 0x40, 0x0F, 0xFC, 0x00, 0x1F, 0xC0, 0x00, 0xBC, 0x00, 0x07, 0xC0, 0x00, 0x7C, 0x00,
    0x07, 0xC0, 0x00, 0x7C, 0x00, 0x07, 0xC0, 0x00, 0x7C, 0x00, 0x07, 0xC0, 0x00, 0x7C, 0x00, 0x0B,
    0xC0, 0x06, 0xFE, 0x80, 0xFF, 0xFC, 0x00, 0x00, 0x00, 0x00, 0x00, 0x00, 0x00, 0x0F, 0x40, 0x00,
    0x00, 0x2E, 0x0B, 0x80, 0x00, 0xBF, 0xD0, 0x00, 0x07, 0xF0, 0x00, 0x07, 0xEB, 0x80, 0x00, 0xE0,
    0x3C, 0x00, 0x00, 0x01, 0xF0, 0x00, 0x00, 0x0F, 0x00, 0x1B, 0xF4, 0xB8, 0x07, 0xFA, 0x47, 0xC1,
    0xF4, 0x00, 0x7C, 0x3E, 0x00, 0x03, 0xD7, 0xD0, 0x00, 0x3D, 0xBC, 0x00, 0x03, 0xEB, 0xC0, 0x00,
    0x3E, 0xBC, 0x00, 0x03, 0xEB, 0xC0, 0x00, 0x3D, 0x7C, 0x00, 0x07, 0xC3, 0xE0, 0x00, 0xBC, 0x2F,
    0x00, 0x1F, 0x40, 0xBE, 0x5B, 0xE0, 0x01, 0xFF, 0xF4, 0x00, 0x00, 0x50, 0x00, 0x00, 0x00, 0x00,
    0x00, 0x00, 0x0B, 0x80, 0x30, 0x00, 0x07, 0xFF, 0xB8, 0x00, 0x03, 0x86, 0xFC, 0x00, 0x00, 0x40,
    0x04, 0x00, 0x00, 0x00, 0x00, 0x00, 0x05, 0x50, 0x1A, 0x40, 0x03, 0xFD, 0x7F, 0xFD, 0x00, 0x1F,
    0xB8, 0x0B, 0xC0, 0x02, 0xFC, 0x00, 0xF4, 0x00, 0x7D, 0x00, 0x2E, 0x00, 0x1F, 0x00, 0x07, 0xC0,
    0x07, 0xC0, 0x01, 0xF0, 0x01, 0xF0, 0x00, 0x7C, 0x00, 0x7C, 0x00, 0x1F, 0x00, 0x1F, 0x00, 0x07,
    0xC0, 0x07, 0xC0, 0x01, 0xF0, 0x01, 0xF0, 0x00, 0x7C, 0x00, 0xBC, 0x00, 0x1F, 0x01, 0xBF, 0xA0,
    0x2F, 0xE8, 0xFF, 0xFC, 0x2F, 0xFF, 0x40, 0x00, 0x00, 0x00, 0x00, 0x00, 0x00, 0x00, 0x00, 0x1F,
    0x00, 0x00, 0x00, 0xFC, 0x00, 0x00, 0x02, 0xF0, 0x00, 0x00, 0x0B, 0xC0, 0x00, 0x00, 0x1C, 0x00,
    0x00, 0x00, 0x00, 0x00, 0x06, 0xA9, 0x00, 0x03, 0xFF, 0xFC, 0x00, 0xFC, 0x03, 0xF0, 0x2F, 0x00,
    0x0F, 0x83, 0xD0, 0x00, 0x7C, 0x7C, 0x00, 0x03, 0xDB, 0xC0, 0x00, 0x3E, 0xBC, 0x00, 0x03, 0xEB,
    0xC0, 0x00, 0x3E, 0x7C, 0x00, 0x03, 0xE7, 0xC0, 0x00, 0x3D, 0x3E, 0x00, 0x0B, 0xC1, 0xF4, 0x00,
    0xF4, 0x0B, 0xE5, 0xBE, 0x00, 0x1F, 0xFF, 0x40, 0x00, 0x05, 0x00, 0x00, 0x00, 0x00, 0x10, 0x00,
    0x00, 0x0B, 0x80, 0x00, 0x02, 0xF0, 0x00, 0x00, 0xBC, 0x00, 0x00, 0x2E, 0x00, 0x00, 0x03, 0x80,
    0x00, 0x00, 0x00, 0x00, 0x00, 0x06, 0xA9, 0x00, 0x03, 0xFF, 0xFC, 0x00, 0xFC, 0x03, 0xF0, 0x2F,
    0x00, 0x0F, 0x83, 0xD0, 0x00, 0x7C, 0x7C, 0x00, 0x03, 0xDB, 0xC0, 0x00, 0x3E, 0xBC, 0x00, 0x03,
    0xEB, 0xC0, 0x00, 0x3E, 0x7C, 0x00, 0x03, 0xE7, 0xC0, 0x00, 0x3D, 0x3E, 0x00, 0x0B, 0xC1, 0xF4,
    0x00, 0xF4, 0x0B, 0xE5, 0xBE, 0x00, 0x1F, 0xFF, 0x40, 0x00, 0x05, 0x00, 0x00, 0x00, 0x05, 0x00,
    0x00, 0x02, 0xF8, 0x00, 0x00, 0xBF, 0xE0, 0x00, 0x2E, 0x0B, 0x80, 0x07, 0x40, 0x1D, 0x00, 0x00,
    0x00, 0x00, 0x00, 0x6A, 0x90, 0x00, 0x3F, 0xFF, 0xC0, 0x0F, 0xC0, 0x3F, 0x02, 0xF0, 0x00, 0xF8,
    0x3D, 0x00, 0x07, 0xC7, 0xC0, 0x00, 0x3D, 0xBC, 0x00, 0x03, 0xEB, 0xC0, 0x00, 0x3E, 0xBC, 0x00,
    0x03, 0xE7, 0xC0, 0x00, 0x3E, 0x7C, 0x00, 0x03, 0xD3, 0xE0, 0x00, 0xBC, 0x1F, 0x40, 0x0F, 0x40,
    0xBE, 0x5B, 0xE0, 0x01, 0xFF, 0xF4, 0x00, 0x00, 0x50, 0x00, 0x00, 0x00, 0x00, 0x00, 0x1E, 0x40,
    0xC0, 0x03, 0xFF, 0xBC, 0x00, 0xB1, 0xBF, 0x00, 0x04, 0x00, 0x00, 0x00, 0x00, 0x00, 0x00, 0x00,
    0x6A, 0x90, 0x00, 0x3F, 0xFF, 0xC0, 0x0F, 0xC0, 0x3F, 0x02, 0xF0, 0x00, 0xF8, 0x3D, 0x00, 0x07,
    0xC7, 0xC0, 0x00, 0x3D, 0xBC, 0x00, 0x03, 0xEB, 0xC0, 0x00, 0x3E, 0xBC, 0x00, 0x03, 0xE7, 0xC0,
    0x00, 0x3E, 0x7C, 0x00, 0x03, 0xD3, 0xE0, 0x00, 0xBC, 0x1F, 0x40, 0x0F, 0x40, 0xBE, 0x5B, 0xE0,
    0x01, 0xFF, 0xF4, 0x00, 0x00, 0x50, 0x00, 0x01, 0x90, 0x64, 0x00, 0x3F, 0x0F, 0xC0, 0x03, 0xF0,
    0xFC, 0x00, 0x18, 0x02, 0x40, 0x00, 0x00, 0x00, 0x00, 0x06, 0xA9, 0x00, 0x03, 0xFF, 0xFC, 0x00,
    0xFC, 0x03, 0xF0, 0x2F, 0x00, 0x0F, 0x83, 0xD0, 0x00, 0x7C, 0x7C, 0x00, 0x03, 0xDB, 0xC0, 0x00,
    0x3E, 0xBC, 0x00, 0x03, 0xEB, 0xC0, 0x00, 0x3E, 0x7C, 0x00, 0x03, 0xE7, 0xC0, 0x00, 0x3D, 0x3E,
    0x00, 0x0B, 0xC1, 0xF4, 0x00, 0xF4, 0x0B, 0xE5, 0xBE, 0x00, 0x1F, 0xFF, 0x40, 0x00, 0x05, 0x00,
    0x00, 0x00, 0x00, 0x00, 0x00, 0x00, 0xF8, 0x00, 0x00, 0x1F, 0xC0, 0x00, 0x00, 0xFC, 0x00, 0x00,
    0x06, 0x00, 0x00, 0x00, 0x00, 0x00, 0x00, 0x00, 0x00, 0x07, 0xFF, 0xFF, 0xFF, 0x7F, 0xFF, 0xFF,
    0xE0, 0x00, 0x00, 0x00, 0x00, 0x00, 0x00, 0x00, 0x00, 0xB4, 0x00, 0x00, 0x1F, 0xC0, 0x00, 0x01,
    0xFC, 0x00, 0x00, 0x0B, 0x40, 0x00, 0x00, 0x00, 0x00, 0x00, 0x00, 0x00, 0x34, 0x00, 0x00, 0x07,
    0x00, 0x06, 0xA9, 0xD0, 0x03, 0xFF, 0xFD, 0x00, 0xFC, 0x03, 0xF0, 0x2F, 0x00, 0xBF, 0x83, 0xD0,
    0x0D, 0x7C, 0x7C, 0x02, 0xC3, 0xDB, 0xC0, 0x34, 0x3E, 0xBC, 0x0B, 0x03, 0xEB, 0xC0, 0xC0, 0x3E,
    0x7C, 0x28, 0x03, 0xE7, 0xC3, 0x00, 0x3D, 0x3E, 0xA0, 0x0B, 0xC1, 0xFC, 0x00, 0xF4, 0x0B, 0xE5,
    0xBE, 0x00, 0x7F, 0xFF, 0x40, 0x0E, 0x05, 0x00, 0x01, 0xC0, 0x00, 0x00, 0x14, 0x00, 0x00, 0x00,
    0x00, 0x00, 0x00, 0x00, 0x00, 0x1F, 0x00, 0x00, 0x00, 0x03, 0xF0, 0x00, 0x00, 0x00, 0x2F, 0x00,
    0x00, 0x00, 0x02, 0xF0, 0x00, 0x00, 0x00, 0x1C, 0x00, 0x00, 0x00, 0x00, 0x00, 0x00, 0x55, 0x00,
    0x15, 0x40, 0x7F, 0xD0, 0x2F, 0xF0, 0x06, 0xF0, 0x01, 0xBC, 0x00, 0x3C, 0x00, 0x1F, 0x00, 0x0F,
    0x00, 0x03, 0xC0, 0x03, 0xC0, 0x00, 0xF0, 0x00, 0xF0, 0x00, 0x3C, 0x00, 0x3C, 0x00, 0x0F, 0x00,
    0x0F, 0x00, 0x03, 0xC0, 0x03, 0xC0, 0x01, 0xF0, 0x00, 0xF0, 0x00, 0x7C, 0x00, 0x3D, 0x00, 0x3F,
    0x00, 0x0B, 0xC0, 0x2F, 0xC0, 0x00, 0xFE, 0x7E, 0xBE, 0x00, 0x1F, 0xFD, 0x2F, 0xC0, 0x00, 0x14,
    0x00, 0x00, 0x00, 0x00, 0x04, 0x00, 0x00, 0x00, 0x0B, 0x80, 0x00, 0x00, 0x0B, 0xC0, 0x00, 0x00,
    0x0B, 0xC0, 0x00, 0x00, 0x0B, 0x80, 0x00, 0x00, 0x03, 0x80, 0x00, 0x00, 0x00, 0x00, 0x00, 0x00,
    0x55, 0x00, 0x15, 0x40, 0x7F, 0xD0, 0x2F, 0xF0, 0x06, 0xF0, 0x01, 0xBC, 0x00, 0x3C, 0x00, 0x1F,
    0x00, 0x0F, 0x00, 0x03, 0xC0, 0x03, 0xC0, 0x00, 0xF0, 0x00, 0xF0, 0x00, 0x3C, 0x00, 0x3C, 0x00,
    0x0F, 0x00, 0x0F, 0x00, 0x03, 0xC0, 0x03, 0xC0, 0x01, 0xF0, 0x00, 0xF0, 0x00, 0x7C, 0x00, 0x3D,
    0x00, 0x3F, 0x00, 0x0B, 0xC0, 0x2F, 0xC0, 0x00, 0xFE, 0x7E, 0xBE, 0x00, 0x1F, 0xFD, 0x2F, 0xC0,
    0x00, 0x14, 0x00, 0x00, 0x00, 0x01, 0x40, 0x00, 0x00, 0x02, 0xF8, 0x00, 0x00, 0x02, 0xFF, 0x80,
    0x00, 0x02, 0xE0, 0xB8, 0x00, 0x02, 0xD0, 0x07, 0x40, 0x00, 0x00, 0x00, 0x00, 0x01, 0x54, 0x00,
    0x55, 0x01, 0xFF, 0x40, 0xBF, 0xC0, 0x1B, 0xC0, 0x06, 0xF0, 0x00, 0xF0, 0x00, 0x7C, 0x00, 0x3C,
    0x00, 0x0F, 0x00, 0x0F, 0x00, 0x03, 0xC0, 0x03, 0xC0, 0x00, 0xF0, 0x00, 0xF0, 0x00, 0x3C, 0x00,
    0x3C, 0x00, 0x0F, 0x00, 0x0F, 0x00, 0x07, 0xC0, 0x03, 0xC0, 0x01, 0xF0, 0x00, 0xF4, 0x00, 0xFC,
    0x00, 0x2F, 0x00, 0xBF, 0x00, 0x03, 0xF9, 0xFA, 0xF8, 0x00, 0x7F, 0xF4, 0xBF, 0x00, 0x00, 0x50,
    0x00, 0x00, 0x00, 0x64, 0x19, 0x00, 0x00, 0x3F, 0x0F, 0xC0, 0x00, 0x0F, 0xC3, 0xF0, 0x00, 0x01,
    0x80, 0x24, 0x00, 0x00, 0x00, 0x00, 0x00, 0x05, 0x50, 0x01, 0x54, 0x07, 0xFD, 0x02, 0xFF, 0x00,
    0x6F, 0x00, 0x1B, 0xC0, 0x03, 0xC0, 0x01, 0xF0, 0x00, 0xF0, 0x00, 0x3C, 0x00, 0x3C, 0x00, 0x0F,
    0x00, 0x0F, 0x00, 0x03, 0xC0, 0x03, 0xC0, 0x00, 0xF0, 0x00, 0xF0, 0x00, 0x3C, 0x00, 0x3C, 0x00,
    0x1F, 0x00, 0x0F, 0x00, 0x07, 0xC0, 0x03, 0xD0, 0x03, 0xF0, 0x00, 0xBC, 0x02, 0xFC, 0x00, 0x0F,
    0xE7, 0xEB, 0xE0, 0x01, 0xFF, 0xD2, 0xFC, 0x00, 0x01, 0x40, 0x00, 0x00, 0x00, 0x00, 0x00, 0x00,
    0x00, 0x00, 0x03, 0xC0, 0x00, 0x00, 0x03, 0xE0, 0x00, 0x00, 0x03, 0xD0, 0x00, 0x00, 0x03, 0xD0,
    0x00, 0x00, 0x01, 0xC0, 0x00, 0x00, 0x00, 0x00, 0x00, 0x00, 0x55, 0x50, 0x15, 0x54, 0x7F, 0xFC,
    0x0F, 0xFF, 0x07, 0xF4, 0x00, 0x3E, 0x00, 0x7D, 0x00, 0x0F, 0x00, 0x0F, 0x80, 0x07, 0x40, 0x01,
    0xF0, 0x03, 0xC0, 0x00, 0x3D, 0x00, 0xE0, 0x00, 0x07, 0xC0, 0xB0, 0x00, 0x00, 0xF4, 0x3C, 0x00,
    0x00, 0x2E, 0x1E, 0x00, 0x00, 0x03, 0xCB, 0x00, 0x00, 0x00, 0xBB, 0xC0, 0x00, 0x00, 0x1F, 0xD0,
    0x00, 0x00, 0x03, 0xF0, 0x00, 0x00, 0x00, 0x78, 0x00, 0x00, 0x00, 0x1D, 0x00, 0x00, 0x00, 0x0F,
    0x00, 0x00, 0x00, 0x03, 0x80, 0x00, 0x00, 0x02, 0xC0, 0x00, 0x00, 0x00, 0xF0, 0x00, 0x00, 0x00,
    0xB4, 0x00, 0x00, 0x00, 0x2C, 0x00, 0x00, 0x00, 0x00, 0x00, 0x00, 0x00, 0x00, 0x00, 0x00, 0x00,
    0x3F, 0xE0, 0x00, 0x00, 0x1B, 0xE0, 0x00, 0x00, 0x03, 0xE0, 0x00, 0x00, 0x02, 0xE0, 0x00, 0x00,
    0x02, 0xE0, 0x00, 0x00, 0x02, 0xE0, 0x00, 0x00, 0x02, 0xE0, 0x00, 0x00, 0x02, 0xE0, 0xA9, 0x00,
    0x02, 0xE7, 0xFF, 0xC0, 0x02, 0xFD, 0x02, 0xF0, 0x02, 0xF4, 0x00, 0xF8, 0x02, 0xF0, 0x00, 0x7C,
    0x02, 0xE0, 0x00, 0x3C, 0x02, 0xE0, 0x00, 0x3D, 0x02, 0xE0, 0x00, 0x3D, 0x02, 0xE0, 0x00, 0x3D,
    0x02, 0xE0, 0x00, 0x3C, 0x02, 0xE0, 0x00, 0x7C, 0x02, 0xE0, 0x00, 0xF8, 0x02, 0xE0, 0x02, 0xF0,
    0x02, 0xFE, 0x5F, 0xC0, 0x02, 0xFF, 0xFE, 0x00, 0x02, 0xE0, 0x40, 0x00, 0x02, 0xE0, 0x00, 0x00,
    0x02, 0xE0, 0x00, 0x00, 0x02, 0xE0, 0x00, 0x00, 0x03, 0xE0, 0x00, 0x00, 0x2F, 0xFF, 0x80, 0x00,
    0x2A, 0xAA, 0x40, 0x00, 0x00, 0x28, 0x0A, 0x00, 0x00, 0x2F, 0x47, 0xE0, 0x00, 0x0B, 0xD1, 0xF8,
    0x00, 0x00, 0x50, 0x14, 0x00, 0x00, 0x00, 0x00, 0x00, 0x05, 0x55, 0x01, 0x55, 0x47, 0xFF, 0xC0,
    0xFF, 0xF0, 0x7F, 0x40, 0x03, 0xE0, 0x07, 0xD0, 0x00, 0xF0, 0x00, 0xF8, 0x00, 0x74, 0x00, 0x1F,
    0x00, 0x3C, 0x00, 0x03, 0xD0, 0x0E, 0x00, 0x00, 0x7C, 0x0B, 0x00, 0x00, 0x0F, 0x43, 0xC0, 0x00,
    0x02, 0xE1, 0xE0, 0x00, 0x00, 0x3C, 0xB0, 0x00, 0x00, 0x0B, 0xBC, 0x00, 0x00, 0x01, 0xFD, 0x00,
    0x00, 0x00, 0x3F, 0x00, 0x00, 0x00, 0x07, 0x80, 0x00, 0x00, 0x01, 0xD0, 0x00, 0x00, 0x00, 0xF0,
    0x00, 0x00, 0x00, 0x38, 0x00, 0x00, 0x00, 0x2C, 0x00, 0x00, 0x00, 0x0F, 0x00, 0x00, 0x00, 0x0B,
    0x40, 0x00, 0x00, 0x02, 0xC0, 0x00, 0x00, 0x00, 0x00, 0x00, 0x00, 0x00, 0x00, 0x00, 0x00, 0x00,
    0x00, 0x0C, 0x00, 0xD0, 0x00, 0x00, 0x0F, 0x47, 0xC0, 0x00, 0x00, 0x03, 0xFF, 0x40, 0x00, 0x00,
    0x00, 0x68, 0x00, 0x00, 0x00, 0x00, 0x64, 0x00, 0x00, 0x00, 0x00, 0xBC, 0x00, 0x00, 0x00, 0x00,
    0xFC, 0x00, 0x00, 0x00, 0x01, 0xFE, 0x00, 0x00, 0x00, 0x02, 0xFF, 0x00, 0x00, 0x00, 0x03, 0xDF,
    0x00, 0x00, 0x00, 0x07, 0x8F, 0x80, 0x00, 0x00, 0x0B, 0x4B, 0xC0, 0x00, 0x00, 0x0F, 0x07, 0xD0,
    0x00, 0x00, 0x1E, 0x03, 0xE0, 0x00, 0x00, 0x2D, 0x02, 0xF0, 0x00, 0x00, 0x3C, 0x00, 0xF4, 0x00,
    0x00, 0x7C, 0x00, 0xFC, 0x00, 0x00, 0xBF, 0xFF, 0xFC, 0x00, 0x00, 0xF5, 0x55, 0x7E, 0x00, 0x00,
    0xF0, 0x00, 0x3F, 0x00, 0x02, 0xD0, 0x00, 0x1F, 0x40, 0x03, 0xC0, 0x00, 0x0F, 0x80, 0x07, 0xC0,
    0x00, 0x0F, 0xC0, 0x2F, 0xF8, 0x00, 0x6F, 0xF8, 0xBF, 0xFC, 0x00, 0xFF, 0xFC, 0x00, 0x00, 0x00,
    0x00, 0x00, 0x00, 0x00, 0x00, 0x00, 0xD0, 0x0D, 0x00, 0x0F, 0x47, 0xC0, 0x00, 0x3F, 0xF4, 0x00,
    0x00, 0x68, 0x00, 0x00, 0x00, 0x00, 0x00, 0x05, 0xAA, 0x40, 0x03, 0xFF, 0xFE, 0x00, 0x2D, 0x00,
    0xF4, 0x02, 0xC0, 0x07, 0xC0, 0x2C, 0x00, 0x3C, 0x00, 0x00, 0x03, 0xC0, 0x00, 0x00, 0x3C, 0x00,
    0x05, 0xBF, 0xC0, 0x0F, 0xFE, 0xBC, 0x03, 0xE0, 0x03, 0xC0, 0xBC, 0x00, 0x3C, 0x0B, 0x80, 0x0B,
    0xC0, 0xBC, 0x01, 0xFD, 0x03, 0xF6, 0xFA, 0xF8, 0x1F, 0xFD, 0x1F, 0xD0, 0x04, 0x00, 0x00, 0x2A,
    0xAA, 0xAA, 0x40, 0x00, 0x3F, 0xFF, 0xFF, 0xF4, 0x00, 0x03, 0xF0, 0x01, 0xBF, 0x00, 0x03, 0xF0,
    0x00, 0x1F, 0xC0, 0x03, 0xF0, 0x00, 0x07, 0xE0, 0x03, 0xE0, 0x00, 0x03, 0xF0, 0x03, 0xE0, 0x00,
    0x01, 0xF8, 0x03, 0xE0, 0x00, 0x00, 0xFC, 0x03, 0xE0, 0x00, 0x00, 0xFC, 0x17, 0xF5, 0x40, 0x00,
    0xBC, 0xBF, 0xFF, 0xD0, 0x00, 0xBC, 0x03, 0xE0, 0x00, 0x00, 0xBC, 0x03, 0xE0, 0x00, 0x00, 0xBC,
    0x03, 0xE0, 0x00, 0x00, 0xFC, 0x03, 0xE0, 0x00, 0x00, 0xF8, 0x03, 0xE0, 0x00, 0x02, 0xF0, 0x03,
    0xE0, 0x00, 0x03, 0xE0, 0x03, 0xF0, 0x00, 0x0F, 0xC0, 0x03, 0xF0, 0x00, 0x7F, 0x00, 0x1B, 0xFA,
    0xAB, 0xFC, 0x00, 0x7F, 0xFF, 0xFF, 0x90, 0x00, 0x00, 0x00, 0x00, 0x00, 0x00, 0x00, 0x00, 0x00,
    0x00, 0x00, 0x0B, 0xFD, 0x00, 0x00, 0x1A, 0xF8, 0x00, 0x00, 0x03, 0xD0, 0x00, 0x05, 0x5F, 0x90,
    0x00, 0x3F, 0xFF, 0xE0, 0x00, 0x00, 0xF4, 0x00, 0x00, 0x03, 0xD0, 0x00, 0x6A, 0x4F, 0x40, 0x0F,
    0xFF, 0xFD, 0x00, 0xFC, 0x06, 0xF4, 0x0B, 0xC0, 0x03, 0xD0, 0x3D, 0x00, 0x0F, 0x41, 0xF0, 0x00,
    0x3D, 0x0B, 0xC0, 0x00, 0xF4, 0x2F, 0x00, 0x03, 0xD0, 0xBC, 0x00, 0x0F, 0x41, 0xF0, 0x00, 0x3D,
    0x07, 0xC0, 0x00, 0xF4, 0x0F, 0x80, 0x07, 0xD0, 0x2F, 0x00, 0x3F, 0x80, 0x3F, 0x9B, 0xDF, 0x90,
    0x2F, 0xF8, 0x3F, 0x80, 0x01, 0x00, 0x00, 0x00, 0x00, 0x00, 0x2E, 0x40, 0xC2, 0xFF, 0xFF, 0x0D,
    0x1B, 0xF0, 0x10, 0x00, 0x00, 0x2A, 0xAA, 0x00, 0xFF, 0xFC, 0x00, 0x3F, 0x00, 0x00, 0xFC, 0x00,
    0x03, 0xF0, 0x00, 0x0F, 0x80, 0x00, 0x3E, 0x00, 0x00, 0xF8, 0x00, 0x03, 0xE0, 0x00, 0x0F, 0x80,
    0x00, 0x3E, 0x00, 0x00, 0xF8, 0x00, 0x03, 0xE0, 0x00, 0x0F, 0x80, 0x00, 0x3E, 0x00, 0x00, 0xF8,
    0x00, 0x03, 0xE0, 0x00, 0x0F, 0xC0, 0x00, 0x3F, 0x00, 0x06, 0xFE, 0x90, 0x7F, 0xFF, 0x40, 0x00,
    0x00, 0x00, 0x00, 0x00, 0x00, 0x74, 0x28, 0x1F, 0xFB, 0x43, 0x87, 0xE0, 0x10, 0x04, 0x00, 0x00,
    0x00, 0x05, 0x54, 0x00, 0xFF, 0xC0, 0x01, 0xFC, 0x00, 0x0B, 0xC0, 0x00, 0x7C, 0x00, 0x07, 0xC0,
    0x00, 0x7C, 0x00, 0x07, 0xC0, 0x00, 0x7C, 0x00, 0x07, 0xC0, 0x00, 0x7C, 0x00, 0x07, 0xC0, 0x00,
    0xBC, 0x00, 0x6F, 0xE8, 0x0F, 0xFF, 0xC0, 0x00, 0x00, 0x00, 0x00, 0x00, 0x00, 0x00, 0x00, 0x00,
    0xB9, 0x03, 0x00, 0x00, 0x00, 0xBF, 0xFF, 0x80, 0x00, 0x00, 0x34, 0x6F, 0xC0, 0x00, 0x00, 0x04,
    0x00, 0x00, 0x00, 0x1A, 0xAA, 0x80, 0x06, 0xAA, 0x8B, 0xFF, 0xF0, 0x02, 0xFF, 0xF4, 0x1F, 0xC0,
    0x00, 0x07, 0xC0, 0x03, 0xE0, 0x00, 0x00, 0xF0, 0x00, 0xF8, 0x00, 0x00, 0x3C, 0x00, 0x3E, 0x00,
    0x00, 0x0F, 0x00, 0x0F, 0x80, 0x00, 0x03, 0xC0, 0x03, 0xE0, 0x00, 0x00, 0xF0, 0x00, 0xF8, 0x00,
    0x00, 0x3C, 0x00, 0x3E, 0x00, 0x00, 0x0F, 0x00, 0x0F, 0x80, 0x00, 0x03, 0xC0, 0x03, 0xE0, 0x00,
    0x00, 0xF0, 0x00, 0xF8, 0x00, 0x00, 0x3C, 0x00, 0x3E, 0x00, 0x00, 0x0F, 0x00, 0x0F, 0x80, 0x00,
    0x03, 0xC0, 0x03, 0xF0, 0x00, 0x01, 0xE0, 0x00, 0xBC, 0x00, 0x00, 0xB4, 0x00, 0x0F, 0x80, 0x00,
    0x3C, 0x00, 0x02, 0xF4, 0x00, 0x3E, 0x00, 0x00, 0x3F, 0xD5, 0xBE, 0x00, 0x00, 0x02, 0xFF, 0xFD,
    0x00, 0x00, 0x00, 0x05, 0x50, 0x00, 0x00, 0x00, 0x00, 0x00, 0x00, 0x00, 0x1E, 0x40, 0xC0, 0x00,
    0x0F, 0xFE, 0xF0, 0x00, 0x0F, 0x1B, 0xF0, 0x00, 0x01, 0x00, 0x10, 0x00, 0x00, 0x00, 0x00, 0x00,
    0x01, 0x54, 0x00, 0x55, 0x01, 0xFF, 0x40, 0xBF, 0xC0, 0x1B, 0xC0, 0x06, 0xF0, 0x00, 0xF0, 0x00,
    0x7C, 0x00, 0x3C, 0x00, 0x0F, 0x00, 0x0F, 0x00, 0x03, 0xC0, 0x03, 0xC0, 0x00, 0xF0, 0x00, 0xF0,
    0x00, 0x3C, 0x00, 0x3C, 0x00, 0x0F, 0x00, 0x0F, 0x00, 0x07, 0xC0, 0x03, 0xC0, 0x01, 0xF0, 0x00,
    0xF4, 0x00, 0xFC, 0x00, 0x2F, 0x00, 0xBF, 0x00, 0x03, 0xF9, 0xFA, 0xF8, 0x00, 0x7F, 0xF4, 0xBF,
    0x00, 0x00, 0x50, 0x00, 0x00, 0x00, 0x00, 0x00, 0x00, 0x06, 0x00, 0x00, 0x00, 0x00, 0x07, 0xC0,
    0x00, 0xBF, 0xF9, 0x00, 0xF4, 0x02, 0xFE, 0x6B, 0xF0, 0x3C, 0x03, 0xF4, 0x00, 0x3F, 0xAE, 0x03,
    0xF0, 0x00, 0x03, 0xF9, 0x02, 0xF4, 0x00, 0x00, 0x7E, 0x00, 0xFC, 0x00, 0x00, 0x0F, 0xC0, 0x7E,
    0x00, 0x00, 0x01, 0xF8, 0x2F, 0x40, 0x00, 0x00, 0x3F, 0x0F, 0xC0, 0x00, 0x00, 0x0F, 0xC3, 0xF0,
    0x00, 0x00, 0x03, 0xF0, 0xFC, 0x00, 0x00, 0x00, 0xFC, 0x3F, 0x00, 0x00, 0x00, 0x3F, 0x0F, 0xC0,
    0x00, 0x00, 0x0F, 0xC2, 0xF4, 0x00, 0x00, 0x03, 0xF0, 0x7E, 0x00, 0x00, 0x01, 0xF8, 0x0F, 0xC0,
    0x00, 0x00, 0xBD, 0x02, 0xF4, 0x00, 0x00, 0x3F, 0x00, 0x3F, 0x00, 0x00, 0x2F, 0x40, 0x07, 0xE0,
    0x00, 0x2F, 0x80, 0x00, 0x7F, 0x40, 0x6F, 0x80, 0x00, 0x02, 0xFF, 0xFF, 0x40, 0x00, 0x00, 0x05,
    0x54, 0x00, 0x00, 0x00, 0x00, 0x00, 0x09, 0x00, 0x00, 0x00, 0x3D, 0x00, 0x00, 0x00, 0x2E, 0x00,
    0x6A, 0x90, 0x2D, 0x03, 0xFF, 0xFD, 0xBC, 0x0F, 0xC0, 0x3F, 0x90, 0x2F, 0x00, 0x0F, 0x80, 0x3D,
    0x00, 0x07, 0xC0, 0x7C, 0x00, 0x03, 0xD0, 0xBC, 0x00, 0x03, 0xE0, 0xBC, 0x00, 0x03, 0xE0, 0xBC,
    0x00, 0x03, 0xE0, 0x7C, 0x00, 0x03, 0xE0, 0x7C, 0x00, 0x03, 0xD0, 0x3E, 0x00, 0x0B, 0xC0, 0x1F,
    0x40, 0x0F, 0x40, 0x0B, 0xE5, 0xBE, 0x00, 0x01, 0xFF, 0xF4, 0x00, 0x00, 0x05, 0x00, 0x00, 0x00,
    0x00, 0x00, 0x00, 0x00, 0x24, 0x00, 0x00, 0x00, 0x00, 0x03, 0xD0, 0x00, 0x00, 0x00, 0x00, 0x0B,
    0x80, 0x00, 0x00, 0x00, 0x00, 0x2D, 0x2A, 0xAA, 0x40, 0x0A, 0x96, 0xF0, 0xFF, 0xFE, 0x00, 0x3F,
    0xF9, 0x00, 0x2F, 0x40, 0x00, 0x0F, 0x80, 0x00, 0xBC, 0x00, 0x00, 0x2D, 0x00, 0x01, 0xF0, 0x00,
    0x00, 0xB4, 0x00, 0x07, 0xC0, 0x00, 0x02, 0xD0, 0x00, 0x1F, 0x00, 0x00, 0x0B, 0x40, 0x00, 0x7C,
    0x00, 0x00, 0x2D, 0x00, 0x01, 0xF0, 0x00, 0x00, 0xB4, 0x00, 0x07, 0xC0, 0x00, 0x02, 0xD0, 0x00,
    0x1F, 0x00, 0x00, 0x0B, 0x40, 0x00, 0x7C, 0x00, 0x00, 0x2D, 0x00, 0x01, 0xF0, 0x00, 0x00, 0xB4,
    0x00, 0x07, 0xC0, 0x00, 0x02, 0xD0, 0x00, 0x1F, 0x00, 0x00, 0x0B, 0x40, 0x00, 0x7D, 0x00, 0x00,
    0x3C, 0x00, 0x00, 0xF8, 0x00, 0x00, 0xF0, 0x00, 0x02, 0xF0, 0x00, 0x0B, 0x80, 0x00, 0x03, 0xF0,
    0x00, 0x7C, 0x00, 0x00, 0x07, 0xF9, 0x5F, 0xD0, 0x00, 0x00, 0x03, 0xFF, 0xF8, 0x00, 0x00, 0x00,
    0x00, 0x55, 0x00, 0x00, 0x00, 0x00, 0x00, 0x00, 0x01, 0x80, 0x00, 0x00, 0x00, 0x3D, 0x00, 0x00,
    0x00, 0x03, 0xD0, 0x00, 0x00, 0x00, 0x2D, 0x15, 0x40, 0x05, 0x9B, 0xC7, 0xFD, 0x02, 0xFF, 0x90,
    0x1B, 0xC0, 0x06, 0xF0, 0x00, 0x3C, 0x00, 0x1F, 0x00, 0x03, 0xC0, 0x00, 0xF0, 0x00, 0x3C, 0x00,
    0x0F, 0x00, 0x03, 0xC0, 0x00, 0xF0, 0x00, 0x3C, 0x00, 0x0F, 0x00, 0x03, 0xC0, 0x00, 0xF0, 0x00,
    0x3C, 0x00, 0x1F, 0x00, 0x03, 0xC0, 0x01, 0xF0, 0x00, 0x3D, 0x00, 0x3F, 0x00, 0x02, 0xF0, 0x0B,
    0xF0, 0x00, 0x0F, 0xE7, 0xEB, 0xE0, 0x00, 0x7F, 0xF4, 0xBF, 0x00, 0x00, 0x14, 0x00, 0x00, 0x04,
    0x00, 0xF4, 0x02, 0xF4, 0x01, 0xF0, 0x01, 0xF0, 0x00, 0xD0, 0x00, 0x00, 0x00, 0x10, 0x02, 0xE0,
    0x2F, 0x02, 0xF0, 0x2E, 0x00, 0xE0, 0x00, 0x00, 0x00, 0x00, 0x10, 0x00, 0x03, 0xF4, 0x00, 0x3E,
    0xF4, 0x03, 0xC0, 0xF4, 0x38, 0x00, 0xB0, 0x00, 0x00, 0x00, 0x00, 0x00, 0x01, 0xE4, 0x0D, 0x3F,
    0xFB, 0xCB, 0x0B, 0xF4, 0x40, 0x00, 0x00, 0x00, 0x00, 0x3F, 0xFF, 0xF5, 0x55, 0x54, 0x00, 0x00,
    0x28, 0x01, 0xC7, 0x92, 0xE0, 0xBF, 0xF0, 0x02, 0x90, 0x00, 0x00, 0x0F, 0x87, 0xF0, 0xFC, 0x19,
    0x00, 0x19, 0x06, 0x43, 0xF0, 0xFC, 0x3F, 0x0F, 0xC1, 0x80, 0x24, 0x14, 0x07, 0xF8, 0x03, 0xC0,
    0xB8, 0x2E, 0x02, 0xC0, 0x1F, 0x83, 0x5D, 0x70, 0xA7, 0x0E, 0x2F, 0xC0, 0x00, 0x00, 0x10, 0x00,
    0x00, 0x2F, 0x03, 0x80, 0x2F, 0x07, 0xE0, 0x3E, 0x0B, 0xD0, 0x3D, 0x0B, 0x80, 0x04, 0x01, 0x40,
    0x00, 0x00, 0x00, 0x00, 0xE0, 0x03, 0xC1, 0xF4, 0x7C, 0x00, 0xFF, 0xC0, 0x00, 0xFC, 0x00, 0x00,
    0x00, 0x00, 0x00, 0x00, 0x03, 0x43, 0xC0, 0xBD, 0x3E, 0x01, 0xF8, 0xB8, 0x02, 0xF1, 0xE0, 0x01,
    0x04, 0x06, 0x90, 0x0B, 0xFF, 0x07, 0x81, 0xE2, 0x80, 0x1C, 0x00, 0x00, 0x00, 0x04, 0x2C, 0x38,
    0x7C, 0x7D, 0x3C, 0x00, 0x00, 0x40, 0x1D, 0x01, 0xD0, 0x1D, 0x02, 0xD0, 0x3C, 0x07, 0x80, 0xF0,
    0x1D, 0x02, 0xC0, 0x20, 0x00, 0x00, 0x0F, 0x87, 0xF0, 0xFC, 0x18, 0x00, 0x19, 0x06, 0x43, 0xF0,
    0xFC, 0x3F, 0x0F, 0xC1, 0x80, 0x24, 0x14, 0x7D, 0x7D, 0x2D, 0x2C, 0x38, 0x00, 0x04, 0x06, 0x02,
    0x40, 0xF8, 0x1B, 0x40, 0xE0, 0xB6, 0xF4, 0x00, 0x00, 0x00, 0x00, 0xF4, 0x3C, 0x0B, 0x80, 0xB4,
    0x0B, 0xD4, 0x2F, 0xD0, 0x00, 0x00, 0x00, 0x28, 0x01, 0xC7, 0x92, 0xE0, 0xBF, 0xF0, 0x02, 0x90,
    0x00, 0x00, 0x00, 0x3F, 0xFF, 0xD0, 0x00, 0x00, 0x00, 0x00, 0x64, 0x00, 0x00, 0x00, 0x00, 0xBC,
    0x00, 0x00, 0x00, 0x00, 0xFC, 0x00, 0x00, 0x00, 0x01, 0xFE, 0x00, 0x00, 0x00, 0x02, 0xFF, 0x00,
    0x00, 0x00, 0x03, 0xDF, 0x00, 0x00, 0x00, 0x07, 0x8F, 0x80, 0x00, 0x00, 0x0B, 0x4B, 0xC0, 0x00,
    0x00, 0x0F, 0x07, 0xD0, 0x00, 0x00, 0x1E, 0x03, 0xE0, 0x00, 0x00, 0x2D, 0x02, 0xF0, 0x00, 0x00,
    0x3C, 0x00, 0xF4, 0x00, 0x00, 0x7C, 0x00, 0xFC, 0x00, 0x00, 0xBF, 0xFF, 0xFC, 0x00, 0x00, 0xF5,
    0x55, 0x7E, 0x00, 0x00, 0xF0, 0x00, 0x3F, 0x00, 0x02, 0xD0, 0x00, 0x1F, 0x40, 0x03, 0xC0, 0x00,
    0x0F, 0x80, 0x07, 0xC0, 0x00, 0x0F, 0xC0, 0x2F, 0xF8, 0x00, 0x6F, 0xF8, 0xBF, 0xFC, 0x00, 0xFF,
    0xFC, 0x00, 0x00, 0x00, 0x00, 0x00, 0x00, 0x00, 0x00, 0x00, 0x00, 0x00, 0x00, 0xB8, 0x00, 0x00,
    0x00, 0x00, 0xFC, 0x00, 0x00, 0x00, 0x00, 0xFC, 0x00, 0x00, 0x00, 0x00, 0x64, 0x00, 0x00, 0x05,
    0xAA, 0x40, 0x03, 0xFF, 0xFE, 0x00, 0x2D, 0x00, 0xF4, 0x02, 0xC0, 0x07, 0xC0, 0x2C, 0x00, 0x3C,
    0x00, 0x00, 0x03, 0xC0, 0x00, 0x00, 0x3C, 0x00, 0x05, 0xBF, 0xC0, 0x0F, 0xFE, 0xBC, 0x03, 0xE0,
    0x03, 0xC0, 0xBC, 0x00, 0x3C, 0x0B, 0x80, 0x0B, 0xC0, 0xBC, 0x01, 0xFD, 0x03, 0xF6, 0xFA, 0xF8,
    0x1F, 0xFD, 0x1F, 0xD0, 0x04, 0x00, 0x00, 0x00, 0x00, 0x00, 0x00, 0x03, 0xD0, 0x00, 0x00, 0x7F,
    0x00, 0x00, 0x07, 0xF0, 0x00, 0x00, 0x18, 0x00, 0x00, 0x00, 0x00, 0x00, 0x00, 0x00, 0x00, 0x01,
    0xFD, 0x00, 0x00, 0x00, 0x00, 0x0F, 0x00, 0x00, 0x00, 0x00, 0x3C, 0x00, 0x00, 0x00, 0x00, 0xB0,
    0x00, 0x00, 0x00, 0x00, 0x10, 0x00, 0x00, 0x00, 0x00, 0x64, 0x00, 0x00, 0x00, 0x00, 0xBC, 0x00,
    0x00, 0x00, 0x00, 0xFC, 0x00, 0x00, 0x00, 0x01, 0xFE, 0x00, 0x00, 0x00, 0x02, 0xFF, 0x00, 0x00,
    0x00, 0x03, 0xDF, 0x00, 0x00, 0x00, 0x07, 0x8F, 0x80, 0x00, 0x00, 0x0B, 0x4B, 0xC0, 0x00, 0x00,
    0x0F, 0x07, 0xD0, 0x00, 0x00, 0x1E, 0x03, 0xE0, 0x00, 0x00, 0x2D, 0x02, 0xF0, 0x00, 0x00, 0x3C,
    0x00, 0xF4, 0x00, 0x00, 0x7C, 0x00, 0xFC, 0x00, 0x00, 0xBF, 0xFF, 0xFC, 0x00, 0x00, 0xF5, 0x55,
    0x7E, 0x00, 0x00, 0xF0, 0x00, 0x3F, 0x00, 0x02, 0xD0, 0x00, 0x1F, 0x40, 0x03, 0xC0, 0x00, 0x0F,
    0x80, 0x07, 0xC0, 0x00, 0x0F, 0xC0, 0x2F, 0xF8, 0x00, 0x6F, 0xF8, 0xBF, 0xFC, 0x00, 0xFF, 0xFC,
    0x00, 0x00, 0x00, 0x00, 0x00, 0x00, 0x50, 0x00, 0x00, 0x1F, 0xE0, 0x00, 0x00, 0x0F, 0x00, 0x00,
    0x02, 0xF0, 0x00, 0x00, 0xB8, 0x00, 0x00, 0x0B, 0x00, 0x00, 0x00, 0x00, 0x00, 0x00, 0x5A, 0xA4,
    0x00, 0x3F, 0xFF, 0xE0, 0x02, 0xD0, 0x0F, 0x40, 0x2C, 0x00, 0x7C, 0x02, 0xC0, 0x03, 0xC0, 0x00,
    0x00, 0x3C, 0x00, 0x00, 0x03, 0xC0, 0x00, 0x5B, 0xFC, 0x00, 0xFF, 0xEB, 0xC0, 0x3E, 0x00, 0x3C,
    0x0B, 0xC0, 0x03, 0xC0, 0xB8, 0x00, 0xBC, 0x0B, 0xC0, 0x1F, 0xD0, 0x3F, 0x6F, 0xAF, 0x81, 0xFF,
    0xD1, 0xFD, 0x00, 0x40, 0x00, 0x00, 0x00, 0x00, 0x00, 0x00, 0x00, 0x00, 0x00, 0x0B, 0xC0, 0x00,
    0x00, 0x00, 0xBF, 0x40, 0x00, 0x00, 0x03, 0xE0, 0x00, 0x00, 0x00, 0x00, 0x10, 0x00, 0x00, 0x00,
    0x01, 0xFD, 0x00, 0x00, 0x00, 0x07, 0xEF, 0x80, 0x00, 0x00, 0x2E, 0x02, 0xF0, 0x00, 0x00, 0x10,
    0x00, 0x10, 0x00, 0x00, 0x00, 0x64, 0x00, 0x00, 0x00, 0x00, 0xBC, 0x00, 0x00, 0x00, 0x00, 0xFC,
    0x00, 0x00, 0x00, 0x01, 0xFE, 0x00, 0x00, 0x00, 0x02, 0xFF, 0x00, 0x00, 0x00, 0x03, 0xDF, 0x00,
    0x00, 0x00, 0x07, 0x8F, 0x80, 0x00, 0x00, 0x0B, 0x4B, 0xC0, 0x00, 0x00, 0x0F, 0x07, 0xD0, 0x00,
    0x00, 0x1E, 0x03, 0xE0, 0x00, 0x00, 0x2D, 0x02, 0xF0, 0x00, 0x00, 0x3C, 0x00, 0xF4, 0x00, 0x00,
    0x7C, 0x00, 0xFC, 0x00, 0x00, 0xBF, 0xFF, 0xFC, 0x00, 0x00, 0xF5, 0x55, 0x7E, 0x00, 0x00, 0xF0,
    0x00, 0x3F, 0x00, 0x02, 0xD0, 0x00, 0x1F, 0x40, 0x03, 0xC0, 0x00, 0x0F, 0x80, 0x07, 0xC0, 0x00,
    0x0F, 0xC0, 0x2F, 0xF8, 0x00, 0x6F, 0xF8, 0xBF, 0xFC, 0x00, 0xFF, 0xFC, 0x00, 0x00, 0x00, 0x00,
    0x00, 0x00, 0x00, 0x00, 0x00, 0x00, 0xBC, 0x00, 0x00, 0x7F, 0x40, 0x00, 0x3E, 0x40, 0x00, 0x00,
    0x00, 0x00, 0x00, 0x0F, 0xD0, 0x00, 0x07, 0xEF, 0x80, 0x02, 0xE0, 0x1F, 0x00, 0x14, 0x00, 0x10,
    0x00, 0x5A, 0xA4, 0x00, 0x3F, 0xFF, 0xE0, 0x02, 0xD0, 0x0F, 0x40, 0x2C, 0x00, 0x7C, 0x02, 0xC0,
    0x03, 0xC0, 0x00, 0x00, 0x3C, 0x00, 0x00, 0x03, 0xC0, 0x00, 0x5B, 0xFC, 0x00, 0xFF, 0xEB, 0xC0,
    0x3E, 0x00, 0x3C, 0x0B, 0xC0, 0x03, 0xC0, 0xB8, 0x00, 0xBC, 0x0B, 0xC0, 0x1F, 0xD0, 0x3F, 0x6F,
    0xAF, 0x81, 0xFF, 0xD1, 0xFD, 0x00, 0x40, 0x00, 0x00, 0x00, 0x00, 0x00, 0x00, 0x00, 0x00, 0x07,
    0x40, 0x00, 0x00, 0x00, 0x07, 0xF0, 0x00, 0x00, 0x00, 0x00, 0x7E, 0x00, 0x00, 0x00, 0x00, 0x07,
    0x00, 0x00, 0x00, 0x00, 0x10, 0x00, 0x00, 0x00, 0x01, 0xFD, 0x00, 0x00, 0x00, 0x0B, 0xEF, 0x80,
    0x00, 0x00, 0x3E, 0x02, 0xF0, 0x00, 0x00, 0x10, 0x00, 0x10, 0x00, 0x00, 0x00, 0x64, 0x00, 0x00,
    0x00, 0x00, 0xBC, 0x00, 0x00, 0x00, 0x00, 0xFC, 0x00, 0x00, 0x00, 0x01, 0xFE, 0x00, 0x00, 0x00,
    0x02, 0xFF, 0x00, 0x00, 0x00, 0x03, 0xDF, 0x00, 0x00, 0x00, 0x07, 0x8F, 0x80, 0x00, 0x00, 0x0B,
    0x4B, 0xC0, 0x00, 0x00, 0x0F, 0x07, 0xD0, 0x00, 0x00, 0x1E, 0x03, 0xE0, 0x00, 0x00, 0x2D, 0x02,
    0xF0, 0x00, 0x00, 0x3C, 0x00, 0xF4, 0x00, 0x00, 0x7C, 0x00, 0xFC, 0x00, 0x00, 0xBF, 0xFF, 0xFC,
    0x00, 0x00, 0xF5, 0x55, 0x7E, 0x00, 0x00, 0xF0, 0x00, 0x3F, 0x00, 0x02, 0xD0, 0x00, 0x1F, 0x40,
    0x03, 0xC0, 0x00, 0x0F, 0x80, 0x07, 0xC0, 0x00, 0x0F, 0xC0, 0x2F, 0xF8, 0x00, 0x6F, 0xF8, 0xBF,
    0xFC, 0x00, 0xFF, 0xFC, 0x00, 0x00, 0x00, 0x00, 0x00, 0x00, 0x00, 0x00, 0x00, 0x38, 0x00, 0x00,
    0x07, 0xF4, 0x00, 0x00, 0x07, 0xE0, 0x00, 0x00, 0x07, 0x40, 0x00, 0x00, 0x00, 0x00, 0x00, 0xFD,
    0x00, 0x00, 0x7E, 0xF8, 0x00, 0x2E, 0x01, 0xF0, 0x01, 0x40, 0x01, 0x00, 0x05, 0xAA, 0x40, 0x03,
    0xFF, 0xFE, 0x00, 0x2D, 0x00, 0xF4, 0x02, 0xC0, 0x07, 0xC0, 0x2C, 0x00, 0x3C, 0x00, 0x00, 0x03,
    0xC0, 0x00, 0x00, 0x3C, 0x00, 0x05, 0xBF, 0xC0, 0x0F, 0xFE, 0xBC, 0x03, 0xE0, 0x03, 0xC0, 0xBC,
    0x00, 0x3C, 0x0B, 0x80, 0x0B, 0xC0, 0xBC, 0x01, 0xFD, 0x03, 0xF6, 0xFA, 0xF8, 0x1F, 0xFD, 0x1F,
    0xD0, 0x04, 0x00, 0x00, 0x00, 0x00, 0x00, 0x00, 0x00, 0x00, 0x01, 0xFE, 0x00, 0x00, 0x00, 0x00,
    0x0F, 0x00, 0x00, 0x00, 0x00, 0x1F, 0x00, 0x00, 0x00, 0x00, 0xB8, 0x00, 0x00, 0x00, 0x00, 0x60,
    0x00, 0x00, 0x00, 0x00, 0x10, 0x00, 0x00, 0x00, 0x01, 0xFD, 0x00, 0x00, 0x00, 0x0B, 0xEF, 0x80,
    0x00, 0x00, 0x2E, 0x02, 0xF0, 0x00, 0x00, 0x10, 0x00, 0x10, 0x00, 0x00, 0x00, 0x64, 0x00, 0x00,
    0x00, 0x00, 0xBC, 0x00, 0x00, 0x00, 0x00, 0xFC, 0x00, 0x00, 0x00, 0x01, 0xFE, 0x00, 0x00, 0x00,
    0x02, 0xFF, 0x00, 0x00, 0x00, 0x03, 0xDF, 0x00, 0x00, 0x00, 0x07, 0x8F, 0x80, 0x00, 0x00, 0x0B,
    0x4B, 0xC0, 0x00, 0x00, 0x0F, 0x07, 0xD0, 0x00, 0x00, 0x1E, 0x03, 0xE0, 0x00, 0x00, 0x2D, 0x02,
    0xF0, 0x00, 0x00, 0x3C, 0x00, 0xF4, 0x00, 0x00, 0x7C, 0x00, 0xFC, 0x00, 0x00, 0xBF, 0xFF, 0xFC,
    0x00, 0x00, 0xF5, 0x55, 0x7E, 0x00, 0x00, 0xF0, 0x00, 0x3F, 0x00, 0x02, 0xD0, 0x00, 0x1F, 0x40,
    0x03, 0xC0, 0x00, 0x0F, 0x80, 0x07, 0xC0, 0x00, 0x0F, 0xC0, 0x2F, 0xF8, 0x00, 0x6F, 0xF8, 0xBF,
    0xFC, 0x00, 0xFF, 0xFC, 0x00, 0x00, 0x00, 0x00, 0x00, 0x00, 0x00, 0x00, 0x00, 0x0F, 0xF0, 0x00,
    0x00, 0x0B, 0x40, 0x00, 0x01, 0xF0, 0x00, 0x00, 0x78, 0x00, 0x00, 0x02, 0x40, 0x00, 0x00, 0x00,
    0x00, 0x00, 0x0F, 0xD0, 0x00, 0x07, 0xEF, 0x80, 0x02, 0xE0, 0x1F, 0x00, 0x14, 0x00, 0x10, 0x00,
    0x5A, 0xA4, 0x00, 0x3F, 0xFF, 0xE0, 0x02, 0xD0, 0x0F, 0x40, 0x2C, 0x00, 0x7C, 0x02, 0xC0, 0x03,
    0xC0, 0x00, 0x00, 0x3C, 0x00, 0x00, 0x03, 0xC0, 0x00, 0x5B, 0xFC, 0x00, 0xFF, 0xEB, 0xC0, 0x3E,
    0x00, 0x3C, 0x0B, 0xC0, 0x03, 0xC0, 0xB8, 0x00, 0xBC, 0x0B, 0xC0, 0x1F, 0xD0, 0x3F, 0x6F, 0xAF,
    0x81, 0xFF, 0xD1, 0xFD, 0x00, 0x40, 0x00, 0x00, 0x00, 0x00, 0x00, 0x00, 0x00, 0x00, 0x07, 0xE0,
    0x70, 0x00, 0x00, 0x0E, 0xBF, 0xD0, 0x00, 0x00, 0x18, 0x1A, 0x80, 0x00, 0x00, 0x00, 0xBE, 0x00,
    0x00, 0x00, 0x03, 0xEF, 0xC0, 0x00, 0x00, 0x1F, 0x01, 0xF4, 0x00, 0x00, 0x04, 0x00, 0x10, 0x00,
    0x00, 0x00, 0x64, 0x00, 0x00, 0x00, 0x00, 0xBC, 0x00, 0x00, 0x00, 0x00, 0xFC, 0x00, 0x00, 0x00,
    0x01, 0xFE, 0x00, 0x00, 0x00, 0x02, 0xFF, 0x00, 0x00, 0x00, 0x03, 0xDF, 0x00, 0x00, 0x00, 0x07,
    0x8F, 0x80, 0x00, 0x00, 0x0B, 0x4B, 0xC0, 0x00, 0x00, 0x0F, 0x07, 0xD0, 0x00, 0x00, 0x1E, 0x03,
    0xE0, 0x00, 0x00, 0x2D, 0x02, 0xF0, 0x00, 0x00, 0x3C, 0x00, 0xF4, 0x00, 0x00, 0x7C, 0x00, 0xFC,
    0x00, 0x00, 0xBF, 0xFF, 0xFC, 0x00, 0x00, 0xF5, 0x55, 0x7E, 0x00, 0x00, 0xF0, 0x00, 0x3F, 0x00,
    0x02, 0xD0, 0x00, 0x1F, 0x40, 0x03, 0xC0, 0x00, 0x0F, 0x80, 0x07, 0xC0, 0x00, 0x0F, 0xC0, 0x2F,
    0xF8, 0x00, 0x6F, 0xF8, 0xBF, 0xFC, 0x00, 0xFF, 0xFC, 0x00, 0x00, 0x00, 0x00, 0x00, 0x00, 0x00,
    0x00, 0x00, 0xBE, 0x0A, 0x00, 0x1E, 0xFF, 0xC0, 0x02, 0x41, 0xB4, 0x00, 0x00, 0xFD, 0x00, 0x00,
    0x7E, 0xF8, 0x00, 0x2E, 0x01, 0xF0, 0x01, 0x40, 0x01, 0x00, 0x05, 0xAA, 0x40, 0x03, 0xFF, 0xFE,
    0x00, 0x2D, 0x00, 0xF4, 0x02, 0xC0, 0x07, 0xC0, 0x2C, 0x00, 0x3C, 0x00, 0x00, 0x03, 0xC0, 0x00,
    0x00, 0x3C, 0x00, 0x05, 0xBF, 0xC0, 0x0F, 0xFE, 0xBC, 0x03, 0xE0, 0x03, 0xC0, 0xBC, 0x00, 0x3C,
    0x0B, 0x80, 0x0B, 0xC0, 0xBC, 0x01, 0xFD, 0x03, 0xF6, 0xFA, 0xF8, 0x1F, 0xFD, 0x1F, 0xD0, 0x04,
    0x00, 0x00, 0x00, 0x00, 0x00, 0x00, 0x00, 0x00, 0x01, 0xFE, 0x00, 0x00, 0x00, 0x0F, 0xEF, 0xC0,
    0x00, 0x00, 0x3D, 0x01, 0xF4, 0x00, 0x00, 0x10, 0x00, 0x10, 0x00, 0x00, 0x00, 0x64, 0x00, 0x00,
    0x00, 0x00, 0xBC, 0x00, 0x00, 0x00, 0x00, 0xFC, 0x00, 0x00, 0x00, 0x01, 0xFE, 0x00, 0x00, 0x00,
    0x02, 0xFF, 0x00, 0x00, 0x00, 0x03, 0xDF, 0x00, 0x00, 0x00, 0x07, 0x8F, 0x80, 0x00, 0x00, 0x0B,
    0x4B, 0xC0, 0x00, 0x00, 0x0F, 0x07, 0xD0, 0x00, 0x00, 0x1E, 0x03, 0xE0, 0x00, 0x00, 0x2D, 0x02,
    0xF0, 0x00, 0x00, 0x3C, 0x00, 0xF4, 0x00, 0x00, 0x7C, 0x00, 0xFC, 0x00, 0x00, 0xBF, 0xFF, 0xFC,
    0x00, 0x00, 0xF5, 0x55, 0x7E, 0x00, 0x00, 0xF0, 0x00, 0x3F, 0x00, 0x02, 0xD0, 0x00, 0x1F, 0x40,
    0x03, 0xC0, 0x00, 0x0F, 0x80, 0x07, 0xC0, 0x00, 0x0F, 0xC0, 0x2F, 0xF8, 0x00, 0x6F, 0xF8, 0xBF,
    0xFC, 0x00, 0xFF, 0xFC, 0x00, 0x00, 0x00, 0x00, 0x00, 0x00, 0x00, 0x00, 0x00, 0x00, 0x00, 0x00,
    0xB8, 0x00, 0x00, 0x00, 0x00, 0xFC, 0x00, 0x00, 0x00, 0x00, 0xFC, 0x00, 0x00, 0x00, 0x00, 0x64,
    0x00, 0x00, 0x00, 0x14, 0x00, 0x00, 0x0F, 0xD0, 0x00, 0x03, 0xEF, 0x40, 0x00, 0xF4, 0x2D, 0x00,
    0x3C, 0x00, 0x70, 0x00, 0x00, 0x00, 0x00, 0x05, 0xAA, 0x40, 0x03, 0xFF, 0xFE, 0x00, 0x2D, 0x00,
    0xF4, 0x02, 0xC0, 0x07, 0xC0, 0x2C, 0x00, 0x3C, 0x00, 0x00, 0x03, 0xC0, 0x00, 0x00, 0x3C, 0x00,
    0x05, 0xBF, 0xC0, 0x0F, 0xFE, 0xBC, 0x03, 0xE0, 0x03, 0xC0, 0xBC, 0x00, 0x3C, 0x0B, 0x80, 0x0B,
    0xC0, 0xBC, 0x01, 0xFD, 0x03, 0xF6, 0xFA, 0xF8, 0x1F, 0xFD, 0x1F, 0xD0, 0x04, 0x00, 0x00, 0x00,
    0x00, 0x00, 0x00, 0x03, 0xD0, 0x00, 0x00, 0x7F, 0x00, 0x00, 0x07, 0xF0, 0x00, 0x00, 0x18, 0x00,
    0x00, 0x00, 0x00, 0x00, 0x40, 0x00, 0x00, 0x00, 0x07, 0xC0, 0x00, 0x00, 0x00, 0x7F, 0x80, 0x00,
    0x00, 0x02, 0xE4, 0x00, 0x00, 0x00, 0x0D, 0x00, 0xD0, 0x00, 0x00, 0x0F, 0x97, 0xC0, 0x00, 0x00,
    0x02, 0xFE, 0x00, 0x00, 0x00, 0x00, 0x00, 0x00, 0x00, 0x00, 0x00, 0x64, 0x00, 0x00, 0x00, 0x00,
    0xBC, 0x00, 0x00, 0x00, 0x00, 0xFC, 0x00, 0x00, 0x00, 0x01, 0xFE, 0x00, 0x00, 0x00, 0x02, 0xFF,
    0x00, 0x00, 0x00, 0x03, 0xDF, 0x00, 0x00, 0x00, 0x07, 0x8F, 0x80, 0x00, 0x00, 0x0B, 0x4B, 0xC0,
    0x00, 0x00, 0x0F, 0x07, 0xD0, 0x00, 0x00, 0x1E, 0x03, 0xE0, 0x00, 0x00, 0x2D, 0x02, 0xF0, 0x00,
    0x00, 0x3C, 0x00, 0xF4, 0x00, 0x00, 0x7C, 0x00, 0xFC, 0x00, 0x00, 0xBF, 0xFF, 0xFC, 0x00, 0x00,
    0xF5, 0x55, 0x7E, 0x00, 0x00, 0xF0, 0x00, 0x3F, 0x00, 0x02, 0xD0, 0x00, 0x1F, 0x40, 0x03, 0xC0,
    0x00, 0x0F, 0x80, 0x07, 0xC0, 0x00, 0x0F, 0xC0, 0x2F, 0xF8, 0x00, 0x6F, 0xF8, 0xBF, 0xFC, 0x00,
    0xFF, 0xFC, 0x00, 0x00, 0x00, 0x00, 0x00, 0x00, 0x00, 0x40, 0x00, 0x00, 0x7D, 0x00, 0x00, 0x7F,
    0x80, 0x00, 0x2F, 0x40, 0x00, 0x0D, 0x00, 0x90, 0x00, 0xB9, 0x7C, 0x00, 0x02, 0xFF, 0x00, 0x00,
    0x00, 0x00, 0x00, 0x05, 0xAA, 0x40, 0x03, 0xFF, 0xFE, 0x00, 0x2D, 0x00, 0xF4, 0x02, 0xC0, 0x07,
    0xC0, 0x2C, 0x00, 0x3C, 0x00, 0x00, 0x03, 0xC0, 0x00, 0x00, 0x3C, 0x00, 0x05, 0xBF, 0xC0, 0x0F,
    0xFE, 0xBC, 0x03, 0xE0, 0x03, 0xC0, 0xBC, 0x00, 0x3C, 0x0B, 0x80, 0x0B, 0xC0, 0xBC, 0x01, 0xFD,
    0x03, 0xF6, 0xFA, 0xF8, 0x1F, 0xFD, 0x1F, 0xD0, 0x04, 0x00, 0x00, 0x00, 0x00, 0x00, 0x00, 0x00,
    0x00, 0x0F, 0x00, 0x00, 0x00, 0x00, 0x0B, 0xD0, 0x00, 0x00, 0x00, 0x00, 0xBC, 0x00, 0x00, 0x00,
    0x09, 0x0A, 0xA0, 0x00, 0x00, 0x07, 0x96, 0xD0, 0x00, 0x00, 0x01, 0xFF, 0x40, 0x00, 0x00, 0x00,
    0x00, 0x00, 0x00, 0x00, 0x00, 0x64, 0x00, 0x00, 0x00, 0x00, 0xBC, 0x00, 0x00, 0x00, 0x00, 0xFC,
    0x00, 0x00, 0x00, 0x01, 0xFE, 0x00, 0x00, 0x00, 0x02, 0xFF, 0x00, 0x00, 0x00, 0x03, 0xDF, 0x00,
    0x00, 0x00, 0x07, 0x8F, 0x80, 0x00, 0x00, 0x0B, 0x4B, 0xC0, 0x00, 0x00, 0x0F, 0x07, 0xD0, 0x00,
    0x00, 0x1E, 0x03, 0xE0, 0x00, 0x00, 0x2D, 0x02, 0xF0, 0x00, 0x00, 0x3C, 0x00, 0xF4, 0x00, 0x00,
    0x7C, 0x00, 0xFC, 0x00, 0x00, 0xBF, 0xFF, 0xFC, 0x00, 0x00, 0xF5, 0x55, 0x7E, 0x00, 0x00, 0xF0,
    0x00, 0x3F, 0x00, 0x02, 0xD0, 0x00, 0x1F, 0x40, 0x03, 0xC0, 0x00, 0x0F, 0x80, 0x07, 0xC0, 0x00,
    0x0F, 0xC0, 0x2F, 0xF8, 0x00, 0x6F, 0xF8, 0xBF, 0xFC, 0x00, 0xFF, 0xFC, 0x00, 0x00, 0x00, 0x00,
    0x00, 0x00, 0x00, 0x00, 0x00, 0xF0, 0x00, 0x00, 0x0F, 0xD0, 0x00, 0x00, 0x1F, 0xC0, 0x00, 0x00,
    0x1E, 0x00, 0x00, 0xD0, 0x0A, 0x00, 0x07, 0x97, 0xD0, 0x00, 0x1F, 0xF4, 0x00, 0x00, 0x00, 0x00,
    0x00, 0x5A, 0xA4, 0x00, 0x3F, 0xFF, 0xE0, 0x02, 0xD0, 0x0F, 0x40, 0x2C, 0x00, 0x7C, 0x02, 0xC0,
    0x03, 0xC0, 0x00, 0x00, 0x3C, 0x00, 0x00, 0x03, 0xC0, 0x00, 0x5B, 0xFC, 0x00, 0xFF, 0xEB, 0xC0,
    0x3E, 0x00, 0x3C, 0x0B, 0xC0, 0x03, 0xC0, 0xB8, 0x00, 0xBC, 0x0B, 0xC0, 0x1F, 0xD0, 0x3F, 0x6F,
    0xAF, 0x81, 0xFF, 0xD1, 0xFD, 0x00, 0x40, 0x00, 0x00, 0x00, 0x00, 0x00, 0x00, 0x00, 0x00, 0x01,
    0xFE, 0x00, 0x00, 0x00, 0x00, 0x0F, 0x00, 0x00, 0x00, 0x00, 0x1F, 0x00, 0x00, 0x00, 0x00, 0xB4,
    0x00, 0x00, 0x00, 0x0C, 0x60, 0xD0, 0x00, 0x00, 0x0F, 0x97, 0xC0, 0x00, 0x00, 0x02, 0xFE, 0x00,
    0x00, 0x00, 0x00, 0x00, 0x00, 0x00, 0x00, 0x00, 0x64, 0x00, 0x00, 0x00, 0x00, 0xBC, 0x00, 0x00,
    0x00, 0x00, 0xFC, 0x00, 0x00, 0x00, 0x01, 0xFE, 0x00, 0x00, 0x00, 0x02, 0xFF, 0x00, 0x00, 0x00,
    0x03, 0xDF, 0x00, 0x00, 0x00, 0x07, 0x8F, 0x80, 0x00, 0x00, 0x0B, 0x4B, 0xC0, 0x00, 0x00, 0x0F,
    0x07, 0xD0, 0x00, 0x00, 0x1E, 0x03, 0xE0, 0x00, 0x00, 0x2D, 0x02, 0xF0, 0x00, 0x00, 0x3C, 0x00,
    0xF4, 0x00, 0x00, 0x7C, 0x00, 0xFC, 0x00, 0x00, 0xBF, 0xFF, 0xFC, 0x00, 0x00, 0xF5, 0x55, 0x7E,
    0x00, 0x00, 0xF0, 0x00, 0x3F, 0x00, 0x02, 0xD0, 0x00, 0x1F, 0x40, 0x03, 0xC0, 0x00, 0x0F, 0x80,
    0x07, 0xC0, 0x00, 0x0F, 0xC0, 0x2F, 0xF8, 0x00, 0x6F, 0xF8, 0xBF, 0xFC, 0x00, 0xFF, 0xFC, 0x00,
    0x00, 0x00, 0x00, 0x00, 0x00, 0x00, 0x00, 0x00, 0x0F, 0xE0, 0x00, 0x00, 0x0B, 0x40, 0x00, 0x01,
    0xF0, 0x00, 0x00, 0x78, 0x00, 0x00, 0xC2, 0x09, 0x00, 0x0B, 0x97, 0xC0, 0x00, 0x2F, 0xF0, 0x00,
    0x00, 0x00, 0x00, 0x00, 0x5A, 0xA4, 0x00, 0x3F, 0xFF, 0xE0, 0x02, 0xD0, 0x0F, 0x40, 0x2C, 0x00,
    0x7C, 0x02, 0xC0, 0x03, 0xC0, 0x00, 0x00, 0x3C, 0x00, 0x00, 0x03, 0xC0, 0x00, 0x5B, 0xFC, 0x00,
    0xFF, 0xEB, 0xC0, 0x3E, 0x00, 0x3C, 0x0B, 0xC0, 0x03, 0xC0, 0xB8, 0x00, 0xBC, 0x0B, 0xC0, 0x1F,
    0xD0, 0x3F, 0x6F, 0xAF, 0x81, 0xFF, 0xD1, 0xFD, 0x00, 0x40, 0x00, 0x00, 0x00, 0x00, 0x00, 0x00,
    0x00, 0x00, 0x07, 0xE0, 0x70, 0x00, 0x00, 0x0E, 0xFF, 0xD0, 0x00, 0x00, 0x28, 0x06, 0x40, 0x00,
    0x00, 0x0C, 0x00, 0x90, 0x00, 0x00, 0x0B, 0x97, 0xC0, 0x00, 0x00, 0x02, 0xFF, 0x00, 0x00, 0x00,
    0x00, 0x00, 0x00, 0x00, 0x00, 0x00, 0x64, 0x00, 0x00, 0x00, 0x00, 0xBC, 0x00, 0x00, 0x00, 0x00,
    0xFC, 0x00, 0x00, 0x00, 0x01, 0xFE, 0x00, 0x00, 0x00, 0x02, 0xFF, 0x00, 0x00, 0x00, 0x03, 0xDF,
    0x00, 0x00, 0x00, 0x07, 0x8F, 0x80, 0x00, 0x00, 0x0B, 0x4B, 0xC0, 0x00, 0x00, 0x0F, 0x07, 0xD0,
    0x00, 0x00, 0x1E, 0x03, 0xE0, 0x00, 0x00, 0x2D, 0x02, 0xF0, 0x00, 0x00, 0x3C, 0x00, 0xF4, 0x00,
    0x00, 0x7C, 0x00, 0xFC, 0x00, 0x00, 0xBF, 0xFF, 0xFC, 0x00, 0x00, 0xF5, 0x55, 0x7E, 0x00, 0x00,
    0xF0, 0x00, 0x3F, 0x00, 0x02, 0xD0, 0x00, 0x1F, 0x40, 0x03, 0xC0, 0x00, 0x0F, 0x80, 0x07, 0xC0,
    0x00, 0x0F, 0xC0, 0x2F, 0xF8, 0x00, 0x6F, 0xF8, 0xBF, 0xFC, 0x00, 0xFF, 0xFC, 0x00, 0x00, 0x00,
    0x00, 0x00, 0x00, 0x00, 0x00, 0x00, 0x7E, 0x47, 0x00, 0x0F, 0xBF, 0xD0, 0x01, 0x80, 0x68, 0x00,
    0x0D, 0x00, 0xA0, 0x00, 0xB9, 0x7D, 0x00, 0x01, 0xFF, 0x40, 0x00, 0x00, 0x00, 0x00, 0x05, 0xAA,
    0x40, 0x03, 0xFF, 0xFE, 0x00, 0x2D, 0x00, 0xF4, 0x02, 0xC0, 0x07, 0xC0, 0x2C, 0x00, 0x3C, 0x00,
    0x00, 0x03, 0xC0, 0x00, 0x00, 0x3C, 0x00, 0x05, 0xBF, 0xC0, 0x0F, 0xFE, 0xBC, 0x03, 0xE0, 0x03,
    0xC0, 0xBC, 0x00, 0x3C, 0x0B, 0x80, 0x0B, 0xC0, 0xBC, 0x01, 0xFD, 0x03, 0xF6, 0xFA, 0xF8, 0x1F,
    0xFD, 0x1F, 0xD0, 0x04, 0x00, 0x00, 0x00, 0x00, 0x00, 0x00, 0x00, 0x00, 0x0C, 0x00, 0xD0, 0x00,
    0x00, 0x0F, 0x47, 0xC0, 0x00, 0x00, 0x03, 0xFF, 0x40, 0x00, 0x00, 0x00, 0x68, 0x00, 0x00, 0x00,
    0x00, 0x64, 0x00, 0x00, 0x00, 0x00, 0xBC, 0x00, 0x00, 0x00, 0x00, 0xFC, 0x00, 0x00, 0x00, 0x01,
    0xFE, 0x00, 0x00, 0x00, 0x02, 0xFF, 0x00, 0x00, 0x00, 0x03, 0xDF, 0x00, 0x00, 0x00, 0x07, 0x8F,
    0x80, 0x00, 0x00, 0x0B, 0x4B, 0xC0, 0x00, 0x00, 0x0F, 0x07, 0xD0, 0x00, 0x00, 0x1E, 0x03, 0xE0,
    0x00, 0x00, 0x2D, 0x02, 0xF0, 0x00, 0x00, 0x3C, 0x00, 0xF4, 0x00, 0x00, 0x7C, 0x00, 0xFC, 0x00,
    0x00, 0xBF, 0xFF, 0xFC, 0x00, 0x00, 0xF5, 0x55, 0x7E, 0x00, 0x00, 0xF0, 0x00, 0x3F, 0x00, 0x02,
    0xD0, 0x00, 0x1F, 0x40, 0x03, 0xC0, 0x00, 0x0F, 0x80, 0x07, 0xC0, 0x00, 0x0F, 0xC0, 0x2F, 0xF8,
    0x00, 0x6F, 0xF8, 0xBF, 0xFC, 0x00, 0xFF, 0xFC, 0x00, 0x00, 0x00, 0x00, 0x00, 0x00, 0x00, 0x00,
    0x00, 0x00, 0x00, 0x00, 0xB8, 0x00, 0x00, 0x00, 0x00, 0xFC, 0x00, 0x00, 0x00, 0x00, 0xFC, 0x00,
    0x00, 0x00, 0x00, 0x64, 0x00, 0x00, 0x00, 0x00, 0x00, 0x00, 0xD0, 0x0D, 0x00, 0x0F, 0x47, 0xC0,
    0x00, 0x3F, 0xF4, 0x00, 0x00, 0x68, 0x00, 0x00, 0x00, 0x00, 0x00, 0x05, 0xAA, 0x40, 0x03, 0xFF,
    0xFE, 0x00, 0x2D, 0x00, 0xF4, 0x02, 0xC0, 0x07, 0xC0, 0x2C, 0x00, 0x3C, 0x00, 0x00, 0x03, 0xC0,
    0x00, 0x00, 0x3C, 0x00, 0x05, 0xBF, 0xC0, 0x0F, 0xFE, 0xBC, 0x03, 0xE0, 0x03, 0xC0, 0xBC, 0x00,
    0x3C, 0x0B, 0x80, 0x0B, 0xC0, 0xBC, 0x01, 0xFD, 0x03, 0xF6, 0xFA, 0xF8, 0x1F, 0xFD, 0x1F, 0xD0,
    0x04, 0x00, 0x00, 0x00, 0x00, 0x00, 0x00, 0x03, 0xD0, 0x00, 0x00, 0x7F, 0x00, 0x00, 0x07, 0xF0,
    0x00, 0x00, 0x18, 0x00, 0x00, 0x2A, 0xAA, 0xAA, 0xA4, 0x3F, 0xFF, 0xFF, 0xF8, 0x03, 0xF0, 0x00,
    0xB8, 0x03, 0xF0, 0x00, 0x38, 0x03, 0xF0, 0x00, 0x24, 0x03, 0xE0, 0x00, 0x00, 0x03, 0xE0, 0x00,
    0x00, 0x03, 0xE0, 0x02, 0x40, 0x03, 0xE0, 0x03, 0x80, 0x03, 0xFA, 0xAB, 0x80, 0x03, 0xFF, 0xFF,
    0x80, 0x03, 0xF0, 0x03, 0x80, 0x03, 0xE0, 0x03, 0x80, 0x03, 0xE0, 0x00, 0x00, 0x03, 0xE0, 0x00,
    0x00, 0x03, 0xE0, 0x00, 0x00, 0x03, 0xE0, 0x00, 0x1D, 0x03, 0xF0, 0x00, 0x2D, 0x03, 0xF0, 0x00,
    0x3C, 0x1B, 0xFA, 0xAA, 0xFC, 0x7F, 0xFF, 0xFF, 0xFC, 0x00, 0x00, 0x00, 0x00, 0x00, 0x00, 0x00,
    0x00, 0x00, 0x03, 0xE0, 0x00, 0x00, 0x07, 0xF0, 0x00, 0x00, 0x03, 0xF0, 0x00, 0x00, 0x01, 0x80,
    0x00, 0x00, 0x6A, 0x40, 0x00, 0xFF, 0xFD, 0x00, 0xF8, 0x07, 0xC0, 0xB8, 0x00, 0xB8, 0x3D, 0x00,
    0x1F, 0x1F, 0x00, 0x03, 0xCB, 0xD6, 0xAF, 0xF2, 0xFF, 0xFF, 0xFC, 0xBC, 0x00, 0x00, 0x1F, 0x00,
    0x00, 0x07, 0xD0, 0x00, 0x00, 0xFC, 0x00, 0x00, 0x1F, 0x80, 0x05, 0x02, 0xFE, 0xAF, 0xC0, 0x1F,
    0xFF, 0x80, 0x00, 0x14, 0x00, 0x00, 0x00, 0x00, 0x00, 0x07, 0xC0, 0x00, 0x02, 0xF8, 0x00, 0x00,
    0xBE, 0x00, 0x00, 0x0A, 0x00, 0x00, 0x00, 0x00, 0x00, 0x00, 0x00, 0x0F, 0xF0, 0x00, 0x00, 0x00,
    0xB0, 0x00, 0x00, 0x02, 0xE0, 0x00, 0x00, 0x07, 0x80, 0x00, 0x00, 0x01, 0x00, 0x00, 0x2A, 0xAA,
    0xAA, 0xA4, 0x3F, 0xFF, 0xFF, 0xF8, 0x03, 0xF0, 0x00, 0xB8, 0x03, 0xF0, 0x00, 0x38, 0x03, 0xF0,
    0x00, 0x24, 0x03, 0xE0, 0x00, 0x00, 0x03, 0xE0, 0x00, 0x00, 0x03, 0xE0, 0x02, 0x40, 0x03, 0xE0,
    0x03, 0x80, 0x03, 0xFA, 0xAB, 0x80, 0x03, 0xFF, 0xFF, 0x80, 0x03, 0xF0, 0x03, 0x80, 0x03, 0xE0,
    0x03, 0x80, 0x03, 0xE0, 0x00, 0x00, 0x03, 0xE0, 0x00, 0x00, 0x03, 0xE0, 0x00, 0x00, 0x03, 0xE0,
    0x00, 0x1D, 0x03, 0xF0, 0x00, 0x2D, 0x03, 0xF0, 0x00, 0x3C, 0x1B, 0xFA, 0xAA, 0xFC, 0x7F, 0xFF,
    0xFF, 0xFC, 0x00, 0x00, 0x00, 0x00, 0x00, 0x14, 0x00, 0x00, 0x1F, 0xE0, 0x00, 0x00, 0x3C, 0x00,
    0x00, 0x1F, 0x00, 0x00, 0x2E, 0x00, 0x00, 0x0B, 0x00, 0x00, 0x00, 0x00, 0x00, 0x01, 0xA9, 0x00,
    0x03, 0xFF, 0xF4, 0x03, 0xE0, 0x1F, 0x02, 0xE0, 0x02, 0xE0, 0xF4, 0x00, 0x7C, 0x7C, 0x00, 0x0F,
    0x2F, 0x5A, 0xBF, 0xCB, 0xFF, 0xFF, 0xF2, 0xF0, 0x00, 0x00, 0x7C, 0x00, 0x00, 0x1F, 0x40, 0x00,
    0x03, 0xF0, 0x00, 0x00, 0x7E, 0x00, 0x14, 0x0B, 0xFA, 0xBF, 0x00, 0x7F, 0xFE, 0x00, 0x00, 0x50,
    0x00, 0x00, 0x00, 0x00, 0x00, 0x00, 0x79, 0x02, 0x80, 0x00, 0xFF, 0xFF, 0x40, 0x02, 0xC1, 0xFE,
    0x00, 0x00, 0x00, 0x00, 0x00, 0x2A, 0xAA, 0xAA, 0xA4, 0x3F, 0xFF, 0xFF, 0xF8, 0x03, 0xF0, 0x00,
    0xB8, 0x03, 0xF0, 0x00, 0x38, 0x03, 0xF0, 0x00, 0x24, 0x03, 0xE0, 0x00, 0x00, 0x03, 0xE0, 0x00,
    0x00, 0x03, 0xE0, 0x02, 0x40, 0x03, 0xE0, 0x03, 0x80, 0x03, 0xFA, 0xAB, 0x80, 0x03, 0xFF, 0xFF,
    0x80, 0x03, 0xF0, 0x03, 0x80, 0x03, 0xE0, 0x03, 0x80, 0x03, 0xE0, 0x00, 0x00, 0x03, 0xE0, 0x00,
    0x00, 0x03, 0xE0, 0x00, 0x00, 0x03, 0xE0, 0x00, 0x1D, 0x03, 0xF0, 0x00, 0x2D, 0x03, 0xF0, 0x00,
    0x3C, 0x1B, 0xFA, 0xAA, 0xFC, 0x7F, 0xFF, 0xFF, 0xFC, 0x00, 0x00, 0x00, 0x00, 0x00, 0x00, 0x00,
    0x00, 0xB8, 0x03, 0x00, 0x7F, 0xFB, 0x80, 0x38, 0x6F, 0xC0, 0x04, 0x00, 0x40, 0x00, 0x00, 0x00,
    0x00, 0x06, 0xA4, 0x00, 0x0F, 0xFF, 0xD0, 0x0F, 0x80, 0x7C, 0x0B, 0x80, 0x0B, 0x83, 0xD0, 0x01,
    0xF1, 0xF0, 0x00, 0x3C, 0xBD, 0x6A, 0xFF, 0x2F, 0xFF, 0xFF, 0xCB, 0xC0, 0x00, 0x01, 0xF0, 0x00,
    0x00, 0x7D, 0x00, 0x00, 0x0F, 0xC0, 0x00, 0x01, 0xF8, 0x00, 0x50, 0x2F, 0xEA, 0xFC, 0x01, 0xFF,
    0xF8, 0x00, 0x01, 0x40, 0x00, 0x00, 0x00, 0x04, 0x00, 0x00, 0x00, 0x7D, 0x00, 0x00, 0x07, 0xF8,
    0x00, 0x00, 0x2F, 0x40, 0x00, 0x00, 0x00, 0x00, 0x00, 0x00, 0x0B, 0xE0, 0x00, 0x00, 0x3E, 0xBC,
    0x00, 0x01, 0xF4, 0x1F, 0x40, 0x00, 0x40, 0x01, 0x00, 0x2A, 0xAA, 0xAA, 0xA4, 0x3F, 0xFF, 0xFF,
    0xF8, 0x03, 0xF0, 0x00, 0xB8, 0x03, 0xF0, 0x00, 0x38, 0x03, 0xF0, 0x00, 0x24, 0x03, 0xE0, 0x00,
    0x00, 0x03, 0xE0, 0x00, 0x00, 0x03, 0xE0, 0x02, 0x40, 0x03, 0xE0, 0x03, 0x80, 0x03, 0xFA, 0xAB,
    0x80, 0x03, 0xFF, 0xFF, 0x80, 0x03, 0xF0, 0x03, 0x80, 0x03, 0xE0, 0x03, 0x80, 0x03, 0xE0, 0x00,
    0x00, 0x03, 0xE0, 0x00, 0x00, 0x03, 0xE0, 0x00, 0x00, 0x03, 0xE0, 0x00, 0x1D, 0x03, 0xF0, 0x00,
    0x2D, 0x03, 0xF0, 0x00, 0x3C, 0x1B, 0xFA, 0xAA, 0xFC, 0x7F, 0xFF, 0xFF, 0xFC, 0x00, 0x00, 0x00,
    0x00, 0x00, 0x00, 0x00, 0x00, 0x00, 0xBC, 0x00, 0x01, 0xFD, 0x00, 0x03, 0xE4, 0x00, 0x00, 0x00,
    0x00, 0x00, 0x0F, 0xE0, 0x00, 0x1F, 0xBE, 0x00, 0x2E, 0x01, 0xF0, 0x05, 0x00, 0x04, 0x00, 0x1A,
    0x90, 0x00, 0x3F, 0xFF, 0x40, 0x3E, 0x01, 0xF0, 0x2E, 0x00, 0x2E, 0x0F, 0x40, 0x07, 0xC7, 0xC0,
    0x00, 0xF2, 0xF5, 0xAB, 0xFC, 0xBF, 0xFF, 0xFF, 0x2F, 0x00, 0x00, 0x07, 0xC0, 0x00, 0x01, 0xF4,
    0x00, 0x00, 0x3F, 0x00, 0x00, 0x07, 0xE0, 0x01, 0x40, 0xBF, 0xAB, 0xF0, 0x07, 0xFF, 0xE0, 0x00,
    0x05, 0x00, 0x00, 0x00, 0x00, 0x00, 0x00, 0x00, 0x3C, 0x00, 0x00, 0x00, 0x3F, 0x40, 0x00, 0x00,
    0x07, 0xF0, 0x00, 0x00, 0x00, 0x78, 0x00, 0x00, 0x00, 0x00, 0x00, 0x00, 0x0F, 0xE0, 0x00, 0x00,
    0x7E, 0xFC, 0x00, 0x01, 0xF0, 0x1F, 0x40, 0x00, 0x40, 0x01, 0x00, 0x2A, 0xAA, 0xAA, 0xA4, 0x3F,
    0xFF, 0xFF, 0xF8, 0x03, 0xF0, 0x00, 0xB8, 0x03, 0xF0, 0x00, 0x38, 0x03, 0xF0, 0x00, 0x24, 0x03,
    0xE0, 0x00, 0x00, 0x03, 0xE0, 0x00, 0x00, 0x03, 0xE0, 0x02, 0x40, 0x03, 0xE0, 0x03, 0x80, 0x03,
    0xFA, 0xAB, 0x80, 0x03, 0xFF, 0xFF, 0x80, 0x03, 0xF0, 0x03, 0x80, 0x03, 0xE0, 0x03, 0x80, 0x03,
    0xE0, 0x00, 0x00, 0x03, 0xE0, 0x00, 0x00, 0x03, 0xE0, 0x00, 0x00, 0x03, 0xE0, 0x00, 0x1D, 0x03,
    0xF0, 0x00, 0x2D, 0x03, 0xF0, 0x00, 0x3C, 0x1B, 0xFA, 0xAA, 0xFC, 0x7F, 0xFF, 0xFF, 0xFC, 0x00,
    0x00, 0x00, 0x00, 0x00, 0x00, 0x00, 0x00, 0x38, 0x00, 0x00, 0x1F, 0xD0, 0x00, 0x00, 0x7E, 0x00,
    0x00, 0x01, 0xD0, 0x00, 0x00, 0x00, 0x00, 0x03, 0xF8, 0x00, 0x07, 0xEF, 0x80, 0x0B, 0x80, 0x7C,
    0x01, 0x40, 0x01, 0x00, 0x06, 0xA4, 0x00, 0x0F, 0xFF, 0xD0, 0x0F, 0x80, 0x7C, 0x0B, 0x80, 0x0B,
    0x83, 0xD0, 0x01, 0xF1, 0xF0, 0x00, 0x3C, 0xBD, 0x6A, 0xFF, 0x2F, 0xFF, 0xFF, 0xCB, 0xC0, 0x00,
    0x01, 0xF0, 0x00, 0x00, 0x7D, 0x00, 0x00, 0x0F, 0xC0, 0x00, 0x01, 0xF8, 0x00, 0x50, 0x2F, 0xEA,
    0xFC, 0x01, 0xFF, 0xF8, 0x00, 0x01, 0x40, 0x00, 0x00, 0x00, 0x00, 0x00, 0x00, 0x0F, 0xF0, 0x00,
    0x00, 0x00, 0x78, 0x00, 0x00, 0x00, 0xF4, 0x00, 0x00, 0x03, 0xC0, 0x00, 0x00, 0x02, 0x40, 0x00,
    0x00, 0x00, 0x00, 0x00, 0x00, 0x0B, 0xE0, 0x00, 0x00, 0x3E, 0xBC, 0x00, 0x01, 0xF4, 0x1F, 0x40,
    0x00, 0x40, 0x01, 0x00, 0x2A, 0xAA, 0xAA, 0xA4, 0x3F, 0xFF, 0xFF, 0xF8, 0x03, 0xF0, 0x00, 0xB8,
    0x03, 0xF0, 0x00, 0x38, 0x03, 0xF0, 0x00, 0x24, 0x03, 0xE0, 0x00, 0x00, 0x03, 0xE0, 0x00, 0x00,
    0x03, 0xE0, 0x02, 0x40, 0x03, 0xE0, 0x03, 0x80, 0x03, 0xFA, 0xAB, 0x80, 0x03, 0xFF, 0xFF, 0x80,
    0x03, 0xF0, 0x03, 0x80, 0x03, 0xE0, 0x03, 0x80, 0x03, 0xE0, 0x00, 0x00, 0x03, 0xE0, 0x00, 0x00,
    0x03, 0xE0, 0x00, 0x00, 0x03, 0xE0, 0x00, 0x1D, 0x03, 0xF0, 0x00, 0x2D, 0x03, 0xF0, 0x00, 0x3C,
    0x1B, 0xFA, 0xAA, 0xFC, 0x7F, 0xFF, 0xFF, 0xFC, 0x00, 0x00, 0x00, 0x00, 0x00, 0x00, 0x00, 0x00,
    0x0F, 0xF0, 0x00, 0x00, 0x2D, 0x00, 0x00, 0x1F, 0x00, 0x00, 0x1E, 0x00, 0x00, 0x02, 0x40, 0x00,
    0x00, 0x00, 0x00, 0x00, 0xFE, 0x00, 0x01, 0xFB, 0xE0, 0x02, 0xE0, 0x1F, 0x00, 0x50, 0x00, 0x40,
    0x01, 0xA9, 0x00, 0x03, 0xFF, 0xF4, 0x03, 0xE0, 0x1F, 0x02, 0xE0, 0x02, 0xE0, 0xF4, 0x00, 0x7C,
    0x7C, 0x00, 0x0F, 0x2F, 0x5A, 0xBF, 0xCB, 0xFF, 0xFF, 0xF2, 0xF0, 0x00, 0x00, 0x7C, 0x00, 0x00,
    0x1F, 0x40, 0x00, 0x03, 0xF0, 0x00, 0x00, 0x7E, 0x00, 0x14, 0x0B, 0xFA, 0xBF, 0x00, 0x7F, 0xFE,
    0x00, 0x00, 0x50, 0x00, 0x00, 0x00, 0x00, 0x00, 0x00, 0x3E, 0x43, 0x40, 0x00, 0xBB, 0xFF, 0x00,
    0x00, 0xC0, 0x68, 0x00, 0x00, 0x00, 0x00, 0x00, 0x00, 0x07, 0xF0, 0x00, 0x00, 0x2F, 0xBD, 0x00,
    0x00, 0xF4, 0x0B, 0x80, 0x00, 0x40, 0x00, 0x40, 0x2A, 0xAA, 0xAA, 0xA4, 0x3F, 0xFF, 0xFF, 0xF8,
    0x03, 0xF0, 0x00, 0xB8, 0x03, 0xF0, 0x00, 0x38, 0x03, 0xF0, 0x00, 0x24, 0x03, 0xE0, 0x00, 0x00,
    0x03, 0xE0, 0x00, 0x00, 0x03, 0xE0, 0x02, 0x40, 0x03, 0xE0, 0x03, 0x80, 0x03, 0xFA, 0xAB, 0x80,
    0x03, 0xFF, 0xFF, 0x80, 0x03, 0xF0, 0x03, 0x80, 0x03, 0xE0, 0x03, 0x80, 0x03, 0xE0, 0x00, 0x00,
    0x03, 0xE0, 0x00, 0x00, 0x03, 0xE0, 0x00, 0x00, 0x03, 0xE0, 0x00, 0x1D, 0x03, 0xF0, 0x00, 0x2D,
    0x03, 0xF0, 0x00, 0x3C, 0x1B, 0xFA, 0xAA, 0xFC, 0x7F, 0xFF, 0xFF, 0xFC, 0x00, 0x00, 0x00, 0x00,
    0x00, 0x00, 0x00, 0x00, 0xBE, 0x0A, 0x00, 0x3B, 0xFF, 0x00, 0x24, 0x1B, 0x40, 0x00, 0x3F, 0x80,
    0x00, 0x7E, 0xF8, 0x00, 0xB8, 0x07, 0xC0, 0x14, 0x00, 0x10, 0x00, 0x6A, 0x40, 0x00, 0xFF, 0xFD,
    0x00, 0xF8, 0x07, 0xC0, 0xB8, 0x00, 0xB8, 0x3D, 0x00, 0x1F, 0x1F, 0x00, 0x03, 0xCB, 0xD6, 0xAF,
    0xF2, 0xFF, 0xFF, 0xFC, 0xBC, 0x00, 0x00, 0x1F, 0x00, 0x00, 0x07, 0xD0, 0x00, 0x00, 0xFC, 0x00,
    0x00, 0x1F, 0x80, 0x05, 0x02, 0xFE, 0xAF, 0xC0, 0x1F, 0xFF, 0x80, 0x00, 0x14, 0x00, 0x00, 0x00,
    0x00, 0x00, 0x00, 0x0F, 0xF0, 0x00, 0x00, 0xBE, 0xBE, 0x00, 0x03, 0xE0, 0x0B, 0xC0, 0x00, 0x00,
    0x00, 0x00, 0x2A, 0xAA, 0xAA, 0xA4, 0x3F, 0xFF, 0xFF, 0xF8, 0x03, 0xF0, 0x00, 0xB8, 0x03, 0xF0,
    0x00, 0x38, 0x03, 0xF0, 0x00, 0x24, 0x03, 0xE0, 0x00, 0x00, 0x03, 0xE0, 0x00, 0x00, 0x03, 0xE0,
    0x02, 0x40, 0x03, 0xE0, 0x03, 0x80, 0x03, 0xFA, 0xAB, 0x80, 0x03, 0xFF, 0xFF, 0x80, 0x03, 0xF0,
    0x03, 0x80, 0x03, 0xE0, 0x03, 0x80, 0x03, 0xE0, 0x00, 0x00, 0x03, 0xE0, 0x00, 0x00, 0x03, 0xE0,
    0x00, 0x00, 0x03, 0xE0, 0x00, 0x1D, 0x03, 0xF0, 0x00, 0x2D, 0x03, 0xF0, 0x00, 0x3C, 0x1B, 0xFA,
    0xAA, 0xFC, 0x7F, 0xFF, 0xFF, 0xFC, 0x00, 0x00, 0x00, 0x00, 0x00, 0x00, 0x00, 0x00, 0x00, 0x03,
    0xE0, 0x00, 0x00, 0x07, 0xF0, 0x00, 0x00, 0x03, 0xF0, 0x00, 0x00, 0x01, 0x80, 0x00, 0x00, 0x05,
    0x00, 0x00, 0x0F, 0xD0, 0x00, 0x0F, 0xBD, 0x00, 0x0F, 0x42, 0xE0, 0x0B, 0x00, 0x1C, 0x00, 0x00,
    0x00, 0x00, 0x06, 0xA4, 0x00, 0x0F, 0xFF, 0xD0, 0x0F, 0x80, 0x7C, 0x0B, 0x80, 0x0B, 0x83, 0xD0,
    0x01, 0xF1, 0xF0, 0x00, 0x3C, 0xBD, 0x6A, 0xFF, 0x2F, 0xFF, 0xFF, 0xCB, 0xC0, 0x00, 0x01, 0xF0,
    0x00, 0x00, 0x7D, 0x00, 0x00, 0x0F, 0xC0, 0x00, 0x01, 0xF8, 0x00, 0x50, 0x2F, 0xEA, 0xFC, 0x01,
    0xFF, 0xF8, 0x00, 0x01, 0x40, 0x00, 0x00, 0x00, 0x00, 0x00, 0x7C, 0x00, 0x00, 0x2F, 0x80, 0x00,
    0x0B, 0xE0, 0x00, 0x00, 0xA0, 0x00, 0x00, 0x00, 0x02, 0xFD, 0x00, 0x03, 0x80, 0x03, 0xC0, 0x03,
    0xC0, 0x00, 0x10, 0x02, 0xAA, 0xA0, 0xFF, 0xFC, 0x03, 0xF0, 0x00, 0xFC, 0x00, 0x3F, 0x00, 0x0F,
    0x80, 0x03, 0xE0, 0x00, 0xF8, 0x00, 0x3E, 0x00, 0x0F, 0x80, 0x03, 0xE0, 0x00, 0xF8, 0x00, 0x3E,
    0x00, 0x0F, 0x80, 0x03, 0xE0, 0x00, 0xF8, 0x00, 0x3E, 0x00, 0x0F, 0xC0, 0x03, 0xF0, 0x06, 0xFE,
    0x97, 0xFF, 0xF4, 0x00, 0x00, 0x15, 0x00, 0x3F, 0xC0, 0x02, 0xD0, 0x07, 0xC0, 0x1E, 0x00, 0x1D,
    0x00, 0x00, 0x00, 0x55, 0x40, 0xFF, 0xC0, 0x1F, 0xC0, 0x0B, 0xC0, 0x07, 0xC0, 0x07, 0xC0, 0x07,
    0xC0, 0x07, 0xC0, 0x07, 0xC0, 0x07, 0xC0, 0x07, 0xC0, 0x07, 0xC0, 0x0B, 0xC0, 0x6F, 0xE8, 0xFF,
    0xFC, 0x00, 0x00, 0x2A, 0xAA, 0x0F, 0xFF, 0xC0, 0x3F, 0x00, 0x0F, 0xC0, 0x03, 0xF0, 0x00, 0xF8,
    0x00, 0x3E, 0x00, 0x0F, 0x80, 0x03, 0xE0, 0x00, 0xF8, 0x00, 0x3E, 0x00, 0x0F, 0x80, 0x03, 0xE0,
    0x00, 0xF8, 0x00, 0x3E, 0x00, 0x0F, 0x80, 0x03, 0xE0, 0x00, 0xFC, 0x00, 0x3F, 0x00, 0x6F, 0xE9,
    0x7F, 0xFF, 0x40, 0x00, 0x00, 0x00, 0x00, 0x07, 0xC0, 0x03, 0xF4, 0x00, 0xFD, 0x00, 0x09, 0x00,
    0x00, 0x00, 0x0F, 0x40, 0x1F, 0xC0, 0x1F, 0xC0, 0x06, 0x00, 0x00, 0x00, 0x00, 0x00, 0x55, 0x40,
    0xFF, 0xC0, 0x1F, 0xC0, 0x0B, 0xC0, 0x07, 0xC0, 0x07, 0xC0, 0x07, 0xC0, 0x07, 0xC0, 0x07, 0xC0,
    0x07, 0xC0, 0x07, 0xC0, 0x07, 0xC0, 0x0B, 0xC0, 0x6F, 0xE8, 0xFF, 0xFC, 0x00, 0x00, 0x00, 0x00,
    0x0F, 0x80, 0x1F, 0xC0, 0x1F, 0xC0, 0x06, 0x00, 0x00, 0x0B, 0xFF, 0x90, 0x00, 0x00, 0xBF, 0x9A,
    0xFC, 0x00, 0x03, 0xF4, 0x00, 0x3F, 0x40, 0x0F, 0xC0, 0x00, 0x0F, 0xC0, 0x2F, 0x40, 0x00, 0x07,
    0xE0, 0x3F, 0x00, 0x00, 0x03, 0xF0, 0x7E, 0x00, 0x00, 0x01, 0xF8, 0xBD, 0x00, 0x00, 0x00, 0xFC,
    0xFC, 0x00, 0x00, 0x00, 0xFC, 0xFC, 0x00, 0x00, 0x00, 0xFC, 0xFC, 0x00, 0x00, 0x00, 0xFC, 0xFC,
    0x00, 0x00, 0x00, 0xFC, 0xFC, 0x00, 0x00, 0x00, 0xFC, 0xBD, 0x00, 0x00, 0x00, 0xFC, 0x7E, 0x00,
    0x00, 0x01, 0xF8, 0x3F, 0x00, 0x00, 0x02, 0xF4, 0x2F, 0x40, 0x00, 0x03, 0xF0, 0x0F, 0xC0, 0x00,
    0x0B, 0xD0, 0x07, 0xE0, 0x00, 0x2F, 0x80, 0x01, 0xFD, 0x01, 0xBE, 0x00, 0x00, 0x2F, 0xFF, 0xF4,
    0x00, 0x00, 0x01, 0x55, 0x00, 0x00, 0x00, 0x00, 0x00, 0x00, 0x00, 0x00, 0x00, 0xBC, 0x00, 0x00,
    0x00, 0x00, 0xFD, 0x00, 0x00, 0x00, 0x00, 0xFC, 0x00, 0x00, 0x00, 0x00, 0x64, 0x00, 0x00, 0x00,
    0x6A, 0x90, 0x00, 0x3F, 0xFF, 0xC0, 0x0F, 0xC0, 0x3F, 0x02, 0xF0, 0x00, 0xF8, 0x3D, 0x00, 0x07,
    0xC7, 0xC0, 0x00, 0x3D, 0xBC, 0x00, 0x03, 0xEB, 0xC0, 0x00, 0x3E, 0xBC, 0x00, 0x03, 0xE7, 0xC0,
    0x00, 0x3E, 0x7C, 0x00, 0x03, 0xD3, 0xE0, 0x00, 0xBC, 0x1F, 0x40, 0x0F, 0x40, 0xBE, 0x5B, 0xE0,
    0x01, 0xFF, 0xF4, 0x00, 0x00, 0x50, 0x00, 0x00, 0x00, 0x00, 0x00, 0x00, 0xF4, 0x00, 0x00, 0x2F,
    0x80, 0x00, 0x02, 0xF8, 0x00, 0x00, 0x0A, 0x00, 0x00, 0x00, 0x00, 0x00, 0x00, 0x00, 0x00, 0x03,
    0xFC, 0x00, 0x00, 0x00, 0x00, 0x2D, 0x00, 0x00, 0x00, 0x00, 0xB8, 0x00, 0x00, 0x00, 0x00, 0xE0,
    0x00, 0x00, 0x00, 0x00, 0x40, 0x00, 0x00, 0x00, 0x0B, 0xFF, 0x90, 0x00, 0x00, 0xBF, 0x9A, 0xFC,
    0x00, 0x03, 0xF4, 0x00, 0x3F, 0x40, 0x0F, 0xC0, 0x00, 0x0F, 0xC0, 0x2F, 0x40, 0x00, 0x07, 0xE0,
    0x3F, 0x00, 0x00, 0x03, 0xF0, 0x7E, 0x00, 0x00, 0x01, 0xF8, 0xBD, 0x00, 0x00, 0x00, 0xFC, 0xFC,
    0x00, 0x00, 0x00, 0xFC, 0xFC, 0x00, 0x00, 0x00, 0xFC, 0xFC, 0x00, 0x00, 0x00, 0xFC, 0xFC, 0x00,
    0x00, 0x00, 0xFC, 0xFC, 0x00, 0x00, 0x00, 0xFC, 0xBD, 0x00, 0x00, 0x00, 0xFC, 0x7E, 0x00, 0x00,
    0x01, 0xF8, 0x3F, 0x00, 0x00, 0x02, 0xF4, 0x2F, 0x40, 0x00, 0x03, 0xF0, 0x0F, 0xC0, 0x00, 0x0B,
    0xD0, 0x07, 0xE0, 0x00, 0x2F, 0x80, 0x01, 0xFD, 0x01, 0xBE, 0x00, 0x00, 0x2F, 0xFF, 0xF4, 0x00,
    0x00, 0x01, 0x55, 0x00, 0x00, 0x00, 0x15, 0x00, 0x00, 0x03, 0xFC, 0x00, 0x00, 0x02, 0xD0, 0x00,
    0x00, 0x7C, 0x00, 0x00, 0x1E, 0x00, 0x00, 0x01, 0xD0, 0x00, 0x00, 0x00, 0x00, 0x00, 0x06, 0xA9,
    0x00, 0x03, 0xFF, 0xFC, 0x00, 0xFC, 0x03, 0xF0, 0x2F, 0x00, 0x0F, 0x83, 0xD0, 0x00, 0x7C, 0x7C,
    0x00, 0x03, 0xDB, 0xC0, 0x00, 0x3E, 0xBC, 0x00, 0x03, 0xEB, 0xC0, 0x00, 0x3E, 0x7C, 0x00, 0x03,
    0xE7, 0xC0, 0x00, 0x3D, 0x3E, 0x00, 0x0B, 0xC1, 0xF4, 0x00, 0xF4, 0x0B, 0xE5, 0xBE, 0x00, 0x1F,
    0xFF, 0x40, 0x00, 0x05, 0x00, 0x00, 0x00, 0x00, 0x00, 0x00, 0x00, 0x00, 0x00, 0x0B, 0xC0, 0x00,
    0x00, 0x00, 0xBF, 0x40, 0x00, 0x00, 0x03, 0xE0, 0x00, 0x00, 0x00, 0x00, 0x00, 0x00, 0x00, 0x00,
    0x00, 0xFD, 0x00, 0x00, 0x00, 0x07, 0xEF, 0x80, 0x00, 0x00, 0x2E, 0x02, 0xF0, 0x00, 0x00, 0x10,
    0x00, 0x10, 0x00, 0x00, 0x0B, 0xFF, 0x90, 0x00, 0x00, 0xBF, 0x9A, 0xFC, 0x00, 0x03, 0xF4, 0x00,
    0x3F, 0x40, 0x0F, 0xC0, 0x00, 0x0F, 0xC0, 0x2F, 0x40, 0x00, 0x07, 0xE0, 0x3F, 0x00, 0x00, 0x03,
    0xF0, 0x7E, 0x00, 0x00, 0x01, 0xF8, 0xBD, 0x00, 0x00, 0x00, 0xFC, 0xFC, 0x00, 0x00, 0x00, 0xFC,
    0xFC, 0x00, 0x00, 0x00, 0xFC, 0xFC, 0x00, 0x00, 0x00, 0xFC, 0xFC, 0x00, 0x00, 0x00, 0xFC, 0xFC,
    0x00, 0x00, 0x00, 0xFC, 0xBD, 0x00, 0x00, 0x00, 0xFC, 0x7E, 0x00, 0x00, 0x01, 0xF8, 0x3F, 0x00,
    0x00, 0x02, 0xF4, 0x2F, 0x40, 0x00, 0x03, 0xF0, 0x0F, 0xC0, 0x00, 0x0B, 0xD0, 0x07, 0xE0, 0x00,
    0x2F, 0x80, 0x01, 0xFD, 0x01, 0xBE, 0x00, 0x00, 0x2F, 0xFF, 0xF4, 0x00, 0x00, 0x01, 0x55, 0x00,
    0x00, 0x00, 0x00, 0x10, 0x00, 0x00, 0x1F, 0x40, 0x00, 0x1F, 0xE0, 0x00, 0x0B, 0xD0, 0x00, 0x00,
    0x00, 0x00, 0x00, 0x02, 0xF8, 0x00, 0x00, 0xFA, 0xF0, 0x00, 0x7D, 0x07, 0xD0, 0x01, 0x00, 0x04,
    0x00, 0x06, 0xA9, 0x00, 0x03, 0xFF, 0xFC, 0x00, 0xFC, 0x03, 0xF0, 0x2F, 0x00, 0x0F, 0x83, 0xD0,
    0x00, 0x7C, 0x7C, 0x00, 0x03, 0xDB, 0xC0, 0x00, 0x3E, 0xBC, 0x00, 0x03, 0xEB, 0xC0, 0x00, 0x3E,
    0x7C, 0x00, 0x03, 0xE7, 0xC0, 0x00, 0x3D, 0x3E, 0x00, 0x0B, 0xC1, 0xF4, 0x00, 0xF4, 0x0B, 0xE5,
    0xBE, 0x00, 0x1F, 0xFF, 0x40, 0x00, 0x05, 0x00, 0x00, 0x00, 0x00, 0x00, 0x00, 0x00, 0x00, 0x07,
    0x80, 0x00, 0x00, 0x00, 0x07, 0xF0, 0x00, 0x00, 0x00, 0x00, 0x7E, 0x00, 0x00, 0x00, 0x00, 0x07,
    0x00, 0x00, 0x00, 0x00, 0x10, 0x00, 0x00, 0x00, 0x01, 0xFD, 0x00, 0x00, 0x00, 0x0B, 0xEF, 0x80,
    0x00, 0x00, 0x3E, 0x02, 0xF0, 0x00, 0x00, 0x10, 0x00, 0x10, 0x00, 0x00, 0x0B, 0xFF, 0x90, 0x00,
    0x00, 0xBF, 0x9A, 0xFC, 0x00, 0x03, 0xF4, 0x00, 0x3F, 0x40, 0x0F, 0xC0, 0x00, 0x0F, 0xC0, 0x2F,
    0x40, 0x00, 0x07, 0xE0, 0x3F, 0x00, 0x00, 0x03, 0xF0, 0x7E, 0x00, 0x00, 0x01, 0xF8, 0xBD, 0x00,
    0x00, 0x00, 0xFC, 0xFC, 0x00, 0x00, 0x00, 0xFC, 0xFC, 0x00, 0x00, 0x00, 0xFC, 0xFC, 0x00, 0x00,
    0x00, 0xFC, 0xFC, 0x00, 0x00, 0x00, 0xFC, 0xFC, 0x00, 0x00, 0x00, 0xFC, 0xBD, 0x00, 0x00, 0x00,
    0xFC, 0x7E, 0x00, 0x00, 0x01, 0xF8, 0x3F, 0x00, 0x00, 0x02, 0xF4, 0x2F, 0x40, 0x00, 0x03, 0xF0,
    0x0F, 0xC0, 0x00, 0x0B, 0xD0, 0x07, 0xE0, 0x00, 0x2F, 0x80, 0x01, 0xFD, 0x01, 0xBE, 0x00, 0x00,
    0x2F, 0xFF, 0xF4, 0x00, 0x00, 0x01, 0x55, 0x00, 0x00, 0x00, 0x00, 0x00, 0x00, 0x0F, 0x00, 0x00,
    0x00, 0xBE, 0x00, 0x00, 0x00, 0xBC, 0x00, 0x00, 0x00, 0xA0, 0x00, 0x00, 0x00, 0x00, 0x00, 0x2F,
    0x80, 0x00, 0x0F, 0xAF, 0x00, 0x07, 0xD0, 0x7D, 0x00, 0x10, 0x00, 0x40, 0x00, 0x6A, 0x90, 0x00,
    0x3F, 0xFF, 0xC0, 0x0F, 0xC0, 0x3F, 0x02, 0xF0, 0x00, 0xF8, 0x3D, 0x00, 0x07, 0xC7, 0xC0, 0x00,
    0x3D, 0xBC, 0x00, 0x03, 0xEB, 0xC0, 0x00, 0x3E, 0xBC, 0x00, 0x03, 0xE7, 0xC0, 0x00, 0x3E, 0x7C,
    0x00, 0x03, 0xD3, 0xE0, 0x00, 0xBC, 0x1F, 0x40, 0x0F, 0x40, 0xBE, 0x5B, 0xE0, 0x01, 0xFF, 0xF4,
    0x00, 0x00, 0x50, 0x00, 0x00, 0x00, 0x00, 0x00, 0x00, 0x00, 0x00, 0xFE, 0x00, 0x00, 0x00, 0x00,
    0x0F, 0x00, 0x00, 0x00, 0x00, 0x1F, 0x00, 0x00, 0x00, 0x00, 0xB8, 0x00, 0x00, 0x00, 0x00, 0x60,
    0x00, 0x00, 0x00, 0x00, 0x10, 0x00, 0x00, 0x00, 0x00, 0xFD, 0x00, 0x00, 0x00, 0x07, 0xEF, 0x80,
    0x00, 0x00, 0x2E, 0x02, 0xF0, 0x00, 0x00, 0x10, 0x00, 0x10, 0x00, 0x00, 0x0B, 0xFF, 0x90, 0x00,
    0x00, 0xBF, 0x9A, 0xFC, 0x00, 0x03, 0xF4, 0x00, 0x3F, 0x40, 0x0F, 0xC0, 0x00, 0x0F, 0xC0, 0x2F,
    0x40, 0x00, 0x07, 0xE0, 0x3F, 0x00, 0x00, 0x03, 0xF0, 0x7E, 0x00, 0x00, 0x01, 0xF8, 0xBD, 0x00,
    0x00, 0x00, 0xFC, 0xFC, 0x00, 0x00, 0x00, 0xFC, 0xFC, 0x00, 0x00, 0x00, 0xFC, 0xFC, 0x00, 0x00,
    0x00, 0xFC, 0xFC, 0x00, 0x00, 0x00, 0xFC, 0xFC, 0x00, 0x00, 0x00, 0xFC, 0xBD, 0x00, 0x00, 0x00,
    0xFC, 0x7E, 0x00, 0x00, 0x01, 0xF8, 0x3F, 0x00, 0x00, 0x02, 0xF4, 0x2F, 0x40, 0x00, 0x03, 0xF0,
    0x0F, 0xC0, 0x00, 0x0B, 0xD0, 0x07, 0xE0, 0x00, 0x2F, 0x80, 0x01, 0xFD, 0x01, 0xBE, 0x00, 0x00,
    0x2F, 0xFF, 0xF4, 0x00, 0x00, 0x01, 0x55, 0x00, 0x00, 0x00, 0x00, 0x00, 0x00, 0x03, 0xFC, 0x00,
    0x00, 0x01, 0xE0, 0x00, 0x00, 0x3D, 0x00, 0x00, 0x0F, 0x00, 0x00, 0x00, 0x90, 0x00, 0x00, 0x00,
    0x00, 0x00, 0x02, 0xF8, 0x00, 0x00, 0xFA, 0xF0, 0x00, 0x7D, 0x07, 0xD0, 0x01, 0x00, 0x04, 0x00,
    0x06, 0xA9, 0x00, 0x03, 0xFF, 0xFC, 0x00, 0xFC, 0x03, 0xF0, 0x2F, 0x00, 0x0F, 0x83, 0xD0, 0x00,
    0x7C, 0x7C, 0x00, 0x03, 0xDB, 0xC0, 0x00, 0x3E, 0xBC, 0x00, 0x03, 0xEB, 0xC0, 0x00, 0x3E, 0x7C,
    0x00, 0x03, 0xE7, 0xC0, 0x00, 0x3D, 0x3E, 0x00, 0x0B, 0xC1, 0xF4, 0x00, 0xF4, 0x0B, 0xE5, 0xBE,
    0x00, 0x1F, 0xFF, 0x40, 0x00, 0x05, 0x00, 0x00, 0x00, 0x00, 0x00, 0x00, 0x00, 0x00, 0x07, 0xE0,
    0x70, 0x00, 0x00, 0x0E, 0xBF, 0xD0, 0x00, 0x00, 0x18, 0x06, 0x80, 0x00, 0x00, 0x00, 0x00, 0x00,
    0x00, 0x00, 0x00, 0xBE, 0x00, 0x00, 0x00, 0x03, 0xEB, 0xC0, 0x00, 0x00, 0x1F, 0x41, 0xF4, 0x00,
    0x00, 0x04, 0x00, 0x10, 0x00, 0x00, 0x0B, 0xFF, 0x90, 0x00, 0x00, 0xBF, 0x9A, 0xFC, 0x00, 0x03,
    0xF4, 0x00, 0x3F, 0x40, 0x0F, 0xC0, 0x00, 0x0F, 0xC0, 0x2F, 0x40, 0x00, 0x07, 0xE0, 0x3F, 0x00,
    0x00, 0x03, 0xF0, 0x7E, 0x00, 0x00, 0x01, 0xF8, 0xBD, 0x00, 0x00, 0x00, 0xFC, 0xFC, 0x00, 0x00,
    0x00, 0xFC, 0xFC, 0x00, 0x00, 0x00, 0xFC, 0xFC, 0x00, 0x00, 0x00, 0xFC, 0xFC, 0x00, 0x00, 0x00,
    0xFC, 0xFC, 0x00, 0x00, 0x00, 0xFC, 0xBD, 0x00, 0x00, 0x00, 0xFC, 0x7E, 0x00, 0x00, 0x01, 0xF8,
    0x3F, 0x00, 0x00, 0x02, 0xF4, 0x2F, 0x40, 0x00, 0x03, 0xF0, 0x0F, 0xC0, 0x00, 0x0B, 0xD0, 0x07,
    0xE0, 0x00, 0x2F, 0x80, 0x01, 0xFD, 0x01, 0xBE, 0x00, 0x00, 0x2F, 0xFF, 0xF4, 0x00, 0x00, 0x01,
    0x55, 0x00, 0x00, 0x00, 0x00, 0x00, 0x00, 0x1F, 0x81, 0xC0, 0x03, 0xAF, 0xF4, 0x00, 0x60, 0x6A,
    0x00, 0x00, 0x2F, 0x80, 0x00, 0x0F, 0xAF, 0x00, 0x07, 0xD0, 0x7D, 0x00, 0x10, 0x00, 0x40, 0x00,
    0x6A, 0x90, 0x00, 0x3F, 0xFF, 0xC0, 0x0F, 0xC0, 0x3F, 0x02, 0xF0, 0x00, 0xF8, 0x3D, 0x00, 0x07,
    0xC7, 0xC0, 0x00, 0x3D, 0xBC, 0x00, 0x03, 0xEB, 0xC0, 0x00, 0x3E, 0xBC, 0x00, 0x03, 0xE7, 0xC0,
    0x00, 0x3E, 0x7C, 0x00, 0x03, 0xD3, 0xE0, 0x00, 0xBC, 0x1F, 0x40, 0x0F, 0x40, 0xBE, 0x5B, 0xE0,
    0x01, 0xFF, 0xF4, 0x00, 0x00, 0x50, 0x00, 0x00, 0x00, 0x00, 0x00, 0x00, 0x00, 0x01, 0xFE, 0x00,
    0x00, 0x00, 0x0F, 0xEF, 0xD0, 0x00, 0x00, 0x3D, 0x01, 0xF4, 0x00, 0x00, 0x10, 0x00, 0x10, 0x00,
    0x00, 0x0B, 0xFF, 0x90, 0x00, 0x00, 0xBF, 0x9A, 0xFC, 0x00, 0x03, 0xF4, 0x00, 0x3F, 0x40, 0x0F,
    0xC0, 0x00, 0x0F, 0xC0, 0x2F, 0x40, 0x00, 0x07, 0xE0, 0x3F, 0x00, 0x00, 0x03, 0xF0, 0x7E, 0x00,
    0x00, 0x01, 0xF8, 0xBD, 0x00, 0x00, 0x00, 0xFC, 0xFC, 0x00, 0x00, 0x00, 0xFC, 0xFC, 0x00, 0x00,
    0x00, 0xFC, 0xFC, 0x00, 0x00, 0x00, 0xFC, 0xFC, 0x00, 0x00, 0x00, 0xFC, 0xFC, 0x00, 0x00, 0x00,
    0xFC, 0xBD, 0x00, 0x00, 0x00, 0xFC, 0x7E, 0x00, 0x00, 0x01, 0xF8, 0x3F, 0x00, 0x00, 0x02, 0xF4,
    0x2F, 0x40, 0x00, 0x03, 0xF0, 0x0F, 0xC0, 0x00, 0x0B, 0xD0, 0x07, 0xE0, 0x00, 0x2F, 0x80, 0x01,
    0xFD, 0x01, 0xBE, 0x00, 0x00, 0x2F, 0xFF, 0xF4, 0x00, 0x00, 0x01, 0x55, 0x00, 0x00, 0x00, 0x00,
    0x00, 0x00, 0x00, 0x00, 0x00, 0xBC, 0x00, 0x00, 0x00, 0x00, 0xFD, 0x00, 0x00, 0x00, 0x00, 0xFC,
    0x00, 0x00, 0x00, 0x00, 0x64, 0x00, 0x00, 0x00, 0x05, 0x00, 0x00, 0x02, 0xF8, 0x00, 0x00, 0xBF,
    0xE0, 0x00, 0x2E, 0x0B, 0x80, 0x07, 0x40, 0x1D, 0x00, 0x00, 0x00, 0x00, 0x00, 0x6A, 0x90, 0x00,
    0x3F, 0xFF, 0xC0, 0x0F, 0xC0, 0x3F, 0x02, 0xF0, 0x00, 0xF8, 0x3D, 0x00, 0x07, 0xC7, 0xC0, 0x00,
    0x3D, 0xBC, 0x00, 0x03, 0xEB, 0xC0, 0x00, 0x3E, 0xBC, 0x00, 0x03, 0xE7, 0xC0, 0x00, 0x3E, 0x7C,
    0x00, 0x03, 0xD3, 0xE0, 0x00, 0xBC, 0x1F, 0x40, 0x0F, 0x40, 0xBE, 0x5B, 0xE0, 0x01, 0xFF, 0xF4,
    0x00, 0x00, 0x50, 0x00, 0x00, 0x00, 0x00, 0x00, 0x00, 0xF4, 0x00, 0x00, 0x2F, 0x80, 0x00, 0x02,
    0xF8, 0x00, 0x00, 0x0A, 0x00, 0x00, 0x00, 0x00, 0x00, 0x00, 0x00, 0x00, 0x00, 0x00, 0x28, 0x00,
    0x00, 0x00, 0x00, 0xBF, 0x00, 0x00, 0x00, 0x02, 0xFD, 0x00, 0x00, 0x00, 0x03, 0xE0, 0x00, 0x06,
    0x00, 0x00, 0x40, 0x00, 0x07, 0xC0, 0x00, 0xBF, 0xF9, 0x00, 0xF4, 0x02, 0xFE, 0x6B, 0xF0, 0x3C,
    0x03, 0xF4, 0x00, 0x3F, 0xAE, 0x03, 0xF0, 0x00, 0x03, 0xF9, 0x02, 0xF4, 0x00, 0x00, 0x7E, 0x00,
    0xFC, 0x00, 0x00, 0x0F, 0xC0, 0x7E, 0x00, 0x00, 0x01, 0xF8, 0x2F, 0x40, 0x00, 0x00, 0x3F, 0x0F,
    0xC0, 0x00, 0x00, 0x0F, 0xC3, 0xF0, 0x00, 0x00, 0x03, 0xF0, 0xFC, 0x00, 0x00, 0x00, 0xFC, 0x3F,
    0x00, 0x00, 0x00, 0x3F, 0x0F, 0xC0, 0x00, 0x00, 0x0F, 0xC2, 0xF4, 0x00, 0x00, 0x03, 0xF0, 0x7E,
    0x00, 0x00, 0x01, 0xF8, 0x0F, 0xC0, 0x00, 0x00, 0xBD, 0x02, 0xF4, 0x00, 0x00, 0x3F, 0x00, 0x3F,
    0x00, 0x00, 0x2F, 0x40, 0x07, 0xE0, 0x00, 0x2F, 0x80, 0x00, 0x7F, 0x40, 0x6F, 0x80, 0x00, 0x02,
    0xFF, 0xFF, 0x40, 0x00, 0x00, 0x05, 0x54, 0x00, 0x00, 0x00, 0x00, 0x10, 0x00, 0x00, 0x00, 0xB8,
    0x00, 0x00, 0x02, 0xF4, 0x00, 0x00, 0x0B, 0xC0, 0x00, 0x00, 0x1F, 0x00, 0x09, 0x00, 0x38, 0x00,
    0x3D, 0x00, 0x00, 0x00, 0x2E, 0x00, 0x6A, 0x90, 0x2D, 0x03, 0xFF, 0xFD, 0xBC, 0x0F, 0xC0, 0x3F,
    0x90, 0x2F, 0x00, 0x0F, 0x80, 0x3D, 0x00, 0x07, 0xC0, 0x7C, 0x00, 0x03, 0xD0, 0xBC, 0x00, 0x03,
    0xE0, 0xBC, 0x00, 0x03, 0xE0, 0xBC, 0x00, 0x03, 0xE0, 0x7C, 0x00, 0x03, 0xE0, 0x7C, 0x00, 0x03,
    0xD0, 0x3E, 0x00, 0x0B, 0xC0, 0x1F, 0x40, 0x0F, 0x40, 0x0B, 0xE5, 0xBE, 0x00, 0x01, 0xFF, 0xF4,
    0x00, 0x00, 0x05, 0x00, 0x00, 0x00, 0x00, 0x00, 0x00, 0x00, 0x00, 0x03, 0x40, 0x00, 0x00, 0x00,
    0x01, 0xFD, 0x00, 0x00, 0x00, 0x00, 0x0B, 0xF4, 0x00, 0x00, 0x00, 0x00, 0x1B, 0x80, 0x06, 0x00,
    0x00, 0x00, 0x00, 0x07, 0xC0, 0x00, 0xBF, 0xF9, 0x00, 0xF4, 0x02, 0xFE, 0x6B, 0xF0, 0x3C, 0x03,
    0xF4, 0x00, 0x3F, 0xAE, 0x03, 0xF0, 0x00, 0x03, 0xF9, 0x02, 0xF4, 0x00, 0x00, 0x7E, 0x00, 0xFC,
    0x00, 0x00, 0x0F, 0xC0, 0x7E, 0x00, 0x00, 0x01, 0xF8, 0x2F, 0x40, 0x00, 0x00, 0x3F, 0x0F, 0xC0,
    0x00, 0x00, 0x0F, 0xC3, 0xF0, 0x00, 0x00, 0x03, 0xF0, 0xFC, 0x00, 0x00, 0x00, 0xFC, 0x3F, 0x00,
    0x00, 0x00, 0x3F, 0x0F, 0xC0, 0x00, 0x00, 0x0F, 0xC2, 0xF4, 0x00, 0x00, 0x03, 0xF0, 0x7E, 0x00,
    0x00, 0x01, 0xF8, 0x0F, 0xC0, 0x00, 0x00, 0xBD, 0x02, 0xF4, 0x00, 0x00, 0x3F, 0x00, 0x3F, 0x00,
    0x00, 0x2F, 0x40, 0x07, 0xE0, 0x00, 0x2F, 0x80, 0x00, 0x7F, 0x40, 0x6F, 0x80, 0x00, 0x02, 0xFF,
    0xFF, 0x40, 0x00, 0x00, 0x05, 0x54, 0x00, 0x00, 0x00, 0x00, 0x00, 0x00, 0x01, 0xF0, 0x00, 0x00,
    0x00, 0xFC, 0x00, 0x00, 0x00, 0x2F, 0x00, 0x00, 0x00, 0x0B, 0xC0, 0x09, 0x00, 0x01, 0xC0, 0x3D,
    0x00, 0x00, 0x00, 0x2E, 0x00, 0x6A, 0x90, 0x2D, 0x03, 0xFF, 0xFD, 0xBC, 0x0F, 0xC0, 0x3F, 0x90,
    0x2F, 0x00, 0x0F, 0x80, 0x3D, 0x00, 0x07, 0xC0, 0x7C, 0x00, 0x03, 0xD0, 0xBC, 0x00, 0x03, 0xE0,
    0xBC, 0x00, 0x03, 0xE0, 0xBC, 0x00, 0x03, 0xE0, 0x7C, 0x00, 0x03, 0xE0, 0x7C, 0x00, 0x03, 0xD0,
    0x3E, 0x00, 0x0B, 0xC0, 0x1F, 0x40, 0x0F, 0x40, 0x0B, 0xE5, 0xBE, 0x00, 0x01, 0xFF, 0xF4, 0x00,
    0x00, 0x05, 0x00, 0x00, 0x00, 0x00, 0x00, 0x00, 0x00, 0x00, 0x00, 0x7F, 0x40, 0x00, 0x00, 0x00,
    0x00, 0xF0, 0x00, 0x00, 0x00, 0x00, 0xF4, 0x00, 0x00, 0x00, 0x00, 0xB0, 0x00, 0x06, 0x00, 0x00,
    0x04, 0x00, 0x07, 0xC0, 0x00, 0xBF, 0xF9, 0x00, 0xF4, 0x02, 0xFE, 0x6B, 0xF0, 0x3C, 0x03, 0xF4,
    0x00, 0x3F, 0xAE, 0x03, 0xF0, 0x00, 0x03, 0xF9, 0x02, 0xF4, 0x00, 0x00, 0x7E, 0x00, 0xFC, 0x00,
    0x00, 0x0F, 0xC0, 0x7E, 0x00, 0x00, 0x01, 0xF8, 0x2F, 0x40, 0x00, 0x00, 0x3F, 0x0F, 0xC0, 0x00,
    0x00, 0x0F, 0xC3, 0xF0, 0x00, 0x00, 0x03, 0xF0, 0xFC, 0x00, 0x00, 0x00, 0xFC, 0x3F, 0x00, 0x00,
    0x00, 0x3F, 0x0F, 0xC0, 0x00, 0x00, 0x0F, 0xC2, 0xF4, 0x00, 0x00, 0x03, 0xF0, 0x7E, 0x00, 0x00,
    0x01, 0xF8, 0x0F, 0xC0, 0x00, 0x00, 0xBD, 0x02, 0xF4, 0x00, 0x00, 0x3F, 0x00, 0x3F, 0x00, 0x00,
    0x2F, 0x40, 0x07, 0xE0, 0x00, 0x2F, 0x80, 0x00, 0x7F, 0x40, 0x6F, 0x80, 0x00, 0x02, 0xFF, 0xFF,
    0x40, 0x00, 0x00, 0x05, 0x54, 0x00, 0x00, 0x00, 0x15, 0x00, 0x00, 0x00, 0x3F, 0xC0, 0x00, 0x00,
    0x02, 0xD0, 0x00, 0x00, 0x07, 0xC0, 0x00, 0x00, 0x1F, 0x00, 0x09, 0x00, 0x1D, 0x00, 0x3D, 0x00,
    0x00, 0x00, 0x2E, 0x00, 0x6A, 0x90, 0x2D, 0x03, 0xFF, 0xFD, 0xBC, 0x0F, 0xC0, 0x3F, 0x90, 0x2F,
    0x00, 0x0F, 0x80, 0x3D, 0x00, 0x07, 0xC0, 0x7C, 0x00, 0x03, 0xD0, 0xBC, 0x00, 0x03, 0xE0, 0xBC,
    0x00, 0x03, 0xE0, 0xBC, 0x00, 0x03, 0xE0, 0x7C, 0x00, 0x03, 0xE0, 0x7C, 0x00, 0x03, 0xD0, 0x3E,
    0x00, 0x0B, 0xC0, 0x1F, 0x40, 0x0F, 0x40, 0x0B, 0xE5, 0xBE, 0x00, 0x01, 0xFF, 0xF4, 0x00, 0x00,
    0x05, 0x00, 0x00, 0x00, 0x00, 0x00, 0x00, 0x00, 0x00, 0x02, 0xE4, 0x0D, 0x00, 0x00, 0x02, 0xFF,
    0xFF, 0x00, 0x00, 0x00, 0xE0, 0xBF, 0x00, 0x18, 0x00, 0x10, 0x00, 0x00, 0x1F, 0x00, 0x02, 0xFF,
    0xE4, 0x03, 0xD0, 0x0B, 0xF9, 0xAF, 0xC0, 0xF0, 0x0F, 0xD0, 0x00, 0xFE, 0xB8, 0x0F, 0xC0, 0x00,
    0x0F, 0xE4, 0x0B, 0xD0, 0x00, 0x01, 0xF8, 0x03, 0xF0, 0x00, 0x00, 0x3F, 0x01, 0xF8, 0x00, 0x00,
    0x07, 0xE0, 0xBD, 0x00, 0x00, 0x00, 0xFC, 0x3F, 0x00, 0x00, 0x00, 0x3F, 0x0F, 0xC0, 0x00, 0x00,
    0x0F, 0xC3, 0xF0, 0x00, 0x00, 0x03, 0xF0, 0xFC, 0x00, 0x00, 0x00, 0xFC, 0x3F, 0x00, 0x00, 0x00,
    0x3F, 0x0B, 0xD0, 0x00, 0x00, 0x0F, 0xC1, 0xF8, 0x00, 0x00, 0x07, 0xE0, 0x3F, 0x00, 0x00, 0x02,
    0xF4, 0x0B, 0xD0, 0x00, 0x00, 0xFC, 0x00, 0xFC, 0x00, 0x00, 0xBD, 0x00, 0x1F, 0x80, 0x00, 0xBE,
    0x00, 0x01, 0xFD, 0x01, 0xBE, 0x00, 0x00, 0x0B, 0xFF, 0xFD, 0x00, 0x00, 0x00, 0x15, 0x50, 0x00,
    0x00, 0x00, 0x00, 0x00, 0x00, 0x01, 0xE4, 0x0D, 0x00, 0x03, 0xFF, 0xBC, 0x00, 0x0B, 0x1B, 0xF4,
    0x09, 0x04, 0x00, 0x00, 0x3D, 0x00, 0x00, 0x00, 0x2E, 0x00, 0x6A, 0x90, 0x2D, 0x03, 0xFF, 0xFD,
    0xBC, 0x0F, 0xC0, 0x3F, 0x90, 0x2F, 0x00, 0x0F, 0x80, 0x3D, 0x00, 0x07, 0xC0, 0x7C, 0x00, 0x03,
    0xD0, 0xBC, 0x00, 0x03, 0xE0, 0xBC, 0x00, 0x03, 0xE0, 0xBC, 0x00, 0x03, 0xE0, 0x7C, 0x00, 0x03,
    0xE0, 0x7C, 0x00, 0x03, 0xD0, 0x3E, 0x00, 0x0B, 0xC0, 0x1F, 0x40, 0x0F, 0x40, 0x0B, 0xE5, 0xBE,
    0x00, 0x01, 0xFF, 0xF4, 0x00, 0x00, 0x05, 0x00, 0x00, 0x00, 0x00, 0x00, 0x00, 0x06, 0x00, 0x00,
    0x00, 0x00, 0x07, 0xC0, 0x00, 0xBF, 0xF9, 0x00, 0xF4, 0x02, 0xFE, 0x6B, 0xF0, 0x3C, 0x03, 0xF4,
    0x00, 0x3F, 0xAE, 0x03, 0xF0, 0x00, 0x03, 0xF9, 0x02, 0xF4, 0x00, 0x00, 0x7E, 0x00, 0xFC, 0x00,
    0x00, 0x0F, 0xC0, 0x7E, 0x00, 0x00, 0x01, 0xF8, 0x2F, 0x40, 0x00, 0x00, 0x3F, 0x0F, 0xC0, 0x00,
    0x00, 0x0F, 0xC3, 0xF0, 0x00, 0x00, 0x03, 0xF0, 0xFC, 0x00, 0x00, 0x00, 0xFC, 0x3F, 0x00, 0x00,
    0x00, 0x3F, 0x0F, 0xC0, 0x00, 0x00, 0x0F, 0xC2, 0xF4, 0x00, 0x00, 0x03, 0xF0, 0x7E, 0x00, 0x00,
    0x01, 0xF8, 0x0F, 0xC0, 0x00, 0x00, 0xBD, 0x02, 0xF4, 0x00, 0x00, 0x3F, 0x00, 0x3F, 0x00, 0x00,
    0x2F, 0x40, 0x07, 0xE0, 0x00, 0x2F, 0x80, 0x00, 0x7F, 0x40, 0x6F, 0x80, 0x00, 0x02, 0xFF, 0xFF,
    0x40, 0x00, 0x00, 0x05, 0x54, 0x00, 0x00, 0x00, 0x00, 0x00, 0x00, 0x00, 0x00, 0x00, 0x2F, 0x00,
    0x00, 0x00, 0x00, 0x0F, 0xC0, 0x00, 0x00, 0x00, 0x03, 0xF0, 0x00, 0x00, 0x00, 0x00, 0x64, 0x00,
    0x00, 0x00, 0x00, 0x00, 0x00, 0x09, 0x00, 0x00, 0x00, 0x3D, 0x00, 0x00, 0x00, 0x2E, 0x00, 0x6A,
    0x90, 0x2D, 0x03, 0xFF, 0xFD, 0xBC, 0x0F, 0xC0, 0x3F, 0x90, 0x2F, 0x00, 0x0F, 0x80, 0x3D, 0x00,
    0x07, 0xC0, 0x7C, 0x00, 0x03, 0xD0, 0xBC, 0x00, 0x03, 0xE0, 0xBC, 0x00, 0x03, 0xE0, 0xBC, 0x00,
    0x03, 0xE0, 0x7C, 0x00, 0x03, 0xE0, 0x7C, 0x00, 0x03, 0xD0, 0x3E, 0x00, 0x0B, 0xC0, 0x1F, 0x40,
    0x0F, 0x40, 0x0B, 0xE5, 0xBE, 0x00, 0x01, 0xFF, 0xF4, 0x00, 0x00, 0x05, 0x00, 0x00, 0x00, 0x00,
    0x00, 0x00, 0x00, 0x0F, 0x40, 0x00, 0x00, 0x2F, 0xC0, 0x00, 0x00, 0x1F, 0x80, 0x00, 0x00, 0x0A,
    0x00, 0x00, 0x6A, 0xAA, 0x00, 0x1A, 0xAA, 0x2F, 0xFF, 0xC0, 0x0B, 0xFF, 0xD0, 0x7F, 0x00, 0x00,
    0x1F, 0x00, 0x0F, 0x80, 0x00, 0x03, 0xC0, 0x03, 0xE0, 0x00, 0x00, 0xF0, 0x00, 0xF8, 0x00, 0x00,
    0x3C, 0x00, 0x3E, 0x00, 0x00, 0x0F, 0x00, 0x0F, 0x80, 0x00, 0x03, 0xC0, 0x03, 0xE0, 0x00, 0x00,
    0xF0, 0x00, 0xF8, 0x00, 0x00, 0x3C, 0x00, 0x3E, 0x00, 0x00, 0x0F, 0x00, 0x0F, 0x80, 0x00, 0x03,
    0xC0, 0x03, 0xE0, 0x00, 0x00, 0xF0, 0x00, 0xF8, 0x00, 0x00, 0x3C, 0x00, 0x3E, 0x00, 0x00, 0x0F,
    0x00, 0x0F, 0xC0, 0x00, 0x07, 0x80, 0x02, 0xF0, 0x00, 0x02, 0xD0, 0x00, 0x3E, 0x00, 0x00, 0xF0,
    0x00, 0x0B, 0xD0, 0x00, 0xF8, 0x00, 0x00, 0xFF, 0x56, 0xF8, 0x00, 0x00, 0x0B, 0xFF, 0xF4, 0x00,
    0x00, 0x00, 0x15, 0x40, 0x00, 0x00, 0x00, 0x00, 0x00, 0x00, 0x00, 0x00, 0x00, 0xBC, 0x00, 0x00,
    0x00, 0x00, 0x3F, 0x40, 0x00, 0x00, 0x00, 0x0F, 0xC0, 0x00, 0x00, 0x00, 0x00, 0x90, 0x00, 0x00,
    0x15, 0x40, 0x05, 0x50, 0x1F, 0xF4, 0x0B, 0xFC, 0x01, 0xBC, 0x00, 0x6F, 0x00, 0x0F, 0x00, 0x07,
    0xC0, 0x03, 0xC0, 0x00, 0xF0, 0x00, 0xF0, 0x00, 0x3C, 0x00, 0x3C, 0x00, 0x0F, 0x00, 0x0F, 0x00,
    0x03, 0xC0, 0x03, 0xC0, 0x00, 0xF0, 0x00, 0xF0, 0x00, 0x7C, 0x00, 0x3C, 0x00, 0x1F, 0x00, 0x0F,
    0x40, 0x0F, 0xC0, 0x02, 0xF0, 0x0B, 0xF0, 0x00, 0x3F, 0x9F, 0xAF, 0x80, 0x07, 0xFF, 0x4B, 0xF0,
    0x00, 0x05, 0x00, 0x00, 0x00, 0x00, 0x00, 0x00, 0x00, 0x00, 0xB8, 0x00, 0x00, 0x00, 0x3F, 0x00,
    0x00, 0x00, 0x0F, 0xC0, 0x00, 0x00, 0x01, 0x90, 0x00, 0x00, 0x00, 0x00, 0x00, 0x00, 0x00, 0x00,
    0x00, 0x2F, 0xD0, 0x00, 0x00, 0x00, 0x00, 0x78, 0x00, 0x00, 0x00, 0x00, 0x7C, 0x00, 0x00, 0x00,
    0x00, 0x3C, 0x00, 0x00, 0x00, 0x00, 0x01, 0x00, 0x00, 0x06, 0xAA, 0xA0, 0x01, 0xAA, 0xA2, 0xFF,
    0xFC, 0x00, 0xBF, 0xFD, 0x07, 0xF0, 0x00, 0x01, 0xF0, 0x00, 0xF8, 0x00, 0x00, 0x3C, 0x00, 0x3E,
    0x00, 0x00, 0x0F, 0x00, 0x0F, 0x80, 0x00, 0x03, 0xC0, 0x03, 0xE0, 0x00, 0x00, 0xF0, 0x00, 0xF8,
    0x00, 0x00, 0x3C, 0x00, 0x3E, 0x00, 0x00, 0x0F, 0x00, 0x0F, 0x80, 0x00, 0x03, 0xC0, 0x03, 0xE0,
    0x00, 0x00, 0xF0, 0x00, 0xF8, 0x00, 0x00, 0x3C, 0x00, 0x3E, 0x00, 0x00, 0x0F, 0x00, 0x0F, 0x80,
    0x00, 0x03, 0xC0, 0x03, 0xE0, 0x00, 0x00, 0xF0, 0x00, 0xFC, 0x00, 0x00, 0x78, 0x00, 0x2F, 0x00,
    0x00, 0x2D, 0x00, 0x03, 0xE0, 0x00, 0x0F, 0x00, 0x00, 0xBD, 0x00, 0x0F, 0x80, 0x00, 0x0F, 0xF5,
    0x6F, 0x80, 0x00, 0x00, 0xBF, 0xFF, 0x40, 0x00, 0x00, 0x01, 0x54, 0x00, 0x00, 0x00, 0x05, 0x40,
    0x00, 0x00, 0x03, 0xFC, 0x00, 0x00, 0x00, 0x0B, 0x40, 0x00, 0x00, 0x07, 0xC0, 0x00, 0x00, 0x07,
    0x80, 0x00, 0x00, 0x01, 0xD0, 0x00, 0x00, 0x00, 0x00, 0x00, 0x00, 0x55, 0x00, 0x15, 0x40, 0x7F,
    0xD0, 0x2F, 0xF0, 0x06, 0xF0, 0x01, 0xBC, 0x00, 0x3C, 0x00, 0x1F, 0x00, 0x0F, 0x00, 0x03, 0xC0,
    0x03, 0xC0, 0x00, 0xF0, 0x00, 0xF0, 0x00, 0x3C, 0x00, 0x3C, 0x00, 0x0F, 0x00, 0x0F, 0x00, 0x03,
    0xC0, 0x03, 0xC0, 0x01, 0xF0, 0x00, 0xF0, 0x00, 0x7C, 0x00, 0x3D, 0x00, 0x3F, 0x00, 0x0B, 0xC0,
    0x2F, 0xC0, 0x00, 0xFE, 0x7E, 0xBE, 0x00, 0x1F, 0xFD, 0x2F, 0xC0, 0x00, 0x14, 0x00, 0x00, 0x00,
    0x00, 0x00, 0x00, 0x00, 0x00, 0x00, 0x00, 0x00, 0x09, 0x00, 0x00, 0x00, 0x00, 0x02, 0xFC, 0x02,
    0x40, 0x00, 0x00, 0xBF, 0x40, 0x3D, 0x00, 0x00, 0x0F, 0x80, 0x00, 0xB8, 0x00, 0x00, 0x10, 0x00,
    0x02, 0xD2, 0xAA, 0xA4, 0x00, 0xA9, 0x6F, 0x0F, 0xFF, 0xE0, 0x03, 0xFF, 0x90, 0x02, 0xF4, 0x00,
    0x00, 0xF8, 0x00, 0x0B, 0xC0, 0x00, 0x02, 0xD0, 0x00, 0x1F, 0x00, 0x00, 0x0B, 0x40, 0x00, 0x7C,
    0x00, 0x00, 0x2D, 0x00, 0x01, 0xF0, 0x00, 0x00, 0xB4, 0x00, 0x07, 0xC0, 0x00, 0x02, 0xD0, 0x00,
    0x1F, 0x00, 0x00, 0x0B, 0x40, 0x00, 0x7C, 0x00, 0x00, 0x2D, 0x00, 0x01, 0xF0, 0x00, 0x00, 0xB4,
    0x00, 0x07, 0xC0, 0x00, 0x02, 0xD0, 0x00, 0x1F, 0x00, 0x00, 0x0B, 0x40, 0x00, 0x7C, 0x00, 0x00,
    0x2D, 0x00, 0x01, 0xF0, 0x00, 0x00, 0xB4, 0x00, 0x07, 0xD0, 0x00, 0x03, 0xC0, 0x00, 0x0F, 0x80,
    0x00, 0x0F, 0x00, 0x00, 0x2F, 0x00, 0x00, 0xB8, 0x00, 0x00, 0x3F, 0x00, 0x07, 0xC0, 0x00, 0x00,
    0x7F, 0x95, 0xFD, 0x00, 0x00, 0x00, 0x3F, 0xFF, 0x80, 0x00, 0x00, 0x00, 0x05, 0x50, 0x00, 0x00,
    0x00, 0x00, 0x04, 0x00, 0x00, 0x00, 0x02, 0xE0, 0x00, 0x00, 0x00, 0xBC, 0x00, 0x00, 0x00, 0x2F,
    0x00, 0x18, 0x00, 0x0B, 0x80, 0x03, 0xD0, 0x00, 0xE0, 0x00, 0x3D, 0x00, 0x00, 0x00, 0x02, 0xD1,
    0x54, 0x00, 0x59, 0xBC, 0x7F, 0xD0, 0x2F, 0xF9, 0x01, 0xBC, 0x00, 0x6F, 0x00, 0x03, 0xC0, 0x01,
    0xF0, 0x00, 0x3C, 0x00, 0x0F, 0x00, 0x03, 0xC0, 0x00, 0xF0, 0x00, 0x3C, 0x00, 0x0F, 0x00, 0x03,
    0xC0, 0x00, 0xF0, 0x00, 0x3C, 0x00, 0x0F, 0x00, 0x03, 0xC0, 0x01, 0xF0, 0x00, 0x3C, 0x00, 0x1F,
    0x00, 0x03, 0xD0, 0x03, 0xF0, 0x00, 0x2F, 0x00, 0xBF, 0x00, 0x00, 0xFE, 0x7E, 0xBE, 0x00, 0x07,
    0xFF, 0x4B, 0xF0, 0x00, 0x01, 0x40, 0x00, 0x00, 0x00, 0x00, 0x00, 0x00, 0x00, 0x00, 0x00, 0x00,
    0xD0, 0x00, 0x00, 0x00, 0x00, 0x07, 0xF4, 0x00, 0x02, 0x40, 0x00, 0x02, 0xFD, 0x00, 0x3D, 0x00,
    0x00, 0x00, 0x7E, 0x00, 0xB8, 0x00, 0x00, 0x00, 0x00, 0x02, 0xD2, 0xAA, 0xA4, 0x00, 0xA9, 0x6F,
    0x0F, 0xFF, 0xE0, 0x03, 0xFF, 0x90, 0x02, 0xF4, 0x00, 0x00, 0xF8, 0x00, 0x0B, 0xC0, 0x00, 0x02,
    0xD0, 0x00, 0x1F, 0x00, 0x00, 0x0B, 0x40, 0x00, 0x7C, 0x00, 0x00, 0x2D, 0x00, 0x01, 0xF0, 0x00,
    0x00, 0xB4, 0x00, 0x07, 0xC0, 0x00, 0x02, 0xD0, 0x00, 0x1F, 0x00, 0x00, 0x0B, 0x40, 0x00, 0x7C,
    0x00, 0x00, 0x2D, 0x00, 0x01, 0xF0, 0x00, 0x00, 0xB4, 0x00, 0x07, 0xC0, 0x00, 0x02, 0xD0, 0x00,
    0x1F, 0x00, 0x00, 0x0B, 0x40, 0x00, 0x7C, 0x00, 0x00, 0x2D, 0x00, 0x01, 0xF0, 0x00, 0x00, 0xB4,
    0x00, 0x07, 0xD0, 0x00, 0x03, 0xC0, 0x00, 0x0F, 0x80, 0x00, 0x0F, 0x00, 0x00, 0x2F, 0x00, 0x00,
    0xB8, 0x00, 0x00, 0x3F, 0x00, 0x07, 0xC0, 0x00, 0x00, 0x7F, 0x95, 0xFD, 0x00, 0x00, 0x00, 0x3F,
    0xFF, 0x80, 0x00, 0x00, 0x00, 0x05, 0x50, 0x00, 0x00, 0x00, 0x00, 0x00, 0x00, 0x00, 0x07, 0xC0,
    0x00, 0x00, 0x00, 0x3F, 0x00, 0x00, 0x00, 0x00, 0xBC, 0x00, 0x18, 0x00, 0x02, 0xF0, 0x03, 0xD0,
    0x00, 0x07, 0x00, 0x3D, 0x00, 0x00, 0x00, 0x02, 0xD1, 0x54, 0x00, 0x59, 0xBC, 0x7F, 0xD0, 0x2F,
    0xF9, 0x01, 0xBC, 0x00, 0x6F, 0x00, 0x03, 0xC0, 0x01, 0xF0, 0x00, 0x3C, 0x00, 0x0F, 0x00, 0x03,
    0xC0, 0x00, 0xF0, 0x00, 0x3C, 0x00, 0x0F, 0x00, 0x03, 0xC0, 0x00, 0xF0, 0x00, 0x3C, 0x00, 0x0F,
    0x00, 0x03, 0xC0, 0x01, 0xF0, 0x00, 0x3C, 0x00, 0x1F, 0x00, 0x03, 0xD0, 0x03, 0xF0, 0x00, 0x2F,
    0x00, 0xBF, 0x00, 0x00, 0xFE, 0x7E, 0xBE, 0x00, 0x07, 0xFF, 0x4B, 0xF0, 0x00, 0x01, 0x40, 0x00,
    0x00, 0x00, 0x00, 0x00, 0x00, 0x00, 0x00, 0x00, 0x00, 0x2F, 0xD0, 0x00, 0x00, 0x00, 0x00, 0x07,
    0x80, 0x02, 0x40, 0x00, 0x00, 0x7C, 0x00, 0x3D, 0x00, 0x00, 0x03, 0xC0, 0x00, 0xB8, 0x00, 0x00,
    0x01, 0x00, 0x02, 0xD2, 0xAA, 0xA4, 0x00, 0xA9, 0x6F, 0x0F, 0xFF, 0xE0, 0x03, 0xFF, 0x90, 0x02,
    0xF4, 0x00, 0x00, 0xF8, 0x00, 0x0B, 0xC0, 0x00, 0x02, 0xD0, 0x00, 0x1F, 0x00, 0x00, 0x0B, 0x40,
    0x00, 0x7C, 0x00, 0x00, 0x2D, 0x00, 0x01, 0xF0, 0x00, 0x00, 0xB4, 0x00, 0x07, 0xC0, 0x00, 0x02,
    0xD0, 0x00, 0x1F, 0x00, 0x00, 0x0B, 0x40, 0x00, 0x7C, 0x00, 0x00, 0x2D, 0x00, 0x01, 0xF0, 0x00,
    0x00, 0xB4, 0x00, 0x07, 0xC0, 0x00, 0x02, 0xD0, 0x00, 0x1F, 0x00, 0x00, 0x0B, 0x40, 0x00, 0x7C,
    0x00, 0x00, 0x2D, 0x00, 0x01, 0xF0, 0x00, 0x00, 0xB4, 0x00, 0x07, 0xD0, 0x00, 0x03, 0xC0, 0x00,
    0x0F, 0x80, 0x00, 0x0F, 0x00, 0x00, 0x2F, 0x00, 0x00, 0xB8, 0x00, 0x00, 0x3F, 0x00, 0x07, 0xC0,
    0x00, 0x00, 0x7F, 0x95, 0xFD, 0x00, 0x00, 0x00, 0x3F, 0xFF, 0x80, 0x00, 0x00, 0x00, 0x05, 0x50,
    0x00, 0x00, 0x00, 0x01, 0x40, 0x00, 0x00, 0x00, 0xFF, 0x40, 0x00, 0x00, 0x00, 0x78, 0x00, 0x00,
    0x00, 0x0F, 0x40, 0x18, 0x00, 0x03, 0xD0, 0x03, 0xD0, 0x00, 0x38, 0x00, 0x3D, 0x00, 0x00, 0x00,
    0x02, 0xD1, 0x54, 0x00, 0x59, 0xBC, 0x7F, 0xD0, 0x2F, 0xF9, 0x01, 0xBC, 0x00, 0x6F, 0x00, 0x03,
    0xC0, 0x01, 0xF0, 0x00, 0x3C, 0x00, 0x0F, 0x00, 0x03, 0xC0, 0x00, 0xF0, 0x00, 0x3C, 0x00, 0x0F,
    0x00, 0x03, 0xC0, 0x00, 0xF0, 0x00, 0x3C, 0x00, 0x0F, 0x00, 0x03, 0xC0, 0x01, 0xF0, 0x00, 0x3C,
    0x00, 0x1F, 0x00, 0x03, 0xD0, 0x03, 0xF0, 0x00, 0x2F, 0x00, 0xBF, 0x00, 0x00, 0xFE, 0x7E, 0xBE,
    0x00, 0x07, 0xFF, 0x4B, 0xF0, 0x00, 0x01, 0x40, 0x00, 0x00, 0x00, 0x00, 0x00, 0x00, 0x00, 0x00,
    0x00, 0x00, 0xB9, 0x03, 0x00, 0x90, 0x00, 0x0B, 0xFF, 0xF8, 0x0F, 0x40, 0x00, 0x34, 0x6F, 0xC0,
    0x2E, 0x00, 0x00, 0x40, 0x00, 0x00, 0xB4, 0xAA, 0xA9, 0x00, 0x2A, 0x5B, 0xC3, 0xFF, 0xF8, 0x00,
    0xFF, 0xE4, 0x00, 0xBD, 0x00, 0x00, 0x3E, 0x00, 0x02, 0xF0, 0x00, 0x00, 0xB4, 0x00, 0x07, 0xC0,
    0x00, 0x02, 0xD0, 0x00, 0x1F, 0x00, 0x00, 0x0B, 0x40, 0x00, 0x7C, 0x00, 0x00, 0x2D, 0x00, 0x01,
    0xF0, 0x00, 0x00, 0xB4, 0x00, 0x07, 0xC0, 0x00, 0x02, 0xD0, 0x00, 0x1F, 0x00, 0x00, 0x0B, 0x40,
    0x00, 0x7C, 0x00, 0x00, 0x2D, 0x00, 0x01, 0xF0, 0x00, 0x00, 0xB4, 0x00, 0x07, 0xC0, 0x00, 0x02,
    0xD0, 0x00, 0x1F, 0x00, 0x00, 0x0B, 0x40, 0x00, 0x7C, 0x00, 0x00, 0x2D, 0x00, 0x01, 0xF4, 0x00,
    0x00, 0xF0, 0x00, 0x03, 0xE0, 0x00, 0x03, 0xC0, 0x00, 0x0B, 0xC0, 0x00, 0x2E, 0x00, 0x00, 0x0F,
    0xC0, 0x01, 0xF0, 0x00, 0x00, 0x1F, 0xE5, 0x7F, 0x40, 0x00, 0x00, 0x0F, 0xFF, 0xE0, 0x00, 0x00,
    0x00, 0x01, 0x54, 0x00, 0x00, 0x00, 0x00, 0x00, 0x00, 0x00, 0x00, 0x03, 0x90, 0x28, 0x00, 0x00,
    0xFF, 0xFF, 0x01, 0x80, 0x1D, 0x1F, 0xE0, 0x3D, 0x00, 0x40, 0x04, 0x03, 0xD0, 0x00, 0x00, 0x00,
    0x2D, 0x15, 0x40, 0x05, 0x9B, 0xC7, 0xFD, 0x02, 0xFF, 0x90, 0x1B, 0xC0, 0x06, 0xF0, 0x00, 0x3C,
    0x00, 0x1F, 0x00, 0x03, 0xC0, 0x00, 0xF0, 0x00, 0x3C, 0x00, 0x0F, 0x00, 0x03, 0xC0, 0x00, 0xF0,
    0x00, 0x3C, 0x00, 0x0F, 0x00, 0x03, 0xC0, 0x00, 0xF0, 0x00, 0x3C, 0x00, 0x1F, 0x00, 0x03, 0xC0,
    0x01, 0xF0, 0x00, 0x3D, 0x00, 0x3F, 0x00, 0x02, 0xF0, 0x0B, 0xF0, 0x00, 0x0F, 0xE7, 0xEB, 0xE0,
    0x00, 0x7F, 0xF4, 0xBF, 0x00, 0x00, 0x14, 0x00, 0x00, 0x00, 0x00, 0x00, 0x00, 0x00, 0x24, 0x00,
    0x00, 0x00, 0x00, 0x03, 0xD0, 0x00, 0x00, 0x00, 0x00, 0x0B, 0x80, 0x00, 0x00, 0x00, 0x00, 0x2D,
    0x2A, 0xAA, 0x40, 0x0A, 0x96, 0xF0, 0xFF, 0xFE, 0x00, 0x3F, 0xF9, 0x00, 0x2F, 0x40, 0x00, 0x0F,
    0x80, 0x00, 0xBC, 0x00, 0x00, 0x2D, 0x00, 0x01, 0xF0, 0x00, 0x00, 0xB4, 0x00, 0x07, 0xC0, 0x00,
    0x02, 0xD0, 0x00, 0x1F, 0x00, 0x00, 0x0B, 0x40, 0x00, 0x7C, 0x00, 0x00, 0x2D, 0x00, 0x01, 0xF0,
    0x00, 0x00, 0xB4, 0x00, 0x07, 0xC0, 0x00, 0x02, 0xD0, 0x00, 0x1F, 0x00, 0x00, 0x0B, 0x40, 0x00,
    0x7C, 0x00, 0x00, 0x2D, 0x00, 0x01, 0xF0, 0x00, 0x00, 0xB4, 0x00, 0x07, 0xC0, 0x00, 0x02, 0xD0,
    0x00, 0x1F, 0x00, 0x00, 0x0B, 0x40, 0x00, 0x7D, 0x00, 0x00, 0x3C, 0x00, 0x00, 0xF8, 0x00, 0x00,
    0xF0, 0x00, 0x02, 0xF0, 0x00, 0x0B, 0x80, 0x00, 0x03, 0xF0, 0x00, 0x7C, 0x00, 0x00, 0x07, 0xF9,
    0x5F, 0xD0, 0x00, 0x00, 0x03, 0xFF, 0xF8, 0x00, 0x00, 0x00, 0x00, 0x55, 0x00, 0x00, 0x00, 0x00,
    0x00, 0x00, 0x00, 0x00, 0x00, 0x00, 0x07, 0xC0, 0x00, 0x00, 0x00, 0x00, 0x2F, 0x80, 0x00, 0x00,
    0x00, 0x00, 0xBE, 0x00, 0x00, 0x00, 0x00, 0x00, 0xA0, 0x00, 0x00, 0x00, 0x00, 0x00, 0x00, 0x01,
    0x80, 0x00, 0x00, 0x00, 0x3D, 0x00, 0x00, 0x00, 0x03, 0xD0, 0x00, 0x00, 0x00, 0x2D, 0x15, 0x40,
    0x05, 0x9B, 0xC7, 0xFD, 0x02, 0xFF, 0x90, 0x1B, 0xC0, 0x06, 0xF0, 0x00, 0x3C, 0x00, 0x1F, 0x00,
    0x03, 0xC0, 0x00, 0xF0, 0x00, 0x3C, 0x00, 0x0F, 0x00, 0x03, 0xC0, 0x00, 0xF0, 0x00, 0x3C, 0x00,
    0x0F, 0x00, 0x03, 0xC0, 0x00, 0xF0, 0x00, 0x3C, 0x00, 0x1F, 0x00, 0x03, 0xC0, 0x01, 0xF0, 0x00,
    0x3D, 0x00, 0x3F, 0x00, 0x02, 0xF0, 0x0B, 0xF0, 0x00, 0x0F, 0xE7, 0xEB, 0xE0, 0x00, 0x7F, 0xF4,
    0xBF, 0x00, 0x00, 0x14, 0x00, 0x00, 0x00, 0x00, 0x00, 0x00, 0x00, 0x00, 0x3E, 0x00, 0x00, 0x00,
    0x07, 0xF0, 0x00, 0x00, 0x00, 0x7F, 0x00, 0x00, 0x00, 0x01, 0x80, 0x00, 0x00, 0x00, 0x00, 0x00,
    0x00, 0x00, 0x00, 0x28, 0x00, 0x00, 0x00, 0x00, 0xFE, 0x00, 0x00, 0x00, 0x00, 0x7F, 0x80, 0x00,
    0x00, 0x00, 0x1B, 0xC0, 0x00, 0x00, 0x00, 0x00, 0x00, 0x06, 0xAA, 0xA0, 0x0A, 0xAA, 0xAF, 0xFF,
    0xC0, 0x3F, 0xFF, 0x0B, 0xF0, 0x00, 0x0F, 0x80, 0x0F, 0xC0, 0x00, 0x7C, 0x00, 0x0F, 0x40, 0x03,
    0xD0, 0x00, 0x2F, 0x00, 0x1F, 0x00, 0x00, 0x3D, 0x00, 0xF4, 0x00, 0x00, 0xBC, 0x07, 0xC0, 0x00,
    0x00, 0xF8, 0x3C, 0x00, 0x00, 0x02, 0xF1, 0xE0, 0x00, 0x00, 0x03, 0xEF, 0x00, 0x00, 0x00, 0x0B,
    0xF8, 0x00, 0x00, 0x00, 0x0F, 0xC0, 0x00, 0x00, 0x00, 0x2F, 0x00, 0x00, 0x00, 0x00, 0xBC, 0x00,
    0x00, 0x00, 0x02, 0xF0, 0x00, 0x00, 0x00, 0x0B, 0xC0, 0x00, 0x00, 0x00, 0x2F, 0x00, 0x00, 0x00,
    0x00, 0xBC, 0x00, 0x00, 0x00, 0x1B, 0xFE, 0x40, 0x00, 0x00, 0xFF, 0xFE, 0x00, 0x00, 0x00, 0x00,
    0x00, 0x00, 0x00, 0x04, 0x00, 0x00, 0x00, 0x0B, 0x40, 0x00, 0x00, 0x01, 0xF4, 0x00, 0x00, 0x00,
    0x1F, 0x40, 0x00, 0x00, 0x00, 0xF4, 0x00, 0x00, 0x00, 0x0E, 0x00, 0x00, 0x00, 0x00, 0x00, 0x00,
    0x55, 0x50, 0x15, 0x54, 0x7F, 0xFC, 0x0F, 0xFF, 0x07, 0xF4, 0x00, 0x3E, 0x00, 0x7D, 0x00, 0x0F,
    0x00, 0x0F, 0x80, 0x07, 0x40, 0x01, 0xF0, 0x03, 0xC0, 0x00, 0x3D, 0x00, 0xE0, 0x00, 0x07, 0xC0,
    0xB0, 0x00, 0x00, 0xF4, 0x3C, 0x00, 0x00, 0x2E, 0x1E, 0x00, 0x00, 0x03, 0xCB, 0x00, 0x00, 0x00,
    0xBB, 0xC0, 0x00, 0x00, 0x1F, 0xD0, 0x00, 0x00, 0x03, 0xF0, 0x00, 0x00, 0x00, 0x78, 0x00, 0x00,
    0x00, 0x1D, 0x00, 0x00, 0x00, 0x0F, 0x00, 0x00, 0x00, 0x03, 0x80, 0x00, 0x00, 0x02, 0xC0, 0x00,
    0x00, 0x00, 0xF0, 0x00, 0x00, 0x00, 0xB4, 0x00, 0x00, 0x00, 0x2C, 0x00, 0x00, 0x00, 0x00, 0x00,
    0x00, 0x00, 0x6A, 0xAA, 0x00, 0xAA, 0xAA, 0xFF, 0xFC, 0x03, 0xFF, 0xF0, 0xBF, 0x00, 0x00, 0xF8,
    0x00, 0xFC, 0x00, 0x07, 0xC0, 0x00, 0xF4, 0x00, 0x3D, 0x00, 0x02, 0xF0, 0x01, 0xF0, 0x00, 0x03,
    0xD0, 0x0F, 0x40, 0x00, 0x0B, 0xC0, 0x7C, 0x00, 0x00, 0x0F, 0x83, 0xC0, 0x00, 0x00, 0x2F, 0x1E,
    0x00, 0x00, 0x00, 0x3E, 0xF0, 0x00, 0x00, 0x00, 0xBF, 0x80, 0x00, 0x00, 0x00, 0xFC, 0x00, 0x00,
    0x00, 0x02, 0xF0, 0x00, 0x00, 0x00, 0x0B, 0xC0, 0x00, 0x00, 0x00, 0x2F, 0x00, 0x00, 0x00, 0x00,
    0xBC, 0x00, 0x00, 0x00, 0x02, 0xF0, 0x00, 0x00, 0x00, 0x0B, 0xC0, 0x00, 0x00, 0x01, 0xBF, 0xE4,
    0x00, 0x00, 0x0F, 0xFF, 0xE0, 0x00, 0x00, 0x00, 0x00, 0x00, 0x00, 0x00, 0x00, 0x00, 0x00, 0x00,
    0x00, 0x2E, 0x00, 0x00, 0x00, 0x00, 0xFC, 0x00, 0x00, 0x00, 0x03, 0xF0, 0x00, 0x00, 0x00, 0x06,
    0x40, 0x00, 0x00, 0x15, 0x54, 0x05, 0x55, 0x1F, 0xFF, 0x03, 0xFF, 0xC1, 0xFD, 0x00, 0x0F, 0x80,
    0x1F, 0x40, 0x03, 0xC0, 0x03, 0xE0, 0x01, 0xD0, 0x00, 0x7C, 0x00, 0xF0, 0x00, 0x0F, 0x40, 0x38,
    0x00, 0x01, 0xF0, 0x2C, 0x00, 0x00, 0x3D, 0x0F, 0x00, 0x00, 0x0B, 0x87, 0x80, 0x00, 0x00, 0xF2,
    0xC0, 0x00, 0x00, 0x2E, 0xF0, 0x00, 0x00, 0x07, 0xF4, 0x00, 0x00, 0x00, 0xFC, 0x00, 0x00, 0x00,
    0x1E, 0x00, 0x00, 0x00, 0x07, 0x40, 0x00, 0x00, 0x03, 0xC0, 0x00, 0x00, 0x00, 0xE0, 0x00, 0x00,
    0x00, 0xB0, 0xF4, 0x00, 0x00, 0x3C, 0xBF, 0x00, 0x00, 0x2D, 0x1F, 0x80, 0x00, 0x0B, 0x02, 0x80,
    0x00, 0x00, 0x00, 0x00, 0x00, 0x00, 0x00, 0x00, 0x00, 0x00, 0x00, 0x07, 0xF8, 0x00, 0x00, 0x00,
    0x00, 0xF0, 0x00, 0x00, 0x00, 0x0B, 0x40, 0x00, 0x00, 0x00, 0xB4, 0x00, 0x00, 0x00, 0x00, 0x40,
    0x00, 0x06, 0xAA, 0xA0, 0x0A, 0xAA, 0xAF, 0xFF, 0xC0, 0x3F, 0xFF, 0x0B, 0xF0, 0x00, 0x0F, 0x80,
    0x0F, 0xC0, 0x00, 0x7C, 0x00, 0x0F, 0x40, 0x03, 0xD0, 0x00, 0x2F, 0x00, 0x1F, 0x00, 0x00, 0x3D,
    0x00, 0xF4, 0x00, 0x00, 0xBC, 0x07, 0xC0, 0x00, 0x00, 0xF8, 0x3C, 0x00, 0x00, 0x02, 0xF1, 0xE0,
    0x00, 0x00, 0x03, 0xEF, 0x00, 0x00, 0x00, 0x0B, 0xF8, 0x00, 0x00, 0x00, 0x0F, 0xC0, 0x00, 0x00,
    0x00, 0x2F, 0x00, 0x00, 0x00, 0x00, 0xBC, 0x00, 0x00, 0x00, 0x02, 0xF0, 0x00, 0x00, 0x00, 0x0B,
    0xC0, 0x00, 0x00, 0x00, 0x2F, 0x00, 0x00, 0x00, 0x00, 0xBC, 0x00, 0x00, 0x00, 0x1B, 0xFE, 0x40,
    0x00, 0x00, 0xFF, 0xFE, 0x00, 0x00, 0x00, 0x00, 0x00, 0x00, 0x00, 0x01, 0x40, 0x00, 0x00, 0x02,
    0xFD, 0x00, 0x00, 0x00, 0x03, 0xC0, 0x00, 0x00, 0x02, 0xE0, 0x00, 0x00, 0x03, 0xD0, 0x00, 0x00,
    0x00, 0xF0, 0x00, 0x00, 0x00, 0x00, 0x00, 0x00, 0x55, 0x50, 0x15, 0x54, 0x7F, 0xFC, 0x0F, 0xFF,
    0x07, 0xF4, 0x00, 0x3E, 0x00, 0x7D, 0x00, 0x0F, 0x00, 0x0F, 0x80, 0x07, 0x40, 0x01, 0xF0, 0x03,
    0xC0, 0x00, 0x3D, 0x00, 0xE0, 0x00, 0x07, 0xC0, 0xB0, 0x00, 0x00, 0xF4, 0x3C, 0x00, 0x00, 0x2E,
    0x1E, 0x00, 0x00, 0x03, 0xCB, 0x00, 0x00, 0x00, 0xBB, 0xC0, 0x00, 0x00, 0x1F, 0xD0, 0x00, 0x00,
    0x03, 0xF0, 0x00, 0x00, 0x00, 0x78, 0x00, 0x00, 0x00, 0x1D, 0x00, 0x00, 0x00, 0x0F, 0x00, 0x00,
    0x00, 0x03, 0x80, 0x00, 0x00, 0x02, 0xC0, 0x00, 0x00, 0x00, 0xF0, 0x00, 0x00, 0x00, 0xB4, 0x00,
    0x00, 0x00, 0x2C, 0x00, 0x00, 0x00, 0x00, 0x00, 0x00, 0x00, 0x00, 0x00, 0x00, 0x00, 0x00, 0x00,
    0x1E, 0x40, 0xD0, 0x00, 0x01, 0xFF, 0xFF, 0x00, 0x00, 0x0E, 0x07, 0xF4, 0x00, 0x00, 0x10, 0x00,
    0x00, 0x01, 0xAA, 0xA8, 0x02, 0xAA, 0xAB, 0xFF, 0xF0, 0x0F, 0xFF, 0xC2, 0xFC, 0x00, 0x03, 0xE0,
    0x03, 0xF0, 0x00, 0x1F, 0x00, 0x03, 0xD0, 0x00, 0xF4, 0x00, 0x0B, 0xC0, 0x07, 0xC0, 0x00, 0x0F,
    0x40, 0x3D, 0x00, 0x00, 0x2F, 0x01, 0xF0, 0x00, 0x00, 0x3E, 0x0F, 0x00, 0x00, 0x00, 0xBC, 0x78,
    0x00, 0x00, 0x00, 0xFB, 0xC0, 0x00, 0x00, 0x02, 0xFE, 0x00, 0x00, 0x00, 0x03, 0xF0, 0x00, 0x00,
    0x00, 0x0B, 0xC0, 0x00, 0x00, 0x00, 0x2F, 0x00, 0x00, 0x00, 0x00, 0xBC, 0x00, 0x00, 0x00, 0x02,
    0xF0, 0x00, 0x00, 0x00, 0x0B, 0xC0, 0x00, 0x00, 0x00, 0x2F, 0x00, 0x00, 0x00, 0x06, 0xFF, 0x90,
    0x00, 0x00, 0x3F, 0xFF, 0x80, 0x00, 0x00, 0x00, 0x00, 0x00, 0x00, 0x00, 0x00, 0x00, 0x00, 0x00,
    0x0B, 0x40, 0xA0, 0x00, 0x0B, 0xFF, 0xB4, 0x00, 0x07, 0x47, 0xF8, 0x00, 0x00, 0x40, 0x04, 0x00,
    0x00, 0x00, 0x00, 0x00, 0x01, 0x55, 0x40, 0x55, 0x51, 0xFF, 0xF0, 0x3F, 0xFC, 0x1F, 0xD0, 0x00,
    0xF8, 0x01, 0xF4, 0x00, 0x3C, 0x00, 0x3E, 0x00, 0x1D, 0x00, 0x07, 0xC0, 0x0F, 0x00, 0x00, 0xF4,
    0x03, 0x80, 0x00, 0x1F, 0x02, 0xC0, 0x00, 0x03, 0xD0, 0xF0, 0x00, 0x00, 0xB8, 0x78, 0x00, 0x00,
    0x0F, 0x2C, 0x00, 0x00, 0x02, 0xEF, 0x00, 0x00, 0x00, 0x7F, 0x40, 0x00, 0x00, 0x0F, 0xC0, 0x00,
    0x00, 0x01, 0xE0, 0x00, 0x00, 0x00, 0x74, 0x00, 0x00, 0x00, 0x3C, 0x00, 0x00, 0x00, 0x0E, 0x00,
    0x00, 0x00, 0x0B, 0x00, 0x00, 0x00, 0x03, 0xC0, 0x00, 0x00, 0x02, 0xD0, 0x00, 0x00, 0x00, 0xB0,
    0x00, 0x00, 0x00, 0x00, 0x00, 0x00, 0x00, 0x00, 0x3C, 0x3C, 0x3C, 0x3C, 0x3C, 0x3C, 0x3C, 0x3C,
    0x3C, 0x3C, 0x3C, 0x3C, 0x3C, 0x3C, 0x3C, 0x3C, 0x3C, 0x3C, 0x3C, 0x3C, 0x3C, 0x3C, 0x3C, 0x3C,
    0x3C, 0x3C, 0x3C, 0x3C, 0x3C, 0x00, 0x00, 0x00, 0xFF, 0xFE, 0xFF, 0xFE, 0xF8, 0x00, 0xF4, 0x00,
    0xF4, 0x00, 0xF4, 0x00, 0xF4, 0x00, 0xF4, 0x00, 0xF4, 0x00, 0xF4, 0x00, 0xF4, 0x00, 0xF4, 0x00,
    0xF4, 0x00, 0xF4, 0x00, 0xF4, 0x00, 0xF4, 0x00, 0xF4, 0x00, 0xF4, 0x00, 0xF4, 0x00, 0xF4, 0x00,
    0xF4, 0x00, 0xF4, 0x00, 0xF4, 0x00, 0xF4, 0x00, 0xF4, 0x00, 0xF4, 0x00, 0xF4, 0x00, 0xF4, 0x00,
    0xF4, 0x00, 0x00, 0x00, 0x55, 0x54, 0x15, 0x54, 0xBF, 0xF8, 0x7F, 0xFC, 0x6A, 0xA4, 0x2A, 0xA8,
    0x00, 0x00, 0x00, 0x02, 0xFF, 0xFF, 0xFF, 0xFB, 0xFF, 0xFF, 0xFF, 0x80, 0x55, 0x55, 0x55, 0x57,
    0xFF, 0xFF, 0xFF, 0xF5, 0x55, 0x55, 0x55, 0x40, 0x55, 0x55, 0x55, 0x55, 0x55, 0x55, 0x55, 0x4F,
    0xFF, 0xFF, 0xFF, 0xFF, 0xFF, 0xFF, 0xFD, 0x55, 0x55, 0x55, 0x55, 0x55, 0x55, 0x55, 0x40, 0x55,
    0x55, 0x55, 0x55, 0x55, 0x55, 0x55, 0x5B, 0xFF, 0xFF, 0xFF, 0xFF, 0xFF, 0xFF, 0xFE, 0x6A, 0xAA,
    0xAA, 0xAA, 0xAA, 0xAA, 0xAA, 0x90, 0x00, 0x01, 0xD0, 0xE0, 0xB0, 0x3C, 0x0F, 0x83, 0xF8, 0xFF,
    0x3F, 0x82, 0x40, 0x05, 0x0F, 0xD7, 0xF8, 0xFE, 0x1F, 0x81, 0xD0, 0xB0, 0x38, 0x2C, 0x00, 0x00,
    0x05, 0x0F, 0xD7, 0xF8, 0xFE, 0x1F, 0x81, 0xD0, 0xB0, 0x38, 0x2C, 0x00, 0x00, 0x00, 0x00, 0x00,
    0x70, 0x0D, 0x0E, 0x03, 0xC2, 0xC0, 0x74, 0x3C, 0x0F, 0x03, 0xE0, 0xF8, 0x3F, 0x8F, 0xF3, 0xFC,
    0xFF, 0x3F, 0x8B, 0xE0, 0x90, 0x28, 0x05, 0x01, 0x43, 0xF4, 0xFD, 0x7F, 0x8F, 0xF3, 0xF8, 0xFF,
    0x1F, 0x87, 0xF0, 0x74, 0x1E, 0x0B, 0x01, 0xD0, 0xE0, 0x3C, 0x3C, 0x0B, 0x00, 0x00, 0x00, 0x05,
    0x01, 0x43, 0xF4, 0xFD, 0x7F, 0x8F, 0xF3, 0xF8, 0xFF, 0x1F, 0x87, 0xF0, 0x74, 0x1E, 0x0B, 0x01,
    0xD0, 0xE0, 0x3C, 0x3C, 0x0B, 0x00, 0x00, 0x00, 0x00, 0x00, 0x00, 0x00, 0x7C, 0x00, 0x00, 0x3C,
    0x00, 0x00, 0x3C, 0x00, 0x00, 0x3C, 0x00, 0x00, 0x3C, 0x00, 0x00, 0x38, 0x00, 0x00, 0x38, 0x00,
    0x00, 0x38, 0x00, 0x00, 0x38, 0x00, 0x14, 0x7C, 0x04, 0xBF, 0xFF, 0xFC, 0x6A, 0xBE, 0xA8, 0x00,
    0x38, 0x00, 0x00, 0x38, 0x00, 0x00, 0x38, 0x00, 0x00, 0x38, 0x00, 0x00, 0x38, 0x00, 0x00, 0x78,
    0x00, 0x00, 0x78, 0x00, 0x00, 0x7C, 0x00, 0x00, 0x7C, 0x00, 0x00, 0x7C, 0x00, 0x00, 0x00, 0x00,
    0x00, 0x3C, 0x00, 0x00, 0x3C, 0x00, 0x00, 0x3C, 0x00, 0x00, 0x3C, 0x00, 0x00, 0x3C, 0x00, 0x00,
    0x3C, 0x00, 0x00, 0x3C, 0x00, 0x3F, 0xFF, 0xFD, 0x3F, 0xFF, 0xFD, 0x00, 0x3C, 0x00, 0x00, 0x3C,
    0x00, 0x00, 0x3C, 0x00, 0x25, 0x7D, 0x54, 0x3F, 0xFF, 0xFD, 0x15, 0x7D, 0x54, 0x00, 0x3C, 0x00,
    0x00, 0x3C, 0x00, 0x00, 0x3C, 0x00, 0x00, 0x3C, 0x00, 0x00, 0x3C, 0x00, 0x00, 0x3C, 0x00, 0x00,
    0x3C, 0x00, 0x0F, 0x83, 0xFD, 0x3F, 0xE3, 0xFD, 0x1F, 0x80, 0x00, 0x28, 0xFE, 0xFE, 0xBD, 0x00,
    0x24, 0x06, 0x4F, 0xD0, 0xFC, 0xFD, 0x0F, 0xDB, 0xC0, 0xFC, 0x00, 0x00, 0x00, 0x24, 0x01, 0x90,
    0x06, 0x3F, 0x40, 0xFC, 0x07, 0xFF, 0xD0, 0x3F, 0x02, 0xFE, 0xF0, 0x0F, 0xC0, 0x3E, 0x00, 0x00,
    0x00, 0x00, 0x00, 0x00, 0x00, 0x00, 0x00, 0x00, 0x00, 0x00, 0x00, 0x00, 0x00, 0x05, 0x40, 0x00,
    0x00, 0x0D, 0x00, 0x00, 0x00, 0x00, 0x00, 0xFF, 0xD0, 0x00, 0x00, 0x78, 0x00, 0x00, 0x00, 0x00,
    0x0F, 0x83, 0xD0, 0x00, 0x03, 0xC0, 0x00, 0x00, 0x00, 0x00, 0x3C, 0x07, 0xC0, 0x00, 0x2D, 0x00,
    0x00, 0x00, 0x00, 0x02, 0xF0, 0x1F, 0x00, 0x00, 0xE0, 0x00, 0x00, 0x00, 0x00, 0x0B, 0x80, 0x3C,
    0x00, 0x0F, 0x00, 0x00, 0x00, 0x00, 0x00, 0x2E, 0x00, 0xF4, 0x00, 0x78, 0x00, 0x00, 0x00, 0x00,
    0x00, 0xB8, 0x03, 0xC0, 0x03, 0xC0, 0x00, 0x00, 0x00, 0x00, 0x02, 0xF0, 0x1F, 0x00, 0x2D, 0x00,
    0x00, 0x00, 0x00, 0x00, 0x03, 0xC0, 0xBC, 0x00, 0xF0, 0x06, 0xA0, 0x00, 0x0A, 0x90, 0x0F, 0x83,
    0xD0, 0x0B, 0x00, 0xBE, 0xF0, 0x00, 0xFB, 0xE0, 0x0F, 0xFD, 0x00, 0x78, 0x07, 0xC1, 0xF0, 0x0F,
    0x43, 0xD0, 0x05, 0x40, 0x03, 0xC0, 0x3D, 0x03, 0xD0, 0x7C, 0x07, 0xC0, 0x00, 0x00, 0x1D, 0x00,
    0xF0, 0x0F, 0x82, 0xF0, 0x0F, 0x00, 0x00, 0x00, 0xF0, 0x03, 0xC0, 0x2E, 0x0B, 0x80, 0x3C, 0x00,
    0x00, 0x0B, 0x40, 0x0F, 0x00, 0xB8, 0x2E, 0x00, 0xF4, 0x00, 0x00, 0x78, 0x00, 0x3C, 0x02, 0xE0,
    0xB8, 0x03, 0xC0, 0x00, 0x03, 0xC0, 0x00, 0xF4, 0x0F, 0x41, 0xF0, 0x1F, 0x00, 0x00, 0x1E, 0x00,
    0x02, 0xE0, 0x3C, 0x03, 0xC0, 0xB8, 0x00, 0x00, 0xF0, 0x00, 0x03, 0xD2, 0xE0, 0x0B, 0x87, 0xC0,
    0x00, 0x0B, 0x40, 0x00, 0x03, 0xFE, 0x00, 0x0B, 0xFC, 0x00, 0x00, 0x3C, 0x00, 0x00, 0x00, 0x00,
    0x00, 0x00, 0x00, 0x00, 0x00, 0x00, 0x00, 0x00, 0x00, 0x00, 0x00, 0x00, 0x00, 0x00, 0x1D, 0x2E,
    0x2D, 0x2C, 0x3C, 0x3C, 0x38, 0x38, 0x24, 0x00, 0x00, 0x07, 0x43, 0x82, 0xE0, 0xF0, 0xB4, 0x78,
    0x2C, 0x1E, 0x0F, 0x07, 0x43, 0xC2, 0xC0, 0xE0, 0xB0, 0x38, 0x2C, 0x09, 0x05, 0x00, 0x00, 0x10,
    0x00, 0xE0, 0x0F, 0x00, 0xB4, 0x07, 0xC0, 0x7D, 0x03, 0xF0, 0x07, 0xC0, 0x0B, 0x80, 0x0F, 0x00,
    0x0F, 0x00, 0x1D, 0x00, 0x24, 0x10, 0x01, 0xD0, 0x03, 0xC0, 0x07, 0xC0, 0x0F, 0x80, 0x0F, 0x40,
    0x2F, 0x00, 0xF8, 0x0B, 0xC0, 0x3C, 0x02, 0xD0, 0x1E, 0x00, 0x60, 0x00, 0x00, 0x00, 0x00, 0x00,
    0x00, 0x00, 0x01, 0x80, 0x00, 0x00, 0x0F, 0x00, 0x00, 0x00, 0xB4, 0x00, 0x00, 0x03, 0xC0, 0x00,
    0x00, 0x2C, 0x00, 0x00, 0x01, 0xE0, 0x00, 0x00, 0x0F, 0x00, 0x00, 0x00, 0x74, 0x00, 0x00, 0x03,
    0xC0, 0x00, 0x00, 0x2D, 0x00, 0x00, 0x00, 0xE0, 0x00, 0x00, 0x0F, 0x00, 0x00, 0x00, 0x78, 0x00,
    0x00, 0x03, 0xC0, 0x00, 0x00, 0x2D, 0x00, 0x00, 0x00, 0xF0, 0x00, 0x00, 0x0F, 0x00, 0x00, 0x00,
    0x78, 0x00, 0x00, 0x03, 0xC0, 0x00, 0x00, 0x2D, 0x00, 0x00, 0x00, 0xF0, 0x00, 0x00, 0x07, 0x00,
    0x00, 0x00, 0x00, 0x00, 0x00, 0x00, 0x00, 0x03, 0x0C, 0x00, 0x00, 0x1C, 0x30, 0x00, 0x00, 0x70,
    0xC0, 0x00, 0x01, 0xC3, 0x00, 0x00, 0x0B, 0xBD, 0x00, 0x02, 0xFF, 0xFF, 0xC0, 0x3F, 0x40, 0x1F,
    0x03, 0xF0, 0x00, 0x2C, 0x1F, 0x40, 0x00, 0xB0, 0xFC, 0x00, 0x00, 0x03, 0xE0, 0x00, 0x00, 0x1F,
    0x40, 0x00, 0x00, 0xBC, 0x00, 0x00, 0x02, 0xF0, 0x00, 0x00, 0x0B, 0xC0, 0x00, 0x00, 0x2F, 0x00,
    0x00, 0x00, 0x7D, 0x00, 0x00, 0x00, 0xF8, 0x00, 0x00, 0x03, 0xF0, 0x00, 0x01, 0x07, 0xE0, 0x00,
    0x1D, 0x0B, 0xD0, 0x00, 0xB4, 0x0B, 0xE4, 0x1B, 0xD0, 0x07, 0xFF, 0xFE, 0x00, 0x03, 0x5D, 0x00,
    0x00, 0x0C, 0x30, 0x00, 0x00, 0x30, 0xC0, 0x00, 0x01, 0xC3, 0x00, 0x00, 0x01, 0x04, 0x00, 0x00,
    0x00, 0x00, 0x00, 0x1F, 0xFF, 0xFF, 0xFC, 0x06, 0xFD, 0x55, 0xBC, 0x00, 0xF8, 0x00, 0x3C, 0x00,
    0xF4, 0x00, 0x2C, 0x00, 0xF4, 0x00, 0x00, 0x00, 0xF4, 0x00, 0x00, 0x00, 0xF4, 0x00, 0x40, 0x00,
    0xF4, 0x01, 0xC0, 0x00, 0xF9, 0x5B, 0xC0, 0x00, 0xFF, 0xFF, 0xC0, 0x00, 0xF8, 0x02, 0xC0, 0x00,
    0xF4, 0x01, 0xC0, 0x00, 0xF4, 0x00, 0x00, 0x5A, 0xFF, 0xF0, 0x00, 0xAA, 0xF9, 0x50, 0x00, 0x00,
    0xF8, 0x00, 0x00, 0x00, 0xF8, 0x00, 0x00, 0x06, 0xFE, 0x80, 0x00, 0x1F, 0xFF, 0xD0, 0x00, 0x00,
    0x00, 0x00, 0x00, 0x00, 0x00, 0x54, 0x00, 0x00, 0x0F, 0xFF, 0xE4, 0x00, 0x7E, 0x45, 0xF8, 0x00,
    0xF8, 0x00, 0x78, 0x01, 0xF0, 0x00, 0x78, 0x01, 0xF0, 0x00, 0x34, 0x01, 0xF0, 0x00, 0x00, 0x01,
    0xF0, 0x00, 0x00, 0x01, 0xF5, 0x55, 0x00, 0xBF, 0xFF, 0xFA, 0x40, 0x01, 0xF0, 0x00, 0x00, 0x01,
    0xF4, 0x55, 0x00, 0x7F, 0xFF, 0xFF, 0x40, 0x02, 0xF0, 0x00, 0x00, 0x01, 0xF0, 0x00, 0x00, 0x01,
    0xF0, 0x00, 0x1C, 0x01, 0xF0, 0x00, 0x2C, 0x02, 0xF0, 0x00, 0x3C, 0x1B, 0xFA, 0xAA, 0xFC, 0x3F,
    0xFF, 0xFF, 0xF8, 0x00, 0x00, 0x00, 0x00, 0x00, 0x00, 0x00, 0x00, 0x00, 0x00, 0x7F, 0xE0, 0x00,
    0x2F, 0xFF, 0x00, 0x6F, 0xD0, 0x00, 0x1B, 0xE4, 0x00, 0x3F, 0xC0, 0x00, 0x0F, 0x00, 0x00, 0xFF,
    0x80, 0x00, 0x3C, 0x00, 0x03, 0xEF, 0x40, 0x00, 0xE0, 0x00, 0x0F, 0x3F, 0x00, 0x03, 0x80, 0x00,
    0x3C, 0x3F, 0x00, 0x0E, 0x00, 0x00, 0xF0, 0x7E, 0x00, 0x38, 0x00, 0x03, 0xC0, 0xBD, 0x00, 0xE0,
    0x00, 0x0F, 0x00, 0xFC, 0x03, 0xFF, 0x7F, 0xFC, 0x01, 0xFC, 0x0F, 0x00, 0x00, 0xF0, 0x02, 0xF8,
    0x38, 0x00, 0x03, 0xC0, 0x03, 0xF4, 0xE0, 0x00, 0x0F, 0x00, 0x03, 0xF7, 0x80, 0x00, 0x3C, 0x00,
    0x07, 0xFE, 0x00, 0x00, 0xF0, 0x00, 0x0B, 0xF8, 0x00, 0x03, 0xC0, 0x00, 0x0F, 0xE0, 0x00, 0x6F,
    0xA0, 0x00, 0x0F, 0x80, 0x03, 0xFF, 0xD0, 0x00, 0x1E, 0x00, 0x00, 0x00, 0x00, 0x00, 0x00, 0x00,
    0x00, 0x00, 0x00, 0x00, 0x00, 0xBF, 0xFF, 0xFE, 0x00, 0x00, 0x7F, 0x41, 0xBF, 0x00, 0x00, 0x7D,
    0x00, 0x3F, 0x00, 0x01, 0xF0, 0x00, 0x7D, 0x00, 0x07, 0xC0, 0x00, 0xF4, 0x01, 0x6F, 0x00, 0x03,
    0xFF, 0x6F, 0xFC, 0x00, 0x0F, 0x80, 0x01, 0xF0, 0x00, 0x7C, 0x00, 0x07, 0xC0, 0x07, 0xE0, 0x00,
    0x1F, 0x55, 0xBE, 0x00, 0x00, 0x7F, 0xFF, 0x90, 0x00, 0x01, 0xF0, 0x00, 0x00, 0x00, 0x07, 0xC0,
    0x00, 0x00, 0x00, 0x1F, 0x00, 0x00, 0x00, 0x00, 0x7C, 0x00, 0x00, 0x00, 0x01, 0xF0, 0x00, 0x00,
    0x00, 0x07, 0xC0, 0x00, 0x00, 0x00, 0x7F, 0xE8, 0x00, 0x00, 0x0B, 0xFF, 0xF0, 0x00, 0x00, 0x00,
    0x00, 0x00, 0x00, 0x00, 0x00, 0x01, 0x40, 0x00, 0x00, 0x00, 0x0B, 0xFF, 0xFF, 0xE0, 0x00, 0x00,
    0x00, 0x1F, 0xE0, 0x1F, 0xD0, 0x00, 0x00, 0x00, 0x3D, 0x00, 0x3F, 0x00, 0x00, 0x00, 0x03, 0xD0,
    0x01, 0xF4, 0x00, 0x00, 0x00, 0x3D, 0x00, 0x0F, 0x40, 0x6A, 0x90, 0x03, 0xD0, 0x00, 0xF4, 0x2F,
    0xFF, 0x80, 0x3D, 0x00, 0x1F, 0x0B, 0x80, 0x78, 0x03, 0xD0, 0x03, 0xE0, 0xF4, 0x03, 0x80, 0x3E,
    0x06, 0xF8, 0x0F, 0x40, 0x38, 0x03, 0xFF, 0xFD, 0x00, 0xBD, 0x00, 0x00, 0x3D, 0x1F, 0x80, 0x03,
    0xFD, 0x00, 0x03, 0xD0, 0xBD, 0x00, 0x0F, 0xFD, 0x00, 0x3D, 0x03, 0xF0, 0x00, 0x1F, 0xF4, 0x03,
    0xD0, 0x1F, 0x80, 0x00, 0x1F, 0xC0, 0x3D, 0x00, 0xFD, 0x00, 0x00, 0x3D, 0x03, 0xD0, 0x03, 0xF0,
    0x00, 0x03, 0xE0, 0x7D, 0x00, 0x1F, 0xC0, 0x00, 0x3D, 0x2F, 0xFA, 0x00, 0x7F, 0x90, 0x1F, 0xCB,
    0xFF, 0xF0, 0x00, 0x7F, 0xFF, 0xE0, 0x00, 0x00, 0x00, 0x00, 0x05, 0x40, 0x00, 0x00, 0x00, 0x00,
    0x00, 0x00, 0x00, 0x00, 0x2F, 0xFF, 0x80, 0x02, 0x00, 0x03, 0xFF, 0xD6, 0xFF, 0x90, 0x01, 0xE0,
    0x00, 0x6F, 0xD0, 0x1F, 0x80, 0x00, 0xFC, 0x00, 0x03, 0xC0, 0x03, 0xF0, 0x00, 0x3F, 0x40, 0x01,
    0xE0, 0x00, 0xBC, 0x00, 0x1F, 0xE0, 0x00, 0xF0, 0x00, 0x0F, 0x40, 0x0B, 0xFC, 0x00, 0x3C, 0x00,
    0x03, 0xF0, 0x03, 0xDF, 0x40, 0x1E, 0x00, 0x00, 0xBC, 0x01, 0xE3, 0xE0, 0x0B, 0x00, 0x00, 0x0F,
    0x40, 0xB4, 0xBC, 0x03, 0xC0, 0x00, 0x03, 0xE0, 0x3C, 0x1F, 0x01, 0xFF, 0xF5, 0xBF, 0xFC, 0x0E,
    0x03, 0xE0, 0xB9, 0x54, 0x55, 0x5F, 0x4B, 0x40, 0xBC, 0x3C, 0x00, 0x00, 0x03, 0xE3, 0xC0, 0x0F,
    0x0E, 0x00, 0x00, 0x00, 0x7C, 0xE0, 0x03, 0xE7, 0x40, 0x00, 0x00, 0x0F, 0xB4, 0x00, 0xBF, 0xC0,
    0x00, 0x00, 0x03, 0xFC, 0x00, 0x0F, 0xF0, 0x00, 0x00, 0x00, 0x7F, 0x00, 0x03, 0xF4, 0x00, 0x00,
    0x00, 0x0F, 0x40, 0x00, 0xBC, 0x00, 0x00, 0x00, 0x03, 0xC0, 0x00, 0x0F, 0x00, 0x00, 0x00, 0x00,
    0x00, 0x00, 0x00, 0x0F, 0xFC, 0x00, 0x00, 0x1B, 0xF4, 0x00, 0x00, 0x07, 0xC0, 0x00, 0x0A, 0xAF,
    0xA4, 0x00, 0x2A, 0xBE, 0xA0, 0x00, 0x00, 0xF0, 0x00, 0x05, 0x43, 0xC0, 0x02, 0xFF, 0xFF, 0x00,
    0x3F, 0x96, 0xFC, 0x02, 0xF4, 0x00, 0xF0, 0x0F, 0x80, 0x03, 0xC0, 0x7D, 0x00, 0x0F, 0x01, 0xF0,
    0x00, 0x3C, 0x07, 0xC0, 0x00, 0xF0, 0x1F, 0x40, 0x03, 0xC0, 0x3D, 0x00, 0x1F, 0x00, 0xFC, 0x00,
    0xFC, 0x01, 0xF8, 0x0B, 0xF4, 0x02, 0xFF, 0xF6, 0xFC, 0x01, 0xBE, 0x06, 0xA0, 0x00, 0x00, 0x00,
    0x00, 0x15, 0x56, 0xAA, 0x0F, 0xFF, 0xAA, 0xA4, 0x00, 0x00, 0x16, 0x50, 0x00, 0x00, 0x2F, 0xFF,
    0xFC, 0x00, 0x1F, 0xD0, 0x1B, 0xD0, 0x03, 0xF0, 0x00, 0x2C, 0x00, 0xFC, 0x00, 0x02, 0xC0, 0x1F,
    0x80, 0x00, 0x04, 0x02, 0xF0, 0x00, 0x00, 0x00, 0x3F, 0x00, 0x00, 0x00, 0x17, 0xFA, 0xAA, 0xF0,
    0x0B, 0xFF, 0xA9, 0x55, 0x00, 0x03, 0xE0, 0x00, 0x00, 0x00, 0x7F, 0x5A, 0xAA, 0x00, 0xBF, 0xFA,
    0xAA, 0x50, 0x00, 0x3F, 0x00, 0x00, 0x00, 0x02, 0xF0, 0x00, 0x00, 0x00, 0x1F, 0x80, 0x00, 0x09,
    0x00, 0xFC, 0x00, 0x00, 0xE0, 0x03, 0xF0, 0x00, 0x1E, 0x00, 0x0F, 0xE4, 0x5B, 0xE0, 0x00, 0x2F,
    0xFF, 0xF9, 0x00, 0x00, 0x05, 0x50, 0x00, 0x00, 0x00, 0x00, 0x00, 0x00, 0x3F, 0xFF, 0x43, 0xFF,
    0xE0, 0x17, 0xF9, 0x01, 0xFE, 0x50, 0x02, 0xF0, 0x00, 0xF8, 0x00, 0x01, 0xF0, 0x02, 0xD0, 0x00,
    0x01, 0xF0, 0x0B, 0x40, 0x00, 0x01, 0xF0, 0x1E, 0x00, 0x00, 0x01, 0xF0, 0x7C, 0x00, 0x00, 0x01,
    0xF0, 0xF0, 0x00, 0x00, 0x01, 0xF3, 0xE5, 0x54, 0x00, 0xBF, 0xFF, 0xFF, 0xE8, 0x00, 0x12, 0xF2,
    0xF4, 0x00, 0x00, 0x01, 0xF0, 0xFD, 0x00, 0x00, 0x01, 0xF0, 0x3F, 0x00, 0x00, 0x01, 0xF0, 0x0F,
    0xC0, 0x00, 0x01, 0xF0, 0x03, 0xF0, 0x00, 0x01, 0xF0, 0x01, 0xFC, 0x00, 0x02, 0xF0, 0x00, 0xBF,
    0x00, 0x1B, 0xFA, 0x40, 0xBF, 0xE8, 0x3F, 0xFF, 0x82, 0xFF, 0xFC, 0x00, 0x00, 0x00, 0x00, 0x00,
    0x00, 0x00, 0x00, 0x00, 0x00, 0x7F, 0xFF, 0xFE, 0x40, 0x00, 0x6F, 0x80, 0x7F, 0x40, 0x00, 0x3E,
    0x00, 0x2F, 0x00, 0x01, 0xF4, 0x00, 0x3F, 0xF9, 0xFF, 0xD0, 0x00, 0xFD, 0x40, 0x0F, 0x40, 0x02,
    0xF0, 0x00, 0x3D, 0x00, 0x0F, 0xEE, 0x7F, 0xF4, 0x00, 0x3E, 0x50, 0x03, 0xD0, 0x03, 0xF0, 0x00,
    0x0F, 0x95, 0xBF, 0x00, 0x00, 0x3F, 0xFF, 0xD0, 0x00, 0x00, 0xF4, 0x00, 0x00, 0x00, 0x03, 0xD0,
    0x00, 0x00, 0x00, 0x0F, 0x40, 0x00, 0x00, 0x00, 0x3D, 0x00, 0x00, 0x00, 0x00, 0xF4, 0x00, 0x00,
    0x00, 0x03, 0xE0, 0x00, 0x00, 0x00, 0x6F, 0xE8, 0x00, 0x00, 0x07, 0xFF, 0xF4, 0x00, 0x00, 0x00,
    0x00, 0x00, 0x00, 0x00, 0x00, 0x00, 0x30, 0x00, 0x00, 0x00, 0x30, 0x00, 0x00, 0x00, 0x30, 0x00,
    0x00, 0x00, 0x30, 0x00, 0x00, 0x06, 0xBA, 0x40, 0x00, 0xBF, 0xFF, 0xFC, 0x03, 0xF4, 0x00, 0x7C,
    0x0F, 0xC0, 0x00, 0x3C, 0x1F, 0x40, 0x00, 0x38, 0x3F, 0x00, 0x00, 0x00, 0x3D, 0x00, 0x00, 0x00,
    0x7D, 0x00, 0x00, 0x00, 0xBC, 0x00, 0x00, 0x00, 0xBC, 0x00, 0x00, 0x00, 0xBC, 0x00, 0x0A, 0xA8,
    0xBC, 0x00, 0x0F, 0xFD, 0x7D, 0x00, 0x00, 0x3D, 0x3E, 0x00, 0x00, 0x3C, 0x2F, 0x00, 0x00, 0x3C,
    0x0F, 0x80, 0x00, 0x3C, 0x0B, 0xD0, 0x00, 0x3C, 0x02, 0xF9, 0x05, 0xBC, 0x00, 0x6F, 0xFF, 0xF8,
    0x00, 0x01, 0xE4, 0x00, 0x00, 0x00, 0xD0, 0x00, 0x00, 0x00, 0xD0, 0x00, 0x00, 0x00, 0xC0, 0x00,
    0x00, 0x00, 0x40, 0x00, 0x00, 0x00, 0x90, 0x00, 0x00, 0x02, 0x40, 0x00, 0x00, 0x0D, 0x00, 0x00,
    0x00, 0x34, 0x00, 0x00, 0x06, 0xF9, 0x00, 0x02, 0xFF, 0xFF, 0xC0, 0x3F, 0x40, 0x1F, 0x03, 0xF0,
    0x00, 0x2C, 0x1F, 0x40, 0x00, 0xB0, 0xFC, 0x00, 0x00, 0x03, 0xE0, 0x00, 0x00, 0x1F, 0x40, 0x00,
    0x00, 0xBC, 0x00, 0x00, 0x02, 0xF0, 0x00, 0x00, 0x0B, 0xC0, 0x00, 0x00, 0x2F, 0x00, 0x00, 0x00,
    0x7D, 0x00, 0x00, 0x00, 0xF8, 0x00, 0x00, 0x03, 0xF0, 0x00, 0x01, 0x07, 0xE0, 0x00, 0x1D, 0x0B,
    0xD0, 0x00, 0xB4, 0x0B, 0xE4, 0x1B, 0xD0, 0x07, 0xFF, 0xFE, 0x00, 0x00, 0xB5, 0x00, 0x00, 0x01,
    0xC0, 0x00, 0x00, 0x07, 0x00, 0x00, 0x00, 0x1C, 0x00, 0x00, 0x00, 0x10, 0x00, 0x05, 0x55, 0x56,
    0xA1, 0xFF, 0xFF, 0xEA, 0x41, 0x01, 0xBF, 0x00, 0x00, 0x00, 0x3F, 0x00, 0x00, 0x00, 0x7D, 0x00,
    0x5A, 0xAB, 0xFF, 0xD2, 0xAA, 0x57, 0xE0, 0x00, 0x00, 0x0F, 0x40, 0x00, 0x00, 0xBC, 0x00, 0x00,
    0x07, 0xD0, 0x02, 0xAA, 0xFD, 0x00, 0x1F, 0xFF, 0x80, 0x00, 0x00, 0x2F, 0x00, 0x00, 0x00, 0x3E,
    0x00, 0x00, 0x00, 0xBC, 0x00, 0x00, 0x00, 0xFC, 0x00, 0x00, 0x02, 0xF4, 0x00, 0x00, 0x03, 0xF0,
    0x00, 0x00, 0x0B, 0xF9, 0x00, 0x00, 0x0F, 0xF8, 0x02, 0xA0, 0x00, 0x00, 0x0F, 0xC0, 0x00, 0x00,
    0x3F, 0x00, 0x00, 0x00, 0xBC, 0x00, 0x00, 0x02, 0xF0, 0x00, 0x00, 0x0B, 0xC0, 0x00, 0x00, 0x2F,
    0x00, 0x00, 0x00, 0xBC, 0x00, 0x00, 0x07, 0xF5, 0xAA, 0x03, 0xFF, 0xEA, 0xA4, 0x00, 0x2F, 0x00,
    0x00, 0x00, 0xBD, 0x56, 0x80, 0xBF, 0xFF, 0xAA, 0x00, 0x0B, 0xC0, 0x00, 0x00, 0x2F, 0x00, 0x00,
    0x00, 0xBC, 0x00, 0x00, 0x02, 0xF0, 0x00, 0x60, 0x0B, 0xC0, 0x02, 0xD0, 0x1F, 0x00, 0x0B, 0x40,
    0x2F, 0x40, 0x7D, 0x00, 0x2F, 0xFF, 0xF4, 0x00, 0x05, 0x50, 0x00, 0x00, 0x00, 0x80, 0x00, 0x00,
    0x03, 0x00, 0x00, 0x00, 0x1C, 0x00, 0x00, 0x00, 0x70, 0x00, 0x00, 0x2B, 0xE8, 0x00, 0x07, 0xFF,
    0xFE, 0x00, 0x7E, 0x1C, 0x7D, 0x03, 0xE0, 0x60, 0xBC, 0x1F, 0x02, 0x80, 0xF4, 0xBC, 0x0A, 0x03,
    0xE2, 0xF0, 0x28, 0x0B, 0xCF, 0x80, 0xA0, 0x2F, 0x3E, 0x02, 0x80, 0xBC, 0xF8, 0x0A, 0x02, 0xF3,
    0xE0, 0x34, 0x0B, 0xCF, 0x80, 0xD0, 0x2F, 0x3E, 0x03, 0x40, 0xBC, 0xF8, 0x0D, 0x02, 0xF3, 0xE0,
    0x34, 0x0B, 0xCF, 0xC0, 0xD0, 0x2F, 0x3F, 0x03, 0x00, 0xFC, 0xFC, 0x00, 0x03, 0xF0, 0x00, 0x00,
    0x00, 0x00, 0x1F, 0xFF, 0xFF, 0x90, 0x06, 0xF8, 0x07, 0xF4, 0x00, 0xF8, 0x00, 0xBC, 0x00, 0xF4,
    0x00, 0x3E, 0x00, 0xF4, 0x00, 0x3F, 0x00, 0xF4, 0x00, 0x2F, 0x00, 0xF4, 0x00, 0x3F, 0x00, 0xF4,
    0x00, 0x3D, 0x00, 0xF4, 0x00, 0xFC, 0x00, 0xF9, 0x1B, 0xF0, 0x00, 0xFF, 0xFF, 0x40, 0x00, 0xF8,
    0x00, 0x00, 0x00, 0xF4, 0x00, 0x00, 0x5A, 0xFF, 0xF0, 0x00, 0xAA, 0xF9, 0x50, 0x00, 0x00, 0xF4,
    0x00, 0x00, 0x00, 0xF8, 0x00, 0x00, 0x06, 0xFE, 0x80, 0x00, 0x1F, 0xFF, 0xD0, 0x00, 0x00, 0x00,
    0x00, 0x00,
};

static const EpdGlyph system_font_14_regularGlyphs[] = {
    { 0, 0, 18, 0, 0, 0, 0 }, // 
    { 0, 0, 7, 0, 0, 0, 0 }, //  
    { 4, 24, 9, 3, 23, 24, 0 }, // !
    { 7, 8, 13, 3, 21, 14, 24 }, // "
    { 16, 18, 19, 2, 17, 72, 38 }, // #
    { 13, 28, 17, 2, 23, 91, 110 }, // $
    { 27, 24, 29, 1, 22, 162, 201 }, // %
    { 20, 21, 24, 2, 20, 105, 363 }, // &
    { 3, 8, 9, 3, 21, 6, 468 }, // '
    { 7, 28, 12, 3, 24, 49, 474 }, // (
    { 8, 28, 12, 2, 24, 56, 523 }, // )
    { 11, 11, 15, 2, 23, 31, 579 }, // *
    { 16, 15, 20, 2, 15, 60, 610 }, // +
    { 5, 9, 9, 2, 4, 12, 670 }, // ,
    { 7, 3, 11, 2, 9, 6, 682 }, // -
    { 4, 5, 10, 3, 4, 5, 688 }, // .
    { 12, 25, 12, 0, 23, 75, 693 }, // /
    { 15, 21, 19, 2, 20, 79, 768 }, // 0
    { 12, 21, 14, 1, 20, 63, 847 }, // 1
    { 13, 21, 17, 2, 20, 69, 910 }, // 2
    { 13, 24, 15, 1, 20, 78, 979 }, // 3
    { 15, 23, 18, 1, 22, 87, 1057 }, // 4
    { 12, 24, 16, 2, 20, 72, 1144 }, // 5
    { 14, 23, 18, 2, 22, 81, 1216 }, // 6
    { 13, 24, 16, 2, 20, 78, 1297 }, // 7
    { 14, 21, 17, 2, 20, 74, 1375 }, // 8
    { 14, 24, 18, 2, 20, 84, 1449 }, // 9
    { 4, 15, 8, 2, 14, 15, 1533 }, // :
    { 5, 19, 9, 2, 14, 24, 1548 }, // ;
    { 11, 16, 16, 2, 15, 44, 1572 }, // <
    { 15, 8, 21, 3, 11, 30, 1616 }, // =
    { 12, 16, 16, 2, 15, 48, 1646 }, // >
    { 11, 24, 14, 2, 23, 66, 1694 }, // ?
    { 25, 27, 30, 3, 20, 169, 1760 }, // @
    { 20, 22, 22, 1, 21, 110, 1929 }, // A
    { 16, 22, 18, 1, 21, 88, 2039 }, // B
    { 16, 22, 20, 2, 21, 88, 2127 }, // C
    { 20, 22, 22, 1, 21, 110, 2215 }, // D
    { 16, 22, 18, 1, 21, 88, 2325 }, // E
    { 15, 22, 17, 1, 21, 83, 2413 }, // F
    { 17, 22, 21, 2, 21, 94, 2496 }, // G
    { 21, 22, 24, 1, 21, 116, 2590 }, // H
    { 9, 22, 11, 1, 21, 50, 2706 }, // I
    { 8, 27, 10, 1, 21, 54, 2756 }, // J
    { 20, 22, 22, 1, 21, 110, 2810 }, // K
    { 15, 22, 17, 1, 21, 83, 2920 }, // L
    { 27, 22, 29, 1, 21, 149, 3003 }, // M
    { 22, 22, 23, 1, 21, 121, 3152 }, // N
    { 20, 22, 23, 2, 21, 110, 3273 }, // O
    { 16, 22, 18, 1, 21, 88, 3383 }, // P
    { 20, 28, 23, 2, 21, 140, 3471 }, // Q
    { 18, 22, 20, 1, 21, 99, 3611 }, // R
    { 14, 22, 17, 2, 21, 77, 3710 }, // S
    { 18, 22, 20, 1, 21, 99, 3787 }, // T
    { 21, 22, 23, 1, 21, 116, 3886 }, // U
    { 21, 21, 23, 1, 21, 111, 4002 }, // V
    { 30, 21, 32, 1, 21, 158, 4113 }, // W
    { 21, 22, 23, 1, 21, 116, 4271 }, // X
    { 19, 22, 21, 1, 21, 105, 4387 }, // Y
    { 16, 22, 18, 1, 21, 88, 4492 }, // Z
    { 6, 29, 12, 4, 25, 44, 4580 }, // [
    { 12, 25, 12, 0, 23, 75, 4624 }, // <backslash>
    { 7, 29, 12, 2, 25, 51, 4699 }, // ]
    { 17, 18, 21, 2, 21, 77, 4750 }, // ^
    { 15, 3, 19, 2, -4, 12, 4827 }, // _
    { 8, 7, 8, 0, 22, 14, 4839 }, // `
    { 14, 16, 15, 1, 15, 56, 4853 }, // a
    { 16, 24, 16, -1, 23, 96, 4909 }, // b
    { 12, 16, 14, 1, 15, 48, 5005 }, // c
    { 15, 24, 16, 1, 23, 90, 5053 }, // d
    { 13, 16, 15, 1, 15, 52, 5143 }, // e
    { 11, 24, 11, 0, 23, 66, 5195 }, // f
    { 15, 22, 15, 0, 15, 83, 5261 }, // g
    { 17, 24, 18, 0, 23, 102, 5344 }, // h
    { 8, 23, 9, 1, 22, 46, 5446 }, // i
    { 6, 29, 8, 0, 22, 44, 5492 }, // j
    { 17, 24, 18, 0, 23, 102, 5536 }, // k
    { 8, 24, 9, 0, 23, 48, 5638 }, // l
    { 25, 16, 26, 1, 15, 100, 5686 }, // m
    { 17, 16, 18, 1, 15, 68, 5786 }, // n
    { 14, 16, 16, 1, 15, 56, 5854 }, // o
    { 16, 22, 17, 0, 15, 88, 5910 }, // p
    { 15, 22, 16, 1, 15, 83, 5998 }, // q
    { 12, 16, 13, 1, 15, 48, 6081 }, // r
    { 11, 16, 13, 1, 15, 44, 6129 }, // s
    { 11, 19, 11, 0, 18, 53, 6173 }, // t
    { 17, 16, 17, 0, 15, 68, 6226 }, // u
    { 16, 15, 16, 0, 15, 60, 6294 }, // v
    { 24, 15, 24, 0, 15, 90, 6354 }, // w
    { 17, 16, 17, 0, 15, 68, 6444 }, // x
    { 17, 23, 17, 0, 15, 98, 6512 }, // y
    { 12, 16, 14, 1, 15, 48, 6610 }, // z
    { 8, 29, 12, 2, 25, 58, 6658 }, // {
    { 3, 27, 10, 4, 23, 21, 6716 }, // |
    { 8, 29, 12, 2, 25, 58, 6737 }, // }
    { 14, 5, 20, 3, 10, 18, 6795 }, // ~
    { 0, 0, 7, 0, 0, 0, 6813 }, //  
    { 5, 24, 9, 2, 15, 30, 6813 }, // ¡
    { 12, 23, 16, 2, 21, 69, 6843 }, // ¢
    { 15, 21, 20, 2, 20, 79, 6912 }, // £
    { 16, 18, 21, 2, 18, 72, 6991 }, // ¤
    { 18, 21, 22, 2, 20, 95, 7063 }, // ¥
    { 2, 27, 10, 4, 23, 14, 7158 }, // ¦
    { 12, 25, 18, 3, 21, 75, 7172 }, // §
    { 10, 4, 12, 1, 20, 10, 7247 }, // ¨
    { 23, 22, 27, 2, 21, 127, 7257 }, // ©
    { 10, 10, 11, 1, 19, 25, 7384 }, // ª
    { 12, 13, 15, 1, 14, 39, 7409 }, // «
    { 14, 7, 21, 3, 9, 25, 7448 }, // ¬
    { 7, 3, 11, 2, 9, 6, 7473 }, // ­
    { 23, 22, 27, 2, 21, 127, 7479 }, // ®
    { 9, 3, 13, 2, 19, 7, 7606 }, // ¯
    { 8, 9, 14, 3, 20, 18, 7613 }, // °
    { 14, 18, 19, 3, 17, 63, 7631 }, // ±
    { 9, 13, 11, 1, 22, 30, 7694 }, // ²
    { 8, 15, 10, 1, 22, 30, 7724 }, // ³
    { 8, 7, 8, 0, 22, 14, 7754 }, // ´
    { 16, 24, 20, 2, 15, 96, 7768 }, // µ
    { 16, 24, 20, 2, 21, 96, 7864 }, // ¶
    { 4, 5, 10, 3, 11, 5, 7960 }, // ·
    { 5, 9, 7, 1, 1, 12, 7965 }, // ¸
    { 8, 13, 9, 1, 22, 26, 7977 }, // ¹
    { 10, 10, 12, 1, 19, 25, 8003 }, // º
    { 12, 13, 15, 2, 14, 39, 8028 }, // »
    { 24, 24, 25, 0, 22, 144, 8067 }, // ¼
    { 24, 24, 25, 0, 22, 144, 8211 }, // ½
    { 25, 24, 26, 0, 22, 150, 8355 }, // ¾
    { 11, 23, 14, 2, 15, 64, 8505 }, // ¿
    { 20, 28, 22, 1, 27, 140, 8569 }, // À
    { 20, 28, 22, 1, 27, 140, 8709 }, // Á
    { 20, 27, 22, 1, 26, 135, 8849 }, // Â
    { 20, 27, 22, 1, 26, 135, 8984 }, // Ã
    { 20, 26, 22, 1, 25, 130, 9119 }, // Ä
    { 20, 28, 22, 1, 27, 140, 9249 }, // Å
    { 26, 22, 29, 1, 21, 143, 9389 }, // Æ
    { 16, 29, 20, 2, 21, 116, 9532 }, // Ç
    { 16, 28, 18, 1, 27, 112, 9648 }, // È
    { 16, 28, 18, 1, 27, 112, 9760 }, // É
    { 16, 27, 18, 1, 26, 108, 9872 }, // Ê
    { 16, 27, 18, 1, 26, 108, 9980 }, // Ë
    { 9, 28, 11, 1, 27, 63, 10088 }, // Ì
    { 10, 28, 11, 1, 27, 70, 10151 }, // Í
    { 11, 27, 11, 0, 26, 75, 10221 }, // Î
    { 9, 27, 11, 1, 26, 61, 10296 }, // Ï
    { 20, 22, 22, 1, 21, 110, 10357 }, // Ð
    { 22, 27, 23, 1, 26, 149, 10467 }, // Ñ
    { 20, 28, 23, 2, 27, 140, 10616 }, // Ò
    { 20, 28, 23, 2, 27, 140, 10756 }, // Ó
    { 20, 27, 23, 2, 26, 135, 10896 }, // Ô
    { 20, 27, 23, 2, 26, 135, 11031 }, // Õ
    { 20, 27, 23, 2, 26, 135, 11166 }, // Ö
    { 13, 13, 18, 2, 14, 43, 11301 }, // ×
    { 20, 29, 23, 2, 25, 145, 11344 }, // Ø
    { 21, 28, 23, 1, 27, 147, 11489 }, // Ù
    { 21, 28, 23, 1, 27, 147, 11636 }, // Ú
    { 21, 27, 23, 1, 26, 142, 11783 }, // Û
    { 21, 27, 23, 1, 26, 142, 11925 }, // Ü
    { 19, 28, 21, 1, 27, 133, 12067 }, // Ý
    { 16, 22, 18, 1, 21, 88, 12200 }, // Þ
    { 18, 24, 19, 0, 23, 108, 12288 }, // ß
    { 14, 23, 15, 1, 22, 81, 12396 }, // à
    { 14, 23, 15, 1, 22, 81, 12477 }, // á
    { 14, 22, 15, 1, 21, 77, 12558 }, // â
    { 14, 22, 15, 1, 21, 77, 12635 }, // ã
    { 14, 21, 15, 1, 20, 74, 12712 }, // ä
    { 14, 22, 15, 1, 21, 77, 12786 }, // å
    { 21, 16, 23, 1, 15, 84, 12863 }, // æ
    { 12, 23, 14, 1, 15, 69, 12947 }, // ç
    { 13, 23, 15, 1, 22, 75, 13016 }, // è
    { 13, 23, 15, 1, 22, 75, 13091 }, // é
    { 13, 22, 15, 1, 21, 72, 13166 }, // ê
    { 13, 21, 15, 1, 20, 69, 13238 }, // ë
    { 9, 23, 9, 0, 22, 52, 13307 }, // ì
    { 8, 23, 9, 1, 22, 46, 13359 }, // í
    { 10, 22, 9, -1, 21, 55, 13405 }, // î
    { 10, 21, 9, -1, 20, 53, 13460 }, // ï
    { 14, 24, 16, 1, 23, 84, 13513 }, // ð
    { 17, 22, 18, 1, 21, 94, 13597 }, // ñ
    { 14, 23, 16, 1, 22, 81, 13691 }, // ò
    { 14, 23, 16, 1, 22, 81, 13772 }, // ó
    { 14, 22, 16, 1, 21, 77, 13853 }, // ô
    { 14, 22, 16, 1, 21, 77, 13930 }, // õ
    { 14, 21, 16, 1, 20, 74, 14007 }, // ö
    { 14, 15, 19, 2, 15, 53, 14081 }, // ÷
    { 14, 21, 16, 1, 18, 74, 14134 }, // ø
    { 17, 23, 17, 0, 22, 98, 14208 }, // ù
    { 17, 23, 17, 0, 22, 98, 14306 }, // ú
    { 17, 22, 17, 0, 21, 94, 14404 }, // û
    { 17, 21, 17, 0, 20, 90, 14498 }, // ü
    { 17, 30, 17, 0, 22, 128, 14588 }, // ý
    { 16, 30, 16, -1, 23, 120, 14716 }, // þ
    { 17, 28, 17, 0, 20, 119, 14836 }, // ÿ
    { 20, 27, 22, 1, 26, 135, 14955 }, // Ă
    { 14, 22, 15, 1, 21, 77, 15090 }, // ă
    { 20, 22, 22, 1, 21, 110, 15167 }, // Đ
    { 15, 24, 16, 1, 23, 90, 15277 }, // đ
    { 11, 27, 11, 0, 26, 75, 15367 }, // Ĩ
    { 10, 22, 9, -1, 21, 55, 15442 }, // ĩ
    { 21, 27, 23, 1, 26, 142, 15497 }, // Ũ
    { 17, 22, 17, 0, 21, 94, 15639 }, // ũ
    { 21, 24, 24, 2, 23, 126, 15733 }, // Ơ
    { 16, 19, 16, 1, 18, 76, 15859 }, // ơ
    { 23, 26, 21, 0, 25, 150, 15935 }, // Ư
    { 18, 20, 17, 0, 19, 90, 16085 }, // ư
    { 7, 7, 0, 0, 22, 13, 16175 }, // ̀
    { 7, 7, 0, 0, 22, 13, 16188 }, // ́
    { 11, 6, 0, 0, 21, 17, 16201 }, // ̂
    { 10, 5, 0, 3, 21, 13, 16218 }, // ̃
    { 9, 3, 0, 2, 19, 7, 16231 }, // ̄
    { 9, 5, 0, 1, 21, 12, 16238 }, // ̆
    { 5, 5, 0, 1, 21, 7, 16250 }, // ̇
    { 10, 4, 0, 1, 20, 10, 16257 }, // ̈
    { 6, 6, 0, 1, 22, 9, 16267 }, // ̉
    { 6, 6, 0, 1, 21, 9, 16276 }, // ̊
    { 13, 6, 0, 0, 22, 20, 16285 }, // ̋
    { 11, 6, 0, 0, 21, 17, 16305 }, // ̌
    { 10, 6, 0, 1, 22, 15, 16322 }, // ̏
    { 9, 5, 0, 1, 20, 12, 16337 }, // ̑
    { 4, 7, 0, 1, 22, 7, 16349 }, // ̒
    { 6, 11, 6, 0, 4, 17, 16356 }, // ̡
    { 5, 5, 0, 1, -1, 7, 16373 }, // ̣
    { 10, 4, 0, 1, -1, 10, 16380 }, // ̤
    { 4, 7, 0, 1, -1, 7, 16390 }, // ̦
    { 5, 9, 0, 1, 1, 12, 16397 }, // ̧
    { 6, 8, 0, 1, 1, 12, 16409 }, // ̨
    { 9, 5, 0, 1, -1, 12, 16421 }, // ̮
    { 9, 3, 0, 2, -1, 7, 16433 }, // ̱
    { 20, 27, 22, 1, 21, 135, 16440 }, // Ạ
    { 14, 21, 15, 1, 15, 74, 16575 }, // ạ
    { 20, 28, 22, 1, 27, 140, 16649 }, // Ả
    { 14, 23, 15, 1, 22, 81, 16789 }, // ả
    { 20, 31, 22, 1, 30, 155, 16870 }, // Ấ
    { 14, 25, 15, 1, 24, 88, 17025 }, // ấ
    { 20, 32, 22, 1, 31, 160, 17113 }, // Ầ
    { 14, 26, 15, 1, 25, 91, 17273 }, // ầ
    { 20, 33, 22, 1, 32, 165, 17364 }, // Ẩ
    { 14, 27, 15, 1, 26, 95, 17529 }, // ẩ
    { 20, 30, 22, 1, 29, 150, 17624 }, // Ẫ
    { 14, 24, 15, 1, 23, 84, 17774 }, // ẫ
    { 20, 32, 22, 1, 26, 160, 17858 }, // Ậ
    { 14, 27, 15, 1, 21, 95, 18018 }, // ậ
    { 20, 30, 22, 1, 29, 150, 18113 }, // Ắ
    { 14, 24, 15, 1, 23, 84, 18263 }, // ắ
    { 20, 30, 22, 1, 29, 150, 18347 }, // Ằ
    { 14, 25, 15, 1, 24, 88, 18497 }, // ằ
    { 20, 31, 22, 1, 30, 155, 18585 }, // Ẳ
    { 14, 25, 15, 1, 24, 88, 18740 }, // ẳ
    { 20, 30, 22, 1, 29, 150, 18828 }, // Ẵ
    { 14, 24, 15, 1, 23, 84, 18978 }, // ẵ
    { 20, 32, 22, 1, 26, 160, 19062 }, // Ặ
    { 14, 27, 15, 1, 21, 95, 19222 }, // ặ
    { 16, 27, 18, 1, 21, 108, 19317 }, // Ẹ
    { 13, 21, 15, 1, 15, 69, 19425 }, // ẹ
    { 16, 28, 18, 1, 27, 112, 19494 }, // Ẻ
    { 13, 23, 15, 1, 22, 75, 19606 }, // ẻ
    { 16, 27, 18, 1, 26, 108, 19681 }, // Ẽ
    { 13, 22, 15, 1, 21, 72, 19789 }, // ẽ
    { 16, 31, 18, 1, 30, 124, 19861 }, // Ế
    { 13, 25, 15, 1, 24, 82, 19985 }, // ế
    { 16, 32, 18, 1, 31, 128, 20067 }, // Ề
    { 13, 26, 15, 1, 25, 85, 20195 }, // ề
    { 16, 33, 18, 1, 32, 132, 20280 }, // Ể
    { 13, 27, 15, 1, 26, 88, 20412 }, // ể
    { 16, 31, 18, 1, 30, 124, 20500 }, // Ễ
    { 13, 24, 15, 1, 23, 78, 20624 }, // ễ
    { 16, 32, 18, 1, 26, 128, 20702 }, // Ệ
    { 13, 27, 15, 1, 21, 88, 20830 }, // ệ
    { 9, 28, 11, 1, 27, 63, 20918 }, // Ỉ
    { 8, 23, 9, 1, 22, 46, 20981 }, // ỉ
    { 9, 27, 11, 1, 21, 61, 21027 }, // Ị
    { 8, 28, 9, 1, 22, 56, 21088 }, // ị
    { 20, 27, 23, 2, 21, 135, 21144 }, // Ọ
    { 14, 21, 16, 1, 15, 74, 21279 }, // ọ
    { 20, 28, 23, 2, 27, 140, 21353 }, // Ỏ
    { 14, 23, 16, 1, 22, 81, 21493 }, // ỏ
    { 20, 31, 23, 2, 30, 155, 21574 }, // Ố
    { 14, 25, 16, 1, 24, 88, 21729 }, // ố
    { 20, 32, 23, 2, 31, 160, 21817 }, // Ồ
    { 14, 26, 16, 1, 25, 91, 21977 }, // ồ
    { 20, 33, 23, 2, 32, 165, 22068 }, // Ổ
    { 14, 27, 16, 1, 26, 95, 22233 }, // ổ
    { 20, 31, 23, 2, 30, 155, 22328 }, // Ỗ
    { 14, 24, 16, 1, 23, 84, 22483 }, // ỗ
    { 20, 32, 23, 2, 26, 160, 22567 }, // Ộ
    { 14, 27, 16, 1, 21, 95, 22727 }, // ộ
    { 21, 28, 23, 2, 27, 147, 22822 }, // Ớ
    { 16, 23, 16, 1, 22, 92, 22969 }, // ớ
    { 21, 28, 24, 2, 27, 147, 23061 }, // Ờ
    { 16, 23, 16, 1, 22, 92, 23208 }, // ờ
    { 21, 28, 24, 2, 27, 147, 23300 }, // Ở
    { 16, 23, 16, 1, 22, 92, 23447 }, // ở
    { 21, 27, 24, 2, 26, 142, 23539 }, // Ỡ
    { 16, 22, 16, 1, 21, 88, 23681 }, // ỡ
    { 21, 29, 24, 2, 23, 153, 23769 }, // Ợ
    { 16, 24, 16, 1, 18, 96, 23922 }, // ợ
    { 21, 27, 23, 1, 21, 142, 24018 }, // Ụ
    { 17, 21, 17, 0, 15, 90, 24160 }, // ụ
    { 21, 28, 23, 1, 27, 147, 24250 }, // Ủ
    { 17, 23, 17, 0, 22, 98, 24397 }, // ủ
    { 23, 28, 21, 0, 27, 161, 24495 }, // Ứ
    { 18, 23, 17, 0, 22, 104, 24656 }, // ứ
    { 23, 28, 21, 0, 27, 161, 24760 }, // Ừ
    { 18, 23, 17, 0, 22, 104, 24921 }, // ừ
    { 23, 28, 21, 0, 27, 161, 25025 }, // Ử
    { 18, 23, 17, 0, 22, 104, 25186 }, // ử
    { 23, 27, 21, 0, 26, 156, 25290 }, // Ữ
    { 18, 22, 17, 0, 21, 99, 25446 }, // ữ
    { 23, 31, 21, 0, 25, 179, 25545 }, // Ự
    { 18, 25, 17, 0, 19, 113, 25724 }, // ự
    { 19, 28, 21, 1, 27, 133, 25837 }, // Ỳ
    { 17, 30, 17, 0, 22, 128, 25970 }, // ỳ
    { 19, 27, 21, 1, 21, 129, 26098 }, // Ỵ
    { 17, 23, 17, 0, 15, 98, 26227 }, // ỵ
    { 19, 28, 21, 1, 27, 133, 26325 }, // Ỷ
    { 17, 30, 17, 0, 22, 128, 26458 }, // ỷ
    { 19, 27, 21, 1, 26, 129, 26586 }, // Ỹ
    { 17, 29, 17, 0, 21, 124, 26715 }, // ỹ
    { 0, 0, 6, 0, 0, 0, 26839 }, //  
    { 0, 0, 3, 0, 0, 0, 26839 }, //  
    { 0, 0, 3, 0, 0, 0, 26839 }, //  
    { 0, 0, 3, 0, 0, 0, 26839 }, //  
    { 4, 31, 8, 2, 23, 31, 26839 }, // ‌
    { 8, 31, 10, 2, 23, 62, 26870 }, // ‍
    { 16, 3, 19, 2, 9, 12, 26932 }, // ‐
    { 15, 3, 19, 2, 11, 12, 26944 }, // ‒
    { 15, 3, 19, 2, 9, 12, 26956 }, // –
    { 30, 3, 34, 2, 9, 23, 26968 }, // —
    { 30, 3, 34, 2, 9, 23, 26991 }, // ―
    { 5, 10, 10, 2, 24, 13, 27014 }, // ‘
    { 5, 10, 10, 2, 23, 13, 27027 }, // ’
    { 5, 10, 10, 2, 5, 13, 27040 }, // ‚
    { 10, 10, 15, 2, 24, 25, 27053 }, // “
    { 10, 10, 15, 2, 23, 25, 27078 }, // ”
    { 10, 10, 15, 2, 5, 25, 27103 }, // „
    { 12, 23, 16, 2, 23, 69, 27128 }, // †
    { 12, 23, 16, 2, 23, 69, 27197 }, // ‡
    { 6, 6, 10, 2, 10, 9, 27266 }, // •
    { 4, 5, 10, 3, 4, 5, 27275 }, // ․
    { 10, 5, 15, 3, 4, 13, 27280 }, // ‥
    { 17, 5, 23, 3, 4, 22, 27293 }, // …
    { 39, 24, 41, 1, 22, 234, 27315 }, // ‰
    { 4, 10, 10, 3, 21, 10, 27549 }, // ′
    { 9, 10, 15, 3, 21, 23, 27559 }, // ″
    { 7, 13, 10, 1, 14, 23, 27582 }, // ‹
    { 7, 13, 10, 2, 14, 23, 27605 }, // ›
    { 15, 24, 6, -4, 22, 90, 27628 }, // ⁄
    { 15, 28, 19, 2, 23, 105, 27718 }, // ₡
    { 16, 21, 19, 2, 20, 84, 27823 }, // ₣
    { 16, 21, 20, 2, 20, 84, 27907 }, // ₤
    { 23, 21, 27, 2, 20, 121, 27991 }, // ₦
    { 19, 21, 22, 2, 20, 100, 28112 }, // ₧
    { 26, 21, 30, 2, 20, 137, 28212 }, // ₨
    { 29, 20, 33, 2, 20, 145, 28349 }, // ₩
    { 15, 24, 19, 2, 23, 90, 28494 }, // ₫
    { 18, 21, 22, 2, 20, 95, 28584 }, // €
    { 20, 21, 23, 2, 20, 105, 28679 }, // ₭
    { 19, 21, 23, 2, 20, 100, 28784 }, // ₱
    { 16, 28, 20, 2, 23, 112, 28884 }, // ₲
    { 15, 28, 19, 2, 23, 105, 28996 }, // ₵
    { 15, 20, 19, 2, 20, 75, 29101 }, // ₹
    { 15, 22, 19, 2, 21, 83, 29176 }, // ₺
    { 15, 22, 20, 2, 22, 83, 29259 }, // ₼
    { 16, 21, 20, 2, 20, 84, 29342 }, // ₽
};

static const EpdUnicodeInterval system_font_14_regularIntervals[] = {
    { 0xD, 0xD, 0x0 },
    { 0x20, 0x7E, 0x1 },
    { 0xA0, 0xFF, 0x60 },
    { 0x102, 0x103, 0xC0 },
    { 0x110, 0x111, 0xC2 },
    { 0x128, 0x129, 0xC4 },
    { 0x168, 0x169, 0xC6 },
    { 0x1A0, 0x1A1, 0xC8 },
    { 0x1AF, 0x1B0, 0xCA },
    { 0x300, 0x304, 0xCC },
    { 0x306, 0x30C, 0xD1 },
    { 0x30F, 0x30F, 0xD8 },
    { 0x311, 0x312, 0xD9 },
    { 0x321, 0x321, 0xDB },
    { 0x323, 0x324, 0xDC },
    { 0x326, 0x328, 0xDE },
    { 0x32E, 0x32E, 0xE1 },
    { 0x331, 0x331, 0xE2 },
    { 0x1EA0, 0x1EF9, 0xE3 },
    { 0x2007, 0x200A, 0x13D },
    { 0x200C, 0x200D, 0x141 },
    { 0x2010, 0x2010, 0x143 },
    { 0x2012, 0x2015, 0x144 },
    { 0x2018, 0x201A, 0x148 },
    { 0x201C, 0x201E, 0x14B },
    { 0x2020, 0x2022, 0x14E },
    { 0x2024, 0x2026, 0x151 },
    { 0x2030, 0x2030, 0x154 },
    { 0x2032, 0x2033, 0x155 },
    { 0x2039, 0x203A, 0x157 },
    { 0x2044, 0x2044, 0x159 },
    { 0x20A1, 0x20A1, 0x15A },
    { 0x20A3, 0x20A4, 0x15B },
    { 0x20A6, 0x20A9, 0x15D },
    { 0x20AB, 0x20AD, 0x161 },
    { 0x20B1, 0x20B2, 0x164 },
    { 0x20B5, 0x20B5, 0x166 },
    { 0x20B9, 0x20BA, 0x167 },
    { 0x20BC, 0x20BD, 0x169 },
};

static const EpdFontData system_font_14_regular = {
    system_font_14_regularBitmaps,
    system_font_14_regularGlyphs,
    system_font_14_regularIntervals,
    39,
    34,
    28,
    -7,
    true,
};
