/**
 * generated by fontconvert.py
 * name: system_font_14_bold
 * size: 14
 * mode: 2-bit
 * Command used: fontconvert.py system_font_14_bold 14 ../builtinFonts/source/Andada_Pro/AndadaPro-Bold.ttf --2bit
 */
#pragma once
#include "EpdFontData.h"

static const uint8_t system_font_14_boldBitmaps[30937] = {
    0x15, 0x0F, 0xE3, 0xF8, 0xFE, 0x3F, 0x4F, 0xD2, 0xF4, 0xBD, 0x2F, 0x0B, 0xC2, 0xF0, 0xBC, 0x2F,
    0x0B, 0xC1, 0xF0, 0x7C, 0x05, 0x00, 0x00, 0x00, 0x7C, 0x3F, 0x8F, 0xF3, 0xF4, 0x14, 0x68, 0x29,
    0xBC, 0x3D, 0xBC, 0x3D, 0xBC, 0x3D, 0xBC, 0x3D, 0xBC, 0x3C, 0xB8, 0x3C, 0x14, 0x14, 0x00, 0x18,
    0x06, 0x00, 0x00, 0x3D, 0x0F, 0x40, 0x00, 0x3C, 0x0F, 0x00, 0x00, 0x3C, 0x0F, 0x00, 0x00, 0x7C,
    0x1F, 0x00, 0x7F, 0xFF, 0xFF, 0xFC, 0x7F, 0xFF, 0xFF, 0xFC, 0x15, 0xF9, 0x7E, 0x00, 0x00, 0xF0,
    0x3C, 0x00, 0x00, 0xF0, 0x3C, 0x00, 0x56, 0xFA, 0xBE, 0xA4, 0xFF, 0xFF, 0xFF, 0xF8, 0xBF, 0xFF,
    0xFF, 0xF4, 0x02, 0xD0, 0xB4, 0x00, 0x03, 0xD0, 0xF4, 0x00, 0x03, 0xC0, 0xF0, 0x00, 0x03, 0xC0,
    0xF0, 0x00, 0x01, 0x40, 0x50, 0x00, 0x00, 0x0B, 0x00, 0x00, 0x00, 0xF0, 0x00, 0x00, 0x0F, 0x00,
    0x00, 0x00, 0xF0, 0x00, 0x00, 0xAF, 0xA4, 0x00, 0xBF, 0xFF, 0xF0, 0x2F, 0xF5, 0xBF, 0x03, 0xFC,
    0x00, 0xF0, 0x7F, 0x80, 0x0F, 0x07, 0xF8, 0x00, 0xF0, 0x7F, 0xD0, 0x00, 0x03, 0xFF, 0xC0, 0x00,
    0x1F, 0xFF, 0x80, 0x00, 0x7F, 0xFF, 0x80, 0x00, 0xBF, 0xFF, 0x00, 0x00, 0xBF, 0xF4, 0x00, 0x00,
    0xFF, 0xC2, 0x80, 0x03, 0xFC, 0x7C, 0x00, 0x3F, 0xC7, 0xC0, 0x03, 0xFC, 0xBE, 0x00, 0xFF, 0x4B,
    0xFF, 0xFF, 0xE0, 0x2F, 0xFF, 0xF4, 0x00, 0x07, 0xD0, 0x00, 0x00, 0x2C, 0x00, 0x00, 0x02, 0xC0,
    0x00, 0x00, 0x3C, 0x00, 0x00, 0x01, 0x40, 0x00, 0x06, 0xFD, 0x00, 0x00, 0x02, 0x40, 0x00, 0x1F,
    0xAF, 0x40, 0x00, 0x07, 0xC0, 0x00, 0x3F, 0x0B, 0xC0, 0x00, 0x0F, 0x40, 0x00, 0x7D, 0x07, 0xE0,
    0x00, 0x2F, 0x00, 0x00, 0xBD, 0x03, 0xF0, 0x00, 0x3D, 0x00, 0x00, 0xFC, 0x03, 0xF0, 0x00, 0xF8,
    0x00, 0x00, 0xFC, 0x03, 0xF0, 0x01, 0xF0, 0x00, 0x00, 0xBC, 0x03, 0xF0, 0x03, 0xE0, 0x00, 0x00,
    0xBD, 0x07, 0xE0, 0x0B, 0xC0, 0x00, 0x00, 0x3E, 0x0B, 0xD0, 0x0F, 0x40, 0xBF, 0xE0, 0x2F, 0x5F,
    0xC0, 0x2F, 0x02, 0xF9, 0xF8, 0x0B, 0xFF, 0x00, 0x7C, 0x03, 0xE0, 0xBD, 0x00, 0x50, 0x00, 0xF8,
    0x07, 0xD0, 0x7E, 0x00, 0x00, 0x02, 0xF0, 0x0B, 0xD0, 0x3F, 0x00, 0x00, 0x03, 0xD0, 0x0F, 0xD0,
    0x3F, 0x00, 0x00, 0x0B, 0xC0, 0x0B, 0xD0, 0x3F, 0x00, 0x00, 0x1F, 0x00, 0x0B, 0xD0, 0x3F, 0x00,
    0x00, 0x3E, 0x00, 0x07, 0xD0, 0x7E, 0x00, 0x00, 0x7C, 0x00, 0x03, 0xF0, 0xBD, 0x00, 0x00, 0xF4,
    0x00, 0x02, 0xFA, 0xF8, 0x00, 0x02, 0xF0, 0x00, 0x00, 0x7F, 0xE0, 0x00, 0x02, 0xD0, 0x00, 0x00,
    0x00, 0x00, 0x00, 0x00, 0x00, 0x00, 0x00, 0x00, 0x00, 0x00, 0x01, 0x40, 0x00, 0x00, 0x00, 0x1F,
    0xFF, 0xE0, 0x00, 0x00, 0x2F, 0xFF, 0xFC, 0x00, 0x00, 0x0F, 0xF0, 0x0F, 0x00, 0x00, 0x07, 0xF4,
    0x03, 0xC0, 0x00, 0x01, 0xFD, 0x00, 0xF0, 0x00, 0x00, 0x3F, 0x80, 0x00, 0x00, 0x00, 0x0F, 0xF0,
    0x00, 0x00, 0x00, 0x00, 0xFF, 0x00, 0xAA, 0xA8, 0x00, 0x7F, 0xF0, 0x3F, 0xFE, 0x00, 0x7F, 0xFF,
    0x00, 0xF8, 0x00, 0x7F, 0x6F, 0xF0, 0x3E, 0x00, 0x3F, 0xC1, 0xFF, 0x0F, 0x80, 0x0F, 0xD0, 0x1F,
    0xF7, 0xD0, 0x07, 0xF4, 0x01, 0xFF, 0xF0, 0x01, 0xFE, 0x00, 0x0F, 0xFC, 0x00, 0x3F, 0xC0, 0x00,
    0xFF, 0x40, 0x0B, 0xFD, 0x02, 0xFF, 0xF8, 0x00, 0xBF, 0xFF, 0xFD, 0xFF, 0xF0, 0x07, 0xFF, 0xF8,
    0x0F, 0xFC, 0x00, 0x01, 0x00, 0x00, 0x00, 0x00, 0x68, 0xBC, 0xBC, 0xBC, 0xBC, 0xBC, 0xB8, 0x14,
    0x00, 0x06, 0x00, 0x1E, 0x00, 0x7C, 0x00, 0xF4, 0x02, 0xF0, 0x07, 0xE0, 0x0B, 0xD0, 0x0F, 0xC0,
    0x1F, 0xC0, 0x2F, 0x80, 0x3F, 0x80, 0x3F, 0x40, 0x3F, 0x40, 0x3F, 0x40, 0x3F, 0x40, 0x3F, 0x40,
    0x3F, 0x80, 0x2F, 0x80, 0x1F, 0xC0, 0x0F, 0xC0, 0x0F, 0xD0, 0x07, 0xE0, 0x03, 0xF0, 0x00, 0xF4,
    0x00, 0x7C, 0x00, 0x2E, 0x00, 0x06, 0x20, 0x00, 0x38, 0x00, 0x2E, 0x00, 0x0F, 0x40, 0x0B, 0xC0,
    0x07, 0xE0, 0x03, 0xF0, 0x02, 0xF8, 0x01, 0xFC, 0x01, 0xFC, 0x00, 0xFD, 0x00, 0xFD, 0x00, 0xFD,
    0x00, 0xFE, 0x00, 0xFD, 0x00, 0xFD, 0x00, 0xFD, 0x00, 0xFC, 0x01, 0xFC, 0x02, 0xF8, 0x03, 0xF0,
    0x03, 0xE0, 0x0B, 0xC0, 0x0F, 0x80, 0x1F, 0x00, 0x3C, 0x00, 0x70, 0x00, 0x00, 0x00, 0x00, 0x00,
    0x00, 0x03, 0xC0, 0x00, 0x0F, 0x00, 0x08, 0x3C, 0x14, 0xBF, 0xFB, 0xF1, 0xFF, 0xFF, 0x80, 0x3F,
    0xC0, 0x02, 0xFB, 0xC0, 0x1F, 0x4F, 0xC0, 0x78, 0x1E, 0x00, 0x00, 0x10, 0x00, 0x00, 0x03, 0xD0,
    0x00, 0x00, 0x03, 0xD0, 0x00, 0x00, 0x03, 0xD0, 0x00, 0x00, 0x03, 0xD0, 0x00, 0x00, 0x03, 0xD0,
    0x00, 0x00, 0x03, 0xD0, 0x00, 0x7F, 0xFF, 0xFF, 0xFE, 0x7F, 0xFF, 0xFF, 0xFE, 0x7F, 0xFF, 0xFF,
    0xFD, 0x00, 0x03, 0xD0, 0x00, 0x00, 0x03, 0xD0, 0x00, 0x00, 0x03, 0xD0, 0x00, 0x00, 0x03, 0xD0,
    0x00, 0x00, 0x03, 0xD0, 0x00, 0x00, 0x03, 0xD0, 0x00, 0x00, 0x02, 0xF8, 0x3F, 0xC3, 0xFC, 0x2F,
    0xC0, 0x7C, 0x07, 0x41, 0xE0, 0x78, 0x00, 0x00, 0xAA, 0xA7, 0xFF, 0xEB, 0xFF, 0x40, 0x00, 0x02,
    0xF8, 0x3F, 0xC3, 0xFC, 0x2F, 0x80, 0x50, 0x00, 0x00, 0x10, 0x00, 0x00, 0x3E, 0x00, 0x00, 0x7D,
    0x00, 0x00, 0xBC, 0x00, 0x00, 0xF8, 0x00, 0x01, 0xF0, 0x00, 0x03, 0xF0, 0x00, 0x03, 0xD0, 0x00,
    0x0B, 0xC0, 0x00, 0x0F, 0x80, 0x00, 0x1F, 0x40, 0x00, 0x2F, 0x00, 0x00, 0x3E, 0x00, 0x00, 0x7C,
    0x00, 0x00, 0xFC, 0x00, 0x01, 0xF4, 0x00, 0x02, 0xF0, 0x00, 0x03, 0xE0, 0x00, 0x07, 0xD0, 0x00,
    0x0F, 0xC0, 0x00, 0x0F, 0x80, 0x00, 0x2F, 0x00, 0x00, 0x3F, 0x00, 0x00, 0x7D, 0x00, 0x00, 0x2C,
    0x00, 0x00, 0x00, 0x01, 0x40, 0x00, 0x00, 0xBF, 0xFD, 0x00, 0x03, 0xFF, 0xFF, 0x40, 0x0F, 0xF0,
    0x2F, 0xD0, 0x1F, 0xD0, 0x0F, 0xF0, 0x3F, 0xC0, 0x0B, 0xF4, 0x3F, 0xC0, 0x07, 0xF8, 0x7F, 0x80,
    0x03, 0xFC, 0x7F, 0x80, 0x03, 0xFC, 0xBF, 0x40, 0x03, 0xFC, 0xBF, 0x40, 0x03, 0xFC, 0xBF, 0x40,
    0x03, 0xFC, 0x7F, 0x80, 0x03, 0xFC, 0x7F, 0x80, 0x03, 0xFC, 0x3F, 0xC0, 0x07, 0xF8, 0x3F, 0xC0,
    0x0B, 0xF4, 0x1F, 0xD0, 0x0F, 0xF0, 0x0F, 0xF0, 0x2F, 0xD0, 0x03, 0xFF, 0xFF, 0x40, 0x00, 0xBF,
    0xFD, 0x00, 0x00, 0x01, 0x40, 0x00, 0x00, 0x02, 0x40, 0x00, 0x07, 0xF4, 0x00, 0x0B, 0xFD, 0x00,
    0x0F, 0xFF, 0x40, 0x1F, 0xFF, 0xD0, 0x0F, 0xFB, 0xF0, 0x01, 0x81, 0xFC, 0x00, 0x00, 0x7F, 0x00,
    0x00, 0x1F, 0xC0, 0x00, 0x07, 0xF0, 0x00, 0x01, 0xFC, 0x00, 0x00, 0x7F, 0x00, 0x00, 0x1F, 0xC0,
    0x00, 0x07, 0xF0, 0x00, 0x01, 0xFC, 0x00, 0x00, 0x7F, 0x00, 0x00, 0x1F, 0xD0, 0x00, 0x0B, 0xF4,
    0x02, 0xFF, 0xFF, 0xF8, 0xBF, 0xFF, 0xFE, 0x00, 0x00, 0x00, 0x00, 0x00, 0x15, 0x00, 0x02, 0xFF,
    0xFF, 0x40, 0x3F, 0xFF, 0xFE, 0x03, 0xE4, 0x1F, 0xF4, 0x3C, 0x00, 0x7F, 0x83, 0xC0, 0x03, 0xFC,
    0x14, 0x00, 0x3F, 0x80, 0x00, 0x07, 0xF8, 0x00, 0x00, 0xFF, 0x00, 0x00, 0x1F, 0xE0, 0x00, 0x03,
    0xFC, 0x00, 0x00, 0xFF, 0x00, 0x00, 0x3F, 0xC0, 0x00, 0x0F, 0xF0, 0x00, 0x03, 0xFC, 0x00, 0x90,
    0xFF, 0x00, 0x1E, 0x3F, 0xC0, 0x03, 0xEF, 0xFF, 0xFF, 0xFE, 0xBF, 0xFF, 0xFF, 0xEB, 0xFF, 0xFF,
    0xFD, 0x00, 0x00, 0x00, 0x00, 0x00, 0x14, 0x00, 0x0B, 0xFF, 0xF8, 0x03, 0xFF, 0xFF, 0xC0, 0xF8,
    0x07, 0xFC, 0x3D, 0x00, 0xFF, 0x0B, 0x40, 0x2F, 0xC0, 0x00, 0x0B, 0xF0, 0x00, 0x03, 0xFC, 0x00,
    0x02, 0xFC, 0x00, 0x07, 0xFC, 0x00, 0x2F, 0xFE, 0x00, 0x07, 0xFF, 0xF4, 0x00, 0x01, 0xFF, 0x00,
    0x00, 0x1F, 0xE0, 0x00, 0x03, 0xFC, 0x00, 0x00, 0xFF, 0x00, 0x00, 0x3F, 0xC0, 0x00, 0x3F, 0xD0,
    0x00, 0x2F, 0xE0, 0x00, 0x7F, 0xE0, 0x01, 0xFF, 0xD0, 0x0F, 0xFF, 0x80, 0x03, 0xF9, 0x00, 0x00,
    0x00, 0x00, 0x00, 0x00, 0x00, 0x00, 0x00, 0x00, 0x00, 0x0F, 0x40, 0x00, 0x00, 0x2F, 0xD0, 0x00,
    0x00, 0x7F, 0x80, 0x00, 0x00, 0xFE, 0x00, 0x00, 0x03, 0xF8, 0x00, 0x00, 0x0B, 0xF0, 0x00, 0x00,
    0x1F, 0xC0, 0x00, 0x00, 0x3F, 0x40, 0x00, 0x00, 0xFE, 0x00, 0x00, 0x02, 0xFC, 0x1B, 0x40, 0x07,
    0xF4, 0x3F, 0x40, 0x0F, 0xE0, 0x3F, 0x40, 0x3F, 0xC0, 0x3F, 0x40, 0x3F, 0xFF, 0xFF, 0xFC, 0x1F,
    0xFF, 0xFF, 0xFC, 0x05, 0x55, 0x7F, 0x94, 0x00, 0x00, 0x3F, 0x40, 0x00, 0x00, 0x3F, 0x80, 0x00,
    0x00, 0x3F, 0x80, 0x00, 0x0F, 0xFF, 0xFC, 0x00, 0x0F, 0xFF, 0xFC, 0x00, 0x00, 0x00, 0x00, 0x00,
    0x00, 0x14, 0x3F, 0xFF, 0xFC, 0x3F, 0xFF, 0xFC, 0x3F, 0xFF, 0xF8, 0x3E, 0x00, 0x00, 0x7D, 0x00,
    0x00, 0x7D, 0x00, 0x00, 0x7D, 0x00, 0x00, 0xBD, 0x00, 0x00, 0xBF, 0xFE, 0x40, 0xBF, 0xFF, 0xF0,
    0x3E, 0xBF, 0xFC, 0x00, 0x03, 0xFD, 0x00, 0x01, 0xFE, 0x00, 0x00, 0xFF, 0x00, 0x00, 0xFF, 0x00,
    0x00, 0xFE, 0x00, 0x02, 0xFC, 0x00, 0x07, 0xF8, 0x00, 0x2F, 0xE0, 0x06, 0xFF, 0x80, 0xBF, 0xF8,
    0x00, 0x7E, 0x40, 0x00, 0x00, 0x00, 0x00, 0x00, 0x00, 0x01, 0x80, 0x00, 0x01, 0xFF, 0x40, 0x00,
    0x3F, 0xE4, 0x00, 0x07, 0xFC, 0x00, 0x00, 0x7F, 0x80, 0x00, 0x07, 0xF8, 0x00, 0x00, 0x3F, 0xC0,
    0x00, 0x02, 0xFC, 0x00, 0x00, 0x1F, 0xE0, 0x00, 0x00, 0xBF, 0x00, 0x00, 0x03, 0xFC, 0xBF, 0x80,
    0x1F, 0xE3, 0xFF, 0xD0, 0xBF, 0x40, 0x7F, 0xC2, 0xFC, 0x00, 0x7F, 0x8B, 0xF0, 0x00, 0xFF, 0x2F,
    0xC0, 0x03, 0xFC, 0xBF, 0x40, 0x0F, 0xF1, 0xFE, 0x00, 0x3F, 0xC3, 0xFC, 0x01, 0xFE, 0x07, 0xF8,
    0x0F, 0xF0, 0x0B, 0xFF, 0xFF, 0x00, 0x07, 0xFF, 0xE0, 0x00, 0x00, 0x50, 0x00, 0x00, 0x00, 0x00,
    0x00, 0x00, 0xBF, 0xFF, 0xFF, 0xC3, 0xFF, 0xFF, 0xFF, 0x4F, 0xFF, 0xFF, 0xFC, 0x3E, 0x00, 0x0F,
    0xE0, 0xF0, 0x00, 0x3F, 0x02, 0xC0, 0x01, 0xFC, 0x00, 0x00, 0x0B, 0xD0, 0x00, 0x00, 0x3F, 0x00,
    0x00, 0x02, 0xF8, 0x00, 0x00, 0x0F, 0xC0, 0x00, 0x00, 0x7E, 0x00, 0x00, 0x03, 0xF0, 0x00, 0x00,
    0x1F, 0xC0, 0x00, 0x00, 0xFD, 0x00, 0x00, 0x07, 0xF0, 0x00, 0x00, 0x3F, 0x40, 0x00, 0x01, 0xFC,
    0x00, 0x00, 0x0F, 0xE0, 0x00, 0x00, 0x7F, 0x00, 0x00, 0x02, 0xF8, 0x00, 0x00, 0x0F, 0xD0, 0x00,
    0x00, 0x1B, 0x00, 0x00, 0x00, 0x00, 0x00, 0x00, 0x00, 0x6F, 0x90, 0x00, 0x7F, 0xFF, 0xD0, 0x1F,
    0xE0, 0xBF, 0x43, 0xF8, 0x02, 0xFC, 0x3F, 0x40, 0x1F, 0xC3, 0xF4, 0x01, 0xFC, 0x3F, 0xC0, 0x3F,
    0xC1, 0xFF, 0x07, 0xF0, 0x0B, 0xFE, 0xFD, 0x00, 0x2F, 0xFF, 0x40, 0x02, 0xFF, 0xFC, 0x00, 0xFF,
    0x7F, 0xF0, 0x3F, 0xC0, 0xBF, 0xC7, 0xF4, 0x02, 0xFD, 0xBF, 0x00, 0x0F, 0xEF, 0xF0, 0x00, 0xFE,
    0xBF, 0x00, 0x0F, 0xE3, 0xF8, 0x02, 0xFC, 0x1F, 0xFA, 0xFF, 0x40, 0x2F, 0xFF, 0x80, 0x00, 0x05,
    0x00, 0x00, 0x00, 0x01, 0x40, 0x00, 0x02, 0xFF, 0xF4, 0x00, 0x3F, 0xFF, 0xF8, 0x03, 0xFD, 0x0B,
    0xF8, 0x1F, 0xD0, 0x0F, 0xF0, 0xFF, 0x00, 0x1F, 0xE3, 0xFC, 0x00, 0x3F, 0xCF, 0xF0, 0x00, 0xFF,
    0x3F, 0xC0, 0x03, 0xFC, 0xBF, 0x80, 0x0F, 0xF0, 0xFF, 0x80, 0x3F, 0x80, 0xFF, 0xF1, 0xFE, 0x00,
    0x7F, 0xCB, 0xF4, 0x00, 0x00, 0x3F, 0xC0, 0x00, 0x01, 0xFE, 0x00, 0x00, 0x0F, 0xF0, 0x00, 0x00,
    0x7F, 0x40, 0x00, 0x03, 0xF8, 0x00, 0x00, 0x7F, 0xC0, 0x00, 0x0B, 0xFC, 0x00, 0x01, 0xFF, 0x80,
    0x00, 0x3F, 0xE0, 0x00, 0x00, 0xF4, 0x00, 0x00, 0x00, 0x00, 0x00, 0x00, 0x00, 0x0F, 0x87, 0xF6,
    0xFD, 0x3F, 0x00, 0x00, 0x00, 0x00, 0x00, 0x00, 0x00, 0x00, 0xB8, 0x7F, 0x6F, 0xD7, 0xF0, 0x10,
    0x1E, 0x0F, 0xE7, 0xF8, 0xFD, 0x05, 0x00, 0x00, 0x00, 0x00, 0x00, 0x00, 0x03, 0xF0, 0xFE, 0x7F,
    0xCF, 0xE0, 0xB8, 0x3C, 0x1D, 0x2D, 0x00, 0x00, 0x00, 0x00, 0x90, 0x00, 0x0B, 0xD0, 0x00, 0xBF,
    0x00, 0x0F, 0xF0, 0x00, 0xFE, 0x00, 0x0F, 0xE0, 0x01, 0xFD, 0x00, 0x1F, 0xD0, 0x00, 0x3F, 0xC0,
    0x00, 0x2F, 0xC0, 0x00, 0x2F, 0xD0, 0x00, 0x1F, 0xD0, 0x00, 0x1F, 0xE0, 0x00, 0x1F, 0xD0, 0x00,
    0x0F, 0x00, 0x00, 0x00, 0x15, 0x55, 0x55, 0x50, 0xFF, 0xFF, 0xFF, 0xC3, 0xFF, 0xFF, 0xFF, 0x05,
    0x55, 0x55, 0x40, 0x00, 0x00, 0x00, 0x00, 0x00, 0x00, 0x00, 0x02, 0xAB, 0xFF, 0xFF, 0x0F, 0xFF,
    0xFF, 0xFC, 0x3F, 0xFF, 0xFF, 0xF0, 0x08, 0x00, 0x00, 0x3F, 0x00, 0x00, 0x2F, 0xC0, 0x00, 0x0B,
    0xF4, 0x00, 0x01, 0xFD, 0x00, 0x00, 0x7F, 0x40, 0x00, 0x0F, 0xE0, 0x00, 0x03, 0xF8, 0x00, 0x0B,
    0xF4, 0x00, 0x2F, 0xC0, 0x00, 0xFF, 0x00, 0x03, 0xF8, 0x00, 0x1F, 0xE0, 0x00, 0x3F, 0x80, 0x00,
    0x2D, 0x00, 0x00, 0x00, 0x00, 0x00, 0x01, 0x50, 0x01, 0xFF, 0xFD, 0x07, 0xEB, 0xFD, 0x1E, 0x02,
    0xFC, 0x78, 0x03, 0xF8, 0x90, 0x0F, 0xE0, 0x00, 0x2F, 0xC0, 0x00, 0xBE, 0x00, 0x03, 0xF8, 0x00,
    0x2F, 0xC0, 0x56, 0xFD, 0x0B, 0xFF, 0xD0, 0x2F, 0x94, 0x00, 0xBD, 0x00, 0x02, 0xF4, 0x00, 0x0B,
    0xD0, 0x00, 0x16, 0x00, 0x00, 0x00, 0x00, 0x00, 0x00, 0x00, 0x0B, 0x80, 0x00, 0x3F, 0x80, 0x01,
    0xFE, 0x00, 0x03, 0xF4, 0x00, 0x01, 0x00, 0x00, 0x00, 0x00, 0x01, 0x55, 0x00, 0x00, 0x00, 0x00,
    0x06, 0xFF, 0xFF, 0xF4, 0x00, 0x00, 0x00, 0xBF, 0xA5, 0x5B, 0xFD, 0x00, 0x00, 0x1F, 0xE0, 0x00,
    0x01, 0xFF, 0x00, 0x00, 0xFD, 0x00, 0x00, 0x00, 0xBF, 0x00, 0x0F, 0xD0, 0x16, 0xA8, 0x00, 0xBE,
    0x00, 0xBE, 0x03, 0xFF, 0xFE, 0x00, 0xFC, 0x03, 0xF0, 0x0F, 0xEA, 0xFE, 0x02, 0xF8, 0x1F, 0xC0,
    0x3C, 0x01, 0xFC, 0x03, 0xF0, 0xBE, 0x00, 0xF0, 0x03, 0xF4, 0x0F, 0xC3, 0xF4, 0x01, 0x40, 0x0F,
    0xD0, 0x3F, 0x0F, 0xC0, 0x00, 0x00, 0x7F, 0x40, 0xBC, 0x3F, 0x00, 0x06, 0xFF, 0xFD, 0x03, 0xF0,
    0xFC, 0x00, 0xFF, 0xE7, 0xF4, 0x0F, 0xC3, 0xF0, 0x0F, 0xF0, 0x0F, 0xD0, 0x3E, 0x0F, 0xC0, 0x3F,
    0x40, 0x3F, 0x41, 0xF0, 0x3F, 0x40, 0xFE, 0x01, 0xFE, 0x0F, 0x80, 0xBE, 0x03, 0xFD, 0x6F, 0xF8,
    0xB8, 0x01, 0xFC, 0x0B, 0xFF, 0xFB, 0xFF, 0x80, 0x03, 0xF4, 0x0B, 0xFE, 0x1F, 0xE0, 0x00, 0x07,
    0xF0, 0x01, 0x40, 0x00, 0x00, 0x00, 0x0F, 0xE0, 0x00, 0x00, 0x00, 0x00, 0x00, 0x0F, 0xF0, 0x00,
    0x00, 0x00, 0x00, 0x00, 0x0F, 0xF9, 0x00, 0x1B, 0xC0, 0x00, 0x00, 0x0B, 0xFF, 0xFF, 0xF8, 0x00,
    0x00, 0x00, 0x01, 0xBF, 0xFD, 0x00, 0x00, 0x00, 0x00, 0x00, 0x00, 0x00, 0x00, 0x00, 0x00, 0x00,
    0x00, 0x6C, 0x00, 0x00, 0x00, 0x00, 0xFD, 0x00, 0x00, 0x00, 0x00, 0xFE, 0x00, 0x00, 0x00, 0x02,
    0xFF, 0x00, 0x00, 0x00, 0x03, 0xFF, 0x40, 0x00, 0x00, 0x07, 0xFF, 0xC0, 0x00, 0x00, 0x0B, 0xDF,
    0xC0, 0x00, 0x00, 0x0F, 0xCF, 0xD0, 0x00, 0x00, 0x1F, 0x4B, 0xF0, 0x00, 0x00, 0x2F, 0x07, 0xF0,
    0x00, 0x00, 0x3F, 0x03, 0xF8, 0x00, 0x00, 0x7E, 0x02, 0xFC, 0x00, 0x00, 0xBC, 0x01, 0xFC, 0x00,
    0x00, 0xFF, 0xFF, 0xFE, 0x00, 0x01, 0xFF, 0xFF, 0xFF, 0x00, 0x02, 0xF4, 0x00, 0x7F, 0x40, 0x03,
    0xF0, 0x00, 0x3F, 0x80, 0x07, 0xE0, 0x00, 0x3F, 0xC0, 0x0F, 0xD0, 0x00, 0x2F, 0xE0, 0x7F, 0xFC,
    0x01, 0xFF, 0xFD, 0xBF, 0xFC, 0x01, 0xFF, 0xFD, 0x00, 0x00, 0x00, 0x00, 0x00, 0x2A, 0xAA, 0xA9,
    0x00, 0x1F, 0xFF, 0xFF, 0xF4, 0x01, 0xBF, 0x95, 0xFF, 0x40, 0x0F, 0xE0, 0x0B, 0xF0, 0x03, 0xF8,
    0x01, 0xFC, 0x00, 0xFD, 0x00, 0x3F, 0x40, 0x3F, 0x40, 0x0F, 0xC0, 0x0F, 0xD0, 0x0B, 0xE0, 0x03,
    0xF4, 0x07, 0xF0, 0x00, 0xFD, 0x2F, 0xE0, 0x00, 0x3F, 0x4F, 0xE4, 0x00, 0x0F, 0xD1, 0xBF, 0xC0,
    0x03, 0xF4, 0x02, 0xFC, 0x00, 0xFD, 0x00, 0x3F, 0xC0, 0x3F, 0x40, 0x0B, 0xF0, 0x0F, 0xD0, 0x01,
    0xFC, 0x03, 0xF4, 0x00, 0xBF, 0x00, 0xFE, 0x00, 0x3F, 0xC0, 0x3F, 0x80, 0x3F, 0xD0, 0xBF, 0xFF,
    0xFF, 0xE0, 0x7F, 0xFF, 0xFF, 0x80, 0x00, 0x00, 0x00, 0x00, 0x00, 0x00, 0x06, 0xFF, 0xF9, 0x00,
    0x03, 0xFF, 0xFF, 0xFC, 0x00, 0xFF, 0x90, 0x6F, 0x80, 0x3F, 0xD0, 0x00, 0xB8, 0x0B, 0xF4, 0x00,
    0x07, 0x80, 0xFF, 0x00, 0x00, 0x64, 0x1F, 0xE0, 0x00, 0x00, 0x02, 0xFD, 0x00, 0x00, 0x00, 0x3F,
    0xC0, 0x00, 0x00, 0x03, 0xFC, 0x00, 0x00, 0x00, 0x3F, 0xC0, 0x00, 0x00, 0x03, 0xFC, 0x00, 0x00,
    0x00, 0x3F, 0xC0, 0x00, 0x00, 0x03, 0xFD, 0x00, 0x00, 0x00, 0x2F, 0xD0, 0x00, 0x00, 0x01, 0xFF,
    0x00, 0x00, 0x00, 0x0F, 0xF0, 0x00, 0x03, 0xC0, 0x7F, 0xC0, 0x00, 0x3C, 0x02, 0xFF, 0x00, 0x0B,
    0xC0, 0x07, 0xFF, 0xAF, 0xFC, 0x00, 0x0B, 0xFF, 0xFF, 0x80, 0x00, 0x05, 0x54, 0x00, 0x2A, 0xAA,
    0xAA, 0x40, 0x00, 0x7F, 0xFF, 0xFF, 0xF8, 0x00, 0x1B, 0xFD, 0x56, 0xFF, 0x40, 0x03, 0xF8, 0x00,
    0x3F, 0xD0, 0x03, 0xF4, 0x00, 0x0F, 0xF0, 0x03, 0xF4, 0x00, 0x07, 0xF8, 0x03, 0xF4, 0x00, 0x03,
    0xFC, 0x03, 0xF4, 0x00, 0x02, 0xFC, 0x03, 0xF4, 0x00, 0x01, 0xFD, 0x03, 0xF4, 0x00, 0x01, 0xFE,
    0x03, 0xF4, 0x00, 0x00, 0xFE, 0x03, 0xF4, 0x00, 0x00, 0xFE, 0x03, 0xF4, 0x00, 0x01, 0xFD, 0x03,
    0xF4, 0x00, 0x01, 0xFD, 0x03, 0xF4, 0x00, 0x02, 0xFC, 0x03, 0xF4, 0x00, 0x03, 0xF8, 0x03, 0xF4,
    0x00, 0x0B, 0xF0, 0x03, 0xF8, 0x00, 0x1F, 0xE0, 0x03, 0xF8, 0x00, 0xBF, 0x80, 0x2F, 0xFF, 0xFF,
    0xFD, 0x00, 0x7F, 0xFF, 0xFF, 0xD0, 0x00, 0x00, 0x00, 0x00, 0x00, 0x00, 0x2A, 0xAA, 0xAA, 0xA8,
    0x7F, 0xFF, 0xFF, 0xFC, 0x1B, 0xFD, 0x55, 0xBC, 0x03, 0xF8, 0x00, 0x3C, 0x03, 0xF8, 0x00, 0x3C,
    0x03, 0xF4, 0x00, 0x00, 0x03, 0xF4, 0x00, 0x00, 0x03, 0xF4, 0x02, 0x40, 0x03, 0xF4, 0x03, 0xC0,
    0x03, 0xFE, 0xAB, 0xC0, 0x03, 0xFF, 0xFF, 0xC0, 0x03, 0xF9, 0x5B, 0xC0, 0x03, 0xF4, 0x03, 0xC0,
    0x03, 0xF4, 0x01, 0x40, 0x03, 0xF4, 0x00, 0x00, 0x03, 0xF4, 0x00, 0x00, 0x03, 0xF4, 0x00, 0x0E,
    0x03, 0xF8, 0x00, 0x1E, 0x03, 0xF8, 0x00, 0x3E, 0x2F, 0xFF, 0xFF, 0xFD, 0x7F, 0xFF, 0xFF, 0xFD,
    0x00, 0x00, 0x00, 0x00, 0x2A, 0xAA, 0xAA, 0xA8, 0x7F, 0xFF, 0xFF, 0xFC, 0x1B, 0xFD, 0x55, 0xBC,
    0x03, 0xF8, 0x00, 0x3C, 0x03, 0xF8, 0x00, 0x3C, 0x03, 0xF4, 0x00, 0x00, 0x03, 0xF4, 0x00, 0x00,
    0x03, 0xF4, 0x01, 0x00, 0x03, 0xF4, 0x03, 0xC0, 0x03, 0xF9, 0x57, 0xC0, 0x03, 0xFF, 0xFF, 0xC0,
    0x03, 0xFE, 0xAF, 0xC0, 0x03, 0xF4, 0x03, 0xC0, 0x03, 0xF4, 0x02, 0x80, 0x03, 0xF4, 0x00, 0x00,
    0x03, 0xF4, 0x00, 0x00, 0x03, 0xF4, 0x00, 0x00, 0x03, 0xF8, 0x00, 0x00, 0x03, 0xF8, 0x00, 0x00,
    0x2F, 0xFF, 0xD0, 0x00, 0x7F, 0xFF, 0xD0, 0x00, 0x00, 0x00, 0x00, 0x00, 0x00, 0x02, 0xFF, 0xFA,
    0x40, 0x00, 0xBF, 0xFF, 0xFF, 0x80, 0x0F, 0xF9, 0x01, 0xBE, 0x00, 0xFF, 0x40, 0x00, 0xF4, 0x0B,
    0xF8, 0x00, 0x02, 0xD0, 0x3F, 0xC0, 0x00, 0x06, 0x01, 0xFE, 0x00, 0x00, 0x00, 0x0B, 0xF4, 0x00,
    0x00, 0x00, 0x3F, 0xC0, 0x00, 0x00, 0x00, 0xFF, 0x00, 0x00, 0x00, 0x03, 0xFC, 0x00, 0x00, 0x00,
    0x0F, 0xF0, 0x00, 0x7F, 0xFC, 0x3F, 0xC0, 0x01, 0xFF, 0xF0, 0xFF, 0x00, 0x00, 0x2F, 0xC2, 0xFD,
    0x00, 0x00, 0x3F, 0x03, 0xFC, 0x00, 0x00, 0xFC, 0x0F, 0xF0, 0x00, 0x03, 0xF0, 0x0F, 0xF0, 0x00,
    0x0F, 0xC0, 0x1F, 0xF4, 0x00, 0x7F, 0x00, 0x1F, 0xFE, 0xBF, 0xFC, 0x00, 0x0B, 0xFF, 0xFF, 0xE0,
    0x00, 0x00, 0x55, 0x40, 0x00, 0x2A, 0xAA, 0x80, 0x2A, 0xAA, 0x87, 0xFF, 0xFC, 0x03, 0xFF, 0xFC,
    0x1B, 0xFD, 0x40, 0x07, 0xFE, 0x40, 0x3F, 0x80, 0x00, 0x2F, 0xC0, 0x03, 0xF8, 0x00, 0x02, 0xFC,
    0x00, 0x3F, 0x40, 0x00, 0x2F, 0xC0, 0x03, 0xF4, 0x00, 0x02, 0xFC, 0x00, 0x3F, 0x40, 0x00, 0x2F,
    0xC0, 0x03, 0xF4, 0x00, 0x02, 0xFC, 0x00, 0x3F, 0x80, 0x15, 0x6F, 0xC0, 0x03, 0xFF, 0xFF, 0xFF,
    0xFC, 0x00, 0x3F, 0xFF, 0xFF, 0xFF, 0xC0, 0x03, 0xF4, 0x00, 0x02, 0xFC, 0x00, 0x3F, 0x40, 0x00,
    0x2F, 0xC0, 0x03, 0xF4, 0x00, 0x02, 0xFC, 0x00, 0x3F, 0x40, 0x00, 0x2F, 0xC0, 0x03, 0xF4, 0x00,
    0x02, 0xFC, 0x00, 0x3F, 0x80, 0x00, 0x2F, 0xC0, 0x03, 0xF8, 0x00, 0x03, 0xFC, 0x02, 0xFF, 0xFC,
    0x02, 0xFF, 0xFD, 0x7F, 0xFF, 0xC0, 0x3F, 0xFF, 0xD0, 0x00, 0x00, 0x00, 0x00, 0x00, 0x2A, 0xAA,
    0x9F, 0xFF, 0xF1, 0xBF, 0xD4, 0x0F, 0xE0, 0x03, 0xF8, 0x00, 0xFD, 0x00, 0x3F, 0x40, 0x0F, 0xD0,
    0x03, 0xF4, 0x00, 0xFD, 0x00, 0x3F, 0x40, 0x0F, 0xD0, 0x03, 0xF4, 0x00, 0xFD, 0x00, 0x3F, 0x40,
    0x0F, 0xD0, 0x03, 0xF4, 0x00, 0xFE, 0x00, 0x3F, 0x80, 0xBF, 0xFF, 0x7F, 0xFF, 0xC0, 0x00, 0x00,
    0x6A, 0xAA, 0x6F, 0xFF, 0xD1, 0xFF, 0x90, 0x1F, 0xC0, 0x07, 0xF0, 0x01, 0xFC, 0x00, 0x7F, 0x00,
    0x1F, 0xC0, 0x07, 0xF0, 0x01, 0xFC, 0x00, 0x7F, 0x00, 0x1F, 0xC0, 0x07, 0xF0, 0x01, 0xFC, 0x00,
    0x7F, 0x00, 0x1F, 0xC0, 0x07, 0xF0, 0x01, 0xFC, 0x00, 0x7F, 0x00, 0x1F, 0xC0, 0x07, 0xF0, 0x02,
    0xFC, 0x00, 0xFD, 0x00, 0x7E, 0x00, 0x3E, 0x00, 0x1F, 0x00, 0x02, 0x00, 0x00, 0x2A, 0xAA, 0x81,
    0xAA, 0xA8, 0x1F, 0xFF, 0xF0, 0x7F, 0xFF, 0x01, 0xBF, 0xD4, 0x0B, 0xFD, 0x40, 0x0F, 0xE0, 0x03,
    0xFC, 0x00, 0x03, 0xF8, 0x02, 0xFC, 0x00, 0x00, 0xFD, 0x01, 0xFC, 0x00, 0x00, 0x3F, 0x40, 0xFD,
    0x00, 0x00, 0x0F, 0xD0, 0xFE, 0x00, 0x00, 0x03, 0xF4, 0xBF, 0x00, 0x00, 0x00, 0xFD, 0x7F, 0x00,
    0x00, 0x00, 0x3F, 0xBF, 0xC0, 0x00, 0x00, 0x0F, 0xDB, 0xF8, 0x00, 0x00, 0x03, 0xF4, 0xFF, 0x80,
    0x00, 0x00, 0xFD, 0x0F, 0xF4, 0x00, 0x00, 0x3F, 0x40, 0xFF, 0x40, 0x00, 0x0F, 0xD0, 0x1F, 0xF0,
    0x00, 0x03, 0xF4, 0x01, 0xFF, 0x00, 0x00, 0xFE, 0x00, 0x3F, 0xF0, 0x00, 0x3F, 0x80, 0x03, 0xFF,
    0x00, 0xBF, 0xFF, 0x02, 0xFF, 0xFC, 0x7F, 0xFF, 0xC0, 0xFF, 0xFF, 0x00, 0x00, 0x00, 0x00, 0x00,
    0x00, 0x2A, 0xAA, 0x80, 0x00, 0x7F, 0xFF, 0xC0, 0x00, 0x1B, 0xFD, 0x40, 0x00, 0x03, 0xF8, 0x00,
    0x00, 0x03, 0xF8, 0x00, 0x00, 0x03, 0xF4, 0x00, 0x00, 0x03, 0xF4, 0x00, 0x00, 0x03, 0xF4, 0x00,
    0x00, 0x03, 0xF4, 0x00, 0x00, 0x03, 0xF4, 0x00, 0x00, 0x03, 0xF4, 0x00, 0x00, 0x03, 0xF4, 0x00,
    0x00, 0x03, 0xF4, 0x00, 0x00, 0x03, 0xF4, 0x00, 0x00, 0x03, 0xF4, 0x00, 0x00, 0x03, 0xF4, 0x00,
    0x00, 0x03, 0xF4, 0x00, 0x3C, 0x03, 0xF8, 0x00, 0x3C, 0x03, 0xF8, 0x00, 0xBC, 0x2F, 0xFF, 0xFF,
    0xF8, 0x7F, 0xFF, 0xFF, 0xF8, 0x00, 0x00, 0x00, 0x00, 0x1A, 0xAA, 0x00, 0x00, 0x02, 0xAA, 0x80,
    0xBF, 0xFE, 0x00, 0x00, 0x2F, 0xFF, 0x00, 0x6F, 0xFC, 0x00, 0x00, 0xFF, 0xD4, 0x00, 0x7F, 0xF4,
    0x00, 0x07, 0xFF, 0x00, 0x00, 0xFF, 0xE0, 0x00, 0x2F, 0xFC, 0x00, 0x07, 0xEF, 0xC0, 0x00, 0xFB,
    0xF0, 0x00, 0x1F, 0x7F, 0x40, 0x07, 0xDF, 0xC0, 0x00, 0x7C, 0xFE, 0x00, 0x3F, 0x3F, 0x00, 0x01,
    0xF1, 0xFC, 0x00, 0xF4, 0xFC, 0x00, 0x0B, 0xC3, 0xF4, 0x07, 0xC3, 0xF0, 0x00, 0x2F, 0x0F, 0xE0,
    0x3E, 0x0F, 0xD0, 0x00, 0xBC, 0x1F, 0xC0, 0xF4, 0x3F, 0x40, 0x02, 0xF0, 0x3F, 0x4B, 0xC0, 0xFD,
    0x00, 0x0F, 0x80, 0xBF, 0x3E, 0x02, 0xF8, 0x00, 0x3E, 0x01, 0xFD, 0xF0, 0x0B, 0xE0, 0x00, 0xF8,
    0x03, 0xFF, 0xC0, 0x2F, 0x80, 0x03, 0xE0, 0x0B, 0xFD, 0x00, 0xBF, 0x00, 0x0F, 0x80, 0x0F, 0xF0,
    0x02, 0xFC, 0x00, 0x7E, 0x00, 0x3F, 0x80, 0x0B, 0xF0, 0x1F, 0xFF, 0x80, 0xBD, 0x02, 0xFF, 0xFD,
    0xBF, 0xFE, 0x00, 0xF0, 0x0B, 0xFF, 0xF4, 0x00, 0x00, 0x00, 0x00, 0x00, 0x00, 0x00, 0x2A, 0xA0,
    0x00, 0x0A, 0xAA, 0x97, 0xFF, 0xC0, 0x00, 0xFF, 0xFE, 0x1B, 0xFD, 0x00, 0x01, 0xFE, 0x40, 0x3F,
    0xF0, 0x00, 0x0F, 0xD0, 0x03, 0xFF, 0x80, 0x00, 0xBC, 0x00, 0x3F, 0xFD, 0x00, 0x0B, 0xC0, 0x03,
    0xFF, 0xF0, 0x00, 0xBC, 0x00, 0x3E, 0x7F, 0x80, 0x0B, 0xC0, 0x03, 0xE2, 0xFD, 0x00, 0xBC, 0x00,
    0x3E, 0x0F, 0xF0, 0x0B, 0xC0, 0x03, 0xE0, 0x3F, 0xC0, 0xBC, 0x00, 0x3E, 0x01, 0xFE, 0x0B, 0xC0,
    0x03, 0xE0, 0x0B, 0xF4, 0xBC, 0x00, 0x3E, 0x00, 0x3F, 0xCB, 0xC0, 0x03, 0xE0, 0x01, 0xFF, 0xBC,
    0x00, 0x3E, 0x00, 0x0B, 0xFF, 0xC0, 0x03, 0xF0, 0x00, 0x3F, 0xFC, 0x00, 0x3F, 0x00, 0x00, 0xFF,
    0xC0, 0x03, 0xF0, 0x00, 0x07, 0xFC, 0x02, 0xFF, 0xF0, 0x00, 0x2F, 0xC0, 0x7F, 0xFF, 0x00, 0x00,
    0xFC, 0x00, 0x00, 0x00, 0x00, 0x00, 0x00, 0x00, 0x02, 0xFF, 0xE4, 0x00, 0x00, 0x0B, 0xFF, 0xFF,
    0xE0, 0x00, 0x0F, 0xF9, 0x06, 0xFE, 0x00, 0x0F, 0xF4, 0x00, 0x1F, 0xE0, 0x0B, 0xF4, 0x00, 0x02,
    0xFD, 0x03, 0xFC, 0x00, 0x00, 0x3F, 0xC1, 0xFE, 0x00, 0x00, 0x0F, 0xF0, 0xBF, 0x40, 0x00, 0x02,
    0xFD, 0x3F, 0xC0, 0x00, 0x00, 0x7F, 0x8F, 0xF0, 0x00, 0x00, 0x1F, 0xF3, 0xFC, 0x00, 0x00, 0x03,
    0xFC, 0xFF, 0x00, 0x00, 0x01, 0xFF, 0x3F, 0xC0, 0x00, 0x00, 0x7F, 0x8F, 0xF4, 0x00, 0x00, 0x1F,
    0xE2, 0xFD, 0x00, 0x00, 0x0B, 0xF4, 0x3F, 0xC0, 0x00, 0x03, 0xFC, 0x0F, 0xF0, 0x00, 0x01, 0xFE,
    0x00, 0xFF, 0x00, 0x00, 0xFF, 0x00, 0x1F, 0xF0, 0x01, 0xFF, 0x40, 0x01, 0xFF, 0xEB, 0xFF, 0x00,
    0x00, 0x0B, 0xFF, 0xFE, 0x00, 0x00, 0x00, 0x05, 0x50, 0x00, 0x00, 0x2A, 0xAA, 0xAA, 0x00, 0x1F,
    0xFF, 0xFF, 0xF8, 0x01, 0xBF, 0x81, 0xBF, 0xC0, 0x0F, 0xE0, 0x07, 0xF8, 0x03, 0xF8, 0x00, 0xFF,
    0x00, 0xFD, 0x00, 0x2F, 0xC0, 0x3F, 0x40, 0x0B, 0xF0, 0x0F, 0xD0, 0x02, 0xFC, 0x03, 0xF4, 0x00,
    0xFF, 0x00, 0xFD, 0x00, 0xBF, 0x40, 0x3F, 0x81, 0xBF, 0x80, 0x0F, 0xFF, 0xFF, 0x40, 0x03, 0xFF,
    0xE9, 0x00, 0x00, 0xFD, 0x00, 0x00, 0x00, 0x3F, 0x40, 0x00, 0x00, 0x0F, 0xD0, 0x00, 0x00, 0x03,
    0xF4, 0x00, 0x00, 0x00, 0xFE, 0x00, 0x00, 0x00, 0x3F, 0x80, 0x00, 0x00, 0xBF, 0xFF, 0x00, 0x00,
    0x7F, 0xFF, 0xC0, 0x00, 0x00, 0x00, 0x00, 0x00, 0x00, 0x00, 0x02, 0xFF, 0xE4, 0x00, 0x00, 0x02,
    0xFF, 0xFF, 0xF4, 0x00, 0x00, 0xFF, 0x90, 0x6F, 0xE0, 0x00, 0x3F, 0xD0, 0x00, 0xBF, 0x80, 0x0B,
    0xF4, 0x00, 0x02, 0xFD, 0x00, 0xFF, 0x00, 0x00, 0x0F, 0xF0, 0x1F, 0xE0, 0x00, 0x00, 0xFF, 0x02,
    0xFD, 0x00, 0x00, 0x0B, 0xF4, 0x3F, 0xC0, 0x00, 0x00, 0x7F, 0x83, 0xFC, 0x00, 0x00, 0x07, 0xFC,
    0x3F, 0xC0, 0x00, 0x00, 0x3F, 0xC3, 0xFC, 0x00, 0x00, 0x07, 0xFC, 0x3F, 0xC0, 0x00, 0x00, 0x7F,
    0x83, 0xFC, 0x00, 0x00, 0x07, 0xF8, 0x2F, 0xD0, 0x00, 0x00, 0xBF, 0x41, 0xFF, 0x00, 0x00, 0x0F,
    0xF0, 0x0F, 0xF0, 0x00, 0x01, 0xFE, 0x00, 0x3F, 0xC0, 0x00, 0x3F, 0xC0, 0x01, 0xFF, 0x00, 0x1F,
    0xF0, 0x00, 0x07, 0xFF, 0xAF, 0xFC, 0x00, 0x00, 0x0B, 0xFF, 0xFD, 0x00, 0x00, 0x00, 0x01, 0x5F,
    0xE0, 0x00, 0x00, 0x00, 0x00, 0x3F, 0xD0, 0x00, 0x00, 0x00, 0x00, 0xBF, 0xE0, 0x00, 0x00, 0x00,
    0x01, 0xFF, 0xD0, 0x00, 0x00, 0x00, 0x03, 0xFC, 0x00, 0x00, 0x00, 0x00, 0x0B, 0x40, 0x00, 0x00,
    0x00, 0x00, 0x10, 0x2A, 0xAA, 0xA9, 0x00, 0x01, 0xFF, 0xFF, 0xFF, 0x80, 0x01, 0xBF, 0x81, 0xBF,
    0xC0, 0x00, 0xFE, 0x00, 0xBF, 0x40, 0x03, 0xF8, 0x00, 0xFF, 0x00, 0x0F, 0xD0, 0x02, 0xFC, 0x00,
    0x3F, 0x40, 0x0B, 0xF0, 0x00, 0xFD, 0x00, 0x3F, 0xC0, 0x03, 0xF4, 0x00, 0xFE, 0x00, 0x0F, 0xD0,
    0x0F, 0xF0, 0x00, 0x3F, 0x96, 0xFF, 0x00, 0x00, 0xFF, 0xFF, 0xE0, 0x00, 0x03, 0xFA, 0xBF, 0x40,
    0x00, 0x0F, 0xD0, 0xBF, 0x00, 0x00, 0x3F, 0x40, 0xFE, 0x00, 0x00, 0xFD, 0x02, 0xFC, 0x00, 0x03,
    0xF4, 0x03, 0xFC, 0x00, 0x0F, 0xE0, 0x0B, 0xF4, 0x00, 0x3F, 0x80, 0x0F, 0xF0, 0x0B, 0xFF, 0xE0,
    0x2F, 0xFC, 0x7F, 0xFF, 0xC0, 0x3F, 0xF0, 0x00, 0x00, 0x00, 0x00, 0x00, 0x01, 0xBF, 0xF9, 0x00,
    0xBF, 0xFF, 0xFC, 0x2F, 0xE0, 0x1F, 0xC7, 0xF8, 0x00, 0xBC, 0xBF, 0x00, 0x07, 0xCB, 0xF0, 0x00,
    0x78, 0xBF, 0x80, 0x00, 0x07, 0xFE, 0x00, 0x00, 0x3F, 0xFD, 0x00, 0x00, 0xFF, 0xFD, 0x00, 0x02,
    0xFF, 0xFC, 0x00, 0x03, 0xFF, 0xF4, 0x00, 0x07, 0xFF, 0xC0, 0x00, 0x07, 0xFE, 0x00, 0x00, 0x1F,
    0xFB, 0x80, 0x00, 0xFF, 0xB8, 0x00, 0x0F, 0xEB, 0xC0, 0x01, 0xFD, 0xFD, 0x00, 0x7F, 0xCF, 0xFF,
    0xFF, 0xF0, 0x2F, 0xFF, 0xF8, 0x00, 0x05, 0x54, 0x00, 0x2A, 0xAA, 0xAA, 0xAA, 0x97, 0xFF, 0xFF,
    0xFF, 0xFE, 0x7E, 0x57, 0xFE, 0x57, 0xE7, 0xC0, 0x2F, 0xC0, 0x1E, 0x78, 0x02, 0xFC, 0x00, 0xF7,
    0x40, 0x2F, 0xC0, 0x0E, 0x00, 0x02, 0xFC, 0x00, 0x00, 0x00, 0x2F, 0xC0, 0x00, 0x00, 0x02, 0xFC,
    0x00, 0x00, 0x00, 0x2F, 0xC0, 0x00, 0x00, 0x02, 0xFC, 0x00, 0x00, 0x00, 0x2F, 0xC0, 0x00, 0x00,
    0x02, 0xFC, 0x00, 0x00, 0x00, 0x2F, 0xC0, 0x00, 0x00, 0x02, 0xFC, 0x00, 0x00, 0x00, 0x2F, 0xC0,
    0x00, 0x00, 0x02, 0xFC, 0x00, 0x00, 0x00, 0x2F, 0xC0, 0x00, 0x00, 0x02, 0xFC, 0x00, 0x00, 0x02,
    0xFF, 0xFE, 0x00, 0x00, 0x7F, 0xFF, 0xF0, 0x00, 0x00, 0x00, 0x00, 0x00, 0x6A, 0xAA, 0x40, 0x1A,
    0xAA, 0xAF, 0xFF, 0xE0, 0x0B, 0xFF, 0xF1, 0xFF, 0x90, 0x00, 0x7F, 0xD4, 0x1F, 0xD0, 0x00, 0x0B,
    0xE0, 0x07, 0xF4, 0x00, 0x01, 0xF8, 0x01, 0xFD, 0x00, 0x00, 0x7E, 0x00, 0x7F, 0x40, 0x00, 0x1F,
    0x80, 0x1F, 0xD0, 0x00, 0x07, 0xE0, 0x07, 0xF4, 0x00, 0x01, 0xF8, 0x01, 0xFD, 0x00, 0x00, 0x7E,
    0x00, 0x7F, 0x40, 0x00, 0x1F, 0x80, 0x1F, 0xD0, 0x00, 0x07, 0xE0, 0x07, 0xF4, 0x00, 0x01, 0xF8,
    0x01, 0xFD, 0x00, 0x00, 0x7E, 0x00, 0x7F, 0x40, 0x00, 0x1F, 0x40, 0x0F, 0xE0, 0x00, 0x0B, 0xD0,
    0x03, 0xFC, 0x00, 0x03, 0xF0, 0x00, 0x7F, 0x80, 0x02, 0xF8, 0x00, 0x0F, 0xFD, 0x06, 0xFC, 0x00,
    0x00, 0xFF, 0xFF, 0xFD, 0x00, 0x00, 0x0B, 0xFF, 0xF8, 0x00, 0x00, 0x00, 0x05, 0x50, 0x00, 0x00,
    0x6A, 0xAA, 0x40, 0x2A, 0xAA, 0xBF, 0xFF, 0x80, 0x7F, 0xFF, 0x1F, 0xF9, 0x00, 0x17, 0xF9, 0x0B,
    0xF4, 0x00, 0x03, 0xF0, 0x03, 0xF8, 0x00, 0x07, 0xE0, 0x02, 0xFC, 0x00, 0x0F, 0xC0, 0x01, 0xFD,
    0x00, 0x0F, 0x80, 0x00, 0xFE, 0x00, 0x1F, 0x40, 0x00, 0xBF, 0x00, 0x3F, 0x00, 0x00, 0x3F, 0x40,
    0x3E, 0x00, 0x00, 0x3F, 0x80, 0xBD, 0x00, 0x00, 0x1F, 0xC0, 0xFC, 0x00, 0x00, 0x0F, 0xD0, 0xF8,
    0x00, 0x00, 0x0F, 0xF2, 0xF0, 0x00, 0x00, 0x07, 0xF3, 0xF0, 0x00, 0x00, 0x03, 0xFB, 0xE0, 0x00,
    0x00, 0x02, 0xFF, 0xC0, 0x00, 0x00, 0x01, 0xFF, 0xC0, 0x00, 0x00, 0x00, 0xFF, 0x40, 0x00, 0x00,
    0x00, 0xBF, 0x00, 0x00, 0x00, 0x00, 0x3E, 0x00, 0x00, 0x6A, 0xAA, 0x00, 0x00, 0x00, 0x06, 0xAA,
    0x8B, 0xFF, 0xF4, 0x00, 0xF4, 0x00, 0xFF, 0xFD, 0x1F, 0xF9, 0x00, 0x1F, 0x80, 0x01, 0xFF, 0x40,
    0xBF, 0x40, 0x02, 0xFC, 0x00, 0x0F, 0xD0, 0x07, 0xF8, 0x00, 0x3F, 0xD0, 0x00, 0xFC, 0x00, 0x3F,
    0xC0, 0x07, 0xFE, 0x00, 0x1F, 0x40, 0x02, 0xFC, 0x00, 0xBF, 0xF0, 0x02, 0xF0, 0x00, 0x1F, 0xD0,
    0x0F, 0xFF, 0x00, 0x3F, 0x00, 0x00, 0xFE, 0x00, 0xF7, 0xF8, 0x03, 0xE0, 0x00, 0x0B, 0xF0, 0x1F,
    0x1F, 0xC0, 0x7C, 0x00, 0x00, 0x7F, 0x02, 0xF0, 0xFC, 0x0B, 0xC0, 0x00, 0x03, 0xF4, 0x3E, 0x0F,
    0xD0, 0xF8, 0x00, 0x00, 0x2F, 0x87, 0xC0, 0xBE, 0x1F, 0x40, 0x00, 0x01, 0xFC, 0xBC, 0x03, 0xF2,
    0xF0, 0x00, 0x00, 0x0F, 0xDF, 0x80, 0x3F, 0x7E, 0x00, 0x00, 0x00, 0xBE, 0xF4, 0x02, 0xFB, 0xD0,
    0x00, 0x00, 0x07, 0xFF, 0x00, 0x1F, 0xFC, 0x00, 0x00, 0x00, 0x3F, 0xE0, 0x00, 0xFF, 0x80, 0x00,
    0x00, 0x02, 0xFD, 0x00, 0x0B, 0xF4, 0x00, 0x00, 0x00, 0x1F, 0xC0, 0x00, 0x7F, 0x00, 0x00, 0x00,
    0x00, 0xFC, 0x00, 0x03, 0xF0, 0x00, 0x00, 0x2A, 0xAA, 0x80, 0x6A, 0xAA, 0x0F, 0xFF, 0xF0, 0x2F,
    0xFF, 0xC1, 0xBF, 0xE4, 0x01, 0xFF, 0x50, 0x0B, 0xFC, 0x00, 0x7F, 0x00, 0x00, 0xFF, 0x40, 0x3F,
    0x00, 0x00, 0x0F, 0xF0, 0x2F, 0x40, 0x00, 0x01, 0xFE, 0x1F, 0x80, 0x00, 0x00, 0x3F, 0xDF, 0xC0,
    0x00, 0x00, 0x03, 0xFF, 0xD0, 0x00, 0x00, 0x00, 0x7F, 0xE0, 0x00, 0x00, 0x00, 0x0B, 0xF8, 0x00,
    0x00, 0x00, 0x03, 0xFF, 0x00, 0x00, 0x00, 0x02, 0xFF, 0xF0, 0x00, 0x00, 0x01, 0xFA, 0xFE, 0x00,
    0x00, 0x00, 0xFC, 0x3F, 0xD0, 0x00, 0x00, 0xBC, 0x03, 0xFC, 0x00, 0x00, 0x7E, 0x00, 0x7F, 0xC0,
    0x00, 0x7F, 0x00, 0x0F, 0xF8, 0x00, 0x7F, 0x40, 0x00, 0xFF, 0x41, 0xFF, 0xFC, 0x01, 0xFF, 0xFE,
    0x7F, 0xFF, 0x00, 0x7F, 0xFF, 0x80, 0x00, 0x00, 0x00, 0x00, 0x00, 0x6A, 0xAA, 0x40, 0x6A, 0xA9,
    0xBF, 0xFF, 0x40, 0xBF, 0xFE, 0x1F, 0xFD, 0x00, 0x1F, 0xF4, 0x03, 0xFC, 0x00, 0x0F, 0xC0, 0x01,
    0xFD, 0x00, 0x1F, 0x40, 0x00, 0xFF, 0x00, 0x3F, 0x00, 0x00, 0x7F, 0x40, 0x7D, 0x00, 0x00, 0x3F,
    0xC0, 0xFC, 0x00, 0x00, 0x1F, 0xD1, 0xF4, 0x00, 0x00, 0x0F, 0xF3, 0xF0, 0x00, 0x00, 0x07, 0xFF,
    0xD0, 0x00, 0x00, 0x02, 0xFF, 0xC0, 0x00, 0x00, 0x00, 0xFF, 0x40, 0x00, 0x00, 0x00, 0xBF, 0x00,
    0x00, 0x00, 0x00, 0xBF, 0x00, 0x00, 0x00, 0x00, 0xBF, 0x00, 0x00, 0x00, 0x00, 0xBF, 0x00, 0x00,
    0x00, 0x00, 0xBF, 0x00, 0x00, 0x00, 0x00, 0xFF, 0x00, 0x00, 0x00, 0x0B, 0xFF, 0xF4, 0x00, 0x00,
    0x0F, 0xFF, 0xF4, 0x00, 0x00, 0x00, 0x00, 0x00, 0x00, 0x1E, 0xAA, 0xAA, 0xA9, 0x0B, 0xFF, 0xFF,
    0xFF, 0x82, 0xFA, 0xAA, 0xBF, 0xE0, 0xF8, 0x00, 0x0F, 0xF0, 0x3C, 0x00, 0x0B, 0xF4, 0x0B, 0x00,
    0x07, 0xF8, 0x00, 0x00, 0x03, 0xFC, 0x00, 0x00, 0x02, 0xFD, 0x00, 0x00, 0x00, 0xFE, 0x00, 0x00,
    0x00, 0xFF, 0x00, 0x00, 0x00, 0x7F, 0x40, 0x00, 0x00, 0x3F, 0xC0, 0x00, 0x00, 0x2F, 0xC0, 0x00,
    0x00, 0x1F, 0xE0, 0x00, 0x00, 0x0F, 0xF0, 0x00, 0x00, 0x0B, 0xF4, 0x00, 0x14, 0x07, 0xFC, 0x00,
    0x0F, 0x03, 0xFC, 0x00, 0x03, 0xC2, 0xFF, 0x00, 0x02, 0xF0, 0xFF, 0xFF, 0xFF, 0xFC, 0x3F, 0xFF,
    0xFF, 0xFE, 0x00, 0x00, 0x00, 0x00, 0x00, 0x00, 0x00, 0x3F, 0xFD, 0x3F, 0xE8, 0x3F, 0x00, 0x3F,
    0x00, 0x3F, 0x00, 0x3F, 0x00, 0x3F, 0x00, 0x3F, 0x00, 0x3F, 0x00, 0x3F, 0x00, 0x3F, 0x00, 0x3F,
    0x00, 0x3F, 0x00, 0x3F, 0x00, 0x3F, 0x00, 0x3F, 0x00, 0x3F, 0x00, 0x3F, 0x00, 0x3F, 0x00, 0x3F,
    0x00, 0x3F, 0x00, 0x3F, 0x00, 0x3F, 0x00, 0x3F, 0x00, 0x3F, 0x00, 0x3F, 0xE8, 0x3F, 0xFD, 0x00,
    0x00, 0x04, 0x00, 0x00, 0x7C, 0x00, 0x00, 0x3E, 0x00, 0x00, 0x2F, 0x00, 0x00, 0x1F, 0x40, 0x00,
    0x0F, 0x80, 0x00, 0x0B, 0xC0, 0x00, 0x03, 0xE0, 0x00, 0x03, 0xF0, 0x00, 0x01, 0xF4, 0x00, 0x00,
    0xF8, 0x00, 0x00, 0xBC, 0x00, 0x00, 0x7D, 0x00, 0x00, 0x3F, 0x00, 0x00, 0x2F, 0x00, 0x00, 0x0F,
    0x80, 0x00, 0x0F, 0xC0, 0x00, 0x07, 0xD0, 0x00, 0x03, 0xE0, 0x00, 0x02, 0xF0, 0x00, 0x01, 0xF4,
    0x00, 0x00, 0xFC, 0x00, 0x00, 0xBC, 0x00, 0x00, 0x3E, 0x00, 0x00, 0x28, 0x00, 0x02, 0xFF, 0xF6,
    0xBF, 0xC0, 0x3F, 0x00, 0xFC, 0x03, 0xF0, 0x0F, 0xC0, 0x3F, 0x00, 0xFC, 0x03, 0xF0, 0x0F, 0xC0,
    0x3F, 0x00, 0xFC, 0x03, 0xF0, 0x0F, 0xC0, 0x3F, 0x00, 0xFC, 0x03, 0xF0, 0x0F, 0xC0, 0x3F, 0x00,
    0xFC, 0x03, 0xF0, 0x0F, 0xC0, 0x3F, 0x00, 0xFC, 0x03, 0xF6, 0xBF, 0xEF, 0xFE, 0x00, 0x00, 0x00,
    0x00, 0x40, 0x00, 0x00, 0x00, 0x34, 0x00, 0x00, 0x00, 0x2F, 0x00, 0x00, 0x00, 0x0F, 0xD0, 0x00,
    0x00, 0x0B, 0xFC, 0x00, 0x00, 0x03, 0xFF, 0x40, 0x00, 0x02, 0xF3, 0xF0, 0x00, 0x00, 0xF8, 0x7D,
    0x00, 0x00, 0x7C, 0x0F, 0xC0, 0x00, 0x3E, 0x01, 0xF4, 0x00, 0x1F, 0x40, 0x3F, 0x00, 0x0F, 0xC0,
    0x07, 0xD0, 0x07, 0xD0, 0x00, 0xF8, 0x03, 0xF0, 0x00, 0x2F, 0x01, 0xF4, 0x00, 0x03, 0xE0, 0xFC,
    0x00, 0x00, 0xBC, 0x7D, 0x00, 0x00, 0x0F, 0x86, 0x00, 0x00, 0x02, 0x80, 0xBF, 0xFF, 0xFF, 0xFB,
    0xFF, 0xFF, 0xFF, 0xFB, 0xFF, 0xFF, 0xFF, 0x80, 0x08, 0x00, 0x3F, 0x00, 0x1F, 0xC0, 0x03, 0xF0,
    0x00, 0xF8, 0x00, 0x2C, 0x00, 0x00, 0x06, 0xAE, 0x40, 0x00, 0xFF, 0xFF, 0xD0, 0x03, 0xFA, 0x7F,
    0xC0, 0x0B, 0x80, 0x3F, 0x80, 0x2D, 0x00, 0xBF, 0x00, 0x50, 0x01, 0xFC, 0x00, 0x00, 0x0B, 0xF0,
    0x00, 0x6F, 0xFF, 0xC0, 0x1F, 0xFA, 0xBF, 0x01, 0xFD, 0x01, 0xFC, 0x0B, 0xF0, 0x0B, 0xF0, 0x2F,
    0xC0, 0x3F, 0xC0, 0xBF, 0x97, 0xFF, 0x00, 0xFF, 0xFD, 0xFF, 0xC1, 0xFF, 0xD3, 0xFF, 0x00, 0x10,
    0x00, 0x00, 0x00, 0x00, 0x00, 0x00, 0x0F, 0xFF, 0x00, 0x00, 0x03, 0xFF, 0xC0, 0x00, 0x00, 0x0F,
    0xF0, 0x00, 0x00, 0x03, 0xF8, 0x00, 0x00, 0x00, 0xBE, 0x00, 0x00, 0x00, 0x2F, 0x80, 0x00, 0x00,
    0x0B, 0xE0, 0x00, 0x00, 0x02, 0xF8, 0x2E, 0x80, 0x00, 0xBE, 0xBF, 0xFD, 0x00, 0x2F, 0xFF, 0xFF,
    0xC0, 0x0B, 0xFC, 0x0B, 0xF8, 0x02, 0xFC, 0x00, 0xFF, 0x00, 0xBF, 0x00, 0x2F, 0xC0, 0x2F, 0x80,
    0x0B, 0xF4, 0x0B, 0xE0, 0x01, 0xFD, 0x02, 0xF8, 0x00, 0x7F, 0x40, 0xBE, 0x00, 0x2F, 0xC0, 0x2F,
    0x80, 0x0F, 0xF0, 0x0F, 0xE0, 0x03, 0xF8, 0x03, 0xFC, 0x07, 0xFC, 0x00, 0xFF, 0xFF, 0xFC, 0x00,
    0x1B, 0xFF, 0xF8, 0x00, 0x00, 0x01, 0x40, 0x00, 0x00, 0x6B, 0xA4, 0x00, 0xFF, 0xFF, 0xC0, 0xFF,
    0x57, 0xF0, 0xBF, 0x00, 0x7C, 0x3F, 0x80, 0x1F, 0x1F, 0xD0, 0x02, 0x8B, 0xF4, 0x00, 0x02, 0xFC,
    0x00, 0x00, 0xBF, 0x00, 0x00, 0x2F, 0xD0, 0x00, 0x07, 0xF8, 0x00, 0x00, 0xFF, 0x00, 0x00, 0x2F,
    0xF4, 0x1B, 0x02, 0xFF, 0xFF, 0xD0, 0x1F, 0xFF, 0x80, 0x00, 0x15, 0x00, 0x00, 0x00, 0x00, 0x00,
    0x00, 0x01, 0xFF, 0xE0, 0x00, 0x01, 0xFF, 0xE0, 0x00, 0x00, 0x0F, 0xE0, 0x00, 0x00, 0x0F, 0xE0,
    0x00, 0x00, 0x0F, 0xD0, 0x00, 0x00, 0x0F, 0xD0, 0x00, 0x00, 0x0F, 0xD0, 0x00, 0x6B, 0xAF, 0xD0,
    0x03, 0xFF, 0xFF, 0xD0, 0x0F, 0xFA, 0xBF, 0xD0, 0x2F, 0xD0, 0x0F, 0xD0, 0x3F, 0x80, 0x0F, 0xD0,
    0x7F, 0x40, 0x0F, 0xD0, 0xBF, 0x00, 0x0F, 0xD0, 0xBF, 0x00, 0x0F, 0xD0, 0xBF, 0x00, 0x0F, 0xD0,
    0xBF, 0x40, 0x0F, 0xD0, 0x7F, 0x80, 0x1F, 0xD0, 0x3F, 0xC0, 0x3F, 0xE0, 0x2F, 0xF9, 0xFF, 0xE0,
    0x0F, 0xFF, 0xFB, 0xFD, 0x02, 0xFF, 0x87, 0xFD, 0x00, 0x14, 0x00, 0x00, 0x00, 0x6A, 0x90, 0x00,
    0x3F, 0xFF, 0xC0, 0x0F, 0xE1, 0xFF, 0x02, 0xFC, 0x03, 0xF4, 0x3F, 0x40, 0x3F, 0x87, 0xF4, 0x03,
    0xFC, 0xBF, 0xAA, 0xFF, 0xCB, 0xFF, 0xFF, 0xFC, 0xBF, 0x55, 0x55, 0x0B, 0xF4, 0x00, 0x00, 0x7F,
    0x80, 0x00, 0x03, 0xFC, 0x00, 0x00, 0x1F, 0xF4, 0x0B, 0x00, 0xBF, 0xFF, 0xF4, 0x01, 0xFF, 0xFD,
    0x00, 0x00, 0x54, 0x00, 0x00, 0x05, 0x40, 0x0B, 0xFF, 0x03, 0xFB, 0xF0, 0x7E, 0x1E, 0x0B, 0xD1,
    0xE0, 0xFD, 0x04, 0x0F, 0xD0, 0x00, 0xFD, 0x00, 0x1F, 0xE5, 0x4B, 0xFF, 0xFC, 0x6F, 0xFA, 0x80,
    0xFE, 0x00, 0x0F, 0xE0, 0x00, 0xFE, 0x00, 0x0F, 0xE0, 0x00, 0xFE, 0x00, 0x0F, 0xE0, 0x00, 0xFE,
    0x00, 0x0F, 0xE0, 0x00, 0xFE, 0x00, 0x0F, 0xF0, 0x0B, 0xFF, 0xF4, 0xFF, 0xFF, 0x40, 0x00, 0x00,
    0x00, 0x2B, 0x90, 0x64, 0x0B, 0xFF, 0xFF, 0xE0, 0xFF, 0x07, 0xFE, 0x47, 0xF4, 0x0B, 0xF0, 0x2F,
    0xC0, 0x2F, 0xC0, 0xBF, 0x00, 0x7F, 0x02, 0xFC, 0x02, 0xFC, 0x07, 0xF0, 0x0B, 0xF0, 0x0F, 0xF0,
    0x7F, 0x40, 0x0F, 0xFF, 0xF4, 0x00, 0x1E, 0xF9, 0x00, 0x01, 0xF0, 0x00, 0x00, 0x0F, 0xE5, 0x00,
    0x00, 0x3F, 0xFF, 0xFE, 0x00, 0x3F, 0xFF, 0xFF, 0x01, 0xFB, 0xFF, 0xFD, 0x2F, 0x00, 0x07, 0xF8,
    0xFC, 0x00, 0x0B, 0xD3, 0xF4, 0x00, 0x3F, 0x0F, 0xF9, 0x17, 0xF0, 0x0F, 0xFF, 0xFE, 0x00, 0x06,
    0xFE, 0x80, 0x00, 0x00, 0x00, 0x00, 0x00, 0x07, 0xFF, 0x40, 0x00, 0x00, 0x7F, 0xF4, 0x00, 0x00,
    0x00, 0x7F, 0x40, 0x00, 0x00, 0x03, 0xF4, 0x00, 0x00, 0x00, 0x3F, 0x40, 0x00, 0x00, 0x03, 0xF4,
    0x00, 0x00, 0x00, 0x3F, 0x40, 0x00, 0x00, 0x03, 0xF4, 0x6A, 0x40, 0x00, 0x3F, 0x6F, 0xFF, 0x00,
    0x03, 0xFF, 0xFF, 0xF8, 0x00, 0x3F, 0xE0, 0x3F, 0xC0, 0x03, 0xFC, 0x00, 0xFD, 0x00, 0x3F, 0x80,
    0x0F, 0xD0, 0x03, 0xF4, 0x00, 0xFD, 0x00, 0x3F, 0x40, 0x0F, 0xD0, 0x03, 0xF4, 0x00, 0xFD, 0x00,
    0x3F, 0x40, 0x0F, 0xD0, 0x03, 0xF4, 0x00, 0xFD, 0x00, 0x3F, 0x40, 0x0F, 0xE0, 0x07, 0xF8, 0x00,
    0xFE, 0x07, 0xFF, 0xF8, 0xBF, 0xFE, 0x7F, 0xFF, 0x4F, 0xFF, 0xE0, 0x00, 0x00, 0x00, 0x00, 0x01,
    0x00, 0x03, 0xF0, 0x01, 0xFD, 0x00, 0x3F, 0x40, 0x06, 0x40, 0x00, 0x00, 0x00, 0x00, 0x01, 0x55,
    0x40, 0xFF, 0xF0, 0x2F, 0xFC, 0x00, 0xBF, 0x00, 0x2F, 0xC0, 0x0B, 0xF0, 0x02, 0xFC, 0x00, 0xBF,
    0x00, 0x2F, 0xC0, 0x0B, 0xF0, 0x02, 0xFC, 0x00, 0xBF, 0x00, 0x2F, 0xC0, 0xBF, 0xFF, 0x2F, 0xFF,
    0xC0, 0x00, 0x00, 0x00, 0x40, 0x0F, 0xC0, 0xBF, 0x01, 0xFC, 0x02, 0x90, 0x00, 0x00, 0x00, 0x05,
    0x54, 0x7F, 0xF8, 0xBF, 0xE0, 0x3F, 0x80, 0xFE, 0x03, 0xF4, 0x0F, 0xD0, 0x3F, 0x40, 0xFD, 0x03,
    0xF4, 0x0F, 0xD0, 0x3F, 0x40, 0xFD, 0x03, 0xF4, 0x0F, 0xD0, 0x3F, 0x41, 0xFC, 0x0F, 0xD0, 0x3E,
    0x01, 0xF0, 0x0F, 0x00, 0x14, 0x00, 0x00, 0x00, 0x00, 0x00, 0x07, 0xFF, 0x40, 0x00, 0x00, 0x7F,
    0xF4, 0x00, 0x00, 0x00, 0x7F, 0x40, 0x00, 0x00, 0x03, 0xF4, 0x00, 0x00, 0x00, 0x3F, 0x40, 0x00,
    0x00, 0x03, 0xF4, 0x00, 0x00, 0x00, 0x3F, 0x40, 0x00, 0x00, 0x03, 0xF4, 0x05, 0x55, 0x40, 0x3F,
    0x42, 0xFF, 0xFC, 0x03, 0xF4, 0x1F, 0xFD, 0x40, 0x3F, 0x40, 0xFD, 0x00, 0x03, 0xF4, 0x3F, 0x40,
    0x00, 0x3F, 0x4F, 0xD0, 0x00, 0x03, 0xF6, 0xF8, 0x00, 0x00, 0x3F, 0x7F, 0xC0, 0x00, 0x03, 0xF5,
    0xFE, 0x00, 0x00, 0x3F, 0x4B, 0xF4, 0x00, 0x03, 0xF4, 0x3F, 0xC0, 0x00, 0x3F, 0x41, 0xFF, 0x00,
    0x07, 0xF8, 0x0B, 0xFC, 0x07, 0xFF, 0xF8, 0xBF, 0xFD, 0x7F, 0xFF, 0x4B, 0xFF, 0xD0, 0x00, 0x00,
    0x00, 0x00, 0x00, 0x00, 0x1F, 0xFD, 0x07, 0xFF, 0x40, 0x1F, 0xD0, 0x03, 0xF4, 0x00, 0xFD, 0x00,
    0x3F, 0x40, 0x0F, 0xD0, 0x03, 0xF4, 0x00, 0xFD, 0x00, 0x3F, 0x40, 0x0F, 0xD0, 0x03, 0xF4, 0x00,
    0xFD, 0x00, 0x3F, 0x40, 0x0F, 0xD0, 0x03, 0xF4, 0x00, 0xFD, 0x00, 0x3F, 0x40, 0x0F, 0xD0, 0x07,
    0xF8, 0x1F, 0xFF, 0xE7, 0xFF, 0xF4, 0x00, 0x00, 0x55, 0x40, 0xAA, 0x00, 0x6E, 0x40, 0x0F, 0xFD,
    0x7F, 0xFD, 0x2F, 0xFF, 0x00, 0xBF, 0xEF, 0xFF, 0xFB, 0xEF, 0xF8, 0x00, 0xBF, 0xC0, 0x7F, 0xF0,
    0x3F, 0xC0, 0x0B, 0xF4, 0x03, 0xFC, 0x01, 0xFC, 0x00, 0xBF, 0x00, 0x3F, 0xC0, 0x0F, 0xC0, 0x0B,
    0xF0, 0x03, 0xF8, 0x00, 0xFC, 0x00, 0xBF, 0x00, 0x3F, 0x80, 0x0F, 0xC0, 0x0B, 0xF0, 0x03, 0xF8,
    0x00, 0xFC, 0x00, 0xBF, 0x00, 0x3F, 0x80, 0x0F, 0xC0, 0x0B, 0xF0, 0x03, 0xF8, 0x00, 0xFC, 0x00,
    0xBF, 0x00, 0x3F, 0x80, 0x0F, 0xD0, 0x0B, 0xF0, 0x03, 0xFC, 0x01, 0xFD, 0x0B, 0xFF, 0xF2, 0xFF,
    0xF8, 0xFF, 0xFD, 0xBF, 0xFF, 0x2F, 0xFF, 0x8F, 0xFF, 0xD0, 0x00, 0x00, 0x00, 0x00, 0x00, 0x00,
    0x55, 0x40, 0x6A, 0x40, 0x0F, 0xFD, 0x7F, 0xFE, 0x00, 0xBF, 0xEF, 0xEF, 0xF4, 0x00, 0xBF, 0xD0,
    0x3F, 0x80, 0x0B, 0xF8, 0x02, 0xFC, 0x00, 0xBF, 0x00, 0x1F, 0xC0, 0x0B, 0xF0, 0x01, 0xFC, 0x00,
    0xBF, 0x00, 0x1F, 0xC0, 0x0B, 0xF0, 0x01, 0xFC, 0x00, 0xBF, 0x00, 0x1F, 0xC0, 0x0B, 0xF0, 0x01,
    0xFC, 0x00, 0xBF, 0x00, 0x1F, 0xC0, 0x0B, 0xF0, 0x02, 0xFC, 0x0B, 0xFF, 0xF0, 0xFF, 0xFC, 0xBF,
    0xFF, 0x0F, 0xFF, 0xC0, 0x00, 0x00, 0x00, 0x00, 0x00, 0x6B, 0x90, 0x00, 0x0F, 0xFF, 0xF8, 0x00,
    0xFF, 0x5B, 0xF8, 0x0F, 0xF0, 0x07, 0xF4, 0x3F, 0x80, 0x0F, 0xE1, 0xFD, 0x00, 0x2F, 0xCB, 0xF0,
    0x00, 0xBF, 0x2F, 0xC0, 0x02, 0xFC, 0xBF, 0x00, 0x0B, 0xF2, 0xFC, 0x00, 0x2F, 0xC7, 0xF4, 0x00,
    0xFF, 0x0F, 0xE0, 0x03, 0xF8, 0x2F, 0xD0, 0x3F, 0xC0, 0x2F, 0xFF, 0xFD, 0x00, 0x1F, 0xFF, 0xC0,
    0x00, 0x01, 0x50, 0x00, 0x15, 0x40, 0x6E, 0x40, 0x1F, 0xFC, 0xBF, 0xFC, 0x02, 0xFF, 0xBF, 0xFF,
    0xC0, 0x0F, 0xF8, 0x0F, 0xF8, 0x03, 0xFC, 0x00, 0xFF, 0x00, 0xFE, 0x00, 0x3F, 0xC0, 0x3F, 0x80,
    0x0B, 0xF0, 0x0F, 0xD0, 0x02, 0xFC, 0x03, 0xF4, 0x00, 0xBF, 0x00, 0xFD, 0x00, 0x2F, 0xC0, 0x3F,
    0x40, 0x0F, 0xF0, 0x0F, 0xD0, 0x07, 0xF4, 0x03, 0xFD, 0x07, 0xFC, 0x00, 0xFF, 0xFF, 0xFC, 0x00,
    0x3F, 0xFF, 0xF8, 0x00, 0x0F, 0xD1, 0x40, 0x00, 0x03, 0xF4, 0x00, 0x00, 0x00, 0xFE, 0x00, 0x00,
    0x00, 0x3F, 0x80, 0x00, 0x00, 0x0F, 0xF0, 0x00, 0x00, 0x2F, 0xFF, 0xC0, 0x00, 0x0A, 0xAA, 0xA0,
    0x00, 0x00, 0x00, 0x6B, 0xA5, 0x00, 0x03, 0xFF, 0xFF, 0xE0, 0x0F, 0xFE, 0xBF, 0xE0, 0x2F, 0xD0,
    0x0F, 0xE0, 0x3F, 0x80, 0x0F, 0xE0, 0x7F, 0x40, 0x0F, 0xD0, 0xBF, 0x00, 0x0F, 0xD0, 0xBF, 0x00,
    0x0F, 0xD0, 0xBF, 0x00, 0x0F, 0xD0, 0xBF, 0x40, 0x0F, 0xD0, 0x7F, 0x80, 0x1F, 0xD0, 0x3F, 0xC0,
    0x3F, 0xD0, 0x2F, 0xF5, 0xFF, 0xD0, 0x0F, 0xFF, 0xFF, 0xD0, 0x03, 0xFF, 0x8F, 0xD0, 0x00, 0x14,
    0x0F, 0xD0, 0x00, 0x00, 0x0F, 0xD0, 0x00, 0x00, 0x0F, 0xE0, 0x00, 0x00, 0x0F, 0xE0, 0x00, 0x00,
    0x1F, 0xE0, 0x00, 0x02, 0xFF, 0xFD, 0x00, 0x01, 0xAA, 0xA8, 0x55, 0x40, 0xA9, 0x3F, 0xF5, 0xFF,
    0xCB, 0xFE, 0xFF, 0xF0, 0x2F, 0xF4, 0xBC, 0x0B, 0xF8, 0x1E, 0x02, 0xFC, 0x07, 0x80, 0xBF, 0x00,
    0x00, 0x2F, 0xC0, 0x00, 0x0B, 0xF0, 0x00, 0x02, 0xFC, 0x00, 0x00, 0xBF, 0x00, 0x00, 0x2F, 0xC0,
    0x00, 0x0B, 0xF0, 0x00, 0x2F, 0xFF, 0xE0, 0x0B, 0xFF, 0xF8, 0x00, 0x00, 0x00, 0x00, 0x01, 0xBA,
    0x90, 0x3F, 0xFF, 0xD3, 0xF9, 0x6F, 0x0F, 0xC0, 0x3C, 0x7F, 0x00, 0xF0, 0xFF, 0x80, 0x43, 0xFF,
    0xE0, 0x03, 0xFF, 0xF4, 0x02, 0xFF, 0xF4, 0x00, 0xBF, 0xF3, 0xC0, 0x3F, 0xCF, 0x00, 0x7F, 0x3D,
    0x02, 0xF9, 0xFF, 0xBF, 0xC2, 0xFF, 0xFC, 0x00, 0x04, 0x00, 0x00, 0x20, 0x00, 0x03, 0xD0, 0x00,
    0x1F, 0x40, 0x07, 0xFE, 0x54, 0x7F, 0xFF, 0xF0, 0xAF, 0xEA, 0x80, 0x3F, 0x40, 0x00, 0xFD, 0x00,
    0x03, 0xF4, 0x00, 0x0F, 0xD0, 0x00, 0x3F, 0x40, 0x00, 0xFD, 0x00, 0x03, 0xF4, 0x00, 0x0F, 0xD0,
    0x00, 0x3F, 0x40, 0x00, 0xFE, 0x08, 0x02, 0xFF, 0xF8, 0x03, 0xFF, 0x80, 0x01, 0x50, 0x00, 0x15,
    0x50, 0x05, 0x54, 0x03, 0xFF, 0x42, 0xFF, 0xD0, 0x2F, 0xF4, 0x1B, 0xFD, 0x00, 0x7F, 0x00, 0x1F,
    0xC0, 0x07, 0xF0, 0x01, 0xFC, 0x00, 0x7F, 0x00, 0x1F, 0xC0, 0x07, 0xF0, 0x01, 0xFC, 0x00, 0x7F,
    0x00, 0x1F, 0xC0, 0x07, 0xF0, 0x01, 0xFC, 0x00, 0x7F, 0x00, 0x1F, 0xC0, 0x03, 0xF0, 0x02, 0xFC,
    0x00, 0x3F, 0x80, 0x3F, 0xC0, 0x03, 0xFE, 0x5F, 0xFD, 0x00, 0x1F, 0xFF, 0xDF, 0xFC, 0x00, 0x7F,
    0xF4, 0xBF, 0xC0, 0x00, 0x00, 0x00, 0x00, 0x15, 0x55, 0x05, 0x55, 0x1F, 0xFF, 0xC3, 0xFF, 0xD2,
    0xFF, 0x90, 0x7F, 0xE0, 0x0F, 0xE0, 0x0B, 0xD0, 0x02, 0xFC, 0x03, 0xF0, 0x00, 0x7F, 0x00, 0xF8,
    0x00, 0x0F, 0xD0, 0xBC, 0x00, 0x02, 0xF8, 0x3F, 0x00, 0x00, 0x3F, 0x0F, 0x40, 0x00, 0x0F, 0xDB,
    0xC0, 0x00, 0x02, 0xFB, 0xE0, 0x00, 0x00, 0x3F, 0xF4, 0x00, 0x00, 0x0F, 0xFC, 0x00, 0x00, 0x01,
    0xFE, 0x00, 0x00, 0x00, 0x3F, 0x40, 0x00, 0x15, 0x55, 0x00, 0x50, 0x05, 0x55, 0x1F, 0xFF, 0xC0,
    0xBC, 0x07, 0xFF, 0xC2, 0xFF, 0x90, 0x3F, 0x40, 0x6F, 0xE0, 0x1F, 0xC0, 0x0F, 0xE0, 0x0B, 0xE0,
    0x03, 0xF4, 0x07, 0xFC, 0x03, 0xF0, 0x00, 0xBE, 0x03, 0xFF, 0x00, 0xF8, 0x00, 0x1F, 0xC0, 0xFF,
    0xE0, 0xBD, 0x00, 0x03, 0xF4, 0x7E, 0xFC, 0x3F, 0x00, 0x00, 0xBE, 0x2F, 0x3F, 0x0F, 0x80, 0x00,
    0x1F, 0xCF, 0x8B, 0xD7, 0xC0, 0x00, 0x03, 0xFB, 0xC1, 0xFB, 0xF0, 0x00, 0x00, 0xBF, 0xF0, 0x3F,
    0xF4, 0x00, 0x00, 0x0F, 0xF8, 0x0B, 0xFC, 0x00, 0x00, 0x03, 0xFC, 0x01, 0xFE, 0x00, 0x00, 0x00,
    0x7F, 0x00, 0x3F, 0x40, 0x00, 0x55, 0x54, 0x15, 0x54, 0xFF, 0xFC, 0x7F, 0xFC, 0x6F, 0xF4, 0x1F,
    0xE4, 0x0B, 0xF4, 0x2F, 0xC0, 0x02, 0xFC, 0x3F, 0x00, 0x00, 0xFE, 0xFC, 0x00, 0x00, 0x7F, 0xF4,
    0x00, 0x00, 0x2F, 0xF0, 0x00, 0x00, 0x3F, 0xF4, 0x00, 0x00, 0xBF, 0xFC, 0x00, 0x01, 0xF8, 0xFF,
    0x00, 0x07, 0xF0, 0x3F, 0xC0, 0x0F, 0xD0, 0x2F, 0xF0, 0xFF, 0xF4, 0x7F, 0xFE, 0xFF, 0xF4, 0xBF,
    0xFE, 0x00, 0x00, 0x00, 0x00, 0x15, 0x55, 0x05, 0x55, 0x1F, 0xFF, 0xC3, 0xFF, 0xE2, 0xFF, 0x90,
    0x6F, 0xE4, 0x0F, 0xD0, 0x07, 0xE0, 0x03, 0xF8, 0x03, 0xF4, 0x00, 0x7F, 0x00, 0xFC, 0x00, 0x0F,
    0xD0, 0x7D, 0x00, 0x02, 0xFC, 0x3F, 0x00, 0x00, 0x3F, 0x0F, 0x80, 0x00, 0x0F, 0xE7, 0xD0, 0x00,
    0x01, 0xFE, 0xF0, 0x00, 0x00, 0x3F, 0xF8, 0x00, 0x00, 0x0B, 0xFC, 0x00, 0x00, 0x00, 0xFF, 0x00,
    0x00, 0x00, 0x3F, 0x40, 0x00, 0x00, 0x0B, 0xC0, 0x00, 0x00, 0x03, 0xE0, 0x00, 0x00, 0x01, 0xF4,
    0x00, 0x00, 0x00, 0xFC, 0x00, 0x00, 0x00, 0x7E, 0x00, 0x00, 0x00, 0x3F, 0x00, 0x00, 0x00, 0x0B,
    0xC0, 0x00, 0x00, 0x00, 0x00, 0x00, 0x00, 0x15, 0x55, 0x55, 0x1F, 0xFF, 0xFF, 0xC7, 0xFA, 0xAF,
    0xF1, 0xF0, 0x0B, 0xF4, 0x78, 0x07, 0xF4, 0x19, 0x03, 0xF8, 0x00, 0x02, 0xFC, 0x00, 0x01, 0xFD,
    0x00, 0x00, 0xFE, 0x00, 0x00, 0xBF, 0x00, 0x00, 0x7F, 0x40, 0x74, 0x3F, 0xC0, 0x2D, 0x3F, 0xD0,
    0x0F, 0x6F, 0xFF, 0xFF, 0xC7, 0xFF, 0xFF, 0xF0, 0x00, 0x00, 0x00, 0x00, 0x00, 0x07, 0xFF, 0xC1,
    0xFE, 0xA0, 0x3F, 0x00, 0x0F, 0xC0, 0x02, 0xF0, 0x00, 0x7C, 0x00, 0x0F, 0x40, 0x03, 0xD0, 0x00,
    0xF8, 0x00, 0x2F, 0x00, 0x0B, 0xC0, 0x07, 0xF4, 0x0F, 0xF4, 0x07, 0xD0, 0x00, 0xFF, 0x80, 0x03,
    0xF4, 0x00, 0xBC, 0x00, 0x3F, 0x00, 0x0F, 0x80, 0x03, 0xD0, 0x01, 0xF4, 0x00, 0x7C, 0x00, 0x2F,
    0x00, 0x0F, 0xC0, 0x03, 0xF0, 0x01, 0xFF, 0xA0, 0x7F, 0xFC, 0x00, 0x00, 0x00, 0x03, 0xDF, 0xBE,
    0xFB, 0xEF, 0xBE, 0xFB, 0xEF, 0xBE, 0xFB, 0xEF, 0xBE, 0xFB, 0xEF, 0xBE, 0xFB, 0xEF, 0xBE, 0xFB,
    0xE5, 0x40, 0x00, 0x00, 0x1F, 0xFF, 0x02, 0xBF, 0xC0, 0x07, 0xE0, 0x01, 0xF8, 0x00, 0x7D, 0x00,
    0x2F, 0x00, 0x0B, 0xC0, 0x03, 0xE0, 0x00, 0xF8, 0x00, 0x3D, 0x00, 0x1F, 0x40, 0x0B, 0xE0, 0x00,
    0xBF, 0x80, 0x02, 0xF0, 0x1B, 0xF8, 0x0B, 0xE0, 0x01, 0xF4, 0x00, 0x3D, 0x00, 0x0F, 0x80, 0x03,
    0xE0, 0x00, 0xBC, 0x00, 0x2F, 0x00, 0x07, 0xD0, 0x01, 0xF8, 0x00, 0x7F, 0x06, 0xBF, 0xC1, 0xFF,
    0xF0, 0x00, 0x00, 0x00, 0x00, 0x50, 0x00, 0x00, 0x1F, 0xFD, 0x01, 0xD0, 0xFF, 0xFF, 0xFF, 0x4F,
    0xDB, 0xFF, 0xF8, 0x08, 0x00, 0x7F, 0x80, 0x00, 0x00, 0x00, 0x00, 0x1A, 0x0F, 0xE3, 0xF8, 0xFD,
    0x05, 0x00, 0x00, 0x00, 0x7C, 0x1F, 0x07, 0xC1, 0xF0, 0x7C, 0x2F, 0x0B, 0xC2, 0xF0, 0xBC, 0x2F,
    0x4F, 0xD3, 0xF4, 0xFD, 0x3F, 0x4F, 0xD3, 0xF4, 0x00, 0x00, 0x03, 0x40, 0x00, 0x01, 0xD0, 0x00,
    0x00, 0x70, 0x00, 0x00, 0x1C, 0x00, 0x00, 0xBF, 0xF9, 0x01, 0xFF, 0xFF, 0xC1, 0xFE, 0x02, 0xF0,
    0xFF, 0x00, 0x7C, 0x7F, 0x40, 0x1F, 0x2F, 0xC0, 0x00, 0x0B, 0xF0, 0x00, 0x02, 0xFC, 0x00, 0x00,
    0xBF, 0x00, 0x00, 0x2F, 0xC0, 0x00, 0x07, 0xF4, 0x00, 0x00, 0xFF, 0x00, 0x00, 0x1F, 0xF9, 0x6F,
    0x01, 0xFF, 0xFF, 0xC0, 0x0B, 0xFE, 0x40, 0x00, 0x38, 0x00, 0x00, 0x0E, 0x00, 0x00, 0x03, 0x80,
    0x00, 0x00, 0xD0, 0x00, 0x00, 0x00, 0x00, 0x00, 0x00, 0x54, 0x00, 0x00, 0x1F, 0xFF, 0xF8, 0x00,
    0xBF, 0xFF, 0xFC, 0x01, 0xFD, 0x00, 0xBC, 0x03, 0xF8, 0x00, 0x7C, 0x03, 0xF8, 0x00, 0x78, 0x03,
    0xF8, 0x00, 0x00, 0x03, 0xF8, 0x00, 0x00, 0x03, 0xF8, 0x00, 0x00, 0x03, 0xF8, 0x00, 0x00, 0x6B,
    0xFF, 0xFF, 0x00, 0xFF, 0xFF, 0xAA, 0x00, 0x03, 0xF8, 0x00, 0x00, 0x03, 0xF8, 0x00, 0x00, 0x03,
    0xF8, 0x00, 0x04, 0x03, 0xF8, 0x00, 0x1E, 0x03, 0xF8, 0x00, 0x2D, 0x03, 0xFC, 0x01, 0x7D, 0x3F,
    0xFF, 0xFF, 0xFC, 0x7F, 0xFF, 0xFF, 0xFC, 0x00, 0x00, 0x00, 0x00, 0x00, 0x00, 0x00, 0x00, 0x38,
    0x01, 0x50, 0x1D, 0x3D, 0x7F, 0xFF, 0x7C, 0x0F, 0xFF, 0xBF, 0xF0, 0x0B, 0xF0, 0x07, 0xF4, 0x0F,
    0xD0, 0x02, 0xF8, 0x1F, 0xC0, 0x00, 0xFC, 0x1F, 0xC0, 0x00, 0xFC, 0x2F, 0x80, 0x00, 0xFD, 0x2F,
    0x80, 0x00, 0xFD, 0x1F, 0xC0, 0x00, 0xFC, 0x0F, 0xC0, 0x01, 0xFC, 0x0F, 0xE0, 0x03, 0xF8, 0x07,
    0xF8, 0x1B, 0xF0, 0x0F, 0xFF, 0xFF, 0xF4, 0x3D, 0x1B, 0xF9, 0x3D, 0x34, 0x00, 0x00, 0x0C, 0x00,
    0x00, 0x00, 0x00, 0x15, 0x55, 0x40, 0x15, 0x55, 0x3F, 0xFF, 0xC0, 0x3F, 0xFF, 0x2F, 0xFF, 0x80,
    0x2F, 0xFE, 0x02, 0xFD, 0x00, 0x0F, 0xE0, 0x00, 0xFF, 0x00, 0x1F, 0xC0, 0x00, 0x7F, 0x40, 0x3F,
    0x40, 0x00, 0x3F, 0xC0, 0x7F, 0x00, 0x00, 0x1F, 0xD0, 0xFC, 0x00, 0x00, 0x0F, 0xF1, 0xF8, 0x00,
    0x00, 0x07, 0xFB, 0xF0, 0x00, 0x01, 0x57, 0xFF, 0xFB, 0xE0, 0x03, 0xFF, 0xFF, 0xFF, 0xE0, 0x01,
    0x40, 0xBF, 0x80, 0x00, 0x00, 0x55, 0xBF, 0xAA, 0xA0, 0x03, 0xFF, 0xFF, 0xFF, 0xF0, 0x01, 0x55,
    0x7F, 0x40, 0x00, 0x00, 0x00, 0x7F, 0x40, 0x00, 0x00, 0x00, 0xBF, 0x80, 0x00, 0x00, 0x07, 0xFF,
    0xF8, 0x00, 0x00, 0x07, 0xFF, 0xF8, 0x00, 0x00, 0x00, 0x00, 0x00, 0x00, 0x00, 0x3C, 0x3D, 0x3D,
    0x3D, 0x3D, 0x3D, 0x3D, 0x3D, 0x3D, 0x3D, 0x14, 0x00, 0x00, 0x00, 0x00, 0x00, 0x3D, 0x3D, 0x3D,
    0x3D, 0x3D, 0x3D, 0x3D, 0x3D, 0x3D, 0x14, 0x06, 0xFF, 0xA4, 0x2F, 0xFF, 0xFC, 0x7F, 0x40, 0xB8,
    0xBF, 0x00, 0x38, 0xFF, 0x00, 0x34, 0xBF, 0x40, 0x00, 0x7F, 0xE0, 0x00, 0x2F, 0xFE, 0x00, 0x0B,
    0xFF, 0xE0, 0x14, 0xBF, 0xFC, 0x34, 0x0B, 0xFE, 0xBC, 0x00, 0xBF, 0xBF, 0x00, 0x2E, 0xBF, 0xE0,
    0x1C, 0x3F, 0xFE, 0x14, 0x0B, 0xFF, 0xE0, 0x00, 0xBF, 0xFC, 0x00, 0x0B, 0xFE, 0x00, 0x00, 0xFF,
    0x38, 0x00, 0xBF, 0x78, 0x00, 0xBF, 0x7C, 0x01, 0xFE, 0x7F, 0xFF, 0xFC, 0x1F, 0xFF, 0xE0, 0x00,
    0x00, 0x00, 0x00, 0x00, 0x02, 0xE0, 0x7C, 0x3F, 0x0F, 0xD3, 0xF0, 0xFD, 0x19, 0x02, 0x80, 0x00,
    0x00, 0x6F, 0xE4, 0x00, 0x00, 0x00, 0x2F, 0xFF, 0xFE, 0x00, 0x00, 0x03, 0xF4, 0x00, 0x7F, 0x40,
    0x00, 0x7D, 0x00, 0x00, 0x1F, 0x40, 0x03, 0xC0, 0x06, 0x94, 0x1F, 0x00, 0x2D, 0x02, 0xFF, 0xFC,
    0x1E, 0x01, 0xE0, 0x3F, 0xD5, 0xE0, 0x2D, 0x0B, 0x02, 0xFC, 0x03, 0x80, 0x38, 0x3C, 0x0F, 0xD0,
    0x00, 0x00, 0xF0, 0xE0, 0x3F, 0x40, 0x00, 0x02, 0xC3, 0x80, 0xFC, 0x00, 0x00, 0x0B, 0x0E, 0x03,
    0xF4, 0x00, 0x00, 0x2C, 0x3C, 0x0F, 0xD0, 0x00, 0x00, 0xB0, 0xF0, 0x2F, 0x80, 0x18, 0x03, 0xC2,
    0xD0, 0x3F, 0x40, 0xB0, 0x1D, 0x03, 0xC0, 0x7F, 0xFF, 0xC0, 0xF0, 0x0B, 0x80, 0x2F, 0xFA, 0x0B,
    0x40, 0x0F, 0x80, 0x00, 0x00, 0xB8, 0x00, 0x0F, 0xD0, 0x00, 0x1F, 0x80, 0x00, 0x0B, 0xF9, 0x5B,
    0xF8, 0x00, 0x00, 0x02, 0xFF, 0xFE, 0x00, 0x00, 0x00, 0x00, 0x15, 0x00, 0x00, 0x00, 0x00, 0x00,
    0x02, 0xFF, 0x80, 0x3E, 0xBF, 0x03, 0x81, 0xF4, 0x14, 0x0F, 0x40, 0x6F, 0xF4, 0x3F, 0x5F, 0x47,
    0xD0, 0xF4, 0x7E, 0x7F, 0x43, 0xFE, 0xFE, 0x06, 0x45, 0x40, 0x00, 0x10, 0x01, 0x00, 0x0E, 0x02,
    0xC0, 0x0F, 0x01, 0xE0, 0x0B, 0x81, 0xF0, 0x0B, 0xC0, 0xF8, 0x07, 0xE0, 0xFC, 0x03, 0xF0, 0xBE,
    0x00, 0xBD, 0x0F, 0xC0, 0x0F, 0xC1, 0xF4, 0x00, 0xF8, 0x2F, 0x00, 0x0F, 0x02, 0xE0, 0x01, 0xE0,
    0x3C, 0x00, 0x28, 0x03, 0x00, 0x00, 0x00, 0x00, 0xFF, 0xFF, 0xFF, 0xDF, 0xFF, 0xFF, 0xFD, 0xAA,
    0xAA, 0xAB, 0xD0, 0x00, 0x00, 0x3D, 0x00, 0x00, 0x03, 0xD0, 0x00, 0x00, 0x3D, 0x00, 0x00, 0x03,
    0xD0, 0x00, 0x00, 0x00, 0xAA, 0xA7, 0xFF, 0xEB, 0xFF, 0x40, 0x00, 0x00, 0x6F, 0xE4, 0x00, 0x00,
    0x00, 0x2F, 0xFF, 0xFE, 0x00, 0x00, 0x03, 0xF4, 0x00, 0x7F, 0x40, 0x00, 0x7D, 0x00, 0x00, 0x1F,
    0x40, 0x03, 0xC1, 0x55, 0x40, 0x1F, 0x00, 0x2D, 0x2F, 0xFF, 0xE0, 0x1E, 0x01, 0xE0, 0x2F, 0xDB,
    0xE0, 0x2D, 0x0B, 0x00, 0x7E, 0x0F, 0xC0, 0x38, 0x3C, 0x01, 0xF8, 0x3F, 0x00, 0xF0, 0xE0, 0x07,
    0xE0, 0xFC, 0x02, 0xC3, 0x80, 0x1F, 0xEF, 0xD0, 0x0B, 0x0E, 0x00, 0x7F, 0xFD, 0x00, 0x2C, 0x3C,
    0x01, 0xF9, 0xFC, 0x00, 0xB0, 0xF0, 0x07, 0xE3, 0xF4, 0x03, 0xC2, 0xD0, 0x1F, 0x83, 0xF0, 0x1D,
    0x03, 0xC1, 0xFF, 0x4F, 0xF0, 0xF0, 0x0B, 0x87, 0xE9, 0x1A, 0x8B, 0x40, 0x0F, 0x80, 0x00, 0x00,
    0xB8, 0x00, 0x0F, 0xD0, 0x00, 0x1F, 0x80, 0x00, 0x0B, 0xF9, 0x5B, 0xF8, 0x00, 0x00, 0x02, 0xFF,
    0xFE, 0x00, 0x00, 0x00, 0x00, 0x15, 0x00, 0x00, 0x00, 0x6A, 0xAA, 0x8F, 0xFF, 0xFC, 0x00, 0x00,
    0x00, 0x0B, 0xE4, 0x0F, 0xFF, 0x87, 0xC1, 0xF2, 0xE0, 0x3D, 0xB8, 0x0F, 0x6F, 0x07, 0xC3, 0xFB,
    0xE0, 0x2F, 0xE0, 0x00, 0x00, 0x00, 0x00, 0x05, 0x00, 0x00, 0x02, 0xF0, 0x00, 0x00, 0x2F, 0x00,
    0x00, 0x02, 0xF0, 0x00, 0x00, 0x2F, 0x00, 0x0A, 0xAB, 0xFA, 0xA8, 0xFF, 0xFF, 0xFF, 0xDF, 0xFF,
    0xFF, 0xFC, 0x00, 0x2F, 0x00, 0x00, 0x02, 0xF0, 0x00, 0x00, 0x2F, 0x00, 0x00, 0x02, 0xF0, 0x00,
    0x00, 0x2F, 0x00, 0x00, 0x00, 0x50, 0x00, 0x00, 0x00, 0x00, 0x0F, 0xFF, 0xFF, 0xFD, 0xFF, 0xFF,
    0xFF, 0xD5, 0x55, 0x55, 0x54, 0x1B, 0xF8, 0x07, 0xFF, 0xF0, 0x38, 0x2F, 0x83, 0x00, 0xF8, 0x00,
    0x1F, 0x80, 0x03, 0xF0, 0x00, 0xBD, 0x00, 0x1F, 0x80, 0x07, 0xE0, 0x82, 0xF4, 0x1D, 0xBF, 0xFF,
    0xDB, 0xFF, 0xFC, 0x15, 0x55, 0x40, 0x6F, 0xE0, 0x3F, 0xFF, 0x0B, 0x07, 0xE1, 0x80, 0xF8, 0x00,
    0x7D, 0x00, 0x7E, 0x00, 0xFF, 0x40, 0x16, 0xF8, 0x00, 0x3F, 0x00, 0x0F, 0xC0, 0x03, 0xF0, 0x03,
    0xF4, 0x1B, 0xF4, 0x2F, 0xD0, 0x00, 0x00, 0x00, 0x00, 0x20, 0x00, 0xFC, 0x03, 0xF4, 0x0B, 0xC0,
    0x2F, 0x00, 0x28, 0x00, 0x00, 0x00, 0x00, 0x1A, 0x00, 0x1A, 0x82, 0xFF, 0xD0, 0x0F, 0xE0, 0xBF,
    0xF0, 0x03, 0xF4, 0x02, 0xF8, 0x01, 0xFC, 0x00, 0xFD, 0x00, 0xBF, 0x00, 0x3F, 0x40, 0x3F, 0x80,
    0x0F, 0xC0, 0x1F, 0xD0, 0x07, 0xF0, 0x0F, 0xF4, 0x01, 0xF8, 0x07, 0xFC, 0x00, 0xBE, 0x03, 0xFF,
    0x00, 0x3F, 0x41, 0xDF, 0xC0, 0x0F, 0xE1, 0xE7, 0xE0, 0x03, 0xFF, 0xF2, 0xF8, 0x01, 0xFF, 0xF0,
    0xFF, 0xF0, 0xBF, 0xF0, 0x7F, 0xE4, 0x3E, 0x00, 0x04, 0x00, 0x0F, 0x80, 0x00, 0x00, 0x07, 0xD0,
    0x00, 0x00, 0x01, 0xF4, 0x00, 0x00, 0x00, 0xBD, 0x00, 0x00, 0x00, 0x3F, 0x40, 0x00, 0x00, 0x0F,
    0xD0, 0x00, 0x00, 0x07, 0xE0, 0x00, 0x00, 0x00, 0x00, 0x00, 0x00, 0x00, 0x00, 0x6A, 0xAA, 0xAA,
    0x03, 0xFF, 0xFF, 0xFF, 0x0F, 0xFF, 0x8F, 0xF5, 0x3F, 0xFF, 0x8F, 0xE0, 0x3F, 0xFF, 0x8F, 0xE0,
    0x7F, 0xFF, 0x8F, 0xE0, 0x7F, 0xFF, 0x8F, 0xE0, 0x7F, 0xFF, 0x8F, 0xE0, 0x3F, 0xFF, 0x8F, 0xE0,
    0x2F, 0xFF, 0x8F, 0xE0, 0x0F, 0xFF, 0x8F, 0xE0, 0x02, 0xFF, 0x8F, 0xE0, 0x00, 0x1B, 0x4F, 0xE0,
    0x00, 0x00, 0x0F, 0xE0, 0x00, 0x00, 0x0F, 0xE0, 0x00, 0x00, 0x0F, 0xE0, 0x00, 0x00, 0x0F, 0xE0,
    0x00, 0x00, 0x0F, 0xE0, 0x00, 0x00, 0x0F, 0xE0, 0x00, 0x00, 0x0F, 0xE0, 0x00, 0x00, 0x0F, 0xE0,
    0x00, 0x00, 0x1F, 0xE0, 0x00, 0x00, 0xFF, 0xF0, 0x00, 0x00, 0xAA, 0x90, 0x00, 0x01, 0xF4, 0x3F,
    0xC3, 0xFC, 0x3F, 0xC0, 0x50, 0x08, 0x07, 0x02, 0xC0, 0xFC, 0x1B, 0xC0, 0xF0, 0xB6, 0xF8, 0x00,
    0x00, 0x00, 0x00, 0x00, 0xBC, 0x00, 0xFF, 0x01, 0xFF, 0xC0, 0xBB, 0xF0, 0x00, 0xBC, 0x00, 0x2F,
    0x00, 0x0B, 0xC0, 0x02, 0xF0, 0x00, 0xBC, 0x00, 0x2F, 0x00, 0x0F, 0xC0, 0xBF, 0xFF, 0x15, 0x55,
    0x40, 0x00, 0x00, 0x00, 0x7F, 0xD0, 0x2F, 0xAF, 0x83, 0xE0, 0x7C, 0x7D, 0x03, 0xEB, 0xC0, 0x3E,
    0xBC, 0x03, 0xE7, 0xD0, 0x7D, 0x3F, 0x0B, 0xC1, 0xFF, 0xF4, 0x01, 0xA4, 0x00, 0x10, 0x04, 0x00,
    0xB4, 0x0F, 0x00, 0x3C, 0x0B, 0x80, 0x2F, 0x03, 0xD0, 0x0F, 0x82, 0xF0, 0x07, 0xE0, 0xFC, 0x03,
    0xF4, 0xBE, 0x07, 0xF0, 0xFD, 0x0F, 0xC1, 0xF4, 0x1F, 0x03, 0xE0, 0x3D, 0x07, 0xC0, 0x78, 0x0F,
    0x00, 0x60, 0x0D, 0x00, 0x00, 0x00, 0x00, 0x00, 0x00, 0x00, 0x00, 0x00, 0x00, 0x00, 0x0F, 0x80,
    0x00, 0x02, 0x40, 0x00, 0x07, 0xF8, 0x00, 0x00, 0x7C, 0x00, 0x02, 0xFF, 0x80, 0x00, 0x0F, 0x80,
    0x00, 0x39, 0xF8, 0x00, 0x02, 0xF0, 0x00, 0x00, 0x0F, 0x80, 0x00, 0x3D, 0x00, 0x00, 0x00, 0xF8,
    0x00, 0x0B, 0xC0, 0x00, 0x00, 0x0F, 0x80, 0x01, 0xF0, 0x00, 0x00, 0x00, 0xF8, 0x00, 0x3E, 0x00,
    0x04, 0x00, 0x0F, 0x80, 0x07, 0xC0, 0x02, 0xE0, 0x00, 0xF8, 0x00, 0xF4, 0x00, 0xBD, 0x00, 0x1F,
    0x80, 0x2F, 0x00, 0x1F, 0x40, 0x3F, 0xFF, 0x83, 0xD0, 0x03, 0xD0, 0x01, 0x55, 0x50, 0xF8, 0x00,
    0xF8, 0x00, 0x00, 0x00, 0x1F, 0x00, 0x2F, 0x05, 0x00, 0x00, 0x03, 0xE0, 0x07, 0xD3, 0xD0, 0x00,
    0x00, 0xBC, 0x00, 0xF8, 0x3E, 0x40, 0x00, 0x0F, 0x40, 0x0F, 0xFF, 0xFC, 0x00, 0x02, 0xF0, 0x00,
    0x6A, 0xBF, 0x80, 0x00, 0x7C, 0x00, 0x00, 0x03, 0xD0, 0x00, 0x0F, 0x80, 0x00, 0x01, 0xBE, 0x40,
    0x02, 0xF0, 0x00, 0x00, 0x3F, 0xFC, 0x00, 0x2D, 0x00, 0x00, 0x00, 0x00, 0x00, 0x00, 0x00, 0x00,
    0x00, 0x00, 0x00, 0x00, 0x00, 0x00, 0x00, 0x00, 0x00, 0x00, 0x0F, 0x80, 0x00, 0x02, 0x40, 0x00,
    0x07, 0xF8, 0x00, 0x00, 0x7C, 0x00, 0x02, 0xFF, 0x80, 0x00, 0x0F, 0x80, 0x00, 0x39, 0xF8, 0x00,
    0x02, 0xF0, 0x00, 0x00, 0x0F, 0x80, 0x00, 0x3D, 0x00, 0x00, 0x00, 0xF8, 0x00, 0x0B, 0xC0, 0x00,
    0x00, 0x0F, 0x80, 0x01, 0xF0, 0x00, 0x00, 0x00, 0xF8, 0x00, 0x3E, 0x00, 0x00, 0x00, 0x0F, 0x80,
    0x07, 0xC0, 0x00, 0x00, 0x00, 0xF8, 0x00, 0xF4, 0x7F, 0xFD, 0x00, 0x1F, 0x80, 0x2F, 0x07, 0xEB,
    0xF4, 0x3F, 0xFF, 0x83, 0xD0, 0x70, 0x1F, 0x81, 0x55, 0x50, 0xF8, 0x02, 0x01, 0xF8, 0x00, 0x00,
    0x1F, 0x00, 0x00, 0x2F, 0x40, 0x00, 0x03, 0xE0, 0x00, 0x03, 0xF0, 0x00, 0x00, 0xBC, 0x00, 0x00,
    0xFC, 0x00, 0x00, 0x0F, 0x40, 0x00, 0x3F, 0x00, 0x00, 0x02, 0xF0, 0x00, 0x0F, 0xC0, 0xC0, 0x00,
    0x7C, 0x00, 0x03, 0xF4, 0x2C, 0x00, 0x0F, 0x80, 0x00, 0xBF, 0xFF, 0xC0, 0x02, 0xF0, 0x00, 0x0B,
    0xFF, 0xFC, 0x00, 0x2D, 0x00, 0x00, 0x00, 0x00, 0x00, 0x00, 0x00, 0x00, 0x00, 0x00, 0x00, 0x2F,
    0xF8, 0x00, 0x00, 0x09, 0x00, 0x00, 0xFA, 0xFC, 0x00, 0x00, 0x7C, 0x00, 0x03, 0x81, 0xF4, 0x00,
    0x03, 0xD0, 0x00, 0x05, 0x07, 0xE0, 0x00, 0x2F, 0x00, 0x00, 0x00, 0x2F, 0x00, 0x00, 0xF4, 0x00,
    0x00, 0x02, 0xF4, 0x00, 0x0F, 0x80, 0x00, 0x00, 0x3F, 0xD0, 0x00, 0x7C, 0x00, 0x00, 0x00, 0x5B,
    0xE0, 0x03, 0xE0, 0x00, 0x40, 0x00, 0x0F, 0xC0, 0x2F, 0x00, 0x0F, 0x40, 0x00, 0x3F, 0x00, 0xF4,
    0x00, 0xBC, 0x00, 0x01, 0xF8, 0x0F, 0x80, 0x07, 0xC0, 0x00, 0x1F, 0xC0, 0x7C, 0x00, 0x7D, 0x00,
    0x1B, 0xF8, 0x03, 0xE0, 0x03, 0xE0, 0x00, 0xFE, 0x00, 0x2F, 0x00, 0x3F, 0x08, 0x00, 0x00, 0x00,
    0xF4, 0x02, 0xF1, 0xF0, 0x00, 0x00, 0x0B, 0xC0, 0x1F, 0x47, 0xD4, 0x00, 0x00, 0x7C, 0x00, 0x7F,
    0xFF, 0xF0, 0x00, 0x03, 0xE0, 0x00, 0x6A, 0xFE, 0x80, 0x00, 0x1F, 0x00, 0x00, 0x01, 0xF4, 0x00,
    0x00, 0xF4, 0x00, 0x00, 0x1B, 0xE4, 0x00, 0x0B, 0xC0, 0x00, 0x01, 0xFF, 0xF0, 0x00, 0x2D, 0x00,
    0x00, 0x00, 0x00, 0x00, 0x00, 0x00, 0x00, 0x00, 0x00, 0x00, 0x00, 0x00, 0x00, 0xA4, 0x00, 0x02,
    0xFC, 0x00, 0x03, 0xFC, 0x00, 0x02, 0xFC, 0x00, 0x00, 0x50, 0x00, 0x00, 0x00, 0x00, 0x00, 0x00,
    0x00, 0x01, 0xF4, 0x00, 0x02, 0xF4, 0x00, 0x02, 0xF4, 0x00, 0x02, 0xF4, 0x00, 0x6F, 0xF4, 0x03,
    0xFF, 0xF0, 0x0F, 0xF0, 0x00, 0x2F, 0xC0, 0x00, 0x3F, 0x80, 0x00, 0x3F, 0x40, 0x00, 0x3F, 0x40,
    0x00, 0x3F, 0x80, 0x3C, 0x2F, 0xC0, 0x3C, 0x0F, 0xF0, 0x3C, 0x07, 0xFF, 0xFC, 0x00, 0xBF, 0xE4,
    0x00, 0x00, 0x00, 0x00, 0x00, 0x00, 0x0A, 0x00, 0x00, 0x00, 0x00, 0x0F, 0xE0, 0x00, 0x00, 0x00,
    0x06, 0xFF, 0x40, 0x00, 0x00, 0x00, 0x1B, 0xC0, 0x00, 0x00, 0x00, 0x00, 0x40, 0x00, 0x00, 0x00,
    0x6C, 0x00, 0x00, 0x00, 0x00, 0xFD, 0x00, 0x00, 0x00, 0x00, 0xFE, 0x00, 0x00, 0x00, 0x02, 0xFF,
    0x00, 0x00, 0x00, 0x03, 0xFF, 0x40, 0x00, 0x00, 0x07, 0xFF, 0xC0, 0x00, 0x00, 0x0B, 0xDF, 0xC0,
    0x00, 0x00, 0x0F, 0xCF, 0xD0, 0x00, 0x00, 0x1F, 0x4B, 0xF0, 0x00, 0x00, 0x2F, 0x07, 0xF0, 0x00,
    0x00, 0x3F, 0x03, 0xF8, 0x00, 0x00, 0x7E, 0x02, 0xFC, 0x00, 0x00, 0xBC, 0x01, 0xFC, 0x00, 0x00,
    0xFF, 0xFF, 0xFE, 0x00, 0x01, 0xFF, 0xFF, 0xFF, 0x00, 0x02, 0xF4, 0x00, 0x7F, 0x40, 0x03, 0xF0,
    0x00, 0x3F, 0x80, 0x07, 0xE0, 0x00, 0x3F, 0xC0, 0x0F, 0xD0, 0x00, 0x2F, 0xE0, 0x7F, 0xFC, 0x01,
    0xFF, 0xFD, 0xBF, 0xFC, 0x01, 0xFF, 0xFD, 0x00, 0x00, 0x00, 0x00, 0x00, 0x00, 0x00, 0x00, 0x00,
    0x00, 0x00, 0x00, 0x00, 0xA0, 0x00, 0x00, 0x00, 0x0B, 0xF0, 0x00, 0x00, 0x01, 0xBF, 0x90, 0x00,
    0x00, 0x03, 0xF4, 0x00, 0x00, 0x00, 0x01, 0x00, 0x00, 0x00, 0x00, 0x00, 0x6C, 0x00, 0x00, 0x00,
    0x00, 0xFD, 0x00, 0x00, 0x00, 0x00, 0xFE, 0x00, 0x00, 0x00, 0x02, 0xFF, 0x00, 0x00, 0x00, 0x03,
    0xFF, 0x40, 0x00, 0x00, 0x07, 0xFF, 0xC0, 0x00, 0x00, 0x0B, 0xDF, 0xC0, 0x00, 0x00, 0x0F, 0xCF,
    0xD0, 0x00, 0x00, 0x1F, 0x4B, 0xF0, 0x00, 0x00, 0x2F, 0x07, 0xF0, 0x00, 0x00, 0x3F, 0x03, 0xF8,
    0x00, 0x00, 0x7E, 0x02, 0xFC, 0x00, 0x00, 0xBC, 0x01, 0xFC, 0x00, 0x00, 0xFF, 0xFF, 0xFE, 0x00,
    0x01, 0xFF, 0xFF, 0xFF, 0x00, 0x02, 0xF4, 0x00, 0x7F, 0x40, 0x03, 0xF0, 0x00, 0x3F, 0x80, 0x07,
    0xE0, 0x00, 0x3F, 0xC0, 0x0F, 0xD0, 0x00, 0x2F, 0xE0, 0x7F, 0xFC, 0x01, 0xFF, 0xFD, 0xBF, 0xFC,
    0x01, 0xFF, 0xFD, 0x00, 0x00, 0x00, 0x00, 0x00, 0x00, 0x00, 0x54, 0x00, 0x00, 0x00, 0x02, 0xFF,
    0x40, 0x00, 0x00, 0x1F, 0xEB, 0xF0, 0x00, 0x00, 0x3D, 0x00, 0xBC, 0x00, 0x00, 0x10, 0x00, 0x00,
    0x00, 0x00, 0x00, 0x6C, 0x00, 0x00, 0x00, 0x00, 0xFD, 0x00, 0x00, 0x00, 0x00, 0xFE, 0x00, 0x00,
    0x00, 0x02, 0xFF, 0x00, 0x00, 0x00, 0x03, 0xFF, 0x40, 0x00, 0x00, 0x07, 0xFF, 0xC0, 0x00, 0x00,
    0x0B, 0xDF, 0xC0, 0x00, 0x00, 0x0F, 0xCF, 0xD0, 0x00, 0x00, 0x1F, 0x4B, 0xF0, 0x00, 0x00, 0x2F,
    0x07, 0xF0, 0x00, 0x00, 0x3F, 0x03, 0xF8, 0x00, 0x00, 0x7E, 0x02, 0xFC, 0x00, 0x00, 0xBC, 0x01,
    0xFC, 0x00, 0x00, 0xFF, 0xFF, 0xFE, 0x00, 0x01, 0xFF, 0xFF, 0xFF, 0x00, 0x02, 0xF4, 0x00, 0x7F,
    0x40, 0x03, 0xF0, 0x00, 0x3F, 0x80, 0x07, 0xE0, 0x00, 0x3F, 0xC0, 0x0F, 0xD0, 0x00, 0x2F, 0xE0,
    0x7F, 0xFC, 0x01, 0xFF, 0xFD, 0xBF, 0xFC, 0x01, 0xFF, 0xFD, 0x00, 0x00, 0x00, 0x00, 0x00, 0x00,
    0x00, 0x00, 0x00, 0x00, 0x00, 0x0B, 0xE0, 0x38, 0x00, 0x00, 0x2F, 0xFF, 0xF4, 0x00, 0x00, 0x3D,
    0x6F, 0xE0, 0x00, 0x00, 0x10, 0x00, 0x40, 0x00, 0x00, 0x00, 0x6C, 0x00, 0x00, 0x00, 0x00, 0xFD,
    0x00, 0x00, 0x00, 0x00, 0xFE, 0x00, 0x00, 0x00, 0x02, 0xFF, 0x00, 0x00, 0x00, 0x03, 0xFF, 0x40,
    0x00, 0x00, 0x07, 0xFF, 0xC0, 0x00, 0x00, 0x0B, 0xDF, 0xC0, 0x00, 0x00, 0x0F, 0xCF, 0xD0, 0x00,
    0x00, 0x1F, 0x4B, 0xF0, 0x00, 0x00, 0x2F, 0x07, 0xF0, 0x00, 0x00, 0x3F, 0x03, 0xF8, 0x00, 0x00,
    0x7E, 0x02, 0xFC, 0x00, 0x00, 0xBC, 0x01, 0xFC, 0x00, 0x00, 0xFF, 0xFF, 0xFE, 0x00, 0x01, 0xFF,
    0xFF, 0xFF, 0x00, 0x02, 0xF4, 0x00, 0x7F, 0x40, 0x03, 0xF0, 0x00, 0x3F, 0x80, 0x07, 0xE0, 0x00,
    0x3F, 0xC0, 0x0F, 0xD0, 0x00, 0x2F, 0xE0, 0x7F, 0xFC, 0x01, 0xFF, 0xFD, 0xBF, 0xFC, 0x01, 0xFF,
    0xFD, 0x00, 0x00, 0x00, 0x00, 0x00, 0x00, 0x00, 0x00, 0x00, 0x00, 0x00, 0x0F, 0x42, 0xE0, 0x00,
    0x00, 0x2F, 0xC3, 0xF0, 0x00, 0x00, 0x1F, 0x83, 0xF0, 0x00, 0x00, 0x0A, 0x01, 0x90, 0x00, 0x00,
    0x00, 0x6C, 0x00, 0x00, 0x00, 0x00, 0xFD, 0x00, 0x00, 0x00, 0x00, 0xFE, 0x00, 0x00, 0x00, 0x02,
    0xFF, 0x00, 0x00, 0x00, 0x03, 0xFF, 0x40, 0x00, 0x00, 0x07, 0xFF, 0xC0, 0x00, 0x00, 0x0B, 0xDF,
    0xC0, 0x00, 0x00, 0x0F, 0xCF, 0xD0, 0x00, 0x00, 0x1F, 0x4B, 0xF0, 0x00, 0x00, 0x2F, 0x07, 0xF0,
    0x00, 0x00, 0x3F, 0x03, 0xF8, 0x00, 0x00, 0x7E, 0x02, 0xFC, 0x00, 0x00, 0xBC, 0x01, 0xFC, 0x00,
    0x00, 0xFF, 0xFF, 0xFE, 0x00, 0x01, 0xFF, 0xFF, 0xFF, 0x00, 0x02, 0xF4, 0x00, 0x7F, 0x40, 0x03,
    0xF0, 0x00, 0x3F, 0x80, 0x07, 0xE0, 0x00, 0x3F, 0xC0, 0x0F, 0xD0, 0x00, 0x2F, 0xE0, 0x7F, 0xFC,
    0x01, 0xFF, 0xFD, 0xBF, 0xFC, 0x01, 0xFF, 0xFD, 0x00, 0x00, 0x00, 0x00, 0x00, 0x00, 0x00, 0x68,
    0x00, 0x00, 0x00, 0x02, 0xFF, 0x00, 0x00, 0x00, 0x03, 0xC3, 0x40, 0x00, 0x00, 0x03, 0xC3, 0x40,
    0x00, 0x00, 0x01, 0xFF, 0x00, 0x00, 0x00, 0x00, 0x14, 0x00, 0x00, 0x00, 0x00, 0x6C, 0x00, 0x00,
    0x00, 0x00, 0xFD, 0x00, 0x00, 0x00, 0x00, 0xFE, 0x00, 0x00, 0x00, 0x02, 0xFF, 0x00, 0x00, 0x00,
    0x03, 0xFF, 0x40, 0x00, 0x00, 0x07, 0xFF, 0xC0, 0x00, 0x00, 0x0B, 0xDF, 0xC0, 0x00, 0x00, 0x0F,
    0xCF, 0xD0, 0x00, 0x00, 0x1F, 0x4B, 0xF0, 0x00, 0x00, 0x2F, 0x07, 0xF0, 0x00, 0x00, 0x3F, 0x03,
    0xF8, 0x00, 0x00, 0x7E, 0x02, 0xFC, 0x00, 0x00, 0xBC, 0x01, 0xFC, 0x00, 0x00, 0xFF, 0xFF, 0xFE,
    0x00, 0x01, 0xFF, 0xFF, 0xFF, 0x00, 0x02, 0xF4, 0x00, 0x7F, 0x40, 0x03, 0xF0, 0x00, 0x3F, 0x80,
    0x07, 0xE0, 0x00, 0x3F, 0xC0, 0x0F, 0xD0, 0x00, 0x2F, 0xE0, 0x7F, 0xFC, 0x01, 0xFF, 0xFD, 0xBF,
    0xFC, 0x01, 0xFF, 0xFD, 0x00, 0x00, 0x00, 0x00, 0x00, 0x00, 0x00, 0x02, 0xAA, 0xAA, 0xAA, 0x80,
    0x00, 0x00, 0x1F, 0xFF, 0xFF, 0xFF, 0x40, 0x00, 0x00, 0xFF, 0x95, 0x55, 0x7D, 0x00, 0x00, 0x07,
    0xFE, 0x00, 0x00, 0xB4, 0x00, 0x00, 0x3F, 0xF8, 0x00, 0x01, 0xD0, 0x00, 0x01, 0xFF, 0xE0, 0x00,
    0x00, 0x00, 0x00, 0x0F, 0xEF, 0xC0, 0x00, 0x00, 0x00, 0x00, 0x7D, 0x7F, 0x00, 0x06, 0x00, 0x00,
    0x03, 0xF0, 0xFD, 0x00, 0x2C, 0x00, 0x00, 0x1F, 0x43, 0xFE, 0xAA, 0xF0, 0x00, 0x00, 0xFC, 0x0F,
    0xFF, 0xFF, 0xC0, 0x00, 0x07, 0xD0, 0x2F, 0xD5, 0x5F, 0x00, 0x00, 0x3F, 0x00, 0x7F, 0x00, 0x2C,
    0x00, 0x00, 0xFF, 0xFF, 0xFD, 0x00, 0x10, 0x00, 0x0B, 0xFF, 0xFF, 0xF4, 0x00, 0x00, 0x00, 0x3E,
    0x00, 0x0F, 0xE0, 0x00, 0x00, 0x02, 0xF0, 0x00, 0x2F, 0xC0, 0x00, 0xF0, 0x1F, 0x80, 0x00, 0x7F,
    0x00, 0x03, 0xC0, 0xFD, 0x00, 0x01, 0xFD, 0x00, 0x2F, 0x1F, 0xFF, 0x00, 0x2F, 0xFF, 0xFF, 0xFC,
    0xBF, 0xFC, 0x00, 0xFF, 0xFF, 0xFF, 0xE0, 0x00, 0x00, 0x00, 0x00, 0x00, 0x00, 0x00, 0x00, 0x06,
    0xFF, 0xF9, 0x00, 0x03, 0xFF, 0xFF, 0xFC, 0x00, 0xFF, 0x90, 0x6F, 0x80, 0x3F, 0xD0, 0x00, 0xB8,
    0x0B, 0xF4, 0x00, 0x07, 0x80, 0xFF, 0x00, 0x00, 0x64, 0x1F, 0xE0, 0x00, 0x00, 0x02, 0xFD, 0x00,
    0x00, 0x00, 0x3F, 0xC0, 0x00, 0x00, 0x03, 0xFC, 0x00, 0x00, 0x00, 0x3F, 0xC0, 0x00, 0x00, 0x03,
    0xFC, 0x00, 0x00, 0x00, 0x3F, 0xC0, 0x00, 0x00, 0x03, 0xFD, 0x00, 0x00, 0x00, 0x2F, 0xD0, 0x00,
    0x00, 0x01, 0xFF, 0x00, 0x00, 0x00, 0x0F, 0xF0, 0x00, 0x03, 0xC0, 0x7F, 0xC0, 0x00, 0x3C, 0x02,
    0xFF, 0x00, 0x0B, 0xC0, 0x07, 0xFF, 0xAF, 0xFC, 0x00, 0x0B, 0xFF, 0xFF, 0x80, 0x00, 0x07, 0xD4,
    0x00, 0x00, 0x00, 0x38, 0x00, 0x00, 0x00, 0x03, 0xF0, 0x00, 0x00, 0x00, 0x1F, 0x80, 0x00, 0x00,
    0x00, 0x78, 0x00, 0x00, 0x00, 0x0F, 0x40, 0x00, 0x00, 0x0F, 0xD0, 0x00, 0x00, 0x00, 0x00, 0x00,
    0x00, 0x00, 0x00, 0x00, 0x00, 0x00, 0x60, 0x00, 0x00, 0x00, 0xFF, 0x40, 0x00, 0x00, 0x6F, 0xF4,
    0x00, 0x00, 0x01, 0xBD, 0x00, 0x00, 0x00, 0x04, 0x00, 0x2A, 0xAA, 0xAA, 0xA8, 0x7F, 0xFF, 0xFF,
    0xFC, 0x1B, 0xFD, 0x55, 0xBC, 0x03, 0xF8, 0x00, 0x3C, 0x03, 0xF8, 0x00, 0x3C, 0x03, 0xF4, 0x00,
    0x00, 0x03, 0xF4, 0x00, 0x00, 0x03, 0xF4, 0x02, 0x40, 0x03, 0xF4, 0x03, 0xC0, 0x03, 0xFE, 0xAB,
    0xC0, 0x03, 0xFF, 0xFF, 0xC0, 0x03, 0xF9, 0x5B, 0xC0, 0x03, 0xF4, 0x03, 0xC0, 0x03, 0xF4, 0x01,
    0x40, 0x03, 0xF4, 0x00, 0x00, 0x03, 0xF4, 0x00, 0x00, 0x03, 0xF4, 0x00, 0x0E, 0x03, 0xF8, 0x00,
    0x1E, 0x03, 0xF8, 0x00, 0x3E, 0x2F, 0xFF, 0xFF, 0xFD, 0x7F, 0xFF, 0xFF, 0xFD, 0x00, 0x00, 0x00,
    0x00, 0x00, 0x00, 0x00, 0x00, 0x00, 0x00, 0x07, 0x00, 0x00, 0x00, 0xBF, 0x40, 0x00, 0x0B, 0xFD,
    0x00, 0x00, 0x3F, 0x40, 0x00, 0x00, 0x00, 0x00, 0x00, 0x2A, 0xAA, 0xAA, 0xA8, 0x7F, 0xFF, 0xFF,
    0xFC, 0x1B, 0xFD, 0x55, 0xBC, 0x03, 0xF8, 0x00, 0x3C, 0x03, 0xF8, 0x00, 0x3C, 0x03, 0xF4, 0x00,
    0x00, 0x03, 0xF4, 0x00, 0x00, 0x03, 0xF4, 0x02, 0x40, 0x03, 0xF4, 0x03, 0xC0, 0x03, 0xFE, 0xAB,
    0xC0, 0x03, 0xFF, 0xFF, 0xC0, 0x03, 0xF9, 0x5B, 0xC0, 0x03, 0xF4, 0x03, 0xC0, 0x03, 0xF4, 0x01,
    0x40, 0x03, 0xF4, 0x00, 0x00, 0x03, 0xF4, 0x00, 0x00, 0x03, 0xF4, 0x00, 0x0E, 0x03, 0xF8, 0x00,
    0x1E, 0x03, 0xF8, 0x00, 0x3E, 0x2F, 0xFF, 0xFF, 0xFD, 0x7F, 0xFF, 0xFF, 0xFD, 0x00, 0x00, 0x00,
    0x00, 0x00, 0x01, 0x50, 0x00, 0x00, 0x2F, 0xF8, 0x00, 0x00, 0xFE, 0xBF, 0x40, 0x03, 0xE0, 0x0B,
    0xC0, 0x00, 0x00, 0x00, 0x40, 0x2A, 0xAA, 0xAA, 0xA8, 0x7F, 0xFF, 0xFF, 0xFC, 0x1B, 0xFD, 0x55,
    0xBC, 0x03, 0xF8, 0x00, 0x3C, 0x03, 0xF8, 0x00, 0x3C, 0x03, 0xF4, 0x00, 0x00, 0x03, 0xF4, 0x00,
    0x00, 0x03, 0xF4, 0x02, 0x40, 0x03, 0xF4, 0x03, 0xC0, 0x03, 0xFE, 0xAB, 0xC0, 0x03, 0xFF, 0xFF,
    0xC0, 0x03, 0xF9, 0x5B, 0xC0, 0x03, 0xF4, 0x03, 0xC0, 0x03, 0xF4, 0x01, 0x40, 0x03, 0xF4, 0x00,
    0x00, 0x03, 0xF4, 0x00, 0x00, 0x03, 0xF4, 0x00, 0x0E, 0x03, 0xF8, 0x00, 0x1E, 0x03, 0xF8, 0x00,
    0x3E, 0x2F, 0xFF, 0xFF, 0xFD, 0x7F, 0xFF, 0xFF, 0xFD, 0x00, 0x00, 0x00, 0x00, 0x00, 0x00, 0x00,
    0x00, 0x00, 0xF8, 0x2F, 0x00, 0x01, 0xFC, 0x3F, 0x40, 0x00, 0xFC, 0x3F, 0x40, 0x00, 0x64, 0x09,
    0x00, 0x00, 0x00, 0x00, 0x00, 0x2A, 0xAA, 0xAA, 0xA8, 0x7F, 0xFF, 0xFF, 0xFC, 0x1B, 0xFD, 0x55,
    0xBC, 0x03, 0xF8, 0x00, 0x3C, 0x03, 0xF8, 0x00, 0x3C, 0x03, 0xF4, 0x00, 0x00, 0x03, 0xF4, 0x00,
    0x00, 0x03, 0xF4, 0x02, 0x40, 0x03, 0xF4, 0x03, 0xC0, 0x03, 0xFE, 0xAB, 0xC0, 0x03, 0xFF, 0xFF,
    0xC0, 0x03, 0xF9, 0x5B, 0xC0, 0x03, 0xF4, 0x03, 0xC0, 0x03, 0xF4, 0x01, 0x40, 0x03, 0xF4, 0x00,
    0x00, 0x03, 0xF4, 0x00, 0x00, 0x03, 0xF4, 0x00, 0x0E, 0x03, 0xF8, 0x00, 0x1E, 0x03, 0xF8, 0x00,
    0x3E, 0x2F, 0xFF, 0xFF, 0xFD, 0x7F, 0xFF, 0xFF, 0xFD, 0x00, 0x00, 0x00, 0x00, 0x00, 0x00, 0x0A,
    0x00, 0x03, 0xF8, 0x00, 0x6F, 0xE0, 0x00, 0x7F, 0x00, 0x00, 0x42, 0xAA, 0xA9, 0xFF, 0xFF, 0x1B,
    0xFD, 0x40, 0xFE, 0x00, 0x3F, 0x80, 0x0F, 0xD0, 0x03, 0xF4, 0x00, 0xFD, 0x00, 0x3F, 0x40, 0x0F,
    0xD0, 0x03, 0xF4, 0x00, 0xFD, 0x00, 0x3F, 0x40, 0x0F, 0xD0, 0x03, 0xF4, 0x00, 0xFD, 0x00, 0x3F,
    0x40, 0x0F, 0xE0, 0x03, 0xF8, 0x0B, 0xFF, 0xF7, 0xFF, 0xFC, 0x00, 0x00, 0x00, 0x00, 0x00, 0x00,
    0x28, 0x00, 0x6F, 0xC0, 0x7F, 0xE4, 0x0F, 0x90, 0x00, 0x40, 0x00, 0x2A, 0xAA, 0x87, 0xFF, 0xFC,
    0x1B, 0xFD, 0x40, 0x3F, 0x80, 0x03, 0xF8, 0x00, 0x3F, 0x40, 0x03, 0xF4, 0x00, 0x3F, 0x40, 0x03,
    0xF4, 0x00, 0x3F, 0x40, 0x03, 0xF4, 0x00, 0x3F, 0x40, 0x03, 0xF4, 0x00, 0x3F, 0x40, 0x03, 0xF4,
    0x00, 0x3F, 0x40, 0x03, 0xF4, 0x00, 0x3F, 0x80, 0x03, 0xF8, 0x02, 0xFF, 0xFC, 0x7F, 0xFF, 0xC0,
    0x00, 0x00, 0x00, 0x54, 0x00, 0x0F, 0xFD, 0x01, 0xFE, 0xFE, 0x1F, 0x40, 0x2E, 0x10, 0x00, 0x00,
    0x2A, 0xAA, 0x81, 0xFF, 0xFF, 0x01, 0xBF, 0xD4, 0x00, 0xFE, 0x00, 0x03, 0xF8, 0x00, 0x0F, 0xD0,
    0x00, 0x3F, 0x40, 0x00, 0xFD, 0x00, 0x03, 0xF4, 0x00, 0x0F, 0xD0, 0x00, 0x3F, 0x40, 0x00, 0xFD,
    0x00, 0x03, 0xF4, 0x00, 0x0F, 0xD0, 0x00, 0x3F, 0x40, 0x00, 0xFD, 0x00, 0x03, 0xF4, 0x00, 0x0F,
    0xE0, 0x00, 0x3F, 0x80, 0x0B, 0xFF, 0xF0, 0x7F, 0xFF, 0xC0, 0x00, 0x00, 0x00, 0x00, 0x00, 0x03,
    0xD0, 0xF8, 0xBE, 0x1F, 0xCB, 0xE0, 0xFC, 0x28, 0x06, 0x40, 0x00, 0x00, 0x2A, 0xAA, 0x87, 0xFF,
    0xFC, 0x1B, 0xFD, 0x40, 0x3F, 0x80, 0x03, 0xF8, 0x00, 0x3F, 0x40, 0x03, 0xF4, 0x00, 0x3F, 0x40,
    0x03, 0xF4, 0x00, 0x3F, 0x40, 0x03, 0xF4, 0x00, 0x3F, 0x40, 0x03, 0xF4, 0x00, 0x3F, 0x40, 0x03,
    0xF4, 0x00, 0x3F, 0x40, 0x03, 0xF4, 0x00, 0x3F, 0x80, 0x03, 0xF8, 0x02, 0xFF, 0xFC, 0x7F, 0xFF,
    0xC0, 0x00, 0x00, 0x0A, 0xAA, 0xAA, 0x90, 0x00, 0x07, 0xFF, 0xFF, 0xFF, 0x80, 0x00, 0x6F, 0xF5,
    0x5B, 0xFD, 0x00, 0x03, 0xF8, 0x00, 0x3F, 0xD0, 0x00, 0xFD, 0x00, 0x03, 0xFC, 0x00, 0x3F, 0x40,
    0x00, 0x7F, 0x80, 0x0F, 0xD0, 0x00, 0x0F, 0xF0, 0x03, 0xF4, 0x00, 0x02, 0xFC, 0x00, 0xFD, 0x00,
    0x00, 0x7F, 0x40, 0x3F, 0x80, 0x00, 0x1F, 0xE7, 0xFF, 0xFF, 0xD0, 0x03, 0xF8, 0x57, 0xF9, 0x50,
    0x00, 0xFE, 0x00, 0xFD, 0x00, 0x00, 0x7F, 0x40, 0x3F, 0x40, 0x00, 0x1F, 0xD0, 0x0F, 0xD0, 0x00,
    0x0B, 0xF0, 0x03, 0xF4, 0x00, 0x03, 0xF8, 0x00, 0xFD, 0x00, 0x02, 0xFC, 0x00, 0x3F, 0x80, 0x01,
    0xFE, 0x00, 0x0F, 0xE0, 0x02, 0xFE, 0x00, 0x2F, 0xFF, 0xFF, 0xFD, 0x00, 0x1F, 0xFF, 0xFF, 0xF4,
    0x00, 0x00, 0x00, 0x00, 0x00, 0x00, 0x00, 0x00, 0x00, 0x00, 0x00, 0x00, 0x00, 0x00, 0x2F, 0x80,
    0xE0, 0x00, 0x00, 0x0B, 0xFF, 0xFD, 0x00, 0x00, 0x00, 0xF5, 0xBF, 0x80, 0x00, 0x00, 0x04, 0x00,
    0x10, 0x00, 0x02, 0xAA, 0x00, 0x00, 0xAA, 0xA9, 0x7F, 0xFC, 0x00, 0x0F, 0xFF, 0xE1, 0xBF, 0xD0,
    0x00, 0x1F, 0xE4, 0x03, 0xFF, 0x00, 0x00, 0xFD, 0x00, 0x3F, 0xF8, 0x00, 0x0B, 0xC0, 0x03, 0xFF,
    0xD0, 0x00, 0xBC, 0x00, 0x3F, 0xFF, 0x00, 0x0B, 0xC0, 0x03, 0xE7, 0xF8, 0x00, 0xBC, 0x00, 0x3E,
    0x2F, 0xD0, 0x0B, 0xC0, 0x03, 0xE0, 0xFF, 0x00, 0xBC, 0x00, 0x3E, 0x03, 0xFC, 0x0B, 0xC0, 0x03,
    0xE0, 0x1F, 0xE0, 0xBC, 0x00, 0x3E, 0x00, 0xBF, 0x4B, 0xC0, 0x03, 0xE0, 0x03, 0xFC, 0xBC, 0x00,
    0x3E, 0x00, 0x1F, 0xFB, 0xC0, 0x03, 0xE0, 0x00, 0xBF, 0xFC, 0x00, 0x3F, 0x00, 0x03, 0xFF, 0xC0,
    0x03, 0xF0, 0x00, 0x0F, 0xFC, 0x00, 0x3F, 0x00, 0x00, 0x7F, 0xC0, 0x2F, 0xFF, 0x00, 0x02, 0xFC,
    0x07, 0xFF, 0xF0, 0x00, 0x0F, 0xC0, 0x00, 0x00, 0x00, 0x00, 0x00, 0x00, 0x00, 0x00, 0x00, 0x00,
    0x00, 0x00, 0x00, 0xA0, 0x00, 0x00, 0x00, 0x00, 0x3F, 0x80, 0x00, 0x00, 0x00, 0x06, 0xFF, 0x40,
    0x00, 0x00, 0x00, 0x06, 0xF0, 0x00, 0x00, 0x00, 0x00, 0x04, 0x00, 0x00, 0x00, 0x2F, 0xFE, 0x40,
    0x00, 0x00, 0xBF, 0xFF, 0xFE, 0x00, 0x00, 0xFF, 0x90, 0x6F, 0xE0, 0x00, 0xFF, 0x40, 0x01, 0xFE,
    0x00, 0xBF, 0x40, 0x00, 0x2F, 0xD0, 0x3F, 0xC0, 0x00, 0x03, 0xFC, 0x1F, 0xE0, 0x00, 0x00, 0xFF,
    0x0B, 0xF4, 0x00, 0x00, 0x2F, 0xD3, 0xFC, 0x00, 0x00, 0x07, 0xF8, 0xFF, 0x00, 0x00, 0x01, 0xFF,
    0x3F, 0xC0, 0x00, 0x00, 0x3F, 0xCF, 0xF0, 0x00, 0x00, 0x1F, 0xF3, 0xFC, 0x00, 0x00, 0x07, 0xF8,
    0xFF, 0x40, 0x00, 0x01, 0xFE, 0x2F, 0xD0, 0x00, 0x00, 0xBF, 0x43, 0xFC, 0x00, 0x00, 0x3F, 0xC0,
    0xFF, 0x00, 0x00, 0x1F, 0xE0, 0x0F, 0xF0, 0x00, 0x0F, 0xF0, 0x01, 0xFF, 0x00, 0x1F, 0xF4, 0x00,
    0x1F, 0xFE, 0xBF, 0xF0, 0x00, 0x00, 0xBF, 0xFF, 0xE0, 0x00, 0x00, 0x00, 0x55, 0x00, 0x00, 0x00,
    0x00, 0x00, 0x00, 0x00, 0x00, 0x00, 0x00, 0x0A, 0x00, 0x00, 0x00, 0x00, 0x2F, 0xC0, 0x00, 0x00,
    0x01, 0xBF, 0x90, 0x00, 0x00, 0x00, 0xFD, 0x00, 0x00, 0x00, 0x00, 0x10, 0x00, 0x00, 0x00, 0x00,
    0x2F, 0xFE, 0x40, 0x00, 0x00, 0xBF, 0xFF, 0xFE, 0x00, 0x00, 0xFF, 0x90, 0x6F, 0xE0, 0x00, 0xFF,
    0x40, 0x01, 0xFE, 0x00, 0xBF, 0x40, 0x00, 0x2F, 0xD0, 0x3F, 0xC0, 0x00, 0x03, 0xFC, 0x1F, 0xE0,
    0x00, 0x00, 0xFF, 0x0B, 0xF4, 0x00, 0x00, 0x2F, 0xD3, 0xFC, 0x00, 0x00, 0x07, 0xF8, 0xFF, 0x00,
    0x00, 0x01, 0xFF, 0x3F, 0xC0, 0x00, 0x00, 0x3F, 0xCF, 0xF0, 0x00, 0x00, 0x1F, 0xF3, 0xFC, 0x00,
    0x00, 0x07, 0xF8, 0xFF, 0x40, 0x00, 0x01, 0xFE, 0x2F, 0xD0, 0x00, 0x00, 0xBF, 0x43, 0xFC, 0x00,
    0x00, 0x3F, 0xC0, 0xFF, 0x00, 0x00, 0x1F, 0xE0, 0x0F, 0xF0, 0x00, 0x0F, 0xF0, 0x01, 0xFF, 0x00,
    0x1F, 0xF4, 0x00, 0x1F, 0xFE, 0xBF, 0xF0, 0x00, 0x00, 0xBF, 0xFF, 0xE0, 0x00, 0x00, 0x00, 0x55,
    0x00, 0x00, 0x00, 0x00, 0x15, 0x00, 0x00, 0x00, 0x00, 0x2F, 0xF8, 0x00, 0x00, 0x00, 0x7F, 0xAF,
    0xC0, 0x00, 0x00, 0x3E, 0x00, 0xBC, 0x00, 0x00, 0x04, 0x00, 0x00, 0x00, 0x00, 0x00, 0xBF, 0xF9,
    0x00, 0x00, 0x02, 0xFF, 0xFF, 0xF8, 0x00, 0x03, 0xFE, 0x41, 0xBF, 0x80, 0x03, 0xFD, 0x00, 0x07,
    0xF8, 0x02, 0xFD, 0x00, 0x00, 0xBF, 0x40, 0xFF, 0x00, 0x00, 0x0F, 0xF0, 0x7F, 0x80, 0x00, 0x03,
    0xFC, 0x2F, 0xD0, 0x00, 0x00, 0xBF, 0x4F, 0xF0, 0x00, 0x00, 0x1F, 0xE3, 0xFC, 0x00, 0x00, 0x07,
    0xFC, 0xFF, 0x00, 0x00, 0x00, 0xFF, 0x3F, 0xC0, 0x00, 0x00, 0x7F, 0xCF, 0xF0, 0x00, 0x00, 0x1F,
    0xE3, 0xFD, 0x00, 0x00, 0x07, 0xF8, 0xBF, 0x40, 0x00, 0x02, 0xFD, 0x0F, 0xF0, 0x00, 0x00, 0xFF,
    0x03, 0xFC, 0x00, 0x00, 0x7F, 0x80, 0x3F, 0xC0, 0x00, 0x3F, 0xC0, 0x07, 0xFC, 0x00, 0x7F, 0xD0,
    0x00, 0x7F, 0xFA, 0xFF, 0xC0, 0x00, 0x02, 0xFF, 0xFF, 0x80, 0x00, 0x00, 0x01, 0x54, 0x00, 0x00,
    0x00, 0x00, 0x00, 0x00, 0x00, 0x00, 0x00, 0xBE, 0x42, 0x80, 0x00, 0x00, 0x7F, 0xFF, 0xD0, 0x00,
    0x00, 0x3D, 0x6F, 0xF0, 0x00, 0x00, 0x04, 0x00, 0x10, 0x00, 0x00, 0x00, 0xBF, 0xF9, 0x00, 0x00,
    0x02, 0xFF, 0xFF, 0xF8, 0x00, 0x03, 0xFE, 0x41, 0xBF, 0x80, 0x03, 0xFD, 0x00, 0x07, 0xF8, 0x02,
    0xFD, 0x00, 0x00, 0xBF, 0x40, 0xFF, 0x00, 0x00, 0x0F, 0xF0, 0x7F, 0x80, 0x00, 0x03, 0xFC, 0x2F,
    0xD0, 0x00, 0x00, 0xBF, 0x4F, 0xF0, 0x00, 0x00, 0x1F, 0xE3, 0xFC, 0x00, 0x00, 0x07, 0xFC, 0xFF,
    0x00, 0x00, 0x00, 0xFF, 0x3F, 0xC0, 0x00, 0x00, 0x7F, 0xCF, 0xF0, 0x00, 0x00, 0x1F, 0xE3, 0xFD,
    0x00, 0x00, 0x07, 0xF8, 0xBF, 0x40, 0x00, 0x02, 0xFD, 0x0F, 0xF0, 0x00, 0x00, 0xFF, 0x03, 0xFC,
    0x00, 0x00, 0x7F, 0x80, 0x3F, 0xC0, 0x00, 0x3F, 0xC0, 0x07, 0xFC, 0x00, 0x7F, 0xD0, 0x00, 0x7F,
    0xFA, 0xFF, 0xC0, 0x00, 0x02, 0xFF, 0xFF, 0x80, 0x00, 0x00, 0x01, 0x54, 0x00, 0x00, 0x00, 0x00,
    0x00, 0x00, 0x00, 0x00, 0x00, 0xF4, 0x2F, 0x00, 0x00, 0x00, 0x7F, 0x0F, 0xC0, 0x00, 0x00, 0x1F,
    0xC3, 0xF0, 0x00, 0x00, 0x02, 0x80, 0x64, 0x00, 0x00, 0x00, 0x00, 0x00, 0x00, 0x00, 0x00, 0x2F,
    0xFE, 0x40, 0x00, 0x00, 0xBF, 0xFF, 0xFE, 0x00, 0x00, 0xFF, 0x90, 0x6F, 0xE0, 0x00, 0xFF, 0x40,
    0x01, 0xFE, 0x00, 0xBF, 0x40, 0x00, 0x2F, 0xD0, 0x3F, 0xC0, 0x00, 0x03, 0xFC, 0x1F, 0xE0, 0x00,
    0x00, 0xFF, 0x0B, 0xF4, 0x00, 0x00, 0x2F, 0xD3, 0xFC, 0x00, 0x00, 0x07, 0xF8, 0xFF, 0x00, 0x00,
    0x01, 0xFF, 0x3F, 0xC0, 0x00, 0x00, 0x3F, 0xCF, 0xF0, 0x00, 0x00, 0x1F, 0xF3, 0xFC, 0x00, 0x00,
    0x07, 0xF8, 0xFF, 0x40, 0x00, 0x01, 0xFE, 0x2F, 0xD0, 0x00, 0x00, 0xBF, 0x43, 0xFC, 0x00, 0x00,
    0x3F, 0xC0, 0xFF, 0x00, 0x00, 0x1F, 0xE0, 0x0F, 0xF0, 0x00, 0x0F, 0xF0, 0x01, 0xFF, 0x00, 0x1F,
    0xF4, 0x00, 0x1F, 0xFE, 0xBF, 0xF0, 0x00, 0x00, 0xBF, 0xFF, 0xE0, 0x00, 0x00, 0x00, 0x55, 0x00,
    0x00, 0x00, 0x00, 0x00, 0x02, 0xC0, 0x00, 0x74, 0x3F, 0x00, 0x1F, 0x80, 0xFC, 0x07, 0xE0, 0x03,
    0xF1, 0xF8, 0x00, 0x0F, 0xFE, 0x00, 0x00, 0x3F, 0xC0, 0x00, 0x03, 0xFC, 0x00, 0x00, 0xFF, 0xF0,
    0x00, 0x3E, 0x0F, 0xC0, 0x0F, 0x80, 0x3F, 0x03, 0xE0, 0x00, 0xFC, 0x1C, 0x00, 0x03, 0x00, 0x00,
    0x00, 0x00, 0x00, 0x00, 0x00, 0x00, 0x00, 0x00, 0x00, 0x00, 0x00, 0x0F, 0x00, 0x00, 0x00, 0x00,
    0x07, 0x80, 0x00, 0x00, 0x00, 0x03, 0xC0, 0x00, 0x02, 0xFF, 0xE5, 0xE0, 0x00, 0x0B, 0xFF, 0xFF,
    0xF0, 0x00, 0x0F, 0xF9, 0x06, 0xFE, 0x00, 0x0F, 0xF4, 0x00, 0x3F, 0xE0, 0x0B, 0xF4, 0x00, 0x1F,
    0xFD, 0x03, 0xFC, 0x00, 0x0F, 0x3F, 0xC1, 0xFE, 0x00, 0x0B, 0x4F, 0xF0, 0xBF, 0x40, 0x03, 0xC2,
    0xFD, 0x3F, 0xC0, 0x02, 0xD0, 0x7F, 0x8F, 0xF0, 0x00, 0xF0, 0x1F, 0xF3, 0xFC, 0x00, 0xB4, 0x03,
    0xFC, 0xFF, 0x00, 0x38, 0x01, 0xFF, 0x3F, 0xC0, 0x2C, 0x00, 0x7F, 0x8F, 0xF0, 0x0E, 0x00, 0x1F,
    0xE2, 0xFD, 0x0F, 0x00, 0x0B, 0xF4, 0x7F, 0xC7, 0x80, 0x03, 0xFC, 0x0F, 0xF3, 0xC0, 0x01, 0xFE,
    0x00, 0xFF, 0xE0, 0x00, 0xFF, 0x00, 0x1F, 0xF4, 0x01, 0xFF, 0x00, 0x01, 0xFF, 0xEB, 0xFF, 0x00,
    0x00, 0x3F, 0xFF, 0xFD, 0x00, 0x00, 0x1D, 0x05, 0x50, 0x00, 0x00, 0x0F, 0x00, 0x00, 0x00, 0x00,
    0x07, 0x40, 0x00, 0x00, 0x00, 0x01, 0xC0, 0x00, 0x00, 0x00, 0x00, 0x00, 0x00, 0x00, 0x00, 0x00,
    0x00, 0x00, 0xA0, 0x00, 0x00, 0x00, 0x00, 0x3F, 0x80, 0x00, 0x00, 0x00, 0x06, 0xFE, 0x40, 0x00,
    0x00, 0x00, 0x07, 0xF0, 0x00, 0x00, 0x00, 0x00, 0x04, 0x00, 0x06, 0xAA, 0xA4, 0x01, 0xAA, 0xAA,
    0xFF, 0xFE, 0x00, 0xBF, 0xFF, 0x1F, 0xF9, 0x00, 0x07, 0xFD, 0x41, 0xFD, 0x00, 0x00, 0xBE, 0x00,
    0x7F, 0x40, 0x00, 0x1F, 0x80, 0x1F, 0xD0, 0x00, 0x07, 0xE0, 0x07, 0xF4, 0x00, 0x01, 0xF8, 0x01,
    0xFD, 0x00, 0x00, 0x7E, 0x00, 0x7F, 0x40, 0x00, 0x1F, 0x80, 0x1F, 0xD0, 0x00, 0x07, 0xE0, 0x07,
    0xF4, 0x00, 0x01, 0xF8, 0x01, 0xFD, 0x00, 0x00, 0x7E, 0x00, 0x7F, 0x40, 0x00, 0x1F, 0x80, 0x1F,
    0xD0, 0x00, 0x07, 0xE0, 0x07, 0xF4, 0x00, 0x01, 0xF4, 0x00, 0xFE, 0x00, 0x00, 0xBD, 0x00, 0x3F,
    0xC0, 0x00, 0x3F, 0x00, 0x07, 0xF8, 0x00, 0x2F, 0x80, 0x00, 0xFF, 0xD0, 0x6F, 0xC0, 0x00, 0x0F,
    0xFF, 0xFF, 0xD0, 0x00, 0x00, 0xBF, 0xFF, 0x80, 0x00, 0x00, 0x00, 0x55, 0x00, 0x00, 0x00, 0x00,
    0x00, 0x00, 0x00, 0x00, 0x00, 0x00, 0x0A, 0x00, 0x00, 0x00, 0x00, 0x2F, 0xC0, 0x00, 0x00, 0x01,
    0xFF, 0x90, 0x00, 0x00, 0x00, 0xF9, 0x00, 0x00, 0x00, 0x00, 0x10, 0x00, 0x00, 0x06, 0xAA, 0xA4,
    0x01, 0xAA, 0xAA, 0xFF, 0xFE, 0x00, 0xBF, 0xFF, 0x1F, 0xF9, 0x00, 0x07, 0xFD, 0x41, 0xFD, 0x00,
    0x00, 0xBE, 0x00, 0x7F, 0x40, 0x00, 0x1F, 0x80, 0x1F, 0xD0, 0x00, 0x07, 0xE0, 0x07, 0xF4, 0x00,
    0x01, 0xF8, 0x01, 0xFD, 0x00, 0x00, 0x7E, 0x00, 0x7F, 0x40, 0x00, 0x1F, 0x80, 0x1F, 0xD0, 0x00,
    0x07, 0xE0, 0x07, 0xF4, 0x00, 0x01, 0xF8, 0x01, 0xFD, 0x00, 0x00, 0x7E, 0x00, 0x7F, 0x40, 0x00,
    0x1F, 0x80, 0x1F, 0xD0, 0x00, 0x07, 0xE0, 0x07, 0xF4, 0x00, 0x01, 0xF4, 0x00, 0xFE, 0x00, 0x00,
    0xBD, 0x00, 0x3F, 0xC0, 0x00, 0x3F, 0x00, 0x07, 0xF8, 0x00, 0x2F, 0x80, 0x00, 0xFF, 0xD0, 0x6F,
    0xC0, 0x00, 0x0F, 0xFF, 0xFF, 0xD0, 0x00, 0x00, 0xBF, 0xFF, 0x80, 0x00, 0x00, 0x00, 0x55, 0x00,
    0x00, 0x00, 0x00, 0x15, 0x00, 0x00, 0x00, 0x00, 0x3F, 0xF4, 0x00, 0x00, 0x00, 0x7F, 0xAF, 0x80,
    0x00, 0x00, 0x7D, 0x00, 0xBC, 0x00, 0x00, 0x04, 0x00, 0x00, 0x00, 0x1A, 0xAA, 0x90, 0x06, 0xAA,
    0xAB, 0xFF, 0xF8, 0x02, 0xFF, 0xFC, 0x7F, 0xE4, 0x00, 0x1F, 0xF5, 0x07, 0xF4, 0x00, 0x02, 0xF8,
    0x01, 0xFD, 0x00, 0x00, 0x7E, 0x00, 0x7F, 0x40, 0x00, 0x1F, 0x80, 0x1F, 0xD0, 0x00, 0x07, 0xE0,
    0x07, 0xF4, 0x00, 0x01, 0xF8, 0x01, 0xFD, 0x00, 0x00, 0x7E, 0x00, 0x7F, 0x40, 0x00, 0x1F, 0x80,
    0x1F, 0xD0, 0x00, 0x07, 0xE0, 0x07, 0xF4, 0x00, 0x01, 0xF8, 0x01, 0xFD, 0x00, 0x00, 0x7E, 0x00,
    0x7F, 0x40, 0x00, 0x1F, 0x80, 0x1F, 0xD0, 0x00, 0x07, 0xD0, 0x03, 0xF8, 0x00, 0x02, 0xF4, 0x00,
    0xFF, 0x00, 0x00, 0xFC, 0x00, 0x1F, 0xE0, 0x00, 0xBE, 0x00, 0x03, 0xFF, 0x41, 0xBF, 0x00, 0x00,
    0x3F, 0xFF, 0xFF, 0x40, 0x00, 0x02, 0xFF, 0xFE, 0x00, 0x00, 0x00, 0x01, 0x54, 0x00, 0x00, 0x00,
    0x00, 0x00, 0x00, 0x00, 0x00, 0x00, 0xF4, 0x3E, 0x00, 0x00, 0x00, 0xBF, 0x0F, 0xC0, 0x00, 0x00,
    0x1F, 0x83, 0xF0, 0x00, 0x00, 0x02, 0x80, 0x64, 0x00, 0x00, 0x00, 0x00, 0x00, 0x00, 0x06, 0xAA,
    0xA4, 0x01, 0xAA, 0xAA, 0xFF, 0xFE, 0x00, 0xBF, 0xFF, 0x1F, 0xF9, 0x00, 0x07, 0xFD, 0x41, 0xFD,
    0x00, 0x00, 0xBE, 0x00, 0x7F, 0x40, 0x00, 0x1F, 0x80, 0x1F, 0xD0, 0x00, 0x07, 0xE0, 0x07, 0xF4,
    0x00, 0x01, 0xF8, 0x01, 0xFD, 0x00, 0x00, 0x7E, 0x00, 0x7F, 0x40, 0x00, 0x1F, 0x80, 0x1F, 0xD0,
    0x00, 0x07, 0xE0, 0x07, 0xF4, 0x00, 0x01, 0xF8, 0x01, 0xFD, 0x00, 0x00, 0x7E, 0x00, 0x7F, 0x40,
    0x00, 0x1F, 0x80, 0x1F, 0xD0, 0x00, 0x07, 0xE0, 0x07, 0xF4, 0x00, 0x01, 0xF4, 0x00, 0xFE, 0x00,
    0x00, 0xBD, 0x00, 0x3F, 0xC0, 0x00, 0x3F, 0x00, 0x07, 0xF8, 0x00, 0x2F, 0x80, 0x00, 0xFF, 0xD0,
    0x6F, 0xC0, 0x00, 0x0F, 0xFF, 0xFF, 0xD0, 0x00, 0x00, 0xBF, 0xFF, 0x80, 0x00, 0x00, 0x00, 0x55,
    0x00, 0x00, 0x00, 0x00, 0x00, 0x00, 0x00, 0x00, 0x00, 0x00, 0x70, 0x00, 0x00, 0x00, 0x0B, 0xF4,
    0x00, 0x00, 0x00, 0xBF, 0xD0, 0x00, 0x00, 0x03, 0xF8, 0x00, 0x00, 0x00, 0x00, 0x00, 0x00, 0x00,
    0x6A, 0xAA, 0x40, 0x6A, 0xA9, 0xBF, 0xFF, 0x40, 0xBF, 0xFE, 0x1F, 0xFD, 0x00, 0x1F, 0xF4, 0x03,
    0xFC, 0x00, 0x0F, 0xC0, 0x01, 0xFD, 0x00, 0x1F, 0x40, 0x00, 0xFF, 0x00, 0x3F, 0x00, 0x00, 0x7F,
    0x40, 0x7D, 0x00, 0x00, 0x3F, 0xC0, 0xFC, 0x00, 0x00, 0x1F, 0xD1, 0xF4, 0x00, 0x00, 0x0F, 0xF3,
    0xF0, 0x00, 0x00, 0x07, 0xFF, 0xD0, 0x00, 0x00, 0x02, 0xFF, 0xC0, 0x00, 0x00, 0x00, 0xFF, 0x40,
    0x00, 0x00, 0x00, 0xBF, 0x00, 0x00, 0x00, 0x00, 0xBF, 0x00, 0x00, 0x00, 0x00, 0xBF, 0x00, 0x00,
    0x00, 0x00, 0xBF, 0x00, 0x00, 0x00, 0x00, 0xBF, 0x00, 0x00, 0x00, 0x00, 0xFF, 0x00, 0x00, 0x00,
    0x0B, 0xFF, 0xF4, 0x00, 0x00, 0x0F, 0xFF, 0xF4, 0x00, 0x00, 0x00, 0x00, 0x00, 0x00, 0x2A, 0xAA,
    0x80, 0x00, 0x7F, 0xFF, 0xC0, 0x00, 0x1B, 0xFD, 0x40, 0x00, 0x03, 0xF8, 0x00, 0x00, 0x03, 0xF8,
    0x00, 0x00, 0x03, 0xFF, 0xFF, 0x80, 0x03, 0xFE, 0xBF, 0xF4, 0x03, 0xF4, 0x07, 0xFC, 0x03, 0xF4,
    0x00, 0xFE, 0x03, 0xF4, 0x00, 0xFF, 0x03, 0xF4, 0x00, 0xFF, 0x03, 0xF4, 0x00, 0xFF, 0x03, 0xF4,
    0x01, 0xFD, 0x03, 0xF4, 0x07, 0xFC, 0x03, 0xFE, 0xFF, 0xF0, 0x03, 0xFF, 0xFF, 0x40, 0x03, 0xF8,
    0x00, 0x00, 0x03, 0xF8, 0x00, 0x00, 0x03, 0xF8, 0x00, 0x00, 0x3F, 0xFF, 0xC0, 0x00, 0x7F, 0xFF,
    0xC0, 0x00, 0x00, 0x00, 0x00, 0x00, 0x00, 0x01, 0x54, 0x00, 0x00, 0x07, 0xFF, 0xFD, 0x00, 0x02,
    0xFF, 0xBF, 0xF8, 0x00, 0x3F, 0x40, 0x1F, 0xD0, 0x0B, 0xF0, 0x00, 0x7E, 0x00, 0xBE, 0x00, 0x03,
    0xE0, 0x0F, 0xE0, 0x00, 0x7D, 0x00, 0xFE, 0x00, 0x1F, 0xC0, 0x1F, 0xE0, 0x07, 0xF4, 0x0B, 0xFE,
    0x02, 0xFC, 0x00, 0x6F, 0xE0, 0x7F, 0x00, 0x00, 0xFE, 0x0F, 0xD0, 0x00, 0x0F, 0xE0, 0xFD, 0x00,
    0x00, 0xFE, 0x0F, 0xF4, 0x00, 0x0F, 0xE0, 0xBF, 0xF4, 0x00, 0xFE, 0x02, 0xFF, 0xF0, 0x0F, 0xE0,
    0x07, 0xFF, 0xC0, 0xFE, 0x00, 0x07, 0xFE, 0x0F, 0xE0, 0xB0, 0x0F, 0xF0, 0xFE, 0x0F, 0x40, 0x7F,
    0x0F, 0xE0, 0xF8, 0x0B, 0xEB, 0xFF, 0x0F, 0xFB, 0xFC, 0xFF, 0xF0, 0xBF, 0xFE, 0x00, 0x00, 0x00,
    0x05, 0x00, 0x00, 0x80, 0x00, 0x00, 0x0F, 0xC0, 0x00, 0x00, 0x1F, 0xC0, 0x00, 0x00, 0x0F, 0xC0,
    0x00, 0x00, 0x0F, 0x80, 0x00, 0x00, 0x0A, 0x00, 0x00, 0x00, 0x00, 0x00, 0x01, 0xAB, 0x90, 0x00,
    0x3F, 0xFF, 0xF4, 0x00, 0xFE, 0x9F, 0xF0, 0x02, 0xE0, 0x0F, 0xE0, 0x0B, 0x40, 0x2F, 0xC0, 0x14,
    0x00, 0x7F, 0x00, 0x00, 0x02, 0xFC, 0x00, 0x1B, 0xFF, 0xF0, 0x07, 0xFE, 0xAF, 0xC0, 0x7F, 0x40,
    0x7F, 0x02, 0xFC, 0x02, 0xFC, 0x0B, 0xF0, 0x0F, 0xF0, 0x2F, 0xE5, 0xFF, 0xC0, 0x3F, 0xFF, 0x7F,
    0xF0, 0x7F, 0xF4, 0xFF, 0xC0, 0x04, 0x00, 0x00, 0x00, 0x00, 0x00, 0xC0, 0x00, 0x00, 0x0F, 0xC0,
    0x00, 0x00, 0xFC, 0x00, 0x00, 0x0F, 0xC0, 0x00, 0x00, 0xFC, 0x00, 0x00, 0x02, 0x80, 0x00, 0x00,
    0x00, 0x00, 0x00, 0x01, 0xAB, 0x90, 0x00, 0x3F, 0xFF, 0xF4, 0x00, 0xFE, 0x9F, 0xF0, 0x02, 0xE0,
    0x0F, 0xE0, 0x0B, 0x40, 0x2F, 0xC0, 0x14, 0x00, 0x7F, 0x00, 0x00, 0x02, 0xFC, 0x00, 0x1B, 0xFF,
    0xF0, 0x07, 0xFE, 0xAF, 0xC0, 0x7F, 0x40, 0x7F, 0x02, 0xFC, 0x02, 0xFC, 0x0B, 0xF0, 0x0F, 0xF0,
    0x2F, 0xE5, 0xFF, 0xC0, 0x3F, 0xFF, 0x7F, 0xF0, 0x7F, 0xF4, 0xFF, 0xC0, 0x04, 0x00, 0x00, 0x00,
    0x00, 0x7D, 0x00, 0x00, 0x07, 0xFE, 0x00, 0x00, 0xBE, 0xBE, 0x00, 0x0B, 0xD0, 0x3E, 0x00, 0x28,
    0x00, 0x28, 0x00, 0x00, 0x00, 0x00, 0x00, 0x6A, 0xE4, 0x00, 0x0F, 0xFF, 0xFD, 0x00, 0x3F, 0xA7,
    0xFC, 0x00, 0xB8, 0x03, 0xF8, 0x02, 0xD0, 0x0B, 0xF0, 0x05, 0x00, 0x1F, 0xC0, 0x00, 0x00, 0xBF,
    0x00, 0x06, 0xFF, 0xFC, 0x01, 0xFF, 0xAB, 0xF0, 0x1F, 0xD0, 0x1F, 0xC0, 0xBF, 0x00, 0xBF, 0x02,
    0xFC, 0x03, 0xFC, 0x0B, 0xF9, 0x7F, 0xF0, 0x0F, 0xFF, 0xDF, 0xFC, 0x1F, 0xFD, 0x3F, 0xF0, 0x01,
    0x00, 0x00, 0x00, 0x00, 0x00, 0x00, 0x00, 0x1F, 0x90, 0xE0, 0x00, 0xFF, 0xFF, 0x40, 0x0B, 0x5B,
    0xF8, 0x00, 0x04, 0x01, 0x40, 0x00, 0x00, 0x00, 0x00, 0x00, 0x6A, 0xE4, 0x00, 0x0F, 0xFF, 0xFD,
    0x00, 0x3F, 0xA7, 0xFC, 0x00, 0xB8, 0x03, 0xF8, 0x02, 0xD0, 0x0B, 0xF0, 0x05, 0x00, 0x1F, 0xC0,
    0x00, 0x00, 0xBF, 0x00, 0x06, 0xFF, 0xFC, 0x01, 0xFF, 0xAB, 0xF0, 0x1F, 0xD0, 0x1F, 0xC0, 0xBF,
    0x00, 0xBF, 0x02, 0xFC, 0x03, 0xFC, 0x0B, 0xF9, 0x7F, 0xF0, 0x0F, 0xFF, 0xDF, 0xFC, 0x1F, 0xFD,
    0x3F, 0xF0, 0x01, 0x00, 0x00, 0x00, 0x00, 0x00, 0x00, 0x00, 0x3E, 0x07, 0xC0, 0x01, 0xFC, 0x3F,
    0x40, 0x03, 0xF0, 0xFD, 0x00, 0x06, 0x40, 0x90, 0x00, 0x00, 0x00, 0x00, 0x00, 0x6A, 0xE4, 0x00,
    0x0F, 0xFF, 0xFD, 0x00, 0x3F, 0xA7, 0xFC, 0x00, 0xB8, 0x03, 0xF8, 0x02, 0xD0, 0x0B, 0xF0, 0x05,
    0x00, 0x1F, 0xC0, 0x00, 0x00, 0xBF, 0x00, 0x06, 0xFF, 0xFC, 0x01, 0xFF, 0xAB, 0xF0, 0x1F, 0xD0,
    0x1F, 0xC0, 0xBF, 0x00, 0xBF, 0x02, 0xFC, 0x03, 0xFC, 0x0B, 0xF9, 0x7F, 0xF0, 0x0F, 0xFF, 0xDF,
    0xFC, 0x1F, 0xFD, 0x3F, 0xF0, 0x01, 0x00, 0x00, 0x00, 0x00, 0xBE, 0x00, 0x00, 0x07, 0xAE, 0x00,
    0x00, 0x2C, 0x38, 0x00, 0x00, 0xB4, 0xE0, 0x00, 0x00, 0xFF, 0x00, 0x00, 0x00, 0x00, 0x00, 0x00,
    0x6A, 0xE4, 0x00, 0x0F, 0xFF, 0xFD, 0x00, 0x3F, 0xA7, 0xFC, 0x00, 0xB8, 0x03, 0xF8, 0x02, 0xD0,
    0x0B, 0xF0, 0x05, 0x00, 0x1F, 0xC0, 0x00, 0x00, 0xBF, 0x00, 0x06, 0xFF, 0xFC, 0x01, 0xFF, 0xAB,
    0xF0, 0x1F, 0xD0, 0x1F, 0xC0, 0xBF, 0x00, 0xBF, 0x02, 0xFC, 0x03, 0xFC, 0x0B, 0xF9, 0x7F, 0xF0,
    0x0F, 0xFF, 0xDF, 0xFC, 0x1F, 0xFD, 0x3F, 0xF0, 0x01, 0x00, 0x00, 0x00, 0x05, 0xAA, 0x40, 0x6A,
    0x40, 0x0F, 0xFF, 0xFD, 0xFF, 0xFE, 0x03, 0xF9, 0x7F, 0xFE, 0x6F, 0xE0, 0xF8, 0x03, 0xFE, 0x02,
    0xFC, 0x2D, 0x00, 0xBF, 0x40, 0x3F, 0x46, 0x00, 0x1F, 0xC0, 0x0F, 0xE0, 0x00, 0x0B, 0xFA, 0xFF,
    0xF8, 0x0A, 0xFF, 0xFF, 0xFF, 0xF8, 0x2F, 0xFF, 0xFF, 0x40, 0x00, 0x1F, 0xE0, 0x1F, 0xC0, 0x00,
    0x0B, 0xF0, 0x0B, 0xF4, 0x00, 0x02, 0xFC, 0x03, 0xFF, 0x00, 0x00, 0xBF, 0x97, 0xFF, 0xF4, 0x1B,
    0x0F, 0xFF, 0xF1, 0xFF, 0xFF, 0xD0, 0xFF, 0xE0, 0x1F, 0xFF, 0x80, 0x01, 0x00, 0x00, 0x15, 0x00,
    0x00, 0x6B, 0xA4, 0x00, 0xFF, 0xFF, 0xC0, 0xFF, 0x57, 0xF0, 0xBF, 0x00, 0x7C, 0x3F, 0x80, 0x1F,
    0x1F, 0xD0, 0x02, 0x8B, 0xF4, 0x00, 0x02, 0xFC, 0x00, 0x00, 0xBF, 0x00, 0x00, 0x2F, 0xD0, 0x00,
    0x07, 0xF8, 0x00, 0x00, 0xFF, 0x00, 0x00, 0x2F, 0xF4, 0x1B, 0x02, 0xFF, 0xFF, 0xD0, 0x1F, 0xFF,
    0x80, 0x00, 0x39, 0x00, 0x00, 0x0D, 0x00, 0x00, 0x07, 0xE0, 0x00, 0x00, 0xBD, 0x00, 0x00, 0x0B,
    0x40, 0x00, 0x07, 0xC0, 0x00, 0x0F, 0xC0, 0x00, 0x00, 0x00, 0x00, 0x00, 0x20, 0x00, 0x00, 0x0F,
    0xC0, 0x00, 0x00, 0x7E, 0x00, 0x00, 0x00, 0xF8, 0x00, 0x00, 0x03, 0xE0, 0x00, 0x00, 0x0E, 0x00,
    0x00, 0x00, 0x00, 0x00, 0x06, 0xA9, 0x00, 0x03, 0xFF, 0xFC, 0x00, 0xFE, 0x1F, 0xF0, 0x2F, 0xC0,
    0x3F, 0x43, 0xF4, 0x03, 0xF8, 0x7F, 0x40, 0x3F, 0xCB, 0xFA, 0xAF, 0xFC, 0xBF, 0xFF, 0xFF, 0xCB,
    0xF5, 0x55, 0x50, 0xBF, 0x40, 0x00, 0x07, 0xF8, 0x00, 0x00, 0x3F, 0xC0, 0x00, 0x01, 0xFF, 0x40,
    0xB0, 0x0B, 0xFF, 0xFF, 0x40, 0x1F, 0xFF, 0xD0, 0x00, 0x05, 0x40, 0x00, 0x00, 0x00, 0x30, 0x00,
    0x00, 0x0F, 0xC0, 0x00, 0x03, 0xF0, 0x00, 0x00, 0xFC, 0x00, 0x00, 0x3E, 0x00, 0x00, 0x02, 0x80,
    0x00, 0x00, 0x00, 0x00, 0x00, 0x06, 0xA9, 0x00, 0x03, 0xFF, 0xFC, 0x00, 0xFE, 0x1F, 0xF0, 0x2F,
    0xC0, 0x3F, 0x43, 0xF4, 0x03, 0xF8, 0x7F, 0x40, 0x3F, 0xCB, 0xFA, 0xAF, 0xFC, 0xBF, 0xFF, 0xFF,
    0xCB, 0xF5, 0x55, 0x50, 0xBF, 0x40, 0x00, 0x07, 0xF8, 0x00, 0x00, 0x3F, 0xC0, 0x00, 0x01, 0xFF,
    0x40, 0xB0, 0x0B, 0xFF, 0xFF, 0x40, 0x1F, 0xFF, 0xD0, 0x00, 0x05, 0x40, 0x00, 0x00, 0x1F, 0x40,
    0x00, 0x07, 0xFD, 0x00, 0x02, 0xFA, 0xF8, 0x00, 0xBD, 0x07, 0xE0, 0x0A, 0x00, 0x0A, 0x00, 0x00,
    0x00, 0x00, 0x00, 0x6A, 0x90, 0x00, 0x3F, 0xFF, 0xC0, 0x0F, 0xE1, 0xFF, 0x02, 0xFC, 0x03, 0xF4,
    0x3F, 0x40, 0x3F, 0x87, 0xF4, 0x03, 0xFC, 0xBF, 0xAA, 0xFF, 0xCB, 0xFF, 0xFF, 0xFC, 0xBF, 0x55,
    0x55, 0x0B, 0xF4, 0x00, 0x00, 0x7F, 0x80, 0x00, 0x03, 0xFC, 0x00, 0x00, 0x1F, 0xF4, 0x0B, 0x00,
    0xBF, 0xFF, 0xF4, 0x01, 0xFF, 0xFD, 0x00, 0x00, 0x54, 0x00, 0x00, 0x00, 0x00, 0x00, 0x3E, 0x0B,
    0xC0, 0x07, 0xF0, 0xFD, 0x00, 0x7F, 0x0F, 0xC0, 0x01, 0x80, 0x64, 0x00, 0x00, 0x00, 0x00, 0x00,
    0x6A, 0x90, 0x00, 0x3F, 0xFF, 0xC0, 0x0F, 0xE1, 0xFF, 0x02, 0xFC, 0x03, 0xF4, 0x3F, 0x40, 0x3F,
    0x87, 0xF4, 0x03, 0xFC, 0xBF, 0xAA, 0xFF, 0xCB, 0xFF, 0xFF, 0xFC, 0xBF, 0x55, 0x55, 0x0B, 0xF4,
    0x00, 0x00, 0x7F, 0x80, 0x00, 0x03, 0xFC, 0x00, 0x00, 0x1F, 0xF4, 0x0B, 0x00, 0xBF, 0xFF, 0xF4,
    0x01, 0xFF, 0xFD, 0x00, 0x00, 0x54, 0x00, 0x24, 0x00, 0x2F, 0x40, 0x03, 0xF0, 0x00, 0x2F, 0x00,
    0x02, 0xF0, 0x00, 0x1C, 0x00, 0x00, 0x01, 0x55, 0x40, 0xFF, 0xF0, 0x2F, 0xFC, 0x00, 0xBF, 0x00,
    0x2F, 0xC0, 0x0B, 0xF0, 0x02, 0xFC, 0x00, 0xBF, 0x00, 0x2F, 0xC0, 0x0B, 0xF0, 0x02, 0xFC, 0x00,
    0xBF, 0x00, 0x2F, 0xC0, 0xBF, 0xFF, 0x2F, 0xFF, 0xC0, 0x00, 0x00, 0x00, 0x24, 0x00, 0x2F, 0x40,
    0x2F, 0x80, 0x2F, 0x40, 0x1F, 0x40, 0x07, 0x00, 0x00, 0x00, 0x01, 0x55, 0x40, 0xFF, 0xF0, 0x2F,
    0xFC, 0x00, 0xBF, 0x00, 0x2F, 0xC0, 0x0B, 0xF0, 0x02, 0xFC, 0x00, 0xBF, 0x00, 0x2F, 0xC0, 0x0B,
    0xF0, 0x02, 0xFC, 0x00, 0xBF, 0x00, 0x2F, 0xC0, 0xBF, 0xFF, 0x2F, 0xFF, 0xC0, 0x00, 0x00, 0x02,
    0xE0, 0x00, 0xBF, 0x40, 0x1F, 0x7C, 0x03, 0xC0, 0xF0, 0x70, 0x03, 0x00, 0x00, 0x00, 0x15, 0x54,
    0x03, 0xFF, 0xC0, 0x2F, 0xFC, 0x00, 0x2F, 0xC0, 0x02, 0xFC, 0x00, 0x2F, 0xC0, 0x02, 0xFC, 0x00,
    0x2F, 0xC0, 0x02, 0xFC, 0x00, 0x2F, 0xC0, 0x02, 0xFC, 0x00, 0x2F, 0xC0, 0x02, 0xFC, 0x02, 0xFF,
    0xFC, 0x2F, 0xFF, 0xC0, 0x00, 0x00, 0x00, 0x00, 0x03, 0xD2, 0xE0, 0x7F, 0x3F, 0x07, 0xE3, 0xF0,
    0x28, 0x19, 0x00, 0x00, 0x00, 0x15, 0x54, 0x03, 0xFF, 0xC0, 0x2F, 0xFC, 0x00, 0x2F, 0xC0, 0x02,
    0xFC, 0x00, 0x2F, 0xC0, 0x02, 0xFC, 0x00, 0x2F, 0xC0, 0x02, 0xFC, 0x00, 0x2F, 0xC0, 0x02, 0xFC,
    0x00, 0x2F, 0xC0, 0x02, 0xFC, 0x02, 0xFF, 0xFC, 0x2F, 0xFF, 0xC0, 0x00, 0x00, 0x00, 0x00, 0x00,
    0x00, 0x02, 0xE0, 0x01, 0x00, 0x07, 0xF4, 0xBC, 0x00, 0x02, 0xFF, 0xD0, 0x00, 0x0B, 0xF8, 0x00,
    0x02, 0xFF, 0xF4, 0x00, 0x0B, 0x47, 0xF0, 0x00, 0x00, 0x0F, 0xD0, 0x00, 0x00, 0x1F, 0xC0, 0x07,
    0xFE, 0x3F, 0x40, 0xBF, 0xF8, 0xFE, 0x0B, 0xF8, 0x03, 0xFC, 0x3F, 0xC0, 0x0B, 0xF1, 0xFD, 0x00,
    0x2F, 0xCB, 0xF4, 0x00, 0xBF, 0x7F, 0xC0, 0x02, 0xFD, 0xFF, 0x00, 0x0B, 0xF6, 0xFD, 0x00, 0x2F,
    0xC7, 0xF4, 0x00, 0xFF, 0x0F, 0xF0, 0x07, 0xF8, 0x2F, 0xE0, 0x3F, 0xC0, 0x3F, 0xFF, 0xFD, 0x00,
    0x1F, 0xFF, 0x80, 0x00, 0x01, 0x50, 0x00, 0x00, 0x00, 0x00, 0x00, 0x00, 0x02, 0xF8, 0x0D, 0x00,
    0x00, 0x7F, 0xFF, 0xC0, 0x00, 0x0F, 0x5B, 0xF8, 0x00, 0x00, 0x40, 0x05, 0x00, 0x00, 0x00, 0x00,
    0x00, 0x00, 0x55, 0x40, 0x6A, 0x40, 0x0F, 0xFD, 0x7F, 0xFE, 0x00, 0xBF, 0xEF, 0xEF, 0xF4, 0x00,
    0xBF, 0xD0, 0x3F, 0x80, 0x0B, 0xF8, 0x02, 0xFC, 0x00, 0xBF, 0x00, 0x1F, 0xC0, 0x0B, 0xF0, 0x01,
    0xFC, 0x00, 0xBF, 0x00, 0x1F, 0xC0, 0x0B, 0xF0, 0x01, 0xFC, 0x00, 0xBF, 0x00, 0x1F, 0xC0, 0x0B,
    0xF0, 0x01, 0xFC, 0x00, 0xBF, 0x00, 0x1F, 0xC0, 0x0B, 0xF0, 0x02, 0xFC, 0x0B, 0xFF, 0xF0, 0xFF,
    0xFC, 0xBF, 0xFF, 0x0F, 0xFF, 0xC0, 0x00, 0x00, 0x00, 0x00, 0x00, 0x20, 0x00, 0x00, 0x02, 0xF0,
    0x00, 0x00, 0x03, 0xF0, 0x00, 0x00, 0x03, 0xF0, 0x00, 0x00, 0x02, 0xF0, 0x00, 0x00, 0x02, 0xC0,
    0x00, 0x00, 0x00, 0x00, 0x00, 0x1A, 0xE4, 0x00, 0x03, 0xFF, 0xFE, 0x00, 0x3F, 0xD6, 0xFE, 0x03,
    0xFC, 0x01, 0xFD, 0x0F, 0xE0, 0x03, 0xF8, 0x7F, 0x40, 0x0B, 0xF2, 0xFC, 0x00, 0x2F, 0xCB, 0xF0,
    0x00, 0xBF, 0x2F, 0xC0, 0x02, 0xFC, 0xBF, 0x00, 0x0B, 0xF1, 0xFD, 0x00, 0x3F, 0xC3, 0xF8, 0x00,
    0xFE, 0x0B, 0xF4, 0x0F, 0xF0, 0x0B, 0xFF, 0xFF, 0x40, 0x07, 0xFF, 0xF0, 0x00, 0x00, 0x54, 0x00,
    0x00, 0x00, 0x00, 0x24, 0x00, 0x00, 0x02, 0xF0, 0x00, 0x00, 0x2F, 0x40, 0x00, 0x02, 0xF4, 0x00,
    0x00, 0x2F, 0x00, 0x00, 0x00, 0xB0, 0x00, 0x00, 0x00, 0x00, 0x00, 0x00, 0x1A, 0xE4, 0x00, 0x03,
    0xFF, 0xFE, 0x00, 0x3F, 0xD6, 0xFE, 0x03, 0xFC, 0x01, 0xFD, 0x0F, 0xE0, 0x03, 0xF8, 0x7F, 0x40,
    0x0B, 0xF2, 0xFC, 0x00, 0x2F, 0xCB, 0xF0, 0x00, 0xBF, 0x2F, 0xC0, 0x02, 0xFC, 0xBF, 0x00, 0x0B,
    0xF1, 0xFD, 0x00, 0x3F, 0xC3, 0xF8, 0x00, 0xFE, 0x0B, 0xF4, 0x0F, 0xF0, 0x0B, 0xFF, 0xFF, 0x40,
    0x07, 0xFF, 0xF0, 0x00, 0x00, 0x54, 0x00, 0x00, 0x00, 0x0F, 0x80, 0x00, 0x01, 0xFF, 0x80, 0x00,
    0x1F, 0x9F, 0xC0, 0x01, 0xF4, 0x0F, 0xC0, 0x07, 0x00, 0x07, 0x00, 0x00, 0x00, 0x00, 0x00, 0x06,
    0xB9, 0x00, 0x00, 0xFF, 0xFF, 0x80, 0x0F, 0xF5, 0xBF, 0x80, 0xFF, 0x00, 0x7F, 0x43, 0xF8, 0x00,
    0xFE, 0x1F, 0xD0, 0x02, 0xFC, 0xBF, 0x00, 0x0B, 0xF2, 0xFC, 0x00, 0x2F, 0xCB, 0xF0, 0x00, 0xBF,
    0x2F, 0xC0, 0x02, 0xFC, 0x7F, 0x40, 0x0F, 0xF0, 0xFE, 0x00, 0x3F, 0x82, 0xFD, 0x03, 0xFC, 0x02,
    0xFF, 0xFF, 0xD0, 0x01, 0xFF, 0xFC, 0x00, 0x00, 0x15, 0x00, 0x00, 0x00, 0x00, 0x00, 0x00, 0x03,
    0xE4, 0x2C, 0x00, 0x3F, 0xFF, 0xE0, 0x02, 0xD6, 0xFF, 0x00, 0x01, 0x00, 0x10, 0x00, 0x00, 0x00,
    0x00, 0x00, 0x06, 0xB9, 0x00, 0x00, 0xFF, 0xFF, 0x80, 0x0F, 0xF5, 0xBF, 0x80, 0xFF, 0x00, 0x7F,
    0x43, 0xF8, 0x00, 0xFE, 0x1F, 0xD0, 0x02, 0xFC, 0xBF, 0x00, 0x0B, 0xF2, 0xFC, 0x00, 0x2F, 0xCB,
    0xF0, 0x00, 0xBF, 0x2F, 0xC0, 0x02, 0xFC, 0x7F, 0x40, 0x0F, 0xF0, 0xFE, 0x00, 0x3F, 0x82, 0xFD,
    0x03, 0xFC, 0x02, 0xFF, 0xFF, 0xD0, 0x01, 0xFF, 0xFC, 0x00, 0x00, 0x15, 0x00, 0x00, 0x00, 0x00,
    0x00, 0x00, 0x0B, 0xC1, 0xF0, 0x00, 0x3F, 0x4B, 0xE0, 0x00, 0xFC, 0x2F, 0x80, 0x01, 0x90, 0x28,
    0x00, 0x00, 0x00, 0x00, 0x00, 0x06, 0xB9, 0x00, 0x00, 0xFF, 0xFF, 0x80, 0x0F, 0xF5, 0xBF, 0x80,
    0xFF, 0x00, 0x7F, 0x43, 0xF8, 0x00, 0xFE, 0x1F, 0xD0, 0x02, 0xFC, 0xBF, 0x00, 0x0B, 0xF2, 0xFC,
    0x00, 0x2F, 0xCB, 0xF0, 0x00, 0xBF, 0x2F, 0xC0, 0x02, 0xFC, 0x7F, 0x40, 0x0F, 0xF0, 0xFE, 0x00,
    0x3F, 0x82, 0xFD, 0x03, 0xFC, 0x02, 0xFF, 0xFF, 0xD0, 0x01, 0xFF, 0xFC, 0x00, 0x00, 0x15, 0x00,
    0x00, 0x00, 0x0A, 0x40, 0x00, 0x02, 0xFC, 0x00, 0x00, 0x2F, 0xC0, 0x00, 0x02, 0xFC, 0x00, 0x00,
    0x06, 0x00, 0x00, 0x00, 0x00, 0x00, 0x6A, 0xAA, 0xAA, 0xA7, 0xFF, 0xFF, 0xFF, 0x7F, 0xFF, 0xFF,
    0xF0, 0x00, 0x00, 0x00, 0x00, 0x00, 0x00, 0x00, 0x01, 0xFC, 0x00, 0x00, 0x2F, 0xC0, 0x00, 0x02,
    0xFC, 0x00, 0x00, 0x0F, 0x80, 0x00, 0x00, 0x00, 0x00, 0x00, 0x00, 0x00, 0x00, 0x00, 0x00, 0x0E,
    0x00, 0x00, 0x00, 0xB4, 0x00, 0x1A, 0xEB, 0xC0, 0x03, 0xFF, 0xFE, 0x00, 0x3F, 0xD6, 0xFE, 0x02,
    0xFC, 0x0B, 0xFD, 0x0F, 0xE0, 0x7B, 0xFC, 0x7F, 0x43, 0xCB, 0xF2, 0xFC, 0x1E, 0x2F, 0xCB, 0xF0,
    0xF0, 0xBF, 0x6F, 0xC7, 0x82, 0xFD, 0xBF, 0x7C, 0x0B, 0xF1, 0xFF, 0xD0, 0x3F, 0xC3, 0xFF, 0x00,
    0xFE, 0x0B, 0xF8, 0x0B, 0xF0, 0x0B, 0xFF, 0xFF, 0x40, 0x2F, 0xFF, 0xF0, 0x00, 0xF0, 0x54, 0x00,
    0x0B, 0x40, 0x00, 0x00, 0x18, 0x00, 0x00, 0x00, 0x00, 0x08, 0x00, 0x00, 0x00, 0x03, 0xF0, 0x00,
    0x00, 0x00, 0x0F, 0xC0, 0x00, 0x00, 0x00, 0x3F, 0x00, 0x00, 0x00, 0x00, 0xBC, 0x00, 0x00, 0x00,
    0x02, 0xC0, 0x00, 0x00, 0x00, 0x00, 0x00, 0x01, 0x55, 0x00, 0x55, 0x40, 0x3F, 0xF4, 0x2F, 0xFD,
    0x02, 0xFF, 0x41, 0xBF, 0xD0, 0x07, 0xF0, 0x01, 0xFC, 0x00, 0x7F, 0x00, 0x1F, 0xC0, 0x07, 0xF0,
    0x01, 0xFC, 0x00, 0x7F, 0x00, 0x1F, 0xC0, 0x07, 0xF0, 0x01, 0xFC, 0x00, 0x7F, 0x00, 0x1F, 0xC0,
    0x07, 0xF0, 0x01, 0xFC, 0x00, 0x3F, 0x00, 0x2F, 0xC0, 0x03, 0xF8, 0x03, 0xFC, 0x00, 0x3F, 0xE5,
    0xFF, 0xD0, 0x01, 0xFF, 0xFD, 0xFF, 0xC0, 0x07, 0xFF, 0x4B, 0xFC, 0x00, 0x00, 0x00, 0x00, 0x00,
    0x00, 0x00, 0x08, 0x00, 0x00, 0x00, 0x03, 0xF0, 0x00, 0x00, 0x00, 0xBD, 0x00, 0x00, 0x00, 0x2F,
    0x00, 0x00, 0x00, 0x0B, 0xC0, 0x00, 0x00, 0x00, 0xA0, 0x00, 0x00, 0x00, 0x00, 0x00, 0x00, 0x01,
    0x55, 0x00, 0x55, 0x40, 0x3F, 0xF4, 0x2F, 0xFD, 0x02, 0xFF, 0x41, 0xBF, 0xD0, 0x07, 0xF0, 0x01,
    0xFC, 0x00, 0x7F, 0x00, 0x1F, 0xC0, 0x07, 0xF0, 0x01, 0xFC, 0x00, 0x7F, 0x00, 0x1F, 0xC0, 0x07,
    0xF0, 0x01, 0xFC, 0x00, 0x7F, 0x00, 0x1F, 0xC0, 0x07, 0xF0, 0x01, 0xFC, 0x00, 0x3F, 0x00, 0x2F,
    0xC0, 0x03, 0xF8, 0x03, 0xFC, 0x00, 0x3F, 0xE5, 0xFF, 0xD0, 0x01, 0xFF, 0xFD, 0xFF, 0xC0, 0x07,
    0xFF, 0x4B, 0xFC, 0x00, 0x00, 0x00, 0x00, 0x00, 0x00, 0x03, 0xE0, 0x00, 0x00, 0x01, 0xFF, 0x80,
    0x00, 0x00, 0x7E, 0x7F, 0x00, 0x00, 0x1F, 0x40, 0xFC, 0x00, 0x01, 0xC0, 0x01, 0xC0, 0x00, 0x00,
    0x00, 0x00, 0x00, 0x15, 0x50, 0x05, 0x54, 0x03, 0xFF, 0x42, 0xFF, 0xD0, 0x2F, 0xF4, 0x1B, 0xFD,
    0x00, 0x7F, 0x00, 0x1F, 0xC0, 0x07, 0xF0, 0x01, 0xFC, 0x00, 0x7F, 0x00, 0x1F, 0xC0, 0x07, 0xF0,
    0x01, 0xFC, 0x00, 0x7F, 0x00, 0x1F, 0xC0, 0x07, 0xF0, 0x01, 0xFC, 0x00, 0x7F, 0x00, 0x1F, 0xC0,
    0x03, 0xF0, 0x02, 0xFC, 0x00, 0x3F, 0x80, 0x3F, 0xC0, 0x03, 0xFE, 0x5F, 0xFD, 0x00, 0x1F, 0xFF,
    0xDF, 0xFC, 0x00, 0x7F, 0xF4, 0xBF, 0xC0, 0x00, 0x00, 0x00, 0x00, 0x00, 0x00, 0x00, 0x00, 0x00,
    0x0B, 0xC1, 0xF0, 0x00, 0x00, 0xFC, 0x3F, 0x80, 0x00, 0x0F, 0xC2, 0xF4, 0x00, 0x00, 0x64, 0x0A,
    0x00, 0x00, 0x00, 0x00, 0x00, 0x00, 0x15, 0x50, 0x05, 0x54, 0x03, 0xFF, 0x42, 0xFF, 0xD0, 0x2F,
    0xF4, 0x1B, 0xFD, 0x00, 0x7F, 0x00, 0x1F, 0xC0, 0x07, 0xF0, 0x01, 0xFC, 0x00, 0x7F, 0x00, 0x1F,
    0xC0, 0x07, 0xF0, 0x01, 0xFC, 0x00, 0x7F, 0x00, 0x1F, 0xC0, 0x07, 0xF0, 0x01, 0xFC, 0x00, 0x7F,
    0x00, 0x1F, 0xC0, 0x03, 0xF0, 0x02, 0xFC, 0x00, 0x3F, 0x80, 0x3F, 0xC0, 0x03, 0xFE, 0x5F, 0xFD,
    0x00, 0x1F, 0xFF, 0xDF, 0xFC, 0x00, 0x7F, 0xF4, 0xBF, 0xC0, 0x00, 0x00, 0x00, 0x00, 0x00, 0x00,
    0x06, 0x00, 0x00, 0x00, 0x07, 0xE0, 0x00, 0x00, 0x07, 0xE0, 0x00, 0x00, 0x07, 0xE0, 0x00, 0x00,
    0x07, 0xD0, 0x00, 0x00, 0x00, 0xD0, 0x00, 0x00, 0x00, 0x00, 0x00, 0x00, 0x55, 0x54, 0x15, 0x54,
    0x7F, 0xFF, 0x0F, 0xFF, 0x8B, 0xFE, 0x41, 0xBF, 0x90, 0x3F, 0x40, 0x1F, 0x80, 0x0F, 0xE0, 0x0F,
    0xD0, 0x01, 0xFC, 0x03, 0xF0, 0x00, 0x3F, 0x41, 0xF4, 0x00, 0x0B, 0xF0, 0xFC, 0x00, 0x00, 0xFC,
    0x3E, 0x00, 0x00, 0x3F, 0x9F, 0x40, 0x00, 0x07, 0xFB, 0xC0, 0x00, 0x00, 0xFF, 0xE0, 0x00, 0x00,
    0x2F, 0xF0, 0x00, 0x00, 0x03, 0xFC, 0x00, 0x00, 0x00, 0xFD, 0x00, 0x00, 0x00, 0x2F, 0x00, 0x00,
    0x00, 0x0F, 0x80, 0x00, 0x00, 0x07, 0xD0, 0x00, 0x00, 0x03, 0xF0, 0x00, 0x00, 0x01, 0xF8, 0x00,
    0x00, 0x00, 0xFC, 0x00, 0x00, 0x00, 0x2F, 0x00, 0x00, 0x00, 0x00, 0x00, 0x00, 0x00, 0x00, 0x00,
    0x00, 0x00, 0x0F, 0xFF, 0x00, 0x00, 0x03, 0xFF, 0xC0, 0x00, 0x00, 0x0F, 0xF0, 0x00, 0x00, 0x03,
    0xF8, 0x00, 0x00, 0x00, 0xBE, 0x00, 0x00, 0x00, 0x2F, 0x80, 0x00, 0x00, 0x0B, 0xE0, 0x00, 0x00,
    0x02, 0xF8, 0x2A, 0x40, 0x00, 0xBE, 0x7F, 0xFD, 0x00, 0x2F, 0xFF, 0xFF, 0xC0, 0x0B, 0xFD, 0x0B,
    0xF8, 0x02, 0xFD, 0x00, 0xFF, 0x00, 0xBF, 0x00, 0x2F, 0xD0, 0x2F, 0x80, 0x07, 0xF4, 0x0B, 0xE0,
    0x01, 0xFD, 0x02, 0xF8, 0x00, 0x7F, 0x40, 0xBE, 0x00, 0x2F, 0xD0, 0x2F, 0x80, 0x0B, 0xF0, 0x0B,
    0xE0, 0x03, 0xF8, 0x02, 0xFD, 0x07, 0xFC, 0x00, 0xBF, 0xFF, 0xFD, 0x00, 0x2F, 0xFF, 0xF8, 0x00,
    0x0B, 0xE0, 0x40, 0x00, 0x02, 0xF8, 0x00, 0x00, 0x00, 0xBE, 0x00, 0x00, 0x00, 0x3F, 0xC0, 0x00,
    0x00, 0x0F, 0xF0, 0x00, 0x00, 0x2F, 0xFF, 0xD0, 0x00, 0x06, 0xAA, 0xA0, 0x00, 0x00, 0x00, 0x00,
    0x00, 0x00, 0x00, 0x0F, 0x43, 0xE0, 0x00, 0x0B, 0xE1, 0xFC, 0x00, 0x02, 0xF8, 0x7F, 0x00, 0x00,
    0x28, 0x06, 0x00, 0x00, 0x00, 0x00, 0x00, 0x01, 0x55, 0x50, 0x55, 0x51, 0xFF, 0xFC, 0x3F, 0xFE,
    0x2F, 0xF9, 0x06, 0xFE, 0x40, 0xFD, 0x00, 0x7E, 0x00, 0x3F, 0x80, 0x3F, 0x40, 0x07, 0xF0, 0x0F,
    0xC0, 0x00, 0xFD, 0x07, 0xD0, 0x00, 0x2F, 0xC3, 0xF0, 0x00, 0x03, 0xF0, 0xF8, 0x00, 0x00, 0xFE,
    0x7D, 0x00, 0x00, 0x1F, 0xEF, 0x00, 0x00, 0x03, 0xFF, 0x80, 0x00, 0x00, 0xBF, 0xC0, 0x00, 0x00,
    0x0F, 0xF0, 0x00, 0x00, 0x03, 0xF4, 0x00, 0x00, 0x00, 0xBC, 0x00, 0x00, 0x00, 0x3E, 0x00, 0x00,
    0x00, 0x1F, 0x40, 0x00, 0x00, 0x0F, 0xC0, 0x00, 0x00, 0x07, 0xE0, 0x00, 0x00, 0x03, 0xF0, 0x00,
    0x00, 0x00, 0xBC, 0x00, 0x00, 0x00, 0x00, 0x00, 0x00, 0x00, 0x00, 0x04, 0x00, 0x10, 0x00, 0x00,
    0x1D, 0x00, 0xB0, 0x00, 0x00, 0x0F, 0xEB, 0xE0, 0x00, 0x00, 0x03, 0xFF, 0x80, 0x00, 0x00, 0x00,
    0x69, 0x00, 0x00, 0x00, 0x00, 0x6C, 0x00, 0x00, 0x00, 0x00, 0xFD, 0x00, 0x00, 0x00, 0x00, 0xFE,
    0x00, 0x00, 0x00, 0x02, 0xFF, 0x00, 0x00, 0x00, 0x03, 0xFF, 0x40, 0x00, 0x00, 0x07, 0xFF, 0xC0,
    0x00, 0x00, 0x0B, 0xDF, 0xC0, 0x00, 0x00, 0x0F, 0xCF, 0xD0, 0x00, 0x00, 0x1F, 0x4B, 0xF0, 0x00,
    0x00, 0x2F, 0x07, 0xF0, 0x00, 0x00, 0x3F, 0x03, 0xF8, 0x00, 0x00, 0x7E, 0x02, 0xFC, 0x00, 0x00,
    0xBC, 0x01, 0xFC, 0x00, 0x00, 0xFF, 0xFF, 0xFE, 0x00, 0x01, 0xFF, 0xFF, 0xFF, 0x00, 0x02, 0xF4,
    0x00, 0x7F, 0x40, 0x03, 0xF0, 0x00, 0x3F, 0x80, 0x07, 0xE0, 0x00, 0x3F, 0xC0, 0x0F, 0xD0, 0x00,
    0x2F, 0xE0, 0x7F, 0xFC, 0x01, 0xFF, 0xFD, 0xBF, 0xFC, 0x01, 0xFF, 0xFD, 0x00, 0x00, 0x00, 0x00,
    0x00, 0x04, 0x00, 0x10, 0x00, 0x38, 0x02, 0xD0, 0x00, 0xBE, 0xBF, 0x00, 0x00, 0xFF, 0xF0, 0x00,
    0x00, 0x69, 0x00, 0x00, 0x00, 0x00, 0x00, 0x00, 0x6A, 0xE4, 0x00, 0x0F, 0xFF, 0xFD, 0x00, 0x3F,
    0xA7, 0xFC, 0x00, 0xB8, 0x03, 0xF8, 0x02, 0xD0, 0x0B, 0xF0, 0x05, 0x00, 0x1F, 0xC0, 0x00, 0x00,
    0xBF, 0x00, 0x06, 0xFF, 0xFC, 0x01, 0xFF, 0xAB, 0xF0, 0x1F, 0xD0, 0x1F, 0xC0, 0xBF, 0x00, 0xBF,
    0x02, 0xFC, 0x03, 0xFC, 0x0B, 0xF9, 0x7F, 0xF0, 0x0F, 0xFF, 0xDF, 0xFC, 0x1F, 0xFD, 0x3F, 0xF0,
    0x01, 0x00, 0x00, 0x00, 0x0A, 0xAA, 0xAA, 0x90, 0x00, 0x07, 0xFF, 0xFF, 0xFF, 0x80, 0x00, 0x6F,
    0xF5, 0x5B, 0xFD, 0x00, 0x03, 0xF8, 0x00, 0x3F, 0xD0, 0x00, 0xFD, 0x00, 0x03, 0xFC, 0x00, 0x3F,
    0x40, 0x00, 0x7F, 0x80, 0x0F, 0xD0, 0x00, 0x0F, 0xF0, 0x03, 0xF4, 0x00, 0x02, 0xFC, 0x00, 0xFD,
    0x00, 0x00, 0x7F, 0x40, 0x3F, 0x80, 0x00, 0x1F, 0xE7, 0xFF, 0xFF, 0xD0, 0x03, 0xF8, 0x57, 0xF9,
    0x50, 0x00, 0xFE, 0x00, 0xFD, 0x00, 0x00, 0x7F, 0x40, 0x3F, 0x40, 0x00, 0x1F, 0xD0, 0x0F, 0xD0,
    0x00, 0x0B, 0xF0, 0x03, 0xF4, 0x00, 0x03, 0xF8, 0x00, 0xFD, 0x00, 0x02, 0xFC, 0x00, 0x3F, 0x80,
    0x01, 0xFE, 0x00, 0x0F, 0xE0, 0x02, 0xFE, 0x00, 0x2F, 0xFF, 0xFF, 0xFD, 0x00, 0x1F, 0xFF, 0xFF,
    0xF4, 0x00, 0x00, 0x00, 0x00, 0x00, 0x00, 0x00, 0x00, 0x00, 0x00, 0x00, 0x00, 0x00, 0x7F, 0xF8,
    0x00, 0x00, 0x1F, 0xFE, 0x00, 0x00, 0x00, 0x3F, 0x80, 0x00, 0x00, 0x1F, 0xE0, 0x00, 0x03, 0xFF,
    0xFF, 0xD0, 0x00, 0x55, 0xFE, 0x50, 0x00, 0x00, 0x3F, 0x40, 0x00, 0x6B, 0xAF, 0xD0, 0x00, 0xFF,
    0xFF, 0xF4, 0x00, 0xFF, 0xAB, 0xFD, 0x00, 0xBF, 0x40, 0x3F, 0x40, 0x3F, 0x80, 0x0F, 0xD0, 0x1F,
    0xD0, 0x03, 0xF4, 0x0B, 0xF0, 0x00, 0xFD, 0x02, 0xFC, 0x00, 0x3F, 0x40, 0xBF, 0x00, 0x0F, 0xD0,
    0x2F, 0xD0, 0x03, 0xF4, 0x07, 0xF8, 0x01, 0xFD, 0x00, 0xFF, 0x00, 0xFF, 0x80, 0x2F, 0xF9, 0xFF,
    0xE0, 0x03, 0xFF, 0xFE, 0xFF, 0x40, 0x2F, 0xF8, 0x7F, 0xD0, 0x00, 0x50, 0x00, 0x00, 0x00, 0x00,
    0x00, 0x3F, 0x40, 0xE2, 0xFF, 0xFF, 0x4E, 0x5B, 0xF8, 0x10, 0x01, 0x40, 0x2A, 0xAA, 0x81, 0xFF,
    0xFF, 0x01, 0xBF, 0xD4, 0x00, 0xFE, 0x00, 0x03, 0xF8, 0x00, 0x0F, 0xD0, 0x00, 0x3F, 0x40, 0x00,
    0xFD, 0x00, 0x03, 0xF4, 0x00, 0x0F, 0xD0, 0x00, 0x3F, 0x40, 0x00, 0xFD, 0x00, 0x03, 0xF4, 0x00,
    0x0F, 0xD0, 0x00, 0x3F, 0x40, 0x00, 0xFD, 0x00, 0x03, 0xF4, 0x00, 0x0F, 0xE0, 0x00, 0x3F, 0x80,
    0x0B, 0xFF, 0xF0, 0x7F, 0xFF, 0xC0, 0x00, 0x00, 0x00, 0x00, 0x00, 0x01, 0xF4, 0x70, 0x3F, 0xFF,
    0x07, 0x9F, 0xD0, 0x10, 0x04, 0x00, 0x00, 0x00, 0x15, 0x54, 0x03, 0xFF, 0xC0, 0x2F, 0xFC, 0x00,
    0x2F, 0xC0, 0x02, 0xFC, 0x00, 0x2F, 0xC0, 0x02, 0xFC, 0x00, 0x2F, 0xC0, 0x02, 0xFC, 0x00, 0x2F,
    0xC0, 0x02, 0xFC, 0x00, 0x2F, 0xC0, 0x02, 0xFC, 0x02, 0xFF, 0xFC, 0x2F, 0xFF, 0xC0, 0x00, 0x00,
    0x00, 0x00, 0x00, 0x00, 0x00, 0x00, 0x00, 0xBE, 0x03, 0x80, 0x00, 0x00, 0xBF, 0xFF, 0xD0, 0x00,
    0x00, 0x39, 0x6F, 0xE0, 0x00, 0x00, 0x04, 0x00, 0x50, 0x00, 0x1A, 0xAA, 0x90, 0x06, 0xAA, 0xAB,
    0xFF, 0xF8, 0x02, 0xFF, 0xFC, 0x7F, 0xE4, 0x00, 0x1F, 0xF5, 0x07, 0xF4, 0x00, 0x02, 0xF8, 0x01,
    0xFD, 0x00, 0x00, 0x7E, 0x00, 0x7F, 0x40, 0x00, 0x1F, 0x80, 0x1F, 0xD0, 0x00, 0x07, 0xE0, 0x07,
    0xF4, 0x00, 0x01, 0xF8, 0x01, 0xFD, 0x00, 0x00, 0x7E, 0x00, 0x7F, 0x40, 0x00, 0x1F, 0x80, 0x1F,
    0xD0, 0x00, 0x07, 0xE0, 0x07, 0xF4, 0x00, 0x01, 0xF8, 0x01, 0xFD, 0x00, 0x00, 0x7E, 0x00, 0x7F,
    0x40, 0x00, 0x1F, 0x80, 0x1F, 0xD0, 0x00, 0x07, 0xD0, 0x03, 0xF8, 0x00, 0x02, 0xF4, 0x00, 0xFF,
    0x00, 0x00, 0xFC, 0x00, 0x1F, 0xE0, 0x00, 0xBE, 0x00, 0x03, 0xFF, 0x41, 0xBF, 0x00, 0x00, 0x3F,
    0xFF, 0xFF, 0x40, 0x00, 0x02, 0xFF, 0xFE, 0x00, 0x00, 0x00, 0x01, 0x54, 0x00, 0x00, 0x00, 0x00,
    0x00, 0x00, 0x00, 0x07, 0xE4, 0x28, 0x00, 0x00, 0xFF, 0xFF, 0x80, 0x00, 0x2D, 0x6F, 0xF0, 0x00,
    0x00, 0x40, 0x04, 0x00, 0x00, 0x00, 0x00, 0x00, 0x00, 0x15, 0x50, 0x05, 0x54, 0x03, 0xFF, 0x42,
    0xFF, 0xD0, 0x2F, 0xF4, 0x1B, 0xFD, 0x00, 0x7F, 0x00, 0x1F, 0xC0, 0x07, 0xF0, 0x01, 0xFC, 0x00,
    0x7F, 0x00, 0x1F, 0xC0, 0x07, 0xF0, 0x01, 0xFC, 0x00, 0x7F, 0x00, 0x1F, 0xC0, 0x07, 0xF0, 0x01,
    0xFC, 0x00, 0x7F, 0x00, 0x1F, 0xC0, 0x03, 0xF0, 0x02, 0xFC, 0x00, 0x3F, 0x80, 0x3F, 0xC0, 0x03,
    0xFE, 0x5F, 0xFD, 0x00, 0x1F, 0xFF, 0xDF, 0xFC, 0x00, 0x7F, 0xF4, 0xBF, 0xC0, 0x00, 0x00, 0x00,
    0x00, 0x00, 0x00, 0x00, 0x00, 0x00, 0x60, 0x00, 0x00, 0x00, 0x00, 0x0B, 0xC0, 0x00, 0x2F, 0xFE,
    0x40, 0x1F, 0x40, 0x0B, 0xFF, 0xFF, 0xE0, 0x7D, 0x00, 0xFF, 0x90, 0x6F, 0xFB, 0xF0, 0x0F, 0xF4,
    0x00, 0x1F, 0xFE, 0x00, 0xBF, 0x40, 0x00, 0x2F, 0xD0, 0x03, 0xFC, 0x00, 0x00, 0x3F, 0xC0, 0x1F,
    0xE0, 0x00, 0x00, 0xFF, 0x00, 0xBF, 0x40, 0x00, 0x02, 0xFD, 0x03, 0xFC, 0x00, 0x00, 0x07, 0xF8,
    0x0F, 0xF0, 0x00, 0x00, 0x1F, 0xF0, 0x3F, 0xC0, 0x00, 0x00, 0x3F, 0xC0, 0xFF, 0x00, 0x00, 0x01,
    0xFF, 0x03, 0xFC, 0x00, 0x00, 0x07, 0xF8, 0x0F, 0xF4, 0x00, 0x00, 0x1F, 0xE0, 0x2F, 0xD0, 0x00,
    0x00, 0xBF, 0x40, 0x3F, 0xC0, 0x00, 0x03, 0xFC, 0x00, 0xFF, 0x00, 0x00, 0x1F, 0xE0, 0x00, 0xFF,
    0x00, 0x00, 0xFF, 0x00, 0x01, 0xFF, 0x00, 0x1F, 0xF4, 0x00, 0x01, 0xFF, 0xEB, 0xFF, 0x00, 0x00,
    0x00, 0xBF, 0xFF, 0xE0, 0x00, 0x00, 0x00, 0x05, 0x50, 0x00, 0x00, 0x00, 0x00, 0x00, 0x06, 0x00,
    0x00, 0x00, 0x0F, 0xC0, 0x00, 0x00, 0x01, 0xF4, 0x01, 0xAE, 0x40, 0x7D, 0x03, 0xFF, 0xFE, 0xBF,
    0x03, 0xFD, 0x6F, 0xFE, 0x03, 0xFC, 0x01, 0xFD, 0x00, 0xFE, 0x00, 0x3F, 0x80, 0x7F, 0x40, 0x0B,
    0xF0, 0x2F, 0xC0, 0x02, 0xFC, 0x0B, 0xF0, 0x00, 0xBF, 0x02, 0xFC, 0x00, 0x2F, 0xC0, 0xBF, 0x00,
    0x0B, 0xF0, 0x1F, 0xD0, 0x03, 0xFC, 0x03, 0xF8, 0x00, 0xFE, 0x00, 0xBF, 0x40, 0xFF, 0x00, 0x0B,
    0xFF, 0xFF, 0x40, 0x00, 0x7F, 0xFF, 0x00, 0x00, 0x00, 0x54, 0x00, 0x00, 0x00, 0x00, 0x00, 0x00,
    0x00, 0x64, 0x00, 0x00, 0x00, 0x00, 0x07, 0xE0, 0x00, 0x00, 0x00, 0x00, 0x0F, 0xC0, 0x00, 0x00,
    0x00, 0x00, 0x3F, 0x2A, 0xAA, 0x80, 0x0A, 0x96, 0xF5, 0xFF, 0xFF, 0x00, 0x7F, 0xFF, 0x41, 0xBF,
    0xE4, 0x00, 0x6F, 0xD0, 0x00, 0xFF, 0x00, 0x00, 0x3F, 0x40, 0x03, 0xFC, 0x00, 0x00, 0xFC, 0x00,
    0x0F, 0xF0, 0x00, 0x03, 0xF0, 0x00, 0x3F, 0xC0, 0x00, 0x0F, 0xC0, 0x00, 0xFF, 0x00, 0x00, 0x3F,
    0x00, 0x03, 0xFC, 0x00, 0x00, 0xFC, 0x00, 0x0F, 0xF0, 0x00, 0x03, 0xF0, 0x00, 0x3F, 0xC0, 0x00,
    0x0F, 0xC0, 0x00, 0xFF, 0x00, 0x00, 0x3F, 0x00, 0x03, 0xFC, 0x00, 0x00, 0xFC, 0x00, 0x0F, 0xF0,
    0x00, 0x03, 0xF0, 0x00, 0x3F, 0xC0, 0x00, 0x0F, 0xC0, 0x00, 0xFF, 0x00, 0x00, 0x7F, 0x00, 0x02,
    0xFE, 0x00, 0x02, 0xF8, 0x00, 0x03, 0xFD, 0x00, 0x1F, 0xC0, 0x00, 0x0B, 0xFE, 0x56, 0xFE, 0x00,
    0x00, 0x0B, 0xFF, 0xFF, 0xE0, 0x00, 0x00, 0x07, 0xFF, 0xFD, 0x00, 0x00, 0x00, 0x00, 0x55, 0x00,
    0x00, 0x00, 0x00, 0x00, 0x00, 0x00, 0x60, 0x00, 0x00, 0x00, 0x0B, 0xC0, 0x00, 0x00, 0x00, 0x1F,
    0x40, 0x00, 0x00, 0x00, 0x7D, 0x15, 0x50, 0x05, 0x6B, 0xF0, 0xFF, 0xD0, 0xBF, 0xFE, 0x02, 0xFF,
    0x41, 0xBF, 0xD0, 0x01, 0xFC, 0x00, 0x7F, 0x00, 0x07, 0xF0, 0x01, 0xFC, 0x00, 0x1F, 0xC0, 0x07,
    0xF0, 0x00, 0x7F, 0x00, 0x1F, 0xC0, 0x01, 0xFC, 0x00, 0x7F, 0x00, 0x07, 0xF0, 0x01, 0xFC, 0x00,
    0x1F, 0xC0, 0x07, 0xF0, 0x00, 0x3F, 0x00, 0x2F, 0xC0, 0x00, 0xFE, 0x00, 0xFF, 0x00, 0x03, 0xFE,
    0x5F, 0xFD, 0x00, 0x07, 0xFF, 0xF7, 0xFF, 0x00, 0x07, 0xFF, 0x4B, 0xFC, 0x00, 0x00, 0x00, 0x00,
    0x00, 0x20, 0x02, 0xF0, 0x03, 0xF0, 0x02, 0xF0, 0x02, 0xF0, 0x01, 0xC0, 0x00, 0x00, 0x00, 0x20,
    0x03, 0xE0, 0x3F, 0x03, 0xE0, 0x3E, 0x00, 0xD0, 0x00, 0x00, 0x00, 0x00, 0xBD, 0x00, 0x0B, 0xFD,
    0x00, 0xBD, 0xBD, 0x0F, 0xC0, 0x7E, 0x38, 0x00, 0x34, 0x00, 0x00, 0x00, 0x00, 0x00, 0x00, 0x1F,
    0x80, 0xD1, 0xFF, 0xFF, 0x4F, 0x5B, 0xF8, 0x10, 0x01, 0x40, 0x2A, 0xAA, 0xA0, 0xFF, 0xFF, 0xC0,
    0x00, 0x00, 0x00, 0x14, 0x00, 0x43, 0xC0, 0x0E, 0x1F, 0xAB, 0xC0, 0xBF, 0xF4, 0x00, 0xA8, 0x00,
    0x04, 0x0F, 0xC7, 0xF1, 0xFC, 0x19, 0x00, 0x00, 0x00, 0x03, 0xD0, 0xB8, 0xBF, 0x0F, 0xC7, 0xF0,
    0xFC, 0x28, 0x06, 0x40, 0x7E, 0x0B, 0xFC, 0x07, 0xC1, 0xF4, 0x3C, 0x02, 0x80, 0x2F, 0x87, 0xAD,
    0xB0, 0xEB, 0x5E, 0x3F, 0xC0, 0x00, 0x00, 0x24, 0x00, 0x00, 0x3F, 0x07, 0x80, 0x3F, 0x4B, 0xF0,
    0x7E, 0x0F, 0xE0, 0x3D, 0x0F, 0x80, 0x04, 0x01, 0x00, 0x00, 0x14, 0x00, 0x14, 0x3E, 0x00, 0xFC,
    0x0F, 0xC7, 0xE0, 0x03, 0xFF, 0x80, 0x00, 0xBE, 0x00, 0x00, 0x00, 0x00, 0x00, 0x01, 0x00, 0x2D,
    0x0F, 0x40, 0x3F, 0x8B, 0xD0, 0x07, 0xF1, 0xF4, 0x00, 0xBC, 0x3C, 0x00, 0x04, 0x04, 0x01, 0xB9,
    0x00, 0xBF, 0xF8, 0x1F, 0x5B, 0xD3, 0xC0, 0x0E, 0x00, 0x00, 0x00, 0x1C, 0x3C, 0x7C, 0xBE, 0xBF,
    0x7D, 0x00, 0x01, 0x50, 0x3F, 0x03, 0xF0, 0x3F, 0x03, 0xE0, 0xBD, 0x0F, 0x81, 0xF0, 0x3D, 0x07,
    0x80, 0x20, 0x00, 0x04, 0x0F, 0xC7, 0xF4, 0xFD, 0x19, 0x00, 0x00, 0x00, 0x03, 0xD0, 0xB8, 0xBF,
    0x0F, 0xC7, 0xF0, 0xFC, 0x28, 0x06, 0x40, 0x14, 0xBE, 0xBF, 0x3E, 0x2D, 0x3C, 0x10, 0x04, 0x0A,
    0x03, 0x80, 0xFC, 0x1F, 0x81, 0xE0, 0xF3, 0xF4, 0x00, 0x00, 0x01, 0x40, 0xFC, 0x3E, 0x0B, 0xC0,
    0xFC, 0x0F, 0xE4, 0x7F, 0xE0, 0x50, 0x14, 0x00, 0x43, 0xC0, 0x0E, 0x1F, 0xAB, 0xC0, 0xBF, 0xF4,
    0x00, 0xA8, 0x00, 0x00, 0x00, 0x00, 0xFF, 0xFF, 0xE2, 0xAA, 0xAA, 0x00, 0x00, 0x00, 0x6C, 0x00,
    0x00, 0x00, 0x00, 0xFD, 0x00, 0x00, 0x00, 0x00, 0xFE, 0x00, 0x00, 0x00, 0x02, 0xFF, 0x00, 0x00,
    0x00, 0x03, 0xFF, 0x40, 0x00, 0x00, 0x07, 0xFF, 0xC0, 0x00, 0x00, 0x0B, 0xDF, 0xC0, 0x00, 0x00,
    0x0F, 0xCF, 0xD0, 0x00, 0x00, 0x1F, 0x4B, 0xF0, 0x00, 0x00, 0x2F, 0x07, 0xF0, 0x00, 0x00, 0x3F,
    0x03, 0xF8, 0x00, 0x00, 0x7E, 0x02, 0xFC, 0x00, 0x00, 0xBC, 0x01, 0xFC, 0x00, 0x00, 0xFF, 0xFF,
    0xFE, 0x00, 0x01, 0xFF, 0xFF, 0xFF, 0x00, 0x02, 0xF4, 0x00, 0x7F, 0x40, 0x03, 0xF0, 0x00, 0x3F,
    0x80, 0x07, 0xE0, 0x00, 0x3F, 0xC0, 0x0F, 0xD0, 0x00, 0x2F, 0xE0, 0x7F, 0xFC, 0x01, 0xFF, 0xFD,
    0xBF, 0xFC, 0x01, 0xFF, 0xFD, 0x00, 0x00, 0x00, 0x00, 0x00, 0x00, 0x00, 0x00, 0x00, 0x00, 0x00,
    0x00, 0x10, 0x00, 0x00, 0x00, 0x00, 0xFC, 0x00, 0x00, 0x00, 0x01, 0xFD, 0x00, 0x00, 0x00, 0x00,
    0xFC, 0x00, 0x00, 0x00, 0x00, 0x64, 0x00, 0x00, 0x06, 0xAE, 0x40, 0x00, 0xFF, 0xFF, 0xD0, 0x03,
    0xFA, 0x7F, 0xC0, 0x0B, 0x80, 0x3F, 0x80, 0x2D, 0x00, 0xBF, 0x00, 0x50, 0x01, 0xFC, 0x00, 0x00,
    0x0B, 0xF0, 0x00, 0x6F, 0xFF, 0xC0, 0x1F, 0xFA, 0xBF, 0x01, 0xFD, 0x01, 0xFC, 0x0B, 0xF0, 0x0B,
    0xF0, 0x2F, 0xC0, 0x3F, 0xC0, 0xBF, 0x97, 0xFF, 0x00, 0xFF, 0xFD, 0xFF, 0xC1, 0xFF, 0xD3, 0xFF,
    0x00, 0x10, 0x00, 0x00, 0x00, 0x00, 0x00, 0x00, 0x00, 0x10, 0x00, 0x00, 0x03, 0xF0, 0x00, 0x00,
    0x0F, 0xD0, 0x00, 0x00, 0x3F, 0x40, 0x00, 0x00, 0x64, 0x00, 0x00, 0x00, 0x00, 0x54, 0x00, 0x00,
    0x00, 0x01, 0xFF, 0x00, 0x00, 0x00, 0x00, 0x0F, 0x00, 0x00, 0x00, 0x00, 0x3D, 0x00, 0x00, 0x00,
    0x00, 0xB4, 0x00, 0x00, 0x00, 0x00, 0x10, 0x00, 0x00, 0x00, 0x00, 0x6C, 0x00, 0x00, 0x00, 0x00,
    0xFD, 0x00, 0x00, 0x00, 0x00, 0xFE, 0x00, 0x00, 0x00, 0x02, 0xFF, 0x00, 0x00, 0x00, 0x03, 0xFF,
    0x40, 0x00, 0x00, 0x07, 0xFF, 0xC0, 0x00, 0x00, 0x0B, 0xDF, 0xC0, 0x00, 0x00, 0x0F, 0xCF, 0xD0,
    0x00, 0x00, 0x1F, 0x4B, 0xF0, 0x00, 0x00, 0x2F, 0x07, 0xF0, 0x00, 0x00, 0x3F, 0x03, 0xF8, 0x00,
    0x00, 0x7E, 0x02, 0xFC, 0x00, 0x00, 0xBC, 0x01, 0xFC, 0x00, 0x00, 0xFF, 0xFF, 0xFE, 0x00, 0x01,
    0xFF, 0xFF, 0xFF, 0x00, 0x02, 0xF4, 0x00, 0x7F, 0x40, 0x03, 0xF0, 0x00, 0x3F, 0x80, 0x07, 0xE0,
    0x00, 0x3F, 0xC0, 0x0F, 0xD0, 0x00, 0x2F, 0xE0, 0x7F, 0xFC, 0x01, 0xFF, 0xFD, 0xBF, 0xFC, 0x01,
    0xFF, 0xFD, 0x00, 0x00, 0x00, 0x00, 0x00, 0x00, 0xB9, 0x00, 0x00, 0x03, 0xFD, 0x00, 0x00, 0x00,
    0xF8, 0x00, 0x00, 0x0B, 0xC0, 0x00, 0x00, 0xB8, 0x00, 0x00, 0x01, 0x90, 0x00, 0x00, 0x00, 0x00,
    0x00, 0x01, 0xAB, 0x90, 0x00, 0x3F, 0xFF, 0xF4, 0x00, 0xFE, 0x9F, 0xF0, 0x02, 0xE0, 0x0F, 0xE0,
    0x0B, 0x40, 0x2F, 0xC0, 0x14, 0x00, 0x7F, 0x00, 0x00, 0x02, 0xFC, 0x00, 0x1B, 0xFF, 0xF0, 0x07,
    0xFE, 0xAF, 0xC0, 0x7F, 0x40, 0x7F, 0x02, 0xFC, 0x02, 0xFC, 0x0B, 0xF0, 0x0F, 0xF0, 0x2F, 0xE5,
    0xFF, 0xC0, 0x3F, 0xFF, 0x7F, 0xF0, 0x7F, 0xF4, 0xFF, 0xC0, 0x04, 0x00, 0x00, 0x00, 0x00, 0x00,
    0x00, 0x40, 0x00, 0x00, 0x00, 0x0B, 0xC0, 0x00, 0x00, 0x01, 0xFF, 0x90, 0x00, 0x00, 0x03, 0xE4,
    0x00, 0x00, 0x00, 0x00, 0x54, 0x00, 0x00, 0x00, 0x02, 0xFF, 0x40, 0x00, 0x00, 0x0F, 0xEF, 0xE0,
    0x00, 0x00, 0x3E, 0x01, 0xFC, 0x00, 0x00, 0x10, 0x00, 0x10, 0x00, 0x00, 0x00, 0x6C, 0x00, 0x00,
    0x00, 0x00, 0xFD, 0x00, 0x00, 0x00, 0x00, 0xFE, 0x00, 0x00, 0x00, 0x02, 0xFF, 0x00, 0x00, 0x00,
    0x03, 0xFF, 0x40, 0x00, 0x00, 0x07, 0xFF, 0xC0, 0x00, 0x00, 0x0B, 0xDF, 0xC0, 0x00, 0x00, 0x0F,
    0xCF, 0xD0, 0x00, 0x00, 0x1F, 0x4B, 0xF0, 0x00, 0x00, 0x2F, 0x07, 0xF0, 0x00, 0x00, 0x3F, 0x03,
    0xF8, 0x00, 0x00, 0x7E, 0x02, 0xFC, 0x00, 0x00, 0xBC, 0x01, 0xFC, 0x00, 0x00, 0xFF, 0xFF, 0xFE,
    0x00, 0x01, 0xFF, 0xFF, 0xFF, 0x00, 0x02, 0xF4, 0x00, 0x7F, 0x40, 0x03, 0xF0, 0x00, 0x3F, 0x80,
    0x07, 0xE0, 0x00, 0x3F, 0xC0, 0x0F, 0xD0, 0x00, 0x2F, 0xE0, 0x7F, 0xFC, 0x01, 0xFF, 0xFD, 0xBF,
    0xFC, 0x01, 0xFF, 0xFD, 0x00, 0x00, 0x00, 0x00, 0x00, 0x00, 0x00, 0x40, 0x00, 0x00, 0x2F, 0x40,
    0x00, 0x0B, 0xFD, 0x00, 0x00, 0xFD, 0x00, 0x00, 0x00, 0x54, 0x00, 0x00, 0x07, 0xFD, 0x00, 0x00,
    0xBF, 0xBF, 0x00, 0x0F, 0xD0, 0x2F, 0x00, 0x04, 0x00, 0x14, 0x00, 0x1A, 0xB9, 0x00, 0x03, 0xFF,
    0xFF, 0x40, 0x0F, 0xE9, 0xFF, 0x00, 0x2E, 0x00, 0xFE, 0x00, 0xB4, 0x02, 0xFC, 0x01, 0x40, 0x07,
    0xF0, 0x00, 0x00, 0x2F, 0xC0, 0x01, 0xBF, 0xFF, 0x00, 0x7F, 0xEA, 0xFC, 0x07, 0xF4, 0x07, 0xF0,
    0x2F, 0xC0, 0x2F, 0xC0, 0xBF, 0x00, 0xFF, 0x02, 0xFE, 0x5F, 0xFC, 0x03, 0xFF, 0xF7, 0xFF, 0x07,
    0xFF, 0x4F, 0xFC, 0x00, 0x40, 0x00, 0x00, 0x00, 0x00, 0x00, 0x00, 0x00, 0x00, 0x07, 0x80, 0x00,
    0x00, 0x00, 0x0B, 0xF8, 0x00, 0x00, 0x00, 0x00, 0xBF, 0x40, 0x00, 0x00, 0x00, 0x07, 0x40, 0x00,
    0x00, 0x00, 0x14, 0x00, 0x00, 0x00, 0x02, 0xFF, 0x40, 0x00, 0x00, 0x0F, 0xEF, 0xE0, 0x00, 0x00,
    0x3E, 0x01, 0xF8, 0x00, 0x00, 0x10, 0x00, 0x10, 0x00, 0x00, 0x00, 0x6C, 0x00, 0x00, 0x00, 0x00,
    0xFD, 0x00, 0x00, 0x00, 0x00, 0xFE, 0x00, 0x00, 0x00, 0x02, 0xFF, 0x00, 0x00, 0x00, 0x03, 0xFF,
    0x40, 0x00, 0x00, 0x07, 0xFF, 0xC0, 0x00, 0x00, 0x0B, 0xDF, 0xC0, 0x00, 0x00, 0x0F, 0xCF, 0xD0,
    0x00, 0x00, 0x1F, 0x4B, 0xF0, 0x00, 0x00, 0x2F, 0x07, 0xF0, 0x00, 0x00, 0x3F, 0x03, 0xF8, 0x00,
    0x00, 0x7E, 0x02, 0xFC, 0x00, 0x00, 0xBC, 0x01, 0xFC, 0x00, 0x00, 0xFF, 0xFF, 0xFE, 0x00, 0x01,
    0xFF, 0xFF, 0xFF, 0x00, 0x02, 0xF4, 0x00, 0x7F, 0x40, 0x03, 0xF0, 0x00, 0x3F, 0x80, 0x07, 0xE0,
    0x00, 0x3F, 0xC0, 0x0F, 0xD0, 0x00, 0x2F, 0xE0, 0x7F, 0xFC, 0x01, 0xFF, 0xFD, 0xBF, 0xFC, 0x01,
    0xFF, 0xFD, 0x00, 0x00, 0x00, 0x00, 0x00, 0x00, 0x00, 0x00, 0x00, 0x0F, 0x40, 0x00, 0x00, 0x7F,
    0x80, 0x00, 0x00, 0x1F, 0xE0, 0x00, 0x00, 0x06, 0x80, 0x00, 0x00, 0x50, 0x00, 0x00, 0x1F, 0xF4,
    0x00, 0x02, 0xFE, 0xFC, 0x00, 0x3F, 0x40, 0xBC, 0x00, 0x10, 0x00, 0x50, 0x00, 0x6A, 0xE4, 0x00,
    0x0F, 0xFF, 0xFD, 0x00, 0x3F, 0xA7, 0xFC, 0x00, 0xB8, 0x03, 0xF8, 0x02, 0xD0, 0x0B, 0xF0, 0x05,
    0x00, 0x1F, 0xC0, 0x00, 0x00, 0xBF, 0x00, 0x06, 0xFF, 0xFC, 0x01, 0xFF, 0xAB, 0xF0, 0x1F, 0xD0,
    0x1F, 0xC0, 0xBF, 0x00, 0xBF, 0x02, 0xFC, 0x03, 0xFC, 0x0B, 0xF9, 0x7F, 0xF0, 0x0F, 0xFF, 0xDF,
    0xFC, 0x1F, 0xFD, 0x3F, 0xF0, 0x01, 0x00, 0x00, 0x00, 0x00, 0x00, 0x00, 0x00, 0x00, 0x00, 0x01,
    0xFE, 0x00, 0x00, 0x00, 0x00, 0x5F, 0x40, 0x00, 0x00, 0x00, 0x1F, 0x00, 0x00, 0x00, 0x00, 0xB8,
    0x00, 0x00, 0x00, 0x00, 0xB0, 0x00, 0x00, 0x00, 0x00, 0x14, 0x00, 0x00, 0x00, 0x02, 0xFF, 0x40,
    0x00, 0x00, 0x0F, 0xEF, 0xE0, 0x00, 0x00, 0x3E, 0x01, 0xF8, 0x00, 0x00, 0x10, 0x00, 0x10, 0x00,
    0x00, 0x00, 0x6C, 0x00, 0x00, 0x00, 0x00, 0xFD, 0x00, 0x00, 0x00, 0x00, 0xFE, 0x00, 0x00, 0x00,
    0x02, 0xFF, 0x00, 0x00, 0x00, 0x03, 0xFF, 0x40, 0x00, 0x00, 0x07, 0xFF, 0xC0, 0x00, 0x00, 0x0B,
    0xDF, 0xC0, 0x00, 0x00, 0x0F, 0xCF, 0xD0, 0x00, 0x00, 0x1F, 0x4B, 0xF0, 0x00, 0x00, 0x2F, 0x07,
    0xF0, 0x00, 0x00, 0x3F, 0x03, 0xF8, 0x00, 0x00, 0x7E, 0x02, 0xFC, 0x00, 0x00, 0xBC, 0x01, 0xFC,
    0x00, 0x00, 0xFF, 0xFF, 0xFE, 0x00, 0x01, 0xFF, 0xFF, 0xFF, 0x00, 0x02, 0xF4, 0x00, 0x7F, 0x40,
    0x03, 0xF0, 0x00, 0x3F, 0x80, 0x07, 0xE0, 0x00, 0x3F, 0xC0, 0x0F, 0xD0, 0x00, 0x2F, 0xE0, 0x7F,
    0xFC, 0x01, 0xFF, 0xFD, 0xBF, 0xFC, 0x01, 0xFF, 0xFD, 0x00, 0x00, 0x00, 0x00, 0x00, 0x00, 0x00,
    0x00, 0x00, 0x03, 0xFC, 0x00, 0x00, 0x05, 0xF8, 0x00, 0x00, 0x03, 0xD0, 0x00, 0x00, 0x7C, 0x00,
    0x00, 0x01, 0xD0, 0x00, 0x00, 0x01, 0x40, 0x00, 0x00, 0x7F, 0xD0, 0x00, 0x0B, 0xFB, 0xF0, 0x00,
    0xFD, 0x02, 0xF0, 0x00, 0x40, 0x01, 0x40, 0x01, 0xAB, 0x90, 0x00, 0x3F, 0xFF, 0xF4, 0x00, 0xFE,
    0x9F, 0xF0, 0x02, 0xE0, 0x0F, 0xE0, 0x0B, 0x40, 0x2F, 0xC0, 0x14, 0x00, 0x7F, 0x00, 0x00, 0x02,
    0xFC, 0x00, 0x1B, 0xFF, 0xF0, 0x07, 0xFE, 0xAF, 0xC0, 0x7F, 0x40, 0x7F, 0x02, 0xFC, 0x02, 0xFC,
    0x0B, 0xF0, 0x0F, 0xF0, 0x2F, 0xE5, 0xFF, 0xC0, 0x3F, 0xFF, 0x7F, 0xF0, 0x7F, 0xF4, 0xFF, 0xC0,
    0x04, 0x00, 0x00, 0x00, 0x00, 0x00, 0x00, 0x10, 0x00, 0x00, 0x07, 0xF8, 0x74, 0x00, 0x00, 0x0F,
    0xFF, 0xF0, 0x00, 0x00, 0x1C, 0x07, 0xC0, 0x00, 0x00, 0x00, 0x14, 0x00, 0x00, 0x00, 0x01, 0xFF,
    0x40, 0x00, 0x00, 0x0B, 0xEB, 0xE0, 0x00, 0x00, 0x3F, 0x40, 0xFC, 0x00, 0x00, 0x04, 0x00, 0x10,
    0x00, 0x00, 0x00, 0x6C, 0x00, 0x00, 0x00, 0x00, 0xFD, 0x00, 0x00, 0x00, 0x00, 0xFE, 0x00, 0x00,
    0x00, 0x02, 0xFF, 0x00, 0x00, 0x00, 0x03, 0xFF, 0x40, 0x00, 0x00, 0x07, 0xFF, 0xC0, 0x00, 0x00,
    0x0B, 0xDF, 0xC0, 0x00, 0x00, 0x0F, 0xCF, 0xD0, 0x00, 0x00, 0x1F, 0x4B, 0xF0, 0x00, 0x00, 0x2F,
    0x07, 0xF0, 0x00, 0x00, 0x3F, 0x03, 0xF8, 0x00, 0x00, 0x7E, 0x02, 0xFC, 0x00, 0x00, 0xBC, 0x01,
    0xFC, 0x00, 0x00, 0xFF, 0xFF, 0xFE, 0x00, 0x01, 0xFF, 0xFF, 0xFF, 0x00, 0x02, 0xF4, 0x00, 0x7F,
    0x40, 0x03, 0xF0, 0x00, 0x3F, 0x80, 0x07, 0xE0, 0x00, 0x3F, 0xC0, 0x0F, 0xD0, 0x00, 0x2F, 0xE0,
    0x7F, 0xFC, 0x01, 0xFF, 0xFD, 0xBF, 0xFC, 0x01, 0xFF, 0xFD, 0x00, 0x00, 0x00, 0x00, 0x00, 0x00,
    0x00, 0x10, 0x00, 0x1F, 0xE5, 0xD0, 0x00, 0xFF, 0xFF, 0x00, 0x07, 0x01, 0xF0, 0x00, 0x00, 0x14,
    0x00, 0x00, 0x07, 0xFD, 0x00, 0x00, 0xBF, 0xBF, 0x00, 0x0F, 0xD0, 0x2F, 0x00, 0x04, 0x00, 0x14,
    0x00, 0x1A, 0xB9, 0x00, 0x03, 0xFF, 0xFF, 0x40, 0x0F, 0xE9, 0xFF, 0x00, 0x2E, 0x00, 0xFE, 0x00,
    0xB4, 0x02, 0xFC, 0x01, 0x40, 0x07, 0xF0, 0x00, 0x00, 0x2F, 0xC0, 0x01, 0xBF, 0xFF, 0x00, 0x7F,
    0xEA, 0xFC, 0x07, 0xF4, 0x07, 0xF0, 0x2F, 0xC0, 0x2F, 0xC0, 0xBF, 0x00, 0xFF, 0x02, 0xFE, 0x5F,
    0xFC, 0x03, 0xFF, 0xF7, 0xFF, 0x07, 0xFF, 0x4F, 0xFC, 0x00, 0x40, 0x00, 0x00, 0x00, 0x00, 0x54,
    0x00, 0x00, 0x00, 0x02, 0xFF, 0x40, 0x00, 0x00, 0x1F, 0xEB, 0xF0, 0x00, 0x00, 0x3D, 0x00, 0xBC,
    0x00, 0x00, 0x10, 0x00, 0x00, 0x00, 0x00, 0x00, 0x6C, 0x00, 0x00, 0x00, 0x00, 0xFD, 0x00, 0x00,
    0x00, 0x00, 0xFE, 0x00, 0x00, 0x00, 0x02, 0xFF, 0x00, 0x00, 0x00, 0x03, 0xFF, 0x40, 0x00, 0x00,
    0x07, 0xFF, 0xC0, 0x00, 0x00, 0x0B, 0xDF, 0xC0, 0x00, 0x00, 0x0F, 0xCF, 0xD0, 0x00, 0x00, 0x1F,
    0x4B, 0xF0, 0x00, 0x00, 0x2F, 0x07, 0xF0, 0x00, 0x00, 0x3F, 0x03, 0xF8, 0x00, 0x00, 0x7E, 0x02,
    0xFC, 0x00, 0x00, 0xBC, 0x01, 0xFC, 0x00, 0x00, 0xFF, 0xFF, 0xFE, 0x00, 0x01, 0xFF, 0xFF, 0xFF,
    0x00, 0x02, 0xF4, 0x00, 0x7F, 0x40, 0x03, 0xF0, 0x00, 0x3F, 0x80, 0x07, 0xE0, 0x00, 0x3F, 0xC0,
    0x0F, 0xD0, 0x00, 0x2F, 0xE0, 0x7F, 0xFC, 0x01, 0xFF, 0xFD, 0xBF, 0xFC, 0x01, 0xFF, 0xFD, 0x00,
    0x00, 0x00, 0x00, 0x00, 0x00, 0x00, 0x00, 0x00, 0x00, 0x00, 0x00, 0x10, 0x00, 0x00, 0x00, 0x00,
    0xFC, 0x00, 0x00, 0x00, 0x01, 0xFD, 0x00, 0x00, 0x00, 0x00, 0xFC, 0x00, 0x00, 0x00, 0x00, 0x64,
    0x00, 0x00, 0x00, 0x7D, 0x00, 0x00, 0x07, 0xFE, 0x00, 0x00, 0xBE, 0xBE, 0x00, 0x0B, 0xD0, 0x3E,
    0x00, 0x28, 0x00, 0x28, 0x00, 0x00, 0x00, 0x00, 0x00, 0x6A, 0xE4, 0x00, 0x0F, 0xFF, 0xFD, 0x00,
    0x3F, 0xA7, 0xFC, 0x00, 0xB8, 0x03, 0xF8, 0x02, 0xD0, 0x0B, 0xF0, 0x05, 0x00, 0x1F, 0xC0, 0x00,
    0x00, 0xBF, 0x00, 0x06, 0xFF, 0xFC, 0x01, 0xFF, 0xAB, 0xF0, 0x1F, 0xD0, 0x1F, 0xC0, 0xBF, 0x00,
    0xBF, 0x02, 0xFC, 0x03, 0xFC, 0x0B, 0xF9, 0x7F, 0xF0, 0x0F, 0xFF, 0xDF, 0xFC, 0x1F, 0xFD, 0x3F,
    0xF0, 0x01, 0x00, 0x00, 0x00, 0x00, 0x00, 0x00, 0x00, 0x01, 0x00, 0x00, 0x00, 0x3F, 0x00, 0x00,
    0x00, 0xFD, 0x00, 0x00, 0x03, 0xF4, 0x00, 0x00, 0x06, 0x40, 0x00, 0x00, 0x00, 0x00, 0x40, 0x00,
    0x00, 0x00, 0x0B, 0xD0, 0x00, 0x00, 0x00, 0xBF, 0xD0, 0x00, 0x00, 0x03, 0xF8, 0x00, 0x00, 0x00,
    0x04, 0x00, 0x00, 0x00, 0x00, 0x1E, 0x00, 0xB0, 0x00, 0x00, 0x0F, 0xEB, 0xE0, 0x00, 0x00, 0x02,
    0xFF, 0x40, 0x00, 0x00, 0x00, 0x00, 0x00, 0x00, 0x00, 0x00, 0x6C, 0x00, 0x00, 0x00, 0x00, 0xFD,
    0x00, 0x00, 0x00, 0x00, 0xFE, 0x00, 0x00, 0x00, 0x02, 0xFF, 0x00, 0x00, 0x00, 0x03, 0xFF, 0x40,
    0x00, 0x00, 0x07, 0xFF, 0xC0, 0x00, 0x00, 0x0B, 0xDF, 0xC0, 0x00, 0x00, 0x0F, 0xCF, 0xD0, 0x00,
    0x00, 0x1F, 0x4B, 0xF0, 0x00, 0x00, 0x2F, 0x07, 0xF0, 0x00, 0x00, 0x3F, 0x03, 0xF8, 0x00, 0x00,
    0x7E, 0x02, 0xFC, 0x00, 0x00, 0xBC, 0x01, 0xFC, 0x00, 0x00, 0xFF, 0xFF, 0xFE, 0x00, 0x01, 0xFF,
    0xFF, 0xFF, 0x00, 0x02, 0xF4, 0x00, 0x7F, 0x40, 0x03, 0xF0, 0x00, 0x3F, 0x80, 0x07, 0xE0, 0x00,
    0x3F, 0xC0, 0x0F, 0xD0, 0x00, 0x2F, 0xE0, 0x7F, 0xFC, 0x01, 0xFF, 0xFD, 0xBF, 0xFC, 0x01, 0xFF,
    0xFD, 0x00, 0x00, 0x00, 0x00, 0x00, 0x00, 0x00, 0x40, 0x00, 0x00, 0x1F, 0x80, 0x00, 0x0B, 0xFE,
    0x00, 0x00, 0xBE, 0x00, 0x00, 0x04, 0x00, 0x10, 0x00, 0x38, 0x02, 0xD0, 0x00, 0xBE, 0xBF, 0x00,
    0x00, 0x7F, 0xE0, 0x00, 0x00, 0x00, 0x00, 0x00, 0x1A, 0xB9, 0x00, 0x03, 0xFF, 0xFF, 0x40, 0x0F,
    0xE9, 0xFF, 0x00, 0x2E, 0x00, 0xFE, 0x00, 0xB4, 0x02, 0xFC, 0x01, 0x40, 0x07, 0xF0, 0x00, 0x00,
    0x2F, 0xC0, 0x01, 0xBF, 0xFF, 0x00, 0x7F, 0xEA, 0xFC, 0x07, 0xF4, 0x07, 0xF0, 0x2F, 0xC0, 0x2F,
    0xC0, 0xBF, 0x00, 0xFF, 0x02, 0xFE, 0x5F, 0xFC, 0x03, 0xFF, 0xF7, 0xFF, 0x07, 0xFF, 0x4F, 0xFC,
    0x00, 0x40, 0x00, 0x00, 0x00, 0x00, 0x00, 0x00, 0x00, 0x00, 0x07, 0x80, 0x00, 0x00, 0x00, 0x0B,
    0xF4, 0x00, 0x00, 0x00, 0x00, 0xBF, 0x40, 0x00, 0x00, 0x04, 0x07, 0x10, 0x00, 0x00, 0x0E, 0x00,
    0xB4, 0x00, 0x00, 0x0B, 0xEB, 0xF0, 0x00, 0x00, 0x01, 0xFF, 0x80, 0x00, 0x00, 0x00, 0x00, 0x00,
    0x00, 0x00, 0x00, 0x6C, 0x00, 0x00, 0x00, 0x00, 0xFD, 0x00, 0x00, 0x00, 0x00, 0xFE, 0x00, 0x00,
    0x00, 0x02, 0xFF, 0x00, 0x00, 0x00, 0x03, 0xFF, 0x40, 0x00, 0x00, 0x07, 0xFF, 0xC0, 0x00, 0x00,
    0x0B, 0xDF, 0xC0, 0x00, 0x00, 0x0F, 0xCF, 0xD0, 0x00, 0x00, 0x1F, 0x4B, 0xF0, 0x00, 0x00, 0x2F,
    0x07, 0xF0, 0x00, 0x00, 0x3F, 0x03, 0xF8, 0x00, 0x00, 0x7E, 0x02, 0xFC, 0x00, 0x00, 0xBC, 0x01,
    0xFC, 0x00, 0x00, 0xFF, 0xFF, 0xFE, 0x00, 0x01, 0xFF, 0xFF, 0xFF, 0x00, 0x02, 0xF4, 0x00, 0x7F,
    0x40, 0x03, 0xF0, 0x00, 0x3F, 0x80, 0x07, 0xE0, 0x00, 0x3F, 0xC0, 0x0F, 0xD0, 0x00, 0x2F, 0xE0,
    0x7F, 0xFC, 0x01, 0xFF, 0xFD, 0xBF, 0xFC, 0x01, 0xFF, 0xFD, 0x00, 0x00, 0x00, 0x00, 0x00, 0x00,
    0x00, 0x00, 0x00, 0x1E, 0x00, 0x00, 0x00, 0xBF, 0x40, 0x00, 0x00, 0x2F, 0xD0, 0x00, 0x00, 0x07,
    0x50, 0x00, 0x38, 0x01, 0xD0, 0x00, 0xBE, 0xBF, 0x00, 0x00, 0x7F, 0xE0, 0x00, 0x00, 0x00, 0x00,
    0x00, 0x1A, 0xB9, 0x00, 0x03, 0xFF, 0xFF, 0x40, 0x0F, 0xE9, 0xFF, 0x00, 0x2E, 0x00, 0xFE, 0x00,
    0xB4, 0x02, 0xFC, 0x01, 0x40, 0x07, 0xF0, 0x00, 0x00, 0x2F, 0xC0, 0x01, 0xBF, 0xFF, 0x00, 0x7F,
    0xEA, 0xFC, 0x07, 0xF4, 0x07, 0xF0, 0x2F, 0xC0, 0x2F, 0xC0, 0xBF, 0x00, 0xFF, 0x02, 0xFE, 0x5F,
    0xFC, 0x03, 0xFF, 0xF7, 0xFF, 0x07, 0xFF, 0x4F, 0xFC, 0x00, 0x40, 0x00, 0x00, 0x00, 0x00, 0x00,
    0x00, 0x00, 0x00, 0x00, 0xFF, 0x00, 0x00, 0x00, 0x00, 0x5F, 0x80, 0x00, 0x00, 0x00, 0x1F, 0x40,
    0x00, 0x00, 0x00, 0x7C, 0x00, 0x00, 0x00, 0x04, 0x74, 0x00, 0x00, 0x00, 0x1D, 0x00, 0xB0, 0x00,
    0x00, 0x0F, 0xEB, 0xE0, 0x00, 0x00, 0x02, 0xFF, 0x40, 0x00, 0x00, 0x00, 0x00, 0x00, 0x00, 0x00,
    0x00, 0x6C, 0x00, 0x00, 0x00, 0x00, 0xFD, 0x00, 0x00, 0x00, 0x00, 0xFE, 0x00, 0x00, 0x00, 0x02,
    0xFF, 0x00, 0x00, 0x00, 0x03, 0xFF, 0x40, 0x00, 0x00, 0x07, 0xFF, 0xC0, 0x00, 0x00, 0x0B, 0xDF,
    0xC0, 0x00, 0x00, 0x0F, 0xCF, 0xD0, 0x00, 0x00, 0x1F, 0x4B, 0xF0, 0x00, 0x00, 0x2F, 0x07, 0xF0,
    0x00, 0x00, 0x3F, 0x03, 0xF8, 0x00, 0x00, 0x7E, 0x02, 0xFC, 0x00, 0x00, 0xBC, 0x01, 0xFC, 0x00,
    0x00, 0xFF, 0xFF, 0xFE, 0x00, 0x01, 0xFF, 0xFF, 0xFF, 0x00, 0x02, 0xF4, 0x00, 0x7F, 0x40, 0x03,
    0xF0, 0x00, 0x3F, 0x80, 0x07, 0xE0, 0x00, 0x3F, 0xC0, 0x0F, 0xD0, 0x00, 0x2F, 0xE0, 0x7F, 0xFC,
    0x01, 0xFF, 0xFD, 0xBF, 0xFC, 0x01, 0xFF, 0xFD, 0x00, 0x00, 0x00, 0x00, 0x00, 0x00, 0x00, 0x00,
    0x00, 0x03, 0xFC, 0x00, 0x00, 0x05, 0xB8, 0x00, 0x00, 0x03, 0xE0, 0x00, 0x00, 0x7D, 0x00, 0x00,
    0x10, 0xE0, 0x40, 0x00, 0xE0, 0x0B, 0x40, 0x02, 0xFA, 0xFC, 0x00, 0x01, 0xFF, 0x80, 0x00, 0x00,
    0x00, 0x00, 0x00, 0x6A, 0xE4, 0x00, 0x0F, 0xFF, 0xFD, 0x00, 0x3F, 0xA7, 0xFC, 0x00, 0xB8, 0x03,
    0xF8, 0x02, 0xD0, 0x0B, 0xF0, 0x05, 0x00, 0x1F, 0xC0, 0x00, 0x00, 0xBF, 0x00, 0x06, 0xFF, 0xFC,
    0x01, 0xFF, 0xAB, 0xF0, 0x1F, 0xD0, 0x1F, 0xC0, 0xBF, 0x00, 0xBF, 0x02, 0xFC, 0x03, 0xFC, 0x0B,
    0xF9, 0x7F, 0xF0, 0x0F, 0xFF, 0xDF, 0xFC, 0x1F, 0xFD, 0x3F, 0xF0, 0x01, 0x00, 0x00, 0x00, 0x00,
    0x00, 0x00, 0x10, 0x00, 0x00, 0x0B, 0xF4, 0x70, 0x00, 0x00, 0x0F, 0xFF, 0xE0, 0x00, 0x00, 0x1C,
    0x0B, 0x80, 0x00, 0x00, 0x04, 0x00, 0x00, 0x00, 0x00, 0x1D, 0x00, 0xB0, 0x00, 0x00, 0x0F, 0xEB,
    0xE0, 0x00, 0x00, 0x02, 0xFF, 0x40, 0x00, 0x00, 0x00, 0x00, 0x00, 0x00, 0x00, 0x00, 0x6C, 0x00,
    0x00, 0x00, 0x00, 0xFD, 0x00, 0x00, 0x00, 0x00, 0xFE, 0x00, 0x00, 0x00, 0x02, 0xFF, 0x00, 0x00,
    0x00, 0x03, 0xFF, 0x40, 0x00, 0x00, 0x07, 0xFF, 0xC0, 0x00, 0x00, 0x0B, 0xDF, 0xC0, 0x00, 0x00,
    0x0F, 0xCF, 0xD0, 0x00, 0x00, 0x1F, 0x4B, 0xF0, 0x00, 0x00, 0x2F, 0x07, 0xF0, 0x00, 0x00, 0x3F,
    0x03, 0xF8, 0x00, 0x00, 0x7E, 0x02, 0xFC, 0x00, 0x00, 0xBC, 0x01, 0xFC, 0x00, 0x00, 0xFF, 0xFF,
    0xFE, 0x00, 0x01, 0xFF, 0xFF, 0xFF, 0x00, 0x02, 0xF4, 0x00, 0x7F, 0x40, 0x03, 0xF0, 0x00, 0x3F,
    0x80, 0x07, 0xE0, 0x00, 0x3F, 0xC0, 0x0F, 0xD0, 0x00, 0x2F, 0xE0, 0x7F, 0xFC, 0x01, 0xFF, 0xFD,
    0xBF, 0xFC, 0x01, 0xFF, 0xFD, 0x00, 0x00, 0x00, 0x00, 0x00, 0x00, 0x00, 0x10, 0x00, 0x1F, 0xE5,
    0xE0, 0x00, 0xFF, 0xFF, 0x00, 0x07, 0x01, 0xB0, 0x00, 0x04, 0x00, 0x10, 0x00, 0x38, 0x01, 0xD0,
    0x00, 0xBE, 0xBF, 0x00, 0x00, 0x7F, 0xE0, 0x00, 0x00, 0x00, 0x00, 0x00, 0x1A, 0xB9, 0x00, 0x03,
    0xFF, 0xFF, 0x40, 0x0F, 0xE9, 0xFF, 0x00, 0x2E, 0x00, 0xFE, 0x00, 0xB4, 0x02, 0xFC, 0x01, 0x40,
    0x07, 0xF0, 0x00, 0x00, 0x2F, 0xC0, 0x01, 0xBF, 0xFF, 0x00, 0x7F, 0xEA, 0xFC, 0x07, 0xF4, 0x07,
    0xF0, 0x2F, 0xC0, 0x2F, 0xC0, 0xBF, 0x00, 0xFF, 0x02, 0xFE, 0x5F, 0xFC, 0x03, 0xFF, 0xF7, 0xFF,
    0x07, 0xFF, 0x4F, 0xFC, 0x00, 0x40, 0x00, 0x00, 0x00, 0x04, 0x00, 0x10, 0x00, 0x00, 0x1D, 0x00,
    0xB0, 0x00, 0x00, 0x0F, 0xEB, 0xE0, 0x00, 0x00, 0x03, 0xFF, 0x80, 0x00, 0x00, 0x00, 0x69, 0x00,
    0x00, 0x00, 0x00, 0x6C, 0x00, 0x00, 0x00, 0x00, 0xFD, 0x00, 0x00, 0x00, 0x00, 0xFE, 0x00, 0x00,
    0x00, 0x02, 0xFF, 0x00, 0x00, 0x00, 0x03, 0xFF, 0x40, 0x00, 0x00, 0x07, 0xFF, 0xC0, 0x00, 0x00,
    0x0B, 0xDF, 0xC0, 0x00, 0x00, 0x0F, 0xCF, 0xD0, 0x00, 0x00, 0x1F, 0x4B, 0xF0, 0x00, 0x00, 0x2F,
    0x07, 0xF0, 0x00, 0x00, 0x3F, 0x03, 0xF8, 0x00, 0x00, 0x7E, 0x02, 0xFC, 0x00, 0x00, 0xBC, 0x01,
    0xFC, 0x00, 0x00, 0xFF, 0xFF, 0xFE, 0x00, 0x01, 0xFF, 0xFF, 0xFF, 0x00, 0x02, 0xF4, 0x00, 0x7F,
    0x40, 0x03, 0xF0, 0x00, 0x3F, 0x80, 0x07, 0xE0, 0x00, 0x3F, 0xC0, 0x0F, 0xD0, 0x00, 0x2F, 0xE0,
    0x7F, 0xFC, 0x01, 0xFF, 0xFD, 0xBF, 0xFC, 0x01, 0xFF, 0xFD, 0x00, 0x00, 0x00, 0x00, 0x00, 0x00,
    0x00, 0x00, 0x00, 0x00, 0x00, 0x00, 0x10, 0x00, 0x00, 0x00, 0x00, 0xFC, 0x00, 0x00, 0x00, 0x01,
    0xFD, 0x00, 0x00, 0x00, 0x00, 0xFC, 0x00, 0x00, 0x00, 0x00, 0x64, 0x00, 0x00, 0x04, 0x00, 0x10,
    0x00, 0x38, 0x02, 0xD0, 0x00, 0xBE, 0xBF, 0x00, 0x00, 0xFF, 0xF0, 0x00, 0x00, 0x69, 0x00, 0x00,
    0x00, 0x00, 0x00, 0x00, 0x6A, 0xE4, 0x00, 0x0F, 0xFF, 0xFD, 0x00, 0x3F, 0xA7, 0xFC, 0x00, 0xB8,
    0x03, 0xF8, 0x02, 0xD0, 0x0B, 0xF0, 0x05, 0x00, 0x1F, 0xC0, 0x00, 0x00, 0xBF, 0x00, 0x06, 0xFF,
    0xFC, 0x01, 0xFF, 0xAB, 0xF0, 0x1F, 0xD0, 0x1F, 0xC0, 0xBF, 0x00, 0xBF, 0x02, 0xFC, 0x03, 0xFC,
    0x0B, 0xF9, 0x7F, 0xF0, 0x0F, 0xFF, 0xDF, 0xFC, 0x1F, 0xFD, 0x3F, 0xF0, 0x01, 0x00, 0x00, 0x00,
    0x00, 0x00, 0x00, 0x00, 0x01, 0x00, 0x00, 0x00, 0x3F, 0x00, 0x00, 0x00, 0xFD, 0x00, 0x00, 0x03,
    0xF4, 0x00, 0x00, 0x06, 0x40, 0x00, 0x2A, 0xAA, 0xAA, 0xA8, 0x7F, 0xFF, 0xFF, 0xFC, 0x1B, 0xFD,
    0x55, 0xBC, 0x03, 0xF8, 0x00, 0x3C, 0x03, 0xF8, 0x00, 0x3C, 0x03, 0xF4, 0x00, 0x00, 0x03, 0xF4,
    0x00, 0x00, 0x03, 0xF4, 0x02, 0x40, 0x03, 0xF4, 0x03, 0xC0, 0x03, 0xFE, 0xAB, 0xC0, 0x03, 0xFF,
    0xFF, 0xC0, 0x03, 0xF9, 0x5B, 0xC0, 0x03, 0xF4, 0x03, 0xC0, 0x03, 0xF4, 0x01, 0x40, 0x03, 0xF4,
    0x00, 0x00, 0x03, 0xF4, 0x00, 0x00, 0x03, 0xF4, 0x00, 0x0E, 0x03, 0xF8, 0x00, 0x1E, 0x03, 0xF8,
    0x00, 0x3E, 0x2F, 0xFF, 0xFF, 0xFD, 0x7F, 0xFF, 0xFF, 0xFD, 0x00, 0x00, 0x00, 0x00, 0x00, 0x00,
    0x00, 0x00, 0x00, 0x00, 0x40, 0x00, 0x00, 0x03, 0xF0, 0x00, 0x00, 0x03, 0xF4, 0x00, 0x00, 0x03,
    0xF4, 0x00, 0x00, 0x01, 0xA0, 0x00, 0x00, 0x6A, 0x90, 0x00, 0x3F, 0xFF, 0xC0, 0x0F, 0xE1, 0xFF,
    0x02, 0xFC, 0x03, 0xF4, 0x3F, 0x40, 0x3F, 0x87, 0xF4, 0x03, 0xFC, 0xBF, 0xAA, 0xFF, 0xCB, 0xFF,
    0xFF, 0xFC, 0xBF, 0x55, 0x55, 0x0B, 0xF4, 0x00, 0x00, 0x7F, 0x80, 0x00, 0x03, 0xFC, 0x00, 0x00,
    0x1F, 0xF4, 0x0B, 0x00, 0xBF, 0xFF, 0xF4, 0x01, 0xFF, 0xFD, 0x00, 0x00, 0x54, 0x00, 0x00, 0x00,
    0x00, 0x00, 0x00, 0x10, 0x00, 0x00, 0x1F, 0x80, 0x00, 0x02, 0xFC, 0x00, 0x00, 0x2F, 0xC0, 0x00,
    0x00, 0xA0, 0x00, 0x00, 0x05, 0x40, 0x00, 0x00, 0x0F, 0xF0, 0x00, 0x00, 0x00, 0xF4, 0x00, 0x00,
    0x02, 0xE0, 0x00, 0x00, 0x07, 0x80, 0x00, 0x00, 0x01, 0x40, 0x00, 0x2A, 0xAA, 0xAA, 0xA8, 0x7F,
    0xFF, 0xFF, 0xFC, 0x1B, 0xFD, 0x55, 0xBC, 0x03, 0xF8, 0x00, 0x3C, 0x03, 0xF8, 0x00, 0x3C, 0x03,
    0xF4, 0x00, 0x00, 0x03, 0xF4, 0x00, 0x00, 0x03, 0xF4, 0x02, 0x40, 0x03, 0xF4, 0x03, 0xC0, 0x03,
    0xFE, 0xAB, 0xC0, 0x03, 0xFF, 0xFF, 0xC0, 0x03, 0xF9, 0x5B, 0xC0, 0x03, 0xF4, 0x03, 0xC0, 0x03,
    0xF4, 0x01, 0x40, 0x03, 0xF4, 0x00, 0x00, 0x03, 0xF4, 0x00, 0x00, 0x03, 0xF4, 0x00, 0x0E, 0x03,
    0xF8, 0x00, 0x1E, 0x03, 0xF8, 0x00, 0x3E, 0x2F, 0xFF, 0xFF, 0xFD, 0x7F, 0xFF, 0xFF, 0xFD, 0x00,
    0x00, 0x00, 0x00, 0x00, 0x2E, 0x40, 0x00, 0x03, 0xFC, 0x00, 0x00, 0x03, 0xD0, 0x00, 0x00, 0xBC,
    0x00, 0x00, 0x2D, 0x00, 0x00, 0x01, 0xC0, 0x00, 0x00, 0x00, 0x00, 0x00, 0x06, 0xA9, 0x00, 0x03,
    0xFF, 0xFC, 0x00, 0xFE, 0x1F, 0xF0, 0x2F, 0xC0, 0x3F, 0x43, 0xF4, 0x03, 0xF8, 0x7F, 0x40, 0x3F,
    0xCB, 0xFA, 0xAF, 0xFC, 0xBF, 0xFF, 0xFF, 0xCB, 0xF5, 0x55, 0x50, 0xBF, 0x40, 0x00, 0x07, 0xF8,
    0x00, 0x00, 0x3F, 0xC0, 0x00, 0x01, 0xFF, 0x40, 0xB0, 0x0B, 0xFF, 0xFF, 0x40, 0x1F, 0xFF, 0xD0,
    0x00, 0x05, 0x40, 0x00, 0x00, 0x00, 0x00, 0x00, 0x00, 0x7E, 0x42, 0xC0, 0x01, 0xFF, 0xFF, 0x80,
    0x03, 0xD6, 0xFF, 0x00, 0x01, 0x00, 0x04, 0x00, 0x2A, 0xAA, 0xAA, 0xA8, 0x7F, 0xFF, 0xFF, 0xFC,
    0x1B, 0xFD, 0x55, 0xBC, 0x03, 0xF8, 0x00, 0x3C, 0x03, 0xF8, 0x00, 0x3C, 0x03, 0xF4, 0x00, 0x00,
    0x03, 0xF4, 0x00, 0x00, 0x03, 0xF4, 0x02, 0x40, 0x03, 0xF4, 0x03, 0xC0, 0x03, 0xFE, 0xAB, 0xC0,
    0x03, 0xFF, 0xFF, 0xC0, 0x03, 0xF9, 0x5B, 0xC0, 0x03, 0xF4, 0x03, 0xC0, 0x03, 0xF4, 0x01, 0x40,
    0x03, 0xF4, 0x00, 0x00, 0x03, 0xF4, 0x00, 0x00, 0x03, 0xF4, 0x00, 0x0E, 0x03, 0xF8, 0x00, 0x1E,
    0x03, 0xF8, 0x00, 0x3E, 0x2F, 0xFF, 0xFF, 0xFD, 0x7F, 0xFF, 0xFF, 0xFD, 0x00, 0x00, 0x00, 0x00,
    0x00, 0x00, 0x00, 0x00, 0x1F, 0x90, 0xE0, 0x03, 0xFF, 0xFD, 0x00, 0xF5, 0xBF, 0x80, 0x05, 0x00,
    0x50, 0x00, 0x00, 0x00, 0x00, 0x00, 0x6A, 0x90, 0x00, 0x3F, 0xFF, 0xC0, 0x0F, 0xE1, 0xFF, 0x02,
    0xFC, 0x03, 0xF4, 0x3F, 0x40, 0x3F, 0x87, 0xF4, 0x03, 0xFC, 0xBF, 0xAA, 0xFF, 0xCB, 0xFF, 0xFF,
    0xFC, 0xBF, 0x55, 0x55, 0x0B, 0xF4, 0x00, 0x00, 0x7F, 0x80, 0x00, 0x03, 0xFC, 0x00, 0x00, 0x1F,
    0xF4, 0x0B, 0x00, 0xBF, 0xFF, 0xF4, 0x01, 0xFF, 0xFD, 0x00, 0x00, 0x54, 0x00, 0x00, 0x00, 0x04,
    0x00, 0x00, 0x00, 0xBD, 0x00, 0x00, 0x0B, 0xFD, 0x00, 0x00, 0x3F, 0x40, 0x00, 0x00, 0x05, 0x40,
    0x00, 0x00, 0x1F, 0xF8, 0x00, 0x00, 0xBF, 0xBF, 0x00, 0x03, 0xF4, 0x0B, 0xC0, 0x00, 0x40, 0x01,
    0x40, 0x00, 0x00, 0x00, 0x00, 0x2A, 0xAA, 0xAA, 0xA8, 0x7F, 0xFF, 0xFF, 0xFC, 0x1B, 0xFD, 0x55,
    0xBC, 0x03, 0xF8, 0x00, 0x3C, 0x03, 0xF8, 0x00, 0x3C, 0x03, 0xF4, 0x00, 0x00, 0x03, 0xF4, 0x00,
    0x00, 0x03, 0xF4, 0x02, 0x40, 0x03, 0xF4, 0x03, 0xC0, 0x03, 0xFE, 0xAB, 0xC0, 0x03, 0xFF, 0xFF,
    0xC0, 0x03, 0xF9, 0x5B, 0xC0, 0x03, 0xF4, 0x03, 0xC0, 0x03, 0xF4, 0x01, 0x40, 0x03, 0xF4, 0x00,
    0x00, 0x03, 0xF4, 0x00, 0x00, 0x03, 0xF4, 0x00, 0x0E, 0x03, 0xF8, 0x00, 0x1E, 0x03, 0xF8, 0x00,
    0x3E, 0x2F, 0xFF, 0xFF, 0xFD, 0x7F, 0xFF, 0xFF, 0xFD, 0x00, 0x00, 0x00, 0x00, 0x00, 0x00, 0x10,
    0x00, 0x00, 0x2F, 0x40, 0x00, 0x2F, 0xF4, 0x00, 0x0F, 0xD0, 0x00, 0x00, 0x15, 0x00, 0x00, 0x07,
    0xFD, 0x00, 0x02, 0xFA, 0xF8, 0x00, 0xFC, 0x07, 0xF0, 0x05, 0x00, 0x04, 0x00, 0x06, 0xA9, 0x00,
    0x03, 0xFF, 0xFC, 0x00, 0xFE, 0x1F, 0xF0, 0x2F, 0xC0, 0x3F, 0x43, 0xF4, 0x03, 0xF8, 0x7F, 0x40,
    0x3F, 0xCB, 0xFA, 0xAF, 0xFC, 0xBF, 0xFF, 0xFF, 0xCB, 0xF5, 0x55, 0x50, 0xBF, 0x40, 0x00, 0x07,
    0xF8, 0x00, 0x00, 0x3F, 0xC0, 0x00, 0x01, 0xFF, 0x40, 0xB0, 0x0B, 0xFF, 0xFF, 0x40, 0x1F, 0xFF,
    0xD0, 0x00, 0x05, 0x40, 0x00, 0x00, 0x00, 0x00, 0x00, 0x00, 0x3D, 0x00, 0x00, 0x00, 0x7F, 0x80,
    0x00, 0x00, 0x07, 0xF8, 0x00, 0x00, 0x00, 0x68, 0x00, 0x00, 0x01, 0x40, 0x00, 0x00, 0x1F, 0xF4,
    0x00, 0x00, 0xBE, 0xBE, 0x00, 0x03, 0xF4, 0x0F, 0xC0, 0x00, 0x40, 0x01, 0x40, 0x00, 0x00, 0x00,
    0x00, 0x2A, 0xAA, 0xAA, 0xA8, 0x7F, 0xFF, 0xFF, 0xFC, 0x1B, 0xFD, 0x55, 0xBC, 0x03, 0xF8, 0x00,
    0x3C, 0x03, 0xF8, 0x00, 0x3C, 0x03, 0xF4, 0x00, 0x00, 0x03, 0xF4, 0x00, 0x00, 0x03, 0xF4, 0x02,
    0x40, 0x03, 0xF4, 0x03, 0xC0, 0x03, 0xFE, 0xAB, 0xC0, 0x03, 0xFF, 0xFF, 0xC0, 0x03, 0xF9, 0x5B,
    0xC0, 0x03, 0xF4, 0x03, 0xC0, 0x03, 0xF4, 0x01, 0x40, 0x03, 0xF4, 0x00, 0x00, 0x03, 0xF4, 0x00,
    0x00, 0x03, 0xF4, 0x00, 0x0E, 0x03, 0xF8, 0x00, 0x1E, 0x03, 0xF8, 0x00, 0x3E, 0x2F, 0xFF, 0xFF,
    0xFD, 0x7F, 0xFF, 0xFF, 0xFD, 0x00, 0x00, 0x00, 0x00, 0x00, 0x00, 0x00, 0x00, 0x0F, 0x00, 0x00,
    0x01, 0xFE, 0x00, 0x00, 0x01, 0xFE, 0x00, 0x00, 0x01, 0xA0, 0x00, 0x00, 0x50, 0x00, 0x00, 0x7F,
    0xD0, 0x00, 0x2F, 0xAF, 0x80, 0x0F, 0xC0, 0x7F, 0x00, 0x50, 0x00, 0x40, 0x00, 0x6A, 0x90, 0x00,
    0x3F, 0xFF, 0xC0, 0x0F, 0xE1, 0xFF, 0x02, 0xFC, 0x03, 0xF4, 0x3F, 0x40, 0x3F, 0x87, 0xF4, 0x03,
    0xFC, 0xBF, 0xAA, 0xFF, 0xCB, 0xFF, 0xFF, 0xFC, 0xBF, 0x55, 0x55, 0x0B, 0xF4, 0x00, 0x00, 0x7F,
    0x80, 0x00, 0x03, 0xFC, 0x00, 0x00, 0x1F, 0xF4, 0x0B, 0x00, 0xBF, 0xFF, 0xF4, 0x01, 0xFF, 0xFD,
    0x00, 0x00, 0x54, 0x00, 0x00, 0x00, 0x00, 0x00, 0x00, 0x0F, 0xF0, 0x00, 0x00, 0x05, 0xF8, 0x00,
    0x00, 0x00, 0xF4, 0x00, 0x00, 0x07, 0xC0, 0x00, 0x00, 0x07, 0x80, 0x00, 0x00, 0x1F, 0xF4, 0x00,
    0x00, 0xBF, 0xBF, 0x00, 0x03, 0xF4, 0x0B, 0xC0, 0x00, 0x40, 0x01, 0x40, 0x00, 0x00, 0x00, 0x00,
    0x2A, 0xAA, 0xAA, 0xA8, 0x7F, 0xFF, 0xFF, 0xFC, 0x1B, 0xFD, 0x55, 0xBC, 0x03, 0xF8, 0x00, 0x3C,
    0x03, 0xF8, 0x00, 0x3C, 0x03, 0xF4, 0x00, 0x00, 0x03, 0xF4, 0x00, 0x00, 0x03, 0xF4, 0x02, 0x40,
    0x03, 0xF4, 0x03, 0xC0, 0x03, 0xFE, 0xAB, 0xC0, 0x03, 0xFF, 0xFF, 0xC0, 0x03, 0xF9, 0x5B, 0xC0,
    0x03, 0xF4, 0x03, 0xC0, 0x03, 0xF4, 0x01, 0x40, 0x03, 0xF4, 0x00, 0x00, 0x03, 0xF4, 0x00, 0x00,
    0x03, 0xF4, 0x00, 0x0E, 0x03, 0xF8, 0x00, 0x1E, 0x03, 0xF8, 0x00, 0x3E, 0x2F, 0xFF, 0xFF, 0xFD,
    0x7F, 0xFF, 0xFF, 0xFD, 0x00, 0x00, 0x00, 0x00, 0x00, 0x00, 0x00, 0x00, 0x03, 0xFC, 0x00, 0x00,
    0x17, 0xE0, 0x00, 0x00, 0x7D, 0x00, 0x00, 0x1F, 0x00, 0x00, 0x01, 0xD0, 0x00, 0x00, 0x05, 0x00,
    0x00, 0x07, 0xFD, 0x00, 0x02, 0xFA, 0xF8, 0x00, 0xFC, 0x07, 0xF0, 0x05, 0x00, 0x04, 0x00, 0x06,
    0xA9, 0x00, 0x03, 0xFF, 0xFC, 0x00, 0xFE, 0x1F, 0xF0, 0x2F, 0xC0, 0x3F, 0x43, 0xF4, 0x03, 0xF8,
    0x7F, 0x40, 0x3F, 0xCB, 0xFA, 0xAF, 0xFC, 0xBF, 0xFF, 0xFF, 0xCB, 0xF5, 0x55, 0x50, 0xBF, 0x40,
    0x00, 0x07, 0xF8, 0x00, 0x00, 0x3F, 0xC0, 0x00, 0x01, 0xFF, 0x40, 0xB0, 0x0B, 0xFF, 0xFF, 0x40,
    0x1F, 0xFF, 0xD0, 0x00, 0x05, 0x40, 0x00, 0x00, 0x00, 0x00, 0x00, 0x00, 0x3F, 0x97, 0x80, 0x00,
    0xFF, 0xFF, 0x00, 0x00, 0xC2, 0xFD, 0x00, 0x00, 0x1F, 0xF8, 0x00, 0x00, 0xBF, 0xBF, 0x00, 0x02,
    0xF4, 0x0B, 0xC0, 0x00, 0x40, 0x00, 0x40, 0x00, 0x00, 0x00, 0x00, 0x2A, 0xAA, 0xAA, 0xA8, 0x7F,
    0xFF, 0xFF, 0xFC, 0x1B, 0xFD, 0x55, 0xBC, 0x03, 0xF8, 0x00, 0x3C, 0x03, 0xF8, 0x00, 0x3C, 0x03,
    0xF4, 0x00, 0x00, 0x03, 0xF4, 0x00, 0x00, 0x03, 0xF4, 0x02, 0x40, 0x03, 0xF4, 0x03, 0xC0, 0x03,
    0xFE, 0xAB, 0xC0, 0x03, 0xFF, 0xFF, 0xC0, 0x03, 0xF9, 0x5B, 0xC0, 0x03, 0xF4, 0x03, 0xC0, 0x03,
    0xF4, 0x01, 0x40, 0x03, 0xF4, 0x00, 0x00, 0x03, 0xF4, 0x00, 0x00, 0x03, 0xF4, 0x00, 0x0E, 0x03,
    0xF8, 0x00, 0x1E, 0x03, 0xF8, 0x00, 0x3E, 0x2F, 0xFF, 0xFF, 0xFD, 0x7F, 0xFF, 0xFF, 0xFD, 0x00,
    0x00, 0x00, 0x00, 0x00, 0x00, 0x04, 0x00, 0x1F, 0xE1, 0xD0, 0x03, 0xFF, 0xFC, 0x00, 0x70, 0x1F,
    0x00, 0x00, 0x05, 0x00, 0x00, 0x07, 0xFD, 0x00, 0x02, 0xFA, 0xF8, 0x00, 0xFC, 0x07, 0xF0, 0x05,
    0x00, 0x04, 0x00, 0x06, 0xA9, 0x00, 0x03, 0xFF, 0xFC, 0x00, 0xFE, 0x1F, 0xF0, 0x2F, 0xC0, 0x3F,
    0x43, 0xF4, 0x03, 0xF8, 0x7F, 0x40, 0x3F, 0xCB, 0xFA, 0xAF, 0xFC, 0xBF, 0xFF, 0xFF, 0xCB, 0xF5,
    0x55, 0x50, 0xBF, 0x40, 0x00, 0x07, 0xF8, 0x00, 0x00, 0x3F, 0xC0, 0x00, 0x01, 0xFF, 0x40, 0xB0,
    0x0B, 0xFF, 0xFF, 0x40, 0x1F, 0xFF, 0xD0, 0x00, 0x05, 0x40, 0x00, 0x00, 0x01, 0x50, 0x00, 0x00,
    0x2F, 0xF8, 0x00, 0x00, 0xFE, 0xBF, 0x40, 0x03, 0xE0, 0x0B, 0xC0, 0x00, 0x00, 0x00, 0x40, 0x2A,
    0xAA, 0xAA, 0xA8, 0x7F, 0xFF, 0xFF, 0xFC, 0x1B, 0xFD, 0x55, 0xBC, 0x03, 0xF8, 0x00, 0x3C, 0x03,
    0xF8, 0x00, 0x3C, 0x03, 0xF4, 0x00, 0x00, 0x03, 0xF4, 0x00, 0x00, 0x03, 0xF4, 0x02, 0x40, 0x03,
    0xF4, 0x03, 0xC0, 0x03, 0xFE, 0xAB, 0xC0, 0x03, 0xFF, 0xFF, 0xC0, 0x03, 0xF9, 0x5B, 0xC0, 0x03,
    0xF4, 0x03, 0xC0, 0x03, 0xF4, 0x01, 0x40, 0x03, 0xF4, 0x00, 0x00, 0x03, 0xF4, 0x00, 0x00, 0x03,
    0xF4, 0x00, 0x0E, 0x03, 0xF8, 0x00, 0x1E, 0x03, 0xF8, 0x00, 0x3E, 0x2F, 0xFF, 0xFF, 0xFD, 0x7F,
    0xFF, 0xFF, 0xFD, 0x00, 0x00, 0x00, 0x00, 0x00, 0x00, 0x00, 0x00, 0x00, 0x00, 0x40, 0x00, 0x00,
    0x03, 0xF0, 0x00, 0x00, 0x03, 0xF4, 0x00, 0x00, 0x03, 0xF4, 0x00, 0x00, 0x01, 0xA0, 0x00, 0x00,
    0x1F, 0x40, 0x00, 0x07, 0xFD, 0x00, 0x02, 0xFA, 0xF8, 0x00, 0xBD, 0x07, 0xE0, 0x0A, 0x00, 0x0A,
    0x00, 0x00, 0x00, 0x00, 0x00, 0x6A, 0x90, 0x00, 0x3F, 0xFF, 0xC0, 0x0F, 0xE1, 0xFF, 0x02, 0xFC,
    0x03, 0xF4, 0x3F, 0x40, 0x3F, 0x87, 0xF4, 0x03, 0xFC, 0xBF, 0xAA, 0xFF, 0xCB, 0xFF, 0xFF, 0xFC,
    0xBF, 0x55, 0x55, 0x0B, 0xF4, 0x00, 0x00, 0x7F, 0x80, 0x00, 0x03, 0xFC, 0x00, 0x00, 0x1F, 0xF4,
    0x0B, 0x00, 0xBF, 0xFF, 0xF4, 0x01, 0xFF, 0xFD, 0x00, 0x00, 0x54, 0x00, 0x00, 0x00, 0x00, 0x00,
    0x00, 0x10, 0x00, 0x00, 0x1F, 0x80, 0x00, 0x02, 0xFC, 0x00, 0x00, 0x2F, 0xC0, 0x00, 0x00, 0xA0,
    0x00, 0x01, 0x50, 0x01, 0xFF, 0x00, 0x03, 0xC0, 0x03, 0xD0, 0x03, 0xD0, 0x00, 0x10, 0x02, 0xAA,
    0xA9, 0xFF, 0xFF, 0x1B, 0xFD, 0x40, 0xFE, 0x00, 0x3F, 0x80, 0x0F, 0xD0, 0x03, 0xF4, 0x00, 0xFD,
    0x00, 0x3F, 0x40, 0x0F, 0xD0, 0x03, 0xF4, 0x00, 0xFD, 0x00, 0x3F, 0x40, 0x0F, 0xD0, 0x03, 0xF4,
    0x00, 0xFD, 0x00, 0x3F, 0x40, 0x0F, 0xE0, 0x03, 0xF8, 0x0B, 0xFF, 0xF7, 0xFF, 0xFC, 0x00, 0x00,
    0x1F, 0x80, 0x0B, 0xFC, 0x00, 0x1F, 0x00, 0x1F, 0x40, 0x0F, 0x00, 0x02, 0x80, 0x00, 0x00, 0x01,
    0x55, 0x40, 0xFF, 0xF0, 0x2F, 0xFC, 0x00, 0xBF, 0x00, 0x2F, 0xC0, 0x0B, 0xF0, 0x02, 0xFC, 0x00,
    0xBF, 0x00, 0x2F, 0xC0, 0x0B, 0xF0, 0x02, 0xFC, 0x00, 0xBF, 0x00, 0x2F, 0xC0, 0xBF, 0xFF, 0x2F,
    0xFF, 0xC0, 0x00, 0x00, 0x2A, 0xAA, 0x9F, 0xFF, 0xF1, 0xBF, 0xD4, 0x0F, 0xE0, 0x03, 0xF8, 0x00,
    0xFD, 0x00, 0x3F, 0x40, 0x0F, 0xD0, 0x03, 0xF4, 0x00, 0xFD, 0x00, 0x3F, 0x40, 0x0F, 0xD0, 0x03,
    0xF4, 0x00, 0xFD, 0x00, 0x3F, 0x40, 0x0F, 0xD0, 0x03, 0xF4, 0x00, 0xFE, 0x00, 0x3F, 0x80, 0xBF,
    0xFF, 0x7F, 0xFF, 0xC0, 0x00, 0x00, 0x00, 0x00, 0x01, 0x00, 0x02, 0xF4, 0x00, 0xFE, 0x00, 0x3F,
    0x80, 0x02, 0x80, 0x01, 0x00, 0x03, 0xF0, 0x01, 0xFD, 0x00, 0x3F, 0x40, 0x06, 0x40, 0x00, 0x00,
    0x00, 0x00, 0x01, 0x55, 0x40, 0xFF, 0xF0, 0x2F, 0xFC, 0x00, 0xBF, 0x00, 0x2F, 0xC0, 0x0B, 0xF0,
    0x02, 0xFC, 0x00, 0xBF, 0x00, 0x2F, 0xC0, 0x0B, 0xF0, 0x02, 0xFC, 0x00, 0xBF, 0x00, 0x2F, 0xC0,
    0xBF, 0xFF, 0x2F, 0xFF, 0xC0, 0x00, 0x00, 0x00, 0x00, 0x01, 0x00, 0x03, 0xF0, 0x00, 0xFD, 0x00,
    0x3F, 0x40, 0x06, 0x80, 0x00, 0x00, 0x02, 0xFF, 0xE4, 0x00, 0x00, 0x0B, 0xFF, 0xFF, 0xE0, 0x00,
    0x0F, 0xF9, 0x06, 0xFE, 0x00, 0x0F, 0xF4, 0x00, 0x1F, 0xE0, 0x0B, 0xF4, 0x00, 0x02, 0xFD, 0x03,
    0xFC, 0x00, 0x00, 0x3F, 0xC1, 0xFE, 0x00, 0x00, 0x0F, 0xF0, 0xBF, 0x40, 0x00, 0x02, 0xFD, 0x3F,
    0xC0, 0x00, 0x00, 0x7F, 0x8F, 0xF0, 0x00, 0x00, 0x1F, 0xF3, 0xFC, 0x00, 0x00, 0x03, 0xFC, 0xFF,
    0x00, 0x00, 0x01, 0xFF, 0x3F, 0xC0, 0x00, 0x00, 0x7F, 0x8F, 0xF4, 0x00, 0x00, 0x1F, 0xE2, 0xFD,
    0x00, 0x00, 0x0B, 0xF4, 0x3F, 0xC0, 0x00, 0x03, 0xFC, 0x0F, 0xF0, 0x00, 0x01, 0xFE, 0x00, 0xFF,
    0x00, 0x00, 0xFF, 0x00, 0x1F, 0xF0, 0x01, 0xFF, 0x40, 0x01, 0xFF, 0xEB, 0xFF, 0x00, 0x00, 0x0B,
    0xFF, 0xFE, 0x00, 0x00, 0x00, 0x05, 0x50, 0x00, 0x00, 0x00, 0x00, 0x00, 0x00, 0x00, 0x00, 0x00,
    0x14, 0x00, 0x00, 0x00, 0x00, 0x2F, 0x40, 0x00, 0x00, 0x00, 0x0F, 0xE0, 0x00, 0x00, 0x00, 0x03,
    0xF8, 0x00, 0x00, 0x00, 0x00, 0x28, 0x00, 0x00, 0x00, 0x6B, 0x90, 0x00, 0x0F, 0xFF, 0xF8, 0x00,
    0xFF, 0x5B, 0xF8, 0x0F, 0xF0, 0x07, 0xF4, 0x3F, 0x80, 0x0F, 0xE1, 0xFD, 0x00, 0x2F, 0xCB, 0xF0,
    0x00, 0xBF, 0x2F, 0xC0, 0x02, 0xFC, 0xBF, 0x00, 0x0B, 0xF2, 0xFC, 0x00, 0x2F, 0xC7, 0xF4, 0x00,
    0xFF, 0x0F, 0xE0, 0x03, 0xF8, 0x2F, 0xD0, 0x3F, 0xC0, 0x2F, 0xFF, 0xFD, 0x00, 0x1F, 0xFF, 0xC0,
    0x00, 0x01, 0x50, 0x00, 0x00, 0x00, 0x00, 0x00, 0x00, 0x04, 0x00, 0x00, 0x00, 0xFC, 0x00, 0x00,
    0x0B, 0xF0, 0x00, 0x00, 0x1F, 0xC0, 0x00, 0x00, 0x29, 0x00, 0x00, 0x00, 0x00, 0x15, 0x00, 0x00,
    0x00, 0x00, 0x1F, 0xF0, 0x00, 0x00, 0x00, 0x00, 0x3C, 0x00, 0x00, 0x00, 0x00, 0x3D, 0x00, 0x00,
    0x00, 0x00, 0x3D, 0x00, 0x00, 0x00, 0x00, 0x01, 0x00, 0x00, 0x00, 0x00, 0x2F, 0xFE, 0x40, 0x00,
    0x00, 0xBF, 0xFF, 0xFE, 0x00, 0x00, 0xFF, 0x90, 0x6F, 0xE0, 0x00, 0xFF, 0x40, 0x01, 0xFE, 0x00,
    0xBF, 0x40, 0x00, 0x2F, 0xD0, 0x3F, 0xC0, 0x00, 0x03, 0xFC, 0x1F, 0xE0, 0x00, 0x00, 0xFF, 0x0B,
    0xF4, 0x00, 0x00, 0x2F, 0xD3, 0xFC, 0x00, 0x00, 0x07, 0xF8, 0xFF, 0x00, 0x00, 0x01, 0xFF, 0x3F,
    0xC0, 0x00, 0x00, 0x3F, 0xCF, 0xF0, 0x00, 0x00, 0x1F, 0xF3, 0xFC, 0x00, 0x00, 0x07, 0xF8, 0xFF,
    0x40, 0x00, 0x01, 0xFE, 0x2F, 0xD0, 0x00, 0x00, 0xBF, 0x43, 0xFC, 0x00, 0x00, 0x3F, 0xC0, 0xFF,
    0x00, 0x00, 0x1F, 0xE0, 0x0F, 0xF0, 0x00, 0x0F, 0xF0, 0x01, 0xFF, 0x00, 0x1F, 0xF4, 0x00, 0x1F,
    0xFE, 0xBF, 0xF0, 0x00, 0x00, 0xBF, 0xFF, 0xE0, 0x00, 0x00, 0x00, 0x55, 0x00, 0x00, 0x00, 0x2F,
    0x40, 0x00, 0x00, 0xFF, 0x40, 0x00, 0x00, 0x2E, 0x00, 0x00, 0x02, 0xF0, 0x00, 0x00, 0x1E, 0x00,
    0x00, 0x00, 0x24, 0x00, 0x00, 0x00, 0x00, 0x00, 0x00, 0x1A, 0xE4, 0x00, 0x03, 0xFF, 0xFE, 0x00,
    0x3F, 0xD6, 0xFE, 0x03, 0xFC, 0x01, 0xFD, 0x0F, 0xE0, 0x03, 0xF8, 0x7F, 0x40, 0x0B, 0xF2, 0xFC,
    0x00, 0x2F, 0xCB, 0xF0, 0x00, 0xBF, 0x2F, 0xC0, 0x02, 0xFC, 0xBF, 0x00, 0x0B, 0xF1, 0xFD, 0x00,
    0x3F, 0xC3, 0xF8, 0x00, 0xFE, 0x0B, 0xF4, 0x0F, 0xF0, 0x0B, 0xFF, 0xFF, 0x40, 0x07, 0xFF, 0xF0,
    0x00, 0x00, 0x54, 0x00, 0x00, 0x00, 0x00, 0x00, 0x10, 0x00, 0x00, 0x00, 0x00, 0xBC, 0x00, 0x00,
    0x00, 0x06, 0xFF, 0x40, 0x00, 0x00, 0x03, 0xF4, 0x00, 0x00, 0x00, 0x00, 0x15, 0x00, 0x00, 0x00,
    0x00, 0x1F, 0xF4, 0x00, 0x00, 0x00, 0x3F, 0xBF, 0x80, 0x00, 0x00, 0x3E, 0x01, 0xFC, 0x00, 0x00,
    0x05, 0x00, 0x04, 0x00, 0x00, 0x00, 0x00, 0x00, 0x00, 0x00, 0x00, 0x2F, 0xFE, 0x40, 0x00, 0x00,
    0xBF, 0xFF, 0xFE, 0x00, 0x00, 0xFF, 0x90, 0x6F, 0xE0, 0x00, 0xFF, 0x40, 0x01, 0xFE, 0x00, 0xBF,
    0x40, 0x00, 0x2F, 0xD0, 0x3F, 0xC0, 0x00, 0x03, 0xFC, 0x1F, 0xE0, 0x00, 0x00, 0xFF, 0x0B, 0xF4,
    0x00, 0x00, 0x2F, 0xD3, 0xFC, 0x00, 0x00, 0x07, 0xF8, 0xFF, 0x00, 0x00, 0x01, 0xFF, 0x3F, 0xC0,
    0x00, 0x00, 0x3F, 0xCF, 0xF0, 0x00, 0x00, 0x1F, 0xF3, 0xFC, 0x00, 0x00, 0x07, 0xF8, 0xFF, 0x40,
    0x00, 0x01, 0xFE, 0x2F, 0xD0, 0x00, 0x00, 0xBF, 0x43, 0xFC, 0x00, 0x00, 0x3F, 0xC0, 0xFF, 0x00,
    0x00, 0x1F, 0xE0, 0x0F, 0xF0, 0x00, 0x0F, 0xF0, 0x01, 0xFF, 0x00, 0x1F, 0xF4, 0x00, 0x1F, 0xFE,
    0xBF, 0xF0, 0x00, 0x00, 0xBF, 0xFF, 0xE0, 0x00, 0x00, 0x00, 0x55, 0x00, 0x00, 0x00, 0x00, 0x10,
    0x00, 0x00, 0x07, 0xE0, 0x00, 0x02, 0xFF, 0x80, 0x00, 0x2F, 0x80, 0x00, 0x00, 0x15, 0x40, 0x00,
    0x01, 0xFF, 0x80, 0x00, 0x2F, 0xEF, 0xC0, 0x02, 0xF4, 0x0B, 0xC0, 0x01, 0x00, 0x01, 0x00, 0x01,
    0xAE, 0x40, 0x00, 0x3F, 0xFF, 0xE0, 0x03, 0xFD, 0x6F, 0xE0, 0x3F, 0xC0, 0x1F, 0xD0, 0xFE, 0x00,
    0x3F, 0x87, 0xF4, 0x00, 0xBF, 0x2F, 0xC0, 0x02, 0xFC, 0xBF, 0x00, 0x0B, 0xF2, 0xFC, 0x00, 0x2F,
    0xCB, 0xF0, 0x00, 0xBF, 0x1F, 0xD0, 0x03, 0xFC, 0x3F, 0x80, 0x0F, 0xE0, 0xBF, 0x40, 0xFF, 0x00,
    0xBF, 0xFF, 0xF4, 0x00, 0x7F, 0xFF, 0x00, 0x00, 0x05, 0x40, 0x00, 0x00, 0x00, 0x00, 0x00, 0x00,
    0x00, 0x00, 0x38, 0x00, 0x00, 0x00, 0x00, 0x1F, 0xE0, 0x00, 0x00, 0x00, 0x00, 0x7F, 0x80, 0x00,
    0x00, 0x00, 0x01, 0xE0, 0x00, 0x00, 0x00, 0x01, 0x40, 0x00, 0x00, 0x00, 0x0B, 0xFD, 0x00, 0x00,
    0x00, 0x0F, 0xEF, 0xE0, 0x00, 0x00, 0x0F, 0x80, 0x7F, 0x00, 0x00, 0x01, 0x00, 0x01, 0x00, 0x00,
    0x00, 0x00, 0x00, 0x00, 0x00, 0x00, 0x0B, 0xFF, 0x90, 0x00, 0x00, 0x2F, 0xFF, 0xFF, 0x80, 0x00,
    0x3F, 0xE4, 0x1B, 0xF8, 0x00, 0x3F, 0xD0, 0x00, 0x7F, 0x80, 0x2F, 0xD0, 0x00, 0x0B, 0xF4, 0x0F,
    0xF0, 0x00, 0x00, 0xFF, 0x07, 0xF8, 0x00, 0x00, 0x3F, 0xC2, 0xFD, 0x00, 0x00, 0x0B, 0xF4, 0xFF,
    0x00, 0x00, 0x01, 0xFE, 0x3F, 0xC0, 0x00, 0x00, 0x7F, 0xCF, 0xF0, 0x00, 0x00, 0x0F, 0xF3, 0xFC,
    0x00, 0x00, 0x07, 0xFC, 0xFF, 0x00, 0x00, 0x01, 0xFE, 0x3F, 0xD0, 0x00, 0x00, 0x7F, 0x8B, 0xF4,
    0x00, 0x00, 0x2F, 0xD0, 0xFF, 0x00, 0x00, 0x0F, 0xF0, 0x3F, 0xC0, 0x00, 0x07, 0xF8, 0x03, 0xFC,
    0x00, 0x03, 0xFC, 0x00, 0x7F, 0xC0, 0x07, 0xFD, 0x00, 0x07, 0xFF, 0xAF, 0xFC, 0x00, 0x00, 0x2F,
    0xFF, 0xF8, 0x00, 0x00, 0x00, 0x15, 0x40, 0x00, 0x00, 0x00, 0x00, 0x00, 0x00, 0x03, 0xD0, 0x00,
    0x00, 0x0F, 0xF4, 0x00, 0x00, 0x06, 0xF8, 0x00, 0x00, 0x00, 0xB0, 0x00, 0x00, 0x15, 0x00, 0x00,
    0x07, 0xFE, 0x00, 0x00, 0xBF, 0xBF, 0x00, 0x0B, 0xD0, 0x2F, 0x00, 0x04, 0x00, 0x04, 0x00, 0x06,
    0xB9, 0x00, 0x00, 0xFF, 0xFF, 0x80, 0x0F, 0xF5, 0xBF, 0x80, 0xFF, 0x00, 0x7F, 0x43, 0xF8, 0x00,
    0xFE, 0x1F, 0xD0, 0x02, 0xFC, 0xBF, 0x00, 0x0B, 0xF2, 0xFC, 0x00, 0x2F, 0xCB, 0xF0, 0x00, 0xBF,
    0x2F, 0xC0, 0x02, 0xFC, 0x7F, 0x40, 0x0F, 0xF0, 0xFE, 0x00, 0x3F, 0x82, 0xFD, 0x03, 0xFC, 0x02,
    0xFF, 0xFF, 0xD0, 0x01, 0xFF, 0xFC, 0x00, 0x00, 0x15, 0x00, 0x00, 0x00, 0x00, 0x00, 0x00, 0x00,
    0x00, 0x00, 0x1F, 0xE0, 0x00, 0x00, 0x00, 0x01, 0x7D, 0x00, 0x00, 0x00, 0x00, 0x1F, 0x00, 0x00,
    0x00, 0x00, 0x2E, 0x00, 0x00, 0x00, 0x00, 0x0B, 0x80, 0x00, 0x00, 0x00, 0x0B, 0xFD, 0x00, 0x00,
    0x00, 0x0F, 0xEF, 0xE0, 0x00, 0x00, 0x0F, 0x80, 0x7F, 0x00, 0x00, 0x01, 0x00, 0x01, 0x00, 0x00,
    0x00, 0x00, 0x00, 0x00, 0x00, 0x00, 0x0B, 0xFF, 0x90, 0x00, 0x00, 0x2F, 0xFF, 0xFF, 0x80, 0x00,
    0x3F, 0xE4, 0x1B, 0xF8, 0x00, 0x3F, 0xD0, 0x00, 0x7F, 0x80, 0x2F, 0xD0, 0x00, 0x0B, 0xF4, 0x0F,
    0xF0, 0x00, 0x00, 0xFF, 0x07, 0xF8, 0x00, 0x00, 0x3F, 0xC2, 0xFD, 0x00, 0x00, 0x0B, 0xF4, 0xFF,
    0x00, 0x00, 0x01, 0xFE, 0x3F, 0xC0, 0x00, 0x00, 0x7F, 0xCF, 0xF0, 0x00, 0x00, 0x0F, 0xF3, 0xFC,
    0x00, 0x00, 0x07, 0xFC, 0xFF, 0x00, 0x00, 0x01, 0xFE, 0x3F, 0xD0, 0x00, 0x00, 0x7F, 0x8B, 0xF4,
    0x00, 0x00, 0x2F, 0xD0, 0xFF, 0x00, 0x00, 0x0F, 0xF0, 0x3F, 0xC0, 0x00, 0x07, 0xF8, 0x03, 0xFC,
    0x00, 0x03, 0xFC, 0x00, 0x7F, 0xC0, 0x07, 0xFD, 0x00, 0x07, 0xFF, 0xAF, 0xFC, 0x00, 0x00, 0x2F,
    0xFF, 0xF8, 0x00, 0x00, 0x00, 0x15, 0x40, 0x00, 0x00, 0x00, 0x00, 0x00, 0x00, 0x00, 0xFF, 0x00,
    0x00, 0x01, 0x6F, 0x00, 0x00, 0x00, 0xF8, 0x00, 0x00, 0x1F, 0x40, 0x00, 0x00, 0x38, 0x00, 0x00,
    0x00, 0x54, 0x00, 0x00, 0x1F, 0xF8, 0x00, 0x02, 0xFE, 0xFC, 0x00, 0x2F, 0x40, 0xBC, 0x00, 0x10,
    0x00, 0x10, 0x00, 0x1A, 0xE4, 0x00, 0x03, 0xFF, 0xFE, 0x00, 0x3F, 0xD6, 0xFE, 0x03, 0xFC, 0x01,
    0xFD, 0x0F, 0xE0, 0x03, 0xF8, 0x7F, 0x40, 0x0B, 0xF2, 0xFC, 0x00, 0x2F, 0xCB, 0xF0, 0x00, 0xBF,
    0x2F, 0xC0, 0x02, 0xFC, 0xBF, 0x00, 0x0B, 0xF1, 0xFD, 0x00, 0x3F, 0xC3, 0xF8, 0x00, 0xFE, 0x0B,
    0xF4, 0x0F, 0xF0, 0x0B, 0xFF, 0xFF, 0x40, 0x07, 0xFF, 0xF0, 0x00, 0x00, 0x54, 0x00, 0x00, 0x00,
    0x00, 0x00, 0x04, 0x00, 0x00, 0x00, 0x7F, 0x97, 0x40, 0x00, 0x00, 0x3F, 0xFF, 0xC0, 0x00, 0x00,
    0x1C, 0x2F, 0xC0, 0x00, 0x00, 0x00, 0x7F, 0xD0, 0x00, 0x00, 0x00, 0xBF, 0xBF, 0x00, 0x00, 0x00,
    0xFD, 0x02, 0xF0, 0x00, 0x00, 0x04, 0x00, 0x14, 0x00, 0x00, 0x00, 0x00, 0x00, 0x00, 0x00, 0x00,
    0xBF, 0xF9, 0x00, 0x00, 0x02, 0xFF, 0xFF, 0xF8, 0x00, 0x03, 0xFE, 0x41, 0xBF, 0x80, 0x03, 0xFD,
    0x00, 0x07, 0xF8, 0x02, 0xFD, 0x00, 0x00, 0xBF, 0x40, 0xFF, 0x00, 0x00, 0x0F, 0xF0, 0x7F, 0x80,
    0x00, 0x03, 0xFC, 0x2F, 0xD0, 0x00, 0x00, 0xBF, 0x4F, 0xF0, 0x00, 0x00, 0x1F, 0xE3, 0xFC, 0x00,
    0x00, 0x07, 0xFC, 0xFF, 0x00, 0x00, 0x00, 0xFF, 0x3F, 0xC0, 0x00, 0x00, 0x7F, 0xCF, 0xF0, 0x00,
    0x00, 0x1F, 0xE3, 0xFD, 0x00, 0x00, 0x07, 0xF8, 0xBF, 0x40, 0x00, 0x02, 0xFD, 0x0F, 0xF0, 0x00,
    0x00, 0xFF, 0x03, 0xFC, 0x00, 0x00, 0x7F, 0x80, 0x3F, 0xC0, 0x00, 0x3F, 0xC0, 0x07, 0xFC, 0x00,
    0x7F, 0xD0, 0x00, 0x7F, 0xFA, 0xFF, 0xC0, 0x00, 0x02, 0xFF, 0xFF, 0x80, 0x00, 0x00, 0x01, 0x54,
    0x00, 0x00, 0x00, 0x00, 0x00, 0x00, 0x03, 0xF9, 0x78, 0x00, 0x3F, 0xFF, 0xC0, 0x00, 0xC0, 0x6D,
    0x00, 0x00, 0x05, 0x40, 0x00, 0x01, 0xFF, 0x80, 0x00, 0x2F, 0xEF, 0xC0, 0x02, 0xF4, 0x0B, 0xC0,
    0x01, 0x00, 0x01, 0x00, 0x01, 0xAE, 0x40, 0x00, 0x3F, 0xFF, 0xE0, 0x03, 0xFD, 0x6F, 0xE0, 0x3F,
    0xC0, 0x1F, 0xD0, 0xFE, 0x00, 0x3F, 0x87, 0xF4, 0x00, 0xBF, 0x2F, 0xC0, 0x02, 0xFC, 0xBF, 0x00,
    0x0B, 0xF2, 0xFC, 0x00, 0x2F, 0xCB, 0xF0, 0x00, 0xBF, 0x1F, 0xD0, 0x03, 0xFC, 0x3F, 0x80, 0x0F,
    0xE0, 0xBF, 0x40, 0xFF, 0x00, 0xBF, 0xFF, 0xF4, 0x00, 0x7F, 0xFF, 0x00, 0x00, 0x05, 0x40, 0x00,
    0x00, 0x00, 0x15, 0x00, 0x00, 0x00, 0x00, 0x2F, 0xF8, 0x00, 0x00, 0x00, 0x7F, 0xAF, 0xC0, 0x00,
    0x00, 0x3E, 0x00, 0xBC, 0x00, 0x00, 0x04, 0x00, 0x00, 0x00, 0x00, 0x00, 0xBF, 0xF9, 0x00, 0x00,
    0x02, 0xFF, 0xFF, 0xF8, 0x00, 0x03, 0xFE, 0x41, 0xBF, 0x80, 0x03, 0xFD, 0x00, 0x07, 0xF8, 0x02,
    0xFD, 0x00, 0x00, 0xBF, 0x40, 0xFF, 0x00, 0x00, 0x0F, 0xF0, 0x7F, 0x80, 0x00, 0x03, 0xFC, 0x2F,
    0xD0, 0x00, 0x00, 0xBF, 0x4F, 0xF0, 0x00, 0x00, 0x1F, 0xE3, 0xFC, 0x00, 0x00, 0x07, 0xFC, 0xFF,
    0x00, 0x00, 0x00, 0xFF, 0x3F, 0xC0, 0x00, 0x00, 0x7F, 0xCF, 0xF0, 0x00, 0x00, 0x1F, 0xE3, 0xFD,
    0x00, 0x00, 0x07, 0xF8, 0xBF, 0x40, 0x00, 0x02, 0xFD, 0x0F, 0xF0, 0x00, 0x00, 0xFF, 0x03, 0xFC,
    0x00, 0x00, 0x7F, 0x80, 0x3F, 0xC0, 0x00, 0x3F, 0xC0, 0x07, 0xFC, 0x00, 0x7F, 0xD0, 0x00, 0x7F,
    0xFA, 0xFF, 0xC0, 0x00, 0x02, 0xFF, 0xFF, 0x80, 0x00, 0x00, 0x01, 0x54, 0x00, 0x00, 0x00, 0x00,
    0x00, 0x00, 0x00, 0x00, 0x00, 0x05, 0x00, 0x00, 0x00, 0x00, 0x0B, 0xD0, 0x00, 0x00, 0x00, 0x03,
    0xF8, 0x00, 0x00, 0x00, 0x00, 0xFE, 0x00, 0x00, 0x00, 0x00, 0x0A, 0x00, 0x00, 0x00, 0x00, 0x0F,
    0x80, 0x00, 0x01, 0xFF, 0x80, 0x00, 0x1F, 0x9F, 0xC0, 0x01, 0xF4, 0x0F, 0xC0, 0x07, 0x00, 0x07,
    0x00, 0x00, 0x00, 0x00, 0x00, 0x06, 0xB9, 0x00, 0x00, 0xFF, 0xFF, 0x80, 0x0F, 0xF5, 0xBF, 0x80,
    0xFF, 0x00, 0x7F, 0x43, 0xF8, 0x00, 0xFE, 0x1F, 0xD0, 0x02, 0xFC, 0xBF, 0x00, 0x0B, 0xF2, 0xFC,
    0x00, 0x2F, 0xCB, 0xF0, 0x00, 0xBF, 0x2F, 0xC0, 0x02, 0xFC, 0x7F, 0x40, 0x0F, 0xF0, 0xFE, 0x00,
    0x3F, 0x82, 0xFD, 0x03, 0xFC, 0x02, 0xFF, 0xFF, 0xD0, 0x01, 0xFF, 0xFC, 0x00, 0x00, 0x15, 0x00,
    0x00, 0x00, 0x00, 0x00, 0x00, 0x00, 0x40, 0x00, 0x00, 0x0F, 0xC0, 0x00, 0x00, 0xBF, 0x00, 0x00,
    0x01, 0xFC, 0x00, 0x00, 0x02, 0x90, 0x00, 0x00, 0x00, 0x00, 0x00, 0x00, 0x00, 0x00, 0x00, 0x00,
    0xA0, 0x00, 0x00, 0x00, 0x00, 0x2F, 0xC0, 0x00, 0x00, 0x00, 0x1B, 0xF9, 0x00, 0x00, 0x00, 0x00,
    0xFD, 0x00, 0x00, 0x60, 0x00, 0x01, 0x00, 0x00, 0x0B, 0xC0, 0x00, 0x2F, 0xFE, 0x40, 0x1F, 0x40,
    0x0B, 0xFF, 0xFF, 0xE0, 0x7D, 0x00, 0xFF, 0x90, 0x6F, 0xFB, 0xF0, 0x0F, 0xF4, 0x00, 0x1F, 0xFE,
    0x00, 0xBF, 0x40, 0x00, 0x2F, 0xD0, 0x03, 0xFC, 0x00, 0x00, 0x3F, 0xC0, 0x1F, 0xE0, 0x00, 0x00,
    0xFF, 0x00, 0xBF, 0x40, 0x00, 0x02, 0xFD, 0x03, 0xFC, 0x00, 0x00, 0x07, 0xF8, 0x0F, 0xF0, 0x00,
    0x00, 0x1F, 0xF0, 0x3F, 0xC0, 0x00, 0x00, 0x3F, 0xC0, 0xFF, 0x00, 0x00, 0x01, 0xFF, 0x03, 0xFC,
    0x00, 0x00, 0x07, 0xF8, 0x0F, 0xF4, 0x00, 0x00, 0x1F, 0xE0, 0x2F, 0xD0, 0x00, 0x00, 0xBF, 0x40,
    0x3F, 0xC0, 0x00, 0x03, 0xFC, 0x00, 0xFF, 0x00, 0x00, 0x1F, 0xE0, 0x00, 0xFF, 0x00, 0x00, 0xFF,
    0x00, 0x01, 0xFF, 0x00, 0x1F, 0xF4, 0x00, 0x01, 0xFF, 0xEB, 0xFF, 0x00, 0x00, 0x00, 0xBF, 0xFF,
    0xE0, 0x00, 0x00, 0x00, 0x05, 0x50, 0x00, 0x00, 0x00, 0x00, 0x20, 0x00, 0x00, 0x00, 0x2F, 0x00,
    0x00, 0x00, 0x2F, 0x40, 0x00, 0x00, 0x2F, 0x00, 0x00, 0x00, 0x2F, 0x00, 0x06, 0x00, 0x0B, 0x00,
    0x0F, 0xC0, 0x00, 0x00, 0x01, 0xF4, 0x01, 0xAE, 0x40, 0x7D, 0x03, 0xFF, 0xFE, 0xBF, 0x03, 0xFD,
    0x6F, 0xFE, 0x03, 0xFC, 0x01, 0xFD, 0x00, 0xFE, 0x00, 0x3F, 0x80, 0x7F, 0x40, 0x0B, 0xF0, 0x2F,
    0xC0, 0x02, 0xFC, 0x0B, 0xF0, 0x00, 0xBF, 0x02, 0xFC, 0x00, 0x2F, 0xC0, 0xBF, 0x00, 0x0B, 0xF0,
    0x1F, 0xD0, 0x03, 0xFC, 0x03, 0xF8, 0x00, 0xFE, 0x00, 0xBF, 0x40, 0xFF, 0x00, 0x0B, 0xFF, 0xFF,
    0x40, 0x00, 0x7F, 0xFF, 0x00, 0x00, 0x00, 0x54, 0x00, 0x00, 0x00, 0x00, 0x00, 0x00, 0x00, 0x00,
    0x00, 0x0A, 0x00, 0x00, 0x00, 0x00, 0x00, 0x3F, 0x80, 0x00, 0x00, 0x00, 0x00, 0x6F, 0xF4, 0x00,
    0x00, 0x00, 0x00, 0x06, 0xF0, 0x00, 0x60, 0x00, 0x00, 0x00, 0x40, 0x0B, 0xC0, 0x00, 0x2F, 0xFE,
    0x40, 0x1F, 0x40, 0x0B, 0xFF, 0xFF, 0xE0, 0x7D, 0x00, 0xFF, 0x90, 0x6F, 0xFB, 0xF0, 0x0F, 0xF4,
    0x00, 0x1F, 0xFE, 0x00, 0xBF, 0x40, 0x00, 0x2F, 0xD0, 0x03, 0xFC, 0x00, 0x00, 0x3F, 0xC0, 0x1F,
    0xE0, 0x00, 0x00, 0xFF, 0x00, 0xBF, 0x40, 0x00, 0x02, 0xFD, 0x03, 0xFC, 0x00, 0x00, 0x07, 0xF8,
    0x0F, 0xF0, 0x00, 0x00, 0x1F, 0xF0, 0x3F, 0xC0, 0x00, 0x00, 0x3F, 0xC0, 0xFF, 0x00, 0x00, 0x01,
    0xFF, 0x03, 0xFC, 0x00, 0x00, 0x07, 0xF8, 0x0F, 0xF4, 0x00, 0x00, 0x1F, 0xE0, 0x2F, 0xD0, 0x00,
    0x00, 0xBF, 0x40, 0x3F, 0xC0, 0x00, 0x03, 0xFC, 0x00, 0xFF, 0x00, 0x00, 0x1F, 0xE0, 0x00, 0xFF,
    0x00, 0x00, 0xFF, 0x00, 0x01, 0xFF, 0x00, 0x1F, 0xF4, 0x00, 0x01, 0xFF, 0xEB, 0xFF, 0x00, 0x00,
    0x00, 0xBF, 0xFF, 0xE0, 0x00, 0x00, 0x00, 0x05, 0x50, 0x00, 0x00, 0x00, 0x20, 0x00, 0x00, 0x00,
    0x2F, 0x00, 0x00, 0x00, 0x03, 0xF0, 0x00, 0x00, 0x00, 0x3F, 0x00, 0x00, 0x00, 0x02, 0xF0, 0x06,
    0x00, 0x00, 0x2C, 0x0F, 0xC0, 0x00, 0x00, 0x01, 0xF4, 0x01, 0xAE, 0x40, 0x7D, 0x03, 0xFF, 0xFE,
    0xBF, 0x03, 0xFD, 0x6F, 0xFE, 0x03, 0xFC, 0x01, 0xFD, 0x00, 0xFE, 0x00, 0x3F, 0x80, 0x7F, 0x40,
    0x0B, 0xF0, 0x2F, 0xC0, 0x02, 0xFC, 0x0B, 0xF0, 0x00, 0xBF, 0x02, 0xFC, 0x00, 0x2F, 0xC0, 0xBF,
    0x00, 0x0B, 0xF0, 0x1F, 0xD0, 0x03, 0xFC, 0x03, 0xF8, 0x00, 0xFE, 0x00, 0xBF, 0x40, 0xFF, 0x00,
    0x0B, 0xFF, 0xFF, 0x40, 0x00, 0x7F, 0xFF, 0x00, 0x00, 0x00, 0x54, 0x00, 0x00, 0x00, 0x00, 0x15,
    0x00, 0x00, 0x00, 0x00, 0x01, 0xFF, 0x00, 0x00, 0x00, 0x00, 0x00, 0x3C, 0x00, 0x00, 0x00, 0x00,
    0x03, 0xD0, 0x00, 0x00, 0x00, 0x00, 0x2D, 0x00, 0x00, 0x60, 0x00, 0x00, 0x10, 0x00, 0x0B, 0xC0,
    0x00, 0x2F, 0xFE, 0x40, 0x1F, 0x40, 0x0B, 0xFF, 0xFF, 0xE0, 0x7D, 0x00, 0xFF, 0x90, 0x6F, 0xFB,
    0xF0, 0x0F, 0xF4, 0x00, 0x1F, 0xFE, 0x00, 0xBF, 0x40, 0x00, 0x2F, 0xD0, 0x03, 0xFC, 0x00, 0x00,
    0x3F, 0xC0, 0x1F, 0xE0, 0x00, 0x00, 0xFF, 0x00, 0xBF, 0x40, 0x00, 0x02, 0xFD, 0x03, 0xFC, 0x00,
    0x00, 0x07, 0xF8, 0x0F, 0xF0, 0x00, 0x00, 0x1F, 0xF0, 0x3F, 0xC0, 0x00, 0x00, 0x3F, 0xC0, 0xFF,
    0x00, 0x00, 0x01, 0xFF, 0x03, 0xFC, 0x00, 0x00, 0x07, 0xF8, 0x0F, 0xF4, 0x00, 0x00, 0x1F, 0xE0,
    0x2F, 0xD0, 0x00, 0x00, 0xBF, 0x40, 0x3F, 0xC0, 0x00, 0x03, 0xFC, 0x00, 0xFF, 0x00, 0x00, 0x1F,
    0xE0, 0x00, 0xFF, 0x00, 0x00, 0xFF, 0x00, 0x01, 0xFF, 0x00, 0x1F, 0xF4, 0x00, 0x01, 0xFF, 0xEB,
    0xFF, 0x00, 0x00, 0x00, 0xBF, 0xFF, 0xE0, 0x00, 0x00, 0x00, 0x05, 0x50, 0x00, 0x00, 0x00, 0x2F,
    0x40, 0x00, 0x00, 0x0F, 0xF4, 0x00, 0x00, 0x00, 0x2E, 0x00, 0x00, 0x00, 0x2F, 0x00, 0x00, 0x00,
    0x1E, 0x00, 0x06, 0x00, 0x02, 0x40, 0x0F, 0xC0, 0x00, 0x00, 0x01, 0xF4, 0x01, 0xAE, 0x40, 0x7D,
    0x03, 0xFF, 0xFE, 0xBF, 0x03, 0xFD, 0x6F, 0xFE, 0x03, 0xFC, 0x01, 0xFD, 0x00, 0xFE, 0x00, 0x3F,
    0x80, 0x7F, 0x40, 0x0B, 0xF0, 0x2F, 0xC0, 0x02, 0xFC, 0x0B, 0xF0, 0x00, 0xBF, 0x02, 0xFC, 0x00,
    0x2F, 0xC0, 0xBF, 0x00, 0x0B, 0xF0, 0x1F, 0xD0, 0x03, 0xFC, 0x03, 0xF8, 0x00, 0xFE, 0x00, 0xBF,
    0x40, 0xFF, 0x00, 0x0B, 0xFF, 0xFF, 0x40, 0x00, 0x7F, 0xFF, 0x00, 0x00, 0x00, 0x54, 0x00, 0x00,
    0x00, 0x00, 0x00, 0x00, 0x00, 0x00, 0x00, 0x0B, 0xE0, 0x38, 0x00, 0x00, 0x00, 0xBF, 0xFF, 0xD0,
    0x00, 0x00, 0x03, 0xD6, 0xFE, 0x00, 0x18, 0x00, 0x04, 0x00, 0x10, 0x02, 0xF0, 0x00, 0x0B, 0xFF,
    0x90, 0x07, 0xD0, 0x02, 0xFF, 0xFF, 0xF8, 0x1F, 0x40, 0x3F, 0xE4, 0x1B, 0xFE, 0xFC, 0x03, 0xFD,
    0x00, 0x07, 0xFF, 0x80, 0x2F, 0xD0, 0x00, 0x0B, 0xF4, 0x00, 0xFF, 0x00, 0x00, 0x0F, 0xF0, 0x07,
    0xF8, 0x00, 0x00, 0x3F, 0xC0, 0x2F, 0xD0, 0x00, 0x00, 0xBF, 0x40, 0xFF, 0x00, 0x00, 0x01, 0xFE,
    0x03, 0xFC, 0x00, 0x00, 0x07, 0xFC, 0x0F, 0xF0, 0x00, 0x00, 0x0F, 0xF0, 0x3F, 0xC0, 0x00, 0x00,
    0x7F, 0xC0, 0xFF, 0x00, 0x00, 0x01, 0xFE, 0x03, 0xFD, 0x00, 0x00, 0x07, 0xF8, 0x0B, 0xF4, 0x00,
    0x00, 0x2F, 0xD0, 0x0F, 0xF0, 0x00, 0x00, 0xFF, 0x00, 0x3F, 0xC0, 0x00, 0x07, 0xF8, 0x00, 0x3F,
    0xC0, 0x00, 0x3F, 0xC0, 0x00, 0x7F, 0xC0, 0x07, 0xFD, 0x00, 0x00, 0x7F, 0xFA, 0xFF, 0xC0, 0x00,
    0x00, 0x2F, 0xFF, 0xF8, 0x00, 0x00, 0x00, 0x01, 0x54, 0x00, 0x00, 0x00, 0x00, 0x00, 0x00, 0x00,
    0x00, 0x3E, 0x42, 0xC0, 0x00, 0x3F, 0xFF, 0xE0, 0x00, 0x2D, 0x6F, 0xF0, 0x18, 0x01, 0x00, 0x10,
    0x3F, 0x00, 0x00, 0x00, 0x07, 0xD0, 0x06, 0xB9, 0x01, 0xF4, 0x0F, 0xFF, 0xFA, 0xFC, 0x0F, 0xF5,
    0xBF, 0xF8, 0x0F, 0xF0, 0x07, 0xF4, 0x03, 0xF8, 0x00, 0xFE, 0x01, 0xFD, 0x00, 0x2F, 0xC0, 0xBF,
    0x00, 0x0B, 0xF0, 0x2F, 0xC0, 0x02, 0xFC, 0x0B, 0xF0, 0x00, 0xBF, 0x02, 0xFC, 0x00, 0x2F, 0xC0,
    0x7F, 0x40, 0x0F, 0xF0, 0x0F, 0xE0, 0x03, 0xF8, 0x02, 0xFD, 0x03, 0xFC, 0x00, 0x2F, 0xFF, 0xFD,
    0x00, 0x01, 0xFF, 0xFC, 0x00, 0x00, 0x01, 0x50, 0x00, 0x00, 0x00, 0x00, 0x00, 0x00, 0x00, 0x60,
    0x00, 0x00, 0x00, 0x00, 0x0B, 0xC0, 0x00, 0x2F, 0xFE, 0x40, 0x1F, 0x40, 0x0B, 0xFF, 0xFF, 0xE0,
    0x7D, 0x00, 0xFF, 0x90, 0x6F, 0xFB, 0xF0, 0x0F, 0xF4, 0x00, 0x1F, 0xFE, 0x00, 0xBF, 0x40, 0x00,
    0x2F, 0xD0, 0x03, 0xFC, 0x00, 0x00, 0x3F, 0xC0, 0x1F, 0xE0, 0x00, 0x00, 0xFF, 0x00, 0xBF, 0x40,
    0x00, 0x02, 0xFD, 0x03, 0xFC, 0x00, 0x00, 0x07, 0xF8, 0x0F, 0xF0, 0x00, 0x00, 0x1F, 0xF0, 0x3F,
    0xC0, 0x00, 0x00, 0x3F, 0xC0, 0xFF, 0x00, 0x00, 0x01, 0xFF, 0x03, 0xFC, 0x00, 0x00, 0x07, 0xF8,
    0x0F, 0xF4, 0x00, 0x00, 0x1F, 0xE0, 0x2F, 0xD0, 0x00, 0x00, 0xBF, 0x40, 0x3F, 0xC0, 0x00, 0x03,
    0xFC, 0x00, 0xFF, 0x00, 0x00, 0x1F, 0xE0, 0x00, 0xFF, 0x00, 0x00, 0xFF, 0x00, 0x01, 0xFF, 0x00,
    0x1F, 0xF4, 0x00, 0x01, 0xFF, 0xEB, 0xFF, 0x00, 0x00, 0x00, 0xBF, 0xFF, 0xE0, 0x00, 0x00, 0x00,
    0x05, 0x50, 0x00, 0x00, 0x00, 0x00, 0x00, 0x00, 0x00, 0x00, 0x00, 0x00, 0x10, 0x00, 0x00, 0x00,
    0x00, 0x02, 0xF4, 0x00, 0x00, 0x00, 0x00, 0x0F, 0xE0, 0x00, 0x00, 0x00, 0x00, 0x3F, 0x80, 0x00,
    0x00, 0x00, 0x00, 0x28, 0x00, 0x00, 0x00, 0x00, 0x00, 0x00, 0x06, 0x00, 0x00, 0x00, 0x0F, 0xC0,
    0x00, 0x00, 0x01, 0xF4, 0x01, 0xAE, 0x40, 0x7D, 0x03, 0xFF, 0xFE, 0xBF, 0x03, 0xFD, 0x6F, 0xFE,
    0x03, 0xFC, 0x01, 0xFD, 0x00, 0xFE, 0x00, 0x3F, 0x80, 0x7F, 0x40, 0x0B, 0xF0, 0x2F, 0xC0, 0x02,
    0xFC, 0x0B, 0xF0, 0x00, 0xBF, 0x02, 0xFC, 0x00, 0x2F, 0xC0, 0xBF, 0x00, 0x0B, 0xF0, 0x1F, 0xD0,
    0x03, 0xFC, 0x03, 0xF8, 0x00, 0xFE, 0x00, 0xBF, 0x40, 0xFF, 0x00, 0x0B, 0xFF, 0xFF, 0x40, 0x00,
    0x7F, 0xFF, 0x00, 0x00, 0x00, 0x54, 0x00, 0x00, 0x00, 0x00, 0x00, 0x00, 0x00, 0x01, 0x00, 0x00,
    0x00, 0x07, 0xF0, 0x00, 0x00, 0x02, 0xFC, 0x00, 0x00, 0x00, 0x7F, 0x00, 0x00, 0x00, 0x0A, 0x40,
    0x00, 0x00, 0x6A, 0xAA, 0x40, 0x1A, 0xAA, 0xAF, 0xFF, 0xE0, 0x0B, 0xFF, 0xF1, 0xFF, 0x90, 0x00,
    0x7F, 0xD4, 0x1F, 0xD0, 0x00, 0x0B, 0xE0, 0x07, 0xF4, 0x00, 0x01, 0xF8, 0x01, 0xFD, 0x00, 0x00,
    0x7E, 0x00, 0x7F, 0x40, 0x00, 0x1F, 0x80, 0x1F, 0xD0, 0x00, 0x07, 0xE0, 0x07, 0xF4, 0x00, 0x01,
    0xF8, 0x01, 0xFD, 0x00, 0x00, 0x7E, 0x00, 0x7F, 0x40, 0x00, 0x1F, 0x80, 0x1F, 0xD0, 0x00, 0x07,
    0xE0, 0x07, 0xF4, 0x00, 0x01, 0xF8, 0x01, 0xFD, 0x00, 0x00, 0x7E, 0x00, 0x7F, 0x40, 0x00, 0x1F,
    0x40, 0x0F, 0xE0, 0x00, 0x0B, 0xD0, 0x03, 0xFC, 0x00, 0x03, 0xF0, 0x00, 0x7F, 0x80, 0x02, 0xF8,
    0x00, 0x0F, 0xFD, 0x06, 0xFC, 0x00, 0x00, 0xFF, 0xFF, 0xFD, 0x00, 0x00, 0x0B, 0xFF, 0xF8, 0x00,
    0x00, 0x00, 0x05, 0x50, 0x00, 0x00, 0x00, 0x00, 0x00, 0x00, 0x00, 0x00, 0x00, 0x10, 0x00, 0x00,
    0x00, 0x00, 0x3F, 0x00, 0x00, 0x00, 0x00, 0x0F, 0xE0, 0x00, 0x00, 0x00, 0x03, 0xF4, 0x00, 0x00,
    0x00, 0x00, 0x68, 0x00, 0x00, 0x15, 0x50, 0x05, 0x54, 0x03, 0xFF, 0x42, 0xFF, 0xD0, 0x2F, 0xF4,
    0x1B, 0xFD, 0x00, 0x7F, 0x00, 0x1F, 0xC0, 0x07, 0xF0, 0x01, 0xFC, 0x00, 0x7F, 0x00, 0x1F, 0xC0,
    0x07, 0xF0, 0x01, 0xFC, 0x00, 0x7F, 0x00, 0x1F, 0xC0, 0x07, 0xF0, 0x01, 0xFC, 0x00, 0x7F, 0x00,
    0x1F, 0xC0, 0x03, 0xF0, 0x02, 0xFC, 0x00, 0x3F, 0x80, 0x3F, 0xC0, 0x03, 0xFE, 0x5F, 0xFD, 0x00,
    0x1F, 0xFF, 0xDF, 0xFC, 0x00, 0x7F, 0xF4, 0xBF, 0xC0, 0x00, 0x00, 0x00, 0x00, 0x00, 0x00, 0x00,
    0x00, 0x00, 0x00, 0x05, 0x00, 0x00, 0x00, 0x02, 0xF8, 0x00, 0x00, 0x00, 0x3F, 0xC0, 0x00, 0x00,
    0x02, 0xF8, 0x00, 0x00, 0x00, 0x0A, 0x00, 0x00, 0x00, 0x00, 0x15, 0x00, 0x00, 0x00, 0x00, 0x1F,
    0xF0, 0x00, 0x00, 0x00, 0x00, 0x3C, 0x00, 0x00, 0x00, 0x00, 0x3D, 0x00, 0x00, 0x00, 0x00, 0x3D,
    0x00, 0x00, 0x00, 0x00, 0x01, 0x00, 0x00, 0x06, 0xAA, 0xA4, 0x01, 0xAA, 0xAA, 0xFF, 0xFE, 0x00,
    0xBF, 0xFF, 0x1F, 0xF9, 0x00, 0x07, 0xFD, 0x41, 0xFD, 0x00, 0x00, 0xBE, 0x00, 0x7F, 0x40, 0x00,
    0x1F, 0x80, 0x1F, 0xD0, 0x00, 0x07, 0xE0, 0x07, 0xF4, 0x00, 0x01, 0xF8, 0x01, 0xFD, 0x00, 0x00,
    0x7E, 0x00, 0x7F, 0x40, 0x00, 0x1F, 0x80, 0x1F, 0xD0, 0x00, 0x07, 0xE0, 0x07, 0xF4, 0x00, 0x01,
    0xF8, 0x01, 0xFD, 0x00, 0x00, 0x7E, 0x00, 0x7F, 0x40, 0x00, 0x1F, 0x80, 0x1F, 0xD0, 0x00, 0x07,
    0xE0, 0x07, 0xF4, 0x00, 0x01, 0xF4, 0x00, 0xFE, 0x00, 0x00, 0xBD, 0x00, 0x3F, 0xC0, 0x00, 0x3F,
    0x00, 0x07, 0xF8, 0x00, 0x2F, 0x80, 0x00, 0xFF, 0xD0, 0x6F, 0xC0, 0x00, 0x0F, 0xFF, 0xFF, 0xD0,
    0x00, 0x00, 0xBF, 0xFF, 0x80, 0x00, 0x00, 0x00, 0x55, 0x00, 0x00, 0x00, 0x0B, 0xD0, 0x00, 0x00,
    0x00, 0xFF, 0x40, 0x00, 0x00, 0x00, 0xB8, 0x00, 0x00, 0x00, 0x2F, 0x00, 0x00, 0x00, 0x07, 0x80,
    0x00, 0x00, 0x00, 0x24, 0x00, 0x00, 0x00, 0x00, 0x00, 0x00, 0x01, 0x55, 0x00, 0x55, 0x40, 0x3F,
    0xF4, 0x2F, 0xFD, 0x02, 0xFF, 0x41, 0xBF, 0xD0, 0x07, 0xF0, 0x01, 0xFC, 0x00, 0x7F, 0x00, 0x1F,
    0xC0, 0x07, 0xF0, 0x01, 0xFC, 0x00, 0x7F, 0x00, 0x1F, 0xC0, 0x07, 0xF0, 0x01, 0xFC, 0x00, 0x7F,
    0x00, 0x1F, 0xC0, 0x07, 0xF0, 0x01, 0xFC, 0x00, 0x3F, 0x00, 0x2F, 0xC0, 0x03, 0xF8, 0x03, 0xFC,
    0x00, 0x3F, 0xE5, 0xFF, 0xD0, 0x01, 0xFF, 0xFD, 0xFF, 0xC0, 0x07, 0xFF, 0x4B, 0xFC, 0x00, 0x00,
    0x00, 0x00, 0x00, 0x00, 0x00, 0x00, 0x00, 0x00, 0x00, 0x00, 0x00, 0x00, 0x1C, 0x00, 0x00, 0x00,
    0x00, 0x07, 0xF4, 0x06, 0x40, 0x00, 0x02, 0xFF, 0x40, 0x7E, 0x00, 0x00, 0x2F, 0x80, 0x00, 0xFC,
    0x00, 0x00, 0x00, 0x00, 0x03, 0xF2, 0xAA, 0xA8, 0x00, 0xA9, 0x6F, 0x5F, 0xFF, 0xF0, 0x07, 0xFF,
    0xF4, 0x1B, 0xFE, 0x40, 0x06, 0xFD, 0x00, 0x0F, 0xF0, 0x00, 0x03, 0xF4, 0x00, 0x3F, 0xC0, 0x00,
    0x0F, 0xC0, 0x00, 0xFF, 0x00, 0x00, 0x3F, 0x00, 0x03, 0xFC, 0x00, 0x00, 0xFC, 0x00, 0x0F, 0xF0,
    0x00, 0x03, 0xF0, 0x00, 0x3F, 0xC0, 0x00, 0x0F, 0xC0, 0x00, 0xFF, 0x00, 0x00, 0x3F, 0x00, 0x03,
    0xFC, 0x00, 0x00, 0xFC, 0x00, 0x0F, 0xF0, 0x00, 0x03, 0xF0, 0x00, 0x3F, 0xC0, 0x00, 0x0F, 0xC0,
    0x00, 0xFF, 0x00, 0x00, 0x3F, 0x00, 0x03, 0xFC, 0x00, 0x00, 0xFC, 0x00, 0x0F, 0xF0, 0x00, 0x07,
    0xF0, 0x00, 0x2F, 0xE0, 0x00, 0x2F, 0x80, 0x00, 0x3F, 0xD0, 0x01, 0xFC, 0x00, 0x00, 0xBF, 0xE5,
    0x6F, 0xE0, 0x00, 0x00, 0xBF, 0xFF, 0xFE, 0x00, 0x00, 0x00, 0x7F, 0xFF, 0xD0, 0x00, 0x00, 0x00,
    0x05, 0x50, 0x00, 0x00, 0x00, 0x00, 0x08, 0x00, 0x00, 0x00, 0x00, 0xFC, 0x00, 0x00, 0x00, 0x0B,
    0xD0, 0x00, 0x00, 0x00, 0xBC, 0x00, 0x18, 0x00, 0x0B, 0xC0, 0x02, 0xF0, 0x00, 0x28, 0x00, 0x07,
    0xD0, 0x00, 0x00, 0x00, 0x1F, 0x45, 0x54, 0x01, 0x5A, 0xFC, 0x3F, 0xF4, 0x2F, 0xFF, 0x80, 0xBF,
    0xD0, 0x6F, 0xF4, 0x00, 0x7F, 0x00, 0x1F, 0xC0, 0x01, 0xFC, 0x00, 0x7F, 0x00, 0x07, 0xF0, 0x01,
    0xFC, 0x00, 0x1F, 0xC0, 0x07, 0xF0, 0x00, 0x7F, 0x00, 0x1F, 0xC0, 0x01, 0xFC, 0x00, 0x7F, 0x00,
    0x07, 0xF0, 0x01, 0xFC, 0x00, 0x0F, 0xC0, 0x0B, 0xF0, 0x00, 0x3F, 0x80, 0x3F, 0xC0, 0x00, 0xFF,
    0x97, 0xFF, 0x40, 0x01, 0xFF, 0xFD, 0xFF, 0xC0, 0x01, 0xFF, 0xD2, 0xFF, 0x00, 0x00, 0x00, 0x00,
    0x00, 0x00, 0x00, 0x00, 0x00, 0x00, 0x00, 0x00, 0x00, 0x00, 0xD0, 0x00, 0x00, 0x00, 0x00, 0x0B,
    0xF4, 0x00, 0x06, 0x40, 0x00, 0x0B, 0xFD, 0x00, 0x7E, 0x00, 0x00, 0x00, 0xBE, 0x00, 0xFC, 0x00,
    0x00, 0x00, 0x10, 0x03, 0xF2, 0xAA, 0xA8, 0x00, 0xA9, 0x6F, 0x5F, 0xFF, 0xF0, 0x07, 0xFF, 0xF4,
    0x1B, 0xFE, 0x40, 0x06, 0xFD, 0x00, 0x0F, 0xF0, 0x00, 0x03, 0xF4, 0x00, 0x3F, 0xC0, 0x00, 0x0F,
    0xC0, 0x00, 0xFF, 0x00, 0x00, 0x3F, 0x00, 0x03, 0xFC, 0x00, 0x00, 0xFC, 0x00, 0x0F, 0xF0, 0x00,
    0x03, 0xF0, 0x00, 0x3F, 0xC0, 0x00, 0x0F, 0xC0, 0x00, 0xFF, 0x00, 0x00, 0x3F, 0x00, 0x03, 0xFC,
    0x00, 0x00, 0xFC, 0x00, 0x0F, 0xF0, 0x00, 0x03, 0xF0, 0x00, 0x3F, 0xC0, 0x00, 0x0F, 0xC0, 0x00,
    0xFF, 0x00, 0x00, 0x3F, 0x00, 0x03, 0xFC, 0x00, 0x00, 0xFC, 0x00, 0x0F, 0xF0, 0x00, 0x07, 0xF0,
    0x00, 0x2F, 0xE0, 0x00, 0x2F, 0x80, 0x00, 0x3F, 0xD0, 0x01, 0xFC, 0x00, 0x00, 0xBF, 0xE5, 0x6F,
    0xE0, 0x00, 0x00, 0xBF, 0xFF, 0xFE, 0x00, 0x00, 0x00, 0x7F, 0xFF, 0xD0, 0x00, 0x00, 0x00, 0x05,
    0x50, 0x00, 0x00, 0x00, 0x08, 0x00, 0x00, 0x00, 0x00, 0xFC, 0x00, 0x00, 0x00, 0x00, 0xFC, 0x00,
    0x00, 0x00, 0x00, 0xFC, 0x00, 0x18, 0x00, 0x00, 0xBC, 0x02, 0xF0, 0x00, 0x00, 0xB0, 0x07, 0xD0,
    0x00, 0x00, 0x00, 0x1F, 0x45, 0x54, 0x01, 0x5A, 0xFC, 0x3F, 0xF4, 0x2F, 0xFF, 0x80, 0xBF, 0xD0,
    0x6F, 0xF4, 0x00, 0x7F, 0x00, 0x1F, 0xC0, 0x01, 0xFC, 0x00, 0x7F, 0x00, 0x07, 0xF0, 0x01, 0xFC,
    0x00, 0x1F, 0xC0, 0x07, 0xF0, 0x00, 0x7F, 0x00, 0x1F, 0xC0, 0x01, 0xFC, 0x00, 0x7F, 0x00, 0x07,
    0xF0, 0x01, 0xFC, 0x00, 0x0F, 0xC0, 0x0B, 0xF0, 0x00, 0x3F, 0x80, 0x3F, 0xC0, 0x00, 0xFF, 0x97,
    0xFF, 0x40, 0x01, 0xFF, 0xFD, 0xFF, 0xC0, 0x01, 0xFF, 0xD2, 0xFF, 0x00, 0x00, 0x00, 0x00, 0x00,
    0x00, 0x00, 0x00, 0x01, 0x40, 0x00, 0x00, 0x00, 0x00, 0x3F, 0xD0, 0x00, 0x00, 0x00, 0x00, 0x0B,
    0x80, 0x06, 0x40, 0x00, 0x00, 0xBC, 0x00, 0x7E, 0x00, 0x00, 0x07, 0xC0, 0x00, 0xFC, 0x00, 0x00,
    0x05, 0x00, 0x03, 0xF2, 0xAA, 0xA8, 0x00, 0xA9, 0x6F, 0x5F, 0xFF, 0xF0, 0x07, 0xFF, 0xF4, 0x1B,
    0xFE, 0x40, 0x06, 0xFD, 0x00, 0x0F, 0xF0, 0x00, 0x03, 0xF4, 0x00, 0x3F, 0xC0, 0x00, 0x0F, 0xC0,
    0x00, 0xFF, 0x00, 0x00, 0x3F, 0x00, 0x03, 0xFC, 0x00, 0x00, 0xFC, 0x00, 0x0F, 0xF0, 0x00, 0x03,
    0xF0, 0x00, 0x3F, 0xC0, 0x00, 0x0F, 0xC0, 0x00, 0xFF, 0x00, 0x00, 0x3F, 0x00, 0x03, 0xFC, 0x00,
    0x00, 0xFC, 0x00, 0x0F, 0xF0, 0x00, 0x03, 0xF0, 0x00, 0x3F, 0xC0, 0x00, 0x0F, 0xC0, 0x00, 0xFF,
    0x00, 0x00, 0x3F, 0x00, 0x03, 0xFC, 0x00, 0x00, 0xFC, 0x00, 0x0F, 0xF0, 0x00, 0x07, 0xF0, 0x00,
    0x2F, 0xE0, 0x00, 0x2F, 0x80, 0x00, 0x3F, 0xD0, 0x01, 0xFC, 0x00, 0x00, 0xBF, 0xE5, 0x6F, 0xE0,
    0x00, 0x00, 0xBF, 0xFF, 0xFE, 0x00, 0x00, 0x00, 0x7F, 0xFF, 0xD0, 0x00, 0x00, 0x00, 0x05, 0x50,
    0x00, 0x00, 0x00, 0x06, 0xE0, 0x00, 0x00, 0x00, 0x1F, 0xF0, 0x00, 0x00, 0x00, 0x03, 0xC0, 0x00,
    0x00, 0x00, 0x7E, 0x00, 0x18, 0x00, 0x03, 0xC0, 0x02, 0xF0, 0x00, 0x0A, 0x00, 0x07, 0xD0, 0x00,
    0x00, 0x00, 0x1F, 0x45, 0x54, 0x01, 0x5A, 0xFC, 0x3F, 0xF4, 0x2F, 0xFF, 0x80, 0xBF, 0xD0, 0x6F,
    0xF4, 0x00, 0x7F, 0x00, 0x1F, 0xC0, 0x01, 0xFC, 0x00, 0x7F, 0x00, 0x07, 0xF0, 0x01, 0xFC, 0x00,
    0x1F, 0xC0, 0x07, 0xF0, 0x00, 0x7F, 0x00, 0x1F, 0xC0, 0x01, 0xFC, 0x00, 0x7F, 0x00, 0x07, 0xF0,
    0x01, 0xFC, 0x00, 0x0F, 0xC0, 0x0B, 0xF0, 0x00, 0x3F, 0x80, 0x3F, 0xC0, 0x00, 0xFF, 0x97, 0xFF,
    0x40, 0x01, 0xFF, 0xFD, 0xFF, 0xC0, 0x01, 0xFF, 0xD2, 0xFF, 0x00, 0x00, 0x00, 0x00, 0x00, 0x00,
    0x00, 0x00, 0x00, 0x00, 0x00, 0x00, 0x00, 0x01, 0xF9, 0x07, 0x01, 0x90, 0x00, 0x0F, 0xFF, 0xFC,
    0x1F, 0x80, 0x00, 0xB5, 0xBF, 0xC0, 0x3F, 0x00, 0x00, 0x40, 0x04, 0x00, 0xFC, 0xAA, 0xAA, 0x00,
    0x2A, 0x5B, 0xD7, 0xFF, 0xFC, 0x01, 0xFF, 0xFD, 0x06, 0xFF, 0x90, 0x01, 0xBF, 0x40, 0x03, 0xFC,
    0x00, 0x00, 0xFD, 0x00, 0x0F, 0xF0, 0x00, 0x03, 0xF0, 0x00, 0x3F, 0xC0, 0x00, 0x0F, 0xC0, 0x00,
    0xFF, 0x00, 0x00, 0x3F, 0x00, 0x03, 0xFC, 0x00, 0x00, 0xFC, 0x00, 0x0F, 0xF0, 0x00, 0x03, 0xF0,
    0x00, 0x3F, 0xC0, 0x00, 0x0F, 0xC0, 0x00, 0xFF, 0x00, 0x00, 0x3F, 0x00, 0x03, 0xFC, 0x00, 0x00,
    0xFC, 0x00, 0x0F, 0xF0, 0x00, 0x03, 0xF0, 0x00, 0x3F, 0xC0, 0x00, 0x0F, 0xC0, 0x00, 0xFF, 0x00,
    0x00, 0x3F, 0x00, 0x03, 0xFC, 0x00, 0x01, 0xFC, 0x00, 0x0B, 0xF8, 0x00, 0x0B, 0xE0, 0x00, 0x0F,
    0xF4, 0x00, 0x7F, 0x00, 0x00, 0x2F, 0xF9, 0x5B, 0xF8, 0x00, 0x00, 0x2F, 0xFF, 0xFF, 0x80, 0x00,
    0x00, 0x1F, 0xFF, 0xF4, 0x00, 0x00, 0x00, 0x01, 0x54, 0x00, 0x00, 0x00, 0x00, 0x00, 0x00, 0x00,
    0x00, 0x00, 0xBD, 0x07, 0x00, 0x00, 0x0B, 0xFF, 0xFC, 0x06, 0x00, 0x3D, 0x7F, 0xD0, 0xBC, 0x00,
    0x40, 0x05, 0x01, 0xF4, 0x00, 0x00, 0x00, 0x07, 0xD1, 0x55, 0x00, 0x56, 0xBF, 0x0F, 0xFD, 0x0B,
    0xFF, 0xE0, 0x2F, 0xF4, 0x1B, 0xFD, 0x00, 0x1F, 0xC0, 0x07, 0xF0, 0x00, 0x7F, 0x00, 0x1F, 0xC0,
    0x01, 0xFC, 0x00, 0x7F, 0x00, 0x07, 0xF0, 0x01, 0xFC, 0x00, 0x1F, 0xC0, 0x07, 0xF0, 0x00, 0x7F,
    0x00, 0x1F, 0xC0, 0x01, 0xFC, 0x00, 0x7F, 0x00, 0x03, 0xF0, 0x02, 0xFC, 0x00, 0x0F, 0xE0, 0x0F,
    0xF0, 0x00, 0x3F, 0xE5, 0xFF, 0xD0, 0x00, 0x7F, 0xFF, 0x7F, 0xF0, 0x00, 0x7F, 0xF4, 0xBF, 0xC0,
    0x00, 0x00, 0x00, 0x00, 0x00, 0x00, 0x00, 0x00, 0x00, 0x00, 0x64, 0x00, 0x00, 0x00, 0x00, 0x07,
    0xE0, 0x00, 0x00, 0x00, 0x00, 0x0F, 0xC0, 0x00, 0x00, 0x00, 0x00, 0x3F, 0x2A, 0xAA, 0x80, 0x0A,
    0x96, 0xF5, 0xFF, 0xFF, 0x00, 0x7F, 0xFF, 0x41, 0xBF, 0xE4, 0x00, 0x6F, 0xD0, 0x00, 0xFF, 0x00,
    0x00, 0x3F, 0x40, 0x03, 0xFC, 0x00, 0x00, 0xFC, 0x00, 0x0F, 0xF0, 0x00, 0x03, 0xF0, 0x00, 0x3F,
    0xC0, 0x00, 0x0F, 0xC0, 0x00, 0xFF, 0x00, 0x00, 0x3F, 0x00, 0x03, 0xFC, 0x00, 0x00, 0xFC, 0x00,
    0x0F, 0xF0, 0x00, 0x03, 0xF0, 0x00, 0x3F, 0xC0, 0x00, 0x0F, 0xC0, 0x00, 0xFF, 0x00, 0x00, 0x3F,
    0x00, 0x03, 0xFC, 0x00, 0x00, 0xFC, 0x00, 0x0F, 0xF0, 0x00, 0x03, 0xF0, 0x00, 0x3F, 0xC0, 0x00,
    0x0F, 0xC0, 0x00, 0xFF, 0x00, 0x00, 0x7F, 0x00, 0x02, 0xFE, 0x00, 0x02, 0xF8, 0x00, 0x03, 0xFD,
    0x00, 0x1F, 0xC0, 0x00, 0x0B, 0xFE, 0x56, 0xFE, 0x00, 0x00, 0x0B, 0xFF, 0xFF, 0xE0, 0x00, 0x00,
    0x07, 0xFF, 0xFD, 0x00, 0x00, 0x00, 0x00, 0x55, 0x00, 0x00, 0x00, 0x00, 0x00, 0x00, 0x00, 0x00,
    0x00, 0x00, 0x01, 0x40, 0x00, 0x00, 0x00, 0x00, 0x1F, 0x80, 0x00, 0x00, 0x00, 0x00, 0xFF, 0x00,
    0x00, 0x00, 0x00, 0x02, 0xFC, 0x00, 0x00, 0x00, 0x00, 0x02, 0x80, 0x00, 0x00, 0x00, 0x00, 0x00,
    0x00, 0x60, 0x00, 0x00, 0x00, 0x0B, 0xC0, 0x00, 0x00, 0x00, 0x1F, 0x40, 0x00, 0x00, 0x00, 0x7D,
    0x15, 0x50, 0x05, 0x6B, 0xF0, 0xFF, 0xD0, 0xBF, 0xFE, 0x02, 0xFF, 0x41, 0xBF, 0xD0, 0x01, 0xFC,
    0x00, 0x7F, 0x00, 0x07, 0xF0, 0x01, 0xFC, 0x00, 0x1F, 0xC0, 0x07, 0xF0, 0x00, 0x7F, 0x00, 0x1F,
    0xC0, 0x01, 0xFC, 0x00, 0x7F, 0x00, 0x07, 0xF0, 0x01, 0xFC, 0x00, 0x1F, 0xC0, 0x07, 0xF0, 0x00,
    0x3F, 0x00, 0x2F, 0xC0, 0x00, 0xFE, 0x00, 0xFF, 0x00, 0x03, 0xFE, 0x5F, 0xFD, 0x00, 0x07, 0xFF,
    0xF7, 0xFF, 0x00, 0x07, 0xFF, 0x4B, 0xFC, 0x00, 0x00, 0x00, 0x00, 0x00, 0x00, 0x00, 0x00, 0x00,
    0x00, 0x00, 0x01, 0x00, 0x00, 0x00, 0x00, 0x3F, 0x00, 0x00, 0x00, 0x00, 0xFD, 0x00, 0x00, 0x00,
    0x03, 0xF4, 0x00, 0x00, 0x00, 0x06, 0x80, 0x00, 0x00, 0x00, 0x00, 0x00, 0x00, 0x00, 0x00, 0x07,
    0x40, 0x00, 0x00, 0x00, 0x0F, 0xF4, 0x00, 0x00, 0x00, 0x02, 0xFF, 0x40, 0x00, 0x00, 0x00, 0x1B,
    0xD0, 0x00, 0x00, 0x00, 0x00, 0x40, 0x00, 0x6A, 0xAA, 0x40, 0x6A, 0xA9, 0xBF, 0xFF, 0x40, 0xBF,
    0xFE, 0x1F, 0xFD, 0x00, 0x1F, 0xF4, 0x03, 0xFC, 0x00, 0x0F, 0xC0, 0x01, 0xFD, 0x00, 0x1F, 0x40,
    0x00, 0xFF, 0x00, 0x3F, 0x00, 0x00, 0x7F, 0x40, 0x7D, 0x00, 0x00, 0x3F, 0xC0, 0xFC, 0x00, 0x00,
    0x1F, 0xD1, 0xF4, 0x00, 0x00, 0x0F, 0xF3, 0xF0, 0x00, 0x00, 0x07, 0xFF, 0xD0, 0x00, 0x00, 0x02,
    0xFF, 0xC0, 0x00, 0x00, 0x00, 0xFF, 0x40, 0x00, 0x00, 0x00, 0xBF, 0x00, 0x00, 0x00, 0x00, 0xBF,
    0x00, 0x00, 0x00, 0x00, 0xBF, 0x00, 0x00, 0x00, 0x00, 0xBF, 0x00, 0x00, 0x00, 0x00, 0xBF, 0x00,
    0x00, 0x00, 0x00, 0xFF, 0x00, 0x00, 0x00, 0x0B, 0xFF, 0xF4, 0x00, 0x00, 0x0F, 0xFF, 0xF4, 0x00,
    0x00, 0x00, 0x00, 0x00, 0x00, 0x00, 0x05, 0x00, 0x00, 0x00, 0x07, 0xD0, 0x00, 0x00, 0x00, 0xBD,
    0x00, 0x00, 0x00, 0x0B, 0xD0, 0x00, 0x00, 0x00, 0x7D, 0x00, 0x00, 0x00, 0x03, 0x40, 0x00, 0x00,
    0x00, 0x00, 0x00, 0x55, 0x54, 0x15, 0x54, 0x7F, 0xFF, 0x0F, 0xFF, 0x8B, 0xFE, 0x41, 0xBF, 0x90,
    0x3F, 0x40, 0x1F, 0x80, 0x0F, 0xE0, 0x0F, 0xD0, 0x01, 0xFC, 0x03, 0xF0, 0x00, 0x3F, 0x41, 0xF4,
    0x00, 0x0B, 0xF0, 0xFC, 0x00, 0x00, 0xFC, 0x3E, 0x00, 0x00, 0x3F, 0x9F, 0x40, 0x00, 0x07, 0xFB,
    0xC0, 0x00, 0x00, 0xFF, 0xE0, 0x00, 0x00, 0x2F, 0xF0, 0x00, 0x00, 0x03, 0xFC, 0x00, 0x00, 0x00,
    0xFD, 0x00, 0x00, 0x00, 0x2F, 0x00, 0x00, 0x00, 0x0F, 0x80, 0x00, 0x00, 0x07, 0xD0, 0x00, 0x00,
    0x03, 0xF0, 0x00, 0x00, 0x01, 0xF8, 0x00, 0x00, 0x00, 0xFC, 0x00, 0x00, 0x00, 0x2F, 0x00, 0x00,
    0x00, 0x00, 0x00, 0x00, 0x00, 0x6A, 0xAA, 0x40, 0x6A, 0xA9, 0xBF, 0xFF, 0x40, 0xBF, 0xFE, 0x1F,
    0xFD, 0x00, 0x1F, 0xF4, 0x03, 0xFC, 0x00, 0x0F, 0xC0, 0x01, 0xFD, 0x00, 0x1F, 0x40, 0x00, 0xFF,
    0x00, 0x3F, 0x00, 0x00, 0x7F, 0x40, 0x7D, 0x00, 0x00, 0x3F, 0xC0, 0xFC, 0x00, 0x00, 0x1F, 0xD1,
    0xF4, 0x00, 0x00, 0x0F, 0xF3, 0xF0, 0x00, 0x00, 0x07, 0xFF, 0xD0, 0x00, 0x00, 0x02, 0xFF, 0xC0,
    0x00, 0x00, 0x00, 0xFF, 0x40, 0x00, 0x00, 0x00, 0xBF, 0x00, 0x00, 0x00, 0x00, 0xBF, 0x00, 0x00,
    0x00, 0x00, 0xBF, 0x00, 0x00, 0x00, 0x00, 0xBF, 0x00, 0x00, 0x00, 0x00, 0xBF, 0x00, 0x00, 0x00,
    0x00, 0xFF, 0x00, 0x00, 0x00, 0x0B, 0xFF, 0xF4, 0x00, 0x00, 0x0F, 0xFF, 0xF4, 0x00, 0x00, 0x00,
    0x00, 0x00, 0x00, 0x00, 0x00, 0x00, 0x00, 0x00, 0x00, 0x00, 0x14, 0x00, 0x00, 0x00, 0x00, 0xBD,
    0x00, 0x00, 0x00, 0x00, 0xFF, 0x00, 0x00, 0x00, 0x00, 0xFE, 0x00, 0x00, 0x00, 0x00, 0x28, 0x00,
    0x00, 0x15, 0x55, 0x05, 0x55, 0x1F, 0xFF, 0xC3, 0xFF, 0xE2, 0xFF, 0x90, 0x6F, 0xE4, 0x0F, 0xD0,
    0x07, 0xE0, 0x03, 0xF8, 0x03, 0xF4, 0x00, 0x7F, 0x00, 0xFC, 0x00, 0x0F, 0xD0, 0x7D, 0x00, 0x02,
    0xFC, 0x3F, 0x00, 0x00, 0x3F, 0x0F, 0x80, 0x00, 0x0F, 0xE7, 0xD0, 0x00, 0x01, 0xFE, 0xF0, 0x00,
    0x00, 0x3F, 0xF8, 0x00, 0x00, 0x0B, 0xFC, 0x00, 0x00, 0x00, 0xFF, 0x00, 0x00, 0x00, 0x3F, 0x40,
    0x00, 0x00, 0x0B, 0xC0, 0x00, 0x00, 0x03, 0xE0, 0x00, 0x00, 0x01, 0xF4, 0x10, 0x00, 0x00, 0xFC,
    0x7F, 0x00, 0x00, 0x7E, 0x2F, 0xC0, 0x00, 0x3F, 0x07, 0xF0, 0x00, 0x0B, 0xC0, 0xA4, 0x00, 0x00,
    0x00, 0x00, 0x00, 0x00, 0x00, 0x54, 0x00, 0x00, 0x00, 0x00, 0xFF, 0x40, 0x00, 0x00, 0x00, 0x0F,
    0x40, 0x00, 0x00, 0x00, 0x2E, 0x00, 0x00, 0x00, 0x00, 0x7C, 0x00, 0x00, 0x00, 0x00, 0x14, 0x00,
    0x00, 0x6A, 0xAA, 0x40, 0x6A, 0xA9, 0xBF, 0xFF, 0x40, 0xBF, 0xFE, 0x1F, 0xFD, 0x00, 0x1F, 0xF4,
    0x03, 0xFC, 0x00, 0x0F, 0xC0, 0x01, 0xFD, 0x00, 0x1F, 0x40, 0x00, 0xFF, 0x00, 0x3F, 0x00, 0x00,
    0x7F, 0x40, 0x7D, 0x00, 0x00, 0x3F, 0xC0, 0xFC, 0x00, 0x00, 0x1F, 0xD1, 0xF4, 0x00, 0x00, 0x0F,
    0xF3, 0xF0, 0x00, 0x00, 0x07, 0xFF, 0xD0, 0x00, 0x00, 0x02, 0xFF, 0xC0, 0x00, 0x00, 0x00, 0xFF,
    0x40, 0x00, 0x00, 0x00, 0xBF, 0x00, 0x00, 0x00, 0x00, 0xBF, 0x00, 0x00, 0x00, 0x00, 0xBF, 0x00,
    0x00, 0x00, 0x00, 0xBF, 0x00, 0x00, 0x00, 0x00, 0xBF, 0x00, 0x00, 0x00, 0x00, 0xFF, 0x00, 0x00,
    0x00, 0x0B, 0xFF, 0xF4, 0x00, 0x00, 0x0F, 0xFF, 0xF4, 0x00, 0x00, 0x00, 0x00, 0x00, 0x00, 0x00,
    0x06, 0xE0, 0x00, 0x00, 0x01, 0xFF, 0x00, 0x00, 0x00, 0x03, 0xC0, 0x00, 0x00, 0x07, 0xE0, 0x00,
    0x00, 0x03, 0xC0, 0x00, 0x00, 0x00, 0xA0, 0x00, 0x00, 0x00, 0x00, 0x00, 0x00, 0x55, 0x54, 0x15,
    0x54, 0x7F, 0xFF, 0x0F, 0xFF, 0x8B, 0xFE, 0x41, 0xBF, 0x90, 0x3F, 0x40, 0x1F, 0x80, 0x0F, 0xE0,
    0x0F, 0xD0, 0x01, 0xFC, 0x03, 0xF0, 0x00, 0x3F, 0x41, 0xF4, 0x00, 0x0B, 0xF0, 0xFC, 0x00, 0x00,
    0xFC, 0x3E, 0x00, 0x00, 0x3F, 0x9F, 0x40, 0x00, 0x07, 0xFB, 0xC0, 0x00, 0x00, 0xFF, 0xE0, 0x00,
    0x00, 0x2F, 0xF0, 0x00, 0x00, 0x03, 0xFC, 0x00, 0x00, 0x00, 0xFD, 0x00, 0x00, 0x00, 0x2F, 0x00,
    0x00, 0x00, 0x0F, 0x80, 0x00, 0x00, 0x07, 0xD0, 0x00, 0x00, 0x03, 0xF0, 0x00, 0x00, 0x01, 0xF8,
    0x00, 0x00, 0x00, 0xFC, 0x00, 0x00, 0x00, 0x2F, 0x00, 0x00, 0x00, 0x00, 0x00, 0x00, 0x00, 0x00,
    0x00, 0x00, 0x00, 0x00, 0x00, 0x07, 0xE4, 0x1C, 0x00, 0x00, 0x0F, 0xFF, 0xFC, 0x00, 0x00, 0x2D,
    0x6F, 0xF0, 0x00, 0x00, 0x04, 0x00, 0x40, 0x00, 0x6A, 0xAA, 0x40, 0x6A, 0xA9, 0xBF, 0xFF, 0x40,
    0xBF, 0xFE, 0x1F, 0xFD, 0x00, 0x1F, 0xF4, 0x03, 0xFC, 0x00, 0x0F, 0xC0, 0x01, 0xFD, 0x00, 0x1F,
    0x40, 0x00, 0xFF, 0x00, 0x3F, 0x00, 0x00, 0x7F, 0x40, 0x7D, 0x00, 0x00, 0x3F, 0xC0, 0xFC, 0x00,
    0x00, 0x1F, 0xD1, 0xF4, 0x00, 0x00, 0x0F, 0xF3, 0xF0, 0x00, 0x00, 0x07, 0xFF, 0xD0, 0x00, 0x00,
    0x02, 0xFF, 0xC0, 0x00, 0x00, 0x00, 0xFF, 0x40, 0x00, 0x00, 0x00, 0xBF, 0x00, 0x00, 0x00, 0x00,
    0xBF, 0x00, 0x00, 0x00, 0x00, 0xBF, 0x00, 0x00, 0x00, 0x00, 0xBF, 0x00, 0x00, 0x00, 0x00, 0xBF,
    0x00, 0x00, 0x00, 0x00, 0xFF, 0x00, 0x00, 0x00, 0x0B, 0xFF, 0xF4, 0x00, 0x00, 0x0F, 0xFF, 0xF4,
    0x00, 0x00, 0x00, 0x00, 0x00, 0x00, 0x00, 0x00, 0x00, 0x00, 0x00, 0x0B, 0xD0, 0x34, 0x00, 0x0B,
    0xFF, 0xFC, 0x00, 0x03, 0xD7, 0xFD, 0x00, 0x00, 0x40, 0x05, 0x00, 0x00, 0x00, 0x00, 0x00, 0x01,
    0x55, 0x50, 0x55, 0x51, 0xFF, 0xFC, 0x3F, 0xFE, 0x2F, 0xF9, 0x06, 0xFE, 0x40, 0xFD, 0x00, 0x7E,
    0x00, 0x3F, 0x80, 0x3F, 0x40, 0x07, 0xF0, 0x0F, 0xC0, 0x00, 0xFD, 0x07, 0xD0, 0x00, 0x2F, 0xC3,
    0xF0, 0x00, 0x03, 0xF0, 0xF8, 0x00, 0x00, 0xFE, 0x7D, 0x00, 0x00, 0x1F, 0xEF, 0x00, 0x00, 0x03,
    0xFF, 0x80, 0x00, 0x00, 0xBF, 0xC0, 0x00, 0x00, 0x0F, 0xF0, 0x00, 0x00, 0x03, 0xF4, 0x00, 0x00,
    0x00, 0xBC, 0x00, 0x00, 0x00, 0x3E, 0x00, 0x00, 0x00, 0x1F, 0x40, 0x00, 0x00, 0x0F, 0xC0, 0x00,
    0x00, 0x07, 0xE0, 0x00, 0x00, 0x03, 0xF0, 0x00, 0x00, 0x00, 0xBC, 0x00, 0x00, 0x00, 0x00, 0x00,
    0x00, 0x00, 0x00, 0xFC, 0xFC, 0xFC, 0xFC, 0xFC, 0xFC, 0xFC, 0xFC, 0xFC, 0xFC, 0xFC, 0xFC, 0xFC,
    0xFC, 0xFC, 0xFC, 0xFC, 0xFC, 0xFC, 0xFC, 0xFC, 0xFC, 0xFC, 0xFC, 0xFC, 0xFC, 0xFC, 0xFC, 0xFC,
    0x00, 0x00, 0x00, 0x0F, 0xFF, 0xD3, 0xFF, 0xF4, 0xFD, 0x54, 0x3F, 0x00, 0x0F, 0xC0, 0x03, 0xF0,
    0x00, 0xFC, 0x00, 0x3F, 0x00, 0x0F, 0xC0, 0x03, 0xF0, 0x00, 0xFC, 0x00, 0x3F, 0x00, 0x0F, 0xC0,
    0x03, 0xF0, 0x00, 0xFC, 0x00, 0x3F, 0x00, 0x0F, 0xC0, 0x03, 0xF0, 0x00, 0xFC, 0x00, 0x3F, 0x00,
    0x0F, 0xC0, 0x03, 0xF0, 0x00, 0xFC, 0x00, 0x3F, 0x00, 0x0F, 0xC0, 0x03, 0xF0, 0x00, 0xFC, 0x00,
    0x3F, 0x00, 0x0F, 0xC0, 0x00, 0x00, 0x00, 0xAA, 0xA4, 0x6A, 0xA8, 0xFF, 0xF8, 0x7F, 0xFC, 0xBF,
    0xF4, 0x7F, 0xFC, 0x00, 0x00, 0x00, 0x03, 0xFF, 0xFF, 0xFF, 0xFF, 0xFF, 0xFF, 0xFF, 0xC5, 0x55,
    0x55, 0x54, 0xAA, 0xAA, 0xAA, 0xAB, 0xFF, 0xFF, 0xFF, 0xFB, 0xFF, 0xFF, 0xFF, 0x80, 0xAA, 0xAA,
    0xAA, 0xAA, 0xAA, 0xAA, 0xAA, 0x9F, 0xFF, 0xFF, 0xFF, 0xFF, 0xFF, 0xFF, 0xFD, 0xBF, 0xFF, 0xFF,
    0xFF, 0xFF, 0xFF, 0xFF, 0xD0, 0xAA, 0xAA, 0xAA, 0xAA, 0xAA, 0xAA, 0xAA, 0x9F, 0xFF, 0xFF, 0xFF,
    0xFF, 0xFF, 0xFF, 0xFD, 0xBF, 0xFF, 0xFF, 0xFF, 0xFF, 0xFF, 0xFF, 0xD0, 0x00, 0x00, 0x78, 0x1F,
    0x03, 0xD0, 0x3C, 0x07, 0xF8, 0x7F, 0xC3, 0xFC, 0x3F, 0xC0, 0xA0, 0x05, 0x03, 0xF8, 0x7F, 0xC7,
    0xFC, 0x3F, 0xC0, 0x7C, 0x07, 0x80, 0xF0, 0x3D, 0x01, 0x00, 0x05, 0x03, 0xF8, 0x7F, 0xC7, 0xFC,
    0x3F, 0xC0, 0x7C, 0x07, 0x80, 0xF0, 0x3D, 0x01, 0x00, 0x00, 0x00, 0x00, 0x07, 0x80, 0x78, 0x1F,
    0x01, 0xF0, 0x3D, 0x03, 0xC0, 0x3C, 0x03, 0xC0, 0x7F, 0x87, 0xF8, 0x7F, 0xC7, 0xFC, 0x7F, 0xC7,
    0xFC, 0x3F, 0xC3, 0xF8, 0x0A, 0x00, 0xA0, 0x05, 0x00, 0x50, 0x3F, 0x83, 0xF8, 0x7F, 0xC7, 0xFC,
    0x7F, 0xC7, 0xFC, 0x3F, 0xC3, 0xFC, 0x07, 0xC0, 0xBC, 0x07, 0x80, 0xB8, 0x0F, 0x00, 0xF0, 0x3D,
    0x03, 0xD0, 0x10, 0x01, 0x00, 0x05, 0x00, 0x50, 0x3F, 0x83, 0xF8, 0x7F, 0xC7, 0xFC, 0x7F, 0xC7,
    0xFC, 0x3F, 0xC3, 0xFC, 0x07, 0xC0, 0xBC, 0x07, 0x80, 0xB8, 0x0F, 0x00, 0xF0, 0x3D, 0x03, 0xD0,
    0x10, 0x01, 0x00, 0x00, 0x00, 0x00, 0x00, 0x1F, 0xC0, 0x00, 0x07, 0xF0, 0x00, 0x01, 0xFC, 0x00,
    0x00, 0x7F, 0x00, 0x00, 0x1F, 0xC0, 0x00, 0x07, 0xF0, 0x00, 0x00, 0xFC, 0x00, 0x00, 0x3F, 0x00,
    0x00, 0x0F, 0xC0, 0x02, 0x5B, 0xF5, 0x52, 0xFF, 0xFF, 0xFD, 0xBF, 0xFF, 0xFF, 0x00, 0x0F, 0xC0,
    0x00, 0x03, 0xF0, 0x00, 0x01, 0xFC, 0x00, 0x00, 0x7F, 0x00, 0x00, 0x1F, 0xC0, 0x00, 0x07, 0xF0,
    0x00, 0x01, 0xFC, 0x00, 0x00, 0x7F, 0x00, 0x00, 0x1F, 0xC0, 0x00, 0x07, 0xF0, 0x00, 0x00, 0x00,
    0x00, 0x00, 0x0F, 0xD0, 0x00, 0x03, 0xF8, 0x00, 0x00, 0xFD, 0x00, 0x00, 0x3F, 0x40, 0x00, 0x0F,
    0xD0, 0x00, 0x03, 0xF4, 0x00, 0x50, 0xFD, 0x04, 0x7F, 0xFF, 0xFF, 0x9F, 0xFF, 0xFF, 0xE0, 0x03,
    0xF0, 0x00, 0x00, 0xFC, 0x00, 0x00, 0x3F, 0x00, 0x0E, 0xAF, 0xEA, 0xA7, 0xFF, 0xFF, 0xF8, 0xAA,
    0xFE, 0xA9, 0x00, 0x3F, 0x40, 0x00, 0x0F, 0xD0, 0x00, 0x03, 0xF4, 0x00, 0x00, 0xFD, 0x00, 0x00,
    0x3F, 0x40, 0x00, 0x0F, 0xD0, 0x00, 0x03, 0xF4, 0x00, 0x00, 0x01, 0xFC, 0x3F, 0xF3, 0xFF, 0x3F,
    0xF2, 0xFD, 0x05, 0x00, 0x00, 0x02, 0xF8, 0x3F, 0xC3, 0xFC, 0x2F, 0x80, 0x50, 0x1F, 0x02, 0xF0,
    0xFF, 0x0F, 0xE3, 0xFC, 0x7F, 0x8F, 0xE0, 0xFD, 0x05, 0x00, 0x50, 0x1F, 0x00, 0x7D, 0x00, 0xF4,
    0x3F, 0xC0, 0xFF, 0x03, 0xFC, 0x3F, 0xC0, 0xFF, 0x03, 0xFC, 0x3F, 0x80, 0xBE, 0x02, 0xFC, 0x05,
    0x00, 0x14, 0x00, 0x50, 0x06, 0xFD, 0x00, 0x00, 0x02, 0x40, 0x00, 0x00, 0x00, 0x00, 0x07, 0xEB,
    0xD0, 0x00, 0x01, 0xF0, 0x00, 0x00, 0x00, 0x00, 0x03, 0xF0, 0xBC, 0x00, 0x00, 0xF4, 0x00, 0x00,
    0x00, 0x00, 0x01, 0xF4, 0x1F, 0x80, 0x00, 0xBC, 0x00, 0x00, 0x00, 0x00, 0x00, 0xBD, 0x03, 0xF0,
    0x00, 0x3D, 0x00, 0x00, 0x00, 0x00, 0x00, 0x3F, 0x00, 0xFC, 0x00, 0x3E, 0x00, 0x00, 0x00, 0x00,
    0x00, 0x0F, 0xC0, 0x3F, 0x00, 0x1F, 0x00, 0x00, 0x00, 0x00, 0x00, 0x02, 0xF0, 0x0F, 0xC0, 0x0F,
    0x80, 0x00, 0x00, 0x00, 0x00, 0x00, 0xBD, 0x07, 0xE0, 0x0B, 0xC0, 0x00, 0x00, 0x00, 0x00, 0x00,
    0x0F, 0x82, 0xF4, 0x03, 0xD0, 0x2F, 0xF8, 0x00, 0x1F, 0xF8, 0x02, 0xF5, 0xFC, 0x02, 0xF0, 0x2F,
    0x9F, 0x80, 0x1F, 0x9F, 0xC0, 0x2F, 0xFC, 0x01, 0xF0, 0x0F, 0x82, 0xF4, 0x0F, 0xC1, 0xF4, 0x00,
    0x50, 0x00, 0xF8, 0x07, 0xD0, 0x7E, 0x07, 0xE0, 0x3E, 0x00, 0x00, 0x00, 0xBC, 0x02, 0xF4, 0x0F,
    0xC2, 0xF4, 0x0F, 0xC0, 0x00, 0x00, 0x3D, 0x00, 0xFD, 0x03, 0xF0, 0xBD, 0x03, 0xF0, 0x00, 0x00,
    0x2F, 0x00, 0x2F, 0x40, 0xFC, 0x2F, 0x40, 0xFC, 0x00, 0x00, 0x1F, 0x00, 0x0B, 0xD0, 0x3F, 0x0B,
    0xD0, 0x3F, 0x00, 0x00, 0x0F, 0x80, 0x01, 0xF4, 0x1F, 0x81, 0xF8, 0x0F, 0x80, 0x00, 0x07, 0xC0,
    0x00, 0x3F, 0x0B, 0xD0, 0x3F, 0x0B, 0xD0, 0x00, 0x03, 0xD0, 0x00, 0x0B, 0xEB, 0xE0, 0x07, 0xE7,
    0xF0, 0x00, 0x02, 0xF0, 0x00, 0x00, 0x7F, 0xE0, 0x00, 0x7F, 0xE0, 0x00, 0x00, 0xB4, 0x00, 0x00,
    0x00, 0x00, 0x00, 0x00, 0x00, 0x00, 0x00, 0x00, 0x00, 0x00, 0x00, 0x00, 0x00, 0x00, 0x00, 0x00,
    0x2E, 0x0B, 0xC3, 0xE0, 0xF8, 0x3D, 0x0F, 0x03, 0xC0, 0xF0, 0x00, 0x00, 0x2E, 0x0E, 0x4B, 0xC3,
    0xD3, 0xE1, 0xF4, 0xF8, 0x7C, 0x3D, 0x1F, 0x0F, 0x0B, 0x83, 0xC2, 0xE0, 0xF0, 0xB4, 0x00, 0x04,
    0x00, 0x00, 0x10, 0x00, 0xE0, 0x0F, 0x00, 0xB8, 0x0B, 0xC0, 0x7E, 0x03, 0xF0, 0x0B, 0xD0, 0x0F,
    0xC0, 0x0F, 0x80, 0x0F, 0x00, 0x1E, 0x00, 0x28, 0x00, 0x00, 0x10, 0x02, 0xD0, 0x03, 0xC0, 0x0B,
    0xC0, 0x0F, 0x80, 0x1F, 0x80, 0x3F, 0x41, 0xFC, 0x0F, 0xC0, 0x7C, 0x03, 0xD0, 0x1E, 0x00, 0x60,
    0x00, 0x00, 0x00, 0x00, 0x00, 0x00, 0x34, 0x00, 0x00, 0x00, 0xBC, 0x00, 0x00, 0x00, 0xF4, 0x00,
    0x00, 0x02, 0xF0, 0x00, 0x00, 0x07, 0xC0, 0x00, 0x00, 0x0F, 0x80, 0x00, 0x00, 0x1F, 0x00, 0x00,
    0x00, 0x3D, 0x00, 0x00, 0x00, 0xBC, 0x00, 0x00, 0x00, 0xF4, 0x00, 0x00, 0x03, 0xE0, 0x00, 0x00,
    0x07, 0xC0, 0x00, 0x00, 0x0F, 0x80, 0x00, 0x00, 0x2F, 0x00, 0x00, 0x00, 0x3D, 0x00, 0x00, 0x00,
    0xBC, 0x00, 0x00, 0x01, 0xF0, 0x00, 0x00, 0x03, 0xE0, 0x00, 0x00, 0x07, 0xC0, 0x00, 0x00, 0x0F,
    0x40, 0x00, 0x00, 0x2F, 0x00, 0x00, 0x00, 0x2D, 0x00, 0x00, 0x00, 0x00, 0x00, 0x00, 0x00, 0x00,
    0x07, 0x4B, 0x00, 0x00, 0x07, 0x4B, 0x00, 0x00, 0x07, 0x4B, 0x00, 0x00, 0x07, 0x0B, 0x00, 0x00,
    0x0B, 0xFF, 0x50, 0x00, 0xBF, 0xFF, 0xFC, 0x03, 0xFE, 0x56, 0xF8, 0x0F, 0xF4, 0x00, 0xB8, 0x2F,
    0xE0, 0x00, 0x78, 0x3F, 0xC0, 0x00, 0x24, 0x7F, 0xC0, 0x00, 0x00, 0xBF, 0x80, 0x00, 0x00, 0xBF,
    0x80, 0x00, 0x00, 0xBF, 0x40, 0x00, 0x00, 0xBF, 0x40, 0x00, 0x00, 0xBF, 0x80, 0x00, 0x00, 0x7F,
    0x80, 0x00, 0x00, 0x3F, 0xC0, 0x00, 0x00, 0x3F, 0xD0, 0x00, 0x3C, 0x1F, 0xF0, 0x00, 0x3C, 0x0B,
    0xFC, 0x00, 0x7C, 0x02, 0xFF, 0xFF, 0xFC, 0x00, 0x7F, 0xFF, 0xF8, 0x00, 0x0E, 0x6D, 0x00, 0x00,
    0x0D, 0x2C, 0x00, 0x00, 0x1D, 0x2C, 0x00, 0x00, 0x1D, 0x2C, 0x00, 0x00, 0x04, 0x14, 0x00, 0x05,
    0x55, 0x55, 0x54, 0x2F, 0xFF, 0xFF, 0xFC, 0x1B, 0xFF, 0xFF, 0xFC, 0x03, 0xFC, 0x00, 0x3C, 0x02,
    0xFC, 0x00, 0x2C, 0x02, 0xFC, 0x00, 0x00, 0x02, 0xFC, 0x00, 0x00, 0x02, 0xFC, 0x01, 0x40, 0x02,
    0xFC, 0x03, 0xC0, 0x02, 0xFF, 0xAF, 0xC0, 0x02, 0xFF, 0xFF, 0xC0, 0x02, 0xFD, 0x57, 0xC0, 0x02,
    0xFC, 0x02, 0x80, 0x02, 0xFC, 0x00, 0x00, 0xBF, 0xFF, 0xF4, 0x00, 0xAB, 0xFD, 0x50, 0x00, 0x02,
    0xFC, 0x00, 0x00, 0x02, 0xFC, 0x00, 0x00, 0x2F, 0xFF, 0xF0, 0x00, 0x3F, 0xFF, 0xF0, 0x00, 0x00,
    0x00, 0x00, 0x00, 0x00, 0x00, 0x55, 0x00, 0x00, 0x1F, 0xFF, 0xF8, 0x00, 0x7F, 0xFF, 0xFC, 0x00,
    0xFE, 0x00, 0x7C, 0x02, 0xFC, 0x00, 0x3C, 0x02, 0xFC, 0x00, 0x3C, 0x03, 0xFC, 0x00, 0x00, 0x03,
    0xFC, 0x00, 0x00, 0x17, 0xFE, 0xAB, 0x40, 0xBF, 0xFF, 0xFF, 0x40, 0x17, 0xFC, 0x00, 0x00, 0x07,
    0xFE, 0xAA, 0x40, 0x7F, 0xFF, 0xFF, 0x40, 0x17, 0xFC, 0x00, 0x00, 0x03, 0xFC, 0x00, 0x04, 0x03,
    0xFC, 0x00, 0x0F, 0x03, 0xFC, 0x00, 0x1E, 0x03, 0xFC, 0x00, 0x7E, 0x3F, 0xFF, 0xFF, 0xFD, 0x3F,
    0xFF, 0xFF, 0xFD, 0x00, 0x00, 0x00, 0x00, 0x05, 0x50, 0x00, 0x01, 0x55, 0x50, 0x1F, 0xFE, 0x00,
    0x07, 0xFF, 0xF0, 0x0B, 0xFF, 0x00, 0x06, 0xFF, 0xE0, 0x01, 0xFF, 0xC0, 0x00, 0xBF, 0x00, 0x00,
    0xFF, 0xD0, 0x00, 0x7E, 0x00, 0x00, 0xFF, 0xF0, 0x00, 0x7E, 0x00, 0x00, 0xFF, 0xFC, 0x00, 0x7E,
    0x00, 0x00, 0xFE, 0xFE, 0x00, 0x7E, 0x00, 0x00, 0xFC, 0xFF, 0x40, 0x7E, 0x00, 0x00, 0xFC, 0x7F,
    0xC0, 0x7E, 0x54, 0x56, 0xFC, 0x2F, 0xF0, 0x7F, 0xFC, 0xFF, 0xFC, 0x0F, 0xF8, 0x7F, 0x54, 0x01,
    0xFC, 0x03, 0xFD, 0x7E, 0x00, 0x00, 0xFC, 0x01, 0xFF, 0x7E, 0x00, 0x00, 0xFC, 0x00, 0xBF, 0xFE,
    0x00, 0x00, 0xFC, 0x00, 0x3F, 0xFE, 0x00, 0x00, 0xFC, 0x00, 0x0F, 0xFE, 0x00, 0x01, 0xFC, 0x00,
    0x07, 0xFE, 0x00, 0x1F, 0xFF, 0xC0, 0x02, 0xFE, 0x00, 0x1F, 0xFF, 0xC0, 0x00, 0xFE, 0x00, 0x00,
    0x00, 0x00, 0x00, 0x00, 0x00, 0x05, 0x55, 0x54, 0x00, 0x00, 0x2F, 0xFF, 0xFF, 0xE0, 0x00, 0x1B,
    0xFF, 0xAF, 0xFC, 0x00, 0x02, 0xFD, 0x01, 0xFF, 0x00, 0x01, 0xFD, 0x00, 0xBF, 0x00, 0x01, 0xFD,
    0x00, 0x7F, 0x40, 0x16, 0xFD, 0x00, 0x7F, 0xFD, 0xFF, 0xFD, 0x00, 0x7F, 0xE9, 0x56, 0xFD, 0x00,
    0xFF, 0x00, 0x01, 0xFD, 0x02, 0xFE, 0x00, 0x01, 0xFE, 0xAF, 0xF8, 0x00, 0x01, 0xFF, 0xFF, 0xD0,
    0x00, 0x01, 0xFE, 0x54, 0x00, 0x00, 0x01, 0xFD, 0x00, 0x00, 0x00, 0x01, 0xFD, 0x00, 0x00, 0x00,
    0x01, 0xFD, 0x00, 0x00, 0x00, 0x01, 0xFD, 0x00, 0x00, 0x00, 0x02, 0xFD, 0x00, 0x00, 0x00, 0x1F,
    0xFF, 0xE0, 0x00, 0x00, 0x2F, 0xFF, 0xE0, 0x00, 0x00, 0x00, 0x00, 0x00, 0x00, 0x00, 0x55, 0x56,
    0xA4, 0x00, 0x00, 0x00, 0x02, 0xFF, 0xFF, 0xFE, 0x00, 0x00, 0x00, 0x06, 0xFF, 0x9B, 0xFF, 0x00,
    0x00, 0x00, 0x02, 0xFD, 0x02, 0xFE, 0x00, 0x00, 0x00, 0x0B, 0xF4, 0x03, 0xFC, 0x00, 0x00, 0x00,
    0x1F, 0xD0, 0x0F, 0xF0, 0x06, 0xA9, 0x00, 0x7F, 0x40, 0x3F, 0xC1, 0xFF, 0xFF, 0x01, 0xFD, 0x00,
    0xFF, 0x0F, 0xE5, 0xBC, 0x07, 0xF4, 0x0B, 0xF4, 0x7E, 0x00, 0xF0, 0x1F, 0xE6, 0xFF, 0x81, 0xFC,
    0x03, 0xC0, 0x7F, 0xFF, 0xF8, 0x07, 0xFD, 0x05, 0x01, 0xFE, 0xBF, 0xC0, 0x0F, 0xFF, 0x80, 0x07,
    0xF4, 0xBF, 0x80, 0x1F, 0xFF, 0xD0, 0x1F, 0xD0, 0xFF, 0x40, 0x0F, 0xFF, 0xC0, 0x7F, 0x41, 0xFF,
    0x00, 0x06, 0xFF, 0x81, 0xFD, 0x02, 0xFF, 0x00, 0x00, 0xFF, 0x0B, 0xF4, 0x03, 0xFF, 0x00, 0x01,
    0xFC, 0x2F, 0xE0, 0x03, 0xFF, 0x40, 0x0B, 0xEB, 0xFF, 0xF4, 0x03, 0xFF, 0xFA, 0xFF, 0x2F, 0xFF,
    0xD0, 0x01, 0xBF, 0xFF, 0xE0, 0x00, 0x00, 0x00, 0x00, 0x01, 0x50, 0x00, 0x15, 0x55, 0x00, 0x00,
    0x00, 0x05, 0x55, 0x47, 0xFF, 0xF8, 0x00, 0xA0, 0x01, 0xFF, 0xF8, 0x6F, 0xFF, 0x80, 0x2F, 0x80,
    0x0B, 0xFF, 0x80, 0xBF, 0x80, 0x03, 0xFC, 0x00, 0x2F, 0xC0, 0x03, 0xFC, 0x00, 0x3F, 0xC0, 0x03,
    0xF4, 0x00, 0x3F, 0xC0, 0x0B, 0xFD, 0x00, 0x3F, 0x00, 0x01, 0xFD, 0x00, 0xFF, 0xF0, 0x07, 0xE0,
    0x00, 0x0F, 0xE0, 0x0F, 0xFF, 0x00, 0xBD, 0x00, 0x00, 0xFF, 0x01, 0xFB, 0xF4, 0x0F, 0xC0, 0x00,
    0x07, 0xF0, 0x2F, 0x3F, 0x80, 0xF8, 0x00, 0x00, 0x3F, 0x43, 0xE1, 0xFC, 0x1F, 0xFF, 0xCB, 0xFF,
    0xFC, 0x7D, 0x0F, 0xD2, 0xFA, 0xA8, 0xBA, 0xBF, 0xCB, 0xC0, 0xFE, 0x3E, 0x00, 0x00, 0x00, 0xFD,
    0xFC, 0x0B, 0xF7, 0xD0, 0x00, 0x00, 0x0F, 0xFF, 0x40, 0x3F, 0xFC, 0x00, 0x00, 0x00, 0x7F, 0xF0,
    0x03, 0xFF, 0x80, 0x00, 0x00, 0x03, 0xFF, 0x00, 0x2F, 0xF4, 0x00, 0x00, 0x00, 0x3F, 0xD0, 0x00,
    0xFF, 0x00, 0x00, 0x00, 0x01, 0xFC, 0x00, 0x0F, 0xE0, 0x00, 0x00, 0x00, 0x0F, 0xC0, 0x00, 0xBD,
    0x00, 0x00, 0x00, 0x00, 0x00, 0x00, 0x00, 0x02, 0xFF, 0xC0, 0x00, 0x02, 0xFF, 0xC0, 0x00, 0x00,
    0x2F, 0xC0, 0x00, 0x05, 0x6F, 0xD5, 0x00, 0x0F, 0xFF, 0xFE, 0x00, 0x00, 0x1F, 0xC0, 0x00, 0x15,
    0x6F, 0xC0, 0x02, 0xFF, 0xFF, 0xC0, 0x0F, 0xFF, 0xFF, 0xC0, 0x2F, 0xD0, 0x2F, 0xC0, 0x3F, 0x80,
    0x1F, 0xC0, 0x7F, 0x00, 0x1F, 0xC0, 0xBF, 0x00, 0x1F, 0xC0, 0xBF, 0x00, 0x1F, 0xC0, 0xBF, 0x00,
    0x1F, 0xC0, 0x7F, 0x40, 0x2F, 0xC0, 0x3F, 0xC0, 0x7F, 0xC0, 0x2F, 0xFF, 0xFF, 0xD0, 0x0F, 0xFF,
    0xDF, 0xFC, 0x01, 0xFE, 0x0A, 0xA8, 0x00, 0x00, 0x00, 0x00, 0x01, 0x55, 0x5A, 0xA4, 0x3F, 0xFF,
    0xFF, 0xF8, 0x14, 0x00, 0x00, 0x00, 0x00, 0x00, 0x1A, 0xA9, 0x00, 0x00, 0x0B, 0xFF, 0xFF, 0xC0,
    0x01, 0xFF, 0xEA, 0xFF, 0x00, 0x0F, 0xF4, 0x00, 0x7C, 0x00, 0xFF, 0x40, 0x00, 0xF0, 0x07, 0xFC,
    0x00, 0x03, 0x80, 0x3F, 0xD0, 0x00, 0x00, 0x00, 0xFF, 0x00, 0x00, 0x00, 0x5B, 0xFE, 0xAF, 0xFC,
    0x03, 0xFF, 0xFF, 0xFE, 0xA0, 0x00, 0x7F, 0xC0, 0x00, 0x00, 0x06, 0xFF, 0xAA, 0xBF, 0x00, 0xBF,
    0xFF, 0xFF, 0xF8, 0x00, 0x4F, 0xF4, 0x00, 0x00, 0x00, 0x2F, 0xE0, 0x00, 0x00, 0x00, 0x7F, 0xC0,
    0x00, 0x3C, 0x00, 0xBF, 0x80, 0x00, 0xF0, 0x00, 0xFF, 0x80, 0x07, 0xD0, 0x00, 0xFF, 0xFF, 0xFF,
    0x40, 0x00, 0x7F, 0xFF, 0xF8, 0x00, 0x00, 0x05, 0x54, 0x00, 0x05, 0x55, 0x40, 0x55, 0x54, 0x0B,
    0xFF, 0xF0, 0x3F, 0xFF, 0x01, 0xBF, 0xF8, 0x0B, 0xFF, 0x80, 0x0B, 0xF0, 0x02, 0xFE, 0x00, 0x02,
    0xFC, 0x01, 0xFD, 0x00, 0x00, 0xBF, 0x00, 0xFE, 0x00, 0x00, 0x2F, 0xC0, 0xFF, 0x00, 0x00, 0x0B,
    0xF0, 0xBF, 0x00, 0x00, 0x02, 0xFC, 0x7F, 0x40, 0x00, 0x00, 0xBF, 0x7F, 0xEA, 0xB0, 0x0F, 0xFF,
    0xFF, 0xFF, 0xFC, 0x01, 0xAF, 0xF7, 0xFE, 0x00, 0x00, 0x02, 0xFC, 0x3F, 0xE0, 0x00, 0x00, 0xBF,
    0x03, 0xFD, 0x00, 0x00, 0x2F, 0xC0, 0x3F, 0xD0, 0x00, 0x0B, 0xF0, 0x07, 0xFC, 0x00, 0x02, 0xFC,
    0x00, 0xBF, 0xC0, 0x00, 0xFF, 0x00, 0x0F, 0xFD, 0x02, 0xFF, 0xFD, 0x0B, 0xFF, 0xF4, 0xFF, 0xFF,
    0x43, 0xFF, 0xFD, 0x00, 0x00, 0x00, 0x00, 0x00, 0x00, 0x05, 0x55, 0x55, 0x00, 0x00, 0x1F, 0xFF,
    0xFF, 0xF0, 0x00, 0x0B, 0xFF, 0xAF, 0xFD, 0x00, 0x01, 0xFE, 0x01, 0xFF, 0x00, 0x00, 0xFE, 0x00,
    0x7F, 0xA9, 0x7F, 0xFE, 0x00, 0x3F, 0xFE, 0x7A, 0xFE, 0x00, 0x3F, 0xC0, 0x00, 0xFE, 0x00, 0x3F,
    0xD5, 0x7F, 0xFE, 0x00, 0xBF, 0xFE, 0x7F, 0xFE, 0x01, 0xFF, 0x00, 0x00, 0xFF, 0xAF, 0xFC, 0x00,
    0x00, 0xFF, 0xFF, 0xD0, 0x00, 0x00, 0xFF, 0x54, 0x00, 0x00, 0x00, 0xFE, 0x00, 0x00, 0x00, 0x00,
    0xFE, 0x00, 0x00, 0x00, 0x00, 0xFE, 0x00, 0x00, 0x00, 0x00, 0xFE, 0x00, 0x00, 0x00, 0x01, 0xFE,
    0x00, 0x00, 0x00, 0x1F, 0xFF, 0xF0, 0x00, 0x00, 0x1F, 0xFF, 0xF0, 0x00, 0x00, 0x00, 0x00, 0x00,
    0x00, 0x00, 0x00, 0x00, 0x38, 0x00, 0x00, 0x00, 0x0E, 0x00, 0x00, 0x00, 0x03, 0x80, 0x00, 0x00,
    0x00, 0xE0, 0x00, 0x00, 0x06, 0xFE, 0x90, 0x00, 0x2F, 0xFF, 0xFF, 0x80, 0x3F, 0xF9, 0x6B, 0xE0,
    0x3F, 0xE0, 0x00, 0xB4, 0x2F, 0xE0, 0x00, 0x2D, 0x0F, 0xF0, 0x00, 0x06, 0x07, 0xFC, 0x00, 0x00,
    0x02, 0xFE, 0x00, 0x00, 0x00, 0xBF, 0x80, 0x00, 0x00, 0x2F, 0xD0, 0x01, 0x55, 0x0B, 0xF4, 0x01,
    0xFF, 0xF2, 0xFE, 0x00, 0x7F, 0xFC, 0x7F, 0x80, 0x00, 0xBF, 0x0F, 0xF0, 0x00, 0x1F, 0xC3, 0xFD,
    0x00, 0x07, 0xF0, 0x7F, 0xC0, 0x01, 0xFC, 0x0B, 0xFD, 0x00, 0x7F, 0x00, 0xBF, 0xFF, 0xFF, 0xC0,
    0x02, 0xFF, 0xFF, 0xE0, 0x00, 0x03, 0xD4, 0x00, 0x00, 0x00, 0xE0, 0x00, 0x00, 0x00, 0x38, 0x00,
    0x00, 0x00, 0x0E, 0x00, 0x00, 0x00, 0x01, 0x40, 0x00, 0x00, 0x00, 0x70, 0x00, 0x00, 0x00, 0x70,
    0x00, 0x00, 0x00, 0x70, 0x00, 0x00, 0x00, 0xB0, 0x00, 0x00, 0x06, 0xFE, 0x50, 0x00, 0xBF, 0xFF,
    0xFC, 0x03, 0xFE, 0x56, 0xF8, 0x0F, 0xF4, 0x00, 0xB8, 0x2F, 0xE0, 0x00, 0x78, 0x3F, 0xC0, 0x00,
    0x24, 0x7F, 0xC0, 0x00, 0x00, 0xBF, 0x80, 0x00, 0x00, 0xBF, 0x80, 0x00, 0x00, 0xBF, 0x40, 0x00,
    0x00, 0xBF, 0x40, 0x00, 0x00, 0xBF, 0x80, 0x00, 0x00, 0x7F, 0x80, 0x00, 0x00, 0x3F, 0xC0, 0x00,
    0x00, 0x3F, 0xD0, 0x00, 0x3C, 0x1F, 0xF0, 0x00, 0x3C, 0x0B, 0xFC, 0x00, 0x7C, 0x02, 0xFF, 0xFF,
    0xFC, 0x00, 0x7F, 0xFF, 0xF8, 0x00, 0x01, 0xF4, 0x00, 0x00, 0x00, 0xE0, 0x00, 0x00, 0x00, 0xE0,
    0x00, 0x00, 0x00, 0xE0, 0x00, 0x00, 0x00, 0x40, 0x00, 0x15, 0x6A, 0xAA, 0xBC, 0x7F, 0xFF, 0xFF,
    0xFC, 0x7A, 0xAF, 0xFC, 0x00, 0x00, 0x02, 0xFE, 0x00, 0x00, 0x00, 0xFF, 0x00, 0x16, 0xAA, 0xFF,
    0xFC, 0x3F, 0xFF, 0xFF, 0xA8, 0x00, 0x00, 0xBF, 0x00, 0x00, 0x00, 0xFE, 0x00, 0x00, 0x03, 0xFC,
    0x00, 0x7F, 0xFF, 0xF0, 0x00, 0x7F, 0xFF, 0xC0, 0x00, 0x00, 0x2F, 0xC0, 0x00, 0x00, 0x0F, 0xE0,
    0x00, 0x00, 0x0B, 0xF4, 0x00, 0x00, 0x03, 0xFC, 0x00, 0x00, 0x02, 0xFE, 0x00, 0x00, 0x00, 0xFF,
    0x40, 0x00, 0x00, 0xBF, 0xF0, 0x00, 0x00, 0x3F, 0xF0, 0x06, 0xA4, 0x00, 0x00, 0x1F, 0xF0, 0x00,
    0x00, 0x7F, 0x80, 0x00, 0x00, 0xFE, 0x00, 0x00, 0x03, 0xF8, 0x00, 0x00, 0x0F, 0xE0, 0x00, 0x00,
    0x3F, 0x80, 0x00, 0x00, 0xFE, 0x00, 0x00, 0xAF, 0xFF, 0xFF, 0x03, 0xFF, 0xFA, 0xA4, 0x00, 0x3F,
    0x80, 0x00, 0x1A, 0xFF, 0xFF, 0xC0, 0xBF, 0xFF, 0xAA, 0x00, 0x0F, 0xE0, 0x00, 0x00, 0x3F, 0x80,
    0x00, 0x00, 0xFE, 0x00, 0x00, 0x03, 0xF8, 0x00, 0x78, 0x0F, 0xE0, 0x01, 0xF0, 0x2F, 0xD0, 0x0B,
    0xC0, 0x3F, 0xFF, 0xFF, 0x00, 0x2F, 0xFF, 0xF8, 0x00, 0x05, 0x54, 0x00, 0x00, 0x00, 0x10, 0x00,
    0x00, 0x00, 0x07, 0x00, 0x00, 0x00, 0x00, 0x70, 0x00, 0x00, 0x00, 0x07, 0x00, 0x00, 0x00, 0x0A,
    0xFE, 0x00, 0x00, 0x0B, 0xFF, 0xFE, 0x00, 0x03, 0xFF, 0xFF, 0xFC, 0x00, 0xFF, 0x0B, 0x1F, 0xE0,
    0x1F, 0xC0, 0xB0, 0x7F, 0x02, 0xFC, 0x0F, 0x03, 0xF4, 0x3F, 0x80, 0xF0, 0x3F, 0x83, 0xF8, 0x0F,
    0x03, 0xFC, 0x3F, 0x80, 0xF0, 0x3F, 0xC3, 0xF8, 0x0E, 0x03, 0xFC, 0x3F, 0x80, 0xE0, 0x3F, 0xC3,
    0xF8, 0x0E, 0x03, 0xFC, 0x3F, 0x80, 0xE0, 0x3F, 0xC3, 0xF8, 0x0E, 0x03, 0xFC, 0x3F, 0x80, 0xE0,
    0x3F, 0xC3, 0xF8, 0x0D, 0x03, 0xFC, 0x3F, 0x80, 0x90, 0x3F, 0xC3, 0xFC, 0x00, 0x03, 0xFC, 0x05,
    0x55, 0x54, 0x00, 0x0B, 0xFF, 0xFF, 0xF8, 0x01, 0xBF, 0xEA, 0xFF, 0xC0, 0x0F, 0xF0, 0x0B, 0xF8,
    0x02, 0xFC, 0x00, 0xFF, 0x00, 0xBF, 0x00, 0x2F, 0xC0, 0x2F, 0xC0, 0x0B, 0xF4, 0x0B, 0xF0, 0x02,
    0xFC, 0x02, 0xFC, 0x00, 0xFF, 0x00, 0xBF, 0x01, 0xFF, 0x40, 0x2F, 0xFF, 0xFF, 0x40, 0x0B, 0xFF,
    0xFE, 0x00, 0x02, 0xFC, 0x00, 0x00, 0x00, 0xBF, 0x00, 0x00, 0x0B, 0xFF, 0xFF, 0x40, 0x02, 0xAF,
    0xF5, 0x40, 0x00, 0x02, 0xFC, 0x00, 0x00, 0x00, 0xFF, 0x00, 0x00, 0x02, 0xFF, 0xFD, 0x00, 0x00,
    0xFF, 0xFF, 0x80, 0x00, 0x00, 0x00, 0x00, 0x00, 0x00,
};

static const EpdGlyph system_font_14_boldGlyphs[] = {
    { 0, 0, 18, 0, 0, 0, 0 }, // 
    { 0, 0, 6, 0, 0, 0, 0 }, //  
    { 5, 24, 10, 2, 23, 30, 0 }, // !
    { 8, 8, 14, 3, 21, 16, 30 }, // "
    { 16, 18, 19, 2, 17, 72, 46 }, // #
    { 14, 28, 17, 2, 23, 98, 118 }, // $
    { 28, 23, 30, 1, 21, 161, 216 }, // %
    { 21, 21, 25, 2, 20, 111, 377 }, // &
    { 4, 8, 9, 3, 21, 8, 488 }, // '
    { 8, 27, 12, 2, 24, 54, 496 }, // (
    { 8, 28, 12, 2, 24, 56, 550 }, // )
    { 11, 11, 14, 2, 23, 31, 606 }, // *
    { 16, 15, 20, 2, 15, 60, 637 }, // +
    { 6, 10, 10, 2, 5, 15, 697 }, // ,
    { 7, 3, 11, 2, 9, 6, 712 }, // -
    { 6, 6, 10, 2, 5, 9, 718 }, // .
    { 12, 25, 12, 0, 23, 75, 727 }, // /
    { 16, 21, 19, 2, 20, 84, 802 }, // 0
    { 13, 21, 15, 1, 20, 69, 886 }, // 1
    { 14, 21, 18, 2, 20, 74, 955 }, // 2
    { 13, 24, 16, 1, 20, 78, 1029 }, // 3
    { 16, 23, 18, 1, 22, 92, 1107 }, // 4
    { 12, 24, 16, 2, 20, 72, 1199 }, // 5
    { 15, 23, 18, 2, 22, 87, 1271 }, // 6
    { 15, 24, 17, 1, 20, 90, 1358 }, // 7
    { 14, 21, 18, 2, 20, 74, 1448 }, // 8
    { 15, 24, 18, 1, 20, 90, 1522 }, // 9
    { 5, 16, 9, 2, 15, 20, 1612 }, // :
    { 5, 19, 9, 2, 14, 24, 1632 }, // ;
    { 11, 16, 15, 2, 15, 44, 1656 }, // <
    { 15, 9, 21, 3, 12, 34, 1700 }, // =
    { 12, 16, 15, 2, 15, 48, 1734 }, // >
    { 11, 24, 15, 2, 23, 66, 1782 }, // ?
    { 27, 27, 31, 2, 20, 183, 1848 }, // @
    { 20, 22, 22, 1, 21, 110, 2031 }, // A
    { 17, 22, 19, 1, 21, 94, 2141 }, // B
    { 18, 22, 20, 1, 21, 99, 2235 }, // C
    { 20, 22, 22, 1, 21, 110, 2334 }, // D
    { 16, 22, 19, 1, 21, 88, 2444 }, // E
    { 16, 22, 18, 1, 21, 88, 2532 }, // F
    { 19, 22, 22, 1, 21, 105, 2620 }, // G
    { 22, 22, 24, 1, 21, 121, 2725 }, // H
    { 9, 22, 12, 1, 21, 50, 2846 }, // I
    { 9, 27, 11, 1, 21, 61, 2896 }, // J
    { 21, 22, 22, 1, 21, 116, 2957 }, // K
    { 16, 22, 18, 1, 21, 88, 3073 }, // L
    { 27, 22, 29, 1, 21, 149, 3161 }, // M
    { 22, 22, 24, 1, 21, 121, 3310 }, // N
    { 21, 22, 24, 1, 21, 116, 3431 }, // O
    { 17, 22, 19, 1, 21, 94, 3547 }, // P
    { 22, 28, 24, 1, 21, 154, 3641 }, // Q
    { 19, 22, 21, 1, 21, 105, 3795 }, // R
    { 14, 22, 18, 2, 21, 77, 3900 }, // S
    { 18, 22, 20, 1, 21, 99, 3977 }, // T
    { 21, 22, 23, 1, 21, 116, 4076 }, // U
    { 20, 21, 22, 1, 21, 105, 4192 }, // V
    { 30, 21, 32, 1, 21, 158, 4297 }, // W
    { 21, 22, 23, 1, 21, 116, 4455 }, // X
    { 20, 22, 22, 1, 21, 110, 4571 }, // Y
    { 17, 22, 19, 1, 21, 94, 4681 }, // Z
    { 8, 29, 13, 3, 25, 58, 4775 }, // [
    { 12, 25, 12, 0, 23, 75, 4833 }, // <backslash>
    { 7, 29, 13, 2, 25, 51, 4908 }, // ]
    { 17, 18, 21, 2, 21, 77, 4959 }, // ^
    { 15, 3, 19, 2, -4, 12, 5036 }, // _
    { 8, 7, 8, 0, 22, 14, 5048 }, // `
    { 15, 16, 16, 1, 15, 60, 5062 }, // a
    { 17, 24, 17, -1, 23, 102, 5122 }, // b
    { 13, 16, 15, 1, 15, 52, 5224 }, // c
    { 16, 24, 17, 1, 23, 96, 5276 }, // d
    { 14, 16, 15, 1, 15, 56, 5372 }, // e
    { 10, 24, 11, 1, 23, 60, 5428 }, // f
    { 15, 22, 16, 0, 15, 83, 5488 }, // g
    { 18, 24, 18, 0, 23, 108, 5571 }, // h
    { 9, 23, 10, 1, 22, 52, 5679 }, // i
    { 7, 29, 9, 0, 22, 51, 5731 }, // j
    { 18, 24, 18, 0, 23, 108, 5782 }, // k
    { 9, 24, 9, 0, 23, 54, 5890 }, // l
    { 26, 16, 27, 1, 15, 104, 5944 }, // m
    { 18, 16, 19, 1, 15, 72, 6048 }, // n
    { 15, 16, 17, 1, 15, 60, 6120 }, // o
    { 17, 22, 18, 0, 15, 94, 6180 }, // p
    { 16, 22, 17, 1, 15, 88, 6274 }, // q
    { 13, 16, 14, 1, 15, 52, 6362 }, // r
    { 11, 16, 13, 1, 15, 44, 6414 }, // s
    { 11, 19, 12, 0, 18, 53, 6458 }, // t
    { 18, 16, 18, 0, 15, 72, 6511 }, // u
    { 17, 15, 17, 0, 15, 64, 6583 }, // v
    { 25, 15, 25, 0, 15, 94, 6647 }, // w
    { 16, 16, 18, 1, 15, 64, 6741 }, // x
    { 17, 23, 17, 0, 15, 98, 6805 }, // y
    { 13, 16, 15, 1, 15, 52, 6903 }, // z
    { 9, 29, 13, 2, 25, 66, 6955 }, // {
    { 3, 27, 11, 4, 23, 21, 7021 }, // |
    { 9, 29, 13, 2, 25, 66, 7042 }, // }
    { 15, 6, 20, 2, 10, 23, 7108 }, // ~
    { 0, 0, 6, 0, 0, 0, 7131 }, //  
    { 5, 24, 10, 2, 15, 30, 7131 }, // ¡
    { 13, 24, 17, 2, 21, 78, 7161 }, // ¢
    { 16, 21, 20, 2, 20, 84, 7239 }, // £
    { 16, 18, 21, 2, 18, 72, 7323 }, // ¤
    { 20, 21, 23, 1, 20, 105, 7395 }, // ¥
    { 4, 27, 10, 3, 23, 27, 7500 }, // ¦
    { 12, 25, 18, 3, 21, 75, 7527 }, // §
    { 10, 5, 12, 1, 21, 13, 7602 }, // ¨
    { 23, 22, 27, 2, 21, 127, 7615 }, // ©
    { 10, 11, 12, 1, 20, 28, 7742 }, // ª
    { 13, 14, 16, 1, 14, 46, 7770 }, // «
    { 14, 8, 20, 3, 9, 28, 7816 }, // ¬
    { 7, 3, 11, 2, 9, 6, 7844 }, // ­
    { 23, 22, 27, 2, 21, 127, 7850 }, // ®
    { 10, 3, 13, 2, 19, 8, 7977 }, // ¯
    { 9, 9, 15, 3, 20, 21, 7985 }, // °
    { 14, 18, 19, 3, 17, 63, 8006 }, // ±
    { 10, 13, 12, 1, 22, 33, 8069 }, // ²
    { 9, 15, 11, 1, 22, 34, 8102 }, // ³
    { 8, 7, 8, 0, 22, 14, 8136 }, // ´
    { 17, 24, 22, 2, 15, 102, 8150 }, // µ
    { 16, 24, 20, 2, 21, 96, 8252 }, // ¶
    { 6, 6, 10, 2, 12, 9, 8348 }, // ·
    { 5, 9, 7, 1, 1, 12, 8357 }, // ¸
    { 9, 14, 10, 1, 23, 32, 8369 }, // ¹
    { 10, 11, 12, 1, 20, 28, 8401 }, // º
    { 12, 14, 16, 2, 14, 42, 8429 }, // »
    { 26, 24, 26, 0, 22, 156, 8471 }, // ¼
    { 26, 24, 27, 0, 22, 156, 8627 }, // ½
    { 27, 23, 27, 0, 21, 156, 8783 }, // ¾
    { 12, 23, 15, 1, 15, 69, 8939 }, // ¿
    { 20, 28, 22, 1, 27, 140, 9008 }, // À
    { 20, 28, 22, 1, 27, 140, 9148 }, // Á
    { 20, 27, 22, 1, 26, 135, 9288 }, // Â
    { 20, 27, 22, 1, 26, 135, 9423 }, // Ã
    { 20, 27, 22, 1, 26, 135, 9558 }, // Ä
    { 20, 28, 22, 1, 27, 140, 9693 }, // Å
    { 27, 22, 29, 1, 21, 149, 9833 }, // Æ
    { 18, 29, 20, 1, 21, 131, 9982 }, // Ç
    { 16, 28, 19, 1, 27, 112, 10113 }, // È
    { 16, 28, 19, 1, 27, 112, 10225 }, // É
    { 16, 27, 19, 1, 26, 108, 10337 }, // Ê
    { 16, 28, 19, 1, 27, 112, 10445 }, // Ë
    { 9, 28, 12, 1, 27, 63, 10557 }, // Ì
    { 10, 28, 12, 1, 27, 70, 10620 }, // Í
    { 11, 27, 12, 0, 26, 75, 10690 }, // Î
    { 10, 28, 12, 1, 27, 70, 10765 }, // Ï
    { 21, 22, 22, 0, 21, 116, 10835 }, // Ð
    { 22, 27, 24, 1, 26, 149, 10951 }, // Ñ
    { 21, 28, 24, 1, 27, 147, 11100 }, // Ò
    { 21, 28, 24, 1, 27, 147, 11247 }, // Ó
    { 21, 27, 24, 1, 26, 142, 11394 }, // Ô
    { 21, 27, 24, 1, 26, 142, 11536 }, // Õ
    { 21, 28, 24, 1, 27, 147, 11678 }, // Ö
    { 14, 14, 18, 2, 14, 49, 11825 }, // ×
    { 21, 29, 24, 1, 25, 153, 11874 }, // Ø
    { 21, 28, 23, 1, 27, 147, 12027 }, // Ù
    { 21, 28, 23, 1, 27, 147, 12174 }, // Ú
    { 21, 27, 23, 1, 26, 142, 12321 }, // Û
    { 21, 28, 23, 1, 27, 147, 12463 }, // Ü
    { 20, 28, 22, 1, 27, 140, 12610 }, // Ý
    { 16, 22, 18, 1, 21, 88, 12750 }, // Þ
    { 18, 24, 20, 1, 23, 108, 12838 }, // ß
    { 15, 23, 16, 1, 22, 87, 12946 }, // à
    { 15, 23, 16, 1, 22, 87, 13033 }, // á
    { 15, 22, 16, 1, 21, 83, 13120 }, // â
    { 15, 22, 16, 1, 21, 83, 13203 }, // ã
    { 15, 22, 16, 1, 21, 83, 13286 }, // ä
    { 15, 22, 16, 1, 21, 83, 13369 }, // å
    { 21, 16, 23, 1, 15, 84, 13452 }, // æ
    { 13, 23, 15, 1, 15, 75, 13536 }, // ç
    { 14, 23, 15, 1, 22, 81, 13611 }, // è
    { 14, 23, 15, 1, 22, 81, 13692 }, // é
    { 14, 22, 15, 1, 21, 77, 13773 }, // ê
    { 14, 22, 15, 1, 21, 77, 13850 }, // ë
    { 9, 23, 10, 1, 22, 52, 13927 }, // ì
    { 9, 23, 10, 1, 22, 52, 13979 }, // í
    { 10, 22, 10, 0, 21, 55, 14031 }, // î
    { 10, 22, 10, 0, 21, 55, 14086 }, // ï
    { 15, 24, 17, 1, 23, 90, 14141 }, // ð
    { 18, 22, 19, 1, 21, 99, 14231 }, // ñ
    { 15, 23, 17, 1, 22, 87, 14330 }, // ò
    { 15, 23, 17, 1, 22, 87, 14417 }, // ó
    { 15, 22, 17, 1, 21, 83, 14504 }, // ô
    { 15, 22, 17, 1, 21, 83, 14587 }, // õ
    { 15, 22, 17, 1, 21, 83, 14670 }, // ö
    { 14, 16, 18, 2, 15, 56, 14753 }, // ÷
    { 15, 21, 17, 1, 18, 79, 14809 }, // ø
    { 18, 23, 18, 0, 22, 104, 14888 }, // ù
    { 18, 23, 18, 0, 22, 104, 14992 }, // ú
    { 18, 22, 18, 0, 21, 99, 15096 }, // û
    { 18, 22, 18, 0, 21, 99, 15195 }, // ü
    { 17, 30, 17, 0, 22, 128, 15294 }, // ý
    { 17, 30, 17, -1, 23, 128, 15422 }, // þ
    { 17, 29, 17, 0, 21, 124, 15550 }, // ÿ
    { 20, 27, 22, 1, 26, 135, 15674 }, // Ă
    { 15, 22, 16, 1, 21, 83, 15809 }, // ă
    { 21, 22, 22, 0, 21, 116, 15892 }, // Đ
    { 17, 24, 17, 1, 23, 102, 16008 }, // đ
    { 11, 27, 12, 0, 26, 75, 16110 }, // Ĩ
    { 10, 22, 10, 0, 21, 55, 16185 }, // ĩ
    { 21, 27, 23, 1, 26, 142, 16240 }, // Ũ
    { 18, 22, 18, 0, 21, 99, 16382 }, // ũ
    { 23, 24, 25, 1, 23, 138, 16481 }, // Ơ
    { 17, 19, 17, 1, 18, 81, 16619 }, // ơ
    { 23, 26, 21, 0, 25, 150, 16700 }, // Ư
    { 19, 20, 18, 0, 19, 95, 16850 }, // ư
    { 7, 7, 0, 1, 22, 13, 16945 }, // ̀
    { 7, 7, 0, 0, 22, 13, 16958 }, // ́
    { 11, 6, 0, 0, 21, 17, 16971 }, // ̂
    { 11, 5, 0, 1, 21, 14, 16988 }, // ̃
    { 11, 3, 0, 1, 19, 9, 17002 }, // ̄
    { 10, 5, 0, 0, 21, 13, 17011 }, // ̆
    { 5, 5, 0, 1, 21, 7, 17024 }, // ̇
    { 10, 5, 0, 1, 21, 13, 17031 }, // ̈
    { 6, 6, 0, 1, 22, 9, 17044 }, // ̉
    { 6, 6, 0, 1, 21, 9, 17053 }, // ̊
    { 13, 6, 0, 0, 22, 20, 17062 }, // ̋
    { 12, 6, 0, 0, 21, 18, 17082 }, // ̌
    { 12, 6, 0, 0, 22, 18, 17100 }, // ̏
    { 10, 5, 0, 0, 20, 13, 17118 }, // ̑
    { 4, 7, 0, 1, 22, 7, 17131 }, // ̒
    { 6, 11, 7, 0, 4, 17, 17138 }, // ̡
    { 5, 5, 0, 1, -2, 7, 17155 }, // ̣
    { 10, 5, 0, 1, 0, 13, 17162 }, // ̤
    { 4, 7, 0, 1, -1, 7, 17175 }, // ̦
    { 5, 9, 0, 1, 1, 12, 17182 }, // ̧
    { 6, 8, 0, 1, 1, 12, 17194 }, // ̨
    { 10, 5, 0, 0, -1, 13, 17206 }, // ̮
    { 11, 3, 0, 1, -1, 9, 17219 }, // ̱
    { 20, 28, 22, 1, 21, 140, 17228 }, // Ạ
    { 15, 22, 16, 1, 15, 83, 17368 }, // ạ
    { 20, 28, 22, 1, 27, 140, 17451 }, // Ả
    { 15, 23, 16, 1, 22, 87, 17591 }, // ả
    { 20, 31, 22, 1, 30, 155, 17678 }, // Ấ
    { 15, 25, 16, 1, 24, 94, 17833 }, // ấ
    { 20, 32, 22, 1, 31, 160, 17927 }, // Ầ
    { 15, 26, 16, 1, 25, 98, 18087 }, // ầ
    { 20, 33, 22, 1, 32, 165, 18185 }, // Ẩ
    { 15, 27, 16, 1, 26, 102, 18350 }, // ẩ
    { 20, 31, 22, 1, 30, 155, 18452 }, // Ẫ
    { 15, 25, 16, 1, 24, 94, 18607 }, // ẫ
    { 20, 33, 22, 1, 26, 165, 18701 }, // Ậ
    { 15, 28, 16, 1, 21, 105, 18866 }, // ậ
    { 20, 31, 22, 1, 30, 155, 18971 }, // Ắ
    { 15, 25, 16, 1, 24, 94, 19126 }, // ắ
    { 20, 31, 22, 1, 30, 155, 19220 }, // Ằ
    { 15, 25, 16, 1, 24, 94, 19375 }, // ằ
    { 20, 32, 22, 1, 31, 160, 19469 }, // Ẳ
    { 15, 26, 16, 1, 25, 98, 19629 }, // ẳ
    { 20, 31, 22, 1, 30, 155, 19727 }, // Ẵ
    { 15, 25, 16, 1, 24, 94, 19882 }, // ẵ
    { 20, 33, 22, 1, 26, 165, 19976 }, // Ặ
    { 15, 28, 16, 1, 21, 105, 20141 }, // ặ
    { 16, 28, 19, 1, 21, 112, 20246 }, // Ẹ
    { 14, 22, 15, 1, 15, 77, 20358 }, // ẹ
    { 16, 28, 19, 1, 27, 112, 20435 }, // Ẻ
    { 14, 23, 15, 1, 22, 81, 20547 }, // ẻ
    { 16, 27, 19, 1, 26, 108, 20628 }, // Ẽ
    { 14, 22, 15, 1, 21, 77, 20736 }, // ẽ
    { 16, 32, 19, 1, 31, 128, 20813 }, // Ế
    { 14, 25, 15, 1, 24, 88, 20941 }, // ế
    { 16, 33, 19, 1, 32, 132, 21029 }, // Ề
    { 14, 26, 15, 1, 25, 91, 21161 }, // ề
    { 16, 33, 19, 1, 32, 132, 21252 }, // Ể
    { 14, 27, 15, 1, 26, 95, 21384 }, // ể
    { 16, 31, 19, 1, 30, 124, 21479 }, // Ễ
    { 14, 25, 15, 1, 24, 88, 21603 }, // ễ
    { 16, 33, 19, 1, 26, 132, 21691 }, // Ệ
    { 14, 28, 15, 1, 21, 98, 21823 }, // ệ
    { 9, 28, 12, 1, 27, 63, 21921 }, // Ỉ
    { 9, 23, 10, 1, 22, 52, 21984 }, // ỉ
    { 9, 28, 12, 1, 21, 63, 22036 }, // Ị
    { 9, 29, 10, 1, 22, 66, 22099 }, // ị
    { 21, 28, 24, 1, 21, 147, 22165 }, // Ọ
    { 15, 22, 17, 1, 15, 83, 22312 }, // ọ
    { 21, 28, 24, 1, 27, 147, 22395 }, // Ỏ
    { 15, 23, 17, 1, 22, 87, 22542 }, // ỏ
    { 21, 32, 24, 1, 31, 168, 22629 }, // Ố
    { 15, 25, 17, 1, 24, 94, 22797 }, // ố
    { 21, 33, 24, 1, 32, 174, 22891 }, // Ồ
    { 15, 26, 17, 1, 25, 98, 23065 }, // ồ
    { 21, 33, 24, 1, 32, 174, 23163 }, // Ổ
    { 15, 27, 17, 1, 26, 102, 23337 }, // ổ
    { 21, 31, 24, 1, 30, 163, 23439 }, // Ỗ
    { 15, 25, 17, 1, 24, 94, 23602 }, // ỗ
    { 21, 33, 24, 1, 26, 174, 23696 }, // Ộ
    { 15, 28, 17, 1, 21, 105, 23870 }, // ộ
    { 23, 28, 24, 1, 27, 161, 23975 }, // Ớ
    { 17, 23, 17, 1, 22, 98, 24136 }, // ớ
    { 23, 28, 25, 1, 27, 161, 24234 }, // Ờ
    { 17, 23, 17, 1, 22, 98, 24395 }, // ờ
    { 23, 28, 25, 1, 27, 161, 24493 }, // Ở
    { 17, 23, 17, 1, 22, 98, 24654 }, // ở
    { 23, 27, 25, 1, 26, 156, 24752 }, // Ỡ
    { 17, 22, 17, 1, 21, 94, 24908 }, // ỡ
    { 23, 30, 25, 1, 23, 173, 25002 }, // Ợ
    { 17, 25, 17, 1, 18, 107, 25175 }, // ợ
    { 21, 28, 23, 1, 21, 147, 25282 }, // Ụ
    { 18, 22, 18, 0, 15, 99, 25429 }, // ụ
    { 21, 28, 23, 1, 27, 147, 25528 }, // Ủ
    { 18, 23, 18, 0, 22, 104, 25675 }, // ủ
    { 23, 28, 21, 0, 27, 161, 25779 }, // Ứ
    { 19, 23, 18, 0, 22, 110, 25940 }, // ứ
    { 23, 28, 21, 0, 27, 161, 26050 }, // Ừ
    { 19, 23, 18, 0, 22, 110, 26211 }, // ừ
    { 23, 28, 21, 0, 27, 161, 26321 }, // Ử
    { 19, 23, 18, 0, 22, 110, 26482 }, // ử
    { 23, 27, 21, 0, 26, 156, 26592 }, // Ữ
    { 19, 22, 18, 0, 21, 105, 26748 }, // ữ
    { 23, 32, 21, 0, 25, 184, 26853 }, // Ự
    { 19, 26, 18, 0, 19, 124, 27037 }, // ự
    { 20, 28, 22, 1, 27, 140, 27161 }, // Ỳ
    { 17, 30, 17, 0, 22, 128, 27301 }, // ỳ
    { 20, 28, 22, 1, 21, 140, 27429 }, // Ỵ
    { 17, 23, 17, 0, 15, 98, 27569 }, // ỵ
    { 20, 28, 22, 1, 27, 140, 27667 }, // Ỷ
    { 17, 30, 17, 0, 22, 128, 27807 }, // ỷ
    { 20, 27, 22, 1, 26, 135, 27935 }, // Ỹ
    { 17, 29, 17, 0, 21, 124, 28070 }, // ỹ
    { 0, 0, 7, 0, 0, 0, 28194 }, //  
    { 0, 0, 3, 0, 0, 0, 28194 }, //  
    { 0, 0, 3, 0, 0, 0, 28194 }, //  
    { 0, 0, 3, 0, 0, 0, 28194 }, //  
    { 4, 31, 7, 2, 23, 31, 28194 }, // ‌
    { 9, 31, 10, 1, 23, 70, 28225 }, // ‍
    { 16, 3, 19, 2, 9, 12, 28295 }, // ‐
    { 15, 4, 19, 2, 11, 15, 28307 }, // ‒
    { 15, 3, 19, 2, 9, 12, 28322 }, // –
    { 30, 3, 34, 2, 9, 23, 28334 }, // —
    { 30, 3, 34, 2, 9, 23, 28357 }, // ―
    { 6, 10, 10, 2, 24, 15, 28380 }, // ‘
    { 6, 10, 10, 2, 23, 15, 28395 }, // ’
    { 6, 10, 10, 2, 5, 15, 28410 }, // ‚
    { 12, 10, 16, 2, 24, 30, 28425 }, // “
    { 12, 10, 16, 2, 23, 30, 28455 }, // ”
    { 12, 10, 16, 2, 5, 30, 28485 }, // „
    { 13, 23, 17, 2, 23, 75, 28515 }, // †
    { 13, 23, 17, 2, 23, 75, 28590 }, // ‡
    { 6, 7, 11, 2, 11, 11, 28665 }, // •
    { 6, 6, 10, 2, 5, 9, 28676 }, // ․
    { 11, 5, 16, 2, 4, 14, 28685 }, // ‥
    { 20, 5, 24, 2, 4, 25, 28699 }, // …
    { 41, 23, 42, 1, 21, 236, 28724 }, // ‰
    { 5, 9, 10, 3, 20, 12, 28960 }, // ′
    { 9, 9, 15, 3, 20, 21, 28972 }, // ″
    { 7, 14, 10, 1, 14, 25, 28993 }, // ‹
    { 7, 14, 10, 2, 14, 25, 29018 }, // ›
    { 16, 23, 6, -5, 21, 92, 29043 }, // ⁄
    { 16, 28, 19, 2, 23, 112, 29135 }, // ₡
    { 16, 21, 19, 2, 20, 84, 29247 }, // ₣
    { 16, 21, 20, 2, 20, 84, 29331 }, // ₤
    { 24, 21, 27, 2, 20, 126, 29415 }, // ₦
    { 20, 21, 23, 2, 20, 105, 29541 }, // ₧
    { 27, 21, 31, 2, 20, 142, 29646 }, // ₨
    { 30, 20, 33, 2, 20, 150, 29788 }, // ₩
    { 16, 25, 20, 2, 23, 100, 29938 }, // ₫
    { 19, 21, 23, 2, 20, 100, 30038 }, // €
    { 21, 21, 24, 2, 20, 111, 30138 }, // ₭
    { 20, 21, 24, 2, 20, 105, 30249 }, // ₱
    { 17, 28, 21, 2, 23, 119, 30354 }, // ₲
    { 16, 28, 19, 2, 23, 112, 30473 }, // ₵
    { 16, 20, 20, 2, 20, 80, 30585 }, // ₹
    { 15, 22, 19, 2, 21, 83, 30665 }, // ₺
    { 18, 22, 22, 2, 22, 99, 30748 }, // ₼
    { 17, 21, 20, 2, 20, 90, 30847 }, // ₽
};

static const EpdUnicodeInterval system_font_14_boldIntervals[] = {
    { 0xD, 0xD, 0x0 },
    { 0x20, 0x7E, 0x1 },
    { 0xA0, 0xFF, 0x60 },
    { 0x102, 0x103, 0xC0 },
    { 0x110, 0x111, 0xC2 },
    { 0x128, 0x129, 0xC4 },
    { 0x168, 0x169, 0xC6 },
    { 0x1A0, 0x1A1, 0xC8 },
    { 0x1AF, 0x1B0, 0xCA },
    { 0x300, 0x304, 0xCC },
    { 0x306, 0x30C, 0xD1 },
    { 0x30F, 0x30F, 0xD8 },
    { 0x311, 0x312, 0xD9 },
    { 0x321, 0x321, 0xDB },
    { 0x323, 0x324, 0xDC },
    { 0x326, 0x328, 0xDE },
    { 0x32E, 0x32E, 0xE1 },
    { 0x331, 0x331, 0xE2 },
    { 0x1EA0, 0x1EF9, 0xE3 },
    { 0x2007, 0x200A, 0x13D },
    { 0x200C, 0x200D, 0x141 },
    { 0x2010, 0x2010, 0x143 },
    { 0x2012, 0x2015, 0x144 },
    { 0x2018, 0x201A, 0x148 },
    { 0x201C, 0x201E, 0x14B },
    { 0x2020, 0x2022, 0x14E },
    { 0x2024, 0x2026, 0x151 },
    { 0x2030, 0x2030, 0x154 },
    { 0x2032, 0x2033, 0x155 },
    { 0x2039, 0x203A, 0x157 },
    { 0x2044, 0x2044, 0x159 },
    { 0x20A1, 0x20A1, 0x15A },
    { 0x20A3, 0x20A4, 0x15B },
    { 0x20A6, 0x20A9, 0x15D },
    { 0x20AB, 0x20AD, 0x161 },
    { 0x20B1, 0x20B2, 0x164 },
    { 0x20B5, 0x20B5, 0x166 },
    { 0x20B9, 0x20BA, 0x167 },
    { 0x20BC, 0x20BD, 0x169 },
};

static const EpdFontData system_font_14_bold = {
    system_font_14_boldBitmaps,
    system_font_14_boldGlyphs,
    system_font_14_boldIntervals,
    39,
    34,
    28,
    -7,
    true,
};
