/**
 * generated by fontconvert.py
 * name: ubuntu_10_regular
 * size: 10
 * mode: 1-bit
 * Command used: fontconvert.py ubuntu_10_regular 10 ../builtinFonts/source/NotoSans/NotoSans-Regular.ttf --additional-intervals 0x0180,0x024F --additional-intervals 0x1E00,0x1EFF
 */
#pragma once
#include "EpdFontData.h"

static const uint8_t ubuntu_10_regularBitmaps[22369] = {
    0xEE, 0xEE, 0x66, 0x66, 0x66, 0x60, 0x6E, 0xE4, 0xED, 0xDB, 0xB6, 0x6C, 0xD9, 0x80, 0x06, 0x60,
    0x33, 0x03, 0x98, 0x18, 0xC7, 0xFF, 0xBF, 0xFC, 0x33, 0x03, 0x98, 0x18, 0xC7, 0xFF, 0xFF, 0xFE,
    0x33, 0x03, 0x98, 0x18, 0xC0, 0xCE, 0x00, 0x0C, 0x03, 0x07, 0xFB, 0xFE, 0xEC, 0xB3, 0x0E, 0xC1,
    0xF0, 0x3F, 0x03, 0xF0, 0xDC, 0x33, 0x8D, 0xFF, 0xEF, 0xF0, 0x30, 0x0C, 0x03, 0x00, 0x00, 0x00,
    0x78, 0x38, 0xFC, 0x30, 0xCC, 0x70, 0xCC, 0x60, 0xCE, 0xE0, 0xCE, 0xC0, 0xCD, 0xBC, 0xFF, 0xFE,
    0x7F, 0x66, 0x37, 0x67, 0x06, 0x67, 0x0E, 0x67, 0x0C, 0x66, 0x1C, 0x7E, 0x18, 0x3E, 0x00, 0x08,
    0x00, 0x00, 0x7E, 0x00, 0xFE, 0x03, 0x8C, 0x07, 0x18, 0x0E, 0x70, 0x0F, 0xC0, 0x0F, 0x00, 0x3E,
    0x18, 0xFE, 0x33, 0x8E, 0xE6, 0x0F, 0xCC, 0x0F, 0x1C, 0x1E, 0x3F, 0xFE, 0x3F, 0xCE, 0x0C, 0x00,
    0xFF, 0xED, 0x80, 0x1C, 0xE3, 0x8C, 0x71, 0xC6, 0x18, 0xE3, 0x8E, 0x18, 0x61, 0xC7, 0x0C, 0x38,
    0x60, 0xC0, 0x61, 0xC3, 0x0E, 0x38, 0x61, 0xC7, 0x1C, 0x71, 0xC7, 0x18, 0x63, 0x8E, 0x71, 0x86,
    0x00, 0x0E, 0x01, 0xC0, 0x18, 0x3B, 0xF7, 0xFE, 0x3F, 0x07, 0xC0, 0xDC, 0x39, 0x82, 0x20, 0x0C,
    0x03, 0x00, 0xC0, 0x30, 0x0C, 0x3F, 0xFF, 0xFC, 0x30, 0x0C, 0x03, 0x00, 0xC0, 0x37, 0x76, 0x66,
    0x7F, 0xF7, 0xC0, 0x6E, 0xE4, 0x07, 0x06, 0x0E, 0x0E, 0x0C, 0x1C, 0x1C, 0x18, 0x38, 0x30, 0x70,
    0x70, 0x60, 0xE0, 0xE0, 0x00, 0x0F, 0xC7, 0xFB, 0x86, 0xE1, 0xF0, 0x7C, 0x0F, 0x03, 0xC0, 0xF0,
    0x3C, 0x0F, 0x07, 0xE1, 0xF8, 0x67, 0xF8, 0xFC, 0x0C, 0x00, 0x0E, 0x3D, 0xFB, 0xF4, 0xE1, 0xC3,
    0x87, 0x0E, 0x1C, 0x38, 0x70, 0xE1, 0xC3, 0x80, 0x00, 0x1F, 0xCF, 0xFB, 0x0E, 0x01, 0xC0, 0x70,
    0x18, 0x0E, 0x07, 0x03, 0xC1, 0xE0, 0xF0, 0x78, 0x3C, 0x0F, 0xFF, 0xFF, 0x00, 0x07, 0xF1, 0xFF,
    0x30, 0x60, 0x0E, 0x01, 0xC0, 0x70, 0xFC, 0x1F, 0x80, 0xF8, 0x03, 0x80, 0x70, 0x0E, 0x01, 0xDF,
    0xF3, 0xFC, 0x0C, 0x00, 0x01, 0xC0, 0x3C, 0x07, 0xC0, 0x7C, 0x0F, 0xC1, 0xDC, 0x39, 0xC3, 0x1C,
    0x71, 0xCE, 0x1C, 0xFF, 0xFF, 0xFF, 0x01, 0xC0, 0x1C, 0x01, 0xC0, 0x7F, 0x9F, 0xE6, 0x01, 0x80,
    0x60, 0x38, 0x0F, 0xF1, 0xFE, 0x01, 0xC0, 0x70, 0x1C, 0x07, 0x01, 0xFF, 0xEF, 0xF0, 0x60, 0x00,
    0x07, 0xE3, 0xF9, 0xC0, 0x60, 0x38, 0x0E, 0xE3, 0xFE, 0xFF, 0xF8, 0x7C, 0x0F, 0x03, 0xE0, 0xD8,
    0x77, 0xF8, 0xFC, 0x0C, 0x00, 0x7F, 0xEF, 0xFC, 0x03, 0x80, 0x60, 0x1C, 0x03, 0x80, 0xE0, 0x1C,
    0x07, 0x00, 0xE0, 0x18, 0x07, 0x00, 0xC0, 0x38, 0x06, 0x00, 0x00, 0x0F, 0xC7, 0xFB, 0x87, 0xE1,
    0xF8, 0x77, 0x38, 0xFC, 0x3F, 0x1D, 0xEE, 0x1F, 0x03, 0xC0, 0xF8, 0x7F, 0xFD, 0xFE, 0x0C, 0x00,
    0x00, 0x0F, 0xC7, 0xFB, 0x86, 0xC1, 0xF0, 0x3C, 0x0F, 0x87, 0xF3, 0xDF, 0xF1, 0xDC, 0x07, 0x01,
    0x80, 0xE7, 0xF1, 0xF8, 0x30, 0x00, 0x6E, 0xE6, 0x00, 0x00, 0x06, 0xEE, 0x40, 0x33, 0x9C, 0x60,
    0x00, 0x00, 0x03, 0x9C, 0xE6, 0x33, 0x00, 0x00, 0x40, 0x70, 0x7C, 0x78, 0x78, 0x38, 0x0F, 0x80,
    0xF8, 0x0F, 0xC0, 0x70, 0x04, 0x7F, 0xBF, 0xFF, 0xFC, 0x00, 0x00, 0x3F, 0xFF, 0xFC, 0x80, 0x38,
    0x0F, 0x80, 0xF8, 0x07, 0x80, 0x70, 0x7C, 0x7C, 0xFC, 0x38, 0x08, 0x00, 0x00, 0x7F, 0x3F, 0xC8,
    0x70, 0x38, 0x1C, 0x1C, 0x1E, 0x1E, 0x0E, 0x06, 0x03, 0x00, 0x00, 0xC0, 0xE0, 0x70, 0x10, 0x00,
    0x07, 0xF8, 0x0F, 0xFE, 0x0F, 0x03, 0x8E, 0x00, 0xE6, 0x3F, 0x37, 0x3F, 0x9F, 0x38, 0xC7, 0x9C,
    0x63, 0xCC, 0x31, 0xE6, 0x19, 0xF3, 0x9C, 0xD8, 0xFF, 0xEE, 0x3D, 0xE3, 0x80, 0x00, 0xE0, 0x20,
    0x3F, 0xF0, 0x0F, 0xF0, 0x00, 0x07, 0x00, 0x1C, 0x00, 0xF8, 0x03, 0xE0, 0x0D, 0xC0, 0x77, 0x01,
    0xCC, 0x06, 0x38, 0x3F, 0xE0, 0xFF, 0xC7, 0xFF, 0x1C, 0x0C, 0x60, 0x3B, 0x80, 0xEC, 0x01, 0x80,
    0xFF, 0x1F, 0xFB, 0x07, 0x60, 0x6C, 0x0D, 0x83, 0xBF, 0xE7, 0xFC, 0xC3, 0xD8, 0x1F, 0x03, 0xE0,
    0x7C, 0x1D, 0xFF, 0xBF, 0xE0, 0x00, 0x00, 0xFF, 0x3F, 0xF7, 0x82, 0x70, 0x0E, 0x00, 0xE0, 0x0E,
    0x00, 0xE0, 0x0E, 0x00, 0xE0, 0x0E, 0x00, 0x70, 0x07, 0x80, 0x3F, 0xE1, 0xFE, 0x03, 0x80, 0xFF,
    0x0F, 0xFC, 0xC1, 0xEC, 0x0E, 0xC0, 0x7C, 0x07, 0xC0, 0x3C, 0x03, 0xC0, 0x3C, 0x07, 0xC0, 0x7C,
    0x0E, 0xC1, 0xEF, 0xFC, 0xFF, 0x00, 0xFF, 0xFF, 0xF0, 0x18, 0x0C, 0x06, 0x03, 0xFD, 0xFE, 0xC0,
    0x60, 0x30, 0x18, 0x0C, 0x07, 0xFF, 0xFE, 0xFF, 0xFF, 0xF0, 0x18, 0x0C, 0x06, 0x03, 0x01, 0xFE,
    0xFF, 0x60, 0x30, 0x18, 0x0C, 0x06, 0x03, 0x00, 0x00, 0x00, 0x7F, 0x8F, 0xFC, 0xF0, 0x27, 0x00,
    0x70, 0x03, 0x80, 0x1C, 0x00, 0xE1, 0xFF, 0x0F, 0xF8, 0x0F, 0xC0, 0x77, 0x03, 0xBC, 0x1C, 0xFF,
    0xE3, 0xFF, 0x03, 0x80, 0xC0, 0x7C, 0x07, 0xC0, 0x7C, 0x07, 0xC0, 0x7C, 0x07, 0xFF, 0xFF, 0xFF,
    0xC0, 0x7C, 0x07, 0xC0, 0x7C, 0x07, 0xC0, 0x7C, 0x07, 0xC0, 0x70, 0xFE, 0xF8, 0xE1, 0xC3, 0x87,
    0x0E, 0x1C, 0x38, 0x70, 0xE1, 0xC3, 0x8F, 0xBF, 0x80, 0x0C, 0x30, 0xC3, 0x0C, 0x30, 0xC3, 0x0C,
    0x30, 0xC3, 0x0C, 0x30, 0xC7, 0x1F, 0xEF, 0x80, 0xC0, 0xF8, 0x3B, 0x0E, 0x63, 0x8C, 0xE1, 0xB8,
    0x3E, 0x07, 0xE0, 0xFE, 0x19, 0xC3, 0x1C, 0x61, 0xCC, 0x3D, 0x83, 0xB0, 0x38, 0xC0, 0x60, 0x30,
    0x18, 0x0C, 0x06, 0x03, 0x01, 0x80, 0xC0, 0x60, 0x30, 0x18, 0x0C, 0x07, 0xFF, 0xFE, 0xE0, 0x0F,
    0xE0, 0x3F, 0xC0, 0x7F, 0x81, 0xFF, 0x83, 0xFB, 0x06, 0xF7, 0x1D, 0xEE, 0x33, 0xCC, 0x67, 0x9D,
    0xCF, 0x1B, 0x1E, 0x3E, 0x3C, 0x78, 0x78, 0x70, 0xF0, 0xE1, 0x80, 0xE0, 0x3E, 0x03, 0xF0, 0x3F,
    0x83, 0xF8, 0x3D, 0xC3, 0xCE, 0x3C, 0xE3, 0xC7, 0x3C, 0x3B, 0xC3, 0xBC, 0x1F, 0xC0, 0xFC, 0x0F,
    0xC0, 0x70, 0x00, 0x00, 0x7F, 0x83, 0xFF, 0x1E, 0x0E, 0x70, 0x1F, 0x80, 0x7E, 0x01, 0xF8, 0x03,
    0xE0, 0x0F, 0x80, 0x3E, 0x01, 0xF8, 0x07, 0x70, 0x1D, 0xE0, 0xE3, 0xFF, 0x07, 0xF8, 0x03, 0x00,
    0xFF, 0x3F, 0xEC, 0x3F, 0x07, 0xC1, 0xF0, 0x7C, 0x3F, 0xFE, 0xFF, 0x3E, 0x0C, 0x03, 0x00, 0xC0,
    0x30, 0x0C, 0x00, 0x00, 0x00, 0x7F, 0x83, 0xFF, 0x1E, 0x0E, 0x70, 0x1F, 0x80, 0x7E, 0x01, 0xF8,
    0x03, 0xE0, 0x0F, 0x80, 0x3E, 0x01, 0xF8, 0x07, 0x70, 0x1D, 0xE0, 0xE3, 0xFF, 0x07, 0xF8, 0x03,
    0xE0, 0x03, 0xC0, 0x07, 0x80, 0x0E, 0xFF, 0x1F, 0xF3, 0x0F, 0x60, 0xEC, 0x1D, 0x83, 0xB0, 0xE7,
    0xFC, 0xFE, 0x18, 0xE3, 0x1C, 0x61, 0xCC, 0x1D, 0x83, 0xB0, 0x38, 0x00, 0x0F, 0xE7, 0xFB, 0x82,
    0xE0, 0x38, 0x0F, 0x01, 0xF0, 0x3F, 0x03, 0xE0, 0x3C, 0x07, 0x01, 0xC0, 0x7F, 0xFB, 0xFC, 0x18,
    0x00, 0xFF, 0xFF, 0xFF, 0x0E, 0x00, 0xE0, 0x0E, 0x00, 0xE0, 0x0E, 0x00, 0xE0, 0x0E, 0x00, 0xE0,
    0x0E, 0x00, 0xE0, 0x0E, 0x00, 0xE0, 0x0E, 0x00, 0x60, 0x3F, 0x01, 0xF8, 0x0F, 0xC0, 0x7E, 0x03,
    0xF0, 0x1F, 0x80, 0xFC, 0x07, 0xE0, 0x3F, 0x01, 0xD8, 0x0E, 0xC0, 0x67, 0x07, 0x1F, 0xF0, 0x7F,
    0x00, 0xE0, 0xC0, 0x3F, 0x01, 0xB8, 0x1C, 0xE0, 0xE7, 0x06, 0x18, 0x70, 0xE3, 0x87, 0x18, 0x19,
    0xC0, 0xEE, 0x07, 0x60, 0x1F, 0x00, 0xF0, 0x07, 0x80, 0x1C, 0x00, 0xE0, 0xE0, 0x6E, 0x0E, 0x0E,
    0x60, 0xF0, 0xE6, 0x1F, 0x0E, 0x71, 0xB0, 0xC7, 0x1B, 0x9C, 0x33, 0xB9, 0xC3, 0x39, 0x9C, 0x3B,
    0x19, 0x83, 0xB1, 0xF8, 0x1F, 0x0F, 0x81, 0xE0, 0xF0, 0x1E, 0x0F, 0x01, 0xE0, 0xF0, 0x0E, 0x07,
    0x00, 0xE0, 0x73, 0x83, 0x0C, 0x38, 0x73, 0x81, 0xD8, 0x0F, 0xC0, 0x3C, 0x01, 0xE0, 0x0F, 0x00,
    0xFC, 0x06, 0x70, 0x73, 0x87, 0x0E, 0x30, 0x3B, 0x81, 0xC0, 0xE0, 0x7E, 0x06, 0x70, 0xE7, 0x0C,
    0x39, 0xC3, 0x98, 0x1F, 0x80, 0xF0, 0x0F, 0x00, 0x60, 0x06, 0x00, 0x60, 0x06, 0x00, 0x60, 0x06,
    0x00, 0x7F, 0xE7, 0xFE, 0x00, 0xE0, 0x1C, 0x03, 0x80, 0x38, 0x07, 0x00, 0xE0, 0x0E, 0x01, 0xC0,
    0x38, 0x03, 0x80, 0x70, 0x07, 0xFE, 0xFF, 0xE0, 0xFF, 0xFE, 0x38, 0xE3, 0x8E, 0x38, 0xE3, 0x8E,
    0x38, 0xE3, 0x8E, 0x38, 0xFB, 0xF7, 0x80, 0xE0, 0xE0, 0x60, 0x70, 0x70, 0x30, 0x38, 0x18, 0x1C,
    0x1C, 0x0C, 0x0E, 0x0E, 0x06, 0x07, 0xFF, 0xF1, 0xC7, 0x1C, 0x71, 0xC7, 0x1C, 0x71, 0xC7, 0x1C,
    0x71, 0xC7, 0x7F, 0xFF, 0x80, 0x06, 0x00, 0xE0, 0x0F, 0x01, 0xB0, 0x19, 0x83, 0x98, 0x30, 0xC7,
    0x0E, 0x60, 0x66, 0x06, 0x7F, 0xCF, 0xFD, 0xFF, 0x00, 0x71, 0xC3, 0x86, 0x0F, 0x0F, 0xE3, 0xFC,
    0x03, 0x00, 0xC7, 0xF3, 0xFD, 0xC3, 0x60, 0xD8, 0x77, 0xFC, 0xFF, 0x0C, 0x00, 0xE0, 0x1C, 0x03,
    0x80, 0x70, 0x0E, 0x71, 0xFF, 0x3F, 0xF7, 0x87, 0xE0, 0xFC, 0x1F, 0x83, 0xF0, 0x7E, 0x0F, 0xE1,
    0xFF, 0xF7, 0xFC, 0x06, 0x00, 0x0E, 0x1F, 0xDF, 0xDC, 0x0E, 0x06, 0x03, 0x01, 0x80, 0xE0, 0x70,
    0x1F, 0xE7, 0xE0, 0xC0, 0x00, 0xC0, 0x18, 0x03, 0x00, 0x61, 0xCC, 0xFF, 0x9F, 0xF7, 0x0E, 0xE0,
    0xD8, 0x1B, 0x03, 0x60, 0x6E, 0x0D, 0xC3, 0x9F, 0xF1, 0xFE, 0x0C, 0x00, 0x1E, 0x0F, 0xC7, 0xFB,
    0x87, 0xE1, 0xFF, 0xFF, 0xFF, 0x00, 0xE0, 0x38, 0x07, 0xFC, 0xFE, 0x06, 0x00, 0x1F, 0x1F, 0x8E,
    0x07, 0x03, 0xE7, 0xF3, 0xF8, 0x60, 0x30, 0x18, 0x0C, 0x06, 0x03, 0x01, 0x80, 0xC0, 0x60, 0x1C,
    0x47, 0xF9, 0xFF, 0x70, 0xEE, 0x0D, 0x81, 0xB0, 0x36, 0x06, 0xE0, 0xDC, 0x39, 0xFF, 0x1F, 0xE0,
    0xCC, 0x01, 0x90, 0x73, 0xFE, 0x7F, 0x00, 0xE0, 0x1C, 0x03, 0x80, 0x70, 0x0E, 0x71, 0xFF, 0xBF,
    0xF7, 0x86, 0xE0, 0xFC, 0x1F, 0x83, 0xF0, 0x7E, 0x0F, 0xC1, 0xF8, 0x3F, 0x07, 0x5F, 0x85, 0xFF,
    0xFF, 0xFF, 0xFF, 0x08, 0x71, 0xC0, 0x08, 0x71, 0xC7, 0x1C, 0x71, 0xC7, 0x1C, 0x71, 0xC7, 0x1C,
    0x71, 0xDF, 0x78, 0xE0, 0x38, 0x0E, 0x03, 0x80, 0xE0, 0xB8, 0xEE, 0x7B, 0xBC, 0xEE, 0x3F, 0x0F,
    0xC3, 0xF8, 0xE7, 0x39, 0xCE, 0x3B, 0x87, 0xFF, 0xFF, 0xFF, 0xFF, 0xFF, 0xFF, 0x4F, 0x0E, 0x7F,
    0xDF, 0xBF, 0xFF, 0xFE, 0x3C, 0x7E, 0x1C, 0x1F, 0x0E, 0x0F, 0x87, 0x07, 0xC3, 0x83, 0xE1, 0xC1,
    0xF0, 0xE0, 0xF8, 0x70, 0x7C, 0x38, 0x30, 0x47, 0x1F, 0xFB, 0xFF, 0x78, 0x6E, 0x0F, 0xC1, 0xF8,
    0x3F, 0x07, 0xE0, 0xFC, 0x1F, 0x83, 0xF0, 0x70, 0x0E, 0x07, 0xF1, 0xFF, 0x70, 0xEE, 0x0F, 0x81,
    0xF0, 0x3F, 0x07, 0xE0, 0xFC, 0x39, 0xFF, 0x1F, 0xC0, 0xC0, 0x47, 0x1F, 0xF3, 0xFF, 0x78, 0x7E,
    0x0F, 0xC1, 0xF8, 0x3F, 0x07, 0xE0, 0xFE, 0x1B, 0xFF, 0x7F, 0xCE, 0x61, 0xC0, 0x38, 0x07, 0x00,
    0xE0, 0x00, 0x1C, 0x47, 0xF9, 0xFF, 0x70, 0xEE, 0x0D, 0x81, 0xB0, 0x36, 0x06, 0xE0, 0xDC, 0x39,
    0xFF, 0x1F, 0xE0, 0xCC, 0x01, 0x80, 0x30, 0x06, 0x00, 0xC0, 0x46, 0xFF, 0xFE, 0xF0, 0xE0, 0xE0,
    0xE0, 0xE0, 0xE0, 0xE0, 0xE0, 0xE0, 0x3C, 0x3F, 0xBF, 0xD8, 0x0E, 0x07, 0xC0, 0xF8, 0x1E, 0x03,
    0x01, 0xBF, 0xDF, 0xC3, 0x80, 0x30, 0x30, 0x7E, 0xFE, 0xFE, 0x30, 0x30, 0x30, 0x30, 0x30, 0x30,
    0x30, 0x3E, 0x3E, 0x0C, 0x40, 0x5C, 0x1B, 0x83, 0x70, 0x6E, 0x0D, 0xC1, 0xB8, 0x37, 0x06, 0xE0,
    0xDC, 0x39, 0xFF, 0x3F, 0xE0, 0xC0, 0xC0, 0x5C, 0x1F, 0x83, 0x30, 0xE7, 0x1C, 0xE3, 0x0C, 0xE1,
    0xD8, 0x1B, 0x03, 0xE0, 0x78, 0x07, 0x00, 0xC1, 0x83, 0x70, 0xE1, 0xB8, 0xF1, 0xCC, 0x78, 0xE6,
    0x3E, 0x63, 0xBB, 0x31, 0xD9, 0xB8, 0x6C, 0xFC, 0x3E, 0x7C, 0x1F, 0x1E, 0x07, 0x0F, 0x03, 0x87,
    0x80, 0x40, 0x4E, 0x39, 0xC7, 0x1D, 0xC1, 0xF0, 0x3E, 0x03, 0x80, 0xF8, 0x3B, 0x87, 0x71, 0xC7,
    0x70, 0x70, 0xC0, 0x5C, 0x1F, 0x83, 0x30, 0xE7, 0x1C, 0xE3, 0x0E, 0xE1, 0xD8, 0x1B, 0x03, 0xE0,
    0x38, 0x07, 0x00, 0xE0, 0x18, 0x07, 0x07, 0xC0, 0xF0, 0x00, 0x7F, 0xBF, 0xDF, 0xE0, 0xE0, 0x70,
    0x70, 0x70, 0x38, 0x38, 0x38, 0x1F, 0xFF, 0xF0, 0x0F, 0x1F, 0x1C, 0x18, 0x18, 0x18, 0x18, 0x38,
    0xF8, 0xF0, 0x38, 0x18, 0x18, 0x18, 0x18, 0x18, 0x1E, 0x0F, 0x02, 0x6D, 0xB6, 0xDB, 0x6D, 0xB6,
    0xDB, 0x6D, 0xB6, 0x00, 0xF0, 0xF8, 0x38, 0x18, 0x18, 0x18, 0x18, 0x18, 0x1F, 0x0F, 0x1C, 0x18,
    0x18, 0x18, 0x18, 0x38, 0x78, 0xF0, 0x40, 0x78, 0x7F, 0xF8, 0xFC, 0x00, 0x6E, 0xE6, 0x06, 0x66,
    0x66, 0x6E, 0xEE, 0xEE, 0x00, 0x01, 0x80, 0xF0, 0xFE, 0x7F, 0x9C, 0x06, 0x01, 0x80, 0x60, 0x18,
    0x06, 0x01, 0xC0, 0x3F, 0x8F, 0xE0, 0x60, 0x18, 0x04, 0x00, 0x00, 0x00, 0xFE, 0x1F, 0xE1, 0x80,
    0x38, 0x03, 0x80, 0x38, 0x03, 0x80, 0xFF, 0x87, 0xF8, 0x38, 0x03, 0x80, 0x38, 0x03, 0x00, 0xFF,
    0xEF, 0xFF, 0x00, 0x37, 0xBF, 0xFD, 0xCE, 0x61, 0x98, 0x66, 0x19, 0xCE, 0x7F, 0xBF, 0xF0, 0x00,
    0xE0, 0x76, 0x06, 0x70, 0xE3, 0x0C, 0x39, 0xC1, 0x98, 0x1F, 0x80, 0xF0, 0x3F, 0xC3, 0xFC, 0x06,
    0x03, 0xFC, 0x3F, 0xC0, 0x60, 0x06, 0x00, 0x6D, 0xB6, 0xDB, 0x00, 0x00, 0xDB, 0x6D, 0xB6, 0x00,
    0x7F, 0x7F, 0xB8, 0x1C, 0x07, 0x83, 0xF3, 0xBD, 0x87, 0xE3, 0xBD, 0x8F, 0xC1, 0xE0, 0x38, 0x1F,
    0xFD, 0xFC, 0x00, 0x00, 0x03, 0x3C, 0xC0, 0x00, 0x00, 0x0F, 0xE0, 0x3E, 0x78, 0x70, 0x1C, 0x67,
    0xEE, 0xCF, 0xE6, 0xCC, 0x06, 0xCC, 0x03, 0xCC, 0x03, 0xCC, 0x03, 0xCC, 0x06, 0xCF, 0xE6, 0x67,
    0xEE, 0x71, 0x9C, 0x3C, 0x78, 0x0F, 0xF0, 0x01, 0x80, 0x00, 0xF9, 0xB8, 0xF7, 0xFC, 0xFB, 0xBF,
    0x00, 0x0C, 0xC7, 0x73, 0xB9, 0xDC, 0x66, 0x1D, 0xC3, 0xB8, 0x77, 0x0C, 0xC0, 0x00, 0x3F, 0xFF,
    0xFC, 0x03, 0x00, 0xC0, 0x30, 0x0C, 0x7F, 0xF7, 0xC0, 0x00, 0x00, 0x0F, 0xE0, 0x3E, 0x78, 0x70,
    0x1C, 0x6F, 0xCE, 0xCF, 0xE6, 0xCE, 0x66, 0xCE, 0xE3, 0xCF, 0xE3, 0xCF, 0xC3, 0xCE, 0xC6, 0xCE,
    0xE6, 0x6E, 0x7E, 0x74, 0x3C, 0x3C, 0x78, 0x0F, 0xF0, 0x01, 0x80, 0x7F, 0xE7, 0xFF, 0x7F, 0xE0,
    0x00, 0xFB, 0xFE, 0x3C, 0x7D, 0xDF, 0x1C, 0x0C, 0x03, 0x00, 0xC0, 0x30, 0xFF, 0xBF, 0xFF, 0xFC,
    0x30, 0x0C, 0x03, 0x00, 0xC3, 0xFF, 0xFF, 0xC0, 0x7D, 0xF9, 0x38, 0x70, 0xC3, 0x0C, 0x30, 0xFF,
    0xFC, 0x7D, 0xFC, 0x18, 0x77, 0xC7, 0xC1, 0xC3, 0xFC, 0xF0, 0x38, 0xC7, 0x10, 0x40, 0x5C, 0x1F,
    0x83, 0xF0, 0x7E, 0x0F, 0xC1, 0xF8, 0x3F, 0x07, 0xE0, 0xFC, 0x3F, 0xFF, 0xFF, 0xFE, 0xC1, 0xC0,
    0x38, 0x07, 0x00, 0xE0, 0x00, 0x3F, 0xEF, 0xFF, 0xF9, 0xFF, 0x3F, 0xE7, 0xFC, 0xFF, 0x9F, 0xF3,
    0xFE, 0x6F, 0xCC, 0xF9, 0x81, 0x30, 0x26, 0x04, 0xC0, 0x98, 0x13, 0x02, 0x60, 0x4C, 0x09, 0x80,
    0x6E, 0xE4, 0x63, 0x8F, 0xFF, 0x00, 0x1B, 0xDE, 0xB1, 0x8C, 0x63, 0x18, 0xC0, 0x00, 0x7C, 0x6E,
    0xC6, 0xC7, 0xC6, 0x7E, 0x3C, 0x00, 0x66, 0x1D, 0xC3, 0xB8, 0xE6, 0x1D, 0xCE, 0x73, 0xB9, 0xDC,
    0x66, 0x00, 0x38, 0x18, 0x78, 0x38, 0x78, 0x30, 0x18, 0x70, 0x18, 0x60, 0x18, 0xC0, 0x19, 0xCC,
    0x19, 0x9C, 0x1B, 0xBC, 0x03, 0x3C, 0x06, 0x6C, 0x0E, 0xFE, 0x0C, 0xFF, 0x1C, 0x0C, 0x18, 0x0C,
    0x38, 0x38, 0x78, 0x30, 0xF8, 0x70, 0x18, 0x60, 0x18, 0xC0, 0x19, 0xC0, 0x19, 0xBE, 0x1B, 0xFE,
    0x1B, 0x07, 0x06, 0x06, 0x0E, 0x0E, 0x0C, 0x1C, 0x1C, 0x38, 0x18, 0x7E, 0x30, 0x7F, 0x00, 0x00,
    0x7E, 0x06, 0x3F, 0x87, 0x01, 0xC3, 0x03, 0xC3, 0x83, 0xE1, 0x80, 0x39, 0x80, 0x0D, 0xCC, 0xCE,
    0xCE, 0x7E, 0xCF, 0x0C, 0xEF, 0x80, 0x66, 0xC0, 0x77, 0xF0, 0x33, 0xF8, 0x30, 0x18, 0x38, 0x0C,
    0x0C, 0x07, 0x03, 0x81, 0x80, 0x00, 0x60, 0x30, 0x38, 0x3C, 0x3C, 0x18, 0x1C, 0x0E, 0x07, 0x09,
    0xFE, 0x7E, 0x0E, 0x00, 0x38, 0x00, 0x70, 0x00, 0xC0, 0x00, 0x00, 0x1C, 0x00, 0x70, 0x03, 0xE0,
    0x0F, 0x80, 0x37, 0x01, 0xDC, 0x07, 0x30, 0x18, 0xE0, 0xFF, 0x83, 0xFF, 0x1F, 0xFC, 0x70, 0x31,
    0x80, 0xEE, 0x03, 0xB0, 0x06, 0x01, 0xC0, 0x0E, 0x00, 0x30, 0x01, 0x80, 0x00, 0x00, 0x1C, 0x00,
    0x70, 0x03, 0xE0, 0x0F, 0x80, 0x37, 0x01, 0xDC, 0x07, 0x30, 0x18, 0xE0, 0xFF, 0x83, 0xFF, 0x1F,
    0xFC, 0x70, 0x31, 0x80, 0xEE, 0x03, 0xB0, 0x06, 0x07, 0x00, 0x3E, 0x01, 0xDC, 0x06, 0x30, 0x00,
    0x00, 0x1C, 0x00, 0x70, 0x03, 0xE0, 0x0F, 0x80, 0x37, 0x01, 0xDC, 0x07, 0x30, 0x18, 0xE0, 0xFF,
    0x83, 0xFF, 0x1F, 0xFC, 0x70, 0x31, 0x80, 0xEE, 0x03, 0xB0, 0x06, 0x0C, 0x60, 0x7F, 0x81, 0xFC,
    0x04, 0x60, 0x00, 0x00, 0x1C, 0x00, 0x70, 0x03, 0xE0, 0x0F, 0x80, 0x37, 0x01, 0xDC, 0x07, 0x30,
    0x18, 0xE0, 0xFF, 0x83, 0xFF, 0x1F, 0xFC, 0x70, 0x31, 0x80, 0xEE, 0x03, 0xB0, 0x06, 0x08, 0x80,
    0x77, 0x00, 0xDC, 0x00, 0x00, 0x00, 0x00, 0x1C, 0x00, 0x70, 0x03, 0xE0, 0x0F, 0x80, 0x37, 0x01,
    0xDC, 0x07, 0x30, 0x18, 0xE0, 0xFF, 0x83, 0xFF, 0x1F, 0xFC, 0x70, 0x31, 0x80, 0xEE, 0x03, 0xB0,
    0x06, 0x00, 0x00, 0x1E, 0x00, 0xD8, 0x03, 0x60, 0x0F, 0x80, 0x1C, 0x00, 0xF8, 0x03, 0xE0, 0x0D,
    0xC0, 0x77, 0x01, 0xCC, 0x06, 0x38, 0x3F, 0xE0, 0xFF, 0xC7, 0xFF, 0x1C, 0x0C, 0x60, 0x3B, 0x80,
    0xEC, 0x01, 0x80, 0x01, 0xFF, 0xC0, 0x3F, 0xF8, 0x06, 0xE0, 0x01, 0xDC, 0x00, 0x33, 0x80, 0x0E,
    0x70, 0x01, 0x8F, 0xF0, 0x71, 0xFE, 0x0F, 0xF8, 0x03, 0xFF, 0x00, 0x7F, 0xE0, 0x1C, 0x1C, 0x03,
    0x83, 0x80, 0xE0, 0x7F, 0x9C, 0x0F, 0xF0, 0x00, 0x00, 0xFF, 0x3F, 0xF7, 0x82, 0x70, 0x0E, 0x00,
    0xE0, 0x0E, 0x00, 0xE0, 0x0E, 0x00, 0xE0, 0x0E, 0x00, 0x70, 0x07, 0x80, 0x3F, 0xE1, 0xFE, 0x03,
    0x80, 0x78, 0x01, 0x80, 0x78, 0x0F, 0x80, 0x70, 0x1C, 0x07, 0x01, 0x80, 0x07, 0xFF, 0xFF, 0x80,
    0xC0, 0x60, 0x30, 0x1F, 0xEF, 0xF6, 0x03, 0x01, 0x80, 0xC0, 0x60, 0x3F, 0xFF, 0xF0, 0x07, 0x07,
    0x07, 0x03, 0x00, 0x07, 0xFF, 0xFF, 0x80, 0xC0, 0x60, 0x30, 0x1F, 0xEF, 0xF6, 0x03, 0x01, 0x80,
    0xC0, 0x60, 0x3F, 0xFF, 0xF0, 0x1C, 0x1F, 0x1D, 0xCC, 0x60, 0x07, 0xFF, 0xFF, 0x80, 0xC0, 0x60,
    0x30, 0x1F, 0xEF, 0xF6, 0x03, 0x01, 0x80, 0xC0, 0x60, 0x3F, 0xFF, 0xF0, 0x22, 0x3B, 0x9D, 0x80,
    0x00, 0x07, 0xFF, 0xFF, 0x80, 0xC0, 0x60, 0x30, 0x1F, 0xEF, 0xF6, 0x03, 0x01, 0x80, 0xC0, 0x60,
    0x3F, 0xFF, 0xF0, 0x70, 0xE0, 0xE0, 0xC0, 0x1F, 0xDF, 0x1C, 0x38, 0x70, 0xE1, 0xC3, 0x87, 0x0E,
    0x1C, 0x38, 0x71, 0xF7, 0xF0, 0x0E, 0x38, 0xE1, 0x80, 0x1F, 0xDF, 0x1C, 0x38, 0x70, 0xE1, 0xC3,
    0x87, 0x0E, 0x1C, 0x38, 0x71, 0xF7, 0xF0, 0x38, 0x7C, 0xEE, 0xC6, 0x00, 0xFE, 0x7C, 0x38, 0x38,
    0x38, 0x38, 0x38, 0x38, 0x38, 0x38, 0x38, 0x38, 0x38, 0x7C, 0xFE, 0x45, 0xDF, 0xB8, 0x00, 0x1F,
    0xDF, 0x1C, 0x38, 0x70, 0xE1, 0xC3, 0x87, 0x0E, 0x1C, 0x38, 0x71, 0xF7, 0xF0, 0x3F, 0xC0, 0xFF,
    0xC3, 0x07, 0x8C, 0x0E, 0x30, 0x1C, 0xC0, 0x77, 0xF0, 0xFF, 0xC3, 0xFF, 0x0C, 0xC0, 0x73, 0x01,
    0xCC, 0x0E, 0x30, 0x78, 0xFF, 0xC3, 0xFC, 0x00, 0x08, 0x43, 0xFC, 0x3F, 0xC2, 0x30, 0x00, 0x0E,
    0x03, 0xE0, 0x3F, 0x03, 0xF8, 0x3F, 0x83, 0xDC, 0x3C, 0xE3, 0xCE, 0x3C, 0x73, 0xC3, 0xBC, 0x3B,
    0xC1, 0xFC, 0x0F, 0xC0, 0xFC, 0x07, 0x0E, 0x00, 0x1C, 0x00, 0x38, 0x00, 0x60, 0x00, 0x00, 0x7F,
    0x83, 0xFF, 0x1E, 0x0E, 0x70, 0x1F, 0x80, 0x7E, 0x01, 0xF8, 0x03, 0xE0, 0x0F, 0x80, 0x3E, 0x01,
    0xF8, 0x07, 0x70, 0x1D, 0xE0, 0xE3, 0xFF, 0x07, 0xF8, 0x03, 0x00, 0x01, 0xC0, 0x07, 0x00, 0x38,
    0x00, 0xC0, 0x00, 0x00, 0x7F, 0x83, 0xFF, 0x1E, 0x0E, 0x70, 0x1F, 0x80, 0x7E, 0x01, 0xF8, 0x03,
    0xE0, 0x0F, 0x80, 0x3E, 0x01, 0xF8, 0x07, 0x70, 0x1D, 0xE0, 0xE3, 0xFF, 0x07, 0xF8, 0x03, 0x00,
    0x07, 0x80, 0x1F, 0x00, 0xEE, 0x06, 0x18, 0x00, 0x00, 0x7F, 0x83, 0xFF, 0x1E, 0x0E, 0x70, 0x1F,
    0x80, 0x7E, 0x01, 0xF8, 0x03, 0xE0, 0x0F, 0x80, 0x3E, 0x01, 0xF8, 0x07, 0x70, 0x1D, 0xE0, 0xE3,
    0xFF, 0x07, 0xF8, 0x03, 0x00, 0x04, 0x20, 0x3F, 0x81, 0xFE, 0x06, 0x30, 0x00, 0x00, 0x7F, 0x83,
    0xFF, 0x1E, 0x0E, 0x70, 0x1F, 0x80, 0x7E, 0x01, 0xF8, 0x03, 0xE0, 0x0F, 0x80, 0x3E, 0x01, 0xF8,
    0x07, 0x70, 0x1D, 0xE0, 0xE3, 0xFF, 0x07, 0xF8, 0x03, 0x00, 0x00, 0x00, 0x33, 0x00, 0xCC, 0x00,
    0x00, 0x00, 0x00, 0x7F, 0x83, 0xFF, 0x1E, 0x0E, 0x70, 0x1F, 0x80, 0x7E, 0x01, 0xF8, 0x03, 0xE0,
    0x0F, 0x80, 0x3E, 0x01, 0xF8, 0x07, 0x70, 0x1D, 0xE0, 0xE3, 0xFF, 0x07, 0xF8, 0x03, 0x00, 0xC0,
    0xB8, 0x77, 0x38, 0xFC, 0x1E, 0x07, 0x83, 0xF1, 0xCE, 0xE1, 0xC0, 0x00, 0x00, 0x18, 0x7F, 0xE3,
    0xFF, 0x9E, 0x1E, 0x70, 0x7F, 0x83, 0xFE, 0x1D, 0xF8, 0xE3, 0xE3, 0x0F, 0x9C, 0x3E, 0xE1, 0xFB,
    0x07, 0x7C, 0x1D, 0xE0, 0xE7, 0xFF, 0x1F, 0xF8, 0x63, 0x00, 0x0E, 0x00, 0x70, 0x01, 0xC0, 0x06,
    0x00, 0x00, 0x30, 0x1F, 0x80, 0xFC, 0x07, 0xE0, 0x3F, 0x01, 0xF8, 0x0F, 0xC0, 0x7E, 0x03, 0xF0,
    0x1F, 0x80, 0xEC, 0x07, 0x60, 0x33, 0x83, 0x8F, 0xF8, 0x3F, 0x80, 0x70, 0x00, 0x01, 0xC0, 0x1C,
    0x00, 0xC0, 0x0C, 0x00, 0x00, 0x30, 0x1F, 0x80, 0xFC, 0x07, 0xE0, 0x3F, 0x01, 0xF8, 0x0F, 0xC0,
    0x7E, 0x03, 0xF0, 0x1F, 0x80, 0xEC, 0x07, 0x60, 0x33, 0x83, 0x8F, 0xF8, 0x3F, 0x80, 0x70, 0x00,
    0x07, 0x00, 0x7C, 0x07, 0x70, 0x31, 0x80, 0x00, 0x30, 0x1F, 0x80, 0xFC, 0x07, 0xE0, 0x3F, 0x01,
    0xF8, 0x0F, 0xC0, 0x7E, 0x03, 0xF0, 0x1F, 0x80, 0xEC, 0x07, 0x60, 0x33, 0x83, 0x8F, 0xF8, 0x3F,
    0x80, 0x70, 0x00, 0x08, 0x80, 0xEE, 0x03, 0x70, 0x00, 0x00, 0x00, 0x30, 0x1F, 0x80, 0xFC, 0x07,
    0xE0, 0x3F, 0x01, 0xF8, 0x0F, 0xC0, 0x7E, 0x03, 0xF0, 0x1F, 0x80, 0xEC, 0x07, 0x60, 0x33, 0x83,
    0x8F, 0xF8, 0x3F, 0x80, 0x70, 0x00, 0x03, 0x80, 0x70, 0x06, 0x00, 0x40, 0x00, 0x0E, 0x07, 0xE0,
    0x67, 0x0E, 0x70, 0xC3, 0x9C, 0x39, 0x81, 0xF8, 0x0F, 0x00, 0xF0, 0x06, 0x00, 0x60, 0x06, 0x00,
    0x60, 0x06, 0x00, 0x60, 0xC0, 0x30, 0x0F, 0xC3, 0xFC, 0xFF, 0xB0, 0x7C, 0x1F, 0x07, 0xC1, 0xF0,
    0xEF, 0xFB, 0xF8, 0xC0, 0x30, 0x0C, 0x00, 0x3F, 0x87, 0xFC, 0x61, 0xCE, 0x0C, 0xE1, 0xCE, 0x38,
    0xE7, 0x0E, 0x60, 0xE7, 0x0E, 0x3C, 0xE1, 0xEE, 0x0E, 0xE0, 0x7E, 0x07, 0xEF, 0xEE, 0xFE, 0x03,
    0x00, 0x1C, 0x03, 0x80, 0x60, 0x08, 0x0F, 0x0F, 0xE3, 0xFC, 0x03, 0x00, 0xC7, 0xF3, 0xFD, 0xC3,
    0x60, 0xD8, 0x77, 0xFC, 0xFF, 0x0C, 0x00, 0x03, 0x81, 0xC0, 0x60, 0x10, 0x0F, 0x0F, 0xE3, 0xFC,
    0x03, 0x00, 0xC7, 0xF3, 0xFD, 0xC3, 0x60, 0xD8, 0x77, 0xFC, 0xFF, 0x0C, 0x00, 0x0E, 0x07, 0xC3,
    0xB8, 0xC3, 0x0F, 0x0F, 0xE3, 0xFC, 0x03, 0x00, 0xC7, 0xF3, 0xFD, 0xC3, 0x60, 0xD8, 0x77, 0xFC,
    0xFF, 0x0C, 0x00, 0x08, 0xCF, 0xF3, 0xF8, 0x8C, 0x0F, 0x0F, 0xE3, 0xFC, 0x03, 0x00, 0xC7, 0xF3,
    0xFD, 0xC3, 0x60, 0xD8, 0x77, 0xFC, 0xFF, 0x0C, 0x00, 0x00, 0x06, 0x61, 0x98, 0x00, 0x0F, 0x0F,
    0xE3, 0xFC, 0x03, 0x00, 0xC7, 0xF3, 0xFD, 0xC3, 0x60, 0xD8, 0x77, 0xFC, 0xFF, 0x0C, 0x00, 0x00,
    0x03, 0xC1, 0xB0, 0x64, 0x0F, 0x01, 0x80, 0xF0, 0xFE, 0x3F, 0xC0, 0x30, 0x0C, 0x7F, 0x3F, 0xDC,
    0x36, 0x0D, 0x87, 0x7F, 0xCF, 0xF0, 0xC0, 0x0E, 0x1C, 0x1F, 0xFF, 0x8F, 0xFF, 0xE0, 0x3C, 0x70,
    0x0C, 0x18, 0xFF, 0xFD, 0xFF, 0xFE, 0xE3, 0x80, 0x61, 0xC0, 0x30, 0xF0, 0x1F, 0xFF, 0xE7, 0xE7,
    0xF0, 0x80, 0xC0, 0x0E, 0x1F, 0xDF, 0xDC, 0x0E, 0x06, 0x03, 0x01, 0x80, 0xE0, 0x70, 0x1F, 0xE7,
    0xE0, 0xC0, 0xF0, 0x18, 0x3C, 0x3E, 0x00, 0x38, 0x07, 0x00, 0xC0, 0x18, 0x1E, 0x0F, 0xC7, 0xFB,
    0x87, 0xE1, 0xFF, 0xFF, 0xFF, 0x00, 0xE0, 0x38, 0x07, 0xFC, 0xFE, 0x06, 0x00, 0x07, 0x01, 0x80,
    0xE0, 0x20, 0x1E, 0x0F, 0xC7, 0xFB, 0x87, 0xE1, 0xFF, 0xFF, 0xFF, 0x00, 0xE0, 0x38, 0x07, 0xFC,
    0xFE, 0x06, 0x00, 0x1E, 0x0F, 0x83, 0x71, 0x86, 0x1E, 0x0F, 0xC7, 0xFB, 0x87, 0xE1, 0xFF, 0xFF,
    0xFF, 0x00, 0xE0, 0x38, 0x07, 0xFC, 0xFE, 0x06, 0x00, 0x00, 0x0C, 0xC3, 0x30, 0x00, 0x1E, 0x0F,
    0xC7, 0xFB, 0x87, 0xE1, 0xFF, 0xFF, 0xFF, 0x00, 0xE0, 0x38, 0x07, 0xFC, 0xFE, 0x06, 0x00, 0x71,
    0xC3, 0x82, 0x10, 0xE3, 0x8E, 0x38, 0xE3, 0x8E, 0x38, 0xE3, 0x8E, 0x3B, 0x99, 0x84, 0x73, 0x9C,
    0xE7, 0x39, 0xCE, 0x73, 0x9C, 0x38, 0x7C, 0xEE, 0xC6, 0x10, 0x38, 0x38, 0x38, 0x38, 0x38, 0x38,
    0x38, 0x38, 0x38, 0x38, 0x38, 0x45, 0xDD, 0xB8, 0x01, 0x07, 0x0E, 0x1C, 0x38, 0x70, 0xE1, 0xC3,
    0x87, 0x0E, 0x1C, 0x19, 0x83, 0xF0, 0x3C, 0x1F, 0xC3, 0xB8, 0x03, 0x8F, 0xF3, 0xFF, 0xE1, 0xFC,
    0x1F, 0x03, 0xE0, 0x7E, 0x0F, 0xC1, 0x9F, 0xF1, 0xFC, 0x0C, 0x00, 0x18, 0x87, 0xF1, 0xFE, 0x31,
    0x84, 0x71, 0xFF, 0xBF, 0xF7, 0x86, 0xE0, 0xFC, 0x1F, 0x83, 0xF0, 0x7E, 0x0F, 0xC1, 0xF8, 0x3F,
    0x07, 0x38, 0x03, 0x80, 0x38, 0x03, 0x00, 0xE0, 0x7F, 0x1F, 0xF7, 0x0E, 0xE0, 0xF8, 0x1F, 0x03,
    0xF0, 0x7E, 0x0F, 0xC3, 0x9F, 0xF1, 0xFC, 0x0C, 0x00, 0x03, 0x80, 0xE0, 0x38, 0x06, 0x00, 0xE0,
    0x7F, 0x1F, 0xF7, 0x0E, 0xE0, 0xF8, 0x1F, 0x03, 0xF0, 0x7E, 0x0F, 0xC3, 0x9F, 0xF1, 0xFC, 0x0C,
    0x00, 0x0E, 0x03, 0xE0, 0xEE, 0x10, 0xC0, 0xE0, 0x7F, 0x1F, 0xF7, 0x0E, 0xE0, 0xF8, 0x1F, 0x03,
    0xF0, 0x7E, 0x0F, 0xC3, 0x9F, 0xF1, 0xFC, 0x0C, 0x00, 0x18, 0x87, 0xF1, 0xFE, 0x31, 0x80, 0xE0,
    0x7F, 0x1F, 0xF7, 0x0E, 0xE0, 0xF8, 0x1F, 0x03, 0xF0, 0x7E, 0x0F, 0xC3, 0x9F, 0xF1, 0xFC, 0x0C,
    0x00, 0x11, 0x07, 0x70, 0xEC, 0x00, 0x00, 0xE0, 0x7F, 0x1F, 0xF7, 0x0E, 0xE0, 0xF8, 0x1F, 0x03,
    0xF0, 0x7E, 0x0F, 0xC3, 0x9F, 0xF1, 0xFC, 0x0C, 0x00, 0x00, 0x03, 0x01, 0xC0, 0x30, 0x00, 0x3F,
    0xFF, 0xFC, 0x00, 0x0C, 0x07, 0x00, 0xC0, 0x0E, 0xC7, 0xF9, 0xFF, 0x71, 0xEE, 0x7F, 0x8D, 0xF3,
    0xBE, 0xE7, 0xF8, 0xFE, 0x39, 0xFF, 0x7F, 0xC4, 0xC0, 0x1C, 0x03, 0x80, 0x38, 0x03, 0x04, 0x05,
    0xC1, 0xB8, 0x37, 0x06, 0xE0, 0xDC, 0x1B, 0x83, 0x70, 0x6E, 0x0D, 0xC3, 0x9F, 0xF3, 0xFE, 0x0C,
    0x00, 0x03, 0x80, 0xE0, 0x38, 0x06, 0x04, 0x05, 0xC1, 0xB8, 0x37, 0x06, 0xE0, 0xDC, 0x1B, 0x83,
    0x70, 0x6E, 0x0D, 0xC3, 0x9F, 0xF3, 0xFE, 0x0C, 0x00, 0x0E, 0x03, 0xE0, 0xEE, 0x18, 0xC4, 0x05,
    0xC1, 0xB8, 0x37, 0x06, 0xE0, 0xDC, 0x1B, 0x83, 0x70, 0x6E, 0x0D, 0xC3, 0x9F, 0xF3, 0xFE, 0x0C,
    0x00, 0x11, 0x07, 0x70, 0xEE, 0x00, 0x04, 0x05, 0xC1, 0xB8, 0x37, 0x06, 0xE0, 0xDC, 0x1B, 0x83,
    0x70, 0x6E, 0x0D, 0xC3, 0x9F, 0xF3, 0xFE, 0x0C, 0x00, 0x03, 0x80, 0xE0, 0x38, 0x06, 0x0C, 0x05,
    0xC1, 0xF8, 0x33, 0x0E, 0x71, 0xCE, 0x30, 0xEE, 0x1D, 0x81, 0xB0, 0x3E, 0x03, 0x80, 0x70, 0x0E,
    0x01, 0x80, 0x70, 0x7C, 0x0F, 0x00, 0xE0, 0x1C, 0x03, 0x80, 0x70, 0x0E, 0x71, 0xFF, 0x3F, 0xF7,
    0x87, 0xE0, 0xFC, 0x1F, 0x83, 0xF0, 0x7E, 0x0F, 0xE1, 0xBF, 0xF7, 0xFC, 0xE6, 0x1C, 0x03, 0x80,
    0x70, 0x0E, 0x00, 0x11, 0x07, 0x70, 0xEC, 0x00, 0x0C, 0x05, 0xC1, 0xF8, 0x33, 0x0E, 0x71, 0xCE,
    0x30, 0xEE, 0x1D, 0x81, 0xB0, 0x3E, 0x03, 0x80, 0x70, 0x0E, 0x01, 0x80, 0x70, 0x7C, 0x0F, 0x00,
    0x00, 0x00, 0x7F, 0x01, 0xFC, 0x00, 0x00, 0x07, 0x00, 0x1C, 0x00, 0xF8, 0x03, 0xE0, 0x0D, 0xC0,
    0x77, 0x01, 0xCC, 0x06, 0x38, 0x3F, 0xE0, 0xFF, 0xC7, 0xFF, 0x1C, 0x0C, 0x60, 0x3B, 0x80, 0xEC,
    0x01, 0x80, 0x00, 0x0F, 0xE1, 0xF8, 0x3C, 0x3F, 0x8F, 0xF0, 0x0C, 0x03, 0x1F, 0xCF, 0xF7, 0x0D,
    0x83, 0x61, 0xDF, 0xF3, 0xFC, 0x30, 0x18, 0xC0, 0x77, 0x00, 0xF8, 0x01, 0xC0, 0x00, 0x00, 0x1C,
    0x00, 0x70, 0x03, 0xE0, 0x0F, 0x80, 0x37, 0x01, 0xDC, 0x07, 0x30, 0x18, 0xE0, 0xFF, 0x83, 0xFF,
    0x1F, 0xFC, 0x70, 0x31, 0x80, 0xEE, 0x03, 0xB0, 0x06, 0x30, 0x8E, 0xE1, 0xF8, 0x38, 0x0F, 0x0F,
    0xE3, 0xFC, 0x03, 0x00, 0xC7, 0xF3, 0xFD, 0xC3, 0x60, 0xD8, 0x77, 0xFC, 0xFF, 0x0C, 0x00, 0x07,
    0x00, 0x1C, 0x00, 0xF8, 0x03, 0xE0, 0x0D, 0xC0, 0x77, 0x01, 0xCC, 0x06, 0x38, 0x3F, 0xE0, 0xFF,
    0xC7, 0xFF, 0x1C, 0x0C, 0x60, 0x3B, 0x80, 0xEC, 0x01, 0x80, 0x0E, 0x00, 0x30, 0x01, 0xC0, 0x03,
    0xC0, 0x0E, 0x0F, 0x07, 0xF0, 0xFF, 0x00, 0x60, 0x0C, 0x3F, 0x8F, 0xF3, 0x86, 0x60, 0xCC, 0x39,
    0xFF, 0x1F, 0xE0, 0xCC, 0x03, 0x00, 0x60, 0x0F, 0x00, 0xE0, 0x01, 0xC0, 0x18, 0x03, 0x80, 0x20,
    0x00, 0x00, 0xFF, 0x3F, 0xF7, 0x82, 0x70, 0x0E, 0x00, 0xE0, 0x0E, 0x00, 0xE0, 0x0E, 0x00, 0xE0,
    0x0E, 0x00, 0x70, 0x07, 0x80, 0x3F, 0xE1, 0xFE, 0x03, 0x80, 0x07, 0x03, 0x03, 0x81, 0x00, 0xE1,
    0xFD, 0xFD, 0xC0, 0xE0, 0x60, 0x30, 0x18, 0x0E, 0x07, 0x01, 0xFE, 0x7E, 0x0C, 0x00, 0x07, 0x80,
    0xF8, 0x0D, 0xC1, 0x86, 0x00, 0x00, 0xFF, 0x3F, 0xF7, 0x82, 0x70, 0x0E, 0x00, 0xE0, 0x0E, 0x00,
    0xE0, 0x0E, 0x00, 0xE0, 0x0E, 0x00, 0x70, 0x07, 0x80, 0x3F, 0xE1, 0xFE, 0x03, 0x80, 0x1E, 0x1F,
    0x0D, 0xCC, 0x30, 0xE1, 0xFD, 0xFD, 0xC0, 0xE0, 0x60, 0x30, 0x18, 0x0E, 0x07, 0x01, 0xFE, 0x7E,
    0x0C, 0x00, 0x03, 0x00, 0x30, 0x03, 0x00, 0x00, 0x00, 0x00, 0xFF, 0x3F, 0xF7, 0x82, 0x70, 0x0E,
    0x00, 0xE0, 0x0E, 0x00, 0xE0, 0x0E, 0x00, 0xE0, 0x0E, 0x00, 0x70, 0x07, 0x80, 0x3F, 0xE1, 0xFE,
    0x03, 0x80, 0x0C, 0x06, 0x03, 0x00, 0x00, 0xE1, 0xFD, 0xFD, 0xC0, 0xE0, 0x60, 0x30, 0x18, 0x0E,
    0x07, 0x01, 0xFE, 0x7E, 0x0C, 0x00, 0x1C, 0xE0, 0xFC, 0x07, 0x80, 0x30, 0x00, 0x00, 0xFF, 0x3F,
    0xF7, 0x82, 0x70, 0x0E, 0x00, 0xE0, 0x0E, 0x00, 0xE0, 0x0E, 0x00, 0xE0, 0x0E, 0x00, 0x70, 0x07,
    0x80, 0x3F, 0xE1, 0xFE, 0x03, 0x80, 0x73, 0x9F, 0x87, 0x81, 0x80, 0xE1, 0xFD, 0xFD, 0xC0, 0xE0,
    0x60, 0x30, 0x18, 0x0E, 0x07, 0x01, 0xFE, 0x7E, 0x0C, 0x00, 0x31, 0x81, 0xF0, 0x1F, 0x00, 0xE0,
    0x00, 0x0F, 0xF0, 0xFF, 0xCC, 0x1E, 0xC0, 0xEC, 0x07, 0xC0, 0x7C, 0x03, 0xC0, 0x3C, 0x03, 0xC0,
    0x7C, 0x07, 0xC0, 0xEC, 0x1E, 0xFF, 0xCF, 0xF0, 0x00, 0xDC, 0x03, 0x60, 0x0D, 0x80, 0x34, 0x1C,
    0xC1, 0xFF, 0x07, 0xFC, 0x38, 0x70, 0xE0, 0xC3, 0x03, 0x0C, 0x0C, 0x30, 0x30, 0xE0, 0xC3, 0x87,
    0x07, 0xFC, 0x0F, 0xF0, 0x0C, 0x00, 0x3F, 0xC0, 0xFF, 0xC3, 0x07, 0x8C, 0x0E, 0x30, 0x1C, 0xC0,
    0x77, 0xF0, 0xFF, 0xC3, 0xFF, 0x0C, 0xC0, 0x73, 0x01, 0xCC, 0x0E, 0x30, 0x78, 0xFF, 0xC3, 0xFC,
    0x00, 0x00, 0xC0, 0x0C, 0x1F, 0xF0, 0xFF, 0x1C, 0xC3, 0xFC, 0x7F, 0xCE, 0x1C, 0xE0, 0xCE, 0x0C,
    0xC0, 0xCE, 0x0C, 0xE0, 0xCE, 0x1C, 0x7F, 0xC3, 0xFC, 0x0C, 0x00, 0x00, 0x3F, 0x9F, 0xC0, 0x0F,
    0xFF, 0xFF, 0x01, 0x80, 0xC0, 0x60, 0x3F, 0xDF, 0xEC, 0x06, 0x03, 0x01, 0x80, 0xC0, 0x7F, 0xFF,
    0xE0, 0x00, 0x1F, 0xC3, 0xF0, 0x78, 0x3F, 0x1F, 0xEE, 0x1F, 0x87, 0xFF, 0xFF, 0xFC, 0x03, 0x80,
    0xE0, 0x1F, 0xF3, 0xF8, 0x18, 0x43, 0x3B, 0x9F, 0x83, 0x80, 0x07, 0xFF, 0xFF, 0x80, 0xC0, 0x60,
    0x30, 0x1F, 0xEF, 0xF6, 0x03, 0x01, 0x80, 0xC0, 0x60, 0x3F, 0xFF, 0xF0, 0x21, 0x0D, 0xC3, 0xF0,
    0x70, 0x1E, 0x0F, 0xC7, 0xFB, 0x87, 0xE1, 0xFF, 0xFF, 0xFF, 0x00, 0xE0, 0x38, 0x07, 0xFC, 0xFE,
    0x06, 0x00, 0x08, 0x0E, 0x07, 0x00, 0x00, 0x07, 0xFF, 0xFF, 0x80, 0xC0, 0x60, 0x30, 0x1F, 0xEF,
    0xF6, 0x03, 0x01, 0x80, 0xC0, 0x60, 0x3F, 0xFF, 0xF0, 0x0C, 0x03, 0x00, 0xC0, 0x00, 0x1E, 0x0F,
    0xC7, 0xFB, 0x87, 0xE1, 0xFF, 0xFF, 0xFF, 0x00, 0xE0, 0x38, 0x07, 0xFC, 0xFE, 0x06, 0x00, 0xFF,
    0xFF, 0xF0, 0x18, 0x0C, 0x06, 0x03, 0xFD, 0xFE, 0xC0, 0x60, 0x30, 0x18, 0x0C, 0x07, 0xFF, 0xFE,
    0x0E, 0x06, 0x07, 0x01, 0xE0, 0xE0, 0x1E, 0x0F, 0xC7, 0xFB, 0x87, 0xE1, 0xFF, 0xFF, 0xFF, 0x00,
    0xE0, 0x38, 0x07, 0xFC, 0xFE, 0x07, 0x80, 0xC0, 0x70, 0x1E, 0x03, 0x80, 0x67, 0x3F, 0x0F, 0x03,
    0x80, 0x07, 0xFF, 0xFF, 0x80, 0xC0, 0x60, 0x30, 0x1F, 0xEF, 0xF6, 0x03, 0x01, 0x80, 0xC0, 0x60,
    0x3F, 0xFF, 0xF0, 0x73, 0x8F, 0xC1, 0xE0, 0x30, 0x1E, 0x0F, 0xC7, 0xFB, 0x87, 0xE1, 0xFF, 0xFF,
    0xFF, 0x00, 0xE0, 0x38, 0x07, 0xFC, 0xFE, 0x06, 0x00, 0x03, 0x80, 0x3E, 0x03, 0xB8, 0x18, 0xC0,
    0x00, 0x07, 0xF8, 0xFF, 0xCF, 0x02, 0x70, 0x07, 0x00, 0x38, 0x01, 0xC0, 0x0E, 0x1F, 0xF0, 0xFF,
    0x80, 0xFC, 0x07, 0x70, 0x3B, 0xC1, 0xCF, 0xFE, 0x3F, 0xF0, 0x38, 0x00, 0x1E, 0x03, 0xE0, 0xEE,
    0x10, 0xC1, 0xC4, 0x7F, 0x9F, 0xF7, 0x0E, 0xE0, 0xD8, 0x1B, 0x03, 0x60, 0x6E, 0x0D, 0xC3, 0x9F,
    0xF1, 0xFE, 0x0C, 0xC0, 0x19, 0x07, 0x3F, 0xE7, 0xF0, 0x0C, 0x60, 0x77, 0x01, 0xF0, 0x07, 0x00,
    0x00, 0x07, 0xF8, 0xFF, 0xCF, 0x02, 0x70, 0x07, 0x00, 0x38, 0x01, 0xC0, 0x0E, 0x1F, 0xF0, 0xFF,
    0x80, 0xFC, 0x07, 0x70, 0x3B, 0xC1, 0xCF, 0xFE, 0x3F, 0xF0, 0x38, 0x00, 0x21, 0x87, 0x70, 0xFC,
    0x07, 0x01, 0xC4, 0x7F, 0x9F, 0xF7, 0x0E, 0xE0, 0xD8, 0x1B, 0x03, 0x60, 0x6E, 0x0D, 0xC3, 0x9F,
    0xF1, 0xFE, 0x0C, 0xC0, 0x19, 0x07, 0x3F, 0xE7, 0xF0, 0x01, 0x00, 0x1C, 0x00, 0xE0, 0x00, 0x00,
    0x00, 0x07, 0xF8, 0xFF, 0xCF, 0x02, 0x70, 0x07, 0x00, 0x38, 0x01, 0xC0, 0x0E, 0x1F, 0xF0, 0xFF,
    0x80, 0xFC, 0x07, 0x70, 0x3B, 0xC1, 0xCF, 0xFE, 0x3F, 0xF0, 0x38, 0x00, 0x0C, 0x01, 0xC0, 0x30,
    0x00, 0x01, 0xC4, 0x7F, 0x9F, 0xF7, 0x0E, 0xE0, 0xD8, 0x1B, 0x03, 0x60, 0x6E, 0x0D, 0xC3, 0x9F,
    0xF1, 0xFE, 0x0C, 0xC0, 0x19, 0x07, 0x3F, 0xE7, 0xF0, 0x00, 0x00, 0x7F, 0x8F, 0xFC, 0xF0, 0x27,
    0x00, 0x70, 0x03, 0x80, 0x1C, 0x00, 0xE1, 0xFF, 0x0F, 0xF8, 0x0F, 0xC0, 0x77, 0x03, 0xBC, 0x1C,
    0xFF, 0xE3, 0xFF, 0x03, 0x80, 0x0C, 0x00, 0xE0, 0x06, 0x00, 0x30, 0x00, 0x06, 0x01, 0xC0, 0x30,
    0x06, 0x01, 0xC4, 0x7F, 0x9F, 0xF7, 0x0E, 0xE0, 0xD8, 0x1B, 0x03, 0x60, 0x6E, 0x0D, 0xC3, 0x9F,
    0xF1, 0xFE, 0x0C, 0xC0, 0x19, 0x07, 0x3F, 0xE7, 0xF0, 0x0E, 0x01, 0xF0, 0x3B, 0x83, 0x08, 0x00,
    0x0C, 0x07, 0xC0, 0x7C, 0x07, 0xC0, 0x7C, 0x07, 0xC0, 0x7F, 0xFF, 0xFF, 0xFC, 0x07, 0xC0, 0x7C,
    0x07, 0xC0, 0x7C, 0x07, 0xC0, 0x7C, 0x07, 0x38, 0x03, 0xE0, 0x3B, 0x81, 0x8C, 0x00, 0x00, 0x1C,
    0x00, 0xE0, 0x07, 0x00, 0x38, 0x01, 0xCE, 0x0F, 0xFC, 0x7F, 0xE3, 0xC3, 0x1C, 0x1C, 0xE0, 0xE7,
    0x07, 0x38, 0x39, 0xC1, 0xCE, 0x0E, 0x70, 0x73, 0x83, 0x80, 0x30, 0x1C, 0x30, 0x1C, 0xFF, 0xFF,
    0xFF, 0xFF, 0x30, 0x1C, 0x30, 0x1C, 0x3F, 0xFC, 0x3F, 0xFC, 0x30, 0x1C, 0x30, 0x1C, 0x30, 0x1C,
    0x30, 0x1C, 0x30, 0x1C, 0x30, 0x1C, 0x30, 0x1C, 0x70, 0x07, 0x00, 0xFF, 0x0F, 0xF0, 0x70, 0x07,
    0xFC, 0x7F, 0xE7, 0x8E, 0x70, 0x77, 0x07, 0x70, 0x77, 0x07, 0x70, 0x77, 0x07, 0x70, 0x77, 0x07,
    0x31, 0x3F, 0xDF, 0xC8, 0xC0, 0x03, 0xF8, 0xF8, 0x38, 0x1C, 0x0E, 0x07, 0x03, 0x81, 0xC0, 0xE0,
    0x70, 0x38, 0x1C, 0x0E, 0x0F, 0x8F, 0xE0, 0x31, 0xBF, 0xDF, 0xC8, 0xC0, 0x80, 0xE0, 0x70, 0x38,
    0x1C, 0x0E, 0x07, 0x03, 0x81, 0xC0, 0xE0, 0x70, 0x38, 0x01, 0xFF, 0xF8, 0x0F, 0xEF, 0x8E, 0x1C,
    0x38, 0x70, 0xE1, 0xC3, 0x87, 0x0E, 0x1C, 0x38, 0xFB, 0xF8, 0x01, 0xFF, 0xF8, 0x83, 0x87, 0x0E,
    0x1C, 0x38, 0x70, 0xE1, 0xC3, 0x87, 0x0E, 0x00, 0xC7, 0xDD, 0xF1, 0xC0, 0x1F, 0xDF, 0x1C, 0x38,
    0x70, 0xE1, 0xC3, 0x87, 0x0E, 0x1C, 0x38, 0x71, 0xF7, 0xF0, 0xC3, 0xDD, 0xF9, 0xC1, 0x07, 0x0E,
    0x1C, 0x38, 0x70, 0xE1, 0xC3, 0x87, 0x0E, 0x1C, 0xFE, 0xF8, 0xE1, 0xC3, 0x87, 0x0E, 0x1C, 0x38,
    0x70, 0xE1, 0xC3, 0x8F, 0xBF, 0x8E, 0x18, 0x70, 0x78, 0xE0, 0x27, 0x70, 0x27, 0x77, 0x77, 0x77,
    0x77, 0x77, 0x6E, 0xCF, 0x70, 0x10, 0x70, 0xE0, 0x00, 0x1F, 0xDF, 0x1C, 0x38, 0x70, 0xE1, 0xC3,
    0x87, 0x0E, 0x1C, 0x38, 0x71, 0xF7, 0xF0, 0x5F, 0xFF, 0xFF, 0xFF, 0xF0, 0xFE, 0x6F, 0x8C, 0xE1,
    0x9C, 0x33, 0x86, 0x70, 0xCE, 0x19, 0xC3, 0x38, 0x67, 0x0C, 0xE1, 0x9C, 0x33, 0x86, 0xF8, 0xFF,
    0x98, 0x03, 0x00, 0xE0, 0xFC, 0x1F, 0x00, 0x43, 0x71, 0xB8, 0xC0, 0x04, 0x37, 0x1B, 0x8D, 0xC6,
    0xE3, 0x71, 0xB8, 0xDC, 0x6E, 0x37, 0x1B, 0x8D, 0xC6, 0x03, 0x01, 0x80, 0xC3, 0xE1, 0xE0, 0x1C,
    0x1F, 0x1D, 0xCC, 0x30, 0x00, 0x60, 0x30, 0x18, 0x0C, 0x06, 0x03, 0x01, 0x80, 0xC0, 0x60, 0x30,
    0x18, 0x0C, 0x06, 0x03, 0x01, 0x81, 0xC0, 0xE3, 0xE1, 0xF0, 0x1C, 0x1F, 0x1D, 0xCC, 0x60, 0x80,
    0xE0, 0x70, 0x38, 0x1C, 0x0E, 0x07, 0x03, 0x81, 0xC0, 0xE0, 0x70, 0x38, 0x1C, 0x0E, 0x07, 0x0F,
    0x87, 0x80, 0xC0, 0xF8, 0x3B, 0x0E, 0x63, 0x8C, 0xE1, 0xB8, 0x3E, 0x07, 0xE0, 0xFE, 0x19, 0xC3,
    0x1C, 0x61, 0xCC, 0x3D, 0x83, 0xB0, 0x38, 0x00, 0x0C, 0x01, 0x80, 0x70, 0x0C, 0x00, 0xE0, 0x38,
    0x0E, 0x03, 0x80, 0xE0, 0xB8, 0xEE, 0x7B, 0xBC, 0xEE, 0x3F, 0x0F, 0xC3, 0xF8, 0xE7, 0x39, 0xCE,
    0x3B, 0x87, 0x00, 0x03, 0x01, 0xC0, 0x60, 0x18, 0x00, 0x40, 0xB8, 0xFE, 0x3B, 0x9C, 0xEE, 0x3F,
    0x0F, 0xC3, 0xF8, 0xE7, 0x39, 0xEE, 0x3B, 0x87, 0x38, 0x0C, 0x07, 0x01, 0x00, 0x00, 0x18, 0x06,
    0x01, 0x80, 0x60, 0x18, 0x06, 0x01, 0x80, 0x60, 0x18, 0x06, 0x01, 0x80, 0x60, 0x18, 0x07, 0xFD,
    0xFF, 0x3B, 0x99, 0x80, 0x73, 0x9C, 0xE7, 0x39, 0xCE, 0x73, 0x9C, 0xE7, 0x39, 0xCE, 0x00, 0xC0,
    0x60, 0x30, 0x18, 0x0C, 0x06, 0x03, 0x01, 0x80, 0xC0, 0x60, 0x30, 0x18, 0x0C, 0x07, 0xFF, 0xFE,
    0x00, 0x1C, 0x0E, 0x06, 0x02, 0x00, 0xEE, 0xEE, 0xEE, 0xEE, 0xEE, 0xEE, 0xEE, 0xEE, 0x06, 0x6E,
    0xC0, 0xC3, 0xE1, 0xB0, 0xD8, 0x4C, 0x06, 0x03, 0x01, 0x80, 0xC0, 0x60, 0x30, 0x18, 0x0C, 0x07,
    0xFF, 0xFE, 0xED, 0xDB, 0xF7, 0xCE, 0x1C, 0x38, 0x70, 0xE1, 0xC3, 0x87, 0x0E, 0x1C, 0x38, 0x70,
    0xC0, 0x60, 0x30, 0x18, 0x0C, 0x06, 0x03, 0x19, 0x8C, 0xC6, 0x60, 0x30, 0x18, 0x0C, 0x07, 0xFF,
    0xFE, 0xE3, 0x8E, 0x38, 0xE3, 0x8E, 0xBF, 0xFF, 0x8E, 0x38, 0xE3, 0x8E, 0x38, 0x30, 0x06, 0x00,
    0xC0, 0x18, 0x03, 0x00, 0x64, 0x0F, 0xC1, 0xF0, 0x78, 0x1E, 0x01, 0xC0, 0x18, 0x03, 0x00, 0x7F,
    0xCF, 0xF8, 0x38, 0x70, 0xE1, 0xC3, 0x87, 0x0F, 0x1F, 0x3C, 0xF1, 0xE1, 0xC3, 0x87, 0x0E, 0x1C,
    0x03, 0x80, 0x30, 0x07, 0x00, 0x40, 0x00, 0x0E, 0x03, 0xE0, 0x3F, 0x03, 0xF8, 0x3F, 0x83, 0xDC,
    0x3C, 0xE3, 0xCE, 0x3C, 0x73, 0xC3, 0xBC, 0x3B, 0xC1, 0xFC, 0x0F, 0xC0, 0xFC, 0x07, 0x03, 0x80,
    0xE0, 0x38, 0x06, 0x04, 0x71, 0xFF, 0xBF, 0xF7, 0x86, 0xE0, 0xFC, 0x1F, 0x83, 0xF0, 0x7E, 0x0F,
    0xC1, 0xF8, 0x3F, 0x07, 0xE0, 0x3E, 0x03, 0xF0, 0x3F, 0x83, 0xF8, 0x3D, 0xC3, 0xCE, 0x3C, 0xE3,
    0xC7, 0x3C, 0x3B, 0xC3, 0xBC, 0x1F, 0xC0, 0xFC, 0x0F, 0xC0, 0x70, 0x00, 0x07, 0x00, 0x60, 0x06,
    0x00, 0xC0, 0x47, 0x1F, 0xFB, 0xFF, 0x78, 0x6E, 0x0F, 0xC1, 0xF8, 0x3F, 0x07, 0xE0, 0xFC, 0x1F,
    0x83, 0xF0, 0x70, 0x00, 0x0C, 0x03, 0x80, 0x60, 0x0C, 0x00, 0x39, 0xC1, 0xF8, 0x0F, 0x00, 0x60,
    0x00, 0x0E, 0x03, 0xE0, 0x3F, 0x03, 0xF8, 0x3F, 0x83, 0xDC, 0x3C, 0xE3, 0xCE, 0x3C, 0x73, 0xC3,
    0xBC, 0x3B, 0xC1, 0xFC, 0x0F, 0xC0, 0xFC, 0x07, 0x33, 0x83, 0xE0, 0x78, 0x07, 0x04, 0x71, 0xFF,
    0xBF, 0xF7, 0x86, 0xE0, 0xFC, 0x1F, 0x83, 0xF0, 0x7E, 0x0F, 0xC1, 0xF8, 0x3F, 0x07, 0x60, 0x07,
    0x00, 0x38, 0x01, 0x83, 0x8D, 0xFF, 0x4F, 0xFC, 0x70, 0xE3, 0x87, 0x18, 0x38, 0xC1, 0xC6, 0x0E,
    0x30, 0x71, 0x83, 0x8C, 0x1C, 0x60, 0xE0, 0xE0, 0x3F, 0x03, 0xF0, 0x3F, 0x83, 0xFC, 0x3D, 0xC3,
    0xCE, 0x3C, 0x73, 0xC7, 0x3C, 0x3B, 0xC1, 0xFC, 0x1F, 0xC0, 0xFC, 0x07, 0xC0, 0x70, 0x03, 0x00,
    0x70, 0x3F, 0x03, 0xE0, 0x47, 0x1F, 0xFB, 0xFF, 0x78, 0x6E, 0x0F, 0xC1, 0xF8, 0x3F, 0x07, 0xE0,
    0xFC, 0x1F, 0x83, 0xF0, 0x70, 0x0E, 0x01, 0xC0, 0x38, 0x3E, 0x07, 0xC0, 0x00, 0x00, 0x3F, 0x80,
    0xFC, 0x00, 0x00, 0x1F, 0xE0, 0xFF, 0xC7, 0x83, 0x9C, 0x07, 0xE0, 0x1F, 0x80, 0x7E, 0x00, 0xF8,
    0x03, 0xE0, 0x0F, 0x80, 0x7E, 0x01, 0xDC, 0x07, 0x78, 0x38, 0xFF, 0xC1, 0xFE, 0x00, 0xC0, 0x00,
    0x07, 0xF0, 0xFE, 0x07, 0x03, 0xF8, 0xFF, 0xB8, 0x77, 0x07, 0xC0, 0xF8, 0x1F, 0x83, 0xF0, 0x7E,
    0x1C, 0xFF, 0x8F, 0xE0, 0x60, 0x08, 0x60, 0x3B, 0x80, 0xFC, 0x00, 0xE0, 0x00, 0x00, 0x7F, 0x83,
    0xFF, 0x1E, 0x0E, 0x70, 0x1F, 0x80, 0x7E, 0x01, 0xF8, 0x03, 0xE0, 0x0F, 0x80, 0x3E, 0x01, 0xF8,
    0x07, 0x70, 0x1D, 0xE0, 0xE3, 0xFF, 0x07, 0xF8, 0x03, 0x00, 0x21, 0x87, 0x70, 0xFC, 0x07, 0x00,
    0xE0, 0x7F, 0x1F, 0xF7, 0x0E, 0xE0, 0xF8, 0x1F, 0x03, 0xF0, 0x7E, 0x0F, 0xC3, 0x9F, 0xF1, 0xFC,
    0x0C, 0x00, 0x06, 0xE0, 0x3B, 0x01, 0xDC, 0x06, 0x40, 0x00, 0x00, 0x7F, 0x83, 0xFF, 0x1E, 0x0E,
    0x70, 0x1F, 0x80, 0x7E, 0x01, 0xF8, 0x03, 0xE0, 0x0F, 0x80, 0x3E, 0x01, 0xF8, 0x07, 0x70, 0x1D,
    0xE0, 0xE3, 0xFF, 0x07, 0xF8, 0x03, 0x00, 0x1F, 0x87, 0x70, 0xDC, 0x33, 0x00, 0xE0, 0x7F, 0x1F,
    0xF7, 0x0E, 0xE0, 0xF8, 0x1F, 0x03, 0xF0, 0x7E, 0x0F, 0xC3, 0x9F, 0xF1, 0xFC, 0x0C, 0x00, 0x00,
    0x00, 0x07, 0xFF, 0xE3, 0xFF, 0xF9, 0xE1, 0x80, 0x70, 0x60, 0x38, 0x18, 0x0E, 0x06, 0x03, 0x81,
    0xFE, 0xE0, 0x7F, 0xB8, 0x1C, 0x0E, 0x06, 0x03, 0x81, 0x80, 0x70, 0x60, 0x1E, 0x18, 0x03, 0xFF,
    0xF8, 0x7F, 0xFE, 0x03, 0x00, 0x00, 0x0E, 0x0E, 0x0F, 0xEF, 0xC7, 0xFF, 0xFB, 0x87, 0x87, 0xE0,
    0xE1, 0xF0, 0x3F, 0xFC, 0x0F, 0xFF, 0x03, 0x80, 0xE0, 0xE0, 0x38, 0x78, 0x07, 0xFF, 0xFC, 0xFC,
    0xFE, 0x0C, 0x06, 0x00, 0x07, 0x01, 0xC0, 0x70, 0x0C, 0x00, 0x01, 0xFE, 0x3F, 0xE6, 0x1E, 0xC1,
    0xD8, 0x3B, 0x07, 0x61, 0xCF, 0xF9, 0xFC, 0x31, 0xC6, 0x38, 0xC3, 0x98, 0x3B, 0x07, 0x60, 0x70,
    0x0E, 0x0E, 0x1C, 0x18, 0x46, 0xFF, 0xFE, 0xF0, 0xE0, 0xE0, 0xE0, 0xE0, 0xE0, 0xE0, 0xE0, 0xE0,
    0xFF, 0x1F, 0xF3, 0x0F, 0x60, 0xEC, 0x1D, 0x83, 0xB0, 0xE7, 0xFC, 0xFE, 0x18, 0xE3, 0x1C, 0x61,
    0xCC, 0x1D, 0x83, 0xB0, 0x38, 0x00, 0x0C, 0x01, 0x80, 0x70, 0x0C, 0x00, 0x46, 0xFF, 0xFE, 0xF0,
    0xE0, 0xE0, 0xE0, 0xE0, 0xE0, 0xE0, 0xE0, 0xE0, 0x00, 0x60, 0x60, 0xC0, 0xC0, 0x63, 0x07, 0xC0,
    0xF0, 0x0E, 0x00, 0x01, 0xFE, 0x3F, 0xE6, 0x1E, 0xC1, 0xD8, 0x3B, 0x07, 0x61, 0xCF, 0xF9, 0xFC,
    0x31, 0xC6, 0x38, 0xC3, 0x98, 0x3B, 0x07, 0x60, 0x70, 0xE7, 0x7E, 0x3C, 0x18, 0x46, 0xFF, 0xFE,
    0xF0, 0xE0, 0xE0, 0xE0, 0xE0, 0xE0, 0xE0, 0xE0, 0xE0, 0x07, 0x01, 0x80, 0xE0, 0x20, 0x00, 0x0F,
    0xE7, 0xFB, 0x82, 0xE0, 0x38, 0x0F, 0x01, 0xF0, 0x3F, 0x03, 0xE0, 0x3C, 0x07, 0x01, 0xC0, 0x7F,
    0xFB, 0xFC, 0x18, 0x00, 0x0E, 0x07, 0x07, 0x03, 0x03, 0xC3, 0xFB, 0xFD, 0x80, 0xE0, 0x7C, 0x0F,
    0x81, 0xE0, 0x30, 0x1B, 0xFD, 0xFC, 0x38, 0x00, 0x1E, 0x0F, 0x83, 0x71, 0x86, 0x00, 0x0F, 0xE7,
    0xFB, 0x82, 0xE0, 0x38, 0x0F, 0x01, 0xF0, 0x3F, 0x03, 0xE0, 0x3C, 0x07, 0x01, 0xC0, 0x7F, 0xFB,
    0xFC, 0x18, 0x00, 0x3C, 0x3E, 0x1B, 0x98, 0x63, 0xC3, 0xFB, 0xFD, 0x80, 0xE0, 0x7C, 0x0F, 0x81,
    0xE0, 0x30, 0x1B, 0xFD, 0xFC, 0x38, 0x00, 0x00, 0x0F, 0xE7, 0xFB, 0x82, 0xE0, 0x38, 0x0F, 0x01,
    0xF0, 0x3F, 0x03, 0xE0, 0x3C, 0x07, 0x01, 0xC0, 0x7F, 0xFB, 0xFC, 0x18, 0x07, 0x00, 0xE0, 0xF8,
    0x3C, 0x00, 0x3C, 0x3F, 0xBF, 0xD8, 0x0E, 0x07, 0xC0, 0xF8, 0x1E, 0x03, 0x01, 0xBF, 0xDF, 0xC3,
    0x80, 0xE0, 0x30, 0x78, 0x3C, 0x00, 0x73, 0x8F, 0xC1, 0xE0, 0x30, 0x00, 0x0F, 0xE7, 0xFB, 0x82,
    0xE0, 0x38, 0x0F, 0x01, 0xF0, 0x3F, 0x03, 0xE0, 0x3C, 0x07, 0x01, 0xC0, 0x7F, 0xFB, 0xFC, 0x18,
    0x00, 0xE7, 0x3F, 0x0F, 0x03, 0x03, 0xC3, 0xFB, 0xFD, 0x80, 0xE0, 0x7C, 0x0F, 0x81, 0xE0, 0x30,
    0x1B, 0xFD, 0xFC, 0x38, 0x00, 0xFF, 0xFF, 0xFF, 0x0E, 0x00, 0xE0, 0x0E, 0x00, 0xE0, 0x0E, 0x00,
    0xE0, 0x0E, 0x00, 0xE0, 0x0E, 0x00, 0xE0, 0x0E, 0x00, 0xE0, 0x0E, 0x00, 0x60, 0x0F, 0x00, 0x30,
    0x0F, 0x01, 0xF0, 0x30, 0x30, 0x7E, 0xFE, 0xFE, 0x30, 0x30, 0x30, 0x30, 0x30, 0x30, 0x30, 0x3E,
    0x3E, 0x1C, 0x1C, 0x0E, 0x1E, 0x3C, 0x39, 0xC1, 0xF8, 0x0F, 0x00, 0x60, 0x00, 0x0F, 0xFF, 0xFF,
    0xF0, 0xE0, 0x0E, 0x00, 0xE0, 0x0E, 0x00, 0xE0, 0x0E, 0x00, 0xE0, 0x0E, 0x00, 0xE0, 0x0E, 0x00,
    0xE0, 0x0E, 0x00, 0xE0, 0x00, 0xC0, 0x73, 0x18, 0xC6, 0x7E, 0x3F, 0x8F, 0xE0, 0xC0, 0x30, 0x0C,
    0x03, 0x00, 0xC0, 0x30, 0x0C, 0x03, 0xE0, 0xF8, 0x0C, 0x00, 0xFF, 0xFF, 0xFF, 0x0E, 0x00, 0xE0,
    0x0E, 0x00, 0xE0, 0x3F, 0xC7, 0xFC, 0x3F, 0xC0, 0xE0, 0x0E, 0x00, 0xE0, 0x0E, 0x00, 0xE0, 0x0E,
    0x00, 0x30, 0x30, 0x7E, 0xFE, 0xFE, 0x30, 0x7E, 0xFE, 0x7E, 0x30, 0x30, 0x30, 0x3E, 0x3E, 0x0C,
    0x0C, 0x60, 0xFF, 0x07, 0xF0, 0x23, 0x00, 0x00, 0x30, 0x1F, 0x80, 0xFC, 0x07, 0xE0, 0x3F, 0x01,
    0xF8, 0x0F, 0xC0, 0x7E, 0x03, 0xF0, 0x1F, 0x80, 0xEC, 0x07, 0x60, 0x33, 0x83, 0x8F, 0xF8, 0x3F,
    0x80, 0x70, 0x00, 0x18, 0x87, 0xF1, 0xFE, 0x31, 0x84, 0x05, 0xC1, 0xB8, 0x37, 0x06, 0xE0, 0xDC,
    0x1B, 0x83, 0x70, 0x6E, 0x0D, 0xC3, 0x9F, 0xF3, 0xFE, 0x0C, 0x00, 0x00, 0x00, 0xFE, 0x07, 0xF0,
    0x00, 0x06, 0x03, 0xF0, 0x1F, 0x80, 0xFC, 0x07, 0xE0, 0x3F, 0x01, 0xF8, 0x0F, 0xC0, 0x7E, 0x03,
    0xF0, 0x1D, 0x80, 0xEC, 0x06, 0x70, 0x71, 0xFF, 0x07, 0xF0, 0x0E, 0x00, 0x00, 0x07, 0xF0, 0xFE,
    0x20, 0x2E, 0x0D, 0xC1, 0xB8, 0x37, 0x06, 0xE0, 0xDC, 0x1B, 0x83, 0x70, 0x6E, 0x1C, 0xFF, 0x9F,
    0xF0, 0x60, 0x18, 0xC0, 0xEE, 0x03, 0xE0, 0x0E, 0x00, 0x00, 0x30, 0x1F, 0x80, 0xFC, 0x07, 0xE0,
    0x3F, 0x01, 0xF8, 0x0F, 0xC0, 0x7E, 0x03, 0xF0, 0x1F, 0x80, 0xEC, 0x07, 0x60, 0x33, 0x83, 0x8F,
    0xF8, 0x3F, 0x80, 0x70, 0x00, 0x31, 0x87, 0x70, 0x7C, 0x07, 0x04, 0x05, 0xC1, 0xB8, 0x37, 0x06,
    0xE0, 0xDC, 0x1B, 0x83, 0x70, 0x6E, 0x0D, 0xC3, 0x9F, 0xF3, 0xFE, 0x0C, 0x00, 0x00, 0x00, 0x3C,
    0x03, 0x60, 0x1B, 0x00, 0xF8, 0x03, 0x80, 0x00, 0x0C, 0x07, 0xE0, 0x3F, 0x01, 0xF8, 0x0F, 0xC0,
    0x7E, 0x03, 0xF0, 0x1F, 0x80, 0xFC, 0x07, 0xE0, 0x3B, 0x01, 0xD8, 0x0C, 0xE0, 0xE3, 0xFE, 0x0F,
    0xE0, 0x1C, 0x00, 0x00, 0x03, 0xC0, 0x6C, 0x0D, 0x81, 0xF0, 0x1C, 0x10, 0x17, 0x06, 0xE0, 0xDC,
    0x1B, 0x83, 0x70, 0x6E, 0x0D, 0xC1, 0xB8, 0x37, 0x0E, 0x7F, 0xCF, 0xF8, 0x30, 0x00, 0x0E, 0xE0,
    0xEE, 0x06, 0x60, 0x26, 0x00, 0x00, 0x30, 0x1F, 0x80, 0xFC, 0x07, 0xE0, 0x3F, 0x01, 0xF8, 0x0F,
    0xC0, 0x7E, 0x03, 0xF0, 0x1F, 0x80, 0xEC, 0x07, 0x60, 0x33, 0x83, 0x8F, 0xF8, 0x3F, 0x80, 0x70,
    0x00, 0x1D, 0x87, 0x70, 0xDC, 0x13, 0x04, 0x05, 0xC1, 0xB8, 0x37, 0x06, 0xE0, 0xDC, 0x1B, 0x83,
    0x70, 0x6E, 0x0D, 0xC3, 0x9F, 0xF3, 0xFE, 0x0C, 0x00, 0x60, 0x3F, 0x01, 0xF8, 0x0F, 0xC0, 0x7E,
    0x03, 0xF0, 0x1F, 0x80, 0xFC, 0x07, 0xE0, 0x3F, 0x01, 0xD8, 0x0E, 0xC0, 0x67, 0x07, 0x1F, 0xF0,
    0x7F, 0x80, 0xF8, 0x01, 0x80, 0x0C, 0x00, 0x78, 0x01, 0xC0, 0x40, 0x5C, 0x1B, 0x83, 0x70, 0x6E,
    0x0D, 0xC1, 0xB8, 0x37, 0x06, 0xE0, 0xDC, 0x39, 0xFF, 0x3F, 0xE0, 0xDC, 0x03, 0x00, 0xE0, 0x0F,
    0x01, 0xC0, 0x00, 0xE0, 0x00, 0x1F, 0x00, 0x03, 0xB8, 0x00, 0x31, 0x80, 0x00, 0x00, 0x0E, 0x0E,
    0x06, 0xE0, 0xE0, 0xE6, 0x0F, 0x0E, 0x61, 0xF0, 0xE7, 0x1B, 0x0C, 0x71, 0xB9, 0xC3, 0x3B, 0x9C,
    0x33, 0x99, 0xC3, 0xB1, 0x98, 0x3B, 0x1F, 0x81, 0xF0, 0xF8, 0x1E, 0x0F, 0x01, 0xE0, 0xF0, 0x1E,
    0x0F, 0x00, 0xE0, 0x70, 0x03, 0xC0, 0x01, 0xF0, 0x01, 0xDC, 0x00, 0x86, 0x0C, 0x18, 0x37, 0x0E,
    0x1B, 0x8F, 0x1C, 0xC7, 0x8E, 0x63, 0xE6, 0x3B, 0xB3, 0x1D, 0x9B, 0x86, 0xCF, 0xC3, 0xE7, 0xC1,
    0xF1, 0xE0, 0x70, 0xF0, 0x38, 0x78, 0x0F, 0x01, 0xF0, 0x1B, 0x83, 0x0C, 0x00, 0x0E, 0x07, 0xE0,
    0x67, 0x0E, 0x70, 0xC3, 0x9C, 0x39, 0x81, 0xF8, 0x0F, 0x00, 0xF0, 0x06, 0x00, 0x60, 0x06, 0x00,
    0x60, 0x06, 0x00, 0x60, 0x0E, 0x03, 0xE0, 0xEE, 0x10, 0xCC, 0x05, 0xC1, 0xF8, 0x33, 0x0E, 0x71,
    0xCE, 0x30, 0xEE, 0x1D, 0x81, 0xB0, 0x3E, 0x03, 0x80, 0x70, 0x0E, 0x01, 0x80, 0x70, 0x7C, 0x0F,
    0x00, 0x00, 0x01, 0x98, 0x19, 0x80, 0x00, 0x00, 0x0E, 0x07, 0xE0, 0x67, 0x0E, 0x70, 0xC3, 0x9C,
    0x39, 0x81, 0xF8, 0x0F, 0x00, 0xF0, 0x06, 0x00, 0x60, 0x06, 0x00, 0x60, 0x06, 0x00, 0x60, 0x03,
    0x80, 0x38, 0x07, 0x00, 0x60, 0x00, 0x07, 0xFE, 0x7F, 0xE0, 0x0E, 0x01, 0xC0, 0x38, 0x03, 0x80,
    0x70, 0x0E, 0x00, 0xE0, 0x1C, 0x03, 0x80, 0x38, 0x07, 0x00, 0x7F, 0xEF, 0xFE, 0x07, 0x07, 0x03,
    0x01, 0x07, 0xFB, 0xFD, 0xFE, 0x0E, 0x07, 0x07, 0x07, 0x03, 0x83, 0x83, 0x81, 0xFF, 0xFF, 0x06,
    0x00, 0x60, 0x06, 0x00, 0x00, 0x00, 0x07, 0xFE, 0x7F, 0xE0, 0x0E, 0x01, 0xC0, 0x38, 0x03, 0x80,
    0x70, 0x0E, 0x00, 0xE0, 0x1C, 0x03, 0x80, 0x38, 0x07, 0x00, 0x7F, 0xEF, 0xFE, 0x0C, 0x06, 0x03,
    0x00, 0x07, 0xFB, 0xFD, 0xFE, 0x0E, 0x07, 0x07, 0x07, 0x03, 0x83, 0x83, 0x81, 0xFF, 0xFF, 0x39,
    0xC1, 0xF8, 0x0F, 0x00, 0x60, 0x00, 0x07, 0xFE, 0x7F, 0xE0, 0x0E, 0x01, 0xC0, 0x38, 0x03, 0x80,
    0x70, 0x0E, 0x00, 0xE0, 0x1C, 0x03, 0x80, 0x38, 0x07, 0x00, 0x7F, 0xEF, 0xFE, 0x73, 0x9F, 0x87,
    0x81, 0x87, 0xFB, 0xFD, 0xFE, 0x0E, 0x07, 0x07, 0x07, 0x03, 0x83, 0x83, 0x81, 0xFF, 0xFF, 0x3E,
    0xFD, 0x87, 0x0E, 0x1C, 0x38, 0x70, 0xE1, 0xC3, 0x87, 0x0E, 0x1C, 0x38, 0x70, 0x70, 0x07, 0x00,
    0xFF, 0x0F, 0xF0, 0x73, 0x87, 0xFC, 0x7F, 0xE7, 0x87, 0x70, 0x77, 0x07, 0x70, 0x77, 0x07, 0x70,
    0x77, 0x87, 0x7F, 0xE7, 0xFC, 0x03, 0x00, 0x7F, 0xF1, 0xFF, 0xF3, 0x70, 0xF6, 0xE0, 0xE1, 0xC1,
    0xC3, 0x83, 0x87, 0xFE, 0x0F, 0xFC, 0x1C, 0x3C, 0x38, 0x38, 0x70, 0x30, 0xE0, 0x61, 0xC1, 0xC3,
    0xFF, 0x87, 0xFC, 0x00, 0xFF, 0xBF, 0xEC, 0x03, 0x00, 0xC0, 0x30, 0x0F, 0xE3, 0xFE, 0xC7, 0xF0,
    0x7C, 0x1F, 0x07, 0xC1, 0xFF, 0xEF, 0xF0, 0xFF, 0xDF, 0xFB, 0x80, 0x70, 0x0E, 0x71, 0xFF, 0x3F,
    0xF7, 0x87, 0xE0, 0xFC, 0x1F, 0x83, 0xF0, 0x7E, 0x0F, 0xE1, 0xFF, 0xF7, 0xFC, 0x06, 0x00, 0x60,
    0x0E, 0x00, 0xE0, 0x0E, 0x00, 0xE0, 0x0E, 0x00, 0xFF, 0x8F, 0xFC, 0xE3, 0xEE, 0x06, 0x60, 0x76,
    0x06, 0x70, 0xE7, 0xFE, 0x3F, 0xC0, 0x60, 0xE0, 0x1C, 0x03, 0x80, 0x70, 0x0E, 0xE1, 0xFF, 0x3F,
    0xF7, 0x07, 0xE0, 0xFC, 0x1F, 0x83, 0xF0, 0x76, 0x0E, 0xE1, 0x9F, 0xF1, 0xFC, 0x06, 0x00, 0x00,
    0x07, 0xF8, 0x7F, 0xC4, 0x1E, 0x00, 0xE0, 0x07, 0x00, 0x70, 0x07, 0x00, 0x30, 0x07, 0x00, 0x70,
    0x07, 0x00, 0xE0, 0x1E, 0x7F, 0xC7, 0xF8, 0x1C, 0x00, 0x00, 0x3C, 0x00, 0xF0, 0x07, 0x03, 0xFC,
    0x3F, 0xE1, 0xE0, 0x87, 0x00, 0x38, 0x00, 0xE0, 0x03, 0x80, 0x0E, 0x00, 0x38, 0x00, 0xE0, 0x03,
    0x80, 0x07, 0x00, 0x1E, 0x00, 0x3F, 0xE0, 0x7F, 0x80, 0x38, 0x00, 0x01, 0xE0, 0x3C, 0x0E, 0x01,
    0xC0, 0xF8, 0x7F, 0x1F, 0xC7, 0x00, 0xE0, 0x18, 0x03, 0x00, 0x60, 0x0E, 0x01, 0xC0, 0x1F, 0xE1,
    0xF8, 0x0C, 0x00, 0x3F, 0xC0, 0xFF, 0xC3, 0x07, 0x8C, 0x0E, 0x30, 0x1C, 0xC0, 0x77, 0xF0, 0xFF,
    0xC3, 0xFF, 0x0C, 0xC0, 0x73, 0x01, 0xCC, 0x0E, 0x30, 0x78, 0xFF, 0xC3, 0xFC, 0x00, 0x7F, 0xF0,
    0xFF, 0xFC, 0xDC, 0x3E, 0xDC, 0x0E, 0x1C, 0x07, 0x1C, 0x07, 0x1C, 0x07, 0x1C, 0x07, 0x1C, 0x07,
    0x1C, 0x07, 0x1C, 0x07, 0x1C, 0x0E, 0x1C, 0x1E, 0x1F, 0xFC, 0x1F, 0xF0, 0x7F, 0xDF, 0xF0, 0x0C,
    0x03, 0x00, 0xC0, 0x31, 0xFD, 0xFF, 0xF8, 0xF8, 0x3C, 0x0F, 0x03, 0xE0, 0xDF, 0xF3, 0xFC, 0x7F,
    0xCF, 0xF8, 0x03, 0x00, 0x61, 0xCC, 0xFF, 0x9F, 0xF7, 0x0E, 0xE0, 0xD8, 0x1B, 0x03, 0x60, 0x6E,
    0x0D, 0xC3, 0x9F, 0xF1, 0xFE, 0x0C, 0x00, 0x0E, 0x07, 0xF1, 0xFF, 0x70, 0x7E, 0x0F, 0xC1, 0xF8,
    0x3F, 0x07, 0x71, 0xC7, 0xF0, 0x7C, 0x07, 0x80, 0x38, 0x03, 0x18, 0xE3, 0xFC, 0x3E, 0x00, 0xFF,
    0xFF, 0xC0, 0xE0, 0x70, 0x38, 0x1F, 0xFF, 0xFF, 0x03, 0x81, 0xC0, 0xE0, 0x70, 0x3F, 0xFF, 0xFE,
    0x00, 0x01, 0xFF, 0x07, 0xFE, 0x10, 0x1C, 0x00, 0x38, 0x00, 0xE0, 0x01, 0x9F, 0xFE, 0xFF, 0xFB,
    0xFF, 0xEE, 0x01, 0xB8, 0x0E, 0xE0, 0x39, 0xC1, 0xC3, 0xFF, 0x07, 0xF0, 0x07, 0x00, 0x00, 0x07,
    0xF9, 0xFF, 0xB8, 0x6E, 0x00, 0xC0, 0x1C, 0x01, 0xFC, 0x3F, 0x8F, 0x83, 0x80, 0x60, 0x0E, 0x01,
    0xC0, 0x5F, 0xF9, 0xFF, 0x0E, 0x00, 0x07, 0xF8, 0x3F, 0xC1, 0x80, 0x0C, 0x00, 0x60, 0x03, 0x00,
    0x1F, 0xE0, 0xFF, 0x06, 0x00, 0x30, 0x01, 0x80, 0x0C, 0x00, 0x60, 0x03, 0x00, 0x18, 0x00, 0xC0,
    0xEE, 0x07, 0x70, 0x1F, 0x80, 0xF8, 0x00, 0x00, 0x00, 0x03, 0xE0, 0xFC, 0x18, 0x07, 0x00, 0xF8,
    0x7F, 0x87, 0xE0, 0x70, 0x0E, 0x01, 0xC0, 0x38, 0x07, 0x00, 0xE0, 0x1C, 0x03, 0x80, 0x70, 0x0E,
    0x09, 0xC3, 0xB8, 0x3F, 0x07, 0xC0, 0x00, 0x00, 0x00, 0x1E, 0x00, 0x3C, 0x00, 0xE0, 0x7F, 0xC3,
    0xFF, 0x0F, 0x02, 0x1C, 0x00, 0x70, 0x00, 0xE0, 0x01, 0xC0, 0x03, 0x87, 0xE7, 0x0F, 0xCE, 0x03,
    0x9C, 0x07, 0x1C, 0x0E, 0x3C, 0x1C, 0x3F, 0xF8, 0x3F, 0xF0, 0x0E, 0x00, 0xC0, 0x7E, 0x07, 0x60,
    0x67, 0x0E, 0x70, 0xE3, 0x1C, 0x39, 0xC3, 0x98, 0x1B, 0x81, 0xF8, 0x0F, 0x00, 0xF0, 0x0E, 0x00,
    0xF0, 0x0F, 0x01, 0xF0, 0x1F, 0x81, 0xF8, 0x1F, 0x00, 0xF0, 0xE0, 0x00, 0x70, 0x00, 0x38, 0x00,
    0x1C, 0x00, 0x0E, 0x60, 0x17, 0xFC, 0x0F, 0xFF, 0x07, 0xE3, 0x83, 0xE1, 0xC1, 0xF0, 0xE0, 0xF8,
    0x70, 0x7C, 0x38, 0x3E, 0x0C, 0x3F, 0x06, 0x1F, 0x83, 0xFF, 0xC0, 0xFE, 0x00, 0x18, 0x00, 0x61,
    0xC3, 0x87, 0x0E, 0x1C, 0x38, 0x70, 0xE1, 0xC3, 0x87, 0x06, 0x0F, 0x9F, 0x0C, 0xFE, 0xF8, 0xE1,
    0xC3, 0x87, 0x3F, 0xFF, 0x7C, 0x70, 0xE1, 0xC3, 0x8F, 0xBF, 0x80, 0xC1, 0xF8, 0x7F, 0x0E, 0x63,
    0x8C, 0xE1, 0xB8, 0x3E, 0x07, 0xE0, 0xFE, 0x19, 0xC3, 0x1C, 0x61, 0xCC, 0x3D, 0x83, 0xB0, 0x38,
    0x78, 0x1E, 0x0E, 0x03, 0x80, 0xE0, 0xB8, 0xEE, 0x7B, 0xBC, 0xEE, 0x3F, 0x0F, 0xC3, 0xF8, 0xE7,
    0x39, 0xCE, 0x3B, 0x87, 0x71, 0xC7, 0x1C, 0x71, 0xC7, 0x3E, 0xF9, 0xC7, 0x1C, 0x71, 0xC7, 0x1C,
    0x3C, 0x01, 0xFC, 0x07, 0xE0, 0x7C, 0x01, 0x70, 0x03, 0x80, 0x1C, 0x01, 0xF0, 0x0D, 0x80, 0xEE,
    0x07, 0x70, 0x71, 0x83, 0x8E, 0x18, 0x71, 0xC1, 0xCC, 0x0F, 0x00, 0x10, 0x60, 0xE0, 0xFC, 0x1C,
    0x1F, 0x83, 0x83, 0xF0, 0x70, 0x7E, 0x0E, 0x0F, 0xC1, 0xC1, 0xF8, 0x38, 0x3F, 0x07, 0x07, 0xE0,
    0xE0, 0xFC, 0x1C, 0x1F, 0x83, 0x83, 0xB0, 0x70, 0x77, 0x1E, 0x1E, 0xFF, 0xFF, 0xCF, 0xCF, 0xF8,
    0x60, 0x60, 0x1C, 0x06, 0x38, 0x0C, 0x78, 0x18, 0xF8, 0x31, 0xF0, 0x63, 0x70, 0xC6, 0x71, 0x8C,
    0xE3, 0x18, 0xE6, 0x30, 0xEC, 0x61, 0xD8, 0xC1, 0xF1, 0x81, 0xE3, 0x03, 0xC6, 0x03, 0x8C, 0x00,
    0x18, 0x00, 0x30, 0x03, 0xE0, 0x07, 0x80, 0x00, 0x47, 0x3F, 0xEF, 0xFF, 0xC3, 0xE0, 0xF8, 0x3E,
    0x0F, 0x83, 0xE0, 0xF8, 0x3E, 0x0F, 0x83, 0x00, 0xC0, 0x30, 0x0C, 0x03, 0x00, 0xC0, 0x00, 0x00,
    0x7F, 0x83, 0xFF, 0x1E, 0x0E, 0x70, 0x1F, 0x80, 0x7E, 0x01, 0xFF, 0xFF, 0xFF, 0xFF, 0xFF, 0xFE,
    0x01, 0xF8, 0x07, 0x70, 0x1D, 0xE0, 0xE3, 0xFF, 0x07, 0xF8, 0x03, 0x00, 0x00, 0x07, 0x1F, 0xE7,
    0x3F, 0xF6, 0x78, 0x3E, 0x70, 0x1C, 0xE0, 0x1C, 0xE0, 0x1C, 0xE0, 0x0C, 0xE0, 0x0C, 0xE0, 0x0C,
    0xE0, 0x1C, 0xE0, 0x1C, 0x70, 0x1C, 0x78, 0x38, 0x3F, 0xF0, 0x1F, 0xE0, 0x03, 0x00, 0x00, 0x38,
    0x71, 0xCF, 0xFC, 0xFF, 0xCE, 0x0C, 0x70, 0x73, 0x03, 0x98, 0x1C, 0xC0, 0xE7, 0x07, 0x38, 0x70,
    0xFF, 0x83, 0xF8, 0x06, 0x00, 0x00, 0x00, 0x01, 0xFC, 0xFE, 0x3F, 0xFF, 0xE7, 0x87, 0x87, 0x70,
    0x38, 0x7E, 0x01, 0x87, 0xE0, 0x1C, 0x7E, 0x01, 0xC7, 0xE0, 0x1C, 0x7E, 0x01, 0xC7, 0xE0, 0x1C,
    0x7E, 0x01, 0x87, 0x60, 0x38, 0x77, 0x07, 0x87, 0x3F, 0xF0, 0x71, 0xFE, 0x07, 0x03, 0x00, 0x00,
    0x1E, 0x38, 0x7F, 0xF9, 0xFF, 0xFF, 0x0E, 0x3E, 0x1C, 0x78, 0x18, 0xF0, 0x31, 0xE0, 0x63, 0xE1,
    0xC7, 0xC3, 0x8D, 0xFE, 0x19, 0xF8, 0x30, 0xC0, 0x60, 0x00, 0xC0, 0x01, 0x80, 0x03, 0x00, 0x06,
    0x7F, 0xE3, 0xFF, 0xED, 0xC3, 0xB7, 0x06, 0x1C, 0x1C, 0x70, 0x61, 0xC3, 0x87, 0xFE, 0x1F, 0xF0,
    0x7E, 0x01, 0xC0, 0x07, 0x00, 0x1C, 0x00, 0x70, 0x01, 0xC0, 0x00, 0x78, 0x0F, 0x03, 0x80, 0x70,
    0x0E, 0x71, 0xFF, 0x3F, 0xF7, 0x87, 0xE0, 0xFC, 0x1F, 0x83, 0xF0, 0x7E, 0x0F, 0xE1, 0xBF, 0xF7,
    0xFC, 0xE6, 0x1C, 0x03, 0x80, 0x70, 0x0E, 0x00, 0xC0, 0x18, 0x03, 0xFC, 0x7F, 0xCC, 0x3D, 0x83,
    0xB0, 0x76, 0x0E, 0xC3, 0x9F, 0xF3, 0xF8, 0x63, 0x8C, 0x71, 0x87, 0x30, 0x60, 0x0E, 0x00, 0xE0,
    0x00, 0x00, 0x07, 0xF0, 0xFF, 0x10, 0x70, 0x0E, 0x01, 0xC0, 0x70, 0x3E, 0x1F, 0x87, 0xC1, 0xC0,
    0x30, 0x06, 0x00, 0xE0, 0x1F, 0xF9, 0xFF, 0x07, 0x00, 0x1E, 0x3F, 0x8F, 0xE0, 0x30, 0x38, 0x7C,
    0xF8, 0xF0, 0x60, 0x30, 0x1F, 0xE7, 0xF0, 0xE0, 0x7F, 0xE7, 0xFE, 0x70, 0x03, 0x80, 0x1C, 0x00,
    0xE0, 0x07, 0x00, 0x70, 0x0E, 0x00, 0xC0, 0x1C, 0x03, 0x80, 0x70, 0x0F, 0xFE, 0xFF, 0xE0, 0x7C,
    0x1F, 0x0E, 0xC1, 0xF8, 0x7E, 0x03, 0x80, 0xE0, 0x38, 0x0E, 0x03, 0x80, 0xE0, 0x38, 0x0E, 0x03,
    0x80, 0xE0, 0x38, 0x0E, 0x03, 0x80, 0xE0, 0x3F, 0x07, 0xC0, 0x30, 0x30, 0x7E, 0xFE, 0xFE, 0x30,
    0x30, 0x30, 0x30, 0x30, 0x30, 0x30, 0x3E, 0x3E, 0x0E, 0x06, 0x06, 0x1E, 0x1E, 0x7F, 0xFF, 0xFF,
    0xC7, 0x0C, 0x70, 0x07, 0x00, 0x70, 0x07, 0x00, 0x70, 0x07, 0x00, 0x70, 0x07, 0x00, 0x70, 0x07,
    0x00, 0x70, 0x07, 0x00, 0x1E, 0x3E, 0x30, 0x30, 0x7E, 0xFE, 0xFE, 0x30, 0x30, 0x30, 0x30, 0x30,
    0x30, 0x30, 0x3E, 0x3E, 0x0C, 0xFF, 0xFF, 0xFF, 0x0E, 0x00, 0xE0, 0x0E, 0x00, 0xE0, 0x0E, 0x00,
    0xE0, 0x0E, 0x00, 0xE0, 0x0E, 0x00, 0xE0, 0x0E, 0x00, 0xE0, 0x0E, 0x00, 0xE0, 0x0E, 0x00, 0x60,
    0x07, 0x80, 0x78, 0x00, 0x03, 0x30, 0x1F, 0xB8, 0x0F, 0xDC, 0x07, 0xCE, 0x03, 0x87, 0x01, 0xC3,
    0x80, 0xE1, 0xC0, 0x70, 0xE0, 0x38, 0x70, 0x1C, 0x38, 0x0E, 0x0C, 0x07, 0x06, 0x03, 0x03, 0x83,
    0x80, 0xFF, 0xC0, 0x3F, 0xC0, 0x03, 0x00, 0x00, 0x00, 0x1D, 0x01, 0x7E, 0x0F, 0xB8, 0x3E, 0xE0,
    0xE3, 0x83, 0x0E, 0x0C, 0x38, 0x30, 0xE0, 0xC3, 0x83, 0x0E, 0x1C, 0x1F, 0xF0, 0x7F, 0xC0, 0x30,
    0x00, 0xFE, 0x7F, 0xFE, 0x7F, 0x1C, 0x38, 0x38, 0x1C, 0x38, 0x0C, 0x70, 0x0E, 0x70, 0x0E, 0x70,
    0x06, 0x70, 0x06, 0x70, 0x06, 0x70, 0x0E, 0x70, 0x0E, 0x38, 0x1C, 0x1F, 0xFC, 0x0F, 0xF0, 0x01,
    0xC0, 0x00, 0x07, 0x0F, 0xB8, 0x7F, 0xC0, 0x7E, 0x03, 0xF0, 0x1F, 0x80, 0xFC, 0x06, 0xE0, 0x37,
    0x03, 0xB8, 0x1D, 0xC1, 0xC6, 0x0E, 0x30, 0xE1, 0xFE, 0x07, 0xE0, 0x08, 0x00, 0x00, 0x0E, 0x07,
    0xE0, 0xF7, 0x0C, 0x71, 0xC3, 0x9C, 0x3B, 0x81, 0xF8, 0x0F, 0x00, 0xF0, 0x06, 0x00, 0x60, 0x06,
    0x00, 0x60, 0x06, 0x00, 0x60, 0xC0, 0x6E, 0x0F, 0xE0, 0xE6, 0x1C, 0x71, 0xC7, 0x18, 0x3B, 0x83,
    0xB0, 0x1B, 0x01, 0xF0, 0x0E, 0x00, 0xE0, 0x0E, 0x00, 0xC0, 0x1C, 0x0F, 0x80, 0xF0, 0x00, 0x7F,
    0xE7, 0xFE, 0x00, 0xE0, 0x1C, 0x03, 0x80, 0x38, 0x7F, 0xC7, 0xFE, 0x0E, 0x01, 0xC0, 0x38, 0x03,
    0x80, 0x70, 0x07, 0xFE, 0xFF, 0xE0, 0x7F, 0xBF, 0xDF, 0xE0, 0xE0, 0x73, 0xFD, 0xFE, 0x38, 0x38,
    0x38, 0x1F, 0xFF, 0xF0, 0x7F, 0xE7, 0xFE, 0x01, 0xC0, 0x38, 0x07, 0x00, 0xE0, 0x1F, 0x01, 0xFC,
    0x03, 0xE0, 0x0E, 0x00, 0x60, 0x06, 0x00, 0xEF, 0xFC, 0x7F, 0x80, 0xC0, 0xFF, 0xDF, 0xF9, 0xC0,
    0x1C, 0x01, 0xC0, 0x1C, 0x0F, 0xC3, 0xF8, 0xE0, 0x1C, 0x03, 0x80, 0x70, 0x0E, 0x00, 0xFF, 0xCF,
    0xF8, 0x38, 0x3F, 0xCF, 0xF9, 0xFF, 0x1C, 0x01, 0xC0, 0x1C, 0x01, 0xC0, 0xF8, 0x3F, 0x0E, 0x01,
    0x80, 0x70, 0x0E, 0x01, 0xC0, 0x1C, 0x11, 0xFE, 0x1F, 0xC0, 0x7F, 0xBF, 0xEF, 0xF8, 0x3C, 0x1E,
    0x0F, 0x83, 0xF8, 0x1E, 0x01, 0xC0, 0x70, 0x1C, 0x0E, 0x7F, 0xBF, 0x8E, 0x03, 0xFC, 0x7F, 0x00,
    0x7E, 0x3F, 0xCE, 0x38, 0x0E, 0x03, 0x80, 0xE0, 0x33, 0xFF, 0xFF, 0xC3, 0x81, 0xC0, 0xE0, 0x70,
    0x38, 0x0F, 0xFF, 0xFF, 0xFF, 0xEF, 0xFE, 0x38, 0x03, 0x80, 0x38, 0x03, 0xC0, 0x3F, 0x81, 0xFC,
    0x00, 0xE0, 0x06, 0x00, 0x60, 0x06, 0x00, 0xEF, 0xFC, 0x7F, 0x80, 0xC0, 0x7F, 0x1F, 0xE7, 0xF8,
    0xC0, 0x3C, 0x0F, 0xC3, 0xF8, 0x07, 0x01, 0xC0, 0x6F, 0xFB, 0xFC, 0x1C, 0x00, 0x18, 0x0C, 0x0F,
    0xCF, 0xE7, 0xF1, 0xC0, 0xE0, 0x38, 0x1F, 0x03, 0xC0, 0xE0, 0x7F, 0xFF, 0xF8, 0x60, 0x4E, 0x1F,
    0xF3, 0xFF, 0x70, 0xEE, 0x0F, 0xC1, 0xF8, 0x37, 0x0E, 0xE1, 0xDC, 0xF3, 0xFC, 0x7F, 0x0E, 0x01,
    0xC0, 0x38, 0x07, 0x00, 0xE0, 0x00, 0xFF, 0xFF, 0xFF, 0xFF, 0xFF, 0xFF, 0xE7, 0xCF, 0x9F, 0x3E,
    0x7C, 0xF9, 0xF3, 0xE7, 0xCF, 0x9F, 0x3E, 0x7C, 0xF9, 0xF3, 0x1C, 0x0E, 0x07, 0x03, 0x81, 0xC7,
    0xFF, 0xFE, 0x38, 0x1C, 0x7F, 0xFF, 0xE3, 0x81, 0xC0, 0xE0, 0x70, 0x38, 0xEE, 0xEE, 0x66, 0x66,
    0x66, 0x60, 0x6E, 0xE4, 0x00, 0x01, 0xCE, 0x00, 0x00, 0x7E, 0x00, 0x00, 0x1E, 0x00, 0x00, 0x06,
    0x00, 0x00, 0x00, 0x07, 0xF8, 0x1F, 0xFB, 0xFF, 0x0F, 0xFD, 0x83, 0xC0, 0x0E, 0xC0, 0xE0, 0x0E,
    0x60, 0x38, 0x0E, 0x30, 0x1C, 0x07, 0x18, 0x06, 0x07, 0x0C, 0x03, 0x07, 0x06, 0x01, 0x83, 0x83,
    0x01, 0xC3, 0x81, 0x80, 0xE3, 0x80, 0xC0, 0xE1, 0xC0, 0x60, 0xF1, 0xC0, 0x3F, 0xF0, 0xFF, 0xDF,
    0xE0, 0xFF, 0xE0, 0x00, 0x03, 0x9D, 0xFE, 0x03, 0xF3, 0xFF, 0x03, 0xC6, 0x0F, 0x03, 0x0C, 0x0E,
    0x1F, 0xD8, 0x0E, 0x7F, 0xB0, 0x1C, 0xFF, 0x60, 0x18, 0x0E, 0xC0, 0x30, 0x39, 0x80, 0x60, 0xE3,
    0x01, 0xC1, 0x86, 0x03, 0x87, 0x0C, 0x0E, 0x1C, 0x18, 0x3C, 0x70, 0x3F, 0xF0, 0xFF, 0x7F, 0x81,
    0xFF, 0x00, 0xC7, 0x30, 0x06, 0x1F, 0x80, 0x30, 0x78, 0x01, 0x83, 0x81, 0xCC, 0x7F, 0x3F, 0xE3,
    0xFD, 0xFF, 0x1F, 0xFC, 0x38, 0x0E, 0xE0, 0xC0, 0x66, 0x06, 0x07, 0x30, 0x30, 0x71, 0x81, 0x87,
    0x0E, 0x0C, 0x38, 0x70, 0xE3, 0x81, 0xFF, 0x3F, 0xE7, 0xF9, 0xFF, 0x0C, 0x00, 0x00, 0xC0, 0x3E,
    0x01, 0xF0, 0x0F, 0x80, 0x7C, 0x03, 0xE0, 0x1F, 0x00, 0xF8, 0x07, 0xC0, 0x3E, 0x01, 0xF0, 0x0F,
    0x80, 0x7C, 0x03, 0xFF, 0xDF, 0xFE, 0xE0, 0x07, 0x00, 0x38, 0x0F, 0x80, 0x7C, 0x00, 0x16, 0x01,
    0xF0, 0x0F, 0x80, 0x0C, 0x01, 0x60, 0x1F, 0x00, 0xF8, 0x07, 0xC0, 0x3E, 0x01, 0xF0, 0x0F, 0x80,
    0x7C, 0x03, 0xE0, 0x1F, 0xFE, 0xFF, 0xF7, 0x00, 0x38, 0x01, 0xC0, 0x0E, 0x03, 0xF0, 0x1F, 0x00,
    0xE3, 0x71, 0xB8, 0xDC, 0x0E, 0x37, 0x1B, 0x8D, 0xC6, 0xE3, 0x71, 0xB8, 0xDC, 0x6E, 0x37, 0x1B,
    0x8D, 0xC6, 0x03, 0x01, 0x80, 0xC3, 0xE1, 0xE0, 0xE0, 0x31, 0xF8, 0x0C, 0x7F, 0x03, 0x1F, 0xE0,
    0xC7, 0xF8, 0x31, 0xF7, 0x0C, 0x7C, 0xE3, 0x1F, 0x38, 0xC7, 0xC7, 0x31, 0xF0, 0xEC, 0x7C, 0x3B,
    0x1F, 0x07, 0xC7, 0xC0, 0xF1, 0xF0, 0x3C, 0x7C, 0x07, 0x1C, 0x00, 0x07, 0x00, 0x01, 0xC0, 0x03,
    0xE0, 0x00, 0xF0, 0x00, 0x00, 0xB8, 0x0C, 0x7E, 0x03, 0x1F, 0xC0, 0xC0, 0xF8, 0x30, 0xBE, 0x0C,
    0x7D, 0xC3, 0x1F, 0x38, 0xC7, 0xCE, 0x31, 0xF1, 0xCC, 0x7C, 0x3B, 0x1F, 0x0E, 0xC7, 0xC1, 0xF1,
    0xF0, 0x3C, 0x7C, 0x0F, 0x1F, 0x01, 0xC7, 0x00, 0x01, 0xC0, 0x00, 0x70, 0x00, 0x1C, 0x00, 0x3E,
    0x00, 0x0F, 0x80, 0x00, 0x02, 0x00, 0x07, 0x00, 0x07, 0x00, 0x00, 0x47, 0x02, 0xFF, 0xC7, 0xFF,
    0xC7, 0xF0, 0xC7, 0xE0, 0xE7, 0xE0, 0xE7, 0xE0, 0xE7, 0xE0, 0xE7, 0xE0, 0xE7, 0xE0, 0xE7, 0xE0,
    0xE7, 0xE0, 0xE7, 0x00, 0x07, 0x00, 0x07, 0x00, 0x07, 0x00, 0x3F, 0x00, 0x3E, 0x1C, 0xC0, 0x3E,
    0x00, 0x78, 0x01, 0xC0, 0x00, 0x00, 0x1C, 0x00, 0x70, 0x03, 0xE0, 0x0F, 0x80, 0x37, 0x01, 0xDC,
    0x07, 0x30, 0x18, 0xE0, 0xFF, 0x83, 0xFF, 0x1F, 0xFC, 0x70, 0x31, 0x80, 0xEE, 0x03, 0xB0, 0x06,
    0x39, 0xC7, 0xE0, 0xF0, 0x18, 0x0F, 0x0F, 0xE3, 0xFC, 0x03, 0x00, 0xC7, 0xF3, 0xFD, 0xC3, 0x60,
    0xD8, 0x77, 0xFC, 0xFF, 0x0C, 0x00, 0xC6, 0x7C, 0x3C, 0x38, 0x00, 0xFE, 0x7C, 0x38, 0x38, 0x38,
    0x38, 0x38, 0x38, 0x38, 0x38, 0x38, 0x38, 0x38, 0x7C, 0xFE, 0xE6, 0x7E, 0x3C, 0x38, 0x10, 0x38,
    0x38, 0x38, 0x38, 0x38, 0x38, 0x38, 0x38, 0x38, 0x38, 0x38, 0x1C, 0xE0, 0x3F, 0x00, 0x78, 0x00,
    0xC0, 0x00, 0x00, 0x7F, 0x83, 0xFF, 0x1E, 0x0E, 0x70, 0x1F, 0x80, 0x7E, 0x01, 0xF8, 0x03, 0xE0,
    0x0F, 0x80, 0x3E, 0x01, 0xF8, 0x07, 0x70, 0x1D, 0xE0, 0xE3, 0xFF, 0x07, 0xF8, 0x03, 0x00, 0x33,
    0x87, 0xE0, 0x78, 0x07, 0x00, 0xE0, 0x7F, 0x1F, 0xF7, 0x0E, 0xE0, 0xF8, 0x1F, 0x03, 0xF0, 0x7E,
    0x0F, 0xC3, 0x9F, 0xF1, 0xFC, 0x0C, 0x00, 0x1C, 0xC0, 0x7C, 0x01, 0xE0, 0x0E, 0x00, 0x00, 0x30,
    0x1F, 0x80, 0xFC, 0x07, 0xE0, 0x3F, 0x01, 0xF8, 0x0F, 0xC0, 0x7E, 0x03, 0xF0, 0x1F, 0x80, 0xEC,
    0x07, 0x60, 0x33, 0x83, 0x8F, 0xF8, 0x3F, 0x80, 0x70, 0x00, 0x33, 0x83, 0xE0, 0x78, 0x07, 0x04,
    0x05, 0xC1, 0xB8, 0x37, 0x06, 0xE0, 0xDC, 0x1B, 0x83, 0x70, 0x6E, 0x0D, 0xC3, 0x9F, 0xF3, 0xFE,
    0x0C, 0x00, 0x0F, 0x80, 0xFE, 0x07, 0xF0, 0x11, 0x01, 0xDC, 0x06, 0xE0, 0x00, 0x0C, 0x07, 0xE0,
    0x3F, 0x01, 0xF8, 0x0F, 0xC0, 0x7E, 0x03, 0xF0, 0x1F, 0x80, 0xFC, 0x07, 0xE0, 0x3B, 0x01, 0xD8,
    0x0C, 0xE0, 0xE3, 0xFE, 0x0F, 0xE0, 0x1C, 0x00, 0x3F, 0x87, 0xF0, 0x00, 0x09, 0x83, 0xB8, 0x26,
    0x10, 0x17, 0x06, 0xE0, 0xDC, 0x1B, 0x83, 0x70, 0x6E, 0x0D, 0xC1, 0xB8, 0x37, 0x0E, 0x7F, 0xCF,
    0xF8, 0x30, 0x00, 0x01, 0xC0, 0x1C, 0x01, 0xC0, 0x1D, 0x01, 0xDC, 0x06, 0xE0, 0x00, 0x0C, 0x07,
    0xE0, 0x3F, 0x01, 0xF8, 0x0F, 0xC0, 0x7E, 0x03, 0xF0, 0x1F, 0x80, 0xFC, 0x07, 0xE0, 0x3B, 0x01,
    0xD8, 0x0C, 0xE0, 0xE3, 0xFE, 0x0F, 0xE0, 0x1C, 0x00, 0x01, 0x00, 0x70, 0x1C, 0x07, 0x01, 0x30,
    0x77, 0x04, 0xC2, 0x02, 0xE0, 0xDC, 0x1B, 0x83, 0x70, 0x6E, 0x0D, 0xC1, 0xB8, 0x37, 0x06, 0xE1,
    0xCF, 0xF9, 0xFF, 0x06, 0x00, 0x00, 0x00, 0xEE, 0x03, 0xE0, 0x0E, 0x00, 0x88, 0x0E, 0xE0, 0x37,
    0x00, 0x00, 0x60, 0x3F, 0x01, 0xF8, 0x0F, 0xC0, 0x7E, 0x03, 0xF0, 0x1F, 0x80, 0xFC, 0x07, 0xE0,
    0x3F, 0x01, 0xD8, 0x0E, 0xC0, 0x67, 0x07, 0x1F, 0xF0, 0x7F, 0x00, 0xE0, 0x31, 0x87, 0x70, 0x7C,
    0x07, 0x01, 0x30, 0x77, 0x04, 0xC2, 0x02, 0xE0, 0xDC, 0x1B, 0x83, 0x70, 0x6E, 0x0D, 0xC1, 0xB8,
    0x37, 0x06, 0xE1, 0xCF, 0xF9, 0xFF, 0x06, 0x00, 0x1C, 0x00, 0x70, 0x01, 0xC0, 0x13, 0x01, 0xDC,
    0x06, 0xE0, 0x00, 0x0C, 0x07, 0xE0, 0x3F, 0x01, 0xF8, 0x0F, 0xC0, 0x7E, 0x03, 0xF0, 0x1F, 0x80,
    0xFC, 0x07, 0xE0, 0x3B, 0x01, 0xD8, 0x0C, 0xE0, 0xE3, 0xFE, 0x0F, 0xE0, 0x1C, 0x00, 0x10, 0x07,
    0x00, 0x70, 0x07, 0x01, 0x30, 0x77, 0x04, 0xC2, 0x02, 0xE0, 0xDC, 0x1B, 0x83, 0x70, 0x6E, 0x0D,
    0xC1, 0xB8, 0x37, 0x06, 0xE1, 0xCF, 0xF9, 0xFF, 0x06, 0x00, 0x3C, 0x3F, 0xCF, 0xF8, 0x06, 0x01,
    0xC0, 0x7F, 0xFF, 0xFF, 0xC1, 0xF8, 0x67, 0xF8, 0xFC, 0x0C, 0x00, 0x0F, 0x80, 0x7F, 0x01, 0xFC,
    0x02, 0x20, 0x1D, 0xC0, 0x37, 0x00, 0x00, 0x01, 0xC0, 0x07, 0x00, 0x3E, 0x00, 0xF8, 0x03, 0x70,
    0x1D, 0xC0, 0x73, 0x01, 0x8E, 0x0F, 0xF8, 0x3F, 0xF1, 0xFF, 0xC7, 0x03, 0x18, 0x0E, 0xE0, 0x3B,
    0x00, 0x60, 0x1F, 0x8F, 0xE0, 0x00, 0x66, 0x1B, 0x86, 0x60, 0xF0, 0xFE, 0x3F, 0xC0, 0x30, 0x0C,
    0x7F, 0x3F, 0xDC, 0x36, 0x0D, 0x87, 0x7F, 0xCF, 0xF0, 0xC0, 0x1F, 0xC0, 0x7F, 0x00, 0x20, 0x01,
    0xC0, 0x07, 0x00, 0x00, 0x00, 0x70, 0x01, 0xC0, 0x0F, 0x80, 0x3E, 0x00, 0xDC, 0x07, 0x70, 0x1C,
    0xC0, 0x63, 0x83, 0xFE, 0x0F, 0xFC, 0x7F, 0xF1, 0xC0, 0xC6, 0x03, 0xB8, 0x0E, 0xC0, 0x18, 0x1F,
    0x8F, 0xE0, 0x00, 0x18, 0x0E, 0x01, 0x80, 0xF0, 0xFE, 0x3F, 0xC0, 0x30, 0x0C, 0x7F, 0x3F, 0xDC,
    0x36, 0x0D, 0x87, 0x7F, 0xCF, 0xF0, 0xC0, 0x00, 0x00, 0x00, 0x1F, 0xC0, 0x03, 0xF8, 0x00, 0x00,
    0x00, 0x1F, 0xFC, 0x03, 0xFF, 0x80, 0x6E, 0x00, 0x1D, 0xC0, 0x03, 0x38, 0x00, 0xE7, 0x00, 0x18,
    0xFF, 0x07, 0x1F, 0xE0, 0xFF, 0x80, 0x3F, 0xF0, 0x07, 0xFE, 0x01, 0xC1, 0xC0, 0x38, 0x38, 0x0E,
    0x07, 0xF9, 0xC0, 0xFF, 0x00, 0x00, 0x00, 0x01, 0xFC, 0x00, 0xFC, 0x01, 0xC3, 0x83, 0xFF, 0xF1,
    0xFF, 0xFC, 0x07, 0x8E, 0x01, 0x83, 0x1F, 0xFF, 0xBF, 0xFF, 0xDC, 0x70, 0x0C, 0x38, 0x06, 0x1E,
    0x03, 0xFF, 0xFC, 0xFC, 0xFE, 0x10, 0x18, 0x00, 0x00, 0x3F, 0xC3, 0xFF, 0x1E, 0x04, 0x70, 0x03,
    0x80, 0x0E, 0x00, 0x38, 0x00, 0xE1, 0xFB, 0x87, 0xEE, 0x03, 0xB8, 0x7F, 0x71, 0xFD, 0xE0, 0xE3,
    0xFF, 0x87, 0xFE, 0x03, 0x80, 0x1C, 0x47, 0xFC, 0x7F, 0xCE, 0x1C, 0xE0, 0xCC, 0x0C, 0xC0, 0xCE,
    0x0C, 0xE0, 0xC7, 0x3C, 0x7F, 0xC1, 0xEC, 0x0F, 0xE0, 0xFF, 0x47, 0xE7, 0xFC, 0x7F, 0x80, 0x0C,
    0xE0, 0x3E, 0x01, 0xE0, 0x07, 0x00, 0x00, 0x07, 0xF8, 0xFF, 0xCF, 0x02, 0x70, 0x07, 0x00, 0x38,
    0x01, 0xC0, 0x0E, 0x1F, 0xF0, 0xFF, 0x80, 0xFC, 0x07, 0x70, 0x3B, 0xC1, 0xCF, 0xFE, 0x3F, 0xF0,
    0x38, 0x00, 0x73, 0x87, 0xE0, 0x78, 0x06, 0x01, 0xC4, 0x7F, 0x9F, 0xF7, 0x0E, 0xE0, 0xD8, 0x1B,
    0x03, 0x60, 0x6E, 0x0D, 0xC3, 0x9F, 0xF1, 0xFE, 0x0C, 0xC0, 0x19, 0x07, 0x3F, 0xE7, 0xF0, 0x73,
    0x87, 0xE0, 0x78, 0x06, 0x00, 0x01, 0x81, 0xF0, 0x76, 0x1C, 0xC7, 0x19, 0xC3, 0x70, 0x7C, 0x0F,
    0xC1, 0xFC, 0x33, 0x86, 0x38, 0xC3, 0x98, 0x7B, 0x07, 0x60, 0x70, 0xE6, 0x07, 0xE0, 0x3C, 0x03,
    0x80, 0x00, 0x03, 0x80, 0x38, 0x03, 0x80, 0x38, 0x03, 0x82, 0x38, 0xE3, 0x9E, 0x3B, 0xC3, 0xB8,
    0x3F, 0x03, 0xF0, 0x3F, 0x83, 0x9C, 0x39, 0xC3, 0x8E, 0x38, 0x70, 0x00, 0x00, 0x7F, 0x83, 0xFF,
    0x1E, 0x0E, 0x70, 0x1F, 0x80, 0x7E, 0x01, 0xF8, 0x03, 0xE0, 0x0F, 0x80, 0x3E, 0x01, 0xF8, 0x07,
    0x70, 0x1D, 0xE0, 0xE3, 0xFF, 0x07, 0xF8, 0x03, 0x80, 0x1C, 0x00, 0x60, 0x01, 0xE0, 0x03, 0x80,
    0x0E, 0x07, 0xF1, 0xFF, 0x70, 0xEE, 0x0F, 0x81, 0xF0, 0x3F, 0x07, 0xE0, 0xFC, 0x39, 0xFF, 0x1F,
    0xC0, 0xE0, 0x18, 0x07, 0x00, 0x78, 0x0E, 0x00, 0x00, 0x00, 0x3F, 0x80, 0xFC, 0x00, 0x00, 0x1F,
    0xE0, 0xFF, 0xC7, 0x83, 0x9C, 0x07, 0xE0, 0x1F, 0x80, 0x7E, 0x00, 0xF8, 0x03, 0xE0, 0x0F, 0x80,
    0x7E, 0x01, 0xDC, 0x07, 0x78, 0x38, 0xFF, 0xC1, 0xFE, 0x00, 0xE0, 0x03, 0x00, 0x1C, 0x00, 0x3C,
    0x00, 0xE0, 0x00, 0x07, 0xF0, 0xFE, 0x07, 0x03, 0xF8, 0xFF, 0xB8, 0x77, 0x07, 0xC0, 0xF8, 0x1F,
    0x83, 0xF0, 0x7E, 0x1C, 0xFF, 0x8F, 0xE0, 0x70, 0x0C, 0x03, 0x80, 0x3C, 0x07, 0x00, 0x39, 0x81,
    0xF8, 0x0F, 0x00, 0xE0, 0x00, 0x07, 0xFE, 0x7F, 0xE0, 0x1C, 0x03, 0x80, 0x70, 0x0E, 0x01, 0xF0,
    0x1F, 0xC0, 0x3E, 0x00, 0xE0, 0x06, 0x00, 0x60, 0x0E, 0xFF, 0xC7, 0xF8, 0x0C, 0x00, 0x73, 0x8F,
    0xC1, 0xE0, 0x30, 0x7F, 0xBF, 0xEF, 0xF8, 0x1C, 0x06, 0x03, 0x81, 0xC0, 0xF8, 0x3F, 0x80, 0xE0,
    0x1C, 0x07, 0x01, 0xC0, 0x78, 0x3B, 0xFE, 0xFF, 0x00, 0x73, 0x1F, 0x87, 0x83, 0x80, 0x80, 0xE0,
    0x70, 0x38, 0x1C, 0x0E, 0x07, 0x03, 0x81, 0xC0, 0xE0, 0x70, 0x38, 0x1C, 0x0E, 0x07, 0x0F, 0x87,
    0x80, 0xFF, 0x03, 0xFF, 0x7F, 0xE1, 0xFF, 0xB0, 0x78, 0x01, 0xD8, 0x1C, 0x01, 0xCC, 0x07, 0x01,
    0xC6, 0x03, 0x80, 0xE3, 0x00, 0xC0, 0xE1, 0x80, 0x60, 0xE0, 0xC0, 0x30, 0x70, 0x60, 0x38, 0x70,
    0x30, 0x1C, 0x70, 0x18, 0x1C, 0x38, 0x0C, 0x1E, 0x38, 0x07, 0xFE, 0x1F, 0xFB, 0xFC, 0x1F, 0xFC,
    0xFF, 0x00, 0x01, 0xFF, 0x80, 0x03, 0x07, 0x80, 0x06, 0x07, 0x0F, 0xEC, 0x07, 0x3F, 0xD8, 0x0E,
    0x7F, 0xB0, 0x0C, 0x07, 0x60, 0x18, 0x1C, 0xC0, 0x30, 0x71, 0x80, 0xE0, 0xC3, 0x01, 0xC3, 0x86,
    0x07, 0x0E, 0x0C, 0x1E, 0x38, 0x1F, 0xF8, 0x7F, 0xBF, 0xC0, 0xFF, 0x80, 0x00, 0xC0, 0x00, 0x06,
    0x00, 0x00, 0x30, 0x00, 0x01, 0x80, 0x01, 0xCC, 0x7F, 0x3F, 0xE3, 0xFD, 0xFF, 0x1F, 0xFC, 0x38,
    0x0E, 0xE0, 0xC0, 0x66, 0x06, 0x07, 0x30, 0x30, 0x71, 0x81, 0x87, 0x0E, 0x0C, 0x38, 0x70, 0xE3,
    0x81, 0xFF, 0x3F, 0xE7, 0xF9, 0xFF, 0x0C, 0x00, 0x00, 0x00, 0xE0, 0x0E, 0x00, 0xE0, 0x06, 0x00,
    0x00, 0x07, 0xF8, 0xFF, 0xCF, 0x02, 0x70, 0x07, 0x00, 0x38, 0x01, 0xC0, 0x0E, 0x1F, 0xF0, 0xFF,
    0x80, 0xFC, 0x07, 0x70, 0x3B, 0xC1, 0xCF, 0xFE, 0x3F, 0xF0, 0x38, 0x00, 0x07, 0x00, 0xE0, 0x38,
    0x06, 0x01, 0xC4, 0x7F, 0x9F, 0xF7, 0x0E, 0xE0, 0xD8, 0x1B, 0x03, 0x60, 0x6E, 0x0D, 0xC3, 0x9F,
    0xF1, 0xFE, 0x0C, 0xC0, 0x19, 0x07, 0x3F, 0xE7, 0xF0, 0xC0, 0xC0, 0xC0, 0xC0, 0xC0, 0xC0, 0xC0,
    0xC2, 0xC0, 0xC7, 0xC0, 0xC7, 0xFF, 0xC7, 0xFF, 0xC7, 0xC0, 0xC7, 0xC0, 0xC7, 0xC0, 0xC7, 0xC0,
    0xC7, 0xC0, 0xE7, 0xC0, 0xFF, 0xC0, 0x7E, 0x00, 0x18, 0x00, 0x1B, 0xF3, 0xFF, 0x78, 0x7E, 0x0F,
    0x81, 0xF0, 0x3E, 0x07, 0xC0, 0xF8, 0x3B, 0x07, 0x61, 0xCC, 0x71, 0xBC, 0x3F, 0x07, 0x80, 0xC0,
    0x18, 0x03, 0x00, 0x60, 0x0C, 0x00, 0x1C, 0x00, 0xE0, 0x06, 0x00, 0x30, 0x00, 0x0E, 0x03, 0xE0,
    0x3F, 0x03, 0xF8, 0x3F, 0x83, 0xDC, 0x3C, 0xE3, 0xCE, 0x3C, 0x73, 0xC3, 0xBC, 0x3B, 0xC1, 0xFC,
    0x0F, 0xC0, 0xFC, 0x07, 0x1C, 0x03, 0x80, 0x38, 0x03, 0x04, 0x71, 0xFF, 0xBF, 0xF7, 0x86, 0xE0,
    0xFC, 0x1F, 0x83, 0xF0, 0x7E, 0x0F, 0xC1, 0xF8, 0x3F, 0x07, 0x01, 0xC0, 0x0E, 0x00, 0x70, 0x01,
    0xC0, 0x0F, 0x80, 0x36, 0x00, 0xF8, 0x01, 0xC0, 0x0F, 0x80, 0x3E, 0x00, 0xDC, 0x07, 0x30, 0x18,
    0xE0, 0xE3, 0x83, 0xFE, 0x0F, 0xFC, 0x70, 0x31, 0x80, 0xEE, 0x03, 0xB8, 0x07, 0x03, 0x81, 0xC0,
    0x40, 0x3C, 0x1B, 0x86, 0x60, 0xF0, 0x18, 0x0F, 0x0F, 0xE3, 0xFC, 0x03, 0x00, 0xC7, 0xF3, 0xFD,
    0xC3, 0x60, 0xD8, 0x77, 0xFC, 0xFF, 0x0C, 0x00, 0x00, 0x1E, 0x00, 0x03, 0x80, 0x00, 0xE0, 0x00,
    0x18, 0x00, 0x00, 0x00, 0x03, 0xFF, 0x80, 0x7F, 0xF0, 0x0D, 0xC0, 0x03, 0xB8, 0x00, 0x67, 0x00,
    0x1C, 0xE0, 0x03, 0x1F, 0xE0, 0xE3, 0xFC, 0x1F, 0xF0, 0x07, 0xFE, 0x00, 0xFF, 0xC0, 0x38, 0x38,
    0x07, 0x07, 0x01, 0xC0, 0xFF, 0x38, 0x1F, 0xE0, 0x00, 0x70, 0x00, 0x38, 0x00, 0x38, 0x00, 0x18,
    0x00, 0xE1, 0xC1, 0xFF, 0xF8, 0xFF, 0xFE, 0x03, 0xC7, 0x00, 0xC1, 0x8F, 0xFF, 0xDF, 0xFF, 0xEE,
    0x38, 0x06, 0x1C, 0x03, 0x0F, 0x01, 0xFF, 0xFE, 0x7E, 0x7F, 0x08, 0x0C, 0x00, 0x01, 0xC0, 0x07,
    0x00, 0x38, 0x00, 0xC0, 0x00, 0x18, 0x7F, 0xE3, 0xFF, 0x9E, 0x1E, 0x70, 0x7F, 0x83, 0xFE, 0x1D,
    0xF8, 0xE3, 0xE3, 0x0F, 0x9C, 0x3E, 0xE1, 0xFB, 0x07, 0x7C, 0x1D, 0xE0, 0xE7, 0xFF, 0x1F, 0xF8,
    0x63, 0x00, 0x03, 0x80, 0xE0, 0x38, 0x06, 0x00, 0xEC, 0x7F, 0x9F, 0xF7, 0x1E, 0xE7, 0xF8, 0xDF,
    0x3B, 0xEE, 0x7F, 0x8F, 0xE3, 0x9F, 0xF7, 0xFC, 0x4C, 0x00, 0x3F, 0x00, 0xEE, 0x01, 0xD8, 0x03,
    0x30, 0x00, 0x00, 0x1C, 0x00, 0x70, 0x03, 0xE0, 0x0F, 0x80, 0x37, 0x01, 0xDC, 0x07, 0x30, 0x18,
    0xE0, 0xFF, 0x83, 0xFF, 0x1F, 0xFC, 0x70, 0x31, 0x80, 0xEE, 0x03, 0xB0, 0x06, 0x76, 0x0D, 0xC1,
    0xB8, 0x26, 0x0F, 0x0F, 0xE3, 0xFC, 0x03, 0x00, 0xC7, 0xF3, 0xFD, 0xC3, 0x60, 0xD8, 0x77, 0xFC,
    0xFF, 0x0C, 0x00, 0x07, 0x00, 0x3F, 0x01, 0xDC, 0x06, 0x10, 0x00, 0x00, 0x1C, 0x00, 0x70, 0x03,
    0xE0, 0x0F, 0x80, 0x37, 0x01, 0xDC, 0x07, 0x30, 0x18, 0xE0, 0xFF, 0x83, 0xFF, 0x1F, 0xFC, 0x70,
    0x31, 0x80, 0xEE, 0x03, 0xB0, 0x06, 0x0E, 0x07, 0xE3, 0x98, 0xC2, 0x0F, 0x0F, 0xE3, 0xFC, 0x03,
    0x00, 0xC7, 0xF3, 0xFD, 0xC3, 0x60, 0xD8, 0x77, 0xFC, 0xFF, 0x0C, 0x00, 0xEE, 0x1D, 0xC3, 0x30,
    0x64, 0x00, 0x1F, 0xF7, 0xFD, 0x80, 0x60, 0x18, 0x06, 0x01, 0xFE, 0x7F, 0x98, 0x06, 0x01, 0x80,
    0x60, 0x18, 0x07, 0xFD, 0xFF, 0xEE, 0x1B, 0x83, 0x70, 0x4C, 0x1E, 0x0F, 0xC7, 0xFB, 0x87, 0xE1,
    0xFF, 0xFF, 0xFF, 0x00, 0xE0, 0x38, 0x07, 0xFC, 0xFE, 0x06, 0x00, 0x1C, 0x3F, 0x1D, 0xC8, 0x60,
    0x07, 0xFF, 0xFF, 0x80, 0xC0, 0x60, 0x30, 0x1F, 0xEF, 0xF6, 0x03, 0x01, 0x80, 0xC0, 0x60, 0x3F,
    0xFF, 0xF0, 0x1E, 0x0F, 0xC3, 0x30, 0x84, 0x1E, 0x0F, 0xC7, 0xFB, 0x87, 0xE1, 0xFF, 0xFF, 0xFF,
    0x00, 0xE0, 0x38, 0x07, 0xFC, 0xFE, 0x06, 0x00, 0x7E, 0x3B, 0x8E, 0xC3, 0x30, 0x01, 0xFC, 0x7C,
    0x1C, 0x0E, 0x07, 0x03, 0x81, 0xC0, 0xE0, 0x70, 0x38, 0x1C, 0x0E, 0x07, 0x07, 0xC7, 0xF0, 0xFC,
    0xEE, 0x77, 0x33, 0x08, 0x1C, 0x1C, 0x1C, 0x1C, 0x1C, 0x1C, 0x1C, 0x1C, 0x1C, 0x1C, 0x1C, 0x38,
    0xFB, 0xBE, 0x30, 0x1F, 0xDF, 0x1C, 0x38, 0x70, 0xE1, 0xC3, 0x87, 0x0E, 0x1C, 0x38, 0x71, 0xF7,
    0xF0, 0x38, 0xFF, 0xBE, 0x11, 0x07, 0x0E, 0x1C, 0x38, 0x70, 0xE1, 0xC3, 0x87, 0x0E, 0x1C, 0x3B,
    0x80, 0x76, 0x00, 0xDC, 0x01, 0x10, 0x00, 0x00, 0x7F, 0x83, 0xFF, 0x1E, 0x0E, 0x70, 0x1F, 0x80,
    0x7E, 0x01, 0xF8, 0x03, 0xE0, 0x0F, 0x80, 0x3E, 0x01, 0xF8, 0x07, 0x70, 0x1D, 0xE0, 0xE3, 0xFF,
    0x07, 0xF8, 0x03, 0x00, 0xEE, 0x0E, 0xE0, 0xCC, 0x0C, 0x80, 0xE0, 0x7F, 0x1F, 0xF7, 0x0E, 0xE0,
    0xF8, 0x1F, 0x03, 0xF0, 0x7E, 0x0F, 0xC3, 0x9F, 0xF1, 0xFC, 0x0C, 0x00, 0x03, 0x80, 0x3F, 0x00,
    0xEE, 0x02, 0x18, 0x00, 0x00, 0x7F, 0x83, 0xFF, 0x1E, 0x0E, 0x70, 0x1F, 0x80, 0x7E, 0x01, 0xF8,
    0x03, 0xE0, 0x0F, 0x80, 0x3E, 0x01, 0xF8, 0x07, 0x70, 0x1D, 0xE0, 0xE3, 0xFF, 0x07, 0xF8, 0x03,
    0x00, 0x0E, 0x07, 0xE0, 0xEE, 0x10, 0xC0, 0xE0, 0x7F, 0x1F, 0xF7, 0x0E, 0xE0, 0xF8, 0x1F, 0x03,
    0xF0, 0x7E, 0x0F, 0xC3, 0x9F, 0xF1, 0xFC, 0x0C, 0x00, 0x6E, 0x07, 0x70, 0x3B, 0x01, 0x90, 0x00,
    0x07, 0xF8, 0x7F, 0xC6, 0x1E, 0x60, 0xE6, 0x0E, 0x60, 0xE6, 0x1C, 0x7F, 0xC7, 0xF0, 0x63, 0x86,
    0x38, 0x61, 0xC6, 0x0E, 0x60, 0xE6, 0x07, 0xEE, 0x3F, 0x0D, 0xC2, 0x62, 0x33, 0xFD, 0xFC, 0xF0,
    0x70, 0x38, 0x1C, 0x0E, 0x07, 0x03, 0x81, 0xC0, 0xE0, 0x1C, 0x07, 0xC1, 0xDC, 0x31, 0x80, 0x01,
    0xFE, 0x3F, 0xE6, 0x1E, 0xC1, 0xD8, 0x3B, 0x07, 0x61, 0xCF, 0xF9, 0xFC, 0x31, 0xC6, 0x38, 0xC3,
    0x98, 0x3B, 0x07, 0x60, 0x70, 0x3C, 0x7E, 0x66, 0x42, 0x46, 0xFF, 0xFE, 0xF0, 0xE0, 0xE0, 0xE0,
    0xE0, 0xE0, 0xE0, 0xE0, 0xE0, 0x3F, 0x01, 0xDC, 0x07, 0x60, 0x19, 0x80, 0x00, 0x30, 0x1F, 0x80,
    0xFC, 0x07, 0xE0, 0x3F, 0x01, 0xF8, 0x0F, 0xC0, 0x7E, 0x03, 0xF0, 0x1F, 0x80, 0xEC, 0x07, 0x60,
    0x33, 0x83, 0x8F, 0xF8, 0x3F, 0x80, 0x70, 0x00, 0x6E, 0x0E, 0xE0, 0xEC, 0x0C, 0x84, 0x05, 0xC1,
    0xB8, 0x37, 0x06, 0xE0, 0xDC, 0x1B, 0x83, 0x70, 0x6E, 0x0D, 0xC3, 0x9F, 0xF3, 0xFE, 0x0C, 0x00,
    0x07, 0x00, 0x7E, 0x07, 0x70, 0x30, 0x80, 0x00, 0x30, 0x1F, 0x80, 0xFC, 0x07, 0xE0, 0x3F, 0x01,
    0xF8, 0x0F, 0xC0, 0x7E, 0x03, 0xF0, 0x1F, 0x80, 0xEC, 0x07, 0x60, 0x33, 0x83, 0x8F, 0xF8, 0x3F,
    0x80, 0x70, 0x00, 0x0E, 0x03, 0xE0, 0xEE, 0x18, 0xC4, 0x05, 0xC1, 0xB8, 0x37, 0x06, 0xE0, 0xDC,
    0x1B, 0x83, 0x70, 0x6E, 0x0D, 0xC3, 0x9F, 0xF3, 0xFE, 0x0C, 0x00, 0x00, 0x0F, 0xE7, 0xFB, 0x82,
    0xE0, 0x38, 0x0F, 0x01, 0xF0, 0x3F, 0x03, 0xE0, 0x3C, 0x07, 0x01, 0xC0, 0x7F, 0xFB, 0xFC, 0x18,
    0x07, 0x01, 0xC0, 0x60, 0x18, 0x00, 0x3C, 0x3F, 0xBF, 0xD8, 0x0E, 0x07, 0xC0, 0xF8, 0x1E, 0x03,
    0x01, 0xBF, 0xDF, 0xC3, 0x80, 0xE0, 0x60, 0x30, 0x30, 0x00, 0xFF, 0xFF, 0xFF, 0x0E, 0x00, 0xE0,
    0x0E, 0x00, 0xE0, 0x0E, 0x00, 0xE0, 0x0E, 0x00, 0xE0, 0x0E, 0x00, 0xE0, 0x0E, 0x00, 0xE0, 0x0E,
    0x00, 0x00, 0x06, 0x00, 0x60, 0x0E, 0x00, 0xC0, 0x30, 0x30, 0x7E, 0xFE, 0xFE, 0x30, 0x30, 0x30,
    0x30, 0x30, 0x30, 0x30, 0x3E, 0x3E, 0x0C, 0x0C, 0x1C, 0x18, 0x18, 0x00, 0x07, 0xF1, 0xFF, 0x30,
    0x70, 0x0E, 0x01, 0xC0, 0x70, 0x3E, 0x1F, 0x83, 0xB8, 0x03, 0x80, 0x70, 0x0E, 0x01, 0xC0, 0x38,
    0x1E, 0x0F, 0x8F, 0xE3, 0xF0, 0x70, 0x00, 0x1E, 0x1F, 0xC7, 0xF8, 0x06, 0x01, 0x80, 0xE0, 0xF0,
    0xFC, 0x3B, 0x80, 0x70, 0x1C, 0x07, 0x03, 0x81, 0xE1, 0xF3, 0xF0, 0xF0, 0x00, 0x39, 0x81, 0xF8,
    0x0F, 0x00, 0xE0, 0x00, 0x0C, 0x07, 0xC0, 0x7C, 0x07, 0xC0, 0x7C, 0x07, 0xC0, 0x7F, 0xFF, 0xFF,
    0xFC, 0x07, 0xC0, 0x7C, 0x07, 0xC0, 0x7C, 0x07, 0xC0, 0x7C, 0x07, 0xE6, 0x03, 0xF0, 0x0F, 0x00,
    0x70, 0x00, 0x00, 0x1C, 0x00, 0xE0, 0x07, 0x00, 0x38, 0x01, 0xCE, 0x0F, 0xFC, 0x7F, 0xE3, 0xC3,
    0x1C, 0x1C, 0xE0, 0xE7, 0x07, 0x38, 0x39, 0xC1, 0xCE, 0x0E, 0x70, 0x73, 0x83, 0x80, 0x00, 0x0D,
    0xFC, 0xFF, 0xEF, 0x0E, 0xE0, 0x7C, 0x07, 0xC0, 0x7C, 0x07, 0xC0, 0x7C, 0x07, 0xC0, 0x7C, 0x07,
    0xC0, 0x7C, 0x07, 0xC0, 0x7C, 0x07, 0x00, 0x70, 0x07, 0x00, 0x70, 0x07, 0x00, 0x70, 0x00, 0xC0,
    0x00, 0x60, 0x00, 0x30, 0x00, 0x18, 0x01, 0xCC, 0x03, 0xFE, 0x01, 0xFF, 0x01, 0xC3, 0x80, 0xE0,
    0xC0, 0x60, 0x60, 0x30, 0x30, 0x18, 0x19, 0xEE, 0x0F, 0xFF, 0x0F, 0xCD, 0xFF, 0xFE, 0x7E, 0xFE,
    0x0C, 0x60, 0x00, 0x30, 0x00, 0x08, 0x00, 0x60, 0x66, 0x06, 0x60, 0x67, 0x0E, 0x70, 0xE3, 0xFC,
    0x7F, 0xC7, 0x0E, 0xE0, 0x7E, 0x07, 0xE0, 0x7E, 0x07, 0xE0, 0x77, 0xFE, 0x3F, 0xC0, 0x60, 0xE1,
    0xDC, 0x3B, 0x87, 0x70, 0xE6, 0x1C, 0xFF, 0x8F, 0xE3, 0xFE, 0xE1, 0xDC, 0x1F, 0x03, 0xE0, 0x7E,
    0x0F, 0xC3, 0x9F, 0xF1, 0xFC, 0x0C, 0x00, 0x7F, 0xE7, 0xFE, 0x00, 0xE0, 0x1C, 0x03, 0x80, 0x38,
    0x07, 0x00, 0xE0, 0x0E, 0x01, 0xC0, 0x38, 0x03, 0x80, 0x70, 0x07, 0xFF, 0xFF, 0xF0, 0x06, 0x00,
    0x60, 0x1E, 0x01, 0xE0, 0x00, 0x7F, 0xBF, 0xDF, 0xE0, 0xE0, 0x70, 0x70, 0x70, 0x38, 0x38, 0x38,
    0x1F, 0xFF, 0xF0, 0x18, 0x0C, 0x1E, 0x0F, 0x00, 0x00, 0x02, 0x00, 0x1C, 0x00, 0x70, 0x00, 0x00,
    0x00, 0x00, 0x1C, 0x00, 0x70, 0x03, 0xE0, 0x0F, 0x80, 0x37, 0x01, 0xDC, 0x07, 0x30, 0x18, 0xE0,
    0xFF, 0x83, 0xFF, 0x1F, 0xFC, 0x70, 0x31, 0x80, 0xEE, 0x03, 0xB0, 0x06, 0x06, 0x03, 0x80, 0x60,
    0x00, 0x0F, 0x0F, 0xE3, 0xFC, 0x03, 0x00, 0xC7, 0xF3, 0xFD, 0xC3, 0x60, 0xD8, 0x77, 0xFC, 0xFF,
    0x0C, 0x00, 0xFF, 0xFF, 0xF0, 0x18, 0x0C, 0x06, 0x03, 0xFD, 0xFE, 0xC0, 0x60, 0x30, 0x18, 0x0C,
    0x07, 0xFF, 0xFE, 0x30, 0x1C, 0x07, 0x0F, 0x87, 0x80, 0x1E, 0x0F, 0xC7, 0xFB, 0x87, 0xE1, 0xFF,
    0xFF, 0xFF, 0x00, 0xE0, 0x38, 0x07, 0xFC, 0xFE, 0x0E, 0x03, 0x80, 0x70, 0x7C, 0x1E, 0x00, 0x07,
    0xC0, 0x3F, 0x80, 0xFC, 0x01, 0x10, 0x0C, 0xC0, 0x33, 0x00, 0x00, 0x07, 0xF8, 0x3F, 0xF1, 0xE0,
    0xE7, 0x01, 0xF8, 0x07, 0xE0, 0x1F, 0x80, 0x3E, 0x00, 0xF8, 0x03, 0xE0, 0x1F, 0x80, 0x77, 0x01,
    0xDE, 0x0E, 0x3F, 0xF0, 0x7F, 0x80, 0x30, 0x00, 0x3F, 0x87, 0xF0, 0x00, 0x19, 0x83, 0xB8, 0x66,
    0x03, 0x81, 0xFC, 0x7F, 0xDC, 0x3B, 0x83, 0xE0, 0x7C, 0x0F, 0xC1, 0xF8, 0x3F, 0x0E, 0x7F, 0xC7,
    0xF0, 0x30, 0x00, 0x07, 0xC0, 0x3F, 0x80, 0xFC, 0x03, 0x98, 0x0F, 0xE0, 0x67, 0x00, 0x00, 0x07,
    0xF8, 0x3F, 0xF1, 0xE0, 0xE7, 0x01, 0xF8, 0x07, 0xE0, 0x1F, 0x80, 0x3E, 0x00, 0xF8, 0x03, 0xE0,
    0x1F, 0x80, 0x77, 0x01, 0xDE, 0x0E, 0x3F, 0xF0, 0x7F, 0x80, 0x30, 0x00, 0x3F, 0x87, 0xF0, 0x00,
    0x1E, 0xC3, 0xF8, 0x46, 0x03, 0x81, 0xFC, 0x7F, 0xDC, 0x3B, 0x83, 0xE0, 0x7C, 0x0F, 0xC1, 0xF8,
    0x3F, 0x0E, 0x7F, 0xC7, 0xF0, 0x30, 0x00, 0x03, 0x00, 0x0E, 0x00, 0x30, 0x00, 0x00, 0x00, 0x00,
    0x7F, 0x83, 0xFF, 0x1E, 0x0E, 0x70, 0x1F, 0x80, 0x7E, 0x01, 0xF8, 0x03, 0xE0, 0x0F, 0x80, 0x3E,
    0x01, 0xF8, 0x07, 0x70, 0x1D, 0xE0, 0xE3, 0xFF, 0x07, 0xF8, 0x03, 0x00, 0x04, 0x01, 0xC0, 0x38,
    0x00, 0x00, 0xE0, 0x7F, 0x1F, 0xF7, 0x0E, 0xE0, 0xF8, 0x1F, 0x03, 0xF0, 0x7E, 0x0F, 0xC3, 0x9F,
    0xF1, 0xFC, 0x0C, 0x00, 0x0F, 0xE0, 0x3F, 0x80, 0x30, 0x00, 0xE0, 0x03, 0x00, 0x00, 0x01, 0xFE,
    0x0F, 0xFC, 0x78, 0x39, 0xC0, 0x7E, 0x01, 0xF8, 0x07, 0xE0, 0x0F, 0x80, 0x3E, 0x00, 0xF8, 0x07,
    0xE0, 0x1D, 0xC0, 0x77, 0x83, 0x8F, 0xFC, 0x1F, 0xE0, 0x0C, 0x00, 0x3F, 0x87, 0xF0, 0x00, 0x07,
    0x00, 0xE0, 0x08, 0x03, 0x81, 0xFC, 0x7F, 0xDC, 0x3B, 0x83, 0xE0, 0x7C, 0x0F, 0xC1, 0xF8, 0x3F,
    0x0E, 0x7F, 0xC7, 0xF0, 0x30, 0x00, 0x00, 0x03, 0xF8, 0x1F, 0x80, 0x00, 0xE0, 0x7E, 0x06, 0x70,
    0xE7, 0x0C, 0x39, 0xC3, 0x98, 0x1F, 0x80, 0xF0, 0x0F, 0x00, 0x60, 0x06, 0x00, 0x60, 0x06, 0x00,
    0x60, 0x06, 0x00, 0x00, 0x07, 0xF0, 0xFE, 0x60, 0x2E, 0x0F, 0xC1, 0x98, 0x73, 0x8E, 0x71, 0x87,
    0x70, 0xEC, 0x0D, 0x81, 0xF0, 0x1C, 0x03, 0x80, 0x70, 0x0C, 0x03, 0x83, 0xE0, 0x78, 0x00, 0x70,
    0x70, 0x70, 0x70, 0x70, 0x70, 0x70, 0x70, 0x70, 0x70, 0x70, 0x7E, 0x7F, 0x73, 0xFF, 0xFE, 0xCC,
    0x47, 0x01, 0xFF, 0x83, 0xFF, 0x07, 0x86, 0x0E, 0x0E, 0x1C, 0x1C, 0x38, 0x38, 0x70, 0x7E, 0xE0,
    0xFD, 0xC1, 0xDF, 0x87, 0xFF, 0x0F, 0xE0, 0x19, 0x00, 0x30, 0x30, 0x7E, 0xFE, 0xFE, 0x30, 0x30,
    0x30, 0x30, 0x3E, 0x3F, 0x73, 0x7F, 0xFF, 0x4C, 0x08, 0x71, 0xC7, 0x1C, 0x71, 0xC7, 0x1C, 0x71,
    0xC7, 0x1C, 0x71, 0xDF, 0x78, 0x00, 0xC0, 0x00, 0x18, 0x00, 0x03, 0x00, 0x00, 0x60, 0x01, 0xCC,
    0xE0, 0xFF, 0xFF, 0x1F, 0xFF, 0xF7, 0x0F, 0x0E, 0xE0, 0xE0, 0xD8, 0x18, 0x1B, 0x03, 0x03, 0x60,
    0x60, 0x6E, 0x0E, 0x0D, 0xC3, 0xC3, 0x9F, 0xFF, 0xE1, 0xF9, 0xF8, 0x0C, 0x0C, 0x00, 0x1E, 0x0E,
    0x07, 0xE7, 0xF1, 0xFF, 0xFF, 0x70, 0xF0, 0xEE, 0x0E, 0x0D, 0x81, 0x81, 0xB0, 0x30, 0x36, 0x06,
    0x06, 0xE0, 0xE0, 0xDC, 0x3C, 0x39, 0xFF, 0xFE, 0x1F, 0xFF, 0xC0, 0xCC, 0x40, 0x01, 0x80, 0x00,
    0x30, 0x00, 0x06, 0x00, 0x00, 0xC0, 0x00, 0x00, 0x60, 0x1F, 0x00, 0x7C, 0x03, 0xF0, 0x0F, 0x80,
    0x37, 0x01, 0xFC, 0x07, 0xF0, 0x1B, 0xE0, 0xFF, 0x83, 0xFF, 0x1F, 0xFC, 0x7C, 0x31, 0xB0, 0xEE,
    0xC3, 0xB6, 0x06, 0x18, 0x00, 0x60, 0x00, 0x00, 0x60, 0xFF, 0x3F, 0xF7, 0x8E, 0x71, 0xCE, 0x18,
    0xE1, 0x8E, 0x30, 0xE3, 0x0E, 0x30, 0xE6, 0x0E, 0x60, 0x76, 0x07, 0xC0, 0x3F, 0xE1, 0xFE, 0x1B,
    0x81, 0x80, 0x01, 0x80, 0xC0, 0xE0, 0x60, 0xF1, 0xFD, 0xFD, 0xCC, 0xEC, 0x66, 0x33, 0x1B, 0x0F,
    0x87, 0xC1, 0xFE, 0x7E, 0x7C, 0x30, 0x18, 0x18, 0x0C, 0x00, 0x30, 0x06, 0x00, 0xC0, 0x18, 0x03,
    0x00, 0x60, 0x3F, 0xC7, 0xF8, 0x30, 0x06, 0x00, 0xC0, 0x18, 0x03, 0x00, 0x7F, 0xCF, 0xF8, 0x00,
    0x6F, 0xFF, 0xFF, 0xF0, 0xFC, 0x0F, 0x80, 0xF8, 0x0F, 0x00, 0xF0, 0x0E, 0x00, 0xE0, 0x0E, 0x00,
    0xE0, 0x1E, 0x01, 0xE0, 0x3E, 0x03, 0xE0, 0x70, 0x06, 0x00, 0x3C, 0x3F, 0xBF, 0xD8, 0x0E, 0x07,
    0xC0, 0xF8, 0x1E, 0x03, 0x01, 0xBF, 0xDF, 0xC3, 0x81, 0xC0, 0x60, 0x3F, 0x0F, 0x80, 0x7F, 0x9F,
    0xE7, 0xF8, 0x1C, 0x07, 0x03, 0x81, 0xC0, 0x70, 0x38, 0x1C, 0x07, 0x03, 0xE0, 0x1C, 0x03, 0x00,
    0xE0, 0x3F, 0x07, 0xC0, 0x00, 0x7F, 0x3F, 0xD8, 0x70, 0x38, 0x1C, 0x0E, 0x0E, 0x0F, 0x1F, 0x0E,
    0x07, 0x03, 0x81, 0xC0, 0xE0, 0x70, 0x3C, 0x7F, 0xBF, 0xC0, 0x70, 0x38, 0x1C, 0x0C, 0x0E, 0x1E,
    0x1E, 0x0E, 0x07, 0x00, 0x3F, 0xC1, 0xFF, 0x8C, 0x1C, 0x60, 0x63, 0x03, 0x18, 0x38, 0xFF, 0x87,
    0xFC, 0x30, 0xF7, 0xF1, 0xFF, 0x8F, 0xFC, 0x73, 0x07, 0x1F, 0xF8, 0xFF, 0x80, 0x30, 0x1C, 0x70,
    0x1C, 0x70, 0x1C, 0x70, 0x1C, 0x70, 0x1C, 0x70, 0x1C, 0xFF, 0xFE, 0xFF, 0xFE, 0x70, 0x1C, 0x70,
    0x1C, 0x30, 0x1C, 0x30, 0x18, 0x38, 0x38, 0x1F, 0xF0, 0x0F, 0xE0, 0x03, 0x80, 0x07, 0x00, 0x38,
    0x03, 0xC0, 0x1F, 0x01, 0xD8, 0x0E, 0xE0, 0x67, 0x07, 0x18, 0x38, 0xE1, 0x87, 0x1C, 0x18, 0xC0,
    0xE6, 0x07, 0x70, 0x1B, 0x00, 0xE0, 0x03, 0x7F, 0xFF, 0xF8, 0xCC, 0x66, 0x73, 0x31, 0xFE, 0xFF,
    0x6E, 0x36, 0x1B, 0x0D, 0x87, 0xC3, 0xFF, 0xFF, 0x30, 0x10, 0x00, 0x1E, 0xCF, 0xF7, 0xFB, 0x8F,
    0xE7, 0xFF, 0xFF, 0xFF, 0x70, 0xF8, 0x3C, 0x07, 0xFF, 0xFE, 0xC6, 0x00, 0x0C, 0x0C, 0x0C, 0x0C,
    0x0C, 0x0C, 0x3E, 0x3F, 0x3F, 0x0C, 0x0C, 0x0C, 0x0C, 0x0C, 0x0C, 0x1C, 0x1C, 0xF8, 0xF8, 0x08,
    0x1C, 0x1C, 0x00, 0x08, 0x1C, 0x1C, 0x1C, 0x1C, 0x3E, 0x3F, 0x1C, 0x1C, 0x1C, 0x1C, 0x1C, 0x1C,
    0x1C, 0x1C, 0x7C, 0x78, 0x00, 0x00, 0x1F, 0xD8, 0x3F, 0xF8, 0x78, 0x78, 0x70, 0x38, 0xE0, 0x18,
    0xE0, 0x18, 0xE0, 0x18, 0xE0, 0x18, 0xE0, 0x18, 0xE0, 0x18, 0xE0, 0x18, 0x60, 0x38, 0x70, 0x78,
    0x3F, 0xF8, 0x1F, 0xD8, 0x07, 0x18, 0x00, 0x18, 0x00, 0x18, 0x00, 0x1F, 0x00, 0x0F, 0x1C, 0x41,
    0xFE, 0x1F, 0xF1, 0xC3, 0x8E, 0x0C, 0x60, 0x63, 0x03, 0x18, 0x18, 0xE0, 0xC7, 0x0E, 0x1F, 0xF0,
    0x7F, 0x80, 0xCC, 0x00, 0x60, 0x03, 0x00, 0x1E, 0x00, 0x70, 0x3F, 0xC1, 0xFF, 0x0C, 0x3C, 0x60,
    0xE3, 0x07, 0x18, 0x38, 0xC3, 0x9F, 0xFC, 0xFF, 0x81, 0x8E, 0x0C, 0x70, 0x61, 0xC3, 0x07, 0x18,
    0x38, 0xC0, 0xE0, 0x23, 0x3F, 0xDF, 0xCF, 0x07, 0x07, 0xF3, 0xF8, 0xE0, 0x70, 0x38, 0x1C, 0x0E,
    0x00, 0xE0, 0x7E, 0x06, 0xFF, 0xEF, 0xFF, 0xFF, 0xF3, 0x98, 0x1F, 0x80, 0xF0, 0x0F, 0x00, 0x60,
    0x06, 0x00, 0x60, 0x06, 0x00, 0x60, 0x06, 0x00, 0xC0, 0x5C, 0x1F, 0x83, 0x30, 0xEF, 0xFF, 0xFF,
    0xCE, 0xE1, 0xD8, 0x1B, 0x03, 0xE0, 0x38, 0x07, 0x00, 0xE0, 0x18, 0x07, 0x07, 0xC0, 0xF0, 0x00,
    0x07, 0x00, 0x1C, 0x00, 0xF8, 0x03, 0xE0, 0x0D, 0xC0, 0x77, 0x01, 0xCC, 0x06, 0x38, 0x3F, 0xE0,
    0xFF, 0xC7, 0xFF, 0x1C, 0x0C, 0x60, 0x3B, 0x80, 0xEC, 0x01, 0x80, 0x00, 0x07, 0x00, 0x3E, 0x00,
    0xD8, 0x03, 0xE0, 0x07, 0x00, 0x0F, 0x0F, 0xE3, 0xFC, 0x03, 0x00, 0xC7, 0xF3, 0xFD, 0xC3, 0x60,
    0xD8, 0x77, 0xFC, 0xFF, 0x0C, 0x03, 0x81, 0xF0, 0x6C, 0x1F, 0x03, 0x80, 0x08, 0x03, 0x80, 0x70,
    0x00, 0x00, 0x01, 0xFE, 0x3F, 0xF6, 0x0E, 0xC0, 0xD8, 0x1B, 0x07, 0x7F, 0xCF, 0xF9, 0x87, 0xB0,
    0x3E, 0x07, 0xC0, 0xF8, 0x3B, 0xFF, 0x7F, 0xC0, 0x06, 0x00, 0xC0, 0x18, 0x00, 0x00, 0x01, 0xC0,
    0x38, 0x07, 0x00, 0xE0, 0x1C, 0xE3, 0xFE, 0x7F, 0xEF, 0x0F, 0xC1, 0xF8, 0x3F, 0x07, 0xE0, 0xFC,
    0x1F, 0xC3, 0xFF, 0xEF, 0xF8, 0x0C, 0x00, 0xFF, 0x1F, 0xFB, 0x07, 0x60, 0x6C, 0x0D, 0x83, 0xBF,
    0xE7, 0xFC, 0xC3, 0xD8, 0x1F, 0x03, 0xE0, 0x7C, 0x1D, 0xFF, 0xBF, 0xE0, 0x00, 0x1C, 0x03, 0x80,
    0x70, 0x00, 0xE0, 0x1C, 0x03, 0x80, 0x70, 0x0E, 0x71, 0xFF, 0x3F, 0xF7, 0x87, 0xE0, 0xFC, 0x1F,
    0x83, 0xF0, 0x7E, 0x0F, 0xE1, 0xFF, 0xF7, 0xFC, 0x06, 0x00, 0xC0, 0x38, 0x03, 0x00, 0xFF, 0x1F,
    0xFB, 0x07, 0x60, 0x6C, 0x0D, 0x83, 0xBF, 0xE7, 0xFC, 0xC3, 0xD8, 0x1F, 0x03, 0xE0, 0x7C, 0x1D,
    0xFF, 0xBF, 0xE0, 0x00, 0x00, 0x0F, 0xE1, 0xFC, 0x00, 0xE0, 0x1C, 0x03, 0x80, 0x70, 0x0E, 0x71,
    0xFF, 0x3F, 0xF7, 0x87, 0xE0, 0xFC, 0x1F, 0x83, 0xF0, 0x7E, 0x0F, 0xE1, 0xFF, 0xF7, 0xFC, 0x06,
    0x00, 0x00, 0xFE, 0x1F, 0xC0, 0x01, 0xC0, 0x38, 0x03, 0x00, 0x20, 0x00, 0x00, 0xFF, 0x3F, 0xF7,
    0x82, 0x70, 0x0E, 0x00, 0xE0, 0x0E, 0x00, 0xE0, 0x0E, 0x00, 0xE0, 0x0E, 0x00, 0x70, 0x07, 0x80,
    0x3F, 0xE1, 0xFE, 0x03, 0x80, 0x78, 0x01, 0x80, 0x78, 0x0F, 0x80, 0x07, 0x07, 0x03, 0x01, 0x00,
    0xE1, 0xFD, 0xFD, 0xC0, 0xE0, 0x60, 0x30, 0x18, 0x0E, 0x07, 0x01, 0xFE, 0x7E, 0x0C, 0x0F, 0x01,
    0x83, 0xC3, 0xE0, 0x04, 0x00, 0xE0, 0x0E, 0x00, 0x00, 0x00, 0x0F, 0xF0, 0xFF, 0xCC, 0x1E, 0xC0,
    0xEC, 0x07, 0xC0, 0x7C, 0x03, 0xC0, 0x3C, 0x03, 0xC0, 0x7C, 0x07, 0xC0, 0xEC, 0x1E, 0xFF, 0xCF,
    0xF0, 0x08, 0x03, 0x80, 0x70, 0x00, 0x00, 0x00, 0x01, 0x80, 0x30, 0x06, 0x00, 0xC3, 0x99, 0xFF,
    0x3F, 0xEE, 0x1D, 0xC1, 0xB0, 0x36, 0x06, 0xC0, 0xDC, 0x1B, 0x87, 0x3F, 0xE3, 0xFC, 0x18, 0x00,
    0xFF, 0x0F, 0xFC, 0xC1, 0xEC, 0x0E, 0xC0, 0x7C, 0x07, 0xC0, 0x3C, 0x03, 0xC0, 0x3C, 0x07, 0xC0,
    0x7C, 0x0E, 0xC1, 0xEF, 0xFC, 0xFF, 0x00, 0x00, 0x0C, 0x00, 0xE0, 0x0C, 0x00, 0x00, 0xC0, 0x18,
    0x03, 0x00, 0x61, 0xCC, 0xFF, 0x9F, 0xF7, 0x0E, 0xE0, 0xD8, 0x1B, 0x03, 0x60, 0x6E, 0x0D, 0xC3,
    0x9F, 0xF1, 0xFE, 0x0C, 0x01, 0x80, 0x30, 0x06, 0x00, 0xFF, 0x0F, 0xFC, 0xC1, 0xEC, 0x0E, 0xC0,
    0x7C, 0x07, 0xC0, 0x3C, 0x03, 0xC0, 0x3C, 0x07, 0xC0, 0x7C, 0x0E, 0xC1, 0xEF, 0xFC, 0xFF, 0x00,
    0x00, 0x00, 0x03, 0xF8, 0x3F, 0x00, 0x00, 0xC0, 0x18, 0x03, 0x00, 0x61, 0xCC, 0xFF, 0x9F, 0xF7,
    0x0E, 0xE0, 0xD8, 0x1B, 0x03, 0x60, 0x6E, 0x0D, 0xC3, 0x9F, 0xF1, 0xFE, 0x0C, 0x00, 0x00, 0xFE,
    0x1F, 0x80, 0xFF, 0x0F, 0xFC, 0xC1, 0xEC, 0x0E, 0xC0, 0x7C, 0x07, 0xC0, 0x3C, 0x03, 0xC0, 0x3C,
    0x07, 0xC0, 0x7C, 0x0E, 0xC1, 0xEF, 0xFC, 0xFF, 0x00, 0xC0, 0x0E, 0x00, 0x70, 0x1E, 0x01, 0xE0,
    0x00, 0xC0, 0x18, 0x03, 0x00, 0x61, 0xCC, 0xFF, 0x9F, 0xF7, 0x0E, 0xE0, 0xD8, 0x1B, 0x03, 0x60,
    0x6E, 0x0D, 0xC3, 0x9F, 0xF1, 0xFE, 0x0C, 0x01, 0xC0, 0x1C, 0x0F, 0x81, 0xE0, 0xFF, 0x0F, 0xFC,
    0xC1, 0xEC, 0x0E, 0xC0, 0x7C, 0x07, 0xC0, 0x3C, 0x03, 0xC0, 0x3C, 0x07, 0xC0, 0x7C, 0x0E, 0xC1,
    0xEF, 0xFC, 0xFF, 0x00, 0x00, 0x1E, 0x01, 0xF0, 0x3B, 0x86, 0x18, 0x00, 0xC0, 0x18, 0x03, 0x00,
    0x61, 0xCC, 0xFF, 0x9F, 0xF7, 0x0E, 0xE0, 0xD8, 0x1B, 0x03, 0x60, 0x6E, 0x0D, 0xC3, 0x9F, 0xF1,
    0xFE, 0x0C, 0x03, 0xC0, 0x7C, 0x1D, 0x86, 0x18, 0x30, 0x1C, 0x06, 0x01, 0x87, 0xF3, 0xF8, 0xF8,
    0x00, 0xFF, 0xFF, 0xF0, 0x18, 0x0C, 0x06, 0x03, 0xFD, 0xFE, 0xC0, 0x60, 0x30, 0x18, 0x0C, 0x07,
    0xFF, 0xFE, 0x38, 0x0E, 0x01, 0xC0, 0x38, 0x3F, 0x1F, 0xC0, 0x00, 0x78, 0x3F, 0x1F, 0xEE, 0x1F,
    0x87, 0xFF, 0xFF, 0xFC, 0x03, 0x80, 0xE0, 0x1F, 0xF3, 0xF8, 0x18, 0x06, 0x07, 0x07, 0x03, 0x07,
    0xF3, 0xF8, 0xF8, 0x00, 0xFF, 0xFF, 0xF0, 0x18, 0x0C, 0x06, 0x03, 0xFD, 0xFE, 0xC0, 0x60, 0x30,
    0x18, 0x0C, 0x07, 0xFF, 0xFE, 0x07, 0x01, 0xC0, 0xE0, 0x70, 0x3F, 0x1F, 0xC0, 0x00, 0x78, 0x3F,
    0x1F, 0xEE, 0x1F, 0x87, 0xFF, 0xFF, 0xFC, 0x03, 0x80, 0xE0, 0x1F, 0xF3, 0xF8, 0x18, 0xFF, 0xFF,
    0xF0, 0x18, 0x0C, 0x06, 0x03, 0xFD, 0xFE, 0xC0, 0x60, 0x30, 0x18, 0x0C, 0x07, 0xFF, 0xFE, 0x00,
    0x1C, 0x1F, 0x1D, 0xC8, 0x60, 0x1E, 0x0F, 0xC7, 0xFB, 0x87, 0xE1, 0xFF, 0xFF, 0xFF, 0x00, 0xE0,
    0x38, 0x07, 0xFC, 0xFE, 0x06, 0x03, 0x81, 0xF0, 0xEE, 0x21, 0x80, 0xFF, 0xFF, 0xF0, 0x18, 0x0C,
    0x06, 0x03, 0xFD, 0xFE, 0xC0, 0x60, 0x30, 0x18, 0x0C, 0x07, 0xFF, 0xFE, 0x62, 0x7F, 0x7F, 0xB1,
    0x80, 0x1E, 0x0F, 0xC7, 0xFB, 0x87, 0xE1, 0xFF, 0xFF, 0xFF, 0x00, 0xE0, 0x38, 0x07, 0xFC, 0xFE,
    0x1E, 0x8F, 0xE7, 0xF9, 0x8C, 0x63, 0x3B, 0x8F, 0x83, 0x80, 0x07, 0xFF, 0xFF, 0x80, 0xC0, 0x60,
    0x30, 0x1F, 0xEF, 0xF6, 0x03, 0x01, 0x80, 0xC0, 0x60, 0x3F, 0xFF, 0xF1, 0x80, 0xE0, 0x38, 0x7C,
    0x3C, 0x00, 0x21, 0x0D, 0xC3, 0xF0, 0x30, 0x1E, 0x0F, 0xC7, 0xFB, 0x87, 0xE1, 0xFF, 0xFF, 0xFF,
    0x00, 0xE0, 0x38, 0x07, 0xFC, 0xFE, 0x0E, 0x03, 0x80, 0x70, 0x7C, 0x1E, 0x00, 0x18, 0x0E, 0x07,
    0x00, 0x00, 0x07, 0xFF, 0xFF, 0x80, 0xC0, 0x60, 0x30, 0x18, 0x0F, 0xF7, 0xFB, 0x01, 0x80, 0xC0,
    0x60, 0x30, 0x18, 0x00, 0x04, 0x07, 0x03, 0x80, 0x00, 0x00, 0xF8, 0xFC, 0x70, 0x38, 0x1F, 0x3F,
    0x9F, 0xC3, 0x01, 0x80, 0xC0, 0x60, 0x30, 0x18, 0x0C, 0x06, 0x03, 0x00, 0x00, 0x00, 0x7F, 0x03,
    0xF8, 0x00, 0x00, 0xFF, 0x1F, 0xF9, 0xE0, 0x4E, 0x00, 0xE0, 0x07, 0x00, 0x38, 0x01, 0xC3, 0xFE,
    0x1F, 0xF0, 0x1F, 0x80, 0xEE, 0x07, 0x78, 0x39, 0xFF, 0xC7, 0xFE, 0x07, 0x00, 0x00, 0x07, 0xF0,
    0xFC, 0x0E, 0x23, 0xFC, 0xFF, 0xB8, 0x77, 0x06, 0xC0, 0xD8, 0x1B, 0x03, 0x70, 0x6E, 0x1C, 0xFF,
    0x8F, 0xF0, 0x66, 0x00, 0xC8, 0x39, 0xFF, 0x3F, 0x80, 0x04, 0x00, 0xE0, 0x0E, 0x00, 0x00, 0x00,
    0x0C, 0x07, 0xC0, 0x7C, 0x07, 0xC0, 0x7C, 0x07, 0xC0, 0x7F, 0xFF, 0xFF, 0xFC, 0x07, 0xC0, 0x7C,
    0x07, 0xC0, 0x7C, 0x07, 0xC0, 0x7C, 0x07, 0x40, 0x1C, 0x03, 0x80, 0x00, 0x00, 0x01, 0xC0, 0x38,
    0x07, 0x00, 0xE0, 0x1C, 0xE3, 0xFF, 0x7F, 0xEF, 0x0D, 0xC1, 0xF8, 0x3F, 0x07, 0xE0, 0xFC, 0x1F,
    0x83, 0xF0, 0x7E, 0x0E, 0xC0, 0x7C, 0x07, 0xC0, 0x7C, 0x07, 0xC0, 0x7C, 0x07, 0xFF, 0xFF, 0xFF,
    0xC0, 0x7C, 0x07, 0xC0, 0x7C, 0x07, 0xC0, 0x7C, 0x07, 0xC0, 0x70, 0x00, 0x06, 0x00, 0xE0, 0x06,
    0x00, 0xE0, 0x1C, 0x03, 0x80, 0x70, 0x0E, 0x71, 0xFF, 0xBF, 0xF7, 0x86, 0xE0, 0xFC, 0x1F, 0x83,
    0xF0, 0x7E, 0x0F, 0xC1, 0xF8, 0x3F, 0x07, 0x00, 0x01, 0xC0, 0x38, 0x07, 0x00, 0x01, 0x01, 0xB8,
    0x19, 0x80, 0x00, 0x00, 0x0C, 0x07, 0xC0, 0x7C, 0x07, 0xC0, 0x7C, 0x07, 0xC0, 0x7F, 0xFF, 0xFF,
    0xFC, 0x07, 0xC0, 0x7C, 0x07, 0xC0, 0x7C, 0x07, 0xC0, 0x7C, 0x07, 0x44, 0x07, 0x70, 0x19, 0x80,
    0x00, 0x00, 0x00, 0x1C, 0x00, 0xE0, 0x07, 0x00, 0x38, 0x01, 0xCE, 0x0F, 0xFC, 0x7F, 0xE3, 0xC3,
    0x1C, 0x1C, 0xE0, 0xE7, 0x07, 0x38, 0x39, 0xC1, 0xCE, 0x0E, 0x70, 0x73, 0x83, 0x80, 0x30, 0x1C,
    0xC0, 0x73, 0x01, 0xCC, 0x07, 0x30, 0x1C, 0xC0, 0x73, 0xFF, 0xCF, 0xFF, 0x30, 0x1C, 0xC0, 0x73,
    0x01, 0xCC, 0x07, 0x30, 0x1C, 0xC0, 0x73, 0x01, 0xCC, 0x00, 0x78, 0x00, 0x60, 0x07, 0x80, 0x3E,
    0x00, 0x70, 0x07, 0x00, 0x70, 0x07, 0x00, 0x73, 0x87, 0xFE, 0x7F, 0xE7, 0x86, 0x70, 0x77, 0x07,
    0x70, 0x77, 0x07, 0x70, 0x77, 0x07, 0x70, 0x77, 0x07, 0x60, 0x07, 0x00, 0x38, 0x07, 0x80, 0xF0,
    0x00, 0xC0, 0x7C, 0x07, 0xC0, 0x7C, 0x07, 0xC0, 0x7C, 0x07, 0xFF, 0xFF, 0xFF, 0xC0, 0x7C, 0x07,
    0xC0, 0x7C, 0x07, 0xC0, 0x7C, 0x07, 0xC0, 0x73, 0x08, 0x3B, 0x81, 0xF8, 0x0E, 0x00, 0xE0, 0x1C,
    0x03, 0x80, 0x70, 0x0E, 0x71, 0xFF, 0xBF, 0xF7, 0x86, 0xE0, 0xFC, 0x1F, 0x83, 0xF0, 0x7E, 0x0F,
    0xC1, 0xF8, 0x3F, 0x07, 0x31, 0x87, 0x70, 0x7C, 0x07, 0x00, 0x7F, 0x1F, 0x07, 0x03, 0x81, 0xC0,
    0xE0, 0x70, 0x38, 0x1C, 0x0E, 0x07, 0x03, 0x81, 0xC1, 0xF1, 0xFC, 0x62, 0x7F, 0xBF, 0x91, 0x80,
    0x08, 0x0E, 0x07, 0x00, 0x00, 0x80, 0xE0, 0x70, 0x38, 0x1C, 0x0E, 0x07, 0x03, 0x81, 0xC0, 0xE0,
    0x70, 0x38, 0x31, 0xBF, 0xDF, 0xC8, 0xC0, 0x0E, 0x38, 0xE3, 0xAE, 0xFD, 0xC0, 0x7F, 0x7C, 0x70,
    0xE1, 0xC3, 0x87, 0x0E, 0x1C, 0x38, 0x70, 0xE1, 0xC7, 0xDF, 0xC0, 0x04, 0x1C, 0x71, 0xC6, 0x7D,
    0xD9, 0x88, 0x38, 0x70, 0xE1, 0xC3, 0x87, 0x0E, 0x1C, 0x38, 0x70, 0xE0, 0x07, 0x00, 0xE0, 0x38,
    0x06, 0x00, 0x01, 0x81, 0xF0, 0x76, 0x1C, 0xC7, 0x19, 0xC3, 0x70, 0x7C, 0x0F, 0xC1, 0xFC, 0x33,
    0x86, 0x38, 0xC3, 0x98, 0x7B, 0x07, 0x60, 0x70, 0x38, 0x1C, 0x06, 0x03, 0x00, 0x00, 0x38, 0x0E,
    0x03, 0x80, 0xE0, 0x38, 0x2E, 0x3B, 0x9E, 0xEF, 0x3B, 0x8F, 0xC3, 0xF0, 0xFE, 0x39, 0xCE, 0x73,
    0x8E, 0xE1, 0xC0, 0xC0, 0xF8, 0x3B, 0x0E, 0x63, 0x8C, 0xE1, 0xB8, 0x3E, 0x07, 0xE0, 0xFE, 0x19,
    0xC3, 0x1C, 0x61, 0xCC, 0x3D, 0x83, 0xB0, 0x38, 0x00, 0x0C, 0x03, 0x80, 0x30, 0x00, 0xE0, 0x38,
    0x0E, 0x03, 0x80, 0xE0, 0xB8, 0xEE, 0x7B, 0xBC, 0xEE, 0x3F, 0x0F, 0xC3, 0xF8, 0xE7, 0x39, 0xCE,
    0x3B, 0x87, 0x00, 0x07, 0x01, 0xC0, 0x70, 0xC0, 0xF8, 0x3B, 0x0E, 0x63, 0x8C, 0xE1, 0xB8, 0x3E,
    0x07, 0xE0, 0xFE, 0x19, 0xC3, 0x1C, 0x61, 0xCC, 0x3D, 0x83, 0xB0, 0x38, 0x00, 0x00, 0x0F, 0xE0,
    0xFC, 0x00, 0xE0, 0x38, 0x0E, 0x03, 0x80, 0xE0, 0xB8, 0xEE, 0x7B, 0xBC, 0xEE, 0x3F, 0x0F, 0xC3,
    0xF8, 0xE7, 0x39, 0xCE, 0x3B, 0x87, 0x00, 0x00, 0x07, 0xF1, 0xFC, 0xC0, 0x60, 0x30, 0x18, 0x0C,
    0x06, 0x03, 0x01, 0x80, 0xC0, 0x60, 0x30, 0x18, 0x0C, 0x07, 0xFF, 0xFE, 0x00, 0x18, 0x0E, 0x06,
    0x00, 0xFF, 0xFF, 0xFF, 0xFF, 0xFF, 0xFF, 0x0F, 0xB0, 0x00, 0x0F, 0xE0, 0x7E, 0x00, 0x00, 0x18,
    0x01, 0x80, 0x18, 0x01, 0x80, 0x18, 0x01, 0x80, 0x18, 0x01, 0x80, 0x18, 0x01, 0x80, 0x18, 0x01,
    0x80, 0x18, 0x01, 0xFF, 0x1F, 0xF0, 0x00, 0x03, 0x00, 0x38, 0x03, 0x00, 0x01, 0xFF, 0xF8, 0x03,
    0x87, 0x0E, 0x1C, 0x38, 0x70, 0xE1, 0xC3, 0x87, 0x0E, 0x1C, 0x38, 0x70, 0xE1, 0xC0, 0x03, 0x0E,
    0x0C, 0xC0, 0x60, 0x30, 0x18, 0x0C, 0x06, 0x03, 0x01, 0x80, 0xC0, 0x60, 0x30, 0x18, 0x0C, 0x07,
    0xFF, 0xFE, 0x00, 0x00, 0x3F, 0x9F, 0xC0, 0x38, 0x70, 0xE1, 0xC3, 0x87, 0x0E, 0x1C, 0x38, 0x70,
    0xE1, 0xC3, 0x87, 0x0E, 0x1C, 0x00, 0x03, 0xFF, 0xF0, 0xC0, 0x60, 0x30, 0x18, 0x0C, 0x06, 0x03,
    0x01, 0x80, 0xC0, 0x60, 0x30, 0x18, 0x0C, 0x07, 0xFF, 0xFE, 0x00, 0x1C, 0x1F, 0x1D, 0xC8, 0x60,
    0x38, 0x38, 0x38, 0x38, 0x38, 0x38, 0x38, 0x38, 0x38, 0x38, 0x38, 0x38, 0x38, 0x38, 0x38, 0x38,
    0x00, 0x38, 0x7C, 0xEE, 0xC6, 0x00, 0xE0, 0x03, 0x80, 0x0E, 0x00, 0x18, 0x00, 0x00, 0x1C, 0x01,
    0xFC, 0x07, 0xF8, 0x0F, 0xF0, 0x3F, 0xF0, 0x7F, 0x60, 0xDE, 0xE3, 0xBD, 0xC6, 0x79, 0x8C, 0xF3,
    0xB9, 0xE3, 0x63, 0xC7, 0xC7, 0x8F, 0x0F, 0x0E, 0x1E, 0x1C, 0x30, 0x00, 0x70, 0x00, 0x70, 0x00,
    0x30, 0x00, 0x10, 0x04, 0xF0, 0xE7, 0xFD, 0xFB, 0xFF, 0xFF, 0xE3, 0xC7, 0xE1, 0xC1, 0xF0, 0xE0,
    0xF8, 0x70, 0x7C, 0x38, 0x3E, 0x1C, 0x1F, 0x0E, 0x0F, 0x87, 0x07, 0xC3, 0x83, 0x01, 0x00, 0x07,
    0x00, 0x0E, 0x00, 0x00, 0x00, 0x00, 0x1C, 0x01, 0xFC, 0x07, 0xF8, 0x0F, 0xF0, 0x3F, 0xF0, 0x7F,
    0x60, 0xDE, 0xE3, 0xBD, 0xC6, 0x79, 0x8C, 0xF3, 0xB9, 0xE3, 0x63, 0xC7, 0xC7, 0x8F, 0x0F, 0x0E,
    0x1E, 0x1C, 0x30, 0x00, 0xC0, 0x00, 0x60, 0x00, 0x30, 0x00, 0x00, 0x04, 0xF0, 0xE7, 0xFD, 0xFB,
    0xFF, 0xFF, 0xE3, 0xC7, 0xE1, 0xC1, 0xF0, 0xE0, 0xF8, 0x70, 0x7C, 0x38, 0x3E, 0x1C, 0x1F, 0x0E,
    0x0F, 0x87, 0x07, 0xC3, 0x83, 0xE0, 0x0F, 0xE0, 0x3F, 0xC0, 0x7F, 0x81, 0xFF, 0x83, 0xFB, 0x06,
    0xF7, 0x1D, 0xEE, 0x33, 0xCC, 0x67, 0x9D, 0xCF, 0x1B, 0x1E, 0x3E, 0x3C, 0x78, 0x78, 0x70, 0xF0,
    0xE1, 0x80, 0x00, 0x03, 0x00, 0x07, 0x00, 0x0C, 0x00, 0x4F, 0x0E, 0x7F, 0xDF, 0xBF, 0xFF, 0xFE,
    0x3C, 0x7E, 0x1C, 0x1F, 0x0E, 0x0F, 0x87, 0x07, 0xC3, 0x83, 0xE1, 0xC1, 0xF0, 0xE0, 0xF8, 0x70,
    0x7C, 0x38, 0x30, 0x00, 0x00, 0x06, 0x00, 0x07, 0x00, 0x01, 0x80, 0x06, 0x00, 0x60, 0x06, 0x00,
    0x00, 0x00, 0x0E, 0x03, 0xE0, 0x3F, 0x03, 0xF8, 0x3F, 0x83, 0xDC, 0x3C, 0xE3, 0xCE, 0x3C, 0x73,
    0xC3, 0xBC, 0x3B, 0xC1, 0xFC, 0x0F, 0xC0, 0xFC, 0x07, 0x04, 0x01, 0xC0, 0x38, 0x00, 0x04, 0x71,
    0xFF, 0xBF, 0xF7, 0x86, 0xE0, 0xFC, 0x1F, 0x83, 0xF0, 0x7E, 0x0F, 0xC1, 0xF8, 0x3F, 0x07, 0xE0,
    0x3E, 0x03, 0xF0, 0x3F, 0x83, 0xF8, 0x3D, 0xC3, 0xCE, 0x3C, 0xE3, 0xC7, 0x3C, 0x3B, 0xC3, 0xBC,
    0x1F, 0xC0, 0xFC, 0x0F, 0xC0, 0x70, 0x00, 0x06, 0x00, 0xE0, 0x06, 0x00, 0x47, 0x1F, 0xFB, 0xFF,
    0x78, 0x6E, 0x0F, 0xC1, 0xF8, 0x3F, 0x07, 0xE0, 0xFC, 0x1F, 0x83, 0xF0, 0x70, 0x00, 0x1C, 0x03,
    0x80, 0x70, 0xE0, 0x3E, 0x03, 0xF0, 0x3F, 0x83, 0xF8, 0x3D, 0xC3, 0xCE, 0x3C, 0xE3, 0xC7, 0x3C,
    0x3B, 0xC3, 0xBC, 0x1F, 0xC0, 0xFC, 0x0F, 0xC0, 0x70, 0x00, 0x00, 0x03, 0xF8, 0x1F, 0x80, 0x47,
    0x1F, 0xFB, 0xFF, 0x78, 0x6E, 0x0F, 0xC1, 0xF8, 0x3F, 0x07, 0xE0, 0xFC, 0x1F, 0x83, 0xF0, 0x70,
    0x00, 0x00, 0x0F, 0xE1, 0xFC, 0xE0, 0x3E, 0x03, 0xF0, 0x3F, 0x83, 0xF8, 0x3D, 0xC3, 0xCE, 0x3C,
    0xE3, 0xC7, 0x3C, 0x3B, 0xC3, 0xBC, 0x1F, 0xC0, 0xFC, 0x0F, 0xC0, 0x70, 0x00, 0x0F, 0x01, 0xF0,
    0x1B, 0x83, 0x0C, 0x47, 0x1F, 0xFB, 0xFF, 0x78, 0x6E, 0x0F, 0xC1, 0xF8, 0x3F, 0x07, 0xE0, 0xFC,
    0x1F, 0x83, 0xF0, 0x70, 0x00, 0x1C, 0x07, 0xC1, 0xDC, 0x31, 0x80, 0x00, 0x00, 0x07, 0x00, 0x38,
    0x00, 0xC0, 0x0E, 0x60, 0x3F, 0x81, 0x9C, 0x00, 0x00, 0x1F, 0xE0, 0xFF, 0xC7, 0x83, 0x9C, 0x07,
    0xE0, 0x1F, 0x80, 0x7E, 0x00, 0xF8, 0x03, 0xE0, 0x0F, 0x80, 0x7E, 0x01, 0xDC, 0x07, 0x78, 0x38,
    0xFF, 0xC1, 0xFE, 0x00, 0xC0, 0x03, 0x00, 0xE0, 0x38, 0x06, 0x03, 0xD8, 0x7F, 0x08, 0xC0, 0x70,
    0x3F, 0x8F, 0xFB, 0x87, 0x70, 0x7C, 0x0F, 0x81, 0xF8, 0x3F, 0x07, 0xE1, 0xCF, 0xF8, 0xFE, 0x06,
    0x00, 0x0C, 0xC0, 0x3B, 0x00, 0xCC, 0x03, 0xD8, 0x1F, 0xE0, 0x67, 0x00, 0x00, 0x07, 0xF8, 0x3F,
    0xF1, 0xE0, 0xE7, 0x01, 0xF8, 0x07, 0xE0, 0x1F, 0x80, 0x3E, 0x00, 0xF8, 0x03, 0xE0, 0x1F, 0x80,
    0x77, 0x01, 0xDE, 0x0E, 0x3F, 0xF0, 0x7F, 0x80, 0x30, 0x00, 0x33, 0x07, 0x70, 0x44, 0x1E, 0xC7,
    0xF8, 0xC6, 0x03, 0x81, 0xFC, 0x7F, 0xDC, 0x3B, 0x83, 0xE0, 0x7C, 0x0F, 0xC1, 0xF8, 0x3F, 0x0E,
    0x7F, 0xC7, 0xF0, 0x30, 0x00, 0x0C, 0x00, 0x38, 0x00, 0x70, 0x00, 0xE0, 0x0F, 0xC0, 0x7F, 0x00,
    0xFC, 0x00, 0x00, 0x1F, 0xE0, 0xFF, 0xC7, 0x83, 0x9C, 0x07, 0xE0, 0x1F, 0x80, 0x7E, 0x00, 0xF8,
    0x03, 0xE0, 0x0F, 0x80, 0x7E, 0x01, 0xDC, 0x07, 0x78, 0x38, 0xFF, 0xC1, 0xFE, 0x00, 0xC0, 0x38,
    0x07, 0x80, 0x70, 0x03, 0x03, 0xF8, 0x7F, 0x00, 0x00, 0x70, 0x3F, 0x8F, 0xFB, 0x87, 0x70, 0x7C,
    0x0F, 0x81, 0xF8, 0x3F, 0x07, 0xE1, 0xCF, 0xF8, 0xFE, 0x06, 0x00, 0x00, 0xC0, 0x07, 0x00, 0x38,
    0x01, 0xC0, 0x0F, 0xC0, 0x3F, 0x80, 0xFC, 0x00, 0x00, 0x1F, 0xE0, 0xFF, 0xC7, 0x83, 0x9C, 0x07,
    0xE0, 0x1F, 0x80, 0x7E, 0x00, 0xF8, 0x03, 0xE0, 0x0F, 0x80, 0x7E, 0x01, 0xDC, 0x07, 0x78, 0x38,
    0xFF, 0xC1, 0xFE, 0x00, 0xC0, 0x03, 0x00, 0xE0, 0x38, 0x06, 0x03, 0xF0, 0x7F, 0x00, 0x00, 0x70,
    0x3F, 0x8F, 0xFB, 0x87, 0x70, 0x7C, 0x0F, 0x81, 0xF8, 0x3F, 0x07, 0xE1, 0xCF, 0xF8, 0xFE, 0x06,
    0x00, 0x07, 0x03, 0x80, 0xC0, 0x60, 0x00, 0x3F, 0xCF, 0xFB, 0x0F, 0xC1, 0xF0, 0x7C, 0x1F, 0x0F,
    0xFF, 0xBF, 0xCF, 0x83, 0x00, 0xC0, 0x30, 0x0C, 0x03, 0x00, 0x03, 0x80, 0x60, 0x1C, 0x02, 0x04,
    0x71, 0xFF, 0x3F, 0xF7, 0x87, 0xE0, 0xFC, 0x1F, 0x83, 0xF0, 0x7E, 0x0F, 0xE1, 0xBF, 0xF7, 0xFC,
    0xE6, 0x1C, 0x03, 0x80, 0x70, 0x0E, 0x00, 0x08, 0x07, 0x01, 0xC0, 0x00, 0x00, 0x3F, 0xCF, 0xFB,
    0x0F, 0xC1, 0xF0, 0x7C, 0x1F, 0x0F, 0xFF, 0xBF, 0xCF, 0x83, 0x00, 0xC0, 0x30, 0x0C, 0x03, 0x00,
    0x06, 0x00, 0xC0, 0x18, 0x00, 0x04, 0x71, 0xFF, 0x3F, 0xF7, 0x87, 0xE0, 0xFC, 0x1F, 0x83, 0xF0,
    0x7E, 0x0F, 0xE1, 0xBF, 0xF7, 0xFC, 0xE6, 0x1C, 0x03, 0x80, 0x70, 0x0E, 0x00, 0x08, 0x03, 0x80,
    0x70, 0x00, 0x00, 0x01, 0xFE, 0x3F, 0xE6, 0x1E, 0xC1, 0xD8, 0x3B, 0x07, 0x61, 0xCF, 0xF9, 0xFC,
    0x31, 0xC6, 0x38, 0xC3, 0x98, 0x3B, 0x07, 0x60, 0x70, 0x18, 0x18, 0x18, 0x00, 0x46, 0xFF, 0xFE,
    0xF0, 0xE0, 0xE0, 0xE0, 0xE0, 0xE0, 0xE0, 0xE0, 0xE0, 0xFF, 0x1F, 0xF3, 0x0F, 0x60, 0xEC, 0x1D,
    0x83, 0xB0, 0xE7, 0xFC, 0xFE, 0x18, 0xE3, 0x1C, 0x61, 0xCC, 0x1D, 0x83, 0xB0, 0x38, 0x00, 0x0C,
    0x03, 0x80, 0x30, 0x00, 0x46, 0xFF, 0xFE, 0xF0, 0xE0, 0xE0, 0xE0, 0xE0, 0xE0, 0xE0, 0xE0, 0xE0,
    0x00, 0xE0, 0xE0, 0xE0, 0x00, 0x0F, 0xE1, 0xFC, 0x00, 0x0F, 0xF1, 0xFF, 0x30, 0xF6, 0x0E, 0xC1,
    0xD8, 0x3B, 0x0E, 0x7F, 0xCF, 0xE1, 0x8E, 0x31, 0xC6, 0x1C, 0xC1, 0xD8, 0x3B, 0x03, 0x80, 0x00,
    0xC0, 0x38, 0x03, 0x00, 0x00, 0x7E, 0x7E, 0x46, 0xFF, 0xFE, 0xF0, 0xE0, 0xE0, 0xE0, 0xE0, 0xE0,
    0xE0, 0xE0, 0xE0, 0x00, 0xE0, 0xE0, 0xE0, 0xFF, 0x1F, 0xF3, 0x0F, 0x60, 0xEC, 0x1D, 0x83, 0xB0,
    0xE7, 0xFC, 0xFE, 0x18, 0xE3, 0x1C, 0x61, 0xCC, 0x1D, 0x83, 0xB0, 0x38, 0x00, 0x00, 0x0F, 0xE0,
    0xFC, 0x00, 0x11, 0x8F, 0xF3, 0xF8, 0xF0, 0x38, 0x0E, 0x03, 0x80, 0xE0, 0x38, 0x0E, 0x03, 0x80,
    0xE0, 0x00, 0x00, 0x0F, 0xE3, 0xF8, 0x0C, 0x03, 0x00, 0xC0, 0x00, 0x00, 0x0F, 0xE7, 0xFB, 0x82,
    0xE0, 0x38, 0x0F, 0x01, 0xF0, 0x3F, 0x03, 0xE0, 0x3C, 0x07, 0x01, 0xC0, 0x7F, 0xFB, 0xFC, 0x18,
    0x00, 0x18, 0x0C, 0x06, 0x00, 0x03, 0xC3, 0xFB, 0xFD, 0x80, 0xE0, 0x7C, 0x0F, 0x81, 0xE0, 0x30,
    0x1B, 0xFD, 0xFC, 0x38, 0x00, 0x00, 0x0F, 0xE7, 0xFB, 0x82, 0xE0, 0x38, 0x0F, 0x01, 0xF0, 0x3F,
    0x03, 0xE0, 0x3C, 0x07, 0x01, 0xC0, 0x7F, 0xFB, 0xFC, 0x18, 0x06, 0x01, 0xC0, 0x60, 0x3C, 0x3F,
    0xBF, 0xD8, 0x0E, 0x07, 0xC0, 0xF8, 0x1E, 0x03, 0x01, 0xBF, 0xDF, 0xC3, 0x80, 0xC0, 0x60, 0x30,
    0x03, 0x8D, 0xC3, 0xE0, 0x30, 0x00, 0x0F, 0xE7, 0xFB, 0x82, 0xE0, 0x38, 0x0F, 0x01, 0xF0, 0x3F,
    0x03, 0xE0, 0x3C, 0x07, 0x01, 0xC0, 0x7F, 0xFB, 0xFC, 0x18, 0x00, 0x27, 0x3F, 0x1F, 0x03, 0x03,
    0xC3, 0xFB, 0xFD, 0x80, 0xE0, 0x7C, 0x0F, 0x81, 0xE0, 0x30, 0x1B, 0xFD, 0xFC, 0x38, 0x00, 0x0C,
    0x03, 0x06, 0xF8, 0xFC, 0x1E, 0x07, 0x00, 0x00, 0xFE, 0x7F, 0xB8, 0x2E, 0x03, 0x80, 0xF0, 0x1F,
    0x03, 0xF0, 0x3E, 0x03, 0xC0, 0x70, 0x1C, 0x07, 0xFF, 0xBF, 0xC1, 0x80, 0x18, 0x0C, 0x3F, 0xCF,
    0xC3, 0xC0, 0xC0, 0xF0, 0xFE, 0xFF, 0x60, 0x38, 0x1F, 0x03, 0xE0, 0x78, 0x0C, 0x06, 0xFF, 0x7F,
    0x0E, 0x00, 0x0C, 0x03, 0x00, 0xC0, 0x00, 0x00, 0x0F, 0xE7, 0xFB, 0x82, 0xE0, 0x38, 0x0F, 0x01,
    0xF0, 0x3F, 0x03, 0xE0, 0x3C, 0x07, 0x01, 0xC0, 0x7F, 0xFB, 0xFC, 0x18, 0x06, 0x01, 0xC0, 0x60,
    0x18, 0x0C, 0x06, 0x00, 0x03, 0xC3, 0xFB, 0xFD, 0x80, 0xE0, 0x7C, 0x0F, 0x81, 0xE0, 0x30, 0x1B,
    0xFD, 0xFC, 0x38, 0x0C, 0x06, 0x03, 0x00, 0x04, 0x00, 0xE0, 0x06, 0x00, 0x00, 0x00, 0x0F, 0xFF,
    0xFF, 0xF0, 0xE0, 0x0E, 0x00, 0xE0, 0x0E, 0x00, 0xE0, 0x0E, 0x00, 0xE0, 0x0E, 0x00, 0xE0, 0x0E,
    0x00, 0xE0, 0x0E, 0x00, 0xE0, 0x30, 0x38, 0x38, 0x00, 0x00, 0x30, 0x30, 0x7E, 0xFE, 0xFE, 0x30,
    0x30, 0x30, 0x30, 0x30, 0x30, 0x30, 0x3E, 0x3E, 0x0C, 0xFF, 0xFF, 0xFF, 0x0E, 0x00, 0xE0, 0x0E,
    0x00, 0xE0, 0x0E, 0x00, 0xE0, 0x0E, 0x00, 0xE0, 0x0E, 0x00, 0xE0, 0x0E, 0x00, 0xE0, 0x0E, 0x00,
    0x00, 0x06, 0x00, 0xE0, 0x06, 0x00, 0x30, 0x30, 0x7E, 0xFE, 0xFE, 0x30, 0x30, 0x30, 0x30, 0x30,
    0x30, 0x30, 0x3E, 0x3E, 0x0C, 0x1C, 0x1C, 0x1C, 0xFF, 0xFF, 0xFF, 0x0E, 0x00, 0xE0, 0x0E, 0x00,
    0xE0, 0x0E, 0x00, 0xE0, 0x0E, 0x00, 0xE0, 0x0E, 0x00, 0xE0, 0x0E, 0x00, 0xE0, 0x0E, 0x00, 0x00,
    0x00, 0x03, 0xF8, 0x1F, 0x80, 0x30, 0x30, 0x7E, 0xFE, 0xFE, 0x30, 0x30, 0x30, 0x30, 0x30, 0x30,
    0x30, 0x3E, 0x3E, 0x0C, 0x00, 0x7F, 0x7F, 0xFF, 0xFF, 0xFF, 0x0E, 0x00, 0xE0, 0x0E, 0x00, 0xE0,
    0x0E, 0x00, 0xE0, 0x0E, 0x00, 0xE0, 0x0E, 0x00, 0xE0, 0x0E, 0x00, 0xE0, 0x0E, 0x00, 0x00, 0x0E,
    0x01, 0xF0, 0x3B, 0x83, 0x08, 0x30, 0x30, 0x7E, 0xFE, 0xFE, 0x30, 0x30, 0x30, 0x30, 0x30, 0x30,
    0x30, 0x3E, 0x3E, 0x0C, 0x1C, 0x3E, 0x77, 0x63, 0x60, 0x3F, 0x01, 0xF8, 0x0F, 0xC0, 0x7E, 0x03,
    0xF0, 0x1F, 0x80, 0xFC, 0x07, 0xE0, 0x3F, 0x01, 0xD8, 0x0E, 0xC0, 0x67, 0x07, 0x1F, 0xF0, 0x7F,
    0x00, 0xE0, 0x08, 0x80, 0xEE, 0x07, 0x70, 0x40, 0x5C, 0x1B, 0x83, 0x70, 0x6E, 0x0D, 0xC1, 0xB8,
    0x37, 0x06, 0xE0, 0xDC, 0x39, 0xFF, 0x3F, 0xE0, 0xC0, 0x22, 0x0E, 0xE1, 0xD8, 0x60, 0x3F, 0x01,
    0xF8, 0x0F, 0xC0, 0x7E, 0x03, 0xF0, 0x1F, 0x80, 0xFC, 0x07, 0xE0, 0x3F, 0x01, 0xD8, 0x0E, 0xC0,
    0x67, 0x07, 0x1F, 0xF0, 0x7F, 0x01, 0xE8, 0x1F, 0xE0, 0xFE, 0x04, 0x60, 0x40, 0x5C, 0x1B, 0x83,
    0x70, 0x6E, 0x0D, 0xC1, 0xB8, 0x37, 0x06, 0xE0, 0xDC, 0x39, 0xFF, 0x3F, 0xE1, 0xC8, 0x7F, 0x1F,
    0xE3, 0x18, 0x60, 0x3F, 0x01, 0xF8, 0x0F, 0xC0, 0x7E, 0x03, 0xF0, 0x1F, 0x80, 0xFC, 0x07, 0xE0,
    0x3F, 0x01, 0xD8, 0x0E, 0xC0, 0x67, 0x07, 0x1F, 0xF0, 0x7F, 0x00, 0xE0, 0x07, 0x00, 0x7C, 0x07,
    0x70, 0x31, 0x80, 0x40, 0x5C, 0x1B, 0x83, 0x70, 0x6E, 0x0D, 0xC1, 0xB8, 0x37, 0x06, 0xE0, 0xDC,
    0x39, 0xFF, 0x3F, 0xE0, 0xC0, 0x3C, 0x07, 0xC1, 0xDC, 0x61, 0x80, 0x00, 0x00, 0x1E, 0x00, 0xE0,
    0x0C, 0x00, 0xE4, 0x0F, 0xE0, 0x6F, 0x00, 0x00, 0x60, 0x3F, 0x01, 0xF8, 0x0F, 0xC0, 0x7E, 0x03,
    0xF0, 0x1F, 0x80, 0xFC, 0x07, 0xE0, 0x3F, 0x01, 0xD8, 0x0E, 0xC0, 0x67, 0x07, 0x1F, 0xF0, 0x7F,
    0x00, 0xE0, 0x03, 0x00, 0xE0, 0x38, 0x06, 0x03, 0xD8, 0x7F, 0x08, 0xC2, 0x02, 0xE0, 0xDC, 0x1B,
    0x83, 0x70, 0x6E, 0x0D, 0xC1, 0xB8, 0x37, 0x06, 0xE1, 0xCF, 0xF9, 0xFF, 0x06, 0x00, 0x08, 0x80,
    0xEE, 0x03, 0x30, 0x1F, 0x01, 0xFC, 0x0F, 0xE0, 0x00, 0x0C, 0x07, 0xE0, 0x3F, 0x01, 0xF8, 0x0F,
    0xC0, 0x7E, 0x03, 0xF0, 0x1F, 0x80, 0xFC, 0x07, 0xE0, 0x3B, 0x01, 0xD8, 0x0C, 0xE0, 0xE3, 0xFE,
    0x0F, 0xE0, 0x1C, 0x00, 0x3B, 0x07, 0x70, 0x44, 0x1F, 0xC3, 0xF8, 0x00, 0x10, 0x17, 0x06, 0xE0,
    0xDC, 0x1B, 0x83, 0x70, 0x6E, 0x0D, 0xC1, 0xB8, 0x37, 0x0E, 0x7F, 0xCF, 0xF8, 0x30, 0x00, 0x0C,
    0x40, 0xFE, 0x0F, 0xF0, 0x63, 0x00, 0x00, 0x60, 0x1F, 0x80, 0xDC, 0x0E, 0x70, 0x73, 0x83, 0x0C,
    0x38, 0x71, 0xC3, 0x8C, 0x0C, 0xE0, 0x77, 0x03, 0xB0, 0x0F, 0x80, 0x78, 0x03, 0xC0, 0x0E, 0x00,
    0x18, 0x87, 0xF1, 0xFE, 0x31, 0x8C, 0x05, 0xC1, 0xF8, 0x33, 0x0E, 0x71, 0xCE, 0x30, 0xCE, 0x1D,
    0x81, 0xB0, 0x3E, 0x07, 0x80, 0x70, 0xC0, 0x3F, 0x01, 0xB8, 0x1C, 0xE0, 0xE7, 0x06, 0x18, 0x70,
    0xE3, 0x87, 0x18, 0x19, 0xC0, 0xEE, 0x07, 0x60, 0x1F, 0x00, 0xF0, 0x07, 0x80, 0x1C, 0x00, 0x00,
    0x06, 0x00, 0x38, 0x01, 0x80, 0xC0, 0x5C, 0x1F, 0x83, 0x30, 0xE7, 0x1C, 0xE3, 0x0C, 0xE1, 0xD8,
    0x1B, 0x03, 0xE0, 0x78, 0x07, 0x00, 0x00, 0x18, 0x03, 0x80, 0x60, 0x01, 0xC0, 0x00, 0x1C, 0x00,
    0x00, 0xE0, 0x00, 0x02, 0x00, 0x00, 0x00, 0x0E, 0x0E, 0x06, 0xE0, 0xE0, 0xE6, 0x0F, 0x0E, 0x61,
    0xF0, 0xE7, 0x1B, 0x0C, 0x71, 0xB9, 0xC3, 0x3B, 0x9C, 0x33, 0x99, 0xC3, 0xB1, 0x98, 0x3B, 0x1F,
    0x81, 0xF0, 0xF8, 0x1E, 0x0F, 0x01, 0xE0, 0xF0, 0x1E, 0x0F, 0x00, 0xE0, 0x70, 0x07, 0x00, 0x01,
    0xC0, 0x00, 0x70, 0x00, 0x18, 0x0C, 0x18, 0x37, 0x0E, 0x1B, 0x8F, 0x1C, 0xC7, 0x8E, 0x63, 0xE6,
    0x3B, 0xB3, 0x1D, 0x9B, 0x86, 0xCF, 0xC3, 0xE7, 0xC1, 0xF1, 0xE0, 0x70, 0xF0, 0x38, 0x78, 0x00,
    0x38, 0x00, 0x07, 0x00, 0x00, 0x60, 0x00, 0x0C, 0x00, 0x00, 0x00, 0x0E, 0x0E, 0x06, 0xE0, 0xE0,
    0xE6, 0x0F, 0x0E, 0x61, 0xF0, 0xE7, 0x1B, 0x0C, 0x71, 0xB9, 0xC3, 0x3B, 0x9C, 0x33, 0x99, 0xC3,
    0xB1, 0x98, 0x3B, 0x1F, 0x81, 0xF0, 0xF8, 0x1E, 0x0F, 0x01, 0xE0, 0xF0, 0x1E, 0x0F, 0x00, 0xE0,
    0x70, 0x00, 0xE0, 0x00, 0x70, 0x00, 0x70, 0x00, 0x30, 0x0C, 0x18, 0x37, 0x0E, 0x1B, 0x8F, 0x1C,
    0xC7, 0x8E, 0x63, 0xE6, 0x3B, 0xB3, 0x1D, 0x9B, 0x86, 0xCF, 0xC3, 0xE7, 0xC1, 0xF1, 0xE0, 0x70,
    0xF0, 0x38, 0x78, 0x01, 0x10, 0x00, 0x3B, 0x80, 0x01, 0xB8, 0x00, 0x00, 0x00, 0x00, 0x00, 0x0E,
    0x0E, 0x06, 0xE0, 0xE0, 0xE6, 0x0F, 0x0E, 0x61, 0xF0, 0xE7, 0x1B, 0x0C, 0x71, 0xB9, 0xC3, 0x3B,
    0x9C, 0x33, 0x99, 0xC3, 0xB1, 0x98, 0x3B, 0x1F, 0x81, 0xF0, 0xF8, 0x1E, 0x0F, 0x01, 0xE0, 0xF0,
    0x1E, 0x0F, 0x00, 0xE0, 0x70, 0x02, 0x00, 0x03, 0xB0, 0x01, 0x98, 0x00, 0x00, 0x0C, 0x18, 0x37,
    0x0E, 0x1B, 0x8F, 0x1C, 0xC7, 0x8E, 0x63, 0xE6, 0x3B, 0xB3, 0x1D, 0x9B, 0x86, 0xCF, 0xC3, 0xE7,
    0xC1, 0xF1, 0xE0, 0x70, 0xF0, 0x38, 0x78, 0x00, 0x40, 0x00, 0x0E, 0x00, 0x00, 0xE0, 0x00, 0x00,
    0x00, 0x00, 0x00, 0x0E, 0x0E, 0x06, 0xE0, 0xE0, 0xE6, 0x0F, 0x0E, 0x61, 0xF0, 0xE7, 0x1B, 0x0C,
    0x71, 0xB9, 0xC3, 0x3B, 0x9C, 0x33, 0x99, 0xC3, 0xB1, 0x98, 0x3B, 0x1F, 0x81, 0xF0, 0xF8, 0x1E,
    0x0F, 0x01, 0xE0, 0xF0, 0x1E, 0x0F, 0x00, 0xE0, 0x70, 0x01, 0x80, 0x00, 0xE0, 0x00, 0x60, 0x00,
    0x00, 0x0C, 0x18, 0x37, 0x0E, 0x1B, 0x8F, 0x1C, 0xC7, 0x8E, 0x63, 0xE6, 0x3B, 0xB3, 0x1D, 0x9B,
    0x86, 0xCF, 0xC3, 0xE7, 0xC1, 0xF1, 0xE0, 0x70, 0xF0, 0x38, 0x78, 0xE0, 0xE0, 0x6E, 0x0E, 0x0E,
    0x60, 0xF0, 0xE6, 0x1F, 0x0E, 0x71, 0xB0, 0xC7, 0x1B, 0x9C, 0x33, 0xB9, 0xC3, 0x39, 0x9C, 0x3B,
    0x19, 0x83, 0xB1, 0xF8, 0x1F, 0x0F, 0x81, 0xE0, 0xF0, 0x1E, 0x0F, 0x01, 0xE0, 0xF0, 0x0E, 0x07,
    0x00, 0x00, 0x00, 0x00, 0xE0, 0x00, 0x0E, 0x00, 0x00, 0xE0, 0x00, 0xC1, 0x83, 0x70, 0xE1, 0xB8,
    0xF1, 0xCC, 0x78, 0xE6, 0x3E, 0x63, 0xBB, 0x31, 0xD9, 0xB8, 0x6C, 0xFC, 0x3E, 0x7C, 0x1F, 0x1E,
    0x07, 0x0F, 0x03, 0x87, 0x80, 0x00, 0x00, 0x0C, 0x00, 0x07, 0x00, 0x03, 0x00, 0x06, 0x00, 0x30,
    0x01, 0x80, 0x00, 0x00, 0x00, 0x70, 0x39, 0xC1, 0x86, 0x1C, 0x39, 0xC0, 0xEC, 0x07, 0xE0, 0x1E,
    0x00, 0xF0, 0x07, 0x80, 0x7E, 0x03, 0x38, 0x39, 0xC3, 0x87, 0x18, 0x1D, 0xC0, 0xE0, 0x04, 0x01,
    0xC0, 0x38, 0x00, 0x04, 0x04, 0xE3, 0x9C, 0x71, 0xDC, 0x1F, 0x03, 0xE0, 0x38, 0x0F, 0x83, 0xB8,
    0x77, 0x1C, 0x77, 0x07, 0x00, 0x00, 0xCC, 0x06, 0x60, 0x00, 0x00, 0x00, 0x70, 0x39, 0xC1, 0x86,
    0x1C, 0x39, 0xC0, 0xEC, 0x07, 0xE0, 0x1E, 0x00, 0xF0, 0x07, 0x80, 0x7E, 0x03, 0x38, 0x39, 0xC3,
    0x87, 0x18, 0x1D, 0xC0, 0xE0, 0x11, 0x07, 0x70, 0xEE, 0x00, 0x04, 0x04, 0xE3, 0x9C, 0x71, 0xDC,
    0x1F, 0x03, 0xE0, 0x38, 0x0F, 0x83, 0xB8, 0x77, 0x1C, 0x77, 0x07, 0x06, 0x00, 0x60, 0x06, 0x00,
    0x00, 0x00, 0x0E, 0x07, 0xE0, 0x67, 0x0E, 0x70, 0xC3, 0x9C, 0x39, 0x81, 0xF8, 0x0F, 0x00, 0xF0,
    0x06, 0x00, 0x60, 0x06, 0x00, 0x60, 0x06, 0x00, 0x60, 0x04, 0x01, 0xC0, 0x38, 0x00, 0x0C, 0x05,
    0xC1, 0xF8, 0x33, 0x0E, 0x71, 0xCE, 0x30, 0xEE, 0x1D, 0x81, 0xB0, 0x3E, 0x03, 0x80, 0x70, 0x0E,
    0x01, 0x80, 0x70, 0x7C, 0x0F, 0x00, 0x0F, 0x00, 0xF8, 0x19, 0x83, 0x0C, 0x00, 0x07, 0xFE, 0x7F,
    0xE0, 0x0E, 0x01, 0xC0, 0x38, 0x03, 0x80, 0x70, 0x0E, 0x00, 0xE0, 0x1C, 0x03, 0x80, 0x38, 0x07,
    0x00, 0x7F, 0xEF, 0xFE, 0x1E, 0x1F, 0x0D, 0xCC, 0x37, 0xFB, 0xFD, 0xFE, 0x0E, 0x07, 0x07, 0x07,
    0x03, 0x83, 0x83, 0x81, 0xFF, 0xFF, 0x7F, 0xE7, 0xFE, 0x00, 0xE0, 0x1C, 0x03, 0x80, 0x38, 0x07,
    0x00, 0xE0, 0x0E, 0x01, 0xC0, 0x38, 0x03, 0x80, 0x70, 0x07, 0xFE, 0xFF, 0xE0, 0x00, 0x06, 0x00,
    0x70, 0x06, 0x00, 0x7F, 0xBF, 0xDF, 0xE0, 0xE0, 0x70, 0x70, 0x70, 0x38, 0x38, 0x38, 0x1F, 0xFF,
    0xF0, 0x00, 0x60, 0x30, 0x18, 0x7F, 0xE7, 0xFE, 0x00, 0xE0, 0x1C, 0x03, 0x80, 0x38, 0x07, 0x00,
    0xE0, 0x0E, 0x01, 0xC0, 0x38, 0x03, 0x80, 0x70, 0x07, 0xFE, 0xFF, 0xE0, 0x00, 0x00, 0x03, 0xF8,
    0x1F, 0x80, 0x7F, 0xBF, 0xDF, 0xE0, 0xE0, 0x70, 0x70, 0x70, 0x38, 0x38, 0x38, 0x1F, 0xFF, 0xF0,
    0x00, 0x01, 0xFC, 0x7E, 0xE0, 0x1C, 0x03, 0x80, 0x70, 0x0E, 0x71, 0xFF, 0xBF, 0xF7, 0x86, 0xE0,
    0xFC, 0x1F, 0x83, 0xF0, 0x7E, 0x0F, 0xC1, 0xF8, 0x3F, 0x07, 0x00, 0x00, 0x00, 0xFE, 0x1F, 0xC0,
    0x40, 0xEC, 0xCC, 0x00, 0x00, 0x30, 0x30, 0x7E, 0xFE, 0xFE, 0x30, 0x30, 0x30, 0x30, 0x30, 0x30,
    0x30, 0x3E, 0x3E, 0x0C, 0x00, 0x00, 0x01, 0xE0, 0x00, 0xD8, 0x00, 0x4C, 0x00, 0x3C, 0x00, 0x0C,
    0x03, 0x06, 0x0D, 0xC3, 0x86, 0xE3, 0xC7, 0x31, 0xE3, 0x98, 0xF9, 0x8E, 0xEC, 0xC7, 0x66, 0xE1,
    0xB3, 0xF0, 0xF9, 0xF0, 0x7C, 0x78, 0x1C, 0x3C, 0x0E, 0x1E, 0x00, 0x00, 0x03, 0xC0, 0x6C, 0x0D,
    0x81, 0xF0, 0x18, 0x30, 0x17, 0x07, 0xE0, 0xCC, 0x39, 0xC7, 0x38, 0xC3, 0xB8, 0x76, 0x06, 0xC0,
    0xF8, 0x0E, 0x01, 0xC0, 0x38, 0x06, 0x01, 0xC1, 0xF0, 0x3C, 0x00, 0x00, 0x60, 0x07, 0x00, 0x30,
    0x03, 0x00, 0x70, 0xF0, 0x3F, 0x83, 0xFC, 0x00, 0xC0, 0x0C, 0x1F, 0xC3, 0xFC, 0x70, 0xC6, 0x0C,
    0x61, 0xC7, 0xFC, 0x3F, 0xC0, 0xC0, 0x18, 0x30, 0x60, 0x03, 0xEF, 0xD8, 0x70, 0xE1, 0xC3, 0x87,
    0x0E, 0x1C, 0x38, 0x70, 0xE1, 0xC3, 0x87, 0x00, 0x1F, 0x3F, 0x30, 0x70, 0x74, 0x7E, 0x7C, 0xF0,
    0xF0, 0x70, 0x70, 0x70, 0x70, 0x70, 0x70, 0x70, 0x1F, 0x3F, 0x30, 0x70, 0xFE, 0xFE, 0x70, 0x70,
    0x70, 0x70, 0x70, 0x70, 0x70, 0x70, 0x70, 0x70, 0x00, 0x00, 0x7F, 0x03, 0xFE, 0x1C, 0x3C, 0x60,
    0x71, 0x83, 0x86, 0x1C, 0x38, 0xF8, 0xE3, 0xF3, 0x81, 0xEE, 0x03, 0xB8, 0x06, 0xE0, 0x1B, 0x80,
    0xEE, 0xFF, 0xBB, 0xFC, 0x01, 0x80, 0x0F, 0xC1, 0xFE, 0x38, 0x43, 0x80, 0x1C, 0x01, 0xF0, 0x1F,
    0x83, 0xDC, 0x70, 0xE7, 0x06, 0x60, 0x66, 0x06, 0x60, 0x67, 0x0E, 0x3F, 0xC1, 0xF8, 0x06, 0x00,
    0x07, 0x00, 0x1C, 0x00, 0xF8, 0x03, 0xE0, 0x0D, 0xC0, 0x77, 0x01, 0xCC, 0x06, 0x38, 0x3F, 0xE0,
    0xFF, 0xC7, 0xFF, 0x1C, 0x0C, 0x60, 0x3B, 0x80, 0xEC, 0x01, 0x80, 0x00, 0x03, 0x00, 0x1C, 0x00,
    0x30, 0x00, 0x0F, 0x0F, 0xE3, 0xFC, 0x03, 0x00, 0xC7, 0xF3, 0xFD, 0xC3, 0x60, 0xD8, 0x77, 0xFC,
    0xFF, 0x0C, 0x01, 0x80, 0xE0, 0x18, 0x00, 0x00, 0x1E, 0x00, 0x18, 0x00, 0xE0, 0x07, 0x00, 0x18,
    0x00, 0x00, 0x01, 0xC0, 0x07, 0x00, 0x3E, 0x00, 0xF8, 0x03, 0x70, 0x1D, 0xC0, 0x73, 0x01, 0x8E,
    0x0F, 0xF8, 0x3F, 0xF1, 0xFF, 0xC7, 0x03, 0x18, 0x0E, 0xE0, 0x3B, 0x00, 0x60, 0x00, 0x03, 0xC0,
    0x30, 0x1C, 0x06, 0x01, 0x80, 0xF0, 0xFE, 0x3F, 0xC0, 0x30, 0x0C, 0x7F, 0x3F, 0xDC, 0x36, 0x0D,
    0x87, 0x7F, 0xCF, 0xF0, 0xC0, 0x00, 0x30, 0x01, 0xC0, 0x76, 0x03, 0xE0, 0x1C, 0xC0, 0x00, 0x00,
    0x70, 0x01, 0xC0, 0x0F, 0x80, 0x3E, 0x00, 0xDC, 0x07, 0x70, 0x1C, 0xC0, 0x63, 0x83, 0xFE, 0x0F,
    0xFC, 0x7F, 0xF1, 0xC0, 0xC6, 0x03, 0xB8, 0x0E, 0xC0, 0x18, 0x00, 0x60, 0xEE, 0x0F, 0xC1, 0xB8,
    0x31, 0x80, 0xF0, 0x3F, 0x83, 0xFC, 0x00, 0xC0, 0x0C, 0x1F, 0xC3, 0xFC, 0x70, 0xC6, 0x0C, 0x61,
    0xC7, 0xFC, 0x3F, 0xC0, 0xC0, 0x60, 0x01, 0xC0, 0x03, 0x70, 0x03, 0xE0, 0x1C, 0xC0, 0x00, 0x00,
    0x70, 0x01, 0xC0, 0x0F, 0x80, 0x3E, 0x00, 0xDC, 0x07, 0x70, 0x1C, 0xC0, 0x63, 0x83, 0xFE, 0x0F,
    0xFC, 0x7F, 0xF1, 0xC0, 0xC6, 0x03, 0xB8, 0x0E, 0xC0, 0x18, 0xE0, 0x1B, 0x83, 0xF0, 0x6E, 0x10,
    0x83, 0xC3, 0xF8, 0xFF, 0x00, 0xC0, 0x31, 0xFC, 0xFF, 0x70, 0xD8, 0x36, 0x1D, 0xFF, 0x3F, 0xC3,
    0x00, 0x00, 0xE0, 0x01, 0xC0, 0x07, 0x01, 0xD8, 0x0F, 0x80, 0x77, 0x00, 0x00, 0x01, 0xC0, 0x07,
    0x00, 0x3E, 0x00, 0xF8, 0x03, 0x70, 0x1D, 0xC0, 0x73, 0x01, 0x8E, 0x0F, 0xF8, 0x3F, 0xF1, 0xFF,
    0xC7, 0x03, 0x18, 0x0E, 0xE0, 0x3B, 0x00, 0x60, 0x00, 0x80, 0x1C, 0x01, 0x87, 0x70, 0xFC, 0x37,
    0x04, 0x20, 0x78, 0x3F, 0x87, 0xF8, 0x03, 0x00, 0x61, 0xFC, 0x7F, 0x9C, 0x33, 0x06, 0x61, 0xCF,
    0xF8, 0xFF, 0x06, 0x00, 0x0E, 0x40, 0x7F, 0x01, 0x98, 0x01, 0xC0, 0x0F, 0x80, 0x73, 0x00, 0x00,
    0x01, 0xC0, 0x07, 0x00, 0x3E, 0x00, 0xF8, 0x03, 0x70, 0x1D, 0xC0, 0x73, 0x01, 0x8E, 0x0F, 0xF8,
    0x3F, 0xF1, 0xFF, 0xC7, 0x03, 0x18, 0x0E, 0xE0, 0x3B, 0x00, 0x60, 0x08, 0x87, 0xE3, 0x78, 0x38,
    0x0F, 0x06, 0xE3, 0x08, 0x3C, 0x3F, 0x8F, 0xF0, 0x0C, 0x03, 0x1F, 0xCF, 0xF7, 0x0D, 0x83, 0x61,
    0xDF, 0xF3, 0xFC, 0x30, 0x07, 0x00, 0x3E, 0x01, 0xDC, 0x06, 0x30, 0x00, 0x00, 0x1C, 0x00, 0x70,
    0x03, 0xE0, 0x0F, 0x80, 0x37, 0x01, 0xDC, 0x07, 0x30, 0x18, 0xE0, 0xFF, 0x83, 0xFF, 0x1F, 0xFC,
    0x70, 0x31, 0x80, 0xEE, 0x03, 0xB0, 0x06, 0x00, 0x00, 0x0C, 0x00, 0x70, 0x00, 0xC0, 0x0F, 0x07,
    0xC1, 0xB8, 0xC3, 0x0F, 0x0F, 0xE3, 0xFC, 0x03, 0x00, 0xC7, 0xF3, 0xFD, 0xC3, 0x60, 0xD8, 0x77,
    0xFC, 0xFF, 0x0C, 0x01, 0x80, 0xE0, 0x18, 0x00, 0x00, 0x06, 0x00, 0x30, 0x06, 0xB0, 0x0F, 0xC0,
    0x3E, 0x00, 0x00, 0x01, 0xC0, 0x07, 0x00, 0x3E, 0x00, 0xF8, 0x03, 0x70, 0x1D, 0xC0, 0x73, 0x01,
    0x8E, 0x0F, 0xF8, 0x3F, 0xF1, 0xFF, 0xC7, 0x03, 0x18, 0x0E, 0xE0, 0x3B, 0x00, 0x60, 0x03, 0x01,
    0xC1, 0x68, 0x66, 0x1F, 0x83, 0x80, 0xF0, 0xFE, 0x3F, 0xC0, 0x30, 0x0C, 0x7F, 0x3F, 0xDC, 0x36,
    0x0D, 0x87, 0x7F, 0xCF, 0xF0, 0xC0, 0x00, 0x00, 0x38, 0x00, 0x60, 0x06, 0xB0, 0x0F, 0xC0, 0x3E,
    0x00, 0x00, 0x01, 0xC0, 0x07, 0x00, 0x3E, 0x00, 0xF8, 0x03, 0x70, 0x1D, 0xC0, 0x73, 0x01, 0x8E,
    0x0F, 0xF8, 0x3F, 0xF1, 0xFF, 0xC7, 0x03, 0x18, 0x0E, 0xE0, 0x3B, 0x00, 0x60, 0x1C, 0x03, 0x01,
    0x68, 0x66, 0x1F, 0x83, 0x80, 0xF0, 0xFE, 0x3F, 0xC0, 0x30, 0x0C, 0x7F, 0x3F, 0xDC, 0x36, 0x0D,
    0x87, 0x7F, 0xCF, 0xF0, 0xC0, 0x07, 0x00, 0x0C, 0x00, 0x30, 0x06, 0xB0, 0x0F, 0xC0, 0x3E, 0x00,
    0x00, 0x01, 0xC0, 0x07, 0x00, 0x3E, 0x00, 0xF8, 0x03, 0x70, 0x1D, 0xC0, 0x73, 0x01, 0x8E, 0x0F,
    0xF8, 0x3F, 0xF1, 0xFF, 0xC7, 0x03, 0x18, 0x0E, 0xE0, 0x3B, 0x00, 0x60, 0x04, 0x03, 0xC0, 0x70,
    0x5A, 0x19, 0x87, 0xE0, 0xE0, 0x3C, 0x3F, 0x8F, 0xF0, 0x0C, 0x03, 0x1F, 0xCF, 0xF7, 0x0D, 0x83,
    0x61, 0xDF, 0xF3, 0xFC, 0x30, 0x0E, 0x40, 0x7F, 0x01, 0x98, 0x06, 0x30, 0x1F, 0xC0, 0x3E, 0x00,
    0x00, 0x01, 0xC0, 0x07, 0x00, 0x3E, 0x00, 0xF8, 0x03, 0x70, 0x1D, 0xC0, 0x73, 0x01, 0x8E, 0x0F,
    0xF8, 0x3F, 0xF1, 0xFF, 0xC7, 0x03, 0x18, 0x0E, 0xE0, 0x3B, 0x00, 0x60, 0x08, 0x87, 0xE3, 0x78,
    0x42, 0x19, 0x87, 0xE0, 0xE0, 0x3C, 0x3F, 0x8F, 0xF0, 0x0C, 0x03, 0x1F, 0xCF, 0xF7, 0x0D, 0x83,
    0x61, 0xDF, 0xF3, 0xFC, 0x30, 0x18, 0x40, 0x77, 0x00, 0xFC, 0x01, 0xC0, 0x00, 0x00, 0x1C, 0x00,
    0x70, 0x03, 0xE0, 0x0F, 0x80, 0x37, 0x01, 0xDC, 0x07, 0x30, 0x18, 0xE0, 0xFF, 0x83, 0xFF, 0x1F,
    0xFC, 0x70, 0x31, 0x80, 0xEE, 0x03, 0xB0, 0x06, 0x00, 0x00, 0x0C, 0x00, 0x70, 0x00, 0xC0, 0x10,
    0x86, 0xE1, 0xF8, 0x38, 0x0F, 0x0F, 0xE3, 0xFC, 0x03, 0x00, 0xC7, 0xF3, 0xFD, 0xC3, 0x60, 0xD8,
    0x77, 0xFC, 0xFF, 0x0C, 0x03, 0x80, 0xE0, 0x38, 0xFF, 0xFF, 0xF0, 0x18, 0x0C, 0x06, 0x03, 0xFD,
    0xFE, 0xC0, 0x60, 0x30, 0x18, 0x0C, 0x07, 0xFF, 0xFE, 0x00, 0x18, 0x0E, 0x06, 0x00, 0x1E, 0x0F,
    0xC7, 0xFB, 0x87, 0xE1, 0xFF, 0xFF, 0xFF, 0x00, 0xE0, 0x38, 0x07, 0xFC, 0xFE, 0x06, 0x03, 0x00,
    0xE0, 0x30, 0x00, 0x1E, 0x03, 0x81, 0xC1, 0xC0, 0xC0, 0x01, 0xFF, 0xFF, 0xE0, 0x30, 0x18, 0x0C,
    0x07, 0xFB, 0xFD, 0x80, 0xC0, 0x60, 0x30, 0x18, 0x0F, 0xFF, 0xFC, 0x00, 0x07, 0x80, 0x70, 0x1C,
    0x0E, 0x03, 0x01, 0xE0, 0xFC, 0x7F, 0xB8, 0x7E, 0x1F, 0xFF, 0xFF, 0xF0, 0x0E, 0x03, 0x80, 0x7F,
    0xCF, 0xE0, 0x60, 0x31, 0x3F, 0xBF, 0xD8, 0xC0, 0x07, 0xFF, 0xFF, 0x80, 0xC0, 0x60, 0x30, 0x1F,
    0xEF, 0xF6, 0x03, 0x01, 0x80, 0xC0, 0x60, 0x3F, 0xFF, 0xF0, 0x10, 0x9F, 0xE7, 0xF9, 0x18, 0x1E,
    0x0F, 0xC7, 0xFB, 0x87, 0xE1, 0xFF, 0xFF, 0xFF, 0x00, 0xE0, 0x38, 0x07, 0xFC, 0xFE, 0x06, 0x00,
    0x00, 0xC0, 0x73, 0xF8, 0xF8, 0x67, 0x00, 0x0F, 0xFB, 0xFE, 0xC0, 0x30, 0x0C, 0x03, 0x00, 0xFF,
    0x3F, 0xCC, 0x03, 0x00, 0xC0, 0x30, 0x0C, 0x03, 0xFE, 0xFF, 0x80, 0x00, 0xE1, 0xB8, 0x7E, 0x1F,
    0x82, 0x10, 0x3C, 0x0F, 0xC3, 0xFC, 0xE1, 0xDC, 0x3B, 0xFF, 0x7F, 0xEC, 0x01, 0xC0, 0x38, 0x03,
    0xFE, 0x3F, 0x80, 0xC0, 0x60, 0x0C, 0x00, 0xDC, 0x07, 0xC1, 0x9C, 0x00, 0x0F, 0xF9, 0xFF, 0x30,
    0x06, 0x00, 0xC0, 0x18, 0x03, 0xFC, 0x7F, 0x8C, 0x01, 0x80, 0x30, 0x06, 0x00, 0xC0, 0x1F, 0xF3,
    0xFE, 0xE0, 0x0E, 0xE0, 0xFC, 0x0E, 0xC1, 0x08, 0x1E, 0x07, 0xE1, 0xFE, 0x70, 0xEE, 0x1D, 0xFF,
    0xBF, 0xF6, 0x00, 0xE0, 0x1C, 0x01, 0xFF, 0x1F, 0xC0, 0x60, 0x03, 0x80, 0xE0, 0x18, 0xFC, 0x3E,
    0x19, 0xC0, 0x03, 0xFE, 0xFF, 0xB0, 0x0C, 0x03, 0x00, 0xC0, 0x3F, 0xCF, 0xF3, 0x00, 0xC0, 0x30,
    0x0C, 0x03, 0x00, 0xFF, 0xBF, 0xE0, 0x00, 0x00, 0x70, 0x0C, 0x37, 0x1F, 0x8F, 0xC2, 0x10, 0x78,
    0x3F, 0x1F, 0xEE, 0x1F, 0x87, 0xFF, 0xFF, 0xFC, 0x03, 0x80, 0xE0, 0x1F, 0xF3, 0xF8, 0x18, 0x7B,
    0x3F, 0x13, 0x87, 0x83, 0xE3, 0x38, 0x01, 0xFF, 0xFF, 0xE0, 0x30, 0x18, 0x0C, 0x07, 0xFB, 0xFD,
    0x80, 0xC0, 0x60, 0x30, 0x18, 0x0F, 0xFF, 0xFC, 0x19, 0x0F, 0xC6, 0xF0, 0x30, 0x1E, 0x0F, 0xC2,
    0x10, 0x78, 0x3F, 0x1F, 0xEE, 0x1F, 0x87, 0xFF, 0xFF, 0xFC, 0x03, 0x80, 0xE0, 0x1F, 0xF3, 0xF8,
    0x18, 0x1C, 0x1F, 0x1D, 0xCC, 0x60, 0x07, 0xFF, 0xFF, 0x80, 0xC0, 0x60, 0x30, 0x1F, 0xEF, 0xF6,
    0x03, 0x01, 0x80, 0xC0, 0x60, 0x3F, 0xFF, 0xF0, 0x00, 0xC0, 0x70, 0x30, 0x1E, 0x0F, 0x83, 0x71,
    0x86, 0x1E, 0x0F, 0xC7, 0xFB, 0x87, 0xE1, 0xFF, 0xFF, 0xFF, 0x00, 0xE0, 0x38, 0x07, 0xFC, 0xFE,
    0x06, 0x03, 0x00, 0xE0, 0x30, 0x38, 0x78, 0x30, 0xE1, 0x82, 0x3F, 0xBE, 0x38, 0x70, 0xE1, 0xC3,
    0x87, 0x0E, 0x1C, 0x38, 0x70, 0xE3, 0xEF, 0xE0, 0x07, 0x8C, 0xE6, 0x31, 0x1C, 0xE7, 0x39, 0xCE,
    0x73, 0x9C, 0xE7, 0x00, 0xFE, 0xF8, 0xE1, 0xC3, 0x87, 0x0E, 0x1C, 0x38, 0x70, 0xE1, 0xC3, 0x8F,
    0xBF, 0x80, 0x38, 0x70, 0xE0, 0x5F, 0x85, 0xFF, 0xFF, 0xFF, 0xFF, 0x0F, 0xB0, 0x00, 0x00, 0x7F,
    0x83, 0xFF, 0x1E, 0x0E, 0x70, 0x1F, 0x80, 0x7E, 0x01, 0xF8, 0x03, 0xE0, 0x0F, 0x80, 0x3E, 0x01,
    0xF8, 0x07, 0x70, 0x1D, 0xE0, 0xE3, 0xFF, 0x07, 0xF8, 0x03, 0x00, 0x0C, 0x00, 0x38, 0x00, 0xC0,
    0x0E, 0x07, 0xF1, 0xFF, 0x70, 0xEE, 0x0F, 0x81, 0xF0, 0x3F, 0x07, 0xE0, 0xFC, 0x39, 0xFF, 0x1F,
    0xC0, 0xC0, 0x18, 0x03, 0x80, 0x60, 0x07, 0x80, 0x1F, 0x00, 0x0C, 0x00, 0xF0, 0x03, 0x00, 0x0C,
    0x01, 0xFE, 0x0F, 0xFC, 0x78, 0x39, 0xC0, 0x7E, 0x01, 0xF8, 0x07, 0xE0, 0x0F, 0x80, 0x3E, 0x00,
    0xF8, 0x07, 0xE0, 0x1D, 0xC0, 0x77, 0x83, 0x8F, 0xFC, 0x1F, 0xE0, 0x0C, 0x00, 0x00, 0x03, 0xE0,
    0x1C, 0x03, 0x80, 0xE0, 0x18, 0x03, 0x81, 0xFC, 0x7F, 0xDC, 0x3B, 0x83, 0xE0, 0x7C, 0x0F, 0xC1,
    0xF8, 0x3F, 0x0E, 0x7F, 0xC7, 0xF0, 0x30, 0x00, 0x00, 0x18, 0x00, 0xE0, 0x7F, 0x01, 0xF0, 0x0C,
    0xC0, 0x00, 0x01, 0xFE, 0x0F, 0xFC, 0x78, 0x39, 0xC0, 0x7E, 0x01, 0xF8, 0x07, 0xE0, 0x0F, 0x80,
    0x3E, 0x00, 0xF8, 0x07, 0xE0, 0x1D, 0xC0, 0x77, 0x83, 0x8F, 0xFC, 0x1F, 0xE0, 0x0C, 0x00, 0x00,
    0xE1, 0xD8, 0x7E, 0x1D, 0x83, 0x18, 0x1C, 0x0F, 0xE3, 0xFE, 0xE1, 0xDC, 0x1F, 0x03, 0xE0, 0x7E,
    0x0F, 0xC1, 0xF8, 0x73, 0xFE, 0x3F, 0x81, 0x80, 0x30, 0x00, 0xC0, 0x01, 0xF8, 0x01, 0xF0, 0x0C,
    0xE0, 0x00, 0x01, 0xFE, 0x0F, 0xFC, 0x78, 0x39, 0xC0, 0x7E, 0x01, 0xF8, 0x07, 0xE0, 0x0F, 0x80,
    0x3E, 0x00, 0xF8, 0x07, 0xE0, 0x1D, 0xC0, 0x77, 0x83, 0x8F, 0xFC, 0x1F, 0xE0, 0x0C, 0x00, 0x60,
    0x07, 0x70, 0x1F, 0x81, 0xD8, 0x18, 0xC0, 0x70, 0x1F, 0xC3, 0xFE, 0x70, 0xE7, 0x07, 0x60, 0x76,
    0x07, 0x70, 0x77, 0x07, 0x70, 0xE3, 0xFE, 0x1F, 0xC0, 0x60, 0x00, 0x70, 0x01, 0xC0, 0x03, 0x01,
    0xF8, 0x07, 0xC0, 0x33, 0x00, 0x00, 0x07, 0xF8, 0x3F, 0xF1, 0xE0, 0xE7, 0x01, 0xF8, 0x07, 0xE0,
    0x1F, 0x80, 0x3E, 0x00, 0xF8, 0x03, 0xE0, 0x1F, 0x80, 0x77, 0x01, 0xDE, 0x0E, 0x3F, 0xF0, 0x7F,
    0x80, 0x30, 0x00, 0x00, 0x00, 0x38, 0x01, 0x87, 0x61, 0xF8, 0x76, 0x0C, 0x60, 0x70, 0x3F, 0x8F,
    0xFB, 0x87, 0x70, 0x7C, 0x0F, 0x81, 0xF8, 0x3F, 0x07, 0xE1, 0xCF, 0xF8, 0xFE, 0x06, 0x00, 0x0F,
    0x60, 0x3F, 0x00, 0x9C, 0x01, 0xE0, 0x07, 0xC0, 0x33, 0x00, 0x00, 0x07, 0xF8, 0x3F, 0xF1, 0xE0,
    0xE7, 0x01, 0xF8, 0x07, 0xE0, 0x1F, 0x80, 0x3E, 0x00, 0xF8, 0x03, 0xE0, 0x1F, 0x80, 0x77, 0x01,
    0xDE, 0x0E, 0x3F, 0xF0, 0x7F, 0x80, 0x30, 0x00, 0x19, 0x87, 0xF0, 0xDC, 0x07, 0x01, 0xE0, 0x76,
    0x0C, 0x60, 0x70, 0x3F, 0x8F, 0xFB, 0x87, 0x70, 0x7C, 0x0F, 0x81, 0xF8, 0x3F, 0x07, 0xE1, 0xCF,
    0xF8, 0xFE, 0x06, 0x00, 0x07, 0x80, 0x1F, 0x00, 0xEE, 0x02, 0x18, 0x00, 0x00, 0x7F, 0x83, 0xFF,
    0x1E, 0x0E, 0x70, 0x1F, 0x80, 0x7E, 0x01, 0xF8, 0x03, 0xE0, 0x0F, 0x80, 0x3E, 0x01, 0xF8, 0x07,
    0x70, 0x1D, 0xE0, 0xE3, 0xFF, 0x07, 0xF8, 0x03, 0x00, 0x0C, 0x00, 0x38, 0x00, 0xC0, 0x0E, 0x03,
    0xE0, 0xEE, 0x18, 0xC0, 0xE0, 0x7F, 0x1F, 0xF7, 0x0E, 0xE0, 0xF8, 0x1F, 0x03, 0xF0, 0x7E, 0x0F,
    0xC3, 0x9F, 0xF1, 0xFC, 0x0C, 0x01, 0x80, 0x38, 0x06, 0x00, 0x01, 0xC0, 0x01, 0xC0, 0x03, 0x80,
    0x03, 0x00, 0x00, 0x07, 0x1F, 0xE7, 0x3F, 0xF6, 0x78, 0x3E, 0x70, 0x1C, 0xE0, 0x1C, 0xE0, 0x1C,
    0xE0, 0x0C, 0xE0, 0x0C, 0xE0, 0x0C, 0xE0, 0x1C, 0xE0, 0x1C, 0x70, 0x1C, 0x78, 0x38, 0x3F, 0xF0,
    0x1F, 0xE0, 0x03, 0x00, 0x07, 0x00, 0x38, 0x03, 0x80, 0x18, 0x70, 0xE3, 0x9F, 0xF9, 0xFF, 0x9C,
    0x18, 0xE0, 0xE6, 0x07, 0x30, 0x39, 0x81, 0xCE, 0x0E, 0x70, 0xE1, 0xFF, 0x07, 0xF0, 0x0C, 0x00,
    0x0E, 0x00, 0x07, 0x00, 0x03, 0x80, 0x01, 0x80, 0x00, 0x07, 0x1F, 0xE7, 0x3F, 0xF6, 0x78, 0x3E,
    0x70, 0x1C, 0xE0, 0x1C, 0xE0, 0x1C, 0xE0, 0x0C, 0xE0, 0x0C, 0xE0, 0x0C, 0xE0, 0x1C, 0xE0, 0x1C,
    0x70, 0x1C, 0x78, 0x38, 0x3F, 0xF0, 0x1F, 0xE0, 0x03, 0x00, 0x38, 0x00, 0xE0, 0x03, 0x80, 0x0C,
    0x70, 0xE3, 0x9F, 0xF9, 0xFF, 0x9C, 0x18, 0xE0, 0xE6, 0x07, 0x30, 0x39, 0x81, 0xCE, 0x0E, 0x70,
    0xE1, 0xFF, 0x07, 0xF0, 0x0C, 0x00, 0x00, 0x00, 0x07, 0x80, 0x01, 0xC0, 0x01, 0x80, 0x03, 0x80,
    0x03, 0x00, 0x00, 0x07, 0x1F, 0xE7, 0x3F, 0xF6, 0x78, 0x3E, 0x70, 0x1C, 0xE0, 0x1C, 0xE0, 0x1C,
    0xE0, 0x0C, 0xE0, 0x0C, 0xE0, 0x0C, 0xE0, 0x1C, 0xE0, 0x1C, 0x70, 0x1C, 0x78, 0x38, 0x3F, 0xF0,
    0x1F, 0xE0, 0x03, 0x00, 0x00, 0x00, 0xF0, 0x01, 0xC0, 0x0E, 0x00, 0xE0, 0x06, 0x1C, 0x38, 0xE7,
    0xFE, 0x7F, 0xE7, 0x06, 0x38, 0x39, 0x81, 0xCC, 0x0E, 0x60, 0x73, 0x83, 0x9C, 0x38, 0x7F, 0xC1,
    0xFC, 0x03, 0x00, 0x04, 0x20, 0x0F, 0xE0, 0x1F, 0xE0, 0x18, 0xC0, 0x00, 0x07, 0x1F, 0xE7, 0x3F,
    0xF6, 0x78, 0x3E, 0x70, 0x1C, 0xE0, 0x1C, 0xE0, 0x1C, 0xE0, 0x0C, 0xE0, 0x0C, 0xE0, 0x0C, 0xE0,
    0x1C, 0xE0, 0x1C, 0x70, 0x1C, 0x78, 0x38, 0x3F, 0xF0, 0x1F, 0xE0, 0x03, 0x00, 0x18, 0x81, 0xFC,
    0x1F, 0xE0, 0xC6, 0x70, 0xE3, 0x9F, 0xF9, 0xFF, 0x9C, 0x18, 0xE0, 0xE6, 0x07, 0x30, 0x39, 0x81,
    0xCE, 0x0E, 0x70, 0xE1, 0xFF, 0x07, 0xF0, 0x0C, 0x00, 0x00, 0x07, 0x1F, 0xE7, 0x3F, 0xF6, 0x78,
    0x3E, 0x70, 0x1C, 0xE0, 0x1C, 0xE0, 0x1C, 0xE0, 0x0C, 0xE0, 0x0C, 0xE0, 0x0C, 0xE0, 0x1C, 0xE0,
    0x1C, 0x70, 0x1C, 0x78, 0x38, 0x3F, 0xF0, 0x1F, 0xE0, 0x03, 0x00, 0x03, 0x00, 0x03, 0x80, 0x03,
    0x00, 0x00, 0x38, 0x71, 0xCF, 0xFC, 0xFF, 0xCE, 0x0C, 0x70, 0x73, 0x03, 0x98, 0x1C, 0xC0, 0xE7,
    0x07, 0x38, 0x70, 0xFF, 0x83, 0xF8, 0x06, 0x00, 0x30, 0x01, 0xC0, 0x0C, 0x00, 0x60, 0x3F, 0x01,
    0xF8, 0x0F, 0xC0, 0x7E, 0x03, 0xF0, 0x1F, 0x80, 0xFC, 0x07, 0xE0, 0x3F, 0x01, 0xD8, 0x0E, 0xC0,
    0x67, 0x07, 0x1F, 0xF0, 0x7F, 0x00, 0xE0, 0x07, 0x00, 0x38, 0x01, 0xC0, 0x40, 0x5C, 0x1B, 0x83,
    0x70, 0x6E, 0x0D, 0xC1, 0xB8, 0x37, 0x06, 0xE0, 0xDC, 0x39, 0xFF, 0x3F, 0xE0, 0xC0, 0x18, 0x03,
    0x80, 0x60, 0x07, 0x00, 0x3C, 0x00, 0x60, 0x07, 0x00, 0x30, 0x01, 0x01, 0x80, 0xFC, 0x07, 0xE0,
    0x3F, 0x01, 0xF8, 0x0F, 0xC0, 0x7E, 0x03, 0xF0, 0x1F, 0x80, 0xFC, 0x07, 0x60, 0x3B, 0x01, 0x9C,
    0x1C, 0x7F, 0xC1, 0xFC, 0x03, 0x80, 0x00, 0x03, 0xE0, 0x1C, 0x03, 0x80, 0xE0, 0x18, 0x10, 0x17,
    0x06, 0xE0, 0xDC, 0x1B, 0x83, 0x70, 0x6E, 0x0D, 0xC1, 0xB8, 0x37, 0x0E, 0x7F, 0xCF, 0xF8, 0x30,
    0x00, 0x01, 0xC0, 0x01, 0xC0, 0x01, 0xC0, 0x00, 0xC0, 0x00, 0x00, 0x33, 0x01, 0xFB, 0x80, 0xFD,
    0xC0, 0x7C, 0xE0, 0x38, 0x70, 0x1C, 0x38, 0x0E, 0x1C, 0x07, 0x0E, 0x03, 0x87, 0x01, 0xC3, 0x80,
    0xE0, 0xC0, 0x70, 0x60, 0x30, 0x38, 0x38, 0x0F, 0xFC, 0x03, 0xFC, 0x00, 0x30, 0x00, 0x03, 0x80,
    0x1C, 0x00, 0xE0, 0x03, 0x07, 0x40, 0x5F, 0x83, 0xEE, 0x0F, 0xB8, 0x38, 0xE0, 0xC3, 0x83, 0x0E,
    0x0C, 0x38, 0x30, 0xE0, 0xC3, 0x87, 0x07, 0xFC, 0x1F, 0xF0, 0x0C, 0x00, 0x0E, 0x00, 0x07, 0x00,
    0x01, 0xC0, 0x00, 0x60, 0x00, 0x00, 0x33, 0x01, 0xFB, 0x80, 0xFD, 0xC0, 0x7C, 0xE0, 0x38, 0x70,
    0x1C, 0x38, 0x0E, 0x1C, 0x07, 0x0E, 0x03, 0x87, 0x01, 0xC3, 0x80, 0xE0, 0xC0, 0x70, 0x60, 0x30,
    0x38, 0x38, 0x0F, 0xFC, 0x03, 0xFC, 0x00, 0x30, 0x00, 0x1C, 0x00, 0x70, 0x00, 0xE0, 0x01, 0x87,
    0x40, 0x5F, 0x83, 0xEE, 0x0F, 0xB8, 0x38, 0xE0, 0xC3, 0x83, 0x0E, 0x0C, 0x38, 0x30, 0xE0, 0xC3,
    0x87, 0x07, 0xFC, 0x1F, 0xF0, 0x0C, 0x00, 0x07, 0x00, 0x03, 0xC0, 0x00, 0x60, 0x00, 0x70, 0x00,
    0x30, 0x00, 0x10, 0x19, 0x80, 0xFD, 0xC0, 0x7E, 0xE0, 0x3E, 0x70, 0x1C, 0x38, 0x0E, 0x1C, 0x07,
    0x0E, 0x03, 0x87, 0x01, 0xC3, 0x80, 0xE1, 0xC0, 0x70, 0x60, 0x38, 0x30, 0x18, 0x1C, 0x1C, 0x07,
    0xFE, 0x01, 0xFE, 0x00, 0x18, 0x00, 0x00, 0x00, 0x3C, 0x00, 0x30, 0x01, 0xC0, 0x0E, 0x00, 0x30,
    0x74, 0x05, 0xF8, 0x3E, 0xE0, 0xFB, 0x83, 0x8E, 0x0C, 0x38, 0x30, 0xE0, 0xC3, 0x83, 0x0E, 0x0C,
    0x38, 0x70, 0x7F, 0xC1, 0xFF, 0x00, 0xC0, 0x00, 0x0C, 0x60, 0x0F, 0xF0, 0x07, 0xF0, 0x02, 0x30,
    0x00, 0x00, 0x33, 0x01, 0xFB, 0x80, 0xFD, 0xC0, 0x7C, 0xE0, 0x38, 0x70, 0x1C, 0x38, 0x0E, 0x1C,
    0x07, 0x0E, 0x03, 0x87, 0x01, 0xC3, 0x80, 0xE0, 0xC0, 0x70, 0x60, 0x30, 0x38, 0x38, 0x0F, 0xFC,
    0x03, 0xFC, 0x00, 0x30, 0x00, 0x18, 0x80, 0xFE, 0x07, 0xF8, 0x18, 0xC7, 0x40, 0x5F, 0x83, 0xEE,
    0x0F, 0xB8, 0x38, 0xE0, 0xC3, 0x83, 0x0E, 0x0C, 0x38, 0x30, 0xE0, 0xC3, 0x87, 0x07, 0xFC, 0x1F,
    0xF0, 0x0C, 0x00, 0x00, 0x03, 0x30, 0x1F, 0xB8, 0x0F, 0xDC, 0x07, 0xCE, 0x03, 0x87, 0x01, 0xC3,
    0x80, 0xE1, 0xC0, 0x70, 0xE0, 0x38, 0x70, 0x1C, 0x38, 0x0E, 0x0C, 0x07, 0x06, 0x03, 0x03, 0x83,
    0x80, 0xFF, 0xC0, 0x3F, 0xC0, 0x03, 0x00, 0x01, 0x80, 0x01, 0xC0, 0x00, 0x60, 0x00, 0x00, 0x1D,
    0x01, 0x7E, 0x0F, 0xB8, 0x3E, 0xE0, 0xE3, 0x83, 0x0E, 0x0C, 0x38, 0x30, 0xE0, 0xC3, 0x83, 0x0E,
    0x1C, 0x1F, 0xF0, 0x7F, 0xC0, 0x30, 0x00, 0xC0, 0x03, 0x80, 0x0C, 0x00, 0x1C, 0x00, 0xE0, 0x06,
    0x00, 0x30, 0x00, 0x0E, 0x07, 0xE0, 0x67, 0x0E, 0x70, 0xC3, 0x9C, 0x39, 0x81, 0xF8, 0x0F, 0x00,
    0xF0, 0x06, 0x00, 0x60, 0x06, 0x00, 0x60, 0x06, 0x00, 0x60, 0x38, 0x03, 0x80, 0x38, 0x03, 0x0C,
    0x05, 0xC1, 0xF8, 0x33, 0x0E, 0x71, 0xCE, 0x30, 0xEE, 0x1D, 0x81, 0xB0, 0x3E, 0x03, 0x80, 0x70,
    0x0E, 0x01, 0x80, 0x70, 0x7C, 0x0F, 0x00, 0xE0, 0x7E, 0x06, 0x70, 0xE7, 0x0C, 0x39, 0xC3, 0x98,
    0x1F, 0x80, 0xF0, 0x0F, 0x00, 0x60, 0x06, 0x00, 0x60, 0x06, 0x00, 0x60, 0x06, 0x00, 0x00, 0x06,
    0x00, 0xE0, 0x06, 0x00, 0xC0, 0x5C, 0x1F, 0x83, 0x30, 0xE7, 0x1C, 0xE3, 0x0E, 0xE1, 0xD8, 0x1B,
    0x03, 0xE0, 0x38, 0x07, 0x00, 0xE0, 0x1B, 0x07, 0x67, 0xCC, 0xF0, 0x00, 0x0E, 0x00, 0xF0, 0x03,
    0x80, 0x70, 0x06, 0x00, 0x40, 0xE0, 0x7E, 0x06, 0x70, 0xE7, 0x0C, 0x39, 0xC3, 0x98, 0x1F, 0x80,
    0xF0, 0x0F, 0x00, 0x60, 0x06, 0x00, 0x60, 0x06, 0x00, 0x60, 0x06, 0x00, 0x00, 0x03, 0xC0, 0x1C,
    0x03, 0x80, 0xE0, 0x18, 0x30, 0x17, 0x07, 0xE0, 0xCC, 0x39, 0xC7, 0x38, 0xC3, 0xB8, 0x76, 0x06,
    0xC0, 0xF8, 0x0E, 0x01, 0xC0, 0x38, 0x06, 0x01, 0xC1, 0xF0, 0x3C, 0x00, 0x08, 0x43, 0xFC, 0x3F,
    0xC2, 0x30, 0x00, 0x0E, 0x07, 0xE0, 0x67, 0x0E, 0x70, 0xC3, 0x9C, 0x39, 0x81, 0xF8, 0x0F, 0x00,
    0xF0, 0x06, 0x00, 0x60, 0x06, 0x00, 0x60, 0x06, 0x00, 0x60, 0x18, 0x87, 0xF1, 0xFE, 0x31, 0x8C,
    0x05, 0xC1, 0xF8, 0x33, 0x0E, 0x71, 0xCE, 0x30, 0xEE, 0x1D, 0x81, 0xB0, 0x3E, 0x03, 0x80, 0x70,
    0x0E, 0x01, 0x80, 0x70, 0x7C, 0x0F, 0x00, 0xC6, 0x03, 0x18, 0x0C, 0x60, 0x31, 0x80, 0xC6, 0x03,
    0x18, 0x0C, 0x60, 0x31, 0x80, 0xC6, 0x03, 0x18, 0x0C, 0x60, 0x31, 0x80, 0xC6, 0x03, 0x1F, 0xFC,
    0x7F, 0xC0, 0x71, 0x8E, 0x33, 0xFF, 0xFF, 0xF7, 0x18, 0xE3, 0x1C, 0x63, 0x8C, 0x71, 0x8E, 0x31,
    0xC6, 0x38, 0xC7, 0x18, 0xE3, 0x1C, 0x63, 0x8C, 0x0E, 0x00, 0xF0, 0x0E, 0x00, 0xE0, 0x07, 0x7E,
    0x73, 0xFB, 0x80, 0xFC, 0x07, 0xE0, 0x1F, 0x00, 0xF8, 0x07, 0xC0, 0x77, 0x07, 0x9F, 0xF8, 0x7F,
    0x80, 0x60, 0x07, 0x01, 0xE0, 0x70, 0x1C, 0x07, 0x00, 0xE0, 0x3B, 0xE7, 0x7E, 0xE1, 0xD8, 0x1F,
    0x03, 0xE0, 0x7E, 0x0F, 0xC3, 0x9F, 0xF1, 0xFC, 0x0C, 0x00, 0xE0, 0x3B, 0x01, 0x9C, 0x1C, 0x70,
    0xC3, 0x8E, 0x0E, 0x60, 0x77, 0x01, 0xF8, 0x07, 0x81, 0xFC, 0x1F, 0xC1, 0xCE, 0x0C, 0xE0, 0x7E,
    0x01, 0xF0, 0x06, 0x00, 0x60, 0x37, 0x07, 0x30, 0x73, 0x8E, 0x38, 0xE1, 0x8C, 0x1D, 0xC0, 0xDC,
    0x0D, 0x80, 0xF8, 0x07, 0x03, 0xF0, 0x7F, 0x06, 0x60, 0xEE, 0x07, 0xC0, 0x78, 0x00, 0x00, 0xEF,
    0xFE, 0xF3, 0x0C, 0x30, 0xC3, 0x0C, 0x30, 0xC3, 0x0C, 0x30, 0xC3, 0x00, 0x01, 0xCF, 0xDF, 0x3C,
    0x30, 0xC3, 0x0C, 0x30, 0xC3, 0x0C, 0x30, 0xC3, 0x0C, 0x30, 0x7F, 0xF7, 0xC0, 0x7F, 0xF7, 0xC0,
    0x7F, 0xEF, 0xFE, 0x7F, 0xE0, 0x7F, 0xFF, 0xF7, 0xFC, 0x7F, 0xFF, 0xFF, 0xFF, 0xFF, 0x7F, 0xFF,
    0xF0, 0x7F, 0xFF, 0xFF, 0xFF, 0xFF, 0x7F, 0xFF, 0xF0, 0xE7, 0xCF, 0x9F, 0x3E, 0x7C, 0xF9, 0xF3,
    0xE7, 0xCF, 0x9F, 0x3E, 0x7C, 0xF9, 0xF3, 0xE7, 0xCF, 0x9F, 0x3E, 0x60, 0x00, 0x7F, 0xDF, 0xF0,
    0x01, 0xFF, 0x7F, 0xC0, 0x76, 0x6E, 0xEC, 0x76, 0xEE, 0xCC, 0x77, 0x66, 0xE4, 0xEE, 0x66, 0x72,
    0x76, 0x66, 0x6E, 0xEE, 0xEE, 0xCC, 0x77, 0x66, 0xEE, 0xEE, 0xCC, 0xC8, 0x77, 0x77, 0x66, 0x6E,
    0xEE, 0x44, 0xEE, 0xEE, 0x6E, 0x66, 0x76, 0x22, 0x1C, 0x0E, 0x06, 0x03, 0x0F, 0xFF, 0xFC, 0x60,
    0x30, 0x18, 0x0C, 0x06, 0x03, 0x01, 0x80, 0xE0, 0x70, 0x38, 0x1C, 0x0E, 0x06, 0x1B, 0x2F, 0xFF,
    0xFC, 0x60, 0x38, 0x1C, 0x0C, 0x3E, 0xFF, 0xFF, 0xF8, 0xC0, 0x70, 0x38, 0x21, 0xEF, 0xFF, 0xF9,
    0xE0, 0xC3, 0x8F, 0xBF, 0xF3, 0x80, 0x00, 0x67, 0x72, 0x63, 0x71, 0xF8, 0xE8, 0x20, 0x63, 0x0F,
    0x8E, 0x7E, 0x39, 0xD0, 0x42, 0x6E, 0xE4, 0xFF, 0xEC, 0x30, 0xC3, 0x0C, 0x30, 0xC3, 0x0C, 0x30,
    0xC3, 0x0C, 0x30, 0xFD, 0xF0, 0xC3, 0x0C, 0x30, 0xC3, 0x0C, 0x30, 0xC3, 0x0C, 0x30, 0xC3, 0xFF,
    0xFF, 0xFF, 0xFC, 0xC3, 0x0C, 0x30, 0xC3, 0x0C, 0x30, 0xC3, 0x0C, 0x30, 0xC0, 0xFF, 0xFC, 0x30,
    0xFC, 0xC3, 0x0C, 0x30, 0xC3, 0x0C, 0x30, 0xC3, 0x0C, 0x30, 0xC0, 0xFF, 0xF0, 0xC3, 0xFC, 0xC3,
    0x0C, 0x30, 0xC3, 0x0C, 0x30, 0xC3, 0x0C, 0x30, 0xC0, 0x00, 0x00, 0x00, 0xF0, 0x70, 0x03, 0xF0,
    0xC0, 0x06, 0x63, 0x80, 0x0C, 0xC6, 0x00, 0x19, 0xDC, 0x00, 0x33, 0xB0, 0x00, 0x66, 0xDE, 0x3E,
    0xFF, 0xFE, 0xFC, 0xFE, 0xCD, 0x9C, 0xDD, 0x9F, 0x18, 0x33, 0x3E, 0x30, 0xE6, 0x7C, 0x61, 0x8C,
    0xD9, 0xC7, 0x1F, 0xBF, 0x0C, 0x1F, 0x3E, 0x00, 0x08, 0x10, 0x00, 0x00, 0x00, 0x00, 0x3C, 0x0C,
    0x00, 0x00, 0x7E, 0x18, 0x00, 0x00, 0x66, 0x38, 0x00, 0x00, 0x67, 0x30, 0x00, 0x00, 0x67, 0x70,
    0x00, 0x00, 0x67, 0x60, 0x00, 0x00, 0x66, 0xFF, 0x3E, 0x3C, 0x7E, 0xFF, 0x3F, 0x7E, 0x3F, 0xBB,
    0xF3, 0x66, 0x19, 0xB1, 0xF3, 0x67, 0x03, 0x31, 0xF3, 0x67, 0x07, 0x31, 0xF3, 0x67, 0x06, 0x33,
    0xF3, 0x66, 0x0E, 0x3F, 0x3F, 0x7E, 0x0C, 0x1F, 0x3E, 0x3C, 0x00, 0x04, 0x08, 0x18, 0x18, 0xE3,
    0x1C, 0x61, 0x00, 0x19, 0x8E, 0xE3, 0x31, 0xD8, 0x66, 0x13, 0x00, 0x19, 0xB9, 0xDD, 0x8C, 0xDC,
    0xEC, 0xC6, 0x6C, 0x26, 0x60, 0xE1, 0x83, 0x0C, 0x18, 0x60, 0xEC, 0x37, 0x0D, 0x86, 0x61, 0xB0,
    0xCC, 0xED, 0xC6, 0xEC, 0x36, 0xE3, 0x36, 0x1B, 0x31, 0x9B, 0x18, 0x1C, 0x3C, 0x36, 0x66, 0x63,
    0xC3, 0x0C, 0x73, 0x9C, 0x61, 0xC3, 0x87, 0x0C, 0x61, 0xC3, 0x8E, 0x1C, 0xE3, 0x9C, 0x60, 0x00,
    0x00, 0xC3, 0x86, 0xE3, 0x8E, 0x71, 0x1C, 0x38, 0x38, 0x1C, 0x70, 0x0E, 0xE0, 0xC7, 0xC6, 0xE3,
    0x87, 0xC7, 0xC7, 0x0E, 0xE0, 0x1C, 0x70, 0x38, 0x38, 0x71, 0x1C, 0xE3, 0x8E, 0xC3, 0x86, 0x01,
    0x00, 0xE7, 0xE7, 0xE7, 0xE7, 0x67, 0x67, 0x67, 0x67, 0x63, 0x63, 0x63, 0x00, 0x63, 0xE7, 0xE7,
    0x42, 0x00, 0x7F, 0xBF, 0xC7, 0x73, 0x99, 0xCC, 0xEE, 0x3E, 0x1E, 0x0E, 0x06, 0x03, 0x00, 0x00,
    0xC0, 0xE0, 0x70, 0x10, 0x00, 0x7F, 0xE7, 0xFF, 0x7F, 0xE0, 0x40, 0x16, 0x01, 0x98, 0x1C, 0x7B,
    0xC1, 0xFC, 0x00, 0x0F, 0x81, 0xFE, 0x1C, 0x18, 0xC0, 0x6C, 0x01, 0x00, 0x03, 0x06, 0x06, 0x06,
    0x0C, 0x0C, 0x18, 0x18, 0x38, 0x38, 0x7C, 0x6C, 0x66, 0xC6, 0x00, 0x38, 0x00, 0x00, 0x70, 0x00,
    0x00, 0xE0, 0x00, 0x0E, 0xFC, 0x00, 0x3F, 0xF8, 0x00, 0x0F, 0xC0, 0x00, 0x1F, 0x00, 0x00, 0x77,
    0x00, 0x00, 0xEE, 0x00, 0x18, 0x88, 0xC0, 0x30, 0x01, 0x80, 0x60, 0x03, 0x0C, 0xCC, 0x66, 0x7F,
    0xF8, 0xFF, 0xFF, 0xF1, 0xFF, 0x8F, 0x00, 0x78, 0x3F, 0x01, 0xF8, 0x77, 0x07, 0x38, 0xCC, 0x06,
    0x60, 0x7F, 0xF7, 0xC0, 0x00, 0xE0, 0x18, 0x07, 0x00, 0xC0, 0x30, 0x0E, 0x01, 0x80, 0x70, 0x0C,
    0x03, 0x00, 0xE0, 0x18, 0x07, 0x00, 0xC0, 0x30, 0x00, 0xFF, 0xFE, 0x38, 0xE3, 0x8E, 0x38, 0xFB,
    0xFE, 0x38, 0xE3, 0x8E, 0x38, 0xFB, 0xF7, 0x80, 0xFF, 0xF1, 0xC7, 0x1C, 0x71, 0xC7, 0xFF, 0xF1,
    0xC7, 0x1C, 0x71, 0xC7, 0x7F, 0xFF, 0x80, 0x00, 0x00, 0x3F, 0x9F, 0xCF, 0xF7, 0xF9, 0x0F, 0x07,
    0x03, 0x81, 0xC0, 0xE0, 0x70, 0x70, 0x38, 0x3C, 0x1C, 0x1E, 0x0E, 0x07, 0x03, 0x01, 0x81, 0xC0,
    0x60, 0x60, 0x00, 0x00, 0x06, 0x07, 0x03, 0x81, 0xC0, 0xE0, 0x70, 0x10, 0x08, 0x00, 0x00, 0x07,
    0xF1, 0xFF, 0xCE, 0x87, 0x70, 0x3B, 0x81, 0xDC, 0x1C, 0xE1, 0xE7, 0x1E, 0x30, 0xE1, 0x86, 0x0C,
    0x30, 0x60, 0x00, 0x0C, 0x18, 0xE0, 0xE7, 0x07, 0x10, 0x10, 0x00, 0x07, 0x3F, 0xBB, 0xFF, 0xC8,
    0x7E, 0x01, 0xB0, 0x1D, 0x80, 0xEC, 0x0E, 0x60, 0xE3, 0x0E, 0x18, 0x60, 0xC3, 0x00, 0x00, 0x30,
    0xC3, 0x8E, 0x1C, 0x70, 0x41, 0x80, 0x7F, 0xFF, 0xFD, 0xFF, 0x80, 0x60, 0x1C, 0x07, 0x00, 0xC0,
    0x38, 0x0E, 0x01, 0xC0, 0x70, 0x0C, 0x00, 0x7F, 0xC7, 0xFE, 0x6F, 0xE6, 0xFE, 0x6F, 0xF6, 0xFF,
    0x6F, 0xF6, 0xFE, 0x6F, 0xE6, 0xFC, 0x6F, 0x86, 0xC0, 0x6C, 0x06, 0xC0, 0x6C, 0x06, 0xC0, 0x6C,
    0x06, 0xC0, 0x4C, 0x00, 0x0F, 0xCF, 0xFD, 0xFF, 0xFF, 0xBF, 0xF7, 0xFE, 0xFF, 0xDF, 0xFB, 0xFF,
    0x7F, 0xFD, 0xFF, 0x87, 0xE0, 0x7E, 0x0F, 0xFC, 0xFF, 0xEC, 0xFE, 0xCF, 0xEC, 0xFF, 0xCF, 0xFC,
    0xFE, 0xCF, 0xEF, 0xFE, 0xFF, 0xC7, 0xF0, 0x0E, 0x01, 0xC0, 0x18, 0x3B, 0xF7, 0xFE, 0x3F, 0x07,
    0xC0, 0xDC, 0x39, 0x82, 0x20, 0x63, 0x9C, 0xC0, 0x00, 0x00, 0x03, 0x1C, 0xE3, 0x18, 0xE0, 0x0F,
    0x81, 0xFE, 0x1C, 0x18, 0xC0, 0x6C, 0x01, 0x00, 0x00, 0x00, 0x00, 0x00, 0x00, 0x00, 0x00, 0x00,
    0x00, 0x00, 0x00, 0x00, 0x00, 0x00, 0x00, 0x00, 0x00, 0x00, 0x02, 0x00, 0xB0, 0x0C, 0xC0, 0xE3,
    0xDE, 0x0F, 0xE0, 0x0E, 0x01, 0xC0, 0x18, 0x3B, 0xF7, 0xFE, 0x3F, 0x07, 0xC0, 0xDC, 0x39, 0x82,
    0x20, 0x00, 0x07, 0x00, 0xE0, 0x0C, 0x1D, 0xFB, 0xFF, 0x1F, 0x83, 0xE0, 0x6E, 0x1C, 0xC1, 0x10,
    0x00, 0xE7, 0xE6, 0xC6, 0x0E, 0x0C, 0x1C, 0x18, 0x18, 0x38, 0x30, 0x30, 0x70, 0x62, 0xE7, 0xC7,
    0x02, 0x3F, 0x80, 0x4F, 0xFE, 0x19, 0x83, 0xFF, 0x60, 0x0F, 0x80, 0x0F, 0x81, 0xFE, 0x1C, 0x18,
    0xC0, 0x6C, 0x01, 0x00, 0x06, 0x02, 0x64, 0x36, 0xC3, 0xFC, 0x1F, 0x8F, 0xFF, 0xFF, 0xE1, 0xF8,
    0x3F, 0xC3, 0x6C, 0x06, 0x00, 0x00, 0x01, 0x01, 0xC0, 0xE0, 0x20, 0x00, 0x00, 0x01, 0x80, 0xE0,
    0x70, 0x00, 0x00, 0x00, 0x00, 0x08, 0x0E, 0x07, 0x01, 0x00, 0x1B, 0xBB, 0x3B, 0x77, 0x37, 0x66,
    0x76, 0xEC, 0x6E, 0xCC, 0x4C, 0xD8, 0x01, 0x00, 0x03, 0x80, 0x03, 0x80, 0x01, 0x00, 0x00, 0x00,
    0x00, 0x00, 0x00, 0x00, 0xC0, 0x06, 0xE0, 0x0E, 0xE0, 0x0E, 0x00, 0x00, 0x00, 0x00, 0x00, 0x00,
    0x01, 0x00, 0x03, 0x80, 0x03, 0x80, 0x01, 0x00, 0x00, 0x00, 0xE0, 0x06, 0xE0, 0x0E, 0x40, 0x06,
    0x00, 0x00, 0x00, 0x00, 0x00, 0x00, 0x03, 0x80, 0x03, 0x80, 0x03, 0x80, 0x00, 0x00, 0x00, 0x00,
    0x00, 0x00, 0x40, 0x00, 0xE0, 0x0E, 0xE0, 0x0E, 0x40, 0x06, 0x1F, 0xE0, 0x00, 0x00, 0x01, 0xBF,
    0x40, 0x06, 0x00, 0xE0, 0x0E, 0x00, 0x00, 0x00, 0x00, 0x00, 0x00, 0x0E, 0x07, 0xE0, 0x7C, 0x06,
    0x00, 0x00, 0x00, 0x00, 0x00, 0x60, 0x0E, 0x00, 0xE0, 0x04, 0x00, 0x01, 0x80, 0x01, 0x80, 0x19,
    0x8C, 0x39, 0x9C, 0x39, 0x8C, 0x01, 0x80, 0x01, 0x80, 0x7F, 0xFF, 0xFF, 0xFF, 0x7F, 0xFF, 0x01,
    0x80, 0x01, 0x80, 0x39, 0x9C, 0x39, 0x9C, 0x39, 0x8C, 0x01, 0x80, 0x01, 0x80, 0x6E, 0xE4, 0x00,
    0x6E, 0xE4, 0x00, 0x6E, 0xE4, 0x0E, 0xE6, 0x0E, 0xEE, 0x0E, 0xEE, 0x06, 0xEE, 0x40, 0xFF, 0xF3,
    0x0C, 0xFC, 0xC3, 0x0C, 0x30, 0xC3, 0x0C, 0x30, 0xC3, 0x0C, 0x30, 0xC0, 0xFF, 0xFC, 0xF3, 0xFC,
    0xC3, 0x0C, 0x30, 0xC3, 0x0C, 0x30, 0xC3, 0x0C, 0x30, 0xC0, 0x79, 0xE7, 0x8C, 0x30, 0xC3, 0x0C,
    0x30, 0xC3, 0x0C, 0x30, 0xC3, 0x0C, 0x30, 0xC0, 0x00, 0xC3, 0x1E, 0xFC, 0xC3, 0x0C, 0x30, 0xC3,
    0x0C, 0x30, 0xC3, 0x0C, 0x30, 0xC0, 0x00, 0xCF, 0xDE, 0x30, 0xC3, 0x0C, 0x30, 0xC3, 0x0C, 0x30,
    0xC3, 0x0C, 0x30, 0xC0, 0xF3, 0xC3, 0x0C, 0xFC, 0xC3, 0x0C, 0x30, 0xC3, 0x0C, 0x30, 0xC3, 0x0C,
    0x30, 0xC0, 0x00, 0x03, 0xF0, 0x7F, 0x07, 0x00, 0x60, 0x0E, 0x3E, 0xE7, 0xFE, 0x70, 0x67, 0x07,
    0xF0, 0x3F, 0xE0, 0xFE, 0x07, 0x00, 0x70, 0x07, 0xE0, 0x7F, 0x06, 0xC0, 0xD8, 0x7F, 0x9F, 0xF7,
    0xD9, 0xDB, 0x3B, 0x66, 0xD8, 0xDB, 0x1B, 0x63, 0xEC, 0x7D, 0x87, 0x60, 0xFF, 0x8F, 0xF1, 0xFC,
    0x36, 0x04, 0x80, 0x00, 0x03, 0xF8, 0xFF, 0x38, 0x06, 0x01, 0xC0, 0x38, 0x36, 0x7E, 0xCF, 0xD9,
    0xC3, 0xB8, 0x77, 0x0E, 0xE0, 0xFC, 0x1F, 0xF0, 0xFE, 0x07, 0x00, 0x3F, 0xE7, 0xFC, 0xE0, 0x1C,
    0x03, 0x80, 0x70, 0x0E, 0x01, 0xFF, 0x3F, 0xE7, 0x00, 0xE0, 0x3F, 0x87, 0xF0, 0x70, 0x0E, 0x00,
    0x00, 0x00, 0xFE, 0x1F, 0xE1, 0x80, 0x38, 0x03, 0x80, 0x38, 0x0F, 0xF8, 0x7F, 0x87, 0xF0, 0xFF,
    0x87, 0xF8, 0x38, 0x03, 0x00, 0xFF, 0xEF, 0xFF, 0x00, 0x18, 0x00, 0x18, 0x13, 0xCF, 0x9F, 0xFF,
    0xEF, 0xFF, 0xFF, 0x8F, 0x1F, 0x87, 0x07, 0xC3, 0x83, 0xE1, 0xC1, 0xF1, 0xE0, 0xF8, 0xF0, 0x7C,
    0xF8, 0x3E, 0x7C, 0x1F, 0x7E, 0x0C, 0x30, 0x00, 0x18, 0x00, 0x08, 0x00, 0x00, 0x78, 0xC7, 0x8C,
    0x78, 0xC7, 0xCC, 0x7C, 0xCF, 0xFF, 0xFF, 0xF7, 0x6C, 0xFF, 0xFF, 0xFF, 0x73, 0xC7, 0x3C, 0x71,
    0xC7, 0x1C, 0x71, 0xC0, 0xFE, 0x01, 0xFE, 0x03, 0x9E, 0x07, 0x1C, 0x0E, 0x3B, 0x1C, 0x76, 0x38,
    0xFF, 0x7F, 0xFF, 0xFE, 0x31, 0xE0, 0x63, 0x80, 0xC7, 0x01, 0x8E, 0x03, 0x1C, 0x07, 0xF8, 0x0F,
    0x80, 0x06, 0xFE, 0x00, 0xFF, 0x00, 0xE7, 0x00, 0xE3, 0x9C, 0xE3, 0xBF, 0xE3, 0xFE, 0xE7, 0x70,
    0xFF, 0x70, 0xFE, 0x3C, 0xEE, 0x1E, 0xE6, 0x0F, 0xE7, 0x07, 0xE3, 0x07, 0xE3, 0xFF, 0xE3, 0xFE,
    0x00, 0x18, 0xC3, 0x0F, 0x9E, 0x7E, 0x79, 0xD9, 0xE6, 0x67, 0x99, 0x9E, 0x6F, 0xFF, 0xFF, 0xFF,
    0x7C, 0xF8, 0xF3, 0xC3, 0xCF, 0x0F, 0x3C, 0x3C, 0xF0, 0xE1, 0xC1, 0x87, 0x00, 0xFF, 0x0F, 0xFE,
    0x3E, 0x1C, 0xF8, 0x33, 0xEE, 0xCF, 0xBB, 0x3E, 0xEC, 0xFB, 0xB3, 0xEE, 0xCF, 0xBB, 0x3E, 0xEC,
    0xFB, 0xB3, 0xEE, 0x1F, 0xBF, 0xEE, 0xFF, 0x00, 0x00, 0xC0, 0x0C, 0x1F, 0xF0, 0xFF, 0x1C, 0xC3,
    0xFC, 0x7F, 0xCE, 0x1C, 0xE0, 0xCE, 0x0C, 0xC0, 0xCE, 0x0C, 0xE0, 0xCE, 0x1C, 0x7F, 0xC3, 0xFC,
    0x0C, 0x03, 0xFC, 0x7F, 0xE7, 0xFE, 0x00, 0x00, 0x7F, 0x1F, 0xF1, 0xC2, 0x38, 0x03, 0x80, 0xFF,
    0x8F, 0xF8, 0x30, 0x0F, 0xF8, 0xFF, 0x83, 0x80, 0x38, 0x01, 0xC0, 0x1F, 0xF0, 0xFE, 0x01, 0x80,
    0x30, 0x73, 0x0E, 0x31, 0xC3, 0x18, 0x33, 0x83, 0x70, 0xFF, 0xEF, 0xFE, 0x3F, 0x03, 0x30, 0x33,
    0x83, 0x1C, 0x30, 0xE3, 0x0E, 0x30, 0x70, 0xFF, 0xFF, 0xFF, 0x06, 0x00, 0x64, 0x07, 0xC0, 0x78,
    0x0F, 0x01, 0xEC, 0x3F, 0xC2, 0x78, 0x0F, 0x03, 0xE0, 0x36, 0x00, 0x60, 0x06, 0x00, 0x00, 0x00,
    0x0F, 0xF8, 0x00, 0xFF, 0xC0, 0x00, 0x1E, 0x00, 0x1C, 0x60, 0x01, 0x87, 0x00, 0x18, 0x70, 0x03,
    0x87, 0x00, 0x38, 0x70, 0x03, 0x87, 0x3E, 0x30, 0x77, 0xE3, 0x0E, 0xE7, 0x71, 0xEC, 0x77, 0x3C,
    0xC7, 0x7F, 0x9F, 0xE7, 0xE1, 0xFC, 0x00, 0x1D, 0x00, 0x01, 0x80, 0x00, 0x18, 0x00, 0x03, 0x80,
    0x00, 0x38, 0x00, 0x00, 0x00, 0x78, 0x1F, 0x83, 0x30, 0x66, 0x0D, 0xC1, 0xB8, 0x3E, 0x07, 0xC0,
    0x70, 0x4E, 0x19, 0xC3, 0xFC, 0xFD, 0x9F, 0x37, 0x67, 0x00, 0x60, 0x0C, 0x01, 0x81, 0xF0, 0x3C,
    0x3F, 0x83, 0xFC, 0x31, 0xCF, 0xFF, 0xFF, 0xF3, 0x0E, 0xFF, 0xFF, 0xFF, 0x3F, 0xC3, 0xF8, 0x38,
    0x03, 0x00, 0x30, 0x03, 0x00, 0x30, 0x00, 0x03, 0x80, 0x7F, 0x8F, 0xFC, 0xF6, 0x27, 0x30, 0x71,
    0x83, 0x8C, 0x1C, 0x60, 0xE3, 0xFF, 0x1F, 0xF8, 0xCF, 0xC6, 0x77, 0x33, 0xBD, 0x9C, 0xFF, 0xE3,
    0xFF, 0x03, 0x80, 0x18, 0x00, 0x07, 0x00, 0x78, 0x03, 0xE0, 0x1F, 0x01, 0xD8, 0x7F, 0xFF, 0xFF,
    0xE7, 0x18, 0xFF, 0xF7, 0xFF, 0xDC, 0x1C, 0xE0, 0xE6, 0x07, 0x70, 0x1B, 0x80, 0xE0, 0x00, 0x03,
    0xF8, 0x3F, 0xC2, 0x0E, 0x00, 0xE0, 0x0E, 0xFF, 0xFF, 0xFE, 0x1F, 0x0F, 0xFF, 0xFF, 0xF6, 0x00,
    0x60, 0x07, 0x00, 0x7F, 0xE3, 0xFE, 0x06, 0x00, 0x03, 0x00, 0xFF, 0x3F, 0xF7, 0xB2, 0x73, 0x0E,
    0x30, 0xE3, 0x0E, 0x30, 0xE3, 0x0E, 0x30, 0xE3, 0x0E, 0x30, 0x73, 0x07, 0xB0, 0x3F, 0xE1, 0xFE,
    0x03, 0x80, 0x30, 0x31, 0x81, 0x8C, 0x0F, 0xFD, 0xFF, 0xEF, 0xFF, 0x18, 0xC0, 0xC6, 0x06, 0x30,
    0x31, 0x81, 0x8C, 0x0C, 0x60, 0x63, 0x03, 0x1F, 0x98, 0xFC, 0x01, 0x80, 0x00, 0x00, 0x07, 0xF8,
    0x1F, 0xF0, 0x38, 0x00, 0x60, 0x00, 0xC0, 0x01, 0xC0, 0x03, 0xE0, 0x01, 0xF0, 0x00, 0xF8, 0x00,
    0x77, 0xFF, 0x6F, 0xFE, 0xDE, 0x6D, 0x9F, 0xDF, 0x1F, 0xFC, 0x33, 0xE0, 0x64, 0xC0, 0xFF, 0xEF,
    0xFE, 0x00, 0x0F, 0xFE, 0xFF, 0xE0, 0xE0, 0x0E, 0x00, 0xE0, 0x0E, 0x00, 0xE0, 0x0E, 0x00, 0xE0,
    0x0E, 0x00, 0xE0, 0x0E, 0x00, 0xFF, 0xFF, 0xF0, 0xE1, 0xFE, 0xFF, 0xC3, 0x81, 0xE3, 0xF0, 0xF0,
    0x1C, 0x03, 0x00, 0xE0, 0x1C, 0x07, 0x00, 0xE0, 0x38, 0x03, 0x80, 0x3B, 0x83, 0xF8, 0xFC, 0x0F,
    0xB8, 0x3F, 0x8F, 0xC6, 0xF8, 0x73, 0x87, 0x38, 0x63, 0x8E, 0x39, 0xC3, 0xFC, 0x3F, 0x00, 0x00,
    0x00, 0x00, 0x78, 0x00, 0xFC, 0x00, 0xCC, 0x00, 0xEC, 0x00, 0xFF, 0xFE, 0x3F, 0xFF, 0x0C, 0x03,
    0x0D, 0x93, 0x0F, 0xFB, 0x0F, 0xFF, 0x0E, 0x4E, 0x1E, 0x00, 0x1F, 0x00, 0x07, 0xF8, 0x03, 0xF8,
    0x00, 0x60, 0x03, 0x80, 0x07, 0x00, 0x0E, 0x00, 0x1C, 0x00, 0xFC, 0x07, 0xFE, 0x1F, 0xFE, 0x39,
    0xCE, 0xE3, 0x8D, 0xC7, 0x1F, 0x8E, 0x3E, 0x1C, 0x7C, 0x00, 0xF8, 0x01, 0xF0, 0x03, 0x80, 0x3F,
    0xC3, 0xFE, 0x30, 0xE3, 0x07, 0x30, 0x73, 0x07, 0x30, 0xEF, 0xFE, 0xFF, 0x83, 0x00, 0xFE, 0x0F,
    0xF0, 0xFE, 0x03, 0x00, 0x30, 0x00, 0x00, 0x00, 0x1B, 0x00, 0xFC, 0x0F, 0xFC, 0x7E, 0xF9, 0xDB,
    0xEE, 0x6D, 0xF9, 0xB7, 0xE6, 0xDF, 0x9B, 0x3E, 0x00, 0x38, 0x00, 0x60, 0x01, 0xC0, 0x03, 0x80,
    0x1F, 0xFE, 0x7F, 0xF8, 0x3C, 0x0F, 0x0F, 0xE3, 0xFC, 0xC3, 0xB0, 0xEC, 0x3B, 0x0E, 0xFF, 0x3F,
    0xCC, 0x7B, 0x06, 0xC1, 0xF0, 0x6C, 0x3B, 0xFE, 0xFF, 0x0F, 0x03, 0xC0, 0x00, 0x1E, 0x1F, 0x9F,
    0xDC, 0x0E, 0x06, 0x03, 0x01, 0x80, 0xE0, 0x70, 0x1F, 0xC7, 0xE0, 0xC7, 0xFB, 0xFC, 0x00, 0x00,
    0x20, 0x00, 0x07, 0x00, 0x00, 0xF8, 0x00, 0x1F, 0xC0, 0x03, 0xFE, 0x00, 0x70, 0x70, 0x0F, 0xF7,
    0x81, 0xFF, 0x3C, 0x3F, 0xF7, 0xE7, 0xFC, 0xFF, 0x7F, 0xDF, 0xF3, 0xF9, 0xFE, 0x1F, 0xFF, 0xC0,
    0xFF, 0xF8, 0x07, 0x9F, 0x00, 0x39, 0xE0, 0x01, 0xFC, 0x00, 0x0F, 0x80, 0x00, 0x70, 0x00, 0x00,
    0x00,
};

static const EpdGlyph ubuntu_10_regularGlyphs[] = {
    { 0, 0, 0, 0, 0, 0, 0 }, //  
    { 0, 0, 5, 0, 0, 0, 0 }, // 
    { 0, 0, 5, 0, 0, 0, 0 }, //  
    { 4, 16, 6, 1, 15, 8, 0 }, // !
    { 7, 6, 9, 1, 15, 6, 8 }, // "
    { 13, 15, 13, 0, 15, 25, 14 }, // #
    { 10, 18, 12, 1, 16, 23, 39 }, // $
    { 16, 17, 17, 1, 16, 34, 62 }, // %
    { 15, 17, 15, 1, 16, 32, 96 }, // &
    { 3, 6, 5, 1, 15, 3, 128 }, // '
    { 6, 19, 6, 0, 15, 15, 131 }, // (
    { 6, 19, 6, 0, 15, 15, 146 }, // )
    { 11, 10, 11, 0, 16, 14, 161 }, // *
    { 10, 11, 12, 1, 13, 14, 175 }, // +
    { 4, 6, 6, 0, 3, 3, 189 }, // ,
    { 6, 3, 7, 0, 7, 3, 192 }, // -
    { 4, 4, 6, 1, 3, 2, 195 }, // .
    { 8, 15, 8, 0, 15, 15, 197 }, // /
    { 10, 17, 12, 1, 16, 22, 212 }, // 0
    { 7, 15, 12, 1, 15, 14, 234 }, // 1
    { 10, 16, 12, 1, 16, 20, 248 }, // 2
    { 11, 17, 12, 0, 16, 24, 268 }, // 3
    { 12, 15, 12, 0, 15, 23, 292 }, // 4
    { 10, 16, 12, 1, 15, 20, 315 }, // 5
    { 10, 17, 12, 1, 16, 22, 335 }, // 6
    { 11, 15, 12, 0, 15, 21, 357 }, // 7
    { 10, 17, 12, 1, 16, 22, 378 }, // 8
    { 10, 17, 12, 1, 16, 22, 400 }, // 9
    { 4, 13, 6, 1, 12, 7, 422 }, // :
    { 5, 15, 6, 0, 12, 10, 429 }, // ;
    { 10, 11, 12, 1, 13, 14, 439 }, // <
    { 10, 7, 12, 1, 11, 9, 453 }, // =
    { 10, 11, 12, 1, 13, 14, 462 }, // >
    { 9, 17, 9, 0, 16, 20, 476 }, // ?
    { 17, 17, 19, 1, 15, 37, 496 }, // @
    { 14, 15, 13, 0, 15, 27, 533 }, // A
    { 11, 15, 14, 2, 15, 21, 560 }, // B
    { 12, 17, 13, 1, 16, 26, 581 }, // C
    { 12, 15, 15, 2, 15, 23, 607 }, // D
    { 9, 15, 12, 2, 15, 17, 630 }, // E
    { 9, 15, 11, 2, 15, 17, 647 }, // F
    { 13, 17, 15, 1, 16, 28, 664 }, // G
    { 12, 15, 15, 2, 15, 23, 692 }, // H
    { 7, 15, 7, 0, 15, 14, 715 }, // I
    { 6, 19, 6, -2, 15, 15, 729 }, // J
    { 11, 15, 13, 2, 15, 21, 744 }, // K
    { 9, 15, 11, 2, 15, 17, 765 }, // L
    { 15, 15, 19, 2, 15, 29, 782 }, // M
    { 12, 15, 16, 2, 15, 23, 811 }, // N
    { 14, 17, 16, 1, 16, 30, 834 }, // O
    { 10, 15, 13, 2, 15, 19, 864 }, // P
    { 14, 20, 16, 1, 16, 35, 883 }, // Q
    { 11, 15, 13, 2, 15, 21, 918 }, // R
    { 10, 17, 11, 1, 16, 22, 939 }, // S
    { 12, 15, 12, 0, 15, 23, 961 }, // T
    { 13, 16, 15, 1, 15, 26, 984 }, // U
    { 13, 15, 13, 0, 15, 25, 1010 }, // V
    { 20, 15, 19, 0, 15, 38, 1035 }, // W
    { 13, 15, 12, 0, 15, 25, 1073 }, // X
    { 12, 15, 12, 0, 15, 23, 1098 }, // Y
    { 12, 15, 12, 0, 15, 23, 1121 }, // Z
    { 6, 19, 7, 1, 15, 15, 1144 }, // [
    { 8, 15, 8, 0, 15, 15, 1159 }, // <backslash>
    { 6, 19, 7, 0, 15, 15, 1174 }, // ]
    { 12, 10, 12, 0, 15, 15, 1189 }, // ^
    { 11, 3, 9, -1, -1, 5, 1204 }, // _
    { 6, 4, 6, 0, 16, 3, 1209 }, // `
    { 10, 13, 12, 0, 12, 17, 1212 }, // a
    { 11, 17, 13, 1, 16, 24, 1229 }, // b
    { 9, 13, 10, 1, 12, 15, 1253 }, // c
    { 11, 17, 13, 1, 16, 24, 1268 }, // d
    { 10, 13, 12, 1, 12, 17, 1292 }, // e
    { 9, 16, 7, 0, 16, 18, 1309 }, // f
    { 11, 17, 13, 1, 12, 24, 1327 }, // g
    { 11, 16, 13, 1, 16, 22, 1351 }, // h
    { 3, 16, 5, 1, 16, 6, 1373 }, // i
    { 6, 21, 5, -2, 16, 16, 1379 }, // j
    { 10, 16, 11, 1, 16, 20, 1395 }, // k
    { 3, 16, 5, 1, 16, 6, 1415 }, // l
    { 17, 12, 19, 1, 12, 26, 1421 }, // m
    { 11, 12, 13, 1, 12, 17, 1447 }, // n
    { 11, 13, 13, 1, 12, 18, 1464 }, // o
    { 11, 17, 13, 1, 12, 24, 1482 }, // p
    { 11, 17, 13, 1, 12, 24, 1506 }, // q
    { 8, 12, 9, 1, 12, 12, 1530 }, // r
    { 9, 13, 10, 1, 12, 15, 1542 }, // s
    { 8, 15, 8, 0, 14, 15, 1557 }, // t
    { 11, 13, 13, 1, 12, 18, 1572 }, // u
    { 11, 12, 11, 0, 12, 17, 1590 }, // v
    { 17, 12, 16, 0, 12, 26, 1607 }, // w
    { 11, 12, 11, 0, 12, 17, 1633 }, // x
    { 11, 17, 11, 0, 12, 24, 1650 }, // y
    { 9, 12, 10, 0, 12, 14, 1674 }, // z
    { 8, 19, 8, 0, 15, 19, 1688 }, // {
    { 3, 22, 11, 4, 16, 9, 1707 }, // |
    { 8, 19, 8, 0, 15, 19, 1716 }, // }
    { 10, 4, 12, 1, 9, 5, 1735 }, // ~
    { 0, 0, 5, 0, 0, 0, 1740 }, //  
    { 4, 16, 6, 1, 12, 8, 1740 }, // ¡
    { 10, 17, 12, 1, 16, 22, 1748 }, // ¢
    { 12, 16, 12, 0, 16, 24, 1770 }, // £
    { 10, 11, 12, 1, 13, 14, 1794 }, // ¤
    { 12, 15, 12, 0, 15, 23, 1808 }, // ¥
    { 3, 22, 11, 4, 16, 9, 1831 }, // ¦
    { 9, 17, 11, 1, 16, 20, 1840 }, // §
    { 6, 3, 12, 3, 16, 3, 1860 }, // ¨
    { 16, 17, 17, 1, 16, 34, 1863 }, // ©
    { 7, 9, 7, 0, 16, 8, 1897 }, // ª
    { 10, 9, 11, 0, 10, 12, 1905 }, // «
    { 10, 7, 12, 1, 9, 9, 1917 }, // ¬
    { 6, 3, 7, 0, 7, 3, 1926 }, // ­
    { 16, 17, 17, 1, 16, 34, 1929 }, // ®
    { 12, 3, 10, -1, 18, 5, 1963 }, // ¯
    { 7, 8, 9, 1, 16, 7, 1968 }, // °
    { 10, 13, 12, 1, 13, 17, 1975 }, // ±
    { 7, 10, 7, 0, 18, 9, 1992 }, // ²
    { 7, 10, 7, 0, 18, 9, 2001 }, // ³
    { 6, 4, 6, 0, 16, 3, 2010 }, // ´
    { 11, 17, 13, 1, 12, 24, 2013 }, // µ
    { 11, 19, 14, 1, 16, 27, 2037 }, // ¶
    { 4, 4, 6, 1, 9, 2, 2064 }, // ·
    { 5, 5, 5, 0, 0, 4, 2066 }, // ¸
    { 5, 10, 7, 0, 18, 7, 2070 }, // ¹
    { 8, 9, 8, 0, 16, 9, 2077 }, // º
    { 10, 9, 11, 0, 10, 12, 2086 }, // »
    { 16, 15, 16, 0, 15, 30, 2098 }, // ¼
    { 16, 15, 16, 0, 15, 30, 2128 }, // ½
    { 17, 16, 16, 0, 16, 34, 2158 }, // ¾
    { 9, 16, 9, 0, 12, 18, 2192 }, // ¿
    { 14, 20, 13, 0, 20, 35, 2210 }, // À
    { 14, 20, 13, 0, 20, 35, 2245 }, // Á
    { 14, 20, 13, 0, 20, 35, 2280 }, // Â
    { 14, 20, 13, 0, 20, 35, 2315 }, // Ã
    { 14, 20, 13, 0, 20, 35, 2350 }, // Ä
    { 14, 19, 13, 0, 19, 34, 2385 }, // Å
    { 19, 15, 18, -1, 15, 36, 2419 }, // Æ
    { 12, 21, 13, 1, 16, 32, 2455 }, // Ç
    { 9, 20, 12, 2, 20, 23, 2487 }, // È
    { 9, 20, 12, 2, 20, 23, 2510 }, // É
    { 9, 20, 12, 2, 20, 23, 2533 }, // Ê
    { 9, 20, 12, 2, 20, 23, 2556 }, // Ë
    { 7, 20, 7, 0, 20, 18, 2579 }, // Ì
    { 7, 20, 7, 0, 20, 18, 2597 }, // Í
    { 8, 20, 7, 0, 20, 20, 2615 }, // Î
    { 7, 20, 7, 0, 20, 18, 2635 }, // Ï
    { 14, 15, 15, 0, 15, 27, 2653 }, // Ð
    { 12, 20, 16, 2, 20, 30, 2680 }, // Ñ
    { 14, 21, 16, 1, 20, 37, 2710 }, // Ò
    { 14, 21, 16, 1, 20, 37, 2747 }, // Ó
    { 14, 21, 16, 1, 20, 37, 2784 }, // Ô
    { 14, 21, 16, 1, 20, 37, 2821 }, // Õ
    { 14, 21, 16, 1, 20, 37, 2858 }, // Ö
    { 10, 10, 12, 1, 12, 13, 2895 }, // ×
    { 14, 17, 16, 1, 16, 30, 2908 }, // Ø
    { 13, 21, 15, 1, 20, 35, 2938 }, // Ù
    { 13, 21, 15, 1, 20, 35, 2973 }, // Ú
    { 13, 21, 15, 1, 20, 35, 3008 }, // Û
    { 13, 21, 15, 1, 20, 35, 3043 }, // Ü
    { 12, 20, 12, 0, 20, 30, 3078 }, // Ý
    { 10, 15, 13, 2, 15, 19, 3108 }, // Þ
    { 12, 17, 13, 1, 16, 26, 3127 }, // ß
    { 10, 17, 12, 0, 16, 22, 3153 }, // à
    { 10, 17, 12, 0, 16, 22, 3175 }, // á
    { 10, 17, 12, 0, 16, 22, 3197 }, // â
    { 10, 17, 12, 0, 16, 22, 3219 }, // ã
    { 10, 17, 12, 0, 16, 22, 3241 }, // ä
    { 10, 19, 12, 0, 18, 24, 3263 }, // å
    { 17, 13, 18, 0, 12, 28, 3287 }, // æ
    { 9, 17, 10, 1, 12, 20, 3315 }, // ç
    { 10, 17, 12, 1, 16, 22, 3335 }, // è
    { 10, 17, 12, 1, 16, 22, 3357 }, // é
    { 10, 17, 12, 1, 16, 22, 3379 }, // ê
    { 10, 17, 12, 1, 16, 22, 3401 }, // ë
    { 6, 16, 5, -1, 16, 12, 3423 }, // ì
    { 5, 16, 5, 1, 16, 10, 3435 }, // í
    { 8, 16, 5, -1, 16, 16, 3445 }, // î
    { 7, 16, 5, -1, 16, 14, 3461 }, // ï
    { 11, 17, 13, 1, 16, 24, 3475 }, // ð
    { 11, 16, 13, 1, 16, 22, 3499 }, // ñ
    { 11, 17, 13, 1, 16, 24, 3521 }, // ò
    { 11, 17, 13, 1, 16, 24, 3545 }, // ó
    { 11, 17, 13, 1, 16, 24, 3569 }, // ô
    { 11, 17, 13, 1, 16, 24, 3593 }, // õ
    { 11, 17, 13, 1, 16, 24, 3617 }, // ö
    { 10, 11, 12, 1, 13, 14, 3641 }, // ÷
    { 11, 13, 13, 1, 12, 18, 3655 }, // ø
    { 11, 17, 13, 1, 16, 24, 3673 }, // ù
    { 11, 17, 13, 1, 16, 24, 3697 }, // ú
    { 11, 17, 13, 1, 16, 24, 3721 }, // û
    { 11, 17, 13, 1, 16, 24, 3745 }, // ü
    { 11, 21, 11, 0, 16, 29, 3769 }, // ý
    { 11, 21, 13, 1, 16, 29, 3798 }, // þ
    { 11, 21, 11, 0, 16, 29, 3827 }, // ÿ
    { 14, 19, 13, 0, 19, 34, 3856 }, // Ā
    { 10, 16, 12, 0, 15, 20, 3890 }, // ā
    { 14, 20, 13, 0, 20, 35, 3910 }, // Ă
    { 10, 17, 12, 0, 16, 22, 3945 }, // ă
    { 14, 20, 13, 0, 15, 35, 3967 }, // Ą
    { 11, 17, 12, 0, 12, 24, 4002 }, // ą
    { 12, 21, 13, 1, 20, 32, 4026 }, // Ć
    { 9, 17, 10, 1, 16, 20, 4058 }, // ć
    { 12, 21, 13, 1, 20, 32, 4078 }, // Ĉ
    { 9, 17, 10, 1, 16, 20, 4110 }, // ĉ
    { 12, 21, 13, 1, 20, 32, 4130 }, // Ċ
    { 9, 17, 10, 1, 16, 20, 4162 }, // ċ
    { 12, 21, 13, 1, 20, 32, 4182 }, // Č
    { 9, 17, 10, 1, 16, 20, 4214 }, // č
    { 12, 20, 15, 2, 20, 30, 4234 }, // Ď
    { 14, 17, 13, 1, 16, 30, 4264 }, // ď
    { 14, 15, 15, 0, 15, 27, 4294 }, // Đ
    { 12, 17, 13, 1, 16, 26, 4321 }, // đ
    { 9, 19, 12, 2, 19, 22, 4347 }, // Ē
    { 10, 16, 12, 1, 15, 20, 4369 }, // ē
    { 9, 20, 12, 2, 20, 23, 4389 }, // Ĕ
    { 10, 17, 12, 1, 16, 22, 4412 }, // ĕ
    { 9, 20, 12, 2, 20, 23, 4434 }, // Ė
    { 10, 17, 12, 1, 16, 22, 4457 }, // ė
    { 9, 20, 12, 2, 15, 23, 4479 }, // Ę
    { 10, 17, 12, 1, 12, 22, 4502 }, // ę
    { 9, 20, 12, 2, 20, 23, 4524 }, // Ě
    { 10, 17, 12, 1, 16, 22, 4547 }, // ě
    { 13, 21, 15, 1, 20, 35, 4569 }, // Ĝ
    { 11, 21, 13, 1, 16, 29, 4604 }, // ĝ
    { 13, 21, 15, 1, 20, 35, 4633 }, // Ğ
    { 11, 21, 13, 1, 16, 29, 4668 }, // ğ
    { 13, 21, 15, 1, 20, 35, 4697 }, // Ġ
    { 11, 21, 13, 1, 16, 29, 4732 }, // ġ
    { 13, 21, 15, 1, 16, 35, 4761 }, // Ģ
    { 11, 21, 13, 1, 16, 29, 4796 }, // ģ
    { 12, 20, 15, 2, 20, 30, 4825 }, // Ĥ
    { 13, 21, 13, -1, 21, 35, 4855 }, // ĥ
    { 16, 15, 15, 0, 15, 30, 4890 }, // Ħ
    { 12, 16, 13, 0, 16, 24, 4920 }, // ħ
    { 9, 20, 7, -1, 20, 23, 4944 }, // Ĩ
    { 9, 16, 5, -2, 16, 18, 4967 }, // ĩ
    { 7, 19, 7, 0, 19, 17, 4985 }, // Ī
    { 7, 15, 5, -1, 15, 14, 5002 }, // ī
    { 7, 20, 7, 0, 20, 18, 5016 }, // Ĭ
    { 7, 16, 5, -1, 16, 14, 5034 }, // ĭ
    { 7, 20, 7, 0, 15, 18, 5048 }, // Į
    { 4, 21, 5, 0, 16, 11, 5066 }, // į
    { 7, 20, 7, 0, 20, 18, 5077 }, // İ
    { 3, 12, 5, 1, 12, 5, 5095 }, // ı
    { 11, 19, 13, 0, 15, 27, 5100 }, // Ĳ
    { 9, 21, 11, 1, 16, 24, 5127 }, // ĳ
    { 9, 24, 6, -2, 20, 27, 5151 }, // Ĵ
    { 9, 21, 5, -2, 16, 24, 5178 }, // ĵ
    { 11, 20, 13, 2, 15, 28, 5202 }, // Ķ
    { 10, 21, 11, 1, 16, 27, 5230 }, // ķ
    { 10, 12, 11, 1, 12, 15, 5257 }, // ĸ
    { 10, 20, 11, 1, 20, 25, 5272 }, // Ĺ
    { 5, 21, 5, 1, 21, 14, 5297 }, // ĺ
    { 9, 20, 11, 2, 15, 23, 5311 }, // Ļ
    { 4, 21, 5, 1, 16, 11, 5334 }, // ļ
    { 9, 15, 11, 2, 15, 17, 5345 }, // Ľ
    { 7, 16, 5, 1, 16, 14, 5362 }, // ľ
    { 9, 15, 11, 2, 15, 17, 5376 }, // Ŀ
    { 6, 16, 6, 1, 16, 12, 5393 }, // ŀ
    { 11, 15, 11, 0, 15, 21, 5405 }, // Ł
    { 7, 16, 5, -1, 16, 14, 5426 }, // ł
    { 12, 20, 16, 2, 20, 30, 5440 }, // Ń
    { 11, 16, 13, 1, 16, 22, 5470 }, // ń
    { 12, 20, 16, 2, 15, 30, 5492 }, // Ņ
    { 11, 17, 13, 1, 12, 24, 5522 }, // ņ
    { 12, 20, 16, 2, 20, 30, 5546 }, // Ň
    { 11, 16, 13, 1, 16, 22, 5576 }, // ň
    { 13, 15, 14, 0, 15, 25, 5598 }, // ŉ
    { 12, 19, 16, 2, 15, 29, 5623 }, // Ŋ
    { 11, 17, 13, 1, 12, 24, 5652 }, // ŋ
    { 14, 20, 16, 1, 19, 35, 5676 }, // Ō
    { 11, 16, 13, 1, 15, 22, 5711 }, // ō
    { 14, 21, 16, 1, 20, 37, 5733 }, // Ŏ
    { 11, 17, 13, 1, 16, 24, 5770 }, // ŏ
    { 14, 21, 16, 1, 20, 37, 5794 }, // Ő
    { 11, 17, 13, 1, 16, 24, 5831 }, // ő
    { 18, 17, 19, 1, 16, 39, 5855 }, // Œ
    { 18, 13, 20, 1, 12, 30, 5894 }, // œ
    { 11, 20, 13, 2, 20, 28, 5924 }, // Ŕ
    { 8, 16, 9, 1, 16, 16, 5952 }, // ŕ
    { 11, 20, 13, 2, 15, 28, 5968 }, // Ŗ
    { 8, 17, 9, 1, 12, 17, 5996 }, // ŗ
    { 11, 20, 13, 2, 20, 28, 6013 }, // Ř
    { 8, 16, 9, 1, 16, 16, 6041 }, // ř
    { 10, 21, 11, 1, 20, 27, 6057 }, // Ś
    { 9, 17, 10, 1, 16, 20, 6084 }, // ś
    { 10, 21, 11, 1, 20, 27, 6104 }, // Ŝ
    { 9, 17, 10, 1, 16, 20, 6131 }, // ŝ
    { 10, 21, 11, 1, 16, 27, 6151 }, // Ş
    { 9, 17, 10, 1, 12, 20, 6178 }, // ş
    { 10, 21, 11, 1, 20, 27, 6198 }, // Š
    { 9, 17, 10, 1, 16, 20, 6225 }, // š
    { 12, 20, 12, 0, 15, 30, 6245 }, // Ţ
    { 8, 19, 8, 0, 14, 19, 6275 }, // ţ
    { 12, 20, 12, 0, 20, 30, 6294 }, // Ť
    { 10, 17, 8, 0, 16, 22, 6324 }, // ť
    { 12, 15, 12, 0, 15, 23, 6346 }, // Ŧ
    { 8, 15, 8, 0, 14, 15, 6369 }, // ŧ
    { 13, 21, 15, 1, 20, 35, 6384 }, // Ũ
    { 11, 17, 13, 1, 16, 24, 6419 }, // ũ
    { 13, 20, 15, 1, 19, 33, 6443 }, // Ū
    { 11, 16, 13, 1, 15, 22, 6476 }, // ū
    { 13, 21, 15, 1, 20, 35, 6498 }, // Ŭ
    { 11, 17, 13, 1, 16, 24, 6533 }, // ŭ
    { 13, 23, 15, 1, 22, 38, 6557 }, // Ů
    { 11, 19, 13, 1, 18, 27, 6595 }, // ů
    { 13, 21, 15, 1, 20, 35, 6622 }, // Ű
    { 11, 17, 13, 1, 16, 24, 6657 }, // ű
    { 13, 20, 15, 1, 15, 33, 6681 }, // Ų
    { 11, 17, 13, 1, 12, 24, 6714 }, // ų
    { 20, 20, 19, 0, 20, 50, 6738 }, // Ŵ
    { 17, 16, 16, 0, 16, 34, 6788 }, // ŵ
    { 12, 20, 12, 0, 20, 30, 6822 }, // Ŷ
    { 11, 21, 11, 0, 16, 29, 6852 }, // ŷ
    { 12, 20, 12, 0, 20, 30, 6881 }, // Ÿ
    { 12, 20, 12, 0, 20, 30, 6911 }, // Ź
    { 9, 16, 10, 0, 16, 18, 6941 }, // ź
    { 12, 20, 12, 0, 20, 30, 6959 }, // Ż
    { 9, 16, 10, 0, 16, 18, 6989 }, // ż
    { 12, 20, 12, 0, 20, 30, 7007 }, // Ž
    { 9, 16, 10, 0, 16, 18, 7037 }, // ž
    { 7, 16, 7, 1, 16, 14, 7055 }, // ſ
    { 12, 17, 13, 0, 16, 26, 7069 }, // ƀ
    { 15, 15, 15, 0, 15, 29, 7095 }, // Ɓ
    { 10, 15, 13, 2, 15, 19, 7124 }, // Ƃ
    { 11, 17, 13, 1, 16, 24, 7143 }, // ƃ
    { 12, 16, 13, 1, 15, 24, 7167 }, // Ƅ
    { 11, 17, 13, 1, 16, 24, 7191 }, // ƅ
    { 12, 17, 13, 0, 16, 26, 7215 }, // Ɔ
    { 14, 19, 13, 1, 18, 34, 7241 }, // Ƈ
    { 11, 17, 10, 1, 16, 24, 7275 }, // ƈ
    { 14, 15, 15, 0, 15, 27, 7299 }, // Ɖ
    { 16, 15, 17, 0, 15, 30, 7326 }, // Ɗ
    { 10, 15, 13, 1, 15, 19, 7356 }, // Ƌ
    { 11, 17, 13, 1, 16, 24, 7375 }, // ƌ
    { 11, 17, 13, 1, 12, 24, 7399 }, // ƍ
    { 9, 15, 12, 1, 15, 17, 7423 }, // Ǝ
    { 14, 17, 15, 1, 16, 30, 7440 }, // Ə
    { 11, 17, 12, 1, 16, 24, 7470 }, // Ɛ
    { 13, 21, 12, -1, 15, 35, 7494 }, // Ƒ
    { 11, 22, 9, -1, 16, 31, 7529 }, // ƒ
    { 15, 19, 15, 1, 18, 36, 7560 }, // Ɠ
    { 12, 20, 12, 0, 15, 30, 7596 }, // Ɣ
    { 17, 17, 19, 1, 16, 37, 7626 }, // ƕ
    { 7, 16, 7, 1, 15, 14, 7663 }, // Ɩ
    { 7, 15, 7, 0, 15, 14, 7677 }, // Ɨ
    { 11, 15, 13, 2, 15, 21, 7691 }, // Ƙ
    { 10, 16, 11, 1, 16, 20, 7712 }, // ƙ
    { 6, 16, 5, 0, 16, 12, 7732 }, // ƚ
    { 13, 17, 11, -1, 16, 28, 7744 }, // ƛ
    { 19, 16, 21, 1, 15, 38, 7772 }, // Ɯ
    { 15, 20, 16, -1, 15, 38, 7810 }, // Ɲ
    { 10, 17, 13, 1, 12, 22, 7848 }, // ƞ
    { 14, 17, 16, 1, 16, 30, 7870 }, // Ɵ
    { 16, 17, 16, 1, 16, 34, 7900 }, // Ơ
    { 13, 14, 13, 1, 13, 23, 7934 }, // ơ
    { 20, 17, 22, 1, 16, 43, 7957 }, // Ƣ
    { 15, 17, 18, 1, 12, 32, 8000 }, // ƣ
    { 14, 15, 14, 0, 15, 27, 8032 }, // Ƥ
    { 11, 21, 13, 1, 16, 29, 8059 }, // ƥ
    { 11, 18, 13, 2, 15, 25, 8088 }, // Ʀ
    { 11, 17, 11, 0, 16, 24, 8113 }, // Ƨ
    { 9, 13, 10, 0, 12, 15, 8137 }, // ƨ
    { 12, 15, 12, 0, 15, 23, 8152 }, // Ʃ
    { 10, 21, 7, -1, 16, 27, 8175 }, // ƪ
    { 8, 19, 8, 0, 14, 19, 8202 }, // ƫ
    { 12, 15, 12, 0, 15, 23, 8221 }, // Ƭ
    { 8, 17, 8, 0, 16, 17, 8244 }, // ƭ
    { 12, 20, 12, 0, 15, 30, 8261 }, // Ʈ
    { 17, 17, 16, 1, 16, 37, 8291 }, // Ư
    { 14, 14, 14, 1, 13, 25, 8328 }, // ư
    { 16, 16, 16, 0, 15, 32, 8353 }, // Ʊ
    { 13, 17, 15, 1, 16, 28, 8385 }, // Ʋ
    { 12, 16, 12, 0, 16, 24, 8413 }, // Ƴ
    { 12, 17, 11, 0, 12, 26, 8437 }, // ƴ
    { 12, 15, 12, 0, 15, 23, 8463 }, // Ƶ
    { 9, 12, 10, 0, 12, 14, 8486 }, // ƶ
    { 12, 16, 12, 0, 15, 24, 8500 }, // Ʒ
    { 11, 16, 12, 1, 15, 22, 8524 }, // Ƹ
    { 11, 17, 10, 0, 12, 24, 8546 }, // ƹ
    { 10, 17, 10, 0, 12, 22, 8570 }, // ƺ
    { 10, 16, 12, 1, 16, 20, 8592 }, // ƻ
    { 12, 16, 12, 0, 15, 24, 8612 }, // Ƽ
    { 10, 13, 10, 0, 12, 17, 8636 }, // ƽ
    { 9, 15, 10, 0, 14, 17, 8653 }, // ƾ
    { 11, 17, 12, 1, 12, 24, 8670 }, // ƿ
    { 3, 16, 7, 2, 16, 6, 8694 }, // ǀ
    { 7, 16, 12, 2, 16, 14, 8700 }, // ǁ
    { 9, 16, 11, 1, 16, 18, 8714 }, // ǂ
    { 4, 16, 6, 1, 15, 8, 8732 }, // ǃ
    { 25, 20, 27, 2, 20, 63, 8740 }, // Ǆ
    { 23, 16, 25, 2, 16, 46, 8803 }, // ǅ
    { 21, 17, 23, 1, 16, 45, 8849 }, // ǆ
    { 13, 19, 17, 2, 15, 31, 8894 }, // Ǉ
    { 13, 21, 16, 2, 16, 35, 8925 }, // ǈ
    { 9, 21, 11, 1, 16, 24, 8960 }, // ǉ
    { 18, 19, 22, 2, 15, 43, 8984 }, // Ǌ
    { 18, 21, 21, 2, 16, 48, 9027 }, // ǋ
    { 16, 21, 18, 1, 16, 42, 9075 }, // ǌ
    { 14, 20, 13, 0, 20, 35, 9117 }, // Ǎ
    { 10, 17, 12, 0, 16, 22, 9152 }, // ǎ
    { 8, 20, 7, 0, 20, 20, 9174 }, // Ǐ
    { 8, 16, 5, -1, 16, 16, 9194 }, // ǐ
    { 14, 21, 16, 1, 20, 37, 9210 }, // Ǒ
    { 11, 17, 13, 1, 16, 24, 9247 }, // ǒ
    { 13, 21, 15, 1, 20, 35, 9271 }, // Ǔ
    { 11, 17, 13, 1, 16, 24, 9306 }, // ǔ
    { 13, 23, 15, 1, 22, 38, 9330 }, // Ǖ
    { 11, 19, 13, 1, 18, 27, 9368 }, // ǖ
    { 13, 23, 15, 1, 22, 38, 9395 }, // Ǘ
    { 11, 20, 13, 1, 19, 28, 9433 }, // ǘ
    { 13, 24, 15, 1, 23, 39, 9461 }, // Ǚ
    { 11, 20, 13, 1, 19, 28, 9500 }, // ǚ
    { 13, 23, 15, 1, 22, 38, 9528 }, // Ǜ
    { 11, 20, 13, 1, 19, 28, 9566 }, // ǜ
    { 10, 13, 12, 1, 12, 17, 9594 }, // ǝ
    { 14, 22, 13, 0, 22, 39, 9611 }, // Ǟ
    { 10, 19, 12, 0, 18, 24, 9650 }, // ǟ
    { 14, 21, 13, 0, 21, 37, 9674 }, // Ǡ
    { 10, 19, 12, 0, 18, 24, 9711 }, // ǡ
    { 19, 19, 18, -1, 19, 46, 9735 }, // Ǣ
    { 17, 16, 18, 0, 15, 34, 9781 }, // ǣ
    { 14, 17, 15, 1, 16, 30, 9815 }, // Ǥ
    { 12, 17, 13, 1, 12, 26, 9845 }, // ǥ
    { 13, 21, 15, 1, 20, 35, 9871 }, // Ǧ
    { 11, 21, 13, 1, 16, 29, 9906 }, // ǧ
    { 11, 20, 13, 2, 20, 28, 9935 }, // Ǩ
    { 12, 21, 11, -1, 21, 32, 9963 }, // ǩ
    { 14, 21, 16, 1, 16, 37, 9995 }, // Ǫ
    { 11, 17, 13, 1, 12, 24, 10032 }, // ǫ
    { 14, 24, 16, 1, 19, 42, 10056 }, // Ǭ
    { 11, 20, 13, 1, 15, 28, 10098 }, // ǭ
    { 12, 21, 12, 0, 20, 32, 10126 }, // Ǯ
    { 10, 21, 10, 0, 16, 27, 10158 }, // ǯ
    { 9, 21, 5, -2, 16, 24, 10185 }, // ǰ
    { 25, 15, 27, 2, 15, 47, 10209 }, // Ǳ
    { 23, 15, 25, 2, 15, 44, 10256 }, // ǲ
    { 21, 17, 23, 1, 16, 45, 10300 }, // ǳ
    { 13, 21, 15, 1, 20, 35, 10345 }, // Ǵ
    { 11, 21, 13, 1, 16, 29, 10380 }, // ǵ
    { 16, 16, 20, 2, 15, 32, 10409 }, // Ƕ
    { 11, 21, 14, 2, 16, 29, 10441 }, // Ƿ
    { 12, 20, 16, 2, 20, 30, 10470 }, // Ǹ
    { 11, 16, 13, 1, 16, 22, 10500 }, // ǹ
    { 14, 20, 13, 0, 20, 35, 10522 }, // Ǻ
    { 10, 21, 12, 0, 20, 27, 10557 }, // ǻ
    { 19, 20, 18, -1, 20, 48, 10584 }, // Ǽ
    { 17, 17, 18, 0, 16, 37, 10632 }, // ǽ
    { 14, 21, 16, 1, 20, 37, 10669 }, // Ǿ
    { 11, 17, 13, 1, 16, 24, 10706 }, // ǿ
    { 14, 20, 13, 0, 20, 35, 10730 }, // Ȁ
    { 10, 17, 12, 0, 16, 22, 10765 }, // ȁ
    { 14, 20, 13, 0, 20, 35, 10787 }, // Ȃ
    { 10, 17, 12, 0, 16, 22, 10822 }, // ȃ
    { 10, 20, 12, 1, 20, 25, 10844 }, // Ȅ
    { 10, 17, 12, 1, 16, 22, 10869 }, // ȅ
    { 9, 20, 12, 2, 20, 23, 10891 }, // Ȇ
    { 10, 17, 12, 1, 16, 22, 10914 }, // ȇ
    { 9, 20, 7, -2, 20, 23, 10936 }, // Ȉ
    { 8, 16, 5, -2, 16, 16, 10959 }, // ȉ
    { 7, 20, 7, 0, 20, 18, 10975 }, // Ȋ
    { 7, 16, 5, -1, 16, 14, 10993 }, // ȋ
    { 14, 21, 16, 1, 20, 37, 11007 }, // Ȍ
    { 11, 17, 13, 1, 16, 24, 11044 }, // ȍ
    { 14, 21, 16, 1, 20, 37, 11068 }, // Ȏ
    { 11, 17, 13, 1, 16, 24, 11105 }, // ȏ
    { 12, 20, 13, 1, 20, 30, 11129 }, // Ȑ
    { 9, 16, 9, 0, 16, 18, 11159 }, // ȑ
    { 11, 20, 13, 2, 20, 28, 11177 }, // Ȓ
    { 8, 16, 9, 1, 16, 16, 11205 }, // ȓ
    { 13, 21, 15, 1, 20, 35, 11221 }, // Ȕ
    { 11, 17, 13, 1, 16, 24, 11256 }, // ȕ
    { 13, 21, 15, 1, 20, 35, 11280 }, // Ȗ
    { 11, 17, 13, 1, 16, 24, 11315 }, // ȗ
    { 10, 21, 11, 1, 16, 27, 11339 }, // Ș
    { 9, 17, 10, 1, 12, 20, 11366 }, // ș
    { 12, 20, 12, 0, 15, 30, 11386 }, // Ț
    { 8, 19, 8, 0, 14, 19, 11416 }, // ț
    { 11, 20, 12, 0, 16, 28, 11435 }, // Ȝ
    { 10, 17, 10, 0, 12, 22, 11463 }, // ȝ
    { 12, 20, 15, 2, 20, 30, 11485 }, // Ȟ
    { 13, 21, 13, -1, 21, 35, 11515 }, // ȟ
    { 12, 21, 15, 2, 16, 32, 11550 }, // Ƞ
    { 17, 19, 18, 1, 16, 41, 11582 }, // ȡ
    { 12, 16, 14, 1, 15, 24, 11623 }, // Ȣ
    { 11, 17, 12, 1, 16, 24, 11647 }, // ȣ
    { 12, 20, 12, 0, 15, 30, 11671 }, // Ȥ
    { 9, 17, 10, 0, 12, 20, 11701 }, // ȥ
    { 14, 20, 13, 0, 20, 35, 11721 }, // Ȧ
    { 10, 17, 12, 0, 16, 22, 11756 }, // ȧ
    { 9, 20, 12, 2, 15, 23, 11778 }, // Ȩ
    { 10, 17, 12, 1, 12, 22, 11801 }, // ȩ
    { 14, 23, 16, 1, 22, 41, 11823 }, // Ȫ
    { 11, 19, 13, 1, 18, 27, 11864 }, // ȫ
    { 14, 23, 16, 1, 22, 41, 11891 }, // Ȭ
    { 11, 19, 13, 1, 18, 27, 11932 }, // ȭ
    { 14, 21, 16, 1, 20, 37, 11959 }, // Ȯ
    { 11, 17, 13, 1, 16, 24, 11996 }, // ȯ
    { 14, 22, 16, 1, 21, 39, 12020 }, // Ȱ
    { 11, 19, 13, 1, 18, 27, 12059 }, // ȱ
    { 12, 19, 12, 0, 19, 29, 12086 }, // Ȳ
    { 11, 20, 11, 0, 15, 28, 12115 }, // ȳ
    { 8, 17, 8, 0, 16, 17, 12143 }, // ȴ
    { 15, 13, 16, 1, 12, 25, 12160 }, // ȵ
    { 8, 15, 8, 0, 14, 15, 12185 }, // ȶ
    { 6, 17, 5, -2, 12, 13, 12200 }, // ȷ
    { 19, 17, 20, 1, 16, 41, 12213 }, // ȸ
    { 19, 17, 20, 1, 12, 41, 12254 }, // ȹ
    { 14, 18, 13, 0, 16, 32, 12295 }, // Ⱥ
    { 12, 18, 13, 1, 16, 27, 12327 }, // Ȼ
    { 9, 21, 10, 1, 16, 24, 12354 }, // ȼ
    { 11, 15, 11, 0, 15, 21, 12378 }, // Ƚ
    { 12, 18, 12, 0, 16, 27, 12399 }, // Ⱦ
    { 9, 17, 10, 1, 12, 20, 12426 }, // ȿ
    { 10, 17, 10, 0, 12, 22, 12446 }, // ɀ
    { 9, 16, 9, 0, 16, 18, 12468 }, // Ɂ
    { 9, 12, 9, 0, 12, 14, 12486 }, // ɂ
    { 13, 15, 14, 0, 15, 25, 12500 }, // Ƀ
    { 16, 16, 15, 0, 15, 32, 12525 }, // Ʉ
    { 13, 15, 13, 0, 15, 25, 12557 }, // Ʌ
    { 9, 18, 12, 2, 16, 21, 12582 }, // Ɇ
    { 10, 13, 12, 1, 12, 17, 12603 }, // ɇ
    { 8, 19, 6, -2, 15, 19, 12620 }, // Ɉ
    { 8, 21, 5, -2, 16, 21, 12639 }, // ɉ
    { 16, 21, 16, 1, 16, 42, 12660 }, // Ɋ
    { 13, 17, 13, 1, 12, 28, 12702 }, // ɋ
    { 13, 15, 13, 0, 15, 25, 12730 }, // Ɍ
    { 9, 12, 9, 0, 12, 14, 12755 }, // ɍ
    { 12, 15, 12, 0, 15, 23, 12769 }, // Ɏ
    { 11, 17, 11, 0, 12, 24, 12792 }, // ɏ
    { 14, 21, 13, 0, 15, 37, 12816 }, // Ḁ
    { 10, 18, 12, 0, 12, 23, 12853 }, // ḁ
    { 11, 20, 14, 2, 20, 28, 12876 }, // Ḃ
    { 11, 22, 13, 1, 21, 31, 12904 }, // ḃ
    { 11, 19, 14, 2, 15, 27, 12935 }, // Ḅ
    { 11, 20, 13, 1, 16, 28, 12962 }, // ḅ
    { 11, 19, 14, 2, 15, 27, 12990 }, // Ḇ
    { 11, 20, 13, 1, 16, 28, 13017 }, // ḇ
    { 12, 25, 13, 1, 20, 38, 13045 }, // Ḉ
    { 9, 21, 10, 1, 16, 24, 13083 }, // ḉ
    { 12, 20, 15, 2, 20, 30, 13107 }, // Ḋ
    { 11, 22, 13, 1, 21, 31, 13137 }, // ḋ
    { 12, 19, 15, 2, 15, 29, 13168 }, // Ḍ
    { 11, 20, 13, 1, 16, 28, 13197 }, // ḍ
    { 12, 19, 15, 2, 15, 29, 13225 }, // Ḏ
    { 11, 20, 13, 1, 16, 28, 13254 }, // ḏ
    { 12, 20, 15, 2, 15, 30, 13282 }, // Ḑ
    { 11, 21, 13, 1, 16, 29, 13312 }, // ḑ
    { 12, 20, 15, 2, 15, 30, 13341 }, // Ḓ
    { 11, 21, 13, 1, 16, 29, 13371 }, // ḓ
    { 9, 23, 12, 2, 23, 26, 13400 }, // Ḕ
    { 10, 20, 12, 1, 19, 25, 13426 }, // ḕ
    { 9, 23, 12, 2, 23, 26, 13451 }, // Ḗ
    { 10, 20, 12, 1, 19, 25, 13477 }, // ḗ
    { 9, 20, 12, 2, 15, 23, 13502 }, // Ḙ
    { 10, 17, 12, 1, 12, 22, 13525 }, // ḙ
    { 9, 19, 12, 2, 15, 22, 13547 }, // Ḛ
    { 10, 16, 12, 1, 12, 20, 13569 }, // ḛ
    { 9, 25, 12, 2, 20, 29, 13589 }, // Ḝ
    { 10, 21, 12, 1, 16, 27, 13618 }, // ḝ
    { 9, 20, 11, 2, 20, 23, 13645 }, // Ḟ
    { 9, 21, 7, 0, 21, 24, 13668 }, // ḟ
    { 13, 20, 15, 1, 19, 33, 13692 }, // Ḡ
    { 11, 20, 13, 1, 15, 28, 13725 }, // ḡ
    { 12, 20, 15, 2, 20, 30, 13753 }, // Ḣ
    { 11, 21, 13, 1, 21, 29, 13783 }, // ḣ
    { 12, 19, 15, 2, 15, 29, 13812 }, // Ḥ
    { 11, 20, 13, 1, 16, 28, 13841 }, // ḥ
    { 12, 20, 15, 2, 20, 30, 13869 }, // Ḧ
    { 13, 21, 13, -1, 21, 35, 13899 }, // ḧ
    { 14, 20, 15, 0, 15, 35, 13934 }, // Ḩ
    { 12, 21, 13, 0, 16, 32, 13969 }, // ḩ
    { 12, 19, 15, 2, 15, 29, 14001 }, // Ḫ
    { 11, 20, 13, 1, 16, 28, 14030 }, // ḫ
    { 9, 19, 7, -1, 15, 22, 14058 }, // Ḭ
    { 9, 20, 5, -2, 16, 23, 14080 }, // ḭ
    { 7, 22, 7, 0, 22, 20, 14103 }, // Ḯ
    { 7, 19, 5, -1, 19, 17, 14123 }, // ḯ
    { 11, 20, 13, 2, 20, 28, 14140 }, // Ḱ
    { 10, 21, 11, 1, 21, 27, 14168 }, // ḱ
    { 11, 19, 13, 2, 15, 27, 14195 }, // Ḳ
    { 10, 20, 11, 1, 16, 25, 14222 }, // ḳ
    { 11, 19, 13, 2, 15, 27, 14247 }, // Ḵ
    { 10, 20, 11, 1, 16, 25, 14274 }, // ḵ
    { 9, 19, 11, 2, 15, 22, 14299 }, // Ḷ
    { 3, 20, 5, 1, 16, 8, 14321 }, // ḷ
    { 12, 23, 11, -1, 19, 35, 14329 }, // Ḹ
    { 7, 24, 5, -1, 20, 21, 14364 }, // ḹ
    { 9, 19, 11, 2, 15, 22, 14385 }, // Ḻ
    { 7, 20, 5, -1, 16, 18, 14407 }, // ḻ
    { 9, 20, 11, 2, 15, 23, 14425 }, // Ḽ
    { 8, 21, 5, -1, 16, 21, 14448 }, // ḽ
    { 15, 20, 19, 2, 20, 38, 14469 }, // Ḿ
    { 17, 16, 19, 1, 16, 34, 14507 }, // ḿ
    { 15, 20, 19, 2, 20, 38, 14541 }, // Ṁ
    { 17, 16, 19, 1, 16, 34, 14579 }, // ṁ
    { 15, 19, 19, 2, 15, 36, 14613 }, // Ṃ
    { 17, 16, 19, 1, 12, 34, 14649 }, // ṃ
    { 12, 20, 16, 2, 20, 30, 14683 }, // Ṅ
    { 11, 16, 13, 1, 16, 22, 14713 }, // ṅ
    { 12, 19, 16, 2, 15, 29, 14735 }, // Ṇ
    { 11, 16, 13, 1, 12, 22, 14764 }, // ṇ
    { 12, 19, 16, 2, 15, 29, 14786 }, // Ṉ
    { 11, 16, 13, 1, 12, 22, 14815 }, // ṉ
    { 12, 20, 16, 2, 15, 30, 14837 }, // Ṋ
    { 11, 17, 13, 1, 12, 24, 14867 }, // ṋ
    { 14, 24, 16, 1, 23, 42, 14891 }, // Ṍ
    { 11, 20, 13, 1, 19, 28, 14933 }, // ṍ
    { 14, 23, 16, 1, 22, 41, 14961 }, // Ṏ
    { 11, 19, 13, 1, 18, 27, 15002 }, // ṏ
    { 14, 24, 16, 1, 23, 42, 15029 }, // Ṑ
    { 11, 20, 13, 1, 19, 28, 15071 }, // ṑ
    { 14, 24, 16, 1, 23, 42, 15099 }, // Ṓ
    { 11, 20, 13, 1, 19, 28, 15141 }, // ṓ
    { 10, 20, 13, 2, 20, 25, 15169 }, // Ṕ
    { 11, 21, 13, 1, 16, 29, 15194 }, // ṕ
    { 10, 20, 13, 2, 20, 25, 15223 }, // Ṗ
    { 11, 21, 13, 1, 16, 29, 15248 }, // ṗ
    { 11, 20, 13, 2, 20, 28, 15277 }, // Ṙ
    { 8, 16, 9, 1, 16, 16, 15305 }, // ṙ
    { 11, 19, 13, 2, 15, 27, 15321 }, // Ṛ
    { 8, 16, 9, 1, 12, 16, 15348 }, // ṛ
    { 11, 23, 13, 2, 19, 32, 15364 }, // Ṝ
    { 8, 19, 9, 1, 15, 19, 15396 }, // ṝ
    { 11, 19, 13, 2, 15, 27, 15415 }, // Ṟ
    { 10, 16, 9, -1, 12, 20, 15442 }, // ṟ
    { 10, 21, 11, 1, 20, 27, 15462 }, // Ṡ
    { 9, 17, 10, 1, 16, 20, 15489 }, // ṡ
    { 10, 20, 11, 1, 16, 25, 15509 }, // Ṣ
    { 9, 16, 10, 1, 12, 18, 15534 }, // ṣ
    { 10, 21, 11, 1, 20, 27, 15552 }, // Ṥ
    { 9, 17, 10, 1, 16, 20, 15579 }, // ṥ
    { 10, 23, 11, 1, 22, 29, 15599 }, // Ṧ
    { 9, 19, 10, 1, 18, 22, 15628 }, // ṧ
    { 10, 24, 11, 1, 20, 30, 15650 }, // Ṩ
    { 9, 20, 10, 1, 16, 23, 15680 }, // ṩ
    { 12, 20, 12, 0, 20, 30, 15703 }, // Ṫ
    { 8, 20, 8, 0, 19, 20, 15733 }, // ṫ
    { 12, 19, 12, 0, 15, 29, 15753 }, // Ṭ
    { 8, 18, 8, 0, 14, 18, 15782 }, // ṭ
    { 12, 19, 12, 0, 15, 29, 15800 }, // Ṯ
    { 8, 18, 8, 0, 14, 18, 15829 }, // ṯ
    { 12, 20, 12, 0, 15, 30, 15847 }, // Ṱ
    { 8, 19, 8, 0, 14, 19, 15877 }, // ṱ
    { 13, 19, 15, 1, 15, 31, 15896 }, // Ṳ
    { 11, 16, 13, 1, 12, 22, 15927 }, // ṳ
    { 13, 19, 15, 1, 15, 31, 15949 }, // Ṵ
    { 11, 16, 13, 1, 12, 22, 15980 }, // ṵ
    { 13, 20, 15, 1, 15, 33, 16002 }, // Ṷ
    { 11, 17, 13, 1, 12, 24, 16035 }, // ṷ
    { 13, 24, 15, 1, 23, 39, 16059 }, // Ṹ
    { 11, 20, 13, 1, 19, 28, 16098 }, // ṹ
    { 13, 23, 15, 1, 22, 38, 16126 }, // Ṻ
    { 11, 19, 13, 1, 18, 27, 16164 }, // ṻ
    { 13, 20, 13, 0, 20, 33, 16191 }, // Ṽ
    { 11, 16, 11, 0, 16, 22, 16224 }, // ṽ
    { 13, 19, 13, 0, 15, 31, 16246 }, // Ṿ
    { 11, 16, 11, 0, 12, 22, 16277 }, // ṿ
    { 20, 20, 19, 0, 20, 50, 16299 }, // Ẁ
    { 17, 16, 16, 0, 16, 34, 16349 }, // ẁ
    { 20, 20, 19, 0, 20, 50, 16383 }, // Ẃ
    { 17, 16, 16, 0, 16, 34, 16433 }, // ẃ
    { 20, 20, 19, 0, 20, 50, 16467 }, // Ẅ
    { 17, 16, 16, 0, 16, 34, 16517 }, // ẅ
    { 20, 20, 19, 0, 20, 50, 16551 }, // Ẇ
    { 17, 16, 16, 0, 16, 34, 16601 }, // ẇ
    { 20, 19, 19, 0, 15, 48, 16635 }, // Ẉ
    { 17, 16, 16, 0, 12, 34, 16683 }, // ẉ
    { 13, 20, 12, 0, 20, 33, 16717 }, // Ẋ
    { 11, 16, 11, 0, 16, 22, 16750 }, // ẋ
    { 13, 20, 12, 0, 20, 33, 16772 }, // Ẍ
    { 11, 16, 11, 0, 16, 22, 16805 }, // ẍ
    { 12, 20, 12, 0, 20, 30, 16827 }, // Ẏ
    { 11, 21, 11, 0, 16, 29, 16857 }, // ẏ
    { 12, 20, 12, 0, 20, 30, 16886 }, // Ẑ
    { 9, 16, 10, 0, 16, 18, 16916 }, // ẑ
    { 12, 19, 12, 0, 15, 29, 16934 }, // Ẓ
    { 9, 16, 10, 0, 12, 18, 16963 }, // ẓ
    { 12, 19, 12, 0, 15, 29, 16981 }, // Ẕ
    { 9, 16, 10, 0, 12, 18, 17010 }, // ẕ
    { 11, 20, 13, 1, 16, 28, 17028 }, // ẖ
    { 8, 20, 8, 0, 19, 20, 17056 }, // ẗ
    { 17, 18, 16, 0, 18, 39, 17076 }, // ẘ
    { 11, 23, 11, 0, 18, 32, 17115 }, // ẙ
    { 12, 18, 12, 0, 17, 27, 17147 }, // ẚ
    { 7, 20, 7, 1, 20, 18, 17174 }, // ẛ
    { 8, 16, 7, 0, 16, 16, 17192 }, // ẜ
    { 8, 16, 7, 0, 16, 16, 17208 }, // ẝ
    { 14, 17, 15, 1, 16, 30, 17224 }, // ẞ
    { 12, 17, 13, 0, 16, 26, 17254 }, // ẟ
    { 14, 19, 13, 0, 15, 34, 17280 }, // Ạ
    { 10, 16, 12, 0, 12, 20, 17314 }, // ạ
    { 14, 22, 13, 0, 22, 39, 17334 }, // Ả
    { 10, 19, 12, 0, 18, 24, 17373 }, // ả
    { 14, 21, 13, 0, 21, 37, 17397 }, // Ấ
    { 12, 18, 12, 0, 17, 27, 17434 }, // ấ
    { 14, 21, 13, 0, 21, 37, 17461 }, // Ầ
    { 10, 18, 12, 0, 17, 23, 17498 }, // ầ
    { 14, 22, 13, 0, 22, 39, 17521 }, // Ẩ
    { 11, 20, 12, 0, 19, 28, 17560 }, // ẩ
    { 14, 22, 13, 0, 22, 39, 17588 }, // Ẫ
    { 10, 20, 12, 0, 19, 25, 17627 }, // ẫ
    { 14, 24, 13, 0, 20, 42, 17652 }, // Ậ
    { 10, 20, 12, 0, 16, 25, 17694 }, // ậ
    { 14, 22, 13, 0, 22, 39, 17719 }, // Ắ
    { 10, 19, 12, 0, 18, 24, 17758 }, // ắ
    { 14, 22, 13, 0, 22, 39, 17782 }, // Ằ
    { 10, 19, 12, 0, 18, 24, 17821 }, // ằ
    { 14, 22, 13, 0, 22, 39, 17845 }, // Ẳ
    { 10, 20, 12, 0, 19, 25, 17884 }, // ẳ
    { 14, 22, 13, 0, 22, 39, 17909 }, // Ẵ
    { 10, 20, 12, 0, 19, 25, 17948 }, // ẵ
    { 14, 24, 13, 0, 20, 42, 17973 }, // Ặ
    { 10, 20, 12, 0, 16, 25, 18015 }, // ặ
    { 9, 19, 12, 2, 15, 22, 18040 }, // Ẹ
    { 10, 16, 12, 1, 12, 20, 18062 }, // ẹ
    { 9, 22, 12, 2, 22, 25, 18082 }, // Ẻ
    { 10, 19, 12, 1, 18, 24, 18107 }, // ẻ
    { 9, 20, 12, 2, 20, 23, 18131 }, // Ẽ
    { 10, 17, 12, 1, 16, 22, 18154 }, // ẽ
    { 10, 21, 12, 2, 21, 27, 18176 }, // Ế
    { 11, 18, 12, 1, 17, 25, 18203 }, // ế
    { 11, 21, 12, 0, 21, 29, 18228 }, // Ề
    { 11, 18, 12, 0, 17, 25, 18257 }, // ề
    { 10, 22, 12, 2, 22, 28, 18282 }, // Ể
    { 10, 20, 12, 1, 19, 25, 18310 }, // ể
    { 9, 22, 12, 2, 22, 25, 18335 }, // Ễ
    { 10, 20, 12, 1, 19, 25, 18360 }, // ễ
    { 9, 24, 12, 2, 20, 27, 18385 }, // Ệ
    { 10, 20, 12, 1, 16, 25, 18412 }, // ệ
    { 7, 21, 7, 0, 21, 19, 18437 }, // Ỉ
    { 5, 18, 5, 1, 18, 12, 18456 }, // ỉ
    { 7, 19, 7, 0, 15, 17, 18468 }, // Ị
    { 3, 20, 5, 1, 16, 8, 18485 }, // ị
    { 14, 20, 16, 1, 16, 35, 18493 }, // Ọ
    { 11, 16, 13, 1, 12, 22, 18528 }, // ọ
    { 14, 22, 16, 1, 21, 39, 18550 }, // Ỏ
    { 11, 19, 13, 1, 18, 27, 18589 }, // ỏ
    { 14, 22, 16, 1, 21, 39, 18616 }, // Ố
    { 11, 18, 13, 1, 17, 25, 18655 }, // ố
    { 14, 22, 16, 1, 21, 39, 18680 }, // Ồ
    { 12, 18, 13, 0, 17, 27, 18719 }, // ồ
    { 14, 23, 16, 1, 22, 41, 18746 }, // Ổ
    { 11, 20, 13, 1, 19, 28, 18787 }, // ổ
    { 14, 23, 16, 1, 22, 41, 18815 }, // Ỗ
    { 11, 20, 13, 1, 19, 28, 18856 }, // ỗ
    { 14, 24, 16, 1, 20, 42, 18884 }, // Ộ
    { 11, 20, 13, 1, 16, 28, 18926 }, // ộ
    { 16, 21, 16, 1, 20, 42, 18954 }, // Ớ
    { 13, 17, 13, 1, 16, 28, 18996 }, // ớ
    { 16, 21, 16, 1, 20, 42, 19024 }, // Ờ
    { 13, 17, 13, 1, 16, 28, 19066 }, // ờ
    { 16, 23, 16, 1, 22, 46, 19094 }, // Ở
    { 13, 19, 13, 1, 18, 31, 19140 }, // ở
    { 16, 21, 16, 1, 20, 42, 19171 }, // Ỡ
    { 13, 17, 13, 1, 16, 28, 19213 }, // ỡ
    { 16, 20, 16, 1, 16, 40, 19241 }, // Ợ
    { 13, 17, 13, 1, 13, 28, 19281 }, // ợ
    { 13, 19, 15, 1, 15, 31, 19309 }, // Ụ
    { 11, 16, 13, 1, 12, 22, 19340 }, // ụ
    { 13, 22, 15, 1, 21, 36, 19362 }, // Ủ
    { 11, 19, 13, 1, 18, 27, 19398 }, // ủ
    { 17, 21, 16, 1, 20, 45, 19425 }, // Ứ
    { 14, 17, 14, 1, 16, 30, 19470 }, // ứ
    { 17, 21, 16, 1, 20, 45, 19500 }, // Ừ
    { 14, 17, 14, 1, 16, 30, 19545 }, // ừ
    { 17, 22, 16, 1, 21, 47, 19575 }, // Ử
    { 14, 19, 14, 1, 18, 34, 19622 }, // ử
    { 17, 21, 16, 1, 20, 45, 19656 }, // Ữ
    { 14, 17, 14, 1, 16, 30, 19701 }, // ữ
    { 17, 20, 16, 1, 16, 43, 19731 }, // Ự
    { 14, 17, 14, 1, 13, 30, 19774 }, // ự
    { 12, 20, 12, 0, 20, 30, 19804 }, // Ỳ
    { 11, 21, 11, 0, 16, 29, 19834 }, // ỳ
    { 12, 19, 12, 0, 15, 29, 19863 }, // Ỵ
    { 11, 17, 11, 0, 12, 24, 19892 }, // ỵ
    { 12, 21, 12, 0, 21, 32, 19916 }, // Ỷ
    { 11, 23, 11, 0, 18, 32, 19948 }, // ỷ
    { 12, 20, 12, 0, 20, 30, 19980 }, // Ỹ
    { 11, 21, 11, 0, 16, 29, 20010 }, // ỹ
    { 14, 15, 16, 2, 15, 27, 20039 }, // Ỻ
    { 11, 16, 11, 0, 16, 22, 20066 }, // ỻ
    { 13, 16, 15, 1, 15, 26, 20088 }, // Ỽ
    { 11, 17, 12, 1, 16, 24, 20114 }, // ỽ
    { 13, 16, 13, 0, 15, 26, 20138 }, // Ỿ
    { 12, 17, 11, -1, 12, 26, 20164 }, // ỿ
    { 0, 0, 10, 0, 0, 0, 20190 }, //  
    { 0, 0, 21, 0, 0, 0, 20190 }, //  
    { 0, 0, 10, 0, 0, 0, 20190 }, //  
    { 0, 0, 21, 0, 0, 0, 20190 }, //  
    { 0, 0, 7, 0, 0, 0, 20190 }, //  
    { 0, 0, 5, 0, 0, 0, 20190 }, //  
    { 0, 0, 3, 0, 0, 0, 20190 }, //  
    { 0, 0, 12, 0, 0, 0, 20190 }, //  
    { 0, 0, 6, 0, 0, 0, 20190 }, //  
    { 0, 0, 3, 0, 0, 0, 20190 }, //  
    { 0, 0, 2, 0, 0, 0, 20190 }, //  
    { 0, 0, 0, 0, 0, 0, 20190 }, // ​
    { 0, 0, 0, 0, 0, 0, 20190 }, // ‌
    { 0, 0, 0, 0, 0, 0, 20190 }, // ‍
    { 6, 18, 0, -1, 15, 14, 20190 }, // ‎
    { 6, 18, 0, -5, 15, 14, 20204 }, // ‏
    { 6, 3, 7, 0, 7, 3, 20218 }, // ‐
    { 6, 3, 7, 0, 7, 3, 20221 }, // ‑
    { 12, 3, 12, 0, 9, 5, 20224 }, // ‒
    { 10, 3, 10, 0, 7, 4, 20229 }, // –
    { 20, 3, 21, 0, 7, 8, 20233 }, // —
    { 20, 3, 21, 0, 7, 8, 20241 }, // ―
    { 7, 22, 11, 2, 16, 20, 20249 }, // ‖
    { 10, 5, 9, -1, 0, 7, 20269 }, // ‗
    { 4, 6, 4, 0, 15, 3, 20276 }, // ‘
    { 4, 6, 4, 0, 15, 3, 20279 }, // ’
    { 4, 6, 5, 0, 3, 3, 20282 }, // ‚
    { 4, 6, 4, 0, 15, 3, 20285 }, // ‛
    { 8, 6, 7, 0, 15, 6, 20288 }, // “
    { 8, 6, 7, 0, 15, 6, 20294 }, // ”
    { 8, 6, 9, 0, 3, 6, 20300 }, // „
    { 8, 6, 7, 0, 15, 6, 20306 }, // ‟
    { 9, 16, 11, 1, 16, 18, 20312 }, // †
    { 9, 16, 11, 1, 16, 18, 20330 }, // ‡
    { 6, 6, 8, 1, 11, 5, 20348 }, // •
    { 6, 7, 8, 1, 11, 6, 20353 }, // ‣
    { 4, 4, 10, 3, 3, 2, 20359 }, // ․
    { 9, 4, 11, 1, 3, 5, 20361 }, // ‥
    { 14, 4, 16, 1, 3, 7, 20366 }, // …
    { 4, 4, 6, 1, 7, 2, 20373 }, // ‧
    { 0, 0, 13, 0, 0, 0, 20375 }, //  
    { 0, 0, 13, 0, 0, 0, 20375 }, //  
    { 6, 16, 0, -1, 13, 12, 20375 }, // ‪
    { 6, 16, 0, -5, 13, 12, 20387 }, // ‫
    { 6, 18, 0, -3, 15, 14, 20399 }, // ‬
    { 6, 18, 0, -3, 15, 14, 20413 }, // ‭
    { 6, 18, 0, -3, 15, 14, 20427 }, // ‮
    { 0, 0, 3, 0, 0, 0, 20441 }, //  
    { 23, 17, 25, 1, 16, 49, 20441 }, // ‰
    { 32, 17, 32, 0, 16, 68, 20490 }, // ‱
    { 6, 6, 5, 0, 15, 5, 20558 }, // ′
    { 10, 6, 9, 0, 15, 8, 20563 }, // ″
    { 13, 6, 12, 0, 15, 10, 20571 }, // ‴
    { 6, 6, 5, -1, 15, 5, 20581 }, // ‵
    { 9, 6, 9, -1, 15, 7, 20586 }, // ‶
    { 12, 6, 13, -1, 15, 9, 20593 }, // ‷
    { 8, 7, 8, 0, 2, 7, 20602 }, // ‸
    { 6, 9, 6, 0, 10, 7, 20609 }, // ‹
    { 6, 9, 6, 0, 10, 7, 20616 }, // ›
    { 16, 17, 17, 1, 16, 34, 20623 }, // ※
    { 8, 16, 10, 1, 15, 16, 20657 }, // ‼
    { 9, 17, 9, 0, 16, 20, 20673 }, // ‽
    { 12, 3, 10, -1, 18, 5, 20693 }, // ‾
    { 13, 5, 13, 0, 0, 9, 20698 }, // ‿
    { 13, 5, 13, 0, 17, 9, 20707 }, // ⁀
    { 8, 14, 8, 0, 9, 14, 20716 }, // ⁁
    { 23, 19, 23, 0, 16, 55, 20730 }, // ⁂
    { 6, 3, 7, 0, 7, 3, 20785 }, // ⁃
    { 11, 15, 3, -4, 15, 21, 20788 }, // ⁄
    { 6, 19, 7, 1, 15, 15, 20809 }, // ⁅
    { 6, 19, 7, 0, 15, 15, 20824 }, // ⁆
    { 18, 17, 18, 0, 16, 39, 20839 }, // ⁇
    { 13, 17, 14, 0, 16, 28, 20878 }, // ⁈
    { 13, 17, 14, 1, 16, 28, 20906 }, // ⁉
    { 11, 12, 12, 0, 12, 17, 20934 }, // ⁊
    { 12, 19, 14, 1, 16, 29, 20951 }, // ⁋
    { 11, 12, 13, 1, 12, 17, 20980 }, // ⁌
    { 12, 12, 13, 1, 12, 18, 20997 }, // ⁍
    { 11, 10, 11, 0, 5, 14, 21015 }, // ⁎
    { 5, 15, 5, 0, 12, 10, 21029 }, // ⁏
    { 13, 22, 13, 0, 17, 36, 21039 }, // ⁐
    { 11, 21, 11, 0, 16, 29, 21075 }, // ⁑
    { 8, 17, 8, 0, 16, 17, 21104 }, // ⁒
    { 19, 4, 21, 1, 8, 10, 21121 }, // ⁓
    { 13, 5, 13, 0, 0, 9, 21131 }, // ⁔
    { 12, 12, 12, 0, 11, 18, 21140 }, // ⁕
    { 9, 17, 11, 1, 16, 20, 21158 }, // ⁖
    { 16, 6, 15, 0, 15, 12, 21178 }, // ⁗
    { 16, 17, 17, 1, 16, 34, 21190 }, // ⁘
    { 16, 17, 17, 1, 16, 34, 21224 }, // ⁙
    { 3, 17, 5, 1, 16, 7, 21258 }, // ⁚
    { 12, 17, 14, 1, 16, 26, 21265 }, // ⁛
    { 16, 17, 17, 0, 16, 34, 21291 }, // ⁜
    { 4, 16, 6, 1, 15, 8, 21325 }, // ⁝
    { 4, 17, 6, 1, 16, 9, 21333 }, // ⁞
    { 0, 0, 5, 0, 0, 0, 21342 }, //  
    { 0, 0, 13, 0, 0, 0, 21342 }, // ⁠
    { 0, 0, 13, 0, 0, 0, 21342 }, // ⁡
    { 0, 0, 13, 0, 0, 0, 21342 }, // ⁢
    { 0, 0, 13, 0, 0, 0, 21342 }, // ⁣
    { 0, 0, 13, 0, 0, 0, 21342 }, // ⁤
    { 0, 0, 0, 0, 0, 0, 21342 }, // ⁦
    { 0, 0, 0, 0, 0, 0, 21342 }, // ⁧
    { 0, 0, 0, 0, 0, 0, 21342 }, // ⁨
    { 0, 0, 0, 0, 0, 0, 21342 }, // ⁩
    { 6, 18, 0, -3, 15, 14, 21342 }, // ⁪
    { 6, 18, 0, -3, 15, 14, 21356 }, // ⁫
    { 6, 18, 0, -3, 15, 14, 21370 }, // ⁬
    { 6, 18, 0, -3, 15, 14, 21384 }, // ⁭
    { 6, 18, 0, -3, 15, 14, 21398 }, // ⁮
    { 6, 18, 0, -3, 15, 14, 21412 }, // ⁯
    { 12, 16, 12, 0, 16, 24, 21426 }, // ₠
    { 11, 18, 12, 1, 16, 25, 21450 }, // ₡
    { 11, 17, 12, 1, 16, 24, 21475 }, // ₢
    { 11, 15, 12, 0, 15, 21, 21499 }, // ₣
    { 12, 16, 12, 0, 16, 24, 21520 }, // ₤
    { 17, 17, 19, 1, 14, 37, 21544 }, // ₥
    { 12, 15, 12, 0, 15, 23, 21581 }, // ₦
    { 15, 16, 16, 1, 15, 30, 21604 }, // ₧
    { 16, 16, 17, 1, 15, 32, 21634 }, // ₨
    { 14, 15, 14, 0, 15, 27, 21666 }, // ₩
    { 14, 15, 17, 1, 15, 27, 21693 }, // ₪
    { 12, 20, 13, 1, 16, 30, 21720 }, // ₫
    { 12, 17, 12, 0, 16, 26, 21750 }, // €
    { 12, 15, 12, 0, 15, 23, 21776 }, // ₭
    { 12, 15, 12, 0, 15, 23, 21799 }, // ₮
    { 20, 21, 20, 0, 16, 53, 21822 }, // ₯
    { 11, 21, 12, 0, 16, 29, 21875 }, // ₰
    { 12, 15, 12, 0, 15, 23, 21904 }, // ₱
    { 13, 18, 15, 1, 16, 30, 21927 }, // ₲
    { 13, 15, 13, 0, 15, 25, 21957 }, // ₳
    { 12, 17, 11, 0, 16, 26, 21982 }, // ₴
    { 12, 18, 13, 1, 16, 27, 22008 }, // ₵
    { 13, 15, 13, 0, 14, 25, 22035 }, // ₶
    { 15, 18, 15, 0, 16, 34, 22060 }, // ₷
    { 12, 15, 11, 0, 15, 23, 22094 }, // ₸
    { 10, 15, 12, 1, 15, 19, 22117 }, // ₹
    { 12, 16, 12, 0, 15, 24, 22136 }, // ₺
    { 16, 17, 16, 0, 16, 34, 22160 }, // ₻
    { 15, 15, 17, 1, 15, 29, 22194 }, // ₼
    { 12, 15, 12, 0, 15, 23, 22223 }, // ₽
    { 14, 17, 16, 1, 17, 30, 22246 }, // ₾
    { 10, 20, 12, 2, 17, 25, 22276 }, // ₿
    { 9, 16, 10, 1, 12, 18, 22301 }, // ⃀
    { 20, 20, 21, 0, 16, 50, 22319 }, // �
};

static const EpdUnicodeInterval ubuntu_10_regularIntervals[] = {
    { 0x0, 0x0, 0x0 },
    { 0xD, 0xD, 0x1 },
    { 0x20, 0x7E, 0x2 },
    { 0xA0, 0xFF, 0x61 },
    { 0x100, 0x17F, 0xC1 },
    { 0x180, 0x24F, 0x141 },
    { 0x1E00, 0x1EFF, 0x211 },
    { 0x2000, 0x2064, 0x311 },
    { 0x2066, 0x206F, 0x376 },
    { 0x20A0, 0x20C0, 0x380 },
    { 0xFFFD, 0xFFFD, 0x3A1 },
};

static const EpdFontData ubuntu_10_regular = {
    ubuntu_10_regularBitmaps,
    ubuntu_10_regularGlyphs,
    ubuntu_10_regularIntervals,
    11,
    28,
    23,
    -7,
    false,
};
