/**
 * generated by fontconvert.py
 * name: ubuntu_10_bold
 * size: 10
 * mode: 1-bit
 * Command used: fontconvert.py ubuntu_10_bold 10 ../builtinFonts/source/NotoSans/NotoSans-Bold.ttf --additional-intervals 0x0180,0x024F --additional-intervals 0x1E00,0x1EFF
 */
#pragma once
#include "EpdFontData.h"

static const uint8_t ubuntu_10_boldBitmaps[24681] = {
    0xFF, 0xFF, 0xFF, 0xFF, 0xFF, 0x64, 0xFF, 0xF6, 0xFF, 0xFF, 0xE7, 0xE7, 0xE7, 0xE7, 0x0E, 0x70,
    0x73, 0x03, 0xB8, 0x1D, 0xC7, 0xFF, 0xBF, 0xFD, 0xFF, 0xE3, 0xB8, 0xFF, 0xF7, 0xFF, 0xFF, 0xFE,
    0x73, 0x83, 0xB8, 0x1D, 0xC0, 0xEE, 0x00, 0x06, 0x00, 0xF0, 0x3F, 0xE7, 0xFE, 0x7F, 0xE7, 0x60,
    0x7E, 0x07, 0xF0, 0x3F, 0xC0, 0xFE, 0x07, 0xE4, 0x6E, 0x7F, 0xE7, 0xFE, 0x7F, 0xC0, 0xE0, 0x06,
    0x00, 0x60, 0x00, 0x00, 0x07, 0xC1, 0xC1, 0xF8, 0x70, 0x3F, 0x8E, 0x0F, 0x73, 0x81, 0xCE, 0xF0,
    0x3D, 0xDC, 0x87, 0xBF, 0xFC, 0x7F, 0xFF, 0xC7, 0xFB, 0xB8, 0x67, 0x77, 0x01, 0xCE, 0xF0, 0x39,
    0xDC, 0x0E, 0x3B, 0x83, 0xC7, 0xF0, 0x70, 0x7C, 0x00, 0x02, 0x00, 0x00, 0x00, 0x1F, 0xC0, 0x3F,
    0xE0, 0x3F, 0xE0, 0x39, 0xE0, 0x3D, 0xE0, 0x3F, 0xC0, 0x1F, 0x80, 0x3F, 0x1E, 0x7F, 0x9E, 0x7B,
    0xFE, 0xF9, 0xFC, 0xF8, 0xF8, 0x7F, 0xFC, 0x7F, 0xFE, 0x3F, 0xDF, 0x06, 0x00, 0xFF, 0xEE, 0xEE,
    0x1E, 0x78, 0xE1, 0xC7, 0x8E, 0x1C, 0x38, 0xF1, 0xE3, 0xC3, 0x87, 0x0F, 0x1E, 0x1C, 0x3C, 0x38,
    0x30, 0x70, 0xF0, 0xE1, 0xE3, 0xC3, 0x87, 0x0F, 0x1E, 0x3C, 0x78, 0xE1, 0xC3, 0x8F, 0x1C, 0x78,
    0xE1, 0x80, 0x0E, 0x01, 0xC0, 0x38, 0x3F, 0xFF, 0xFF, 0xFF, 0xC7, 0xC1, 0xFC, 0x3B, 0xC3, 0x30,
    0x06, 0x01, 0xC0, 0x38, 0x07, 0x07, 0xFE, 0xFF, 0xDF, 0xF8, 0x70, 0x0E, 0x01, 0xC0, 0x18, 0x00,
    0x7B, 0xDE, 0xE7, 0x70, 0xFD, 0xFB, 0xF0, 0x4F, 0xFF, 0x60, 0x07, 0x83, 0x83, 0xC1, 0xE0, 0xE0,
    0xF0, 0x78, 0x38, 0x3C, 0x1C, 0x1E, 0x0F, 0x07, 0x07, 0x83, 0xC0, 0xC0, 0x00, 0x01, 0xF8, 0x3F,
    0xC7, 0xFE, 0x79, 0xE7, 0x1E, 0xF0, 0xEF, 0x0E, 0xF0, 0xFF, 0x0E, 0xF0, 0xE7, 0x1E, 0x79, 0xE7,
    0xFE, 0x3F, 0xC1, 0xF8, 0x06, 0x00, 0x0F, 0x1F, 0x7F, 0xFF, 0xFF, 0x6F, 0x0F, 0x0F, 0x0F, 0x0F,
    0x0F, 0x0F, 0x0F, 0x0F, 0x0F, 0x00, 0x03, 0xF8, 0x7F, 0xC7, 0xFE, 0x31, 0xE0, 0x1E, 0x01, 0xE0,
    0x3E, 0x03, 0xC0, 0x78, 0x0F, 0x01, 0xE0, 0x3C, 0x07, 0xFF, 0xFF, 0xFF, 0xFF, 0x00, 0x03, 0xF8,
    0x7F, 0xC7, 0xFE, 0x21, 0xE0, 0x1E, 0x03, 0xC1, 0xFC, 0x1F, 0xC1, 0xFE, 0x01, 0xE0, 0x1E, 0x01,
    0xEF, 0xFE, 0xFF, 0xE7, 0xF8, 0x0C, 0x00, 0x03, 0xC0, 0x3C, 0x07, 0xC0, 0xFC, 0x1F, 0xC1, 0xFC,
    0x3F, 0xC7, 0xBC, 0x73, 0xCF, 0xFF, 0xFF, 0xFF, 0xFF, 0x03, 0xC0, 0x3C, 0x03, 0xC0, 0xFF, 0xBF,
    0xEF, 0xFB, 0xC0, 0xF0, 0x3F, 0x8F, 0xFB, 0xFF, 0x67, 0xC0, 0xF0, 0x3C, 0x0F, 0xFF, 0xFF, 0xEF,
    0xF0, 0x60, 0x00, 0x00, 0xFE, 0x1F, 0xE3, 0xFC, 0x78, 0x07, 0x80, 0x77, 0x87, 0xFC, 0xFF, 0xEF,
    0x9E, 0xF0, 0xF7, 0x0F, 0x78, 0xE7, 0xFE, 0x3F, 0xE1, 0xFC, 0x06, 0x00, 0xFF, 0xFF, 0xFF, 0xFF,
    0xE0, 0x1E, 0x01, 0xE0, 0x3C, 0x03, 0xC0, 0x78, 0x07, 0x80, 0xF0, 0x0F, 0x00, 0xF0, 0x1E, 0x01,
    0xE0, 0x3C, 0x00, 0x00, 0x01, 0xF8, 0x7F, 0xC7, 0xFE, 0x79, 0xE7, 0x9E, 0x7F, 0xE3, 0xFC, 0x3F,
    0x87, 0xFC, 0x79, 0xEF, 0x0E, 0xF0, 0xF7, 0xFE, 0x7F, 0xE3, 0xFC, 0x06, 0x00, 0x00, 0x01, 0xF8,
    0x7F, 0xC7, 0xFE, 0xF1, 0xEF, 0x0E, 0xF0, 0xEF, 0x1F, 0x7F, 0xE7, 0xFE, 0x3E, 0xE0, 0x1E, 0x01,
    0xE7, 0xFC, 0x7F, 0x87, 0xF0, 0x38, 0x00, 0x6F, 0xFF, 0x00, 0x00, 0x4F, 0xFF, 0x60, 0x33, 0xDE,
    0xF0, 0x00, 0x00, 0x03, 0xDE, 0xF7, 0x3B, 0x80, 0x00, 0x00, 0x0C, 0x07, 0x83, 0xF1, 0xFC, 0xFC,
    0x1E, 0x03, 0xF0, 0x3F, 0xC0, 0xFC, 0x07, 0x80, 0x30, 0x7F, 0xEF, 0xFD, 0xFF, 0x80, 0x07, 0xFE,
    0xFF, 0xDF, 0xF8, 0x00, 0x0C, 0x01, 0xE0, 0x3F, 0x03, 0xF8, 0x0F, 0xC0, 0x78, 0x3F, 0x3F, 0xCF,
    0xC1, 0xE0, 0x30, 0x00, 0x00, 0x1F, 0xCF, 0xFB, 0xFF, 0x43, 0xC0, 0xF0, 0x78, 0x3E, 0x1F, 0x07,
    0x01, 0xC0, 0x60, 0x08, 0x0F, 0x03, 0xC0, 0xF0, 0x08, 0x00, 0x03, 0xFC, 0x03, 0xFF, 0x81, 0xF0,
    0xF0, 0xF0, 0x0E, 0x39, 0xFF, 0xDC, 0xFF, 0x77, 0x79, 0xDD, 0xDC, 0x77, 0x77, 0x3D, 0xDD, 0xCF,
    0x77, 0x7F, 0xF9, 0xCF, 0xFE, 0x79, 0xEF, 0x0F, 0x00, 0x01, 0xFF, 0xC0, 0x3F, 0xF0, 0x03, 0xF8,
    0x00, 0x07, 0xC0, 0x1F, 0x80, 0x3F, 0x00, 0x7F, 0x01, 0xFE, 0x03, 0xDC, 0x07, 0x3C, 0x1E, 0x78,
    0x3F, 0xF0, 0x7F, 0xF1, 0xFF, 0xE3, 0xFF, 0xEF, 0x83, 0xDE, 0x07, 0xBC, 0x0F, 0x80, 0xFF, 0xCF,
    0xFE, 0xFF, 0xFF, 0x0F, 0xF0, 0xFF, 0x1E, 0xFF, 0xEF, 0xFE, 0xFF, 0xFF, 0x0F, 0xF0, 0xFF, 0x0F,
    0xFF, 0xFF, 0xFE, 0xFF, 0xC0, 0x00, 0x01, 0xFF, 0x3F, 0xF7, 0xFE, 0x78, 0x2F, 0x80, 0xF0, 0x0F,
    0x00, 0xF0, 0x0F, 0x00, 0xF0, 0x0F, 0x00, 0xF8, 0x07, 0xFF, 0x3F, 0xF1, 0xFE, 0x03, 0x00, 0xFF,
    0xC3, 0xFF, 0x8F, 0xFF, 0x3C, 0x3E, 0xF0, 0x7B, 0xC1, 0xEF, 0x07, 0xBC, 0x1E, 0xF0, 0x7B, 0xC1,
    0xEF, 0x07, 0xBC, 0x3E, 0xFF, 0xF3, 0xFF, 0x8F, 0xFC, 0x00, 0x7F, 0xFF, 0xFF, 0xFF, 0xC0, 0xF0,
    0x3C, 0x0F, 0xFB, 0xFE, 0xFF, 0xBC, 0x0F, 0x03, 0xC0, 0xFF, 0xFF, 0xFF, 0xFC, 0x7F, 0xFF, 0xFF,
    0xFF, 0xC0, 0xF0, 0x3C, 0x0F, 0xFB, 0xFE, 0xFF, 0xBF, 0xEF, 0x03, 0xC0, 0xF0, 0x3C, 0x0F, 0x00,
    0x00, 0x00, 0x7F, 0x8F, 0xFE, 0xFF, 0xE7, 0xC0, 0x7C, 0x03, 0xC0, 0x1E, 0x7F, 0xF3, 0xFF, 0x9F,
    0xFC, 0xFF, 0xE0, 0xF7, 0x87, 0xBF, 0xFC, 0xFF, 0xE3, 0xFF, 0x03, 0x80, 0x70, 0x3B, 0xC0, 0xEF,
    0x03, 0xBC, 0x0E, 0xF0, 0x3B, 0xC1, 0xEF, 0xFF, 0xBF, 0xFE, 0xFF, 0xFB, 0xC0, 0xEF, 0x03, 0xBC,
    0x0E, 0xF0, 0x3B, 0xC0, 0xEF, 0x03, 0x80, 0xFF, 0xFF, 0x7E, 0x3C, 0x3C, 0x3C, 0x3C, 0x3C, 0x3C,
    0x3C, 0x3C, 0x3C, 0x7E, 0xFF, 0xFF, 0x0E, 0x1E, 0x1E, 0x1E, 0x1E, 0x1E, 0x1E, 0x1E, 0x1E, 0x1E,
    0x1E, 0x1E, 0x1E, 0x1E, 0x1E, 0x1E, 0xFE, 0xFE, 0xFC, 0x70, 0x70, 0x7F, 0x87, 0xBC, 0x79, 0xE7,
    0xCF, 0x7C, 0x7B, 0xC3, 0xFC, 0x1F, 0xF0, 0xFF, 0x87, 0xFE, 0x3C, 0xF1, 0xE3, 0xCF, 0x1F, 0x78,
    0x7B, 0xC1, 0xE0, 0xF0, 0x3C, 0x0F, 0x03, 0xC0, 0xF0, 0x3C, 0x0F, 0x03, 0xC0, 0xF0, 0x3C, 0x0F,
    0x03, 0xC0, 0xFF, 0xFF, 0xFF, 0xFC, 0x7C, 0x0F, 0xFE, 0x07, 0xFF, 0x07, 0xFF, 0xC3, 0xFF, 0xE1,
    0xFF, 0xF1, 0xFF, 0xFC, 0xFF, 0xFE, 0x7F, 0xF7, 0x7F, 0xFB, 0xBB, 0xFD, 0xFD, 0xFE, 0x7E, 0xFF,
    0x3E, 0x7F, 0x9F, 0x3F, 0xC7, 0x9E, 0x78, 0x1D, 0xF8, 0x3B, 0xF8, 0x77, 0xF0, 0xEF, 0xF1, 0xDF,
    0xE3, 0xBD, 0xE7, 0x7B, 0xEE, 0xF3, 0xDD, 0xE7, 0xFB, 0xC7, 0xF7, 0x87, 0xEF, 0x0F, 0xDE, 0x0F,
    0xBC, 0x1F, 0x00, 0x00, 0x00, 0x3F, 0xC0, 0xFF, 0xE3, 0xFF, 0xC7, 0x87, 0xDE, 0x07, 0xBC, 0x0F,
    0xF8, 0x0F, 0xF0, 0x1F, 0xE0, 0x3F, 0xC0, 0xFF, 0x81, 0xEF, 0x87, 0xCF, 0xFF, 0x0F, 0xFE, 0x0F,
    0xF0, 0x03, 0x80, 0xFF, 0x8F, 0xFC, 0xFF, 0xEF, 0x1E, 0xF1, 0xEF, 0x1E, 0xF3, 0xEF, 0xFE, 0xFF,
    0xCF, 0xF8, 0xF0, 0x0F, 0x00, 0xF0, 0x0F, 0x00, 0xF0, 0x00, 0x00, 0x00, 0x3F, 0xC0, 0xFF, 0xE3,
    0xFF, 0xC7, 0x87, 0xDE, 0x07, 0xBC, 0x0F, 0xF8, 0x0F, 0xF0, 0x1F, 0xE0, 0x3F, 0xC0, 0xFF, 0x81,
    0xEF, 0x87, 0xCF, 0xFF, 0x0F, 0xFE, 0x0F, 0xF8, 0x03, 0xF0, 0x01, 0xF0, 0x01, 0xF0, 0x01, 0xE0,
    0xFF, 0x87, 0xFF, 0x3F, 0xF9, 0xE3, 0xCF, 0x0F, 0x78, 0xF3, 0xFF, 0x9F, 0xF8, 0xFF, 0x87, 0xFE,
    0x3C, 0xF1, 0xE3, 0xCF, 0x1E, 0x78, 0x7B, 0xC3, 0xE0, 0x00, 0x03, 0xF8, 0xFF, 0xBF, 0xE7, 0x84,
    0xF0, 0x1F, 0x03, 0xF8, 0x3F, 0x81, 0xF8, 0x0F, 0x80, 0xF4, 0x1E, 0xFF, 0xDF, 0xF3, 0xFC, 0x0C,
    0x00, 0xFF, 0xFF, 0xFF, 0xFF, 0xF0, 0xF0, 0x0F, 0x00, 0xF0, 0x0F, 0x00, 0xF0, 0x0F, 0x00, 0xF0,
    0x0F, 0x00, 0xF0, 0x0F, 0x00, 0xF0, 0x0F, 0x00, 0xF0, 0x7F, 0x83, 0xFC, 0x1F, 0xE0, 0xFF, 0x07,
    0xF8, 0x3F, 0xC1, 0xFE, 0x0F, 0xF0, 0x7F, 0x83, 0xFC, 0x1E, 0xF0, 0xF7, 0xFF, 0x9F, 0xF8, 0x7F,
    0x80, 0x60, 0xF0, 0x3F, 0xC0, 0xEF, 0x07, 0x9E, 0x1E, 0x78, 0x71, 0xE3, 0xC3, 0xCF, 0x0F, 0x38,
    0x3D, 0xE0, 0x7F, 0x81, 0xFC, 0x07, 0xF0, 0x0F, 0xC0, 0x3E, 0x00, 0xF8, 0x00, 0xF0, 0xF0, 0x77,
    0x87, 0x87, 0xBC, 0x3E, 0x3D, 0xE3, 0xF1, 0xE7, 0x9F, 0x8E, 0x3C, 0xFC, 0xF1, 0xE7, 0xF7, 0x87,
    0x7F, 0xBC, 0x3B, 0x9D, 0xC1, 0xFC, 0xFE, 0x0F, 0xE7, 0xF0, 0x3F, 0x3F, 0x81, 0xF0, 0xF8, 0x0F,
    0x87, 0xC0, 0x7C, 0x3E, 0x00, 0xF8, 0x7D, 0xE1, 0xE7, 0xCF, 0x0F, 0x3C, 0x1F, 0xE0, 0x7F, 0x80,
    0xFC, 0x03, 0xE0, 0x0F, 0xC0, 0x7F, 0x81, 0xFE, 0x0F, 0x3C, 0x7C, 0xF9, 0xE1, 0xEF, 0x07, 0xC0,
    0xF0, 0x7B, 0xE1, 0xE7, 0x8F, 0x1F, 0x3C, 0x3D, 0xE0, 0xFF, 0x81, 0xFC, 0x03, 0xE0, 0x0F, 0x80,
    0x1E, 0x00, 0x78, 0x01, 0xE0, 0x07, 0x80, 0x1E, 0x00, 0x78, 0x00, 0xFF, 0xFF, 0xFF, 0xFF, 0xF0,
    0x1E, 0x03, 0xC0, 0x78, 0x07, 0x80, 0xF0, 0x1E, 0x03, 0xE0, 0x3C, 0x07, 0x80, 0xFF, 0xFF, 0xFF,
    0xFF, 0xF0, 0xFF, 0xFF, 0xB8, 0xE3, 0x8E, 0x38, 0xE3, 0x8E, 0x38, 0xE3, 0x8E, 0x38, 0xFF, 0xFF,
    0x80, 0xF0, 0x78, 0x1C, 0x0F, 0x07, 0x81, 0xC0, 0xF0, 0x78, 0x1C, 0x0F, 0x03, 0x81, 0xE0, 0xF0,
    0x38, 0x1E, 0x06, 0xFF, 0xFF, 0xCF, 0x3C, 0xF3, 0xCF, 0x3C, 0xF3, 0xCF, 0x3C, 0xF3, 0xCF, 0xFF,
    0xFF, 0xC0, 0x0E, 0x00, 0xF0, 0x1F, 0x01, 0xF8, 0x3F, 0x83, 0xBC, 0x39, 0xC7, 0x1E, 0x70, 0xEE,
    0x0F, 0x7F, 0x9F, 0xF7, 0xFC, 0x78, 0x78, 0x78, 0x70, 0x1F, 0x87, 0xF8, 0xFF, 0x88, 0xF0, 0x1E,
    0x7F, 0xDF, 0xFB, 0xCF, 0xF1, 0xEF, 0x7D, 0xFF, 0x9F, 0xF0, 0x80, 0xF0, 0x0F, 0x00, 0xF0, 0x0F,
    0x00, 0xF7, 0x8F, 0xFC, 0xFF, 0xEF, 0x9E, 0xF1, 0xEF, 0x0F, 0xF0, 0xFF, 0x0E, 0xF1, 0xEF, 0xFE,
    0xFF, 0xEF, 0xFC, 0x03, 0x00, 0x0F, 0x87, 0xF8, 0xFF, 0x3E, 0x67, 0x80, 0xF0, 0x1E, 0x03, 0xC0,
    0x78, 0x0F, 0xF8, 0xFF, 0x0F, 0xE0, 0x70, 0x00, 0xF0, 0x0F, 0x00, 0xF0, 0x0F, 0x1E, 0xF3, 0xFF,
    0x7F, 0xF7, 0xDF, 0x78, 0xF7, 0x8F, 0x78, 0xF7, 0x8F, 0x78, 0xF7, 0xFF, 0x3F, 0xF3, 0xF7, 0x0C,
    0x00, 0x0F, 0x83, 0xFC, 0x3F, 0xE7, 0x8F, 0x78, 0xF7, 0xFF, 0x7F, 0xF7, 0x80, 0x78, 0x07, 0xFE,
    0x3F, 0xE1, 0xFE, 0x03, 0x00, 0x1F, 0x9F, 0xCF, 0xE7, 0x83, 0xF7, 0xFB, 0xFC, 0x78, 0x3C, 0x1E,
    0x0F, 0x07, 0x83, 0xC1, 0xE0, 0xF0, 0x78, 0x1E, 0x73, 0xFF, 0x7F, 0xF7, 0xDF, 0x78, 0xF7, 0x8F,
    0x78, 0xF7, 0x8F, 0x78, 0xF7, 0xFF, 0x3F, 0xF3, 0xFF, 0x0C, 0xF0, 0x0F, 0x7F, 0xF7, 0xFE, 0x7F,
    0xC0, 0xF0, 0x0F, 0x00, 0xF0, 0x0F, 0x00, 0xF7, 0x8F, 0xFC, 0xFF, 0xEF, 0x9E, 0xF1, 0xEF, 0x0E,
    0xF0, 0xEF, 0x0E, 0xF0, 0xEF, 0x0E, 0xF0, 0xEF, 0x0E, 0xFF, 0xF2, 0xFF, 0xFF, 0xFF, 0xFF, 0xFF,
    0xFF, 0x1E, 0x3C, 0x78, 0x61, 0xE3, 0xC7, 0x8F, 0x1E, 0x3C, 0x78, 0xF1, 0xE3, 0xC7, 0x8F, 0x1E,
    0x3D, 0xFB, 0xF7, 0xC0, 0xF0, 0x0F, 0x00, 0xF0, 0x0F, 0x00, 0xF0, 0xFF, 0x1E, 0xF3, 0xCF, 0x78,
    0xFF, 0x8F, 0xF0, 0xFF, 0x0F, 0xF8, 0xF7, 0xCF, 0x3C, 0xF1, 0xEF, 0x0F, 0xFF, 0xFF, 0xFF, 0xFF,
    0xFF, 0xFF, 0xFF, 0xFF, 0xE7, 0x8F, 0x3F, 0xFF, 0xEF, 0xFF, 0xFF, 0xE7, 0xCF, 0xF1, 0xE3, 0xFC,
    0x78, 0xFF, 0x1E, 0x3F, 0xC7, 0x8F, 0xF1, 0xE3, 0xFC, 0x78, 0xFF, 0x1E, 0x3F, 0xC7, 0x8F, 0xE7,
    0x8F, 0xFE, 0xFF, 0xEF, 0x9E, 0xF1, 0xEF, 0x0E, 0xF0, 0xEF, 0x0E, 0xF0, 0xEF, 0x0E, 0xF0, 0xEF,
    0x0E, 0x0F, 0x81, 0xFF, 0x0F, 0xF8, 0xF1, 0xE7, 0x8F, 0x3C, 0x79, 0xE3, 0xCF, 0x1E, 0x78, 0xF3,
    0xFF, 0x8F, 0xF8, 0x3F, 0x80, 0x20, 0x00, 0xE7, 0x8F, 0xFC, 0xFF, 0xEF, 0x9E, 0xF1, 0xEF, 0x0F,
    0xF0, 0xFF, 0x0E, 0xF1, 0xEF, 0xFE, 0xFF, 0xEF, 0xFC, 0xF3, 0x0F, 0x00, 0xF0, 0x0F, 0x00, 0xF0,
    0x00, 0x1E, 0x73, 0xFF, 0x7F, 0xF7, 0x9F, 0x78, 0xF7, 0x8F, 0x78, 0xF7, 0x8F, 0x78, 0xF7, 0xFF,
    0x3F, 0xF3, 0xFF, 0x0C, 0xF0, 0x0F, 0x00, 0xF0, 0x0F, 0x00, 0xF0, 0xE7, 0x7F, 0xBF, 0xDF, 0xEF,
    0x87, 0x83, 0xC1, 0xE0, 0xF0, 0x78, 0x3C, 0x1E, 0x00, 0x1F, 0x1F, 0xF7, 0xF9, 0xC2, 0x7C, 0x1F,
    0xC3, 0xF8, 0x3F, 0x03, 0xDF, 0xF7, 0xF9, 0xFE, 0x1C, 0x00, 0x18, 0x1C, 0x0F, 0xDF, 0xFF, 0xF9,
    0xC0, 0xE0, 0x70, 0x38, 0x1C, 0x0E, 0x07, 0xF3, 0xF8, 0xFC, 0x18, 0xF0, 0xFE, 0x3F, 0xC7, 0xF8,
    0xFF, 0x1F, 0xE3, 0xFC, 0x7F, 0x8F, 0xF1, 0xFF, 0xFD, 0xFF, 0xBF, 0xF0, 0x80, 0xF0, 0xFF, 0x0F,
    0xF0, 0xF7, 0x9E, 0x79, 0xE7, 0x9C, 0x3F, 0xC3, 0xFC, 0x1F, 0x81, 0xF8, 0x1F, 0x80, 0xF0, 0xF1,
    0xE3, 0xFC, 0x78, 0xFF, 0x3E, 0x39, 0xCF, 0xDE, 0x7B, 0xF7, 0x9E, 0xFD, 0xE7, 0xF7, 0x70, 0xFC,
    0xFC, 0x3F, 0x3F, 0x0F, 0xCF, 0x81, 0xE3, 0xE0, 0x78, 0xF8, 0xF0, 0xFF, 0x9F, 0x79, 0xE3, 0xFC,
    0x3F, 0xC1, 0xF8, 0x1F, 0x81, 0xF8, 0x3F, 0xC7, 0xFE, 0x79, 0xEF, 0x0F, 0xF0, 0xFF, 0x0F, 0xF0,
    0xF7, 0x9E, 0x79, 0xE3, 0x9C, 0x3F, 0xC3, 0xFC, 0x1F, 0x81, 0xF8, 0x0F, 0x80, 0xF0, 0x0F, 0x01,
    0xE0, 0xFE, 0x0F, 0xC0, 0xF8, 0x00, 0x7F, 0xDF, 0xF7, 0xFC, 0x1E, 0x0F, 0x83, 0xC1, 0xE0, 0xF0,
    0x7C, 0x1F, 0xFF, 0xFF, 0xFF, 0x0F, 0x1F, 0x1F, 0x1C, 0x1C, 0x1C, 0x3C, 0x7C, 0xF8, 0xF8, 0xFC,
    0x3C, 0x1C, 0x1C, 0x1C, 0x1E, 0x1F, 0x1F, 0x06, 0xFF, 0xFF, 0xFF, 0xFF, 0xFF, 0xFF, 0xFF, 0xFE,
    0xF8, 0xF8, 0x7C, 0x3C, 0x3C, 0x3C, 0x3C, 0x3E, 0x1F, 0x1F, 0x3F, 0x3C, 0x3C, 0x3C, 0x3C, 0x3C,
    0xFC, 0xF8, 0x60, 0x00, 0x0F, 0xC5, 0xFF, 0xBF, 0xF0, 0x1C, 0x6F, 0xFF, 0x06, 0xFF, 0xFF, 0xFF,
    0xFF, 0xFF, 0x00, 0x03, 0x80, 0xF8, 0xFF, 0x7F, 0x9E, 0x6F, 0x03, 0xC0, 0xF0, 0x3C, 0x0F, 0x01,
    0xFF, 0x7F, 0xCF, 0xF0, 0xF0, 0x38, 0x04, 0x00, 0x00, 0x00, 0xFE, 0x1F, 0xE1, 0xFE, 0x3C, 0x03,
    0xC0, 0x3C, 0x07, 0xFC, 0xFF, 0xC7, 0xFC, 0x3C, 0x03, 0xC0, 0x3C, 0x07, 0xFF, 0xFF, 0xFF, 0xFF,
    0x00, 0x3B, 0x6F, 0xFD, 0xFE, 0x73, 0xB8, 0xE7, 0x39, 0xFE, 0xFF, 0xFF, 0xF4, 0x08, 0xF0, 0xFF,
    0x0F, 0x79, 0xE7, 0x9C, 0x3F, 0xC3, 0xF8, 0x1F, 0x83, 0xFC, 0x3F, 0xC3, 0xFC, 0x0F, 0x03, 0xFC,
    0x3F, 0xC0, 0xF0, 0x0F, 0x00, 0xFF, 0xFF, 0xFF, 0xE0, 0x0F, 0xFF, 0xFF, 0xFE, 0x7F, 0x7F, 0xB9,
    0xDC, 0x0F, 0xC3, 0xF3, 0xFD, 0xCE, 0xE7, 0x7F, 0x9F, 0xC3, 0xE0, 0x76, 0x3B, 0xFD, 0xFC, 0x38,
    0x00, 0x67, 0xF7, 0xF7, 0x00, 0x00, 0x00, 0x0F, 0xE0, 0x3F, 0xF8, 0x71, 0x9C, 0x67, 0xEE, 0xEF,
    0xE6, 0xCC, 0x06, 0xDC, 0x07, 0xDC, 0x07, 0xDC, 0x07, 0xCC, 0x06, 0xCF, 0xE6, 0x67, 0xEE, 0x71,
    0x9C, 0x3F, 0xF8, 0x0F, 0xF0, 0x01, 0x80, 0x00, 0x7E, 0x7E, 0x1E, 0x7E, 0xE6, 0xFE, 0x7E, 0x32,
    0x08, 0x41, 0xE7, 0x1E, 0xF3, 0xDE, 0x7B, 0xC7, 0xBC, 0x7B, 0xE3, 0xDE, 0x1E, 0xF0, 0xC7, 0x00,
    0x00, 0x7F, 0xEF, 0xFD, 0xFF, 0x80, 0x70, 0x0E, 0x01, 0xC0, 0x18, 0xFD, 0xFB, 0xF0, 0x00, 0x00,
    0x0F, 0xE0, 0x3F, 0xF8, 0x78, 0x1C, 0x6F, 0xCE, 0xEF, 0xE6, 0xCE, 0x66, 0xCE, 0xE7, 0xCF, 0xE7,
    0xCF, 0xC7, 0xCE, 0xC6, 0xCE, 0xE6, 0x6E, 0x7E, 0x74, 0x3C, 0x3F, 0xF8, 0x0F, 0xF0, 0x01, 0x80,
    0x7F, 0xF7, 0xFF, 0x7F, 0xE0, 0x00, 0x3E, 0x7F, 0x77, 0xE3, 0x77, 0x7F, 0x3E, 0x00, 0x01, 0xC0,
    0x38, 0x07, 0x00, 0xF0, 0xFF, 0xDF, 0xFB, 0xFF, 0x0E, 0x01, 0xC0, 0x38, 0x3F, 0xF7, 0xFE, 0xFF,
    0xC0, 0x7C, 0xFE, 0x7E, 0x0E, 0x1E, 0x3C, 0x78, 0xFE, 0xFF, 0xFE, 0x7C, 0xFE, 0x6E, 0x0E, 0x3C,
    0x3E, 0x07, 0xFF, 0xFE, 0x7C, 0x3E, 0x79, 0xE3, 0x00, 0xF0, 0xEF, 0x0E, 0xF0, 0xEF, 0x0E, 0xF0,
    0xEF, 0x0E, 0xF0, 0xEF, 0x1E, 0xF1, 0xEF, 0xFE, 0xFF, 0xEF, 0xFE, 0xF4, 0x0F, 0x00, 0xF0, 0x0F,
    0x00, 0xF0, 0x00, 0x3F, 0xEF, 0xFF, 0xFD, 0xFF, 0xBF, 0xF7, 0xFE, 0xFF, 0xDF, 0xFB, 0xFF, 0x6F,
    0xEC, 0xFD, 0x83, 0xB0, 0x76, 0x0E, 0xC1, 0xD8, 0x3B, 0x07, 0x60, 0xEC, 0x1D, 0x80, 0x4F, 0xFF,
    0x60, 0x71, 0xE3, 0xBE, 0xF8, 0x1C, 0xF7, 0xDF, 0x1C, 0x71, 0xC7, 0x1C, 0x70, 0x00, 0x7E, 0x7E,
    0xE7, 0xE7, 0xE7, 0x7F, 0x7E, 0x18, 0x20, 0x87, 0x38, 0x7B, 0xC3, 0xDE, 0x1E, 0xF1, 0xEF, 0x3D,
    0xF7, 0xDE, 0x7B, 0xC7, 0x38, 0x00, 0x00, 0x3C, 0x1C, 0x1F, 0x0F, 0x0F, 0xC3, 0x81, 0xF1, 0xC0,
    0x1C, 0x70, 0x07, 0x38, 0x01, 0xCE, 0x70, 0x77, 0x3C, 0x1F, 0xDF, 0x00, 0xE7, 0xC0, 0x7B, 0xF0,
    0x1D, 0xFE, 0x0E, 0x7F, 0x83, 0x9F, 0xE1, 0xC0, 0x70, 0x3C, 0x1C, 0x1F, 0x0F, 0x0F, 0xC3, 0x81,
    0xF1, 0xC0, 0x1C, 0x70, 0x07, 0x38, 0x01, 0xCF, 0xF8, 0x77, 0x7E, 0x1F, 0xDB, 0xC0, 0xE0, 0xE0,
    0x78, 0x78, 0x1C, 0x3C, 0x0E, 0x1E, 0x03, 0x87, 0xF1, 0xC3, 0xFC, 0x00, 0x00, 0x1F, 0x83, 0x87,
    0xE1, 0xC0, 0xB8, 0xF0, 0x3E, 0x38, 0x0F, 0x9E, 0x03, 0xE7, 0x01, 0x1F, 0xDE, 0x7F, 0xEF, 0x9F,
    0xF3, 0xE1, 0x9D, 0xF8, 0x0E, 0xFE, 0x03, 0xBF, 0x81, 0xDF, 0xF0, 0xF3, 0xFC, 0x38, 0x1E, 0x0E,
    0x03, 0xC1, 0xF0, 0x38, 0x00, 0x03, 0x80, 0xE0, 0x78, 0x3E, 0x1F, 0x0F, 0x03, 0xC0, 0xF1, 0xBF,
    0xF7, 0xFC, 0xFC, 0x0F, 0x00, 0x0F, 0x00, 0x0F, 0x00, 0x0E, 0x00, 0x00, 0x00, 0xF8, 0x03, 0xF0,
    0x07, 0xE0, 0x0F, 0xE0, 0x3F, 0xC0, 0x7B, 0x80, 0xE7, 0x83, 0xCF, 0x07, 0xFE, 0x0F, 0xFE, 0x3F,
    0xFC, 0x7F, 0xFD, 0xF0, 0x7B, 0xC0, 0xF7, 0x81, 0xF0, 0x01, 0xF0, 0x07, 0xC0, 0x0E, 0x00, 0x38,
    0x00, 0x00, 0x00, 0xF8, 0x03, 0xF0, 0x07, 0xE0, 0x0F, 0xE0, 0x3F, 0xC0, 0x7B, 0x80, 0xE7, 0x83,
    0xCF, 0x07, 0xFE, 0x0F, 0xFE, 0x3F, 0xFC, 0x7F, 0xFD, 0xF0, 0x7B, 0xC0, 0xF7, 0x81, 0xF0, 0x07,
    0xC0, 0x1F, 0x80, 0x7B, 0x80, 0xE3, 0x80, 0x00, 0x00, 0xF8, 0x03, 0xF0, 0x07, 0xE0, 0x0F, 0xE0,
    0x3F, 0xC0, 0x7B, 0x80, 0xE7, 0x83, 0xCF, 0x07, 0xFE, 0x0F, 0xFE, 0x3F, 0xFC, 0x7F, 0xFD, 0xF0,
    0x7B, 0xC0, 0xF7, 0x81, 0xF0, 0x0F, 0x30, 0x3F, 0xE0, 0x7F, 0x80, 0xC6, 0x00, 0x00, 0x00, 0xF8,
    0x03, 0xF0, 0x07, 0xE0, 0x0F, 0xE0, 0x3F, 0xC0, 0x7B, 0x80, 0xE7, 0x83, 0xCF, 0x07, 0xFE, 0x0F,
    0xFE, 0x3F, 0xFC, 0x7F, 0xFD, 0xF0, 0x7B, 0xC0, 0xF7, 0x81, 0xF0, 0x0C, 0xE0, 0x3D, 0xC0, 0x7B,
    0x80, 0x00, 0x00, 0x00, 0x00, 0xF8, 0x03, 0xF0, 0x07, 0xE0, 0x0F, 0xE0, 0x3F, 0xC0, 0x7B, 0x80,
    0xE7, 0x83, 0xCF, 0x07, 0xFE, 0x0F, 0xFE, 0x3F, 0xFC, 0x7F, 0xFD, 0xF0, 0x7B, 0xC0, 0xF7, 0x81,
    0xF0, 0x03, 0x80, 0x0F, 0x80, 0x3B, 0x00, 0x7E, 0x00, 0x7C, 0x01, 0xF8, 0x03, 0xF0, 0x07, 0xF0,
    0x1F, 0xE0, 0x3D, 0xC0, 0x73, 0xC1, 0xE7, 0x83, 0xFF, 0x07, 0xFF, 0x1F, 0xFE, 0x3F, 0xFE, 0xF8,
    0x3D, 0xE0, 0x7B, 0xC0, 0xF8, 0x03, 0xFF, 0xE0, 0x7F, 0xFC, 0x1F, 0xFF, 0x83, 0xFC, 0x00, 0xF7,
    0x80, 0x1E, 0xF0, 0x07, 0x9F, 0xF8, 0xF3, 0xFF, 0x1F, 0xFF, 0xE7, 0xFF, 0x00, 0xFF, 0xE0, 0x3F,
    0xFC, 0x07, 0x87, 0xFF, 0xE0, 0xFF, 0xFC, 0x1F, 0xF8, 0x00, 0x01, 0xFF, 0x3F, 0xF7, 0xFE, 0x78,
    0x2F, 0x80, 0xF0, 0x0F, 0x00, 0xF0, 0x0F, 0x00, 0xF0, 0x0F, 0x00, 0xF8, 0x07, 0xFF, 0x3F, 0xF1,
    0xFE, 0x07, 0x00, 0x78, 0x03, 0x80, 0xF8, 0x0F, 0x80, 0x7C, 0x0F, 0x80, 0xE0, 0x1C, 0x00, 0x1F,
    0xFF, 0xFF, 0xFF, 0xF0, 0x3C, 0x0F, 0x03, 0xFE, 0xFF, 0xBF, 0xEF, 0x03, 0xC0, 0xF0, 0x3F, 0xFF,
    0xFF, 0xFF, 0x07, 0x83, 0xC1, 0xE0, 0x70, 0x00, 0x1F, 0xFF, 0xFF, 0xFF, 0xF0, 0x3C, 0x0F, 0x03,
    0xFE, 0xFF, 0xBF, 0xEF, 0x03, 0xC0, 0xF0, 0x3F, 0xFF, 0xFF, 0xFF, 0x1F, 0x0F, 0xC7, 0xB9, 0xC7,
    0x00, 0x1F, 0xFF, 0xFF, 0xFF, 0xF0, 0x3C, 0x0F, 0x03, 0xFE, 0xFF, 0xBF, 0xEF, 0x03, 0xC0, 0xF0,
    0x3F, 0xFF, 0xFF, 0xFF, 0x33, 0x9E, 0xE7, 0xB8, 0x00, 0x00, 0x1F, 0xFF, 0xFF, 0xFF, 0xF0, 0x3C,
    0x0F, 0x03, 0xFE, 0xFF, 0xBF, 0xEF, 0x03, 0xC0, 0xF0, 0x3F, 0xFF, 0xFF, 0xFF, 0xF8, 0x78, 0x3C,
    0x0C, 0x00, 0xFF, 0xFF, 0x7E, 0x3C, 0x3C, 0x3C, 0x3C, 0x3C, 0x3C, 0x3C, 0x3C, 0x3C, 0x7E, 0xFF,
    0xFF, 0x0F, 0x1E, 0x3C, 0x30, 0x00, 0xFF, 0xFF, 0x7E, 0x3C, 0x3C, 0x3C, 0x3C, 0x3C, 0x3C, 0x3C,
    0x3C, 0x3C, 0x7E, 0xFF, 0xFF, 0x1E, 0x0F, 0xC7, 0xF9, 0x86, 0x00, 0x1F, 0xE7, 0xF8, 0xFC, 0x1E,
    0x07, 0x81, 0xE0, 0x78, 0x1E, 0x07, 0x81, 0xE0, 0x78, 0x1E, 0x0F, 0xC7, 0xF9, 0xFE, 0xE7, 0xF7,
    0xE7, 0x00, 0x00, 0xFF, 0xFF, 0x7E, 0x3C, 0x3C, 0x3C, 0x3C, 0x3C, 0x3C, 0x3C, 0x3C, 0x3C, 0x7E,
    0xFF, 0xFF, 0x7F, 0xE0, 0xFF, 0xE1, 0xFF, 0xE3, 0xC3, 0xE7, 0x83, 0xCF, 0x07, 0xBF, 0xCF, 0x7F,
    0x9E, 0xFF, 0x3C, 0xF0, 0x79, 0xE0, 0xF3, 0xC3, 0xE7, 0xFF, 0x8F, 0xFE, 0x1F, 0xF8, 0x00, 0x0F,
    0x30, 0x3F, 0xE0, 0x7F, 0x80, 0xC6, 0x00, 0x00, 0x0F, 0x03, 0xBF, 0x07, 0x7F, 0x0E, 0xFE, 0x1D,
    0xFE, 0x3B, 0xFC, 0x77, 0xBC, 0xEF, 0x7D, 0xDE, 0x7B, 0xBC, 0xFF, 0x78, 0xFE, 0xF0, 0xFD, 0xE1,
    0xFB, 0xC1, 0xF7, 0x83, 0xE0, 0x0F, 0x00, 0x0F, 0x00, 0x0F, 0x00, 0x0E, 0x00, 0x00, 0x03, 0xFC,
    0x0F, 0xFE, 0x3F, 0xFC, 0x78, 0x7D, 0xE0, 0x7B, 0xC0, 0xFF, 0x80, 0xFF, 0x01, 0xFE, 0x03, 0xFC,
    0x0F, 0xF8, 0x1E, 0xF8, 0x7C, 0xFF, 0xF0, 0xFF, 0xE0, 0xFF, 0x00, 0x38, 0x00, 0x01, 0xF0, 0x07,
    0xC0, 0x0E, 0x00, 0x38, 0x00, 0x00, 0x03, 0xFC, 0x0F, 0xFE, 0x3F, 0xFC, 0x78, 0x7D, 0xE0, 0x7B,
    0xC0, 0xFF, 0x80, 0xFF, 0x01, 0xFE, 0x03, 0xFC, 0x0F, 0xF8, 0x1E, 0xF8, 0x7C, 0xFF, 0xF0, 0xFF,
    0xE0, 0xFF, 0x00, 0x38, 0x00, 0x07, 0xC0, 0x1F, 0x80, 0x7B, 0x80, 0xE3, 0x80, 0x00, 0x03, 0xFC,
    0x0F, 0xFE, 0x3F, 0xFC, 0x78, 0x7D, 0xE0, 0x7B, 0xC0, 0xFF, 0x80, 0xFF, 0x01, 0xFE, 0x03, 0xFC,
    0x0F, 0xF8, 0x1E, 0xF8, 0x7C, 0xFF, 0xF0, 0xFF, 0xE0, 0xFF, 0x00, 0x38, 0x00, 0x0F, 0x30, 0x3F,
    0xE0, 0x7F, 0x80, 0xC6, 0x00, 0x00, 0x03, 0xFC, 0x0F, 0xFE, 0x3F, 0xFC, 0x78, 0x7D, 0xE0, 0x7B,
    0xC0, 0xFF, 0x80, 0xFF, 0x01, 0xFE, 0x03, 0xFC, 0x0F, 0xF8, 0x1E, 0xF8, 0x7C, 0xFF, 0xF0, 0xFF,
    0xE0, 0xFF, 0x00, 0x38, 0x00, 0x0C, 0xE0, 0x3D, 0xC0, 0x7B, 0x80, 0x00, 0x00, 0x00, 0x03, 0xFC,
    0x0F, 0xFE, 0x3F, 0xFC, 0x78, 0x7D, 0xE0, 0x7B, 0xC0, 0xFF, 0x80, 0xFF, 0x01, 0xFE, 0x03, 0xFC,
    0x0F, 0xF8, 0x1E, 0xF8, 0x7C, 0xFF, 0xF0, 0xFF, 0xE0, 0xFF, 0x00, 0x38, 0x00, 0x61, 0xBC, 0xF7,
    0xF8, 0xFC, 0x1E, 0x0F, 0xC7, 0xFB, 0xCF, 0x61, 0x80, 0x00, 0x00, 0x18, 0x3F, 0xF0, 0xFF, 0xE3,
    0xFF, 0xC7, 0x8F, 0xDE, 0x1F, 0xBC, 0x7F, 0xF9, 0xEF, 0xF3, 0x9F, 0xEE, 0x3F, 0xFC, 0xFF, 0xF1,
    0xEF, 0xC7, 0xCF, 0xFF, 0x0F, 0xFE, 0x3F, 0xF0, 0x33, 0x80, 0x1E, 0x00, 0x78, 0x01, 0xE0, 0x07,
    0x00, 0x00, 0x78, 0x3F, 0xC1, 0xFE, 0x0F, 0xF0, 0x7F, 0x83, 0xFC, 0x1F, 0xE0, 0xFF, 0x07, 0xF8,
    0x3F, 0xC1, 0xFE, 0x0F, 0x78, 0x7B, 0xFF, 0xCF, 0xFC, 0x3F, 0xC0, 0x30, 0x00, 0x03, 0xE0, 0x1E,
    0x01, 0xE0, 0x1C, 0x00, 0x00, 0x78, 0x3F, 0xC1, 0xFE, 0x0F, 0xF0, 0x7F, 0x83, 0xFC, 0x1F, 0xE0,
    0xFF, 0x07, 0xF8, 0x3F, 0xC1, 0xFE, 0x0F, 0x78, 0x7B, 0xFF, 0xCF, 0xFC, 0x3F, 0xC0, 0x30, 0x00,
    0x0F, 0x80, 0x7E, 0x07, 0x78, 0x71, 0xC0, 0x00, 0x78, 0x3F, 0xC1, 0xFE, 0x0F, 0xF0, 0x7F, 0x83,
    0xFC, 0x1F, 0xE0, 0xFF, 0x07, 0xF8, 0x3F, 0xC1, 0xFE, 0x0F, 0x78, 0x7B, 0xFF, 0xCF, 0xFC, 0x3F,
    0xC0, 0x30, 0x00, 0x1C, 0xC0, 0xEF, 0x07, 0x78, 0x00, 0x00, 0x00, 0x78, 0x3F, 0xC1, 0xFE, 0x0F,
    0xF0, 0x7F, 0x83, 0xFC, 0x1F, 0xE0, 0xFF, 0x07, 0xF8, 0x3F, 0xC1, 0xFE, 0x0F, 0x78, 0x7B, 0xFF,
    0xCF, 0xFC, 0x3F, 0xC0, 0x30, 0x00, 0x03, 0xE0, 0x0F, 0x00, 0x78, 0x01, 0x80, 0x00, 0x03, 0xC1,
    0xEF, 0x87, 0x9E, 0x3C, 0x7C, 0xF0, 0xF7, 0x83, 0xFE, 0x07, 0xF0, 0x0F, 0x80, 0x3E, 0x00, 0x78,
    0x01, 0xE0, 0x07, 0x80, 0x1E, 0x00, 0x78, 0x01, 0xE0, 0x70, 0x0F, 0x00, 0xFF, 0x0F, 0xFC, 0xFF,
    0xEF, 0x3E, 0xF1, 0xEF, 0x0E, 0xF1, 0xEF, 0xFE, 0xFF, 0xCF, 0xF8, 0xF0, 0x0F, 0x00, 0xF0, 0x00,
    0x1F, 0xC3, 0xFF, 0x1F, 0xFD, 0xE1, 0xEF, 0x0F, 0x78, 0xF3, 0xCF, 0x1E, 0xF0, 0xF7, 0xC7, 0x9F,
    0xBC, 0x7F, 0xE1, 0xFF, 0x07, 0xFB, 0x3F, 0xDF, 0xFE, 0xFE, 0x01, 0xC0, 0x1E, 0x01, 0xE0, 0x1E,
    0x01, 0xC1, 0xF8, 0x7F, 0x8F, 0xF8, 0x8F, 0x01, 0xE7, 0xFD, 0xFF, 0xBC, 0xFF, 0x1E, 0xF7, 0xDF,
    0xF9, 0xFF, 0x08, 0x00, 0x03, 0xE0, 0xF8, 0x1C, 0x07, 0x01, 0xF8, 0x7F, 0x8F, 0xF8, 0x8F, 0x01,
    0xE7, 0xFD, 0xFF, 0xBC, 0xFF, 0x1E, 0xF7, 0xDF, 0xF9, 0xFF, 0x08, 0x00, 0x0F, 0x83, 0xF0, 0xF7,
    0x1C, 0x71, 0xF8, 0x7F, 0x8F, 0xF8, 0x8F, 0x01, 0xE7, 0xFD, 0xFF, 0xBC, 0xFF, 0x1E, 0xF7, 0xDF,
    0xF9, 0xFF, 0x08, 0x00, 0x1E, 0x67, 0xFC, 0xFF, 0x18, 0xC1, 0xF8, 0x7F, 0x8F, 0xF8, 0x8F, 0x01,
    0xE7, 0xFD, 0xFF, 0xBC, 0xFF, 0x1E, 0xF7, 0xDF, 0xF9, 0xFF, 0x08, 0x00, 0x19, 0xC7, 0xB8, 0xF7,
    0x00, 0x01, 0xF8, 0x7F, 0x8F, 0xF8, 0x8F, 0x01, 0xE7, 0xFD, 0xFF, 0xBC, 0xFF, 0x1E, 0xF7, 0xDF,
    0xF9, 0xFF, 0x08, 0x00, 0x07, 0x01, 0xF0, 0x76, 0x0E, 0xC0, 0xF8, 0x0E, 0x07, 0xE1, 0xFE, 0x3F,
    0xE2, 0x3C, 0x07, 0x9F, 0xF7, 0xFE, 0xF3, 0xFC, 0x7B, 0xDF, 0x7F, 0xE7, 0xFC, 0x20, 0x00, 0x1F,
    0x9F, 0x07, 0xFF, 0xF0, 0xFF, 0xFF, 0x08, 0xF9, 0xE0, 0x1E, 0x1C, 0x7F, 0xFF, 0xDF, 0xFF, 0xFB,
    0xCF, 0x00, 0x71, 0xF0, 0x0F, 0x7F, 0xF9, 0xFF, 0xFF, 0x1F, 0x9F, 0xE0, 0xC0, 0x60, 0x0F, 0x87,
    0xF8, 0xFF, 0x3E, 0x67, 0x80, 0xF0, 0x1E, 0x03, 0xC0, 0x78, 0x0F, 0xF8, 0xFF, 0x0F, 0xE0, 0x70,
    0x1F, 0x00, 0xE0, 0x7C, 0x0F, 0x00, 0x1E, 0x00, 0xF0, 0x07, 0x80, 0x38, 0x0F, 0x83, 0xFC, 0x3F,
    0xE7, 0x8F, 0x78, 0xF7, 0xFF, 0x7F, 0xF7, 0x80, 0x78, 0x07, 0xFE, 0x3F, 0xE1, 0xFE, 0x03, 0x00,
    0x03, 0xE0, 0x7C, 0x07, 0x00, 0xE0, 0x0F, 0x83, 0xFC, 0x3F, 0xE7, 0x8F, 0x78, 0xF7, 0xFF, 0x7F,
    0xF7, 0x80, 0x78, 0x07, 0xFE, 0x3F, 0xE1, 0xFE, 0x03, 0x00, 0x0F, 0x81, 0xF8, 0x3D, 0xC3, 0x8E,
    0x0F, 0x83, 0xFC, 0x3F, 0xE7, 0x8F, 0x78, 0xF7, 0xFF, 0x7F, 0xF7, 0x80, 0x78, 0x07, 0xFE, 0x3F,
    0xE1, 0xFE, 0x03, 0x00, 0x19, 0xC3, 0xDC, 0x3D, 0xC0, 0x00, 0x0F, 0x83, 0xFC, 0x3F, 0xE7, 0x8F,
    0x78, 0xF7, 0xFF, 0x7F, 0xF7, 0x80, 0x78, 0x07, 0xFE, 0x3F, 0xE1, 0xFE, 0x03, 0x00, 0x78, 0x78,
    0x78, 0x73, 0xC7, 0x8F, 0x1E, 0x3C, 0x78, 0xF1, 0xE3, 0xC7, 0x8F, 0x1E, 0x3E, 0xFB, 0xC7, 0x0F,
    0x1E, 0x3C, 0x78, 0xF1, 0xE3, 0xC7, 0x8F, 0x1E, 0x3C, 0x78, 0x1E, 0x0F, 0xC7, 0xF9, 0x86, 0x1E,
    0x07, 0x81, 0xE0, 0x78, 0x1E, 0x07, 0x81, 0xE0, 0x78, 0x1E, 0x07, 0x81, 0xE0, 0x78, 0x67, 0xF7,
    0xE7, 0x00, 0x3C, 0x3C, 0x3C, 0x3C, 0x3C, 0x3C, 0x3C, 0x3C, 0x3C, 0x3C, 0x3C, 0x3C, 0x1D, 0x81,
    0xFC, 0x0F, 0x83, 0xF8, 0x1F, 0xC1, 0x1C, 0x3F, 0xE7, 0xFE, 0xFF, 0xEF, 0x1E, 0xF1, 0xEF, 0x1E,
    0xF1, 0xEF, 0xFE, 0x7F, 0xC3, 0xF8, 0x0C, 0x00, 0x1C, 0xC3, 0xFC, 0x7F, 0xC6, 0x30, 0xE7, 0x8F,
    0xFE, 0xFF, 0xEF, 0x9E, 0xF1, 0xEF, 0x0E, 0xF0, 0xEF, 0x0E, 0xF0, 0xEF, 0x0E, 0xF0, 0xEF, 0x0E,
    0x1F, 0x00, 0x78, 0x01, 0xE0, 0x03, 0x00, 0xF8, 0x1F, 0xF0, 0xFF, 0x8F, 0x1E, 0x78, 0xF3, 0xC7,
    0x9E, 0x3C, 0xF1, 0xE7, 0x8F, 0x3F, 0xF8, 0xFF, 0x83, 0xF8, 0x02, 0x00, 0x03, 0xE0, 0x1E, 0x01,
    0xE0, 0x0C, 0x00, 0xF8, 0x1F, 0xF0, 0xFF, 0x8F, 0x1E, 0x78, 0xF3, 0xC7, 0x9E, 0x3C, 0xF1, 0xE7,
    0x8F, 0x3F, 0xF8, 0xFF, 0x83, 0xF8, 0x02, 0x00, 0x0F, 0x80, 0xFE, 0x0F, 0x78, 0x71, 0xC0, 0xF8,
    0x1F, 0xF0, 0xFF, 0x8F, 0x1E, 0x78, 0xF3, 0xC7, 0x9E, 0x3C, 0xF1, 0xE7, 0x8F, 0x3F, 0xF8, 0xFF,
    0x83, 0xF8, 0x02, 0x00, 0x1E, 0x60, 0xFF, 0x0F, 0xF0, 0x63, 0x00, 0xF8, 0x1F, 0xF0, 0xFF, 0x8F,
    0x1E, 0x78, 0xF3, 0xC7, 0x9E, 0x3C, 0xF1, 0xE7, 0x8F, 0x3F, 0xF8, 0xFF, 0x83, 0xF8, 0x02, 0x00,
    0x1D, 0xC0, 0xEF, 0x07, 0x70, 0x00, 0x00, 0xF8, 0x1F, 0xF0, 0xFF, 0x8F, 0x1E, 0x78, 0xF3, 0xC7,
    0x9E, 0x3C, 0xF1, 0xE7, 0x8F, 0x3F, 0xF8, 0xFF, 0x83, 0xF8, 0x02, 0x00, 0x06, 0x01, 0xE0, 0x3C,
    0x03, 0x07, 0xFE, 0xFF, 0xDF, 0xF8, 0x30, 0x0F, 0x01, 0xE0, 0x18, 0x00, 0x0F, 0xE3, 0xFE, 0x3F,
    0xE7, 0x9F, 0x7B, 0xF7, 0xBF, 0x77, 0xF7, 0xEF, 0x7E, 0xF7, 0xFF, 0x3F, 0xE3, 0xFC, 0x36, 0x00,
    0x3E, 0x03, 0xE0, 0x1C, 0x01, 0xCF, 0x0F, 0xE3, 0xFC, 0x7F, 0x8F, 0xF1, 0xFE, 0x3F, 0xC7, 0xF8,
    0xFF, 0x1F, 0xFF, 0xDF, 0xFB, 0xFF, 0x08, 0x00, 0x03, 0xC0, 0xF0, 0x3C, 0x07, 0x0F, 0x0F, 0xE3,
    0xFC, 0x7F, 0x8F, 0xF1, 0xFE, 0x3F, 0xC7, 0xF8, 0xFF, 0x1F, 0xFF, 0xDF, 0xFB, 0xFF, 0x08, 0x00,
    0x1F, 0x03, 0xF0, 0xEF, 0x38, 0xEF, 0x0F, 0xE3, 0xFC, 0x7F, 0x8F, 0xF1, 0xFE, 0x3F, 0xC7, 0xF8,
    0xFF, 0x1F, 0xFF, 0xDF, 0xFB, 0xFF, 0x08, 0x00, 0x39, 0x87, 0x78, 0xEF, 0x00, 0x0F, 0x0F, 0xE3,
    0xFC, 0x7F, 0x8F, 0xF1, 0xFE, 0x3F, 0xC7, 0xF8, 0xFF, 0x1F, 0xFF, 0xDF, 0xFB, 0xFF, 0x08, 0x00,
    0x03, 0xC0, 0x78, 0x0F, 0x00, 0xE0, 0xF0, 0xFF, 0x0F, 0xF0, 0xF7, 0x9E, 0x79, 0xE3, 0x9C, 0x3F,
    0xC3, 0xFC, 0x1F, 0x81, 0xF8, 0x0F, 0x80, 0xF0, 0x0F, 0x01, 0xE0, 0xFE, 0x0F, 0xC0, 0xF8, 0x00,
    0xF0, 0x0F, 0x00, 0xF0, 0x0F, 0x00, 0xF7, 0x8F, 0xFC, 0xFF, 0xEF, 0x9E, 0xF1, 0xEF, 0x0F, 0xF0,
    0xFF, 0x0E, 0xF1, 0xEF, 0xFE, 0xFF, 0xEF, 0xFC, 0xF3, 0x0F, 0x00, 0xF0, 0x0F, 0x00, 0xF0, 0x00,
    0x39, 0xC3, 0xBC, 0x39, 0xC0, 0x00, 0xF0, 0xFF, 0x0F, 0xF0, 0xF7, 0x9E, 0x79, 0xE3, 0x9C, 0x3F,
    0xC3, 0xFC, 0x1F, 0x81, 0xF8, 0x0F, 0x80, 0xF0, 0x0F, 0x01, 0xE0, 0xFE, 0x0F, 0xC0, 0xF8, 0x00,
    0x1F, 0xE0, 0x3F, 0xC0, 0x3F, 0x80, 0x00, 0x00, 0x7C, 0x01, 0xF8, 0x03, 0xF0, 0x07, 0xF0, 0x1F,
    0xE0, 0x3D, 0xC0, 0x73, 0xC1, 0xE7, 0x83, 0xFF, 0x07, 0xFF, 0x1F, 0xFE, 0x3F, 0xFE, 0xF8, 0x3D,
    0xE0, 0x7B, 0xC0, 0xF8, 0x3F, 0xC7, 0xF8, 0x7F, 0x0F, 0xC3, 0xFC, 0x7F, 0xC4, 0x78, 0x0F, 0x3F,
    0xEF, 0xFD, 0xE7, 0xF8, 0xF7, 0xBE, 0xFF, 0xCF, 0xF8, 0x40, 0x00, 0x00, 0x38, 0xE0, 0x7F, 0x80,
    0x7F, 0x00, 0x38, 0x00, 0x00, 0x01, 0xF0, 0x07, 0xE0, 0x0F, 0xC0, 0x1F, 0xC0, 0x7F, 0x80, 0xF7,
    0x01, 0xCF, 0x07, 0x9E, 0x0F, 0xFC, 0x1F, 0xFC, 0x7F, 0xF8, 0xFF, 0xFB, 0xE0, 0xF7, 0x81, 0xEF,
    0x03, 0xE0, 0x00, 0x07, 0x1C, 0xFF, 0x0F, 0xE0, 0x70, 0x3F, 0x0F, 0xF1, 0xFF, 0x11, 0xE0, 0x3C,
    0xFF, 0xBF, 0xF7, 0x9F, 0xE3, 0xDE, 0xFB, 0xFF, 0x3F, 0xE1, 0x00, 0x07, 0xC0, 0x1F, 0x80, 0x3F,
    0x00, 0x7F, 0x01, 0xFE, 0x03, 0xDC, 0x07, 0x3C, 0x1E, 0x78, 0x3F, 0xF0, 0x7F, 0xF1, 0xFF, 0xE3,
    0xFF, 0xEF, 0x83, 0xDE, 0x07, 0xBC, 0x0F, 0x80, 0x0E, 0x00, 0x38, 0x00, 0x70, 0x00, 0xF8, 0x00,
    0xF0, 0x1F, 0x83, 0xFC, 0x3F, 0xE1, 0x1E, 0x01, 0xE3, 0xFE, 0x7F, 0xE7, 0x9E, 0xF1, 0xE7, 0xBE,
    0x7F, 0xE3, 0xFE, 0x08, 0xE0, 0x1C, 0x01, 0xC0, 0x1F, 0x00, 0xF0, 0x01, 0xE0, 0x3C, 0x07, 0x80,
    0x70, 0x00, 0x01, 0xFF, 0x3F, 0xF7, 0xFE, 0x78, 0x2F, 0x80, 0xF0, 0x0F, 0x00, 0xF0, 0x0F, 0x00,
    0xF0, 0x0F, 0x00, 0xF8, 0x07, 0xFF, 0x3F, 0xF1, 0xFE, 0x03, 0x00, 0x03, 0xC0, 0xF0, 0x3C, 0x07,
    0x00, 0xF8, 0x7F, 0x8F, 0xF3, 0xE6, 0x78, 0x0F, 0x01, 0xE0, 0x3C, 0x07, 0x80, 0xFF, 0x8F, 0xF0,
    0xFE, 0x07, 0x00, 0x0F, 0x80, 0xFC, 0x1D, 0xE3, 0x8E, 0x00, 0x01, 0xFF, 0x3F, 0xF7, 0xFE, 0x78,
    0x2F, 0x80, 0xF0, 0x0F, 0x00, 0xF0, 0x0F, 0x00, 0xF0, 0x0F, 0x00, 0xF8, 0x07, 0xFF, 0x3F, 0xF1,
    0xFE, 0x03, 0x00, 0x0F, 0x03, 0xF0, 0xFF, 0x18, 0x60, 0xF8, 0x7F, 0x8F, 0xF3, 0xE6, 0x78, 0x0F,
    0x01, 0xE0, 0x3C, 0x07, 0x80, 0xFF, 0x8F, 0xF0, 0xFE, 0x07, 0x00, 0x07, 0x00, 0x78, 0x07, 0x80,
    0x20, 0x00, 0x01, 0xFF, 0x3F, 0xF7, 0xFE, 0x78, 0x2F, 0x80, 0xF0, 0x0F, 0x00, 0xF0, 0x0F, 0x00,
    0xF0, 0x0F, 0x00, 0xF8, 0x07, 0xFF, 0x3F, 0xF1, 0xFE, 0x03, 0x00, 0x0F, 0x01, 0xE0, 0x3C, 0x03,
    0x00, 0xF8, 0x7F, 0x8F, 0xF3, 0xE6, 0x78, 0x0F, 0x01, 0xE0, 0x3C, 0x07, 0x80, 0xFF, 0x8F, 0xF0,
    0xFE, 0x07, 0x00, 0x3C, 0xF1, 0xFE, 0x0F, 0xC0, 0x78, 0x00, 0x01, 0xFF, 0x3F, 0xF7, 0xFE, 0x78,
    0x2F, 0x80, 0xF0, 0x0F, 0x00, 0xF0, 0x0F, 0x00, 0xF0, 0x0F, 0x00, 0xF8, 0x07, 0xFF, 0x3F, 0xF1,
    0xFE, 0x03, 0x00, 0x39, 0xE7, 0xF8, 0x7E, 0x07, 0x80, 0xF8, 0x7F, 0x8F, 0xF3, 0xE6, 0x78, 0x0F,
    0x01, 0xE0, 0x3C, 0x07, 0x80, 0xFF, 0x8F, 0xF0, 0xFE, 0x07, 0x00, 0x3C, 0xE0, 0x7F, 0x80, 0xFC,
    0x01, 0xE0, 0x00, 0x03, 0xFF, 0x0F, 0xFE, 0x3F, 0xFC, 0xF0, 0xFB, 0xC1, 0xEF, 0x07, 0xBC, 0x1E,
    0xF0, 0x7B, 0xC1, 0xEF, 0x07, 0xBC, 0x1E, 0xF0, 0xFB, 0xFF, 0xCF, 0xFE, 0x3F, 0xF0, 0x00, 0xF7,
    0x00, 0x7B, 0x80, 0x3F, 0x80, 0x1F, 0xC1, 0xEF, 0x01, 0xFF, 0x81, 0xFF, 0xC0, 0xFB, 0xE0, 0x78,
    0xF0, 0x3C, 0x78, 0x1E, 0x3C, 0x0F, 0x1E, 0x07, 0x8F, 0x03, 0xFF, 0x80, 0xFF, 0xC0, 0x7E, 0xE0,
    0x0C, 0x00, 0x00, 0x7F, 0xE0, 0xFF, 0xE1, 0xFF, 0xE3, 0xC3, 0xE7, 0x83, 0xCF, 0x07, 0xBF, 0xCF,
    0x7F, 0x9E, 0xFF, 0x3C, 0xF0, 0x79, 0xE0, 0xF3, 0xC3, 0xE7, 0xFF, 0x8F, 0xFE, 0x1F, 0xF8, 0x00,
    0x00, 0xF0, 0x1F, 0xE0, 0x7F, 0xC1, 0xFF, 0x00, 0xF0, 0x7F, 0xC3, 0xFF, 0x1F, 0xFC, 0x78, 0xF1,
    0xE3, 0xC7, 0x8F, 0x1E, 0x3C, 0x78, 0xF1, 0xFF, 0xC3, 0xFF, 0x0F, 0xFC, 0x0C, 0x00, 0x7F, 0x9F,
    0xE3, 0xF8, 0x00, 0x7F, 0xFF, 0xFF, 0xFF, 0xC0, 0xF0, 0x3C, 0x0F, 0xFB, 0xFE, 0xFF, 0xBC, 0x0F,
    0x03, 0xC0, 0xFF, 0xFF, 0xFF, 0xFC, 0x3F, 0xC3, 0xFC, 0x1F, 0xC0, 0xF8, 0x3F, 0xC3, 0xFE, 0x78,
    0xF7, 0x8F, 0x7F, 0xF7, 0xFF, 0x78, 0x07, 0x80, 0x7F, 0xE3, 0xFE, 0x1F, 0xE0, 0x30, 0x00, 0x1C,
    0x77, 0xF8, 0xFE, 0x0E, 0x00, 0x07, 0xFF, 0xFF, 0xFF, 0xFC, 0x0F, 0x03, 0xC0, 0xFF, 0xBF, 0xEF,
    0xFB, 0xC0, 0xF0, 0x3C, 0x0F, 0xFF, 0xFF, 0xFF, 0xC0, 0x00, 0x03, 0x8E, 0x3F, 0xC1, 0xFC, 0x07,
    0x00, 0xF8, 0x3F, 0xC3, 0xFE, 0x78, 0xF7, 0x8F, 0x7F, 0xF7, 0xFF, 0x78, 0x07, 0x80, 0x7F, 0xE3,
    0xFE, 0x1F, 0xE0, 0x30, 0x0E, 0x07, 0x81, 0xE0, 0x10, 0x00, 0x1F, 0xFF, 0xFF, 0xFF, 0xF0, 0x3C,
    0x0F, 0x03, 0xFE, 0xFF, 0xBF, 0xEF, 0x03, 0xC0, 0xF0, 0x3F, 0xFF, 0xFF, 0xFF, 0x07, 0x00, 0xF0,
    0x0F, 0x00, 0x20, 0x0F, 0x83, 0xFC, 0x3F, 0xE7, 0x8F, 0x78, 0xF7, 0xFF, 0x7F, 0xF7, 0x80, 0x78,
    0x07, 0xFE, 0x3F, 0xE1, 0xFE, 0x03, 0x00, 0x7F, 0xFF, 0xFF, 0xFF, 0xC0, 0xF0, 0x3C, 0x0F, 0xFB,
    0xFE, 0xFF, 0xBC, 0x0F, 0x03, 0xC0, 0xFF, 0xFF, 0xFF, 0xFC, 0x0E, 0x07, 0x01, 0xC0, 0x7C, 0x0F,
    0x0F, 0x83, 0xFC, 0x3F, 0xE7, 0x8F, 0x78, 0xF7, 0xFF, 0x7F, 0xF7, 0x80, 0x78, 0x07, 0xFE, 0x3F,
    0xE1, 0xFE, 0x03, 0xC0, 0x38, 0x03, 0x80, 0x3E, 0x01, 0xE0, 0x73, 0xCF, 0xE3, 0xF0, 0x7C, 0x00,
    0x1F, 0xFF, 0xFF, 0xFF, 0xF0, 0x3C, 0x0F, 0x03, 0xFE, 0xFF, 0xBF, 0xEF, 0x03, 0xC0, 0xF0, 0x3F,
    0xFF, 0xFF, 0xFF, 0x39, 0xE1, 0xFC, 0x0F, 0x80, 0xF8, 0x0F, 0x83, 0xFC, 0x3F, 0xE7, 0x8F, 0x78,
    0xF7, 0xFF, 0x7F, 0xF7, 0x80, 0x78, 0x07, 0xFE, 0x3F, 0xE1, 0xFE, 0x03, 0x00, 0x07, 0xC0, 0x7E,
    0x07, 0xB8, 0x38, 0xE0, 0x00, 0x07, 0xF8, 0xFF, 0xEF, 0xFE, 0x7C, 0x07, 0xC0, 0x3C, 0x01, 0xE7,
    0xFF, 0x3F, 0xF9, 0xFF, 0xCF, 0xFE, 0x0F, 0x78, 0x7B, 0xFF, 0xCF, 0xFE, 0x3F, 0xF0, 0x38, 0x00,
    0x0F, 0x81, 0xFC, 0x3D, 0xC3, 0x8E, 0x1E, 0x73, 0xFF, 0x7F, 0xF7, 0xDF, 0x78, 0xF7, 0x8F, 0x78,
    0xF7, 0x8F, 0x78, 0xF7, 0xFF, 0x3F, 0xF3, 0xFF, 0x0C, 0xF0, 0x0F, 0x7F, 0xF7, 0xFE, 0x7F, 0xC0,
    0x00, 0x00, 0xE3, 0x83, 0xF8, 0x1F, 0xC0, 0x38, 0x00, 0x00, 0x3F, 0xC7, 0xFF, 0x7F, 0xF3, 0xE0,
    0x3E, 0x01, 0xE0, 0x0F, 0x3F, 0xF9, 0xFF, 0xCF, 0xFE, 0x7F, 0xF0, 0x7B, 0xC3, 0xDF, 0xFE, 0x7F,
    0xF1, 0xFF, 0x81, 0xC0, 0x00, 0x03, 0x8E, 0x1F, 0xE1, 0xFC, 0x07, 0x01, 0xE7, 0x3F, 0xF7, 0xFF,
    0x7D, 0xF7, 0x8F, 0x78, 0xF7, 0x8F, 0x78, 0xF7, 0x8F, 0x7F, 0xF3, 0xFF, 0x3F, 0xF0, 0xCF, 0x00,
    0xF7, 0xFF, 0x7F, 0xE7, 0xFC, 0x03, 0x80, 0x3C, 0x01, 0xE0, 0x02, 0x00, 0x00, 0x07, 0xF8, 0xFF,
    0xEF, 0xFE, 0x7C, 0x07, 0xC0, 0x3C, 0x01, 0xE7, 0xFF, 0x3F, 0xF9, 0xFF, 0xCF, 0xFE, 0x0F, 0x78,
    0x7B, 0xFF, 0xCF, 0xFE, 0x3F, 0xF0, 0x38, 0x00, 0x07, 0x00, 0xF0, 0x07, 0x00, 0x20, 0x1E, 0x73,
    0xFF, 0x7F, 0xF7, 0xDF, 0x78, 0xF7, 0x8F, 0x78, 0xF7, 0x8F, 0x78, 0xF7, 0xFF, 0x3F, 0xF3, 0xFF,
    0x0C, 0xF0, 0x0F, 0x7F, 0xF7, 0xFE, 0x7F, 0xC0, 0x00, 0x00, 0x7F, 0x8F, 0xFE, 0xFF, 0xE7, 0xC0,
    0x7C, 0x03, 0xC0, 0x1E, 0x7F, 0xF3, 0xFF, 0x9F, 0xFC, 0xFF, 0xE0, 0xF7, 0x87, 0xBF, 0xFC, 0xFF,
    0xE3, 0xFF, 0x03, 0x80, 0x1C, 0x01, 0xE0, 0x0E, 0x00, 0x70, 0x00, 0x03, 0x80, 0x70, 0x07, 0x00,
    0x70, 0x1E, 0x73, 0xFF, 0x7F, 0xF7, 0x9F, 0x78, 0xF7, 0x8F, 0x78, 0xF7, 0x8F, 0x78, 0xF7, 0xFF,
    0x3F, 0xF3, 0xFF, 0x0C, 0xF0, 0x0F, 0x7F, 0xF7, 0xFE, 0x7F, 0xC0, 0x07, 0x80, 0x3F, 0x01, 0xFE,
    0x06, 0x18, 0x00, 0x01, 0xC0, 0xEF, 0x03, 0xBC, 0x0E, 0xF0, 0x3B, 0xC0, 0xEF, 0x07, 0xBF, 0xFE,
    0xFF, 0xFB, 0xFF, 0xEF, 0x03, 0xBC, 0x0E, 0xF0, 0x3B, 0xC0, 0xEF, 0x03, 0xBC, 0x0E, 0x1E, 0x00,
    0x7E, 0x01, 0xFE, 0x03, 0x0C, 0x01, 0xE0, 0x03, 0xC0, 0x07, 0x80, 0x0F, 0x00, 0x1E, 0xF0, 0x3F,
    0xF0, 0x7F, 0xF0, 0xF9, 0xE1, 0xE3, 0xC3, 0xC3, 0x87, 0x87, 0x0F, 0x0E, 0x1E, 0x1C, 0x3C, 0x38,
    0x78, 0x70, 0xF0, 0xE0, 0x38, 0x1C, 0x78, 0x3C, 0xFF, 0xFF, 0xFF, 0xFF, 0xFF, 0xFE, 0x78, 0x3C,
    0x7F, 0xFC, 0x7F, 0xFC, 0x7F, 0xFC, 0x78, 0x3C, 0x78, 0x3C, 0x78, 0x3C, 0x78, 0x3C, 0x78, 0x3C,
    0x78, 0x3C, 0x78, 0x07, 0xF8, 0x3F, 0xC1, 0xFE, 0x07, 0x80, 0x3F, 0xF1, 0xFF, 0xCF, 0xFE, 0x7C,
    0xF3, 0xC3, 0xDE, 0x1E, 0xF0, 0xF7, 0x87, 0xBC, 0x3D, 0xE1, 0xEF, 0x0F, 0x79, 0xFF, 0xFF, 0xD8,
    0xC0, 0x03, 0xFD, 0xFE, 0x7E, 0x1E, 0x0F, 0x07, 0x83, 0xC1, 0xE0, 0xF0, 0x78, 0x3C, 0x1E, 0x1F,
    0x9F, 0xEF, 0xF0, 0x7B, 0xFF, 0xFF, 0xD8, 0xC3, 0xC1, 0xE0, 0xF0, 0x78, 0x3C, 0x1E, 0x0F, 0x07,
    0x83, 0xC1, 0xE0, 0xF0, 0x78, 0xFF, 0xFF, 0xFF, 0x00, 0xFF, 0xFF, 0x7E, 0x3C, 0x3C, 0x3C, 0x3C,
    0x3C, 0x3C, 0x3C, 0x3C, 0x3C, 0x7E, 0xFF, 0xFF, 0xFF, 0xFF, 0xFF, 0x3C, 0x3C, 0x3C, 0x3C, 0x3C,
    0x3C, 0x3C, 0x3C, 0x3C, 0x3C, 0x3C, 0x3C, 0x00, 0x71, 0xFF, 0xCF, 0xC1, 0xC0, 0x03, 0xFD, 0xFE,
    0x7E, 0x1E, 0x0F, 0x07, 0x83, 0xC1, 0xE0, 0xF0, 0x78, 0x3C, 0x1E, 0x1F, 0x9F, 0xEF, 0xF0, 0x00,
    0x71, 0xFF, 0xCF, 0xE1, 0xC1, 0xE0, 0xF0, 0x78, 0x3C, 0x1E, 0x0F, 0x07, 0x83, 0xC1, 0xE0, 0xF0,
    0x78, 0x3C, 0x00, 0xFF, 0xFF, 0x7E, 0x3C, 0x3C, 0x3C, 0x3C, 0x3C, 0x3C, 0x3C, 0x3C, 0x3C, 0x7E,
    0xFF, 0xFF, 0x0E, 0x1C, 0x1C, 0x1F, 0x0F, 0x7B, 0xDE, 0x27, 0xBD, 0xEF, 0x7B, 0xDE, 0xF7, 0xBD,
    0xEF, 0x73, 0xBE, 0xF7, 0x80, 0x3C, 0x3C, 0x3C, 0x18, 0x00, 0xFF, 0xFF, 0x7E, 0x3C, 0x3C, 0x3C,
    0x3C, 0x3C, 0x3C, 0x3C, 0x3C, 0x3C, 0x7E, 0xFF, 0xFF, 0xFF, 0xFF, 0xFF, 0xFF, 0xFF, 0xFF, 0xFF,
    0x3F, 0xFC, 0xF7, 0xE3, 0xCF, 0x0F, 0x3C, 0x3C, 0xF0, 0xF3, 0xC3, 0xCF, 0x0F, 0x3C, 0x3C, 0xF0,
    0xF3, 0xC3, 0xCF, 0x0F, 0x7E, 0x3F, 0xFC, 0xFF, 0xF3, 0xC0, 0x0F, 0x01, 0xF8, 0x0F, 0xE0, 0x3F,
    0x00, 0x70, 0xF1, 0xDE, 0x7F, 0xC7, 0x10, 0x4F, 0x1D, 0xE7, 0xBC, 0xF7, 0x9E, 0xF3, 0xDE, 0x7B,
    0xCF, 0x79, 0xEF, 0x3D, 0xE7, 0xBC, 0xF7, 0x9E, 0x03, 0xC0, 0x78, 0x3F, 0x07, 0xE0, 0xF8, 0x1F,
    0x0F, 0xE7, 0xB9, 0xC7, 0x00, 0x03, 0x81, 0xE0, 0x78, 0x1E, 0x07, 0x81, 0xE0, 0x78, 0x1E, 0x07,
    0x81, 0xE0, 0x78, 0x1E, 0x07, 0x81, 0xE0, 0x78, 0x1E, 0x3F, 0x8F, 0xE3, 0xF0, 0x70, 0x00, 0x1E,
    0x0F, 0xC7, 0xF9, 0x86, 0x1E, 0x07, 0x81, 0xE0, 0x78, 0x1E, 0x07, 0x81, 0xE0, 0x78, 0x1E, 0x07,
    0x81, 0xE0, 0x78, 0x1E, 0x07, 0x87, 0xE1, 0xF8, 0x7C, 0x00, 0x70, 0x7F, 0x87, 0xBC, 0x79, 0xE7,
    0xCF, 0x7C, 0x7B, 0xC3, 0xFC, 0x1F, 0xF0, 0xFF, 0x87, 0xFE, 0x3C, 0xF1, 0xE3, 0xCF, 0x1F, 0x78,
    0x7B, 0xC1, 0xE0, 0x00, 0x07, 0x00, 0x38, 0x03, 0x80, 0x1C, 0x00, 0xF0, 0x0F, 0x00, 0xF0, 0x0F,
    0x00, 0xF0, 0xFF, 0x1E, 0xF3, 0xCF, 0x78, 0xFF, 0x8F, 0xF0, 0xFF, 0x0F, 0xF8, 0xF7, 0xCF, 0x3C,
    0xF1, 0xEF, 0x0F, 0x00, 0x00, 0xF0, 0x0E, 0x00, 0xE0, 0x1C, 0x00, 0xF0, 0xFF, 0x1E, 0xF3, 0xEF,
    0x7C, 0xF7, 0x8F, 0xF0, 0xFF, 0x0F, 0xF8, 0xFF, 0xCF, 0x3C, 0xF1, 0xEF, 0x0F, 0x3E, 0x1F, 0x07,
    0x03, 0x80, 0x00, 0x3C, 0x0F, 0x03, 0xC0, 0xF0, 0x3C, 0x0F, 0x03, 0xC0, 0xF0, 0x3C, 0x0F, 0x03,
    0xC0, 0xF0, 0x3F, 0xFF, 0xFF, 0xFF, 0x3E, 0xF3, 0xC7, 0x0F, 0x1E, 0x3C, 0x78, 0xF1, 0xE3, 0xC7,
    0x8F, 0x1E, 0x3C, 0x78, 0xF1, 0xE3, 0xC7, 0x80, 0xF0, 0x3C, 0x0F, 0x03, 0xC0, 0xF0, 0x3C, 0x0F,
    0x03, 0xC0, 0xF0, 0x3C, 0x0F, 0x03, 0xC0, 0xFF, 0xFF, 0xFF, 0xFC, 0x00, 0x0E, 0x03, 0x81, 0xE0,
    0x70, 0xFF, 0xFF, 0xFF, 0xFF, 0xFF, 0xFF, 0xFF, 0xFF, 0x07, 0xFE, 0xE0, 0xF1, 0xFE, 0x3B, 0xC7,
    0x78, 0xCF, 0x01, 0xE0, 0x3C, 0x07, 0x80, 0xF0, 0x1E, 0x03, 0xC0, 0x78, 0x0F, 0xFD, 0xFF, 0xBF,
    0xF0, 0xF7, 0x7B, 0xBF, 0x9F, 0xCF, 0x07, 0x83, 0xC1, 0xE0, 0xF0, 0x78, 0x3C, 0x1E, 0x0F, 0x07,
    0x83, 0xC1, 0xE0, 0xF0, 0x3C, 0x0F, 0x03, 0xC0, 0xF0, 0x3C, 0xEF, 0x3F, 0xCF, 0xF1, 0x3C, 0x0F,
    0x03, 0xC0, 0xFF, 0xFF, 0xFF, 0xFC, 0xF0, 0xF0, 0xF0, 0xF0, 0xF0, 0xF0, 0xFF, 0xFF, 0xFF, 0xF6,
    0xF0, 0xF0, 0xF0, 0xF0, 0xF0, 0xF0, 0x38, 0x07, 0x80, 0x78, 0x07, 0x80, 0x7A, 0x07, 0xF0, 0x7F,
    0x07, 0xE0, 0xF8, 0x0F, 0x80, 0x78, 0x07, 0x80, 0x7F, 0xE7, 0xFE, 0x7F, 0xE0, 0x3C, 0x3C, 0x3C,
    0x3C, 0x3C, 0x3C, 0x3E, 0x3F, 0x3F, 0x7C, 0x7C, 0x7C, 0x3C, 0x3C, 0x3C, 0x3C, 0x01, 0xF0, 0x03,
    0xC0, 0x0F, 0x00, 0x18, 0x00, 0x00, 0x0F, 0x03, 0xBF, 0x07, 0x7F, 0x0E, 0xFE, 0x1D, 0xFE, 0x3B,
    0xFC, 0x77, 0xBC, 0xEF, 0x7D, 0xDE, 0x7B, 0xBC, 0xFF, 0x78, 0xFE, 0xF0, 0xFD, 0xE1, 0xFB, 0xC1,
    0xF7, 0x83, 0xE0, 0x03, 0xC0, 0x78, 0x0F, 0x00, 0xE0, 0xE7, 0x8F, 0xFE, 0xFF, 0xEF, 0x9E, 0xF1,
    0xEF, 0x0E, 0xF0, 0xEF, 0x0E, 0xF0, 0xEF, 0x0E, 0xF0, 0xEF, 0x0E, 0x78, 0x1D, 0xF8, 0x3B, 0xF8,
    0x77, 0xF0, 0xEF, 0xF1, 0xDF, 0xE3, 0xBD, 0xE7, 0x7B, 0xEE, 0xF3, 0xDD, 0xE7, 0xFB, 0xC7, 0xF7,
    0x87, 0xEF, 0x0F, 0xDE, 0x0F, 0xBC, 0x1F, 0x00, 0x00, 0x03, 0x80, 0x07, 0x00, 0x1E, 0x00, 0x38,
    0x00, 0xE7, 0x8F, 0xFE, 0xFF, 0xEF, 0x9E, 0xF1, 0xEF, 0x0E, 0xF0, 0xEF, 0x0E, 0xF0, 0xEF, 0x0E,
    0xF0, 0xEF, 0x0E, 0x00, 0x00, 0xF0, 0x0E, 0x00, 0xE0, 0x0C, 0x00, 0x1E, 0x70, 0x1F, 0xC0, 0x1F,
    0x80, 0x1E, 0x00, 0x00, 0x0F, 0x03, 0xBF, 0x07, 0x7F, 0x0E, 0xFE, 0x1D, 0xFE, 0x3B, 0xFC, 0x77,
    0xBC, 0xEF, 0x7D, 0xDE, 0x7B, 0xBC, 0xFF, 0x78, 0xFE, 0xF0, 0xFD, 0xE1, 0xFB, 0xC1, 0xF7, 0x83,
    0xE0, 0x79, 0xE3, 0xFC, 0x1F, 0x80, 0xF0, 0xE7, 0x8F, 0xFE, 0xFF, 0xEF, 0x9E, 0xF1, 0xEF, 0x0E,
    0xF0, 0xEF, 0x0E, 0xF0, 0xEF, 0x0E, 0xF0, 0xEF, 0x0E, 0x38, 0x00, 0x78, 0x00, 0x78, 0x00, 0x77,
    0x3C, 0x77, 0xFE, 0x67, 0xFF, 0x07, 0xCF, 0x07, 0x8F, 0x07, 0x8F, 0x07, 0x8F, 0x07, 0x8F, 0x07,
    0x8F, 0x07, 0x8F, 0x07, 0x8F, 0x07, 0x8F, 0x7C, 0x1D, 0xF8, 0x3B, 0xF8, 0x77, 0xF8, 0xEF, 0xF1,
    0xDF, 0xF3, 0xBD, 0xF7, 0x79, 0xEE, 0xF3, 0xFD, 0xE3, 0xFB, 0xC3, 0xF7, 0x87, 0xEF, 0x07, 0xDE,
    0x07, 0xBC, 0x07, 0x00, 0x0E, 0x01, 0xFC, 0x03, 0xF8, 0x07, 0xE0, 0x0F, 0x00, 0xE7, 0x8F, 0xFE,
    0xFF, 0xEF, 0x9E, 0xF1, 0xEF, 0x0E, 0xF0, 0xEF, 0x0E, 0xF0, 0xEF, 0x0E, 0xF0, 0xEF, 0x0E, 0x00,
    0xE0, 0x1E, 0x07, 0xE0, 0x7E, 0x07, 0xC0, 0x1F, 0xE0, 0x3F, 0xC0, 0x3F, 0x80, 0x00, 0x01, 0xFE,
    0x07, 0xFF, 0x1F, 0xFE, 0x3C, 0x3E, 0xF0, 0x3D, 0xE0, 0x7F, 0xC0, 0x7F, 0x80, 0xFF, 0x01, 0xFE,
    0x07, 0xFC, 0x0F, 0x7C, 0x3E, 0x7F, 0xF8, 0x7F, 0xF0, 0x7F, 0x80, 0x1C, 0x00, 0x1F, 0xC0, 0xFE,
    0x07, 0xF0, 0x1F, 0x03, 0xFE, 0x1F, 0xF1, 0xE3, 0xCF, 0x1E, 0x78, 0xF3, 0xC7, 0x9E, 0x3C, 0xF1,
    0xE7, 0xFF, 0x1F, 0xF0, 0x7F, 0x00, 0x40, 0x00, 0x00, 0x38, 0xE0, 0x7F, 0x80, 0x7F, 0x00, 0x38,
    0x00, 0x00, 0x07, 0xF8, 0x1F, 0xFC, 0x7F, 0xF8, 0xF0, 0xFB, 0xC0, 0xF7, 0x81, 0xFF, 0x01, 0xFE,
    0x03, 0xFC, 0x07, 0xF8, 0x1F, 0xF0, 0x3D, 0xF0, 0xF9, 0xFF, 0xE1, 0xFF, 0xC1, 0xFE, 0x00, 0x70,
    0x00, 0x00, 0x01, 0xC7, 0x07, 0xF8, 0x3F, 0x80, 0x70, 0x07, 0xC0, 0xFF, 0x87, 0xFC, 0x78, 0xF3,
    0xC7, 0x9E, 0x3C, 0xF1, 0xE7, 0x8F, 0x3C, 0x79, 0xFF, 0xC7, 0xFC, 0x1F, 0xC0, 0x10, 0x00, 0x0F,
    0xF0, 0x3F, 0xC0, 0x77, 0x01, 0xDC, 0x00, 0x00, 0x03, 0xFC, 0x0F, 0xFE, 0x3F, 0xFC, 0x78, 0x7D,
    0xE0, 0x7B, 0xC0, 0xFF, 0x80, 0xFF, 0x01, 0xFE, 0x03, 0xFC, 0x0F, 0xF8, 0x1E, 0xF8, 0x7C, 0xFF,
    0xF0, 0xFF, 0xE0, 0xFF, 0x00, 0x38, 0x00, 0x1F, 0xE1, 0xFE, 0x0E, 0xE0, 0x66, 0x00, 0xF8, 0x1F,
    0xF0, 0xFF, 0x8F, 0x1E, 0x78, 0xF3, 0xC7, 0x9E, 0x3C, 0xF1, 0xE7, 0x8F, 0x3F, 0xF8, 0xFF, 0x83,
    0xF8, 0x02, 0x00, 0x00, 0x00, 0x03, 0xFF, 0xF8, 0xFF, 0xFF, 0x3F, 0xFF, 0xE7, 0x87, 0x81, 0xE0,
    0xF0, 0x3C, 0x1E, 0x07, 0x83, 0xFE, 0xF0, 0x7F, 0xDE, 0x0F, 0xFB, 0xC1, 0xE0, 0x78, 0x3C, 0x07,
    0x87, 0x80, 0xFF, 0xFF, 0x8F, 0xFF, 0xF0, 0xFF, 0xFE, 0x03, 0x00, 0x00, 0x0F, 0x8F, 0x83, 0xFF,
    0xFC, 0x3F, 0xFF, 0xE7, 0x9F, 0x8F, 0x78, 0xF0, 0xF7, 0x8F, 0xFF, 0x70, 0xFF, 0xF7, 0x8F, 0x00,
    0x78, 0xF8, 0x07, 0xFF, 0xFE, 0x3F, 0xFF, 0xE1, 0xFD, 0xFE, 0x06, 0x03, 0x00, 0x03, 0xC0, 0x3C,
    0x03, 0xC0, 0x1C, 0x00, 0x00, 0x7F, 0xC3, 0xFF, 0x9F, 0xFC, 0xF1, 0xE7, 0x87, 0xBC, 0x79, 0xFF,
    0xCF, 0xFC, 0x7F, 0xC3, 0xFF, 0x1E, 0x78, 0xF1, 0xE7, 0x8F, 0x3C, 0x3D, 0xE1, 0xF0, 0x0F, 0x8F,
    0x87, 0x07, 0x0E, 0x77, 0xFB, 0xFD, 0xFE, 0xF8, 0x78, 0x3C, 0x1E, 0x0F, 0x07, 0x83, 0xC1, 0xE0,
    0xFF, 0x87, 0xFF, 0x3F, 0xF9, 0xE3, 0xCF, 0x0F, 0x78, 0xF3, 0xFF, 0x9F, 0xF8, 0xFF, 0x87, 0xFE,
    0x3C, 0xF1, 0xE3, 0xCF, 0x1E, 0x78, 0x7B, 0xC3, 0xE0, 0x00, 0x07, 0x00, 0x78, 0x03, 0x80, 0x1C,
    0x00, 0xE7, 0x7F, 0xBF, 0xDF, 0xEF, 0x87, 0x83, 0xC1, 0xE0, 0xF0, 0x78, 0x3C, 0x1E, 0x00, 0x03,
    0x83, 0xC1, 0xC0, 0xE0, 0x00, 0x79, 0xE1, 0xFE, 0x07, 0xE0, 0x1E, 0x00, 0x00, 0x7F, 0xC3, 0xFF,
    0x9F, 0xFC, 0xF1, 0xE7, 0x87, 0xBC, 0x79, 0xFF, 0xCF, 0xFC, 0x7F, 0xC3, 0xFF, 0x1E, 0x78, 0xF1,
    0xE7, 0x8F, 0x3C, 0x3D, 0xE1, 0xF0, 0x73, 0xCF, 0xE3, 0xF0, 0x78, 0x73, 0x9F, 0xE7, 0xF9, 0xFE,
    0x7C, 0x1E, 0x07, 0x81, 0xE0, 0x78, 0x1E, 0x07, 0x81, 0xE0, 0x07, 0xC0, 0xF0, 0x3C, 0x06, 0x00,
    0x00, 0x3F, 0x8F, 0xFB, 0xFE, 0x78, 0x4F, 0x01, 0xF0, 0x3F, 0x83, 0xF8, 0x1F, 0x80, 0xF8, 0x0F,
    0x41, 0xEF, 0xFD, 0xFF, 0x3F, 0xC0, 0xC0, 0x07, 0xC3, 0xE0, 0xE0, 0x70, 0x1F, 0x1F, 0xF7, 0xF9,
    0xC2, 0x7C, 0x1F, 0xC3, 0xF8, 0x3F, 0x03, 0xDF, 0xF7, 0xF9, 0xFE, 0x1C, 0x00, 0x1F, 0x03, 0xF0,
    0xEF, 0x38, 0xE0, 0x00, 0x3F, 0x8F, 0xFB, 0xFE, 0x78, 0x4F, 0x01, 0xF0, 0x3F, 0x83, 0xF8, 0x1F,
    0x80, 0xF8, 0x0F, 0x41, 0xEF, 0xFD, 0xFF, 0x3F, 0xC0, 0xC0, 0x1E, 0x0F, 0xC7, 0xF9, 0x86, 0x1F,
    0x1F, 0xF7, 0xF9, 0xC2, 0x7C, 0x1F, 0xC3, 0xF8, 0x3F, 0x03, 0xDF, 0xF7, 0xF9, 0xFE, 0x1C, 0x00,
    0x00, 0x03, 0xF8, 0xFF, 0xBF, 0xE7, 0x84, 0xF0, 0x1F, 0x03, 0xF8, 0x3F, 0x81, 0xF8, 0x0F, 0x80,
    0xF4, 0x1E, 0xFF, 0xDF, 0xF3, 0xFC, 0x0E, 0x01, 0xE0, 0x1C, 0x0F, 0x81, 0xF0, 0x1F, 0x1F, 0xF7,
    0xF9, 0xC2, 0x7C, 0x1F, 0xC3, 0xF8, 0x3F, 0x03, 0xDF, 0xF7, 0xF9, 0xFE, 0x1C, 0x07, 0x80, 0x70,
    0xFC, 0x3E, 0x00, 0x79, 0xE7, 0xF8, 0x7E, 0x07, 0x80, 0x00, 0x3F, 0x8F, 0xFB, 0xFE, 0x78, 0x4F,
    0x01, 0xF0, 0x3F, 0x83, 0xF8, 0x1F, 0x80, 0xF8, 0x0F, 0x41, 0xEF, 0xFD, 0xFF, 0x3F, 0xC0, 0xC0,
    0x73, 0xCF, 0xE3, 0xF0, 0x78, 0x1F, 0x1F, 0xF7, 0xF9, 0xC2, 0x7C, 0x1F, 0xC3, 0xF8, 0x3F, 0x03,
    0xDF, 0xF7, 0xF9, 0xFE, 0x1C, 0x00, 0xFF, 0xFF, 0xFF, 0xFF, 0xF0, 0xF0, 0x0F, 0x00, 0xF0, 0x0F,
    0x00, 0xF0, 0x0F, 0x00, 0xF0, 0x0F, 0x00, 0xF0, 0x0F, 0x00, 0xF0, 0x0F, 0x00, 0xE0, 0x0F, 0x00,
    0x38, 0x1F, 0x81, 0xF0, 0x18, 0x1C, 0x0F, 0xDF, 0xFF, 0xF9, 0xC0, 0xE0, 0x70, 0x38, 0x1C, 0x0E,
    0x07, 0xF3, 0xF8, 0xFC, 0x38, 0x1E, 0x07, 0x8F, 0x87, 0xC0, 0x39, 0xE3, 0xFC, 0x1F, 0x80, 0xF0,
    0x00, 0x0F, 0xFF, 0xFF, 0xFF, 0xFF, 0x0F, 0x00, 0xF0, 0x0F, 0x00, 0xF0, 0x0F, 0x00, 0xF0, 0x0F,
    0x00, 0xF0, 0x0F, 0x00, 0xF0, 0x0F, 0x00, 0xF0, 0x00, 0x70, 0x0F, 0x18, 0xE3, 0x8E, 0x3F, 0x0F,
    0xF8, 0xFF, 0x83, 0x80, 0x38, 0x03, 0x80, 0x38, 0x03, 0x80, 0x38, 0x03, 0xF8, 0x3F, 0x81, 0xF8,
    0x06, 0x00, 0xFF, 0xFF, 0xFF, 0xFF, 0xF0, 0xF0, 0x0F, 0x00, 0xF0, 0x3F, 0xC3, 0xFC, 0x3F, 0xC0,
    0xF0, 0x0F, 0x00, 0xF0, 0x0F, 0x00, 0xF0, 0x0F, 0x00, 0x18, 0x1C, 0x0F, 0xDF, 0xFF, 0xF9, 0xC1,
    0xF1, 0xFE, 0xFF, 0x1C, 0x0E, 0x07, 0xF3, 0xF8, 0xFC, 0x18, 0x1E, 0x61, 0xFF, 0x0F, 0xF0, 0x63,
    0x00, 0x00, 0x78, 0x3F, 0xC1, 0xFE, 0x0F, 0xF0, 0x7F, 0x83, 0xFC, 0x1F, 0xE0, 0xFF, 0x07, 0xF8,
    0x3F, 0xC1, 0xFE, 0x0F, 0x78, 0x7B, 0xFF, 0xCF, 0xFC, 0x3F, 0xC0, 0x30, 0x00, 0x1C, 0xC7, 0xF9,
    0xFF, 0x31, 0x8F, 0x0F, 0xE3, 0xFC, 0x7F, 0x8F, 0xF1, 0xFE, 0x3F, 0xC7, 0xF8, 0xFF, 0x1F, 0xFF,
    0xDF, 0xFB, 0xFF, 0x08, 0x00, 0x1F, 0xE0, 0xFF, 0x07, 0xF0, 0x00, 0x0F, 0x07, 0xF8, 0x3F, 0xC1,
    0xFE, 0x0F, 0xF0, 0x7F, 0x83, 0xFC, 0x1F, 0xE0, 0xFF, 0x07, 0xF8, 0x3F, 0xC1, 0xEF, 0x0F, 0x7F,
    0xF9, 0xFF, 0x87, 0xF8, 0x06, 0x00, 0x3F, 0xC7, 0xF8, 0xFE, 0x78, 0x7F, 0x1F, 0xE3, 0xFC, 0x7F,
    0x8F, 0xF1, 0xFE, 0x3F, 0xC7, 0xF8, 0xFF, 0xFE, 0xFF, 0xDF, 0xF8, 0x40, 0x00, 0x00, 0xC3, 0x07,
    0xF8, 0x1F, 0x80, 0x78, 0x00, 0x03, 0xC1, 0xFE, 0x0F, 0xF0, 0x7F, 0x83, 0xFC, 0x1F, 0xE0, 0xFF,
    0x07, 0xF8, 0x3F, 0xC1, 0xFE, 0x0F, 0xF0, 0x7B, 0xC3, 0xDF, 0xFE, 0x7F, 0xE1, 0xFE, 0x01, 0x80,
    0x00, 0x06, 0x18, 0xFF, 0x0F, 0xC0, 0xE1, 0xE1, 0xFC, 0x7F, 0x8F, 0xF1, 0xFE, 0x3F, 0xC7, 0xF8,
    0xFF, 0x1F, 0xE3, 0xFF, 0xFB, 0xFF, 0x7F, 0xE1, 0x00, 0x07, 0x00, 0x7C, 0x03, 0x70, 0x1B, 0x00,
    0xF8, 0x03, 0x80, 0x00, 0x1E, 0x0F, 0xF0, 0x7F, 0x83, 0xFC, 0x1F, 0xE0, 0xFF, 0x07, 0xF8, 0x3F,
    0xC1, 0xFE, 0x0F, 0xF0, 0x7F, 0x83, 0xDE, 0x1E, 0xFF, 0xF3, 0xFF, 0x0F, 0xF0, 0x0C, 0x00, 0x0E,
    0x03, 0xE0, 0x6E, 0x0D, 0xC1, 0xF0, 0x1C, 0x3C, 0x3F, 0x8F, 0xF1, 0xFE, 0x3F, 0xC7, 0xF8, 0xFF,
    0x1F, 0xE3, 0xFC, 0x7F, 0xFF, 0x7F, 0xEF, 0xFC, 0x20, 0x00, 0x1F, 0xE0, 0xFF, 0x0E, 0xE0, 0x66,
    0x00, 0x00, 0x78, 0x3F, 0xC1, 0xFE, 0x0F, 0xF0, 0x7F, 0x83, 0xFC, 0x1F, 0xE0, 0xFF, 0x07, 0xF8,
    0x3F, 0xC1, 0xFE, 0x0F, 0x78, 0x7B, 0xFF, 0xCF, 0xFC, 0x3F, 0xC0, 0x30, 0x00, 0x3F, 0xC7, 0xF9,
    0xDC, 0x33, 0x0F, 0x0F, 0xE3, 0xFC, 0x7F, 0x8F, 0xF1, 0xFE, 0x3F, 0xC7, 0xF8, 0xFF, 0x1F, 0xFF,
    0xDF, 0xFB, 0xFF, 0x08, 0x00, 0xF0, 0x7F, 0x83, 0xFC, 0x1F, 0xE0, 0xFF, 0x07, 0xF8, 0x3F, 0xC1,
    0xFE, 0x0F, 0xF0, 0x7F, 0x83, 0xFC, 0x1E, 0xF0, 0xF7, 0xFF, 0x9F, 0xF8, 0x7F, 0x80, 0x78, 0x01,
    0xC0, 0x0E, 0x00, 0x78, 0x03, 0xC0, 0xF0, 0xFE, 0x3F, 0xC7, 0xF8, 0xFF, 0x1F, 0xE3, 0xFC, 0x7F,
    0x8F, 0xF1, 0xFF, 0xFD, 0xFF, 0xBF, 0xF0, 0x9C, 0x03, 0x80, 0xF8, 0x0F, 0x01, 0xE0, 0x00, 0xF0,
    0x00, 0x0F, 0xC0, 0x00, 0xFF, 0x00, 0x06, 0x18, 0x00, 0x00, 0x00, 0x78, 0x78, 0x3B, 0xC3, 0xC3,
    0xDE, 0x1F, 0x1E, 0xF1, 0xF8, 0xF3, 0xCF, 0xC7, 0x1E, 0x7E, 0x78, 0xF3, 0xFB, 0xC3, 0xBF, 0xDE,
    0x1D, 0xCE, 0xE0, 0xFE, 0x7F, 0x07, 0xF3, 0xF8, 0x1F, 0x9F, 0xC0, 0xF8, 0x7C, 0x07, 0xC3, 0xE0,
    0x3E, 0x1F, 0x00, 0x01, 0xE0, 0x00, 0xFC, 0x00, 0x7F, 0x80, 0x18, 0x60, 0xF1, 0xE3, 0xFC, 0x78,
    0xFF, 0x3E, 0x39, 0xCF, 0xDE, 0x7B, 0xF7, 0x9E, 0xFD, 0xE7, 0xF7, 0x70, 0xFC, 0xFC, 0x3F, 0x3F,
    0x0F, 0xCF, 0x81, 0xE3, 0xE0, 0x78, 0xF8, 0x0F, 0x80, 0x7F, 0x03, 0xDE, 0x0E, 0x38, 0x00, 0x03,
    0xC1, 0xEF, 0x87, 0x9E, 0x3C, 0x7C, 0xF0, 0xF7, 0x83, 0xFE, 0x07, 0xF0, 0x0F, 0x80, 0x3E, 0x00,
    0x78, 0x01, 0xE0, 0x07, 0x80, 0x1E, 0x00, 0x78, 0x01, 0xE0, 0x0F, 0x01, 0xF8, 0x3F, 0xC3, 0x0C,
    0xF0, 0xFF, 0x0F, 0xF0, 0xF7, 0x9E, 0x79, 0xE3, 0x9C, 0x3F, 0xC3, 0xFC, 0x1F, 0x81, 0xF8, 0x0F,
    0x80, 0xF0, 0x0F, 0x01, 0xE0, 0xFE, 0x0F, 0xC0, 0xF8, 0x00, 0x1D, 0xC0, 0x77, 0x81, 0xDC, 0x00,
    0x00, 0x00, 0x03, 0xC1, 0xEF, 0x87, 0x9E, 0x3C, 0x7C, 0xF0, 0xF7, 0x83, 0xFE, 0x07, 0xF0, 0x0F,
    0x80, 0x3E, 0x00, 0x78, 0x01, 0xE0, 0x07, 0x80, 0x1E, 0x00, 0x78, 0x01, 0xE0, 0x03, 0xC0, 0x78,
    0x0F, 0x00, 0xC0, 0x00, 0x0F, 0xFF, 0xFF, 0xFF, 0xFF, 0x01, 0xE0, 0x3C, 0x07, 0x80, 0x78, 0x0F,
    0x01, 0xE0, 0x3E, 0x03, 0xC0, 0x78, 0x0F, 0xFF, 0xFF, 0xFF, 0xFF, 0x07, 0xC3, 0xE0, 0xE0, 0x70,
    0x7F, 0xDF, 0xF7, 0xFC, 0x1E, 0x0F, 0x83, 0xC1, 0xE0, 0xF0, 0x7C, 0x1F, 0xFF, 0xFF, 0xFF, 0x0F,
    0x00, 0xF0, 0x0F, 0x00, 0x20, 0x00, 0x0F, 0xFF, 0xFF, 0xFF, 0xFF, 0x01, 0xE0, 0x3C, 0x07, 0x80,
    0x78, 0x0F, 0x01, 0xE0, 0x3E, 0x03, 0xC0, 0x78, 0x0F, 0xFF, 0xFF, 0xFF, 0xFF, 0x1E, 0x07, 0x81,
    0xE0, 0x10, 0x7F, 0xDF, 0xF7, 0xFC, 0x1E, 0x0F, 0x83, 0xC1, 0xE0, 0xF0, 0x7C, 0x1F, 0xFF, 0xFF,
    0xFF, 0x39, 0xE3, 0xFC, 0x1F, 0x80, 0xF0, 0x00, 0x0F, 0xFF, 0xFF, 0xFF, 0xFF, 0x01, 0xE0, 0x3C,
    0x07, 0x80, 0x78, 0x0F, 0x01, 0xE0, 0x3E, 0x03, 0xC0, 0x78, 0x0F, 0xFF, 0xFF, 0xFF, 0xFF, 0x73,
    0xCF, 0xE3, 0xF0, 0x78, 0x7F, 0xDF, 0xF7, 0xFC, 0x1E, 0x0F, 0x83, 0xC1, 0xE0, 0xF0, 0x7C, 0x1F,
    0xFF, 0xFF, 0xFF, 0x3F, 0x7F, 0xFE, 0xF0, 0xF0, 0xF0, 0xF0, 0xF0, 0xF0, 0xF0, 0xF0, 0xF0, 0xF0,
    0xF0, 0xF0, 0xF0, 0x78, 0x07, 0xF8, 0x3F, 0xC1, 0xFE, 0x07, 0xBC, 0x3F, 0xF1, 0xFF, 0xCF, 0xFE,
    0x78, 0xFB, 0xC3, 0xDE, 0x1E, 0xF0, 0xF7, 0xCF, 0x3F, 0xF9, 0xFF, 0xCF, 0xFC, 0x01, 0x80, 0x7F,
    0xF8, 0xFF, 0xFE, 0xFF, 0xFE, 0xEF, 0x1E, 0xEF, 0x1E, 0x0F, 0x3E, 0x0F, 0xFC, 0x0F, 0xFC, 0x0F,
    0xFE, 0x0F, 0x1F, 0x0F, 0x0F, 0x0F, 0x1F, 0x0F, 0xFE, 0x0F, 0xFE, 0x0F, 0xFC, 0x7F, 0xEF, 0xFE,
    0xFF, 0xEF, 0x00, 0xF0, 0x0F, 0xC0, 0xFF, 0xCF, 0xFE, 0xFF, 0xEF, 0x0F, 0xF0, 0xFF, 0x1F, 0xFF,
    0xEF, 0xFE, 0xFF, 0x80, 0xFF, 0xEF, 0xFE, 0xFF, 0xEF, 0x00, 0xF7, 0x8F, 0xFC, 0xFF, 0xEF, 0xFE,
    0xF1, 0xFF, 0x0F, 0xF0, 0xFF, 0x0F, 0xF9, 0xEF, 0xFE, 0xFF, 0xEF, 0xFC, 0x03, 0x00, 0xF0, 0x0F,
    0x00, 0xF0, 0x0F, 0x00, 0xF0, 0x0F, 0xE0, 0xFF, 0xCF, 0xFE, 0xFF, 0xFF, 0x0F, 0xF0, 0xFF, 0x8F,
    0x7F, 0xF7, 0xFE, 0x3F, 0xC0, 0x70, 0xF0, 0x0F, 0x00, 0xF0, 0x0F, 0x00, 0xF7, 0x8F, 0xFC, 0xFF,
    0xEF, 0x9E, 0xF1, 0xFF, 0x0F, 0xF0, 0xFF, 0x0F, 0xF9, 0xE7, 0xFE, 0x7F, 0xC3, 0xF8, 0x06, 0x00,
    0x00, 0x03, 0xFC, 0x1F, 0xF8, 0xFF, 0xC4, 0x1F, 0x00, 0x78, 0x03, 0xC0, 0x0F, 0x00, 0x78, 0x03,
    0xC0, 0x3C, 0x01, 0xE0, 0x1F, 0x3F, 0xF1, 0xFF, 0x0F, 0xF0, 0x0C, 0x00, 0x00, 0x18, 0x01, 0xF0,
    0x07, 0xC0, 0x1F, 0x1F, 0xF0, 0xFF, 0xC7, 0xFE, 0x1E, 0x18, 0xF8, 0x03, 0xC0, 0x0F, 0x00, 0x3C,
    0x00, 0xF0, 0x03, 0xC0, 0x0F, 0x00, 0x1E, 0x08, 0x7F, 0xE0, 0xFF, 0x81, 0xFE, 0x00, 0xC0, 0x00,
    0xF0, 0x0F, 0x80, 0x7C, 0x03, 0x80, 0xFC, 0x1F, 0xE0, 0xFF, 0x0F, 0xB8, 0x78, 0x03, 0xC0, 0x1E,
    0x00, 0xF0, 0x07, 0x80, 0x3F, 0xE0, 0xFF, 0x03, 0xF8, 0x07, 0x00, 0x7F, 0xE0, 0xFF, 0xE1, 0xFF,
    0xE3, 0xC3, 0xE7, 0x83, 0xCF, 0x07, 0xBF, 0xCF, 0x7F, 0x9E, 0xFF, 0x3C, 0xF0, 0x79, 0xE0, 0xF3,
    0xC3, 0xE7, 0xFF, 0x8F, 0xFE, 0x1F, 0xF8, 0x00, 0x7F, 0xF8, 0x7F, 0xFF, 0x3F, 0xFF, 0xDD, 0xE3,
    0xEE, 0xF0, 0xF8, 0x78, 0x3C, 0x3C, 0x1E, 0x1E, 0x0F, 0x0F, 0x07, 0x87, 0x83, 0xC3, 0xC3, 0xE1,
    0xE3, 0xE0, 0xFF, 0xF0, 0x7F, 0xF0, 0x3F, 0xE0, 0x3F, 0xF3, 0xFF, 0x3F, 0xF0, 0x0F, 0x00, 0xF0,
    0x3F, 0x1F, 0xF3, 0xFF, 0x7F, 0xF7, 0x8F, 0x78, 0xF7, 0x8F, 0x7F, 0xF3, 0xFF, 0x1F, 0xF0, 0x3F,
    0xF3, 0xFF, 0x3F, 0xF0, 0x0F, 0x0E, 0xF3, 0xFF, 0x7F, 0xF7, 0xFF, 0x78, 0xF7, 0x8F, 0x78, 0xF7,
    0x8F, 0x78, 0xF7, 0xFF, 0x3F, 0xF3, 0xF7, 0x04, 0x00, 0x1F, 0x07, 0xFC, 0x7F, 0xEF, 0x9E, 0xF0,
    0xFF, 0x0F, 0xF0, 0xFF, 0x1E, 0x7F, 0xE7, 0xFC, 0x1F, 0x80, 0xFC, 0x03, 0xC6, 0x3C, 0x7F, 0xC7,
    0xF8, 0x3F, 0x00, 0xFF, 0xFF, 0xFF, 0xE0, 0xF0, 0x78, 0x3F, 0xFF, 0xFF, 0xFF, 0x83, 0xC1, 0xE0,
    0xFF, 0xFF, 0xFF, 0xFE, 0x00, 0x00, 0x7F, 0xE1, 0xFF, 0xE3, 0xFF, 0xE7, 0x03, 0xC0, 0x03, 0xC0,
    0x07, 0xFF, 0xFF, 0xFF, 0xFF, 0xFF, 0xFF, 0xFF, 0xFB, 0x80, 0xF7, 0x83, 0xC7, 0xFF, 0x8F, 0xFE,
    0x0F, 0xF8, 0x03, 0x80, 0x00, 0x00, 0xFF, 0x0F, 0xFE, 0xFF, 0xE7, 0x83, 0x3C, 0x01, 0xF8, 0x07,
    0xFC, 0x1F, 0xE3, 0xFE, 0x1E, 0x00, 0xE0, 0x07, 0x80, 0x3F, 0xFD, 0xFF, 0xE3, 0xFF, 0x03, 0x80,
    0x03, 0xFC, 0x07, 0xF8, 0x0F, 0xF0, 0x1C, 0x00, 0x38, 0x00, 0x78, 0x00, 0xFF, 0x01, 0xFE, 0x03,
    0xFC, 0x07, 0x00, 0x0E, 0x00, 0x1C, 0x00, 0x38, 0x00, 0x70, 0x10, 0xE0, 0x79, 0xC0, 0xF3, 0x81,
    0xFF, 0x01, 0xFE, 0x01, 0xF8, 0x00, 0x00, 0x00, 0x03, 0xF0, 0x7F, 0x07, 0xE0, 0xF0, 0x0F, 0xE1,
    0xFE, 0x1F, 0xE0, 0xF0, 0x0F, 0x00, 0xF0, 0x0F, 0x00, 0xF0, 0x0F, 0x00, 0xF0, 0x0F, 0x08, 0xF0,
    0xEF, 0x0E, 0xF0, 0xFF, 0x0F, 0xF0, 0x7E, 0x00, 0x00, 0x00, 0x0C, 0x00, 0x7C, 0x00, 0xF8, 0x01,
    0xF0, 0xFF, 0x87, 0xFF, 0x1F, 0xFC, 0x3E, 0x08, 0xF8, 0x01, 0xE0, 0x03, 0xC7, 0xE7, 0x9F, 0xCF,
    0x3F, 0x9E, 0x3F, 0x3C, 0x1E, 0x3C, 0x3C, 0x7F, 0xF8, 0x7F, 0xF0, 0x7F, 0xE0, 0x1C, 0x00, 0xF0,
    0x3F, 0xC1, 0xE7, 0x87, 0x9E, 0x1C, 0x78, 0xF0, 0xF3, 0xC3, 0xDE, 0x07, 0x78, 0x1F, 0xC0, 0x7F,
    0x00, 0xF8, 0x03, 0xE0, 0x07, 0x80, 0x3E, 0x00, 0xF8, 0x03, 0xF0, 0x1D, 0xC0, 0x77, 0x00, 0xFC,
    0x03, 0xE0, 0xF0, 0x00, 0x1E, 0x00, 0x03, 0xC0, 0x00, 0x78, 0x00, 0x0F, 0x78, 0x1D, 0xFF, 0x87,
    0xBF, 0xF8, 0xF7, 0xCF, 0x1E, 0xF1, 0xE3, 0xDE, 0x3C, 0x7B, 0xC7, 0x8F, 0x78, 0xF1, 0xEF, 0x1E,
    0x3D, 0xE1, 0xFF, 0xBC, 0x3F, 0xF7, 0x83, 0xFC, 0x00, 0x1C, 0x00, 0xF8, 0xF8, 0xF8, 0xF8, 0xF8,
    0xF8, 0xF8, 0xF8, 0xF8, 0xF8, 0xF8, 0xF8, 0x7F, 0x7F, 0x3F, 0x0C, 0xFF, 0xFF, 0x7E, 0x3C, 0x3C,
    0x3C, 0xFF, 0xFF, 0xFF, 0x3C, 0x3C, 0x3C, 0x7E, 0xFF, 0xFF, 0x00, 0x03, 0x83, 0xFC, 0x3F, 0xE3,
    0xFF, 0x3C, 0x7B, 0xE3, 0xDE, 0x1F, 0xE0, 0xFF, 0x07, 0xFC, 0x3F, 0xF1, 0xE7, 0x8F, 0x1E, 0x78,
    0xFB, 0xC3, 0xDE, 0x0F, 0x7C, 0x07, 0xC0, 0xFC, 0x0F, 0x00, 0xF0, 0xFF, 0x1E, 0xF3, 0xCF, 0x78,
    0xFF, 0x8F, 0xF0, 0xFF, 0x0F, 0xF8, 0xF7, 0xCF, 0x3C, 0xF1, 0xEF, 0x1F, 0x38, 0xF1, 0xE3, 0xC7,
    0x8F, 0x1E, 0x7F, 0xFF, 0xFD, 0xE3, 0xC7, 0x8F, 0x1E, 0x3C, 0x7C, 0x03, 0xF4, 0x1F, 0xE0, 0x7F,
    0x03, 0xF0, 0x07, 0x80, 0x3E, 0x03, 0xF0, 0x1F, 0xC0, 0xFE, 0x0F, 0xF0, 0x7B, 0xC7, 0x9E, 0x3C,
    0xFF, 0xC3, 0xFE, 0x1F, 0x00, 0x30, 0xF0, 0xF1, 0xFE, 0x1E, 0x3F, 0xC3, 0xC7, 0xF8, 0x78, 0xFF,
    0x0F, 0x1F, 0xE1, 0xE3, 0xFC, 0x3C, 0x7F, 0x87, 0x8F, 0xF0, 0xF1, 0xFE, 0x1E, 0x3F, 0xC3, 0xC7,
    0xFC, 0xF8, 0xF7, 0xFF, 0xFE, 0xFF, 0xFF, 0xCF, 0xDF, 0xB8, 0x60, 0xC0, 0x1E, 0x07, 0x1F, 0x83,
    0x8F, 0xE1, 0xC7, 0xF0, 0xE3, 0xFC, 0x71, 0xFE, 0x38, 0xF7, 0x9C, 0x7B, 0xEE, 0x3C, 0xF7, 0x1E,
    0x7F, 0x8F, 0x1F, 0xC7, 0x87, 0xE3, 0xC3, 0xF1, 0xE0, 0xF8, 0xF0, 0x7C, 0x78, 0x00, 0x3C, 0x00,
    0x7E, 0x00, 0x3F, 0x00, 0x1F, 0x00, 0x00, 0xE7, 0x9F, 0xFB, 0xFF, 0xFC, 0xFF, 0x1F, 0xE3, 0xFC,
    0x7F, 0x8F, 0xF1, 0xFE, 0x3F, 0xC7, 0xF8, 0xF0, 0x1E, 0x03, 0xC0, 0x78, 0x0F, 0x01, 0xE0, 0x00,
    0x00, 0x3F, 0xC0, 0xFF, 0xE3, 0xFF, 0xC7, 0x83, 0xDE, 0x07, 0xBC, 0x07, 0xFF, 0xFF, 0xFF, 0xFF,
    0xFF, 0xFF, 0xC0, 0x7F, 0x81, 0xEF, 0x83, 0xCF, 0xFF, 0x0F, 0xFE, 0x0F, 0xF0, 0x03, 0x80, 0x00,
    0x07, 0x8F, 0xF3, 0xCF, 0xFF, 0xCF, 0xFF, 0xE7, 0x87, 0xE7, 0x81, 0xE3, 0xC0, 0xF9, 0xE0, 0x3C,
    0xF0, 0x1E, 0x78, 0x0F, 0x3C, 0x0F, 0x9E, 0x07, 0x8F, 0x87, 0xC3, 0xFF, 0xC0, 0xFF, 0xE0, 0x3F,
    0xC0, 0x03, 0x80, 0x00, 0x00, 0x00, 0x00, 0x3C, 0x3E, 0x79, 0xFF, 0xF3, 0xFF, 0xCF, 0xBE, 0x1E,
    0x3C, 0x3C, 0x78, 0x78, 0xF0, 0xF1, 0xE1, 0xE3, 0xC3, 0xFF, 0x83, 0xFE, 0x03, 0xF8, 0x00, 0x80,
    0x00, 0x00, 0x00, 0x00, 0xFF, 0x3F, 0x0F, 0xFF, 0xFC, 0xFF, 0xFF, 0xF7, 0x87, 0xC7, 0xFC, 0x1E,
    0x3F, 0xC0, 0xF1, 0xFE, 0x07, 0x8F, 0xF0, 0x3C, 0x7F, 0x81, 0xE3, 0xFC, 0x0F, 0x1F, 0xE0, 0x78,
    0xF7, 0x87, 0xC7, 0xBF, 0xFC, 0x3C, 0xFF, 0xC1, 0xE3, 0xFC, 0x0F, 0x03, 0x00, 0x00, 0x0F, 0x8F,
    0x0F, 0xFF, 0xE3, 0xFF, 0xFD, 0xE7, 0xCF, 0x78, 0xF3, 0xDE, 0x3C, 0xF7, 0x0F, 0x3D, 0xE3, 0xCF,
    0x78, 0xF3, 0xDF, 0xF8, 0xF3, 0xFE, 0x3C, 0x7F, 0x0F, 0x06, 0x03, 0xC0, 0x00, 0xF0, 0x00, 0x3C,
    0x00, 0x0F, 0x00, 0x03, 0xC0, 0x7F, 0xF9, 0xFF, 0xFB, 0xFF, 0xFF, 0x79, 0xFE, 0xF1, 0xE1, 0xE3,
    0xC3, 0xCF, 0x87, 0xFE, 0x0F, 0xFC, 0x1F, 0xE0, 0x3C, 0x00, 0x78, 0x00, 0xF0, 0x01, 0xE0, 0x03,
    0xC0, 0x00, 0x7C, 0x07, 0xC0, 0xFC, 0x0F, 0x00, 0xF7, 0x8F, 0xFC, 0xFF, 0xEF, 0x9E, 0xF1, 0xFF,
    0x0F, 0xF0, 0xFF, 0x0F, 0xF9, 0xEF, 0xFE, 0xFF, 0xEF, 0xFC, 0xF3, 0x0F, 0x00, 0xF0, 0x0F, 0x00,
    0xF0, 0x00, 0x70, 0x07, 0x80, 0x3F, 0xE1, 0xFF, 0x8F, 0xFE, 0x78, 0xF3, 0xC3, 0xDE, 0x3E, 0xFF,
    0xE7, 0xFF, 0x3F, 0xE1, 0xFF, 0x0F, 0x3C, 0x78, 0xF3, 0xC7, 0xC0, 0x1E, 0x00, 0xF8, 0x00, 0x00,
    0x00, 0x0F, 0xF1, 0xFF, 0x3F, 0xF2, 0x1E, 0x03, 0xC0, 0xF8, 0xFE, 0x3F, 0x8F, 0xE1, 0xF0, 0x3C,
    0x07, 0x82, 0xFF, 0xDF, 0xF9, 0xFF, 0x06, 0x00, 0x3F, 0x1F, 0xE7, 0xFC, 0x8F, 0x07, 0xCF, 0xE7,
    0xF1, 0xF0, 0xF8, 0x1F, 0xF7, 0xFC, 0xFF, 0x0E, 0x00, 0xFF, 0xFF, 0xFF, 0xFF, 0xF7, 0xC0, 0x3E,
    0x01, 0xF0, 0x0F, 0x00, 0xF0, 0x1F, 0x01, 0xE0, 0x3C, 0x07, 0x80, 0xFF, 0xFF, 0xFF, 0xFF, 0xF0,
    0x00, 0x0F, 0xC1, 0xF8, 0x77, 0x87, 0xF0, 0xFE, 0x03, 0xC0, 0x78, 0x0F, 0x01, 0xE0, 0x3C, 0x07,
    0x80, 0xF0, 0x1E, 0x03, 0xC0, 0x78, 0x0F, 0x01, 0xE0, 0x3C, 0x07, 0xF0, 0xFE, 0x0F, 0xC0, 0x18,
    0x1E, 0x0F, 0xFF, 0xFF, 0xF9, 0xE0, 0xF0, 0x78, 0x3C, 0x1E, 0x0F, 0x07, 0xF3, 0xF8, 0xFC, 0x1E,
    0x0F, 0x0F, 0x8F, 0x87, 0xC0, 0x7F, 0xFF, 0xFF, 0xFF, 0xFF, 0xCF, 0x0E, 0x78, 0x03, 0xC0, 0x1E,
    0x00, 0xF0, 0x07, 0x80, 0x3C, 0x01, 0xE0, 0x0F, 0x00, 0x78, 0x03, 0xC0, 0x1E, 0x00, 0x1F, 0x1F,
    0x8F, 0xC7, 0x83, 0xFF, 0xFF, 0xFE, 0x78, 0x3C, 0x1E, 0x0F, 0x07, 0x83, 0xC1, 0xFC, 0xFE, 0x3F,
    0x06, 0x00, 0xFF, 0xFF, 0xFF, 0xFF, 0xF0, 0xF0, 0x0F, 0x00, 0xF0, 0x0F, 0x00, 0xF0, 0x0F, 0x00,
    0xF0, 0x0F, 0x00, 0xF0, 0x0F, 0x00, 0xF0, 0x0F, 0x00, 0xF0, 0x0F, 0x00, 0xFC, 0x07, 0xC0, 0x7C,
    0x00, 0x03, 0xFC, 0x1E, 0xFF, 0x07, 0xFB, 0xC1, 0xFE, 0xF0, 0x7E, 0x3C, 0x1E, 0x0F, 0x07, 0x83,
    0xC1, 0xE0, 0xF0, 0x78, 0x3C, 0x1E, 0x0F, 0x07, 0x83, 0xC1, 0xE0, 0x78, 0x78, 0x1F, 0xFE, 0x03,
    0xFF, 0x00, 0x7F, 0x80, 0x03, 0x00, 0x00, 0x00, 0x00, 0x00, 0x0F, 0xF0, 0xEF, 0xF1, 0xFE, 0xF1,
    0xFC, 0xF1, 0xF8, 0xF1, 0xE0, 0xF1, 0xE0, 0xF1, 0xE0, 0xF1, 0xE0, 0xF1, 0xE0, 0xFF, 0xE0, 0x7F,
    0xE0, 0x7F, 0xE0, 0x08, 0x00, 0xFE, 0x7F, 0xFE, 0x7F, 0xFE, 0x7F, 0x1E, 0x7C, 0x3C, 0x1C, 0x78,
    0x1E, 0x78, 0x1E, 0x78, 0x0F, 0x78, 0x0F, 0x78, 0x1F, 0x78, 0x1E, 0x7C, 0x3E, 0x3F, 0xFE, 0x1F,
    0xFC, 0x0F, 0xF8, 0x01, 0x80, 0x00, 0x07, 0x8F, 0xBC, 0x7F, 0xE3, 0xFF, 0x07, 0xF8, 0x3F, 0xC1,
    0xFE, 0x0F, 0xF0, 0x7F, 0x83, 0xBC, 0x3D, 0xE1, 0xEF, 0x1E, 0x3F, 0xE1, 0xFF, 0x07, 0xE0, 0x0C,
    0x00, 0x00, 0x03, 0xC1, 0xEF, 0x8F, 0x9E, 0x3E, 0x7D, 0xE0, 0xF7, 0x83, 0xFC, 0x07, 0xF0, 0x0F,
    0x80, 0x3E, 0x00, 0x78, 0x01, 0xE0, 0x07, 0x80, 0x1E, 0x00, 0x78, 0x01, 0xE0, 0xF0, 0x7F, 0x87,
    0xDE, 0x3E, 0xF3, 0xE7, 0x9E, 0x1E, 0xF0, 0xFF, 0x03, 0xF8, 0x1F, 0xC0, 0xFC, 0x03, 0xE0, 0x1E,
    0x00, 0xF0, 0x07, 0x81, 0xF8, 0x0F, 0xC0, 0x78, 0x00, 0xFF, 0xFF, 0xFF, 0xFF, 0xF0, 0x1E, 0x03,
    0xC0, 0x78, 0x7F, 0xE7, 0xFE, 0x7F, 0xE3, 0xE0, 0x3C, 0x07, 0x80, 0xFF, 0xFF, 0xFF, 0xFF, 0xF0,
    0x7F, 0xDF, 0xF7, 0xFC, 0x1E, 0x0F, 0x9F, 0xF7, 0xFD, 0xFE, 0x7C, 0x1F, 0xFF, 0xFF, 0xFF, 0x7F,
    0xE7, 0xFE, 0x7F, 0xE0, 0x7C, 0x0F, 0x81, 0xF0, 0x1F, 0x83, 0xFE, 0x1F, 0xE0, 0x1F, 0x00, 0xF0,
    0x0F, 0xFF, 0xEF, 0xFE, 0xFF, 0xC0, 0xE0, 0x7F, 0xF7, 0xFF, 0x7F, 0xF3, 0xE0, 0x1F, 0x00, 0xF8,
    0x1F, 0xC3, 0xFC, 0x7F, 0xC7, 0x80, 0xF0, 0x07, 0x80, 0x7F, 0xF7, 0xFF, 0x1F, 0xF0, 0x38, 0x7F,
    0xE7, 0xFF, 0x7F, 0xF3, 0xC0, 0x1E, 0x00, 0xF0, 0x07, 0x81, 0xFC, 0x3F, 0xC7, 0xF8, 0x78, 0x0F,
    0x00, 0xF0, 0x07, 0x83, 0x7F, 0xF3, 0xFF, 0x1F, 0xE0, 0xFF, 0xFF, 0xFF, 0xFC, 0x3E, 0x1F, 0x0F,
    0x83, 0xF8, 0xFF, 0x03, 0xC0, 0xF3, 0xFF, 0xFE, 0xFF, 0x38, 0x0F, 0xFB, 0xFE, 0x7F, 0x80, 0x3F,
    0x07, 0xFC, 0xFF, 0xC7, 0x3C, 0x01, 0xE0, 0x1C, 0x03, 0xC7, 0xFE, 0x7F, 0xE7, 0xFE, 0x1E, 0x03,
    0xE0, 0x7C, 0x0F, 0xFE, 0xFF, 0xEF, 0xFE, 0xFF, 0xEF, 0xFE, 0xFF, 0xE3, 0xC0, 0x3C, 0x03, 0xF0,
    0x3F, 0xC3, 0xFE, 0x1F, 0xE0, 0x0F, 0x00, 0xF0, 0x1E, 0xFF, 0xEF, 0xFC, 0xFF, 0x81, 0xC0, 0x7F,
    0xEF, 0xFD, 0xFF, 0x9E, 0x03, 0xC0, 0x7F, 0x8F, 0xF8, 0xFF, 0x01, 0xFF, 0xFF, 0xFF, 0x3F, 0xC0,
    0xC0, 0x1C, 0x07, 0x03, 0xF9, 0xFE, 0xFF, 0x8F, 0x03, 0xC0, 0x7C, 0x1F, 0x81, 0xF0, 0x3F, 0xDF,
    0xFF, 0xBF, 0xE1, 0xC0, 0xE7, 0x8F, 0xFC, 0xFF, 0xEF, 0x9E, 0xF1, 0xFF, 0x0F, 0xF1, 0xFF, 0x1E,
    0xF3, 0xEF, 0xFC, 0xFF, 0x8F, 0xF0, 0xF8, 0x0F, 0x00, 0xF0, 0x0F, 0x00, 0xF0, 0x00, 0x67, 0x77,
    0x77, 0x77, 0x77, 0x77, 0x77, 0x77, 0x63, 0xB9, 0xDC, 0xEE, 0x77, 0x3B, 0x9D, 0xCE, 0xE7, 0x73,
    0xB9, 0xDC, 0xEE, 0x77, 0x3B, 0x9D, 0xCE, 0xE7, 0x1C, 0x0E, 0x07, 0x03, 0x81, 0xC7, 0xFF, 0xFE,
    0x38, 0xFF, 0xFF, 0xFF, 0xE3, 0x81, 0xC0, 0xE0, 0x70, 0x38, 0xFF, 0xFF, 0xFF, 0xFF, 0xFF, 0x64,
    0xFF, 0xF6, 0x00, 0x00, 0xE7, 0x80, 0x00, 0x1F, 0xC0, 0x00, 0x07, 0xE0, 0x00, 0x00, 0xF8, 0x00,
    0x00, 0x00, 0x3F, 0xF0, 0x7F, 0xFF, 0xFE, 0x1F, 0xFF, 0xFF, 0xC7, 0xFF, 0xF0, 0xF8, 0x07, 0xBC,
    0x1E, 0x03, 0xCF, 0x07, 0x81, 0xF3, 0xC1, 0xE0, 0x78, 0xF0, 0x78, 0x3C, 0x3C, 0x1E, 0x1F, 0x0F,
    0x07, 0x87, 0x83, 0xC1, 0xE3, 0xC0, 0xF0, 0xF9, 0xF0, 0x3F, 0xFC, 0x7F, 0xFF, 0xFE, 0x3F, 0xFF,
    0xFF, 0x0F, 0xFF, 0x00, 0x01, 0xE7, 0x7F, 0xE0, 0x7F, 0x3F, 0xF8, 0x1F, 0x9F, 0xFE, 0x07, 0x8F,
    0x0F, 0x9F, 0xF7, 0x83, 0xCF, 0xFB, 0xC1, 0xE7, 0xFD, 0xE0, 0xF0, 0x3C, 0xF0, 0x78, 0x1E, 0x78,
    0x3C, 0x1E, 0x3C, 0x1E, 0x1E, 0x1E, 0x0F, 0x1F, 0x0F, 0x0F, 0x8F, 0x07, 0xFF, 0x8F, 0xFB, 0xFF,
    0x87, 0xFD, 0xFF, 0x87, 0xFE, 0x00, 0xF3, 0xCE, 0x01, 0xE3, 0xF8, 0x03, 0xC3, 0xE0, 0x07, 0x87,
    0xC1, 0xEF, 0x3F, 0xE7, 0xFE, 0x7F, 0xDF, 0xFC, 0xFF, 0xBE, 0xF8, 0x1E, 0x78, 0xF0, 0x7C, 0xF1,
    0xE0, 0xF1, 0xE3, 0xC3, 0xC3, 0xC7, 0x8F, 0x07, 0x8F, 0x1E, 0x0F, 0xFE, 0x7F, 0xCF, 0xFD, 0xFF,
    0x9F, 0xBB, 0xFF, 0x0C, 0x00, 0x00, 0xF0, 0x0F, 0xF0, 0x0F, 0xF0, 0x0F, 0xF0, 0x0F, 0xF0, 0x0F,
    0xF0, 0x0F, 0xF0, 0x0F, 0xF0, 0x0F, 0xF0, 0x0F, 0xF0, 0x0F, 0xF0, 0x0F, 0xF0, 0x0F, 0xFF, 0xCF,
    0xFF, 0xCF, 0xFF, 0xCF, 0x00, 0x0F, 0x00, 0x7F, 0x00, 0x7E, 0x00, 0x7E, 0x00, 0x78, 0x00, 0x0F,
    0xF0, 0x0F, 0xF0, 0x0F, 0xF0, 0x04, 0xF0, 0x0F, 0xF0, 0x0F, 0xF0, 0x0F, 0xF0, 0x0F, 0xF0, 0x0F,
    0xF0, 0x0F, 0xF0, 0x0F, 0xF0, 0x0F, 0xF0, 0x0F, 0xFF, 0xCF, 0xFF, 0xCF, 0xFF, 0xCF, 0x00, 0x0F,
    0x00, 0x0F, 0x00, 0x7F, 0x00, 0x7E, 0x00, 0x7C, 0xF1, 0xDE, 0x7F, 0xC7, 0x78, 0x4F, 0x1D, 0xE7,
    0xBC, 0xF7, 0x9E, 0xF3, 0xDE, 0x7B, 0xCF, 0x79, 0xEF, 0x3D, 0xE7, 0xBC, 0xF7, 0x9E, 0x03, 0xC0,
    0x78, 0x3F, 0x07, 0xE0, 0xF8, 0x78, 0x1C, 0x7F, 0xE0, 0xE3, 0xFF, 0x87, 0x1F, 0xFC, 0x38, 0xFF,
    0xF1, 0xC7, 0xFF, 0x8E, 0x3F, 0xDE, 0x71, 0xFE, 0xFB, 0x8F, 0xF3, 0xDC, 0x7F, 0x9F, 0xE3, 0xFC,
    0x7F, 0x1F, 0xE1, 0xF8, 0xFF, 0x0F, 0xC7, 0xF8, 0x3E, 0x3F, 0xC1, 0xF1, 0xE0, 0x00, 0x0F, 0x00,
    0x03, 0xF8, 0x00, 0x1F, 0xC0, 0x00, 0xFC, 0x00, 0x07, 0x80, 0x00, 0x00, 0x7B, 0xC0, 0xE3, 0xFF,
    0x07, 0x1F, 0xFC, 0x38, 0x6F, 0xE1, 0xC7, 0xFF, 0x8E, 0x3F, 0xFC, 0x71, 0xFE, 0xF3, 0x8F, 0xF7,
    0xDC, 0x7F, 0x9E, 0xE3, 0xFC, 0xFF, 0x1F, 0xE3, 0xF8, 0xFF, 0x0F, 0xC7, 0xF8, 0x7E, 0x3F, 0xC1,
    0xF1, 0xFE, 0x0F, 0x8F, 0x00, 0x00, 0x78, 0x00, 0x03, 0xC0, 0x00, 0x7E, 0x00, 0x07, 0xE0, 0x00,
    0x3F, 0x00, 0x00, 0x03, 0xC0, 0x00, 0xF0, 0x00, 0x3C, 0x00, 0x04, 0xE7, 0x83, 0xFF, 0xF8, 0xFF,
    0xFE, 0x3F, 0xE7, 0x8F, 0xF1, 0xE3, 0xFC, 0x38, 0xFF, 0x0E, 0x3F, 0xC3, 0x8F, 0xF0, 0xE3, 0xFC,
    0x38, 0xFF, 0x0E, 0x3F, 0xC3, 0x8F, 0x00, 0x03, 0xC0, 0x00, 0xF0, 0x01, 0xFC, 0x00, 0x7E, 0x00,
    0x1F, 0x00, 0x1C, 0xF0, 0x1F, 0xC0, 0x1F, 0x00, 0x3E, 0x00, 0x00, 0x00, 0xF8, 0x03, 0xF0, 0x07,
    0xE0, 0x0F, 0xE0, 0x3F, 0xC0, 0x7B, 0x80, 0xE7, 0x83, 0xCF, 0x07, 0xFE, 0x0F, 0xFE, 0x3F, 0xFC,
    0x7F, 0xFD, 0xF0, 0x7B, 0xC0, 0xF7, 0x81, 0xF0, 0x38, 0xE3, 0xF8, 0x3E, 0x07, 0xC1, 0xF8, 0x7F,
    0x8F, 0xF8, 0x8F, 0x01, 0xE7, 0xFD, 0xFF, 0xBC, 0xFF, 0x1E, 0xF7, 0xDF, 0xF9, 0xFF, 0x08, 0x00,
    0xF3, 0xDF, 0xE3, 0xF0, 0x78, 0x00, 0x1F, 0xE7, 0xF8, 0xFC, 0x1E, 0x07, 0x81, 0xE0, 0x78, 0x1E,
    0x07, 0x81, 0xE0, 0x78, 0x1E, 0x0F, 0xC7, 0xF9, 0xFE, 0x73, 0xCF, 0xE3, 0xF0, 0x78, 0x1E, 0x07,
    0x81, 0xE0, 0x78, 0x1E, 0x07, 0x81, 0xE0, 0x78, 0x1E, 0x07, 0x81, 0xE0, 0x78, 0x1C, 0x70, 0x1F,
    0xC0, 0x1F, 0x00, 0x3E, 0x00, 0x00, 0x03, 0xFC, 0x0F, 0xFE, 0x3F, 0xFC, 0x78, 0x7D, 0xE0, 0x7B,
    0xC0, 0xFF, 0x80, 0xFF, 0x01, 0xFE, 0x03, 0xFC, 0x0F, 0xF8, 0x1E, 0xF8, 0x7C, 0xFF, 0xF0, 0xFF,
    0xE0, 0xFF, 0x00, 0x38, 0x00, 0x3C, 0xE0, 0xFF, 0x03, 0xF0, 0x0F, 0x00, 0xF8, 0x1F, 0xF0, 0xFF,
    0x8F, 0x1E, 0x78, 0xF3, 0xC7, 0x9E, 0x3C, 0xF1, 0xE7, 0x8F, 0x3F, 0xF8, 0xFF, 0x83, 0xF8, 0x02,
    0x00, 0x3C, 0xF0, 0xFF, 0x03, 0xF0, 0x0F, 0x00, 0x00, 0x78, 0x3F, 0xC1, 0xFE, 0x0F, 0xF0, 0x7F,
    0x83, 0xFC, 0x1F, 0xE0, 0xFF, 0x07, 0xF8, 0x3F, 0xC1, 0xFE, 0x0F, 0x78, 0x7B, 0xFF, 0xCF, 0xFC,
    0x3F, 0xC0, 0x30, 0x00, 0x79, 0xE7, 0xF8, 0x7E, 0x07, 0x8F, 0x0F, 0xE3, 0xFC, 0x7F, 0x8F, 0xF1,
    0xFE, 0x3F, 0xC7, 0xF8, 0xFF, 0x1F, 0xFF, 0xDF, 0xFB, 0xFF, 0x08, 0x00, 0x1F, 0xC0, 0xFF, 0x07,
    0xF8, 0x19, 0x81, 0xDE, 0x0E, 0xE0, 0x00, 0x1E, 0x0F, 0xF0, 0x7F, 0x83, 0xFC, 0x1F, 0xE0, 0xFF,
    0x07, 0xF8, 0x3F, 0xC1, 0xFE, 0x0F, 0xF0, 0x7F, 0x83, 0xDE, 0x1E, 0xFF, 0xF3, 0xFF, 0x0F, 0xF0,
    0x0C, 0x00, 0x3F, 0xC7, 0xF8, 0x7E, 0x1D, 0xC3, 0xB8, 0x33, 0x3C, 0x3F, 0x8F, 0xF1, 0xFE, 0x3F,
    0xC7, 0xF8, 0xFF, 0x1F, 0xE3, 0xFC, 0x7F, 0xFF, 0x7F, 0xEF, 0xFC, 0x20, 0x00, 0x01, 0xE0, 0x1E,
    0x01, 0xE0, 0x1F, 0x81, 0xDE, 0x0E, 0xE0, 0x00, 0x1E, 0x0F, 0xF0, 0x7F, 0x83, 0xFC, 0x1F, 0xE0,
    0xFF, 0x07, 0xF8, 0x3F, 0xC1, 0xFE, 0x0F, 0xF0, 0x7F, 0x83, 0xDE, 0x1E, 0xFF, 0xF3, 0xFF, 0x0F,
    0xF0, 0x0C, 0x00, 0x03, 0xC0, 0xF8, 0x1E, 0x07, 0x03, 0xB8, 0x77, 0x06, 0x67, 0x87, 0xF1, 0xFE,
    0x3F, 0xC7, 0xF8, 0xFF, 0x1F, 0xE3, 0xFC, 0x7F, 0x8F, 0xFF, 0xEF, 0xFD, 0xFF, 0x84, 0x00, 0x1C,
    0xE0, 0x7E, 0x01, 0xE0, 0x19, 0x81, 0xDE, 0x0E, 0xE0, 0x00, 0x1E, 0x0F, 0xF0, 0x7F, 0x83, 0xFC,
    0x1F, 0xE0, 0xFF, 0x07, 0xF8, 0x3F, 0xC1, 0xFE, 0x0F, 0xF0, 0x7F, 0x83, 0xDE, 0x1E, 0xFF, 0xF3,
    0xFF, 0x0F, 0xF0, 0x0C, 0x00, 0x30, 0xC7, 0xF0, 0x7C, 0x07, 0x83, 0xB8, 0x77, 0x06, 0x67, 0x87,
    0xF1, 0xFE, 0x3F, 0xC7, 0xF8, 0xFF, 0x1F, 0xE3, 0xFC, 0x7F, 0x8F, 0xFF, 0xEF, 0xFD, 0xFF, 0x84,
    0x00, 0x1E, 0x00, 0x78, 0x01, 0xC0, 0x1F, 0x81, 0xDE, 0x0E, 0xE0, 0x00, 0x1E, 0x0F, 0xF0, 0x7F,
    0x83, 0xFC, 0x1F, 0xE0, 0xFF, 0x07, 0xF8, 0x3F, 0xC1, 0xFE, 0x0F, 0xF0, 0x7F, 0x83, 0xDE, 0x1E,
    0xFF, 0xF3, 0xFF, 0x0F, 0xF0, 0x0C, 0x00, 0x38, 0x07, 0x80, 0x78, 0x07, 0x03, 0xB8, 0x77, 0x06,
    0x67, 0x87, 0xF1, 0xFE, 0x3F, 0xC7, 0xF8, 0xFF, 0x1F, 0xE3, 0xFC, 0x7F, 0x8F, 0xFF, 0xEF, 0xFD,
    0xFF, 0x84, 0x00, 0x1F, 0x07, 0xFC, 0x7F, 0xE6, 0x1E, 0x00, 0xF7, 0xFF, 0x7F, 0xF7, 0xFF, 0x70,
    0xF7, 0x9E, 0x3F, 0xE1, 0xFC, 0x06, 0x00, 0x0F, 0xE0, 0x3F, 0xC0, 0x7F, 0x80, 0x66, 0x01, 0xEE,
    0x01, 0xDC, 0x00, 0x00, 0x03, 0xE0, 0x0F, 0xC0, 0x1F, 0x80, 0x3F, 0x80, 0xFF, 0x01, 0xEE, 0x03,
    0x9E, 0x0F, 0x3C, 0x1F, 0xF8, 0x3F, 0xF8, 0xFF, 0xF1, 0xFF, 0xF7, 0xC1, 0xEF, 0x03, 0xDE, 0x07,
    0xC0, 0x3F, 0xC7, 0xF8, 0x7E, 0x0E, 0xE1, 0xDC, 0x33, 0x07, 0xE1, 0xFE, 0x3F, 0xE2, 0x3C, 0x07,
    0x9F, 0xF7, 0xFE, 0xF3, 0xFC, 0x7B, 0xDF, 0x7F, 0xE7, 0xFC, 0x20, 0x00, 0x0F, 0xE0, 0x3F, 0xC0,
    0x7F, 0x80, 0x18, 0x00, 0x38, 0x00, 0x70, 0x00, 0x00, 0x03, 0xE0, 0x0F, 0xC0, 0x1F, 0x80, 0x3F,
    0x80, 0xFF, 0x01, 0xEE, 0x03, 0x9E, 0x0F, 0x3C, 0x1F, 0xF8, 0x3F, 0xF8, 0xFF, 0xF1, 0xFF, 0xF7,
    0xC1, 0xEF, 0x03, 0xDE, 0x07, 0xC0, 0x3F, 0xC7, 0xF8, 0x08, 0x03, 0x80, 0x70, 0x0C, 0x07, 0xE1,
    0xFE, 0x3F, 0xE2, 0x3C, 0x07, 0x9F, 0xF7, 0xFE, 0xF3, 0xFC, 0x7B, 0xDF, 0x7F, 0xE7, 0xFC, 0x20,
    0x00, 0x01, 0xFC, 0x00, 0x3F, 0x80, 0x07, 0xF0, 0x00, 0x00, 0x00, 0x3F, 0xFE, 0x07, 0xFF, 0xC1,
    0xFF, 0xF8, 0x3F, 0xC0, 0x0F, 0x78, 0x01, 0xEF, 0x00, 0x79, 0xFF, 0x8F, 0x3F, 0xF1, 0xFF, 0xFE,
    0x7F, 0xF0, 0x0F, 0xFE, 0x03, 0xFF, 0xC0, 0x78, 0x7F, 0xFE, 0x0F, 0xFF, 0xC1, 0xFF, 0x80, 0x03,
    0xFC, 0x00, 0x7F, 0x80, 0x0F, 0xE0, 0x0F, 0xCF, 0x83, 0xFF, 0xF8, 0x7F, 0xFF, 0x84, 0x7C, 0xF0,
    0x0F, 0x0E, 0x3F, 0xFF, 0xEF, 0xFF, 0xFD, 0xE7, 0x80, 0x38, 0xF8, 0x07, 0xBF, 0xFC, 0xFF, 0xFF,
    0x8F, 0xCF, 0xF0, 0x60, 0x30, 0x00, 0x00, 0x3F, 0xC3, 0xFF, 0x9F, 0xFC, 0x7C, 0x03, 0xE0, 0x0F,
    0x00, 0x3C, 0xFE, 0xF3, 0xFB, 0xCF, 0xEF, 0x1F, 0xFC, 0xFF, 0x7B, 0xFD, 0xFF, 0xE3, 0xFF, 0x87,
    0xFE, 0x03, 0x80, 0x1E, 0x71, 0xFF, 0x9F, 0xFC, 0xFB, 0xE7, 0x8F, 0x3C, 0x79, 0xE3, 0xCF, 0x1E,
    0x7F, 0xF3, 0xFF, 0x8F, 0xFC, 0x1D, 0xE0, 0x7F, 0x83, 0xFD, 0xFF, 0xCF, 0xFC, 0x7F, 0xC0, 0x1C,
    0xF0, 0x7F, 0x03, 0xF0, 0x0F, 0x00, 0x00, 0x07, 0xF8, 0xFF, 0xEF, 0xFE, 0x7C, 0x07, 0xC0, 0x3C,
    0x01, 0xE7, 0xFF, 0x3F, 0xF9, 0xFF, 0xCF, 0xFE, 0x0F, 0x78, 0x7B, 0xFF, 0xCF, 0xFE, 0x3F, 0xF0,
    0x38, 0x00, 0x3C, 0xE1, 0xFC, 0x0F, 0xC0, 0x78, 0x1E, 0x73, 0xFF, 0x7F, 0xF7, 0xDF, 0x78, 0xF7,
    0x8F, 0x78, 0xF7, 0x8F, 0x78, 0xF7, 0xFF, 0x3F, 0xF3, 0xFF, 0x0C, 0xF0, 0x0F, 0x7F, 0xF7, 0xFE,
    0x7F, 0xC0, 0x3C, 0xE0, 0xFE, 0x03, 0xF0, 0x0F, 0x00, 0x00, 0x38, 0x3F, 0xC3, 0xDE, 0x3C, 0xF3,
    0xE7, 0xBE, 0x3D, 0xE1, 0xFE, 0x0F, 0xF8, 0x7F, 0xC3, 0xFF, 0x1E, 0x78, 0xF1, 0xE7, 0x8F, 0xBC,
    0x3D, 0xE0, 0xF0, 0x73, 0xC0, 0x7F, 0x00, 0xFC, 0x00, 0xF0, 0x01, 0xE0, 0x03, 0xC0, 0x07, 0x80,
    0x0F, 0x00, 0x1E, 0x1E, 0x3C, 0x78, 0x79, 0xE0, 0xF7, 0x81, 0xFF, 0x03, 0xFC, 0x07, 0xF8, 0x0F,
    0xF8, 0x1E, 0xF8, 0x3C, 0xF0, 0x78, 0xF0, 0xF0, 0xF0, 0x00, 0x00, 0x3F, 0xC0, 0xFF, 0xE3, 0xFF,
    0xC7, 0x87, 0xDE, 0x07, 0xBC, 0x0F, 0xF8, 0x0F, 0xF0, 0x1F, 0xE0, 0x3F, 0xC0, 0xFF, 0x81, 0xEF,
    0x87, 0xCF, 0xFF, 0x0F, 0xFE, 0x0F, 0xF0, 0x03, 0x80, 0x0E, 0x00, 0x1C, 0x00, 0x3E, 0x00, 0x3C,
    0x00, 0x0F, 0x81, 0xFF, 0x0F, 0xF8, 0xF1, 0xE7, 0x8F, 0x3C, 0x79, 0xE3, 0xCF, 0x1E, 0x78, 0xF3,
    0xFF, 0x8F, 0xF8, 0x3F, 0x80, 0x70, 0x07, 0x00, 0x38, 0x01, 0xF0, 0x07, 0x80, 0x0F, 0xE0, 0x3F,
    0xC0, 0x3F, 0x80, 0x00, 0x01, 0xFE, 0x07, 0xFF, 0x1F, 0xFE, 0x3C, 0x3E, 0xF0, 0x3D, 0xE0, 0x7F,
    0xC0, 0x7F, 0x80, 0xFF, 0x01, 0xFE, 0x07, 0xFC, 0x0F, 0x7C, 0x3E, 0x7F, 0xF8, 0x7F, 0xF0, 0x7F,
    0x80, 0x1C, 0x00, 0x70, 0x00, 0xE0, 0x01, 0xF0, 0x01, 0xE0, 0x1F, 0xC0, 0xFE, 0x07, 0xF0, 0x1F,
    0x03, 0xFE, 0x1F, 0xF1, 0xE3, 0xCF, 0x1E, 0x78, 0xF3, 0xC7, 0x9E, 0x3C, 0xF1, 0xE7, 0xFF, 0x1F,
    0xF0, 0x7F, 0x00, 0xE0, 0x0E, 0x00, 0x70, 0x03, 0xE0, 0x0F, 0x00, 0x79, 0xE3, 0xFC, 0x1F, 0x80,
    0xF0, 0x00, 0x07, 0xFE, 0x7F, 0xE7, 0xFE, 0x07, 0xC0, 0xF8, 0x1F, 0x01, 0xF8, 0x3F, 0xE1, 0xFE,
    0x01, 0xF0, 0x0F, 0x00, 0xFF, 0xFE, 0xFF, 0xEF, 0xFC, 0x0E, 0x00, 0x79, 0xE3, 0xFC, 0x1F, 0x80,
    0xF0, 0x7F, 0xE7, 0xFE, 0x7F, 0xE0, 0x3C, 0x07, 0x80, 0xF0, 0x1E, 0x03, 0xF8, 0x3F, 0xE0, 0xFE,
    0x01, 0xE0, 0x0F, 0x00, 0xF8, 0x1E, 0xFF, 0xEF, 0xFC, 0x7F, 0x80, 0x73, 0xCF, 0xE3, 0xF0, 0x78,
    0x1E, 0x07, 0x81, 0xE0, 0x78, 0x1E, 0x07, 0x81, 0xE0, 0x78, 0x1E, 0x07, 0x81, 0xE0, 0x78, 0x1E,
    0x07, 0x87, 0xE1, 0xF8, 0x7C, 0x00, 0xFF, 0xC1, 0xFF, 0xFF, 0xF8, 0x7F, 0xFF, 0xFF, 0x1F, 0xFF,
    0xC3, 0xE0, 0x1E, 0xF0, 0x78, 0x0F, 0x3C, 0x1E, 0x07, 0xCF, 0x07, 0x81, 0xE3, 0xC1, 0xE0, 0xF0,
    0xF0, 0x78, 0x7C, 0x3C, 0x1E, 0x1E, 0x0F, 0x07, 0x8F, 0x03, 0xC3, 0xE7, 0xC0, 0xFF, 0xF1, 0xFF,
    0xFF, 0xF8, 0xFF, 0xFF, 0xFC, 0x3F, 0xFC, 0xFF, 0xC0, 0x00, 0xFF, 0xE0, 0x00, 0xFF, 0xF0, 0x00,
    0xF0, 0xF9, 0xFF, 0xF0, 0x79, 0xFF, 0xF0, 0x79, 0xFF, 0xF0, 0x78, 0x1E, 0xF0, 0x78, 0x1E, 0xF0,
    0x78, 0x3C, 0xF0, 0x78, 0x78, 0xF0, 0x78, 0xF8, 0xF0, 0xF8, 0xF0, 0xFF, 0xF1, 0xFF, 0xFF, 0xE1,
    0xFF, 0xFF, 0xC3, 0xFF, 0x00, 0xF0, 0x00, 0x01, 0xE0, 0x00, 0x03, 0xC0, 0x00, 0x07, 0x80, 0x01,
    0xEF, 0x3F, 0xE7, 0xFE, 0x7F, 0xDF, 0xFC, 0xFF, 0xBE, 0xF8, 0x1E, 0x78, 0xF0, 0x7C, 0xF1, 0xE0,
    0xF1, 0xE3, 0xC3, 0xC3, 0xC7, 0x8F, 0x07, 0x8F, 0x1E, 0x0F, 0xFE, 0x7F, 0xCF, 0xFD, 0xFF, 0x9F,
    0xBB, 0xFF, 0x0C, 0x00, 0x00, 0x01, 0xE0, 0x1E, 0x01, 0xE0, 0x0E, 0x00, 0x00, 0x07, 0xF8, 0xFF,
    0xEF, 0xFE, 0x7C, 0x07, 0xC0, 0x3C, 0x01, 0xE7, 0xFF, 0x3F, 0xF9, 0xFF, 0xCF, 0xFE, 0x0F, 0x78,
    0x7B, 0xFF, 0xCF, 0xFE, 0x3F, 0xF0, 0x38, 0x00, 0x03, 0xE0, 0x3C, 0x07, 0x80, 0x60, 0x1E, 0x73,
    0xFF, 0x7F, 0xF7, 0xDF, 0x78, 0xF7, 0x8F, 0x78, 0xF7, 0x8F, 0x78, 0xF7, 0xFF, 0x3F, 0xF3, 0xFF,
    0x0C, 0xF0, 0x0F, 0x7F, 0xF7, 0xFE, 0x7F, 0xC0, 0x70, 0x70, 0x0F, 0x07, 0x00, 0xF0, 0x70, 0x0F,
    0x07, 0x0E, 0xF0, 0x70, 0xEF, 0x07, 0x0E, 0xFF, 0xF0, 0xEF, 0xFF, 0x0E, 0xFF, 0xF0, 0xEF, 0x07,
    0x0E, 0xF0, 0x70, 0xEF, 0x07, 0x9E, 0xF0, 0x7F, 0xEF, 0x07, 0xFE, 0xF0, 0x3F, 0xC0, 0x00, 0x60,
    0x00, 0x03, 0xBE, 0x3F, 0xF9, 0xFF, 0xEF, 0x8F, 0x7C, 0x7B, 0xC3, 0xDE, 0x1E, 0xF0, 0xF7, 0x87,
    0xBC, 0x79, 0xE7, 0xCF, 0xFC, 0x7F, 0xC3, 0xFC, 0x1F, 0x80, 0xF0, 0x07, 0x80, 0x3C, 0x01, 0xE0,
    0x0F, 0x00, 0x00, 0x0F, 0x00, 0x0F, 0x00, 0x0F, 0x00, 0x06, 0x00, 0x00, 0x0F, 0x03, 0xBF, 0x07,
    0x7F, 0x0E, 0xFE, 0x1D, 0xFE, 0x3B, 0xFC, 0x77, 0xBC, 0xEF, 0x7D, 0xDE, 0x7B, 0xBC, 0xFF, 0x78,
    0xFE, 0xF0, 0xFD, 0xE1, 0xFB, 0xC1, 0xF7, 0x83, 0xE0, 0x3E, 0x01, 0xF0, 0x07, 0x00, 0x38, 0xE7,
    0x8F, 0xFE, 0xFF, 0xEF, 0x9E, 0xF1, 0xEF, 0x0E, 0xF0, 0xEF, 0x0E, 0xF0, 0xEF, 0x0E, 0xF0, 0xEF,
    0x0E, 0x01, 0xE0, 0x07, 0x80, 0x0C, 0x00, 0x3E, 0x00, 0xFC, 0x01, 0xD8, 0x01, 0xF0, 0x07, 0xE0,
    0x0F, 0xC0, 0x1F, 0xC0, 0x7F, 0x80, 0xF7, 0x83, 0xCF, 0x07, 0x8E, 0x0F, 0xFE, 0x3F, 0xFC, 0x7F,
    0xF8, 0xF0, 0x7B, 0xC0, 0xF7, 0x81, 0xF0, 0x00, 0x00, 0x78, 0x1E, 0x03, 0x00, 0xF8, 0x1F, 0x03,
    0x60, 0x7C, 0x07, 0x03, 0xF0, 0xFF, 0x1F, 0xF1, 0x1E, 0x03, 0xCF, 0xFB, 0xFF, 0x79, 0xFE, 0x3D,
    0xEF, 0xBF, 0xF3, 0xFE, 0x10, 0x00, 0x00, 0x3C, 0x00, 0x0F, 0x00, 0x03, 0xC0, 0x00, 0x70, 0x00,
    0x00, 0x00, 0x07, 0xFF, 0xC0, 0xFF, 0xF8, 0x3F, 0xFF, 0x07, 0xF8, 0x01, 0xEF, 0x00, 0x3D, 0xE0,
    0x0F, 0x3F, 0xF1, 0xE7, 0xFE, 0x3F, 0xFF, 0xCF, 0xFE, 0x01, 0xFF, 0xC0, 0x7F, 0xF8, 0x0F, 0x0F,
    0xFF, 0xC1, 0xFF, 0xF8, 0x3F, 0xF0, 0x00, 0x7C, 0x00, 0x1F, 0x00, 0x03, 0x80, 0x00, 0xE0, 0x01,
    0xF9, 0xF0, 0x7F, 0xFF, 0x0F, 0xFF, 0xF0, 0x8F, 0x9E, 0x01, 0xE1, 0xC7, 0xFF, 0xFD, 0xFF, 0xFF,
    0xBC, 0xF0, 0x07, 0x1F, 0x00, 0xF7, 0xFF, 0x9F, 0xFF, 0xF1, 0xF9, 0xFE, 0x0C, 0x06, 0x00, 0x01,
    0xF0, 0x07, 0xC0, 0x0E, 0x00, 0x38, 0x00, 0x01, 0x83, 0xFF, 0x0F, 0xFE, 0x3F, 0xFC, 0x78, 0xFD,
    0xE1, 0xFB, 0xC7, 0xFF, 0x9E, 0xFF, 0x39, 0xFE, 0xE3, 0xFF, 0xCF, 0xFF, 0x1E, 0xFC, 0x7C, 0xFF,
    0xF0, 0xFF, 0xE3, 0xFF, 0x03, 0x38, 0x00, 0x03, 0xC0, 0x78, 0x0F, 0x00, 0xE0, 0x0F, 0xE3, 0xFE,
    0x3F, 0xE7, 0x9F, 0x7B, 0xF7, 0xBF, 0x77, 0xF7, 0xEF, 0x7E, 0xF7, 0xFF, 0x3F, 0xE3, 0xFC, 0x36,
    0x00, 0x7B, 0x80, 0x7F, 0x80, 0x77, 0x00, 0x77, 0x00, 0x00, 0x00, 0xF8, 0x03, 0xF0, 0x07, 0xE0,
    0x0F, 0xE0, 0x3F, 0xC0, 0x7B, 0x80, 0xE7, 0x83, 0xCF, 0x07, 0xFE, 0x0F, 0xFE, 0x3F, 0xFC, 0x7F,
    0xFD, 0xF0, 0x7B, 0xC0, 0xF7, 0x81, 0xF0, 0x77, 0x0F, 0xF0, 0xEE, 0x0E, 0xE1, 0xF8, 0x7F, 0x8F,
    0xF8, 0x8F, 0x01, 0xE7, 0xFD, 0xFF, 0xBC, 0xFF, 0x1E, 0xF7, 0xDF, 0xF9, 0xFF, 0x08, 0x00, 0x00,
    0x00, 0x1F, 0x80, 0x7F, 0x80, 0xF7, 0x01, 0x86, 0x00, 0x00, 0x01, 0xF0, 0x07, 0xE0, 0x0F, 0xC0,
    0x1F, 0xC0, 0x7F, 0x80, 0xF7, 0x01, 0xCF, 0x07, 0x9E, 0x0F, 0xFC, 0x1F, 0xFC, 0x7F, 0xF8, 0xFF,
    0xFB, 0xE0, 0xF7, 0x81, 0xEF, 0x03, 0xE0, 0x00, 0x03, 0xF0, 0xFF, 0x1E, 0xE3, 0x0C, 0x3F, 0x0F,
    0xF1, 0xFF, 0x11, 0xE0, 0x3C, 0xFF, 0xBF, 0xF7, 0x9F, 0xE3, 0xDE, 0xFB, 0xFF, 0x3F, 0xE1, 0x00,
    0x77, 0x0F, 0xF0, 0xEE, 0x0E, 0xE0, 0x00, 0x7F, 0xDF, 0xFB, 0xFF, 0x78, 0x0F, 0x01, 0xE0, 0x3F,
    0xE7, 0xFC, 0xFF, 0x9E, 0x03, 0xC0, 0x78, 0x0F, 0xFD, 0xFF, 0xBF, 0xF0, 0x77, 0x07, 0xF8, 0x3B,
    0x81, 0xDC, 0x0F, 0x83, 0xFC, 0x3F, 0xE7, 0x8F, 0x78, 0xF7, 0xFF, 0x7F, 0xF7, 0x80, 0x78, 0x07,
    0xFE, 0x3F, 0xE1, 0xFE, 0x03, 0x00, 0x00, 0x0F, 0xC3, 0xF9, 0xEE, 0x61, 0x80, 0x07, 0xFF, 0xFF,
    0xFF, 0xFC, 0x0F, 0x03, 0xC0, 0xFF, 0xBF, 0xEF, 0xFB, 0xC0, 0xF0, 0x3C, 0x0F, 0xFF, 0xFF, 0xFF,
    0xC0, 0x00, 0x01, 0xF8, 0x3F, 0xC3, 0xDC, 0x30, 0xC0, 0xF8, 0x3F, 0xC3, 0xFE, 0x78, 0xF7, 0x8F,
    0x7F, 0xF7, 0xFF, 0x78, 0x07, 0x80, 0x7F, 0xE3, 0xFE, 0x1F, 0xE0, 0x30, 0xFF, 0x1F, 0xE3, 0xB8,
    0x66, 0x00, 0x0F, 0xF3, 0xFC, 0x7E, 0x0F, 0x03, 0xC0, 0xF0, 0x3C, 0x0F, 0x03, 0xC0, 0xF0, 0x3C,
    0x0F, 0x07, 0xE3, 0xFC, 0xFF, 0xFF, 0x1F, 0xE3, 0xB8, 0x67, 0x0F, 0x03, 0xC0, 0xF0, 0x3C, 0x0F,
    0x03, 0xC0, 0xF0, 0x3C, 0x0F, 0x03, 0xC0, 0xF0, 0x3C, 0x00, 0x3F, 0x3F, 0xDF, 0xEC, 0x30, 0x03,
    0xFD, 0xFE, 0x7E, 0x1E, 0x0F, 0x07, 0x83, 0xC1, 0xE0, 0xF0, 0x78, 0x3C, 0x1E, 0x1F, 0x9F, 0xEF,
    0xF0, 0x00, 0x3F, 0x3F, 0xDF, 0xEC, 0x31, 0xE0, 0xF0, 0x78, 0x3C, 0x1E, 0x0F, 0x07, 0x83, 0xC1,
    0xE0, 0xF0, 0x78, 0x3C, 0x00, 0x3B, 0x80, 0x7F, 0x80, 0x77, 0x00, 0x77, 0x00, 0x00, 0x03, 0xFC,
    0x0F, 0xFE, 0x3F, 0xFC, 0x78, 0x7D, 0xE0, 0x7B, 0xC0, 0xFF, 0x80, 0xFF, 0x01, 0xFE, 0x03, 0xFC,
    0x0F, 0xF8, 0x1E, 0xF8, 0x7C, 0xFF, 0xF0, 0xFF, 0xE0, 0xFF, 0x00, 0x38, 0x00, 0x7F, 0x81, 0xDC,
    0x0F, 0x70, 0x19, 0x80, 0xF8, 0x1F, 0xF0, 0xFF, 0x8F, 0x1E, 0x78, 0xF3, 0xC7, 0x9E, 0x3C, 0xF1,
    0xE7, 0x8F, 0x3F, 0xF8, 0xFF, 0x83, 0xF8, 0x02, 0x00, 0x00, 0x00, 0x1F, 0x80, 0x7F, 0x80, 0xF7,
    0x01, 0x86, 0x00, 0x00, 0x07, 0xF8, 0x1F, 0xFC, 0x7F, 0xF8, 0xF0, 0xFB, 0xC0, 0xF7, 0x81, 0xFF,
    0x01, 0xFE, 0x03, 0xFC, 0x07, 0xF8, 0x1F, 0xF0, 0x3D, 0xF0, 0xF9, 0xFF, 0xE1, 0xFF, 0xC1, 0xFE,
    0x00, 0x70, 0x00, 0x00, 0x00, 0x7C, 0x07, 0xF0, 0x7B, 0xC3, 0x06, 0x07, 0xC0, 0xFF, 0x87, 0xFC,
    0x78, 0xF3, 0xC7, 0x9E, 0x3C, 0xF1, 0xE7, 0x8F, 0x3C, 0x79, 0xFF, 0xC7, 0xFC, 0x1F, 0xC0, 0x10,
    0x00, 0xFF, 0x03, 0xB8, 0x0E, 0xE0, 0x33, 0x00, 0x00, 0x7F, 0xC3, 0xFF, 0x9F, 0xFC, 0xF1, 0xE7,
    0x87, 0xBC, 0x79, 0xFF, 0xCF, 0xFC, 0x7F, 0xC3, 0xFF, 0x1E, 0x78, 0xF1, 0xE7, 0x8F, 0x3C, 0x3D,
    0xE1, 0xF0, 0xFF, 0x0F, 0xF0, 0xEE, 0x0C, 0xE3, 0x9C, 0x7F, 0x8F, 0xF1, 0xFE, 0x3E, 0x07, 0x80,
    0xF0, 0x1E, 0x03, 0xC0, 0x78, 0x0F, 0x01, 0xE0, 0x00, 0x00, 0xFC, 0x0F, 0xF0, 0x7F, 0x83, 0x0C,
    0x00, 0x03, 0xFE, 0x1F, 0xFC, 0xFF, 0xE7, 0x8F, 0x3C, 0x3D, 0xE3, 0xCF, 0xFE, 0x7F, 0xE3, 0xFE,
    0x1F, 0xF8, 0xF3, 0xC7, 0x8F, 0x3C, 0x79, 0xE1, 0xEF, 0x0F, 0x80, 0x00, 0x3F, 0x3F, 0xDE, 0xEC,
    0x37, 0x3B, 0xFD, 0xFE, 0xFF, 0x7C, 0x3C, 0x1E, 0x0F, 0x07, 0x83, 0xC1, 0xE0, 0xF0, 0x00, 0x7F,
    0x81, 0xDC, 0x07, 0x70, 0x19, 0x80, 0x00, 0x78, 0x3F, 0xC1, 0xFE, 0x0F, 0xF0, 0x7F, 0x83, 0xFC,
    0x1F, 0xE0, 0xFF, 0x07, 0xF8, 0x3F, 0xC1, 0xFE, 0x0F, 0x78, 0x7B, 0xFF, 0xCF, 0xFC, 0x3F, 0xC0,
    0x30, 0x00, 0xFF, 0x0E, 0xE0, 0xEE, 0x0C, 0xCF, 0x0F, 0xE3, 0xFC, 0x7F, 0x8F, 0xF1, 0xFE, 0x3F,
    0xC7, 0xF8, 0xFF, 0x1F, 0xFF, 0xDF, 0xFB, 0xFF, 0x08, 0x00, 0x00, 0x00, 0x7E, 0x07, 0xF8, 0x3F,
    0xC1, 0x86, 0x00, 0x03, 0xC1, 0xFE, 0x0F, 0xF0, 0x7F, 0x83, 0xFC, 0x1F, 0xE0, 0xFF, 0x07, 0xF8,
    0x3F, 0xC1, 0xFE, 0x0F, 0xF0, 0x7B, 0xC3, 0xDF, 0xFE, 0x7F, 0xE1, 0xFE, 0x01, 0x80, 0x00, 0x03,
    0xF0, 0xFF, 0x1F, 0xE3, 0x0D, 0xE1, 0xFC, 0x7F, 0x8F, 0xF1, 0xFE, 0x3F, 0xC7, 0xF8, 0xFF, 0x1F,
    0xE3, 0xFF, 0xFB, 0xFF, 0x7F, 0xE1, 0x00, 0x00, 0x03, 0xF8, 0xFF, 0xBF, 0xE7, 0x84, 0xF0, 0x1F,
    0x03, 0xF8, 0x3F, 0x81, 0xF8, 0x0F, 0x80, 0xF4, 0x1E, 0xFF, 0xDF, 0xF3, 0xFC, 0x0C, 0x01, 0xE0,
    0x38, 0x07, 0x00, 0xC0, 0x1F, 0x1F, 0xF7, 0xF9, 0xC2, 0x7C, 0x1F, 0xC3, 0xF8, 0x3F, 0x03, 0xDF,
    0xF7, 0xF9, 0xFE, 0x1C, 0x03, 0x81, 0xE0, 0x70, 0x1C, 0x00, 0xFF, 0xFF, 0xFF, 0xFF, 0xF0, 0xF0,
    0x0F, 0x00, 0xF0, 0x0F, 0x00, 0xF0, 0x0F, 0x00, 0xF0, 0x0F, 0x00, 0xF0, 0x0F, 0x00, 0xF0, 0x0F,
    0x00, 0x00, 0x07, 0x00, 0xF0, 0x0E, 0x00, 0xE0, 0x18, 0x1C, 0x0F, 0xDF, 0xFF, 0xF9, 0xC0, 0xE0,
    0x70, 0x38, 0x1C, 0x0E, 0x07, 0xF3, 0xF8, 0xFC, 0x18, 0x1C, 0x1E, 0x0E, 0x07, 0x00, 0x00, 0x01,
    0xFE, 0x1F, 0xF8, 0xFF, 0xE2, 0x0F, 0x00, 0x78, 0x07, 0xC1, 0xFC, 0x1F, 0xE0, 0xFF, 0x80, 0x3C,
    0x00, 0xF0, 0x07, 0x80, 0x78, 0x07, 0xC0, 0xFC, 0x3F, 0xC3, 0xFC, 0x1F, 0x80, 0xE0, 0x00, 0x3E,
    0x3F, 0xE7, 0xF9, 0x8F, 0x03, 0xC1, 0xE1, 0xF8, 0xFE, 0x3F, 0xC0, 0xF0, 0x3C, 0x0F, 0x07, 0xC7,
    0xEF, 0xF3, 0xF8, 0xF0, 0x00, 0x3C, 0xF0, 0x7F, 0x80, 0xFC, 0x01, 0xE0, 0x00, 0x01, 0xC0, 0xEF,
    0x03, 0xBC, 0x0E, 0xF0, 0x3B, 0xC0, 0xEF, 0x07, 0xBF, 0xFE, 0xFF, 0xFB, 0xFF, 0xEF, 0x03, 0xBC,
    0x0E, 0xF0, 0x3B, 0xC0, 0xEF, 0x03, 0xBC, 0x0E, 0x73, 0xC0, 0x7F, 0x00, 0xFC, 0x00, 0xF0, 0x01,
    0xE0, 0x03, 0xC0, 0x07, 0x80, 0x0F, 0x00, 0x1E, 0xF0, 0x3F, 0xF0, 0x7F, 0xF0, 0xF9, 0xE1, 0xE3,
    0xC3, 0xC3, 0x87, 0x87, 0x0F, 0x0E, 0x1E, 0x1C, 0x3C, 0x38, 0x78, 0x70, 0xF0, 0xE0, 0x00, 0x01,
    0xDF, 0xCF, 0xFF, 0xBF, 0xFE, 0xF8, 0x7B, 0xE1, 0xEF, 0x83, 0xBC, 0x0E, 0xF0, 0x3B, 0xC0, 0xEF,
    0x03, 0xBC, 0x0E, 0xF0, 0x3B, 0xC0, 0xEF, 0x03, 0xBC, 0x0E, 0x00, 0x38, 0x00, 0xE0, 0x03, 0x80,
    0x0E, 0x00, 0x38, 0x00, 0xF0, 0x00, 0x1E, 0x00, 0x03, 0xC0, 0x00, 0x78, 0x01, 0xEF, 0x00, 0x7F,
    0xE0, 0x1F, 0xFC, 0x03, 0xEF, 0x80, 0x78, 0xF0, 0x0F, 0x1E, 0x01, 0xE3, 0xC4, 0x3C, 0x7F, 0xE7,
    0x8F, 0xFC, 0xFF, 0xFB, 0x8F, 0xFF, 0xF1, 0xFD, 0xFC, 0x06, 0x38, 0x00, 0x07, 0x00, 0x00, 0x40,
    0x00, 0xF0, 0x7B, 0xC1, 0xE7, 0x87, 0x9E, 0x1E, 0x7F, 0xF8, 0xFF, 0xC7, 0xFF, 0xBF, 0xFF, 0xF0,
    0x3F, 0xC0, 0xFF, 0x03, 0xFE, 0x1F, 0xFF, 0xF9, 0xFF, 0xE3, 0xFF, 0x00, 0xC0, 0x78, 0xF3, 0xC7,
    0x9E, 0x3C, 0xF1, 0xE7, 0xDF, 0x1F, 0xF0, 0x7F, 0x07, 0xFC, 0x78, 0xF3, 0xC7, 0x9E, 0x3E, 0xF1,
    0xE7, 0x8F, 0x3F, 0xF8, 0xFF, 0x83, 0xF8, 0x07, 0x00, 0xFF, 0xFF, 0xFF, 0xFF, 0xF0, 0x1E, 0x03,
    0xC0, 0x78, 0x07, 0x80, 0xF0, 0x1E, 0x03, 0xE0, 0x3C, 0x07, 0x80, 0xFF, 0xFF, 0xFF, 0xFF, 0xF0,
    0x0F, 0x00, 0xF0, 0x3F, 0x03, 0xE0, 0x3E, 0x00, 0x00, 0x7F, 0xFF, 0xFF, 0xFC, 0x1E, 0x0F, 0x03,
    0xC1, 0xE0, 0xF0, 0x7C, 0x1F, 0xFF, 0xFF, 0xFF, 0x03, 0xC0, 0xF0, 0xFC, 0x3E, 0x07, 0x00, 0x03,
    0x80, 0x0F, 0x00, 0x1E, 0x00, 0x08, 0x00, 0x00, 0x00, 0xF8, 0x03, 0xF0, 0x07, 0xE0, 0x0F, 0xE0,
    0x3F, 0xC0, 0x7B, 0x80, 0xE7, 0x83, 0xCF, 0x07, 0xFE, 0x0F, 0xFE, 0x3F, 0xFC, 0x7F, 0xFD, 0xF0,
    0x7B, 0xC0, 0xF7, 0x81, 0xF0, 0x07, 0x01, 0xE0, 0x3C, 0x01, 0x01, 0xF8, 0x7F, 0x8F, 0xF8, 0x8F,
    0x01, 0xE7, 0xFD, 0xFF, 0xBC, 0xFF, 0x1E, 0xF7, 0xDF, 0xF9, 0xFF, 0x08, 0x00, 0x7F, 0xFF, 0xFF,
    0xFF, 0xC0, 0xF0, 0x3C, 0x0F, 0xFB, 0xFE, 0xFF, 0xBC, 0x0F, 0x03, 0xC0, 0xFF, 0xFF, 0xFF, 0xFC,
    0x18, 0x0F, 0x80, 0xE0, 0xF8, 0x3C, 0x0F, 0x83, 0xFC, 0x3F, 0xE7, 0x8F, 0x78, 0xF7, 0xFF, 0x7F,
    0xF7, 0x80, 0x78, 0x07, 0xFE, 0x3F, 0xE1, 0xFE, 0x07, 0x00, 0x78, 0x03, 0x80, 0xF8, 0x0F, 0x80,
    0x0F, 0xE0, 0x3F, 0xC0, 0x3F, 0x80, 0x66, 0x00, 0xEE, 0x01, 0xDC, 0x00, 0x00, 0x0F, 0xF0, 0x3F,
    0xF8, 0xFF, 0xF1, 0xE1, 0xF7, 0x81, 0xEF, 0x03, 0xFE, 0x03, 0xFC, 0x07, 0xF8, 0x0F, 0xF0, 0x3F,
    0xE0, 0x7B, 0xE1, 0xF3, 0xFF, 0xC3, 0xFF, 0x83, 0xFC, 0x00, 0xE0, 0x00, 0x1F, 0xC0, 0xFE, 0x03,
    0xF0, 0x3B, 0x81, 0xDC, 0x0E, 0xE0, 0x3E, 0x07, 0xFC, 0x3F, 0xE3, 0xC7, 0x9E, 0x3C, 0xF1, 0xE7,
    0x8F, 0x3C, 0x79, 0xE3, 0xCF, 0xFE, 0x3F, 0xE0, 0xFE, 0x00, 0x80, 0x0F, 0xE0, 0x3F, 0xC0, 0x3F,
    0x80, 0x73, 0x00, 0xFE, 0x03, 0xF8, 0x00, 0x00, 0x0F, 0xF0, 0x3F, 0xF8, 0xFF, 0xF1, 0xE1, 0xF7,
    0x81, 0xEF, 0x03, 0xFE, 0x03, 0xFC, 0x07, 0xF8, 0x0F, 0xF0, 0x3F, 0xE0, 0x7B, 0xE1, 0xF3, 0xFF,
    0xC3, 0xFF, 0x83, 0xFC, 0x00, 0xE0, 0x00, 0x1F, 0xC0, 0xFE, 0x00, 0x00, 0x3F, 0x81, 0xFC, 0x08,
    0xC0, 0x3E, 0x07, 0xFC, 0x3F, 0xE3, 0xC7, 0x9E, 0x3C, 0xF1, 0xE7, 0x8F, 0x3C, 0x79, 0xE3, 0xCF,
    0xFE, 0x3F, 0xE0, 0xFE, 0x00, 0x80, 0x03, 0x80, 0x0F, 0x00, 0x1E, 0x00, 0x08, 0x00, 0x00, 0x03,
    0xFC, 0x0F, 0xFE, 0x3F, 0xFC, 0x78, 0x7D, 0xE0, 0x7B, 0xC0, 0xFF, 0x80, 0xFF, 0x01, 0xFE, 0x03,
    0xFC, 0x0F, 0xF8, 0x1E, 0xF8, 0x7C, 0xFF, 0xF0, 0xFF, 0xE0, 0xFF, 0x00, 0x38, 0x00, 0x07, 0x00,
    0x7C, 0x01, 0xC0, 0x04, 0x00, 0xF8, 0x1F, 0xF0, 0xFF, 0x8F, 0x1E, 0x78, 0xF3, 0xC7, 0x9E, 0x3C,
    0xF1, 0xE7, 0x8F, 0x3F, 0xF8, 0xFF, 0x83, 0xF8, 0x02, 0x00, 0x0F, 0xE0, 0x3F, 0xC0, 0x7F, 0x80,
    0x18, 0x00, 0x38, 0x00, 0x70, 0x00, 0x00, 0x0F, 0xF0, 0x3F, 0xF8, 0xFF, 0xF1, 0xE1, 0xF7, 0x81,
    0xEF, 0x03, 0xFE, 0x03, 0xFC, 0x07, 0xF8, 0x0F, 0xF0, 0x3F, 0xE0, 0x7B, 0xE1, 0xF3, 0xFF, 0xC3,
    0xFF, 0x83, 0xFC, 0x00, 0xE0, 0x00, 0x1F, 0xC0, 0xFE, 0x00, 0x80, 0x0E, 0x00, 0x70, 0x03, 0x00,
    0x3E, 0x07, 0xFC, 0x3F, 0xE3, 0xC7, 0x9E, 0x3C, 0xF1, 0xE7, 0x8F, 0x3C, 0x79, 0xE3, 0xCF, 0xFE,
    0x3F, 0xE0, 0xFE, 0x00, 0x80, 0x1F, 0xC0, 0x7F, 0x01, 0xFC, 0x00, 0x00, 0xF0, 0x7B, 0xE1, 0xE7,
    0x8F, 0x1F, 0x3C, 0x3D, 0xE0, 0xFF, 0x81, 0xFC, 0x03, 0xE0, 0x0F, 0x80, 0x1E, 0x00, 0x78, 0x01,
    0xE0, 0x07, 0x80, 0x1E, 0x00, 0x78, 0x00, 0x3F, 0xC3, 0xFC, 0x3F, 0xCF, 0x0F, 0xF0, 0xFF, 0x0F,
    0x79, 0xE7, 0x9E, 0x39, 0xC3, 0xFC, 0x3F, 0xC1, 0xF8, 0x1F, 0x80, 0xF8, 0x0F, 0x00, 0xF0, 0x1E,
    0x0F, 0xE0, 0xFC, 0x0F, 0x80, 0x78, 0x1E, 0x07, 0x81, 0xE0, 0x78, 0x1E, 0x07, 0x81, 0xE0, 0x78,
    0x1E, 0x07, 0xA1, 0xFE, 0x7F, 0x9E, 0x67, 0xF9, 0xFE, 0x66, 0x00, 0xE7, 0x80, 0xFF, 0xC0, 0xFF,
    0xE0, 0xF9, 0xE0, 0xF1, 0xE0, 0xF1, 0xE0, 0xF1, 0xF8, 0xF1, 0xFE, 0xF1, 0xFE, 0xF1, 0xE7, 0xF1,
    0xFE, 0xF1, 0xFE, 0x01, 0x98, 0x18, 0x0F, 0x03, 0xFB, 0xFE, 0xFF, 0x8F, 0x03, 0xC0, 0xF0, 0x3F,
    0x0F, 0xE3, 0xFC, 0xF7, 0x7F, 0xDF, 0xE6, 0x60, 0x1E, 0x3C, 0x78, 0xF1, 0xE3, 0xC7, 0x8F, 0x1E,
    0x3C, 0x78, 0xF1, 0xE3, 0xDF, 0xBF, 0x7C, 0x00, 0xF0, 0x00, 0x0F, 0x00, 0x00, 0xF0, 0x00, 0x0F,
    0x00, 0x1E, 0xF7, 0x83, 0xFF, 0xFC, 0x7F, 0xFF, 0xE7, 0xDF, 0x9E, 0x78, 0xF1, 0xE7, 0x8F, 0x1E,
    0x78, 0xF1, 0xF7, 0x8F, 0x1E, 0x78, 0xF1, 0xE7, 0xFF, 0xFE, 0x3F, 0xFF, 0xC1, 0xF9, 0xF8, 0x06,
    0x06, 0x00, 0x0F, 0x0F, 0x03, 0xFF, 0xFC, 0x3F, 0xFF, 0xE7, 0xDF, 0xBE, 0x78, 0xF1, 0xE7, 0x8F,
    0x1E, 0x78, 0xF1, 0xF7, 0x8F, 0x1E, 0x78, 0xF1, 0xE7, 0xFF, 0xFE, 0x3F, 0xFF, 0xC3, 0xFF, 0xFC,
    0x04, 0xF3, 0x00, 0x0F, 0x00, 0x00, 0xF0, 0x00, 0x0F, 0x00, 0x00, 0xF0, 0x00, 0x00, 0x00, 0x00,
    0x70, 0x0F, 0xE0, 0x3F, 0x80, 0x7F, 0x00, 0xFE, 0x03, 0xFC, 0x07, 0xF8, 0x0F, 0xF8, 0x3F, 0xF0,
    0x7F, 0xE0, 0xFF, 0xE3, 0xFF, 0xC7, 0xFF, 0xDF, 0xC7, 0xBF, 0x8F, 0x7F, 0x1F, 0x0C, 0x00, 0x38,
    0x00, 0x00, 0xE1, 0xFF, 0x3F, 0xF7, 0xFE, 0x79, 0xEF, 0x9C, 0xF3, 0x8F, 0x38, 0xF3, 0x8F, 0x70,
    0xF7, 0x0F, 0x60, 0xFE, 0x07, 0xFF, 0x3F, 0xF1, 0xFE, 0x1F, 0x01, 0x80, 0x00, 0xE0, 0x1C, 0x03,
    0x00, 0xE0, 0xFC, 0x7F, 0x8F, 0xF3, 0xFE, 0x7F, 0x0F, 0xE1, 0xFC, 0x3F, 0x07, 0xE0, 0xFF, 0x8F,
    0xF0, 0xFE, 0x1F, 0x07, 0x00, 0xE0, 0x38, 0x03, 0x00, 0x78, 0x0F, 0x01, 0xE0, 0x3C, 0x07, 0x80,
    0xF0, 0x3F, 0xC7, 0xF8, 0xFF, 0x0F, 0x01, 0xE0, 0x3C, 0x07, 0xFE, 0xFF, 0xDF, 0xF8, 0x00, 0x37,
    0xFF, 0xBF, 0xFD, 0xFF, 0xE0, 0xFC, 0x07, 0xE0, 0x3E, 0x01, 0xF0, 0x0F, 0x00, 0x78, 0x03, 0xC0,
    0x1E, 0x00, 0xF0, 0x0F, 0x80, 0x7C, 0x07, 0xE0, 0x30, 0x03, 0x80, 0x00, 0x1F, 0x1F, 0xF7, 0xF9,
    0xC6, 0x7C, 0x1F, 0xC3, 0xF8, 0x3F, 0x03, 0xDD, 0xF7, 0xF9, 0xFE, 0x3C, 0x07, 0x81, 0xF8, 0x3E,
    0x07, 0x80, 0x7F, 0xDF, 0xFB, 0xFF, 0x03, 0xC0, 0xF0, 0x1E, 0x07, 0x81, 0xE0, 0x7C, 0x0F, 0x03,
    0xF0, 0x7F, 0x01, 0xE0, 0x1E, 0x03, 0xF8, 0x7F, 0x07, 0xE0, 0x00, 0x1F, 0xCF, 0xFB, 0xFF, 0x43,
    0xC0, 0xF0, 0x3C, 0x1E, 0x1F, 0x8F, 0xC3, 0xE0, 0xF0, 0x3C, 0x0F, 0x03, 0xC0, 0xF0, 0x3E, 0x3F,
    0xEF, 0xF9, 0x9F, 0x03, 0xC0, 0xF0, 0x7C, 0x3E, 0x3F, 0x0F, 0x83, 0xC0, 0xF0, 0x7F, 0xE3, 0xFF,
    0x9F, 0xFE, 0xF0, 0xF7, 0x87, 0xBC, 0x79, 0xFF, 0xCF, 0xFE, 0x7F, 0xFF, 0xFB, 0xFF, 0xDF, 0xFC,
    0xF7, 0xFF, 0xBF, 0xF9, 0xFF, 0x80, 0x78, 0x3C, 0x78, 0x3C, 0x78, 0x3C, 0x78, 0x3C, 0x78, 0x3C,
    0xFF, 0xFF, 0xFF, 0xFF, 0xFF, 0xFF, 0x78, 0x3C, 0x78, 0x3C, 0x78, 0x3C, 0x3C, 0x3C, 0x3F, 0xFC,
    0x1F, 0xF8, 0x0F, 0xF0, 0x01, 0x80, 0x0F, 0x80, 0x3F, 0x00, 0xFC, 0x07, 0xF0, 0x1F, 0xE0, 0x7F,
    0x83, 0xCE, 0x0F, 0x3C, 0x3C, 0xF1, 0xE1, 0xC7, 0x87, 0x9E, 0x1E, 0xF8, 0x7B, 0xC0, 0xFF, 0x03,
    0xC0, 0x01, 0x9F, 0xFF, 0xFF, 0xFF, 0xF3, 0x3D, 0xCF, 0x73, 0xFE, 0xFF, 0xBF, 0xEF, 0xE3, 0xF8,
    0xFC, 0x3F, 0xFF, 0xFF, 0xFF, 0x38, 0x0E, 0x00, 0x00, 0x00, 0xFE, 0x3F, 0xE3, 0xFE, 0x79, 0xF7,
    0xBF, 0x7F, 0xF7, 0xFF, 0x7E, 0x07, 0xC0, 0x7F, 0xE3, 0xFE, 0x3F, 0xE3, 0x30, 0x00, 0x00, 0x1E,
    0x0F, 0x07, 0x83, 0xC1, 0xE0, 0xF0, 0xFE, 0x7F, 0x3F, 0x8F, 0x07, 0x83, 0xC1, 0xE0, 0xF0, 0x78,
    0x3C, 0xFE, 0x7F, 0x3F, 0x0E, 0x00, 0x1E, 0x0F, 0x07, 0x80, 0x81, 0xE0, 0xF0, 0x78, 0x3C, 0x1E,
    0x1F, 0xCF, 0xE7, 0xE1, 0xE0, 0xF0, 0x78, 0x3C, 0x1E, 0x0F, 0x3F, 0x9F, 0xCF, 0xC0, 0x00, 0x00,
    0x1F, 0xBC, 0x3F, 0xFC, 0x7F, 0xFC, 0x78, 0x7C, 0xF8, 0x7C, 0xF0, 0x3C, 0xF0, 0x3C, 0xF0, 0x3C,
    0xF0, 0x3C, 0xF0, 0x3C, 0xF0, 0x7C, 0xF8, 0x7C, 0x7F, 0xFC, 0x3F, 0xFC, 0x1F, 0xBC, 0x06, 0x3C,
    0x00, 0x3C, 0x00, 0x3F, 0x00, 0x3F, 0x00, 0x1F, 0x1E, 0x70, 0xFF, 0xC7, 0xFF, 0x1F, 0x7C, 0x78,
    0xF1, 0xE3, 0xC7, 0x8F, 0x1E, 0x3C, 0x78, 0xF1, 0xFF, 0xC3, 0xFF, 0x0F, 0xFC, 0x0C, 0xF0, 0x03,
    0xC0, 0x0F, 0xC0, 0x1F, 0x00, 0x7C, 0x7F, 0xC1, 0xFF, 0xC7, 0xFF, 0x1E, 0x3C, 0x78, 0x79, 0xE3,
    0xCF, 0xFF, 0x3F, 0xF8, 0xFF, 0xC3, 0xFF, 0x87, 0x9E, 0x1E, 0x3C, 0x78, 0xF1, 0xE1, 0xE7, 0x87,
    0xC0, 0x73, 0x9F, 0xE7, 0xF9, 0xFE, 0x7C, 0x3F, 0x8F, 0xE3, 0xF8, 0x78, 0x1E, 0x07, 0x81, 0xE0,
    0xF0, 0x7B, 0xE1, 0xEF, 0xFF, 0xBF, 0xFE, 0xFF, 0xF8, 0xFF, 0x81, 0xFC, 0x03, 0xE0, 0x0F, 0x80,
    0x1E, 0x00, 0x78, 0x01, 0xE0, 0x07, 0x80, 0x1E, 0x00, 0x78, 0x00, 0xF0, 0xFF, 0x0F, 0xF0, 0xF7,
    0x9E, 0xFF, 0xFF, 0xFF, 0x7F, 0xE3, 0xFC, 0x1F, 0x81, 0xF8, 0x0F, 0x80, 0xF0, 0x0F, 0x01, 0xE0,
    0xFE, 0x0F, 0xC0, 0xF8, 0x00, 0x07, 0xC0, 0x1F, 0x80, 0x3F, 0x00, 0x7F, 0x01, 0xFE, 0x03, 0xDC,
    0x07, 0x3C, 0x1E, 0x78, 0x3F, 0xF0, 0x7F, 0xF1, 0xFF, 0xE3, 0xFF, 0xEF, 0x83, 0xDE, 0x07, 0xBC,
    0x0F, 0x80, 0x00, 0x07, 0x80, 0x0F, 0x80, 0x3B, 0x00, 0x7E, 0x00, 0x78, 0x00, 0x1F, 0x87, 0xF8,
    0xFF, 0x88, 0xF0, 0x1E, 0x7F, 0xDF, 0xFB, 0xCF, 0xF1, 0xEF, 0x7D, 0xFF, 0x9F, 0xF0, 0x80, 0x1E,
    0x07, 0xE0, 0xCC, 0x1F, 0x81, 0xE0, 0x0F, 0x00, 0xF0, 0x0F, 0x00, 0x60, 0x00, 0x0F, 0xFC, 0xFF,
    0xEF, 0xFF, 0xF0, 0xFF, 0x0F, 0xF1, 0xEF, 0xFE, 0xFF, 0xEF, 0xFF, 0xF0, 0xFF, 0x0F, 0xF0, 0xFF,
    0xFF, 0xFF, 0xEF, 0xFC, 0x0F, 0x00, 0xF0, 0x0F, 0x00, 0x60, 0xF0, 0x0F, 0x00, 0xF0, 0x0F, 0x00,
    0xF7, 0x8F, 0xFC, 0xFF, 0xEF, 0x9E, 0xF1, 0xEF, 0x0F, 0xF0, 0xFF, 0x0E, 0xF1, 0xEF, 0xFE, 0xFF,
    0xEF, 0xFC, 0x03, 0x00, 0xFF, 0xCF, 0xFE, 0xFF, 0xFF, 0x0F, 0xF0, 0xFF, 0x1E, 0xFF, 0xEF, 0xFE,
    0xFF, 0xFF, 0x0F, 0xF0, 0xFF, 0x0F, 0xFF, 0xFF, 0xFE, 0xFF, 0xC0, 0x00, 0x0E, 0x00, 0xF0, 0x0F,
    0x00, 0x60, 0xF0, 0x0F, 0x00, 0xF0, 0x0F, 0x00, 0xF7, 0x8F, 0xFC, 0xFF, 0xEF, 0x9E, 0xF1, 0xEF,
    0x0F, 0xF0, 0xFF, 0x0E, 0xF1, 0xEF, 0xFE, 0xFF, 0xEF, 0xFC, 0x03, 0x00, 0xE0, 0x0F, 0x00, 0xF0,
    0x06, 0x00, 0xFF, 0xCF, 0xFE, 0xFF, 0xFF, 0x0F, 0xF0, 0xFF, 0x1E, 0xFF, 0xEF, 0xFE, 0xFF, 0xFF,
    0x0F, 0xF0, 0xFF, 0x0F, 0xFF, 0xFF, 0xFE, 0xFF, 0xC0, 0x00, 0x3F, 0xC3, 0xFC, 0x3F, 0xC0, 0xF0,
    0x0F, 0x00, 0xF0, 0x0F, 0x00, 0xF7, 0x8F, 0xFC, 0xFF, 0xEF, 0x9E, 0xF1, 0xEF, 0x0F, 0xF0, 0xFF,
    0x0E, 0xF1, 0xEF, 0xFE, 0xFF, 0xEF, 0xFC, 0x03, 0x03, 0xFC, 0x3F, 0xC3, 0xF8, 0x01, 0xE0, 0x3C,
    0x07, 0x80, 0x60, 0x00, 0x01, 0xFF, 0x3F, 0xF7, 0xFE, 0x78, 0x2F, 0x80, 0xF0, 0x0F, 0x00, 0xF0,
    0x0F, 0x00, 0xF0, 0x0F, 0x00, 0xF8, 0x07, 0xFF, 0x3F, 0xF1, 0xFE, 0x07, 0x00, 0x78, 0x03, 0x80,
    0xF8, 0x0F, 0x80, 0x03, 0xC0, 0xF0, 0x3C, 0x07, 0x00, 0xF8, 0x7F, 0x8F, 0xF3, 0xE6, 0x78, 0x0F,
    0x01, 0xE0, 0x3C, 0x07, 0x80, 0xFF, 0x8F, 0xF0, 0xFE, 0x07, 0x01, 0xF0, 0x0E, 0x07, 0xC0, 0xF0,
    0x07, 0x00, 0x1E, 0x00, 0x78, 0x00, 0x80, 0x00, 0x03, 0xFF, 0x0F, 0xFE, 0x3F, 0xFC, 0xF0, 0xFB,
    0xC1, 0xEF, 0x07, 0xBC, 0x1E, 0xF0, 0x7B, 0xC1, 0xEF, 0x07, 0xBC, 0x1E, 0xF0, 0xFB, 0xFF, 0xCF,
    0xFE, 0x3F, 0xF0, 0x0E, 0x01, 0xE0, 0x1E, 0x00, 0x40, 0x00, 0xF0, 0x0F, 0x00, 0xF0, 0x0F, 0x1E,
    0xF3, 0xFF, 0x7F, 0xF7, 0xDF, 0x78, 0xF7, 0x8F, 0x78, 0xF7, 0x8F, 0x78, 0xF7, 0xFF, 0x3F, 0xF3,
    0xF7, 0x0C, 0x00, 0xFF, 0xC3, 0xFF, 0x8F, 0xFF, 0x3C, 0x3E, 0xF0, 0x7B, 0xC1, 0xEF, 0x07, 0xBC,
    0x1E, 0xF0, 0x7B, 0xC1, 0xEF, 0x07, 0xBC, 0x3E, 0xFF, 0xF3, 0xFF, 0x8F, 0xFC, 0x00, 0x00, 0x07,
    0x00, 0x3C, 0x00, 0xF0, 0x01, 0x80, 0x00, 0xF0, 0x0F, 0x00, 0xF0, 0x0F, 0x1E, 0xF3, 0xFF, 0x7F,
    0xF7, 0xDF, 0x78, 0xF7, 0x8F, 0x78, 0xF7, 0x8F, 0x78, 0xF7, 0xFF, 0x3F, 0xF3, 0xF7, 0x0C, 0x00,
    0x70, 0x0F, 0x00, 0xF0, 0x06, 0x00, 0xFF, 0xC3, 0xFF, 0x8F, 0xFF, 0x3C, 0x3E, 0xF0, 0x7B, 0xC1,
    0xEF, 0x07, 0xBC, 0x1E, 0xF0, 0x7B, 0xC1, 0xEF, 0x07, 0xBC, 0x3E, 0xFF, 0xF3, 0xFF, 0x8F, 0xFC,
    0x00, 0x00, 0x1F, 0xC0, 0xFF, 0x01, 0xFC, 0x00, 0x00, 0xF0, 0x0F, 0x00, 0xF0, 0x0F, 0x1E, 0xF3,
    0xFF, 0x7F, 0xF7, 0xDF, 0x78, 0xF7, 0x8F, 0x78, 0xF7, 0x8F, 0x78, 0xF7, 0xFF, 0x3F, 0xF3, 0xF7,
    0x0C, 0x01, 0xFC, 0x1F, 0xC1, 0xFC, 0xFF, 0xC3, 0xFF, 0x8F, 0xFF, 0x3C, 0x3E, 0xF0, 0x7B, 0xC1,
    0xEF, 0x07, 0xBC, 0x1E, 0xF0, 0x7B, 0xC1, 0xEF, 0x07, 0xBC, 0x3E, 0xFF, 0xF3, 0xFF, 0x8F, 0xFC,
    0x01, 0xC0, 0x0F, 0x80, 0x0E, 0x00, 0xF8, 0x03, 0xC0, 0x00, 0xF0, 0x0F, 0x00, 0xF0, 0x0F, 0x1E,
    0xF3, 0xFF, 0x7F, 0xF7, 0xDF, 0x78, 0xF7, 0x8F, 0x78, 0xF7, 0x8F, 0x78, 0xF7, 0xFF, 0x3F, 0xF3,
    0xF7, 0x0F, 0x00, 0x78, 0x03, 0x80, 0xF8, 0x0F, 0x00, 0xFF, 0xC3, 0xFF, 0x8F, 0xFF, 0x3C, 0x3E,
    0xF0, 0x7B, 0xC1, 0xEF, 0x07, 0xBC, 0x1E, 0xF0, 0x7B, 0xC1, 0xEF, 0x07, 0xBC, 0x3E, 0xFF, 0xF3,
    0xFF, 0x8F, 0xFC, 0x00, 0x00, 0x0F, 0x80, 0x7E, 0x03, 0xDC, 0x0E, 0x38, 0x00, 0xF0, 0x0F, 0x00,
    0xF0, 0x0F, 0x1E, 0xF3, 0xFF, 0x7F, 0xF7, 0xDF, 0x78, 0xF7, 0x8F, 0x78, 0xF7, 0x8F, 0x78, 0xF7,
    0xFF, 0x3F, 0xF3, 0xF7, 0x0C, 0x00, 0xF8, 0x1F, 0xC3, 0xDE, 0x38, 0xE0, 0x38, 0x0F, 0x01, 0xE0,
    0x3C, 0x3F, 0x9F, 0xE3, 0xF8, 0x00, 0x7F, 0xFF, 0xFF, 0xFF, 0xC0, 0xF0, 0x3C, 0x0F, 0xFB, 0xFE,
    0xFF, 0xBC, 0x0F, 0x03, 0xC0, 0xFF, 0xFF, 0xFF, 0xFC, 0x1C, 0x01, 0xE0, 0x0F, 0x00, 0x70, 0x1F,
    0xC3, 0xFC, 0x1F, 0xC0, 0xF8, 0x3F, 0xC3, 0xFE, 0x78, 0xF7, 0x8F, 0x7F, 0xF7, 0xFF, 0x78, 0x07,
    0x80, 0x7F, 0xE3, 0xFE, 0x1F, 0xE0, 0x30, 0x07, 0x83, 0xE0, 0xF0, 0x70, 0x3F, 0x9F, 0xE3, 0xF8,
    0x00, 0x7F, 0xFF, 0xFF, 0xFF, 0xC0, 0xF0, 0x3C, 0x0F, 0xFB, 0xFE, 0xFF, 0xBC, 0x0F, 0x03, 0xC0,
    0xFF, 0xFF, 0xFF, 0xFC, 0x03, 0xC0, 0x7C, 0x07, 0x00, 0xE0, 0x1F, 0xC3, 0xFC, 0x1F, 0xC0, 0xF8,
    0x3F, 0xC3, 0xFE, 0x78, 0xF7, 0x8F, 0x7F, 0xF7, 0xFF, 0x78, 0x07, 0x80, 0x7F, 0xE3, 0xFE, 0x1F,
    0xE0, 0x30, 0x7F, 0xFF, 0xFF, 0xFF, 0xC0, 0xF0, 0x3C, 0x0F, 0xFB, 0xFE, 0xFF, 0xBC, 0x0F, 0x03,
    0xC0, 0xFF, 0xFF, 0xFF, 0xFC, 0x00, 0x1F, 0x0F, 0xC7, 0xB9, 0xC7, 0x0F, 0x83, 0xFC, 0x3F, 0xE7,
    0x8F, 0x78, 0xF7, 0xFF, 0x7F, 0xF7, 0x80, 0x78, 0x07, 0xFE, 0x3F, 0xE1, 0xFE, 0x03, 0x00, 0xF8,
    0x1F, 0xC1, 0xDE, 0x38, 0xE0, 0x7F, 0xFF, 0xFF, 0xFF, 0xC0, 0xF0, 0x3C, 0x0F, 0xFB, 0xFE, 0xFF,
    0xBC, 0x0F, 0x03, 0xC0, 0xFF, 0xFF, 0xFF, 0xFC, 0x00, 0x3C, 0xDF, 0xF7, 0xF9, 0x8C, 0x0F, 0x83,
    0xFC, 0x3F, 0xE7, 0x8F, 0x78, 0xF7, 0xFF, 0x7F, 0xF7, 0x80, 0x78, 0x07, 0xFE, 0x3F, 0xE1, 0xFE,
    0x03, 0x00, 0xE6, 0x1F, 0xE3, 0xFE, 0x31, 0x80, 0x00, 0x1C, 0x77, 0xF8, 0xFE, 0x0E, 0x00, 0x07,
    0xFF, 0xFF, 0xFF, 0xFC, 0x0F, 0x03, 0xC0, 0xFF, 0xBF, 0xEF, 0xFB, 0xC0, 0xF0, 0x3C, 0x0F, 0xFF,
    0xFF, 0xFF, 0xC1, 0x80, 0xF8, 0x0E, 0x0F, 0x83, 0xC0, 0x00, 0x03, 0x8E, 0x1F, 0xC1, 0xFC, 0x07,
    0x00, 0xF8, 0x3F, 0xC3, 0xFE, 0x78, 0xF7, 0x8F, 0x7F, 0xF7, 0xFF, 0x78, 0x07, 0x80, 0x7F, 0xE3,
    0xFE, 0x1F, 0xE0, 0x70, 0x07, 0x80, 0x38, 0x0F, 0x80, 0xF8, 0x0E, 0x07, 0x81, 0xE0, 0x10, 0x00,
    0x1F, 0xFF, 0xFF, 0xFF, 0xF0, 0x3C, 0x0F, 0x03, 0xFE, 0xFF, 0xBF, 0xEF, 0xFB, 0xC0, 0xF0, 0x3C,
    0x0F, 0x03, 0xC0, 0x0E, 0x0F, 0x83, 0x80, 0x80, 0x00, 0xFC, 0xFE, 0x7F, 0x3C, 0x1F, 0xBF, 0xDF,
    0xE3, 0xC1, 0xE0, 0xF0, 0x78, 0x3C, 0x1E, 0x0F, 0x07, 0x83, 0xC0, 0x0F, 0xE0, 0xFF, 0x03, 0xF8,
    0x00, 0x00, 0xFF, 0x1F, 0xFD, 0xFF, 0xCF, 0x80, 0xF8, 0x07, 0x80, 0x3C, 0xFF, 0xE7, 0xFF, 0x3F,
    0xF9, 0xFF, 0xC1, 0xEF, 0x0F, 0x7F, 0xF9, 0xFF, 0xC7, 0xFE, 0x07, 0x00, 0x1F, 0xC1, 0xFC, 0x1F,
    0xC1, 0xE7, 0x3F, 0xF7, 0xFF, 0x7D, 0xF7, 0x8F, 0x78, 0xF7, 0x8F, 0x78, 0xF7, 0x8F, 0x7F, 0xF3,
    0xFF, 0x3F, 0xF0, 0xCF, 0x00, 0xF7, 0xFF, 0x7F, 0xE7, 0xFC, 0x07, 0x80, 0x1E, 0x00, 0x78, 0x00,
    0xC0, 0x00, 0x01, 0xC0, 0xEF, 0x03, 0xBC, 0x0E, 0xF0, 0x3B, 0xC0, 0xEF, 0x07, 0xBF, 0xFE, 0xFF,
    0xFB, 0xFF, 0xEF, 0x03, 0xBC, 0x0E, 0xF0, 0x3B, 0xC0, 0xEF, 0x03, 0xBC, 0x0E, 0xF0, 0x0F, 0x00,
    0xF0, 0x02, 0x00, 0xF0, 0x0F, 0x00, 0xF0, 0x0F, 0x00, 0xF7, 0x8F, 0xFC, 0xFF, 0xEF, 0x9E, 0xF1,
    0xEF, 0x0E, 0xF0, 0xEF, 0x0E, 0xF0, 0xEF, 0x0E, 0xF0, 0xEF, 0x0E, 0x70, 0x3B, 0xC0, 0xEF, 0x03,
    0xBC, 0x0E, 0xF0, 0x3B, 0xC1, 0xEF, 0xFF, 0xBF, 0xFE, 0xFF, 0xFB, 0xC0, 0xEF, 0x03, 0xBC, 0x0E,
    0xF0, 0x3B, 0xC0, 0xEF, 0x03, 0x80, 0x00, 0x07, 0x00, 0x3C, 0x00, 0xF0, 0x01, 0x80, 0xF0, 0x0F,
    0x00, 0xF0, 0x0F, 0x00, 0xF7, 0x8F, 0xFC, 0xFF, 0xEF, 0x9E, 0xF1, 0xEF, 0x0E, 0xF0, 0xEF, 0x0E,
    0xF0, 0xEF, 0x0E, 0xF0, 0xEF, 0x0E, 0x00, 0x00, 0xE0, 0x0F, 0x00, 0xF0, 0x06, 0x00, 0x1C, 0xE0,
    0x77, 0x81, 0xCE, 0x00, 0x00, 0x00, 0x01, 0xC0, 0xEF, 0x03, 0xBC, 0x0E, 0xF0, 0x3B, 0xC0, 0xEF,
    0x07, 0xBF, 0xFE, 0xFF, 0xFB, 0xFF, 0xEF, 0x03, 0xBC, 0x0E, 0xF0, 0x3B, 0xC0, 0xEF, 0x03, 0xBC,
    0x0E, 0x67, 0x03, 0xDC, 0x0F, 0x70, 0x00, 0x00, 0x3C, 0x00, 0xF0, 0x03, 0xC0, 0x0F, 0x00, 0x3D,
    0xE0, 0xFF, 0xC3, 0xFF, 0x8F, 0x9E, 0x3C, 0x78, 0xF0, 0xE3, 0xC3, 0x8F, 0x0E, 0x3C, 0x38, 0xF0,
    0xE3, 0xC3, 0x8F, 0x0E, 0x70, 0x3B, 0xC0, 0xEF, 0x03, 0xBC, 0x0E, 0xF0, 0x3B, 0xC1, 0xEF, 0xFF,
    0xBF, 0xFE, 0xFF, 0xFB, 0xC0, 0xEF, 0x03, 0xBC, 0x0E, 0xF0, 0x3B, 0xC0, 0xEF, 0x03, 0x8C, 0x00,
    0x3C, 0x00, 0x70, 0x07, 0xC0, 0x1E, 0x00, 0x78, 0x03, 0xC0, 0x1E, 0x00, 0xF0, 0x07, 0xBC, 0x3F,
    0xF1, 0xFF, 0xCF, 0x9E, 0x78, 0xF3, 0xC3, 0x9E, 0x1C, 0xF0, 0xE7, 0x87, 0x3C, 0x39, 0xE1, 0xCF,
    0x0E, 0x30, 0x03, 0xE0, 0x07, 0x00, 0xF8, 0x07, 0x80, 0x00, 0x70, 0x3B, 0xC0, 0xEF, 0x03, 0xBC,
    0x0E, 0xF0, 0x3B, 0xC1, 0xEF, 0xFF, 0xBF, 0xFE, 0xFF, 0xFB, 0xC0, 0xEF, 0x03, 0xBC, 0x0E, 0xF0,
    0x3B, 0xC0, 0xEF, 0x03, 0x80, 0x00, 0x18, 0x60, 0x7F, 0x80, 0xFC, 0x01, 0xE0, 0xF0, 0x0F, 0x00,
    0xF0, 0x0F, 0x00, 0xF7, 0x8F, 0xFC, 0xFF, 0xEF, 0x9E, 0xF1, 0xEF, 0x0E, 0xF0, 0xEF, 0x0E, 0xF0,
    0xEF, 0x0E, 0xF0, 0xEF, 0x0E, 0x00, 0x03, 0x0C, 0x3F, 0xC1, 0xF8, 0x0F, 0x00, 0x7F, 0x9F, 0xE3,
    0xF0, 0x78, 0x1E, 0x07, 0x81, 0xE0, 0x78, 0x1E, 0x07, 0x81, 0xE0, 0x78, 0x3F, 0x1F, 0xE7, 0xF8,
    0x00, 0x39, 0xDF, 0xE7, 0xF9, 0x9C, 0x3C, 0x1E, 0x0F, 0x01, 0x03, 0xC1, 0xE0, 0xF0, 0x78, 0x3C,
    0x1E, 0x0F, 0x07, 0x83, 0xC1, 0xE0, 0xF0, 0x78, 0x00, 0x3C, 0xFF, 0xFF, 0xEC, 0x60, 0x0F, 0x1E,
    0x1C, 0x7E, 0xFF, 0xF7, 0x00, 0xFF, 0xFF, 0x7E, 0x3C, 0x3C, 0x3C, 0x3C, 0x3C, 0x3C, 0x3C, 0x3C,
    0x3C, 0x7E, 0xFF, 0xFF, 0x0F, 0x07, 0x87, 0x83, 0x87, 0x77, 0xB9, 0x98, 0x78, 0x3C, 0x1E, 0x0F,
    0x07, 0x83, 0xC1, 0xE0, 0xF0, 0x78, 0x3C, 0x1E, 0x0F, 0x00, 0x03, 0xE0, 0x1E, 0x01, 0xE0, 0x0C,
    0x00, 0x00, 0x38, 0x3F, 0xC3, 0xDE, 0x3C, 0xF3, 0xE7, 0xBE, 0x3D, 0xE1, 0xFE, 0x0F, 0xF8, 0x7F,
    0xC3, 0xFF, 0x1E, 0x78, 0xF1, 0xE7, 0x8F, 0xBC, 0x3D, 0xE0, 0xF0, 0x3C, 0x07, 0x80, 0xF0, 0x0E,
    0x00, 0xF0, 0x0F, 0x00, 0xF0, 0x0F, 0x00, 0xF0, 0xFF, 0x1E, 0xF3, 0xCF, 0x78, 0xFF, 0x8F, 0xF0,
    0xFF, 0x0F, 0xF8, 0xF7, 0xCF, 0x3C, 0xF1, 0xEF, 0x0F, 0x70, 0x7F, 0x87, 0xBC, 0x79, 0xE7, 0xCF,
    0x7C, 0x7B, 0xC3, 0xFC, 0x1F, 0xF0, 0xFF, 0x87, 0xFE, 0x3C, 0xF1, 0xE3, 0xCF, 0x1F, 0x78, 0x7B,
    0xC1, 0xE0, 0x00, 0x07, 0x00, 0x78, 0x03, 0xC0, 0x0C, 0x00, 0xF0, 0x0F, 0x00, 0xF0, 0x0F, 0x00,
    0xF0, 0xFF, 0x1E, 0xF3, 0xCF, 0x78, 0xFF, 0x8F, 0xF0, 0xFF, 0x0F, 0xF8, 0xF7, 0xCF, 0x3C, 0xF1,
    0xEF, 0x0F, 0x00, 0x01, 0xC0, 0x1E, 0x01, 0xE0, 0x0C, 0x00, 0x70, 0x7F, 0x87, 0xBC, 0x79, 0xE7,
    0xCF, 0x7C, 0x7B, 0xC3, 0xFC, 0x1F, 0xF0, 0xFF, 0x87, 0xFE, 0x3C, 0xF1, 0xE3, 0xCF, 0x1F, 0x78,
    0x7B, 0xC1, 0xE0, 0x00, 0x1F, 0xC0, 0xFE, 0x07, 0xF0, 0xF0, 0x0F, 0x00, 0xF0, 0x0F, 0x00, 0xF0,
    0xFF, 0x1E, 0xF3, 0xCF, 0x78, 0xFF, 0x8F, 0xF0, 0xFF, 0x0F, 0xF8, 0xF7, 0xCF, 0x3C, 0xF1, 0xEF,
    0x0F, 0x00, 0x03, 0xF8, 0x3F, 0x83, 0xF8, 0xF0, 0x3C, 0x0F, 0x03, 0xC0, 0xF0, 0x3C, 0x0F, 0x03,
    0xC0, 0xF0, 0x3C, 0x0F, 0x03, 0xC0, 0xFF, 0xFF, 0xFF, 0xFC, 0x00, 0x0E, 0x07, 0x81, 0xE0, 0x30,
    0xFF, 0xFF, 0xFF, 0xFF, 0xFF, 0xFF, 0xFF, 0xFF, 0x07, 0xFF, 0x60, 0x7F, 0x0F, 0xF0, 0x7F, 0x00,
    0x00, 0x3C, 0x03, 0xC0, 0x3C, 0x03, 0xC0, 0x3C, 0x03, 0xC0, 0x3C, 0x03, 0xC0, 0x3C, 0x03, 0xC0,
    0x3C, 0x03, 0xC0, 0x3F, 0xF3, 0xFF, 0x3F, 0xF0, 0x00, 0x03, 0x80, 0x78, 0x07, 0x80, 0x30, 0xFF,
    0xFF, 0xFF, 0x3C, 0x3C, 0x3C, 0x3C, 0x3C, 0x3C, 0x3C, 0x3C, 0x3C, 0x3C, 0x3C, 0x3C, 0x3C, 0x3C,
    0x3C, 0x3C, 0x00, 0x1C, 0x3C, 0x3C, 0x18, 0xF0, 0x3C, 0x0F, 0x03, 0xC0, 0xF0, 0x3C, 0x0F, 0x03,
    0xC0, 0xF0, 0x3C, 0x0F, 0x03, 0xC0, 0xFF, 0xFF, 0xFF, 0xFC, 0x00, 0x3F, 0x8F, 0xE3, 0xF8, 0x3C,
    0x3C, 0x3C, 0x3C, 0x3C, 0x3C, 0x3C, 0x3C, 0x3C, 0x3C, 0x3C, 0x3C, 0x3C, 0x3C, 0x3C, 0x3C, 0x00,
    0xFF, 0xFF, 0xFF, 0xF0, 0x3C, 0x0F, 0x03, 0xC0, 0xF0, 0x3C, 0x0F, 0x03, 0xC0, 0xF0, 0x3C, 0x0F,
    0x03, 0xC0, 0xFF, 0xFF, 0xFF, 0xFC, 0x00, 0x1F, 0x0F, 0xC7, 0xB9, 0xC7, 0x1E, 0x07, 0x81, 0xE0,
    0x78, 0x1E, 0x07, 0x81, 0xE0, 0x78, 0x1E, 0x07, 0x81, 0xE0, 0x78, 0x1E, 0x07, 0x81, 0xE0, 0x78,
    0x00, 0x07, 0x83, 0xF1, 0xFE, 0x61, 0x80, 0x00, 0x78, 0x00, 0x78, 0x00, 0x78, 0x00, 0x38, 0x00,
    0x00, 0x03, 0xE0, 0x7F, 0xF0, 0x3F, 0xF8, 0x3F, 0xFE, 0x1F, 0xFF, 0x0F, 0xFF, 0x8F, 0xFF, 0xE7,
    0xFF, 0xF3, 0xFF, 0xBB, 0xFF, 0xDD, 0xDF, 0xEF, 0xEF, 0xF3, 0xF7, 0xF9, 0xF3, 0xFC, 0xF9, 0xFE,
    0x3C, 0xF0, 0x00, 0x7C, 0x00, 0x1E, 0x00, 0x0F, 0x00, 0x03, 0x00, 0xE7, 0x8F, 0x3F, 0xFF, 0xEF,
    0xFF, 0xFF, 0xE7, 0xCF, 0xF1, 0xE3, 0xFC, 0x78, 0xFF, 0x1E, 0x3F, 0xC7, 0x8F, 0xF1, 0xE3, 0xFC,
    0x78, 0xFF, 0x1E, 0x3F, 0xC7, 0x8F, 0x01, 0xE0, 0x00, 0xF0, 0x00, 0x78, 0x00, 0x18, 0x00, 0x00,
    0x03, 0xE0, 0x7F, 0xF0, 0x3F, 0xF8, 0x3F, 0xFE, 0x1F, 0xFF, 0x0F, 0xFF, 0x8F, 0xFF, 0xE7, 0xFF,
    0xF3, 0xFF, 0xBB, 0xFF, 0xDD, 0xDF, 0xEF, 0xEF, 0xF3, 0xF7, 0xF9, 0xF3, 0xFC, 0xF9, 0xFE, 0x3C,
    0xF0, 0x00, 0xE0, 0x00, 0x7C, 0x00, 0x0E, 0x00, 0x01, 0x00, 0xE7, 0x8F, 0x3F, 0xFF, 0xEF, 0xFF,
    0xFF, 0xE7, 0xCF, 0xF1, 0xE3, 0xFC, 0x78, 0xFF, 0x1E, 0x3F, 0xC7, 0x8F, 0xF1, 0xE3, 0xFC, 0x78,
    0xFF, 0x1E, 0x3F, 0xC7, 0x8F, 0x7C, 0x0F, 0xFE, 0x07, 0xFF, 0x07, 0xFF, 0xC3, 0xFF, 0xE1, 0xFF,
    0xF1, 0xFF, 0xFC, 0xFF, 0xFE, 0x7F, 0xF7, 0x7F, 0xFB, 0xBB, 0xFD, 0xFD, 0xFE, 0x7E, 0xFF, 0x3E,
    0x7F, 0x9F, 0x3F, 0xC7, 0x9E, 0x00, 0x00, 0x01, 0xC0, 0x00, 0xF0, 0x00, 0x78, 0x00, 0x18, 0x00,
    0xE7, 0x8F, 0x3F, 0xFF, 0xEF, 0xFF, 0xFF, 0xE7, 0xCF, 0xF1, 0xE3, 0xFC, 0x78, 0xFF, 0x1E, 0x3F,
    0xC7, 0x8F, 0xF1, 0xE3, 0xFC, 0x78, 0xFF, 0x1E, 0x3F, 0xC7, 0x8F, 0x00, 0x00, 0x00, 0x38, 0x00,
    0x1E, 0x00, 0x07, 0x80, 0x00, 0xC0, 0x00, 0x03, 0x80, 0x0F, 0x00, 0x1E, 0x00, 0x08, 0x00, 0x00,
    0x0F, 0x03, 0xBF, 0x07, 0x7F, 0x0E, 0xFE, 0x1D, 0xFE, 0x3B, 0xFC, 0x77, 0xBC, 0xEF, 0x7D, 0xDE,
    0x7B, 0xBC, 0xFF, 0x78, 0xFE, 0xF0, 0xFD, 0xE1, 0xFB, 0xC1, 0xF7, 0x83, 0xE0, 0x0E, 0x00, 0xF0,
    0x0F, 0x00, 0x40, 0xE7, 0x8F, 0xFE, 0xFF, 0xEF, 0x9E, 0xF1, 0xEF, 0x0E, 0xF0, 0xEF, 0x0E, 0xF0,
    0xEF, 0x0E, 0xF0, 0xEF, 0x0E, 0x78, 0x1D, 0xF8, 0x3B, 0xF8, 0x77, 0xF0, 0xEF, 0xF1, 0xDF, 0xE3,
    0xBD, 0xE7, 0x7B, 0xEE, 0xF3, 0xDD, 0xE7, 0xFB, 0xC7, 0xF7, 0x87, 0xEF, 0x0F, 0xDE, 0x0F, 0xBC,
    0x1F, 0x00, 0x00, 0x03, 0x80, 0x0F, 0x00, 0x1E, 0x00, 0x18, 0x00, 0xE7, 0x8F, 0xFE, 0xFF, 0xEF,
    0x9E, 0xF1, 0xEF, 0x0E, 0xF0, 0xEF, 0x0E, 0xF0, 0xEF, 0x0E, 0xF0, 0xEF, 0x0E, 0x00, 0x00, 0xE0,
    0x0F, 0x00, 0xF0, 0x06, 0x00, 0x78, 0x1D, 0xF8, 0x3B, 0xF8, 0x77, 0xF0, 0xEF, 0xF1, 0xDF, 0xE3,
    0xBD, 0xE7, 0x7B, 0xEE, 0xF3, 0xDD, 0xE7, 0xFB, 0xC7, 0xF7, 0x87, 0xEF, 0x0F, 0xDE, 0x0F, 0xBC,
    0x1F, 0x00, 0x00, 0x0F, 0xE0, 0x1F, 0xC0, 0x3F, 0x80, 0xE7, 0x8F, 0xFE, 0xFF, 0xEF, 0x9E, 0xF1,
    0xEF, 0x0E, 0xF0, 0xEF, 0x0E, 0xF0, 0xEF, 0x0E, 0xF0, 0xEF, 0x0E, 0x00, 0x03, 0xFC, 0x3F, 0xC3,
    0xF8, 0x78, 0x1D, 0xF8, 0x3B, 0xF8, 0x77, 0xF0, 0xEF, 0xF1, 0xDF, 0xE3, 0xBD, 0xE7, 0x7B, 0xEE,
    0xF3, 0xDD, 0xE7, 0xFB, 0xC7, 0xF7, 0x87, 0xEF, 0x0F, 0xDE, 0x0F, 0xBC, 0x1F, 0x00, 0x00, 0x07,
    0xC0, 0x1F, 0x80, 0x7B, 0x80, 0xE3, 0x80, 0xE7, 0x8F, 0xFE, 0xFF, 0xEF, 0x9E, 0xF1, 0xEF, 0x0E,
    0xF0, 0xEF, 0x0E, 0xF0, 0xEF, 0x0E, 0xF0, 0xEF, 0x0E, 0x00, 0x01, 0xF0, 0x1F, 0x83, 0xBC, 0x71,
    0xC0, 0x01, 0xE0, 0x07, 0x80, 0x1E, 0x00, 0x73, 0x00, 0xFE, 0x03, 0xFC, 0x00, 0x00, 0x0F, 0xF0,
    0x3F, 0xF8, 0xFF, 0xF1, 0xE1, 0xF7, 0x81, 0xEF, 0x03, 0xFE, 0x03, 0xFC, 0x07, 0xF8, 0x0F, 0xF0,
    0x3F, 0xE0, 0x7B, 0xE1, 0xF3, 0xFF, 0xC3, 0xFF, 0x83, 0xFC, 0x00, 0xE0, 0x00, 0x03, 0xC0, 0x1E,
    0x01, 0xE0, 0x1C, 0x01, 0xFC, 0x0F, 0xE0, 0x46, 0x01, 0xF0, 0x3F, 0xE1, 0xFF, 0x1E, 0x3C, 0xF1,
    0xE7, 0x8F, 0x3C, 0x79, 0xE3, 0xCF, 0x1E, 0x7F, 0xF1, 0xFF, 0x07, 0xF0, 0x04, 0x00, 0x0C, 0xC0,
    0x1D, 0xC0, 0x3B, 0x80, 0x73, 0x00, 0xFE, 0x03, 0xFC, 0x00, 0x00, 0x0F, 0xF0, 0x3F, 0xF8, 0xFF,
    0xF1, 0xE1, 0xF7, 0x81, 0xEF, 0x03, 0xFE, 0x03, 0xFC, 0x07, 0xF8, 0x0F, 0xF0, 0x3F, 0xE0, 0x7B,
    0xE1, 0xF3, 0xFF, 0xC3, 0xFF, 0x83, 0xFC, 0x00, 0xE0, 0x00, 0x1D, 0xC0, 0xEE, 0x07, 0x70, 0x3F,
    0xC1, 0xFC, 0x08, 0xC0, 0x3E, 0x07, 0xFC, 0x3F, 0xE3, 0xC7, 0x9E, 0x3C, 0xF1, 0xE7, 0x8F, 0x3C,
    0x79, 0xE3, 0xCF, 0xFE, 0x3F, 0xE0, 0xFE, 0x00, 0x80, 0x0E, 0x00, 0x1E, 0x00, 0x1E, 0x00, 0x1C,
    0x01, 0xFE, 0x03, 0xFC, 0x07, 0xF8, 0x00, 0x00, 0x1F, 0xE0, 0x7F, 0xF1, 0xFF, 0xE3, 0xC3, 0xEF,
    0x03, 0xDE, 0x07, 0xFC, 0x07, 0xF8, 0x0F, 0xF0, 0x1F, 0xE0, 0x7F, 0xC0, 0xF7, 0xC3, 0xE7, 0xFF,
    0x87, 0xFF, 0x07, 0xF8, 0x01, 0xC0, 0x1E, 0x00, 0xF0, 0x03, 0xC0, 0x07, 0x01, 0xFC, 0x0F, 0xE0,
    0x7F, 0x01, 0xF0, 0x3F, 0xE1, 0xFF, 0x1E, 0x3C, 0xF1, 0xE7, 0x8F, 0x3C, 0x79, 0xE3, 0xCF, 0x1E,
    0x7F, 0xF1, 0xFF, 0x07, 0xF0, 0x04, 0x00, 0x01, 0xE0, 0x07, 0xC0, 0x0E, 0x00, 0x38, 0x01, 0xFE,
    0x03, 0xFC, 0x07, 0xF8, 0x00, 0x00, 0x1F, 0xE0, 0x7F, 0xF1, 0xFF, 0xE3, 0xC3, 0xEF, 0x03, 0xDE,
    0x07, 0xFC, 0x07, 0xF8, 0x0F, 0xF0, 0x1F, 0xE0, 0x7F, 0xC0, 0xF7, 0xC3, 0xE7, 0xFF, 0x87, 0xFF,
    0x07, 0xF8, 0x01, 0xC0, 0x03, 0xC0, 0x3E, 0x01, 0xE0, 0x1C, 0x01, 0xFC, 0x0F, 0xE0, 0x7F, 0x01,
    0xF0, 0x3F, 0xE1, 0xFF, 0x1E, 0x3C, 0xF1, 0xE7, 0x8F, 0x3C, 0x79, 0xE3, 0xCF, 0x1E, 0x7F, 0xF1,
    0xFF, 0x07, 0xF0, 0x04, 0x00, 0x03, 0xC0, 0x78, 0x0F, 0x00, 0xE0, 0x00, 0x0F, 0xF8, 0xFF, 0xCF,
    0xFE, 0xF1, 0xEF, 0x1E, 0xF1, 0xEF, 0x3E, 0xFF, 0xEF, 0xFC, 0xFF, 0x8F, 0x00, 0xF0, 0x0F, 0x00,
    0xF0, 0x0F, 0x00, 0x03, 0xC0, 0x78, 0x0F, 0x00, 0xE0, 0xE7, 0x8F, 0xFC, 0xFF, 0xEF, 0x9E, 0xF1,
    0xEF, 0x0F, 0xF0, 0xFF, 0x0E, 0xF1, 0xEF, 0xFE, 0xFF, 0xEF, 0xFC, 0xF3, 0x0F, 0x00, 0xF0, 0x0F,
    0x00, 0xF0, 0x00, 0x0E, 0x00, 0xF0, 0x0F, 0x00, 0x40, 0x00, 0x0F, 0xF8, 0xFF, 0xCF, 0xFE, 0xF1,
    0xEF, 0x1E, 0xF1, 0xEF, 0x3E, 0xFF, 0xEF, 0xFC, 0xFF, 0x8F, 0x00, 0xF0, 0x0F, 0x00, 0xF0, 0x0F,
    0x00, 0x0F, 0x00, 0xF0, 0x0F, 0x00, 0x60, 0xE7, 0x8F, 0xFC, 0xFF, 0xEF, 0x9E, 0xF1, 0xEF, 0x0F,
    0xF0, 0xFF, 0x0E, 0xF1, 0xEF, 0xFE, 0xFF, 0xEF, 0xFC, 0xF3, 0x0F, 0x00, 0xF0, 0x0F, 0x00, 0xF0,
    0x00, 0x0F, 0x00, 0x78, 0x03, 0xC0, 0x08, 0x00, 0x00, 0x7F, 0xC3, 0xFF, 0x9F, 0xFC, 0xF1, 0xE7,
    0x87, 0xBC, 0x79, 0xFF, 0xCF, 0xFC, 0x7F, 0xC3, 0xFF, 0x1E, 0x78, 0xF1, 0xE7, 0x8F, 0x3C, 0x3D,
    0xE1, 0xF0, 0x3C, 0x1E, 0x0F, 0x01, 0x0E, 0x77, 0xFB, 0xFD, 0xFE, 0xF8, 0x78, 0x3C, 0x1E, 0x0F,
    0x07, 0x83, 0xC1, 0xE0, 0xFF, 0x87, 0xFF, 0x3F, 0xF9, 0xE3, 0xCF, 0x0F, 0x78, 0xF3, 0xFF, 0x9F,
    0xF8, 0xFF, 0x87, 0xFE, 0x3C, 0xF1, 0xE3, 0xCF, 0x1E, 0x78, 0x7B, 0xC3, 0xE0, 0x00, 0x07, 0x00,
    0x78, 0x03, 0xC0, 0x0C, 0x00, 0xE7, 0x7F, 0xBF, 0xDF, 0xEF, 0x87, 0x83, 0xC1, 0xE0, 0xF0, 0x78,
    0x3C, 0x1E, 0x00, 0x03, 0x83, 0xC1, 0xE0, 0x60, 0x00, 0x3F, 0xC1, 0xFE, 0x0F, 0xE0, 0x00, 0x0F,
    0xF8, 0x7F, 0xF3, 0xFF, 0x9E, 0x3C, 0xF0, 0xF7, 0x8F, 0x3F, 0xF9, 0xFF, 0x8F, 0xF8, 0x7F, 0xE3,
    0xCF, 0x1E, 0x3C, 0xF1, 0xE7, 0x87, 0xBC, 0x3E, 0x00, 0x00, 0x70, 0x07, 0x80, 0x3C, 0x00, 0xC0,
    0xFF, 0x7F, 0x9F, 0xDC, 0xEF, 0xF7, 0xFB, 0xFD, 0xF0, 0xF0, 0x78, 0x3C, 0x1E, 0x0F, 0x07, 0x83,
    0xC0, 0x00, 0x70, 0x78, 0x3C, 0x0C, 0x00, 0xFF, 0x87, 0xFF, 0x3F, 0xF9, 0xE3, 0xCF, 0x0F, 0x78,
    0xF3, 0xFF, 0x9F, 0xF8, 0xFF, 0x87, 0xFE, 0x3C, 0xF1, 0xE3, 0xCF, 0x1E, 0x78, 0x7B, 0xC3, 0xE0,
    0x00, 0x3F, 0xC1, 0xFE, 0x07, 0xF0, 0x39, 0xC7, 0xF8, 0xFF, 0x1F, 0xE3, 0xE0, 0x78, 0x0F, 0x01,
    0xE0, 0x3C, 0x07, 0x80, 0xF0, 0x1E, 0x00, 0x01, 0xFE, 0x3F, 0xC7, 0xF8, 0x0F, 0x01, 0xE0, 0x3C,
    0x03, 0x00, 0x00, 0x3F, 0x8F, 0xFB, 0xFE, 0x78, 0x4F, 0x01, 0xF0, 0x3F, 0x83, 0xF8, 0x1F, 0x80,
    0xF8, 0x0F, 0x41, 0xEF, 0xFD, 0xFF, 0x3F, 0xC0, 0xC0, 0x1E, 0x07, 0x81, 0xE0, 0x10, 0x1F, 0x1F,
    0xF7, 0xF9, 0xC2, 0x7C, 0x1F, 0xC3, 0xF8, 0x3F, 0x03, 0xDF, 0xF7, 0xF9, 0xFE, 0x1C, 0x00, 0x00,
    0x03, 0xF8, 0xFF, 0xBF, 0xE7, 0x84, 0xF0, 0x1F, 0x03, 0xF8, 0x3F, 0x81, 0xF8, 0x0F, 0x80, 0xF4,
    0x1E, 0xFF, 0xDF, 0xF3, 0xFC, 0x0C, 0x01, 0xC0, 0x78, 0x0F, 0x00, 0xC0, 0x1F, 0x1F, 0xF7, 0xF9,
    0xC2, 0x7C, 0x1F, 0xC3, 0xF8, 0x3F, 0x03, 0xDF, 0xF7, 0xF9, 0xFE, 0x1C, 0x03, 0x81, 0xE0, 0x78,
    0x0C, 0x00, 0x01, 0xE7, 0x7C, 0xFE, 0x0F, 0x80, 0x00, 0x3F, 0x8F, 0xFB, 0xFE, 0x78, 0x4F, 0x01,
    0xF0, 0x3F, 0x83, 0xF8, 0x1F, 0x80, 0xF8, 0x0F, 0x41, 0xEF, 0xFD, 0xFF, 0x3F, 0xC0, 0xC0, 0x33,
    0xDF, 0xE3, 0xF0, 0x38, 0x1F, 0x1F, 0xF7, 0xF9, 0xC2, 0x7C, 0x1F, 0xC3, 0xF8, 0x3F, 0x03, 0xDF,
    0xF7, 0xF9, 0xFE, 0x1C, 0x00, 0x06, 0x01, 0xE0, 0xFF, 0x1D, 0xE1, 0xF8, 0x1E, 0x00, 0x00, 0xFE,
    0x3F, 0xEF, 0xF9, 0xE1, 0x3C, 0x07, 0xC0, 0xFE, 0x0F, 0xE0, 0x7E, 0x03, 0xE0, 0x3D, 0x07, 0xBF,
    0xF7, 0xFC, 0xFF, 0x03, 0x00, 0x0E, 0x07, 0x87, 0xF8, 0xFC, 0x1F, 0x07, 0x81, 0xF1, 0xFF, 0x7F,
    0x9C, 0x27, 0xC1, 0xFC, 0x3F, 0x83, 0xF0, 0x3D, 0xFF, 0x7F, 0x9F, 0xE1, 0xC0, 0x0F, 0x01, 0xE0,
    0x3C, 0x03, 0x00, 0x00, 0x3F, 0x8F, 0xFB, 0xFE, 0x78, 0x4F, 0x01, 0xF0, 0x3F, 0x83, 0xF8, 0x1F,
    0x80, 0xF8, 0x0F, 0x41, 0xEF, 0xFD, 0xFF, 0x3F, 0xC0, 0xC0, 0x1C, 0x07, 0x80, 0xF0, 0x0C, 0x00,
    0x1E, 0x07, 0x81, 0xE0, 0x10, 0x1F, 0x1F, 0xF7, 0xF9, 0xC2, 0x7C, 0x1F, 0xC3, 0xF8, 0x3F, 0x03,
    0xDF, 0xF7, 0xF9, 0xFE, 0x1C, 0x03, 0x81, 0xE0, 0x78, 0x0C, 0x00, 0x0F, 0x00, 0xF0, 0x0F, 0x00,
    0x60, 0x00, 0x0F, 0xFF, 0xFF, 0xFF, 0xFF, 0x0F, 0x00, 0xF0, 0x0F, 0x00, 0xF0, 0x0F, 0x00, 0xF0,
    0x0F, 0x00, 0xF0, 0x0F, 0x00, 0xF0, 0x0F, 0x00, 0xF0, 0x3C, 0x1E, 0x0F, 0x01, 0x01, 0x81, 0xC0,
    0xFD, 0xFF, 0xFF, 0x9C, 0x0E, 0x07, 0x03, 0x81, 0xC0, 0xE0, 0x7F, 0x3F, 0x8F, 0xC1, 0x80, 0xFF,
    0xFF, 0xFF, 0xFF, 0xF0, 0xF0, 0x0F, 0x00, 0xF0, 0x0F, 0x00, 0xF0, 0x0F, 0x00, 0xF0, 0x0F, 0x00,
    0xF0, 0x0F, 0x00, 0xF0, 0x0F, 0x00, 0x00, 0x0F, 0x00, 0xF0, 0x0F, 0x00, 0x60, 0x18, 0x1C, 0x0F,
    0xDF, 0xFF, 0xF9, 0xC0, 0xE0, 0x70, 0x38, 0x1C, 0x0E, 0x07, 0xF3, 0xF8, 0xFC, 0x18, 0x38, 0x3C,
    0x1E, 0x07, 0x00, 0xFF, 0xFF, 0xFF, 0xFF, 0xF0, 0xF0, 0x0F, 0x00, 0xF0, 0x0F, 0x00, 0xF0, 0x0F,
    0x00, 0xF0, 0x0F, 0x00, 0xF0, 0x0F, 0x00, 0xF0, 0x0F, 0x00, 0x00, 0x3F, 0xC3, 0xFC, 0x3F, 0xC0,
    0x18, 0x1C, 0x0F, 0xDF, 0xFF, 0xF9, 0xC0, 0xE0, 0x70, 0x38, 0x1C, 0x0E, 0x07, 0xF3, 0xF8, 0xFC,
    0x18, 0xFF, 0x7F, 0xBF, 0xC0, 0xFF, 0xFF, 0xFF, 0xFF, 0xF0, 0xF0, 0x0F, 0x00, 0xF0, 0x0F, 0x00,
    0xF0, 0x0F, 0x00, 0xF0, 0x0F, 0x00, 0xF0, 0x0F, 0x00, 0xF0, 0x0F, 0x00, 0x00, 0x0F, 0x01, 0xF8,
    0x3F, 0xC3, 0x0C, 0x18, 0x0E, 0x03, 0xF3, 0xFE, 0xFF, 0x8E, 0x03, 0x80, 0xE0, 0x38, 0x0E, 0x03,
    0x80, 0xFE, 0x3F, 0x87, 0xE0, 0x60, 0x78, 0x3F, 0x1F, 0xE6, 0x18, 0xF0, 0x7F, 0x83, 0xFC, 0x1F,
    0xE0, 0xFF, 0x07, 0xF8, 0x3F, 0xC1, 0xFE, 0x0F, 0xF0, 0x7F, 0x83, 0xFC, 0x1E, 0xF0, 0xF7, 0xFF,
    0x9F, 0xF8, 0x7F, 0x80, 0x60, 0x1C, 0xC0, 0xEF, 0x07, 0x78, 0x00, 0x00, 0xF0, 0xFE, 0x3F, 0xC7,
    0xF8, 0xFF, 0x1F, 0xE3, 0xFC, 0x7F, 0x8F, 0xF1, 0xFF, 0xFD, 0xFF, 0xBF, 0xF0, 0x80, 0x73, 0x0E,
    0xF1, 0xDE, 0x00, 0x00, 0xF0, 0x7F, 0x83, 0xFC, 0x1F, 0xE0, 0xFF, 0x07, 0xF8, 0x3F, 0xC1, 0xFE,
    0x0F, 0xF0, 0x7F, 0x83, 0xFC, 0x1E, 0xF0, 0xF7, 0xFF, 0x9F, 0xF8, 0x7F, 0x80, 0x60, 0x0E, 0x60,
    0xFF, 0x0F, 0xF8, 0x63, 0x00, 0xF0, 0xFE, 0x3F, 0xC7, 0xF8, 0xFF, 0x1F, 0xE3, 0xFC, 0x7F, 0x8F,
    0xF1, 0xFF, 0xFD, 0xFF, 0xBF, 0xF0, 0x80, 0x79, 0x8F, 0xF3, 0xFE, 0x63, 0x00, 0xF0, 0x7F, 0x83,
    0xFC, 0x1F, 0xE0, 0xFF, 0x07, 0xF8, 0x3F, 0xC1, 0xFE, 0x0F, 0xF0, 0x7F, 0x83, 0xFC, 0x1E, 0xF0,
    0xF7, 0xFF, 0x9F, 0xF8, 0x7F, 0x80, 0x60, 0x0F, 0x80, 0x7E, 0x07, 0x78, 0x71, 0xC0, 0xF0, 0xFE,
    0x3F, 0xC7, 0xF8, 0xFF, 0x1F, 0xE3, 0xFC, 0x7F, 0x8F, 0xF1, 0xFF, 0xFD, 0xFF, 0xBF, 0xF0, 0x80,
    0x3E, 0x0F, 0xE3, 0xDE, 0x71, 0xC0, 0x03, 0xE0, 0x1E, 0x01, 0xC0, 0x1C, 0xC1, 0xFE, 0x0D, 0xE0,
    0x00, 0x1E, 0x0F, 0xF0, 0x7F, 0x83, 0xFC, 0x1F, 0xE0, 0xFF, 0x07, 0xF8, 0x3F, 0xC1, 0xFE, 0x0F,
    0xF0, 0x7F, 0x83, 0xDE, 0x1E, 0xFF, 0xF3, 0xFF, 0x0F, 0xF0, 0x0C, 0x00, 0x03, 0x80, 0xF0, 0x3C,
    0x07, 0x03, 0xFC, 0x7F, 0x0C, 0xC7, 0x87, 0xF1, 0xFE, 0x3F, 0xC7, 0xF8, 0xFF, 0x1F, 0xE3, 0xFC,
    0x7F, 0x8F, 0xFF, 0xEF, 0xFD, 0xFF, 0x84, 0x00, 0x0C, 0xC0, 0xEF, 0x07, 0x70, 0x00, 0x01, 0xFE,
    0x0F, 0xF0, 0x00, 0x1E, 0x0F, 0xF0, 0x7F, 0x83, 0xFC, 0x1F, 0xE0, 0xFF, 0x07, 0xF8, 0x3F, 0xC1,
    0xFE, 0x0F, 0xF0, 0x7F, 0x83, 0xDE, 0x1E, 0xFF, 0xF3, 0xFF, 0x0F, 0xF0, 0x0C, 0x00, 0x3B, 0x87,
    0x70, 0x66, 0x1F, 0xE3, 0xFC, 0x7F, 0x3C, 0x3F, 0x8F, 0xF1, 0xFE, 0x3F, 0xC7, 0xF8, 0xFF, 0x1F,
    0xE3, 0xFC, 0x7F, 0xFF, 0x7F, 0xEF, 0xFC, 0x20, 0x00, 0x0E, 0x60, 0x7F, 0x81, 0xFE, 0x06, 0x70,
    0x00, 0x03, 0xC0, 0xFF, 0x03, 0xBC, 0x1E, 0x78, 0x79, 0xE1, 0xC7, 0x8F, 0x0F, 0x3C, 0x3C, 0xE0,
    0xF7, 0x81, 0xFE, 0x07, 0xF0, 0x1F, 0xC0, 0x3F, 0x00, 0xF8, 0x03, 0xE0, 0x1C, 0xE3, 0xFC, 0x3F,
    0xC3, 0x38, 0xF0, 0xFF, 0x0F, 0xF0, 0xF7, 0x9E, 0x79, 0xE7, 0x9C, 0x3F, 0xC3, 0xFC, 0x1F, 0x81,
    0xF8, 0x1F, 0x80, 0xF0, 0xF0, 0x3F, 0xC0, 0xEF, 0x07, 0x9E, 0x1E, 0x78, 0x71, 0xE3, 0xC3, 0xCF,
    0x0F, 0x38, 0x3D, 0xE0, 0x7F, 0x81, 0xFC, 0x07, 0xF0, 0x0F, 0xC0, 0x3E, 0x00, 0xF8, 0x00, 0x00,
    0x07, 0x00, 0x1E, 0x00, 0x78, 0x00, 0xC0, 0xF0, 0xFF, 0x0F, 0xF0, 0xF7, 0x9E, 0x79, 0xE7, 0x9C,
    0x3F, 0xC3, 0xFC, 0x1F, 0x81, 0xF8, 0x1F, 0x80, 0xF0, 0x00, 0x00, 0xE0, 0x0F, 0x00, 0xF0, 0x06,
    0x00, 0x03, 0xE0, 0x00, 0x0F, 0x00, 0x00, 0x3C, 0x00, 0x00, 0x60, 0x00, 0x00, 0x00, 0x78, 0x78,
    0x3B, 0xC3, 0xC3, 0xDE, 0x1F, 0x1E, 0xF1, 0xF8, 0xF3, 0xCF, 0xC7, 0x1E, 0x7E, 0x78, 0xF3, 0xFB,
    0xC3, 0xBF, 0xDE, 0x1D, 0xCE, 0xE0, 0xFE, 0x7F, 0x07, 0xF3, 0xF8, 0x1F, 0x9F, 0xC0, 0xF8, 0x7C,
    0x07, 0xC3, 0xE0, 0x3E, 0x1F, 0x00, 0x03, 0xC0, 0x00, 0x78, 0x00, 0x0F, 0x00, 0x01, 0xC0, 0xF1,
    0xE3, 0xFC, 0x78, 0xFF, 0x3E, 0x39, 0xCF, 0xDE, 0x7B, 0xF7, 0x9E, 0xFD, 0xE7, 0xF7, 0x70, 0xFC,
    0xFC, 0x3F, 0x3F, 0x0F, 0xCF, 0x81, 0xE3, 0xE0, 0x78, 0xF8, 0x00, 0x3C, 0x00, 0x03, 0xC0, 0x00,
    0x3C, 0x00, 0x01, 0x80, 0x00, 0x00, 0x00, 0x78, 0x78, 0x3B, 0xC3, 0xC3, 0xDE, 0x1F, 0x1E, 0xF1,
    0xF8, 0xF3, 0xCF, 0xC7, 0x1E, 0x7E, 0x78, 0xF3, 0xFB, 0xC3, 0xBF, 0xDE, 0x1D, 0xCE, 0xE0, 0xFE,
    0x7F, 0x07, 0xF3, 0xF8, 0x1F, 0x9F, 0xC0, 0xF8, 0x7C, 0x07, 0xC3, 0xE0, 0x3E, 0x1F, 0x00, 0x00,
    0x78, 0x00, 0x3C, 0x00, 0x1E, 0x00, 0x07, 0x00, 0xF1, 0xE3, 0xFC, 0x78, 0xFF, 0x3E, 0x39, 0xCF,
    0xDE, 0x7B, 0xF7, 0x9E, 0xFD, 0xE7, 0xF7, 0x70, 0xFC, 0xFC, 0x3F, 0x3F, 0x0F, 0xCF, 0x81, 0xE3,
    0xE0, 0x78, 0xF8, 0x03, 0x9C, 0x00, 0x1E, 0xE0, 0x00, 0xE7, 0x00, 0x00, 0x00, 0x00, 0x00, 0x00,
    0x78, 0x78, 0x3B, 0xC3, 0xC3, 0xDE, 0x1F, 0x1E, 0xF1, 0xF8, 0xF3, 0xCF, 0xC7, 0x1E, 0x7E, 0x78,
    0xF3, 0xFB, 0xC3, 0xBF, 0xDE, 0x1D, 0xCE, 0xE0, 0xFE, 0x7F, 0x07, 0xF3, 0xF8, 0x1F, 0x9F, 0xC0,
    0xF8, 0x7C, 0x07, 0xC3, 0xE0, 0x3E, 0x1F, 0x00, 0x07, 0x38, 0x01, 0xFE, 0x00, 0x73, 0x80, 0x00,
    0x00, 0xF1, 0xE3, 0xFC, 0x78, 0xFF, 0x3E, 0x39, 0xCF, 0xDE, 0x7B, 0xF7, 0x9E, 0xFD, 0xE7, 0xF7,
    0x70, 0xFC, 0xFC, 0x3F, 0x3F, 0x0F, 0xCF, 0x81, 0xE3, 0xE0, 0x78, 0xF8, 0x00, 0xF0, 0x00, 0x07,
    0x80, 0x00, 0x3C, 0x00, 0x00, 0xC0, 0x00, 0x00, 0x00, 0x78, 0x78, 0x3B, 0xC3, 0xC3, 0xDE, 0x1F,
    0x1E, 0xF1, 0xF8, 0xF3, 0xCF, 0xC7, 0x1E, 0x7E, 0x78, 0xF3, 0xFB, 0xC3, 0xBF, 0xDE, 0x1D, 0xCE,
    0xE0, 0xFE, 0x7F, 0x07, 0xF3, 0xF8, 0x1F, 0x9F, 0xC0, 0xF8, 0x7C, 0x07, 0xC3, 0xE0, 0x3E, 0x1F,
    0x00, 0x01, 0xE0, 0x00, 0x78, 0x00, 0x1E, 0x00, 0x03, 0x00, 0xF1, 0xE3, 0xFC, 0x78, 0xFF, 0x3E,
    0x39, 0xCF, 0xDE, 0x7B, 0xF7, 0x9E, 0xFD, 0xE7, 0xF7, 0x70, 0xFC, 0xFC, 0x3F, 0x3F, 0x0F, 0xCF,
    0x81, 0xE3, 0xE0, 0x78, 0xF8, 0xF0, 0xF0, 0x77, 0x87, 0x87, 0xBC, 0x3E, 0x3D, 0xE3, 0xF1, 0xE7,
    0x9F, 0x8E, 0x3C, 0xFC, 0xF1, 0xE7, 0xF7, 0x87, 0x7F, 0xBC, 0x3B, 0x9D, 0xC1, 0xFC, 0xFE, 0x0F,
    0xE7, 0xF0, 0x3F, 0x3F, 0x81, 0xF0, 0xF8, 0x0F, 0x87, 0xC0, 0x7C, 0x3E, 0x00, 0x00, 0x00, 0x00,
    0xE0, 0x00, 0x0F, 0x00, 0x00, 0x38, 0x00, 0x01, 0xC0, 0x00, 0xF1, 0xE3, 0xFC, 0x78, 0xFF, 0x3E,
    0x39, 0xCF, 0xDE, 0x7B, 0xF7, 0x9E, 0xFD, 0xE7, 0xF7, 0x70, 0xFC, 0xFC, 0x3F, 0x3F, 0x0F, 0xCF,
    0x81, 0xE3, 0xE0, 0x78, 0xF8, 0x00, 0x00, 0x00, 0x70, 0x00, 0x1E, 0x00, 0x07, 0x80, 0x00, 0xC0,
    0x00, 0x07, 0x80, 0x1E, 0x00, 0x78, 0x00, 0xC0, 0x00, 0x03, 0xE1, 0xF7, 0x87, 0x9F, 0x3C, 0x3C,
    0xF0, 0x7F, 0x81, 0xFE, 0x03, 0xF0, 0x0F, 0x80, 0x3F, 0x01, 0xFE, 0x07, 0xF8, 0x3C, 0xF1, 0xF3,
    0xE7, 0x87, 0xBC, 0x1F, 0x0F, 0x00, 0xF0, 0x0F, 0x00, 0x60, 0xF0, 0xFF, 0x9F, 0x79, 0xE3, 0xFC,
    0x3F, 0xC1, 0xF8, 0x1F, 0x81, 0xF8, 0x3F, 0xC7, 0xFE, 0x79, 0xEF, 0x0F, 0x1C, 0xC0, 0x77, 0x81,
    0xCE, 0x00, 0x00, 0x00, 0x03, 0xE1, 0xF7, 0x87, 0x9F, 0x3C, 0x3C, 0xF0, 0x7F, 0x81, 0xFE, 0x03,
    0xF0, 0x0F, 0x80, 0x3F, 0x01, 0xFE, 0x07, 0xF8, 0x3C, 0xF1, 0xF3, 0xE7, 0x87, 0xBC, 0x1F, 0x39,
    0xC3, 0xBC, 0x39, 0xC0, 0x00, 0xF0, 0xFF, 0x9F, 0x79, 0xE3, 0xFC, 0x3F, 0xC1, 0xF8, 0x1F, 0x81,
    0xF8, 0x3F, 0xC7, 0xFE, 0x79, 0xEF, 0x0F, 0x07, 0x00, 0x3E, 0x00, 0x70, 0x00, 0x80, 0x00, 0x03,
    0xC1, 0xEF, 0x87, 0x9E, 0x3C, 0x7C, 0xF0, 0xF7, 0x83, 0xFE, 0x07, 0xF0, 0x0F, 0x80, 0x3E, 0x00,
    0x78, 0x01, 0xE0, 0x07, 0x80, 0x1E, 0x00, 0x78, 0x01, 0xE0, 0x0F, 0x00, 0xF0, 0x0F, 0x00, 0x60,
    0xF0, 0xFF, 0x0F, 0xF0, 0xF7, 0x9E, 0x79, 0xE3, 0x9C, 0x3F, 0xC3, 0xFC, 0x1F, 0x81, 0xF8, 0x0F,
    0x80, 0xF0, 0x0F, 0x01, 0xE0, 0xFE, 0x0F, 0xC0, 0xF8, 0x00, 0x0F, 0x01, 0xF8, 0x3F, 0xC3, 0x0C,
    0x00, 0x0F, 0xFF, 0xFF, 0xFF, 0xFF, 0x01, 0xE0, 0x3C, 0x07, 0x80, 0x78, 0x0F, 0x01, 0xE0, 0x3E,
    0x03, 0xC0, 0x78, 0x0F, 0xFF, 0xFF, 0xFF, 0xFF, 0x1E, 0x0F, 0xC7, 0xF9, 0x86, 0x7F, 0xDF, 0xF7,
    0xFC, 0x1E, 0x0F, 0x83, 0xC1, 0xE0, 0xF0, 0x7C, 0x1F, 0xFF, 0xFF, 0xFF, 0xFF, 0xFF, 0xFF, 0xFF,
    0xF0, 0x1E, 0x03, 0xC0, 0x78, 0x07, 0x80, 0xF0, 0x1E, 0x03, 0xE0, 0x3C, 0x07, 0x80, 0xFF, 0xFF,
    0xFF, 0xFF, 0xF0, 0x00, 0x0E, 0x00, 0xF0, 0x0F, 0x00, 0x60, 0x7F, 0xDF, 0xF7, 0xFC, 0x1E, 0x0F,
    0x83, 0xC1, 0xE0, 0xF0, 0x7C, 0x1F, 0xFF, 0xFF, 0xFF, 0x00, 0x03, 0x81, 0xE0, 0x78, 0x0C, 0x00,
    0xFF, 0xFF, 0xFF, 0xFF, 0xF0, 0x1E, 0x03, 0xC0, 0x78, 0x07, 0x80, 0xF0, 0x1E, 0x03, 0xE0, 0x3C,
    0x07, 0x80, 0xFF, 0xFF, 0xFF, 0xFF, 0xF0, 0x00, 0x3F, 0xC3, 0xFC, 0x3F, 0xC0, 0x7F, 0xDF, 0xF7,
    0xFC, 0x1E, 0x0F, 0x83, 0xC1, 0xE0, 0xF0, 0x7C, 0x1F, 0xFF, 0xFF, 0xFF, 0x00, 0x1F, 0xE7, 0xF9,
    0xFE, 0xF0, 0x0F, 0x00, 0xF0, 0x0F, 0x00, 0xF7, 0x8F, 0xFC, 0xFF, 0xEF, 0x9E, 0xF1, 0xEF, 0x0E,
    0xF0, 0xEF, 0x0E, 0xF0, 0xEF, 0x0E, 0xF0, 0xEF, 0x0E, 0x00, 0x03, 0xFC, 0x3F, 0xC3, 0xF8, 0xE7,
    0x7B, 0xB9, 0xC0, 0x01, 0x81, 0xC0, 0xFD, 0xFF, 0xFF, 0x9C, 0x0E, 0x07, 0x03, 0x81, 0xC0, 0xE0,
    0x7F, 0x3F, 0x8F, 0xC1, 0x80, 0x00, 0xC0, 0x00, 0xF8, 0x00, 0x3F, 0x00, 0x0F, 0xC0, 0x03, 0xE0,
    0x00, 0x30, 0x0F, 0x1E, 0x3F, 0xC7, 0x8F, 0xF3, 0xE3, 0x9C, 0xFD, 0xE7, 0xBF, 0x79, 0xEF, 0xDE,
    0x7F, 0x77, 0x0F, 0xCF, 0xC3, 0xF3, 0xF0, 0xFC, 0xF8, 0x1E, 0x3E, 0x07, 0x8F, 0x80, 0x06, 0x01,
    0xF0, 0x1F, 0x81, 0xF8, 0x1F, 0x00, 0x60, 0xF0, 0xFF, 0x0F, 0xF0, 0xF7, 0x9E, 0x79, 0xE3, 0x9C,
    0x3F, 0xC3, 0xFC, 0x1F, 0x81, 0xF8, 0x0F, 0x80, 0xF0, 0x0F, 0x01, 0xE0, 0xFE, 0x0F, 0xC0, 0xF8,
    0x00, 0x00, 0x30, 0x00, 0xE0, 0x01, 0x80, 0x0E, 0x00, 0x38, 0x7E, 0x03, 0xFC, 0x0F, 0xF8, 0x11,
    0xE0, 0x07, 0x83, 0xFE, 0x1F, 0xF8, 0x79, 0xE3, 0xC7, 0x87, 0xBE, 0x1F, 0xF8, 0x3F, 0xE0, 0x20,
    0x00, 0x1C, 0x3C, 0x3C, 0x08, 0x3F, 0x7F, 0xFE, 0xF0, 0xF0, 0xF0, 0xF0, 0xF0, 0xF0, 0xF0, 0xF0,
    0xF0, 0xF0, 0xF0, 0xF0, 0xF0, 0x0F, 0xC7, 0xF3, 0xF8, 0xF0, 0x3C, 0x0F, 0x43, 0xF8, 0xFE, 0x7E,
    0x1F, 0x07, 0xC0, 0xF0, 0x3C, 0x0F, 0x03, 0xC0, 0xF0, 0x1F, 0x9F, 0xDF, 0xCF, 0x0F, 0xF7, 0xF9,
    0xE0, 0xF0, 0x78, 0x3C, 0x1E, 0x0F, 0x07, 0x83, 0xC1, 0xE0, 0xF0, 0x00, 0x00, 0x3F, 0xC0, 0xFF,
    0xC3, 0xFF, 0xC7, 0x87, 0x9E, 0x1F, 0x3C, 0x7C, 0x78, 0xF8, 0xF1, 0xFD, 0xE3, 0xFB, 0xC0, 0xFF,
    0x80, 0xFF, 0x03, 0xFE, 0xFF, 0xBD, 0xFF, 0x7B, 0xFC, 0x00, 0xC0, 0x0F, 0xC1, 0xFE, 0x3F, 0xE3,
    0xC6, 0x3E, 0x01, 0xF0, 0x1F, 0xC3, 0xFE, 0x7D, 0xF7, 0x8F, 0xF0, 0xFF, 0x0F, 0xF8, 0xF7, 0xFF,
    0x7F, 0xE3, 0xFC, 0x06, 0x00, 0x07, 0xC0, 0x1F, 0x80, 0x3F, 0x00, 0x7F, 0x01, 0xFE, 0x03, 0xDC,
    0x07, 0x3C, 0x1E, 0x78, 0x3F, 0xF0, 0x7F, 0xF1, 0xFF, 0xE3, 0xFF, 0xEF, 0x83, 0xDE, 0x07, 0xBC,
    0x0F, 0x80, 0x00, 0x03, 0x80, 0x0F, 0x00, 0x1E, 0x00, 0x18, 0x00, 0x1F, 0x87, 0xF8, 0xFF, 0x88,
    0xF0, 0x1E, 0x7F, 0xDF, 0xFB, 0xCF, 0xF1, 0xEF, 0x7D, 0xFF, 0x9F, 0xF0, 0x80, 0x0E, 0x03, 0xC0,
    0x78, 0x06, 0x00, 0x07, 0x00, 0x0F, 0x80, 0x1F, 0x00, 0x0E, 0x00, 0x38, 0x00, 0x60, 0x00, 0x00,
    0x03, 0xE0, 0x0F, 0xC0, 0x1F, 0x80, 0x3F, 0x80, 0xFF, 0x01, 0xEE, 0x03, 0x9E, 0x0F, 0x3C, 0x1F,
    0xF8, 0x3F, 0xF8, 0xFF, 0xF1, 0xFF, 0xF7, 0xC1, 0xEF, 0x03, 0xDE, 0x07, 0xC0, 0x0E, 0x01, 0xF0,
    0x3E, 0x01, 0xC0, 0x70, 0x0C, 0x07, 0xE1, 0xFE, 0x3F, 0xE2, 0x3C, 0x07, 0x9F, 0xF7, 0xFE, 0xF3,
    0xFC, 0x7B, 0xDF, 0x7F, 0xE7, 0xFC, 0x20, 0x00, 0x00, 0x1C, 0x07, 0x38, 0x1F, 0xE0, 0x7F, 0x01,
    0xCE, 0x00, 0x00, 0x01, 0xF0, 0x07, 0xE0, 0x0F, 0xC0, 0x1F, 0xC0, 0x7F, 0x80, 0xF7, 0x01, 0xCF,
    0x07, 0x9E, 0x0F, 0xFC, 0x1F, 0xFC, 0x7F, 0xF8, 0xFF, 0xFB, 0xE0, 0xF7, 0x81, 0xEF, 0x03, 0xE0,
    0x00, 0x38, 0x7B, 0x87, 0xF8, 0x7B, 0x83, 0x8C, 0x0F, 0xC0, 0xFF, 0x07, 0xFC, 0x11, 0xE0, 0x0F,
    0x0F, 0xF8, 0xFF, 0xC7, 0x9E, 0x78, 0xF1, 0xEF, 0x8F, 0xFC, 0x3F, 0xE0, 0x40, 0x00, 0xE0, 0x01,
    0xE7, 0x00, 0xFF, 0x00, 0x7F, 0x01, 0xCE, 0x00, 0x00, 0x01, 0xF0, 0x07, 0xE0, 0x0F, 0xC0, 0x1F,
    0xC0, 0x7F, 0x80, 0xF7, 0x01, 0xCF, 0x07, 0x9E, 0x0F, 0xFC, 0x1F, 0xFC, 0x7F, 0xF8, 0xFF, 0xFB,
    0xE0, 0xF7, 0x81, 0xEF, 0x03, 0xE0, 0xF0, 0x07, 0x7C, 0x3F, 0xC0, 0xEE, 0x1C, 0x60, 0xFC, 0x1F,
    0xE1, 0xFF, 0x08, 0xF0, 0x0F, 0x1F, 0xF3, 0xFF, 0x3C, 0xF7, 0x8F, 0x3D, 0xF3, 0xFF, 0x1F, 0xF0,
    0x40, 0x00, 0x38, 0x00, 0x70, 0x0E, 0xE0, 0x3F, 0x80, 0xFE, 0x03, 0x9C, 0x00, 0x00, 0x03, 0xE0,
    0x0F, 0xC0, 0x1F, 0x80, 0x3F, 0x80, 0xFF, 0x01, 0xEE, 0x03, 0x9E, 0x0F, 0x3C, 0x1F, 0xF8, 0x3F,
    0xF8, 0xFF, 0xF1, 0xFF, 0xF7, 0xC1, 0xEF, 0x03, 0xDE, 0x07, 0xC0, 0x00, 0x00, 0x03, 0x80, 0x1C,
    0x1E, 0xE1, 0xFE, 0x1E, 0xE0, 0xE3, 0x03, 0xF0, 0x3F, 0xC1, 0xFF, 0x04, 0x78, 0x03, 0xC3, 0xFE,
    0x3F, 0xF1, 0xE7, 0x9E, 0x3C, 0x7B, 0xE3, 0xFF, 0x0F, 0xF8, 0x10, 0x00, 0x07, 0xB0, 0x1F, 0xC0,
    0x33, 0x80, 0x1E, 0x00, 0x7E, 0x01, 0xCE, 0x00, 0x00, 0x03, 0xE0, 0x0F, 0xC0, 0x1F, 0x80, 0x3F,
    0x80, 0xFF, 0x01, 0xEE, 0x03, 0x9E, 0x0F, 0x3C, 0x1F, 0xF8, 0x3F, 0xF8, 0xFF, 0xF1, 0xFF, 0xF7,
    0xC1, 0xEF, 0x03, 0xDE, 0x07, 0xC0, 0x0E, 0x63, 0xFC, 0x6F, 0x03, 0xC0, 0xFC, 0x3F, 0xC6, 0x18,
    0xFC, 0x3F, 0xC7, 0xFC, 0x47, 0x80, 0xF3, 0xFE, 0xFF, 0xDE, 0x7F, 0x8F, 0x7B, 0xEF, 0xFC, 0xFF,
    0x84, 0x00, 0x07, 0xC0, 0x1F, 0x80, 0x7B, 0x80, 0xE3, 0x80, 0x00, 0x00, 0xF8, 0x03, 0xF0, 0x07,
    0xE0, 0x0F, 0xE0, 0x3F, 0xC0, 0x7B, 0x80, 0xE7, 0x83, 0xCF, 0x07, 0xFE, 0x0F, 0xFE, 0x3F, 0xFC,
    0x7F, 0xFD, 0xF0, 0x7B, 0xC0, 0xF7, 0x81, 0xF0, 0x00, 0x00, 0x70, 0x01, 0xE0, 0x03, 0xC0, 0x03,
    0x00, 0x0F, 0x83, 0xF0, 0xF7, 0x1C, 0x71, 0xF8, 0x7F, 0x8F, 0xF8, 0x8F, 0x01, 0xE7, 0xFD, 0xFF,
    0xBC, 0xFF, 0x1E, 0xF7, 0xDF, 0xF9, 0xFF, 0x08, 0x00, 0xE0, 0x3C, 0x07, 0x80, 0x60, 0x00, 0x00,
    0x03, 0x80, 0x2E, 0x80, 0xFB, 0x00, 0xFE, 0x00, 0xF8, 0x00, 0x00, 0x03, 0xE0, 0x0F, 0xC0, 0x1F,
    0x80, 0x3F, 0x80, 0xFF, 0x01, 0xEE, 0x03, 0x9E, 0x0F, 0x3C, 0x1F, 0xF8, 0x3F, 0xF8, 0xFF, 0xF1,
    0xFF, 0xF7, 0xC1, 0xEF, 0x03, 0xDE, 0x07, 0xC0, 0x03, 0x80, 0x60, 0xFB, 0x0F, 0xE1, 0xFC, 0x0E,
    0x07, 0xE1, 0xFE, 0x3F, 0xE2, 0x3C, 0x07, 0x9F, 0xF7, 0xFE, 0xF3, 0xFC, 0x7B, 0xDF, 0x7F, 0xE7,
    0xFC, 0x20, 0x00, 0x00, 0x00, 0x0E, 0x00, 0x2C, 0x80, 0xEF, 0x00, 0xFE, 0x00, 0xF8, 0x00, 0x00,
    0x03, 0xE0, 0x0F, 0xC0, 0x1F, 0x80, 0x3F, 0x80, 0xFF, 0x01, 0xEE, 0x03, 0x9E, 0x0F, 0x3C, 0x1F,
    0xF8, 0x3F, 0xF8, 0xFF, 0xF1, 0xFF, 0xF7, 0xC1, 0xEF, 0x03, 0xDE, 0x07, 0xC0, 0x0E, 0x01, 0xC0,
    0xFF, 0x0F, 0xE1, 0xFC, 0x0E, 0x07, 0xE1, 0xFE, 0x3F, 0xE2, 0x3C, 0x07, 0x9F, 0xF7, 0xFE, 0xF3,
    0xFC, 0x7B, 0xDF, 0x7F, 0xE7, 0xFC, 0x20, 0x00, 0x03, 0x80, 0x07, 0x00, 0x2F, 0x80, 0xFB, 0x00,
    0xFE, 0x00, 0xF8, 0x00, 0x00, 0x03, 0xE0, 0x0F, 0xC0, 0x1F, 0x80, 0x3F, 0x80, 0xFF, 0x01, 0xEE,
    0x03, 0x9E, 0x0F, 0x3C, 0x1F, 0xF8, 0x3F, 0xF8, 0xFF, 0xF1, 0xFF, 0xF7, 0xC1, 0xEF, 0x03, 0xDE,
    0x07, 0xC0, 0x06, 0x00, 0xE0, 0x0C, 0x1F, 0x63, 0xFC, 0x3F, 0x01, 0xC0, 0xFC, 0x3F, 0xC7, 0xFC,
    0x47, 0x80, 0xF3, 0xFE, 0xFF, 0xDE, 0x7F, 0x8F, 0x7B, 0xEF, 0xFC, 0xFF, 0x84, 0x00, 0x07, 0xB0,
    0x1F, 0xE0, 0x33, 0x80, 0x63, 0x80, 0xFE, 0x00, 0xFC, 0x00, 0x00, 0x03, 0xE0, 0x0F, 0xC0, 0x1F,
    0x80, 0x3F, 0x80, 0xFF, 0x01, 0xEE, 0x03, 0x9E, 0x0F, 0x3C, 0x1F, 0xF8, 0x3F, 0xF8, 0xFF, 0xF1,
    0xFF, 0xF7, 0xC1, 0xEF, 0x03, 0xDE, 0x07, 0xC0, 0x0E, 0x63, 0xFC, 0x6F, 0x0C, 0x31, 0xFE, 0x1F,
    0x81, 0xE0, 0xFC, 0x3F, 0xC7, 0xFC, 0x47, 0x80, 0xF3, 0xFE, 0xFF, 0xDE, 0x7F, 0x8F, 0x7B, 0xEF,
    0xFC, 0xFF, 0x84, 0x00, 0x00, 0x00, 0x38, 0xE0, 0x3F, 0x80, 0x7F, 0x00, 0x38, 0x00, 0x00, 0x01,
    0xF0, 0x07, 0xE0, 0x0F, 0xC0, 0x1F, 0xC0, 0x7F, 0x80, 0xF7, 0x01, 0xCF, 0x07, 0x9E, 0x0F, 0xFC,
    0x1F, 0xFC, 0x7F, 0xF8, 0xFF, 0xFB, 0xE0, 0xF7, 0x81, 0xEF, 0x03, 0xE0, 0x00, 0x00, 0xE0, 0x03,
    0xC0, 0x07, 0x80, 0x06, 0x00, 0x00, 0x07, 0x1C, 0x7F, 0x0F, 0xE0, 0x70, 0x3F, 0x0F, 0xF1, 0xFF,
    0x11, 0xE0, 0x3C, 0xFF, 0xBF, 0xF7, 0x9F, 0xE3, 0xDE, 0xFB, 0xFF, 0x3F, 0xE1, 0x00, 0x1C, 0x07,
    0x80, 0xF0, 0x0C, 0x00, 0x7F, 0xFF, 0xFF, 0xFF, 0xC0, 0xF0, 0x3C, 0x0F, 0xFB, 0xFE, 0xFF, 0xBC,
    0x0F, 0x03, 0xC0, 0xFF, 0xFF, 0xFF, 0xFC, 0x00, 0x1C, 0x07, 0x81, 0xE0, 0x30, 0x0F, 0x83, 0xFC,
    0x3F, 0xE7, 0x8F, 0x78, 0xF7, 0xFF, 0x7F, 0xF7, 0x80, 0x78, 0x07, 0xFE, 0x3F, 0xE1, 0xFE, 0x03,
    0x00, 0x70, 0x07, 0x80, 0x78, 0x03, 0x00, 0x1C, 0x0F, 0x83, 0xF0, 0x3C, 0x1E, 0x07, 0x00, 0x01,
    0xFF, 0xFF, 0xFF, 0xFF, 0x03, 0xC0, 0xF0, 0x3F, 0xEF, 0xFB, 0xFE, 0xF0, 0x3C, 0x0F, 0x03, 0xFF,
    0xFF, 0xFF, 0xF0, 0x07, 0x00, 0xF8, 0x0F, 0x80, 0x38, 0x07, 0x80, 0x70, 0x0F, 0x83, 0xFC, 0x3F,
    0xE7, 0x8F, 0x78, 0xF7, 0xFF, 0x7F, 0xF7, 0x80, 0x78, 0x07, 0xFE, 0x3F, 0xE1, 0xFE, 0x03, 0x00,
    0x3D, 0xDF, 0xF7, 0xF9, 0x8C, 0x00, 0x1F, 0xFF, 0xFF, 0xFF, 0xF0, 0x3C, 0x0F, 0x03, 0xFE, 0xFF,
    0xBF, 0xEF, 0x03, 0xC0, 0xF0, 0x3F, 0xFF, 0xFF, 0xFF, 0x1E, 0x63, 0xFE, 0x3F, 0xC3, 0x18, 0x0F,
    0x83, 0xFC, 0x3F, 0xE7, 0x8F, 0x78, 0xF7, 0xFF, 0x7F, 0xF7, 0x80, 0x78, 0x07, 0xFE, 0x3F, 0xE1,
    0xFE, 0x03, 0x00, 0x00, 0x61, 0xCE, 0x3F, 0xC7, 0xF0, 0x77, 0x80, 0x00, 0x7F, 0xCF, 0xFC, 0xFF,
    0xCF, 0x00, 0xF0, 0x0F, 0x00, 0xFF, 0x8F, 0xF8, 0xFF, 0x8F, 0x00, 0xF0, 0x0F, 0x00, 0xFF, 0xCF,
    0xFC, 0xFF, 0xC0, 0x00, 0x38, 0x3F, 0xE1, 0xFE, 0x07, 0x70, 0x38, 0xC0, 0x3E, 0x03, 0xFC, 0x0F,
    0xF8, 0x78, 0xF1, 0xE3, 0xC7, 0xFF, 0x1F, 0xFC, 0x78, 0x01, 0xE0, 0x07, 0xFE, 0x0F, 0xF8, 0x1F,
    0xE0, 0x0C, 0x00, 0xE0, 0x03, 0x9C, 0x0F, 0xF0, 0x1F, 0xC1, 0xCE, 0x00, 0x00, 0x3F, 0xE3, 0xFF,
    0x1F, 0xF8, 0xF0, 0x07, 0x80, 0x3C, 0x01, 0xFF, 0x0F, 0xF8, 0x7F, 0xC3, 0xC0, 0x1E, 0x00, 0xF0,
    0x07, 0xFE, 0x3F, 0xF1, 0xFF, 0x80, 0xF0, 0x03, 0xBE, 0x0F, 0xF0, 0x1D, 0xC1, 0xC6, 0x03, 0xE0,
    0x7F, 0x83, 0xFE, 0x3C, 0x79, 0xE3, 0xCF, 0xFE, 0x7F, 0xF3, 0xC0, 0x1E, 0x00, 0xFF, 0xC3, 0xFE,
    0x0F, 0xF0, 0x0C, 0x00, 0x01, 0xC0, 0x3C, 0x73, 0x9F, 0xE7, 0xF0, 0xEF, 0x00, 0x03, 0xFE, 0xFF,
    0xDF, 0xFB, 0xC0, 0x78, 0x0F, 0x01, 0xFF, 0x3F, 0xE7, 0xFC, 0xF0, 0x1E, 0x03, 0xC0, 0x7F, 0xEF,
    0xFD, 0xFF, 0x80, 0x00, 0x00, 0x03, 0x80, 0x0E, 0x1F, 0xE1, 0xFE, 0x0E, 0xE0, 0xE3, 0x01, 0xF0,
    0x3F, 0xC1, 0xFF, 0x1E, 0x3C, 0xF1, 0xE7, 0xFF, 0x3F, 0xF9, 0xE0, 0x0F, 0x00, 0x7F, 0xE1, 0xFF,
    0x07, 0xF8, 0x06, 0x00, 0x3D, 0x9F, 0xE6, 0x70, 0x78, 0x3F, 0x1C, 0xE0, 0x01, 0xFF, 0xFF, 0xFF,
    0xFF, 0x03, 0xC0, 0xF0, 0x3F, 0xEF, 0xFB, 0xFE, 0xF0, 0x3C, 0x0F, 0x03, 0xFF, 0xFF, 0xFF, 0xF0,
    0x0E, 0x61, 0xFE, 0x1B, 0xC0, 0x78, 0x0F, 0xC1, 0xFE, 0x18, 0x60, 0xF8, 0x3F, 0xC3, 0xFE, 0x78,
    0xF7, 0x8F, 0x7F, 0xF7, 0xFF, 0x78, 0x07, 0x80, 0x7F, 0xE3, 0xFE, 0x1F, 0xE0, 0x30, 0x1E, 0x0F,
    0xC7, 0xF9, 0x86, 0x00, 0x1F, 0xFF, 0xFF, 0xFF, 0xF0, 0x3C, 0x0F, 0x03, 0xFE, 0xFF, 0xBF, 0xEF,
    0x03, 0xC0, 0xF0, 0x3F, 0xFF, 0xFF, 0xFF, 0x00, 0x07, 0x01, 0xE0, 0x78, 0x0C, 0x00, 0x0F, 0x81,
    0xF8, 0x3D, 0xC3, 0x8E, 0x0F, 0x83, 0xFC, 0x3F, 0xE7, 0x8F, 0x78, 0xF7, 0xFF, 0x7F, 0xF7, 0x80,
    0x78, 0x07, 0xFE, 0x3F, 0xE1, 0xFE, 0x03, 0x00, 0x70, 0x07, 0x80, 0x78, 0x03, 0x00, 0x7C, 0x7C,
    0x1C, 0x3C, 0x38, 0x10, 0xFF, 0xFF, 0x7E, 0x3C, 0x3C, 0x3C, 0x3C, 0x3C, 0x3C, 0x3C, 0x3C, 0x3C,
    0x7E, 0xFF, 0xFF, 0xE7, 0xFE, 0x77, 0xB3, 0xDE, 0xF7, 0xBD, 0xEF, 0x7B, 0xDE, 0xF7, 0x80, 0xFF,
    0xFF, 0x7E, 0x3C, 0x3C, 0x3C, 0x3C, 0x3C, 0x3C, 0x3C, 0x3C, 0x3C, 0x7E, 0xFF, 0xFF, 0x00, 0x38,
    0x7C, 0x38, 0x38, 0xFF, 0xF2, 0xFF, 0xFF, 0xFF, 0xFF, 0xFF, 0xFF, 0x07, 0xFF, 0x60, 0x00, 0x00,
    0x3F, 0xC0, 0xFF, 0xE3, 0xFF, 0xC7, 0x87, 0xDE, 0x07, 0xBC, 0x0F, 0xF8, 0x0F, 0xF0, 0x1F, 0xE0,
    0x3F, 0xC0, 0xFF, 0x81, 0xEF, 0x87, 0xCF, 0xFF, 0x0F, 0xFE, 0x0F, 0xF0, 0x03, 0x80, 0x07, 0x00,
    0x1E, 0x00, 0x3C, 0x00, 0x30, 0x00, 0x0F, 0x81, 0xFF, 0x0F, 0xF8, 0xF1, 0xE7, 0x8F, 0x3C, 0x79,
    0xE3, 0xCF, 0x1E, 0x78, 0xF3, 0xFF, 0x8F, 0xF8, 0x3F, 0x80, 0x20, 0x03, 0x80, 0x3C, 0x01, 0xE0,
    0x07, 0x00, 0x07, 0x80, 0x0F, 0x80, 0x07, 0x00, 0x1E, 0x00, 0x38, 0x00, 0x60, 0x07, 0xF8, 0x1F,
    0xFC, 0x7F, 0xF8, 0xF0, 0xFB, 0xC0, 0xF7, 0x81, 0xFF, 0x01, 0xFE, 0x03, 0xFC, 0x07, 0xF8, 0x1F,
    0xF0, 0x3D, 0xF0, 0xF9, 0xFF, 0xE1, 0xFF, 0xC1, 0xFE, 0x00, 0x70, 0x00, 0x07, 0x00, 0x7C, 0x03,
    0xE0, 0x07, 0x00, 0x78, 0x03, 0x80, 0x3E, 0x07, 0xFC, 0x3F, 0xE3, 0xC7, 0x9E, 0x3C, 0xF1, 0xE7,
    0x8F, 0x3C, 0x79, 0xE3, 0xCF, 0xFE, 0x3F, 0xE0, 0xFE, 0x00, 0x80, 0x00, 0x1C, 0x07, 0x38, 0x1F,
    0xE0, 0x7E, 0x01, 0xCE, 0x00, 0x00, 0x07, 0xF8, 0x1F, 0xFC, 0x7F, 0xF8, 0xF0, 0xFB, 0xC0, 0xF7,
    0x81, 0xFF, 0x01, 0xFE, 0x03, 0xFC, 0x07, 0xF8, 0x1F, 0xF0, 0x3D, 0xF0, 0xF9, 0xFF, 0xE1, 0xFF,
    0xC1, 0xFE, 0x00, 0x70, 0x00, 0x00, 0x38, 0x3F, 0xE1, 0xFE, 0x07, 0x70, 0x38, 0xC0, 0x3E, 0x03,
    0xFE, 0x0F, 0xF8, 0x78, 0xF1, 0xE3, 0xC7, 0x8F, 0x1E, 0x3C, 0x78, 0xF1, 0xE3, 0xC7, 0xFF, 0x0F,
    0xF8, 0x1F, 0xC0, 0x08, 0x00, 0xE0, 0x01, 0xE7, 0x00, 0xFF, 0x00, 0x7F, 0x01, 0xCE, 0x00, 0x00,
    0x07, 0xF8, 0x1F, 0xFC, 0x7F, 0xF8, 0xF0, 0xFB, 0xC0, 0xF7, 0x81, 0xFF, 0x01, 0xFE, 0x03, 0xFC,
    0x07, 0xF8, 0x1F, 0xF0, 0x3D, 0xF0, 0xF9, 0xFF, 0xE1, 0xFF, 0xC1, 0xFE, 0x00, 0x70, 0x00, 0x70,
    0x01, 0xDF, 0x01, 0xFC, 0x03, 0xB8, 0x0C, 0x60, 0x1F, 0x01, 0xFF, 0x07, 0xFC, 0x3C, 0x78, 0xF1,
    0xE3, 0xC7, 0x8F, 0x1E, 0x3C, 0x78, 0xF1, 0xE3, 0xFF, 0x87, 0xFC, 0x0F, 0xE0, 0x04, 0x00, 0x00,
    0x38, 0x00, 0x70, 0x0E, 0xE0, 0x3F, 0x80, 0xFC, 0x03, 0x9C, 0x00, 0x00, 0x0F, 0xF0, 0x3F, 0xF8,
    0xFF, 0xF1, 0xE1, 0xF7, 0x81, 0xEF, 0x03, 0xFE, 0x03, 0xFC, 0x07, 0xF8, 0x0F, 0xF0, 0x3F, 0xE0,
    0x7B, 0xE1, 0xF3, 0xFF, 0xC3, 0xFF, 0x83, 0xFC, 0x00, 0xE0, 0x00, 0x00, 0x00, 0x03, 0x80, 0x0E,
    0x1F, 0xE1, 0xFE, 0x0E, 0xE0, 0xE3, 0x01, 0xF0, 0x3F, 0xE1, 0xFF, 0x1E, 0x3C, 0xF1, 0xE7, 0x8F,
    0x3C, 0x79, 0xE3, 0xCF, 0x1E, 0x7F, 0xF1, 0xFF, 0x07, 0xF0, 0x04, 0x00, 0x07, 0xB0, 0x1F, 0xC0,
    0x33, 0x80, 0x1E, 0x00, 0x7E, 0x01, 0xCE, 0x00, 0x00, 0x0F, 0xF0, 0x3F, 0xF8, 0xFF, 0xF1, 0xE1,
    0xF7, 0x81, 0xEF, 0x03, 0xFE, 0x03, 0xFC, 0x07, 0xF8, 0x0F, 0xF0, 0x3F, 0xE0, 0x7B, 0xE1, 0xF3,
    0xFF, 0xC3, 0xFF, 0x83, 0xFC, 0x00, 0xE0, 0x00, 0x0E, 0x60, 0xFF, 0x06, 0xF0, 0x0F, 0x00, 0xFC,
    0x0F, 0xF0, 0x61, 0x81, 0xF0, 0x3F, 0xE1, 0xFF, 0x1E, 0x3C, 0xF1, 0xE7, 0x8F, 0x3C, 0x79, 0xE3,
    0xCF, 0x1E, 0x7F, 0xF1, 0xFF, 0x07, 0xF0, 0x04, 0x00, 0x07, 0xC0, 0x1F, 0x80, 0x7B, 0x80, 0xE3,
    0x80, 0x00, 0x03, 0xFC, 0x0F, 0xFE, 0x3F, 0xFC, 0x78, 0x7D, 0xE0, 0x7B, 0xC0, 0xFF, 0x80, 0xFF,
    0x01, 0xFE, 0x03, 0xFC, 0x0F, 0xF8, 0x1E, 0xF8, 0x7C, 0xFF, 0xF0, 0xFF, 0xE0, 0xFF, 0x00, 0x38,
    0x00, 0x70, 0x01, 0xE0, 0x03, 0xC0, 0x03, 0x00, 0x0F, 0x80, 0xFE, 0x0F, 0x78, 0x71, 0xC0, 0xF8,
    0x1F, 0xF0, 0xFF, 0x8F, 0x1E, 0x78, 0xF3, 0xC7, 0x9E, 0x3C, 0xF1, 0xE7, 0x8F, 0x3F, 0xF8, 0xFF,
    0x83, 0xF8, 0x02, 0x00, 0x38, 0x03, 0xC0, 0x1E, 0x00, 0x70, 0x00, 0x01, 0xF0, 0x01, 0xF0, 0x00,
    0xE0, 0x00, 0xE0, 0x00, 0x00, 0x78, 0xFF, 0x3C, 0xFF, 0xFC, 0xFF, 0xFE, 0x78, 0x7E, 0x78, 0x1E,
    0x3C, 0x0F, 0x9E, 0x03, 0xCF, 0x01, 0xE7, 0x80, 0xF3, 0xC0, 0xF9, 0xE0, 0x78, 0xF8, 0x7C, 0x3F,
    0xFC, 0x0F, 0xFE, 0x03, 0xFC, 0x00, 0x38, 0x00, 0x03, 0xE0, 0x07, 0x80, 0x1E, 0x00, 0x30, 0xF0,
    0xF9, 0xE7, 0xFF, 0xCF, 0xFF, 0x3E, 0xF8, 0x78, 0xF0, 0xF1, 0xE1, 0xE3, 0xC3, 0xC7, 0x87, 0x8F,
    0x0F, 0xFE, 0x0F, 0xF8, 0x0F, 0xE0, 0x02, 0x00, 0x1F, 0x00, 0x07, 0xC0, 0x00, 0xE0, 0x00, 0x38,
    0x00, 0x00, 0x78, 0xFF, 0x3C, 0xFF, 0xFC, 0xFF, 0xFE, 0x78, 0x7E, 0x78, 0x1E, 0x3C, 0x0F, 0x9E,
    0x03, 0xCF, 0x01, 0xE7, 0x80, 0xF3, 0xC0, 0xF9, 0xE0, 0x78, 0xF8, 0x7C, 0x3F, 0xFC, 0x0F, 0xFE,
    0x03, 0xFC, 0x00, 0x38, 0x00, 0x1E, 0x00, 0x1E, 0x00, 0x1E, 0x00, 0x1C, 0xF0, 0xF9, 0xE7, 0xFF,
    0xCF, 0xFF, 0x3E, 0xF8, 0x78, 0xF0, 0xF1, 0xE1, 0xE3, 0xC3, 0xC7, 0x87, 0x8F, 0x0F, 0xFE, 0x0F,
    0xF8, 0x0F, 0xE0, 0x02, 0x00, 0x07, 0x00, 0x03, 0xE0, 0x01, 0xF0, 0x00, 0x38, 0x00, 0x38, 0x00,
    0x18, 0x00, 0x00, 0x1E, 0x3F, 0xCF, 0x3F, 0xFF, 0x3F, 0xFF, 0x9E, 0x1F, 0x9E, 0x07, 0x8F, 0x03,
    0xE7, 0x80, 0xF3, 0xC0, 0x79, 0xE0, 0x3C, 0xF0, 0x3E, 0x78, 0x1E, 0x3E, 0x1F, 0x0F, 0xFF, 0x03,
    0xFF, 0x80, 0xFF, 0x00, 0x0E, 0x00, 0x06, 0x00, 0x1F, 0x00, 0x3E, 0x00, 0x1C, 0x00, 0x78, 0x00,
    0xC3, 0xC3, 0xE7, 0x9F, 0xFF, 0x3F, 0xFC, 0xFB, 0xE1, 0xE3, 0xC3, 0xC7, 0x87, 0x8F, 0x0F, 0x1E,
    0x1E, 0x3C, 0x3F, 0xF8, 0x3F, 0xE0, 0x3F, 0x80, 0x08, 0x00, 0x0F, 0x30, 0x0F, 0xF8, 0x07, 0xF8,
    0x03, 0x18, 0x00, 0x00, 0x78, 0xFF, 0x3C, 0xFF, 0xFC, 0xFF, 0xFE, 0x78, 0x7E, 0x78, 0x1E, 0x3C,
    0x0F, 0x9E, 0x03, 0xCF, 0x01, 0xE7, 0x80, 0xF3, 0xC0, 0xF9, 0xE0, 0x78, 0xF8, 0x7C, 0x3F, 0xFC,
    0x0F, 0xFE, 0x03, 0xFC, 0x00, 0x38, 0x00, 0x1E, 0x60, 0x3F, 0xC0, 0xFF, 0x01, 0x8C, 0xF0, 0xF9,
    0xE7, 0xFF, 0xCF, 0xFF, 0x3E, 0xF8, 0x78, 0xF0, 0xF1, 0xE1, 0xE3, 0xC3, 0xC7, 0x87, 0x8F, 0x0F,
    0xFE, 0x0F, 0xF8, 0x0F, 0xE0, 0x02, 0x00, 0x00, 0x07, 0x8F, 0xF3, 0xCF, 0xFF, 0xCF, 0xFF, 0xE7,
    0x87, 0xE7, 0x81, 0xE3, 0xC0, 0xF9, 0xE0, 0x3C, 0xF0, 0x1E, 0x78, 0x0F, 0x3C, 0x0F, 0x9E, 0x07,
    0x8F, 0x87, 0xC3, 0xFF, 0xC0, 0xFF, 0xE0, 0x3F, 0xC0, 0x03, 0x80, 0x01, 0xC0, 0x01, 0xE0, 0x00,
    0xF0, 0x00, 0x30, 0x00, 0x00, 0x00, 0x00, 0x3C, 0x3E, 0x79, 0xFF, 0xF3, 0xFF, 0xCF, 0xBE, 0x1E,
    0x3C, 0x3C, 0x78, 0x78, 0xF0, 0xF1, 0xE1, 0xE3, 0xC3, 0xFF, 0x83, 0xFE, 0x03, 0xF8, 0x00, 0x80,
    0x03, 0x80, 0x0F, 0x80, 0x0E, 0x00, 0x1C, 0x00, 0xF0, 0x7F, 0x83, 0xFC, 0x1F, 0xE0, 0xFF, 0x07,
    0xF8, 0x3F, 0xC1, 0xFE, 0x0F, 0xF0, 0x7F, 0x83, 0xFC, 0x1E, 0xF0, 0xF7, 0xFF, 0x9F, 0xF8, 0x7F,
    0x80, 0x60, 0x07, 0x00, 0x78, 0x03, 0xC0, 0x0C, 0x00, 0xF0, 0xFE, 0x3F, 0xC7, 0xF8, 0xFF, 0x1F,
    0xE3, 0xFC, 0x7F, 0x8F, 0xF1, 0xFF, 0xFD, 0xFF, 0xBF, 0xF0, 0x80, 0x1C, 0x03, 0xC0, 0x70, 0x0E,
    0x00, 0x0F, 0x00, 0x7C, 0x00, 0xE0, 0x0F, 0x00, 0x70, 0x01, 0x03, 0xC1, 0xFE, 0x0F, 0xF0, 0x7F,
    0x83, 0xFC, 0x1F, 0xE0, 0xFF, 0x07, 0xF8, 0x3F, 0xC1, 0xFE, 0x0F, 0xF0, 0x7B, 0xC3, 0xDF, 0xFE,
    0x7F, 0xE1, 0xFE, 0x01, 0x80, 0x0E, 0x03, 0xE0, 0x7E, 0x03, 0xC0, 0xF0, 0x1C, 0x3C, 0x3F, 0x8F,
    0xF1, 0xFE, 0x3F, 0xC7, 0xF8, 0xFF, 0x1F, 0xE3, 0xFC, 0x7F, 0xFF, 0x7F, 0xEF, 0xFC, 0x20, 0x00,
    0x01, 0xE0, 0x00, 0xF0, 0x00, 0x78, 0x00, 0x1C, 0x00, 0x00, 0x03, 0xFC, 0x1E, 0xFF, 0x07, 0xFB,
    0xC1, 0xFE, 0xF0, 0x7E, 0x3C, 0x1E, 0x0F, 0x07, 0x83, 0xC1, 0xE0, 0xF0, 0x78, 0x3C, 0x1E, 0x0F,
    0x07, 0x83, 0xC1, 0xE0, 0x78, 0x78, 0x1F, 0xFE, 0x03, 0xFF, 0x00, 0x7F, 0x80, 0x03, 0x00, 0x00,
    0x03, 0xC0, 0x07, 0x80, 0x0F, 0x00, 0x0E, 0x0F, 0xF0, 0xEF, 0xF1, 0xFE, 0xF1, 0xFC, 0xF1, 0xF8,
    0xF1, 0xE0, 0xF1, 0xE0, 0xF1, 0xE0, 0xF1, 0xE0, 0xF1, 0xE0, 0xFF, 0xE0, 0x7F, 0xE0, 0x7F, 0xE0,
    0x08, 0x00, 0x1E, 0x00, 0x03, 0xC0, 0x00, 0x78, 0x00, 0x0E, 0x00, 0x00, 0x03, 0xFC, 0x1E, 0xFF,
    0x07, 0xFB, 0xC1, 0xFE, 0xF0, 0x7E, 0x3C, 0x1E, 0x0F, 0x07, 0x83, 0xC1, 0xE0, 0xF0, 0x78, 0x3C,
    0x1E, 0x0F, 0x07, 0x83, 0xC1, 0xE0, 0x78, 0x78, 0x1F, 0xFE, 0x03, 0xFF, 0x00, 0x7F, 0x80, 0x03,
    0x00, 0x00, 0x3C, 0x00, 0x1E, 0x00, 0x0F, 0x00, 0x07, 0x0F, 0xF0, 0xEF, 0xF1, 0xFE, 0xF1, 0xFC,
    0xF1, 0xF8, 0xF1, 0xE0, 0xF1, 0xE0, 0xF1, 0xE0, 0xF1, 0xE0, 0xF1, 0xE0, 0xFF, 0xE0, 0x7F, 0xE0,
    0x7F, 0xE0, 0x08, 0x00, 0x0F, 0x00, 0x03, 0xE0, 0x00, 0x38, 0x00, 0x1E, 0x00, 0x07, 0x00, 0x00,
    0x80, 0xFF, 0x07, 0xBF, 0xC1, 0xFE, 0xF0, 0x7F, 0xBC, 0x1F, 0x8F, 0x07, 0x83, 0xC1, 0xE0, 0xF0,
    0x78, 0x3C, 0x1E, 0x0F, 0x07, 0x83, 0xC1, 0xE0, 0xF0, 0x78, 0x1E, 0x1E, 0x07, 0xFF, 0x80, 0xFF,
    0xC0, 0x1F, 0xE0, 0x00, 0xC0, 0x00, 0x0E, 0x00, 0x1F, 0x00, 0x1F, 0x80, 0x07, 0x80, 0x0F, 0x00,
    0x0E, 0x0F, 0xF0, 0xEF, 0xF1, 0xFE, 0xF1, 0xFC, 0xF1, 0xF8, 0xF1, 0xE0, 0xF1, 0xE0, 0xF1, 0xE0,
    0xF1, 0xE0, 0xF1, 0xE0, 0xFF, 0xE0, 0x7F, 0xE0, 0x7F, 0xE0, 0x08, 0x00, 0x0E, 0x60, 0x07, 0xF8,
    0x03, 0xFE, 0x00, 0xC6, 0x00, 0x00, 0x03, 0xFC, 0x1E, 0xFF, 0x07, 0xFB, 0xC1, 0xFE, 0xF0, 0x7E,
    0x3C, 0x1E, 0x0F, 0x07, 0x83, 0xC1, 0xE0, 0xF0, 0x78, 0x3C, 0x1E, 0x0F, 0x07, 0x83, 0xC1, 0xE0,
    0x78, 0x78, 0x1F, 0xFE, 0x03, 0xFF, 0x00, 0x7F, 0x80, 0x03, 0x00, 0x00, 0x1C, 0xC0, 0x3F, 0xC0,
    0x7F, 0xC0, 0x63, 0x0F, 0xF0, 0xEF, 0xF1, 0xFE, 0xF1, 0xFC, 0xF1, 0xF8, 0xF1, 0xE0, 0xF1, 0xE0,
    0xF1, 0xE0, 0xF1, 0xE0, 0xF1, 0xE0, 0xFF, 0xE0, 0x7F, 0xE0, 0x7F, 0xE0, 0x08, 0x00, 0x00, 0x03,
    0xFC, 0x1E, 0xFF, 0x07, 0xFB, 0xC1, 0xFE, 0xF0, 0x7E, 0x3C, 0x1E, 0x0F, 0x07, 0x83, 0xC1, 0xE0,
    0xF0, 0x78, 0x3C, 0x1E, 0x0F, 0x07, 0x83, 0xC1, 0xE0, 0x78, 0x78, 0x1F, 0xFE, 0x03, 0xFF, 0x00,
    0x7F, 0x80, 0x03, 0x00, 0x01, 0xC0, 0x00, 0xF0, 0x00, 0x3C, 0x00, 0x06, 0x00, 0x00, 0x00, 0x00,
    0x00, 0x0F, 0xF0, 0xEF, 0xF1, 0xFE, 0xF1, 0xFC, 0xF1, 0xF8, 0xF1, 0xE0, 0xF1, 0xE0, 0xF1, 0xE0,
    0xF1, 0xE0, 0xF1, 0xE0, 0xFF, 0xE0, 0x7F, 0xE0, 0x7F, 0xE0, 0x08, 0x00, 0x0E, 0x00, 0x1F, 0x00,
    0x0E, 0x00, 0x0E, 0x00, 0x1F, 0x00, 0x3C, 0x00, 0x78, 0x00, 0x60, 0x00, 0x03, 0xC1, 0xEF, 0x87,
    0x9E, 0x3C, 0x7C, 0xF0, 0xF7, 0x83, 0xFE, 0x07, 0xF0, 0x0F, 0x80, 0x3E, 0x00, 0x78, 0x01, 0xE0,
    0x07, 0x80, 0x1E, 0x00, 0x78, 0x01, 0xE0, 0x1E, 0x00, 0xF0, 0x07, 0x80, 0x38, 0xF0, 0xFF, 0x0F,
    0xF0, 0xF7, 0x9E, 0x79, 0xE3, 0x9C, 0x3F, 0xC3, 0xFC, 0x1F, 0x81, 0xF8, 0x0F, 0x80, 0xF0, 0x0F,
    0x01, 0xE0, 0xFE, 0x0F, 0xC0, 0xF8, 0x00, 0xF0, 0x7B, 0xE1, 0xE7, 0x8F, 0x1F, 0x3C, 0x3D, 0xE0,
    0xFF, 0x81, 0xFC, 0x03, 0xE0, 0x0F, 0x80, 0x1E, 0x00, 0x78, 0x01, 0xE0, 0x07, 0x80, 0x1E, 0x00,
    0x78, 0x00, 0x00, 0x07, 0x00, 0x3C, 0x00, 0x70, 0x01, 0xC0, 0xF0, 0xFF, 0x0F, 0xF0, 0xF7, 0x9E,
    0x79, 0xE3, 0x9C, 0x3F, 0xC3, 0xFC, 0x1F, 0x81, 0xF8, 0x0F, 0x80, 0xF0, 0x0F, 0x01, 0xEE, 0xFE,
    0xFF, 0xCF, 0xF8, 0x60, 0x0F, 0x00, 0x3E, 0x00, 0x38, 0x01, 0xE0, 0x07, 0x00, 0x08, 0x0F, 0x07,
    0xBE, 0x1E, 0x78, 0xF1, 0xF3, 0xC3, 0xDE, 0x0F, 0xF8, 0x1F, 0xC0, 0x3E, 0x00, 0xF8, 0x01, 0xE0,
    0x07, 0x80, 0x1E, 0x00, 0x78, 0x01, 0xE0, 0x07, 0x80, 0x0E, 0x01, 0xF0, 0x0F, 0x80, 0x38, 0x0F,
    0x00, 0x60, 0xF0, 0xFF, 0x0F, 0xF0, 0xF7, 0x9E, 0x79, 0xE3, 0x9C, 0x3F, 0xC3, 0xFC, 0x1F, 0x81,
    0xF8, 0x0F, 0x80, 0xF0, 0x0F, 0x01, 0xE0, 0xFE, 0x0F, 0xC0, 0xF8, 0x00, 0x1E, 0x60, 0x7F, 0x83,
    0xFC, 0x0C, 0x60, 0x00, 0x03, 0xC1, 0xEF, 0x87, 0x9E, 0x3C, 0x7C, 0xF0, 0xF7, 0x83, 0xFE, 0x07,
    0xF0, 0x0F, 0x80, 0x3E, 0x00, 0x78, 0x01, 0xE0, 0x07, 0x80, 0x1E, 0x00, 0x78, 0x01, 0xE0, 0x1C,
    0xE3, 0xFC, 0x3F, 0xC3, 0x38, 0xF0, 0xFF, 0x0F, 0xF0, 0xF7, 0x9E, 0x79, 0xE3, 0x9C, 0x3F, 0xC3,
    0xFC, 0x1F, 0x81, 0xF8, 0x0F, 0x80, 0xF0, 0x0F, 0x01, 0xE0, 0xFE, 0x0F, 0xC0, 0xF8, 0x00, 0xF1,
    0xE0, 0x78, 0xF0, 0x3C, 0x78, 0x1E, 0x3C, 0x0F, 0x1E, 0x07, 0x8F, 0x03, 0xC7, 0x81, 0xE3, 0xC0,
    0xF1, 0xE0, 0x78, 0xF0, 0x3C, 0x78, 0x1E, 0x3C, 0x0F, 0x1F, 0xFF, 0x8F, 0xFF, 0xC7, 0xFE, 0x78,
    0xE7, 0xFF, 0xBF, 0xFF, 0xFF, 0xF7, 0x9E, 0x3C, 0xF1, 0xE7, 0x8F, 0x3C, 0x79, 0xE3, 0xCF, 0x1E,
    0x78, 0xF3, 0xC7, 0x9E, 0x3C, 0xF1, 0xE7, 0x8F, 0x3C, 0x00, 0x00, 0x3C, 0x01, 0xF0, 0x0F, 0x80,
    0x7C, 0x01, 0xEF, 0xCF, 0x3F, 0xBC, 0xFE, 0xF0, 0x7F, 0xC0, 0xFF, 0x03, 0xFC, 0x1F, 0xF8, 0x79,
    0xFF, 0xE3, 0xFF, 0x07, 0xF8, 0x03, 0x00, 0x01, 0x80, 0x78, 0x0F, 0x81, 0xE0, 0x3C, 0x03, 0xC0,
    0x7F, 0xC7, 0xFE, 0x7B, 0xF7, 0x8F, 0x78, 0xF7, 0x8F, 0x78, 0xF7, 0xDF, 0x3F, 0xE1, 0xFC, 0x03,
    0x00, 0xF0, 0x3D, 0xE0, 0xF7, 0x87, 0x8F, 0x1E, 0x3C, 0xF0, 0x7B, 0xC1, 0xFE, 0x03, 0xF8, 0x0F,
    0xE0, 0xFF, 0x07, 0xFC, 0x1D, 0xE0, 0x7F, 0x81, 0xFC, 0x07, 0xE0, 0x06, 0x00, 0x78, 0x7B, 0xC3,
    0xDE, 0x1E, 0x79, 0xE3, 0xCF, 0x0E, 0x70, 0x7F, 0x83, 0xFC, 0x0F, 0xC0, 0x7E, 0x03, 0xF0, 0x7F,
    0x07, 0xF8, 0x3B, 0x81, 0xFC, 0x0F, 0xC0, 0x7C, 0x00, 0x00, 0xEF, 0xFE, 0xF3, 0x0C, 0x30, 0xC3,
    0x0C, 0x30, 0xC3, 0x0C, 0x30, 0xC3, 0x00, 0x01, 0xCF, 0xDF, 0x3C, 0x30, 0xC3, 0x0C, 0x30, 0xC3,
    0x0C, 0x30, 0xC3, 0x0C, 0x30, 0xFD, 0xFB, 0xF0, 0xFD, 0xFB, 0xF0, 0x7F, 0xEF, 0xFF, 0xFF, 0xF0,
    0xFF, 0xFF, 0xF7, 0xFC, 0xFF, 0xFF, 0xF7, 0xFF, 0xFF, 0x9F, 0xFF, 0xFC, 0xFF, 0xFF, 0xF7, 0xFF,
    0xFF, 0x9F, 0xFF, 0xFC, 0x63, 0xB9, 0xDC, 0xEE, 0x77, 0x3B, 0x9D, 0xCE, 0xE7, 0x73, 0xB9, 0xDC,
    0xEE, 0x77, 0x3B, 0x9D, 0xCE, 0xE7, 0x73, 0xB9, 0xDC, 0xEE, 0x76, 0x38, 0x7F, 0xDF, 0xF0, 0x01,
    0xFF, 0x7F, 0xC0, 0x7B, 0x9D, 0xEF, 0x70, 0x7B, 0xBD, 0xEE, 0x70, 0x7B, 0xDC, 0xEE, 0x30, 0xF7,
    0x9C, 0xE7, 0x18, 0x7B, 0x9C, 0xE7, 0x7B, 0xDE, 0xF7, 0x39, 0xC0, 0x7B, 0x9D, 0xEF, 0x7B, 0xDC,
    0xE7, 0x39, 0x80, 0x7B, 0xDE, 0xE7, 0x39, 0xDE, 0xF7, 0x19, 0xC0, 0xF7, 0x3D, 0xE7, 0x79, 0xCE,
    0x73, 0x8C, 0x60, 0x1C, 0x0E, 0x07, 0x03, 0x8F, 0xFF, 0xFF, 0xFE, 0x38, 0x1C, 0x0E, 0x07, 0x03,
    0x81, 0xC0, 0xE0, 0x70, 0x78, 0x1C, 0x0E, 0x07, 0x1B, 0xBF, 0xFF, 0xFC, 0x70, 0x38, 0x1C, 0x0E,
    0x3F, 0xFF, 0xFF, 0xF8, 0xE0, 0x70, 0x38, 0x7B, 0xFF, 0xFF, 0xFF, 0xF7, 0x80, 0x81, 0xC3, 0xC7,
    0xEF, 0xFF, 0x3C, 0x60, 0x00, 0x27, 0xBD, 0xE6, 0x00, 0x40, 0xBC, 0xFF, 0x3F, 0xCF, 0x61, 0x80,
    0x41, 0x04, 0xF3, 0xCF, 0xF3, 0xCF, 0xF3, 0xCF, 0x61, 0x86, 0x4F, 0xFF, 0x60, 0xFF, 0xEC, 0x30,
    0xC3, 0x0C, 0x30, 0xC3, 0x0C, 0x30, 0xC3, 0x0C, 0x30, 0xFD, 0xF0, 0xC3, 0x0C, 0x30, 0xC3, 0x0C,
    0x30, 0xC3, 0x0C, 0x30, 0xC3, 0xFF, 0xFF, 0xFF, 0xFC, 0xC3, 0x0C, 0x30, 0xC3, 0x0C, 0x30, 0xC3,
    0x0C, 0x30, 0xC0, 0xFF, 0xFC, 0x30, 0xFC, 0xC3, 0x0C, 0x30, 0xC3, 0x0C, 0x30, 0xC3, 0x0C, 0x30,
    0xC0, 0xFF, 0xF0, 0xC3, 0xFC, 0xC3, 0x0C, 0x30, 0xC3, 0x0C, 0x30, 0xC3, 0x0C, 0x30, 0xC0, 0x00,
    0x00, 0x00, 0x07, 0xC1, 0xC0, 0x01, 0xF8, 0x70, 0x00, 0x3F, 0x8E, 0x00, 0x0F, 0x73, 0x80, 0x01,
    0xCE, 0xF0, 0x00, 0x3D, 0xDC, 0x80, 0x87, 0xBF, 0xFC, 0x7C, 0x7F, 0xFF, 0xDF, 0xC7, 0xFB, 0xBB,
    0xB8, 0x67, 0x77, 0x77, 0x01, 0xCE, 0xFE, 0xE0, 0x39, 0xDD, 0xDC, 0x0E, 0x3B, 0xBB, 0x83, 0xC7,
    0xF7, 0xF0, 0x70, 0x7C, 0x7C, 0x00, 0x02, 0x02, 0x00, 0x00, 0x00, 0x00, 0x00, 0x07, 0xC1, 0xC0,
    0x00, 0x01, 0xF8, 0x70, 0x00, 0x00, 0x7F, 0x8E, 0x00, 0x00, 0x0F, 0x73, 0x80, 0x00, 0x01, 0xCE,
    0xF0, 0x00, 0x00, 0x3D, 0xDC, 0x00, 0x80, 0x87, 0xBF, 0xFC, 0x7C, 0x7C, 0x7F, 0xFF, 0xDF, 0xDF,
    0xC7, 0xFF, 0xBB, 0xBB, 0xB8, 0x67, 0x77, 0xF7, 0xF7, 0x01, 0xCE, 0xFE, 0xFE, 0xE0, 0x39, 0xDF,
    0xDF, 0xDC, 0x0E, 0x3B, 0xBB, 0xBB, 0x83, 0xC7, 0xF7, 0xF7, 0xF0, 0x70, 0x7C, 0x7C, 0x7C, 0x00,
    0x02, 0x02, 0x02, 0x00, 0x1E, 0x38, 0xE1, 0xC7, 0x0C, 0x00, 0x1E, 0xE1, 0xDE, 0x39, 0xC3, 0xB8,
    0x73, 0x86, 0x70, 0x1E, 0xEF, 0x1D, 0xEE, 0x39, 0xDE, 0x3B, 0x9C, 0x73, 0xB8, 0x67, 0x38, 0xE1,
    0xC7, 0x0E, 0x38, 0x70, 0xE7, 0x0E, 0xF1, 0xCE, 0x1D, 0xE3, 0x9C, 0x39, 0x80, 0xE7, 0x78, 0xEF,
    0x71, 0xCE, 0xF1, 0xDE, 0xE3, 0x9C, 0xE3, 0x99, 0xC0, 0x18, 0x0E, 0x0F, 0x07, 0xC7, 0x63, 0x3B,
    0x8C, 0x08, 0x3C, 0x79, 0xE7, 0x8F, 0x1E, 0x1E, 0x1E, 0x18, 0x00, 0x20, 0xE1, 0xE1, 0xE1, 0xE3,
    0xCF, 0x3E, 0x78, 0xE0, 0x00, 0x00, 0x00, 0x63, 0xC4, 0xF3, 0xCE, 0x7B, 0xDE, 0x3C, 0x3C, 0x1E,
    0x78, 0x0F, 0xF0, 0xE7, 0xEF, 0xF3, 0xCF, 0xE7, 0xEF, 0x4F, 0xF6, 0x1E, 0x78, 0x3C, 0x3C, 0x7B,
    0x9E, 0xF3, 0xCE, 0x63, 0xC6, 0x01, 0x80, 0xF3, 0xFC, 0xFF, 0x3F, 0xCF, 0xF3, 0xFC, 0xFF, 0x3F,
    0xCF, 0xF3, 0xFC, 0xF6, 0x19, 0x04, 0xF3, 0xFC, 0xFF, 0x3D, 0x86, 0x00, 0x1F, 0xCF, 0xFB, 0xFF,
    0x7B, 0xCE, 0xF3, 0xF8, 0xFE, 0x3E, 0x0F, 0x03, 0xC0, 0x00, 0x08, 0x0F, 0x03, 0xC0, 0xF0, 0x08,
    0x00, 0x7F, 0xF7, 0xFF, 0x7F, 0xE0, 0x40, 0x16, 0x01, 0x98, 0x1C, 0x7F, 0xC1, 0xFC, 0x00, 0x0F,
    0x81, 0xFE, 0x1E, 0x38, 0xC0, 0x6C, 0x01, 0x00, 0x01, 0x81, 0x80, 0xC0, 0xC0, 0x60, 0x70, 0x30,
    0x38, 0x1C, 0x1E, 0x0F, 0x8E, 0xC6, 0x77, 0x18, 0x00, 0x38, 0x00, 0x00, 0x38, 0x00, 0x00, 0x38,
    0x00, 0x03, 0xFF, 0x80, 0x03, 0xFF, 0x80, 0x03, 0xFF, 0x80, 0x00, 0x7C, 0x00, 0x00, 0xFE, 0x00,
    0x00, 0xEF, 0x00, 0x1E, 0x66, 0xF0, 0x1E, 0x00, 0xF0, 0x0E, 0x00, 0x60, 0xEF, 0xC7, 0x6E, 0xFF,
    0xC7, 0xFE, 0xFF, 0xC7, 0xFE, 0x1F, 0x01, 0xF8, 0x3F, 0x01, 0xF8, 0x7F, 0x83, 0xFC, 0x33, 0x81,
    0x98, 0x00, 0x00, 0x00, 0xFF, 0xFF, 0xC0, 0x00, 0xE0, 0x38, 0x07, 0x01, 0xC0, 0x78, 0x0E, 0x03,
    0xC0, 0x70, 0x1C, 0x03, 0x80, 0xE0, 0x1C, 0x07, 0x01, 0xE0, 0x38, 0x00, 0xFF, 0xFF, 0xB8, 0xE3,
    0x8E, 0x38, 0xFF, 0xFF, 0xB8, 0xE3, 0x8E, 0x38, 0xFF, 0xFF, 0x80, 0xFF, 0xFF, 0xCF, 0x3C, 0xF3,
    0xCF, 0xFF, 0xFF, 0xCF, 0x3C, 0xF3, 0xCF, 0xFF, 0xFF, 0xC0, 0x00, 0x00, 0x07, 0xF1, 0xFC, 0xFF,
    0xBF, 0xEF, 0xFF, 0xFF, 0x43, 0xD0, 0xF0, 0x3C, 0x0F, 0x07, 0x81, 0xE0, 0xF8, 0x3E, 0x1F, 0x07,
    0x81, 0xC0, 0x70, 0x1C, 0x0F, 0x01, 0x80, 0x60, 0x08, 0x02, 0x03, 0xC0, 0xF0, 0x3C, 0x0F, 0x03,
    0xC0, 0xF0, 0x08, 0x06, 0x00, 0x00, 0x00, 0xFE, 0x3F, 0xFE, 0x7F, 0xFE, 0xF4, 0x3D, 0xE0, 0x7B,
    0xC1, 0xE7, 0x87, 0xCF, 0x1F, 0x1E, 0x38, 0x3C, 0x70, 0x78, 0xC0, 0x60, 0x80, 0x87, 0x83, 0xCF,
    0x07, 0x9E, 0x0F, 0x08, 0x0C, 0x00, 0x01, 0xE7, 0xF3, 0xDF, 0xF7, 0xBF, 0xFF, 0x21, 0xFE, 0x03,
    0xFC, 0x0F, 0x78, 0x3E, 0xF0, 0xF9, 0xE1, 0xC3, 0xC3, 0x83, 0x06, 0x04, 0x04, 0x1E, 0x3C, 0x3C,
    0x78, 0x78, 0xF0, 0x60, 0x40, 0x7F, 0xEF, 0xFD, 0xFF, 0x80, 0xF0, 0x1C, 0x07, 0x81, 0xE0, 0x38,
    0x0F, 0x03, 0xC0, 0x78, 0x1E, 0x00, 0xFF, 0xCF, 0xFE, 0xEF, 0xEE, 0xFF, 0xEF, 0xFE, 0xFF, 0xEF,
    0xFE, 0xFE, 0xEF, 0xEE, 0xFC, 0xEF, 0x8E, 0xC0, 0xEC, 0x0E, 0xC0, 0xEC, 0x0E, 0xC0, 0xEC, 0x0E,
    0xC0, 0xEC, 0x00, 0x1F, 0xEF, 0xFF, 0xFF, 0xFF, 0xBF, 0xF7, 0xFE, 0xFF, 0xDF, 0xFB, 0xFF, 0x6F,
    0xFD, 0xFF, 0x80, 0x00, 0x7F, 0x8F, 0xFE, 0xFF, 0xEE, 0xFF, 0xEF, 0xFE, 0xFF, 0xEF, 0xFE, 0xFF,
    0xEF, 0xFF, 0xFE, 0xFF, 0xC0, 0x00, 0x0E, 0x01, 0xC0, 0x38, 0x3F, 0xFF, 0xFF, 0xFF, 0xC7, 0xC1,
    0xFC, 0x3B, 0xC3, 0x30, 0x67, 0xBD, 0xE0, 0x00, 0x00, 0x07, 0xBD, 0xE7, 0x38, 0xE0, 0x0F, 0x81,
    0xFE, 0x1E, 0x38, 0xC0, 0x6C, 0x01, 0x00, 0x00, 0x00, 0x00, 0x00, 0x00, 0x00, 0x00, 0x00, 0x00,
    0x00, 0x00, 0x00, 0x00, 0x00, 0x00, 0x00, 0x00, 0x00, 0x02, 0x00, 0xB0, 0x0C, 0xC0, 0xE3, 0xFE,
    0x0F, 0xE0, 0x0E, 0x01, 0xC0, 0x38, 0x3F, 0xFF, 0xFF, 0xFF, 0xC7, 0xC1, 0xFC, 0x3B, 0xC3, 0x30,
    0x00, 0x07, 0x00, 0xE0, 0x1C, 0x1F, 0xFF, 0xFF, 0xFF, 0xE3, 0xE0, 0xFE, 0x1D, 0xE1, 0x98, 0x00,
    0x79, 0xFD, 0xFE, 0xE6, 0xF0, 0x70, 0x38, 0x38, 0x1C, 0x1E, 0x0E, 0x07, 0x07, 0x03, 0xBF, 0xDF,
    0xCF, 0x03, 0x00, 0x1F, 0xE0, 0x33, 0xFF, 0xFF, 0x9F, 0xFF, 0xFC, 0xC0, 0x3F, 0x80, 0x0F, 0x81,
    0xFF, 0x1C, 0x3D, 0xC0, 0x6C, 0x01, 0x00, 0x06, 0x02, 0x68, 0x77, 0xC3, 0xFC, 0x3F, 0x8F, 0xFE,
    0xFF, 0xE3, 0xF8, 0x7F, 0xC3, 0x6C, 0x06, 0x00, 0x01, 0x80, 0xF0, 0x3C, 0x0F, 0x00, 0x00, 0x00,
    0x03, 0xC0, 0xF0, 0x3C, 0x06, 0x00, 0x00, 0x00, 0x00, 0xF0, 0x3C, 0x0F, 0x01, 0x80, 0x1F, 0xEE,
    0xF1, 0xDD, 0xEE, 0x3B, 0xDD, 0xE3, 0xBB, 0x9C, 0x77, 0x3B, 0x86, 0x73, 0x38, 0x01, 0x80, 0x03,
    0xC0, 0x03, 0xC0, 0x03, 0xC0, 0x00, 0x00, 0x00, 0x00, 0x00, 0x00, 0xF0, 0x0F, 0xF0, 0x0F, 0xF0,
    0x0F, 0x60, 0x06, 0x00, 0x00, 0x00, 0x00, 0x03, 0xC0, 0x03, 0xC0, 0x03, 0xC0, 0x01, 0x80, 0x60,
    0x06, 0xF0, 0x0F, 0xF0, 0x0F, 0xF0, 0x0F, 0x00, 0x00, 0x00, 0x00, 0x00, 0x00, 0x03, 0xC0, 0x03,
    0xC0, 0x03, 0xC0, 0x00, 0x80, 0x00, 0x00, 0x00, 0x00, 0xF0, 0x07, 0xF0, 0x0F, 0xF0, 0x0F, 0x60,
    0x07, 0x0F, 0xFF, 0x60, 0x00, 0x00, 0x00, 0x4F, 0xFF, 0x60, 0x06, 0x00, 0x78, 0x03, 0xC0, 0x1E,
    0x00, 0x00, 0x00, 0x00, 0x00, 0x1E, 0x0E, 0xF0, 0xFF, 0x87, 0xF8, 0x1C, 0x00, 0x00, 0x00, 0x01,
    0x00, 0x3C, 0x01, 0xE0, 0x0F, 0x00, 0x10, 0x00, 0x01, 0xC0, 0x0C, 0xE3, 0x0F, 0x73, 0xC7, 0xB9,
    0xE3, 0xDC, 0xF0, 0x0E, 0x00, 0x07, 0x01, 0xFF, 0xFF, 0xFF, 0xFF, 0xFF, 0xFF, 0xC0, 0x70, 0x00,
    0x38, 0x03, 0xDC, 0xF1, 0xEE, 0x78, 0xF7, 0x3C, 0x33, 0x8C, 0x01, 0xC0, 0x00, 0xFF, 0xF7, 0x00,
    0x6F, 0xFF, 0x00, 0x0F, 0xFF, 0x60, 0x6F, 0xFF, 0x0F, 0xFF, 0x0F, 0xFF, 0x6F, 0xFF, 0x60, 0xFF,
    0xF3, 0x0C, 0xFC, 0xC3, 0x0C, 0x30, 0xC3, 0x0C, 0x30, 0xC3, 0x0C, 0x30, 0xC0, 0xFF, 0xFC, 0xF3,
    0xFC, 0xC3, 0x0C, 0x30, 0xC3, 0x0C, 0x30, 0xC3, 0x0C, 0x30, 0xC0, 0x79, 0xE7, 0x8C, 0x30, 0xC3,
    0x0C, 0x30, 0xC3, 0x0C, 0x30, 0xC3, 0x0C, 0x30, 0xC0, 0x00, 0xC3, 0x1E, 0xFC, 0xC3, 0x0C, 0x30,
    0xC3, 0x0C, 0x30, 0xC3, 0x0C, 0x30, 0xC0, 0x00, 0xCF, 0xDE, 0x30, 0xC3, 0x0C, 0x30, 0xC3, 0x0C,
    0x30, 0xC3, 0x0C, 0x30, 0xC0, 0xF3, 0xC3, 0x0C, 0xFC, 0xC3, 0x0C, 0x30, 0xC3, 0x0C, 0x30, 0xC3,
    0x0C, 0x30, 0xC0, 0x00, 0x03, 0xF8, 0x7F, 0x87, 0xF0, 0xF0, 0x0F, 0x7F, 0xF7, 0xFF, 0x7F, 0xF7,
    0x87, 0xFE, 0x7F, 0xF3, 0xFF, 0x07, 0x80, 0x7F, 0x07, 0xF0, 0x7F, 0x03, 0xF0, 0x1F, 0x07, 0xFC,
    0x7F, 0xE7, 0xFF, 0x3F, 0xF1, 0xFB, 0x1E, 0xD8, 0xF6, 0xC7, 0xB6, 0x1F, 0xF0, 0xFB, 0x07, 0xFF,
    0x1F, 0xF8, 0x7F, 0xC3, 0xFC, 0x1B, 0x00, 0x48, 0x00, 0x00, 0x00, 0xFF, 0x1F, 0xF3, 0xFE, 0x7C,
    0x07, 0x80, 0x78, 0x2F, 0x3F, 0xF3, 0xFF, 0x3E, 0x73, 0x87, 0xB8, 0x7B, 0x87, 0xFE, 0x3F, 0xE1,
    0xFE, 0x03, 0x00, 0x3F, 0xEF, 0xFD, 0xFF, 0xBC, 0x07, 0x80, 0xF0, 0x1F, 0xFB, 0xFF, 0x7F, 0xEF,
    0x03, 0xFC, 0x7F, 0xCF, 0xF0, 0xF0, 0x1E, 0x00, 0x00, 0x00, 0xFE, 0x1F, 0xE1, 0xFE, 0x3C, 0x03,
    0xC0, 0x7F, 0xCF, 0xFC, 0x7F, 0x87, 0xFC, 0xFF, 0xC3, 0xC0, 0x3C, 0x07, 0xFF, 0xFF, 0xFF, 0xFF,
    0x00, 0x1C, 0x00, 0x06, 0x0E, 0x7B, 0xF3, 0xFF, 0xFE, 0xFF, 0xFF, 0xFE, 0x7C, 0xFF, 0x1E, 0x3F,
    0xC7, 0x8F, 0xF1, 0xE3, 0xFC, 0x78, 0xFF, 0x3E, 0x3F, 0xCF, 0x8F, 0xF7, 0xE3, 0xFD, 0xF8, 0xF0,
    0x60, 0x00, 0x38, 0x00, 0x0C, 0x00, 0x00, 0x78, 0xE7, 0x8E, 0x7C, 0xE7, 0xCE, 0x7C, 0xEF, 0xFF,
    0xFF, 0xF7, 0x6E, 0xFF, 0xFF, 0xFF, 0x77, 0xE7, 0x3E, 0x73, 0xE7, 0x3E, 0x71, 0xE0, 0xFF, 0x00,
    0x7F, 0xC0, 0x3F, 0xF0, 0x1E, 0x78, 0x0F, 0x3C, 0xC7, 0x9E, 0xE3, 0xCF, 0x7F, 0xFF, 0xFF, 0xFF,
    0xFF, 0xFF, 0x0E, 0x3C, 0x07, 0x1E, 0x03, 0x8F, 0x01, 0xEF, 0x80, 0xFF, 0xC0, 0x3E, 0x00, 0x04,
    0xFF, 0x00, 0x3F, 0xE0, 0x0F, 0xF8, 0x03, 0xCF, 0x3E, 0xF3, 0xDF, 0xFC, 0xEF, 0xEF, 0xFB, 0x8B,
    0xFE, 0xF0, 0xFF, 0x3F, 0x3F, 0xC7, 0xEF, 0x70, 0x7F, 0xDE, 0x0F, 0xF7, 0xB3, 0xFC, 0xFF, 0xEF,
    0x3F, 0xF8, 0x00, 0x30, 0xE3, 0x8E, 0xE3, 0xCE, 0xF3, 0xCE, 0x77, 0xCE, 0x77, 0xCE, 0x77, 0xDC,
    0xFF, 0xFE, 0xFF, 0xFF, 0xFF, 0xFE, 0x3E, 0xFC, 0x3E, 0xFC, 0x3E, 0x78, 0x3E, 0x78, 0x3C, 0x78,
    0x3C, 0x78, 0xFF, 0xC7, 0xFF, 0xF3, 0xFF, 0xFD, 0xFE, 0x1E, 0xFF, 0x77, 0x7F, 0xBB, 0xBF, 0xDD,
    0xDF, 0xEE, 0xEF, 0xF7, 0x77, 0xFB, 0xBB, 0xFD, 0xDD, 0xFE, 0xEE, 0xFF, 0x7F, 0xF7, 0xBF, 0xFB,
    0xDF, 0xF0, 0x00, 0xF0, 0x1F, 0xE0, 0x7F, 0xC1, 0xFF, 0x00, 0xF0, 0x7F, 0xC3, 0xFF, 0x1F, 0xFC,
    0x78, 0xF1, 0xE3, 0xC7, 0x8F, 0x1E, 0x3C, 0x78, 0xF1, 0xFF, 0xC3, 0xFF, 0x0F, 0xFC, 0x0C, 0x00,
    0x7F, 0x83, 0xFE, 0x0F, 0xF8, 0x07, 0xF1, 0xFF, 0x1F, 0xE3, 0xC0, 0x3C, 0x0F, 0xFC, 0xFF, 0xC7,
    0xF8, 0xFF, 0x8F, 0xF8, 0x3C, 0x03, 0xC0, 0x1F, 0xF1, 0xFF, 0x0F, 0xE0, 0x18, 0x78, 0xF7, 0x9E,
    0x79, 0xE7, 0xBC, 0x7B, 0xC7, 0xF8, 0xFF, 0xEF, 0xFE, 0xFF, 0xE7, 0xF8, 0x7B, 0xC7, 0xBC, 0x79,
    0xE7, 0x9E, 0x78, 0xF0, 0xFF, 0xFF, 0xFF, 0xFF, 0xF0, 0xF4, 0x0F, 0xC0, 0xFC, 0x0F, 0x01, 0xFC,
    0x3F, 0xC3, 0xF8, 0x0F, 0x03, 0xF0, 0x3F, 0x03, 0xF0, 0x0F, 0x00, 0x00, 0x00, 0x07, 0xFC, 0x00,
    0x3F, 0xF8, 0x00, 0xFF, 0xE0, 0x01, 0xCF, 0x00, 0x1E, 0x78, 0x00, 0xF1, 0xE0, 0x07, 0x8F, 0x00,
    0x38, 0x78, 0x01, 0xC3, 0xDF, 0x9E, 0x3D, 0xFC, 0xF1, 0xFE, 0xF7, 0x9E, 0xE3, 0xBF, 0xF7, 0x3F,
    0xFF, 0x3F, 0xDF, 0xE3, 0xFC, 0x00, 0x1E, 0x80, 0x00, 0xE0, 0x00, 0x07, 0x00, 0x00, 0x38, 0x00,
    0x03, 0xC0, 0x00, 0x00, 0x00, 0x7E, 0x0F, 0xE0, 0xFF, 0x0E, 0xF0, 0xEF, 0x0F, 0xF0, 0xFE, 0x0F,
    0xE0, 0x7C, 0x17, 0xC3, 0x7C, 0x7F, 0xE7, 0xFE, 0xFF, 0xEE, 0xCF, 0x08, 0xF0, 0x0F, 0x03, 0xF0,
    0x3E, 0x03, 0xE0, 0x7F, 0x87, 0xFC, 0x7F, 0xEF, 0xFF, 0xFF, 0xF7, 0x9E, 0xFF, 0xFF, 0xFF, 0x7F,
    0xE7, 0xFC, 0x7F, 0x87, 0x80, 0x78, 0x07, 0x80, 0x78, 0x00, 0x03, 0x00, 0x7F, 0x8F, 0xFE, 0xFF,
    0xE7, 0xF0, 0x7D, 0x83, 0xCC, 0x1E, 0x7F, 0xF3, 0xFF, 0x9F, 0xFC, 0xFF, 0xE6, 0xF7, 0xB7, 0xBF,
    0xFC, 0xFF, 0xE3, 0xFF, 0x03, 0x80, 0x18, 0x00, 0x07, 0x80, 0x3E, 0x00, 0xFC, 0x03, 0xF0, 0x1F,
    0xC3, 0xFF, 0xEF, 0xFF, 0xFF, 0xFE, 0xFF, 0xFB, 0xFF, 0xFF, 0xFF, 0x9E, 0x1E, 0xF0, 0x7B, 0xC0,
    0xEF, 0x03, 0xC0, 0x00, 0x03, 0xF8, 0x7F, 0xC3, 0xFE, 0x21, 0xE0, 0x1E, 0xFF, 0xFF, 0xFF, 0x3F,
    0xCF, 0xFF, 0xFF, 0xF7, 0x80, 0x78, 0x27, 0xFE, 0x7F, 0xE3, 0xFE, 0x06, 0x00, 0x03, 0x01, 0xFE,
    0x3F, 0xF7, 0xFE, 0x7B, 0x2F, 0x30, 0xF3, 0x0F, 0x30, 0xF3, 0x0F, 0x30, 0xF3, 0x0F, 0x30, 0x7B,
    0x07, 0xFE, 0x3F, 0xE1, 0xFE, 0x03, 0x80, 0x30, 0x18, 0xE0, 0xE3, 0x83, 0xFF, 0xFF, 0xFF, 0xFF,
    0xFC, 0xE7, 0x83, 0x9E, 0x0E, 0x78, 0x39, 0xE0, 0xE7, 0x83, 0x9E, 0x0E, 0x7F, 0x39, 0xFC, 0xE3,
    0xF0, 0x03, 0x00, 0x00, 0x00, 0x07, 0xF8, 0x1F, 0xF0, 0x3F, 0xE0, 0x70, 0x40, 0xE0, 0x01, 0xF0,
    0x03, 0xF8, 0x03, 0xF8, 0x03, 0xF8, 0x01, 0xFF, 0xFF, 0xFF, 0xFF, 0xFE, 0xEF, 0x9F, 0xFF, 0x1F,
    0xFC, 0x37, 0xE0, 0x66, 0xC0, 0xFF, 0xFF, 0xFF, 0xFF, 0xF0, 0x00, 0xFF, 0xFF, 0xFF, 0xFF, 0xF0,
    0xF0, 0x0F, 0x00, 0xF0, 0x0F, 0x00, 0xF0, 0x0F, 0x00, 0xF0, 0x0F, 0x00, 0xFF, 0xFF, 0xF1, 0xE3,
    0xFF, 0xFF, 0xC3, 0xC3, 0xE3, 0xF8, 0xF8, 0x1E, 0x07, 0x80, 0xF0, 0x3E, 0x07, 0x81, 0xF0, 0x3C,
    0x03, 0xD8, 0x3F, 0x83, 0xF8, 0xFC, 0x0F, 0xF8, 0x3F, 0x8F, 0xCE, 0xFC, 0xFB, 0xCF, 0x3C, 0xE3,
    0xDE, 0x3F, 0xE3, 0xFC, 0x3F, 0x01, 0x80, 0x00, 0x00, 0x3E, 0x00, 0x37, 0x00, 0x19, 0xC0, 0x0F,
    0xFF, 0xC7, 0xFF, 0xF9, 0xFF, 0xFC, 0x1C, 0x1F, 0x0E, 0xD1, 0x87, 0xFD, 0xC3, 0xFF, 0xC1, 0xCC,
    0xC3, 0xF0, 0x00, 0xFF, 0xE0, 0x0F, 0xF0, 0x03, 0xF8, 0x00, 0x30, 0x00, 0x03, 0xC0, 0x01, 0xE0,
    0x00, 0xF0, 0x00, 0x78, 0x01, 0xFF, 0x81, 0xFF, 0xF1, 0xFF, 0xF9, 0xF7, 0xBE, 0xF3, 0xCF, 0x79,
    0xE3, 0xB8, 0xF1, 0xDC, 0x78, 0xFE, 0x00, 0x7F, 0x00, 0x3F, 0x80, 0x1E, 0x3F, 0xC3, 0xFF, 0x1F,
    0xFC, 0xF1, 0xE7, 0x87, 0xBC, 0x7B, 0xFF, 0xDF, 0xFE, 0xFF, 0xC3, 0xF0, 0x3F, 0xC1, 0xFF, 0x0F,
    0xF8, 0x3C, 0x01, 0xE0, 0x00, 0x00, 0x00, 0x0F, 0x80, 0x3F, 0x81, 0xFF, 0x87, 0xFF, 0x8F, 0xFF,
    0xBD, 0xFF, 0x7B, 0xEE, 0xF7, 0xDF, 0xED, 0xBF, 0xC0, 0x07, 0x80, 0x07, 0x80, 0x0F, 0x80, 0x1F,
    0xFF, 0x3F, 0xFE, 0x7F, 0xFC, 0x1F, 0x03, 0xE1, 0xFC, 0x7F, 0xEF, 0xFD, 0xE7, 0xBC, 0xF7, 0x9E,
    0xFF, 0xDF, 0xF3, 0xFF, 0x79, 0xFF, 0x1F, 0xE7, 0xFF, 0xF7, 0xFE, 0xFF, 0x83, 0xE0, 0x7C, 0x00,
    0x00, 0x0F, 0x87, 0xF8, 0xFF, 0x3E, 0x67, 0x80, 0xF0, 0x1C, 0x03, 0xC0, 0x78, 0x0F, 0xF8, 0xFF,
    0x0F, 0xE0, 0x70, 0xFF, 0x9F, 0xF3, 0xFE, 0x00, 0x20, 0x00, 0x07, 0x00, 0x00, 0xF8, 0x00, 0x1F,
    0xC0, 0x03, 0xFE, 0x00, 0x70, 0x70, 0x0F, 0xF7, 0x81, 0xFF, 0x3C, 0x3F, 0xF7, 0xE7, 0xFC, 0xFF,
    0x7F, 0xDF, 0xF3, 0xF9, 0xFE, 0x1F, 0xFF, 0xC0, 0xFF, 0xF8, 0x07, 0x9F, 0x00, 0x39, 0xE0, 0x01,
    0xFC, 0x00, 0x0F, 0x80, 0x00, 0x70, 0x00, 0x00, 0x00,
};

static const EpdGlyph ubuntu_10_boldGlyphs[] = {
    { 0, 0, 0, 0, 0, 0, 0 }, //  
    { 0, 0, 5, 0, 0, 0, 0 }, // 
    { 0, 0, 5, 0, 0, 0, 0 }, //  
    { 4, 16, 6, 1, 15, 8, 0 }, // !
    { 8, 6, 10, 1, 15, 6, 8 }, // "
    { 13, 15, 13, 0, 15, 25, 14 }, // #
    { 12, 18, 12, 0, 16, 27, 39 }, // $
    { 19, 17, 19, 0, 16, 41, 66 }, // %
    { 16, 17, 16, 0, 16, 34, 107 }, // &
    { 4, 6, 6, 1, 15, 3, 141 }, // '
    { 7, 19, 7, 0, 15, 17, 144 }, // (
    { 7, 19, 7, 0, 15, 17, 161 }, // )
    { 11, 10, 11, 0, 16, 14, 178 }, // *
    { 11, 11, 12, 0, 13, 16, 192 }, // +
    { 5, 6, 6, 0, 3, 4, 208 }, // ,
    { 7, 3, 7, 0, 7, 3, 212 }, // -
    { 4, 5, 6, 1, 4, 3, 215 }, // .
    { 9, 16, 9, 0, 15, 18, 218 }, // /
    { 12, 17, 12, 0, 16, 26, 236 }, // 0
    { 8, 15, 12, 1, 15, 15, 262 }, // 1
    { 12, 16, 12, 0, 16, 24, 277 }, // 2
    { 12, 17, 12, 0, 16, 26, 301 }, // 3
    { 12, 15, 12, 0, 15, 23, 327 }, // 4
    { 10, 16, 12, 1, 15, 20, 350 }, // 5
    { 12, 17, 12, 0, 16, 26, 370 }, // 6
    { 12, 15, 12, 0, 15, 23, 396 }, // 7
    { 12, 17, 12, 0, 16, 26, 419 }, // 8
    { 12, 17, 12, 0, 16, 26, 445 }, // 9
    { 4, 13, 6, 1, 12, 7, 471 }, // :
    { 5, 15, 6, 0, 12, 10, 478 }, // ;
    { 11, 12, 12, 0, 14, 17, 488 }, // <
    { 11, 7, 12, 0, 11, 10, 505 }, // =
    { 11, 12, 12, 0, 14, 17, 515 }, // >
    { 10, 17, 10, 0, 16, 22, 532 }, // ?
    { 18, 17, 19, 0, 15, 39, 554 }, // @
    { 15, 15, 14, 0, 15, 29, 593 }, // A
    { 12, 15, 14, 1, 15, 23, 622 }, // B
    { 12, 17, 13, 1, 16, 26, 645 }, // C
    { 14, 15, 15, 1, 15, 27, 671 }, // D
    { 10, 15, 12, 1, 15, 19, 698 }, // E
    { 10, 15, 11, 1, 15, 19, 717 }, // F
    { 13, 17, 15, 1, 16, 28, 736 }, // G
    { 14, 15, 16, 1, 15, 27, 764 }, // H
    { 8, 15, 8, 0, 15, 15, 791 }, // I
    { 8, 20, 7, -2, 15, 20, 806 }, // J
    { 13, 15, 14, 1, 15, 25, 826 }, // K
    { 10, 15, 12, 1, 15, 19, 851 }, // L
    { 17, 15, 20, 1, 15, 32, 870 }, // M
    { 15, 15, 17, 1, 15, 29, 902 }, // N
    { 15, 17, 16, 1, 16, 32, 931 }, // O
    { 12, 15, 13, 1, 15, 23, 963 }, // P
    { 15, 20, 16, 1, 16, 38, 986 }, // Q
    { 13, 15, 14, 1, 15, 25, 1024 }, // R
    { 11, 17, 11, 0, 16, 24, 1049 }, // S
    { 12, 15, 12, 0, 15, 23, 1073 }, // T
    { 13, 16, 16, 1, 15, 26, 1096 }, // U
    { 14, 15, 14, 0, 15, 27, 1122 }, // V
    { 21, 15, 20, 0, 15, 40, 1149 }, // W
    { 14, 15, 14, 0, 15, 27, 1189 }, // X
    { 14, 15, 13, 0, 15, 27, 1216 }, // Y
    { 12, 15, 12, 0, 15, 23, 1243 }, // Z
    { 6, 19, 7, 1, 15, 15, 1266 }, // [
    { 9, 16, 9, 0, 15, 18, 1281 }, // <backslash>
    { 6, 19, 7, 0, 15, 15, 1299 }, // ]
    { 12, 10, 12, 0, 15, 15, 1314 }, // ^
    { 10, 3, 9, -1, -1, 4, 1329 }, // _
    { 7, 4, 8, 0, 16, 4, 1333 }, // `
    { 11, 13, 12, 0, 12, 18, 1337 }, // a
    { 12, 17, 13, 1, 16, 26, 1355 }, // b
    { 11, 13, 11, 0, 12, 18, 1381 }, // c
    { 12, 17, 13, 0, 16, 26, 1399 }, // d
    { 12, 13, 12, 0, 12, 20, 1425 }, // e
    { 9, 16, 8, 0, 16, 18, 1445 }, // f
    { 12, 17, 13, 0, 12, 26, 1463 }, // g
    { 12, 16, 14, 1, 16, 24, 1489 }, // h
    { 4, 16, 6, 1, 16, 8, 1513 }, // i
    { 7, 21, 6, -2, 16, 19, 1521 }, // j
    { 12, 16, 13, 1, 16, 24, 1540 }, // k
    { 4, 16, 6, 1, 16, 8, 1564 }, // l
    { 18, 12, 20, 1, 12, 27, 1572 }, // m
    { 12, 12, 14, 1, 12, 18, 1599 }, // n
    { 13, 13, 13, 0, 12, 22, 1617 }, // o
    { 12, 17, 13, 1, 12, 26, 1639 }, // p
    { 12, 17, 13, 0, 12, 26, 1665 }, // q
    { 9, 12, 9, 1, 12, 14, 1691 }, // r
    { 10, 13, 10, 0, 12, 17, 1705 }, // s
    { 9, 15, 9, 0, 14, 17, 1722 }, // t
    { 11, 13, 14, 1, 12, 18, 1739 }, // u
    { 12, 12, 12, 0, 12, 18, 1757 }, // v
    { 18, 12, 18, 0, 12, 27, 1775 }, // w
    { 12, 12, 12, 0, 12, 18, 1802 }, // x
    { 12, 17, 12, 0, 12, 26, 1820 }, // y
    { 10, 12, 10, 0, 12, 15, 1846 }, // z
    { 8, 19, 8, 0, 15, 19, 1861 }, // {
    { 3, 21, 11, 4, 16, 8, 1880 }, // |
    { 8, 19, 8, 0, 15, 19, 1888 }, // }
    { 11, 5, 12, 0, 10, 7, 1907 }, // ~
    { 0, 0, 5, 0, 0, 0, 1914 }, //  
    { 4, 16, 6, 1, 12, 8, 1914 }, // ¡
    { 10, 17, 12, 1, 16, 22, 1922 }, // ¢
    { 12, 16, 12, 0, 16, 24, 1944 }, // £
    { 10, 11, 12, 1, 13, 14, 1968 }, // ¤
    { 12, 15, 12, 0, 15, 23, 1982 }, // ¥
    { 3, 21, 11, 4, 16, 8, 2005 }, // ¦
    { 9, 17, 10, 1, 16, 20, 2013 }, // §
    { 8, 4, 12, 2, 16, 4, 2033 }, // ¨
    { 16, 17, 17, 1, 16, 34, 2037 }, // ©
    { 8, 9, 8, 0, 16, 9, 2071 }, // ª
    { 12, 11, 13, 0, 11, 17, 2080 }, // «
    { 11, 7, 12, 0, 9, 10, 2097 }, // ¬
    { 7, 3, 7, 0, 7, 3, 2107 }, // ­
    { 16, 17, 17, 1, 16, 34, 2110 }, // ®
    { 12, 3, 10, -1, 18, 5, 2144 }, // ¯
    { 8, 8, 9, 0, 16, 8, 2149 }, // °
    { 11, 14, 12, 0, 14, 20, 2157 }, // ±
    { 8, 10, 8, 0, 18, 10, 2177 }, // ²
    { 8, 10, 8, 0, 18, 10, 2187 }, // ³
    { 7, 4, 8, 0, 16, 4, 2197 }, // ´
    { 12, 17, 14, 1, 12, 26, 2201 }, // µ
    { 11, 19, 14, 1, 16, 27, 2227 }, // ¶
    { 4, 5, 6, 1, 10, 3, 2254 }, // ·
    { 6, 5, 5, 0, 0, 4, 2257 }, // ¸
    { 6, 10, 8, 0, 18, 8, 2261 }, // ¹
    { 8, 9, 8, 0, 16, 9, 2269 }, // º
    { 12, 11, 13, 0, 11, 17, 2278 }, // »
    { 18, 15, 17, 0, 15, 34, 2295 }, // ¼
    { 18, 15, 18, 0, 15, 34, 2329 }, // ½
    { 18, 16, 18, 0, 16, 36, 2363 }, // ¾
    { 10, 16, 10, 0, 12, 20, 2399 }, // ¿
    { 15, 20, 14, 0, 20, 38, 2419 }, // À
    { 15, 20, 14, 0, 20, 38, 2457 }, // Á
    { 15, 20, 14, 0, 20, 38, 2495 }, // Â
    { 15, 20, 14, 0, 20, 38, 2533 }, // Ã
    { 15, 20, 14, 0, 20, 38, 2571 }, // Ä
    { 15, 19, 14, 0, 19, 36, 2609 }, // Å
    { 19, 15, 20, 0, 15, 36, 2645 }, // Æ
    { 12, 21, 13, 1, 16, 32, 2681 }, // Ç
    { 10, 20, 12, 1, 20, 25, 2713 }, // È
    { 10, 20, 12, 1, 20, 25, 2738 }, // É
    { 10, 20, 12, 1, 20, 25, 2763 }, // Ê
    { 10, 20, 12, 1, 20, 25, 2788 }, // Ë
    { 8, 20, 8, 0, 20, 20, 2813 }, // Ì
    { 8, 20, 8, 0, 20, 20, 2833 }, // Í
    { 10, 20, 8, -1, 20, 25, 2853 }, // Î
    { 8, 20, 8, 0, 20, 20, 2878 }, // Ï
    { 15, 15, 15, 0, 15, 29, 2898 }, // Ð
    { 15, 20, 17, 1, 20, 38, 2927 }, // Ñ
    { 15, 21, 16, 1, 20, 40, 2965 }, // Ò
    { 15, 21, 16, 1, 20, 40, 3005 }, // Ó
    { 15, 21, 16, 1, 20, 40, 3045 }, // Ô
    { 15, 21, 16, 1, 20, 40, 3085 }, // Õ
    { 15, 21, 16, 1, 20, 40, 3125 }, // Ö
    { 10, 10, 12, 1, 12, 13, 3165 }, // ×
    { 15, 17, 16, 1, 16, 32, 3178 }, // Ø
    { 13, 21, 16, 1, 20, 35, 3210 }, // Ù
    { 13, 21, 16, 1, 20, 35, 3245 }, // Ú
    { 13, 21, 16, 1, 20, 35, 3280 }, // Û
    { 13, 21, 16, 1, 20, 35, 3315 }, // Ü
    { 14, 20, 13, 0, 20, 35, 3350 }, // Ý
    { 12, 15, 13, 1, 15, 23, 3385 }, // Þ
    { 13, 17, 15, 1, 16, 28, 3408 }, // ß
    { 11, 17, 12, 0, 16, 24, 3436 }, // à
    { 11, 17, 12, 0, 16, 24, 3460 }, // á
    { 11, 17, 12, 0, 16, 24, 3484 }, // â
    { 11, 17, 12, 0, 16, 24, 3508 }, // ã
    { 11, 17, 12, 0, 16, 24, 3532 }, // ä
    { 11, 19, 12, 0, 18, 27, 3556 }, // å
    { 19, 13, 19, 0, 12, 31, 3583 }, // æ
    { 11, 17, 11, 0, 12, 24, 3614 }, // ç
    { 12, 17, 12, 0, 16, 26, 3638 }, // è
    { 12, 17, 12, 0, 16, 26, 3664 }, // é
    { 12, 17, 12, 0, 16, 26, 3690 }, // ê
    { 12, 17, 12, 0, 16, 26, 3716 }, // ë
    { 7, 16, 6, -1, 16, 14, 3742 }, // ì
    { 7, 16, 6, 1, 16, 14, 3756 }, // í
    { 10, 16, 6, -2, 16, 20, 3770 }, // î
    { 8, 16, 6, -1, 16, 16, 3790 }, // ï
    { 12, 17, 13, 1, 16, 26, 3806 }, // ð
    { 12, 16, 14, 1, 16, 24, 3832 }, // ñ
    { 13, 17, 13, 0, 16, 28, 3856 }, // ò
    { 13, 17, 13, 0, 16, 28, 3884 }, // ó
    { 13, 17, 13, 0, 16, 28, 3912 }, // ô
    { 13, 17, 13, 0, 16, 28, 3940 }, // õ
    { 13, 17, 13, 0, 16, 28, 3968 }, // ö
    { 11, 11, 12, 0, 13, 16, 3996 }, // ÷
    { 12, 13, 13, 0, 12, 20, 4012 }, // ø
    { 11, 17, 14, 1, 16, 24, 4032 }, // ù
    { 11, 17, 14, 1, 16, 24, 4056 }, // ú
    { 11, 17, 14, 1, 16, 24, 4080 }, // û
    { 11, 17, 14, 1, 16, 24, 4104 }, // ü
    { 12, 21, 12, 0, 16, 32, 4128 }, // ý
    { 12, 21, 13, 1, 16, 32, 4160 }, // þ
    { 12, 21, 12, 0, 16, 32, 4192 }, // ÿ
    { 15, 19, 14, 0, 19, 36, 4224 }, // Ā
    { 11, 16, 12, 0, 15, 22, 4260 }, // ā
    { 15, 21, 14, 0, 21, 40, 4282 }, // Ă
    { 11, 18, 12, 0, 17, 25, 4322 }, // ă
    { 15, 20, 14, 0, 15, 38, 4347 }, // Ą
    { 12, 17, 12, 0, 12, 26, 4385 }, // ą
    { 12, 21, 13, 1, 20, 32, 4411 }, // Ć
    { 11, 17, 11, 0, 16, 24, 4443 }, // ć
    { 12, 21, 13, 1, 20, 32, 4467 }, // Ĉ
    { 11, 17, 11, 0, 16, 24, 4499 }, // ĉ
    { 12, 21, 13, 1, 20, 32, 4523 }, // Ċ
    { 11, 17, 11, 0, 16, 24, 4555 }, // ċ
    { 12, 21, 13, 1, 20, 32, 4579 }, // Č
    { 11, 17, 11, 0, 16, 24, 4611 }, // č
    { 14, 20, 15, 1, 20, 35, 4635 }, // Ď
    { 17, 17, 13, 0, 16, 37, 4670 }, // ď
    { 15, 15, 15, 0, 15, 29, 4707 }, // Đ
    { 14, 17, 13, 0, 16, 30, 4736 }, // đ
    { 10, 19, 12, 1, 19, 24, 4766 }, // Ē
    { 12, 16, 12, 0, 15, 24, 4790 }, // ē
    { 10, 21, 12, 1, 21, 27, 4814 }, // Ĕ
    { 12, 18, 12, 0, 17, 27, 4841 }, // ĕ
    { 10, 20, 12, 1, 20, 25, 4868 }, // Ė
    { 12, 17, 12, 0, 16, 26, 4893 }, // ė
    { 10, 20, 12, 1, 15, 25, 4919 }, // Ę
    { 12, 17, 12, 0, 12, 26, 4944 }, // ę
    { 10, 20, 12, 1, 20, 25, 4970 }, // Ě
    { 12, 17, 12, 0, 16, 26, 4995 }, // ě
    { 13, 21, 15, 1, 20, 35, 5021 }, // Ĝ
    { 12, 21, 13, 0, 16, 32, 5056 }, // ĝ
    { 13, 22, 15, 1, 21, 36, 5088 }, // Ğ
    { 12, 22, 13, 0, 17, 33, 5124 }, // ğ
    { 13, 21, 15, 1, 20, 35, 5157 }, // Ġ
    { 12, 21, 13, 0, 16, 32, 5192 }, // ġ
    { 13, 21, 15, 1, 16, 35, 5224 }, // Ģ
    { 12, 21, 13, 0, 16, 32, 5259 }, // ģ
    { 14, 20, 16, 1, 20, 35, 5291 }, // Ĥ
    { 15, 20, 14, -2, 20, 38, 5326 }, // ĥ
    { 16, 15, 16, 0, 15, 30, 5364 }, // Ħ
    { 13, 16, 14, 0, 16, 26, 5394 }, // ħ
    { 9, 20, 8, -1, 20, 23, 5420 }, // Ĩ
    { 9, 16, 6, -1, 16, 18, 5443 }, // ĩ
    { 8, 19, 8, 0, 19, 19, 5461 }, // Ī
    { 8, 15, 6, -1, 15, 15, 5480 }, // ī
    { 9, 21, 8, 0, 21, 24, 5495 }, // Ĭ
    { 9, 17, 6, -1, 17, 20, 5519 }, // ĭ
    { 8, 20, 8, 0, 15, 20, 5539 }, // Į
    { 5, 21, 6, 0, 16, 14, 5559 }, // į
    { 8, 20, 8, 0, 20, 20, 5573 }, // İ
    { 4, 12, 6, 1, 12, 6, 5593 }, // ı
    { 14, 20, 15, 0, 15, 35, 5599 }, // Ĳ
    { 11, 21, 13, 1, 16, 29, 5634 }, // ĳ
    { 10, 25, 7, -2, 20, 32, 5663 }, // Ĵ
    { 10, 21, 6, -2, 16, 27, 5695 }, // ĵ
    { 13, 20, 14, 1, 15, 33, 5722 }, // Ķ
    { 12, 21, 13, 1, 16, 32, 5755 }, // ķ
    { 12, 12, 13, 1, 12, 18, 5787 }, // ĸ
    { 10, 20, 12, 1, 20, 25, 5805 }, // Ĺ
    { 7, 20, 6, 1, 20, 18, 5830 }, // ĺ
    { 10, 20, 12, 1, 15, 25, 5848 }, // Ļ
    { 4, 21, 6, 1, 16, 11, 5873 }, // ļ
    { 11, 15, 12, 1, 15, 21, 5884 }, // Ľ
    { 9, 16, 6, 1, 16, 18, 5905 }, // ľ
    { 10, 15, 12, 1, 15, 19, 5923 }, // Ŀ
    { 8, 16, 8, 1, 16, 16, 5942 }, // ŀ
    { 12, 15, 12, 0, 15, 23, 5958 }, // Ł
    { 8, 16, 6, -1, 16, 16, 5981 }, // ł
    { 15, 20, 17, 1, 20, 38, 5997 }, // Ń
    { 12, 16, 14, 1, 16, 24, 6035 }, // ń
    { 15, 20, 17, 1, 15, 38, 6059 }, // Ņ
    { 12, 17, 14, 1, 12, 26, 6097 }, // ņ
    { 15, 20, 17, 1, 20, 38, 6123 }, // Ň
    { 12, 16, 14, 1, 16, 24, 6161 }, // ň
    { 16, 15, 16, -1, 15, 30, 6185 }, // ŉ
    { 15, 20, 17, 1, 15, 38, 6215 }, // Ŋ
    { 12, 17, 14, 1, 12, 26, 6253 }, // ŋ
    { 15, 20, 16, 1, 19, 38, 6279 }, // Ō
    { 13, 16, 13, 0, 15, 26, 6317 }, // ō
    { 15, 22, 16, 1, 21, 42, 6343 }, // Ŏ
    { 13, 18, 13, 0, 17, 30, 6385 }, // ŏ
    { 15, 21, 16, 1, 20, 40, 6415 }, // Ő
    { 13, 17, 13, 0, 16, 28, 6455 }, // ő
    { 19, 17, 20, 1, 16, 41, 6483 }, // Œ
    { 20, 13, 20, 0, 12, 33, 6524 }, // œ
    { 13, 20, 14, 1, 20, 33, 6557 }, // Ŕ
    { 9, 16, 9, 1, 16, 18, 6590 }, // ŕ
    { 13, 20, 14, 1, 15, 33, 6608 }, // Ŗ
    { 9, 17, 9, 1, 12, 20, 6641 }, // ŗ
    { 13, 20, 14, 1, 20, 33, 6661 }, // Ř
    { 10, 16, 9, 0, 16, 20, 6694 }, // ř
    { 11, 21, 11, 0, 20, 29, 6714 }, // Ś
    { 10, 17, 10, 0, 16, 22, 6743 }, // ś
    { 11, 21, 11, 0, 20, 29, 6765 }, // Ŝ
    { 10, 17, 10, 0, 16, 22, 6794 }, // ŝ
    { 11, 21, 11, 0, 16, 29, 6816 }, // Ş
    { 10, 17, 10, 0, 12, 22, 6845 }, // ş
    { 11, 21, 11, 0, 20, 29, 6867 }, // Š
    { 10, 17, 10, 0, 16, 22, 6896 }, // š
    { 12, 20, 12, 0, 15, 30, 6918 }, // Ţ
    { 9, 19, 9, 0, 14, 22, 6948 }, // ţ
    { 12, 20, 12, 0, 20, 30, 6970 }, // Ť
    { 12, 17, 9, 0, 16, 26, 7000 }, // ť
    { 12, 15, 12, 0, 15, 23, 7026 }, // Ŧ
    { 9, 15, 9, 0, 14, 17, 7049 }, // ŧ
    { 13, 21, 16, 1, 20, 35, 7066 }, // Ũ
    { 11, 17, 14, 1, 16, 24, 7101 }, // ũ
    { 13, 20, 16, 1, 19, 33, 7125 }, // Ū
    { 11, 16, 14, 1, 15, 22, 7158 }, // ū
    { 13, 22, 16, 1, 21, 36, 7180 }, // Ŭ
    { 11, 18, 14, 1, 17, 25, 7216 }, // ŭ
    { 13, 23, 16, 1, 22, 38, 7241 }, // Ů
    { 11, 19, 14, 1, 18, 27, 7279 }, // ů
    { 13, 21, 16, 1, 20, 35, 7306 }, // Ű
    { 11, 17, 14, 1, 16, 24, 7341 }, // ű
    { 13, 20, 16, 1, 15, 33, 7365 }, // Ų
    { 11, 17, 14, 1, 12, 24, 7398 }, // ų
    { 21, 20, 20, 0, 20, 53, 7422 }, // Ŵ
    { 18, 16, 18, 0, 16, 36, 7475 }, // ŵ
    { 14, 20, 13, 0, 20, 35, 7511 }, // Ŷ
    { 12, 21, 12, 0, 16, 32, 7546 }, // ŷ
    { 14, 20, 13, 0, 20, 35, 7578 }, // Ÿ
    { 12, 20, 12, 0, 20, 30, 7613 }, // Ź
    { 10, 16, 10, 0, 16, 20, 7643 }, // ź
    { 12, 20, 12, 0, 20, 30, 7663 }, // Ż
    { 10, 16, 10, 0, 16, 20, 7693 }, // ż
    { 12, 20, 12, 0, 20, 30, 7713 }, // Ž
    { 10, 16, 10, 0, 16, 20, 7743 }, // ž
    { 8, 16, 8, 1, 16, 16, 7763 }, // ſ
    { 13, 17, 13, 0, 16, 28, 7779 }, // ƀ
    { 16, 15, 16, 0, 15, 30, 7807 }, // Ɓ
    { 12, 15, 13, 1, 15, 23, 7837 }, // Ƃ
    { 12, 17, 13, 1, 16, 26, 7860 }, // ƃ
    { 12, 16, 14, 1, 15, 24, 7886 }, // Ƅ
    { 12, 17, 13, 1, 16, 26, 7910 }, // ƅ
    { 13, 17, 13, 0, 16, 28, 7936 }, // Ɔ
    { 14, 20, 13, 1, 19, 35, 7964 }, // Ƈ
    { 13, 17, 11, 0, 16, 28, 7999 }, // ƈ
    { 15, 15, 15, 0, 15, 29, 8027 }, // Ɖ
    { 17, 15, 18, 0, 15, 32, 8056 }, // Ɗ
    { 12, 15, 13, 0, 15, 23, 8088 }, // Ƌ
    { 12, 17, 13, 0, 16, 26, 8111 }, // ƌ
    { 12, 17, 13, 1, 12, 26, 8137 }, // ƍ
    { 9, 15, 12, 1, 15, 17, 8163 }, // Ǝ
    { 15, 17, 17, 1, 16, 32, 8180 }, // Ə
    { 13, 17, 14, 0, 16, 28, 8212 }, // Ɛ
    { 15, 21, 14, -1, 15, 40, 8240 }, // Ƒ
    { 12, 22, 11, 0, 16, 33, 8280 }, // ƒ
    { 15, 20, 15, 1, 19, 38, 8313 }, // Ɠ
    { 14, 20, 14, 0, 15, 35, 8351 }, // Ɣ
    { 19, 17, 21, 1, 16, 41, 8386 }, // ƕ
    { 8, 16, 8, 1, 15, 16, 8427 }, // Ɩ
    { 8, 15, 8, 0, 15, 15, 8443 }, // Ɨ
    { 13, 16, 14, 1, 16, 26, 8458 }, // Ƙ
    { 12, 16, 13, 1, 16, 24, 8484 }, // ƙ
    { 7, 16, 7, 0, 16, 14, 8508 }, // ƚ
    { 13, 17, 13, 0, 16, 28, 8522 }, // ƛ
    { 19, 16, 22, 1, 15, 38, 8550 }, // Ɯ
    { 17, 20, 17, -1, 15, 43, 8588 }, // Ɲ
    { 11, 17, 14, 1, 12, 24, 8631 }, // ƞ
    { 15, 17, 16, 1, 16, 32, 8655 }, // Ɵ
    { 17, 17, 17, 1, 16, 37, 8687 }, // Ơ
    { 15, 15, 14, 0, 14, 29, 8724 }, // ơ
    { 21, 17, 23, 1, 16, 45, 8753 }, // Ƣ
    { 18, 17, 19, 0, 12, 39, 8798 }, // ƣ
    { 15, 15, 16, 0, 15, 29, 8837 }, // Ƥ
    { 12, 21, 13, 1, 16, 32, 8866 }, // ƥ
    { 13, 18, 14, 1, 15, 30, 8898 }, // Ʀ
    { 11, 17, 12, 0, 16, 24, 8928 }, // Ƨ
    { 10, 13, 10, 0, 12, 17, 8952 }, // ƨ
    { 12, 15, 12, 0, 15, 23, 8969 }, // Ʃ
    { 11, 22, 9, -1, 17, 31, 8992 }, // ƪ
    { 9, 19, 9, 0, 14, 22, 9023 }, // ƫ
    { 13, 15, 13, 0, 15, 25, 9045 }, // Ƭ
    { 9, 17, 9, 0, 16, 20, 9070 }, // ƭ
    { 12, 20, 12, 0, 15, 30, 9090 }, // Ʈ
    { 18, 17, 18, 1, 16, 39, 9120 }, // Ư
    { 16, 15, 16, 1, 14, 30, 9159 }, // ư
    { 16, 16, 16, 0, 15, 32, 9189 }, // Ʊ
    { 13, 17, 16, 1, 16, 28, 9221 }, // Ʋ
    { 14, 16, 13, 0, 16, 28, 9249 }, // Ƴ
    { 13, 17, 13, 0, 12, 28, 9277 }, // ƴ
    { 12, 15, 12, 0, 15, 23, 9305 }, // Ƶ
    { 10, 12, 10, 0, 12, 15, 9328 }, // ƶ
    { 12, 16, 12, 0, 15, 24, 9343 }, // Ʒ
    { 12, 16, 12, 0, 15, 24, 9367 }, // Ƹ
    { 12, 17, 12, 0, 12, 26, 9391 }, // ƹ
    { 10, 17, 12, 1, 12, 22, 9417 }, // ƺ
    { 12, 16, 12, 0, 16, 24, 9439 }, // ƻ
    { 12, 16, 12, 0, 15, 24, 9463 }, // Ƽ
    { 11, 13, 12, 0, 12, 18, 9487 }, // ƽ
    { 10, 15, 10, 0, 14, 19, 9505 }, // ƾ
    { 12, 17, 13, 1, 12, 26, 9524 }, // ƿ
    { 4, 16, 6, 1, 16, 8, 9550 }, // ǀ
    { 9, 16, 11, 1, 16, 18, 9558 }, // ǁ
    { 9, 16, 11, 1, 16, 18, 9576 }, // ǂ
    { 4, 16, 6, 1, 15, 8, 9594 }, // ǃ
    { 26, 20, 27, 1, 20, 65, 9602 }, // Ǆ
    { 25, 16, 26, 1, 16, 50, 9667 }, // ǅ
    { 23, 17, 23, 0, 16, 49, 9717 }, // ǆ
    { 16, 20, 19, 1, 15, 40, 9766 }, // Ǉ
    { 16, 21, 18, 1, 16, 42, 9806 }, // ǈ
    { 11, 21, 13, 1, 16, 29, 9848 }, // ǉ
    { 21, 20, 24, 1, 15, 53, 9877 }, // Ǌ
    { 21, 21, 23, 1, 16, 56, 9930 }, // ǋ
    { 18, 21, 20, 1, 16, 48, 9986 }, // ǌ
    { 15, 20, 14, 0, 20, 38, 10034 }, // Ǎ
    { 11, 17, 12, 0, 16, 24, 10072 }, // ǎ
    { 10, 20, 8, -1, 20, 25, 10096 }, // Ǐ
    { 10, 16, 6, -2, 16, 20, 10121 }, // ǐ
    { 15, 21, 16, 1, 20, 40, 10141 }, // Ǒ
    { 13, 17, 13, 0, 16, 28, 10181 }, // ǒ
    { 13, 21, 16, 1, 20, 35, 10209 }, // Ǔ
    { 11, 17, 14, 1, 16, 24, 10244 }, // ǔ
    { 13, 23, 16, 1, 22, 38, 10268 }, // Ǖ
    { 11, 19, 14, 1, 18, 27, 10306 }, // ǖ
    { 13, 23, 16, 1, 22, 38, 10333 }, // Ǘ
    { 11, 20, 14, 1, 19, 28, 10371 }, // ǘ
    { 13, 23, 16, 1, 22, 38, 10399 }, // Ǚ
    { 11, 20, 14, 1, 19, 28, 10437 }, // ǚ
    { 13, 23, 16, 1, 22, 38, 10465 }, // Ǜ
    { 11, 20, 14, 1, 19, 28, 10503 }, // ǜ
    { 12, 13, 12, 0, 12, 20, 10531 }, // ǝ
    { 15, 22, 14, 0, 22, 42, 10551 }, // Ǟ
    { 11, 19, 12, 0, 18, 27, 10593 }, // ǟ
    { 15, 22, 14, 0, 22, 42, 10620 }, // Ǡ
    { 11, 19, 12, 0, 18, 27, 10662 }, // ǡ
    { 19, 19, 20, 0, 19, 46, 10689 }, // Ǣ
    { 19, 16, 19, 0, 15, 38, 10735 }, // ǣ
    { 14, 17, 15, 1, 16, 30, 10773 }, // Ǥ
    { 13, 17, 13, 0, 12, 28, 10803 }, // ǥ
    { 13, 21, 15, 1, 20, 35, 10831 }, // Ǧ
    { 12, 21, 13, 0, 16, 32, 10866 }, // ǧ
    { 13, 20, 14, 1, 20, 33, 10898 }, // Ǩ
    { 15, 20, 13, -2, 20, 38, 10931 }, // ǩ
    { 15, 21, 16, 1, 16, 40, 10969 }, // Ǫ
    { 13, 17, 13, 0, 12, 28, 11009 }, // ǫ
    { 15, 24, 16, 1, 19, 45, 11037 }, // Ǭ
    { 13, 20, 13, 0, 15, 33, 11082 }, // ǭ
    { 12, 21, 12, 0, 20, 32, 11115 }, // Ǯ
    { 12, 21, 12, 0, 16, 32, 11147 }, // ǯ
    { 10, 21, 6, -2, 16, 27, 11179 }, // ǰ
    { 26, 15, 27, 1, 15, 49, 11206 }, // Ǳ
    { 24, 15, 26, 1, 15, 45, 11255 }, // ǲ
    { 23, 17, 23, 0, 16, 49, 11300 }, // ǳ
    { 13, 21, 15, 1, 20, 35, 11349 }, // Ǵ
    { 12, 21, 13, 0, 16, 32, 11384 }, // ǵ
    { 20, 16, 22, 1, 15, 40, 11416 }, // Ƕ
    { 13, 21, 14, 1, 16, 35, 11456 }, // Ƿ
    { 15, 20, 17, 1, 20, 38, 11491 }, // Ǹ
    { 12, 16, 14, 1, 16, 24, 11529 }, // ǹ
    { 15, 20, 14, 0, 20, 38, 11553 }, // Ǻ
    { 11, 22, 12, 0, 21, 31, 11591 }, // ǻ
    { 19, 20, 20, 0, 20, 48, 11622 }, // Ǽ
    { 19, 17, 19, 0, 16, 41, 11670 }, // ǽ
    { 15, 21, 16, 1, 20, 40, 11711 }, // Ǿ
    { 12, 17, 13, 0, 16, 26, 11751 }, // ǿ
    { 15, 20, 14, 0, 20, 38, 11777 }, // Ȁ
    { 11, 17, 12, 0, 16, 24, 11815 }, // ȁ
    { 15, 21, 14, 0, 21, 40, 11839 }, // Ȃ
    { 11, 18, 12, 0, 17, 25, 11879 }, // ȃ
    { 11, 20, 12, 0, 20, 28, 11904 }, // Ȅ
    { 12, 17, 12, 0, 16, 26, 11932 }, // ȅ
    { 10, 21, 12, 1, 21, 27, 11958 }, // Ȇ
    { 12, 18, 12, 0, 17, 27, 11985 }, // ȇ
    { 10, 20, 8, -2, 20, 25, 12012 }, // Ȉ
    { 10, 16, 6, -3, 16, 20, 12037 }, // ȉ
    { 9, 21, 8, 0, 21, 24, 12057 }, // Ȋ
    { 9, 17, 6, -1, 17, 20, 12081 }, // ȋ
    { 15, 21, 16, 1, 20, 40, 12101 }, // Ȍ
    { 13, 17, 13, 0, 16, 28, 12141 }, // ȍ
    { 15, 22, 16, 1, 21, 42, 12169 }, // Ȏ
    { 13, 18, 13, 0, 17, 30, 12211 }, // ȏ
    { 13, 20, 14, 1, 20, 33, 12241 }, // Ȑ
    { 11, 16, 9, -1, 16, 22, 12274 }, // ȑ
    { 13, 21, 14, 1, 21, 35, 12296 }, // Ȓ
    { 9, 17, 9, 1, 17, 20, 12331 }, // ȓ
    { 13, 21, 16, 1, 20, 35, 12351 }, // Ȕ
    { 11, 17, 14, 1, 16, 24, 12386 }, // ȕ
    { 13, 22, 16, 1, 21, 36, 12410 }, // Ȗ
    { 11, 18, 14, 1, 17, 25, 12446 }, // ȗ
    { 11, 21, 11, 0, 16, 29, 12471 }, // Ș
    { 10, 17, 10, 0, 12, 22, 12500 }, // ș
    { 12, 20, 12, 0, 15, 30, 12522 }, // Ț
    { 9, 19, 9, 0, 14, 22, 12552 }, // ț
    { 13, 20, 13, 0, 16, 33, 12574 }, // Ȝ
    { 10, 17, 11, 0, 12, 22, 12607 }, // ȝ
    { 14, 20, 16, 1, 20, 35, 12629 }, // Ȟ
    { 15, 20, 14, -2, 20, 38, 12664 }, // ȟ
    { 14, 21, 16, 1, 16, 37, 12702 }, // Ƞ
    { 19, 19, 18, 0, 16, 46, 12739 }, // ȡ
    { 14, 16, 16, 1, 15, 28, 12785 }, // Ȣ
    { 13, 17, 13, 0, 16, 28, 12813 }, // ȣ
    { 12, 21, 12, 0, 15, 32, 12841 }, // Ȥ
    { 10, 17, 10, 0, 12, 22, 12873 }, // ȥ
    { 15, 20, 14, 0, 20, 38, 12895 }, // Ȧ
    { 11, 17, 12, 0, 16, 24, 12933 }, // ȧ
    { 10, 20, 12, 1, 15, 25, 12957 }, // Ȩ
    { 12, 17, 12, 0, 12, 26, 12982 }, // ȩ
    { 15, 23, 16, 1, 22, 44, 13008 }, // Ȫ
    { 13, 19, 13, 0, 18, 31, 13052 }, // ȫ
    { 15, 23, 16, 1, 22, 44, 13083 }, // Ȭ
    { 13, 19, 13, 0, 18, 31, 13127 }, // ȭ
    { 15, 21, 16, 1, 20, 40, 13158 }, // Ȯ
    { 13, 17, 13, 0, 16, 28, 13198 }, // ȯ
    { 15, 23, 16, 1, 22, 44, 13226 }, // Ȱ
    { 13, 19, 13, 0, 18, 31, 13270 }, // ȱ
    { 14, 19, 13, 0, 19, 34, 13301 }, // Ȳ
    { 12, 20, 12, 0, 15, 30, 13335 }, // ȳ
    { 10, 17, 9, 0, 16, 22, 13365 }, // ȴ
    { 16, 13, 16, 1, 12, 26, 13387 }, // ȵ
    { 10, 15, 9, 0, 14, 19, 13413 }, // ȶ
    { 7, 17, 6, -2, 12, 15, 13432 }, // ȷ
    { 20, 17, 20, 0, 16, 43, 13447 }, // ȸ
    { 20, 18, 20, 0, 12, 45, 13490 }, // ȹ
    { 15, 18, 14, 0, 16, 34, 13535 }, // Ⱥ
    { 12, 18, 13, 1, 16, 27, 13569 }, // Ȼ
    { 11, 21, 11, 0, 16, 29, 13596 }, // ȼ
    { 11, 15, 12, 0, 15, 21, 13625 }, // Ƚ
    { 13, 18, 12, 0, 16, 30, 13646 }, // Ⱦ
    { 10, 17, 10, 0, 12, 22, 13676 }, // ȿ
    { 11, 17, 10, 0, 12, 24, 13698 }, // ɀ
    { 10, 16, 10, 0, 16, 20, 13722 }, // Ɂ
    { 10, 12, 10, 0, 12, 15, 13742 }, // ɂ
    { 13, 15, 14, 0, 15, 25, 13757 }, // Ƀ
    { 16, 16, 16, 0, 15, 32, 13782 }, // Ʉ
    { 14, 15, 14, 0, 15, 27, 13814 }, // Ʌ
    { 10, 18, 12, 1, 16, 23, 13841 }, // Ɇ
    { 12, 15, 12, 0, 13, 23, 13864 }, // ɇ
    { 9, 20, 7, -2, 15, 23, 13887 }, // Ɉ
    { 9, 21, 6, -2, 16, 24, 13910 }, // ɉ
    { 16, 21, 16, 1, 16, 42, 13934 }, // Ɋ
    { 14, 17, 13, 0, 12, 30, 13976 }, // ɋ
    { 14, 15, 14, 0, 15, 27, 14006 }, // Ɍ
    { 10, 12, 9, 0, 12, 15, 14033 }, // ɍ
    { 14, 15, 13, 0, 15, 27, 14048 }, // Ɏ
    { 12, 17, 12, 0, 12, 26, 14075 }, // ɏ
    { 15, 21, 14, 0, 15, 40, 14101 }, // Ḁ
    { 11, 18, 12, 0, 12, 25, 14141 }, // ḁ
    { 12, 20, 14, 1, 20, 30, 14166 }, // Ḃ
    { 12, 21, 13, 1, 20, 32, 14196 }, // ḃ
    { 12, 20, 14, 1, 15, 30, 14228 }, // Ḅ
    { 12, 21, 13, 1, 16, 32, 14258 }, // ḅ
    { 12, 19, 14, 1, 15, 29, 14290 }, // Ḇ
    { 12, 20, 13, 1, 16, 30, 14319 }, // ḇ
    { 12, 25, 13, 1, 20, 38, 14349 }, // Ḉ
    { 11, 21, 11, 0, 16, 29, 14387 }, // ḉ
    { 14, 20, 15, 1, 20, 35, 14416 }, // Ḋ
    { 12, 21, 13, 0, 20, 32, 14451 }, // ḋ
    { 14, 20, 15, 1, 15, 35, 14483 }, // Ḍ
    { 12, 21, 13, 0, 16, 32, 14518 }, // ḍ
    { 14, 19, 15, 1, 15, 34, 14550 }, // Ḏ
    { 12, 20, 13, 0, 16, 30, 14584 }, // ḏ
    { 14, 20, 15, 1, 15, 35, 14614 }, // Ḑ
    { 12, 21, 13, 0, 16, 32, 14649 }, // ḑ
    { 14, 20, 15, 1, 15, 35, 14681 }, // Ḓ
    { 12, 21, 13, 0, 16, 32, 14716 }, // ḓ
    { 10, 23, 12, 1, 23, 29, 14748 }, // Ḕ
    { 12, 20, 12, 0, 19, 30, 14777 }, // ḕ
    { 10, 23, 12, 1, 23, 29, 14807 }, // Ḗ
    { 12, 20, 12, 0, 19, 30, 14836 }, // ḗ
    { 10, 20, 12, 1, 15, 25, 14866 }, // Ḙ
    { 12, 17, 12, 0, 12, 26, 14891 }, // ḙ
    { 10, 20, 12, 1, 15, 25, 14917 }, // Ḛ
    { 12, 17, 12, 0, 12, 26, 14942 }, // ḛ
    { 10, 26, 12, 1, 21, 33, 14968 }, // Ḝ
    { 12, 22, 12, 0, 17, 33, 15001 }, // ḝ
    { 10, 20, 11, 1, 20, 25, 15034 }, // Ḟ
    { 9, 21, 8, 0, 21, 24, 15059 }, // ḟ
    { 13, 20, 15, 1, 19, 33, 15083 }, // Ḡ
    { 12, 20, 13, 0, 15, 30, 15116 }, // ḡ
    { 14, 20, 16, 1, 20, 35, 15146 }, // Ḣ
    { 12, 20, 14, 1, 20, 30, 15181 }, // ḣ
    { 14, 20, 16, 1, 15, 35, 15211 }, // Ḥ
    { 12, 21, 14, 1, 16, 32, 15246 }, // ḥ
    { 14, 20, 16, 1, 20, 35, 15278 }, // Ḧ
    { 14, 20, 14, -1, 20, 35, 15313 }, // ḧ
    { 14, 20, 16, 1, 15, 35, 15348 }, // Ḩ
    { 13, 21, 14, 0, 16, 35, 15383 }, // ḩ
    { 14, 20, 16, 1, 15, 35, 15418 }, // Ḫ
    { 12, 21, 14, 1, 16, 32, 15453 }, // ḫ
    { 10, 20, 8, -1, 15, 25, 15485 }, // Ḭ
    { 9, 21, 6, -1, 16, 24, 15510 }, // ḭ
    { 8, 22, 8, 0, 22, 22, 15534 }, // Ḯ
    { 9, 19, 6, -1, 19, 22, 15556 }, // ḯ
    { 13, 20, 14, 1, 20, 33, 15578 }, // Ḱ
    { 12, 20, 13, 1, 20, 30, 15611 }, // ḱ
    { 13, 20, 14, 1, 15, 33, 15641 }, // Ḳ
    { 12, 21, 13, 1, 16, 32, 15674 }, // ḳ
    { 13, 19, 14, 1, 15, 31, 15706 }, // Ḵ
    { 12, 20, 13, 1, 16, 30, 15737 }, // ḵ
    { 10, 20, 12, 1, 15, 25, 15767 }, // Ḷ
    { 4, 21, 6, 1, 16, 11, 15792 }, // ḷ
    { 12, 24, 12, -1, 19, 36, 15803 }, // Ḹ
    { 8, 24, 6, -1, 19, 24, 15839 }, // ḹ
    { 10, 19, 12, 1, 15, 24, 15863 }, // Ḻ
    { 8, 20, 6, -1, 16, 20, 15887 }, // ḻ
    { 10, 20, 12, 1, 15, 25, 15907 }, // Ḽ
    { 10, 21, 6, -2, 16, 27, 15932 }, // ḽ
    { 17, 20, 20, 1, 20, 43, 15959 }, // Ḿ
    { 18, 16, 20, 1, 16, 36, 16002 }, // ḿ
    { 17, 20, 20, 1, 20, 43, 16038 }, // Ṁ
    { 18, 16, 20, 1, 16, 36, 16081 }, // ṁ
    { 17, 20, 20, 1, 15, 43, 16117 }, // Ṃ
    { 18, 17, 20, 1, 12, 39, 16160 }, // ṃ
    { 15, 20, 17, 1, 20, 38, 16199 }, // Ṅ
    { 12, 16, 14, 1, 16, 24, 16237 }, // ṅ
    { 15, 20, 17, 1, 15, 38, 16261 }, // Ṇ
    { 12, 17, 14, 1, 12, 26, 16299 }, // ṇ
    { 15, 19, 17, 1, 15, 36, 16325 }, // Ṉ
    { 12, 16, 14, 1, 12, 24, 16361 }, // ṉ
    { 15, 20, 17, 1, 15, 38, 16385 }, // Ṋ
    { 12, 17, 14, 1, 12, 26, 16423 }, // ṋ
    { 15, 23, 16, 1, 22, 44, 16449 }, // Ṍ
    { 13, 20, 13, 0, 19, 33, 16493 }, // ṍ
    { 15, 23, 16, 1, 22, 44, 16526 }, // Ṏ
    { 13, 19, 13, 0, 18, 31, 16570 }, // ṏ
    { 15, 24, 16, 1, 23, 45, 16601 }, // Ṑ
    { 13, 20, 13, 0, 19, 33, 16646 }, // ṑ
    { 15, 24, 16, 1, 23, 45, 16679 }, // Ṓ
    { 13, 20, 13, 0, 19, 33, 16724 }, // ṓ
    { 12, 20, 13, 1, 20, 30, 16757 }, // Ṕ
    { 12, 21, 13, 1, 16, 32, 16787 }, // ṕ
    { 12, 20, 13, 1, 20, 30, 16819 }, // Ṗ
    { 12, 21, 13, 1, 16, 32, 16849 }, // ṗ
    { 13, 20, 14, 1, 20, 33, 16881 }, // Ṙ
    { 9, 16, 9, 1, 16, 18, 16914 }, // ṙ
    { 13, 20, 14, 1, 15, 33, 16932 }, // Ṛ
    { 9, 17, 9, 1, 12, 20, 16965 }, // ṛ
    { 13, 24, 14, 1, 19, 39, 16985 }, // Ṝ
    { 9, 20, 9, 1, 15, 23, 17024 }, // ṝ
    { 13, 19, 14, 1, 15, 31, 17047 }, // Ṟ
    { 11, 16, 9, -1, 12, 22, 17078 }, // ṟ
    { 11, 21, 11, 0, 20, 29, 17100 }, // Ṡ
    { 10, 17, 10, 0, 16, 22, 17129 }, // ṡ
    { 11, 21, 11, 0, 16, 29, 17151 }, // Ṣ
    { 10, 17, 10, 0, 12, 22, 17180 }, // ṣ
    { 11, 21, 11, 0, 20, 29, 17202 }, // Ṥ
    { 10, 17, 10, 0, 16, 22, 17231 }, // ṥ
    { 11, 23, 11, 0, 22, 32, 17253 }, // Ṧ
    { 10, 19, 10, 0, 18, 24, 17285 }, // ṧ
    { 11, 25, 11, 0, 20, 35, 17309 }, // Ṩ
    { 10, 21, 10, 0, 16, 27, 17344 }, // ṩ
    { 12, 20, 12, 0, 20, 30, 17371 }, // Ṫ
    { 9, 19, 9, 0, 18, 22, 17401 }, // ṫ
    { 12, 20, 12, 0, 15, 30, 17423 }, // Ṭ
    { 9, 19, 9, 0, 14, 22, 17453 }, // ṭ
    { 12, 19, 12, 0, 15, 29, 17475 }, // Ṯ
    { 9, 18, 9, 0, 14, 21, 17504 }, // ṯ
    { 12, 20, 12, 0, 15, 30, 17525 }, // Ṱ
    { 10, 19, 9, 0, 14, 24, 17555 }, // ṱ
    { 13, 20, 16, 1, 15, 33, 17579 }, // Ṳ
    { 11, 17, 14, 1, 12, 24, 17612 }, // ṳ
    { 13, 20, 16, 1, 15, 33, 17636 }, // Ṵ
    { 11, 17, 14, 1, 12, 24, 17669 }, // ṵ
    { 13, 20, 16, 1, 15, 33, 17693 }, // Ṷ
    { 11, 17, 14, 1, 12, 24, 17726 }, // ṷ
    { 13, 23, 16, 1, 22, 38, 17750 }, // Ṹ
    { 11, 20, 14, 1, 19, 28, 17788 }, // ṹ
    { 13, 23, 16, 1, 22, 38, 17816 }, // Ṻ
    { 11, 19, 14, 1, 18, 27, 17854 }, // ṻ
    { 14, 20, 14, 0, 20, 35, 17881 }, // Ṽ
    { 12, 16, 12, 0, 16, 24, 17916 }, // ṽ
    { 14, 20, 14, 0, 15, 35, 17940 }, // Ṿ
    { 12, 17, 12, 0, 12, 26, 17975 }, // ṿ
    { 21, 20, 20, 0, 20, 53, 18001 }, // Ẁ
    { 18, 16, 18, 0, 16, 36, 18054 }, // ẁ
    { 21, 20, 20, 0, 20, 53, 18090 }, // Ẃ
    { 18, 16, 18, 0, 16, 36, 18143 }, // ẃ
    { 21, 20, 20, 0, 20, 53, 18179 }, // Ẅ
    { 18, 16, 18, 0, 16, 36, 18232 }, // ẅ
    { 21, 20, 20, 0, 20, 53, 18268 }, // Ẇ
    { 18, 16, 18, 0, 16, 36, 18321 }, // ẇ
    { 21, 20, 20, 0, 15, 53, 18357 }, // Ẉ
    { 18, 17, 18, 0, 12, 39, 18410 }, // ẉ
    { 14, 20, 14, 0, 20, 35, 18449 }, // Ẋ
    { 12, 16, 12, 0, 16, 24, 18484 }, // ẋ
    { 14, 20, 14, 0, 20, 35, 18508 }, // Ẍ
    { 12, 16, 12, 0, 16, 24, 18543 }, // ẍ
    { 14, 20, 13, 0, 20, 35, 18567 }, // Ẏ
    { 12, 21, 12, 0, 16, 32, 18602 }, // ẏ
    { 12, 20, 12, 0, 20, 30, 18634 }, // Ẑ
    { 10, 16, 10, 0, 16, 20, 18664 }, // ẑ
    { 12, 20, 12, 0, 15, 30, 18684 }, // Ẓ
    { 10, 17, 10, 0, 12, 22, 18714 }, // ẓ
    { 12, 19, 12, 0, 15, 29, 18736 }, // Ẕ
    { 10, 16, 10, 0, 12, 20, 18765 }, // ẕ
    { 12, 20, 14, 1, 16, 30, 18785 }, // ẖ
    { 9, 19, 9, 0, 18, 22, 18815 }, // ẗ
    { 18, 18, 18, 0, 18, 41, 18837 }, // ẘ
    { 12, 23, 12, 0, 18, 35, 18878 }, // ẙ
    { 14, 18, 13, 0, 17, 32, 18913 }, // ẚ
    { 8, 20, 8, 1, 20, 20, 18945 }, // ẛ
    { 10, 16, 8, -1, 16, 20, 18965 }, // ẜ
    { 9, 16, 8, 0, 16, 18, 18985 }, // ẝ
    { 15, 17, 16, 1, 16, 32, 19003 }, // ẞ
    { 12, 17, 13, 0, 16, 26, 19035 }, // ẟ
    { 15, 20, 14, 0, 15, 38, 19061 }, // Ạ
    { 11, 17, 12, 0, 12, 24, 19099 }, // ạ
    { 15, 22, 14, 0, 22, 42, 19123 }, // Ả
    { 11, 19, 12, 0, 18, 27, 19165 }, // ả
    { 15, 21, 14, 0, 21, 40, 19192 }, // Ấ
    { 13, 18, 12, 0, 17, 30, 19232 }, // ấ
    { 15, 21, 14, 0, 21, 40, 19262 }, // Ầ
    { 12, 18, 12, -1, 17, 27, 19302 }, // ầ
    { 15, 22, 14, 0, 22, 42, 19329 }, // Ẩ
    { 13, 20, 12, 0, 19, 33, 19371 }, // ẩ
    { 15, 22, 14, 0, 22, 42, 19404 }, // Ẫ
    { 11, 20, 12, 0, 19, 28, 19446 }, // ẫ
    { 15, 25, 14, 0, 20, 47, 19474 }, // Ậ
    { 11, 21, 12, 0, 16, 29, 19521 }, // ậ
    { 15, 22, 14, 0, 22, 42, 19550 }, // Ắ
    { 11, 19, 12, 0, 18, 27, 19592 }, // ắ
    { 15, 22, 14, 0, 22, 42, 19619 }, // Ằ
    { 11, 19, 12, 0, 18, 27, 19661 }, // ằ
    { 15, 22, 14, 0, 22, 42, 19688 }, // Ẳ
    { 11, 20, 12, 0, 19, 28, 19730 }, // ẳ
    { 15, 22, 14, 0, 22, 42, 19758 }, // Ẵ
    { 11, 20, 12, 0, 19, 28, 19800 }, // ẵ
    { 15, 26, 14, 0, 21, 49, 19828 }, // Ặ
    { 11, 22, 12, 0, 17, 31, 19877 }, // ặ
    { 10, 20, 12, 1, 15, 25, 19908 }, // Ẹ
    { 12, 17, 12, 0, 12, 26, 19933 }, // ẹ
    { 10, 22, 12, 1, 22, 28, 19959 }, // Ẻ
    { 12, 19, 12, 0, 18, 29, 19987 }, // ẻ
    { 10, 20, 12, 1, 20, 25, 20016 }, // Ẽ
    { 12, 17, 12, 0, 16, 26, 20041 }, // ẽ
    { 12, 21, 12, 1, 21, 32, 20067 }, // Ế
    { 14, 18, 12, 0, 17, 32, 20099 }, // ế
    { 13, 21, 12, -2, 21, 35, 20131 }, // Ề
    { 13, 18, 12, -1, 17, 30, 20166 }, // ề
    { 11, 22, 12, 1, 22, 31, 20196 }, // Ể
    { 13, 20, 12, 0, 19, 33, 20227 }, // ể
    { 10, 22, 12, 1, 22, 28, 20260 }, // Ễ
    { 12, 20, 12, 0, 19, 30, 20288 }, // ễ
    { 10, 25, 12, 1, 20, 32, 20318 }, // Ệ
    { 12, 21, 12, 0, 16, 32, 20350 }, // ệ
    { 8, 21, 8, 0, 21, 21, 20382 }, // Ỉ
    { 5, 18, 6, 1, 18, 12, 20403 }, // ỉ
    { 8, 20, 8, 0, 15, 20, 20415 }, // Ị
    { 4, 21, 6, 1, 16, 11, 20435 }, // ị
    { 15, 21, 16, 1, 16, 40, 20446 }, // Ọ
    { 13, 17, 13, 0, 12, 28, 20486 }, // ọ
    { 15, 22, 16, 1, 21, 42, 20514 }, // Ỏ
    { 13, 19, 13, 0, 18, 31, 20556 }, // ỏ
    { 15, 22, 16, 1, 21, 42, 20587 }, // Ố
    { 14, 18, 13, 0, 17, 32, 20629 }, // ố
    { 15, 22, 16, 1, 21, 42, 20661 }, // Ồ
    { 14, 18, 13, -1, 17, 32, 20703 }, // ồ
    { 15, 23, 16, 1, 22, 44, 20735 }, // Ổ
    { 13, 20, 13, 0, 19, 33, 20779 }, // ổ
    { 15, 23, 16, 1, 22, 44, 20812 }, // Ỗ
    { 13, 20, 13, 0, 19, 33, 20856 }, // ỗ
    { 15, 25, 16, 1, 20, 47, 20889 }, // Ộ
    { 13, 21, 13, 0, 16, 35, 20936 }, // ộ
    { 17, 21, 17, 1, 20, 45, 20971 }, // Ớ
    { 15, 17, 14, 0, 16, 32, 21016 }, // ớ
    { 17, 21, 17, 1, 20, 45, 21048 }, // Ờ
    { 15, 17, 14, 0, 16, 32, 21093 }, // ờ
    { 17, 23, 17, 1, 22, 49, 21125 }, // Ở
    { 15, 19, 14, 0, 18, 36, 21174 }, // ở
    { 17, 21, 17, 1, 20, 45, 21210 }, // Ỡ
    { 15, 17, 14, 0, 16, 32, 21255 }, // ỡ
    { 17, 21, 17, 1, 16, 45, 21287 }, // Ợ
    { 15, 19, 14, 0, 14, 36, 21332 }, // ợ
    { 13, 20, 16, 1, 15, 33, 21368 }, // Ụ
    { 11, 17, 14, 1, 12, 24, 21401 }, // ụ
    { 13, 22, 16, 1, 21, 36, 21425 }, // Ủ
    { 11, 19, 14, 1, 18, 27, 21461 }, // ủ
    { 18, 21, 18, 1, 20, 48, 21488 }, // Ứ
    { 16, 17, 16, 1, 16, 34, 21536 }, // ứ
    { 18, 21, 18, 1, 20, 48, 21570 }, // Ừ
    { 16, 17, 16, 1, 16, 34, 21618 }, // ừ
    { 18, 22, 18, 1, 21, 50, 21652 }, // Ử
    { 16, 19, 16, 1, 18, 38, 21702 }, // ử
    { 18, 21, 18, 1, 20, 48, 21740 }, // Ữ
    { 16, 17, 16, 1, 16, 34, 21788 }, // ữ
    { 18, 21, 18, 1, 16, 48, 21822 }, // Ự
    { 16, 19, 16, 1, 14, 38, 21870 }, // ự
    { 14, 20, 13, 0, 20, 35, 21908 }, // Ỳ
    { 12, 21, 12, 0, 16, 32, 21943 }, // ỳ
    { 14, 20, 13, 0, 15, 35, 21975 }, // Ỵ
    { 12, 17, 12, 0, 12, 26, 22010 }, // ỵ
    { 14, 21, 13, 0, 21, 37, 22036 }, // Ỷ
    { 12, 23, 12, 0, 18, 35, 22073 }, // ỷ
    { 14, 20, 13, 0, 20, 35, 22108 }, // Ỹ
    { 12, 21, 12, 0, 16, 32, 22143 }, // ỹ
    { 17, 15, 18, 1, 15, 32, 22175 }, // Ỻ
    { 13, 16, 13, 0, 16, 26, 22207 }, // ỻ
    { 14, 17, 16, 1, 16, 30, 22233 }, // Ỽ
    { 12, 17, 13, 0, 16, 26, 22263 }, // ỽ
    { 14, 16, 14, 0, 15, 28, 22289 }, // Ỿ
    { 13, 17, 12, -1, 12, 28, 22317 }, // ỿ
    { 0, 0, 10, 0, 0, 0, 22345 }, //  
    { 0, 0, 21, 0, 0, 0, 22345 }, //  
    { 0, 0, 10, 0, 0, 0, 22345 }, //  
    { 0, 0, 21, 0, 0, 0, 22345 }, //  
    { 0, 0, 7, 0, 0, 0, 22345 }, //  
    { 0, 0, 5, 0, 0, 0, 22345 }, //  
    { 0, 0, 3, 0, 0, 0, 22345 }, //  
    { 0, 0, 12, 0, 0, 0, 22345 }, //  
    { 0, 0, 6, 0, 0, 0, 22345 }, //  
    { 0, 0, 3, 0, 0, 0, 22345 }, //  
    { 0, 0, 2, 0, 0, 0, 22345 }, //  
    { 0, 0, 0, 0, 0, 0, 22345 }, // ​
    { 0, 0, 0, 0, 0, 0, 22345 }, // ‌
    { 0, 0, 0, 0, 0, 0, 22345 }, // ‍
    { 6, 18, 0, -1, 15, 14, 22345 }, // ‎
    { 6, 18, 0, -5, 15, 14, 22359 }, // ‏
    { 7, 3, 7, 0, 7, 3, 22373 }, // ‐
    { 7, 3, 7, 0, 7, 3, 22376 }, // ‑
    { 12, 3, 12, 0, 9, 5, 22379 }, // ‒
    { 10, 3, 10, 0, 7, 4, 22384 }, // –
    { 21, 3, 21, 0, 7, 8, 22388 }, // —
    { 21, 3, 21, 0, 7, 8, 22396 }, // ―
    { 9, 21, 11, 1, 16, 24, 22404 }, // ‖
    { 10, 5, 9, -1, 0, 7, 22428 }, // ‗
    { 5, 6, 5, 0, 15, 4, 22435 }, // ‘
    { 5, 6, 5, 0, 15, 4, 22439 }, // ’
    { 5, 6, 6, 0, 3, 4, 22443 }, // ‚
    { 5, 6, 5, 0, 15, 4, 22447 }, // ‛
    { 10, 6, 9, 0, 15, 8, 22451 }, // “
    { 10, 6, 9, 0, 15, 8, 22459 }, // ”
    { 10, 6, 11, 0, 3, 8, 22467 }, // „
    { 10, 6, 9, 0, 15, 8, 22475 }, // ‟
    { 9, 16, 11, 1, 16, 18, 22483 }, // †
    { 9, 16, 11, 1, 16, 18, 22501 }, // ‡
    { 6, 7, 8, 1, 11, 6, 22519 }, // •
    { 7, 9, 8, 1, 12, 8, 22525 }, // ‣
    { 5, 5, 10, 3, 4, 4, 22533 }, // ․
    { 10, 5, 12, 1, 4, 7, 22537 }, // ‥
    { 16, 5, 18, 1, 4, 10, 22544 }, // …
    { 4, 5, 6, 1, 8, 3, 22554 }, // ‧
    { 0, 0, 13, 0, 0, 0, 22557 }, //  
    { 0, 0, 13, 0, 0, 0, 22557 }, //  
    { 6, 16, 0, -1, 13, 12, 22557 }, // ‪
    { 6, 16, 0, -5, 13, 12, 22569 }, // ‫
    { 6, 18, 0, -3, 15, 14, 22581 }, // ‬
    { 6, 18, 0, -3, 15, 14, 22595 }, // ‭
    { 6, 18, 0, -3, 15, 14, 22609 }, // ‮
    { 0, 0, 3, 0, 0, 0, 22623 }, //  
    { 27, 17, 27, 0, 16, 58, 22623 }, // ‰
    { 35, 17, 35, 0, 16, 75, 22681 }, // ‱
    { 7, 6, 6, 0, 15, 6, 22756 }, // ′
    { 12, 6, 11, 0, 15, 9, 22762 }, // ″
    { 16, 6, 16, 0, 15, 12, 22771 }, // ‴
    { 6, 6, 9, 1, 15, 5, 22783 }, // ‵
    { 11, 6, 13, 1, 15, 9, 22788 }, // ‶
    { 15, 6, 18, 1, 15, 12, 22797 }, // ‷
    { 9, 7, 9, 0, 2, 8, 22809 }, // ‸
    { 7, 11, 8, 0, 11, 10, 22817 }, // ‹
    { 7, 11, 8, 0, 11, 10, 22827 }, // ›
    { 16, 17, 18, 1, 16, 34, 22837 }, // ※
    { 10, 16, 12, 1, 15, 20, 22871 }, // ‼
    { 10, 17, 10, 0, 16, 22, 22891 }, // ‽
    { 12, 3, 10, -1, 18, 5, 22913 }, // ‾
    { 13, 5, 13, 0, 0, 9, 22918 }, // ‿
    { 13, 5, 13, 0, 17, 9, 22927 }, // ⁀
    { 9, 14, 9, 0, 9, 16, 22936 }, // ⁁
    { 24, 20, 23, 0, 16, 60, 22952 }, // ⁂
    { 6, 3, 7, 1, 7, 3, 23012 }, // ⁃
    { 11, 15, 3, -4, 15, 21, 23015 }, // ⁄
    { 6, 19, 7, 1, 15, 15, 23036 }, // ⁅
    { 6, 19, 7, 0, 15, 15, 23051 }, // ⁆
    { 20, 17, 20, 0, 16, 43, 23066 }, // ⁇
    { 15, 17, 16, 0, 16, 32, 23109 }, // ⁈
    { 15, 17, 16, 1, 16, 32, 23141 }, // ⁉
    { 11, 12, 12, 0, 12, 17, 23173 }, // ⁊
    { 12, 19, 14, 1, 16, 29, 23190 }, // ⁋
    { 11, 12, 14, 1, 12, 17, 23219 }, // ⁌
    { 12, 12, 14, 1, 12, 18, 23236 }, // ⁍
    { 11, 10, 11, 0, 6, 14, 23254 }, // ⁎
    { 5, 15, 6, 1, 12, 10, 23268 }, // ⁏
    { 13, 22, 13, 0, 17, 36, 23278 }, // ⁐
    { 11, 21, 11, 0, 16, 29, 23314 }, // ⁑
    { 9, 17, 9, 0, 16, 20, 23343 }, // ⁒
    { 21, 4, 21, 0, 8, 11, 23363 }, // ⁓
    { 13, 5, 13, 0, 0, 9, 23374 }, // ⁔
    { 12, 11, 12, 0, 11, 17, 23383 }, // ⁕
    { 10, 17, 12, 1, 16, 22, 23400 }, // ⁖
    { 20, 6, 19, 0, 15, 15, 23422 }, // ⁗
    { 16, 17, 18, 1, 16, 34, 23437 }, // ⁘
    { 16, 17, 18, 1, 16, 34, 23471 }, // ⁙
    { 4, 17, 6, 1, 16, 9, 23505 }, // ⁚
    { 13, 18, 14, 1, 17, 30, 23514 }, // ⁛
    { 17, 17, 18, 0, 16, 37, 23544 }, // ⁜
    { 4, 17, 6, 1, 16, 9, 23581 }, // ⁝
    { 4, 17, 6, 1, 16, 9, 23590 }, // ⁞
    { 0, 0, 5, 0, 0, 0, 23599 }, //  
    { 0, 0, 13, 0, 0, 0, 23599 }, // ⁠
    { 0, 0, 13, 0, 0, 0, 23599 }, // ⁡
    { 0, 0, 13, 0, 0, 0, 23599 }, // ⁢
    { 0, 0, 13, 0, 0, 0, 23599 }, // ⁣
    { 0, 0, 13, 0, 0, 0, 23599 }, // ⁤
    { 0, 0, 0, 0, 0, 0, 23599 }, // ⁦
    { 0, 0, 0, 0, 0, 0, 23599 }, // ⁧
    { 0, 0, 0, 0, 0, 0, 23599 }, // ⁨
    { 0, 0, 0, 0, 0, 0, 23599 }, // ⁩
    { 6, 18, 0, -3, 15, 14, 23599 }, // ⁪
    { 6, 18, 0, -3, 15, 14, 23613 }, // ⁫
    { 6, 18, 0, -3, 15, 14, 23627 }, // ⁬
    { 6, 18, 0, -3, 15, 14, 23641 }, // ⁭
    { 6, 18, 0, -3, 15, 14, 23655 }, // ⁮
    { 6, 18, 0, -3, 15, 14, 23669 }, // ⁯
    { 12, 16, 12, 0, 16, 24, 23683 }, // ₠
    { 13, 18, 13, 0, 16, 30, 23707 }, // ₡
    { 12, 17, 12, 0, 16, 26, 23737 }, // ₢
    { 11, 15, 12, 0, 15, 21, 23763 }, // ₣
    { 12, 16, 12, 0, 16, 24, 23784 }, // ₤
    { 18, 17, 20, 1, 14, 39, 23808 }, // ₥
    { 12, 15, 12, 0, 15, 23, 23847 }, // ₦
    { 17, 16, 19, 1, 15, 34, 23870 }, // ₧
    { 18, 16, 19, 1, 15, 36, 23904 }, // ₨
    { 16, 15, 15, 0, 15, 30, 23940 }, // ₩
    { 17, 15, 19, 1, 15, 32, 23970 }, // ₪
    { 14, 20, 13, 0, 16, 35, 24002 }, // ₫
    { 12, 16, 12, 0, 15, 24, 24037 }, // €
    { 12, 15, 12, 0, 15, 23, 24061 }, // ₭
    { 12, 15, 12, 0, 15, 23, 24084 }, // ₮
    { 21, 21, 21, 0, 16, 56, 24107 }, // ₯
    { 12, 21, 13, 0, 16, 32, 24163 }, // ₰
    { 12, 15, 12, 0, 15, 23, 24195 }, // ₱
    { 13, 18, 15, 1, 16, 30, 24218 }, // ₲
    { 14, 15, 14, 0, 15, 27, 24248 }, // ₳
    { 12, 17, 12, 0, 16, 26, 24275 }, // ₴
    { 12, 18, 13, 1, 16, 27, 24301 }, // ₵
    { 14, 15, 15, 0, 14, 27, 24328 }, // ₶
    { 15, 18, 15, 0, 16, 34, 24355 }, // ₷
    { 12, 15, 12, 0, 15, 23, 24389 }, // ₸
    { 10, 15, 12, 1, 15, 19, 24412 }, // ₹
    { 12, 16, 12, 0, 15, 24, 24431 }, // ₺
    { 17, 17, 17, 0, 16, 37, 24455 }, // ₻
    { 17, 15, 18, 1, 15, 32, 24492 }, // ₼
    { 13, 15, 13, 0, 15, 25, 24524 }, // ₽
    { 15, 17, 16, 1, 17, 32, 24549 }, // ₾
    { 11, 20, 12, 1, 17, 28, 24581 }, // ₿
    { 11, 16, 11, 0, 12, 22, 24609 }, // ⃀
    { 20, 20, 21, 0, 16, 50, 24631 }, // �
};

static const EpdUnicodeInterval ubuntu_10_boldIntervals[] = {
    { 0x0, 0x0, 0x0 },
    { 0xD, 0xD, 0x1 },
    { 0x20, 0x7E, 0x2 },
    { 0xA0, 0xFF, 0x61 },
    { 0x100, 0x17F, 0xC1 },
    { 0x180, 0x24F, 0x141 },
    { 0x1E00, 0x1EFF, 0x211 },
    { 0x2000, 0x2064, 0x311 },
    { 0x2066, 0x206F, 0x376 },
    { 0x20A0, 0x20C0, 0x380 },
    { 0xFFFD, 0xFFFD, 0x3A1 },
};

static const EpdFontData ubuntu_10_bold = {
    ubuntu_10_boldBitmaps,
    ubuntu_10_boldGlyphs,
    ubuntu_10_boldIntervals,
    11,
    28,
    23,
    -7,
    false,
};
